iteracion,valor_coste
0,47922.07244752368
1,47922.07244752375
2,47922.07244752371
3,47922.07244752372
4,47922.072447523715
5,47922.07244752372
6,47922.0724475237
7,47922.072447523664
8,47922.07244752365
9,47922.072750967316
10,47922.072290467906
11,47922.072581170614
12,47922.07284463102
13,47922.07304159721
14,47922.07232682236
15,47922.072313487864
16,47922.07158669103
17,47922.07247914254
18,47922.07239036682
19,47922.072418680225
20,47922.07248048574
21,47922.07160104416
22,47922.07235148483
23,47922.07236721922
24,47922.07249374134
25,47922.07234568887
26,47922.07172812716
27,47922.072673451374
28,47922.07192154362
29,47922.0723280862
30,47922.07254487072
31,47922.07245189208
32,47922.07240550655
33,47922.07197918772
34,47922.07243089681
35,47922.0724610861
36,47922.072071560964
37,47922.07262491859
38,47922.07177313569
39,47922.07251910418
40,47922.07195756167
41,47922.072763986645
42,47922.072349143724
43,47922.07248295647
44,47922.072512731225
45,47922.07262178113
46,47922.072328149836
47,47922.072770264436
48,47922.073318158094
49,4335971.421875
50,4335971.421875
51,4335971.421874999
52,4335971.421875
53,4335971.421875
54,4335971.421875
55,4335971.421875
56,4335971.421875
57,4335971.421875
58,4335971.421875
59,4335971.421874999
60,4335971.421874999
61,4335971.421875
62,4335971.421875
63,4335971.421875
64,4335971.421875
65,4335971.421875
66,4335971.421875
67,4335971.421875
68,4335971.421875
69,4335971.421875
70,4335971.421875
71,4335971.421875
72,4335971.421875
73,4335971.421875
74,4335971.421875
75,4335971.421875
76,4335971.421875
77,4335971.421875
78,4335971.421875
79,4335971.421875
80,4335971.421875
81,4335971.421874999
82,4335971.421875
83,4335971.421875
84,4335971.421875
85,4335971.421875
86,4335971.421875
87,4335971.421875
88,4335971.421875
89,4335971.421875
90,4335971.421875
91,4335971.421875
92,4335971.421875
93,4335971.421875
94,4335971.421875
95,4335971.421875
96,4335971.421874999
97,4335971.421875
98,760552.9847548277
99,760552.9847548278
100,760552.9847548278
101,760552.9847548275
102,760552.9847548276
103,760552.9847548276
104,760552.9847548277
105,760552.9847548276
106,760552.9847548279
107,760552.9713666256
108,760552.9833529238
109,760552.9830093577
110,760552.9837769363
111,760552.9843294459
112,760552.9860810506
113,760552.9918859957
114,760552.9854048183
115,760552.9862269786
116,760552.9850055829
117,760552.9867384378
118,760552.9842936601
119,760552.9866345637
120,760552.9903093788
121,760552.9865040169
122,760552.9867879272
123,760552.9839852285
124,760552.9873737692
125,760552.980347802
126,760552.9891996506
127,760552.9847999625
128,760552.9846513695
129,760552.9842090387
130,760552.9885083336
131,760552.9849600116
132,760552.985020174
133,760552.9847435226
134,760552.9832267795
135,760552.9859148423
136,760552.9865486902
137,760552.9778384132
138,760552.9871278594
139,760552.9838014233
140,760552.9850079109
141,760552.9847441207
142,760552.9854475677
143,760552.9843538895
144,760552.9852915526
145,760552.9839848616
146,760552.981269731
147,39569.240857106655
148,39569.2408571066
149,39569.24085710659
150,39569.24085710663
151,39569.2408571066
152,39569.24085710662
153,39569.240857106604
154,39569.24085710658
155,39569.24085710661
156,39569.24061910822
157,39569.24099680285
158,39569.24091223401
159,39569.240832604526
160,39569.24041702018
161,39569.240694064945
162,39569.241204643666
163,39569.240649325395
164,39569.24096308786
165,39569.240942994235
166,39569.240903842634
167,39569.24083464153
168,39569.24127549455
169,39569.24074948876
170,39569.24091607252
171,39569.240900824705
172,39569.240882837126
173,39569.24149505449
174,39569.24087185981
175,39569.24073278811
176,39569.24083759691
177,39569.2408225507
178,39569.24090174968
179,39569.240874026975
180,39569.24085073307
181,39569.240833719436
182,39569.24086683477
183,39569.24079307038
184,39569.2408470145
185,39569.2407524564
186,39569.2410462418
187,39569.24101534845
188,39569.24060468198
189,39569.2407758779
190,39569.24084521202
191,39569.24085921806
192,39569.24082040728
193,39569.24082526684
194,39569.24059267037
195,39569.24041667503
196,37098.84148362547
197,37098.841483625496
198,37098.84148362548
199,37098.841483625525
200,37098.84148362552
201,37098.84148362552
202,37098.84148362553
203,37098.84148362554
204,37098.84148362551
205,37098.84134701637
206,37098.84158592499
207,37098.841507672325
208,37098.84153592582
209,37098.84118375176
210,37098.841238750276
211,37098.84168725326
212,37098.84123146937
213,37098.84157184369
214,37098.84155598628
215,37098.841530729114
216,37098.84145544788
217,37098.841636274374
218,37098.84139499769
219,37098.8415362345
220,37098.841497117326
221,37098.84157798045
222,37098.84185101107
223,37098.84150517298
224,37098.84135038964
225,37098.84145398838
226,37098.841464704994
227,37098.8415371761
228,37098.84150993233
229,37098.84142808404
230,37098.84145139399
231,37098.84148016808
232,37098.84141944463
233,37098.8414572661
234,37098.84136484891
235,37098.84160111279
236,37098.841581233166
237,37098.84131574169
238,37098.84139764043
239,37098.84147065495
240,37098.84150739761
241,37098.84147820406
242,37098.84144674635
243,37098.84125729504
244,37098.84138460796
245,31282.79440861425
246,31282.79440861423
247,31282.79440861421
248,31282.794408614223
249,31282.79440861426
250,31282.794408614216
251,31282.794408614274
252,31282.794408614227
253,31282.794408614238
254,31282.794560355935
255,31282.794493108024
256,31282.794211478835
257,31282.794742475493
258,31282.7944328374
259,31282.79395135894
260,31282.79413409561
261,31282.7941668188
262,31282.794417396184
263,31282.794433123996
264,31282.794515430793
265,31282.79432124539
266,31282.794002275827
267,31282.794440105397
268,31282.794517048118
269,31282.794405086453
270,31282.79456293536
271,31282.79426620916
272,31282.794599157893
273,31282.794224967747
274,31282.794349509943
275,31282.794436693977
276,31282.794533572494
277,31282.794483649865
278,31282.794242061475
279,31282.79431472369
280,31282.794367549282
281,31282.79418486256
282,31282.794312701597
283,31282.79429335989
284,31282.794145831507
285,31282.79436094254
286,31282.79448705932
287,31282.79429853682
288,31282.794380862055
289,31282.794526941583
290,31282.79442156599
291,31282.794413377822
292,31282.794247787762
293,31282.795067445488
294,26819.936837554545
295,26819.936837554425
296,26819.936837554425
297,26819.936837554447
298,26819.936837554444
299,26819.936837554484
300,26819.936837554436
301,26819.936837554505
302,26819.93683755448
303,26819.9371787133
304,26819.937041929887
305,26819.936327316038
306,26819.937222439705
307,26819.937037319567
308,26819.936573776544
309,26819.936042974026
310,26819.93676350298
311,26819.936816408284
312,26819.936798151142
313,26819.93703040808
314,26819.936699083348
315,26819.93617697266
316,26819.93698128268
317,26819.936998000114
318,26819.93698934689
319,26819.93682509161
320,26819.936488526368
321,26819.937156328928
322,26819.93667299737
323,26819.93676539474
324,26819.936904490027
325,26819.937019970643
326,26819.93698142868
327,26819.936796462796
328,26819.93670690386
329,26819.936779428597
330,26819.93639841067
331,26819.936787058734
332,26819.936811259773
333,26819.93618714452
334,26819.936682470558
335,26819.937060321765
336,26819.936727792512
337,26819.936790892403
338,26819.937018837747
339,26819.93674700334
340,26819.936914550057
341,26819.936855418593
342,26819.937817668113
343,20584.84736089294
344,20584.84736089294
345,20584.84736089295
346,20584.847360892913
347,20584.847360892945
348,20584.84736089292
349,20584.847360892923
350,20584.847360892913
351,20584.847360892934
352,20584.847728438064
353,20584.847469601926
354,20584.846931019263
355,20584.847514282123
356,20584.84768998891
357,20584.84735545815
358,20584.84677928043
359,20584.847405688808
360,20584.847301333768
361,20584.847316037314
362,20584.84747774876
363,20584.847293054918
364,20584.84671273871
365,20584.847433071347
366,20584.8474803316
367,20584.84746006459
368,20584.84740464818
369,20584.846962228323
370,20584.847462322203
371,20584.847310725123
372,20584.84729133978
373,20584.847432454822
374,20584.847456682684
375,20584.847481621022
376,20584.847384485325
377,20584.84731672306
378,20584.84733551852
379,20584.846965524604
380,20584.847466712024
381,20584.84728437011
382,20584.84686863183
383,20584.847279578044
384,20584.8474715993
385,20584.847302996495
386,20584.84732282567
387,20584.84746209273
388,20584.847145902928
389,20584.84743826273
390,20584.847574260784
391,20584.84798033045
392,13166.261247718438
393,13166.261247718412
394,13166.261247718454
395,13166.26124771843
396,13166.261247718432
397,13166.26124771841
398,13166.261247718438
399,13166.26124771842
400,13166.261247718397
401,13166.261387476676
402,13166.26114579469
403,13166.261214966637
404,13166.261494309854
405,13166.26131223401
406,13166.260984355593
407,13166.261402176566
408,13166.261386552958
409,13166.261271927606
410,13166.261268449709
411,13166.261185446103
412,13166.261217612957
413,13166.261553208355
414,13166.261171549557
415,13166.261263400913
416,13166.261053330121
417,13166.261443297934
418,13166.261456064847
419,13166.261331399775
420,13166.26106288973
421,13166.261290343238
422,13166.261287499361
423,13166.261205277291
424,13166.26131619756
425,13166.26112631235
426,13166.261326572203
427,13166.261281197623
428,13166.261099214316
429,13166.261162501733
430,13166.261447181138
431,13166.261184396362
432,13166.261338959906
433,13166.261154835824
434,13166.26125804746
435,13166.261263683858
436,13166.261248292736
437,13166.260910504847
438,13166.261247555763
439,13166.261329906109
440,13166.260729289554
441,10996.733846644782
442,10996.733846644804
443,10996.733846644804
444,10996.733846644793
445,10996.733846644807
446,10996.733846644793
447,10996.733846644787
448,10996.73384664478
449,10996.733846644784
450,10996.733737032833
451,10996.733799246123
452,10996.733788865871
453,10996.733918584956
454,10996.733965745854
455,10996.733821128073
456,10996.733844717806
457,10996.73384057095
458,10996.733885635535
459,10996.733843240712
460,10996.733810611384
461,10996.73388072282
462,10996.733840015073
463,10996.733827494176
464,10996.733861386172
465,10996.733827675025
466,10996.733883768913
467,10996.733859021753
468,10996.733783013759
469,10996.733830085424
470,10996.73386896349
471,10996.733869803184
472,10996.733817636037
473,10996.733869759364
474,10996.733741873022
475,10996.733872562105
476,10996.73385840327
477,10996.733759180011
478,10996.733888979645
479,10996.733811588561
480,10996.733855993394
481,10996.733780762404
482,10996.73389149567
483,10996.733879477919
484,10996.733844922655
485,10996.733853536314
486,10996.733738641604
487,10996.733833408556
488,10996.733946203125
489,10996.733879273577
490,10536.074152116418
491,10536.074152116411
492,10536.074152116418
493,10536.074152116431
494,10536.07415211642
495,10536.07415211643
496,10536.074152116433
497,10536.074152116418
498,10536.074152116424
499,10536.074004401396
500,10536.07412788618
501,10536.074092470177
502,10536.07418718251
503,10536.07423188724
504,10536.074164435982
505,10536.07410454307
506,10536.074133174965
507,10536.074191538195
508,10536.074146258225
509,10536.074136769368
510,10536.074192311422
511,10536.074202116582
512,10536.074150611994
513,10536.074168200064
514,10536.074173542424
515,10536.074135281568
516,10536.074175853575
517,10536.074089441765
518,10536.074156661238
519,10536.074169558955
520,10536.074169158543
521,10536.074139093791
522,10536.074164888383
523,10536.074049176708
524,10536.074167637698
525,10536.074154850712
526,10536.074118149047
527,10536.074180377394
528,10536.074161737075
529,10536.074169731566
530,10536.074077237095
531,10536.074206442245
532,10536.07418677364
533,10536.074138606291
534,10536.07416566385
535,10536.07406713949
536,10536.074133591259
537,10536.07423826374
538,10536.07420764749
539,9568.335429815148
540,9568.335429815153
541,9568.335429815157
542,9568.335429815155
543,9568.335429815153
544,9568.335429815146
545,9568.335429815159
546,9568.335429815163
547,9568.33542981516
548,9568.335383596988
549,9568.33541473413
550,9568.33538090669
551,9568.335243205058
552,9568.335583596137
553,9568.335429390921
554,9568.335441522544
555,9568.335318243639
556,9568.335456230692
557,9568.335422192313
558,9568.335509389071
559,9568.335505681333
560,9568.335374134334
561,9568.335479342224
562,9568.33544833839
563,9568.335497397627
564,9568.335450397204
565,9568.335252281107
566,9568.335414587697
567,9568.3354639806
568,9568.335413743649
569,9568.335433802647
570,9568.33547419063
571,9568.335396078157
572,9568.335335823458
573,9568.335429213688
574,9568.335390702385
575,9568.335513854636
576,9568.33547818653
577,9568.335332292414
578,9568.33547373564
579,9568.335353418372
580,9568.335508803948
581,9568.335441880243
582,9568.335369954973
583,9568.335486146723
584,9568.33545819242
585,9568.3353852029
586,9568.335436660987
587,9568.335540686254
588,8749.697836158663
589,8749.697836158672
590,8749.697836158659
591,8749.697836158659
592,8749.69783615867
593,8749.697836158672
594,8749.697836158679
595,8749.697836158679
596,8749.697836158679
597,8749.697801043952
598,8749.697856885698
599,8749.697813675199
600,8749.697780344804
601,8749.697852583158
602,8749.697751787387
603,8749.697779284057
604,8749.697709959071
605,8749.697826684858
606,8749.697833289074
607,8749.697907341792
608,8749.697850309823
609,8749.697821522795
610,8749.697884290854
611,8749.697862074074
612,8749.697821967653
613,8749.697838073482
614,8749.697700917943
615,8749.697745404095
616,8749.69785298758
617,8749.697797603505
618,8749.697837669368
619,8749.697876717257
620,8749.697849423146
621,8749.697777083882
622,8749.697817033826
623,8749.697807669252
624,8749.697917222087
625,8749.697763584523
626,8749.697903440607
627,8749.69784978494
628,8749.697798485768
629,8749.69787623227
630,8749.697845521778
631,8749.697798044548
632,8749.697876242471
633,8749.697889565567
634,8749.697823625509
635,8749.69784645438
636,8749.698068963944
637,7916.050421725345
638,7916.050421725352
639,7916.050421725352
640,7916.050421725348
641,7916.050421725339
642,7916.050421725346
643,7916.050421725346
644,7916.050421725341
645,7916.050421725343
646,7916.0504979969965
647,7916.050457480221
648,7916.050435078114
649,7916.050423098516
650,7916.0503960248525
651,7916.050367311621
652,7916.0503712548225
653,7916.050370549983
654,7916.0504033373945
655,7916.050390370938
656,7916.050464503111
657,7916.050429823834
658,7916.0505036051345
659,7916.05048035192
660,7916.050439276123
661,7916.050422092668
662,7916.050415152429
663,7916.050348042917
664,7916.050411301716
665,7916.0504234865
666,7916.050380699527
667,7916.050414941595
668,7916.050435616621
669,7916.050430235091
670,7916.050429243485
671,7916.050410994227
672,7916.050403715008
673,7916.050480723389
674,7916.050330423912
675,7916.05052646037
676,7916.050403784376
677,7916.0504089678425
678,7916.050437567516
679,7916.050427211032
680,7916.050394337898
681,7916.050444168382
682,7916.050427707792
683,7916.0504175862325
684,7916.050447244699
685,7916.050487389389
686,7470.270300017097
687,7470.270300017101
688,7470.270300017091
689,7470.270300017104
690,7470.270300017095
691,7470.270300017111
692,7470.2703000171
693,7470.270300017097
694,7470.270300017106
695,7470.270314507805
696,7470.270343280765
697,7470.27030898241
698,7470.2703335626165
699,7470.270269742604
700,7470.27025803602
701,7470.270285382641
702,7470.270225332214
703,7470.27028826639
704,7470.2702742201045
705,7470.270294211637
706,7470.270316009707
707,7470.270258922383
708,7470.270343905333
709,7470.270305051824
710,7470.2702959290955
711,7470.270331620871
712,7470.270304846137
713,7470.270259400659
714,7470.270280168737
715,7470.270265146925
716,7470.270287576571
717,7470.270274038869
718,7470.270310098379
719,7470.270327139838
720,7470.270285911971
721,7470.270297012873
722,7470.270288518825
723,7470.270259926827
724,7470.27029882865
725,7470.270271295459
726,7470.270265537027
727,7470.270306030343
728,7470.270306589593
729,7470.270292798118
730,7470.270297848592
731,7470.270341998201
732,7470.270299603301
733,7470.270307648027
734,7470.270406894526
735,7241.008471493928
736,7241.008471493927
737,7241.008471493921
738,7241.00847149392
739,7241.008471493924
740,7241.00847149392
741,7241.008471493917
742,7241.008471493926
743,7241.008471493922
744,7241.008500322002
745,7241.008496390309
746,7241.008506065178
747,7241.008475845664
748,7241.008485554394
749,7241.008494282895
750,7241.0084674099135
751,7241.008496066627
752,7241.008479408303
753,7241.008430014014
754,7241.008463936492
755,7241.008496205736
756,7241.008488805259
757,7241.008507631705
758,7241.008465411992
759,7241.008517472032
760,7241.008475571197
761,7241.008496789239
762,7241.008514604261
763,7241.00845859887
764,7241.008456515871
765,7241.008456512852
766,7241.008451556667
767,7241.008467224294
768,7241.008510210391
769,7241.008475224074
770,7241.008466212834
771,7241.0084571681655
772,7241.008482196886
773,7241.008434225188
774,7241.008439631082
775,7241.00844627939
776,7241.008473820818
777,7241.008491251144
778,7241.00846635312
779,7241.008470114645
780,7241.00843581205
781,7241.008462512171
782,7241.008478699742
783,7241.0084198301065
784,7107.121759388806
785,7107.121759388799
786,7107.121759388791
787,7107.121759388795
788,7107.121759388804
789,7107.121759388808
790,7107.1217593888005
791,7107.121759388799
792,7107.1217593888
793,7107.121750566812
794,7107.121763386017
795,7107.121798731001
796,7107.121759653613
797,7107.121782941424
798,7107.121780614596
799,7107.121766535244
800,7107.121782891609
801,7107.121773349141
802,7107.121730875439
803,7107.1217523117875
804,7107.121780250833
805,7107.121790174645
806,7107.121782507872
807,7107.121751331662
808,7107.121795381308
809,7107.121767230363
810,7107.121804536899
811,7107.121806483519
812,7107.121741400173
813,7107.121752439079
814,7107.1217469499825
815,7107.12174474999
816,7107.121758313633
817,7107.12176649703
818,7107.121763656679
819,7107.1217545478985
820,7107.1217533989275
821,7107.121776667184
822,7107.12172120963
823,7107.121742675009
824,7107.121739113462
825,7107.121757351389
826,7107.121784990035
827,7107.12175683419
828,7107.1217573971835
829,7107.121719845204
830,7107.121748882868
831,7107.12176194288
832,7107.121688828284
833,6849.437011185549
834,6849.437011185546
835,6849.437011185546
836,6849.437011185534
837,6849.43701118554
838,6849.437011185552
839,6849.437011185543
840,6849.437011185545
841,6849.437011185547
842,6849.437022429642
843,6849.436995094687
844,6849.437073507226
845,6849.4370320922635
846,6849.437010563569
847,6849.43695706785
848,6849.437045046544
849,6849.437067212548
850,6849.437027894481
851,6849.43698725027
852,6849.437018763518
853,6849.4370022797875
854,6849.43703341793
855,6849.437010890889
856,6849.436996709562
857,6849.436974884832
858,6849.437031968228
859,6849.436996702022
860,6849.437028329738
861,6849.436998861553
862,6849.437010247488
863,6849.4370062325615
864,6849.437013218279
865,6849.437019874494
866,6849.4370128333385
867,6849.437026327111
868,6849.437004087057
869,6849.437026685564
870,6849.4369863753545
871,6849.436994407167
872,6849.437007677546
873,6849.437012885425
874,6849.437008346271
875,6849.437037440212
876,6849.4370130256275
877,6849.437010202132
878,6849.436950510049
879,6849.437000581758
880,6849.436995539716
881,6849.436971870094
882,6646.803618073428
883,6646.803618073426
884,6646.803618073428
885,6646.803618073426
886,6646.803618073432
887,6646.80361807343
888,6646.803618073432
889,6646.803618073428
890,6646.803618073425
891,6646.803522850337
892,6646.80361600571
893,6646.803637644269
894,6646.803578854795
895,6646.803628271268
896,6646.803621190429
897,6646.803651660383
898,6646.803623353182
899,6646.80364093529
900,6646.8036131889685
901,6646.803639501991
902,6646.803620948345
903,6646.803619069956
904,6646.803629071847
905,6646.8036140302775
906,6646.803630002284
907,6646.803618353193
908,6646.803641037451
909,6646.803603361412
910,6646.803622660341
911,6646.803618352784
912,6646.803606246027
913,6646.803633154414
914,6646.803625063582
915,6646.803601092505
916,6646.803612065839
917,6646.803607329727
918,6646.803645869487
919,6646.803636002477
920,6646.803582186269
921,6646.803629690077
922,6646.803620133383
923,6646.803610436084
924,6646.803644425523
925,6646.803615247814
926,6646.803618871033
927,6646.803607869821
928,6646.803609670811
929,6646.803583210098
930,6646.803608673118
931,6453.842415474149
932,6453.842415474157
933,6453.842415474155
934,6453.842415474156
935,6453.842415474153
936,6453.842415474153
937,6453.842415474153
938,6453.842415474151
939,6453.842415474151
940,6453.84232636139
941,6453.8424240669665
942,6453.842411647117
943,6453.842376118489
944,6453.842429607703
945,6453.842429741112
946,6453.842430728905
947,6453.842414645646
948,6453.84243527499
949,6453.842411690672
950,6453.842435425863
951,6453.842416562879
952,6453.842386886596
953,6453.842423793527
954,6453.842415361138
955,6453.842432049385
956,6453.842414747121
957,6453.84242160511
958,6453.842377861377
959,6453.842434821465
960,6453.84241378055
961,6453.84240390627
962,6453.842430049375
963,6453.842425212275
964,6453.842407654036
965,6453.842404746162
966,6453.8424074900995
967,6453.842430294342
968,6453.842443902254
969,6453.842373231211
970,6453.842418670948
971,6453.842416874466
972,6453.842412393173
973,6453.842434916266
974,6453.842414455754
975,6453.84241477603
976,6453.842416517053
977,6453.84241193458
978,6453.842388762507
979,6453.8424435088555
980,6374.105242396847
981,6374.105242396843
982,6374.105242396848
983,6374.105242396847
984,6374.105242396847
985,6374.105242396847
986,6374.105242396855
987,6374.105242396845
988,6374.105242396848
989,6374.105152122115
990,6374.10523754523
991,6374.10521134672
992,6374.105262912634
993,6374.105104995478
994,6374.105205232386
995,6374.105299214356
996,6374.1052087818625
997,6374.10525910497
998,6374.105259089383
999,6374.105269977262
1000,6374.10520291254
1001,6374.105452835065
1002,6374.105245585822
1003,6374.105250533946
1004,6374.105237863587
1005,6374.105213938101
1006,6374.105358706584
1007,6374.105226363098
1008,6374.10524999965
1009,6374.105249362792
1010,6374.105231024188
1011,6374.1052717956145
1012,6374.1052779453175
1013,6374.105210306394
1014,6374.1052238627335
1015,6374.105243318686
1016,6374.105302920877
1017,6374.105155328958
1018,6374.105394287918
1019,6374.105261170984
1020,6374.105277089509
1021,6374.105234358604
1022,6374.105235823371
1023,6374.105241688547
1024,6374.105244759868
1025,6374.105256282142
1026,6374.105246449855
1027,6374.105208937791
1028,6374.1051596199495
1029,6136.143258105705
1030,6136.143258105707
1031,6136.143258105704
1032,6136.143258105707
1033,6136.14325810571
1034,6136.143258105707
1035,6136.143258105705
1036,6136.143258105706
1037,6136.143258105706
1038,6136.143283710537
1039,6136.143251883184
1040,6136.143221357798
1041,6136.14325702576
1042,6136.143268850479
1043,6136.143248299117
1044,6136.143266725318
1045,6136.143263763268
1046,6136.143270888871
1047,6136.143253458145
1048,6136.143270717691
1049,6136.143241481035
1050,6136.143256466409
1051,6136.14325243873
1052,6136.143260274732
1053,6136.143259093641
1054,6136.143280572828
1055,6136.143240906472
1056,6136.143267168718
1057,6136.14324108678
1058,6136.143258794436
1059,6136.143253081275
1060,6136.143274488332
1061,6136.14327968153
1062,6136.143244300062
1063,6136.143253441685
1064,6136.143258068142
1065,6136.14326286495
1066,6136.143270599547
1067,6136.1432208280385
1068,6136.143239439028
1069,6136.143265434383
1070,6136.143271054106
1071,6136.143246636062
1072,6136.143260088292
1073,6136.143262194134
1074,6136.143253319896
1075,6136.143259542038
1076,6136.14325460212
1077,6136.143242244552
1078,6110.253991928249
1079,6110.2539919282435
1080,6110.253991928244
1081,6110.253991928248
1082,6110.253991928244
1083,6110.253991928245
1084,6110.253991928249
1085,6110.253991928247
1086,6110.253991928245
1087,6110.254012966746
1088,6110.253993126105
1089,6110.2539639859
1090,6110.254000440484
1091,6110.2539871861
1092,6110.253980166693
1093,6110.253997983796
1094,6110.254007590898
1095,6110.254004157684
1096,6110.253983426771
1097,6110.254001422052
1098,6110.253973857049
1099,6110.2540003255235
1100,6110.2539860233355
1101,6110.253991838863
1102,6110.2539901892915
1103,6110.254007071486
1104,6110.253985136188
1105,6110.253999499262
1106,6110.254008798389
1107,6110.253991641817
1108,6110.2539865702265
1109,6110.254004648695
1110,6110.2540130605885
1111,6110.253987605383
1112,6110.2539900756055
1113,6110.25399243429
1114,6110.253995654848
1115,6110.2539959262
1116,6110.253966203091
1117,6110.253970822355
1118,6110.253999847416
1119,6110.254003016983
1120,6110.253982956158
1121,6110.2539955399425
1122,6110.253993578794
1123,6110.25398058768
1124,6110.253993089241
1125,6110.253988803552
1126,6110.253977331693
1127,5995.247432745697
1128,5995.247432745698
1129,5995.247432745697
1130,5995.247432745696
1131,5995.247432745697
1132,5995.247432745698
1133,5995.247432745697
1134,5995.247432745696
1135,5995.247432745698
1136,5995.247451643351
1137,5995.247449413587
1138,5995.247416758638
1139,5995.247435867861
1140,5995.247408972001
1141,5995.247437611602
1142,5995.247438923237
1143,5995.247460397956
1144,5995.247444958037
1145,5995.247417978517
1146,5995.247447886741
1147,5995.247419310172
1148,5995.2474642167335
1149,5995.247433895346
1150,5995.247429473839
1151,5995.247448186535
1152,5995.247422100152
1153,5995.2474376405025
1154,5995.247454190995
1155,5995.2474164617615
1156,5995.2474321740265
1157,5995.247425805505
1158,5995.247449765785
1159,5995.247442512384
1160,5995.247445032976
1161,5995.247433184051
1162,5995.247428684474
1163,5995.247447717381
1164,5995.24742954394
1165,5995.247425365083
1166,5995.24741025347
1167,5995.247441390862
1168,5995.247444261716
1169,5995.247425023827
1170,5995.247435741328
1171,5995.247433647367
1172,5995.247417182142
1173,5995.24743006883
1174,5995.247418695043
1175,5995.24740083336
1176,5890.858861235332
1177,5890.858861235333
1178,5890.8588612353315
1179,5890.858861235333
1180,5890.858861235336
1181,5890.858861235333
1182,5890.858861235336
1183,5890.8588612353315
1184,5890.858861235335
1185,5890.858836810361
1186,5890.858869471594
1187,5890.858863952586
1188,5890.858882941325
1189,5890.858806207873
1190,5890.858890346308
1191,5890.858841960916
1192,5890.858853900474
1193,5890.858874317826
1194,5890.858858275184
1195,5890.85885488035
1196,5890.8588689745775
1197,5890.858902394817
1198,5890.85886743036
1199,5890.858858934097
1200,5890.85887931985
1201,5890.858832984938
1202,5890.858913848192
1203,5890.85887107777
1204,5890.858866910957
1205,5890.858868285922
1206,5890.8588501759605
1207,5890.858853730189
1208,5890.85885552599
1209,5890.85886923131
1210,5890.858854641128
1211,5890.858858094921
1212,5890.858870801124
1213,5890.858843329622
1214,5890.858899760452
1215,5890.858859666049
1216,5890.858858253206
1217,5890.858873076243
1218,5890.858868868958
1219,5890.858866083541
1220,5890.858851580454
1221,5890.858869810065
1222,5890.858854697399
1223,5890.858858427689
1224,5890.8588651110995
1225,5846.402156438494
1226,5846.402156438492
1227,5846.402156438492
1228,5846.402156438495
1229,5846.402156438494
1230,5846.402156438496
1231,5846.402156438495
1232,5846.402156438495
1233,5846.4021564384975
1234,5846.402153242532
1235,5846.402159438704
1236,5846.402157854429
1237,5846.402152270629
1238,5846.402138152442
1239,5846.402160225683
1240,5846.402185838237
1241,5846.402145299755
1242,5846.402164471335
1243,5846.402150045477
1244,5846.402150143902
1245,5846.402170861407
1246,5846.402147658794
1247,5846.4021573198315
1248,5846.402152343376
1249,5846.40215172435
1250,5846.40216788094
1251,5846.402151110482
1252,5846.402137614184
1253,5846.40215880736
1254,5846.402158284401
1255,5846.402152495206
1256,5846.402146365884
1257,5846.402146612061
1258,5846.402156103514
1259,5846.402157346422
1260,5846.402152619291
1261,5846.402163839738
1262,5846.402157814226
1263,5846.402124226383
1264,5846.40215854295
1265,5846.402155736555
1266,5846.40216746985
1267,5846.402153143832
1268,5846.402155962428
1269,5846.40214879159
1270,5846.40216458452
1271,5846.402146882965
1272,5846.402147676251
1273,5846.402148540672
1274,5817.064020684289
1275,5817.064020684286
1276,5817.064020684285
1277,5817.0640206842845
1278,5817.064020684287
1279,5817.064020684287
1280,5817.064020684288
1281,5817.064020684287
1282,5817.064020684285
1283,5817.064042807448
1284,5817.064013491481
1285,5817.064016801295
1286,5817.064012221166
1287,5817.064027222654
1288,5817.064030628552
1289,5817.064037410509
1290,5817.064014449476
1291,5817.064029217212
1292,5817.064014723254
1293,5817.0640174293785
1294,5817.06403704504
1295,5817.063999362034
1296,5817.064022238665
1297,5817.064018788623
1298,5817.064022837643
1299,5817.064034448943
1300,5817.063991405625
1301,5817.064014243907
1302,5817.064030641037
1303,5817.064022879981
1304,5817.064017194513
1305,5817.064015346116
1306,5817.064007755588
1307,5817.064013782104
1308,5817.064020664721
1309,5817.0640156499285
1310,5817.06402888733
1311,5817.06403123519
1312,5817.063980477562
1313,5817.064021998924
1314,5817.0640181879735
1315,5817.064035490788
1316,5817.064018349065
1317,5817.064019312141
1318,5817.064016563449
1319,5817.064025572936
1320,5817.064011412253
1321,5817.064018619652
1322,5817.0640110766335
1323,5775.495669481552
1324,5775.495669481554
1325,5775.495669481549
1326,5775.495669481549
1327,5775.49566948155
1328,5775.49566948155
1329,5775.495669481548
1330,5775.495669481553
1331,5775.495669481555
1332,5775.495683907962
1333,5775.495651253617
1334,5775.495659153844
1335,5775.495679074571
1336,5775.495675626995
1337,5775.495668903153
1338,5775.49565997634
1339,5775.495655607945
1340,5775.495674838308
1341,5775.495669053723
1342,5775.495660592828
1343,5775.495678024186
1344,5775.495632852554
1345,5775.495667517501
1346,5775.495670830814
1347,5775.4956614752455
1348,5775.495688980778
1349,5775.495637923088
1350,5775.495645403757
1351,5775.495683723146
1352,5775.495672551662
1353,5775.495667598387
1354,5775.495660691552
1355,5775.495668917661
1356,5775.4956542756945
1357,5775.4956652170595
1358,5775.495668398008
1359,5775.495666662948
1360,5775.495674358521
1361,5775.495645751829
1362,5775.495670414416
1363,5775.495661707375
1364,5775.495684402837
1365,5775.4956699815
1366,5775.495671228494
1367,5775.495664971268
1368,5775.495677585027
1369,5775.49566635911
1370,5775.495683183351
1371,5775.495703083826
1372,5730.7215016522605
1373,5730.7215016522705
1374,5730.721501652267
1375,5730.721501652263
1376,5730.72150165226
1377,5730.7215016522605
1378,5730.721501652261
1379,5730.7215016522605
1380,5730.721501652259
1381,5730.72154148559
1382,5730.721472953937
1383,5730.721490724985
1384,5730.721486968909
1385,5730.721540619617
1386,5730.721533823264
1387,5730.7214854881895
1388,5730.72150277643
1389,5730.721512065143
1390,5730.721503206963
1391,5730.721505113313
1392,5730.721518199536
1393,5730.721481882813
1394,5730.721509312861
1395,5730.721507164526
1396,5730.721526194361
1397,5730.721503557581
1398,5730.721462145628
1399,5730.721509689016
1400,5730.72152383379
1401,5730.721506166267
1402,5730.721495795853
1403,5730.721506898452
1404,5730.721488192588
1405,5730.721481107262
1406,5730.721494542549
1407,5730.7214963342585
1408,5730.721506397425
1409,5730.7215245802145
1410,5730.721482879043
1411,5730.7215125491675
1412,5730.721495031777
1413,5730.721514953039
1414,5730.721510723852
1415,5730.721499781544
1416,5730.721502977326
1417,5730.721498847838
1418,5730.721496701391
1419,5730.72151393728
1420,5730.72148900492
1421,5678.694662274968
1422,5678.694662274969
1423,5678.69466227497
1424,5678.694662274969
1425,5678.694662274967
1426,5678.694662274968
1427,5678.694662274972
1428,5678.694662274965
1429,5678.694662274966
1430,5678.69468613465
1431,5678.694634074953
1432,5678.694658328702
1433,5678.694654708367
1434,5678.6946815732435
1435,5678.694685414093
1436,5678.694645961182
1437,5678.6946647465
1438,5678.694670771974
1439,5678.694665429918
1440,5678.694667543868
1441,5678.694670169414
1442,5678.694655379437
1443,5678.694670246126
1444,5678.694667938587
1445,5678.694680061081
1446,5678.694658527061
1447,5678.694641797084
1448,5678.694664061802
1449,5678.694676448777
1450,5678.69466666058
1451,5678.694656013909
1452,5678.694669383273
1453,5678.694657000334
1454,5678.694643373852
1455,5678.694654707188
1456,5678.694658114535
1457,5678.694666309446
1458,5678.694672430566
1459,5678.694666204463
1460,5678.694675438216
1461,5678.694655241614
1462,5678.694670584036
1463,5678.694674551933
1464,5678.694661964122
1465,5678.69466251936
1466,5678.6946551605415
1467,5678.694660446341
1468,5678.694673446911
1469,5678.694655175372
1470,5605.217040306453
1471,5605.217040306452
1472,5605.21704030645
1473,5605.217040306452
1474,5605.217040306448
1475,5605.21704030645
1476,5605.217040306449
1477,5605.217040306451
1478,5605.217040306449
1479,5605.217021645396
1480,5605.2170356166835
1481,5605.217033144219
1482,5605.217016376709
1483,5605.217034269824
1484,5605.217062082859
1485,5605.217035980065
1486,5605.217014570497
1487,5605.217040066867
1488,5605.217050715081
1489,5605.217056219609
1490,5605.217040828979
1491,5605.217019413661
1492,5605.217056651476
1493,5605.217047315345
1494,5605.217060479122
1495,5605.217028155159
1496,5605.217052384848
1497,5605.217022556467
1498,5605.217034986362
1499,5605.217045968653
1500,5605.2170343652615
1501,5605.217055559991
1502,5605.217045137345
1503,5605.217040841115
1504,5605.217023448073
1505,5605.217036226695
1506,5605.21703934496
1507,5605.217049579413
1508,5605.217049392115
1509,5605.2170565513
1510,5605.217033334062
1511,5605.217036163075
1512,5605.217048435675
1513,5605.217040535298
1514,5605.217038742225
1515,5605.217051036773
1516,5605.217043151914
1517,5605.217028345431
1518,5605.21704730613
1519,5590.114862519699
1520,5590.114862519697
1521,5590.114862519702
1522,5590.114862519704
1523,5590.114862519703
1524,5590.114862519704
1525,5590.114862519698
1526,5590.114862519701
1527,5590.114862519698
1528,5590.114889382055
1529,5590.114827326387
1530,5590.114882243303
1531,5590.114883020314
1532,5590.114821042914
1533,5590.114833331532
1534,5590.114873553968
1535,5590.114885506058
1536,5590.114864743345
1537,5590.114858802875
1538,5590.1148695330185
1539,5590.114840694883
1540,5590.114908278678
1541,5590.114867385489
1542,5590.114864123163
1543,5590.1148456018345
1544,5590.114863445485
1545,5590.11488634586
1546,5590.114880151091
1547,5590.114834499864
1548,5590.114865313606
1549,5590.11485756578
1550,5590.114873131626
1551,5590.114881754316
1552,5590.114847830651
1553,5590.114864852465
1554,5590.114863643394
1555,5590.114867605082
1556,5590.114825769269
1557,5590.114915282236
1558,5590.114869929949
1559,5590.114856416705
1560,5590.114860684809
1561,5590.114871439406
1562,5590.114866551398
1563,5590.114861712695
1564,5590.114823421471
1565,5590.114867153334
1566,5590.114871317491
1567,5590.114820914591
1568,5554.9808847340755
1569,5554.9808847340755
1570,5554.9808847340755
1571,5554.980884734081
1572,5554.980884734076
1573,5554.980884734077
1574,5554.9808847340755
1575,5554.980884734077
1576,5554.980884734076
1577,5554.98090087546
1578,5554.980867288684
1579,5554.980892423783
1580,5554.980883241701
1581,5554.980879197043
1582,5554.980883140143
1583,5554.98088041807
1584,5554.980886008279
1585,5554.980883962386
1586,5554.9808857372245
1587,5554.980890307748
1588,5554.980878674061
1589,5554.980864392953
1590,5554.980895235193
1591,5554.980887807294
1592,5554.980883519652
1593,5554.980887830248
1594,5554.980893055512
1595,5554.980892128418
1596,5554.980867467025
1597,5554.980888644235
1598,5554.980880019763
1599,5554.980892111143
1600,5554.980896161522
1601,5554.980882961022
1602,5554.980878589205
1603,5554.980884174464
1604,5554.980875358373
1605,5554.980887532303
1606,5554.980880694435
1607,5554.980890026538
1608,5554.980874942703
1609,5554.980882707297
1610,5554.98089196217
1611,5554.98088827531
1612,5554.9808822578
1613,5554.980870223434
1614,5554.980888147396
1615,5554.980887593803
1616,5554.980875808342
1617,5537.783557119596
1618,5537.783557119592
1619,5537.783557119592
1620,5537.783557119594
1621,5537.783557119592
1622,5537.783557119594
1623,5537.783557119591
1624,5537.783557119595
1625,5537.783557119594
1626,5537.78357166555
1627,5537.783547086929
1628,5537.783558924575
1629,5537.783550033895
1630,5537.783556092832
1631,5537.783561890553
1632,5537.783552414595
1633,5537.783552527736
1634,5537.783555057602
1635,5537.783558795012
1636,5537.783562788867
1637,5537.783554545138
1638,5537.783526912737
1639,5537.783569106871
1640,5537.783560595213
1641,5537.783561130464
1642,5537.7835600152985
1643,5537.783562063181
1644,5537.783559601834
1645,5537.783544080564
1646,5537.783560954642
1647,5537.783553038727
1648,5537.783564028942
1649,5537.783566486751
1650,5537.783560679511
1651,5537.783548833916
1652,5537.783556426047
1653,5537.783545550186
1654,5537.783566535373
1655,5537.783544221101
1656,5537.783560888146
1657,5537.783548011975
1658,5537.783554561104
1659,5537.783561849319
1660,5537.783560256264
1661,5537.7835545797525
1662,5537.783549520964
1663,5537.783560140052
1664,5537.783557165521
1665,5537.783552659524
1666,5473.279874189505
1667,5473.279874189512
1668,5473.279874189512
1669,5473.279874189514
1670,5473.279874189509
1671,5473.2798741895085
1672,5473.27987418951
1673,5473.279874189508
1674,5473.27987418951
1675,5473.279893905991
1676,5473.279884991418
1677,5473.279856175866
1678,5473.279849718945
1679,5473.279896054562
1680,5473.279902457322
1681,5473.279870993385
1682,5473.279860951019
1683,5473.279869589258
1684,5473.2798763811925
1685,5473.279878283121
1686,5473.2798849065875
1687,5473.279821706816
1688,5473.279889265799
1689,5473.279878834576
1690,5473.2798972193
1691,5473.279876641151
1692,5473.27986676744
1693,5473.279866447204
1694,5473.279876926481
1695,5473.279877562682
1696,5473.279872364465
1697,5473.2798786512085
1698,5473.2798743352605
1699,5473.279892164356
1700,5473.279861691823
1701,5473.2798736735
1702,5473.279854002321
1703,5473.279908985158
1704,5473.279831885884
1705,5473.279872295171
1706,5473.279868810565
1707,5473.279869950286
1708,5473.279870824321
1709,5473.279875820144
1710,5473.279872273156
1711,5473.279881197155
1712,5473.279874895637
1713,5473.279868182636
1714,5473.279867727492
1715,5416.99538185528
1716,5416.995381855283
1717,5416.995381855282
1718,5416.99538185528
1719,5416.995381855284
1720,5416.99538185528
1721,5416.995381855282
1722,5416.995381855278
1723,5416.9953818552785
1724,5416.995387353958
1725,5416.995400332566
1726,5416.995358073018
1727,5416.995363551143
1728,5416.99538528141
1729,5416.995406096265
1730,5416.995390430148
1731,5416.995366539518
1732,5416.995377250956
1733,5416.995384428677
1734,5416.995382837261
1735,5416.995391324762
1736,5416.995353072591
1737,5416.995392514941
1738,5416.995385537186
1739,5416.995402031502
1740,5416.995382228876
1741,5416.995384034914
1742,5416.995357180626
1743,5416.995391495842
1744,5416.99538398317
1745,5416.995381742768
1746,5416.995382810889
1747,5416.995382742645
1748,5416.995402163768
1749,5416.995370831278
1750,5416.995382519578
1751,5416.995366113975
1752,5416.99540482064
1753,5416.995358487082
1754,5416.995380222783
1755,5416.995380902364
1756,5416.995376984778
1757,5416.9953747625395
1758,5416.995383569373
1759,5416.995378965489
1760,5416.9953940083915
1761,5416.995382228655
1762,5416.995373150467
1763,5416.995377391277
1764,5402.53594878242
1765,5402.535948782416
1766,5402.535948782419
1767,5402.535948782414
1768,5402.535948782418
1769,5402.53594878242
1770,5402.53594878242
1771,5402.535948782415
1772,5402.535948782415
1773,5402.535988626979
1774,5402.535943000355
1775,5402.535922592485
1776,5402.535911118779
1777,5402.5360871311395
1778,5402.535981398396
1779,5402.535971828726
1780,5402.5359683299
1781,5402.535948942721
1782,5402.535947369189
1783,5402.535946761299
1784,5402.535978656295
1785,5402.535809397029
1786,5402.535947504366
1787,5402.535950954536
1788,5402.5359608287445
1789,5402.535981844866
1790,5402.535866796801
1791,5402.535940404375
1792,5402.53597398071
1793,5402.5359479855815
1794,5402.535950356985
1795,5402.535947404542
1796,5402.535933241621
1797,5402.535941918962
1798,5402.535945972905
1799,5402.535943832491
1800,5402.535898016452
1801,5402.53607305846
1802,5402.535764994459
1803,5402.535943139563
1804,5402.535939524453
1805,5402.535953767795
1806,5402.535941406567
1807,5402.53595000676
1808,5402.535949034474
1809,5402.535952727714
1810,5402.535943881165
1811,5402.535956594605
1812,5402.535944426397
1813,5317.057307585225
1814,5317.057307585223
1815,5317.057307585223
1816,5317.057307585222
1817,5317.0573075852235
1818,5317.0573075852235
1819,5317.0573075852235
1820,5317.057307585225
1821,5317.057307585223
1822,5317.05729628487
1823,5317.057308982972
1824,5317.057293620967
1825,5317.057309532903
1826,5317.057313073499
1827,5317.057311134596
1828,5317.057329402894
1829,5317.057317769524
1830,5317.057308698508
1831,5317.057307978923
1832,5317.057307937053
1833,5317.0573074165795
1834,5317.057316224565
1835,5317.057305627157
1836,5317.057308297839
1837,5317.057308172162
1838,5317.057305086879
1839,5317.0573162319115
1840,5317.057289442564
1841,5317.057317870131
1842,5317.057306561638
1843,5317.057306966775
1844,5317.057309208196
1845,5317.057310923188
1846,5317.0573072901225
1847,5317.057304935955
1848,5317.05730592655
1849,5317.057298756474
1850,5317.057324107075
1851,5317.057296159329
1852,5317.057307262098
1853,5317.057305314095
1854,5317.057307689399
1855,5317.057304265102
1856,5317.0573113182845
1857,5317.057305038496
1858,5317.057309220998
1859,5317.057309174904
1860,5317.0573067345995
1861,5317.057301928867
1862,5303.600839292177
1863,5303.600839292175
1864,5303.6008392921785
1865,5303.600839292177
1866,5303.6008392921785
1867,5303.600839292175
1868,5303.600839292177
1869,5303.600839292175
1870,5303.600839292175
1871,5303.600820123599
1872,5303.600841714175
1873,5303.6008286381575
1874,5303.600841287577
1875,5303.600832606897
1876,5303.600838596878
1877,5303.6008591872105
1878,5303.600842338439
1879,5303.600838556715
1880,5303.600841319869
1881,5303.60084299833
1882,5303.600835198749
1883,5303.600850302003
1884,5303.600839434804
1885,5303.600840224458
1886,5303.600838667609
1887,5303.600832967676
1888,5303.600858542757
1889,5303.60082338346
1890,5303.600839701088
1891,5303.600839371217
1892,5303.6008386880585
1893,5303.600844200987
1894,5303.600845244825
1895,5303.600841737107
1896,5303.600835273088
1897,5303.600837308028
1898,5303.60083160509
1899,5303.600847472648
1900,5303.600840113174
1901,5303.600841316974
1902,5303.600834934692
1903,5303.600837655744
1904,5303.600836601821
1905,5303.600843338213
1906,5303.600836829805
1907,5303.600842063611
1908,5303.600842287652
1909,5303.600833841973
1910,5303.600836461639
1911,5286.207652235929
1912,5286.207652235932
1913,5286.207652235929
1914,5286.207652235929
1915,5286.20765223593
1916,5286.207652235931
1917,5286.207652235932
1918,5286.207652235931
1919,5286.207652235933
1920,5286.207647468827
1921,5286.2076534654925
1922,5286.207646006464
1923,5286.207659270751
1924,5286.20764633216
1925,5286.20765498642
1926,5286.207650814538
1927,5286.207658072001
1928,5286.2076502439495
1929,5286.207654347071
1930,5286.207663914842
1931,5286.207644423531
1932,5286.207679722741
1933,5286.2076556728225
1934,5286.207654361963
1935,5286.20766014916
1936,5286.207627467387
1937,5286.207663399528
1938,5286.207652685064
1939,5286.207653478482
1940,5286.20765282764
1941,5286.207650949401
1942,5286.207666030459
1943,5286.207652099419
1944,5286.207656222897
1945,5286.207646035621
1946,5286.207646542621
1947,5286.2076497584985
1948,5286.207649951787
1949,5286.207685050982
1950,5286.207648658344
1951,5286.207646683721
1952,5286.207652806988
1953,5286.207652474453
1954,5286.207656554357
1955,5286.207653839283
1956,5286.20765309055
1957,5286.207655447252
1958,5286.207651872714
1959,5286.207656114638
1960,5289.450088712583
1961,5289.450088712587
1962,5289.450088712587
1963,5289.450088712584
1964,5289.450088712583
1965,5289.450088712587
1966,5289.450088712585
1967,5289.450088712581
1968,5289.450088712586
1969,5289.450098323423
1970,5289.45006595445
1971,5289.450091593799
1972,5289.450119372375
1973,5289.450068039753
1974,5289.450024183903
1975,5289.450100406182
1976,5289.4500767210575
1977,5289.450081449327
1978,5289.450089294636
1979,5289.450090887417
1980,5289.450071709529
1981,5289.4500571556255
1982,5289.450087209264
1983,5289.4500883768405
1984,5289.4500466966965
1985,5289.450117831925
1986,5289.4500527529335
1987,5289.450066420812
1988,5289.450075960871
1989,5289.450089378422
1990,5289.450091349998
1991,5289.450091782738
1992,5289.450102402835
1993,5289.4500857125395
1994,5289.450087975978
1995,5289.450085565222
1996,5289.450081116908
1997,5289.45006181348
1998,5289.450102301562
1999,5289.450084832272
2000,5289.450075449667
2001,5289.450093814638
2002,5289.450083494234
2003,5289.450095119335
2004,5289.450087207376
2005,5289.450089808069
2006,5289.450094876456
2007,5289.450100068266
2008,5289.450144080526
2009,5277.982939185319
2010,5277.982939185324
2011,5277.982939185321
2012,5277.982939185322
2013,5277.982939185323
2014,5277.982939185317
2015,5277.982939185321
2016,5277.98293918532
2017,5277.98293918532
2018,5277.982940980964
2019,5277.982929317265
2020,5277.98293709536
2021,5277.9829570163965
2022,5277.982926316722
2023,5277.982910336262
2024,5277.98294401357
2025,5277.982936577679
2026,5277.982934743875
2027,5277.982940653595
2028,5277.982946423819
2029,5277.982927157172
2030,5277.9829384385
2031,5277.982940366097
2032,5277.982940201785
2033,5277.9829238508255
2034,5277.982939937574
2035,5277.982928081591
2036,5277.9829287863295
2037,5277.982934026568
2038,5277.98293983669
2039,5277.982939704835
2040,5277.982947967433
2041,5277.982945504645
2042,5277.982939974922
2043,5277.982935474047
2044,5277.982934684323
2045,5277.982934331574
2046,5277.982925547496
2047,5277.982962718773
2048,5277.982935629589
2049,5277.982929913919
2050,5277.982941798216
2051,5277.982936968325
2052,5277.982944470489
2053,5277.982939363777
2054,5277.982940275282
2055,5277.9829437790095
2056,5277.982944209744
2057,5277.982967268482
2058,5266.408757778347
2059,5266.408757778345
2060,5266.408757778345
2061,5266.408757778346
2062,5266.408757778346
2063,5266.408757778343
2064,5266.408757778344
2065,5266.408757778347
2066,5266.408757778347
2067,5266.408773569267
2068,5266.408750391375
2069,5266.4087555672
2070,5266.408769239901
2071,5266.4087536767765
2072,5266.408740776043
2073,5266.408764764771
2074,5266.40875347557
2075,5266.40875382936
2076,5266.408759049809
2077,5266.40876487057
2078,5266.408753545431
2079,5266.408754973239
2080,5266.408761018218
2081,5266.408758928227
2082,5266.408751309368
2083,5266.408757181883
2084,5266.408742849074
2085,5266.40875988194
2086,5266.408753724441
2087,5266.408758431174
2088,5266.408758157397
2089,5266.408766235491
2090,5266.4087560558755
2091,5266.408761363217
2092,5266.40875379497
2093,5266.408752135953
2094,5266.408753630001
2095,5266.4087511699045
2096,5266.408770868528
2097,5266.4087538871645
2098,5266.4087502413995
2099,5266.408760145164
2100,5266.408755134541
2101,5266.408761697582
2102,5266.408758514645
2103,5266.408760389875
2104,5266.408758655022
2105,5266.408761043659
2106,5266.408769058174
2107,5244.62604459307
2108,5244.626044593074
2109,5244.626044593071
2110,5244.626044593071
2111,5244.626044593071
2112,5244.626044593071
2113,5244.626044593071
2114,5244.626044593071
2115,5244.626044593071
2116,5244.626058928295
2117,5244.62603865154
2118,5244.626044691189
2119,5244.6260558995955
2120,5244.626050871457
2121,5244.626042191423
2122,5244.626051216098
2123,5244.626037812178
2124,5244.6260432281715
2125,5244.626046539627
2126,5244.626043501812
2127,5244.626052472402
2128,5244.626036125718
2129,5244.626047143587
2130,5244.626045079044
2131,5244.626042138621
2132,5244.626042727287
2133,5244.626035983458
2134,5244.62605354492
2135,5244.6260424587545
2136,5244.626045011326
2137,5244.626044342561
2138,5244.626044721024
2139,5244.6260348400465
2140,5244.626048514392
2141,5244.626041391237
2142,5244.626038376846
2143,5244.626037098665
2144,5244.626050150329
2145,5244.6260387595585
2146,5244.626041607436
2147,5244.626037304094
2148,5244.626046739194
2149,5244.626043225688
2150,5244.626047977101
2151,5244.626042388645
2152,5244.626050890758
2153,5244.626041060618
2154,5244.626049979362
2155,5244.626049959614
2156,5221.521414946226
2157,5221.5214149462245
2158,5221.521414946226
2159,5221.521414946226
2160,5221.521414946227
2161,5221.521414946225
2162,5221.521414946226
2163,5221.521414946228
2164,5221.521414946225
2165,5221.521433408061
2166,5221.521406556187
2167,5221.521420959559
2168,5221.521423432179
2169,5221.521425424458
2170,5221.521419615291
2171,5221.521435556857
2172,5221.52141570031
2173,5221.521417955578
2174,5221.52141519664
2175,5221.521414539222
2176,5221.52142958991
2177,5221.521430453153
2178,5221.521415968477
2179,5221.521414370614
2180,5221.521417907486
2181,5221.521408759033
2182,5221.521410969234
2183,5221.521442165242
2184,5221.521407507907
2185,5221.521413922737
2186,5221.521412914316
2187,5221.5214151741575
2188,5221.52139420617
2189,5221.521415235069
2190,5221.521414606764
2191,5221.521405875249
2192,5221.5214165250045
2193,5221.5214202767675
2194,5221.521411093792
2195,5221.521415199565
2196,5221.521410196497
2197,5221.521418092082
2198,5221.521415404716
2199,5221.521416388872
2200,5221.521413092167
2201,5221.52141631349
2202,5221.521405835035
2203,5221.521417892817
2204,5221.521386934729
2205,5182.100643811723
2206,5182.100643811723
2207,5182.100643811724
2208,5182.100643811723
2209,5182.100643811723
2210,5182.100643811723
2211,5182.100643811724
2212,5182.100643811725
2213,5182.100643811721
2214,5182.100632585019
2215,5182.100644569803
2216,5182.100653042031
2217,5182.100655184074
2218,5182.100645330248
2219,5182.1006618927995
2220,5182.100654014242
2221,5182.100640756549
2222,5182.100649157383
2223,5182.100646338114
2224,5182.100639545698
2225,5182.10066286131
2226,5182.100667488666
2227,5182.100643624371
2228,5182.100643149895
2229,5182.100649485094
2230,5182.100622486615
2231,5182.1006639050565
2232,5182.100661944221
2233,5182.100636415057
2234,5182.100642387168
2235,5182.1006405486405
2236,5182.100639083224
2237,5182.100621211496
2238,5182.100649449145
2239,5182.100642364202
2240,5182.10063345154
2241,5182.100647746866
2242,5182.1006467317675
2243,5182.100651510221
2244,5182.100645569506
2245,5182.100639532172
2246,5182.100644866982
2247,5182.100648303337
2248,5182.100644908188
2249,5182.100637645342
2250,5182.100649847316
2251,5182.100633372582
2252,5182.100644225494
2253,5182.100628309216
2254,5127.940786134786
2255,5127.940786134793
2256,5127.940786134791
2257,5127.940786134792
2258,5127.940786134794
2259,5127.940786134788
2260,5127.940786134786
2261,5127.940786134787
2262,5127.940786134787
2263,5127.940772105535
2264,5127.9407856379385
2265,5127.940800160756
2266,5127.940804356498
2267,5127.940773959517
2268,5127.940800597134
2269,5127.940795982559
2270,5127.940800549014
2271,5127.940796109015
2272,5127.940784852063
2273,5127.940784514813
2274,5127.940799902509
2275,5127.940866165303
2276,5127.9407837794715
2277,5127.9407854292185
2278,5127.940792229323
2279,5127.94075507721
2280,5127.940819056953
2281,5127.940813304681
2282,5127.9407726800755
2283,5127.940783055765
2284,5127.9407800411345
2285,5127.940783597113
2286,5127.940761975338
2287,5127.940787290296
2288,5127.940787064085
2289,5127.940774489871
2290,5127.940805899986
2291,5127.9407671977915
2292,5127.940837938937
2293,5127.940785085847
2294,5127.940785573769
2295,5127.940788881727
2296,5127.940793931306
2297,5127.9407858642235
2298,5127.940781046007
2299,5127.94077824606
2300,5127.94077432488
2301,5127.940789827617
2302,5127.94074420721
2303,5050.349329317756
2304,5050.349329317754
2305,5050.349329317754
2306,5050.349329317758
2307,5050.3493293177535
2308,5050.349329317757
2309,5050.349329317756
2310,5050.349329317754
2311,5050.3493293177535
2312,5050.349306140353
2313,5050.349336434587
2314,5050.349339853936
2315,5050.349346065345
2316,5050.349318565086
2317,5050.349352725463
2318,5050.349318981962
2319,5050.349346268939
2320,5050.349338474853
2321,5050.349328212001
2322,5050.3493236057075
2323,5050.34934213628
2324,5050.349391772548
2325,5050.34932820934
2326,5050.349330367765
2327,5050.349336347267
2328,5050.349298150175
2329,5050.349366777607
2330,5050.349336626848
2331,5050.349320607459
2332,5050.349327318255
2333,5050.34932308544
2334,5050.349321888025
2335,5050.349314059415
2336,5050.349334178138
2337,5050.34932845355
2338,5050.3493215359085
2339,5050.349340491965
2340,5050.349314412917
2341,5050.349379234509
2342,5050.349323921494
2343,5050.349328571671
2344,5050.349328848398
2345,5050.349339021553
2346,5050.349328922663
2347,5050.349321287805
2348,5050.349317408808
2349,5050.349320702961
2350,5050.349337555726
2351,5050.349303516786
2352,5019.523283591922
2353,5019.52328359191
2354,5019.523283591917
2355,5019.5232835919205
2356,5019.523283591921
2357,5019.5232835919205
2358,5019.523283591923
2359,5019.523283591922
2360,5019.523283591918
2361,5019.523275546806
2362,5019.523314254829
2363,5019.523284428298
2364,5019.523280073527
2365,5019.52325225998
2366,5019.523287048368
2367,5019.523298096618
2368,5019.523278583427
2369,5019.523286188172
2370,5019.523288327106
2371,5019.523305387851
2372,5019.523282878357
2373,5019.523369753834
2374,5019.523281663476
2375,5019.52328657634
2376,5019.523287220624
2377,5019.523261273204
2378,5019.523287932478
2379,5019.5232953632685
2380,5019.523300396243
2381,5019.523281157197
2382,5019.523280847675
2383,5019.523297523952
2384,5019.523271486792
2385,5019.523309723206
2386,5019.523278857912
2387,5019.523271916085
2388,5019.523326297482
2389,5019.523239109206
2390,5019.523352556999
2391,5019.523284783813
2392,5019.523297158833
2393,5019.523277432892
2394,5019.523289122331
2395,5019.523279652594
2396,5019.52328780113
2397,5019.523297097454
2398,5019.523275626168
2399,5019.523272631518
2400,5019.523253604165
2401,5041.282179120194
2402,5041.282179120201
2403,5041.282179120203
2404,5041.282179120205
2405,5041.282179120201
2406,5041.282179120202
2407,5041.282179120193
2408,5041.282179120203
2409,5041.282179120201
2410,5041.282189747766
2411,5041.282165788213
2412,5041.282176399888
2413,5041.282145692275
2414,5041.282272618215
2415,5041.282193489667
2416,5041.282232418356
2417,5041.282182939512
2418,5041.282179834066
2419,5041.282185156087
2420,5041.282183475962
2421,5041.282209857912
2422,5041.281978648144
2423,5041.28217759084
2424,5041.28218077873
2425,5041.28217725863
2426,5041.282229563674
2427,5041.282095437336
2428,5041.282153216587
2429,5041.282190943613
2430,5041.282178558729
2431,5041.28217928234
2432,5041.282174409053
2433,5041.282173898991
2434,5041.282181892507
2435,5041.28217566422
2436,5041.282170832582
2437,5041.282147727487
2438,5041.282263208085
2439,5041.282006897097
2440,5041.282189466361
2441,5041.2821688207705
2442,5041.282174357924
2443,5041.2821814267745
2444,5041.282175362921
2445,5041.282172523091
2446,5041.282192604892
2447,5041.282171635808
2448,5041.282171538717
2449,5041.282210779435
2450,4979.293817946713
2451,4979.29381794671
2452,4979.293817946712
2453,4979.293817946712
2454,4979.293817946713
2455,4979.293817946712
2456,4979.293817946714
2457,4979.293817946715
2458,4979.293817946711
2459,4979.2938167629945
2460,4979.293828181167
2461,4979.293817398769
2462,4979.293801444014
2463,4979.293842640435
2464,4979.2938256121215
2465,4979.293849677926
2466,4979.293816247532
2467,4979.293819611929
2468,4979.293823453198
2469,4979.293831757416
2470,4979.293831176472
2471,4979.293771715084
2472,4979.293816513361
2473,4979.29382032989
2474,4979.293818843874
2475,4979.293828831048
2476,4979.293782247664
2477,4979.293811215285
2478,4979.293832538602
2479,4979.293816385382
2480,4979.293816588216
2481,4979.293823251018
2482,4979.293809368284
2483,4979.293833544328
2484,4979.293813659548
2485,4979.293807828596
2486,4979.293826014498
2487,4979.2938314971025
2488,4979.293777607287
2489,4979.293823902954
2490,4979.293820486102
2491,4979.293812285578
2492,4979.293822123095
2493,4979.29381419851
2494,4979.293817049598
2495,4979.293831799374
2496,4979.29381036699
2497,4979.293808415496
2498,4979.293818084007
2499,4963.167993167027
2500,4963.167993167026
2501,4963.167993167029
2502,4963.167993167028
2503,4963.167993167027
2504,4963.167993167027
2505,4963.167993167029
2506,4963.167993167027
2507,4963.167993167025
2508,4963.167984571316
2509,4963.167997784565
2510,4963.167996744944
2511,4963.1679882729695
2512,4963.168010648126
2513,4963.168004369892
2514,4963.1679992911695
2515,4963.168005593883
2516,4963.167997146685
2517,4963.167994991156
2518,4963.1679982212
2519,4963.168001923611
2520,4963.167976446397
2521,4963.167993601554
2522,4963.167995879443
2523,4963.167994820379
2524,4963.167993768461
2525,4963.167982834408
2526,4963.16798889832
2527,4963.167995579786
2528,4963.1679923241445
2529,4963.167989742618
2530,4963.167993477582
2531,4963.167989358554
2532,4963.167999088092
2533,4963.167989938563
2534,4963.167987167796
2535,4963.1679956821035
2536,4963.167998472835
2537,4963.167983041864
2538,4963.167992499783
2539,4963.167992083788
2540,4963.167988785498
2541,4963.16800051152
2542,4963.1679915777995
2543,4963.167990536604
2544,4963.167988809573
2545,4963.167988933824
2546,4963.167996040129
2547,4963.167986476437
2548,4952.074941182196
2549,4952.074941182198
2550,4952.074941182199
2551,4952.074941182197
2552,4952.074941182199
2553,4952.074941182196
2554,4952.0749411822
2555,4952.074941182194
2556,4952.074941182196
2557,4952.074939676985
2558,4952.074944133951
2559,4952.074940969797
2560,4952.0749509274865
2561,4952.074934799016
2562,4952.074932227061
2563,4952.074944408398
2564,4952.074933880083
2565,4952.074942259836
2566,4952.074947095186
2567,4952.074934988469
2568,4952.0749440928585
2569,4952.074919252971
2570,4952.074943022988
2571,4952.074943287561
2572,4952.074923670661
2573,4952.074957048836
2574,4952.074941493795
2575,4952.074921703945
2576,4952.074948150193
2577,4952.07494241401
2578,4952.0749399939605
2579,4952.074931622413
2580,4952.074952328454
2581,4952.074951281598
2582,4952.074937184335
2583,4952.074942236088
2584,4952.074938082213
2585,4952.074930837743
2586,4952.074940360219
2587,4952.074942869313
2588,4952.074940410849
2589,4952.074933044547
2590,4952.074946523452
2591,4952.074941697768
2592,4952.0749321791955
2593,4952.074946730505
2594,4952.074941084646
2595,4952.074945112658
2596,4952.0749611913825
2597,4939.113589561924
2598,4939.113589561924
2599,4939.1135895619245
2600,4939.1135895619245
2601,4939.113589561927
2602,4939.113589561924
2603,4939.1135895619245
2604,4939.113589561925
2605,4939.113589561923
2606,4939.1135880041375
2607,4939.113596550888
2608,4939.113587881168
2609,4939.11358999653
2610,4939.11358989144
2611,4939.113593216006
2612,4939.113594835197
2613,4939.113592100828
2614,4939.113591223721
2615,4939.113594651974
2616,4939.113589392004
2617,4939.113593410528
2618,4939.113580792682
2619,4939.113591697917
2620,4939.113592071127
2621,4939.113583929017
2622,4939.113595815078
2623,4939.113593992062
2624,4939.113582424374
2625,4939.113598815086
2626,4939.1135901984835
2627,4939.113587800929
2628,4939.1135857109575
2629,4939.1135970444
2630,4939.113598461845
2631,4939.113585029232
2632,4939.113589033383
2633,4939.113591864408
2634,4939.113587049893
2635,4939.113585584455
2636,4939.113590097248
2637,4939.11359052794
2638,4939.113581413481
2639,4939.113595318077
2640,4939.113589292177
2641,4939.113584611806
2642,4939.113594149021
2643,4939.1135886575985
2644,4939.113589761711
2645,4939.113590225949
2646,4924.302718122882
2647,4924.302718122883
2648,4924.302718122883
2649,4924.302718122885
2650,4924.302718122882
2651,4924.302718122881
2652,4924.302718122882
2653,4924.30271812288
2654,4924.302718122878
2655,4924.302717121489
2656,4924.302721581705
2657,4924.3027162346925
2658,4924.302715206989
2659,4924.302719865225
2660,4924.302718481625
2661,4924.302725686323
2662,4924.302732728131
2663,4924.302720575094
2664,4924.302721810103
2665,4924.302723809367
2666,4924.302716668231
2667,4924.302730630409
2668,4924.302719704336
2669,4924.302720378381
2670,4924.302714797767
2671,4924.302719552802
2672,4924.302727039234
2673,4924.302724841724
2674,4924.302723781675
2675,4924.302718189499
2676,4924.302715750878
2677,4924.3027209268
2678,4924.30272566184
2679,4924.302720411519
2680,4924.30271402037
2681,4924.302716497068
2682,4924.30272624016
2683,4924.3027150521375
2684,4924.302721282229
2685,4924.302718512125
2686,4924.302718812585
2687,4924.302711790546
2688,4924.302723906716
2689,4924.30271825785
2690,4924.302717527734
2691,4924.302718263117
2692,4924.302718492636
2693,4924.30271565132
2694,4924.3027040877505
2695,4911.7540856476335
2696,4911.75408564763
2697,4911.754085647633
2698,4911.754085647629
2699,4911.754085647628
2700,4911.754085647631
2701,4911.75408564763
2702,4911.754085647635
2703,4911.7540856476335
2704,4911.754096107176
2705,4911.7540917489
2706,4911.7540834014035
2707,4911.754077057675
2708,4911.754094544716
2709,4911.754097632358
2710,4911.754082968819
2711,4911.754097485267
2712,4911.754086285055
2713,4911.754091019389
2714,4911.754094542918
2715,4911.754087185526
2716,4911.754095821856
2717,4911.7540889569145
2718,4911.754088893903
2719,4911.7540915101645
2720,4911.754078906261
2721,4911.754092398156
2722,4911.754104900491
2723,4911.754093981707
2724,4911.754086513625
2725,4911.75408433166
2726,4911.75409147413
2727,4911.7540908694855
2728,4911.754087693196
2729,4911.754080541883
2730,4911.754083169444
2731,4911.754091932453
2732,4911.75409015665
2733,4911.754083300051
2734,4911.754082953186
2735,4911.75408685252
2736,4911.7540783498625
2737,4911.754091434814
2738,4911.754085485852
2739,4911.75408815052
2740,4911.754088024279
2741,4911.754085009088
2742,4911.754084556957
2743,4911.754067515572
2744,4897.3797653110605
2745,4897.3797653110605
2746,4897.3797653110605
2747,4897.37976531106
2748,4897.37976531106
2749,4897.3797653110605
2750,4897.379765311061
2751,4897.3797653110605
2752,4897.379765311061
2753,4897.379763931566
2754,4897.37976366556
2755,4897.379765469832
2756,4897.379766344582
2757,4897.3797644157785
2758,4897.379752294756
2759,4897.379752566503
2760,4897.379767408848
2761,4897.379763292792
2762,4897.379773182277
2763,4897.3797737467585
2764,4897.379756952311
2765,4897.379761814712
2766,4897.379766644943
2767,4897.379767883397
2768,4897.37975351755
2769,4897.379763199482
2770,4897.379766603009
2771,4897.379772494887
2772,4897.379767580023
2773,4897.379766635622
2774,4897.379766067734
2775,4897.37977252394
2776,4897.379777790941
2777,4897.379763527303
2778,4897.379760635568
2779,4897.379763011004
2780,4897.379765398802
2781,4897.379757400821
2782,4897.379773162028
2783,4897.379766723025
2784,4897.379760970663
2785,4897.379759611257
2786,4897.379770260163
2787,4897.379767795755
2788,4897.379767027091
2789,4897.379769312878
2790,4897.37976924802
2791,4897.379766235762
2792,4897.379784397313
2793,4880.55666608568
2794,4880.556666085679
2795,4880.556666085679
2796,4880.5566660856775
2797,4880.55666608568
2798,4880.556666085679
2799,4880.55666608568
2800,4880.556666085678
2801,4880.556666085679
2802,4880.556679578436
2803,4880.556662762175
2804,4880.556666005722
2805,4880.556665766373
2806,4880.556668130998
2807,4880.55665603654
2808,4880.556653576343
2809,4880.5566605198355
2810,4880.5566633515655
2811,4880.556675403964
2812,4880.556672852015
2813,4880.5566624278645
2814,4880.556655432299
2815,4880.556668421096
2816,4880.556668762153
2817,4880.5566566427415
2818,4880.556667893388
2819,4880.55666361759
2820,4880.55668122941
2821,4880.556667417718
2822,4880.556668123509
2823,4880.556667701123
2824,4880.556671451444
2825,4880.5566767614955
2826,4880.556664709334
2827,4880.556661648734
2828,4880.556664199539
2829,4880.5566639972785
2830,4880.556661590977
2831,4880.556666616507
2832,4880.5566668098045
2833,4880.5566623961
2834,4880.556659601478
2835,4880.556670157866
2836,4880.55666791148
2837,4880.556668003715
2838,4880.556671637768
2839,4880.556667736459
2840,4880.556668059537
2841,4880.556679738662
2842,4834.777651474357
2843,4834.777651474363
2844,4834.777651474362
2845,4834.777651474363
2846,4834.77765147436
2847,4834.777651474356
2848,4834.7776514743555
2849,4834.777651474359
2850,4834.77765147436
2851,4834.777650031681
2852,4834.7776544355675
2853,4834.777650916621
2854,4834.777649547071
2855,4834.777652132798
2856,4834.777667222182
2857,4834.777623088474
2858,4834.777631805032
2859,4834.7776476288855
2860,4834.777664912381
2861,4834.7776501522185
2862,4834.777658358473
2863,4834.777628008398
2864,4834.7776529776
2865,4834.777653772979
2866,4834.777655837259
2867,4834.777639242818
2868,4834.777666794405
2869,4834.777664198434
2870,4834.777653609678
2871,4834.777653644913
2872,4834.777655631838
2873,4834.7776509098785
2874,4834.777659482275
2875,4834.7776524306
2876,4834.777647001235
2877,4834.777650700666
2878,4834.777640899589
2879,4834.777658241736
2880,4834.777640424095
2881,4834.777654243309
2882,4834.777646564114
2883,4834.777642878247
2884,4834.777655192825
2885,4834.777653400892
2886,4834.777649507172
2887,4834.777662225489
2888,4834.777649823166
2889,4834.777653095338
2890,4834.777669814391
2891,4803.0770798594685
2892,4803.077079859467
2893,4803.077079859467
2894,4803.0770798594685
2895,4803.077079859467
2896,4803.077079859465
2897,4803.077079859467
2898,4803.077079859468
2899,4803.0770798594685
2900,4803.077132384135
2901,4803.077060596396
2902,4803.077079380223
2903,4803.077077562236
2904,4803.077091420916
2905,4803.077064995924
2906,4803.077100848032
2907,4803.077057795257
2908,4803.077080062958
2909,4803.07708943212
2910,4803.077080116777
2911,4803.077093244836
2912,4803.077049888206
2913,4803.077078823047
2914,4803.077080520593
2915,4803.077071910099
2916,4803.077112039053
2917,4803.0770488035
2918,4803.077110839352
2919,4803.077069005993
2920,4803.0770809413325
2921,4803.077082513658
2922,4803.077079067852
2923,4803.077073761191
2924,4803.07707460766
2925,4803.077079813446
2926,4803.07707607715
2927,4803.077078514464
2928,4803.077078307322
2929,4803.07705748002
2930,4803.0770871621135
2931,4803.077077018907
2932,4803.077078192378
2933,4803.0770786600915
2934,4803.077078385821
2935,4803.077081758615
2936,4803.077080532488
2937,4803.077069258778
2938,4803.077082658954
2939,4803.077059644197
2940,4774.677877074747
2941,4774.6778770747505
2942,4774.677877074747
2943,4774.677877074746
2944,4774.677877074747
2945,4774.677877074746
2946,4774.677877074748
2947,4774.677877074747
2948,4774.677877074747
2949,4774.6778817374425
2950,4774.677871619751
2951,4774.677875872191
2952,4774.6778759121635
2953,4774.677876667958
2954,4774.677886530611
2955,4774.67786681406
2956,4774.677860704012
2957,4774.677876518278
2958,4774.677887381755
2959,4774.677874633038
2960,4774.677887285263
2961,4774.677872610908
2962,4774.677874273784
2963,4774.677878130627
2964,4774.677883447846
2965,4774.6778753217895
2966,4774.677878899385
2967,4774.677893995526
2968,4774.677871888561
2969,4774.677877285517
2970,4774.677880622178
2971,4774.677877146897
2972,4774.677872852425
2973,4774.677872450518
2974,4774.677875753541
2975,4774.677874282866
2976,4774.677872727363
2977,4774.677875578293
2978,4774.677876104077
2979,4774.677883957804
2980,4774.6778729431435
2981,4774.677874623195
2982,4774.677877549852
2983,4774.677877581869
2984,4774.6778775420125
2985,4774.6778772159805
2986,4774.677869918828
2987,4774.677881695377
2988,4774.677869606187
2989,4759.921618221893
2990,4759.9216182218925
2991,4759.9216182218925
2992,4759.9216182218925
2993,4759.921618221892
2994,4759.921618221892
2995,4759.9216182218925
2996,4759.921618221894
2997,4759.9216182218925
2998,4759.921602428044
2999,4759.921613132586
3000,4759.921616006277
3001,4759.921618840048
3002,4759.92162300776
3003,4759.9216306264925
3004,4759.921607995303
3005,4759.921613143297
3006,4759.921618354943
3007,4759.92162708492
3008,4759.921611881485
3009,4759.921626353531
3010,4759.921599003402
3011,4759.921613855108
3012,4759.9216189674125
3013,4759.921623127229
3014,4759.921616011481
3015,4759.921621740801
3016,4759.921615658307
3017,4759.921618172024
3018,4759.921617804829
3019,4759.921621381375
3020,4759.92161569301
3021,4759.921618314227
3022,4759.921610359311
3023,4759.92161669511
3024,4759.921616778779
3025,4759.921607106322
3026,4759.921624479417
3027,4759.92160474163
3028,4759.921626644968
3029,4759.921610922675
3030,4759.921616410261
3031,4759.921619053372
3032,4759.921619980075
3033,4759.921615021525
3034,4759.9216170281825
3035,4759.921614452486
3036,4759.92162419367
3037,4759.921625689647
3038,4768.539920589367
3039,4768.539920589367
3040,4768.539920589368
3041,4768.539920589365
3042,4768.53992058937
3043,4768.539920589365
3044,4768.539920589369
3045,4768.539920589368
3046,4768.539920589365
3047,4768.539884922682
3048,4768.539928097731
3049,4768.539917182644
3050,4768.539934165731
3051,4768.539875090887
3052,4768.539917572056
3053,4768.539899430108
3054,4768.539926956706
3055,4768.539922729506
3056,4768.5399249297325
3057,4768.539919789456
3058,4768.539908567851
3059,4768.540026638543
3060,4768.53991529747
3061,4768.539921575495
3062,4768.53992286392
3063,4768.539895018526
3064,4768.539959714326
3065,4768.539924969761
3066,4768.539921378321
3067,4768.539919102579
3068,4768.539921216744
3069,4768.539925530619
3070,4768.539919869381
3071,4768.539915804824
3072,4768.539919289044
3073,4768.539920198121
3074,4768.539939043209
3075,4768.5398746819665
3076,4768.540009177289
3077,4768.539924195142
3078,4768.539920895594
3079,4768.5399198431915
3080,4768.539921677276
3081,4768.539922773093
3082,4768.539923531151
3083,4768.539910147082
3084,4768.539920064547
3085,4768.53992856091
3086,4768.539896842841
3087,4754.47921837374
3088,4754.47921837374
3089,4754.47921837374
3090,4754.479218373741
3091,4754.479218373741
3092,4754.479218373741
3093,4754.479218373741
3094,4754.479218373741
3095,4754.479218373741
3096,4754.479194774185
3097,4754.479218012784
3098,4754.47921573537
3099,4754.479223851553
3100,4754.479204237096
3101,4754.479224874653
3102,4754.479204141031
3103,4754.479217681143
3104,4754.479219281506
3105,4754.479225516327
3106,4754.47921416681
3107,4754.479218852146
3108,4754.479246101879
3109,4754.479213620821
3110,4754.479219195433
3111,4754.479222257378
3112,4754.479207449427
3113,4754.479235231985
3114,4754.479218142332
3115,4754.479218619146
3116,4754.479217525164
3117,4754.479220578927
3118,4754.4792186980785
3119,4754.479218208654
3120,4754.479211602515
3121,4754.479216936498
3122,4754.47921732488
3123,4754.479218294455
3124,4754.47920494519
3125,4754.479243283348
3126,4754.479225170815
3127,4754.4792138889225
3128,4754.4792170102355
3129,4754.479219311825
3130,4754.479220307599
3131,4754.47921748238
3132,4754.479213670035
3133,4754.47921586635
3134,4754.479225045991
3135,4754.479214402662
3136,4748.943918722896
3137,4748.943918722898
3138,4748.943918722899
3139,4748.943918722895
3140,4748.943918722898
3141,4748.943918722897
3142,4748.943918722897
3143,4748.943918722898
3144,4748.943918722898
3145,4748.943902431077
3146,4748.943916659902
3147,4748.943915084378
3148,4748.9439219184505
3149,4748.9439112733635
3150,4748.943923842549
3151,4748.9439108545785
3152,4748.943920742717
3153,4748.943919568382
3154,4748.943925313803
3155,4748.9439154175925
3156,4748.943919958458
3157,4748.943936301686
3158,4748.943913614515
3159,4748.943919662804
3160,4748.9439218376165
3161,4748.943914043123
3162,4748.9439243117395
3163,4748.9439160498505
3164,4748.943921432739
3165,4748.943917792415
3166,4748.943920835169
3167,4748.943919532968
3168,4748.943917694242
3169,4748.943911161295
3170,4748.943917389835
3171,4748.943917533544
3172,4748.943917363606
3173,4748.943909272555
3174,4748.943934234289
3175,4748.943925489853
3176,4748.943914033008
3177,4748.943917986879
3178,4748.943919080167
3179,4748.943920391261
3180,4748.943918623416
3181,4748.943913484399
3182,4748.943916105719
3183,4748.9439263068725
3184,4748.943914434169
3185,4740.251426994328
3186,4740.2514269943285
3187,4740.251426994327
3188,4740.251426994328
3189,4740.251426994328
3190,4740.251426994325
3191,4740.251426994325
3192,4740.251426994327
3193,4740.251426994327
3194,4740.251423266891
3195,4740.251423795291
3196,4740.2514218013985
3197,4740.251426932495
3198,4740.251425933207
3199,4740.251428704859
3200,4740.251426048254
3201,4740.251429364981
3202,4740.251426972444
3203,4740.251433341008
3204,4740.251425812309
3205,4740.251428459354
3206,4740.251432404906
3207,4740.251421752457
3208,4740.251428299133
3209,4740.251428355557
3210,4740.251430453596
3211,4740.251416570132
3212,4740.251421548701
3213,4740.251433279281
3214,4740.251426151652
3215,4740.251429343618
3216,4740.251429137057
3217,4740.251424845562
3218,4740.251419881836
3219,4740.2514256616805
3220,4740.251425738874
3221,4740.251424528195
3222,4740.251420206426
3223,4740.2514336913855
3224,4740.251433656499
3225,4740.251422556037
3226,4740.251426747228
3227,4740.2514263769435
3228,4740.251428249633
3229,4740.2514287306385
3230,4740.251422314466
3231,4740.251424435474
3232,4740.251435608594
3233,4740.251423816815
3234,4727.5152000400185
3235,4727.51520004002
3236,4727.515200040022
3237,4727.51520004002
3238,4727.51520004002
3239,4727.515200040021
3240,4727.515200040022
3241,4727.515200040021
3242,4727.515200040018
3243,4727.515209323258
3244,4727.515197364027
3245,4727.515193154169
3246,4727.515196620843
3247,4727.515202524414
3248,4727.515198280516
3249,4727.515204386423
3250,4727.515200766791
3251,4727.515198605937
3252,4727.515206407861
3253,4727.515201396757
3254,4727.515201131952
3255,4727.515195987262
3256,4727.515195051129
3257,4727.515201844559
3258,4727.515199687752
3259,4727.515210202999
3260,4727.515176267842
3261,4727.515192552074
3262,4727.515209951459
3263,4727.515199390464
3264,4727.515202863959
3265,4727.5152037118705
3266,4727.515197184942
3267,4727.515194830576
3268,4727.51519860188
3269,4727.515199050124
3270,4727.51519710602
3271,4727.515194188395
3272,4727.515200989065
3273,4727.5152064674685
3274,4727.515196324782
3275,4727.515199737304
3276,4727.515198470258
3277,4727.515200843591
3278,4727.515203896037
3279,4727.51519731153
3280,4727.515197897161
3281,4727.515208629787
3282,4727.515198335245
3283,4701.232103293557
3284,4701.232103293559
3285,4701.232103293557
3286,4701.2321032935615
3287,4701.232103293558
3288,4701.232103293555
3289,4701.232103293555
3290,4701.232103293556
3291,4701.232103293554
3292,4701.232127470165
3293,4701.232103854077
3294,4701.232094271193
3295,4701.23209508493
3296,4701.232106877583
3297,4701.232099291831
3298,4701.232112281014
3299,4701.232102007848
3300,4701.232099723979
3301,4701.232109402238
3302,4701.232108273046
3303,4701.232103390742
3304,4701.232094992425
3305,4701.23209907888
3306,4701.232105834082
3307,4701.23210268422
3308,4701.2321178988705
3309,4701.232070761843
3310,4701.232096670438
3311,4701.232116933343
3312,4701.232102777991
3313,4701.2321068604
3314,4701.23210904576
3315,4701.232099777675
3316,4701.232101903332
3317,4701.232101853268
3318,4701.232103143085
3319,4701.2321011568065
3320,4701.232097888815
3321,4701.232100607563
3322,4701.232108745401
3323,4701.23210128496
3324,4701.232102190952
3325,4701.2321007410565
3326,4701.232103406819
3327,4701.232110231911
3328,4701.23210436139
3329,4701.232102202845
3330,4701.232109266736
3331,4701.232099724704
3332,4663.189594133904
3333,4663.189594133904
3334,4663.189594133904
3335,4663.18959413391
3336,4663.189594133905
3337,4663.189594133906
3338,4663.189594133905
3339,4663.189594133905
3340,4663.189594133905
3341,4663.189618675183
3342,4663.189594395388
3343,4663.189585436693
3344,4663.189591411961
3345,4663.189588886521
3346,4663.189577253093
3347,4663.189601006023
3348,4663.189591164262
3349,4663.1895893645005
3350,4663.189599101539
3351,4663.189596816435
3352,4663.18958834096
3353,4663.189587934113
3354,4663.189590611264
3355,4663.189596634151
3356,4663.1895849584025
3357,4663.189612160735
3358,4663.1895718642545
3359,4663.189584181231
3360,4663.189603045142
3361,4663.189593769275
3362,4663.189598330856
3363,4663.18959710963
3364,4663.18959551472
3365,4663.189594071331
3366,4663.189593798752
3367,4663.189596455801
3368,4663.189589025005
3369,4663.1895826293
3370,4663.1895987476455
3371,4663.189599659269
3372,4663.18959261292
3373,4663.189592044286
3374,4663.189591126482
3375,4663.189594663146
3376,4663.189598568352
3377,4663.189597331384
3378,4663.189596677146
3379,4663.189595478089
3380,4663.189599165579
3381,5152.482947897976
3382,5152.482947897949
3383,5152.482947897939
3384,5152.48294789795
3385,5152.4829478979655
3386,5152.482947897957
3387,5152.482947897966
3388,5152.482947897968
3389,5152.482947897968
3390,5152.4829826823925
3391,5152.483008444844
3392,5152.482931380287
3393,5152.4828297964805
3394,5152.483037456595
3395,5152.483164871048
3396,5152.483002891542
3397,5152.483067831871
3398,5152.482955120949
3399,5152.4829260849765
3400,5152.483024017918
3401,5152.482997993355
3402,5152.483264260481
3403,5152.482946807437
3404,5152.482957491358
3405,5152.483142053954
3406,5152.482817700413
3407,5152.482989081757
3408,5152.483189576933
3409,5152.482975396403
3410,5152.482937671938
3411,5152.482938014796
3412,5152.483012985702
3413,5152.482863252049
3414,5152.482955532823
3415,5152.482946724874
3416,5152.482925262736
3417,5152.483066176572
3418,5152.483034743891
3419,5152.482941194188
3420,5152.482876469968
3421,5152.482995159744
3422,5152.48294949758
3423,5152.482951775784
3424,5152.482933824653
3425,5152.483025294821
3426,5152.482929664045
3427,5152.482918257433
3428,5152.482922879692
3429,5152.482541622609
3430,4658.150850953442
3431,4658.150850953441
3432,4658.150850953439
3433,4658.150850953441
3434,4658.150850953439
3435,4658.150850953441
3436,4658.150850953441
3437,4658.150850953443
3438,4658.150850953442
3439,4658.150877611591
3440,4658.150856135202
3441,4658.1508415956405
3442,4658.150837190105
3443,4658.150856391563
3444,4658.150854754533
3445,4658.1508609101
3446,4658.150858626194
3447,4658.150847265198
3448,4658.150853850123
3449,4658.150860083866
3450,4658.150850978073
3451,4658.150864408681
3452,4658.150847772527
3453,4658.150854033903
3454,4658.150859796821
3455,4658.150856752976
3456,4658.150832042726
3457,4658.150860612632
3458,4658.150861469279
3459,4658.150849710665
3460,4658.150854102915
3461,4658.150859317106
3462,4658.150844606729
3463,4658.150850742819
3464,4658.150850502396
3465,4658.1508508564975
3466,4658.150853996474
3467,4658.150850829436
3468,4658.150849940976
3469,4658.1508513085155
3470,4658.1508526151165
3471,4658.150849158449
3472,4658.1508485200975
3473,4658.150850080664
3474,4658.15086135824
3475,4658.150852183131
3476,4658.1508504183785
3477,4658.150849599065
3478,4658.15082461156
3479,4636.96592367252
3480,4636.9659236725165
3481,4636.965923672519
3482,4636.9659236725165
3483,4636.965923672522
3484,4636.96592367252
3485,4636.965923672518
3486,4636.96592367252
3487,4636.965923672521
3488,4636.96594504522
3489,4636.9659196349385
3490,4636.965917027156
3491,4636.965917206964
3492,4636.965929249583
3493,4636.965912669778
3494,4636.965940693826
3495,4636.965933626689
3496,4636.965922390779
3497,4636.965925861368
3498,4636.965928776262
3499,4636.965922403538
3500,4636.965923103986
3501,4636.965920979778
3502,4636.965925571528
3503,4636.965922680069
3504,4636.965938792267
3505,4636.965916888865
3506,4636.965933236631
3507,4636.965921816271
3508,4636.9659226078
3509,4636.965925928055
3510,4636.965927238521
3511,4636.965923165562
3512,4636.965919392885
3513,4636.965924040975
3514,4636.965923670505
3515,4636.965923077414
3516,4636.965925441812
3517,4636.965915198511
3518,4636.965926527049
3519,4636.965923296576
3520,4636.965921491356
3521,4636.965921876252
3522,4636.965923096157
3523,4636.96592727747
3524,4636.965924017076
3525,4636.965923901055
3526,4636.965914784835
3527,4636.965904403905
3528,4625.158707739297
3529,4625.158707739297
3530,4625.158707739302
3531,4625.158707739296
3532,4625.158707739299
3533,4625.158707739299
3534,4625.158707739301
3535,4625.1587077393
3536,4625.158707739301
3537,4625.158694530258
3538,4625.1587187151235
3539,4625.158702927078
3540,4625.158706770797
3541,4625.158703470718
3542,4625.158718743228
3543,4625.158683658713
3544,4625.158709248243
3545,4625.158703476271
3546,4625.158709844714
3547,4625.158707362873
3548,4625.158705846426
3549,4625.158712935555
3550,4625.158706399068
3551,4625.15871056589
3552,4625.15871647776
3553,4625.158691716599
3554,4625.15872574092
3555,4625.158702767889
3556,4625.158708450039
3557,4625.1587066016355
3558,4625.15871161149
3559,4625.158708042261
3560,4625.158709400373
3561,4625.158709155363
3562,4625.158708021367
3563,4625.158709338077
3564,4625.15869643596
3565,4625.158711100916
3566,4625.158714185013
3567,4625.158706699456
3568,4625.15870833587
3569,4625.158702960278
3570,4625.158707913789
3571,4625.158708398186
3572,4625.158706358996
3573,4625.15871107911
3574,4625.158710581126
3575,4625.158703485829
3576,4625.158714571814
3577,4617.840621644943
3578,4617.840621644947
3579,4617.840621644943
3580,4617.840621644945
3581,4617.840621644944
3582,4617.840621644943
3583,4617.840621644946
3584,4617.840621644943
3585,4617.840621644943
3586,4617.840615164582
3587,4617.84062415066
3588,4617.840618300039
3589,4617.840622206969
3590,4617.840622455071
3591,4617.840622962054
3592,4617.840612234392
3593,4617.840626195003
3594,4617.8406202418055
3595,4617.840623492867
3596,4617.840621755118
3597,4617.8406212298505
3598,4617.840621131333
3599,4617.8406199219535
3600,4617.840623764995
3601,4617.840625002655
3602,4617.840617239763
3603,4617.840633273397
3604,4617.840621338101
3605,4617.840616308397
3606,4617.840620645255
3607,4617.840623974952
3608,4617.840621592257
3609,4617.840622829321
3610,4617.8406196218675
3611,4617.840621982622
3612,4617.840621374135
3613,4617.840614073934
3614,4617.8406244842845
3615,4617.840622866437
3616,4617.840622500761
3617,4617.840620853063
3618,4617.840618093335
3619,4617.840621997634
3620,4617.840621946201
3621,4617.840619371201
3622,4617.840621616026
3623,4617.840622256957
3624,4617.840616517289
3625,4617.840621547694
3626,4613.855274546875
3627,4613.855274546873
3628,4613.855274546873
3629,4613.855274546871
3630,4613.85527454687
3631,4613.855274546874
3632,4613.855274546871
3633,4613.855274546873
3634,4613.855274546873
3635,4613.855274303817
3636,4613.855276418823
3637,4613.855271479035
3638,4613.855275432786
3639,4613.855274414601
3640,4613.855271536752
3641,4613.855271005997
3642,4613.855278069962
3643,4613.8552735759995
3644,4613.855275802001
3645,4613.855276457162
3646,4613.85527335482
3647,4613.855282403886
3648,4613.855272800311
3649,4613.855276708117
3650,4613.855276237164
3651,4613.855273931988
3652,4613.855281529731
3653,4613.855278542554
3654,4613.85526949234
3655,4613.855273511379
3656,4613.8552764086735
3657,4613.8552755638075
3658,4613.85527428513
3659,4613.855273645384
3660,4613.855275110218
3661,4613.855273657836
3662,4613.855272029286
3663,4613.855272573641
3664,4613.8552809331
3665,4613.855274647036
3666,4613.855275399175
3667,4613.855271313555
3668,4613.8552747973545
3669,4613.855274378016
3670,4613.855273697454
3671,4613.855274426541
3672,4613.855274317655
3673,4613.855269952104
3674,4613.855267642859
3675,4608.410771226104
3676,4608.410771226104
3677,4608.410771226101
3678,4608.410771226103
3679,4608.410771226102
3680,4608.410771226105
3681,4608.410771226104
3682,4608.410771226103
3683,4608.410771226105
3684,4608.41078128686
3685,4608.410772277421
3686,4608.410768657429
3687,4608.410771242022
3688,4608.410779556819
3689,4608.410768136231
3690,4608.410775797576
3691,4608.4107707102885
3692,4608.410769935453
3693,4608.410772279707
3694,4608.410774166876
3695,4608.41077259404
3696,4608.410763911799
3697,4608.410769296104
3698,4608.410773659566
3699,4608.410771354432
3700,4608.4107782107285
3701,4608.410760675248
3702,4608.410771951603
3703,4608.4107718259675
3704,4608.410770086779
3705,4608.41077319993
3706,4608.410772060371
3707,4608.41076923868
3708,4608.41077254918
3709,4608.410772014097
3710,4608.410769324345
3711,4608.410768867226
3712,4608.410771865765
3713,4608.410765189922
3714,4608.410771352401
3715,4608.410772988527
3716,4608.410768131771
3717,4608.410771394959
3718,4608.410770436178
3719,4608.410770355545
3720,4608.410774159435
3721,4608.410769599405
3722,4608.410769658929
3723,4608.410768649489
3724,4606.403190509432
3725,4606.403190509429
3726,4606.403190509431
3727,4606.40319050943
3728,4606.403190509432
3729,4606.4031905094325
3730,4606.403190509433
3731,4606.4031905094325
3732,4606.403190509434
3733,4606.403190922825
3734,4606.403194297159
3735,4606.403188177999
3736,4606.4031948437405
3737,4606.403187623226
3738,4606.403182688077
3739,4606.403194158386
3740,4606.403191671176
3741,4606.403190029057
3742,4606.403190545674
3743,4606.403194096149
3744,4606.40318659171
3745,4606.403215212974
3746,4606.403188057764
3747,4606.40319280813
3748,4606.403189182624
3749,4606.403192706564
3750,4606.403188178388
3751,4606.4031933867245
3752,4606.40319306974
3753,4606.403189040158
3754,4606.4031918536175
3755,4606.403192534289
3756,4606.403188863441
3757,4606.4031926073085
3758,4606.4031914249435
3759,4606.4031886484945
3760,4606.403196687043
3761,4606.403178534286
3762,4606.403207053694
3763,4606.4031896005445
3764,4606.403195122521
3765,4606.403187600284
3766,4606.403190907553
3767,4606.403189956417
3768,4606.403190404251
3769,4606.403192526655
3770,4606.403189520892
3771,4606.403190014335
3772,4606.403180387324
3773,4604.048929459657
3774,4604.048929459657
3775,4604.048929459659
3776,4604.048929459659
3777,4604.048929459657
3778,4604.048929459656
3779,4604.048929459656
3780,4604.048929459659
3781,4604.0489294596555
3782,4604.0489288064455
3783,4604.048932334104
3784,4604.048927160426
3785,4604.0489334626955
3786,4604.048930971651
3787,4604.048923958326
3788,4604.048932722111
3789,4604.04893072543
3790,4604.04892878414
3791,4604.04892979876
3792,4604.0489317709535
3793,4604.048927008529
3794,4604.0489409341835
3795,4604.048926962406
3796,4604.048931705119
3797,4604.04892835656
3798,4604.048932573131
3799,4604.048925135064
3800,4604.048928221096
3801,4604.048932930376
3802,4604.048927974833
3803,4604.048931130653
3804,4604.048930294259
3805,4604.048928731082
3806,4604.048930771437
3807,4604.048930369851
3808,4604.048927765326
3809,4604.048931521866
3810,4604.048922871353
3811,4604.048936068242
3812,4604.048929367708
3813,4604.048932984901
3814,4604.048926391841
3815,4604.0489298947805
3816,4604.048929056665
3817,4604.04892781322
3818,4604.048932414822
3819,4604.048928682575
3820,4604.0489289078005
3821,4604.048925828133
3822,4600.382102176008
3823,4600.382102176006
3824,4600.382102176008
3825,4600.382102176009
3826,4600.382102176005
3827,4600.382102176008
3828,4600.382102176011
3829,4600.382102176009
3830,4600.3821021760095
3831,4600.382095322928
3832,4600.382102953132
3833,4600.382099967118
3834,4600.3821067511435
3835,4600.382109353277
3836,4600.38209960065
3837,4600.3821054495
3838,4600.38210578339
3839,4600.382101784573
3840,4600.382102889483
3841,4600.38210187423
3842,4600.3821012135695
3843,4600.382097100916
3844,4600.382099322678
3845,4600.382104110279
3846,4600.382101183677
3847,4600.382105953603
3848,4600.382098160633
3849,4600.38209415943
3850,4600.382107010494
3851,4600.38210053316
3852,4600.3821041927795
3853,4600.382100884774
3854,4600.382103643447
3855,4600.3821009097155
3856,4600.38210308437
3857,4600.382100788316
3858,4600.382098583659
3859,4600.382103402109
3860,4600.382094845477
3861,4600.382103834033
3862,4600.382103955573
3863,4600.38209899091
3864,4600.382102735822
3865,4600.382102201627
3866,4600.382097385249
3867,4600.382106109786
3868,4600.382101914669
3869,4600.382100974565
3870,4600.382107687166
3871,4597.4605425634645
3872,4597.4605425634645
3873,4597.460542563466
3874,4597.460542563465
3875,4597.460542563465
3876,4597.4605425634645
3877,4597.460542563466
3878,4597.4605425634645
3879,4597.460542563464
3880,4597.460532722158
3881,4597.460542106412
3882,4597.460540413432
3883,4597.460547452191
3884,4597.46055159195
3885,4597.4605408818825
3886,4597.46054658891
3887,4597.4605474542
3888,4597.4605425663085
3889,4597.460543304359
3890,4597.460541286227
3891,4597.460542111866
3892,4597.460533593541
3893,4597.4605395729495
3894,4597.460544309242
3895,4597.460541807878
3896,4597.460546624205
3897,4597.4605395926255
3898,4597.460533027611
3899,4597.460547537666
3900,4597.460540829748
3901,4597.4605445853185
3902,4597.460540556819
3903,4597.4605447443455
3904,4597.460539823593
3905,4597.46054349842
3906,4597.460541222589
3907,4597.4605376742375
3908,4597.4605463694115
3909,4597.46053089421
3910,4597.460544916167
3911,4597.460543877282
3912,4597.460539420547
3913,4597.460543156736
3914,4597.460542732664
3915,4597.460536629666
3916,4597.460546595043
3917,4597.4605423193225
3918,4597.460540925148
3919,4597.4605496225095
3920,4582.387005265
3921,4582.387005265001
3922,4582.387005265
3923,4582.387005265001
3924,4582.387005265002
3925,4582.387005265
3926,4582.387005264999
3927,4582.387005265001
3928,4582.387005264999
3929,4582.386989313208
3930,4582.387000749192
3931,4582.38700326436
3932,4582.387009942769
3933,4582.387019766584
3934,4582.387007021173
3935,4582.3870113657995
3936,4582.38701113809
3937,4582.387006490219
3938,4582.387005766086
3939,4582.3870018516245
3940,4582.387007167016
3941,4582.386988119671
3942,4582.387002507334
3943,4582.387006567685
3944,4582.387006618504
3945,4582.387010384133
3946,4582.387005083972
3947,4582.386995272878
3948,4582.387009081648
3949,4582.387003366441
3950,4582.387007141521
3951,4582.387001835505
3952,4582.387008078189
3953,4582.3869981335465
3954,4582.3870063673285
3955,4582.387003901319
3956,4582.38699808081
3957,4582.387016023637
3958,4582.3869830916165
3959,4582.387009034306
3960,4582.387006144284
3961,4582.387002310951
3962,4582.387005786194
3963,4582.38700556982
3964,4582.386997153599
3965,4582.387009467711
3966,4582.387004305481
3967,4582.387002591812
3968,4582.387012307476
3969,4556.141899234046
3970,4556.141899234047
3971,4556.141899234048
3972,4556.141899234048
3973,4556.14189923405
3974,4556.141899234045
3975,4556.141899234048
3976,4556.141899234048
3977,4556.14189923405
3978,4556.141885027622
3979,4556.141883341055
3980,4556.141898111257
3981,4556.14191277422
3982,4556.14191029569
3983,4556.1418802945545
3984,4556.141905823782
3985,4556.141890178469
3986,4556.1419009221345
3987,4556.141901256253
3988,4556.141889800553
3989,4556.141898910067
3990,4556.1418492483
3991,4556.141897499201
3992,4556.141899577157
3993,4556.141884548789
3994,4556.141922377907
3995,4556.141892301248
3996,4556.141871784868
3997,4556.14189604045
3998,4556.141898243462
3999,4556.141901765452
4000,4556.141890594504
4001,4556.141907444867
4002,4556.141885168064
4003,4556.141900729615
4004,4556.141899225693
4005,4556.141880941496
4006,4556.141905032986
4007,4556.141872639419
4008,4556.14191128477
4009,4556.141895743831
4010,4556.141896533395
4011,4556.141898420075
4012,4556.141900301819
4013,4556.141884236646
4014,4556.1419056829445
4015,4556.141898594531
4016,4556.141898013338
4017,4556.141935903445
4018,4576.556079519861
4019,4576.5560795198635
4020,4576.556079519863
4021,4576.556079519864
4022,4576.556079519861
4023,4576.556079519862
4024,4576.556079519862
4025,4576.556079519864
4026,4576.5560795198635
4027,4576.556027404135
4028,4576.556064547467
4029,4576.556073910439
4030,4576.556052189554
4031,4576.556113923243
4032,4576.556128137429
4033,4576.556090750192
4034,4576.556069059759
4035,4576.556084042075
4036,4576.556073529201
4037,4576.556085261164
4038,4576.5560994007465
4039,4576.556136457579
4040,4576.556083900275
4041,4576.556081591997
4042,4576.556127379315
4043,4576.556060303713
4044,4576.556095238602
4045,4576.55612947765
4046,4576.556079199159
4047,4576.556075303815
4048,4576.556077796631
4049,4576.556090004002
4050,4576.556061728924
4051,4576.556060096883
4052,4576.556080627121
4053,4576.556074999751
4054,4576.556106638128
4055,4576.556108922743
4056,4576.556065396322
4057,4576.556073844128
4058,4576.556100120786
4059,4576.55608024136
4060,4576.556079011568
4061,4576.556078387489
4062,4576.556097587422
4063,4576.556086674278
4064,4576.556072265713
4065,4576.556075178749
4066,4576.556002943815
4067,4539.412030876819
4068,4539.412030876821
4069,4539.412030876821
4070,4539.412030876819
4071,4539.41203087682
4072,4539.412030876819
4073,4539.412030876821
4074,4539.412030876821
4075,4539.412030876821
4076,4539.412007250578
4077,4539.412016377563
4078,4539.412028400371
4079,4539.412030174392
4080,4539.412051650074
4081,4539.412037476094
4082,4539.412038656099
4083,4539.4120222428755
4084,4539.412033850127
4085,4539.412030097608
4086,4539.412027168721
4087,4539.412038163951
4088,4539.412015246577
4089,4539.412031166658
4090,4539.412031901934
4091,4539.412038946059
4092,4539.412039290377
4093,4539.41203088739
4094,4539.412030415311
4095,4539.412028125668
4096,4539.41202884103
4097,4539.412031887129
4098,4539.412029014271
4099,4539.412029449599
4100,4539.412014270689
4101,4539.412032221695
4102,4539.412028910799
4103,4539.412027242249
4104,4539.412046367711
4105,4539.412006173354
4106,4539.412036633431
4107,4539.412034732778
4108,4539.412029191319
4109,4539.41203022972
4110,4539.412030881005
4111,4539.412026398882
4112,4539.4120370434475
4113,4539.412027012432
4114,4539.412029149538
4115,4539.412027375521
4116,4513.550501550424
4117,4513.550501550422
4118,4513.550501550425
4119,4513.550501550424
4120,4513.550501550423
4121,4513.550501550423
4122,4513.550501550426
4123,4513.550501550423
4124,4513.550501550423
4125,4513.550493943689
4126,4513.550476204116
4127,4513.550501454205
4128,4513.550503660756
4129,4513.550519049188
4130,4513.5504943915985
4131,4513.5505157840835
4132,4513.550492342496
4133,4513.550507992683
4134,4513.550500457129
4135,4513.550497517752
4136,4513.550509295653
4137,4513.550486590009
4138,4513.550502001947
4139,4513.55050182205
4140,4513.5505019709835
4141,4513.550521643897
4142,4513.550501263286
4143,4513.550509457634
4144,4513.550484345403
4145,4513.550500760513
4146,4513.550500529867
4147,4513.5504994967805
4148,4513.550499413255
4149,4513.550478996226
4150,4513.55050331836
4151,4513.550498376168
4152,4513.550502174512
4153,4513.550509916694
4154,4513.550486274681
4155,4513.550508307701
4156,4513.550501923463
4157,4513.550501168754
4158,4513.550500710511
4159,4513.550501648702
4160,4513.550498109788
4161,4513.550500017694
4162,4513.550495083276
4163,4513.550500448254
4164,4513.550488069628
4165,4492.426941570995
4166,4492.426941570993
4167,4492.426941570993
4168,4492.426941570995
4169,4492.426941570997
4170,4492.426941570997
4171,4492.426941570994
4172,4492.426941570996
4173,4492.426941570995
4174,4492.426913532918
4175,4492.426933270827
4176,4492.426941624309
4177,4492.4269507691515
4178,4492.426941016408
4179,4492.426947952752
4180,4492.426919837916
4181,4492.426930287765
4182,4492.426945057209
4183,4492.426937823405
4184,4492.426932009837
4185,4492.42694719483
4186,4492.426935528466
4187,4492.426944534291
4188,4492.426942347044
4189,4492.426946819393
4190,4492.426936194311
4191,4492.426950346774
4192,4492.426927850034
4193,4492.426935049008
4194,4492.42694032116
4195,4492.426939479569
4196,4492.426937055464
4197,4492.426938692976
4198,4492.4269307985705
4199,4492.426941785642
4200,4492.426939698965
4201,4492.426933270928
4202,4492.4269382694
4203,4492.426954326303
4204,4492.426940995255
4205,4492.426940540297
4206,4492.426940880935
4207,4492.426942634002
4208,4492.426943474917
4209,4492.4269360832195
4210,4492.426935933479
4211,4492.426938022708
4212,4492.426951485853
4213,4492.426960122212
4214,4465.345355451945
4215,4465.345355451942
4216,4465.345355451949
4217,4465.345355451946
4218,4465.345355451946
4219,4465.345355451946
4220,4465.3453554519465
4221,4465.345355451945
4222,4465.345355451943
4223,4465.345369262401
4224,4465.345346568957
4225,4465.345353133335
4226,4465.345355190888
4227,4465.3453726171265
4228,4465.3453583266655
4229,4465.345354973825
4230,4465.345349341011
4231,4465.345356745519
4232,4465.345351892328
4233,4465.345349745173
4234,4465.345364930032
4235,4465.34531183584
4236,4465.345358638802
4237,4465.345356628756
4238,4465.345356837066
4239,4465.345371562099
4240,4465.34533979688
4241,4465.345343692991
4242,4465.345350142875
4243,4465.345354048007
4244,4465.345353829292
4245,4465.345351881358
4246,4465.345352446673
4247,4465.345347111197
4248,4465.34535531788
4249,4465.345354305856
4250,4465.3453464103595
4251,4465.345365486001
4252,4465.345331972854
4253,4465.3453554767
4254,4465.345350553333
4255,4465.345354843954
4256,4465.345355250514
4257,4465.345355894094
4258,4465.345352861245
4259,4465.345354529278
4260,4465.345352201986
4261,4465.3453588937155
4262,4465.345367882356
4263,4456.185996738031
4264,4456.185996738032
4265,4456.185996738032
4266,4456.185996738032
4267,4456.1859967380315
4268,4456.1859967380315
4269,4456.185996738031
4270,4456.18599673803
4271,4456.1859967380315
4272,4456.185996368158
4273,4456.185997951987
4274,4456.185992792544
4275,4456.18599322135
4276,4456.186009884207
4277,4456.186009454147
4278,4456.185992171616
4279,4456.185991475164
4280,4456.185995735163
4281,4456.185993594499
4282,4456.185993234372
4283,4456.186005232678
4284,4456.1859714672655
4285,4456.186000357976
4286,4456.185998428348
4287,4456.186005528118
4288,4456.186000604565
4289,4456.185990284686
4290,4456.185984776116
4291,4456.185998292148
4292,4456.185994536264
4293,4456.185996060715
4294,4456.185994975724
4295,4456.1859930510545
4296,4456.185992811866
4297,4456.185995879718
4298,4456.185996460882
4299,4456.185989833234
4300,4456.186006838339
4301,4456.1859805921285
4302,4456.185995617249
4303,4456.185993790578
4304,4456.185994455084
4305,4456.185997051937
4306,4456.185996755609
4307,4456.185996058611
4308,4456.1860019242185
4309,4456.185995210016
4310,4456.185997256472
4311,4456.186005061111
4312,4448.039814532103
4313,4448.039814532103
4314,4448.039814532105
4315,4448.039814532101
4316,4448.039814532101
4317,4448.039814532101
4318,4448.039814532103
4319,4448.039814532102
4320,4448.039814532103
4321,4448.039828280563
4322,4448.039816828114
4323,4448.039809846277
4324,4448.039808513328
4325,4448.039817470651
4326,4448.039821109859
4327,4448.039825219717
4328,4448.039820760641
4329,4448.039814810612
4330,4448.0398085263405
4331,4448.039816083568
4332,4448.03981897107
4333,4448.039824150834
4334,4448.039818510198
4335,4448.0398160283685
4336,4448.039824559339
4337,4448.039818179624
4338,4448.0398111970135
4339,4448.039819252767
4340,4448.039816948389
4341,4448.039812131409
4342,4448.039811592118
4343,4448.039816637147
4344,4448.0398091304105
4345,4448.039816187835
4346,4448.039813593508
4347,4448.039814044178
4348,4448.039824592709
4349,4448.039812595429
4350,4448.039817087489
4351,4448.039808698549
4352,4448.039816073008
4353,4448.039813120261
4354,4448.039814775753
4355,4448.039813739912
4356,4448.039820128591
4357,4448.039814669658
4358,4448.039813140232
4359,4448.039809961698
4360,4448.039792215649
4361,4444.67578147921
4362,4444.67578147921
4363,4444.675781479209
4364,4444.67578147921
4365,4444.675781479211
4366,4444.675781479212
4367,4444.675781479212
4368,4444.67578147921
4369,4444.675781479209
4370,4444.675785603129
4371,4444.6757848184925
4372,4444.675777407639
4373,4444.675780024612
4374,4444.675777335815
4375,4444.675783272404
4376,4444.675785996773
4377,4444.675783322968
4378,4444.675781167312
4379,4444.675776471754
4380,4444.675781599962
4381,4444.675782961885
4382,4444.675792038539
4383,4444.675785424105
4384,4444.675782844493
4385,4444.675787945803
4386,4444.675782740578
4387,4444.67578276526
4388,4444.675779223155
4389,4444.675783924253
4390,4444.675779154232
4391,4444.675779309915
4392,4444.675782382901
4393,4444.6757781561355
4394,4444.675783020147
4395,4444.675780549613
4396,4444.675781401369
4397,4444.675788095793
4398,4444.675774169805
4399,4444.675792017176
4400,4444.675777366517
4401,4444.675782308112
4402,4444.675779390258
4403,4444.675781845207
4404,4444.675781094633
4405,4444.6757844356725
4406,4444.675783545076
4407,4444.675780951693
4408,4444.675777544856
4409,4444.675771686993
4410,4439.532153064496
4411,4439.532153064496
4412,4439.532153064494
4413,4439.532153064494
4414,4439.532153064496
4415,4439.532153064495
4416,4439.532153064496
4417,4439.532153064496
4418,4439.532153064496
4419,4439.532148917835
4420,4439.532157441571
4421,4439.532149719314
4422,4439.532155350203
4423,4439.532145335669
4424,4439.532151142601
4425,4439.5321504759695
4426,4439.532150242072
4427,4439.532151835251
4428,4439.532148810448
4429,4439.532151941217
4430,4439.532152425873
4431,4439.532156019117
4432,4439.532157358132
4433,4439.53215432605
4434,4439.532156250192
4435,4439.532152375912
4436,4439.53215580094
4437,4439.532142698128
4438,4439.53215640834
4439,4439.5321506654545
4440,4439.532151695208
4441,4439.532152763474
4442,4439.532151939861
4443,4439.532154866495
4444,4439.532152119176
4445,4439.532153138969
4446,4439.532154534225
4447,4439.532143640853
4448,4439.532164898224
4449,4439.532150120403
4450,4439.532152949983
4451,4439.53215045134
4452,4439.532153617978
4453,4439.532153114128
4454,4439.53215316234
4455,4439.532157706037
4456,4439.532153525124
4457,4439.532149634862
4458,4439.532160568413
4459,4433.577289040713
4460,4433.5772890407125
4461,4433.577289040712
4462,4433.57728904071
4463,4433.577289040712
4464,4433.5772890407125
4465,4433.577289040715
4466,4433.577289040713
4467,4433.577289040713
4468,4433.577276831719
4469,4433.577290848833
4470,4433.577287114364
4471,4433.577293880549
4472,4433.577280342497
4473,4433.577283267702
4474,4433.577283351066
4475,4433.577284219893
4476,4433.577288212549
4477,4433.577285569594
4478,4433.577287885231
4479,4433.577286892981
4480,4433.57729026594
4481,4433.577293392104
4482,4433.577290015295
4483,4433.577290223219
4484,4433.577287034602
4485,4433.577296154609
4486,4433.577279001346
4487,4433.577290596388
4488,4433.577286742478
4489,4433.5772881729035
4490,4433.577288429843
4491,4433.577289692416
4492,4433.5772885118495
4493,4433.577288463589
4494,4433.577288557895
4495,4433.577288795946
4496,4433.577279698904
4497,4433.577300341452
4498,4433.577286789906
4499,4433.577289106351
4500,4433.5772861919595
4501,4433.577289873701
4502,4433.577289360688
4503,4433.577286983571
4504,4433.5772949731445
4505,4433.577289606848
4506,4433.577284116887
4507,4433.57730361169
4508,4428.482710821271
4509,4428.482710821271
4510,4428.482710821273
4511,4428.482710821271
4512,4428.482710821272
4513,4428.482710821271
4514,4428.48271082127
4515,4428.482710821271
4516,4428.482710821273
4517,4428.48270880074
4518,4428.482713920946
4519,4428.482708971631
4520,4428.482714671171
4521,4428.482716832056
4522,4428.48271291018
4523,4428.482703207375
4524,4428.4827155437715
4525,4428.482709839879
4526,4428.482705967264
4527,4428.482708538526
4528,4428.482711502167
4529,4428.482684631833
4530,4428.482715057797
4531,4428.482711773002
4532,4428.482712688139
4533,4428.4827096771305
4534,4428.482708611613
4535,4428.4826967727295
4536,4428.482718091152
4537,4428.482708391236
4538,4428.482709221755
4539,4428.482708678725
4540,4428.482712869309
4541,4428.482713166737
4542,4428.482710078866
4543,4428.482710079753
4544,4428.482704279291
4545,4428.4827155760395
4546,4428.482695869469
4547,4428.482703704063
4548,4428.482709606087
4549,4428.482708739591
4550,4428.48271247083
4551,4428.482711435987
4552,4428.482705585785
4553,4428.482714214531
4554,4428.482712047719
4555,4428.482707556528
4556,4428.4827360595
4557,4421.706147465084
4558,4421.706147465083
4559,4421.706147465084
4560,4421.706147465083
4561,4421.706147465085
4562,4421.706147465084
4563,4421.706147465086
4564,4421.7061474650845
4565,4421.7061474650845
4566,4421.706136148865
4567,4421.706143271731
4568,4421.706147607396
4569,4421.706154204843
4570,4421.706150394349
4571,4421.706144268699
4572,4421.706142462395
4573,4421.706152576769
4574,4421.706148846026
4575,4421.70614387315
4576,4421.706145616191
4577,4421.706146061638
4578,4421.706141184005
4579,4421.706150682577
4580,4421.7061479781605
4581,4421.706148071016
4582,4421.706145472418
4583,4421.706156083712
4584,4421.706145190938
4585,4421.7061489751695
4586,4421.706145631459
4587,4421.706145978118
4588,4421.706145822567
4589,4421.7061500581585
4590,4421.706143330646
4591,4421.706147533195
4592,4421.706145911089
4593,4421.706145792177
4594,4421.706148870226
4595,4421.706141602861
4596,4421.706141876178
4597,4421.706148134507
4598,4421.706145413381
4599,4421.706149339011
4600,4421.706148255114
4601,4421.706141633469
4602,4421.706149400178
4603,4421.706147521518
4604,4421.706143250619
4605,4421.706159771194
4606,4416.318917166048
4607,4416.318917166048
4608,4416.318917166048
4609,4416.31891716605
4610,4416.318917166048
4611,4416.318917166047
4612,4416.318917166049
4613,4416.318917166049
4614,4416.31891716605
4615,4416.318912058421
4616,4416.318910235756
4617,4416.3189176373935
4618,4416.318924034695
4619,4416.318920216543
4620,4416.3189110516805
4621,4416.318916859722
4622,4416.31892450294
4623,4416.318919319382
4624,4416.318913442001
4625,4416.318915975302
4626,4416.318915144836
4627,4416.31891688812
4628,4416.318919882041
4629,4416.318917601938
4630,4416.318916401963
4631,4416.31891802375
4632,4416.318924324076
4633,4416.318920340006
4634,4416.318917047464
4635,4416.318915612368
4636,4416.318915257172
4637,4416.318916029068
4638,4416.318919213485
4639,4416.318912002404
4640,4416.318917421235
4641,4416.318915385056
4642,4416.318918766354
4643,4416.318916627613
4644,4416.318913482749
4645,4416.318911454347
4646,4416.3189183130435
4647,4416.318915572718
4648,4416.318918939562
4649,4416.3189178822595
4650,4416.318912528496
4651,4416.318916886927
4652,4416.318916769156
4653,4416.318913930518
4654,4416.318921015351
4655,4403.936720676691
4656,4403.936720676689
4657,4403.936720676691
4658,4403.936720676691
4659,4403.93672067669
4660,4403.93672067669
4661,4403.936720676689
4662,4403.93672067669
4663,4403.936720676689
4664,4403.936718910741
4665,4403.936713929398
4666,4403.936721202283
4667,4403.936722202949
4668,4403.936729059695
4669,4403.936723440238
4670,4403.936723847107
4671,4403.93673180638
4672,4403.936723027577
4673,4403.936715998601
4674,4403.936722642358
4675,4403.936720105382
4676,4403.93674632344
4677,4403.936722702376
4678,4403.936721514405
4679,4403.936727053562
4680,4403.93671503864
4681,4403.936725052792
4682,4403.936741552207
4683,4403.936722038982
4684,4403.936719065467
4685,4403.936717981236
4686,4403.936722975461
4687,4403.936717739797
4688,4403.936715969768
4689,4403.936721069301
4690,4403.936718028043
4691,4403.936731248547
4692,4403.936721491457
4693,4403.936722217294
4694,4403.936711806296
4695,4403.936725650559
4696,4403.936720081173
4697,4403.93672279772
4698,4403.936721247862
4699,4403.936723130077
4700,4403.936717040654
4701,4403.93671967381
4702,4403.9367230565285
4703,4403.936699490088
4704,4397.488311726823
4705,4397.488311726818
4706,4397.488311726822
4707,4397.48831172682
4708,4397.488311726819
4709,4397.488311726821
4710,4397.48831172682
4711,4397.488311726821
4712,4397.488311726824
4713,4397.488334033756
4714,4397.4883014594025
4715,4397.488312386042
4716,4397.488315469932
4717,4397.488318819705
4718,4397.4882993167785
4719,4397.488321605261
4720,4397.4883163735985
4721,4397.488312564863
4722,4397.488308246158
4723,4397.488313869126
4724,4397.4883089432715
4725,4397.488314442182
4726,4397.488313541277
4727,4397.488312548385
4728,4397.488307001867
4729,4397.488321985055
4730,4397.488300286995
4731,4397.48832511532
4732,4397.488310790837
4733,4397.48831077019
4734,4397.488309816967
4735,4397.488312981759
4736,4397.48831024297
4737,4397.488308450605
4738,4397.488312332618
4739,4397.4883096549565
4740,4397.488318347609
4741,4397.488306950046
4742,4397.488309064714
4743,4397.48830619834
4744,4397.488313761798
4745,4397.4883109956845
4746,4397.488312846051
4747,4397.488311996027
4748,4397.488313638892
4749,4397.488309341252
4750,4397.488311164498
4751,4397.488315698198
4752,4397.488303468958
4753,4390.9143731589875
4754,4390.914373158985
4755,4390.914373158985
4756,4390.914373158984
4757,4390.914373158987
4758,4390.914373158986
4759,4390.914373158986
4760,4390.914373158986
4761,4390.914373158986
4762,4390.914394883808
4763,4390.914365853592
4764,4390.914373818761
4765,4390.914376766046
4766,4390.914376500607
4767,4390.914361773717
4768,4390.914378475605
4769,4390.914376486359
4770,4390.914373201969
4771,4390.914369294714
4772,4390.914375436589
4773,4390.914369812879
4774,4390.914377302257
4775,4390.914375278596
4776,4390.914374063285
4777,4390.914369175234
4778,4390.9143792069835
4779,4390.914361173735
4780,4390.9143848117665
4781,4390.914373846092
4782,4390.914372225427
4783,4390.914371130776
4784,4390.914374794866
4785,4390.9143711764555
4786,4390.9143736414
4787,4390.91437360003
4788,4390.9143711390425
4789,4390.914379312885
4790,4390.914365649208
4791,4390.91437567779
4792,4390.914366318736
4793,4390.914375822739
4794,4390.91437247688
4795,4390.914374427635
4796,4390.914373593181
4797,4390.914376126811
4798,4390.914369393065
4799,4390.914373114537
4800,4390.9143787180265
4801,4390.914369222181
4802,4373.66619235693
4803,4373.666192356929
4804,4373.666192356929
4805,4373.666192356928
4806,4373.666192356929
4807,4373.666192356929
4808,4373.66619235693
4809,4373.666192356929
4810,4373.666192356928
4811,4373.666198736144
4812,4373.666193381845
4813,4373.66619252837
4814,4373.666186977888
4815,4373.666195683494
4816,4373.666196025262
4817,4373.666193337155
4818,4373.6661884620735
4819,4373.666190703655
4820,4373.666191089735
4821,4373.666197287387
4822,4373.666194835223
4823,4373.6661981111865
4824,4373.666193554491
4825,4373.666193458044
4826,4373.666198830823
4827,4373.666186431821
4828,4373.666186878398
4829,4373.666205664545
4830,4373.666194170831
4831,4373.666191199331
4832,4373.666191925575
4833,4373.666196674134
4834,4373.666187380641
4835,4373.666197323584
4836,4373.666193003262
4837,4373.666189512021
4838,4373.66619888938
4839,4373.666192006733
4840,4373.666191828641
4841,4373.666188509375
4842,4373.6661946781915
4843,4373.666190629062
4844,4373.666193889174
4845,4373.666192428119
4846,4373.666199404023
4847,4373.6661945318865
4848,4373.666191811799
4849,4373.666192141375
4850,4373.666185430885
4851,4362.903390909166
4852,4362.903390909169
4853,4362.903390909167
4854,4362.903390909167
4855,4362.903390909168
4856,4362.903390909167
4857,4362.903390909166
4858,4362.903390909169
4859,4362.903390909169
4860,4362.903393718301
4861,4362.903390322965
4862,4362.903391669493
4863,4362.903391804015
4864,4362.903389986694
4865,4362.903389194025
4866,4362.903387521153
4867,4362.903384732871
4868,4362.903389917361
4869,4362.903390948119
4870,4362.903391324277
4871,4362.903392681072
4872,4362.903373639198
4873,4362.903391393584
4874,4362.903391441032
4875,4362.90339056311
4876,4362.903389001354
4877,4362.903387912963
4878,4362.903388793307
4879,4362.903391317704
4880,4362.903390281889
4881,4362.903390945629
4882,4362.903391450554
4883,4362.903390495065
4884,4362.903396097043
4885,4362.903391834257
4886,4362.903388573838
4887,4362.903387993066
4888,4362.90339018238
4889,4362.9033847758365
4890,4362.903389876285
4891,4362.903389939105
4892,4362.903389105287
4893,4362.903392429173
4894,4362.9033916169565
4895,4362.903390555344
4896,4362.903392329163
4897,4362.903390335076
4898,4362.903389609204
4899,4362.903405862086
4900,4356.119075764103
4901,4356.119075764102
4902,4356.119075764105
4903,4356.119075764103
4904,4356.119075764102
4905,4356.119075764103
4906,4356.119075764104
4907,4356.119075764105
4908,4356.119075764102
4909,4356.119065057469
4910,4356.1190773148355
4911,4356.119076441684
4912,4356.119076668785
4913,4356.11907059304
4914,4356.119080263324
4915,4356.11907163989
4916,4356.119071690453
4917,4356.119075577384
4918,4356.119075719421
4919,4356.119075497755
4920,4356.119077320242
4921,4356.119080052636
4922,4356.119075154207
4923,4356.119076074181
4924,4356.119080033876
4925,4356.119065554739
4926,4356.119084632597
4927,4356.1190798050575
4928,4356.119076842119
4929,4356.119075101567
4930,4356.119075499487
4931,4356.119076405021
4932,4356.119075131013
4933,4356.119081610581
4934,4356.119076995685
4935,4356.119073778674
4936,4356.119076472253
4937,4356.119073779094
4938,4356.119077804485
4939,4356.119073469778
4940,4356.119077128252
4941,4356.119074017864
4942,4356.119077714357
4943,4356.1190765805595
4944,4356.119075415383
4945,4356.119076731091
4946,4356.1190752774
4947,4356.119072996355
4948,4356.1190783135435
4949,4350.773459291411
4950,4350.773459291414
4951,4350.773459291413
4952,4350.773459291415
4953,4350.773459291415
4954,4350.773459291414
4955,4350.773459291413
4956,4350.773459291413
4957,4350.773459291413
4958,4350.773450591398
4959,4350.773457657996
4960,4350.773459782314
4961,4350.7734621466525
4962,4350.7734534054425
4963,4350.773460661189
4964,4350.773459235965
4965,4350.773451822134
4966,4350.773459213766
4967,4350.773460373554
4968,4350.7734568910355
4969,4350.773460343812
4970,4350.773460652017
4971,4350.773457832046
4972,4350.773459391718
4973,4350.773460609995
4974,4350.773455626921
4975,4350.773469358909
4976,4350.773461764795
4977,4350.773457860479
4978,4350.773458916587
4979,4350.773459673539
4980,4350.773458338272
4981,4350.773460018243
4982,4350.773462114151
4983,4350.773461073946
4984,4350.773458197766
4985,4350.773457924193
4986,4350.773456554763
4987,4350.773459287085
4988,4350.773459558575
4989,4350.77345981327
4990,4350.773457601857
4991,4350.773460806252
4992,4350.773460077161
4993,4350.773456468221
4994,4350.773462692996
4995,4350.773458731665
4996,4350.773455645409
4997,4350.773460601215
4998,4353.579173902965
4999,4353.579173902964
5000,4353.5791739029655
5001,4353.579173902964
5002,4353.579173902964
5003,4353.5791739029655
5004,4353.579173902964
5005,4353.579173902965
5006,4353.579173902964
5007,4353.579195750211
5008,4353.579174954702
5009,4353.579170880988
5010,4353.579167127587
5011,4353.579173174361
5012,4353.57918316089
5013,4353.579191621293
5014,4353.579186988492
5015,4353.579174717358
5016,4353.57916877011
5017,4353.579174251451
5018,4353.57917837856
5019,4353.579187608339
5020,4353.579172090017
5021,4353.579174176723
5022,4353.579182217381
5023,4353.57917384885
5024,4353.579172723726
5025,4353.579190444198
5026,4353.579177029661
5027,4353.579172967569
5028,4353.579170028246
5029,4353.579175471571
5030,4353.579169768073
5031,4353.579184808958
5032,4353.579174334573
5033,4353.579173522182
5034,4353.579187883186
5035,4353.579172940779
5036,4353.579170234055
5037,4353.579164574373
5038,4353.579177459776
5039,4353.5791754531065
5040,4353.579174954292
5041,4353.579173860582
5042,4353.579180358919
5043,4353.57916519107
5044,4353.579174000138
5045,4353.579169086884
5046,4353.579137903265
5047,4348.727365396574
5048,4348.727365396573
5049,4348.727365396575
5050,4348.727365396574
5051,4348.727365396573
5052,4348.727365396574
5053,4348.727365396573
5054,4348.727365396571
5055,4348.727365396573
5056,4348.727368618958
5057,4348.727364678635
5058,4348.727364567561
5059,4348.727364561095
5060,4348.727361491098
5061,4348.727369445571
5062,4348.7273724955285
5063,4348.72736566307
5064,4348.727365678759
5065,4348.727364164679
5066,4348.727364143322
5067,4348.727367680605
5068,4348.727371276777
5069,4348.72736381619
5070,4348.727365568675
5071,4348.727369233654
5072,4348.727363519312
5073,4348.7273709402425
5074,4348.727373197196
5075,4348.727365599462
5076,4348.727364812259
5077,4348.727364190386
5078,4348.7273654549335
5079,4348.72736430049
5080,4348.727371096392
5081,4348.7273666946885
5082,4348.727364553489
5083,4348.727369859577
5084,4348.727363233123
5085,4348.727363864384
5086,4348.727362129639
5087,4348.727367009141
5088,4348.727364915803
5089,4348.72736671291
5090,4348.72736584385
5091,4348.72736607821
5092,4348.727364353026
5093,4348.727365044072
5094,4348.727361182924
5095,4348.727352434061
5096,4344.98355625895
5097,4344.983556258951
5098,4344.98355625895
5099,4344.98355625895
5100,4344.98355625895
5101,4344.983556258948
5102,4344.98355625895
5103,4344.98355625895
5104,4344.983556258949
5105,4344.983559254779
5106,4344.98355346314
5107,4344.983555617468
5108,4344.983556996376
5109,4344.98355744152
5110,4344.983560350993
5111,4344.98356106925
5112,4344.983555283274
5113,4344.983555684434
5114,4344.983555469938
5115,4344.983553154468
5116,4344.9835573590035
5117,4344.983559918759
5118,4344.983554080068
5119,4344.98355644381
5120,4344.983558286817
5121,4344.9835562824765
5122,4344.983557996894
5123,4344.983561253067
5124,4344.983556369161
5125,4344.983555820261
5126,4344.98355561359
5127,4344.983555207037
5128,4344.983555460649
5129,4344.983558048609
5130,4344.983557876321
5131,4344.983556311455
5132,4344.983556188153
5133,4344.98355646746
5134,4344.983551395654
5135,4344.983554411316
5136,4344.9835573977725
5137,4344.983556055467
5138,4344.983557419793
5139,4344.983556951749
5140,4344.98355569567
5141,4344.983555381015
5142,4344.983556791624
5143,4344.9835573118635
5144,4344.983546880158
5145,4353.014442927353
5146,4353.014442927352
5147,4353.0144429273505
5148,4353.014442927351
5149,4353.014442927353
5150,4353.01444292735
5151,4353.0144429273505
5152,4353.014442927352
5153,4353.014442927351
5154,4353.014435920751
5155,4353.014443800087
5156,4353.014442151709
5157,4353.014450620718
5158,4353.014416447281
5159,4353.014426215922
5160,4353.0144412714435
5161,4353.014440440057
5162,4353.014441253344
5163,4353.014442201975
5164,4353.014441119181
5165,4353.014434046017
5166,4353.014479761792
5167,4353.0144414782435
5168,4353.01444321847
5169,4353.014437072144
5170,4353.0144402983415
5171,4353.014453415893
5172,4353.014439463956
5173,4353.014438796107
5174,4353.014442662018
5175,4353.014442520903
5176,4353.01444285274
5177,4353.014442284824
5178,4353.014444111479
5179,4353.014444195467
5180,4353.014443527079
5181,4353.014445131825
5182,4353.014414615319
5183,4353.014483705308
5184,4353.014442399007
5185,4353.014444159798
5186,4353.014441607519
5187,4353.014443408768
5188,4353.014443564882
5189,4353.014443298898
5190,4353.014440009713
5191,4353.01444494016
5192,4353.014443237405
5193,4353.0144366974355
5194,4343.760393589443
5195,4343.760393589444
5196,4343.760393589445
5197,4343.760393589443
5198,4343.760393589444
5199,4343.760393589444
5200,4343.760393589441
5201,4343.760393589443
5202,4343.760393589442
5203,4343.7603940291565
5204,4343.76039180093
5205,4343.760392902532
5206,4343.760395936365
5207,4343.760387988591
5208,4343.7603926401225
5209,4343.7603967316845
5210,4343.760392226242
5211,4343.760392709916
5212,4343.760392847299
5213,4343.760390858398
5214,4343.760392310741
5215,4343.760405006561
5216,4343.760391601908
5217,4343.76039380345
5218,4343.760393715943
5219,4343.76039298212
5220,4343.760397417387
5221,4343.760396214119
5222,4343.7603926386255
5223,4343.76039319001
5224,4343.7603930265195
5225,4343.760392803296
5226,4343.760392840397
5227,4343.760395193264
5228,4343.760395114361
5229,4343.760393777153
5230,4343.760393961336
5231,4343.760386861474
5232,4343.760399837392
5233,4343.760392138899
5234,4343.760394682156
5235,4343.76039309822
5236,4343.760394567963
5237,4343.760394252445
5238,4343.760393268089
5239,4343.760392269118
5240,4343.760394497443
5241,4343.760394320659
5242,4343.760385196175
5243,4342.091074022066
5244,4342.0910740220625
5245,4342.091074022063
5246,4342.091074022063
5247,4342.0910740220625
5248,4342.091074022063
5249,4342.091074022064
5250,4342.091074022064
5251,4342.0910740220625
5252,4342.091075302374
5253,4342.091073184006
5254,4342.091073242087
5255,4342.091075395756
5256,4342.091072805739
5257,4342.0910738592065
5258,4342.091074774806
5259,4342.091073019718
5260,4342.091072311622
5261,4342.091073444043
5262,4342.0910717109455
5263,4342.091073502277
5264,4342.091074044873
5265,4342.09107224015
5266,4342.0910743822205
5267,4342.0910736369
5268,4342.091074024233
5269,4342.0910721287255
5270,4342.0910706539
5271,4342.091074204213
5272,4342.091073512194
5273,4342.0910737765835
5274,4342.0910733638375
5275,4342.091073264288
5276,4342.091075042417
5277,4342.0910754000615
5278,4342.091074015374
5279,4342.091071073178
5280,4342.091070784195
5281,4342.09107416579
5282,4342.091073405686
5283,4342.091073699004
5284,4342.091073554895
5285,4342.091074923052
5286,4342.091074709747
5287,4342.091073686573
5288,4342.0910728995495
5289,4342.091075281216
5290,4342.091075788937
5291,4342.091074426664
5292,4341.3788664805825
5293,4341.378866480581
5294,4341.37886648058
5295,4341.378866480582
5296,4341.378866480581
5297,4341.3788664805825
5298,4341.3788664805825
5299,4341.3788664805825
5300,4341.3788664805825
5301,4341.37886596871
5302,4341.378866639766
5303,4341.37886572433
5304,4341.378866286907
5305,4341.378866801148
5306,4341.378867636815
5307,4341.378865973871
5308,4341.378866163328
5309,4341.378864451992
5310,4341.378865903579
5311,4341.378865392221
5312,4341.378866564736
5313,4341.3788656639435
5314,4341.378864824073
5315,4341.378866934935
5316,4341.378867295568
5317,4341.3788644414335
5318,4341.378863117242
5319,4341.378862687831
5320,4341.378867050542
5321,4341.378865865043
5322,4341.378866285206
5323,4341.378866690686
5324,4341.378865032565
5325,4341.378867554461
5326,4341.37886774525
5327,4341.37886605768
5328,4341.378863643221
5329,4341.378864734371
5330,4341.378865683221
5331,4341.3788659826505
5332,4341.37886597374
5333,4341.378866034176
5334,4341.378867413768
5335,4341.3788671535995
5336,4341.3788674927255
5337,4341.378865147079
5338,4341.3788678307765
5339,4341.378868235921
5340,4341.378868145496
5341,4340.162516362251
5342,4340.162516362252
5343,4340.162516362251
5344,4340.162516362252
5345,4340.162516362252
5346,4340.162516362251
5347,4340.162516362252
5348,4340.162516362251
5349,4340.162516362248
5350,4340.162519478206
5351,4340.162514953569
5352,4340.162515899694
5353,4340.162515045373
5354,4340.162517928812
5355,4340.162514800047
5356,4340.162517818952
5357,4340.162516137596
5358,4340.162514414133
5359,4340.162516059919
5360,4340.162517133851
5361,4340.16251654995
5362,4340.162511574166
5363,4340.162514832515
5364,4340.162516830175
5365,4340.1625161321235
5366,4340.162516248355
5367,4340.162510228147
5368,4340.162513702987
5369,4340.1625153593695
5370,4340.1625158230345
5371,4340.16251622901
5372,4340.162517566585
5373,4340.162514664472
5374,4340.1625167357615
5375,4340.16251759295
5376,4340.162515288107
5377,4340.162514376342
5378,4340.162515165257
5379,4340.162513487681
5380,4340.162516736989
5381,4340.162515332819
5382,4340.1625159654295
5383,4340.1625171493515
5384,4340.162516915515
5385,4340.162518633121
5386,4340.162514781782
5387,4340.162517437023
5388,4340.1625173134025
5389,4340.162518549101
5390,4337.825714160015
5391,4337.825714160015
5392,4337.825714160014
5393,4337.825714160014
5394,4337.825714160014
5395,4337.825714160013
5396,4337.8257141600125
5397,4337.8257141600125
5398,4337.8257141600125
5399,4337.825709555176
5400,4337.825713825933
5401,4337.825713897601
5402,4337.825710138652
5403,4337.825716345325
5404,4337.825715585005
5405,4337.825713662236
5406,4337.825716280591
5407,4337.82571248929
5408,4337.825713716891
5409,4337.825717669073
5410,4337.825715334523
5411,4337.825716456226
5412,4337.825712814576
5413,4337.825714635993
5414,4337.825717313273
5415,4337.825707705682
5416,4337.825711444372
5417,4337.825715560984
5418,4337.825711875498
5419,4337.825713440587
5420,4337.825713821218
5421,4337.8257172906515
5422,4337.825711386738
5423,4337.82571398017
5424,4337.825715281001
5425,4337.82571208729
5426,4337.825714653264
5427,4337.825715115055
5428,4337.825712985012
5429,4337.825714147259
5430,4337.825713550841
5431,4337.825714090063
5432,4337.82571509377
5433,4337.825714668447
5434,4337.82571889819
5435,4337.825711690055
5436,4337.825715021838
5437,4337.825713085273
5438,4337.825712297368
5439,4334.969967311659
5440,4334.969967311657
5441,4334.969967311655
5442,4334.9699673116575
5443,4334.969967311656
5444,4334.969967311659
5445,4334.969967311656
5446,4334.969967311656
5447,4334.969967311658
5448,4334.969965766532
5449,4334.9699651626215
5450,4334.96996734983
5451,4334.969963754084
5452,4334.969969030868
5453,4334.9699652047875
5454,4334.969968189778
5455,4334.969969969237
5456,4334.969966132952
5457,4334.969967100516
5458,4334.969972148328
5459,4334.969968139432
5460,4334.969964524022
5461,4334.9699661582445
5462,4334.969967653668
5463,4334.969968365952
5464,4334.969963019402
5465,4334.9699649587
5466,4334.969969185655
5467,4334.969962689532
5468,4334.969966707012
5469,4334.969966925084
5470,4334.969970789988
5471,4334.969965640454
5472,4334.969966571867
5473,4334.969968446084
5474,4334.969964691984
5475,4334.969968107758
5476,4334.969968432676
5477,4334.969964180659
5478,4334.969967591951
5479,4334.969965972998
5480,4334.969967471402
5481,4334.969968117399
5482,4334.96996768888
5483,4334.96997139096
5484,4334.96996464465
5485,4334.969967774022
5486,4334.969963705717
5487,4334.969967349168
5488,4330.213307642533
5489,4330.213307642533
5490,4330.213307642532
5491,4330.213307642533
5492,4330.2133076425325
5493,4330.2133076425325
5494,4330.213307642535
5495,4330.213307642535
5496,4330.213307642533
5497,4330.213301353056
5498,4330.213304241877
5499,4330.213307664615
5500,4330.213302891434
5501,4330.2133093642105
5502,4330.213308099784
5503,4330.213310596649
5504,4330.213312678905
5505,4330.213307437437
5506,4330.2133071710205
5507,4330.213314317196
5508,4330.213308549268
5509,4330.213321737655
5510,4330.2133064388045
5511,4330.213307744195
5512,4330.213311579244
5513,4330.213299642461
5514,4330.213313464349
5515,4330.213320837767
5516,4330.213300602285
5517,4330.213306901209
5518,4330.213306918557
5519,4330.213312275029
5520,4330.213305844954
5521,4330.213304656806
5522,4330.213309010209
5523,4330.213304833378
5524,4330.213313917009
5525,4330.213310183347
5526,4330.213307601671
5527,4330.213306474903
5528,4330.213307456585
5529,4330.213308507671
5530,4330.213308427858
5531,4330.213307786115
5532,4330.213313089916
5533,4330.213305964368
5534,4330.213307768845
5535,4330.213300849208
5536,4330.213292920683
5537,4325.222560681867
5538,4325.222560681865
5539,4325.222560681868
5540,4325.2225606818665
5541,4325.222560681868
5542,4325.222560681865
5543,4325.2225606818665
5544,4325.2225606818665
5545,4325.222560681867
5546,4325.222565389134
5547,4325.222556908634
5548,4325.222560247854
5549,4325.222559106161
5550,4325.222562403785
5551,4325.222556711412
5552,4325.222563428349
5553,4325.222562911037
5554,4325.22255971221
5555,4325.2225608259305
5556,4325.2225656370165
5557,4325.222560767326
5558,4325.222554714522
5559,4325.2225598295
5560,4325.22256064441
5561,4325.222558926879
5562,4325.22256090884
5563,4325.2225628778815
5564,4325.222565220387
5565,4325.222553893012
5566,4325.222560053783
5567,4325.222560518538
5568,4325.22256338005
5569,4325.2225622904025
5570,4325.22255825607
5571,4325.222562231582
5572,4325.222558644603
5573,4325.222562110443
5574,4325.222563631396
5575,4325.222553365099
5576,4325.222559663022
5577,4325.22255815257
5578,4325.2225617562335
5579,4325.222561050418
5580,4325.222560600541
5581,4325.222561504109
5582,4325.22256213687
5583,4325.222561044642
5584,4325.222551496672
5585,4325.2225593978
5586,4321.439204300849
5587,4321.439204300848
5588,4321.439204300848
5589,4321.439204300847
5590,4321.439204300847
5591,4321.439204300848
5592,4321.43920430085
5593,4321.439204300848
5594,4321.43920430085
5595,4321.439207523198
5596,4321.4392030430145
5597,4321.439203434749
5598,4321.43920497935
5599,4321.439204924668
5600,4321.439202426909
5601,4321.43920358051
5602,4321.43920451983
5603,4321.439202485466
5604,4321.439204554919
5605,4321.439206664719
5606,4321.439203300057
5607,4321.439201438662
5608,4321.439203298702
5609,4321.439204173096
5610,4321.439202146329
5611,4321.439203576147
5612,4321.4392081375245
5613,4321.439205945296
5614,4321.439200317432
5615,4321.439203640605
5616,4321.439204505674
5617,4321.439205501277
5618,4321.439207051169
5619,4321.439202445689
5620,4321.439206082242
5621,4321.439203509515
5622,4321.439203653922
5623,4321.439206125166
5624,4321.439199355788
5625,4321.439202607967
5626,4321.439201883078
5627,4321.439205173056
5628,4321.439204676377
5629,4321.439204275054
5630,4321.4392028654565
5631,4321.43920826895
5632,4321.439205458197
5633,4321.439196793352
5634,4321.439205750292
5635,4315.870501715344
5636,4315.870501715345
5637,4315.870501715346
5638,4315.870501715344
5639,4315.870501715346
5640,4315.870501715346
5641,4315.870501715346
5642,4315.870501715344
5643,4315.870501715346
5644,4315.8705116280735
5645,4315.870503286508
5646,4315.870499955547
5647,4315.8705036263855
5648,4315.870502693243
5649,4315.87050274248
5650,4315.870500830048
5651,4315.870503625052
5652,4315.870499297521
5653,4315.870500689404
5654,4315.870501686637
5655,4315.870499751571
5656,4315.870503667198
5657,4315.870500475583
5658,4315.87050153093
5659,4315.870499590508
5660,4315.870501171889
5661,4315.870502133292
5662,4315.870502551712
5663,4315.870503451371
5664,4315.870500977604
5665,4315.870501331018
5666,4315.870501657686
5667,4315.870504755963
5668,4315.870502709147
5669,4315.870503321317
5670,4315.870502314851
5671,4315.870502772144
5672,4315.870501666862
5673,4315.87049871036
5674,4315.870497693921
5675,4315.870500555587
5676,4315.8705026151765
5677,4315.870502111729
5678,4315.870501657634
5679,4315.8704999128495
5680,4315.870505189103
5681,4315.870503760865
5682,4315.87049865997
5683,4315.8705006437
5684,4318.03305405214
5685,4318.03305405214
5686,4318.033054052138
5687,4318.03305405214
5688,4318.033054052138
5689,4318.033054052138
5690,4318.03305405214
5691,4318.033054052139
5692,4318.033054052138
5693,4318.033030751378
5694,4318.033061737244
5695,4318.03305429385
5696,4318.033064197549
5697,4318.033053252578
5698,4318.033058287741
5699,4318.033026561222
5700,4318.033033242827
5701,4318.033048398656
5702,4318.033058397416
5703,4318.0330482805675
5704,4318.033049543981
5705,4318.033046673326
5706,4318.033052859374
5707,4318.033053880967
5708,4318.033049166731
5709,4318.0330419276015
5710,4318.033059605068
5711,4318.033032548068
5712,4318.0330597779985
5713,4318.033054071253
5714,4318.033057919026
5715,4318.0330505503825
5716,4318.033061261764
5717,4318.033050745922
5718,4318.033057076936
5719,4318.033055606404
5720,4318.033035856877
5721,4318.033053624267
5722,4318.033056202462
5723,4318.0330589421055
5724,4318.033051003753
5725,4318.033051952904
5726,4318.033054788321
5727,4318.033055004625
5728,4318.033043983259
5729,4318.033070562255
5730,4318.033057033282
5731,4318.033059843548
5732,4318.033097221827
5733,4312.742177734107
5734,4312.742177734106
5735,4312.742177734108
5736,4312.742177734107
5737,4312.74217773411
5738,4312.742177734107
5739,4312.74217773411
5740,4312.742177734107
5741,4312.742177734108
5742,4312.742173238195
5743,4312.74218177634
5744,4312.742176892868
5745,4312.742183366274
5746,4312.742177887549
5747,4312.742179645944
5748,4312.742165405705
5749,4312.742169551136
5750,4312.742173897275
5751,4312.742179124929
5752,4312.742175197611
5753,4312.742174595343
5754,4312.742174643663
5755,4312.742176530438
5756,4312.7421775539715
5757,4312.742174057698
5758,4312.7421726599605
5759,4312.7421801310875
5760,4312.742168417576
5761,4312.74218103547
5762,4312.742177296093
5763,4312.742179265273
5764,4312.742176147862
5765,4312.742182674115
5766,4312.742176692621
5767,4312.742179972008
5768,4312.74217871882
5769,4312.742170207142
5770,4312.742177439668
5771,4312.74217666307
5772,4312.742177801732
5773,4312.742175575937
5774,4312.742177336946
5775,4312.742178268281
5776,4312.742178118109
5777,4312.742172156968
5778,4312.742187048477
5779,4312.742180160555
5780,4312.742178385501
5781,4312.742196684708
5782,4308.192715164947
5783,4308.192715164948
5784,4308.192715164949
5785,4308.192715164947
5786,4308.192715164949
5787,4308.192715164947
5788,4308.192715164947
5789,4308.192715164947
5790,4308.192715164946
5791,4308.192716553563
5792,4308.192718939116
5793,4308.192713937918
5794,4308.19271888499
5795,4308.192717739837
5796,4308.192719432465
5797,4308.192706794541
5798,4308.192710066482
5799,4308.192711871118
5800,4308.192715259726
5801,4308.192713386161
5802,4308.19271281376
5803,4308.19271782026
5804,4308.192713897413
5805,4308.192714981724
5806,4308.192713375861
5807,4308.192710143021
5808,4308.192714105446
5809,4308.1927113718875
5810,4308.19272064532
5811,4308.192714655852
5812,4308.192715737359
5813,4308.192714232283
5814,4308.192718833534
5815,4308.192715333753
5816,4308.192717102987
5817,4308.192716147804
5818,4308.192713084275
5819,4308.192715344725
5820,4308.19271355853
5821,4308.192713913844
5822,4308.19271449016
5823,4308.192715140466
5824,4308.192715682203
5825,4308.192715410174
5826,4308.192712326084
5827,4308.192722211811
5828,4308.192717385242
5829,4308.192718281821
5830,4308.192724893492
5831,4301.4925646030415
5832,4301.492564603043
5833,4301.492564603043
5834,4301.492564603045
5835,4301.492564603043
5836,4301.492564603043
5837,4301.492564603045
5838,4301.492564603044
5839,4301.492564603043
5840,4301.492570819377
5841,4301.492566162252
5842,4301.492563424884
5843,4301.492565691568
5844,4301.492567785151
5845,4301.492568248475
5846,4301.492562423624
5847,4301.492564099717
5848,4301.492563107441
5849,4301.492563018289
5850,4301.492565629794
5851,4301.492563251292
5852,4301.492574248844
5853,4301.492563604679
5854,4301.492564431698
5855,4301.492564539206
5856,4301.49255945894
5857,4301.4925605496
5858,4301.492568824123
5859,4301.492569751126
5860,4301.49256402629
5861,4301.492563624615
5862,4301.492565440122
5863,4301.492566415811
5864,4301.492565834675
5865,4301.49256595688
5866,4301.492564429154
5867,4301.492571013339
5868,4301.492563564519
5869,4301.492564687176
5870,4301.492562763785
5871,4301.492565722762
5872,4301.49256525697
5873,4301.492565082123
5874,4301.492564689894
5875,4301.4925659093
5876,4301.49256662482
5877,4301.4925656152545
5878,4301.492568917427
5879,4301.492562813004
5880,4296.774672935801
5881,4296.774672935803
5882,4296.774672935803
5883,4296.774672935802
5884,4296.774672935801
5885,4296.7746729358005
5886,4296.774672935802
5887,4296.7746729358005
5888,4296.774672935802
5889,4296.774681721733
5890,4296.774670798798
5891,4296.774671910104
5892,4296.7746724722565
5893,4296.774679543442
5894,4296.774675958266
5895,4296.774674895558
5896,4296.774673652845
5897,4296.7746728329985
5898,4296.77467104699
5899,4296.774675411711
5900,4296.774673565257
5901,4296.774674086306
5902,4296.774672241578
5903,4296.774672783931
5904,4296.774672707727
5905,4296.774670792206
5906,4296.77466609818
5907,4296.774678689968
5908,4296.774675608628
5909,4296.774672386604
5910,4296.774671402595
5911,4296.77467441304
5912,4296.774674466778
5913,4296.77467257815
5914,4296.77467405409
5915,4296.774671700715
5916,4296.774681081504
5917,4296.774675304845
5918,4296.774665866016
5919,4296.774672606751
5920,4296.7746736070985
5921,4296.774674226627
5922,4296.774673256408
5923,4296.774672953987
5924,4296.774675092462
5925,4296.774672870677
5926,4296.774672592072
5927,4296.7746764576
5928,4296.774670121601
5929,4293.644571682523
5930,4293.644571682525
5931,4293.6445716825265
5932,4293.644571682525
5933,4293.644571682526
5934,4293.6445716825265
5935,4293.644571682525
5936,4293.644571682525
5937,4293.644571682525
5938,4293.6445676273925
5939,4293.644570014551
5940,4293.644570970211
5941,4293.644573585884
5942,4293.64456450126
5943,4293.644570120302
5944,4293.644571445523
5945,4293.644576202521
5946,4293.644574395285
5947,4293.644568332822
5948,4293.644575155319
5949,4293.644570450696
5950,4293.644596022028
5951,4293.644571547977
5952,4293.644571450814
5953,4293.64457221876
5954,4293.6445626358845
5955,4293.644578107706
5956,4293.644582047807
5957,4293.644569779946
5958,4293.644571149481
5959,4293.6445685753315
5960,4293.644573863883
5961,4293.6445729987045
5962,4293.64457257119
5963,4293.644572280671
5964,4293.64456934033
5965,4293.644585824669
5966,4293.644562694826
5967,4293.644586459934
5968,4293.644570030963
5969,4293.644574308452
5970,4293.644573397636
5971,4293.644572222168
5972,4293.644571949858
5973,4293.644573942963
5974,4293.644565424603
5975,4293.644569851406
5976,4293.644571694659
5977,4293.644559226301
5978,4290.038444228206
5979,4290.038444228203
5980,4290.038444228203
5981,4290.038444228206
5982,4290.038444228205
5983,4290.038444228207
5984,4290.038444228206
5985,4290.038444228206
5986,4290.038444228205
5987,4290.038445973446
5988,4290.038438471165
5989,4290.0384436553995
5990,4290.038446593079
5991,4290.038444003598
5992,4290.038441497097
5993,4290.038445474963
5994,4290.038443355032
5995,4290.038446351647
5996,4290.03844266649
5997,4290.0384464135495
5998,4290.038444508518
5999,4290.038443694898
6000,4290.038444156219
6001,4290.03844402607
6002,4290.0384411280165
6003,4290.038443863298
6004,4290.038444932133
6005,4290.038448012491
6006,4290.038440244013
6007,4290.038444007109
6008,4290.038442340435
6009,4290.038445201579
6010,4290.038447258343
6011,4290.038441192083
6012,4290.0384452625985
6013,4290.0384420442015
6014,4290.038451024217
6015,4290.038442292463
6016,4290.038442754968
6017,4290.038445857434
6018,4290.038444054031
6019,4290.038445756383
6020,4290.038444388824
6021,4290.038444439159
6022,4290.03844349405
6023,4290.038441991024
6024,4290.03844201893
6025,4290.038443884358
6026,4290.038443875697
6027,4288.2780534870735
6028,4288.278053487073
6029,4288.278053487071
6030,4288.278053487073
6031,4288.278053487073
6032,4288.278053487072
6033,4288.278053487073
6034,4288.278053487073
6035,4288.278053487072
6036,4288.2780550573225
6037,4288.278047239029
6038,4288.278052641626
6039,4288.278056143473
6040,4288.278055585695
6041,4288.2780524887
6042,4288.278054000002
6043,4288.278050320446
6044,4288.278055241409
6045,4288.278052547107
6046,4288.278054433829
6047,4288.278054509371
6048,4288.278047254207
6049,4288.278053408599
6050,4288.278053245111
6051,4288.27805007336
6052,4288.27805507547
6053,4288.27805455083
6054,4288.27805529459
6055,4288.278048923604
6056,4288.278053369419
6057,4288.278052033993
6058,4288.278053670602
6059,4288.278057279862
6060,4288.278048690917
6061,4288.2780547496295
6062,4288.278051827574
6063,4288.278057495809
6064,4288.278054606994
6065,4288.278047289694
6066,4288.278055798365
6067,4288.278052373524
6068,4288.278054974715
6069,4288.2780535102365
6070,4288.278053658656
6071,4288.278051174559
6072,4288.278053602469
6073,4288.278051353791
6074,4288.278052738519
6075,4288.278055669603
6076,4285.25289317006
6077,4285.25289317006
6078,4285.252893170062
6079,4285.252893170061
6080,4285.252893170059
6081,4285.252893170059
6082,4285.252893170061
6083,4285.252893170059
6084,4285.25289317006
6085,4285.2529002355495
6086,4285.2528867321635
6087,4285.252891789646
6088,4285.252898109461
6089,4285.25289559924
6090,4285.252890100604
6091,4285.252892206467
6092,4285.252887653274
6093,4285.2528939674885
6094,4285.252892861624
6095,4285.252891077891
6096,4285.252893838573
6097,4285.252870594938
6098,4285.252893056861
6099,4285.252892987462
6100,4285.252885788261
6101,4285.252900997282
6102,4285.252890934468
6103,4285.252884704667
6104,4285.252888393171
6105,4285.252893274731
6106,4285.2528923140335
6107,4285.252891358755
6108,4285.252898507964
6109,4285.252887460058
6110,4285.252894498787
6111,4285.252892487468
6112,4285.252889635212
6113,4285.252894829954
6114,4285.252881999915
6115,4285.252896607673
6116,4285.252890203853
6117,4285.2528942119125
6118,4285.252892925818
6119,4285.252893424897
6120,4285.252887141404
6121,4285.252893969775
6122,4285.252891468923
6123,4285.252893151226
6124,4285.252906181302
6125,4282.056472238136
6126,4282.056472238137
6127,4282.056472238136
6128,4282.056472238135
6129,4282.056472238138
6130,4282.056472238136
6131,4282.056472238137
6132,4282.056472238135
6133,4282.056472238136
6134,4282.056470427088
6135,4282.056470185021
6136,4282.056469957102
6137,4282.056475146026
6138,4282.056476291283
6139,4282.056478128897
6140,4282.056466844144
6141,4282.056467258337
6142,4282.056472249163
6143,4282.056471547
6144,4282.056468523285
6145,4282.05647497314
6146,4282.056458874261
6147,4282.056471930304
6148,4282.056472088664
6149,4282.056470329731
6150,4282.056474002923
6151,4282.05647359948
6152,4282.056463618435
6153,4282.056469346223
6154,4282.056472178076
6155,4282.056471249222
6156,4282.056470074395
6157,4282.056475727458
6158,4282.056466047074
6159,4282.056473515591
6160,4282.056472581333
6161,4282.056468499075
6162,4282.056476842176
6163,4282.0564638179185
6164,4282.056475032705
6165,4282.056469924094
6166,4282.05647300076
6167,4282.056472119864
6168,4282.056472598169
6169,4282.056467462572
6170,4282.056473425121
6171,4282.056471366422
6172,4282.056474103921
6173,4282.056479951932
6174,4278.811915723196
6175,4278.811915723196
6176,4278.811915723194
6177,4278.811915723195
6178,4278.811915723195
6179,4278.811915723197
6180,4278.811915723196
6181,4278.811915723195
6182,4278.811915723196
6183,4278.811916128437
6184,4278.8119154184305
6185,4278.811912931994
6186,4278.811917848131
6187,4278.811917569449
6188,4278.811921470346
6189,4278.8119107065995
6190,4278.8119118546965
6191,4278.811915158077
6192,4278.811914411703
6193,4278.811911484502
6194,4278.81191820646
6195,4278.8119068523
6196,4278.811915475469
6197,4278.811915629238
6198,4278.811914529614
6199,4278.81191776921
6200,4278.811916516837
6201,4278.811906562722
6202,4278.811913450481
6203,4278.811915598668
6204,4278.811914459345
6205,4278.811913539342
6206,4278.811917860901
6207,4278.811910591841
6208,4278.811916770021
6209,4278.811916702392
6210,4278.811912622058
6211,4278.811917572933
6212,4278.8119124735895
6213,4278.811917814453
6214,4278.811913967172
6215,4278.811916082305
6216,4278.811915507984
6217,4278.811916055456
6218,4278.81191248208
6219,4278.811915505665
6220,4278.811915515218
6221,4278.811918647188
6222,4278.811919683832
6223,4272.717951022098
6224,4272.7179510220985
6225,4272.7179510220985
6226,4272.717951022101
6227,4272.7179510220985
6228,4272.717951022101
6229,4272.7179510220985
6230,4272.717951022099
6231,4272.7179510220985
6232,4272.71794955578
6233,4272.717952871776
6234,4272.717948078919
6235,4272.717949243711
6236,4272.717950655525
6237,4272.717957870949
6238,4272.717948618627
6239,4272.717948318444
6240,4272.717949970262
6241,4272.717949148751
6242,4272.717948774518
6243,4272.717954012619
6244,4272.717957456308
6245,4272.717951035767
6246,4272.7179509872185
6247,4272.717954051129
6248,4272.717950219868
6249,4272.717952679568
6250,4272.717948577155
6251,4272.717949369655
6252,4272.717950734661
6253,4272.717949445118
6254,4272.717950598234
6255,4272.717949564436
6256,4272.7179468819795
6257,4272.717951816561
6258,4272.717952136048
6259,4272.717953472197
6260,4272.717949837667
6261,4272.717956092443
6262,4272.717952461296
6263,4272.717950891477
6264,4272.717950619719
6265,4272.717950779073
6266,4272.717951194952
6267,4272.717953481317
6268,4272.717950567358
6269,4272.717951496142
6270,4272.71795418118
6271,4272.717943038216
6272,4266.885106721559
6273,4266.885106721556
6274,4266.8851067215555
6275,4266.885106721559
6276,4266.885106721558
6277,4266.885106721559
6278,4266.885106721557
6279,4266.88510672156
6280,4266.885106721558
6281,4266.885108048453
6282,4266.885109309878
6283,4266.885104016889
6284,4266.885102385099
6285,4266.885103793243
6286,4266.885110056892
6287,4266.885107968559
6288,4266.8851031962595
6289,4266.885105135624
6290,4266.885104808984
6291,4266.885106723806
6292,4266.885109237547
6293,4266.885119007993
6294,4266.885107242813
6295,4266.885106738266
6296,4266.885110486509
6297,4266.885106993737
6298,4266.8851055930045
6299,4266.885107798025
6300,4266.8851059161625
6301,4266.885106424695
6302,4266.8851051502315
6303,4266.885107829531
6304,4266.885102889033
6305,4266.885103870553
6306,4266.885107255681
6307,4266.885107650322
6308,4266.885113052672
6309,4266.885101255736
6310,4266.885117273884
6311,4266.885108631128
6312,4266.88510756434
6313,4266.885105334526
6314,4266.885106345189
6315,4266.885106710213
6316,4266.885113776674
6317,4266.885106803287
6318,4266.885107632728
6319,4266.885110228454
6320,4266.885094352909
6321,4257.59041798413
6322,4257.590417984127
6323,4257.590417984128
6324,4257.590417984128
6325,4257.590417984127
6326,4257.590417984128
6327,4257.59041798413
6328,4257.59041798413
6329,4257.59041798413
6330,4257.590420157909
6331,4257.590421261157
6332,4257.5904158693875
6333,4257.590412494514
6334,4257.590413785634
6335,4257.590418690181
6336,4257.590421973326
6337,4257.590415958989
6338,4257.590416358886
6339,4257.59041604102
6340,4257.590419743399
6341,4257.590419555191
6342,4257.5904327464705
6343,4257.5904188672785
6344,4257.5904179014715
6345,4257.590421830633
6346,4257.590418432611
6347,4257.590415712234
6348,4257.590421423235
6349,4257.590418632825
6350,4257.590417719118
6351,4257.5904163199775
6352,4257.590420103318
6353,4257.590413199016
6354,4257.590416505173
6355,4257.590418211294
6356,4257.590418658738
6357,4257.590426712497
6358,4257.590410181325
6359,4257.590430544559
6360,4257.590419631478
6361,4257.590419530688
6362,4257.590415519055
6363,4257.590417786541
6364,4257.590417886852
6365,4257.590427308391
6366,4257.590418038501
6367,4257.590419347232
6368,4257.590421139578
6369,4257.59040400905
6370,4241.926799964941
6371,4241.926799964943
6372,4241.926799964943
6373,4241.926799964942
6374,4241.926799964942
6375,4241.926799964941
6376,4241.926799964943
6377,4241.926799964941
6378,4241.926799964941
6379,4241.926802002033
6380,4241.926804399145
6381,4241.9267990705075
6382,4241.926799238722
6383,4241.926791466603
6384,4241.926794078523
6385,4241.926799837117
6386,4241.92679841253
6387,4241.926798042356
6388,4241.926798806459
6389,4241.92680023722
6390,4241.926797016174
6391,4241.926805770979
6392,4241.926801642113
6393,4241.9267995021555
6394,4241.92679789995
6395,4241.92680153462
6396,4241.926799374571
6397,4241.926795639412
6398,4241.9268012323055
6399,4241.926800143813
6400,4241.926798778713
6401,4241.926800814175
6402,4241.926798205538
6403,4241.926799476731
6404,4241.926799890152
6405,4241.926801155666
6406,4241.926801150127
6407,4241.926787837449
6408,4241.9268149922145
6409,4241.926801178418
6410,4241.926801292106
6411,4241.926795765123
6412,4241.926800211257
6413,4241.926800104829
6414,4241.926804411698
6415,4241.926798791496
6416,4241.926802420559
6417,4241.92680263903
6418,4241.926800181149
6419,4254.846690800968
6420,4254.846690800968
6421,4254.846690800968
6422,4254.846690800966
6423,4254.846690800966
6424,4254.846690800964
6425,4254.846690800968
6426,4254.846690800966
6427,4254.846690800964
6428,4254.846725642722
6429,4254.846678532334
6430,4254.846689900591
6431,4254.846678740069
6432,4254.84669900535
6433,4254.846688294332
6434,4254.846727401748
6435,4254.846713220758
6436,4254.846694218342
6437,4254.846682418299
6438,4254.8466975357005
6439,4254.846694329022
6440,4254.846702663215
6441,4254.846692676178
6442,4254.846689172384
6443,4254.846696378801
6444,4254.846709388044
6445,4254.846687509099
6446,4254.846729651649
6447,4254.846686513501
6448,4254.846689390539
6449,4254.846684163929
6450,4254.846695034785
6451,4254.846684933198
6452,4254.846692174106
6453,4254.846689167328
6454,4254.846691949039
6455,4254.846717896131
6456,4254.8466943750145
6457,4254.846684344709
6458,4254.846683719274
6459,4254.84669433027
6460,4254.8466901255
6461,4254.846691102383
6462,4254.846689237494
6463,4254.846706199853
6464,4254.846680272531
6465,4254.846691908393
6466,4254.846688488763
6467,4254.846632415618
6468,4238.0922428011145
6469,4238.092242801115
6470,4238.092242801115
6471,4238.0922428011145
6472,4238.0922428011145
6473,4238.092242801114
6474,4238.092242801114
6475,4238.092242801115
6476,4238.092242801114
6477,4238.092256063176
6478,4238.0922417518195
6479,4238.092241865368
6480,4238.092238274721
6481,4238.092240449725
6482,4238.09223831706
6483,4238.092254711696
6484,4238.092249047137
6485,4238.092242645059
6486,4238.092239462234
6487,4238.092245215238
6488,4238.092242138602
6489,4238.092248824854
6490,4238.092244499069
6491,4238.092242006637
6492,4238.092242974313
6493,4238.092250052694
6494,4238.092240874902
6495,4238.092252014542
6496,4238.092242429778
6497,4238.092242570403
6498,4238.092239940091
6499,4238.0922447499925
6500,4238.092239879714
6501,4238.092242835178
6502,4238.092242274072
6503,4238.092243859826
6504,4238.092252023705
6505,4238.092236458657
6506,4238.092249248263
6507,4238.092241233409
6508,4238.092244884625
6509,4238.092239673467
6510,4238.092243070696
6511,4238.092242432821
6512,4238.09225054292
6513,4238.092238482251
6514,4238.092244701662
6515,4238.092243617892
6516,4238.09222458541
6517,4232.344476114277
6518,4232.344476114275
6519,4232.3444761142755
6520,4232.344476114277
6521,4232.344476114274
6522,4232.344476114276
6523,4232.344476114276
6524,4232.3444761142755
6525,4232.344476114275
6526,4232.344472120882
6527,4232.344479058907
6528,4232.344476126066
6529,4232.344474660992
6530,4232.344473080216
6531,4232.344478138794
6532,4232.344477393487
6533,4232.344482647403
6534,4232.344476553089
6535,4232.344473502321
6536,4232.34447792222
6537,4232.34447429577
6538,4232.344487997214
6539,4232.344477889577
6540,4232.344475056439
6541,4232.3444787001135
6542,4232.344471051172
6543,4232.344482741051
6544,4232.344483717475
6545,4232.344477360571
6546,4232.344476011091
6547,4232.34447346087
6548,4232.344477601334
6549,4232.344475917442
6550,4232.344476020059
6551,4232.344475755354
6552,4232.344476777509
6553,4232.344483405031
6554,4232.34447199894
6555,4232.344483180078
6556,4232.34447368849
6557,4232.344479387749
6558,4232.344472890646
6559,4232.344477232736
6560,4232.34447612904
6561,4232.344479256012
6562,4232.34447227623
6563,4232.344478116731
6564,4232.344475284088
6565,4232.344466205961
6566,4231.038693440587
6567,4231.038693440585
6568,4231.038693440587
6569,4231.038693440585
6570,4231.038693440586
6571,4231.038693440589
6572,4231.038693440587
6573,4231.038693440588
6574,4231.038693440585
6575,4231.038694041788
6576,4231.038693955217
6577,4231.038693769501
6578,4231.038693316954
6579,4231.038696494087
6580,4231.038694146277
6581,4231.03869317105
6582,4231.038694448099
6583,4231.03869214047
6584,4231.038693321107
6585,4231.038693526848
6586,4231.038692236504
6587,4231.038674112153
6588,4231.038695463742
6589,4231.038692502357
6590,4231.03869049637
6591,4231.038695356973
6592,4231.038692085027
6593,4231.038687662667
6594,4231.038695318369
6595,4231.038693823139
6596,4231.03869268333
6597,4231.0386935456745
6598,4231.038695660602
6599,4231.038691287136
6600,4231.038693510242
6601,4231.0386942894775
6602,4231.03868809178
6603,4231.038695645702
6604,4231.038684615655
6605,4231.038694179903
6606,4231.038694023081
6607,4231.038689535349
6608,4231.038694377504
6609,4231.038693531596
6610,4231.0386922658745
6611,4231.038692403048
6612,4231.038695775324
6613,4231.038693619998
6614,4231.03870527927
6615,4230.110913537817
6616,4230.110913537815
6617,4230.110913537816
6618,4230.110913537814
6619,4230.110913537815
6620,4230.110913537815
6621,4230.110913537815
6622,4230.110913537816
6623,4230.1109135378165
6624,4230.11091191106
6625,4230.110914470675
6626,4230.110913871705
6627,4230.110912945242
6628,4230.110915429768
6629,4230.110915401343
6630,4230.110913623452
6631,4230.110916434106
6632,4230.110912968684
6633,4230.11091264523
6634,4230.110914364903
6635,4230.1109123701535
6636,4230.110903973476
6637,4230.11091549248
6638,4230.110912539143
6639,4230.110912706376
6640,4230.110912617248
6641,4230.1109150996
6642,4230.1109129288425
6643,4230.110915124659
6644,4230.1109137558815
6645,4230.110912150809
6646,4230.1109141407105
6647,4230.110915201341
6648,4230.110911847705
6649,4230.110913503326
6650,4230.110914200424
6651,4230.110912450861
6652,4230.110914769417
6653,4230.110908471631
6654,4230.11091321865
6655,4230.110915063329
6656,4230.11091000203
6657,4230.1109145867795
6658,4230.110913592999
6659,4230.110913564103
6660,4230.110911693705
6661,4230.110915628973
6662,4230.110913154206
6663,4230.110918404944
6664,4228.782809676323
6665,4228.782809676325
6666,4228.782809676326
6667,4228.782809676326
6668,4228.782809676324
6669,4228.782809676325
6670,4228.782809676323
6671,4228.782809676325
6672,4228.782809676325
6673,4228.782806659679
6674,4228.782810561887
6675,4228.782810051245
6676,4228.782808667549
6677,4228.782810517129
6678,4228.782812046729
6679,4228.78281023043
6680,4228.782813675887
6681,4228.782809720702
6682,4228.782808181715
6683,4228.782811178461
6684,4228.782808490468
6685,4228.782808763109
6686,4228.7828116392775
6687,4228.782808627499
6688,4228.782810478465
6689,4228.78280672576
6690,4228.782813585858
6691,4228.782814042481
6692,4228.7828106868765
6693,4228.782809775369
6694,4228.78280779931
6695,4228.7828107260475
6696,4228.782810804938
6697,4228.782808170909
6698,4228.782809578597
6699,4228.782810194081
6700,4228.782812148344
6701,4228.78280989621
6702,4228.782808109507
6703,4228.782808599181
6704,4228.782812022245
6705,4228.782806504812
6706,4228.782810767922
6707,4228.782809679705
6708,4228.782810907026
6709,4228.782807277068
6710,4228.78281151585
6711,4228.782808990949
6712,4228.782808314969
6713,4225.530519634121
6714,4225.530519634121
6715,4225.530519634122
6716,4225.530519634122
6717,4225.530519634121
6718,4225.530519634126
6719,4225.530519634125
6720,4225.530519634122
6721,4225.530519634124
6722,4225.530514900318
6723,4225.530519971193
6724,4225.530520127619
6725,4225.5305180687765
6726,4225.530519033439
6727,4225.530522359978
6728,4225.530520430455
6729,4225.530523753721
6730,4225.530520411107
6731,4225.530517529261
6732,4225.530521974409
6733,4225.530518390929
6734,4225.530531561943
6735,4225.530521745465
6736,4225.530518511957
6737,4225.530522622711
6738,4225.530514054764
6739,4225.530526646814
6740,4225.530531782752
6741,4225.530519342309
6742,4225.53051962632
6743,4225.530517242321
6744,4225.53052127268
6745,4225.530519903884
6746,4225.530517840147
6747,4225.530519524621
6748,4225.530520052657
6749,4225.530526533585
6750,4225.530518366539
6751,4225.530523441414
6752,4225.530517912968
6753,4225.530523186355
6754,4225.530517068362
6755,4225.5305206931
6756,4225.5305195424735
6757,4225.530522776926
6758,4225.530516933
6759,4225.530521093043
6760,4225.530519199808
6761,4225.530509594693
6762,4220.670874870503
6763,4220.670874870504
6764,4220.670874870504
6765,4220.670874870504
6766,4220.670874870504
6767,4220.670874870501
6768,4220.670874870502
6769,4220.670874870502
6770,4220.670874870503
6771,4220.670869790637
6772,4220.67087423083
6773,4220.670875468818
6774,4220.670873023763
6775,4220.670873751971
6776,4220.670877551198
6777,4220.670874861221
6778,4220.670876439266
6779,4220.6708757351025
6780,4220.670872848112
6781,4220.670877321474
6782,4220.670873592539
6783,4220.670895246225
6784,4220.670877274842
6785,4220.670873694446
6786,4220.670879067817
6787,4220.6708680533675
6788,4220.670882988833
6789,4220.67089276178
6790,4220.6708731979625
6791,4220.670874898453
6792,4220.670872511928
6793,4220.670876702264
6794,4220.670874407727
6795,4220.670872022358
6796,4220.670874895203
6797,4220.670875511616
6798,4220.670883078009
6799,4220.6708728703725
6800,4220.670882347087
6801,4220.670873570384
6802,4220.670879234858
6803,4220.670872871993
6804,4220.6708757447705
6805,4220.670874688095
6806,4220.670879503167
6807,4220.670872886074
6808,4220.670876125631
6809,4220.670876210402
6810,4220.670860134243
6811,4213.125486345219
6812,4213.1254863452195
6813,4213.125486345219
6814,4213.1254863452195
6815,4213.125486345219
6816,4213.125486345218
6817,4213.125486345217
6818,4213.125486345217
6819,4213.125486345218
6820,4213.125482973235
6821,4213.125487237998
6822,4213.125486396587
6823,4213.125484533347
6824,4213.125485744184
6825,4213.125491446341
6826,4213.1254836911785
6827,4213.125486822725
6828,4213.125486467912
6829,4213.125484222639
6830,4213.1254874444285
6831,4213.125485319629
6832,4213.125509979794
6833,4213.125488656261
6834,4213.125485175839
6835,4213.125491825727
6836,4213.125477611717
6837,4213.125492554274
6838,4213.125504775466
6839,4213.125485893802
6840,4213.1254862578035
6841,4213.125484032803
6842,4213.125487642344
6843,4213.125485208625
6844,4213.1254842554645
6845,4213.1254863173845
6846,4213.125487738602
6847,4213.125493515103
6848,4213.125484727893
6849,4213.125495586119
6850,4213.125485079347
6851,4213.125491329864
6852,4213.1254851510985
6853,4213.125487105255
6854,4213.12548617765
6855,4213.125491546663
6856,4213.125483542465
6857,4213.125487967127
6858,4213.125491929377
6859,4213.125471053275
6860,4228.695927572031
6861,4228.695927572031
6862,4228.695927572035
6863,4228.695927572029
6864,4228.695927572034
6865,4228.695927572032
6866,4228.6959275720355
6867,4228.695927572034
6868,4228.695927572033
6869,4228.695948781301
6870,4228.695899708529
6871,4228.695928978256
6872,4228.69593964884
6873,4228.695920492439
6874,4228.695890692676
6875,4228.695940972188
6876,4228.695909885487
6877,4228.695929311691
6878,4228.695931573413
6879,4228.69592724208
6880,4228.695918365891
6881,4228.695896013583
6882,4228.695931961747
6883,4228.695926756076
6884,4228.695899768497
6885,4228.695962449621
6886,4228.695928928275
6887,4228.69593189009
6888,4228.695904530032
6889,4228.695928592935
6890,4228.695929169468
6891,4228.695925547957
6892,4228.695937446966
6893,4228.695914896986
6894,4228.695929780634
6895,4228.695926805586
6896,4228.6959084988175
6897,4228.69591655444
6898,4228.695926305476
6899,4228.695934371065
6900,4228.695921502306
6901,4228.695929795226
6902,4228.69592617387
6903,4228.695926996359
6904,4228.695915430508
6905,4228.695933544701
6906,4228.69592422342
6907,4228.6959160201
6908,4228.695946679639
6909,4208.437769158649
6910,4208.437769158651
6911,4208.437769158647
6912,4208.437769158649
6913,4208.43776915865
6914,4208.437769158651
6915,4208.43776915865
6916,4208.437769158651
6917,4208.437769158651
6918,4208.43777489684
6919,4208.437760467781
6920,4208.437769765475
6921,4208.4377719770255
6922,4208.437766200754
6923,4208.437760054639
6924,4208.437771994372
6925,4208.437763936261
6926,4208.43776993563
6927,4208.437769040766
6928,4208.437769822835
6929,4208.437765373814
6930,4208.437774454427
6931,4208.437772013862
6932,4208.437768143828
6933,4208.437763546406
6934,4208.4377748978595
6935,4208.437773411502
6936,4208.4377828847155
6937,4208.437761249926
6938,4208.43776946687
6939,4208.437768110215
6940,4208.437769374107
6941,4208.437771701022
6942,4208.43776364116
6943,4208.43776982915
6944,4208.437769764193
6945,4208.437767980751
6946,4208.437764329812
6947,4208.437774868265
6948,4208.437770507383
6949,4208.437770481024
6950,4208.4377689775
6951,4208.437769208652
6952,4208.437768849935
6953,4208.437768705914
6954,4208.437768882388
6955,4208.437769045943
6956,4208.437769417511
6957,4208.437765006196
6958,4199.904843897927
6959,4199.904843897924
6960,4199.904843897924
6961,4199.904843897926
6962,4199.904843897928
6963,4199.904843897926
6964,4199.904843897925
6965,4199.904843897926
6966,4199.904843897926
6967,4199.904850606141
6968,4199.904838078742
6969,4199.904843461494
6970,4199.904845401598
6971,4199.9048440824845
6972,4199.9048395367345
6973,4199.904844512628
6974,4199.904837516792
6975,4199.904842998743
6976,4199.904844527431
6977,4199.9048427688
6978,4199.90484209375
6979,4199.904841770379
6980,4199.904846433099
6981,4199.904842982108
6982,4199.904839658089
6983,4199.904849695914
6984,4199.904843305754
6985,4199.904851933221
6986,4199.904838366489
6987,4199.904844186298
6988,4199.904843450698
6989,4199.904843361937
6990,4199.904845187869
6991,4199.90483927593
6992,4199.904844529194
6993,4199.904845387899
6994,4199.904838432711
6995,4199.904842637618
6996,4199.904845678346
6997,4199.904846257733
6998,4199.904844410676
6999,4199.904844063329
7000,4199.904843805746
7001,4199.904843640912
7002,4199.904843804609
7003,4199.904843731673
7004,4199.904844599664
7005,4199.904848103144
7006,4199.904844652607
7007,4193.208323622154
7008,4193.208323622152
7009,4193.208323622153
7010,4193.208323622156
7011,4193.208323622155
7012,4193.208323622153
7013,4193.208323622153
7014,4193.208323622154
7015,4193.208323622153
7016,4193.208327989773
7017,4193.208324085388
7018,4193.208320886685
7019,4193.2083238087325
7020,4193.208325795346
7021,4193.208328915995
7022,4193.208322469515
7023,4193.208323583392
7024,4193.208322216192
7025,4193.208323217649
7026,4193.208321446378
7027,4193.208325485818
7028,4193.20831703365
7029,4193.208324293947
7030,4193.208323195838
7031,4193.20832380401
7032,4193.208324622809
7033,4193.208320133191
7034,4193.208323353601
7035,4193.208323126791
7036,4193.208323144942
7037,4193.208322359876
7038,4193.2083225741535
7039,4193.208324033971
7040,4193.208324025538
7041,4193.208323875429
7042,4193.208324744359
7043,4193.208320960905
7044,4193.208326500448
7045,4193.208320508945
7046,4193.208323970627
7047,4193.208322883096
7048,4193.208325750433
7049,4193.208323772485
7050,4193.208323491326
7051,4193.208322908038
7052,4193.208320200711
7053,4193.208324118151
7054,4193.208328269271
7055,4193.208325472578
7056,4189.529504945749
7057,4189.529504945747
7058,4189.529504945749
7059,4189.529504945749
7060,4189.529504945749
7061,4189.529504945752
7062,4189.52950494575
7063,4189.529504945749
7064,4189.529504945751
7065,4189.5295079774205
7066,4189.529503290558
7067,4189.529503018739
7068,4189.529505958696
7069,4189.5295084878635
7070,4189.5295065217315
7071,4189.529505226462
7072,4189.529502902557
7073,4189.529503252447
7074,4189.529506258692
7075,4189.529503188299
7076,4189.529506072469
7077,4189.529485423988
7078,4189.529505860083
7079,4189.529504493811
7080,4189.529501380156
7081,4189.529510157398
7082,4189.529499374137
7083,4189.529498901453
7084,4189.529503498209
7085,4189.529504888349
7086,4189.529504750444
7087,4189.529503795784
7088,4189.529506504021
7089,4189.5295041659865
7090,4189.5295054422295
7091,4189.529505595869
7092,4189.529496898843
7093,4189.52950863519
7094,4189.52949700175
7095,4189.529507257445
7096,4189.529502528587
7097,4189.52950613729
7098,4189.5295051085395
7099,4189.529504866508
7100,4189.529502126857
7101,4189.529503490479
7102,4189.529505501236
7103,4189.529507122347
7104,4189.529517354604
7105,4187.839431485295
7106,4187.839431485295
7107,4187.839431485294
7108,4187.839431485294
7109,4187.839431485295
7110,4187.839431485295
7111,4187.839431485295
7112,4187.839431485293
7113,4187.839431485294
7114,4187.8394298213925
7115,4187.8394319330255
7116,4187.839429791718
7117,4187.8394330662095
7118,4187.839432842017
7119,4187.8394332117505
7120,4187.839429889642
7121,4187.839430044802
7122,4187.839430084621
7123,4187.839432873673
7124,4187.839430271945
7125,4187.839431781208
7126,4187.8394173334345
7127,4187.83943216986
7128,4187.839431029103
7129,4187.839428630921
7130,4187.839433318494
7131,4187.839427936516
7132,4187.839424941795
7133,4187.839430819569
7134,4187.839431443754
7135,4187.839431183723
7136,4187.839430668821
7137,4187.839433156989
7138,4187.83943149531
7139,4187.839431937402
7140,4187.839431773286
7141,4187.839425274269
7142,4187.839433114446
7143,4187.839427251603
7144,4187.83943350882
7145,4187.839429437745
7146,4187.839432407812
7147,4187.839431862576
7148,4187.839431486299
7149,4187.839428479495
7150,4187.83943030596
7151,4187.8394320737325
7152,4187.839432308164
7153,4187.839444282737
7154,4186.463497405676
7155,4186.463497405674
7156,4186.463497405673
7157,4186.463497405675
7158,4186.463497405676
7159,4186.463497405675
7160,4186.463497405676
7161,4186.463497405675
7162,4186.463497405677
7163,4186.4635000266035
7164,4186.4634969590425
7165,4186.46349579683
7166,4186.463496370718
7167,4186.4634980734445
7168,4186.463496751213
7169,4186.4635044219685
7170,4186.463501285631
7171,4186.463497311701
7172,4186.463496972032
7173,4186.463498989269
7174,4186.4634978769445
7175,4186.463495020677
7176,4186.463497669315
7177,4186.463496809985
7178,4186.463496845144
7179,4186.463501752313
7180,4186.463493257295
7181,4186.463500521201
7182,4186.463496150624
7183,4186.463496786007
7184,4186.46349565615
7185,4186.463498158247
7186,4186.463497145815
7187,4186.463499582468
7188,4186.463497362121
7189,4186.463497214367
7190,4186.463501281496
7191,4186.4634965627665
7192,4186.463497697722
7193,4186.4634974843675
7194,4186.463495841053
7195,4186.463498859189
7196,4186.4634977754895
7197,4186.4634969936715
7198,4186.463498943424
7199,4186.463495024821
7200,4186.463497595131
7201,4186.4634964621855
7202,4186.463493909468
7203,4185.722841683374
7204,4185.722841683374
7205,4185.722841683375
7206,4185.722841683376
7207,4185.722841683374
7208,4185.722841683375
7209,4185.722841683375
7210,4185.722841683376
7211,4185.722841683376
7212,4185.722838177706
7213,4185.722843370314
7214,4185.722840173623
7215,4185.722841684204
7216,4185.722840130651
7217,4185.722842584967
7218,4185.722843684565
7219,4185.722843167597
7220,4185.722841519538
7221,4185.722841885332
7222,4185.722842908049
7223,4185.722841615231
7224,4185.722845368925
7225,4185.722841993206
7226,4185.722841116557
7227,4185.7228421392665
7228,4185.722841130677
7229,4185.722840714396
7230,4185.722844389402
7231,4185.722840794616
7232,4185.722841280455
7233,4185.722840247982
7234,4185.722842360493
7235,4185.7228417063725
7236,4185.722843243475
7237,4185.7228418308405
7238,4185.722841431169
7239,4185.722845280198
7240,4185.722839623382
7241,4185.722845453603
7242,4185.722842201351
7243,4185.722840780097
7244,4185.7228429320385
7245,4185.722842186431
7246,4185.722841413198
7247,4185.722842412188
7248,4185.722840661665
7249,4185.722841884634
7250,4185.7228405834785
7251,4185.7228404086545
7252,4185.191971311939
7253,4185.191971311938
7254,4185.19197131194
7255,4185.191971311939
7256,4185.191971311938
7257,4185.19197131194
7258,4185.191971311939
7259,4185.191971311939
7260,4185.191971311938
7261,4185.1919666057875
7262,4185.191973521768
7263,4185.1919697946605
7264,4185.191971603248
7265,4185.191969402578
7266,4185.191972584984
7267,4185.191971884053
7268,4185.191971443911
7269,4185.191970958062
7270,4185.191971888663
7271,4185.191972322042
7272,4185.191971129758
7273,4185.191975623503
7274,4185.191971628667
7275,4185.19197075476
7276,4185.191971804149
7277,4185.1919698392385
7278,4185.19197080044
7279,4185.19197345025
7280,4185.191970666952
7281,4185.191971031222
7282,4185.191970107848
7283,4185.191971901486
7284,4185.191971466868
7285,4185.191972646629
7286,4185.191971560816
7287,4185.191971118533
7288,4185.19197422659
7289,4185.191969090958
7290,4185.191975529904
7291,4185.191972156146
7292,4185.191970500077
7293,4185.191972439833
7294,4185.191971816185
7295,4185.191971068666
7296,4185.191971748047
7297,4185.191971116851
7298,4185.1919715707445
7299,4185.191970340192
7300,4185.191971426282
7301,4182.250506951823
7302,4182.250506951821
7303,4182.250506951821
7304,4182.250506951821
7305,4182.250506951822
7306,4182.250506951822
7307,4182.250506951821
7308,4182.250506951822
7309,4182.250506951823
7310,4182.2505003393635
7311,4182.250511163111
7312,4182.250505337306
7313,4182.250508126967
7314,4182.250504653458
7315,4182.250509428691
7316,4182.250503155945
7317,4182.25050122297
7318,4182.250505485219
7319,4182.250509177974
7320,4182.250507088149
7321,4182.2505063845165
7322,4182.2505104549155
7323,4182.250507083224
7324,4182.250506430042
7325,4182.250507011835
7326,4182.250503494618
7327,4182.25050646032
7328,4182.2505058217375
7329,4182.250508412683
7330,4182.250507246041
7331,4182.25050683446
7332,4182.2505071503565
7333,4182.250507775839
7334,4182.2505081208865
7335,4182.250507639009
7336,4182.250507137929
7337,4182.250506659052
7338,4182.25050449011
7339,4182.250511067403
7340,4182.250509121042
7341,4182.2505064002125
7342,4182.250507284708
7343,4182.250507423623
7344,4182.250506750462
7345,4182.250506372994
7346,4182.250510774774
7347,4182.250507647925
7348,4182.250506681298
7349,4182.250513464041
7350,4179.6128630496105
7351,4179.61286304961
7352,4179.612863049609
7353,4179.61286304961
7354,4179.612863049609
7355,4179.612863049609
7356,4179.61286304961
7357,4179.61286304961
7358,4179.612863049609
7359,4179.612854818901
7360,4179.612867914799
7361,4179.612861429623
7362,4179.612863904559
7363,4179.612861105701
7364,4179.6128687108085
7365,4179.612857379126
7366,4179.612853501783
7367,4179.61286127597
7368,4179.6128660875065
7369,4179.612862563506
7370,4179.612862981877
7371,4179.612874915981
7372,4179.612863204373
7373,4179.61286242693
7374,4179.612865408804
7375,4179.61285716078
7376,4179.61286484635
7377,4179.612867126839
7378,4179.612864944996
7379,4179.6128636909825
7380,4179.612863293066
7381,4179.612863154155
7382,4179.612863404529
7383,4179.612863288702
7384,4179.612864062388
7385,4179.612863889603
7386,4179.612863422003
7387,4179.612861901396
7388,4179.612868011305
7389,4179.612865747999
7390,4179.612863401756
7391,4179.612863308658
7392,4179.612863554395
7393,4179.612862686908
7394,4179.612862983504
7395,4179.612870113571
7396,4179.612863892029
7397,4179.612863714451
7398,4179.6128648080985
7399,4176.432164045479
7400,4176.43216404548
7401,4176.432164045479
7402,4176.432164045478
7403,4176.432164045481
7404,4176.43216404548
7405,4176.43216404548
7406,4176.432164045479
7407,4176.432164045479
7408,4176.432164596855
7409,4176.432170481809
7410,4176.432162612777
7411,4176.432168079315
7412,4176.432163373487
7413,4176.432168237753
7414,4176.432158057853
7415,4176.432154049364
7416,4176.432160934369
7417,4176.432167840572
7418,4176.432161447993
7419,4176.432161581935
7420,4176.432160736659
7421,4176.43216306134
7422,4176.43216343206
7423,4176.432161180462
7424,4176.432161114975
7425,4176.432162904275
7426,4176.432157689515
7427,4176.432171967171
7428,4176.432165401873
7429,4176.432165183504
7430,4176.432162713078
7431,4176.432167822043
7432,4176.432167858112
7433,4176.432165355236
7434,4176.432165658401
7435,4176.432158105723
7436,4176.432162432583
7437,4176.432163202044
7438,4176.432165733203
7439,4176.432164368508
7440,4176.432162036612
7441,4176.4321648270625
7442,4176.432163857802
7443,4176.432159203576
7444,4176.4321726897315
7445,4176.432166045637
7446,4176.43216330498
7447,4176.432178164985
7448,4170.754360172305
7449,4170.754360172302
7450,4170.754360172305
7451,4170.7543601723055
7452,4170.754360172305
7453,4170.754360172304
7454,4170.754360172305
7455,4170.754360172304
7456,4170.754360172305
7457,4170.754359269878
7458,4170.7543658476725
7459,4170.754358880878
7460,4170.754361760981
7461,4170.754359933823
7462,4170.754366196344
7463,4170.754356409071
7464,4170.754353822647
7465,4170.754357998006
7466,4170.754362848876
7467,4170.7543588260405
7468,4170.754359100886
7469,4170.754367089908
7470,4170.754359602495
7471,4170.7543595362185
7472,4170.754361179873
7473,4170.754355390543
7474,4170.754360416593
7475,4170.754361841803
7476,4170.754366108304
7477,4170.754361136986
7478,4170.754360379663
7479,4170.754359779093
7480,4170.754361650691
7481,4170.754363020574
7482,4170.754361064878
7483,4170.754361554506
7484,4170.754358951842
7485,4170.754359656916
7486,4170.754361538509
7487,4170.754361070959
7488,4170.754361146808
7489,4170.7543589583465
7490,4170.754360996737
7491,4170.7543598468665
7492,4170.754358766463
7493,4170.754366436885
7494,4170.754361815384
7495,4170.754360448512
7496,4170.754362883769
7497,4164.362841208809
7498,4164.3628412088065
7499,4164.3628412088065
7500,4164.362841208808
7501,4164.362841208808
7502,4164.362841208808
7503,4164.3628412088065
7504,4164.362841208809
7505,4164.36284120881
7506,4164.362847118707
7507,4164.362840614077
7508,4164.362840523722
7509,4164.362840996514
7510,4164.362842784362
7511,4164.362841783768
7512,4164.362846219192
7513,4164.362842112655
7514,4164.36284046946
7515,4164.3628422314405
7516,4164.362841265262
7517,4164.3628408100585
7518,4164.362844806915
7519,4164.36284164809
7520,4164.362840532111
7521,4164.362840866911
7522,4164.362844158352
7523,4164.3628399110585
7524,4164.362848406126
7525,4164.362841380376
7526,4164.362841602049
7527,4164.362840355364
7528,4164.362841413579
7529,4164.362841193182
7530,4164.362842335732
7531,4164.3628414847335
7532,4164.362842114744
7533,4164.362840647859
7534,4164.362841653795
7535,4164.362841080846
7536,4164.362841177607
7537,4164.3628408478735
7538,4164.362841016413
7539,4164.362841813625
7540,4164.362840764515
7541,4164.362841923731
7542,4164.362842332494
7543,4164.362842139885
7544,4164.362840365194
7545,4164.3628353459035
7546,4161.512190098133
7547,4161.512190098133
7548,4161.512190098133
7549,4161.512190098135
7550,4161.512190098135
7551,4161.512190098134
7552,4161.512190098133
7553,4161.512190098134
7554,4161.512190098132
7555,4161.512193094017
7556,4161.512191847433
7557,4161.5121893574
7558,4161.5121879664575
7559,4161.5121924939
7560,4161.512196990361
7561,4161.512193900463
7562,4161.512196585329
7563,4161.512190040598
7564,4161.512189827207
7565,4161.512190919272
7566,4161.512191381841
7567,4161.512203512015
7568,4161.512190164141
7569,4161.512189517142
7570,4161.5121954375445
7571,4161.51218588189
7572,4161.512191624699
7573,4161.512201761243
7574,4161.512191585594
7575,4161.512190155103
7576,4161.512188217197
7577,4161.512191046954
7578,4161.51218873969
7579,4161.512191937631
7580,4161.512189921147
7581,4161.512190669844
7582,4161.51219435656
7583,4161.512193394701
7584,4161.512190209302
7585,4161.512187865141
7586,4161.512191061201
7587,4161.5121900980175
7588,4161.512191136901
7589,4161.512189660634
7590,4161.512192892039
7591,4161.512188600551
7592,4161.512190964828
7593,4161.512189446312
7594,4161.51217597348
7595,4158.380271068511
7596,4158.380271068511
7597,4158.380271068512
7598,4158.38027106851
7599,4158.38027106851
7600,4158.38027106851
7601,4158.380271068511
7602,4158.3802710685095
7603,4158.38027106851
7604,4158.380271329968
7605,4158.380269961459
7606,4158.380271231159
7607,4158.380271271522
7608,4158.380272830584
7609,4158.380273331692
7610,4158.380272174084
7611,4158.380275883737
7612,4158.380271178006
7613,4158.3802723273575
7614,4158.380271763123
7615,4158.380271254052
7616,4158.380273136417
7617,4158.380271863314
7618,4158.380270551897
7619,4158.380272039997
7620,4158.3802683813265
7621,4158.380274010207
7622,4158.380276063263
7623,4158.380269495935
7624,4158.380271614681
7625,4158.380270225269
7626,4158.380271585488
7627,4158.380271471768
7628,4158.380270109771
7629,4158.380271287286
7630,4158.380270918771
7631,4158.3802679958335
7632,4158.380274561509
7633,4158.38026875251
7634,4158.380270718314
7635,4158.380270484643
7636,4158.380270442016
7637,4158.3802721160155
7638,4158.380270920281
7639,4158.380270129546
7640,4158.38027055576
7641,4158.3802715851525
7642,4158.380265970929
7643,4158.380270617267
7644,4156.83675168289
7645,4156.836751682888
7646,4156.836751682888
7647,4156.8367516828885
7648,4156.836751682888
7649,4156.836751682888
7650,4156.8367516828885
7651,4156.8367516828885
7652,4156.8367516828885
7653,4156.836749835474
7654,4156.836751608417
7655,4156.836751938346
7656,4156.836752747732
7657,4156.836752171059
7658,4156.836753486256
7659,4156.836749650947
7660,4156.836755745434
7661,4156.836751626605
7662,4156.836753337964
7663,4156.83675212885
7664,4156.836751312673
7665,4156.836752853712
7666,4156.836752468195
7667,4156.836751270363
7668,4156.836752066911
7669,4156.836747000979
7670,4156.836755084356
7671,4156.836753568501
7672,4156.836750443913
7673,4156.836752380987
7674,4156.836751139656
7675,4156.836752080542
7676,4156.836752408064
7677,4156.836750545386
7678,4156.836751979579
7679,4156.836751346424
7680,4156.836746950755
7681,4156.83675415306
7682,4156.836750737936
7683,4156.836751854451
7684,4156.836751040284
7685,4156.836750765094
7686,4156.8367527752835
7687,4156.836751703538
7688,4156.836749909437
7689,4156.83675127911
7690,4156.836752268835
7691,4156.836746316392
7692,4156.8367561251225
7693,4152.788114561264
7694,4152.788114561264
7695,4152.788114561264
7696,4152.788114561267
7697,4152.7881145612655
7698,4152.788114561265
7699,4152.7881145612655
7700,4152.788114561265
7701,4152.788114561264
7702,4152.788110218263
7703,4152.788116526149
7704,4152.788114914534
7705,4152.788116270505
7706,4152.788112534814
7707,4152.788114822812
7708,4152.788107133688
7709,4152.788116115743
7710,4152.788113987839
7711,4152.788116913102
7712,4152.788114743462
7713,4152.788113444886
7714,4152.788116284964
7715,4152.7881154185725
7716,4152.788114407143
7717,4152.788114193586
7718,4152.788107218368
7719,4152.788117283793
7720,4152.788111700703
7721,4152.788113788369
7722,4152.788115567332
7723,4152.788114632985
7724,4152.788115006678
7725,4152.788114873097
7726,4152.788112985314
7727,4152.788114952903
7728,4152.788114027432
7729,4152.78810751188
7730,4152.788114204036
7731,4152.788118034367
7732,4152.788116283879
7733,4152.788113846856
7734,4152.788113122954
7735,4152.788115543413
7736,4152.788114824044
7737,4152.788113094935
7738,4152.788114697459
7739,4152.788115321548
7740,4152.788110618215
7741,4152.7881255154025
7742,4148.514135925835
7743,4148.514135925839
7744,4148.514135925837
7745,4148.514135925837
7746,4148.514135925837
7747,4148.514135925835
7748,4148.514135925836
7749,4148.514135925836
7750,4148.514135925837
7751,4148.514137636997
7752,4148.514135930251
7753,4148.514135798363
7754,4148.514136151754
7755,4148.514138273408
7756,4148.5141358669425
7757,4148.514131383814
7758,4148.514135737461
7759,4148.5141346081855
7760,4148.5141385474435
7761,4148.514135907442
7762,4148.514136790758
7763,4148.514124067352
7764,4148.514136562986
7765,4148.514136035644
7766,4148.514133818958
7767,4148.514134460696
7768,4148.514132674163
7769,4148.514128711669
7770,4148.514135507411
7771,4148.514137003186
7772,4148.514136542405
7773,4148.514136114098
7774,4148.51413585355
7775,4148.514133652569
7776,4148.51413643554
7777,4148.514135372801
7778,4148.514125777648
7779,4148.514138488091
7780,4148.5141320836965
7781,4148.514139519645
7782,4148.514133811125
7783,4148.514134524352
7784,4148.5141364432575
7785,4148.514136117956
7786,4148.514135244385
7787,4148.514136700697
7788,4148.514136489521
7789,4148.514134290635
7790,4148.514150976357
7791,4146.590627831863
7792,4146.590627831864
7793,4146.590627831863
7794,4146.5906278318635
7795,4146.590627831865
7796,4146.590627831866
7797,4146.590627831866
7798,4146.590627831864
7799,4146.590627831864
7800,4146.590627591914
7801,4146.590630118497
7802,4146.590627644629
7803,4146.590626134197
7804,4146.590625188271
7805,4146.590627146813
7806,4146.590626094584
7807,4146.590630082938
7808,4146.59062769408
7809,4146.590628500046
7810,4146.590629624861
7811,4146.59062805803
7812,4146.590645925611
7813,4146.590628142395
7814,4146.590628089196
7815,4146.590630223272
7816,4146.590622776648
7817,4146.590627724052
7818,4146.590631404043
7819,4146.59062769174
7820,4146.590628353206
7821,4146.590626977929
7822,4146.590629765219
7823,4146.590624767543
7824,4146.590626790865
7825,4146.590627762922
7826,4146.590626985727
7827,4146.590630340632
7828,4146.590624169141
7829,4146.590638310362
7830,4146.590629141097
7831,4146.590627858763
7832,4146.590626928993
7833,4146.590628413824
7834,4146.590627683307
7835,4146.590633049708
7836,4146.590627539256
7837,4146.590627922455
7838,4146.590628407888
7839,4146.590620296755
7840,4145.15974810241
7841,4145.15974810241
7842,4145.15974810241
7843,4145.159748102411
7844,4145.159748102412
7845,4145.159748102409
7846,4145.159748102409
7847,4145.15974810241
7848,4145.15974810241
7849,4145.159753651222
7850,4145.159746817127
7851,4145.159747661797
7852,4145.159748124606
7853,4145.159747932188
7854,4145.159742372362
7855,4145.159750077695
7856,4145.159748099454
7857,4145.159747498502
7858,4145.159749277593
7859,4145.159748940025
7860,4145.159747940225
7861,4145.159744536622
7862,4145.159748527123
7863,4145.159748339834
7864,4145.159744228399
7865,4145.159752336547
7866,4145.159743064027
7867,4145.159744812874
7868,4145.159747007518
7869,4145.159748637817
7870,4145.159747908317
7871,4145.159748799874
7872,4145.159747004193
7873,4145.159746817325
7874,4145.159748349318
7875,4145.15974722368
7876,4145.1597441622025
7877,4145.159744725428
7878,4145.159750801396
7879,4145.159751190117
7880,4145.159746162446
7881,4145.159747413016
7882,4145.159748246275
7883,4145.1597480822675
7884,4145.159749964921
7885,4145.159747941361
7886,4145.159748002963
7887,4145.1597481161725
7888,4145.1597526059395
7889,4144.446611254919
7890,4144.446611254918
7891,4144.446611254918
7892,4144.446611254918
7893,4144.446611254918
7894,4144.44661125492
7895,4144.446611254919
7896,4144.44661125492
7897,4144.446611254919
7898,4144.446616057031
7899,4144.446609739593
7900,4144.446610730362
7901,4144.446610239322
7902,4144.446612596769
7903,4144.44660827235
7904,4144.446614055126
7905,4144.446612283002
7906,4144.446610861882
7907,4144.446612193467
7908,4144.446612295616
7909,4144.446612360918
7910,4144.446608882696
7911,4144.446611654511
7912,4144.446611510542
7913,4144.446609326734
7914,4144.4466145578235
7915,4144.446606787874
7916,4144.44660984021
7917,4144.446610033014
7918,4144.446611670325
7919,4144.446610823063
7920,4144.446612125919
7921,4144.446609700322
7922,4144.446609701407
7923,4144.446611439527
7924,4144.44661030118
7925,4144.446608626866
7926,4144.446610349081
7927,4144.446611830306
7928,4144.446613940634
7929,4144.446609475265
7930,4144.446610790694
7931,4144.446611493726
7932,4144.446611137655
7933,4144.446613670171
7934,4144.446610804729
7935,4144.446610988696
7936,4144.44661127555
7937,4144.4466125477
7938,4143.032419942371
7939,4143.03241994237
7940,4143.03241994237
7941,4143.03241994237
7942,4143.03241994237
7943,4143.03241994237
7944,4143.0324199423685
7945,4143.032419942371
7946,4143.03241994237
7947,4143.032420352067
7948,4143.032418892838
7949,4143.032419309861
7950,4143.032418243628
7951,4143.032421754608
7952,4143.032421364194
7953,4143.0324221462115
7954,4143.032421338363
7955,4143.032420046924
7956,4143.032420552808
7957,4143.032420869383
7958,4143.032422520735
7959,4143.032423833263
7960,4143.032420306151
7961,4143.0324203043
7962,4143.032421303632
7963,4143.032420027359
7964,4143.032418033762
7965,4143.032421419427
7966,4143.032418665719
7967,4143.032420157856
7968,4143.032419124977
7969,4143.032420921683
7970,4143.032417690147
7971,4143.0324179435975
7972,4143.032420093885
7973,4143.032418822291
7974,4143.032420138581
7975,4143.032421311907
7976,4143.0324201902895
7977,4143.032422201806
7978,4143.032418826749
7979,4143.032419857252
7980,4143.032420426117
7981,4143.032419713859
7982,4143.032422550969
7983,4143.03241935729
7984,4143.032419302131
7985,4143.032420193243
7986,4143.032416027257
7987,4142.067362580175
7988,4142.067362580174
7989,4142.067362580174
7990,4142.067362580175
7991,4142.067362580175
7992,4142.067362580175
7993,4142.067362580176
7994,4142.067362580175
7995,4142.067362580174
7996,4142.067360455239
7997,4142.067361874784
7998,4142.067361856598
7999,4142.06736159663
8000,4142.067363697629
8001,4142.067365740987
8002,4142.067364366257
8003,4142.067364578542
8004,4142.067363116792
8005,4142.067362773921
8006,4142.067362957672
8007,4142.067365279676
8008,4142.067370326107
8009,4142.067362825931
8010,4142.067363009438
8011,4142.067364917336
8012,4142.067361078151
8013,4142.067362886715
8014,4142.067364950328
8015,4142.0673614358375
8016,4142.067362602542
8017,4142.067361388519
8018,4142.067363277174
8019,4142.067360450045
8020,4142.067360832061
8021,4142.0673626856305
8022,4142.06736141622
8023,4142.067364401149
8024,4142.067364111213
8025,4142.067363621338
8026,4142.06736412257
8027,4142.067361914069
8028,4142.067362786876
8029,4142.067363276698
8030,4142.067362342333
8031,4142.067364089242
8032,4142.067361401536
8033,4142.067361716407
8034,4142.067362553699
8035,4142.067356177087
8036,4140.785407994124
8037,4140.785407994126
8038,4140.785407994125
8039,4140.785407994124
8040,4140.785407994124
8041,4140.785407994124
8042,4140.785407994124
8043,4140.785407994126
8044,4140.785407994126
8045,4140.785404841651
8046,4140.78540784472
8047,4140.785407172592
8048,4140.785408435987
8049,4140.785408059817
8050,4140.785411833306
8051,4140.7854090099345
8052,4140.785410466498
8053,4140.785408751641
8054,4140.7854078209875
8055,4140.785407411426
8056,4140.785410176009
8057,4140.785416793312
8058,4140.785408056619
8059,4140.785408486834
8060,4140.785410033402
8061,4140.78540580302
8062,4140.785409920477
8063,4140.785409425862
8064,4140.785407460809
8065,4140.785407882945
8066,4140.785406517994
8067,4140.785408096575
8068,4140.785406475043
8069,4140.7854071824295
8070,4140.785408040916
8071,4140.785406949274
8072,4140.785410150701
8073,4140.785408858844
8074,4140.785409822706
8075,4140.7854086897005
8076,4140.785407640191
8077,4140.785408347548
8078,4140.785408892933
8079,4140.785407815413
8080,4140.78540758596
8081,4140.785406040426
8082,4140.785407105586
8083,4140.785407622841
8084,4140.785401641189
8085,4138.3785374256
8086,4138.378537425603
8087,4138.378537425601
8088,4138.3785374256
8089,4138.378537425602
8090,4138.3785374255995
8091,4138.378537425599
8092,4138.378537425601
8093,4138.378537425601
8094,4138.378533583543
8095,4138.3785366196025
8096,4138.378536975383
8097,4138.378538052449
8098,4138.378537138503
8099,4138.3785411297295
8100,4138.378539055244
8101,4138.378537709375
8102,4138.378538376642
8103,4138.37853745235
8104,4138.378536734273
8105,4138.378539631139
8106,4138.378546844902
8107,4138.378537812413
8108,4138.3785379096435
8109,4138.378539440617
8110,4138.378536383932
8111,4138.378540646843
8112,4138.378540366885
8113,4138.378536913718
8114,4138.378537410426
8115,4138.378536023308
8116,4138.378537396874
8117,4138.378536032996
8118,4138.378537234197
8119,4138.378537538432
8120,4138.378536445364
8121,4138.378540339923
8122,4138.378538212063
8123,4138.378539108225
8124,4138.37853782588
8125,4138.378537586779
8126,4138.37853754145
8127,4138.378538456983
8128,4138.378537146157
8129,4138.378536476079
8130,4138.3785367330165
8131,4138.378536443093
8132,4138.378536055321
8133,4138.37852983897
8134,4167.60097302199
8135,4167.600973021991
8136,4167.600973021991
8137,4167.600973021991
8138,4167.600973021991
8139,4167.600973021991
8140,4167.600973021991
8141,4167.600973021991
8142,4167.600973021989
8143,4167.600966429812
8144,4167.600997076769
8145,4167.600968020959
8146,4167.600973821434
8147,4167.600968774737
8148,4167.601005946151
8149,4167.600954885679
8150,4167.600988867653
8151,4167.600971683627
8152,4167.600967018396
8153,4167.6009673657445
8154,4167.600976471318
8155,4167.600995778582
8156,4167.600967660407
8157,4167.600974356933
8158,4167.600991840395
8159,4167.600940847098
8160,4167.600973580924
8161,4167.600968105672
8162,4167.600997498685
8163,4167.60097111248
8164,4167.600967410424
8165,4167.6009712404875
8166,4167.600972406049
8167,4167.600997281377
8168,4167.600970860753
8169,4167.600973276032
8170,4167.600989734237
8171,4167.600973902973
8172,4167.600979235909
8173,4167.600960514666
8174,4167.600982203816
8175,4167.600975079037
8176,4167.600976009957
8177,4167.600973646582
8178,4167.600971490056
8179,4167.600955446711
8180,4167.600975019868
8181,4167.600983708549
8182,4167.600963934758
8183,4137.682223412668
8184,4137.682223412669
8185,4137.682223412671
8186,4137.6822234126685
8187,4137.682223412669
8188,4137.682223412668
8189,4137.682223412667
8190,4137.682223412668
8191,4137.682223412668
8192,4137.682219245309
8193,4137.68222560761
8194,4137.6822224443895
8195,4137.682224104889
8196,4137.682222601414
8197,4137.682230580457
8198,4137.682222367287
8199,4137.682225197214
8200,4137.682224041707
8201,4137.682222857196
8202,4137.682222070162
8203,4137.6822257522135
8204,4137.68223375624
8205,4137.682223135636
8206,4137.682224017206
8207,4137.68222732366
8208,4137.682218638251
8209,4137.682226094584
8210,4137.682225033384
8211,4137.682225925623
8212,4137.682223208197
8213,4137.682221597461
8214,4137.6822231300675
8215,4137.682222161487
8216,4137.682226064047
8217,4137.682223280262
8218,4137.682222565074
8219,4137.682227691524
8220,4137.682224157917
8221,4137.682225471923
8222,4137.682222465986
8223,4137.682224492079
8224,4137.682223711667
8225,4137.682224673006
8226,4137.682223254291
8227,4137.682222318629
8228,4137.682220988826
8229,4137.682222796956
8230,4137.682223537379
8231,4137.68221644673
8232,4135.681947681804
8233,4135.681947681803
8234,4135.681947681803
8235,4135.681947681801
8236,4135.681947681802
8237,4135.681947681801
8238,4135.681947681801
8239,4135.681947681802
8240,4135.681947681803
8241,4135.68194669727
8242,4135.681948514613
8243,4135.681947349106
8244,4135.681949028026
8245,4135.6819465721455
8246,4135.681951065323
8247,4135.681946351975
8248,4135.681947506024
8249,4135.681948088122
8250,4135.681947676034
8251,4135.681946347708
8252,4135.681948894557
8253,4135.681950703205
8254,4135.681947986197
8255,4135.6819481623825
8256,4135.681948755457
8257,4135.681946007669
8258,4135.681949301987
8259,4135.681947535293
8260,4135.6819495826685
8261,4135.681947782181
8262,4135.681946355624
8263,4135.681947181843
8264,4135.681947244235
8265,4135.681950841573
8266,4135.681947629668
8267,4135.681946976487
8268,4135.6819486187715
8269,4135.681947175181
8270,4135.681948970726
8271,4135.6819470673845
8272,4135.681948433095
8273,4135.681947420694
8274,4135.681948842468
8275,4135.681947623773
8276,4135.681945845493
8277,4135.681945978699
8278,4135.68194734714
8279,4135.681946718089
8280,4135.681946477253
8281,4134.657802031323
8282,4134.6578020313245
8283,4134.657802031323
8284,4134.657802031324
8285,4134.657802031323
8286,4134.657802031324
8287,4134.657802031322
8288,4134.657802031323
8289,4134.657802031324
8290,4134.6578044292955
8291,4134.657801361363
8292,4134.657802102265
8293,4134.657802885322
8294,4134.657801625224
8295,4134.6578022994
8296,4134.657802091299
8297,4134.657800944597
8298,4134.657802276441
8299,4134.657802336659
8300,4134.657801387411
8301,4134.657802864576
8302,4134.657798527952
8303,4134.65780275062
8304,4134.657802365028
8305,4134.657801232976
8306,4134.657803531132
8307,4134.6578015504165
8308,4134.65780145417
8309,4134.657803222504
8310,4134.65780228908
8311,4134.6578010375515
8312,4134.657801741718
8313,4134.65780190612
8314,4134.657805357309
8315,4134.657802021802
8316,4134.657801252223
8317,4134.657801108693
8318,4134.6578010924795
8319,4134.657801721217
8320,4134.657801827317
8321,4134.657802345306
8322,4134.657801495307
8323,4134.657802996543
8324,4134.657801999887
8325,4134.657800862308
8326,4134.657800770024
8327,4134.657801828139
8328,4134.657800500521
8329,4134.657804211628
8330,4133.883239001003
8331,4133.883239001006
8332,4133.883239001006
8333,4133.883239001005
8334,4133.883239001007
8335,4133.883239001005
8336,4133.883239001005
8337,4133.883239001005
8338,4133.883239001003
8339,4133.883242210288
8340,4133.8832377918425
8341,4133.883239413841
8342,4133.883238991118
8343,4133.88323912491
8344,4133.883238062559
8345,4133.883238892979
8346,4133.883236796801
8347,4133.883239086504
8348,4133.883239669924
8349,4133.883239113011
8350,4133.8832398888135
8351,4133.883232748933
8352,4133.8832400430565
8353,4133.883239266058
8354,4133.883237947854
8355,4133.88324110996
8356,4133.883236995058
8357,4133.883238529153
8358,4133.883239986262
8359,4133.883239414783
8360,4133.883238329825
8361,4133.883239123318
8362,4133.883238693652
8363,4133.883242132342
8364,4133.883239032339
8365,4133.883238066251
8366,4133.883237287214
8367,4133.883238082492
8368,4133.883237988769
8369,4133.8832394374185
8370,4133.883239272467
8371,4133.8832381853
8372,4133.88323984974
8373,4133.88323898768
8374,4133.883239065816
8375,4133.883238409986
8376,4133.88323890573
8377,4133.8832376018545
8378,4133.8832433564985
8379,4132.494868845738
8380,4132.494868845737
8381,4132.494868845738
8382,4132.494868845737
8383,4132.494868845737
8384,4132.494868845738
8385,4132.494868845738
8386,4132.494868845738
8387,4132.494868845738
8388,4132.494874627118
8389,4132.494866378652
8390,4132.494869589886
8391,4132.494867461357
8392,4132.494869401283
8393,4132.494865665487
8394,4132.494872028644
8395,4132.494868341664
8396,4132.494869294824
8397,4132.494868885883
8398,4132.494870407447
8399,4132.494869520352
8400,4132.494864461693
8401,4132.494870148156
8402,4132.494868959037
8403,4132.494867901409
8404,4132.494872618715
8405,4132.494865305586
8406,4132.494871847147
8407,4132.494869130623
8408,4132.494869020753
8409,4132.494867798792
8410,4132.4948697766395
8411,4132.494868019827
8412,4132.494872387977
8413,4132.494868639768
8414,4132.494867623066
8415,4132.494869769851
8416,4132.494867025014
8417,4132.494868605265
8418,4132.494868509011
8419,4132.494869337699
8420,4132.49486826123
8421,4132.494869585973
8422,4132.494868769626
8423,4132.4948714114125
8424,4132.494867378738
8425,4132.494868692857
8426,4132.494867783595
8427,4132.494868932959
8428,4132.6267500105805
8429,4132.62675001058
8430,4132.626750010579
8431,4132.626750010579
8432,4132.6267500105805
8433,4132.62675001058
8434,4132.6267500105805
8435,4132.62675001058
8436,4132.62675001058
8437,4132.626755118002
8438,4132.626742132541
8439,4132.626751844701
8440,4132.626750570862
8441,4132.6267557373085
8442,4132.626741635482
8443,4132.626750221515
8444,4132.626742768
8445,4132.626749728152
8446,4132.626752614982
8447,4132.626751241636
8448,4132.626750253082
8449,4132.626710705471
8450,4132.62675249695
8451,4132.626749998176
8452,4132.626741510415
8453,4132.626759493487
8454,4132.626740566954
8455,4132.626740540662
8456,4132.626747951756
8457,4132.626750839839
8458,4132.626751213238
8459,4132.626749937438
8460,4132.626751828677
8461,4132.626748617822
8462,4132.626750700277
8463,4132.626748094573
8464,4132.626736381016
8465,4132.626752021114
8466,4132.626735830703
8467,4132.626755699612
8468,4132.626747436676
8469,4132.626748580986
8470,4132.626750357972
8471,4132.626750388074
8472,4132.6267478150585
8473,4132.626751859687
8474,4132.626749858378
8475,4132.626747865136
8476,4132.62677957506
8477,4131.257255169848
8478,4131.257255169847
8479,4131.257255169843
8480,4131.257255169846
8481,4131.257255169846
8482,4131.257255169848
8483,4131.257255169847
8484,4131.257255169845
8485,4131.257255169846
8486,4131.257260759424
8487,4131.257250027899
8488,4131.25725644452
8489,4131.257254708878
8490,4131.2572582636285
8491,4131.257249362158
8492,4131.257257019778
8493,4131.257251504112
8494,4131.257255264615
8495,4131.257256442304
8496,4131.257256574033
8497,4131.25725564149
8498,4131.257233575699
8499,4131.257257052639
8500,4131.257255212148
8501,4131.257250482359
8502,4131.257261880689
8503,4131.257248659582
8504,4131.257252111655
8505,4131.257254278942
8506,4131.2572556566065
8507,4131.257255208825
8508,4131.257255603098
8509,4131.257255635049
8510,4131.257256354934
8511,4131.257255393837
8512,4131.257253611116
8513,4131.257248991017
8514,4131.257255200368
8515,4131.257248073851
8516,4131.257257734313
8517,4131.257254160074
8518,4131.257254187719
8519,4131.25725571137
8520,4131.257255325375
8521,4131.257255432187
8522,4131.257255221219
8523,4131.2572550258055
8524,4131.25725356174
8525,4131.257269647218
8526,4129.03682924902
8527,4129.0368292490175
8528,4129.0368292490175
8529,4129.036829249018
8530,4129.036829249019
8531,4129.036829249019
8532,4129.036829249021
8533,4129.03682924902
8534,4129.03682924902
8535,4129.0368310051
8536,4129.036824113606
8537,4129.036830955157
8538,4129.036827986692
8539,4129.036831524187
8540,4129.036824467342
8541,4129.036831406255
8542,4129.0368264892095
8543,4129.03683005866
8544,4129.036829926699
8545,4129.036831613937
8546,4129.036829597052
8547,4129.036819211832
8548,4129.036831402227
8549,4129.036829227055
8550,4129.036827202508
8551,4129.036832800678
8552,4129.036824648782
8553,4129.036831621426
8554,4129.036828259678
8555,4129.036829467859
8556,4129.0368287748715
8557,4129.036830450694
8558,4129.036828757997
8559,4129.036830081106
8560,4129.036829278249
8561,4129.036827449868
8562,4129.036828046572
8563,4129.036828636396
8564,4129.036825568835
8565,4129.036830917576
8566,4129.03682952636
8567,4129.036828461823
8568,4129.036830011272
8569,4129.036829348706
8570,4129.036831474413
8571,4129.036829086619
8572,4129.036828939281
8573,4129.036828360932
8574,4129.036836033706
8575,4126.691912395141
8576,4126.691912395144
8577,4126.691912395142
8578,4126.691912395142
8579,4126.69191239514
8580,4126.691912395141
8581,4126.691912395142
8582,4126.691912395142
8583,4126.691912395141
8584,4126.69190851412
8585,4126.691907810694
8586,4126.691914267532
8587,4126.691912024303
8588,4126.691913338728
8589,4126.691909514687
8590,4126.691913782931
8591,4126.69191170288
8592,4126.691914023856
8593,4126.691912226564
8594,4126.691914584652
8595,4126.691911917189
8596,4126.691915088111
8597,4126.691914495069
8598,4126.691912364602
8599,4126.691912371278
8600,4126.691911592461
8601,4126.6919111028765
8602,4126.691918317851
8603,4126.691911600312
8604,4126.6919121968685
8605,4126.691911219534
8606,4126.691913688179
8607,4126.691911560751
8608,4126.691912646251
8609,4126.6919122231275
8610,4126.691910567437
8611,4126.69191574586
8612,4126.69191090411
8613,4126.691912474502
8614,4126.69191284314
8615,4126.691913736251
8616,4126.691912045797
8617,4126.691913527304
8618,4126.691912550477
8619,4126.691914351147
8620,4126.691911226463
8621,4126.691911910464
8622,4126.691912500269
8623,4126.6919122709005
8624,4125.366119846864
8625,4125.366119846864
8626,4125.366119846867
8627,4125.3661198468635
8628,4125.366119846864
8629,4125.3661198468635
8630,4125.366119846864
8631,4125.3661198468635
8632,4125.366119846864
8633,4125.366114703396
8634,4125.366115828019
8635,4125.366121560338
8636,4125.366120451171
8637,4125.366120556287
8638,4125.366118192978
8639,4125.366120686999
8640,4125.36612060004
8641,4125.366121615537
8642,4125.36611928284
8643,4125.366121183275
8644,4125.366118894459
8645,4125.366125629824
8646,4125.366121742661
8647,4125.366119842261
8648,4125.36611989846
8649,4125.366117901871
8650,4125.366119814033
8651,4125.366125193625
8652,4125.366119290885
8653,4125.366119471759
8654,4125.366118393155
8655,4125.3661207118275
8656,4125.366119177053
8657,4125.366119950201
8658,4125.3661195595105
8659,4125.366118327309
8660,4125.366123867075
8661,4125.366118300016
8662,4125.366120705483
8663,4125.366119713019
8664,4125.366121044038
8665,4125.366119753082
8666,4125.366121112055
8667,4125.366120058032
8668,4125.366120611153
8669,4125.36611793584
8670,4125.3661194048545
8671,4125.366120786015
8672,4125.366117916231
8673,4122.811499473416
8674,4122.811499473416
8675,4122.811499473417
8676,4122.811499473416
8677,4122.811499473415
8678,4122.811499473418
8679,4122.811499473417
8680,4122.811499473416
8681,4122.811499473416
8682,4122.811493102661
8683,4122.811497858946
8684,4122.811500972788
8685,4122.811499838199
8686,4122.811500592694
8687,4122.811501510488
8688,4122.811496759745
8689,4122.811499444339
8690,4122.811500529855
8691,4122.811499249986
8692,4122.811499733939
8693,4122.811498932859
8694,4122.811507897307
8695,4122.811501280361
8696,4122.8114995336455
8697,4122.811500948866
8698,4122.811495277836
8699,4122.811499903859
8700,4122.811502640838
8701,4122.811500114958
8702,4122.811499265461
8703,4122.811498366492
8704,4122.811499996756
8705,4122.811498217736
8706,4122.811499377292
8707,4122.811499051385
8708,4122.811498876791
8709,4122.811503103904
8710,4122.811499213185
8711,4122.811500888592
8712,4122.811499500794
8713,4122.811500182293
8714,4122.811499146488
8715,4122.811500761947
8716,4122.811499678648
8717,4122.811500275432
8718,4122.811498686392
8719,4122.811499532314
8720,4122.811502681987
8721,4122.81149653523
8722,4123.256373629383
8723,4123.256373629384
8724,4123.256373629385
8725,4123.256373629381
8726,4123.256373629383
8727,4123.256373629382
8728,4123.256373629381
8729,4123.256373629383
8730,4123.256373629382
8731,4123.25638718936
8732,4123.256370135833
8733,4123.25637339646
8734,4123.256378660728
8735,4123.256375336662
8736,4123.256366594495
8737,4123.256379486123
8738,4123.256380166149
8739,4123.256373858875
8740,4123.256371816378
8741,4123.2563708056805
8742,4123.256369337169
8743,4123.256359387979
8744,4123.256374104432
8745,4123.2563735066105
8746,4123.256363312338
8747,4123.256384563678
8748,4123.2563696562165
8749,4123.256365736025
8750,4123.256373465576
8751,4123.256373036476
8752,4123.2563717670955
8753,4123.256371658246
8754,4123.256376161265
8755,4123.256375987544
8756,4123.256372792484
8757,4123.256374535001
8758,4123.256370193933
8759,4123.256369621189
8760,4123.2563711261255
8761,4123.25637135281
8762,4123.256370514165
8763,4123.256374527135
8764,4123.256374236574
8765,4123.2563738538665
8766,4123.256368107438
8767,4123.256368408839
8768,4123.25637411416
8769,4123.256376165912
8770,4123.256377005509
8771,4121.518380724469
8772,4121.518380724469
8773,4121.518380724472
8774,4121.518380724472
8775,4121.51838072447
8776,4121.51838072447
8777,4121.518380724471
8778,4121.518380724468
8779,4121.518380724469
8780,4121.518383655744
8781,4121.5183783386965
8782,4121.518381401299
8783,4121.518383212449
8784,4121.518382150074
8785,4121.51837854903
8786,4121.518382158619
8787,4121.518384032702
8788,4121.518381399313
8789,4121.518379721044
8790,4121.518379592283
8791,4121.518378482897
8792,4121.518378721867
8793,4121.518381875271
8794,4121.5183806977
8795,4121.51837676903
8796,4121.5183835645885
8797,4121.518379064136
8798,4121.518378712661
8799,4121.518380905394
8800,4121.518380307548
8801,4121.51837924812
8802,4121.518380098176
8803,4121.51838118904
8804,4121.5183818288215
8805,4121.51838009668
8806,4121.518380819052
8807,4121.518381211342
8808,4121.518378709373
8809,4121.518380400642
8810,4121.51837962253
8811,4121.518379510578
8812,4121.518380998132
8813,4121.518381694663
8814,4121.518380947574
8815,4121.518378655752
8816,4121.518377785465
8817,4121.518380978313
8818,4121.518383604884
8819,4121.518380521925
8820,4120.319011773221
8821,4120.319011773221
8822,4120.319011773221
8823,4120.319011773218
8824,4120.319011773221
8825,4120.31901177322
8826,4120.319011773218
8827,4120.319011773218
8828,4120.319011773219
8829,4120.319014413803
8830,4120.319010957421
8831,4120.319012291204
8832,4120.319013369286
8833,4120.319013410841
8834,4120.319011491371
8835,4120.319010514029
8836,4120.3190129499435
8837,4120.319011723769
8838,4120.319011462453
8839,4120.319010580351
8840,4120.319010345723
8841,4120.319008548571
8842,4120.319012944751
8843,4120.319011780008
8844,4120.319008864656
8845,4120.319013555542
8846,4120.319009758288
8847,4120.319008280999
8848,4120.319012705655
8849,4120.319011652483
8850,4120.319010854863
8851,4120.319011242691
8852,4120.319011838029
8853,4120.319012848019
8854,4120.3190112026405
8855,4120.31901223804
8856,4120.319011203854
8857,4120.319010864813
8858,4120.319011081681
8859,4120.319011344631
8860,4120.319010350614
8861,4120.31901166253
8862,4120.319012649798
8863,4120.319011933306
8864,4120.319010444707
8865,4120.319010540953
8866,4120.31901232836
8867,4120.319014949664
8868,4120.319013331965
8869,4118.705574331403
8870,4118.705574331404
8871,4118.705574331405
8872,4118.705574331405
8873,4118.705574331405
8874,4118.705574331402
8875,4118.705574331405
8876,4118.705574331405
8877,4118.705574331404
8878,4118.7055755055535
8879,4118.7055739611
8880,4118.70557451317
8881,4118.705574254159
8882,4118.705576585616
8883,4118.705576557294
8884,4118.705572526036
8885,4118.705573727813
8886,4118.705573879911
8887,4118.705574718873
8888,4118.705573907963
8889,4118.705574743212
8890,4118.705571342253
8891,4118.705575593575
8892,4118.705574281974
8893,4118.705573556275
8894,4118.70557534442
8895,4118.705573920629
8896,4118.705572008491
8897,4118.7055745592925
8898,4118.705574398585
8899,4118.705573863654
8900,4118.705574295419
8901,4118.705573867324
8902,4118.70557442488
8903,4118.705573936463
8904,4118.70557485185
8905,4118.70557447957
8906,4118.705576263674
8907,4118.70557200482
8908,4118.7055741742
8909,4118.705572660398
8910,4118.705574115114
8911,4118.705575121597
8912,4118.705574254051
8913,4118.705574046815
8914,4118.705575445473
8915,4118.705574796999
8916,4118.705575248397
8917,4118.705574606062
8918,4118.446522171311
8919,4118.446522171313
8920,4118.446522171313
8921,4118.446522171313
8922,4118.446522171313
8923,4118.446522171313
8924,4118.446522171312
8925,4118.446522171313
8926,4118.446522171313
8927,4118.446519554103
8928,4118.4465239351775
8929,4118.446522491155
8930,4118.446524445108
8931,4118.446519019629
8932,4118.446521168025
8933,4118.446512912037
8934,4118.44651790491
8935,4118.446521264997
8936,4118.44652362721
8937,4118.446521468937
8938,4118.446520157905
8939,4118.446520921537
8940,4118.446523703012
8941,4118.446522102988
8942,4118.4465198743255
8943,4118.44651950224
8944,4118.4465250108615
8945,4118.446516459227
8946,4118.446522033098
8947,4118.446522686127
8948,4118.446522493669
8949,4118.446521986142
8950,4118.446522800348
8951,4118.446522032206
8952,4118.446522080969
8953,4118.446522676464
8954,4118.446518958486
8955,4118.446519715109
8956,4118.446526125139
8957,4118.446522935468
8958,4118.446520821627
8959,4118.446521187741
8960,4118.446522963576
8961,4118.44652226709
8962,4118.446520010253
8963,4118.44652496357
8964,4118.446522919719
8965,4118.446520279348
8966,4118.446531498396
8967,4117.453714248234
8968,4117.453714248234
8969,4117.453714248236
8970,4117.453714248234
8971,4117.453714248234
8972,4117.453714248233
8973,4117.453714248233
8974,4117.453714248234
8975,4117.453714248234
8976,4117.453713663629
8977,4117.453714407822
8978,4117.453714388152
8979,4117.453714242785
8980,4117.453713977879
8981,4117.453714987635
8982,4117.453710632385
8983,4117.453712291755
8984,4117.453713717653
8985,4117.4537150638025
8986,4117.453714608409
8987,4117.453714183832
8988,4117.453713779754
8989,4117.45371567845
8990,4117.453714110894
8991,4117.453713808612
8992,4117.45371372176
8993,4117.4537160721675
8994,4117.453712809621
8995,4117.453713569244
8996,4117.453714449505
8997,4117.453714042605
8998,4117.453714642756
8999,4117.453713964589
9000,4117.453714119229
9001,4117.453713989943
9002,4117.45371454023
9003,4117.453714623147
9004,4117.4537147659985
9005,4117.453714759997
9006,4117.453714027431
9007,4117.4537129133105
9008,4117.453713817549
9009,4117.453714999854
9010,4117.453714129256
9011,4117.4537142395975
9012,4117.453716426925
9013,4117.453714680409
9014,4117.453712399103
9015,4117.453715925164
9016,4116.9645754866315
9017,4116.9645754866315
9018,4116.964575486628
9019,4116.964575486628
9020,4116.964575486631
9021,4116.964575486631
9022,4116.964575486631
9023,4116.96457548663
9024,4116.964575486629
9025,4116.964575639409
9026,4116.9645747529
9027,4116.964575639352
9028,4116.964574750075
9029,4116.964575946589
9030,4116.964576144792
9031,4116.964574536668
9032,4116.9645749591555
9033,4116.964575272629
9034,4116.9645758644965
9035,4116.964576421037
9036,4116.964575790169
9037,4116.964576492546
9038,4116.964576900294
9039,4116.964575296762
9040,4116.964575609409
9041,4116.964575756221
9042,4116.964577043378
9043,4116.964576407419
9044,4116.964574445805
9045,4116.964575491053
9046,4116.9645749383735
9047,4116.964576179392
9048,4116.964574880717
9049,4116.964575421554
9050,4116.96457512029
9051,4116.964575602906
9052,4116.9645777829965
9053,4116.964576483669
9054,4116.9645754060075
9055,4116.964574628931
9056,4116.964574347136
9057,4116.964575331575
9058,4116.964576241958
9059,4116.96457530598
9060,4116.964576419047
9061,4116.964576985853
9062,4116.964575766043
9063,4116.964573633261
9064,4116.964573541924
9065,4116.187718368487
9066,4116.1877183684865
9067,4116.18771836849
9068,4116.187718368485
9069,4116.187718368488
9070,4116.187718368488
9071,4116.187718368488
9072,4116.187718368487
9073,4116.187718368486
9074,4116.187718851104
9075,4116.18771689658
9076,4116.187718577813
9077,4116.187716987107
9078,4116.187719166195
9079,4116.187718749686
9080,4116.187719737322
9081,4116.187719478775
9082,4116.187718489664
9083,4116.187718253397
9084,4116.187719947891
9085,4116.187718770677
9086,4116.187721557064
9087,4116.187719744363
9088,4116.187718114155
9089,4116.18771918003
9090,4116.1877187917335
9091,4116.18771977172
9092,4116.18772181684
9093,4116.187717108607
9094,4116.187718158597
9095,4116.187717449447
9096,4116.187719405406
9097,4116.187717458826
9098,4116.187718469613
9099,4116.187717861084
9100,4116.187718276594
9101,4116.1877227028845
9102,4116.187719425455
9103,4116.187718269891
9104,4116.187716757451
9105,4116.1877176494545
9106,4116.187718445713
9107,4116.1877191526055
9108,4116.187718162108
9109,4116.187720323342
9110,4116.187718940894
9111,4116.187718550408
9112,4116.187716569517
9113,4116.18771303395
9114,4115.120367749113
9115,4115.120367749116
9116,4115.120367749116
9117,4115.120367749117
9118,4115.120367749114
9119,4115.120367749114
9120,4115.120367749113
9121,4115.120367749116
9122,4115.120367749115
9123,4115.120368269992
9124,4115.120365222727
9125,4115.120368142018
9126,4115.120366459216
9127,4115.120369455961
9128,4115.120367337284
9129,4115.120369597191
9130,4115.120368785011
9131,4115.120367855183
9132,4115.120367738298
9133,4115.120369427897
9134,4115.120367935314
9135,4115.120365899645
9136,4115.120369182888
9137,4115.120367442828
9138,4115.12036778966
9139,4115.1203687355355
9140,4115.120368085153
9141,4115.120370242246
9142,4115.120366514067
9143,4115.120367536538
9144,4115.120366998817
9145,4115.120368718862
9146,4115.120367196612
9147,4115.12036732653
9148,4115.120367274562
9149,4115.120367505652
9150,4115.120370473674
9151,4115.120369343399
9152,4115.120365223124
9153,4115.1203666458905
9154,4115.12036699933
9155,4115.120367697967
9156,4115.120368519504
9157,4115.120367631496
9158,4115.1203693245625
9159,4115.120368117858
9160,4115.1203679954915
9161,4115.120366084201
9162,4115.120366022662
9163,4117.765055335611
9164,4117.76505533561
9165,4117.76505533561
9166,4117.765055335611
9167,4117.76505533561
9168,4117.76505533561
9169,4117.76505533561
9170,4117.765055335612
9171,4117.765055335612
9172,4117.765053547785
9173,4117.765059632453
9174,4117.765055468594
9175,4117.765051701112
9176,4117.76505097743
9177,4117.7650589198975
9178,4117.765056856843
9179,4117.765062046079
9180,4117.765055493899
9181,4117.76505317286
9182,4117.765058282123
9183,4117.765054092084
9184,4117.7650913260995
9185,4117.765055595591
9186,4117.765054889904
9187,4117.765063980844
9188,4117.765046075243
9189,4117.765058700464
9190,4117.765070883405
9191,4117.765058254707
9192,4117.765054599507
9193,4117.76505292538
9194,4117.765057809253
9195,4117.765051816185
9196,4117.765059959348
9197,4117.765053725526
9198,4117.765055941601
9199,4117.7650715711325
9200,4117.765050955803
9201,4117.765069148646
9202,4117.765048431426
9203,4117.765059132472
9204,4117.765055333097
9205,4117.765056480719
9206,4117.765055133929
9207,4117.76506386363
9208,4117.765052351841
9209,4117.765056545693
9210,4117.765058125829
9211,4117.765028758272
9212,4114.652058286584
9213,4114.652058286583
9214,4114.652058286582
9215,4114.652058286583
9216,4114.652058286582
9217,4114.652058286585
9218,4114.652058286582
9219,4114.652058286583
9220,4114.652058286583
9221,4114.652058198952
9222,4114.6520576119565
9223,4114.652058599009
9224,4114.652056284611
9225,4114.652058349365
9226,4114.652059005202
9227,4114.652060043477
9228,4114.6520609872905
9229,4114.652058425223
9230,4114.65205765116
9231,4114.65206035291
9232,4114.652058117956
9233,4114.652066800618
9234,4114.652059414254
9235,4114.652057945585
9236,4114.652060737951
9237,4114.652056419366
9238,4114.6520594860085
9239,4114.652064400581
9240,4114.652058181806
9241,4114.652057920291
9242,4114.652057058802
9243,4114.652059702887
9244,4114.652056900381
9245,4114.652059249787
9246,4114.652057491292
9247,4114.652058258618
9248,4114.652064840109
9249,4114.652058272431
9250,4114.65206025289
9251,4114.652055573963
9252,4114.652058805397
9253,4114.6520582579005
9254,4114.652059162225
9255,4114.652058143877
9256,4114.652061845672
9257,4114.652057667386
9258,4114.652058792091
9259,4114.652057813697
9260,4114.652049628325
9261,4113.909907599046
9262,4113.909907599048
9263,4113.909907599048
9264,4113.909907599048
9265,4113.909907599047
9266,4113.909907599047
9267,4113.909907599047
9268,4113.909907599047
9269,4113.909907599046
9270,4113.909907515257
9271,4113.909906949779
9272,4113.909908060385
9273,4113.90990632368
9274,4113.909907876434
9275,4113.909907638219
9276,4113.909907174973
9277,4113.909908546229
9278,4113.909907299394
9279,4113.909907540066
9280,4113.909909080066
9281,4113.909906879438
9282,4113.909909492251
9283,4113.9099088013345
9284,4113.909907263073
9285,4113.909908640245
9286,4113.909905904237
9287,4113.909907750374
9288,4113.909910220446
9289,4113.90990799965
9290,4113.909907465461
9291,4113.9099069285
9292,4113.90990862404
9293,4113.909906829478
9294,4113.909908085665
9295,4113.909906925938
9296,4113.909907713366
9297,4113.909910438639
9298,4113.909907565939
9299,4113.90990785175
9300,4113.909906064796
9301,4113.909907820319
9302,4113.90990711737
9303,4113.909908423055
9304,4113.909907582568
9305,4113.909909976446
9306,4113.909907605782
9307,4113.909908376361
9308,4113.909907540099
9309,4113.9099058768115
9310,4113.344378715781
9311,4113.34437871578
9312,4113.34437871578
9313,4113.344378715781
9314,4113.344378715779
9315,4113.344378715779
9316,4113.3443787157785
9317,4113.34437871578
9318,4113.34437871578
9319,4113.344378204582
9320,4113.344378666039
9321,4113.344379309793
9322,4113.344378085022
9323,4113.344378722368
9324,4113.344378577552
9325,4113.344375494244
9326,4113.344377682472
9327,4113.344377951859
9328,4113.344379256326
9329,4113.344379547639
9330,4113.344377503903
9331,4113.344376353495
9332,4113.344379983352
9333,4113.344378406867
9334,4113.344378871
9335,4113.344376534299
9336,4113.3443783427065
9337,4113.3443782833
9338,4113.344379760343
9339,4113.344378854238
9340,4113.344378598302
9341,4113.344379389843
9342,4113.344378356771
9343,4113.344378879421
9344,4113.3443781530605
9345,4113.344379052979
9346,4113.34437833799
9347,4113.3443784078
9348,4113.344378396375
9349,4113.344378260592
9350,4113.344378799963
9351,4113.344377725563
9352,4113.3443795062
9353,4113.344378806536
9354,4113.344380143807
9355,4113.344379523203
9356,4113.344379789192
9357,4113.344379154785
9358,4113.34438268968
9359,4112.788835607547
9360,4112.788835607547
9361,4112.788835607548
9362,4112.788835607548
9363,4112.788835607546
9364,4112.788835607547
9365,4112.788835607547
9366,4112.788835607547
9367,4112.788835607547
9368,4112.788835155683
9369,4112.788836027211
9370,4112.7888362783
9371,4112.788835522403
9372,4112.788835328772
9373,4112.788835392888
9374,4112.78883066523
9375,4112.788833247742
9376,4112.788834520358
9377,4112.78883653606
9378,4112.788835804016
9379,4112.788833985503
9380,4112.788830850562
9381,4112.788836887036
9382,4112.788835316174
9383,4112.788835049654
9384,4112.788833359706
9385,4112.788835126807
9386,4112.788833152106
9387,4112.788837118056
9388,4112.788835957602
9389,4112.788835851261
9390,4112.788835956486
9391,4112.788835526653
9392,4112.788835577448
9393,4112.7888351093225
9394,4112.788836213166
9395,4112.788832987591
9396,4112.788835014
9397,4112.788835131408
9398,4112.788835800982
9399,4112.788835599578
9400,4112.7888342422975
9401,4112.788836371963
9402,4112.788835760429
9403,4112.788836243684
9404,4112.788836962337
9405,4112.788836908092
9406,4112.7888364717355
9407,4112.78884277117
9408,4111.79580298773
9409,4111.795802987728
9410,4111.795802987729
9411,4111.795802987728
9412,4111.795802987729
9413,4111.79580298773
9414,4111.795802987729
9415,4111.795802987729
9416,4111.795802987729
9417,4111.795802654651
9418,4111.795803552509
9419,4111.79580378258
9420,4111.79580354409
9421,4111.795802556639
9422,4111.795802853864
9423,4111.795797360569
9424,4111.7957995565785
9425,4111.79580171129
9426,4111.795804210757
9427,4111.795802322514
9428,4111.795800907754
9429,4111.795797214584
9430,4111.7958042526625
9431,4111.795802695362
9432,4111.795801683055
9433,4111.795801203188
9434,4111.7958030338405
9435,4111.795799253553
9436,4111.795804828727
9437,4111.795803549969
9438,4111.795803510535
9439,4111.795802908406
9440,4111.795803104528
9441,4111.795802523997
9442,4111.795802535113
9443,4111.795803998419
9444,4111.795798431522
9445,4111.795802249252
9446,4111.795802370827
9447,4111.795803645865
9448,4111.795802947141
9449,4111.795801239205
9450,4111.795803746459
9451,4111.795803177038
9452,4111.79580262731
9453,4111.795804849115
9454,4111.795804490516
9455,4111.7958044026645
9456,4111.7958113157765
9457,4110.1949319693995
9458,4110.1949319694
9459,4110.1949319694
9460,4110.194931969401
9461,4110.1949319694
9462,4110.1949319694
9463,4110.194931969401
9464,4110.194931969401
9465,4110.194931969401
9466,4110.194932276379
9467,4110.194931838362
9468,4110.194932726585
9469,4110.194933503169
9470,4110.194930985541
9471,4110.194930663006
9472,4110.194928369542
9473,4110.1949303175825
9474,4110.194931050659
9475,4110.194932862751
9476,4110.194930719843
9477,4110.194929160158
9478,4110.194926064969
9479,4110.194933082749
9480,4110.194931676737
9481,4110.194929365467
9482,4110.194931734825
9483,4110.194933431756
9484,4110.194927568822
9485,4110.194933124495
9486,4110.194932441387
9487,4110.194932191351
9488,4110.1949315024
9489,4110.19493239207
9490,4110.19493133857
9491,4110.1949314105805
9492,4110.194933078966
9493,4110.194926926023
9494,4110.194930666857
9495,4110.1949316392775
9496,4110.194932030699
9497,4110.194931624203
9498,4110.194930353401
9499,4110.1949327609045
9500,4110.194932176026
9501,4110.194930121027
9502,4110.19493267735
9503,4110.194933359844
9504,4110.194932551757
9505,4110.194939102893
9506,4112.971444530602
9507,4112.971444530601
9508,4112.971444530601
9509,4112.9714445306
9510,4112.971444530602
9511,4112.971444530604
9512,4112.971444530603
9513,4112.971444530603
9514,4112.971444530601
9515,4112.97142157308
9516,4112.971450169787
9517,4112.971445276782
9518,4112.9714410185115
9519,4112.971445166258
9520,4112.97146085591
9521,4112.971434992501
9522,4112.971438066964
9523,4112.971443664889
9524,4112.971446526221
9525,4112.971444295676
9526,4112.971447556231
9527,4112.97146573147
9528,4112.971445056355
9529,4112.971444713955
9530,4112.971456630384
9531,4112.971428713997
9532,4112.971450237372
9533,4112.9714481051915
9534,4112.971449352503
9535,4112.97144503128
9536,4112.971445459484
9537,4112.971445477404
9538,4112.971440051771
9539,4112.97144098959
9540,4112.971444101362
9541,4112.97144519035
9542,4112.971448929113
9543,4112.971450946701
9544,4112.971444578055
9545,4112.971446565458
9546,4112.971447187848
9547,4112.9714422297075
9548,4112.971445918726
9549,4112.971444537527
9550,4112.971447551521
9551,4112.971449933012
9552,4112.971445554895
9553,4112.9714493515
9554,4112.971437485939
9555,4109.551524636545
9556,4109.551524636546
9557,4109.551524636548
9558,4109.551524636546
9559,4109.551524636548
9560,4109.551524636545
9561,4109.551524636546
9562,4109.551524636547
9563,4109.551524636545
9564,4109.551517849692
9565,4109.551526228001
9566,4109.5515253875
9567,4109.5515247248
9568,4109.551524204816
9569,4109.5515286299815
9570,4109.551519098964
9571,4109.551521587975
9572,4109.5515237363325
9573,4109.551525870998
9574,4109.551523648481
9575,4109.551523571924
9576,4109.551526649458
9577,4109.551525573495
9578,4109.5515244802045
9579,4109.551526385765
9580,4109.551519634745
9581,4109.551527444692
9582,4109.551522475274
9583,4109.551526867718
9584,4109.551525113183
9585,4109.551525071904
9586,4109.551524565666
9587,4109.551523650157
9588,4109.551523099424
9589,4109.551524127838
9590,4109.55152560533
9591,4109.5515223053935
9592,4109.5515256775525
9593,4109.551524402148
9594,4109.551525311179
9595,4109.5515251572015
9596,4109.551522824188
9597,4109.551525617893
9598,4109.551524802264
9599,4109.551524139875
9600,4109.551526729225
9601,4109.551525923909
9602,4109.551526395206
9603,4109.551527816424
9604,4108.263239700899
9605,4108.263239700899
9606,4108.263239700897
9607,4108.263239700898
9608,4108.263239700899
9609,4108.2632397009
9610,4108.263239700899
9611,4108.2632397009
9612,4108.2632397009
9613,4108.263235805361
9614,4108.263239788163
9615,4108.263240144484
9616,4108.263239852887
9617,4108.263239442517
9618,4108.263241572164
9619,4108.2632395605715
9620,4108.263240497229
9621,4108.263239380095
9622,4108.263240052841
9623,4108.263238987995
9624,4108.263238544357
9625,4108.263241210299
9626,4108.263240359797
9627,4108.263239537396
9628,4108.263240149653
9629,4108.263238295672
9630,4108.263242825046
9631,4108.263238348623
9632,4108.26324057108
9633,4108.263239801948
9634,4108.26323936991
9635,4108.263239616126
9636,4108.263238685522
9637,4108.2632386540145
9638,4108.263238956546
9639,4108.263240450392
9640,4108.263239026602
9641,4108.26324045957
9642,4108.263239329851
9643,4108.263238892868
9644,4108.263239565804
9645,4108.263238584359
9646,4108.263240615875
9647,4108.26323978166
9648,4108.263238902877
9649,4108.263239654062
9650,4108.263240607683
9651,4108.263240153884
9652,4108.263238525485
9653,4107.232739956106
9654,4107.232739956107
9655,4107.2327399561045
9656,4107.232739956107
9657,4107.232739956105
9658,4107.232739956105
9659,4107.232739956106
9660,4107.232739956105
9661,4107.232739956105
9662,4107.2327370879375
9663,4107.232739520394
9664,4107.232740067176
9665,4107.232739819767
9666,4107.232739631522
9667,4107.232740655999
9668,4107.232742568154
9669,4107.232742825452
9670,4107.232739945074
9671,4107.232739791923
9672,4107.232739778941
9673,4107.232739063215
9674,4107.232741801057
9675,4107.23274040041
9676,4107.232739849833
9677,4107.232740067675
9678,4107.232740209063
9679,4107.232742808205
9680,4107.2327391205545
9681,4107.232740042846
9682,4107.232739784751
9683,4107.232739179285
9684,4107.232740062169
9685,4107.232738689716
9686,4107.232739337813
9687,4107.232739105036
9688,4107.2327403558465
9689,4107.232740952026
9690,4107.232740434925
9691,4107.232740050409
9692,4107.232738450856
9693,4107.232739433301
9694,4107.232739386933
9695,4107.232740785277
9696,4107.232739964994
9697,4107.232739531324
9698,4107.232738756998
9699,4107.232740510757
9700,4107.23273956051
9701,4107.232736377502
9702,4105.585923501646
9703,4105.585923501644
9704,4105.585923501644
9705,4105.585923501644
9706,4105.585923501645
9707,4105.585923501645
9708,4105.585923501645
9709,4105.585923501645
9710,4105.585923501646
9711,4105.585922577767
9712,4105.58592285715
9713,4105.585923107442
9714,4105.585921466161
9715,4105.585923774521
9716,4105.585923279618
9717,4105.5859299775375
9718,4105.585927606101
9719,4105.58592353231
9720,4105.585922872895
9721,4105.585924650406
9722,4105.58592388667
9723,4105.585926651087
9724,4105.585923648673
9725,4105.585923495904
9726,4105.585924338947
9727,4105.585926211038
9728,4105.585924185197
9729,4105.5859246789
9730,4105.585923130586
9731,4105.585923075288
9732,4105.585922403983
9733,4105.585924283179
9734,4105.585921032858
9735,4105.585923593002
9736,4105.585922498133
9737,4105.5859234831905
9738,4105.585927447704
9739,4105.58592405507
9740,4105.585924299676
9741,4105.585921629206
9742,4105.585922705129
9743,4105.585923546677
9744,4105.585924029867
9745,4105.585923320574
9746,4105.5859257631755
9747,4105.5859217660745
9748,4105.585923651269
9749,4105.585923425931
9750,4105.585915095885
9751,4104.111351748035
9752,4104.111351748035
9753,4104.1113517480335
9754,4104.111351748035
9755,4104.111351748034
9756,4104.111351748035
9757,4104.1113517480335
9758,4104.111351748035
9759,4104.111351748035
9760,4104.111348990768
9761,4104.111352292004
9762,4104.111350919843
9763,4104.111350538935
9764,4104.111350034463
9765,4104.111350096833
9766,4104.111355755125
9767,4104.111354475311
9768,4104.111351682961
9769,4104.1113512893835
9770,4104.111353092959
9771,4104.111351627796
9772,4104.111356087076
9773,4104.111351747086
9774,4104.111351953502
9775,4104.1113519285645
9776,4104.111353514529
9777,4104.111352289296
9778,4104.111351040327
9779,4104.111351084556
9780,4104.1113512851625
9781,4104.111350837177
9782,4104.111352565961
9783,4104.111349385431
9784,4104.111351888173
9785,4104.111350919457
9786,4104.111351282738
9787,4104.111355468647
9788,4104.111350270494
9789,4104.111355475394
9790,4104.111350733941
9791,4104.111350842807
9792,4104.111352078986
9793,4104.1113520971785
9794,4104.111351547406
9795,4104.111353556372
9796,4104.111350343214
9797,4104.1113515328325
9798,4104.111350857726
9799,4104.1113465505605
9800,4103.493384582943
9801,4103.493384582943
9802,4103.493384582942
9803,4103.493384582943
9804,4103.493384582944
9805,4103.493384582941
9806,4103.493384582943
9807,4103.493384582941
9808,4103.493384582941
9809,4103.493385771894
9810,4103.493388299077
9811,4103.493382956101
9812,4103.493376914937
9813,4103.493384687393
9814,4103.493388421584
9815,4103.493392737418
9816,4103.493388633512
9817,4103.493383834507
9818,4103.493383117062
9819,4103.493388742309
9820,4103.493388488351
9821,4103.493401995124
9822,4103.493383422248
9823,4103.49338496703
9824,4103.493392959782
9825,4103.49338435924
9826,4103.493379652818
9827,4103.4933944929235
9828,4103.493387007241
9829,4103.493383771327
9830,4103.49338303626
9831,4103.493387250282
9832,4103.493378429153
9833,4103.493388505738
9834,4103.49338306853
9835,4103.493384104233
9836,4103.493397238949
9837,4103.4933852899585
9838,4103.493390406793
9839,4103.493381260395
9840,4103.493386021293
9841,4103.493385636279
9842,4103.493384473967
9843,4103.493383918491
9844,4103.493395747729
9845,4103.493382267603
9846,4103.4933843326435
9847,4103.493389225864
9848,4103.493362224208
9849,4101.348728644765
9850,4101.348728644765
9851,4101.348728644765
9852,4101.348728644765
9853,4101.348728644766
9854,4101.348728644766
9855,4101.348728644766
9856,4101.348728644766
9857,4101.3487286447635
9858,4101.348730148537
9859,4101.348728364749
9860,4101.348727255772
9861,4101.348725371616
9862,4101.348731572303
9863,4101.34872835261
9864,4101.348732283967
9865,4101.34872636796
9866,4101.348727286556
9867,4101.348729265394
9868,4101.348730177666
9869,4101.348731222578
9870,4101.348715289406
9871,4101.348728509769
9872,4101.348729049657
9873,4101.348728115214
9874,4101.348734222721
9875,4101.348722776677
9876,4101.348724029051
9877,4101.348728994295
9878,4101.348728546121
9879,4101.348728989013
9880,4101.348729283228
9881,4101.348726270816
9882,4101.348728359262
9883,4101.348728163394
9884,4101.348728102214
9885,4101.348726849744
9886,4101.348731185227
9887,4101.348724073346
9888,4101.348730777839
9889,4101.3487271424865
9890,4101.348728937629
9891,4101.348728336496
9892,4101.348728298934
9893,4101.3487314459835
9894,4101.3487295303885
9895,4101.348728334578
9896,4101.348729736748
9897,4101.348732883029
9898,4100.020135130111
9899,4100.020135130111
9900,4100.020135130111
9901,4100.020135130111
9902,4100.02013513011
9903,4100.020135130111
9904,4100.02013513011
9905,4100.020135130111
9906,4100.020135130111
9907,4100.020135493482
9908,4100.02013620437
9909,4100.020133970603
9910,4100.020133066135
9911,4100.020135734049
9912,4100.020135312433
9913,4100.020136240014
9914,4100.02013317079
9915,4100.020133908644
9916,4100.020135530008
9917,4100.020136050828
9918,4100.020136325092
9919,4100.020129091662
9920,4100.020134914099
9921,4100.020135515453
9922,4100.020135364106
9923,4100.020137447273
9924,4100.020131578969
9925,4100.020132120821
9926,4100.020136134377
9927,4100.020135042507
9928,4100.020135239948
9929,4100.0201355880135
9930,4100.020133125357
9931,4100.020135556569
9932,4100.020134556428
9933,4100.020134887358
9934,4100.020134142249
9935,4100.020135778243
9936,4100.020134211758
9937,4100.020136149387
9938,4100.020134754063
9939,4100.020135235783
9940,4100.020135046742
9941,4100.020134870923
9942,4100.020137263236
9943,4100.020135391125
9944,4100.020135069055
9945,4100.020136421399
9946,4100.02013739528
9947,4098.888439437942
9948,4098.888439437944
9949,4098.888439437944
9950,4098.888439437942
9951,4098.888439437944
9952,4098.888439437943
9953,4098.888439437942
9954,4098.888439437942
9955,4098.888439437942
9956,4098.888438468871
9957,4098.888441707866
9958,4098.888438555694
9959,4098.888438967831
9960,4098.8884377816075
9961,4098.888440415058
9962,4098.888437223376
9963,4098.888436875051
9964,4098.888438297802
9965,4098.888439766356
9966,4098.888439459472
9967,4098.888439127991
9968,4098.888439897768
9969,4098.888439142206
9970,4098.888439823033
9971,4098.8884403707625
9972,4098.888438081679
9973,4098.8884386152295
9974,4098.888438023813
9975,4098.888441115452
9976,4098.8884394269335
9977,4098.888439485818
9978,4098.888439521504
9979,4098.888438153561
9980,4098.888440338675
9981,4098.888438859086
9982,4098.888439546732
9983,4098.8884381777525
9984,4098.888438493685
9985,4098.888441527853
9986,4098.888439549076
9987,4098.88844053032
9988,4098.8884392852115
9989,4098.888439562725
9990,4098.888439264112
9991,4098.888440204343
9992,4098.888439333362
9993,4098.888439609664
9994,4098.888440751086
9995,4098.888441023773
9996,4098.436133041079
9997,4098.43613304108
9998,4098.436133041079
9999,4098.436133041079
10000,4098.436133041079
10001,4098.436133041078
10002,4098.436133041079
10003,4098.4361330410775
10004,4098.436133041079
10005,4098.436131841931
10006,4098.43613373427
10007,4098.4361323502735
10008,4098.436133366149
10009,4098.436131339129
10010,4098.436133156178
10011,4098.436131662701
10012,4098.436130608938
10013,4098.436132318691
10014,4098.436133269219
10015,4098.436133088113
10016,4098.436132277628
10017,4098.436134604076
10018,4098.43613302041
10019,4098.436133330229
10020,4098.436133393056
10021,4098.436131988079
10022,4098.436134161005
10023,4098.436133428701
10024,4098.43613352559
10025,4098.436132955591
10026,4098.436132973736
10027,4098.43613303484
10028,4098.436132412833
10029,4098.436133260093
10030,4098.4361325976
10031,4098.43613304794
10032,4098.436131885253
10033,4098.43613222249
10034,4098.436134761948
10035,4098.436132695386
10036,4098.4361343716155
10037,4098.436133035226
10038,4098.436133243855
10039,4098.436132821404
10040,4098.436132674816
10041,4098.436132992146
10042,4098.436132986256
10043,4098.436132603358
10044,4098.436133750517
10045,4098.130095360391
10046,4098.1300953603895
10047,4098.130095360391
10048,4098.13009536039
10049,4098.13009536039
10050,4098.1300953603895
10051,4098.13009536039
10052,4098.13009536039
10053,4098.13009536039
10054,4098.13009547347
10055,4098.130096424737
10056,4098.130094452671
10057,4098.130094915795
10058,4098.1300945741505
10059,4098.13009746616
10060,4098.130095438644
10061,4098.130094580776
10062,4098.130094653585
10063,4098.1300951124895
10064,4098.130095506762
10065,4098.130095335161
10066,4098.130098052305
10067,4098.130094843532
10068,4098.130095716332
10069,4098.13009737271
10070,4098.130093659429
10071,4098.130095975603
10072,4098.130097606405
10073,4098.130096487689
10074,4098.130095078516
10075,4098.130094930407
10076,4098.130095395805
10077,4098.130094472255
10078,4098.130096544162
10079,4098.130094693507
10080,4098.130095413167
10081,4098.13009546218
10082,4098.130095900282
10083,4098.1300959707005
10084,4098.130093820641
10085,4098.1300972980125
10086,4098.130095714308
10087,4098.130095523012
10088,4098.1300950593095
10089,4098.13009564944
10090,4098.130093993952
10091,4098.130095249771
10092,4098.13009568914
10093,4098.130092771709
10094,4097.626823040113
10095,4097.626823040114
10096,4097.626823040115
10097,4097.626823040113
10098,4097.626823040114
10099,4097.626823040114
10100,4097.626823040113
10101,4097.626823040114
10102,4097.626823040112
10103,4097.626820426916
10104,4097.62682297062
10105,4097.626822255576
10106,4097.6268232642815
10107,4097.62682282494
10108,4097.626824946155
10109,4097.626823134249
10110,4097.626821788255
10111,4097.626822653374
10112,4097.62682302606
10113,4097.626823165145
10114,4097.6268229826765
10115,4097.62682527044
10116,4097.626822867383
10117,4097.626823377631
10118,4097.626824391463
10119,4097.626821384064
10120,4097.626824758563
10121,4097.626824659854
10122,4097.626823120456
10123,4097.6268227247965
10124,4097.626822786346
10125,4097.6268229862835
10126,4097.626822464143
10127,4097.62682263712
10128,4097.626822614015
10129,4097.626822839341
10130,4097.626822738945
10131,4097.626824259084
10132,4097.62682244709
10133,4097.626822330139
10134,4097.626824443946
10135,4097.626823425328
10136,4097.626823269932
10137,4097.626822734259
10138,4097.626822066463
10139,4097.6268225876975
10140,4097.626822646924
10141,4097.626822100257
10142,4097.626821873329
10143,4097.876156628681
10144,4097.876156628683
10145,4097.876156628681
10146,4097.876156628681
10147,4097.876156628681
10148,4097.876156628683
10149,4097.876156628683
10150,4097.876156628683
10151,4097.876156628683
10152,4097.876165053585
10153,4097.8761510006
10154,4097.8761561663805
10155,4097.876159070308
10156,4097.876157487158
10157,4097.876147603304
10158,4097.876163073523
10159,4097.876157577939
10160,4097.876156561554
10161,4097.876156313587
10162,4097.876156648189
10163,4097.876153839817
10164,4097.876143121883
10165,4097.876157325123
10166,4097.876156657114
10167,4097.876148712279
10168,4097.876166360901
10169,4097.876155692188
10170,4097.876154154838
10171,4097.876153440692
10172,4097.876156361016
10173,4097.876156180382
10174,4097.876156014975
10175,4097.87615805631
10176,4097.8761557891785
10177,4097.876156258972
10178,4097.876156535529
10179,4097.876151192211
10180,4097.876154448657
10181,4097.876154559843
10182,4097.876156073655
10183,4097.876155425057
10184,4097.8761573805705
10185,4097.876156446397
10186,4097.876156394716
10187,4097.876153533787
10188,4097.876154767072
10189,4097.876156157963
10190,4097.876153707222
10191,4097.876161624941
10192,4097.235489727005
10193,4097.235489727004
10194,4097.235489727004
10195,4097.235489727003
10196,4097.235489727006
10197,4097.235489727003
10198,4097.235489727003
10199,4097.235489727003
10200,4097.235489727003
10201,4097.235492011709
10202,4097.23548720904
10203,4097.235489084858
10204,4097.2354909279275
10205,4097.235490010747
10206,4097.2354868168295
10207,4097.2354926008975
10208,4097.235489478023
10209,4097.235489481496
10210,4097.23548958246
10211,4097.23548979994
10212,4097.2354884756
10213,4097.235484925776
10214,4097.235489941242
10215,4097.235489927486
10216,4097.235486974835
10217,4097.235493096735
10218,4097.23549027963
10219,4097.235489487535
10220,4097.235488347779
10221,4097.2354894341
10222,4097.235489386658
10223,4097.235489423646
10224,4097.235490039242
10225,4097.235489125044
10226,4097.235489328408
10227,4097.235489573555
10228,4097.235487144336
10229,4097.235489480359
10230,4097.235488459797
10231,4097.235489090702
10232,4097.235489949009
10233,4097.235490274512
10234,4097.235489777314
10235,4097.235489454765
10236,4097.23548780576
10237,4097.235488648696
10238,4097.235489300672
10239,4097.235487900072
10240,4097.235491325461
10241,4096.761685402644
10242,4096.761685402645
10243,4096.761685402645
10244,4096.761685402643
10245,4096.761685402641
10246,4096.761685402645
10247,4096.761685402643
10248,4096.761685402643
10249,4096.761685402643
10250,4096.761686468962
10251,4096.761683253126
10252,4096.7616847427325
10253,4096.761686527473
10254,4096.761685908216
10255,4096.761682983732
10256,4096.761687975746
10257,4096.761685283892
10258,4096.761685184609
10259,4096.7616852862375
10260,4096.761685575328
10261,4096.761684244406
10262,4096.761682005113
10263,4096.761685576143
10264,4096.761685645588
10265,4096.761683017444
10266,4096.7616880587175
10267,4096.761685577322
10268,4096.761685001164
10269,4096.761684144649
10270,4096.761685066341
10271,4096.761685110463
10272,4096.761685174205
10273,4096.761685484431
10274,4096.761684490407
10275,4096.7616850136
10276,4096.761685178911
10277,4096.761683246146
10278,4096.7616852918045
10279,4096.7616843302685
10280,4096.761685043359
10281,4096.761685466586
10282,4096.761686002473
10283,4096.761685432066
10284,4096.761685126873
10285,4096.761683688103
10286,4096.761684519719
10287,4096.761684900431
10288,4096.761684056915
10289,4096.761686685676
10290,4095.6874998769636
10291,4095.6874998769617
10292,4095.6874998769617
10293,4095.6874998769617
10294,4095.687499876961
10295,4095.687499876961
10296,4095.687499876961
10297,4095.6874998769626
10298,4095.6874998769617
10299,4095.68749759494
10300,4095.6874996562988
10301,4095.6874994469713
10302,4095.6875006689897
10303,4095.6875009358155
10304,4095.6874997026525
10305,4095.687497729352
10306,4095.687497844063
10307,4095.687499229026
10308,4095.687500494531
10309,4095.6875002594084
10310,4095.68749889979
10311,4095.687498172044
10312,4095.6875001693584
10313,4095.6875001747144
10314,4095.6874989755734
10315,4095.687498400179
10316,4095.6874982107015
10317,4095.6874979697013
10318,4095.6874996990564
10319,4095.687499732527
10320,4095.6875003773807
10321,4095.6874998957715
10322,4095.687499630902
10323,4095.687497983589
10324,4095.6874996618
10325,4095.687499693846
10326,4095.6874969261435
10327,4095.687500460086
10328,4095.6874986703697
10329,4095.6875012833084
10330,4095.6874997134964
10331,4095.687500079847
10332,4095.6874998200237
10333,4095.6874996805323
10334,4095.687499009368
10335,4095.68750092075
10336,4095.6874995023272
10337,4095.68750038881
10338,4095.6875048248894
10339,4095.262226838906
10340,4095.2622268389064
10341,4095.2622268389055
10342,4095.2622268389086
10343,4095.2622268389073
10344,4095.262226838907
10345,4095.2622268389073
10346,4095.262226838906
10347,4095.262226838907
10348,4095.2622261014685
10349,4095.262227053577
10350,4095.2622263666417
10351,4095.26222658914
10352,4095.262228443129
10353,4095.262228059754
10354,4095.2622277804653
10355,4095.262228454681
10356,4095.2622264923134
10357,4095.262226697217
10358,4095.262227671918
10359,4095.262226365079
10360,4095.2622309404333
10361,4095.2622267556617
10362,4095.2622271005935
10363,4095.262227669334
10364,4095.2622251337725
10365,4095.2622250529193
10366,4095.262228162839
10367,4095.2622270537836
10368,4095.2622264019546
10369,4095.2622266256494
10370,4095.262227177884
10371,4095.2622258470465
10372,4095.262226042021
10373,4095.262226234797
10374,4095.2622268215187
10375,4095.262227452995
10376,4095.262228061904
10377,4095.262226389744
10378,4095.262226172318
10379,4095.262226753849
10380,4095.262227416716
10381,4095.262226845443
10382,4095.262226554014
10383,4095.2622275616
10384,4095.2622263084327
10385,4095.2622264585934
10386,4095.262228277733
10387,4095.262223931642
10388,4095.059698705903
10389,4095.0596987059025
10390,4095.0596987059034
10391,4095.0596987059025
10392,4095.0596987059034
10393,4095.0596987059043
10394,4095.0596987059016
10395,4095.0596987059034
10396,4095.0596987059043
10397,4095.0596990052236
10398,4095.0596988275092
10399,4095.059698296412
10400,4095.0596987092213
10401,4095.059700109273
10402,4095.059699299801
10403,4095.0596992312876
10404,4095.0597001414185
10405,4095.059698269914
10406,4095.059698638791
10407,4095.059699384568
10408,4095.0596979251886
10409,4095.0597011128384
10410,4095.0596986899927
10411,4095.059698934828
10412,4095.059698912376
10413,4095.05969739167
10414,4095.059696872371
10415,4095.0596993822655
10416,4095.0596988863813
10417,4095.059698339064
10418,4095.059698567304
10419,4095.059698945954
10420,4095.059698004634
10421,4095.059698062954
10422,4095.0596981029985
10423,4095.0596987943736
10424,4095.059698446793
10425,4095.059699592202
10426,4095.059698215831
10427,4095.0596980474725
10428,4095.0596985544853
10429,4095.0596991889106
10430,4095.0596986942437
10431,4095.0596984568565
10432,4095.0596991387742
10433,4095.0596981411823
10434,4095.0596984290055
10435,4095.0596999518257
10436,4095.0596971968985
10437,4094.624610769359
10438,4094.624610769361
10439,4094.624610769361
10440,4094.62461076936
10441,4094.624610769361
10442,4094.6246107693587
10443,4094.6246107693605
10444,4094.624610769361
10445,4094.6246107693582
10446,4094.624612436848
10447,4094.624610624416
10448,4094.6246105413857
10449,4094.6246108737464
10450,4094.6246114907503
10451,4094.624610111911
10452,4094.6246107949596
10453,4094.62461173649
10454,4094.6246102624054
10455,4094.624610854518
10456,4094.624611546653
10457,4094.6246096099535
10458,4094.6246120486912
10459,4094.6246109840613
10460,4094.624610892085
10461,4094.6246103608596
10462,4094.6246100156204
10463,4094.6246094362627
10464,4094.624611574748
10465,4094.6246105211903
10466,4094.6246105200944
10467,4094.624610773866
10468,4094.624611052871
10469,4094.6246103780327
10470,4094.6246102915993
10471,4094.6246101806223
10472,4094.624610994731
10473,4094.62460987147
10474,4094.624611016777
10475,4094.6246108126693
10476,4094.6246099556106
10477,4094.6246105678156
10478,4094.624611053092
10479,4094.624610726315
10480,4094.624610546513
10481,4094.624611232928
10482,4094.6246104810343
10483,4094.6246106155
10484,4094.6246111383584
10485,4094.624610289122
10486,4096.186653729158
10487,4096.186653729161
10488,4096.18665372916
10489,4096.186653729158
10490,4096.186653729159
10491,4096.186653729159
10492,4096.186653729157
10493,4096.186653729158
10494,4096.18665372916
10495,4096.186658182083
10496,4096.186653732846
10497,4096.186653321224
10498,4096.186656384787
10499,4096.186656086592
10500,4096.186652975012
10501,4096.186650013766
10502,4096.186653147492
10503,4096.186652442616
10504,4096.186654753293
10505,4096.186651804909
10506,4096.186651986462
10507,4096.186631447535
10508,4096.186653886095
10509,4096.186654016705
10510,4096.186648343554
10511,4096.186655963745
10512,4096.186651126033
10513,4096.1866412748905
10514,4096.1866539200855
10515,4096.1866539343155
10516,4096.186654721946
10517,4096.1866523019025
10518,4096.186655787022
10519,4096.186652752731
10520,4096.186653316453
10521,4096.1866544605555
10522,4096.186643135631
10523,4096.186655486006
10524,4096.186646704699
10525,4096.186655338165
10526,4096.186651466932
10527,4096.186653418354
10528,4096.186653486743
10529,4096.186653828958
10530,4096.186648399418
10531,4096.186653584872
10532,4096.1866539349285
10533,4096.186652830639
10534,4096.186671084532
10535,4094.456708595084
10536,4094.4567085950853
10537,4094.4567085950857
10538,4094.456708595085
10539,4094.456708595084
10540,4094.4567085950875
10541,4094.4567085950835
10542,4094.456708595085
10543,4094.4567085950857
10544,4094.456710923385
10545,4094.4567083912266
10546,4094.456708329279
10547,4094.4567094036374
10548,4094.4567097039503
10549,4094.4567078039836
10550,4094.4567077126458
10551,4094.456709224029
10552,4094.456707912814
10553,4094.456708913046
10554,4094.456708703168
10555,4094.456707242947
10556,4094.4567039683197
10557,4094.4567088048975
10558,4094.456708752672
10559,4094.45670688309
10560,4094.456708584257
10561,4094.456707003268
10562,4094.4567061226703
10563,4094.4567084086443
10564,4094.4567084513133
10565,4094.456708836443
10566,4094.4567084453406
10567,4094.456708861573
10568,4094.456707965307
10569,4094.4567080615125
10570,4094.456708928487
10571,4094.4567052343755
10572,4094.4567092005977
10573,4094.4567068433425
10574,4094.4567083623647
10575,4094.456707873737
10576,4094.456708739147
10577,4094.4567085136837
10578,4094.4567084561363
10579,4094.4567075424516
10580,4094.456708314941
10581,4094.4567085244294
10582,4094.456708544285
10583,4094.456712694134
10584,4094.0774448053353
10585,4094.077444805335
10586,4094.077444805336
10587,4094.077444805335
10588,4094.0774448053344
10589,4094.0774448053367
10590,4094.077444805335
10591,4094.077444805335
10592,4094.077444805333
10593,4094.0774465730838
10594,4094.077444494482
10595,4094.0774446923756
10596,4094.0774457045245
10597,4094.077445156863
10598,4094.077443388016
10599,4094.0774435842054
10600,4094.0774450536105
10601,4094.077444225801
10602,4094.077445239066
10603,4094.0774450940908
10604,4094.077443258084
10605,4094.0774414984903
10606,4094.077445216706
10607,4094.0774448934562
10608,4094.077443064724
10609,4094.0774446945625
10610,4094.0774443000896
10611,4094.077442955515
10612,4094.0774440892583
10613,4094.0774447046897
10614,4094.0774451344682
10615,4094.077444765529
10616,4094.0774451451284
10617,4094.077443971176
10618,4094.077444325337
10619,4094.0774451360735
10620,4094.077441804027
10621,4094.0774449512814
10622,4094.0774439118495
10623,4094.0774444967496
10624,4094.0774440283803
10625,4094.0774448050074
10626,4094.07744474972
10627,4094.0774446686623
10628,4094.0774437474283
10629,4094.07744501388
10630,4094.0774447135846
10631,4094.0774437417394
10632,4094.077448595184
10633,4093.2866901215493
10634,4093.286690121551
10635,4093.286690121549
10636,4093.2866901215502
10637,4093.2866901215502
10638,4093.2866901215493
10639,4093.2866901215493
10640,4093.2866901215484
10641,4093.28669012155
10642,4093.286690889568
10643,4093.2866897144477
10644,4093.286690136923
10645,4093.2866902501264
10646,4093.286690462543
10647,4093.286689007432
10648,4093.286689376747
10649,4093.286689275477
10650,4093.2866895897228
10651,4093.286690825118
10652,4093.28669083681
10653,4093.286689368801
10654,4093.2866875259974
10655,4093.2866906886006
10656,4093.2866901477487
10657,4093.2866889925153
10658,4093.2866906976874
10659,4093.286690257787
10660,4093.286689313917
10661,4093.286689059713
10662,4093.2866901064335
10663,4093.2866906835725
10664,4093.2866903188847
10665,4093.2866901523944
10666,4093.286689002518
10667,4093.2866897565
10668,4093.2866904141406
10669,4093.2866882951744
10670,4093.286690791793
10671,4093.2866889320053
10672,4093.2866900741756
10673,4093.286689036477
10674,4093.286689869261
10675,4093.2866900597896
10676,4093.2866899349337
10677,4093.2866897712315
10678,4093.2866916714497
10679,4093.2866899273963
10680,4093.2866881875448
10681,4093.286692507578
10682,4092.9940981400305
10683,4092.9940981400314
10684,4092.9940981400314
10685,4092.9940981400305
10686,4092.9940981400305
10687,4092.9940981400296
10688,4092.9940981400314
10689,4092.99409814003
10690,4092.9940981400296
10691,4092.9940935314403
10692,4092.9941010134876
10693,4092.9940983047877
10694,4092.99410109998
10695,4092.9940936101643
10696,4092.9940975558325
10697,4092.994092990376
10698,4092.9940980171787
10699,4092.9940982250337
10700,4092.994098493275
10701,4092.994097581489
10702,4092.9940949959555
10703,4092.994107673607
10704,4092.994098235416
10705,4092.9940983659985
10706,4092.9940977168876
10707,4092.9940935077716
10708,4092.99410217088
10709,4092.994097183499
10710,4092.9940980612287
10711,4092.9940979368484
10712,4092.9940982489306
10713,4092.994097844274
10714,4092.9940988960184
10715,4092.9940982249595
10716,4092.9940977984024
10717,4092.9940983996735
10718,4092.9940990549403
10719,4092.9940945371236
10720,4092.9941035859238
10721,4092.9940970516873
10722,4092.9940977869437
10723,4092.9940977493407
10724,4092.9940985033
10725,4092.994098192148
10726,4092.9940954504737
10727,4092.994098806141
10728,4092.994097910108
10729,4092.9940957505055
10730,4092.9940989581823
10731,4092.0347914175127
10732,4092.0347914175127
10733,4092.034791417511
10734,4092.0347914175127
10735,4092.0347914175127
10736,4092.0347914175118
10737,4092.034791417513
10738,4092.0347914175127
10739,4092.0347914175127
10740,4092.0347894456404
10741,4092.03479271721
10742,4092.0347914050985
10743,4092.0347923032423
10744,4092.0347901544665
10745,4092.0347916094615
10746,4092.0347896017424
10747,4092.03479059553
10748,4092.034791194089
10749,4092.0347919407977
10750,4092.034791472851
10751,4092.0347904283503
10752,4092.0347936216135
10753,4092.0347915324173
10754,4092.0347916115425
10755,4092.034791082801
10756,4092.03479049753
10757,4092.0347927178454
10758,4092.0347906205525
10759,4092.0347913237
10760,4092.034791291044
10761,4092.034791759133
10762,4092.0347913294404
10763,4092.0347915708408
10764,4092.0347912259545
10765,4092.0347910987166
10766,4092.034791643013
10767,4092.034791805447
10768,4092.034790803728
10769,4092.034792168653
10770,4092.034791054066
10771,4092.0347905012177
10772,4092.034791093798
10773,4092.0347915391167
10774,4092.0347913304086
10775,4092.0347903121146
10776,4092.0347928475735
10777,4092.0347910892856
10778,4092.034789803628
10779,4092.0347919433448
10780,4091.6541090598666
10781,4091.654109059866
10782,4091.6541090598657
10783,4091.654109059865
10784,4091.654109059866
10785,4091.6541090598653
10786,4091.6541090598653
10787,4091.6541090598653
10788,4091.6541090598657
10789,4091.6541086333254
10790,4091.654109706456
10791,4091.6541089263987
10792,4091.6541093817336
10793,4091.65410912558
10794,4091.6541091820404
10795,4091.654108798219
10796,4091.6541082313715
10797,4091.6541087614028
10798,4091.654109516256
10799,4091.654109193467
10800,4091.654108707458
10801,4091.6541079658346
10802,4091.65410907204
10803,4091.6541092944276
10804,4091.6541083179545
10805,4091.6541099837646
10806,4091.6541086454818
10807,4091.654108009945
10808,4091.65410918121
10809,4091.6541089106313
10810,4091.6541093835312
10811,4091.6541089441357
10812,4091.6541090788955
10813,4091.6541090445603
10814,4091.6541087390065
10815,4091.654109226569
10816,4091.6541091776016
10817,4091.6541091516215
10818,4091.654108100126
10819,4091.6541090155106
10820,4091.6541079333456
10821,4091.654108877651
10822,4091.6541090658297
10823,4091.6541089469615
10824,4091.6541084412775
10825,4091.654110352712
10826,4091.654108656374
10827,4091.65410831868
10828,4091.6541096902824
10829,4091.376756413993
10830,4091.3767564139916
10831,4091.37675641399
10832,4091.37675641399
10833,4091.37675641399
10834,4091.37675641399
10835,4091.3767564139926
10836,4091.3767564139916
10837,4091.3767564139903
10838,4091.3767563286733
10839,4091.376757504578
10840,4091.376756187743
10841,4091.3767563320116
10842,4091.37675684322
10843,4091.376757570111
10844,4091.3767562305916
10845,4091.376755651831
10846,4091.3767560829215
10847,4091.376756731029
10848,4091.376756455927
10849,4091.3767565374915
10850,4091.376755482248
10851,4091.3767561636528
10852,4091.3767567403393
10853,4091.3767564089
10854,4091.376757106734
10855,4091.376755064366
10856,4091.3767557903584
10857,4091.376757182078
10858,4091.3767562130042
10859,4091.37675663874
10860,4091.376756262567
10861,4091.3767562361845
10862,4091.3767569842416
10863,4091.3767560519173
10864,4091.3767565522626
10865,4091.3767570580853
10866,4091.3767568376097
10867,4091.3767550737316
10868,4091.376756328904
10869,4091.3767555632926
10870,4091.376756323672
10871,4091.3767563924876
10872,4091.376756311128
10873,4091.3767562990056
10874,4091.3767572943552
10875,4091.376755983221
10876,4091.3767568152934
10877,4091.376756206615
10878,4091.6613405238704
10879,4091.661340523869
10880,4091.6613405238695
10881,4091.66134052387
10882,4091.6613405238695
10883,4091.6613405238686
10884,4091.66134052387
10885,4091.6613405238704
10886,4091.6613405238704
10887,4091.661344430914
10888,4091.6613372951438
10889,4091.661340437902
10890,4091.6613419613836
10891,4091.661340942936
10892,4091.661335383559
10893,4091.6613453686246
10894,4091.6613423750423
10895,4091.6613410632704
10896,4091.661340124458
10897,4091.6613405302965
10898,4091.661339139
10899,4091.6613341806283
10900,4091.661340863469
10901,4091.6613407346013
10902,4091.661336033941
10903,4091.6613470538728
10904,4091.661339866365
10905,4091.6613401074956
10906,4091.6613386207746
10907,4091.6613400214283
10908,4091.661340027068
10909,4091.6613400949595
10910,4091.6613414550447
10911,4091.6613409514334
10912,4091.6613401160025
10913,4091.6613403303754
10914,4091.6613399286957
10915,4091.6613387438847
10916,4091.661339262201
10917,4091.661339678277
10918,4091.6613390392804
10919,4091.661341027659
10