iteracion,valor_coste
0,15854797.809408551
1,15854797.809408586
2,15854797.809408588
3,15854797.809408572
4,15854797.80940858
5,15854797.809408575
6,15854797.809408583
7,15854797.809408572
8,15854797.809408562
9,15854797.809408575
10,15854797.80940857
11,15854797.831014909
12,15854797.876312122
13,15854797.78562304
14,15854797.86114739
15,15854797.782497492
16,15854797.826551586
17,15854797.809580011
18,15854797.695246167
19,15854797.813813934
20,15854797.850545233
21,15854797.785431294
22,15854797.769138206
23,15854797.812508415
24,15854797.76631241
25,15854797.79042811
26,15854797.787286717
27,15854797.799688073
28,15854797.798025787
29,15854797.734843347
30,15854797.836681478
31,15854797.835088767
32,15854797.764665194
33,15854797.897267295
34,15854797.80670668
35,15854797.79653873
36,15854797.809182998
37,15854797.790524919
38,15854797.80475465
39,15854797.789300313
40,15854797.82492915
41,15854797.779186144
42,15854797.827576715
43,15854797.799581524
44,15854797.757127091
45,15854797.777499847
46,15854797.803329473
47,15854797.826880904
48,15854797.830943245
49,15854797.828837683
50,15854797.804852152
51,15854797.834865669
52,15854797.754078364
53,15854797.831382275
54,15854797.822429713
55,15854797.826187924
56,15854797.824887468
57,15854797.830343066
58,15854797.849403838
59,15854797.872381765
60,15854797.809833705
61,15854797.826822907
62,15854797.780153135
63,15854797.90511779
64,15854797.808355682
65,15854797.818215223
66,15854797.79619686
67,15854797.825866772
68,15854797.816511912
69,15854797.792470708
70,15854797.803688847
71,15854797.826932628
72,15854797.831851032
73,15854797.775764398
74,15854797.8258344
75,15854797.82460684
76,15854797.850822743
77,15854797.773754567
78,15854797.867471874
79,15854797.851912308
80,15854797.787500309
81,15854797.803513441
82,15854797.82216424
83,15854797.791421471
84,15854797.80597461
85,15854797.795241179
86,15854797.835690096
87,15854797.787741967
88,15854797.855101274
89,15854797.80015561
90,15854797.79741622
91,15854797.82540167
92,15854797.852788866
93,15854797.848405534
94,15854797.804051045
95,15854797.80045342
96,15854797.800465986
97,15854797.810830649
98,15854797.79461304
99,15854797.817244548
100,15854797.815598892
101,15854797.81871466
102,15854797.84083203
103,15854797.832078198
104,15854797.850009613
105,15854797.807940114
106,15854797.851866335
107,15854797.812834084
108,15854797.80483253
109,15854797.816124586
110,15854797.791713383
111,15854797.792182513
112,15854797.864485517
113,15854797.880793558
114,15854797.815366816
115,15854797.815997662
116,15854797.783489779
117,15854797.781096095
118,15854797.781951424
119,15854797.780922372
120,15854797.786421288
121,15854797.843393076
122,15854797.826572487
123,15854797.805770986
124,15854797.796740066
125,15854797.817565197
126,15854797.815166002
127,15854797.776941596
128,15854797.831835158
129,15854797.783066126
130,15854797.790886354
131,15854797.859394347
132,15854797.799170759
133,15854797.799405621
134,15854797.81556732
135,15854797.815581594
136,15854797.789397908
137,15854797.77562807
138,15854797.761150865
139,15854797.82752986
140,15854797.818336746
141,15854797.80479691
142,15854797.886672284
143,15854797.771296328
144,15854797.826821228
145,15854797.808561672
146,15854797.793765498
147,15854797.821853405
148,15854797.802375274
149,15854797.772803344
150,15854797.84060028
151,15854797.793657936
152,15854797.805038435
153,15854797.854276694
154,15854797.765739134
155,15854797.846049134
156,15854797.77782537
157,15854797.77288924
158,15854797.794625537
159,15854797.747851051
160,15854797.755540568
161,15854797.850157196
162,15854797.810425615
163,15854797.793724982
164,15854797.785843294
165,15854797.766498696
166,15854797.795689242
167,15854797.8440166
168,15854797.81907705
169,15854797.799006347
170,15854797.810191626
171,15854797.794143006
172,15854797.758735005
173,15854797.797785535
174,15854797.751139296
175,15854797.826095007
176,15854797.903234133
177,15854797.77912825
178,15854797.864022221
179,15854797.82695737
180,15854797.79804521
181,15854797.82382913
182,15854797.821085079
183,15854797.812783025
184,15854797.87427444
185,15854797.780743347
186,15854797.86866266
187,15854797.861733763
188,15854797.855193598
189,15854797.753204674
190,15854797.852635078
191,15854797.760906314
192,15854797.833596544
193,15854797.816661501
194,15854797.768688787
195,15854797.827709831
196,15854797.780110816
197,15854797.811791625
198,15854797.852913022
199,15854797.789452007
200,15854797.80929409
201,15854797.812757948
202,15854797.769874332
203,15854797.802185083
204,15854797.763353603
205,15854797.759188285
206,15854797.84775015
207,15854797.792416222
208,15854797.788423903
209,15854797.790720182
210,15854797.79644242
211,15854797.756650692
212,15854797.841596374
213,15854797.843256485
214,15854797.810913105
215,15854797.751226608
216,15854797.82023827
217,15854797.80364798
218,15854797.834867006
219,15854797.755643776
220,15854797.843857635
221,15854797.84568443
222,15854797.789895408
223,15854797.796009973
224,15854797.770987727
225,15854797.834016168
226,15854797.837629218
227,15854797.76732118
228,15854797.72114542
229,15854797.836882925
230,15854797.772843119
231,15854797.839968415
232,15854797.8270358
233,15854797.809076149
234,15854797.833429491
235,15854797.834792238
236,15854797.796179682
237,15854797.832790688
238,15854797.78216703
239,15854797.807355857
240,15854797.78474617
241,15854797.861136159
242,15854797.84207863
243,15854797.795855923
244,15854797.780119885
245,15854797.841512011
246,15854797.796014281
247,15854797.803867
248,15854797.815443588
249,15854797.813174771
250,15854797.874959337
251,15854797.791323291
252,15854797.81394559
253,15854797.822750894
254,15854797.78043246
255,15854797.77939382
256,15854797.845121142
257,15854797.855087647
258,15854797.834872043
259,15854797.789530497
260,15854797.793900754
261,15854797.816238843
262,15854797.846071396
263,15854797.873334581
264,15854797.84668973
265,15854797.91522538
266,15854797.82581604
267,15854797.804323714
268,15854797.86385491
269,15854797.750580488
270,15854797.824696777
271,15854797.826594876
272,15854797.762612732
273,15854797.81222251
274,15854797.818772186
275,15854797.845018094
276,15854797.765597232
277,15854797.810524382
278,15854797.825244911
279,15854797.840620484
280,15854797.82340351
281,15854797.775124483
282,15854797.813401824
283,15854797.780628826
284,15854797.828806521
285,15854797.837951042
286,15854797.764077498
287,15854797.842399674
288,15854797.813528394
289,15854797.829735989
290,15854797.850676818
291,15854797.814882187
292,15854797.797139117
293,15854797.84939333
294,15854797.864256514
295,15854797.741978552
296,15854797.791939149
297,15854797.787271187
298,15854797.79998597
299,15854797.810423734
300,15854797.811897846
301,15854797.79796006
302,15854797.839621896
303,15854797.84768441
304,15854797.80224341
305,15854797.824440453
306,15854797.800922133
307,15854797.859480582
308,15854797.798024077
309,15854797.78752895
310,15854797.726929275
311,15854797.82710387
312,15854797.806422725
313,15854797.835113095
314,15854797.788045952
315,15854797.790617853
316,15854797.837349271
317,15854797.812055761
318,15854797.786055347
319,15854797.777544167
320,15854797.833020927
321,15854797.816739395
322,15854797.79549686
323,15854797.757239962
324,15854797.76722155
325,15854797.850828813
326,15854797.855083566
327,15854797.817211257
328,15854797.80477345
329,15854797.817894317
330,15854797.798501655
331,15854797.787512885
332,15854797.849340435
333,15854797.80716572
334,15854797.822880713
335,15854797.83843156
336,15854797.772210428
337,15854797.759562269
338,15854797.752641862
339,15854797.770790616
340,15854797.795661943
341,15854797.822104251
342,15854797.832425825
343,15854797.797844147
344,15854797.79104318
345,15854797.768433426
346,15854797.811336432
347,15854797.869444568
348,15854797.77079553
349,15854797.80392741
350,15854797.847095337
351,15854797.785285397
352,15854797.803702585
353,15854797.835506521
354,15854797.818543527
355,15854797.800232485
356,15854797.799450483
357,15854797.824791834
358,15854797.82192494
359,15854797.803032305
360,15854797.8293356
361,15854797.81609945
362,15854797.808280753
363,15854797.79061219
364,15854797.820433144
365,15854797.814582182
366,15854797.839131836
367,15854797.822383218
368,15854797.81037604
369,15854797.767861651
370,15854797.856191099
371,15854797.817784552
372,15854797.79209403
373,15854797.822226489
374,15854797.841365386
375,15854797.81994712
376,15854797.785458539
377,15854797.861715127
378,15854797.794522317
379,15854797.789621918
380,15854797.842812698
381,15854797.803323328
382,15854797.822648803
383,15854797.736682829
384,15854797.770030338
385,15854797.767764239
386,15854797.761478331
387,15854797.817062495
388,15854797.786540372
389,15854797.830351798
390,15854797.800062131
391,15854797.801865205
392,15854797.82214429
393,15854797.879366206
394,15854797.783722388
395,15854797.8064554
396,15854797.783465361
397,15854797.79669796
398,15854797.828901311
399,15854797.784769246
400,15854797.83630797
401,15854797.813187663
402,15854797.776589328
403,15854797.83555629
404,15854797.849986328
405,15854797.783202518
406,15854797.781184565
407,15854797.867978651
408,15854797.808673337
409,15854797.785282891
410,15854797.833297396
411,15854797.827854307
412,15854797.808221092
413,15854797.83334701
414,15854797.825496437
415,15854797.765125696
416,15854797.836757444
417,15854797.821525533
418,15854797.832309183
419,15854797.78792987
420,15854797.74654723
421,15854797.830251228
422,15854797.803583296
423,15854797.750667144
424,15854797.816398408
425,15854797.80599765
426,15854797.792988393
427,15854797.810456907
428,15854797.782551391
429,15854797.785972761
430,15854797.800136847
431,15854797.794790786
432,15854797.843776371
433,15854797.866793659
434,15854797.812425235
435,15854797.812800748
436,15854797.790282292
437,15854797.806967517
438,15854797.788982522
439,15854797.8057006
440,15854797.765785743
441,15854797.79929236
442,15854797.801415114
443,15854797.773914719
444,15854797.837191435
445,15854797.787457889
446,15854797.840624528
447,15854797.743408855
448,15854797.81937721
449,15854797.838016978
450,15854797.840485591
451,15854797.818366446
452,15854797.82679703
453,15854797.749868788
454,15854797.817140324
455,15854797.783726312
456,15854797.80625441
457,15854797.806444516
458,15854797.772672629
459,15854797.840644406
460,15854797.816331496
461,15854797.764134362
462,15854797.797003219
463,15854797.837781996
464,15854797.802678846
465,15854797.784263765
466,15854797.83483938
467,15854797.773488007
468,15854797.755840711
469,15854797.830336694
470,15854797.841007177
471,15854797.811523978
472,15854797.815989865
473,15854797.778671045
474,15854797.824929103
475,15854797.826427998
476,15854797.877232581
477,15854797.839954413
478,15854797.858447904
479,15854797.818595001
480,15854797.814692197
481,15854797.80660433
482,15854797.804809963
483,15854797.807302855
484,15854797.777978005
485,15854797.835657386
486,15854797.832538782
487,15854797.786260271
488,15854797.835388124
489,15854797.778590813
490,15854797.856448956
491,15854797.747912556
492,15854797.821352288
493,15854797.803205522
494,15854797.823770743
495,15854797.839551624
496,15854797.86640629
497,15854797.820438797
498,15854797.874701468
499,15854797.794710435
500,15854797.775499932
501,15854797.799609229
502,15854797.795646654
503,15854797.809366528
504,15854797.767015293
505,15854797.798116267
506,15854797.842740241
507,15854797.774556909
508,15854797.799875146
509,15854797.745202335
510,15854797.863752574
511,15854797.80862059
512,15854797.788274338
513,15854797.770024072
514,15854797.833903981
515,15854797.814702917
516,15854797.8087755
517,15854797.832970636
518,15854797.81395503
519,15854797.789278125
520,15854797.791875215
521,15854797.799262002
522,15854797.816640196
523,15854797.821172705
524,15854797.82914043
525,15854797.786732385
526,15854797.768487714
527,15854797.775733406
528,15854797.766188135
529,15854797.824273275
530,15854797.834570825
531,15854797.801847782
532,15854797.839823043
533,15854797.857655916
534,15854797.792901544
535,15854797.835508639
536,15854797.773146622
537,15854797.80432093
538,15854797.772389363
539,15854797.814946525
540,15854797.803258942
541,15854797.85202772
542,15854797.802808696
543,15854797.809384402
544,15854797.803426804
545,15854797.849218678
546,15854797.791932365
547,15854797.82423403
548,15854797.807182975
549,15854797.796532825
550,15854797.86496566
551,15854797.811118906
552,15854797.776085313
553,15854797.80100352
554,15854797.806124127
555,15854797.785094267
556,15854797.832091542
557,15854797.804297047
558,15854797.812222388
559,15854797.780040568
560,15854797.846159875
561,15854797.83728493
562,15854797.790819762
563,15854797.768882735
564,15854797.827673294
565,15854797.83440758
566,15854797.83082174
567,15854797.79506181
568,15854797.765661443
569,15854797.79287183
570,15854797.750359086
571,15854797.86120077
572,15854797.769867787
573,15854797.77534067
574,15854797.795078916
575,15854797.7691959
576,15854797.79119565
577,15854797.764757248
578,15854797.811142331
579,15854797.835365385
580,15854797.75492764
581,15854797.829931822
582,15854797.853675708
583,15854797.8370405
584,15854797.83372655
585,15854797.823351078
586,15854797.793027515
587,15854797.79151624
588,15854797.77651324
589,15854797.780974757
590,15854797.838121472
591,15854797.844793113
592,15854797.817240827
593,15854797.79418781
594,15854797.812991422
595,15854797.775934635
596,15854797.839397144
597,15854797.841696573
598,15854797.812076367
599,15854797.796193317
600,15854797.818797754
601,15854797.790203743
602,15854797.770867642
603,15854797.774256838
604,15854797.785020676
605,15854797.838031612
606,15854797.781201048
607,15854797.857530072
608,15854797.845126005
609,15854797.832048217
610,15854797.852883905
611,15854797.802376498
612,15854797.82187503
613,15854797.812749073
614,15854797.815254549
615,15854797.807000395
616,15854797.770625789
617,15854797.865723338
618,15854797.851150371
619,15854797.801717367
620,15854797.81708348
621,15854797.800185997
622,15854797.783161463
623,15854797.837229632
624,15854797.78936433
625,15854797.825480675
626,15854797.816064531
627,15854797.81200381
628,15854797.820510916
629,15854797.842135545
630,15854797.80188544
631,15854797.80317058
632,15854797.815165257
633,15854797.806837302
634,15854797.867316082
635,15854797.769571804
636,15854797.83288592
637,15854797.798993278
638,15854797.77470986
639,15854797.854528924
640,15854797.771427978
641,15854797.830451816
642,15854797.789693767
643,15854797.7448308
644,15854797.816501327
645,15854797.814128842
646,15854797.820797374
647,15854797.82194363
648,15854797.821209453
649,15854797.787421213
650,15854797.765788035
651,15854797.827877548
652,15854797.82513154
653,15854797.823468013
654,15854797.799200479
655,15854797.783447152
656,15854797.82909069
657,15854797.780544838
658,15854797.776734568
659,15854797.79378041
660,15854797.837079039
661,15854797.824822497
662,15854797.822490834
663,15854797.807110818
664,15854797.867393091
665,15854797.796916747
666,15854797.78833006
667,15854797.836583523
668,15854797.842317011
669,15854797.796822121
670,15854797.826808302
671,15854797.830875533
672,15854797.788694743
673,15854797.799708573
674,15854797.836527059
675,15854797.822592173
676,15854797.80783027
677,15854797.784267649
678,15854797.807784917
679,15854797.780822024
680,15854797.82442907
681,15854797.812904378
682,15854797.819916409
683,15854797.830951523
684,15854797.780199967
685,15854797.798236966
686,15854797.7552408
687,15854797.842428874
688,15854797.773747161
689,15854797.796037344
690,15854797.881104607
691,15854797.78653654
692,15854797.817096591
693,15854797.767015448
694,15854797.806626411
695,15854797.780984197
696,15854797.838263802
697,15854797.804722551
698,15854797.75909789
699,15854797.800664466
700,15854797.806213835
701,15854797.852454793
702,15854797.813009072
703,15854797.816165358
704,15854797.820220254
705,15854797.786105068
706,15854797.827329142
707,15854797.789499184
708,15854797.81575419
709,15854797.782935238
710,15854797.82723004
711,15854797.820235575
712,15854797.796195136
713,15854797.801344153
714,15854797.816350045
715,15854797.822350908
716,15854797.764444329
717,15854797.75873952
718,15854797.80220145
719,15854797.83591609
720,15854797.7875446
721,15854797.80084628
722,15854797.804848373
723,15854797.791952025
724,15854797.793171562
725,15854797.805734042
726,15854797.81206789
727,15854797.784661386
728,15854797.791863605
729,15854797.80940856
730,15854797.809408566
731,143577803.75
732,143577803.75000003
733,143577803.75
734,143577803.75
735,143577803.75
736,143577803.75
737,143577803.74999997
738,143577803.75
739,143577803.74999997
740,143577803.74999997
741,143577803.74999997
742,143577803.75
743,143577803.75
744,143577803.75
745,143577803.75
746,143577803.75
747,143577803.75
748,143577803.75
749,143577803.75
750,143577803.75
751,143577803.75
752,143577803.75
753,143577803.75
754,143577803.75
755,143577803.75
756,143577803.75
757,143577803.75
758,143577803.75
759,143577803.75
760,143577803.75
761,143577803.74999997
762,143577803.75
763,143577803.75
764,143577803.75
765,143577803.75
766,143577803.75
767,143577803.75
768,143577803.75
769,143577803.75
770,143577803.75
771,143577803.75
772,143577803.75
773,143577803.75
774,143577803.75
775,143577803.75
776,143577803.75
777,143577803.75
778,143577803.74999997
779,143577803.75
780,143577803.75
781,143577803.75
782,143577803.75
783,143577803.75
784,143577803.74999997
785,143577803.74999997
786,143577803.74999997
787,143577803.75
788,143577803.75
789,143577803.75
790,143577803.75
791,143577803.74999997
792,143577803.75
793,143577803.75
794,143577803.75
795,143577803.75
796,143577803.75
797,143577803.75
798,143577803.75
799,143577803.75
800,143577803.75
801,143577803.75
802,143577803.74999997
803,143577803.74999997
804,143577803.75
805,143577803.74999997
806,143577803.74999997
807,143577803.75
808,143577803.75
809,143577803.75
810,143577803.75
811,143577803.75
812,143577803.75
813,143577803.75
814,143577803.75
815,143577803.75
816,143577803.75
817,143577803.75
818,143577803.75
819,143577803.75
820,143577803.75
821,143577803.75
822,143577803.74999997
823,143577803.74999997
824,143577803.74999997
825,143577803.75
826,143577803.75
827,143577803.75
828,143577803.74999997
829,143577803.75
830,143577803.74999997
831,143577803.74999997
832,143577803.75
833,143577803.75
834,143577803.75
835,143577803.75
836,143577803.75
837,143577803.75
838,143577803.75
839,143577803.75
840,143577803.75
841,143577803.75
842,143577803.75
843,143577803.75
844,143577803.75
845,143577803.75
846,143577803.75
847,143577803.75
848,143577803.75
849,143577803.75
850,143577803.75
851,143577803.75
852,143577803.75
853,143577803.75
854,143577803.75
855,143577803.75
856,143577803.75
857,143577803.75
858,143577803.75
859,143577803.75
860,143577803.75
861,143577803.75
862,143577803.75
863,143577803.75
864,143577803.75
865,143577803.75
866,143577803.75
867,143577803.75
868,143577803.75
869,143577803.75
870,143577803.74999997
871,143577803.74999997
872,143577803.75
873,143577803.74999997
874,143577803.75
875,143577803.74999997
876,143577803.75
877,143577803.75
878,143577803.74999997
879,143577803.75
880,143577803.75
881,143577803.75
882,143577803.75
883,143577803.75
884,143577803.75
885,143577803.75
886,143577803.75
887,143577803.75
888,143577803.75
889,143577803.75
890,143577803.75
891,143577803.75
892,143577803.74999997
893,143577803.74999997
894,143577803.75
895,143577803.75
896,143577803.75
897,143577803.75
898,143577803.75
899,143577803.75
900,143577803.75
901,143577803.75
902,143577803.75
903,143577803.75
904,143577803.75
905,143577803.75
906,143577803.75
907,143577803.75
908,143577803.75
909,143577803.75
910,143577803.75
911,143577803.74999997
912,143577803.74999997
913,143577803.74999997
914,143577803.74999997
915,143577803.74999997
916,143577803.75
917,143577803.74999997
918,143577803.74999997
919,143577803.74999997
920,143577803.75
921,143577803.74999997
922,143577803.75
923,143577803.75
924,143577803.75
925,143577803.75
926,143577803.75
927,143577803.75
928,143577803.75
929,143577803.75
930,143577803.75
931,143577803.75
932,143577803.75
933,143577803.75
934,143577803.75
935,143577803.75
936,143577803.75
937,143577803.74999997
938,143577803.75
939,143577803.75
940,143577803.75
941,143577803.75
942,143577803.75
943,143577803.75
944,143577803.75
945,143577803.75
946,143577803.75
947,143577803.75
948,143577803.75
949,143577803.75
950,143577803.75
951,143577803.75
952,143577803.75
953,143577803.75
954,143577803.75
955,143577803.75
956,143577803.75
957,143577803.74999997
958,143577803.75
959,143577803.75
960,143577803.74999997
961,143577803.75
962,143577803.74999997
963,143577803.74999997
964,143577803.75
965,143577803.74999997
966,143577803.74999997
967,143577803.75
968,143577803.75
969,143577803.75
970,143577803.75
971,143577803.75
972,143577803.75
973,143577803.75
974,143577803.75
975,143577803.75
976,143577803.75
977,143577803.75
978,143577803.75
979,143577803.75
980,143577803.75
981,143577803.75
982,143577803.75
983,143577803.74999997
984,143577803.74999997
985,143577803.75
986,143577803.75
987,143577803.75
988,143577803.75
989,143577803.75
990,143577803.75
991,143577803.75
992,143577803.75
993,143577803.75
994,143577803.75
995,143577803.75
996,143577803.75
997,143577803.75
998,143577803.74999997
999,143577803.75
1000,143577803.75
1001,143577803.75
1002,143577803.74999997
1003,143577803.75
1004,143577803.74999997
1005,143577803.74999997
1006,143577803.74999997
1007,143577803.75
1008,143577803.74999997
1009,143577803.74999997
1010,143577803.74999997
1011,143577803.74999997
1012,143577803.75
1013,143577803.75
1014,143577803.75
1015,143577803.75
1016,143577803.75
1017,143577803.75
1018,143577803.75
1019,143577803.75
1020,143577803.75
1021,143577803.75
1022,143577803.75
1023,143577803.75
1024,143577803.75
1025,143577803.75
1026,143577803.75
1027,143577803.75
1028,143577803.75
1029,143577803.75
1030,143577803.74999997
1031,143577803.74999997
1032,143577803.75
1033,143577803.75
1034,143577803.75
1035,143577803.75
1036,143577803.75
1037,143577803.75
1038,143577803.75
1039,143577803.75
1040,143577803.75
1041,143577803.75
1042,143577803.75
1043,143577803.75
1044,143577803.75
1045,143577803.75
1046,143577803.75
1047,143577803.74999997
1048,143577803.74999997
1049,143577803.75
1050,143577803.75
1051,143577803.74999997
1052,143577803.74999997
1053,143577803.75
1054,143577803.75
1055,143577803.75
1056,143577803.74999997
1057,143577803.74999997
1058,143577803.75
1059,143577803.75
1060,143577803.75
1061,143577803.75
1062,143577803.75
1063,143577803.75
1064,143577803.75
1065,143577803.75
1066,143577803.75
1067,143577803.75
1068,143577803.75
1069,143577803.75
1070,143577803.75
1071,143577803.75
1072,143577803.74999997
1073,143577803.74999997
1074,143577803.75
1075,143577803.75
1076,143577803.75
1077,143577803.75
1078,143577803.75
1079,143577803.75
1080,143577803.75
1081,143577803.75
1082,143577803.75
1083,143577803.75
1084,143577803.75
1085,143577803.75
1086,143577803.75
1087,143577803.75
1088,143577803.75
1089,143577803.75
1090,143577803.74999997
1091,143577803.75
1092,143577803.74999997
1093,143577803.75
1094,143577803.75
1095,143577803.74999997
1096,143577803.74999997
1097,143577803.74999997
1098,143577803.74999997
1099,143577803.74999997
1100,143577803.75
1101,143577803.74999997
1102,143577803.75
1103,143577803.75
1104,143577803.75
1105,143577803.75
1106,143577803.75
1107,143577803.75
1108,143577803.75
1109,143577803.75
1110,143577803.75
1111,143577803.75
1112,143577803.75
1113,143577803.75
1114,143577803.75
1115,143577803.75
1116,143577803.75
1117,143577803.75
1118,143577803.74999997
1119,143577803.75
1120,143577803.74999997
1121,143577803.75
1122,143577803.75
1123,143577803.75
1124,143577803.75
1125,143577803.75
1126,143577803.75
1127,143577803.75
1128,143577803.75
1129,143577803.75
1130,143577803.75
1131,143577803.75
1132,143577803.75
1133,143577803.75
1134,143577803.75
1135,143577803.75
1136,143577803.75
1137,143577803.75
1138,143577803.74999997
1139,143577803.75
1140,143577803.75
1141,143577803.74999997
1142,143577803.74999997
1143,143577803.75
1144,143577803.74999997
1145,143577803.74999997
1146,143577803.75
1147,143577803.75
1148,143577803.75
1149,143577803.74999997
1150,143577803.75
1151,143577803.75
1152,143577803.75
1153,143577803.75
1154,143577803.75
1155,143577803.75
1156,143577803.75
1157,143577803.75
1158,143577803.75
1159,143577803.75
1160,143577803.75
1161,143577803.75
1162,143577803.75
1163,143577803.74999997
1164,143577803.74999997
1165,143577803.74999997
1166,143577803.74999997
1167,143577803.75
1168,143577803.75
1169,143577803.75
1170,143577803.75
1171,143577803.75
1172,143577803.75
1173,143577803.75
1174,143577803.75
1175,143577803.75
1176,143577803.75
1177,143577803.75
1178,143577803.75
1179,143577803.75
1180,143577803.75
1181,143577803.75
1182,143577803.74999997
1183,143577803.74999997
1184,143577803.75
1185,143577803.74999997
1186,143577803.75
1187,143577803.75
1188,143577803.75
1189,143577803.75
1190,143577803.74999997
1191,143577803.74999997
1192,143577803.75
1193,143577803.75
1194,143577803.75
1195,143577803.75
1196,143577803.75
1197,143577803.75
1198,143577803.75
1199,143577803.75
1200,143577803.75
1201,143577803.75
1202,143577803.75
1203,143577803.75
1204,143577803.75
1205,143577803.75
1206,143577803.75
1207,143577803.74999997
1208,143577803.74999997
1209,143577803.74999997
1210,143577803.74999997
1211,143577803.74999997
1212,143577803.75
1213,143577803.75
1214,143577803.75
1215,143577803.75
1216,143577803.75
1217,143577803.75
1218,143577803.75
1219,143577803.75
1220,143577803.75
1221,143577803.75
1222,143577803.75
1223,143577803.75
1224,143577803.75
1225,143577803.75
1226,143577803.75
1227,143577803.74999997
1228,143577803.74999997
1229,143577803.74999997
1230,143577803.75
1231,143577803.75
1232,143577803.75
1233,143577803.75
1234,143577803.75
1235,143577803.75
1236,143577803.75
1237,143577803.75
1238,143577803.75
1239,143577803.75
1240,143577803.75
1241,143577803.74999997
1242,143577803.75
1243,143577803.75
1244,143577803.75
1245,143577803.75
1246,143577803.75
1247,143577803.75
1248,143577803.75
1249,143577803.75
1250,143577803.75
1251,143577803.75
1252,143577803.75
1253,143577803.74999997
1254,143577803.74999997
1255,143577803.74999997
1256,143577803.75
1257,143577803.75
1258,143577803.75
1259,143577803.75
1260,143577803.75
1261,143577803.75
1262,143577803.75
1263,143577803.75
1264,143577803.75
1265,143577803.75
1266,143577803.75
1267,143577803.75
1268,143577803.75
1269,143577803.74999997
1270,143577803.75
1271,143577803.75
1272,143577803.74999997
1273,143577803.75
1274,143577803.75
1275,143577803.75
1276,143577803.74999997
1277,143577803.75
1278,143577803.74999997
1279,143577803.75
1280,143577803.75
1281,143577803.74999997
1282,143577803.75
1283,143577803.75
1284,143577803.75
1285,143577803.75
1286,143577803.75
1287,143577803.75
1288,143577803.75
1289,143577803.75
1290,143577803.75
1291,143577803.75
1292,143577803.75
1293,143577803.75
1294,143577803.75
1295,143577803.75
1296,143577803.75
1297,143577803.74999997
1298,143577803.75
1299,143577803.75
1300,143577803.75
1301,143577803.75
1302,143577803.75
1303,143577803.75
1304,143577803.75
1305,143577803.75
1306,143577803.75
1307,143577803.75
1308,143577803.75
1309,143577803.75
1310,143577803.75
1311,143577803.75
1312,143577803.75
1313,143577803.75
1314,143577803.75
1315,143577803.75
1316,143577803.75
1317,143577803.75
1318,143577803.75
1319,143577803.75
1320,143577803.75
1321,143577803.74999997
1322,143577803.74999997
1323,143577803.74999997
1324,143577803.75
1325,143577803.74999997
1326,143577803.75
1327,143577803.75
1328,143577803.74999997
1329,143577803.75
1330,143577803.75
1331,143577803.75
1332,143577803.75
1333,143577803.75
1334,143577803.75
1335,143577803.75
1336,143577803.75
1337,143577803.75
1338,143577803.75
1339,143577803.75
1340,143577803.75
1341,143577803.75
1342,143577803.75
1343,143577803.74999997
1344,143577803.74999997
1345,143577803.74999997
1346,143577803.75
1347,143577803.75
1348,143577803.75
1349,143577803.75
1350,143577803.75
1351,143577803.75
1352,143577803.75
1353,143577803.75
1354,143577803.75
1355,143577803.75
1356,143577803.75
1357,143577803.75
1358,143577803.75
1359,143577803.75
1360,143577803.75
1361,143577803.74999997
1362,143577803.75
1363,143577803.74999997
1364,143577803.75
1365,143577803.74999997
1366,143577803.75
1367,143577803.74999997
1368,143577803.75
1369,143577803.75
1370,143577803.74999997
1371,143577803.75
1372,143577803.75
1373,143577803.75
1374,143577803.75
1375,143577803.75
1376,143577803.75
1377,143577803.75
1378,143577803.75
1379,143577803.75
1380,143577803.75
1381,143577803.75
1382,143577803.75
1383,143577803.75
1384,143577803.75
1385,143577803.75
1386,143577803.75
1387,143577803.74999997
1388,143577803.75
1389,143577803.75
1390,143577803.75
1391,143577803.74999997
1392,143577803.75
1393,143577803.75
1394,143577803.75
1395,143577803.75
1396,143577803.75
1397,143577803.75
1398,143577803.75
1399,143577803.75
1400,143577803.75
1401,143577803.75
1402,143577803.75
1403,143577803.75
1404,143577803.75
1405,143577803.75
1406,143577803.75
1407,143577803.75
1408,143577803.75
1409,143577803.75
1410,143577803.75
1411,143577803.74999997
1412,143577803.74999997
1413,143577803.74999997
1414,143577803.74999997
1415,143577803.75
1416,143577803.75
1417,143577803.75
1418,143577803.75
1419,143577803.75
1420,143577803.75
1421,143577803.75
1422,143577803.75
1423,143577803.75
1424,143577803.75
1425,143577803.75
1426,143577803.75
1427,143577803.75
1428,143577803.75
1429,143577803.75
1430,143577803.75
1431,143577803.75
1432,143577803.74999997
1433,143577803.74999997
1434,143577803.74999997
1435,143577803.74999997
1436,143577803.75
1437,143577803.75
1438,143577803.75
1439,143577803.75
1440,143577803.75
1441,143577803.75
1442,143577803.75
1443,143577803.75
1444,143577803.75
1445,143577803.75
1446,143577803.75
1447,143577803.75
1448,143577803.74999997
1449,143577803.75
1450,143577803.75
1451,143577803.75
1452,143577803.75
1453,143577803.75
1454,143577803.75
1455,143577803.75
1456,143577803.75
1457,143577803.74999997
1458,143577803.75
1459,143577803.75
1460,143577803.75
1461,143577803.75
1462,57364074.48981173
1463,57364074.48981176
1464,57364074.48981178
1465,57364074.48981178
1466,57364074.48981181
1467,57364074.489811786
1468,57364074.48981181
1469,57364074.48981183
1470,57364074.4898118
1471,57364074.48981179
1472,57364074.48981179
1473,57364074.42811448
1474,57364074.455879524
1475,57364074.552407034
1476,57364074.53137721
1477,57364074.62868546
1478,57364074.487776764
1479,57364074.4874554
1480,57364074.46196762
1481,57364074.395055994
1482,57364074.51094995
1483,57364074.4527325
1484,57364074.47688267
1485,57364074.58559177
1486,57364074.63489063
1487,57364074.532954976
1488,57364074.498245776
1489,57364074.441007234
1490,57364074.458930984
1491,57364074.544685766
1492,57364074.332115114
1493,57364074.59473277
1494,57364074.52150034
1495,57364074.42941213
1496,57364074.67910805
1497,57364074.47597823
1498,57364074.52004215
1499,57364074.42343508
1500,57364074.50100794
1501,57364074.600784935
1502,57364074.52468919
1503,57364074.49077452
1504,57364074.40010573
1505,57364074.55560667
1506,57364074.3460921
1507,57364074.57315219
1508,57364074.488900304
1509,57364074.55157657
1510,57364074.57484166
1511,57364074.4193881
1512,57364074.45633689
1513,57364074.483982585
1514,57364074.46936863
1515,57364074.450685106
1516,57364074.42744392
1517,57364074.5327387
1518,57364074.49524723
1519,57364074.44806219
1520,57364074.49311955
1521,57364074.40064304
1522,57364074.50774807
1523,57364074.38711788
1524,57364074.430105105
1525,57364074.53494025
1526,57364074.51033737
1527,57364074.46583611
1528,57364074.52910586
1529,57364074.64593788
1530,57364074.333467394
1531,57364074.49641256
1532,57364074.56008627
1533,57364074.42257776
1534,57364074.44191947
1535,57364074.586495206
1536,57364074.47788076
1537,57364074.488794014
1538,57364074.51930139
1539,57364074.45050066
1540,57364074.426646225
1541,57364074.650204405
1542,57364074.46868059
1543,57364074.54063474
1544,57364074.41964198
1545,57364074.42481506
1546,57364074.47181365
1547,57364074.30771876
1548,57364074.568220355
1549,57364074.36006561
1550,57364074.57185715
1551,57364074.42230033
1552,57364074.563415736
1553,57364074.48928046
1554,57364074.45186051
1555,57364074.50694925
1556,57364074.46459656
1557,57364074.47974262
1558,57364074.50857079
1559,57364074.44627158
1560,57364074.630558014
1561,57364074.42597583
1562,57364074.52955498
1563,57364074.48176256
1564,57364074.44035814
1565,57364074.54042722
1566,57364074.570856266
1567,57364074.51223081
1568,57364074.48178375
1569,57364074.54584033
1570,57364074.53077352
1571,57364074.640496135
1572,57364074.36001942
1573,57364074.4002632
1574,57364074.531058595
1575,57364074.545453906
1576,57364074.50716079
1577,57364074.508469276
1578,57364074.49454403
1579,57364074.54060548
1580,57364074.44034126
1581,57364074.54461008
1582,57364074.46051705
1583,57364074.478192665
1584,57364074.516821936
1585,57364074.39378057
1586,57364074.62702301
1587,57364074.457932174
1588,57364074.51794723
1589,57364074.53736639
1590,57364074.62962859
1591,57364074.61545853
1592,57364074.440703385
1593,57364074.642363265
1594,57364074.541403405
1595,57364074.471822254
1596,57364074.46063564
1597,57364074.49795266
1598,57364074.477022395
1599,57364074.56251508
1600,57364074.460675865
1601,57364074.62383853
1602,57364074.53130969
1603,57364074.50556678
1604,57364074.50808367
1605,57364074.44776094
1606,57364074.46512257
1607,57364074.41887223
1608,57364074.56885912
1609,57364074.45557519
1610,57364074.417505905
1611,57364074.570306905
1612,57364074.45455144
1613,57364074.55430321
1614,57364074.5637993
1615,57364074.45779585
1616,57364074.448000886
1617,57364074.583219096
1618,57364074.46995223
1619,57364074.53565752
1620,57364074.40531385
1621,57364074.54525083
1622,57364074.492464356
1623,57364074.49800364
1624,57364074.47346189
1625,57364074.53049474
1626,57364074.55666476
1627,57364074.40218007
1628,57364074.51502243
1629,57364074.55587586
1630,57364074.53978206
1631,57364074.53740339
1632,57364074.56033723
1633,57364074.641278565
1634,57364074.38566449
1635,57364074.54459983
1636,57364074.485264316
1637,57364074.474177755
1638,57364074.46755648
1639,57364074.431420386
1640,57364074.41544366
1641,57364074.544581145
1642,57364074.543822356
1643,57364074.42824134
1644,57364074.42776373
1645,57364074.61669346
1646,57364074.43546423
1647,57364074.447784714
1648,57364074.50831285
1649,57364074.59255384
1650,57364074.491144724
1651,57364074.50635094
1652,57364074.473601945
1653,57364074.400403745
1654,57364074.398787394
1655,57364074.50303402
1656,57364074.45631834
1657,57364074.530700915
1658,57364074.606073245
1659,57364074.60153618
1660,57364074.5180838
1661,57364074.5434138
1662,57364074.52949424
1663,57364074.34029377
1664,57364074.36507857
1665,57364074.48831108
1666,57364074.46742155
1667,57364074.49413019
1668,57364074.48660822
1669,57364074.423096545
1670,57364074.450371265
1671,57364074.51826387
1672,57364074.490687095
1673,57364074.547437616
1674,57364074.48094659
1675,57364074.548237205
1676,57364074.55330438
1677,57364074.534931146
1678,57364074.59083958
1679,57364074.370911136
1680,57364074.51227777
1681,57364074.52927273
1682,57364074.502680115
1683,57364074.44015107
1684,57364074.422907636
1685,57364074.452802196
1686,57364074.42248901
1687,57364074.477214225
1688,57364074.494497985
1689,57364074.60843971
1690,57364074.558280334
1691,57364074.5757334
1692,57364074.503606655
1693,57364074.574286394
1694,57364074.516081
1695,57364074.58009112
1696,57364074.40818285
1697,57364074.55006283
1698,57364074.532796085
1699,57364074.36585366
1700,57364074.567917615
1701,57364074.51411131
1702,57364074.45927571
1703,57364074.40839028
1704,57364074.407810256
1705,57364074.58080762
1706,57364074.34238235
1707,57364074.52301758
1708,57364074.5287851
1709,57364074.578822725
1710,57364074.457274094
1711,57364074.449408025
1712,57364074.51886245
1713,57364074.45243704
1714,57364074.49358626
1715,57364074.49246462
1716,57364074.489260174
1717,57364074.353632644
1718,57364074.42715199
1719,57364074.57355359
1720,57364074.42329972
1721,57364074.43019577
1722,57364074.45449647
1723,57364074.58675161
1724,57364074.482296616
1725,57364074.37694442
1726,57364074.45105956
1727,57364074.46117396
1728,57364074.5193736
1729,57364074.57711972
1730,57364074.45840798
1731,57364074.45735619
1732,57364074.42026714
1733,57364074.48499031
1734,57364074.409108445
1735,57364074.44341089
1736,57364074.580653004
1737,57364074.499460004
1738,57364074.57319167
1739,57364074.39230515
1740,57364074.495849006
1741,57364074.54018806
1742,57364074.434532106
1743,57364074.56897075
1744,57364074.415011995
1745,57364074.46212705
1746,57364074.45135225
1747,57364074.55848768
1748,57364074.51556263
1749,57364074.525711566
1750,57364074.44963415
1751,57364074.637188956
1752,57364074.44961014
1753,57364074.566676475
1754,57364074.56702994
1755,57364074.47091379
1756,57364074.46408581
1757,57364074.45664108
1758,57364074.476518676
1759,57364074.58574579
1760,57364074.51998913
1761,57364074.63767351
1762,57364074.51245218
1763,57364074.48270501
1764,57364074.537170984
1765,57364074.513401166
1766,57364074.52040132
1767,57364074.54679215
1768,57364074.39228443
1769,57364074.46719952
1770,57364074.518685296
1771,57364074.474934965
1772,57364074.51211299
1773,57364074.40418751
1774,57364074.46192043
1775,57364074.432421334
1776,57364074.47090686
1777,57364074.46569438
1778,57364074.56319771
1779,57364074.457241274
1780,57364074.53652212
1781,57364074.511808775
1782,57364074.490857854
1783,57364074.51030003
1784,57364074.52017447
1785,57364074.42557771
1786,57364074.41100757
1787,57364074.54613835
1788,57364074.46189841
1789,57364074.40942946
1790,57364074.50695514
1791,57364074.390575275
1792,57364074.44916278
1793,57364074.47410704
1794,57364074.483072825
1795,57364074.361952744
1796,57364074.558117785
1797,57364074.539337814
1798,57364074.34759897
1799,57364074.41346293
1800,57364074.565488026
1801,57364074.39299357
1802,57364074.48443416
1803,57364074.453215465
1804,57364074.4662363
1805,57364074.58379598
1806,57364074.47471423
1807,57364074.529576704
1808,57364074.555899456
1809,57364074.4212618
1810,57364074.60140382
1811,57364074.61654952
1812,57364074.47600997
1813,57364074.47142847
1814,57364074.51294884
1815,57364074.52076599
1816,57364074.543779224
1817,57364074.48377614
1818,57364074.348786965
1819,57364074.529251896
1820,57364074.43109281
1821,57364074.535340466
1822,57364074.614970125
1823,57364074.41354362
1824,57364074.605467685
1825,57364074.561726324
1826,57364074.60157248
1827,57364074.58176883
1828,57364074.53973645
1829,57364074.49758322
1830,57364074.512937926
1831,57364074.46946315
1832,57364074.45132397
1833,57364074.58108257
1834,57364074.44771546
1835,57364074.334246434
1836,57364074.48544779
1837,57364074.530107126
1838,57364074.50006008
1839,57364074.59124448
1840,57364074.395412676
1841,57364074.45109874
1842,57364074.431731194
1843,57364074.31306261
1844,57364074.41910592
1845,57364074.5155572
1846,57364074.5865365
1847,57364074.53070215
1848,57364074.531661004
1849,57364074.52382508
1850,57364074.58801704
1851,57364074.35244805
1852,57364074.51067797
1853,57364074.42303993
1854,57364074.55462394
1855,57364074.42513241
1856,57364074.52532968
1857,57364074.55403364
1858,57364074.51893922
1859,57364074.508410476
1860,57364074.47845898
1861,57364074.55558951
1862,57364074.55127355
1863,57364074.53774993
1864,57364074.40990471
1865,57364074.61163864
1866,57364074.343104795
1867,57364074.5365572
1868,57364074.474834174
1869,57364074.466825
1870,57364074.48282225
1871,57364074.47059406
1872,57364074.48776451
1873,57364074.55479051
1874,57364074.493927255
1875,57364074.588917986
1876,57364074.61149269
1877,57364074.45306487
1878,57364074.35739668
1879,57364074.5701712
1880,57364074.486395925
1881,57364074.425243154
1882,57364074.533086196
1883,57364074.45025295
1884,57364074.44611529
1885,57364074.48524161
1886,57364074.381418124
1887,57364074.473234445
1888,57364074.469741195
1889,57364074.496237576
1890,57364074.508465596
1891,57364074.34268023
1892,57364074.38743772
1893,57364074.503473386
1894,57364074.49079458
1895,57364074.55884498
1896,57364074.54064523
1897,57364074.42557776
1898,57364074.45467453
1899,57364074.483118206
1900,57364074.518150724
1901,57364074.45358649
1902,57364074.43560044
1903,57364074.588538855
1904,57364074.57854011
1905,57364074.54804231
1906,57364074.51104797
1907,57364074.521294154
1908,57364074.339270994
1909,57364074.40419072
1910,57364074.48283678
1911,57364074.46370826
1912,57364074.490810946
1913,57364074.48905013
1914,57364074.54745212
1915,57364074.43312355
1916,57364074.40753084
1917,57364074.56291038
1918,57364074.41253335
1919,57364074.5341044
1920,57364074.54471579
1921,57364074.44392817
1922,57364074.497808024
1923,57364074.47601715
1924,57364074.440845154
1925,57364074.56866259
1926,57364074.49747102
1927,57364074.54940328
1928,57364074.5023683
1929,57364074.553849205
1930,57364074.43965518
1931,57364074.53616389
1932,57364074.53016385
1933,57364074.49251549
1934,57364074.54300049
1935,57364074.50226198
1936,57364074.44463331
1937,57364074.61749011
1938,57364074.74068529
1939,57364074.44016668
1940,57364074.541684106
1941,57364074.54390434
1942,57364074.54821742
1943,57364074.41144506
1944,57364074.53218656
1945,57364074.52906175
1946,57364074.364807956
1947,57364074.518294446
1948,57364074.517850585
1949,57364074.447685905
1950,57364074.48922523
1951,57364074.45622531
1952,57364074.5414266
1953,57364074.468483634
1954,57364074.52789828
1955,57364074.54082416
1956,57364074.495033465
1957,57364074.558034204
1958,57364074.57438751
1959,57364074.396390595
1960,57364074.456121
1961,57364074.41751742
1962,57364074.43688409
1963,57364074.49736818
1964,57364074.45961023
1965,57364074.62857617
1966,57364074.5467609
1967,57364074.5633802
1968,57364074.370970145
1969,57364074.666141406
1970,57364074.6425488
1971,57364074.383843936
1972,57364074.64794826
1973,57364074.44952852
1974,57364074.324339144
1975,57364074.51061977
1976,57364074.57363817
1977,57364074.50119899
1978,57364074.43385954
1979,57364074.58190187
1980,57364074.4399739
1981,57364074.434710264
1982,57364074.52409266
1983,57364074.52992562
1984,57364074.442850605
1985,57364074.62719363
1986,57364074.506010674
1987,57364074.57654661
1988,57364074.44443838
1989,57364074.31011204
1990,57364074.5419969
1991,57364074.53355413
1992,57364074.5439123
1993,57364074.47479966
1994,57364074.56412103
1995,57364074.42858639
1996,57364074.417431064
1997,57364074.51808548
1998,57364074.53026203
1999,57364074.53278687
2000,57364074.534211874
2001,57364074.4334938
2002,57364074.4810388
2003,57364074.53353868
2004,57364074.44182095
2005,57364074.475669965
2006,57364074.58711574
2007,57364074.52098943
2008,57364074.4968195
2009,57364074.44204607
2010,57364074.454824075
2011,57364074.4294125
2012,57364074.42396419
2013,57364074.50098816
2014,57364074.31277933
2015,57364074.658988304
2016,57364074.519826785
2017,57364074.466988705
2018,57364074.51710053
2019,57364074.55173515
2020,57364074.55191036
2021,57364074.46488182
2022,57364074.48689748
2023,57364074.423003
2024,57364074.537911825
2025,57364074.52223353
2026,57364074.47969415
2027,57364074.6236153
2028,57364074.555278845
2029,57364074.48529392
2030,57364074.62186162
2031,57364074.418241896
2032,57364074.47635217
2033,57364074.51471746
2034,57364074.48588325
2035,57364074.474248365
2036,57364074.37248362
2037,57364074.48328354
2038,57364074.44889925
2039,57364074.46394901
2040,57364074.48192496
2041,57364074.45757815
2042,57364074.49612145
2043,57364074.44350626
2044,57364074.574178584
2045,57364074.508848466
2046,57364074.43362669
2047,57364074.344108455
2048,57364074.521253794
2049,57364074.61114671
2050,57364074.43063827
2051,57364074.50244601
2052,57364074.519560814
2053,57364074.47259298
2054,57364074.43311938
2055,57364074.577466026
2056,57364074.56151659
2057,57364074.41199879
2058,57364074.549320675
2059,57364074.45810175
2060,57364074.462885775
2061,57364074.51859105
2062,57364074.60620202
2063,57364074.585891575
2064,57364074.59450528
2065,57364074.50973682
2066,57364074.53399048
2067,57364074.593782715
2068,57364074.47099336
2069,57364074.46645329
2070,57364074.51907811
2071,57364074.48510784
2072,57364074.46604596
2073,57364074.55844411
2074,57364074.52344257
2075,57364074.43618837
2076,57364074.57494168
2077,57364074.3270459
2078,57364074.4337474
2079,57364074.44956465
2080,57364074.518831424
2081,57364074.49561975
2082,57364074.41827725
2083,57364074.484484255
2084,57364074.48964775
2085,57364074.571298964
2086,57364074.48055548
2087,57364074.518754855
2088,57364074.54296607
2089,57364074.50776927
2090,57364074.5117456
2091,57364074.440991715
2092,57364074.45829012
2093,57364074.607912436
2094,57364074.456511594
2095,57364074.40906329
2096,57364074.49555534
2097,57364074.4497698
2098,57364074.408528455
2099,57364074.51012336
2100,57364074.48636492
2101,57364074.455558896
2102,57364074.333469756
2103,57364074.44914768
2104,57364074.34298758
2105,57364074.435999915
2106,57364074.473295435
2107,57364074.42986903
2108,57364074.398100846
2109,57364074.37807908
2110,57364074.469035044
2111,57364074.46205718
2112,57364074.51378326
2113,57364074.47342984
2114,57364074.45016464
2115,57364074.57390268
2116,57364074.39346768
2117,57364074.400065444
2118,57364074.478328615
2119,57364074.50327485
2120,57364074.53029229
2121,57364074.428534076
2122,57364074.47223716
2123,57364074.431522764
2124,57364074.511298165
2125,57364074.60244786
2126,57364074.446007036
2127,57364074.55624895
2128,57364074.5257645
2129,57364074.521309145
2130,57364074.39268035
2131,57364074.52204128
2132,57364074.50597985
2133,57364074.60616715
2134,57364074.57332714
2135,57364074.471019074
2136,57364074.42477635
2137,57364074.45814643
2138,57364074.500808835
2139,57364074.36700754
2140,57364074.43336742
2141,57364074.449757144
2142,57364074.48443549
2143,57364074.51027702
2144,57364074.39664687
2145,57364074.45844679
2146,57364074.507492825
2147,57364074.407237135
2148,57364074.57038784
2149,57364074.43251181
2150,57364074.48108868
2151,57364074.54061483
2152,57364074.56145206
2153,57364074.48391341
2154,57364074.473454736
2155,57364074.4593168
2156,57364074.534631304
2157,57364074.54125018
2158,57364074.504821494
2159,57364074.424447566
2160,57364074.40337595
2161,57364074.39668958
2162,57364074.53048624
2163,57364074.3911298
2164,57364074.48854111
2165,57364074.383455396
2166,57364074.52655056
2167,57364074.443714954
2168,57364074.4817223
2169,57364074.3376054
2170,57364074.572797194
2171,57364074.482527524
2172,57364074.44474938
2173,57364074.45550315
2174,57364074.48789254
2175,57364074.67855594
2176,57364074.475868486
2177,57364074.46160083
2178,57364074.44943384
2179,57364074.47360651
2180,57364074.42350694
2181,57364074.5408146
2182,57364074.38636055
2183,57364074.53367026
2184,57364074.48184503
2185,57364074.525794595
2186,57364074.54915598
2187,57364074.57891161
2188,57364074.42714142
2189,57364074.44124708
2190,57364074.39896914
2191,57364074.48981174
2192,57364074.48981173
2193,76375011.55896038
2194,76375011.55896041
2195,76375011.55896041
2196,76375011.55896045
2197,76375011.5589604
2198,76375011.55896042
2199,76375011.55896038
2200,76375011.55896042
2201,76375011.55896038
2202,76375011.5589604
2203,76375011.55896044
2204,76375011.61403728
2205,76375011.56458586
2206,76375011.61460704
2207,76375011.52770065
2208,76375011.59539779
2209,76375011.55539697
2210,76375011.55427119
2211,76375011.53656214
2212,76375011.51069735
2213,76375011.50534657
2214,76375011.49493746
2215,76375011.56748159
2216,76375011.47255935
2217,76375011.55867206
2218,76375011.67576312
2219,76375011.62830478
2220,76375011.49378668
2221,76375011.5205113
2222,76375011.61427836
2223,76375011.57292579
2224,76375011.54235509
2225,76375011.60599712
2226,76375011.58777352
2227,76375011.63532665
2228,76375011.53291948
2229,76375011.571907
2230,76375011.56438303
2231,76375011.68880068
2232,76375011.61700639
2233,76375011.58965008
2234,76375011.5454222
2235,76375011.59823051
2236,76375011.52363746
2237,76375011.62688696
2238,76375011.5589181
2239,76375011.51581071
2240,76375011.55415352
2241,76375011.59873822
2242,76375011.49942908
2243,76375011.54279092
2244,76375011.48779811
2245,76375011.57385394
2246,76375011.52872607
2247,76375011.42177504
2248,76375011.56344792
2249,76375011.51901504
2250,76375011.59070608
2251,76375011.51966268
2252,76375011.54866749
2253,76375011.6153942
2254,76375011.59861824
2255,76375011.5830705
2256,76375011.56960374
2257,76375011.6364439
2258,76375011.48791091
2259,76375011.56586148
2260,76375011.58832724
2261,76375011.48268573
2262,76375011.52010235
2263,76375011.53494267
2264,76375011.58137546
2265,76375011.65286383
2266,76375011.61549567
2267,76375011.56520723
2268,76375011.5402566
2269,76375011.51663908
2270,76375011.5998686
2271,76375011.60761623
2272,76375011.53148985
2273,76375011.56578137
2274,76375011.58694352
2275,76375011.53517492
2276,76375011.5741033
2277,76375011.5494334
2278,76375011.62574062
2279,76375011.56258261
2280,76375011.4326902
2281,76375011.54557015
2282,76375011.50979464
2283,76375011.62444946
2284,76375011.59521064
2285,76375011.58876248
2286,76375011.58603957
2287,76375011.62317756
2288,76375011.50024658
2289,76375011.53630783
2290,76375011.52837151
2291,76375011.56090094
2292,76375011.52993363
2293,76375011.52203056
2294,76375011.51286015
2295,76375011.55713937
2296,76375011.57722594
2297,76375011.5532298
2298,76375011.6047579
2299,76375011.56715147
2300,76375011.49507438
2301,76375011.60280377
2302,76375011.55835296
2303,76375011.62228008
2304,76375011.61506599
2305,76375011.6147956
2306,76375011.54298326
2307,76375011.5502639
2308,76375011.5232025
2309,76375011.5384551
2310,76375011.51732618
2311,76375011.51229218
2312,76375011.52054328
2313,76375011.63353102
2314,76375011.53456546
2315,76375011.55302036
2316,76375011.51923282
2317,76375011.53127985
2318,76375011.53937349
2319,76375011.56269045
2320,76375011.47091904
2321,76375011.52249986
2322,76375011.56964782
2323,76375011.55617507
2324,76375011.48029381
2325,76375011.6546348
2326,76375011.62860371
2327,76375011.61876951
2328,76375011.54567727
2329,76375011.5570664
2330,76375011.60398112
2331,76375011.52759002
2332,76375011.58861367
2333,76375011.50420962
2334,76375011.4965612
2335,76375011.53620487
2336,76375011.61191237
2337,76375011.56361544
2338,76375011.57617657
2339,76375011.64400354
2340,76375011.67673185
2341,76375011.46035387
2342,76375011.61154297
2343,76375011.70229843
2344,76375011.61436385
2345,76375011.51823652
2346,76375011.54393448
2347,76375011.64622173
2348,76375011.42245734
2349,76375011.5887321
2350,76375011.55906188
2351,76375011.67511472
2352,76375011.63185202
2353,76375011.69969042
2354,76375011.46036391
2355,76375011.57976031
2356,76375011.53430815
2357,76375011.59422155
2358,76375011.51783541
2359,76375011.60190663
2360,76375011.62841634
2361,76375011.5751268
2362,76375011.55810975
2363,76375011.5247778
2364,76375011.69743674
2365,76375011.61867891
2366,76375011.51858787
2367,76375011.48357266
2368,76375011.58244865
2369,76375011.5498606
2370,76375011.5580522
2371,76375011.47864594
2372,76375011.52542138
2373,76375011.5715281
2374,76375011.51798432
2375,76375011.70665829
2376,76375011.5151296
2377,76375011.47592226
2378,76375011.62735973
2379,76375011.58196233
2380,76375011.49466904
2381,76375011.56301768
2382,76375011.64111012
2383,76375011.53727318
2384,76375011.59644444
2385,76375011.64998218
2386,76375011.60819054
2387,76375011.62988043
2388,76375011.69500574
2389,76375011.56572425
2390,76375011.53595221
2391,76375011.53327057
2392,76375011.63982041
2393,76375011.53465904
2394,76375011.62613295
2395,76375011.48969498
2396,76375011.58893909
2397,76375011.56054439
2398,76375011.5846226
2399,76375011.57711479
2400,76375011.63855593
2401,76375011.57489261
2402,76375011.59148541
2403,76375011.53182541
2404,76375011.5189545
2405,76375011.51826103
2406,76375011.54887497
2407,76375011.47166881
2408,76375011.58230214
2409,76375011.50997858
2410,76375011.4765285
2411,76375011.61349961
2412,76375011.55818051
2413,76375011.56723087
2414,76375011.60608524
2415,76375011.46851471
2416,76375011.54116857
2417,76375011.60291472
2418,76375011.50589742
2419,76375011.63775305
2420,76375011.51936084
2421,76375011.58657679
2422,76375011.58270626
2423,76375011.54197614
2424,76375011.52739227
2425,76375011.54756853
2426,76375011.49805664
2427,76375011.5358492
2428,76375011.56221867
2429,76375011.5127182
2430,76375011.57496612
2431,76375011.60743517
2432,76375011.49161914
2433,76375011.55541867
2434,76375011.51553422
2435,76375011.42876184
2436,76375011.5881553
2437,76375011.61216675
2438,76375011.53718273
2439,76375011.54503737
2440,76375011.50640865
2441,76375011.4662241
2442,76375011.54215914
2443,76375011.55280577
2444,76375011.61268654
2445,76375011.59255749
2446,76375011.60004674
2447,76375011.53534591
2448,76375011.56845531
2449,76375011.5347022
2450,76375011.70375852
2451,76375011.37351896
2452,76375011.57976088
2453,76375011.53234333
2454,76375011.51154484
2455,76375011.53010684
2456,76375011.68912624
2457,76375011.51017547
2458,76375011.59206223
2459,76375011.49902296
2460,76375011.4900548
2461,76375011.53208204
2462,76375011.5505104
2463,76375011.49974208
2464,76375011.59827615
2465,76375011.59560442
2466,76375011.5883131
2467,76375011.53417827
2468,76375011.59102438
2469,76375011.4963223
2470,76375011.60543352
2471,76375011.6749564
2472,76375011.59546359
2473,76375011.50138707
2474,76375011.50482367
2475,76375011.54085189
2476,76375011.6165759
2477,76375011.54175198
2478,76375011.5656644
2479,76375011.59786
2480,76375011.7141928
2481,76375011.57721642
2482,76375011.61944808
2483,76375011.59247088
2484,76375011.52516693
2485,76375011.53310761
2486,76375011.668532
2487,76375011.55662508
2488,76375011.55642572
2489,76375011.58982028
2490,76375011.6885142
2491,76375011.60291539
2492,76375011.58304001
2493,76375011.57580002
2494,76375011.58181332
2495,76375011.52382617
2496,76375011.55084339
2497,76375011.52240475
2498,76375011.62625086
2499,76375011.46580519
2500,76375011.43714382
2501,76375011.4418836
2502,76375011.66293772
2503,76375011.54832664
2504,76375011.6209536
2505,76375011.57435071
2506,76375011.44720875
2507,76375011.62511858
2508,76375011.6200326
2509,76375011.52089247
2510,76375011.67490813
2511,76375011.58129811
2512,76375011.60505493
2513,76375011.53773709
2514,76375011.48057523
2515,76375011.48619139
2516,76375011.56798646
2517,76375011.54376851
2518,76375011.64630777
2519,76375011.51353517
2520,76375011.5364378
2521,76375011.46153872
2522,76375011.52545951
2523,76375011.48128487
2524,76375011.61065389
2525,76375011.55689174
2526,76375011.50622207
2527,76375011.6731371
2528,76375011.61408947
2529,76375011.56647164
2530,76375011.60471924
2531,76375011.4747946
2532,76375011.59438437
2533,76375011.49622542
2534,76375011.55877411
2535,76375011.57557301
2536,76375011.59963436
2537,76375011.44078746
2538,76375011.56779906
2539,76375011.56988132
2540,76375011.57311589
2541,76375011.50752228
2542,76375011.59742656
2543,76375011.60837749
2544,76375011.5841563
2545,76375011.54639678
2546,76375011.42734729
2547,76375011.56992215
2548,76375011.47555558
2549,76375011.49789396
2550,76375011.52909733
2551,76375011.53868702
2552,76375011.47818074
2553,76375011.42123942
2554,76375011.53647712
2555,76375011.5061562
2556,76375011.48671862
2557,76375011.58420226
2558,76375011.55339865
2559,76375011.53665315
2560,76375011.49460042
2561,76375011.58074887
2562,76375011.48571035
2563,76375011.4521626
2564,76375011.65925972
2565,76375011.6157187
2566,76375011.51490283
2567,76375011.56273545
2568,76375011.58779776
2569,76375011.59303473
2570,76375011.56043403
2571,76375011.62109835
2572,76375011.5266747
2573,76375011.6029936
2574,76375011.55115263
2575,76375011.56530766
2576,76375011.56679145
2577,76375011.63410313
2578,76375011.59054889
2579,76375011.52044679
2580,76375011.59104796
2581,76375011.53428982
2582,76375011.54090028
2583,76375011.54739824
2584,76375011.50740497
2585,76375011.48286997
2586,76375011.51686019
2587,76375011.55462405
2588,76375011.62529376
2589,76375011.5591492
2590,76375011.62269092
2591,76375011.55466375
2592,76375011.64030616
2593,76375011.50414681
2594,76375011.54934171
2595,76375011.64114054
2596,76375011.4321925
2597,76375011.53445713
2598,76375011.59020308
2599,76375011.549931
2600,76375011.58174361
2601,76375011.55614462
2602,76375011.54433662
2603,76375011.53722414
2604,76375011.56117967
2605,76375011.612792
2606,76375011.53292222
2607,76375011.52638493
2608,76375011.57573651
2609,76375011.47322491
2610,76375011.55987343
2611,76375011.46724156
2612,76375011.61076257
2613,76375011.56565975
2614,76375011.48440394
2615,76375011.51470633
2616,76375011.59422773
2617,76375011.59064387
2618,76375011.63507374
2619,76375011.49438055
2620,76375011.53520629
2621,76375011.64061922
2622,76375011.57501315
2623,76375011.48153912
2624,76375011.49321245
2625,76375011.60480449
2626,76375011.62057367
2627,76375011.48014992
2628,76375011.4574639
2629,76375011.48883381
2630,76375011.54377098
2631,76375011.6588709
2632,76375011.49601932
2633,76375011.44754829
2634,76375011.52057219
2635,76375011.56281163
2636,76375011.68791293
2637,76375011.55382963
2638,76375011.51659554
2639,76375011.46210788
2640,76375011.48656106
2641,76375011.5785136
2642,76375011.57086684
2643,76375011.54785828
2644,76375011.51739214
2645,76375011.57622795
2646,76375011.51883027
2647,76375011.68160817
2648,76375011.60085031
2649,76375011.61691484
2650,76375011.6565266
2651,76375011.64378603
2652,76375011.55193928
2653,76375011.67043799
2654,76375011.58935942
2655,76375011.51539023
2656,76375011.58832741
2657,76375011.50385736
2658,76375011.58186242
2659,76375011.51289985
2660,76375011.55547974
2661,76375011.50988428
2662,76375011.49229875
2663,76375011.562963
2664,76375011.53589852
2665,76375011.52959813
2666,76375011.45141493
2667,76375011.51128617
2668,76375011.53271207
2669,76375011.57423836
2670,76375011.57807052
2671,76375011.66168764
2672,76375011.56193736
2673,76375011.56525654
2674,76375011.45216966
2675,76375011.57050425
2676,76375011.52736114
2677,76375011.45309485
2678,76375011.71961308
2679,76375011.52110308
2680,76375011.51708043
2681,76375011.57922256
2682,76375011.6213025
2683,76375011.45107044
2684,76375011.69440848
2685,76375011.53660981
2686,76375011.52597344
2687,76375011.57248904
2688,76375011.49667364
2689,76375011.59958906
2690,76375011.65977436
2691,76375011.63235465
2692,76375011.60452378
2693,76375011.65746464
2694,76375011.51839788
2695,76375011.62412928
2696,76375011.51229115
2697,76375011.63274106
2698,76375011.59253865
2699,76375011.59799068
2700,76375011.55889027
2701,76375011.6268968
2702,76375011.55791298
2703,76375011.5301977
2704,76375011.6244878
2705,76375011.53315844
2706,76375011.52010675
2707,76375011.62500411
2708,76375011.59767637
2709,76375011.64933082
2710,76375011.55725019
2711,76375011.56472139
2712,76375011.4801197
2713,76375011.46517721
2714,76375011.56936476
2715,76375011.52264081
2716,76375011.58562718
2717,76375011.55902961
2718,76375011.615321
2719,76375011.68491772
2720,76375011.45162657
2721,76375011.5856841
2722,76375011.545214
2723,76375011.49979636
2724,76375011.59680544
2725,76375011.5708838
2726,76375011.57849777
2727,76375011.53875771
2728,76375011.43462056
2729,76375011.49977988
2730,76375011.646127
2731,76375011.38995667
2732,76375011.4647017
2733,76375011.60373174
2734,76375011.54750447
2735,76375011.6254564
2736,76375011.60545124
2737,76375011.57572202
2738,76375011.7160052
2739,76375011.40914859
2740,76375011.51695667
2741,76375011.55830815
2742,76375011.5832137
2743,76375011.4154265
2744,76375011.60669805
2745,76375011.51612186
2746,76375011.5923821
2747,76375011.59532514
2748,76375011.53611977
2749,76375011.56629094
2750,76375011.53922978
2751,76375011.60932551
2752,76375011.67718257
2753,76375011.57817158
2754,76375011.60986339
2755,76375011.62390664
2756,76375011.41275728
2757,76375011.55725083
2758,76375011.56428663
2759,76375011.51905291
2760,76375011.5486791
2761,76375011.53553775
2762,76375011.57547796
2763,76375011.46626031
2764,76375011.54033542
2765,76375011.5716103
2766,76375011.47054565
2767,76375011.50607005
2768,76375011.61401148
2769,76375011.57265994
2770,76375011.57238093
2771,76375011.59601162
2772,76375011.60111183
2773,76375011.67802487
2774,76375011.63934009
2775,76375011.54913072
2776,76375011.47249353
2777,76375011.58707944
2778,76375011.57758243
2779,76375011.57034318
2780,76375011.54510388
2781,76375011.50803258
2782,76375011.62851667
2783,76375011.67814168
2784,76375011.59749533
2785,76375011.48630203
2786,76375011.40658447
2787,76375011.58480093
2788,76375011.5316757
2789,76375011.55805697
2790,76375011.63240473
2791,76375011.58679628
2792,76375011.56695265
2793,76375011.60140833
2794,76375011.54661524
2795,76375011.65000953
2796,76375011.56483832
2797,76375011.57556045
2798,76375011.64677352
2799,76375011.57750238
2800,76375011.53882714
2801,76375011.61354546
2802,76375011.58078884
2803,76375011.44545253
2804,76375011.5776076
2805,76375011.57766354
2806,76375011.53608376
2807,76375011.57167827
2808,76375011.49494447
2809,76375011.60600927
2810,76375011.62780036
2811,76375011.45409258
2812,76375011.56377086
2813,76375011.458931
2814,76375011.45320502
2815,76375011.50459963
2816,76375011.57530689
2817,76375011.55785535
2818,76375011.55709194
2819,76375011.60940464
2820,76375011.5004279
2821,76375011.56494878
2822,76375011.64787014
2823,76375011.5695483
2824,76375011.59824784
2825,76375011.56947844
2826,76375011.66095884
2827,76375011.48408638
2828,76375011.35044308
2829,76375011.54867934
2830,76375011.58155936
2831,76375011.54363278
2832,76375011.51420611
2833,76375011.5664202
2834,76375011.54315403
2835,76375011.56611529
2836,76375011.56081991
2837,76375011.56750846
2838,76375011.5763331
2839,76375011.65325707
2840,76375011.48007058
2841,76375011.58923145
2842,76375011.57428914
2843,76375011.43235303
2844,76375011.62405832
2845,76375011.56745246
2846,76375011.48198643
2847,76375011.5421216
2848,76375011.53980874
2849,76375011.57248358
2850,76375011.52446875
2851,76375011.53904004
2852,76375011.57083319
2853,76375011.52448714
2854,76375011.57960352
2855,76375011.6501677
2856,76375011.5804273
2857,76375011.53366996
2858,76375011.54450257
2859,76375011.57986923
2860,76375011.58021896
2861,76375011.59722242
2862,76375011.57986352
2863,76375011.5873469
2864,76375011.55860382
2865,76375011.56662753
2866,76375011.6354531
2867,76375011.61016881
2868,76375011.59906805
2869,76375011.57491376
2870,76375011.47642457
2871,76375011.59693924
2872,76375011.61485565
2873,76375011.7087315
2874,76375011.4450371
2875,76375011.53572172
2876,76375011.52607934
2877,76375011.61702874
2878,76375011.54493257
2879,76375011.48990741
2880,76375011.52348153
2881,76375011.5276082
2882,76375011.57795471
2883,76375011.6180934
2884,76375011.52398211
2885,76375011.56314424
2886,76375011.58694704
2887,76375011.55932389
2888,76375011.62593554
2889,76375011.55085619
2890,76375011.55381759
2891,76375011.50161552
2892,76375011.6725556
2893,76375011.58489318
2894,76375011.5328576
2895,76375011.57293455
2896,76375011.50462331
2897,76375011.5976237
2898,76375011.69658493
2899,76375011.6152746
2900,76375011.56734292
2901,76375011.4879795
2902,76375011.6534338
2903,76375011.63592808
2904,76375011.5239493
2905,76375011.54457596
2906,76375011.61254445
2907,76375011.58396196
2908,76375011.50964326
2909,76375011.49596837
2910,76375011.57450216
2911,76375011.56170586
2912,76375011.59036677
2913,76375011.54766783
2914,76375011.51055071
2915,76375011.57474703
2916,76375011.53217646
2917,76375011.54579069
2918,76375011.64959762
2919,76375011.54483458
2920,76375011.4975893
2921,76375011.5830111
2922,76375011.55896036
2923,76375011.55896035
2924,74084422.51875752
2925,74084422.51875755
2926,74084422.5187576
2927,74084422.5187576
2928,74084422.51875754
2929,74084422.51875755
2930,74084422.51875754
2931,74084422.51875755
2932,74084422.51875757
2933,74084422.51875755
2934,74084422.5187576
2935,74084422.46726695
2936,74084422.43299575
2937,74084422.44265224
2938,74084422.62503368
2939,74084422.45452073
2940,74084422.52660416
2941,74084422.61517999
2942,74084422.5431558
2943,74084422.53280511
2944,74084422.58394341
2945,74084422.58192083
2946,74084422.52923611
2947,74084422.60556121
2948,74084422.58411422
2949,74084422.59680271
2950,74084422.60963078
2951,74084422.59992655
2952,74084422.6279265
2953,74084422.44400105
2954,74084422.57653983
2955,74084422.52415515
2956,74084422.6365981
2957,74084422.53006618
2958,74084422.5248107
2959,74084422.56259695
2960,74084422.46554969
2961,74084422.60764182
2962,74084422.49422868
2963,74084422.59978029
2964,74084422.54665634
2965,74084422.51508804
2966,74084422.56694117
2967,74084422.6751527
2968,74084422.44627756
2969,74084422.4642578
2970,74084422.53646877
2971,74084422.42543198
2972,74084422.57847239
2973,74084422.50782019
2974,74084422.50839539
2975,74084422.62295015
2976,74084422.6277025
2977,74084422.46550003
2978,74084422.49808688
2979,74084422.58647634
2980,74084422.45350164
2981,74084422.57353029
2982,74084422.5864059
2983,74084422.50984852
2984,74084422.48223366
2985,74084422.57294801
2986,74084422.48370108
2987,74084422.3981899
2988,74084422.4595703
2989,74084422.58880082
2990,74084422.49885665
2991,74084422.57134424
2992,74084422.52201442
2993,74084422.53270383
2994,74084422.55891496
2995,74084422.34284261
2996,74084422.41647144
2997,74084422.4494004
2998,74084422.50170815
2999,74084422.5711475
3000,74084422.47211817
3001,74084422.49413675
3002,74084422.45028698
3003,74084422.51121207
3004,74084422.47353029
3005,74084422.51139356
3006,74084422.60952243
3007,74084422.58473219
3008,74084422.4024369
3009,74084422.56893009
3010,74084422.57193117
3011,74084422.56064624
3012,74084422.53814141
3013,74084422.51783119
3014,74084422.49423265
3015,74084422.4909215
3016,74084422.47607635
3017,74084422.41106886
3018,74084422.52388522
3019,74084422.66703719
3020,74084422.53626306
3021,74084422.63045351
3022,74084422.38037568
3023,74084422.49628109
3024,74084422.5828218
3025,74084422.55074027
3026,74084422.48233348
3027,74084422.62555274
3028,74084422.53149433
3029,74084422.56509086
3030,74084422.53527842
3031,74084422.60020381
3032,74084422.48004068
3033,74084422.6232518
3034,74084422.38122189
3035,74084422.64703846
3036,74084422.37680587
3037,74084422.58248925
3038,74084422.57565832
3039,74084422.54765517
3040,74084422.64888172
3041,74084422.43460965
3042,74084422.4937671
3043,74084422.57668394
3044,74084422.58148536
3045,74084422.55031735
3046,74084422.54982919
3047,74084422.54346283
3048,74084422.52638754
3049,74084422.65186073
3050,74084422.61867031
3051,74084422.50605063
3052,74084422.65767446
3053,74084422.55016315
3054,74084422.5803291
3055,74084422.46476789
3056,74084422.61172497
3057,74084422.49107568
3058,74084422.35043025
3059,74084422.60515091
3060,74084422.4748415
3061,74084422.4984269
3062,74084422.47820298
3063,74084422.40272251
3064,74084422.44714096
3065,74084422.56804986
3066,74084422.41537376
3067,74084422.43806665
3068,74084422.51779737
3069,74084422.5161043
3070,74084422.60731515
3071,74084422.41284983
3072,74084422.44197552
3073,74084422.51705597
3074,74084422.45468512
3075,74084422.51439567
3076,74084422.57098408
3077,74084422.48745644
3078,74084422.64747411
3079,74084422.4661543
3080,74084422.5812697
3081,74084422.51280549
3082,74084422.49514101
3083,74084422.49059056
3084,74084422.4884983
3085,74084422.46982318
3086,74084422.4980528
3087,74084422.66269413
3088,74084422.62608817
3089,74084422.53042752
3090,74084422.61742796
3091,74084422.59339726
3092,74084422.58187161
3093,74084422.54464947
3094,74084422.59825704
3095,74084422.56312703
3096,74084422.51634899
3097,74084422.47081536
3098,74084422.52146569
3099,74084422.52238287
3100,74084422.52579874
3101,74084422.50015353
3102,74084422.50619815
3103,74084422.43833531
3104,74084422.47974995
3105,74084422.53465147
3106,74084422.57387652
3107,74084422.63053271
3108,74084422.65264636
3109,74084422.62858756
3110,74084422.54927745
3111,74084422.39318933
3112,74084422.41135241
3113,74084422.51116341
3114,74084422.43757577
3115,74084422.48615886
3116,74084422.60104914
3117,74084422.61175065
3118,74084422.51455928
3119,74084422.52107677
3120,74084422.52347676
3121,74084422.46323371
3122,74084422.55024944
3123,74084422.53319775
3124,74084422.35223556
3125,74084422.48601986
3126,74084422.54619083
3127,74084422.56754795
3128,74084422.64832093
3129,74084422.51512988
3130,74084422.48242636
3131,74084422.44830786
3132,74084422.48091665
3133,74084422.55857942
3134,74084422.59572619
3135,74084422.59036766
3136,74084422.50189893
3137,74084422.50549683
3138,74084422.5428278
3139,74084422.52374008
3140,74084422.45806243
3141,74084422.38715307
3142,74084422.57904212
3143,74084422.60437971
3144,74084422.54369396
3145,74084422.48795363
3146,74084422.45292115
3147,74084422.52932818
3148,74084422.53709392
3149,74084422.47731762
3150,74084422.42001134
3151,74084422.58585201
3152,74084422.48435223
3153,74084422.64272688
3154,74084422.40998644
3155,74084422.54731406
3156,74084422.69334343
3157,74084422.48132595
3158,74084422.50207208
3159,74084422.47642773
3160,74084422.5231526
3161,74084422.50219065
3162,74084422.49370965
3163,74084422.54551192
3164,74084422.5413564
3165,74084422.63238819
3166,74084422.60095377
3167,74084422.51305576
3168,74084422.55314599
3169,74084422.46822755
3170,74084422.4493148
3171,74084422.55674861
3172,74084422.58041967
3173,74084422.65195608
3174,74084422.56015776
3175,74084422.41706376
3176,74084422.43074279
3177,74084422.52683388
3178,74084422.5717921
3179,74084422.45925052
3180,74084422.46328121
3181,74084422.47041959
3182,74084422.55626404
3183,74084422.37831195
3184,74084422.53202015
3185,74084422.4875249
3186,74084422.57847594
3187,74084422.4731822
3188,74084422.51812626
3189,74084422.57567017
3190,74084422.5338363
3191,74084422.42578496
3192,74084422.6052486
3193,74084422.48126179
3194,74084422.60484765
3195,74084422.54455946
3196,74084422.48957162
3197,74084422.46386802
3198,74084422.44916773
3199,74084422.56312388
3200,74084422.53829424
3201,74084422.63034557
3202,74084422.52519915
3203,74084422.63407089
3204,74084422.53411885
3205,74084422.60874468
3206,74084422.53444868
3207,74084422.53882608
3208,74084422.42254847
3209,74084422.6037482
3210,74084422.43567231
3211,74084422.5622677
3212,74084422.47005762
3213,74084422.46948381
3214,74084422.57171693
3215,74084422.66352502
3216,74084422.61308274
3217,74084422.46098508
3218,74084422.52454716
3219,74084422.51935552
3220,74084422.47565804
3221,74084422.5437764
3222,74084422.48634782
3223,74084422.44798917
3224,74084422.60430722
3225,74084422.60549925
3226,74084422.52253474
3227,74084422.4807603
3228,74084422.62975726
3229,74084422.51530164
3230,74084422.57060929
3231,74084422.46188761
3232,74084422.44423932
3233,74084422.56830132
3234,74084422.52292669
3235,74084422.61597538
3236,74084422.35898004
3237,74084422.59867038
3238,74084422.5163603
3239,74084422.4447944
3240,74084422.61446303
3241,74084422.52663441
3242,74084422.49297187
3243,74084422.42902437
3244,74084422.58741419
3245,74084422.57802278
3246,74084422.44654638
3247,74084422.54375231
3248,74084422.49687377
3249,74084422.53568155
3250,74084422.38025266
3251,74084422.5404771
3252,74084422.51828927
3253,74084422.5300039
3254,74084422.44516191
3255,74084422.45292409
3256,74084422.48108566
3257,74084422.50438718
3258,74084422.3994448
3259,74084422.52478622
3260,74084422.46199343
3261,74084422.62426949
3262,74084422.57121344
3263,74084422.46107678
3264,74084422.52712211
3265,74084422.708547
3266,74084422.56098999
3267,74084422.54404539
3268,74084422.46170425
3269,74084422.61156827
3270,74084422.62740147
3271,74084422.53902844
3272,74084422.48191896
3273,74084422.4622135
3274,74084422.57447527
3275,74084422.55464976
3276,74084422.43600212
3277,74084422.56158191
3278,74084422.52793226
3279,74084422.48886965
3280,74084422.55821592
3281,74084422.55050807
3282,74084422.57015559
3283,74084422.49586368
3284,74084422.48364714
3285,74084422.53584327
3286,74084422.45258167
3287,74084422.51036595
3288,74084422.43791081
3289,74084422.53368913
3290,74084422.55666211
3291,74084422.49916756
3292,74084422.4671383
3293,74084422.45048827
3294,74084422.56017551
3295,74084422.53057142
3296,74084422.4890453
3297,74084422.47757028
3298,74084422.48176342
3299,74084422.57979177
3300,74084422.60760596
3301,74084422.54531528
3302,74084422.42728673
3303,74084422.44442798
3304,74084422.56355968
3305,74084422.5628462
3306,74084422.57630216
3307,74084422.49355827
3308,74084422.5257516
3309,74084422.60103855
3310,74084422.52967907
3311,74084422.59345886
3312,74084422.48214078
3313,74084422.51720765
3314,74084422.48710029
3315,74084422.5198727
3316,74084422.51584902
3317,74084422.41461176
3318,74084422.59145555
3319,74084422.4523662
3320,74084422.52104582
3321,74084422.51426218
3322,74084422.53121835
3323,74084422.5912071
3324,74084422.53425375
3325,74084422.63917048
3326,74084422.4317786
3327,74084422.42042354
3328,74084422.55390364
3329,74084422.46462128
3330,74084422.51614836
3331,74084422.5635244
3332,74084422.4736522
3333,74084422.5233463
3334,74084422.4392404
3335,74084422.64915106
3336,74084422.44039471
3337,74084422.59853746
3338,74084422.53634578
3339,74084422.61637712
3340,74084422.4424967
3341,74084422.51582077
3342,74084422.51927915
3343,74084422.48673013
3344,74084422.42118621
3345,74084422.41207346
3346,74084422.46178688
3347,74084422.56725658
3348,74084422.44073966
3349,74084422.50532895
3350,74084422.43922055
3351,74084422.59039792
3352,74084422.52143577
3353,74084422.48720919
3354,74084422.4254145
3355,74084422.45034577
3356,74084422.58747877
3357,74084422.50765198
3358,74084422.52402596
3359,74084422.60032928
3360,74084422.55872941
3361,74084422.50659399
3362,74084422.53102039
3363,74084422.40514678
3364,74084422.5204189
3365,74084422.35441546
3366,74084422.55051035
3367,74084422.58425458
3368,74084422.50937499
3369,74084422.40195926
3370,74084422.60288519
3371,74084422.57217701
3372,74084422.63710625
3373,74084422.37409148
3374,74084422.52222899
3375,74084422.5034725
3376,74084422.57161339
3377,74084422.5529864
3378,74084422.43898481
3379,74084422.53162523
3380,74084422.45984812
3381,74084422.55090275
3382,74084422.42977652
3383,74084422.57182951
3384,74084422.60816862
3385,74084422.44110578
3386,74084422.56079434
3387,74084422.55498311
3388,74084422.55074777
3389,74084422.59417377
3390,74084422.43244131
3391,74084422.54867795
3392,74084422.54124933
3393,74084422.54633594
3394,74084422.3434044
3395,74084422.46622142
3396,74084422.494813
3397,74084422.54210573
3398,74084422.57082151
3399,74084422.53810301
3400,74084422.48115727
3401,74084422.49907853
3402,74084422.56935048
3403,74084422.4812716
3404,74084422.53015044
3405,74084422.57522383
3406,74084422.58883165
3407,74084422.59504567
3408,74084422.43698275
3409,74084422.59481041
3410,74084422.53422347
3411,74084422.51301329
3412,74084422.46710706
3413,74084422.57124355
3414,74084422.51248029
3415,74084422.48053439
3416,74084422.54944992
3417,74084422.46785499
3418,74084422.56476359
3419,74084422.4946572
3420,74084422.42969677
3421,74084422.43104765
3422,74084422.47593953
3423,74084422.54419807
3424,74084422.55828555
3425,74084422.3940024
3426,74084422.59370717
3427,74084422.46230437
3428,74084422.52062099
3429,74084422.48494561
3430,74084422.44144677
3431,74084422.49115926
3432,74084422.6372472
3433,74084422.51588193
3434,74084422.5359228
3435,74084422.44957045
3436,74084422.50369152
3437,74084422.52578132
3438,74084422.51475891
3439,74084422.47182985
3440,74084422.59735715
3441,74084422.65095083
3442,74084422.44481549
3443,74084422.42241774
3444,74084422.41637374
3445,74084422.56664918
3446,74084422.56667489
3447,74084422.55878307
3448,74084422.536959
3449,74084422.57247497
3450,74084422.5474546
3451,74084422.42060648
3452,74084422.51759186
3453,74084422.53389701
3454,74084422.47549741
3455,74084422.5248727
3456,74084422.59251201
3457,74084422.4912423
3458,74084422.40727764
3459,74084422.52632855
3460,74084422.41868243
3461,74084422.49019983
3462,74084422.40636395
3463,74084422.5455076
3464,74084422.45188282
3465,74084422.45708497
3466,74084422.4083028
3467,74084422.46941213
3468,74084422.4683139
3469,74084422.55149639
3470,74084422.52113533
3471,74084422.62652273
3472,74084422.52779144
3473,74084422.55407117
3474,74084422.44599588
3475,74084422.61372241
3476,74084422.46351075
3477,74084422.53511404
3478,74084422.56698155
3479,74084422.58163491
3480,74084422.51546055
3481,74084422.5504398
3482,74084422.54324663
3483,74084422.53607032
3484,74084422.50436187
3485,74084422.49078068
3486,74084422.44719073
3487,74084422.46692197
3488,74084422.51069134
3489,74084422.59433787
3490,74084422.67212753
3491,74084422.585672
3492,74084422.4533038
3493,74084422.54796763
3494,74084422.47263047
3495,74084422.47947572
3496,74084422.47308144
3497,74084422.51524739
3498,74084422.39402871
3499,74084422.4706927
3500,74084422.39136249
3501,74084422.4318396
3502,74084422.55466534
3503,74084422.57452959
3504,74084422.57650234
3505,74084422.55089988
3506,74084422.43075654
3507,74084422.58545594
3508,74084422.46178013
3509,74084422.57228674
3510,74084422.54483628
3511,74084422.44275108
3512,74084422.47899286
3513,74084422.54558077
3514,74084422.53241765
3515,74084422.63246608
3516,74084422.60526203
3517,74084422.46602961
3518,74084422.52975078
3519,74084422.39816797
3520,74084422.56357142
3521,74084422.40814628
3522,74084422.50297558
3523,74084422.45691824
3524,74084422.47813186
3525,74084422.59864777
3526,74084422.4910843
3527,74084422.57569854
3528,74084422.5160204
3529,74084422.51072776
3530,74084422.52814217
3531,74084422.57581986
3532,74084422.53489125
3533,74084422.56338328
3534,74084422.46466187
3535,74084422.51559967
3536,74084422.55859748
3537,74084422.4481575
3538,74084422.46713473
3539,74084422.52521904
3540,74084422.5532014
3541,74084422.62168193
3542,74084422.56184667
3543,74084422.54814768
3544,74084422.4519606
3545,74084422.38470182
3546,74084422.53242673
3547,74084422.5653945
3548,74084422.52746814
3549,74084422.59033439
3550,74084422.4327663
3551,74084422.55614962
3552,74084422.54482943
3553,74084422.53776364
3554,74084422.62036832
3555,74084422.49648573
3556,74084422.38682888
3557,74084422.48812903
3558,74084422.50198111
3559,74084422.53736031
3560,74084422.59622417
3561,74084422.59900683
3562,74084422.47283542
3563,74084422.51766066
3564,74084422.47016187
3565,74084422.48075108
3566,74084422.48961686
3567,74084422.3897555
3568,74084422.48743074
3569,74084422.57486594
3570,74084422.53913604
3571,74084422.56526747
3572,74084422.52505587
3573,74084422.49315645
3574,74084422.50849575
3575,74084422.53827773
3576,74084422.59880011
3577,74084422.48622535
3578,74084422.68869412
3579,74084422.49763368
3580,74084422.64336771
3581,74084422.4552627
3582,74084422.46541235
3583,74084422.46047585
3584,74084422.51656492
3585,74084422.59569204
3586,74084422.59391828
3587,74084422.52510887
3588,74084422.4980352
3589,74084422.42314412
3590,74084422.42920658
3591,74084422.4564545
3592,74084422.44332334
3593,74084422.51385595
3594,74084422.5011322
3595,74084422.52855983
3596,74084422.55596039
3597,74084422.4547054
3598,74084422.45265731
3599,74084422.37078048
3600,74084422.51033574
3601,74084422.48526466
3602,74084422.51491225
3603,74084422.54330704
3604,74084422.62945284
3605,74084422.47485518
3606,74084422.53287743
3607,74084422.63229331
3608,74084422.56565697
3609,74084422.47197518
3610,74084422.51215434
3611,74084422.53447628
3612,74084422.62571335
3613,74084422.5180392
3614,74084422.6254481
3615,74084422.53857131
3616,74084422.46237636
3617,74084422.49845475
3618,74084422.54072545
3619,74084422.57870257
3620,74084422.57517031
3621,74084422.49328464
3622,74084422.44075212
3623,74084422.51335123
3624,74084422.46881828
3625,74084422.4615591
3626,74084422.47379021
3627,74084422.59497993
3628,74084422.4344103
3629,74084422.48875292
3630,74084422.45428751
3631,74084422.63524017
3632,74084422.60539216
3633,74084422.50975387
3634,74084422.59022461
3635,74084422.44203846
3636,74084422.50275727
3637,74084422.60674231
3638,74084422.57360125
3639,74084422.53378703
3640,74084422.53904024
3641,74084422.59547247
3642,74084422.48396647
3643,74084422.51299943
3644,74084422.55348139
3645,74084422.5038686
3646,74084422.55968833
3647,74084422.55047072
3648,74084422.58187856
3649,74084422.48399131
3650,74084422.43591431
3651,74084422.44397795
3652,74084422.49041295
3653,74084422.5187575
3654,74084422.5187575
3655,10066059.94337803
3656,10066059.943378022
3657,10066059.943378022
3658,10066059.943378014
3659,10066059.943378024
3660,10066059.943378031
3661,10066059.943378031
3662,10066059.943378024
3663,10066059.943378037
3664,10066059.943378022
3665,10066059.943378022
3666,10066059.905292459
3667,10066059.935164092
3668,10066059.95668255
3669,10066059.962725064
3670,10066059.955464797
3671,10066059.873098118
3672,10066059.910933653
3673,10066059.970232269
3674,10066059.929696808
3675,10066059.936021712
3676,10066059.956916844
3677,10066059.955165803
3678,10066059.913997209
3679,10066059.94529287
3680,10066059.953918297
3681,10066059.949711401
3682,10066059.916280095
3683,10066059.970854284
3684,10066059.928252647
3685,10066059.954518488
3686,10066059.920338597
3687,10066059.977875594
3688,10066059.921999399
3689,10066059.943495924
3690,10066059.9573383
3691,10066059.943658348
3692,10066059.928164223
3693,10066059.965559872
3694,10066059.94497896
3695,10066059.950388845
3696,10066059.941661317
3697,10066059.946748419
3698,10066059.950220933
3699,10066059.934160128
3700,10066059.961204495
3701,10066059.919091968
3702,10066059.919061603
3703,10066059.938323954
3704,10066059.926969903
3705,10066059.967082804
3706,10066059.943190537
3707,10066059.95509657
3708,10066059.958855582
3709,10066059.931183312
3710,10066059.936303481
3711,10066059.977292985
3712,10066059.945290428
3713,10066059.937747674
3714,10066059.951920481
3715,10066059.987314032
3716,10066059.957898177
3717,10066060.013135271
3718,10066059.91090733
3719,10066059.954851216
3720,10066059.938059105
3721,10066059.967299396
3722,10066059.964009045
3723,10066059.92803414
3724,10066059.936125638
3725,10066059.979056602
3726,10066059.935735866
3727,10066059.919117762
3728,10066059.927649053
3729,10066059.929304037
3730,10066059.945484234
3731,10066059.94816643
3732,10066059.978042675
3733,10066059.919408314
3734,10066059.932019563
3735,10066059.953177853
3736,10066059.941741839
3737,10066059.927684234
3738,10066059.92393863
3739,10066059.88920753
3740,10066060.003468351
3741,10066059.93420945
3742,10066059.933577994
3743,10066059.965423828
3744,10066059.90554721
3745,10066059.960828507
3746,10066059.922410244
3747,10066059.914702728
3748,10066059.939747203
3749,10066059.95258101
3750,10066059.943918044
3751,10066059.937626163
3752,10066059.960897867
3753,10066059.953158792
3754,10066059.890469022
3755,10066059.948730335
3756,10066059.941212509
3757,10066059.91540611
3758,10066059.944972733
3759,10066059.908045791
3760,10066059.940591494
3761,10066059.919463286
3762,10066059.902562192
3763,10066059.936733937
3764,10066059.926174274
3765,10066059.960175108
3766,10066059.932215342
3767,10066059.943255635
3768,10066059.927822981
3769,10066059.95091096
3770,10066059.974627035
3771,10066059.944872713
3772,10066059.917955652
3773,10066059.948242428
3774,10066059.987585913
3775,10066059.962730391
3776,10066059.98234852
3777,10066059.953789784
3778,10066059.9564852
3779,10066059.924411753
3780,10066059.95195619
3781,10066059.9490279
3782,10066059.946277978
3783,10066059.94451176
3784,10066059.913500227
3785,10066059.952564757
3786,10066059.929827388
3787,10066059.946581641
3788,10066059.988052865
3789,10066059.926352063
3790,10066059.919289546
3791,10066059.978065385
3792,10066059.986065742
3793,10066059.979402915
3794,10066059.91808472
3795,10066059.937607396
3796,10066059.955664333
3797,10066059.935879974
3798,10066059.954248644
3799,10066059.950957237
3800,10066059.959172484
3801,10066059.96267329
3802,10066059.876313318
3803,10066059.923711339
3804,10066059.955143573
3805,10066059.972494356
3806,10066059.94311401
3807,10066059.959689913
3808,10066059.953093527
3809,10066059.967118276
3810,10066059.930869052
3811,10066059.968457047
3812,10066059.969155658
3813,10066059.95901319
3814,10066059.920459585
3815,10066059.937137589
3816,10066059.97885756
3817,10066059.975238035
3818,10066059.965219975
3819,10066059.894688409
3820,10066059.960576693
3821,10066059.956208909
3822,10066059.955040764
3823,10066059.907150157
3824,10066059.994083071
3825,10066059.954668825
3826,10066059.935537593
3827,10066059.94800116
3828,10066059.965750553
3829,10066059.917340476
3830,10066059.94649287
3831,10066059.939268181
3832,10066059.923992204
3833,10066059.943489026
3834,10066059.939713055
3835,10066059.92219417
3836,10066059.93595164
3837,10066059.9500527
3838,10066059.892428184
3839,10066059.915387742
3840,10066059.955991058
3841,10066059.924480667
3842,10066059.92301724
3843,10066059.973758899
3844,10066059.93304704
3845,10066059.939917263
3846,10066059.963007258
3847,10066059.920624062
3848,10066059.932390887
3849,10066059.974801484
3850,10066059.96680106
3851,10066059.974224607
3852,10066059.951887578
3853,10066059.91330059
3854,10066059.901615135
3855,10066059.916086823
3856,10066059.942154387
3857,10066059.957158014
3858,10066059.952160317
3859,10066059.952473115
3860,10066059.938347768
3861,10066059.928837614
3862,10066059.92454678
3863,10066059.939398482
3864,10066059.96452998
3865,10066059.939171951
3866,10066059.940147059
3867,10066059.903292505
3868,10066059.877639705
3869,10066059.940940013
3870,10066059.94893808
3871,10066059.948759627
3872,10066059.927739106
3873,10066059.934868276
3874,10066059.936724333
3875,10066059.935320053
3876,10066059.937084412
3877,10066059.93428936
3878,10066059.943983704
3879,10066059.988977274
3880,10066059.916455192
3881,10066059.943042252
3882,10066059.909423288
3883,10066059.957225561
3884,10066059.952054512
3885,10066059.936004007
3886,10066059.945322292
3887,10066059.958010774
3888,10066059.92823284
3889,10066059.964147614
3890,10066059.960629802
3891,10066059.961025868
3892,10066059.933357928
3893,10066059.938297879
3894,10066060.017671786
3895,10066059.968683053
3896,10066059.973576419
3897,10066059.938691271
3898,10066059.940045763
3899,10066059.974108158
3900,10066059.919619758
3901,10066059.952442525
3902,10066059.941816805
3903,10066059.939741977
3904,10066059.921348523
3905,10066059.918371096
3906,10066059.969127933
3907,10066059.944148315
3908,10066059.88312211
3909,10066059.944489632
3910,10066059.913081989
3911,10066059.94220767
3912,10066059.940675719
3913,10066059.905763488
3914,10066059.970539121
3915,10066059.997723276
3916,10066059.922532981
3917,10066059.940702984
3918,10066059.947140986
3919,10066059.906325575
3920,10066059.933184227
3921,10066059.956493892
3922,10066059.943741256
3923,10066059.912107587
3924,10066059.924814897
3925,10066059.933643112
3926,10066059.949433059
3927,10066059.931616496
3928,10066060.00914378
3929,10066059.94561445
3930,10066059.9370434
3931,10066059.954751454
3932,10066059.984980518
3933,10066059.947037352
3934,10066059.926775042
3935,10066059.953160325
3936,10066059.959992878
3937,10066059.98081342
3938,10066059.979694137
3939,10066059.931992656
3940,10066059.948615907
3941,10066059.971990684
3942,10066059.999787629
3943,10066059.93017025
3944,10066059.98066825
3945,10066059.89252536
3946,10066059.920855826
3947,10066059.963984674
3948,10066059.90825428
3949,10066059.911213946
3950,10066059.951985369
3951,10066059.978843186
3952,10066059.92567194
3953,10066059.968129175
3954,10066059.931000873
3955,10066059.934992244
3956,10066059.939307941
3957,10066059.946279282
3958,10066059.91912353
3959,10066059.941327056
3960,10066059.955046229
3961,10066059.91494979
3962,10066059.94723551
3963,10066059.936359398
3964,10066059.96504176
3965,10066059.948224373
3966,10066059.960178688
3967,10066059.94549638
3968,10066059.950463127
3969,10066059.974036768
3970,10066059.98608724
3971,10066059.902739655
3972,10066059.977987168
3973,10066059.977775253
3974,10066059.977098074
3975,10066059.924293034
3976,10066059.935141694
3977,10066059.956535265
3978,10066059.966739982
3979,10066059.94090045
3980,10066059.976197492
3981,10066059.936032265
3982,10066059.920702122
3983,10066059.952566626
3984,10066059.936272
3985,10066059.930200588
3986,10066059.942051888
3987,10066059.909446461
3988,10066059.924858097
3989,10066059.933509689
3990,10066059.940654192
3991,10066059.976118749
3992,10066059.969481118
3993,10066059.928473044
3994,10066059.973219708
3995,10066059.954021074
3996,10066059.930108031
3997,10066059.957117671
3998,10066059.940671792
3999,10066059.953681033
4000,10066059.906251518
4001,10066059.928423515
4002,10066059.954028165
4003,10066059.961616416
4004,10066059.940752197
4005,10066059.929582225
4006,10066059.922668718
4007,10066059.94325959
4008,10066059.938312914
4009,10066059.944194648
4010,10066059.924806502
4011,10066059.903439276
4012,10066059.940667331
4013,10066059.921483435
4014,10066059.951406008
4015,10066059.92925957
4016,10066059.897163399
4017,10066059.891098658
4018,10066059.91675989
4019,10066059.921801157
4020,10066059.92162657
4021,10066059.920994207
4022,10066059.910811357
4023,10066059.93058536
4024,10066059.934702657
4025,10066059.974424256
4026,10066059.930759253
4027,10066059.949239548
4028,10066059.930168802
4029,10066059.949834868
4030,10066059.9292181
4031,10066059.947953183
4032,10066059.946368653
4033,10066059.964218007
4034,10066059.98982541
4035,10066059.958782103
4036,10066059.94054554
4037,10066059.953502882
4038,10066059.938829795
4039,10066059.956484608
4040,10066059.974011187
4041,10066059.937384756
4042,10066059.931880217
4043,10066059.957453927
4044,10066059.948724985
4045,10066059.965031857
4046,10066059.910497895
4047,10066059.937299017
4048,10066059.909711652
4049,10066059.975366285
4050,10066059.935184736
4051,10066059.936013578
4052,10066059.957191698
4053,10066059.938247597
4054,10066059.979785629
4055,10066059.946996283
4056,10066059.959786972
4057,10066059.936756395
4058,10066059.958832564
4059,10066059.93052791
4060,10066059.951487677
4061,10066059.940240039
4062,10066059.937467584
4063,10066059.949628383
4064,10066059.957209947
4065,10066059.968680987
4066,10066059.957420725
4067,10066059.933568338
4068,10066059.931868449
4069,10066059.928971548
4070,10066059.960389623
4071,10066059.96322626
4072,10066059.948414322
4073,10066059.930193774
4074,10066059.98982921
4075,10066059.959774178
4076,10066059.949547118
4077,10066059.964927135
4078,10066059.94501881
4079,10066059.93659779
4080,10066059.955658697
4081,10066059.980946723
4082,10066059.917788217
4083,10066059.950041316
4084,10066059.943984885
4085,10066059.960167099
4086,10066059.967963709
4087,10066059.933047554
4088,10066059.9440156
4089,10066059.932802636
4090,10066059.944895366
4091,10066059.974195182
4092,10066059.959268814
4093,10066059.945915189
4094,10066059.918360658
4095,10066059.968236497
4096,10066059.9307289
4097,10066059.938979099
4098,10066059.95907386
4099,10066059.901941998
4100,10066059.931262158
4101,10066059.93141054
4102,10066059.919129545
4103,10066059.935970075
4104,10066059.959458644
4105,10066059.946136901
4106,10066059.952790797
4107,10066059.93056801
4108,10066059.955784347
4109,10066059.921993788
4110,10066059.955189483
4111,10066059.970769074
4112,10066059.947284728
4113,10066059.944726115
4114,10066059.92652523
4115,10066059.953892805
4116,10066059.978383169
4117,10066059.938669188
4118,10066059.924247997
4119,10066059.970997337
4120,10066059.940073958
4121,10066059.947217641
4122,10066059.941482602
4123,10066059.949139716
4124,10066059.963490216
4125,10066059.927148696
4126,10066059.920655861
4127,10066059.932505378
4128,10066059.934633508
4129,10066059.967324724
4130,10066059.985826768
4131,10066059.96887502
4132,10066059.914026238
4133,10066059.947033763
4134,10066059.908575725
4135,10066059.939845648
4136,10066059.919236021
4137,10066059.94433933
4138,10066059.947949514
4139,10066059.95889756
4140,10066059.97318086
4141,10066059.943747962
4142,10066059.958829813
4143,10066059.96176924
4144,10066059.934601882
4145,10066059.945168918
4146,10066059.91586112
4147,10066059.912418952
4148,10066059.940572029
4149,10066059.942012971
4150,10066059.931441825
4151,10066059.93765198
4152,10066059.941585388
4153,10066059.95670607
4154,10066059.972769583
4155,10066059.954064801
4156,10066059.93281513
4157,10066059.941509522
4158,10066059.95827518
4159,10066059.974206269
4160,10066059.908342572
4161,10066059.89877718
4162,10066059.939343419
4163,10066059.969731027
4164,10066059.94677965
4165,10066059.882809289
4166,10066059.973638477
4167,10066059.947581882
4168,10066059.937352339
4169,10066059.884036466
4170,10066059.899562234
4171,10066059.937484821
4172,10066059.908499938
4173,10066059.940941835
4174,10066059.942943154
4175,10066059.964981502
4176,10066059.92460406
4177,10066059.947011072
4178,10066059.942749195
4179,10066059.921345046
4180,10066059.966018844
4181,10066059.956227107
4182,10066059.934918016
4183,10066059.944800371
4184,10066059.936044486
4185,10066059.986164266
4186,10066059.933919057
4187,10066059.944868937
4188,10066059.938264469
4189,10066059.948701646
4190,10066059.975429274
4191,10066059.97382614
4192,10066059.936476292
4193,10066059.926220937
4194,10066059.937868008
4195,10066059.951503586
4196,10066059.911806036
4197,10066059.913371895
4198,10066059.96644484
4199,10066059.95313046
4200,10066059.908849984
4201,10066059.936523631
4202,10066059.925004855
4203,10066059.934147827
4204,10066059.949838882
4205,10066059.93333661
4206,10066059.97172543
4207,10066059.955775544
4208,10066059.956941105
4209,10066059.975138884
4210,10066059.910334086
4211,10066059.925011644
4212,10066059.924831888
4213,10066059.922066657
4214,10066059.945567796
4215,10066059.96190269
4216,10066059.959899226
4217,10066059.969423369
4218,10066059.961623969
4219,10066059.912868371
4220,10066059.936114106
4221,10066059.954397678
4222,10066059.963999024
4223,10066059.971292347
4224,10066059.945172664
4225,10066059.924771376
4226,10066059.943808202
4227,10066059.912605826
4228,10066059.94367211
4229,10066059.941036135
4230,10066059.965935064
4231,10066059.918560961
4232,10066059.95935523
4233,10066059.944720943
4234,10066059.937737163
4235,10066059.960927779
4236,10066059.951812467
4237,10066059.92393159
4238,10066059.948895512
4239,10066059.997983366
4240,10066059.92508249
4241,10066059.966313908
4242,10066059.909216901
4243,10066059.928545218
4244,10066059.954121873
4245,10066059.950009536
4246,10066059.95175279
4247,10066059.927280635
4248,10066059.960273018
4249,10066059.927462801
4250,10066059.984468
4251,10066059.96520836
4252,10066059.896313837
4253,10066059.910403343
4254,10066059.936766446
4255,10066059.930969052
4256,10066059.922597727
4257,10066059.899027951
4258,10066059.93985025
4259,10066059.942334993
4260,10066059.954852002
4261,10066059.924053552
4262,10066059.93125818
4263,10066059.933138398
4264,10066059.935510917
4265,10066059.93360202
4266,10066059.940423515
4267,10066059.946987977
4268,10066059.911987867
4269,10066059.930595417
4270,10066059.930133859
4271,10066059.964422101
4272,10066059.924826648
4273,10066059.94492878
4274,10066059.960211307
4275,10066059.964876909
4276,10066059.932592247
4277,10066059.932246199
4278,10066059.914646493
4279,10066059.972021574
4280,10066059.914960247
4281,10066059.960511154
4282,10066059.920366332
4283,10066059.935826592
4284,10066059.922953006
4285,10066059.942760382
4286,10066059.941001056
4287,10066059.93145408
4288,10066059.959670052
4289,10066059.973064756
4290,10066059.970344065
4291,10066059.953609886
4292,10066059.961426107
4293,10066059.93283425
4294,10066059.925882926
4295,10066059.977507506
4296,10066059.922575297
4297,10066059.927309029
4298,10066059.952206643
4299,10066059.93528019
4300,10066059.939555129
4301,10066059.922904124
4302,10066059.997507062
4303,10066059.922198515
4304,10066059.953850448
4305,10066059.93336537
4306,10066059.934038851
4307,10066059.92248213
4308,10066059.954819296
4309,10066059.945778234
4310,10066059.938623022
4311,10066059.961898545
4312,10066059.9581657
4313,10066059.94211952
4314,10066059.950757176
4315,10066059.957790783
4316,10066059.947338495
4317,10066059.91236641
4318,10066059.933354404
4319,10066059.983745968
4320,10066059.953987801
4321,10066059.93762241
4322,10066059.952774828
4323,10066059.915424036
4324,10066059.931546774
4325,10066059.9183163
4326,10066059.898965288
4327,10066059.97365911
4328,10066059.980537495
4329,10066059.925274843
4330,10066059.911177676
4331,10066059.910265075
4332,10066059.922255067
4333,10066059.962083485
4334,10066059.940268906
4335,10066059.961117767
4336,10066059.946868287
4337,10066059.924974306
4338,10066059.941823203
4339,10066059.930393312
4340,10066059.921434315
4341,10066059.9388165
4342,10066059.908496715
4343,10066059.950966682
4344,10066059.949203765
4345,10066059.922032688
4346,10066059.90438592
4347,10066059.964801189
4348,10066059.962082699
4349,10066059.931722006
4350,10066059.943433465
4351,10066059.95024312
4352,10066059.964975704
4353,10066059.954104679
4354,10066059.957946198
4355,10066059.936420605
4356,10066059.92940821
4357,10066059.932502419
4358,10066059.97469958
4359,10066059.910777496
4360,10066059.91334146
4361,10066059.934977662
4362,10066059.942413848
4363,10066059.922452888
4364,10066059.920709813
4365,10066059.916109089
4366,10066059.941632662
4367,10066059.957157461
4368,10066059.951108709
4369,10066059.9303581
4370,10066059.943318669
4371,10066059.978674661
4372,10066059.920296568
4373,10066059.908159029
4374,10066059.952110292
4375,10066059.948912136
4376,10066059.9089351
4377,10066059.93810222
4378,10066059.938961001
4379,10066059.920511948
4380,10066059.94760146
4381,10066059.942444846
4382,10066059.948716132
4383,10066059.976410381
4384,10066059.943378024
4385,10066059.943378028
4386,5186120.502866985
4387,5186120.5028669825
4388,5186120.502866989
4389,5186120.502866992
4390,5186120.502866993
4391,5186120.502866984
4392,5186120.502866989
4393,5186120.502866995
4394,5186120.502866982
4395,5186120.502866985
4396,5186120.502866987
4397,5186120.493224237
4398,5186120.512731955
4399,5186120.50376721
4400,5186120.500148511
4401,5186120.510094401
4402,5186120.491889208
4403,5186120.497169709
4404,5186120.506650843
4405,5186120.501450352
4406,5186120.502045338
4407,5186120.506132926
4408,5186120.496706946
4409,5186120.48746025
4410,5186120.5011727335
4411,5186120.521025974
4412,5186120.505843406
4413,5186120.488386268
4414,5186120.5012582205
4415,5186120.497438807
4416,5186120.507235233
4417,5186120.500508397
4418,5186120.51289163
4419,5186120.5003700685
4420,5186120.5021397285
4421,5186120.512176526
4422,5186120.502667545
4423,5186120.491940131
4424,5186120.515885076
4425,5186120.509045907
4426,5186120.504634982
4427,5186120.492073058
4428,5186120.504488713
4429,5186120.506431205
4430,5186120.499078773
4431,5186120.504402476
4432,5186120.492659206
4433,5186120.490375497
4434,5186120.501460304
4435,5186120.501470855
4436,5186120.5134183895
4437,5186120.509368247
4438,5186120.501549152
4439,5186120.507092827
4440,5186120.4966352265
4441,5186120.501973391
4442,5186120.509363015
4443,5186120.498857159
4444,5186120.514469304
4445,5186120.517378768
4446,5186120.50417016
4447,5186120.494456263
4448,5186120.512379015
4449,5186120.49541498
4450,5186120.504241073
4451,5186120.502499115
4452,5186120.5061278315
4453,5186120.508969692
4454,5186120.49124668
4455,5186120.4937486695
4456,5186120.522445119
4457,5186120.504902333
4458,5186120.491073941
4459,5186120.495199018
4460,5186120.500696715
4461,5186120.503438396
4462,5186120.4968481185
4463,5186120.511653542
4464,5186120.503065926
4465,5186120.49982127
4466,5186120.505538533
4467,5186120.50055027
4468,5186120.501183034
4469,5186120.493289697
4470,5186120.4880435895
4471,5186120.5248966
4472,5186120.493463164
4473,5186120.499284169
4474,5186120.506104382
4475,5186120.497912938
4476,5186120.511204865
4477,5186120.512127564
4478,5186120.49882805
4479,5186120.493005599
4480,5186120.505230594
4481,5186120.509947932
4482,5186120.50218032
4483,5186120.508622075
4484,5186120.509680533
4485,5186120.488304752
4486,5186120.5163855385
4487,5186120.508496845
4488,5186120.489392826
4489,5186120.505088369
4490,5186120.499363617
4491,5186120.4962191
4492,5186120.506777594
4493,5186120.501897146
4494,5186120.50370185
4495,5186120.495772481
4496,5186120.510710134
4497,5186120.495279612
4498,5186120.50484595
4499,5186120.498250199
4500,5186120.516736529
4501,5186120.505106974
4502,5186120.51093853
4503,5186120.499026854
4504,5186120.504143946
4505,5186120.513756445
4506,5186120.509268185
4507,5186120.490591283
4508,5186120.508520309
4509,5186120.496492645
4510,5186120.49197953
4511,5186120.499048691
4512,5186120.495803054
4513,5186120.500084628
4514,5186120.4911205005
4515,5186120.495900311
4516,5186120.511345025
4517,5186120.498080825
4518,5186120.513007629
4519,5186120.5144968415
4520,5186120.492141849
4521,5186120.501335458
4522,5186120.5000819545
4523,5186120.497176663
4524,5186120.5083047785
4525,5186120.506118062
4526,5186120.502646151
4527,5186120.506077058
4528,5186120.504725599
4529,5186120.504525745
4530,5186120.50184281
4531,5186120.496975227
4532,5186120.519597891
4533,5186120.485799005
4534,5186120.500339292
4535,5186120.503479121
4536,5186120.5065974295
4537,5186120.503423968
4538,5186120.50687241
4539,5186120.49296512
4540,5186120.498616809
4541,5186120.504387798
4542,5186120.503119428
4543,5186120.505879762
4544,5186120.528986032
4545,5186120.488217212
4546,5186120.484894955
4547,5186120.491862644
4548,5186120.506935266
4549,5186120.509308269
4550,5186120.497180902
4551,5186120.517857192
4552,5186120.506801286
4553,5186120.527501242
4554,5186120.497780362
4555,5186120.50690109
4556,5186120.500285935
4557,5186120.500268115
4558,5186120.503329702
4559,5186120.5150684165
4560,5186120.505469141
4561,5186120.493673114
4562,5186120.497182941
4563,5186120.5354578635
4564,5186120.5056945495
4565,5186120.496354271
4566,5186120.487663685
4567,5186120.491096758
4568,5186120.506308194
4569,5186120.482258568
4570,5186120.501603699
4571,5186120.505170774
4572,5186120.498926992
4573,5186120.501719161
4574,5186120.503091676
4575,5186120.497717845
4576,5186120.512828863
4577,5186120.496777508
4578,5186120.489234431
4579,5186120.490514672
4580,5186120.511900264
4581,5186120.5040842965
4582,5186120.503767635
4583,5186120.515379467
4584,5186120.498641581
4585,5186120.5001358865
4586,5186120.499227721
4587,5186120.499937919
4588,5186120.512202256
4589,5186120.52486292
4590,5186120.498688353
4591,5186120.504298662
4592,5186120.488337055
4593,5186120.486275948
4594,5186120.50152592
4595,5186120.519366867
4596,5186120.500083874
4597,5186120.496319167
4598,5186120.49598489
4599,5186120.4944307655
4600,5186120.50213389
4601,5186120.503899232
4602,5186120.501740437
4603,5186120.499274361
4604,5186120.499309256
4605,5186120.495081564
4606,5186120.502399233
4607,5186120.505807002
4608,5186120.503089265
4609,5186120.503096991
4610,5186120.506213419
4611,5186120.493608314
4612,5186120.490847825
4613,5186120.491894194
4614,5186120.494605158
4615,5186120.507820183
4616,5186120.508410556
4617,5186120.509722411
4618,5186120.504394259
4619,5186120.4869110165
4620,5186120.522698536
4621,5186120.5121681625
4622,5186120.512879349
4623,5186120.501303607
4624,5186120.486574889
4625,5186120.517603194
4626,5186120.522567164
4627,5186120.503910856
4628,5186120.499631901
4629,5186120.498482045
4630,5186120.509432902
4631,5186120.495101857
4632,5186120.499265784
4633,5186120.506068306
4634,5186120.499882218
4635,5186120.499508799
4636,5186120.4849783825
4637,5186120.515255221
4638,5186120.507789139
4639,5186120.468379819
4640,5186120.48255195
4641,5186120.49297593
4642,5186120.503478382
4643,5186120.526778867
4644,5186120.493322285
4645,5186120.506369119
4646,5186120.515893187
4647,5186120.509047636
4648,5186120.501716612
4649,5186120.507584358
4650,5186120.49785339
4651,5186120.500694671
4652,5186120.514534798
4653,5186120.49360636
4654,5186120.484168728
4655,5186120.505018588
4656,5186120.507385044
4657,5186120.50574659
4658,5186120.500283449
4659,5186120.514716611
4660,5186120.520178353
4661,5186120.491839046
4662,5186120.503722865
4663,5186120.508533661
4664,5186120.508434781
4665,5186120.505719284
4666,5186120.505627035
4667,5186120.5000791
4668,5186120.52860303
4669,5186120.509702734
4670,5186120.493258514
4671,5186120.506419586
4672,5186120.50952241
4673,5186120.538511531
4674,5186120.514753261
4675,5186120.513333857
4676,5186120.487615971
4677,5186120.488385051
4678,5186120.508934705
4679,5186120.485592577
4680,5186120.48641848
4681,5186120.511669627
4682,5186120.514850395
4683,5186120.489375481
4684,5186120.511594205
4685,5186120.508066619
4686,5186120.493089385
4687,5186120.521189099
4688,5186120.505028651
4689,5186120.497699728
4690,5186120.489089134
4691,5186120.513390895
4692,5186120.502977239
4693,5186120.504465374
4694,5186120.501937525
4695,5186120.511368702
4696,5186120.507247515
4697,5186120.503445158
4698,5186120.500322064
4699,5186120.50238813
4700,5186120.508239594
4701,5186120.52163335
4702,5186120.485633449
4703,5186120.523634116
4704,5186120.527526678
4705,5186120.498626511
4706,5186120.496363568
4707,5186120.487621276
4708,5186120.507147612
4709,5186120.514411449
4710,5186120.518717479
4711,5186120.502376047
4712,5186120.501960857
4713,5186120.493408949
4714,5186120.505846866
4715,5186120.50034869
4716,5186120.5080301305
4717,5186120.494138576
4718,5186120.497429982
4719,5186120.498500222
4720,5186120.519571475
4721,5186120.510420558
4722,5186120.503364423
4723,5186120.5021255305
4724,5186120.497150012
4725,5186120.514735872
4726,5186120.500087318
4727,5186120.5047572395
4728,5186120.5087328395
4729,5186120.510145563
4730,5186120.4973695325
4731,5186120.48956384
4732,5186120.512115019
4733,5186120.51411932
4734,5186120.510179759
4735,5186120.498003601
4736,5186120.499332921
4737,5186120.497370161
4738,5186120.501117439
4739,5186120.505863888
4740,5186120.507761009
4741,5186120.508309591
4742,5186120.488010927
4743,5186120.5098617505
4744,5186120.493379865
4745,5186120.48964305
4746,5186120.485935396
4747,5186120.504613072
4748,5186120.479991837
4749,5186120.504207115
4750,5186120.513077016
4751,5186120.504826716
4752,5186120.508677811
4753,5186120.50360271
4754,5186120.485735216
4755,5186120.499803394
4756,5186120.524802694
4757,5186120.506730594
4758,5186120.513610611
4759,5186120.501153905
4760,5186120.510743112
4761,5186120.500572135
4762,5186120.527916565
4763,5186120.515527333
4764,5186120.509250064
4765,5186120.503142722
4766,5186120.502608448
4767,5186120.499286692
4768,5186120.507747654
4769,5186120.504268404
4770,5186120.509343982
4771,5186120.51992619
4772,5186120.50469795
4773,5186120.494428082
4774,5186120.51115902
4775,5186120.519360932
4776,5186120.5048980145
4777,5186120.50821747
4778,5186120.505403218
4779,5186120.494173012
4780,5186120.493381628
4781,5186120.513300479
4782,5186120.49667333
4783,5186120.499350719
4784,5186120.499587478
4785,5186120.527633301
4786,5186120.498621823
4787,5186120.505798903
4788,5186120.489805378
4789,5186120.508473003
4790,5186120.503587926
4791,5186120.507249114
4792,5186120.503423845
4793,5186120.500037969
4794,5186120.510057137
4795,5186120.510286555
4796,5186120.514961044
4797,5186120.5048011625
4798,5186120.501974001
4799,5186120.5112494165
4800,5186120.491392925
4801,5186120.508361656
4802,5186120.506035157
4803,5186120.489085296
4804,5186120.488628351
4805,5186120.510859001
4806,5186120.492781769
4807,5186120.496927576
4808,5186120.509985781
4809,5186120.496156254
4810,5186120.520104904
4811,5186120.504587816
4812,5186120.512654497
4813,5186120.5018757805
4814,5186120.50711768
4815,5186120.491335148
4816,5186120.488231403
4817,5186120.513437911
4818,5186120.496818568
4819,5186120.514170128
4820,5186120.493435194
4821,5186120.496704003
4822,5186120.5122940745
4823,5186120.505345431
4824,5186120.495085186
4825,5186120.494284214
4826,5186120.50305322
4827,5186120.501333475
4828,5186120.493507264
4829,5186120.509610404
4830,5186120.474615078
4831,5186120.48674134
4832,5186120.491341731
4833,5186120.480473886
4834,5186120.4875436695
4835,5186120.488134606
4836,5186120.510814139
4837,5186120.503074388
4838,5186120.480125457
4839,5186120.504076705
4840,5186120.494582502
4841,5186120.500754348
4842,5186120.496053947
4843,5186120.501265977
4844,5186120.494300342
4845,5186120.502746916
4846,5186120.499419366
4847,5186120.499735868
4848,5186120.49393603
4849,5186120.494979069
4850,5186120.504109363
4851,5186120.4894741345
4852,5186120.500087978
4853,5186120.494656644
4854,5186120.507606907
4855,5186120.502017451
4856,5186120.499462675
4857,5186120.4954994535
4858,5186120.500387388
4859,5186120.496152148
4860,5186120.506985871
4861,5186120.517491849
4862,5186120.50814346
4863,5186120.502422824
4864,5186120.504541346
4865,5186120.489599954
4866,5186120.491668886
4867,5186120.504377272
4868,5186120.478734333
4869,5186120.500863106
4870,5186120.500238307
4871,5186120.503756513
4872,5186120.514596962
4873,5186120.502088442
4874,5186120.504064655
4875,5186120.500764492
4876,5186120.49598707
4877,5186120.501001826
4878,5186120.498899308
4879,5186120.505833247
4880,5186120.495249352
4881,5186120.4860236775
4882,5186120.527931711
4883,5186120.493297116
4884,5186120.508627498
4885,5186120.493680868
4886,5186120.500957493
4887,5186120.503325044
4888,5186120.500949029
4889,5186120.510224733
4890,5186120.513841249
4891,5186120.494166783
4892,5186120.494922511
4893,5186120.50902155
4894,5186120.505336059
4895,5186120.491002477
4896,5186120.480476886
4897,5186120.510357775
4898,5186120.500659259
4899,5186120.508031739
4900,5186120.5071843825
4901,5186120.496404767
4902,5186120.497661691
4903,5186120.49936921
4904,5186120.500240386
4905,5186120.50017908
4906,5186120.511212694
4907,5186120.495634541
4908,5186120.510586011
4909,5186120.504287569
4910,5186120.492933148
4911,5186120.508835714
4912,5186120.49935155
4913,5186120.5015363
4914,5186120.512429463
4915,5186120.5012412565
4916,5186120.505719311
4917,5186120.507653718
4918,5186120.505182013
4919,5186120.500169708
4920,5186120.517187468
4921,5186120.498730534
4922,5186120.518228114
4923,5186120.505360471
4924,5186120.476880325
4925,5186120.505902158
4926,5186120.504782856
4927,5186120.487960859
4928,5186120.500834746
4929,5186120.516323423
4930,5186120.498035814
4931,5186120.502451744
4932,5186120.507672915
4933,5186120.494949206
4934,5186120.497413444
4935,5186120.499781351
4936,5186120.504845689
4937,5186120.49735862
4938,5186120.498994849
4939,5186120.50386528
4940,5186120.508055426
4941,5186120.489738679
4942,5186120.513990073
4943,5186120.511169244
4944,5186120.507614614
4945,5186120.512729925
4946,5186120.507201442
4947,5186120.511691022
4948,5186120.518422246
4949,5186120.514627241
4950,5186120.485182368
4951,5186120.517489381
4952,5186120.501758394
4953,5186120.515913385
4954,5186120.5046726875
4955,5186120.515978824
4956,5186120.493159979
4957,5186120.506752872
4958,5186120.495094927
4959,5186120.501504744
4960,5186120.505409336
4961,5186120.500313969
4962,5186120.494739278
4963,5186120.505204854
4964,5186120.503772119
4965,5186120.491568506
4966,5186120.495038689
4967,5186120.500841294
4968,5186120.497623509
4969,5186120.502488848
4970,5186120.515033413
4971,5186120.501263222
4972,5186120.489374436
4973,5186120.499343926
4974,5186120.495076094
4975,5186120.501348657
4976,5186120.513566354
4977,5186120.513373607
4978,5186120.498513705
4979,5186120.516250368
4980,5186120.49195885
4981,5186120.5042443415
4982,5186120.523308121
4983,5186120.500625515
4984,5186120.494760549
4985,5186120.4972098395
4986,5186120.497571165
4987,5186120.4928667955
4988,5186120.499349803
4989,5186120.509327566
4990,5186120.493918704
4991,5186120.510400729
4992,5186120.49217698
4993,5186120.502789699
4994,5186120.496793741
4995,5186120.492573614
4996,5186120.515141582
4997,5186120.5186991235
4998,5186120.506842297
4999,5186120.494402448
5000,5186120.499931218
5001,5186120.508653962
5002,5186120.494416266
5003,5186120.510971377
5004,5186120.498585616
5005,5186120.501457954
5006,5186120.515822946
5007,5186120.49526172
5008,5186120.498475675
5009,5186120.495980053
5010,5186120.51979953
5011,5186120.506801079
5012,5186120.509803637
5013,5186120.496582797
5014,5186120.503965818
5015,5186120.505821756
5016,5186120.508206725
5017,5186120.499919103
5018,5186120.504167084
5019,5186120.502120537
5020,5186120.508460726
5021,5186120.508938759
5022,5186120.507509852
5023,5186120.50090141
5024,5186120.507670173
5025,5186120.493044268
5026,5186120.502666128
5027,5186120.493031019
5028,5186120.491371118
5029,5186120.504274054
5030,5186120.491019932
5031,5186120.515459724
5032,5186120.509732307
5033,5186120.513625773
5034,5186120.494686122
5035,5186120.503925179
5036,5186120.4952823715
5037,5186120.498068736
5038,5186120.495606053
5039,5186120.510313869
5040,5186120.495920509
5041,5186120.487214316
5042,5186120.51435404
5043,5186120.51204751
5044,5186120.5047952635
5045,5186120.502544033
5046,5186120.5084638605
5047,5186120.497034731
5048,5186120.494299206
5049,5186120.496243938
5050,5186120.510664147
5051,5186120.496746624
5052,5186120.494019667
5053,5186120.510123967
5054,5186120.495679853
5055,5186120.500388273
5056,5186120.486753887
5057,5186120.493970359
5058,5186120.516076461
5059,5186120.502436459
5060,5186120.501825541
5061,5186120.491116647
5062,5186120.49457197
5063,5186120.491229675
5064,5186120.513399756
5065,5186120.501861194
5066,5186120.509498109
5067,5186120.508115562
5068,5186120.503036195
5069,5186120.499040004
5070,5186120.497125693
5071,5186120.493704831
5072,5186120.503992484
5073,5186120.4928373005
5074,5186120.486814868
5075,5186120.501566659
5076,5186120.4988086885
5077,5186120.504299868
5078,5186120.515617503
5079,5186120.499698416
5080,5186120.499090044
5081,5186120.500159152
5082,5186120.5130721005
5083,5186120.510461324
5084,5186120.50493223
5085,5186120.504010714
5086,5186120.502216956
5087,5186120.500632562
5088,5186120.489192268
5089,5186120.49507267
5090,5186120.474063032
5091,5186120.494442111
5092,5186120.503680138
5093,5186120.503955656
5094,5186120.500169392
5095,5186120.504871501
5096,5186120.493480563
5097,5186120.501270505
5098,5186120.50257944
5099,5186120.515063839
5100,5186120.498201472
5101,5186120.501196257
5102,5186120.509985161
5103,5186120.506329768
5104,5186120.501402522
5105,5186120.501619074
5106,5186120.498151521
5107,5186120.4967670245
5108,5186120.499416137
5109,5186120.500169976
5110,5186120.502988035
5111,5186120.496928472
5112,5186120.510421581
5113,5186120.500557151
5114,5186120.515520384
5115,5186120.502866985
5116,5186120.502866985
5117,3621527.744695396
5118,3621527.7446953957
5119,3621527.7446953957
5120,3621527.7446953957
5121,3621527.7446953948
5122,3621527.744695391
5123,3621527.744695397
5124,3621527.7446953985
5125,3621527.7446953957
5126,3621527.7446953994
5127,3621527.7446953915
5128,3621527.7376600034
5129,3621527.7455815333
5130,3621527.7433621963
5131,3621527.7419173676
5132,3621527.7464045314
5133,3621527.7451036507
5134,3621527.7362848404
5135,3621527.7476654234
5136,3621527.747890551
5137,3621527.7450307864
5138,3621527.747590244
5139,3621527.736650154
5140,3621527.734209859
5141,3621527.745765555
5142,3621527.7450746302
5143,3621527.7461690777
5144,3621527.7396741495
5145,3621527.739856011
5146,3621527.73608657
5147,3621527.746082503
5148,3621527.745158653
5149,3621527.7432040023
5150,3621527.742389499
5151,3621527.743113364
5152,3621527.747186094
5153,3621527.74262819
5154,3621527.7442524624
5155,3621527.75160003
5156,3621527.747780383
5157,3621527.7444177778
5158,3621527.738924064
5159,3621527.748449665
5160,3621527.74599055
5161,3621527.739400907
5162,3621527.751347013
5163,3621527.738588806
5164,3621527.7423710525
5165,3621527.744897825
5166,3621527.7480720817
5167,3621527.749573026
5168,3621527.7458861847
5169,3621527.742711823
5170,3621527.751749199
5171,3621527.7424998023
5172,3621527.742714207
5173,3621527.7401766377
5174,3621527.7441330603
5175,3621527.745502314
5176,3621527.7524656355
5177,3621527.7499708626
5178,3621527.7405696316
5179,3621527.7463514875
5180,3621527.743613525
5181,3621527.7426213296
5182,3621527.742332583
5183,3621527.7400142048
5184,3621527.7470305637
5185,3621527.737548377
5186,3621527.745397286
5187,3621527.750469863
5188,3621527.7432298185
5189,3621527.737337284
5190,3621527.746285273
5191,3621527.742610244
5192,3621527.745718388
5193,3621527.7443697103
5194,3621527.745532658
5195,3621527.7437560163
5196,3621527.7451697933
5197,3621527.7444422883
5198,3621527.741636606
5199,3621527.7454839577
5200,3621527.7367843143
5201,3621527.7422970827
5202,3621527.7502923184
5203,3621527.7408706206
5204,3621527.745384908
5205,3621527.75052388
5206,3621527.7420204473
5207,3621527.7502754238
5208,3621527.746079401
5209,3621527.7426828654
5210,3621527.738596452
5211,3621527.743867683
5212,3621527.7464510812
5213,3621527.748519459
5214,3621527.747321411
5215,3621527.7465526946
5216,3621527.739075882
5217,3621527.7459049155
5218,3621527.746405137
5219,3621527.745313975
5220,3621527.73925655
5221,3621527.7411148497
5222,3621527.7415881925
5223,3621527.7481964114
5224,3621527.7475489317
5225,3621527.7459731326
5226,3621527.7381230127
5227,3621527.7470370973
5228,3621527.745689768
5229,3621527.7458854397
5230,3621527.7417318244
5231,3621527.7487304257
5232,3621527.7392502357
5233,3621527.74941762
5234,3621527.7395693776
5235,3621527.743196022
5236,3621527.7450764147
5237,3621527.7473187638
5238,3621527.736111618
5239,3621527.7473487137
5240,3621527.7426610813
5241,3621527.7342844205
5242,3621527.7447712044
5243,3621527.739896502
5244,3621527.7418257683
5245,3621527.735990222
5246,3621527.7385065467
5247,3621527.744037205
5248,3621527.7369290227
5249,3621527.741408314
5250,3621527.7512385994
5251,3621527.740078982
5252,3621527.747269855
5253,3621527.7414428894
5254,3621527.747307595
5255,3621527.7527456293
5256,3621527.745545759
5257,3621527.745327914
5258,3621527.746666257
5259,3621527.7466501337
5260,3621527.7468440747
5261,3621527.7436580975
5262,3621527.735445057
5263,3621527.7530630543
5264,3621527.7399712014
5265,3621527.7456690166
5266,3621527.742922217
5267,3621527.745818464
5268,3621527.7403236474
5269,3621527.7482235357
5270,3621527.741410386
5271,3621527.7365074875
5272,3621527.7486827523
5273,3621527.7427187706
5274,3621527.7428021706
5275,3621527.7522987514
5276,3621527.7365058167
5277,3621527.741077594
5278,3621527.736398074
5279,3621527.747484598
5280,3621527.7509848867
5281,3621527.7447373206
5282,3621527.7458928414
5283,3621527.7448070673
5284,3621527.7479992905
5285,3621527.74027187
5286,3621527.7460414423
5287,3621527.7395522613
5288,3621527.7465168876
5289,3621527.7419268563
5290,3621527.746943021
5291,3621527.7409655307
5292,3621527.743996546
5293,3621527.744863028
5294,3621527.762237385
5295,3621527.7479829984
5296,3621527.742259705
5297,3621527.7404110027
5298,3621527.739897459
5299,3621527.7499299366
5300,3621527.740009433
5301,3621527.745037797
5302,3621527.743362482
5303,3621527.744419794
5304,3621527.747573102
5305,3621527.742755288
5306,3621527.7480421313
5307,3621527.7489114213
5308,3621527.7373844055
5309,3621527.7408112027
5310,3621527.7346415017
5311,3621527.749232197
5312,3621527.7451541736
5313,3621527.746790515
5314,3621527.746088598
5315,3621527.7410019576
5316,3621527.74733108
5317,3621527.7462458387
5318,3621527.747515309
5319,3621527.744668661
5320,3621527.7524353275
5321,3621527.745644712
5322,3621527.7440411057
5323,3621527.7385109724
5324,3621527.7369854636
5325,3621527.744496306
5326,3621527.7532736054
5327,3621527.7466473402
5328,3621527.7427643696
5329,3621527.7374259755
5330,3621527.7400451456
5331,3621527.7501812587
5332,3621527.7381873312
5333,3621527.7395805544
5334,3621527.7466899874
5335,3621527.7454785444
5336,3621527.739355555
5337,3621527.743291966
5338,3621527.746642404
5339,3621527.7493048757
5340,3621527.748596313
5341,3621527.746009165
5342,3621527.736177635
5343,3621527.73885635
5344,3621527.7461441993
5345,3621527.745542853
5346,3621527.749502465
5347,3621527.743515261
5348,3621527.748463218
5349,3621527.7456502444
5350,3621527.738600096
5351,3621527.7529743505
5352,3621527.7526557273
5353,3621527.7451092117
5354,3621527.748922557
5355,3621527.7386242
5356,3621527.7515775915
5357,3621527.7548047067
5358,3621527.7404749487
5359,3621527.7419703607
5360,3621527.7404565476
5361,3621527.7379093356
5362,3621527.745725006
5363,3621527.7368265856
5364,3621527.7442568424
5365,3621527.7419486376
5366,3621527.7465514713
5367,3621527.7385249753
5368,3621527.753076711
5369,3621527.7452733805
5370,3621527.7319728527
5371,3621527.7389896265
5372,3621527.7360750306
5373,3621527.7378633646
5374,3621527.7526630145
5375,3621527.738001448
5376,3621527.7366696885
5377,3621527.7478499804
5378,3621527.7479403266
5379,3621527.7439726144
5380,3621527.7485915734
5381,3621527.7428457565
5382,3621527.7456839164
5383,3621527.748388162
5384,3621527.742137828
5385,3621527.738648498
5386,3621527.74683863
5387,3621527.7469253656
5388,3621527.741111184
5389,3621527.741177709
5390,3621527.7552028536
5391,3621527.751076151
5392,3621527.7440534737
5393,3621527.740424631
5394,3621527.7474009343
5395,3621527.7495219847
5396,3621527.7500959397
5397,3621527.7498058686
5398,3621527.74557547
5399,3621527.7530565867
5400,3621527.7440701174
5401,3621527.7376643727
5402,3621527.7501874967
5403,3621527.7460153946
5404,3621527.7566122795
5405,3621527.745229382
5406,3621527.7457756107
5407,3621527.7438452826
5408,3621527.7393248524
5409,3621527.7469218825
5410,3621527.742323679
5411,3621527.73865562
5412,3621527.744862692
5413,3621527.74746318
5414,3621527.7387994854
5415,3621527.745160706
5416,3621527.7438351954
5417,3621527.742235463
5418,3621527.7488037497
5419,3621527.7420620196
5420,3621527.7466200977
5421,3621527.737945291
5422,3621527.7458541812
5423,3621527.744816517
5424,3621527.7443148117
5425,3621527.742578383
5426,3621527.7535212426
5427,3621527.7472695694
5428,3621527.74096108
5429,3621527.737605452
5430,3621527.7494538673
5431,3621527.7503281063
5432,3621527.75201169
5433,3621527.740171401
5434,3621527.7464017314
5435,3621527.750855363
5436,3621527.7393024345
5437,3621527.7436146606
5438,3621527.73826776
5439,3621527.741717691
5440,3621527.745334573
5441,3621527.7473741528
5442,3621527.746021651
5443,3621527.7579378877
5444,3621527.7438167403
5445,3621527.7467951537
5446,3621527.750640293
5447,3621527.740748411
5448,3621527.7477593445
5449,3621527.7426337246
5450,3621527.7432693676
5451,3621527.7526143556
5452,3621527.750749545
5453,3621527.7377491524
5454,3621527.7450236916
5455,3621527.7375149364
5456,3621527.7500513494
5457,3621527.7440661094
5458,3621527.7483655396
5459,3621527.750812174
5460,3621527.7479467215
5461,3621527.734549481
5462,3621527.735894854
5463,3621527.7474523326
5464,3621527.7434587143
5465,3621527.7511984874
5466,3621527.7427595635
5467,3621527.747384086
5468,3621527.740037563
5469,3621527.7463635085
5470,3621527.7478514384
5471,3621527.7539597275
5472,3621527.74319148
5473,3621527.740740118
5474,3621527.7474495196
5475,3621527.741383045
5476,3621527.7368732584
5477,3621527.749955851
5478,3621527.739447789
5479,3621527.73587407
5480,3621527.74627905
5481,3621527.751406789
5482,3621527.740585356
5483,3621527.751443136
5484,3621527.7463963763
5485,3621527.7373887766
5486,3621527.7373324744
5487,3621527.7527118768
5488,3621527.7460825085
5489,3621527.7409082176
5490,3621527.7420773455
5491,3621527.751930651
5492,3621527.7396706757
5493,3621527.7515392336
5494,3621527.7476814166
5495,3621527.75323432
5496,3621527.7407032247
5497,3621527.7460674345
5498,3621527.744172212
5499,3621527.7476797476
5500,3621527.741757381
5501,3621527.744198983
5502,3621527.7508123848
5503,3621527.7431803998
5504,3621527.742193223
5505,3621527.7495764783
5506,3621527.744291916
5507,3621527.745045398
5508,3621527.744643675
5509,3621527.7466810755
5510,3621527.75409311
5511,3621527.7375516645
5512,3621527.7442991105
5513,3621527.7397491955
5514,3621527.7429788704
5515,3621527.7455439456
5516,3621527.7594213984
5517,3621527.74762539
5518,3621527.7442079205
5519,3621527.745098683
5520,3621527.7470741333
5521,3621527.7434064006
5522,3621527.7422290295
5523,3621527.750404701
5524,3621527.740633138
5525,3621527.7483343612
5526,3621527.7454937794
5527,3621527.7512662155
5528,3621527.7480358994
5529,3621527.748177851
5530,3621527.752392124
5531,3621527.742485352
5532,3621527.7434312976
5533,3621527.7533814106
5534,3621527.741696831
5535,3621527.7365467483
5536,3621527.7492786744
5537,3621527.7327135615
5538,3621527.7387773828
5539,3621527.7485359916
5540,3621527.7363626077
5541,3621527.75116457
5542,3621527.739810087
5543,3621527.7445328906
5544,3621527.7437564773
5545,3621527.7439130866
5546,3621527.739716679
5547,3621527.738419014
5548,3621527.753499348
5549,3621527.742171478
5550,3621527.748101859
5551,3621527.7447984284
5552,3621527.7473631147
5553,3621527.747904812
5554,3621527.7528090123
5555,3621527.7422363237
5556,3621527.7407444115
5557,3621527.7436989592
5558,3621527.7417648933
5559,3621527.739013211
5560,3621527.746540187
5561,3621527.7304561916
5562,3621527.7369689927
5563,3621527.7425432396
5564,3621527.7386476556
5565,3621527.7338603125
5566,3621527.7396398326
5567,3621527.7514368156
5568,3621527.7536458015
5569,3621527.736493256
5570,3621527.7384956465
5571,3621527.7397887963
5572,3621527.7403538283
5573,3621527.7420275393
5574,3621527.7457813486
5575,3621527.740257519
5576,3621527.7384664197
5577,3621527.7386265066
5578,3621527.744413475
5579,3621527.74401111
5580,3621527.7467227806
5581,3621527.747394543
5582,3621527.7404016335
5583,3621527.7443000046
5584,3621527.74580525
5585,3621527.744590922
5586,3621527.74654393
5587,3621527.7476192066
5588,3621527.74277658
5589,3621527.743322864
5590,3621527.7457331694
5591,3621527.7518703095
5592,3621527.741223289
5593,3621527.748142461
5594,3621527.750058767
5595,3621527.744298852
5596,3621527.7386243236
5597,3621527.7390968157
5598,3621527.7401248626
5599,3621527.7396958773
5600,3621527.74851528
5601,3621527.744026058
5602,3621527.7387279244
5603,3621527.7473716536
5604,3621527.7460734835
5605,3621527.741727913
5606,3621527.741157632
5607,3621527.7383905333
5608,3621527.7418510993
5609,3621527.740258743
5610,3621527.7409101506
5611,3621527.741273382
5612,3621527.7389609474
5613,3621527.750618252
5614,3621527.7490478735
5615,3621527.7472976493
5616,3621527.741938628
5617,3621527.7412143135
5618,3621527.745946745
5619,3621527.7422683174
5620,3621527.745281174
5621,3621527.7548833736
5622,3621527.7474655597
5623,3621527.740790624
5624,3621527.7473056
5625,3621527.7473334055
5626,3621527.737164666
5627,3621527.7351049343
5628,3621527.749241195
5629,3621527.746065561
5630,3621527.748856849
5631,3621527.747871727
5632,3621527.7483131154
5633,3621527.7439190024
5634,3621527.742984025
5635,3621527.7364523294
5636,3621527.741173148
5637,3621527.7475569444
5638,3621527.738847407
5639,3621527.7551533217
5640,3621527.741830774
5641,3621527.7433849135
5642,3621527.742847115
5643,3621527.7418503053
5644,3621527.747933817
5645,3621527.7472052323
5646,3621527.743673223
5647,3621527.7452779147
5648,3621527.748175988
5649,3621527.7537585357
5650,3621527.7421839163
5651,3621527.7476179656
5652,3621527.735887869
5653,3621527.748025761
5654,3621527.7468178095
5655,3621527.7351490543
5656,3621527.7472899132
5657,3621527.7478057463
5658,3621527.739654456
5659,3621527.7385026803
5660,3621527.7505546487
5661,3621527.747777945
5662,3621527.748380677
5663,3621527.7444627574
5664,3621527.7410289813
5665,3621527.73911451
5666,3621527.744663681
5667,3621527.748086925
5668,3621527.7422820535
5669,3621527.7393888454
5670,3621527.745297421
5671,3621527.7500619204
5672,3621527.7378842533
5673,3621527.7491928698
5674,3621527.7495195754
5675,3621527.749439929
5676,3621527.745060082
5677,3621527.7518676394
5678,3621527.7480265265
5679,3621527.74982448
5680,3621527.747747878
5681,3621527.734595084
5682,3621527.754748225
5683,3621527.7460697535
5684,3621527.746977721
5685,3621527.734488761
5686,3621527.753020591
5687,3621527.7376844166
5688,3621527.7429404296
5689,3621527.747274576
5690,3621527.745676164
5691,3621527.743735611
5692,3621527.743469569
5693,3621527.736496744
5694,3621527.7417054824
5695,3621527.7489435645
5696,3621527.7403121204
5697,3621527.738059129
5698,3621527.7442179685
5699,3621527.7430695244
5700,3621527.748601987
5701,3621527.736262639
5702,3621527.7468205346
5703,3621527.7427846193
5704,3621527.7455436476
5705,3621527.7451043087
5706,3621527.7417234057
5707,3621527.753163946
5708,3621527.752049497
5709,3621527.741579957
5710,3621527.74617609
5711,3621527.7382410583
5712,3621527.740206775
5713,3621527.7502685576
5714,3621527.752648672
5715,3621527.736479783
5716,3621527.7340915
5717,3621527.74087854
5718,3621527.746534983
5719,3621527.750535575
5720,3621527.742710742
5721,3621527.743552013
5722,3621527.7429029737
5723,3621527.7412043246
5724,3621527.748566229
5725,3621527.739370735
5726,3621527.7407222628
5727,3621527.753111982
5728,3621527.7496585394
5729,3621527.7435222487
5730,3621527.741021623
5731,3621527.741932333
5732,3621527.7508974434
5733,3621527.7431907416
5734,3621527.7487061154
5735,3621527.743414841
5736,3621527.7432583915
5737,3621527.7514834884
5738,3621527.7421008605
5739,3621527.740960194
5740,3621527.7429998564
5741,3621527.754092628
5742,3621527.751540389
5743,3621527.741109644
5744,3621527.742549041
5745,3621527.7446505856
5746,3621527.7443672195
5747,3621527.744183962
5748,3621527.750484114
5749,3621527.7481894926
5750,3621527.7471596026
5751,3621527.745547018
5752,3621527.747465133
5753,3621527.744559563
5754,3621527.745353282
5755,3621527.744080434
5756,3621527.7401234773
5757,3621527.7464847052
5758,3621527.7372401175
5759,3621527.7368630343
5760,3621527.738830865
5761,3621527.7445236873
5762,3621527.7477023527
5763,3621527.738272145
5764,3621527.7452094303
5765,3621527.7377641853
5766,3621527.747534562
5767,3621527.7432025606
5768,3621527.7482931847
5769,3621527.7416324313
5770,3621527.7480729194
5771,3621527.7412429997
5772,3621527.735723672
5773,3621527.751329709
5774,3621527.7477633236
5775,3621527.746002206
5776,3621527.74451514
5777,3621527.7447001664
5778,3621527.7461873265
5779,3621527.7409499465
5780,3621527.7470683036
5781,3621527.747537202
5782,3621527.7421140303
5783,3621527.7409614553
5784,3621527.750475051
5785,3621527.7417305666
5786,3621527.7424500682
5787,3621527.743938829
5788,3621527.7475686707
5789,3621527.748001256
5790,3621527.7438385542
5791,3621527.746100986
5792,3621527.738207695
5793,3621527.7426658026
5794,3621527.7403182164
5795,3621527.7469866807
5796,3621527.744039735
5797,3621527.7462386074
5798,3621527.743974745
5799,3621527.7440579785
5800,3621527.7474615914
5801,3621527.74191972
5802,3621527.74484558
5803,3621527.743420961
5804,3621527.740607995
5805,3621527.734112425
5806,3621527.740254445
5807,3621527.745587624
5808,3621527.747354813
5809,3621527.739057004
5810,3621527.740245377
5811,3621527.740037527
5812,3621527.7450582967
5813,3621527.7501591826
5814,3621527.749416339
5815,3621527.7409891784
5816,3621527.7451315364
5817,3621527.7440023236
5818,3621527.744947817
5819,3621527.7414667155
5820,3621527.73922683
5821,3621527.7402781043
5822,3621527.7436942235
5823,3621527.7446208694
5824,3621527.7447285424
5825,3621527.7456572056
5826,3621527.745379907
5827,3621527.7358268714
5828,3621527.740477592
5829,3621527.7415324263
5830,3621527.7454923815
5831,3621527.741351964
5832,3621527.7448632466
5833,3621527.75027072
5834,3621527.7472240394
5835,3621527.7373341867
5836,3621527.7391462633
5837,3621527.7369788177
5838,3621527.7437342894
5839,3621527.7406089967
5840,3621527.743360187
5841,3621527.7420962434
5842,3621527.7402786124
5843,3621527.7460414944
5844,3621527.744259351
5845,3621527.7460897006
5846,3621527.7446953957
5847,3621527.7446953957
5848,2650103.022043405
5849,2650103.0220433967
5850,2650103.0220433977
5851,2650103.0220433986
5852,2650103.0220434
5853,2650103.0220434004
5854,2650103.0220433986
5855,2650103.0220434014
5856,2650103.0220434014
5857,2650103.0220433967
5858,2650103.022043404
5859,2650103.02259615
5860,2650103.0213458007
5861,2650103.021719787
5862,2650103.0202845116
5863,2650103.026875545
5864,2650103.0298476173
5865,2650103.0176996863
5866,2650103.023983665
5867,2650103.025575075
5868,2650103.023332691
5869,2650103.02394699
5870,2650103.021289513
5871,2650103.017975545
5872,2650103.021095489
5873,2650103.0231504827
5874,2650103.022468488
5875,2650103.021294452
5876,2650103.019110266
5877,2650103.015124765
5878,2650103.022341931
5879,2650103.027022854
5880,2650103.019637697
5881,2650103.0204789564
5882,2650103.0216483236
5883,2650103.0228535263
5884,2650103.020456445
5885,2650103.022469654
5886,2650103.0249374104
5887,2650103.0221409486
5888,2650103.0211722553
5889,2650103.0189063638
5890,2650103.0230783033
5891,2650103.0207367153
5892,2650103.018054903
5893,2650103.023964564
5894,2650103.020686074
5895,2650103.0232708524
5896,2650103.0225978172
5897,2650103.025256105
5898,2650103.0256854007
5899,2650103.0233774204
5900,2650103.0207915213
5901,2650103.024905708
5902,2650103.0203663534
5903,2650103.021032649
5904,2650103.0205494966
5905,2650103.0212770337
5906,2650103.0219760123
5907,2650103.0249646744
5908,2650103.024655191
5909,2650103.0207683123
5910,2650103.0170885986
5911,2650103.0224351534
5912,2650103.021487256
5913,2650103.0231686225
5914,2650103.0209930358
5915,2650103.023169224
5916,2650103.0178609984
5917,2650103.0193907362
5918,2650103.029840478
5919,2650103.0214825748
5920,2650103.0187867945
5921,2650103.0261078975
5922,2650103.0200062636
5923,2650103.020873035
5924,2650103.0236438415
5925,2650103.0161986593
5926,2650103.0202768208
5927,2650103.0219796095
5928,2650103.0222266843
5929,2650103.0203534123
5930,2650103.020768476
5931,2650103.0197445797
5932,2650103.026105605
5933,2650103.019662031
5934,2650103.023450021
5935,2650103.022034628
5936,2650103.0243569147
5937,2650103.0211577113
5938,2650103.023852197
5939,2650103.0200112956
5940,2650103.02043474
5941,2650103.017237435
5942,2650103.019007517
5943,2650103.0223895274
5944,2650103.0240380913
5945,2650103.0232745013
5946,2650103.0200701966
5947,2650103.02198473
5948,2650103.024132553
5949,2650103.0233366494
5950,2650103.0277773994
5951,2650103.0183363953
5952,2650103.0215205667
5953,2650103.021265759
5954,2650103.0229050154
5955,2650103.0253583617
5956,2650103.022535946
5957,2650103.0183139197
5958,2650103.0227506952
5959,2650103.022546533
5960,2650103.0222932906
5961,2650103.0195309618
5962,2650103.024584532
5963,2650103.0140140443
5964,2650103.0234782374
5965,2650103.023584415
5966,2650103.020375399
5967,2650103.023950668
5968,2650103.022809227
5969,2650103.014459431
5970,2650103.0230277698
5971,2650103.021430866
5972,2650103.0193927013
5973,2650103.025986058
5974,2650103.022473479
5975,2650103.021371188
5976,2650103.0147221414
5977,2650103.019082995
5978,2650103.024622457
5979,2650103.019787424
5980,2650103.017156432
5981,2650103.0253165266
5982,2650103.0200021835
5983,2650103.023804418
5984,2650103.0208262373
5985,2650103.01881808
5986,2650103.022593863
5987,2650103.0249300245
5988,2650103.0231234306
5989,2650103.021635603
5990,2650103.0238241027
5991,2650103.020350679
5992,2650103.0164948576
5993,2650103.0116731455
5994,2650103.0238281223
5995,2650103.0220625866
5996,2650103.0218938785
5997,2650103.019564348
5998,2650103.020506231
5999,2650103.019863246
6000,2650103.0217897063
6001,2650103.0207270402
6002,2650103.020811139
6003,2650103.0201311754
6004,2650103.0231646197
6005,2650103.022690944
6006,2650103.0270627756
6007,2650103.0197813357
6008,2650103.020721587
6009,2650103.0150527763
6010,2650103.024896937
6011,2650103.027795502
6012,2650103.022631351
6013,2650103.02325136
6014,2650103.0227679783
6015,2650103.0224909117
6016,2650103.0237689354
6017,2650103.018086327
6018,2650103.0229765433
6019,2650103.020662417
6020,2650103.0211348557
6021,2650103.0204956923
6022,2650103.0240560016
6023,2650103.0208714134
6024,2650103.0238288813
6025,2650103.0303798476
6026,2650103.0266303592
6027,2650103.0207259436
6028,2650103.0207322035
6029,2650103.0205865395
6030,2650103.0214631883
6031,2650103.0238456805
6032,2650103.0257567666
6033,2650103.021373594
6034,2650103.022280686
6035,2650103.0232010023
6036,2650103.0167860896
6037,2650103.025575032
6038,2650103.0247701365
6039,2650103.0156474635
6040,2650103.020241959
6041,2650103.016020172
6042,2650103.021341125
6043,2650103.021460188
6044,2650103.019777143
6045,2650103.0215703654
6046,2650103.0232082405
6047,2650103.023327943
6048,2650103.017324514
6049,2650103.024988315
6050,2650103.0233305483
6051,2650103.0280684154
6052,2650103.022803272
6053,2650103.018671825
6054,2650103.017995914
6055,2650103.0174554936
6056,2650103.0176656144
6057,2650103.0286681936
6058,2650103.023935731
6059,2650103.0224626674
6060,2650103.022071077
6061,2650103.0235301903
6062,2650103.025711895
6063,2650103.0188062983
6064,2650103.0198536464
6065,2650103.021431308
6066,2650103.0234958357
6067,2650103.017075969
6068,2650103.0220122077
6069,2650103.02241039
6070,2650103.0250179963
6071,2650103.0282025305
6072,2650103.0243157847
6073,2650103.0171866566
6074,2650103.0214847876
6075,2650103.0202272716
6076,2650103.017742243
6077,2650103.0274303844
6078,2650103.021493821
6079,2650103.0235924544
6080,2650103.0225512744
6081,2650103.017345352
6082,2650103.025526427
6083,2650103.0245371396
6084,2650103.022386807
6085,2650103.0232736827
6086,2650103.019764566
6087,2650103.0221277913
6088,2650103.0268667936
6089,2650103.0193749354
6090,2650103.0224948204
6091,2650103.0180225424
6092,2650103.0182380364
6093,2650103.0244023865
6094,2650103.017797275
6095,2650103.023188737
6096,2650103.019344389
6097,2650103.0221728836
6098,2650103.0154742375
6099,2650103.0288013085
6100,2650103.020234102
6101,2650103.016120869
6102,2650103.019744441
6103,2650103.0193074
6104,2650103.022339906
6105,2650103.0247058216
6106,2650103.0207233843
6107,2650103.017367039
6108,2650103.021587846
6109,2650103.0244311425
6110,2650103.022363828
6111,2650103.0279202433
6112,2650103.0248018317
6113,2650103.0241413144
6114,2650103.0252073337
6115,2650103.0187575114
6116,2650103.0217182185
6117,2650103.0227439264
6118,2650103.0229623346
6119,2650103.0213900455
6120,2650103.024438866
6121,2650103.0216941433
6122,2650103.023807511
6123,2650103.019972316
6124,2650103.020962248
6125,2650103.0226450493
6126,2650103.0238741646
6127,2650103.022680635
6128,2650103.0200524298
6129,2650103.023772656
6130,2650103.023168724
6131,2650103.0220691687
6132,2650103.01797894
6133,2650103.027819272
6134,2650103.019601762
6135,2650103.0278239204
6136,2650103.0241120304
6137,2650103.0248804837
6138,2650103.023965288
6139,2650103.020121223
6140,2650103.024588291
6141,2650103.0209681434
6142,2650103.020756421
6143,2650103.0191971273
6144,2650103.025135294
6145,2650103.023013243
6146,2650103.024297939
6147,2650103.0196993942
6148,2650103.023778437
6149,2650103.024913606
6150,2650103.0159462895
6151,2650103.0231342637
6152,2650103.022007285
6153,2650103.018773883
6154,2650103.0233976077
6155,2650103.019379627
6156,2650103.017274315
6157,2650103.0239006174
6158,2650103.023654342
6159,2650103.0209698807
6160,2650103.017620633
6161,2650103.0220644665
6162,2650103.0230025924
6163,2650103.023338508
6164,2650103.0238253865
6165,2650103.0195596283
6166,2650103.025230188
6167,2650103.0255561075
6168,2650103.0241571777
6169,2650103.016891673
6170,2650103.0189107126
6171,2650103.018734624
6172,2650103.0263762968
6173,2650103.023574808
6174,2650103.027583641
6175,2650103.019263454
6176,2650103.022514163
6177,2650103.0238073505
6178,2650103.0185505087
6179,2650103.019251981
6180,2650103.0229913704
6181,2650103.019731449
6182,2650103.022351718
6183,2650103.0213496126
6184,2650103.0175680555
6185,2650103.023341638
6186,2650103.0132021746
6187,2650103.0252799345
6188,2650103.020569135
6189,2650103.025605072
6190,2650103.023582526
6191,2650103.0243350836
6192,2650103.0168480016
6193,2650103.0198109266
6194,2650103.025178682
6195,2650103.0196967875
6196,2650103.026215862
6197,2650103.025845186
6198,2650103.0219241953
6199,2650103.021458757
6200,2650103.0177949304
6201,2650103.0261910334
6202,2650103.0290328916
6203,2650103.019396187
6204,2650103.020046428
6205,2650103.0217412533
6206,2650103.0205591703
6207,2650103.0187682994
6208,2650103.0253546485
6209,2650103.023004598
6210,2650103.0164581775
6211,2650103.0245144228
6212,2650103.022726994
6213,2650103.0224417327
6214,2650103.026923996
6215,2650103.02012084
6216,2650103.0186546957
6217,2650103.0163698387
6218,2650103.027286604
6219,2650103.020975893
6220,2650103.017030742
6221,2650103.0189414513
6222,2650103.024055343
6223,2650103.019240829
6224,2650103.022972832
6225,2650103.0235639284
6226,2650103.025384702
6227,2650103.025116817
6228,2650103.0198711418
6229,2650103.0198889324
6230,2650103.0243965467
6231,2650103.0207737507
6232,2650103.020460261
6233,2650103.022205722
6234,2650103.0235803323
6235,2650103.019167928
6236,2650103.0286982674
6237,2650103.022982324
6238,2650103.0237366757
6239,2650103.0243891366
6240,2650103.0248288694
6241,2650103.029904968
6242,2650103.0219612103
6243,2650103.0198120694
6244,2650103.0192875043
6245,2650103.0218073633
6246,2650103.0206912253
6247,2650103.0293546594
6248,2650103.0219412153
6249,2650103.021380218
6250,2650103.02464351
6251,2650103.0235648556
6252,2650103.0216337964
6253,2650103.020425434
6254,2650103.024985205
6255,2650103.018655535
6256,2650103.025303861
6257,2650103.0230735997
6258,2650103.024978859
6259,2650103.0268983133
6260,2650103.0188214923
6261,2650103.0262541724
6262,2650103.0209580157
6263,2650103.0177921345
6264,2650103.026390287
6265,2650103.018348429
6266,2650103.0228519104
6267,2650103.0254790653
6268,2650103.0125397253
6269,2650103.021264259
6270,2650103.02146354
6271,2650103.0199961313
6272,2650103.0224918225
6273,2650103.017980521
6274,2650103.0187281417
6275,2650103.0202246355
6276,2650103.0206527417
6277,2650103.01995368
6278,2650103.018096766
6279,2650103.02780812
6280,2650103.019173481
6281,2650103.024788439
6282,2650103.026380851
6283,2650103.0258036116
6284,2650103.023478429
6285,2650103.025460212
6286,2650103.019289046
6287,2650103.021350299
6288,2650103.0232012817
6289,2650103.019499248
6290,2650103.0155639825
6291,2650103.0244057383
6292,2650103.016211673
6293,2650103.019283631
6294,2650103.022473237
6295,2650103.017560452
6296,2650103.0136360917
6297,2650103.0223892014
6298,2650103.0277723866
6299,2650103.024295945
6300,2650103.0181431696
6301,2650103.019566885
6302,2650103.020009388
6303,2650103.0168309375
6304,2650103.019318868
6305,2650103.0207433603
6306,2650103.0201139767
6307,2650103.0212518442
6308,2650103.0196595606
6309,2650103.023837357
6310,2650103.022734896
6311,2650103.0234319996
6312,2650103.0248466586
6313,2650103.0202051736
6314,2650103.0255633704
6315,2650103.025235998
6316,2650103.0233138395
6317,2650103.0241455594
6318,2650103.0246715923
6319,2650103.020431669
6320,2650103.0232867305
6321,2650103.020495565
6322,2650103.0269520683
6323,2650103.0200950536
6324,2650103.0249812272
6325,2650103.0247178264
6326,2650103.023256655
6327,2650103.0206871997
6328,2650103.018995802
6329,2650103.0187524618
6330,2650103.0198776587
6331,2650103.028463396
6332,2650103.024447651
6333,2650103.0163348396
6334,2650103.0244805645
6335,2650103.020648516
6336,2650103.0211108713
6337,2650103.017184623
6338,2650103.0206797635
6339,2650103.018126172
6340,2650103.0194593463
6341,2650103.0183421536
6342,2650103.021318776
6343,2650103.0223251665
6344,2650103.024868535
6345,2650103.0268092733
6346,2650103.0254865107
6347,2650103.02081549
6348,2650103.0191269615
6349,2650103.02058507
6350,2650103.0226775645
6351,2650103.0203519864
6352,2650103.0283597917
6353,2650103.024928148
6354,2650103.017778577
6355,2650103.02206204
6356,2650103.0244987938
6357,2650103.0207563452
6358,2650103.0189382182
6359,2650103.025022294
6360,2650103.0255958596
6361,2650103.0270815846
6362,2650103.024975909
6363,2650103.024902657
6364,2650103.0220431658
6365,2650103.02128165
6366,2650103.017284625
6367,2650103.0218677614
6368,2650103.0279550445
6369,2650103.0162924677
6370,2650103.025552363
6371,2650103.018902668
6372,2650103.0253765667
6373,2650103.0211735303
6374,2650103.024145066
6375,2650103.021934215
6376,2650103.0215094653
6377,2650103.019958307
6378,2650103.0225139153
6379,2650103.0240912926
6380,2650103.02606795
6381,2650103.019245778
6382,2650103.022890107
6383,2650103.016510398
6384,2650103.020497205
6385,2650103.0220517386
6386,2650103.01687966
6387,2650103.0246707685
6388,2650103.0228807456
6389,2650103.018935008
6390,2650103.018498211
6391,2650103.0238170447
6392,2650103.0242870864
6393,2650103.0253309254
6394,2650103.0209420035
6395,2650103.0231395382
6396,2650103.0198425916
6397,2650103.0238841204
6398,2650103.023067278
6399,2650103.02133807
6400,2650103.018362109
6401,2650103.020793016
6402,2650103.029468187
6403,2650103.015313716
6404,2650103.0295732403
6405,2650103.020414046
6406,2650103.025421422
6407,2650103.023476409
6408,2650103.0266088597
6409,2650103.0241328105
6410,2650103.023850554
6411,2650103.0234155064
6412,2650103.018750039
6413,2650103.025343392
6414,2650103.0200337023
6415,2650103.0234315656
6416,2650103.011588891
6417,2650103.0263574366
6418,2650103.017108491
6419,2650103.02168614
6420,2650103.0227576396
6421,2650103.0220297044
6422,2650103.0197076416
6423,2650103.0223236326
6424,2650103.0183882057
6425,2650103.01888395
6426,2650103.0251775975
6427,2650103.021523541
6428,2650103.0157640907
6429,2650103.0207510483
6430,2650103.0223917044
6431,2650103.020529153
6432,2650103.0145982206
6433,2650103.0217250832
6434,2650103.019477173
6435,2650103.0192610594
6436,2650103.023737816
6437,2650103.0192639693
6438,2650103.03148938
6439,2650103.0249950686
6440,2650103.0228352044
6441,2650103.020318008
6442,2650103.0201041726
6443,2650103.0193343847
6444,2650103.021967048
6445,2650103.0283979014
6446,2650103.019720734
6447,2650103.01721386
6448,2650103.0213316316
6449,2650103.0236693625
6450,2650103.026051749
6451,2650103.0188672952
6452,2650103.021001902
6453,2650103.021571299
6454,2650103.021518664
6455,2650103.0255234456
6456,2650103.017505677
6457,2650103.0211183797
6458,2650103.0282769096
6459,2650103.022708499
6460,2650103.0194050544
6461,2650103.019971686
6462,2650103.021069759
6463,2650103.027782375
6464,2650103.019808405
6465,2650103.0257144785
6466,2650103.019314307
6467,2650103.0201156246
6468,2650103.0260349023
6469,2650103.022831399
6470,2650103.019726923
6471,2650103.022596087
6472,2650103.0254577673
6473,2650103.0247568134
6474,2650103.017742962
6475,2650103.0222598
6476,2650103.020968028
6477,2650103.0232563997
6478,2650103.022220174
6479,2650103.026178452
6480,2650103.0239899126
6481,2650103.0221478515
6482,2650103.02357053
6483,2650103.0209329864
6484,2650103.022908445
6485,2650103.023650839
6486,2650103.0209149253
6487,2650103.02092013
6488,2650103.0230481382
6489,2650103.0153145837
6490,2650103.016167111
6491,2650103.016681043
6492,2650103.022209333
6493,2650103.0203323234
6494,2650103.019934847
6495,2650103.0230065426
6496,2650103.020101892
6497,2650103.0244194074
6498,2650103.020669931
6499,2650103.024527501
6500,2650103.0223104963
6501,2650103.0235927515
6502,2650103.0209003706
6503,2650103.0179326106
6504,2650103.0275587463
6505,2650103.0247864393
6506,2650103.022480597
6507,2650103.018269253
6508,2650103.0202580485
6509,2650103.0185878156
6510,2650103.019072562
6511,2650103.0240850653
6512,2650103.024872575
6513,2650103.0202114433
6514,2650103.01938
6515,2650103.0243085898
6516,2650103.021536738
6517,2650103.021540925
6518,2650103.023390535
6519,2650103.0236149253
6520,2650103.020677247
6521,2650103.0208147205
6522,2650103.0248052874
6523,2650103.017204661
6524,2650103.0200720862
6525,2650103.020048777
6526,2650103.0196128488
6527,2650103.0209976756
6528,2650103.0208476977
6529,2650103.0247210315
6530,2650103.0193222123
6531,2650103.025137788
6532,2650103.0199156506
6533,2650103.022419622
6534,2650103.01910286
6535,2650103.022906932
6536,2650103.0175750004
6537,2650103.0198091445
6538,2650103.022246516
6539,2650103.026996399
6540,2650103.0155648543
6541,2650103.0193206635
6542,2650103.0201504133
6543,2650103.0206576837
6544,2650103.0274557355
6545,2650103.0223324383
6546,2650103.019815065
6547,2650103.0214195224
6548,2650103.02260535
6549,2650103.0216288096
6550,2650103.0213180985
6551,2650103.0171284764
6552,2650103.0210380605
6553,2650103.019639462
6554,2650103.0202275137
6555,2650103.0208700597
6556,2650103.0248465803
6557,2650103.021499589
6558,2650103.01759928
6559,2650103.0182637707
6560,2650103.0191584798
6561,2650103.0213738773
6562,2650103.021322282
6563,2650103.023029584
6564,2650103.023398447
6565,2650103.0219289227
6566,2650103.017495696
6567,2650103.0163404704
6568,2650103.0158800427
6569,2650103.0240875073
6570,2650103.021057885
6571,2650103.0213315533
6572,2650103.0202775425
6573,2650103.0197441233
6574,2650103.023205057
6575,2650103.022558522
6576,2650103.0226684385
6577,2650103.022043406
6578,2650103.022043405
6579,1736085.0736240812
6580,1736085.0736240812
6581,1736085.0736240812
6582,1736085.0736240847
6583,1736085.0736240807
6584,1736085.0736240847
6585,1736085.0736240842
6586,1736085.0736240842
6587,1736085.0736240838
6588,1736085.0736240814
6589,1736085.0736240805
6590,1736085.0742035997
6591,1736085.0733586648
6592,1736085.074698884
6593,1736085.0748822999
6594,1736085.072019689
6595,1736085.0759010273
6596,1736085.0743271364
6597,1736085.0741868853
6598,1736085.0744746327
6599,1736085.0715549956
6600,1736085.0747054764
6601,1736085.071760136
6602,1736085.0720339124
6603,1736085.07078658
6604,1736085.0683053373
6605,1736085.0738548865
6606,1736085.073173025
6607,1736085.0729300743
6608,1736085.0694036821
6609,1736085.0746122755
6610,1736085.0737109173
6611,1736085.0693820275
6612,1736085.0731477065
6613,1736085.0743398748
6614,1736085.0713157158
6615,1736085.0747752448
6616,1736085.0729501783
6617,1736085.0721145994
6618,1736085.0721470236
6619,1736085.07151831
6620,1736085.072421015
6621,1736085.0746135637
6622,1736085.0721328582
6623,1736085.0696450847
6624,1736085.0721248533
6625,1736085.0727068298
6626,1736085.0746845934
6627,1736085.0742287773
6628,1736085.073868079
6629,1736085.0748969158
6630,1736085.0706163254
6631,1736085.0728222798
6632,1736085.0745171015
6633,1736085.0785112062
6634,1736085.0765400415
6635,1736085.0737681645
6636,1736085.0737641237
6637,1736085.0711179792
6638,1736085.0748303335
6639,1736085.074151141
6640,1736085.0752755424
6641,1736085.0711500174
6642,1736085.0735925224
6643,1736085.0733935104
6644,1736085.0709213708
6645,1736085.0721177924
6646,1736085.0734929824
6647,1736085.0748538123
6648,1736085.071950329
6649,1736085.072446387
6650,1736085.0738972023
6651,1736085.0724913655
6652,1736085.0772701679
6653,1736085.0767132347
6654,1736085.0718710923
6655,1736085.0736885327
6656,1736085.070555345
6657,1736085.0737499532
6658,1736085.075316122
6659,1736085.0743518074
6660,1736085.0720678824
6661,1736085.0712864855
6662,1736085.0735346673
6663,1736085.074693741
6664,1736085.0707882715
6665,1736085.0748750682
6666,1736085.074906453
6667,1736085.0766149329
6668,1736085.0747005087
6669,1736085.0722525537
6670,1736085.0699794732
6671,1736085.0729186796
6672,1736085.071622742
6673,1736085.0718503278
6674,1736085.0702089046
6675,1736085.0728668303
6676,1736085.0723064828
6677,1736085.073966879
6678,1736085.0739394927
6679,1736085.0746554008
6680,1736085.0741179315
6681,1736085.08064259
6682,1736085.0768398964
6683,1736085.071529549
6684,1736085.0739862914
6685,1736085.0704720363
6686,1736085.0724896882
6687,1736085.0734656064
6688,1736085.0700726726
6689,1736085.0762289225
6690,1736085.0736624552
6691,1736085.0760651426
6692,1736085.077183707
6693,1736085.0764032553
6694,1736085.0729090336
6695,1736085.072452567
6696,1736085.071317197
6697,1736085.0730300357
6698,1736085.0723797192
6699,1736085.0722313884
6700,1736085.0771520394
6701,1736085.0740742444
6702,1736085.0741651554
6703,1736085.0739491016
6704,1736085.0744037838
6705,1736085.0709686067
6706,1736085.07340364
6707,1736085.074190578
6708,1736085.0710072445
6709,1736085.072711037
6710,1736085.0695052366
6711,1736085.0737856054
6712,1736085.073808413
6713,1736085.0750715192
6714,1736085.0748751163
6715,1736085.0785117343
6716,1736085.0708930537
6717,1736085.0732451729
6718,1736085.0754277867
6719,1736085.0736432867
6720,1736085.0737671945
6721,1736085.0764453667
6722,1736085.074849274
6723,1736085.0728984145
6724,1736085.072717604
6725,1736085.074026808
6726,1736085.0746185333
6727,1736085.074754332
6728,1736085.0712535272
6729,1736085.0743031774
6730,1736085.0729901642
6731,1736085.0737179192
6732,1736085.0753599573
6733,1736085.072076711
6734,1736085.0731050977
6735,1736085.0721337178
6736,1736085.074659149
6737,1736085.0717616016
6738,1736085.0699688394
6739,1736085.0724451134
6740,1736085.077015943
6741,1736085.0741938085
6742,1736085.0735923448
6743,1736085.0742247456
6744,1736085.0718126572
6745,1736085.0716955785
6746,1736085.073153833
6747,1736085.0749996386
6748,1736085.0716069322
6749,1736085.0718711126
6750,1736085.0726228934
6751,1736085.0723350444
6752,1736085.0726560333
6753,1736085.0722381
6754,1736085.0726387156
6755,1736085.076040792
6756,1736085.0766470947
6757,1736085.077252102
6758,1736085.077340325
6759,1736085.0783378948
6760,1736085.0741347244
6761,1736085.071573339
6762,1736085.0801787823
6763,1736085.0738090423
6764,1736085.0732143521
6765,1736085.0761113553
6766,1736085.0745538957
6767,1736085.0747749542
6768,1736085.0776189207
6769,1736085.0751900119
6770,1736085.0704531262
6771,1736085.0713025483
6772,1736085.0702989646
6773,1736085.0695622277
6774,1736085.0722939493
6775,1736085.0744835816
6776,1736085.071672151
6777,1736085.073659733
6778,1736085.0741622106
6779,1736085.0737512778
6780,1736085.073954233
6781,1736085.073475906
6782,1736085.0723187441
6783,1736085.076526218
6784,1736085.0719196063
6785,1736085.073557132
6786,1736085.073641591
6787,1736085.0711355072
6788,1736085.0724460373
6789,1736085.0749284998
6790,1736085.0743904233
6791,1736085.076995725
6792,1736085.0774720062
6793,1736085.07346403
6794,1736085.0712413238
6795,1736085.0743442408
6796,1736085.0721314845
6797,1736085.0739890318
6798,1736085.0728423956
6799,1736085.0726280056
6800,1736085.0718390255
6801,1736085.0717807699
6802,1736085.078664388
6803,1736085.0745465728
6804,1736085.0744217588
6805,1736085.078601275
6806,1736085.0687465442
6807,1736085.0720974328
6808,1736085.0761605464
6809,1736085.0742416997
6810,1736085.0775389578
6811,1736085.0743642114
6812,1736085.07177661
6813,1736085.0747472462
6814,1736085.0777093593
6815,1736085.070580363
6816,1736085.071548998
6817,1736085.0711562494
6818,1736085.0747319479
6819,1736085.0756453264
6820,1736085.0701948206
6821,1736085.0770627714
6822,1736085.0713223882
6823,1736085.0718231997
6824,1736085.0755863553
6825,1736085.0724224483
6826,1736085.0753240043
6827,1736085.074954848
6828,1736085.0736802272
6829,1736085.0697627452
6830,1736085.0757943152
6831,1736085.069856738
6832,1736085.076409733
6833,1736085.0731772739
6834,1736085.072657165
6835,1736085.0713166003
6836,1736085.0716637613
6837,1736085.0782568124
6838,1736085.072854379
6839,1736085.0729463226
6840,1736085.0747044333
6841,1736085.073823475
6842,1736085.0787125768
6843,1736085.074068338
6844,1736085.0745566974
6845,1736085.076105089
6846,1736085.0729630783
6847,1736085.0723763783
6848,1736085.0759519425
6849,1736085.0756253675
6850,1736085.0710707742
6851,1736085.0741714686
6852,1736085.0719369617
6853,1736085.074639698
6854,1736085.0737662478
6855,1736085.0713286158
6856,1736085.0737606068
6857,1736085.0755027246
6858,1736085.0725531217
6859,1736085.0694284237
6860,1736085.07696502
6861,1736085.0701450377
6862,1736085.0696991174
6863,1736085.0738902313
6864,1736085.0747496793
6865,1736085.0707482286
6866,1736085.0728673849
6867,1736085.0744423217
6868,1736085.0720074365
6869,1736085.0752415915
6870,1736085.0736587811
6871,1736085.0720229538
6872,1736085.0724915587
6873,1736085.0744691023
6874,1736085.0706732327
6875,1736085.0730607458
6876,1736085.074605659
6877,1736085.0737365233
6878,1736085.0710902675
6879,1736085.0771083015
6880,1736085.075200518
6881,1736085.0721643483
6882,1736085.0754861112
6883,1736085.0739253727
6884,1736085.0714982648
6885,1736085.074019828
6886,1736085.075686247
6887,1736085.0727196997
6888,1736085.076570605
6889,1736085.0739692077
6890,1736085.0724885124
6891,1736085.0750485659
6892,1736085.0742435069
6893,1736085.0777451245
6894,1736085.070623552
6895,1736085.0759982667
6896,1736085.0694340288
6897,1736085.0724541678
6898,1736085.0738012407
6899,1736085.0746783102
6900,1736085.0731626616
6901,1736085.0740848167
6902,1736085.0685129648
6903,1736085.07310945
6904,1736085.073093142
6905,1736085.076124244
6906,1736085.0743983423
6907,1736085.0743315658
6908,1736085.0762487762
6909,1736085.0717572619
6910,1736085.074947386
6911,1736085.0760586767
6912,1736085.074956019
6913,1736085.0725455391
6914,1736085.0740563567
6915,1736085.0675289943
6916,1736085.0719515174
6917,1736085.0690780368
6918,1736085.0725323795
6919,1736085.07519621
6920,1736085.0730183818
6921,1736085.0748116279
6922,1736085.073621949
6923,1736085.070052631
6924,1736085.0726019414
6925,1736085.076312951
6926,1736085.0732586428
6927,1736085.0739942957
6928,1736085.0748353002
6929,1736085.0740411037
6930,1736085.070672255
6931,1736085.076179146
6932,1736085.074704248
6933,1736085.0749960484
6934,1736085.0736858945
6935,1736085.0721708003
6936,1736085.0741203893
6937,1736085.074034987
6938,1736085.0759377223
6939,1736085.0768308577
6940,1736085.0733315363
6941,1736085.0741130759
6942,1736085.076529603
6943,1736085.0728558414
6944,1736085.073302324
6945,1736085.078235122
6946,1736085.0766959374
6947,1736085.0733579253
6948,1736085.0712081653
6949,1736085.075065664
6950,1736085.0735683106
6951,1736085.0687076163
6952,1736085.0696350308
6953,1736085.0744941707
6954,1736085.074542145
6955,1736085.0717574267
6956,1736085.0745439976
6957,1736085.0748109713
6958,1736085.0722462558
6959,1736085.073484898
6960,1736085.073743952
6961,1736085.0737132991
6962,1736085.0700255178
6963,1736085.072283186
6964,1736085.0710042098
6965,1736085.073840742
6966,1736085.0737108474
6967,1736085.0790714726
6968,1736085.0743238367
6969,1736085.0751182765
6970,1736085.0744058297
6971,1736085.073954049
6972,1736085.0822171778
6973,1736085.074889178
6974,1736085.0724043383
6975,1736085.0695203396
6976,1736085.0717983365
6977,1736085.073790326
6978,1736085.0774035167
6979,1736085.0784530737
6980,1736085.0734098637
6981,1736085.0759587528
6982,1736085.0753547146
6983,1736085.0725774744
6984,1736085.0690204743
6985,1736085.0723226308
6986,1736085.0769422809
6987,1736085.0711616578
6988,1736085.0734694076
6989,1736085.0725715854
6990,1736085.0753295296
6991,1736085.0775564087
6992,1736085.0738689909
6993,1736085.075641055
6994,1736085.068976261
6995,1736085.075927702
6996,1736085.0737436719
6997,1736085.0770116092
6998,1736085.0745448382
6999,1736085.0701450396
7000,1736085.0739292754
7001,1736085.0727916702
7002,1736085.0734887815
7003,1736085.0716561768
7004,1736085.0700731082
7005,1736085.0723826275
7006,1736085.0746046978
7007,1736085.072391051
7008,1736085.0733999026
7009,1736085.0740601064
7010,1736085.0772056268
7011,1736085.0695897548
7012,1736085.0772931702
7013,1736085.0770485739
7014,1736085.0742167297
7015,1736085.0772823985
7016,1736085.075147182
7017,1736085.0753387776
7018,1736085.0740868202
7019,1736085.0749325827
7020,1736085.0743067595
7021,1736085.071968677
7022,1736085.0727551123
7023,1736085.072558639
7024,1736085.0708724565
7025,1736085.0740413263
7026,1736085.0713816197
7027,1736085.070764585
7028,1736085.0762524882
7029,1736085.0756394656
7030,1736085.072614027
7031,1736085.075310183
7032,1736085.0718945488
7033,1736085.0719706623
7034,1736085.0694022211
7035,1736085.0735247368
7036,1736085.0737430807
7037,1736085.0734520047
7038,1736085.0712119122
7039,1736085.072525121
7040,1736085.0761909739
7041,1736085.0747959286
7042,1736085.076541041
7043,1736085.0742319326
7044,1736085.0738715762
7045,1736085.0754737086
7046,1736085.0725541222
7047,1736085.076181602
7048,1736085.071318266
7049,1736085.0767430812
7050,1736085.072194452
7051,1736085.0736634822
7052,1736085.0752270878
7053,1736085.0761229023
7054,1736085.0717274507
7055,1736085.075825869
7056,1736085.0750843612
7057,1736085.0733397787
7058,1736085.0735420599
7059,1736085.0743992121
7060,1736085.0752017966
7061,1736085.0741029582
7062,1736085.0763090088
7063,1736085.0738677885
7064,1736085.0664457327
7065,1736085.0737328092
7066,1736085.074347826
7067,1736085.0728116815
7068,1736085.0707885218
7069,1736085.0721898216
7070,1736085.0745272497
7071,1736085.0714399358
7072,1736085.0700267253
7073,1736085.074806231
7074,1736085.073190991
7075,1736085.074290764
7076,1736085.0758769314
7077,1736085.0767611186
7078,1736085.0731352512
7079,1736085.0703090788
7080,1736085.0739325217
7081,1736085.0715351792
7082,1736085.071565136
7083,1736085.0767811593
7084,1736085.0756723138
7085,1736085.0750369155
7086,1736085.0744176253
7087,1736085.0719965359
7088,1736085.0757693495
7089,1736085.0723582283
7090,1736085.0721890908
7091,1736085.079210073
7092,1736085.077680938
7093,1736085.0773253401
7094,1736085.0759287078
7095,1736085.0720527524
7096,1736085.072869306
7097,1736085.0692737396
7098,1736085.0715630192
7099,1736085.0740279523
7100,1736085.0694742391
7101,1736085.0754453358
7102,1736085.0733361475
7103,1736085.074457662
7104,1736085.0714878887
7105,1736085.0717225282
7106,1736085.0705015906
7107,1736085.0747946836
7108,1736085.0743216015
7109,1736085.0721718238
7110,1736085.0738526175
7111,1736085.075796756
7112,1736085.0725701633
7113,1736085.0717424608
7114,1736085.0700009535
7115,1736085.0701601612
7116,1736085.071525246
7117,1736085.0726773965
7118,1736085.073087392
7119,1736085.073557002
7120,1736085.069959764
7121,1736085.071850785
7122,1736085.071759183
7123,1736085.0740711584
7124,1736085.0765793433
7125,1736085.070661061
7126,1736085.0752485327
7127,1736085.0731515908
7128,1736085.0747515096
7129,1736085.0753041338
7130,1736085.0744679854
7131,1736085.073047993
7132,1736085.0694007413
7133,1736085.07834057
7134,1736085.0726534263
7135,1736085.0765987632
7136,1736085.073979898
7137,1736085.075621891
7138,1736085.0765795072
7139,1736085.0728486727
7140,1736085.0764710454
7141,1736085.0744968078
7142,1736085.0732083374
7143,1736085.0729876482
7144,1736085.0724503463
7145,1736085.0707903625
7146,1736085.0713254858
7147,1736085.069081214
7148,1736085.0728819293
7149,1736085.0708150165
7150,1736085.075247665
7151,1736085.0709275394
7152,1736085.0734505143
7153,1736085.0696361626
7154,1736085.074911995
7155,1736085.0679306982
7156,1736085.073874381
7157,1736085.0749799735
7158,1736085.0778189267
7159,1736085.0701710165
7160,1736085.0737641468
7161,1736085.073278003
7162,1736085.0753643236
7163,1736085.0686220697
7164,1736085.075604886
7165,1736085.0739952321
7166,1736085.0753544183
7167,1736085.0754163177
7168,1736085.071431337
7169,1736085.0779307333
7170,1736085.0752386886
7171,1736085.0743392382
7172,1736085.069706136
7173,1736085.071888493
7174,1736085.0720628093
7175,1736085.0709342833
7176,1736085.079907619
7177,1736085.0714752672
7178,1736085.070868164
7179,1736085.073200319
7180,1736085.0750111334
7181,1736085.073133655
7182,1736085.0728182278
7183,1736085.0722630834
7184,1736085.0735791987
7185,1736085.0744880938
7186,1736085.0733251844
7187,1736085.0707081414
7188,1736085.077574784
7189,1736085.076127779
7190,1736085.072190864
7191,1736085.0721440443
7192,1736085.0733140283
7193,1736085.0725520735
7194,1736085.0755052248
7195,1736085.072457347
7196,1736085.0756333752
7197,1736085.0748621125
7198,1736085.072495901
7199,1736085.0733464942
7200,1736085.0743945376
7201,1736085.0724836004
7202,1736085.0748767185
7203,1736085.0743578293
7204,1736085.074113623
7205,1736085.0682258904
7206,1736085.0746981793
7207,1736085.0719268504
7208,1736085.0743136485
7209,1736085.0731577673
7210,1736085.0780395824
7211,1736085.0779370905
7212,1736085.0726282576
7213,1736085.0744433005
7214,1736085.0730609838
7215,1736085.0752258687
7216,1736085.0733547201
7217,1736085.0727365296
7218,1736085.076258535
7219,1736085.0722950597
7220,1736085.072053347
7221,1736085.0691149654
7222,1736085.0715869856
7223,1736085.0748522154
7224,1736085.0711575665
7225,1736085.0724420398
7226,1736085.0725018752
7227,1736085.0762995046
7228,1736085.0738743506
7229,1736085.0731600942
7230,1736085.0744379188
7231,1736085.075694973
7232,1736085.0733139769
7233,1736085.0758106918
7234,1736085.0715056392
7235,1736085.0729780055
7236,1736085.0728820565
7237,1736085.0732786274
7238,1736085.0719320553
7239,1736085.074618272
7240,1736085.0720831724
7241,1736085.0760170354
7242,1736085.0769381132
7243,1736085.0747390355
7244,1736085.0709277063
7245,1736085.0743382168
7246,1736085.0735693276
7247,1736085.0746791908
7248,1736085.073791302
7249,1736085.0739597555
7250,1736085.0756810184
7251,1736085.0705789109
7252,1736085.0728205543
7253,1736085.0758995998
7254,1736085.0732023735
7255,1736085.0740256212
7256,1736085.0726014795
7257,1736085.0735524814
7258,1736085.07164571
7259,1736085.0732214898
7260,1736085.0735536583
7261,1736085.0736798213
7262,1736085.078314379
7263,1736085.0701912167
7264,1736085.0754152148
7265,1736085.0723226722
7266,1736085.074009428
7267,1736085.0689524307
7268,1736085.0720869456
7269,1736085.0745404973
7270,1736085.0770300252
7271,1736085.0702180879
7272,1736085.0711601912
7273,1736085.0711254992
7274,1736085.0731671022
7275,1736085.0741204584
7276,1736085.0711577202
7277,1736085.07106785
7278,1736085.0738579128
7279,1736085.0731345692
7280,1736085.0720605187
7281,1736085.0742937296
7282,1736085.0718986818
7283,1736085.0758073488
7284,1736085.0716275473
7285,1736085.0723875402
7286,1736085.0731177803
7287,1736085.0752210803
7288,1736085.0721333043
7289,1736085.0718080257
7290,1736085.0708142675
7291,1736085.0704106702
7292,1736085.0726728442
7293,1736085.0720617594
7294,1736085.0734235023
7295,1736085.0733233942
7296,1736085.0738533614
7297,1736085.076650655
7298,1736085.0716545142
7299,1736085.069024375
7300,1736085.0773646347
7301,1736085.0723683997
7302,1736085.0740777266
7303,1736085.073685467
7304,1736085.0713433546
7305,1736085.0730476868
7306,1736085.0737897605
7307,1736085.0747187515
7308,1736085.0736240824
7309,1736085.073624082
7310,1305087.5440885068
7311,1305087.544088508
7312,1305087.5440885061
7313,1305087.544088507
7314,1305087.5440885087
7315,1305087.5440885061
7316,1305087.5440885075
7317,1305087.5440885073
7318,1305087.544088509
7319,1305087.5440885061
7320,1305087.5440885066
7321,1305087.5461433989
7322,1305087.5457967834
7323,1305087.5416065755
7324,1305087.5457193987
7325,1305087.545025457
7326,1305087.5452028732
7327,1305087.5460097208
7328,1305087.5444817152
7329,1305087.5446153162
7330,1305087.5450758478
7331,1305087.5419175294
7332,1305087.5492115098
7333,1305087.5454509791
7334,1305087.5483429423
7335,1305087.542787918
7336,1305087.5441901386
7337,1305087.543067759
7338,1305087.5468135083
7339,1305087.5465333983
7340,1305087.5407004023
7341,1305087.5459120262
7342,1305087.5443176606
7343,1305087.544135858
7344,1305087.5442105618
7345,1305087.545514301
7346,1305087.5430421892
7347,1305087.5448204482
7348,1305087.5449892767
7349,1305087.5447980738
7350,1305087.5430973659
7351,1305087.543070882
7352,1305087.5451141382
7353,1305087.5448100064
7354,1305087.5466767931
7355,1305087.5431595086
7356,1305087.5468081282
7357,1305087.5466629826
7358,1305087.5437831844
7359,1305087.5445956807
7360,1305087.5442249994
7361,1305087.5447247454
7362,1305087.5444123826
7363,1305087.5435448464
7364,1305087.5400373575
7365,1305087.5397511357
7366,1305087.543559026
7367,1305087.5470703568
7368,1305087.540860568
7369,1305087.5440116725
7370,1305087.5460848075
7371,1305087.5430410162
7372,1305087.5432381744
7373,1305087.544539275
7374,1305087.5451660482
7375,1305087.5445173655
7376,1305087.5451546689
7377,1305087.547320716
7378,1305087.5431823793
7379,1305087.5445108288
7380,1305087.5421548542
7381,1305087.5434342055
7382,1305087.5433659328
7383,1305087.5447758073
7384,1305087.5427001456
7385,1305087.5421244807
7386,1305087.549030486
7387,1305087.5395317941
7388,1305087.5478416253
7389,1305087.5424933683
7390,1305087.54157705
7391,1305087.5476502788
7392,1305087.5438076195
7393,1305087.5444421824
7394,1305087.5492483547
7395,1305087.5435510906
7396,1305087.5468660053
7397,1305087.542764935
7398,1305087.542968287
7399,1305087.5422635418
7400,1305087.5433094886
7401,1305087.543033267
7402,1305087.5430139662
7403,1305087.5483048507
7404,1305087.5440513673
7405,1305087.5459360399
7406,1305087.5431747364
7407,1305087.546579713
7408,1305087.541979811
7409,1305087.544973149
7410,1305087.5419562578
7411,1305087.5440118262
7412,1305087.542370565
7413,1305087.5426698683
7414,1305087.5397208848
7415,1305087.5445898229
7416,1305087.5461496897
7417,1305087.5431964893
7418,1305087.5437639074
7419,1305087.5438958849
7420,1305087.5407793142
7421,1305087.5466244258
7422,1305087.5460945526
7423,1305087.5398613845
7424,1305087.5370446316
7425,1305087.5394947284
7426,1305087.5404074304
7427,1305087.5456489346
7428,1305087.5461282947
7429,1305087.5442096456
7430,1305087.5458211561
7431,1305087.5412760747
7432,1305087.546637952
7433,1305087.5441231378
7434,1305087.5448526193
7435,1305087.5456090237
7436,1305087.548003888
7437,1305087.5418826945
7438,1305087.5401825055
7439,1305087.5452006604
7440,1305087.542973195
7441,1305087.5446497626
7442,1305087.5416285172
7443,1305087.5418009134
7444,1305087.5449165169
7445,1305087.54583039
7446,1305087.5422251015
7447,1305087.5414364259
7448,1305087.5431099618
7449,1305087.5449732416
7450,1305087.5428476506
7451,1305087.5427311906
7452,1305087.545198667
7453,1305087.5416504217
7454,1305087.5441535723
7455,1305087.5380960891
7456,1305087.541929128
7457,1305087.5416152102
7458,1305087.5416152824
7459,1305087.5458844558
7460,1305087.5419083808
7461,1305087.5444256912
7462,1305087.544569115
7463,1305087.5436060885
7464,1305087.545179329
7465,1305087.5440228193
7466,1305087.544100888
7467,1305087.54605093
7468,1305087.5383900069
7469,1305087.5482468777
7470,1305087.5445153508
7471,1305087.5417216218
7472,1305087.5408067594
7473,1305087.54281839
7474,1305087.5439880812
7475,1305087.5412896962
7476,1305087.5453765562
7477,1305087.5475943887
7478,1305087.5453741918
7479,1305087.545394958
7480,1305087.5475834315
7481,1305087.5425335164
7482,1305087.5450816322
7483,1305087.5420924008
7484,1305087.542841847
7485,1305087.5487486701
7486,1305087.5413550318
7487,1305087.5439929466
7488,1305087.5465600505
7489,1305087.5414083179
7490,1305087.5405396738
7491,1305087.5448568068
7492,1305087.5397037126
7493,1305087.541244645
7494,1305087.5446160722
7495,1305087.5452021123
7496,1305087.5460218375
7497,1305087.543873174
7498,1305087.5451328615
7499,1305087.543271648
7500,1305087.5421029858
7501,1305087.5484237
7502,1305087.5441586715
7503,1305087.5443172895
7504,1305087.5440367495
7505,1305087.5447870847
7506,1305087.5418193585
7507,1305087.544899033
7508,1305087.5440752325
7509,1305087.5445721094
7510,1305087.5415125987
7511,1305087.544797055
7512,1305087.546002408
7513,1305087.5374654415
7514,1305087.5439433665
7515,1305087.5418915637
7516,1305087.5429323055
7517,1305087.5456891898
7518,1305087.5467478523
7519,1305087.5453126337
7520,1305087.5468019692
7521,1305087.541115924
7522,1305087.5435773158
7523,1305087.5430242594
7524,1305087.5462252398
7525,1305087.543599329
7526,1305087.544972624
7527,1305087.5431292339
7528,1305087.543125127
7529,1305087.5435173423
7530,1305087.543915721
7531,1305087.5500119843
7532,1305087.5467575006
7533,1305087.5430866212
7534,1305087.543066657
7535,1305087.5451743763
7536,1305087.540758032
7537,1305087.5398683269
7538,1305087.5477787051
7539,1305087.546531263
7540,1305087.5434400286
7541,1305087.542209151
7542,1305087.5419293158
7543,1305087.5444124783
7544,1305087.5449870059
7545,1305087.541537426
7546,1305087.5446289685
7547,1305087.5478793618
7548,1305087.5389358709
7549,1305087.5427607512
7550,1305087.5427504492
7551,1305087.5452521509
7552,1305087.5450021462
7553,1305087.5417181533
7554,1305087.544111248
7555,1305087.5473239678
7556,1305087.5438337
7557,1305087.545476305
7558,1305087.5386121543
7559,1305087.550856329
7560,1305087.5431316672
7561,1305087.5429390676
7562,1305087.5465614614
7563,1305087.5438797022
7564,1305087.5461381
7565,1305087.5454902651
7566,1305087.5482459357
7567,1305087.5467225104
7568,1305087.5441814968
7569,1305087.5476033532
7570,1305087.5389012594
7571,1305087.5451170343
7572,1305087.5442104596
7573,1305087.545927664
7574,1305087.5456563283
7575,1305087.5436040037
7576,1305087.5442320702
7577,1305087.5384005802
7578,1305087.5396458895
7579,1305087.5422145154
7580,1305087.5432054335
7581,1305087.547426905
7582,1305087.5466204393
7583,1305087.5435277752
7584,1305087.5485772376
7585,1305087.5447233315
7586,1305087.5451898908
7587,1305087.5410141128
7588,1305087.5439284206
7589,1305087.548180563
7590,1305087.544715213
7591,1305087.5420013384
7592,1305087.5443191852
7593,1305087.543816598
7594,1305087.5455933167
7595,1305087.5473738392
7596,1305087.539365151
7597,1305087.5500534195
7598,1305087.5444265334
7599,1305087.5477722439
7600,1305087.5508783204
7601,1305087.5452829534
7602,1305087.5429895904
7603,1305087.5474504721
7604,1305087.54802364
7605,1305087.5443863901
7606,1305087.5523747257
7607,1305087.54426682
7608,1305087.544479572
7609,1305087.5459174959
7610,1305087.5458606465
7611,1305087.5433158537
7612,1305087.542809135
7613,1305087.5423994462
7614,1305087.5442927014
7615,1305087.5410083218
7616,1305087.54443261
7617,1305087.5438020385
7618,1305087.5439108282
7619,1305087.5425639716
7620,1305087.54423855
7621,1305087.5430361736
7622,1305087.5458252374
7623,1305087.5420094759
7624,1305087.543461523
7625,1305087.5412383736
7626,1305087.5454546332
7627,1305087.5470212188
7628,1305087.54632495
7629,1305087.5467587097
7630,1305087.5473711404
7631,1305087.5449131008
7632,1305087.5459762726
7633,1305087.5418539671
7634,1305087.5445206205
7635,1305087.5474783473
7636,1305087.5449253786
7637,1305087.5414628703
7638,1305087.5466166423
7639,1305087.5459936862
7640,1305087.5415560678
7641,1305087.5387981553
7642,1305087.5426260452
7643,1305087.5427949827
7644,1305087.5438115739
7645,1305087.5382120989
7646,1305087.542992257
7647,1305087.5412473863
7648,1305087.5410580048
7649,1305087.543085504
7650,1305087.546946095
7651,1305087.5412402516
7652,1305087.5402833507
7653,1305087.5444232344
7654,1305087.5421462802
7655,1305087.543526658
7656,1305087.543260708
7657,1305087.544121358
7658,1305087.5431175132
7659,1305087.5459525445
7660,1305087.547186011
7661,1305087.546580751
7662,1305087.5445827947
7663,1305087.5476577843
7664,1305087.5442340823
7665,1305087.5390035654
7666,1305087.5446654698
7667,1305087.544341876
7668,1305087.5436853676
7669,1305087.5453000383
7670,1305087.5413707066
7671,1305087.5448765734
7672,1305087.5389684928
7673,1305087.5470066841
7674,1305087.5464949904
7675,1305087.5449144996
7676,1305087.544961792
7677,1305087.5460068528
7678,1305087.5437916003
7679,1305087.5433508875
7680,1305087.5456397154
7681,1305087.5449344509
7682,1305087.5449803676
7683,1305087.5431691762
7684,1305087.5433806956
7685,1305087.5403992801
7686,1305087.54030112
7687,1305087.5451210127
7688,1305087.542325665
7689,1305087.5465849962
7690,1305087.5449008753
7691,1305087.5393255025
7692,1305087.5413374666
7693,1305087.5384237457
7694,1305087.5493206116
7695,1305087.5428815503
7696,1305087.5442236238
7697,1305087.5449917004
7698,1305087.5470114558
7699,1305087.5444153014
7700,1305087.542908375
7701,1305087.5424364796
7702,1305087.5465024787
7703,1305087.5433494535
7704,1305087.5437494568
7705,1305087.5393825294
7706,1305087.5451126518
7707,1305087.543564754
7708,1305087.5417140415
7709,1305087.5428523545
7710,1305087.545058986
7711,1305087.5448132039
7712,1305087.5441842475
7713,1305087.5432109374
7714,1305087.5445161883
7715,1305087.541836774
7716,1305087.5450616842
7717,1305087.5442568779
7718,1305087.5452429117
7719,1305087.54726699
7720,1305087.541482287
7721,1305087.5431258224
7722,1305087.545090196
7723,1305087.5474108704
7724,1305087.542961326
7725,1305087.54733289
7726,1305087.5439918202
7727,1305087.5438928248
7728,1305087.544436424
7729,1305087.5442611254
7730,1305087.5438367578
7731,1305087.5482482421
7732,1305087.5430494957
7733,1305087.5441933295
7734,1305087.5443423525
7735,1305087.5489423552
7736,1305087.5432024025
7737,1305087.542150242
7738,1305087.5459958622
7739,1305087.5475009636
7740,1305087.545687825
7741,1305087.5433531394
7742,1305087.5438134922
7743,1305087.5436047616
7744,1305087.5476600055
7745,1305087.5416939035
7746,1305087.5427646346
7747,1305087.547655826
7748,1305087.5432317457
7749,1305087.5401893186
7750,1305087.5401019992
7751,1305087.5417058163
7752,1305087.5433674674
7753,1305087.544679756
7754,1305087.5435649182
7755,1305087.5449207511
7756,1305087.547341453
7757,1305087.5425584048
7758,1305087.5429423447
7759,1305087.544568289
7760,1305087.5465341457
7761,1305087.5430201222
7762,1305087.542148021
7763,1305087.5470334492
7764,1305087.5450135507
7765,1305087.5458476753
7766,1305087.540789871
7767,1305087.5433179794
7768,1305087.540075369
7769,1305087.544251355
7770,1305087.5460093347
7771,1305087.5474716148
7772,1305087.546241945
7773,1305087.5430210792
7774,1305087.5468687508
7775,1305087.5461897196
7776,1305087.5453693955
7777,1305087.5449794238
7778,1305087.545338189
7779,1305087.5468706503
7780,1305087.5426537895
7781,1305087.544390022
7782,1305087.542772281
7783,1305087.5428145523
7784,1305087.5428954377
7785,1305087.5422085293
7786,1305087.5438887307
7787,1305087.5479802769
7788,1305087.5468296567
7789,1305087.5449068912
7790,1305087.5418547208
7791,1305087.5434703163
7792,1305087.542264199
7793,1305087.5437272172
7794,1305087.5461463034
7795,1305087.546338442
7796,1305087.544984173
7797,1305087.5436941113
7798,1305087.5441050823
7799,1305087.5441168256
7800,1305087.548100921
7801,1305087.5419713273
7802,1305087.5440214525
7803,1305087.5468237353
7804,1305087.545560426
7805,1305087.5445756353
7806,1305087.5403742585
7807,1305087.549720649
7808,1305087.5478566438
7809,1305087.5477596673
7810,1305087.5450234355
7811,1305087.543253847
7812,1305087.547677865
7813,1305087.5429425102
7814,1305087.5443128985
7815,1305087.5469702363
7816,1305087.5428021152
7817,1305087.5457068828
7818,1305087.5449134454
7819,1305087.547157133
7820,1305087.5431802084
7821,1305087.546650403
7822,1305087.543600238
7823,1305087.5443441006
7824,1305087.542072318
7825,1305087.545990888
7826,1305087.5473244498
7827,1305087.5431671843
7828,1305087.5413800706
7829,1305087.5488068482
7830,1305087.5437957582
7831,1305087.539804659
7832,1305087.542969638
7833,1305087.5426820896
7834,1305087.5457138433
7835,1305087.547189716
7836,1305087.541771028
7837,1305087.545505533
7838,1305087.5425483657
7839,1305087.5455798511
7840,1305087.5475935824
7841,1305087.5438710179
7842,1305087.5465128107
7843,1305087.5408986164
7844,1305087.5403289052
7845,1305087.543797049
7846,1305087.5424517347
7847,1305087.543604011
7848,1305087.5435493137
7849,1305087.5480510376
7850,1305087.542556327
7851,1305087.5426481443
7852,1305087.543644618
7853,1305087.5446337573
7854,1305087.5418868212
7855,1305087.5431810552
7856,1305087.541659977
7857,1305087.5417124375
7858,1305087.5463572086
7859,1305087.5432591243
7860,1305087.5427889246
7861,1305087.548145804
7862,1305087.5456396823
7863,1305087.5467391291
7864,1305087.545950065
7865,1305087.5452447108
7866,1305087.5436570558
7867,1305087.5409321475
7868,1305087.543978486
7869,1305087.5469915697
7870,1305087.5470317074
7871,1305087.5412755327
7872,1305087.5425730376
7873,1305087.5415619684
7874,1305087.5483274886
7875,1305087.5465171684
7876,1305087.5422499194
7877,1305087.5434676043
7878,1305087.5424826117
7879,1305087.542475638
7880,1305087.5404112877
7881,1305087.5413551773
7882,1305087.5460433164
7883,1305087.5435824706
7884,1305087.5437011686
7885,1305087.546113724
7886,1305087.5457106233
7887,1305087.5431326418
7888,1305087.5422798246
7889,1305087.5448311835
7890,1305087.5453017978
7891,1305087.544431217
7892,1305087.5465234406
7893,1305087.546509713
7894,1305087.5457493186
7895,1305087.5426958005
7896,1305087.545343194
7897,1305087.540125504
7898,1305087.5399272032
7899,1305087.5447855412
7900,1305087.5485562617
7901,1305087.5454799791
7902,1305087.5421818288
7903,1305087.5401376246
7904,1305087.5455750863
7905,1305087.5413528269
7906,1305087.543254637
7907,1305087.5431671313
7908,1305087.545063419
7909,1305087.5444463517
7910,1305087.545171919
7911,1305087.5444680564
7912,1305087.54421523
7913,1305087.5434322725
7914,1305087.5457852082
7915,1305087.5456906417
7916,1305087.5416377762
7917,1305087.5440575771
7918,1305087.5458774574
7919,1305087.5442146298
7920,1305087.5420495216
7921,1305087.541387222
7922,1305087.544940996
7923,1305087.5448382692
7924,1305087.5428900965
7925,1305087.542589208
7926,1305087.545950462
7927,1305087.5436877827
7928,1305087.54451762
7929,1305087.5452770488
7930,1305087.5469718364
7931,1305087.544713744
7932,1305087.5450490175
7933,1305087.5464268047
7934,1305087.540693055
7935,1305087.5458832593
7936,1305087.544294725
7937,1305087.5440139954
7938,1305087.5453213453
7939,1305087.5435459195
7940,1305087.542314457
7941,1305087.5435282348
7942,1305087.5424568856
7943,1305087.5382147708
7944,1305087.54588908
7945,1305087.5429962932
7946,1305087.5458152494
7947,1305087.5458539454
7948,1305087.5410876377
7949,1305087.5457332137
7950,1305087.543713816
7951,1305087.5433562365
7952,1305087.543609623
7953,1305087.5419775774
7954,1305087.5449699487
7955,1305087.546679576
7956,1305087.5437676508
7957,1305087.543238528
7958,1305087.5475614178
7959,1305087.5460866685
7960,1305087.541722141
7961,1305087.5437675118
7962,1305087.5420047694
7963,1305087.5439646153
7964,1305087.5430274722
7965,1305087.5440702254
7966,1305087.5446378216
7967,1305087.5425602023
7968,1305087.541738809
7969,1305087.5448876952
7970,1305087.547900803
7971,1305087.541829001
7972,1305087.5416325072
7973,1305087.547765409
7974,1305087.5459999803
7975,1305087.5443587266
7976,1305087.5415209986
7977,1305087.5447401863
7978,1305087.5495039292
7979,1305087.545415756
7980,1305087.545665244
7981,1305087.5428820322
7982,1305087.5404577244
7983,1305087.5427408568
7984,1305087.5482455082
7985,1305087.5456127638
7986,1305087.5444333176
7987,1305087.54472402
7988,1305087.5411168574
7989,1305087.545088956
7990,1305087.5445399918
7991,1305087.5480481053
7992,1305087.5430214112
7993,1305087.5494259899
7994,1305087.5435102223
7995,1305087.5447613006
7996,1305087.5451973865
7997,1305087.5451473552
7998,1305087.5443297932
7999,1305087.5424636565
8000,1305087.5438687205
8001,1305087.5441192205
8002,1305087.5456266282
8003,1305087.5435772943
8004,1305087.5423271232
8005,1305087.541698791
8006,1305087.5479761304
8007,1305087.5455502507
8008,1305087.542023087
8009,1305087.5430220747
8010,1305087.5444190272
8011,1305087.5436063674
8012,1305087.5445763776
8013,1305087.5437835732
8014,1305087.5473858488
8015,1305087.5406611387
8016,1305087.5468878523
8017,1305087.546050183
8018,1305087.5447780474
8019,1305087.545823253
8020,1305087.5443611054
8021,1305087.5460995303
8022,1305087.5424118435
8023,1305087.5402861591
8024,1305087.543809947
8025,1305087.5439784485
8026,1305087.542343076
8027,1305087.5452735499
8028,1305087.5463634927
8029,1305087.5465380067
8030,1305087.5425580465
8031,1305087.5442326944
8032,1305087.5446738997
8033,1305087.5472676237
8034,1305087.5421286472
8035,1305087.5438059908
8036,1305087.5488078971
8037,1305087.5441350907
8038,1305087.543300771
8039,1305087.5440885068
8040,1305087.5440885066
8041,940644.5944639285
8042,940644.5944639259
8043,940644.5944639259
8044,940644.5944639284
8045,940644.5944639263
8046,940644.5944639271
8047,940644.5944639262
8048,940644.5944639262
8049,940644.5944639262
8050,940644.5944639264
8051,940644.5944639293
8052,940644.5955845002
8053,940644.5939168821
8054,940644.5924872109
8055,940644.5963188839
8056,940644.593546933
8057,940644.5971672109
8058,940644.5987530712
8059,940644.5943187297
8060,940644.5940684475
8061,940644.5926103834
8062,940644.5909633944
8063,940644.5968569893
8064,940644.5961236549
8065,940644.5960550335
8066,940644.594378954
8067,940644.5953445818
8068,940644.5945212856
8069,940644.5926140794
8070,940644.5945132433
8071,940644.5929152245
8072,940644.5965676137
8073,940644.5933447494
8074,940644.595042564
8075,940644.5933648016
8076,940644.5950224148
8077,940644.5945163607
8078,940644.5937894601
8079,940644.5931435756
8080,940644.5961984685
8081,940644.5946199128
8082,940644.5943918923
8083,940644.5940313755
8084,940644.594031997
8085,940644.5942247594
8086,940644.5947645871
8087,940644.5970602641
8088,940644.5966077357
8089,940644.5947253534
8090,940644.594390773
8091,940644.592453457
8092,940644.5930185801
8093,940644.5954013518
8094,940644.593234102
8095,940644.594109018
8096,940644.5949334794
8097,940644.5942911968
8098,940644.5936855936
8099,940644.594250518
8100,940644.5910142798
8101,940644.5955895884
8102,940644.5930630853
8103,940644.5916564572
8104,940644.5942039591
8105,940644.5948623242
8106,940644.5937539643
8107,940644.5939091749
8108,940644.5949433853
8109,940644.595554071
8110,940644.5934847946
8111,940644.5959657034
8112,940644.5963339786
8113,940644.594798648
8114,940644.5961770804
8115,940644.5929483123
8116,940644.5944732087
8117,940644.596445166
8118,940644.5925511309
8119,940644.5959361959
8120,940644.5912226072
8121,940644.59204561
8122,940644.5977080975
8123,940644.5941601326
8124,940644.5955895281
8125,940644.5960476076
8126,940644.5940765236
8127,940644.5946700193
8128,940644.5942297473
8129,940644.5945653983
8130,940644.5937550567
8131,940644.5961424757
8132,940644.5931122843
8133,940644.5930941117
8134,940644.5977227584
8135,940644.5964515908
8136,940644.5920965514
8137,940644.5926399905
8138,940644.5934290704
8139,940644.593847553
8140,940644.5945683131
8141,940644.5938066621
8142,940644.5942109053
8143,940644.5958540253
8144,940644.5928754414
8145,940644.5905097816
8146,940644.5937113175
8147,940644.5946065066
8148,940644.5938399243
8149,940644.594578765
8150,940644.5954010179
8151,940644.5939085609
8152,940644.5962311332
8153,940644.5973776272
8154,940644.5940349532
8155,940644.5923656445
8156,940644.5917491278
8157,940644.5908532107
8158,940644.596100709
8159,940644.594952693
8160,940644.5946740806
8161,940644.5952148717
8162,940644.5937895231
8163,940644.59268782
8164,940644.5944939711
8165,940644.5920290522
8166,940644.5913459295
8167,940644.5945624541
8168,940644.5936105407
8169,940644.5930174
8170,940644.5956543302
8171,940644.5953801031
8172,940644.5940457777
8173,940644.5910215256
8174,940644.5922847415
8175,940644.5960363338
8176,940644.5971623152
8177,940644.5950990949
8178,940644.5922257323
8179,940644.594083105
8180,940644.5948775124
8181,940644.5944488812
8182,940644.5938696746
8183,940644.5963360802
8184,940644.5935136734
8185,940644.5930667077
8186,940644.5900088269
8187,940644.5936082344
8188,940644.59410503
8189,940644.5944688198
8190,940644.5962502332
8191,940644.5918057531
8192,940644.5968515376
8193,940644.592176222
8194,940644.5927662165
8195,940644.5939520902
8196,940644.5942644316
8197,940644.5936060132
8198,940644.594286445
8199,940644.592323865
8200,940644.5961972347
8201,940644.5953886908
8202,940644.5953273192
8203,940644.5914027456
8204,940644.5917058309
8205,940644.5957455332
8206,940644.5917619969
8207,940644.5963864969
8208,940644.597171371
8209,940644.596296108
8210,940644.5940315991
8211,940644.5965664175
8212,940644.5929144316
8213,940644.5949156139
8214,940644.5939173202
8215,940644.5966333234
8216,940644.5942558346
8217,940644.5931044593
8218,940644.5925288917
8219,940644.5964629673
8220,940644.5945259092
8221,940644.5918301035
8222,940644.5958971668
8223,940644.5939653508
8224,940644.5953025005
8225,940644.5964271117
8226,940644.5943866314
8227,940644.5941982555
8228,940644.5958882332
8229,940644.5955418714
8230,940644.5944114102
8231,940644.5945211926
8232,940644.596624363
8233,940644.5945600986
8234,940644.5954494221
8235,940644.5934016067
8236,940644.5954385311
8237,940644.591248035
8238,940644.5968725769
8239,940644.5952904104
8240,940644.5975805611
8241,940644.5958489629
8242,940644.5935870587
8243,940644.5961619565
8244,940644.5911356879
8245,940644.5943037656
8246,940644.5910606292
8247,940644.5955498489
8248,940644.5967369927
8249,940644.5935895211
8250,940644.5961076706
8251,940644.5942002705
8252,940644.5933985099
8253,940644.5945808593
8254,940644.5937595173
8255,940644.5984126539
8256,940644.5933788671
8257,940644.5954390519
8258,940644.5949330984
8259,940644.5948924711
8260,940644.5938947481
8261,940644.5958660073
8262,940644.5970888481
8263,940644.5943900401
8264,940644.5952101866
8265,940644.5934301702
8266,940644.5948581278
8267,940644.5950030881
8268,940644.5921468232
8269,940644.5963786391
8270,940644.5956339868
8271,940644.5948019644
8272,940644.5943262952
8273,940644.594467557
8274,940644.5953157691
8275,940644.5952132994
8276,940644.5943832053
8277,940644.5948538883
8278,940644.5965344466
8279,940644.5920721384
8280,940644.5948969803
8281,940644.5935729609
8282,940644.5955006308
8283,940644.5951100936
8284,940644.5956240917
8285,940644.5912588908
8286,940644.596908508
8287,940644.5950009469
8288,940644.5962682465
8289,940644.5934191059
8290,940644.5964990639
8291,940644.5933997196
8292,940644.5970233744
8293,940644.59560926
8294,940644.5940016457
8295,940644.5954937146
8296,940644.5953906287
8297,940644.5988054326
8298,940644.5968681193
8299,940644.5919285594
8300,940644.5956755843
8301,940644.5915355008
8302,940644.5927225015
8303,940644.5945688675
8304,940644.5962156636
8305,940644.5959345311
8306,940644.5961859338
8307,940644.5949184732
8308,940644.5922486213
8309,940644.5933248512
8310,940644.5949189374
8311,940644.594092373
8312,940644.5965327212
8313,940644.5969013338
8314,940644.5922454791
8315,940644.5958678226
8316,940644.5956406784
8317,940644.5959846774
8318,940644.5922366433
8319,940644.5940222328
8320,940644.5953413424
8321,940644.5932192286
8322,940644.5925969146
8323,940644.5941183651
8324,940644.596342083
8325,940644.5976246271
8326,940644.5951327927
8327,940644.5900099397
8328,940644.5986253769
8329,940644.5946733371
8330,940644.5938103943
8331,940644.5974105056
8332,940644.5942392945
8333,940644.5935595669
8334,940644.5948199901
8335,940644.5946746616
8336,940644.5931071568
8337,940644.5979698448
8338,940644.5925731008
8339,940644.5963744852
8340,940644.5945240235
8341,940644.5970672523
8342,940644.5931349021
8343,940644.5941901682
8344,940644.5921835728
8345,940644.5956940127
8346,940644.592212799
8347,940644.5929568405
8348,940644.5933844575
8349,940644.5925918967
8350,940644.5939408544
8351,940644.5940877942
8352,940644.5935830267
8353,940644.5948509937
8354,940644.5936778055
8355,940644.5930488941
8356,940644.5932957372
8357,940644.5961627191
8358,940644.5980860703
8359,940644.5940263976
8360,940644.5951921946
8361,940644.596238845
8362,940644.5957802571
8363,940644.5956989281
8364,940644.5941357131
8365,940644.5964127416
8366,940644.5952915547
8367,940644.5944056762
8368,940644.5925233015
8369,940644.5962326293
8370,940644.594381862
8371,940644.5919210276
8372,940644.5906227102
8373,940644.5959375154
8374,940644.5926621889
8375,940644.5936095121
8376,940644.5915649505
8377,940644.5928936562
8378,940644.5928560501
8379,940644.5933132746
8380,940644.5921051434
8381,940644.5961956141
8382,940644.593310797
8383,940644.5921289292
8384,940644.5942223871
8385,940644.5951818577
8386,940644.596768791
8387,940644.593302548
8388,940644.5962570924
8389,940644.5947583993
8390,940644.5937702049
8391,940644.5968045008
8392,940644.5939231913
8393,940644.5948088814
8394,940644.5969727879
8395,940644.5927555349
8396,940644.5928472193
8397,940644.5923979161
8398,940644.5920278169
8399,940644.5920183163
8400,940644.5935667818
8401,940644.5922898322
8402,940644.5970990458
8403,940644.5918605864
8404,940644.5933410304
8405,940644.5941165503
8406,940644.5940949481
8407,940644.5951953529
8408,940644.5965386431
8409,940644.5928270194
8410,940644.5939194541
8411,940644.5937525774
8412,940644.5954249157
8413,940644.5946620159
8414,940644.5923940954
8415,940644.5928626119
8416,940644.5924058402
8417,940644.5911579174
8418,940644.5978001076
8419,940644.5943940604
8420,940644.5943178596
8421,940644.594483205
8422,940644.593859097
8423,940644.5937015029
8424,940644.5924336333
8425,940644.5976554032
8426,940644.5957921743
8427,940644.5955030741
8428,940644.5923621635
8429,940644.5982222988
8430,940644.5933976743
8431,940644.59392854
8432,940644.5945961578
8433,940644.5961522926
8434,940644.5934591352
8435,940644.5960839299
8436,940644.591278337
8437,940644.5935983541
8438,940644.5924438429
8439,940644.5909748162
8440,940644.594165382
8441,940644.593634244
8442,940644.5960793309
8443,940644.5936643755
8444,940644.5963969983
8445,940644.5942718976
8446,940644.5927310019
8447,940644.5929312332
8448,940644.5950234901
8449,940644.595655943
8450,940644.5954681626
8451,940644.593166977
8452,940644.5945453879
8453,940644.5958141653
8454,940644.5959567206
8455,940644.5962566589
8456,940644.5958915866
8457,940644.5945891395
8458,940644.5917408419
8459,940644.5963093945
8460,940644.5958182763
8461,940644.5943749181
8462,940644.5990629167
8463,940644.5944464452
8464,940644.5949472985
8465,940644.5939583773
8466,940644.5957581227
8467,940644.5936438036
8468,940644.5953867515
8469,940644.5973414084
8470,940644.5965438096
8471,940644.5931317251
8472,940644.5953074162
8473,940644.5927180737
8474,940644.5923499715
8475,940644.5974973402
8476,940644.5920975513
8477,940644.5936450268
8478,940644.5943147164
8479,940644.5939760274
8480,940644.5933346917
8481,940644.5942032242
8482,940644.5932551753
8483,940644.5934736769
8484,940644.5951392769
8485,940644.5957815632
8486,940644.5932124553
8487,940644.5967267557
8488,940644.5919703402
8489,940644.5925541105
8490,940644.5957118075
8491,940644.5966553639
8492,940644.5938554893
8493,940644.5924195081
8494,940644.597504394
8495,940644.5955390314
8496,940644.5956784764
8497,940644.5944189468
8498,940644.592944808
8499,940644.5913678899
8500,940644.5921270502
8501,940644.595311742
8502,940644.5973877901
8503,940644.5949351375
8504,940644.5936330799
8505,940644.59598038
8506,940644.5974160699
8507,940644.5959043653
8508,940644.5937144862
8509,940644.5956856136
8510,940644.5941613785
8511,940644.5930459589
8512,940644.5956826601
8513,940644.5931192741
8514,940644.5958634614
8515,940644.5950625844
8516,940644.5938521717
8517,940644.5951183314
8518,940644.5951842929
8519,940644.5988261643
8520,940644.5956327231
8521,940644.5916639663
8522,940644.5925668067
8523,940644.5901842654
8524,940644.5958525301
8525,940644.59553629
8526,940644.5941169766
8527,940644.5927074007
8528,940644.5935199223
8529,940644.5940370067
8530,940644.5955825534
8531,940644.5974280183
8532,940644.5934243418
8533,940644.5924782517
8534,940644.5929479345
8535,940644.5944747755
8536,940644.5946770661
8537,940644.5927625236
8538,940644.5983331465
8539,940644.5957497614
8540,940644.5952576203
8541,940644.5957601537
8542,940644.5949812499
8543,940644.5947475667
8544,940644.59309747
8545,940644.5923154553
8546,940644.5962869243
8547,940644.5924978557
8548,940644.5951050464
8549,940644.5960060759
8550,940644.5992767116
8551,940644.5942771886
8552,940644.5936430552
8553,940644.5955810657
8554,940644.5983801773
8555,940644.5966433453
8556,940644.5947385684
8557,940644.5989660585
8558,940644.5937968454
8559,940644.5958594487
8560,940644.5963199941
8561,940644.5935869898
8562,940644.5905804592
8563,940644.5943300916
8564,940644.5925005313
8565,940644.5925213877
8566,940644.596531969
8567,940644.5923118619
8568,940644.593574598
8569,940644.5927638325
8570,940644.5944233198
8571,940644.5961379093
8572,940644.5933609206
8573,940644.5953689006
8574,940644.5929861297
8575,940644.5946914869
8576,940644.5933873074
8577,940644.5928008156
8578,940644.5928726421
8579,940644.5938594945
8580,940644.5962821967
8581,940644.5915478736
8582,940644.596065512
8583,940644.5953084573
8584,940644.5926254169
8585,940644.5938101988
8586,940644.5911537631
8587,940644.5903460814
8588,940644.5962646555
8589,940644.5967830652
8590,940644.5945868338
8591,940644.5943237233
8592,940644.5965177466
8593,940644.5972731219
8594,940644.5977161014
8595,940644.5976398352
8596,940644.5947320852
8597,940644.5932740672
8598,940644.5942234575
8599,940644.5948888818
8600,940644.5978286569
8601,940644.5974075366
8602,940644.5925480739
8603,940644.5928783392
8604,940644.5926850291
8605,940644.5959736315
8606,940644.5919052819
8607,940644.5929293515
8608,940644.5936582122
8609,940644.5943675857
8610,940644.5927043443
8611,940644.5931663002
8612,940644.588690653
8613,940644.5918925845
8614,940644.5910631821
8615,940644.5930745653
8616,940644.5975389117
8617,940644.5948329781
8618,940644.5945544757
8619,940644.5911602544
8620,940644.5951541999
8621,940644.5942936743
8622,940644.5963454185
8623,940644.5951134607
8624,940644.5968999098
8625,940644.596278129
8626,940644.5934296445
8627,940644.5953320059
8628,940644.595712117
8629,940644.5933190254
8630,940644.5945946861
8631,940644.5980936906
8632,940644.5969805941
8633,940644.5970183299
8634,940644.5935267537
8635,940644.5944270755
8636,940644.5937502633
8637,940644.5925569212
8638,940644.5928431426
8639,940644.5949158152
8640,940644.5943240584
8641,940644.5950640177
8642,940644.5990175905
8643,940644.5919349496
8644,940644.5954903875
8645,940644.5949278687
8646,940644.5942073717
8647,940644.5927149125
8648,940644.5939809763
8649,940644.5980631403
8650,940644.594731041
8651,940644.5925314286
8652,940644.5940205172
8653,940644.5973128651
8654,940644.596380723
8655,940644.5945195863
8656,940644.5927303574
8657,940644.5955451971
8658,940644.5937735643
8659,940644.5968179591
8660,940644.5964107395
8661,940644.5958639858
8662,940644.5939673096
8663,940644.596016489
8664,940644.5954582377
8665,940644.5935079261
8666,940644.5929759495
8667,940644.5911262619
8668,940644.5951025912
8669,940644.5939105139
8670,940644.5936608816
8671,940644.5958331639
8672,940644.597594535
8673,940644.5942636674
8674,940644.593030276
8675,940644.5959548079
8676,940644.5952054693
8677,940644.5973526455
8678,940644.5945418053
8679,940644.5926287494
8680,940644.5952892627
8681,940644.5940625247
8682,940644.5968605377
8683,940644.5919910572
8684,940644.593514252
8685,940644.5952657199
8686,940644.5957382543
8687,940644.5946930698
8688,940644.5943291516
8689,940644.5983847629
8690,940644.5965519934
8691,940644.593420742
8692,940644.5947015649
8693,940644.5933600884
8694,940644.5936483352
8695,940644.5954236225
8696,940644.5969403227
8697,940644.5930697401
8698,940644.5936703169
8699,940644.592234041
8700,940644.5915802969
8701,940644.5996420312
8702,940644.5948479553
8703,940644.59387113
8704,940644.5933063885
8705,940644.595839133
8706,940644.5949963956
8707,940644.5918890269
8708,940644.5935998335
8709,940644.5971924291
8710,940644.5963288766
8711,940644.597902574
8712,940644.5951179267
8713,940644.5926820771
8714,940644.5942901521
8715,940644.5940309635
8716,940644.5949864241
8717,940644.5937400201
8718,940644.5939618945
8719,940644.5930388866
8720,940644.5949141106
8721,940644.5943702491
8722,940644.5965610101
8723,940644.5940861544
8724,940644.5982869504
8725,940644.5953555244
8726,940644.5971806211
8727,940644.594927798
8728,940644.5945403232
8729,940644.5951492037
8730,940644.5908440385
8731,940644.5950997521
8732,940644.5954533685
8733,940644.5968382164
8734,940644.5939330723
8735,940644.59109734
8736,940644.5932911736
8737,940644.5973575651
8738,940644.5944243954
8739,940644.5937588876
8740,940644.5947843166
8741,940644.5943909923
8742,940644.5923175663
8743,940644.5956266931
8744,940644.5956767584
8745,940644.5958328218
8746,940644.5904622617
8747,940644.5962391353
8748,940644.5980491003
8749,940644.5954418688
8750,940644.59620773
8751,940644.5934282384
8752,940644.5952154461
8753,940644.5931176178
8754,940644.5933432751
8755,940644.5942824455
8756,940644.5931196271
8757,940644.5945006055
8758,940644.5990710931
8759,940644.5998152106
8760,940644.5939586133
8761,940644.5932527852
8762,940644.5965508105
8763,940644.594953775
8764,940644.595781137
8765,940644.5939968813
8766,940644.5941196538
8767,940644.596828786
8768,940644.5945927835
8769,940644.593403819
8770,940644.5944639279
8771,940644.5944639288
8772,951219.9205891697
8773,951219.9205891697
8774,951219.9205891724
8775,951219.9205891711
8776,951219.920589171
8777,951219.9205891674
8778,951219.9205891681
8779,951219.9205891679
8780,951219.9205891705
8781,951219.9205891723
8782,951219.9205891708
8783,951219.9189962011
8784,951219.9111539746
8785,951219.9148462034
8786,951219.9240337657
8787,951219.9164519702
8788,951219.9154264478
8789,951219.9265446991
8790,951219.9140253293
8791,951219.9176812383
8792,951219.9251553603
8793,951219.9237382964
8794,951219.9218859372
8795,951219.9222497813
8796,951219.9232481468
8797,951219.9224588802
8798,951219.9207271391
8799,951219.921730886
8800,951219.9215454138
8801,951219.9170725417
8802,951219.9197564501
8803,951219.9223638355
8804,951219.922385481
8805,951219.9253376871
8806,951219.9212671978
8807,951219.9188882875
8808,951219.9200190959
8809,951219.9240747171
8810,951219.9164356493
8811,951219.9251315618
8812,951219.9227711401
8813,951219.9244735747
8814,951219.9178439013
8815,951219.9239641457
8816,951219.9148328162
8817,951219.9212864005
8818,951219.9185286625
8819,951219.918089269
8820,951219.925760168
8821,951219.9177793713
8822,951219.917479463
8823,951219.9272672384
8824,951219.9232749647
8825,951219.9218326977
8826,951219.9244254117
8827,951219.9264161832
8828,951219.9144814756
8829,951219.9217375114
8830,951219.9271334639
8831,951219.9115858928
8832,951219.9248403391
8833,951219.9190621298
8834,951219.9244670697
8835,951219.924489823
8836,951219.9214427628
8837,951219.9215508435
8838,951219.9192173402
8839,951219.9160468422
8840,951219.9235300503
8841,951219.922066168
8842,951219.9158616774
8843,951219.9181879557
8844,951219.926080414
8845,951219.9211729806
8846,951219.918578303
8847,951219.9243673977
8848,951219.9195449738
8849,951219.9270517767
8850,951219.9136195525
8851,951219.9196566116
8852,951219.9198957835
8853,951219.9150031009
8854,951219.9226457534
8855,951219.9191523211
8856,951219.9109338754
8857,951219.9244942615
8858,951219.9217822572
8859,951219.9192079593
8860,951219.9197216282
8861,951219.9197681509
8862,951219.9223248019
8863,951219.9202952159
8864,951219.9197874058
8865,951219.924449527
8866,951219.920066691
8867,951219.922033729
8868,951219.9200202845
8869,951219.920210187
8870,951219.925246703
8871,951219.9150095833
8872,951219.9186517023
8873,951219.9277599243
8874,951219.9201699139
8875,951219.919388556
8876,951219.922331267
8877,951219.9219901499
8878,951219.9140903349
8879,951219.9193908673
8880,951219.9197537978
8881,951219.9213062188
8882,951219.9146246832
8883,951219.9189399908
8884,951219.9120873488
8885,951219.9251587046
8886,951219.9234792894
8887,951219.9251365821
8888,951219.9221205804
8889,951219.9183643067
8890,951219.9196209679
8891,951219.9224693608
8892,951219.9211862363
8893,951219.925004283
8894,951219.9172262579
8895,951219.9234248743
8896,951219.921566523
8897,951219.9225757277
8898,951219.9222406172
8899,951219.9232737721
8900,951219.92734369
8901,951219.9230327446
8902,951219.9208917894
8903,951219.9185789084
8904,951219.9192181685
8905,951219.9283976492
8906,951219.9140630001
8907,951219.9184697769
8908,951219.9262541761
8909,951219.9285450551
8910,951219.9301157614
8911,951219.9135766504
8912,951219.920846179
8913,951219.9268414136
8914,951219.9119148714
8915,951219.9245567403
8916,951219.9250717682
8917,951219.9266799254
8918,951219.917892521
8919,951219.922603344
8920,951219.9262005397
8921,951219.9201152541
8922,951219.9232496049
8923,951219.919362172
8924,951219.9168788572
8925,951219.9238018298
8926,951219.9226639487
8927,951219.921878716
8928,951219.9243158944
8929,951219.920120641
8930,951219.9203986855
8931,951219.9143425409
8932,951219.924663387
8933,951219.9238191367
8934,951219.9300712249
8935,951219.9263205641
8936,951219.921736656
8937,951219.91708702
8938,951219.9165273563
8939,951219.9194835755
8940,951219.9202637671
8941,951219.9228979917
8942,951219.9197197203
8943,951219.9231060207
8944,951219.9231337253
8945,951219.9249257278
8946,951219.9251361083
8947,951219.9237616172
8948,951219.9193222654
8949,951219.9196315422
8950,951219.914386942
8951,951219.9235669996
8952,951219.9221402842
8953,951219.9144554187
8954,951219.9261463734
8955,951219.9283111332
8956,951219.9188423502
8957,951219.9193470504
8958,951219.9160126501
8959,951219.9178260764
8960,951219.9225532159
8961,951219.9234762577
8962,951219.9170103116
8963,951219.9199433933
8964,951219.9293744478
8965,951219.9198389807
8966,951219.9252710408
8967,951219.9139777324
8968,951219.9312425327
8969,951219.9190300589
8970,951219.9249349092
8971,951219.9190961173
8972,951219.9203980352
8973,951219.9203618579
8974,951219.9210344201
8975,951219.9188869165
8976,951219.9253602745
8977,951219.9242731095
8978,951219.9307453644
8979,951219.9210404427
8980,951219.9237025804
8981,951219.9147958508
8982,951219.9208653062
8983,951219.9239421283
8984,951219.9175157534
8985,951219.915385575
8986,951219.9250450184
8987,951219.9174886784
8988,951219.9220200451
8989,951219.9220527172
8990,951219.9233661748
8991,951219.9204773236
8992,951219.915067111
8993,951219.9162826077
8994,951219.9107013826
8995,951219.921957311
8996,951219.9190447328
8997,951219.9194281402
8998,951219.9234672359
8999,951219.9297078124
9000,951219.9188396442
9001,951219.9102742113
9002,951219.9106387754
9003,951219.9181040906
9004,951219.9254976606
9005,951219.9261621758
9006,951219.9285417035
9007,951219.9223996261
9008,951219.9197477897
9009,951219.9177385324
9010,951219.9316404429
9011,951219.9282530965
9012,951219.9208520609
9013,951219.9222127064
9014,951219.9162686914
9015,951219.9230089636
9016,951219.9163288492
9017,951219.916707509
9018,951219.9239576502
9019,951219.9205773978
9020,951219.924901572
9021,951219.9157250179
9022,951219.9220653258
9023,951219.9187928756
9024,951219.9195215342
9025,951219.921898825
9026,951219.9306582696
9027,951219.9139229088
9028,951219.9145196037
9029,951219.9183899055
9030,951219.9107647885
9031,951219.9235534943
9032,951219.9156779173
9033,951219.9149799341
9034,951219.9256903428
9035,951219.9079902151
9036,951219.9159836397
9037,951219.9196877773
9038,951219.9182303365
9039,951219.924992945
9040,951219.9223570097
9041,951219.9253411526
9042,951219.9222646898
9043,951219.9141647408
9044,951219.9234541688
9045,951219.9210932642
9046,951219.9056474052
9047,951219.9269190312
9048,951219.9255892591
9049,951219.9247795208
9050,951219.9224598272
9051,951219.9164313955
9052,951219.9205055975
9053,951219.9238941763
9054,951219.9189310546
9055,951219.9281279634
9056,951219.9188392339
9057,951219.9187196018
9058,951219.9305422454
9059,951219.9178970478
9060,951219.9184712856
9061,951219.9224451468
9062,951219.9198531319
9063,951219.9224627739
9064,951219.9206902734
9065,951219.9254162477
9066,951219.9131200073
9067,951219.9233834329
9068,951219.9182333823
9069,951219.9139749745
9070,951219.9153915055
9071,951219.9093653315
9072,951219.9226039567
9073,951219.9185527896
9074,951219.9174982816
9075,951219.9094681574
9076,951219.9297217444
9077,951219.9234305552
9078,951219.9240126156
9079,951219.9209016837
9080,951219.9225032309
9081,951219.9169618776
9082,951219.9213327495
9083,951219.9213229165
9084,951219.9247694239
9085,951219.9238611861
9086,951219.9201814316
9087,951219.9098481562
9088,951219.9191533551
9089,951219.9275292621
9090,951219.9156104418
9091,951219.9183800512
9092,951219.9187275253
9093,951219.926205994
9094,951219.9203470594
9095,951219.9295803213
9096,951219.9232424079
9097,951219.9194200702
9098,951219.9150452326
9099,951219.9267067608
9100,951219.9247362062
9101,951219.9195245124
9102,951219.9204539816
9103,951219.9299400831
9104,951219.9250394985
9105,951219.9140077666
9106,951219.9100788307
9107,951219.9275096545
9108,951219.9166137796
9109,951219.9203209723
9110,951219.9294518393
9111,951219.9174188634
9112,951219.9272474289
9113,951219.923930086
9114,951219.9182082271
9115,951219.919878527
9116,951219.92286414
9117,951219.9243977126
9118,951219.9194741616
9119,951219.9211211493
9120,951219.9111430552
9121,951219.9201008647
9122,951219.9184081465
9123,951219.923548439
9124,951219.9209546465
9125,951219.9145089602
9126,951219.9137118771
9127,951219.9257107797
9128,951219.9207662944
9129,951219.9163894098
9130,951219.919693654
9131,951219.9167091926
9132,951219.9193751938
9133,951219.9134523266
9134,951219.9255737723
9135,951219.9102730631
9136,951219.9152904323
9137,951219.9134154628
9138,951219.9218219907
9139,951219.9279735977
9140,951219.9233807499
9141,951219.9257613185
9142,951219.9132202375
9143,951219.9244804095
9144,951219.9174191692
9145,951219.9206832272
9146,951219.9184785932
9147,951219.9197257581
9148,951219.917906933
9149,951219.9239626444
9150,951219.9109058564
9151,951219.9245508179
9152,951219.9223285981
9153,951219.9286736301
9154,951219.923263458
9155,951219.9230355506
9156,951219.9178443932
9157,951219.915405702
9158,951219.9159787548
9159,951219.9233129937
9160,951219.9123950226
9161,951219.9169964227
9162,951219.9182294889
9163,951219.9150570717
9164,951219.9174459056
9165,951219.911783024
9166,951219.924441688
9167,951219.9200805626
9168,951219.9264515595
9169,951219.9114067224
9170,951219.9195111834
9171,951219.9170854491
9172,951219.9227707847
9173,951219.9279123127
9174,951219.9214019342
9175,951219.920337035
9176,951219.9134403781
9177,951219.916369529
9178,951219.9258471132
9179,951219.917348671
9180,951219.9156953613
9181,951219.9121807821
9182,951219.9342750707
9183,951219.9254166739
9184,951219.9239847638
9185,951219.9152928067
9186,951219.9247138258
9187,951219.9241690564
9188,951219.9213248374
9189,951219.9316650539
9190,951219.9102683163
9191,951219.918398921
9192,951219.9265572627
9193,951219.9240483238
9194,951219.9181274384
9195,951219.9235250098
9196,951219.9157589372
9197,951219.9171230835
9198,951219.9223944611
9199,951219.9317182066
9200,951219.924508894
9201,951219.9236706081
9202,951219.9300393331
9203,951219.9175035616
9204,951219.9154893658
9205,951219.9137205321
9206,951219.9125638594
9207,951219.9141981448
9208,951219.9212011734
9209,951219.9249457185
9210,951219.9286894487
9211,951219.9212822303
9212,951219.9213293621
9213,951219.9237423503
9214,951219.9258198454
9215,951219.9199499974
9216,951219.9245657686
9217,951219.9238454446
9218,951219.9192509932
9219,951219.9308552674
9220,951219.9285611424
9221,951219.9247534784
9222,951219.922976529
9223,951219.9190851132
9224,951219.9255294133
9225,951219.9238714519
9226,951219.924408594
9227,951219.9223837475
9228,951219.9226002172
9229,951219.9162193413
9230,951219.9254702646
9231,951219.918195101
9232,951219.9242656771
9233,951219.9195012277
9234,951219.9284165315
9235,951219.9174229467
9236,951219.914508986
9237,951219.9210507516
9238,951219.9188855949
9239,951219.9220084652
9240,951219.919280801
9241,951219.9290526435
9242,951219.9275406444
9243,951219.9219698213
9244,951219.9154081478
9245,951219.9272587174
9246,951219.9177777157
9247,951219.9161719601
9248,951219.9089757552
9249,951219.9179977272
9250,951219.9212082664
9251,951219.9225010322
9252,951219.9189458194
9253,951219.9173308468
9254,951219.9204176527
9255,951219.9187888476
9256,951219.9275626858
9257,951219.9206080502
9258,951219.9243272924
9259,951219.9208970278
9260,951219.9197929513
9261,951219.9277542619
9262,951219.9232536155
9263,951219.9176821399
9264,951219.9270432682
9265,951219.9164139597
9266,951219.9251150626
9267,951219.9143579518
9268,951219.9147722379
9269,951219.9268879973
9270,951219.9146146254
9271,951219.9393861827
9272,951219.9214306149
9273,951219.924434467
9274,951219.916868175
9275,951219.9222581577
9276,951219.9159991175
9277,951219.9202568679
9278,951219.9240162948
9279,951219.9188242066
9280,951219.9153505054
9281,951219.9278263857
9282,951219.9307343749
9283,951219.9193680356
9284,951219.9215193285
9285,951219.9187752948
9286,951219.9183847858
9287,951219.9216973502
9288,951219.916596617
9289,951219.9183915872
9290,951219.9240661676
9291,951219.9140886113
9292,951219.9148267223
9293,951219.9240329918
9294,951219.9177645422
9295,951219.9239570488
9296,951219.9150274174
9297,951219.92643683
9298,951219.9173984658
9299,951219.9332019159
9300,951219.9136408687
9301,951219.9233725802
9302,951219.9268243979
9303,951219.9189234751
9304,951219.9180989186
9305,951219.9273376869
9306,951219.920316433
9307,951219.9238883043
9308,951219.9199933
9309,951219.926468456
9310,951219.9300063498
9311,951219.9292057549
9312,951219.9195799391
9313,951219.9255729618
9314,951219.9297831008
9315,951219.9183105635
9316,951219.918599804
9317,951219.9212499147
9318,951219.9176929549
9319,951219.9233035424
9320,951219.9242112429
9321,951219.9254327102
9322,951219.9240875614
9323,951219.9214455951
9324,951219.9210338799
9325,951219.9194628904
9326,951219.9192041615
9327,951219.9209621744
9328,951219.9201353968
9329,951219.9169817651
9330,951219.9112222923
9331,951219.9132881658
9332,951219.915616501
9333,951219.9260322667
9334,951219.9204808807
9335,951219.9164124761
9336,951219.9217569893
9337,951219.9232579208
9338,951219.9221276732
9339,951219.9110985736
9340,951219.9233118023
9341,951219.9203513339
9342,951219.9277731688
9343,951219.9161255589
9344,951219.9261622775
9345,951219.9171566954
9346,951219.9285770928
9347,951219.9185028988
9348,951219.9140643871
9349,951219.9177399568
9350,951219.914444141
9351,951219.9233738928
9352,951219.917289514
9353,951219.9212273445
9354,951219.926184588
9355,951219.9281476162
9356,951219.9161882102
9357,951219.9155238391
9358,951219.9179151454
9359,951219.9254393595
9360,951219.9176200547
9361,951219.9152219287
9362,951219.9116972345
9363,951219.918600144
9364,951219.9255418327
9365,951219.9226541742
9366,951219.924527045
9367,951219.917563
9368,951219.9153385443
9369,951219.9183486043
9370,951219.9195315739
9371,951219.9216500908
9372,951219.918758515
9373,951219.9190139313
9374,951219.9244217309
9375,951219.9116916007
9376,951219.9267499256
9377,951219.9149497467
9378,951219.9254226064
9379,951219.9215767855
9380,951219.9281257711
9381,951219.923369407
9382,951219.9226138043
9383,951219.918371898
9384,951219.9236396309
9385,951219.9216434743
9386,951219.9160549352
9387,951219.9205675765
9388,951219.9217392493
9389,951219.9059197485
9390,951219.9244741204
9391,951219.9198661997
9392,951219.9147524529
9393,951219.9217353802
9394,951219.9262710809
9395,951219.9167646689
9396,951219.9175887912
9397,951219.9211408563
9398,951219.9192729993
9399,951219.9156706564
9400,951219.9209818424
9401,951219.9184422749
9402,951219.9183111645
9403,951219.915860812
9404,951219.919876601
9405,951219.92627684
9406,951219.9198437593
9407,951219.922512401
9408,951219.9217499547
9409,951219.9181590538
9410,951219.9185083243
9411,951219.9146711563
9412,951219.9158049836
9413,951219.9267271068
9414,951219.9189139162
9415,951219.9210523488
9416,951219.9220694683
9417,951219.9173273528
9418,951219.9255757245
9419,951219.9198971111
9420,951219.9257863963
9421,951219.913307686
9422,951219.918223082
9423,951219.9195183734
9424,951219.9159119154
9425,951219.9239952455
9426,951219.92577524
9427,951219.917737911
9428,951219.9191855683
9429,951219.9241384593
9430,951219.9232317107
9431,951219.9228991922
9432,951219.922516739
9433,951219.9292291384
9434,951219.918603568
9435,951219.9187960501
9436,951219.9203384983
9437,951219.9258734568
9438,951219.9235868185
9439,951219.9129159206
9440,951219.9147191396
9441,951219.9234008063
9442,951219.9231806698
9443,951219.9223044515
9444,951219.9213313479
9445,951219.9265437966
9446,951219.9237882572
9447,951219.9239725008
9448,951219.9166038457
9449,951219.917676722
9450,951219.9293812948
9451,951219.9165789911
9452,951219.9234659758
9453,951219.9213045981
9454,951219.9190644501
9455,951219.9220077973
9456,951219.9232140577
9457,951219.9221873783
9458,951219.9203370259
9459,951219.9179745754
9460,951219.9208955325
9461,951219.9192184639
9462,951219.9274126372
9463,951219.9226820135
9464,951219.9181511074
9465,951219.9173406375
9466,951219.9264069617
9467,951219.9200535113
9468,951219.9172525861
9469,951219.9220270924
9470,951219.9259869539
9471,951219.9181171033
9472,951219.922423386
9473,951219.9156723926
9474,951219.9230365148
9475,951219.9211061557
9476,951219.9178834908
9477,951219.9207068562
9478,951219.9181018992
9479,951219.9276399821
9480,951219.9060746232
9481,951219.9195515136
9482,951219.921399913
9483,951219.9206104354
9484,951219.9259503998
9485,951219.9225963312
9486,951219.9191774878
9487,951219.9182577019
9488,951219.9249068116
9489,951219.917602312
9490,951219.9256023475
9491,951219.9204638809
9492,951219.9196390953
9493,951219.9224929732
9494,951219.917041382
9495,951219.9240720161
9496,951219.9254769319
9497,951219.9254580582
9498,951219.9210013744
9499,951219.9215513029
9500,951219.9211421963
9501,951219.9205891691
9502,951219.9205891698
9503,628580.8265279004
9504,628580.8265278997
9505,628580.8265279002
9506,628580.8265278995
9507,628580.8265279017
9508,628580.8265279004
9509,628580.8265278997
9510,628580.8265278996
9511,628580.8265279003
9512,628580.826527899
9513,628580.826527901
9514,628580.8264876737
9515,628580.822511699
9516,628580.8237315366
9517,628580.8309127173
9518,628580.8262297555
9519,628580.8266061989
9520,628580.8316230129
9521,628580.8238007624
9522,628580.823972356
9523,628580.8265797815
9524,628580.8253905661
9525,628580.82683153
9526,628580.8263085026
9527,628580.8273804969
9528,628580.8279788683
9529,628580.825879555
9530,628580.8274548893
9531,628580.8253935418
9532,628580.8244562885
9533,628580.8257112533
9534,628580.8292953365
9535,628580.8257774041
9536,628580.8282655457
9537,628580.8250450129
9538,628580.8264188964
9539,628580.8287823187
9540,628580.8250998523
9541,628580.8250781784
9542,628580.8286522798
9543,628580.8280109813
9544,628580.8285570986
9545,628580.8266472896
9546,628580.8295455661
9547,628580.8234980546
9548,628580.8253311479
9549,628580.8261448643
9550,628580.8261837545
9551,628580.8279768581
9552,628580.8250115132
9553,628580.8243956346
9554,628580.8280516557
9555,628580.828022877
9556,628580.827131237
9557,628580.8271149215
9558,628580.8293397115
9559,628580.8258470392
9560,628580.8265417309
9561,628580.8287002183
9562,628580.8213989208
9563,628580.828759254
9564,628580.8267276039
9565,628580.8260707366
9566,628580.8277396947
9567,628580.8266692237
9568,628580.82652448
9569,628580.8246734162
9570,628580.8263719591
9571,628580.827656971
9572,628580.8242249431
9573,628580.8266765529
9574,628580.8262970273
9575,628580.8266397832
9576,628580.8265784463
9577,628580.8257137181
9578,628580.8301340296
9579,628580.8269876882
9580,628580.8281114324
9581,628580.8246459995
9582,628580.8239054792
9583,628580.8231473056
9584,628580.8274669262
9585,628580.8278311574
9586,628580.8254373017
9587,628580.8235097998
9588,628580.8275686586
9589,628580.8249242094
9590,628580.8245236744
9591,628580.8255827511
9592,628580.8280780232
9593,628580.8291524642
9594,628580.8261042143
9595,628580.823751038
9596,628580.8330060069
9597,628580.829661783
9598,628580.82469989
9599,628580.8254372003
9600,628580.8266443189
9601,628580.828726186
9602,628580.8239669631
9603,628580.8261860223
9604,628580.8292711771
9605,628580.8280412852
9606,628580.8265110155
9607,628580.8246837506
9608,628580.8253769508
9609,628580.8241749834
9610,628580.8243021711
9611,628580.8262189068
9612,628580.8253488148
9613,628580.8231553811
9614,628580.8276739562
9615,628580.8255266347
9616,628580.8279840285
9617,628580.8278875634
9618,628580.8276404975
9619,628580.8264198002
9620,628580.8277643523
9621,628580.8267437627
9622,628580.82824121
9623,628580.8269663557
9624,628580.8280410944
9625,628580.8243727805
9626,628580.8262471409
9627,628580.8233890334
9628,628580.8229685095
9629,628580.825407465
9630,628580.826002433
9631,628580.8286680676
9632,628580.8279224223
9633,628580.8282862343
9634,628580.8248359964
9635,628580.8254255237
9636,628580.8285955911
9637,628580.825303321
9638,628580.8256246394
9639,628580.8292942543
9640,628580.8272667617
9641,628580.8305731516
9642,628580.8230792903
9643,628580.8272316821
9644,628580.8282394037
9645,628580.8252026046
9646,628580.828796236
9647,628580.827336298
9648,628580.8266942631
9649,628580.8247903249
9650,628580.8291653631
9651,628580.8291144385
9652,628580.8267768149
9653,628580.8253420434
9654,628580.8275428216
9655,628580.8224832127
9656,628580.8244127942
9657,628580.8248278769
9658,628580.8265704182
9659,628580.8280572346
9660,628580.8256321978
9661,628580.827025835
9662,628580.8245145817
9663,628580.8284709626
9664,628580.8302698447
9665,628580.8282296936
9666,628580.825949089
9667,628580.82810018
9668,628580.8232874363
9669,628580.825555576
9670,628580.8292539221
9671,628580.8284753396
9672,628580.8269770589
9673,628580.8284273077
9674,628580.8258125539
9675,628580.8272215815
9676,628580.829246928
9677,628580.8290745777
9678,628580.8270516008
9679,628580.8253169152
9680,628580.824554637
9681,628580.825983144
9682,628580.8279707534
9683,628580.8255784345
9684,628580.8258824184
9685,628580.8291961412
9686,628580.830277059
9687,628580.8265363236
9688,628580.825903693
9689,628580.8227704272
9690,628580.8263864802
9691,628580.8270854341
9692,628580.8278797376
9693,628580.8251957854
9694,628580.8246414398
9695,628580.830079066
9696,628580.8250193917
9697,628580.8256326419
9698,628580.8240384618
9699,628580.8295651788
9700,628580.8292644431
9701,628580.8275665474
9702,628580.8293783308
9703,628580.826884965
9704,628580.8240671451
9705,628580.8274574612
9706,628580.8268499704
9707,628580.8259866349
9708,628580.8241213151
9709,628580.8301105571
9710,628580.8265312202
9711,628580.8261114239
9712,628580.8265484028
9713,628580.8266045969
9714,628580.8265603299
9715,628580.8258878096
9716,628580.8248301349
9717,628580.8335604719
9718,628580.8244465312
9719,628580.8273733825
9720,628580.8262291516
9721,628580.8291524634
9722,628580.8275359903
9723,628580.8256017873
9724,628580.8254088367
9725,628580.8220090071
9726,628580.827988769
9727,628580.8259910109
9728,628580.8261659594
9729,628580.8307209869
9730,628580.8263424037
9731,628580.8267347873
9732,628580.820369606
9733,628580.824062445
9734,628580.8262162693
9735,628580.8279899784
9736,628580.8294556066
9737,628580.8314546223
9738,628580.8278214927
9739,628580.8289117035
9740,628580.8266628772
9741,628580.826153889
9742,628580.8307034755
9743,628580.8267339335
9744,628580.8281761674
9745,628580.8255728241
9746,628580.829673975
9747,628580.8214868184
9748,628580.8269367279
9749,628580.8275082567
9750,628580.8272806373
9751,628580.8278197629
9752,628580.8250945976
9753,628580.8266933777
9754,628580.8270776211
9755,628580.8284942511
9756,628580.8249226558
9757,628580.8306334184
9758,628580.8252236589
9759,628580.8267241742
9760,628580.8275130461
9761,628580.8213954536
9762,628580.8284114843
9763,628580.8224435328
9764,628580.822227228
9765,628580.8294100162
9766,628580.8243602398
9767,628580.8243310545
9768,628580.8273044459
9769,628580.8277463383
9770,628580.8240273945
9771,628580.8258291389
9772,628580.8299951227
9773,628580.8284196408
9774,628580.8261274615
9775,628580.8277247356
9776,628580.8241462322
9777,628580.8209801483
9778,628580.8301691305
9779,628580.8303167986
9780,628580.828326205
9781,628580.82560898
9782,628580.8253408828
9783,628580.8251999745
9784,628580.8240810863
9785,628580.8266204196
9786,628580.8305745336
9787,628580.8267301192
9788,628580.8263776681
9789,628580.8289571385
9790,628580.8291779573
9791,628580.8259681881
9792,628580.8255299644
9793,628580.8276977659
9794,628580.8258858954
9795,628580.825485689
9796,628580.8275527005
9797,628580.8224207235
9798,628580.8265454544
9799,628580.8280766679
9800,628580.822011602
9801,628580.8239088226
9802,628580.8231115002
9803,628580.8279265298
9804,628580.8268487797
9805,628580.8265831417
9806,628580.822290329
9807,628580.8298249483
9808,628580.8266297854
9809,628580.8281869497
9810,628580.8259964291
9811,628580.8271899059
9812,628580.8251957968
9813,628580.8255618511
9814,628580.8261483033
9815,628580.8294550371
9816,628580.8277723638
9817,628580.8242537775
9818,628580.8199777575
9819,628580.824860166
9820,628580.8314809133
9821,628580.8238143709
9822,628580.8248121372
9823,628580.8276954175
9824,628580.8273332987
9825,628580.8260620646
9826,628580.8291860357
9827,628580.8309149997
9828,628580.8242843458
9829,628580.8255394818
9830,628580.8297433903
9831,628580.8289523983
9832,628580.8247285604
9833,628580.8258623135
9834,628580.8277288999
9835,628580.8289732632
9836,628580.8240430767
9837,628580.822066053
9838,628580.8267190955
9839,628580.8233493266
9840,628580.825141373
9841,628580.829987952
9842,628580.8246550192
9843,628580.830920507
9844,628580.8248544406
9845,628580.825024698
9846,628580.8264072472
9847,628580.8268653768
9848,628580.8310005746
9849,628580.8260419031
9850,628580.8281307135
9851,628580.8237594054
9852,628580.8249399713
9853,628580.8279386905
9854,628580.8266058251
9855,628580.8271480236
9856,628580.8261037794
9857,628580.8230509586
9858,628580.8298528537
9859,628580.8245628643
9860,628580.822849851
9861,628580.8251673862
9862,628580.8249050775
9863,628580.8252768902
9864,628580.8272871542
9865,628580.8259729955
9866,628580.8219889076
9867,628580.8244154627
9868,628580.8217442606
9869,628580.8279096505
9870,628580.8319384615
9871,628580.8255251365
9872,628580.8297337925
9873,628580.8250240906
9874,628580.8280074071
9875,628580.8269454599
9876,628580.8249721208
9877,628580.8246953416
9878,628580.8249604829
9879,628580.8264360247
9880,628580.8300701762
9881,628580.8245113118
9882,628580.8252520845
9883,628580.8263556672
9884,628580.8289091429
9885,628580.8264962278
9886,628580.8268030926
9887,628580.8253314017
9888,628580.8270189791
9889,628580.8264440983
9890,628580.8251563911
9891,628580.8247301414
9892,628580.8240799158
9893,628580.8260328933
9894,628580.8257809973
9895,628580.8267147434
9896,628580.8244760691
9897,628580.8289801064
9898,628580.8228626947
9899,628580.8273167572
9900,628580.8199883881
9901,628580.8249415824
9902,628580.8253010543
9903,628580.8271641984
9904,628580.8302665886
9905,628580.8241049461
9906,628580.8270982758
9907,628580.8237400646
9908,628580.8233631733
9909,628580.8286223622
9910,628580.8275277842
9911,628580.8244034691
9912,628580.8240380558
9913,628580.8303636635
9914,628580.8270446765
9915,628580.829500991
9916,628580.826009417
9917,628580.8293907932
9918,628580.8305611892
9919,628580.8269494765
9920,628580.8276618798
9921,628580.8236823381
9922,628580.8271732166
9923,628580.8286415589
9924,628580.8297641887
9925,628580.8254774197
9926,628580.8269286407
9927,628580.8230230472
9928,628580.8253266786
9929,628580.8257797705
9930,628580.8308111707
9931,628580.8288945549
9932,628580.826684048
9933,628580.8299911583
9934,628580.827577426
9935,628580.8250340167
9936,628580.8225608448
9937,628580.8253038893
9938,628580.8220328182
9939,628580.8258639021
9940,628580.8239624801
9941,628580.8294966281
9942,628580.8268919643
9943,628580.8273390179
9944,628580.8271755486
9945,628580.8275980249
9946,628580.8274588197
9947,628580.8293376786
9948,628580.8243984494
9949,628580.8257692741
9950,628580.8270189082
9951,628580.827422976
9952,628580.8270980061
9953,628580.829393003
9954,628580.8266494178
9955,628580.8279402133
9956,628580.8285140482
9957,628580.8282809213
9958,628580.8274594649
9959,628580.8269854615
9960,628580.82278293
9961,628580.824810392
9962,628580.8256044084
9963,628580.8288261256
9964,628580.8260527767
9965,628580.8284333306
9966,628580.8259007585
9967,628580.8241162425
9968,628580.8286159552
9969,628580.8267486203
9970,628580.8236504679
9971,628580.8282508057
9972,628580.8283316966
9973,628580.8276943684
9974,628580.8282593944
9975,628580.8236714717
9976,628580.8292004749
9977,628580.8272102393
9978,628580.8247885447
9979,628580.8220780505
9980,628580.825569102
9981,628580.828286444
9982,628580.8287102068
9983,628580.8234123362
9984,628580.8248020004
9985,628580.8225749587
9986,628580.8266011215
9987,628580.8290776496
9988,628580.8259245895
9989,628580.827307592
9990,628580.8247206855
9991,628580.8244678834
9992,628580.8292912346
9993,628580.8287361595
9994,628580.8246657522
9995,628580.8262560689
9996,628580.8255149687
9997,628580.8271149653
9998,628580.8253009231
9999,628580.823891049
10000,628580.8283195893
10001,628580.8253346203
10002,628580.8334964197
10003,628580.8274451006
10004,628580.8293401641
10005,628580.8246462169
10006,628580.8267827892
10007,628580.8219206922
10008,628580.828773141
10009,628580.8259033127
10010,628580.8275199281
10011,628580.826299064
10012,628580.8316662791
10013,628580.8314890241
10014,628580.8240315428
10015,628580.8251081301
10016,628580.82935935
10017,628580.8289296867
10018,628580.8254420068
10019,628580.8269455613
10020,628580.824867223
10021,628580.828459392
10022,628580.8246940413
10023,628580.8262272627
10024,628580.8252425111
10025,628580.8235039585
10026,628580.8243911463
10027,628580.8235488416
10028,628580.8292580541
10029,628580.8246494333
10030,628580.8290924691
10031,628580.8243779881
10032,628580.8288503992
10033,628580.8282274606
10034,628580.8253892087
10035,628580.8264818521
10036,628580.8299949853
10037,628580.8287217416
10038,628580.825400431
10039,628580.8247703516
10040,628580.8261421775
10041,628580.8296871345
10042,628580.8307410451
10043,628580.8236190212
10044,628580.830298519
10045,628580.8304208149
10046,628580.8260390039
10047,628580.8248068866
10048,628580.8242773713
10049,628580.823589848
10050,628580.8276274479
10051,628580.8288040014
10052,628580.8281142359
10053,628580.8288606328
10054,628580.826277992
10055,628580.8287358951
10056,628580.829441764
10057,628580.8290203313
10058,628580.8269656097
10059,628580.8260125255
10060,628580.82547012
10061,628580.8222255983
10062,628580.8246025026
10063,628580.8258460244
10064,628580.8278416538
10065,628580.8260372352
10066,628580.8248032313
10067,628580.8259182882
10068,628580.8254299114
10069,628580.8270696546
10070,628580.8235997491
10071,628580.8286212627
10072,628580.8258304831
10073,628580.8303821408
10074,628580.8217337189
10075,628580.826380799
10076,628580.8231568049
10077,628580.8273666521
10078,628580.8270079187
10079,628580.8235454791
10080,628580.8267093168
10081,628580.8220730665
10082,628580.826596052
10083,628580.8243743416
10084,628580.8279599572
10085,628580.8298633135
10086,628580.8307940221
10087,628580.8273798123
10088,628580.8237530336
10089,628580.8252900097
10090,628580.8294095291
10091,628580.8256239933
10092,628580.8256922192
10093,628580.8247565003
10094,628580.827778449
10095,628580.8291596355
10096,628580.8293505849
10097,628580.8262074282
10098,628580.8257119289
10099,628580.8229325191
10100,628580.8242734596
10101,628580.8267088396
10102,628580.8268796552
10103,628580.8263736721
10104,628580.8297316128
10105,628580.8271890448
10106,628580.824007338
10107,628580.8301864449
10108,628580.8236170228
10109,628580.8280093009
10110,628580.8254491535
10111,628580.8325589714
10112,628580.8263220025
10113,628580.8268352487
10114,628580.8239957079
10115,628580.8289068998
10116,628580.8282079186
10117,628580.8282690439
10118,628580.8261291125
10119,628580.8256229341
10120,628580.8215193254
10121,628580.8296067076
10122,628580.826969176
10123,628580.8252887749
10124,628580.8254592584
10125,628580.8288868548
10126,628580.8261136918
10127,628580.8269926067
10128,628580.8255845319
10129,628580.8244107631
10130,628580.8262246058
10131,628580.8264686944
10132,628580.8260142513
10133,628580.8274995236
10134,628580.827587946
10135,628580.8279809157
10136,628580.8269278575
10137,628580.8264600154
10138,628580.8276812703
10139,628580.8283229237
10140,628580.824736919
10141,628580.8261202619
10142,628580.8247831328
10143,628580.826077109
10144,628580.8306979942
10145,628580.8249471453
10146,628580.8286670771
10147,628580.8271312026
10148,628580.825681795
10149,628580.8292393408
10150,628580.8266619445
10151,628580.8308958365
10152,628580.8242346498
10153,628580.8257654789
10154,628580.8260283109
10155,628580.8244829889
10156,628580.8268030769
10157,628580.8276516411
10158,628580.8264377108
10159,628580.8248438438
10160,628580.827255026
10161,628580.8262870479
10162,628580.8243413664
10163,628580.83106539
10164,628580.830959066
10165,628580.8256186645
10166,628580.8240137334
10167,628580.8268776705
10168,628580.8301182316
10169,628580.8264056479
10170,628580.8246852913
10171,628580.8250127498
10172,628580.8294137636
10173,628580.830392821
10174,628580.8273275718
10175,628580.8271378102
10176,628580.8280623368
10177,628580.8258922658
10178,628580.8291275984
10179,628580.8235455713
10180,628580.825904749
10181,628580.8269092912
10182,628580.8238851577
10183,628580.8280677813
10184,628580.8273740603
10185,628580.8256806884
10186,628580.8306664266
10187,628580.8290717419
10188,628580.8283516682
10189,628580.8259514396
10190,628580.8255958143
10191,628580.827682972
10192,628580.8225747735
10193,628580.8301266911
10194,628580.828922172
10195,628580.8284687819
10196,628580.8253779073
10197,628580.8279226176
10198,628580.82656816
10199,628580.8260010437
10200,628580.8269967966
10201,628580.827973612
10202,628580.8253401043
10203,628580.8272718808
10204,628580.8241375141
10205,628580.8279427342
10206,628580.8273332427
10207,628580.8249367496
10208,628580.8257571212
10209,628580.8258200324
10210,628580.8318671136
10211,628580.8223909958
10212,628580.8278998169
10213,628580.825931247
10214,628580.8272291874
10215,628580.8278186871
10216,628580.8284775821
10217,628580.825897367
10218,628580.824238658
10219,628580.8284814957
10220,628580.8292209951
10221,628580.8309015447
10222,628580.82555699
10223,628580.8259706534
10224,628580.8295743838
10225,628580.8283551818
10226,628580.8281594432
10227,628580.8295651142
10228,628580.8294786277
10229,628580.8275801112
10230,628580.8267581979
10231,628580.8243042714
10232,628580.8265279002
10233,628580.8265279009
10234,452876.4247572175
10235,452876.42475721653
10236,452876.4247572164
10237,452876.4247572165
10238,452876.42475721735
10239,452876.42475721665
10240,452876.4247572166
10241,452876.4247572168
10242,452876.4247572168
10243,452876.4247572168
10244,452876.4247572174
10245,452876.4224232154
10246,452876.4236883031
10247,452876.42345372523
10248,452876.4242018061
10249,452876.42450082436
10250,452876.4216231147
10251,452876.42553592136
10252,452876.42405893974
10253,452876.4248239521
10254,452876.4255419875
10255,452876.42737527186
10256,452876.42573333945
10257,452876.4262229447
10258,452876.4262570403
10259,452876.426065574
10260,452876.4252507804
10261,452876.42468683433
10262,452876.4243238827
10263,452876.423289625
10264,452876.4252673953
10265,452876.42382732045
10266,452876.425190091
10267,452876.4253151708
10268,452876.4249715125
10269,452876.4235143305
10270,452876.42374244396
10271,452876.42680435884
10272,452876.42286121997
10273,452876.4248437938
10274,452876.4260650249
10275,452876.42402890493
10276,452876.4243709806
10277,452876.4234793311
10278,452876.42255490116
10279,452876.4260457827
10280,452876.42255197844
10281,452876.42296341714
10282,452876.4260326002
10283,452876.42471488664
10284,452876.42460997193
10285,452876.4257896693
10286,452876.42671020154
10287,452876.424812621
10288,452876.42545267596
10289,452876.42574003944
10290,452876.4234537412
10291,452876.4249402004
10292,452876.4268952479
10293,452876.42135202035
10294,452876.42674984335
10295,452876.4248159558
10296,452876.4273884524
10297,452876.4251609905
10298,452876.4251697301
10299,452876.4243191523
10300,452876.424204267
10301,452876.4230160264
10302,452876.4256267718
10303,452876.42598427774
10304,452876.4218977255
10305,452876.4233841712
10306,452876.42652889056
10307,452876.4234470489
10308,452876.42479562474
10309,452876.4253333007
10310,452876.4239228456
10311,452876.4276656211
10312,452876.4218777749
10313,452876.4242577907
10314,452876.4260367976
10315,452876.4219658484
10316,452876.42363982473
10317,452876.4251706129
10318,452876.42156587937
10319,452876.4265338169
10320,452876.42508544086
10321,452876.42445376166
10322,452876.42320212896
10323,452876.42410220345
10324,452876.4245371032
10325,452876.42485411745
10326,452876.4229992178
10327,452876.423031414
10328,452876.42363012634
10329,452876.42446273426
10330,452876.4251828809
10331,452876.42432727735
10332,452876.42479003815
10333,452876.42237599444
10334,452876.4230240888
10335,452876.425526685
10336,452876.42368379177
10337,452876.4252257366
10338,452876.42482958245
10339,452876.4254124408
10340,452876.42464595975
10341,452876.4230871
10342,452876.42266074155
10343,452876.42579163
10344,452876.4241713561
10345,452876.42479323206
10346,452876.4213116736
10347,452876.42479219736
10348,452876.4248234972
10349,452876.4263654543
10350,452876.425186836
10351,452876.42458045244
10352,452876.42413744796
10353,452876.4255509503
10354,452876.42598534253
10355,452876.4274479713
10356,452876.4230895343
10357,452876.4247167692
10358,452876.4242746609
10359,452876.4262464662
10360,452876.42548094486
10361,452876.4263535007
10362,452876.4279038878
10363,452876.42542934336
10364,452876.4247365135
10365,452876.42338413093
10366,452876.42626338586
10367,452876.42615911656
10368,452876.42274169996
10369,452876.4260516332
10370,452876.42463568837
10371,452876.4289621607
10372,452876.42854474956
10373,452876.4229412072
10374,452876.42338850425
10375,452876.426676641
10376,452876.42106206145
10377,452876.42521258706
10378,452876.4268423504
10379,452876.4269804009
10380,452876.423737293
10381,452876.42395260656
10382,452876.4273147637
10383,452876.425288583
10384,452876.42663933104
10385,452876.4265132614
10386,452876.42527100095
10387,452876.42693162506
10388,452876.4255583836
10389,452876.4247016645
10390,452876.4257732655
10391,452876.4256078999
10392,452876.42413617834
10393,452876.4242831133
10394,452876.42681579443
10395,452876.42422151635
10396,452876.4274361395
10397,452876.42683218373
10398,452876.42529493076
10399,452876.4228636299
10400,452876.4253478687
10401,452876.4228013037
10402,452876.4222330842
10403,452876.42663070164
10404,452876.42360486387
10405,452876.4262239301
10406,452876.4256894858
10407,452876.42564113677
10408,452876.4272430651
10409,452876.4254391057
10410,452876.42560725496
10411,452876.4241725693
10412,452876.4220675895
10413,452876.42480989563
10414,452876.42511015246
10415,452876.4229446179
10416,452876.42564497277
10417,452876.4261589798
10418,452876.4246667319
10419,452876.4257119331
10420,452876.4244279136
10421,452876.4236405563
10422,452876.4261939714
10423,452876.42617145483
10424,452876.42377122736
10425,452876.42704164586
10426,452876.42641393776
10427,452876.42503657297
10428,452876.4266359534
10429,452876.42448563373
10430,452876.4275822703
10431,452876.4228433277
10432,452876.4250777273
10433,452876.42359605164
10434,452876.4247986099
10435,452876.4261983569
10436,452876.42523974896
10437,452876.4234264126
10438,452876.42651048664
10439,452876.4255828365
10440,452876.42808788776
10441,452876.42564235
10442,452876.4250025597
10443,452876.4214933719
10444,452876.42406163283
10445,452876.4269383737
10446,452876.423686133
10447,452876.42254596617
10448,452876.4241216369
10449,452876.42558148626
10450,452876.42448279273
10451,452876.4252293711
10452,452876.4252721615
10453,452876.42343428486
10454,452876.4231003036
10455,452876.4231970778
10456,452876.4222931842
10457,452876.42514588044
10458,452876.42255445814
10459,452876.42505468323
10460,452876.4249109834
10461,452876.4289383554
10462,452876.4257643496
10463,452876.4231882939
10464,452876.4235495199
10465,452876.4239854377
10466,452876.42526774225
10467,452876.42634594184
10468,452876.42569681956
10469,452876.42540675437
10470,452876.4233460894
10471,452876.42253050796
10472,452876.42734406726
10473,452876.4277471203
10474,452876.4236839778
10475,452876.42309211014
10476,452876.4217698469
10477,452876.4247231568
10478,452876.42487347196
10479,452876.4221445311
10480,452876.424198554
10481,452876.4244078125
10482,452876.4264523773
10483,452876.4222035031
10484,452876.4256291076
10485,452876.4226310382
10486,452876.42238532467
10487,452876.42576889234
10488,452876.42775987583
10489,452876.42296559084
10490,452876.421942154
10491,452876.4234683047
10492,452876.42142996227
10493,452876.42554172804
10494,452876.4254020517
10495,452876.4247046524
10496,452876.4250588585
10497,452876.420941123
10498,452876.4236446461
10499,452876.4257228389
10500,452876.4259769635
10501,452876.4260396087
10502,452876.42486411013
10503,452876.4267231978
10504,452876.4238706147
10505,452876.4217732848
10506,452876.42295634875
10507,452876.4270670185
10508,452876.4214974711
10509,452876.42495002307
10510,452876.4242490177
10511,452876.4252494319
10512,452876.42620868527
10513,452876.4225870171
10514,452876.42638964235
10515,452876.42754726775
10516,452876.4227177514
10517,452876.42688240256
10518,452876.42327632796
10519,452876.42354291386
10520,452876.4275029581
10521,452876.4230093629
10522,452876.42351658054
10523,452876.42560538783
10524,452876.42402154044
10525,452876.423414317
10526,452876.4258779046
10527,452876.42639728973
10528,452876.42249807424
10529,452876.42529045243
10530,452876.4235631785
10531,452876.4230287291
10532,452876.4238454782
10533,452876.4220474499
10534,452876.42455982673
10535,452876.4235417523
10536,452876.42541121505
10537,452876.4221768044
10538,452876.42677996226
10539,452876.42661201785
10540,452876.42496547045
10541,452876.4245371847
10542,452876.425151882
10543,452876.42443486344
10544,452876.42602041585
10545,452876.4242289248
10546,452876.4244155631
10547,452876.4260417047
10548,452876.42419873277
10549,452876.4231713128
10550,452876.424109403
10551,452876.42477199226
10552,452876.423833854
10553,452876.4247905706
10554,452876.4232476547
10555,452876.4256675943
10556,452876.4245421573
10557,452876.4268780109
10558,452876.42506788083
10559,452876.4266017514
10560,452876.4234357663
10561,452876.42580891534
10562,452876.4256741106
10563,452876.4258034682
10564,452876.4243095326
10565,452876.42861640564
10566,452876.42444671824
10567,452876.42289012094
10568,452876.42247223295
10569,452876.4281862139
10570,452876.4243764075
10571,452876.42657288274
10572,452876.4268499532
10573,452876.424164524
10574,452876.42521799
10575,452876.4266593408
10576,452876.4240763023
10577,452876.42543245706
10578,452876.4249370273
10579,452876.42608314485
10580,452876.42390545085
10581,452876.4232663268
10582,452876.4234874835
10583,452876.42605305504
10584,452876.42236304644
10585,452876.4245536003
10586,452876.4248838414
10587,452876.421762756
10588,452876.4234042904
10589,452876.4243363124
10590,452876.4241876144
10591,452876.42475762597
10592,452876.4231542378
10593,452876.4231286327
10594,452876.4240002329
10595,452876.4230261077
10596,452876.42701049946
10597,452876.42047975364
10598,452876.4235746186
10599,452876.4236728082
10600,452876.4246086511
10601,452876.4255432298
10602,452876.4249929307
10603,452876.42444302666
10604,452876.422672469
10605,452876.4277079928
10606,452876.4228714556
10607,452876.4255000234
10608,452876.42332301184
10609,452876.4242539
10610,452876.4243187403
10611,452876.42301741324
10612,452876.42354091763
10613,452876.42736220476
10614,452876.424798908
10615,452876.426743548
10616,452876.42709915875
10617,452876.42686027766
10618,452876.4241470292
10619,452876.4226904986
10620,452876.4252421654
10621,452876.42561712564
10622,452876.42168213346
10623,452876.4249959085
10624,452876.42521287786
10625,452876.423204065
10626,452876.42385216424
10627,452876.42255150585
10628,452876.42516137304
10629,452876.42656819586
10630,452876.42450994364
10631,452876.42385726725
10632,452876.4221843915
10633,452876.42481103487
10634,452876.42462778173
10635,452876.42632762296
10636,452876.426590195
10637,452876.4242853065
10638,452876.42284265324
10639,452876.42164132005
10640,452876.4253023244
10641,452876.42413314834
10642,452876.4240887556
10643,452876.4219063184
10644,452876.4296833307
10645,452876.42580296064
10646,452876.42585218087
10647,452876.42253992934
10648,452876.4267432777
10649,452876.4230363143
10650,452876.4250056438
10651,452876.42823038006
10652,452876.42292106
10653,452876.4248094957
10654,452876.4271500131
10655,452876.42507631064
10656,452876.4253753815
10657,452876.42488832376
10658,452876.4247366211
10659,452876.42362154636
10660,452876.42718074383
10661,452876.4294843275
10662,452876.4280964602
10663,452876.4263254532
10664,452876.42543212965
10665,452876.4235084467
10666,452876.4220651592
10667,452876.4247786564
10668,452876.4226543753
10669,452876.4241186266
10670,452876.4253524991
10671,452876.42670480645
10672,452876.4267548915
10673,452876.42453259777
10674,452876.42639830743
10675,452876.42686079035
10676,452876.42653370294
10677,452876.4254088731
10678,452876.4246329945
10679,452876.42583808425
10680,452876.4241485866
10681,452876.4277888768
10682,452876.42547042697
10683,452876.42550163186
10684,452876.42369523464
10685,452876.42488027236
10686,452876.4265043719
10687,452876.42475245876
10688,452876.42449459323
10689,452876.42548028857
10690,452876.4279726722
10691,452876.42607332993
10692,452876.42694229406
10693,452876.42213299166
10694,452876.4264177502
10695,452876.4255351626
10696,452876.42807713145
10697,452876.4245581846
10698,452876.42286919703
10699,452876.42532545794
10700,452876.4249735892
10701,452876.4251446227
10702,452876.4233155218
10703,452876.42715005274
10704,452876.4273689497
10705,452876.4248345261
10706,452876.42215111887
10707,452876.4270166804
10708,452876.4241520276
10709,452876.42404108983
10710,452876.42341371806
10711,452876.4230312324
10712,452876.4247714853
10713,452876.4250468272
10714,452876.42708772526
10715,452876.42402555735
10716,452876.42608766863
10717,452876.42525165784
10718,452876.4269761292
10719,452876.42383187375
10720,452876.42379712046
10721,452876.4262372801
10722,452876.42457256565
10723,452876.4263511106
10724,452876.42399977735
10725,452876.4218937937
10726,452876.4249821534
10727,452876.42185005214
10728,452876.42512517754
10729,452876.4232962019
10730,452876.4232274044
10731,452876.42652777286
10732,452876.4229855973
10733,452876.4294054619
10734,452876.4252169299
10735,452876.4268066342
10736,452876.42334508616
10737,452876.42536084185
10738,452876.4243232629
10739,452876.4230647528
10740,452876.42506886256
10741,452876.4253140672
10742,452876.42252987693
10743,452876.4265332407
10744,452876.4266622767
10745,452876.4245477807
10746,452876.42564550147
10747,452876.4231088463
10748,452876.42307601473
10749,452876.4248290352
10750,452876.4234982969
10751,452876.4230638524
10752,452876.42661262455
10753,452876.4233347812
10754,452876.4238359076
10755,452876.42636688903
10756,452876.4245394047
10757,452876.4255585631
10758,452876.4237882499
10759,452876.42564245884
10760,452876.42428010295
10761,452876.4283900814
10762,452876.42075004167
10763,452876.4260890991
10764,452876.4262103208
10765,452876.42500867485
10766,452876.42500091414
10767,452876.42630080634
10768,452876.4241576618
10769,452876.42470499466
10770,452876.4240129249
10771,452876.4247583053
10772,452876.4255418081
10773,452876.42667755025
10774,452876.4266095279
10775,452876.4251070606
10776,452876.42582210613
10777,452876.4240855698
10778,452876.4246747843
10779,452876.4250439334
10780,452876.4213988016
10781,452876.42541093146
10782,452876.4251923142
10783,452876.4265758064
10784,452876.4248526576
10785,452876.424215401
10786,452876.42327105405
10787,452876.4244561717
10788,452876.4220430967
10789,452876.4256103217
10790,452876.42297056515
10791,452876.4242968899
10792,452876.42426791735
10793,452876.4227631124
10794,452876.42363081203
10795,452876.4276332206
10796,452876.4253821028
10797,452876.4246545025
10798,452876.4250452809
10799,452876.42480147653
10800,452876.4239279321
10801,452876.42293910123
10802,452876.4252761581
10803,452876.4252695962
10804,452876.42651580257
10805,452876.4246994908
10806,452876.42756572785
10807,452876.42343635735
10808,452876.4272271619
10809,452876.4244376875
10810,452876.422422829
10811,452876.42400711204
10812,452876.4235605491
10813,452876.42637366924
10814,452876.42466756003
10815,452876.4247311215
10816,452876.42390726233
10817,452876.42665291374
10818,452876.4234114073
10819,452876.42398483393
10820,452876.4263138843
10821,452876.42649682635
10822,452876.42305285664
10823,452876.42367570195
10824,452876.42133103154
10825,452876.4246935275
10826,452876.42577586445
10827,452876.42498014995
10828,452876.42635833134
10829,452876.42426268035
10830,452876.4228515417
10831,452876.4240449845
10832,452876.42355993326
10833,452876.42390932137
10834,452876.4237463848
10835,452876.42406289844
10836,452876.4273866047
10837,452876.42424689815
10838,452876.42551797355
10839,452876.4219090333
10840,452876.42655223375
10841,452876.42495400674
10842,452876.42518316454
10843,452876.4262427921
10844,452876.4250842423
10845,452876.4239372348
10846,452876.42547939834
10847,452876.4253862878
10848,452876.4234130911
10849,452876.42485911946
10850,452876.42543592036
10851,452876.42096386984
10852,452876.4258946769
10853,452876.4242004628
10854,452876.42249409854
10855,452876.4252476183
10856,452876.42689582816
10857,452876.4240481708
10858,452876.4236042513
10859,452876.42534915626
10860,452876.4259976163
10861,452876.423733979
10862,452876.42558447906
10863,452876.4230834488
10864,452876.42550291
10865,452876.4246023718
10866,452876.42449365614
10867,452876.4269404439
10868,452876.4236342513
10869,452876.4259595274
10870,452876.42486193136
10871,452876.4233769296
10872,452876.4241758515
10873,452876.4235671547
10874,452876.42421710276
10875,452876.4247046029
10876,452876.42516655487
10877,452876.4254849579
10878,452876.4258351329
10879,452876.42367383663
10880,452876.4250607022
10881,452876.4226052106
10882,452876.4256195525
10883,452876.42113932176
10884,452876.4246212344
10885,452876.42517945234
10886,452876.4228963588
10887,452876.42533301655
10888,452876.42594067764
10889,452876.42357556586
10890,452876.4240210309
10891,452876.4265595141
10892,452876.42382386763
10893,452876.4244875847
10894,452876.42387187586
10895,452876.42795976694
10896,452876.423120428
10897,452876.42535556364
10898,452876.423764556
10899,452876.4280092203
10900,452876.42515769624
10901,452876.42167585273
10902,452876.4228906575
10903,452876.42514815106
10904,452876.4241533697
10905,452876.42524006095
10906,452876.4247336237
10907,452876.4258784847
10908,452876.4252843179
10909,452876.42575321026
10910,452876.42630094703
10911,452876.42384842393
10912,452876.4266058545
10913,452876.4237627138
10914,452876.42600906384
10915,452876.4252260188
10916,452876.4248940965
10917,452876.4233532365
10918,452876.4247130825
10919,452876.4255940185
10920,452876.42538745014
10921,452876.42387870164
10922,452876.42461219034
10923,452876.426299627
10924,452876.4273568692
10925,452876.4248119062
10926,452876.42217695096
10927,452876.42205537704
10928,452876.4266674866
10929,452876.42485387006
10930,452876.42452421994
10931,452876.4252108008
10932,452876.4263865465
10933,452876.4245961627
10934,452876.4256690172
10935,452876.4226317035
10936,452876.42537051765
10937,452876.42510725156
10938,452876.42495774204
10939,452876.42569765175
10940,452876.42603042396
10941,452876.4260362179
10942,452876.41930260236
10943,452876.42383630323
10944,452876.4245046157
10945,452876.4240915101
10946,452876.4259182167
10947,452876.4259595984
10948,452876.4248011176
10949,452876.4240217506
10950,452876.42503670085
10951,452876.4243410783
10952,452876.4240150985
10953,452876.42416867136
10954,452876.4251252397
10955,452876.4262891257
10956,452876.42205065594
10957,452876.4257013549
10958,452876.4263806264
10959,452876.4273794702
10960,452876.4256229718
10961,452876.42485012044
10962,452876.4254848884
10963,452876.42475721776
10964,452876.42475721746
10965,319879.4524600607
10966,319879.4524600613
10967,319879.4524600612
10968,319879.452460061
10969,319879.4524600609
10970,319879.4524600605
10971,319879.4524600608
10972,319879.4524600607
10973,319879.45246006123
10974,319879.45246006123
10975,319879.4524600615
10976,319879.45201201405
10977,319879.452309013
10978,319879.4526424139
10979,319879.45203892223
10980,319879.45223242685
10981,319879.4519654963
10982,319879.4531673099
10983,319879.4529160817
10984,319879.4525674278
10985,319879.45296727
10986,319879.4537562132
10987,319879.45276200527
10988,319879.4519825436
10989,319879.45257394604
10990,319879.4523813049
10991,319879.45278314897
10992,319879.4523407482
10993,319879.45268635725
10994,319879.4526793818
10995,319879.4526548235
10996,319879.4524498607
10997,319879.45302440046
10998,319879.4522259453
10999,319879.4523825297
11000,319879.45157160953
11001,319879.45219891897
11002,319879.4522213465
11003,319879.45254396927
11004,319879.45209087414
11005,319879.4526554449
11006,319879.4517318495
11007,319879.4524396304
11008,319879.4520226505
11009,319879.45216395985
11010,319879.452112695
11011,319879.452482817
11012,319879.45226190746
11013,319879.452762128
11014,319879.4525201508
11015,319879.4532255627
11016,319879.45279099885
11017,319879.452536431
11018,319879.4527061153
11019,319879.4528350467
11020,319879.4528172093
11021,319879.45264130534
11022,319879.45316508575
11023,319879.4521819626
11024,319879.452193048
11025,319879.45241098263
11026,319879.4527855255
11027,319879.45320362854
11028,319879.4520205012
11029,319879.4527001498
11030,319879.4527487217
11031,319879.4532160269
11032,319879.4517785256
11033,319879.4521420924
11034,319879.45247335656
11035,319879.45199898497
11036,319879.45238217514
11037,319879.4529411568
11038,319879.45192223525
11039,319879.4526004635
11040,319879.4525069904
11041,319879.4528612661
11042,319879.4524928609
11043,319879.4513310288
11044,319879.451732319
11045,319879.45300783904
11046,319879.4513637396
11047,319879.45172544516
11048,319879.4519376413
11049,319879.4523106152
11050,319879.4525312478
11051,319879.4530769677
11052,319879.4524363955
11053,319879.4525217344
11054,319879.45187855675
11055,319879.45212843845
11056,319879.45250231115
11057,319879.4510981821
11058,319879.45238885115
11059,319879.452221952
11060,319879.4518519402
11061,319879.4529080282
11062,319879.45209492184
11063,319879.4530069597
11064,319879.45220552525
11065,319879.45199532976
11066,319879.45306244964
11067,319879.45238388714
11068,319879.45297161216
11069,319879.45226718986
11070,319879.45265189663
11071,319879.4535959065
11072,319879.45238969923
11073,319879.4518565833
11074,319879.4531194632
11075,319879.4526426293
11076,319879.45161736425
11077,319879.4513590327
11078,319879.45173633686
11079,319879.4527138092
11080,319879.45276754466
11081,319879.4522287525
11082,319879.45248758857
11083,319879.45275277644
11084,319879.45276944485
11085,319879.45286846266
11086,319879.45340785134
11087,319879.4518281277
11088,319879.45245834993
11089,319879.45248191
11090,319879.4531620794
11091,319879.4530410334
11092,319879.4530859948
11093,319879.4524228562
11094,319879.4515633941
11095,319879.4522761635
11096,319879.45197018696
11097,319879.45285212464
11098,319879.45235747995
11099,319879.4525465653
11100,319879.45436578314
11101,319879.451775286
11102,319879.4538890651
11103,319879.45295551146
11104,319879.4525264954
11105,319879.45223549474
11106,319879.4523040591
11107,319879.45203204575
11108,319879.4529254504
11109,319879.4526438012
11110,319879.4527419734
11111,319879.45219592965
11112,319879.4518478059
11113,319879.45272612816
11114,319879.4519909864
11115,319879.45299428015
11116,319879.45434355806
11117,319879.45222477225
11118,319879.45248712786
11119,319879.4533036691
11120,319879.4513814226
11121,319879.45275875524
11122,319879.4529642491
11123,319879.45265732124
11124,319879.45208049234
11125,319879.4525626549
11126,319879.45150196366
11127,319879.45262481464
11128,319879.4529416404
11129,319879.45341513614
11130,319879.45223409013
11131,319879.45383024856
11132,319879.4518093426
11133,319879.4520712873
11134,319879.45272431895
11135,319879.45232717943
11136,319879.4524640051
11137,319879.45195823786
11138,319879.45309643866
11139,319879.45285979524
11140,319879.4521348018
11141,319879.45358183084
11142,319879.4523857744
11143,319879.4524328111
11144,319879.45248717547
11145,319879.452195801
11146,319879.4525829584
11147,319879.45193132287
11148,319879.4526000128
11149,319879.4530738794
11150,319879.45279440423
11151,319879.45259189804
11152,319879.45216238935
11153,319879.4533081456
11154,319879.4533319125
11155,319879.45311308885
11156,319879.45341015764
11157,319879.4525581924
11158,319879.4522308772
11159,319879.4525618294
11160,319879.4529064052
11161,319879.4530331365
11162,319879.45143865113
11163,319879.4519125905
11164,319879.45215879905
11165,319879.45205056877
11166,319879.4524987958
11167,319879.4518819223
11168,319879.4522340126
11169,319879.4525943948
11170,319879.45236248703
11171,319879.45228257106
11172,319879.45184646465
11173,319879.4522071538
11174,319879.4518130325
11175,319879.4526569228
11176,319879.45425185555
11177,319879.45223034953
11178,319879.4519684424
11179,319879.4520717418
11180,319879.4524595121
11181,319879.45205129613
11182,319879.4523250828
11183,319879.4519300217
11184,319879.4521149748
11185,319879.4528050223
11186,319879.4517094708
11187,319879.45187474636
11188,319879.45281645283
11189,319879.45197440364
11190,319879.45205627434
11191,319879.45349186956
11192,319879.4538159987
11193,319879.4528176913
11194,319879.45233486546
11195,319879.4532627713
11196,319879.4524738422
11197,319879.45209568087
11198,319879.4512416729
11199,319879.4526307479
11200,319879.45283331914
11201,319879.45275455323
11202,319879.45187453483
11203,319879.4515224824
11204,319879.4532125562
11205,319879.4527562259
11206,319879.4508795674
11207,319879.4515540608
11208,319879.45228521334
11209,319879.45233218843
11210,319879.4523341013
11211,319879.4515148235
11212,319879.45150391053
11213,319879.452330146
11214,319879.4515616644
11215,319879.4525262529
11216,319879.4516175591
11217,319879.4522333813
11218,319879.45283021615
11219,319879.4531230621
11220,319879.4520857026
11221,319879.4513741806
11222,319879.4518451591
11223,319879.4518832473
11224,319879.4527826138
11225,319879.4534170477
11226,319879.45269621327
11227,319879.45239349635
11228,319879.45210754086
11229,319879.4517564672
11230,319879.45296001475
11231,319879.45213886985
11232,319879.4521690045
11233,319879.4532809543
11234,319879.45357562636
11235,319879.45243455673
11236,319879.45156833745
11237,319879.4522451084
11238,319879.4526897717
11239,319879.4513292589
11240,319879.4514067541
11241,319879.4525632973
11242,319879.4523836668
11243,319879.4538483861
11244,319879.45197870024
11245,319879.45335641963
11246,319879.45262608456
11247,319879.4509875973
11248,319879.452631083
11249,319879.4513515071
11250,319879.45303447725
11251,319879.4533751025
11252,319879.4518857819
11253,319879.4520479399
11254,319879.45302907634
11255,319879.4523295703
11256,319879.4519835566
11257,319879.45233043213
11258,319879.45190442
11259,319879.45138222334
11260,319879.45294265664
11261,319879.45198280737
11262,319879.45236059476
11263,319879.4520542299
11264,319879.4516754692
11265,319879.4517009838
11266,319879.4522330526
11267,319879.45195184235
11268,319879.4524923142
11269,319879.4522321679
11270,319879.4528802119
11271,319879.45340073085
11272,319879.4522198834
11273,319879.45381146565
11274,319879.4531098324
11275,319879.45244154014
11276,319879.45179480815
11277,319879.4522997059
11278,319879.4535815926
11279,319879.45252214087
11280,319879.45291661826
11281,319879.45144688874
11282,319879.4522623898
11283,319879.4520919907
11284,319879.4530308442
11285,319879.4525980655
11286,319879.4519005956
11287,319879.4532178269
11288,319879.45294796664
11289,319879.4534750809
11290,319879.4533349809
11291,319879.4526910558
11292,319879.45295641554
11293,319879.45294993394
11294,319879.45335486636
11295,319879.4526079119
11296,319879.45376458694
11297,319879.452509756
11298,319879.4516513954
11299,319879.45199810236
11300,319879.45318517927
11301,319879.45260792243
11302,319879.4520877321
11303,319879.453039014
11304,319879.45295508316
11305,319879.4523922611
11306,319879.4523795068
11307,319879.4522125012
11308,319879.45314668666
11309,319879.4518250823
11310,319879.4531413955
11311,319879.45183544233
11312,319879.4515217067
11313,319879.4530137218
11314,319879.4530427455
11315,319879.45176241355
11316,319879.4528568703
11317,319879.45275850646
11318,319879.45154086594
11319,319879.45223149774
11320,319879.4517944435
11321,319879.45248187013
11322,319879.45256704435
11323,319879.4519092237
11324,319879.45193763694
11325,319879.452557946
11326,319879.4529399986
11327,319879.45280703774
11328,319879.45124663744
11329,319879.4519599284
11330,319879.45264998847
11331,319879.45253211586
11332,319879.452632016
11333,319879.45272713713
11334,319879.4520068446
11335,319879.4527266454
11336,319879.4533622188
11337,319879.4520442467
11338,319879.4528069781
11339,319879.4520589179
11340,319879.45226400136
11341,319879.4532963246
11342,319879.4520654116
11343,319879.45288309356
11344,319879.4534593811
11345,319879.4516900355
11346,319879.4522272045
11347,319879.4530304821
11348,319879.45312690863
11349,319879.45266255294
11350,319879.45272256626
11351,319879.4533083111
11352,319879.45187695173
11353,319879.45160466194
11354,319879.45225679246
11355,319879.4526414339
11356,319879.45309759653
11357,319879.4526787811
11358,319879.4526379663
11359,319879.4529723997
11360,319879.4532546677
11361,319879.45257568744
11362,319879.45250079705
11363,319879.4523259026
11364,319879.4527113086
11365,319879.45285288495
11366,319879.4527261924
11367,319879.4536601017
11368,319879.4520492548
11369,319879.45236649265
11370,319879.4505138764
11371,319879.453227719
11372,319879.45148786006
11373,319879.45223767543
11374,319879.4526037967
11375,319879.45293090347
11376,319879.4518269983
11377,319879.4529341346
11378,319879.45125519636
11379,319879.452479858
11380,319879.451811985
11381,319879.4525771771
11382,319879.4522030593
11383,319879.4523841672
11384,319879.45259468636
11385,319879.45429608657
11386,319879.45240636246
11387,319879.45262252685
11388,319879.45316111355
11389,319879.4522819321
11390,319879.4520581164
11391,319879.4529544943
11392,319879.4539536126
11393,319879.452713156
11394,319879.4521710768
11395,319879.45218452386
11396,319879.4525834528
11397,319879.4510941068
11398,319879.4523172619
11399,319879.45261390443
11400,319879.4515389473
11401,319879.45226741885
11402,319879.4528131465
11403,319879.452861917
11404,319879.45140081225
11405,319879.4531546527
11406,319879.4537366257
11407,319879.4527981801
11408,319879.4529969237
11409,319879.4517365582
11410,319879.4515053197
11411,319879.45203485276
11412,319879.45304995956
11413,319879.4525079994
11414,319879.45158567984
11415,319879.4520144677
11416,319879.4519157729
11417,319879.45250220195
11418,319879.45256543235
11419,319879.45146370446
11420,319879.45192387974
11421,319879.4530142266
11422,319879.45324595686
11423,319879.4534481825
11424,319879.45214041247
11425,319879.453091193
11426,319879.4522659068
11427,319879.45372132154
11428,319879.4522279969
11429,319879.4510984354
11430,319879.4533086156
11431,319879.4531872916
11432,319879.452553095
11433,319879.4529071119
11434,319879.4520544658
11435,319879.4523329606
11436,319879.4526036546
11437,319879.4524448967
11438,319879.45324268384
11439,319879.4519967651
11440,319879.4527107414
11441,319879.4529340327
11442,319879.45229481213
11443,319879.4525486526
11444,319879.4519594669
11445,319879.45279554004
11446,319879.4527564524
11447,319879.4526297712
11448,319879.4538277604
11449,319879.4533863395
11450,319879.45179725095
11451,319879.45231687074
11452,319879.4532242774
11453,319879.452156189
11454,319879.4524771669
11455,319879.45180151996
11456,319879.45121159556
11457,319879.4509846738
11458,319879.4511889803
11459,319879.4520402197
11460,319879.4523073596
11461,319879.4524510915
11462,319879.4525752623
11463,319879.45152941684
11464,319879.4531470546
11465,319879.4526715955
11466,319879.45373524324
11467,319879.452612948
11468,319879.45262472215
11469,319879.4525257367
11470,319879.4516467745
11471,319879.4521927481
11472,319879.45342163014
11473,319879.45227468846
11474,319879.45273156813
11475,319879.4518635464
11476,319879.45241661876
11477,319879.4525228958
11478,319879.45206486597
11479,319879.45321750705
11480,319879.45172114944
11481,319879.45175395464
11482,319879.4517914874
11483,319879.4532517054
11484,319879.45269603346
11485,319879.45317056635
11486,319879.45277916803
11487,319879.4527014887
11488,319879.45261893305
11489,319879.4527368228
11490,319879.4521627701
11491,319879.4529003373
11492,319879.45216896076
11493,319879.4514811031
11494,319879.4530850897
11495,319879.45202649274
11496,319879.4528203746
11497,319879.452546225
11498,319879.4529303461
11499,319879.45305724675
11500,319879.45149339305
11501,319879.4522271952
11502,319879.4513691187
11503,319879.45125189144
11504,319879.4527434228
11505,319879.4531404085
11506,319879.45270828926
11507,319879.45255897695
11508,319879.45378478983
11509,319879.4526567985
11510,319879.45302506286
11511,319879.453789001
11512,319879.4526001153
11513,319879.4531077466
11514,319879.45241702633
11515,319879.4530374558
11516,319879.4527255636
11517,319879.4517598137
11518,319879.45246258494
11519,319879.4513672403
11520,319879.4525082236
11521,319879.4518105396
11522,319879.4522707026
11523,319879.45400429575
11524,319879.4524279229
11525,319879.45234681456
11526,319879.4538687507
11527,319879.4522845876
11528,319879.4532609805
11529,319879.45227089094
11530,319879.4520871505
11531,319879.4518418186
11532,319879.45407214575
11533,319879.4524036432
11534,319879.45198437286
11535,319879.453081968
11536,319879.4524724514
11537,319879.4530669035
11538,319879.4520719044
11539,319879.4522706447
11540,319879.45283252496
11541,319879.4515480823
11542,319879.4519859046
11543,319879.4516832265
11544,319879.45187857974
11545,319879.4519689854
11546,319879.45331079664
11547,319879.4525734193
11548,319879.4527240776
11549,319879.45191529207
11550,319879.452054195
11551,319879.45306746324
11552,319879.4527235843
11553,319879.45260255376
11554,319879.45280402474
11555,319879.4525173027
11556,319879.4534985393
11557,319879.4531540714
11558,319879.45328682393
11559,319879.4529338921
11560,319879.45269503153
11561,319879.45271358243
11562,319879.45247865375
11563,319879.4522546131
11564,319879.4524417645
11565,319879.4523349834
11566,319879.453003071
11567,319879.45357633114
11568,319879.453799589
11569,319879.45289876865
11570,319879.45183335344
11571,319879.45280745847
11572,319879.45266188355
11573,319879.4523872064
11574,319879.4519135879
11575,319879.4530247444
11576,319879.45259698457
11577,319879.4524544074
11578,319879.4529308676
11579,319879.45217695803
11580,319879.4520489624
11581,319879.45168700814
11582,319879.45314153587
11583,319879.45213538443
11584,319879.45166246925
11585,319879.45174348267
11586,319879.4519026433
11587,319879.4532457894
11588,319879.4523796872
11589,319879.4524121403
11590,319879.45240542194
11591,319879.4537197799
11592,319879.45292673144
11593,319879.4529933484
11594,319879.4521349055
11595,319879.4536663938
11596,319879.45384083514
11597,319879.45266993204
11598,319879.4528873005
11599,319879.4515681211
11600,319879.4529328033
11601,319879.4529898516
11602,319879.45167678467
11603,319879.45212060004
11604,319879.4519343592
11605,319879.4532538193
11606,319879.45222922054
11607,319879.4526752022
11608,319879.4526060123
11609,319879.45332471665
11610,319879.452077584
11611,319879.4524647336
11612,319879.45125455805
11613,319879.4525552843
11614,319879.45091058576
11615,319879.45359555475
11616,319879.45202200103
11617,319879.4513342609
11618,319879.45227231056
11619,319879.4519576771
11620,319879.45137356385
11621,319879.45214697864
11622,319879.45295952476
11623,319879.4509439153
11624,319879.4509129176
11625,319879.45249274164
11626,319879.4528595171
11627,319879.4517144626
11628,319879.4523374279
11629,319879.4516378642
11630,319879.45367975585
11631,319879.45223247114
11632,319879.4516348748
11633,319879.45235903474
11634,319879.4530199976
11635,319879.4532168501
11636,319879.4527776729
11637,319879.4518587418
11638,319879.45237433445
11639,319879.4518515594
11640,319879.4519423684
11641,319879.4529823383
11642,319879.452167467
11643,319879.4516432341
11644,319879.4513014456
11645,319879.4529165238
11646,319879.4529867723
11647,319879.4531283664
11648,319879.45191383024
11649,319879.4523813947
11650,319879.4535653611
11651,319879.4523205353
11652,319879.452194225
11653,319879.4514008414
11654,319879.45215146703
11655,319879.45348302805
11656,319879.4531938859
11657,319879.45165366866
11658,319879.45156563073
11659,319879.4530329674
11660,319879.4534552526
11661,319879.45220634155
11662,319879.45316703257
11663,319879.45198621
11664,319879.4525223145
11665,319879.4525894731
11666,319879.4517954792
11667,319879.4526902032
11668,319879.45236412284
11669,319879.45303719526
11670,319879.4530606136
11671,319879.4526056096
11672,319879.4525120352
11673,319879.45159639255
11674,319879.4517324997
11675,319879.4516766955
11676,319879.4524839552
11677,319879.45207477955
11678,319879.45257028163
11679,319879.4524620063
11680,319879.4519942987
11681,319879.4521780454
11682,319879.4534588755
11683,319879.4523769758
11684,319879.45340524433
11685,319879.4530982844
11686,319879.45453321637
11687,319879.45206312253
11688,319879.4527709959
11689,319879.4535749591
11690,319879.45371380955
11691,319879.4531419863
11692,319879.45239815046
11693,319879.45240738644
11694,319879.4524600607
11695,319879.45246006077
11696,274534.51826682995
11697,274534.5182668296
11698,274534.5182668296
11699,274534.5182668293
11700,274534.5182668294
11701,274534.5182668298
11702,274534.5182668295
11703,274534.51826682966
11704,274534.51826683007
11705,274534.51826682995
11706,274534.5182668294
11707,274534.51824443036
11708,274534.5180981404
11709,274534.5183256605
11710,274534.51799923845
11711,274534.5178818103
11712,274534.51852284506
11713,274534.51877681597
11714,274534.5183937558
11715,274534.5179027538
11716,274534.5184646223
11717,274534.5189251468
11718,274534.5187346214
11719,274534.51812965743
11720,274534.518445848
11721,274534.5186380081
11722,274534.518514823
11723,274534.51823852723
11724,274534.51825864374
11725,274534.5184140443
11726,274534.51861570403
11727,274534.51816512726
11728,274534.51842648804
11729,274534.5182564056
11730,274534.5180370941
11731,274534.51785197365
11732,274534.5183525616
11733,274534.5179330412
11734,274534.5182105603
11735,274534.5180251615
11736,274534.51820279943
11737,274534.5178614914
11738,274534.5179498043
11739,274534.5179892222
11740,274534.5180365011
11741,274534.51826606016
11742,274534.5184207078
11743,274534.5182365875
11744,274534.51846748876
11745,274534.5179719226
11746,274534.5187350597
11747,274534.5184526718
11748,274534.51827830874
11749,274534.5179224787
11750,274534.5189199158
11751,274534.5189236251
11752,274534.5183907794
11753,274534.5184055283
11754,274534.5181177624
11755,274534.5177348618
11756,274534.5182745746
11757,274534.51813240413
11758,274534.51817574294
11759,274534.51812584477
11760,274534.51829341217
11761,274534.51853955444
11762,274534.5187324368
11763,274534.51777755766
11764,274534.5181537943
11765,274534.5181081998
11766,274534.51838619256
11767,274534.5185384784
11768,274534.51845253253
11769,274534.5180909976
11770,274534.5183246948
11771,274534.5186752241
11772,274534.5183003059
11773,274534.5179736342
11774,274534.5178846417
11775,274534.51785155036
11776,274534.5185738426
11777,274534.51783793006
11778,274534.51774643775
11779,274534.5184192238
11780,274534.5181401062
11781,274534.5179937623
11782,274534.5185666492
11783,274534.5187084249
11784,274534.5183222205
11785,274534.51806479093
11786,274534.5183482675
11787,274534.51810167043
11788,274534.5175224326
11789,274534.518012431
11790,274534.5187203256
11791,274534.5178110734
11792,274534.518660268
11793,274534.51793788647
11794,274534.51869775826
11795,274534.51811180153
11796,274534.51821128087
11797,274534.518570743
11798,274534.5181742511
11799,274534.5183188627
11800,274534.51822310436
11801,274534.51831077505
11802,274534.5190697811
11803,274534.5184385624
11804,274534.5181510685
11805,274534.5185133407
11806,274534.51845835976
11807,274534.51763014786
11808,274534.5175892482
11809,274534.51795184804
11810,274534.5188051182
11811,274534.5180897316
11812,274534.5182935522
11813,274534.51825134706
11814,274534.51810639794
11815,274534.5185039124
11816,274534.51832028857
11817,274534.518682634
11818,274534.5177083293
11819,274534.5180981283
11820,274534.51808788325
11821,274534.5186940653
11822,274534.51859476586
11823,274534.5189610452
11824,274534.51817707997
11825,274534.5177926052
11826,274534.5184665205
11827,274534.5180715134
11828,274534.51815019996
11829,274534.5179790413
11830,274534.51836507575
11831,274534.51937268977
11832,274534.5177141722
11833,274534.5186613104
11834,274534.5184202707
11835,274534.518247928
11836,274534.5180690634
11837,274534.518137506
11838,274534.51790281816
11839,274534.51862665894
11840,274534.5183493748
11841,274534.5180551672
11842,274534.5182171804
11843,274534.51833835046
11844,274534.51848133164
11845,274534.5178850949
11846,274534.51795662194
11847,274534.519555922
11848,274534.51828920486
11849,274534.51795455505
11850,274534.5183830264
11851,274534.51782440575
11852,274534.51840000635
11853,274534.5187905916
11854,274534.5185747587
11855,274534.5180485099
11856,274534.51810477104
11857,274534.5179390443
11858,274534.5180498846
11859,274534.5186840544
11860,274534.5188115177
11861,274534.5181985582
11862,274534.51915099967
11863,274534.51812763175
11864,274534.5181544463
11865,274534.51844170725
11866,274534.51820388297
11867,274534.51818797184
11868,274534.5182159109
11869,274534.51855104906
11870,274534.5184392836
11871,274534.51803431107
11872,274534.5191934159
11873,274534.51813190884
11874,274534.5183975681
11875,274534.51835652534
11876,274534.51827435003
11877,274534.5181805823
11878,274534.5179951068
11879,274534.51836309803
11880,274534.5186080924
11881,274534.5184805996
11882,274534.5182494301
11883,274534.517868377
11884,274534.51813274826
11885,274534.5188029417
11886,274534.5188135946
11887,274534.518577699
11888,274534.5183801729
11889,274534.51847498893
11890,274534.51818374
11891,274534.51833171287
11892,274534.51842058136
11893,274534.5178711498
11894,274534.51795770205
11895,274534.5184521036
11896,274534.5181619392
11897,274534.51827664895
11898,274534.5182125936
11899,274534.5183377528
11900,274534.51779270626
11901,274534.51790548145
11902,274534.5182027709
11903,274534.5180693131
11904,274534.51818978885
11905,274534.51812036557
11906,274534.51843386714
11907,274534.51913258043
11908,274534.5184236476
11909,274534.5182743514
11910,274534.51837266993
11911,274534.5183904989
11912,274534.51808341645
11913,274534.51799127075
11914,274534.5183858563
11915,274534.5178283949
11916,274534.51840076625
11917,274534.51815804123
11918,274534.518017847
11919,274534.51879513264
11920,274534.5180957131
11921,274534.51781720476
11922,274534.5188724139
11923,274534.5193440491
11924,274534.51845257386
11925,274534.51844187913
11926,274534.51876231574
11927,274534.51833554974
11928,274534.5180369053
11929,274534.5176521243
11930,274534.51829257194
11931,274534.5181957909
11932,274534.51881412073
11933,274534.5179998724
11934,274534.51765668293
11935,274534.51844463457
11936,274534.5182504585
11937,274534.5174984761
11938,274534.51779747213
11939,274534.517844453
11940,274534.517833092
11941,274534.5181412928
11942,274534.5177766138
11943,274534.5178799198
11944,274534.5181503484
11945,274534.51752617786
11946,274534.51818989933
11947,274534.5181636933
11948,274534.5181178011
11949,274534.51855822664
11950,274534.51835592935
11951,274534.5179911849
11952,274534.5177531358
11953,274534.51804720715
11954,274534.5180215464
11955,274534.5183434243
11956,274534.5186524045
11957,274534.5182741332
11958,274534.51848737965
11959,274534.51798290573
11960,274534.5181625999
11961,274534.5189178948
11962,274534.51821063564
11963,274534.5179404596
11964,274534.5187230491
11965,274534.5190125841
11966,274534.5184640127
11967,274534.5180674963
11968,274534.51826540334
11969,274534.51801394357
11970,274534.51776392455
11971,274534.5177706463
11972,274534.5186260526
11973,274534.5186713635
11974,274534.5189076604
11975,274534.51760154456
11976,274534.51833513746
11977,274534.51828703424
11978,274534.51735369937
11979,274534.51811697666
11980,274534.51789661153
11981,274534.519052512
11982,274534.5186866514
11983,274534.5179840564
11984,274534.5182574176
11985,274534.5183317497
11986,274534.5182922292
11987,274534.51793235686
11988,274534.518429699
11989,274534.5181272743
11990,274534.5177163673
11991,274534.51846034575
11992,274534.5179893489
11993,274534.5182123093
11994,274534.51815386413
11995,274534.51774727256
11996,274534.51796029176
11997,274534.51816074696
11998,274534.5181434295
11999,274534.518750535
12000,274534.5181163694
12001,274534.5187608879
12002,274534.51888504386
12003,274534.5177046273
12004,274534.5188949768
12005,274534.5184485335
12006,274534.51839961665
12007,274534.51795553794
12008,274534.5179995761
12009,274534.51867461466
12010,274534.5183689995
12011,274534.51835182
12012,274534.5178833875
12013,274534.5184271959
12014,274534.5181592831
12015,274534.51838436216
12016,274534.5184904552
12017,274534.51796922967
12018,274534.51841183286
12019,274534.5188698356
12020,274534.51899052446
12021,274534.51878136344
12022,274534.5181117395
12023,274534.518440087
12024,274534.51846721885
12025,274534.5188303712
12026,274534.5184089378
12027,274534.5187801328
12028,274534.5185184666
12029,274534.5181275848
12030,274534.5179820021
12031,274534.5189453059
12032,274534.5181569498
12033,274534.5181190508
12034,274534.51859619445
12035,274534.51830168325
12036,274534.51797968324
12037,274534.5182539976
12038,274534.51769805036
12039,274534.51870487357
12040,274534.51802930044
12041,274534.5187482028
12042,274534.5179963439
12043,274534.51794243837
12044,274534.5189923287
12045,274534.51830587676
12046,274534.5181133251
12047,274534.51861596113
12048,274534.51831650257
12049,274534.5176691212
12050,274534.5184452222
12051,274534.51784556115
12052,274534.5181247352
12053,274534.51825012814
12054,274534.51782904746
12055,274534.51789818227
12056,274534.51795609476
12057,274534.5189958493
12058,274534.5185190352
12059,274534.51772064215
12060,274534.5180776965
12061,274534.5185044446
12062,274534.5185488032
12063,274534.51799768955
12064,274534.51820963033
12065,274534.51791121945
12066,274534.5181242376
12067,274534.5190042577
12068,274534.5180087696
12069,274534.51852971327
12070,274534.5179289763
12071,274534.51809715014
12072,274534.5186395796
12073,274534.51822254
12074,274534.51891391556
12075,274534.5184929222
12076,274534.5180305747
12077,274534.51804043486
12078,274534.51855688967
12079,274534.5186899232
12080,274534.5185600434
12081,274534.5183118714
12082,274534.5190616822
12083,274534.5179921422
12084,274534.51811790094
12085,274534.5182049371
12086,274534.5182798663
12087,274534.5190407111
12088,274534.518574237
12089,274534.5183634218
12090,274534.5184814013
12091,274534.51884246885
12092,274534.5183475792
12093,274534.5185163631
12094,274534.51774271065
12095,274534.5183649685
12096,274534.5183757385
12097,274534.5184974396
12098,274534.5189082845
12099,274534.51836824726
12100,274534.5180533487
12101,274534.5171841788
12102,274534.51852809585
12103,274534.51773348695
12104,274534.5179756669
12105,274534.5183870209
12106,274534.51874656364
12107,274534.5179376199
12108,274534.51825088385
12109,274534.5176324732
12110,274534.5185203208
12111,274534.5177011561
12112,274534.5183510124
12113,274534.51792618
12114,274534.51862200146
12115,274534.5181786531
12116,274534.51906013576
12117,274534.5183695963
12118,274534.5184102929
12119,274534.5188660704
12120,274534.51834944315
12121,274534.5181493164
12122,274534.51828417735
12123,274534.51905798167
12124,274534.51876417006
12125,274534.5180712234
12126,274534.51797106274
12127,274534.5182567711
12128,274534.5169836306
12129,274534.5180822801
12130,274534.51854398916
12131,274534.5175103482
12132,274534.5180393139
12133,274534.5183391309
12134,274534.51864317904
12135,274534.5174706912
12136,274534.5183194219
12137,274534.5189660391
12138,274534.5184161773
12139,274534.51874525996
12140,274534.51810015197
12141,274534.51778601063
12142,274534.51814931905
12143,274534.51804092585
12144,274534.51825077826
12145,274534.51787804323
12146,274534.5182010937
12147,274534.5176846401
12148,274534.5181903746
12149,274534.5184958215
12150,274534.5177700766
12151,274534.5180391922
12152,274534.5184166833
12153,274534.5186847862
12154,274534.5187200734
12155,274534.5180321889
12156,274534.51827007136
12157,274534.51799093094
12158,274534.518834366
12159,274534.5184624937
12160,274534.51725523715
12161,274534.5187823822
12162,274534.5187814579
12163,274534.5183132009
12164,274534.518513882
12165,274534.5180270823
12166,274534.51856606966
12167,274534.5185130882
12168,274534.51818771026
12169,274534.5185660956
12170,274534.5179842739
12171,274534.51849821233
12172,274534.51882560365
12173,274534.51844805415
12174,274534.51848215726
12175,274534.5180480598
12176,274534.5182759324
12177,274534.51835965423
12178,274534.5179072308
12179,274534.51921182766
12180,274534.51869356603
12181,274534.5178731483
12182,274534.5181264244
12183,274534.5186597164
12184,274534.5183344547
12185,274534.51819326275
12186,274534.51820002455
12187,274534.5175255605
12188,274534.51749491977
12189,274534.5173831309
12190,274534.5179112456
12191,274534.5181425407
12192,274534.5179864846
12193,274534.5185359539
12194,274534.51797446323
12195,274534.51851623395
12196,274534.51833156747
12197,274534.5189378022
12198,274534.5183319382
12199,274534.518343616
12200,274534.5181779077
12201,274534.5179355661
12202,274534.5182711989
12203,274534.51863191207
12204,274534.5183987231
12205,274534.51879049686
12206,274534.5178892535
12207,274534.51815535437
12208,274534.5183033769
12209,274534.5185555819
12210,274534.5185745846
12211,274534.51810881234
12212,274534.51819126675
12213,274534.51792261866
12214,274534.51885774697
12215,274534.5184137693
12216,274534.5188949746
12217,274534.5185125331
12218,274534.51834988897
12219,274534.518206637
12220,274534.5182713154
12221,274534.51799400646
12222,274534.5186914102
12223,274534.51770837465
12224,274534.51782978285
12225,274534.5189334584
12226,274534.5180234775
12227,274534.5186308625
12228,274534.51843868545
12229,274534.5183851981
12230,274534.5188289806
12231,274534.5178240062
12232,274534.5181940598
12233,274534.517511849
12234,274534.51770809887
12235,274534.51843547
12236,274534.5188951056
12237,274534.51805849833
12238,274534.518468336
12239,274534.51881000097
12240,274534.51814257225
12241,274534.5188343073
12242,274534.51911189884
12243,274534.51869328256
12244,274534.51877705974
12245,274534.5184356557
12246,274534.5185795955
12247,274534.51848573255
12248,274534.51760970545
12249,274534.51847197977
12250,274534.51806029165
12251,274534.5184835305
12252,274534.5182175584
12253,274534.51805237535
12254,274534.5190925604
12255,274534.5183010518
12256,274534.5182450993
12257,274534.51888704963
12258,274534.5181681605
12259,274534.5189636751
12260,274534.51822785987
12261,274534.5180477551
12262,274534.51764095365
12263,274534.5191848117
12264,274534.51805417106
12265,274534.5180636046
12266,274534.51872071734
12267,274534.5181563454
12268,274534.51791047986
12269,274534.5182294805
12270,274534.5182996867
12271,274534.5187983567
12272,274534.518132411
12273,274534.51809723343
12274,274534.5177304553
12275,274534.5180878879
12276,274534.51786672015
12277,274534.518823477
12278,274534.5182737708
12279,274534.5183510252
12280,274534.51759408216
12281,274534.5178253097
12282,274534.51825838874
12283,274534.5182825837
12284,274534.5185578266
12285,274534.5183660713
12286,274534.51840057527
12287,274534.51894786785
12288,274534.51917885256
12289,274534.5190046441
12290,274534.51868700597
12291,274534.5183990874
12292,274534.51824464754
12293,274534.51833900076
12294,274534.51795907936
12295,274534.51812412124
12296,274534.51823431073
12297,274534.51852271723
12298,274534.5184464887
12299,274534.51888997405
12300,274534.5184355102
12301,274534.517826069
12302,274534.51850823907
12303,274534.51817828417
12304,274534.518141818
12305,274534.5180884971
12306,274534.5186132162
12307,274534.51836560864
12308,274534.51841733704
12309,274534.5190180642
12310,274534.51814883144
12311,274534.51810439874
12312,274534.51752758975
12313,274534.51852431847
12314,274534.5180297054
12315,274534.5179581751
12316,274534.5178357827
12317,274534.5179853678
12318,274534.5190103771
12319,274534.518268441
12320,274534.5181444897
12321,274534.51814990904
12322,274534.518992639
12323,274534.518583313
12324,274534.51866568695
12325,274534.51815511344
12326,274534.51907816634
12327,274534.51878844976
12328,274534.5184135665
12329,274534.51834400045
12330,274534.51809238316
12331,274534.51880907215
12332,274534.51848276815
12333,274534.51771188196
12334,274534.5179829386
12335,274534.5178351311
12336,274534.5187489353
12337,274534.51818849886
12338,274534.5185810935
12339,274534.5185368839
12340,274534.51854934776
12341,274534.5181763283
12342,274534.5185067341
12343,274534.51772716944
12344,274534.51854327094
12345,274534.517544279
12346,274534.5190141682
12347,274534.5179323729
12348,274534.51776002516
12349,274534.51826998
12350,274534.5179786172
12351,274534.5175351021
12352,274534.51791443955
12353,274534.5185947415
12354,274534.5171348513
12355,274534.51714511105
12356,274534.5185354225
12357,274534.51823772833
12358,274534.5181353023
12359,274534.51812985446
12360,274534.51817139686
12361,274534.51905131486
12362,274534.51793502405
12363,274534.5175130921
12364,274534.5183529624
12365,274534.5187284245
12366,274534.51884821296
12367,274534.51866125624
12368,274534.5180080712
12369,274534.5181651168
12370,274534.5181429263
12371,274534.51779926824
12372,274534.51840075373
12373,274534.51792551106
12374,274534.5176815916
12375,274534.5175413801
12376,274534.5181153836
12377,274534.51881362626
12378,274534.51862512325
12379,274534.51811893814
12380,274534.51835054986
12381,274534.51905109803
12382,274534.5179394955
12383,274534.5181714377
12384,274534.51794588624
12385,274534.51804684236
12386,274534.51874877454
12387,274534.5187958154
12388,274534.51808681333
12389,274534.5178908335
12390,274534.51871639764
12391,274534.51872836973
12392,274534.5183858817
12393,274534.5183577463
12394,274534.51793253905
12395,274534.51833200804
12396,274534.51838978415
12397,274534.5178105644
12398,274534.518314246
12399,274534.5181526764
12400,274534.5187937494
12401,274534.5187397607
12402,274534.5184467358
12403,274534.5185427436
12404,274534.5177707896
12405,274534.51771047805
12406,274534.51758006745
12407,274534.51842178643
12408,274534.518210788
12409,274534.5183394144
12410,274534.51833991276
12411,274534.51786872017
12412,274534.5179522672
12413,274534.5194110411
12414,274534.5186810728
12415,274534.5187072024
12416,274534.51859466144
12417,274534.5195144895
12418,274534.5182426048
12419,274534.51850323786
12420,274534.5188466011
12421,274534.51904498384
12422,274534.518918592
12423,274534.5181039085
12424,274534.5181739977
12425,274534.5182668299
12426,274534.5182668299
12427,220657.9941781135
12428,220657.99417811335
12429,220657.99417811353
12430,220657.9941781135
12431,220657.9941781136
12432,220657.99417811367
12433,220657.99417811382
12434,220657.9941781131
12435,220657.99417811297
12436,220657.9941781135
12437,220657.99417811312
12438,220657.99408880438
12439,220657.99423107068
12440,220657.99405403264
12441,220657.99446487453
12442,220657.99354568362
12443,220657.9947018083
12444,220657.99415167278
12445,220657.99404923394
12446,220657.99438620423
12447,220657.99394281447
12448,220657.9942623955
12449,220657.99420838145
12450,220657.99389377132
12451,220657.99431595637
12452,220657.9946223476
12453,220657.99409224835
12454,220657.99390591728
12455,220657.99390838295
12456,220657.99419388166
12457,220657.99435473804
12458,220657.99407878265
12459,220657.99429545316
12460,220657.99422802235
12461,220657.99396265132
12462,220657.99397875593
12463,220657.99439147356
12464,220657.99375772706
12465,220657.99443912396
12466,220657.9940857009
12467,220657.99406572842
12468,220657.99398313937
12469,220657.9939523476
12470,220657.9940335699
12471,220657.99438284466
12472,220657.9944557737
12473,220657.99429953066
12474,220657.9941023476
12475,220657.99423884673
12476,220657.99451520134
12477,220657.99430265257
12478,220657.9940109417
12479,220657.99416607904
12480,220657.99402252786
12481,220657.9946116777
12482,220657.99466640348
12483,220657.9940663343
12484,220657.99403976637
12485,220657.99417377936
12486,220657.99407515526
12487,220657.99429149635
12488,220657.9939504173
12489,220657.9939424667
12490,220657.99438711168
12491,220657.99401257478
12492,220657.99406163805
12493,220657.99421306036
12494,220657.99392588015
12495,220657.9938414402
12496,220657.99399176668
12497,220657.99441540145
12498,220657.99456211508
12499,220657.99406674237
12500,220657.99430263933
12501,220657.99402596452
12502,220657.9941887422
12503,220657.99377804127
12504,220657.99403842533
12505,220657.99411125254
12506,220657.99394049653
12507,220657.99430722816
12508,220657.9941724479
12509,220657.9939413785
12510,220657.99420774038
12511,220657.99430764673
12512,220657.9941165992
12513,220657.99422766265
12514,220657.99478585293
12515,220657.99413913512
12516,220657.99444026803
12517,220657.99432622708
12518,220657.9938916841
12519,220657.99388844823
12520,220657.99393485955
12521,220657.99425722047
12522,220657.9935901552
12523,220657.9941408201
12524,220657.99380287257
12525,220657.99422400937
12526,220657.99429325544
12527,220657.99415056652
12528,220657.9942334979
12529,220657.99406295083
12530,220657.99384269345
12531,220657.9946618386
12532,220657.9940997465
12533,220657.99425259695
12534,220657.99424959556
12535,220657.9941947468
12536,220657.9942967202
12537,220657.99441114493
12538,220657.99388383882
12539,220657.99432352942
12540,220657.99402401087
12541,220657.99458934888
12542,220657.99390358428
12543,220657.99419079573
12544,220657.99442261664
12545,220657.9937615949
12546,220657.99392198457
12547,220657.99411740006
12548,220657.99411203692
12549,220657.9937799867
12550,220657.99365900984
12551,220657.99344505303
12552,220657.99389572992
12553,220657.9940045026
12554,220657.99450179146
12555,220657.99404411318
12556,220657.99381181982
12557,220657.99409735002
12558,220657.99414042776
12559,220657.993907117
12560,220657.99407700144
12561,220657.9943556286
12562,220657.99461721882
12563,220657.994107096
12564,220657.99399165536
12565,220657.9943568589
12566,220657.99437182496
12567,220657.9940893306
12568,220657.99418466244
12569,220657.9944389766
12570,220657.99397218888
12571,220657.99391385657
12572,220657.99387453613
12573,220657.99445260462
12574,220657.99438842828
12575,220657.9944953695
12576,220657.99393088152
12577,220657.9935585256
12578,220657.9949137666
12579,220657.99417573138
12580,220657.9938672234
12581,220657.99355676613
12582,220657.99388041632
12583,220657.9941890146
12584,220657.9944055995
12585,220657.99444426672
12586,220657.99378332775
12587,220657.99387908116
12588,220657.99416974327
12589,220657.99424157132
12590,220657.9939963395
12591,220657.9940740081
12592,220657.99443414906
12593,220657.99461545353
12594,220657.994501386
12595,220657.99415646194
12596,220657.99398031522
12597,220657.99407144933
12598,220657.99411211858
12599,220657.99396693188
12600,220657.99413243812
12601,220657.99429098127
12602,220657.99422739536
12603,220657.99464452005
12604,220657.99418957776
12605,220657.99463681143
12606,220657.99398078967
12607,220657.99425485727
12608,220657.99413818563
12609,220657.9939926931
12610,220657.993883718
12611,220657.99466894602
12612,220657.99427787747
12613,220657.9940751689
12614,220657.99407090776
12615,220657.99396831042
12616,220657.99416400344
12617,220657.99485237917
12618,220657.9938157042
12619,220657.99405389227
12620,220657.99460702884
12621,220657.99378799257
12622,220657.9940553072
12623,220657.99411057727
12624,220657.9944172394
12625,220657.99389126312
12626,220657.9943963777
12627,220657.9943881949
12628,220657.99384357943
12629,220657.99410029626
12630,220657.99435638724
12631,220657.99396563345
12632,220657.99427658168
12633,220657.9941651462
12634,220657.9942181308
12635,220657.99446039688
12636,220657.99447815682
12637,220657.9941768689
12638,220657.99433281203
12639,220657.9944441886
12640,220657.99443562137
12641,220657.99439125074
12642,220657.9941201877
12643,220657.9941503228
12644,220657.9939274461
12645,220657.99427694076
12646,220657.99399087555
12647,220657.99419390963
12648,220657.99433430636
12649,220657.99422696754
12650,220657.99450101782
12651,220657.99419123717
12652,220657.99396947375
12653,220657.99438535888
12654,220657.9947503522
12655,220657.99419102483
12656,220657.99433995376
12657,220657.99447863045
12658,220657.99450473028
12659,220657.99385080827
12660,220657.99377455964
12661,220657.99404561837
12662,220657.99418079187
12663,220657.99458445053
12664,220657.9940509568
12665,220657.99398242446
12666,220657.99427058097
12667,220657.99437132114
12668,220657.99372725602
12669,220657.99427798326
12670,220657.99396396152
12671,220657.99342063584
12672,220657.9941819395
12673,220657.99414685165
12674,220657.99400605948
12675,220657.99385917123
12676,220657.9941886707
12677,220657.99411708274
12678,220657.9945131452
12679,220657.9941661407
12680,220657.99404167404
12681,220657.994241867
12682,220657.99416525566
12683,220657.99403784962
12684,220657.99436144525
12685,220657.99390394258
12686,220657.9939280193
12687,220657.9941227528
12688,220657.99411268253
12689,220657.99433188268
12690,220657.9941729944
12691,220657.99415870153
12692,220657.99441227992
12693,220657.9942729682
12694,220657.99405877123
12695,220657.99441087744
12696,220657.99474223168
12697,220657.99449579132
12698,220657.99399963644
12699,220657.99417261378
12700,220657.99399805255
12701,220657.9940546749
12702,220657.99399867596
12703,220657.99447213125
12704,220657.99442022972
12705,220657.99461242778
12706,220657.9939489623
12707,220657.9937920363
12708,220657.99409438917
12709,220657.9939753447
12710,220657.9940385382
12711,220657.9944078924
12712,220657.9949308576
12713,220657.99412989852
12714,220657.99454266077
12715,220657.9942150295
12716,220657.99418893762
12717,220657.9942428728
12718,220657.9941249766
12719,220657.99409961744
12720,220657.99403570485
12721,220657.9941934964
12722,220657.99421069308
12723,220657.99409105093
12724,220657.9939967997
12725,220657.99410678854
12726,220657.9939020413
12727,220657.9942005555
12728,220657.99406661472
12729,220657.99432597245
12730,220657.9944368324
12731,220657.9940699419
12732,220657.99415898407
12733,220657.9944022911
12734,220657.9938142798
12735,220657.99475178274
12736,220657.9942726021
12737,220657.99427932996
12738,220657.9939197076
12739,220657.99384625274
12740,220657.99405616886
12741,220657.99405633335
12742,220657.99384914202
12743,220657.994297584
12744,220657.9944783501
12745,220657.99389575524
12746,220657.9939847123
12747,220657.99416478386
12748,220657.99419375774
12749,220657.99441362717
12750,220657.99465482953
12751,220657.99433214334
12752,220657.99467875456
12753,220657.99425470823
12754,220657.99432572443
12755,220657.99420757475
12756,220657.99422465038
12757,220657.99411490437
12758,220657.9941729117
12759,220657.99434071095
12760,220657.99415611237
12761,220657.9940610751
12762,220657.99455142883
12763,220657.9939520509
12764,220657.99410860543
12765,220657.99441907703
12766,220657.99377201297
12767,220657.9939231148
12768,220657.994301682
12769,220657.993987792
12770,220657.99453871563
12771,220657.9937758797
12772,220657.99432581762
12773,220657.99412020182
12774,220657.99424377485
12775,220657.99444035365
12776,220657.99419350186
12777,220657.9943236861
12778,220657.99430900632
12779,220657.99415433922
12780,220657.99394853765
12781,220657.9942930941
12782,220657.99372389712
12783,220657.9941432997
12784,220657.99432138164
12785,220657.99426196536
12786,220657.9938172564
12787,220657.9939648428
12788,220657.99461068684
12789,220657.99399862098
12790,220657.9938609671
12791,220657.99421327558
12792,220657.99428494403
12793,220657.99442983884
12794,220657.9941334088
12795,220657.99436660728
12796,220657.9937556553
12797,220657.9939367738
12798,220657.99428783412
12799,220657.99421558954
12800,220657.99457321785
12801,220657.9941193467
12802,220657.99391562387
12803,220657.99415819263
12804,220657.9944238269
12805,220657.99445837457
12806,220657.994096795
12807,220657.99424102448
12808,220657.994049291
12809,220657.99410209391
12810,220657.99419619114
12811,220657.99443304766
12812,220657.99396161604
12813,220657.99428349824
12814,220657.9942857732
12815,220657.99430784563
12816,220657.99418181553
12817,220657.99383335598
12818,220657.9946814283
12819,220657.9944971663
12820,220657.99451585146
12821,220657.99408463063
12822,220657.9943810954
12823,220657.9943034312
12824,220657.99406452992
12825,220657.99425999896
12826,220657.99406964015
12827,220657.9943877709
12828,220657.9944128394
12829,220657.99422935603
12830,220657.99473028592
12831,220657.99392116166
12832,220657.99367550158
12833,220657.9941493682
12834,220657.99379484673
12835,220657.99388095207
12836,220657.99403601102
12837,220657.9946169805
12838,220657.99423083066
12839,220657.99408100604
12840,220657.9939049566
12841,220657.9944945215
12842,220657.99409269515
12843,220657.9941302133
12844,220657.9942461649
12845,220657.99425646634
12846,220657.9938514001
12847,220657.994453571
12848,220657.99419790844
12849,220657.99430747193
12850,220657.99426567781
12851,220657.99444749503
12852,220657.99415648496
12853,220657.99402224788
12854,220657.99450609193
12855,220657.99411543595
12856,220657.9940204295
12857,220657.994211368
12858,220657.99386115465
12859,220657.9931355742
12860,220657.9941869401
12861,220657.99452596187
12862,220657.99363206245
12863,220657.99402575637
12864,220657.9942659571
12865,220657.9945170486
12866,220657.9938665886
12867,220657.9940941876
12868,220657.99428746055
12869,220657.99447893567
12870,220657.99459076117
12871,220657.99432858115
12872,220657.99409805154
12873,220657.9947190452
12874,220657.99397676298
12875,220657.99400271985
12876,220657.99406960304
12877,220657.99438887782
12878,220657.99404180772
12879,220657.99386640178
12880,220657.99415301284
12881,220657.99442605587
12882,220657.993885908
12883,220657.9940099613
12884,220657.9941480131
12885,220657.994431469
12886,220657.9939483145
12887,220657.99404660094
12888,220657.99384612497
12889,220657.99444237023
12890,220657.99430402886
12891,220657.99366444236
12892,220657.99470577558
12893,220657.99404844476
12894,220657.9940682766
12895,220657.99425554532
12896,220657.99409560754
12897,220657.99462042292
12898,220657.99431928305
12899,220657.99412440753
12900,220657.994398523
12901,220657.9938423615
12902,220657.99416327642
12903,220657.9943825139
12904,220657.99431098832
12905,220657.9942557465
12906,220657.99413564778
12907,220657.99389388907
12908,220657.99404004987
12909,220657.993778421
12910,220657.99465033895
12911,220657.99417337627
12912,220657.99409013282
12913,220657.994293969
12914,220657.99420782021
12915,220657.99444172624
12916,220657.9941547917
12917,220657.99442906247
12918,220657.9939140791
12919,220657.9938238031
12920,220657.99383153068
12921,220657.99412903277
12922,220657.99410382408
12923,220657.9939745341
12924,220657.9943902875
12925,220657.99434436014
12926,220657.9940605844
12927,220657.99390781415
12928,220657.99433391835
12929,220657.99430410287
12930,220657.99419859253
12931,220657.9940601037
12932,220657.99424053
12933,220657.99435668747
12934,220657.99414936526
12935,220657.99435396623
12936,220657.99464115655
12937,220657.99394356436
12938,220657.9938247909
12939,220657.9940688322
12940,220657.99473149944
12941,220657.99421632284
12942,220657.99420911373
12943,220657.99421139123
12944,220657.99417207614
12945,220657.99448491208
12946,220657.9943460492
12947,220657.99415980506
12948,220657.9942501422
12949,220657.9940144985
12950,220657.99405474056
12951,220657.99405033456
12952,220657.99373563824
12953,220657.99398869224
12954,220657.99406818114
12955,220657.99414011792
12956,220657.99478439908
12957,220657.99436446693
12958,220657.99416278914
12959,220657.99434702942
12960,220657.99405443188
12961,220657.99428060284
12962,220657.9942433238
12963,220657.99441066044
12964,220657.9938829267
12965,220657.99441090252
12966,220657.99416892164
12967,220657.9945346222
12968,220657.99397416494
12969,220657.99462884746
12970,220657.9939810454
12971,220657.99411936532
12972,220657.99466357342
12973,220657.99447362596
12974,220657.99456368602
12975,220657.99462258338
12976,220657.99441918026
12977,220657.9945510623
12978,220657.99425868466
12979,220657.99395431898
12980,220657.99433485616
12981,220657.99430848056
12982,220657.99435445588
12983,220657.99411684845
12984,220657.99427674478
12985,220657.99452609156
12986,220657.99410782085
12987,220657.99416978
12988,220657.9943444159
12989,220657.993912763
12990,220657.99428395645
12991,220657.99433620632
12992,220657.99425020794
12993,220657.9939262773
12994,220657.99406170528
12995,220657.99403127865
12996,220657.9942680692
12997,220657.9944249501
12998,220657.99411193133
12999,220657.99396001824
13000,220657.9942331496
13001,220657.99423297285
13002,220657.99462250617
13003,220657.99439695786
13004,220657.9941444486
13005,220657.99383366772
13006,220657.99421366776
13007,220657.9939308447
13008,220657.9942984766
13009,220657.9940309827
13010,220657.99401899907
13011,220657.99342963687
13012,220657.99389137016
13013,220657.99400143157
13014,220657.9944440232
13015,220657.99494639295
13016,220657.99393917172
13017,220657.99453339912
13018,220657.99450430644
13019,220657.99493025182
13020,220657.9942569347
13021,220657.99443126452
13022,220657.99416793673
13023,220657.99386298007
13024,220657.99424876433
13025,220657.99404714617
13026,220657.9941356831
13027,220657.99400922557
13028,220657.99424741082
13029,220657.99415038398
13030,220657.99450816374
13031,220657.99410516626
13032,220657.99423420135
13033,220657.99448448903
13034,220657.9939807077
13035,220657.99423934365
13036,220657.99418137723
13037,220657.99433161484
13038,220657.99428101748
13039,220657.99433656377
13040,220657.994811084
13041,220657.99407726986
13042,220657.99408830822
13043,220657.99391767243
13044,220657.99418524065
13045,220657.9939061942
13046,220657.99429604266
13047,220657.99388570184
13048,220657.99413099437
13049,220657.99496767798
13050,220657.99432281734
13051,220657.99400443272
13052,220657.99411519844
13053,220657.99441687294
13054,220657.99465141725
13055,220657.99438693892
13056,220657.99406835338
13057,220657.99422359114
13058,220657.9940246396
13059,220657.99412025232
13060,220657.9940873937
13061,220657.994366779
13062,220657.9943240635
13063,220657.99422410628
13064,220657.9940425281
13065,220657.99383603726
13066,220657.9940752531
13067,220657.9942466119
13068,220657.99449680257
13069,220657.99424995342
13070,220657.99436296072
13071,220657.99416373458
13072,220657.99382166323
13073,220657.9941852116
13074,220657.9937931397
13075,220657.99423691398
13076,220657.99408155706
13077,220657.99452672154
13078,220657.99399810677
13079,220657.9939769723
13080,220657.99432941433
13081,220657.9940160931
13082,220657.99400166527
13083,220657.9941635449
13084,220657.9940654907
13085,220657.9935395796
13086,220657.9940023251
13087,220657.9945992256
13088,220657.9944320724
13089,220657.994328452
13090,220657.9939694116
13091,220657.99436864015
13092,220657.99442829663
13093,220657.99406308113
13094,220657.99339485302
13095,220657.99423452807
13096,220657.9944073693
13097,220657.99454258272
13098,220657.994606667
13099,220657.9940292019
13100,220657.99399012196
13101,220657.99434997968
13102,220657.9939295684
13103,220657.9941457584
13104,220657.99413233428
13105,220657.99403231838
13106,220657.99390764438
13107,220657.99374876267
13108,220657.9945537409
13109,220657.99411763347
13110,220657.99420146618
13111,220657.99423753706
13112,220657.99470659607
13113,220657.99388348058
13114,220657.9939832525
13115,220657.99406167385
13116,220657.99383705723
13117,220657.99448823291
13118,220657.99427368448
13119,220657.99425499997
13120,220657.99418549376
13121,220657.9944625564
13122,220657.99422393553
13123,220657.99431511844
13124,220657.99398510234
13125,220657.99419619056
13126,220657.99426917994
13127,220657.99427324987
13128,220657.99365924663
13129,220657.99428676625
13130,220657.99428028116
13131,220657.99477564765
13132,220657.99438333555
13133,220657.9944198044
13134,220657.99445672674
13135,220657.99402129528
13136,220657.99395054352
13137,220657.99379038875
13138,220657.99416744307
13139,220657.99440425207
13140,220657.99417627536
13141,220657.99416215316
13142,220657.99406779776
13143,220657.9939722168
13144,220657.994777037
13145,220657.9945591037
13146,220657.9946004332
13147,220657.99423027725
13148,220657.9946610617
13149,220657.99398831063
13150,220657.99456586668
13151,220657.9942884696
13152,220657.99434582834
13153,220657.9945991351
13154,220657.99411203584
13155,220657.99425717595
13156,220657.99417811356
13157,220657.99417811356
13158,176314.5510163411
13159,176314.55101634123
13160,176314.55101634123
13161,176314.55101634128
13162,176314.5510163411
13163,176314.55101634143
13164,176314.55101634137
13165,176314.55101634157
13166,176314.55101634155
13167,176314.55101634114
13168,176314.5510163414
13169,176314.55127233692
13170,176314.55139183986
13171,176314.55086533044
13172,176314.55127563368
13173,176314.55152029445
13174,176314.5507490634
13175,176314.55071610655
13176,176314.55117306346
13177,176314.55113289543
13178,176314.55025971466
13179,176314.55078321393
13180,176314.55157799897
13181,176314.55142328696
13182,176314.55146958344
13183,176314.55176715198
13184,176314.5507938237
13185,176314.55135999963
13186,176314.55070252117
13187,176314.55119749662
13188,176314.55148263453
13189,176314.55111371801
13190,176314.55083232472
13191,176314.5507723826
13192,176314.55087349805
13193,176314.55111129838
13194,176314.5511894161
13195,176314.5510294242
13196,176314.5510451897
13197,176314.55091875716
13198,176314.55063624098
13199,176314.55069259778
13200,176314.55036800783
13201,176314.55063164106
13202,176314.5506553917
13203,176314.55094218662
13204,176314.55056163506
13205,176314.55102917377
13206,176314.5509247799
13207,176314.5512431336
13208,176314.55112932326
13209,176314.5501729777
13210,176314.55107325054
13211,176314.54971437965
13212,176314.55091686244
13213,176314.55097960797
13214,176314.55031481208
13215,176314.55033313384
13216,176314.5513318853
13217,176314.5507005558
13218,176314.55194001237
13219,176314.55151558478
13220,176314.55110357463
13221,176314.55119399528
13222,176314.55103203648
13223,176314.55074653632
13224,176314.55083342193
13225,176314.55083276058
13226,176314.55100510293
13227,176314.5509231219
13228,176314.55113337171
13229,176314.55155847874
13230,176314.5502815661
13231,176314.55119963235
13232,176314.551081071
13233,176314.5508201445
13234,176314.55051904195
13235,176314.55059621553
13236,176314.5510611499
13237,176314.5507198581
13238,176314.55123352516
13239,176314.55147957403
13240,176314.55041570112
13241,176314.55214468838
13242,176314.55132481546
13243,176314.5506839434
13244,176314.55081110072
13245,176314.55111762942
13246,176314.5506679625
13247,176314.55074332596
13248,176314.55167429993
13249,176314.55022535904
13250,176314.55043956178
13251,176314.5508194349
13252,176314.55093839648
13253,176314.55095697613
13254,176314.55149186443
13255,176314.5504913726
13256,176314.5506979329
13257,176314.55097250117
13258,176314.55119541043
13259,176314.550509561
13260,176314.55106251553
13261,176314.55094013215
13262,176314.55084947706
13263,176314.551100449
13264,176314.5505716197
13265,176314.55062320642
13266,176314.55037177357
13267,176314.5513844198
13268,176314.55126027437
13269,176314.55118550453
13270,176314.55134112862
13271,176314.5508729791
13272,176314.55085712552
13273,176314.5504764414
13274,176314.5505772393
13275,176314.55165780042
13276,176314.55063470677
13277,176314.55117205132
13278,176314.55097695836
13279,176314.55096523557
13280,176314.55077482603
13281,176314.55100756072
13282,176314.55044244076
13283,176314.5510767298
13284,176314.55125474013
13285,176314.55165491297
13286,176314.55117906505
13287,176314.55203223176
13288,176314.55169162748
13289,176314.5516417137
13290,176314.55075337552
13291,176314.55114460387
13292,176314.55102008212
13293,176314.55082245776
13294,176314.55134625148
13295,176314.550944013
13296,176314.55149296188
13297,176314.55115153204
13298,176314.55066557514
13299,176314.55108433313
13300,176314.55101826234
13301,176314.5511034436
13302,176314.55108175997
13303,176314.55019032682
13304,176314.5503042184
13305,176314.5508886663
13306,176314.55143663066
13307,176314.55125036594
13308,176314.55003359358
13309,176314.550976059
13310,176314.55136884964
13311,176314.55117924325
13312,176314.55055717728
13313,176314.55122523176
13314,176314.55132537027
13315,176314.5516431767
13316,176314.55106592865
13317,176314.55190491286
13318,176314.55104489657
13319,176314.55158343737
13320,176314.5507715964
13321,176314.55126318036
13322,176314.5508819935
13323,176314.5507209558
13324,176314.55053193675
13325,176314.55141014938
13326,176314.55098333664
13327,176314.55141764434
13328,176314.55082762922
13329,176314.55118016512
13330,176314.55134387515
13331,176314.5512572763
13332,176314.55114779726
13333,176314.55126639066
13334,176314.55145015087
13335,176314.55143428658
13336,176314.55141303697
13337,176314.5507335332
13338,176314.5507599411
13339,176314.55064539847
13340,176314.55124984647
13341,176314.55073474452
13342,176314.5511847213
13343,176314.55127615755
13344,176314.55058972596
13345,176314.55068770517
13346,176314.55035098916
13347,176314.55099425546
13348,176314.55007016324
13349,176314.55182052698
13350,176314.55072692927
13351,176314.55163656917
13352,176314.5506292437
13353,176314.55087777754
13354,176314.55151859997
13355,176314.5511235458
13356,176314.55057583345
13357,176314.55121399456
13358,176314.5514689937
13359,176314.55125131016
13360,176314.55170795985
13361,176314.55085237598
13362,176314.55011825837
13363,176314.55038389293
13364,176314.55143842468
13365,176314.55228720943
13366,176314.551303705
13367,176314.55195655668
13368,176314.55123846084
13369,176314.55043344322
13370,176314.55066708472
13371,176314.55068282984
13372,176314.55145292488
13373,176314.5508982017
13374,176314.55085077992
13375,176314.55054338893
13376,176314.55187970566
13377,176314.55023927294
13378,176314.5512033964
13379,176314.5516152562
13380,176314.55116022108
13381,176314.55125499459
13382,176314.55145751315
13383,176314.55074182063
13384,176314.5510021555
13385,176314.55120289171
13386,176314.55162967436
13387,176314.5517285919
13388,176314.55078971825
13389,176314.55074118444
13390,176314.5514152176
13391,176314.55128879216
13392,176314.55124607903
13393,176314.55063075369
13394,176314.55137559903
13395,176314.551782071
13396,176314.55169797427
13397,176314.5515118711
13398,176314.55093945214
13399,176314.5518166793
13400,176314.5508211591
13401,176314.55054453158
13402,176314.55047426664
13403,176314.55089816498
13404,176314.55083843265
13405,176314.55172765837
13406,176314.55119563616
13407,176314.55022823822
13408,176314.55055989273
13409,176314.55155865883
13410,176314.55125342924
13411,176314.5508234
13412,176314.55124297625
13413,176314.5506170733
13414,176314.5515166609
13415,176314.55087979673
13416,176314.55110559645
13417,176314.55085223046
13418,176314.55122362095
13419,176314.5506691276
13420,176314.55154530323
13421,176314.55130687868
13422,176314.5514964757
13423,176314.55129061014
13424,176314.55133838978
13425,176314.55131912723
13426,176314.55028510976
13427,176314.55096203057
13428,176314.55025343577
13429,176314.55174915786
13430,176314.55069189088
13431,176314.55147589202
13432,176314.55070903525
13433,176314.55160850185
13434,176314.5514611451
13435,176314.5515656709
13436,176314.5508029372
13437,176314.55085125164
13438,176314.550445162
13439,176314.5510393458
13440,176314.55159714946
13441,176314.5511546022
13442,176314.5513547711
13443,176314.5512652312
13444,176314.5509414051
13445,176314.55143726736
13446,176314.55099962978
13447,176314.55114841356
13448,176314.5510724087
13449,176314.55098427375
13450,176314.55190704222
13451,176314.5510789378
13452,176314.55168265998
13453,176314.55075329606
13454,176314.5513731392
13455,176314.55076035857
13456,176314.5509449026
13457,176314.5507800054
13458,176314.55082647584
13459,176314.55064666178
13460,176314.55125282658
13461,176314.55134942138
13462,176314.55088018134
13463,176314.55086056815
13464,176314.5506519316
13465,176314.55073477892
13466,176314.5502160451
13467,176314.55055286997
13468,176314.55121318094
13469,176314.55161653855
13470,176314.55102656124
13471,176314.55104779877
13472,176314.55114795142
13473,176314.550448568
13474,176314.55122923246
13475,176314.55118938137
13476,176314.55080197062
13477,176314.5509998594
13478,176314.550697826
13479,176314.5512335404
13480,176314.55057929983
13481,176314.55080973476
13482,176314.55124345326
13483,176314.55119585025
13484,176314.5500291937
13485,176314.5509584101
13486,176314.55052192774
13487,176314.55125704003
13488,176314.55092842906
13489,176314.5502317384
13490,176314.55082586015
13491,176314.55177455462
13492,176314.55097867022
13493,176314.55112569133
13494,176314.55047693336
13495,176314.5516103828
13496,176314.55124004366
13497,176314.55087936408
13498,176314.5509754173
13499,176314.5506996186
13500,176314.55073022464
13501,176314.5513172169
13502,176314.55169360954
13503,176314.55140720302
13504,176314.5508048374
13505,176314.5508605946
13506,176314.55076417385
13507,176314.55093018757
13508,176314.5516337558
13509,176314.5508500252
13510,176314.55137609923
13511,176314.5514404731
13512,176314.55122383777
13513,176314.55074598934
13514,176314.55094389775
13515,176314.55045025042
13516,176314.55129185866
13517,176314.55094074865
13518,176314.55040182435
13519,176314.5510667516
13520,176314.55072346254
13521,176314.5513445536
13522,176314.5511025528
13523,176314.55047472008
13524,176314.5517805327
13525,176314.55036420372
13526,176314.55039781544
13527,176314.55138831143
13528,176314.55061978524
13529,176314.55086491062
13530,176314.5510052949
13531,176314.5510021518
13532,176314.55119490746
13533,176314.55018007595
13534,176314.55080728148
13535,176314.55071601155
13536,176314.5513519506
13537,176314.55121154292
13538,176314.5514705828
13539,176314.55111854343
13540,176314.55069007463
13541,176314.55081588024
13542,176314.551026078
13543,176314.55069293652
13544,176314.55119827494
13545,176314.55136212613
13546,176314.55118188102
13547,176314.5512922317
13548,176314.5504516185
13549,176314.5511175787
13550,176314.55087043808
13551,176314.55058720856
13552,176314.55094179235
13553,176314.55058677937
13554,176314.5505209972
13555,176314.5520267438
13556,176314.55049401143
13557,176314.55157752812
13558,176314.55066854254
13559,176314.55175942535
13560,176314.55117336038
13561,176314.55148423975
13562,176314.5508421215
13563,176314.55138576427
13564,176314.55047365872
13565,176314.55099512107
13566,176314.54984784938
13567,176314.55068337638
13568,176314.55136241482
13569,176314.5509889671
13570,176314.5513100427
13571,176314.5517620923
13572,176314.5512863043
13573,176314.55135260732
13574,176314.55116451991
13575,176314.5513225445
13576,176314.5515587845
13577,176314.55066956137
13578,176314.5505791926
13579,176314.5508378488
13580,176314.5507309938
13581,176314.55084698967
13582,176314.5516570003
13583,176314.55111644688
13584,176314.55037160777
13585,176314.55048762143
13586,176314.5514875537
13587,176314.55043841162
13588,176314.5511052339
13589,176314.5510510393
13590,176314.5502637858
13591,176314.5505946715
13592,176314.55088418035
13593,176314.5507545637
13594,176314.551104624
13595,176314.55117522844
13596,176314.5520130347
13597,176314.55110319902
13598,176314.55070922556
13599,176314.55068300953
13600,176314.55104601136
13601,176314.55162990553
13602,176314.55121971716
13603,176314.55148113696
13604,176314.55138877066
13605,176314.55022575284
13606,176314.5502704368
13607,176314.55098346347
13608,176314.5513389332
13609,176314.55082588413
13610,176314.55128910698
13611,176314.5513068465
13612,176314.55115858762
13613,176314.5510140371
13614,176314.55069935182
13615,176314.55160522708
13616,176314.55048013554
13617,176314.55102283947
13618,176314.55113797728
13619,176314.5514561708
13620,176314.55100211862
13621,176314.55165980835
13622,176314.5510307246
13623,176314.55096570973
13624,176314.55129589202
13625,176314.55046438918
13626,176314.5506110032
13627,176314.55128811902
13628,176314.55136575364
13629,176314.55147945575
13630,176314.55043722378
13631,176314.55098314476
13632,176314.55103822966
13633,176314.55083995702
13634,176314.55123077685
13635,176314.55114857573
13636,176314.5513162181
13637,176314.5510784811
13638,176314.5507743615
13639,176314.5509605581
13640,176314.5505666319
13641,176314.55049437276
13642,176314.55058123023
13643,176314.55055254974
13644,176314.55114471502
13645,176314.55094824792
13646,176314.55048957394
13647,176314.55121890752
13648,176314.55177044615
13649,176314.55095401694
13650,176314.55087817268
13651,176314.55099894854
13652,176314.55093820137
13653,176314.55108150188
13654,176314.55066845304
13655,176314.5512111788
13656,176314.5511897734
13657,176314.5510556196
13658,176314.55085511025
13659,176314.55089881338
13660,176314.55124142388
13661,176314.55082151646
13662,176314.5506762005
13663,176314.55154984168
13664,176314.55095430074
13665,176314.5503977268
13666,176314.55168908372
13667,176314.55173705562
13668,176314.5511092345
13669,176314.55087678722
13670,176314.551443966
13671,176314.55190829845
13672,176314.5500713974
13673,176314.55124586305
13674,176314.55187196366
13675,176314.55094630297
13676,176314.5514774216
13677,176314.55087104737
13678,176314.5508546228
13679,176314.55096256244
13680,176314.55087102394
13681,176314.5501898626
13682,176314.55086912934
13683,176314.55157693938
13684,176314.55089530154
13685,176314.55108596355
13686,176314.5505050908
13687,176314.55135339528
13688,176314.5512174501
13689,176314.5513638002
13690,176314.55153581858
13691,176314.5509196632
13692,176314.5508463393
13693,176314.55147394072
13694,176314.55142996745
13695,176314.55055890238
13696,176314.55190321463
13697,176314.55066866227
13698,176314.55154641706
13699,176314.55044793355
13700,176314.55119190252
13701,176314.55074241676
13702,176314.5508835305
13703,176314.55106698553
13704,176314.55115446847
13705,176314.5513352797
13706,176314.5506590574
13707,176314.5516791854
13708,176314.5508433139
13709,176314.5505628226
13710,176314.55098745748
13711,176314.55132072917
13712,176314.55167084787
13713,176314.55087080633
13714,176314.5510114779
13715,176314.55101270892
13716,176314.55017837268
13717,176314.55085267784
13718,176314.55140052282
13719,176314.550538307
13720,176314.5514145558
13721,176314.5513692767
13722,176314.55093418513
13723,176314.55089449123
13724,176314.5508330022
13725,176314.5501344394
13726,176314.5514121625
13727,176314.5518359709
13728,176314.55076008724
13729,176314.55023362016
13730,176314.5506018568
13731,176314.55065961584
13732,176314.55180552346
13733,176314.55136908795
13734,176314.5516357223
13735,176314.55097964092
13736,176314.55118487254
13737,176314.55156142722
13738,176314.55097572546
13739,176314.55013468617
13740,176314.55123150296
13741,176314.55110639893
13742,176314.55079905892
13743,176314.5505894164
13744,176314.55087883925
13745,176314.55096733762
13746,176314.5510425121
13747,176314.55143971252
13748,176314.55078548717
13749,176314.5505587132
13750,176314.55161292342
13751,176314.55159062144
13752,176314.5508702785
13753,176314.5511646944
13754,176314.55028842282
13755,176314.55062215772
13756,176314.55082656496
13757,176314.55061576457
13758,176314.55050223242
13759,176314.55160486407
13760,176314.55072203587
13761,176314.55036384918
13762,176314.55124824215
13763,176314.55119696725
13764,176314.55101294
13765,176314.5506874103
13766,176314.55089137072
13767,176314.55145547344
13768,176314.5507429022
13769,176314.55061753848
13770,176314.55089021698
13771,176314.55205544122
13772,176314.55093302883
13773,176314.5513552745
13774,176314.5509602862
13775,176314.55056149006
13776,176314.5510748477
13777,176314.55154609383
13778,176314.55113219353
13779,176314.55162297428
13780,176314.55162881364
13781,176314.55155786546
13782,176314.5511440654
13783,176314.5506119439
13784,176314.5510200202
13785,176314.55075917908
13786,176314.55110008005
13787,176314.55132948048
13788,176314.55095683195
13789,176314.5507578669
13790,176314.5511479794
13791,176314.5509548235
13792,176314.55186921786
13793,176314.55130075215
13794,176314.55023635388
13795,176314.55115721558
13796,176314.55143360162
13797,176314.5511859611
13798,176314.5508929829
13799,176314.55104109616
13800,176314.551433689
13801,176314.55131615174
13802,176314.55044314484
13803,176314.5516100408
13804,176314.5513532405
13805,176314.55094419193
13806,176314.5511355427
13807,176314.55141102202
13808,176314.55071692646
13809,176314.55052495442
13810,176314.55120131985
13811,176314.55145469084
13812,176314.55078220318
13813,176314.55128258327
13814,176314.55077970153
13815,176314.55056191725
13816,176314.55055089312
13817,176314.5509856921
13818,176314.55152392923
13819,176314.55155884847
13820,176314.55117159436
13821,176314.550859626
13822,176314.5521087744
13823,176314.55162382778
13824,176314.55103385047
13825,176314.55055471812
13826,176314.55105974758
13827,176314.55118368773
13828,176314.55114429086
13829,176314.5508494984
13830,176314.55215454448
13831,176314.55074950706
13832,176314.5507569365
13833,176314.55078525835
13834,176314.5507089037
13835,176314.55072011615
13836,176314.55118526917
13837,176314.55144963507
13838,176314.55069346805
13839,176314.55198405407
13840,176314.55097173774
13841,176314.55160841555
13842,176314.55119784872
13843,176314.55069712774
13844,176314.55082058496
13845,176314.55069881218
13846,176314.5519007194
13847,176314.5509149816
13848,176314.55087477874
13849,176314.55117908894
13850,176314.55162464417
13851,176314.55103860385
13852,176314.55104029103
13853,176314.5503689939
13854,176314.5510689428
13855,176314.55047607355
13856,176314.5510398324
13857,176314.5512845659
13858,176314.55106276186
13859,176314.5504775878
13860,176314.55055869755
13861,176314.55121837463
13862,176314.55033085853
13863,176314.55134535115
13864,176314.55140826007
13865,176314.5514597318
13866,176314.5506865941
13867,176314.55139893052
13868,176314.55062699717
13869,176314.55169299454
13870,176314.55165194502
13871,176314.55087444955
13872,176314.5508394951
13873,176314.55087397562
13874,176314.55125581962
13875,176314.55121508322
13876,176314.5516466981
13877,176314.5506530392
13878,176314.55110508908
13879,176314.55131097743
13880,176314.55087636338
13881,176314.55139996795
13882,176314.55036989728
13883,176314.55139914993
13884,176314.55121675596
13885,176314.55060141598
13886,176314.55110684602
13887,176314.55101634108
13888,176314.55101634108
13889,147844.58170213355
13890,147844.58170213285
13891,147844.5817021333
13892,147844.5817021332
13893,147844.581702133
13894,147844.58170213312
13895,147844.58170213317
13896,147844.5817021335
13897,147844.5817021327
13898,147844.58170213297
13899,147844.5817021333
13900,147844.58151018972
13901,147844.58198995393
13902,147844.58228260506
13903,147844.5828627888
13904,147844.58218656018
13905,147844.5815125343
13906,147844.58105724904
13907,147844.58205601395
13908,147844.58129216274
13909,147844.5820069395
13910,147844.5804576088
13911,147844.58192602367
13912,147844.58241598072
13913,147844.582167606
13914,147844.58090856642
13915,147844.58106067777
13916,147844.58158326655
13917,147844.5817366631
13918,147844.58046089933
13919,147844.5826782692
13920,147844.58150977673
13921,147844.5816936559
13922,147844.58111919803
13923,147844.58181426066
13924,147844.58195199823
13925,147844.58172594328
13926,147844.5819423984
13927,147844.5814412373
13928,147844.5821831443
13929,147844.58163383935
13930,147844.58222480994
13931,147844.5831481345
13932,147844.5826232633
13933,147844.58108467786
13934,147844.58167908274
13935,147844.5806980025
13936,147844.58082341266
13937,147844.5811658049
13938,147844.58132395853
13939,147844.58055891862
13940,147844.58206635117
13941,147844.58199180907
13942,147844.58182623735
13943,147844.58106341655
13944,147844.58116769383
13945,147844.58136056748
13946,147844.58236528267
13947,147844.58189992481
13948,147844.581912151
13949,147844.5814340942
13950,147844.581346191
13951,147844.5817860908
13952,147844.58172292693
13953,147844.58143808742
13954,147844.58209225573
13955,147844.5816274773
13956,147844.58172916752
13957,147844.5814756602
13958,147844.58265466016
13959,147844.58083409158
13960,147844.58167741945
13961,147844.58054014412
13962,147844.5816258616
13963,147844.58196580558
13964,147844.5815141826
13965,147844.5805980618
13966,147844.5826938785
13967,147844.58193550663
13968,147844.5825819045
13969,147844.58039756923
13970,147844.58264550377
13971,147844.58266930794
13972,147844.58225712858
13973,147844.58145085935
13974,147844.5813780559
13975,147844.58130140736
13976,147844.58148198208
13977,147844.58238709206
13978,147844.58226151404
13979,147844.58122257807
13980,147844.58187117934
13981,147844.58227522313
13982,147844.5821556312
13983,147844.58226286946
13984,147844.58125172774
13985,147844.5811614685
13986,147844.5813352369
13987,147844.58005408783
13988,147844.5808999836
13989,147844.58112922581
13990,147844.58282604744
13991,147844.58222576993
13992,147844.58212347137
13993,147844.58205629254
13994,147844.58063217835
13995,147844.5801991354
13996,147844.58089948233
13997,147844.58115079487
13998,147844.58111077483
13999,147844.5810311196
14000,147844.5824877389
14001,147844.58309800713
14002,147844.5814310281
14003,147844.58048135124
14004,147844.58222911088
14005,147844.58112196028
14006,147844.58138860404
14007,147844.58135072232
14008,147844.58146828454
14009,147844.58121361028
14010,147844.5809946687
14011,147844.58161349033
14012,147844.5810546448
14013,147844.58253607355
14014,147844.5807787714
14015,147844.5818279215
14016,147844.5808869602
14017,147844.58196390545
14018,147844.58177268802
14019,147844.58116358425
14020,147844.5825609551
14021,147844.58234062666
14022,147844.58180298863
14023,147844.58224547943
14024,147844.5806873732
14025,147844.58316943733
14026,147844.58112613438
14027,147844.5821313442
14028,147844.5810389757
14029,147844.58260035288
14030,147844.58146976805
14031,147844.5823765642
14032,147844.58075948793
14033,147844.58241084215
14034,147844.58156707557
14035,147844.58062430346
14036,147844.58179606713
14037,147844.5815696197
14038,147844.58175504257
14039,147844.58182615184
14040,147844.58060880314
14041,147844.58213372043
14042,147844.5811141993
14043,147844.5817141563
14044,147844.58306355882
14045,147844.58041493985
14046,147844.58067132297
14047,147844.579978948
14048,147844.5820382044
14049,147844.5808053016
14050,147844.58149873026
14051,147844.58136593428
14052,147844.5806994487
14053,147844.58083963871
14054,147844.58103857122
14055,147844.58042252992
14056,147844.58325541334
14057,147844.58153496915
14058,147844.58221488137
14059,147844.58139268626
14060,147844.58172640132
14061,147844.58135297694
14062,147844.58082584024
14063,147844.5812150059
14064,147844.58159502523
14065,147844.58228697244
14066,147844.58197569117
14067,147844.58185006873
14068,147844.58124592784
14069,147844.58188924746
14070,147844.5810065682
14071,147844.58128291217
14072,147844.58191345795
14073,147844.58031400468
14074,147844.58048681196
14075,147844.58217913748
14076,147844.5827330267
14077,147844.58236131858
14078,147844.58116255977
14079,147844.58055103142
14080,147844.58171555883
14081,147844.5824679195
14082,147844.58068422225
14083,147844.5811904446
14084,147844.58129536087
14085,147844.58202265075
14086,147844.58242774417
14087,147844.58194837716
14088,147844.58257548977
14089,147844.58313839705
14090,147844.5820574464
14091,147844.58125414612
14092,147844.5802197297
14093,147844.58146542855
14094,147844.58152262447
14095,147844.58266837403
14096,147844.58228480807
14097,147844.58249423988
14098,147844.5826061365
14099,147844.58129502277
14100,147844.58019061093
14101,147844.58115723662
14102,147844.5820863837
14103,147844.5824197284
14104,147844.58086602314
14105,147844.5821349226
14106,147844.58263803506
14107,147844.58187327394
14108,147844.5821049771
14109,147844.58233700792
14110,147844.58190686943
14111,147844.58289030608
14112,147844.58144414017
14113,147844.58258991444
14114,147844.5815635187
14115,147844.5815229742
14116,147844.58141495826
14117,147844.58096168784
14118,147844.5827813148
14119,147844.58052601563
14120,147844.58154506946
14121,147844.58039807656
14122,147844.582290327
14123,147844.58195359385
14124,147844.5821333672
14125,147844.58122685587
14126,147844.58284629602
14127,147844.58224860285
14128,147844.5816589411
14129,147844.58209353432
14130,147844.58279976883
14131,147844.58169004592
14132,147844.58208981514
14133,147844.58199238792
14134,147844.581570948
14135,147844.58185774562
14136,147844.58163004962
14137,147844.5809723287
14138,147844.5818068948
14139,147844.5823872881
14140,147844.5824035733
14141,147844.58147150552
14142,147844.58113918902
14143,147844.58202085015
14144,147844.5805443903
14145,147844.58221428358
14146,147844.58049868938
14147,147844.58198606136
14148,147844.58073867788
14149,147844.5819754852
14150,147844.58052058102
14151,147844.5817467087
14152,147844.58174285
14153,147844.58075526598
14154,147844.58205503
14155,147844.5817839266
14156,147844.58219836775
14157,147844.58212026197
14158,147844.58123437964
14159,147844.58235502182
14160,147844.58358234138
14161,147844.58148578764
14162,147844.5820411163
14163,147844.58195077756
14164,147844.58312965743
14165,147844.58170853354
14166,147844.58162468174
14167,147844.58118784675
14168,147844.58189134815
14169,147844.58128710085
14170,147844.58199394043
14171,147844.58315828416
14172,147844.58173021395
14173,147844.5817665508
14174,147844.5813387761
14175,147844.58118760787
14176,147844.5806904926
14177,147844.5817595859
14178,147844.58016364975
14179,147844.58277503922
14180,147844.58198359492
14181,147844.58089254712
14182,147844.58213756728
14183,147844.58318288656
14184,147844.58122327112
14185,147844.58207869358
14186,147844.58136425426
14187,147844.58112556787
14188,147844.58235167008
14189,147844.58169734984
14190,147844.58155406755
14191,147844.58208868667
14192,147844.5820535813
14193,147844.5811619599
14194,147844.5810475969
14195,147844.58050770016
14196,147844.58260916927
14197,147844.58165848174
14198,147844.58156799272
14199,147844.58066231525
14200,147844.58261751704
14201,147844.58187854767
14202,147844.58365295656
14203,147844.5816011723
14204,147844.5818420254
14205,147844.58107480904
14206,147844.58186655736
14207,147844.58154886588
14208,147844.58105626455
14209,147844.58265889843
14210,147844.5825978706
14211,147844.5814206155
14212,147844.58175477575
14213,147844.58191152292
14214,147844.58185095963
14215,147844.5808668538
14216,147844.581900854
14217,147844.58040823464
14218,147844.58215970232
14219,147844.58158457122
14220,147844.57987767635
14221,147844.58237642224
14222,147844.5825829907
14223,147844.5818090094
14224,147844.58146749862
14225,147844.58093355122
14226,147844.5812877094
14227,147844.58157324413
14228,147844.5830886201
14229,147844.58239308957
14230,147844.5810546328
14231,147844.5810305065
14232,147844.5803291968
14233,147844.58159072147
14234,147844.58137160563
14235,147844.58114853845
14236,147844.58214596903
14237,147844.58157974773
14238,147844.58117651037
14239,147844.58351830082
14240,147844.58032097225
14241,147844.58243929845
14242,147844.58250632085
14243,147844.58150758635
14244,147844.58122333462
14245,147844.5822561386
14246,147844.58153071554
14247,147844.58191958303
14248,147844.58183976376
14249,147844.5814486629
14250,147844.58157068462
14251,147844.5830125831
14252,147844.58245121138
14253,147844.58159874278
14254,147844.58232472534
14255,147844.58205519945
14256,147844.5815900817
14257,147844.5822358956
14258,147844.58236820644
14259,147844.58166033565
14260,147844.58091137843
14261,147844.58148345456
14262,147844.5809608122
14263,147844.58141283714
14264,147844.5811909277
14265,147844.58241483508
14266,147844.5820435838
14267,147844.58223869227
14268,147844.58119042017
14269,147844.58238928934
14270,147844.58197686027
14271,147844.58082778275
14272,147844.5803520637
14273,147844.58170391704
14274,147844.5812906451
14275,147844.58106493813
14276,147844.581717648
14277,147844.58123766084
14278,147844.58158624294
14279,147844.58017879227
14280,147844.5811310092
14281,147844.5810295529
14282,147844.5814879867
14283,147844.58168908313
14284,147844.5810414005
14285,147844.5815202962
14286,147844.58142772704
14287,147844.58204646732
14288,147844.58198901033
14289,147844.58293109527
14290,147844.5825829383
14291,147844.5819675384
14292,147844.58049001842
14293,147844.5825891127
14294,147844.57993260675
14295,147844.58298749474
14296,147844.58265326562
14297,147844.58068020878
14298,147844.58128647687
14299,147844.58050170392
14300,147844.5821657856
14301,147844.5821934064
14302,147844.5822097574
14303,147844.58001899038
14304,147844.5825530747
14305,147844.58099072304
14306,147844.58257644012
14307,147844.58252253788
14308,147844.58118665707
14309,147844.58168197706
14310,147844.5811815207
14311,147844.58224285897
14312,147844.58169359353
14313,147844.582243354
14314,147844.58149963143
14315,147844.58207298993
14316,147844.5814966588
14317,147844.58117439572
14318,147844.5808871793
14319,147844.5827916994
14320,147844.58210755236
14321,147844.58218207626
14322,147844.58226950947
14323,147844.58172584669
14324,147844.5807564326
14325,147844.58315551857
14326,147844.58255002956
14327,147844.58219932835
14328,147844.5818913857
14329,147844.58146734504
14330,147844.58191827114
14331,147844.58188754052
14332,147844.58112853268
14333,147844.58140475783
14334,147844.581922027
14335,147844.58183755126
14336,147844.5810021031
14337,147844.58089445508
14338,147844.58207890225
14339,147844.5813731053
14340,147844.58183162846
14341,147844.58181781683
14342,147844.58212701353
14343,147844.58176167065
14344,147844.5811279107
14345,147844.5807844046
14346,147844.58113821756
14347,147844.58185249605
14348,147844.58341037575
14349,147844.58241269563
14350,147844.58327417859
14351,147844.5826686081
14352,147844.58137966716
14353,147844.58162968347
14354,147844.5813490346
14355,147844.5815895626
14356,147844.5812884896
14357,147844.58068246514
14358,147844.58246149606
14359,147844.5815535794
14360,147844.58171104835
14361,147844.58234496324
14362,147844.58187895216
14363,147844.5814091123
14364,147844.58184131037
14365,147844.58181756648
14366,147844.58219425345
14367,147844.58178204426
14368,147844.58205319045
14369,147844.58090468775
14370,147844.58186142292
14371,147844.581672222
14372,147844.5807002638
14373,147844.58020664868
14374,147844.58094096318
14375,147844.58296112856
14376,147844.58173585212
14377,147844.5808512319
14378,147844.5817623325
14379,147844.58170253114
14380,147844.58212696938
14381,147844.5808785952
14382,147844.58233530863
14383,147844.58256277957
14384,147844.58156687464
14385,147844.58186458948
14386,147844.58191371153
14387,147844.582945009
14388,147844.58173924618
14389,147844.5808959821
14390,147844.58191425836
14391,147844.581752304
14392,147844.5816090925
14393,147844.5816529339
14394,147844.581285327
14395,147844.58184540426
14396,147844.5815569674
14397,147844.58141201062
14398,147844.5814254784
14399,147844.58081867645
14400,147844.58238529414
14401,147844.58000377082
14402,147844.58088251203
14403,147844.58116262275
14404,147844.58239882538
14405,147844.58125013398
14406,147844.5816143541
14407,147844.5811198631
14408,147844.5811050921
14409,147844.58097068212
14410,147844.5824611534
14411,147844.58124275034
14412,147844.58219331247
14413,147844.58252060958
14414,147844.58370424746
14415,147844.58221143408
14416,147844.58299990982
14417,147844.58141290012
14418,147844.5814671782
14419,147844.5818206931
14420,147844.58108490767
14421,147844.58217416328
14422,147844.5818835133
14423,147844.58109608912
14424,147844.5829585648
14425,147844.582663814
14426,147844.58239502434
14427,147844.58205137483
14428,147844.58087811974
14429,147844.58165881445
14430,147844.5810246185
14431,147844.58131344005
14432,147844.5815046699
14433,147844.5809137868
14434,147844.5821972962
14435,147844.5817256068
14436,147844.5809150033
14437,147844.58113942662
14438,147844.5823591337
14439,147844.5816129598
14440,147844.58086511906
14441,147844.58236191928
14442,147844.58282522965
14443,147844.5817713161
14444,147844.58125746957
14445,147844.58249171317
14446,147844.5812602538
14447,147844.58005194034
14448,147844.58281825916
14449,147844.5816670646
14450,147844.582626994
14451,147844.5811016829
14452,147844.58159870474
14453,147844.5819846811
14454,147844.58161010066
14455,147844.582350066
14456,147844.5820057419
14457,147844.58169749854
14458,147844.5822915986
14459,147844.58143719126
14460,147844.5810735639
14461,147844.582654923
14462,147844.58148790084
14463,147844.58141133934
14464,147844.5811835962
14465,147844.58186147732
14466,147844.5820323615
14467,147844.58248792263
14468,147844.5829156231
14469,147844.58169492005
14470,147844.58089739105
14471,147844.5822047611
14472,147844.58233730914
14473,147844.5814253513
14474,147844.58136248647
14475,147844.5806769275
14476,147844.58007093277
14477,147844.58109184075
14478,147844.5810217553
14479,147844.58246384404
14480,147844.58135009152
14481,147844.5813077969
14482,147844.58064705972
14483,147844.5816125064
14484,147844.58242281442
14485,147844.58231507026
14486,147844.58245521988
14487,147844.58157304104
14488,147844.58162666034
14489,147844.58103559533
14490,147844.58137107315
14491,147844.58192882707
14492,147844.579896987
14493,147844.58238089422
14494,147844.58348533523
14495,147844.58180533853
14496,147844.58140975016
14497,147844.58126596065
14498,147844.58285043054
14499,147844.5816531695
14500,147844.58066514533
14501,147844.5815750283
14502,147844.5817489107
14503,147844.58273872192
14504,147844.58177646005
14505,147844.58183937083
14506,147844.58179001597
14507,147844.58191929574
14508,147844.58148301183
14509,147844.58051848537
14510,147844.58269902927
14511,147844.580574674
14512,147844.58244954582
14513,147844.58153873883
14514,147844.58108368397
14515,147844.58239256483
14516,147844.58114285587
14517,147844.58087179484
14518,147844.58263431184
14519,147844.58132965167
14520,147844.58127356405
14521,147844.58179205595
14522,147844.58149269852
14523,147844.58249482617
14524,147844.58036918868
14525,147844.5816246313
14526,147844.58314969053
14527,147844.58270173916
14528,147844.58206525692
14529,147844.5815251798
14530,147844.58141041885
14531,147844.58130895975
14532,147844.58158278963
14533,147844.58091176877
14534,147844.58258154747
14535,147844.58174258313
14536,147844.58161325665
14537,147844.5815568535
14538,147844.58200592923
14539,147844.5819840873
14540,147844.58183924438
14541,147844.58239260738
14542,147844.58169880128
14543,147844.58184477407
14544,147844.58132913074
14545,147844.582443977
14546,147844.58182414115
14547,147844.58145857468
14548,147844.58227660038
14549,147844.58254619982
14550,147844.58218628293
14551,147844.58259977188
14552,147844.5820701635
14553,147844.58221220045
14554,147844.5816259097
14555,147844.58254716947
14556,147844.58319766851
14557,147844.5823318558
14558,147844.58171335887
14559,147844.58123013255
14560,147844.58179004048
14561,147844.5807938719
14562,147844.5811508322
14563,147844.58276832176
14564,147844.58218235907
14565,147844.5813819917
14566,147844.5821893279
14567,147844.58233960244
14568,147844.58168286324
14569,147844.5810299428
14570,147844.58198395258
14571,147844.5816400488
14572,147844.58264324712
14573,147844.58076270693
14574,147844.58080890478
14575,147844.58068932113
14576,147844.58160203937
14577,147844.58202063927
14578,147844.581321133
14579,147844.58092503058
14580,147844.5812364775
14581,147844.58205681414
14582,147844.5821412119
14583,147844.58054676256
14584,147844.58191599482
14585,147844.58107426792
14586,147844.5812752648
14587,147844.58102493058
14588,147844.58186788482
14589,147844.58162201883
14590,147844.58250021233
14591,147844.58122535603
14592,147844.5809491096
14593,147844.58093579632
14594,147844.5807792065
14595,147844.5821114249
14596,147844.58208729478
14597,147844.58194086052
14598,147844.5823793897
14599,147844.5817952729
14600,147844.58209433267
14601,147844.58082617368
14602,147844.5806869891
14603,147844.58069822844
14604,147844.5820971392
14605,147844.58136863838
14606,147844.58035323766
14607,147844.58146825538
14608,147844.58187566284
14609,147844.58121008772
14610,147844.58156177416
14611,147844.58101055544
14612,147844.58211917916
14613,147844.5814125257
14614,147844.58157494047
14615,147844.5808102951
14616,147844.58142796633
14617,147844.5819093181
14618,147844.58170213364
14619,147844.58170213347
14620,116876.56943253313
14621,116876.56943253333
14622,116876.56943253333
14623,116876.56943253319
14624,116876.56943253327
14625,116876.56943253327
14626,116876.56943253301
14627,116876.56943253317
14628,116876.56943253335
14629,116876.56943253324
14630,116876.56943253324
14631,116876.5693346155
14632,116876.5693868826
14633,116876.56949879476
14634,116876.56964571544
14635,116876.56953686327
14636,116876.56970186079
14637,116876.56916563245
14638,116876.56930246415
14639,116876.56960734903
14640,116876.56951764433
14641,116876.5691554862
14642,116876.56955901922
14643,116876.56954836231
14644,116876.5691755794
14645,116876.56966243192
14646,116876.56949475518
14647,116876.56934709082
14648,116876.56940387744
14649,116876.56927793847
14650,116876.56978118903
14651,116876.56953184507
14652,116876.56933990441
14653,116876.56954439936
14654,116876.56945249312
14655,116876.56957557636
14656,116876.56950888332
14657,116876.56934049651
14658,116876.56948449358
14659,116876.5691792853
14660,116876.56943924211
14661,116876.56933105449
14662,116876.56945811611
14663,116876.56967706828
14664,116876.56954583045
14665,116876.56989381916
14666,116876.56962057149
14667,116876.56965121605
14668,116876.56957739225
14669,116876.56958178878
14670,116876.56922706707
14671,116876.56974609997
14672,116876.56960155476
14673,116876.56934051136
14674,116876.56940199668
14675,116876.56941447868
14676,116876.56918054752
14677,116876.56938879326
14678,116876.56965577786
14679,116876.56977864691
14680,116876.56966022786
14681,116876.56931794333
14682,116876.56924834826
14683,116876.56967574537
14684,116876.56940914631
14685,116876.56981122072
14686,116876.56949407149
14687,116876.56939798666
14688,116876.56920903493
14689,116876.56924582558
14690,116876.56934797794
14691,116876.56941951571
14692,116876.56917991315
14693,116876.56931388704
14694,116876.56920441503
14695,116876.56920538668
14696,116876.56941641071
14697,116876.56940460688
14698,116876.569428026
14699,116876.5694417422
14700,116876.5693027202
14701,116876.56965006205
14702,116876.56980037953
14703,116876.56953265323
14704,116876.56969335364
14705,116876.56895465315
14706,116876.56931870744
14707,116876.56962691489
14708,116876.56922576288
14709,116876.56927938692
14710,116876.5696016182
14711,116876.5697357597
14712,116876.56923452139
14713,116876.5695880177
14714,116876.56917516302
14715,116876.56936604745
14716,116876.5693155634
14717,116876.56939955617
14718,116876.56911483215
14719,116876.56956751946
14720,116876.56949360353
14721,116876.56965517337
14722,116876.56946888487
14723,116876.56889646033
14724,116876.56966727419
14725,116876.56939743375
14726,116876.56959387854
14727,116876.56942273627
14728,116876.5694782659
14729,116876.56936313756
14730,116876.56917762035
14731,116876.56948438818
14732,116876.5694897106
14733,116876.56936638463
14734,116876.56945750292
14735,116876.56925375041
14736,116876.56929792548
14737,116876.56966447466
14738,116876.56939370268
14739,116876.56943704796
14740,116876.56933720667
14741,116876.56921958593
14742,116876.5692523325
14743,116876.56966847354
14744,116876.56931239896
14745,116876.56916042513
14746,116876.56954908244
14747,116876.56943365357
14748,116876.56947753235
14749,116876.56930247658
14750,116876.56950818063
14751,116876.56977686359
14752,116876.56908776615
14753,116876.56989717629
14754,116876.56924297832
14755,116876.56966336149
14756,116876.56903905235
14757,116876.56996427737
14758,116876.56941766504
14759,116876.5697148467
14760,116876.56953289162
14761,116876.56940988416
14762,116876.5694287437
14763,116876.56928085956
14764,116876.56957047424
14765,116876.56930518756
14766,116876.56957703737
14767,116876.56949756273
14768,116876.56961664591
14769,116876.56943392535
14770,116876.56910771539
14771,116876.56932803956
14772,116876.56922080775
14773,116876.56947293459
14774,116876.56919498877
14775,116876.56928690491
14776,116876.56980591439
14777,116876.56926001656
14778,116876.56929110657
14779,116876.569465113
14780,116876.56928628958
14781,116876.5692360892
14782,116876.56966961871
14783,116876.56929603683
14784,116876.5696589318
14785,116876.56949262277
14786,116876.56955277186
14787,116876.5694435351
14788,116876.56954952999
14789,116876.56940984826
14790,116876.56942028261
14791,116876.56917137961
14792,116876.56937121379
14793,116876.56923455384
14794,116876.56974653603
14795,116876.56942491421
14796,116876.56965990544
14797,116876.56974787544
14798,116876.56951999536
14799,116876.56937563779
14800,116876.56968214225
14801,116876.5695740337
14802,116876.56944682976
14803,116876.56941261177
14804,116876.56958372096
14805,116876.56944069469
14806,116876.56908165127
14807,116876.56952560719
14808,116876.56926233578
14809,116876.56930333414
14810,116876.56914547256
14811,116876.56958716102
14812,116876.56970126288
14813,116876.5697207319
14814,116876.56902247903
14815,116876.56903545071
14816,116876.56939075078
14817,116876.56934025811
14818,116876.5695008887
14819,116876.56935890415
14820,116876.56933866793
14821,116876.56933800348
14822,116876.56933366506
14823,116876.5691940676
14824,116876.56951801034
14825,116876.56953361542
14826,116876.56955442755
14827,116876.56941065422
14828,116876.56924461537
14829,116876.56966230513
14830,116876.56943905879
14831,116876.56931869494
14832,116876.56902371376
14833,116876.56926412042
14834,116876.56952786299
14835,116876.56961609288
14836,116876.56957993438
14837,116876.56978727736
14838,116876.56928949841
14839,116876.56954073561
14840,116876.56972043494
14841,116876.56953351946
14842,116876.5698700007
14843,116876.5695454985
14844,116876.56953946447
14845,116876.56978464361
14846,116876.56940012357
14847,116876.56961999203
14848,116876.56926382217
14849,116876.56955345228
14850,116876.5696417873
14851,116876.56915131069
14852,116876.5693485991
14853,116876.5695341885
14854,116876.5692379167
14855,116876.56892045835
14856,116876.5695666964
14857,116876.56933231646
14858,116876.5695301236
14859,116876.56940207374
14860,116876.56969860176
14861,116876.56958078025
14862,116876.56893124888
14863,116876.56946181347
14864,116876.56925771978
14865,116876.56917216779
14866,116876.56954372679
14867,116876.5691956141
14868,116876.56929262509
14869,116876.56936954167
14870,116876.56989538323
14871,116876.56993057224
14872,116876.56907093388
14873,116876.56935148453
14874,116876.56955036212
14875,116876.56939326198
14876,116876.56972596941
14877,116876.56907744145
14878,116876.56971736328
14879,116876.56911474517
14880,116876.56939484022
14881,116876.56922573203
14882,116876.56932517879
14883,116876.5691888563
14884,116876.56951522084
14885,116876.56917228752
14886,116876.56954884567
14887,116876.56946222346
14888,116876.56986824198
14889,116876.56948084723
14890,116876.56919042718
14891,116876.56980107089
14892,116876.56914658862
14893,116876.56935885316
14894,116876.56940373754
14895,116876.5694071602
14896,116876.56989140726
14897,116876.5693507377
14898,116876.56936965315
14899,116876.56931475834
14900,116876.5694378032
14901,116876.56964669575
14902,116876.5693359622
14903,116876.56930126753
14904,116876.56955675448
14905,116876.56963106967
14906,116876.56958973048
14907,116876.56926840215
14908,116876.56952211472
14909,116876.56947209961
14910,116876.56947652597
14911,116876.5692666238
14912,116876.56958685287
14913,116876.56935210827
14914,116876.56934297824
14915,116876.56987864134
14916,116876.56970187394
14917,116876.56934943727
14918,116876.56933386307
14919,116876.56952983326
14920,116876.56944479917
14921,116876.56913435095
14922,116876.56940497427
14923,116876.56963787938
14924,116876.56905868568
14925,116876.56920711201
14926,116876.56948844196
14927,116876.5691908174
14928,116876.5695009932
14929,116876.56931724513
14930,116876.56874881894
14931,116876.56952263498
14932,116876.56936147403
14933,116876.5695688969
14934,116876.56882031243
14935,116876.56941222271
14936,116876.56926356714
14937,116876.56936898331
14938,116876.56951467335
14939,116876.56931102886
14940,116876.56959506773
14941,116876.56943981722
14942,116876.56949896191
14943,116876.56983700272
14944,116876.56959988135
14945,116876.56950384793
14946,116876.56953663926
14947,116876.56943810769
14948,116876.56945272633
14949,116876.56953408885
14950,116876.56910606641
14951,116876.56924977341
14952,116876.56925200872
14953,116876.56966600726
14954,116876.56985914535
14955,116876.56928361797
14956,116876.56969290352
14957,116876.56935213384
14958,116876.56969539465
14959,116876.56984278763
14960,116876.56921825503
14961,116876.56919952804
14962,116876.56942848887
14963,116876.56923051087
14964,116876.56930152932
14965,116876.56956892664
14966,116876.5690850833
14967,116876.56924542319
14968,116876.56957123533
14969,116876.56947459017
14970,116876.56950828929
14971,116876.56964561011
14972,116876.56933385466
14973,116876.56950883285
14974,116876.56968775445
14975,116876.56921069263
14976,116876.56935310752
14977,116876.56875072696
14978,116876.56919332476
14979,116876.56944629352
14980,116876.56938634926
14981,116876.56906388704
14982,116876.56953035881
14983,116876.56959136488
14984,116876.56971036184
14985,116876.56948751135
14986,116876.56933274123
14987,116876.56940561903
14988,116876.5691367653
14989,116876.56955039575
14990,116876.56953236143
14991,116876.56947160912
14992,116876.56977843937
14993,116876.56983328122
14994,116876.56920804399
14995,116876.56921702792
14996,116876.56929874391
14997,116876.56913557193
14998,116876.56955621117
14999,116876.56928892297
15000,116876.56942447109
15001,116876.568790264
15002,116876.56935129568
15003,116876.5695243672
15004,116876.56940978396
15005,116876.56983050182
15006,116876.56945796857
15007,116876.56920760775
15008,116876.56942324777
15009,116876.56958979052
15010,116876.5694695566
15011,116876.56914459962
15012,116876.56917162372
15013,116876.56939538049
15014,116876.56913886471
15015,116876.56940594719
15016,116876.56964829985
15017,116876.56950198214
15018,116876.56912804973
15019,116876.5695967896
15020,116876.56929429695
15021,116876.56983496189
15022,116876.56962668075
15023,116876.56981276767
15024,116876.56978376665
15025,116876.56917778843
15026,116876.56946927049
15027,116876.56931145074
15028,116876.56950295177
15029,116876.56946827013
15030,116876.56927632654
15031,116876.5691031939
15032,116876.56934070968
15033,116876.56969494869
15034,116876.56901817583
15035,116876.56958653257
15036,116876.56961253802
15037,116876.56910241787
15038,116876.56965194526
15039,116876.56961823686
15040,116876.56957304789
15041,116876.5693909552
15042,116876.56960038129
15043,116876.56936875249
15044,116876.56971752038
15045,116876.5695036807
15046,116876.56910817721
15047,116876.5691809987
15048,116876.56972524239
15049,116876.56925940253
15050,116876.56924598046
15051,116876.56933023264
15052,116876.56918876607
15053,116876.5697251309
15054,116876.56939617597
15055,116876.56933670187
15056,116876.56959469248
15057,116876.56959160056
15058,116876.56927274616
15059,116876.56926234651
15060,116876.56942654555
15061,116876.56950839593
15062,116876.56960409963
15063,116876.56926087158
15064,116876.56904846395
15065,116876.56935996829
15066,116876.56965715202
15067,116876.56940489437
15068,116876.56943187717
15069,116876.56895226178
15070,116876.56998597996
15071,116876.56951543092
15072,116876.56958397882
15073,116876.56948424559
15074,116876.56915323723
15075,116876.56955007077
15076,116876.56942566378
15077,116876.5696408914
15078,116876.56908291209
15079,116876.56952558745
15080,116876.5691392253
15081,116876.56975828367
15082,116876.56932446305
15083,116876.5696772935
15084,116876.56961540229
15085,116876.56945013168
15086,116876.56934486236
15087,116876.56931837014
15088,116876.56920896271
15089,116876.56969816457
15090,116876.56935502164
15091,116876.5700766072
15092,116876.5692215395
15093,116876.56931471432
15094,116876.56919645029
15095,116876.56955008736
15096,116876.56933714965
15097,116876.56934488636
15098,116876.56934094764
15099,116876.56945537216
15100,116876.56944503405
15101,116876.56892183602
15102,116876.56951467374
15103,116876.56946894804
15104,116876.56916457872
15105,116876.56955900296
15106,116876.56949667784
15107,116876.56962503222
15108,116876.56916432141
15109,116876.56950893626
15110,116876.56930183677
15111,116876.56925568737
15112,116876.56927142688
15113,116876.5696824883
15114,116876.56923894114
15115,116876.56914810039
15116,116876.56957281425
15117,116876.56935220007
15118,116876.56955969076
15119,116876.56901049755
15120,116876.5695509761
15121,116876.5700744859
15122,116876.56946322898
15123,116876.56930475638
15124,116876.56941055831
15125,116876.56926279607
15126,116876.56957916985
15127,116876.56951772951
15128,116876.56938789773
15129,116876.56921957851
15130,116876.56905164926
15131,116876.56951965074
15132,116876.56935626622
15133,116876.56945827999
15134,116876.56937774885
15135,116876.56928312301
15136,116876.56945642439
15137,116876.56931800148
15138,116876.56982154273
15139,116876.5691946108
15140,116876.5694431097
15141,116876.56921037364
15142,116876.56988540974
15143,116876.56956540672
15144,116876.56915460766
15145,116876.56923539666
15146,116876.56950525964
15147,116876.56963157382
15148,116876.5693902126
15149,116876.56958785836
15150,116876.56922655518
15151,116876.56923612067
15152,116876.56938291948
15153,116876.5693313028
15154,116876.56947469983
15155,116876.56944052629
15156,116876.56980092246
15157,116876.56954246755
15158,116876.56945917176
15159,116876.56867191303
15160,116876.56933635121
15161,116876.5695451917
15162,116876.56928054051
15163,116876.5694309616
15164,116876.569762516
15165,116876.56973154219
15166,116876.57005620403
15167,116876.56923405369
15168,116876.56959015653
15169,116876.56967580294
15170,116876.56943933992
15171,116876.56950572455
15172,116876.56902279398
15173,116876.56957800363
15174,116876.56949541878
15175,116876.569254357
15176,116876.56933414299
15177,116876.56953808495
15178,116876.57019635449
15179,116876.56972085165
15180,116876.56947957745
15181,116876.56915958118
15182,116876.56969578676
15183,116876.56986474119
15184,116876.5693243128
15185,116876.5691824856
15186,116876.56929252218
15187,116876.56974762472
15188,116876.56959088065
15189,116876.56947708073
15190,116876.56899477322
15191,116876.56900908222
15192,116876.5695833681
15193,116876.56960010587
15194,116876.5695740142
15195,116876.56985670945
15196,116876.56987991584
15197,116876.56922949347
15198,116876.56928205633
15199,116876.56963272976
15200,116876.5692743155
15201,116876.56911865884
15202,116876.56915461915
15203,116876.56919738921
15204,116876.56926424273
15205,116876.56938020221
15206,116876.56920657748
15207,116876.56954366
15208,116876.56947755061
15209,116876.56917232937
15210,116876.56940297941
15211,116876.5695956377
15212,116876.56921956566
15213,116876.56975964458
15214,116876.56944787272
15215,116876.56972557155
15216,116876.56924480977
15217,116876.56960848311
15218,116876.5699571107
15219,116876.56943313812
15220,116876.56934698852
15221,116876.56962851086
15222,116876.56952358475
15223,116876.56997163959
15224,116876.56947651047
15225,116876.56944874552
15226,116876.56922959759
15227,116876.56965904697
15228,116876.56920927575
15229,116876.56960594888
15230,116876.56955288931
15231,116876.56962426605
15232,116876.5691392773
15233,116876.56945125558
15234,116876.56988899122
15235,116876.56972011288
15236,116876.5693297318
15237,116876.56958289002
15238,116876.56914531888
15239,116876.56946400987
15240,116876.56936871489
15241,116876.56959293995
15242,116876.56944325533
15243,116876.56952700633
15244,116876.56950575326
15245,116876.56916303701
15246,116876.56930831735
15247,116876.56980750154
15248,116876.56974642754
15249,116876.56967939169
15250,116876.56956942659
15251,116876.56959410163
15252,116876.56927706495
15253,116876.56970253926
15254,116876.56932541082
15255,116876.56936070103
15256,116876.56981486292
15257,116876.56911531041
15258,116876.56960529325
15259,116876.56940065141
15260,116876.56969714213
15261,116876.56902782999
15262,116876.56932017505
15263,116876.56962233839
15264,116876.56926456813
15265,116876.56942837744
15266,116876.56921829494
15267,116876.56902753076
15268,116876.56897206801
15269,116876.56932449214
15270,116876.56952986508
15271,116876.569555061
15272,116876.5698481634
15273,116876.56959114174
15274,116876.56916654359
15275,116876.5694675194
15276,116876.56922165281
15277,116876.56959657243
15278,116876.56899724394
15279,116876.56913391637
15280,116876.56960310975
15281,116876.56981342833
15282,116876.56958058945
15283,116876.56941796954
15284,116876.5694321731
15285,116876.56969789184
15286,116876.56912550096
15287,116876.56970758579
15288,116876.56965521193
15289,116876.56950195292
15290,116876.56952982422
15291,116876.56926029643
15292,116876.56917816815
15293,116876.56952614027
15294,116876.5689955391
15295,116876.5691043361
15296,116876.5694146785
15297,116876.56927996715
15298,116876.56949311396
15299,116876.56948317947
15300,116876.5690583191
15301,116876.56949778543
15302,116876.56969923046
15303,116876.56963877086
15304,116876.56936644742
15305,116876.56934212633
15306,116876.56925438915
15307,116876.56930850202
15308,116876.56950986209
15309,116876.56915620796
15310,116876.56959588619
15311,116876.5694499618
15312,116876.56916750727
15313,116876.5694195941
15314,116876.56924570426
15315,116876.56920659007
15316,116876.56966199027
15317,116876.56882501116
15318,116876.5692914801
15319,116876.56959568789
15320,116876.56943534785
15321,116876.5699525369
15322,116876.56938872937
15323,116876.5693519589
15324,116876.56966623454
15325,116876.56897360453
15326,116876.56975948914
15327,116876.56963171119
15328,116876.56941706121
15329,116876.56930524038
15330,116876.56917039945
15331,116876.56949082408
15332,116876.56919278833
15333,116876.56941176631
15334,116876.56929860487
15335,116876.569512591
15336,116876.56937406282
15337,116876.56944628773
15338,116876.56913040583
15339,116876.56944131118
15340,116876.5692622992
15341,116876.5695467673
15342,116876.56916595525
15343,116876.56952399036
15344,116876.56934202733
15345,116876.56948850295
15346,116876.56935328452
15347,116876.56917990616
15348,116876.56955922359
15349,116876.56943253314
15350,116876.56943253323
15351,15854797.809408551
