iteracion,valor_coste
0,16004757.035101725
1,16004757.035101706
2,16004757.035101706
3,16004757.035101714
4,16004757.035101708
5,16004757.035101727
6,16004757.035101708
7,16004757.035101725
8,16004757.035101708
9,16004757.035101727
10,16004757.035101723
11,16004757.05024888
12,16004757.03198858
13,16004756.999502843
14,16004757.033656524
15,16004757.048170602
16,16004757.046581235
17,16004757.008940984
18,16004757.02297008
19,16004757.073328001
20,16004757.007302245
21,16004757.01818302
22,16004757.057322709
23,16004757.007260632
24,16004757.040534215
25,16004757.045934798
26,16004757.006825289
27,16004757.065840458
28,16004757.022726053
29,16004757.014311245
30,16004757.044331016
31,16004757.00319609
32,16004757.036400693
33,16004757.04326055
34,16004757.016723257
35,16004757.031215532
36,16004757.025355956
37,16004757.00969105
38,16004757.043431424
39,16004757.025947222
40,16004757.03336015
41,16004757.041804148
42,16004757.034045776
43,16004757.022201858
44,16004757.048390899
45,16004757.051671868
46,16004757.02310444
47,16004757.02219245
48,16004757.058595136
49,16004756.994018178
50,16004756.985699693
51,16004757.056055175
52,16004757.008768586
53,16004757.034532959
54,16004757.060989346
55,16004757.037366776
56,16004757.033368612
57,16004757.030093333
58,16004756.981466034
59,16004757.013767535
60,16004757.008310694
61,16004757.027013624
62,16004757.005419383
63,16004757.055568814
64,16004757.034612255
65,16004756.990674166
66,16004757.053377185
67,16004757.049080636
68,16004757.037740896
69,16004757.002169535
70,16004757.051986845
71,16004757.070708064
72,16004757.028900057
73,16004757.016209468
74,16004757.023625793
75,16004757.012615174
76,16004757.044700766
77,16004757.00813349
78,16004757.006814709
79,16004757.049868347
80,16004757.008592216
81,16004757.06955336
82,16004757.024026986
83,16004757.035440706
84,16004757.072224269
85,16004757.029121563
86,16004757.028688567
87,16004757.02639674
88,16004757.043889716
89,16004757.05235007
90,16004757.03673203
91,16004757.027259324
92,16004757.050785938
93,16004757.035018932
94,16004757.065372871
95,16004757.075347075
96,16004757.020582782
97,16004757.033440324
98,16004757.025960328
99,16004757.01740999
100,16004757.01346374
101,16004757.016180236
102,16004757.069549084
103,16004757.03105936
104,16004757.047695389
105,16004757.029273441
106,16004757.046325734
107,16004757.068633467
108,16004757.062820815
109,16004757.044567969
110,16004757.030519782
111,16004756.983119551
112,16004757.0451702
113,16004757.03420929
114,16004757.00916898
115,16004757.012362814
116,16004757.017275477
117,16004757.033661736
118,16004757.001984755
119,16004757.029062761
120,16004757.041418264
121,16004757.048207644
122,16004757.048152747
123,16004757.039474629
124,16004757.038389878
125,16004757.005855953
126,16004757.048503844
127,16004757.040340496
128,16004757.04235847
129,16004757.057089701
130,16004757.035981987
131,16004757.035688251
132,16004757.049873425
133,16004757.037108427
134,16004757.03976553
135,16004757.044931205
136,16004757.036697365
137,16004757.050250957
138,16004757.03274679
139,16004757.031106707
140,16004757.042480828
141,16004757.043590952
142,16004757.033327026
143,16004757.042893048
144,16004757.002277669
145,16004757.045761062
146,16004756.996867262
147,16004757.048070427
148,16004757.018678099
149,16004757.03030634
150,16004757.021627964
151,16004757.030566351
152,16004757.063359704
153,16004757.0152879
154,16004757.041603828
155,16004757.051473338
156,16004757.027075006
157,16004757.03801444
158,16004757.004338665
159,16004757.023697335
160,16004757.036838893
161,16004757.042762322
162,16004757.030501384
163,16004757.070665745
164,16004757.044855503
165,16004757.035901828
166,16004757.0640458
167,16004757.064752439
168,16004757.036121512
169,16004757.056616558
170,16004757.046029959
171,16004757.04124934
172,16004757.04415747
173,16004757.040927116
174,16004757.024771836
175,16004757.005355168
176,16004757.032187195
177,16004757.059153749
178,16004757.03930296
179,16004757.035774456
180,16004757.032113103
181,16004757.036106355
182,16004757.006562773
183,16004757.035516996
184,16004757.048839243
185,16004757.044840189
186,16004757.030763568
187,16004757.03512128
188,16004757.041800836
189,16004757.006645095
190,16004757.011176426
191,16004757.046541462
192,16004757.029946992
193,16004757.026645763
194,16004757.059074422
195,16004757.016413877
196,16004757.024542816
197,16004757.001648646
198,16004757.046304766
199,16004757.039463244
200,16004757.011006482
201,16004757.046846503
202,16004757.051891206
203,16004756.996623915
204,16004757.021572607
205,16004757.036833618
206,16004757.02241587
207,16004757.036294539
208,16004757.007996486
209,16004757.04070358
210,16004757.050422158
211,16004757.021069448
212,16004757.025325788
213,16004757.042334108
214,16004757.041105982
215,16004757.048825558
216,16004757.030182734
217,16004757.034470394
218,16004757.038036639
219,16004757.031094376
220,16004757.025870755
221,16004757.02151602
222,16004757.031482397
223,16004757.011923162
224,16004757.00438376
225,16004757.032460917
226,16004757.059048017
227,16004757.017879924
228,16004757.034601681
229,16004757.036119776
230,16004757.051573096
231,16004757.051303906
232,16004757.046487857
233,16004757.035939187
234,16004757.0131918
235,16004757.045531183
236,16004757.028481469
237,16004757.078301707
238,16004757.025033344
239,16004757.085230973
240,16004757.03901394
241,16004757.047317926
242,16004757.052644517
243,16004757.023094822
244,16004757.007159548
245,16004757.033995863
246,16004757.015634563
247,16004757.064889327
248,16004757.021673676
249,16004757.038213946
250,16004757.040510394
251,16004757.022054072
252,16004757.052925007
253,16004757.010642046
254,16004757.056292973
255,16004757.046712805
256,16004757.028254243
257,16004757.074675689
258,16004757.022045016
259,16004757.024551827
260,16004757.057760034
261,16004757.020827437
262,16004757.035149833
263,16004757.017418224
264,16004757.00773718
265,16004757.00114052
266,16004757.02516623
267,16004757.03015268
268,16004757.031460665
269,16004757.0390263
270,16004757.074683588
271,16004757.041222766
272,16004757.013309939
273,16004757.07788131
274,16004757.055292023
275,16004757.049076764
276,16004757.063794391
277,16004757.025266875
278,16004757.026009027
279,16004757.033251004
280,16004757.030835457
281,16004757.034910476
282,16004756.98671359
283,16004757.027559714
284,16004757.0302897
285,16004757.043258755
286,16004757.020437367
287,16004757.014563994
288,16004756.997861108
289,16004757.026215045
290,16004757.032840397
291,16004757.068942426
292,16004757.062463455
293,16004757.055018244
294,16004757.044168832
295,16004757.016262341
296,16004757.037620066
297,16004757.074753381
298,16004757.046520403
299,16004757.013165576
300,16004757.02287689
301,16004757.01365955
302,16004756.986493304
303,16004757.008114781
304,16004757.037104512
305,16004757.054098792
306,16004757.036017038
307,16004757.033462811
308,16004757.034988409
309,16004757.013868002
310,16004757.061050402
311,16004756.99838937
312,16004757.055049377
313,16004757.058118999
314,16004757.004930308
315,16004757.07140537
316,16004757.003285246
317,16004757.029211856
318,16004757.01918127
319,16004757.01073073
320,16004757.064040491
321,16004757.04303922
322,16004757.071776906
323,16004757.012472617
324,16004757.02598347
325,16004757.036401927
326,16004757.03455167
327,16004757.049748447
328,16004756.94437174
329,16004757.058926146
330,16004757.03433862
331,16004757.00013178
332,16004757.006059894
333,16004757.037418071
334,16004757.057789056
335,16004757.053982232
336,16004757.066874586
337,16004757.039900359
338,16004757.055778507
339,16004756.978864731
340,16004757.062602073
341,16004756.990860438
342,16004757.024962805
343,16004757.012782505
344,16004757.048699532
345,16004757.038671825
346,16004757.000008037
347,16004757.02560238
348,16004756.981647996
349,16004756.99931755
350,16004757.0109914
351,16004756.976548994
352,16004757.104893444
353,16004757.039762508
354,16004757.00173078
355,16004757.031370016
356,16004757.014398146
357,16004756.981583979
358,16004757.033158377
359,16004757.020003287
360,16004757.046910975
361,16004757.032850469
362,16004757.052841382
363,16004757.046766838
364,16004757.065328343
365,16004757.014784575
366,16004757.019148504
367,16004757.033187274
368,16004757.022812521
369,16004757.020585319
370,16004757.010466052
371,16004757.033312393
372,16004757.02989637
373,16004757.019751174
374,16004757.062150374
375,16004757.03429503
376,16004757.096477276
377,16004757.0367066
378,16004757.034492018
379,16004757.06306064
380,16004757.065214518
381,16004757.071825836
382,16004756.99336104
383,16004757.061444351
384,16004757.063669555
385,16004757.028446648
386,16004757.05569263
387,16004757.046657728
388,16004757.069182795
389,16004757.041015046
390,16004757.05836142
391,16004757.051609162
392,16004757.02647497
393,16004757.039060717
394,16004757.030086434
395,16004757.013187036
396,16004757.012978509
397,16004757.036147682
398,16004757.059125852
399,16004757.05247521
400,16004757.058301086
401,16004757.01055533
402,16004757.011251245
403,16004757.023548378
404,16004757.07086815
405,16004757.017080951
406,16004757.09822022
407,16004756.993128087
408,16004757.00643109
409,16004757.009556927
410,16004757.082221428
411,16004757.026229087
412,16004757.049678734
413,16004757.01011691
414,16004757.00739904
415,16004757.041576384
416,16004757.07644667
417,16004757.029451126
418,16004757.023433056
419,16004757.049665784
420,16004757.050365109
421,16004757.029180177
422,16004757.05672802
423,16004757.03969223
424,16004757.047782876
425,16004757.030923942
426,16004757.033250453
427,16004757.055008763
428,16004757.028870331
429,16004757.044831956
430,16004757.049934257
431,16004757.061661767
432,16004757.061137533
433,16004757.008616472
434,16004757.028304
435,16004757.05111809
436,16004757.044244682
437,16004757.058698285
438,16004757.020152401
439,16004757.083228538
440,16004756.977798494
441,16004757.060034556
442,16004757.059676416
443,16004757.064073278
444,16004757.027604153
445,16004757.06191961
446,16004757.035774944
447,16004757.059629004
448,16004757.0244063
449,16004757.006620996
450,16004757.015270753
451,16004756.997707281
452,16004757.039055958
453,16004757.048273494
454,16004757.049256692
455,16004757.010546762
456,16004757.074339548
457,16004757.062740711
458,16004757.071988223
459,16004757.060025675
460,16004757.011734432
461,16004757.034385683
462,16004757.034895794
463,16004757.02824189
464,16004757.031962775
465,16004757.021423632
466,16004757.06522795
467,16004757.025687004
468,16004757.060418706
469,16004757.049253926
470,16004757.0546834
471,16004757.048426876
472,16004757.045131147
473,16004756.986817159
474,16004757.031221846
475,16004757.015970545
476,16004757.050590124
477,16004757.084289867
478,16004757.062923616
479,16004757.03811065
480,16004757.03508036
481,16004757.041783577
482,16004757.05950761
483,16004757.056705356
484,16004757.020779977
485,16004757.011693578
486,16004757.01793302
487,16004757.052073214
488,16004757.047120936
489,16004757.018203363
490,16004757.07925381
491,16004757.055160439
492,16004757.023311818
493,16004757.02753776
494,16004757.066186175
495,16004757.0386509
496,16004756.996738862
497,16004757.046742031
498,16004757.05359065
499,16004757.017561698
500,16004757.07147616
501,16004757.00978467
502,16004757.053153884
503,16004757.036199491
504,16004757.034690183
505,16004757.019896196
506,16004757.045873456
507,16004757.028876442
508,16004757.086214887
509,16004757.033232296
510,16004757.01723021
511,16004757.070072608
512,16004757.06461584
513,16004757.033346256
514,16004757.027861368
515,16004757.056188518
516,16004757.062856605
517,16004757.020168705
518,16004757.069714587
519,16004757.052323198
520,16004757.003210852
521,16004757.042359676
522,16004757.027310388
523,16004757.005767802
524,16004757.011201737
525,16004757.074272124
526,16004757.025708413
527,16004757.002585378
528,16004757.046243174
529,16004757.023962436
530,16004757.039292319
531,16004757.056556901
532,16004757.059096623
533,16004757.035585284
534,16004757.032371618
535,16004757.055115372
536,16004757.048998857
537,16004757.010263642
538,16004757.058873832
539,16004757.049406912
540,16004757.047516804
541,16004757.038051171
542,16004757.044759722
543,16004757.003029572
544,16004757.029567147
545,16004757.029968336
546,16004757.030842982
547,16004757.021188814
548,16004757.020917933
549,16004757.05798825
550,16004757.057578605
551,16004757.051584743
552,16004757.029397221
553,16004757.050857246
554,16004757.008119985
555,16004757.01316565
556,16004757.009857088
557,16004757.081911774
558,16004757.028838923
559,16004757.06248326
560,16004757.017139843
561,16004757.080002539
562,16004757.043527285
563,16004757.040605832
564,16004757.009696715
565,16004757.040368682
566,16004757.007700546
567,16004757.024796486
568,16004757.021867815
569,16004757.063180916
570,16004757.018802883
571,16004757.051724534
572,16004757.035371395
573,16004757.027371667
574,16004757.050715351
575,16004757.009268342
576,16004757.025008744
577,16004757.05133046
578,16004756.995009543
579,16004757.039668161
580,16004757.025655722
581,16004757.036251182
582,16004757.04617206
583,16004757.045985604
584,16004757.02056073
585,16004757.058204819
586,16004757.009843154
587,16004757.060819503
588,16004757.021230841
589,16004757.046287289
590,16004757.05417998
591,16004757.046545539
592,16004757.051322332
593,16004757.030423297
594,16004757.035805976
595,16004757.029699188
596,16004757.044752333
597,16004757.026448905
598,16004757.034012483
599,16004757.068440316
600,16004757.031766003
601,16004757.041604768
602,16004757.03135125
603,16004757.035610905
604,16004756.99644339
605,16004757.035557156
606,16004757.04447906
607,16004757.080304585
608,16004757.062530512
609,16004757.016797138
610,16004757.018570447
611,16004757.064674415
612,16004756.998135405
613,16004757.01742459
614,16004757.044007726
615,16004757.061355166
616,16004757.065948809
617,16004757.051824344
618,16004757.048454423
619,16004757.01554785
620,16004757.077841971
621,16004757.043262435
622,16004757.019447325
623,16004757.040348135
624,16004757.041405655
625,16004757.05559173
626,16004757.031126413
627,16004757.023046015
628,16004757.016873144
629,16004757.031001888
630,16004757.051614018
631,16004757.03027228
632,16004757.053048298
633,16004757.042131756
634,16004757.020773055
635,16004757.048884712
636,16004757.029553246
637,16004756.998204013
638,16004757.06686966
639,16004757.040590305
640,16004757.04313693
641,16004756.977599885
642,16004757.058818817
643,16004757.04536509
644,16004757.065781645
645,16004757.04527871
646,16004757.03070774
647,16004757.006577851
648,16004757.029987099
649,16004757.039881049
650,16004756.981513856
651,16004757.0259138
652,16004757.038793975
653,16004757.022798885
654,16004757.020125927
655,16004757.064528817
656,16004757.033435505
657,16004757.037842305
658,16004757.059702696
659,16004757.050037747
660,16004757.054538036
661,16004757.0143568
662,16004757.017755019
663,16004757.017974246
664,16004757.00170647
665,16004757.034555603
666,16004757.033117192
667,16004757.043110134
668,16004757.032431329
669,16004757.023991862
670,16004757.034946518
671,16004757.046646819
672,16004757.002434315
673,16004757.018900665
674,16004757.036940517
675,16004757.07368587
676,16004757.027946759
677,16004756.968014497
678,16004757.001430752
679,16004757.050901968
680,16004757.023066225
681,16004757.035498723
682,16004757.038013838
683,16004757.052202102
684,16004757.036582526
685,16004757.040680826
686,16004757.028066093
687,16004757.034395609
688,16004757.003655769
689,16004757.03175834
690,16004757.071593795
691,16004757.006611345
692,16004757.054551026
693,16004757.035686865
694,16004757.030873982
695,16004757.030173237
696,16004757.0270789
697,16004757.021121385
698,16004757.049009476
699,16004757.044927988
700,16004757.03016601
701,16004757.022984086
702,16004757.04298634
703,16004757.016519114
704,16004757.05851037
705,16004757.020847635
706,16004757.038453054
707,16004757.046110805
708,16004757.042023607
709,16004757.040315215
710,16004757.049252465
711,16004757.056721078
712,16004757.040174855
713,16004757.047851078
714,16004757.031811899
715,16004757.024697727
716,16004757.05613006
717,16004757.008126864
718,16004757.006475888
719,16004757.0852721
720,16004757.062129578
721,16004757.044990186
722,16004757.050268056
723,16004757.034835124
724,16004757.029151732
725,16004757.038419923
726,16004757.026953246
727,16004757.004053244
728,16004757.026109736
729,16004757.03510172
730,16004757.03510172
731,118042748.91666667
732,118042748.91666667
733,118042748.91666667
734,118042748.91666667
735,118042748.91666669
736,118042748.91666667
737,118042748.91666667
738,118042748.91666667
739,118042748.91666667
740,118042748.91666667
741,118042748.91666667
742,118042748.91666667
743,118042748.91666667
744,118042748.91666667
745,118042748.91666669
746,118042748.91666669
747,118042748.91666667
748,118042748.91666667
749,118042748.91666667
750,118042748.91666667
751,118042748.91666667
752,118042748.91666667
753,118042748.91666667
754,118042748.91666667
755,118042748.91666669
756,118042748.91666667
757,118042748.91666669
758,118042748.91666667
759,118042748.91666667
760,118042748.91666667
761,118042748.91666667
762,118042748.91666667
763,118042748.91666667
764,118042748.91666667
765,118042748.91666667
766,118042748.9166667
767,118042748.91666667
768,118042748.91666667
769,118042748.9166667
770,118042748.91666667
771,118042748.91666669
772,118042748.91666667
773,118042748.91666667
774,118042748.91666667
775,118042748.91666667
776,118042748.91666667
777,118042748.91666667
778,118042748.91666667
779,118042748.91666667
780,118042748.91666667
781,118042748.91666667
782,118042748.91666667
783,118042748.91666667
784,118042748.91666667
785,118042748.91666667
786,118042748.91666667
787,118042748.91666667
788,118042748.91666667
789,118042748.91666669
790,118042748.91666667
791,118042748.91666667
792,118042748.91666667
793,118042748.91666667
794,118042748.91666669
795,118042748.91666667
796,118042748.91666667
797,118042748.91666667
798,118042748.91666667
799,118042748.91666667
800,118042748.91666667
801,118042748.91666667
802,118042748.91666667
803,118042748.91666667
804,118042748.91666667
805,118042748.91666667
806,118042748.91666667
807,118042748.91666667
808,118042748.9166667
809,118042748.91666667
810,118042748.91666669
811,118042748.9166667
812,118042748.91666667
813,118042748.91666667
814,118042748.9166667
815,118042748.91666669
816,118042748.91666669
817,118042748.91666667
818,118042748.91666669
819,118042748.91666667
820,118042748.91666669
821,118042748.91666667
822,118042748.91666667
823,118042748.91666667
824,118042748.91666667
825,118042748.91666667
826,118042748.91666667
827,118042748.91666667
828,118042748.91666667
829,118042748.91666667
830,118042748.91666667
831,118042748.91666667
832,118042748.91666669
833,118042748.91666669
834,118042748.91666667
835,118042748.91666667
836,118042748.91666667
837,118042748.91666667
838,118042748.91666667
839,118042748.91666669
840,118042748.91666667
841,118042748.91666667
842,118042748.91666667
843,118042748.91666667
844,118042748.91666667
845,118042748.91666667
846,118042748.91666667
847,118042748.91666667
848,118042748.91666667
849,118042748.91666667
850,118042748.91666667
851,118042748.91666667
852,118042748.91666667
853,118042748.91666667
854,118042748.91666667
855,118042748.91666669
856,118042748.9166667
857,118042748.91666667
858,118042748.91666669
859,118042748.9166667
860,118042748.91666669
861,118042748.91666667
862,118042748.91666667
863,118042748.91666667
864,118042748.91666667
865,118042748.91666667
866,118042748.91666667
867,118042748.91666667
868,118042748.91666667
869,118042748.91666667
870,118042748.91666667
871,118042748.91666667
872,118042748.91666667
873,118042748.91666667
874,118042748.91666667
875,118042748.91666667
876,118042748.91666667
877,118042748.91666667
878,118042748.91666667
879,118042748.91666667
880,118042748.91666667
881,118042748.91666669
882,118042748.91666667
883,118042748.91666667
884,118042748.91666667
885,118042748.91666667
886,118042748.91666667
887,118042748.91666667
888,118042748.91666667
889,118042748.91666667
890,118042748.91666667
891,118042748.91666667
892,118042748.91666667
893,118042748.91666667
894,118042748.91666667
895,118042748.91666667
896,118042748.91666667
897,118042748.91666667
898,118042748.91666667
899,118042748.91666667
900,118042748.91666669
901,118042748.91666667
902,118042748.91666667
903,118042748.91666669
904,118042748.9166667
905,118042748.91666667
906,118042748.91666669
907,118042748.91666667
908,118042748.91666667
909,118042748.91666669
910,118042748.91666667
911,118042748.91666667
912,118042748.91666667
913,118042748.91666667
914,118042748.91666667
915,118042748.91666667
916,118042748.91666667
917,118042748.91666667
918,118042748.91666667
919,118042748.91666667
920,118042748.91666667
921,118042748.91666667
922,118042748.91666667
923,118042748.91666667
924,118042748.91666669
925,118042748.91666669
926,118042748.91666667
927,118042748.91666667
928,118042748.91666667
929,118042748.91666669
930,118042748.91666667
931,118042748.91666667
932,118042748.91666667
933,118042748.91666667
934,118042748.91666667
935,118042748.91666667
936,118042748.91666667
937,118042748.91666667
938,118042748.91666667
939,118042748.91666667
940,118042748.91666667
941,118042748.91666667
942,118042748.91666667
943,118042748.9166667
944,118042748.91666667
945,118042748.91666669
946,118042748.91666667
947,118042748.91666667
948,118042748.91666667
949,118042748.9166667
950,118042748.91666667
951,118042748.91666669
952,118042748.91666667
953,118042748.91666667
954,118042748.91666669
955,118042748.91666667
956,118042748.91666667
957,118042748.91666667
958,118042748.91666667
959,118042748.91666667
960,118042748.91666667
961,118042748.91666667
962,118042748.91666667
963,118042748.91666667
964,118042748.91666667
965,118042748.91666667
966,118042748.91666667
967,118042748.91666667
968,118042748.91666667
969,118042748.91666667
970,118042748.91666667
971,118042748.91666667
972,118042748.91666667
973,118042748.91666667
974,118042748.91666667
975,118042748.91666667
976,118042748.91666667
977,118042748.91666667
978,118042748.91666667
979,118042748.91666667
980,118042748.91666669
981,118042748.91666667
982,118042748.91666667
983,118042748.91666667
984,118042748.91666667
985,118042748.91666667
986,118042748.91666667
987,118042748.91666667
988,118042748.91666667
989,118042748.91666667
990,118042748.91666667
991,118042748.91666667
992,118042748.91666667
993,118042748.91666669
994,118042748.91666667
995,118042748.91666667
996,118042748.91666669
997,118042748.91666669
998,118042748.91666667
999,118042748.91666667
1000,118042748.91666667
1001,118042748.91666669
1002,118042748.91666667
1003,118042748.91666667
1004,118042748.91666667
1005,118042748.91666667
1006,118042748.91666667
1007,118042748.91666667
1008,118042748.91666667
1009,118042748.91666667
1010,118042748.91666667
1011,118042748.91666667
1012,118042748.91666667
1013,118042748.91666667
1014,118042748.91666667
1015,118042748.91666667
1016,118042748.91666667
1017,118042748.91666667
1018,118042748.91666667
1019,118042748.91666667
1020,118042748.91666667
1021,118042748.91666667
1022,118042748.91666667
1023,118042748.91666667
1024,118042748.91666667
1025,118042748.91666669
1026,118042748.91666667
1027,118042748.91666667
1028,118042748.91666667
1029,118042748.91666667
1030,118042748.91666667
1031,118042748.91666667
1032,118042748.91666667
1033,118042748.9166667
1034,118042748.91666667
1035,118042748.91666669
1036,118042748.91666667
1037,118042748.91666667
1038,118042748.91666667
1039,118042748.91666667
1040,118042748.91666667
1041,118042748.91666667
1042,118042748.91666667
1043,118042748.91666667
1044,118042748.91666667
1045,118042748.91666667
1046,118042748.91666667
1047,118042748.91666667
1048,118042748.91666667
1049,118042748.91666667
1050,118042748.91666667
1051,118042748.91666667
1052,118042748.91666667
1053,118042748.91666667
1054,118042748.91666667
1055,118042748.91666667
1056,118042748.91666667
1057,118042748.91666667
1058,118042748.91666667
1059,118042748.91666667
1060,118042748.91666667
1061,118042748.91666667
1062,118042748.91666667
1063,118042748.91666667
1064,118042748.91666669
1065,118042748.91666667
1066,118042748.91666667
1067,118042748.91666667
1068,118042748.91666667
1069,118042748.91666667
1070,118042748.91666667
1071,118042748.91666667
1072,118042748.91666667
1073,118042748.91666667
1074,118042748.91666667
1075,118042748.91666667
1076,118042748.91666667
1077,118042748.91666667
1078,118042748.9166667
1079,118042748.91666667
1080,118042748.91666667
1081,118042748.9166667
1082,118042748.91666667
1083,118042748.91666669
1084,118042748.9166667
1085,118042748.91666667
1086,118042748.91666669
1087,118042748.91666667
1088,118042748.91666667
1089,118042748.91666669
1090,118042748.91666667
1091,118042748.91666669
1092,118042748.91666667
1093,118042748.91666667
1094,118042748.91666667
1095,118042748.91666667
1096,118042748.91666667
1097,118042748.91666667
1098,118042748.91666667
1099,118042748.91666667
1100,118042748.91666667
1101,118042748.91666667
1102,118042748.91666667
1103,118042748.91666669
1104,118042748.91666667
1105,118042748.91666667
1106,118042748.91666667
1107,118042748.91666667
1108,118042748.91666667
1109,118042748.91666667
1110,118042748.91666667
1111,118042748.91666667
1112,118042748.91666667
1113,118042748.91666667
1114,118042748.91666667
1115,118042748.91666669
1116,118042748.91666667
1117,118042748.91666667
1118,118042748.91666667
1119,118042748.91666667
1120,118042748.91666667
1121,118042748.91666667
1122,118042748.91666667
1123,118042748.9166667
1124,118042748.91666667
1125,118042748.91666667
1126,118042748.9166667
1127,118042748.91666667
1128,118042748.91666669
1129,118042748.9166667
1130,118042748.91666669
1131,118042748.91666667
1132,118042748.91666667
1133,118042748.91666669
1134,118042748.91666667
1135,118042748.91666667
1136,118042748.91666667
1137,118042748.91666667
1138,118042748.91666667
1139,118042748.91666667
1140,118042748.91666667
1141,118042748.91666667
1142,118042748.91666667
1143,118042748.91666667
1144,118042748.91666667
1145,118042748.91666667
1146,118042748.91666667
1147,118042748.91666667
1148,118042748.91666667
1149,118042748.91666667
1150,118042748.91666667
1151,118042748.91666667
1152,118042748.91666667
1153,118042748.91666667
1154,118042748.91666669
1155,118042748.91666667
1156,118042748.91666667
1157,118042748.91666667
1158,118042748.91666667
1159,118042748.91666667
1160,118042748.91666669
1161,118042748.91666667
1162,118042748.91666667
1163,118042748.91666667
1164,118042748.91666667
1165,118042748.91666667
1166,118042748.91666667
1167,118042748.91666667
1168,118042748.91666667
1169,118042748.91666667
1170,118042748.91666669
1171,118042748.9166667
1172,118042748.91666667
1173,118042748.91666669
1174,118042748.9166667
1175,118042748.91666667
1176,118042748.91666667
1177,118042748.91666667
1178,118042748.91666669
1179,118042748.91666667
1180,118042748.91666667
1181,118042748.91666669
1182,118042748.91666667
1183,118042748.91666667
1184,118042748.91666667
1185,118042748.91666667
1186,118042748.91666667
1187,118042748.91666667
1188,118042748.91666667
1189,118042748.91666667
1190,118042748.91666667
1191,118042748.91666667
1192,118042748.91666667
1193,118042748.91666667
1194,118042748.91666667
1195,118042748.91666669
1196,118042748.91666667
1197,118042748.91666667
1198,118042748.91666667
1199,118042748.91666669
1200,118042748.91666667
1201,118042748.91666667
1202,118042748.91666667
1203,118042748.91666667
1204,118042748.91666667
1205,118042748.91666667
1206,118042748.91666667
1207,118042748.91666667
1208,118042748.91666667
1209,118042748.91666667
1210,118042748.91666667
1211,118042748.91666667
1212,118042748.91666667
1213,118042748.91666667
1214,118042748.91666667
1215,118042748.91666667
1216,118042748.9166667
1217,118042748.91666667
1218,118042748.91666669
1219,118042748.9166667
1220,118042748.91666667
1221,118042748.91666667
1222,118042748.91666667
1223,118042748.91666667
1224,118042748.91666667
1225,118042748.91666667
1226,118042748.91666667
1227,118042748.91666667
1228,118042748.91666667
1229,118042748.91666667
1230,118042748.91666667
1231,118042748.91666667
1232,118042748.91666667
1233,118042748.91666667
1234,118042748.91666667
1235,118042748.91666667
1236,118042748.91666667
1237,118042748.91666667
1238,118042748.91666667
1239,118042748.91666667
1240,118042748.91666667
1241,118042748.91666667
1242,118042748.91666667
1243,118042748.91666667
1244,118042748.91666667
1245,118042748.91666667
1246,118042748.91666667
1247,118042748.91666667
1248,118042748.91666667
1249,118042748.91666667
1250,118042748.91666669
1251,118042748.91666667
1252,118042748.91666667
1253,118042748.91666667
1254,118042748.91666667
1255,118042748.91666667
1256,118042748.91666667
1257,118042748.91666667
1258,118042748.9166667
1259,118042748.91666667
1260,118042748.91666667
1261,118042748.91666667
1262,118042748.91666667
1263,118042748.91666669
1264,118042748.9166667
1265,118042748.91666667
1266,118042748.91666667
1267,118042748.91666669
1268,118042748.91666669
1269,118042748.91666667
1270,118042748.91666669
1271,118042748.91666667
1272,118042748.91666667
1273,118042748.91666667
1274,118042748.91666667
1275,118042748.91666667
1276,118042748.91666667
1277,118042748.91666667
1278,118042748.91666667
1279,118042748.91666667
1280,118042748.91666667
1281,118042748.91666667
1282,118042748.91666667
1283,118042748.91666667
1284,118042748.91666667
1285,118042748.91666667
1286,118042748.91666667
1287,118042748.91666667
1288,118042748.91666667
1289,118042748.91666667
1290,118042748.91666667
1291,118042748.91666667
1292,118042748.91666667
1293,118042748.91666667
1294,118042748.91666667
1295,118042748.91666667
1296,118042748.91666667
1297,118042748.91666667
1298,118042748.91666667
1299,118042748.91666667
1300,118042748.91666667
1301,118042748.91666667
1302,118042748.91666667
1303,118042748.91666667
1304,118042748.91666667
1305,118042748.91666669
1306,118042748.9166667
1307,118042748.91666667
1308,118042748.91666669
1309,118042748.91666667
1310,118042748.91666669
1311,118042748.91666669
1312,118042748.91666667
1313,118042748.91666667
1314,118042748.91666667
1315,118042748.91666667
1316,118042748.91666667
1317,118042748.91666667
1318,118042748.91666667
1319,118042748.91666667
1320,118042748.91666667
1321,118042748.91666667
1322,118042748.91666667
1323,118042748.91666667
1324,118042748.91666667
1325,118042748.91666667
1326,118042748.91666667
1327,118042748.91666667
1328,118042748.91666667
1329,118042748.91666667
1330,118042748.91666667
1331,118042748.91666669
1332,118042748.91666667
1333,118042748.91666667
1334,118042748.91666669
1335,118042748.91666667
1336,118042748.91666667
1337,118042748.91666667
1338,118042748.91666667
1339,118042748.91666667
1340,118042748.91666667
1341,118042748.91666667
1342,118042748.91666667
1343,118042748.91666667
1344,118042748.91666667
1345,118042748.91666667
1346,118042748.91666667
1347,118042748.91666667
1348,118042748.91666667
1349,118042748.91666667
1350,118042748.91666667
1351,118042748.91666667
1352,118042748.91666667
1353,118042748.91666667
1354,118042748.9166667
1355,118042748.91666669
1356,118042748.91666667
1357,118042748.91666667
1358,118042748.91666667
1359,118042748.91666667
1360,118042748.91666669
1361,118042748.91666667
1362,118042748.91666667
1363,118042748.91666667
1364,118042748.91666667
1365,118042748.91666667
1366,118042748.91666667
1367,118042748.91666667
1368,118042748.91666667
1369,118042748.91666667
1370,118042748.91666667
1371,118042748.91666667
1372,118042748.91666667
1373,118042748.91666667
1374,118042748.91666667
1375,118042748.91666669
1376,118042748.91666667
1377,118042748.91666667
1378,118042748.91666667
1379,118042748.91666667
1380,118042748.91666667
1381,118042748.91666667
1382,118042748.91666667
1383,118042748.91666667
1384,118042748.91666667
1385,118042748.91666667
1386,118042748.91666667
1387,118042748.91666667
1388,118042748.91666667
1389,118042748.91666667
1390,118042748.91666667
1391,118042748.91666667
1392,118042748.91666667
1393,118042748.9166667
1394,118042748.91666667
1395,118042748.91666667
1396,118042748.9166667
1397,118042748.91666667
1398,118042748.91666669
1399,118042748.91666667
1400,118042748.91666667
1401,118042748.91666669
1402,118042748.91666667
1403,118042748.91666667
1404,118042748.91666669
1405,118042748.91666667
1406,118042748.91666667
1407,118042748.91666667
1408,118042748.91666667
1409,118042748.91666667
1410,118042748.91666667
1411,118042748.91666667
1412,118042748.91666667
1413,118042748.91666667
1414,118042748.91666667
1415,118042748.91666667
1416,118042748.91666667
1417,118042748.91666667
1418,118042748.91666669
1419,118042748.91666667
1420,118042748.91666667
1421,118042748.91666667
1422,118042748.91666667
1423,118042748.91666667
1424,118042748.91666669
1425,118042748.91666667
1426,118042748.91666667
1427,118042748.91666667
1428,118042748.91666667
1429,118042748.91666667
1430,118042748.91666669
1431,118042748.91666667
1432,118042748.91666667
1433,118042748.91666667
1434,118042748.91666667
1435,118042748.91666667
1436,118042748.91666667
1437,118042748.91666667
1438,118042748.91666667
1439,118042748.91666667
1440,118042748.91666669
1441,118042748.91666667
1442,118042748.91666667
1443,118042748.91666669
1444,118042748.9166667
1445,118042748.91666667
1446,118042748.91666669
1447,118042748.91666667
1448,118042748.91666667
1449,118042748.91666667
1450,118042748.91666667
1451,118042748.91666669
1452,118042748.91666667
1453,118042748.91666667
1454,118042748.91666667
1455,118042748.91666667
1456,118042748.91666667
1457,118042748.91666667
1458,118042748.91666667
1459,118042748.91666667
1460,118042748.91666667
1461,118042748.91666667
1462,69512931.35764712
1463,69512931.35764712
1464,69512931.35764715
1465,69512931.35764715
1466,69512931.3576471
1467,69512931.35764715
1468,69512931.3576471
1469,69512931.35764714
1470,69512931.35764715
1471,69512931.3576472
1472,69512931.35764712
1473,69512931.45829894
1474,69512931.3738506
1475,69512931.33388071
1476,69512931.32199198
1477,69512931.32530935
1478,69512931.27956179
1479,69512931.33996324
1480,69512931.40792467
1481,69512931.40872501
1482,69512931.38694252
1483,69512931.35690753
1484,69512931.30548675
1485,69512931.34427698
1486,69512931.30332382
1487,69512931.30710198
1488,69512931.33665082
1489,69512931.44460724
1490,69512931.45046836
1491,69512931.50608191
1492,69512931.22907262
1493,69512931.22479106
1494,69512931.38789177
1495,69512931.33841564
1496,69512931.36917783
1497,69512931.34584531
1498,69512931.2870117
1499,69512931.33929686
1500,69512931.39385597
1501,69512931.37856148
1502,69512931.38464859
1503,69512931.31954345
1504,69512931.34771393
1505,69512931.32163408
1506,69512931.36030447
1507,69512931.43629983
1508,69512931.37235552
1509,69512931.26949686
1510,69512931.3086387
1511,69512931.45500106
1512,69512931.42205505
1513,69512931.2650209
1514,69512931.43878295
1515,69512931.2937682
1516,69512931.3757074
1517,69512931.33622982
1518,69512931.33150698
1519,69512931.34832197
1520,69512931.35906324
1521,69512931.31354801
1522,69512931.38100809
1523,69512931.35948843
1524,69512931.24506772
1525,69512931.4004452
1526,69512931.24565306
1527,69512931.24649176
1528,69512931.30279729
1529,69512931.31933549
1530,69512931.35419938
1531,69512931.42651702
1532,69512931.31704772
1533,69512931.33546774
1534,69512931.40771124
1535,69512931.31585763
1536,69512931.35135283
1537,69512931.26493618
1538,69512931.42303188
1539,69512931.36287574
1540,69512931.24859327
1541,69512931.35263562
1542,69512931.38236505
1543,69512931.27595013
1544,69512931.31092896
1545,69512931.38810034
1546,69512931.38248454
1547,69512931.33637561
1548,69512931.38251314
1549,69512931.4006042
1550,69512931.29658489
1551,69512931.35684942
1552,69512931.31928489
1553,69512931.39070928
1554,69512931.36984804
1555,69512931.38108826
1556,69512931.37042889
1557,69512931.50047715
1558,69512931.3447785
1559,69512931.48940393
1560,69512931.3174034
1561,69512931.41354747
1562,69512931.33239008
1563,69512931.38959499
1564,69512931.35691646
1565,69512931.29373613
1566,69512931.34885634
1567,69512931.22613597
1568,69512931.32270394
1569,69512931.27763289
1570,69512931.29639909
1571,69512931.23928812
1572,69512931.30534321
1573,69512931.44075462
1574,69512931.4638568
1575,69512931.4061483
1576,69512931.31085745
1577,69512931.46096937
1578,69512931.36945543
1579,69512931.31783855
1580,69512931.39562157
1581,69512931.26910646
1582,69512931.38383421
1583,69512931.37481341
1584,69512931.33005348
1585,69512931.33943392
1586,69512931.40245897
1587,69512931.42415714
1588,69512931.39629701
1589,69512931.40283743
1590,69512931.30500542
1591,69512931.2711341
1592,69512931.273617
1593,69512931.34133023
1594,69512931.28946412
1595,69512931.39494672
1596,69512931.26519923
1597,69512931.38351819
1598,69512931.27665159
1599,69512931.40850903
1600,69512931.5233802
1601,69512931.35451089
1602,69512931.41707714
1603,69512931.48008884
1604,69512931.29689811
1605,69512931.29245135
1606,69512931.37176423
1607,69512931.41600092
1608,69512931.4715811
1609,69512931.35891853
1610,69512931.30212767
1611,69512931.3595779
1612,69512931.38244464
1613,69512931.22204164
1614,69512931.34941898
1615,69512931.45586431
1616,69512931.47266082
1617,69512931.36768208
1618,69512931.3188551
1619,69512931.35483162
1620,69512931.31608804
1621,69512931.51154289
1622,69512931.33248487
1623,69512931.35410972
1624,69512931.36270232
1625,69512931.47617304
1626,69512931.43556805
1627,69512931.4111244
1628,69512931.39811939
1629,69512931.34614582
1630,69512931.4620166
1631,69512931.3744783
1632,69512931.3340778
1633,69512931.32460898
1634,69512931.35408726
1635,69512931.40765743
1636,69512931.30643015
1637,69512931.38613322
1638,69512931.4677942
1639,69512931.2623443
1640,69512931.33994214
1641,69512931.41498542
1642,69512931.34871104
1643,69512931.31263156
1644,69512931.34187849
1645,69512931.19549589
1646,69512931.35650933
1647,69512931.39610489
1648,69512931.31515141
1649,69512931.40941761
1650,69512931.3698958
1651,69512931.18588556
1652,69512931.28837837
1653,69512931.30348383
1654,69512931.30764164
1655,69512931.26430294
1656,69512931.47645412
1657,69512931.37182172
1658,69512931.23743816
1659,69512931.42909871
1660,69512931.42091885
1661,69512931.35456482
1662,69512931.31932518
1663,69512931.3286536
1664,69512931.3457181
1665,69512931.39066218
1666,69512931.34010789
1667,69512931.3098802
1668,69512931.26860118
1669,69512931.40841164
1670,69512931.45676105
1671,69512931.36769982
1672,69512931.36143757
1673,69512931.43779027
1674,69512931.28047298
1675,69512931.35998152
1676,69512931.38549069
1677,69512931.3223672
1678,69512931.25578359
1679,69512931.21382639
1680,69512931.46159081
1681,69512931.32735536
1682,69512931.43429276
1683,69512931.41869631
1684,69512931.37746233
1685,69512931.36268708
1686,69512931.34605847
1687,69512931.37876207
1688,69512931.28398295
1689,69512931.29310171
1690,69512931.27425139
1691,69512931.39230347
1692,69512931.40112391
1693,69512931.44244407
1694,69512931.4139389
1695,69512931.4366061
1696,69512931.49572915
1697,69512931.26782939
1698,69512931.32761301
1699,69512931.39766596
1700,69512931.33983397
1701,69512931.36145723
1702,69512931.46655847
1703,69512931.29370189
1704,69512931.36439833
1705,69512931.37559
1706,69512931.3506078
1707,69512931.4636345
1708,69512931.36558746
1709,69512931.30481787
1710,69512931.24942435
1711,69512931.22131513
1712,69512931.29764664
1713,69512931.41003008
1714,69512931.30032203
1715,69512931.25774345
1716,69512931.33253935
1717,69512931.28105707
1718,69512931.24838796
1719,69512931.35254653
1720,69512931.35100928
1721,69512931.28030887
1722,69512931.25864974
1723,69512931.40670194
1724,69512931.37569085
1725,69512931.26736522
1726,69512931.51648162
1727,69512931.40503722
1728,69512931.43332227
1729,69512931.3280828
1730,69512931.31026691
1731,69512931.41730683
1732,69512931.38549559
1733,69512931.43898995
1734,69512931.28796676
1735,69512931.31514302
1736,69512931.28069317
1737,69512931.38389769
1738,69512931.41152099
1739,69512931.41627003
1740,69512931.46407028
1741,69512931.38384157
1742,69512931.23185696
1743,69512931.39874019
1744,69512931.29925366
1745,69512931.33134036
1746,69512931.49030913
1747,69512931.27455524
1748,69512931.40577826
1749,69512931.3265871
1750,69512931.43078184
1751,69512931.37408644
1752,69512931.4937841
1753,69512931.31890962
1754,69512931.28041287
1755,69512931.39388318
1756,69512931.39053515
1757,69512931.36533856
1758,69512931.36894394
1759,69512931.32120174
1760,69512931.38199557
1761,69512931.36077549
1762,69512931.40145048
1763,69512931.41916199
1764,69512931.50733607
1765,69512931.36760521
1766,69512931.45421076
1767,69512931.41104908
1768,69512931.47876155
1769,69512931.32490788
1770,69512931.45426193
1771,69512931.40507986
1772,69512931.42117074
1773,69512931.40838812
1774,69512931.34136167
1775,69512931.39504081
1776,69512931.48751685
1777,69512931.42754297
1778,69512931.3512099
1779,69512931.28277932
1780,69512931.46389593
1781,69512931.33967604
1782,69512931.49052066
1783,69512931.41076612
1784,69512931.32898766
1785,69512931.40086773
1786,69512931.50692748
1787,69512931.3681097
1788,69512931.34728028
1789,69512931.43133378
1790,69512931.42078549
1791,69512931.43790315
1792,69512931.3537646
1793,69512931.43175103
1794,69512931.43187141
1795,69512931.33847997
1796,69512931.34606476
1797,69512931.32161948
1798,69512931.29021119
1799,69512931.44772501
1800,69512931.44282939
1801,69512931.30508998
1802,69512931.43387876
1803,69512931.39487505
1804,69512931.29149279
1805,69512931.32267268
1806,69512931.36002219
1807,69512931.27986926
1808,69512931.42118719
1809,69512931.28711326
1810,69512931.2693313
1811,69512931.30303359
1812,69512931.35979825
1813,69512931.28876
1814,69512931.24011877
1815,69512931.22425391
1816,69512931.40008375
1817,69512931.40265462
1818,69512931.33461447
1819,69512931.40213303
1820,69512931.21096829
1821,69512931.34304003
1822,69512931.33082807
1823,69512931.25802572
1824,69512931.39870958
1825,69512931.42690255
1826,69512931.32813592
1827,69512931.22865449
1828,69512931.3774467
1829,69512931.23874979
1830,69512931.40469347
1831,69512931.36778094
1832,69512931.42145586
1833,69512931.50158945
1834,69512931.38129847
1835,69512931.44901398
1836,69512931.22516659
1837,69512931.34550187
1838,69512931.39416935
1839,69512931.42714217
1840,69512931.31059329
1841,69512931.32624243
1842,69512931.34346958
1843,69512931.37808925
1844,69512931.36459696
1845,69512931.47317077
1846,69512931.38986395
1847,69512931.4144647
1848,69512931.31176496
1849,69512931.31899934
1850,69512931.31894569
1851,69512931.43880494
1852,69512931.42514859
1853,69512931.44221987
1854,69512931.23300628
1855,69512931.39423852
1856,69512931.38039574
1857,69512931.32909289
1858,69512931.41309382
1859,69512931.32066482
1860,69512931.34127852
1861,69512931.34941325
1862,69512931.33210649
1863,69512931.30498324
1864,69512931.41658041
1865,69512931.30424166
1866,69512931.48819634
1867,69512931.30383074
1868,69512931.31693976
1869,69512931.21816052
1870,69512931.39240961
1871,69512931.29154885
1872,69512931.40381435
1873,69512931.44857699
1874,69512931.38753085
1875,69512931.36019652
1876,69512931.30030502
1877,69512931.40577601
1878,69512931.21580076
1879,69512931.19663003
1880,69512931.42167008
1881,69512931.32032628
1882,69512931.38011682
1883,69512931.23963493
1884,69512931.4825756
1885,69512931.30225472
1886,69512931.35780068
1887,69512931.34268492
1888,69512931.42250618
1889,69512931.39654085
1890,69512931.3362314
1891,69512931.4044649
1892,69512931.40393056
1893,69512931.47540765
1894,69512931.38260244
1895,69512931.38394605
1896,69512931.30828558
1897,69512931.37763424
1898,69512931.33457091
1899,69512931.23044208
1900,69512931.31536947
1901,69512931.3769483
1902,69512931.36389765
1903,69512931.3974322
1904,69512931.34700201
1905,69512931.34459747
1906,69512931.35188201
1907,69512931.32313827
1908,69512931.28569293
1909,69512931.30004327
1910,69512931.227089
1911,69512931.31804164
1912,69512931.27211007
1913,69512931.35946982
1914,69512931.26965454
1915,69512931.25372837
1916,69512931.40745352
1917,69512931.34230621
1918,69512931.26859942
1919,69512931.39504966
1920,69512931.43906806
1921,69512931.43230073
1922,69512931.32886137
1923,69512931.28845483
1924,69512931.40122095
1925,69512931.37852107
1926,69512931.40734239
1927,69512931.22361316
1928,69512931.3370172
1929,69512931.23915352
1930,69512931.34116694
1931,69512931.26892616
1932,69512931.2896097
1933,69512931.41453132
1934,69512931.39828396
1935,69512931.30472486
1936,69512931.26990062
1937,69512931.37863524
1938,69512931.28517859
1939,69512931.3199004
1940,69512931.52941388
1941,69512931.24569698
1942,69512931.35019463
1943,69512931.38756081
1944,69512931.28838076
1945,69512931.40487885
1946,69512931.27029698
1947,69512931.3159017
1948,69512931.44682299
1949,69512931.38290912
1950,69512931.27316058
1951,69512931.39077407
1952,69512931.2799501
1953,69512931.32167369
1954,69512931.35970406
1955,69512931.45820369
1956,69512931.2661957
1957,69512931.4165603
1958,69512931.34199467
1959,69512931.2520639
1960,69512931.41063075
1961,69512931.30665702
1962,69512931.39204799
1963,69512931.39275585
1964,69512931.28831461
1965,69512931.35918295
1966,69512931.38482627
1967,69512931.32646182
1968,69512931.33879596
1969,69512931.41003068
1970,69512931.41558026
1971,69512931.32925297
1972,69512931.37439524
1973,69512931.29334618
1974,69512931.33496185
1975,69512931.3402056
1976,69512931.39948103
1977,69512931.29321721
1978,69512931.49096455
1979,69512931.34091978
1980,69512931.28683828
1981,69512931.36548525
1982,69512931.39254661
1983,69512931.32077265
1984,69512931.22189133
1985,69512931.40628411
1986,69512931.37065317
1987,69512931.35676983
1988,69512931.48101783
1989,69512931.32183148
1990,69512931.30680612
1991,69512931.34609647
1992,69512931.39405224
1993,69512931.32589638
1994,69512931.28600574
1995,69512931.39822146
1996,69512931.45983279
1997,69512931.28535494
1998,69512931.40886538
1999,69512931.45581421
2000,69512931.27977774
2001,69512931.24913363
2002,69512931.28762832
2003,69512931.42712641
2004,69512931.1440721
2005,69512931.33591516
2006,69512931.45890184
2007,69512931.34822695
2008,69512931.38534339
2009,69512931.35900696
2010,69512931.42455709
2011,69512931.3592553
2012,69512931.39093105
2013,69512931.43697411
2014,69512931.38024388
2015,69512931.2827361
2016,69512931.42159027
2017,69512931.3003158
2018,69512931.36008944
2019,69512931.37200718
2020,69512931.31159535
2021,69512931.44414946
2022,69512931.29032813
2023,69512931.42581102
2024,69512931.29052094
2025,69512931.37986341
2026,69512931.37175784
2027,69512931.32050267
2028,69512931.26272029
2029,69512931.28157336
2030,69512931.40904672
2031,69512931.28685693
2032,69512931.41915579
2033,69512931.31419198
2034,69512931.20107801
2035,69512931.32024819
2036,69512931.26876082
2037,69512931.34088528
2038,69512931.29055189
2039,69512931.35861914
2040,69512931.37399787
2041,69512931.35584259
2042,69512931.31057362
2043,69512931.3034062
2044,69512931.36641128
2045,69512931.29405148
2046,69512931.33549233
2047,69512931.34003992
2048,69512931.41939683
2049,69512931.32102306
2050,69512931.34861752
2051,69512931.32496756
2052,69512931.39059247
2053,69512931.31541651
2054,69512931.38591146
2055,69512931.46785693
2056,69512931.48350163
2057,69512931.25371629
2058,69512931.36489405
2059,69512931.38435073
2060,69512931.40421763
2061,69512931.41642402
2062,69512931.41616398
2063,69512931.35478228
2064,69512931.52033028
2065,69512931.35794488
2066,69512931.37705345
2067,69512931.30061375
2068,69512931.34170517
2069,69512931.34911664
2070,69512931.39212224
2071,69512931.33189492
2072,69512931.28628723
2073,69512931.29972479
2074,69512931.33030522
2075,69512931.36872144
2076,69512931.41651681
2077,69512931.3541261
2078,69512931.23466456
2079,69512931.33295503
2080,69512931.41229448
2081,69512931.38661078
2082,69512931.41901879
2083,69512931.22182974
2084,69512931.4255138
2085,69512931.43184094
2086,69512931.38441546
2087,69512931.33817257
2088,69512931.37092221
2089,69512931.39790282
2090,69512931.34472558
2091,69512931.27596465
2092,69512931.31778774
2093,69512931.37319887
2094,69512931.49193083
2095,69512931.3026517
2096,69512931.33523694
2097,69512931.40587015
2098,69512931.37860551
2099,69512931.3406982
2100,69512931.33070323
2101,69512931.42764841
2102,69512931.44462399
2103,69512931.35550599
2104,69512931.33756855
2105,69512931.35622136
2106,69512931.31947862
2107,69512931.30031577
2108,69512931.4249235
2109,69512931.35141978
2110,69512931.41456865
2111,69512931.38271923
2112,69512931.39802329
2113,69512931.2982985
2114,69512931.23675467
2115,69512931.34727217
2116,69512931.33510128
2117,69512931.28237909
2118,69512931.25008509
2119,69512931.34918958
2120,69512931.24373205
2121,69512931.37720914
2122,69512931.31216812
2123,69512931.2962697
2124,69512931.2947659
2125,69512931.44005558
2126,69512931.35686983
2127,69512931.27861694
2128,69512931.36044402
2129,69512931.30949718
2130,69512931.39624244
2131,69512931.39590774
2132,69512931.22579235
2133,69512931.3962596
2134,69512931.31825161
2135,69512931.35794652
2136,69512931.3537395
2137,69512931.3756012
2138,69512931.35141976
2139,69512931.40588716
2140,69512931.34877355
2141,69512931.25527051
2142,69512931.32692474
2143,69512931.21437833
2144,69512931.26057902
2145,69512931.3901924
2146,69512931.38021864
2147,69512931.25077109
2148,69512931.3692679
2149,69512931.46061268
2150,69512931.37368865
2151,69512931.48009908
2152,69512931.25568853
2153,69512931.32342559
2154,69512931.36435959
2155,69512931.40693489
2156,69512931.27288023
2157,69512931.39928721
2158,69512931.36764203
2159,69512931.31310529
2160,69512931.36050126
2161,69512931.35909568
2162,69512931.327159
2163,69512931.36333556
2164,69512931.37731288
2165,69512931.38714477
2166,69512931.35201557
2167,69512931.38228236
2168,69512931.35181585
2169,69512931.3125248
2170,69512931.38375308
2171,69512931.4153716
2172,69512931.44989216
2173,69512931.35898991
2174,69512931.3743425
2175,69512931.30373697
2176,69512931.33839996
2177,69512931.38477074
2178,69512931.29329614
2179,69512931.26203303
2180,69512931.35547252
2181,69512931.30301586
2182,69512931.4414542
2183,69512931.48574811
2184,69512931.32088415
2185,69512931.41534722
2186,69512931.33978198
2187,69512931.29408437
2188,69512931.33089209
2189,69512931.36076902
2190,69512931.42190446
2191,69512931.35764714
2192,69512931.35764712
2193,51757470.356765434
2194,51757470.35676544
2195,51757470.35676544
2196,51757470.35676546
2197,51757470.35676542
2198,51757470.35676544
2199,51757470.35676546
2200,51757470.35676542
2201,51757470.35676544
2202,51757470.35676544
2203,51757470.356765434
2204,51757470.31425835
2205,51757470.41073314
2206,51757470.371159524
2207,51757470.26737978
2208,51757470.30094655
2209,51757470.434834674
2210,51757470.26487859
2211,51757470.436127946
2212,51757470.347907476
2213,51757470.321407594
2214,51757470.35804078
2215,51757470.36784675
2216,51757470.310840815
2217,51757470.325648606
2218,51757470.419724554
2219,51757470.26727387
2220,51757470.31865361
2221,51757470.42221545
2222,51757470.2819114
2223,51757470.34967036
2224,51757470.386984654
2225,51757470.33750815
2226,51757470.36221721
2227,51757470.4179216
2228,51757470.355604835
2229,51757470.37267147
2230,51757470.395358406
2231,51757470.40423094
2232,51757470.406961255
2233,51757470.35862558
2234,51757470.38410395
2235,51757470.40322826
2236,51757470.320099294
2237,51757470.35413402
2238,51757470.39023504
2239,51757470.321564145
2240,51757470.35180386
2241,51757470.32120902
2242,51757470.3807787
2243,51757470.370323375
2244,51757470.33141104
2245,51757470.34372441
2246,51757470.3310147
2247,51757470.353662804
2248,51757470.43305019
2249,51757470.37679181
2250,51757470.328196175
2251,51757470.37656499
2252,51757470.38626368
2253,51757470.23472409
2254,51757470.24243817
2255,51757470.41367422
2256,51757470.34541355
2257,51757470.36561773
2258,51757470.46116948
2259,51757470.41080658
2260,51757470.31495351
2261,51757470.32193933
2262,51757470.355032496
2263,51757470.325571984
2264,51757470.444032095
2265,51757470.35426358
2266,51757470.367210604
2267,51757470.43088522
2268,51757470.339353435
2269,51757470.31459912
2270,51757470.38483197
2271,51757470.4582308
2272,51757470.41743685
2273,51757470.3377147
2274,51757470.367437296
2275,51757470.36881728
2276,51757470.33519831
2277,51757470.32820408
2278,51757470.43960424
2279,51757470.30514317
2280,51757470.421512686
2281,51757470.40055652
2282,51757470.33039748
2283,51757470.34977921
2284,51757470.46110669
2285,51757470.34156635
2286,51757470.3213465
2287,51757470.37967101
2288,51757470.36895124
2289,51757470.31135958
2290,51757470.35803196
2291,51757470.34325365
2292,51757470.38016128
2293,51757470.34927951
2294,51757470.37298087
2295,51757470.43638223
2296,51757470.41156318
2297,51757470.3567387
2298,51757470.28467769
2299,51757470.37503527
2300,51757470.39193994
2301,51757470.28255201
2302,51757470.407772295
2303,51757470.29007174
2304,51757470.26233458
2305,51757470.433668695
2306,51757470.344319575
2307,51757470.39008914
2308,51757470.35770934
2309,51757470.373841725
2310,51757470.34920335
2311,51757470.35082883
2312,51757470.36361704
2313,51757470.38607864
2314,51757470.30392454
2315,51757470.34577838
2316,51757470.397574514
2317,51757470.340713866
2318,51757470.25873884
2319,51757470.453953296
2320,51757470.32567048
2321,51757470.38325407
2322,51757470.3016906
2323,51757470.40613058
2324,51757470.3296962
2325,51757470.346866734
2326,51757470.33852728
2327,51757470.327843525
2328,51757470.33224053
2329,51757470.48881813
2330,51757470.436187066
2331,51757470.299537845
2332,51757470.274604656
2333,51757470.38945251
2334,51757470.31880191
2335,51757470.41347562
2336,51757470.35235926
2337,51757470.40821562
2338,51757470.341119766
2339,51757470.30370661
2340,51757470.289375775
2341,51757470.348731786
2342,51757470.42428387
2343,51757470.389002465
2344,51757470.37738344
2345,51757470.433934316
2346,51757470.379598
2347,51757470.44138132
2348,51757470.33309216
2349,51757470.48412152
2350,51757470.37156999
2351,51757470.32917944
2352,51757470.45612144
2353,51757470.429786816
2354,51757470.354184456
2355,51757470.32676436
2356,51757470.31265741
2357,51757470.34166739
2358,51757470.383832514
2359,51757470.35217969
2360,51757470.3547446
2361,51757470.33890068
2362,51757470.36186723
2363,51757470.31414714
2364,51757470.337887056
2365,51757470.37738917
2366,51757470.39113731
2367,51757470.3426942
2368,51757470.41187581
2369,51757470.39114965
2370,51757470.383164555
2371,51757470.36769646
2372,51757470.344368935
2373,51757470.484053686
2374,51757470.34435136
2375,51757470.316061854
2376,51757470.416132405
2377,51757470.30551214
2378,51757470.34857427
2379,51757470.40054766
2380,51757470.367823064
2381,51757470.33664668
2382,51757470.332374424
2383,51757470.36338372
2384,51757470.38268589
2385,51757470.40191811
2386,51757470.43280952
2387,51757470.374109596
2388,51757470.37448179
2389,51757470.33064599
2390,51757470.34501752
2391,51757470.42773608
2392,51757470.34208644
2393,51757470.37372503
2394,51757470.37992377
2395,51757470.41530204
2396,51757470.311941765
2397,51757470.366778985
2398,51757470.343209945
2399,51757470.329427905
2400,51757470.36853616
2401,51757470.365024865
2402,51757470.25539503
2403,51757470.39479286
2404,51757470.29361451
2405,51757470.39629382
2406,51757470.329452574
2407,51757470.32484834
2408,51757470.31399606
2409,51757470.35196197
2410,51757470.36890978
2411,51757470.37162656
2412,51757470.33453115
2413,51757470.33174735
2414,51757470.39397415
2415,51757470.33448151
2416,51757470.37198471
2417,51757470.388127364
2418,51757470.30367463
2419,51757470.32949991
2420,51757470.348755784
2421,51757470.36679108
2422,51757470.37088477
2423,51757470.34308583
2424,51757470.387605004
2425,51757470.37899732
2426,51757470.362762935
2427,51757470.3204313
2428,51757470.34049696
2429,51757470.381628536
2430,51757470.3671721
2431,51757470.32448602
2432,51757470.37477067
2433,51757470.42588987
2434,51757470.317235194
2435,51757470.27272654
2436,51757470.34579604
2437,51757470.36947025
2438,51757470.362663195
2439,51757470.33828008
2440,51757470.38594214
2441,51757470.36661111
2442,51757470.365044676
2443,51757470.30388782
2444,51757470.36270878
2445,51757470.322787404
2446,51757470.325778015
2447,51757470.33193972
2448,51757470.34629433
2449,51757470.30891519
2450,51757470.35292595
2451,51757470.404657364
2452,51757470.32601777
2453,51757470.35498615
2454,51757470.30074433
2455,51757470.354855046
2456,51757470.400314055
2457,51757470.35656529
2458,51757470.342766
2459,51757470.364310056
2460,51757470.3513073
2461,51757470.32436034
2462,51757470.34399652
2463,51757470.23526515
2464,51757470.38768464
2465,51757470.259135894
2466,51757470.328645155
2467,51757470.326641716
2468,51757470.295951754
2469,51757470.27602184
2470,51757470.33655654
2471,51757470.34678549
2472,51757470.34612795
2473,51757470.41612729
2474,51757470.37701136
2475,51757470.426257074
2476,51757470.42839021
2477,51757470.38657148
2478,51757470.35381022
2479,51757470.37560461
2480,51757470.3646147
2481,51757470.307604894
2482,51757470.326526485
2483,51757470.34342371
2484,51757470.30609116
2485,51757470.400071636
2486,51757470.33011995
2487,51757470.413050316
2488,51757470.451703764
2489,51757470.354446314
2490,51757470.36763452
2491,51757470.386793055
2492,51757470.35719985
2493,51757470.34826963
2494,51757470.35301218
2495,51757470.33865532
2496,51757470.42740599
2497,51757470.287835404
2498,51757470.293401204
2499,51757470.376316555
2500,51757470.354750834
2501,51757470.429524854
2502,51757470.34214296
2503,51757470.355223455
2504,51757470.27885059
2505,51757470.375620216
2506,51757470.31871433
2507,51757470.37963907
2508,51757470.32394844
2509,51757470.39377979
2510,51757470.345947005
2511,51757470.34687553
2512,51757470.371580146
2513,51757470.31862083
2514,51757470.39460865
2515,51757470.33995922
2516,51757470.37952082
2517,51757470.40425825
2518,51757470.32126924
2519,51757470.35386598
2520,51757470.30272487
2521,51757470.31279314
2522,51757470.37277969
2523,51757470.383907884
2524,51757470.34140105
2525,51757470.38635743
2526,51757470.40924659
2527,51757470.37985137
2528,51757470.321544625
2529,51757470.38373613
2530,51757470.44664368
2531,51757470.39735604
2532,51757470.35716907
2533,51757470.32900382
2534,51757470.410036534
2535,51757470.364241175
2536,51757470.3722738
2537,51757470.41272808
2538,51757470.29868477
2539,51757470.39657818
2540,51757470.33593159
2541,51757470.386835136
2542,51757470.3413398
2543,51757470.40754058
2544,51757470.43441736
2545,51757470.383563705
2546,51757470.37888183
2547,51757470.35264177
2548,51757470.28517675
2549,51757470.41602076
2550,51757470.37245119
2551,51757470.37847049
2552,51757470.36988514
2553,51757470.31924813
2554,51757470.3185432
2555,51757470.27118334
2556,51757470.35062682
2557,51757470.407303244
2558,51757470.4544569
2559,51757470.35821135
2560,51757470.39039757
2561,51757470.370359294
2562,51757470.32212488
2563,51757470.374283075
2564,51757470.33560853
2565,51757470.34132892
2566,51757470.371450946
2567,51757470.28846017
2568,51757470.35747425
2569,51757470.344705075
2570,51757470.40877294
2571,51757470.400105126
2572,51757470.36274275
2573,51757470.336639345
2574,51757470.289252736
2575,51757470.327224575
2576,51757470.39050406
2577,51757470.348881185
2578,51757470.32997778
2579,51757470.34653925
2580,51757470.38759911
2581,51757470.369186975
2582,51757470.277086355
2583,51757470.358139664
2584,51757470.38008248
2585,51757470.4258796
2586,51757470.31733959
2587,51757470.35904576
2588,51757470.425844006
2589,51757470.35385807
2590,51757470.42437851
2591,51757470.3233821
2592,51757470.37763774
2593,51757470.3833928
2594,51757470.37881993
2595,51757470.3800862
2596,51757470.2660274
2597,51757470.40809649
2598,51757470.32879528
2599,51757470.31398662
2600,51757470.42517862
2601,51757470.34092449
2602,51757470.35036073
2603,51757470.3742569
2604,51757470.38459758
2605,51757470.354051836
2606,51757470.322129466
2607,51757470.34931734
2608,51757470.412197575
2609,51757470.3359445
2610,51757470.34824597
2611,51757470.37809047
2612,51757470.37818855
2613,51757470.360627726
2614,51757470.346873134
2615,51757470.33249834
2616,51757470.41068672
2617,51757470.36959854
2618,51757470.32608941
2619,51757470.34332898
2620,51757470.3863099
2621,51757470.34567532
2622,51757470.38981946
2623,51757470.32355536
2624,51757470.39445146
2625,51757470.37757118
2626,51757470.37462597
2627,51757470.47703845
2628,51757470.32366524
2629,51757470.295183025
2630,51757470.38328895
2631,51757470.33372355
2632,51757470.32808745
2633,51757470.32396125
2634,51757470.355399154
2635,51757470.40921752
2636,51757470.28318878
2637,51757470.38189682
2638,51757470.28965119
2639,51757470.30189517
2640,51757470.39352184
2641,51757470.37136871
2642,51757470.28501686
2643,51757470.3798337
2644,51757470.4284071
2645,51757470.4012699
2646,51757470.4002613
2647,51757470.32763981
2648,51757470.38382708
2649,51757470.35198954
2650,51757470.342311464
2651,51757470.30943882
2652,51757470.34581096
2653,51757470.39609976
2654,51757470.37846589
2655,51757470.31748944
2656,51757470.37273479
2657,51757470.42763578
2658,51757470.32000643
2659,51757470.38829186
2660,51757470.41681164
2661,51757470.42755297
2662,51757470.43049522
2663,51757470.428314194
2664,51757470.38577119
2665,51757470.363746844
2666,51757470.386500016
2667,51757470.328067996
2668,51757470.29713198
2669,51757470.248138934
2670,51757470.37255168
2671,51757470.382050954
2672,51757470.358118474
2673,51757470.39309381
2674,51757470.338520065
2675,51757470.36441
2676,51757470.314853676
2677,51757470.33636775
2678,51757470.38530997
2679,51757470.39283233
2680,51757470.37992631
2681,51757470.35578476
2682,51757470.40320855
2683,51757470.32679473
2684,51757470.528790325
2685,51757470.38931969
2686,51757470.35572939
2687,51757470.35171059
2688,51757470.37550011
2689,51757470.3978049
2690,51757470.37654946
2691,51757470.335576884
2692,51757470.35325506
2693,51757470.38255778
2694,51757470.33116537
2695,51757470.393599905
2696,51757470.30068724
2697,51757470.34297314
2698,51757470.43424397
2699,51757470.28033862
2700,51757470.28870827
2701,51757470.38520826
2702,51757470.3748406
2703,51757470.39109605
2704,51757470.34212916
2705,51757470.38899969
2706,51757470.34039285
2707,51757470.39907949
2708,51757470.35370083
2709,51757470.314509444
2710,51757470.31766411
2711,51757470.28662912
2712,51757470.340007074
2713,51757470.37957519
2714,51757470.37075098
2715,51757470.405691765
2716,51757470.32679123
2717,51757470.25275573
2718,51757470.28956347
2719,51757470.34156735
2720,51757470.32826058
2721,51757470.44006524
2722,51757470.35723385
2723,51757470.37557855
2724,51757470.33191001
2725,51757470.33327393
2726,51757470.389913924
2727,51757470.40094104
2728,51757470.32371354
2729,51757470.32978549
2730,51757470.27962584
2731,51757470.4509529
2732,51757470.328317255
2733,51757470.31833101
2734,51757470.30283534
2735,51757470.322772324
2736,51757470.40143281
2737,51757470.309739366
2738,51757470.33386968
2739,51757470.41790675
2740,51757470.363879494
2741,51757470.34129518
2742,51757470.31704872
2743,51757470.40456527
2744,51757470.3187154
2745,51757470.37393886
2746,51757470.31877727
2747,51757470.29463365
2748,51757470.3812283
2749,51757470.346335895
2750,51757470.34801376
2751,51757470.35837997
2752,51757470.394867614
2753,51757470.36533607
2754,51757470.45443794
2755,51757470.36276613
2756,51757470.38692822
2757,51757470.36636555
2758,51757470.374118544
2759,51757470.35535446
2760,51757470.393933915
2761,51757470.40082186
2762,51757470.347270064
2763,51757470.24530648
2764,51757470.35630534
2765,51757470.27893985
2766,51757470.32357521
2767,51757470.395333275
2768,51757470.33041798
2769,51757470.39357068
2770,51757470.36456532
2771,51757470.322067894
2772,51757470.28641406
2773,51757470.3247665
2774,51757470.37351465
2775,51757470.385171585
2776,51757470.35982847
2777,51757470.37174943
2778,51757470.32781198
2779,51757470.35193774
2780,51757470.39051298
2781,51757470.34279742
2782,51757470.40350484
2783,51757470.377807856
2784,51757470.30783295
2785,51757470.31356978
2786,51757470.339549914
2787,51757470.356503606
2788,51757470.34523753
2789,51757470.40779186
2790,51757470.37273713
2791,51757470.40305752
2792,51757470.31396803
2793,51757470.330754995
2794,51757470.3683728
2795,51757470.37874346
2796,51757470.31568132
2797,51757470.307690576
2798,51757470.323998995
2799,51757470.33547043
2800,51757470.36639271
2801,51757470.384394564
2802,51757470.341429316
2803,51757470.30690174
2804,51757470.358932815
2805,51757470.32832061
2806,51757470.39061915
2807,51757470.330549896
2808,51757470.39054098
2809,51757470.366443105
2810,51757470.37308679
2811,51757470.42073896
2812,51757470.35345714
2813,51757470.2789736
2814,51757470.394985735
2815,51757470.32889081
2816,51757470.27851472
2817,51757470.346339546
2818,51757470.349674754
2819,51757470.37955795
2820,51757470.373679616
2821,51757470.36959175
2822,51757470.39090449
2823,51757470.389802575
2824,51757470.38144179
2825,51757470.388270184
2826,51757470.385136105
2827,51757470.37952882
2828,51757470.401771344
2829,51757470.34130385
2830,51757470.32243188
2831,51757470.3321446
2832,51757470.342176564
2833,51757470.39096119
2834,51757470.35343544
2835,51757470.3507072
2836,51757470.30827745
2837,51757470.376812115
2838,51757470.39034369
2839,51757470.30549769
2840,51757470.320134
2841,51757470.47520501
2842,51757470.35413832
2843,51757470.31121031
2844,51757470.36636665
2845,51757470.34460876
2846,51757470.353133745
2847,51757470.334096536
2848,51757470.40399068
2849,51757470.39408978
2850,51757470.36254655
2851,51757470.33842447
2852,51757470.307557955
2853,51757470.363529995
2854,51757470.423491046
2855,51757470.358261615
2856,51757470.43022656
2857,51757470.304660544
2858,51757470.33885746
2859,51757470.36399206
2860,51757470.31132193
2861,51757470.40537352
2862,51757470.344593115
2863,51757470.39290018
2864,51757470.38921322
2865,51757470.331471525
2866,51757470.309436776
2867,51757470.3287907
2868,51757470.32777697
2869,51757470.4049832
2870,51757470.3934555
2871,51757470.321114905
2872,51757470.32199253
2873,51757470.29488695
2874,51757470.32630589
2875,51757470.386978045
2876,51757470.32452964
2877,51757470.35339414
2878,51757470.36867002
2879,51757470.41019379
2880,51757470.337801225
2881,51757470.38205572
2882,51757470.39031787
2883,51757470.37329896
2884,51757470.304777
2885,51757470.36492716
2886,51757470.37221736
2887,51757470.372865915
2888,51757470.404126
2889,51757470.38508414
2890,51757470.37789882
2891,51757470.379897036
2892,51757470.3549193
2893,51757470.28077406
2894,51757470.35659034
2895,51757470.35393485
2896,51757470.38509275
2897,51757470.35523007
2898,51757470.32513516
2899,51757470.284456514
2900,51757470.29648256
2901,51757470.39690512
2902,51757470.3478174
2903,51757470.42319664
2904,51757470.382354155
2905,51757470.346047625
2906,51757470.32840679
2907,51757470.34728888
2908,51757470.31510889
2909,51757470.32497408
2910,51757470.37784702
2911,51757470.31290504
2912,51757470.35647581
2913,51757470.35067565
2914,51757470.38412275
2915,51757470.36601332
2916,51757470.3729239
2917,51757470.36386928
2918,51757470.39661268
2919,51757470.33897163
2920,51757470.33216404
2921,51757470.35289121
2922,51757470.35676542
2923,51757470.35676542
2924,63416420.56137177
2925,63416420.5613718
2926,63416420.561371766
2927,63416420.56137177
2928,63416420.56137177
2929,63416420.56137176
2930,63416420.56137173
2931,63416420.56137176
2932,63416420.5613718
2933,63416420.5613718
2934,63416420.56137179
2935,63416420.61568126
2936,63416420.6588562
2937,63416420.617065236
2938,63416420.50192747
2939,63416420.47600801
2940,63416420.55818853
2941,63416420.59577233
2942,63416420.5755299
2943,63416420.53149518
2944,63416420.57340762
2945,63416420.52441537
2946,63416420.60069485
2947,63416420.580805734
2948,63416420.457092196
2949,63416420.55915594
2950,63416420.63340018
2951,63416420.52766497
2952,63416420.57096209
2953,63416420.61961889
2954,63416420.508235894
2955,63416420.613579184
2956,63416420.57337738
2957,63416420.55572432
2958,63416420.56804335
2959,63416420.493480384
2960,63416420.57234328
2961,63416420.59314001
2962,63416420.623528995
2963,63416420.49883742
2964,63416420.422776066
2965,63416420.4479344
2966,63416420.60712802
2967,63416420.5781917
2968,63416420.5563245
2969,63416420.56626618
2970,63416420.60011286
2971,63416420.531394646
2972,63416420.54088219
2973,63416420.595923506
2974,63416420.58100645
2975,63416420.574449345
2976,63416420.55024688
2977,63416420.52960917
2978,63416420.644938655
2979,63416420.55098099
2980,63416420.520784006
2981,63416420.54120612
2982,63416420.538833894
2983,63416420.4772257
2984,63416420.61077077
2985,63416420.54286588
2986,63416420.55536704
2987,63416420.47064207
2988,63416420.598177746
2989,63416420.50936358
2990,63416420.57086506
2991,63416420.598601
2992,63416420.50010644
2993,63416420.59464608
2994,63416420.53590782
2995,63416420.50759628
2996,63416420.45150571
2997,63416420.58632886
2998,63416420.555151455
2999,63416420.44164479
3000,63416420.53430044
3001,63416420.5233157
3002,63416420.589937195
3003,63416420.42648676
3004,63416420.501840115
3005,63416420.57511367
3006,63416420.5658794
3007,63416420.56429326
3008,63416420.585823335
3009,63416420.6007735
3010,63416420.53864014
3011,63416420.66254687
3012,63416420.62390947
3013,63416420.53449133
3014,63416420.63151634
3015,63416420.58402999
3016,63416420.513064824
3017,63416420.55514498
3018,63416420.54598248
3019,63416420.494865626
3020,63416420.575435005
3021,63416420.589388676
3022,63416420.529127836
3023,63416420.48820149
3024,63416420.620369084
3025,63416420.59911058
3026,63416420.553594925
3027,63416420.61977052
3028,63416420.442773946
3029,63416420.634469576
3030,63416420.54755132
3031,63416420.56799265
3032,63416420.51447838
3033,63416420.4280441
3034,63416420.51932304
3035,63416420.53273115
3036,63416420.59692797
3037,63416420.588531844
3038,63416420.481378235
3039,63416420.55738518
3040,63416420.567070775
3041,63416420.522755764
3042,63416420.63771875
3043,63416420.63346446
3044,63416420.514072955
3045,63416420.590796344
3046,63416420.59481414
3047,63416420.61439744
3048,63416420.57756296
3049,63416420.590380386
3050,63416420.51264109
3051,63416420.56263495
3052,63416420.5612463
3053,63416420.57497344
3054,63416420.56922601
3055,63416420.60436468
3056,63416420.55506285
3057,63416420.45740075
3058,63416420.45284856
3059,63416420.57281725
3060,63416420.54889158
3061,63416420.58760684
3062,63416420.515438795
3063,63416420.59176334
3064,63416420.49843332
3065,63416420.58832509
3066,63416420.650606655
3067,63416420.617272906
3068,63416420.59911149
3069,63416420.543402925
3070,63416420.627193265
3071,63416420.496603005
3072,63416420.6179058
3073,63416420.56470133
3074,63416420.573929876
3075,63416420.4940127
3076,63416420.56857883
3077,63416420.53766299
3078,63416420.66381873
3079,63416420.6599358
3080,63416420.565322116
3081,63416420.53657935
3082,63416420.49587567
3083,63416420.48678821
3084,63416420.576241255
3085,63416420.57000683
3086,63416420.48717616
3087,63416420.558370315
3088,63416420.58878173
3089,63416420.48181762
3090,63416420.526106365
3091,63416420.56438122
3092,63416420.46919991
3093,63416420.597452715
3094,63416420.57724313
3095,63416420.49702316
3096,63416420.56475868
3097,63416420.58123443
3098,63416420.542878635
3099,63416420.50141752
3100,63416420.52440665
3101,63416420.428934984
3102,63416420.53351788
3103,63416420.69857387
3104,63416420.55438178
3105,63416420.49441711
3106,63416420.53906247
3107,63416420.59433835
3108,63416420.57826269
3109,63416420.71109739
3110,63416420.615912095
3111,63416420.56597214
3112,63416420.53224502
3113,63416420.55210343
3114,63416420.57956755
3115,63416420.58929487
3116,63416420.49662494
3117,63416420.57137004
3118,63416420.53323585
3119,63416420.657545105
3120,63416420.52654783
3121,63416420.64871589
3122,63416420.62904092
3123,63416420.533480376
3124,63416420.56720565
3125,63416420.550773315
3126,63416420.50732613
3127,63416420.50888275
3128,63416420.48712085
3129,63416420.52226962
3130,63416420.51936159
3131,63416420.636654675
3132,63416420.59222669
3133,63416420.57046566
3134,63416420.44750071
3135,63416420.4966319
3136,63416420.62259685
3137,63416420.52410653
3138,63416420.55926843
3139,63416420.57956435
3140,63416420.55818555
3141,63416420.65818956
3142,63416420.51457689
3143,63416420.584139936
3144,63416420.59370998
3145,63416420.47392562
3146,63416420.47342106
3147,63416420.50885822
3148,63416420.63668598
3149,63416420.444169834
3150,63416420.61508249
3151,63416420.61809369
3152,63416420.61976292
3153,63416420.50697384
3154,63416420.555414476
3155,63416420.50910142
3156,63416420.52247505
3157,63416420.63200599
3158,63416420.57237662
3159,63416420.57514232
3160,63416420.539521664
3161,63416420.6130889
3162,63416420.52286693
3163,63416420.46605902
3164,63416420.60179985
3165,63416420.52685827
3166,63416420.61885057
3167,63416420.58977247
3168,63416420.52885758
3169,63416420.50749081
3170,63416420.451655954
3171,63416420.50660543
3172,63416420.571271695
3173,63416420.5193726
3174,63416420.62317027
3175,63416420.56949538
3176,63416420.48467434
3177,63416420.55186614
3178,63416420.47948984
3179,63416420.65521487
3180,63416420.52543074
3181,63416420.550722055
3182,63416420.49032429
3183,63416420.56407824
3184,63416420.547284365
3185,63416420.60862492
3186,63416420.52548812
3187,63416420.62390417
3188,63416420.559562944
3189,63416420.54826403
3190,63416420.59729494
3191,63416420.57107317
3192,63416420.56420392
3193,63416420.56405483
3194,63416420.58992535
3195,63416420.654710054
3196,63416420.61678653
3197,63416420.47984827
3198,63416420.710093014
3199,63416420.52921794
3200,63416420.44340511
3201,63416420.61455882
3202,63416420.525772534
3203,63416420.496244416
3204,63416420.56286478
3205,63416420.526266105
3206,63416420.64412168
3207,63416420.70351679
3208,63416420.536509246
3209,63416420.57288549
3210,63416420.6351542
3211,63416420.5579818
3212,63416420.47390437
3213,63416420.567762665
3214,63416420.42789795
3215,63416420.57897247
3216,63416420.52814452
3217,63416420.63160923
3218,63416420.581381686
3219,63416420.59159796
3220,63416420.66260633
3221,63416420.47227601
3222,63416420.59099168
3223,63416420.64957682
3224,63416420.503888756
3225,63416420.552127086
3226,63416420.64672908
3227,63416420.63936921
3228,63416420.51676515
3229,63416420.526842356
3230,63416420.6557537
3231,63416420.571985416
3232,63416420.60738388
3233,63416420.63450797
3234,63416420.664865896
3235,63416420.58474292
3236,63416420.60362307
3237,63416420.505220525
3238,63416420.54016243
3239,63416420.527843885
3240,63416420.57764936
3241,63416420.565345876
3242,63416420.524160266
3243,63416420.65176785
3244,63416420.517233595
3245,63416420.505834125
3246,63416420.64321188
3247,63416420.60342677
3248,63416420.55360566
3249,63416420.626902185
3250,63416420.56941752
3251,63416420.46975138
3252,63416420.59220264
3253,63416420.60321218
3254,63416420.604068115
3255,63416420.64034381
3256,63416420.58202526
3257,63416420.56159605
3258,63416420.569299385
3259,63416420.50492888
3260,63416420.68956491
3261,63416420.57375187
3262,63416420.51961094
3263,63416420.52582418
3264,63416420.597197615
3265,63416420.61034415
3266,63416420.63028908
3267,63416420.57305724
3268,63416420.57590938
3269,63416420.51019279
3270,63416420.62031649
3271,63416420.53661626
3272,63416420.50061193
3273,63416420.544851884
3274,63416420.60850637
3275,63416420.53150706
3276,63416420.57721689
3277,63416420.51288586
3278,63416420.58645181
3279,63416420.52885089
3280,63416420.65352579
3281,63416420.6242249
3282,63416420.59116149
3283,63416420.59071876
3284,63416420.557787254
3285,63416420.60844358
3286,63416420.51010701
3287,63416420.42330293
3288,63416420.58553076
3289,63416420.62933929
3290,63416420.48394538
3291,63416420.4993268
3292,63416420.61538728
3293,63416420.56050264
3294,63416420.607643716
3295,63416420.436961554
3296,63416420.580211595
3297,63416420.64387601
3298,63416420.57021283
3299,63416420.685661286
3300,63416420.57006259
3301,63416420.500558354
3302,63416420.52119955
3303,63416420.54897334
3304,63416420.50326818
3305,63416420.60135281
3306,63416420.60287416
3307,63416420.56826342
3308,63416420.53357619
3309,63416420.51422649
3310,63416420.57553478
3311,63416420.529857956
3312,63416420.50239074
3313,63416420.67893247
3314,63416420.56556211
3315,63416420.59894385
3316,63416420.641000874
3317,63416420.4815189
3318,63416420.60536408
3319,63416420.45909916
3320,63416420.47877235
3321,63416420.49184637
3322,63416420.49515792
3323,63416420.56766793
3324,63416420.463991046
3325,63416420.47266796
3326,63416420.652175814
3327,63416420.5248127
3328,63416420.49419915
3329,63416420.590354696
3330,63416420.57197404
3331,63416420.535526305
3332,63416420.417083964
3333,63416420.556709535
3334,63416420.57023984
3335,63416420.564959586
3336,63416420.63319001
3337,63416420.50669132
3338,63416420.54218116
3339,63416420.528948136
3340,63416420.57152031
3341,63416420.61931733
3342,63416420.45713478
3343,63416420.617446914
3344,63416420.576149486
3345,63416420.47861922
3346,63416420.466953106
3347,63416420.55286857
3348,63416420.61710633
3349,63416420.57245349
3350,63416420.541810684
3351,63416420.55686259
3352,63416420.59143758
3353,63416420.604238585
3354,63416420.6052852
3355,63416420.58198916
3356,63416420.61007006
3357,63416420.6733692
3358,63416420.5310072
3359,63416420.4796674
3360,63416420.49585865
3361,63416420.56268044
3362,63416420.57797516
3363,63416420.56072754
3364,63416420.58091202
3365,63416420.52030422
3366,63416420.58889623
3367,63416420.58280721
3368,63416420.50751159
3369,63416420.60548282
3370,63416420.58719803
3371,63416420.64030839
3372,63416420.49866717
3373,63416420.56478927
3374,63416420.55238327
3375,63416420.48082676
3376,63416420.53919672
3377,63416420.632576756
3378,63416420.67804518
3379,63416420.53528117
3380,63416420.62723096
3381,63416420.62465541
3382,63416420.47387943
3383,63416420.59911132
3384,63416420.534716316
3385,63416420.532636024
3386,63416420.68497421
3387,63416420.55423562
3388,63416420.56793667
3389,63416420.51706631
3390,63416420.62493987
3391,63416420.58732732
3392,63416420.59693189
3393,63416420.679176666
3394,63416420.526775874
3395,63416420.723699756
3396,63416420.570358865
3397,63416420.5075611
3398,63416420.6230651
3399,63416420.48331567
3400,63416420.47926578
3401,63416420.665927924
3402,63416420.721513726
3403,63416420.49617986
3404,63416420.63244988
3405,63416420.58466885
3406,63416420.60473954
3407,63416420.57861191
3408,63416420.50896015
3409,63416420.584650174
3410,63416420.53445513
3411,63416420.6984164
3412,63416420.547209896
3413,63416420.49604675
3414,63416420.59525288
3415,63416420.548532285
3416,63416420.4558306
3417,63416420.56249645
3418,63416420.435861215
3419,63416420.52029486
3420,63416420.476976626
3421,63416420.548714146
3422,63416420.52058065
3423,63416420.61023847
3424,63416420.570798926
3425,63416420.61693168
3426,63416420.63352533
3427,63416420.513598785
3428,63416420.53753693
3429,63416420.592829354
3430,63416420.60228056
3431,63416420.439079106
3432,63416420.600986585
3433,63416420.51963053
3434,63416420.49481227
3435,63416420.62667338
3436,63416420.540118456
3437,63416420.61299205
3438,63416420.69201507
3439,63416420.5528788
3440,63416420.758369714
3441,63416420.43010956
3442,63416420.54311447
3443,63416420.60699912
3444,63416420.49268165
3445,63416420.62353697
3446,63416420.55946711
3447,63416420.65745668
3448,63416420.5289539
3449,63416420.54213578
3450,63416420.61305063
3451,63416420.56472218
3452,63416420.566129826
3453,63416420.61956377
3454,63416420.541761994
3455,63416420.518801026
3456,63416420.49807546
3457,63416420.53440732
3458,63416420.54970394
3459,63416420.55265904
3460,63416420.5279039
3461,63416420.66282082
3462,63416420.62958374
3463,63416420.52443696
3464,63416420.569250494
3465,63416420.51574768
3466,63416420.59048999
3467,63416420.53029778
3468,63416420.55589582
3469,63416420.56123375
3470,63416420.536574
3471,63416420.584662795
3472,63416420.64519502
3473,63416420.61319505
3474,63416420.56374819
3475,63416420.66829223
3476,63416420.516673535
3477,63416420.59623817
3478,63416420.57465791
3479,63416420.514833994
3480,63416420.42025118
3481,63416420.59891295
3482,63416420.46441014
3483,63416420.63652966
3484,63416420.548428774
3485,63416420.56114116
3486,63416420.59390199
3487,63416420.480214566
3488,63416420.68028317
3489,63416420.50713967
3490,63416420.603829235
3491,63416420.48562951
3492,63416420.467679776
3493,63416420.69706477
3494,63416420.62550227
3495,63416420.58273137
3496,63416420.63831692
3497,63416420.50626047
3498,63416420.43728356
3499,63416420.52706803
3500,63416420.594994105
3501,63416420.53906452
3502,63416420.49637009
3503,63416420.569881186
3504,63416420.588636786
3505,63416420.53058034
3506,63416420.539646454
3507,63416420.625124544
3508,63416420.69879843
3509,63416420.57760213
3510,63416420.53620505
3511,63416420.579293564
3512,63416420.53461622
3513,63416420.59045043
3514,63416420.54747471
3515,63416420.44559674
3516,63416420.550584584
3517,63416420.496291295
3518,63416420.60287214
3519,63416420.49515431
3520,63416420.5104013
3521,63416420.54044599
3522,63416420.53064667
3523,63416420.484144814
3524,63416420.64067954
3525,63416420.603892475
3526,63416420.55289124
3527,63416420.45502558
3528,63416420.53650999
3529,63416420.53437818
3530,63416420.58168661
3531,63416420.58161493
3532,63416420.544804454
3533,63416420.60635338
3534,63416420.484275356
3535,63416420.5560329
3536,63416420.578661844
3537,63416420.622668885
3538,63416420.54512034
3539,63416420.48771547
3540,63416420.49183325
3541,63416420.55292668
3542,63416420.65027279
3543,63416420.516879894
3544,63416420.5466533
3545,63416420.49255209
3546,63416420.565347105
3547,63416420.573649585
3548,63416420.55790748
3549,63416420.60547544
3550,63416420.554918535
3551,63416420.55314672
3552,63416420.569759645
3553,63416420.53764644
3554,63416420.61448602
3555,63416420.51770825
3556,63416420.645063646
3557,63416420.60388667
3558,63416420.49707827
3559,63416420.55028406
3560,63416420.62015519
3561,63416420.58912586
3562,63416420.60062873
3563,63416420.58085536
3564,63416420.49230068
3565,63416420.60918043
3566,63416420.69421095
3567,63416420.62443169
3568,63416420.58670289
3569,63416420.476243034
3570,63416420.640364215
3571,63416420.566436425
3572,63416420.627532765
3573,63416420.50426624
3574,63416420.51077408
3575,63416420.3837723
3576,63416420.50278684
3577,63416420.6821188
3578,63416420.620138645
3579,63416420.63359642
3580,63416420.4850686
3581,63416420.47006567
3582,63416420.56212136
3583,63416420.60765574
3584,63416420.55989391
3585,63416420.613668196
3586,63416420.5910449
3587,63416420.56443867
3588,63416420.50738722
3589,63416420.652526975
3590,63416420.51915385
3591,63416420.595840454
3592,63416420.579675175
3593,63416420.531841
3594,63416420.64833213
3595,63416420.551618524
3596,63416420.57594767
3597,63416420.54237303
3598,63416420.72669591
3599,63416420.536453165
3600,63416420.50192582
3601,63416420.50760559
3602,63416420.53362823
3603,63416420.46376705
3604,63416420.592898354
3605,63416420.52269286
3606,63416420.587670155
3607,63416420.559905685
3608,63416420.530133024
3609,63416420.49113236
3610,63416420.5700807
3611,63416420.55548536
3612,63416420.542525716
3613,63416420.58028199
3614,63416420.51904658
3615,63416420.573793165
3616,63416420.51498154
3617,63416420.60030402
3618,63416420.49819887
3619,63416420.64253598
3620,63416420.593786314
3621,63416420.57435392
3622,63416420.52754769
3623,63416420.57555162
3624,63416420.578182325
3625,63416420.554309264
3626,63416420.55560485
3627,63416420.511835374
3628,63416420.55442949
3629,63416420.59481918
3630,63416420.602693655
3631,63416420.51885076
3632,63416420.550578594
3633,63416420.53809312
3634,63416420.46623876
3635,63416420.57867302
3636,63416420.627342895
3637,63416420.51682373
3638,63416420.574628636
3639,63416420.512581274
3640,63416420.53441539
3641,63416420.56166578
3642,63416420.5676518
3643,63416420.57228601
3644,63416420.64409817
3645,63416420.56645829
3646,63416420.54508752
3647,63416420.55007431
3648,63416420.52494989
3649,63416420.56210737
3650,63416420.57082844
3651,63416420.58871717
3652,63416420.507215194
3653,63416420.56137177
3654,63416420.561371766
3655,9409078.466862036
3656,9409078.466862055
3657,9409078.466862053
3658,9409078.466862042
3659,9409078.466862055
3660,9409078.466862043
3661,9409078.46686204
3662,9409078.466862047
3663,9409078.466862049
3664,9409078.466862049
3665,9409078.46686205
3666,9409078.457354208
3667,9409078.454875994
3668,9409078.45541243
3669,9409078.485823484
3670,9409078.476673972
3671,9409078.46239453
3672,9409078.463556359
3673,9409078.490333544
3674,9409078.44567514
3675,9409078.469536789
3676,9409078.489022473
3677,9409078.451861707
3678,9409078.479782587
3679,9409078.470602334
3680,9409078.45871857
3681,9409078.45137259
3682,9409078.445342528
3683,9409078.4820609
3684,9409078.44418075
3685,9409078.468841419
3686,9409078.46753056
3687,9409078.448307946
3688,9409078.467456216
3689,9409078.495196408
3690,9409078.469204646
3691,9409078.507788198
3692,9409078.4849409
3693,9409078.469248043
3694,9409078.47359321
3695,9409078.469615899
3696,9409078.48194274
3697,9409078.483759973
3698,9409078.483881313
3699,9409078.476559706
3700,9409078.457945678
3701,9409078.469055543
3702,9409078.494100867
3703,9409078.480820589
3704,9409078.495207045
3705,9409078.499206135
3706,9409078.453337526
3707,9409078.475255022
3708,9409078.458207943
3709,9409078.453568509
3710,9409078.464461764
3711,9409078.467133436
3712,9409078.485540554
3713,9409078.465000335
3714,9409078.471359113
3715,9409078.458691474
3716,9409078.489799106
3717,9409078.50037214
3718,9409078.470014371
3719,9409078.440274907
3720,9409078.462535676
3721,9409078.508889558
3722,9409078.459020099
3723,9409078.472601274
3724,9409078.474772168
3725,9409078.480206892
3726,9409078.482585484
3727,9409078.461289665
3728,9409078.4434995
3729,9409078.469572179
3730,9409078.463752579
3731,9409078.47381006
3732,9409078.465865375
3733,9409078.467056712
3734,9409078.46369633
3735,9409078.491151534
3736,9409078.439184623
3737,9409078.473005991
3738,9409078.489285283
3739,9409078.460889805
3740,9409078.463232573
3741,9409078.462322019
3742,9409078.456343759
3743,9409078.465136185
3744,9409078.453846453
3745,9409078.470374843
3746,9409078.43553284
3747,9409078.46419644
3748,9409078.491834389
3749,9409078.441289777
3750,9409078.438273981
3751,9409078.454053985
3752,9409078.454072861
3753,9409078.45534781
3754,9409078.471143734
3755,9409078.447910747
3756,9409078.492552241
3757,9409078.4576564
3758,9409078.465595864
3759,9409078.47684617
3760,9409078.435115483
3761,9409078.479080833
3762,9409078.443199353
3763,9409078.466517048
3764,9409078.444674836
3765,9409078.49939567
3766,9409078.480480032
3767,9409078.452815307
3768,9409078.462234251
3769,9409078.465181697
3770,9409078.458520303
3771,9409078.476610368
3772,9409078.44579017
3773,9409078.455493418
3774,9409078.466748094
3775,9409078.45299624
3776,9409078.468543435
3777,9409078.489831015
3778,9409078.44499928
3779,9409078.472830087
3780,9409078.493887184
3781,9409078.486243619
3782,9409078.45970305
3783,9409078.464867491
3784,9409078.460108211
3785,9409078.454022223
3786,9409078.460283283
3787,9409078.473622216
3788,9409078.460912226
3789,9409078.467433289
3790,9409078.485439057
3791,9409078.451110654
3792,9409078.471833764
3793,9409078.48526885
3794,9409078.485789763
3795,9409078.486046879
3796,9409078.444751292
3797,9409078.474615084
3798,9409078.443124004
3799,9409078.469831228
3800,9409078.482720995
3801,9409078.488486553
3802,9409078.46864815
3803,9409078.461940149
3804,9409078.47946692
3805,9409078.48935123
3806,9409078.456116576
3807,9409078.46335158
3808,9409078.488176918
3809,9409078.455054332
3810,9409078.478293052
3811,9409078.469923325
3812,9409078.480256394
3813,9409078.476322498
3814,9409078.466099644
3815,9409078.456562046
3816,9409078.47476009
3817,9409078.473596955
3818,9409078.46317292
3819,9409078.46562071
3820,9409078.480755704
3821,9409078.449584125
3822,9409078.461173948
3823,9409078.477461446
3824,9409078.475309998
3825,9409078.4674444
3826,9409078.421201807
3827,9409078.439613948
3828,9409078.437558271
3829,9409078.466245972
3830,9409078.473146565
3831,9409078.47733159
3832,9409078.471556101
3833,9409078.47449244
3834,9409078.458368625
3835,9409078.454545204
3836,9409078.467554418
3837,9409078.468470657
3838,9409078.45371977
3839,9409078.43935984
3840,9409078.475879597
3841,9409078.464731464
3842,9409078.447339922
3843,9409078.473355556
3844,9409078.44469517
3845,9409078.468816917
3846,9409078.451287195
3847,9409078.491632847
3848,9409078.4479481
3849,9409078.458407156
3850,9409078.435139973
3851,9409078.459006218
3852,9409078.478420552
3853,9409078.465122424
3854,9409078.448090531
3855,9409078.45038305
3856,9409078.465403073
3857,9409078.456464881
3858,9409078.479431743
3859,9409078.454049556
3860,9409078.463837488
3861,9409078.474414933
3862,9409078.466685757
3863,9409078.479691101
3864,9409078.4825037
3865,9409078.46848001
3866,9409078.479878377
3867,9409078.465322746
3868,9409078.467302516
3869,9409078.48571195
3870,9409078.454861559
3871,9409078.484910253
3872,9409078.489905838
3873,9409078.488391029
3874,9409078.466111492
3875,9409078.467769556
3876,9409078.480884992
3877,9409078.465531338
3878,9409078.492176205
3879,9409078.464489205
3880,9409078.470469488
3881,9409078.429916082
3882,9409078.466142688
3883,9409078.472140705
3884,9409078.43358602
3885,9409078.44067017
3886,9409078.497856239
3887,9409078.465125106
3888,9409078.45190999
3889,9409078.448642239
3890,9409078.474483995
3891,9409078.471810613
3892,9409078.459868979
3893,9409078.470487365
3894,9409078.453450998
3895,9409078.465848455
3896,9409078.48024048
3897,9409078.435973443
3898,9409078.460775847
3899,9409078.449203039
3900,9409078.477626143
3901,9409078.481322162
3902,9409078.45541065
3903,9409078.463153051
3904,9409078.461335534
3905,9409078.44735258
3906,9409078.476606533
3907,9409078.47586052
3908,9409078.475385772
3909,9409078.462911023
3910,9409078.45190594
3911,9409078.481199265
3912,9409078.464749116
3913,9409078.447681636
3914,9409078.468267377
3915,9409078.453628864
3916,9409078.466861518
3917,9409078.456405345
3918,9409078.454288183
3919,9409078.468057679
3920,9409078.48610828
3921,9409078.451637974
3922,9409078.461245758
3923,9409078.44818638
3924,9409078.448251506
3925,9409078.435784943
3926,9409078.45274789
3927,9409078.486334845
3928,9409078.454476193
3929,9409078.487888642
3930,9409078.46470162
3931,9409078.465976212
3932,9409078.473649262
3933,9409078.478958935
3934,9409078.49540018
3935,9409078.483385116
3936,9409078.474549623
3937,9409078.479274873
3938,9409078.481286343
3939,9409078.473362852
3940,9409078.465925943
3941,9409078.480050273
3942,9409078.482118703
3943,9409078.476374684
3944,9409078.491711004
3945,9409078.47285025
3946,9409078.493201751
3947,9409078.505802915
3948,9409078.477942081
3949,9409078.454289539
3950,9409078.462997025
3951,9409078.472374782
3952,9409078.47965156
3953,9409078.461898634
3954,9409078.437585277
3955,9409078.445695724
3956,9409078.46339494
3957,9409078.462966196
3958,9409078.481853187
3959,9409078.435522072
3960,9409078.473807294
3961,9409078.458395593
3962,9409078.48039245
3963,9409078.443398107
3964,9409078.467510061
3965,9409078.464571461
3966,9409078.49800781
3967,9409078.446692733
3968,9409078.474572126
3969,9409078.459578447
3970,9409078.480856609
3971,9409078.472044127
3972,9409078.484753283
3973,9409078.466255335
3974,9409078.47579238
3975,9409078.498104606
3976,9409078.50483488
3977,9409078.454633726
3978,9409078.4771335
3979,9409078.452675832
3980,9409078.44631798
3981,9409078.475655193
3982,9409078.468531515
3983,9409078.42800132
3984,9409078.461240668
3985,9409078.47987191
3986,9409078.465940246
3987,9409078.45341837
3988,9409078.469245663
3989,9409078.487706965
3990,9409078.471736493
3991,9409078.462032964
3992,9409078.474232886
3993,9409078.450162265
3994,9409078.466787158
3995,9409078.483396953
3996,9409078.478403285
3997,9409078.448040577
3998,9409078.458449218
3999,9409078.480830768
4000,9409078.471035995
4001,9409078.449690681
4002,9409078.46040631
4003,9409078.463348344
4004,9409078.461974517
4005,9409078.441040995
4006,9409078.469376877
4007,9409078.46568949
4008,9409078.476421647
4009,9409078.48385388
4010,9409078.47340484
4011,9409078.50515334
4012,9409078.460258676
4013,9409078.449536502
4014,9409078.459958315
4015,9409078.465419797
4016,9409078.47340284
4017,9409078.438087996
4018,9409078.448693227
4019,9409078.475502165
4020,9409078.449501416
4021,9409078.481599247
4022,9409078.48063783
4023,9409078.461899297
4024,9409078.457458135
4025,9409078.447606985
4026,9409078.461734984
4027,9409078.4628812
4028,9409078.46120987
4029,9409078.488258693
4030,9409078.461381556
4031,9409078.482408643
4032,9409078.46071476
4033,9409078.472244024
4034,9409078.489925874
4035,9409078.477699824
4036,9409078.454263978
4037,9409078.487340769
4038,9409078.444275228
4039,9409078.443426888
4040,9409078.478932202
4041,9409078.451005174
4042,9409078.477559509
4043,9409078.481086984
4044,9409078.469576146
4045,9409078.48249307
4046,9409078.452790476
4047,9409078.490991566
4048,9409078.458537726
4049,9409078.486959863
4050,9409078.476000028
4051,9409078.492221225
4052,9409078.478618836
4053,9409078.470772872
4054,9409078.475131812
4055,9409078.477427544
4056,9409078.475139365
4057,9409078.442090532
4058,9409078.470771158
4059,9409078.459154792
4060,9409078.441480488
4061,9409078.47813637
4062,9409078.45043698
4063,9409078.472327013
4064,9409078.473598443
4065,9409078.481889073
4066,9409078.458036738
4067,9409078.459287945
4068,9409078.483770689
4069,9409078.448504228
4070,9409078.481340853
4071,9409078.487397963
4072,9409078.481729193
4073,9409078.47751226
4074,9409078.453026848
4075,9409078.464334123
4076,9409078.452267246
4077,9409078.467059337
4078,9409078.451403089
4079,9409078.450668212
4080,9409078.46719018
4081,9409078.460490203
4082,9409078.440912098
4083,9409078.447661437
4084,9409078.4356658
4085,9409078.475732205
4086,9409078.446863843
4087,9409078.46540442
4088,9409078.467458641
4089,9409078.459379893
4090,9409078.478674874
4091,9409078.492713528
4092,9409078.4499482
4093,9409078.467734212
4094,9409078.449335013
4095,9409078.46175251
4096,9409078.491391666
4097,9409078.491473652
4098,9409078.468947038
4099,9409078.430690277
4100,9409078.466755921
4101,9409078.447549492
4102,9409078.470763091
4103,9409078.462978814
4104,9409078.440203786
4105,9409078.462006496
4106,9409078.452109931
4107,9409078.492935365
4108,9409078.477800952
4109,9409078.495019928
4110,9409078.445041992
4111,9409078.49203068
4112,9409078.467843182
4113,9409078.480312167
4114,9409078.435057258
4115,9409078.452109832
4116,9409078.483887032
4117,9409078.448538011
4118,9409078.438604482
4119,9409078.453457719
4120,9409078.46794425
4121,9409078.451692317
4122,9409078.476151718
4123,9409078.46049115
4124,9409078.44014204
4125,9409078.440952996
4126,9409078.464411005
4127,9409078.463153534
4128,9409078.452405998
4129,9409078.507311374
4130,9409078.46917548
4131,9409078.457224743
4132,9409078.4483342
4133,9409078.442683017
4134,9409078.446943246
4135,9409078.484347826
4136,9409078.46333246
4137,9409078.448807849
4138,9409078.461993244
4139,9409078.47058331
4140,9409078.46861828
4141,9409078.453993686
4142,9409078.484298423
4143,9409078.473345
4144,9409078.479784947
4145,9409078.468795426
4146,9409078.467543997
4147,9409078.464312078
4148,9409078.460389199
4149,9409078.463654375
4150,9409078.46957095
4151,9409078.46965628
4152,9409078.457715714
4153,9409078.475965109
4154,9409078.45550635
4155,9409078.466213908
4156,9409078.47871919
4157,9409078.430669203
4158,9409078.483770778
4159,9409078.429363947
4160,9409078.452872
4161,9409078.476964945
4162,9409078.481842296
4163,9409078.487071265
4164,9409078.482168403
4165,9409078.494721102
4166,9409078.466750117
4167,9409078.48075543
4168,9409078.454557663
4169,9409078.480878882
4170,9409078.463506866
4171,9409078.468012746
4172,9409078.439222218
4173,9409078.443841536
4174,9409078.453346511
4175,9409078.451483762
4176,9409078.493216326
4177,9409078.466087788
4178,9409078.45369038
4179,9409078.466370149
4180,9409078.498594323
4181,9409078.467906738
4182,9409078.466899352
4183,9409078.470298659
4184,9409078.451125363
4185,9409078.4576915
4186,9409078.469799269
4187,9409078.489918243
4188,9409078.439478563
4189,9409078.462830344
4190,9409078.479892038
4191,9409078.463233404
4192,9409078.477987887
4193,9409078.47428277
4194,9409078.47733836
4195,9409078.46775953
4196,9409078.439801017
4197,9409078.4778167
4198,9409078.481452035
4199,9409078.490476456
4200,9409078.463798437
4201,9409078.449212184
4202,9409078.49191839
4203,9409078.457912266
4204,9409078.463310074
4205,9409078.459188916
4206,9409078.461719463
4207,9409078.4610351
4208,9409078.447051045
4209,9409078.468877109
4210,9409078.462439692
4211,9409078.471622631
4212,9409078.466185385
4213,9409078.46907438
4214,9409078.43455015
4215,9409078.471375292
4216,9409078.50404195
4217,9409078.461021775
4218,9409078.480928715
4219,9409078.496306933
4220,9409078.459174775
4221,9409078.487624425
4222,9409078.447514227
4223,9409078.463394245
4224,9409078.492062444
4225,9409078.489220584
4226,9409078.485982731
4227,9409078.462309334
4228,9409078.484734049
4229,9409078.459596496
4230,9409078.462215822
4231,9409078.477990642
4232,9409078.491213642
4233,9409078.44615942
4234,9409078.470461326
4235,9409078.470978783
4236,9409078.468957057
4237,9409078.454953538
4238,9409078.463037916
4239,9409078.490576345
4240,9409078.4466282
4241,9409078.446389869
4242,9409078.490218353
4243,9409078.502606018
4244,9409078.455379559
4245,9409078.465255093
4246,9409078.465270987
4247,9409078.462505497
4248,9409078.47510068
4249,9409078.466267707
4250,9409078.468417438
4251,9409078.473316953
4252,9409078.469497694
4253,9409078.466515927
4254,9409078.472173067
4255,9409078.46376793
4256,9409078.471004084
4257,9409078.488733193
4258,9409078.472463202
4259,9409078.500360163
4260,9409078.463068312
4261,9409078.449664759
4262,9409078.48567241
4263,9409078.469123565
4264,9409078.467231387
4265,9409078.482297216
4266,9409078.473230945
4267,9409078.463946775
4268,9409078.459409636
4269,9409078.443918878
4270,9409078.478843406
4271,9409078.456321191
4272,9409078.487645352
4273,9409078.428012682
4274,9409078.483020019
4275,9409078.46432875
4276,9409078.452710614
4277,9409078.482738048
4278,9409078.447107872
4279,9409078.467310581
4280,9409078.457748871
4281,9409078.463517271
4282,9409078.472089354
4283,9409078.458863247
4284,9409078.447824698
4285,9409078.48905108
4286,9409078.476511244
4287,9409078.475204745
4288,9409078.46860619
4289,9409078.490205763
4290,9409078.452393409
4291,9409078.4671856
4292,9409078.451180916
4293,9409078.473351391
4294,9409078.47283698
4295,9409078.46595828
4296,9409078.472492395
4297,9409078.47417113
4298,9409078.468543379
4299,9409078.475786423
4300,9409078.467457647
4301,9409078.506006034
4302,9409078.497804604
4303,9409078.45511238
4304,9409078.47355025
4305,9409078.466729349
4306,9409078.459862443
4307,9409078.46672801
4308,9409078.460851558
4309,9409078.466468746
4310,9409078.455641069
4311,9409078.456364807
4312,9409078.461792799
4313,9409078.480008278
4314,9409078.443291593
4315,9409078.45349556
4316,9409078.454286639
4317,9409078.490206312
4318,9409078.454471393
4319,9409078.484244304
4320,9409078.484615982
4321,9409078.466563536
4322,9409078.45458576
4323,9409078.448274076
4324,9409078.466909628
4325,9409078.475628866
4326,9409078.474956397
4327,9409078.47094136
4328,9409078.45280825
4329,9409078.469930926
4330,9409078.459161922
4331,9409078.484704157
4332,9409078.473808233
4333,9409078.491551086
4334,9409078.474995755
4335,9409078.470513495
4336,9409078.465966731
4337,9409078.46116622
4338,9409078.468551353
4339,9409078.464856952
4340,9409078.466244085
4341,9409078.452986872
4342,9409078.470607268
4343,9409078.446195625
4344,9409078.449445285
4345,9409078.455259487
4346,9409078.455926534
4347,9409078.455668213
4348,9409078.451700984
4349,9409078.48485927
4350,9409078.462775327
4351,9409078.453782532
4352,9409078.439705545
4353,9409078.459197287
4354,9409078.469316734
4355,9409078.465231502
4356,9409078.458817353
4357,9409078.466459967
4358,9409078.48126902
4359,9409078.448802702
4360,9409078.47407766
4361,9409078.474244552
4362,9409078.429414375
4363,9409078.454536399
4364,9409078.443287246
4365,9409078.455661872
4366,9409078.481233815
4367,9409078.458574587
4368,9409078.478637284
4369,9409078.467413997
4370,9409078.462279595
4371,9409078.48569564
4372,9409078.46137665
4373,9409078.465029726
4374,9409078.46867097
4375,9409078.471162966
4376,9409078.468074271
4377,9409078.47472623
4378,9409078.468220169
4379,9409078.45952382
4380,9409078.476578487
4381,9409078.46032341
4382,9409078.454707624
4383,9409078.479326298
4384,9409078.466862034
4385,9409078.46686203
4386,5606354.804724322
4387,5606354.804724322
4388,5606354.804724321
4389,5606354.804724321
4390,5606354.804724316
4391,5606354.804724328
4392,5606354.804724325
4393,5606354.804724314
4394,5606354.8047243245
4395,5606354.804724318
4396,5606354.804724315
4397,5606354.805385239
4398,5606354.799689315
4399,5606354.797346029
4400,5606354.810426728
4401,5606354.815981148
4402,5606354.794615592
4403,5606354.799474508
4404,5606354.8076083595
4405,5606354.796337095
4406,5606354.79113881
4407,5606354.803268158
4408,5606354.803167917
4409,5606354.810153721
4410,5606354.805041888
4411,5606354.808947757
4412,5606354.7906568255
4413,5606354.806598996
4414,5606354.808530766
4415,5606354.798174048
4416,5606354.807227886
4417,5606354.804972988
4418,5606354.801053152
4419,5606354.803027064
4420,5606354.811997434
4421,5606354.793759633
4422,5606354.8110418
4423,5606354.810741296
4424,5606354.807451204
4425,5606354.799082823
4426,5606354.798216157
4427,5606354.807059753
4428,5606354.807842534
4429,5606354.809447658
4430,5606354.816305039
4431,5606354.804336761
4432,5606354.80485118
4433,5606354.81776045
4434,5606354.807380318
4435,5606354.808655736
4436,5606354.800202319
4437,5606354.809307323
4438,5606354.803529673
4439,5606354.801724409
4440,5606354.807110868
4441,5606354.801907715
4442,5606354.810093293
4443,5606354.821802009
4444,5606354.798536845
4445,5606354.801233931
4446,5606354.795928725
4447,5606354.81575989
4448,5606354.817133901
4449,5606354.814648684
4450,5606354.798323255
4451,5606354.794623599
4452,5606354.8189340085
4453,5606354.809934707
4454,5606354.800023675
4455,5606354.80486019
4456,5606354.810922891
4457,5606354.8068953855
4458,5606354.798888462
4459,5606354.798929292
4460,5606354.814675355
4461,5606354.805175359
4462,5606354.806280375
4463,5606354.803887742
4464,5606354.799766989
4465,5606354.8054003995
4466,5606354.796630943
4467,5606354.810236511
4468,5606354.802110576
4469,5606354.803009081
4470,5606354.806193463
4471,5606354.810680165
4472,5606354.800507873
4473,5606354.801688545
4474,5606354.80822309
4475,5606354.796236853
4476,5606354.814029612
4477,5606354.793790323
4478,5606354.806334618
4479,5606354.811954376
4480,5606354.801431277
4481,5606354.799757381
4482,5606354.798128326
4483,5606354.804467116
4484,5606354.793199144
4485,5606354.799694427
4486,5606354.79357221
4487,5606354.812316477
4488,5606354.799239254
4489,5606354.799371827
4490,5606354.814139106
4491,5606354.806624354
4492,5606354.806138043
4493,5606354.79396401
4494,5606354.811538621
4495,5606354.800379868
4496,5606354.805931781
4497,5606354.79946248
4498,5606354.801265769
4499,5606354.812335142
4500,5606354.804642926
4501,5606354.809281651
4502,5606354.80672958
4503,5606354.802569963
4504,5606354.798299214
4505,5606354.813367285
4506,5606354.798591502
4507,5606354.808728583
4508,5606354.815475897
4509,5606354.798243806
4510,5606354.811458891
4511,5606354.812412758
4512,5606354.810440336
4513,5606354.809107175
4514,5606354.811646397
4515,5606354.809124535
4516,5606354.800377549
4517,5606354.800395748
4518,5606354.805734381
4519,5606354.807532816
4520,5606354.797235696
4521,5606354.811358868
4522,5606354.793554768
4523,5606354.8021024605
4524,5606354.808992164
4525,5606354.808483352
4526,5606354.802318044
4527,5606354.8107279185
4528,5606354.816753959
4529,5606354.806600741
4530,5606354.8083920535
4531,5606354.81300608
4532,5606354.819464904
4533,5606354.805645947
4534,5606354.800092135
4535,5606354.812434562
4536,5606354.808338779
4537,5606354.805316079
4538,5606354.80861066
4539,5606354.806446344
4540,5606354.796138264
4541,5606354.803146857
4542,5606354.813462444
4543,5606354.811398984
4544,5606354.8035558695
4545,5606354.802917839
4546,5606354.806768238
4547,5606354.81084725
4548,5606354.809692535
4549,5606354.8130282005
4550,5606354.806836642
4551,5606354.806891485
4552,5606354.796387185
4553,5606354.815230301
4554,5606354.811014091
4555,5606354.808794946
4556,5606354.8228749335
4557,5606354.801486057
4558,5606354.795645896
4559,5606354.8056946695
4560,5606354.80381099
4561,5606354.796002173
4562,5606354.796426845
4563,5606354.80915531
4564,5606354.797122953
4565,5606354.80028848
4566,5606354.800489956
4567,5606354.802974353
4568,5606354.80518258
4569,5606354.798959311
4570,5606354.805113384
4571,5606354.803003608
4572,5606354.80449223
4573,5606354.800558572
4574,5606354.813118797
4575,5606354.801701446
4576,5606354.802304713
4577,5606354.800046063
4578,5606354.807206892
4579,5606354.7997072395
4580,5606354.802367544
4581,5606354.787369944
4582,5606354.805249394
4583,5606354.802004993
4584,5606354.796463063
4585,5606354.803664364
4586,5606354.810727258
4587,5606354.809006918
4588,5606354.794730305
4589,5606354.802289717
4590,5606354.795620943
4591,5606354.805490047
4592,5606354.813279614
4593,5606354.814704827
4594,5606354.803277072
4595,5606354.810975486
4596,5606354.802959652
4597,5606354.814998869
4598,5606354.802929212
4599,5606354.809634095
4600,5606354.80892992
4601,5606354.805687392
4602,5606354.812689589
4603,5606354.811938942
4604,5606354.808667782
4605,5606354.803225453
4606,5606354.807389738
4607,5606354.806501606
4608,5606354.801317538
4609,5606354.819319813
4610,5606354.800332326
4611,5606354.807268065
4612,5606354.7882347
4613,5606354.805914092
4614,5606354.803369035
4615,5606354.797746367
4616,5606354.804236005
4617,5606354.815810879
4618,5606354.8066425985
4619,5606354.794795618
4620,5606354.80547451
4621,5606354.806249159
4622,5606354.803378116
4623,5606354.810612162
4624,5606354.805155814
4625,5606354.79910033
4626,5606354.813623264
4627,5606354.812588144
4628,5606354.799242187
4629,5606354.79630245
4630,5606354.799985508
4631,5606354.7997877095
4632,5606354.800395251
4633,5606354.80308413
4634,5606354.802453913
4635,5606354.808493631
4636,5606354.7964032665
4637,5606354.80592775
4638,5606354.804763
4639,5606354.815277957
4640,5606354.8034627475
4641,5606354.800005948
4642,5606354.817080672
4643,5606354.796138657
4644,5606354.805049505
4645,5606354.804833371
4646,5606354.811575093
4647,5606354.802004463
4648,5606354.793526657
4649,5606354.797137823
4650,5606354.794658323
4651,5606354.809150621
4652,5606354.801454433
4653,5606354.795728918
4654,5606354.799412104
4655,5606354.805184012
4656,5606354.79946797
4657,5606354.805791458
4658,5606354.802241913
4659,5606354.809845334
4660,5606354.813012165
4661,5606354.804010065
4662,5606354.801696382
4663,5606354.807708113
4664,5606354.807299511
4665,5606354.814841178
4666,5606354.818199686
4667,5606354.79937887
4668,5606354.808564491
4669,5606354.810537727
4670,5606354.798456986
4671,5606354.813438729
4672,5606354.810350359
4673,5606354.8148527825
4674,5606354.80973496
4675,5606354.806813098
4676,5606354.80846351
4677,5606354.823614822
4678,5606354.814491177
4679,5606354.804385533
4680,5606354.803244717
4681,5606354.800229249
4682,5606354.809335589
4683,5606354.807839319
4684,5606354.805801511
4685,5606354.797673754
4686,5606354.792343488
4687,5606354.807819377
4688,5606354.803773815
4689,5606354.805039547
4690,5606354.799711605
4691,5606354.803811363
4692,5606354.802305068
4693,5606354.80811873
4694,5606354.7973794965
4695,5606354.800625043
4696,5606354.8029665435
4697,5606354.817476025
4698,5606354.79419843
4699,5606354.811930094
4700,5606354.7987202145
4701,5606354.805923208
4702,5606354.811217679
4703,5606354.81730055
4704,5606354.816234712
4705,5606354.813280665
4706,5606354.805899638
4707,5606354.813833197
4708,5606354.807302612
4709,5606354.80352553
4710,5606354.800844859
4711,5606354.797672254
4712,5606354.797676878
4713,5606354.807615184
4714,5606354.795953262
4715,5606354.80650891
4716,5606354.813210176
4717,5606354.797667369
4718,5606354.793917852
4719,5606354.799115806
4720,5606354.813910576
4721,5606354.803811723
4722,5606354.81391932
4723,5606354.810450674
4724,5606354.8092529755
4725,5606354.801946563
4726,5606354.804915974
4727,5606354.801001761
4728,5606354.800463378
4729,5606354.79990037
4730,5606354.813064349
4731,5606354.804102241
4732,5606354.802796017
4733,5606354.79737838
4734,5606354.800355955
4735,5606354.803633338
4736,5606354.805159734
4737,5606354.795399642
4738,5606354.812373341
4739,5606354.804384822
4740,5606354.804090539
4741,5606354.803642368
4742,5606354.808203157
4743,5606354.808251388
4744,5606354.800978409
4745,5606354.805165661
4746,5606354.801395426
4747,5606354.803538394
4748,5606354.807653352
4749,5606354.799752882
4750,5606354.798896448
4751,5606354.786648827
4752,5606354.801621589
4753,5606354.804427479
4754,5606354.805498516
4755,5606354.7975848485
4756,5606354.802361078
4757,5606354.81205979
4758,5606354.7977460595
4759,5606354.794810396
4760,5606354.810390792
4761,5606354.796121465
4762,5606354.8087303685
4763,5606354.806306223
4764,5606354.809069291
4765,5606354.807090465
4766,5606354.801697343
4767,5606354.817596528
4768,5606354.8050387325
4769,5606354.804966203
4770,5606354.800151711
4771,5606354.803896374
4772,5606354.797360321
4773,5606354.8173796
4774,5606354.807926564
4775,5606354.818974158
4776,5606354.8015223425
4777,5606354.804858334
4778,5606354.8118936885
4779,5606354.809061261
4780,5606354.802143715
4781,5606354.811129468
4782,5606354.810436518
4783,5606354.80928388
4784,5606354.809186445
4785,5606354.813330385
4786,5606354.806026225
4787,5606354.803719873
4788,5606354.777909111
4789,5606354.804219817
4790,5606354.804673757
4791,5606354.795816137
4792,5606354.80606295
4793,5606354.793871117
4794,5606354.803701481
4795,5606354.807095032
4796,5606354.816940641
4797,5606354.7941421615
4798,5606354.81453586
4799,5606354.798477239
4800,5606354.799740799
4801,5606354.808786461
4802,5606354.8147115605
4803,5606354.809326424
4804,5606354.803013808
4805,5606354.796683404
4806,5606354.809517585
4807,5606354.800402283
4808,5606354.810138984
4809,5606354.789754318
4810,5606354.804040029
4811,5606354.808128092
4812,5606354.80727005
4813,5606354.796712826
4814,5606354.799666539
4815,5606354.794291133
4816,5606354.8077552505
4817,5606354.793370264
4818,5606354.800446609
4819,5606354.804965619
4820,5606354.7985372385
4821,5606354.805775117
4822,5606354.811307687
4823,5606354.803682826
4824,5606354.808187327
4825,5606354.801992309
4826,5606354.806560656
4827,5606354.818758317
4828,5606354.817130085
4829,5606354.795990847
4830,5606354.7927785525
4831,5606354.804166736
4832,5606354.797892371
4833,5606354.8109227475
4834,5606354.802719722
4835,5606354.80773324
4836,5606354.79979424
4837,5606354.796237791
4838,5606354.806586405
4839,5606354.805511777
4840,5606354.803125297
4841,5606354.805420208
4842,5606354.809018373
4843,5606354.811364664
4844,5606354.817249782
4845,5606354.796328287
4846,5606354.801404747
4847,5606354.811457056
4848,5606354.804666598
4849,5606354.785931596
4850,5606354.800348761
4851,5606354.8099889755
4852,5606354.802190377
4853,5606354.814997921
4854,5606354.797983227
4855,5606354.794151311
4856,5606354.797841843
4857,5606354.798502811
4858,5606354.788681185
4859,5606354.799511949
4860,5606354.80982085
4861,5606354.807168016
4862,5606354.796196738
4863,5606354.805587345
4864,5606354.79565942
4865,5606354.792792948
4866,5606354.815561663
4867,5606354.811196211
4868,5606354.803603122
4869,5606354.797730624
4870,5606354.811684141
4871,5606354.8026861
4872,5606354.806052958
4873,5606354.814525037
4874,5606354.805966949
4875,5606354.802785022
4876,5606354.801238133
4877,5606354.806664803
4878,5606354.801879086
4879,5606354.807136174
4880,5606354.803333177
4881,5606354.8159848545
4882,5606354.803740296
4883,5606354.804433734
4884,5606354.8094923105
4885,5606354.793951291
4886,5606354.798294379
4887,5606354.804443058
4888,5606354.804458731
4889,5606354.807322758
4890,5606354.791429027
4891,5606354.800937205
4892,5606354.816489961
4893,5606354.811266597
4894,5606354.811867355
4895,5606354.809930252
4896,5606354.822434329
4897,5606354.806114314
4898,5606354.806989458
4899,5606354.798415855
4900,5606354.80626382
4901,5606354.813706854
4902,5606354.7997268215
4903,5606354.79703144
4904,5606354.805521909
4905,5606354.803475171
4906,5606354.803858342
4907,5606354.814909468
4908,5606354.807269046
4909,5606354.802960513
4910,5606354.8122826135
4911,5606354.81767619
4912,5606354.790378994
4913,5606354.814531314
4914,5606354.796015907
4915,5606354.805234317
4916,5606354.801605357
4917,5606354.791189246
4918,5606354.804842438
4919,5606354.795025039
4920,5606354.80396585
4921,5606354.807967674
4922,5606354.79604221
4923,5606354.808831672
4924,5606354.796461429
4925,5606354.818049498
4926,5606354.80818065
4927,5606354.799673886
4928,5606354.805849521
4929,5606354.808247754
4930,5606354.819025649
4931,5606354.814398802
4932,5606354.7960353
4933,5606354.805125475
4934,5606354.817679544
4935,5606354.803247876
4936,5606354.809475284
4937,5606354.807287252
4938,5606354.803201218
4939,5606354.80084292
4940,5606354.799442173
4941,5606354.804190143
4942,5606354.800012002
4943,5606354.799822413
4944,5606354.813705145
4945,5606354.788557655
4946,5606354.809079243
4947,5606354.809934457
4948,5606354.807981569
4949,5606354.8138126945
4950,5606354.81516813
4951,5606354.801880393
4952,5606354.8117183605
4953,5606354.803800556
4954,5606354.799240088
4955,5606354.812392294
4956,5606354.818018031
4957,5606354.803697015
4958,5606354.80645148
4959,5606354.815375274
4960,5606354.797023001
4961,5606354.804989659
4962,5606354.811797382
4963,5606354.810841972
4964,5606354.799011171
4965,5606354.802387409
4966,5606354.806837975
4967,5606354.8066325905
4968,5606354.79887705
4969,5606354.805366126
4970,5606354.816164896
4971,5606354.800148332
4972,5606354.79174485
4973,5606354.810367991
4974,5606354.817182477
4975,5606354.800280546
4976,5606354.808327956
4977,5606354.814192291
4978,5606354.803524337
4979,5606354.810702445
4980,5606354.800910422
4981,5606354.807146965
4982,5606354.805779401
4983,5606354.800121928
4984,5606354.805483955
4985,5606354.816215158
4986,5606354.805543914
4987,5606354.810518832
4988,5606354.810730716
4989,5606354.806735491
4990,5606354.82049087
4991,5606354.8046808075
4992,5606354.797321666
4993,5606354.8135007825
4994,5606354.801766753
4995,5606354.800755425
4996,5606354.807711115
4997,5606354.803015143
4998,5606354.797137387
4999,5606354.797088937
5000,5606354.785151092
5001,5606354.816203426
5002,5606354.812951395
5003,5606354.813687789
5004,5606354.792696871
5005,5606354.815781546
5006,5606354.801600782
5007,5606354.78846792
5008,5606354.812091835
5009,5606354.802405905
5010,5606354.806015827
5011,5606354.796752976
5012,5606354.793407839
5013,5606354.8138076095
5014,5606354.807547377
5015,5606354.793584245
5016,5606354.815867077
5017,5606354.806744162
5018,5606354.79867571
5019,5606354.80906131
5020,5606354.816835826
5021,5606354.804000644
5022,5606354.802899082
5023,5606354.79594927
5024,5606354.812686001
5025,5606354.8048682
5026,5606354.801889344
5027,5606354.806253117
5028,5606354.79917947
5029,5606354.805191534
5030,5606354.82322917
5031,5606354.806608005
5032,5606354.821371085
5033,5606354.816888351
5034,5606354.798173331
5035,5606354.799453916
5036,5606354.806389455
5037,5606354.799337257
5038,5606354.80517332
5039,5606354.802455006
5040,5606354.7998534255
5041,5606354.807048946
5042,5606354.797205263
5043,5606354.805324437
5044,5606354.808725579
5045,5606354.797294802
5046,5606354.808047604
5047,5606354.800011423
5048,5606354.804820303
5049,5606354.803606412
5050,5606354.809419289
5051,5606354.805093155
5052,5606354.807416004
5053,5606354.79774647
5054,5606354.801430843
5055,5606354.80418614
5056,5606354.812018646
5057,5606354.80471806
5058,5606354.795008164
5059,5606354.800674212
5060,5606354.800813229
5061,5606354.800348161
5062,5606354.81049286
5063,5606354.809808497
5064,5606354.812144091
5065,5606354.803072514
5066,5606354.810919972
5067,5606354.804139604
5068,5606354.80042309
5069,5606354.803267139
5070,5606354.805202128
5071,5606354.802804476
5072,5606354.798588969
5073,5606354.802154937
5074,5606354.792740425
5075,5606354.798104862
5076,5606354.80000135
5077,5606354.799515293
5078,5606354.804581167
5079,5606354.802015279
5080,5606354.8172855
5081,5606354.798026173
5082,5606354.808263045
5083,5606354.803313672
5084,5606354.806511868
5085,5606354.806098296
5086,5606354.805062154
5087,5606354.795323056
5088,5606354.8037749985
5089,5606354.818699687
5090,5606354.794107623
5091,5606354.806680474
5092,5606354.815823283
5093,5606354.795507201
5094,5606354.802170663
5095,5606354.7916201195
5096,5606354.805508317
5097,5606354.814870987
5098,5606354.806098813
5099,5606354.8038231125
5100,5606354.804871152
5101,5606354.807304264
5102,5606354.8120051455
5103,5606354.801526247
5104,5606354.803678454
5105,5606354.802680896
5106,5606354.8090087995
5107,5606354.792178957
5108,5606354.809017097
5109,5606354.805333249
5110,5606354.806978117
5111,5606354.804445659
5112,5606354.803368162
5113,5606354.794617145
5114,5606354.8034609305
5115,5606354.804724321
5116,5606354.804724321
5117,3962960.502682976
5118,3962960.5026829746
5119,3962960.502682975
5120,3962960.5026829746
5121,3962960.5026829788
5122,3962960.5026829713
5123,3962960.502682978
5124,3962960.502682977
5125,3962960.5026829736
5126,3962960.5026829755
5127,3962960.5026829746
5128,3962960.4981903266
5129,3962960.498902923
5130,3962960.4936535857
5131,3962960.501952023
5132,3962960.5085818814
5133,3962960.501296037
5134,3962960.50189524
5135,3962960.500137223
5136,3962960.4941798486
5137,3962960.4972121785
5138,3962960.500238845
5139,3962960.5046531702
5140,3962960.5055581587
5141,3962960.502065126
5142,3962960.5100853373
5143,3962960.498474792
5144,3962960.5084224977
5145,3962960.501512416
5146,3962960.501375219
5147,3962960.5029116273
5148,3962960.507454787
5149,3962960.502479236
5150,3962960.502198578
5151,3962960.5080737057
5152,3962960.497515167
5153,3962960.502804166
5154,3962960.5043806187
5155,3962960.50542962
5156,3962960.501518236
5157,3962960.496487507
5158,3962960.5045126476
5159,3962960.5020708395
5160,3962960.5012228535
5161,3962960.5124188676
5162,3962960.4976110253
5163,3962960.500995788
5164,3962960.5046485425
5165,3962960.5007038717
5166,3962960.504298979
5167,3962960.4980202215
5168,3962960.5058947587
5169,3962960.5007624202
5170,3962960.501743701
5171,3962960.5099036
5172,3962960.5024312595
5173,3962960.5045141433
5174,3962960.5111206747
5175,3962960.4999529
5176,3962960.50200175
5177,3962960.5005869768
5178,3962960.5054433937
5179,3962960.505771531
5180,3962960.504661954
5181,3962960.4969918164
5182,3962960.4995372277
5183,3962960.506589933
5184,3962960.508402422
5185,3962960.496651769
5186,3962960.500322041
5187,3962960.505398665
5188,3962960.5050616646
5189,3962960.496602507
5190,3962960.501532214
5191,3962960.5080368132
5192,3962960.5017190604
5193,3962960.5064614723
5194,3962960.5045996285
5195,3962960.5043425984
5196,3962960.505322056
5197,3962960.4957643873
5198,3962960.507005166
5199,3962960.5023661265
5200,3962960.493559481
5201,3962960.5040228106
5202,3962960.5072647682
5203,3962960.505850561
5204,3962960.502869674
5205,3962960.506023026
5206,3962960.5010031825
5207,3962960.506660341
5208,3962960.4996026624
5209,3962960.5025658454
5210,3962960.504721908
5211,3962960.500762802
5212,3962960.5021483167
5213,3962960.5010156548
5214,3962960.5038347556
5215,3962960.499903089
5216,3962960.494525295
5217,3962960.495720013
5218,3962960.507350453
5219,3962960.5016345414
5220,3962960.504704768
5221,3962960.5056991493
5222,3962960.5029110173
5223,3962960.5062123714
5224,3962960.497777243
5225,3962960.505038577
5226,3962960.5027370458
5227,3962960.499189165
5228,3962960.4990042457
5229,3962960.5024819495
5230,3962960.510587645
5231,3962960.50317361
5232,3962960.5069319643
5233,3962960.503365983
5234,3962960.5065694232
5235,3962960.50126951
5236,3962960.508297407
5237,3962960.4974737153
5238,3962960.500379948
5239,3962960.5038360176
5240,3962960.4987390116
5241,3962960.5057841074
5242,3962960.504347013
5243,3962960.503086897
5244,3962960.504304688
5245,3962960.5066526337
5246,3962960.5094212005
5247,3962960.500226341
5248,3962960.5006589335
5249,3962960.5047751553
5250,3962960.5067259814
5251,3962960.500085282
5252,3962960.506083758
5253,3962960.496387914
5254,3962960.500984264
5255,3962960.507076553
5256,3962960.5004859227
5257,3962960.4994624667
5258,3962960.50287507
5259,3962960.513240862
5260,3962960.505331117
5261,3962960.5090580955
5262,3962960.5068725687
5263,3962960.5085768728
5264,3962960.503437039
5265,3962960.502247486
5266,3962960.504159845
5267,3962960.5035188203
5268,3962960.506844474
5269,3962960.5063594137
5270,3962960.4991945587
5271,3962960.499286091
5272,3962960.5007786453
5273,3962960.505043605
5274,3962960.508393712
5275,3962960.4954012437
5276,3962960.500510723
5277,3962960.504220222
5278,3962960.5028236504
5279,3962960.5041284454
5280,3962960.5100675933
5281,3962960.503777528
5282,3962960.4955729092
5283,3962960.500806794
5284,3962960.506717984
5285,3962960.5033403495
5286,3962960.5029624933
5287,3962960.514351819
5288,3962960.5047591557
5289,3962960.5028357264
5290,3962960.5052396827
5291,3962960.501617828
5292,3962960.495011307
5293,3962960.501177839
5294,3962960.503172173
5295,3962960.4995653946
5296,3962960.4953212356
5297,3962960.5004399507
5298,3962960.49901365
5299,3962960.499637859
5300,3962960.498884931
5301,3962960.5054439795
5302,3962960.503086739
5303,3962960.502697351
5304,3962960.4969282765
5305,3962960.509057247
5306,3962960.5046634004
5307,3962960.4994256166
5308,3962960.503381455
5309,3962960.5038719736
5310,3962960.5018989453
5311,3962960.502853831
5312,3962960.4992654324
5313,3962960.500795322
5314,3962960.500688736
5315,3962960.4991072034
5316,3962960.5016364027
5317,3962960.5090878378
5318,3962960.503498821
5319,3962960.4975143303
5320,3962960.4962970936
5321,3962960.4962976547
5322,3962960.5056411913
5323,3962960.5080502853
5324,3962960.5121476743
5325,3962960.5027142502
5326,3962960.5064370916
5327,3962960.500207738
5328,3962960.505304762
5329,3962960.5000678077
5330,3962960.497805468
5331,3962960.5002800836
5332,3962960.503768259
5333,3962960.5085700015
5334,3962960.4985683486
5335,3962960.503357695
5336,3962960.496578598
5337,3962960.502515697
5338,3962960.496656933
5339,3962960.50505433
5340,3962960.5046250885
5341,3962960.502556738
5342,3962960.503764431
5343,3962960.5002262047
5344,3962960.5040958524
5345,3962960.4998613903
5346,3962960.5000267173
5347,3962960.5033840826
5348,3962960.5080955485
5349,3962960.4991521663
5350,3962960.4986010967
5351,3962960.511075557
5352,3962960.5036345227
5353,3962960.502805304
5354,3962960.5041920184
5355,3962960.501661883
5356,3962960.5008356986
5357,3962960.5090953857
5358,3962960.5066874805
5359,3962960.503413528
5360,3962960.501510984
5361,3962960.5037899455
5362,3962960.4986098204
5363,3962960.4973815777
5364,3962960.506401952
5365,3962960.5030294294
5366,3962960.5100559113
5367,3962960.4992056624
5368,3962960.502832725
5369,3962960.500767012
5370,3962960.506288519
5371,3962960.4993306356
5372,3962960.5063432613
5373,3962960.5055168043
5374,3962960.497372895
5375,3962960.5050086067
5376,3962960.503989177
5377,3962960.5096791782
5378,3962960.501339452
5379,3962960.4917416256
5380,3962960.4982315367
5381,3962960.4997249367
5382,3962960.502590707
5383,3962960.504887097
5384,3962960.498017996
5385,3962960.500796713
5386,3962960.50197374
5387,3962960.50496477
5388,3962960.5032242686
5389,3962960.498346823
5390,3962960.502492222
5391,3962960.508288789
5392,3962960.50572583
5393,3962960.5023569465
5394,3962960.49903382
5395,3962960.499682441
5396,3962960.4977814713
5397,3962960.5154634034
5398,3962960.5006115483
5399,3962960.5025716145
5400,3962960.503005259
5401,3962960.500211576
5402,3962960.509062996
5403,3962960.507893587
5404,3962960.505008098
5405,3962960.503923686
5406,3962960.5001115557
5407,3962960.5019220253
5408,3962960.514114541
5409,3962960.505643322
5410,3962960.4986422514
5411,3962960.5043080193
5412,3962960.502493552
5413,3962960.503988275
5414,3962960.505224051
5415,3962960.496946158
5416,3962960.503254279
5417,3962960.495406837
5418,3962960.501026399
5419,3962960.5067023505
5420,3962960.505983033
5421,3962960.4997931146
5422,3962960.4979682164
5423,3962960.501421256
5424,3962960.503024608
5425,3962960.4989398182
5426,3962960.5061917515
5427,3962960.501236473
5428,3962960.5009248327
5429,3962960.4985531587
5430,3962960.508262795
5431,3962960.4955829293
5432,3962960.5008848356
5433,3962960.505258458
5434,3962960.5055467435
5435,3962960.5130232736
5436,3962960.503072412
5437,3962960.5032497495
5438,3962960.5042073745
5439,3962960.5039394177
5440,3962960.500428575
5441,3962960.50448673
5442,3962960.4973934325
5443,3962960.4965984514
5444,3962960.5042748726
5445,3962960.4963388485
5446,3962960.5034219576
5447,3962960.5035266783
5448,3962960.506067081
5449,3962960.492745682
5450,3962960.4965598686
5451,3962960.5093187517
5452,3962960.504784874
5453,3962960.5049791145
5454,3962960.500368535
5455,3962960.5076596914
5456,3962960.503820012
5457,3962960.4998038653
5458,3962960.5020486456
5459,3962960.5025014095
5460,3962960.5007410035
5461,3962960.505288258
5462,3962960.503866076
5463,3962960.5018952573
5464,3962960.5007266323
5465,3962960.4977671094
5466,3962960.5005098516
5467,3962960.5024454924
5468,3962960.4934467115
5469,3962960.508944059
5470,3962960.5068165134
5471,3962960.505899848
5472,3962960.5005122805
5473,3962960.499973557
5474,3962960.4999968456
5475,3962960.4957578336
5476,3962960.5068314555
5477,3962960.503916469
5478,3962960.5092972536
5479,3962960.506361093
5480,3962960.4979076916
5481,3962960.5002468303
5482,3962960.4957908406
5483,3962960.504137775
5484,3962960.505434986
5485,3962960.506155112
5486,3962960.500114599
5487,3962960.499748731
5488,3962960.5074529955
5489,3962960.4961115187
5490,3962960.502131792
5491,3962960.5011296216
5492,3962960.50061615
5493,3962960.501976115
5494,3962960.507703131
5495,3962960.506436144
5496,3962960.501603834
5497,3962960.503964325
5498,3962960.510594508
5499,3962960.5021270746
5500,3962960.501584948
5501,3962960.497844627
5502,3962960.5007298132
5503,3962960.501063642
5504,3962960.5078699626
5505,3962960.4989225445
5506,3962960.5128568937
5507,3962960.5008945684
5508,3962960.498899915
5509,3962960.511698952
5510,3962960.509167395
5511,3962960.499014241
5512,3962960.506840365
5513,3962960.503574518
5514,3962960.5021768864
5515,3962960.5040440373
5516,3962960.505003295
5517,3962960.5051852358
5518,3962960.501590781
5519,3962960.489326844
5520,3962960.4977651327
5521,3962960.503571873
5522,3962960.5025383066
5523,3962960.499776094
5524,3962960.497090852
5525,3962960.499318419
5526,3962960.501940585
5527,3962960.5133790304
5528,3962960.497818724
5529,3962960.507208483
5530,3962960.5028246674
5531,3962960.5000546775
5532,3962960.4984547677
5533,3962960.508420671
5534,3962960.507869301
5535,3962960.5023645572
5536,3962960.4973679706
5537,3962960.504214741
5538,3962960.502456227
5539,3962960.501009347
5540,3962960.492862166
5541,3962960.5060717436
5542,3962960.504639946
5543,3962960.5024330663
5544,3962960.5015615234
5545,3962960.5057322998
5546,3962960.5005296026
5547,3962960.5022378555
5548,3962960.4986127997
5549,3962960.5056726993
5550,3962960.507531375
5551,3962960.500906773
5552,3962960.5001172
5553,3962960.5049005835
5554,3962960.5020694667
5555,3962960.5069424575
5556,3962960.5034815813
5557,3962960.5020090975
5558,3962960.506084856
5559,3962960.5125769884
5560,3962960.4945950303
5561,3962960.5011449778
5562,3962960.5015031276
5563,3962960.495907804
5564,3962960.5025297515
5565,3962960.501399058
5566,3962960.507340066
5567,3962960.497970858
5568,3962960.497216815
5569,3962960.5048289504
5570,3962960.5062162345
5571,3962960.503811123
5572,3962960.505834253
5573,3962960.500889106
5574,3962960.508990759
5575,3962960.5137895327
5576,3962960.4962512716
5577,3962960.50568947
5578,3962960.5073643606
5579,3962960.502765124
5580,3962960.500166153
5581,3962960.502790183
5582,3962960.5057312353
5583,3962960.502933031
5584,3962960.5090246014
5585,3962960.5007947288
5586,3962960.4991566604
5587,3962960.5011124564
5588,3962960.4975904566
5589,3962960.4975929656
5590,3962960.5053368807
5591,3962960.5020278427
5592,3962960.507300025
5593,3962960.495213976
5594,3962960.510960483
5595,3962960.497480218
5596,3962960.494000777
5597,3962960.507908229
5598,3962960.506018145
5599,3962960.503706234
5600,3962960.4999316623
5601,3962960.5106034568
5602,3962960.4978481974
5603,3962960.502985254
5604,3962960.5068275128
5605,3962960.5042409506
5606,3962960.504336889
5607,3962960.4993782495
5608,3962960.499495944
5609,3962960.5046294206
5610,3962960.50254589
5611,3962960.5057774032
5612,3962960.510276426
5613,3962960.5058796327
5614,3962960.503934755
5615,3962960.5066227466
5616,3962960.4948946936
5617,3962960.497468554
5618,3962960.4973120573
5619,3962960.5016283975
5620,3962960.4999003913
5621,3962960.4987453
5622,3962960.499254275
5623,3962960.5116525805
5624,3962960.5066304817
5625,3962960.5063197757
5626,3962960.507561834
5627,3962960.508767094
5628,3962960.501687521
5629,3962960.504180725
5630,3962960.5016630273
5631,3962960.5037149596
5632,3962960.510706898
5633,3962960.500717427
5634,3962960.503983745
5635,3962960.5082959416
5636,3962960.5003418573
5637,3962960.5040876307
5638,3962960.5022102534
5639,3962960.503621435
5640,3962960.503388219
5641,3962960.50669308
5642,3962960.5111002326
5643,3962960.4937541718
5644,3962960.5089243166
5645,3962960.4992423304
5646,3962960.5019225413
5647,3962960.499991985
5648,3962960.4968691766
5649,3962960.4999365546
5650,3962960.4997748835
5651,3962960.5029536197
5652,3962960.5036949785
5653,3962960.4992859163
5654,3962960.5037040683
5655,3962960.50022036
5656,3962960.509668431
5657,3962960.5088958223
5658,3962960.501496031
5659,3962960.5021981024
5660,3962960.4981930275
5661,3962960.504276767
5662,3962960.5110853612
5663,3962960.5029188977
5664,3962960.5009272946
5665,3962960.5084978016
5666,3962960.4976653783
5667,3962960.507918427
5668,3962960.507457314
5669,3962960.5008301316
5670,3962960.4992586826
5671,3962960.493349711
5672,3962960.5000787782
5673,3962960.501733019
5674,3962960.502245571
5675,3962960.5056652674
5676,3962960.499340444
5677,3962960.504710035
5678,3962960.504846474
5679,3962960.5064718914
5680,3962960.511073958
5681,3962960.5037622936
5682,3962960.504145982
5683,3962960.509847763
5684,3962960.5056324895
5685,3962960.5014777835
5686,3962960.5082917158
5687,3962960.5073477807
5688,3962960.501542442
5689,3962960.5032278383
5690,3962960.5065093418
5691,3962960.505576908
5692,3962960.5022125044
5693,3962960.506507014
5694,3962960.4982542996
5695,3962960.5007167403
5696,3962960.4961635196
5697,3962960.5038469974
5698,3962960.501593035
5699,3962960.5031998265
5700,3962960.509748438
5701,3962960.503413511
5702,3962960.497860358
5703,3962960.4970881697
5704,3962960.508203705
5705,3962960.506323439
5706,3962960.5041433168
5707,3962960.504915057
5708,3962960.507431812
5709,3962960.5023850496
5710,3962960.506311708
5711,3962960.493660654
5712,3962960.503598119
5713,3962960.504981529
5714,3962960.49412153
5715,3962960.502007098
5716,3962960.507437551
5717,3962960.5043017585
5718,3962960.507821656
5719,3962960.5065084267
5720,3962960.50008739
5721,3962960.5048335628
5722,3962960.502643361
5723,3962960.5010490566
5724,3962960.5044355458
5725,3962960.5022207433
5726,3962960.5011982117
5727,3962960.4999984438
5728,3962960.5017401604
5729,3962960.494506654
5730,3962960.499034982
5731,3962960.4907135097
5732,3962960.5123673794
5733,3962960.5067250794
5734,3962960.508892135
5735,3962960.4985842514
5736,3962960.50419926
5737,3962960.5048014196
5738,3962960.50017321
5739,3962960.5097953714
5740,3962960.503568128
5741,3962960.5038991696
5742,3962960.497654119
5743,3962960.491694331
5744,3962960.5086769625
5745,3962960.50464749
5746,3962960.497894896
5747,3962960.505958456
5748,3962960.5006627096
5749,3962960.4990917314
5750,3962960.5055802786
5751,3962960.507529231
5752,3962960.5026720245
5753,3962960.502826311
5754,3962960.503593989
5755,3962960.505245982
5756,3962960.499701299
5757,3962960.5029482422
5758,3962960.4988382426
5759,3962960.4992780485
5760,3962960.5022545387
5761,3962960.5134214913
5762,3962960.504220778
5763,3962960.508829574
5764,3962960.508539355
5765,3962960.499728731
5766,3962960.5031657796
5767,3962960.508905806
5768,3962960.502288276
5769,3962960.5059104925
5770,3962960.501979286
5771,3962960.498463791
5772,3962960.5067674485
5773,3962960.5011057477
5774,3962960.50004772
5775,3962960.505527908
5776,3962960.4990679235
5777,3962960.5096490383
5778,3962960.503261854
5779,3962960.503253979
5780,3962960.5063336506
5781,3962960.501325475
5782,3962960.502845464
5783,3962960.5091090454
5784,3962960.496928493
5785,3962960.4986366997
5786,3962960.501888697
5787,3962960.5064912997
5788,3962960.500824919
5789,3962960.49515055
5790,3962960.501364827
5791,3962960.505423221
5792,3962960.5057788542
5793,3962960.5070700827
5794,3962960.50511012
5795,3962960.5070300517
5796,3962960.5054284604
5797,3962960.5020870785
5798,3962960.502081516
5799,3962960.49828421
5800,3962960.500073045
5801,3962960.5032750037
5802,3962960.503797901
5803,3962960.4977897014
5804,3962960.4964177157
5805,3962960.4958376056
5806,3962960.5013415874
5807,3962960.5045464467
5808,3962960.4979228773
5809,3962960.5025796257
5810,3962960.5026888596
5811,3962960.5059394655
5812,3962960.5058584684
5813,3962960.5051168296
5814,3962960.503036272
5815,3962960.501884101
5816,3962960.504581057
5817,3962960.5010203877
5818,3962960.4965590793
5819,3962960.5022694003
5820,3962960.5088346284
5821,3962960.495109483
5822,3962960.5078644794
5823,3962960.507255278
5824,3962960.5033408822
5825,3962960.4998089266
5826,3962960.4927052087
5827,3962960.5025135456
5828,3962960.5108927637
5829,3962960.499496859
5830,3962960.501506373
5831,3962960.502020933
5832,3962960.506311819
5833,3962960.503151067
5834,3962960.4994330984
5835,3962960.501822372
5836,3962960.4996622535
5837,3962960.503128977
5838,3962960.4958308167
5839,3962960.503092627
5840,3962960.502470925
5841,3962960.5041421554
5842,3962960.5022705034
5843,3962960.5016913065
5844,3962960.4951729476
5845,3962960.5053643323
5846,3962960.5026829783
5847,3962960.5026829774
5848,2698420.801649199
5849,2698420.801649203
5850,2698420.801649203
5851,2698420.8016492017
5852,2698420.8016491975
5853,2698420.8016492045
5854,2698420.801649203
5855,2698420.8016492017
5856,2698420.8016492003
5857,2698420.8016492007
5858,2698420.8016492017
5859,2698420.800171623
5860,2698420.8040591865
5861,2698420.800246378
5862,2698420.806316735
5863,2698420.804662993
5864,2698420.802361295
5865,2698420.8035939117
5866,2698420.7994370386
5867,2698420.797158103
5868,2698420.7997888783
5869,2698420.7987850746
5870,2698420.801464543
5871,2698420.8008673466
5872,2698420.8030793266
5873,2698420.8020639415
5874,2698420.80496935
5875,2698420.804180242
5876,2698420.7998495065
5877,2698420.7982549323
5878,2698420.7988949576
5879,2698420.808038285
5880,2698420.801039384
5881,2698420.801891814
5882,2698420.8016942805
5883,2698420.7989820098
5884,2698420.8007356906
5885,2698420.7993478803
5886,2698420.7999833026
5887,2698420.8020240795
5888,2698420.7948110406
5889,2698420.7986999024
5890,2698420.801866817
5891,2698420.8042718456
5892,2698420.802553607
5893,2698420.7996352897
5894,2698420.8032524013
5895,2698420.804181001
5896,2698420.7988113766
5897,2698420.802038149
5898,2698420.7993164705
5899,2698420.803651573
5900,2698420.8024003105
5901,2698420.799515034
5902,2698420.80228086
5903,2698420.795360269
5904,2698420.8028987194
5905,2698420.801963972
5906,2698420.8013917436
5907,2698420.8009887165
5908,2698420.80345236
5909,2698420.800009462
5910,2698420.804468324
5911,2698420.7989544873
5912,2698420.802109536
5913,2698420.801478099
5914,2698420.8022879283
5915,2698420.8048971095
5916,2698420.8002968426
5917,2698420.80392323
5918,2698420.8030249192
5919,2698420.800648333
5920,2698420.803275044
5921,2698420.8004499646
5922,2698420.8060431676
5923,2698420.8010412855
5924,2698420.80202229
5925,2698420.8037385507
5926,2698420.804530918
5927,2698420.802325073
5928,2698420.7979388107
5929,2698420.8047696305
5930,2698420.7984721716
5931,2698420.8000797904
5932,2698420.799847997
5933,2698420.8087734077
5934,2698420.80327609
5935,2698420.798943504
5936,2698420.804770935
5937,2698420.797462938
5938,2698420.806558114
5939,2698420.802504957
5940,2698420.8000092516
5941,2698420.8024168476
5942,2698420.804075254
5943,2698420.801302689
5944,2698420.802168881
5945,2698420.8004140607
5946,2698420.801493779
5947,2698420.80367846
5948,2698420.799321799
5949,2698420.8020725367
5950,2698420.796030039
5951,2698420.8023469076
5952,2698420.7992562233
5953,2698420.805719742
5954,2698420.8030253546
5955,2698420.796930271
5956,2698420.8024881887
5957,2698420.802720519
5958,2698420.7991190674
5959,2698420.7988317455
5960,2698420.804411702
5961,2698420.8042797265
5962,2698420.803526201
5963,2698420.8044853727
5964,2698420.8009414864
5965,2698420.805431082
5966,2698420.804250106
5967,2698420.8083296395
5968,2698420.8015315393
5969,2698420.801608933
5970,2698420.8028760175
5971,2698420.7991144555
5972,2698420.8016108167
5973,2698420.802802252
5974,2698420.799553807
5975,2698420.8037216538
5976,2698420.802027558
5977,2698420.8008404016
5978,2698420.8022233583
5979,2698420.800495574
5980,2698420.803913187
5981,2698420.8023656327
5982,2698420.7972774375
5983,2698420.805184449
5984,2698420.8031901424
5985,2698420.8006983264
5986,2698420.803784098
5987,2698420.796480811
5988,2698420.7973235403
5989,2698420.803585886
5990,2698420.801895496
5991,2698420.804165628
5992,2698420.8053487465
5993,2698420.804276033
5994,2698420.803332325
5995,2698420.798023671
5996,2698420.8010652093
5997,2698420.8063487383
5998,2698420.7973499536
5999,2698420.799338098
6000,2698420.8041585907
6001,2698420.799271731
6002,2698420.804401728
6003,2698420.8012237535
6004,2698420.804890276
6005,2698420.800595901
6006,2698420.802172214
6007,2698420.8025404476
6008,2698420.804629065
6009,2698420.8013771814
6010,2698420.799077323
6011,2698420.80131671
6012,2698420.8032035953
6013,2698420.794573464
6014,2698420.7969777784
6015,2698420.8034472624
6016,2698420.7971876464
6017,2698420.8021849142
6018,2698420.8082987354
6019,2698420.8022749056
6020,2698420.79702721
6021,2698420.8036646512
6022,2698420.8018471086
6023,2698420.798167838
6024,2698420.7979606087
6025,2698420.802826012
6026,2698420.7975521246
6027,2698420.7953698062
6028,2698420.8030946017
6029,2698420.799896217
6030,2698420.8009541375
6031,2698420.8001146144
6032,2698420.80730593
6033,2698420.8030297006
6034,2698420.8029123363
6035,2698420.804631522
6036,2698420.8124650675
6037,2698420.7988019576
6038,2698420.8048538836
6039,2698420.8041244303
6040,2698420.79896271
6041,2698420.8005398647
6042,2698420.8009364265
6043,2698420.8020192115
6044,2698420.805006255
6045,2698420.795960739
6046,2698420.801463558
6047,2698420.7996707424
6048,2698420.8058085097
6049,2698420.801708242
6050,2698420.800873372
6051,2698420.7967339675
6052,2698420.799526804
6053,2698420.80106108
6054,2698420.804244092
6055,2698420.806214924
6056,2698420.7940793717
6057,2698420.804513548
6058,2698420.7967925924
6059,2698420.803388369
6060,2698420.801825163
6061,2698420.79917136
6062,2698420.798892099
6063,2698420.8011541613
6064,2698420.8067095936
6065,2698420.798675705
6066,2698420.802284128
6067,2698420.8002603627
6068,2698420.8027695855
6069,2698420.800391943
6070,2698420.805306286
6071,2698420.8004573705
6072,2698420.7988655656
6073,2698420.797797105
6074,2698420.7981781894
6075,2698420.7999301
6076,2698420.80190679
6077,2698420.799865997
6078,2698420.8011602447
6079,2698420.801822738
6080,2698420.8069037106
6081,2698420.792630548
6082,2698420.808608667
6083,2698420.7989212945
6084,2698420.8033135342
6085,2698420.800762352
6086,2698420.799772782
6087,2698420.7976117125
6088,2698420.8002222935
6089,2698420.8054220625
6090,2698420.8025176623
6091,2698420.798981958
6092,2698420.8030397505
6093,2698420.800577292
6094,2698420.801341535
6095,2698420.802571727
6096,2698420.7969913557
6097,2698420.805977141
6098,2698420.796993528
6099,2698420.7947152285
6100,2698420.797103416
6101,2698420.8039287357
6102,2698420.7974028857
6103,2698420.802651291
6104,2698420.804429216
6105,2698420.7960425643
6106,2698420.8066769307
6107,2698420.805690766
6108,2698420.8047678443
6109,2698420.799709266
6110,2698420.8016096638
6111,2698420.7958479803
6112,2698420.7978847516
6113,2698420.801773144
6114,2698420.806202802
6115,2698420.7971429373
6116,2698420.797519332
6117,2698420.8000702774
6118,2698420.8029450844
6119,2698420.796749741
6120,2698420.797507085
6121,2698420.804407971
6122,2698420.798628758
6123,2698420.8093736884
6124,2698420.79936586
6125,2698420.8010587986
6126,2698420.804321575
6127,2698420.8008201024
6128,2698420.8031377955
6129,2698420.797917221
6130,2698420.8005567743
6131,2698420.800906142
6132,2698420.7997605563
6133,2698420.8076936225
6134,2698420.8046603077
6135,2698420.809971297
6136,2698420.8015655414
6137,2698420.803638008
6138,2698420.799529875
6139,2698420.8048498966
6140,2698420.795605535
6141,2698420.799446272
6142,2698420.8037223215
6143,2698420.7993370173
6144,2698420.8027654323
6145,2698420.7970403694
6146,2698420.795152892
6147,2698420.8024856253
6148,2698420.7942957515
6149,2698420.805281261
6150,2698420.8028061185
6151,2698420.7991403504
6152,2698420.8059175815
6153,2698420.7996721086
6154,2698420.801970492
6155,2698420.8013772047
6156,2698420.797127707
6157,2698420.797837809
6158,2698420.7975279996
6159,2698420.797622956
6160,2698420.8000390576
6161,2698420.8017858877
6162,2698420.7994566183
6163,2698420.800895536
6164,2698420.808251614
6165,2698420.8005493903
6166,2698420.8038502815
6167,2698420.79548255
6168,2698420.802126552
6169,2698420.800836348
6170,2698420.8020487376
6171,2698420.803154209
6172,2698420.8057561414
6173,2698420.80700046
6174,2698420.79837157
6175,2698420.803832728
6176,2698420.8034479613
6177,2698420.803994572
6178,2698420.8004027465
6179,2698420.800797731
6180,2698420.7980841813
6181,2698420.799075288
6182,2698420.8079944616
6183,2698420.8037981596
6184,2698420.802989051
6185,2698420.804803688
6186,2698420.8095739554
6187,2698420.797433202
6188,2698420.7957107304
6189,2698420.7969461135
6190,2698420.8037429554
6191,2698420.802368332
6192,2698420.8019516305
6193,2698420.79987818
6194,2698420.8043139726
6195,2698420.8001095294
6196,2698420.798953728
6197,2698420.80116442
6198,2698420.80129659
6199,2698420.7975430884
6200,2698420.801434485
6201,2698420.800426283
6202,2698420.7935714517
6203,2698420.800132189
6204,2698420.8009392205
6205,2698420.802562458
6206,2698420.7991566146
6207,2698420.8036164306
6208,2698420.805306004
6209,2698420.802715968
6210,2698420.8034982723
6211,2698420.8045820748
6212,2698420.8014864093
6213,2698420.7980677523
6214,2698420.802452725
6215,2698420.8011538805
6216,2698420.7984024286
6217,2698420.7984749866
6218,2698420.8053925293
6219,2698420.804981488
6220,2698420.8012834904
6221,2698420.7989975605
6222,2698420.802229932
6223,2698420.803058306
6224,2698420.802688286
6225,2698420.8028139877
6226,2698420.8009610204
6227,2698420.8019663417
6228,2698420.806407413
6229,2698420.8031134936
6230,2698420.80292507
6231,2698420.8053215034
6232,2698420.807770504
6233,2698420.797809476
6234,2698420.7994047846
6235,2698420.8025673744
6236,2698420.802556612
6237,2698420.8072646
6238,2698420.7993321354
6239,2698420.803534124
6240,2698420.8009968204
6241,2698420.8076690133
6242,2698420.801216221
6243,2698420.8010915127
6244,2698420.802728382
6245,2698420.8030149587
6246,2698420.8074115934
6247,2698420.8078660574
6248,2698420.7973603085
6249,2698420.8060370083
6250,2698420.798322922
6251,2698420.801665704
6252,2698420.802546366
6253,2698420.800601487
6254,2698420.8025030494
6255,2698420.7973192246
6256,2698420.801312439
6257,2698420.800687776
6258,2698420.806759899
6259,2698420.7967902273
6260,2698420.807695967
6261,2698420.7957684654
6262,2698420.8029292217
6263,2698420.8019463792
6264,2698420.8053513053
6265,2698420.801755141
6266,2698420.799678571
6267,2698420.8019159064
6268,2698420.804187405
6269,2698420.799687264
6270,2698420.801363838
6271,2698420.799607187
6272,2698420.801151528
6273,2698420.801132004
6274,2698420.802503967
6275,2698420.805472964
6276,2698420.804513623
6277,2698420.8034325438
6278,2698420.802868855
6279,2698420.8005446144
6280,2698420.8037800416
6281,2698420.8059752104
6282,2698420.8020744184
6283,2698420.799212604
6284,2698420.8011846268
6285,2698420.807758557
6286,2698420.8068277924
6287,2698420.7994494815
6288,2698420.7997135743
6289,2698420.804292341
6290,2698420.8050309704
6291,2698420.797591099
6292,2698420.801606513
6293,2698420.799342535
6294,2698420.803821278
6295,2698420.799396904
6296,2698420.799434261
6297,2698420.8064635326
6298,2698420.7964947256
6299,2698420.797727357
6300,2698420.800731977
6301,2698420.8005690165
6302,2698420.802688798
6303,2698420.806241488
6304,2698420.795393168
6305,2698420.80006233
6306,2698420.806036664
6307,2698420.807197601
6308,2698420.8034444847
6309,2698420.8013152955
6310,2698420.8018851536
6311,2698420.8004230354
6312,2698420.801407675
6313,2698420.8027940844
6314,2698420.800073389
6315,2698420.801678595
6316,2698420.8008877235
6317,2698420.797419661
6318,2698420.7995903767
6319,2698420.7971846676
6320,2698420.800418912
6321,2698420.804915309
6322,2698420.7962605334
6323,2698420.8027206203
6324,2698420.79744072
6325,2698420.806905653
6326,2698420.803608032
6327,2698420.7998217954
6328,2698420.797661686
6329,2698420.80245739
6330,2698420.802060411
6331,2698420.7997948388
6332,2698420.8052276955
6333,2698420.7993118535
6334,2698420.801782332
6335,2698420.805647373
6336,2698420.8021925194
6337,2698420.796141853
6338,2698420.797961686
6339,2698420.801453472
6340,2698420.8048935076
6341,2698420.7995368023
6342,2698420.8031532355
6343,2698420.8040359085
6344,2698420.7976327497
6345,2698420.8044900345
6346,2698420.799757367
6347,2698420.8003922896
6348,2698420.798410304
6349,2698420.796601979
6350,2698420.7978057936
6351,2698420.802893765
6352,2698420.803055298
6353,2698420.800685395
6354,2698420.808403859
6355,2698420.806870632
6356,2698420.8036605227
6357,2698420.8022893015
6358,2698420.8014301965
6359,2698420.797705563
6360,2698420.8005084987
6361,2698420.8018506276
6362,2698420.8000772954
6363,2698420.805951019
6364,2698420.800673805
6365,2698420.8029398955
6366,2698420.8069407097
6367,2698420.8086674665
6368,2698420.8037839276
6369,2698420.800833791
6370,2698420.80225846
6371,2698420.801505488
6372,2698420.802638291
6373,2698420.8012941987
6374,2698420.801290732
6375,2698420.8051487654
6376,2698420.7994478946
6377,2698420.801327897
6378,2698420.799088199
6379,2698420.7989982865
6380,2698420.8034293544
6381,2698420.7970330017
6382,2698420.800754461
6383,2698420.802342406
6384,2698420.7985439906
6385,2698420.8018465196
6386,2698420.802173371
6387,2698420.8012843328
6388,2698420.8054845547
6389,2698420.804504067
6390,2698420.801053305
6391,2698420.7980648046
6392,2698420.802692901
6393,2698420.8074417985
6394,2698420.8032517023
6395,2698420.8018989167
6396,2698420.8050872493
6397,2698420.801606095
6398,2698420.802327216
6399,2698420.8003806113
6400,2698420.799552596
6401,2698420.8033062145
6402,2698420.7970351204
6403,2698420.7987878383
6404,2698420.798693223
6405,2698420.8003265485
6406,2698420.804853777
6407,2698420.8022284233
6408,2698420.8039249214
6409,2698420.801340802
6410,2698420.8015586897
6411,2698420.807084504
6412,2698420.80449508
6413,2698420.801961811
6414,2698420.805311044
6415,2698420.8012254965
6416,2698420.8042605952
6417,2698420.8063521534
6418,2698420.8020719984
6419,2698420.8014558214
6420,2698420.804691343
6421,2698420.8028955925
6422,2698420.804212157
6423,2698420.799258767
6424,2698420.7997952914
6425,2698420.8009155663
6426,2698420.805383646
6427,2698420.7972799176
6428,2698420.8051480846
6429,2698420.803866457
6430,2698420.799532144
6431,2698420.8059501047
6432,2698420.804637276
6433,2698420.7993183574
6434,2698420.7984135356
6435,2698420.8038916704
6436,2698420.802384376
6437,2698420.8034599973
6438,2698420.801900785
6439,2698420.8025290747
6440,2698420.8024081057
6441,2698420.8020999897
6442,2698420.7989652217
6443,2698420.7996166185
6444,2698420.8013159567
6445,2698420.800167125
6446,2698420.7985696667
6447,2698420.7992209154
6448,2698420.8037992977
6449,2698420.803916988
6450,2698420.80165004
6451,2698420.8030585223
6452,2698420.800926468
6453,2698420.801860147
6454,2698420.802608507
6455,2698420.802855144
6456,2698420.801045028
6457,2698420.8035775525
6458,2698420.80021535
6459,2698420.8021468343
6460,2698420.8030947223
6461,2698420.799563926
6462,2698420.7995906966
6463,2698420.8048455575
6464,2698420.8055678816
6465,2698420.806079435
6466,2698420.798154257
6467,2698420.801391308
6468,2698420.801867854
6469,2698420.8022461436
6470,2698420.804515355
6471,2698420.800082774
6472,2698420.802853673
6473,2698420.798391906
6474,2698420.8007776113
6475,2698420.8073141016
6476,2698420.80379096
6477,2698420.8024462117
6478,2698420.805853389
6479,2698420.8022509147
6480,2698420.7991237496
6481,2698420.802275827
6482,2698420.8027219474
6483,2698420.803610667
6484,2698420.8001268064
6485,2698420.8013225226
6486,2698420.8003067616
6487,2698420.8012768063
6488,2698420.802019489
6489,2698420.801835905
6490,2698420.802525464
6491,2698420.80175226
6492,2698420.8099260917
6493,2698420.8046541554
6494,2698420.802251561
6495,2698420.803583831
6496,2698420.8004188216
6497,2698420.8003120464
6498,2698420.8077133833
6499,2698420.8014975777
6500,2698420.801670785
6501,2698420.804515484
6502,2698420.8027212736
6503,2698420.804746889
6504,2698420.8048434686
6505,2698420.799354276
6506,2698420.806516076
6507,2698420.796872153
6508,2698420.8003614247
6509,2698420.802598529
6510,2698420.7994929184
6511,2698420.7998050223
6512,2698420.802933325
6513,2698420.8060183427
6514,2698420.8080091677
6515,2698420.7977587385
6516,2698420.800572758
6517,2698420.799808087
6518,2698420.801582112
6519,2698420.798749888
6520,2698420.799196404
6521,2698420.8018027097
6522,2698420.8010365306
6523,2698420.8024600768
6524,2698420.7980908575
6525,2698420.8041146775
6526,2698420.8029262368
6527,2698420.8011130593
6528,2698420.801504794
6529,2698420.8016708195
6530,2698420.8025769773
6531,2698420.7961660465
6532,2698420.800833933
6533,2698420.802783203
6534,2698420.7968205027
6535,2698420.8007327924
6536,2698420.797171802
6537,2698420.8031228324
6538,2698420.8036599974
6539,2698420.8000300196
6540,2698420.7973850295
6541,2698420.801037846
6542,2698420.8024154124
6543,2698420.802183699
6544,2698420.8042481863
6545,2698420.802004419
6546,2698420.799595627
6547,2698420.8034823206
6548,2698420.8021540116
6549,2698420.8017354384
6550,2698420.801190665
6551,2698420.807496206
6552,2698420.794093585
6553,2698420.805708628
6554,2698420.804889538
6555,2698420.8007630636
6556,2698420.8026669696
6557,2698420.794102083
6558,2698420.801449988
6559,2698420.804317626
6560,2698420.7966888607
6561,2698420.7983248904
6562,2698420.800241911
6563,2698420.804423736
6564,2698420.8015281996
6565,2698420.8015850405
6566,2698420.801102855
6567,2698420.796432359
6568,2698420.795508394
6569,2698420.7961957767
6570,2698420.806474405
6571,2698420.799465364
6572,2698420.801681132
6573,2698420.8008491043
6574,2698420.802749086
6575,2698420.7969822767
6576,2698420.805973001
6577,2698420.8016492003
6578,2698420.801649199
6579,1764281.4626234188
6580,1764281.462623415
6581,1764281.4626234178
6582,1764281.4626234192
6583,1764281.4626234171
6584,1764281.462623418
6585,1764281.462623417
6586,1764281.4626234216
6587,1764281.4626234183
6588,1764281.4626234192
6589,1764281.4626234188
6590,1764281.4631193862
6591,1764281.4632583656
6592,1764281.4628662958
6593,1764281.4656268386
6594,1764281.4602821267
6595,1764281.4656676375
6596,1764281.459431796
6597,1764281.4635565667
6598,1764281.457881532
6599,1764281.4624355575
6600,1764281.461904861
6601,1764281.464224905
6602,1764281.4608149715
6603,1764281.4657964758
6604,1764281.4677926647
6605,1764281.4605920583
6606,1764281.464042753
6607,1764281.4656316997
6608,1764281.4603842748
6609,1764281.4618088207
6610,1764281.4671965267
6611,1764281.4662273205
6612,1764281.4624496845
6613,1764281.467092209
6614,1764281.4659447353
6615,1764281.4618733602
6616,1764281.4592558767
6617,1764281.4630123284
6618,1764281.4651111013
6619,1764281.4643278918
6620,1764281.4606380677
6621,1764281.4618839535
6622,1764281.4571163722
6623,1764281.4656573571
6624,1764281.4630891348
6625,1764281.4598004078
6626,1764281.4581784415
6627,1764281.463329095
6628,1764281.4651660146
6629,1764281.4623258647
6630,1764281.4620390774
6631,1764281.4609694507
6632,1764281.463117653
6633,1764281.467653778
6634,1764281.4673055792
6635,1764281.4660681465
6636,1764281.4612432574
6637,1764281.462187175
6638,1764281.4619194134
6639,1764281.4595050807
6640,1764281.4648454934
6641,1764281.4585110552
6642,1764281.4615805754
6643,1764281.4594017437
6644,1764281.4667538742
6645,1764281.4604021984
6646,1764281.4642968096
6647,1764281.4621492596
6648,1764281.4567633527
6649,1764281.4658761963
6650,1764281.4627177734
6651,1764281.460526379
6652,1764281.4654512058
6653,1764281.4628629244
6654,1764281.4634487384
6655,1764281.4694737091
6656,1764281.4610379892
6657,1764281.4640076272
6658,1764281.4635161285
6659,1764281.4639319272
6660,1764281.4623232658
6661,1764281.4634863387
6662,1764281.4556067176
6663,1764281.4627161645
6664,1764281.4589380038
6665,1764281.4660924487
6666,1764281.4592875033
6667,1764281.4601617462
6668,1764281.4659112678
6669,1764281.4596958458
6670,1764281.4649949693
6671,1764281.4638364513
6672,1764281.4620596757
6673,1764281.4622214662
6674,1764281.4647508927
6675,1764281.4653775273
6676,1764281.4615276083
6677,1764281.4671779338
6678,1764281.455238424
6679,1764281.4591955275
6680,1764281.46189026
6681,1764281.4653849313
6682,1764281.4658224208
6683,1764281.4629030246
6684,1764281.4638459205
6685,1764281.467806033
6686,1764281.4681178317
6687,1764281.4623699263
6688,1764281.4619305218
6689,1764281.4616180337
6690,1764281.4649058925
6691,1764281.4648094508
6692,1764281.4645397665
6693,1764281.4640465544
6694,1764281.4650003214
6695,1764281.4614552532
6696,1764281.463957806
6697,1764281.464182652
6698,1764281.4607334337
6699,1764281.4615571431
6700,1764281.4598818058
6701,1764281.4602651433
6702,1764281.4622932754
6703,1764281.4616009744
6704,1764281.461879567
6705,1764281.458914073
6706,1764281.4606603268
6707,1764281.4614608795
6708,1764281.4682583886
6709,1764281.4623193678
6710,1764281.4633016423
6711,1764281.4624617852
6712,1764281.4644113574
6713,1764281.460405766
6714,1764281.4629318602
6715,1764281.4571102753
6716,1764281.4643004744
6717,1764281.4663114285
6718,1764281.4618193794
6719,1764281.4618529805
6720,1764281.4603190492
6721,1764281.4640006078
6722,1764281.4639700884
6723,1764281.4658169912
6724,1764281.462043997
6725,1764281.462551409
6726,1764281.4648736392
6727,1764281.4610683226
6728,1764281.4577823575
6729,1764281.4639060064
6730,1764281.4694049058
6731,1764281.462544776
6732,1764281.4600548092
6733,1764281.461745515
6734,1764281.4609029319
6735,1764281.46257924
6736,1764281.4635303356
6737,1764281.456220491
6738,1764281.4615688715
6739,1764281.4597638529
6740,1764281.4607671853
6741,1764281.4609712623
6742,1764281.4662935855
6743,1764281.4628940825
6744,1764281.4585953641
6745,1764281.4657645503
6746,1764281.461328657
6747,1764281.462136774
6748,1764281.4632158978
6749,1764281.4584852075
6750,1764281.4630049872
6751,1764281.466960745
6752,1764281.4648233273
6753,1764281.4610617887
6754,1764281.4610879184
6755,1764281.460167712
6756,1764281.4609433692
6757,1764281.4633018316
6758,1764281.4579106718
6759,1764281.461661777
6760,1764281.4650173334
6761,1764281.4558561356
6762,1764281.4605261628
6763,1764281.462340957
6764,1764281.462666101
6765,1764281.4624778768
6766,1764281.459283474
6767,1764281.4622147805
6768,1764281.4631511278
6769,1764281.4596847978
6770,1764281.4650560736
6771,1764281.4657251202
6772,1764281.4615060643
6773,1764281.4625893964
6774,1764281.4693212642
6775,1764281.457304202
6776,1764281.467744295
6777,1764281.4621421893
6778,1764281.4617498037
6779,1764281.4626269822
6780,1764281.461466048
6781,1764281.465254931
6782,1764281.4602474356
6783,1764281.460670186
6784,1764281.462919339
6785,1764281.464029411
6786,1764281.4653921474
6787,1764281.4635187015
6788,1764281.4635605668
6789,1764281.4611979332
6790,1764281.4612163003
6791,1764281.4611316635
6792,1764281.4564580224
6793,1764281.4589371413
6794,1764281.457974942
6795,1764281.4621349745
6796,1764281.456197758
6797,1764281.4648774518
6798,1764281.4576768621
6799,1764281.4645915367
6800,1764281.4592742084
6801,1764281.4618094072
6802,1764281.4643370155
6803,1764281.4643762994
6804,1764281.4654587803
6805,1764281.4682735563
6806,1764281.465622979
6807,1764281.464084406
6808,1764281.462400698
6809,1764281.4636156952
6810,1764281.4627532123
6811,1764281.458814478
6812,1764281.4651982915
6813,1764281.467673039
6814,1764281.463253645
6815,1764281.465806568
6816,1764281.4623409635
6817,1764281.4616643083
6818,1764281.4640315531
6819,1764281.463567356
6820,1764281.4657774405
6821,1764281.4712447745
6822,1764281.4636969238
6823,1764281.4625567344
6824,1764281.466865529
6825,1764281.460376152
6826,1764281.467470578
6827,1764281.4649026871
6828,1764281.4654942157
6829,1764281.4625387257
6830,1764281.4563298456
6831,1764281.4573661413
6832,1764281.4596491375
6833,1764281.4592542532
6834,1764281.4649682096
6835,1764281.4580550352
6836,1764281.4636469127
6837,1764281.4618321129
6838,1764281.4628269372
6839,1764281.4652089505
6840,1764281.4640528923
6841,1764281.461539085
6842,1764281.4603900407
6843,1764281.4620677698
6844,1764281.4577421986
6845,1764281.4611638114
6846,1764281.4650805846
6847,1764281.4617566464
6848,1764281.4594496954
6849,1764281.4691494056
6850,1764281.4662538017
6851,1764281.462859458
6852,1764281.458355949
6853,1764281.4655360214
6854,1764281.463036854
6855,1764281.4641998864
6856,1764281.4593897816
6857,1764281.4589595548
6858,1764281.460002546
6859,1764281.46637107
6860,1764281.4598070108
6861,1764281.4593198102
6862,1764281.4575095694
6863,1764281.4631334387
6864,1764281.4620189276
6865,1764281.4585828893
6866,1764281.4598184272
6867,1764281.4631049612
6868,1764281.459730827
6869,1764281.4600033488
6870,1764281.460543632
6871,1764281.455550721
6872,1764281.4597235098
6873,1764281.4627542612
6874,1764281.4592736103
6875,1764281.4601012422
6876,1764281.4576647463
6877,1764281.4558568832
6878,1764281.4628318618
6879,1764281.4630881038
6880,1764281.457943763
6881,1764281.4666195095
6882,1764281.4685530555
6883,1764281.462483319
6884,1764281.4647711283
6885,1764281.4609665843
6886,1764281.4578633728
6887,1764281.4623339581
6888,1764281.4666376063
6889,1764281.4627484255
6890,1764281.4577539794
6891,1764281.4619887492
6892,1764281.4688637536
6893,1764281.4593471964
6894,1764281.4605055612
6895,1764281.463704884
6896,1764281.4601823348
6897,1764281.4641360343
6898,1764281.4614068852
6899,1764281.4601217778
6900,1764281.462362212
6901,1764281.4643462535
6902,1764281.4606253337
6903,1764281.4643023175
6904,1764281.4608127044
6905,1764281.4650699645
6906,1764281.4611391427
6907,1764281.4639607274
6908,1764281.4657937603
6909,1764281.4613421771
6910,1764281.4657985363
6911,1764281.4615022694
6912,1764281.4636541302
6913,1764281.4610361992
6914,1764281.4647827786
6915,1764281.4575736441
6916,1764281.461593766
6917,1764281.4615220963
6918,1764281.464581628
6919,1764281.464589241
6920,1764281.466516219
6921,1764281.4604445582
6922,1764281.4621459073
6923,1764281.4613984607
6924,1764281.463561261
6925,1764281.4634376897
6926,1764281.461091667
6927,1764281.4617475264
6928,1764281.463042853
6929,1764281.464952462
6930,1764281.4635728311
6931,1764281.4651185547
6932,1764281.4665780885
6933,1764281.4661906909
6934,1764281.4559961422
6935,1764281.4612257797
6936,1764281.461228289
6937,1764281.4594911397
6938,1764281.4638577541
6939,1764281.4643721872
6940,1764281.4644546772
6941,1764281.4654899843
6942,1764281.4611566633
6943,1764281.4592139358
6944,1764281.4642988853
6945,1764281.4684795658
6946,1764281.4610419355
6947,1764281.4646223534
6948,1764281.461049278
6949,1764281.4612192032
6950,1764281.4642321828
6951,1764281.4579754018
6952,1764281.4642940257
6953,1764281.4608773198
6954,1764281.4645037178
6955,1764281.459522778
6956,1764281.4597580433
6957,1764281.460414601
6958,1764281.4592160317
6959,1764281.4654918688
6960,1764281.4589322472
6961,1764281.4614047834
6962,1764281.4604183787
6963,1764281.4575762472
6964,1764281.4564179606
6965,1764281.4638221976
6966,1764281.460582666
6967,1764281.4577721532
6968,1764281.4669342178
6969,1764281.4660804905
6970,1764281.4631341917
6971,1764281.4617575223
6972,1764281.4653745121
6973,1764281.458736086
6974,1764281.4613628706
6975,1764281.46243848
6976,1764281.463102373
6977,1764281.4608305083
6978,1764281.4653942608
6979,1764281.4644099886
6980,1764281.4604401314
6981,1764281.4601847841
6982,1764281.4619122923
6983,1764281.4629682358
6984,1764281.4612060732
6985,1764281.4584851936
6986,1764281.4614687487
6987,1764281.461739487
6988,1764281.4638417338
6989,1764281.465095678
6990,1764281.4593203652
6991,1764281.4649337055
6992,1764281.4646371037
6993,1764281.4618391749
6994,1764281.4602066914
6995,1764281.4630864598
6996,1764281.462718345
6997,1764281.4607043613
6998,1764281.461308326
6999,1764281.461451057
7000,1764281.4595314262
7001,1764281.463201162
7002,1764281.4574005613
7003,1764281.4674037334
7004,1764281.4617464757
7005,1764281.4617696323
7006,1764281.4656011949
7007,1764281.4687362807
7008,1764281.4645566891
7009,1764281.465768777
7010,1764281.462613553
7011,1764281.4684134964
7012,1764281.4659120105
7013,1764281.4658064353
7014,1764281.457565327
7015,1764281.4620235313
7016,1764281.4644364032
7017,1764281.4644023296
7018,1764281.459804042
7019,1764281.4609584082
7020,1764281.4628643487
7021,1764281.464171856
7022,1764281.4569527674
7023,1764281.4624117988
7024,1764281.4576897873
7025,1764281.4629965944
7026,1764281.4626300796
7027,1764281.4659300789
7028,1764281.4654872925
7029,1764281.4611657476
7030,1764281.464078701
7031,1764281.4644494383
7032,1764281.4617733965
7033,1764281.4649983845
7034,1764281.4653848466
7035,1764281.4572038765
7036,1764281.461568522
7037,1764281.465205839
7038,1764281.459556391
7039,1764281.4653388993
7040,1764281.4634252915
7041,1764281.4583011675
7042,1764281.4631507653
7043,1764281.461324562
7044,1764281.457417402
7045,1764281.4620129433
7046,1764281.4624730255
7047,1764281.465053648
7048,1764281.4634399835
7049,1764281.4642493553
7050,1764281.4604877718
7051,1764281.465758936
7052,1764281.471093375
7053,1764281.4599872774
7054,1764281.4632055028
7055,1764281.4631349102
7056,1764281.4686428704
7057,1764281.464985091
7058,1764281.4646264366
7059,1764281.4614347839
7060,1764281.4614757837
7061,1764281.4694461606
7062,1764281.4595396072
7063,1764281.4647100565
7064,1764281.462283287
7065,1764281.4613375063
7066,1764281.4635230382
7067,1764281.4619128264
7068,1764281.4628917775
7069,1764281.4585627296
7070,1764281.4584923042
7071,1764281.4633182
7072,1764281.4620167094
7073,1764281.4617769117
7074,1764281.4608183305
7075,1764281.465115663
7076,1764281.4650547344
7077,1764281.4693741351
7078,1764281.4624185765
7079,1764281.4609496046
7080,1764281.4584651468
7081,1764281.4586818786
7082,1764281.4516512586
7083,1764281.4627140681
7084,1764281.4640141714
7085,1764281.4647126538
7086,1764281.4641600891
7087,1764281.4615857352
7088,1764281.4658556452
7089,1764281.4590778057
7090,1764281.4610856692
7091,1764281.4650359682
7092,1764281.4632139564
7093,1764281.459972045
7094,1764281.463393649
7095,1764281.4621120465
7096,1764281.4653167191
7097,1764281.4664835348
7098,1764281.4619774225
7099,1764281.465872405
7100,1764281.4589281278
7101,1764281.4621316488
7102,1764281.463217728
7103,1764281.4625479695
7104,1764281.4673423648
7105,1764281.4648335325
7106,1764281.463824869
7107,1764281.465591328
7108,1764281.4620112672
7109,1764281.4625633724
7110,1764281.4644875878
7111,1764281.4640590956
7112,1764281.470214605
7113,1764281.460258932
7114,1764281.4600029015
7115,1764281.463999517
7116,1764281.4607362596
7117,1764281.4652483293
7118,1764281.4667258114
7119,1764281.4651153137
7120,1764281.4669426505
7121,1764281.4602973333
7122,1764281.4569559325
7123,1764281.4584400672
7124,1764281.4663629388
7125,1764281.4638490141
7126,1764281.4642008087
7127,1764281.4605259572
7128,1764281.4623791478
7129,1764281.4586277565
7130,1764281.4651307045
7131,1764281.4640630528
7132,1764281.4606275144
7133,1764281.4584585715
7134,1764281.4594720441
7135,1764281.4644749654
7136,1764281.463347884
7137,1764281.461666978
7138,1764281.4668419587
7139,1764281.4621080945
7140,1764281.4650783653
7141,1764281.4663209189
7142,1764281.4643367997
7143,1764281.4624216703
7144,1764281.4628608117
7145,1764281.4666439663
7146,1764281.4644706463
7147,1764281.4643723753
7148,1764281.4616019905
7149,1764281.4610712414
7150,1764281.4599393255
7151,1764281.4625857773
7152,1764281.45980518
7153,1764281.4693754152
7154,1764281.4634448285
7155,1764281.461824467
7156,1764281.4572718595
7157,1764281.4635380197
7158,1764281.4579772719
7159,1764281.4618386761
7160,1764281.465561062
7161,1764281.4645502982
7162,1764281.4628824037
7163,1764281.461361903
7164,1764281.4585746294
7165,1764281.4642077663
7166,1764281.4617422689
7167,1764281.46001338
7168,1764281.4617757346
7169,1764281.4657402171
7170,1764281.4599829402
7171,1764281.4629822548
7172,1764281.4630874842
7173,1764281.4596816923
7174,1764281.4649730325
7175,1764281.4643227009
7176,1764281.4596006582
7177,1764281.4604046764
7178,1764281.4612931048
7179,1764281.4644169463
7180,1764281.464843305
7181,1764281.4644991844
7182,1764281.456871453
7183,1764281.4559434473
7184,1764281.4646718872
7185,1764281.4636586483
7186,1764281.4595495234
7187,1764281.4643410782
7188,1764281.4642544473
7189,1764281.4648806008
7190,1764281.4613711028
7191,1764281.4619497189
7192,1764281.4649680902
7193,1764281.4611865473
7194,1764281.4641719433
7195,1764281.4615253685
7196,1764281.4624190805
7197,1764281.466094748
7198,1764281.4606954688
7199,1764281.4668321176
7200,1764281.4669781202
7201,1764281.4670034875
7202,1764281.4606689462
7203,1764281.4619618952
7204,1764281.4636441018
7205,1764281.4587613188
7206,1764281.4645803333
7207,1764281.4635756009
7208,1764281.4647740251
7209,1764281.4613374786
7210,1764281.459980672
7211,1764281.4626212653
7212,1764281.4653280529
7213,1764281.4631335242
7214,1764281.463746455
7215,1764281.4594793452
7216,1764281.4659679083
7217,1764281.4587999678
7218,1764281.4619537864
7219,1764281.463303417
7220,1764281.4599330216
7221,1764281.4624617586
7222,1764281.4583801706
7223,1764281.4639375368
7224,1764281.4612794374
7225,1764281.4629332342
7226,1764281.4622094522
7227,1764281.4645985698
7228,1764281.4644491493
7229,1764281.4651072607
7230,1764281.4626130234
7231,1764281.4623242118
7232,1764281.4598899398
7233,1764281.4629982135
7234,1764281.4597294587
7235,1764281.4628047044
7236,1764281.4637186169
7237,1764281.463986478
7238,1764281.4585981527
7239,1764281.468070059
7240,1764281.4629781595
7241,1764281.4632274993
7242,1764281.4638878652
7243,1764281.461996082
7244,1764281.4624475206
7245,1764281.4680663547
7246,1764281.4647339003
7247,1764281.4596487926
7248,1764281.4623421896
7249,1764281.4615600947
7250,1764281.4601905693
7251,1764281.4632598734
7252,1764281.4621226531
7253,1764281.466165835
7254,1764281.464025414
7255,1764281.4584968525
7256,1764281.4621112999
7257,1764281.463698501
7258,1764281.4634469855
7259,1764281.4594994423
7260,1764281.461965339
7261,1764281.4622295047
7262,1764281.4638181124
7263,1764281.461930828
7264,1764281.4639813893
7265,1764281.461389582
7266,1764281.4608142395
7267,1764281.4602425476
7268,1764281.4641910237
7269,1764281.4705832838
7270,1764281.459927351
7271,1764281.4640320933
7272,1764281.4590631921
7273,1764281.4613600424
7274,1764281.4673706824
7275,1764281.461807539
7276,1764281.4627664369
7277,1764281.4580556925
7278,1764281.4636999154
7279,1764281.46317386
7280,1764281.4642204426
7281,1764281.4626895064
7282,1764281.463716996
7283,1764281.4613020804
7284,1764281.4661136218
7285,1764281.4627058718
7286,1764281.4620555486
7287,1764281.4613940285
7288,1764281.4602964805
7289,1764281.461246421
7290,1764281.4631145084
7291,1764281.4599716866
7292,1764281.4641378205
7293,1764281.4625662474
7294,1764281.463580604
7295,1764281.460743819
7296,1764281.4660873385
7297,1764281.4678888498
7298,1764281.462174142
7299,1764281.458584424
7300,1764281.4621364146
7301,1764281.4599058777
7302,1764281.4594409708
7303,1764281.461036498
7304,1764281.4626656154
7305,1764281.4637315716
7306,1764281.4602279447
7307,1764281.4632945836
7308,1764281.4626234185
7309,1764281.4626234188
7310,1280285.4202153357
7311,1280285.4202153345
7312,1280285.4202153345
7313,1280285.4202153329
7314,1280285.4202153322
7315,1280285.4202153352
7316,1280285.4202153357
7317,1280285.4202153364
7318,1280285.4202153338
7319,1280285.4202153352
7320,1280285.4202153354
7321,1280285.4219820972
7322,1280285.421668111
7323,1280285.419517345
7324,1280285.4209867036
7325,1280285.419064513
7326,1280285.4223153067
7327,1280285.421426784
7328,1280285.4173350788
7329,1280285.4179494649
7330,1280285.420599814
7331,1280285.4209771769
7332,1280285.4195397187
7333,1280285.42074117
7334,1280285.4209972273
7335,1280285.4202128465
7336,1280285.4211931077
7337,1280285.4198617775
7338,1280285.4217123487
7339,1280285.4191162658
7340,1280285.4195951452
7341,1280285.4239123084
7342,1280285.4211806592
7343,1280285.419667982
7344,1280285.4212593762
7345,1280285.4226091057
7346,1280285.419001081
7347,1280285.4203546972
7348,1280285.419690044
7349,1280285.4233494445
7350,1280285.417673093
7351,1280285.417479151
7352,1280285.4191227688
7353,1280285.4192606518
7354,1280285.42115492
7355,1280285.4219020281
7356,1280285.4198393533
7357,1280285.4191126386
7358,1280285.4172952482
7359,1280285.4209575749
7360,1280285.4190920654
7361,1280285.418930539
7362,1280285.420461129
7363,1280285.4209150183
7364,1280285.4197739342
7365,1280285.4199839379
7366,1280285.4188927442
7367,1280285.4199513125
7368,1280285.4223448443
7369,1280285.4170994922
7370,1280285.4204661686
7371,1280285.4200364621
7372,1280285.419302223
7373,1280285.420009545
7374,1280285.4186454539
7375,1280285.4197694869
7376,1280285.4192630344
7377,1280285.4195867698
7378,1280285.420283066
7379,1280285.4177104249
7380,1280285.420744478
7381,1280285.4206020026
7382,1280285.420148202
7383,1280285.4211118773
7384,1280285.4212520814
7385,1280285.4199150256
7386,1280285.4208585024
7387,1280285.4214290332
7388,1280285.4201210241
7389,1280285.4200629117
7390,1280285.421543343
7391,1280285.4203486769
7392,1280285.4208680643
7393,1280285.418762204
7394,1280285.419491398
7395,1280285.4204803912
7396,1280285.4225787004
7397,1280285.41878355
7398,1280285.4192015335
7399,1280285.4190198681
7400,1280285.421190568
7401,1280285.4226833594
7402,1280285.4194088932
7403,1280285.4193859524
7404,1280285.4201202127
7405,1280285.4226412897
7406,1280285.419452696
7407,1280285.4200688968
7408,1280285.423823838
7409,1280285.420689965
7410,1280285.4199636094
7411,1280285.419682521
7412,1280285.42247009
7413,1280285.4198451873
7414,1280285.420557659
7415,1280285.421111888
7416,1280285.4204666903
7417,1280285.4201466863
7418,1280285.4203653557
7419,1280285.4196584376
7420,1280285.421301491
7421,1280285.4204546325
7422,1280285.4207585936
7423,1280285.4193562286
7424,1280285.422054986
7425,1280285.4215510613
7426,1280285.4179286647
7427,1280285.421573896
7428,1280285.421827435
7429,1280285.4201672557
7430,1280285.4191264464
7431,1280285.4217220533
7432,1280285.4178982466
7433,1280285.4209323653
7434,1280285.4205279609
7435,1280285.4170792345
7436,1280285.4205392099
7437,1280285.4193264996
7438,1280285.418347457
7439,1280285.4195525092
7440,1280285.4206557549
7441,1280285.4220384045
7442,1280285.4192751728
7443,1280285.4214239474
7444,1280285.4192589344
7445,1280285.4201222588
7446,1280285.4208470813
7447,1280285.4200071301
7448,1280285.4212790835
7449,1280285.4204989718
7450,1280285.4211301284
7451,1280285.419334685
7452,1280285.41842458
7453,1280285.419806444
7454,1280285.4201927758
7455,1280285.4200610851
7456,1280285.4199913396
7457,1280285.4175381588
7458,1280285.4206746777
7459,1280285.4187685156
7460,1280285.4212623886
7461,1280285.418993387
7462,1280285.4207916984
7463,1280285.4178969949
7464,1280285.419517813
7465,1280285.422301835
7466,1280285.4225249041
7467,1280285.422248086
7468,1280285.4193649872
7469,1280285.4224968436
7470,1280285.418290372
7471,1280285.418880445
7472,1280285.4191397193
7473,1280285.419340088
7474,1280285.420169388
7475,1280285.419945313
7476,1280285.4214449474
7477,1280285.4189390219
7478,1280285.41769159
7479,1280285.419450315
7480,1280285.4214180103
7481,1280285.4227150374
7482,1280285.4196185991
7483,1280285.4198210377
7484,1280285.4199525162
7485,1280285.4186842963
7486,1280285.4192478256
7487,1280285.4182146501
7488,1280285.4209955968
7489,1280285.4197344657
7490,1280285.4211980638
7491,1280285.4227065514
7492,1280285.4200226336
7493,1280285.4198083768
7494,1280285.4219546046
7495,1280285.422498647
7496,1280285.4194431624
7497,1280285.4188607512
7498,1280285.421248684
7499,1280285.419939346
7500,1280285.4213154875
7501,1280285.4211175463
7502,1280285.420801276
7503,1280285.4210142063
7504,1280285.4221320518
7505,1280285.4249919457
7506,1280285.4205065956
7507,1280285.4202765266
7508,1280285.4192591396
7509,1280285.4203353268
7510,1280285.4184463362
7511,1280285.4193425043
7512,1280285.4204072987
7513,1280285.4212916084
7514,1280285.418624899
7515,1280285.4192683804
7516,1280285.421582872
7517,1280285.418694671
7518,1280285.4216140131
7519,1280285.423277855
7520,1280285.4201058794
7521,1280285.4179986871
7522,1280285.4225751513
7523,1280285.4163151653
7524,1280285.4188315978
7525,1280285.42175119
7526,1280285.4180318133
7527,1280285.4175807612
7528,1280285.4200418643
7529,1280285.420717444
7530,1280285.419960765
7531,1280285.4200256362
7532,1280285.4220433244
7533,1280285.4209296762
7534,1280285.4193723062
7535,1280285.4198442
7536,1280285.424007051
7537,1280285.4209741584
7538,1280285.4200143744
7539,1280285.4196154778
7540,1280285.4178673523
7541,1280285.418707091
7542,1280285.4191194691
7543,1280285.4201172276
7544,1280285.4223460464
7545,1280285.4186026414
7546,1280285.4216221932
7547,1280285.4193732
7548,1280285.421309421
7549,1280285.4229218734
7550,1280285.4216592556
7551,1280285.4208780373
7552,1280285.4246862251
7553,1280285.4220815978
7554,1280285.421560579
7555,1280285.417805337
7556,1280285.421603302
7557,1280285.4230386016
7558,1280285.4236122111
7559,1280285.4198535187
7560,1280285.4195243989
7561,1280285.416449951
7562,1280285.419777537
7563,1280285.4178618093
7564,1280285.4183478563
7565,1280285.4188566501
7566,1280285.41921899
7567,1280285.4211781458
7568,1280285.418482199
7569,1280285.4212564363
7570,1280285.4200296027
7571,1280285.4212216637
7572,1280285.4208105924
7573,1280285.4191076567
7574,1280285.4198837199
7575,1280285.4164693821
7576,1280285.4185446037
7577,1280285.4217267435
7578,1280285.4188413045
7579,1280285.4177092684
7580,1280285.42277594
7581,1280285.421203914
7582,1280285.4201648054
7583,1280285.4194847303
7584,1280285.4219487994
7585,1280285.419158224
7586,1280285.4192653878
7587,1280285.419190931
7588,1280285.4184833819
7589,1280285.4197154697
7590,1280285.4200889193
7591,1280285.4198105196
7592,1280285.4182201228
7593,1280285.418712881
7594,1280285.4184581665
7595,1280285.420739517
7596,1280285.4174216373
7597,1280285.4196844138
7598,1280285.4196824797
7599,1280285.4195731152
7600,1280285.417443345
7601,1280285.4188668882
7602,1280285.4184762917
7603,1280285.4179859757
7604,1280285.4180993047
7605,1280285.420035507
7606,1280285.4175592142
7607,1280285.4185633196
7608,1280285.4179466702
7609,1280285.4185664575
7610,1280285.4215161605
7611,1280285.4178849983
7612,1280285.42026613
7613,1280285.4212079453
7614,1280285.4218909836
7615,1280285.4209417289
7616,1280285.4213249038
7617,1280285.41710532
7618,1280285.418641526
7619,1280285.4214516827
7620,1280285.4187228447
7621,1280285.417491917
7622,1280285.422653352
7623,1280285.4204228055
7624,1280285.4194516074
7625,1280285.420890839
7626,1280285.41861505
7627,1280285.418205307
7628,1280285.421442503
7629,1280285.419256964
7630,1280285.4190693973
7631,1280285.4222356954
7632,1280285.4231623414
7633,1280285.4180827632
7634,1280285.4186407193
7635,1280285.4192714645
7636,1280285.4197087456
7637,1280285.4188817507
7638,1280285.4210336849
7639,1280285.420507627
7640,1280285.417681123
7641,1280285.418788282
7642,1280285.4199549505
7643,1280285.4201126192
7644,1280285.4186736033
7645,1280285.4198774013
7646,1280285.4198194146
7647,1280285.4215494713
7648,1280285.422693089
7649,1280285.4196651392
7650,1280285.4179869886
7651,1280285.4188593896
7652,1280285.4224885108
7653,1280285.4218108016
7654,1280285.4213313167
7655,1280285.4191220838
7656,1280285.4201914172
7657,1280285.4205806027
7658,1280285.4192224187
7659,1280285.419724529
7660,1280285.4212632822
7661,1280285.4219640098
7662,1280285.4217170125
7663,1280285.4234550688
7664,1280285.4183703412
7665,1280285.4179474313
7666,1280285.419441743
7667,1280285.420010465
7668,1280285.4195194156
7669,1280285.4216937916
7670,1280285.4185379203
7671,1280285.419586048
7672,1280285.4245034538
7673,1280285.4190598137
7674,1280285.4214027268
7675,1280285.422610001
7676,1280285.4201917972
7677,1280285.4172765499
7678,1280285.4195595167
7679,1280285.4187095123
7680,1280285.4221426854
7681,1280285.4206127524
7682,1280285.417917963
7683,1280285.4227157077
7684,1280285.4194650128
7685,1280285.4226593962
7686,1280285.419085697
7687,1280285.4175942421
7688,1280285.4195592497
7689,1280285.420985263
7690,1280285.4232724248
7691,1280285.4203626513
7692,1280285.4195045137
7693,1280285.4196898793
7694,1280285.42152023
7695,1280285.4180297605
7696,1280285.4202841436
7697,1280285.4202495713
7698,1280285.418571094
7699,1280285.420887291
7700,1280285.4197399192
7701,1280285.423904829
7702,1280285.4167651248
7703,1280285.4203147327
7704,1280285.4187275954
7705,1280285.4217805536
7706,1280285.4214006315
7707,1280285.4222683585
7708,1280285.423063974
7709,1280285.4215635145
7710,1280285.4186900265
7711,1280285.4193802506
7712,1280285.4199612967
7713,1280285.4185397471
7714,1280285.4198967062
7715,1280285.4195698563
7716,1280285.4179011325
7717,1280285.4194664583
7718,1280285.4177527083
7719,1280285.4188531765
7720,1280285.4222368966
7721,1280285.4168331195
7722,1280285.4213925742
7723,1280285.4193636002
7724,1280285.4198202433
7725,1280285.4180114577
7726,1280285.4192484922
7727,1280285.4197034077
7728,1280285.4194887236
7729,1280285.4217444109
7730,1280285.4206429184
7731,1280285.4191019612
7732,1280285.422054415
7733,1280285.4176631132
7734,1280285.4217079238
7735,1280285.4204262176
7736,1280285.4215631594
7737,1280285.4195930047
7738,1280285.4252917515
7739,1280285.423103152
7740,1280285.4198963766
7741,1280285.419545504
7742,1280285.4228704567
7743,1280285.4204814066
7744,1280285.4243130623
7745,1280285.416632537
7746,1280285.4183143808
7747,1280285.420863639
7748,1280285.421059057
7749,1280285.4191745312
7750,1280285.4185819873
7751,1280285.4212767284
7752,1280285.420534605
7753,1280285.4179702958
7754,1280285.4210058856
7755,1280285.4193360591
7756,1280285.4199032132
7757,1280285.4229604471
7758,1280285.4189286553
7759,1280285.4223573536
7760,1280285.4213189099
7761,1280285.4234468937
7762,1280285.41922165
7763,1280285.4217619002
7764,1280285.4223620128
7765,1280285.4233314395
7766,1280285.4186864407
7767,1280285.4183484092
7768,1280285.4202660006
7769,1280285.421986527
7770,1280285.4216703651
7771,1280285.419925898
7772,1280285.4178578553
7773,1280285.418785038
7774,1280285.4199697818
7775,1280285.4198721263
7776,1280285.4229946279
7777,1280285.4194883516
7778,1280285.4218341894
7779,1280285.4201614498
7780,1280285.4221653582
7781,1280285.4225812503
7782,1280285.420953172
7783,1280285.4257606098
7784,1280285.4202314683
7785,1280285.4180854151
7786,1280285.4220040564
7787,1280285.4238521163
7788,1280285.420568461
7789,1280285.421354782
7790,1280285.4200769635
7791,1280285.4205441219
7792,1280285.4232655307
7793,1280285.4218895233
7794,1280285.4198844119
7795,1280285.421395176
7796,1280285.4189831454
7797,1280285.4201412357
7798,1280285.419052009
7799,1280285.4201935288
7800,1280285.4191198375
7801,1280285.417563412
7802,1280285.4177019536
7803,1280285.4187309365
7804,1280285.4205347502
7805,1280285.4223763868
7806,1280285.419308033
7807,1280285.4227765403
7808,1280285.4205186258
7809,1280285.4208454369
7810,1280285.4192875568
7811,1280285.4187760144
7812,1280285.4177170668
7813,1280285.4133819554
7814,1280285.421066902
7815,1280285.4223058014
7816,1280285.415371911
7817,1280285.4204464145
7818,1280285.4189342898
7819,1280285.4200123989
7820,1280285.4181512322
7821,1280285.421316391
7822,1280285.4215207498
7823,1280285.4206048208
7824,1280285.4200233829
7825,1280285.4200366973
7826,1280285.4205896019
7827,1280285.4188704104
7828,1280285.4221938788
7829,1280285.4206257444
7830,1280285.4216623602
7831,1280285.4172472646
7832,1280285.4179358245
7833,1280285.423097717
7834,1280285.4183847466
7835,1280285.4215953718
7836,1280285.4175048936
7837,1280285.4207047482
7838,1280285.4200890465
7839,1280285.421650603
7840,1280285.4216990413
7841,1280285.4222317396
7842,1280285.4205742618
7843,1280285.4242620594
7844,1280285.4219708252
7845,1280285.4188032416
7846,1280285.422089073
7847,1280285.4196308416
7848,1280285.423137373
7849,1280285.417104291
7850,1280285.4208149458
7851,1280285.4224508558
7852,1280285.4174846052
7853,1280285.4186695402
7854,1280285.4155042276
7855,1280285.421492464
7856,1280285.421543394
7857,1280285.4207375613
7858,1280285.4188247812
7859,1280285.420969948
7860,1280285.4190204293
7861,1280285.421531939
7862,1280285.4218312264
7863,1280285.4199701387
7864,1280285.4184963442
7865,1280285.4207011769
7866,1280285.4178450215
7867,1280285.4213653645
7868,1280285.4195530775
7869,1280285.4212745985
7870,1280285.418916118
7871,1280285.4213432285
7872,1280285.4212960042
7873,1280285.4181644772
7874,1280285.420083167
7875,1280285.420041374
7876,1280285.4215717916
7877,1280285.4245031339
7878,1280285.4213165087
7879,1280285.418523604
7880,1280285.4204171195
7881,1280285.4190036578
7882,1280285.419223449
7883,1280285.4184146954
7884,1280285.4235731408
7885,1280285.4185407942
7886,1280285.4197586647
7887,1280285.4189622456
7888,1280285.4206707377
7889,1280285.4173124393
7890,1280285.418780198
7891,1280285.4225230482
7892,1280285.4225511178
7893,1280285.422311081
7894,1280285.419466791
7895,1280285.4173159485
7896,1280285.4189028502
7897,1280285.421883882
7898,1280285.419196232
7899,1280285.4230946423
7900,1280285.421326419
7901,1280285.4198843632
7902,1280285.4203620467
7903,1280285.4195442747
7904,1280285.4202809548
7905,1280285.4207352465
7906,1280285.4201675812
7907,1280285.4214754463
7908,1280285.4227379058
7909,1280285.4185716775
7910,1280285.4199347498
7911,1280285.4210616918
7912,1280285.422131932
7913,1280285.4194289318
7914,1280285.4171802634
7915,1280285.42027988
7916,1280285.42160001
7917,1280285.4182268432
7918,1280285.41673027
7919,1280285.4202661254
7920,1280285.420508861
7921,1280285.4212922594
7922,1280285.4204974584
7923,1280285.4177832284
7924,1280285.4200020074
7925,1280285.4182872972
7926,1280285.4211535458
7927,1280285.420649151
7928,1280285.4233635429
7929,1280285.415903732
7930,1280285.4216822195
7931,1280285.4223489151
7932,1280285.4221903596
7933,1280285.4201409037
7934,1280285.4193318004
7935,1280285.421493202
7936,1280285.421950548
7937,1280285.418352448
7938,1280285.420817301
7939,1280285.4197036268
7940,1280285.416109223
7941,1280285.4155366844
7942,1280285.421111772
7943,1280285.419131907
7944,1280285.419797635
7945,1280285.4202384818
7946,1280285.4192070628
7947,1280285.4216842924
7948,1280285.4202454968
7949,1280285.4205282505
7950,1280285.4204559468
7951,1280285.4217579728
7952,1280285.421888683
7953,1280285.419479403
7954,1280285.4197634242
7955,1280285.4182515237
7956,1280285.4194479964
7957,1280285.4188605791
7958,1280285.4213489094
7959,1280285.4205875492
7960,1280285.4200136482
7961,1280285.4223419311
7962,1280285.4212366284
7963,1280285.4171870947
7964,1280285.4201316831
7965,1280285.4197547769
7966,1280285.4194356662
7967,1280285.4233901065
7968,1280285.4215306914
7969,1280285.4187896485
7970,1280285.4214967787
7971,1280285.4208511927
7972,1280285.4215905245
7973,1280285.4201464131
7974,1280285.4190360398
7975,1280285.4211965974
7976,1280285.4239177061
7977,1280285.4220441624
7978,1280285.4208212534
7979,1280285.4199742908
7980,1280285.4204637
7981,1280285.4180035563
7982,1280285.422897752
7983,1280285.419213617
7984,1280285.4240447967
7985,1280285.418890538
7986,1280285.4159690454
7987,1280285.4193187202
7988,1280285.416929757
7989,1280285.4212252954
7990,1280285.4207965243
7991,1280285.419819061
7992,1280285.4204690603
7993,1280285.420887015
7994,1280285.4196050433
7995,1280285.4212425996
7996,1280285.4199503702
7997,1280285.4203904234
7998,1280285.4186975546
7999,1280285.421970069
8000,1280285.423610189
8001,1280285.4178508301
8002,1280285.4223918032
8003,1280285.4161243064
8004,1280285.419871263
8005,1280285.4235169573
8006,1280285.4171193389
8007,1280285.4203637203
8008,1280285.4194465757
8009,1280285.421091906
8010,1280285.4206156158
8011,1280285.4221707839
8012,1280285.4202323777
8013,1280285.4206771452
8014,1280285.4208761458
8015,1280285.4205556344
8016,1280285.4179414336
8017,1280285.4183077174
8018,1280285.4186657267
8019,1280285.4184172181
8020,1280285.4186401307
8021,1280285.4211520741
8022,1280285.4204233524
8023,1280285.4203371557
8024,1280285.420249478
8025,1280285.4205294813
8026,1280285.419549447
8027,1280285.4184703594
8028,1280285.4199929186
8029,1280285.4203817293
8030,1280285.418635178
8031,1280285.421082353
8032,1280285.4191002762
8033,1280285.4174992482
8034,1280285.4199480545
8035,1280285.4193866283
8036,1280285.420409322
8037,1280285.4187201897
8038,1280285.4192619987
8039,1280285.4202153354
8040,1280285.420215336
8041,951982.4211455788
8042,951982.421145578
8043,951982.421145578
8044,951982.4211455762
8045,951982.4211455777
8046,951982.4211455784
8047,951982.4211455791
8048,951982.42114558
8049,951982.4211455785
8050,951982.4211455793
8051,951982.4211455787
8052,951982.4228825069
8053,951982.4223873676
8054,951982.4206523843
8055,951982.4208160443
8056,951982.4195717828
8057,951982.4213669777
8058,951982.420997001
8059,951982.4195257917
8060,951982.4195174313
8061,951982.4201823624
8062,951982.4211206674
8063,951982.421109702
8064,951982.4202886143
8065,951982.4221394119
8066,951982.4207608257
8067,951982.4217384515
8068,951982.4204586005
8069,951982.4235249315
8070,951982.4204285543
8071,951982.4202754555
8072,951982.4227030185
8073,951982.4225091296
8074,951982.4203799765
8075,951982.4219355843
8076,951982.4225897256
8077,951982.4189197699
8078,951982.419992202
8079,951982.4207283298
8080,951982.4232018751
8081,951982.4195015524
8082,951982.4190428519
8083,951982.4199807182
8084,951982.4200491438
8085,951982.4212727501
8086,951982.4226847466
8087,951982.4210462231
8088,951982.4202964669
8089,951982.4185830149
8090,951982.4200439091
8091,951982.4186597377
8092,951982.4203799706
8093,951982.4205358126
8094,951982.4221909106
8095,951982.420852198
8096,951982.4210849204
8097,951982.4208282172
8098,951982.4187583036
8099,951982.4216438686
8100,951982.4194019848
8101,951982.4206442469
8102,951982.4211499962
8103,951982.4208469616
8104,951982.4206733268
8105,951982.4203659961
8106,951982.4206288243
8107,951982.4198910597
8108,951982.4204414225
8109,951982.4215588069
8110,951982.4196363594
8111,951982.4205164282
8112,951982.4213938931
8113,951982.4223235552
8114,951982.4210898919
8115,951982.421153218
8116,951982.4230451663
8117,951982.4215505228
8118,951982.4211125246
8119,951982.4224881238
8120,951982.4230975804
8121,951982.4215060273
8122,951982.4222651994
8123,951982.4206933271
8124,951982.4195110793
8125,951982.4204004952
8126,951982.4211044748
8127,951982.4222150954
8128,951982.4224618255
8129,951982.4202242432
8130,951982.4208881699
8131,951982.4229054389
8132,951982.4225327049
8133,951982.4209372399
8134,951982.4205598652
8135,951982.4226533333
8136,951982.424043476
8137,951982.4201339439
8138,951982.4212323244
8139,951982.4226872018
8140,951982.4213043862
8141,951982.4220911345
8142,951982.4203169302
8143,951982.4232400883
8144,951982.4219065389
8145,951982.4215901116
8146,951982.4224891152
8147,951982.4214093781
8148,951982.4218019717
8149,951982.4194107173
8150,951982.4230803385
8151,951982.421781433
8152,951982.4204074364
8153,951982.4226330075
8154,951982.4207168546
8155,951982.4220631509
8156,951982.4233120206
8157,951982.4195259254
8158,951982.4221909612
8159,951982.4217338269
8160,951982.4216870412
8161,951982.4216222947
8162,951982.4226645263
8163,951982.4210673276
8164,951982.4212663936
8165,951982.4208714104
8166,951982.4178110524
8167,951982.4216851654
8168,951982.4211512271
8169,951982.420859354
8170,951982.4206791898
8171,951982.4211317778
8172,951982.4221234539
8173,951982.4207016595
8174,951982.422553604
8175,951982.4199722728
8176,951982.4209942599
8177,951982.4216151768
8178,951982.42073858
8179,951982.4235631577
8180,951982.4198309291
8181,951982.4210219808
8182,951982.4218386381
8183,951982.4199320882
8184,951982.4210763541
8185,951982.4211959156
8186,951982.4200086414
8187,951982.4214933689
8188,951982.4206783216
8189,951982.4209722722
8190,951982.4203349056
8191,951982.4213512678
8192,951982.4205764021
8193,951982.4215067679
8194,951982.4210497647
8195,951982.4201805479
8196,951982.4215238068
8197,951982.4224459027
8198,951982.4221895526
8199,951982.4206934161
8200,951982.422320931
8201,951982.4186982655
8202,951982.4194197415
8203,951982.4204034283
8204,951982.4208179547
8205,951982.4219509625
8206,951982.4221352875
8207,951982.4213137662
8208,951982.4194502292
8209,951982.42039658
8210,951982.4191786891
8211,951982.4224955284
8212,951982.4237864515
8213,951982.4209076007
8214,951982.4210069967
8215,951982.4202279707
8216,951982.4199335476
8217,951982.4199971524
8218,951982.4203277254
8219,951982.4201044805
8220,951982.4200105175
8221,951982.4199401604
8222,951982.4221355014
8223,951982.4201428972
8224,951982.4209864279
8225,951982.422556914
8226,951982.4214717909
8227,951982.4211387153
8228,951982.4216699313
8229,951982.4217212439
8230,951982.4207712198
8231,951982.4219333044
8232,951982.4213354286
8233,951982.4211347642
8234,951982.4216233132
8235,951982.4232242764
8236,951982.4225990732
8237,951982.4219684703
8238,951982.420796258
8239,951982.4199339862
8240,951982.4201569121
8241,951982.420829055
8242,951982.4213259073
8243,951982.4217054213
8244,951982.4205873959
8245,951982.4193800231
8246,951982.4196804393
8247,951982.4239494535
8248,951982.4201813494
8249,951982.4211174838
8250,951982.4225855294
8251,951982.4220119364
8252,951982.4206277598
8253,951982.4238777913
8254,951982.420187499
8255,951982.4204622956
8256,951982.422138539
8257,951982.4188926081
8258,951982.4187333689
8259,951982.4211553282
8260,951982.4215646698
8261,951982.4219959871
8262,951982.4217475816
8263,951982.4214230189
8264,951982.4222803437
8265,951982.4210229812
8266,951982.4218277098
8267,951982.4229811247
8268,951982.4220045571
8269,951982.4208472201
8270,951982.4198696231
8271,951982.4207124463
8272,951982.4185715687
8273,951982.4214431047
8274,951982.4210894918
8275,951982.4228440395
8276,951982.4205285471
8277,951982.4220594207
8278,951982.422336501
8279,951982.4207180508
8280,951982.4243596954
8281,951982.4226135733
8282,951982.4221240486
8283,951982.4235105953
8284,951982.4218710348
8285,951982.4236306109
8286,951982.41945371
8287,951982.4215757817
8288,951982.4226496555
8289,951982.4229254742
8290,951982.420245477
8291,951982.4218487671
8292,951982.4188779566
8293,951982.42076745
8294,951982.4206062981
8295,951982.4198224966
8296,951982.4196423681
8297,951982.4212524589
8298,951982.424195639
8299,951982.420150142
8300,951982.42088691
8301,951982.4218648485
8302,951982.4207828022
8303,951982.4221205121
8304,951982.419827929
8305,951982.4203911342
8306,951982.4196510302
8307,951982.4203416997
8308,951982.4228477182
8309,951982.4203195665
8310,951982.4197145802
8311,951982.4231252795
8312,951982.4206728212
8313,951982.4205946891
8314,951982.4226252403
8315,951982.4229340829
8316,951982.421522227
8317,951982.4192024993
8318,951982.4201449599
8319,951982.4203390486
8320,951982.4202572557
8321,951982.4190292242
8322,951982.4210242887
8323,951982.4212079357
8324,951982.4208165763
8325,951982.4205592896
8326,951982.4217780823
8327,951982.4195718911
8328,951982.4203594235
8329,951982.4222876901
8330,951982.4198910979
8331,951982.4198756189
8332,951982.4202400825
8333,951982.4194324879
8334,951982.4212315051
8335,951982.4212558628
8336,951982.4223205709
8337,951982.4187288155
8338,951982.4201117791
8339,951982.4200847505
8340,951982.4203606385
8341,951982.4223131988
8342,951982.4187945704
8343,951982.4184141821
8344,951982.420559638
8345,951982.4230526199
8346,951982.4204798458
8347,951982.4234978916
8348,951982.418734364
8349,951982.4204533969
8350,951982.4217798839
8351,951982.4209343346
8352,951982.4203098358
8353,951982.422203177
8354,951982.4218866801
8355,951982.421649384
8356,951982.4232448426
8357,951982.422048387
8358,951982.4194827343
8359,951982.4209090108
8360,951982.4207266397
8361,951982.4207254178
8362,951982.4223770467
8363,951982.4237268013
8364,951982.4213928406
8365,951982.4217604994
8366,951982.4216860216
8367,951982.4204027604
8368,951982.421433315
8369,951982.4232769518
8370,951982.42169852
8371,951982.4202675818
8372,951982.4210885568
8373,951982.4214458195
8374,951982.4202454871
8375,951982.4230189149
8376,951982.4210284727
8377,951982.4218035539
8378,951982.4228427978
8379,951982.4215634501
8380,951982.4189843979
8381,951982.4213209007
8382,951982.4196473303
8383,951982.4236611814
8384,951982.4231241669
8385,951982.4224872257
8386,951982.4197617446
8387,951982.4222928595
8388,951982.4200584957
8389,951982.4212080674
8390,951982.4201529623
8391,951982.4214353127
8392,951982.4219845111
8393,951982.4222156744
8394,951982.423546426
8395,951982.4201580097
8396,951982.4209495086
8397,951982.4207589278
8398,951982.4222015847
8399,951982.4207647672
8400,951982.4214280492
8401,951982.4197896027
8402,951982.4212698472
8403,951982.4232951598
8404,951982.421753162
8405,951982.4219914904
8406,951982.4212475808
8407,951982.4201562403
8408,951982.4181653213
8409,951982.4182413926
8410,951982.4223741736
8411,951982.422126723
8412,951982.4219964979
8413,951982.4208030918
8414,951982.4232777383
8415,951982.4218542237
8416,951982.4233501799
8417,951982.4196772954
8418,951982.4195692395
8419,951982.4200989791
8420,951982.4207654895
8421,951982.4228141593
8422,951982.4213726849
8423,951982.4207819679
8424,951982.4198707592
8425,951982.4218399797
8426,951982.4209339442
8427,951982.4211132792
8428,951982.4211467153
8429,951982.4205204413
8430,951982.4216338687
8431,951982.4197957508
8432,951982.4245796971
8433,951982.418729246
8434,951982.4206476436
8435,951982.4194553492
8436,951982.4227457743
8437,951982.4224315168
8438,951982.4237288497
8439,951982.4245938259
8440,951982.4203139065
8441,951982.42050932
8442,951982.4220533015
8443,951982.4220091408
8444,951982.4203554789
8445,951982.4222455535
8446,951982.4199447986
8447,951982.4202655727
8448,951982.4204903092
8449,951982.4207639898
8450,951982.4213596052
8451,951982.4218913127
8452,951982.4195753
8453,951982.4238411784
8454,951982.419925563
8455,951982.4201954992
8456,951982.4205354137
8457,951982.4208995093
8458,951982.4200571997
8459,951982.4201909816
8460,951982.4208755385
8461,951982.4214217974
8462,951982.419772127
8463,951982.4213336407
8464,951982.4213594925
8465,951982.4225293122
8466,951982.4209546564
8467,951982.4222404187
8468,951982.4202574407
8469,951982.4230150761
8470,951982.4222899145
8471,951982.4219218033
8472,951982.4227843969
8473,951982.4229790561
8474,951982.4205343131
8475,951982.4238955885
8476,951982.4185640381
8477,951982.4189585682
8478,951982.4223436102
8479,951982.4206883428
8480,951982.4201330444
8481,951982.4195117889
8482,951982.4223618446
8483,951982.4216142875
8484,951982.4222008595
8485,951982.4215437524
8486,951982.4222079895
8487,951982.4210496331
8488,951982.4237851213
8489,951982.420791636
8490,951982.4230190555
8491,951982.4233785125
8492,951982.4226501801
8493,951982.4198657254
8494,951982.4210186135
8495,951982.421016582
8496,951982.4239362511
8497,951982.4225352462
8498,951982.4201086182
8499,951982.4192557569
8500,951982.4228130862
8501,951982.4218348181
8502,951982.420019147
8503,951982.419104146
8504,951982.4195283869
8505,951982.4203615122
8506,951982.4192633682
8507,951982.4222274125
8508,951982.4199315751
8509,951982.422929345
8510,951982.421291212
8511,951982.42240914
8512,951982.4216917094
8513,951982.4204405565
8514,951982.4216569845
8515,951982.4211274185
8516,951982.4193441675
8517,951982.4237122437
8518,951982.4232589656
8519,951982.4214169453
8520,951982.4221728798
8521,951982.4211489346
8522,951982.4210523518
8523,951982.422586052
8524,951982.4228893378
8525,951982.4221508101
8526,951982.4230505914
8527,951982.4218604738
8528,951982.4223302698
8529,951982.4202345666
8530,951982.4199894002
8531,951982.4219103616
8532,951982.4212159304
8533,951982.4202239097
8534,951982.4189627342
8535,951982.4214201503
8536,951982.4228323916
8537,951982.4193974967
8538,951982.42255901
8539,951982.4210756685
8540,951982.4209121338
8541,951982.4201329616
8542,951982.4217903776
8543,951982.420038718
8544,951982.4179722936
8545,951982.4221583407
8546,951982.4212218171
8547,951982.4180321539
8548,951982.4215845335
8549,951982.421857758
8550,951982.4204453833
8551,951982.4208976808
8552,951982.4214050542
8553,951982.4220610526
8554,951982.4217484908
8555,951982.4208036563
8556,951982.4206984715
8557,951982.4211216406
8558,951982.4190478085
8559,951982.4213978482
8560,951982.4218818882
8561,951982.4211452754
8562,951982.4180679519
8563,951982.4203357083
8564,951982.4219097391
8565,951982.4201804145
8566,951982.4223290685
8567,951982.4197858665
8568,951982.4214138808
8569,951982.4211203274
8570,951982.4215415781
8571,951982.4233532964
8572,951982.421460079
8573,951982.4208914179
8574,951982.4225306555
8575,951982.4225627441
8576,951982.4210143632
8577,951982.4203380777
8578,951982.4212019859
8579,951982.4220204945
8580,951982.4194399819
8581,951982.4210234163
8582,951982.4234624741
8583,951982.4197428923
8584,951982.4195666469
8585,951982.4192967853
8586,951982.4229391452
8587,951982.4203462588
8588,951982.4215224386
8589,951982.42039624
8590,951982.4229888277
8591,951982.4212808176
8592,951982.4210400651
8593,951982.4222510343
8594,951982.4219981005
8595,951982.4206576062
8596,951982.4220411032
8597,951982.4191107433
8598,951982.4209547464
8599,951982.4215942658
8600,951982.4210995341
8601,951982.4206217187
8602,951982.4206539565
8603,951982.4220138188
8604,951982.4190695335
8605,951982.4209768306
8606,951982.4206811258
8607,951982.420651168
8608,951982.4235480438
8609,951982.4231660689
8610,951982.4196456599
8611,951982.4216897739
8612,951982.420033809
8613,951982.4210164946
8614,951982.4197742441
8615,951982.4217494706
8616,951982.4212502223
8617,951982.4215265663
8618,951982.4192580872
8619,951982.4221241481
8620,951982.4205946835
8621,951982.4223166599
8622,951982.4219029443
8623,951982.4217148789
8624,951982.4226394478
8625,951982.419825075
8626,951982.419454597
8627,951982.4207646629
8628,951982.4200963746
8629,951982.4207111744
8630,951982.4231399202
8631,951982.4218284575
8632,951982.4200502802
8633,951982.4215203119
8634,951982.4207043515
8635,951982.4216469959
8636,951982.4209981284
8637,951982.4217283857
8638,951982.4215384711
8639,951982.4236815412
8640,951982.4203277194
8641,951982.4203715764
8642,951982.4208057731
8643,951982.4216881838
8644,951982.4220954197
8645,951982.4198628543
8646,951982.4216791978
8647,951982.4205871428
8648,951982.4200654025
8649,951982.4183032269
8650,951982.4209107879
8651,951982.4204816533
8652,951982.4214510093
8653,951982.4211019375
8654,951982.4194175657
8655,951982.4218639837
8656,951982.419292857
8657,951982.4220367318
8658,951982.4207150021
8659,951982.4232811441
8660,951982.4174776124
8661,951982.4224875679
8662,951982.4216069662
8663,951982.4228672659
8664,951982.4212038309
8665,951982.4211022458
8666,951982.4212725618
8667,951982.4209603287
8668,951982.4193877529
8669,951982.4219828015
8670,951982.4199368516
8671,951982.419269592
8672,951982.4185155897
8673,951982.4209297196
8674,951982.4193602458
8675,951982.4199527089
8676,951982.4212580341
8677,951982.419602176
8678,951982.4212605887
8679,951982.4213624529
8680,951982.4214049625
8681,951982.421872105
8682,951982.4226812109
8683,951982.422411122
8684,951982.4216872541
8685,951982.4219557004
8686,951982.4206685558
8687,951982.4207559885
8688,951982.4186805886
8689,951982.4214882696
8690,951982.4218230719
8691,951982.4208119343
8692,951982.4225516589
8693,951982.4222590078
8694,951982.4194767348
8695,951982.4210740176
8696,951982.4221654232
8697,951982.4202039363
8698,951982.4232454939
8699,951982.4215198898
8700,951982.4209815639
8701,951982.4226018656
8702,951982.4219255458
8703,951982.4208555712
8704,951982.4205899929
8705,951982.4191303296
8706,951982.4212069943
8707,951982.4220802148
8708,951982.4230157573
8709,951982.4217774316
8710,951982.4208777595
8711,951982.4205776011
8712,951982.4189656671
8713,951982.4226820663
8714,951982.420825777
8715,951982.4223658629
8716,951982.4202203102
8717,951982.4201418203
8718,951982.4213453407
8719,951982.4193794255
8720,951982.422286062
8721,951982.4219513306
8722,951982.4210752945
8723,951982.4204679967
8724,951982.4211044338
8725,951982.4210525631
8726,951982.4219787059
8727,951982.4220441149
8728,951982.4210886367
8729,951982.4209756322
8730,951982.4238746931
8731,951982.4229932933
8732,951982.4200565398
8733,951982.4231813073
8734,951982.4193733591
8735,951982.4216972427
8736,951982.4230737903
8737,951982.4205419462
8738,951982.4208715189
8739,951982.4211049636
8740,951982.4216209544
8741,951982.4210824993
8742,951982.4214676251
8743,951982.4213572057
8744,951982.4210508062
8745,951982.4210069932
8746,951982.4213012987
8747,951982.4199441975
8748,951982.4213039285
8749,951982.4221577178
8750,951982.4202254816
8751,951982.4215519443
8752,951982.4220671149
8753,951982.4213507891
8754,951982.4207084612
8755,951982.4213006407
8756,951982.421729537
8757,951982.4208088984
8758,951982.4211320954
8759,951982.4203821219
8760,951982.4207394713
8761,951982.4202222124
8762,951982.4211592278
8763,951982.4217395722
8764,951982.4196753377
8765,951982.420749989
8766,951982.4202654117
8767,951982.4204334242
8768,951982.4197174307
8769,951982.4195751776
8770,951982.4211455787
8771,951982.4211455785
8772,631675.1071926329
8773,631675.1071926329
8774,631675.1071926329
8775,631675.1071926339
8776,631675.1071926326
8777,631675.1071926336
8778,631675.1071926331
8779,631675.1071926332
8780,631675.107192634
8781,631675.1071926339
8782,631675.1071926341
8783,631675.1075986404
8784,631675.1089133522
8785,631675.1070063232
8786,631675.1070631765
8787,631675.1063237377
8788,631675.108796064
8789,631675.1078175768
8790,631675.1054231594
8791,631675.105867076
8792,631675.1058367942
8793,631675.1057736805
8794,631675.1076470102
8795,631675.1088064598
8796,631675.1060683399
8797,631675.1066928187
8798,631675.1068055633
8799,631675.1071868808
8800,631675.1076125017
8801,631675.1066543519
8802,631675.1074550791
8803,631675.108280479
8804,631675.1063141624
8805,631675.1060113809
8806,631675.1068657414
8807,631675.1058507438
8808,631675.1065160414
8809,631675.1079168426
8810,631675.1077176603
8811,631675.1073364832
8812,631675.1062861339
8813,631675.1047226104
8814,631675.1070496322
8815,631675.107738464
8816,631675.1065756521
8817,631675.1075423541
8818,631675.1084202467
8819,631675.1072193846
8820,631675.1058228647
8821,631675.1067395994
8822,631675.1058412392
8823,631675.1089255664
8824,631675.1069044723
8825,631675.1068661358
8826,631675.107668099
8827,631675.1070320134
8828,631675.1068542667
8829,631675.1083557403
8830,631675.1083168708
8831,631675.1073271784
8832,631675.1081501227
8833,631675.1063505168
8834,631675.1067627785
8835,631675.1084833822
8836,631675.1077877461
8837,631675.106768853
8838,631675.1073182707
8839,631675.1075857045
8840,631675.1070304457
8841,631675.1087831835
8842,631675.1072455767
8843,631675.1069790254
8844,631675.1086556448
8845,631675.1063420551
8846,631675.109807825
8847,631675.1075162636
8848,631675.1067083462
8849,631675.1069336783
8850,631675.1057233742
8851,631675.1064993119
8852,631675.1053914526
8853,631675.1092051166
8854,631675.1077954005
8855,631675.1086503651
8856,631675.1075347192
8857,631675.1089852629
8858,631675.107277059
8859,631675.106898908
8860,631675.1081735138
8861,631675.1068264622
8862,631675.1086021638
8863,631675.1089597178
8864,631675.1058179162
8865,631675.1064160996
8866,631675.1083565624
8867,631675.107523717
8868,631675.1078667494
8869,631675.108235092
8870,631675.107681699
8871,631675.1083752669
8872,631675.1076864586
8873,631675.106305486
8874,631675.1068675049
8875,631675.1070116867
8876,631675.1076382218
8877,631675.1078725208
8878,631675.1069758794
8879,631675.1071100667
8880,631675.1081547798
8881,631675.1067785717
8882,631675.106049588
8883,631675.1055147635
8884,631675.1078463393
8885,631675.1061473214
8886,631675.1058834377
8887,631675.1096255213
8888,631675.1080918066
8889,631675.1063124877
8890,631675.1077960428
8891,631675.1086848063
8892,631675.105697676
8893,631675.1067786205
8894,631675.1074414186
8895,631675.1082912396
8896,631675.1070884704
8897,631675.1070069349
8898,631675.1062332949
8899,631675.106771998
8900,631675.1065758822
8901,631675.105836811
8902,631675.1070951793
8903,631675.1076038023
8904,631675.106064541
8905,631675.1069866134
8906,631675.1071698153
8907,631675.1063232819
8908,631675.1074755188
8909,631675.1076240764
8910,631675.106721899
8911,631675.1059870583
8912,631675.1062757411
8913,631675.1091144742
8914,631675.1061158106
8915,631675.1063136004
8916,631675.1066995418
8917,631675.1073080434
8918,631675.1082821345
8919,631675.1069199421
8920,631675.1070693305
8921,631675.107088167
8922,631675.1078016246
8923,631675.1056525377
8924,631675.1093983003
8925,631675.1079013661
8926,631675.1065506327
8927,631675.1077518059
8928,631675.1081126614
8929,631675.108946714
8930,631675.108142038
8931,631675.1066577407
8932,631675.1062731637
8933,631675.1083975703
8934,631675.106747459
8935,631675.1071374406
8936,631675.1073897897
8937,631675.1071042181
8938,631675.1069697768
8939,631675.1070096776
8940,631675.1058649013
8941,631675.1084748455
8942,631675.1079476314
8943,631675.1083148374
8944,631675.1056423428
8945,631675.1058788226
8946,631675.1072724849
8947,631675.1070571758
8948,631675.1073241596
8949,631675.1062604267
8950,631675.1080956464
8951,631675.106442681
8952,631675.1071295021
8953,631675.1076061524
8954,631675.1072911273
8955,631675.1073287983
8956,631675.1081494109
8957,631675.1085568801
8958,631675.1077739983
8959,631675.1086955315
8960,631675.1082749901
8961,631675.1076532915
8962,631675.1082044517
8963,631675.1072473531
8964,631675.1067422502
8965,631675.1085825122
8966,631675.1083842354
8967,631675.1060730562
8968,631675.1073692364
8969,631675.1060902147
8970,631675.106308085
8971,631675.1080891356
8972,631675.107402809
8973,631675.1077009451
8974,631675.1053482495
8975,631675.1080317996
8976,631675.105593552
8977,631675.1060187728
8978,631675.1075112155
8979,631675.1056772103
8980,631675.1069078037
8981,631675.1084869159
8982,631675.107510317
8983,631675.1060341939
8984,631675.1084318302
8985,631675.1067125134
8986,631675.1065334716
8987,631675.1076461725
8988,631675.1074138939
8989,631675.1082900502
8990,631675.1076641447
8991,631675.1091263102
8992,631675.1078958855
8993,631675.1069920975
8994,631675.1080459121
8995,631675.1076841394
8996,631675.1056332535
8997,631675.1061019026
8998,631675.1087993409
8999,631675.1070719105
9000,631675.1065369041
9001,631675.1067715477
9002,631675.1065114448
9003,631675.1062339995
9004,631675.1082048886
9005,631675.1058723116
9006,631675.1078718267
9007,631675.106062986
9008,631675.1063581369
9009,631675.1067074408
9010,631675.105641392
9011,631675.1079633938
9012,631675.1058495519
9013,631675.107292516
9014,631675.1065715813
9015,631675.1069414497
9016,631675.1061154486
9017,631675.1066689743
9018,631675.1090895397
9019,631675.1078409377
9020,631675.1077810776
9021,631675.1064341916
9022,631675.1071625946
9023,631675.1068407096
9024,631675.1083432566
9025,631675.1078888606
9026,631675.1063239618
9027,631675.107196054
9028,631675.1092091491
9029,631675.1069252976
9030,631675.1074912671
9031,631675.1078983614
9032,631675.1070470206
9033,631675.1068669654
9034,631675.1073157064
9035,631675.1056055113
9036,631675.1073799966
9037,631675.1072250161
9038,631675.1059035374
9039,631675.1064898706
9040,631675.1055477
9041,631675.1064690398
9042,631675.1084222293
9043,631675.1082727507
9044,631675.1077941087
9045,631675.1088157911
9046,631675.1068893827
9047,631675.1066116509
9048,631675.1063171955
9049,631675.1092295974
9050,631675.1078880371
9051,631675.1063797101
9052,631675.1058636837
9053,631675.1077328357
9054,631675.1079732986
9055,631675.1078469134
9056,631675.1079153091
9057,631675.107663862
9058,631675.1073397945
9059,631675.1076012495
9060,631675.1067907865
9061,631675.1089881279
9062,631675.10798896
9063,631675.1070074085
9064,631675.1084627572
9065,631675.1067825552
9066,631675.1066998433
9067,631675.1072374043
9068,631675.1059461253
9069,631675.106877576
9070,631675.1071228061
9071,631675.1075263834
9072,631675.1081536894
9073,631675.1074877052
9074,631675.1050884384
9075,631675.1053327161
9076,631675.1086408834
9077,631675.1069326263
9078,631675.1074764145
9079,631675.1069822538
9080,631675.1063985784
9081,631675.1079843041
9082,631675.1077628927
9083,631675.1081664053
9084,631675.1077839353
9085,631675.1066167421
9086,631675.106488018
9087,631675.1089033623
9088,631675.1078452097
9089,631675.1083676714
9090,631675.1076337537
9091,631675.1058783302
9092,631675.1067282833
9093,631675.1077920349
9094,631675.1057707205
9095,631675.1065563441
9096,631675.1066484562
9097,631675.1077297922
9098,631675.1053749481
9099,631675.1077403403
9100,631675.1090217502
9101,631675.1066350869
9102,631675.1065846839
9103,631675.1067602035
9104,631675.1061076821
9105,631675.1073249371
9106,631675.1084523386
9107,631675.106861333
9108,631675.1073347769
9109,631675.1082134327
9110,631675.1058504629
9111,631675.1076624703
9112,631675.1078924261
9113,631675.1048903746
9114,631675.1073337375
9115,631675.1069276105
9116,631675.1081378354
9117,631675.1083568711
9118,631675.1077148243
9119,631675.1068233551
9120,631675.1074357599
9121,631675.1064832686
9122,631675.1075323664
9123,631675.1076421455
9124,631675.1078466756
9125,631675.1079677491
9126,631675.1083729827
9127,631675.1073357534
9128,631675.1074548826
9129,631675.105969225
9130,631675.106256382
9131,631675.1073786579
9132,631675.1065648706
9133,631675.1075463216
9134,631675.1076248552
9135,631675.1082149751
9136,631675.1073011231
9137,631675.10748665
9138,631675.1064076204
9139,631675.1090677188
9140,631675.1065914605
9141,631675.1064147017
9142,631675.1067888108
9143,631675.1071532682
9144,631675.1072905676
9145,631675.1094067628
9146,631675.109364463
9147,631675.1068234455
9148,631675.1072233137
9149,631675.1078981889
9150,631675.1071405796
9151,631675.109026522
9152,631675.1073532767
9153,631675.1077453293
9154,631675.1068230363
9155,631675.1070958512
9156,631675.1063054203
9157,631675.106724039
9158,631675.1069434354
9159,631675.1068233178
9160,631675.1074196958
9161,631675.1064205341
9162,631675.1059815993
9163,631675.1071503466
9164,631675.1066061567
9165,631675.105714853
9166,631675.1069886188
9167,631675.1087181512
9168,631675.1089495863
9169,631675.1091203104
9170,631675.1074887946
9171,631675.1070221629
9172,631675.1073222425
9173,631675.1076845711
9174,631675.1082443343
9175,631675.1080234807
9176,631675.1082069427
9177,631675.1068360232
9178,631675.1072142557
9179,631675.1070159273
9180,631675.1067178989
9181,631675.1062268512
9182,631675.1075182019
9183,631675.1075998928
9184,631675.1061460814
9185,631675.107438929
9186,631675.1057452976
9187,631675.1074303729
9188,631675.1056438105
9189,631675.107149881
9190,631675.1071911687
9191,631675.1067464325
9192,631675.1079136446
9193,631675.107291093
9194,631675.1072326659
9195,631675.1070390856
9196,631675.1071959127
9197,631675.1078560901
9198,631675.1080809309
9199,631675.1076974452
9200,631675.1072205162
9201,631675.1073038008
9202,631675.1075768609
9203,631675.1084370499
9204,631675.1072775683
9205,631675.1055504233
9206,631675.1083427782
9207,631675.10707837
9208,631675.1073840018
9209,631675.1062399665
9210,631675.1061762125
9211,631675.1070223363
9212,631675.106078659
9213,631675.108346901
9214,631675.1081174806
9215,631675.108084165
9216,631675.1087162014
9217,631675.107099453
9218,631675.1078250427
9219,631675.1074681699
9220,631675.1068609575
9221,631675.1079726248
9222,631675.1087105216
9223,631675.1064542759
9224,631675.1067537337
9225,631675.1074842978
9226,631675.1084276681
9227,631675.1072171691
9228,631675.1072652956
9229,631675.1080417561
9230,631675.1066599657
9231,631675.1059445292
9232,631675.1067993896
9233,631675.1084171262
9234,631675.1076416696
9235,631675.1061057646
9236,631675.106790365
9237,631675.1063446128
9238,631675.1085875765
9239,631675.1063332356
9240,631675.106610658
9241,631675.106360984
9242,631675.1066702798
9243,631675.1078459875
9244,631675.1064408828
9245,631675.1065501984
9246,631675.1055970944
9247,631675.1070932834
9248,631675.1084373735
9249,631675.1059005177
9250,631675.107033981
9251,631675.1074004396
9252,631675.1080823604
9253,631675.1062795921
9254,631675.1074334946
9255,631675.1079633863
9256,631675.1068338484
9257,631675.1086707879
9258,631675.109592215
9259,631675.1071983003
9260,631675.105356262
9261,631675.1093450194
9262,631675.108467078
9263,631675.1074619613
9264,631675.107962585
9265,631675.1064349808
9266,631675.1074657105
9267,631675.1088152308
9268,631675.107310358
9269,631675.105908752
9270,631675.1073772468
9271,631675.1072243412
9272,631675.1067362492
9273,631675.1086900391
9274,631675.107085302
9275,631675.1070216817
9276,631675.1073720971
9277,631675.1071741068
9278,631675.1055959912
9279,631675.1066657838
9280,631675.106742732
9281,631675.1080955114
9282,631675.1083690323
9283,631675.1088381007
9284,631675.1069766633
9285,631675.1073776245
9286,631675.1063076458
9287,631675.1063858666
9288,631675.1060327927
9289,631675.1062992155
9290,631675.107892397
9291,631675.1050681205
9292,631675.1062501658
9293,631675.106014922
9294,631675.1078063842
9295,631675.1066431244
9296,631675.1074060205
9297,631675.1072604994
9298,631675.1060876304
9299,631675.1074842222
9300,631675.1060567258
9301,631675.1070635896
9302,631675.1070894342
9303,631675.1061849702
9304,631675.1087520564
9305,631675.1069578943
9306,631675.1076064338
9307,631675.1070781858
9308,631675.1067400981
9309,631675.1064798783
9310,631675.1072507788
9311,631675.1064641762
9312,631675.1067622678
9313,631675.1074789024
9314,631675.106047365
9315,631675.1063523197
9316,631675.1090344342
9317,631675.1080692224
9318,631675.1054471603
9319,631675.1066970705
9320,631675.10745216
9321,631675.1069898818
9322,631675.1077346532
9323,631675.106963014
9324,631675.1072036109
9325,631675.1071596125
9326,631675.1092391078
9327,631675.1088166268
9328,631675.1071121902
9329,631675.1067713508
9330,631675.10798899
9331,631675.1076191603
9332,631675.1094780199
9333,631675.1056460302
9334,631675.1071144983
9335,631675.1066653206
9336,631675.1064457701
9337,631675.1076382572
9338,631675.107201214
9339,631675.1074081727
9340,631675.107646134
9341,631675.106473953
9342,631675.1089597043
9343,631675.1069616951
9344,631675.1062089554
9345,631675.1067472777
9346,631675.1054586071
9347,631675.1068894952
9348,631675.1080267505
9349,631675.1068811992
9350,631675.1083637446
9351,631675.106921409
9352,631675.1072084181
9353,631675.1075369852
9354,631675.1072729469
9355,631675.1083649845
9356,631675.1068097806
9357,631675.1065260615
9358,631675.1078281841
9359,631675.1064899171
9360,631675.1070384457
9361,631675.1076378035
9362,631675.1055580425
9363,631675.1078840304
9364,631675.1071590942
9365,631675.1057388823
9366,631675.1076093201
9367,631675.1070713445
9368,631675.1069388171
9369,631675.1084535554
9370,631675.1064891104
9371,631675.1068616558
9372,631675.1053682276
9373,631675.1064025109
9374,631675.1082744071
9375,631675.1081214084
9376,631675.1064896556
9377,631675.1064736423
9378,631675.1057625635
9379,631675.1072855077
9380,631675.1068604926
9381,631675.1072327986
9382,631675.1051970026
9383,631675.107810387
9384,631675.1085826216
9385,631675.1070036768
9386,631675.1084263016
9387,631675.1054894183
9388,631675.1065918282
9389,631675.1064379595
9390,631675.1077446872
9391,631675.1052417706
9392,631675.107928406
9393,631675.1069799307
9394,631675.108271367
9395,631675.1070973881
9396,631675.1076457617
9397,631675.106853592
9398,631675.1082663962
9399,631675.1070634181
9400,631675.1076151157
9401,631675.1068843557
9402,631675.105926617
9403,631675.1073624692
9404,631675.1070582236
9405,631675.1051952927
9406,631675.1065980473
9407,631675.1068205908
9408,631675.106677723
9409,631675.1065089937
9410,631675.1062073372
9411,631675.1072732501
9412,631675.1076821701
9413,631675.1090858701
9414,631675.1063202426
9415,631675.1074626917
9416,631675.1068539246
9417,631675.1071849386
9418,631675.1077430318
9419,631675.1058458311
9420,631675.1080602349
9421,631675.1070263202
9422,631675.1070562068
9423,631675.1080219967
9424,631675.1079345433
9425,631675.1066251079
9426,631675.1073032685
9427,631675.1080872945
9428,631675.1092434893
9429,631675.1087967182
9430,631675.1071838312
9431,631675.1071294228
9432,631675.1062342597
9433,631675.1070889302
9434,631675.1084672544
9435,631675.1075248842
9436,631675.1064881252
9437,631675.1083813439
9438,631675.1066198781
9439,631675.107564761
9440,631675.1078379516
9441,631675.1070746571
9442,631675.106322335
9443,631675.1071063463
9444,631675.1069663006
9445,631675.1055953932
9446,631675.106513361
9447,631675.1066566912
9448,631675.1058265676
9449,631675.1074479105
9450,631675.1085061757
9451,631675.1066077069
9452,631675.1077611762
9453,631675.1062093502
9454,631675.1074412253
9455,631675.1063293497
9456,631675.1070652232
9457,631675.1082760851
9458,631675.1066406708
9459,631675.1072372497
9460,631675.1082462088
9461,631675.1085987106
9462,631675.106784864
9463,631675.106348807
9464,631675.1064435879
9465,631675.1060084163
9466,631675.1073231746
9467,631675.1068136818
9468,631675.1072998368
9469,631675.1069212352
9470,631675.1068878295
9471,631675.1077751174
9472,631675.1074494171
9473,631675.1075311792
9474,631675.1075126017
9475,631675.1093752587
9476,631675.1064348666
9477,631675.1073880694
9478,631675.1067858861
9479,631675.1057514981
9480,631675.1067133512
9481,631675.1065925745
9482,631675.1087145731
9483,631675.106211588
9484,631675.108565223
9485,631675.1059779003
9486,631675.1069919089
9487,631675.1065164339
9488,631675.1068241314
9489,631675.106021726
9490,631675.1070577761
9491,631675.1062519859
9492,631675.1056914163
9493,631675.1067559083
9494,631675.1066388681
9495,631675.1079405699
9496,631675.1073719129
9497,631675.1064706455
9498,631675.1062732456
9499,631675.1066265857
9500,631675.1064214963
9501,631675.1071926334
9502,631675.1071926332
9503,458487.8652237528
9504,458487.86522375257
9505,458487.8652237532
9506,458487.86522375315
9507,458487.86522375396
9508,458487.8652237525
9509,458487.86522375233
9510,458487.8652237528
9511,458487.86522375303
9512,458487.86522375344
9513,458487.8652237534
9514,458487.8644515161
9515,458487.8655784504
9516,458487.8642070155
9517,458487.86575121793
9518,458487.8653872063
9519,458487.8651452013
9520,458487.86567569914
9521,458487.86522991274
9522,458487.86506015476
9523,458487.8652625636
9524,458487.86537913344
9525,458487.8650273168
9526,458487.86517746776
9527,458487.8649639496
9528,458487.8649838758
9529,458487.86635431123
9530,458487.86465043
9531,458487.86537373275
9532,458487.86506940855
9533,458487.86496911617
9534,458487.86479580816
9535,458487.8645470824
9536,458487.86554049293
9537,458487.86564677855
9538,458487.8657848694
9539,458487.8648307253
9540,458487.86439832754
9541,458487.8643410212
9542,458487.8649317497
9543,458487.8659486976
9544,458487.8650232597
9545,458487.86504889344
9546,458487.86476116633
9547,458487.8643538454
9548,458487.8643305988
9549,458487.86598088534
9550,458487.8657720766
9551,458487.8648895271
9552,458487.8650417723
9553,458487.86521408026
9554,458487.8650179393
9555,458487.86532698193
9556,458487.8643498827
9557,458487.86585530563
9558,458487.8648184945
9559,458487.86463255447
9560,458487.8646287173
9561,458487.8651658769
9562,458487.86482528126
9563,458487.8659548933
9564,458487.86551182787
9565,458487.8659059147
9566,458487.8648439879
9567,458487.8650210085
9568,458487.86497921805
9569,458487.86508542293
9570,458487.8654705202
9571,458487.8663256843
9572,458487.8650999321
9573,458487.8638220064
9574,458487.86490434775
9575,458487.86606743996
9576,458487.86497933307
9577,458487.864627308
9578,458487.8654471611
9579,458487.8650420277
9580,458487.8645301403
9581,458487.8668153621
9582,458487.86515590723
9583,458487.865693847
9584,458487.8652709662
9585,458487.865942796
9586,458487.8647228605
9587,458487.86604687496
9588,458487.86452465085
9589,458487.8655294145
9590,458487.8647588358
9591,458487.865303093
9592,458487.86432190565
9593,458487.8661974585
9594,458487.86394242913
9595,458487.86467845296
9596,458487.86511667666
9597,458487.86518776
9598,458487.86545683723
9599,458487.8651105577
9600,458487.86500242475
9601,458487.86518678855
9602,458487.8651129252
9603,458487.86664419307
9604,458487.8650592645
9605,458487.865844857
9606,458487.8661481232
9607,458487.8651687024
9608,458487.8653096745
9609,458487.8651436592
9610,458487.8648182287
9611,458487.8639598941
9612,458487.86507695186
9613,458487.8657312729
9614,458487.86446153
9615,458487.86653578794
9616,458487.86626742675
9617,458487.8644690042
9618,458487.86546830676
9619,458487.86479479633
9620,458487.86543637083
9621,458487.8663510549
9622,458487.86628594116
9623,458487.865852775
9624,458487.8662321217
9625,458487.86655943183
9626,458487.8650083496
9627,458487.8652402412
9628,458487.86437863635
9629,458487.865003944
9630,458487.8644824565
9631,458487.86526274163
9632,458487.8658023011
9633,458487.8648295225
9634,458487.86461527896
9635,458487.8645456927
9636,458487.8653816927
9637,458487.86419624527
9638,458487.8654203389
9639,458487.86569153634
9640,458487.86581014603
9641,458487.8656194762
9642,458487.86446309683
9643,458487.86574018956
9644,458487.86528813833
9645,458487.8649820122
9646,458487.8640907611
9647,458487.8641450103
9648,458487.86391076446
9649,458487.8652775717
9650,458487.86470249464
9651,458487.86606916826
9652,458487.86524016695
9653,458487.8647884027
9654,458487.86486784485
9655,458487.8666629564
9656,458487.8655347493
9657,458487.865476888
9658,458487.8658619628
9659,458487.86496977124
9660,458487.865350559
9661,458487.86482692044
9662,458487.8645147551
9663,458487.86445926194
9664,458487.86416929984
9665,458487.8662368366
9666,458487.86457360996
9667,458487.865105128
9668,458487.8665383643
9669,458487.86498880666
9670,458487.86443025025
9671,458487.86516274686
9672,458487.86619150516
9673,458487.8656533609
9674,458487.8657057354
9675,458487.8653975962
9676,458487.8643585111
9677,458487.8652896276
9678,458487.86476684525
9679,458487.86577318935
9680,458487.8639110251
9681,458487.8649451395
9682,458487.8648992765
9683,458487.865016455
9684,458487.86446432385
9685,458487.86513796955
9686,458487.86642582057
9687,458487.8652376711
9688,458487.86629606807
9689,458487.865271598
9690,458487.86614231666
9691,458487.8659065864
9692,458487.864826352
9693,458487.86559069925
9694,458487.8652145564
9695,458487.86492142925
9696,458487.86568259983
9697,458487.8669282651
9698,458487.8640521153
9699,458487.8662174314
9700,458487.8648451071
9701,458487.8658161987
9702,458487.86547483073
9703,458487.86491698894
9704,458487.8656076121
9705,458487.8656155272
9706,458487.8637075671
9707,458487.8653798004
9708,458487.8653539613
9709,458487.86514415377
9710,458487.8652132429
9711,458487.8646363772
9712,458487.8655738572
9713,458487.8655987601
9714,458487.86472919653
9715,458487.8658977189
9716,458487.8648969437
9717,458487.8656553997
9718,458487.86607545
9719,458487.86556019797
9720,458487.86441261374
9721,458487.8650131218
9722,458487.8665624412
9723,458487.86521523254
9724,458487.86533219815
9725,458487.86513360526
9726,458487.8662448092
9727,458487.864542579
9728,458487.86447253637
9729,458487.86448559345
9730,458487.86462869064
9731,458487.86543014867
9732,458487.8652379582
9733,458487.86426239816
9734,458487.864178611
9735,458487.8652215318
9736,458487.8647442538
9737,458487.86508578004
9738,458487.8650246647
9739,458487.8659554165
9740,458487.86670970044
9741,458487.8647342413
9742,458487.8665570517
9743,458487.86513994465
9744,458487.86474051967
9745,458487.8639436822
9746,458487.8649026362
9747,458487.8640116941
9748,458487.864323306
9749,458487.8656319419
9750,458487.86581569636
9751,458487.8654014332
9752,458487.86412433605
9753,458487.86555458803
9754,458487.86580920935
9755,458487.8653717839
9756,458487.8647316113
9757,458487.8660540573
9758,458487.8654589629
9759,458487.8661862888
9760,458487.86658396607
9761,458487.8647726537
9762,458487.86517841637
9763,458487.86446654605
9764,458487.8643160088
9765,458487.8651504732
9766,458487.86529280903
9767,458487.86452964204
9768,458487.86559126026
9769,458487.86414865445
9770,458487.8660219632
9771,458487.86453730974
9772,458487.8654283582
9773,458487.86498678
9774,458487.8652609723
9775,458487.8656845394
9776,458487.86570215924
9777,458487.86555700476
9778,458487.86512952746
9779,458487.8646963112
9780,458487.8650410993
9781,458487.86503453576
9782,458487.86532543297
9783,458487.8635184012
9784,458487.8643371519
9785,458487.8653832509
9786,458487.86641634145
9787,458487.8652362239
9788,458487.86450683326
9789,458487.8652424458
9790,458487.8644178909
9791,458487.8651859462
9792,458487.86537676223
9793,458487.865637692
9794,458487.86545653373
9795,458487.86496530235
9796,458487.86573060177
9797,458487.8645766983
9798,458487.86561322666
9799,458487.86452809686
9800,458487.8658287462
9801,458487.8655561628
9802,458487.8656107426
9803,458487.8656598447
9804,458487.86539432924
9805,458487.86334864417
9806,458487.8645331048
9807,458487.86574113474
9808,458487.86547367554
9809,458487.86650590703
9810,458487.86453955894
9811,458487.8664198155
9812,458487.86463411775
9813,458487.86453611765
9814,458487.86598600063
9815,458487.865968136
9816,458487.8652945005
9817,458487.86523910396
9818,458487.86733047187
9819,458487.86578390026
9820,458487.8648345759
9821,458487.8649290739
9822,458487.86536697857
9823,458487.86608656065
9824,458487.86563386995
9825,458487.86545972177
9826,458487.86551404174
9827,458487.8647535363
9828,458487.86519276275
9829,458487.8641755941
9830,458487.86543794785
9831,458487.8662059442
9832,458487.8644221148
9833,458487.8644503175
9834,458487.86413445446
9835,458487.8660938816
9836,458487.8648152559
9837,458487.86720126786
9838,458487.8647260645
9839,458487.86629428924
9840,458487.86611390725
9841,458487.86488314153
9842,458487.86457952845
9843,458487.8650179365
9844,458487.86338071054
9845,458487.8656582825
9846,458487.8651071121
9847,458487.86614709935
9848,458487.86469451507
9849,458487.8657329685
9850,458487.86532020586
9851,458487.8654131545
9852,458487.8651108136
9853,458487.86431803135
9854,458487.86507578305
9855,458487.8644906447
9856,458487.8649952813
9857,458487.86464789946
9858,458487.8665543241
9859,458487.86606847437
9860,458487.8651127213
9861,458487.8652944145
9862,458487.8648964361
9863,458487.86489057797
9864,458487.86501506105
9865,458487.86448841245
9866,458487.8647701022
9867,458487.86654948717
9868,458487.86563214846
9869,458487.86398844514
9870,458487.86455673346
9871,458487.8649968291
9872,458487.8652913809
9873,458487.8654301125
9874,458487.86431814765
9875,458487.86585218593
9876,458487.86494092835
9877,458487.86591353366
9878,458487.8652487589
9879,458487.8653028053
9880,458487.8645995928
9881,458487.8651742328
9882,458487.8662384378
9883,458487.86541236955
9884,458487.865912253
9885,458487.866299537
9886,458487.8654440391
9887,458487.86546214746
9888,458487.8664821462
9889,458487.86568879144
9890,458487.86588819005
9891,458487.86581302574
9892,458487.8654531779
9893,458487.8652760907
9894,458487.8652521763
9895,458487.86451658234
9896,458487.864877323
9897,458487.8657539086
9898,458487.8669081908
9899,458487.866365742
9900,458487.86629652116
9901,458487.8653667518
9902,458487.86586342123
9903,458487.86531992326
9904,458487.8656010201
9905,458487.8656989432
9906,458487.8655191184
9907,458487.86615390703
9908,458487.86570534605
9909,458487.86568306485
9910,458487.86475724744
9911,458487.86458968173
9912,458487.8648018716
9913,458487.8647141659
9914,458487.8657046322
9915,458487.8664545841
9916,458487.8646828221
9917,458487.8650790481
9918,458487.8663079128
9919,458487.86536976683
9920,458487.86473418993
9921,458487.86491050065
9922,458487.86503204226
9923,458487.8652860022
9924,458487.86559948215
9925,458487.86580903555
9926,458487.86513757164
9927,458487.8646091443
9928,458487.86609694146
9929,458487.8649759439
9930,458487.865039953
9931,458487.86621953157
9932,458487.8654780861
9933,458487.86474285525
9934,458487.865902481
9935,458487.8652354904
9936,458487.8642453019
9937,458487.8648674643
9938,458487.8654435375
9939,458487.86543330346
9940,458487.8654684126
9941,458487.864767543
9942,458487.86581208685
9943,458487.8645896822
9944,458487.8649673564
9945,458487.8673008926
9946,458487.8656948537
9947,458487.8649664814
9948,458487.8654644055
9949,458487.86634986626
9950,458487.8664784366
9951,458487.8654216092
9952,458487.8669758703
9953,458487.86464770214
9954,458487.8648134474
9955,458487.8638818893
9956,458487.8654489675
9957,458487.86607715994
9958,458487.86523623584
9959,458487.8664524726
9960,458487.8662576037
9961,458487.8633811175
9962,458487.8657473463
9963,458487.86536081316
9964,458487.86611227767
9965,458487.86541247135
9966,458487.8650091674
9967,458487.86488313274
9968,458487.8653355875
9969,458487.86482982885
9970,458487.8656093612
9971,458487.86493555625
9972,458487.8649663472
9973,458487.8648466284
9974,458487.86563875567
9975,458487.86381542106
9976,458487.86497967923
9977,458487.8640335762
9978,458487.86464422126
9979,458487.86441589467
9980,458487.8635622026
9981,458487.86675134685
9982,458487.8654128389
9983,458487.8660577089
9984,458487.8650741936
9985,458487.86470593
9986,458487.8654203928
9987,458487.8655036172
9988,458487.86623230897
9989,458487.8665692984
9990,458487.86531419284
9991,458487.86549349467
9992,458487.8647539736
9993,458487.86592157214
9994,458487.86670295545
9995,458487.86605237756
9996,458487.8648974047
9997,458487.86573808047
9998,458487.86602665763
9999,458487.8647661937
10000,458487.86561480915
10001,458487.86559768545
10002,458487.8648695689
10003,458487.86547565315
10004,458487.866271195
10005,458487.86597441294
10006,458487.86600033205
10007,458487.8647967466
10008,458487.86513578217
10009,458487.86382338044
10010,458487.86531259416
10011,458487.86491373205
10012,458487.8658388694
10013,458487.8657730641
10014,458487.8652138899
10015,458487.86497590184
10016,458487.8649688745
10017,458487.8648397008
10018,458487.86445765226
10019,458487.86624797434
10020,458487.86542405083
10021,458487.8654565298
10022,458487.8654803855
10023,458487.86434412544
10024,458487.86504461523
10025,458487.86602878774
10026,458487.86526069185
10027,458487.8651082916
10028,458487.86560859095
10029,458487.86494143464
10030,458487.8643937062
10031,458487.8653891073
10032,458487.8646805466
10033,458487.8653970487
10034,458487.8646117313
10035,458487.8642538054
10036,458487.864170135
10037,458487.86483226204
10038,458487.8652674121
10039,458487.86444215546
10040,458487.86487753474
10041,458487.8650443666
10042,458487.86482826155
10043,458487.864895861
10044,458487.8656147044
10045,458487.8651118329
10046,458487.86493777746
10047,458487.8666853067
10048,458487.86585949786
10049,458487.86458626145
10050,458487.8645271713
10051,458487.86508514726
10052,458487.865478707
10053,458487.8657165541
10054,458487.86540703126
10055,458487.86524342117
10056,458487.8662109735
10057,458487.8662017496
10058,458487.8661301384
10059,458487.86457770853
10060,458487.8652701544
10061,458487.86484078126
10062,458487.8650645421
10063,458487.866351188
10064,458487.8649737655
10065,458487.86576655204
10066,458487.86546416633
10067,458487.86548333813
10068,458487.86494674196
10069,458487.8651548271
10070,458487.8653248161
10071,458487.86537023727
10072,458487.86542138614
10073,458487.8655725372
10074,458487.8644560772
10075,458487.86528590345
10076,458487.86602374946
10077,458487.86400510673
10078,458487.86520479445
10079,458487.86547198205
10080,458487.8643018066
10081,458487.86532828223
10082,458487.8656532691
10083,458487.8654650202
10084,458487.8651969795
10085,458487.8643424329
10086,458487.8658443543
10087,458487.86539409653
10088,458487.8652306816
10089,458487.8670632023
10090,458487.86483922356
10091,458487.86556396744
10092,458487.86536179215
10093,458487.8636580882
10094,458487.8650692039
10095,458487.8650788746
10096,458487.86525128107
10097,458487.86528554966
10098,458487.86479502055
10099,458487.8650618793
10100,458487.8647183619
10101,458487.86523725424
10102,458487.86621862534
10103,458487.8640314592
10104,458487.8639649426
10105,458487.86622197134
10106,458487.8664249341
10107,458487.8653433974
10108,458487.8654684967
10109,458487.86456485186
10110,458487.864951686
10111,458487.8657343734
10112,458487.86530279473
10113,458487.86481450667
10114,458487.8646510997
10115,458487.8647544661
10116,458487.86444090743
10117,458487.86506978626
10118,458487.8642306548
10119,458487.86373677955
10120,458487.86522389285
10121,458487.8642381112
10122,458487.86470271536
10123,458487.86518147564
10124,458487.8648985264
10125,458487.86600803776
10126,458487.8653122129
10127,458487.8649003606
10128,458487.8655675006
10129,458487.864804368
10130,458487.8644394428
10131,458487.86545515095
10132,458487.8655289764
10133,458487.8649098999
10134,458487.8655368629
10135,458487.86654012254
10136,458487.8649889394
10137,458487.8648064454
10138,458487.86434060824
10139,458487.8652325286
10140,458487.8653738799
10141,458487.8651579669
10142,458487.8647946026
10143,458487.8654149753
10144,458487.86553402006
10145,458487.866365832
10146,458487.8664096052
10147,458487.86658647505
10148,458487.865627878
10149,458487.86494475295
10150,458487.86330588156
10151,458487.86493833666
10152,458487.86535027024
10153,458487.86528208817
10154,458487.86545637995
10155,458487.86667745176
10156,458487.8645113731
10157,458487.86530596437
10158,458487.86620811
10159,458487.8664541176
10160,458487.8662668835
10161,458487.86537484825
10162,458487.8655814943
10163,458487.86541868094
10164,458487.8658225229
10165,458487.8649211914
10166,458487.8639568868
10167,458487.86443777225
10168,458487.8663668817
10169,458487.86552715977
10170,458487.86557220604
10171,458487.8648448346
10172,458487.8650479052
10173,458487.8648843451
10174,458487.866129166
10175,458487.86399825924
10176,458487.86422170093
10177,458487.8653322148
10178,458487.86444549414
10179,458487.86444593495
10180,458487.8638270618
10181,458487.86545605626
10182,458487.8653388853
10183,458487.86572971486
10184,458487.86410685524
10185,458487.86451456184
10186,458487.86507075344
10187,458487.8651271775
10188,458487.8654263932
10189,458487.8651469169
10190,458487.8643716151
10191,458487.86718628125
10192,458487.8667154703
10193,458487.86441689427
10194,458487.86579117196
10195,458487.86616101227
10196,458487.8644223839
10197,458487.8656880345
10198,458487.8643815858
10199,458487.86537078
10200,458487.8650788751
10201,458487.8649814278
10202,458487.8656703883
10203,458487.8650442392
10204,458487.8644177734
10205,458487.86546472984
10206,458487.8653624908
10207,458487.8653191313
10208,458487.86502754746
10209,458487.86498034705
10210,458487.8660351237
10211,458487.866457421
10212,458487.8657164764
10213,458487.86551245267
10214,458487.8660035089
10215,458487.86564240867
10216,458487.86494209507
10217,458487.86495339574
10218,458487.8644574915
10219,458487.86516206723
10220,458487.8659841289
10221,458487.86517112365
10222,458487.8647972302
10223,458487.86484216974
10224,458487.8646356443
10225,458487.8655286769
10226,458487.8663404722
10227,458487.8652531759
10228,458487.86482216
10229,458487.86456725025
10230,458487.86511061445
10231,458487.86489703413
10232,458487.86522375303
10233,458487.86522375286
10234,360306.0396684089
10235,360306.0396684082
10236,360306.0396684082
10237,360306.0396684081
10238,360306.0396684083
10239,360306.03966840816
10240,360306.0396684087
10241,360306.03966840875
10242,360306.0396684087
10243,360306.03966840915
10244,360306.03966840927
10245,360306.04045641323
10246,360306.03931935236
10247,360306.0399222713
10248,360306.0388839998
10249,360306.04046168696
10250,360306.0408848103
10251,360306.0392531121
10252,360306.0396102457
10253,360306.0401752877
10254,360306.0391333524
10255,360306.03992000606
10256,360306.0400401521
10257,360306.03915647627
10258,360306.0402897649
10259,360306.0390325182
10260,360306.0386811017
10261,360306.03941201814
10262,360306.0395346515
10263,360306.03946226736
10264,360306.0398196396
10265,360306.0402603788
10266,360306.0398483124
10267,360306.0399335555
10268,360306.03944357665
10269,360306.0393189359
10270,360306.03905336815
10271,360306.039362909
10272,360306.039558663
10273,360306.0400275445
10274,360306.0400048368
10275,360306.0394255968
10276,360306.03997604613
10277,360306.0400560013
10278,360306.0396177481
10279,360306.04037834454
10280,360306.039706305
10281,360306.03895411553
10282,360306.04000968
10283,360306.0391501202
10284,360306.0394399289
10285,360306.0393298671
10286,360306.0390892573
10287,360306.04030832916
10288,360306.03837610036
10289,360306.03911111195
10290,360306.03950840194
10291,360306.0395034552
10292,360306.0387795902
10293,360306.03920978546
10294,360306.0392769341
10295,360306.03956550633
10296,360306.0389396145
10297,360306.0399419573
10298,360306.04000434047
10299,360306.03960618854
10300,360306.0390867196
10301,360306.0395146587
10302,360306.0399141295
10303,360306.039116684
10304,360306.03983265517
10305,360306.04017333634
10306,360306.039217906
10307,360306.0408423121
10308,360306.039575581
10309,360306.039648195
10310,360306.04127757496
10311,360306.038918707
10312,360306.0397159417
10313,360306.0404859046
10314,360306.03929287253
10315,360306.0397485783
10316,360306.039300612
10317,360306.03963089903
10318,360306.0386928496
10319,360306.0387185577
10320,360306.0398018659
10321,360306.03815172234
10322,360306.0394100604
10323,360306.0408876865
10324,360306.04017463746
10325,360306.040042215
10326,360306.0396006059
10327,360306.04013704846
10328,360306.04010891035
10329,360306.0395178669
10330,360306.0394173389
10331,360306.03971009795
10332,360306.03852753935
10333,360306.0404480516
10334,360306.0394634553
10335,360306.04053076054
10336,360306.04034955596
10337,360306.0395973309
10338,360306.0404596542
10339,360306.0398053252
10340,360306.04089755897
10341,360306.04075652745
10342,360306.03997647925
10343,360306.04060450237
10344,360306.0392163169
10345,360306.0396959201
10346,360306.03912866866
10347,360306.03955717775
10348,360306.0410635649
10349,360306.03860136186
10350,360306.0393549503
10351,360306.0395103753
10352,360306.0395042894
10353,360306.0401525433
10354,360306.0394532308
10355,360306.0401106525
10356,360306.03983976936
10357,360306.03906103957
10358,360306.03970656946
10359,360306.04011788097
10360,360306.03965156875
10361,360306.04007550585
10362,360306.0403405029
10363,360306.03933407407
10364,360306.0401408403
10365,360306.03905740706
10366,360306.0394715468
10367,360306.04061776353
10368,360306.0397766553
10369,360306.04072384525
10370,360306.03972670645
10371,360306.0398386603
10372,360306.03914018255
10373,360306.0391011074
10374,360306.03921543184
10375,360306.0390068181
10376,360306.0406166718
10377,360306.03936178365
10378,360306.04010353
10379,360306.03915343824
10380,360306.0387890372
10381,360306.04034062056
10382,360306.03976025514
10383,360306.03941107384
10384,360306.03997802234
10385,360306.0398608216
10386,360306.03973597416
10387,360306.0391716309
10388,360306.0396064051
10389,360306.0389153231
10390,360306.0397978151
10391,360306.0390701399
10392,360306.03920548054
10393,360306.04135269363
10394,360306.0392039891
10395,360306.0392995195
10396,360306.0393756221
10397,360306.0401493044
10398,360306.04077929363
10399,360306.0408776411
10400,360306.03963577416
10401,360306.0389745696
10402,360306.0393472238
10403,360306.0394026432
10404,360306.0398633805
10405,360306.04040711664
10406,360306.03929319076
10407,360306.03955130436
10408,360306.0397052611
10409,360306.03980367846
10410,360306.04002480156
10411,360306.0392892473
10412,360306.038820918
10413,360306.03871567815
10414,360306.04094727186
10415,360306.0395596463
10416,360306.03868189553
10417,360306.03925794136
10418,360306.0399596808
10419,360306.0388422474
10420,360306.0409320027
10421,360306.0393529878
10422,360306.0395322102
10423,360306.0392698082
10424,360306.03958136804
10425,360306.040367635
10426,360306.0399356908
10427,360306.0394538639
10428,360306.0385678353
10429,360306.04052032117
10430,360306.03967327013
10431,360306.03986573755
10432,360306.0395529955
10433,360306.0394291491
10434,360306.0406866564
10435,360306.0397776693
10436,360306.0391748908
10437,360306.03885017155
10438,360306.0393613655
10439,360306.0395034105
10440,360306.03987678187
10441,360306.03988229216
10442,360306.0392116492
10443,360306.0399932937
10444,360306.0402473908
10445,360306.0393506024
10446,360306.040080276
10447,360306.0387629437
10448,360306.03916964325
10449,360306.03992523655
10450,360306.03926405014
10451,360306.0388842474
10452,360306.04043754673
10453,360306.04053105204
10454,360306.0402507674
10455,360306.0400716407
10456,360306.0397695759
10457,360306.0395839406
10458,360306.04071617045
10459,360306.0399031139
10460,360306.0399016005
10461,360306.0397314284
10462,360306.039095705
10463,360306.0398448321
10464,360306.040285696
10465,360306.0394067371
10466,360306.03961088246
10467,360306.0389258209
10468,360306.0394659897
10469,360306.039888622
10470,360306.03937478794
10471,360306.04051363666
10472,360306.0398549742
10473,360306.04096214817
10474,360306.0388342954
10475,360306.0390821543
10476,360306.04028790025
10477,360306.0402126035
10478,360306.0401806896
10479,360306.0391750686
10480,360306.03919026913
10481,360306.03902974306
10482,360306.0390327692
10483,360306.0393912264
10484,360306.039767286
10485,360306.0399141893
10486,360306.0405802681
10487,360306.0393396901
10488,360306.0393870618
10489,360306.03931568254
10490,360306.03814896033
10491,360306.0397472782
10492,360306.04004398384
10493,360306.03934595844
10494,360306.04008620343
10495,360306.0394265445
10496,360306.0391568225
10497,360306.03927423
10498,360306.0399806185
10499,360306.0397766998
10500,360306.0386540846
10501,360306.0387292685
10502,360306.03949475545
10503,360306.03838145157
10504,360306.03934954124
10505,360306.03957094235
10506,360306.0399794756
10507,360306.04058982927
10508,360306.0403135647
10509,360306.039485889
10510,360306.0395186445
10511,360306.0392136154
10512,360306.040322539
10513,360306.03922142973
10514,360306.03943640913
10515,360306.03993796156
10516,360306.03938304895
10517,360306.03971682576
10518,360306.03922712593
10519,360306.0391165835
10520,360306.0387705333
10521,360306.03918693704
10522,360306.03984812927
10523,360306.03883914923
10524,360306.03925241414
10525,360306.03898029774
10526,360306.0406400388
10527,360306.03959834634
10528,360306.0393011852
10529,360306.0403047435
10530,360306.0402067426
10531,360306.0405321701
10532,360306.03962338297
10533,360306.0392956305
10534,360306.0398803396
10535,360306.0395823381
10536,360306.0388946421
10537,360306.03883821086
10538,360306.0402841948
10539,360306.0394616218
10540,360306.0398879481
10541,360306.04092826776
10542,360306.03967404313
10543,360306.0394457759
10544,360306.03922906605
10545,360306.0392617061
10546,360306.03970016213
10547,360306.03972392256
10548,360306.0390830998
10549,360306.04026788275
10550,360306.03927059035
10551,360306.0381689614
10552,360306.0389270997
10553,360306.0390964837
10554,360306.0388418612
10555,360306.0391758478
10556,360306.0386929191
10557,360306.03902331175
10558,360306.03955270344
10559,360306.04043761035
10560,360306.0401350061
10561,360306.03999919473
10562,360306.03912163083
10563,360306.03965655406
10564,360306.0387610974
10565,360306.0405382678
10566,360306.0395629842
10567,360306.03990416543
10568,360306.04008261143
10569,360306.0393156622
10570,360306.03995886806
10571,360306.03998307517
10572,360306.037775594
10573,360306.03909538087
10574,360306.03982820595
10575,360306.03898255253
10576,360306.03965349885
10577,360306.03880252526
10578,360306.0388786878
10579,360306.04001130315
10580,360306.03931695066
10581,360306.04028471274
10582,360306.04002968356
10583,360306.03806707356
10584,360306.0404984818
10585,360306.03989817854
10586,360306.0399261333
10587,360306.03942517337
10588,360306.0396462897
10589,360306.04009026824
10590,360306.04018807434
10591,360306.039507635
10592,360306.0387007352
10593,360306.04027932585
10594,360306.04022683454
10595,360306.04022616096
10596,360306.0388862928
10597,360306.0404138704
10598,360306.03993329115
10599,360306.0397470338
10600,360306.03934730974
10601,360306.040724533
10602,360306.03968243644
10603,360306.0393532644
10604,360306.03870361386
10605,360306.039075903
10606,360306.0392670835
10607,360306.03938359994
10608,360306.04011600005
10609,360306.0396556088
10610,360306.0398751828
10611,360306.0389139026
10612,360306.0388343983
10613,360306.03900105064
10614,360306.0399201374
10615,360306.040153408
10616,360306.0397737067
10617,360306.0391105617
10618,360306.0398342286
10619,360306.04027859925
10620,360306.03934345377
10621,360306.0392482266
10622,360306.0390616401
10623,360306.03905774886
10624,360306.0397283138
10625,360306.0391910404
10626,360306.0403950675
10627,360306.0395505031
10628,360306.03888631496
10629,360306.0407184025
10630,360306.03970405465
10631,360306.03938984027
10632,360306.0383610545
10633,360306.0401785192
10634,360306.0400208883
10635,360306.03980923205
10636,360306.04063996964
10637,360306.0395108496
10638,360306.0403596331
10639,360306.03879799496
10640,360306.0403351689
10641,360306.039192714
10642,360306.03996111243
10643,360306.0402936289
10644,360306.0390870818
10645,360306.0406258562
10646,360306.03929803055
10647,360306.04009197577
10648,360306.0401838544
10649,360306.0400939062
10650,360306.03999680385
10651,360306.0397694356
10652,360306.03926048306
10653,360306.0398058523
10654,360306.0390459076
10655,360306.0394984782
10656,360306.0387491868
10657,360306.0396332479
10658,360306.040444555
10659,360306.039095222
10660,360306.03986393125
10661,360306.04042488826
10662,360306.0401908858
10663,360306.03998433845
10664,360306.03924138
10665,360306.0403413632
10666,360306.03959147277
10667,360306.0391225729
10668,360306.03946392913
10669,360306.04004214396
10670,360306.04004512634
10671,360306.0390917441
10672,360306.0393027166
10673,360306.039703335
10674,360306.0397156139
10675,360306.04090592056
10676,360306.0413216541
10677,360306.0400087406
10678,360306.0402293046
10679,360306.040377897
10680,360306.03913384833
10681,360306.0396601616
10682,360306.040873627
10683,360306.0393930641
10684,360306.03866500047
10685,360306.03906143334
10686,360306.04007660534
10687,360306.03956506395
10688,360306.0398874148
10689,360306.03938288364
10690,360306.0403471559
10691,360306.04036320193
10692,360306.03933631146
10693,360306.03987175866
10694,360306.04076244886
10695,360306.04021646566
10696,360306.0394888495
10697,360306.0383738495
10698,360306.03858188406
10699,360306.0390878659
10700,360306.04005519924
10701,360306.03951074707
10702,360306.0397365052
10703,360306.03982017376
10704,360306.0400785464
10705,360306.0400983701
10706,360306.0396720843
10707,360306.03921527753
10708,360306.0384253438
10709,360306.040180917
10710,360306.04022374214
10711,360306.0389557573
10712,360306.04051868746
10713,360306.0396360345
10714,360306.0392953745
10715,360306.03912552097
10716,360306.0403171689
10717,360306.03912296286
10718,360306.03951843234
10719,360306.04022304737
10720,360306.04021147394
10721,360306.0397795359
10722,360306.039603848
10723,360306.0395506858
10724,360306.03999176814
10725,360306.0409088076
10726,360306.04092517396
10727,360306.0401107495
10728,360306.04037708923
10729,360306.03992243827
10730,360306.04009638546
10731,360306.0391576453
10732,360306.0403481765
10733,360306.0392343367
10734,360306.04041845864
10735,360306.04048030195
10736,360306.0388591627
10737,360306.0396974538
10738,360306.0401476714
10739,360306.03781590896
10740,360306.0390469317
10741,360306.0394114739
10742,360306.0390133762
10743,360306.0400724124
10744,360306.04004330654
10745,360306.03983334976
10746,360306.04041905544
10747,360306.0397773393
10748,360306.0392190526
10749,360306.0399121052
10750,360306.040380711
10751,360306.0398753949
10752,360306.0403302079
10753,360306.03918924934
10754,360306.0392311531
10755,360306.03967183776
10756,360306.0400171802
10757,360306.04010025726
10758,360306.03945133404
10759,360306.0392974822
10760,360306.03977589385
10761,360306.0392600324
10762,360306.03943502746
10763,360306.03861350875
10764,360306.04048493574
10765,360306.04004829825
10766,360306.03958013887
10767,360306.03962681344
10768,360306.0394806658
10769,360306.04042305215
10770,360306.0400142238
10771,360306.0403142495
10772,360306.0387002126
10773,360306.0395222784
10774,360306.04036438453
10775,360306.0395160808
10776,360306.0393744153
10777,360306.0392157255
10778,360306.0398262625
10779,360306.0399456783
10780,360306.0390716698
10781,360306.04050043726
10782,360306.0394375485
10783,360306.0386541707
10784,360306.03905028914
10785,360306.0391449914
10786,360306.0392475785
10787,360306.0401036015
10788,360306.03925512586
10789,360306.04031400406
10790,360306.0399937641
10791,360306.0395555602
10792,360306.03967086464
10793,360306.0405502726
10794,360306.03986120765
10795,360306.0406758333
10796,360306.03990983876
10797,360306.040440258
10798,360306.0385904801
10799,360306.0398475096
10800,360306.04018005973
10801,360306.03971914534
10802,360306.0393673612
10803,360306.039653215
10804,360306.0398827005
10805,360306.03953046625
10806,360306.03915424645
10807,360306.0389711195
10808,360306.0408084029
10809,360306.0397123621
10810,360306.0403086153
10811,360306.03974013217
10812,360306.03851657547
10813,360306.0407616728
10814,360306.0392309836
10815,360306.0406608749
10816,360306.03982739337
10817,360306.0394857643
10818,360306.0394656788
10819,360306.0391857031
10820,360306.0401081618
10821,360306.03947850683
10822,360306.0400846673
10823,360306.03938001004
10824,360306.0387937404
10825,360306.0393839237
10826,360306.0398760406
10827,360306.0393033388
10828,360306.03946199093
10829,360306.0404077072
10830,360306.0399504393
10831,360306.0402934538
10832,360306.0394912889
10833,360306.0401045904
10834,360306.0388179461
10835,360306.0397051479
10836,360306.0403744551
10837,360306.04017021146
10838,360306.0384281797
10839,360306.0398147729
10840,360306.03923404316
10841,360306.03958189563
10842,360306.0397826773
10843,360306.0402850784
10844,360306.0397556298
10845,360306.03936989105
10846,360306.0395437286
10847,360306.0394429047
10848,360306.0402067046
10849,360306.0394907104
10850,360306.03901353746
10851,360306.03929881507
10852,360306.039316032
10853,360306.0394843889
10854,360306.0394371456
10855,360306.0401565531
10856,360306.04044259747
10857,360306.0395321974
10858,360306.03976144624
10859,360306.0402112271
10860,360306.0401602285
10861,360306.039006803
10862,360306.04037464136
10863,360306.03976357565
10864,360306.0390950704
10865,360306.0401184682
10866,360306.0400640512
10867,360306.0396014368
10868,360306.0388729916
10869,360306.0391925949
10870,360306.03968295595
10871,360306.0395887167
10872,360306.0401198703
10873,360306.03899822716
10874,360306.0397224851
10875,360306.03887270443
10876,360306.0405320492
10877,360306.03977886087
10878,360306.0399213633
10879,360306.04028141993
10880,360306.03960267745
10881,360306.03938693024
10882,360306.040401209
10883,360306.0406544837
10884,360306.0397686952
10885,360306.0400594685
10886,360306.0389747617
10887,360306.0398456508
10888,360306.04031162744
10889,360306.0386649176
10890,360306.03989379515
10891,360306.0399511142
10892,360306.03963067126
10893,360306.03958915104
10894,360306.039497555
10895,360306.040091069
10896,360306.04046154494
10897,360306.0397101729
10898,360306.03904872824
10899,360306.03974595474
10900,360306.0404394592
10901,360306.04007708083
10902,360306.03940617136
10903,360306.0398840993
10904,360306.03951595415
10905,360306.0398530472
10906,360306.03905487637
10907,360306.0387052592
10908,360306.0398627226
10909,360306.04038473923
10910,360306.0400873601
10911,360306.0394514397
10912,360306.04043824924
10913,360306.0401353963
10914,360306.0401917775
10915,360306.03884530504
10916,360306.03967300087
10917,360306.0399872665
10918,360306.039546168
10919,360306.03986104985
10920,360306.0405569625
10921,360306.0387925547
10922,360306.03960889246
10923,360306.03985459404
10924,360306.03918048163
10925,360306.04023498285
10926,360306.0397759678
10927,360306.03981963557
10928,360306.03951864364
10929,360306.03884109104
10930,360306.04020479124
10931,360306.0401644178
10932,360306.03989298147
10933,360306.03958023165
10934,360306.0395325017
10935,360306.038767375
10936,360306.0396815395
10937,360306.0398393803
10938,360306.04008970497
10939,360306.0396034654
10940,360306.0403099702
10941,360306.0389490634
10942,360306.03994928347
10943,360306.0400187703
10944,360306.0392962191
10945,360306.03943972965
10946,360306.0400892446
10947,360306.0393789645
10948,360306.0394726565
10949,360306.0389238482
10950,360306.0390351478
10951,360306.03993789357
10952,360306.0404626491
10953,360306.0390240089
10954,360306.03995489876
10955,360306.0393637394
10956,360306.03898277564
10957,360306.0394133317
10958,360306.0395855908
10959,360306.0400308083
10960,360306.0396876459
10961,360306.04018566635
10962,360306.03946228384
10963,360306.0396684088
10964,360306.03966840886
10965,302021.25358935766
10966,302021.2535893575
10967,302021.2535893569
10968,302021.2535893572
10969,302021.25358935684
10970,302021.25358935713
10971,302021.2535893565
10972,302021.25358935667
10973,302021.2535893568
10974,302021.25358935655
10975,302021.25358935655
10976,302021.2539070887
10977,302021.25312283804
10978,302021.2535861441
10979,302021.25343997567
10980,302021.25417976483
10981,302021.2540810629
10982,302021.253562493
10983,302021.2543449919
10984,302021.2539175615
10985,302021.25291651074
10986,302021.2532040088
10987,302021.25407135073
10988,302021.2533504182
10989,302021.253647045
10990,302021.2527972375
10991,302021.2534966163
10992,302021.2530673639
10993,302021.25335749687
10994,302021.2540867461
10995,302021.25346097315
10996,302021.2536257669
10997,302021.25359866454
10998,302021.25325423206
10999,302021.25356106076
11000,302021.2529748088
11001,302021.25344224746
11002,302021.2531302493
11003,302021.2541041471
11004,302021.25362003915
11005,302021.2535089983
11006,302021.2536964874
11007,302021.2534657562
11008,302021.2541512661
11009,302021.2533682296
11010,302021.2538525021
11011,302021.25319298153
11012,302021.2532487189
11013,302021.2537356642
11014,302021.2533524715
11015,302021.2534983813
11016,302021.2539879707
11017,302021.25338205264
11018,302021.2534126282
11019,302021.2531302501
11020,302021.25283896783
11021,302021.25401826605
11022,302021.25353648583
11023,302021.2532590601
11024,302021.253045406
11025,302021.2533206181
11026,302021.2533382112
11027,302021.2535190422
11028,302021.2535156474
11029,302021.25409328827
11030,302021.2537947458
11031,302021.253493174
11032,302021.25427874044
11033,302021.2531976453
11034,302021.25386461994
11035,302021.2539823694
11036,302021.25313462364
11037,302021.2533274587
11038,302021.2540057819
11039,302021.254251067
11040,302021.2540712389
11041,302021.25393417344
11042,302021.25367233134
11043,302021.2538909906
11044,302021.25387615623
11045,302021.25312960404
11046,302021.2539414237
11047,302021.25350394234
11048,302021.25414968166
11049,302021.2533663799
11050,302021.2535646613
11051,302021.25362616935
11052,302021.2542821631
11053,302021.25326410035
11054,302021.25387057
11055,302021.25375391124
11056,302021.2537851639
11057,302021.2538699317
11058,302021.2536187426
11059,302021.25411898625
11060,302021.2532129652
11061,302021.2539240384
11062,302021.2535768897
11063,302021.2536848797
11064,302021.2544699415
11065,302021.25321616203
11066,302021.2533541279
11067,302021.2534033437
11068,302021.2532077287
11069,302021.2540974505
11070,302021.2535685834
11071,302021.2536578277
11072,302021.25370923965
11073,302021.25318211754
11074,302021.2539433207
11075,302021.2531194321
11076,302021.2532869516
11077,302021.2537197033
11078,302021.25326440774
11079,302021.25388673693
11080,302021.2536575242
11081,302021.25370254373
11082,302021.25390585826
11083,302021.25346973975
11084,302021.253750758
11085,302021.2534902471
11086,302021.25432682526
11087,302021.253731834
11088,302021.2535939021
11089,302021.25335368124
11090,302021.2540658099
11091,302021.2532663458
11092,302021.25368163467
11093,302021.2531381108
11094,302021.2531694808
11095,302021.25391400896
11096,302021.253219835
11097,302021.25373838784
11098,302021.25413475576
11099,302021.25372312206
11100,302021.2538252368
11101,302021.25379166804
11102,302021.2532749444
11103,302021.2535092226
11104,302021.2533691836
11105,302021.25327975117
11106,302021.2535474296
11107,302021.25385007355
11108,302021.25384322205
11109,302021.25336984894
11110,302021.2539047454
11111,302021.2529034925
11112,302021.2536191293
11113,302021.25343240524
11114,302021.2538654367
11115,302021.25351635553
11116,302021.25342258014
11117,302021.2531869231
11118,302021.2529340898
11119,302021.2537643827
11120,302021.2531485483
11121,302021.25332740153
11122,302021.2531059236
11123,302021.25326900004
11124,302021.2543660401
11125,302021.25377817394
11126,302021.2535376291
11127,302021.25377988844
11128,302021.25382180087
11129,302021.253800076
11130,302021.2541928059
11131,302021.25296503
11132,302021.25362424174
11133,302021.2540508798
11134,302021.25338206213
11135,302021.25356266095
11136,302021.2536270277
11137,302021.2529575989
11138,302021.2539606591
11139,302021.2536747925
11140,302021.2533572616
11141,302021.2537645928
11142,302021.2536227696
11143,302021.2529372336
11144,302021.2526913366
11145,302021.2540349111
11146,302021.2536216584
11147,302021.2532785179
11148,302021.25340267865
11149,302021.25346394244
11150,302021.25328541413
11151,302021.25427246635
11152,302021.25395155576
11153,302021.2531868049
11154,302021.25329265895
11155,302021.25356096384
11156,302021.2538426866
11157,302021.2536617443
11158,302021.25360076147
11159,302021.2536890187
11160,302021.25350501743
11161,302021.25443729653
11162,302021.25301470596
11163,302021.25385881984
11164,302021.25315760873
11165,302021.25422537123
11166,302021.25364724733
11167,302021.2533280937
11168,302021.25291582826
11169,302021.2537547828
11170,302021.2534189989
11171,302021.2541340914
11172,302021.2536685069
11173,302021.25308637583
11174,302021.2531766055
11175,302021.2537777575
11176,302021.2542536485
11177,302021.2540301632
11178,302021.25326055154
11179,302021.2533309051
11180,302021.2534821239
11181,302021.2537431522
11182,302021.2532072493
11183,302021.2543720418
11184,302021.2540820579
11185,302021.2537447248
11186,302021.25351381657
11187,302021.253975133
11188,302021.2539622116
11189,302021.254268169
11190,302021.25400873646
11191,302021.2530674204
11192,302021.2531819315
11193,302021.25362986815
11194,302021.2539309337
11195,302021.2537567883
11196,302021.2538569795
11197,302021.25383088674
11198,302021.25322766206
11199,302021.25370959233
11200,302021.25361959287
11201,302021.2535819232
11202,302021.2540926162
11203,302021.2535772051
11204,302021.25365248
11205,302021.253616638
11206,302021.2532177378
11207,302021.2533944089
11208,302021.2533430414
11209,302021.25401252025
11210,302021.253528977
11211,302021.25359251286
11212,302021.2529240728
11213,302021.2533191465
11214,302021.2531874095
11215,302021.25324295234
11216,302021.2537926782
11217,302021.25384942355
11218,302021.2539223223
11219,302021.2536788376
11220,302021.2538007505
11221,302021.2530866264
11222,302021.2531390431
11223,302021.25393034576
11224,302021.25314696954
11225,302021.2538080487
11226,302021.25342254405
11227,302021.2534333445
11228,302021.2532496947
11229,302021.25375901576
11230,302021.25357956707
11231,302021.2530785614
11232,302021.2533613499
11233,302021.25397276354
11234,302021.25287987804
11235,302021.2533953996
11236,302021.25314184825
11237,302021.2533233171
11238,302021.2535280433
11239,302021.2542390143
11240,302021.2530405924
11241,302021.2538110404
11242,302021.2536307659
11243,302021.25372778496
11244,302021.25342312694
11245,302021.2531923227
11246,302021.2538386123
11247,302021.25354497915
11248,302021.25324504584
11249,302021.2537823117
11250,302021.25294174784
11251,302021.25375173683
11252,302021.2536946945
11253,302021.25383441825
11254,302021.25307490904
11255,302021.2541345144
11256,302021.2534651206
11257,302021.2541380189
11258,302021.25374149927
11259,302021.253817332
11260,302021.25393484696
11261,302021.2543011426
11262,302021.25395427167
11263,302021.25330403773
11264,302021.25337035547
11265,302021.25322872127
11266,302021.25384425273
11267,302021.25378248334
11268,302021.2537501248
11269,302021.2531941761
11270,302021.2537392588
11271,302021.2532443421
11272,302021.25391716824
11273,302021.25372698955
11274,302021.25347603066
11275,302021.2529214459
11276,302021.2537008704
11277,302021.2533742616
11278,302021.25350395305
11279,302021.2530555759
11280,302021.25408888137
11281,302021.25433529075
11282,302021.25308592856
11283,302021.25318021176
11284,302021.2531233102
11285,302021.2536565024
11286,302021.2531510565
11287,302021.2535630624
11288,302021.2536530982
11289,302021.25423235504
11290,302021.25414702523
11291,302021.2537940817
11292,302021.2534594906
11293,302021.2533833836
11294,302021.2536181925
11295,302021.25311846077
11296,302021.25378946966
11297,302021.2535718698
11298,302021.25367334596
11299,302021.25389478874
11300,302021.25324170385
11301,302021.25319598836
11302,302021.2534813879
11303,302021.25283863314
11304,302021.2531810485
11305,302021.2531766469
11306,302021.253367539
11307,302021.253129624
11308,302021.2534639545
11309,302021.25332434033
11310,302021.2538491344
11311,302021.25411743973
11312,302021.2540895423
11313,302021.2538032404
11314,302021.2526420261
11315,302021.253430679
11316,302021.25354296045
11317,302021.2535602966
11318,302021.2532867156
11319,302021.2536768704
11320,302021.2541814782
11321,302021.25382953376
11322,302021.253719904
11323,302021.25316656317
11324,302021.25393405126
11325,302021.25372733513
11326,302021.25372991693
11327,302021.2530673658
11328,302021.25391939015
11329,302021.25399623456
11330,302021.2537557089
11331,302021.2537900172
11332,302021.2536979241
11333,302021.253485912
11334,302021.2534258304
11335,302021.253321494
11336,302021.25342191046
11337,302021.25338879245
11338,302021.25306391425
11339,302021.2533644081
11340,302021.25310862414
11341,302021.25331668055
11342,302021.25334267673
11343,302021.25289074413
11344,302021.2532005518
11345,302021.2531653231
11346,302021.25356711383
11347,302021.25379479426
11348,302021.2534910017
11349,302021.2536427825
11350,302021.25413129374
11351,302021.2536224782
11352,302021.25341467554
11353,302021.25400462566
11354,302021.2535523581
11355,302021.25413685397
11356,302021.2536475506
11357,302021.2537944161
11358,302021.253328321
11359,302021.25342646206
11360,302021.25459156116
11361,302021.2537203181
11362,302021.25338091294
11363,302021.2531446562
11364,302021.25387140346
11365,302021.25368153007
11366,302021.2532086851
11367,302021.25360415305
11368,302021.25347317016
11369,302021.2539166842
11370,302021.25274506974
11371,302021.2538150576
11372,302021.2537179715
11373,302021.2541774391
11374,302021.2540002534
11375,302021.2534299912
11376,302021.25347538106
11377,302021.25363388896
11378,302021.2535611711
11379,302021.2544159575
11380,302021.25378588913
11381,302021.25415336975
11382,302021.2526784728
11383,302021.25336504256
11384,302021.2533063991
11385,302021.25324572704
11386,302021.2537208629
11387,302021.2531464523
11388,302021.2533137238
11389,302021.25405867986
11390,302021.25348229776
11391,302021.25385997095
11392,302021.25424748054
11393,302021.25397187815
11394,302021.2539169443
11395,302021.2533092152
11396,302021.2540838161
11397,302021.2534133987
11398,302021.253097232
11399,302021.2534024203
11400,302021.2538065172
11401,302021.2533191347
11402,302021.25330506905
11403,302021.25302897656
11404,302021.25333635934
11405,302021.2537292681
11406,302021.2545970004
11407,302021.2541530917
11408,302021.2532425234
11409,302021.253223813
11410,302021.25394642656
11411,302021.2537064899
11412,302021.25337166304
11413,302021.2541089772
11414,302021.25368942873
11415,302021.25302563875
11416,302021.2534231071
11417,302021.2538382916
11418,302021.25385726435
11419,302021.2538751208
11420,302021.2532639329
11421,302021.25386307394
11422,302021.2535908278
11423,302021.2533996908
11424,302021.25371979503
11425,302021.25428376615
11426,302021.2536646235
11427,302021.2533378513
11428,302021.25278210506
11429,302021.2531836239
11430,302021.2533100082
11431,302021.2537103567
11432,302021.2534771296
11433,302021.2534063211
11434,302021.25405201636
11435,302021.25356414856
11436,302021.25385507825
11437,302021.2539044754
11438,302021.25380169053
11439,302021.2531202814
11440,302021.2536838659
11441,302021.25389788824
11442,302021.253378172
11443,302021.25375695055
11444,302021.2542158209
11445,302021.25306277757
11446,302021.25331131526
11447,302021.25355932594
11448,302021.2533322898
11449,302021.2536559017
11450,302021.2537730228
11451,302021.253974908
11452,302021.25352931063
11453,302021.2529157947
11454,302021.2530393161
11455,302021.254060449
11456,302021.25392576173
11457,302021.25423279504
11458,302021.25315661466
11459,302021.2537109768
11460,302021.25370033394
11461,302021.25353901397
11462,302021.2533947825
11463,302021.2534933772
11464,302021.25333647727
11465,302021.2537028736
11466,302021.2539819451
11467,302021.2532703359
11468,302021.2532522093
11469,302021.2532384678
11470,302021.2527159498
11471,302021.25300822995
11472,302021.2535740044
11473,302021.25306107715
11474,302021.25335431687
11475,302021.2533948067
11476,302021.25364130264
11477,302021.25376648444
11478,302021.2534927339
11479,302021.25398490194
11480,302021.2539023891
11481,302021.2537365934
11482,302021.25393115444
11483,302021.25389606366
11484,302021.2538762787
11485,302021.2530718529
11486,302021.253837228
11487,302021.25367410446
11488,302021.25406180264
11489,302021.25303095876
11490,302021.2533370449
11491,302021.25370967714
11492,302021.25292625563
11493,302021.25334702677
11494,302021.2531406595
11495,302021.2537761088
11496,302021.2535546489
11497,302021.253109663
11498,302021.25382182735
11499,302021.2533859055
11500,302021.2541038822
11501,302021.2539936076
11502,302021.253459176
11503,302021.2532107668
11504,302021.25321419275
11505,302021.2537945472
11506,302021.2538553749
11507,302021.25310256786
11508,302021.2535506408
11509,302021.2535563106
11510,302021.2536150147
11511,302021.2535938094
11512,302021.2541057915
11513,302021.2534019965
11514,302021.25300159404
11515,302021.25295802316
11516,302021.25276770233
11517,302021.25307106524
11518,302021.25354926387
11519,302021.25315824104
11520,302021.25420314673
11521,302021.2535429362
11522,302021.2538136125
11523,302021.2533730449
11524,302021.25376270636
11525,302021.25363311515
11526,302021.25420675764
11527,302021.2537809984
11528,302021.2537507425
11529,302021.2536795196
11530,302021.2530493049
11531,302021.2537040648
11532,302021.2533249565
11533,302021.2533612864
11534,302021.2539962244
11535,302021.2536293739
11536,302021.2536051771
11537,302021.2535135966
11538,302021.253314976
11539,302021.2540915249
11540,302021.2537280533
11541,302021.25413194334
11542,302021.2539963441
11543,302021.2535849287
11544,302021.25373835914
11545,302021.25301167025
11546,302021.25436764385
11547,302021.2535020447
11548,302021.25310017285
11549,302021.2534848213
11550,302021.2539683557
11551,302021.25344557397
11552,302021.25348611234
11553,302021.2536969717
11554,302021.253831501
11555,302021.2532391585
11556,302021.2537604373
11557,302021.25327374914
11558,302021.25284406415
11559,302021.2536831714
11560,302021.2542602215
11561,302021.2535858763
11562,302021.2543528315
11563,302021.253325999
11564,302021.25394401787
11565,302021.2528965465
11566,302021.25389768626
11567,302021.2538716691
11568,302021.25397665397
11569,302021.25336398295
11570,302021.2537736928
11571,302021.25331956556
11572,302021.2535156214
11573,302021.2533696294
11574,302021.2541506334
11575,302021.2539873341
11576,302021.25329703
11577,302021.25345457665
11578,302021.2537037022
11579,302021.25368750957
11580,302021.25330614153
11581,302021.2536403458
11582,302021.2532067299
11583,302021.25364779646
11584,302021.25374590233
11585,302021.2536139148
11586,302021.2535943878
11587,302021.25387006893
11588,302021.2535321913
11589,302021.25317315606
11590,302021.2539996384
11591,302021.25439642114
11592,302021.2532506842
11593,302021.25406218454
11594,302021.25370930525
11595,302021.2537215886
11596,302021.2539148918
11597,302021.253850554
11598,302021.253674796
11599,302021.2534667165
11600,302021.25347285357
11601,302021.2536403737
11602,302021.253624727
11603,302021.25369618647
11604,302021.253148809
11605,302021.25377207017
11606,302021.25339183933
11607,302021.2536684672
11608,302021.2536503943
11609,302021.25460236
11610,302021.25399123156
11611,302021.25308272097
11612,302021.2533748345
11613,302021.25410172576
11614,302021.2539185312
11615,302021.2531727419
11616,302021.25345452415
11617,302021.2529411244
11618,302021.25365630264
11619,302021.2542178186
11620,302021.25278046395
11621,302021.2536297644
11622,302021.2536439718
11623,302021.2534123405
11624,302021.2534783652
11625,302021.2531566286
11626,302021.2538156362
11627,302021.2541550715
11628,302021.25369342166
11629,302021.2534420203
11630,302021.2533880733
11631,302021.253626695
11632,302021.25393638253
11633,302021.2535045164
11634,302021.253404454
11635,302021.2535522174
11636,302021.25373897015
11637,302021.2529964332
11638,302021.25315538485
11639,302021.25383747777
11640,302021.25390615646
11641,302021.253526952
11642,302021.25281059445
11643,302021.2538605672
11644,302021.2537506691
11645,302021.25392162905
11646,302021.25339818595
11647,302021.2540780881
11648,302021.2537675629
11649,302021.25338928465
11650,302021.2538576055
11651,302021.25394736556
11652,302021.25322126766
11653,302021.2531576552
11654,302021.2532536514
11655,302021.25337686023
11656,302021.2539188365
11657,302021.25356743095
11658,302021.2537203412
11659,302021.25342003175
11660,302021.25319506094
11661,302021.2542607073
11662,302021.2537157031
11663,302021.2535738014
11664,302021.2534797349
11665,302021.25348512334
11666,302021.2534841543
11667,302021.25355282583
11668,302021.25351295655
11669,302021.2535874451
11670,302021.25361413724
11671,302021.2538940378
11672,302021.2528392059
11673,302021.25388718856
11674,302021.2541790479
11675,302021.2532322064
11676,302021.2531978103
11677,302021.2543012532
11678,302021.253344116
11679,302021.25342296436
11680,302021.25321343285
11681,302021.25320436124
11682,302021.25401818287
11683,302021.25356971123
11684,302021.25353704934
11685,302021.2537767462
11686,302021.2534732565
11687,302021.25310139765
11688,302021.25303490437
11689,302021.25370222295
11690,302021.25416549336
11691,302021.2535619397
11692,302021.2534188186
11693,302021.2536117725
11694,302021.2535893574
11695,302021.2535893576
11696,253192.16008716496
11697,253192.16008716435
11698,253192.16008716496
11699,253192.16008716452
11700,253192.1600871647
11701,253192.1600871648
11702,253192.16008716467
11703,253192.16008716455
11704,253192.16008716464
11705,253192.1600871649
11706,253192.1600871646
11707,253192.16038006864
11708,253192.15995013554
11709,253192.16008137117
11710,253192.15985765398
11711,253192.1602980992
11712,253192.16055968634
11713,253192.16065128337
11714,253192.1605197415
11715,253192.16058357255
11716,253192.1600316605
11717,253192.16005964883
11718,253192.16024601966
11719,253192.16007919866
11720,253192.16028422915
11721,253192.1595307639
11722,253192.16023043444
11723,253192.15961708373
11724,253192.1598477737
11725,253192.16052464343
11726,253192.16003544192
11727,253192.15994828782
11728,253192.15967811187
11729,253192.15975985178
11730,253192.15979612648
11731,253192.16023906376
11732,253192.15978676072
11733,253192.16006664082
11734,253192.16010149632
11735,253192.16025319477
11736,253192.1604131482
11737,253192.16031992694
11738,253192.160009656
11739,253192.16045780107
11740,253192.15974424523
11741,253192.1603733104
11742,253192.15993486095
11743,253192.16006048085
11744,253192.1599137727
11745,253192.1597328288
11746,253192.16005914367
11747,253192.16009638738
11748,253192.16024145234
11749,253192.15967266192
11750,253192.1598897974
11751,253192.15979044398
11752,253192.1601997654
11753,253192.16020821428
11754,253192.15997965928
11755,253192.15989279276
11756,253192.16042461304
11757,253192.15961150455
11758,253192.1603847158
11759,253192.1602277394
11760,253192.16049806646
11761,253192.1602929051
11762,253192.1597129508
11763,253192.16058632755
11764,253192.16013008181
11765,253192.16022968825
11766,253192.1603149696
11767,253192.1598605398
11768,253192.15970941735
11769,253192.15996942966
11770,253192.1600968642
11771,253192.16039027993
11772,253192.1598333967
11773,253192.16059008645
11774,253192.16036722867
11775,253192.160142255
11776,253192.16021055554
11777,253192.1600929929
11778,253192.16011826176
11779,253192.16067034513
11780,253192.16003131025
11781,253192.15975562434
11782,253192.1600199899
11783,253192.1605189714
11784,253192.1601302695
11785,253192.16020196956
11786,253192.16008369887
11787,253192.16033127895
11788,253192.1599714132
11789,253192.15988614675
11790,253192.16043581365
11791,253192.16014994614
11792,253192.1601472721
11793,253192.1602413466
11794,253192.16014026006
11795,253192.16062531315
11796,253192.15993431315
11797,253192.16018128642
11798,253192.15962907774
11799,253192.1599385412
11800,253192.16036036078
11801,253192.15993140667
11802,253192.15988864028
11803,253192.15970610868
11804,253192.15976879135
11805,253192.16018871832
11806,253192.16012873378
11807,253192.16019510897
11808,253192.15964588078
11809,253192.1600744909
11810,253192.1601810752
11811,253192.1601457241
11812,253192.16032434578
11813,253192.16009956817
11814,253192.16029147664
11815,253192.1599879778
11816,253192.16037100964
11817,253192.16024753798
11818,253192.15977839546
11819,253192.1603189482
11820,253192.15996653808
11821,253192.16003049054
11822,253192.15998797768
11823,253192.16036275946
11824,253192.15956385573
11825,253192.15983933717
11826,253192.159876548
11827,253192.1599315903
11828,253192.16012624884
11829,253192.16036013464
11830,253192.16029600726
11831,253192.16052411098
11832,253192.1608815476
11833,253192.1599165465
11834,253192.1600488015
11835,253192.159891476
11836,253192.1600921457
11837,253192.15977877047
11838,253192.16027251125
11839,253192.15985077794
11840,253192.1598272314
11841,253192.16018578224
11842,253192.16013668006
11843,253192.16005188855
11844,253192.15983907072
11845,253192.16055710934
11846,253192.16055357002
11847,253192.1600683729
11848,253192.16002197264
11849,253192.15986618464
11850,253192.1600846129
11851,253192.1600756465
11852,253192.159863538
11853,253192.16007702114
11854,253192.15980259367
11855,253192.16062505744
11856,253192.16001522288
11857,253192.15961635654
11858,253192.16042022317
11859,253192.1600639981
11860,253192.1607061008
11861,253192.1603818325
11862,253192.1598631626
11863,253192.16024348
11864,253192.16021296964
11865,253192.160236097
11866,253192.1599722916
11867,253192.16015397076
11868,253192.15982619062
11869,253192.15988461216
11870,253192.1600780049
11871,253192.1602858919
11872,253192.1606464383
11873,253192.1598147281
11874,253192.15961083476
11875,253192.15987132923
11876,253192.16013167135
11877,253192.1601925034
11878,253192.1602871504
11879,253192.15995104844
11880,253192.16014438277
11881,253192.1599881509
11882,253192.160254415
11883,253192.1600035465
11884,253192.1595089239
11885,253192.15991324652
11886,253192.1605189187
11887,253192.16031191577
11888,253192.1602602018
11889,253192.15981074396
11890,253192.16042645113
11891,253192.16005064448
11892,253192.16067307268
11893,253192.15944784094
11894,253192.15982377133
11895,253192.16025860372
11896,253192.1602802199
11897,253192.16005553777
11898,253192.1598615135
11899,253192.1596893596
11900,253192.16018488878
11901,253192.16021555293
11902,253192.16047586946
11903,253192.160122233
11904,253192.16007102537
11905,253192.1596692327
11906,253192.15972203162
11907,253192.16013221612
11908,253192.1605957099
11909,253192.16015982008
11910,253192.15984091273
11911,253192.15997260532
11912,253192.16061082704
11913,253192.15992863354
11914,253192.16079777674
11915,253192.16052790612
11916,253192.16002596312
11917,253192.16017473207
11918,253192.16064763456
11919,253192.16057202933
11920,253192.16036732518
11921,253192.1601347139
11922,253192.15974920837
11923,253192.15973489062
11924,253192.15943439674
11925,253192.15987916724
11926,253192.16017956636
11927,253192.15979706362
11928,253192.1603048655
11929,253192.15988581677
11930,253192.15997238123
11931,253192.15999912552
11932,253192.16040873583
11933,253192.1602477272
11934,253192.15999989287
11935,253192.1600710493
11936,253192.16014828096
11937,253192.15975617684
11938,253192.1601481979
11939,253192.16005278015
11940,253192.15996900972
11941,253192.16013916815
11942,253192.16055180406
11943,253192.15969852678
11944,253192.16029595528
11945,253192.15974897303
11946,253192.15997907685
11947,253192.1603871874
11948,253192.16020686325
11949,253192.15989657378
11950,253192.16052270716
11951,253192.1600637869
11952,253192.15993739667
11953,253192.15964319167
11954,253192.16047389453
11955,253192.1601255752
11956,253192.16032127946
11957,253192.15968622052
11958,253192.15999091452
11959,253192.16000751976
11960,253192.1601506275
11961,253192.16039552432
11962,253192.15967679105
11963,253192.16019576832
11964,253192.1601699838
11965,253192.16003766804
11966,253192.1596702704
11967,253192.1597783007
11968,253192.15958721805
11969,253192.16045449654
11970,253192.16049353135
11971,253192.16005857327
11972,253192.160225212
11973,253192.15988822252
11974,253192.16002206737
11975,253192.1597240674
11976,253192.16015774288
11977,253192.16011476767
11978,253192.16009643493
11979,253192.1602790086
11980,253192.1602374912
11981,253192.15975472593
11982,253192.16035335025
11983,253192.16025358063
11984,253192.16032830215
11985,253192.1600002667
11986,253192.16017450127
11987,253192.16009046626
11988,253192.1605049086
11989,253192.15990507594
11990,253192.160164058
11991,253192.16053330453
11992,253192.16020045083
11993,253192.16011223552
11994,253192.15989075974
11995,253192.15982465836
11996,253192.15983594133
11997,253192.16019419968
11998,253192.16035277015
11999,253192.15994874632
12000,253192.16028518937
12001,253192.16025792965
12002,253192.1600721225
12003,253192.16041093468
12004,253192.16019743626
12005,253192.16038789603
12006,253192.159521775
12007,253192.160280217
12008,253192.15992649327
12009,253192.1603947604
12010,253192.1597845297
12011,253192.16038686992
12012,253192.15980510367
12013,253192.1593171611
12014,253192.1599217336
12015,253192.1600208368
12016,253192.15988124712
12017,253192.16021243573
12018,253192.15978698237
12019,253192.1600248734
12020,253192.16047621853
12021,253192.16007358054
12022,253192.16006748623
12023,253192.16014093425
12024,253192.1600275189
12025,253192.16023917223
12026,253192.15981498128
12027,253192.16042281888
12028,253192.15961491928
12029,253192.1598419058
12030,253192.16029278273
12031,253192.16004735994
12032,253192.16006951386
12033,253192.15984876655
12034,253192.15971608856
12035,253192.15992246673
12036,253192.15979688443
12037,253192.15973240766
12038,253192.15995690733
12039,253192.15970176383
12040,253192.1599045293
12041,253192.1600630835
12042,253192.15987654874
12043,253192.16062976388
12044,253192.16032143182
12045,253192.15940702983
12046,253192.16022404958
12047,253192.16014253983
12048,253192.15970843082
12049,253192.15964606317
12050,253192.16040378984
12051,253192.1603426246
12052,253192.16012431055
12053,253192.1597730983
12054,253192.16004701782
12055,253192.15991087927
12056,253192.16042266108
12057,253192.16023654584
12058,253192.15982929934
12059,253192.1606808784
12060,253192.16066328844
12061,253192.16027660415
12062,253192.16016917638
12063,253192.1601512827
12064,253192.16002336008
12065,253192.16015570832
12066,253192.1598772657
12067,253192.15989893698
12068,253192.16012291587
12069,253192.15994286828
12070,253192.1597960466
12071,253192.15962157017
12072,253192.15984496448
12073,253192.16035281777
12074,253192.1595241044
12075,253192.15991049394
12076,253192.1596559184
12077,253192.1600441511
12078,253192.16054898978
12079,253192.16022726145
12080,253192.15981265984
12081,253192.16046139874
12082,253192.16032923298
12083,253192.15985218028
12084,253192.16062481515
12085,253192.16026583218
12086,253192.16041021753
12087,253192.16016114724
12088,253192.16021618326
12089,253192.16036626443
12090,253192.15985573988
12091,253192.16094150735
12092,253192.1606474867
12093,253192.1598716201
12094,253192.15978450203
12095,253192.1600985673
12096,253192.16033523326
12097,253192.15964327034
12098,253192.16021908462
12099,253192.15978904002
12100,253192.16021580843
12101,253192.15980430035
12102,253192.1601934468
12103,253192.1603734415
12104,253192.16097969047
12105,253192.16046364172
12106,253192.15980807666
12107,253192.16012718776
12108,253192.16007544345
12109,253192.16008493
12110,253192.16031231737
12111,253192.160250512
12112,253192.16017018617
12113,253192.1596405929
12114,253192.16027521357
12115,253192.15983309303
12116,253192.1595413469
12117,253192.15969747276
12118,253192.15990481814
12119,253192.16006584698
12120,253192.1603952876
12121,253192.16013212205
12122,253192.16019002424
12123,253192.16063768827
12124,253192.1601716396
12125,253192.15985362002
12126,253192.159909421
12127,253192.16040681288
12128,253192.16030709137
12129,253192.15970623706
12130,253192.1597128125
12131,253192.16042537487
12132,253192.159995914
12133,253192.15973426032
12134,253192.16003042064
12135,253192.1595982075
12136,253192.15997609246
12137,253192.16032862634
12138,253192.160587085
12139,253192.1602142525
12140,253192.15948688195
12141,253192.1601435262
12142,253192.15976965142
12143,253192.15998183307
12144,253192.16047357675
12145,253192.15976642937
12146,253192.15997704765
12147,253192.16022193458
12148,253192.16017335633
12149,253192.1597556214
12150,253192.1602089582
12151,253192.15974092146
12152,253192.16007607305
12153,253192.16013223
12154,253192.1601446506
12155,253192.1598460866
12156,253192.16039358635
12157,253192.16030518012
12158,253192.16001399723
12159,253192.15957301756
12160,253192.15972345934
12161,253192.16002971775
12162,253192.16043070456
12163,253192.1603790378
12164,253192.16006046376
12165,253192.16041949322
12166,253192.1597291256
12167,253192.15990220383
12168,253192.16042350416
12169,253192.16006883635
12170,253192.160460431
12171,253192.16026759622
12172,253192.1604533718
12173,253192.15978550655
12174,253192.16023757937
12175,253192.16064951682
12176,253192.15978368465
12177,253192.15985292266
12178,253192.15965524485
12179,253192.16021161474
12180,253192.1603039228
12181,253192.16054128006
12182,253192.16004359475
12183,253192.1597864191
12184,253192.15986147497
12185,253192.15970820247
12186,253192.16026533424
12187,253192.15998551066
12188,253192.1603017085
12189,253192.1598688856
12190,253192.1602567494
12191,253192.16026370766
12192,253192.1599953642
12193,253192.15998796743
12194,253192.1597474063
12195,253192.15995066063
12196,253192.16010223713
12197,253192.1602908404
12198,253192.15969111733
12199,253192.1597172602
12200,253192.1596327883
12201,253192.15950551222
12202,253192.15979223297
12203,253192.16040564008
12204,253192.15982336336
12205,253192.15987691458
12206,253192.16019902445
12207,253192.16031747079
12208,253192.1597975632
12209,253192.15985594798
12210,253192.16030149924
12211,253192.16019336952
12212,253192.16003309828
12213,253192.16038306366
12214,253192.1600862771
12215,253192.16034703003
12216,253192.1598444415
12217,253192.16024183086
12218,253192.1605760432
12219,253192.16039341784
12220,253192.15989709098
12221,253192.159636
12222,253192.1600610521
12223,253192.15987239746
12224,253192.16001365997
12225,253192.15957318616
12226,253192.160110115
12227,253192.16035867447
12228,253192.15998345675
12229,253192.1602627999
12230,253192.15999661054
12231,253192.1603931715
12232,253192.16030464185
12233,253192.16006105233
12234,253192.1596145412
12235,253192.15998350712
12236,253192.1602426771
12237,253192.1605243525
12238,253192.1601159952
12239,253192.16011674228
12240,253192.16036220442
12241,253192.16010803674
12242,253192.16015405563
12243,253192.16062555576
12244,253192.15985588977
12245,253192.15970601715
12246,253192.15945859835
12247,253192.15906182287
12248,253192.15994977727
12249,253192.16009125716
12250,253192.15983348596
12251,253192.1606477668
12252,253192.1599577474
12253,253192.15993603776
12254,253192.1601615209
12255,253192.1600615368
12256,253192.16002203003
12257,253192.16094252816
12258,253192.16034868022
12259,253192.16013895994
12260,253192.16021764762
12261,253192.15994989823
12262,253192.16022149764
12263,253192.16033559266
12264,253192.160242908
12265,253192.1606582625
12266,253192.15983123452
12267,253192.16003758993
12268,253192.16000185997
12269,253192.16034818976
12270,253192.16012131987
12271,253192.16007634473
12272,253192.16019726705
12273,253192.16072446946
12274,253192.16036841445
12275,253192.1604248875
12276,253192.1596969997
12277,253192.16044856815
12278,253192.1594599521
12279,253192.15956532347
12280,253192.16000412556
12281,253192.16014047447
12282,253192.15992539556
12283,253192.15987643827
12284,253192.160215803
12285,253192.1602302695
12286,253192.15967794097
12287,253192.16002445968
12288,253192.16009506152
12289,253192.1597347914
12290,253192.1601158316
12291,253192.16048744333
12292,253192.16017865489
12293,253192.1601495206
12294,253192.1600157316
12295,253192.16011136016
12296,253192.15967847878
12297,253192.1601252453
12298,253192.16001575676
12299,253192.16058584143
12300,253192.1601993099
12301,253192.16018843348
12302,253192.16005144306
12303,253192.16008130956
12304,253192.1598259539
12305,253192.16035614596
12306,253192.16045417078
12307,253192.15955106218
12308,253192.160274961
12309,253192.15980998424
12310,253192.16047502714
12311,253192.16010096425
12312,253192.1604455379
12313,253192.15992329724
12314,253192.15980311908
12315,253192.16025129493
12316,253192.1599510272
12317,253192.16028280914
12318,253192.15988953513
12319,253192.15985750037
12320,253192.1599796797
12321,253192.15997659715
12322,253192.16034526826
12323,253192.159782565
12324,253192.16070453983
12325,253192.16043468073
12326,253192.1599271735
12327,253192.15993020695
12328,253192.1602983808
12329,253192.16019123755
12330,253192.16030302763
12331,253192.1596794934
12332,253192.15963094638
12333,253192.15979234953
12334,253192.15999860462
12335,253192.1598758005
12336,253192.16001703072
12337,253192.1599270041
12338,253192.16047729325
12339,253192.16027932474
12340,253192.16054026346
12341,253192.1602374152
12342,253192.15987475432
12343,253192.15997856224
12344,253192.16071508397
12345,253192.16001943313
12346,253192.16001582178
12347,253192.16043320598
12348,253192.15961806368
12349,253192.16007557453
12350,253192.16042475993
12351,253192.15945657494
12352,253192.15984376855
12353,253192.15953210255
12354,253192.1601277315
12355,253192.15945720562
12356,253192.1597356876
12357,253192.1600449314
12358,253192.16031115368
12359,253192.15947578594
12360,253192.16041838605
12361,253192.15996284471
12362,253192.160356084
12363,253192.15978463995
12364,253192.16014488455
12365,253192.16011717045
12366,253192.159946493
12367,253192.16018642273
12368,253192.15975112983
12369,253192.15977912524
12370,253192.16035877512
12371,253192.16035763707
12372,253192.16039725105
12373,253192.1598436282
12374,253192.1608231085
12375,253192.15982716807
12376,253192.16028160675
12377,253192.16004269154
12378,253192.16061822834
12379,253192.16026810597
12380,253192.16000958736
12381,253192.16018067315
12382,253192.16012522377
12383,253192.1598674103
12384,253192.1594932463
12385,253192.15993503007
12386,253192.15995933654
12387,253192.16052848718
12388,253192.16006062255
12389,253192.1602256475
12390,253192.15982817454
12391,253192.15983331416
12392,253192.160356789
12393,253192.16014286462
12394,253192.16007253592
12395,253192.16004375494
12396,253192.16016620025
12397,253192.16023877772
12398,253192.16008514995
12399,253192.1600797901
12400,253192.15984109865
12401,253192.15996751224
12402,253192.16040930964
12403,253192.16011551788
12404,253192.16027987588
12405,253192.16063528936
12406,253192.15996770907
12407,253192.15972626765
12408,253192.16072232925
12409,253192.15995499704
12410,253192.15992714558
12411,253192.15985771062
12412,253192.16014263695
12413,253192.160184623
12414,253192.15990618098
12415,253192.15984084416
12416,253192.16009565286
12417,253192.1601222264
12418,253192.1599066023
12419,253192.15988737368
12420,253192.1601968984
12421,253192.16051768218
12422,253192.1599408522
12423,253192.15964707415
12424,253192.15982327948
12425,253192.1600871649
12426,253192.1600871648
12427,208988.5454761364
12428,208988.5454761362
12429,208988.54547613623
12430,208988.54547613623
12431,208988.54547613653
12432,208988.5454761364
12433,208988.5454761365
12434,208988.54547613655
12435,208988.54547613687
12436,208988.54547613658
12437,208988.54547613638
12438,208988.54540677505
12439,208988.54553451642
12440,208988.54493222237
12441,208988.5459546549
12442,208988.54575756213
12443,208988.54512155568
12444,208988.54528144374
12445,208988.54577741935
12446,208988.54604754958
12447,208988.545814787
12448,208988.5451188659
12449,208988.5458597417
12450,208988.5452721792
12451,208988.5450738181
12452,208988.54587388597
12453,208988.54518059676
12454,208988.54501149905
12455,208988.54526790237
12456,208988.54504172574
12457,208988.54524458633
12458,208988.54515558822
12459,208988.5453982724
12460,208988.54543792113
12461,208988.54483815204
12462,208988.54549978152
12463,208988.5454353484
12464,208988.54543256568
12465,208988.54569516316
12466,208988.54483798373
12467,208988.54555685187
12468,208988.5454487806
12469,208988.54530786816
12470,208988.54500746066
12471,208988.54567479136
12472,208988.54546807168
12473,208988.5454370079
12474,208988.5457628251
12475,208988.54589427117
12476,208988.54520448015
12477,208988.5456311242
12478,208988.54569635363
12479,208988.54522384304
12480,208988.5458409085
12481,208988.5459871311
12482,208988.54559764022
12483,208988.54531530742
12484,208988.54501718603
12485,208988.54570433707
12486,208988.54551296477
12487,208988.54518898032
12488,208988.5452870314
12489,208988.545929702
12490,208988.54555018593
12491,208988.54619539386
12492,208988.54573831477
12493,208988.54517978537
12494,208988.54558291042
12495,208988.54510024367
12496,208988.54527620846
12497,208988.54511212584
12498,208988.5451092056
12499,208988.54496847498
12500,208988.5453767804
12501,208988.54502298633
12502,208988.54531454746
12503,208988.545546586
12504,208988.54531197916
12505,208988.54547686267
12506,208988.54567367048
12507,208988.54535437116
12508,208988.54543757832
12509,208988.54513039137
12510,208988.544791159
12511,208988.5454254633
12512,208988.54526261348
12513,208988.54540847096
12514,208988.54571181364
12515,208988.54510873274
12516,208988.54528407138
12517,208988.54541318506
12518,208988.54511604836
12519,208988.54565065244
12520,208988.5456724598
12521,208988.54588821976
12522,208988.5453740854
12523,208988.54589750338
12524,208988.54566838196
12525,208988.54537868346
12526,208988.54473530804
12527,208988.54569535816
12528,208988.54539904278
12529,208988.54549556997
12530,208988.5456465123
12531,208988.54549892867
12532,208988.54537549888
12533,208988.5456319774
12534,208988.5454606105
12535,208988.5457525309
12536,208988.54587683224
12537,208988.54522493202
12538,208988.54545204504
12539,208988.54529538273
12540,208988.54560424614
12541,208988.54548701248
12542,208988.54581299494
12543,208988.54563583163
12544,208988.5452975821
12545,208988.54536068183
12546,208988.54574293096
12547,208988.54565434463
12548,208988.5457489513
12549,208988.54578448815
12550,208988.54518728153
12551,208988.54529296618
12552,208988.54548029866
12553,208988.5451858173
12554,208988.54584576885
12555,208988.54588975222
12556,208988.54613189353
12557,208988.54564570912
12558,208988.54575974992
12559,208988.54516050062
12560,208988.54575774563
12561,208988.54557893676
12562,208988.5452079756
12563,208988.54582575467
12564,208988.54544515675
12565,208988.54513558367
12566,208988.54482178725
12567,208988.5454201484
12568,208988.54523742973
12569,208988.54569573925
12570,208988.54596629957
12571,208988.54575285976
12572,208988.54542987005
12573,208988.5460402954
12574,208988.54534739297
12575,208988.5454701366
12576,208988.54560623123
12577,208988.54537665247
12578,208988.5457835834
12579,208988.5457399111
12580,208988.54509919288
12581,208988.54564544425
12582,208988.54539916012
12583,208988.54512159774
12584,208988.54562246244
12585,208988.54506690544
12586,208988.5450949997
12587,208988.54546064112
12588,208988.54529484114
12589,208988.54592985398
12590,208988.5453626111
12591,208988.54603656582
12592,208988.54584894588
12593,208988.54576385586
12594,208988.54528330753
12595,208988.5457342742
12596,208988.5455972197
12597,208988.54517408516
12598,208988.54542065188
12599,208988.54600523532
12600,208988.54603702627
12601,208988.5450906591
12602,208988.54521258431
12603,208988.54522964585
12604,208988.54534416288
12605,208988.545297009
12606,208988.54528542864
12607,208988.54492841315
12608,208988.54541173304
12609,208988.54540179635
12610,208988.5450932535
12611,208988.5455074423
12612,208988.54545183413
12613,208988.54553120362
12614,208988.54503947598
12615,208988.54441837568
12616,208988.54556010975
12617,208988.54503442682
12618,208988.54520258954
12619,208988.54610840284
12620,208988.54562363622
12621,208988.54578878792
12622,208988.5447913562
12623,208988.54554414962
12624,208988.5452817897
12625,208988.5454789861
12626,208988.54549604727
12627,208988.54518855238
12628,208988.5450977839
12629,208988.5454491995
12630,208988.54585478804
12631,208988.54577986724
12632,208988.54581541498
12633,208988.54599570623
12634,208988.54592766325
12635,208988.5457464963
12636,208988.5455652059
12637,208988.54503957243
12638,208988.545792309
12639,208988.5452138596
12640,208988.54600713018
12641,208988.54531298243
12642,208988.54496554076
12643,208988.5456006711
12644,208988.54519157376
12645,208988.54564551034
12646,208988.5447463093
12647,208988.54540820734
12648,208988.54503094612
12649,208988.5452611911
12650,208988.5462055931
12651,208988.54542833986
12652,208988.54564115813
12653,208988.54551763248
12654,208988.54541655956
12655,208988.54565996694
12656,208988.5455832544
12657,208988.5457035163
12658,208988.54537112842
12659,208988.54562784833
12660,208988.54631463622
12661,208988.5455701922
12662,208988.54560201318
12663,208988.54593205973
12664,208988.54549413838
12665,208988.5457414907
12666,208988.5453088803
12667,208988.54561264606
12668,208988.5455678797
12669,208988.54549416527
12670,208988.54510622684
12671,208988.54538716067
12672,208988.5459673297
12673,208988.5452535698
12674,208988.54581692003
12675,208988.5460941549
12676,208988.54546945734
12677,208988.5454870077
12678,208988.54571111614
12679,208988.54495659753
12680,208988.5452551733
12681,208988.5456597024
12682,208988.54610380004
12683,208988.54552409847
12684,208988.54592412454
12685,208988.54579807675
12686,208988.5457678401
12687,208988.54554345008
12688,208988.54558701953
12689,208988.54551012418
12690,208988.5451983319
12691,208988.5451622377
12692,208988.54552403186
12693,208988.5449000056
12694,208988.54650537422
12695,208988.54535188674
12696,208988.54578588775
12697,208988.5455309297
12698,208988.54592875892
12699,208988.54500204633
12700,208988.54538846
12701,208988.54573819618
12702,208988.54521132592
12703,208988.54538782642
12704,208988.54507067474
12705,208988.54479100884
12706,208988.54575465494
12707,208988.5455480525
12708,208988.54522531346
12709,208988.5454215068
12710,208988.5451068458
12711,208988.54586638557
12712,208988.54491024706
12713,208988.54552499167
12714,208988.54528639535
12715,208988.54575326995
12716,208988.54502291535
12717,208988.54547865022
12718,208988.5453230903
12719,208988.54500658627
12720,208988.54527940197
12721,208988.54601845465
12722,208988.5450158386
12723,208988.54526186135
12724,208988.5456596371
12725,208988.54490704957
12726,208988.54592569746
12727,208988.54559529969
12728,208988.54525608622
12729,208988.54558259677
12730,208988.54576852862
12731,208988.5454951373
12732,208988.5459110333
12733,208988.54576196993
12734,208988.54532462097
12735,208988.5456770028
12736,208988.54592217173
12737,208988.54490533934
12738,208988.5456740475
12739,208988.5456496662
12740,208988.54581438564
12741,208988.5449086552
12742,208988.54540207624
12743,208988.54595938988
12744,208988.54550385175
12745,208988.5457250607
12746,208988.54521056238
12747,208988.54559168735
12748,208988.5454985887
12749,208988.54614239244
12750,208988.54584009413
12751,208988.54576697468
12752,208988.5453278177
12753,208988.5462413219
12754,208988.54506526463
12755,208988.54561349712
12756,208988.54551712313
12757,208988.5458486576
12758,208988.54506055877
12759,208988.54577693818
12760,208988.54520667176
12761,208988.54525290616
12762,208988.54546858495
12763,208988.54532988544
12764,208988.54495156725
12765,208988.5458497021
12766,208988.54544958437
12767,208988.5452947174
12768,208988.54509735154
12769,208988.54535429695
12770,208988.54541177166
12771,208988.5454333895
12772,208988.54518056998
12773,208988.54574850958
12774,208988.5447214827
12775,208988.5458849645
12776,208988.54571162013
12777,208988.54523625175
12778,208988.5454907638
12779,208988.54542202203
12780,208988.54521839457
12781,208988.54567421257
12782,208988.5453636337
12783,208988.54532149667
12784,208988.54554424333
12785,208988.54545556186
12786,208988.54510760438
12787,208988.5454280311
12788,208988.5453429417
12789,208988.54514729863
12790,208988.54517999466
12791,208988.5460051927
12792,208988.54562283
12793,208988.54581250713
12794,208988.5445080912
12795,208988.5455662545
12796,208988.5456443084
12797,208988.54570272542
12798,208988.5451174607
12799,208988.54542105424
12800,208988.545812801
12801,208988.5452879389
12802,208988.54477644697
12803,208988.5454355897
12804,208988.54500684267
12805,208988.5454209991
12806,208988.5456700508
12807,208988.5451367124
12808,208988.5447368088
12809,208988.54554174046
12810,208988.545545282
12811,208988.54536260577
12812,208988.54530889174
12813,208988.5461684138
12814,208988.54503009343
12815,208988.5457976005
12816,208988.54578967046
12817,208988.54564164885
12818,208988.54617938487
12819,208988.54520503792
12820,208988.54532365192
12821,208988.54562880637
12822,208988.54635091283
12823,208988.5456986648
12824,208988.54544455194
12825,208988.5454311287
12826,208988.5455690831
12827,208988.54560550788
12828,208988.54498760818
12829,208988.54560841547
12830,208988.54539387175
12831,208988.54490855808
12832,208988.54531201048
12833,208988.5455292767
12834,208988.5452555883
12835,208988.54560834903
12836,208988.54509782122
12837,208988.5452318716
12838,208988.54550316485
12839,208988.54626827085
12840,208988.5457219103
12841,208988.54560229048
12842,208988.54504280593
12843,208988.54540838656
12844,208988.545158718
12845,208988.545459992
12846,208988.54505637276
12847,208988.5452705426
12848,208988.54507116452
12849,208988.54557133216
12850,208988.5449350944
12851,208988.5453010515
12852,208988.54566622377
12853,208988.54523175355
12854,208988.54528120175
12855,208988.5450988947
12856,208988.54535210627
12857,208988.54571849914
12858,208988.54557643208
12859,208988.54583904234
12860,208988.54558421872
12861,208988.5451753684
12862,208988.5459122514
12863,208988.54502607547
12864,208988.546225485
12865,208988.5454390301
12866,208988.54569900228
12867,208988.54527393024
12868,208988.54535017392
12869,208988.5456220269
12870,208988.5456223933
12871,208988.54560297081
12872,208988.5458683617
12873,208988.54546558077
12874,208988.54561745134
12875,208988.5458195946
12876,208988.54551138918
12877,208988.54535851598
12878,208988.54575943152
12879,208988.54513929022
12880,208988.54568534077
12881,208988.54534234124
12882,208988.54589835624
12883,208988.5458718133
12884,208988.5454899764
12885,208988.54567348128
12886,208988.54544175655
12887,208988.5457497197
12888,208988.54596164604
12889,208988.544984026
12890,208988.54542202922
12891,208988.54537585514
12892,208988.54534249747
12893,208988.5448944532
12894,208988.54631584356
12895,208988.54549056487
12896,208988.54539017114
12897,208988.54574442643
12898,208988.5449874677
12899,208988.54498259557
12900,208988.54469413045
12901,208988.5454164939
12902,208988.54534198498
12903,208988.54534686112
12904,208988.5451179498
12905,208988.54596614814
12906,208988.54545682418
12907,208988.54570154432
12908,208988.54563017742
12909,208988.54523356762
12910,208988.54525024435
12911,208988.54582146133
12912,208988.5455080738
12913,208988.54531414266
12914,208988.54529591338
12915,208988.54530242167
12916,208988.5451704922
12917,208988.5456228132
12918,208988.54561193034
12919,208988.54525151977
12920,208988.54580905652
12921,208988.54519025408
12922,208988.54520521584
12923,208988.5450037457
12924,208988.5463592612
12925,208988.54532525202
12926,208988.54525124966
12927,208988.545436324
12928,208988.54572569567
12929,208988.54595975034
12930,208988.54554217836
12931,208988.54549095203
12932,208988.54519300142
12933,208988.54536107992
12934,208988.54591059603
12935,208988.54585715118
12936,208988.5446829589
12937,208988.54444238183
12938,208988.54500581644
12939,208988.54517936276
12940,208988.54532606353
12941,208988.54614714975
12942,208988.54596711538
12943,208988.5456087672
12944,208988.54586829437
12945,208988.54590511255
12946,208988.54571248972
12947,208988.54562797915
12948,208988.54567376093
12949,208988.54522037448
12950,208988.54575320956
12951,208988.5457228835
12952,208988.5454742214
12953,208988.5458213394
12954,208988.54554177698
12955,208988.54585413483
12956,208988.5452913239
12957,208988.5455157599
12958,208988.54515934913
12959,208988.54523091725
12960,208988.54526889598
12961,208988.54593182926
12962,208988.54588896385
12963,208988.54530744237
12964,208988.5456881396
12965,208988.5452759099
12966,208988.54541921153
12967,208988.5452312887
12968,208988.54550042035
12969,208988.54536008058
12970,208988.54577672225
12971,208988.54503039707
12972,208988.5458477921
12973,208988.54560571912
12974,208988.54509722933
12975,208988.54549458524
12976,208988.54574018245
12977,208988.5459792908
12978,208988.54529666444
12979,208988.54573972302
12980,208988.54545317875
12981,208988.5456084572
12982,208988.54574225628
12983,208988.54534444452
12984,208988.54539832723
12985,208988.54466605635
12986,208988.545223611
12987,208988.54534579063
12988,208988.5459566084
12989,208988.5451818736
12990,208988.54589653976
12991,208988.54551372366
12992,208988.54479315647
12993,208988.544778931
12994,208988.54554466822
12995,208988.54510537157
12996,208988.54579722197
12997,208988.54529643094
12998,208988.5455420915
12999,208988.54571616193
13000,208988.54545655096
13001,208988.5458276745
13002,208988.54591597608
13003,208988.54593166575
13004,208988.5455154258
13005,208988.5461357528
13006,208988.54589976152
13007,208988.54562008614
13008,208988.54561161948
13009,208988.54505960015
13010,208988.545317387
13011,208988.54587950415
13012,208988.54583107078
13013,208988.54478481133
13014,208988.54531032007
13015,208988.54566676586
13016,208988.54544627777
13017,208988.5452300379
13018,208988.5454732526
13019,208988.54539461713
13020,208988.54530163258
13021,208988.54565038916
13022,208988.5453081484
13023,208988.54527093537
13024,208988.54548307724
13025,208988.5454888041
13026,208988.545394913
13027,208988.54580614276
13028,208988.54517070006
13029,208988.54516621973
13030,208988.54519628247
13031,208988.54597225768
13032,208988.54576314898
13033,208988.54530393778
13034,208988.54567518085
13035,208988.54558955453
13036,208988.5454748682
13037,208988.5453806251
13038,208988.54528252585
13039,208988.54535220566
13040,208988.54552127753
13041,208988.54557030508
13042,208988.54520281404
13043,208988.54604399012
13044,208988.5454886924
13045,208988.54555969388
13046,208988.54572023905
13047,208988.54548601448
13048,208988.54510415325
13049,208988.54521867714
13050,208988.5452246007
13051,208988.54563056066
13052,208988.5458624278
13053,208988.54584102868
13054,208988.54526642067
13055,208988.54582640424
13056,208988.54562855273
13057,208988.54596099598
13058,208988.54548856156
13059,208988.5457133579
13060,208988.5457692116
13061,208988.54559760558
13062,208988.54524018872
13063,208988.54568164682
13064,208988.54522909847
13065,208988.545284487
13066,208988.5454315486
13067,208988.54533275255
13068,208988.5455036963
13069,208988.54557221138
13070,208988.54583703558
13071,208988.5454901407
13072,208988.54551193814
13073,208988.5463089082
13074,208988.5453401704
13075,208988.5454397035
13076,208988.5453906897
13077,208988.54529263588
13078,208988.54534660588
13079,208988.54547963562
13080,208988.54579021892
13081,208988.54557702068
13082,208988.54604425147
13083,208988.54524356328
13084,208988.545387094
13085,208988.54523143568
13086,208988.54529001305
13087,208988.54532564466
13088,208988.54604887747
13089,208988.54530042558
13090,208988.54559009275
13091,208988.5456489476
13092,208988.5456089077
13093,208988.54534617922
13094,208988.54553093086
13095,208988.54571063945
13096,208988.545509388
13097,208988.54551132445
13098,208988.54539797123
13099,208988.54525711236
13100,208988.5454839626
13101,208988.54579167787
13102,208988.5455309814
13103,208988.5465386674
13104,208988.5454925124
13105,208988.54522387864
13106,208988.54541931418
13107,208988.5455866797
13108,208988.54537685798
13109,208988.5459221318
13110,208988.545561111
13111,208988.54558875243
13112,208988.54533157896
13113,208988.54539074126
13114,208988.5454986196
13115,208988.5452231868
13116,208988.5453631578
13117,208988.54534747737
13118,208988.54588891068
13119,208988.54550121466
13120,208988.54563130753
13121,208988.54517319045
13122,208988.5454857956
13123,208988.5455848979
13124,208988.54546299094
13125,208988.54544941362
13126,208988.54552075788
13127,208988.54574603395
13128,208988.54577311449
13129,208988.54538759094
13130,208988.5453858967
13131,208988.54505168865
13132,208988.5452078292
13133,208988.54560232995
13134,208988.5460267205
13135,208988.5459084501
13136,208988.54585308884
13137,208988.54527157132
13138,208988.5454961084
13139,208988.54567259844
13140,208988.54534587043
13141,208988.54539511283
13142,208988.5455017356
13143,208988.54555176964
13144,208988.5451895275
13145,208988.54501095825
13146,208988.54537957412
13147,208988.54555680056
13148,208988.54541799537
13149,208988.54578380095
13150,208988.54569643142
13151,208988.545601845
13152,208988.54569716708
13153,208988.5450940223
13154,208988.54509086304
13155,208988.54514862483
13156,208988.54547613635
13157,208988.54547613644
13158,179534.6469594678
13159,179534.64695946782
13160,179534.64695946788
13161,179534.6469594678
13162,179534.6469594678
13163,179534.64695946788
13164,179534.64695946756
13165,179534.6469594679
13166,179534.64695946782
13167,179534.64695946788
13168,179534.64695946762
13169,179534.6468149413
13170,179534.647077812
13171,179534.64690113429
13172,179534.64716321733
13173,179534.64711205268
13174,179534.64699792935
13175,179534.64713341385
13176,179534.64664663034
13177,179534.64726980202
13178,179534.64718911878
13179,179534.64644029547
13180,179534.64740191717
13181,179534.6471066243
13182,179534.64682450815
13183,179534.64693805235
13184,179534.64661587306
13185,179534.64648235048
13186,179534.64602082715
13187,179534.64686572313
13188,179534.64689159862
13189,179534.6474447032
13190,179534.6468393714
13191,179534.64670244273
13192,179534.64720869975
13193,179534.64684001313
13194,179534.64713986675
13195,179534.64702743496
13196,179534.64721823155
13197,179534.64678988187
13198,179534.647437772
13199,179534.64686608702
13200,179534.64770650375
13201,179534.64747802753
13202,179534.64681220293
13203,179534.64692390533
13204,179534.64682064965
13205,179534.64683831183
13206,179534.64675360892
13207,179534.6469642597
13208,179534.6474073488
13209,179534.64737365185
13210,179534.64704392082
13211,179534.64650823927
13212,179534.64711498027
13213,179534.64697049462
13214,179534.64678282855
13215,179534.6473008991
13216,179534.6467214458
13217,179534.6474647634
13218,179534.64703994576
13219,179534.64683929682
13220,179534.647161629
13221,179534.6476097678
13222,179534.6465985923
13223,179534.64707105415
13224,179534.6466964213
13225,179534.64781603625
13226,179534.6464467669
13227,179534.64717178242
13228,179534.64657265125
13229,179534.64644787888
13230,179534.64657958678
13231,179534.64699810717
13232,179534.6465193132
13233,179534.6472946177
13234,179534.64699913183
13235,179534.6474835703
13236,179534.64690287143
13237,179534.6472548771
13238,179534.6469350303
13239,179534.6467643038
13240,179534.64670828125
13241,179534.6472735705
13242,179534.64712592703
13243,179534.64718337645
13244,179534.64682934977
13245,179534.6469131277
13246,179534.6466140674
13247,179534.6470675582
13248,179534.6469065452
13249,179534.64696290006
13250,179534.64704501958
13251,179534.6464738688
13252,179534.64664390928
13253,179534.64654051707
13254,179534.64775523564
13255,179534.64734197353
13256,179534.64733957115
13257,179534.6471573036
13258,179534.64727357938
13259,179534.64688947232
13260,179534.64652774364
13261,179534.64698462895
13262,179534.64764955826
13263,179534.6471943102
13264,179534.64707200092
13265,179534.6467578161
13266,179534.6468006443
13267,179534.64710801543
13268,179534.64696544985
13269,179534.6471366329
13270,179534.64688604683
13271,179534.64706049024
13272,179534.64693015374
13273,179534.64705127612
13274,179534.6469085431
13275,179534.6473450101
13276,179534.64703845518
13277,179534.64693990131
13278,179534.64710232342
13279,179534.64669029872
13280,179534.64658980945
13281,179534.64750832858
13282,179534.64733482496
13283,179534.6470656252
13284,179534.6460178477
13285,179534.64750861644
13286,179534.64645038548
13287,179534.64675796882
13288,179534.64687821097
13289,179534.64691404035
13290,179534.64720799474
13291,179534.64719748305
13292,179534.6462715398
13293,179534.64698079214
13294,179534.64721858257
13295,179534.64670404533
13296,179534.6478285739
13297,179534.64702612683
13298,179534.64705834014
13299,179534.64663518153
13300,179534.6473240234
13301,179534.64755198063
13302,179534.64667668796
13303,179534.64691890162
13304,179534.6475030479
13305,179534.64687321262
13306,179534.64705148587
13307,179534.6473738777
13308,179534.64664940824
13309,179534.64683727518
13310,179534.64720230084
13311,179534.64645791016
13312,179534.6463862848
13313,179534.64723255832
13314,179534.64699409736
13315,179534.64732745287
13316,179534.64684962938
13317,179534.64678367987
13318,179534.64649335147
13319,179534.6468521596
13320,179534.64744411144
13321,179534.64666592624
13322,179534.6470040701
13323,179534.64703053306
13324,179534.6466621345
13325,179534.64686998844
13326,179534.64690986456
13327,179534.6471664821
13328,179534.64709037857
13329,179534.64665207014
13330,179534.64681421162
13331,179534.64734897894
13332,179534.64709051428
13333,179534.6481271937
13334,179534.64700928028
13335,179534.64638340636
13336,179534.64721164046
13337,179534.64731638995
13338,179534.64662730784
13339,179534.64763900088
13340,179534.6469256611
13341,179534.6462160538
13342,179534.64643438347
13343,179534.64708129124
13344,179534.64709842007
13345,179534.6464757482
13346,179534.64706531682
13347,179534.6469572335
13348,179534.6472301599
13349,179534.64715773572
13350,179534.6467422999
13351,179534.64674311457
13352,179534.64750882113
13353,179534.6467324714
13354,179534.64672409787
13355,179534.64672297417
13356,179534.64634239016
13357,179534.6465359457
13358,179534.6462201982
13359,179534.64670860048
13360,179534.64705820798
13361,179534.646756545
13362,179534.64701788584
13363,179534.6466613085
13364,179534.6468660582
13365,179534.6469481228
13366,179534.64648312575
13367,179534.64673885453
13368,179534.6466277032
13369,179534.64674865466
13370,179534.6468387345
13371,179534.64713411106
13372,179534.64755104715
13373,179534.6470234851
13374,179534.64769145072
13375,179534.6472272232
13376,179534.64733014588
13377,179534.64679249885
13378,179534.64708900917
13379,179534.64733239572
13380,179534.6467812849
13381,179534.64695622504
13382,179534.64723305203
13383,179534.64717152622
13384,179534.64652059425
13385,179534.64679785087
13386,179534.6462639829
13387,179534.64651730467
13388,179534.64625219355
13389,179534.64733059768
13390,179534.64714406128
13391,179534.64674303913
13392,179534.64712423406
13393,179534.64698992157
13394,179534.6472121684
13395,179534.64683282856
13396,179534.64723104247
13397,179534.64648058696
13398,179534.64746576056
13399,179534.64726487084
13400,179534.64675616293
13401,179534.64672029004
13402,179534.64653907315
13403,179534.64698551578
13404,179534.64746984304
13405,179534.6467790721
13406,179534.64688384268
13407,179534.64681332835
13408,179534.64687739528
13409,179534.64676917891
13410,179534.64663835044
13411,179534.646372879
13412,179534.64715651222
13413,179534.64689495054
13414,179534.64667488792
13415,179534.64703705325
13416,179534.64650276653
13417,179534.64724116307
13418,179534.64620060218
13419,179534.64688357594
13420,179534.64733949615
13421,179534.64670904947
13422,179534.6464084188
13423,179534.64657277116
13424,179534.6467238296
13425,179534.64744815006
13426,179534.6466329521
13427,179534.6464520746
13428,179534.64654650615
13429,179534.6468905563
13430,179534.64714868306
13431,179534.64768029144
13432,179534.64694755134
13433,179534.64704123317
13434,179534.6474010693
13435,179534.64700273974
13436,179534.6468948716
13437,179534.6474170294
13438,179534.64729630694
13439,179534.64636780013
13440,179534.64758230565
13441,179534.6462458248
13442,179534.64658719135
13443,179534.64692602633
13444,179534.64708453667
13445,179534.64766750523
13446,179534.64765576943
13447,179534.64709409882
13448,179534.64673253865
13449,179534.6468505553
13450,179534.64688767729
13451,179534.64757799773
13452,179534.6474888023
13453,179534.6463119412
13454,179534.64705718844
13455,179534.64725928515
13456,179534.64662518792
13457,179534.64650516104
13458,179534.64662896883
13459,179534.6472060893
13460,179534.64620624174
13461,179534.6463435671
13462,179534.6473417131
13463,179534.64617471342
13464,179534.64677229957
13465,179534.64715078793
13466,179534.64678575573
13467,179534.6467281724
13468,179534.64593927903
13469,179534.6463633773
13470,179534.64686841596
13471,179534.64703520946
13472,179534.6473117536
13473,179534.6466862437
13474,179534.64681548724
13475,179534.647243645
13476,179534.64624165208
13477,179534.64646222282
13478,179534.6466613808
13479,179534.64741543317
13480,179534.64761923705
13481,179534.64675653452
13482,179534.64738119443
13483,179534.6467494576
13484,179534.64696549036
13485,179534.64624615875
13486,179534.64713502908
13487,179534.64678837548
13488,179534.64686800214
13489,179534.6471350919
13490,179534.64694478252
13491,179534.64621110715
13492,179534.64633429667
13493,179534.64655376933
13494,179534.64701711267
13495,179534.64714714477
13496,179534.64713648253
13497,179534.64656172352
13498,179534.64656115384
13499,179534.6463350082
13500,179534.64699935852
13501,179534.64676207872
13502,179534.64710785486
13503,179534.64627338867
13504,179534.64628846064
13505,179534.64618906457
13506,179534.64735729006
13507,179534.64712524772
13508,179534.64743000592
13509,179534.64756876693
13510,179534.6468574184
13511,179534.6472368999
13512,179534.64683390962
13513,179534.6466064068
13514,179534.64737128152
13515,179534.64669166296
13516,179534.64679914288
13517,179534.6462986588
13518,179534.6473185515
13519,179534.6472381589
13520,179534.64667100328
13521,179534.64758592861
13522,179534.647026438
13523,179534.64700156378
13524,179534.6466389371
13525,179534.6462967763
13526,179534.64640574408
13527,179534.64717210713
13528,179534.64760617385
13529,179534.6471944611
13530,179534.6475296764
13531,179534.6468096563
13532,179534.64623244546
13533,179534.64607611875
13534,179534.64759206062
13535,179534.64739087946
13536,179534.6464252662
13537,179534.64742161857
13538,179534.6467732455
13539,179534.64654886656
13540,179534.64715982627
13541,179534.6468882101
13542,179534.6470112927
13543,179534.64672520573
13544,179534.64746122298
13545,179534.6470830585
13546,179534.64752313506
13547,179534.64674005198
13548,179534.647161626
13549,179534.64667376058
13550,179534.64708226224
13551,179534.64704811393
13552,179534.64693991913
13553,179534.64808632198
13554,179534.64732361323
13555,179534.64710513328
13556,179534.64771346285
13557,179534.64689686545
13558,179534.64674662583
13559,179534.64674862073
13560,179534.64728402498
13561,179534.64654524537
13562,179534.64732917096
13563,179534.64721888755
13564,179534.64711919878
13565,179534.6477288174
13566,179534.64739597548
13567,179534.64674828597
13568,179534.64624351118
13569,179534.6471403913
13570,179534.64715499137
13571,179534.64692509588
13572,179534.64685906496
13573,179534.64707036587
13574,179534.64649756136
13575,179534.64678431867
13576,179534.64654219878
13577,179534.64702093406
13578,179534.64674057448
13579,179534.64691592794
13580,179534.646614199
13581,179534.64674719868
13582,179534.64716823192
13583,179534.64730219136
13584,179534.64645220508
13585,179534.64696272486
13586,179534.64706255906
13587,179534.64697222295
13588,179534.64691102045
13589,179534.64671086313
13590,179534.647747579
13591,179534.64700820303
13592,179534.6462349872
13593,179534.6474372643
13594,179534.64739663881
13595,179534.64655545933
13596,179534.64654107345
13597,179534.64752869634
13598,179534.6476786334
13599,179534.64708690785
13600,179534.6469791959
13601,179534.64750836528
13602,179534.64679387043
13603,179534.6468383738
13604,179534.6467907447
13605,179534.64711689026
13606,179534.64699691627
13607,179534.64723468712
13608,179534.647280579
13609,179534.64749495254
13610,179534.64754930884
13611,179534.64664203927
13612,179534.6468893657
13613,179534.64715403327
13614,179534.64709383895
13615,179534.64698085733
13616,179534.6471971746
13617,179534.64708568197
13618,179534.646968227
13619,179534.64738752667
13620,179534.64727827438
13621,179534.647153876
13622,179534.64704702067
13623,179534.647276732
13624,179534.64698584957
13625,179534.64700068624
13626,179534.64766829263
13627,179534.64759108782
13628,179534.646304381
13629,179534.6469294322
13630,179534.64684757616
13631,179534.64682742217
13632,179534.64726553197
13633,179534.64653472207
13634,179534.64725301007
13635,179534.6470791472
13636,179534.64674348038
13637,179534.6474451838
13638,179534.64689380937
13639,179534.6466398619
13640,179534.6464805087
13641,179534.64742837005
13642,179534.64708166238
13643,179534.6471692705
13644,179534.64652793334
13645,179534.64756427737
13646,179534.64689586606
13647,179534.6464478975
13648,179534.6469581282
13649,179534.64647334555
13650,179534.64650640383
13651,179534.64669258837
13652,179534.64679343053
13653,179534.64662622832
13654,179534.6473823623
13655,179534.6477736038
13656,179534.64646603452
13657,179534.6473609074
13658,179534.64612538565
13659,179534.6470135126
13660,179534.64712819413
13661,179534.64647791075
13662,179534.646833176
13663,179534.64699157653
13664,179534.64726904282
13665,179534.64692403807
13666,179534.6474147647
13667,179534.64645899026
13668,179534.646628721
13669,179534.64697241187
13670,179534.6461751274
13671,179534.64664031795
13672,179534.64664851115
13673,179534.64695553432
13674,179534.64693831422
13675,179534.64663525618
13676,179534.64659827648
13677,179534.6472222034
13678,179534.64704223184
13679,179534.64735881638
13680,179534.64689630162
13681,179534.6478176913
13682,179534.64697376767
13683,179534.64722543748
13684,179534.64684314388
13685,179534.64698280545
13686,179534.64667658816
13687,179534.64693118088
13688,179534.6470675079
13689,179534.64714331206
13690,179534.6466020587
13691,179534.64727914458
13692,179534.64727070628
13693,179534.64728155016
13694,179534.64709336517
13695,179534.6470225249
13696,179534.64691961344
13697,179534.64659584244
13698,179534.64690754694
13699,179534.64730314113
13700,179534.6482554873
13701,179534.6463844231
13702,179534.64738108616
13703,179534.64660887225
13704,179534.64721959774
13705,179534.64733569633
13706,179534.64667799504
13707,179534.64726171258
13708,179534.64675803314
13709,179534.64691504446
13710,179534.64701166708
13711,179534.64730974764
13712,179534.64679804107
13713,179534.64684942557
13714,179534.6473695322
13715,179534.64688991808
13716,179534.6466849271
13717,179534.647576981
13718,179534.6467663137
13719,179534.64752778359
13720,179534.64712344992
13721,179534.64710823417
13722,179534.64714871027
13723,179534.64677819097
13724,179534.64670390342
13725,179534.64699329654
13726,179534.64689935633
13727,179534.6472390931
13728,179534.6467408761
13729,179534.6470176288
13730,179534.64827717232
13731,179534.64738201888
13732,179534.64682872366
13733,179534.64717012946
13734,179534.64710328425
13735,179534.64739059084
13736,179534.64712842958
13737,179534.64710240593
13738,179534.64615826122
13739,179534.64668575337
13740,179534.64674766004
13741,179534.64680523053
13742,179534.6470585502
13743,179534.64691333377
13744,179534.64707719669
13745,179534.64752636934
13746,179534.64658722162
13747,179534.64700413164
13748,179534.64748114158
13749,179534.6469264343
13750,179534.64689287354
13751,179534.6466909674
13752,179534.64708274393
13753,179534.64717800132
13754,179534.64734638602
13755,179534.64661059243
13756,179534.64693883873
13757,179534.64708418696
13758,179534.64675363307
13759,179534.64730163512
13760,179534.6461645642
13761,179534.64687469645
13762,179534.64656859342
13763,179534.64688846358
13764,179534.64697248407
13765,179534.64688807735
13766,179534.6466762268
13767,179534.64684074197
13768,179534.64741688286
13769,179534.64709147223
13770,179534.6466077727
13771,179534.6471918998
13772,179534.64657684558
13773,179534.64765014098
13774,179534.64707078118
13775,179534.6476053706
13776,179534.64664270074
13777,179534.64670668944
13778,179534.6475115932
13779,179534.6471974114
13780,179534.64655845228
13781,179534.6470599835
13782,179534.646906302
13783,179534.64698982594
13784,179534.6471109691
13785,179534.64663657753
13786,179534.64689834067
13787,179534.64703499043
13788,179534.64697109343
13789,179534.64640169914
13790,179534.64714623068
13791,179534.64696031666
13792,179534.64673157947
13793,179534.6468100099
13794,179534.64682671166
13795,179534.64714284477
13796,179534.64699655128
13797,179534.64702717515
13798,179534.647036824
13799,179534.64604879855
13800,179534.64711572425
13801,179534.64694486503
13802,179534.6473228887
13803,179534.64677503766
13804,179534.6468023888
13805,179534.64653574242
13806,179534.64652352865
13807,179534.647084735
13808,179534.6467193173
13809,179534.64696528958
13810,179534.64684378565
13811,179534.64724069458
13812,179534.64695248334
13813,179534.64657914234
13814,179534.6478045286
13815,179534.64687447532
13816,179534.6473372339
13817,179534.64644933562
13818,179534.6463603404
13819,179534.64644890997
13820,179534.64703662385
13821,179534.6467506172
13822,179534.64683969962
13823,179534.64656059683
13824,179534.64698154046
13825,179534.64687210738
13826,179534.64712889877
13827,179534.6469072184
13828,179534.64707290818
13829,179534.64674786213
13830,179534.64674891293
13831,179534.64686435138
13832,179534.6475051495
13833,179534.6478737678
13834,179534.64697402687
13835,179534.64678144676
13836,179534.6469136448
13837,179534.64698410736
13838,179534.64689726967
13839,179534.6468722216
13840,179534.64735810168
13841,179534.6470775243
13842,179534.64709591336
13843,179534.64691781788
13844,179534.6467168643
13845,179534.64704319084
13846,179534.6465063676
13847,179534.64720023307
13848,179534.6469841204
13849,179534.64636652076
13850,179534.64611953613
13851,179534.6456468617
13852,179534.64667509086
13853,179534.64690283936
13854,179534.64696829094
13855,179534.64701979992
13856,179534.64700748594
13857,179534.6470142418
13858,179534.64670406078
13859,179534.6470809181
13860,179534.64695204824
13861,179534.64676229065
13862,179534.64631819507
13863,179534.6469253991
13864,179534.64693614762
13865,179534.64682166555
13866,179534.64654566502
13867,179534.64707884946
13868,179534.6468595859
13869,179534.64722891955
13870,179534.64700871764
13871,179534.6469988889
13872,179534.64693216284
13873,179534.64670866972
13874,179534.64698604034
13875,179534.6467839025
13876,179534.64684857152
13877,179534.64725611397
13878,179534.64692760367
13879,179534.64700284536
13880,179534.6467884641
13881,179534.64698203508
13882,179534.6471459784
13883,179534.64709140777
13884,179534.64694830874
13885,179534.64663461712
13886,179534.6466885301
13887,179534.64695946785
13888,179534.6469594678
13889,114783.12399067033
13890,114783.12399067046
13891,114783.12399067034
13892,114783.12399067065
13893,114783.12399067043
13894,114783.12399067038
13895,114783.12399067052
13896,114783.12399067037
13897,114783.12399067044
13898,114783.12399066999
13899,114783.12399067087
13900,114783.12373239771
13901,114783.12421462084
13902,114783.1242425717
13903,114783.1241614091
13904,114783.12423022403
13905,114783.12374229754
13906,114783.124089402
13907,114783.1232724991
13908,114783.12410014009
13909,114783.12423751681
13910,114783.12329120343
13911,114783.12422664725
13912,114783.12401285674
13913,114783.12411209576
13914,114783.12404498589
13915,114783.12353550307
13916,114783.12348882729
13917,114783.1228913641
13918,114783.12361273768
13919,114783.12397425348
13920,114783.12471180117
13921,114783.12368886074
13922,114783.12369950736
13923,114783.12476183096
13924,114783.12396778392
13925,114783.12431011657
13926,114783.12400883116
13927,114783.12423222531
13928,114783.12399193428
13929,114783.12440360463
13930,114783.12376975089
13931,114783.12532792335
13932,114783.12462976815
13933,114783.12382417283
13934,114783.12379275828
13935,114783.1239244675
13936,114783.12418963802
13937,114783.12338965511
13938,114783.12417638603
13939,114783.12454017253
13940,114783.12460600429
13941,114783.12412037833
13942,114783.12359044192
13943,114783.12404935244
13944,114783.12387069996
13945,114783.12400677634
13946,114783.12448289193
13947,114783.12374045193
13948,114783.12472319542
13949,114783.123977929
13950,114783.12406416236
13951,114783.12454927304
13952,114783.12500629899
13953,114783.1229602642
13954,114783.12421420519
13955,114783.12379890618
13956,114783.12464350299
13957,114783.12356782645
13958,114783.12427041461
13959,114783.1236971528
13960,114783.12356791663
13961,114783.12382824338
13962,114783.12429692406
13963,114783.12367506031
13964,114783.12482290487
13965,114783.12398964848
13966,114783.12469707643
13967,114783.12394135016
13968,114783.124425914
13969,114783.1240850523
13970,114783.1238305758
13971,114783.12351936646
13972,114783.12455500934
13973,114783.12422289507
13974,114783.12448821319
13975,114783.12409293848
13976,114783.1242097878
13977,114783.12354706807
13978,114783.12399221121
13979,114783.12395379876
13980,114783.12416383903
13981,114783.12415088578
13982,114783.12313451595
13983,114783.12325696643
13984,114783.1235408203
13985,114783.12488269179
13986,114783.12423951644
13987,114783.12421303413
13988,114783.12437686994
13989,114783.1241864912
13990,114783.12406326321
13991,114783.1234384015
13992,114783.12376945185
13993,114783.12496105424
13994,114783.12417378549
13995,114783.12394226364
13996,114783.12363280862
13997,114783.12337334348
13998,114783.12389408462
13999,114783.12408838086
14000,114783.12412967396
14001,114783.12383283145
14002,114783.1239371884
14003,114783.12402530665
14004,114783.12385477034
14005,114783.12430004792
14006,114783.1244727094
14007,114783.12416535903
14008,114783.12380781418
14009,114783.1242593587
14010,114783.12350565655
14011,114783.1235308644
14012,114783.12497595193
14013,114783.12460092723
14014,114783.12398775427
14015,114783.1228969631
14016,114783.12472083076
14017,114783.12359618442
14018,114783.12366205422
14019,114783.12411231184
14020,114783.12371309394
14021,114783.12441739658
14022,114783.12425376498
14023,114783.12295593685
14024,114783.12393767232
14025,114783.12425766465
14026,114783.12349480357
14027,114783.12591542087
14028,114783.12471445616
14029,114783.12442734392
14030,114783.12367166707
14031,114783.12419308035
14032,114783.12438617877
14033,114783.12374927613
14034,114783.12396138298
14035,114783.12495617033
14036,114783.12390129878
14037,114783.12389850548
14038,114783.12471637756
14039,114783.12385083968
14040,114783.12361658688
14041,114783.12410941643
14042,114783.12397336231
14043,114783.1233354891
14044,114783.12446006553
14045,114783.12442388391
14046,114783.1245116435
14047,114783.12401948454
14048,114783.12400703934
14049,114783.12355389263
14050,114783.12361620429
14051,114783.12458384762
14052,114783.12358905145
14053,114783.1237768055
14054,114783.12394279585
14055,114783.1236102622
14056,114783.12412100735
14057,114783.1240433585
14058,114783.12435633446
14059,114783.12439674606
14060,114783.12374769329
14061,114783.1238157517
14062,114783.12397428957
14063,114783.1244957452
14064,114783.12556931782
14065,114783.12385819455
14066,114783.12317077891
14067,114783.12442485098
14068,114783.12489580057
14069,114783.1236420711
14070,114783.12467242287
14071,114783.123935517
14072,114783.12298408285
14073,114783.12307349672
14074,114783.12429238496
14075,114783.12378743791
14076,114783.12340713794
14077,114783.1245147812
14078,114783.12385835273
14079,114783.12436003186
14080,114783.12423176058
14081,114783.12378318048
14082,114783.12356846365
14083,114783.12423079723
14084,114783.12387896044
14085,114783.1236308518
14086,114783.123534416
14087,114783.12329417003
14088,114783.12344704093
14089,114783.1231208271
14090,114783.12394496021
14091,114783.12432012484
14092,114783.12380652958
14093,114783.12411189539
14094,114783.12375660863
14095,114783.12373398451
14096,114783.12373819972
14097,114783.12317209877
14098,114783.12394731016
14099,114783.12333437636
14100,114783.12381715493
14101,114783.12399120716
14102,114783.12423834816
14103,114783.12498019252
14104,114783.12414809912
14105,114783.12505611162
14106,114783.1243737058
14107,114783.12415915226
14108,114783.12399922451
14109,114783.12472178912
14110,114783.12466656702
14111,114783.12377983672
14112,114783.12372276776
14113,114783.12462119869
14114,114783.12435981183
14115,114783.12327056119
14116,114783.12408773966
14117,114783.12328119017
14118,114783.1233418066
14119,114783.12302520477
14120,114783.12431789763
14121,114783.12442135332
14122,114783.12359273134
14123,114783.12385078275
14124,114783.12349777839
14125,114783.12402613527
14126,114783.1237384876
14127,114783.1244195605
14128,114783.12326928909
14129,114783.12503007728
14130,114783.12459947054
14131,114783.12368722999
14132,114783.12375947532
14133,114783.12322847813
14134,114783.12389197695
14135,114783.12481260716
14136,114783.12394883702
14137,114783.12363894196
14138,114783.12412358454
14139,114783.1245007863
14140,114783.12384078292
14141,114783.12346998118
14142,114783.12360344178
14143,114783.12387511518
14144,114783.12346324253
14145,114783.12336495599
14146,114783.12415200502
14147,114783.12295138703
14148,114783.12430831562
14149,114783.12306496526
14150,114783.12373310461
14151,114783.12463543977
14152,114783.12428291448
14153,114783.12376267913
14154,114783.12373844488
14155,114783.12359104096
14156,114783.12410071582
14157,114783.12371748211
14158,114783.12367674896
14159,114783.12349876648
14160,114783.12341684116
14161,114783.12445288505
14162,114783.12478438558
14163,114783.12434689415
14164,114783.12426723186
14165,114783.12457811995
14166,114783.12428206629
14167,114783.12417555493
14168,114783.12456826183
14169,114783.12481241718
14170,114783.12351479317
14171,114783.12472091384
14172,114783.12320887999
14173,114783.12351629273
14174,114783.1242250794
14175,114783.12395043651
14176,114783.12548021272
14177,114783.12533895636
14178,114783.12415480355
14179,114783.12347607457
14180,114783.12404158311
14181,114783.12410799212
14182,114783.12491405317
14183,114783.1245565835
14184,114783.12384393942
14185,114783.1243875056
14186,114783.12438260998
14187,114783.12364446462
14188,114783.1231689063
14189,114783.12362032883
14190,114783.12444912535
14191,114783.12278844726
14192,114783.12351043789
14193,114783.12442371102
14194,114783.12291980335
14195,114783.12342051006
14196,114783.1244769688
14197,114783.12340597686
14198,114783.12399398848
14199,114783.1227574214
14200,114783.12344714031
14201,114783.12390925329
14202,114783.12426202685
14203,114783.12434232303
14204,114783.12353694155
14205,114783.12391643692
14206,114783.12459822284
14207,114783.12333213638
14208,114783.12339674802
14209,114783.12336695801
14210,114783.12433074643
14211,114783.12445560671
14212,114783.12382985037
14213,114783.12437584595
14214,114783.12311385034
14215,114783.1238385021
14216,114783.12297560534
14217,114783.1239947592
14218,114783.12361177268
14219,114783.12362932948
14220,114783.12409459898
14221,114783.12364238192
14222,114783.1226973021
14223,114783.12316790482
14224,114783.12370483519
14225,114783.12399457007
14226,114783.12415491405
14227,114783.12414912284
14228,114783.1238426899
14229,114783.12343065279
14230,114783.123572063
14231,114783.12407260225
14232,114783.12379207014
14233,114783.12398059652
14234,114783.12332254104
14235,114783.12321878821
14236,114783.1230560091
14237,114783.12450039212
14238,114783.12406240717
14239,114783.12479892066
14240,114783.12454389913
14241,114783.12372463525
14242,114783.12449907618
14243,114783.12441046939
14244,114783.12346762512
14245,114783.1241391057
14246,114783.12343700194
14247,114783.12314388508
14248,114783.12323573162
14249,114783.12500277028
14250,114783.12391025046
14251,114783.12350627777
14252,114783.12476963375
14253,114783.12389997729
14254,114783.12387502537
14255,114783.12364393887
14256,114783.12341375778
14257,114783.12313961136
14258,114783.12395527012
14259,114783.1247127443
14260,114783.12465759057
14261,114783.12441448549
14262,114783.12378794859
14263,114783.12353461825
14264,114783.12257482817
14265,114783.12451680351
14266,114783.12502029509
14267,114783.12344255362
14268,114783.12477068944
14269,114783.12362211589
14270,114783.12321545034
14271,114783.12444922834
14272,114783.12394849112
14273,114783.12354453649
14274,114783.12381581344
14275,114783.1244527022
14276,114783.12366996736
14277,114783.1245116629
14278,114783.12373015797
14279,114783.12385647785
14280,114783.12388339294
14281,114783.12450571412
14282,114783.12412127315
14283,114783.12388632311
14284,114783.12538852316
14285,114783.12413310788
14286,114783.12414433438
14287,114783.1250568133
14288,114783.12394497974
14289,114783.12397043462
14290,114783.12348397296
14291,114783.12431592561
14292,114783.12354221461
14293,114783.12459618309
14294,114783.12443772881
14295,114783.12402170041
14296,114783.1250329026
14297,114783.1245906918
14298,114783.12363799734
14299,114783.1233266091
14300,114783.12389205296
14301,114783.12380561976
14302,114783.12398361918
14303,114783.12394471593
14304,114783.12408832314
14305,114783.12316524105
14306,114783.1238163661
14307,114783.12373340315
14308,114783.12405981276
14309,114783.12371944172
14310,114783.12401430984
14311,114783.1230015278
14312,114783.12351480675
14313,114783.12419887088
14314,114783.12432788413
14315,114783.12332889008
14316,114783.12380330141
14317,114783.12378858583
14318,114783.12389054998
14319,114783.12400609102
14320,114783.12359614308
14321,114783.12454696828
14322,114783.12374719884
14323,114783.12314848082
14324,114783.12447857129
14325,114783.12433939871
14326,114783.12345993069
14327,114783.12328646121
14328,114783.12501188932
14329,114783.12502926722
14330,114783.12384995248
14331,114783.1237438612
14332,114783.12479335276
14333,114783.12395730107
14334,114783.12350933762
14335,114783.1238221747
14336,114783.12415450338
14337,114783.12389747435
14338,114783.12426398731
14339,114783.12493864798
14340,114783.12460793849
14341,114783.12511320376
14342,114783.12388430943
14343,114783.123843728
14344,114783.12437637536
14345,114783.12387399697
14346,114783.12367895602
14347,114783.12439052928
14348,114783.12355554392
14349,114783.12372087892
14350,114783.12438208316
14351,114783.12439035236
14352,114783.12414858774
14353,114783.12418672367
14354,114783.12430769294
14355,114783.12430792401
14356,114783.12395825096
14357,114783.12511724513
14358,114783.12470890406
14359,114783.12264310372
14360,114783.1237734013
14361,114783.12378517329
14362,114783.12380650113
14363,114783.12466376857
14364,114783.12346435664
14365,114783.12442198799
14366,114783.12393284535
14367,114783.12357421854
14368,114783.12426680225
14369,114783.12381275714
14370,114783.12326235388
14371,114783.12321388428
14372,114783.12492513556
14373,114783.123735276
14374,114783.12407140183
14375,114783.12345930957
14376,114783.12444762354
14377,114783.12397975511
14378,114783.1240257801
14379,114783.12411274115
14380,114783.12298254274
14381,114783.12316441933
14382,114783.12386202149
14383,114783.12353130149
14384,114783.1237899564
14385,114783.1244992004
14386,114783.12473747894
14387,114783.12312350889
14388,114783.12466790977
14389,114783.12238056288
14390,114783.12396243258
14391,114783.12425419841
14392,114783.12325593815
14393,114783.12373007459
14394,114783.12427329812
14395,114783.12389995833
14396,114783.12405709158
14397,114783.12487015022
14398,114783.12343256977
14399,114783.12398454676
14400,114783.1244796461
14401,114783.12317149296
14402,114783.12360580427
14403,114783.1230770997
14404,114783.12376715158
14405,114783.1238464738
14406,114783.12352097002
14407,114783.12366779533
14408,114783.12377593346
14409,114783.12402078575
14410,114783.12453804545
14411,114783.12375738785
14412,114783.12499735608
14413,114783.12433516799
14414,114783.12437526592
14415,114783.1237714897
14416,114783.12425243286
14417,114783.12342901068
14418,114783.1241615124
14419,114783.12404232011
14420,114783.12405590569
14421,114783.12398583697
14422,114783.12461683326
14423,114783.1244456699
14424,114783.12455063929
14425,114783.124096969
14426,114783.12387376916
14427,114783.12458113975
14428,114783.12384767803
14429,114783.12399364212
14430,114783.12473622464
14431,114783.12587308876
14432,114783.12370177293
14433,114783.12469560531
14434,114783.1230987846
14435,114783.12425844555
14436,114783.1244679109
14437,114783.1237104636
14438,114783.12416384745
14439,114783.12372663211
14440,114783.12379967074
14441,114783.12425549972
14442,114783.12450028371
14443,114783.1239563826
14444,114783.12386422144
14445,114783.12457979862
14446,114783.1239202079
14447,114783.12360321135
14448,114783.12546817298
14449,114783.12398346892
14450,114783.1245096221
14451,114783.12392043877
14452,114783.1243982763
14453,114783.12419288969
14454,114783.12347098097
14455,114783.12405208136
14456,114783.12419396505
14457,114783.12370832091
14458,114783.1238401143
14459,114783.12351764375
14460,114783.12453296679
14461,114783.12519330978
14462,114783.12450315176
14463,114783.12376184257
14464,114783.12387670572
14465,114783.12428680234
14466,114783.12460020647
14467,114783.12389720496
14468,114783.12396030381
14469,114783.12292983192
14470,114783.12370961088
14471,114783.12396271824
14472,114783.12421076266
14473,114783.12417911214
14474,114783.123833869
14475,114783.12417692597
14476,114783.12487099666
14477,114783.12366445444
14478,114783.12368240001
14479,114783.12458986802
14480,114783.12417064805
14481,114783.12408978502
14482,114783.12382458698
14483,114783.12408814275
14484,114783.12425499325
14485,114783.12426668893
14486,114783.12341880759
14487,114783.1240018516
14488,114783.12385581656
14489,114783.12383426649
14490,114783.12460515069
14491,114783.12334492993
14492,114783.12384054162
14493,114783.12273170921
14494,114783.1236523943
14495,114783.12403239043
14496,114783.12409484558
14497,114783.12348270408
14498,114783.12372022733
14499,114783.1243583485
14500,114783.12465162996
14501,114783.12356106385
14502,114783.12388109462
14503,114783.1238895904
14504,114783.12499485095
14505,114783.12428100534
14506,114783.12484111844
14507,114783.12352170057
14508,114783.12396490354
14509,114783.12467221699
14510,114783.12436633543
14511,114783.12356683695
14512,114783.12429113235
14513,114783.12398686248
14514,114783.12385056741
14515,114783.12409644415
14516,114783.12313055625
14517,114783.12369260736
14518,114783.12402603932
14519,114783.12379851118
14520,114783.12511038625
14521,114783.12442872107
14522,114783.12365496566
14523,114783.12361867694
14524,114783.12368034253
14525,114783.12378668401
14526,114783.12405553187
14527,114783.12415410853
14528,114783.1241314511
14529,114783.12395275397
14530,114783.12268856267
14531,114783.12416311544
14532,114783.12389355541
14533,114783.12442239303
14534,114783.12388524991
14535,114783.12362154925
14536,114783.12408127468
14537,114783.12359028381
14538,114783.12413248654
14539,114783.12385516553
14540,114783.12440504124
14541,114783.12392906166
14542,114783.12419743702
14543,114783.12383193098
14544,114783.12331958485
14545,114783.12505680922
14546,114783.1237782511
14547,114783.12423752101
14548,114783.12328520796
14549,114783.12337834218
14550,114783.12303968202
14551,114783.12399321505
14552,114783.12422004742
14553,114783.12385806449
14554,114783.12353605201
14555,114783.12408526897
14556,114783.12386335162
14557,114783.12409252072
14558,114783.12401371247
14559,114783.12399454664
14560,114783.12368019696
14561,114783.12383370002
14562,114783.12389443074
14563,114783.12452399138
14564,114783.12518839266
14565,114783.12350428179
14566,114783.12388880171
14567,114783.12411663341
14568,114783.12407386326
14569,114783.12422006253
14570,114783.1240063814
14571,114783.12435427017
14572,114783.12420317902
14573,114783.12418832465
14574,114783.12402606544
14575,114783.12363969968
14576,114783.12412327621
14577,114783.12314100446
14578,114783.12378917608
14579,114783.1243249486
14580,114783.12282392601
14581,114783.12280121411
14582,114783.12230445609
14583,114783.12361148746
14584,114783.12422163587
14585,114783.1239496287
14586,114783.12383026165
14587,114783.12396531369
14588,114783.12404317062
14589,114783.12396302538
14590,114783.12416770023
14591,114783.12401493502
14592,114783.12392097729
14593,114783.1230237894
14594,114783.12402946167
14595,114783.12408270864
14596,114783.12428709619
14597,114783.12283809907
14598,114783.12418052624
14599,114783.12366560833
14600,114783.12460968067
14601,114783.12408663103
14602,114783.12419040165
14603,114783.12396059034
14604,114783.12376126743
14605,114783.12411943157
14606,114783.12312536765
14607,114783.12424056152
14608,114783.12450018655
14609,114783.12439863861
14610,114783.12400734279
14611,114783.12349819433
14612,114783.12403215539
14613,114783.12436856951
14614,114783.12397712143
14615,114783.1241552894
14616,114783.12372295641
14617,114783.12378520597
14618,114783.12399067041
14619,114783.12399067056
14620,45596344.46016966
14621,45596344.46016968
14622,45596344.46016967
14623,45596344.460169666
14624,45596344.46016967
14625,45596344.46016967
14626,45596344.46016965
14627,45596344.46016969
14628,45596344.46016966
14629,45596344.46016965
14630,45596344.46016967
14631,45596344.38926496
14632,45596344.482699245
14633,45596344.46265681
14634,45596344.47522208
14635,45596344.40085089
14636,45596344.415028445
14637,45596344.44343785
14638,45596344.5234674
14639,45596344.38899562
14640,45596344.42185334
14641,45596344.56658895
14642,45596344.296130285
14643,45596344.5090495
14644,45596344.48389087
14645,45596344.4880717
14646,45596344.509653404
14647,45596344.47966142
14648,45596344.538453035
14649,45596344.4368519
14650,45596344.505641125
14651,45596344.46985888
14652,45596344.51065146
14653,45596344.469861746
14654,45596344.53065653
14655,45596344.57117581
14656,45596344.416646875
14657,45596344.50038531
14658,45596344.4496183
14659,45596344.530544125
14660,45596344.46605718
14661,45596344.545115866
14662,45596344.46998748
14663,45596344.44832254
14664,45596344.4342613
14665,45596344.369416304
14666,45596344.43943096
14667,45596344.428560846
14668,45596344.498454385
14669,45596344.5053287
14670,45596344.43323252
14671,45596344.3669926
14672,45596344.578495756
14673,45596344.37909709
14674,45596344.45502458
14675,45596344.48919561
14676,45596344.4800453
14677,45596344.52138604
14678,45596344.556446016
14679,45596344.47567967
14680,45596344.46025207
14681,45596344.470825955
14682,45596344.45520634
14683,45596344.35598227
14684,45596344.38077182
14685,45596344.410323314
14686,45596344.47451829
14687,45596344.35763051
14688,45596344.54959111
14689,45596344.46401743
14690,45596344.58880541
14691,45596344.593696155
14692,45596344.51654718
14693,45596344.368458636
14694,45596344.57216328
14695,45596344.415864676
14696,45596344.44688525
14697,45596344.44132085
14698,45596344.5173994
14699,45596344.42161682
14700,45596344.55202892
14701,45596344.449962676
14702,45596344.527934045
14703,45596344.52955724
14704,45596344.481091216
14705,45596344.462576985
14706,45596344.46302483
14707,45596344.514215805
14708,45596344.53485007
14709,45596344.46609461
14710,45596344.46674028
14711,45596344.51917253
14712,45596344.45362741
14713,45596344.50532322
14714,45596344.40285314
14715,45596344.53105546
14716,45596344.31449581
14717,45596344.40552388
14718,45596344.503957264
14719,45596344.49256825
14720,45596344.358594865
14721,45596344.48876163
14722,45596344.48017092
14723,45596344.43328107
14724,45596344.386865765
14725,45596344.393798634
14726,45596344.40343088
14727,45596344.47179108
14728,45596344.39418453
14729,45596344.41917744
14730,45596344.557674505
14731,45596344.44964557
14732,45596344.39879765
14733,45596344.464582644
14734,45596344.42684661
14735,45596344.43665734
14736,45596344.48029608
14737,45596344.42138551
14738,45596344.50570306
14739,45596344.4220336
14740,45596344.466163255
14741,45596344.40429685
14742,45596344.46999942
14743,45596344.425449535
14744,45596344.46944995
14745,45596344.40855369
14746,45596344.56786669
14747,45596344.40397952
14748,45596344.41053617
14749,45596344.42371647
14750,45596344.43898404
14751,45596344.47724936
14752,45596344.5856179
14753,45596344.38095908
14754,45596344.45020206
14755,45596344.46439384
14756,45596344.37726967
14757,45596344.47363796
14758,45596344.504866846
14759,45596344.4220702
14760,45596344.54709415
14761,45596344.396307305
14762,45596344.34002945
14763,45596344.274697185
14764,45596344.44726099
14765,45596344.528519355
14766,45596344.439785
14767,45596344.50339632
14768,45596344.4805238
14769,45596344.45523018
14770,45596344.53394375
14771,45596344.381505534
14772,45596344.404885575
14773,45596344.52811773
14774,45596344.46438646
14775,45596344.47208062
14776,45596344.37117164
14777,45596344.385139786
14778,45596344.44964568
14779,45596344.47913164
14780,45596344.48886116
14781,45596344.520368665
14782,45596344.42724946
14783,45596344.4407205
14784,45596344.44651808
14785,45596344.34088352
14786,45596344.39402787
14787,45596344.424912855
14788,45596344.48547371
14789,45596344.52714425
14790,45596344.44358134
14791,45596344.4560951
14792,45596344.39800059
14793,45596344.29316518
14794,45596344.50823903
14795,45596344.44988442
14796,45596344.50351877
14797,45596344.38706028
14798,45596344.50708295
14799,45596344.43698082
14800,45596344.42913903
14801,45596344.32258949
14802,45596344.42928177
14803,45596344.601186424
14804,45596344.50224765
14805,45596344.45087899
14806,45596344.38322402
14807,45596344.51117905
14808,45596344.486672565
14809,45596344.45592181
14810,45596344.4092167
14811,45596344.562215395
14812,45596344.4563369
14813,45596344.53033206
14814,45596344.46080464
14815,45596344.49186179
14816,45596344.48567131
14817,45596344.45114581
14818,45596344.51991688
14819,45596344.53166915
14820,45596344.46178295
14821,45596344.51410493
14822,45596344.42828012
14823,45596344.44225742
14824,45596344.37031506
14825,45596344.48109347
14826,45596344.33254594
14827,45596344.389838226
14828,45596344.43236105
14829,45596344.36778007
14830,45596344.52113302
14831,45596344.464656346
14832,45596344.40871594
14833,45596344.4025887
14834,45596344.48398976
14835,45596344.52542132
14836,45596344.43060112
14837,45596344.41426352
14838,45596344.380455345
14839,45596344.52594799
14840,45596344.45627033
14841,45596344.42826926
14842,45596344.34130348
14843,45596344.38353674
14844,45596344.57829739
14845,45596344.423926465
14846,45596344.40447411
14847,45596344.500815585
14848,45596344.48778514
14849,45596344.536827125
14850,45596344.47772607
14851,45596344.32752375
14852,45596344.404460594
14853,45596344.4530803
14854,45596344.42211045
14855,45596344.3964138
14856,45596344.41487543
14857,45596344.34020321
14858,45596344.44701507
14859,45596344.49063934
14860,45596344.467393205
14861,45596344.44534115
14862,45596344.426355846
14863,45596344.489448845
14864,45596344.38019181
14865,45596344.40554633
14866,45596344.47526644
14867,45596344.44456118
14868,45596344.377615996
14869,45596344.53354732
14870,45596344.42609487
14871,45596344.38924401
14872,45596344.39430231
14873,45596344.52776901
14874,45596344.44539131
14875,45596344.44655073
14876,45596344.39879619
14877,45596344.42905924
14878,45596344.40073791
14879,45596344.347254746
14880,45596344.529623106
14881,45596344.29414064
14882,45596344.40847943
14883,45596344.58394409
14884,45596344.47350835
14885,45596344.47611774
14886,45596344.50721604
14887,45596344.39658816
14888,45596344.63454996
14889,45596344.51716644
14890,45596344.38184637
14891,45596344.433705665
14892,45596344.41046008
14893,45596344.3459407
14894,45596344.44520461
14895,45596344.53866657
14896,45596344.47987064
14897,45596344.432614625
14898,45596344.53865196
14899,45596344.4002699
14900,45596344.494058736
14901,45596344.49868793
14902,45596344.476592675
14903,45596344.54983721
14904,45596344.4329004
14905,45596344.53741846
14906,45596344.47060369
14907,45596344.42239187
14908,45596344.47437434
14909,45596344.384154916
14910,45596344.45881976
14911,45596344.55529513
14912,45596344.411836565
14913,45596344.412489824
14914,45596344.41053589
14915,45596344.54560323
14916,45596344.49170574
14917,45596344.43145915
14918,45596344.5608117
14919,45596344.460623264
14920,45596344.424726285
14921,45596344.41244859
14922,45596344.489049554
14923,45596344.59889291
14924,45596344.4844753
14925,45596344.44586887
14926,45596344.46258444
14927,45596344.41523356
14928,45596344.43990011
14929,45596344.49992094
14930,45596344.6070985
14931,45596344.417076655
14932,45596344.417671844
14933,45596344.510078184
14934,45596344.54844093
14935,45596344.42547863
14936,45596344.43555639
14937,45596344.40820662
14938,45596344.48550249
14939,45596344.47859027
14940,45596344.498514846
14941,45596344.36700921
14942,45596344.494928
14943,45596344.480723314
14944,45596344.42403445
14945,45596344.41230811
14946,45596344.37558538
14947,45596344.57630269
14948,45596344.43072531
14949,45596344.4967122
14950,45596344.52471101
14951,45596344.469385654
14952,45596344.37927446
14953,45596344.43417161
14954,45596344.41320102
14955,45596344.476103276
14956,45596344.500949554
14957,45596344.55284198
14958,45596344.41701727
14959,45596344.52233765
14960,45596344.60589704
14961,45596344.55858543
14962,45596344.522069365
14963,45596344.52994269
14964,45596344.45917434
14965,45596344.45726308
14966,45596344.47081154
14967,45596344.41894571
14968,45596344.46540743
14969,45596344.452501215
14970,45596344.43383748
14971,45596344.38670211
14972,45596344.443394646
14973,45596344.460552335
14974,45596344.452557914
14975,45596344.46268901
14976,45596344.401629336
14977,45596344.4907955
14978,45596344.56116822
14979,45596344.49787003
14980,45596344.4681643
14981,45596344.41621364
14982,45596344.49467932
14983,45596344.3728276
14984,45596344.44270564
14985,45596344.41145031
14986,45596344.38663131
14987,45596344.42519041
14988,45596344.48902442
14989,45596344.43818994
14990,45596344.37674063
14991,45596344.530684374
14992,45596344.42950829
14993,45596344.43416667
14994,45596344.48016269
14995,45596344.490378976
14996,45596344.42306807
14997,45596344.55060709
14998,45596344.407981664
14999,45596344.4614172
15000,45596344.425993204
15001,45596344.418804504
15002,45596344.49815974
15003,45596344.455817446
15004,45596344.47032026
15005,45596344.4627452
15006,45596344.40616853
15007,45596344.49875201
15008,45596344.39646007
15009,45596344.42072019
15010,45596344.462218024
15011,45596344.52366014
15012,45596344.51528855
15013,45596344.486910515
15014,45596344.43907024
15015,45596344.43742366
15016,45596344.38065859
15017,45596344.44038653
15018,45596344.45684344
15019,45596344.48496092
15020,45596344.5037045
15021,45596344.49418954
15022,45596344.4197129
15023,45596344.48048969
15024,45596344.44773084
15025,45596344.508083
15026,45596344.45606345
15027,45596344.506505825
15028,45596344.45612799
15029,45596344.48429459
15030,45596344.5320054
15031,45596344.36953319
15032,45596344.504376225
15033,45596344.35631823
15034,45596344.4845402
15035,45596344.49517784
15036,45596344.42998798
15037,45596344.44129916
15038,45596344.49494196
15039,45596344.47769374
15040,45596344.503894776
15041,45596344.446259886
15042,45596344.439249076
15043,45596344.33378831
15044,45596344.4691534
15045,45596344.446452
15046,45596344.43169963
15047,45596344.442018874
15048,45596344.39486467
15049,45596344.42614908
15050,45596344.4703417
15051,45596344.426188014
15052,45596344.37279358
15053,45596344.51293829
15054,45596344.50653205
15055,45596344.371152
15056,45596344.492969565
15057,45596344.4673388
15058,45596344.46590863
15059,45596344.49655541
15060,45596344.46601432
15061,45596344.45279621
15062,45596344.513989195
15063,45596344.46740144
15064,45596344.421776876
15065,45596344.41361803
15066,45596344.46259076
15067,45596344.39214986
15068,45596344.43419181
15069,45596344.46053185
15070,45596344.50621918
15071,45596344.49346085
15072,45596344.469421566
15073,45596344.45279432
15074,45596344.44259173
15075,45596344.43906077
15076,45596344.36068234
15077,45596344.468906246
15078,45596344.37553551
15079,45596344.441113986
15080,45596344.519412
15081,45596344.436448306
15082,45596344.54261598
15083,45596344.47647336
15084,45596344.50082789
15085,45596344.39166058
15086,45596344.43116655
15087,45596344.52514623
15088,45596344.38877255
15089,45596344.5397884
15090,45596344.44599011
15091,45596344.466987275
15092,45596344.43779219
15093,45596344.4417164
15094,45596344.46343541
15095,45596344.52500168
15096,45596344.418182395
15097,45596344.45977262
15098,45596344.47551402
15099,45596344.41860134
15100,45596344.52438069
15101,45596344.543133765
15102,45596344.529385105
15103,45596344.50002486
15104,45596344.47965809
15105,45596344.403548606
15106,45596344.51835897
15107,45596344.494395345
15108,45596344.41850135
15109,45596344.40583865
15110,45596344.42427857
15111,45596344.37163464
15112,45596344.50870055
15113,45596344.35475131
15114,45596344.393263705
15115,45596344.42319624
15116,45596344.46571864
15117,45596344.46247869
15118,45596344.54145515
15119,45596344.379909836
15120,45596344.465730175
15121,45596344.38822202
15122,45596344.46660828
15123,45596344.532598235
15124,45596344.378648825
15125,45596344.36491992
15126,45596344.47035561
15127,45596344.50475101
15128,45596344.343504675
15129,45596344.45882671
15130,45596344.55046077
15131,45596344.4634589
15132,45596344.45207008
15133,45596344.56224183
15134,45596344.41904618
15135,45596344.44912628
15136,45596344.455887794
15137,45596344.38300227
15138,45596344.38741444
15139,45596344.50169383
15140,45596344.49836529
15141,45596344.44507464
15142,45596344.4687686
15143,45596344.4889961
15144,45596344.54739613
15145,45596344.45620125
15146,45596344.478710756
15147,45596344.52337576
15148,45596344.486937195
15149,45596344.53161882
15150,45596344.415830284
15151,45596344.385960355
15152,45596344.502497934
15153,45596344.345308326
15154,45596344.44080341
15155,45596344.45257802
15156,45596344.48357686
15157,45596344.51396688
15158,45596344.40151613
15159,45596344.60378128
15160,45596344.49630342
15161,45596344.53714439
15162,45596344.417949304
15163,45596344.469504535
15164,45596344.48682074
15165,45596344.46089109
15166,45596344.477816865
15167,45596344.49073974
15168,45596344.461106054
15169,45596344.443968184
15170,45596344.441951
15171,45596344.42500259
15172,45596344.4494507
15173,45596344.39574553
15174,45596344.46234556
15175,45596344.470490254
15176,45596344.44201813
15177,45596344.392968886
15178,45596344.48422613
15179,45596344.4570874
15180,45596344.48205721
15181,45596344.369499266
15182,45596344.485792145
15183,45596344.378362715
15184,45596344.54730605
15185,45596344.402509816
15186,45596344.469287604
15187,45596344.40742484
15188,45596344.43598504
15189,45596344.40487264
15190,45596344.46192106
15191,45596344.42728776
15192,45596344.41122615
15193,45596344.45241331
15194,45596344.394002475
15195,45596344.427254334
15196,45596344.498881616
15197,45596344.51930544
15198,45596344.47570024
15199,45596344.53023196
15200,45596344.444767
15201,45596344.4023113
15202,45596344.42821012
15203,45596344.5204602
15204,45596344.471029565
15205,45596344.45450647
15206,45596344.54704583
15207,45596344.485636614
15208,45596344.410501376
15209,45596344.44029101
15210,45596344.44449871
15211,45596344.57753948
15212,45596344.55305559
15213,45596344.47833565
15214,45596344.4898843
15215,45596344.38190035
15216,45596344.448486224
15217,45596344.34570056
15218,45596344.422323994
15219,45596344.47744273
15220,45596344.55011958
15221,45596344.52129004
15222,45596344.41281108
15223,45596344.379668176
15224,45596344.43980678
15225,45596344.47240104
15226,45596344.433974534
15227,45596344.501169406
15228,45596344.422338255
15229,45596344.52660547
15230,45596344.501230255
15231,45596344.37361171
15232,45596344.42726542
15233,45596344.445944555
15234,45596344.44444083
15235,45596344.51624823
15236,45596344.43921365
15237,45596344.493853964
15238,45596344.509942934
15239,45596344.51031957
15240,45596344.49202316
15241,45596344.4177677
15242,45596344.41349546
15243,45596344.46384471
15244,45596344.45688458
15245,45596344.43573904
15246,45596344.35839207
15247,45596344.48121836
15248,45596344.39802471
15249,45596344.43355018
15250,45596344.522593625
15251,45596344.49581935
15252,45596344.44088181
15253,45596344.540141575
15254,45596344.444933645
15255,45596344.500979565
15256,45596344.453673705
15257,45596344.40712848
15258,45596344.5355227
15259,45596344.54053747
15260,45596344.46001074
15261,45596344.46561531
15262,45596344.384775236
15263,45596344.507373214
15264,45596344.487845436
15265,45596344.45107685
15266,45596344.49401679
15267,45596344.55651452
15268,45596344.45496261
15269,45596344.418879084
15270,45596344.49156481
15271,45596344.44019218
15272,45596344.4623587
15273,45596344.46953571
15274,45596344.5548064
15275,45596344.48282812
15276,45596344.457919136
15277,45596344.43823573
15278,45596344.48817288
15279,45596344.50472915
15280,45596344.54510859
15281,45596344.48716506
15282,45596344.36845191
15283,45596344.44236077
15284,45596344.44822504
15285,45596344.513781175
15286,45596344.44281445
15287,45596344.409351125
15288,45596344.4325077
15289,45596344.46472592
15290,45596344.489870235
15291,45596344.4545639
15292,45596344.533339985
15293,45596344.41853736
15294,45596344.38982327
15295,45596344.4512984
15296,45596344.46578321
15297,45596344.553564355
15298,45596344.44327985
15299,45596344.440937534
15300,45596344.45034734
15301,45596344.45956528
15302,45596344.46631915
15303,45596344.50113922
15304,45596344.43630949
15305,45596344.45815098
15306,45596344.487847686
15307,45596344.52070046
15308,45596344.47529237
15309,45596344.42748704
15310,45596344.53401674
15311,45596344.44517122
15312,45596344.50038614
15313,45596344.56025183
15314,45596344.49562611
15315,45596344.535540916
15316,45596344.4138244
15317,45596344.41906239
15318,45596344.44168079
15319,45596344.441723034
15320,45596344.45819761
15321,45596344.55959125
15322,45596344.43153067
15323,45596344.43325226
15324,45596344.50269643
15325,45596344.45503777
15326,45596344.41116263
15327,45596344.565245815
15328,45596344.43748592
15329,45596344.48025124
15330,45596344.483050935
15331,45596344.49063499
15332,45596344.43868793
15333,45596344.51001302
15334,45596344.47054947
15335,45596344.41790973
15336,45596344.42859116
15337,45596344.534086436
15338,45596344.47718917
15339,45596344.516055286
15340,45596344.48010481
15341,45596344.450700566
15342,45596344.43819299
15343,45596344.43687733
15344,45596344.45646121
15345,45596344.464477725
15346,45596344.43240799
15347,45596344.44925265
15348,45596344.44225091
15349,45596344.46016966
15350,45596344.46016965
15351,111034.77832398585
15352,111034.77832398574
15353,111034.77832398521
15354,111034.77832398519
15355,111034.7783239853
15356,111034.77832398568
15357,111034.7783239858
15358,111034.77832398578
15359,111034.77832398591
15360,111034.77832398619
15361,111034.77832398583
15362,111034.77812913644
15363,111034.77860865346
15364,111034.77859466792
15365,111034.77855251326
15366,111034.77846871912
15367,111034.77813171504
15368,111034.77836767473
15369,111034.77766029528
15370,111034.77844420538
15371,111034.7784274723
15372,111034.77784447427
15373,111034.77835541271
15374,111034.77841598316
15375,111034.77848542135
15376,111034.77836440767
15377,111034.7779261166
15378,111034.77786510045
15379,111034.77735689291
15380,111034.77796340075
15381,111034.77826901415
15382,111034.77902691315
15383,111034.77812393742
15384,111034.77809548046
15385,111034.77914173681
15386,111034.77834789448
15387,111034.7786811905
15388,111034.77837585604
15389,111034.77857842896
15390,111034.77846497181
15391,111034.77868560627
15392,111034.77811421758
15393,111034.77956885246
15394,111034.77892681464
15395,111034.77805677391
15396,111034.77817822441
15397,111034.77818365775
15398,111034.7784534854
15399,111034.77772296153
15400,111034.77847523287
15401,111034.77878866412
15402,111034.77876904793
15403,111034.7785231108
15404,111034.77797548095
15405,111034.77835444524
15406,111034.77819023935
15407,111034.77839157029
15408,111034.77880686273
15409,111034.77833598464
15410,111034.77884288364
15411,111034.77825048521
15412,111034.7783932186
15413,111034.77877060014
15414,111034.77927695373
15415,111034.77729790694
15416,111034.77840267279
15417,111034.77832613888
15418,111034.77872815564
15419,111034.7780048065
15420,111034.77863713354
15421,111034.77817273176
15422,111034.77821148868
15423,111034.7783260826
15424,111034.7785662676
15425,111034.77819781317
15426,111034.77906297904
15427,111034.77838402127
15428,111034.77899021747
15429,111034.77824447378
15430,111034.7786238092
15431,111034.77846216504
15432,111034.77816407717
15433,111034.77797329727
15434,111034.77896196312
15435,111034.77855549555
15436,111034.77880642806
15437,111034.77839840113
15438,111034.77856236255
15439,111034.77796041152
15440,111034.77830077769
15441,111034.778252481
15442,111034.77856555328
15443,111034.77854011531
15444,111034.77748779417
15445,111034.77763080255
15446,111034.77796728563
15447,111034.77890314252
15448,111034.77846110145
15449,111034.77862344573
15450,111034.77877872437
15451,111034.77838884681
15452,111034.77834950517
15453,111034.77785419989
15454,111034.77799883948
15455,111034.77919656082
15456,111034.77838985981
15457,111034.77829821453
15458,111034.77802812414
15459,111034.77774804278
15460,111034.77808472396
15461,111034.7784919332
15462,111034.77837339336
15463,111034.77824803707
15464,111034.77812129824
15465,111034.77830697656
15466,111034.77809453392
15467,111034.77863603854
15468,111034.77870871416
15469,111034.77851388154
15470,111034.77806282126
15471,111034.77863751359
15472,111034.77788333573
15473,111034.77785635597
15474,111034.77934276564
15475,111034.77890831514
15476,111034.77832119454
15477,111034.77755338316
15478,111034.77888798155
15479,111034.77790398373
15480,111034.77797273154
15481,111034.77844128302
15482,111034.77798542629
15483,111034.77872997719
15484,111034.7785157095
15485,111034.77743560864
15486,111034.77819887368
15487,111034.77848132777
15488,111034.77776963409
15489,111034.78012403833
15490,111034.77913499135
15491,111034.77879434223
15492,111034.77796172284
15493,111034.77827293308
15494,111034.77859309729
15495,111034.77807817982
15496,111034.77846298006
15497,111034.77908157434
15498,111034.77826440499
15499,111034.77821996043
15500,111034.7789646998
15501,111034.77830174049
15502,111034.77791277177
15503,111034.77834119865
15504,111034.77834305062
15505,111034.77770824244
15506,111034.77876927884
15507,111034.77860870305
15508,111034.77865214708
15509,111034.7784689312
15510,111034.77838198272
15511,111034.77796420458
15512,111034.77802413344
15513,111034.77877567885
15514,111034.77799900102
15515,111034.7779178034
15516,111034.77820505078
15517,111034.77804971642
15518,111034.77845270313
15519,111034.77842301852
15520,111034.77862841904
15521,111034.77876254737
15522,111034.77803988593
15523,111034.77808565581
15524,111034.77820970873
15525,111034.7789327851
15526,111034.77965623979
15527,111034.77828555013
15528,111034.77761562879
15529,111034.77872783881
15530,111034.7791242121
15531,111034.77809119583
15532,111034.77885542651
15533,111034.778247945
15534,111034.77745553404
15535,111034.77750950005
15536,111034.77864612978
15537,111034.777980738
15538,111034.77799727918
15539,111034.77888237679
15540,111034.77827756335
15541,111034.77869095806
15542,111034.7785457157
15543,111034.77807807284
15544,111034.7780455093
15545,111034.7785627884
15546,111034.77828618283
15547,111034.77788005854
15548,111034.77799607297
15549,111034.77771426323
15550,111034.77796182805
15551,111034.77759487911
15552,111034.77835071858
15553,111034.77879781628
15554,111034.77824938542
15555,111034.77840909733
15556,111034.77825356544
15557,111034.77807729706
15558,111034.77792876605
15559,111034.77759177165
15560,111034.77833081313
15561,111034.77774491273
15562,111034.77814624147
15563,111034.77826443661
15564,111034.7783729252
15565,111034.77918084692
15566,111034.77863142925
15567,111034.77909887602
15568,111034.77862118775
15569,111034.77844272034
15570,111034.7783595789
15571,111034.77888020393
15572,111034.77891866173
15573,111034.77820742958
15574,111034.77799241462
15575,111034.77894978788
15576,111034.7787329758
15577,111034.7777015877
15578,111034.77841928304
15579,111034.7776974199
15580,111034.77781251362
15581,111034.77738879427
15582,111034.77860266871
15583,111034.77873220049
15584,111034.77790996435
15585,111034.77820944772
15586,111034.77787142056
15587,111034.77837383875
15588,111034.77797670515
15589,111034.77871162875
15590,111034.77778628729
15591,111034.7792885756
15592,111034.77881933849
15593,111034.77809395164
15594,111034.77831488683
15595,111034.7776878368
15596,111034.7780629089
15597,111034.77906934332
15598,111034.77827965612
15599,111034.77793040281
15600,111034.77848136243
15601,111034.77873295234
15602,111034.77822983146
15603,111034.77802839699
15604,111034.77815179186
15605,111034.7781407031
15606,111034.7778188403
15607,111034.77770401361
15608,111034.77838626652
15609,111034.7773327386
15610,111034.77855943471
15611,111034.77750116815
15612,111034.77795940674
15613,111034.77895635918
15614,111034.77873020945
15615,111034.77824881942
15616,111034.77818107078
15617,111034.7779348022
15618,111034.77826005468
15619,111034.77818902631
15620,111034.77809481432
15621,111034.77783451615
15622,111034.77766280947
15623,111034.77883871303
15624,111034.77886049924
15625,111034.77869751831
15626,111034.77850593852
15627,111034.77899556245
15628,111034.77873899536
15629,111034.7785180887
15630,111034.77882468769
15631,111034.77919375761
15632,111034.77811615821
15633,111034.77876260881
15634,111034.77766674779
15635,111034.77784405737
15636,111034.77862517796
15637,111034.7783576503
15638,111034.77956023997
15639,111034.77947838318
15640,111034.77852420442
15641,111034.77794917939
15642,111034.77852188154
15643,111034.7785317135
15644,111034.77908573652
15645,111034.77877504373
15646,111034.77831388035
15647,111034.77873815768
15648,111034.77872655512
15649,111034.7781702427
15650,111034.77751178741
15651,111034.77797036387
15652,111034.77866770884
15653,111034.77731536176
15654,111034.77807027123
15655,111034.77861215046
15656,111034.77740092363
15657,111034.77777869407
15658,111034.7788109195
15659,111034.77773082945
15660,111034.77835625723
15661,111034.77728595135
15662,111034.77779566302
15663,111034.77827446576
15664,111034.77857729903
15665,111034.77853539558
15666,111034.77780123234
15667,111034.77808467815
15668,111034.77883703289
15669,111034.7778551716
15670,111034.77784071925
15671,111034.77785136443
15672,111034.7785000768
15673,111034.77887020768
15674,111034.77825916652
15675,111034.77861324704
15676,111034.77752121768
15677,111034.77804250579
15678,111034.77754767734
15679,111034.77813628546
15680,111034.77804159344
15681,111034.77790038938
15682,111034.7786081288
15683,111034.77800551565
15684,111034.77725642029
15685,111034.77763062618
15686,111034.77806368686
15687,111034.77831739427
15688,111034.77848931533
15689,111034.77852425793
15690,111034.77817566945
15691,111034.7778625445
15692,111034.7781799579
15693,111034.77844324426
15694,111034.77809313804
15695,111034.77822370043
15696,111034.7779113171
15697,111034.77757831624
15698,111034.77768488077
15699,111034.77872216636
15700,111034.7783244911
15701,111034.7789354687
15702,111034.77873336014
15703,111034.77817435628
15704,111034.7787740599
15705,111034.77865382604
15706,111034.7778470307
15707,111034.77826003576
15708,111034.7777447445
15709,111034.77760366905
15710,111034.77773596508
15711,111034.77930129474
15712,111034.77833567961
15713,111034.77789600393
15714,111034.77900529673
15715,111034.7782891914
15716,111034.77824314598
15717,111034.77798048471
15718,111034.77774101523
15719,111034.7775450474
15720,111034.77809306521
15721,111034.77898265756
15722,111034.77902417642
15723,111034.77871268064
15724,111034.77815625985
15725,111034.7780581403
15726,111034.7771365475
15727,111034.77865506237
15728,111034.77929613377
15729,111034.77791359418
15730,111034.77899759036
15731,111034.77801280672
15732,111034.77763552293
15733,111034.77869948656
15734,111034.77836354084
15735,111034.77803263676
15736,111034.7781956157
15737,111034.77874123656
15738,111034.77796692227
15739,111034.77869268664
15740,111034.77806848232
15741,111034.77815251386
15742,111034.77815166149
15743,111034.77882368038
15744,111034.77846001752
15745,111034.77818876796
15746,111034.77961463395
15747,111034.77830625094
15748,111034.77844843599
15749,111034.77932432508
15750,111034.77830429094
15751,111034.77824301286
15752,111034.7777507723
15753,111034.77851329776
15754,111034.77796218828
15755,111034.77886238656
15756,111034.77876068742
15757,111034.77819033664
15758,111034.77926948194
15759,111034.77880571639
15760,111034.77806199233
15761,111034.77790049204
15762,111034.77808895535
15763,111034.77815829839
15764,111034.77824773683
15765,111034.77829192638
15766,111034.77836768489
15767,111034.77757381627
15768,111034.7782647737
15769,111034.77818717436
15770,111034.7784766355
15771,111034.77814803866
15772,111034.77833041069
15773,111034.77740332442
15774,111034.7779056922
15775,111034.77855929386
15776,111034.7785772997
15777,111034.77768012715
15778,111034.77807215681
15779,111034.77816602781
15780,111034.77839777038
15781,111034.77836844885
15782,111034.77799825526
15783,111034.77883545969
15784,111034.77804593387
15785,111034.77775311295
15786,111034.77876531392
15787,111034.77866625023
15788,111034.7777390572
15789,111034.77772087709
15790,111034.77909782101
15791,111034.77925171913
15792,111034.77821717311
15793,111034.77811325477
15794,111034.77894042205
15795,111034.77828346861
15796,111034.7778161281
15797,111034.77806456487
15798,111034.77840327294
15799,111034.77818663257
15800,111034.77852830711
15801,111034.77919654454
15802,111034.77887820484
15803,111034.77949041648
15804,111034.77830219163
15805,111034.77829487895
15806,111034.77876508082
15807,111034.77819518525
15808,111034.77802194672
15809,111034.7787495561
15810,111034.77795581309
15811,111034.77799488141
15812,111034.77856457228
15813,111034.77866686114
15814,111034.77844541901
15815,111034.77861931891
15816,111034.77857154918
15817,111034.77869567678
15818,111034.77822540131
15819,111034.77934028595
15820,111034.77900901543
15821,111034.77708059733
15822,111034.77809499604
15823,111034.77810507234
15824,111034.77820932763
15825,111034.7789577829
15826,111034.7778915349
15827,111034.77874112189
15828,111034.77838174095
15829,111034.77784423104
15830,111034.77861100216
15831,111034.77816484401
15832,111034.77758793249
15833,111034.77756654008
15834,111034.7791815067
15835,111034.77808577711
15836,111034.77838055367
15837,111034.77776763181
15838,111034.77870706403
15839,111034.77831834626
15840,111034.77840690936
15841,111034.77848545213
15842,111034.77741068121
15843,111034.77759038858
15844,111034.7781929733
15845,111034.77790898294
15846,111034.77819871163
15847,111034.7789014022
15848,111034.77888396256
15849,111034.7774680033
15850,111034.77908493385
15851,111034.77677561964
15852,111034.77821124521
15853,111034.77864358462
15854,111034.77758728024
15855,111034.77804740789
15856,111034.77865441414
15857,111034.77820549336
15858,111034.77845890688
15859,111034.77902496792
15860,111034.777909642
15861,111034.77855827847
15862,111034.77881463835
15863,111034.77755270517
15864,111034.77789309222
15865,111034.77743390578
15866,111034.77814959217
15867,111034.778205698
15868,111034.77789604753
15869,111034.77806533313
15870,111034.77803450859
15871,111034.7782827402
15872,111034.77881479306
15873,111034.77813003084
15874,111034.77927719169
15875,111034.77857703285
15876,111034.77857822871
15877,111034.77813401996
15878,111034.77862500843
15879,111034.7777211007
15880,111034.77852900453
15881,111034.77837021853
15882,111034.77838633445
15883,111034.77836551188
15884,111034.77897385787
15885,111034.77870801887
15886,111034.77874039228
15887,111034.7784288908
15888,111034.77833862853
15889,111034.77896753956
15890,111034.77818882199
15891,111034.7783682172
15892,111034.77890995175
15893,111034.7798576096
15894,111034.77829604592
15895,111034.77894651456
15896,111034.77733224948
15897,111034.77856682178
15898,111034.7787322092
15899,111034.7781226034
15900,111034.77840505904
15901,111034.77812548148
15902,111034.77812920998
15903,111034.77860114486
15904,111034.77860811312
15905,111034.77827958646
15906,111034.77824742666
15907,111034.77890484856
15908,111034.77826250615
15909,111034.77799321455
15910,111034.7796966664
15911,111034.77821910412
15912,111034.77879620725
15913,111034.77828260543
15914,111034.77864344772
15915,111034.77850395504
15916,111034.77794357341
15917,111034.77848913327
15918,111034.77849649868
15919,111034.77801069619
15920,111034.7781728672
15921,111034.77783923176
15922,111034.77880284569
15923,111034.77921287715
15924,111034.7789684944
15925,111034.77810577926
15926,111034.77802849491
15927,111034.77859992352
15928,111034.77894647488
15929,111034.7782374105
15930,111034.77832875637
15931,111034.77727083664
15932,111034.77816826428
15933,111034.77837586729
15934,111034.77858840067
15935,111034.77851422291
15936,111034.77812117229
15937,111034.77847163513
15938,111034.77912049998
15939,111034.77816791132
15940,111034.778073433
15941,111034.77890136333
15942,111034.77852258518
15943,111034.77847083325
15944,111034.77820210175
15945,111034.77842790789
15946,111034.77859702075
15947,111034.77863032362
15948,111034.77789641586
15949,111034.77840225704
15950,111034.7781612264
15951,111034.77820800386
15952,111034.7788774544
15953,111034.77792299488
15954,111034.77820315478
15955,111034.7771154938
15956,111034.77785797037
15957,111034.77837354166
15958,111034.77843531211
15959,111034.77782486074
15960,111034.77810282182
15961,111034.77847919856
15962,111034.77891764256
15963,111034.77799814219
15964,111034.77807889163
15965,111034.77828273027
15966,111034.77916360315
15967,111034.77850074197
15968,111034.77899353714
15969,111034.77785453285
15970,111034.77837308722
15971,111034.7788333822
15972,111034.77869988228
15973,111034.77788264166
15974,111034.77859914962
15975,111034.77839989471
15976,111034.7782194776
15977,111034.7785290902
15978,111034.77762097561
15979,111034.77797504234
15980,111034.77827736696
15981,111034.77820072693
15982,111034.77945275106
15983,111034.77872451286
15984,111034.77798418902
15985,111034.77799594328
15986,111034.77798872019
15987,111034.77811694499
15988,111034.77837817148
15989,111034.77852240241
15990,111034.77849266867
15991,111034.77835301099
15992,111034.77720040105
15993,111034.77847555952
15994,111034.77822896841
15995,111034.77878016405
15996,111034.77819236502
15997,111034.77804606812
15998,111034.77854510471
15999,111034.77792594583
16000,111034.77829371288
16001,111034.77818298202
16002,111034.77876944967
16003,111034.77826757988
16004,111034.77852197284
16005,111034.77818682897
16006,111034.77778419669
16007,111034.77912201834
16008,111034.77809513587
16009,111034.7785608474
16010,111034.7776683718
16011,111034.77782346544
16012,111034.77742264797
16013,111034.77848104696
16014,111034.77852325574
16015,111034.77827534685
16016,111034.77787321922
16017,111034.77841831872
16018,111034.7782103093
16019,111034.77842434918
16020,111034.77834247597
16021,111034.77834748942
16022,111034.77800299297
16023,111034.77817198537
16024,111034.77815677317
16025,111034.77876449011
16026,111034.77934333628
16027,111034.77785297009
16028,111034.77823641125
16029,111034.77829406856
16030,111034.77836406477
16031,111034.77858765487
16032,111034.77835696233
16033,111034.77868831847
16034,111034.77854127009
16035,111034.77847941786
16036,111034.77839190984
16037,111034.77795866577
16038,111034.77846409651
16039,111034.77761404675
16040,111034.77798223992
16041,111034.77869181657
16042,111034.77707736638
16043,111034.77737700229
16044,111034.77693669533
16045,111034.77820607607
16046,111034.77858417407
16047,111034.77827737443
16048,111034.77813837182
16049,111034.77829559906
16050,111034.7783930173
16051,111034.77821833162
16052,111034.77850688234
16053,111034.77836319082
16054,111034.77818216576
16055,111034.77772482524
16056,111034.77836819485
16057,111034.77824477064
16058,111034.77861779355
16059,111034.77741448212
16060,111034.7785368071
16061,111034.77796958547
16062,111034.77897611978
16063,111034.7784404403
16064,111034.77853485958
16065,111034.7782953854
16066,111034.77806734844
16067,111034.77846729662
16068,111034.77745661585
16069,111034.77859089224
16070,111034.77885093234
16071,111034.7787831607
16072,111034.77839176172
16073,111034.77780087494
16074,111034.77825448166
16075,111034.77872004318
16076,111034.7782941085
16077,111034.77850487786
16078,111034.77805753637
16079,111034.77811820722
16080,111034.77832398629
16081,111034.77832398575
16082,16004757.035101725
