iteracion,valor_coste
0,77532.18436212096
1,77532.18436212096
2,77532.18436212098
3,77532.184362121
4,77532.18436212106
5,77532.18436212098
6,77532.18436212101
7,77532.18436212104
8,77532.18436212101
9,77532.18458080286
10,77532.18537011066
11,77532.18441321244
12,77532.18440863608
13,77532.18436944901
14,77532.18424449579
15,77532.18443421081
16,77532.18419031902
17,77532.18431087608
18,77532.18439540901
19,77532.18425683204
20,77532.18457481782
21,77532.18488605776
22,77532.18453791739
23,77532.18423049196
24,77532.184204199
25,77532.1844725089
26,77532.18462259574
27,77532.18460935654
28,77532.18454514424
29,77532.18439951676
30,77532.18429143536
31,77532.18436055692
32,77532.18431347168
33,77532.1842666233
34,77532.1844350271
35,77532.18434565992
36,77532.1839441565
37,77532.18421300383
38,77532.18379961757
39,77532.1843750864
40,77532.18452440282
41,77532.18434628496
42,77532.18433106005
43,77532.18438400506
44,77532.1843407835
45,77532.18439866172
46,77532.18443253895
47,77532.18454746719
48,77532.18426167412
49,6109861.25
50,6109861.25
51,6109861.25
52,6109861.25
53,6109861.25
54,6109861.25
55,6109861.25
56,6109861.25
57,6109861.25
58,6109861.25
59,6109861.25
60,6109861.25
61,6109861.25
62,6109861.25
63,6109861.250000002
64,6109861.25
65,6109861.250000001
66,6109861.250000001
67,6109861.25
68,6109861.25
69,6109861.25
70,6109861.25
71,6109861.25
72,6109861.25
73,6109861.25
74,6109861.25
75,6109861.25
76,6109861.25
77,6109861.25
78,6109861.25
79,6109861.25
80,6109861.25
81,6109861.25
82,6109861.25
83,6109861.25
84,6109861.25
85,6109861.25
86,6109861.25
87,6109861.25
88,6109861.25
89,6109861.25
90,6109861.25
91,6109861.25
92,6109861.25
93,6109861.25
94,6109861.25
95,6109861.25
96,6109861.25
97,6109861.25
98,373808.40226428804
99,373808.4022642883
100,373808.4022642883
101,373808.4022642886
102,373808.4022642885
103,373808.40226428804
104,373808.4022642879
105,373808.4022642882
106,373808.40226428816
107,373808.39616783883
108,373808.39906290866
109,373808.4021935935
110,373808.39903503534
111,373808.3984189014
112,373808.4016317416
113,373808.4023500793
114,373808.40471174516
115,373808.4020468975
116,373808.4008213484
117,373808.4051417218
118,373808.39987684943
119,373808.4001026823
120,373808.4008224485
121,373808.4021614598
122,373808.4020756399
123,373808.4002187412
124,373808.4019307628
125,373808.4046937039
126,373808.39930825366
127,373808.4011783709
128,373808.40166099736
129,373808.40225950314
130,373808.4022771518
131,373808.40811091725
132,373808.4017869654
133,373808.4041874117
134,373808.4021761664
135,373808.4047951434
136,373808.40325106966
137,373808.3999372509
138,373808.3996403649
139,373808.4029817402
140,373808.40362815704
141,373808.4025134813
142,373808.4021606044
143,373808.4005939482
144,373808.4038458541
145,373808.40240887087
146,373808.40333586116
147,74110.0590500873
148,74110.05905008722
149,74110.05905008725
150,74110.05905008735
151,74110.05905008728
152,74110.0590500872
153,74110.05905008723
154,74110.05905008728
155,74110.05905008731
156,74110.05910628854
157,74110.0599959483
158,74110.05909220366
159,74110.05904706013
160,74110.05877087849
161,74110.05892104843
162,74110.05915632746
163,74110.05905593598
164,74110.05896220625
165,74110.05902502028
166,74110.05899234953
167,74110.05915186863
168,74110.05939421126
169,74110.05913100019
170,74110.05896462146
171,74110.05883858155
172,74110.05897820476
173,74110.05931908215
174,74110.0593276778
175,74110.05902888367
176,74110.05908844942
177,74110.05898087601
178,74110.05906488103
179,74110.0590330751
180,74110.05934880802
181,74110.05907200662
182,74110.05909195267
183,74110.05869471253
184,74110.05890182157
185,74110.05874913385
186,74110.05903508274
187,74110.0590112042
188,74110.05909144004
189,74110.05906016789
190,74110.05908411155
191,74110.05899323571
192,74110.059021396
193,74110.05915110007
194,74110.05919695912
195,74110.05924029025
196,67383.26798531924
197,67383.26798531927
198,67383.26798531922
199,67383.26798531922
200,67383.26798531925
201,67383.26798531921
202,67383.26798531925
203,67383.26798531922
204,67383.26798531928
205,67383.26766825371
206,67383.26793488477
207,67383.26802619567
208,67383.26800995207
209,67383.26748749432
210,67383.26809949444
211,67383.26787199391
212,67383.26810017161
213,67383.2678791963
214,67383.26794033633
215,67383.26796456082
216,67383.26817535881
217,67383.2681287394
218,67383.26822665558
219,67383.26795861156
220,67383.26804389051
221,67383.26794849629
222,67383.26827631672
223,67383.26761741855
224,67383.2677905321
225,67383.26797997745
226,67383.267898102
227,67383.26799171662
228,67383.2680137307
229,67383.2678741575
230,67383.26801432717
231,67383.26803392783
232,67383.2678894277
233,67383.26792147265
234,67383.2676841479
235,67383.26793384904
236,67383.26785124328
237,67383.26800454748
238,67383.26802219368
239,67383.26799718683
240,67383.26804575264
241,67383.26787677784
242,67383.2681023029
243,67383.2680986821
244,67383.2677253238
245,63893.773972123636
246,63893.77397212371
247,63893.77397212371
248,63893.77397212368
249,63893.773972123665
250,63893.77397212367
251,63893.77397212367
252,63893.773972123694
253,63893.77397212365
254,63893.77416799393
255,63893.77401228632
256,63893.773988059904
257,63893.77392992915
258,63893.77360644631
259,63893.77412107009
260,63893.77382061148
261,63893.77381249294
262,63893.77397697081
263,63893.77387827602
264,63893.7739801605
265,63893.774028886415
266,63893.77397384583
267,63893.77402728835
268,63893.77395077911
269,63893.77403617128
270,63893.773915803686
271,63893.77412369242
272,63893.774381143514
273,63893.77417747581
274,63893.77397038581
275,63893.77390429782
276,63893.77398969578
277,63893.77400666776
278,63893.77384296605
279,63893.77394985895
280,63893.774045579354
281,63893.773970440925
282,63893.77391886772
283,63893.77399578345
284,63893.774127381796
285,63893.773946180496
286,63893.77396340004
287,63893.77404686547
288,63893.77399153036
289,63893.77395110065
290,63893.77390008987
291,63893.77408182884
292,63893.77407607871
293,63893.77366706327
294,60588.53927389591
295,60588.53927389588
296,60588.53927389588
297,60588.5392738959
298,60588.53927389587
299,60588.53927389587
300,60588.53927389587
301,60588.53927389591
302,60588.539273895876
303,60588.53939312519
304,60588.53928242398
305,60588.539285453124
306,60588.539218547514
307,60588.539011994406
308,60588.53945220919
309,60588.53914198441
310,60588.53913348976
311,60588.53927778461
312,60588.539188075345
313,60588.53928215767
314,60588.53930417131
315,60588.53929076412
316,60588.539299177624
317,60588.539263428574
318,60588.53937437018
319,60588.53924403241
320,60588.53932154921
321,60588.53968971916
322,60588.53944939742
323,60588.53927275192
324,60588.53922430632
325,60588.53928908343
326,60588.539307875726
327,60588.53928069859
328,60588.53924704432
329,60588.539347629354
330,60588.53925508656
331,60588.53923544894
332,60588.53931245543
333,60588.53940529452
334,60588.53924218559
335,60588.539262667065
336,60588.53933982138
337,60588.53928626155
338,60588.53923966751
339,60588.539221424704
340,60588.539362034535
341,60588.53936278628
342,60588.53906717475
343,57393.78403550476
344,57393.78403550473
345,57393.78403550474
346,57393.78403550468
347,57393.78403550469
348,57393.78403550477
349,57393.78403550475
350,57393.78403550476
351,57393.78403550479
352,57393.78403860369
353,57393.7836716098
354,57393.784042448555
355,57393.784130750944
356,57393.78331423679
357,57393.78363282761
358,57393.78408434511
359,57393.78424980549
360,57393.7839828822
361,57393.78401134148
362,57393.78405144248
363,57393.78413174981
364,57393.783132350305
365,57393.78399838053
366,57393.78404519913
367,57393.78363311397
368,57393.7837079673
369,57393.78449446146
370,57393.783833494774
371,57393.783810549685
372,57393.78398250818
373,57393.78402541659
374,57393.783970435674
375,57393.78415566905
376,57393.78378721104
377,57393.78404351002
378,57393.78391203316
379,57393.78447097898
380,57393.78411008052
381,57393.78418703781
382,57393.78413875877
383,57393.78385053818
384,57393.784095150986
385,57393.78404599692
386,57393.783984441514
387,57393.78440887949
388,57393.78368866568
389,57393.78406053323
390,57393.7840607655
391,57393.783691579076
392,53466.54888601409
393,53466.548886014105
394,53466.548886014105
395,53466.54888601409
396,53466.548886014076
397,53466.548886014105
398,53466.548886014076
399,53466.54888601413
400,53466.5488860141
401,53466.54886078481
402,53466.54890644592
403,53466.54889649368
404,53466.548824060585
405,53466.54889873024
406,53466.54907053357
407,53466.54890144832
408,53466.54893170862
409,53466.54884846826
410,53466.54884390907
411,53466.54887067317
412,53466.548874923865
413,53466.54890885008
414,53466.548887616176
415,53466.548898274865
416,53466.54900845472
417,53466.5489570722
418,53466.548864002536
419,53466.54899301951
420,53466.54883621042
421,53466.54886194445
422,53466.54889224421
423,53466.548869704886
424,53466.548854220855
425,53466.54878948492
426,53466.54886798191
427,53466.54891049207
428,53466.54882407707
429,53466.54886126872
430,53466.548992043
431,53466.548955304825
432,53466.548887885976
433,53466.54885143949
434,53466.54890597735
435,53466.54887721218
436,53466.54885957179
437,53466.54884567431
438,53466.548898787085
439,53466.54891816178
440,53466.548963201014
441,53214.01059199098
442,53214.01059199094
443,53214.01059199094
444,53214.010591990955
445,53214.01059199097
446,53214.01059199096
447,53214.01059199096
448,53214.01059199092
449,53214.01059199096
450,53214.01058262441
451,53214.0106007692
452,53214.010600091264
453,53214.01057015281
454,53214.01060954314
455,53214.01063390933
456,53214.01064258037
457,53214.01060850588
458,53214.01056491089
459,53214.01055808149
460,53214.01057573224
461,53214.01062398296
462,53214.01058880287
463,53214.01057511422
464,53214.010596398075
465,53214.010612459286
466,53214.010645874594
467,53214.010659658226
468,53214.010751732836
469,53214.01057373586
470,53214.01057108903
471,53214.01059825182
472,53214.01057282841
473,53214.01058900041
474,53214.01051167917
475,53214.01057896328
476,53214.01059054536
477,53214.010543356955
478,53214.01056460778
479,53214.01065468048
480,53214.0106285116
481,53214.0105906796
482,53214.010564158874
483,53214.01060661892
484,53214.01057637504
485,53214.01064278047
486,53214.010549512066
487,53214.01060136468
488,53214.01063906536
489,53214.01064904347
490,52951.25360824048
491,52951.253608240535
492,52951.25360824054
493,52951.253608240506
494,52951.25360824055
495,52951.25360824052
496,52951.253608240535
497,52951.2536082405
498,52951.25360824051
499,52951.2535918816
500,52951.25359352601
501,52951.25361401962
502,52951.25359493355
503,52951.25361590417
504,52951.25357299041
505,52951.25365639192
506,52951.25357940486
507,52951.253594249014
508,52951.25358010685
509,52951.25359751617
510,52951.25364085284
511,52951.2535904495
512,52951.25357557819
513,52951.25361046887
514,52951.25357960929
515,52951.25363314961
516,52951.25369546735
517,52951.25383736231
518,52951.25363948802
519,52951.25359014246
520,52951.253613171815
521,52951.2535855703
522,52951.25362405814
523,52951.253567698484
524,52951.25359922511
525,52951.25359519621
526,52951.25357730343
527,52951.25359228345
528,52951.253644460514
529,52951.25363074388
530,52951.25360482229
531,52951.253582659585
532,52951.25361970017
533,52951.25358970903
534,52951.2536902522
535,52951.25357317439
536,52951.253616508104
537,52951.253666613586
538,52951.253629274055
539,52457.363750467484
540,52457.36375046751
541,52457.363750467506
542,52457.36375046751
543,52457.3637504675
544,52457.36375046753
545,52457.3637504675
546,52457.36375046753
547,52457.3637504675
548,52457.36373708506
549,52457.36369855416
550,52457.36375366251
551,52457.363731744736
552,52457.363750791264
553,52457.363651621105
554,52457.36377378216
555,52457.36366670703
556,52457.36375424158
557,52457.36373239164
558,52457.363747751995
559,52457.36376482069
560,52457.36374250945
561,52457.363703482595
562,52457.36375145224
563,52457.36368645705
564,52457.36373405041
565,52457.36383012977
566,52457.364056273545
567,52457.36383989788
568,52457.36373734955
569,52457.36375292411
570,52457.36372510261
571,52457.36378151467
572,52457.363774081416
573,52457.36374842657
574,52457.36373306325
575,52457.363735239625
576,52457.363749630626
577,52457.363753881626
578,52457.36376061013
579,52457.36373968892
580,52457.36372300372
581,52457.36375640705
582,52457.36373111982
583,52457.36384006968
584,52457.36373963629
585,52457.36375682148
586,52457.36382037266
587,52457.36372622387
588,51837.80662902555
589,51837.80662902554
590,51837.80662902551
591,51837.80662902553
592,51837.806629025545
593,51837.806629025545
594,51837.80662902553
595,51837.80662902554
596,51837.80662902553
597,51837.80663276454
598,51837.80655765935
599,51837.80663306804
600,51837.80660479615
601,51837.806655795095
602,51837.806533598705
603,51837.80663369376
604,51837.80658702957
605,51837.80663220909
606,51837.80662755186
607,51837.806625726516
608,51837.80663927875
609,51837.806672274215
610,51837.80659842518
611,51837.8066324672
612,51837.806581180615
613,51837.80661043753
614,51837.806684423966
615,51837.806854866474
616,51837.80666685944
617,51837.80662030638
618,51837.80662781487
619,51837.806604387435
620,51837.80665578262
621,51837.80667591704
622,51837.80663967809
623,51837.806618515526
624,51837.80660921658
625,51837.80662901785
626,51837.8066011515
627,51837.806606703234
628,51837.80660272684
629,51837.80659844093
630,51837.80662399199
631,51837.80661108369
632,51837.806688209675
633,51837.80664421623
634,51837.80663269557
635,51837.806693582395
636,51837.80660291554
637,51395.33877200887
638,51395.33877200884
639,51395.338772008865
640,51395.33877200885
641,51395.338772008894
642,51395.33877200887
643,51395.33877200887
644,51395.338772008836
645,51395.338772008865
646,51395.338729380725
647,51395.33881207834
648,51395.33877576726
649,51395.33871094384
650,51395.33882233367
651,51395.33880509516
652,51395.33873449431
653,51395.33870758855
654,51395.33878404442
655,51395.33877672488
656,51395.33876712964
657,51395.338737775484
658,51395.33883080694
659,51395.33877742283
660,51395.33878722023
661,51395.338810809946
662,51395.33877742177
663,51395.33867458819
664,51395.3390205867
665,51395.338838964504
666,51395.338763863125
667,51395.338771320436
668,51395.33875039285
669,51395.33878287916
670,51395.33878750033
671,51395.33878734974
672,51395.33878555077
673,51395.3387460534
674,51395.33877053823
675,51395.33881599161
676,51395.33877954452
677,51395.33880985765
678,51395.338731489304
679,51395.338762141946
680,51395.33876001257
681,51395.338706104165
682,51395.33882006773
683,51395.338773097705
684,51395.33881144474
685,51395.33873361548
686,51187.341639243925
687,51187.34163924392
688,51187.34163924392
689,51187.341639243925
690,51187.34163924392
691,51187.34163924394
692,51187.341639243925
693,51187.341639243925
694,51187.341639243954
695,51187.341624905064
696,51187.34168072552
697,51187.341643602165
698,51187.341607019196
699,51187.341681493155
700,51187.3416202987
701,51187.341639948834
702,51187.34164799558
703,51187.34163683722
704,51187.34165397113
705,51187.341631334646
706,51187.341642792446
707,51187.341666212415
708,51187.341642846324
709,51187.34165100645
710,51187.34164204507
711,51187.34164712391
712,51187.341613848046
713,51187.3418168205
714,51187.34162491097
715,51187.34163328371
716,51187.341636620484
717,51187.341615064426
718,51187.34165895842
719,51187.34166514675
720,51187.341661141545
721,51187.34164093765
722,51187.34163405132
723,51187.34163268626
724,51187.34164952776
725,51187.341599595515
726,51187.34165233129
727,51187.341617121165
728,51187.34162185371
729,51187.341624214154
730,51187.341613464836
731,51187.34166084652
732,51187.34163924625
733,51187.341681173035
734,51187.34163533192
735,50999.73341290411
736,50999.7334129041
737,50999.7334129041
738,50999.73341290409
739,50999.73341290408
740,50999.7334129041
741,50999.73341290407
742,50999.73341290408
743,50999.73341290409
744,50999.73341847132
745,50999.73347608555
746,50999.7334160576
747,50999.73340386865
748,50999.73340810556
749,50999.73335980194
750,50999.733441726545
751,50999.73345117162
752,50999.73340166819
753,50999.733428108804
754,50999.73340401405
755,50999.733445935
756,50999.7333611068
757,50999.73341070611
758,50999.73342144324
759,50999.7333820211
760,50999.73340714326
761,50999.73343860672
762,50999.7335829942
763,50999.733372052746
764,50999.733408232496
765,50999.733411210385
766,50999.73338343324
767,50999.73344224204
768,50999.73343224629
769,50999.73343292298
770,50999.73340131068
771,50999.733441095355
772,50999.73341146253
773,50999.733423794154
774,50999.73337182689
775,50999.733425045844
776,50999.73341143518
777,50999.73339470501
778,50999.7333958246
779,50999.73342711367
780,50999.73339767849
781,50999.73341155262
782,50999.7334550255
783,50999.733423434554
784,50820.8213835505
785,50820.82138355047
786,50820.82138355051
787,50820.821383550494
788,50820.82138355048
789,50820.82138355051
790,50820.82138355049
791,50820.82138355051
792,50820.821383550516
793,50820.821425077265
794,50820.821403569345
795,50820.82138589546
796,50820.82138535998
797,50820.821357786845
798,50820.821350833205
799,50820.82140928807
800,50820.82146151146
801,50820.82136809922
802,50820.8213975031
803,50820.8213732159
804,50820.82143067251
805,50820.82131309323
806,50820.82138957674
807,50820.82139248429
808,50820.82136699477
809,50820.8213842441
810,50820.821425594615
811,50820.82150230411
812,50820.821303086865
813,50820.821380722104
814,50820.82138191664
815,50820.821352553314
816,50820.821406322575
817,50820.82137041283
818,50820.82140062655
819,50820.82137003629
820,50820.821430676464
821,50820.821393472215
822,50820.82137777314
823,50820.821356339526
824,50820.821390510755
825,50820.82139603737
826,50820.821365919524
827,50820.82136878699
828,50820.82140371008
829,50820.82133920307
830,50820.82138225478
831,50820.82141358938
832,50820.82138686758
833,50585.88105836996
834,50585.88105836993
835,50585.881058369945
836,50585.881058369945
837,50585.881058369945
838,50585.88105836993
839,50585.881058369945
840,50585.881058369945
841,50585.88105836993
842,50585.88112156459
843,50585.881049733296
844,50585.88105959739
845,50585.88104777264
846,50585.88101609791
847,50585.881063058805
848,50585.88105945826
849,50585.881121480284
850,50585.88104869746
851,50585.88106558626
852,50585.88104994108
853,50585.881086574984
854,50585.88099844525
855,50585.881061379456
856,50585.88106856277
857,50585.88105853864
858,50585.881054683254
859,50585.88107977912
860,50585.88119750579
861,50585.88099701917
862,50585.88105754584
863,50585.88105797413
864,50585.8810320933
865,50585.881066379385
866,50585.881046544404
867,50585.8810685693
868,50585.881055617756
869,50585.881095152494
870,50585.88107325615
871,50585.881063494664
872,50585.881063736415
873,50585.88106162908
874,50585.881072628115
875,50585.88104549885
876,50585.88104990045
877,50585.881048400435
878,50585.88101243804
879,50585.881058357896
880,50585.881071441814
881,50585.88106432838
882,50290.97399227874
883,50290.973992278734
884,50290.973992278734
885,50290.973992278756
886,50290.97399227874
887,50290.973992278756
888,50290.973992278785
889,50290.973992278785
890,50290.97399227881
891,50290.97396374185
892,50290.97393096895
893,50290.97399233437
894,50290.97399516152
895,50290.97395374667
896,50290.9739663369
897,50290.97400161309
898,50290.97403891283
899,50290.973995304084
900,50290.97399976542
901,50290.973988536345
902,50290.974030501355
903,50290.97393566256
904,50290.97401022174
905,50290.97400913718
906,50290.973980828065
907,50290.974001479655
908,50290.974024910734
909,50290.97411619965
910,50290.97394174606
911,50290.97398985639
912,50290.97399163916
913,50290.97396166323
914,50290.97398716861
915,50290.97392846948
916,50290.97400467283
917,50290.97399188338
918,50290.97399718425
919,50290.97402950397
920,50290.97396853501
921,50290.9739671306
922,50290.97399620441
923,50290.974002196526
924,50290.97397813263
925,50290.973992623665
926,50290.973995790046
927,50290.97396628863
928,50290.97399630063
929,50290.97397542492
930,50290.9739927039
931,50574.06075162851
932,50574.06075162849
933,50574.06075162849
934,50574.06075162852
935,50574.060751628516
936,50574.06075162852
937,50574.060751628516
938,50574.06075162852
939,50574.0607516285
940,50574.06095876471
941,50574.06083533687
942,50574.06075221495
943,50574.060673692875
944,50574.06088785366
945,50574.06094128035
946,50574.06067176715
947,50574.06063477546
948,50574.06077326985
949,50574.06073096944
950,50574.06076724072
951,50574.060696821696
952,50574.060977589485
953,50574.060764525035
954,50574.06073452907
955,50574.06084667771
956,50574.06084591258
957,50574.06063953072
958,50574.0611561914
959,50574.06089751492
960,50574.06075933024
961,50574.060759171574
962,50574.06080265215
963,50574.060687772566
964,50574.06078531024
965,50574.06073296739
966,50574.06082269714
967,50574.06068873691
968,50574.0606703098
969,50574.06076966594
970,50574.06084922318
971,50574.0608396976
972,50574.060725921285
973,50574.06076134354
974,50574.06077373765
975,50574.06056267955
976,50574.06079717552
977,50574.06076026941
978,50574.060743546725
979,50574.06081616471
980,50222.57502731819
981,50222.57502731818
982,50222.57502731822
983,50222.57502731817
984,50222.575027318206
985,50222.575027318206
986,50222.575027318184
987,50222.57502731822
988,50222.5750273182
989,50222.575074461514
990,50222.575013313064
991,50222.57502743016
992,50222.57500763194
993,50222.57504508482
994,50222.575064949284
995,50222.57501061809
996,50222.57502422549
997,50222.57503607661
998,50222.575025937265
999,50222.57502811433
1000,50222.57503965037
1001,50222.575063151904
1002,50222.575043057455
1003,50222.575032419176
1004,50222.57504566451
1005,50222.57506270848
1006,50222.5750175106
1007,50222.57522852324
1008,50222.57503561331
1009,50222.57502809899
1010,50222.57502935863
1011,50222.575021898396
1012,50222.575005343184
1013,50222.57499523213
1014,50222.5750298382
1015,50222.575048953375
1016,50222.57500870565
1017,50222.57502303995
1018,50222.575015381655
1019,50222.575039224175
1020,50222.575054444715
1021,50222.575025813894
1022,50222.57502078714
1023,50222.575034136025
1024,50222.57497454215
1025,50222.57502572118
1026,50222.5750322728
1027,50222.5750127473
1028,50222.575048267936
1029,50183.09173484866
1030,50183.09173484869
1031,50183.09173484869
1032,50183.091734848655
1033,50183.09173484865
1034,50183.09173484864
1035,50183.09173484864
1036,50183.09173484865
1037,50183.09173484865
1038,50183.091755240974
1039,50183.09172930038
1040,50183.09173470938
1041,50183.09171940812
1042,50183.09173820482
1043,50183.09174535573
1044,50183.09172365952
1045,50183.09170769737
1046,50183.091746933795
1047,50183.09173271681
1048,50183.0917373209
1049,50183.09175314959
1050,50183.0917529872
1051,50183.091741741504
1052,50183.09173796423
1053,50183.09173541339
1054,50183.09175525198
1055,50183.091732197994
1056,50183.09196618328
1057,50183.091768600694
1058,50183.09173442241
1059,50183.09173750029
1060,50183.091724874525
1061,50183.091720866476
1062,50183.09171572724
1063,50183.09173739526
1064,50183.09175044665
1065,50183.09171491008
1066,50183.09173782069
1067,50183.09173004637
1068,50183.09174331188
1069,50183.0917594046
1070,50183.091731021406
1071,50183.09172898872
1072,50183.09174147679
1073,50183.091701599435
1074,50183.09173845124
1075,50183.09173989927
1076,50183.09172396552
1077,50183.09175138823
1078,50129.15035028377
1079,50129.150350283766
1080,50129.15035028375
1081,50129.15035028375
1082,50129.150350283766
1083,50129.15035028379
1084,50129.15035028379
1085,50129.15035028379
1086,50129.15035028378
1087,50129.15034074344
1088,50129.15034994954
1089,50129.150350164986
1090,50129.15033837252
1091,50129.15034506
1092,50129.15034507005
1093,50129.15034328916
1094,50129.15032497235
1095,50129.15036298889
1096,50129.150349327014
1097,50129.150355734004
1098,50129.15037156535
1099,50129.15036617224
1100,50129.1503540748
1101,50129.15035009534
1102,50129.15034006515
1103,50129.15035732205
1104,50129.15034472439
1105,50129.150562966686
1106,50129.150377983104
1107,50129.15034980813
1108,50129.150352874916
1109,50129.15034042713
1110,50129.150343087065
1111,50129.15035288883
1112,50129.15035373106
1113,50129.15036393001
1114,50129.15033107018
1115,50129.150353166435
1116,50129.1503458532
1117,50129.150345483824
1118,50129.15036183437
1119,50129.15034486291
1120,50129.15034384794
1121,50129.150358413215
1122,50129.15032593961
1123,50129.15035977906
1124,50129.15035635294
1125,50129.15034235814
1126,50129.150361277425
1127,50054.29763484044
1128,50054.297634840404
1129,50054.297634840404
1130,50054.29763484042
1131,50054.297634840404
1132,50054.29763484042
1133,50054.29763484041
1134,50054.297634840426
1135,50054.29763484042
1136,50054.297610997346
1137,50054.29765086325
1138,50054.29763427601
1139,50054.29763518694
1140,50054.29761458686
1141,50054.297608726025
1142,50054.29763761692
1143,50054.297612911214
1144,50054.297647962776
1145,50054.29763472085
1146,50054.297642148435
1147,50054.297665752085
1148,50054.297631504705
1149,50054.29763295693
1150,50054.29762964302
1151,50054.297607319204
1152,50054.29762379485
1153,50054.297634411865
1154,50054.297822136316
1155,50054.297656240924
1156,50054.2976352244
1157,50054.29763726113
1158,50054.29762401105
1159,50054.29764061344
1160,50054.297657569135
1161,50054.2976381713
1162,50054.29764226845
1163,50054.29763168535
1164,50054.29763438838
1165,50054.29762978621
1166,50054.29762450163
1167,50054.29763474203
1168,50054.2976314519
1169,50054.29762820295
1170,50054.29764389436
1171,50054.297631115776
1172,50054.297643893784
1173,50054.29764202564
1174,50054.29763364487
1175,50054.29763270031
1176,49977.75797859422
1177,49977.757978594236
1178,49977.757978594265
1179,49977.75797859425
1180,49977.75797859426
1181,49977.757978594236
1182,49977.75797859421
1183,49977.75797859425
1184,49977.75797859424
1185,49977.75793556643
1186,49977.757994384054
1187,49977.75797841893
1188,49977.75797915168
1189,49977.75798108352
1190,49977.7579802166
1191,49977.75798092431
1192,49977.757986918055
1193,49977.7579882375
1194,49977.75797810017
1195,49977.75798437759
1196,49977.758000442125
1197,49977.75800499808
1198,49977.757979307105
1199,49977.757972654865
1200,49977.75797093516
1201,49977.7579778838
1202,49977.757959543014
1203,49977.75809140221
1204,49977.75796175321
1205,49977.757980351926
1206,49977.75798075537
1207,49977.757973410095
1208,49977.75798642428
1209,49977.7580112275
1210,49977.75798105707
1211,49977.75798899174
1212,49977.75798154108
1213,49977.75796445268
1214,49977.7579693977
1215,49977.75796170368
1216,49977.75796170306
1217,49977.75797365343
1218,49977.75797224873
1219,49977.757989151556
1220,49977.75796013571
1221,49977.757989075384
1222,49977.757986626755
1223,49977.757983906784
1224,49977.75796872727
1225,49902.70420082941
1226,49902.70420082942
1227,49902.704200829416
1228,49902.704200829416
1229,49902.70420082942
1230,49902.704200829445
1231,49902.70420082943
1232,49902.70420082943
1233,49902.70420082943
1234,49902.7041751701
1235,49902.70420865034
1236,49902.70419988652
1237,49902.70421514882
1238,49902.704193628844
1239,49902.704188396616
1240,49902.70421140877
1241,49902.70421821228
1242,49902.70420954919
1243,49902.704198705454
1244,49902.70420535702
1245,49902.70423038693
1246,49902.704200487446
1247,49902.70419284358
1248,49902.704193996164
1249,49902.704180332286
1250,49902.70419152463
1251,49902.70420305932
1252,49902.70428683688
1253,49902.70417439402
1254,49902.7042039855
1255,49902.70420223918
1256,49902.7041924455
1257,49902.70421701906
1258,49902.70422677453
1259,49902.70420122915
1260,49902.704205240116
1261,49902.70422572748
1262,49902.70418410759
1263,49902.70418505473
1264,49902.70419611105
1265,49902.7041736561
1266,49902.70420194091
1267,49902.704195590406
1268,49902.70421131228
1269,49902.70420662183
1270,49902.70419884367
1271,49902.704210594435
1272,49902.70420936443
1273,49902.70417951286
1274,49810.52506326533
1275,49810.525063265304
1276,49810.5250632653
1277,49810.525063265304
1278,49810.5250632653
1279,49810.52506326528
1280,49810.5250632653
1281,49810.52506326531
1282,49810.52506326531
1283,49810.525060137756
1284,49810.5250739839
1285,49810.525061919645
1286,49810.52507155004
1287,49810.525072877135
1288,49810.5250976025
1289,49810.52506223321
1290,49810.52508742493
1291,49810.525071396274
1292,49810.52505590522
1293,49810.525066395734
1294,49810.52507605641
1295,49810.52506864491
1296,49810.52505830555
1297,49810.525060215296
1298,49810.52506920625
1299,49810.52507028812
1300,49810.52504330344
1301,49810.5251307663
1302,49810.525032071215
1303,49810.52506737677
1304,49810.52506441885
1305,49810.52506322511
1306,49810.525073887315
1307,49810.52506111967
1308,49810.52505911555
1309,49810.52507596807
1310,49810.52509244278
1311,49810.52503380158
1312,49810.5250683382
1313,49810.52509109626
1314,49810.52504648257
1315,49810.52506317568
1316,49810.52506146112
1317,49810.525074343896
1318,49810.525041146466
1319,49810.525053663885
1320,49810.52507507285
1321,49810.525064601425
1322,49810.5250363914
1323,49695.51430015361
1324,49695.514300153605
1325,49695.51430015362
1326,49695.514300153605
1327,49695.51430015362
1328,49695.51430015361
1329,49695.51430015361
1330,49695.51430015361
1331,49695.51430015362
1332,49695.514322911484
1333,49695.514288510974
1334,49695.514298535716
1335,49695.5143095251
1336,49695.51432602015
1337,49695.51433324676
1338,49695.51429222441
1339,49695.51432209023
1340,49695.51430652737
1341,49695.51428987396
1342,49695.514301254385
1343,49695.51430780891
1344,49695.514299677416
1345,49695.51428971214
1346,49695.51430203706
1347,49695.51430697955
1348,49695.51431624007
1349,49695.514297721085
1350,49695.51438174459
1351,49695.51427258179
1352,49695.51430414548
1353,49695.51429908835
1354,49695.51430080298
1355,49695.51431092366
1356,49695.514276056856
1357,49695.51429479974
1358,49695.51431590883
1359,49695.514324362586
1360,49695.51426887133
1361,49695.51430747386
1362,49695.51434402947
1363,49695.5142870214
1364,49695.51429897062
1365,49695.51429991256
1366,49695.51430872614
1367,49695.51428022474
1368,49695.514283867524
1369,49695.51431498467
1370,49695.514292634914
1371,49695.514282630415
1372,49517.62404285087
1373,49517.62404285087
1374,49517.62404285089
1375,49517.62404285086
1376,49517.62404285089
1377,49517.624042850875
1378,49517.62404285088
1379,49517.624042850875
1380,49517.624042850875
1381,49517.62408473925
1382,49517.624052523075
1383,49517.62404141566
1384,49517.62402576383
1385,49517.62411882887
1386,49517.624129741474
1387,49517.62400284811
1388,49517.62403299172
1389,49517.62404915288
1390,49517.62402508582
1391,49517.62405673195
1392,49517.62401666014
1393,49517.62407451276
1394,49517.624034609194
1395,49517.62405062415
1396,49517.624098942106
1397,49517.62408296677
1398,49517.62399595762
1399,49517.62418632975
1400,49517.62405295366
1401,49517.62404747791
1402,49517.62403562248
1403,49517.62406758861
1404,49517.62404923086
1405,49517.62401514996
1406,49517.62403276241
1407,49517.62408089607
1408,49517.62403345741
1409,49517.62400390261
1410,49517.62408825677
1411,49517.62411552865
1412,49517.62406562543
1413,49517.62402352646
1414,49517.62404910583
1415,49517.624051627696
1416,49517.623958829055
1417,49517.62404122556
1418,49517.62407063116
1419,49517.624014648645
1420,49517.6240523834
1421,49330.639780532096
1422,49330.63978053211
1423,49330.639780532096
1424,49330.63978053211
1425,49330.639780532096
1426,49330.63978053208
1427,49330.639780532096
1428,49330.63978053208
1429,49330.63978053209
1430,49330.63980732513
1431,49330.63978772057
1432,49330.63977866099
1433,49330.63977329788
1434,49330.63986320361
1435,49330.63983108267
1436,49330.63974727781
1437,49330.63976501023
1438,49330.63978381345
1439,49330.63976386009
1440,49330.63979853918
1441,49330.639769618094
1442,49330.63979233404
1443,49330.63976662402
1444,49330.639792731316
1445,49330.63983324923
1446,49330.63980993813
1447,49330.63975489886
1448,49330.639938118715
1449,49330.639794441064
1450,49330.639786306376
1451,49330.63976914651
1452,49330.63979774328
1453,49330.639801601195
1454,49330.63976249455
1455,49330.639771985
1456,49330.639816278075
1457,49330.63976154558
1458,49330.63976154178
1459,49330.639819547905
1460,49330.63983705061
1461,49330.63980594688
1462,49330.63975715515
1463,49330.63978737254
1464,49330.63978392727
1465,49330.639721983614
1466,49330.63978227858
1467,49330.639813093985
1468,49330.63975014992
1469,49330.63980836645
1470,49419.660911130275
1471,49419.66091113025
1472,49419.66091113026
1473,49419.660911130275
1474,49419.66091113027
1475,49419.660911130246
1476,49419.66091113025
1477,49419.660911130275
1478,49419.66091113027
1479,49419.66105432844
1480,49419.660987276264
1481,49419.66090663429
1482,49419.66094819778
1483,49419.6609907879
1484,49419.660939688074
1485,49419.660870310254
1486,49419.66091385791
1487,49419.66092507236
1488,49419.660880283074
1489,49419.66091751154
1490,49419.66082505255
1491,49419.66101260065
1492,49419.66091673679
1493,49419.660954773404
1494,49419.66091903838
1495,49419.66091224454
1496,49419.66087889088
1497,49419.661022572225
1498,49419.66090600806
1499,49419.66092331482
1500,49419.660921187824
1501,49419.66097398562
1502,49419.66090237506
1503,49419.66096542506
1504,49419.66089266043
1505,49419.660951188715
1506,49419.660827651656
1507,49419.66080544605
1508,49419.660980622386
1509,49419.660962502814
1510,49419.66092356624
1511,49419.66088707915
1512,49419.660925931734
1513,49419.66090978649
1514,49419.66088512897
1515,49419.66093608556
1516,49419.66090597291
1517,49419.66081855492
1518,49419.66094802574
1519,49175.946709511925
1520,49175.94670951192
1521,49175.94670951193
1522,49175.9467095119
1523,49175.94670951193
1524,49175.94670951191
1525,49175.9467095119
1526,49175.946709511896
1527,49175.94670951193
1528,49175.9467626289
1529,49175.94672818232
1530,49175.94670657032
1531,49175.94671124316
1532,49175.94678450401
1533,49175.9467482404
1534,49175.94667102541
1535,49175.94669872784
1536,49175.94671556654
1537,49175.946690228084
1538,49175.94672672313
1539,49175.94668373669
1540,49175.94673740271
1541,49175.94670083963
1542,49175.94673136962
1543,49175.94675609579
1544,49175.94672137551
1545,49175.94667972293
1546,49175.94685222586
1547,49175.94671746773
1548,49175.946718876585
1549,49175.94670366978
1550,49175.946737241735
1551,49175.94672428222
1552,49175.94672032223
1553,49175.9466973204
1554,49175.94674463377
1555,49175.94667184372
1556,49175.946678305176
1557,49175.94675562424
1558,49175.946761403975
1559,49175.94672956988
1560,49175.94668461037
1561,49175.946719112035
1562,49175.94670977661
1563,49175.94666106058
1564,49175.946718397805
1565,49175.946732574244
1566,49175.94666536282
1567,49175.94674100186
1568,49544.58344530684
1569,49544.583445306875
1570,49544.583445306846
1571,49544.58344530689
1572,49544.583445306875
1573,49544.58344530684
1574,49544.583445306824
1575,49544.583445306875
1576,49544.583445306846
1577,49544.583252955694
1578,49544.58346460139
1579,49544.58343809206
1580,49544.583574302036
1581,49544.583363035235
1582,49544.583204337876
1583,49544.58358163241
1584,49544.58344446053
1585,49544.58343034955
1586,49544.58345595789
1587,49544.58342401189
1588,49544.583647003645
1589,49544.58306168575
1590,49544.58347670541
1591,49544.58348220492
1592,49544.583313323674
1593,49544.583366599014
1594,49544.5836254239
1595,49544.58354550558
1596,49544.58344139365
1597,49544.58343902
1598,49544.58342126847
1599,49544.5832967682
1600,49544.58354480777
1601,49544.583235598024
1602,49544.5834754669
1603,49544.583446070596
1604,49544.58363859589
1605,49544.58357008483
1606,49544.58331548009
1607,49544.583374439
1608,49544.58353607308
1609,49544.58347747015
1610,49544.58343437888
1611,49544.58341042208
1612,49544.583779608525
1613,49544.58336517415
1614,49544.58346769499
1615,49544.58355524316
1616,49544.58333153798
1617,49026.661953872164
1618,49026.66195387216
1619,49026.66195387218
1620,49026.661953872164
1621,49026.66195387218
1622,49026.6619538722
1623,49026.661953872164
1624,49026.66195387217
1625,49026.66195387217
1626,49026.66193068802
1627,49026.661968316504
1628,49026.66194971659
1629,49026.661998877666
1630,49026.66197200554
1631,49026.66190299064
1632,49026.66197071471
1633,49026.661948284825
1634,49026.661955122385
1635,49026.66194317582
1636,49026.66195882781
1637,49026.66199823699
1638,49026.661853788886
1639,49026.66195209494
1640,49026.6619788974
1641,49026.66194541333
1642,49026.661934508804
1643,49026.66198897249
1644,49026.6620758745
1645,49026.661954061936
1646,49026.66195851307
1647,49026.661943621235
1648,49026.66192669136
1649,49026.661998753756
1650,49026.66190000315
1651,49026.661953271534
1652,49026.66197287418
1653,49026.661978562406
1654,49026.66196943344
1655,49026.66195228582
1656,49026.661966966814
1657,49026.66198505217
1658,49026.66194617808
1659,49026.66195756629
1660,49026.66194268036
1661,49026.662025860125
1662,49026.661935590535
1663,49026.66197506504
1664,49026.66194810215
1665,49026.66194266449
1666,48862.30340618845
1667,48862.303406188454
1668,48862.303406188425
1669,48862.303406188454
1670,48862.30340618844
1671,48862.303406188454
1672,48862.303406188454
1673,48862.303406188454
1674,48862.30340618847
1675,48862.303406623265
1676,48862.30340284445
1677,48862.303401839505
1678,48862.30343988262
1679,48862.30340231079
1680,48862.30334362027
1681,48862.30341145539
1682,48862.303386038795
1683,48862.303414152026
1684,48862.303393575465
1685,48862.30340793366
1686,48862.3034392023
1687,48862.30332858529
1688,48862.303396938696
1689,48862.30342921951
1690,48862.3033850701
1691,48862.303363330764
1692,48862.303438449686
1693,48862.30354453169
1694,48862.30342131811
1695,48862.30341145322
1696,48862.30339970469
1697,48862.30338416031
1698,48862.30344622098
1699,48862.3033965949
1700,48862.30340336754
1701,48862.30342106942
1702,48862.30342629863
1703,48862.30341497831
1704,48862.303396834846
1705,48862.303412833215
1706,48862.30341452189
1707,48862.303398045566
1708,48862.30341132821
1709,48862.30339303877
1710,48862.30347796494
1711,48862.30339670021
1712,48862.3034197553
1713,48862.30340898904
1714,48862.30338537473
1715,48613.05363342565
1716,48613.05363342567
1717,48613.05363342567
1718,48613.05363342563
1719,48613.05363342566
1720,48613.05363342563
1721,48613.053633425625
1722,48613.05363342564
1723,48613.05363342566
1724,48613.05363990459
1725,48613.05358933118
1726,48613.05363067868
1727,48613.05364633621
1728,48613.05364411861
1729,48613.0536318169
1730,48613.053634938675
1731,48613.05369256404
1732,48613.05362625014
1733,48613.05362566009
1734,48613.053632164585
1735,48613.05363997135
1736,48613.05361983505
1737,48613.05364622485
1738,48613.05364785119
1739,48613.053658447265
1740,48613.05362097716
1741,48613.05365036197
1742,48613.05365675599
1743,48613.05355291457
1744,48613.05363910089
1745,48613.05362811484
1746,48613.05363384784
1747,48613.05365414045
1748,48613.05363279304
1749,48613.0536337226
1750,48613.05364303167
1751,48613.05362358989
1752,48613.05362762961
1753,48613.053605006666
1754,48613.053594420024
1755,48613.05360736097
1756,48613.05362431458
1757,48613.05363581838
1758,48613.0536203203
1759,48613.05365645784
1760,48613.053620458406
1761,48613.05363932978
1762,48613.05361729816
1763,48613.05364041787
1764,48503.97717604565
1765,48503.977176045664
1766,48503.97717604565
1767,48503.97717604567
1768,48503.97717604565
1769,48503.97717604566
1770,48503.97717604566
1771,48503.97717604567
1772,48503.97717604566
1773,48503.977190535596
1774,48503.97714481965
1775,48503.977173050276
1776,48503.97716642763
1777,48503.97715857545
1778,48503.97717927159
1779,48503.97717245792
1780,48503.97717199576
1781,48503.977183357165
1782,48503.97716563899
1783,48503.977172963685
1784,48503.977180372705
1785,48503.977164336844
1786,48503.97717056245
1787,48503.9771786017
1788,48503.977197339715
1789,48503.977147332924
1790,48503.977173866886
1791,48503.977287762515
1792,48503.977169673555
1793,48503.977181415976
1794,48503.97717457849
1795,48503.9771760858
1796,48503.977195694475
1797,48503.9772007402
1798,48503.97717122545
1799,48503.97717801059
1800,48503.97716428782
1801,48503.97717775546
1802,48503.977163548785
1803,48503.977162600924
1804,48503.97715091238
1805,48503.97716263054
1806,48503.97718034006
1807,48503.977163885604
1808,48503.977181711765
1809,48503.977174032494
1810,48503.97717898861
1811,48503.97717611419
1812,48503.97718086524
1813,48446.34682168098
1814,48446.34682168098
1815,48446.346821681
1816,48446.346821681
1817,48446.346821681
1818,48446.346821681
1819,48446.34682168097
1820,48446.346821680985
1821,48446.346821680985
1822,48446.346842072555
1823,48446.346828123445
1824,48446.34681839376
1825,48446.34681380721
1826,48446.3468143672
1827,48446.3468491346
1828,48446.34682167506
1829,48446.34680171066
1830,48446.34683521614
1831,48446.34680872619
1832,48446.34681697256
1833,48446.34681761952
1834,48446.34682914094
1835,48446.34682794366
1836,48446.34682006262
1837,48446.34685403566
1838,48446.34680801582
1839,48446.34679861056
1840,48446.34694562619
1841,48446.34683682984
1842,48446.346827753034
1843,48446.346825699635
1844,48446.34682969527
1845,48446.34683413195
1846,48446.34683126172
1847,48446.34681308471
1848,48446.34682064158
1849,48446.34680150191
1850,48446.3468087846
1851,48446.34682144933
1852,48446.34682074121
1853,48446.34681829137
1854,48446.3468052269
1855,48446.34682721743
1856,48446.34681124411
1857,48446.34681543137
1858,48446.346826906534
1859,48446.34681885464
1860,48446.34681656008
1861,48446.34682399031
1862,48379.90508136262
1863,48379.90508136258
1864,48379.90508136261
1865,48379.9050813626
1866,48379.90508136261
1867,48379.90508136264
1868,48379.90508136262
1869,48379.90508136262
1870,48379.90508136261
1871,48379.90507643963
1872,48379.90509384964
1873,48379.9050781472
1874,48379.90507747834
1875,48379.90507025924
1876,48379.90510629172
1877,48379.90509161551
1878,48379.90506776113
1879,48379.905096161725
1880,48379.90507187397
1881,48379.90507556465
1882,48379.90508532153
1883,48379.90508291521
1884,48379.90509293763
1885,48379.905072691094
1886,48379.905104952646
1887,48379.90506883305
1888,48379.90505971622
1889,48379.90518103875
1890,48379.9050883914
1891,48379.90508715201
1892,48379.90508783863
1893,48379.90508616416
1894,48379.90508971398
1895,48379.90507458361
1896,48379.90507468902
1897,48379.90507781189
1898,48379.90506442594
1899,48379.905071081506
1900,48379.90507958258
1901,48379.9050789512
1902,48379.90507897737
1903,48379.90506693819
1904,48379.90508371536
1905,48379.905073754504
1906,48379.905079180106
1907,48379.905084544
1908,48379.90507692319
1909,48379.90507694899
1910,48379.90507749593
1911,48279.75454527033
1912,48279.75454527034
1913,48279.75454527033
1914,48279.75454527032
1915,48279.754545270356
1916,48279.754545270334
1917,48279.754545270334
1918,48279.75454527031
1919,48279.75454527031
1920,48279.75452186127
1921,48279.754579366956
1922,48279.75454101118
1923,48279.754559644505
1924,48279.75454697999
1925,48279.75454236613
1926,48279.75458519912
1927,48279.75451852744
1928,48279.75455847911
1929,48279.75454125473
1930,48279.75453606785
1931,48279.754574550556
1932,48279.75451999877
1933,48279.75456091038
1934,48279.75453449506
1935,48279.754552343955
1936,48279.75454510327
1937,48279.754555820895
1938,48279.754678843376
1939,48279.75457364966
1940,48279.75455077597
1941,48279.75455103022
1942,48279.754533321364
1943,48279.754556157386
1944,48279.75450456837
1945,48279.75454366297
1946,48279.75453665103
1947,48279.75455918677
1948,48279.75455128598
1949,48279.75451660612
1950,48279.75453571601
1951,48279.75457163746
1952,48279.75454527823
1953,48279.75454328272
1954,48279.75453781774
1955,48279.75458097639
1956,48279.754537438064
1957,48279.754540827795
1958,48279.75456455857
1959,48279.754532524494
1960,48181.81191243165
1961,48181.81191243168
1962,48181.811912431665
1963,48181.81191243167
1964,48181.81191243167
1965,48181.811912431665
1966,48181.81191243166
1967,48181.811912431636
1968,48181.811912431665
1969,48181.81190321625
1970,48181.81194513473
1971,48181.81190805754
1972,48181.811934984646
1973,48181.81191950758
1974,48181.811898428576
1975,48181.811952874574
1976,48181.811905194474
1977,48181.81191978791
1978,48181.81191252886
1979,48181.811908537245
1980,48181.811934577294
1981,48181.811894285056
1982,48181.811921471046
1983,48181.811902193076
1984,48181.81190387039
1985,48181.81191279237
1986,48181.81193951671
1987,48181.8120418265
1988,48181.8119218705
1989,48181.811919766325
1990,48181.811918229956
1991,48181.81190579668
1992,48181.81191367665
1993,48181.81188437711
1994,48181.81191294725
1995,48181.811909826676
1996,48181.811922926645
1997,48181.81191428118
1998,48181.81188933299
1999,48181.8119064935
2000,48181.8119297283
2001,48181.81192522622
2002,48181.81190723611
2003,48181.81191135197
2004,48181.81194426027
2005,48181.81189563586
2006,48181.81190985217
2007,48181.81192313534
2008,48181.811912645026
2009,48297.01728297171
2010,48297.01728297169
2011,48297.01728297169
2012,48297.01728297171
2013,48297.01728297172
2014,48297.01728297169
2015,48297.01728297168
2016,48297.01728297169
2017,48297.0172829717
2018,48297.01720705613
2019,48297.01726806059
2020,48297.01727959632
2021,48297.01726735871
2022,48297.01734283898
2023,48297.01736609598
2024,48297.01726717126
2025,48297.01728155192
2026,48297.01728376514
2027,48297.01729077036
2028,48297.01729921863
2029,48297.017279820044
2030,48297.01726539788
2031,48297.01731625596
2032,48297.01727178856
2033,48297.01738626959
2034,48297.01734998305
2035,48297.017227929115
2036,48297.01741993153
2037,48297.017285659385
2038,48297.01728549239
2039,48297.01727011937
2040,48297.01729295131
2041,48297.0172820933
2042,48297.01717709927
2043,48297.01729103321
2044,48297.017295167774
2045,48297.017292298995
2046,48297.01732532807
2047,48297.0172939023
2048,48297.01730315262
2049,48297.01735350903
2050,48297.01728003175
2051,48297.01727847549
2052,48297.01728806188
2053,48297.017216317196
2054,48297.01724644432
2055,48297.01730368054
2056,48297.0172829549
2057,48297.01725903594
2058,48147.737244307755
2059,48147.73724430773
2060,48147.73724430773
2061,48147.73724430776
2062,48147.73724430777
2063,48147.737244307755
2064,48147.737244307755
2065,48147.73724430777
2066,48147.73724430779
2067,48147.73721499492
2068,48147.73726396728
2069,48147.73724030911
2070,48147.737253240295
2071,48147.737269410674
2072,48147.737265838055
2073,48147.737265313095
2074,48147.73723654525
2075,48147.737250503225
2076,48147.73724637637
2077,48147.73724785455
2078,48147.737257561304
2079,48147.737229087834
2080,48147.737261496964
2081,48147.737232555926
2082,48147.73727436646
2083,48147.73726685748
2084,48147.73724162265
2085,48147.7373797726
2086,48147.73725484722
2087,48147.737250594066
2088,48147.737244128046
2089,48147.737244603864
2090,48147.73724461627
2091,48147.73719281341
2092,48147.73724652562
2093,48147.737246358025
2094,48147.737253010855
2095,48147.737256469394
2096,48147.73723434484
2097,48147.73724781275
2098,48147.737279706635
2099,48147.7372511231
2100,48147.73723975803
2101,48147.73724532502
2102,48147.73724129605
2103,48147.73722308652
2104,48147.73724972902
2105,48147.73725161119
2106,48147.7372368594
2107,48084.906149675124
2108,48084.906149675146
2109,48084.906149675146
2110,48084.90614967515
2111,48084.90614967514
2112,48084.90614967515
2113,48084.906149675124
2114,48084.90614967514
2115,48084.90614967514
2116,48084.906131845564
2117,48084.90614786455
2118,48084.906145687404
2119,48084.90615916408
2120,48084.906157060046
2121,48084.90614464758
2122,48084.90615924762
2123,48084.90615069678
2124,48084.9061535234
2125,48084.90615397409
2126,48084.906153423675
2127,48084.9061564884
2128,48084.906134674544
2129,48084.90615588803
2130,48084.906141491854
2131,48084.906156876394
2132,48084.906151059935
2133,48084.90615791765
2134,48084.90629244319
2135,48084.90614862969
2136,48084.90615611153
2137,48084.906147969385
2138,48084.906150827395
2139,48084.90614677619
2140,48084.906135371886
2141,48084.90615469658
2142,48084.906152509895
2143,48084.90615308441
2144,48084.90616192716
2145,48084.90614271366
2146,48084.90614247836
2147,48084.90616034347
2148,48084.90616153964
2149,48084.90614383051
2150,48084.906150717194
2151,48084.90615359905
2152,48084.906127229646
2153,48084.90615467603
2154,48084.90615353048
2155,48084.90614561701
2156,48054.08927710073
2157,48054.08927710075
2158,48054.08927710075
2159,48054.08927710075
2160,48054.08927710073
2161,48054.08927710076
2162,48054.08927710074
2163,48054.08927710075
2164,48054.08927710077
2165,48054.089275952436
2166,48054.08926596014
2167,48054.089273391386
2168,48054.089278876985
2169,48054.089274419166
2170,48054.089271597084
2171,48054.089270783654
2172,48054.08927295979
2173,48054.08928429612
2174,48054.08927985138
2175,48054.08928100714
2176,48054.0892733246
2177,48054.08927334404
2178,48054.08927614094
2179,48054.08926945312
2180,48054.089281601126
2181,48054.08926693128
2182,48054.089275694176
2183,48054.08942860558
2184,48054.0892797298
2185,48054.08928393897
2186,48054.08927539792
2187,48054.08928368215
2188,48054.089272177705
2189,48054.08929038322
2190,48054.08928057912
2191,48054.08927913062
2192,48054.08926902519
2193,48054.08928246117
2194,48054.089280805034
2195,48054.08927424891
2196,48054.08927281009
2197,48054.089284080335
2198,48054.08927284372
2199,48054.08927763842
2200,48054.089271667355
2201,48054.089260635024
2202,48054.089281051616
2203,48054.08927469521
2204,48054.089275343336
2205,48023.88944322592
2206,48023.8894432259
2207,48023.88944322592
2208,48023.8894432259
2209,48023.88944322588
2210,48023.889443225904
2211,48023.88944322593
2212,48023.889443225904
2213,48023.8894432259
2214,48023.88943301772
2215,48023.889415416874
2216,48023.88943927223
2217,48023.88944474279
2218,48023.889429033516
2219,48023.889411737306
2220,48023.889436835794
2221,48023.88943549144
2222,48023.88945014855
2223,48023.88944902218
2224,48023.889442902735
2225,48023.88944824423
2226,48023.88942490668
2227,48023.88943906785
2228,48023.88943632513
2229,48023.88942960065
2230,48023.88942197122
2231,48023.889454079064
2232,48023.88960373625
2233,48023.889447983696
2234,48023.8894487408
2235,48023.88943937671
2236,48023.88944093588
2237,48023.88943953082
2238,48023.889465517255
2239,48023.88945132139
2240,48023.88944089218
2241,48023.889448383714
2242,48023.88945704607
2243,48023.88943374049
2244,48023.889430549825
2245,48023.889431479976
2246,48023.88945277863
2247,48023.889437084035
2248,48023.889441212974
2249,48023.889457226716
2250,48023.88942462779
2251,48023.88944676809
2252,48023.88945597684
2253,48023.8894315184
2254,47977.08746287148
2255,47977.087462871496
2256,47977.087462871496
2257,47977.08746287148
2258,47977.08746287148
2259,47977.08746287149
2260,47977.08746287147
2261,47977.08746287148
2262,47977.08746287147
2263,47977.0874948578
2264,47977.087455081426
2265,47977.08745980525
2266,47977.087457375346
2267,47977.08745741556
2268,47977.0874602105
2269,47977.08743461975
2270,47977.08745157877
2271,47977.087476073466
2272,47977.08746356966
2273,47977.08746203484
2274,47977.087444764715
2275,47977.08748874479
2276,47977.08745793869
2277,47977.08745266938
2278,47977.08746269327
2279,47977.08744832302
2280,47977.08744778786
2281,47977.08762009589
2282,47977.08747043842
2283,47977.08747076098
2284,47977.087462863026
2285,47977.08747654427
2286,47977.08745244551
2287,47977.08751196154
2288,47977.087464443495
2289,47977.087457422575
2290,47977.08743582633
2291,47977.08745013506
2292,47977.087481989714
2293,47977.08747288925
2294,47977.0874433246
2295,47977.0874595482
2296,47977.08746059172
2297,47977.08746193353
2298,47977.08744875007
2299,47977.0874582798
2300,47977.08746180533
2301,47977.08745196836
2302,47977.087469202655
2303,47934.83356557305
2304,47934.833565573026
2305,47934.83356557303
2306,47934.83356557304
2307,47934.833565573055
2308,47934.83356557306
2309,47934.83356557304
2310,47934.833565573055
2311,47934.833565573055
2312,47934.8335793665
2313,47934.8335558357
2314,47934.83356236133
2315,47934.833561688494
2316,47934.83356547105
2317,47934.83355301546
2318,47934.833541757376
2319,47934.83355309212
2320,47934.833577058154
2321,47934.83356894211
2322,47934.83356118217
2323,47934.833558676546
2324,47934.83357967163
2325,47934.83356656799
2326,47934.833554482866
2327,47934.83356049604
2328,47934.83355788279
2329,47934.83355651642
2330,47934.8337178607
2331,47934.83357335066
2332,47934.83357242664
2333,47934.83356469693
2334,47934.83357122175
2335,47934.83355693324
2336,47934.83359933042
2337,47934.83357122045
2338,47934.83355679138
2339,47934.833553023134
2340,47934.833560500796
2341,47934.83357303672
2342,47934.83357444162
2343,47934.833555575475
2344,47934.83356163345
2345,47934.83356134451
2346,47934.83356293047
2347,47934.833565726476
2348,47934.833557274535
2349,47934.83356468591
2350,47934.83356980789
2351,47934.83356382441
2352,47874.612650370145
2353,47874.61265037012
2354,47874.61265037013
2355,47874.61265037012
2356,47874.61265037012
2357,47874.61265037013
2358,47874.61265037012
2359,47874.61265037011
2360,47874.61265037013
2361,47874.61265196464
2362,47874.61265273664
2363,47874.612647717615
2364,47874.61264553321
2365,47874.61266363929
2366,47874.61264957722
2367,47874.61262754644
2368,47874.612646383044
2369,47874.61265897222
2370,47874.61265412959
2371,47874.61264437312
2372,47874.61264735016
2373,47874.612665157976
2374,47874.612659348575
2375,47874.61263681887
2376,47874.61265382039
2377,47874.61265769805
2378,47874.61263589498
2379,47874.61277294521
2380,47874.61264607444
2381,47874.612657699465
2382,47874.612651409094
2383,47874.612655030156
2384,47874.61264387223
2385,47874.61266524087
2386,47874.6126572321
2387,47874.612640741885
2388,47874.61263801408
2389,47874.6126420087
2390,47874.612661930994
2391,47874.61266730713
2392,47874.612649559465
2393,47874.612638754304
2394,47874.612645327405
2395,47874.61264698346
2396,47874.61264758263
2397,47874.61264070871
2398,47874.61264888312
2399,47874.61265705275
2400,47874.61265393813
2401,47809.6948343253
2402,47809.69483432534
2403,47809.69483432537
2404,47809.69483432532
2405,47809.694834325346
2406,47809.69483432534
2407,47809.694834325346
2408,47809.69483432533
2409,47809.69483432531
2410,47809.69483430857
2411,47809.69484757964
2412,47809.69483130852
2413,47809.6948349877
2414,47809.69484869975
2415,47809.694821752055
2416,47809.69482426824
2417,47809.694827227744
2418,47809.69484238891
2419,47809.69483738595
2420,47809.694827379775
2421,47809.694839102915
2422,47809.694836000264
2423,47809.69484349684
2424,47809.69482212955
2425,47809.69482210957
2426,47809.69484400102
2427,47809.694834027425
2428,47809.6949543602
2429,47809.69483344
2430,47809.69484142319
2431,47809.69483797301
2432,47809.69483489425
2433,47809.69483040277
2434,47809.69484032635
2435,47809.69484182581
2436,47809.69482599204
2437,47809.694834656686
2438,47809.69482372241
2439,47809.6948394545
2440,47809.694856366434
2441,47809.694837472765
2442,47809.69482524498
2443,47809.694828659485
2444,47809.69482961253
2445,47809.69484569627
2446,47809.69482070637
2447,47809.694832423214
2448,47809.69485388037
2449,47809.69483743103
2450,47690.5723583727
2451,47690.57235837267
2452,47690.57235837266
2453,47690.57235837269
2454,47690.57235837267
2455,47690.57235837267
2456,47690.57235837268
2457,47690.57235837268
2458,47690.57235837268
2459,47690.57231775241
2460,47690.57235442549
2461,47690.57235764557
2462,47690.57233448865
2463,47690.57239181822
2464,47690.57241858014
2465,47690.57233998307
2466,47690.57239580873
2467,47690.57234831997
2468,47690.572359090394
2469,47690.57236054763
2470,47690.572358387966
2471,47690.57236822152
2472,47690.57236634327
2473,47690.57234503341
2474,47690.572423368896
2475,47690.572395947485
2476,47690.572333010125
2477,47690.57242696635
2478,47690.57230229881
2479,47690.572368976435
2480,47690.57236486766
2481,47690.57236071086
2482,47690.57236474529
2483,47690.57235121983
2484,47690.572365487795
2485,47690.57236311777
2486,47690.57234097321
2487,47690.57237189501
2488,47690.57238347137
2489,47690.5723716277
2490,47690.572358775156
2491,47690.57233676641
2492,47690.57235294199
2493,47690.57235331288
2494,47690.57231332062
2495,47690.572333790995
2496,47690.57236293134
2497,47690.572353100535
2498,47690.57241587285
2499,47883.321574038186
2500,47883.321574038186
2501,47883.32157403816
2502,47883.32157403817
2503,47883.32157403819
2504,47883.321574038186
2505,47883.32157403821
2506,47883.32157403818
2507,47883.321574038186
2508,47883.321785782515
2509,47883.32175926374
2510,47883.32157133168
2511,47883.321690481964
2512,47883.32165109343
2513,47883.32137438571
2514,47883.32166994734
2515,47883.321634230335
2516,47883.3215596731
2517,47883.32157897782
2518,47883.32155674629
2519,47883.32158627828
2520,47883.32166849883
2521,47883.32158190869
2522,47883.32160503174
2523,47883.3213231924
2524,47883.32161510433
2525,47883.32179305015
2526,47883.3216531746
2527,47883.321513281764
2528,47883.32157068899
2529,47883.321584302794
2530,47883.32159320436
2531,47883.321546026455
2532,47883.32161959488
2533,47883.321588059895
2534,47883.32158369194
2535,47883.32157151001
2536,47883.32144666198
2537,47883.32156777483
2538,47883.32155560203
2539,47883.32153480005
2540,47883.32161697486
2541,47883.32156468921
2542,47883.32155972123
2543,47883.32169360404
2544,47883.32155633468
2545,47883.32156408661
2546,47883.3216171141
2547,47883.32161734106
2548,47636.80138564164
2549,47636.801385641644
2550,47636.80138564165
2551,47636.80138564164
2552,47636.801385641644
2553,47636.80138564166
2554,47636.801385641644
2555,47636.80138564163
2556,47636.80138564162
2557,47636.80139584568
2558,47636.801417970884
2559,47636.80138417825
2560,47636.80139697998
2561,47636.801425577454
2562,47636.801383453705
2563,47636.80139718589
2564,47636.801428756364
2565,47636.801374344876
2566,47636.801387071384
2567,47636.801383062746
2568,47636.80139111587
2569,47636.801407708175
2570,47636.80139259489
2571,47636.801382682745
2572,47636.80137651304
2573,47636.80142078156
2574,47636.801419567186
2575,47636.80145944989
2576,47636.80132787669
2577,47636.80139349735
2578,47636.80139511249
2579,47636.801389649685
2580,47636.80138591367
2581,47636.801390292494
2582,47636.80139480021
2583,47636.80139113747
2584,47636.80137660317
2585,47636.801370791414
2586,47636.80139793246
2587,47636.80138841334
2588,47636.80137640122
2589,47636.80138209515
2590,47636.80137872039
2591,47636.80137776239
2592,47636.80138672017
2593,47636.801360226425
2594,47636.80138577771
2595,47636.80139151006
2596,47636.80143948701
2597,47559.73629701384
2598,47559.736297013835
2599,47559.736297013835
2600,47559.73629701383
2601,47559.73629701385
2602,47559.73629701382
2603,47559.73629701385
2604,47559.73629701385
2605,47559.73629701385
2606,47559.736217101265
2607,47559.73625001151
2608,47559.736290891495
2609,47559.73630746941
2610,47559.73629134569
2611,47559.73622334119
2612,47559.73634708213
2613,47559.73630354992
2614,47559.73627938122
2615,47559.73630395719
2616,47559.73629767969
2617,47559.73633443529
2618,47559.73620751411
2619,47559.73629718636
2620,47559.73631136392
2621,47559.736248057496
2622,47559.73630131332
2623,47559.73637328759
2624,47559.73644659214
2625,47559.73628006586
2626,47559.73629251622
2627,47559.73630191309
2628,47559.73627227569
2629,47559.7363067107
2630,47559.73629227743
2631,47559.736320840704
2632,47559.73631121459
2633,47559.736375685105
2634,47559.73635773869
2635,47559.73622613306
2636,47559.736255135576
2637,47559.73629530849
2638,47559.736334698246
2639,47559.73628511487
2640,47559.73628123985
2641,47559.736355066445
2642,47559.73624314173
2643,47559.73630598298
2644,47559.736376013076
2645,47559.736294752554
2646,47466.89601544018
2647,47466.89601544021
2648,47466.89601544022
2649,47466.89601544021
2650,47466.8960154402
2651,47466.896015440216
2652,47466.896015440194
2653,47466.89601544021
2654,47466.89601544021
2655,47466.89600314089
2656,47466.896013615646
2657,47466.89601226551
2658,47466.8960261004
2659,47466.89601540211
2660,47466.89597381968
2661,47466.896047113114
2662,47466.89602014915
2663,47466.896006857096
2664,47466.8960134316
2665,47466.896021036155
2666,47466.8960295283
2667,47466.89598006618
2668,47466.89600727377
2669,47466.89602912396
2670,47466.89597695146
2671,47466.896019401654
2672,47466.89607448823
2673,47466.89617126882
2674,47466.896001516936
2675,47466.896016975086
2676,47466.896022781395
2677,47466.896007745665
2678,47466.89602160948
2679,47466.89603693444
2680,47466.8960250356
2681,47466.896034248115
2682,47466.89604686391
2683,47466.896037309416
2684,47466.895994054525
2685,47466.89599403172
2686,47466.89600063549
2687,47466.896037853934
2688,47466.8960107517
2689,47466.89600321676
2690,47466.89603874545
2691,47466.8959815649
2692,47466.89602456357
2693,47466.896054174504
2694,47466.896039475374
2695,47380.867224622634
2696,47380.867224622656
2697,47380.86722462264
2698,47380.86722462264
2699,47380.86722462265
2700,47380.86722462261
2701,47380.86722462263
2702,47380.867224622634
2703,47380.867224622634
2704,47380.867241419226
2705,47380.86722629994
2706,47380.86722387823
2707,47380.86721913878
2708,47380.86721353006
2709,47380.867224587746
2710,47380.8672220736
2711,47380.86720922696
2712,47380.86722693718
2713,47380.86721473768
2714,47380.86723480055
2715,47380.867220513
2716,47380.86721451984
2717,47380.86721244477
2718,47380.86723562789
2719,47380.86722045936
2720,47380.86721952705
2721,47380.86724231043
2722,47380.867413332475
2723,47380.867231662094
2724,47380.867231354016
2725,47380.867230310265
2726,47380.86722501729
2727,47380.86723037893
2728,47380.86726690878
2729,47380.86722294414
2730,47380.8672450023
2731,47380.8672275648
2732,47380.867237482154
2733,47380.86723671355
2734,47380.86721933249
2735,47380.86720771658
2736,47380.8672288145
2737,47380.867227096045
2738,47380.86721496763
2739,47380.867214501865
2740,47380.86720626237
2741,47380.86723635557
2742,47380.86723628865
2743,47380.86725137815
2744,47322.13900398235
2745,47322.13900398236
2746,47322.139003982345
2747,47322.13900398237
2748,47322.13900398235
2749,47322.139003982345
2750,47322.13900398235
2751,47322.13900398235
2752,47322.139003982345
2753,47322.13905055086
2754,47322.13901717697
2755,47322.13900628395
2756,47322.139005514604
2757,47322.139002499855
2758,47322.13900269988
2759,47322.138991759566
2760,47322.13898904606
2761,47322.13900383211
2762,47322.138990580155
2763,47322.13901403227
2764,47322.13899445397
2765,47322.13901922411
2766,47322.13900028585
2767,47322.139021186646
2768,47322.13899612984
2769,47322.1390067564
2770,47322.13902387917
2771,47322.13921085154
2772,47322.13901218752
2773,47322.13901031366
2774,47322.13900719961
2775,47322.13900789114
2776,47322.13900517675
2777,47322.13904856127
2778,47322.138999200404
2779,47322.13902694092
2780,47322.138997911745
2781,47322.139005646524
2782,47322.13902174919
2783,47322.138988541956
2784,47322.1389918413
2785,47322.13900711977
2786,47322.13901016538
2787,47322.13899268654
2788,47322.1389973132
2789,47322.13899080731
2790,47322.13901715107
2791,47322.139005085046
2792,47322.139024682
2793,47217.92345050373
2794,47217.923450503746
2795,47217.923450503746
2796,47217.923450503746
2797,47217.92345050375
2798,47217.92345050375
2799,47217.923450503746
2800,47217.923450503746
2801,47217.92345050376
2802,47217.92347121265
2803,47217.923453744785
2804,47217.923455065385
2805,47217.92344012681
2806,47217.92346542705
2807,47217.9234832355
2808,47217.92341775488
2809,47217.92343106501
2810,47217.923456950455
2811,47217.92343632704
2812,47217.923463072126
2813,47217.923433917655
2814,47217.9234638297
2815,47217.92346790731
2816,47217.923462927516
2817,47217.923482730206
2818,47217.92347071055
2819,47217.92343578859
2820,47217.9236457341
2821,47217.92346203169
2822,47217.923458251826
2823,47217.9234504374
2824,47217.92345656495
2825,47217.9234504573
2826,47217.92345267508
2827,47217.92344481087
2828,47217.92346941541
2829,47217.92343638557
2830,47217.92344894656
2831,47217.923472370545
2832,47217.923434019256
2833,47217.92346319588
2834,47217.92343560892
2835,47217.92345850537
2836,47217.92344096791
2837,47217.923424514665
2838,47217.92344284432
2839,47217.923465475884
2840,47217.92343829245
2841,47217.923451952825
2842,47084.48942631453
2843,47084.48942631454
2844,47084.48942631455
2845,47084.489426314525
2846,47084.48942631454
2847,47084.48942631454
2848,47084.489426314525
2849,47084.48942631453
2850,47084.48942631453
2851,47084.4894062823
2852,47084.48941896175
2853,47084.48943342657
2854,47084.48941300842
2855,47084.489446115826
2856,47084.48945749695
2857,47084.489394996985
2858,47084.489427462875
2859,47084.48943107715
2860,47084.489416641045
2861,47084.48943975969
2862,47084.48941019037
2863,47084.48942273993
2864,47084.48945317212
2865,47084.48943957122
2866,47084.48946398926
2867,47084.48945184509
2868,47084.489406203014
2869,47084.489585952295
2870,47084.48941395541
2871,47084.48942982249
2872,47084.48942268088
2873,47084.48942958078
2874,47084.48942319171
2875,47084.48939954988
2876,47084.48942665146
2877,47084.489445058454
2878,47084.48941490348
2879,47084.48942924658
2880,47084.4894450787
2881,47084.489390963565
2882,47084.48943759066
2883,47084.4894141083
2884,47084.48943211684
2885,47084.489417055745
2886,47084.48939790779
2887,47084.48941735327
2888,47084.48944299961
2889,47084.4894108755
2890,47084.48941135865
2891,46899.72161430081
2892,46899.721614300826
2893,46899.721614300805
2894,46899.721614300826
2895,46899.72161430081
2896,46899.72161430081
2897,46899.72161430081
2898,46899.721614300805
2899,46899.72161430081
2900,46899.721582405866
2901,46899.7216215665
2902,46899.72162221178
2903,46899.72160871832
2904,46899.72163527045
2905,46899.72162489956
2906,46899.72159606458
2907,46899.72162075417
2908,46899.72162660141
2909,46899.72160940666
2910,46899.721623924095
2911,46899.72159941083
2912,46899.72160471391
2913,46899.72164066364
2914,46899.72162027503
2915,46899.721628311716
2916,46899.721636122486
2917,46899.72159849892
2918,46899.721731454665
2919,46899.72159734544
2920,46899.72161420198
2921,46899.72160880638
2922,46899.72161799553
2923,46899.7216040207
2924,46899.72157539017
2925,46899.721617952164
2926,46899.72162123773
2927,46899.72160470337
2928,46899.72160181942
2929,46899.72162966662
2930,46899.72158065275
2931,46899.721613182715
2932,46899.72160606136
2933,46899.72161762138
2934,46899.72160807769
2935,46899.72159664988
2936,46899.72161272772
2937,46899.721628395644
2938,46899.72160460443
2939,46899.72158876216
2940,46795.47552769015
2941,46795.47552769014
2942,46795.47552769014
2943,46795.475527690156
2944,46795.47552769014
2945,46795.47552769015
2946,46795.475527690156
2947,46795.475527690156
2948,46795.475527690156
2949,46795.47542321356
2950,46795.47545549486
2951,46795.47554026474
2952,46795.47546755263
2953,46795.47551425646
2954,46795.475584442014
2955,46795.475513411235
2956,46795.475547138165
2957,46795.475537788414
2958,46795.4755226943
2959,46795.47553991214
2960,46795.47551059918
2961,46795.47550581163
2962,46795.4755237084
2963,46795.47552616724
2964,46795.47561002006
2965,46795.47552255106
2966,46795.475473876744
2967,46795.475608345034
2968,46795.47550768986
2969,46795.47552597522
2970,46795.47551626357
2971,46795.475518311294
2972,46795.47552694144
2973,46795.475509121825
2974,46795.475522386834
2975,46795.47553104308
2976,46795.47552520506
2977,46795.47557804958
2978,46795.47553427673
2979,46795.47549557863
2980,46795.4754930232
2981,46795.475529551964
2982,46795.475533719444
2983,46795.47552414387
2984,46795.47546919432
2985,46795.475549974784
2986,46795.47554620671
2987,46795.47552100029
2988,46795.475535373305
2989,46849.35030602188
2990,46849.35030602187
2991,46849.35030602188
2992,46849.35030602188
2993,46849.35030602188
2994,46849.35030602187
2995,46849.35030602188
2996,46849.35030602188
2997,46849.35030602188
2998,46849.350390600805
2999,46849.35036469546
3000,46849.35030347409
3001,46849.350365425715
3002,46849.35030548187
3003,46849.350194322455
3004,46849.35036972147
3005,46849.350302192164
3006,46849.35033976351
3007,46849.35031162383
3008,46849.350283834676
3009,46849.35032308852
3010,46849.350318195975
3011,46849.350305477536
3012,46849.35029364081
3013,46849.35017384478
3014,46849.3502801985
3015,46849.35038839826
3016,46849.35031416353
3017,46849.35029688245
3018,46849.35029920898
3019,46849.35031126467
3020,46849.35031262564
3021,46849.35028300184
3022,46849.350301107275
3023,46849.35032059642
3024,46849.35027609462
3025,46849.35031624175
3026,46849.350228141884
3027,46849.350267067915
3028,46849.350318327546
3029,46849.35024816422
3030,46849.35031053071
3031,46849.3502987833
3032,46849.3502996267
3033,46849.350385514015
3034,46849.35030475862
3035,46849.350293923955
3036,46849.35034412999
3037,46849.35028056892
3038,46701.30626298266
3039,46701.306262982675
3040,46701.30626298266
3041,46701.306262982675
3042,46701.30626298267
3043,46701.306262982675
3044,46701.30626298266
3045,46701.306262982675
3046,46701.306262982675
3047,46701.30625653349
3048,46701.30625883429
3049,46701.30626802739
3050,46701.3062619613
3051,46701.30626148426
3052,46701.306241443985
3053,46701.306278914264
3054,46701.30627297816
3055,46701.3062851661
3056,46701.30626264202
3057,46701.306260508274
3058,46701.30625855289
3059,46701.30626593372
3060,46701.30626159805
3061,46701.306255556185
3062,46701.30624347562
3063,46701.306253306415
3064,46701.30627351944
3065,46701.306311662796
3066,46701.30624683599
3067,46701.306260401165
3068,46701.30625919218
3069,46701.30626404466
3070,46701.30625179455
3071,46701.306251748116
3072,46701.306266136686
3073,46701.30624925466
3074,46701.30626095313
3075,46701.306245346015
3076,46701.30625380015
3077,46701.306252748014
3078,46701.30621861262
3079,46701.306261752354
3080,46701.30626301483
3081,46701.30625858073
3082,46701.30626497024
3083,46701.30627591304
3084,46701.30626813725
3085,46701.30627435575
3086,46701.30625781539
3087,46657.041316232324
3088,46657.041316232324
3089,46657.041316232324
3090,46657.041316232324
3091,46657.041316232324
3092,46657.04131623234
3093,46657.04131623232
3094,46657.04131623233
3095,46657.04131623233
3096,46657.04131910603
3097,46657.0413118308
3098,46657.041320593045
3099,46657.04131603649
3100,46657.04131495738
3101,46657.04129791833
3102,46657.041332885114
3103,46657.04132048448
3104,46657.041332213805
3105,46657.041314502145
3106,46657.04131485905
3107,46657.04131524585
3108,46657.041317452306
3109,46657.04131814222
3110,46657.041312618974
3111,46657.04129936822
3112,46657.04130977478
3113,46657.04133279403
3114,46657.04138161672
3115,46657.041304181614
3116,46657.04131292168
3117,46657.04131382157
3118,46657.04131554265
3119,46657.041308115644
3120,46657.04131007125
3121,46657.04132004275
3122,46657.04130761097
3123,46657.04132171032
3124,46657.04130762395
3125,46657.04130125828
3126,46657.04130921875
3127,46657.04127770316
3128,46657.04132101236
3129,46657.04131668307
3130,46657.04131023034
3131,46657.04132053896
3132,46657.04132012844
3133,46657.04132198227
3134,46657.041331965534
3135,46657.041309798995
3136,46611.05809491532
3137,46611.0580949153
3138,46611.05809491532
3139,46611.05809491533
3140,46611.05809491534
3141,46611.05809491533
3142,46611.058094915315
3143,46611.05809491533
3144,46611.05809491532
3145,46611.05813034382
3146,46611.0581679854
3147,46611.05809595802
3148,46611.058131767495
3149,46611.05810256571
3150,46611.05802740836
3151,46611.05815141659
3152,46611.05806497571
3153,46611.05808745579
3154,46611.05809294067
3155,46611.05808798886
3156,46611.05811473475
3157,46611.05806588374
3158,46611.05812134265
3159,46611.05810354262
3160,46611.05802565873
3161,46611.05809273762
3162,46611.058154465136
3163,46611.05821515328
3164,46611.0581301604
3165,46611.0580865315
3166,46611.058096079556
3167,46611.058090681705
3168,46611.05808279706
3169,46611.05807792749
3170,46611.05810405303
3171,46611.05809159805
3172,46611.058111874925
3173,46611.05807483132
3174,46611.05806732974
3175,46611.05808173216
3176,46611.05811331132
3177,46611.05812001148
3178,46611.058093422645
3179,46611.058082969306
3180,46611.05814611613
3181,46611.05809800106
3182,46611.05809649419
3183,46611.05813015534
3184,46611.05809287131
3185,46559.31749935489
3186,46559.31749935492
3187,46559.31749935492
3188,46559.317499354904
3189,46559.3174993549
3190,46559.31749935488
3191,46559.31749935488
3192,46559.31749935491
3193,46559.31749935489
3194,46559.31752204403
3195,46559.31754354425
3196,46559.317502164355
3197,46559.31749959775
3198,46559.317510315625
3199,46559.31750950161
3200,46559.31752241823
3201,46559.31749413
3202,46559.31749703167
3203,46559.31749561
3204,46559.31749552499
3205,46559.31750073501
3206,46559.31750384084
3207,46559.31751639444
3208,46559.31749686383
3209,46559.317507768974
3210,46559.31750780554
3211,46559.317505161736
3212,46559.31759540518
3213,46559.317504970975
3214,46559.31749814517
3215,46559.31750065838
3216,46559.317498446515
3217,46559.31749489537
3218,46559.317490674846
3219,46559.31750140047
3220,46559.31749336443
3221,46559.317493756265
3222,46559.31749698597
3223,46559.31750404188
3224,46559.31750801904
3225,46559.31750131811
3226,46559.31750727515
3227,46559.31749993509
3228,46559.3174926538
3229,46559.31749096713
3230,46559.31750237658
3231,46559.31750112237
3232,46559.31750351611
3233,46559.31752935936
3234,46533.38343729384
3235,46533.38343729384
3236,46533.38343729384
3237,46533.38343729383
3238,46533.38343729386
3239,46533.38343729382
3240,46533.38343729384
3241,46533.38343729384
3242,46533.38343729383
3243,46533.38345071331
3244,46533.38346234332
3245,46533.383439842175
3246,46533.3834308644
3247,46533.38343721664
3248,46533.383446923064
3249,46533.38345392218
3250,46533.383431535425
3251,46533.38343817826
3252,46533.383434160394
3253,46533.3834337097
3254,46533.383438116536
3255,46533.38343563555
3256,46533.383451131245
3257,46533.38343370183
3258,46533.383449473266
3259,46533.38343538127
3260,46533.383436463395
3261,46533.38352691349
3262,46533.383442389626
3263,46533.38343615603
3264,46533.38343688987
3265,46533.38343469333
3266,46533.38343361962
3267,46533.38343387939
3268,46533.383439327496
3269,46533.3834295364
3270,46533.38343448831
3271,46533.38344228021
3272,46533.38343873141
3273,46533.38344609151
3274,46533.38343424504
3275,46533.38344102269
3276,46533.38343796924
3277,46533.38343098919
3278,46533.383427392946
3279,46533.38344246796
3280,46533.383439620826
3281,46533.38344341462
3282,46533.38346067717
3283,46488.01229541483
3284,46488.012295414854
3285,46488.012295414854
3286,46488.01229541485
3287,46488.01229541484
3288,46488.012295414825
3289,46488.01229541484
3290,46488.01229541484
3291,46488.01229541486
3292,46488.012327439785
3293,46488.01231861969
3294,46488.01229858018
3295,46488.012292170875
3296,46488.01229200788
3297,46488.01229956713
3298,46488.01229439755
3299,46488.0122927303
3300,46488.01229935585
3301,46488.01229103507
3302,46488.012292041225
3303,46488.012288215425
3304,46488.012308624115
3305,46488.01230878438
3306,46488.01229206801
3307,46488.01230277034
3308,46488.01228511767
3309,46488.01228741514
3310,46488.012380146276
3311,46488.012298244015
3312,46488.012297846464
3313,46488.01229402472
3314,46488.01229845694
3315,46488.012289158
3316,46488.012300177725
3317,46488.0122933374
3318,46488.01228702641
3319,46488.01227748539
3320,46488.01228457874
3321,46488.01230823669
3322,46488.01230493629
3323,46488.012295195615
3324,46488.01228303817
3325,46488.01229747332
3326,46488.012290689854
3327,46488.01228267664
3328,46488.01230960801
3329,46488.01229679818
3330,46488.01228596101
3331,46488.01231808651
3332,46591.630795158504
3333,46591.630795158504
3334,46591.63079515851
3335,46591.63079515849
3336,46591.63079515848
3337,46591.63079515849
3338,46591.63079515848
3339,46591.630795158504
3340,46591.630795158504
3341,46591.6306913122
3342,46591.63070948784
3343,46591.630789906485
3344,46591.63078026967
3345,46591.63074498182
3346,46591.63072946347
3347,46591.630818010126
3348,46591.63076394367
3349,46591.630788320464
3350,46591.63080834786
3351,46591.63079878771
3352,46591.63084750743
3353,46591.63065881063
3354,46591.630826625194
3355,46591.630802552485
3356,46591.63077508349
3357,46591.63074877523
3358,46591.63081990929
3359,46591.63087739893
3360,46591.630804524335
3361,46591.630770797296
3362,46591.630783889654
3363,46591.63075415436
3364,46591.63080295584
3365,46591.630759779255
3366,46591.6308278345
3367,46591.63079691593
3368,46591.63087190276
3369,46591.63089796693
3370,46591.63073018386
3371,46591.63079574572
3372,46591.63082573749
3373,46591.630808462935
3374,46591.63078569279
3375,46591.63078572563
3376,46591.63084522845
3377,46591.63076179237
3378,46591.63080785387
3379,46591.630859002886
3380,46591.63071501961
3381,46467.978227313484
3382,46467.9782273135
3383,46467.9782273135
3384,46467.97822731349
3385,46467.978227313484
3386,46467.978227313484
3387,46467.97822731349
3388,46467.978227313484
3389,46467.978227313484
3390,46467.978215538555
3391,46467.97821607181
3392,46467.978227917265
3393,46467.97821732245
3394,46467.978208945715
3395,46467.97821565728
3396,46467.978232774985
3397,46467.97821594843
3398,46467.97822775101
3399,46467.97822784126
3400,46467.97822625003
3401,46467.978235771254
3402,46467.978196353186
3403,46467.97824454026
3404,46467.97822726268
3405,46467.978231775814
3406,46467.97820571858
3407,46467.97822493475
3408,46467.97831316064
3409,46467.9782332675
3410,46467.978222333084
3411,46467.978223071055
3412,46467.97821796555
3413,46467.97822520996
3414,46467.97822173693
3415,46467.97823483164
3416,46467.97822226579
3417,46467.978236203446
3418,46467.97825290749
3419,46467.97821788947
3420,46467.97823345583
3421,46467.978235423616
3422,46467.978223733764
3423,46467.97822615321
3424,46467.97822115444
3425,46467.97822813961
3426,46467.978228640786
3427,46467.97823210406
3428,46467.978238347896
3429,46467.978221578844
3430,46449.10425359507
3431,46449.10425359507
3432,46449.10425359507
3433,46449.104253595055
3434,46449.104253595055
3435,46449.10425359505
3436,46449.104253595055
3437,46449.10425359508
3438,46449.10425359507
3439,46449.104245234485
3440,46449.10423971254
3441,46449.10425523622
3442,46449.10424300826
3443,46449.104242247566
3444,46449.10424765391
3445,46449.104248241005
3446,46449.1042504956
3447,46449.10425364112
3448,46449.104253486694
3449,46449.10425446057
3450,46449.10425628251
3451,46449.10423677338
3452,46449.10427012379
3453,46449.10425393034
3454,46449.104264333575
3455,46449.10423698248
3456,46449.10424538569
3457,46449.104335496566
3458,46449.10425095626
3459,46449.10425025059
3460,46449.10424902952
3461,46449.104247649266
3462,46449.1042505328
3463,46449.10424750435
3464,46449.10425883178
3465,46449.10425062968
3466,46449.104253067955
3467,46449.10427299856
3468,46449.104252943056
3469,46449.10425846188
3470,46449.104261659384
3471,46449.10424357152
3472,46449.104253143385
3473,46449.10424886742
3474,46449.104246025825
3475,46449.1042568823
3476,46449.10425918914
3477,46449.10425240693
3478,46449.10425032831
3479,46419.64597041016
3480,46419.64597041016
3481,46419.64597041016
3482,46419.645970410165
3483,46419.64597041016
3484,46419.64597041012
3485,46419.64597041014
3486,46419.64597041013
3487,46419.64597041012
3488,46419.6459673117
3489,46419.645958001674
3490,46419.64597274397
3491,46419.64596525716
3492,46419.64597102741
3493,46419.6459650359
3494,46419.64596301153
3495,46419.64597841591
3496,46419.64596715659
3497,46419.64597010239
3498,46419.64597352643
3499,46419.64597034869
3500,46419.645972066995
3501,46419.64598182831
3502,46419.64597172223
3503,46419.64598170781
3504,46419.64596219708
3505,46419.64596451783
3506,46419.64604743193
3507,46419.645956659144
3508,46419.64596774422
3509,46419.645966547716
3510,46419.645967802244
3511,46419.64596632286
3512,46419.64596594461
3513,46419.64597383887
3514,46419.645971255115
3515,46419.64596229383
3516,46419.64598224096
3517,46419.64597711357
3518,46419.645971988495
3519,46419.64597447135
3520,46419.645960341884
3521,46419.645970074285
3522,46419.645967736025
3523,46419.64595967064
3524,46419.64597327746
3525,46419.64597664009
3526,46419.64595735257
3527,46419.6459720057
3528,46393.28559251628
3529,46393.285592516266
3530,46393.285592516295
3531,46393.285592516266
3532,46393.285592516266
3533,46393.285592516266
3534,46393.285592516295
3535,46393.28559251626
3536,46393.28559251631
3537,46393.28558974536
3538,46393.28559297004
3539,46393.285595403104
3540,46393.28559148623
3541,46393.28560211177
3542,46393.28559469765
3543,46393.2855869921
3544,46393.285593867884
3545,46393.285589525294
3546,46393.285589911386
3547,46393.28559818519
3548,46393.28559078773
3549,46393.28560407326
3550,46393.28559912011
3551,46393.28559333039
3552,46393.28560749471
3553,46393.285592305605
3554,46393.285581809025
3555,46393.28567893015
3556,46393.28558655077
3557,46393.28559151637
3558,46393.28559008074
3559,46393.28559247339
3560,46393.28558938748
3561,46393.285592208515
3562,46393.28559160244
3563,46393.28559560076
3564,46393.285583175086
3565,46393.285597355716
3566,46393.285607712656
3567,46393.28559466739
3568,46393.2855983435
3569,46393.285583139135
3570,46393.28559382017
3571,46393.28559226308
3572,46393.28557947618
3573,46393.28559638325
3574,46393.2855996005
3575,46393.28557668811
3576,46393.28559438516
3577,46373.16075768461
3578,46373.1607576846
3579,46373.16075768459
3580,46373.1607576846
3581,46373.1607576846
3582,46373.160757684615
3583,46373.1607576846
3584,46373.160757684585
3585,46373.1607576846
3586,46373.16076320152
3587,46373.16075046288
3588,46373.16075959096
3589,46373.16076702654
3590,46373.16076425125
3591,46373.1607422714
3592,46373.16076703234
3593,46373.16076793399
3594,46373.1607519382
3595,46373.160756491794
3596,46373.160762261694
3597,46373.16076240927
3598,46373.16077304592
3599,46373.1607499645
3600,46373.16075907841
3601,46373.16075351631
3602,46373.16075404914
3603,46373.16076882358
3604,46373.1608383623
3605,46373.160742079715
3606,46373.16075287353
3607,46373.16075679345
3608,46373.16075625519
3609,46373.16075483225
3610,46373.16077461662
3611,46373.160759212624
3612,46373.16076103891
3613,46373.1607599454
3614,46373.16076101916
3615,46373.16076268797
3616,46373.16075434138
3617,46373.16073927257
3618,46373.160763848515
3619,46373.16075763482
3620,46373.16075769104
3621,46373.16076319317
3622,46373.16075486148
3623,46373.160763548985
3624,46373.160751059884
3625,46373.16075623158
3626,46358.42293709538
3627,46358.42293709535
3628,46358.42293709535
3629,46358.4229370954
3630,46358.42293709538
3631,46358.422937095376
3632,46358.422937095376
3633,46358.42293709541
3634,46358.422937095354
3635,46358.42291963651
3636,46358.42293106083
3637,46358.42293974139
3638,46358.422936621464
3639,46358.42294638968
3640,46358.42294103984
3641,46358.42294905495
3642,46358.42293513803
3643,46358.42292796416
3644,46358.42293379634
3645,46358.42294540275
3646,46358.42294198782
3647,46358.422941551624
3648,46358.422930063934
3649,46358.42293783148
3650,46358.42295497208
3651,46358.42294044203
3652,46358.42293550898
3653,46358.423032972605
3654,46358.422939663615
3655,46358.42293337365
3656,46358.42293509672
3657,46358.42293277351
3658,46358.42293845857
3659,46358.42294892502
3660,46358.42293417779
3661,46358.4229410292
3662,46358.422945809805
3663,46358.42295109636
3664,46358.4229425352
3665,46358.422930529654
3666,46358.42293096954
3667,46358.42294488067
3668,46358.422939125274
3669,46358.42293796708
3670,46358.42293324404
3671,46358.42294083622
3672,46358.42294624873
3673,46358.422937815834
3674,46358.42293951673
3675,46339.54820291925
3676,46339.54820291924
3677,46339.548202919235
3678,46339.54820291922
3679,46339.54820291924
3680,46339.54820291925
3681,46339.548202919235
3682,46339.548202919235
3683,46339.548202919235
3684,46339.54819450651
3685,46339.548203642735
3686,46339.548205270585
3687,46339.548205907166
3688,46339.54821433201
3689,46339.54820672724
3690,46339.54821153695
3691,46339.548193630726
3692,46339.54819879403
3693,46339.54819908146
3694,46339.54820879807
3695,46339.54820786652
3696,46339.54820385036
3697,46339.548203322774
3698,46339.548201088954
3699,46339.54821633737
3700,46339.54820935167
3701,46339.54820202615
3702,46339.54829491862
3703,46339.54821230649
3704,46339.548198910335
3705,46339.54820181362
3706,46339.54820039956
3707,46339.5482038246
3708,46339.54820962719
3709,46339.54820007455
3710,46339.548201936384
3711,46339.54821731558
3712,46339.54820701928
3713,46339.548203717946
3714,46339.54820358663
3715,46339.54820095169
3716,46339.54820569114
3717,46339.54820523046
3718,46339.548203628314
3719,46339.548207210624
3720,46339.5482056394
3721,46339.54821016343
3722,46339.548210891975
3723,46339.54819585296
3724,46311.80275976283
3725,46311.80275976283
3726,46311.80275976284
3727,46311.802759762824
3728,46311.80275976283
3729,46311.802759762824
3730,46311.80275976277
3731,46311.802759762846
3732,46311.80275976283
3733,46311.802754912744
3734,46311.80276118456
3735,46311.802761546576
3736,46311.80276000938
3737,46311.80276227102
3738,46311.80276433558
3739,46311.80275999397
3740,46311.80274915793
3741,46311.8027602276
3742,46311.8027560667
3743,46311.802764486114
3744,46311.802761026796
3745,46311.80275084472
3746,46311.80275987673
3747,46311.80275598284
3748,46311.80276897539
3749,46311.802760653234
3750,46311.802756496654
3751,46311.80284878898
3752,46311.80277009604
3753,46311.80275648323
3754,46311.802759200604
3755,46311.80275937598
3756,46311.80276029461
3757,46311.802768015936
3758,46311.802756370766
3759,46311.80275551057
3760,46311.80277265237
3761,46311.80275728168
3762,46311.80276557294
3763,46311.802765444634
3764,46311.80275435192
3765,46311.80275755962
3766,46311.8027619346
3767,46311.80276068533
3768,46311.802763974716
3769,46311.802764913795
3770,46311.80276582243
3771,46311.80276837615
3772,46311.80275423543
3773,46276.42887506041
3774,46276.42887506041
3775,46276.42887506041
3776,46276.428875060425
3777,46276.42887506042
3778,46276.42887506039
3779,46276.42887506039
3780,46276.42887506041
3781,46276.4288750604
3782,46276.42888214502
3783,46276.42888593661
3784,46276.428875366204
3785,46276.4288893348
3786,46276.428893295604
3787,46276.42885785186
3788,46276.42887571041
3789,46276.42886808618
3790,46276.4288752622
3791,46276.42887479688
3792,46276.42887662122
3793,46276.42887701583
3794,46276.42886379571
3795,46276.42888797341
3796,46276.42887172827
3797,46276.428862460874
3798,46276.42888822094
3799,46276.428893640805
3800,46276.42895306788
3801,46276.428884879184
3802,46276.42887112998
3803,46276.428875854595
3804,46276.4288787634
3805,46276.42887268342
3806,46276.42885795364
3807,46276.428875168516
3808,46276.42886836238
3809,46276.42888440039
3810,46276.42885338509
3811,46276.42886624598
3812,46276.42887474786
3813,46276.428882466265
3814,46276.428867219845
3815,46276.42887411991
3816,46276.42887540223
3817,46276.42889747864
3818,46276.42888539886
3819,46276.42887791613
3820,46276.428884255714
3821,46276.42886943873
3822,46276.114738030774
3823,46276.11473803077
3824,46276.11473803077
3825,46276.11473803076
3826,46276.114738030774
3827,46276.114738030774
3828,46276.11473803077
3829,46276.114738030774
3830,46276.114738030774
3831,46276.11471506622
3832,46276.114703785264
3833,46276.11473839528
3834,46276.11471118817
3835,46276.114756040195
3836,46276.114786627084
3837,46276.11469830284
3838,46276.11476488086
3839,46276.11474242175
3840,46276.11473921236
3841,46276.1147449853
3842,46276.11472019562
3843,46276.11474739257
3844,46276.114736824136
3845,46276.11472818212
3846,46276.11479241635
3847,46276.11476034881
3848,46276.11471173395
3849,46276.11478749378
3850,46276.11470956842
3851,46276.11473886434
3852,46276.11473648545
3853,46276.11474488046
3854,46276.11474389721
3855,46276.11472209671
3856,46276.11473376416
3857,46276.11473087473
3858,46276.114725198066
3859,46276.11474214179
3860,46276.11475568847
3861,46276.114750056746
3862,46276.11472693389
3863,46276.114716895216
3864,46276.11473745144
3865,46276.114743506216
3866,46276.11469502484
3867,46276.11474616672
3868,46276.11474518146
3869,46276.11471662635
3870,46276.114763502366
3871,46262.08478467619
3872,46262.084784676204
3873,46262.08478467621
3874,46262.084784676204
3875,46262.084784676204
3876,46262.084784676204
3877,46262.08478467621
3878,46262.08478467621
3879,46262.0847846762
3880,46262.08477656994
3881,46262.08477317245
3882,46262.08478506889
3883,46262.08477841979
3884,46262.08480268501
3885,46262.084800510456
3886,46262.08476557004
3887,46262.08479422405
3888,46262.0847869795
3889,46262.08478507991
3890,46262.08478897329
3891,46262.08477678124
3892,46262.0847834844
3893,46262.084790388486
3894,46262.08477784701
3895,46262.08480582913
3896,46262.08480224178
3897,46262.08478051391
3898,46262.08484832995
3899,46262.0847756935
3900,46262.084783232596
3901,46262.0847843693
3902,46262.08478993282
3903,46262.08478652366
3904,46262.08476842275
3905,46262.08478249407
3906,46262.08477756207
3907,46262.08478313378
3908,46262.084775963085
3909,46262.084789088105
3910,46262.08479066442
3911,46262.0847826281
3912,46262.084770217654
3913,46262.084783951424
3914,46262.084787619024
3915,46262.08477458806
3916,46262.08479406809
3917,46262.08478960722
3918,46262.084778813165
3919,46262.08479442235
3920,46247.02912736564
3921,46247.02912736567
3922,46247.02912736563
3923,46247.02912736566
3924,46247.029127365655
3925,46247.029127365655
3926,46247.02912736566
3927,46247.02912736564
3928,46247.029127365655
3929,46247.0291201044
3930,46247.02911732805
3931,46247.029127137896
3932,46247.02912357397
3933,46247.02914040302
3934,46247.02913525303
3935,46247.029111922144
3936,46247.02913619841
3937,46247.029128332215
3938,46247.02912863126
3939,46247.02913212228
3940,46247.02912073958
3941,46247.029124749024
3942,46247.02912783046
3943,46247.02912189489
3944,46247.02914030793
3945,46247.02913951595
3946,46247.02912706601
3947,46247.02919599269
3948,46247.02911802522
3949,46247.029125845555
3950,46247.02912748007
3951,46247.02913225148
3952,46247.02912938687
3953,46247.029116640166
3954,46247.02912596188
3955,46247.02912272828
3956,46247.02912310596
3957,46247.02912124244
3958,46247.02913297473
3959,46247.02913063598
3960,46247.02912235116
3961,46247.02911715603
3962,46247.02912581102
3963,46247.02913046749
3964,46247.02911906839
3965,46247.029136396835
3966,46247.02913217696
3967,46247.029119512656
3968,46247.029139695696
3969,46218.18900769814
3970,46218.18900769813
3971,46218.18900769815
3972,46218.189007698136
3973,46218.18900769814
3974,46218.189007698136
3975,46218.18900769816
3976,46218.18900769815
3977,46218.18900769814
3978,46218.18901502652
3979,46218.18901159923
3980,46218.189006376226
3981,46218.189010931026
3982,46218.189013895695
3983,46218.18900590177
3984,46218.189000609585
3985,46218.18901283725
3986,46218.18900594919
3987,46218.18900961354
3988,46218.18901172172
3989,46218.18900175034
3990,46218.18901270858
3991,46218.18899974163
3992,46218.18900425063
3993,46218.18900829808
3994,46218.18901154158
3995,46218.18901137694
3996,46218.18908741669
3997,46218.18900071384
3998,46218.18900650901
3999,46218.189009507536
4000,46218.18901379474
4001,46218.18901085776
4002,46218.18901158695
4003,46218.18900667774
4004,46218.18900682732
4005,46218.18899558483
4006,46218.18900365648
4007,46218.18901462446
4008,46218.18900814817
4009,46218.18899857498
4010,46218.189007058616
4011,46218.18900515557
4012,46218.18901099872
4013,46218.18900034351
4014,46218.189015608936
4015,46218.189010761176
4016,46218.18899534688
4017,46218.189026821885
4018,46220.9396154072
4019,46220.93961540721
4020,46220.93961540713
4021,46220.9396154072
4022,46220.939615407195
4023,46220.939615407195
4024,46220.93961540715
4025,46220.9396154072
4026,46220.93961540718
4027,46220.93956801326
4028,46220.939582794505
4029,46220.93961137908
4030,46220.93961129477
4031,46220.93960034225
4032,46220.93958525735
4033,46220.93962718158
4034,46220.93959997067
4035,46220.93961080919
4036,46220.93962436117
4037,46220.939622288715
4038,46220.93963011954
4039,46220.9395693906
4040,46220.9396081496
4041,46220.939615364456
4042,46220.93960062436
4043,46220.93960367046
4044,46220.9396315986
4045,46220.93970477805
4046,46220.93961901547
4047,46220.93960514076
4048,46220.93961370941
4049,46220.93960444035
4050,46220.939625643055
4051,46220.93961299755
4052,46220.93962736355
4053,46220.939617091404
4054,46220.939638926175
4055,46220.93965890684
4056,46220.93958598754
4057,46220.93960779324
4058,46220.93961054023
4059,46220.93963166987
4060,46220.93960825158
4061,46220.93961589541
4062,46220.939629957444
4063,46220.939608591696
4064,46220.93962218917
4065,46220.93963834799
4066,46220.93959983671
4067,46210.8214996256
4068,46210.82149962559
4069,46210.82149962559
4070,46210.8214996256
4071,46210.82149962559
4072,46210.8214996256
4073,46210.8214996256
4074,46210.82149962558
4075,46210.82149962559
4076,46210.82148177225
4077,46210.82148661814
4078,46210.821497029436
4079,46210.82149962847
4080,46210.82149586416
4081,46210.82148480263
4082,46210.8215012799
4083,46210.821495232754
4084,46210.82149647232
4085,46210.82150472786
4086,46210.82150488726
4087,46210.821503277846
4088,46210.82148091248
4089,46210.82149195249
4090,46210.82149780077
4091,46210.82149321259
4092,46210.82149617082
4093,46210.821508970745
4094,46210.82158411699
4095,46210.82149768708
4096,46210.82149417026
4097,46210.82149985792
4098,46210.82149789708
4099,46210.82150601804
4100,46210.821500685066
4101,46210.82150456941
4102,46210.82149991387
4103,46210.82150392798
4104,46210.82151745411
4105,46210.82148980659
4106,46210.82149630617
4107,46210.821492557836
4108,46210.82150698838
4109,46210.82149498893
4110,46210.82150161137
4111,46210.82150245927
4112,46210.82150070375
4113,46210.8215043709
4114,46210.82150342874
4115,46210.82150276023
4116,46201.75736687805
4117,46201.75736687803
4118,46201.757366878046
4119,46201.757366878046
4120,46201.75736687804
4121,46201.75736687804
4122,46201.75736687806
4123,46201.75736687804
4124,46201.75736687803
4125,46201.757360289725
4126,46201.75736554885
4127,46201.757364420744
4128,46201.757369194005
4129,46201.75736571184
4130,46201.75735664635
4131,46201.75736702829
4132,46201.75735990856
4133,46201.75736309481
4134,46201.757370924366
4135,46201.7573712638
4136,46201.757367699014
4137,46201.75735729042
4138,46201.757361329765
4139,46201.757364990604
4140,46201.757363207464
4141,46201.7573651091
4142,46201.75737154027
4143,46201.75745428244
4144,46201.757368770166
4145,46201.75736259599
4146,46201.75736778031
4147,46201.75736781719
4148,46201.75737362637
4149,46201.75736966957
4150,46201.75736993104
4151,46201.757367074424
4152,46201.75736531769
4153,46201.75737977983
4154,46201.757359126095
4155,46201.75736455509
4156,46201.757364507284
4157,46201.75737309779
4158,46201.757362921686
4159,46201.757369019695
4160,46201.7573659149
4161,46201.75737009649
4162,46201.757370572246
4163,46201.75736682338
4164,46201.757373069195
4165,46189.52680041267
4166,46189.52680041268
4167,46189.52680041268
4168,46189.52680041267
4169,46189.52680041268
4170,46189.526800412685
4171,46189.526800412685
4172,46189.526800412685
4173,46189.52680041267
4174,46189.526804297915
4175,46189.52680824893
4176,46189.52679832099
4177,46189.526804852554
4178,46189.526801274944
4179,46189.526796128164
4180,46189.52679792691
4181,46189.52679212116
4182,46189.52679699353
4183,46189.52680293573
4184,46189.526803422836
4185,46189.52679848002
4186,46189.52679897916
4187,46189.526798202474
4188,46189.526798077626
4189,46189.52680062662
4190,46189.526800222266
4191,46189.52679864854
4192,46189.52688587412
4193,46189.52680496753
4194,46189.52679639585
4195,46189.52680173628
4196,46189.526804044406
4197,46189.52680765229
4198,46189.52680586347
4199,46189.526801626576
4200,46189.52679924319
4201,46189.52679718697
4202,46189.52680660079
4203,46189.52679318843
4204,46189.5268003517
4205,46189.52680097649
4206,46189.52680449328
4207,46189.52679760931
4208,46189.526802430664
4209,46189.526797595514
4210,46189.52680426729
4211,46189.52680298929
4212,46189.52679969552
4213,46189.52680392023
4214,46172.1472922841
4215,46172.1472922841
4216,46172.147292284106
4217,46172.1472922841
4218,46172.14729228411
4219,46172.14729228407
4220,46172.147292284106
4221,46172.1472922841
4222,46172.147292284106
4223,46172.147302706086
4224,46172.14730523067
4225,46172.147290801724
4226,46172.14729806408
4227,46172.1472952166
4228,46172.14729532747
4229,46172.1472867956
4230,46172.1472864561
4231,46172.14728919511
4232,46172.14729306561
4233,46172.147293626105
4234,46172.14728757454
4235,46172.14729680343
4236,46172.14729463584
4237,46172.147289825705
4238,46172.14729827837
4239,46172.14729403242
4240,46172.14728255526
4241,46172.14737000262
4242,46172.147296020456
4243,46172.147287478896
4244,46172.147293481605
4245,46172.14729834253
4246,46172.14729982033
4247,46172.14729794661
4248,46172.14729203727
4249,46172.14728923635
4250,46172.14728968243
4251,46172.14729035075
4252,46172.14728562712
4253,46172.14729417914
4254,46172.14729512695
4255,46172.147292468464
4256,46172.14729093973
4257,46172.14729360491
4258,46172.1472880223
4259,46172.14729578477
4260,46172.14729396731
4261,46172.14729156456
4262,46172.147289758796
4263,46148.89721219711
4264,46148.8972121971
4265,46148.8972121971
4266,46148.89721219713
4267,46148.89721219715
4268,46148.89721219711
4269,46148.89721219713
4270,46148.8972121971
4271,46148.8972121971
4272,46148.89722584358
4273,46148.8972234064
4274,46148.89721115748
4275,46148.89721902152
4276,46148.89721382665
4277,46148.897217943544
4278,46148.897208783674
4279,46148.89721241723
4280,46148.897209431205
4281,46148.89721168562
4282,46148.8972112575
4283,46148.897206471884
4284,46148.89721848568
4285,46148.89721519865
4286,46148.897210382114
4287,46148.89721959896
4288,46148.897212830765
4289,46148.89719931397
4290,46148.897279735334
4291,46148.8972107462
4292,46148.89720555309
4293,46148.89721309586
4294,46148.89721918931
4295,46148.897219264196
4296,46148.89721898144
4297,46148.897211609874
4298,46148.89720749321
4299,46148.897211992255
4300,46148.897203879285
4301,46148.897205638204
4302,46148.89721476199
4303,46148.89721168239
4304,46148.89721057332
4305,46148.89721196347
4306,46148.89721198278
4307,46148.897209168324
4308,46148.897213711476
4309,46148.897212905445
4310,46148.89721220481
4311,46148.897204770146
4312,46140.191820048865
4313,46140.191820048865
4314,46140.191820048865
4315,46140.191820048865
4316,46140.191820048865
4317,46140.19182004889
4318,46140.191820048916
4319,46140.19182004889
4320,46140.19182004887
4321,46140.19177034
4322,46140.19180768303
4323,46140.19182091981
4324,46140.19179105338
4325,46140.191824777095
4326,46140.19187126232
4327,46140.1918085526
4328,46140.191804969494
4329,46140.19181073114
4330,46140.191814381935
4331,46140.1918240278
4332,46140.19181077046
4333,46140.19181178023
4334,46140.19182969254
4335,46140.191819552405
4336,46140.19188060295
4337,46140.191831695
4338,46140.191767777316
4339,46140.191903636965
4340,46140.191835979655
4341,46140.19181510556
4342,46140.19181734575
4343,46140.191817719824
4344,46140.19183201729
4345,46140.191803898844
4346,46140.19181165548
4347,46140.19181830508
4348,46140.19182118493
4349,46140.19183892264
4350,46140.19182612901
4351,46140.191817802035
4352,46140.19184856518
4353,46140.19180574556
4354,46140.19182484957
4355,46140.191818123385
4356,46140.19178487081
4357,46140.19183134227
4358,46140.191826891714
4359,46140.19182138481
4360,46140.19181812386
4361,46104.57832582006
4362,46104.57832582006
4363,46104.578325820046
4364,46104.57832582006
4365,46104.57832582005
4366,46104.57832582006
4367,46104.57832582005
4368,46104.57832582008
4369,46104.57832582007
4370,46104.57831679392
4371,46104.57832227071
4372,46104.57832558408
4373,46104.57832212605
4374,46104.578324620874
4375,46104.57834053039
4376,46104.578328313786
4377,46104.578326568044
4378,46104.57832149784
4379,46104.57832266548
4380,46104.57832375074
4381,46104.578320834924
4382,46104.578322522204
4383,46104.57832691357
4384,46104.578326286166
4385,46104.57834328057
4386,46104.57832686
4387,46104.57830602661
4388,46104.578393369346
4389,46104.57832332234
4390,46104.57831805347
4391,46104.57832586228
4392,46104.57832853992
4393,46104.57833165509
4394,46104.57832439392
4395,46104.5783226867
4396,46104.57832168002
4397,46104.578327737676
4398,46104.57832241631
4399,46104.57832603806
4400,46104.57832589927
4401,46104.57832785393
4402,46104.5783206449
4403,46104.57832786081
4404,46104.57832261533
4405,46104.578317665924
4406,46104.5783280416
4407,46104.57832738624
4408,46104.57832602332
4409,46104.57832010508
4410,46090.100392134496
4411,46090.100392134496
4412,46090.100392134496
4413,46090.10039213449
4414,46090.10039213448
4415,46090.10039213451
4416,46090.100392134496
4417,46090.10039213449
4418,46090.10039213449
4419,46090.10039049616
4420,46090.100386069054
4421,46090.10039134163
4422,46090.100393823406
4423,46090.10038761114
4424,46090.10039346685
4425,46090.10040117834
4426,46090.100398110306
4427,46090.10038956201
4428,46090.10039000643
4429,46090.10038805828
4430,46090.100389522144
4431,46090.10038799627
4432,46090.100387510516
4433,46090.10039351684
4434,46090.10039420835
4435,46090.10038923605
4436,46090.10038566747
4437,46090.100456747474
4438,46090.100382125456
4439,46090.10038391031
4440,46090.10039340948
4441,46090.10039489175
4442,46090.10039512012
4443,46090.10039337283
4444,46090.10039040426
4445,46090.10038830225
4446,46090.10039255174
4447,46090.10038515941
4448,46090.100392372246
4449,46090.100391950946
4450,46090.1003841748
4451,46090.100390478794
4452,46090.100393026056
4453,46090.1003880994
4454,46090.1003915207
4455,46090.100391538515
4456,46090.100392024746
4457,46090.10039029105
4458,46090.100389441905
4459,46076.11093728499
4460,46076.110937285004
4461,46076.110937285004
4462,46076.110937285
4463,46076.110937284975
4464,46076.11093728498
4465,46076.11093728501
4466,46076.110937284975
4467,46076.11093728501
4468,46076.11094043674
4469,46076.110936398036
4470,46076.11093593737
4471,46076.110948989655
4472,46076.110935180346
4473,46076.11091594193
4474,46076.1109582663
4475,46076.1109344851
4476,46076.11093532142
4477,46076.11093571115
4478,46076.11093080027
4479,46076.1109410247
4480,46076.1109248553
4481,46076.110933795586
4482,46076.110940935934
4483,46076.11091644446
4484,46076.110935287106
4485,46076.11095171123
4486,46076.11101107807
4487,46076.11093269225
4488,46076.11092877784
4489,46076.11094030128
4490,46076.110938688755
4491,46076.110935411445
4492,46076.11093164378
4493,46076.11093654888
4494,46076.11093396855
4495,46076.110939239305
4496,46076.11092600643
4497,46076.11093233063
4498,46076.11093480146
4499,46076.1109313868
4500,46076.11093927442
4501,46076.11093719866
4502,46076.11093139114
4503,46076.1109533705
4504,46076.11093559412
4505,46076.11093534905
4506,46076.11093872967
4507,46076.110934052514
4508,46069.02885992694
4509,46069.028859926904
4510,46069.028859926904
4511,46069.0288599269
4512,46069.02885992691
4513,46069.02885992689
4514,46069.028859926926
4515,46069.02885992691
4516,46069.028859926904
4517,46069.028851218296
4518,46069.02883332701
4519,46069.028858307494
4520,46069.02885180849
4521,46069.02885327602
4522,46069.02885795859
4523,46069.02886712251
4524,46069.02887124923
4525,46069.028860133476
4526,46069.02885920454
4527,46069.028855803845
4528,46069.028858809645
4529,46069.028861728824
4530,46069.028845995126
4531,46069.028862578554
4532,46069.02885859367
4533,46069.02885804821
4534,46069.0288642249
4535,46069.02893037272
4536,46069.02883709528
4537,46069.02885470208
4538,46069.028863060135
4539,46069.02885903147
4540,46069.02885983618
4541,46069.02885639627
4542,46069.02885715143
4543,46069.02886069552
4544,46069.02884914228
4545,46069.028866510635
4546,46069.02886447607
4547,46069.02885912702
4548,46069.028843244865
4549,46069.02886067691
4550,46069.02885931568
4551,46069.02885552758
4552,46069.02885030807
4553,46069.02885640753
4554,46069.0288595702
4555,46069.028845306755
4556,46069.028872924966
4557,46057.515750072555
4558,46057.51575007253
4559,46057.51575007253
4560,46057.51575007255
4561,46057.51575007256
4562,46057.515750072555
4563,46057.51575007256
4564,46057.515750072555
4565,46057.51575007256
4566,46057.51574758875
4567,46057.515738348884
4568,46057.515748725185
4569,46057.51574875865
4570,46057.515748093414
4571,46057.51574284646
4572,46057.515758627815
4573,46057.51574833688
4574,46057.5157494849
4575,46057.51574816596
4576,46057.5157455646
4577,46057.51575038645
4578,46057.51574907516
4579,46057.5157432305
4580,46057.51575292686
4581,46057.515743480624
4582,46057.5157514688
4583,46057.515756502755
4584,46057.51582987392
4585,46057.515740704905
4586,46057.5157453977
4587,46057.51575371633
4588,46057.51575035556
4589,46057.51574895704
4590,46057.51574383867
4591,46057.51574593227
4592,46057.515749867
4593,46057.515741691124
4594,46057.515750332626
4595,46057.51575181359
4596,46057.51574931037
4597,46057.5157440524
4598,46057.51574966772
4599,46057.51575023681
4600,46057.51574550162
4601,46057.515748269194
4602,46057.51574894102
4603,46057.5157494014
4604,46057.51574000438
4605,46057.51575791198
4606,46042.47778535991
4607,46042.477785359915
4608,46042.477785359915
4609,46042.47778535992
4610,46042.47778535992
4611,46042.477785359915
4612,46042.477785359915
4613,46042.47778535991
4614,46042.477785359915
4615,46042.477781859394
4616,46042.47778221609
4617,46042.47778431936
4618,46042.477784124116
4619,46042.47778536833
4620,46042.47777735636
4621,46042.47779187546
4622,46042.47776672946
4623,46042.47778364583
4624,46042.47778211266
4625,46042.47778170472
4626,46042.477787072086
4627,46042.47778128983
4628,46042.47778596221
4629,46042.47778829525
4630,46042.477779993984
4631,46042.477789238175
4632,46042.47778893876
4633,46042.477876994126
4634,46042.47779212708
4635,46042.47778228774
4636,46042.47778904684
4637,46042.47778473642
4638,46042.47778447316
4639,46042.47777915339
4640,46042.47777870169
4641,46042.47778498021
4642,46042.47778315013
4643,46042.47778801887
4644,46042.47778006695
4645,46042.47778464637
4646,46042.47779077172
4647,46042.47778499814
4648,46042.4777866056
4649,46042.477780606874
4650,46042.4777887466
4651,46042.477785726085
4652,46042.47778563493
4653,46042.47778367185
4654,46042.47778411202
4655,46031.024487660485
4656,46031.02448766047
4657,46031.02448766047
4658,46031.02448766048
4659,46031.02448766049
4660,46031.02448766049
4661,46031.0244876605
4662,46031.02448766047
4663,46031.0244876605
4664,46031.02450223165
4665,46031.02450257258
4666,46031.024487201226
4667,46031.02448858294
4668,46031.02449337963
4669,46031.02449135447
4670,46031.02448268285
4671,46031.024471960875
4672,46031.02448646121
4673,46031.02448258222
4674,46031.02448354024
4675,46031.02448505948
4676,46031.0244972956
4677,46031.02449315916
4678,46031.02448912387
4679,46031.02449083756
4680,46031.02449698503
4681,46031.02448220068
4682,46031.02457739742
4683,46031.02449298122
4684,46031.02448775837
4685,46031.02449222887
4686,46031.02449163217
4687,46031.02448663924
4688,46031.024483997055
4689,46031.02447698692
4690,46031.02448682659
4691,46031.02447745206
4692,46031.02447889699
4693,46031.02449152429
4694,46031.02449199546
4695,46031.02449699551
4696,46031.0244828658
4697,46031.02449024093
4698,46031.02448417307
4699,46031.02448321184
4700,46031.02448882644
4701,46031.02448758746
4702,46031.02447649306
4703,46031.024490496115
4704,46022.81186765565
4705,46022.811867655626
4706,46022.811867655626
4707,46022.81186765564
4708,46022.811867655626
4709,46022.81186765563
4710,46022.811867655626
4711,46022.81186765564
4712,46022.81186765564
4713,46022.811847318066
4714,46022.81185802434
4715,46022.81186645629
4716,46022.81185099468
4717,46022.81186567707
4718,46022.811874655
4719,46022.811863453084
4720,46022.81185285669
4721,46022.81186512997
4722,46022.81186530903
4723,46022.81186688949
4724,46022.811869268975
4725,46022.811864438794
4726,46022.81187324608
4727,46022.81186894438
4728,46022.811881815025
4729,46022.811874477506
4730,46022.81185873164
4731,46022.81195008503
4732,46022.81187055687
4733,46022.8118687633
4734,46022.81187093954
4735,46022.811862834526
4736,46022.8118691816
4737,46022.811864932366
4738,46022.811858654815
4739,46022.81186886723
4740,46022.81187690966
4741,46022.811887317825
4742,46022.81185425684
4743,46022.811870600824
4744,46022.811871392274
4745,46022.81187278104
4746,46022.811868447934
4747,46022.81186332447
4748,46022.81186642482
4749,46022.81186083561
4750,46022.811870644684
4751,46022.811874534644
4752,46022.81185711869
4753,46016.01221059559
4754,46016.01221059558
4755,46016.01221059558
4756,46016.012210595625
4757,46016.01221059559
4758,46016.012210595625
4759,46016.01221059561
4760,46016.012210595625
4761,46016.01221059559
4762,46016.01221642992
4763,46016.012221391924
4764,46016.01220940426
4765,46016.01221023711
4766,46016.01221151142
4767,46016.01220818705
4768,46016.01220725919
4769,46016.01220129451
4770,46016.012210222456
4771,46016.01220816454
4772,46016.01220725254
4773,46016.01221159737
4774,46016.01221271071
4775,46016.01221624616
4776,46016.012211413276
4777,46016.012210304
4778,46016.01221669286
4779,46016.012210171364
4780,46016.01228855262
4781,46016.01221002462
4782,46016.01221144963
4783,46016.01221498322
4784,46016.012211900095
4785,46016.01220994759
4786,46016.01221168776
4787,46016.01220188331
4788,46016.01220926435
4789,46016.01221374128
4790,46016.01220947404
4791,46016.01220498685
4792,46016.01221662104
4793,46016.01221089848
4794,46016.01221358846
4795,46016.01221118876
4796,46016.012206963205
4797,46016.01221516925
4798,46016.01220449477
4799,46016.01221140088
4800,46016.012210689594
4801,46016.01220370641
4802,46011.327434829764
4803,46011.327434829764
4804,46011.327434829764
4805,46011.32743482976
4806,46011.32743482976
4807,46011.32743482976
4808,46011.32743482977
4809,46011.32743482976
4810,46011.327434829764
4811,46011.327445663315
4812,46011.32744965557
4813,46011.3274336539
4814,46011.32743688388
4815,46011.32743507235
4816,46011.327433795144
4817,46011.32743007933
4818,46011.32743476056
4819,46011.327434416155
4820,46011.32743283926
4821,46011.32743106983
4822,46011.32743464838
4823,46011.32744020614
4824,46011.32743803032
4825,46011.32743521097
4826,46011.327433742
4827,46011.32743970403
4828,46011.32743439054
4829,46011.32750626325
4830,46011.327427160635
4831,46011.32743624594
4832,46011.32743937341
4833,46011.327438056396
4834,46011.32743360805
4835,46011.32743730305
4836,46011.32742607963
4837,46011.327433297854
4838,46011.32743306809
4839,46011.327426973876
4840,46011.32743648108
4841,46011.32744107587
4842,46011.32743096004
4843,46011.327436093234
4844,46011.3274350374
4845,46011.32743167289
4846,46011.32743686462
4847,46011.3274300196
4848,46011.32743517276
4849,46011.32742913426
4850,46011.32743381504
4851,46004.34688963112
4852,46004.34688963111
4853,46004.34688963111
4854,46004.34688963113
4855,46004.34688963112
4856,46004.34688963111
4857,46004.34688963111
4858,46004.3468896311
4859,46004.34688963112
4860,46004.34689552504
4861,46004.34690320145
4862,46004.346888362285
4863,46004.34689203889
4864,46004.346886361076
4865,46004.34688723226
4866,46004.34688602908
4867,46004.34689656995
4868,46004.34688782776
4869,46004.34688900775
4870,46004.34688654184
4871,46004.34688965652
4872,46004.34689220898
4873,46004.346889681074
4874,46004.34688977167
4875,46004.34688676207
4876,46004.34689093237
4877,46004.34689041931
4878,46004.346955575624
4879,46004.34687802143
4880,46004.346891669105
4881,46004.34689365191
4882,46004.3468929185
4883,46004.34688802286
4884,46004.34689306182
4885,46004.34688150005
4886,46004.34688817426
4887,46004.34688693937
4888,46004.34687936436
4889,46004.34689506569
4890,46004.34689295738
4891,46004.34688213139
4892,46004.34688970853
4893,46004.34688883799
4894,46004.346886755084
4895,46004.346892153815
4896,46004.34688824031
4897,46004.34689041819
4898,46004.34688341942
4899,46004.34689269301
4900,45992.32202280502
4901,45992.32202280504
4902,45992.32202280505
4903,45992.322022805034
4904,45992.32202280501
4905,45992.32202280502
4906,45992.32202280502
4907,45992.32202280502
4908,45992.32202280502
4909,45992.322032261196
4910,45992.322032086544
4911,45992.32202121101
4912,45992.32202930961
4913,45992.322016339196
4914,45992.32201144741
4915,45992.32202089508
4916,45992.32203952962
4917,45992.322019565814
4918,45992.32202552131
4919,45992.322020407446
4920,45992.322023956986
4921,45992.32202986882
4922,45992.32201897693
4923,45992.32202340504
4924,45992.32201196862
4925,45992.32201956252
4926,45992.32203175239
4927,45992.322082263374
4928,45992.32200495551
4929,45992.32202579554
4930,45992.322025573674
4931,45992.32202677158
4932,45992.32202026609
4933,45992.32202820323
4934,45992.32201658808
4935,45992.32202208603
4936,45992.32201812478
4937,45992.32200934753
4938,45992.322025444984
4939,45992.322020359265
4940,45992.32200917028
4941,45992.32202274943
4942,45992.32201959623
4943,45992.3220202917
4944,45992.32202885878
4945,45992.3220253551
4946,45992.322024185225
4947,45992.32201611806
4948,45992.32202891818
4949,45978.69985333731
4950,45978.69985333729
4951,45978.69985333729
4952,45978.699853337275
4953,45978.699853337304
4954,45978.69985333728
4955,45978.6998533373
4956,45978.69985333728
4957,45978.69985333728
4958,45978.69982537753
4959,45978.69984029964
4960,45978.69985233408
4961,45978.69983703075
4962,45978.69984831557
4963,45978.69987436164
4964,45978.699838796885
4965,45978.69986907732
4966,45978.69984533965
4967,45978.69985834439
4968,45978.699857883126
4969,45978.69985132632
4970,45978.69985484922
4971,45978.699853199534
4972,45978.699850218014
4973,45978.69987747963
4974,45978.69985599055
4975,45978.69984130531
4976,45978.69991715949
4977,45978.699840226815
4978,45978.69985832668
4979,45978.69985269491
4980,45978.69985301941
4981,45978.69985509907
4982,45978.69984504965
4983,45978.69984760818
4984,45978.69985494664
4985,45978.699847092066
4986,45978.699855518025
4987,45978.69986408961
4988,45978.69984665312
4989,45978.699852568774
4990,45978.69984209054
4991,45978.6998488772
4992,45978.69985327299
4993,45978.69983873081
4994,45978.699867438074
4995,45978.69985974468
4996,45978.69984687682
4997,45978.6998699632
4998,45963.66449855883
4999,45963.664498558814
5000,45963.66449855883
5001,45963.66449855882
5002,45963.66449855884
5003,45963.66449855884
5004,45963.664498558835
5005,45963.664498558835
5006,45963.66449855884
5007,45963.66448210173
5008,45963.66448504493
5009,45963.66449683897
5010,45963.66449163608
5011,45963.66449287301
5012,45963.664496381636
5013,45963.66449309871
5014,45963.664508612055
5015,45963.66449151442
5016,45963.66450691691
5017,45963.664502045765
5018,45963.6645015181
5019,45963.664500076266
5020,45963.66449924429
5021,45963.66449812267
5022,45963.66450249982
5023,45963.664498531136
5024,45963.664504760476
5025,45963.664567906926
5026,45963.66448840277
5027,45963.664502898486
5028,45963.66449714713
5029,45963.66449729987
5030,45963.66449798052
5031,45963.66449258875
5032,45963.664495996025
5033,45963.66450124932
5034,45963.66449852664
5035,45963.664502014464
5036,45963.66449301829
5037,45963.664488751136
5038,45963.66449409052
5039,45963.664495743215
5040,45963.664491562384
5041,45963.66449738294
5042,45963.66449943769
5043,45963.664508135276
5044,45963.66450451752
5045,45963.66450022964
5046,45963.66450629248
5047,45952.849484235434
5048,45952.84948423545
5049,45952.84948423545
5050,45952.849484235434
5051,45952.84948423545
5052,45952.849484235434
5053,45952.84948423545
5054,45952.849484235434
5055,45952.84948423545
5056,45952.84947923824
5057,45952.84947466251
5058,45952.849482343605
5059,45952.8494798209
5060,45952.84948031194
5061,45952.8494768259
5062,45952.849480242665
5063,45952.84948135015
5064,45952.84947943688
5065,45952.84949312893
5066,45952.84948737947
5067,45952.84948859416
5068,45952.8494863016
5069,45952.84948774594
5070,45952.849484948
5071,45952.849483061356
5072,45952.84948540454
5073,45952.849494501126
5074,45952.84956793468
5075,45952.849482301004
5076,45952.84948829319
5077,45952.84948225202
5078,45952.84948272443
5079,45952.84948315358
5080,45952.849480075274
5081,45952.84948220392
5082,45952.84948817433
5083,45952.84948502336
5084,45952.84948946156
5085,45952.84947344816
5086,45952.84947659112
5087,45952.84948293366
5088,45952.84948579518
5089,45952.84947690595
5090,45952.84948286733
5091,45952.849487701984
5092,45952.84949011263
5093,45952.84949011518
5094,45952.84948820022
5095,45952.84948789194
5096,45941.24328237811
5097,45941.243282378106
5098,45941.2432823781
5099,45941.24328237811
5100,45941.24328237811
5101,45941.24328237811
5102,45941.24328237811
5103,45941.24328237811
5104,45941.243282378106
5105,45941.24328036066
5106,45941.243277318266
5107,45941.24328033418
5108,45941.24327840092
5109,45941.24327887088
5110,45941.2432748559
5111,45941.243280926145
5112,45941.24327156728
5113,45941.24327954154
5114,45941.24329222047
5115,45941.243285356504
5116,45941.243287984515
5117,45941.24327934616
5118,45941.243287552265
5119,45941.24328406292
5120,45941.24328022744
5121,45941.24328371855
5122,45941.24329151021
5123,45941.24337638563
5124,45941.243284780314
5125,45941.24328586874
5126,45941.243279196184
5127,45941.24328007368
5128,45941.2432811129
5129,45941.24327936799
5130,45941.2432815337
5131,45941.24328773547
5132,45941.24328459233
5133,45941.24328834612
5134,45941.24327293835
5135,45941.243277181835
5136,45941.24328236227
5137,45941.243288331774
5138,45941.24327448189
5139,45941.243280754024
5140,45941.24328627346
5141,45941.243283588105
5142,45941.24328838342
5143,45941.24328860769
5144,45941.243283040516
5145,45922.67972108777
5146,45922.6797210878
5147,45922.6797210878
5148,45922.6797210878
5149,45922.67972108778
5150,45922.679721087785
5151,45922.679721087785
5152,45922.67972108777
5153,45922.67972108778
5154,45922.67972040963
5155,45922.679704804126
5156,45922.67971950989
5157,45922.67970356801
5158,45922.679715582744
5159,45922.679740309584
5160,45922.67971094559
5161,45922.67971695329
5162,45922.67972333298
5163,45922.67973065338
5164,45922.67972510181
5165,45922.679722952715
5166,45922.6797300072
5167,45922.67972074711
5168,45922.67972188625
5169,45922.67974197803
5170,45922.679721757595
5171,45922.67970818381
5172,45922.67981840439
5173,45922.67971277142
5174,45922.67972438682
5175,45922.67971511946
5176,45922.67971756744
5177,45922.67972314764
5178,45922.67972424392
5179,45922.679720399254
5180,45922.67972996424
5181,45922.679716202736
5182,45922.67973282696
5183,45922.679724518995
5184,45922.67972131554
5185,45922.679714702776
5186,45922.67972745809
5187,45922.679713878504
5188,45922.67972025244
5189,45922.679704140355
5190,45922.67971473284
5191,45922.679728143885
5192,45922.679718677435
5193,45922.67972378352
5194,45939.42254739021
5195,45939.422547390226
5196,45939.42254739022
5197,45939.42254739024
5198,45939.42254739021
5199,45939.42254739022
5200,45939.42254739022
5201,45939.422547390204
5202,45939.42254739021
5203,45939.42259402493
5204,45939.42258603434
5205,45939.42254589006
5206,45939.422583043124
5207,45939.422554198245
5208,45939.422502279915
5209,45939.42257819889
5210,45939.422485745155
5211,45939.422560497784
5212,45939.42255354499
5213,45939.422543579654
5214,45939.42255944339
5215,45939.422517451225
5216,45939.42255433022
5217,45939.422554087694
5218,45939.42249603875
5219,45939.422542954846
5220,45939.42257372613
5221,45939.42268228964
5222,45939.42258538183
5223,45939.42254174127
5224,45939.42253901757
5225,45939.42255338823
5226,45939.42254154086
5227,45939.42255952835
5228,45939.42254946653
5229,45939.42254910076
5230,45939.42255581323
5231,45939.42251104005
5232,45939.42255183634
5233,45939.42255887986
5234,45939.42255107733
5235,45939.422556948484
5236,45939.42254309633
5237,45939.422544311135
5238,45939.422574728014
5239,45939.42253739984
5240,45939.422552293225
5241,45939.42256560118
5242,45939.42252384197
5243,45911.7476065982
5244,45911.747606598205
5245,45911.747606598205
5246,45911.747606598205
5247,45911.7476065982
5248,45911.747606598205
5249,45911.7476065982
5250,45911.74760659819
5251,45911.7476065982
5252,45911.74762355003
5253,45911.747611003404
5254,45911.74760508336
5255,45911.74760976753
5256,45911.74760553401
5257,45911.74760086786
5258,45911.7476124003
5259,45911.74758053757
5260,45911.74761301258
5261,45911.74761492297
5262,45911.7476075138
5263,45911.74761236623
5264,45911.74760048629
5265,45911.74760895299
5266,45911.74760970654
5267,45911.74759964207
5268,45911.747605158875
5269,45911.747608858925
5270,45911.747718626255
5271,45911.74761603605
5272,45911.74760631383
5273,45911.7475996945
5274,45911.747606617195
5275,45911.74760559194
5276,45911.74761317296
5277,45911.74760720766
5278,45911.747612561856
5279,45911.747607329016
5280,45911.747600147384
5281,45911.74761001522
5282,45911.74761072984
5283,45911.74760386905
5284,45911.74761433119
5285,45911.747600450006
5286,45911.747604831085
5287,45911.747607328216
5288,45911.74759887088
5289,45911.747612708525
5290,45911.74761274792
5291,45911.74759886663
5292,45901.49349354993
5293,45901.49349354995
5294,45901.493493549875
5295,45901.49349354991
5296,45901.493493549875
5297,45901.493493549926
5298,45901.49349354989
5299,45901.49349354994
5300,45901.49349354993
5301,45901.49350422942
5302,45901.49348775372
5303,45901.49349234303
5304,45901.49349231488
5305,45901.49349151917
5306,45901.49349623684
5307,45901.49349964569
5308,45901.49348380828
5309,45901.49349955074
5310,45901.49350267927
5311,45901.49349478502
5312,45901.493498193886
5313,45901.49349633758
5314,45901.49349001991
5315,45901.49349678933
5316,45901.49349486839
5317,45901.49349061957
5318,45901.493488765496
5319,45901.4935935151
5320,45901.493489240376
5321,45901.493493230504
5322,45901.49348488302
5323,45901.49349307743
5324,45901.49349352898
5325,45901.49349903305
5326,45901.49349508902
5327,45901.49350085971
5328,45901.493490118155
5329,45901.49348656955
5330,45901.49350174537
5331,45901.493494857714
5332,45901.49348352778
5333,45901.49349905615
5334,45901.49348700866
5335,45901.49349170787
5336,45901.49348661647
5337,45901.49348571369
5338,45901.49350022778
5339,45901.49349479463
5340,45901.49348892286
5341,45889.66060304004
5342,45889.66060304006
5343,45889.660603040065
5344,45889.66060304004
5345,45889.66060304004
5346,45889.66060304006
5347,45889.66060304005
5348,45889.66060304006
5349,45889.66060304004
5350,45889.66060248698
5351,45889.660588864885
5352,45889.66060222528
5353,45889.660599186536
5354,45889.660601708216
5355,45889.6606095101
5356,45889.66061242492
5357,45889.660603206066
5358,45889.66060707823
5359,45889.66061150261
5360,45889.66060422935
5361,45889.66060725851
5362,45889.66061053666
5363,45889.66059654864
5364,45889.66060659468
5365,45889.660609825245
5366,45889.660600021045
5367,45889.66059372543
5368,45889.6606921485
5369,45889.66059181032
5370,45889.66060243651
5371,45889.6605935238
5372,45889.66060168188
5373,45889.66060352314
5374,45889.66060389154
5375,45889.66060442948
5376,45889.6606104138
5377,45889.660599216164
5378,45889.660596146525
5379,45889.66061075009
5380,45889.66060032642
5381,45889.660590692736
5382,45889.66060539982
5383,45889.6605970936
5384,45889.66060057678
5385,45889.6605939109
5386,45889.66059723688
5387,45889.660610101535
5388,45889.66060419255
5389,45889.66059871267
5390,45871.233297565785
5391,45871.2332975658
5392,45871.23329756579
5393,45871.23329756577
5394,45871.23329756581
5395,45871.2332975658
5396,45871.233297565785
5397,45871.23329756579
5398,45871.23329756579
5399,45871.23332425665
5400,45871.23330494258
5401,45871.233297998704
5402,45871.23330725501
5403,45871.23330559986
5404,45871.23330307326
5405,45871.23330469819
5406,45871.23331643104
5407,45871.233300332424
5408,45871.233303539324
5409,45871.23329638958
5410,45871.233300262815
5411,45871.233325684225
5412,45871.233291414035
5413,45871.233301804656
5414,45871.23330117532
5415,45871.23329927688
5416,45871.233287560346
5417,45871.23337311878
5418,45871.23327406361
5419,45871.233298001534
5420,45871.233287527146
5421,45871.23330345035
5422,45871.23329782664
5423,45871.233291774326
5424,45871.233296535946
5425,45871.23330342027
5426,45871.2332766491
5427,45871.23326424656
5428,45871.23331525503
5429,45871.23329172022
5430,45871.23328768645
5431,45871.23329066856
5432,45871.233293587626
5433,45871.23329505682
5434,45871.233282198744
5435,45871.233297550636
5436,45871.233304187364
5437,45871.23328098239
5438,45871.2333026581
5439,45843.148059449275
5440,45843.1480594493
5441,45843.148059449275
5442,45843.14805944928
5443,45843.148059449275
5444,45843.14805944928
5445,45843.14805944928
5446,45843.14805944928
5447,45843.14805944928
5448,45843.148022501424
5449,45843.14802592624
5450,45843.14806021007
5451,45843.14804335794
5452,45843.14806090384
5453,45843.148076067286
5454,45843.14807070435
5455,45843.14807682501
5456,45843.14805736037
5457,45843.14806465072
5458,45843.14806170994
5459,45843.14806174499
5460,45843.1480789419
5461,45843.14805712783
5462,45843.14806473463
5463,45843.14808598455
5464,45843.14805931804
5465,45843.14803532841
5466,45843.14812581176
5467,45843.14803891133
5468,45843.14806099404
5469,45843.14804760905
5470,45843.14805302539
5471,45843.148060879634
5472,45843.14803732923
5473,45843.148057269864
5474,45843.14806791408
5475,45843.148056616745
5476,45843.14805849239
5477,45843.14805233106
5478,45843.14804308761
5479,45843.148056757316
5480,45843.14805165218
5481,45843.14805611287
5482,45843.14805412685
5483,45843.14804598554
5484,45843.14805957403
5485,45843.148068301256
5486,45843.14806352509
5487,45843.14805207023
5488,45805.97939967298
5489,45805.97939967298
5490,45805.979399672964
5491,45805.97939967297
5492,45805.979399672964
5493,45805.979399672964
5494,45805.979399672964
5495,45805.97939967298
5496,45805.97939967298
5497,45805.97938692727
5498,45805.9793996522
5499,45805.97940128723
5500,45805.97940832679
5501,45805.97940790187
5502,45805.979387081105
5503,45805.97941544129
5504,45805.97939622852
5505,45805.979397882475
5506,45805.979401118006
5507,45805.97939929866
5508,45805.97940379983
5509,45805.97940832904
5510,45805.97940985374
5511,45805.97940615863
5512,45805.979397269824
5513,45805.97940076208
5514,45805.97939556439
5515,45805.97947294014
5516,45805.979400406584
5517,45805.979400527496
5518,45805.97938980955
5519,45805.97940026956
5520,45805.9793976437
5521,45805.9793736612
5522,45805.97939436841
5523,45805.97940231266
5524,45805.97939649276
5525,45805.97937551247
5526,45805.979387106345
5527,45805.979384982806
5528,45805.97941328139
5529,45805.97938494702
5530,45805.979398975614
5531,45805.979393827765
5532,45805.979403708734
5533,45805.97940763396
5534,45805.97940795189
5535,45805.97940670211
5536,45805.97938854379
5537,45765.170595656055
5538,45765.17059565613
5539,45765.17059565612
5540,45765.170595656105
5541,45765.17059565612
5542,45765.17059565606
5543,45765.17059565612
5544,45765.17059565607
5545,45765.17059565606
5546,45765.17059977504
5547,45765.170611730886
5548,45765.17059776806
5549,45765.17059690196
5550,45765.170600868085
5551,45765.17058337719
5552,45765.17059514151
5553,45765.17055211833
5554,45765.17060742035
5555,45765.17059286293
5556,45765.17059705243
5557,45765.170597342774
5558,45765.170591729
5559,45765.170629979526
5560,45765.17060321369
5561,45765.17059521738
5562,45765.170597935044
5563,45765.1705883727
5564,45765.170699862574
5565,45765.17062528067
5566,45765.17060064738
5567,45765.17058655346
5568,45765.170593120754
5569,45765.17059312911
5570,45765.1705671954
5571,45765.1705855422
5572,45765.17060040332
5573,45765.17059410465
5574,45765.17057952896
5575,45765.17057204822
5576,45765.170594324096
5577,45765.17064409278
5578,45765.17058109331
5579,45765.17059843945
5580,45765.17058887463
5581,45765.170594427625
5582,45765.17059480864
5583,45765.17060451207
5584,45765.17060039538
5585,45765.17057567269
5586,45701.80465205825
5587,45701.80465205826
5588,45701.80465205826
5589,45701.804652058265
5590,45701.80465205826
5591,45701.80465205826
5592,45701.804652058265
5593,45701.80465205826
5594,45701.80465205825
5595,45701.80468589399
5596,45701.80469712996
5597,45701.804655705746
5598,45701.80466350874
5599,45701.80464906807
5600,45701.80465489246
5601,45701.80465871125
5602,45701.80459054996
5603,45701.804657722234
5604,45701.804641122704
5605,45701.804653807194
5606,45701.80465058548
5607,45701.80463219622
5608,45701.804664261756
5609,45701.80465212531
5610,45701.804648593214
5611,45701.80463669075
5612,45701.80464115042
5613,45701.80477953338
5614,45701.80469675815
5615,45701.804656126435
5616,45701.80464818526
5617,45701.80465824649
5618,45701.80465277382
5619,45701.80466237645
5620,45701.804634738124
5621,45701.8046480496
5622,45701.804640468596
5623,45701.8046224375
5624,45701.804668231794
5625,45701.80466219636
5626,45701.804692329075
5627,45701.804629808306
5628,45701.80466029474
5629,45701.804650058715
5630,45701.80463946767
5631,45701.80466806052
5632,45701.80465936773
5633,45701.80464630409
5634,45701.80466291658
5635,45844.29809770147
5636,45844.29809770146
5637,45844.29809770148
5638,45844.29809770146
5639,45844.29809770145
5640,45844.298097701474
5641,45844.29809770146
5642,45844.29809770147
5643,45844.29809770147
5644,45844.298188865716
5645,45844.298125782254
5646,45844.298093741454
5647,45844.2982084832
5648,45844.29804684004
5649,45844.29785233854
5650,45844.29821174727
5651,45844.298122110275
5652,45844.29810207096
5653,45844.29810758859
5654,45844.298083880196
5655,45844.298128326234
5656,45844.29809734197
5657,45844.298049607925
5658,45844.29811712026
5659,45844.29787489649
5660,45844.29801584152
5661,45844.298292337466
5662,45844.2981622038
5663,45844.29808031255
5664,45844.29809275252
5665,45844.29808719121
5666,45844.29811459273
5667,45844.29806698729
5668,45844.29816929637
5669,45844.29809357539
5670,45844.298088941294
5671,45844.29812826095
5672,45844.29803569349
5673,45844.29801778232
5674,45844.298068635435
5675,45844.29801849508
5676,45844.2981341841
5677,45844.298089677206
5678,45844.29808947226
5679,45844.29821843008
5680,45844.298083382884
5681,45844.298100298845
5682,45844.2981517991
5683,45844.29807753489
5684,45675.382874390234
5685,45675.382874390234
5686,45675.38287439023
5687,45675.38287439023
5688,45675.38287439024
5689,45675.38287439023
5690,45675.38287439023
5691,45675.382874390205
5692,45675.38287439022
5693,45675.382925004626
5694,45675.38291920484
5695,45675.382876046126
5696,45675.38291593566
5697,45675.382860491016
5698,45675.382807388596
5699,45675.38291183769
5700,45675.382839024205
5701,45675.382879047094
5702,45675.382869342655
5703,45675.38287130489
5704,45675.382882032056
5705,45675.38285919009
5706,45675.382871162146
5707,45675.3828800522
5708,45675.382808825896
5709,45675.38284271555
5710,45675.38292125197
5711,45675.38298154377
5712,45675.38290085484
5713,45675.382876196105
5714,45675.38286892989
5715,45675.38288441033
5716,45675.38286612045
5717,45675.382899077675
5718,45675.38286069387
5719,45675.382868617846
5720,45675.382873704664
5721,45675.38283281954
5722,45675.382864582534
5723,45675.38287334584
5724,45675.3828819837
5725,45675.38286863845
5726,45675.38287803148
5727,45675.38287055897
5728,45675.38289953638
5729,45675.38288258461
5730,45675.3828801385
5731,45675.38288414186
5732,45675.38287729697
5733,45644.760856447596
5734,45644.76085644762
5735,45644.76085644762
5736,45644.7608564476
5737,45644.7608564476
5738,45644.760856447596
5739,45644.760856447596
5740,45644.760856447596
5741,45644.760856447596
5742,45644.7608813316
5743,45644.76087071381
5744,45644.76085818537
5745,45644.76086987162
5746,45644.76083359952
5747,45644.76082600592
5748,45644.76088385437
5749,45644.76084064077
5750,45644.760859783884
5751,45644.76085191671
5752,45644.76085711025
5753,45644.76086011722
5754,45644.76085415126
5755,45644.76084400188
5756,45644.76085924985
5757,45644.760826600395
5758,45644.76082221413
5759,45644.76088083922
5760,45644.76095693484
5761,45644.76086282395
5762,45644.76086165587
5763,45644.760850601975
5764,45644.760858193695
5765,45644.76085228722
5766,45644.76088266782
5767,45644.76084171175
5768,45644.76085516364
5769,45644.76085530254
5770,45644.76084278081
5771,45644.76085159345
5772,45644.76085468674
5773,45644.760857211484
5774,45644.76085211221
5775,45644.760859707196
5776,45644.76085357606
5777,45644.760857992645
5778,45644.76085851577
5779,45644.76086218856
5780,45644.760857020556
5781,45644.76086830523
5782,45613.5985274314
5783,45613.598527431415
5784,45613.59852743141
5785,45613.59852743146
5786,45613.59852743144
5787,45613.598527431415
5788,45613.59852743139
5789,45613.598527431415
5790,45613.5985274314
5791,45613.59853257982
5792,45613.59851748211
5793,45613.59852876504
5794,45613.59851443559
5795,45613.598500417014
5796,45613.59853406598
5797,45613.598540609375
5798,45613.59852430904
5799,45613.59853316064
5800,45613.59852418077
5801,45613.59853194588
5802,45613.5985282904
5803,45613.59853456443
5804,45613.59851331
5805,45613.59852678214
5806,45613.59853352923
5807,45613.59849637792
5808,45613.59853147633
5809,45613.598628992135
5810,45613.598517981896
5811,45613.59853619946
5812,45613.59852173736
5813,45613.59852081682
5814,45613.59852716837
5815,45613.598551266376
5816,45613.598511713455
5817,45613.59853091579
5818,45613.59852653119
5819,45613.598542899934
5820,45613.59852766691
5821,45613.59852931764
5822,45613.59852784284
5823,45613.59852648828
5824,45613.598529788884
5825,45613.59852607298
5826,45613.5985060267
5827,45613.59851949602
5828,45613.59853241376
5829,45613.59851836709
5830,45613.59854739992
5831,45579.18284748761
5832,45579.18284748757
5833,45579.182847487595
5834,45579.18284748757
5835,45579.18284748758
5836,45579.18284748759
5837,45579.18284748759
5838,45579.1828474876
5839,45579.1828474876
5840,45579.182833447965
5841,45579.18282188991
5842,45579.18284874635
5843,45579.182820391456
5844,45579.182826102304
5845,45579.18288279086
5846,45579.18284903707
5847,45579.1828636549
5848,45579.18285268302
5849,45579.182845816744
5850,45579.18285455098
5851,45579.182846461146
5852,45579.18286325337
5853,45579.18283363651
5854,45579.18284284958
5855,45579.18288149554
5856,45579.18282625961
5857,45579.18283842534
5858,45579.18293932879
5859,45579.18282040122
5860,45579.182857999294
5861,45579.18284263651
5862,45579.18283728339
5863,45579.18285076156
5864,45579.18286106619
5865,45579.18283170096
5866,45579.18285189023
5867,45579.182846002615
5868,45579.18287936527
5869,45579.182853946026
5870,45579.18284990865
5871,45579.182844337316
5872,45579.182845895346
5873,45579.18284856077
5874,45579.18284823061
5875,45579.182810604856
5876,45579.18283493071
5877,45579.18285162939
5878,45579.18283121622
5879,45579.18287650753
5880,45534.87281549003
5881,45534.872815489995
5882,45534.87281549002
5883,45534.872815490024
5884,45534.872815490024
5885,45534.87281549003
5886,45534.87281549004
5887,45534.87281549004
5888,45534.87281549003
5889,45534.87278417965
5890,45534.87278862272
5891,45534.872815865434
5892,45534.87279105091
5893,45534.87280485559
5894,45534.872842743345
5895,45534.87281485911
5896,45534.872821291574
5897,45534.872827092055
5898,45534.872815205345
5899,45534.87282346539
5900,45534.87281628998
5901,45534.87281208126
5902,45534.87282201741
5903,45534.87281005592
5904,45534.87284644415
5905,45534.872806045896
5906,45534.87281698699
5907,45534.872910066784
5908,45534.872797149445
5909,45534.872825817685
5910,45534.87281175782
5911,45534.87280290428
5912,45534.87281590638
5913,45534.87281207286
5914,45534.87280008426
5915,45534.87281861354
5916,45534.87282841421
5917,45534.87285569943
5918,45534.87281113027
5919,45534.87282513843
5920,45534.872826235885
5921,45534.872816829266
5922,45534.87281589536
5923,45534.87281742347
5924,45534.872789828245
5925,45534.872793616996
5926,45534.87281853871
5927,45534.87281017216
5928,45534.87283544258
5929,45474.50282488705
5930,45474.502824887015
5931,45474.50282488705
5932,45474.50282488702
5933,45474.50282488703
5934,45474.50282488703
5935,45474.50282488706
5936,45474.502824887044
5937,45474.502824887044
5938,45474.50280646038
5939,45474.50281143721
5940,45474.502827103584
5941,45474.50281276974
5942,45474.50283413068
5943,45474.50285572783
5944,45474.50281798018
5945,45474.50285353351
5946,45474.50283667205
5947,45474.50282324834
5948,45474.502832428836
5949,45474.50282293896
5950,45474.50283706166
5951,45474.50282948595
5952,45474.502816266984
5953,45474.50285708256
5954,45474.502829502126
5955,45474.502823289266
5956,45474.50289723287
5957,45474.50279049022
5958,45474.50283515381
5959,45474.5028219861
5960,45474.50282073437
5961,45474.50282743638
5962,45474.50281710376
5963,45474.50281051415
5964,45474.502821306436
5965,45474.50283231201
5966,45474.5028441093
5967,45474.50283283561
5968,45474.502837365624
5969,45474.502827538905
5970,45474.502819075904
5971,45474.50282655208
5972,45474.50282949627
5973,45474.502797703884
5974,45474.50280353571
5975,45474.502827438664
5976,45474.50281141697
5977,45474.50284411199
5978,45414.69864581962
5979,45414.69864581963
5980,45414.69864581963
5981,45414.69864581963
5982,45414.69864581963
5983,45414.69864581962
5984,45414.698645819626
5985,45414.69864581962
5986,45414.69864581963
5987,45414.69854587533
5988,45414.698577767354
5989,45414.69864651934
5990,45414.69862318894
5991,45414.698641868184
5992,45414.69864841041
5993,45414.69863498361
5994,45414.69861744142
5995,45414.69866875783
5996,45414.69864654411
5997,45414.698655126595
5998,45414.698640462986
5999,45414.69859412258
6000,45414.698686354976
6001,45414.69864042134
6002,45414.698660546615
6003,45414.6986351276
6004,45414.698639958464
6005,45414.69872629612
6006,45414.69866468043
6007,45414.69865003313
6008,45414.698642231626
6009,45414.698628446626
6010,45414.698636195426
6011,45414.6986416216
6012,45414.698636620065
6013,45414.698640143586
6014,45414.698709541466
6015,45414.69869442977
6016,45414.69861300006
6017,45414.69866963732
6018,45414.69866685469
6019,45414.698643478354
6020,45414.69864768384
6021,45414.69865002742
6022,45414.69867086335
6023,45414.69861622599
6024,45414.69864836955
6025,45414.698695727835
6026,45414.69859612679
6027,45348.131278738874
6028,45348.1312787389
6029,45348.131278738896
6030,45348.13127873892
6031,45348.13127873888
6032,45348.13127873889
6033,45348.13127873889
6034,45348.1312787389
6035,45348.131278738874
6036,45348.13129285173
6037,45348.13129879405
6038,45348.13128304874
6039,45348.131295080995
6040,45348.13130983672
6041,45348.13127047809
6042,45348.13126553356
6043,45348.13128429473
6044,45348.13129894196
6045,45348.13127417966
6046,45348.13128309084
6047,45348.13127337241
6048,45348.131283403905
6049,45348.13129453542
6050,45348.13127158841
6051,45348.1312724382
6052,45348.131290626334
6053,45348.13127777728
6054,45348.13134698212
6055,45348.13126974779
6056,45348.13128555188
6057,45348.131275847736
6058,45348.13128829431
6059,45348.13127742887
6060,45348.13128578248
6061,45348.13127036892
6062,45348.13126445354
6063,45348.131290465695
6064,45348.131252348336
6065,45348.131292745595
6066,45348.13130370091
6067,45348.13128775253
6068,45348.131266985925
6069,45348.13128403296
6070,45348.13128423538
6071,45348.13128341536
6072,45348.13126025561
6073,45348.13128105509
6074,45348.13128031982
6075,45348.13125522946
6076,45309.80978078505
6077,45309.80978078507
6078,45309.80978078508
6079,45309.809780785065
6080,45309.80978078504
6081,45309.809780785065
6082,45309.809780785065
6083,45309.80978078507
6084,45309.80978078507
6085,45309.80979933803
6086,45309.80979954389
6087,45309.80978570318
6088,45309.80979635039
6089,45309.80980312644
6090,45309.809764719204
6091,45309.809773847745
6092,45309.80978408303
6093,45309.80979740943
6094,45309.80977591482
6095,45309.80978391549
6096,45309.809774873065
6097,45309.80979198526
6098,45309.809783668374
6099,45309.809775743
6100,45309.8097669029
6101,45309.809783565055
6102,45309.80977901377
6103,45309.80985441556
6104,45309.80977285483
6105,45309.80978725133
6106,45309.80977598262
6107,45309.809789619816
6108,45309.80977880407
6109,45309.80980065407
6110,45309.8097728083
6111,45309.809767905215
6112,45309.809788994215
6113,45309.80975134791
6114,45309.80979455644
6115,45309.80979931789
6116,45309.80978226435
6117,45309.809771769294
6118,45309.80978600836
6119,45309.80978504186
6120,45309.809788332124
6121,45309.80976613654
6122,45309.8097834667
6123,45309.809782794866
6124,45309.80975569353
6125,45283.94938998185
6126,45283.94938998185
6127,45283.94938998185
6128,45283.94938998185
6129,45283.94938998185
6130,45283.94938998185
6131,45283.94938998185
6132,45283.94938998186
6133,45283.94938998185
6134,45283.94936994965
6135,45283.94939778089
6136,45283.94939151526
6137,45283.949386081295
6138,45283.94940133736
6139,45283.949352983655
6140,45283.94938123918
6141,45283.94932751285
6142,45283.949415707706
6143,45283.94938945666
6144,45283.94939355936
6145,45283.94938386131
6146,45283.949345494795
6147,45283.94944231541
6148,45283.949393646435
6149,45283.9493703098
6150,45283.94939771951
6151,45283.949384644664
6152,45283.94951561899
6153,45283.94944731792
6154,45283.9493951698
6155,45283.94938350089
6156,45283.94938024309
6157,45283.94937150932
6158,45283.949371154835
6159,45283.94938844507
6160,45283.94939012249
6161,45283.949415897376
6162,45283.949382301784
6163,45283.94938253163
6164,45283.949413406284
6165,45283.94946288535
6166,45283.949387346445
6167,45283.949394006864
6168,45283.9493912243
6169,45283.949426316365
6170,45283.9493810051
6171,45283.94939024244
6172,45283.94941359328
6173,45283.94934056043
6174,45254.4415660899
6175,45254.4415660899
6176,45254.441566089896
6177,45254.441566089896
6178,45254.44156608991
6179,45254.4415660899
6180,45254.4415660899
6181,45254.441566089896
6182,45254.44156608991
6183,45254.44158347507
6184,45254.4415927284
6185,45254.44157058471
6186,45254.44157891891
6187,45254.441590200324
6188,45254.441540164305
6189,45254.44156042832
6190,45254.44154939828
6191,45254.44158391001
6192,45254.44156238759
6193,45254.4415692147
6194,45254.44156088363
6195,45254.44156409551
6196,45254.44158284511
6197,45254.44156408868
6198,45254.44154779062
6199,45254.44157516855
6200,45254.44156497684
6201,45254.441658032476
6202,45254.441576816585
6203,45254.44157272347
6204,45254.44156060064
6205,45254.441571081465
6206,45254.44155964275
6207,45254.44157219819
6208,45254.441560719024
6209,45254.44155703647
6210,45254.441573288095
6211,45254.441535831604
6212,45254.44157767589
6213,45254.44158456298
6214,45254.44159118498
6215,45254.441559181214
6216,45254.44157102829
6217,45254.441569530725
6218,45254.4415809184
6219,45254.441554717596
6220,45254.44156773104
6221,45254.441569173476
6222,45254.441537587554
6223,45336.09917191783
6224,45336.09917191783
6225,45336.09917191783
6226,45336.099171917835
6227,45336.09917191783
6228,45336.099171917835
6229,45336.09917191782
6230,45336.099171917835
6231,45336.09917191783
6232,45336.09900799095
6233,45336.099056456405
6234,45336.09918145867
6235,45336.09911215373
6236,45336.09916639167
6237,45336.099214847796
6238,45336.09920854867
6239,45336.09925589719
6240,45336.09912899226
6241,45336.09918999333
6242,45336.099179691824
6243,45336.09915503262
6244,45336.09917864853
6245,45336.09910715251
6246,45336.099172755356
6247,45336.09923783166
6248,45336.09917468048
6249,45336.099126469955
6250,45336.09923433327
6251,45336.09910179461
6252,45336.09917365678
6253,45336.099151021066
6254,45336.099136880875
6255,45336.09915795699
6256,45336.099137017394
6257,45336.09917961473
6258,45336.099178893506
6259,45336.0991987469
6260,45336.099210263485
6261,45336.099153518706
6262,45336.09909543496
6263,45336.09911254039
6264,45336.09917445522
6265,45336.09915539847
6266,45336.09917343035
6267,45336.099185233186
6268,45336.099179870005
6269,45336.09916610615
6270,45336.09918809841
6271,45336.09917253635
6272,45175.257737520544
6273,45175.25773752059
6274,45175.257737520566
6275,45175.257737520566
6276,45175.25773752057
6277,45175.25773752057
6278,45175.25773752055
6279,45175.25773752056
6280,45175.25773752056
6281,45175.25768443892
6282,45175.2577094631
6283,45175.257744541836
6284,45175.25772480935
6285,45175.25775004693
6286,45175.25773290801
6287,45175.257750507764
6288,45175.25776909988
6289,45175.25772923643
6290,45175.257742222166
6291,45175.257741868765
6292,45175.25772895258
6293,45175.25774670869
6294,45175.25771849881
6295,45175.257736567975
6296,45175.25774777516
6297,45175.257743563445
6298,45175.25772460789
6299,45175.25780757668
6300,45175.25771067107
6301,45175.257742947
6302,45175.25772644795
6303,45175.257728669596
6304,45175.257728861114
6305,45175.25772783554
6306,45175.25773726602
6307,45175.25773400739
6308,45175.25774915172
6309,45175.257731483805
6310,45175.25773702228
6311,45175.257714842875
6312,45175.25772344838
6313,45175.25773418556
6314,45175.257734303545
6315,45175.25774018076
6316,45175.2577523417
6317,45175.25773548334
6318,45175.257736218715
6319,45175.2577444701
6320,45175.25772362919
6321,45121.79107106024
6322,45121.791071060215
6323,45121.791071060215
6324,45121.791071060215
6325,45121.791071060245
6326,45121.791071060215
6327,45121.791071060215
6328,45121.791071060215
6329,45121.791071060215
6330,45121.791045924394
6331,45121.79105920406
6332,45121.79107626324
6333,45121.791057283874
6334,45121.791083227974
6335,45121.79106982563
6336,45121.79107771614
6337,45121.79108773573
6338,45121.79106751791
6339,45121.79107671895
6340,45121.7910752685
6341,45121.79106544279
6342,45121.79107886003
6343,45121.791061285985
6344,45121.791070148036
6345,45121.79108294047
6346,45121.79108180815
6347,45121.791060996635
6348,45121.79116214299
6349,45121.79105261941
6350,45121.79107668873
6351,45121.79106156261
6352,45121.79106045053
6353,45121.79106158914
6354,45121.79105641442
6355,45121.79107254863
6356,45121.79107149298
6357,45121.7910703644
6358,45121.791066077494
6359,45121.7910814032
6360,45121.79105441975
6361,45121.79107455311
6362,45121.791068655686
6363,45121.79106717631
6364,45121.79107381609
6365,45121.79107801722
6366,45121.79107214699
6367,45121.79106770955
6368,45121.79106489742
6369,45121.79107328097
6370,45074.63116149313
6371,45074.63116149313
6372,45074.63116149313
6373,45074.63116149314
6374,45074.63116149313
6375,45074.63116149314
6376,45074.63116149315
6377,45074.63116149313
6378,45074.631161493155
6379,45074.63119249505
6380,45074.631184538746
6381,45074.63116447378
6382,45074.63116269704
6383,45074.63117692911
6384,45074.63114002723
6385,45074.63116594187
6386,45074.63116087398
6387,45074.631161684134
6388,45074.63116723675
6389,45074.63116267007
6390,45074.63116111753
6391,45074.63117567722
6392,45074.63115322033
6393,45074.63116027738
6394,45074.631151077054
6395,45074.63117208825
6396,45074.63117337243
6397,45074.63126843407
6398,45074.63115280128
6399,45074.63116597943
6400,45074.63115481386
6401,45074.631157941745
6402,45074.63115328295
6403,45074.63116157006
6404,45074.63116443219
6405,45074.63116004571
6406,45074.63114485632
6407,45074.6311434546
6408,45074.63117914168
6409,45074.63115339758
6410,45074.63116845938
6411,45074.631161425954
6412,45074.63115680248
6413,45074.63116412791
6414,45074.631169839675
6415,45074.63116675963
6416,45074.631155822826
6417,45074.631148973225
6418,45074.631179395714
6419,45068.62642232936
6420,45068.62642232937
6421,45068.62642232935
6422,45068.626422329355
6423,45068.62642232937
6424,45068.62642232936
6425,45068.626422329355
6426,45068.626422329355
6427,45068.62642232935
6428,45068.62639712559
6429,45068.62638254495
6430,45068.62642410091
6431,45068.62636341938
6432,45068.62642201024
6433,45068.62651605532
6434,45068.62638822822
6435,45068.626394007806
6436,45068.62642975631
6437,45068.626427770614
6438,45068.626430337
6439,45068.626407700205
6440,45068.62642878413
6441,45068.6264281227
6442,45068.6264159296
6443,45068.62651064396
6444,45068.626427598516
6445,45068.62634269211
6446,45068.6265435619
6447,45068.62642817966
6448,45068.626428380994
6449,45068.6264197747
6450,45068.62639316342
6451,45068.62641935426
6452,45068.626419288994
6453,45068.62642459281
6454,45068.62643026046
6455,45068.62641882142
6456,45068.62646667071
6457,45068.626457146
6458,45068.62643093076
6459,45068.62645038637
6460,45068.62641495442
6461,45068.62641978553
6462,45068.6264260667
6463,45068.62638740289
6464,45068.62643385921
6465,45068.62641444416
6466,45068.62640555123
6467,45068.62644688283
6468,45040.32122563892
6469,45040.321225638945
6470,45040.32122563893
6471,45040.32122563894
6472,45040.32122563893
6473,45040.32122563893
6474,45040.321225638916
6475,45040.32122563891
6476,45040.321225638916
6477,45040.321222592545
6478,45040.32121363706
6479,45040.32122697901
6480,45040.32120141799
6481,45040.321228629626
6482,45040.32124109309
6483,45040.32121511366
6484,45040.32120359924
6485,45040.321227993176
6486,45040.321232375536
6487,45040.32122893295
6488,45040.321219281206
6489,45040.3212246692
6490,45040.3212259915
6491,45040.32122277734
6492,45040.321247434986
6493,45040.32122652391
6494,45040.32120621779
6495,45040.321336096575
6496,45040.32123273249
6497,45040.32122902883
6498,45040.32122185777
6499,45040.32120967297
6500,45040.32121730309
6501,45040.3212289829
6502,45040.32122966763
6503,45040.321227100285
6504,45040.321223810395
6505,45040.32124061602
6506,45040.32123868406
6507,45040.32122515456
6508,45040.32123860543
6509,45040.32122437173
6510,45040.321220879145
6511,45040.32122829659
6512,45040.32122726719
6513,45040.32123426599
6514,45040.321217715966
6515,45040.32122527907
6516,45040.321238925906
6517,45023.16732980279
6518,45023.167329802774
6519,45023.16732980279
6520,45023.16732980279
6521,45023.16732980279
6522,45023.167329802796
6523,45023.16732980278
6524,45023.16732980279
6525,45023.16732980279
6526,45023.167333125384
6527,45023.167326600094
6528,45023.16733109247
6529,45023.16731735431
6530,45023.16733313144
6531,45023.16731848371
6532,45023.16732758582
6533,45023.16730712647
6534,45023.167330479824
6535,45023.167336259634
6536,45023.167331516204
6537,45023.167325359456
6538,45023.1673242637
6539,45023.167329307034
6540,45023.167328264826
6541,45023.167328635194
6542,45023.1673273785
6543,45023.16732959552
6544,45023.16743369842
6545,45023.167340468346
6546,45023.16733221178
6547,45023.16732619132
6548,45023.1673184405
6549,45023.1673200322
6550,45023.16733655595
6551,45023.167334009115
6552,45023.167328340314
6553,45023.167331314
6554,45023.167335405036
6555,45023.16733231159
6556,45023.167328068914
6557,45023.16733792495
6558,45023.167330498
6559,45023.16732502283
6560,45023.167331914636
6561,45023.16734499185
6562,45023.16733741703
6563,45023.16732184905
6564,45023.16733810619
6565,45023.16733559284
6566,44974.47996470747
6567,44974.47996470743
6568,44974.47996470743
6569,44974.47996470746
6570,44974.47996470744
6571,44974.47996470745
6572,44974.47996470744
6573,44974.47996470745
6574,44974.47996470744
6575,44974.47997409628
6576,44974.47997387443
6577,44974.47996613324
6578,44974.479970775516
6579,44974.47996802637
6580,44974.479910096336
6581,44974.47997800866
6582,44974.47994153194
6583,44974.479961221296
6584,44974.4799697234
6585,44974.47996413093
6586,44974.47996188673
6587,44974.47994767479
6588,44974.47996530131
6589,44974.47996583032
6590,44974.47992770814
6591,44974.47995614637
6592,44974.47999448763
6593,44974.480047922996
6594,44974.479983993
6595,44974.4799657173
6596,44974.4799623992
6597,44974.47996070085
6598,44974.47995361398
6599,44974.47997102831
6600,44974.47996907178
6601,44974.47995760605
6602,44974.47997565498
6603,44974.479956137955
6604,44974.47994163172
6605,44974.479962156125
6606,44974.47996611913
6607,44974.47996814876
6608,44974.47996104172
6609,44974.47996541691
6610,44974.480002017066
6611,44974.47997054991
6612,44974.4799562074
6613,44974.47999074652
6614,44974.47995263018
6615,44932.667971389
6616,44932.667971389004
6617,44932.66797138898
6618,44932.667971389
6619,44932.667971389
6620,44932.667971389
6621,44932.66797138896
6622,44932.66797138899
6623,44932.66797138897
6624,44932.66797713829
6625,44932.66797772661
6626,44932.66797310005
6627,44932.667977940895
6628,44932.66797236328
6629,44932.667915576094
6630,44932.66798844832
6631,44932.6679544927
6632,44932.66796549788
6633,44932.6679749223
6634,44932.66797146653
6635,44932.66796687508
6636,44932.66794902129
6637,44932.66797450663
6638,44932.667973664225
6639,44932.66793477091
6640,44932.66796050047
6641,44932.66800176793
6642,44932.668036715724
6643,44932.667990395414
6644,44932.66797267722
6645,44932.667970158094
6646,44932.667967509995
6647,44932.66796201825
6648,44932.667968732516
6649,44932.66797577361
6650,44932.66796332664
6651,44932.667987011395
6652,44932.66796398727
6653,44932.66793591056
6654,44932.667970855306
6655,44932.66797273694
6656,44932.66797500405
6657,44932.66796948409
6658,44932.66797145364
6659,44932.66800648843
6660,44932.6679753846
6661,44932.667962451254
6662,44932.668000303376
6663,44932.66795086689
6664,45352.69083234554
6665,45352.690832345535
6666,45352.690832345535
6667,45352.690832345535
6668,45352.69083234554
6669,45352.69083234556
6670,45352.69083234555
6671,45352.69083234554
6672,45352.69083234556
6673,45352.69119665023
6674,45352.691088142645
6675,45352.69085187063
6676,45352.690937194464
6677,45352.69097792255
6678,45352.69086972155
6679,45352.69083695786
6680,45352.690996121426
6681,45352.690805398124
6682,45352.690816528506
6683,45352.690819646006
6684,45352.690838990304
6685,45352.69103427121
6686,45352.690739068516
6687,45352.69082163981
6688,45352.6908432887
6689,45352.69093557953
6690,45352.69082247715
6691,45352.690818698815
6692,45352.69066594761
6693,45352.690863504264
6694,45352.69083533364
6695,45352.69091766875
6696,45352.69088242774
6697,45352.690858734786
6698,45352.690828651306
6699,45352.690799557364
6700,45352.69063442951
6701,45352.69061735292
6702,45352.69098746352
6703,45352.690836556576
6704,45352.69077401112
6705,45352.69079268313
6706,45352.690842230215
6707,45352.69084177563
6708,45352.690712159594
6709,45352.690861150135
6710,45352.69082322255
6711,45352.690650398275
6712,45352.69096733936
6713,44924.505021527584
6714,44924.50502152759
6715,44924.5050215276
6716,44924.5050215276
6717,44924.50502152759
6718,44924.5050215276
6719,44924.50502152759
6720,44924.5050215276
6721,44924.50502152759
6722,44924.505070411775
6723,44924.505058392795
6724,44924.50502561626
6725,44924.505039831536
6726,44924.50504044197
6727,44924.504975674834
6728,44924.50503735222
6729,44924.50502749752
6730,44924.505012378344
6731,44924.50502265537
6732,44924.50502025187
6733,44924.50501810486
6734,44924.50502670672
6735,44924.505011915666
6736,44924.505022080244
6737,44924.50498958252
6738,44924.50502491403
6739,44924.5050486339
6740,44924.50507552278
6741,44924.50501750298
6742,44924.505026493534
6743,44924.50502087504
6744,44924.50502855043
6745,44924.50501939312
6746,44924.5050220797
6747,44924.505024947575
6748,44924.50501024172
6749,44924.50501150438
6750,44924.50498852945
6751,44924.50500855652
6752,44924.50502124536
6753,44924.50501419622
6754,44924.50501970689
6755,44924.505021082594
6756,44924.505022740275
6757,44924.50503802056
6758,44924.50502877952
6759,44924.505012594986
6760,44924.50502554486
6761,44924.50501909926
6762,44900.08871105186
6763,44900.088711051845
6764,44900.088711051845
6765,44900.08871105185
6766,44900.08871105185
6767,44900.08871105185
6768,44900.08871105185
6769,44900.08871105185
6770,44900.088711051845
6771,44900.08874172079
6772,44900.08873230398
6773,44900.08871346107
6774,44900.088716451086
6775,44900.08872070016
6776,44900.08868511347
6777,44900.08872028174
6778,44900.088712236444
6779,44900.08870551006
6780,44900.0887119601
6781,44900.08871240404
6782,44900.08870521661
6783,44900.088703139474
6784,44900.088715329024
6785,44900.088712710196
6786,44900.08869776926
6787,44900.088712314144
6788,44900.08872154236
6789,44900.08876567727
6790,44900.08871434882
6791,44900.08871581542
6792,44900.088710925666
6793,44900.08870932142
6794,44900.08870838525
6795,44900.08869521566
6796,44900.08871591877
6797,44900.08870461819
6798,44900.088707528914
6799,44900.08869583785
6800,44900.08869388986
6801,44900.08871642735
6802,44900.08871984112
6803,44900.08871004952
6804,44900.08871193325
6805,44900.088711791184
6806,44900.088717172795
6807,44900.08871605071
6808,44900.08870226107
6809,44900.088713266865
6810,44900.0887021364
6811,44893.94391707086
6812,44893.943917070865
6813,44893.94391707084
6814,44893.94391707087
6815,44893.943917070865
6816,44893.94391707085
6817,44893.94391707088
6818,44893.943917070865
6819,44893.94391707087
6820,44893.94391819601
6821,44893.9438895482
6822,44893.94392025067
6823,44893.94390218042
6824,44893.94389483082
6825,44893.94391932255
6826,44893.943928255074
6827,44893.94393544771
6828,44893.94390976756
6829,44893.94391791361
6830,44893.943922765975
6831,44893.94391058799
6832,44893.94392209937
6833,44893.94390206841
6834,44893.943917782606
6835,44893.943924614105
6836,44893.9438922165
6837,44893.943916717646
6838,44893.943972801535
6839,44893.94389133855
6840,44893.94392011145
6841,44893.943913759824
6842,44893.94390137846
6843,44893.943914142685
6844,44893.94392470886
6845,44893.94391771994
6846,44893.943918494784
6847,44893.94392290587
6848,44893.943939773024
6849,44893.943900509315
6850,44893.943920476246
6851,44893.94390189815
6852,44893.94392523094
6853,44893.943917416334
6854,44893.943918404046
6855,44893.943904237836
6856,44893.94391016933
6857,44893.94390993399
6858,44893.943913568546
6859,44893.94391686838
6860,44872.73628547009
6861,44872.736285470106
6862,44872.736285470106
6863,44872.736285470106
6864,44872.736285470106
6865,44872.73628547009
6866,44872.736285470106
6867,44872.7362854701
6868,44872.736285470106
6869,44872.7363142507
6870,44872.736292916816
6871,44872.736287185005
6872,44872.73628311961
6873,44872.73628082359
6874,44872.736280168014
6875,44872.736286463936
6876,44872.736289236826
6877,44872.73628417915
6878,44872.73628563544
6879,44872.73628893337
6880,44872.73628153663
6881,44872.73628569315
6882,44872.7362860937
6883,44872.73628558984
6884,44872.73628431714
6885,44872.73627513615
6886,44872.73628497953
6887,44872.73635034534
6888,44872.73627567846
6889,44872.736290105895
6890,44872.73628476786
6891,44872.73627794529
6892,44872.73628322174
6893,44872.73628548918
6894,44872.73628873428
6895,44872.73628417073
6896,44872.73627789802
6897,44872.73628689189
6898,44872.736285144536
6899,44872.73629698079
6900,44872.736290267574
6901,44872.73628813569
6902,44872.73628683973
6903,44872.73628722665
6904,44872.73627482121
6905,44872.73628430784
6906,44872.73627778396
6907,44872.73627550883
6908,44872.73628661528
6909,44858.782543723755
6910,44858.78254372376
6911,44858.78254372376
6912,44858.78254372374
6913,44858.78254372375
6914,44858.78254372374
6915,44858.782543723755
6916,44858.78254372375
6917,44858.78254372375
6918,44858.78257618191
6919,44858.78255964818
6920,44858.78254468511
6921,44858.7825445352
6922,44858.78254515804
6923,44858.782539877364
6924,44858.78253869537
6925,44858.782544140726
6926,44858.78254381824
6927,44858.78254405504
6928,44858.7825467096
6929,44858.78254071385
6930,44858.782541197084
6931,44858.78254938768
6932,44858.782543148656
6933,44858.78254237211
6934,44858.78253825674
6935,44858.78253970551
6936,44858.78260945019
6937,44858.78253787919
6938,44858.78254886989
6939,44858.78254429466
6940,44858.78253840818
6941,44858.782541773624
6942,44858.78254073614
6943,44858.782548648116
6944,44858.78254151643
6945,44858.78253142034
6946,44858.78254009873
6947,44858.78255180761
6948,44858.78255712624
6949,44858.78255294229
6950,44858.78254402527
6951,44858.78254520704
6952,44858.78254595664
6953,44858.78253219902
6954,44858.78254511273
6955,44858.78253564822
6956,44858.78253102968
6957,44858.78254566734
6958,44819.46029978979
6959,44819.46029978979
6960,44819.46029978979
6961,44819.46029978979
6962,44819.46029978979
6963,44819.46029978979
6964,44819.46029978978
6965,44819.46029978978
6966,44819.46029978979
6967,44819.46031506889
6968,44819.46032241314
6969,44819.46030119293
6970,44819.4603021845
6971,44819.46031444915
6972,44819.46031207982
6973,44819.46028482004
6974,44819.46029968079
6975,44819.46029969545
6976,44819.46029909628
6977,44819.46030315748
6978,44819.46029600163
6979,44819.46029449061
6980,44819.460311990595
6981,44819.46029777235
6982,44819.46031118565
6983,44819.460306689754
6984,44819.460278348095
6985,44819.46035987906
6986,44819.460299871425
6987,44819.46030643871
6988,44819.460302016254
6989,44819.46029784281
6990,44819.4603003293
6991,44819.46028312615
6992,44819.460305438726
6993,44819.46029398221
6994,44819.460286064954
6995,44819.46029177295
6996,44819.46031720315
6997,44819.46031125956
6998,44819.46031325258
6999,44819.46029480164
7000,44819.46030265203
7001,44819.460303266096
7002,44819.46028155646
7003,44819.46030577376
7004,44819.460292069874
7005,44819.46028335893
7006,44819.46029914809
7007,44811.47532152
7008,44811.47532152
7009,44811.475321519996
7010,44811.47532151999
7011,44811.47532151999
7012,44811.47532151998
7013,44811.47532151999
7014,44811.47532152002
7015,44811.47532152
7016,44811.47538390838
7017,44811.475403875396
7018,44811.4753188182
7019,44811.47537541588
7020,44811.47534432663
7021,44811.475237580125
7022,44811.47530552423
7023,44811.475285861
7024,44811.475333885544
7025,44811.47531685694
7026,44811.4753190825
7027,44811.475336350835
7028,44811.47531018946
7029,44811.47536413237
7030,44811.47532188118
7031,44811.47524759705
7032,44811.47533313156
7033,44811.47536725247
7034,44811.47541311616
7035,44811.47536063556
7036,44811.47532811893
7037,44811.47532512524
7038,44811.475341561985
7039,44811.47531248142
7040,44811.47530786621
7041,44811.47532932136
7042,44811.4753096186
7043,44811.47529952994
7044,44811.47527088592
7045,44811.47533812283
7046,44811.47534247422
7047,44811.47536499644
7048,44811.47531978108
7049,44811.47532707994
7050,44811.475325718595
7051,44811.4753401958
7052,44811.47532627005
7053,44811.47531669924
7054,44811.475311255395
7055,44811.4753060749
7056,44775.396638993596
7057,44775.39663899356
7058,44775.39663899357
7059,44775.396638993596
7060,44775.396638993596
7061,44775.39663899359
7062,44775.39663899358
7063,44775.39663899357
7064,44775.39663899357
7065,44775.396646989
7066,44775.39667173083
7067,44775.396640703984
7068,44775.396656774436
7069,44775.39665811879
7070,44775.39663280789
7071,44775.3966211264
7072,44775.39662739169
7073,44775.39664146553
7074,44775.396634647645
7075,44775.396641527805
7076,44775.39664087588
7077,44775.39664029003
7078,44775.39665766625
7079,44775.396636754296
7080,44775.396632426186
7081,44775.39664989563
7082,44775.39662987599
7083,44775.396708094726
7084,44775.3966510771
7085,44775.396646153284
7086,44775.39664147226
7087,44775.39664518781
7088,44775.39663752541
7089,44775.39662555072
7090,44775.396642818545
7091,44775.39662869897
7092,44775.396627551236
7093,44775.39662147652
7094,44775.3966560088
7095,44775.39664876765
7096,44775.3966557685
7097,44775.39663381555
7098,44775.3966445087
7099,44775.39664396004
7100,44775.39662666873
7101,44775.396645063105
7102,44775.396634076686
7103,44775.39662312315
7104,44775.39663278123
7105,44764.355581848446
7106,44764.35558184845
7107,44764.35558184843
7108,44764.35558184845
7109,44764.35558184846
7110,44764.35558184845
7111,44764.35558184845
7112,44764.35558184845
7113,44764.35558184846
7114,44764.35555129205
7115,44764.355577958806
7116,44764.35558321973
7117,44764.35558199159
7118,44764.355585288286
7119,44764.3555926635
7120,44764.35556531117
7121,44764.35557156137
7122,44764.35558245282
7123,44764.35557822564
7124,44764.35558761695
7125,44764.35557946432
7126,44764.355574110625
7127,44764.35559966772
7128,44764.35558025242
7129,44764.355591559906
7130,44764.35558208059
7131,44764.35556155979
7132,44764.35564849523
7133,44764.355593832326
7134,44764.35558677666
7135,44764.35558304621
7136,44764.35557659007
7137,44764.35557797552
7138,44764.355565402904
7139,44764.3555853907
7140,44764.355575403104
7141,44764.35558704424
7142,44764.35559045822
7143,44764.35558472517
7144,44764.35558762793
7145,44764.355595038425
7146,44764.35557997972
7147,44764.35558707633
7148,44764.35558642857
7149,44764.355567425875
7150,44764.35558467716
7151,44764.3555776898
7152,44764.3555750334
7153,44764.35556912807
7154,44748.22543930705
7155,44748.22543930705
7156,44748.22543930705
7157,44748.22543930703
7158,44748.22543930705
7159,44748.225439307054
7160,44748.22543930703
7161,44748.22543930704
7162,44748.22543930705
7163,44748.22539379558
7164,44748.22541395918
7165,44748.225441527036
7166,44748.22543483445
7167,44748.22543198838
7168,44748.22544686753
7169,44748.22543315337
7170,44748.22543635696
7171,44748.22543518298
7172,44748.225434897635
7173,44748.22544618031
7174,44748.22543655422
7175,44748.225436595945
7176,44748.225445910306
7177,44748.225438394365
7178,44748.22544711312
7179,44748.22543038688
7180,44748.22542687102
7181,44748.225502950285
7182,44748.22544137981
7183,44748.225442711395
7184,44748.225438816975
7185,44748.22543034029
7186,44748.22543331407
7187,44748.22543253524
7188,44748.22544132045
7189,44748.22543433606
7190,44748.22545267546
7191,44748.22545797713
7192,44748.22543041332
7193,44748.22543828473
7194,44748.2254385564
7195,44748.225441865405
7196,44748.225444578056
7197,44748.22544387207
7198,44748.22542769794
7199,44748.225438006775
7200,44748.225436304034
7201,44748.22543769483
7202,44748.225427387086
7203,44899.80098226599
7204,44899.80098226601
7205,44899.80098226601
7206,44899.800982265995
7207,44899.800982266
7208,44899.80098226599
7209,44899.80098226598
7210,44899.80098226598
7211,44899.800982266
7212,44899.80101642413
7213,44899.80104303369
7214,44899.80097588896
7215,44899.801097410724
7216,44899.80096534238
7217,44899.80129865119
7218,44899.801034819364
7219,44899.80094554557
7220,44899.80097558487
7221,44899.800978259445
7222,44899.800972969424
7223,44899.80102016718
7224,44899.8009364299
7225,44899.80100915636
7226,44899.80099303526
7227,44899.80072377176
7228,44899.80094540316
7229,44899.80120864117
7230,44899.8010608755
7231,44899.801037972036
7232,44899.80097689521
7233,44899.80097952115
7234,44899.801018424885
7235,44899.80094548082
7236,44899.80099511125
7237,44899.80099541213
7238,44899.800963300804
7239,44899.80101113835
7240,44899.80090332554
7241,44899.8008930015
7242,44899.80096451207
7243,44899.80098663959
7244,44899.801007447204
7245,44899.80098412834
7246,44899.80098318628
7247,44899.801127828716
7248,44899.800966627896
7249,44899.80097992637
7250,44899.80105753991
7251,44899.800912081526
7252,44746.042159072276
7253,44746.042159072254
7254,44746.042159072254
7255,44746.04215907223
7256,44746.042159072254
7257,44746.04215907226
7258,44746.04215907226
7259,44746.04215907227
7260,44746.04215907226
7261,44746.0421233512
7262,44746.042143990366
7263,44746.042160444376
7264,44746.04216786139
7265,44746.04215150234
7266,44746.04213229968
7267,44746.04215930371
7268,44746.04215266764
7269,44746.04215467114
7270,44746.042154709525
7271,44746.04216398765
7272,44746.04216066763
7273,44746.04215199557
7274,44746.042167854765
7275,44746.04215937275
7276,44746.04213853635
7277,44746.04214787016
7278,44746.04217185094
7279,44746.04222409715
7280,44746.042166664854
7281,44746.04216166583
7282,44746.04215845584
7283,44746.042155323245
7284,44746.04214984889
7285,44746.04215421081
7286,44746.04216222986
7287,44746.04215238931
7288,44746.04217351895
7289,44746.04216634478
7290,44746.042141946695
7291,44746.04215632799
7292,44746.0421587815
7293,44746.04216387893
7294,44746.04216399268
7295,44746.042163249105
7296,44746.04216407104
7297,44746.0421564789
7298,44746.04215602648
7299,44746.04216505783
7300,44746.04214119334
7301,44770.87175461639
7302,44770.87175461639
7303,44770.87175461639
7304,44770.87175461639
7305,44770.87175461635
7306,44770.87175461639
7307,44770.871754616375
7308,44770.87175461639
7309,44770.87175461639
7310,44770.87174986917
7311,44770.87176724637
7312,44770.87175292259
7313,44770.871809321
7314,44770.87174158559
7315,44770.871906485685
7316,44770.87178065726
7317,44770.87174037098
7318,44770.87174695929
7319,44770.87174989735
7320,44770.87175326929
7321,44770.87177207668
7322,44770.87173508672
7323,44770.871767130244
7324,44770.871759594884
7325,44770.87163144279
7326,44770.871731988875
7327,44770.8718618923
7328,44770.87182185548
7329,44770.87177730738
7330,44770.87175378862
7331,44770.87175289015
7332,44770.87176811967
7333,44770.871733099884
7334,44770.871758974456
7335,44770.87176204068
7336,44770.87174289524
7337,44770.87177446916
7338,44770.871724758385
7339,44770.871703846475
7340,44770.87174300652
7341,44770.8717512986
7342,44770.871768626086
7343,44770.87175849272
7344,44770.87175751364
7345,44770.87181909352
7346,44770.871746301375
7347,44770.87175210436
7348,44770.871788697164
7349,44770.8717162358
7350,44745.70539940728
7351,44745.705399407285
7352,44745.705399407285
7353,44745.70539940728
7354,44745.705399407285
7355,44745.705399407285
7356,44745.705399407285
7357,44745.70539940728
7358,44745.705399407256
7359,44745.7053671806
7360,44745.70538744962
7361,44745.70540048195
7362,44745.7054130581
7363,44745.70539144635
7364,44745.705359758445
7365,44745.70540236535
7366,44745.705392267955
7367,44745.705394658624
7368,44745.70539500893
7369,44745.70540363388
7370,44745.70540263862
7371,44745.705391116004
7372,44745.70540854221
7373,44745.70540019419
7374,44745.70536826863
7375,44745.7053871641
7376,44745.70542189515
7377,44745.70546459573
7378,44745.70540847547
7379,44745.70540166886
7380,44745.705398690305
7381,44745.70539752667
7382,44745.70538893608
7383,44745.70539549795
7384,44745.70540299576
7385,44745.70539216071
7386,44745.705414283264
7387,44745.705402622676
7388,44745.705378899496
7389,44745.70539574524
7390,44745.70539874832
7391,44745.705405138855
7392,44745.70540421906
7393,44745.70540345174
7394,44745.70541051158
7395,44745.705396267265
7396,44745.7053964005
7397,44745.705408155525
7398,44745.705379478655
7399,44751.0186328259
7400,44751.01863282589
7401,44751.01863282588
7402,44751.01863282589
7403,44751.01863282587
7404,44751.01863282591
7405,44751.01863282588
7406,44751.01863282591
7407,44751.0186328259
7408,44751.01861721567
7409,44751.01863245462
7410,44751.01863231281
7411,44751.01867166902
7412,44751.018620467534
7413,44751.01874252975
7414,44751.018652106264
7415,44751.018622988406
7416,44751.01862512955
7417,44751.01862782563
7418,44751.01863364601
7419,44751.018645156
7420,44751.01862105346
7421,44751.01864113328
7422,44751.01863622879
7423,44751.018544120736
7424,44751.018613356166
7425,44751.01870985143
7426,44751.0186993259
7427,44751.01864738475
7428,44751.01863305074
7429,44751.01863128261
7430,44751.01864028032
7431,44751.018614951405
7432,44751.0186373381
7433,44751.01863862087
7434,44751.018623131626
7435,44751.01865075784
7436,44751.018616292466
7437,44751.018592855035
7438,44751.018622719595
7439,44751.018627245845
7440,44751.01864425076
7441,44751.01863722387
7442,44751.01863635176
7443,44751.018676963446
7444,44751.01862619711
7445,44751.01863050643
7446,44751.01865658843
7447,44751.01860355577
7448,44744.81528361824
7449,44744.815283618256
7450,44744.815283618256
7451,44744.815283618256
7452,44744.81528361824
7453,44744.815283618256
7454,44744.81528361825
7455,44744.81528361824
7456,44744.815283618256
7457,44744.81525626437
7458,44744.81527509642
7459,44744.81528427884
7460,44744.81530426923
7461,44744.815274625864
7462,44744.81522485985
7463,44744.815291100625
7464,44744.81527584182
7465,44744.81527804732
7466,44744.81527905621
7467,44744.81528687793
7468,44744.8152893356
7469,44744.815274467954
7470,44744.81529248234
7471,44744.81528512557
7472,44744.815236743896
7473,44744.815269535895
7474,44744.81532097956
7475,44744.815349096665
7476,44744.81529408781
7477,44744.81528534402
7478,44744.8152826832
7479,44744.815284376986
7480,44744.81527115194
7481,44744.815282020485
7482,44744.81528780122
7483,44744.8152756649
7484,44744.81529918336
7485,44744.81528121293
7486,44744.815257880684
7487,44744.815278186004
7488,44744.815281546464
7489,44744.81529088392
7490,44744.8152883139
7491,44744.81528751953
7492,44744.815303707124
7493,44744.81527956707
7494,44744.81528078615
7495,44744.81529633849
7496,44744.81526121787
7497,44733.26926688254
7498,44733.26926688255
7499,44733.26926688255
7500,44733.269266882555
7501,44733.26926688255
7502,44733.26926688255
7503,44733.26926688255
7504,44733.269266882555
7505,44733.26926688255
7506,44733.26923667048
7507,44733.26924781137
7508,44733.269268353506
7509,44733.26927745066
7510,44733.269257299035
7511,44733.26929705725
7512,44733.26927144313
7513,44733.26926604648
7514,44733.269260230154
7515,44733.269261358204
7516,44733.269271788224
7517,44733.26926997024
7518,44733.26926882803
7519,44733.269270076235
7520,44733.26926739666
7521,44733.269243092334
7522,44733.26925513238
7523,44733.26928630621
7524,44733.269331641415
7525,44733.2692667668
7526,44733.26926944264
7527,44733.26926577208
7528,44733.26926369211
7529,44733.26925662223
7530,44733.26926788536
7531,44733.26926999335
7532,44733.26926120189
7533,44733.269278176806
7534,44733.269273083686
7535,44733.26924974473
7536,44733.26926146407
7537,44733.269260782
7538,44733.26927280972
7539,44733.26927235179
7540,44733.269271510275
7541,44733.2692707059
7542,44733.26926364378
7543,44733.269264830844
7544,44733.26926884244
7545,44733.26925476686
7546,44722.059579182554
7547,44722.05957918253
7548,44722.05957918253
7549,44722.05957918255
7550,44722.05957918255
7551,44722.05957918254
7552,44722.059579182554
7553,44722.05957918255
7554,44722.059579182554
7555,44722.05957587127
7556,44722.05956782806
7557,44722.059582246045
7558,44722.059584591785
7559,44722.05957944766
7560,44722.05958015521
7561,44722.0595838291
7562,44722.05959215197
7563,44722.05956960068
7564,44722.05957278148
7565,44722.05958372826
7566,44722.05957992237
7567,44722.059601748064
7568,44722.05956971016
7569,44722.05957822599
7570,44722.05957871159
7571,44722.05957634711
7572,44722.05958120197
7573,44722.05963784637
7574,44722.059558855566
7575,44722.05958424688
7576,44722.05957862123
7577,44722.05957724535
7578,44722.05957474967
7579,44722.059588785625
7580,44722.05958141512
7581,44722.05957439325
7582,44722.05957275779
7583,44722.059579954075
7584,44722.05958050571
7585,44722.05957553901
7586,44722.059563894174
7587,44722.059581443194
7588,44722.059585090276
7589,44722.05958451724
7590,44722.05956316913
7591,44722.05957928893
7592,44722.05957675993
7593,44722.05956244627
7594,44722.05958734453
7595,44714.395760425454
7596,44714.39576042546
7597,44714.39576042546
7598,44714.39576042544
7599,44714.39576042544
7600,44714.395760425476
7601,44714.39576042545
7602,44714.39576042546
7603,44714.395760425454
7604,44714.395759030696
7605,44714.395748998926
7606,44714.39576321202
7607,44714.39576209068
7608,44714.395761948734
7609,44714.39575340871
7610,44714.395762955675
7611,44714.39576912437
7612,44714.39575187467
7613,44714.39575401864
7614,44714.39576500457
7615,44714.395760142754
7616,44714.39578277555
7617,44714.395751669894
7618,44714.39575891978
7619,44714.39576629282
7620,44714.39575802647
7621,44714.39575597005
7622,44714.395822262355
7623,44714.395742151464
7624,44714.39576557866
7625,44714.395760525236
7626,44714.395757341
7627,44714.39575652634
7628,44714.395773539865
7629,44714.39576261713
7630,44714.39575611065
7631,44714.3957531722
7632,44714.395763533146
7633,44714.395765986665
7634,44714.39575946443
7635,44714.39574652454
7636,44714.39576230445
7637,44714.39576645214
7638,44714.39576585047
7639,44714.39574240607
7640,44714.39576122481
7641,44714.39575786098
7642,44714.3957435126
7643,44714.39577162231
7644,47185.36696347819
7645,47185.36696347811
7646,47185.36696347811
7647,47185.366963478155
7648,47185.36696347811
7649,47185.36696347814
7650,47185.366963478155
7651,47185.36696347817
7652,47185.36696347817
7653,47185.367196242376
7654,47185.36725361204
7655,47185.36693210311
7656,47185.36734572917
7657,47185.36690080831
7658,47185.36807490106
7659,47185.367142157535
7660,47185.36683303064
7661,47185.36695373677
7662,47185.366960757936
7663,47185.36693335728
7664,47185.36709466103
7665,47185.366792125285
7666,47185.3670427561
7667,47185.36700412548
7668,47185.366056390725
7669,47185.36682343387
7670,47185.36777500059
7671,47185.3670740625
7672,47185.367168114426
7673,47185.366931841796
7674,47185.36694743206
7675,47185.36709049353
7676,47185.36686819792
7677,47185.367041831494
7678,47185.367009154084
7679,47185.366921905385
7680,47185.36703558163
7681,47185.3666836692
7682,47185.36667125367
7683,47185.3669149449
7684,47185.367000304745
7685,47185.367045313404
7686,47185.36695462582
7687,47185.36695297098
7688,47185.36749246353
7689,47185.3669054501
7690,47185.36696869259
7691,47185.367254312114
7692,47185.36674429847
7693,44713.36956167618
7694,44713.36956167618
7695,44713.36956167618
7696,44713.36956167618
7697,44713.36956167618
7698,44713.36956167618
7699,44713.369561676176
7700,44713.369561676176
7701,44713.36956167618
7702,44713.36956800023
7703,44713.369558874154
7704,44713.36956390098
7705,44713.369572706826
7706,44713.36956376322
7707,44713.36957825569
7708,44713.369568236914
7709,44713.369567681984
7710,44713.36955306025
7711,44713.36955531274
7712,44713.36956481457
7713,44713.3695643551
7714,44713.36958076106
7715,44713.369554703044
7716,44713.36956096183
7717,44713.369548137736
7718,44713.369558173625
7719,44713.36957422461
7720,44713.369624177314
7721,44713.369547608985
7722,44713.36956639614
7723,44713.36956177604
7724,44713.36956247657
7725,44713.3695559108
7726,44713.369575733566
7727,44713.36956463834
7728,44713.3695560004
7729,44713.36955474421
7730,44713.36955634666
7731,44713.36956197747
7732,44713.36955995401
7733,44713.36954858689
7734,44713.36956485207
7735,44713.36956747013
7736,44713.369566814195
7737,44713.369554948345
7738,44713.369561749
7739,44713.36955898697
7740,44713.369549890835
7741,44713.36956872403
7742,44701.87521837007
7743,44701.87521837009
7744,44701.875218370085
7745,44701.875218370085
7746,44701.87521837008
7747,44701.87521837008
7748,44701.87521837007
7749,44701.87521837008
7750,44701.87521837009
7751,44701.875220340626
7752,44701.875213323336
7753,44701.87521912827
7754,44701.87522307538
7755,44701.87521987473
7756,44701.87523229398
7757,44701.87522213561
7758,44701.87520693779
7759,44701.875212881256
7760,44701.875212400206
7761,44701.8752213161
7762,44701.87521948759
7763,44701.87522666097
7764,44701.875218170164
7765,44701.8752172096
7766,44701.8752074157
7767,44701.87521180353
7768,44701.87522554087
7769,44701.87529050679
7770,44701.87521921831
7771,44701.87522199716
7772,44701.87522000502
7773,44701.875216318185
7774,44701.875211271625
7775,44701.87523838783
7776,44701.87522174871
7777,44701.87521305567
7778,44701.875218096146
7779,44701.875219687914
7780,44701.87521808267
7781,44701.87522243056
7782,44701.875212037856
7783,44701.875222713024
7784,44701.875224214156
7785,44701.87522319863
7786,44701.87521881071
7787,44701.875218595334
7788,44701.87521527886
7789,44701.87521703998
7790,44701.875223624775
7791,44688.59284122424
7792,44688.592841224236
7793,44688.592841224236
7794,44688.592841224236
7795,44688.59284122424
7796,44688.59284122424
7797,44688.592841224236
7798,44688.59284122424
7799,44688.592841224236
7800,44688.59286357793
7801,44688.592860763696
7802,44688.592842598955
7803,44688.59285104697
7804,44688.59285829971
7805,44688.59285355731
7806,44688.592846218744
7807,44688.59283396111
7808,44688.59283544032
7809,44688.59283490196
7810,44688.59284242661
7811,44688.59284232761
7812,44688.592851306166
7813,44688.59284329623
7814,44688.59284029583
7815,44688.592834001145
7816,44688.592849075874
7817,44688.592847089276
7818,44688.592910573025
7819,44688.59284178863
7820,44688.59284651418
7821,44688.592843598984
7822,44688.59284476494
7823,44688.59283841321
7824,44688.59285041941
7825,44688.59284451375
7826,44688.59283367141
7827,44688.59283175241
7828,44688.592828367386
7829,44688.592844966115
7830,44688.59284578362
7831,44688.5928405591
7832,44688.59284313445
7833,44688.592847321284
7834,44688.592845745625
7835,44688.59283980682
7836,44688.59284372734
7837,44688.59283743605
7838,44688.59283522546
7839,44688.592852993694
7840,44673.70945643534
7841,44673.70945643534
7842,44673.709456435354
7843,44673.709456435354
7844,44673.709456435354
7845,44673.709456435354
7846,44673.70945643535
7847,44673.70945643535
7848,44673.70945643535
7849,44673.70944069649
7850,44673.70945378205
7851,44673.70945693277
7852,44673.70945288943
7853,44673.7094655144
7854,44673.70946847757
7855,44673.709466906075
7856,44673.70944918114
7857,44673.709448598966
7858,44673.70945234956
7859,44673.70945968658
7860,44673.70945354195
7861,44673.709442094754
7862,44673.709462963394
7863,44673.7094574004
7864,44673.709456018376
7865,44673.70945975715
7866,44673.70946112338
7867,44673.70952324138
7868,44673.709465211345
7869,44673.70945834508
7870,44673.709457382276
7871,44673.70945137871
7872,44673.70945139423
7873,44673.709448655034
7874,44673.709460445025
7875,44673.70945076819
7876,44673.70946826961
7877,44673.7094609794
7878,44673.709436510624
7879,44673.70945377204
7880,44673.70945850671
7881,44673.70946336942
7882,44673.709460882
7883,44673.70945923882
7884,44673.7094678909
7885,44673.709454550015
7886,44673.709452516094
7887,44673.70947093421
7888,44673.70945711458
7889,44663.764954328435
7890,44663.76495432845
7891,44663.76495432844
7892,44663.76495432845
7893,44663.76495432843
7894,44663.76495432846
7895,44663.764954328435
7896,44663.764954328435
7897,44663.76495432843
7898,44663.76495326132
7899,44663.76496791821
7900,44663.764955191626
7901,44663.76495622278
7902,44663.76497166638
7903,44663.76496765539
7904,44663.76496193659
7905,44663.76495038158
7906,44663.764947420816
7907,44663.76494991574
7908,44663.76495651865
7909,44663.76495239147
7910,44663.76494262571
7911,44663.76496319363
7912,44663.76495583014
7913,44663.764953386286
7914,44663.76496584107
7915,44663.7649590892
7916,44663.765020796156
7917,44663.76496213911
7918,44663.76495737136
7919,44663.764955158804
7920,44663.76495354973
7921,44663.764952227204
7922,44663.76493979634
7923,44663.764958405925
7924,44663.76494766032
7925,44663.76495835203
7926,44663.764948226024
7927,44663.76493950673
7928,44663.764951771525
7929,44663.76496100214
7930,44663.764959124295
7931,44663.76495894976
7932,44663.76495689776
7933,44663.7649633334
7934,44663.764954215774
7935,44663.76495052873
7936,44663.764963237096
7937,44663.76495708507
7938,44635.25830044349
7939,44635.25830044351
7940,44635.2583004435
7941,44635.2583004435
7942,44635.25830044351
7943,44635.25830044348
7944,44635.25830044351
7945,44635.25830044348
7946,44635.25830044348
7947,44635.25831566878
7948,44635.25832857159
7949,44635.25830134492
7950,44635.25830744778
7951,44635.2583239667
7952,44635.25831393682
7953,44635.25829663587
7954,44635.25830397542
7955,44635.258296040716
7956,44635.25829634825
7957,44635.258301817055
7958,44635.25830015719
7959,44635.25829158876
7960,44635.258313032886
7961,44635.25830369472
7962,44635.25829989463
7963,44635.25832031228
7964,44635.25830260097
7965,44635.25836940642
7966,44635.258303557166
7967,44635.258304214614
7968,44635.25829951607
7969,44635.258303565206
7970,44635.25830263446
7971,44635.25827683136
7972,44635.258305479685
7973,44635.258294826315
7974,44635.25829294273
7975,44635.2582826088
7976,44635.258295661115
7977,44635.25829542187
7978,44635.258313280625
7979,44635.258302373084
7980,44635.258304463656
7981,44635.258302229886
7982,44635.25830500552
7983,44635.25830284733
7984,44635.25829788008
7985,44635.258300409856
7986,44635.25830292703
7987,44604.551957182484
7988,44604.55195718247
7989,44604.55195718247
7990,44604.55195718248
7991,44604.55195718248
7992,44604.55195718248
7993,44604.55195718248
7994,44604.55195718248
7995,44604.55195718247
7996,44604.5519736976
7997,44604.55197715965
7998,44604.55195766131
7999,44604.551962369485
8000,44604.55197378414
8001,44604.55196943305
8002,44604.551943150356
8003,44604.55196934231
8004,44604.55195353537
8005,44604.55195434024
8006,44604.55195927218
8007,44604.55195830315
8008,44604.55195239718
8009,44604.55196607075
8010,44604.55196201707
8011,44604.551957312324
8012,44604.551973739086
8013,44604.55195654019
8014,44604.55202944153
8015,44604.55194954586
8016,44604.55196001401
8017,44604.55195324603
8018,44604.55195864526
8019,44604.551960774836
8020,44604.551936518175
8021,44604.551963671256
8022,44604.55195549157
8023,44604.55194365491
8024,44604.5519399771
8025,44604.55196045808
8026,44604.551946362255
8027,44604.551966196654
8028,44604.55195905745
8029,44604.55195949247
8030,44604.55195831147
8031,44604.551958515825
8032,44604.551960345016
8033,44604.55195649666
8034,44604.55195184716
8035,44604.551958449665
8036,44567.55259403055
8037,44567.55259403054
8038,44567.55259403054
8039,44567.552594030545
8040,44567.552594030545
8041,44567.55259403056
8042,44567.55259403055
8043,44567.55259403057
8044,44567.55259403055
8045,44567.55261474418
8046,44567.552625004646
8047,44567.55259387933
8048,44567.55259960344
8049,44567.552601901414
8050,44567.55260925666
8051,44567.55257065074
8052,44567.552584874684
8053,44567.55259851621
8054,44567.552590018044
8055,44567.55259665572
8056,44567.552597052454
8057,44567.5525859195
8058,44567.55261341917
8059,44567.55259997684
8060,44567.552590551524
8061,44567.55260279603
8062,44567.55258512501
8063,44567.55267824241
8064,44567.5526055939
8065,44567.55259633294
8066,44567.55258922016
8067,44567.55259565103
8068,44567.55260091592
8069,44567.552576432005
8070,44567.55259908513
8071,44567.552593522065
8072,44567.552582355376
8073,44567.55257811325
8074,44567.55260043257
8075,44567.55259331965
8076,44567.552619882714
8077,44567.55259582228
8078,44567.55259725124
8079,44567.55259430093
8080,44567.55259564071
8081,44567.55259872826
8082,44567.552595795336
8083,44567.552592390646
8084,44567.55258379065
8085,44533.5692052659
8086,44533.569205265885
8087,44533.569205265885
8088,44533.56920526591
8089,44533.569205265885
8090,44533.56920526589
8091,44533.569205265885
8092,44533.56920526591
8093,44533.569205265885
8094,44533.569233165814
8095,44533.56922722737
8096,44533.56920722988
8097,44533.56920569892
8098,44533.56920788365
8099,44533.569207191686
8100,44533.56920197049
8101,44533.56922203537
8102,44533.56920127232
8103,44533.569202616636
8104,44533.56920856875
8105,44533.56920966665
8106,44533.569219531375
8107,44533.56919038545
8108,44533.56921084198
8109,44533.56921306232
8110,44533.569209219786
8111,44533.56919523353
8112,44533.569279279145
8113,44533.569176544384
8114,44533.56920714872
8115,44533.56919737299
8116,44533.56920609398
8117,44533.56921658532
8118,44533.56920951193
8119,44533.56920891781
8120,44533.5692079525
8121,44533.56918142573
8122,44533.569189436676
8123,44533.569224266736
8124,44533.56919332538
8125,44533.5691990993
8126,44533.5692108142
8127,44533.569205902146
8128,44533.569206257016
8129,44533.56919473963
8130,44533.56920613588
8131,44533.56920866308
8132,44533.56919108747
8133,44533.569218688404
8134,44513.45050118867
8135,44513.450501188665
8136,44513.450501188665
8137,44513.450501188665
8138,44513.450501188665
8139,44513.45050118867
8140,44513.45050118867
8141,44513.450501188665
8142,44513.45050118867
8143,44513.45049484082
8144,44513.45049880242
8145,44513.45050174476
8146,44513.45049542493
8147,44513.45048576591
8148,44513.45051818187
8149,44513.45050158947
8150,44513.450499697225
8151,44513.450499134255
8152,44513.45049941595
8153,44513.45050724979
8154,44513.450505282875
8155,44513.450500473904
8156,44513.45049265674
8157,44513.450505840185
8158,44513.45049777848
8159,44513.45048793944
8160,44513.4504995163
8161,44513.45057894405
8162,44513.45049232767
8163,44513.450500359984
8164,44513.4504935641
8165,44513.45049604208
8166,44513.45050674147
8167,44513.450508077076
8168,44513.45050480928
8169,44513.45050347919
8170,44513.45050162099
8171,44513.45050369434
8172,44513.450499026796
8173,44513.45049215093
8174,44513.4504992748
8175,44513.45051095541
8176,44513.450501546795
8177,44513.4505016355
8178,44513.45050622654
8179,44513.45049795602
8180,44513.45050486799
8181,44513.45050860091
8182,44513.450498464685
8183,44499.31774093205
8184,44499.31774093205
8185,44499.31774093205
8186,44499.31774093207
8187,44499.31774093207
8188,44499.317740932056
8189,44499.31774093207
8190,44499.31774093207
8191,44499.31774093204
8192,44499.317721995096
8193,44499.317730812785
8194,44499.31774111461
8195,44499.317732629206
8196,44499.31772189356
8197,44499.31775965533
8198,44499.31774542806
8199,44499.31772537018
8200,44499.31774059427
8201,44499.31773901219
8202,44499.31774761266
8203,44499.31774486779
8204,44499.31773811162
8205,44499.317736443336
8206,44499.31774387985
8207,44499.31773602603
8208,44499.31772291224
8209,44499.31774024812
8210,44499.31781996453
8211,44499.3177451437
8212,44499.31773970694
8213,44499.31773513303
8214,44499.31773434251
8215,44499.31774474874
8216,44499.31775149789
8217,44499.31774348984
8218,44499.317741347026
8219,44499.31775198816
8220,44499.31775104
8221,44499.31773118646
8222,44499.317738347556
8223,44499.31774211292
8224,44499.31775124745
8225,44499.31774205942
8226,44499.31774180024
8227,44499.31775001943
8228,44499.31773665175
8229,44499.31774419586
8230,44499.31775657593
8231,44499.3177344467
8232,44484.801647358196
8233,44484.80164735822
8234,44484.80164735822
8235,44484.8016473582
8236,44484.801647358196
8237,44484.8016473582
8238,44484.8016473582
8239,44484.801647358196
8240,44484.80164735819
8241,44484.80162654774
8242,44484.8016360835
8243,44484.801647575674
8244,44484.80163961092
8245,44484.8016330296
8246,44484.8016640866
8247,44484.8016539462
8248,44484.80163017602
8249,44484.801647620465
8250,44484.80164580325
8251,44484.8016534507
8252,44484.801651748014
8253,44484.80164692415
8254,44484.801644955915
8255,44484.80164966472
8256,44484.801644675324
8257,44484.80163413601
8258,44484.801646648586
8259,44484.80172308828
8260,44484.80165478878
8261,44484.801646611595
8262,44484.80164274767
8263,44484.80164227664
8264,44484.80165172097
8265,44484.801654504925
8266,44484.801649557456
8267,44484.80164611503
8268,44484.80166000641
8269,44484.80165629849
8270,44484.80163559198
8271,44484.801646999265
8272,44484.80164963244
8273,44484.80165599404
8274,44484.80164861033
8275,44484.801648494635
8276,44484.801655812706
8277,44484.80164395788
8278,44484.80165026704
8279,44484.80166288473
8280,44484.801642464496
8281,44457.21080746218
8282,44457.210807462165
8283,44457.21080746218
8284,44457.21080746218
8285,44457.21080746218
8286,44457.210807462165
8287,44457.21080746217
8288,44457.21080746217
8289,44457.21080746218
8290,44457.210820754044
8291,44457.210823306516
8292,44457.21080581273
8293,44457.21083343892
8294,44457.210807749594
8295,44457.21088748488
8296,44457.21082590896
8297,44457.210788327866
8298,44457.21080936627
8299,44457.210808008655
8300,44457.21080614622
8301,44457.21082291019
8302,44457.21080078346
8303,44457.21081286672
8304,44457.21081218394
8305,44457.21075050128
8306,44457.210798675704
8307,44457.21085615525
8308,44457.21087391095
8309,44457.21082280041
8310,44457.21080671693
8311,44457.21080568044
8312,44457.210816608225
8313,44457.21080875464
8314,44457.21081517283
8315,44457.210812066776
8316,44457.21080032048
8317,44457.21081376982
8318,44457.21078438956
8319,44457.210792041275
8320,44457.2108127597
8321,44457.21081143457
8322,44457.21081461235
8323,44457.210807473806
8324,44457.21080789833
8325,44457.21084556754
8326,44457.21080262422
8327,44457.2108080653
8328,44457.210827704504
8329,44457.21079932307
8330,44443.90257664487
8331,44443.90257664488
8332,44443.90257664488
8333,44443.902576644854
8334,44443.90257664487
8335,44443.90257664487
8336,44443.90257664487
8337,44443.90257664487
8338,44443.90257664487
8339,44443.902562519965
8340,44443.90254838101
8341,44443.90257561614
8342,44443.90256171676
8343,44443.90258427559
8344,44443.90255387053
8345,44443.902577034394
8346,44443.90257741789
8347,44443.90258112939
8348,44443.902578799854
8349,44443.902579985275
8350,44443.90258052904
8351,44443.90257881765
8352,44443.90258423126
8353,44443.90257781944
8354,44443.90260809994
8355,44443.90258791137
8356,44443.90255437614
8357,44443.902635157254
8358,44443.902572991654
8359,44443.90257735941
8360,44443.90257682031
8361,44443.902573734056
8362,44443.90258314356
8363,44443.90256548938
8364,44443.902579874004
8365,44443.90257499832
8366,44443.902581650305
8367,44443.90258336339
8368,44443.902583691284
8369,44443.902587607525
8370,44443.902579051646
8371,44443.90257697055
8372,44443.90257673866
8373,44443.90257770238
8374,44443.90256593119
8375,44443.90257455724
8376,44443.90257765247
8377,44443.90257491627
8378,44443.90258894827
8379,44435.33198032458
8380,44435.33198032459
8381,44435.33198032459
8382,44435.33198032458
8383,44435.33198032459
8384,44435.331980324576
8385,44435.33198032458
8386,44435.33198032459
8387,44435.33198032459
8388,44435.331986152436
8389,44435.331974513116
8390,44435.33197894569
8391,44435.33198250694
8392,44435.33198779092
8393,44435.331993120744
8394,44435.331983322525
8395,44435.33197715408
8396,44435.331984637145
8397,44435.33198193714
8398,44435.331981152136
8399,44435.331988652135
8400,44435.33197862885
8401,44435.3319884532
8402,44435.33198356229
8403,44435.33198022511
8404,44435.3319857924
8405,44435.33198108949
8406,44435.33204100427
8407,44435.3319806286
8408,44435.33198083027
8409,44435.33197983623
8410,44435.33198298138
8411,44435.33198594982
8412,44435.33197591225
8413,44435.33198447247
8414,44435.331977244554
8415,44435.33197994354
8416,44435.33197169453
8417,44435.33198635316
8418,44435.331990662
8419,44435.33198479301
8420,44435.33198205577
8421,44435.33198034482
8422,44435.331980898656
8423,44435.33198503842
8424,44435.33197792037
8425,44435.33198108604
8426,44435.33198197788
8427,44435.33198559151
8428,44430.64556231631
8429,44430.64556231628
8430,44430.645562316284
8431,44430.645562316306
8432,44430.64556231628
8433,44430.64556231631
8434,44430.645562316306
8435,44430.64556231631
8436,44430.64556231631
8437,44430.645574002774
8438,44430.64556031084
8439,44430.64556061894
8440,44430.64556790576
8441,44430.64556787101
8442,44430.6455824129
8443,44430.64556428844
8444,44430.645560081844
8445,44430.64556673525
8446,44430.645564081904
8447,44430.64556261171
8448,44430.645571471076
8449,44430.645557263866
8450,44430.64557045635
8451,44430.645566259474
8452,44430.64555518659
8453,44430.64556415709
8454,44430.64556702845
8455,44430.645623005184
8456,44430.64556130471
8457,44430.6455625387
8458,44430.645561632075
8459,44430.64556549402
8460,44430.64556717133
8461,44430.6455609735
8462,44430.64556704449
8463,44430.645559753764
8464,44430.64555959835
8465,44430.64555081185
8466,44430.64557117052
8467,44430.64557306018
8468,44430.64556661553
8469,44430.64556457169
8470,44430.64556209491
8471,44430.64556252994
8472,44430.64557017594
8473,44430.64555918244
8474,44430.645562953316
8475,44430.64556404441
8476,44430.645565315936
8477,44417.031319022084
8478,44417.03131902208
8479,44417.031319022084
8480,44417.03131902208
8481,44417.031319022084
8482,44417.03131902209
8483,44417.03131902209
8484,44417.031319022084
8485,44417.03131902208
8486,44417.031338279965
8487,44417.03132230563
8488,44417.03131731393
8489,44417.03132771751
8490,44417.03132267087
8491,44417.031341168076
8492,44417.031318967805
8493,44417.031320551956
8494,44417.03132313612
8495,44417.03132111517
8496,44417.0313185211
8497,44417.031328571065
8498,44417.031313858
8499,44417.03132601423
8500,44417.03132362046
8501,44417.03130865298
8502,44417.03131801808
8503,44417.03132387292
8504,44417.03137747084
8505,44417.031313564235
8506,44417.031319543676
8507,44417.03131868356
8508,44417.03132271222
8509,44417.03132370422
8510,44417.03132035447
8511,44417.03132414421
8512,44417.031317044544
8513,44417.031311054336
8514,44417.03130462812
8515,44417.031333595696
8516,44417.03133001722
8517,44417.03132225512
8518,44417.03132048065
8519,44417.031318577705
8520,44417.03131881375
8521,44417.03132533899
8522,44417.03131638967
8523,44417.031319144844
8524,44417.03131663615
8525,44417.031321021095
8526,44408.08555271875
8527,44408.08555271874
8528,44408.08555271874
8529,44408.085552718745
8530,44408.08555271875
8531,44408.085552718745
8532,44408.08555271874
8533,44408.085552718745
8534,44408.085552718745
8535,44408.08547841492
8536,44408.08547799459
8537,44408.08554826517
8538,44408.08553598601
8539,44408.08549651961
8540,44408.08560267927
8541,44408.08556064397
8542,44408.08554829215
8543,44408.085550650096
8544,44408.08556242044
8545,44408.085559688385
8546,44408.085556204205
8547,44408.08548996636
8548,44408.08555358328
8549,44408.08555597712
8550,44408.08552310669
8551,44408.085495496045
8552,44408.08557440998
8553,44408.0856069532
8554,44408.08555877529
8555,44408.08554559071
8556,44408.085551506236
8557,44408.08553286483
8558,44408.0855356614
8559,44408.08555979621
8560,44408.08556156498
8561,44408.0855558395
8562,44408.08559917111
8563,44408.08559259221
8564,44408.08552295556
8565,44408.08554806061
8566,44408.08554416897
8567,44408.08556577612
8568,44408.08554653151
8569,44408.085548401286
8570,44408.085596627316
8571,44408.08553494886
8572,44408.085551199256
8573,44408.08560101662
8574,44408.08551805878
8575,44374.82207799758
8576,44374.822077997516
8577,44374.822077997516
8578,44374.822077997575
8579,44374.82207799758
8580,44374.82207799758
8581,44374.82207799756
8582,44374.82207799758
8583,44374.822077997596
8584,44374.822061702216
8585,44374.822054805496
8586,44374.822076168
8587,44374.82207380468
8588,44374.82205902616
8589,44374.82209402414
8590,44374.82207900522
8591,44374.82208444662
8592,44374.822077691286
8593,44374.82208416814
8594,44374.822079400496
8595,44374.822082847575
8596,44374.82205752599
8597,44374.82207967861
8598,44374.822081784136
8599,44374.822073586016
8600,44374.82205887502
8601,44374.822077649646
8602,44374.8221273151
8603,44374.82207029583
8604,44374.822077226156
8605,44374.82207968369
8606,44374.82207187877
8607,44374.82207530073
8608,44374.82207769386
8609,44374.822083944266
8610,44374.82207779971
8611,44374.82208533197
8612,44374.82208655578
8613,44374.82207986788
8614,44374.82208134658
8615,44374.82207461332
8616,44374.82207981109
8617,44374.82207508072
8618,44374.822075753815
8619,44374.82208663307
8620,44374.822073602336
8621,44374.822075624914
8622,44374.82208550021
8623,44374.82206894051
8624,44361.80040812695
8625,44361.80040812697
8626,44361.80040812697
8627,44361.80040812697
8628,44361.80040812696
8629,44361.800408126954
8630,44361.80040812697
8631,44361.80040812695
8632,44361.800408126925
8633,44361.80040583349
8634,44361.800401186905
8635,44361.80040748343
8636,44361.80040728268
8637,44361.80040085024
8638,44361.80041183151
8639,44361.80041006267
8640,44361.800418242405
8641,44361.80040688916
8642,44361.80041395266
8643,44361.80040728985
8644,44361.800412974015
8645,44361.80040355207
8646,44361.80040835263
8647,44361.800411587865
8648,44361.8004135018
8649,44361.80040218858
8650,44361.80040123738
8651,44361.80045310338
8652,44361.80039647687
8653,44361.800409793934
8654,44361.80041210815
8655,44361.80040627303
8656,44361.80040948866
8657,44361.80040357995
8658,44361.80041275473
8659,44361.80040569588
8660,44361.80040473518
8661,44361.80040867943
8662,44361.80041595678
8663,44361.80041214981
8664,44361.80040490194
8665,44361.800405251364
8666,44361.80040596192
8667,44361.800406409304
8668,44361.80040471589
8669,44361.800409189666
8670,44361.800404375324
8671,44361.800402466935
8672,44361.80040809051
8673,44352.19952821271
8674,44352.19952821272
8675,44352.19952821272
8676,44352.19952821271
8677,44352.1995282127
8678,44352.19952821272
8679,44352.1995282127
8680,44352.19952821272
8681,44352.19952821271
8682,44352.19952489993
8683,44352.19952665437
8684,44352.199528126905
8685,44352.199527879704
8686,44352.19952312744
8687,44352.19953112453
8688,44352.19953369931
8689,44352.19953756057
8690,44352.19952507521
8691,44352.19953480627
8692,44352.19952620327
8693,44352.19953264821
8694,44352.199527265686
8695,44352.199526829936
8696,44352.19953130722
8697,44352.19953504054
8698,44352.19952550279
8699,44352.199522425886
8700,44352.19957033197
8701,44352.19951840213
8702,44352.1995306689
8703,44352.19953424762
8704,44352.19952726013
8705,44352.19952943179
8706,44352.19952111193
8707,44352.19953216995
8708,44352.19952389892
8709,44352.199525198936
8710,44352.19952847216
8711,44352.19953119794
8712,44352.199530052465
8713,44352.19952435428
8714,44352.19952352474
8715,44352.19952586698
8716,44352.19952628749
8717,44352.19952445367
8718,44352.19953161422
8719,44352.19952286746
8720,44352.19952216456
8721,44352.199529686855
8722,44337.22957727489
8723,44337.229577274906
8724,44337.22957727489
8725,44337.22957727491
8726,44337.229577274906
8727,44337.22957727489
8728,44337.22957727489
8729,44337.229577274906
8730,44337.2295772749
8731,44337.22957166097
8732,44337.22957047172
8733,44337.22957571668
8734,44337.22956963011
8735,44337.22956449428
8736,44337.22957668369
8737,44337.2295634603
8738,44337.22955838867
8739,44337.22958122858
8740,44337.229582794724
8741,44337.22957538576
8742,44337.22957890834
8743,44337.229576056234
8744,44337.22959778167
8745,44337.22957914791
8746,44337.22958745002
8747,44337.229568156705
8748,44337.229562026405
8749,44337.229637656164
8750,44337.22959765661
8751,44337.22957867991
8752,44337.229586241425
8753,44337.22957265327
8754,44337.2295741602
8755,44337.22957796513
8756,44337.2295805954
8757,44337.22957283787
8758,44337.22958565248
8759,44337.229589554976
8760,44337.229573201
8761,44337.229591786985
8762,44337.2295921178
8763,44337.2295712344
8764,44337.22957674513
8765,44337.22957500626
8766,44337.229578305785
8767,44337.2295833801
8768,44337.2295714175
8769,44337.22958254581
8770,44337.2295626624
8771,44321.203850682825
8772,44321.203850682825
8773,44321.20385068282
8774,44321.203850682854
8775,44321.20385068282
8776,44321.203850682825
8777,44321.203850682825
8778,44321.203850682825
8779,44321.20385068285
8780,44321.20385897973
8781,44321.20384974398
8782,44321.203849652346
8783,44321.203855177075
8784,44321.20383675412
8785,44321.20388184278
8786,44321.2038515057
8787,44321.20384186145
8788,44321.20384907745
8789,44321.20385710437
8790,44321.20384689366
8791,44321.2038555072
8792,44321.2038526814
8793,44321.20385565277
8794,44321.20385393531
8795,44321.20383483696
8796,44321.2038367111
8797,44321.20386482223
8798,44321.203905992974
8799,44321.20385555709
8800,44321.203851405444
8801,44321.20385981302
8802,44321.20384875343
8803,44321.20384414403
8804,44321.20386463519
8805,44321.20385438836
8806,44321.203845737095
8807,44321.203854475556
8808,44321.20385249106
8809,44321.20384134954
8810,44321.203854822095
8811,44321.20384912436
8812,44321.2038479209
8813,44321.20384888212
8814,44321.2038478648
8815,44321.203867793076
8816,44321.203852889084
8817,44321.20384400532
8818,44321.20385959604
8819,44321.203841705166
8820,44311.451042737426
8821,44311.451042737426
8822,44311.451042737426
8823,44311.451042737455
8824,44311.45104273743
8825,44311.451042737455
8826,44311.45104273744
8827,44311.451042737426
8828,44311.451042737426
8829,44311.45106601945
8830,44311.45105436883
8831,44311.451041980115
8832,44311.45105433908
8833,44311.451039411324
8834,44311.45108041912
8835,44311.45104552824
8836,44311.45103467547
8837,44311.451041510874
8838,44311.451048053146
8839,44311.451037781444
8840,44311.45104974351
8841,44311.451051533
8842,44311.451047517316
8843,44311.45104664293
8844,44311.451021441586
8845,44311.4510370484
8846,44311.451063095155
8847,44311.45109923162
8848,44311.45104586835
8849,44311.45104397116
8850,44311.45105200819
8851,44311.451045555994
8852,44311.451038402054
8853,44311.451058431216
8854,44311.4510459287
8855,44311.45103623516
8856,44311.4510400419
8857,44311.45103366
8858,44311.45103715911
8859,44311.45104764653
8860,44311.451040808766
8861,44311.451039657746
8862,44311.4510416543
8863,44311.45104049871
8864,44311.4510619768
8865,44311.45104534042
8866,44311.45103643508
8867,44311.451048170966
8868,44311.45103856856
8869,44286.70139488454
8870,44286.70139488452
8871,44286.70139488455
8872,44286.701394884534
8873,44286.70139488455
8874,44286.701394884534
8875,44286.701394884556
8876,44286.701394884534
8877,44286.70139488453
8878,44286.70141862226
8879,44286.701399529054
8880,44286.701394964555
8881,44286.70139421682
8882,44286.70140341905
8883,44286.70139321206
8884,44286.701393543604
8885,44286.70139720754
8886,44286.701393844545
8887,44286.701398389996
8888,44286.701390985865
8889,44286.70139711998
8890,44286.701414814655
8891,44286.70139491539
8892,44286.70139740538
8893,44286.70140899389
8894,44286.70140453559
8895,44286.70139214342
8896,44286.70145459459
8897,44286.70138306946
8898,44286.70139649223
8899,44286.70140458398
8900,44286.701395403405
8901,44286.70139165234
8902,44286.701411050104
8903,44286.70139610423
8904,44286.70139198407
8905,44286.701385944565
8906,44286.70139142529
8907,44286.70140454742
8908,44286.70139889272
8909,44286.701387498084
8910,44286.70139176718
8911,44286.701395360615
8912,44286.70139422947
8913,44286.701396486096
8914,44286.70139591263
8915,44286.70139024439
8916,44286.70138708683
8917,44286.701406451575
8918,44273.45311680313
8919,44273.45311680313
8920,44273.453116803124
8921,44273.45311680311
8922,44273.45311680312
8923,44273.453116803124
8924,44273.45311680312
8925,44273.45311680312
8926,44273.45311680312
8927,44273.45316896551
8928,44273.45315563229
8929,44273.45311632364
8930,44273.453142716906
8931,44273.45314400651
8932,44273.45306867639
8933,44273.453114960445
8934,44273.45311539439
8935,44273.45311975697
8936,44273.4531181184
8937,44273.45311187991
8938,44273.45312775033
8939,44273.453132959
8940,44273.45312671073
8941,44273.45312252531
8942,44273.45308881513
8943,44273.453137584314
8944,44273.45314870734
8945,44273.45318272012
8946,44273.45311575272
8947,44273.453117657424
8948,44273.453125694345
8949,44273.45312796958
8950,44273.45311502574
8951,44273.453125738706
8952,44273.45311828586
8953,44273.453110616356
8954,44273.453101453015
8955,44273.45308591031
8956,44273.453125357155
8957,44273.45312139625
8958,44273.453119744525
8959,44273.45311584424
8960,44273.45311833439
8961,44273.453116615376
8962,44273.45314339715
8963,44273.453115507466
8964,44273.45311410267
8965,44273.45311489859
8966,44273.45312087407
8967,44256.268161180014
8968,44256.26816118002
8969,44256.26816118003
8970,44256.268161180014
8971,44256.268161180014
8972,44256.26816118002
8973,44256.26816118002
8974,44256.26816118002
8975,44256.268161180014
8976,44256.268176180005
8977,44256.2681684513
8978,44256.26816069617
8979,44256.26816475113
8980,44256.268176042075
8981,44256.26815460461
8982,44256.26815264166
8983,44256.268166750524
8984,44256.26816439745
8985,44256.268163194974
8986,44256.26815954704
8987,44256.26816460341
8988,44256.26816683198
8989,44256.2681696413
8990,44256.2681641982
8991,44256.26817032381
8992,44256.26817717507
8993,44256.26816383374
8994,44256.26822645098
8995,44256.26815499481
8996,44256.268161117565
8997,44256.26816996126
8998,44256.268161258056
8999,44256.26815488676
9000,44256.26815980436
9001,44256.268162073546
9002,44256.26816078586
9003,44256.268157241626
9004,44256.26815731334
9005,44256.268171562646
9006,44256.26816286233
9007,44256.26816338747
9008,44256.26816167243
9009,44256.26816256459
9010,44256.26816127048
9011,44256.26817202223
9012,44256.26815667894
9013,44256.26815944135
9014,44256.26815762498
9015,44256.26816553446
9016,44246.88965746918
9017,44246.88965746918
9018,44246.88965746918
9019,44246.88965746919
9020,44246.8896574692
9021,44246.88965746919
9022,44246.8896574692
9023,44246.8896574692
9024,44246.88965746918
9025,44246.88964508345
9026,44246.88964765105
9027,44246.889656696105
9028,44246.88965137153
9029,44246.88965956168
9030,44246.88966266621
9031,44246.88964514622
9032,44246.889663657355
9033,44246.88966157636
9034,44246.8896601787
9035,44246.88965819699
9036,44246.88965769637
9037,44246.88964900133
9038,44246.88966819915
9039,44246.889659127024
9040,44246.889676808285
9041,44246.889664693
9042,44246.889649528326
9043,44246.88972239061
9044,44246.88965509206
9045,44246.889656552434
9046,44246.88966575106
9047,44246.88965068384
9048,44246.88964737758
9049,44246.88964531676
9050,44246.88965843142
9051,44246.88966015407
9052,44246.88966425081
9053,44246.889670154975
9054,44246.88966379387
9055,44246.88965743695
9056,44246.88966382335
9057,44246.88965949054
9058,44246.88965846935
9059,44246.88965730067
9060,44246.88966473718
9061,44246.88965084862
9062,44246.88965636478
9063,44246.889657923246
9064,44246.88965491534
9065,44239.503602484736
9066,44239.50360248474
9067,44239.50360248473
9068,44239.50360248474
9069,44239.50360248472
9070,44239.50360248474
9071,44239.50360248473
9072,44239.503602484736
9073,44239.50360248472
9074,44239.5035845807
9075,44239.50359032977
9076,44239.50360176172
9077,44239.503597339295
9078,44239.50360015787
9079,44239.503602983976
9080,44239.50359146265
9081,44239.50360888868
9082,44239.50360646886
9083,44239.503605084625
9084,44239.50360408099
9085,44239.50360296471
9086,44239.503590424865
9087,44239.503611895496
9088,44239.50360404736
9089,44239.50361708619
9090,44239.50360561615
9091,44239.5035972654
9092,44239.5036662467
9093,44239.50360046023
9094,44239.50360136409
9095,44239.50361018027
9096,44239.50359479916
9097,44239.50359150601
9098,44239.503588566426
9099,44239.50360344365
9100,44239.50360584446
9101,44239.50361109881
9102,44239.50361696151
9103,44239.50360696812
9104,44239.50360095046
9105,44239.50360885135
9106,44239.503605311525
9107,44239.503603462195
9108,44239.50360238587
9109,44239.503610912914
9110,44239.50359541232
9111,44239.50360202989
9112,44239.50360437462
9113,44239.50359740951
9114,44213.566526211114
9115,44213.56652621112
9116,44213.5665262111
9117,44213.566526211114
9118,44213.56652621112
9119,44213.566526211114
9120,44213.566526211114
9121,44213.566526211114
9122,44213.566526211114
9123,44213.566521853725
9124,44213.566530391945
9125,44213.56652651992
9126,44213.5665326727
9127,44213.566524736045
9128,44213.56654034863
9129,44213.56652133251
9130,44213.566533446436
9131,44213.56652918936
9132,44213.56652618375
9133,44213.566529420714
9134,44213.56652964547
9135,44213.56652167411
9136,44213.566527184
9137,44213.566528634416
9138,44213.56652465814
9139,44213.56652841127
9140,44213.566529488795
9141,44213.56658458099
9142,44213.56651957488
9143,44213.56652604062
9144,44213.56653216737
9145,44213.56652337766
9146,44213.56651881257
9147,44213.56651535462
9148,44213.566526096816
9149,44213.56652985721
9150,44213.56652369763
9151,44213.56652831979
9152,44213.566536361126
9153,44213.56652265024
9154,44213.56652975103
9155,44213.56652868108
9156,44213.56652874009
9157,44213.56652760878
9158,44213.566531542834
9159,44213.56652361436
9160,44213.56652884962
9161,44213.566520726265
9162,44213.56652272072
9163,44231.33385483429
9164,44231.33385483428
9165,44231.333854834294
9166,44231.33385483429
9167,44231.33385483428
9168,44231.33385483428
9169,44231.33385483428
9170,44231.33385483429
9171,44231.33385483428
9172,44231.33378528363
9173,44231.33379734498
9174,44231.333853815406
9175,44231.333860207815
9176,44231.33380747108
9177,44231.33393757655
9178,44231.33386932914
9179,44231.333840652704
9180,44231.33385556881
9181,44231.33385546876
9182,44231.33386488441
9183,44231.33386063004
9184,44231.333811185075
9185,44231.333845728725
9186,44231.33385464049
9187,44231.33379460063
9188,44231.33380407369
9189,44231.333904522144
9190,44231.333910011
9191,44231.33386965245
9192,44231.33384958661
9193,44231.333857142294
9194,44231.33384233447
9195,44231.33383238332
9196,44231.33386533467
9197,44231.33385595257
9198,44231.333859815524
9199,44231.33390042826
9200,44231.333881855324
9201,44231.33381126456
9202,44231.33383967265
9203,44231.33384587844
9204,44231.33386896583
9205,44231.33385670764
9206,44231.33385648513
9207,44231.33390867938
9208,44231.333837716025
9209,44231.3338612921
9210,44231.33390772703
9211,44231.33381697295
9212,44208.616286363016
9213,44208.61628636301
9214,44208.61628636301
9215,44208.616286363016
9216,44208.61628636301
9217,44208.61628636301
9218,44208.61628636302
9219,44208.61628636301
9220,44208.61628636301
9221,44208.61626173364
9222,44208.61627179082
9223,44208.616286287564
9224,44208.61629236701
9225,44208.61627073796
9226,44208.61632152184
9227,44208.61628732517
9228,44208.616286913166
9229,44208.61628858177
9230,44208.61628655188
9231,44208.616291670136
9232,44208.616290479564
9233,44208.61626947964
9234,44208.61628439544
9235,44208.6162880803
9236,44208.61626698695
9237,44208.61627231634
9238,44208.61630383248
9239,44208.61634367948
9240,44208.61628670915
9241,44208.61628462358
9242,44208.61629112737
9243,44208.61628048111
9244,44208.616274201326
9245,44208.61628172032
9246,44208.616286619246
9247,44208.616290411555
9248,44208.61629896983
9249,44208.61629621124
9250,44208.616279634494
9251,44208.6162790887
9252,44208.61628625131
9253,44208.616292387385
9254,44208.61628865283
9255,44208.616287805016
9256,44208.61630676438
9257,44208.61627948127
9258,44208.61629018906
9259,44208.6162988741
9260,44208.616271972016
9261,44200.528992400985
9262,44200.52899240099
9263,44200.52899240099
9264,44200.528992401
9265,44200.528992401
9266,44200.52899240101
9267,44200.52899240099
9268,44200.528992400985
9269,44200.528992400985
9270,44200.52898124781
9271,44200.52898685129
9272,44200.528992857944
9273,44200.52900090682
9274,44200.52898310081
9275,44200.52902317982
9276,44200.52899357453
9277,44200.528991580904
9278,44200.52899446545
9279,44200.52899103963
9280,44200.528997557725
9281,44200.528997072535
9282,44200.52898748806
9283,44200.52898848453
9284,44200.5289943235
9285,44200.52897590475
9286,44200.52898416151
9287,44200.529006501194
9288,44200.529048532946
9289,44200.52899065889
9290,44200.5289915902
9291,44200.52899719458
9292,44200.52898992892
9293,44200.528983614946
9294,44200.528992908236
9295,44200.52899176246
9296,44200.528995852954
9297,44200.52899692956
9298,44200.52899517593
9299,44200.52899127856
9300,44200.528987322024
9301,44200.528990732324
9302,44200.52899655716
9303,44200.52899588812
9304,44200.528994858185
9305,44200.52900636346
9306,44200.52898959811
9307,44200.52899714059
9308,44200.5289977736
9309,44200.528983017495
9310,44192.44377861152
9311,44192.44377861153
9312,44192.44377861154
9313,44192.44377861154
9314,44192.44377861157
9315,44192.44377861153
9316,44192.44377861154
9317,44192.44377861157
9318,44192.443778611545
9319,44192.44377781338
9320,44192.44377821554
9321,44192.443779732006
9322,44192.44378380028
9323,44192.44377470012
9324,44192.44379240656
9325,44192.443779329136
9326,44192.443774891035
9327,44192.44378017895
9328,44192.44377561746
9329,44192.44378376277
9330,44192.443781857706
9331,44192.443787696364
9332,44192.44377242758
9333,44192.4437801529
9334,44192.44377638548
9335,44192.44377661559
9336,44192.44378024621
9337,44192.443833379235
9338,44192.44377555115
9339,44192.4437788989
9340,44192.44378376375
9341,44192.44377818147
9342,44192.44377347713
9343,44192.44378531502
9344,44192.44377665433
9345,44192.44378185831
9346,44192.44377607828
9347,44192.44377894269
9348,44192.44378272477
9349,44192.44377667274
9350,44192.443775195956
9351,44192.44378012107
9352,44192.443783536866
9353,44192.443782306524
9354,44192.443780531525
9355,44192.4437813646
9356,44192.443784229625
9357,44192.443775321524
9358,44192.44377607355
9359,44188.01391504387
9360,44188.01391504386
9361,44188.01391504386
9362,44188.013915043855
9363,44188.01391504386
9364,44188.01391504386
9365,44188.01391504386
9366,44188.01391504386
9367,44188.013915043855
9368,44188.01391635142
9369,44188.01391713052
9370,44188.01391635299
9371,44188.01391823803
9372,44188.01391351012
9373,44188.01392265849
9374,44188.01391604289
9375,44188.01390930442
9376,44188.0139164888
9377,44188.013911624344
9378,44188.01392023574
9379,44188.013917699805
9380,44188.013926686916
9381,44188.01390910198
9382,44188.0139164594
9383,44188.01391855852
9384,44188.01391552645
9385,44188.01391183631
9386,44188.01396871015
9387,44188.01391424482
9388,44188.013915640964
9389,44188.013920354206
9390,44188.01391525651
9391,44188.01391133167
9392,44188.013921555445
9393,44188.01391260936
9394,44188.01391782124
9395,44188.01391176635
9396,44188.01391511322
9397,44188.013918331504
9398,44188.01391441599
9399,44188.01391259693
9400,44188.013915590316
9401,44188.01392039492
9402,44188.013919079094
9403,44188.01391358299
9404,44188.01391987588
9405,44188.01392084167
9406,44188.0139107945
9407,44188.01391382698
9408,44177.115326685576
9409,44177.1153266856
9410,44177.11532668558
9411,44177.11532668559
9412,44177.11532668559
9413,44177.11532668558
9414,44177.115326685576
9415,44177.11532668559
9416,44177.11532668558
9417,44177.115330597575
9418,44177.115332400994
9419,44177.11532826702
9420,44177.11532759898
9421,44177.115329548426
9422,44177.11532816518
9423,44177.1153321037
9424,44177.115321584315
9425,44177.11532715126
9426,44177.11532347296
9427,44177.1153316875
9428,44177.115328728054
9429,44177.115338286174
9430,44177.11531853938
9431,44177.115328116866
9432,44177.11533686161
9433,44177.11533128671
9434,44177.11532046081
9435,44177.115374200446
9436,44177.11532756582
9437,44177.11532756196
9438,44177.115331991125
9439,44177.11532773857
9440,44177.11532497985
9441,44177.115329507156
9442,44177.115323899416
9443,44177.11532830383
9444,44177.11532326083
9445,44177.11532596295
9446,44177.11532489391
9447,44177.11532616549
9448,44177.1153242411
9449,44177.11532628458
9450,44177.1153319301
9451,44177.11533089436
9452,44177.1153218574
9453,44177.11533345981
9454,44177.11533232239
9455,44177.115322972415
9456,44177.1153285285
9457,44162.569668012955
9458,44162.56966801295
9459,44162.56966801294
9460,44162.569668012955
9461,44162.569668012955
9462,44162.56966801295
9463,44162.569668012955
9464,44162.56966801295
9465,44162.56966801297
9466,44162.56966454668
9467,44162.56966394594
9468,44162.5696686721
9469,44162.56966209747
9470,44162.56966586325
9471,44162.56966364372
9472,44162.56966378322
9473,44162.5696546855
9474,44162.56967201202
9475,44162.56966537233
9476,44162.569673258215
9477,44162.569668325246
9478,44162.56966817763
9479,44162.56967215115
9480,44162.56966859083
9481,44162.56968371698
9482,44162.56966564435
9483,44162.56965326485
9484,44162.569716773876
9485,44162.56968488516
9486,44162.56966791868
9487,44162.5696720601
9488,44162.569666276635
9489,44162.56966544216
9490,44162.56966694345
9491,44162.56966577295
9492,44162.56966918957
9493,44162.56967440222
9494,44162.56967609687
9495,44162.56965882268
9496,44162.5696755301
9497,44162.56967552345
9498,44162.56966779064
9499,44162.56967295382
9500,44162.56967211076
9501,44162.56966366041
9502,44162.569674735976
9503,44162.56967392326
9504,44162.56967465857
9505,44162.56966050649
9506,44148.71058635618
9507,44148.71058635619
9508,44148.71058635619
9509,44148.710586356196
9510,44148.71058635619
9511,44148.710586356196
9512,44148.71058635619
9513,44148.71058635619
9514,44148.710586356196
9515,44148.71059380937
9516,44148.71058580979
9517,44148.71058693475
9518,44148.71058938198
9519,44148.71059243512
9520,44148.71059877426
9521,44148.71058969473
9522,44148.710583976266
9523,44148.71058963343
9524,44148.71058522394
9525,44148.71059058161
9526,44148.71058943296
9527,44148.71058178451
9528,44148.71058438729
9529,44148.71058790842
9530,44148.71058789177
9531,44148.71058814201
9532,44148.71058932159
9533,44148.71062576359
9534,44148.710594702934
9535,44148.71058598122
9536,44148.71058871982
9537,44148.71058742987
9538,44148.71058511706
9539,44148.71058312569
9540,44148.71058531316
9541,44148.71058573889
9542,44148.7105888721
9543,44148.710584319626
9544,44148.71057512605
9545,44148.71059093786
9546,44148.71058815857
9547,44148.71058763571
9548,44148.7105896491
9549,44148.71059016432
9550,44148.710588134665
9551,44148.7105891316
9552,44148.71059204606
9553,44148.71059558819
9554,44148.710584177905
9555,44143.19057101697
9556,44143.19057101696
9557,44143.19057101696
9558,44143.190571016974
9559,44143.19057101697
9560,44143.19057101697
9561,44143.19057101695
9562,44143.19057101697
9563,44143.19057101697
9564,44143.19055400319
9565,44143.190538395924
9566,44143.19057148816
9567,44143.19055334894
9568,44143.190567144586
9569,44143.19053459113
9570,44143.19056849282
9571,44143.19058079635
9572,44143.190574165375
9573,44143.190571481515
9574,44143.19057439158
9575,44143.19056630366
9576,44143.19056133634
9577,44143.190565213205
9578,44143.19057053051
9579,44143.19061478716
9580,44143.190568090205
9581,44143.19054212975
9582,44143.19060909387
9583,44143.19056377929
9584,44143.19057049039
9585,44143.19057216232
9586,44143.19056364854
9587,44143.19056617209
9588,44143.19056701943
9589,44143.190570294704
9590,44143.19057409851
9591,44143.19057801381
9592,44143.19059182748
9593,44143.19057168915
9594,44143.19057602567
9595,44143.190565827535
9596,44143.19057296471
9597,44143.19057330284
9598,44143.190574954926
9599,44143.19055166596
9600,44143.19056891597
9601,44143.190576893096
9602,44143.19056733347
9603,44143.190579057504
9604,44138.6541055103
9605,44138.6541055103
9606,44138.6541055103
9607,44138.6541055103
9608,44138.654105510286
9609,44138.6541055103
9610,44138.65410551031
9611,44138.6541055103
9612,44138.65410551031
9613,44138.65412214564
9614,44138.65410246964
9615,44138.65410575808
9616,44138.65410927414
9617,44138.65411719934
9618,44138.654102874396
9619,44138.654103977125
9620,44138.65411435015
9621,44138.654109775365
9622,44138.654105987036
9623,44138.654107031245
9624,44138.654107880175
9625,44138.65410192903
9626,44138.654104124005
9627,44138.65410751616
9628,44138.65411440861
9629,44138.65411193796
9630,44138.65410492932
9631,44138.65414607554
9632,44138.65410004166
9633,44138.654105261085
9634,44138.65410657736
9635,44138.65410638591
9636,44138.654104878915
9637,44138.65410389261
9638,44138.65410570235
9639,44138.654104390385
9640,44138.65410010058
9641,44138.654100533815
9642,44138.654110675256
9643,44138.65411241391
9644,44138.654103420035
9645,44138.654106986076
9646,44138.65410714266
9647,44138.65410864494
9648,44138.65410076722
9649,44138.654104440015
9650,44138.65411013011
9651,44138.65410443993
9652,44138.65411299817
9653,44136.20576043136
9654,44136.20576043137
9655,44136.205760431374
9656,44136.20576043137
9657,44136.20576043137
9658,44136.20576043136
9659,44136.20576043137
9660,44136.20576043137
9661,44136.205760431374
9662,44136.20577255668
9663,44136.2057555342
9664,44136.20576058178
9665,44136.20576538278
9666,44136.20576699113
9667,44136.205750535395
9668,44136.205758738535
9669,44136.205766896106
9670,44136.205764799786
9671,44136.20576087857
9672,44136.205762622245
9673,44136.20576305361
9674,44136.20575364774
9675,44136.205758806514
9676,44136.20576221185
9677,44136.20576215122
9678,44136.20576142174
9679,44136.20576349736
9680,44136.205802152406
9681,44136.20575707385
9682,44136.20575992785
9683,44136.20576117757
9684,44136.20576050592
9685,44136.205758669406
9686,44136.20576009453
9687,44136.20576077652
9688,44136.20575986474
9689,44136.20575724608
9690,44136.20575711086
9691,44136.20576357853
9692,44136.205766385756
9693,44136.205758776596
9694,44136.205762673526
9695,44136.20576205929
9696,44136.20576349212
9697,44136.20575886374
9698,44136.20575900825
9699,44136.20576544501
9700,44136.205762831436
9701,44136.205764222475
9702,44131.08963908678
9703,44131.0896390868
9704,44131.089639086786
9705,44131.089639086786
9706,44131.089639086786
9707,44131.08963908677
9708,44131.08963908678
9709,44131.089639086786
9710,44131.08963908678
9711,44131.08964676331
9712,44131.08963463381
9713,44131.08963915805
9714,44131.08964556584
9715,44131.0896399745
9716,44131.08965555913
9717,44131.08963677639
9718,44131.08964421108
9719,44131.08964330726
9720,44131.08963998974
9721,44131.089641429695
9722,44131.089641706
9723,44131.089629300324
9724,44131.089636450386
9725,44131.08964066832
9726,44131.089633581265
9727,44131.08963461425
9728,44131.08964534852
9729,44131.089682738035
9730,44131.089636433695
9731,44131.08963850358
9732,44131.08963923701
9733,44131.08963801564
9734,44131.08963638863
9735,44131.089639060774
9736,44131.08963984487
9737,44131.0896388868
9738,44131.0896361862
9739,44131.08963741688
9740,44131.089642565
9741,44131.08964316234
9742,44131.089638021775
9743,44131.08964188474
9744,44131.089640232174
9745,44131.08964177656
9746,44131.0896388943
9747,44131.089637870944
9748,44131.08964414137
9749,44131.08964278303
9750,44131.089640550264
9751,44122.03031084414
9752,44122.03031084414
9753,44122.03031084414
9754,44122.03031084413
9755,44122.03031084414
9756,44122.03031084414
9757,44122.03031084416
9758,44122.03031084412
9759,44122.03031084414
9760,44122.03030709105
9761,44122.03030102867
9762,44122.03031060671
9763,44122.030317813165
9764,44122.03030292775
9765,44122.03033944423
9766,44122.030308861475
9767,44122.030313886105
9768,44122.0303143592
9769,44122.03031369395
9770,44122.030312591996
9771,44122.03031330014
9772,44122.0302943406
9773,44122.03030658086
9774,44122.030311950126
9775,44122.03029356014
9776,44122.03029741944
9777,44122.03032513015
9778,44122.030356412746
9779,44122.03031132962
9780,44122.030309879956
9781,44122.0303098793
9782,44122.03030743291
9783,44122.030306148474
9784,44122.03031120607
9785,44122.03031277272
9786,44122.030309968824
9787,44122.03031302447
9788,44122.030313957555
9789,44122.03030699838
9790,44122.030310426395
9791,44122.030309628535
9792,44122.030314669246
9793,44122.0303102878
9794,44122.030312479335
9795,44122.030315932956
9796,44122.0303087491
9797,44122.03031502268
9798,44122.03032221225
9799,44122.03030747872
9800,44110.75789492234
9801,44110.757894922324
9802,44110.757894922324
9803,44110.757894922324
9804,44110.757894922324
9805,44110.757894922324
9806,44110.757894922324
9807,44110.757894922324
9808,44110.75789492233
9809,44110.75789685699
9810,44110.75790227319
9811,44110.75789520687
9812,44110.75790127611
9813,44110.7578934871
9814,44110.75791077971
9815,44110.75788985958
9816,44110.757897760675
9817,44110.75789659902
9818,44110.75789875186
9819,44110.75789350245
9820,44110.75789663085
9821,44110.757894018796
9822,44110.75788917359
9823,44110.75789661983
9824,44110.75788759405
9825,44110.7578921858
9826,44110.75789976209
9827,44110.757945645855
9828,44110.75789313047
9829,44110.75789562943
9830,44110.75789390264
9831,44110.7578928794
9832,44110.75789416755
9833,44110.75789255345
9834,44110.75789687616
9835,44110.75789114674
9836,44110.757886275336
9837,44110.75789365383
9838,44110.75789925323
9839,44110.75789098835
9840,44110.757894978786
9841,44110.75789498515
9842,44110.75789334648
9843,44110.757895819464
9844,44110.75788786814
9845,44110.75790039198
9846,44110.75789694003
9847,44110.75789225451
9848,44110.75789851262
9849,44105.169163641986
9850,44105.16916364199
9851,44105.16916364199
9852,44105.169163641986
9853,44105.169163641986
9854,44105.169163641986
9855,44105.169163641986
9856,44105.169163641986
9857,44105.169163641986
9858,44105.16915032794
9859,44105.16916201772
9860,44105.16916343741
9861,44105.169167383276
9862,44105.169156027085
9863,44105.169191110326
9864,44105.16916007422
9865,44105.169161819045
9866,44105.16916482613
9867,44105.169169540015
9868,44105.16916133543
9869,44105.1691653991
9870,44105.169151957256
9871,44105.16916001463
9872,44105.16916474208
9873,44105.16914711049
9874,44105.16915287867
9875,44105.169176180614
9876,44105.16921616355
9877,44105.169170778325
9878,44105.169163593244
9879,44105.16916221126
9880,44105.16915951576
9881,44105.169160449914
9882,44105.16916023838
9883,44105.169166594
9884,44105.16915801087
9885,44105.16916703051
9886,44105.16916877403
9887,44105.16915240995
9888,44105.169156694305
9889,44105.16916556061
9890,44105.16916490671
9891,44105.16916046607
9892,44105.169163406914
9893,44105.16916736408
9894,44105.169166133215
9895,44105.1691640632
9896,44105.16917685412
9897,44105.16915874073
9898,44100.737534688094
9899,44100.737534688094
9900,44100.7375346881
9901,44100.7375346881
9902,44100.7375346881
9903,44100.73753468811
9904,44100.737534688094
9905,44100.7375346881
9906,44100.73753468811
9907,44100.737527444064
9908,44100.73753650044
9909,44100.73753469383
9910,44100.73753615778
9911,44100.73753303904
9912,44100.737551379
9913,44100.73753045331
9914,44100.73753222266
9915,44100.737535772874
9916,44100.73753990543
9917,44100.73753143465
9918,44100.73753597474
9919,44100.73753068777
9920,44100.737532258296
9921,44100.73753598004
9922,44100.73752828572
9923,44100.7375302763
9924,44100.73753998314
9925,44100.737587887634
9926,44100.73754101501
9927,44100.737535166714
9928,44100.73753378092
9929,44100.73753173794
9930,44100.737533224456
9931,44100.737532980354
9932,44100.737536981746
9933,44100.73752807949
9934,44100.73753496475
9935,44100.73753758566
9936,44100.737527092664
9937,44100.737530333405
9938,44100.73753640302
9939,44100.73753453172
9940,44100.737532112
9941,44100.73753479545
9942,44100.7375335134
9943,44100.73753883733
9944,44100.73753472751
9945,44100.73754281128
9946,44100.73753368776
9947,44095.53761204634
9948,44095.53761204634
9949,44095.53761204634
9950,44095.53761204634
9951,44095.53761204634
9952,44095.53761204634
9953,44095.537612046326
9954,44095.53761204635
9955,44095.53761204634
9956,44095.53761255949
9957,44095.537615279936
9958,44095.537612282424
9959,44095.53761001726
9960,44095.53761686371
9961,44095.53761397482
9962,44095.53760768203
9963,44095.537609307175
9964,44095.53761318283
9965,44095.53761612888
9966,44095.53760786065
9967,44095.53761228516
9968,44095.53761790704
9969,44095.53761049107
9970,44095.537613398985
9971,44095.53761924192
9972,44095.53761426869
9973,44095.53760785368
9974,44095.53766615344
9975,44095.53761573551
9976,44095.537613086846
9977,44095.53761159185
9978,44095.5376100941
9979,44095.53761235679
9980,44095.53761440763
9981,44095.537613427136
9982,44095.53760479281
9983,44095.53760859941
9984,44095.537613014734
9985,44095.53761010738
9986,44095.53761172989
9987,44095.53761245902
9988,44095.537610556064
9989,44095.537610469044
9990,44095.53761281454
9991,44095.53760395158
9992,44095.53761718185
9993,44095.53761209785
9994,44095.53761325411
9995,44095.53761657529
9996,44090.44193999322
9997,44090.441939993216
9998,44090.44193999322
9999,44090.44193999322
10000,44090.441939993216
10001,44090.441939993216
10002,44090.44193999322
10003,44090.44193999323
10004,44090.44193999323
10005,44090.44194490533
10006,44090.441942592006
10007,44090.44194032071
10008,44090.441935919116
10009,44090.44194753845
10010,44090.441934348986
10011,44090.44193658796
10012,44090.44193687559
10013,44090.4419412417
10014,44090.441943166756
10015,44090.44193543417
10016,44090.44193933829
10017,44090.44195185301
10018,44090.44193850831
10019,44090.44194123608
10020,44090.44195393881
10021,44090.441944565784
10022,44090.44193119319
10023,44090.44199532168
10024,44090.44194146322
10025,44090.441941294266
10026,44090.441939560995
10027,44090.441938269025
10028,44090.441941028796
10029,44090.44194645408
10030,44090.44194078382
10031,44090.44193269099
10032,44090.44193477385
10033,44090.441940139666
10034,44090.44194163535
10035,44090.441942408455
10036,44090.44193913178
10037,44090.44193815583
10038,44090.4419391935
10039,44090.441941292025
10040,44090.44192807957
10041,44090.44194476446
10042,44090.44194043645
10043,44090.44193748526
10044,44090.44194745935
10045,44079.08856263068
10046,44079.08856263066
10047,44079.088562630655
10048,44079.08856263068
10049,44079.088562630684
10050,44079.08856263067
10051,44079.08856263067
10052,44079.08856263068
10053,44079.08856263067
10054,44079.08857546879
10055,44079.08857028216
10056,44079.08856272329
10057,44079.08856613434
10058,44079.0885723872
10059,44079.08857916648
10060,44079.088565575665
10061,44079.08855640005
10062,44079.08856438691
10063,44079.08856481323
10064,44079.08855864105
10065,44079.088563605226
10066,44079.08857557204
10067,44079.08856178971
10068,44079.08856382439
10069,44079.08855666887
10070,44079.08856481162
10071,44079.08857040562
10072,44079.08862089269
10073,44079.08856604101
10074,44079.08856370476
10075,44079.088561655415
10076,44079.08856253002
10077,44079.08856422945
10078,44079.088574409194
10079,44079.08856337205
10080,44079.0885548488
10081,44079.08855805503
10082,44079.08855532539
10083,44079.088561087796
10084,44079.08856653374
10085,44079.08856245295
10086,44079.08856240574
10087,44079.088562445664
10088,44079.0885640767
10089,44079.08856028777
10090,44079.088563950056
10091,44079.08856377971
10092,44079.08856837334
10093,44079.088565964674
10094,44070.9924598992
10095,44070.992459899215
10096,44070.9924598992
10097,44070.992459899215
10098,44070.99245989921
10099,44070.992459899215
10100,44070.992459899215
10101,44070.99245989918
10102,44070.99245989918
10103,44070.99246164984
10104,44070.99245756915
10105,44070.992459786656
10106,44070.992458894885
10107,44070.99246168602
10108,44070.99247271173
10109,44070.99246412857
10110,44070.99245325928
10111,44070.992462324655
10112,44070.99246105165
10113,44070.992457421766
10114,44070.99245784901
10115,44070.99246843375
10116,44070.99245966364
10117,44070.992459878544
10118,44070.99245577867
10119,44070.99245431245
10120,44070.99246431864
10121,44070.99252211114
10122,44070.99246298473
10123,44070.99246074419
10124,44070.99245834719
10125,44070.992456567765
10126,44070.99245922764
10127,44070.992471581
10128,44070.99246021309
10129,44070.99245502774
10130,44070.99246066026
10131,44070.99246066433
10132,44070.99245892807
10133,44070.99246467116
10134,44070.99246155223
10135,44070.99246121982
10136,44070.992460784975
10137,44070.99246194276
10138,44070.99245641749
10139,44070.99245735177
10140,44070.99246301077
10141,44070.992466583084
10142,44070.992459479065
10143,44070.80816719127
10144,44070.80816719128
10145,44070.80816719128
10146,44070.80816719129
10147,44070.80816719127
10148,44070.80816719127
10149,44070.808167191266
10150,44070.808167191266
10151,44070.80816719127
10152,44070.80821159344
10153,44070.808213422584
10154,44070.80816722972
10155,44070.80819475555
10156,44070.80819833453
10157,44070.80822938529
10158,44070.80817817094
10159,44070.808163514994
10160,44070.80817027187
10161,44070.80816708435
10162,44070.80816547762
10163,44070.80817355574
10164,44070.80818456177
10165,44070.80817183977
10166,44070.80816996809
10167,44070.808121193215
10168,44070.808184088106
10169,44070.80820892326
10170,44070.80823060303
10171,44070.80817312558
10172,44070.808168852476
10173,44070.80816609478
10174,44070.808174503974
10175,44070.80817493275
10176,44070.808169021526
10177,44070.80816779205
10178,44070.80815850955
10179,44070.80815178582
10180,44070.808130772726
10181,44070.80817113369
10182,44070.80817178419
10183,44070.808177476116
10184,44070.80816747725
10185,44070.80816806762
10186,44070.808168437616
10187,44070.808180766275
10188,44070.808166938616
10189,44070.808169031094
10190,44070.80817897511
10191,44070.80816517412
10192,44068.00944376872
10193,44068.00944376871
10194,44068.00944376872
10195,44068.009443768686
10196,44068.00944376871
10197,44068.00944376869
10198,44068.00944376869
10199,44068.00944376872
10200,44068.00944376869
10201,44068.00946753722
10202,44068.009466424104
10203,44068.00944374243
10204,44068.00945738422
10205,44068.00946061247
10206,44068.00948171435
10207,44068.009451439095
10208,44068.00943864967
10209,44068.009446511074
10210,44068.00944425621
10211,44068.009441579285
10212,44068.00944605231
10213,44068.009456935986
10214,44068.00944597608
10215,44068.0094452163
10216,44068.00941829462
10217,44068.00944977442
10218,44068.00946715434
10219,44068.00950653227
10220,44068.009448236284
10221,44068.009445046104
10222,44068.00944246843
10223,44068.0094459569
10224,44068.009447401186
10225,44068.00945047059
10226,44068.009444209936
10227,44068.00943687929
10228,44068.00943612236
10229,44068.00942541444
10230,44068.00944540607
10231,44068.009448468714
10232,44068.00944975843
10233,44068.0094445205
10234,44068.00944467224
10235,44068.009445422394
10236,44068.00944894973
10237,44068.00944243865
10238,44068.00944623334
10239,44068.00945278072
10240,44068.00944263545
10241,44063.107300022595
10242,44063.1073000226
10243,44063.10730002261
10244,44063.107300022595
10245,44063.1073000226
10246,44063.10730002259
10247,44063.10730002259
10248,44063.1073000226
10249,44063.10730002261
10250,44063.10730880145
10251,44063.107312990454
10252,44063.10730003775
10253,44063.10730512295
10254,44063.10731074797
10255,44063.10732113916
10256,44063.107305115496
10257,44063.1072975527
10258,44063.10730259481
10259,44063.10730038842
10260,44063.107298561714
10261,44063.1072992855
10262,44063.107306615195
10263,44063.107302403536
10264,44063.107300905
10265,44063.107288914296
10266,44063.10730281576
10267,44063.10730996213
10268,44063.10736273025
10269,44063.1073038588
10270,44063.10730127046
10271,44063.10729867466
10272,44063.10729903775
10273,44063.10730164706
10274,44063.10730030872
10275,44063.10730013012
10276,44063.10729533092
10277,44063.107297186856
10278,44063.10729171053
10279,44063.107302351025
10280,44063.107303557
10281,44063.1073078119
10282,44063.10730068167
10283,44063.107301312506
10284,44063.107301964934
10285,44063.10729970194
10286,44063.1072977705
10287,44063.10730335777
10288,44063.107305379584
10289,44063.10729699064
10290,44059.03936457656
10291,44059.03936457656
10292,44059.03936457656
10293,44059.03936457655
10294,44059.03936457657
10295,44059.03936457656
10296,44059.03936457655
10297,44059.03936457656
10298,44059.03936457656
10299,44059.03936021948
10300,44059.039370645565
10301,44059.03936467662
10302,44059.03936272874
10303,44059.03937234935
10304,44059.039372466985
10305,44059.039367322875
10306,44059.03936562662
10307,44059.039366438315
10308,44059.039365404635
10309,44059.03936339769
10310,44059.039362010386
10311,44059.03936341816
10312,44059.03936707599
10313,44059.03936538242
10314,44059.039365456716
10315,44059.03936670679
10316,44059.03936393544
10317,44059.03942558521
10318,44059.03936849491
10319,44059.03936579281
10320,44059.03936338441
10321,44059.039361511925
10322,44059.03936484955
10323,44059.03935689142
10324,44059.039364618235
10325,44059.03936096113
10326,44059.03936641442
10327,44059.039363235104
10328,44059.03936517515
10329,44059.039365639896
10330,44059.039373917054
10331,44059.039364645345
10332,44059.0393656794
10333,44059.039366413585
10334,44059.03936153398
10335,44059.03936184421
10336,44059.039367855905
10337,44059.03936849265
10338,44059.03935918563
10339,44055.80285426665
10340,44055.802854266665
10341,44055.80285426666
10342,44055.80285426666
10343,44055.80285426665
10344,44055.80285426665
10345,44055.80285426665
10346,44055.80285426666
10347,44055.80285426665
10348,44055.802844409474
10349,44055.802855832924
10350,44055.80285443703
10351,44055.80284944613
10352,44055.802861228345
10353,44055.80285685672
10354,44055.802856423084
10355,44055.80285816109
10356,44055.802855229704
10357,44055.80285552495
10358,44055.80285305687
10359,44055.802850910564
10360,44055.80284995526
10361,44055.802855806156
10362,44055.8028551797
10363,44055.802860153184
10364,44055.802856602495
10365,44055.80285003503
10366,44055.802914095264
10367,44055.802856663475
10368,44055.80285548357
10369,44055.8028532424
10370,44055.80285045631
10371,44055.80285388325
10372,44055.80284393526
10373,44055.8028543792
10374,44055.80285104301
10375,44055.802858198935
10376,44055.80285519345
10377,44055.80285354969
10378,44055.80285314271
10379,44055.80286274463
10380,44055.80285382857
10381,44055.80285506318
10382,44055.80285594815
10383,44055.802850842825
10384,44055.80285100217
10385,44055.80285726546
10386,44055.80285757269
10387,44055.8028482562
10388,44048.16800067796
10389,44048.16800067795
10390,44048.16800067794
10391,44048.16800067795
10392,44048.16800067795
10393,44048.16800067793
10394,44048.16800067795
10395,44048.16800067795
10396,44048.16800067794
10397,44048.16798518733
10398,44048.16799242556
10399,44048.16800088035
10400,44048.16799326244
10401,44048.168004819054
10402,44048.16800120381
10403,44048.16800126175
10404,44048.16800830414
10405,44048.168000055346
10406,44048.16800242708
10407,44048.16799985914
10408,44048.16799646785
10409,44048.16799240801
10410,44048.16800090045
10411,44048.16800182985
10412,44048.168008583794
10413,44048.168001049475
10414,44048.167995204734
10415,44048.1680599199
10416,44048.16800011673
10417,44048.16800169555
10418,44048.168000154736
10419,44048.16799616514
10420,44048.1679988469
10421,44048.16799071975
10422,44048.168000987105
10423,44048.16799865483
10424,44048.16800798677
10425,44048.16800338194
10426,44048.16799756141
10427,44048.16799627608
10428,44048.16800605185
10429,44048.167999358775
10430,44048.16800106986
10431,44048.16800207994
10432,44048.167999956066
10433,44048.16799603688
10434,44048.16800335931
10435,44048.16800463853
10436,44048.167992351824
10437,44042.00734956616
10438,44042.00734956616
10439,44042.00734956616
10440,44042.00734956615
10441,44042.00734956618
10442,44042.00734956615
10443,44042.00734956615
10444,44042.00734956617
10445,44042.007349566156
10446,44042.00735007893
10447,44042.00734541608
10448,44042.007350581734
10449,44042.007338659176
10450,44042.00735969396
10451,44042.007321178186
10452,44042.00734772268
10453,44042.00736719229
10454,44042.00734601146
10455,44042.00735016967
10456,44042.00734786559
10457,44042.00734275853
10458,44042.007360050535
10459,44042.00734241988
10460,44042.0073520894
10461,44042.00738176318
10462,44042.007362994875
10463,44042.00732696827
10464,44042.00740939239
10465,44042.00733026881
10466,44042.00735195909
10467,44042.00735047136
10468,44042.00734609233
10469,44042.0073493197
10470,44042.00734411832
10471,44042.00734876307
10472,44042.007349501066
10473,44042.00734106296
10474,44042.00734652257
10475,44042.00736852529
10476,44042.00734370024
10477,44042.007345961865
10478,44042.00734437198
10479,44042.00735056691
10480,44042.00735180851
10481,44042.007330388325
10482,44042.00735004924
10483,44042.00735252881
10484,44042.00732433804
10485,44042.00736012393
10486,44034.80378933682
10487,44034.80378933681
10488,44034.80378933681
10489,44034.80378933681
10490,44034.803789336824
10491,44034.80378933682
10492,44034.80378933682
10493,44034.803789336824
10494,44034.803789336824
10495,44034.80378378767
10496,44034.80377647849
10497,44034.80378978024
10498,44034.803783404255
10499,44034.803790361846
10500,44034.803789741454
10501,44034.803787429024
10502,44034.803800232105
10503,44034.80378609096
10504,44034.803790715414
10505,44034.80378901004
10506,44034.80378425159
10507,44034.803788474754
10508,44034.8037856091
10509,44034.80379109127
10510,44034.803796624285
10511,44034.80378915154
10512,44034.80378463195
10513,44034.803852109195
10514,44034.803779064685
10515,44034.803790573984
10516,44034.80379040781
10517,44034.80378556533
10518,44034.803786707394
10519,44034.80378920553
10520,44034.80378942097
10521,44034.80378979627
10522,44034.803790494734
10523,44034.80378767007
10524,44034.80379497073
10525,44034.80378270361
10526,44034.80378671049
10527,44034.803785764016
10528,44034.803789669764
10529,44034.803790758306
10530,44034.803787770536
10531,44034.803786276054
10532,44034.803791900216
10533,44034.803783297764
10534,44034.803788085126
10535,44030.74872492727
10536,44030.74872492727
10537,44030.74872492727
10538,44030.74872492727
10539,44030.74872492727
10540,44030.74872492727
10541,44030.74872492727
10542,44030.74872492727
10543,44030.74872492727
10544,44030.74872750312
10545,44030.74871686419
10546,44030.748725056816
10547,44030.7487267179
10548,44030.74872480089
10549,44030.74874679105
10550,44030.7487241191
10551,44030.74872869381
10552,44030.74872253689
10553,44030.74872609067
10554,44030.748725174155
10555,44030.74872213902
10556,44030.7487242189
10557,44030.74872430735
10558,44030.74872636167
10559,44030.74871229264
10560,44030.74871969304
10561,44030.74873524936
10562,44030.748791472324
10563,44030.74872092296
10564,44030.74872575067
10565,44030.74872633325
10566,44030.74872289794
10567,44030.7487226541
10568,44030.74873127646
10569,44030.74872526759
10570,44030.748724754754
10571,44030.74872651689
10572,44030.748717997434
10573,44030.74872649921
10574,44030.748720636984
10575,44030.74872363167
10576,44030.748722268465
10577,44030.74872522129
10578,44030.74872605303
10579,44030.74873370955
10580,44030.74872142413
10581,44030.74872715321
10582,44030.74872855369
10583,44030.748720174204
10584,44028.16655420309
10585,44028.1665542031
10586,44028.16655420309
10587,44028.1665542031
10588,44028.166554203104
10589,44028.1665542031
10590,44028.166554203104
10591,44028.1665542031
10592,44028.16655420311
10593,44028.166561052756
10594,44028.166549380876
10595,44028.16655428487
10596,44028.166556887554
10597,44028.1665532502
10598,44028.16657753242
10599,44028.16655318671
10600,44028.16655431463
10601,44028.166552242794
10602,44028.16655486675
10603,44028.16655456674
10604,44028.16655139104
10605,44028.16655647949
10606,44028.166555194555
10607,44028.16655536057
10608,44028.16653969528
10609,44028.16654803471
10610,44028.166565162086
10611,44028.16662403708
10612,44028.166552189476
10613,44028.16655511344
10614,44028.16655600048
10615,44028.166552407834
10616,44028.16655217641
10617,44028.16656307874
10618,44028.166554233496
10619,44028.16655422191
10620,44028.16655420112
10621,44028.16654657265
10622,44028.166557803546
10623,44028.166552164934
10624,44028.166554064344
10625,44028.16655152467
10626,44028.16655483359
10627,44028.16655550815
10628,44028.16656271025
10629,44028.166551623806
10630,44028.16655652794
10631,44028.166557047996
10632,44028.166551353796
10633,44021.78928745261
10634,44021.78928745261
10635,44021.78928745261
10636,44021.7892874526
10637,44021.7892874526
10638,44021.7892874526
10639,44021.789287452615
10640,44021.789287452615
10641,44021.789287452615
10642,44021.789297536474
10643,44021.78929151817
10644,44021.78928760226
10645,44021.78928863976
10646,44021.78928706224
10647,44021.78930621642
10648,44021.78928610801
10649,44021.789281753736
10650,44021.789285555205
10651,44021.78928757138
10652,44021.78928773283
10653,44021.789284621125
10654,44021.7892925413
10655,44021.78929170382
10656,44021.78928826899
10657,44021.78927669126
10658,44021.789283031925
10659,44021.789294321476
10660,44021.789362021605
10661,44021.78929098143
10662,44021.78928875451
10663,44021.78929041857
10664,44021.78928596689
10665,44021.789286344116
10666,44021.7892938985
10667,44021.78928666125
10668,44021.789287231586
10669,44021.78928600394
10670,44021.78928002909
10671,44021.78929247736
10672,44021.78928805563
10673,44021.78929140323
10674,44021.78928399991
10675,44021.789288415115
10676,44021.78928894263
10677,44021.78929385592
10678,44021.789287599924
10679,44021.7892891395
10680,44021.78928831661
10681,44021.789288889784
10682,44014.68926734564
10683,44014.68926734564
10684,44014.689267345646
10685,44014.68926734563
10686,44014.68926734564
10687,44014.689267345646
10688,44014.68926734564
10689,44014.689267345646
10690,44014.68926734564
10691,44014.68927212512
10692,44014.68927262764
10693,44014.689267614915
10694,44014.689265073284
10695,44014.68926287778
10696,44014.68928016632
10697,44014.68927021204
10698,44014.689260314386
10699,44014.68926434546
10700,44014.68926740999
10701,44014.68926810578
10702,44014.68926343009
10703,44014.689271375384
10704,44014.68926865928
10705,44014.689267131485
10706,44014.68926109349
10707,44014.68926102991
10708,44014.689271279814
10709,44014.68934177186
10710,44014.689270647774
10711,44014.689268949354
10712,44014.68927116469
10713,44014.68926469102
10714,44014.68926611538
10715,44014.68927095057
10716,44014.689265867135
10717,44014.68926809546
10718,44014.689266973604
10719,44014.68926481455
10720,44014.68927118551
10721,44014.68926694783
10722,44014.689270699746
10723,44014.68926436313
10724,44014.68926831114
10725,44014.68926923326
10726,44014.68927042399
10727,44014.68926784997
10728,44014.68926896518
10729,44014.689265849425
10730,44014.6892746227
10731,44010.02108888534
10732,44010.02108888535
10733,44010.02108888534
10734,44010.02108888534
10735,44010.021088885325
10736,44010.021088885325
10737,44010.021088885325
10738,44010.02108888533
10739,44010.02108888535
10740,44010.021133045346
10741,44010.02114464818
10742,44010.02108968138
10743,44010.02110913157
10744,44010.02111988652
10745,44010.02112819877
10746,44010.02109688411
10747,44010.02107658707
10748,44010.02108606536
10749,44010.02108712004
10750,44010.02108932619
10751,44010.02109613249
10752,44010.02111194424
10753,44010.02109650259
10754,44010.02109039223
10755,44010.02106335408
10756,44010.021110127236
10757,44010.021113025854
10758,44010.02115755527
10759,44010.021103533516
10760,44010.02109213311
10761,44010.021094549375
10762,44010.021098904755
10763,44010.02110030711
10764,44010.021084476255
10765,44010.021085912544
10766,44010.021081900966
10767,44010.021073891134
10768,44010.02105129982
10769,44010.02109041348
10770,44010.02109381165
10771,44010.0210984514
10772,44010.021083477295
10773,44010.02109010517
10774,44010.02109126806
10775,44010.021100274
10776,44010.02109724438
10777,44010.02108681401
10778,44010.021092483476
10779,44010.02109847369
10780,43998.55681425919
10781,43998.55681425918
10782,43998.55681425917
10783,43998.55681425918
10784,43998.55681425919
10785,43998.55681425918
10786,43998.55681425918
10787,43998.556814259195
10788,43998.556814259195
10789,43998.55681558366
10790,43998.5568251102
10791,43998.55681493699
10792,43998.55680914028
10793,43998.556817948804
10794,43998.55681346479
10795,43998.556818851604
10796,43998.556806205605
10797,43998.55680976024
10798,43998.55681372178
10799,43998.55681544103
10800,43998.55681422844
10801,43998.55682290061
10802,43998.55681449452
10803,43998.556813317846
10804,43998.55682151752
10805,43998.55681608152
10806,43998.55680849237
10807,43998.55687738738
10808,43998.55682209069
10809,43998.55681687542
10810,43998.55681909407
10811,43998.55681499194
10812,43998.55681822858
10813,43998.55681179836
10814,43998.556811040304
10815,43998.5568128581
10816,43998.556815558404
10817,43998.55680932738
10818,43998.55681018684
10819,43998.55681557497
10820,43998.556815231386
10821,43998.5568100642
10822,43998.55681559394
10823,43998.55681763698
10824,43998.55681105115
10825,43998.55681842527
10826,43998.55681467272
10827,43998.556811470226
10828,43998.55682278028
10829,43994.727913110975
10830,43994.72791311099
10831,43994.72791311098
10832,43994.72791311099
10833,43994.72791311099
10834,43994.72791311098
10835,43994.72791311098
10836,43994.727913110975
10837,43994.72791311099
10838,43994.72790573009
10839,43994.72791111796
10840,43994.72791382557
10841,43994.727904379506
10842,43994.72791248408
10843,43994.727921166865
10844,43994.72791755888
10845,43994.72791028536
10846,43994.72790776675
10847,43994.727913049835
10848,43994.727914637006
10849,43994.727912232585
10850,43994.72791949677
10851,43994.7279085191
10852,43994.72791187076
10853,43994.7279263771
10854,43994.727911843846
10855,43994.72790285264
10856,43994.727970244625
10857,43994.727914820825
10858,43994.7279156307