iteracion,valor_coste
0,128081.67683501143
1,128081.6768350115
2,128081.6768350116
3,128081.67683501153
4,128081.6768350115
5,128081.67683501155
6,128081.67683501155
7,128081.67683501149
8,128081.67683501146
9,128081.67667276188
10,128081.6777353717
11,128081.67682746844
12,128081.67653833597
13,128081.67713123994
14,128081.67746401166
15,128081.6773579595
16,128081.67714557458
17,128081.67655347534
18,128081.67711453506
19,128081.67702874249
20,128081.67685310963
21,128081.6768292676
22,128081.67690420375
23,128081.67678039022
24,128081.67659112446
25,128081.67684091309
26,128081.67603357576
27,128081.67721588763
28,128081.67743555507
29,128081.67679694292
30,128081.6766924465
31,128081.67688673077
32,128081.67685301058
33,128081.67756204082
34,128081.67677225814
35,128081.67669255668
36,128081.6783474658
37,128081.67671818398
38,128081.6783629538
39,128081.67637947628
40,128081.67652118827
41,128081.67677497481
42,128081.67665198307
43,128081.67685835407
44,128081.67687747147
45,128081.67680625868
46,128081.67735194117
47,128081.67656914888
48,128081.67703665745
49,6109861.421874122
50,6109861.421874121
51,6109861.421874123
52,6109861.421874121
53,6109861.421874122
54,6109861.421874122
55,6109861.421874122
56,6109861.421874122
57,6109861.421874122
58,6109861.421874122
59,6109861.421874122
60,6109861.421874122
61,6109861.421874122
62,6109861.421874121
63,6109861.421874122
64,6109861.421874122
65,6109861.421874122
66,6109861.421874122
67,6109861.421874122
68,6109861.421874122
69,6109861.421874121
70,6109861.421874122
71,6109861.421874122
72,6109861.421874122
73,6109861.421874122
74,6109861.421874122
75,6109861.421874122
76,6109861.421874122
77,6109861.421874122
78,6109861.421874122
79,6109861.421874122
80,6109861.421874122
81,6109861.421874122
82,6109861.421874122
83,6109861.421874122
84,6109861.421874122
85,6109861.421874122
86,6109861.421874122
87,6109861.421874122
88,6109861.421874122
89,6109861.421874122
90,6109861.421874122
91,6109861.421874122
92,6109861.421874122
93,6109861.421874122
94,6109861.421874122
95,6109861.421874122
96,6109861.421874122
97,6109861.421874122
98,1288350.3292283493
99,1288350.329228349
100,1288350.3292283488
101,1288350.3292283495
102,1288350.329228349
103,1288350.3292283495
104,1288350.3292283488
105,1288350.3292283493
106,1288350.3292283488
107,1288350.3302486124
108,1288350.3293799043
109,1288350.3357605198
110,1288350.3305900889
111,1288350.3258536505
112,1288350.3309657492
113,1288350.3249186757
114,1288350.32819852
115,1288350.324695686
116,1288350.3248241437
117,1288350.3276166096
118,1288350.3273565513
119,1288350.3282398065
120,1288350.3286637568
121,1288350.33004943
122,1288350.327253127
123,1288350.3297906613
124,1288350.330457035
125,1288350.3193970681
126,1288350.3286237032
127,1288350.3309010044
128,1288350.3332936945
129,1288350.328833498
130,1288350.3316889347
131,1288350.3308725762
132,1288350.3338015433
133,1288350.3294056645
134,1288350.3291202702
135,1288350.3278389939
136,1288350.3277517806
137,1288350.3345509989
138,1288350.3328196811
139,1288350.3291851738
140,1288350.3298642475
141,1288350.3279901543
142,1288350.3324094522
143,1288350.3325734104
144,1288350.3246527622
145,1288350.3311678357
146,1288350.3289971289
147,106327.97783412869
148,106327.97783412869
149,106327.97783412866
150,106327.97783412867
151,106327.9778341287
152,106327.9778341287
153,106327.97783412869
154,106327.97783412872
155,106327.97783412866
156,106327.97827108354
157,106327.97828449085
158,106327.97836474855
159,106327.97796221825
160,106327.97791286929
161,106327.97807433334
162,106327.97848511467
163,106327.97841311213
164,106327.97745206262
165,106327.97789689535
166,106327.97763905751
167,106327.9778168782
168,106327.97761452413
169,106327.97772801922
170,106327.97795177181
171,106327.97793580401
172,106327.97791140972
173,106327.9777119399
174,106327.97786433312
175,106327.9781114894
176,106327.97773957494
177,106327.97764422369
178,106327.97826452526
179,106327.97778206613
180,106327.97795422401
181,106327.97779082417
182,106327.97794001797
183,106327.97780937575
184,106327.97769476692
185,106327.97808743443
186,106327.97782238547
187,106327.97775426484
188,106327.97778272981
189,106327.97802951309
190,106327.97774364921
191,106327.97788303487
192,106327.97795706784
193,106327.97790967811
194,106327.9778269695
195,106327.97786269046
196,96529.68010954675
197,96529.6801095469
198,96529.6801095469
199,96529.68010954683
200,96529.68010954693
201,96529.68010954687
202,96529.68010954691
203,96529.68010954685
204,96529.68010954685
205,96529.68038615618
206,96529.68042753976
207,96529.68053513329
208,96529.68028958487
209,96529.68034283684
210,96529.68025980609
211,96529.68080226572
212,96529.67997537435
213,96529.67969020073
214,96529.68012750694
215,96529.67992670648
216,96529.68002882552
217,96529.68010345977
218,96529.68005973066
219,96529.68021782211
220,96529.68022508406
221,96529.68012312856
222,96529.68006173501
223,96529.68020327415
224,96529.68026509005
225,96529.68002654164
226,96529.67999502976
227,96529.68041921548
228,96529.68003148322
229,96529.68052396503
230,96529.68008049118
231,96529.68025276322
232,96529.6800808854
233,96529.68004992837
234,96529.68025011817
235,96529.68026320454
236,96529.68010077796
237,96529.68007588413
238,96529.68022049723
239,96529.68007527785
240,96529.68011014171
241,96529.68035779976
242,96529.68012840171
243,96529.68002819053
244,96529.6800834859
245,84432.66089145563
246,84432.66089145569
247,84432.66089145548
248,84432.66089145569
249,84432.66089145563
250,84432.66089145548
251,84432.66089145571
252,84432.66089145557
253,84432.66089145558
254,84432.66132263788
255,84432.66030719651
256,84432.66102976403
257,84432.6609571721
258,84432.661204425
259,84432.66058828292
260,84432.66088346629
261,84432.6617298022
262,84432.66037485811
263,84432.66090835824
264,84432.66070094344
265,84432.6605667886
266,84432.6606719501
267,84432.66077793595
268,84432.66102302734
269,84432.66136056803
270,84432.66099590881
271,84432.6609978892
272,84432.66003935061
273,84432.66092646029
274,84432.66087406689
275,84432.66092749462
276,84432.66085547928
277,84432.66081063011
278,84432.65958300505
279,84432.6609790136
280,84432.66105757243
281,84432.66046930081
282,84432.66116244922
283,84432.66097136066
284,84432.66113476007
285,84432.66124631074
286,84432.66090588606
287,84432.66060212791
288,84432.66110065536
289,84432.66089437279
290,84432.66198680911
291,84432.66065905624
292,84432.66072523723
293,84432.66101160595
294,65406.13712964396
295,65406.137129643874
296,65406.137129643816
297,65406.13712964396
298,65406.137129643816
299,65406.13712964385
300,65406.137129643816
301,65406.13712964386
302,65406.13712964379
303,65406.13707822059
304,65406.13695054978
305,65406.137193287286
306,65406.13727612849
307,65406.13746242729
308,65406.13718494207
309,65406.137494104005
310,65406.13748550655
311,65406.13694402009
312,65406.13709974333
313,65406.13716811383
314,65406.13695558012
315,65406.137008776095
316,65406.13708487704
317,65406.13722096421
318,65406.13735474386
319,65406.137053317405
320,65406.137327011296
321,65406.13659621144
322,65406.136979350005
323,65406.137084155824
324,65406.137034790205
325,65406.1371012131
326,65406.1370326051
327,65406.13649548308
328,65406.137140564984
329,65406.13724931913
330,65406.13677351407
331,65406.137220625125
332,65406.1369928233
333,65406.13738309674
334,65406.13730640195
335,65406.13702281435
336,65406.13695731806
337,65406.13722980027
338,65406.137116332495
339,65406.13771251323
340,65406.13705658071
341,65406.137009426726
342,65406.13679030642
343,45465.75949633101
344,45465.75949633103
345,45465.75949633098
346,45465.75949633107
347,45465.759496330975
348,45465.759496331004
349,45465.75949633096
350,45465.75949633103
351,45465.75949633105
352,45465.75928789449
353,45465.75942807002
354,45465.75958289882
355,45465.75958421971
356,45465.75959180025
357,45465.759433914725
358,45465.75967379477
359,45465.75936270419
360,45465.75960670677
361,45465.75916367325
362,45465.75963685451
363,45465.75938230476
364,45465.75957807981
365,45465.75933837682
366,45465.75966328309
367,45465.75963357316
368,45465.75954296452
369,45465.75971370924
370,45465.75916997222
371,45465.75942503583
372,45465.759424559896
373,45465.75935930953
374,45465.759447405435
375,45465.75942529959
376,45465.7596133459
377,45465.75959403018
378,45465.75951721775
379,45465.758998559024
380,45465.75951126245
381,45465.75943830081
382,45465.759721301765
383,45465.75949529331
384,45465.7593680239
385,45465.75953065296
386,45465.759442050876
387,45465.75958223171
388,45465.7597630317
389,45465.75942704961
390,45465.75948834046
391,45465.75943970639
392,32609.915478713076
393,32609.91547871306
394,32609.91547871306
395,32609.915478713057
396,32609.915478713054
397,32609.915478713036
398,32609.915478713036
399,32609.91547871302
400,32609.915478713057
401,32609.91523644249
402,32609.915538072142
403,32609.91550414429
404,32609.91554880991
405,32609.91561690746
406,32609.9155046522
407,32609.915546816992
408,32609.91512599548
409,32609.915513089272
410,32609.91532983348
411,32609.91559411839
412,32609.915434007526
413,32609.91546358798
414,32609.915475256803
415,32609.9155468339
416,32609.915533695366
417,32609.915380596787
418,32609.915632684533
419,32609.915437220705
420,32609.915545379343
421,32609.915391643233
422,32609.91540164672
423,32609.915442935
424,32609.91542312306
425,32609.91569790309
426,32609.915517703135
427,32609.915486998572
428,32609.915205346948
429,32609.915447380932
430,32609.915329719734
431,32609.915576199048
432,32609.915461128792
433,32609.91532682589
434,32609.915521312625
435,32609.915413453567
436,32609.915533454066
437,32609.91557985296
438,32609.915508781367
439,32609.91545473614
440,32609.91547457499
441,26793.885922853726
442,26793.885922853744
443,26793.885922853744
444,26793.885922853766
445,26793.885922853784
446,26793.885922853766
447,26793.88592285376
448,26793.885922853744
449,26793.885922853737
450,26793.886007107496
451,26793.885882962677
452,26793.885957686358
453,26793.88582225795
454,26793.885749803823
455,26793.885905571617
456,26793.886019924208
457,26793.885928937427
458,26793.885976792222
459,26793.885887455544
460,26793.885860421728
461,26793.88589729617
462,26793.886393070214
463,26793.88581704078
464,26793.885970550404
465,26793.8858511857
466,26793.886234100046
467,26793.885692510554
468,26793.88595034008
469,26793.886203147733
470,26793.885888661833
471,26793.885860059712
472,26793.885890716516
473,26793.885894426207
474,26793.886283034786
475,26793.885929669068
476,26793.8859244068
477,26793.88588016509
478,26793.885887497
479,26793.88647698629
480,26793.88581506534
481,26793.885818984192
482,26793.885900847807
483,26793.88601997102
484,26793.88596272099
485,26793.885994029122
486,26793.885905187955
487,26793.885914366198
488,26793.88600685045
489,26793.886000708855
490,26640.06419974489
491,26640.064199744873
492,26640.064199744895
493,26640.06419974489
494,26640.064199744884
495,26640.064199744887
496,26640.06419974492
497,26640.064199744887
498,26640.06419974491
499,26640.06383605165
500,26640.063891142017
501,26640.064122246495
502,26640.064261098505
503,26640.064257069782
504,26640.06392781285
505,26640.064213408572
506,26640.06393740401
507,26640.06431658854
508,26640.064084666243
509,26640.063975030986
510,26640.064563747263
511,26640.0643923433
512,26640.06424755935
513,26640.064188297798
514,26640.064169874833
515,26640.064350605557
516,26640.064378944215
517,26640.06389296067
518,26640.06367555866
519,26640.064202195732
520,26640.064110751842
521,26640.064346023133
522,26640.06410093889
523,26640.063875559274
524,26640.064220481836
525,26640.064410818988
526,26640.06409253446
527,26640.064419238643
528,26640.0639178795
529,26640.06459158466
530,26640.064211928464
531,26640.064121462223
532,26640.064211039036
533,26640.06426617051
534,26640.063767826505
535,26640.06399770474
536,26640.064130522755
537,26640.0643795555
538,26640.063504158774
539,24536.92517353616
540,24536.925173536212
541,24536.925173536143
542,24536.925173536132
543,24536.92517353611
544,24536.925173536147
545,24536.925173536147
546,24536.925173536147
547,24536.925173536143
548,24536.925022244162
549,24536.925024051237
550,24536.92516247833
551,24536.92514581059
552,24536.92513271222
553,24536.92506911091
554,24536.9252392341
555,24536.925075725947
556,24536.925241682242
557,24536.92510626003
558,24536.925064692692
559,24536.925253990124
560,24536.92543874377
561,24536.925149635328
562,24536.925203747738
563,24536.92515040723
564,24536.92535768417
565,24536.925176185065
566,24536.92503120002
567,24536.925064380794
568,24536.925154006494
569,24536.925107824747
570,24536.92519528467
571,24536.92513316349
572,24536.925163178927
573,24536.925181245628
574,24536.925245314214
575,24536.925087945234
576,24536.925237027328
577,24536.925272811768
578,24536.925306849742
579,24536.92512886044
580,24536.925116667433
581,24536.925222490605
582,24536.92521812403
583,24536.925087286338
584,24536.925100359138
585,24536.925142019954
586,24536.925248782685
587,24536.924878020825
588,21970.413948070902
589,21970.413948070913
590,21970.4139480709
591,21970.413948070884
592,21970.413948070902
593,21970.4139480709
594,21970.413948070884
595,21970.413948070895
596,21970.4139480709
597,21970.41383390427
598,21970.41395090521
599,21970.41393767533
600,21970.413980387733
601,21970.41401649298
602,21970.413967280663
603,21970.414073040025
604,21970.41380167932
605,21970.41397854541
606,21970.4139026943
607,21970.413929311202
608,21970.41401796015
609,21970.414043875255
610,21970.413944388547
611,21970.41396083943
612,21970.413909015366
613,21970.41396047394
614,21970.41405226307
615,21970.413887680574
616,21970.413843595525
617,21970.413910545525
618,21970.413907255148
619,21970.41395680915
620,21970.413918970673
621,21970.41401749368
622,21970.413949931986
623,21970.413997560478
624,21970.4138598202
625,21970.41390559177
626,21970.413845489933
627,21970.414077046098
628,21970.413959234484
629,21970.4139055895
630,21970.413977076267
631,21970.413950340353
632,21970.413919841594
633,21970.413865009068
634,21970.413952115778
635,21970.41395895593
636,21970.4137504261
637,20201.236917024995
638,20201.236917024973
639,20201.236917024973
640,20201.23691702498
641,20201.23691702499
642,20201.236917024973
643,20201.236917024973
644,20201.236917024988
645,20201.236917024988
646,20201.23676479919
647,20201.236911547894
648,20201.236894552887
649,20201.23697274091
650,20201.237018356875
651,20201.236932900778
652,20201.237027104773
653,20201.236823880925
654,20201.236932636413
655,20201.23689540703
656,20201.23685764213
657,20201.23709281097
658,20201.236955657823
659,20201.236941817442
660,20201.23690294026
661,20201.23683171115
662,20201.236890561297
663,20201.237037984465
664,20201.23685805966
665,20201.236764586145
666,20201.23689018808
667,20201.236882682413
668,20201.23697108366
669,20201.236878661723
670,20201.236943345397
671,20201.236914819707
672,20201.237002742484
673,20201.23685440512
674,20201.236894308233
675,20201.23678672043
676,20201.237031726712
677,20201.23694961276
678,20201.236894526202
679,20201.236943722375
680,20201.236929083916
681,20201.236778441253
682,20201.2368046354
683,20201.236928481463
684,20201.236979838774
685,20201.236704191662
686,18417.073647184006
687,18417.073647183992
688,18417.073647184017
689,18417.073647184003
690,18417.073647183995
691,18417.073647184
692,18417.07364718398
693,18417.073647183992
694,18417.073647183985
695,18417.073559113618
696,18417.073490207116
697,18417.073623614622
698,18417.073524572723
699,18417.07359022936
700,18417.07366491187
701,18417.073635928547
702,18417.073583499783
703,18417.073613810782
704,18417.073659102953
705,18417.07368620621
706,18417.073471297124
707,18417.073462542958
708,18417.073801478557
709,18417.073639233495
710,18417.073758147373
711,18417.073620103427
712,18417.073869430536
713,18417.07349447343
714,18417.073631648538
715,18417.07360791218
716,18417.073625139517
717,18417.073588019193
718,18417.07372994576
719,18417.073505256274
720,18417.07361935575
721,18417.07357293105
722,18417.073643835996
723,18417.07356789126
724,18417.073388539713
725,18417.073774531058
726,18417.073699009645
727,18417.073535875646
728,18417.073658337482
729,18417.07366676054
730,18417.073927596393
731,18417.073712116144
732,18417.07369967061
733,18417.07354903798
734,18417.07358875798
735,16891.6774474922
736,16891.677447492206
737,16891.677447492206
738,16891.677447492177
739,16891.677447492202
740,16891.677447492217
741,16891.6774474922
742,16891.6774474922
743,16891.677447492202
744,16891.677355242005
745,16891.67741868503
746,16891.67742393656
747,16891.677461579908
748,16891.677485349977
749,16891.677424227542
750,16891.67742813946
751,16891.677380865196
752,16891.67742545486
753,16891.67744260991
754,16891.677390127763
755,16891.677528240085
756,16891.677374601764
757,16891.67756080283
758,16891.677428935374
759,16891.677415804792
760,16891.677364989246
761,16891.67764578767
762,16891.67741559237
763,16891.67730418095
764,16891.67745349715
765,16891.67743273769
766,16891.67746717726
767,16891.67746743836
768,16891.677467935428
769,16891.677426396014
770,16891.6774996324
771,16891.677495998443
772,16891.677405613755
773,16891.67725152542
774,16891.677558119733
775,16891.677515285428
776,16891.6774357835
777,16891.67745965672
778,16891.677473482578
779,16891.677406822484
780,16891.67733989495
781,16891.67745903084
782,16891.677512549995
783,16891.677260171673
784,15835.523742006444
785,15835.523742006442
786,15835.523742006442
787,15835.52374200643
788,15835.52374200643
789,15835.523742006446
790,15835.523742006435
791,15835.523742006451
792,15835.523742006442
793,15835.523657576907
794,15835.5237949579
795,15835.523739136883
796,15835.523769119007
797,15835.52380786634
798,15835.523796082274
799,15835.52381214728
800,15835.523804194183
801,15835.52374549771
802,15835.523716629416
803,15835.52369421286
804,15835.523816419147
805,15835.523807806483
806,15835.523773878696
807,15835.523741282022
808,15835.523668902708
809,15835.52368928161
810,15835.523650235413
811,15835.523783627254
812,15835.523765399746
813,15835.523752821036
814,15835.523731173584
815,15835.523757396335
816,15835.523732166437
817,15835.52383225278
818,15835.523731414502
819,15835.523786130141
820,15835.52377228123
821,15835.523669697595
822,15835.523858477849
823,15835.523727257461
824,15835.523752213483
825,15835.52376080987
826,15835.523777380165
827,15835.523760227637
828,15835.52368710824
829,15835.523643163175
830,15835.523760111766
831,15835.523812110601
832,15835.523665831937
833,15033.269024773426
834,15033.269024773428
835,15033.269024773414
836,15033.269024773414
837,15033.269024773414
838,15033.269024773419
839,15033.269024773399
840,15033.269024773419
841,15033.269024773417
842,15033.268968221095
843,15033.26904765559
844,15033.269021606404
845,15033.269030812768
846,15033.269061368952
847,15033.26907509611
848,15033.269063277396
849,15033.269062812891
850,15033.26902033242
851,15033.269000646575
852,15033.26898576364
853,15033.269042296746
854,15033.269056673304
855,15033.269075457725
856,15033.269026206734
857,15033.268989306127
858,15033.268973047016
859,15033.268945124155
860,15033.269066488967
861,15033.269049800201
862,15033.269039226965
863,15033.26902159918
864,15033.269025117743
865,15033.269035302863
866,15033.269064256097
867,15033.269006220678
868,15033.26904996364
869,15033.269060114748
870,15033.268961266578
871,15033.269100138914
872,15033.26901988835
873,15033.269036014999
874,15033.2690259959
875,15033.269055477642
876,15033.269041443025
877,15033.269030045998
878,15033.268958897372
879,15033.269040549274
880,15033.269071812829
881,15033.268946160406
882,13611.529003103195
883,13611.52900310319
884,13611.529003103187
885,13611.529003103175
886,13611.529003103182
887,13611.529003103184
888,13611.529003103196
889,13611.529003103185
890,13611.529003103191
891,13611.52898668893
892,13611.528994679145
893,13611.528994358396
894,13611.529024628355
895,13611.529000730188
896,13611.529005883303
897,13611.528982553671
898,13611.528993274847
899,13611.528979607376
900,13611.528990277933
901,13611.528955166006
902,13611.52902231137
903,13611.528992827794
904,13611.529042221202
905,13611.52899502732
906,13611.528994361786
907,13611.52896163154
908,13611.529000214445
909,13611.529042514734
910,13611.528973172917
911,13611.529016083232
912,13611.529019186897
913,13611.52901794528
914,13611.529032651268
915,13611.52899832935
916,13611.528977138898
917,13611.529041096643
918,13611.52897712068
919,13611.52898240389
920,13611.528963850991
921,13611.528995647792
922,13611.529008267846
923,13611.52898437384
924,13611.529021917739
925,13611.529006682184
926,13611.528997256775
927,13611.528979014103
928,13611.52900207655
929,13611.529062771384
930,13611.528946637653
931,12851.083004841485
932,12851.083004841516
933,12851.0830048415
934,12851.083004841503
935,12851.083004841505
936,12851.083004841512
937,12851.083004841501
938,12851.08300484151
939,12851.083004841508
940,12851.083131281915
941,12851.08305194276
942,12851.083022618846
943,12851.083015097633
944,12851.082998264546
945,12851.083106385928
946,12851.083057726506
947,12851.082898118559
948,12851.082983904926
949,12851.082972537239
950,12851.083044139588
951,12851.08293697055
952,12851.083024527232
953,12851.08303292099
954,12851.08301186145
955,12851.083009696013
956,12851.08298181747
957,12851.083021157054
958,12851.08302202297
959,12851.082970677848
960,12851.083002184067
961,12851.083026856673
962,12851.082984867984
963,12851.083025744378
964,12851.083006130166
965,12851.082988793903
966,12851.0829854719
967,12851.082998778065
968,12851.082950779239
969,12851.082940945216
970,12851.083001983961
971,12851.083032103428
972,12851.082981468835
973,12851.083023620567
974,12851.08296893999
975,12851.083122767825
976,12851.083004462402
977,12851.083017651685
978,12851.082980672598
979,12851.08295653044
980,12347.468443831252
981,12347.468443831232
982,12347.46844383124
983,12347.46844383124
984,12347.468443831252
985,12347.46844383124
986,12347.468443831249
987,12347.468443831263
988,12347.468443831262
989,12347.468475203832
990,12347.468413646513
991,12347.468457439494
992,12347.468417958342
993,12347.468374392462
994,12347.468398315725
995,12347.468477597478
996,12347.468536363687
997,12347.46844225494
998,12347.468423673945
999,12347.468444372444
1000,12347.468368037595
1001,12347.468418634846
1002,12347.468434557602
1003,12347.468458650463
1004,12347.46849604274
1005,12347.468425189432
1006,12347.468318160583
1007,12347.46839615172
1008,12347.468480738697
1009,12347.468450008842
1010,12347.468454345737
1011,12347.468443972362
1012,12347.468473369541
1013,12347.468264975589
1014,12347.468429720337
1015,12347.468447195452
1016,12347.468404482428
1017,12347.468459061462
1018,12347.468533091665
1019,12347.468401417926
1020,12347.468442489622
1021,12347.468419999075
1022,12347.468467809183
1023,12347.468421766642
1024,12347.468480246525
1025,12347.468490190286
1026,12347.468450132212
1027,12347.468491813424
1028,12347.46846016976
1029,11917.875711478742
1030,11917.875711478737
1031,11917.875711478737
1032,11917.875711478726
1033,11917.875711478742
1034,11917.875711478737
1035,11917.875711478739
1036,11917.875711478748
1037,11917.875711478748
1038,11917.875720267208
1039,11917.875675865414
1040,11917.875706004235
1041,11917.875722274988
1042,11917.875677408541
1043,11917.875641398672
1044,11917.87570493833
1045,11917.875701846977
1046,11917.875682159613
1047,11917.875698290576
1048,11917.875711157383
1049,11917.875705801052
1050,11917.875637053829
1051,11917.87573143103
1052,11917.875701845269
1053,11917.875753497096
1054,11917.875663152903
1055,11917.875788445217
1056,11917.875669167257
1057,11917.87565939153
1058,11917.875704883882
1059,11917.875728845176
1060,11917.875733680492
1061,11917.875750126415
1062,11917.875658209194
1063,11917.87570220639
1064,11917.87573271547
1065,11917.875653799674
1066,11917.87573697505
1067,11917.875586791368
1068,11917.875700231947
1069,11917.87572330741
1070,11917.875686123536
1071,11917.875720604863
1072,11917.875678758264
1073,11917.875711339126
1074,11917.875737362307
1075,11917.875719964068
1076,11917.875764009224
1077,11917.875697426689
1078,11462.47111661629
1079,11462.471116616276
1080,11462.471116616276
1081,11462.471116616292
1082,11462.471116616298
1083,11462.471116616302
1084,11462.471116616303
1085,11462.4711166163
1086,11462.47111661629
1087,11462.471137215214
1088,11462.471122803017
1089,11462.471114907174
1090,11462.471143325616
1091,11462.471109470654
1092,11462.471072748733
1093,11462.471119508977
1094,11462.471097745345
1095,11462.471090944986
1096,11462.471097285103
1097,11462.471133380259
1098,11462.471131328697
1099,11462.471073680244
1100,11462.471127983017
1101,11462.471107570009
1102,11462.471138473285
1103,11462.471062996752
1104,11462.47119199438
1105,11462.471088560294
1106,11462.471063736939
1107,11462.47110304813
1108,11462.47113137713
1109,11462.471138354502
1110,11462.4711415718
1111,11462.471117971723
1112,11462.471114836017
1113,11462.47113510528
1114,11462.471084858644
1115,11462.471121655712
1116,11462.471010735611
1117,11462.471111801024
1118,11462.471129020409
1119,11462.47110130895
1120,11462.471125289598
1121,11462.471073267287
1122,11462.471112083984
1123,11462.47113044769
1124,11462.471130799038
1125,11462.471163556314
1126,11462.471104422219
1127,10655.711241472212
1128,10655.711241472212
1129,10655.711241472212
1130,10655.711241472201
1131,10655.71124147222
1132,10655.711241472205
1133,10655.711241472194
1134,10655.711241472205
1135,10655.711241472205
1136,10655.711247200097
1137,10655.711292296164
1138,10655.71124068887
1139,10655.711284972105
1140,10655.711245865787
1141,10655.711186968854
1142,10655.71118215854
1143,10655.711200538573
1144,10655.711221657102
1145,10655.711226526711
1146,10655.71124510058
1147,10655.711293137914
1148,10655.711248499982
1149,10655.711224984854
1150,10655.711233166698
1151,10655.711228519565
1152,10655.711205498208
1153,10655.71128241247
1154,10655.71125899417
1155,10655.71115939017
1156,10655.71123568393
1157,10655.71124818939
1158,10655.711263124867
1159,10655.711260328864
1160,10655.711283198365
1161,10655.711247862599
1162,10655.711280861648
1163,10655.711268579595
1164,10655.7112543185
1165,10655.711201781502
1166,10655.711239497468
1167,10655.711232502126
1168,10655.711258023572
1169,10655.711240383449
1170,10655.711202203218
1171,10655.711200411935
1172,10655.711211223148
1173,10655.711247518762
1174,10655.711319221764
1175,10655.711207714608
1176,10837.607752023852
1177,10837.60775202383
1178,10837.607752023814
1179,10837.607752023843
1180,10837.607752023836
1181,10837.607752023845
1182,10837.607752023845
1183,10837.607752023829
1184,10837.607752023843
1185,10837.607729202122
1186,10837.60784912599
1187,10837.607797260884
1188,10837.607706677612
1189,10837.607690432944
1190,10837.607833449803
1191,10837.607924889746
1192,10837.607955935338
1193,10837.607770314438
1194,10837.607728171339
1195,10837.60778789978
1196,10837.607649871896
1197,10837.60784139571
1198,10837.60769594969
1199,10837.607775199654
1200,10837.607771719418
1201,10837.607816019128
1202,10837.607597304806
1203,10837.607598449858
1204,10837.6079446778
1205,10837.607709341019
1206,10837.607742655879
1207,10837.607731305132
1208,10837.607741472066
1209,10837.607696239143
1210,10837.607756124075
1211,10837.607724442267
1212,10837.607762426758
1213,10837.607737572447
1214,10837.608048507298
1215,10837.607789595268
1216,10837.607713755977
1217,10837.607755845951
1218,10837.607776759865
1219,10837.607752178867
1220,10837.607797828745
1221,10837.60781590883
1222,10837.607784846692
1223,10837.607748912764
1224,10837.607825027093
1225,10289.049869235803
1226,10289.049869235785
1227,10289.049869235789
1228,10289.049869235805
1229,10289.049869235798
1230,10289.049869235798
1231,10289.049869235801
1232,10289.049869235794
1233,10289.049869235803
1234,10289.049862513091
1235,10289.049926202477
1236,10289.049881023293
1237,10289.04987624056
1238,10289.04985635314
1239,10289.049872367308
1240,10289.04989942148
1241,10289.049921367021
1242,10289.04986543639
1243,10289.049850029904
1244,10289.049884657003
1245,10289.049863825965
1246,10289.0498992257
1247,10289.049848868855
1248,10289.049870966881
1249,10289.049869181676
1250,10289.049865614035
1251,10289.049835836253
1252,10289.049823957595
1253,10289.049890572509
1254,10289.049848900191
1255,10289.049868282786
1256,10289.049871915893
1257,10289.049876695795
1258,10289.049866568996
1259,10289.049875313793
1260,10289.04988201737
1261,10289.049894117277
1262,10289.04986480962
1263,10289.049939962051
1264,10289.049885734115
1265,10289.049853622024
1266,10289.049878783568
1267,10289.049875553786
1268,10289.049846394228
1269,10289.0498661793
1270,10289.049878487544
1271,10289.049886472354
1272,10289.049909391219
1273,10289.049872507421
1274,9944.73909585744
1275,9944.739095857434
1276,9944.739095857429
1277,9944.73909585744
1278,9944.739095857436
1279,9944.739095857447
1280,9944.739095857438
1281,9944.739095857436
1282,9944.73909585744
1283,9944.739084808078
1284,9944.73913440396
1285,9944.739099903223
1286,9944.739113731472
1287,9944.739096374806
1288,9944.739097430816
1289,9944.739078599388
1290,9944.739086949263
1291,9944.73908984563
1292,9944.7390874448
1293,9944.739092019583
1294,9944.739109522052
1295,9944.739114074486
1296,9944.73908460663
1297,9944.739090605739
1298,9944.739082977907
1299,9944.739103515354
1300,9944.739092544316
1301,9944.739083482837
1302,9944.739068676416
1303,9944.739085029913
1304,9944.73909167178
1305,9944.739096196607
1306,9944.739108948163
1307,9944.73910048715
1308,9944.739099125043
1309,9944.739126997276
1310,9944.739139400868
1311,9944.739105482
1312,9944.7391070171
1313,9944.73911904045
1314,9944.739073648585
1315,9944.739114867996
1316,9944.739086342423
1317,9944.73908391014
1318,9944.73908070394
1319,9944.739074792638
1320,9944.73910045432
1321,9944.739132442346
1322,9944.739067503528
1323,9713.035439426338
1324,9713.035439426347
1325,9713.035439426347
1326,9713.035439426347
1327,9713.035439426329
1328,9713.035439426341
1329,9713.035439426341
1330,9713.035439426334
1331,9713.035439426338
1332,9713.035431979919
1333,9713.035455363479
1334,9713.03544217792
1335,9713.035450815494
1336,9713.03543872209
1337,9713.035448761613
1338,9713.035418184003
1339,9713.035408357611
1340,9713.035434126525
1341,9713.035430900914
1342,9713.035436978778
1343,9713.035438954674
1344,9713.035442335362
1345,9713.035443734449
1346,9713.03543238759
1347,9713.035437717814
1348,9713.035445999903
1349,9713.035454255907
1350,9713.035437677252
1351,9713.035416433435
1352,9713.035425777727
1353,9713.035435069285
1354,9713.035436353719
1355,9713.03545551627
1356,9713.035446045224
1357,9713.035442706494
1358,9713.035467293752
1359,9713.035480692746
1360,9713.035460423189
1361,9713.035413259719
1362,9713.035464085066
1363,9713.03541284352
1364,9713.035453035143
1365,9713.035423677413
1366,9713.03542898488
1367,9713.035437529234
1368,9713.035425496688
1369,9713.035441358246
1370,9713.035446277741
1371,9713.035415878488
1372,9402.215932098286
1373,9402.215932098292
1374,9402.215932098306
1375,9402.215932098276
1376,9402.215932098288
1377,9402.21593209828
1378,9402.215932098283
1379,9402.215932098286
1380,9402.215932098286
1381,9402.215941140163
1382,9402.215943223366
1383,9402.215927679188
1384,9402.21594999559
1385,9402.21594063989
1386,9402.215962646944
1387,9402.215920285003
1388,9402.215897869251
1389,9402.215923532736
1390,9402.215921314275
1391,9402.2159287389
1392,9402.215945755956
1393,9402.215935016664
1394,9402.215952455063
1395,9402.215920319932
1396,9402.215923286554
1397,9402.215934442125
1398,9402.215959513742
1399,9402.215958789617
1400,9402.215924204262
1401,9402.21591147239
1402,9402.215932182959
1403,9402.215930509974
1404,9402.215944281748
1405,9402.21597082497
1406,9402.21593541019
1407,9402.215958528563
1408,9402.215962296
1409,9402.215933696858
1410,9402.215871136741
1411,9402.215951533386
1412,9402.215907382633
1413,9402.215935388565
1414,9402.215913429854
1415,9402.215919770497
1416,9402.2159348194
1417,9402.215929806547
1418,9402.215933975245
1419,9402.215916627261
1420,9402.215926967017
1421,9036.22823503836
1422,9036.228235038343
1423,9036.22823503835
1424,9036.228235038348
1425,9036.228235038358
1426,9036.228235038347
1427,9036.228235038345
1428,9036.228235038352
1429,9036.22823503835
1430,9036.228251536471
1431,9036.22824467331
1432,9036.22826421707
1433,9036.22822128133
1434,9036.228203456456
1435,9036.228310009483
1436,9036.228302748694
1437,9036.228211072987
1438,9036.228271399299
1439,9036.228219538036
1440,9036.228239939232
1441,9036.228166098566
1442,9036.228251831259
1443,9036.228235075285
1444,9036.22824621992
1445,9036.228268137605
1446,9036.228282014
1447,9036.228204675073
1448,9036.228197008908
1449,9036.228281259517
1450,9036.228220272193
1451,9036.228210491394
1452,9036.228219931287
1453,9036.228235824188
1454,9036.22819882585
1455,9036.228247025992
1456,9036.228237138066
1457,9036.228239333606
1458,9036.228275076157
1459,9036.2282706991
1460,9036.228275218835
1461,9036.228194365201
1462,9036.228232775822
1463,9036.22821963545
1464,9036.228245904922
1465,9036.228261026108
1466,9036.228257267758
1467,9036.2282393565
1468,9036.228164561348
1469,9036.2282480213
1470,8402.135083702997
1471,8402.135083702991
1472,8402.135083702982
1473,8402.135083702982
1474,8402.13508370299
1475,8402.13508370299
1476,8402.13508370299
1477,8402.135083703
1478,8402.135083702997
1479,8402.13505903581
1480,8402.135035264739
1481,8402.135069599135
1482,8402.135078804271
1483,8402.13507405437
1484,8402.135065369917
1485,8402.135073355274
1486,8402.13507281514
1487,8402.135096844884
1488,8402.135077558356
1489,8402.13506951895
1490,8402.135077836834
1491,8402.135038751854
1492,8402.13511545406
1493,8402.135075673023
1494,8402.135104449055
1495,8402.135054206808
1496,8402.135117921247
1497,8402.135073595564
1498,8402.135090234342
1499,8402.135073887799
1500,8402.135072062749
1501,8402.135077512177
1502,8402.135103576178
1503,8402.13506747402
1504,8402.135093542009
1505,8402.135103351311
1506,8402.13507874695
1507,8402.135106998528
1508,8402.13502153266
1509,8402.135090876538
1510,8402.135056147687
1511,8402.13507050183
1512,8402.135065323875
1513,8402.13509100216
1514,8402.135089932965
1515,8402.135102502405
1516,8402.135090768455
1517,8402.135058897458
1518,8402.13511193869
1519,8175.329942665822
1520,8175.329942665819
1521,8175.329942665819
1522,8175.32994266582
1523,8175.329942665824
1524,8175.329942665824
1525,8175.329942665821
1526,8175.329942665824
1527,8175.329942665821
1528,8175.329965999692
1529,8175.32996004589
1530,8175.329950811561
1531,8175.329951851537
1532,8175.329921486586
1533,8175.329960705153
1534,8175.329963064105
1535,8175.329952302611
1536,8175.329964868374
1537,8175.329939985263
1538,8175.329920227023
1539,8175.329961385723
1540,8175.329969777896
1541,8175.32991692644
1542,8175.329941873071
1543,8175.329931851095
1544,8175.329969456856
1545,8175.329917788163
1546,8175.329971761963
1547,8175.329963057463
1548,8175.329952097654
1549,8175.329920822947
1550,8175.329934318263
1551,8175.329946117302
1552,8175.329965070994
1553,8175.329957165246
1554,8175.329955736074
1555,8175.329933112777
1556,8175.329903211297
1557,8175.32997054139
1558,8175.329952559596
1559,8175.329923779892
1560,8175.329934762743
1561,8175.3299349862
1562,8175.329977040591
1563,8175.329941508913
1564,8175.32996149823
1565,8175.329961164513
1566,8175.329951680322
1567,8175.329966113162
1568,8065.593105902703
1569,8065.593105902712
1570,8065.593105902711
1571,8065.593105902709
1572,8065.593105902716
1573,8065.5931059027125
1574,8065.593105902711
1575,8065.593105902705
1576,8065.593105902711
1577,8065.593114397961
1578,8065.593093870015
1579,8065.5931083668265
1580,8065.593105540902
1581,8065.593083196744
1582,8065.593115758125
1583,8065.593132174881
1584,8065.593122550002
1585,8065.593113053079
1586,8065.593101656353
1587,8065.593095504088
1588,8065.593105997649
1589,8065.593094022673
1590,8065.593109861185
1591,8065.593099815136
1592,8065.593112327399
1593,8065.593108817512
1594,8065.593096736331
1595,8065.593095707412
1596,8065.593126529213
1597,8065.593106100588
1598,8065.593093601506
1599,8065.593099622905
1600,8065.593109804482
1601,8065.593085899099
1602,8065.593114275448
1603,8065.593108331969
1604,8065.593095993746
1605,8065.593089415646
1606,8065.593120461812
1607,8065.59311403843
1608,8065.593100516258
1609,8065.593089781974
1610,8065.593101592469
1611,8065.593131746709
1612,8065.593111448255
1613,8065.593145051997
1614,8065.593128540244
1615,8065.593098559856
1616,8065.593126394137
1617,7965.117611869969
1618,7965.1176118699705
1619,7965.1176118699705
1620,7965.1176118699705
1621,7965.117611869972
1622,7965.1176118699705
1623,7965.117611869975
1624,7965.11761186997
1625,7965.117611869966
1626,7965.117579815359
1627,7965.117585069985
1628,7965.117610432441
1629,7965.117614186232
1630,7965.11759577497
1631,7965.117548340191
1632,7965.117558568207
1633,7965.117589986926
1634,7965.117605199935
1635,7965.117624372597
1636,7965.117595698045
1637,7965.1176230589535
1638,7965.117575376349
1639,7965.117601896324
1640,7965.117598642985
1641,7965.117624693405
1642,7965.1176079154
1643,7965.117620131678
1644,7965.1176307631995
1645,7965.117561772488
1646,7965.11762315262
1647,7965.117602945189
1648,7965.117607806251
1649,7965.117621624279
1650,7965.117578074473
1651,7965.11761822205
1652,7965.1176190087335
1653,7965.117605258521
1654,7965.1176212792825
1655,7965.117597084342
1656,7965.117605486013
1657,7965.117583205884
1658,7965.117610158116
1659,7965.1176049457445
1660,7965.117639051089
1661,7965.117608116905
1662,7965.117602131436
1663,7965.1176330589315
1664,7965.117632027382
1665,7965.117629132534
1666,7841.323374879266
1667,7841.323374879262
1668,7841.323374879253
1669,7841.323374879263
1670,7841.323374879261
1671,7841.323374879267
1672,7841.323374879259
1673,7841.3233748792545
1674,7841.323374879262
1675,7841.323372517142
1676,7841.323343848062
1677,7841.3233737077135
1678,7841.323375983115
1679,7841.3233604515
1680,7841.323359816017
1681,7841.323365512605
1682,7841.323363007139
1683,7841.323353116108
1684,7841.32337979322
1685,7841.323377829662
1686,7841.323375450175
1687,7841.323332116672
1688,7841.323391249606
1689,7841.323360366075
1690,7841.323387890567
1691,7841.323369496383
1692,7841.323385310768
1693,7841.323357863766
1694,7841.323345157108
1695,7841.323374458955
1696,7841.323374564466
1697,7841.323373952306
1698,7841.323373712409
1699,7841.323328269633
1700,7841.3233755896545
1701,7841.323366239626
1702,7841.323380930198
1703,7841.323372611136
1704,7841.323359207672
1705,7841.323375465206
1706,7841.323377734337
1707,7841.323363872637
1708,7841.323375822285
1709,7841.323388939447
1710,7841.3233785608545
1711,7841.323401511829
1712,7841.323402893827
1713,7841.3233704609065
1714,7841.323380478701
1715,7698.233678876802
1716,7698.233678876813
1717,7698.233678876796
1718,7698.233678876806
1719,7698.233678876801
1720,7698.233678876802
1721,7698.2336788768
1722,7698.233678876803
1723,7698.2336788768025
1724,7698.233680979983
1725,7698.233653493369
1726,7698.2336822257075
1727,7698.233676101008
1728,7698.233665055603
1729,7698.233675219937
1730,7698.233692146174
1731,7698.233688709164
1732,7698.233657720769
1733,7698.233682341756
1734,7698.233686984218
1735,7698.23367165267
1736,7698.233638877228
1737,7698.233694610305
1738,7698.233667818791
1739,7698.233693799939
1740,7698.233673978025
1741,7698.233688509327
1742,7698.233641522585
1743,7698.233666726052
1744,7698.233678398166
1745,7698.233678096631
1746,7698.233680609417
1747,7698.233674481745
1748,7698.233633961106
1749,7698.23367862127
1750,7698.23366407228
1751,7698.233693454182
1752,7698.233676031296
1753,7698.233684278105
1754,7698.2336850460215
1755,7698.23368812341
1756,7698.233671766481
1757,7698.233686369748
1758,7698.233691621118
1759,7698.233683442892
1760,7698.233711984988
1761,7698.233709759296
1762,7698.233672862869
1763,7698.233673248274
1764,7444.098472306238
1765,7444.098472306232
1766,7444.0984723062365
1767,7444.098472306239
1768,7444.098472306236
1769,7444.098472306238
1770,7444.098472306242
1771,7444.09847230624
1772,7444.098472306241
1773,7444.098484928435
1774,7444.098454765299
1775,7444.098477448184
1776,7444.098474628671
1777,7444.098471069027
1778,7444.098473336479
1779,7444.098480649556
1780,7444.098460671657
1781,7444.098445846533
1782,7444.098478435775
1783,7444.0984852159945
1784,7444.09847626597
1785,7444.098442211783
1786,7444.098486163501
1787,7444.098465290362
1788,7444.098480815109
1789,7444.098466760527
1790,7444.098499387672
1791,7444.098451562059
1792,7444.098446722122
1793,7444.0984751844035
1794,7444.098473475152
1795,7444.09847880459
1796,7444.098464986108
1797,7444.098467195228
1798,7444.098470809267
1799,7444.09846099896
1800,7444.09850087939
1801,7444.098463072793
1802,7444.098447723916
1803,7444.098478631353
1804,7444.098479196815
1805,7444.098475982575
1806,7444.098482186829
1807,7444.098471305126
1808,7444.098472347167
1809,7444.098489593045
1810,7444.098498726271
1811,7444.098465123832
1812,7444.098454658849
1813,7460.3979286005715
1814,7460.397928600558
1815,7460.3979286005615
1816,7460.397928600546
1817,7460.39792860055
1818,7460.397928600571
1819,7460.397928600573
1820,7460.39792860056
1821,7460.397928600564
1822,7460.3978314099995
1823,7460.397968016503
1824,7460.397950934705
1825,7460.397905303077
1826,7460.397925539835
1827,7460.397831245562
1828,7460.397938123309
1829,7460.398052929766
1830,7460.397947013448
1831,7460.397949854883
1832,7460.397902676259
1833,7460.397889618177
1834,7460.397916172518
1835,7460.397860250529
1836,7460.397931863745
1837,7460.397963910865
1838,7460.397921480387
1839,7460.39791717922
1840,7460.397900139543
1841,7460.397964369398
1842,7460.397958804832
1843,7460.397914960924
1844,7460.397940208417
1845,7460.397936014178
1846,7460.397909554036
1847,7460.397927671869
1848,7460.3979155151255
1849,7460.397927980086
1850,7460.39799554125
1851,7460.3980985589515
1852,7460.397942569491
1853,7460.3978773649
1854,7460.397970943393
1855,7460.397956575284
1856,7460.397975265368
1857,7460.397923562806
1858,7460.397868229716
1859,7460.397953121489
1860,7460.397969225808
1861,7460.397879838046
1862,7309.7691178959485
1863,7309.769117895954
1864,7309.769117895948
1865,7309.769117895952
1866,7309.769117895953
1867,7309.769117895953
1868,7309.769117895949
1869,7309.769117895953
1870,7309.769117895955
1871,7309.7690799482425
1872,7309.769124558659
1873,7309.769131256123
1874,7309.769107303738
1875,7309.769112931303
1876,7309.76907523491
1877,7309.769129461108
1878,7309.769178308389
1879,7309.769112717899
1880,7309.769131170362
1881,7309.769112682158
1882,7309.769101359156
1883,7309.769096228904
1884,7309.769096362958
1885,7309.7691171373735
1886,7309.769137426123
1887,7309.769110048045
1888,7309.769125078753
1889,7309.769089365096
1890,7309.769127513942
1891,7309.769132713039
1892,7309.76911197968
1893,7309.769126489623
1894,7309.769118749694
1895,7309.76910558932
1896,7309.76911611987
1897,7309.769106417315
1898,7309.769132722555
1899,7309.769139886125
1900,7309.769185726102
1901,7309.769128045129
1902,7309.769099069052
1903,7309.769137802336
1904,7309.769136135136
1905,7309.769139357898
1906,7309.769116145481
1907,7309.769105091245
1908,7309.7691434382905
1909,7309.7691350942905
1910,7309.769089644117
1911,7145.085739806482
1912,7145.08573980647
1913,7145.08573980648
1914,7145.085739806482
1915,7145.0857398064845
1916,7145.085739806484
1917,7145.085739806481
1918,7145.085739806481
1919,7145.085739806481
1920,7145.085718999979
1921,7145.085756573587
1922,7145.085744734618
1923,7145.085741368869
1924,7145.085747633873
1925,7145.0857268724185
1926,7145.0857409969185
1927,7145.08577112535
1928,7145.085726697494
1929,7145.085751610794
1930,7145.085736086275
1931,7145.085751733468
1932,7145.085736210688
1933,7145.0857202916195
1934,7145.085738224158
1935,7145.085730934453
1936,7145.085731066121
1937,7145.085745361505
1938,7145.085751715694
1939,7145.085743739424
1940,7145.085747714857
1941,7145.085739563122
1942,7145.085749477633
1943,7145.0857389511
1944,7145.0857717947165
1945,7145.085738831388
1946,7145.085735744182
1947,7145.085755523113
1948,7145.0857309096855
1949,7145.085763865528
1950,7145.085744734379
1951,7145.0857207982635
1952,7145.085754226633
1953,7145.085753313242
1954,7145.085746644978
1955,7145.085735198312
1956,7145.085725938648
1957,7145.085759573441
1958,7145.085757751594
1959,7145.085725725528
1960,7096.020698915261
1961,7096.020698915261
1962,7096.020698915268
1963,7096.020698915267
1964,7096.020698915263
1965,7096.0206989152575
1966,7096.020698915258
1967,7096.020698915261
1968,7096.0206989152575
1969,7096.020665976119
1970,7096.020677643687
1971,7096.020700219197
1972,7096.020687206001
1973,7096.020722737526
1974,7096.0206851736675
1975,7096.020710869894
1976,7096.0206861837105
1977,7096.020703132721
1978,7096.020695442005
1979,7096.020702077202
1980,7096.020688474249
1981,7096.020654951452
1982,7096.020721392961
1983,7096.020697250409
1984,7096.020716622907
1985,7096.02065197515
1986,7096.020738718654
1987,7096.020693172467
1988,7096.020684323162
1989,7096.020700163125
1990,7096.020695204743
1991,7096.020705901688
1992,7096.020696541143
1993,7096.020690479499
1994,7096.02070939073
1995,7096.0206942609075
1996,7096.020688830039
1997,7096.020747514872
1998,7096.020670052832
1999,7096.020696571952
2000,7096.020692949206
2001,7096.0206995122035
2002,7096.020706005342
2003,7096.02069644133
2004,7096.020696597669
2005,7096.020700953401
2006,7096.0207138754295
2007,7096.020668524277
2008,7096.020701562355
2009,6995.185882091984
2010,6995.185882091985
2011,6995.185882091982
2012,6995.185882091978
2013,6995.185882091981
2014,6995.1858820919815
2015,6995.185882091981
2016,6995.185882091984
2017,6995.185882091981
2018,6995.185887229496
2019,6995.1858766582645
2020,6995.185882113091
2021,6995.185885651657
2022,6995.18589374731
2023,6995.185909019058
2024,6995.185893429583
2025,6995.1858675894155
2026,6995.185872144007
2027,6995.185882421976
2028,6995.185885619985
2029,6995.185892368737
2030,6995.185875289284
2031,6995.185899544465
2032,6995.185880328056
2033,6995.185871187539
2034,6995.1858677600085
2035,6995.185892855827
2036,6995.185903293266
2037,6995.185877144655
2038,6995.18587800744
2039,6995.185883273204
2040,6995.185888713253
2041,6995.185876669875
2042,6995.185904680609
2043,6995.185886222792
2044,6995.1858801374365
2045,6995.185883569914
2046,6995.185876275742
2047,6995.185853914241
2048,6995.185882308327
2049,6995.18587705957
2050,6995.185878296127
2051,6995.185886032694
2052,6995.185873604795
2053,6995.185880857573
2054,6995.185894798188
2055,6995.185895169997
2056,6995.185864956711
2057,6995.1858901217665
2058,6938.351404531074
2059,6938.351404531059
2060,6938.351404531059
2061,6938.351404531063
2062,6938.351404531063
2063,6938.351404531068
2064,6938.351404531076
2065,6938.351404531073
2066,6938.351404531077
2067,6938.351398396205
2068,6938.3514160701025
2069,6938.351406944845
2070,6938.351408893025
2071,6938.3514123617715
2072,6938.351415656245
2073,6938.3514073115875
2074,6938.351407273715
2075,6938.351397249679
2076,6938.3514102087975
2077,6938.351401829155
2078,6938.351410544629
2079,6938.351410092599
2080,6938.351402549827
2081,6938.35140395927
2082,6938.351394496064
2083,6938.351400676215
2084,6938.351397502636
2085,6938.351435499431
2086,6938.351400623533
2087,6938.351405399852
2088,6938.351405189123
2089,6938.351411469594
2090,6938.351400762182
2091,6938.351427669753
2092,6938.351406004206
2093,6938.351403119321
2094,6938.351404398936
2095,6938.351400289962
2096,6938.351410294804
2097,6938.35140674988
2098,6938.351387455448
2099,6938.351409421839
2100,6938.351409824002
2101,6938.351401611488
2102,6938.351402920214
2103,6938.351398232985
2104,6938.351415443816
2105,6938.3514024942615
2106,6938.351407474232
2107,6879.03442030003
2108,6879.034420300031
2109,6879.034420300031
2110,6879.03442030003
2111,6879.03442030003
2112,6879.034420300033
2113,6879.034420300029
2114,6879.034420300028
2115,6879.03442030003
2116,6879.034416637464
2117,6879.034431582327
2118,6879.034424743579
2119,6879.034423156336
2120,6879.034423211515
2121,6879.0344301270125
2122,6879.0344282982405
2123,6879.0344293367425
2124,6879.034419009445
2125,6879.03442576367
2126,6879.034416903537
2127,6879.034414299259
2128,6879.034427980749
2129,6879.034418756655
2130,6879.034421149982
2131,6879.034418966486
2132,6879.034422693795
2133,6879.034402641666
2134,6879.034444203272
2135,6879.0344148622125
2136,6879.0344217456595
2137,6879.034419449393
2138,6879.034426014409
2139,6879.034415512518
2140,6879.034424659828
2141,6879.03442049019
2142,6879.034417461021
2143,6879.0344146604
2144,6879.034424545209
2145,6879.034441617993
2146,6879.034423707051
2147,6879.034405424559
2148,6879.034424873287
2149,6879.034424232882
2150,6879.034418229779
2151,6879.034420523147
2152,6879.034413725037
2153,6879.034428759348
2154,6879.034415582275
2155,6879.034421552482
2156,6802.238033326347
2157,6802.23803332635
2158,6802.23803332635
2159,6802.238033326344
2160,6802.238033326354
2161,6802.238033326345
2162,6802.238033326343
2163,6802.238033326346
2164,6802.238033326344
2165,6802.238022481084
2166,6802.23804701043
2167,6802.238029413651
2168,6802.238038930375
2169,6802.238036684873
2170,6802.238017713088
2171,6802.238008962082
2172,6802.238040184465
2173,6802.238030603186
2174,6802.23804072573
2175,6802.238025912971
2176,6802.2380408871295
2177,6802.23804921335
2178,6802.238025906218
2179,6802.2380340460795
2180,6802.238031863749
2181,6802.23803028337
2182,6802.238025684317
2183,6802.238065336695
2184,6802.238017947135
2185,6802.238039627806
2186,6802.238033735571
2187,6802.238036988638
2188,6802.238031942581
2189,6802.2380598978225
2190,6802.23803484176
2191,6802.238036436169
2192,6802.238022492763
2193,6802.238027288071
2194,6802.238035637593
2195,6802.238029537156
2196,6802.23801653623
2197,6802.238040393018
2198,6802.23803219443
2199,6802.23802816448
2200,6802.238030751872
2201,6802.23801210894
2202,6802.238036687593
2203,6802.238043444431
2204,6802.238040536372
2205,6763.583259893599
2206,6763.583259893599
2207,6763.583259893606
2208,6763.583259893597
2209,6763.5832598936
2210,6763.583259893596
2211,6763.583259893596
2212,6763.583259893595
2213,6763.5832598936
2214,6763.583269578335
2215,6763.583262193042
2216,6763.583266901708
2217,6763.583257482782
2218,6763.583250802205
2219,6763.583272909414
2220,6763.583309620888
2221,6763.583322977476
2222,6763.583285266356
2223,6763.583260797884
2224,6763.583256234988
2225,6763.58323503263
2226,6763.583272794665
2227,6763.583250922906
2228,6763.583265428175
2229,6763.583276821961
2230,6763.583265602992
2231,6763.5832336734875
2232,6763.583224918721
2233,6763.583284760431
2234,6763.583260616811
2235,6763.583248845489
2236,6763.583261733013
2237,6763.583256110489
2238,6763.583227945597
2239,6763.58326075962
2240,6763.583254626294
2241,6763.583244041162
2242,6763.583268599125
2243,6763.583320366025
2244,6763.583266217422
2245,6763.583265117037
2246,6763.583256285668
2247,6763.5832599728665
2248,6763.58326164498
2249,6763.583263146144
2250,6763.583271992785
2251,6763.583265479944
2252,6763.583254551171
2253,6763.583248103389
2254,6729.838193530735
2255,6729.838193530731
2256,6729.83819353074
2257,6729.838193530735
2258,6729.83819353074
2259,6729.838193530738
2260,6729.838193530736
2261,6729.838193530741
2262,6729.838193530735
2263,6729.838196279684
2264,6729.838190040468
2265,6729.8381952036025
2266,6729.838196124183
2267,6729.838190450809
2268,6729.8381925478
2269,6729.838201438027
2270,6729.838214241133
2271,6729.838206936459
2272,6729.838194725933
2273,6729.838189443864
2274,6729.83818781425
2275,6729.838204078182
2276,6729.83819116819
2277,6729.838197752755
2278,6729.838202626574
2279,6729.83819391978
2280,6729.838188046563
2281,6729.838180386953
2282,6729.838194953857
2283,6729.838196957338
2284,6729.838185669939
2285,6729.83819481528
2286,6729.838191176386
2287,6729.8381927277
2288,6729.83819773836
2289,6729.83819448357
2290,6729.838180850614
2291,6729.838193771321
2292,6729.838204471829
2293,6729.838193303011
2294,6729.838189737548
2295,6729.838192146232
2296,6729.8381899073
2297,6729.838189448118
2298,6729.83819355303
2299,6729.838193066172
2300,6729.83819693636
2301,6729.838191641242
2302,6729.838193929832
2303,6720.116175085292
2304,6720.116175085286
2305,6720.11617508529
2306,6720.1161750852925
2307,6720.116175085294
2308,6720.116175085294
2309,6720.116175085293
2310,6720.116175085295
2311,6720.116175085292
2312,6720.116175143508
2313,6720.116170452507
2314,6720.116175720013
2315,6720.11617927395
2316,6720.1161740907
2317,6720.116169594481
2318,6720.116171329909
2319,6720.116184311697
2320,6720.1161838416965
2321,6720.1161772364785
2322,6720.116171219777
2323,6720.1161743431
2324,6720.116184702509
2325,6720.116173367843
2326,6720.116178820305
2327,6720.1161817252405
2328,6720.116175236567
2329,6720.116175151863
2330,6720.11616618727
2331,6720.116169936925
2332,6720.11617922889
2333,6720.1161686236355
2334,6720.116176432216
2335,6720.11617305302
2336,6720.116182365387
2337,6720.116179178385
2338,6720.116177544255
2339,6720.116165534535
2340,6720.116172976781
2341,6720.11617382058
2342,6720.116173691163
2343,6720.116167825924
2344,6720.116175273625
2345,6720.116170711743
2346,6720.116169203795
2347,6720.116174073543
2348,6720.116170299842
2349,6720.1161779370395
2350,6720.116175395658
2351,6720.116176764693
2352,6705.388923768911
2353,6705.388923768903
2354,6705.388923768903
2355,6705.388923768906
2356,6705.388923768905
2357,6705.388923768905
2358,6705.38892376891
2359,6705.388923768908
2360,6705.388923768909
2361,6705.388924938437
2362,6705.388917612722
2363,6705.388923996206
2364,6705.388929471632
2365,6705.388925603194
2366,6705.388919424738
2367,6705.388913939076
2368,6705.388924288447
2369,6705.388926011617
2370,6705.3889275664005
2371,6705.388921357068
2372,6705.38892660104
2373,6705.388932270519
2374,6705.388924385717
2375,6705.388926971147
2376,6705.388927403536
2377,6705.38892468052
2378,6705.3889275799675
2379,6705.388916488657
2380,6705.388913726985
2381,6705.388927393294
2382,6705.388919975097
2383,6705.388925548311
2384,6705.388921153604
2385,6705.388935770217
2386,6705.388925689998
2387,6705.388926633136
2388,6705.388918847333
2389,6705.388918381767
2390,6705.388912673907
2391,6705.388921810109
2392,6705.388916187333
2393,6705.388924904491
2394,6705.388918919818
2395,6705.3889151328685
2396,6705.388922060881
2397,6705.388918021438
2398,6705.388926232004
2399,6705.388924594485
2400,6705.3889252112385
2401,6674.46825363095
2402,6674.468253630951
2403,6674.4682536309465
2404,6674.468253630949
2405,6674.468253630951
2406,6674.468253630947
2407,6674.46825363095
2408,6674.468253630953
2409,6674.468253630951
2410,6674.468249572588
2411,6674.468251130576
2412,6674.468256390619
2413,6674.468260230243
2414,6674.468258452127
2415,6674.468241688738
2416,6674.46823225826
2417,6674.468245541465
2418,6674.468251692065
2419,6674.468258658596
2420,6674.46824933475
2421,6674.468259143895
2422,6674.468266900409
2423,6674.468248846363
2424,6674.4682575395145
2425,6674.468254410037
2426,6674.468257623419
2427,6674.468257121691
2428,6674.468249275969
2429,6674.468244133542
2430,6674.468258685137
2431,6674.468251003023
2432,6674.468255772629
2433,6674.468251076657
2434,6674.468275713878
2435,6674.468255715373
2436,6674.46825755688
2437,6674.4682532283405
2438,6674.468247879501
2439,6674.4682442978865
2440,6674.468251485505
2441,6674.468240097224
2442,6674.468258475005
2443,6674.468248539918
2444,6674.4682447437235
2445,6674.468250523929
2446,6674.4682421913
2447,6674.468254232103
2448,6674.4682585160435
2449,6674.468251655472
2450,6650.39979312928
2451,6650.39979312928
2452,6650.39979312928
2453,6650.399793129279
2454,6650.399793129283
2455,6650.399793129286
2456,6650.399793129284
2457,6650.3997931292815
2458,6650.399793129284
2459,6650.399810272712
2460,6650.399771855086
2461,6650.399788368715
2462,6650.399797315973
2463,6650.3998087514165
2464,6650.399823736699
2465,6650.399803775725
2466,6650.399776400804
2467,6650.3997655243365
2468,6650.399805478525
2469,6650.399800311813
2470,6650.3997925263875
2471,6650.399775068585
2472,6650.399824744071
2473,6650.399790869592
2474,6650.399791336223
2475,6650.399786811355
2476,6650.399810475231
2477,6650.399780461542
2478,6650.399767384557
2479,6650.399784281804
2480,6650.399807969051
2481,6650.399796127268
2482,6650.3997869806035
2483,6650.399782298383
2484,6650.399774039025
2485,6650.399792224907
2486,6650.3998032400195
2487,6650.39979006003
2488,6650.399748240373
2489,6650.399791062341
2490,6650.399803622608
2491,6650.399789532997
2492,6650.3997856436345
2493,6650.399772384688
2494,6650.399793110671
2495,6650.3998049249985
2496,6650.399795211011
2497,6650.399776445684
2498,6650.399798143031
2499,6603.227151161312
2500,6603.227151161309
2501,6603.227151161307
2502,6603.227151161314
2503,6603.227151161312
2504,6603.227151161316
2505,6603.227151161306
2506,6603.227151161316
2507,6603.22715116131
2508,6603.227143423749
2509,6603.227150611968
2510,6603.227151452901
2511,6603.227154592699
2512,6603.227163507429
2513,6603.227142334919
2514,6603.227135337994
2515,6603.227145040375
2516,6603.227137341891
2517,6603.2271606715985
2518,6603.227145452859
2519,6603.227154064601
2520,6603.2271563416
2521,6603.22715235606
2522,6603.227152323925
2523,6603.2271505452645
2524,6603.22714871207
2525,6603.227157578141
2526,6603.227146250275
2527,6603.227145237468
2528,6603.227151496694
2529,6603.227157835392
2530,6603.227152901967
2531,6603.227149386027
2532,6603.227168627817
2533,6603.227143550261
2534,6603.227154655434
2535,6603.227155973745
2536,6603.227151358579
2537,6603.2271419672925
2538,6603.227148574123
2539,6603.227142036242
2540,6603.227156284426
2541,6603.227144500934
2542,6603.227140444267
2543,6603.22714802222
2544,6603.227144023113
2545,6603.227148688512
2546,6603.227154342126
2547,6603.227148186338
2548,6568.5973021330055
2549,6568.597302133009
2550,6568.597302132997
2551,6568.597302132999
2552,6568.5973021330055
2553,6568.597302132997
2554,6568.5973021330055
2555,6568.597302133003
2556,6568.597302132997
2557,6568.597289728275
2558,6568.5973056777275
2559,6568.597305162239
2560,6568.59730265734
2561,6568.597310576421
2562,6568.597287298919
2563,6568.597297970859
2564,6568.5973095506515
2565,6568.597302656575
2566,6568.597307061067
2567,6568.597292333752
2568,6568.597299228343
2569,6568.597310537639
2570,6568.5972937914885
2571,6568.597304503443
2572,6568.597306485339
2573,6568.597298049105
2574,6568.59730274149
2575,6568.597291761581
2576,6568.59731192301
2577,6568.597303155669
2578,6568.597302557046
2579,6568.597302695076
2580,6568.597301598312
2581,6568.597316041862
2582,6568.597301248562
2583,6568.597305262357
2584,6568.597299855669
2585,6568.597309709377
2586,6568.597313416291
2587,6568.5973009134095
2588,6568.597291627021
2589,6568.597305982987
2590,6568.597296298131
2591,6568.597297606844
2592,6568.597299685908
2593,6568.597297058657
2594,6568.5972994360745
2595,6568.597304301406
2596,6568.597297145337
2597,6521.3863147307875
2598,6521.386314730787
2599,6521.386314730791
2600,6521.386314730786
2601,6521.386314730782
2602,6521.3863147307875
2603,6521.386314730788
2604,6521.386314730788
2605,6521.386314730791
2606,6521.386316142063
2607,6521.386323866098
2608,6521.38632159081
2609,6521.386316105564
2610,6521.386319416343
2611,6521.386314194141
2612,6521.386321684559
2613,6521.386326644468
2614,6521.386316382708
2615,6521.3863190939655
2616,6521.386301594918
2617,6521.386311357465
2618,6521.386332574731
2619,6521.386302826275
2620,6521.386317726624
2621,6521.386313322108
2622,6521.386320064226
2623,6521.386298696757
2624,6521.38630995127
2625,6521.386332791534
2626,6521.386314183896
2627,6521.386313725812
2628,6521.38631454745
2629,6521.386312167885
2630,6521.386325563415
2631,6521.386312959445
2632,6521.38631702144
2633,6521.386312502731
2634,6521.386312481187
2635,6521.386340747339
2636,6521.386315755489
2637,6521.386308402902
2638,6521.386315389441
2639,6521.38630842716
2640,6521.386313817992
2641,6521.386313041947
2642,6521.386317899522
2643,6521.3863111127075
2644,6521.386316086076
2645,6521.386309474045
2646,6509.946188893545
2647,6509.946188893539
2648,6509.946188893539
2649,6509.946188893543
2650,6509.946188893541
2651,6509.946188893546
2652,6509.946188893544
2653,6509.946188893538
2654,6509.946188893544
2655,6509.946150944396
2656,6509.946192146242
2657,6509.946185343471
2658,6509.946176361891
2659,6509.946194576375
2660,6509.946152142718
2661,6509.946212781318
2662,6509.946202498304
2663,6509.946210878838
2664,6509.94618651186
2665,6509.946170898042
2666,6509.94616005889
2667,6509.946163410927
2668,6509.946185480798
2669,6509.946186152526
2670,6509.946220477696
2671,6509.946158712789
2672,6509.946198740716
2673,6509.9461765610595
2674,6509.946198989544
2675,6509.946186190163
2676,6509.946187581286
2677,6509.946184385396
2678,6509.946192899089
2679,6509.946160136891
2680,6509.946190779149
2681,6509.94619075908
2682,6509.94616380376
2683,6509.946247670838
2684,6509.946210401732
2685,6509.946188096773
2686,6509.946179658474
2687,6509.946189590034
2688,6509.946182218025
2689,6509.946195162982
2690,6509.946190001389
2691,6509.946181288986
2692,6509.9461839332
2693,6509.946171903088
2694,6509.946190823023
2695,6464.907587693398
2696,6464.907587693401
2697,6464.907587693396
2698,6464.90758769339
2699,6464.907587693398
2700,6464.907587693391
2701,6464.907587693392
2702,6464.907587693393
2703,6464.907587693389
2704,6464.907583945371
2705,6464.907593020684
2706,6464.907590480972
2707,6464.907584446757
2708,6464.90759174848
2709,6464.907582368912
2710,6464.907596612676
2711,6464.9075885075345
2712,6464.90758898356
2713,6464.907590381555
2714,6464.907572034827
2715,6464.907577790014
2716,6464.907586146642
2717,6464.907587523859
2718,6464.90758660378
2719,6464.907594411241
2720,6464.90758280191
2721,6464.907579477847
2722,6464.907588834325
2723,6464.907593128786
2724,6464.907584287733
2725,6464.907589495065
2726,6464.907585234033
2727,6464.907586466577
2728,6464.90757974389
2729,6464.907583170098
2730,6464.9075899507625
2731,6464.907579640711
2732,6464.907601965788
2733,6464.907601083581
2734,6464.907587420538
2735,6464.9075840597925
2736,6464.907585076274
2737,6464.90757963703
2738,6464.907589826024
2739,6464.907587255044
2740,6464.907591462461
2741,6464.907583130821
2742,6464.907579377464
2743,6464.907590453522
2744,6447.010690942349
2745,6447.010690942346
2746,6447.010690942346
2747,6447.010690942342
2748,6447.010690942341
2749,6447.0106909423475
2750,6447.010690942346
2751,6447.0106909423475
2752,6447.0106909423475
2753,6447.01069553998
2754,6447.0106964473825
2755,6447.010695381639
2756,6447.010691127519
2757,6447.010694829386
2758,6447.01069060129
2759,6447.010686668114
2760,6447.010683343399
2761,6447.010683914588
2762,6447.010694823953
2763,6447.010676023504
2764,6447.010690817084
2765,6447.010696388244
2766,6447.010692193944
2767,6447.010689826231
2768,6447.010688325746
2769,6447.010693093258
2770,6447.010680715779
2771,6447.010697238996
2772,6447.0106928953865
2773,6447.010688109741
2774,6447.010693942473
2775,6447.0106891935675
2776,6447.010688762692
2777,6447.010695487605
2778,6447.01068545638
2779,6447.010694205121
2780,6447.0106901820845
2781,6447.010688846219
2782,6447.010696153813
2783,6447.010689849494
2784,6447.010687650228
2785,6447.0106875567935
2786,6447.010682198048
2787,6447.010691607834
2788,6447.010689234191
2789,6447.010697011116
2790,6447.010686488239
2791,6447.010687709952
2792,6447.010694853359
2793,6424.887743947115
2794,6424.887743947115
2795,6424.887743947113
2796,6424.887743947118
2797,6424.887743947115
2798,6424.8877439471125
2799,6424.887743947114
2800,6424.887743947116
2801,6424.887743947116
2802,6424.887757875534
2803,6424.88774860675
2804,6424.887749780923
2805,6424.887745490325
2806,6424.887746282516
2807,6424.887751826065
2808,6424.887740477845
2809,6424.887737736768
2810,6424.887731893879
2811,6424.887749266758
2812,6424.88773227218
2813,6424.887748376771
2814,6424.887747877516
2815,6424.887747080603
2816,6424.887741427666
2817,6424.887736454673
2818,6424.887749986735
2819,6424.88773375793
2820,6424.887746134182
2821,6424.887744971732
2822,6424.8877398684335
2823,6424.887747775872
2824,6424.8877430243465
2825,6424.887741041038
2826,6424.887747338068
2827,6424.8877350424045
2828,6424.887746154667
2829,6424.88775004254
2830,6424.8877302875635
2831,6424.887745956766
2832,6424.887743231765
2833,6424.887744211274
2834,6424.887737904758
2835,6424.887735803617
2836,6424.887744374119
2837,6424.887742135446
2838,6424.887755582683
2839,6424.887741553898
2840,6424.887742994958
2841,6424.887746645349
2842,6442.872480975641
2843,6442.872480975643
2844,6442.872480975643
2845,6442.872480975644
2846,6442.872480975652
2847,6442.8724809756495
2848,6442.872480975643
2849,6442.872480975647
2850,6442.872480975643
2851,6442.872464979046
2852,6442.872469343411
2853,6442.872476180037
2854,6442.872486630454
2855,6442.872491903396
2856,6442.872438111021
2857,6442.872381209044
2858,6442.872408378426
2859,6442.872454577608
2860,6442.872477938701
2861,6442.87246672339
2862,6442.872521597503
2863,6442.872480646807
2864,6442.872504494241
2865,6442.872475182284
2866,6442.872463735686
2867,6442.872467502415
2868,6442.872509626539
2869,6442.872514562927
2870,6442.872441750102
2871,6442.872485447725
2872,6442.872488408082
2873,6442.872480188481
2874,6442.872484677167
2875,6442.872545871884
2876,6442.872490771991
2877,6442.872494184087
2878,6442.87249043937
2879,6442.87246166629
2880,6442.872405076486
2881,6442.872464450881
2882,6442.872468662357
2883,6442.872476240002
2884,6442.872466644199
2885,6442.872474100182
2886,6442.872470860281
2887,6442.872474698952
2888,6442.872474741109
2889,6442.872486960008
2890,6442.8725092321665
2891,6415.874568355896
2892,6415.874568355897
2893,6415.8745683558955
2894,6415.874568355906
2895,6415.874568355901
2896,6415.874568355897
2897,6415.874568355894
2898,6415.874568355898
2899,6415.874568355894
2900,6415.874571689701
2901,6415.874567361836
2902,6415.874570194443
2903,6415.874571389553
2904,6415.874573904345
2905,6415.874558041762
2906,6415.874530051904
2907,6415.874537523309
2908,6415.874550677064
2909,6415.874570820693
2910,6415.8745557893435
2911,6415.874585841227
2912,6415.874570218532
2913,6415.87457917748
2914,6415.8745646099205
2915,6415.874557509897
2916,6415.874567090641
2917,6415.874572722237
2918,6415.874582544201
2919,6415.874554343756
2920,6415.874567341669
2921,6415.874573716374
2922,6415.874567466209
2923,6415.874567854043
2924,6415.874593812736
2925,6415.874565733689
2926,6415.874574581157
2927,6415.874575532066
2928,6415.874552704181
2929,6415.874541206244
2930,6415.8745618892735
2931,6415.874564057917
2932,6415.874562948808
2933,6415.874557968232
2934,6415.874566065554
2935,6415.874563636075
2936,6415.874573122816
2937,6415.874564605777
2938,6415.874569762267
2939,6415.874580465583
2940,6396.874924994063
2941,6396.874924994057
2942,6396.874924994057
2943,6396.874924994058
2944,6396.874924994057
2945,6396.874924994063
2946,6396.874924994059
2947,6396.8749249940565
2948,6396.874924994061
2949,6396.87492897204
2950,6396.874922200432
2951,6396.874925912868
2952,6396.874925920364
2953,6396.874930334673
2954,6396.8749180084005
2955,6396.874899135882
2956,6396.87490175234
2957,6396.874909720153
2958,6396.874927566595
2959,6396.874915572768
2960,6396.874937829763
2961,6396.874917320659
2962,6396.874937911674
2963,6396.874919719713
2964,6396.874918205733
2965,6396.874919334176
2966,6396.874932757165
2967,6396.874931486645
2968,6396.874912113126
2969,6396.874921956967
2970,6396.87493059002
2971,6396.874924502475
2972,6396.8749246985535
2973,6396.874937596202
2974,6396.8749197410325
2975,6396.874929146887
2976,6396.874931809665
2977,6396.874914710277
2978,6396.874899393822
2979,6396.874919110211
2980,6396.874923707793
2981,6396.874917428432
2982,6396.874915741156
2983,6396.874923132492
2984,6396.874921306274
2985,6396.874932543051
2986,6396.874923045383
2987,6396.874922435577
2988,6396.874935855422
2989,6347.488930678238
2990,6347.488930678234
2991,6347.488930678238
2992,6347.488930678231
2993,6347.488930678231
2994,6347.488930678236
2995,6347.488930678236
2996,6347.488930678234
2997,6347.488930678238
2998,6347.488930304667
2999,6347.488928983289
3000,6347.488931053844
3001,6347.488926333372
3002,6347.488935936247
3003,6347.4889214073155
3004,6347.488929681486
3005,6347.488927524714
3006,6347.488927984091
3007,6347.488930454062
3008,6347.488927000063
3009,6347.488930727067
3010,6347.488907502572
3011,6347.488940844908
3012,6347.488923786511
3013,6347.488935702289
3014,6347.48891577403
3015,6347.488942654699
3016,6347.488921631107
3017,6347.48892755419
3018,6347.488925625201
3019,6347.488933317886
3020,6347.488931271112
3021,6347.488930965188
3022,6347.488920748683
3023,6347.4889250957585
3024,6347.488930679926
3025,6347.488932305684
3026,6347.488937170553
3027,6347.488917767457
3028,6347.488926610823
3029,6347.488932252617
3030,6347.488920420006
3031,6347.488924516725
3032,6347.488930619819
3033,6347.4889291160025
3034,6347.488939614129
3035,6347.488931496541
3036,6347.488920907215
3037,6347.488935786205
3038,6297.30282305108
3039,6297.302823051078
3040,6297.302823051075
3041,6297.302823051075
3042,6297.302823051078
3043,6297.302823051075
3044,6297.302823051082
3045,6297.30282305108
3046,6297.302823051074
3047,6297.302821065161
3048,6297.302824842273
3049,6297.302824481511
3050,6297.302815270226
3051,6297.302828575317
3052,6297.302811554725
3053,6297.302840808359
3054,6297.302835140626
3055,6297.302834150099
3056,6297.302818160525
3057,6297.302825886863
3058,6297.302811577014
3059,6297.302791894728
3060,6297.302827834389
3061,6297.302816434884
3062,6297.302838285363
3063,6297.302804529706
3064,6297.302834903402
3065,6297.302804237343
3066,6297.302829758229
3067,6297.3028178900395
3068,6297.302820734775
3069,6297.302825640703
3070,6297.302822526997
3071,6297.302797409372
3072,6297.302820340421
3073,6297.3028196106025
3074,6297.302818138788
3075,6297.302843724004
3076,6297.302822895131
3077,6297.302820889205
3078,6297.302826406578
3079,6297.3028115719635
3080,6297.302819662467
3081,6297.302822796378
3082,6297.302823427159
3083,6297.3028306096085
3084,6297.302825703071
3085,6297.302806578476
3086,6297.302821129864
3087,6251.660376159853
3088,6251.660376159863
3089,6251.66037615986
3090,6251.660376159857
3091,6251.660376159859
3092,6251.660376159856
3093,6251.660376159854
3094,6251.660376159855
3095,6251.660376159856
3096,6251.660372609827
3097,6251.660389144289
3098,6251.660382637057
3099,6251.660369276704
3100,6251.660379526851
3101,6251.6603523522435
3102,6251.660383180943
3103,6251.660396330786
3104,6251.6603971171335
3105,6251.660365204644
3106,6251.660381014327
3107,6251.660365030564
3108,6251.660361193444
3109,6251.660368556362
3110,6251.660372638049
3111,6251.660391550347
3112,6251.660367578226
3113,6251.660376955738
3114,6251.660358503712
3115,6251.660394630836
3116,6251.660377528133
3117,6251.66036644636
3118,6251.66038102289
3119,6251.660374845678
3120,6251.660366878531
3121,6251.6603835078495
3122,6251.660373083679
3123,6251.660370354594
3124,6251.66039342054
3125,6251.66039414639
3126,6251.660376349912
3127,6251.660375246788
3128,6251.660367394915
3129,6251.66037461218
3130,6251.660374591034
3131,6251.6603757752555
3132,6251.660378314855
3133,6251.6603776252305
3134,6251.66036994976
3135,6251.660363348061
3136,6253.99388913739
3137,6253.993889137388
3138,6253.993889137381
3139,6253.993889137381
3140,6253.993889137384
3141,6253.993889137389
3142,6253.993889137392
3143,6253.9938891373895
3144,6253.9938891373895
3145,6253.993917998767
3146,6253.993874648574
3147,6253.993888908429
3148,6253.993882873922
3149,6253.993900682059
3150,6253.993925398634
3151,6253.993917494533
3152,6253.993868929168
3153,6253.993886457701
3154,6253.993883862464
3155,6253.993913137772
3156,6253.993870240384
3157,6253.993836820166
3158,6253.993922443545
3159,6253.993885028844
3160,6253.993900818148
3161,6253.99388062356
3162,6253.9939075411
3163,6253.993883348276
3164,6253.993849305428
3165,6253.993878634528
3166,6253.993893531099
3167,6253.993900257486
3168,6253.993880809247
3169,6253.993811541048
3170,6253.993870991431
3171,6253.993882143069
3172,6253.9938851844445
3173,6253.993919334116
3174,6253.993845827212
3175,6253.993883776631
3176,6253.993908045009
3177,6253.993875728692
3178,6253.993883162831
3179,6253.9938701477395
3180,6253.993894067441
3181,6253.993895141155
3182,6253.993892449065
3183,6253.993844919548
3184,6253.993895201252
3185,6228.045644566174
3186,6228.045644566179
3187,6228.045644566176
3188,6228.045644566177
3189,6228.045644566179
3190,6228.045644566176
3191,6228.045644566177
3192,6228.045644566175
3193,6228.045644566176
3194,6228.045657532486
3195,6228.045643789729
3196,6228.045647447655
3197,6228.045638074043
3198,6228.045652098666
3199,6228.045651369125
3200,6228.04566352808
3201,6228.0456451931705
3202,6228.045653949122
3203,6228.045636383726
3204,6228.045659006326
3205,6228.045629591609
3206,6228.045611827856
3207,6228.04565760393
3208,6228.045640642733
3209,6228.045658128698
3210,6228.045635796616
3211,6228.045653726556
3212,6228.045632600464
3213,6228.045635407271
3214,6228.0456400237
3215,6228.04564176034
3216,6228.045652417951
3217,6228.045639713617
3218,6228.045603064551
3219,6228.045639505363
3220,6228.045639366322
3221,6228.045639809629
3222,6228.045667360321
3223,6228.045632380506
3224,6228.0456420266155
3225,6228.045653470113
3226,6228.045633271866
3227,6228.045640903299
3228,6228.045634237368
3229,6228.04564683488
3230,6228.045648932125
3231,6228.045646977547
3232,6228.045619233975
3233,6228.045640754964
3234,6192.011604268184
3235,6192.011604268186
3236,6192.011604268186
3237,6192.011604268186
3238,6192.011604268187
3239,6192.0116042681875
3240,6192.011604268186
3241,6192.011604268186
3242,6192.011604268184
3243,6192.011609168501
3244,6192.01161111876
3245,6192.011605807496
3246,6192.011601125264
3247,6192.011610588169
3248,6192.0115938034805
3249,6192.011592347246
3250,6192.011601265773
3251,6192.011614558954
3252,6192.011593976105
3253,6192.0116143301675
3254,6192.0116062374245
3255,6192.011597981179
3256,6192.011609843094
3257,6192.011603214649
3258,6192.011607971788
3259,6192.011599509987
3260,6192.011610205635
3261,6192.011605730933
3262,6192.011601718263
3263,6192.011608396979
3264,6192.011598833758
3265,6192.011612694697
3266,6192.011602464867
3267,6192.011610194978
3268,6192.011611128621
3269,6192.011604096782
3270,6192.011601763147
3271,6192.0116100870255
3272,6192.011590777734
3273,6192.01160000696
3274,6192.011604184197
3275,6192.011598149667
3276,6192.011599616986
3277,6192.011591307601
3278,6192.011602166827
3279,6192.011601466757
3280,6192.011603314718
3281,6192.011596659101
3282,6192.011601324086
3283,6172.981886521765
3284,6172.981886521766
3285,6172.981886521766
3286,6172.981886521768
3287,6172.981886521763
3288,6172.981886521767
3289,6172.981886521762
3290,6172.9818865217685
3291,6172.981886521766
3292,6172.981903218431
3293,6172.981896018902
3294,6172.981888773404
3295,6172.981886439443
3296,6172.981890880623
3297,6172.981888150393
3298,6172.981867378139
3299,6172.981879670461
3300,6172.981886868513
3301,6172.981880163893
3302,6172.981895290623
3303,6172.981896304178
3304,6172.981893227979
3305,6172.981894056739
3306,6172.981886581648
3307,6172.98187871867
3308,6172.981892326088
3309,6172.981883853682
3310,6172.981896262266
3311,6172.981879508368
3312,6172.981891992609
3313,6172.981884069862
3314,6172.981895394689
3315,6172.981883595496
3316,6172.981902592209
3317,6172.981888845056
3318,6172.981887450413
3319,6172.981892782732
3320,6172.981873273371
3321,6172.981872584919
3322,6172.9818829131855
3323,6172.981885784157
3324,6172.981881980267
3325,6172.981881406521
3326,6172.981871941275
3327,6172.981883751669
3328,6172.98188503374
3329,6172.981884512191
3330,6172.981887613768
3331,6172.9818835692695
3332,6146.466384676494
3333,6146.466384676499
3334,6146.466384676499
3335,6146.466384676499
3336,6146.466384676495
3337,6146.4663846765025
3338,6146.4663846765
3339,6146.466384676497
3340,6146.466384676495
3341,6146.46639733158
3342,6146.46639611164
3343,6146.466383953057
3344,6146.466385266928
3345,6146.466388976587
3346,6146.466386326509
3347,6146.466360336959
3348,6146.466375453452
3349,6146.466380365879
3350,6146.466381745894
3351,6146.466389426323
3352,6146.466398075827
3353,6146.466397373701
3354,6146.466393151866
3355,6146.466384310625
3356,6146.466373058314
3357,6146.466391384698
3358,6146.466380843268
3359,6146.466402601134
3360,6146.46637575132
3361,6146.466391223734
3362,6146.46638533571
3363,6146.466392526978
3364,6146.46638236137
3365,6146.466408138237
3366,6146.466384284247
3367,6146.466387168248
3368,6146.466392160498
3369,6146.466368518064
3370,6146.4663700912615
3371,6146.466380916867
3372,6146.466380403522
3373,6146.46638248751
3374,6146.466379086434
3375,6146.46637103301
3376,6146.466380854159
3377,6146.466380044702
3378,6146.466381099985
3379,6146.466391217353
3380,6146.466384278016
3381,6069.764223470524
3382,6069.764223470526
3383,6069.764223470526
3384,6069.764223470532
3385,6069.764223470526
3386,6069.764223470527
3387,6069.764223470525
3388,6069.764223470525
3389,6069.764223470528
3390,6069.7642418739315
3391,6069.764231002093
3392,6069.764223368038
3393,6069.7642256394565
3394,6069.764225756526
3395,6069.76423841061
3396,6069.764185052119
3397,6069.764198613395
3398,6069.764206763667
3399,6069.764223086865
3400,6069.764222374249
3401,6069.76424397879
3402,6069.764245847044
3403,6069.764240206965
3404,6069.764222372235
3405,6069.76420057604
3406,6069.764241326253
3407,6069.764215820705
3408,6069.7642534224
3409,6069.7641985581495
3410,6069.764231974407
3411,6069.764227805183
3412,6069.764230036939
3413,6069.7642199384045
3414,6069.764248792212
3415,6069.764220167743
3416,6069.764227667175
3417,6069.764238026706
3418,6069.764196741829
3419,6069.764203641546
3420,6069.764218966699
3421,6069.764218667745
3422,6069.76422224687
3423,6069.764217597634
3424,6069.764212716653
3425,6069.764218647771
3426,6069.7642185268605
3427,6069.764217492962
3428,6069.764233671275
3429,6069.764226355701
3430,6012.541053008676
3431,6012.541053008675
3432,6012.541053008678
3433,6012.541053008669
3434,6012.541053008666
3435,6012.541053008673
3436,6012.541053008673
3437,6012.541053008674
3438,6012.541053008676
3439,6012.541006219283
3440,6012.541057528814
3441,6012.541040900656
3442,6012.5410481190465
3443,6012.541057209829
3444,6012.541021964678
3445,6012.541017655323
3446,6012.541036052902
3447,6012.541059313381
3448,6012.541047587761
3449,6012.541040246705
3450,6012.541063922272
3451,6012.541059534841
3452,6012.541063044303
3453,6012.541047814434
3454,6012.541055491645
3455,6012.54104000902
3456,6012.541073242406
3457,6012.5410848432475
3458,6012.541044273978
3459,6012.541062957707
3460,6012.541055472887
3461,6012.5410543983635
3462,6012.541058029881
3463,6012.5410775061455
3464,6012.541064374561
3465,6012.54106047416
3466,6012.541034869861
3467,6012.541082363401
3468,6012.541038455128
3469,6012.541043309141
3470,6012.541041267819
3471,6012.5410536536465
3472,6012.541048311087
3473,6012.541051354301
3474,6012.541045674364
3475,6012.541032375401
3476,6012.541043723439
3477,6012.541055505961
3478,6012.54106258043
3479,5954.513385397412
3480,5954.513385397412
3481,5954.513385397417
3482,5954.513385397414
3483,5954.513385397414
3484,5954.513385397413
3485,5954.513385397412
3486,5954.513385397416
3487,5954.513385397412
3488,5954.513397068748
3489,5954.513398449762
3490,5954.513383825672
3491,5954.513381622316
3492,5954.5133839333575
3493,5954.513403660797
3494,5954.513397198322
3495,5954.513402263109
3496,5954.513381217089
3497,5954.513388365722
3498,5954.513376716553
3499,5954.513386224434
3500,5954.5133943551555
3501,5954.513386663418
3502,5954.513380607586
3503,5954.513377011067
3504,5954.513399068814
3505,5954.51337399895
3506,5954.513395823842
3507,5954.513387248979
3508,5954.513386956079
3509,5954.513388447919
3510,5954.513386691773
3511,5954.513382304652
3512,5954.51337649735
3513,5954.513373151458
3514,5954.513386870995
3515,5954.513388244897
3516,5954.513375326092
3517,5954.513409216831
3518,5954.513387201
3519,5954.513388374518
3520,5954.513382755354
3521,5954.513384304751
3522,5954.513388423343
3523,5954.513384405514
3524,5954.513387331698
3525,5954.513381384232
3526,5954.51339096661
3527,5954.513380094515
3528,5931.8495151577235
3529,5931.849515157718
3530,5931.849515157714
3531,5931.84951515772
3532,5931.849515157721
3533,5931.8495151577235
3534,5931.84951515772
3535,5931.8495151577235
3536,5931.849515157725
3537,5931.849523071276
3538,5931.849518718515
3539,5931.849515074989
3540,5931.84951182909
3541,5931.849514168176
3542,5931.84953295808
3543,5931.849512299672
3544,5931.849515076895
3545,5931.849507224827
3546,5931.84951508806
3547,5931.849507371736
3548,5931.84952028397
3549,5931.84951677389
3550,5931.849523992218
3551,5931.849509443771
3552,5931.849504959844
3553,5931.849527798038
3554,5931.849514037404
3555,5931.849524478698
3556,5931.849501158375
3557,5931.849517025509
3558,5931.849518255864
3559,5931.849516637773
3560,5931.849512917209
3561,5931.849501209176
3562,5931.849506364982
3563,5931.849517261094
3564,5931.849519094024
3565,5931.849508397806
3566,5931.849521788505
3567,5931.849512624234
3568,5931.849520086956
3569,5931.849510651899
3570,5931.849513592702
3571,5931.849517758238
3572,5931.849513456578
3573,5931.849516778462
3574,5931.849511296492
3575,5931.8495145716015
3576,5931.8495126947355
3577,5897.902384160502
3578,5897.902384160507
3579,5897.9023841605085
3580,5897.90238416051
3581,5897.902384160509
3582,5897.902384160505
3583,5897.902384160507
3584,5897.902384160502
3585,5897.902384160503
3586,5897.902362825305
3587,5897.902390270851
3588,5897.902389043998
3589,5897.902379118748
3590,5897.902381409501
3591,5897.902361806319
3592,5897.902372130977
3593,5897.902402216846
3594,5897.902400112473
3595,5897.90237285486
3596,5897.90237318276
3597,5897.902386829843
3598,5897.902395172233
3599,5897.902373911767
3600,5897.9023794388195
3601,5897.90238836944
3602,5897.902389594005
3603,5897.902383966081
3604,5897.902375182876
3605,5897.902402183541
3606,5897.90239369158
3607,5897.902374297085
3608,5897.902383997093
3609,5897.902386473016
3610,5897.902402727959
3611,5897.902400753514
3612,5897.902386835304
3613,5897.9023752522535
3614,5897.902390815543
3615,5897.902415833103
3616,5897.902382218171
3617,5897.902380785868
3618,5897.902378796648
3619,5897.902386782623
3620,5897.902392077003
3621,5897.902380263157
3622,5897.902381795247
3623,5897.902381600755
3624,5897.902389805175
3625,5897.902372552178
3626,5877.135939325958
3627,5877.135939325965
3628,5877.135939325965
3629,5877.13593932597
3630,5877.135939325964
3631,5877.135939325965
3632,5877.135939325965
3633,5877.135939325964
3634,5877.135939325962
3635,5877.135926337483
3636,5877.1359375121365
3637,5877.135944129597
3638,5877.135935389953
3639,5877.1359361355335
3640,5877.135930574487
3641,5877.135924838084
3642,5877.135944008045
3643,5877.135946689808
3644,5877.135928823793
3645,5877.135931689962
3646,5877.135943969675
3647,5877.135942842367
3648,5877.135938097843
3649,5877.135934451862
3650,5877.135939364818
3651,5877.135947550522
3652,5877.135945965122
3653,5877.13593180297
3654,5877.1359390463085
3655,5877.1359469022855
3656,5877.135932711986
3657,5877.135940373981
3658,5877.1359408979715
3659,5877.1359432188665
3660,5877.135950420235
3661,5877.135941454394
3662,5877.135935062076
3663,5877.135944088555
3664,5877.1359544875095
3665,5877.135934338362
3666,5877.135940818048
3667,5877.135933375593
3668,5877.135941174227
3669,5877.135944414815
3670,5877.135936260923
3671,5877.135938540401
3672,5877.13593723351
3673,5877.135938633577
3674,5877.135929749324
3675,5834.470070836903
3676,5834.470070836901
3677,5834.470070836896
3678,5834.470070836899
3679,5834.470070836902
3680,5834.470070836903
3681,5834.470070836905
3682,5834.4700708369
3683,5834.470070836903
3684,5834.470077391981
3685,5834.470058790335
3686,5834.470073810205
3687,5834.470069160258
3688,5834.47006690448
3689,5834.470084821522
3690,5834.470061947435
3691,5834.470062181444
3692,5834.470064834857
3693,5834.470064290782
3694,5834.470070033187
3695,5834.470080293533
3696,5834.470065083173
3697,5834.470080936616
3698,5834.470066728929
3699,5834.47006396196
3700,5834.4700803824935
3701,5834.470088401981
3702,5834.470063382018
3703,5834.470049121825
3704,5834.470074292149
3705,5834.470070383282
3706,5834.470074478677
3707,5834.470072487007
3708,5834.470055704896
3709,5834.470068680456
3710,5834.470072115306
3711,5834.470075416791
3712,5834.470065522229
3713,5834.470061217705
3714,5834.470061311976
3715,5834.4700777452135
3716,5834.470065752292
3717,5834.470071336889
3718,5834.470069719424
3719,5834.470068926792
3720,5834.470073742088
3721,5834.470070245467
3722,5834.470061682555
3723,5834.4700639467765
3724,5804.472081189384
3725,5804.472081189388
3726,5804.472081189388
3727,5804.472081189388
3728,5804.4720811893885
3729,5804.472081189388
3730,5804.472081189389
3731,5804.472081189388
3732,5804.472081189387
3733,5804.47209199635
3734,5804.472070360576
3735,5804.472081714816
3736,5804.472079488825
3737,5804.472076494143
3738,5804.472098289117
3739,5804.4720888503825
3740,5804.472080717051
3741,5804.472074109691
3742,5804.472078258381
3743,5804.4720829853095
3744,5804.472085858427
3745,5804.4720719899815
3746,5804.472090587026
3747,5804.472078078904
3748,5804.472078131651
3749,5804.472088091589
3750,5804.472098082271
3751,5804.472072703434
3752,5804.472064858999
3753,5804.4720812484375
3754,5804.472083630694
3755,5804.472085587107
3756,5804.472082907508
3757,5804.472057389355
3758,5804.472069796403
3759,5804.472081211244
3760,5804.472084711881
3761,5804.472078256312
3762,5804.472074857436
3763,5804.47207296487
3764,5804.472087154448
3765,5804.472077839984
3766,5804.472082097919
3767,5804.472078108417
3768,5804.472080764845
3769,5804.47208493084
3770,5804.472081641933
3771,5804.472071910251
3772,5804.472074175916
3773,5770.119378661322
3774,5770.119378661323
3775,5770.119378661323
3776,5770.1193786613185
3777,5770.1193786613185
3778,5770.119378661324
3779,5770.1193786613185
3780,5770.11937866132
3781,5770.119378661321
3782,5770.119403146105
3783,5770.1193757453775
3784,5770.119383063613
3785,5770.119381655256
3786,5770.11937048209
3787,5770.119400388176
3788,5770.119369019049
3789,5770.119374770098
3790,5770.119361884151
3791,5770.119376403843
3792,5770.119376873755
3793,5770.119396789281
3794,5770.119398347653
3795,5770.1193809926535
3796,5770.119378235216
3797,5770.119359858063
3798,5770.119400108375
3799,5770.119387251429
3800,5770.119374920196
3801,5770.1193658412185
3802,5770.1193877007545
3803,5770.119380518625
3804,5770.11938341452
3805,5770.119381032364
3806,5770.119393676685
3807,5770.11937414223
3808,5770.119380474952
3809,5770.119398961181
3810,5770.119346849468
3811,5770.119380419444
3812,5770.119371395338
3813,5770.11937810975
3814,5770.119380613934
3815,5770.119380524949
3816,5770.11937417157
3817,5770.1193747777
3818,5770.119381243669
3819,5770.119377413587
3820,5770.119389591963
3821,5770.119364057257
3822,5733.718718200612
3823,5733.718718200608
3824,5733.718718200608
3825,5733.7187182006055
3826,5733.718718200608
3827,5733.71871820061
3828,5733.718718200615
3829,5733.718718200607
3830,5733.718718200609
3831,5733.718717679735
3832,5733.718725419485
3833,5733.718718429515
3834,5733.718717865631
3835,5733.718710798949
3836,5733.7187150452155
3837,5733.718726749393
3838,5733.718740021846
3839,5733.718715168883
3840,5733.718718557929
3841,5733.718714178393
3842,5733.718721942053
3843,5733.718733865691
3844,5733.718711744603
3845,5733.718716978558
3846,5733.718717790291
3847,5733.718724318035
3848,5733.71871591999
3849,5733.71871738757
3850,5733.718737751151
3851,5733.718723886012
3852,5733.718719505912
3853,5733.718720846049
3854,5733.718721720294
3855,5733.7187343292035
3856,5733.718711414931
3857,5733.718718713139
3858,5733.718721231216
3859,5733.7187129957265
3860,5733.718743462558
3861,5733.718718333157
3862,5733.718708440788
3863,5733.71872007823
3864,5733.718721530812
3865,5733.718717564072
3866,5733.718714880116
3867,5733.718717462557
3868,5733.718717635341
3869,5733.7187335239305
3870,5733.718711484789
3871,5708.024335937798
3872,5708.0243359378055
3873,5708.0243359378055
3874,5708.024335937797
3875,5708.024335937799
3876,5708.024335937806
3877,5708.024335937798
3878,5708.024335937798
3879,5708.024335937797
3880,5708.024317619215
3881,5708.024340898578
3882,5708.024335634437
3883,5708.024333784048
3884,5708.024327405945
3885,5708.024320507571
3886,5708.024345309933
3887,5708.024356958018
3888,5708.0243384807145
3889,5708.024334149224
3890,5708.024331292148
3891,5708.024330948856
3892,5708.024342002362
3893,5708.024329710265
3894,5708.024334127398
3895,5708.0243454949
3896,5708.024335224685
3897,5708.024332174459
3898,5708.024340035176
3899,5708.024357397008
3900,5708.024340014038
3901,5708.0243364544995
3902,5708.024337705675
3903,5708.024339734069
3904,5708.024339607942
3905,5708.024330870421
3906,5708.024335786269
3907,5708.024329729714
3908,5708.024354685694
3909,5708.024362929555
3910,5708.0243380565
3911,5708.024324030446
3912,5708.024336415903
3913,5708.024339724222
3914,5708.0243370388525
3915,5708.024333583612
3916,5708.024332434966
3917,5708.0243355065095
3918,5708.024349837937
3919,5708.0243320728
3920,5666.9719108647005
3921,5666.971910864706
3922,5666.971910864704
3923,5666.971910864699
3924,5666.9719108647
3925,5666.9719108647005
3926,5666.9719108647005
3927,5666.971910864705
3928,5666.971910864701
3929,5666.971876034666
3930,5666.971910842917
3931,5666.9719088189295
3932,5666.9719085948645
3933,5666.971906512835
3934,5666.971880969145
3935,5666.9719048313755
3936,5666.971924295355
3937,5666.971917927031
3938,5666.971906821247
3939,5666.97190553441
3940,5666.971913396949
3941,5666.971909547887
3942,5666.971907660561
3943,5666.971906716495
3944,5666.971922990969
3945,5666.971893971492
3946,5666.971915980268
3947,5666.971921646119
3948,5666.971932076902
3949,5666.971915710415
3950,5666.971910013544
3951,5666.971911860198
3952,5666.971919121202
3953,5666.971922710655
3954,5666.971912564161
3955,5666.9719124768935
3956,5666.971899140062
3957,5666.971941177271
3958,5666.971918873952
3959,5666.971910525625
3960,5666.971895462209
3961,5666.971907831136
3962,5666.971913250154
3963,5666.9719124914745
3964,5666.971904410061
3965,5666.971904494235
3966,5666.971910587075
3967,5666.97192003553
3968,5666.97191431985
3969,5639.473299961136
3970,5639.473299961139
3971,5639.473299961139
3972,5639.47329996114
3973,5639.473299961136
3974,5639.47329996114
3975,5639.473299961143
3976,5639.473299961139
3977,5639.473299961138
3978,5639.47328734478
3979,5639.4733107589645
3980,5639.4733030491
3981,5639.473298113213
3982,5639.473293946442
3983,5639.47328633003
3984,5639.473312896527
3985,5639.473320347709
3986,5639.473304508229
3987,5639.473294648097
3988,5639.4733001220975
3989,5639.473289204912
3990,5639.473296582146
3991,5639.4732908021415
3992,5639.4732984142365
3993,5639.473311227962
3994,5639.473296098289
3995,5639.47328599698
3996,5639.473310277173
3997,5639.473320398693
3998,5639.473301624364
3999,5639.473298227839
4000,5639.473302307138
4001,5639.473300484758
4002,5639.473288331967
4003,5639.473293922212
4004,5639.47329730809
4005,5639.473297027985
4006,5639.473325051481
4007,5639.473322022491
4008,5639.473308370443
4009,5639.47329248633
4010,5639.4732968320595
4011,5639.47330458606
4012,5639.473300769272
4013,5639.4732993266425
4014,5639.473297226683
4015,5639.473301953576
4016,5639.473313746029
4017,5639.47329844745
4018,5612.47544795421
4019,5612.475447954221
4020,5612.47544795422
4021,5612.47544795422
4022,5612.4754479542235
4023,5612.47544795422
4024,5612.475447954216
4025,5612.47544795421
4026,5612.475447954211
4027,5612.475443917736
4028,5612.475450824422
4029,5612.475451063049
4030,5612.475449753061
4031,5612.475447097142
4032,5612.475439732198
4033,5612.475434579782
4034,5612.475449459809
4035,5612.475450047281
4036,5612.47543992777
4037,5612.475450337281
4038,5612.47545842052
4039,5612.475455439001
4040,5612.475444391626
4041,5612.475446965299
4042,5612.475445452384
4043,5612.475442342345
4044,5612.475449756071
4045,5612.475459477417
4046,5612.475455136069
4047,5612.475456439057
4048,5612.475443644329
4049,5612.475453015636
4050,5612.475452476423
4051,5612.47546764692
4052,5612.47545493971
4053,5612.475447912484
4054,5612.475452270087
4055,5612.475452829336
4056,5612.475440297774
4057,5612.475447524551
4058,5612.475441371358
4059,5612.475443706369
4060,5612.475449090529
4061,5612.475442617208
4062,5612.475442430169
4063,5612.475444145846
4064,5612.475448503238
4065,5612.475453171552
4066,5612.475446861955
4067,5599.173206477998
4068,5599.173206477993
4069,5599.173206477995
4070,5599.173206478
4071,5599.173206478
4072,5599.173206477999
4073,5599.173206477998
4074,5599.173206477998
4075,5599.173206477997
4076,5599.173209470648
4077,5599.17321185934
4078,5599.1732102811
4079,5599.173208397667
4080,5599.173205452163
4081,5599.173203381644
4082,5599.1732015034795
4083,5599.1732124056125
4084,5599.173207966431
4085,5599.173199239011
4086,5599.173210434981
4087,5599.173213462835
4088,5599.173214040808
4089,5599.173201319269
4090,5599.173206611114
4091,5599.173204077143
4092,5599.173203283801
4093,5599.173203605886
4094,5599.173215285887
4095,5599.173215916755
4096,5599.173213518615
4097,5599.173202357583
4098,5599.173212022458
4099,5599.173209519782
4100,5599.173220639352
4101,5599.173210329495
4102,5599.173205356373
4103,5599.173212120189
4104,5599.173208214223
4105,5599.17320365322
4106,5599.17320798883
4107,5599.173201058624
4108,5599.173202683767
4109,5599.173208126079
4110,5599.173200503946
4111,5599.173202684696
4112,5599.1732043315305
4113,5599.173207735163
4114,5599.173211559101
4115,5599.173205600677
4116,5549.295121005604
4117,5549.295121005606
4118,5549.295121005606
4119,5549.295121005603
4120,5549.295121005605
4121,5549.2951210056035
4122,5549.295121005603
4123,5549.295121005602
4124,5549.2951210056035
4125,5549.295139234272
4126,5549.295128002474
4127,5549.295126499782
4128,5549.295123260741
4129,5549.295119276263
4130,5549.29513215081
4131,5549.295138842708
4132,5549.2951361496
4133,5549.2951199711715
4134,5549.2951161193605
4135,5549.295129777276
4136,5549.295117308145
4137,5549.295125636096
4138,5549.295113739427
4139,5549.295125043364
4140,5549.295119890827
4141,5549.2951237943735
4142,5549.295106633648
4143,5549.29512022908
4144,5549.295132385035
4145,5549.295122858364
4146,5549.295117760642
4147,5549.295128203877
4148,5549.295120122786
4149,5549.2951131563395
4150,5549.2951163985745
4151,5549.29511681313
4152,5549.295127614695
4153,5549.295119890356
4154,5549.295129503767
4155,5549.295126467614
4156,5549.29511825342
4157,5549.295117718063
4158,5549.29512372896
4159,5549.295112467423
4160,5549.29512242409
4161,5549.295123919478
4162,5549.295124272116
4163,5549.295122122241
4164,5549.295122678674
4165,5498.815622720021
4166,5498.815622720028
4167,5498.815622720027
4168,5498.815622720026
4169,5498.815622720029
4170,5498.815622720029
4171,5498.815622720026
4172,5498.815622720023
4173,5498.8156227200225
4174,5498.8156454378095
4175,5498.815632232783
4176,5498.815629286849
4177,5498.815626194623
4178,5498.81562122742
4179,5498.815639490815
4180,5498.815647636634
4181,5498.815643684942
4182,5498.815618956534
4183,5498.815619121645
4184,5498.815632949915
4185,5498.815614312819
4186,5498.815630175744
4187,5498.8156117651
4188,5498.815629405146
4189,5498.815619099164
4190,5498.815628830921
4191,5498.815599307167
4192,5498.815617306456
4193,5498.815637846362
4194,5498.815623692825
4195,5498.815619877058
4196,5498.815630543396
4197,5498.815619857772
4198,5498.8156126586255
4199,5498.815617077614
4200,5498.815616778619
4201,5498.815631408176
4202,5498.815617308525
4203,5498.815640340303
4204,5498.81563006563
4205,5498.815621008638
4206,5498.815619312556
4207,5498.815626109615
4208,5498.815613173351
4209,5498.815626546748
4210,5498.815628183976
4211,5498.8156268342545
4212,5498.815625667285
4213,5498.815626908678
4214,5463.593971947485
4215,5463.593971947487
4216,5463.593971947488
4217,5463.593971947489
4218,5463.593971947488
4219,5463.593971947489
4220,5463.593971947481
4221,5463.593971947488
4222,5463.593971947491
4223,5463.5939934652215
4224,5463.593996673048
4225,5463.593978185061
4226,5463.5939774476365
4227,5463.593975832137
4228,5463.593985790057
4229,5463.593997885979
4230,5463.593982984531
4231,5463.593960594876
4232,5463.593970079441
4233,5463.593984528921
4234,5463.593951176909
4235,5463.593997553862
4236,5463.593948781891
4237,5463.593981861353
4238,5463.5939682399185
4239,5463.593979671835
4240,5463.593939886641
4241,5463.593962538094
4242,5463.5939882847415
4243,5463.593980133242
4244,5463.593969525314
4245,5463.593980628758
4246,5463.593966731363
4247,5463.593997544187
4248,5463.593972391143
4249,5463.593960563894
4250,5463.593976003236
4251,5463.593949430307
4252,5463.593995017123
4253,5463.593992297272
4254,5463.593996457267
4255,5463.593980870161
4256,5463.593974264006
4257,5463.59396165678
4258,5463.593982750668
4259,5463.593969552855
4260,5463.593976661727
4261,5463.593980816358
4262,5463.593981867723
4263,5439.022373486823
4264,5439.02237348682
4265,5439.02237348682
4266,5439.022373486821
4267,5439.022373486821
4268,5439.022373486827
4269,5439.0223734868205
4270,5439.02237348682
4271,5439.022373486823
4272,5439.022395386512
4273,5439.0223821946665
4274,5439.0223792816905
4275,5439.022378041862
4276,5439.022373563257
4277,5439.0223939231455
4278,5439.022399425082
4279,5439.022395733611
4280,5439.022366617605
4281,5439.02237197625
4282,5439.022383979488
4283,5439.02236376837
4284,5439.022379540963
4285,5439.022361157746
4286,5439.022380840926
4287,5439.022366754527
4288,5439.022379520569
4289,5439.022348903104
4290,5439.022366644895
4291,5439.022387655103
4292,5439.022373012308
4293,5439.022372043273
4294,5439.02238138253
4295,5439.022370103799
4296,5439.022361009232
4297,5439.022366802537
4298,5439.022366629385
4299,5439.022382789803
4300,5439.022366084009
4301,5439.022392084442
4302,5439.022379107092
4303,5439.022375184479
4304,5439.02236901723
4305,5439.022376149388
4306,5439.0223637612025
4307,5439.022378411044
4308,5439.022380567026
4309,5439.022377771882
4310,5439.02237592544
4311,5439.022379250378
4312,14580.50053355442
4313,14580.500533554501
4314,14580.500533554501
4315,14580.500533554456
4316,14580.500533554414
4317,14580.500533554454
4318,14580.500533554432
4319,14580.500533554445
4320,14580.50053355444
4321,14580.500726201599
4322,14580.500832442254
4323,14580.500604924466
4324,14580.500451264194
4325,14580.500505309941
4326,14580.500101013546
4327,14580.500418479016
4328,14580.499831520106
4329,14580.500598241528
4330,14580.500298979634
4331,14580.500593723978
4332,14580.500377691691
4333,14580.501136433713
4334,14580.500604733308
4335,14580.500546756173
4336,14580.501002206114
4337,14580.500640984486
4338,14580.500626486702
4339,14580.500627977895
4340,14580.500275809274
4341,14580.50082331635
4342,14580.500358803112
4343,14580.500552621264
4344,14580.500517075898
4345,14580.501298060437
4346,14580.500798270481
4347,14580.500483756352
4348,14580.500192732596
4349,14580.500512613615
4350,14580.500197481226
4351,14580.501187938367
4352,14580.500934756294
4353,14580.500072949542
4354,14580.500547098114
4355,14580.500521057695
4356,14580.500577770328
4357,14580.500171858494
4358,14580.500555438119
4359,14580.500548335873
4360,14580.500453215102
4361,5405.005235569545
4362,5405.005235569545
4363,5405.005235569546
4364,5405.005235569546
4365,5405.005235569547
4366,5405.005235569546
4367,5405.0052355695425
4368,5405.005235569544
4369,5405.005235569548
4370,5405.005251727757
4371,5405.005245324385
4372,5405.0052420440525
4373,5405.005240171419
4374,5405.0052353076435
4375,5405.005251638524
4376,5405.005258161406
4377,5405.005258512665
4378,5405.005229371893
4379,5405.005233336817
4380,5405.005245655523
4381,5405.005221993306
4382,5405.005244371985
4383,5405.005220768267
4384,5405.005243569387
4385,5405.005230647203
4386,5405.005241977718
4387,5405.005207311214
4388,5405.005227638706
4389,5405.005253223953
4390,5405.0052366823165
4391,5405.005233404528
4392,5405.005243076211
4393,5405.005231786654
4394,5405.005227764985
4395,5405.0052327334315
4396,5405.005227841011
4397,5405.005243004642
4398,5405.005231110509
4399,5405.005259891373
4400,5405.005241972709
4401,5405.005237795619
4402,5405.005230419169
4403,5405.005238718031
4404,5405.005226629922
4405,5405.005241668634
4406,5405.005241560681
4407,5405.005240086416
4408,5405.005239878182
4409,5405.005242120706
4410,7009.021802823444
4411,7009.021802823425
4412,7009.021802823423
4413,7009.021802823435
4414,7009.021802823439
4415,7009.021802823444
4416,7009.021802823436
4417,7009.021802823442
4418,7009.021802823442
4419,7009.021847445081
4420,7009.021894253363
4421,7009.021824677095
4422,7009.021776906511
4423,7009.021804282228
4424,7009.021643152935
4425,7009.021758563418
4426,7009.021496102309
4427,7009.02182324945
4428,7009.0217256983005
4429,7009.021833280253
4430,7009.021758940603
4431,7009.021978750535
4432,7009.021830870359
4433,7009.02180416305
4434,7009.021979724897
4435,7009.021827712792
4436,7009.021864204223
4437,7009.021864773348
4438,7009.021668053485
4439,7009.021888175981
4440,7009.021742856473
4441,7009.021814455125
4442,7009.02179499986
4443,7009.022070466506
4444,7009.021881950885
4445,7009.021782661026
4446,7009.021645862325
4447,7009.02182694159
4448,7009.021628576336
4449,7009.022033514019
4450,7009.021953465876
4451,7009.021962935559
4452,7009.021801269927
4453,7009.02179230666
4454,7009.0218113011315
4455,7009.021651120453
4456,7009.02181207913
4457,7009.021781628804
4458,7009.02179106651
4459,5356.653438314724
4460,5356.653438314726
4461,5356.65343831472
4462,5356.653438314723
4463,5356.6534383147255
4464,5356.653438314724
4465,5356.653438314725
4466,5356.6534383147255
4467,5356.653438314724
4468,5356.653448481457
4469,5356.653440519154
4470,5356.653442474766
4471,5356.653442147811
4472,5356.653439944508
4473,5356.653452054129
4474,5356.653455219493
4475,5356.653445788629
4476,5356.653429584892
4477,5356.653437474883
4478,5356.6534490349695
4479,5356.653426209736
4480,5356.653437946254
4481,5356.653430547939
4482,5356.653444164154
4483,5356.653437989772
4484,5356.65344066423
4485,5356.6534236020925
4486,5356.65343541941
4487,5356.6534404880185
4488,5356.653434565636
4489,5356.653437340241
4490,5356.6534455941965
4491,5356.653435309906
4492,5356.653420182581
4493,5356.653432511924
4494,5356.65343046707
4495,5356.65343766511
4496,5356.653443654167
4497,5356.653445019516
4498,5356.6534423678095
4499,5356.653446277507
4500,5356.653432366434
4501,5356.653438741548
4502,5356.653429656108
4503,5356.653443751643
4504,5356.65344101691
4505,5356.653442764785
4506,5356.653434004885
4507,5356.653443762934
4508,5296.210505893646
4509,5296.210505893647
4510,5296.21050589364
4511,5296.210505893645
4512,5296.210505893645
4513,5296.210505893647
4514,5296.210505893648
4515,5296.210505893648
4516,5296.210505893646
4517,5296.210513793837
4518,5296.210508691654
4519,5296.210509614556
4520,5296.210509543784
4521,5296.210506226779
4522,5296.2105161862955
4523,5296.210517018722
4524,5296.210508732027
4525,5296.210497527898
4526,5296.21050502641
4527,5296.210512540123
4528,5296.21049515554
4529,5296.2105100770705
4530,5296.210496598093
4531,5296.210508979896
4532,5296.210505988945
4533,5296.210511093031
4534,5296.210493557398
4535,5296.21050166126
4536,5296.210506044967
4537,5296.210504386621
4538,5296.21050398624
4539,5296.210510324429
4540,5296.210503573189
4541,5296.210496699225
4542,5296.2105028901215
4543,5296.210498906235
4544,5296.210504684967
4545,5296.210506672806
4546,5296.210514073999
4547,5296.210511257513
4548,5296.210518121939
4549,5296.210501075337
4550,5296.210506049866
4551,5296.210502114763
4552,5296.210511045982
4553,5296.2105060966205
4554,5296.210510066317
4555,5296.210503977543
4556,5296.210508878065
4557,5654.298288542992
4558,5654.298288542984
4559,5654.298288542984
4560,5654.298288542988
4561,5654.298288542989
4562,5654.298288542995
4563,5654.2982885429865
4564,5654.298288542996
4565,5654.298288542997
4566,5654.298162338031
4567,5654.298235921002
4568,5654.298280061876
4569,5654.298278877013
4570,5654.298291270606
4571,5654.29821282416
4572,5654.298249661816
4573,5654.298279999447
4574,5654.298324778673
4575,5654.298281237585
4576,5654.29827355902
4577,5654.298267536732
4578,5654.298245483983
4579,5654.298306196366
4580,5654.298278767212
4581,5654.298347274264
4582,5654.298255366056
4583,5654.2982974458755
4584,5654.298319388095
4585,5654.298287957234
4586,5654.298277224403
4587,5654.2982800670525
4588,5654.298282227726
4589,5654.2982973925755
4590,5654.298196920999
4591,5654.298305706794
4592,5654.298292622219
4593,5654.298213524774
4594,5654.298440354524
4595,5654.298284538796
4596,5654.298277735839
4597,5654.2982519178795
4598,5654.298249760078
4599,5654.298285938813
4600,5654.298301055432
4601,5654.298281578246
4602,5654.298268057509
4603,5654.298287139766
4604,5654.298259098244
4605,5654.298311247497
4606,5279.516873861045
4607,5279.51687386104
4608,5279.516873861044
4609,5279.51687386104
4610,5279.516873861043
4611,5279.516873861041
4612,5279.51687386104
4613,5279.5168738610455
4614,5279.516873861043
4615,5279.5168620803925
4616,5279.516866636267
4617,5279.516875594422
4618,5279.516875507873
4619,5279.516874240692
4620,5279.516873654719
4621,5279.516877676734
4622,5279.516878061327
4623,5279.516871560827
4624,5279.516873421521
4625,5279.516876912258
4626,5279.516863020676
4627,5279.516867621383
4628,5279.516869455572
4629,5279.516874168745
4630,5279.516881387242
4631,5279.516872853252
4632,5279.516865860759
4633,5279.516874817358
4634,5279.516874488457
4635,5279.516869098259
4636,5279.516871927786
4637,5279.516876207513
4638,5279.516873325999
4639,5279.516847393459
4640,5279.51687195697
4641,5279.516868783659
4642,5279.5168633884505
4643,5279.516897517005
4644,5279.516880588519
4645,5279.51687409862
4646,5279.516878537184
4647,5279.516862225163
4648,5279.516873438907
4649,5279.516873280621
4650,5279.516876587591
4651,5279.516872935426
4652,5279.516877276353
4653,5279.516866916958
4654,5279.516879036736
4655,5245.968047062249
4656,5245.9680470622525
4657,5245.9680470622525
4658,5245.968047062251
4659,5245.9680470622525
4660,5245.968047062251
4661,5245.968047062245
4662,5245.968047062247
4663,5245.968047062248
4664,5245.968043531445
4665,5245.9680439701
4666,5245.9680487927535
4667,5245.9680500492295
4668,5245.968045508049
4669,5245.968052036814
4670,5245.968048376132
4671,5245.968051902767
4672,5245.968043280626
4673,5245.96804753908
4674,5245.968046145035
4675,5245.968039839886
4676,5245.968047226247
4677,5245.968038870277
4678,5245.968045467474
4679,5245.968046156928
4680,5245.9680516787785
4681,5245.968038390133
4682,5245.968042633685
4683,5245.968048054045
4684,5245.968045552219
4685,5245.968044806342
4686,5245.968047100758
4687,5245.968047166997
4688,5245.968034927009
4689,5245.968046516586
4690,5245.9680431893585
4691,5245.968045300639
4692,5245.9680514137635
4693,5245.968057244751
4694,5245.968047411768
4695,5245.968055115941
4696,5245.968036100125
4697,5245.96804644912
4698,5245.968050200833
4699,5245.96805004533
4700,5245.968047063528
4701,5245.96804994018
4702,5245.968046476349
4703,5245.968049033597
4704,5228.492639541625
4705,5228.492639541629
4706,5228.492639541631
4707,5228.4926395416205
4708,5228.492639541627
4709,5228.492639541625
4710,5228.492639541624
4711,5228.492639541627
4712,5228.492639541625
4713,5228.492624736337
4714,5228.492638062547
4715,5228.492642060613
4716,5228.492640807374
4717,5228.49263738017
4718,5228.4926270885035
4719,5228.49263395496
4720,5228.492634973336
4721,5228.4926393284895
4722,5228.492637658098
4723,5228.492636317918
4724,5228.492630142813
4725,5228.49264946163
4726,5228.492631636047
4727,5228.492637142424
4728,5228.492648284005
4729,5228.492637888136
4730,5228.492631658451
4731,5228.492638096703
4732,5228.492646507443
4733,5228.492645030765
4734,5228.492635224587
4735,5228.492638191995
4736,5228.492641873013
4737,5228.492651855192
4738,5228.492647363198
4739,5228.492636334142
4740,5228.4926294089255
4741,5228.492649630831
4742,5228.492648100032
4743,5228.492646729007
4744,5228.492642259138
4745,5228.492634763812
4746,5228.49263952975
4747,5228.492644550008
4748,5228.492642034819
4749,5228.492630806352
4750,5228.492641933648
4751,5228.492639865186
4752,5228.492644638511
4753,5205.468583908685
4754,5205.468583908686
4755,5205.468583908686
4756,5205.468583908687
4757,5205.468583908684
4758,5205.468583908685
4759,5205.468583908686
4760,5205.468583908687
4761,5205.468583908686
4762,5205.468581521454
4763,5205.468574877013
4764,5205.468583980235
4765,5205.468587554854
4766,5205.468583225394
4767,5205.468586167984
4768,5205.468574341733
4769,5205.468576917605
4770,5205.468579184308
4771,5205.468585605412
4772,5205.468578521269
4773,5205.4685904709095
4774,5205.468588744161
4775,5205.468581510002
4776,5205.468580134184
4777,5205.468577828837
4778,5205.468580818092
4779,5205.468589068827
4780,5205.468581489516
4781,5205.468582039178
4782,5205.468586947146
4783,5205.468581503802
4784,5205.468582508562
4785,5205.468589375837
4786,5205.468596312265
4787,5205.468587745348
4788,5205.468584520327
4789,5205.468585209172
4790,5205.468578113071
4791,5205.468575771362
4792,5205.468579250408
4793,5205.468583382564
4794,5205.468575860395
4795,5205.4685810594465
4796,5205.468587578046
4797,5205.468582569395
4798,5205.468580902639
4799,5205.468584430271
4800,5205.468578924848
4801,5205.468586064246
4802,5187.057877992349
4803,5187.057877992348
4804,5187.057877992347
4805,5187.057877992345
4806,5187.057877992347
4807,5187.057877992349
4808,5187.057877992353
4809,5187.057877992347
4810,5187.057877992345
4811,5187.057881559964
4812,5187.057877572085
4813,5187.05787777334
4814,5187.057880413796
4815,5187.057877117449
4816,5187.057883276965
4817,5187.057881009082
4818,5187.057881194641
4819,5187.057873183127
4820,5187.057881307035
4821,5187.057874574737
4822,5187.057879544558
4823,5187.057877503446
4824,5187.0578745283365
4825,5187.057873791696
4826,5187.057873305865
4827,5187.0578749017195
4828,5187.057876598681
4829,5187.057875832087
4830,5187.057881283197
4831,5187.057876301729
4832,5187.057876983588
4833,5187.057876607725
4834,5187.05788141534
4835,5187.057879350871
4836,5187.05787378481
4837,5187.05787716341
4838,5187.057881524159
4839,5187.057870435155
4840,5187.0578771362
4841,5187.057877459872
4842,5187.057879610863
4843,5187.057870277998
4844,5187.05787596387
4845,5187.057882557033
4846,5187.0578783802675
4847,5187.057876954485
4848,5187.057879911229
4849,5187.057877205572
4850,5187.057881401815
4851,5170.574501904981
4852,5170.574501904979
4853,5170.574501904981
4854,5170.57450190498
4855,5170.574501904981
4856,5170.57450190498
4857,5170.574501904979
4858,5170.57450190498
4859,5170.574501904982
4860,5170.574507853979
4861,5170.574505261273
4862,5170.574501643853
4863,5170.574503379802
4864,5170.574501638872
4865,5170.574507202886
4866,5170.574507895061
4867,5170.574504637603
4868,5170.574497503431
4869,5170.574505387304
4870,5170.574500017017
4871,5170.574502704052
4872,5170.574499123733
4873,5170.574500643855
4874,5170.574497615727
4875,5170.574499104922
4876,5170.574497443463
4877,5170.574500490802
4878,5170.574503015187
4879,5170.574504560033
4880,5170.574498627099
4881,5170.574501159585
4882,5170.574501020796
4883,5170.574504491346
4884,5170.574500587213
4885,5170.57449521034
4886,5170.574500775952
4887,5170.574505109525
4888,5170.574495664418
4889,5170.574498535872
4890,5170.57450354505
4891,5170.574504120315
4892,5170.574495338773
4893,5170.574499839686
4894,5170.574505879715
4895,5170.574502338144
4896,5170.574500076237
4897,5170.574504112264
4898,5170.5745010545315
4899,5170.574505314361
4900,5133.898378200736
4901,5133.898378200737
4902,5133.898378200736
4903,5133.898378200738
4904,5133.898378200738
4905,5133.898378200739
4906,5133.898378200739
4907,5133.898378200737
4908,5133.898378200738
4909,5133.898378301003
4910,5133.898382951694
4911,5133.898380135554
4912,5133.898378102926
4913,5133.898375913179
4914,5133.898379300877
4915,5133.898384105324
4916,5133.89837941708
4917,5133.898375207834
4918,5133.898379403478
4919,5133.898376496586
4920,5133.898372586457
4921,5133.898372634854
4922,5133.898378497003
4923,5133.898375346292
4924,5133.898380065066
4925,5133.898375633043
4926,5133.898373449343
4927,5133.898383645523
4928,5133.898379063551
4929,5133.898376347481
4930,5133.898377162573
4931,5133.898377384635
4932,5133.898378621209
4933,5133.898370927419
4934,5133.89837284246
4935,5133.898376775479
4936,5133.898380344838
4937,5133.898382617471
4938,5133.898380107584
4939,5133.898382669012
4940,5133.898378696408
4941,5133.898373760594
4942,5133.898377925475
4943,5133.898382097174
4944,5133.898379535805
4945,5133.898375171633
4946,5133.89838042435
4947,5133.898381433394
4948,5133.8983788692485
4949,5092.042002706499
4950,5092.042002706504
4951,5092.042002706499
4952,5092.042002706502
4953,5092.042002706505
4954,5092.0420027065065
4955,5092.042002706498
4956,5092.042002706504
4957,5092.042002706503
4958,5092.042004710001
4959,5092.042008235295
4960,5092.042005523576
4961,5092.042001294701
4962,5092.042000443022
4963,5092.042003940205
4964,5092.042006106809
4965,5092.042001809372
4966,5092.042004457224
4967,5092.0420022129565
4968,5092.042001829854
4969,5092.041998150341
4970,5092.041999287125
4971,5092.042006812858
4972,5092.042001155601
4973,5092.04200538409
4974,5092.04200432731
4975,5092.041997318335
4976,5092.0420046056415
4977,5092.042000643066
4978,5092.042004886992
4979,5092.041999421676
4980,5092.042002526137
4981,5092.0420019484
4982,5092.041998349106
4983,5092.042002319694
4984,5092.042002308176
4985,5092.0420044628645
4986,5092.042006458446
4987,5092.042005447511
4988,5092.042008627244
4989,5092.042002869253
4990,5092.042005937299
4991,5092.042002845958
4992,5092.042005087297
4993,5092.042003256567
4994,5092.0419991639865
4995,5092.042004814447
4996,5092.042004987979
4997,5092.042001153548
4998,5122.795320530415
4999,5122.795320530418
5000,5122.795320530418
5001,5122.795320530419
5002,5122.795320530416
5003,5122.7953205304175
5004,5122.795320530415
5005,5122.795320530415
5006,5122.795320530413
5007,5122.795300209807
5008,5122.795322802057
5009,5122.795323973342
5010,5122.795319046048
5011,5122.795322525848
5012,5122.7953014582035
5013,5122.795310145815
5014,5122.79533372831
5015,5122.795329041037
5016,5122.795316135553
5017,5122.795318296208
5018,5122.7953224636385
5019,5122.795322075525
5020,5122.795314971722
5021,5122.795320148166
5022,5122.795327714164
5023,5122.795307605578
5024,5122.795324930254
5025,5122.795326181146
5026,5122.795341735851
5027,5122.7953308203705
5028,5122.795317136751
5029,5122.795321147483
5030,5122.795325136968
5031,5122.795343140344
5032,5122.795334687223
5033,5122.795321962257
5034,5122.795313456581
5035,5122.795333698106
5036,5122.795324040004
5037,5122.795317529939
5038,5122.7953212814955
5039,5122.795326414017
5040,5122.795322908889
5041,5122.795319727162
5042,5122.7953166172065
5043,5122.795317092987
5044,5122.79532070852
5045,5122.795320100799
5046,5122.795320948913
5047,5084.439830302171
5048,5084.439830302171
5049,5084.439830302167
5050,5084.43983030217
5051,5084.4398303021735
5052,5084.439830302173
5053,5084.439830302172
5054,5084.439830302171
5055,5084.439830302168
5056,5084.439824584583
5057,5084.439834124006
5058,5084.439833067309
5059,5084.439828823908
5060,5084.439829632969
5061,5084.439824695245
5062,5084.439829746725
5063,5084.439834287649
5064,5084.439834643964
5065,5084.439828532603
5066,5084.439828950283
5067,5084.439827746194
5068,5084.439827630595
5069,5084.439831196958
5070,5084.439828994851
5071,5084.439834657036
5072,5084.439826479158
5073,5084.439828187598
5074,5084.439833169798
5075,5084.439835961233
5076,5084.43983488083
5077,5084.439826927633
5078,5084.439830276677
5079,5084.439831368561
5080,5084.439833653495
5081,5084.439834451668
5082,5084.439830553622
5083,5084.439828912363
5084,5084.439837492976
5085,5084.439833065302
5086,5084.439833149694
5087,5084.439830293605
5088,5084.439834486123
5089,5084.439831126937
5090,5084.439831813651
5091,5084.43982940249
5092,5084.439827003314
5093,5084.439831825493
5094,5084.439831232897
5095,5084.439829779716
5096,5072.863415449831
5097,5072.863415449837
5098,5072.863415449837
5099,5072.863415449835
5100,5072.863415449837
5101,5072.863415449835
5102,5072.863415449835
5103,5072.863415449837
5104,5072.863415449835
5105,5072.863412225514
5106,5072.86341245926
5107,5072.863417138473
5108,5072.863414937691
5109,5072.863416005156
5110,5072.863413319546
5111,5072.863411498221
5112,5072.863408249519
5113,5072.863416346306
5114,5072.8634140571885
5115,5072.863415982512
5116,5072.863419591639
5117,5072.86341049771
5118,5072.863418597966
5119,5072.8634135042485
5120,5072.863418063365
5121,5072.863410432101
5122,5072.863425640345
5123,5072.863419040697
5124,5072.8634091044805
5125,5072.863417395254
5126,5072.863412817393
5127,5072.86341643768
5128,5072.863417602646
5129,5072.863417182317
5130,5072.863417849817
5131,5072.863415843694
5132,5072.863412110407
5133,5072.863419640164
5134,5072.863402399961
5135,5072.8634144233165
5136,5072.86342061354
5137,5072.863419516591
5138,5072.863414792615
5139,5072.863414946102
5140,5072.863413182703
5141,5072.863411780171
5142,5072.863416766754
5143,5072.86340927825
5144,5072.863413441462
5145,5062.689404635352
5146,5062.689404635348
5147,5062.689404635343
5148,5062.689404635348
5149,5062.689404635349
5150,5062.689404635347
5151,5062.689404635348
5152,5062.689404635347
5153,5062.68940463535
5154,5062.689402540922
5155,5062.6894027725575
5156,5062.689405983013
5157,5062.689404386003
5158,5062.689403939513
5159,5062.689404064323
5160,5062.689402893372
5161,5062.689405205087
5162,5062.689406843238
5163,5062.689403773299
5164,5062.689404261768
5165,5062.689407183857
5166,5062.689401922175
5167,5062.689405269807
5168,5062.689403098797
5169,5062.689405386946
5170,5062.689403073912
5171,5062.689409559564
5172,5062.689403137546
5173,5062.689403708715
5174,5062.6894069383725
5175,5062.689402148467
5176,5062.689405184392
5177,5062.689406378059
5178,5062.689405258775
5179,5062.68940776725
5180,5062.68940495488
5181,5062.689402923878
5182,5062.689404804757
5183,5062.689401315658
5184,5062.689403279087
5185,5062.689409683194
5186,5062.689410765403
5187,5062.689404508565
5188,5062.689404896342
5189,5062.689403153938
5190,5062.689403089586
5191,5062.689405941589
5192,5062.689401383613
5193,5062.689402987946
5194,5055.133703319258
5195,5055.1337033192585
5196,5055.133703319254
5197,5055.133703319257
5198,5055.133703319258
5199,5055.133703319256
5200,5055.133703319256
5201,5055.133703319258
5202,5055.1337033192585
5203,5055.133704957925
5204,5055.1337033845675
5205,5055.133704549326
5206,5055.133703461605
5207,5055.133701675497
5208,5055.1337046038
5209,5055.133703397634
5210,5055.133705681991
5211,5055.13370501093
5212,5055.133703053332
5213,5055.133702890762
5214,5055.133705295485
5215,5055.133704802129
5216,5055.133702902202
5217,5055.1337027317795
5218,5055.133702536276
5219,5055.133704509909
5220,5055.13370457418
5221,5055.133699269169
5222,5055.133704679502
5223,5055.13370623216
5224,5055.1337011178875
5225,5055.133704111117
5226,5055.133704563283
5227,5055.133707416182
5228,5055.133706833255
5229,5055.133703484981
5230,5055.133703476831
5231,5055.133698598696
5232,5055.133704312871
5233,5055.133702878315
5234,5055.133707452465
5235,5055.133709409089
5236,5055.133703274593
5237,5055.133703041625
5238,5055.133702482292
5239,5055.133702030222
5240,5055.133704383465
5241,5055.1337019872735
5242,5055.133702126226
5243,5046.727809033577
5244,5046.727809033579
5245,5046.727809033579
5246,5046.727809033584
5247,5046.727809033579
5248,5046.727809033583
5249,5046.727809033585
5250,5046.727809033581
5251,5046.727809033584
5252,5046.727805042537
5253,5046.72780615237
5254,5046.727808589766
5255,5046.727808936367
5256,5046.727806848537
5257,5046.727808134152
5258,5046.727809377308
5259,5046.727812865058
5260,5046.727811517768
5261,5046.727810368
5262,5046.727808231755
5263,5046.72780899813
5264,5046.727808924771
5265,5046.727810485853
5266,5046.727809011943
5267,5046.727810246756
5268,5046.727809378139
5269,5046.727808030495
5270,5046.727806039328
5271,5046.727811592106
5272,5046.727809225761
5273,5046.727808161973
5274,5046.727809956712
5275,5046.727810167782
5276,5046.72780595844
5277,5046.72781143416
5278,5046.727809314923
5279,5046.727806172173
5280,5046.727811001179
5281,5046.727812564463
5282,5046.727807749298
5283,5046.727807309428
5284,5046.727818240549
5285,5046.727808750506
5286,5046.7278082275625
5287,5046.727808230595
5288,5046.727807552049
5289,5046.727809407636
5290,5046.727807150948
5291,5046.727810591601
5292,5045.2255334901265
5293,5045.225533490128
5294,5045.225533490128
5295,5045.225533490132
5296,5045.22553349013
5297,5045.225533490128
5298,5045.225533490128
5299,5045.225533490131
5300,5045.2255334901265
5301,5045.225544115479
5302,5045.2255383505335
5303,5045.225533972544
5304,5045.225534732389
5305,5045.225530139421
5306,5045.225539926562
5307,5045.225537732257
5308,5045.225535122464
5309,5045.22553059046
5310,5045.225535304809
5311,5045.225534498815
5312,5045.225534772203
5313,5045.225542251408
5314,5045.225532157117
5315,5045.225536188268
5316,5045.225528440682
5317,5045.225538563334
5318,5045.225529135128
5319,5045.225529874975
5320,5045.225536006476
5321,5045.225534399725
5322,5045.225533889333
5323,5045.225536155887
5324,5045.225532979852
5325,5045.2255440530835
5326,5045.225535131562
5327,5045.225533141272
5328,5045.2255391950575
5329,5045.225518772556
5330,5045.225537257497
5331,5045.225534343189
5332,5045.225534918764
5333,5045.225540079795
5334,5045.225533168544
5335,5045.225529534293
5336,5045.2255338711375
5337,5045.225532399392
5338,5045.225533294741
5339,5045.225536388243
5340,5045.225533298111
5341,5039.082439967818
5342,5039.082439967823
5343,5039.082439967823
5344,5039.0824399678195
5345,5039.082439967823
5346,5039.08243996782
5347,5039.08243996782
5348,5039.08243996782
5349,5039.082439967822
5350,5039.082441874413
5351,5039.082440906254
5352,5039.082439813074
5353,5039.082440284174
5354,5039.082437548684
5355,5039.0824419806495
5356,5039.082441832429
5357,5039.082441347547
5358,5039.082439474234
5359,5039.082441640945
5360,5039.082440251735
5361,5039.082440257783
5362,5039.082441797227
5363,5039.082440991531
5364,5039.082441016701
5365,5039.082438862265
5366,5039.082441438379
5367,5039.082438619597
5368,5039.0824387487055
5369,5039.082440914989
5370,5039.082439107927
5371,5039.0824401522505
5372,5039.082441767108
5373,5039.082440155565
5374,5039.082441048312
5375,5039.082440911184
5376,5039.082439912381
5377,5039.082440806765
5378,5039.082435994324
5379,5039.082441231457
5380,5039.082439687408
5381,5039.082439854737
5382,5039.082448238728
5383,5039.082439598005
5384,5039.0824376390065
5385,5039.0824396442695
5386,5039.082438382787
5387,5039.082440011695
5388,5039.082440037287
5389,5039.082440578684
5390,5037.233098937326
5391,5037.233098937325
5392,5037.233098937325
5393,5037.233098937322
5394,5037.233098937322
5395,5037.233098937326
5396,5037.233098937323
5397,5037.233098937326
5398,5037.233098937327
5399,5037.233097449722
5400,5037.233098802289
5401,5037.233098608358
5402,5037.2330989119555
5403,5037.233096873887
5404,5037.233098900607
5405,5037.233099258781
5406,5037.233099309686
5407,5037.233098944599
5408,5037.233100517735
5409,5037.2330989270795
5410,5037.233098815805
5411,5037.233098473771
5412,5037.233100816182
5413,5037.233099542399
5414,5037.233099250868
5415,5037.23309900256
5416,5037.23309891569
5417,5037.233099478244
5418,5037.233098876882
5419,5037.233097351841
5420,5037.233099268231
5421,5037.2331005056085
5422,5037.233099253068
5423,5037.233097502231
5424,5037.2330998272855
5425,5037.233099029435
5426,5037.233098179632
5427,5037.233098937136
5428,5037.23309865663
5429,5037.233098289351
5430,5037.233098318342
5431,5037.233107891875
5432,5037.233098581869
5433,5037.233097005472
5434,5037.233098331326
5435,5037.233096924298
5436,5037.2330988730755
5437,5037.233098287381
5438,5037.233099661827
5439,5034.909195604132
5440,5034.909195604133
5441,5034.909195604133
5442,5034.909195604134
5443,5034.909195604134
5444,5034.909195604133
5445,5034.909195604132
5446,5034.909195604133
5447,5034.909195604131
5448,5034.909191491038
5449,5034.909195126935
5450,5034.909195227009
5451,5034.909195271488
5452,5034.909193784132
5453,5034.909193698049
5454,5034.909194117276
5455,5034.909194626547
5456,5034.909195712051
5457,5034.909197046676
5458,5034.909195159385
5459,5034.909194997806
5460,5034.909193355419
5461,5034.909198006718
5462,5034.909195834863
5463,5034.9091968802395
5464,5034.90919477769
5465,5034.909196682484
5466,5034.909197891097
5467,5034.909194269552
5468,5034.909193309609
5469,5034.909196229517
5470,5034.909196900719
5471,5034.909195842271
5472,5034.909192738501
5473,5034.909196570538
5474,5034.909195872854
5475,5034.909194029106
5476,5034.909198390852
5477,5034.90919399616
5478,5034.909194787151
5479,5034.909195024905
5480,5034.909205278856
5481,5034.909195352738
5482,5034.909194135605
5483,5034.909194807528
5484,5034.909193184134
5485,5034.909195318479
5486,5034.909194918398
5487,5034.909196051533
5488,5031.836229549531
5489,5031.836229549523
5490,5031.836229549529
5491,5031.836229549527
5492,5031.836229549526
5493,5031.836229549528
5494,5031.836229549529
5495,5031.83622954953
5496,5031.836229549531
5497,5031.836225266994
5498,5031.836229441411
5499,5031.836229135589
5500,5031.836229039985
5501,5031.836227929689
5502,5031.836227195671
5503,5031.836227134827
5504,5031.836228069023
5505,5031.836229419702
5506,5031.836230940856
5507,5031.83622864317
5508,5031.83622907202
5509,5031.836226444258
5510,5031.836231899294
5511,5031.836229407845
5512,5031.836230697401
5513,5031.836228507334
5514,5031.836231291962
5515,5031.83623222781
5516,5031.836227406879
5517,5031.836226637588
5518,5031.836230477406
5519,5031.836230526074
5520,5031.836229655036
5521,5031.836226563066
5522,5031.8362304484535
5523,5031.836230052764
5524,5031.836228489129
5525,5031.836232191818
5526,5031.836227273719
5527,5031.836228594273
5528,5031.836229648975
5529,5031.836239886472
5530,5031.83622942173
5531,5031.836228622833
5532,5031.836228625595
5533,5031.836227281428
5534,5031.8362290984805
5535,5031.836229203922
5536,5031.8362295595625
5537,5027.392811936064
5538,5027.392811936064
5539,5027.392811936064
5540,5027.392811936062
5541,5027.392811936061
5542,5027.392811936062
5543,5027.392811936064
5544,5027.392811936066
5545,5027.392811936065
5546,5027.392801661265
5547,5027.39281675205
5548,5027.3928126398405
5549,5027.3928101199335
5550,5027.392810564665
5551,5027.392800991752
5552,5027.392813369945
5553,5027.39281128505
5554,5027.392812905275
5555,5027.392810885287
5556,5027.392811777636
5557,5027.392803176204
5558,5027.392809778345
5559,5027.392809574077
5560,5027.392811645733
5561,5027.392821555761
5562,5027.392811155651
5563,5027.392808302067
5564,5027.392815828316
5565,5027.392814345268
5566,5027.392809238113
5567,5027.392812638708
5568,5027.3928124564445
5569,5027.392810053659
5570,5027.3928073927
5571,5027.392813960488
5572,5027.392810919556
5573,5027.392804465403
5574,5027.392823788406
5575,5027.392817614678
5576,5027.392817486606
5577,5027.392813900995
5578,5027.392820533701
5579,5027.392813698831
5580,5027.392812880946
5581,5027.392812188613
5582,5027.392807350986
5583,5027.392812598588
5584,5027.39281477133
5585,5027.392812316701
5586,5018.554951362853
5587,5018.554951362854
5588,5018.554951362855
5589,5018.554951362856
5590,5018.554951362854
5591,5018.554951362856
5592,5018.554951362856
5593,5018.554951362851
5594,5018.554951362855
5595,5018.554948929266
5596,5018.554953516005
5597,5018.554951189271
5598,5018.554950129087
5599,5018.554950739392
5600,5018.554947604596
5601,5018.554950440832
5602,5018.554948618718
5603,5018.554950941235
5604,5018.554951296335
5605,5018.554949902215
5606,5018.554949731034
5607,5018.5549493546
5608,5018.5549512575535
5609,5018.554950243729
5610,5018.55495444112
5611,5018.5549507220085
5612,5018.554952130984
5613,5018.554953299979
5614,5018.554949212944
5615,5018.554948393668
5616,5018.554952169456
5617,5018.554951422915
5618,5018.554950327365
5619,5018.554950441745
5620,5018.5549531713505
5621,5018.554951998398
5622,5018.554949965041
5623,5018.55495437064
5624,5018.5549500961715
5625,5018.554952918826
5626,5018.55495281095
5627,5018.554961584322
5628,5018.554951987051
5629,5018.554952348895
5630,5018.554950366027
5631,5018.554949221896
5632,5018.554951253169
5633,5018.554951901185
5634,5018.554950883235
5635,5014.285349268896
5636,5014.2853492688955
5637,5014.285349268896
5638,5014.285349268895
5639,5014.285349268898
5640,5014.285349268899
5641,5014.285349268899
5642,5014.285349268897
5643,5014.285349268897
5644,5014.285351828723
5645,5014.2853511526655
5646,5014.285348874266
5647,5014.285348432419
5648,5014.2853487486955
5649,5014.285349578812
5650,5014.285350296255
5651,5014.285347766191
5652,5014.2853483935405
5653,5014.285349309403
5654,5014.285347865723
5655,5014.285349801509
5656,5014.285349422608
5657,5014.28534879379
5658,5014.285348307555
5659,5014.285349772312
5660,5014.285349505636
5661,5014.285349527833
5662,5014.285349148554
5663,5014.285347853156
5664,5014.2853470477185
5665,5014.285349740082
5666,5014.285349422785
5667,5014.2853483614235
5668,5014.285350672968
5669,5014.2853510674795
5670,5014.285350177842
5671,5014.285350356972
5672,5014.2853476374985
5673,5014.285348033381
5674,5014.285350134825
5675,5014.285350143462
5676,5014.28535914402
5677,5014.28534954349
5678,5014.2853499016865
5679,5014.285348141504
5680,5014.285348378161
5681,5014.28534922812
5682,5014.28534937632
5683,5014.285348834833
5684,5011.399040286273
5685,5011.399040286275
5686,5011.399040286273
5687,5011.399040286272
5688,5011.399040286272
5689,5011.399040286273
5690,5011.399040286273
5691,5011.399040286271
5692,5011.399040286271
5693,5011.399045094375
5694,5011.399041684346
5695,5011.3990398478945
5696,5011.399039697366
5697,5011.399040045619
5698,5011.399042276916
5699,5011.399042880737
5700,5011.399039139876
5701,5011.399039120283
5702,5011.399039932123
5703,5011.399039200264
5704,5011.399041567807
5705,5011.3990423190235
5706,5011.399038930096
5707,5011.399039537014
5708,5011.399040094628
5709,5011.399040799506
5710,5011.399040104732
5711,5011.399038990489
5712,5011.399039698937
5713,5011.399038843194
5714,5011.39904042268
5715,5011.399040595311
5716,5011.399039334355
5717,5011.399043534395
5718,5011.399042562861
5719,5011.399041149338
5720,5011.399041890863
5721,5011.399037080861
5722,5011.3990392854275
5723,5011.399041115982
5724,5011.399040642482
5725,5011.399049629577
5726,5011.39904046036
5727,5011.399040597704
5728,5011.399039115854
5729,5011.399039953687
5730,5011.399040433667
5731,5011.399039942224
5732,5011.399040046205
5733,5008.825797537042
5734,5008.825797537038
5735,5008.82579753704
5736,5008.825797537039
5737,5008.82579753704
5738,5008.825797537042
5739,5008.825797537039
5740,5008.82579753704
5741,5008.82579753704
5742,5008.825802957436
5743,5008.825801166268
5744,5008.82579695872
5745,5008.825796929547
5746,5008.825797006238
5747,5008.825801087958
5748,5008.825805056937
5749,5008.825805653489
5750,5008.825797505624
5751,5008.825796899456
5752,5008.825796605781
5753,5008.825795277717
5754,5008.82579872978
5755,5008.8257939618525
5756,5008.825797133531
5757,5008.825796500008
5758,5008.8257988254245
5759,5008.825790742768
5760,5008.825793777776
5761,5008.825803830466
5762,5008.825795889456
5763,5008.825797718661
5764,5008.825797709126
5765,5008.825795950309
5766,5008.82579559384
5767,5008.825798783054
5768,5008.825797824773
5769,5008.825801430078
5770,5008.825794294061
5771,5008.825806198386
5772,5008.825799172418
5773,5008.82579680502
5774,5008.825807649471
5775,5008.825798357075
5776,5008.825798447474
5777,5008.8257973473055
5778,5008.825799278896
5779,5008.825798292603
5780,5008.825800415985
5781,5008.825797614043
5782,5004.895701348301
5783,5004.895701348299
5784,5004.8957013483005
5785,5004.8957013483005
5786,5004.895701348302
5787,5004.895701348296
5788,5004.8957013483005
5789,5004.8957013483005
5790,5004.895701348301
5791,5004.895705878228
5792,5004.895702624193
5793,5004.895700825329
5794,5004.895701047598
5795,5004.895701510338
5796,5004.8957044846775
5797,5004.895706329116
5798,5004.895705539901
5799,5004.895700614279
5800,5004.895700120257
5801,5004.895700692846
5802,5004.895700585912
5803,5004.895702656533
5804,5004.895698293174
5805,5004.895700973133
5806,5004.895700126336
5807,5004.8957013324325
5808,5004.895697856175
5809,5004.895698762294
5810,5004.8957047437125
5811,5004.895700206702
5812,5004.895701363078
5813,5004.895701781915
5814,5004.89570006788
5815,5004.895701865173
5816,5004.895703683677
5817,5004.895701707011
5818,5004.8957047495605
5819,5004.895698905101
5820,5004.895705200235
5821,5004.895701761012
5822,5004.895700618867
5823,5004.895711302204
5824,5004.895701827644
5825,5004.895701603872
5826,5004.895700721167
5827,5004.895702794423
5828,5004.895701936843
5829,5004.895702572641
5830,5004.8957011702605
5831,5000.339153004092
5832,5000.33915300409
5833,5000.33915300409
5834,5000.339153004094
5835,5000.339153004091
5836,5000.339153004091
5837,5000.339153004091
5838,5000.33915300409
5839,5000.339153004091
5840,5000.339153786498
5841,5000.339151345158
5842,5000.339152611324
5843,5000.339152992643
5844,5000.339153921458
5845,5000.339154081107
5846,5000.33915371645
5847,5000.339153361096
5848,5000.339152123977
5849,5000.339151038177
5850,5000.339152561381
5851,5000.339152844443
5852,5000.339152770879
5853,5000.339151192837
5854,5000.339152517207
5855,5000.339152215464
5856,5000.339150873719
5857,5000.3391531028465
5858,5000.339152445446
5859,5000.3391532266505
5860,5000.339152290075
5861,5000.3391527884805
5862,5000.339153656731
5863,5000.3391521608255
5864,5000.339154294225
5865,5000.339156612414
5866,5000.3391532938
5867,5000.339155372997
5868,5000.339153947995
5869,5000.3391520204195
5870,5000.339151799219
5871,5000.339151960316
5872,5000.339163235288
5873,5000.339153128607
5874,5000.339152713334
5875,5000.339151983807
5876,5000.3391539233235
5877,5000.339153411342
5878,5000.339152672495
5879,5000.339152526207
5880,4997.279661367184
5881,4997.279661367182
5882,4997.279661367182
5883,4997.279661367178
5884,4997.279661367178
5885,4997.279661367184
5886,4997.279661367185
5887,4997.2796613671835
5888,4997.279661367184
5889,4997.2796602367935
5890,4997.279658768391
5891,4997.279661014886
5892,4997.279661557608
5893,4997.279662494168
5894,4997.279661504903
5895,4997.279660006242
5896,4997.279660335483
5897,4997.279660487385
5898,4997.279659045361
5899,4997.279661210209
5900,4997.279660896731
5901,4997.279659886434
5902,4997.279660340474
5903,4997.279660749773
5904,4997.2796606203265
5905,4997.279658438379
5906,4997.27966266923
5907,4997.279662026768
5908,4997.279660013567
5909,4997.2796606069005
5910,4997.27966099321
5911,4997.279662158699
5912,4997.27966060013
5913,4997.279661966682
5914,4997.279665148919
5915,4997.279661428991
5916,4997.279663558678
5917,4997.279664011693
5918,4997.279658585843
5919,4997.279659539517
5920,4997.279660313323
5921,4997.279671830478
5922,4997.279661200574
5923,4997.279660859408
5924,4997.279660366671
5925,4997.279662121148
5926,4997.279661780569
5927,4997.279660808859
5928,4997.279660646752
5929,4990.707933401686
5930,4990.7079334016835
5931,4990.7079334016835
5932,4990.707933401684
5933,4990.707933401687
5934,4990.707933401685
5935,4990.707933401684
5936,4990.707933401686
5937,4990.707933401683
5938,4990.707930945972
5939,4990.707930354165
5940,4990.70793296764
5941,4990.7079339268985
5942,4990.70793462255
5943,4990.707932644824
5944,4990.707929468199
5945,4990.70793081956
5946,4990.707932621591
5947,4990.7079308219045
5948,4990.707933604098
5949,4990.707932956768
5950,4990.707931488456
5951,4990.707933557898
5952,4990.707932308003
5953,4990.70793243265
5954,4990.707930089968
5955,4990.707935883324
5956,4990.707935533627
5957,4990.707930312275
5958,4990.707932800127
5959,4990.707932565401
5960,4990.707934280212
5961,4990.7079327626825
5962,4990.707934071491
5963,4990.707937180812
5964,4990.707933195384
5965,4990.707935449283
5966,4990.707936889274
5967,4990.7079285624095
5968,4990.707931104456
5969,4990.707932278254
5970,4990.707943836066
5971,4990.707932431708
5972,4990.707932740828
5973,4990.707932437461
5974,4990.707933860372
5975,4990.707933827866
5976,4990.707932710501
5977,4990.707932573716
5978,4978.395112340721
5979,4978.395112340721
5980,4978.395112340719
5981,4978.395112340723
5982,4978.395112340725
5983,4978.39511234072
5984,4978.395112340719
5985,4978.3951123407205
5986,4978.3951123407205
5987,4978.395112939626
5988,4978.395110845436
5989,4978.395111314885
5990,4978.395113352822
5991,4978.395113704656
5992,4978.395113702023
5993,4978.395109630455
5994,4978.3951077215215
5995,4978.395110938771
5996,4978.395109769905
5997,4978.395114728592
5998,4978.395111886831
5999,4978.395108885582
6000,4978.395113541197
6001,4978.395109928815
6002,4978.395110780796
6003,4978.395110022106
6004,4978.395116633063
6005,4978.39511592324
6006,4978.395105282339
6007,4978.395109884024
6008,4978.395110785581
6009,4978.395113594399
6010,4978.395111113023
6011,4978.395109245331
6012,4978.395111820218
6013,4978.395111053286
6014,4978.395114123834
6015,4978.395113565394
6016,4978.3951035401815
6017,4978.39511074472
6018,4978.395113556015
6019,4978.395121978904
6020,4978.395109342314
6021,4978.395111505742
6022,4978.395111893616
6023,4978.3951131944195
6024,4978.395113454397
6025,4978.395111180485
6026,4978.395111368047
6027,4986.0115384459305
6028,4986.011538445928
6029,4986.011538445926
6030,4986.011538445931
6031,4986.01153844593
6032,4986.011538445926
6033,4986.011538445927
6034,4986.01153844593
6035,4986.011538445929
6036,4986.011517121454
6037,4986.011534546969
6038,4986.011538478727
6039,4986.011538722327
6040,4986.011540249489
6041,4986.01151819958
6042,4986.011516724482
6043,4986.011531572152
6044,4986.011541165921
6045,4986.011536578293
6046,4986.011536188312
6047,4986.011540675377
6048,4986.011539807845
6049,4986.0115453815415
6050,4986.011532056508
6051,4986.0115451383035
6052,4986.011531451503
6053,4986.011547064712
6054,4986.011547298062
6055,4986.0115356916685
6056,4986.011541341485
6057,4986.011535018241
6058,4986.011536940508
6059,4986.011540890377
6060,4986.011547445182
6061,4986.011546653354
6062,4986.011539275814
6063,4986.011529347101
6064,4986.011555576174
6065,4986.011530643834
6066,4986.011534719466
6067,4986.011531736188
6068,4986.011547140909
6069,4986.011533031555
6070,4986.011540179596
6071,4986.011535003102
6072,4986.011534091243
6073,4986.011537586993
6074,4986.01153563864
6075,4986.011540565363
6076,4971.539659143296
6077,4971.539659143299
6078,4971.539659143302
6079,4971.539659143297
6080,4971.539659143294
6081,4971.5396591432955
6082,4971.539659143297
6083,4971.539659143294
6084,4971.539659143296
6085,4971.539651102211
6086,4971.539656275779
6087,4971.539658325987
6088,4971.539659882611
6089,4971.539660724169
6090,4971.5396522362635
6091,4971.539649052395
6092,4971.539653961585
6093,4971.539659745399
6094,4971.539656750228
6095,4971.5396596600585
6096,4971.539659576762
6097,4971.539657604243
6098,4971.539662477699
6099,4971.539655257109
6100,4971.539660769762
6101,4971.539654937089
6102,4971.53966492748
6103,4971.539664312781
6104,4971.539654071298
6105,4971.539659098899
6106,4971.539656780357
6107,4971.539659329254
6108,4971.539659375742
6109,4971.539660685692
6110,4971.539662226807
6111,4971.53965868579
6112,4971.539656719514
6113,4971.539666537564
6114,4971.539650980903
6115,4971.539656669808
6116,4971.539657096071
6117,4971.539668457673
6118,4971.539655235403
6119,4971.539659325961
6120,4971.539657612877
6121,4971.539657969095
6122,4971.539659491746
6123,4971.539657086959
6124,4971.5396594986205
6125,4961.953432936632
6126,4961.953432936631
6127,4961.95343293663
6128,4961.953432936628
6129,4961.95343293663
6130,4961.953432936628
6131,4961.95343293663
6132,4961.953432936627
6133,4961.953432936631
6134,4961.953432989335
6135,4961.953434034937
6136,4961.953432050049
6137,4961.953434119767
6138,4961.9534339011225
6139,4961.953430517862
6140,4961.953428428197
6141,4961.9534302486
6142,4961.953432119804
6143,4961.953431051561
6144,4961.9534348869265
6145,4961.953433358604
6146,4961.953435820453
6147,4961.953434011331
6148,4961.9534293844235
6149,4961.953432192138
6150,4961.953431932884
6151,4961.953435587022
6152,4961.953436005872
6153,4961.953429898942
6154,4961.9534333059155
6155,4961.953430489292
6156,4961.953433680169
6157,4961.953432585006
6158,4961.953437119138
6159,4961.95343333572
6160,4961.953431817851
6161,4961.95343276848
6162,4961.953431484852
6163,4961.953427529695
6164,4961.9534326435805
6165,4961.953433450512
6166,4961.953440035545
6167,4961.953428222976
6168,4961.953432462839
6169,4961.953432398087
6170,4961.953432432331
6171,4961.953433708444
6172,4961.953432829186
6173,4961.953433119616
6174,4952.780182064956
6175,4952.780182064965
6176,4952.78018206496
6177,4952.780182064956
6178,4952.780182064958
6179,4952.780182064956
6180,4952.780182064953
6181,4952.780182064956
6182,4952.780182064954
6183,4952.780184217887
6184,4952.780184775809
6185,4952.7801803728935
6186,4952.780182878041
6187,4952.7801822951615
6188,4952.780181471684
6189,4952.780185208579
6190,4952.780185728564
6191,4952.7801814122395
6192,4952.780181373324
6193,4952.780184452653
6194,4952.780180430044
6195,4952.780185376184
6196,4952.780181256846
6197,4952.780179124175
6198,4952.7801825514725
6199,4952.780183340326
6200,4952.780180276761
6201,4952.780181212851
6202,4952.780184221884
6203,4952.780181768116
6204,4952.780180286849
6205,4952.780182890276
6206,4952.780181422619
6207,4952.780180652245
6208,4952.7801794681545
6209,4952.7801807506
6210,4952.7801805249555
6211,4952.780179912823
6212,4952.780184504981
6213,4952.7801840958255
6214,4952.780181830868
6215,4952.780187853371
6216,4952.780177736527
6217,4952.780181650785
6218,4952.780182301308
6219,4952.7801818676135
6220,4952.78018327757
6221,4952.780182451344
6222,4952.780183192542
6223,4948.507626339707
6224,4948.507626339705
6225,4948.507626339707
6226,4948.507626339709
6227,4948.507626339706
6228,4948.507626339709
6229,4948.507626339708
6230,4948.507626339708
6231,4948.507626339705
6232,4948.507631242234
6233,4948.507628734279
6234,4948.507624849308
6235,4948.507627374866
6236,4948.507626522745
6237,4948.507627764321
6238,4948.5076285638415
6239,4948.507629709679
6240,4948.507624620804
6241,4948.507626321952
6242,4948.507628030357
6243,4948.507627033906
6244,4948.507631954641
6245,4948.507625854902
6246,4948.507623821947
6247,4948.507624743305
6248,4948.507628318052
6249,4948.507625225943
6250,4948.507624727599
6251,4948.507628189229
6252,4948.5076265331945
6253,4948.507625049498
6254,4948.507627162514
6255,4948.507626025064
6256,4948.507628756633
6257,4948.507624441955
6258,4948.507625605428
6259,4948.507626587647
6260,4948.507620122803
6261,4948.507628112647
6262,4948.507627670738
6263,4948.507626370774
6264,4948.507631866225
6265,4948.507622129512
6266,4948.507625477599
6267,4948.507626224814
6268,4948.507626349105
6269,4948.50762710063
6270,4948.507626670239
6271,4948.507627200322
6272,4936.23248758739
6273,4936.232487587389
6274,4936.23248758739
6275,4936.232487587396
6276,4936.232487587387
6277,4936.232487587392
6278,4936.23248758739
6279,4936.232487587391
6280,4936.232487587392
6281,4936.232489440951
6282,4936.232488511042
6283,4936.232486533196
6284,4936.232488173628
6285,4936.232487681336
6286,4936.232487873882
6287,4936.232489995535
6288,4936.23248885122
6289,4936.232484915858
6290,4936.232488499102
6291,4936.232488808274
6292,4936.23248691561
6293,4936.232489069865
6294,4936.232488613995
6295,4936.232485542612
6296,4936.232487631349
6297,4936.2324904830775
6298,4936.232487841236
6299,4936.232485581137
6300,4936.232485622792
6301,4936.232486564557
6302,4936.232487848738
6303,4936.232488230386
6304,4936.232487241771
6305,4936.232484451091
6306,4936.232483468135
6307,4936.232487125982
6308,4936.2324855046745
6309,4936.232484879684
6310,4936.232489486366
6311,4936.232489294081
6312,4936.232488124151
6313,4936.232492301245
6314,4936.232484391639
6315,4936.232486800637
6316,4936.232487700951
6317,4936.232487374113
6318,4936.232488079531
6319,4936.232487081495
6320,4936.2324878799955
6321,4935.408403117896
6322,4935.408403117894
6323,4935.408403117893
6324,4935.408403117891
6325,4935.408403117894
6326,4935.4084031178945
6327,4935.408403117897
6328,4935.4084031178945
6329,4935.408403117896
6330,4935.408406663341
6331,4935.408408400495
6332,4935.408404929368
6333,4935.40840413243
6334,4935.408402813682
6335,4935.408401029793
6336,4935.408413413849
6337,4935.408415101204
6338,4935.408397117783
6339,4935.4084035313
6340,4935.408404939902
6341,4935.408394292295
6342,4935.4084132993785
6343,4935.408395381345
6344,4935.408404928222
6345,4935.40840113765
6346,4935.408409343202
6347,4935.408391060746
6348,4935.408395650516
6349,4935.408412681725
6350,4935.40840698727
6351,4935.408406287188
6352,4935.408404717088
6353,4935.408402044748
6354,4935.408407246314
6355,4935.408403918964
6356,4935.408401972004
6357,4935.408405827799
6358,4935.408393787739
6359,4935.4084242759145
6360,4935.408408962782
6361,4935.408406592916
6362,4935.408402741637
6363,4935.408403596946
6364,4935.408401197828
6365,4935.408406437162
6366,4935.408405203993
6367,4935.408404110738
6368,4935.408410451297
6369,4935.408399940238
6370,4928.085147968589
6371,4928.085147968589
6372,4928.0851479685925
6373,4928.085147968593
6374,4928.085147968594
6375,4928.085147968591
6376,4928.085147968593
6377,4928.0851479685925
6378,4928.085147968589
6379,4928.085150208838
6380,4928.0851514406795
6381,4928.085148461031
6382,4928.0851487423
6383,4928.085147783423
6384,4928.085146429466
6385,4928.0851537410335
6386,4928.085155283777
6387,4928.085143671948
6388,4928.0851485977755
6389,4928.085149129345
6390,4928.085143108341
6391,4928.08515445939
6392,4928.085144395072
6393,4928.085147881492
6394,4928.085147056547
6395,4928.085152545692
6396,4928.085141557289
6397,4928.0851430356615
6398,4928.085152798988
6399,4928.085149701678
6400,4928.085149703544
6401,4928.085148972199
6402,4928.085147327648
6403,4928.085149532081
6404,4928.08514700489
6405,4928.085147247994
6406,4928.085148316081
6407,4928.085142030402
6408,4928.085160602789
6409,4928.085151854541
6410,4928.085149690563
6411,4928.085150145984
6412,4928.085146695375
6413,4928.085146684056
6414,4928.085149649913
6415,4928.08514876948
6416,4928.085148576838
6417,4928.085151889769
6418,4928.085146695922
6419,4919.401964421991
6420,4919.401964421992
6421,4919.401964421988
6422,4919.401964421992
6423,4919.401964421991
6424,4919.401964421992
6425,4919.401964421991
6426,4919.401964421991
6427,4919.40196442199
6428,4919.401966589859
6429,4919.401962738786
6430,4919.401965002005
6431,4919.401965241004
6432,4919.4019663349245
6433,4919.401964977475
6434,4919.40196479355
6435,4919.401962798479
6436,4919.401960064353
6437,4919.401964860935
6438,4919.401965347195
6439,4919.401965503278
6440,4919.401967548119
6441,4919.401964513089
6442,4919.401963889912
6443,4919.401962382933
6444,4919.401965336912
6445,4919.401967138437
6446,4919.401962853846
6447,4919.401960074039
6448,4919.401964937744
6449,4919.401966380794
6450,4919.40196533995
6451,4919.401964352071
6452,4919.401968745391
6453,4919.401963974664
6454,4919.401964363971
6455,4919.401964793697
6456,4919.401958779097
6457,4919.401962819685
6458,4919.401963967992
6459,4919.401967093014
6460,4919.401967791556
6461,4919.401963193417
6462,4919.401962500048
6463,4919.401964209249
6464,4919.401966252577
6465,4919.401964378297
6466,4919.401963580069
6467,4919.401963013135
6468,4916.1458376610435
6469,4916.145837661046
6470,4916.145837661045
6471,4916.1458376610435
6472,4916.145837661046
6473,4916.145837661045
6474,4916.145837661043
6475,4916.145837661044
6476,4916.1458376610435
6477,4916.145835224272
6478,4916.145834089799
6479,4916.1458380747035
6480,4916.145838264305
6481,4916.1458398444465
6482,4916.145836090814
6483,4916.145834471407
6484,4916.145837211196
6485,4916.145834401745
6486,4916.145837985052
6487,4916.1458369917245
6488,4916.145838883369
6489,4916.145838570237
6490,4916.145838712538
6491,4916.145836988003
6492,4916.145835954601
6493,4916.145836645311
6494,4916.14584120007
6495,4916.145836971095
6496,4916.145834210126
6497,4916.1458378179605
6498,4916.145839857325
6499,4916.145838066357
6500,4916.145838124725
6501,4916.145840619481
6502,4916.145840021096
6503,4916.145838386542
6504,4916.145837788409
6505,4916.1458364002165
6506,4916.145836616751
6507,4916.145835569937
6508,4916.145838336667
6509,4916.145842790823
6510,4916.145837010652
6511,4916.145836168728
6512,4916.1458368144995
6513,4916.145839625568
6514,4916.145837041037
6515,4916.145836742266
6516,4916.145836476827
6517,4911.925517963935
6518,4911.925517963938
6519,4911.925517963935
6520,4911.925517963935
6521,4911.925517963937
6522,4911.925517963938
6523,4911.925517963935
6524,4911.925517963937
6525,4911.925517963933
6526,4911.925513128665
6527,4911.925514835589
6528,4911.9255176220195
6529,4911.925518290372
6530,4911.925520347646
6531,4911.925515579067
6532,4911.925517068833
6533,4911.925518777702
6534,4911.925516355882
6535,4911.925518088917
6536,4911.925517850974
6537,4911.925516668983
6538,4911.925514161132
6539,4911.925519138095
6540,4911.925516911762
6541,4911.925517954413
6542,4911.92551619432
6543,4911.92552043962
6544,4911.925518244583
6545,4911.925514421767
6546,4911.92551727725
6547,4911.925520015733
6548,4911.92551819481
6549,4911.925518081062
6550,4911.925514166295
6551,4911.925517914894
6552,4911.925518341109
6553,4911.9255167800075
6554,4911.92552090216
6555,4911.925517726555
6556,4911.925516650879
6557,4911.925518257621
6558,4911.925523070154
6559,4911.925517494899
6560,4911.925517135139
6561,4911.925517548589
6562,4911.925520174722
6563,4911.925517762462
6564,4911.925517068253
6565,4911.9255170633905
6566,4906.164697377343
6567,4906.164697377341
6568,4906.164697377345
6569,4906.164697377342
6570,4906.164697377342
6571,4906.164697377343
6572,4906.164697377341
6573,4906.164697377343
6574,4906.164697377345
6575,4906.164694087767
6576,4906.164696142551
6577,4906.164696414184
6578,4906.164697604541
6579,4906.164699845993
6580,4906.164696182586
6581,4906.164698958825
6582,4906.164698785842
6583,4906.164696954245
6584,4906.164697680921
6585,4906.164697401024
6586,4906.164695225986
6587,4906.164693494785
6588,4906.164698100114
6589,4906.164696551119
6590,4906.1646975889835
6591,4906.1646957909525
6592,4906.16469784064
6593,4906.164699538556
6594,4906.164694579135
6595,4906.164696764292
6596,4906.16469924253
6597,4906.1646976465
6598,4906.164697041848
6599,4906.164692489092
6600,4906.16469636127
6601,4906.164697774712
6602,4906.164696415242
6603,4906.164700403576
6604,4906.164696886681
6605,4906.16469738678
6606,4906.164697387907
6607,4906.164701953891
6608,4906.164697099767
6609,4906.1646965986665
6610,4906.164697155172
6611,4906.1646991640455
6612,4906.164697208109
6613,4906.164697076815
6614,4906.164696990312
6615,4897.532883885533
6616,4897.532883885525
6617,4897.532883885523
6618,4897.532883885524
6619,4897.532883885526
6620,4897.532883885534
6621,4897.53288388553
6622,4897.532883885533
6623,4897.53288388553
6624,4897.532882091149
6625,4897.532885251084
6626,4897.532882441817
6627,4897.532883809642
6628,4897.53288590418
6629,4897.532881748401
6630,4897.532886622476
6631,4897.532885346598
6632,4897.532885221263
6633,4897.5328845048225
6634,4897.5328838011765
6635,4897.532881102008
6636,4897.532881408334
6637,4897.532884237695
6638,4897.5328832744
6639,4897.532885623383
6640,4897.532883291404
6641,4897.532882042565
6642,4897.5328871377815
6643,4897.5328820938785
6644,4897.532883813493
6645,4897.532885590925
6646,4897.532883986718
6647,4897.532883428044
6648,4897.532880228627
6649,4897.532883034514
6650,4897.532884507462
6651,4897.532882123279
6652,4897.532886666111
6653,4897.532883283837
6654,4897.532885977673
6655,4897.532883690565
6656,4897.532887612054
6657,4897.532884318076
6658,4897.53288333914
6659,4897.5328837253055
6660,4897.53288420535
6661,4897.532883822814
6662,4897.532884524819
6663,4897.532884126794
6664,4891.49321122578
6665,4891.493211225775
6666,4891.493211225771
6667,4891.4932112257775
6668,4891.4932112257775
6669,4891.4932112257775
6670,4891.4932112257775
6671,4891.493211225781
6672,4891.49321122578
6673,4891.49322170399
6674,4891.493212254537
6675,4891.49320704473
6676,4891.49321159271
6677,4891.493213076985
6678,4891.493220953934
6679,4891.493221530115
6680,4891.493220061847
6681,4891.493214661679
6682,4891.493212109009
6683,4891.49321263959
6684,4891.493211673937
6685,4891.493206419161
6686,4891.493210608427
6687,4891.493211231632
6688,4891.493208178504
6689,4891.493211371929
6690,4891.493208170929
6691,4891.493210848389
6692,4891.493212126742
6693,4891.4932089960585
6694,4891.493212596655
6695,4891.493211873269
6696,4891.493210408642
6697,4891.493201022619
6698,4891.493204678503
6699,4891.493211681897
6700,4891.493216315231
6701,4891.493204424503
6702,4891.493210856984
6703,4891.493212034557
6704,4891.493211245064
6705,4891.493216661937
6706,4891.493211719281
6707,4891.493209834123
6708,4891.493211235289
6709,4891.493213209105
6710,4891.493212270767
6711,4891.493211850892
6712,4891.493211085959
6713,4882.175879290277
6714,4882.175879290273
6715,4882.175879290273
6716,4882.175879290276
6717,4882.175879290276
6718,4882.175879290275
6719,4882.1758792902765
6720,4882.1758792902765
6721,4882.1758792902765
6722,4882.175883681782
6723,4882.1758795250225
6724,4882.175876268756
6725,4882.175879258243
6726,4882.175880513006
6727,4882.175881020071
6728,4882.175884105449
6729,4882.175883870578
6730,4882.175883390132
6731,4882.175879954615
6732,4882.175880204768
6733,4882.175879083756
6734,4882.175877584805
6735,4882.175879778201
6736,4882.175878951557
6737,4882.17588076979
6738,4882.17587973206
6739,4882.175877275659
6740,4882.175878794943
6741,4882.175879544573
6742,4882.175878615809
6743,4882.175880261485
6744,4882.175879500904
6745,4882.175879331062
6746,4882.175874678772
6747,4882.175877248934
6748,4882.175879841815
6749,4882.17587935405
6750,4882.175877844157
6751,4882.175878072566
6752,4882.175880784239
6753,4882.175877834457
6754,4882.175883761052
6755,4882.175880213368
6756,4882.1758783114665
6757,4882.17587888013
6758,4882.175878798302
6759,4882.175880220473
6760,4882.175879212712
6761,4882.1758796637405
6762,4875.109789285868
6763,4875.109789285866
6764,4875.109789285868
6765,4875.109789285869
6766,4875.109789285868
6767,4875.10978928587
6768,4875.10978928587
6769,4875.109789285869
6770,4875.109789285872
6771,4875.109791169611
6772,4875.10978770507
6773,4875.109787515762
6774,4875.109789207971
6775,4875.109790297974
6776,4875.109787095689
6777,4875.109790220752
6778,4875.109790233145
6779,4875.109793191138
6780,4875.109789398393
6781,4875.1097904461685
6782,4875.109789759506
6783,4875.109790112346
6784,4875.109790495106
6785,4875.109788796808
6786,4875.109792898076
6787,4875.109789683174
6788,4875.109789501071
6789,4875.109787817023
6790,4875.109788173962
6791,4875.109789534603
6792,4875.109789929434
6793,4875.109789354505
6794,4875.109790000173
6795,4875.109789803813
6796,4875.109790105542
6797,4875.1097896237525
6798,4875.109787195361
6799,4875.109789494514
6800,4875.109785995856
6801,4875.109789998212
6802,4875.109787525741
6803,4875.109793165214
6804,4875.109790405091
6805,4875.109788292653
6806,4875.109788539894
6807,4875.109787878087
6808,4875.109790405459
6809,4875.109788211037
6810,4875.109789378861
6811,4867.447189256216
6812,4867.447189256216
6813,4867.447189256219
6814,4867.4471892562215
6815,4867.447189256216
6816,4867.447189256217
6817,4867.44718925622
6818,4867.447189256219
6819,4867.447189256217
6820,4867.447189887899
6821,4867.447185881543
6822,4867.447188593932
6823,4867.447189405837
6824,4867.447189629397
6825,4867.447185689448
6826,4867.447186885883
6827,4867.4471898993825
6828,4867.447192679662
6829,4867.447188871781
6830,4867.4471902894375
6831,4867.447190157844
6832,4867.447191999328
6833,4867.447190750668
6834,4867.447188698603
6835,4867.4471926573
6836,4867.447190064991
6837,4867.447190469621
6838,4867.4471859444075
6839,4867.447188459398
6840,4867.447189912193
6841,4867.447189685411
6842,4867.447189144579
6843,4867.447190505713
6844,4867.447192928401
6845,4867.447192846298
6846,4867.447189518244
6847,4867.4471876748075
6848,4867.447189532513
6849,4867.447187125942
6850,4867.447188454161
6851,4867.447186868495
6852,4867.44719360605
6853,4867.44719040852
6854,4867.447188331545
6855,4867.447188444418
6856,4867.447187690946
6857,4867.447190511567
6858,4867.4471885460425
6859,4867.447188404907
6860,4861.366481859206
6861,4861.366481859204
6862,4861.366481859204
6863,4861.366481859203
6864,4861.366481859205
6865,4861.366481859203
6866,4861.366481859205
6867,4861.366481859205
6868,4861.366481859206
6869,4861.366479890727
6870,4861.366475460681
6871,4861.366480774153
6872,4861.36648200154
6873,4861.36648215942
6874,4861.366478261537
6875,4861.366480647634
6876,4861.366477701543
6877,4861.366486848187
6878,4861.366480968171
6879,4861.366485227891
6880,4861.366481338383
6881,4861.366476190157
6882,4861.366484370124
6883,4861.366479873075
6884,4861.366487882903
6885,4861.3664819044825
6886,4861.366486281904
6887,4861.366479105401
6888,4861.366475576213
6889,4861.366481063317
6890,4861.366480878598
6891,4861.36648119953
6892,4861.366483089618
6893,4861.366475063838
6894,4861.366476917997
6895,4861.366481008568
6896,4861.366477611849
6897,4861.366487352359
6898,4861.366474642811
6899,4861.366479866487
6900,4861.366480025925
6901,4861.366485825582
6902,4861.366481961945
6903,4861.3664821273815
6904,4861.3664813992455
6905,4861.366481170852
6906,4861.3664840563115
6907,4861.366478579998
6908,4861.366480607264
6909,4849.161409981883
6910,4849.161409981884
6911,4849.161409981884
6912,4849.161409981883
6913,4849.161409981883
6914,4849.161409981884
6915,4849.1614099818835
6916,4849.161409981883
6917,4849.161409981881
6918,4849.161410270306
6919,4849.1614081973285
6920,4849.1614134694255
6921,4849.161410923582
6922,4849.161409015736
6923,4849.161407573087
6924,4849.161403616797
6925,4849.161407818354
6926,4849.161409944803
6927,4849.161409515821
6928,4849.161410148776
6929,4849.161409997257
6930,4849.161417014136
6931,4849.161410378635
6932,4849.1614088677115
6933,4849.161409456424
6934,4849.161412872144
6935,4849.1614113435535
6936,4849.161407958134
6937,4849.161408343322
6938,4849.161411677072
6939,4849.16140995216
6940,4849.161409254678
6941,4849.161411120548
6942,4849.16142142947
6943,4849.161416110907
6944,4849.1614103710335
6945,4849.1614119182295
6946,4849.1614081453945
6947,4849.161410342575
6948,4849.161407814015
6949,4849.161409110185
6950,4849.161414311974
6951,4849.161409868478
6952,4849.161409788788
6953,4849.1614097293905
6954,4849.161408800688
6955,4849.161410481135
6956,4849.161412893783
6957,4849.161406071926
6958,4843.372872341525
6959,4843.372872341524
6960,4843.372872341525
6961,4843.372872341525
6962,4843.372872341527
6963,4843.372872341524
6964,4843.372872341526
6965,4843.372872341527
6966,4843.372872341523
6967,4843.3728716376445
6968,4843.372871641272
6969,4843.37287417449
6970,4843.372873005916
6971,4843.372871424052
6972,4843.372870349289
6973,4843.372870365392
6974,4843.372873585258
6975,4843.372873522582
6976,4843.37287216078
6977,4843.372872799783
6978,4843.372870172526
6979,4843.372875077402
6980,4843.372871649908
6981,4843.372871216517
6982,4843.372872804197
6983,4843.372874790693
6984,4843.372871206478
6985,4843.372870885528
6986,4843.372873005778
6987,4843.372873219173
6988,4843.372872361656
6989,4843.372871565928
6990,4843.372873155415
6991,4843.372876125429
6992,4843.372874875381
6993,4843.372872722604
6994,4843.3728732721265
6995,4843.37287301181
6996,4843.372875330468
6997,4843.372871864755
6998,4843.3728709049055
6999,4843.372876665373
7000,4843.372872436898
7001,4843.372872547981
7002,4843.372872520176
7003,4843.372871463995
7004,4843.372873136349
7005,4843.372875366212
7006,4843.372869048513
7007,4838.798339275303
7008,4838.798339275305
7009,4838.798339275307
7010,4838.798339275308
7011,4838.798339275305
7012,4838.798339275303
7013,4838.798339275305
7014,4838.798339275302
7015,4838.798339275301
7016,4838.798340431356
7017,4838.798338831126
7018,4838.798339708823
7019,4838.798339767312
7020,4838.79833918653
7021,4838.798341035558
7022,4838.798339776085
7023,4838.798340045334
7024,4838.798341131846
7025,4838.798339782756
7026,4838.798339628273
7027,4838.798338438916
7028,4838.798337881129
7029,4838.79833886644
7030,4838.798337860379
7031,4838.798338734521
7032,4838.798340437683
7033,4838.798338915342
7034,4838.798340423776
7035,4838.798338510602
7036,4838.798338963299
7037,4838.798338980623
7038,4838.798338519756
7039,4838.798339710227
7040,4838.798337667073
7041,4838.798337161503
7042,4838.798339939159
7043,4838.798340493331
7044,4838.79833980675
7045,4838.7983386051865
7046,4838.798338888746
7047,4838.798338164239
7048,4838.798344078838
7049,4838.7983387242375
7050,4838.798339397111
7051,4838.7983389808805
7052,4838.798338910032
7053,4838.798339641468
7054,4838.7983408327655
7055,4838.798337372685
7056,4836.454193676715
7057,4836.454193676712
7058,4836.454193676713
7059,4836.4541936767155
7060,4836.454193676712
7061,4836.454193676713
7062,4836.454193676714
7063,4836.454193676714
7064,4836.454193676713
7065,4836.45419202238
7066,4836.454195233812
7067,4836.454194258314
7068,4836.454193967307
7069,4836.4541932465245
7070,4836.454193762674
7071,4836.45419673984
7072,4836.454197166233
7073,4836.454194934142
7074,4836.454194269502
7075,4836.45419382107
7076,4836.454190316417
7077,4836.454190761649
7078,4836.454191558461
7079,4836.4541922004455
7080,4836.45419401759
7081,4836.454195008627
7082,4836.45419106948
7083,4836.454194743419
7084,4836.45419595363
7085,4836.454193301111
7086,4836.454193737984
7087,4836.454192738048
7088,4836.454194046582
7089,4836.45418942085
7090,4836.454190471621
7091,4836.454194419025
7092,4836.454193394424
7093,4836.4541966361285
7094,4836.454197479119
7095,4836.454194997178
7096,4836.454192576281
7097,4836.45419817899
7098,4836.454193250078
7099,4836.4541942877695
7100,4836.454193892079
7101,4836.45419328246
7102,4836.454194119031
7103,4836.454196261528
7104,4836.454191621477
7105,4833.270151703177
7106,4833.270151703176
7107,4833.270151703176
7108,4833.270151703177
7109,4833.270151703175
7110,4833.270151703176
7111,4833.270151703177
7112,4833.270151703177
7113,4833.270151703178
7114,4833.270151018651
7115,4833.270152965847
7116,4833.270152609048
7117,4833.270151919104
7118,4833.270151773161
7119,4833.270152889554
7120,4833.270153548415
7121,4833.270153699093
7122,4833.270152237842
7123,4833.270152516796
7124,4833.270151480362
7125,4833.270150936229
7126,4833.270149355143
7127,4833.270149916549
7128,4833.270150070363
7129,4833.270151201252
7130,4833.270152223133
7131,4833.270151313022
7132,4833.270152940596
7133,4833.270153027518
7134,4833.270151061776
7135,4833.270151742276
7136,4833.270150771798
7137,4833.2701523498645
7138,4833.270150067958
7139,4833.270148492351
7140,4833.270152678745
7141,4833.270151378979
7142,4833.270152915739
7143,4833.270152490116
7144,4833.27015206107
7145,4833.270151315273
7146,4833.270156568748
7147,4833.270150861994
7148,4833.270151960373
7149,4833.27015119039
7150,4833.270151279313
7151,4833.270151728434
7152,4833.270152959161
7153,4833.2701504456945
7154,4829.896354095112
7155,4829.896354095106
7156,4829.896354095109
7157,4829.896354095106
7158,4829.89635409511
7159,4829.896354095112
7160,4829.896354095107
7161,4829.896354095107
7162,4829.896354095111
7163,4829.896354270143
7164,4829.896354717481
7165,4829.896355375266
7166,4829.8963542660795
7167,4829.896354385925
7168,4829.896355747478
7169,4829.896354642591
7170,4829.896354870685
7171,4829.896354028876
7172,4829.896354834799
7173,4829.8963538293765
7174,4829.896355534279
7175,4829.896352922872
7176,4829.896352464672
7177,4829.896352609057
7178,4829.896353179164
7179,4829.89635420385
7180,4829.896355413166
7181,4829.896354352916
7182,4829.896354736194
7183,4829.896353214621
7184,4829.896354191589
7185,4829.896353292686
7186,4829.896355073996
7187,4829.896355182665
7188,4829.8963516260565
7189,4829.896355089171
7190,4829.89635349724
7191,4829.896353549045
7192,4829.896352923956
7193,4829.89635362254
7194,4829.896354308188
7195,4829.8963593217795
7196,4829.896353210605
7197,4829.896353875654
7198,4829.896353025276
7199,4829.896353524682
7200,4829.896354035862
7201,4829.89635405097
7202,4829.896353492167
7203,4825.904319965483
7204,4825.90431996548
7205,4825.904319965479
7206,4825.90431996548
7207,4825.904319965479
7208,4825.9043199654825
7209,4825.9043199654825
7210,4825.90431996548
7211,4825.904319965483
7212,4825.904317838628
7213,4825.904318952778
7214,4825.90432164894
7215,4825.90432007143
7216,4825.904320349152
7217,4825.904319954454
7218,4825.904317835702
7219,4825.904318320927
7220,4825.904319700999
7221,4825.904320303399
7222,4825.904319743018
7223,4825.904322056434
7224,4825.90431877745
7225,4825.90431926323
7226,4825.904318868585
7227,4825.9043198259005
7228,4825.9043193149155
7229,4825.904322337571
7230,4825.904320241534
7231,4825.904318648764
7232,4825.904318744918
7233,4825.904320187734
7234,4825.904319342624
7235,4825.904321188542
7236,4825.904321912885
7237,4825.904318970186
7238,4825.904320827212
7239,4825.904317876315
7240,4825.904321154723
7241,4825.904317005947
7242,4825.904318958556
7243,4825.90432004543
7244,4825.904325579074
7245,4825.904319493538
7246,4825.904319332086
7247,4825.904318530972
7248,4825.904319162478
7249,4825.9043199087955
7250,4825.904318426942
7251,4825.904320194637
7252,4824.26665557093
7253,4824.266655570937
7254,4824.266655570937
7255,4824.266655570936
7256,4824.266655570931
7257,4824.266655570933
7258,4824.266655570932
7259,4824.266655570932
7260,4824.266655570932
7261,4824.266664141855
7262,4824.266657274636
7263,4824.266657377878
7264,4824.266656093175
7265,4824.266656244656
7266,4824.266661433127
7267,4824.266659892985
7268,4824.266654629759
7269,4824.2666544032645
7270,4824.266655188554
7271,4824.266657446585
7272,4824.266658685364
7273,4824.266658962483
7274,4824.26665205422
7275,4824.266656457366
7276,4824.2666526304465
7277,4824.266656535184
7278,4824.266655247978
7279,4824.2666526398
7280,4824.266654575373
7281,4824.266654550124
7282,4824.266656108422
7283,4824.266656118003
7284,4824.266656090439
7285,4824.26665972479
7286,4824.266652655847
7287,4824.266655467963
7288,4824.266657816754
7289,4824.266645706308
7290,4824.266654087397
7291,4824.266656160188
7292,4824.266659221554
7293,4824.266660249467
7294,4824.266655951765
7295,4824.26665337857
7296,4824.266654987904
7297,4824.266655785988
7298,4824.266656681559
7299,4824.266655100193
7300,4824.266655152645
7301,4819.8480546959245
7302,4819.848054695924
7303,4819.848054695924
7304,4819.848054695925
7305,4819.848054695923
7306,4819.848054695925
7307,4819.8480546959245
7308,4819.848054695923
7309,4819.8480546959245
7310,4819.848054305452
7311,4819.848054098906
7312,4819.848056590567
7313,4819.848054976696
7314,4819.848055049407
7315,4819.848054680021
7316,4819.848054027613
7317,4819.84805238563
7318,4819.848054394293
7319,4819.848054266224
7320,4819.848055657823
7321,4819.848055497216
7322,4819.848055607427
7323,4819.848053388172
7324,4819.848055232658
7325,4819.848054623968
7326,4819.848054339605
7327,4819.848054277977
7328,4819.848054190758
7329,4819.84805262322
7330,4819.848053648929
7331,4819.848055335721
7332,4819.848054817376
7333,4819.848055573317
7334,4819.848056908939
7335,4819.848054703371
7336,4819.848054888935
7337,4819.84805332984
7338,4819.8480540369965
7339,4819.848053345478
7340,4819.8480552013
7341,4819.848055685634
7342,4819.848059747886
7343,4819.848055608322
7344,4819.848053157059
7345,4819.848053945249
7346,4819.848054178214
7347,4819.848055389798
7348,4819.848053569074
7349,4819.8480551479915
7350,4818.6280420106505
7351,4818.628042010647
7352,4818.628042010647
7353,4818.628042010648
7354,4818.628042010652
7355,4818.628042010648
7356,4818.628042010649
7357,4818.62804201065
7358,4818.628042010649
7359,4818.628039986664
7360,4818.628040809604
7361,4818.62804357865
7362,4818.628042306312
7363,4818.628042236557
7364,4818.628041393676
7365,4818.628040816748
7366,4818.6280402079
7367,4818.628042262557
7368,4818.628041635789
7369,4818.62804280649
7370,4818.628041874703
7371,4818.628041649922
7372,4818.628041186185
7373,4818.628042486349
7374,4818.628042138985
7375,4818.628041348748
7376,4818.628040983725
7377,4818.628042291134
7378,4818.6280399626285
7379,4818.628040880087
7380,4818.628042609194
7381,4818.628042022421
7382,4818.628042872146
7383,4818.628042184436
7384,4818.628042127959
7385,4818.6280422681375
7386,4818.6280406095075
7387,4818.6280433874745
7388,4818.628041393163
7389,4818.628042511223
7390,4818.628042210341
7391,4818.628047254602
7392,4818.6280430620145
7393,4818.6280407075665
7394,4818.628041395437
7395,4818.628041586859
7396,4818.628042626177
7397,4818.628041151981
7398,4818.628042577185
7399,4816.878905722311
7400,4816.87890572231
7401,4816.878905722312
7402,4816.878905722312
7403,4816.878905722312
7404,4816.878905722312
7405,4816.878905722312
7406,4816.87890572231
7407,4816.878905722312
7408,4816.878903455102
7409,4816.878904296586
7410,4816.87890684338
7411,4816.878906101034
7412,4816.878905860162
7413,4816.878905443087
7414,4816.878904679282
7415,4816.87890548287
7416,4816.878906533612
7417,4816.8789055147445
7418,4816.878906365665
7419,4816.878905039152
7420,4816.8789047247465
7421,4816.878905047313
7422,4816.878906190541
7423,4816.878905356013
7424,4816.878904737676
7425,4816.878903850683
7426,4816.8789064090615
7427,4816.878904629326
7428,4816.878904667334
7429,4816.878906271652
7430,4816.87890563296
7431,4816.8789066046975
7432,4816.878904499066
7433,4816.878905961162
7434,4816.878906041297
7435,4816.878905267842
7436,4816.878907539355
7437,4816.878906434084
7438,4816.878906104704
7439,4816.878905443065
7440,4816.878911142734
7441,4816.87890689712
7442,4816.87890461271
7443,4816.878905269691
7444,4816.878905574964
7445,4816.878906227593
7446,4816.878905468467
7447,4816.878906377786
7448,4813.535562810442
7449,4813.535562810441
7450,4813.535562810441
7451,4813.535562810444
7452,4813.535562810441
7453,4813.535562810442
7454,4813.535562810442
7455,4813.535562810443
7456,4813.535562810439
7457,4813.535560483234
7458,4813.535561230998
7459,4813.535563421863
7460,4813.5355632541505
7461,4813.535562891463
7462,4813.5355626466835
7463,4813.535561845444
7464,4813.53556353211
7465,4813.535564300748
7466,4813.5355627369545
7467,4813.535563469965
7468,4813.535561732471
7469,4813.535561210761
7470,4813.535562521302
7471,4813.535563083006
7472,4813.535562401992
7473,4813.535561430501
7474,4813.535560763415
7475,4813.5355640805665
7476,4813.535562401332
7477,4813.535561964657
7478,4813.535563076938
7479,4813.535562555476
7480,4813.5355637479115
7481,4813.535560363818
7482,4813.535562681501
7483,4813.5355630780205
7484,4813.535562849535
7485,4813.535565231768
7486,4813.535563993324
7487,4813.535562978317
7488,4813.535562271078
7489,4813.535568246023
7490,4813.53556387115
7491,4813.535561999536
7492,4813.535562460648
7493,4813.535562835565
7494,4813.53556316114
7495,4813.535562806017
7496,4813.535563650033
7497,4808.0177860225995
7498,4808.017786022596
7499,4808.017786022597
7500,4808.017786022599
7501,4808.0177860225995
7502,4808.017786022599
7503,4808.0177860225995
7504,4808.017786022598
7505,4808.0177860226
7506,4808.01778646442
7507,4808.017787107461
7508,4808.017786093176
7509,4808.017786678796
7510,4808.017785519355
7511,4808.017788699411
7512,4808.017786639324
7513,4808.017792570548
7514,4808.01778669499
7515,4808.017786742602
7516,4808.01778472545
7517,4808.017784334841
7518,4808.017787763062
7519,4808.017784905503
7520,4808.017785984226
7521,4808.017782474901
7522,4808.017785825442
7523,4808.017782823994
7524,4808.017787305313
7525,4808.017790959901
7526,4808.017786352096
7527,4808.01778630614
7528,4808.01778540796
7529,4808.01778683571
7530,4808.017787573455
7531,4808.017788484141
7532,4808.017787014109
7533,4808.017789884705
7534,4808.017785416462
7535,4808.017792963863
7536,4808.017786364466
7537,4808.017785428781
7538,4808.017792013333
7539,4808.01778644919
7540,4808.017785783765
7541,4808.017786061643
7542,4808.017786261594
7543,4808.0177850901455
7544,4808.017789553815
7545,4808.017786162064
7546,4803.188800864857
7547,4803.1888008648575
7548,4803.188800864857
7549,4803.188800864857
7550,4803.188800864856
7551,4803.188800864854
7552,4803.188800864854
7553,4803.188800864852
7554,4803.188800864852
7555,4803.188802536506
7556,4803.188797095299
7557,4803.188798229649
7558,4803.188801458375
7559,4803.188800775492
7560,4803.188806794474
7561,4803.188800639929
7562,4803.188805030026
7563,4803.188803917657
7564,4803.188800288569
7565,4803.188801030606
7566,4803.188801879132
7567,4803.188794048578
7568,4803.188801531033
7569,4803.188800220975
7570,4803.188797742224
7571,4803.188799238613
7572,4803.188803144996
7573,4803.188801039692
7574,4803.188800484859
7575,4803.188798657203
7576,4803.188799942492
7577,4803.188800310657
7578,4803.188801794845
7579,4803.1887904252635
7580,4803.188796031306
7581,4803.188801077524
7582,4803.188804013225
7583,4803.188801453452
7584,4803.18880113794
7585,4803.1887979312605
7586,4803.188800993506
7587,4803.188808578699
7588,4803.188800329432
7589,4803.1888005267265
7590,4803.188800141627
7591,4803.188802383506
7592,4803.18880044154
7593,4803.1888000225645
7594,4803.188802814251
7595,4797.609052454862
7596,4797.609052454859
7597,4797.60905245486
7598,4797.609052454862
7599,4797.609052454862
7600,4797.609052454862
7601,4797.60905245486
7602,4797.609052454864
7603,4797.60905245486
7604,4797.6090535494395
7605,4797.609050741556
7606,4797.609051712358
7607,4797.60905302241
7608,4797.6090522485065
7609,4797.609054925102
7610,4797.609050794783
7611,4797.609053611423
7612,4797.6090539399665
7613,4797.609051976349
7614,4797.609052608229
7615,4797.609052828887
7616,4797.609051598438
7617,4797.6090531413165
7618,4797.609052191137
7619,4797.609051090644
7620,4797.609051565925
7621,4797.609054322763
7622,4797.609052948467
7623,4797.609051728701
7624,4797.609051992375
7625,4797.609051923146
7626,4797.609052028635
7627,4797.609053338365
7628,4797.60905105607
7629,4797.6090517574685
7630,4797.6090525395175
7631,4797.609053822006
7632,4797.60905283838
7633,4797.609052399194
7634,4797.609050764475
7635,4797.6090531727905
7636,4797.609058731258
7637,4797.609052280222
7638,4797.609051934346
7639,4797.609051838433
7640,4797.609052834975
7641,4797.609051879007
7642,4797.609052235181
7643,4797.609053788923
7644,4795.327832902793
7645,4795.3278329027935
7646,4795.327832902792
7647,4795.327832902792
7648,4795.327832902793
7649,4795.327832902793
7650,4795.327832902795
7651,4795.327832902791
7652,4795.327832902791
7653,4795.327833735701
7654,4795.327833671677
7655,4795.327832974152
7656,4795.327833332811
7657,4795.32783241985
7658,4795.327833096264
7659,4795.327832523992
7660,4795.327832949738
7661,4795.327833182623
7662,4795.327832015263
7663,4795.327833269975
7664,4795.327831666908
7665,4795.327834735599
7666,4795.32783256583
7667,4795.327832791691
7668,4795.327833310399
7669,4795.327833021205
7670,4795.327834121643
7671,4795.327832787469
7672,4795.3278326530235
7673,4795.327833291767
7674,4795.327832617795
7675,4795.327832530475
7676,4795.327833637352
7677,4795.3278348762105
7678,4795.327833196995
7679,4795.327832819755
7680,4795.327832394345
7681,4795.327833602609
7682,4795.327834042027
7683,4795.327833009863
7684,4795.327834460692
7685,4795.32783820353
7686,4795.3278329075065
7687,4795.327832457317
7688,4795.327832675755
7689,4795.327832496529
7690,4795.32783253866
7691,4795.32783344933
7692,4795.327833509621
7693,4794.213531230941
7694,4794.213531230938
7695,4794.213531230938
7696,4794.213531230939
7697,4794.213531230938
7698,4794.21353123094
7699,4794.21353123094
7700,4794.2135312309365
7701,4794.213531230939
7702,4794.2135324802775
7703,4794.213531337055
7704,4794.2135313039325
7705,4794.213531646321
7706,4794.213530849603
7707,4794.2135316891245
7708,4794.213529592193
7709,4794.213529703371
7710,4794.213531305498
7711,4794.213530350677
7712,4794.213531425146
7713,4794.213531060929
7714,4794.213533528521
7715,4794.2135317412085
7716,4794.213531050168
7717,4794.213531661147
7718,4794.213531252424
7719,4794.213533767004
7720,4794.213531468722
7721,4794.213529570373
7722,4794.213531618082
7723,4794.213530836755
7724,4794.213530885957
7725,4794.213531887607
7726,4794.213534602301
7727,4794.213531841074
7728,4794.213531146993
7729,4794.213530692629
7730,4794.213531600646
7731,4794.2135302912475
7732,4794.21353062782
7733,4794.213532716923
7734,4794.21353668824
7735,4794.2135309732885
7736,4794.2135306875225
7737,4794.21353064852
7738,4794.21353070011
7739,4794.213530613728
7740,4794.213531056243
7741,4794.2135320368325
7742,4791.020728518007
7743,4791.020728518007
7744,4791.020728518005
7745,4791.020728518006
7746,4791.020728518009
7747,4791.020728518005
7748,4791.020728518005
7749,4791.020728518008
7750,4791.020728518009
7751,4791.020729627901
7752,4791.02072900494
7753,4791.020728046604
7754,4791.0207287589865
7755,4791.020728033618
7756,4791.020728771105
7757,4791.020728197994
7758,4791.020727032138
7759,4791.020728292528
7760,4791.020727118449
7761,4791.020728836422
7762,4791.020727940845
7763,4791.020729748681
7764,4791.020728988658
7765,4791.020728255561
7766,4791.020729621957
7767,4791.020728448994
7768,4791.020730864606
7769,4791.020728789861
7770,4791.020726669958
7771,4791.020728537258
7772,4791.020728185907
7773,4791.020728149684
7774,4791.020728913641
7775,4791.020730078731
7776,4791.020727959918
7777,4791.0207283675745
7778,4791.020727692299
7779,4791.020729466641
7780,4791.020727640514
7781,4791.020728379595
7782,4791.020729541051
7783,4791.020734138898
7784,4791.020728208087
7785,4791.020728139607
7786,4791.020727901394
7787,4791.020728034827
7788,4791.020728054946
7789,4791.02072805573
7790,4791.020729204589
7791,4786.521843658722
7792,4786.521843658722
7793,4786.521843658723
7794,4786.521843658725
7795,4786.521843658722
7796,4786.521843658723
7797,4786.521843658721
7798,4786.521843658722
7799,4786.521843658726
7800,4786.521842734896
7801,4786.521840784797
7802,4786.521842581204
7803,4786.521843722816
7804,4786.5218435614115
7805,4786.521842756188
7806,4786.521838612883
7807,4786.521841310709
7808,4786.521843949803
7809,4786.521842478555
7810,4786.52184352096
7811,4786.52184754164
7812,4786.521843979617
7813,4786.521845648476
7814,4786.521843193579
7815,4786.521844802602
7816,4786.521841407451
7817,4786.521849178969
7818,4786.521842545465
7819,4786.521840120453
7820,4786.521843607578
7821,4786.52184352165
7822,4786.521843143605
7823,4786.521844251784
7824,4786.521847806555
7825,4786.521844698173
7826,4786.521843334105
7827,4786.521842968232
7828,4786.521844025698
7829,4786.521838622429
7830,4786.521839814356
7831,4786.5218438853735
7832,4786.521850258158
7833,4786.521843369806
7834,4786.521843282909
7835,4786.521841439621
7836,4786.521843603953
7837,4786.521842538677
7838,4786.5218395154325
7839,4786.52184597301
7840,4781.703905723676
7841,4781.703905723681
7842,4781.703905723681
7843,4781.703905723678
7844,4781.703905723677
7845,4781.703905723679
7846,4781.703905723678
7847,4781.703905723678
7848,4781.703905723676
7849,4781.703908032226
7850,4781.703906271155
7851,4781.7039045151305
7852,4781.703905650761
7853,4781.7039051542315
7854,4781.703906336206
7855,4781.703906368173
7856,4781.703905166552
7857,4781.703905516809
7858,4781.7039041911885
7859,4781.703906153907
7860,4781.703907680673
7861,4781.703906686269
7862,4781.703906052872
7863,4781.703905644593
7864,4781.703906103162
7865,4781.7039046957825
7866,4781.703907005178
7867,4781.703904700964
7868,4781.70390402578
7869,4781.703905663191
7870,4781.70390589565
7871,4781.703905351224
7872,4781.70390574812
7873,4781.703907865021
7874,4781.703904932929
7875,4781.7039054512825
7876,4781.703907032396
7877,4781.703902838763
7878,4781.703904155024
7879,4781.7039046803875
7880,4781.703906134017
7881,4781.703911833613
7882,4781.703905783409
7883,4781.703905390973
7884,4781.703904352047
7885,4781.703905960122
7886,4781.703905110975
7887,4781.703904007992
7888,4781.703906731549
7889,4779.168809589912
7890,4779.168809589913
7891,4779.168809589914
7892,4779.168809589917
7893,4779.168809589913
7894,4779.168809589911
7895,4779.168809589915
7896,4779.1688095899135
7897,4779.168809589913
7898,4779.168805028346
7899,4779.168809841497
7900,4779.16880837096
7901,4779.168809326301
7902,4779.1688086109525
7903,4779.16880645967
7904,4779.168809978335
7905,4779.168810982124
7906,4779.16881014425
7907,4779.168808415245
7908,4779.168809808471
7909,4779.1688079436335
7910,4779.16880734058
7911,4779.168809937844
7912,4779.168809406345
7913,4779.168810865829
7914,4779.1688077751405
7915,4779.168807174478
7916,4779.168810494542
7917,4779.168809281851
7918,4779.168809522311
7919,4779.168810147986
7920,4779.16880894434
7921,4779.168809659614
7922,4779.168806770758
7923,4779.168809215938
7924,4779.168809583647
7925,4779.168809219264
7926,4779.16881306796
7927,4779.16881188466
7928,4779.168810136169
7929,4779.168807678241
7930,4779.168815677851
7931,4779.168810294108
7932,4779.168809920483
7933,4779.168808732792
7934,4779.1688098512095
7935,4779.168808965385
7936,4779.168808691617
7937,4779.168810387572
7938,4777.41404342791
7939,4777.414043427911
7940,4777.414043427911
7941,4777.414043427905
7942,4777.414043427906
7943,4777.414043427909
7944,4777.41404342791
7945,4777.414043427911
7946,4777.41404342791
7947,4777.414042611576
7948,4777.414044307666
7949,4777.414042216785
7950,4777.414043237955
7951,4777.414042379732
7952,4777.414042876366
7953,4777.414044924478
7954,4777.414045129577
7955,4777.414044072655
7956,4777.414042544937
7957,4777.41404375284
7958,4777.41404334717
7959,4777.41404257073
7960,4777.4140431526985
7961,4777.414043504578
7962,4777.414043162575
7963,4777.414042291908
7964,4777.414041107359
7965,4777.414043370336
7966,4777.414043291221
7967,4777.414043511726
7968,4777.414043957321
7969,4777.414042950301
7970,4777.414043330812
7971,4777.414042188207
7972,4777.4140428351175
7973,4777.414043372312
7974,4777.414045101321
7975,4777.414042428933
7976,4777.41404528354
7977,4777.414043458216
7978,4777.414042619805
7979,4777.414049590089
7980,4777.414044026009
7981,4777.414043457797
7982,4777.414042507323
7983,4777.414044067901
7984,4777.414042657694
7985,4777.414042913444
7986,4777.414044047721
7987,4775.652824529415
7988,4775.652824529413
7989,4775.652824529411
7990,4775.652824529412
7991,4775.652824529409
7992,4775.652824529414
7993,4775.652824529411
7994,4775.652824529414
7995,4775.652824529417
7996,4775.652825252138
7997,4775.652825789471
7998,4775.652823679488
7999,4775.652824398261
8000,4775.652823336214
8001,4775.65282501624
8002,4775.652825961918
8003,4775.652825942355
8004,4775.652825115298
8005,4775.652824235493
8006,4775.652824712856
8007,4775.6528250363435
8008,4775.652825236948
8009,4775.652823884236
8010,4775.652824776981
8011,4775.6528234663465
8012,4775.652824158727
8013,4775.65282244953
8014,4775.652823987862
8015,4775.652824343688
8016,4775.652825083486
8017,4775.65282506238
8018,4775.652824150231
8019,4775.652824326245
8020,4775.652825460565
8021,4775.6528246872085
8022,4775.65282448239
8023,4775.652826871235
8024,4775.652821468065
8025,4775.652826219833
8026,4775.652824338235
8027,4775.652824434575
8028,4775.652830610361
8029,4775.652825031979
8030,4775.652824418513
8031,4775.652823634126
8032,4775.652825168129
8033,4775.65282343034
8034,4775.652824440995
8035,4775.652824901503
8036,4772.696987365776
8037,4772.696987365773
8038,4772.696987365774
8039,4772.696987365774
8040,4772.696987365779
8041,4772.696987365775
8042,4772.696987365774
8043,4772.6969873657745
8044,4772.696987365772
8045,4772.6969888390195
8046,4772.696988832039
8047,4772.6969872003265
8048,4772.696987237699
8049,4772.696985970909
8050,4772.696988480799
8051,4772.696987993981
8052,4772.696987298148
8053,4772.696987809753
8054,4772.696987997488
8055,4772.696987308095
8056,4772.696988278262
8057,4772.696989466484
8058,4772.696986457391
8059,4772.696987770841
8060,4772.696985892434
8061,4772.696988098562
8062,4772.6969862911355
8063,4772.696986561786
8064,4772.696986252558
8065,4772.696988446683
8066,4772.696987876384
8067,4772.696987092371
8068,4772.69698696464
8069,4772.6969906365175
8070,4772.696988256477
8071,4772.696987301354
8072,4772.696989422972
8073,4772.696983155884
8074,4772.696987942253
8075,4772.696986889247
8076,4772.696988092441
8077,4772.696993367116
8078,4772.696987629382
8079,4772.696987165397
8080,4772.696986450405
8081,4772.696987799755
8082,4772.696985709511
8083,4772.696987382622
8084,4772.69698735001
8085,4768.964463006768
8086,4768.96446300677
8087,4768.96446300677
8088,4768.964463006768
8089,4768.964463006768
8090,4768.964463006769
8091,4768.964463006767
8092,4768.964463006767
8093,4768.964463006766
8094,4768.964464751471
8095,4768.964464882354
8096,4768.964463496324
8097,4768.964462790569
8098,4768.964461506987
8099,4768.964464346107
8100,4768.964464139002
8101,4768.964462313958
8102,4768.964463139372
8103,4768.964464247517
8104,4768.964462852761
8105,4768.964463485327
8106,4768.964465588841
8107,4768.964461728977
8108,4768.964463464789
8109,4768.964461815403
8110,4768.964464684642
8111,4768.96446253488
8112,4768.96446229504
8113,4768.964462070949
8114,4768.964464274218
8115,4768.964463561139
8116,4768.96446275533
8117,4768.964462446611
8118,4768.964466912336
8119,4768.964463731335
8120,4768.964462917007
8121,4768.964464175859
8122,4768.964458980321
8123,4768.964463068649
8124,4768.964462782004
8125,4768.9644641279
8126,4768.964468963054
8127,4768.964463076867
8128,4768.964462893208
8129,4768.9644621896505
8130,4768.964463161216
8131,4768.964461076759
8132,4768.964463148402
8133,4768.964462289616
8134,4761.629542020226
8135,4761.629542020225
8136,4761.629542020226
8137,4761.629542020225
8138,4761.62954202023
8139,4761.629542020227
8140,4761.629542020229
8141,4761.629542020228
8142,4761.629542020227
8143,4761.629545123287
8144,4761.629543514295
8145,4761.6295424794025
8146,4761.629541617177
8147,4761.629540291433
8148,4761.629544428006
8149,4761.629543344436
8150,4761.62954120452
8151,4761.629542337602
8152,4761.629542596476
8153,4761.629542029828
8154,4761.629542516766
8155,4761.629542175276
8156,4761.629540001836
8157,4761.629542672811
8158,4761.629541092511
8159,4761.629544477798
8160,4761.629543517687
8161,4761.629539982243
8162,4761.629540713977
8163,4761.629541973753
8164,4761.629542767505
8165,4761.629541832199
8166,4761.629541462532
8167,4761.629542425287
8168,4761.629540747268
8169,4761.6295416423845
8170,4761.629542837255
8171,4761.6295376309845
8172,4761.629540451843
8173,4761.629540981811
8174,4761.629544064161
8175,4761.629549021925
8176,4761.629542220577
8177,4761.629541961662
8178,4761.629541309805
8179,4761.629542311262
8180,4761.629540428382
8181,4761.629541882917
8182,4761.62954071967
8183,4780.897869835591
8184,4780.897869835593
8185,4780.8978698355895
8186,4780.897869835591
8187,4780.897869835592
8188,4780.897869835593
8189,4780.897869835594
8190,4780.897869835591
8191,4780.897869835587
8192,4780.897877182536
8193,4780.897884417361
8194,4780.897875710548
8195,4780.897868685972
8196,4780.897868247574
8197,4780.897861675882
8198,4780.897884582427
8199,4780.89787220766
8200,4780.8978623622315
8201,4780.897872577918
8202,4780.897868690347
8203,4780.897859633833
8204,4780.897891155123
8205,4780.8978663434755
8206,4780.897870729256
8207,4780.897875714826
8208,4780.897877144388
8209,4780.897861457894
8210,4780.897868564712
8211,4780.897884410819
8212,4780.897876573921
8213,4780.897873141842
8214,4780.89786915018
8215,4780.897869904297
8216,4780.8978969767795
8217,4780.897879669432
8218,4780.897870272098
8219,4780.897864464727
8220,4780.8978655415185
8221,4780.897877573469
8222,4780.897881875589
8223,4780.897873770351
8224,4780.897872204153
8225,4780.89787235434
8226,4780.897871466199
8227,4780.897871983311
8228,4780.897864122711
8229,4780.89786849687
8230,4780.897878907223
8231,4780.897859124649
8232,4758.257631882827
8233,4758.257631882824
8234,4758.257631882825
8235,4758.2576318828305
8236,4758.257631882824
8237,4758.257631882831
8238,4758.257631882825
8239,4758.2576318828305
8240,4758.257631882829
8241,4758.2576351477355
8242,4758.257636229933
8243,4758.257633776565
8244,4758.257631302729
8245,4758.257630101054
8246,4758.257631425836
8247,4758.257635683785
8248,4758.257632130045
8249,4758.257630358198
8250,4758.257633185163
8251,4758.25763147287
8252,4758.257629598955
8253,4758.257637319405
8254,4758.257629325506
8255,4758.257632653775
8256,4758.257632557068
8257,4758.2576353667255
8258,4758.25763092483
8259,4758.257630074097
8260,4758.257634443803
8261,4758.257633614488
8262,4758.257633321306
8263,4758.257631595778
8264,4758.257631487134
8265,4758.257639302649
8266,4758.257634135135
8267,4758.257631687304
8268,4758.257631176827
8269,4758.257628097315
8270,4758.257632927182
8271,4758.257633766328
8272,4758.257634093824
8273,4758.257637811364
8274,4758.257632654702
8275,4758.257632232937
8276,4758.257631894319
8277,4758.257630760734
8278,4758.25763022355
8279,4758.257634031058
8280,4758.257628614535
8281,4751.377765925831
8282,4751.377765925834
8283,4751.377765925834
8284,4751.377765925834
8285,4751.3777659258285
8286,4751.377765925834
8287,4751.377765925834
8288,4751.377765925829
8289,4751.37776592583
8290,4751.377767159353
8291,4751.377767594104
8292,4751.377767389804
8293,4751.377765312412
8294,4751.377764140186
8295,4751.37776494746
8296,4751.377767865397
8297,4751.377766830758
8298,4751.377765210324
8299,4751.377765819305
8300,4751.377765774877
8301,4751.377762768896
8302,4751.37776678012
8303,4751.377764197014
8304,4751.377766551403
8305,4751.377766948729
8306,4751.377768438805
8307,4751.3777652451045
8308,4751.377764961981
8309,4751.377767628406
8310,4751.377765800944
8311,4751.3777672644865
8312,4751.377765501909
8313,4751.377765883597
8314,4751.377766494242
8315,4751.377766159297
8316,4751.377765550665
8317,4751.377764881329
8318,4751.377765599242
8319,4751.377766097079
8320,4751.3777670655045
8321,4751.377767012424
8322,4751.377773074444
8323,4751.377766946724
8324,4751.377766497113
8325,4751.37776614408
8326,4751.377765095216
8327,4751.377765115149
8328,4751.37776748518
8329,4751.3777630154955
8330,4746.303389312365
8331,4746.303389312363
8332,4746.303389312362
8333,4746.303389312364
8334,4746.303389312364
8335,4746.303389312365
8336,4746.303389312367
8337,4746.303389312367
8338,4746.303389312367
8339,4746.303388935113
8340,4746.303388118554
8341,4746.303389955901
8342,4746.303388613118
8343,4746.303388016534
8344,4746.303387183753
8345,4746.303387427622
8346,4746.303390955404
8347,4746.303389340453
8348,4746.303388004056
8349,4746.303388865188
8350,4746.30338780776
8351,4746.303387992905
8352,4746.303388385454
8353,4746.3033900475175
8354,4746.303390709094
8355,4746.303389489195
8356,4746.303389854543
8357,4746.303387590188
8358,4746.303390345352
8359,4746.303388271567
8360,4746.303390737713
8361,4746.303388923055
8362,4746.3033896469815
8363,4746.3033885646855
8364,4746.303389943302
8365,4746.303388484278
8366,4746.303388696128
8367,4746.303390231174
8368,4746.3033870660765
8369,4746.303388231229
8370,4746.303389718434
8371,4746.303397310796
8372,4746.303390845155
8373,4746.303389872011
8374,4746.303388972977
8375,4746.303388707845
8376,4746.303388907148
8377,4746.30338898474
8378,4746.303388252399
8379,4741.984929250677
8380,4741.984929250677
8381,4741.984929250677
8382,4741.984929250673
8383,4741.98492925068
8384,4741.984929250676
8385,4741.984929250674
8386,4741.984929250678
8387,4741.984929250674
8388,4741.984928080395
8389,4741.9849272010715
8390,4741.984929590745
8391,4741.984928590316
8392,4741.984928180217
8393,4741.984926951538
8394,4741.984928058147
8395,4741.98493244595
8396,4741.984929664917
8397,4741.984927336492
8398,4741.984928633094
8399,4741.984926798432
8400,4741.984927313243
8401,4741.984928943404
8402,4741.9849296972425
8403,4741.984930607965
8404,4741.9849287263005
8405,4741.984928369949
8406,4741.984928870143
8407,4741.9849310813015
8408,4741.984928114407
8409,4741.984930242428
8410,4741.984928724268
8411,4741.984929686073
8412,4741.984926228379
8413,4741.98492951869
8414,4741.984928462109
8415,4741.984928898721
8416,4741.984932190633
8417,4741.984928633254
8418,4741.984928959392
8419,4741.984928398883
8420,4741.984937280961
8421,4741.984930644935
8422,4741.984930089528
8423,4741.984929064197
8424,4741.984928553407
8425,4741.9849291883
8426,4741.984929205231
8427,4741.984928562392
8428,4734.450463736486
8429,4734.450463736485
8430,4734.450463736487
8431,4734.450463736484
8432,4734.450463736484
8433,4734.450463736489
8434,4734.450463736484
8435,4734.450463736487
8436,4734.450463736487
8437,4734.450464394121
8438,4734.450460697545
8439,4734.450464821399
8440,4734.45046293872
8441,4734.4504639698225
8442,4734.450461732292
8443,4734.450459033927
8444,4734.450461133793
8445,4734.450463991805
8446,4734.450462195467
8447,4734.450462417676
8448,4734.450463428739
8449,4734.450463799871
8450,4734.450465821036
8451,4734.450464443349
8452,4734.450465623238
8453,4734.450462269348
8454,4734.450464857942
8455,4734.45046497295
8456,4734.450460984373
8457,4734.4504628716095
8458,4734.4504637169985
8459,4734.450463504578
8460,4734.450463850459
8461,4734.4504651860125
8462,4734.4504637972805
8463,4734.4504624858855
8464,4734.45046299427
8465,4734.450465500274
8466,4734.45045619443
8467,4734.450463644856
8468,4734.450463496151
8469,4734.45047098023
8470,4734.450464277025
8471,4734.450464334422
8472,4734.450462798531
8473,4734.4504618061455
8474,4734.4504632003145
8475,4734.450461895395
8476,4734.450464782157
8477,4731.258324307719
8478,4731.25832430772
8479,4731.25832430772
8480,4731.258324307719
8481,4731.25832430772
8482,4731.25832430772
8483,4731.258324307719
8484,4731.258324307719
8485,4731.258324307718
8486,4731.258327126188
8487,4731.25832348644
8488,4731.258323376599
8489,4731.258323394654
8490,4731.258323860844
8491,4731.258326940889
8492,4731.258326504096
8493,4731.258329642117
8494,4731.258326759186
8495,4731.258322146727
8496,4731.258322095034
8497,4731.258323469043
8498,4731.258319715955
8499,4731.25832293853
8500,4731.258325295742
8501,4731.258321624637
8502,4731.258322260485
8503,4731.258321386024
8504,4731.258325605099
8505,4731.258327027856
8506,4731.2583224694845
8507,4731.258324222562
8508,4731.258324192901
8509,4731.258324679703
8510,4731.2583149342645
8511,4731.258321679173
8512,4731.258323158751
8513,4731.258328134854
8514,4731.258323930688
8515,4731.258325368884
8516,4731.25832568775
8517,4731.25832411854
8518,4731.258332085914
8519,4731.258325018508
8520,4731.258325222595
8521,4731.258324596595
8522,4731.258324386789
8523,4731.258323718312
8524,4731.258326620795
8525,4731.2583258387085
8526,4728.700006938947
8527,4728.700006938942
8528,4728.700006938947
8529,4728.700006938941
8530,4728.700006938942
8531,4728.700006938946
8532,4728.700006938945
8533,4728.700006938947
8534,4728.700006938947
8535,4728.699997169187
8536,4728.700000655262
8537,4728.700006662755
8538,4728.700006333334
8539,4728.700007197768
8540,4728.700004001884
8541,4728.700002020309
8542,4728.700009291806
8543,4728.700010182573
8544,4728.700007711171
8545,4728.70000437678
8546,4728.700005197209
8547,4728.700002665974
8548,4728.700008955961
8549,4728.700007484055
8550,4728.700005580449
8551,4728.700003680869
8552,4728.700003819144
8553,4728.700012215176
8554,4728.700005099061
8555,4728.700008271402
8556,4728.700005812909
8557,4728.700006656443
8558,4728.700006780845
8559,4728.700002167004
8560,4728.70000829887
8561,4728.7000059284765
8562,4728.700005810515
8563,4728.700017071708
8564,4728.700007117535
8565,4728.700007493068
8566,4728.700002564024
8567,4728.700012765068
8568,4728.700006383823
8569,4728.700008022024
8570,4728.700005794876
8571,4728.700006338158
8572,4728.700004884912
8573,4728.700004319867
8574,4728.7000100066425
8575,4723.106309158041
8576,4723.106309158045
8577,4723.106309158045
8578,4723.106309158041
8579,4723.106309158043
8580,4723.106309158039
8581,4723.106309158041
8582,4723.106309158043
8583,4723.106309158043
8584,4723.106314045744
8585,4723.106307894145
8586,4723.106309973275
8587,4723.106308432296
8588,4723.106309549046
8589,4723.106312417479
8590,4723.106311881649
8591,4723.106309277753
8592,4723.10630927127
8593,4723.106309623486
8594,4723.106307496427
8595,4723.106309940642
8596,4723.106313167713
8597,4723.106310116508
8598,4723.106309935587
8599,4723.10630776875
8600,4723.106309065243
8601,4723.106308432124
8602,4723.106310877276
8603,4723.1063097522665
8604,4723.106309769311
8605,4723.106308439896
8606,4723.106308968517
8607,4723.1063087536495
8608,4723.106313245879
8609,4723.1063094484025
8610,4723.10630818395
8611,4723.106311022103
8612,4723.106306294972
8613,4723.106307142792
8614,4723.106310804963
8615,4723.106309080156
8616,4723.106315688324
8617,4723.106308436684
8618,4723.1063097651495
8619,4723.106308267934
8620,4723.106307846944
8621,4723.106307739717
8622,4723.106309674347
8623,4723.106309393426
8624,4720.564644896412
8625,4720.564644896413
8626,4720.564644896409
8627,4720.564644896408
8628,4720.564644896409
8629,4720.564644896412
8630,4720.564644896412
8631,4720.564644896412
8632,4720.564644896413
8633,4720.5646472845565
8634,4720.56464377525
8635,4720.564645381168
8636,4720.564644098822
8637,4720.564645314552
8638,4720.564646762223
8639,4720.564646122102
8640,4720.564644805059
8641,4720.564645650659
8642,4720.564645114773
8643,4720.564643274525
8644,4720.564645354054
8645,4720.564645999763
8646,4720.5646454592725
8647,4720.564645850343
8648,4720.564643524925
8649,4720.56464407781
8650,4720.564644156455
8651,4720.564646362989
8652,4720.564644631874
8653,4720.564645216606
8654,4720.5646443260075
8655,4720.564644727977
8656,4720.564644645406
8657,4720.5646461295155
8658,4720.564644537768
8659,4720.56464375551
8660,4720.564646157091
8661,4720.564643685778
8662,4720.564642625045
8663,4720.564646212609
8664,4720.564645022206
8665,4720.564651206162
8666,4720.564644484136
8667,4720.564645519144
8668,4720.564644091547
8669,4720.564643991656
8670,4720.564643524118
8671,4720.564644818385
8672,4720.564645620894
8673,4717.020225914333
8674,4717.020225914333
8675,4717.020225914334
8676,4717.020225914331
8677,4717.020225914331
8678,4717.0202259143325
8679,4717.020225914332
8680,4717.0202259143325
8681,4717.0202259143325
8682,4717.020226750318
8683,4717.020225242215
8684,4717.020226184782
8685,4717.020225110568
8686,4717.020226340566
8687,4717.020226932299
8688,4717.020226967099
8689,4717.020225934955
8690,4717.020226871712
8691,4717.0202260258675
8692,4717.020224485137
8693,4717.020225839845
8694,4717.020225590672
8695,4717.020225940703
8696,4717.020226960609
8697,4717.020224203788
8698,4717.02022480711
8699,4717.020224899933
8700,4717.020227017315
8701,4717.020225414091
8702,4717.020226291486
8703,4717.02022540079
8704,4717.0202256600505
8705,4717.020225802106
8706,4717.020225583678
8707,4717.020225388324
8708,4717.020224632332
8709,4717.020226910344
8710,4717.0202256962475
8711,4717.02022470667
8712,4717.020227423025
8713,4717.020226419596
8714,4717.02023187915
8715,4717.020225667848
8716,4717.020226642708
8717,4717.020225414875
8718,4717.020225429064
8719,4717.0202247676925
8720,4717.020226072707
8721,4717.02022646488
8722,4709.273702604108
8723,4709.273702604105
8724,4709.273702604105
8725,4709.273702604108
8726,4709.273702604106
8727,4709.273702604106
8728,4709.273702604106
8729,4709.273702604108
8730,4709.273702604107
8731,4709.273701268589
8732,4709.273704358231
8733,4709.273703229639
8734,4709.273701816802
8735,4709.273703301773
8736,4709.273700254043
8737,4709.273704559224
8738,4709.27370129664
8739,4709.273702385844
8740,4709.273701880239
8741,4709.273702433581
8742,4709.27370028792
8743,4709.273701420777
8744,4709.273702288355
8745,4709.273703328316
8746,4709.273701987126
8747,4709.273701838951
8748,4709.273701031502
8749,4709.27370303732
8750,4709.273701468418
8751,4709.273703090456
8752,4709.273702179744
8753,4709.273701783149
8754,4709.273702815961
8755,4709.273701210922
8756,4709.273701278066
8757,4709.273701205601
8758,4709.27370168296
8759,4709.273704465847
8760,4709.273703239322
8761,4709.273705546084
8762,4709.27370436745
8763,4709.273707515868
8764,4709.273702667202
8765,4709.273703773288
8766,4709.273702879762
8767,4709.273702241322
8768,4709.273702816051
8769,4709.273703035762
8770,4709.2737012044645
8771,4710.204221070955
8772,4710.204221070957
8773,4710.204221070953
8774,4710.204221070959
8775,4710.204221070957
8776,4710.204221070955
8777,4710.204221070955
8778,4710.204221070954
8779,4710.204221070955
8780,4710.20422119754
8781,4710.2042136737155
8782,4710.204218679378
8783,4710.204220872021
8784,4710.20422139278
8785,4710.204228512208
8786,4710.2042149079
8787,4710.204222755393
8788,4710.204223398042
8789,4710.204221296797
8790,4710.204220692984
8791,4710.204228835435
8792,4710.204215783098
8793,4710.204219053582
8794,4710.204222054765
8795,4710.204214889679
8796,4710.204219578045
8797,4710.204228352422
8798,4710.204215903303
8799,4710.204216226673
8800,4710.204219048904
8801,4710.204219870534
8802,4710.204220491733
8803,4710.204220431204
8804,4710.20421704598
8805,4710.204220196262
8806,4710.204218433213
8807,4710.204225672596
8808,4710.204218457897
8809,4710.204220269402
8810,4710.204214222483
8811,4710.204223303628
8812,4710.204230021916
8813,4710.204219764009
8814,4710.204221432593
8815,4710.204219050867
8816,4710.2042242979105
8817,4710.204220758075
8818,4710.204218944789
8819,4710.204224228831
8820,4705.844203888012
8821,4705.844203888018
8822,4705.844203888019
8823,4705.844203888015
8824,4705.844203888016
8825,4705.844203888015
8826,4705.844203888018
8827,4705.844203888015
8828,4705.844203888011
8829,4705.844203035342
8830,4705.844201228427
8831,4705.844203056306
8832,4705.84420338343
8833,4705.844204403035
8834,4705.844206129746
8835,4705.844202045933
8836,4705.844204155486
8837,4705.8442049361165
8838,4705.844203612529
8839,4705.844203603664
8840,4705.844206237564
8841,4705.844200527235
8842,4705.844202748851
8843,4705.844204733872
8844,4705.844200540499
8845,4705.844202752931
8846,4705.844206456889
8847,4705.844201734828
8848,4705.844201043298
8849,4705.844203164406
8850,4705.844203100103
8851,4705.8442031816485
8852,4705.8442037200175
8853,4705.844200955408
8854,4705.844202740708
8855,4705.844201917092
8856,4705.844205657775
8857,4705.844203770871
8858,4705.844204001091
8859,4705.844202079842
8860,4705.84420577485
8861,4705.8442107162655
8862,4705.8442033010915
8863,4705.844204696124
8864,4705.844203115537
8865,4705.84420527328
8866,4705.844203848944
8867,4705.844202995386
8868,4705.844204603082
8869,4701.57696207583
8870,4701.576962075833
8871,4701.576962075835
8872,4701.576962075833
8873,4701.576962075834
8874,4701.576962075829
8875,4701.576962075832
8876,4701.576962075831
8877,4701.57696207583
8878,4701.576960875765
8879,4701.576961023417
8880,4701.576961912929
8881,4701.576961601705
8882,4701.5769627703085
8883,4701.57696148434
8884,4701.576961730555
8885,4701.576962216602
8886,4701.576961346883
8887,4701.576961651234
8888,4701.576962474667
8889,4701.576962745851
8890,4701.576962076812
8891,4701.576961402705
8892,4701.576962475074
8893,4701.576960300501
8894,4701.57696177931
8895,4701.576963727044
8896,4701.576959858161
8897,4701.576960262122
8898,4701.576962300786
8899,4701.576961329507
8900,4701.576960921871
8901,4701.576962053364
8902,4701.576963226705
8903,4701.576962049597
8904,4701.576960210988
8905,4701.576962172789
8906,4701.576963009856
8907,4701.576963853814
8908,4701.57696182921
8909,4701.576964273257
8910,4701.576968054673
8911,4701.576961601042
8912,4701.576963308964
8913,4701.5769616633015
8914,4701.57696255051
8915,4701.576962917122
8916,4701.57696174781
8917,4701.576960861229
8918,4697.778258517471
8919,4697.778258517472
8920,4697.778258517472
8921,4697.77825851747
8922,4697.778258517469
8923,4697.77825851747
8924,4697.778258517475
8925,4697.778258517469
8926,4697.778258517472
8927,4697.778258752632
8928,4697.778258398108
8929,4697.778258713344
8930,4697.778258014861
8931,4697.778259240569
8932,4697.778257433426
8933,4697.778258526561
8934,4697.778257415998
8935,4697.778256935835
8936,4697.7782575758
8937,4697.778259447332
8938,4697.7782588957925
8939,4697.778258871234
8940,4697.778258318218
8941,4697.77825870848
8942,4697.778257814171
8943,4697.778258913309
8944,4697.778260506528
8945,4697.778256312782
8946,4697.778256172778
8947,4697.778258016129
8948,4697.778257665138
8949,4697.778257223392
8950,4697.778258539097
8951,4697.778259335079
8952,4697.778257194179
8953,4697.778256698042
8954,4697.77825803025
8955,4697.778258986057
8956,4697.778259295137
8957,4697.778258632645
8958,4697.778261008374
8959,4697.77826461249
8960,4697.778257941868
8961,4697.778259756574
8962,4697.778258208111
8963,4697.778258410509
8964,4697.77825997911
8965,4697.778258108153
8966,4697.77825666498
8967,4690.028960598073
8968,4690.0289605980715
8969,4690.0289605980715
8970,4690.028960598074
8971,4690.028960598075
8972,4690.028960598074
8973,4690.028960598074
8974,4690.028960598074
8975,4690.028960598074
8976,4690.028966778158
8977,4690.028966467623
8978,4690.028961327933
8979,4690.028959913949
8980,4690.0289609205765
8981,4690.028957783635
8982,4690.028966904002
8983,4690.028962597701
8984,4690.02895617846
8985,4690.028961254498
8986,4690.028961789947
8987,4690.028961275563
8988,4690.028974154581
8989,4690.028961325486
8990,4690.028961049388
8991,4690.028961670282
8992,4690.028963047017
8993,4690.028959313559
8994,4690.028959069843
8995,4690.028964936103
8996,4690.028963524285
8997,4690.028959562486
8998,4690.028959220832
8999,4690.028960412112
9000,4690.028975924106
9001,4690.028962751883
9002,4690.028959021268
9003,4690.02895911788
9004,4690.028956918322
9005,4690.028964576104
9006,4690.028965171725
9007,4690.028963133903
9008,4690.028964278559
9009,4690.028959766683
9010,4690.028961616807
9011,4690.028960773036
9012,4690.028956904506
9013,4690.0289624651205
9014,4690.028965047768
9015,4690.028956496172
9016,4680.027120353741
9017,4680.02712035374
9018,4680.02712035374
9019,4680.027120353742
9020,4680.02712035374
9021,4680.027120353742
9022,4680.027120353741
9023,4680.027120353739
9024,4680.027120353742
9025,4680.027122769157
9026,4680.027123299148
9027,4680.027120546735
9028,4680.02711965262
9029,4680.027120288248
9030,4680.027117937951
9031,4680.027122116302
9032,4680.0271217778845
9033,4680.027118338456
9034,4680.027120182552
9035,4680.027121747723
9036,4680.027121124001
9037,4680.027124575495
9038,4680.027121206072
9039,4680.027120674869
9040,4680.0271213742235
9041,4680.027122169633
9042,4680.027119806083
9043,4680.027120271307
9044,4680.027121022243
9045,4680.02712044335
9046,4680.027119065673
9047,4680.0271191588945
9048,4680.027120242688
9049,4680.0271230281505
9050,4680.02711859697
9051,4680.027118916438
9052,4680.0271186802765
9053,4680.027119974152
9054,4680.027121836529
9055,4680.027122316889
9056,4680.027121027032
9057,4680.027125344892
9058,4680.027119262299
9059,4680.0271210168485
9060,4680.027120105821
9061,4680.027117880172
9062,4680.027122108322
9063,4680.027121339587
9064,4680.0271187555245
9065,4674.881727847388
9066,4674.881727847385
9067,4674.881727847391
9068,4674.881727847389
9069,4674.881727847389
9070,4674.881727847388
9071,4674.881727847389
9072,4674.881727847386
9073,4674.881727847387
9074,4674.881729206268
9075,4674.881729631558
9076,4674.881727471429
9077,4674.881727082106
9078,4674.881727297446
9079,4674.881726712783
9080,4674.881726550201
9081,4674.881729258805
9082,4674.881727854712
9083,4674.881727653234
9084,4674.881729063158
9085,4674.881729851099
9086,4674.881727359228
9087,4674.881728647174
9088,4674.881728536047
9089,4674.881728324049
9090,4674.881729208908
9091,4674.881727619889
9092,4674.881728450064
9093,4674.881726750613
9094,4674.881726580283
9095,4674.881726484392
9096,4674.881727035587
9097,4674.881727690347
9098,4674.881723974469
9099,4674.881724324991
9100,4674.881726487111
9101,4674.881726680982
9102,4674.881727748127
9103,4674.88172717593
9104,4674.881728114309
9105,4674.881727484781
9106,4674.881733433646
9107,4674.881726611682
9108,4674.881727880201
9109,4674.881727313903
9110,4674.881725927918
9111,4674.881729048267
9112,4674.881727539751
9113,4674.881728766494
9114,4671.132204057777
9115,4671.13220405778
9116,4671.132204057778
9117,4671.132204057778
9118,4671.132204057778
9119,4671.13220405778
9120,4671.132204057776
9121,4671.132204057775
9122,4671.132204057776
9123,4671.132203192519
9124,4671.132203584366
9125,4671.132203195235
9126,4671.13220325
9127,4671.13220321845
9128,4671.1322028333825
9129,4671.132199772519
9130,4671.13220611345
9131,4671.132205317299
9132,4671.13220459219
9133,4671.132204710736
9134,4671.132206901169
9135,4671.132203099096
9136,4671.132204788769
9137,4671.132205184841
9138,4671.1322041264
9139,4671.132204789724
9140,4671.132203921378
9141,4671.132204887035
9142,4671.132202514813
9143,4671.132203341655
9144,4671.132202882779
9145,4671.132203577172
9146,4671.132203860133
9147,4671.132200916777
9148,4671.132202132679
9149,4671.132202731482
9150,4671.13220281969
9151,4671.132205028498
9152,4671.132202272658
9153,4671.132202913804
9154,4671.132202565464
9155,4671.132209775503
9156,4671.13220289239
9157,4671.132203670356
9158,4671.132203170916
9159,4671.132202335177
9160,4671.1322044512
9161,4671.132202879408
9162,4671.132206668695
9163,4667.118917556388
9164,4667.118917556386
9165,4667.118917556387
9166,4667.118917556389
9167,4667.118917556386
9168,4667.118917556384
9169,4667.118917556385
9170,4667.118917556385
9171,4667.118917556386
9172,4667.118923341351
9173,4667.118919488218
9174,4667.118915611874
9175,4667.118916585831
9176,4667.118915541378
9177,4667.118922817801
9178,4667.118921523413
9179,4667.118922120215
9180,4667.118919094465
9181,4667.1189179467065
9182,4667.118918490259
9183,4667.1189207595335
9184,4667.118915787977
9185,4667.118914925566
9186,4667.1189196749065
9187,4667.118915433854
9188,4667.118918905193
9189,4667.118916856942
9190,4667.118917663796
9191,4667.118920195355
9192,4667.118914677283
9193,4667.118917214915
9194,4667.118917633262
9195,4667.118917260611
9196,4667.118908799393
9197,4667.11891384815
9198,4667.118917007877
9199,4667.118919794419
9200,4667.118912368414
9201,4667.118919085534
9202,4667.118916990532
9203,4667.11891607364
9204,4667.118925160181
9205,4667.11891671807
9206,4667.118916342847
9207,4667.11891784939
9208,4667.118917519597
9209,4667.118917818561
9210,4667.118920327821
9211,4667.1189192108195
9212,4659.830541078708
9213,4659.830541078708
9214,4659.83054107871
9215,4659.830541078708
9216,4659.830541078711
9217,4659.830541078708
9218,4659.830541078708
9219,4659.830541078709
9220,4659.830541078709
9221,4659.830539742128
9222,4659.830540140771
9223,4659.830539625155
9224,4659.830539993987
9225,4659.83053975881
9226,4659.83054072684
9227,4659.830539470476
9228,4659.8305430671335
9229,4659.830542399565
9230,4659.830542511278
9231,4659.830541657787
9232,4659.830542581345
9233,4659.83054091096
9234,4659.8305402013175
9235,4659.830543316418
9236,4659.830540501585
9237,4659.830541055859
9238,4659.830540778041
9239,4659.830541804274
9240,4659.830540974127
9241,4659.830540787023
9242,4659.830540956565
9243,4659.830541195151
9244,4659.830541038743
9245,4659.830540388094
9246,4659.830541314235
9247,4659.830540561658
9248,4659.830540264601
9249,4659.830541200258
9250,4659.830540043796
9251,4659.830539459036
9252,4659.830538775311
9253,4659.8305471756075
9254,4659.830540472836
9255,4659.83053984292
9256,4659.830541127938
9257,4659.830540518441
9258,4659.83054082722
9259,4659.830541278407
9260,4659.830543000014
9261,4656.030552309832
9262,4656.030552309835
9263,4656.030552309833
9264,4656.030552309833
9265,4656.030552309832
9266,4656.030552309832
9267,4656.030552309833
9268,4656.030552309831
9269,4656.030552309832
9270,4656.0305498236785
9271,4656.030551691456
9272,4656.0305513437315
9273,4656.030551160967
9274,4656.030551483649
9275,4656.030550151485
9276,4656.030551152674
9277,4656.030552335293
9278,4656.03055236575
9279,4656.030553638181
9280,4656.030553376509
9281,4656.030552409666
9282,4656.030552749942
9283,4656.030552065256
9284,4656.030554395299
9285,4656.030552625728
9286,4656.030552051449
9287,4656.030552658148
9288,4656.030553096625
9289,4656.030551266486
9290,4656.030552208251
9291,4656.030552301971
9292,4656.030552290546
9293,4656.030552380197
9294,4656.030554252314
9295,4656.030552733965
9296,4656.030551961184
9297,4656.030550476854
9298,4656.030553549159
9299,4656.030550889822
9300,4656.030550843069
9301,4656.030550291345
9302,4656.030558013122
9303,4656.030551793365
9304,4656.03055117551
9305,4656.030552646546
9306,4656.030551716546
9307,4656.030552530885
9308,4656.030552090813
9309,4656.030552880847
9310,4651.9741613894985
9311,4651.974161389501
9312,4651.974161389501
9313,4651.974161389498
9314,4651.974161389499
9315,4651.974161389501
9316,4651.974161389502
9317,4651.974161389499
9318,4651.974161389499
9319,4651.974161056575
9320,4651.974160377866
9321,4651.974160587745
9322,4651.9741603166385
9323,4651.9741609518915
9324,4651.974160574278
9325,4651.974162978003
9326,4651.974162131848
9327,4651.974160394246
9328,4651.974162529956
9329,4651.974162501784
9330,4651.974161559869
9331,4651.974164321197
9332,4651.974160694843
9333,4651.97416319756
9334,4651.974161684561
9335,4651.974161193012
9336,4651.9741626543255
9337,4651.974161145904
9338,4651.97416200471
9339,4651.974161413666
9340,4651.974161778751
9341,4651.974161160065
9342,4651.9741614186105
9343,4651.974167141369
9344,4651.974162882469
9345,4651.974161257772
9346,4651.974160489323
9347,4651.974161175279
9348,4651.97416108443
9349,4651.97415969341
9350,4651.974159835813
9351,4651.974167641189
9352,4651.974161214153
9353,4651.974160643465
9354,4651.974161661177
9355,4651.974161313745
9356,4651.974161959709
9357,4651.97416182802
9358,4651.974160391084
9359,4647.944483375245
9360,4647.944483375249
9361,4647.944483375246
9362,4647.944483375244
9363,4647.944483375245
9364,4647.944483375245
9365,4647.944483375246
9366,4647.944483375244
9367,4647.944483375244
9368,4647.944480995143
9369,4647.944487465702
9370,4647.944483598984
9371,4647.944482201593
9372,4647.944483478842
9373,4647.944478931567
9374,4647.944487615485
9375,4647.944482689757
9376,4647.944482156582
9377,4647.9444829676695
9378,4647.944485202954
9379,4647.944479009331
9380,4647.944482545998
9381,4647.94448382915
9382,4647.944484428991
9383,4647.944485110804
9384,4647.944483175601
9385,4647.944482115656
9386,4647.944485559046
9387,4647.944483088482
9388,4647.944483315271
9389,4647.944483774941
9390,4647.944482623989
9391,4647.944483747274
9392,4647.944482884492
9393,4647.944482737705
9394,4647.944483853396
9395,4647.944481173769
9396,4647.944486003429
9397,4647.9444850009595
9398,4647.9444851837925
9399,4647.944482946878
9400,4647.94448736692
9401,4647.944483947481
9402,4647.9444836865705
9403,4647.9444851257485
9404,4647.944483749161
9405,4647.944485304336
9406,4647.9444846008555
9407,4647.944479786127
9408,4644.531809802884
9409,4644.531809802885
9410,4644.531809802884
9411,4644.531809802883
9412,4644.531809802886
9413,4644.531809802884
9414,4644.531809802886
9415,4644.531809802883
9416,4644.531809802884
9417,4644.531812184648
9418,4644.531811183788
9419,4644.531809510878
9420,4644.531808951904
9421,4644.531810253279
9422,4644.5318105578735
9423,4644.5318112318355
9424,4644.531809246422
9425,4644.531809447131
9426,4644.5318097247755
9427,4644.531810988082
9428,4644.531810452527
9429,4644.531810927997
9430,4644.531810179808
9431,4644.531810718432
9432,4644.531810334626
9433,4644.531809084494
9434,4644.531812047
9435,4644.53180925351
9436,4644.531808720245
9437,4644.531809391319
9438,4644.531810067329
9439,4644.531809158134
9440,4644.531809711485
9441,4644.531813165152
9442,4644.53181002213
9443,4644.531810171776
9444,4644.531810470099
9445,4644.531807455525
9446,4644.531808302719
9447,4644.531808393308
9448,4644.531810320843
9449,4644.531815144139
9450,4644.5318100506865
9451,4644.531809866107
9452,4644.531810187253
9453,4644.531811015628
9454,4644.531811125203
9455,4644.531810809833
9456,4644.531808816322
9457,4642.1849986273655
9458,4642.184998627367
9459,4642.184998627374
9460,4642.1849986273655
9461,4642.1849986273655
9462,4642.184998627367
9463,4642.1849986273655
9464,4642.1849986273655
9465,4642.184998627367
9466,4642.1850001895045
9467,4642.184999216956
9468,4642.184998175926
9469,4642.184997886748
9470,4642.184999119088
9471,4642.184999591758
9472,4642.1849990740475
9473,4642.184999790645
9474,4642.184999325713
9475,4642.184998363892
9476,4642.184999056179
9477,4642.184999331701
9478,4642.184999156419
9479,4642.184998681007
9480,4642.184999325903
9481,4642.1849986995985
9482,4642.184997761983
9483,4642.184999981631
9484,4642.184998182388
9485,4642.184998008126
9486,4642.184998729735
9487,4642.18499893755
9488,4642.184997841169
9489,4642.184998626168
9490,4642.185000610527
9491,4642.184999664392
9492,4642.184999024594
9493,4642.184999722047
9494,4642.184997132009
9495,4642.184998007534
9496,4642.18499738024
9497,4642.184999150043
9498,4642.185003836828
9499,4642.184999149493
9500,4642.18499911739
9501,4642.184998869772
9502,4642.185000246257
9503,4642.184999658345
9504,4642.184999526946
9505,4642.184998170297
9506,4639.184744602421
9507,4639.184744602421
9508,4639.184744602421
9509,4639.184744602423
9510,4639.184744602421
9511,4639.184744602423
9512,4639.184744602423
9513,4639.184744602422
9514,4639.184744602422
9515,4639.184747858663
9516,4639.184746274111
9517,4639.184744670593
9518,4639.184743904278
9519,4639.184745316125
9520,4639.184745600289
9521,4639.18474459608
9522,4639.184743875565
9523,4639.184745386611
9524,4639.1847442785365
9525,4639.184744582153
9526,4639.184745170658
9527,4639.184745265437
9528,4639.184745283694
9529,4639.184745140204
9530,4639.184745668338
9531,4639.184744609169
9532,4639.184745016632
9533,4639.184744967299
9534,4639.184743143565
9535,4639.184744234005
9536,4639.184744799799
9537,4639.184743901925
9538,4639.184744627297
9539,4639.184744992449
9540,4639.184744546329
9541,4639.184745215427
9542,4639.184745144431
9543,4639.18474227777
9544,4639.184742137755
9545,4639.184744404075
9546,4639.184745281724
9547,4639.184749456693
9548,4639.184745035993
9549,4639.184745192348
9550,4639.18474469559
9551,4639.1847454474355
9552,4639.184745253361
9553,4639.184745054641
9554,4639.184744932572
9555,4637.592954168345
9556,4637.592954168344
9557,4637.592954168344
9558,4637.5929541683445
9559,4637.592954168345
9560,4637.592954168344
9561,4637.592954168343
9562,4637.5929541683445
9563,4637.592954168345
9564,4637.592951129269
9565,4637.592950794294
9566,4637.592953200564
9567,4637.5929539132085
9568,4637.5929546475
9569,4637.592956406994
9570,4637.592950036838
9571,4637.592957348455
9572,4637.592957304342
9573,4637.592953773053
9574,4637.592952971589
9575,4637.592955101177
9576,4637.592946226827
9577,4637.592953640277
9578,4637.592954109212
9579,4637.592953229075
9580,4637.592953184212
9581,4637.592954211851
9582,4637.592954874011
9583,4637.592951480149
9584,4637.592952026727
9585,4637.592954205518
9586,4637.5929533316585
9587,4637.592954445769
9588,4637.592941771802
9589,4637.592952182112
9590,4637.592954958452
9591,4637.59295544807
9592,4637.592956958068
9593,4637.592954466282
9594,4637.592951133452
9595,4637.592952860366
9596,4637.592960156103
9597,4637.59295426309
9598,4637.592955179756
9599,4637.592954236314
9600,4637.5929568877855
9601,4637.592954204991
9602,4637.5929523085815
9603,4637.592956795318
9604,4634.137254843553
9605,4634.137254843554
9606,4634.137254843553
9607,4634.137254843552
9608,4634.137254843549
9609,4634.137254843552
9610,4634.137254843551
9611,4634.137254843554
9612,4634.137254843554
9613,4634.1372554063155
9614,4634.1372544227825
9615,4634.137254628494
9616,4634.137254437869
9617,4634.137255344755
9618,4634.137256088151
9619,4634.137255160424
9620,4634.1372570929825
9621,4634.137256063153
9622,4634.137254864568
9623,4634.137253962349
9624,4634.1372547730025
9625,4634.1372533252825
9626,4634.137254554474
9627,4634.137254915786
9628,4634.137255219299
9629,4634.137255315765
9630,4634.13725379658
9631,4634.1372554901955
9632,4634.137254741197
9633,4634.1372541123
9634,4634.137255003496
9635,4634.13725401255
9636,4634.137255083523
9637,4634.137250046447
9638,4634.137254117005
9639,4634.137255653263
9640,4634.137255250619
9641,4634.1372553184165
9642,4634.137255877095
9643,4634.1372545015365
9644,4634.137254172869
9645,4634.137259939605
9646,4634.137255006856
9647,4634.137255915953
9648,4634.137255257595
9649,4634.137255726686
9650,4634.137255098226
9651,4634.137254911521
9652,4634.137255231447
9653,4632.941896284812
9654,4632.9418962848085
9655,4632.9418962848085
9656,4632.941896284814
9657,4632.941896284812
9658,4632.941896284811
9659,4632.941896284814
9660,4632.941896284813
9661,4632.941896284815
9662,4632.941897809066
9663,4632.941896298118
9664,4632.941896406735
9665,4632.94189586609
9666,4632.941896934475
9667,4632.941897012526
9668,4632.941897193194
9669,4632.941897298281
9670,4632.941896520744
9671,4632.941896762698
9672,4632.941895577737
9673,4632.941896304877
9674,4632.94189732687
9675,4632.941896437162
9676,4632.9418963797725
9677,4632.941897304447
9678,4632.941897212595
9679,4632.941895585563
9680,4632.941896522397
9681,4632.941896417067
9682,4632.941896045951
9683,4632.941896403813
9684,4632.941895508282
9685,4632.941896467905
9686,4632.941895481085
9687,4632.94189597375
9688,4632.941897065065
9689,4632.941896142514
9690,4632.941895929835
9691,4632.941896669216
9692,4632.941896244023
9693,4632.941895759864
9694,4632.941901057051
9695,4632.941896236289
9696,4632.941897218727
9697,4632.94189667178
9698,4632.941896194085
9699,4632.941896522049
9700,4632.941896511459
9701,4632.941896245887
9702,4632.135011046933
9703,4632.135011046936
9704,4632.135011046937
9705,4632.135011046939
9706,4632.135011046937
9707,4632.135011046935
9708,4632.135011046934
9709,4632.135011046935
9710,4632.135011046934
9711,4632.135012008738
9712,4632.135010451119
9713,4632.135011182208
9714,4632.135010696153
9715,4632.135011734896
9716,4632.135011515307
9717,4632.135011652349
9718,4632.1350120253255
9719,4632.13501101159
9720,4632.13501185099
9721,4632.135010214176
9722,4632.135011161412
9723,4632.135012808051
9724,4632.135011180082
9725,4632.135011129795
9726,4632.135012047367
9727,4632.135012017225
9728,4632.135010553326
9729,4632.135010900717
9730,4632.135011315349
9731,4632.135011142644
9732,4632.135011162457
9733,4632.135010301227
9734,4632.135011242345
9735,4632.135011813481
9736,4632.135011159315
9737,4632.135011784878
9738,4632.135010682518
9739,4632.135010968324
9740,4632.135011557898
9741,4632.135010781906
9742,4632.135010387741
9743,4632.135015769338
9744,4632.1350108739025
9745,4632.135011935937
9746,4632.13501143169
9747,4632.135010588869
9748,4632.135011135092
9749,4632.135011158615
9750,4632.13501102157
9751,4630.359952034388
9752,4630.359952034387
9753,4630.359952034387
9754,4630.359952034387
9755,4630.359952034389
9756,4630.359952034386
9757,4630.359952034387
9758,4630.359952034387
9759,4630.359952034389
9760,4630.359952585864
9761,4630.359951243167
9762,4630.359952244681
9763,4630.359951842225
9764,4630.359952802781
9765,4630.35995244413
9766,4630.359952269099
9767,4630.359952051806
9768,4630.359951375585
9769,4630.359952978466
9770,4630.359951280466
9771,4630.359952295718
9772,4630.359953477321
9773,4630.359952216433
9774,4630.35995212694
9775,4630.359952872398
9776,4630.359952898982
9777,4630.359952255708
9778,4630.359951390836
9779,4630.359951787113
9780,4630.3599518061665
9781,4630.3599521117285
9782,4630.359951412527
9783,4630.359952227733
9784,4630.359953404172
9785,4630.359951687819
9786,4630.359952615613
9787,4630.359951560189
9788,4630.3599517778
9789,4630.359952120097
9790,4630.359951496383
9791,4630.359951548844
9792,4630.359956935247
9793,4630.359951674739
9794,4630.359952738916
9795,4630.35995246951
9796,4630.359951240917
9797,4630.359952055819
9798,4630.359951939751
9799,4630.359952079021
9800,4630.542540813296
9801,4630.542540813296
9802,4630.542540813294
9803,4630.542540813295
9804,4630.542540813294
9805,4630.542540813298
9806,4630.542540813297
9807,4630.542540813297
9808,4630.542540813296
9809,4630.542532097613
9810,4630.542538225075
9811,4630.542541520556
9812,4630.542540844336
9813,4630.542542539197
9814,4630.542535050472
9815,4630.542532051166
9816,4630.54253948575
9817,4630.542541837306
9818,4630.542541985256
9819,4630.54253895381
9820,4630.5425397228855
9821,4630.5425406461045
9822,4630.54254290111
9823,4630.542540841207
9824,4630.542542265406
9825,4630.5425397702365
9826,4630.542540393276
9827,4630.54254035546
9828,4630.542537294578
9829,4630.542544168193
9830,4630.542540690223
9831,4630.542540204733
9832,4630.5425413205685
9833,4630.542546767605
9834,4630.542544307102
9835,4630.542541009577
9836,4630.542538095216
9837,4630.54254675193
9838,4630.542538501039
9839,4630.542539625383
9840,4630.542540833513
9841,4630.542542975905
9842,4630.542540926197
9843,4630.542541589179
9844,4630.542540924709
9845,4630.54253908435
9846,4630.542540038053
9847,4630.542537832221
9848,4630.542542837117
9849,4629.07974696523
9850,4629.07974696523
9851,4629.079746965226
9852,4629.079746965228
9853,4629.079746965227
9854,4629.079746965228
9855,4629.079746965227
9856,4629.079746965227
9857,4629.079746965227
9858,4629.079743021382
9859,4629.07974530132
9860,4629.079747405056
9861,4629.079746879774
9862,4629.079748190986
9863,4629.079744377564
9864,4629.079742822822
9865,4629.079746343402
9866,4629.0797471337255
9867,4629.079748026299
9868,4629.079745675379
9869,4629.079746579319
9870,4629.079747614791
9871,4629.079748063849
9872,4629.079747019941
9873,4629.079748095093
9874,4629.079746915174
9875,4629.079746885095
9876,4629.079746382702
9877,4629.0797451283
9878,4629.079748475736
9879,4629.079746951664
9880,4629.07974634871
9881,4629.07974731574
9882,4629.079750568128
9883,4629.079748471309
9884,4629.079747358144
9885,4629.079745386823
9886,4629.0797496873365
9887,4629.079745874256
9888,4629.079746106867
9889,4629.079746733004
9890,4629.0797505354785
9891,4629.079746834894
9892,4629.079747705586
9893,4629.079747246979
9894,4629.079745738092
9895,4629.079746599373
9896,4629.079745473842
9897,4629.079747982538
9898,4627.101686551337
9899,4627.101686551332
9900,4627.101686551332
9901,4627.101686551338
9902,4627.101686551334
9903,4627.101686551337
9904,4627.101686551333
9905,4627.101686551337
9906,4627.101686551335
9907,4627.101684559112
9908,4627.101685600398
9909,4627.101686732513
9910,4627.101686759763
9911,4627.10168740616
9912,4627.101686199417
9913,4627.101685406708
9914,4627.101686685329
9915,4627.101686126941
9916,4627.1016873631015
9917,4627.101685447103
9918,4627.101686525365
9919,4627.101686579359
9920,4627.101686395427
9921,4627.1016867613225
9922,4627.101686514996
9923,4627.101686553876
9924,4627.101686738626
9925,4627.101685417832
9926,4627.101686155163
9927,4627.101686998797
9928,4627.101686689209
9929,4627.101686154032
9930,4627.101686840286
9931,4627.101688466983
9932,4627.101686941813
9933,4627.101686765085
9934,4627.10168617107
9935,4627.101687119212
9936,4627.101686995776
9937,4627.101686259583
9938,4627.101686648265
9939,4627.101691096424
9940,4627.101686416173
9941,4627.1016870897365
9942,4627.101687182046
9943,4627.101685732697
9944,4627.101686257823
9945,4627.10168646944
9946,4627.101686917171
9947,4626.02086836504
9948,4626.020868365037
9949,4626.020868365041
9950,4626.020868365039
9951,4626.020868365038
9952,4626.020868365037
9953,4626.020868365038
9954,4626.020868365037
9955,4626.02086836504
9956,4626.020866960252
9957,4626.020868761187
9958,4626.020868647523
9959,4626.020868582291
9960,4626.020869166803
9961,4626.0208679877705
9962,4626.020867633446
9963,4626.020867470339
9964,4626.020867795028
9965,4626.020868665784
9966,4626.020867747494
9967,4626.020868128032
9968,4626.020867033485
9969,4626.020868381119
9970,4626.020868697234
9971,4626.020868306531
9972,4626.020868137752
9973,4626.02086858217
9974,4626.020867685657
9975,4626.020867353841
9976,4626.02086809002
9977,4626.020868433979
9978,4626.020868110897
9979,4626.0208686042315
9980,4626.020868454442
9981,4626.0208676547745
9982,4626.020868424077
9983,4626.020868144516
9984,4626.020868196445
9985,4626.020868123988
9986,4626.020868612304
9987,4626.020868854376
9988,4626.020872978656
9989,4626.020868301243
9990,4626.020868656142
9991,4626.020869065946
9992,4626.020867755315
9993,4626.020868324515
9994,4626.020868444983
9995,4626.020868603805
9996,4625.191934644653
9997,4625.191934644652
9998,4625.191934644653
9999,4625.191934644653
10000,4625.191934644651
10001,4625.191934644653
10002,4625.191934644653
10003,4625.191934644653
10004,4625.191934644654
10005,4625.191935773522
10006,4625.191934370038
10007,4625.191934466193
10008,4625.191935044875
10009,4625.191935190572
10010,4625.191937046573
10011,4625.191934457474
10012,4625.191935074152
10013,4625.191934927219
10014,4625.191934747175
10015,4625.191933939819
10016,4625.1919362698345
10017,4625.191933829253
10018,4625.191933770353
10019,4625.191935135348
10020,4625.191933611108
10021,4625.191934187542
10022,4625.1919354106385
10023,4625.191933185124
10024,4625.191934683516
10025,4625.19193431042
10026,4625.191934777974
10027,4625.191934543932
10028,4625.191934691116
10029,4625.191935007061
10030,4625.191934459853
10031,4625.191934580323
10032,4625.1919360153715
10033,4625.191931932185
10034,4625.1919342977935
10035,4625.191934313088
10036,4625.191935287579
10037,4625.191940004073
10038,4625.191934704222
10039,4625.19193465467
10040,4625.191934904676
10041,4625.191934914146
10042,4625.191934436638
10043,4625.1919353457
10044,4625.191935664652
10045,4624.449561368359
10046,4624.449561368365
10047,4624.449561368363
10048,4624.449561368365
10049,4624.449561368364
10050,4624.44956136836
10051,4624.449561368361
10052,4624.449561368361
10053,4624.449561368361
10054,4624.449561702508
10055,4624.449563211429
10056,4624.449561589953
10057,4624.449561607534
10058,4624.449561911361
10059,4624.449561506407
10060,4624.449563289135
10061,4624.449561837994
10062,4624.449561473413
10063,4624.44956098587
10064,4624.4495611399625
10065,4624.449560758033
10066,4624.449560517667
10067,4624.449560867047
10068,4624.449561868499
10069,4624.449561186355
10070,4624.449561192642
10071,4624.449560113561
10072,4624.449561598133
10073,4624.449562133966
10074,4624.449561565228
10075,4624.449561488134
10076,4624.449561221983
10077,4624.449561497257
10078,4624.449560549886
10079,4624.449561078207
10080,4624.449561321415
10081,4624.449561777271
10082,4624.449560246357
10083,4624.449562452989
10084,4624.449563191604
10085,4624.449561931772
10086,4624.449565655128
10087,4624.449561761575
10088,4624.449561528293
10089,4624.449562120265
10090,4624.449561356039
10091,4624.4495616093645
10092,4624.449562671656
10093,4624.44956079066
10094,4623.819428310936
10095,4623.819428310935
10096,4623.819428310937
10097,4623.819428310939
10098,4623.81942831094
10099,4623.81942831094
10100,4623.819428310939
10101,4623.819428310935
10102,4623.819428310936
10103,4623.819428513686
10104,4623.819429846515
10105,4623.819428614669
10106,4623.819428521355
10107,4623.819428963027
10108,4623.819428044053
10109,4623.819429697799
10110,4623.819428353775
10111,4623.8194285094
10112,4623.819427987406
10113,4623.819428214489
10114,4623.819427796393
10115,4623.819427883393
10116,4623.819428128961
10117,4623.819428782079
10118,4623.819428490914
10119,4623.819428168298
10120,4623.819427127603
10121,4623.819428650474
10122,4623.819428758251
10123,4623.819428779808
10124,4623.81942834214
10125,4623.81942817529
10126,4623.819428396094
10127,4623.819428226218
10128,4623.819428276972
10129,4623.819428237336
10130,4623.819428450159
10131,4623.819427493094
10132,4623.819428863988
10133,4623.81942992898
10134,4623.8194287175875
10135,4623.819432363769
10136,4623.819428653359
10137,4623.8194283900875
10138,4623.819428868287
10139,4623.819428156312
10140,4623.81942856624
10141,4623.819429175745
10142,4623.819427846634
10143,4622.630450421249
10144,4622.630450421249
10145,4622.630450421242
10146,4622.630450421248
10147,4622.6304504212485
10148,4622.630450421243
10149,4622.630450421246
10150,4622.630450421246
10151,4622.630450421247
10152,4622.630450278761
10153,4622.630450276491
10154,4622.630450666165
10155,4622.630450688633
10156,4622.630451155226
10157,4622.630450069757
10158,4622.6304506285
10159,4622.630450171354
10160,4622.630450946939
10161,4622.630450284401
10162,4622.630450629496
10163,4622.630450606249
10164,4622.630450439511
10165,4622.630450431693
10166,4622.630450824125
10167,4622.630450915501
10168,4622.630450304653
10169,4622.630449719142
10170,4622.630450755763
10171,4622.630450413255
10172,4622.630451195593
10173,4622.630450281407
10174,4622.630450389181
10175,4622.630450359696
10176,4622.630451110978
10177,4622.630450795833
10178,4622.630450205321
10179,4622.6304503782985
10180,4622.630450255956
10181,4622.63045029256
10182,4622.630450981615
10183,4622.630450201305
10184,4622.630454443978
10185,4622.630450562992
10186,4622.63045018636
10187,4622.630450437411
10188,4622.630450234712
10189,4622.630450624094
10190,4622.630450247008
10191,4622.630450388871
10192,4622.1065888341145
10193,4622.106588834113
10194,4622.106588834113
10195,4622.1065888341145
10196,4622.106588834116
10197,4622.106588834115
10198,4622.106588834113
10199,4622.106588834115
10200,4622.106588834115
10201,4622.1065885264725
10202,4622.106588135528
10203,4622.106589019225
10204,4622.106589134988
10205,4622.106589503744
10206,4622.106588637868
10207,4622.106588517438
10208,4622.10658849101
10209,4622.106589377221
10210,4622.106588693608
10211,4622.106589152708
10212,4622.106589252058
10213,4622.106588412225
10214,4622.10658877285
10215,4622.1065892075885
10216,4622.106589289499
10217,4622.106588749552
10218,4622.106588544823
10219,4622.106589132187
10220,4622.106588505118
10221,4622.1065893274
10222,4622.106588694187
10223,4622.106588851853
10224,4622.1065887237155
10225,4622.106588842918
10226,4622.106588965324
10227,4622.106588566783
10228,4622.106588818806
10229,4622.106588933758
10230,4622.106588522698
10231,4622.106588861335
10232,4622.106588478539
10233,4622.106593083081
10234,4622.106588922462
10235,4622.106588487283
10236,4622.106588700501
10237,4622.10658875608
10238,4622.106589021634
10239,4622.106588353852
10240,4622.106588937398
10241,4621.527200513713
10242,4621.527200513714
10243,4621.527200513714
10244,4621.527200513716
10245,4621.527200513715
10246,4621.527200513713
10247,4621.527200513713
10248,4621.527200513712
10249,4621.527200513713
10250,4621.527202600955
10251,4621.527199926954
10252,4621.527200933577
10253,4621.527200829478
10254,4621.527201082089
10255,4621.527200763099
10256,4621.527201339969
10257,4621.527199406257
10258,4621.527199792751
10259,4621.527200728685
10260,4621.527201076671
10261,4621.5272013540225
10262,4621.527203859766
10263,4621.527200288683
10264,4621.527200953379
10265,4621.527201453546
10266,4621.527201397381
10267,4621.527201575425
10268,4621.527199710538
10269,4621.527201182066
10270,4621.527201420603
10271,4621.527200634249
10272,4621.5272007154335
10273,4621.527200225543
10274,4621.527205507351
10275,4621.527201493875
10276,4621.527200154056
10277,4621.527200315984
10278,4621.527199085921
10279,4621.527199765632
10280,4621.527200422122
10281,4621.527200595876
10282,4621.527205030911
10283,4621.527200649366
10284,4621.527199893798
10285,4621.527200152724
10286,4621.527199530908
10287,4621.527200594961
10288,4621.527200742851
10289,4621.527199581463
10290,4620.698506864841
10291,4620.698506864844
10292,4620.698506864844
10293,4620.698506864842
10294,4620.698506864843
10295,4620.69850686484
10296,4620.698506864839
10297,4620.698506864841
10298,4620.698506864839
10299,4620.698506603831
10300,4620.698505621599
10301,4620.6985069953125
10302,4620.698507232549
10303,4620.698507148617
10304,4620.698507089334
10305,4620.698505713551
10306,4620.698506765859
10307,4620.698507037048
10308,4620.698506686966
10309,4620.6985072320385
10310,4620.698507464384
10311,4620.698505961422
10312,4620.698506369688
10313,4620.698507131975
10314,4620.698507159294
10315,4620.698507268308
10316,4620.698507846632
10317,4620.698506894432
10318,4620.698506373422
10319,4620.698506625802
10320,4620.698507005846
10321,4620.698506972829
10322,4620.69850665017
10323,4620.69850547258
10324,4620.698506542149
10325,4620.698506551543
10326,4620.6985069139155
10327,4620.698507533822
10328,4620.698506695739
10329,4620.698505878078
10330,4620.6985067150845
10331,4620.698511768528
10332,4620.6985070704695
10333,4620.6985064308
10334,4620.698506559603
10335,4620.698506913931
10336,4620.698506926964
10337,4620.698506498773
10338,4620.6985066553425
10339,4620.417726618329
10340,4620.41772661833
10341,4620.41772661833
10342,4620.41772661833
10343,4620.417726618329
10344,4620.417726618327
10345,4620.41772661833
10346,4620.41772661833
10347,4620.417726618331
10348,4620.41772646176
10349,4620.417725979876
10350,4620.417726819629
10351,4620.417726950318
10352,4620.4177269090305
10353,4620.417726650729
10354,4620.417725914416
10355,4620.4177267038895
10356,4620.417726670726
10357,4620.417726426956
10358,4620.417726824382
10359,4620.4177269029105
10360,4620.417726054378
10361,4620.417726148129
10362,4620.417726891767
10363,4620.417726927726
10364,4620.417727058779
10365,4620.417727309987
10366,4620.417726685786
10367,4620.417726479184
10368,4620.417726540267
10369,4620.417726824093
10370,4620.417726668479
10371,4620.417726457476
10372,4620.417725662285
10373,4620.417726458767
10374,4620.417726364314
10375,4620.417726621585
10376,4620.417727167591
10377,4620.417726732622
10378,4620.417726098069
10379,4620.417726681275
10380,4620.417731379158
10381,4620.417726920805
10382,4620.417726334108
10383,4620.417726482116
10384,4620.417726558128
10385,4620.417726665933
10386,4620.417726643872
10387,4620.417726155415
10388,4619.988205854306
10389,4619.988205854307
10390,4619.988205854306
10391,4619.988205854302
10392,4619.9882058543035
10393,4619.9882058543035
10394,4619.9882058543035
10395,4619.988205854303
10396,4619.988205854303
10397,4619.988206159445
10398,4619.9882060397085
10399,4619.988206179215
10400,4619.988206120405
10401,4619.988206127342
10402,4619.988205795796
10403,4619.988205615843
10404,4619.988206066409
10405,4619.988205693024
10406,4619.988205698377
10407,4619.988205835676
10408,4619.9882058826925
10409,4619.988205949103
10410,4619.988205525057
10411,4619.988206091498
10412,4619.988206195449
10413,4619.988206371461
10414,4619.988206337613
10415,4619.988205986883
10416,4619.988206115356
10417,4619.988205912798
10418,4619.988206136049
10419,4619.988205840327
10420,4619.988205748035
10421,4619.988205639455
10422,4619.988205824895
10423,4619.988205705881
10424,4619.988205859299
10425,4619.98820600568
10426,4619.988206079481
10427,4619.988205816111
10428,4619.988206205854
10429,4619.988210472307
10430,4619.988206238312
10431,4619.988205754678
10432,4619.988205870091
10433,4619.988205593105
10434,4619.988205820604
10435,4619.988206388446
10436,4619.9882051418845
10437,4619.475620586897
10438,4619.475620586897
10439,4619.475620586898
10440,4619.475620586896
10441,4619.475620586899
10442,4619.475620586897
10443,4619.475620586899
10444,4619.475620586896
10445,4619.475620586899
10446,4619.475620706708
10447,4619.47562119106
10448,4619.475621005947
10449,4619.475620768892
10450,4619.4756208583185
10451,4619.475620127903
10452,4619.475620245307
10453,4619.475620867638
10454,4619.475620378489
10455,4619.475620534733
10456,4619.475620345773
10457,4619.475620382978
10458,4619.475621168982
10459,4619.475620548696
10460,4619.47562075193
10461,4619.475620937051
10462,4619.475620925805
10463,4619.475620822066
10464,4619.475620927543
10465,4619.4756210033465
10466,4619.475620929526
10467,4619.475620861002
10468,4619.475620527153
10469,4619.475620551993
10470,4619.475621259879
10471,4619.475620806637
10472,4619.475620528765
10473,4619.475620489618
10474,4619.475620758633
10475,4619.475620693744
10476,4619.475620778681
10477,4619.475620999188
10478,4619.475624973066
10479,4619.475620973001
10480,4619.4756206213215
10481,4619.475620673682
10482,4619.475620117429
10483,4619.475620399444
10484,4619.4756212794455
10485,4619.47561987574
10486,4619.276395874566
10487,4619.276395874566
10488,4619.276395874565
10489,4619.276395874566
10490,4619.2763958745645
10491,4619.276395874564
10492,4619.276395874566
10493,4619.276395874566
10494,4619.276395874566
10495,4619.276399320133
10496,4619.27639828739
10497,4619.276396251352
10498,4619.276395877406
10499,4619.276395903216
10500,4619.276397308032
10501,4619.276399699972
10502,4619.2763966448865
10503,4619.276394962076
10504,4619.276395767157
10505,4619.276395861985
10506,4619.27639549475
10507,4619.276396948189
10508,4619.276395571543
10509,4619.276395791781
10510,4619.276395873419
10511,4619.276396672345
10512,4619.276395606445
10513,4619.276396767008
10514,4619.276397744022
10515,4619.276394930731
10516,4619.276396101408
10517,4619.27639575566
10518,4619.27639584025
10519,4619.276394478452
10520,4619.276394313944
10521,4619.276396139785
10522,4619.276396573364
10523,4619.276393585985
10524,4619.276397161192
10525,4619.27639702053
10526,4619.276396042679
10527,4619.276400875917
10528,4619.276395988
10529,4619.276396147811
10530,4619.276396347533
10531,4619.276395610444
10532,4619.2763958309115
10533,4619.276397852321
10534,4619.276394259932
10535,4618.526065044614
10536,4618.5260650446135
10537,4618.526065044612
10538,4618.526065044615
10539,4618.526065044615
10540,4618.526065044614
10541,4618.526065044615
10542,4618.5260650446135
10543,4618.5260650446135
10544,4618.52606512581
10545,4618.5260659942205
10546,4618.526065500802
10547,4618.526065021352
10548,4618.526065300776
10549,4618.526064376636
10550,4618.526065132854
10551,4618.526065026441
10552,4618.526064612376
10553,4618.5260652433235
10554,4618.526064742911
10555,4618.526064574429
10556,4618.526065852095
10557,4618.526065513939
10558,4618.526064918479
10559,4618.5260653418045
10560,4618.526065053432
10561,4618.526065050877
10562,4618.526065849045
10563,4618.526065408362
10564,4618.526065189856
10565,4618.52606511568
10566,4618.526064927408
10567,4618.526065110943
10568,4618.5260658387815
10569,4618.526064705158
10570,4618.526065213045
10571,4618.526064803462
10572,4618.526065046975
10573,4618.526064892797
10574,4618.526065199677
10575,4618.526065022728
10576,4618.526069358433
10577,4618.526065085352
10578,4618.52606523403
10579,4618.526065223641
10580,4618.52606435163
10581,4618.526064677623
10582,4618.526065563023
10583,4618.526064425724
10584,4618.335024140693
10585,4618.335024140693
10586,4618.335024140692
10587,4618.3350241406915
10588,4618.3350241406915
10589,4618.335024140696
10590,4618.335024140698
10591,4618.335024140696
10592,4618.335024140696
10593,4618.33502379808
10594,4618.335024298217
10595,4618.335024455511
10596,4618.335024153197
10597,4618.335024400283
10598,4618.3350236562555
10599,4618.335023572796
10600,4618.335024110506
10601,4618.335023945457
10602,4618.335024406446
10603,4618.335023874901
10604,4618.335024041422
10605,4618.3350246465125
10606,4618.335024537998
10607,4618.335024001458
10608,4618.335024278693
10609,4618.335023974049
10610,4618.335024423872
10611,4618.335024742105
10612,4618.335024200022
10613,4618.335024299633
10614,4618.335024134185
10615,4618.335024055711
10616,4618.335024181864
10617,4618.335024891716
10618,4618.335023874019
10619,4618.335024268791
10620,4618.335023958213
10621,4618.335024307224
10622,4618.335023739698
10623,4618.335023731076
10624,4618.335023892532
10625,4618.335028576642
10626,4618.335024072741
10627,4618.33502422396
10628,4618.335024169067
10629,4618.335023579698
10630,4618.335023726482
10631,4618.335024224969
10632,4618.33502394398
10633,4618.122482665005
10634,4618.122482665007
10635,4618.122482665008
10636,4618.122482665006
10637,4618.122482665007
10638,4618.122482665003
10639,4618.122482665002
10640,4618.1224826650005
10641,4618.122482665003
10642,4618.122481934937
10643,4618.122482272632
10644,4618.122482801981
10645,4618.122482693962
10646,4618.122482884926
10647,4618.122482287633
10648,4618.122482094451
10649,4618.122482754291
10650,4618.1224827240085
10651,4618.1224829124685
10652,4618.122482548229
10653,4618.122482655503
10654,4618.122482812744
10655,4618.122482861868
10656,4618.122482493548
10657,4618.122482649737
10658,4618.1224823906
10659,4618.12248292152
10660,4618.122483201535
10661,4618.1224826603875
10662,4618.122482839764
10663,4618.122482557133
10664,4618.122482619083
10665,4618.122482682035
10666,4618.122482940197
10667,4618.1224823875145
10668,4618.122482766857
10669,4618.122482484281
10670,4618.122483071823
10671,4618.122482451838
10672,4618.122481997846
10673,4618.122482104098
10674,4618.122487176658
10675,4618.122482500356
10676,4618.122482655264
10677,4618.122482648961
10678,4618.122482298217
10679,4618.122482284528
10680,4618.12248248042
10681,4618.122482631047
10682,4617.947694614863
10683,4617.947694614861
10684,4617.9476946148625
10685,4617.9476946148625
10686,4617.947694614866
10687,4617.947694614865
10688,4617.947694614863
10689,4617.947694614862
10690,4617.947694614861
10691,4617.947695092528
10692,4617.947693220658
10693,4617.947694291501
10694,4617.947694768
10695,4617.947694711498
10696,4617.947696229585
10697,4617.947693195569
10698,4617.947694628721
10699,4617.947695218097
10700,4617.947694821783
10701,4617.947694499181
10702,4617.947696150888
10703,4617.947694574966
10704,4617.947694236015
10705,4617.947694460313
10706,4617.947693862593
10707,4617.947694294417
10708,4617.947696112141
10709,4617.9476938973685
10710,4617.947694193091
10711,4617.94769446155
10712,4617.947694427475
10713,4617.9476946621535
10714,4617.947694488555
10715,4617.947694884638
10716,4617.947694366232
10717,4617.9476946892655
10718,4617.947695245982
10719,4617.947693317691
10720,4617.947693547006
10721,4617.947692798741
10722,4617.947694146449
10723,4617.947699846986
10724,4617.947694315733
10725,4617.947694379757
10726,4617.947694261547
10727,4617.9476948046295
10728,4617.94769412502
10729,4617.947694205998
10730,4617.947695713679
10731,4617.688430164689
10732,4617.6884301646905
10733,4617.6884301646905
10734,4617.688430164691
10735,4617.688430164689
10736,4617.688430164689
10737,4617.688430164691
10738,4617.68843016469
10739,4617.688430164688
10740,4617.688430005494
10741,4617.6884295282425
10742,4617.688429939224
10743,4617.688430249064
10744,4617.688430262286
10745,4617.688430772611
10746,4617.68842941492
10747,4617.688430099173
10748,4617.688430705398
10749,4617.6884301950095
10750,4617.68843019467
10751,4617.6884307543205
10752,4617.688429967275
10753,4617.688429847294
10754,4617.688429982542
10755,4617.688429697324
10756,4617.688429894186
10757,4617.6884309157585
10758,4617.688429918339
10759,4617.6884298974965
10760,4617.688430224089
10761,4617.688429957394
10762,4617.688430202155
10763,4617.688430089315
10764,4617.688429956405
10765,4617.68842992751
10766,4617.688430255613
10767,4617.688430322769
10768,4617.688429661177
10769,4617.688429697534
10770,4617.688429150846
10771,4617.688429689968
10772,4617.688435003593
10773,4617.68842997453
10774,4617.688430011297
10775,4617.688430061311
10776,4617.688430251891
10777,4617.688429813639
10778,4617.68842995389
10779,4617.688430669493
10780,4617.497286103469
10781,4617.497286103463
10782,4617.497286103465
10783,4617.4972861034685
10784,4617.497286103474
10785,4617.49728610347
10786,4617.49728610347
10787,4617.4972861034685
10788,4617.4972861034685
10789,4617.49728575585
10790,4617.497286502644
10791,4617.497285961653
10792,4617.497286121107
10793,4617.497286188551
10794,4617.497285933342
10795,4617.49728613197
10796,4617.497285915505
10797,4617.497286558835
10798,4617.497285895839
10799,4617.497286230464
10800,4617.497285838522
10801,4617.497285975231
10802,4617.497285765807
10803,4617.497285911173
10804,4617.497285875478
10805,4617.49728596316
10806,4617.497286207417
10807,4617.497286112951
10808,4617.49728606658
10809,4617.497286374554
10810,4617.4972859211875
10811,4617.4972861265705
10812,4617.49728606805
10813,4617.497285682157
10814,4617.497285964146
10815,4617.4972862248815
10816,4617.497285888137
10817,4617.497285958144
10818,4617.497286162334
10819,4617.497286016976
10820,4617.497285835574
10821,4617.497290601451
10822,4617.497286093744
10823,4617.49728605921
10824,4617.497286267299
10825,4617.497286108209
10826,4617.497285888656
10827,4617.497286302965
10828,4617.497286012214
10829,4617.409507954368
10830,4617.409507954367
10831,4617.409507954368
10832,4617.409507954366
10833,4617.409507954367
10834,4617.409507954369
10835,4617.4095079543695
10836,4617.409507954369
10837,4617.409507954369
10838,4617.409507787674
10839,4617.409508670584
10840,4617.4095078263645
10841,4617.4095079530225
10842,4617.409508046638
10843,4617.409507690215
10844,4617.409508270487
10845,4617.409507708121
10846,4617.4095083420125
10847,4617.409507677758
10848,4617.4095080894285
10849,4617.4095075315145
10850,4617.409508050011
10851,4617.409507566429
10852,4617.409507763983
10853,4617.409507781233
10854,4617.409507888457
10855,4617.409507939248
10856,4617.4095079044255
10857,4617.409508042474
10858,4617.40950829665
10859,4617.40950780818
10860,4617.409507969021
10861,4617.409507922819
10862,4617.4095077765
10863,4617.409507918674
10864,4617.409508089162
10865,4617.409507681461
10866,4617.4095076937165
10867,4617.409508119212
10868,4617.409508147136
10869,4617.409507813875
10870,4617.40951240397
10871,4617.409508022955
10872,4617.409507949955
10873,4617.409508176792
10874,4617.409507929155
10875,4617.409507773805
10876,4617.409508325176
10877,4617.409507698116
10878,4617.171807484528
10879,4617.171807484529
10880,4617.1718074845285
10881,4617.171807484526
10882,4617.171807484526
10883,4617.17180748453
10884,4617.17180748453
10885,4617.1718074845285
10886,4617.171807484528
10887,4617.171807319556
10888,4617.171808630358
10889,4617.171807365553
10890,4617.17180744497
10891,4617.171807614544
10892,4617.1718070791385
10893,4617.171807855351
10894,4617.171807151263
10895,4617.171807823772
10896,4617.171807030913
10897,4617.171807589765
10898,4617.17180682799
10899,4617.17180720079
10900,4617.171807059165
10901,4617.171807245473
10902,4617.171807330539
10903,4617.171807410285