iteracion,valor_coste
0,76162.35792911403
1,76162.3579291142
2,76162.35792911414
3,76162.35792911415
4,76162.3579291142
5,76162.3579291141
6,76162.35792911408
7,76162.35792911412
8,76162.35792911405
9,76162.35793247583
10,76162.35643048189
11,76162.35794527171
12,76162.35778645912
13,76162.3577615287
14,76162.3580811537
15,76162.35882434562
16,76162.35743044173
17,76162.35794123614
18,76162.35801354477
19,76162.3576286252
20,76162.3580535581
21,76162.35895520869
22,76162.35738923863
23,76162.35818407313
24,76162.35797292631
25,76162.35795499418
26,76162.35791134008
27,76162.3578198808
28,76162.35718842816
29,76162.3576748729
30,76162.35815616453
31,76162.35803279474
32,76162.35797113564
33,76162.35740251649
34,76162.35786236287
35,76162.35787618015
36,76162.35791914597
37,76162.3580963958
38,76162.35784337494
39,76162.35867167216
40,76162.35810120868
41,76162.35808053816
42,76162.35776973132
43,76162.35799161566
44,76162.35789140653
45,76162.3581544325
46,76162.35779400684
47,76162.3579868943
48,76162.35791784403
49,4335971.25
50,4335971.25
51,4335971.25
52,4335971.25
53,4335971.25
54,4335971.25
55,4335971.25
56,4335971.25
57,4335971.25
58,4335971.25
59,4335971.25
60,4335971.25
61,4335971.250000001
62,4335971.25
63,4335971.249999999
64,4335971.25
65,4335971.25
66,4335971.25
67,4335971.25
68,4335971.25
69,4335971.25
70,4335971.25
71,4335971.25
72,4335971.25
73,4335971.25
74,4335971.25
75,4335971.25
76,4335971.25
77,4335971.25
78,4335971.25
79,4335971.25
80,4335971.25
81,4335971.25
82,4335971.25
83,4335971.25
84,4335971.25
85,4335971.25
86,4335971.25
87,4335971.25
88,4335971.25
89,4335971.25
90,4335971.25
91,4335971.25
92,4335971.25
93,4335971.25
94,4335971.25
95,4335971.25
96,4335971.25
97,4335971.25
98,805428.872617939
99,805428.8726179391
100,805428.872617939
101,805428.8726179394
102,805428.8726179397
103,805428.8726179395
104,805428.8726179391
105,805428.872617939
106,805428.8726179393
107,805428.8679347623
108,805428.8765798664
109,805428.8693565407
110,805428.8711850884
111,805428.8814767614
112,805428.8567969657
113,805428.8688147267
114,805428.8734431001
115,805428.8747784306
116,805428.8757898009
117,805428.8703670732
118,805428.8636922212
119,805428.8714022322
120,805428.872566689
121,805428.870857095
122,805428.8719552072
123,805428.8697686881
124,805428.8715916582
125,805428.8747749649
126,805428.8750686824
127,805428.8781031054
128,805428.8687288505
129,805428.8731892873
130,805428.8662530741
131,805428.8800492663
132,805428.8770769181
133,805428.8670309949
134,805428.8819649485
135,805428.8692048456
136,805428.8831449904
137,805428.8719747732
138,805428.8716421447
139,805428.8721829798
140,805428.8740013725
141,805428.8732616863
142,805428.8727880757
143,805428.8709071648
144,805428.8752362622
145,805428.8716532567
146,805428.8719092936
147,77549.00241592071
148,77549.00241592065
149,77549.00241592067
150,77549.0024159207
151,77549.00241592071
152,77549.00241592065
153,77549.00241592065
154,77549.00241592077
155,77549.00241592068
156,77549.001842372
157,77549.00373441505
158,77549.00120881626
159,77549.00233437649
160,77549.0021038169
161,77549.00247355767
162,77549.00170853084
163,77549.00329124526
164,77549.00225061539
165,77549.00310475266
166,77549.00327684604
167,77549.00273714446
168,77549.0028606855
169,77549.00289840341
170,77549.00153566847
171,77549.00244976213
172,77549.00252157365
173,77549.00245473941
174,77549.00294870441
175,77549.00424606088
176,77549.00173025922
177,77549.00229258285
178,77549.00169056351
179,77549.00231655958
180,77549.00300552974
181,77549.00301174779
182,77549.00182258648
183,77549.00236592053
184,77549.00273108202
185,77549.0020670892
186,77549.00137303214
187,77549.002507815
188,77549.00295384291
189,77549.00236555026
190,77549.00178119427
191,77549.00240574808
192,77549.00295839431
193,77549.00253823579
194,77549.0024393662
195,77549.0024094824
196,68684.68270709491
197,68684.68270709486
198,68684.68270709482
199,68684.68270709486
200,68684.68270709488
201,68684.68270709494
202,68684.6827070949
203,68684.68270709492
204,68684.6827070949
205,68684.68237458292
206,68684.68315486518
207,68684.68228287752
208,68684.68260251041
209,68684.68250374643
210,68684.68279657893
211,68684.68264052058
212,68684.68303835738
213,68684.68252164239
214,68684.68290706455
215,68684.68281445233
216,68684.68286884794
217,68684.6832390377
218,68684.68286099963
219,68684.68256922683
220,68684.68276094369
221,68684.68279845454
222,68684.68272599588
223,68684.68283746588
224,68684.68375375708
225,68684.68243017173
226,68684.68277809264
227,68684.68259906741
228,68684.68271526897
229,68684.68293261695
230,68684.68278999749
231,68684.68253704529
232,68684.6826966353
233,68684.6829110102
234,68684.68253106283
235,68684.68227414276
236,68684.68281671018
237,68684.68286911743
238,68684.68262733224
239,68684.68257664339
240,68684.68267801777
241,68684.68300499822
242,68684.68269076328
243,68684.68274082351
244,68684.68270102773
245,65144.191957874464
246,65144.19195787444
247,65144.19195787441
248,65144.19195787445
249,65144.19195787446
250,65144.19195787445
251,65144.191957874464
252,65144.19195787442
253,65144.19195787437
254,65144.191681854645
255,65144.19215076871
256,65144.19157724624
257,65144.19186084048
258,65144.19176895164
259,65144.19201432036
260,65144.191971895394
261,65144.19224124715
262,65144.19184080177
263,65144.192182679886
264,65144.192129519644
265,65144.192116077924
266,65144.192467191904
267,65144.192029629085
268,65144.19178452044
269,65144.19200548551
270,65144.19201596874
271,65144.191971467895
272,65144.192130473915
273,65144.19272604995
274,65144.19168457476
275,65144.1919915997
276,65144.19181965335
277,65144.19194927361
278,65144.192070637735
279,65144.19205413504
280,65144.191772665516
281,65144.19195240291
282,65144.19213740218
283,65144.19181126347
284,65144.19167925073
285,65144.19206238807
286,65144.19211840397
287,65144.19189627236
288,65144.19180158095
289,65144.19192615236
290,65144.19220668669
291,65144.191955014845
292,65144.191992490676
293,65144.19195710864
294,56784.24985732384
295,56784.24985732385
296,56784.24985732387
297,56784.249857323884
298,56784.24985732388
299,56784.249857323855
300,56784.24985732387
301,56784.24985732388
302,56784.24985732387
303,56784.249829345834
304,56784.24961708589
305,56784.24982858017
306,56784.24977775866
307,56784.24980180047
308,56784.24980398541
309,56784.25003953016
310,56784.24944666322
311,56784.2500320906
312,56784.24992848386
313,56784.24982289343
314,56784.24987673742
315,56784.25032053494
316,56784.249548078034
317,56784.249662713504
318,56784.249846289844
319,56784.249792131384
320,56784.249848287014
321,56784.24956698151
322,56784.24909126659
323,56784.249918494446
324,56784.249895555084
325,56784.24980218671
326,56784.24972805392
327,56784.249832227244
328,56784.24999350919
329,56784.24971281887
330,56784.24988478103
331,56784.24992170087
332,56784.249820909914
333,56784.250017821316
334,56784.2495565472
335,56784.24994741744
336,56784.24981073466
337,56784.24973473435
338,56784.24981869567
339,56784.24997521101
340,56784.24986776723
341,56784.24991073487
342,56784.24988014169
343,52787.273235548455
344,52787.273235548455
345,52787.27323554847
346,52787.27323554846
347,52787.273235548455
348,52787.27323554847
349,52787.273235548455
350,52787.27323554847
351,52787.27323554845
352,52787.27316655947
353,52787.273127678716
354,52787.27326234465
355,52787.27316075292
356,52787.2731905936
357,52787.273187270104
358,52787.27336716641
359,52787.27302513663
360,52787.273364671375
361,52787.27328903255
362,52787.27320207578
363,52787.27325235155
364,52787.27354691776
365,52787.27303362341
366,52787.27314284636
367,52787.273243147254
368,52787.27319093039
369,52787.273247292076
370,52787.27304707636
371,52787.2727769944
372,52787.27331263242
373,52787.273254908374
374,52787.27320259783
375,52787.27315139152
376,52787.27322839343
377,52787.273298426364
378,52787.27314705667
379,52787.27326701165
380,52787.273286664444
381,52787.27319326414
382,52787.27328611722
383,52787.273023129856
384,52787.27327372209
385,52787.273203506644
386,52787.27315554659
387,52787.273208037885
388,52787.27326156984
389,52787.27321716936
390,52787.27328266883
391,52787.27324588088
392,50091.64899703549
393,50091.64899703546
394,50091.64899703546
395,50091.64899703545
396,50091.64899703549
397,50091.64899703549
398,50091.64899703548
399,50091.648997035474
400,50091.648997035496
401,50091.64890843958
402,50091.64900419943
403,50091.64898072248
404,50091.64891551533
405,50091.64896290442
406,50091.64897409535
407,50091.64910767902
408,50091.649247704474
409,50091.64896760804
410,50091.64904761427
411,50091.64902308423
412,50091.64901586366
413,50091.64907061411
414,50091.64901857472
415,50091.64906441983
416,50091.64902613473
417,50091.64898157908
418,50091.64903679932
419,50091.64915547587
420,50091.649365730394
421,50091.64900871675
422,50091.64897623327
423,50091.6490162894
424,50091.64897158966
425,50091.6489493659
426,50091.64892718918
427,50091.64897476783
428,50091.64901987427
429,50091.649026333864
430,50091.648953022035
431,50091.64896621213
432,50091.64914200324
433,50091.64897474366
434,50091.648984185456
435,50091.64898448217
436,50091.64898671446
437,50091.64897422459
438,50091.64896876773
439,50091.64903533155
440,50091.648993070514
441,48703.57479212989
442,48703.57479212989
443,48703.5747921299
444,48703.574792129904
445,48703.574792129904
446,48703.574792129926
447,48703.5747921299
448,48703.57479212989
449,48703.57479212989
450,48703.57473550647
451,48703.574827565164
452,48703.574818722045
453,48703.574714936185
454,48703.57479650757
455,48703.57474632777
456,48703.57487108284
457,48703.57493119087
458,48703.574818365254
459,48703.574840602436
460,48703.574802991534
461,48703.57479422324
462,48703.574857182095
463,48703.574798806774
464,48703.57483272447
465,48703.57481718428
466,48703.57475944257
467,48703.57482260709
468,48703.57486204961
469,48703.574975164105
470,48703.57484590835
471,48703.57475893062
472,48703.57480295718
473,48703.574748697734
474,48703.57475698882
475,48703.57475002496
476,48703.57476150721
477,48703.574825467265
478,48703.574796785826
479,48703.57476960293
480,48703.5747874949
481,48703.5748664439
482,48703.57477733937
483,48703.574783215656
484,48703.57476823461
485,48703.57478326152
486,48703.57475613558
487,48703.574768461796
488,48703.57483114063
489,48703.57478864555
490,47201.99243482538
491,47201.99243482536
492,47201.99243482538
493,47201.99243482536
494,47201.99243482537
495,47201.99243482537
496,47201.99243482537
497,47201.99243482538
498,47201.99243482538
499,47201.992408355465
500,47201.99250695612
501,47201.99249250716
502,47201.992366628496
503,47201.992454532236
504,47201.99237444289
505,47201.992470159195
506,47201.99246007806
507,47201.992505678165
508,47201.99247000823
509,47201.99242499322
510,47201.992434147716
511,47201.992478577515
512,47201.992435426386
513,47201.992449720645
514,47201.99246157231
515,47201.9923784876
516,47201.99243774672
517,47201.99241625592
518,47201.992461062095
519,47201.99251571348
520,47201.99240374359
521,47201.99243496519
522,47201.99239530703
523,47201.99242168704
524,47201.992423192685
525,47201.99240615321
526,47201.99245512149
527,47201.99242572186
528,47201.99243875497
529,47201.992452170394
530,47201.99244729836
531,47201.99242829001
532,47201.992428029844
533,47201.99240306624
534,47201.992428776575
535,47201.99239366285
536,47201.99241245557
537,47201.99246841243
538,47201.99243158925
539,45611.977983242024
540,45611.977983242024
541,45611.977983241995
542,45611.977983242024
543,45611.977983242024
544,45611.97798324201
545,45611.977983242
546,45611.977983242024
547,45611.977983242024
548,45611.97792478071
549,45611.97807485578
550,45611.978066775635
551,45611.9779205512
552,45611.97804465205
553,45611.977967434876
554,45611.97787976889
555,45611.97800624066
556,45611.97805813235
557,45611.97800173314
558,45611.97795849403
559,45611.977986292084
560,45611.97797083639
561,45611.978043619354
562,45611.97799905506
563,45611.97803669759
564,45611.97796332192
565,45611.97801542912
566,45611.97806694751
567,45611.97804735693
568,45611.97805041554
569,45611.97796745662
570,45611.977993689055
571,45611.9779622704
572,45611.97806502022
573,45611.97797012441
574,45611.977970947264
575,45611.97798312054
576,45611.97794462551
577,45611.977990587315
578,45611.97801231433
579,45611.97802867296
580,45611.977970866
581,45611.97797892303
582,45611.97796618017
583,45611.97798108378
584,45611.97794628808
585,45611.977965213795
586,45611.978007300815
587,45611.97797848677
588,43454.98835366231
589,43454.98835366231
590,43454.98835366231
591,43454.98835366231
592,43454.98835366231
593,43454.988353662295
594,43454.988353662295
595,43454.98835366232
596,43454.9883536623
597,43454.988353205445
598,43454.98834482836
599,43454.988365394
600,43454.98829613746
601,43454.98837425592
602,43454.98835942521
603,43454.988354889654
604,43454.98840723716
605,43454.98835851521
606,43454.98835980628
607,43454.98832695478
608,43454.988374922716
609,43454.98832320808
610,43454.9883530236
611,43454.988377275266
612,43454.98835684209
613,43454.988345936246
614,43454.988366801736
615,43454.98844729815
616,43454.9883814506
617,43454.98838296031
618,43454.98834965702
619,43454.98838018982
620,43454.988354021516
621,43454.98839786444
622,43454.98833451842
623,43454.98836134373
624,43454.98838277474
625,43454.988352559776
626,43454.98833334104
627,43454.98836978598
628,43454.9883565608
629,43454.9883332158
630,43454.98835288657
631,43454.98835960529
632,43454.98835147182
633,43454.988333759444
634,43454.988346973674
635,43454.988375590205
636,43454.988350571206
637,42722.41978412773
638,42722.41978412775
639,42722.41978412776
640,42722.41978412776
641,42722.419784127735
642,42722.41978412773
643,42722.41978412772
644,42722.419784127735
645,42722.41978412773
646,42722.41989456306
647,42722.41971659788
648,42722.4197667446
649,42722.41984067083
650,42722.41977257966
651,42722.41979837341
652,42722.41986584948
653,42722.41985050427
654,42722.41975156191
655,42722.41978551913
656,42722.41976806474
657,42722.419811852946
658,42722.419744053004
659,42722.41977944504
660,42722.419813075525
661,42722.41972713023
662,42722.41980440518
663,42722.41976289089
664,42722.41985067812
665,42722.41980795646
666,42722.41978878114
667,42722.41978623546
668,42722.41981529675
669,42722.41979102297
670,42722.41978771494
671,42722.41975716119
672,42722.41979972502
673,42722.41986687713
674,42722.41981362738
675,42722.41974990089
676,42722.4197979935
677,42722.419780877855
678,42722.41976659695
679,42722.41978450368
680,42722.41980014926
681,42722.41978257638
682,42722.41980212187
683,42722.41978424053
684,42722.419794347894
685,42722.419779417476
686,43550.47337839724
687,43550.473378397204
688,43550.47337839722
689,43550.47337839721
690,43550.473378397204
691,43550.473378397226
692,43550.473378397226
693,43550.47337839723
694,43550.473378397255
695,43550.47314183732
696,43550.473637571406
697,43550.473432184954
698,43550.4734274903
699,43550.47332011708
700,43550.473395711044
701,43550.473229408424
702,43550.47331243731
703,43550.47341317599
704,43550.47338382085
705,43550.47342022502
706,43550.47340801274
707,43550.473351445326
708,43550.47346179653
709,43550.47332510346
710,43550.47351577214
711,43550.473275530465
712,43550.47340799688
713,43550.4733217566
714,43550.47339045102
715,43550.47337384982
716,43550.47338779164
717,43550.47333361944
718,43550.473384093566
719,43550.47341207728
720,43550.47338651931
721,43550.47336487288
722,43550.47309391049
723,43550.473373255016
724,43550.47342927537
725,43550.47340391722
726,43550.47337300524
727,43550.473400910756
728,43550.47337671624
729,43550.473318151795
730,43550.47337246946
731,43550.47343715753
732,43550.47336999464
733,43550.47337203589
734,43550.47337344482
735,42585.847865917574
736,42585.84786591757
737,42585.84786591756
738,42585.847865917574
739,42585.84786591757
740,42585.84786591758
741,42585.84786591756
742,42585.84786591757
743,42585.84786591757
744,42585.847836816116
745,42585.847910223114
746,42585.847867160206
747,42585.84792077159
748,42585.84784178583
749,42585.84788971102
750,42585.84787244394
751,42585.84789844269
752,42585.84785120185
753,42585.847869060024
754,42585.84786894445
755,42585.84789343788
756,42585.8478280249
757,42585.84788582214
758,42585.847871191705
759,42585.847887441836
760,42585.8478480385
761,42585.84787153647
762,42585.8478959223
763,42585.847889657794
764,42585.84786675209
765,42585.84786947906
766,42585.84787412881
767,42585.84787297664
768,42585.84787334648
769,42585.84784804539
770,42585.84787286764
771,42585.84781046813
772,42585.84787988622
773,42585.84785498539
774,42585.8478819484
775,42585.8478652004
776,42585.84785910294
777,42585.84786603606
778,42585.84785890915
779,42585.84786378671
780,42585.84789455335
781,42585.847863310024
782,42585.84787170507
783,42585.84786124728
784,42524.87998668728
785,42524.87998668728
786,42524.87998668728
787,42524.87998668727
788,42524.87998668727
789,42524.87998668727
790,42524.87998668727
791,42524.87998668727
792,42524.87998668727
793,42524.87997208052
794,42524.88002527808
795,42524.8799974968
796,42524.880040198965
797,42524.879964659485
798,42524.88000778653
799,42524.88000484888
800,42524.87999163593
801,42524.87998219605
802,42524.87999104129
803,42524.879994964955
804,42524.88001409082
805,42524.87996205325
806,42524.879988309134
807,42524.879980476915
808,42524.87999909815
809,42524.87997310522
810,42524.879987309156
811,42524.8799912551
812,42524.87998214789
813,42524.879990780726
814,42524.879991879745
815,42524.87998453681
816,42524.87999128212
817,42524.87999936532
818,42524.87997619292
819,42524.87998831161
820,42524.879945730296
821,42524.88000095458
822,42524.879975042815
823,42524.88000253278
824,42524.87996229188
825,42524.87998200686
826,42524.879985562744
827,42524.87996863348
828,42524.87998385823
829,42524.88001570135
830,42524.879982618506
831,42524.8799916674
832,42524.87998250513
833,42298.782862277854
834,42298.78286227785
835,42298.78286227785
836,42298.78286227786
837,42298.782862277854
838,42298.782862277854
839,42298.782862277854
840,42298.78286227785
841,42298.78286227785
842,42298.78289112648
843,42298.78289459605
844,42298.78289283044
845,42298.78291472198
846,42298.78285973742
847,42298.78287825349
848,42298.78289665876
849,42298.78282947749
850,42298.782874855715
851,42298.7828689234
852,42298.78287600457
853,42298.78288241064
854,42298.782857002545
855,42298.78284718706
856,42298.78284445564
857,42298.78285269508
858,42298.78287254383
859,42298.78285295834
860,42298.7828298095
861,42298.782829184296
862,42298.78287038123
863,42298.78286901039
864,42298.78284744594
865,42298.782857578335
866,42298.7828802243
867,42298.78286264346
868,42298.782855526806
869,42298.782872576
870,42298.782867010996
871,42298.782850776166
872,42298.78287584387
873,42298.78280960884
874,42298.78285923101
875,42298.7828596498
876,42298.78283183704
877,42298.78285900142
878,42298.782887001944
879,42298.78285754965
880,42298.78286264801
881,42298.78285841257
882,42074.339141674514
883,42074.339141674485
884,42074.339141674485
885,42074.339141674514
886,42074.339141674485
887,42074.3391416745
888,42074.33914167449
889,42074.3391416745
890,42074.33914167449
891,42074.339176457
892,42074.3391872671
893,42074.33917347146
894,42074.33919529619
895,42074.33915907534
896,42074.33914878383
897,42074.33916154892
898,42074.339129339416
899,42074.3391553031
900,42074.33914888277
901,42074.33914602257
902,42074.339145023165
903,42074.339125543265
904,42074.339156336115
905,42074.339138156276
906,42074.33913738405
907,42074.33916165352
908,42074.339126477375
909,42074.33912211744
910,42074.33914402224
911,42074.33914619287
912,42074.33914482853
913,42074.33913568027
914,42074.33912718912
915,42074.339144042744
916,42074.33914159542
917,42074.339136138224
918,42074.33916923342
919,42074.339129841785
920,42074.339137995674
921,42074.339152860426
922,42074.3391164375
923,42074.33913766327
924,42074.339141476834
925,42074.33912469293
926,42074.33914159591
927,42074.3391477686
928,42074.33914029657
929,42074.33913597017
930,42074.339138109804
931,41859.79497599109
932,41859.794975991084
933,41859.79497599108
934,41859.79497599108
935,41859.794975991084
936,41859.79497599108
937,41859.79497599109
938,41859.79497599108
939,41859.794975991084
940,41859.79495558594
941,41859.795024471765
942,41859.79499118663
943,41859.7950283223
944,41859.79497842012
945,41859.79497830833
946,41859.794959942716
947,41859.79499759893
948,41859.794985615124
949,41859.794982069194
950,41859.79496328985
951,41859.79496427488
952,41859.79493337236
953,41859.7950214663
954,41859.794992756055
955,41859.79500059774
956,41859.79496525845
957,41859.794971902935
958,41859.79498935725
959,41859.79501284481
960,41859.79497395542
961,41859.79497306265
962,41859.79498666466
963,41859.79495992609
964,41859.79495352211
965,41859.79497381617
966,41859.79497807881
967,41859.79493907837
968,41859.79496652275
969,41859.79497959674
970,41859.7949912021
971,41859.79499553156
972,41859.794972072385
973,41859.79498071431
974,41859.79498328068
975,41859.794982789856
976,41859.794954692225
977,41859.79497959005
978,41859.794967833106
979,41859.79497497693
980,41695.333783017595
981,41695.333783017595
982,41695.333783017595
983,41695.33378301759
984,41695.33378301761
985,41695.33378301761
986,41695.3337830176
987,41695.33378301761
988,41695.333783017595
989,41695.333764187584
990,41695.33379053313
991,41695.33379245222
992,41695.333828150026
993,41695.33377784639
994,41695.33379782991
995,41695.33378151393
996,41695.33379143117
997,41695.33379805911
998,41695.33378898156
999,41695.33376649664
1000,41695.33377125185
1001,41695.333756496424
1002,41695.333799828186
1003,41695.3337976235
1004,41695.333807091236
1005,41695.333771738835
1006,41695.333788636366
1007,41695.3337924441
1008,41695.33379127752
1009,41695.33378131638
1010,41695.333780946225
1011,41695.33379234108
1012,41695.3337676465
1013,41695.33375714905
1014,41695.33378703154
1015,41695.33378455757
1016,41695.33373836099
1017,41695.33378212975
1018,41695.33378163379
1019,41695.333808026946
1020,41695.33379150979
1021,41695.33377982317
1022,41695.33378763638
1023,41695.33379170453
1024,41695.33378908409
1025,41695.33374791329
1026,41695.33378652328
1027,41695.3337779755
1028,41695.33378440044
1029,41431.880539841906
1030,41431.880539841906
1031,41431.880539841906
1032,41431.8805398419
1033,41431.8805398419
1034,41431.880539841906
1035,41431.8805398419
1036,41431.8805398419
1037,41431.8805398419
1038,41431.88052240072
1039,41431.88052864941
1040,41431.8805403435
1041,41431.88058054024
1042,41431.88053102228
1043,41431.88054043173
1044,41431.88054389853
1045,41431.880548870045
1046,41431.88055329797
1047,41431.880549689646
1048,41431.880530760434
1049,41431.88053527257
1050,41431.88051976035
1051,41431.88055060105
1052,41431.88055355673
1053,41431.88056339383
1054,41431.88051579391
1055,41431.8805361683
1056,41431.880550147216
1057,41431.880545468724
1058,41431.88053416826
1059,41431.88053538973
1060,41431.88054557323
1061,41431.88053251412
1062,41431.880509274866
1063,41431.88054689923
1064,41431.88054246397
1065,41431.88050056488
1066,41431.880543092404
1067,41431.880542105646
1068,41431.88056537916
1069,41431.88054998326
1070,41431.880538413214
1071,41431.88054413043
1072,41431.88054658673
1073,41431.88054623332
1074,41431.880511275485
1075,41431.880544803025
1076,41431.88053810321
1077,41431.88053677843
1078,41390.33444145416
1079,41390.33444145415
1080,41390.33444145416
1081,41390.33444145416
1082,41390.334441454164
1083,41390.33444145414
1084,41390.33444145416
1085,41390.334441454164
1086,41390.33444145417
1087,41390.33456093758
1088,41390.33443910505
1089,41390.33438354563
1090,41390.33450820398
1091,41390.33449338522
1092,41390.33449320537
1093,41390.33445880925
1094,41390.33438886247
1095,41390.334389784475
1096,41390.334420065796
1097,41390.33433539077
1098,41390.334392220895
1099,41390.33451050733
1100,41390.33441275377
1101,41390.33450162012
1102,41390.334436552206
1103,41390.33451224728
1104,41390.33446488063
1105,41390.334433681404
1106,41390.33444234873
1107,41390.33444043486
1108,41390.334451477764
1109,41390.33455125673
1110,41390.334467617955
1111,41390.33447429142
1112,41390.334450542294
1113,41390.334494525356
1114,41390.33454801147
1115,41390.33442520823
1116,41390.334410875366
1117,41390.33445757159
1118,41390.33441848121
1119,41390.33443638507
1120,41390.334441115265
1121,41390.334549222716
1122,41390.33450412667
1123,41390.3345111452
1124,41390.33448146469
1125,41390.33444282959
1126,41390.33444594447
1127,41210.26551120322
1128,41210.265511203215
1129,41210.265511203215
1130,41210.265511203215
1131,41210.26551120322
1132,41210.26551120322
1133,41210.26551120321
1134,41210.26551120324
1135,41210.265511203215
1136,41210.26553292686
1137,41210.26548457573
1138,41210.26549986531
1139,41210.265552155084
1140,41210.26551524301
1141,41210.265530629666
1142,41210.2655286912
1143,41210.26550639611
1144,41210.26551441744
1145,41210.26551503135
1146,41210.2654818341
1147,41210.26549776426
1148,41210.265511290745
1149,41210.265501547794
1150,41210.265534342514
1151,41210.265520285604
1152,41210.2655151161
1153,41210.265515978615
1154,41210.265516112
1155,41210.265503662136
1156,41210.26550768951
1157,41210.26551038274
1158,41210.26553784381
1159,41210.26550700527
1160,41210.26549498337
1161,41210.26551728924
1162,41210.26552263915
1163,41210.265512388214
1164,41210.26551397587
1165,41210.26550175433
1166,41210.265532579986
1167,41210.265506560885
1168,41210.265508408374
1169,41210.265514654384
1170,41210.26553961539
1171,41210.265525194955
1172,41210.265496955624
1173,41210.26552179407
1174,41210.26551129586
1175,41210.265515132625
1176,41075.85868657045
1177,41075.85868657045
1178,41075.85868657044
1179,41075.85868657046
1180,41075.85868657046
1181,41075.85868657046
1182,41075.858686570464
1183,41075.85868657045
1184,41075.85868657045
1185,41075.85872235414
1186,41075.858713153466
1187,41075.85866873409
1188,41075.858729969084
1189,41075.85870424684
1190,41075.8587008466
1191,41075.85869523934
1192,41075.85861441117
1193,41075.85866402719
1194,41075.85869105121
1195,41075.85869001562
1196,41075.85868937291
1197,41075.85874125613
1198,41075.85864935516
1199,41075.858677821336
1200,41075.85868914919
1201,41075.85870497619
1202,41075.858689000546
1203,41075.85864522313
1204,41075.858664846906
1205,41075.85868707342
1206,41075.85869933709
1207,41075.85868674144
1208,41075.85868636059
1209,41075.85873577844
1210,41075.85870885214
1211,41075.85868762859
1212,41075.85872122322
1213,41075.85867927108
1214,41075.8586759061
1215,41075.85870083524
1216,41075.85862271816
1217,41075.8586904767
1218,41075.858679335
1219,41075.85867760199
1220,41075.85869443128
1221,41075.858751547385
1222,41075.85870161793
1223,41075.85868797852
1224,41075.85869242399
1225,41029.76891480928
1226,41029.76891480929
1227,41029.76891480928
1228,41029.76891480928
1229,41029.76891480929
1230,41029.76891480929
1231,41029.76891480929
1232,41029.768914809276
1233,41029.76891480928
1234,41029.76889004773
1235,41029.76889506821
1236,41029.76889287627
1237,41029.76897221798
1238,41029.76892453814
1239,41029.768915362
1240,41029.7688872206
1241,41029.768950412734
1242,41029.76889970601
1243,41029.76893016888
1244,41029.76891750844
1245,41029.768886546524
1246,41029.76888737443
1247,41029.76895435673
1248,41029.76893211979
1249,41029.76895285131
1250,41029.768903115146
1251,41029.7689246992
1252,41029.768962945454
1253,41029.76895938408
1254,41029.76889595267
1255,41029.76891173812
1256,41029.76892839465
1257,41029.768938206566
1258,41029.76887442
1259,41029.768917627174
1260,41029.76893114125
1261,41029.768893745284
1262,41029.76890206496
1263,41029.76891741695
1264,41029.76892588837
1265,41029.76897007009
1266,41029.76890711912
1267,41029.76891723229
1268,41029.76892883913
1269,41029.76896377146
1270,41029.768918781134
1271,41029.76893207312
1272,41029.76891015057
1273,41029.76891815446
1274,40990.798441448955
1275,40990.798441448955
1276,40990.798441448955
1277,40990.79844144896
1278,40990.79844144896
1279,40990.79844144897
1280,40990.798441448955
1281,40990.798441448955
1282,40990.79844144897
1283,40990.79843730136
1284,40990.79842484293
1285,40990.79843966913
1286,40990.79847627347
1287,40990.79844120821
1288,40990.79844246805
1289,40990.798451804505
1290,40990.798438030026
1291,40990.798446705405
1292,40990.79845619812
1293,40990.79846169334
1294,40990.79844702159
1295,40990.7984388144
1296,40990.79843446483
1297,40990.798436560304
1298,40990.79845228662
1299,40990.79843773754
1300,40990.798437966994
1301,40990.79844151251
1302,40990.79843982821
1303,40990.79843444259
1304,40990.79844368756
1305,40990.798424682616
1306,40990.79843474175
1307,40990.79843442194
1308,40990.79845174664
1309,40990.798433795426
1310,40990.79843877925
1311,40990.79843995075
1312,40990.79843811415
1313,40990.79845398569
1314,40990.79843124529
1315,40990.79843975837
1316,40990.79843937135
1317,40990.79842293985
1318,40990.798441156265
1319,40990.79843549061
1320,40990.798442911124
1321,40990.798440117695
1322,40990.798446703004
1323,40917.116275099586
1324,40917.11627509958
1325,40917.11627509958
1326,40917.116275099586
1327,40917.11627509957
1328,40917.11627509958
1329,40917.11627509958
1330,40917.11627509958
1331,40917.116275099586
1332,40917.11629233306
1333,40917.11625251211
1334,40917.11626651074
1335,40917.116313218045
1336,40917.116283220574
1337,40917.116281926035
1338,40917.116287681005
1339,40917.116274235304
1340,40917.11627052592
1341,40917.11628706393
1342,40917.11628842728
1343,40917.11627540921
1344,40917.11627937841
1345,40917.116268799226
1346,40917.11627559003
1347,40917.11628022846
1348,40917.11628674179
1349,40917.11627407452
1350,40917.1162817344
1351,40917.11628075819
1352,40917.116267241065
1353,40917.116278882015
1354,40917.11626806239
1355,40917.116271887484
1356,40917.11627095571
1357,40917.116283238094
1358,40917.11627233574
1359,40917.11629758491
1360,40917.11627083398
1361,40917.11626587445
1362,40917.11628508922
1363,40917.11627162657
1364,40917.11627098857
1365,40917.11627244479
1366,40917.11626598941
1367,40917.11628112139
1368,40917.11627816167
1369,40917.11627991747
1370,40917.11627349103
1371,40917.11628023926
1372,40925.36122340356
1373,40925.36122340354
1374,40925.36122340355
1375,40925.36122340355
1376,40925.361223403546
1377,40925.36122340355
1378,40925.36122340356
1379,40925.36122340355
1380,40925.36122340357
1381,40925.36111930679
1382,40925.36128125129
1383,40925.36120716496
1384,40925.36127008105
1385,40925.36121978127
1386,40925.3612245569
1387,40925.36115304501
1388,40925.361183723886
1389,40925.36119982707
1390,40925.36121903535
1391,40925.361213101314
1392,40925.36119883923
1393,40925.361219559425
1394,40925.36123681184
1395,40925.36122325903
1396,40925.36127677967
1397,40925.36118104127
1398,40925.361247722
1399,40925.36122138396
1400,40925.36124354107
1401,40925.36122299808
1402,40925.3612394577
1403,40925.36123794266
1404,40925.36123069587
1405,40925.361256789256
1406,40925.36123602453
1407,40925.36123276605
1408,40925.36112628488
1409,40925.36120436375
1410,40925.3612412901
1411,40925.3612320778
1412,40925.36121252011
1413,40925.361224691944
1414,40925.36121856277
1415,40925.361233732314
1416,40925.3612549111
1417,40925.361261252954
1418,40925.36123745959
1419,40925.361218754835
1420,40925.36122760299
1421,40859.7432495563
1422,40859.74324955631
1423,40859.74324955631
1424,40859.74324955631
1425,40859.74324955629
1426,40859.743249556304
1427,40859.743249556304
1428,40859.74324955631
1429,40859.74324955631
1430,40859.7432007213
1431,40859.74326716429
1432,40859.74323973425
1433,40859.743289159356
1434,40859.74325047985
1435,40859.74325403226
1436,40859.74322184194
1437,40859.743230132306
1438,40859.74324046067
1439,40859.74325492012
1440,40859.74325354067
1441,40859.743240464246
1442,40859.743248379
1443,40859.74325064628
1444,40859.74324860198
1445,40859.74327977699
1446,40859.74323369216
1447,40859.74326243669
1448,40859.74324904828
1449,40859.743258648
1450,40859.743245463695
1451,40859.74325820036
1452,40859.74324988277
1453,40859.74324826146
1454,40859.74326248876
1455,40859.743260163785
1456,40859.74325050066
1457,40859.743208160384
1458,40859.74323846224
1459,40859.74325311672
1460,40859.74325877055
1461,40859.743239318756
1462,40859.743248352126
1463,40859.743246041435
1464,40859.7432471553
1465,40859.743263418255
1466,40859.74326467322
1467,40859.74325733397
1468,40859.74324672148
1469,40859.7432545589
1470,40790.181013306035
1471,40790.181013306035
1472,40790.18101330603
1473,40790.181013306035
1474,40790.181013306035
1475,40790.18101330603
1476,40790.181013306035
1477,40790.18101330604
1478,40790.181013306035
1479,40790.18101503124
1480,40790.181005564606
1481,40790.180999664044
1482,40790.18105501306
1483,40790.18102682943
1484,40790.18101752768
1485,40790.18099992125
1486,40790.181012080786
1487,40790.180996798495
1488,40790.18101496428
1489,40790.18101069395
1490,40790.18099597377
1491,40790.18102005646
1492,40790.18101950176
1493,40790.18101861649
1494,40790.181027477156
1495,40790.18102535136
1496,40790.18101945536
1497,40790.18103139701
1498,40790.18103619745
1499,40790.18100828388
1500,40790.181024872116
1501,40790.181022931094
1502,40790.18101466496
1503,40790.18101744803
1504,40790.18101805359
1505,40790.1810183622
1506,40790.18103172081
1507,40790.180999211785
1508,40790.18100579861
1509,40790.181017418225
1510,40790.18102487737
1511,40790.18100634067
1512,40790.18100929525
1513,40790.181021376324
1514,40790.181034208275
1515,40790.18101987903
1516,40790.18102183922
1517,40790.18100872423
1518,40790.181017388655
1519,40712.84398050264
1520,40712.843980502665
1521,40712.84398050264
1522,40712.84398050265
1523,40712.84398050266
1524,40712.84398050264
1525,40712.84398050265
1526,40712.84398050267
1527,40712.84398050265
1528,40712.843998479104
1529,40712.84395671818
1530,40712.84397421231
1531,40712.844014207854
1532,40712.843992567476
1533,40712.84398022152
1534,40712.84397879862
1535,40712.843990342764
1536,40712.84397161368
1537,40712.84397975343
1538,40712.843978042896
1539,40712.843964237254
1540,40712.84398661954
1541,40712.8439850375
1542,40712.84398358514
1543,40712.843983761915
1544,40712.844000598474
1545,40712.84398003703
1546,40712.844003819344
1547,40712.844001847545
1548,40712.84397905443
1549,40712.843994779934
1550,40712.84398694514
1551,40712.84397280717
1552,40712.84397729236
1553,40712.84398060186
1554,40712.843981150276
1555,40712.844019411015
1556,40712.843968750814
1557,40712.84396783562
1558,40712.843981775804
1559,40712.84399744782
1560,40712.84397072771
1561,40712.84397658869
1562,40712.84398738191
1563,40712.84399233908
1564,40712.84396105955
1565,40712.8439834611
1566,40712.8439748648
1567,40712.84398403769
1568,40626.46608149587
1569,40626.46608149586
1570,40626.46608149587
1571,40626.46608149587
1572,40626.46608149587
1573,40626.46608149587
1574,40626.46608149587
1575,40626.46608149586
1576,40626.46608149587
1577,40626.46609411207
1578,40626.46605680751
1579,40626.46607627272
1580,40626.46611255966
1581,40626.46608108244
1582,40626.466075433855
1583,40626.46608175492
1584,40626.46609537643
1585,40626.46607008722
1586,40626.46607771673
1587,40626.466076964774
1588,40626.466071710565
1589,40626.466082670115
1590,40626.46608789678
1591,40626.46608638054
1592,40626.466080624596
1593,40626.46609196643
1594,40626.466077200355
1595,40626.46610578751
1596,40626.46610517685
1597,40626.466083009946
1598,40626.46609625666
1599,40626.46608976252
1600,40626.46607150598
1601,40626.46607871671
1602,40626.466076968034
1603,40626.466081867045
1604,40626.466108363995
1605,40626.46607719338
1606,40626.46606782869
1607,40626.466081702674
1608,40626.46610125544
1609,40626.46607212645
1610,40626.46607722205
1611,40626.466090434
1612,40626.46608647432
1613,40626.466063906446
1614,40626.46608201559
1615,40626.46607656337
1616,40626.46608438103
1617,40774.36303790573
1618,40774.36303790573
1619,40774.363037905736
1620,40774.36303790574
1621,40774.363037905736
1622,40774.36303790572
1623,40774.363037905736
1624,40774.36303790572
1625,40774.36303790573
1626,40774.36285389542
1627,40774.36308417555
1628,40774.363062896766
1629,40774.363043383986
1630,40774.363038212134
1631,40774.36296548295
1632,40774.362933736695
1633,40774.3630406924
1634,40774.36306632309
1635,40774.36301883067
1636,40774.36303964855
1637,40774.36299575034
1638,40774.36295036309
1639,40774.363103477444
1640,40774.362995304415
1641,40774.36309057261
1642,40774.36293296004
1643,40774.363044829486
1644,40774.36308955455
1645,40774.36305013386
1646,40774.363068861465
1647,40774.36308526106
1648,40774.36302527775
1649,40774.36302184143
1650,40774.362995525145
1651,40774.36302643406
1652,40774.36303267955
1653,40774.36288427221
1654,40774.36298749275
1655,40774.36311111017
1656,40774.36304287125
1657,40774.36307887194
1658,40774.36304143064
1659,40774.36303639567
1660,40774.36303689753
1661,40774.36306029775
1662,40774.36292523777
1663,40774.363030403016
1664,40774.36302126127
1665,40774.3630317676
1666,40539.08186316924
1667,40539.08186316923
1668,40539.08186316924
1669,40539.08186316923
1670,40539.08186316923
1671,40539.08186316924
1672,40539.08186316923
1673,40539.08186316924
1674,40539.08186316924
1675,40539.08182057833
1676,40539.081862881925
1677,40539.08187265148
1678,40539.08188098481
1679,40539.08186041908
1680,40539.08183725843
1681,40539.08184375074
1682,40539.081865707194
1683,40539.081873361094
1684,40539.08185668516
1685,40539.08186487016
1686,40539.08184362281
1687,40539.081848213966
1688,40539.08187508848
1689,40539.081850591494
1690,40539.08187872603
1691,40539.08184086917
1692,40539.08185760357
1693,40539.08187870747
1694,40539.081868137706
1695,40539.08187454042
1696,40539.08188638762
1697,40539.08185758198
1698,40539.08184555235
1699,40539.081850866794
1700,40539.0818602691
1701,40539.08185730551
1702,40539.081838259124
1703,40539.08184717432
1704,40539.081873863186
1705,40539.08186684454
1706,40539.08187093227
1707,40539.08185939563
1708,40539.08185951359
1709,40539.081862283565
1710,40539.081868478796
1711,40539.081809318275
1712,40539.0818579586
1713,40539.081854541946
1714,40539.08186401491
1715,40375.87997725049
1716,40375.8799772505
1717,40375.87997725049
1718,40375.87997725049
1719,40375.87997725049
1720,40375.87997725048
1721,40375.87997725049
1722,40375.8799772505
1723,40375.8799772505
1724,40375.879963356405
1725,40375.879980374666
1726,40375.879990458656
1727,40375.879988868684
1728,40375.879972369956
1729,40375.87996231996
1730,40375.87998937992
1731,40375.879954136806
1732,40375.87998804251
1733,40375.87997051408
1734,40375.87998418286
1735,40375.879972491115
1736,40375.8799861917
1737,40375.87995668163
1738,40375.87996354446
1739,40375.879976737015
1740,40375.879971737544
1741,40375.879971352704
1742,40375.87995759354
1743,40375.87995663611
1744,40375.87999170255
1745,40375.879998706965
1746,40375.87996338945
1747,40375.87995436441
1748,40375.8799912033
1749,40375.879979729674
1750,40375.87996617118
1751,40375.879973339055
1752,40375.87996870417
1753,40375.87997661129
1754,40375.87998661921
1755,40375.879945417015
1756,40375.879977792945
1757,40375.87996998449
1758,40375.879966833265
1759,40375.879968242385
1760,40375.87995000715
1761,40375.87996679336
1762,40375.87997103024
1763,40375.87997978913
1764,40151.87180108685
1765,40151.87180108684
1766,40151.87180108684
1767,40151.871801086854
1768,40151.87180108684
1769,40151.87180108685
1770,40151.87180108685
1771,40151.87180108685
1772,40151.87180108684
1773,40151.871841075495
1774,40151.87177030345
1775,40151.87180738813
1776,40151.871826407936
1777,40151.87177379561
1778,40151.871782793336
1779,40151.87177012307
1780,40151.871832950455
1781,40151.87178053716
1782,40151.87178309499
1783,40151.87181304667
1784,40151.87178646914
1785,40151.87180220852
1786,40151.87183498852
1787,40151.87177934791
1788,40151.87178381114
1789,40151.871804283284
1790,40151.87179323604
1791,40151.87187022733
1792,40151.8718310429
1793,40151.87183020123
1794,40151.871840786494
1795,40151.87180097283
1796,40151.87180183668
1797,40151.87178003987
1798,40151.871770568454
1799,40151.871803491784
1800,40151.87181690219
1801,40151.871811125086
1802,40151.87177658781
1803,40151.87179424751
1804,40151.87186878881
1805,40151.87180159519
1806,40151.87179655425
1807,40151.87180759733
1808,40151.87181448557
1809,40151.87176810143
1810,40151.87179776707
1811,40151.87178911886
1812,40151.871791025274
1813,40032.825332398555
1814,40032.82533239857
1815,40032.82533239856
1816,40032.825332398555
1817,40032.82533239856
1818,40032.82533239857
1819,40032.825332398555
1820,40032.82533239856
1821,40032.825332398555
1822,40032.82520940533
1823,40032.82532651409
1824,40032.82532108673
1825,40032.82536521007
1826,40032.82534077816
1827,40032.82533485136
1828,40032.82526416475
1829,40032.82536017007
1830,40032.82531700094
1831,40032.825345634614
1832,40032.82535556427
1833,40032.82532403395
1834,40032.825220129904
1835,40032.82538529882
1836,40032.82533779749
1837,40032.82535128963
1838,40032.82528165457
1839,40032.82538160501
1840,40032.82540020239
1841,40032.82536386362
1842,40032.82534384443
1843,40032.82531394202
1844,40032.82533043165
1845,40032.82534933367
1846,40032.825301032026
1847,40032.82531915709
1848,40032.825340225216
1849,40032.82521587494
1850,40032.82527722388
1851,40032.82538452372
1852,40032.825334683286
1853,40032.825392707244
1854,40032.82534285286
1855,40032.82535769691
1856,40032.82533967233
1857,40032.825355105335
1858,40032.825337739225
1859,40032.82534825568
1860,40032.82531472567
1861,40032.825323380224
1862,39997.83596972731
1863,39997.8359697273
1864,39997.8359697273
1865,39997.8359697273
1866,39997.83596972731
1867,39997.8359697273
1868,39997.8359697273
1869,39997.835969727304
1870,39997.8359697273
1871,39997.83601306895
1872,39997.83594870175
1873,39997.83597365649
1874,39997.83598358282
1875,39997.83595570536
1876,39997.83598154688
1877,39997.83602832012
1878,39997.835936623516
1879,39997.83597001805
1880,39997.83597217339
1881,39997.835987957755
1882,39997.83598902298
1883,39997.836009123705
1884,39997.83591783459
1885,39997.83597247819
1886,39997.83595221853
1887,39997.83600053713
1888,39997.83597039234
1889,39997.83592237954
1890,39997.835933226415
1891,39997.83597268011
1892,39997.83597178373
1893,39997.83595494776
1894,39997.83595832908
1895,39997.83600165173
1896,39997.835975579685
1897,39997.83596030747
1898,39997.8360038002
1899,39997.83597741869
1900,39997.83594188278
1901,39997.835992874
1902,39997.835914730545
1903,39997.835975258975
1904,39997.83595959438
1905,39997.83595517774
1906,39997.83595127732
1907,39997.83600481148
1908,39997.835962953715
1909,39997.83596779742
1910,39997.83597589462
1911,39870.84483956255
1912,39870.84483956255
1913,39870.844839562546
1914,39870.844839562546
1915,39870.844839562546
1916,39870.844839562546
1917,39870.84483956255
1918,39870.844839562546
1919,39870.844839562546
1920,39870.84487081741
1921,39870.84481903595
1922,39870.84483861844
1923,39870.84486025843
1924,39870.84481914347
1925,39870.84483945579
1926,39870.84486304572
1927,39870.84483319166
1928,39870.84483150674
1929,39870.84484166816
1930,39870.844854463976
1931,39870.84484429301
1932,39870.844856793825
1933,39870.84482060808
1934,39870.844841674174
1935,39870.844824812804
1936,39870.84485326512
1937,39870.84483857947
1938,39870.84483574861
1939,39870.844830053546
1940,39870.844849372785
1941,39870.84484022575
1942,39870.84483434983
1943,39870.8448381647
1944,39870.84485058162
1945,39870.844834936026
1946,39870.84483867986
1947,39870.84485519424
1948,39870.84484640924
1949,39870.84481871492
1950,39870.8448498174
1951,39870.844830792186
1952,39870.84484493794
1953,39870.8448408292
1954,39870.84483785776
1955,39870.84483768855
1956,39870.844858372984
1957,39870.84484142139
1958,39870.84483179426
1959,39870.844838765246
1960,39839.17904661473
1961,39839.179046614714
1962,39839.17904661472
1963,39839.17904661473
1964,39839.17904661473
1965,39839.17904661472
1966,39839.17904661472
1967,39839.179046614714
1968,39839.17904661473
1969,39839.179028911334
1970,39839.179040946685
1971,39839.17904668384
1972,39839.179069249425
1973,39839.17903818618
1974,39839.17904612087
1975,39839.17903526059
1976,39839.17904755385
1977,39839.17903823566
1978,39839.1790481991
1979,39839.17905710994
1980,39839.17904507663
1981,39839.17902560216
1982,39839.17905196553
1983,39839.179045116136
1984,39839.179044544806
1985,39839.17903876917
1986,39839.17905942552
1987,39839.17906597591
1988,39839.17904909942
1989,39839.17906232252
1990,39839.17904730129
1991,39839.17904595884
1992,39839.179048763006
1993,39839.1790450288
1994,39839.17903779773
1995,39839.1790497182
1996,39839.17902100657
1997,39839.17903192768
1998,39839.17905196373
1999,39839.17905330353
2000,39839.179059193724
2001,39839.17905329326
2002,39839.179055094864
2003,39839.17905113772
2004,39839.17905260634
2005,39839.1790536488
2006,39839.17905296157
2007,39839.179035891684
2008,39839.179041810654
2009,39817.23521162428
2010,39817.23521162428
2011,39817.235211624284
2012,39817.23521162428
2013,39817.235211624284
2014,39817.23521162428
2015,39817.23521162428
2016,39817.235211624284
2017,39817.23521162428
2018,39817.235206500554
2019,39817.235210398874
2020,39817.235212059764
2021,39817.23523383177
2022,39817.2352036264
2023,39817.23521156447
2024,39817.23520094918
2025,39817.23521069895
2026,39817.235204686454
2027,39817.23521362057
2028,39817.23521853061
2029,39817.23520897526
2030,39817.23519775737
2031,39817.23521693813
2032,39817.23520982314
2033,39817.23520829475
2034,39817.23520775648
2035,39817.23522106195
2036,39817.235229494225
2037,39817.23521418584
2038,39817.23522886414
2039,39817.23521091185
2040,39817.23521333997
2041,39817.23521343043
2042,39817.23521169829
2043,39817.23520354868
2044,39817.235215804496
2045,39817.2351956791
2046,39817.23520025058
2047,39817.23521374275
2048,39817.2352166073
2049,39817.23522243752
2050,39817.23521829441
2051,39817.23522226385
2052,39817.235218251764
2053,39817.23521785854
2054,39817.23521737975
2055,39817.23521966671
2056,39817.23520132445
2057,39817.23520633504
2058,39756.39082972691
2059,39756.39082972691
2060,39756.3908297269
2061,39756.3908297269
2062,39756.39082972691
2063,39756.39082972689
2064,39756.3908297269
2065,39756.39082972691
2066,39756.3908297269
2067,39756.39081090594
2068,39756.39084446043
2069,39756.390839148225
2070,39756.390844520574
2071,39756.39083203228
2072,39756.39081863297
2073,39756.39082285121
2074,39756.39081528299
2075,39756.39083277111
2076,39756.390828601856
2077,39756.390825412826
2078,39756.390830995166
2079,39756.39081715384
2080,39756.390829859316
2081,39756.390825115006
2082,39756.39083217154
2083,39756.39081623082
2084,39756.39083298298
2085,39756.390830772085
2086,39756.39082370966
2087,39756.39084828304
2088,39756.390834002195
2089,39756.390834078666
2090,39756.3908237411
2091,39756.39083489551
2092,39756.390825934395
2093,39756.39083211649
2094,39756.39081377971
2095,39756.39081497796
2096,39756.39084275171
2097,39756.3908388024
2098,39756.390820764034
2099,39756.390835427184
2100,39756.39083598714
2101,39756.390837185645
2102,39756.39082848566
2103,39756.39082941408
2104,39756.390835007915
2105,39756.39082422607
2106,39756.390826169096
2107,39760.55989333039
2108,39760.559893330385
2109,39760.55989333039
2110,39760.55989333039
2111,39760.55989333039
2112,39760.55989333039
2113,39760.55989333039
2114,39760.559893330385
2115,39760.55989333039
2116,39760.55996038843
2117,39760.559924484136
2118,39760.55990413834
2119,39760.55990200657
2120,39760.55986749618
2121,39760.559863066854
2122,39760.55990264091
2123,39760.5598768802
2124,39760.55990446656
2125,39760.5598995917
2126,39760.55988717918
2127,39760.559881520385
2128,39760.5599486982
2129,39760.559880504115
2130,39760.55988652989
2131,39760.55987176018
2132,39760.55988206429
2133,39760.559839310066
2134,39760.559886556686
2135,39760.559891208
2136,39760.55991592499
2137,39760.55988534827
2138,39760.55989693459
2139,39760.559886393436
2140,39760.559914253136
2141,39760.559896104096
2142,39760.55989657265
2143,39760.55994092516
2144,39760.55994564592
2145,39760.559876768435
2146,39760.55987467367
2147,39760.559880082714
2148,39760.55989433961
2149,39760.55991265738
2150,39760.559901514585
2151,39760.559897920415
2152,39760.55988176679
2153,39760.55990524817
2154,39760.55988604933
2155,39760.55988785442
2156,39721.55552717832
2157,39721.55552717834
2158,39721.55552717834
2159,39721.55552717833
2160,39721.55552717832
2161,39721.55552717834
2162,39721.55552717834
2163,39721.55552717832
2164,39721.55552717833
2165,39721.55555034451
2166,39721.555546121584
2167,39721.555538218694
2168,39721.55553807629
2169,39721.55551793974
2170,39721.55550904724
2171,39721.55553210355
2172,39721.55550941772
2173,39721.555534735584
2174,39721.55552930471
2175,39721.555522238785
2176,39721.55552276443
2177,39721.55554839392
2178,39721.55551667549
2179,39721.555520667156
2180,39721.55551770292
2181,39721.55551765314
2182,39721.55550523709
2183,39721.55552101206
2184,39721.55551855374
2185,39721.5555474469
2186,39721.55552641482
2187,39721.55553021364
2188,39721.55551987098
2189,39721.55554006494
2190,39721.55552732862
2191,39721.55552921564
2192,39721.55554413324
2193,39721.55554071217
2194,39721.55552618074
2195,39721.55552583266
2196,39721.55551275121
2197,39721.55553059327
2198,39721.55553868367
2199,39721.555533973806
2200,39721.5555277345
2201,39721.55552141718
2202,39721.5555349219
2203,39721.55552106433
2204,39721.55552305093
2205,39675.04048827185
2206,39675.04048827184
2207,39675.04048827184
2208,39675.04048827185
2209,39675.04048827185
2210,39675.04048827185
2211,39675.04048827185
2212,39675.04048827185
2213,39675.04048827185
2214,39675.04050893052
2215,39675.04049556779
2216,39675.04050115249
2217,39675.040493623055
2218,39675.040482087665
2219,39675.04048099711
2220,39675.040505745346
2221,39675.04046691164
2222,39675.04049936828
2223,39675.04049175659
2224,39675.040487660684
2225,39675.04048579946
2226,39675.04051204154
2227,39675.04046500518
2228,39675.04048087849
2229,39675.0404777107
2230,39675.04048503162
2231,39675.04047057728
2232,39675.04047159651
2233,39675.04046820594
2234,39675.040503449425
2235,39675.040487272425
2236,39675.040484881196
2237,39675.040477188566
2238,39675.04050195734
2239,39675.040493211876
2240,39675.040485921076
2241,39675.04050744558
2242,39675.04049854256
2243,39675.04048769194
2244,39675.04049386504
2245,39675.04046541926
2246,39675.04049072219
2247,39675.040496300164
2248,39675.04048890242
2249,39675.04048490571
2250,39675.040479969
2251,39675.04049236207
2252,39675.04048349167
2253,39675.040486498976
2254,39575.109564595296
2255,39575.10956459529
2256,39575.1095645953
2257,39575.10956459532
2258,39575.109564595296
2259,39575.1095645953
2260,39575.109564595296
2261,39575.109564595296
2262,39575.109564595296
2263,39575.10958883736
2264,39575.10955903413
2265,39575.109575732895
2266,39575.109565588034
2267,39575.1095579718
2268,39575.1095729464
2269,39575.109576036164
2270,39575.109557868615
2271,39575.109574694725
2272,39575.10956882712
2273,39575.1095698962
2274,39575.10956084262
2275,39575.109582876656
2276,39575.10955296443
2277,39575.109558357515
2278,39575.10955422869
2279,39575.109571855566
2280,39575.10955536659
2281,39575.109559021184
2282,39575.10955671872
2283,39575.10957395934
2284,39575.10956503858
2285,39575.10955719491
2286,39575.10955405101
2287,39575.109570460685
2288,39575.10956843237
2289,39575.10955979188
2290,39575.10958910625
2291,39575.10957998339
2292,39575.109556032454
2293,39575.109566749175
2294,39575.109558444856
2295,39575.109564454215
2296,39575.10956995815
2297,39575.10956192495
2298,39575.10956211247
2299,39575.10954697222
2300,39575.109565636405
2301,39575.10956069912
2302,39575.10956351008
2303,39520.0584307016
2304,39520.05843070159
2305,39520.058430701596
2306,39520.0584307016
2307,39520.0584307016
2308,39520.0584307016
2309,39520.05843070161
2310,39520.05843070159
2311,39520.0584307016
2312,39520.058380999435
2313,39520.05842577679
2314,39520.05843692737
2315,39520.05843131284
2316,39520.05843091088
2317,39520.058429295896
2318,39520.058433227205
2319,39520.058426834694
2320,39520.05843885407
2321,39520.05843636597
2322,39520.058441422734
2323,39520.05843017803
2324,39520.05841281566
2325,39520.05842160489
2326,39520.05842620948
2327,39520.05842865691
2328,39520.058401928174
2329,39520.05842907091
2330,39520.058427074946
2331,39520.05842375706
2332,39520.058432913545
2333,39520.058430291814
2334,39520.0584213178
2335,39520.05842388031
2336,39520.05843245037
2337,39520.05843545367
2338,39520.058424741714
2339,39520.058404391006
2340,39520.05843029158
2341,39520.058453627804
2342,39520.05843434487
2343,39520.05842524745
2344,39520.05843043583
2345,39520.05843300455
2346,39520.058425204275
2347,39520.05842967928
2348,39520.05841898223
2349,39520.058429766264
2350,39520.05842685128
2351,39520.05843103668
2352,39491.90043332954
2353,39491.90043332953
2354,39491.90043332953
2355,39491.90043332953
2356,39491.90043332952
2357,39491.90043332952
2358,39491.90043332954
2359,39491.90043332953
2360,39491.90043332952
2361,39491.90041661081
2362,39491.9004277363
2363,39491.90043352796
2364,39491.90044022611
2365,39491.90042583773
2366,39491.90043750513
2367,39491.90042839287
2368,39491.900442927086
2369,39491.90043583851
2370,39491.90043984109
2371,39491.90044397308
2372,39491.9004330831
2373,39491.90042463049
2374,39491.90044271633
2375,39491.90043568617
2376,39491.900431261914
2377,39491.90042734353
2378,39491.9004410353
2379,39491.90044112534
2380,39491.90044808034
2381,39491.90043247981
2382,39491.90042989051
2383,39491.900429069225
2384,39491.90043198303
2385,39491.900433517876
2386,39491.900432848895
2387,39491.90043018367
2388,39491.90042851082
2389,39491.900444107814
2390,39491.90042845014
2391,39491.900429594774
2392,39491.900443771796
2393,39491.900432049
2394,39491.90043595033
2395,39491.90043172475
2396,39491.90043468617
2397,39491.90042949066
2398,39491.9004341302
2399,39491.90043078896
2400,39491.90043303068
2401,39472.012793999005
2402,39472.012793999
2403,39472.012793999005
2404,39472.012793999005
2405,39472.012793999005
2406,39472.012793999005
2407,39472.01279399901
2408,39472.012793999005
2409,39472.01279399901
2410,39472.012780384015
2411,39472.01279525406
2412,39472.012792082816
2413,39472.01280275875
2414,39472.012789006505
2415,39472.01280005191
2416,39472.012789708155
2417,39472.01279938607
2418,39472.01279514112
2419,39472.012799921984
2420,39472.01280064546
2421,39472.01279397378
2422,39472.012789482375
2423,39472.01280170753
2424,39472.01279782873
2425,39472.01279316975
2426,39472.01278962351
2427,39472.012802266596
2428,39472.01279789017
2429,39472.01280701863
2430,39472.012793317095
2431,39472.012790334615
2432,39472.012793471185
2433,39472.012794059614
2434,39472.01279701864
2435,39472.01279392269
2436,39472.012792770605
2437,39472.01279113311
2438,39472.012802447556
2439,39472.01278983822
2440,39472.01278996475
2441,39472.012800143646
2442,39472.01279346002
2443,39472.01279646704
2444,39472.012795333925
2445,39472.01279600949
2446,39472.01279540977
2447,39472.01279609191
2448,39472.01279214584
2449,39472.01279368152
2450,39434.71684980052
2451,39434.71684980051
2452,39434.71684980052
2453,39434.716849800505
2454,39434.716849800505
2455,39434.71684980052
2456,39434.71684980052
2457,39434.71684980052
2458,39434.71684980052
2459,39434.71686485804
2460,39434.71685285508
2461,39434.716843548435
2462,39434.71685920242
2463,39434.71684688285
2464,39434.71685649089
2465,39434.71685119177
2466,39434.716851685225
2467,39434.716848845106
2468,39434.71685407667
2469,39434.71684900844
2470,39434.716848227
2471,39434.71686009967
2472,39434.71685371767
2473,39434.71685513875
2474,39434.716847838215
2475,39434.71685870192
2476,39434.71685320257
2477,39434.71685041012
2478,39434.71685811015
2479,39434.716849341625
2480,39434.71684893234
2481,39434.71685492599
2482,39434.71685035876
2483,39434.7168544062
2484,39434.716850374665
2485,39434.71685124141
2486,39434.71686809905
2487,39434.716857082654
2488,39434.71683835393
2489,39434.71684660403
2490,39434.71685219855
2491,39434.716850873636
2492,39434.716850505705
2493,39434.71685656372
2494,39434.716852459314
2495,39434.716853532685
2496,39434.716852819525
2497,39434.71684867969
2498,39434.71684936776
2499,39417.120777274045
2500,39417.12077727406
2501,39417.12077727406
2502,39417.120777274045
2503,39417.120777274045
2504,39417.12077727405
2505,39417.12077727404
2506,39417.12077727404
2507,39417.12077727404
2508,39417.12077992641
2509,39417.12078549286
2510,39417.12076891831
2511,39417.12078555824
2512,39417.12077792467
2513,39417.12077814446
2514,39417.120775976364
2515,39417.12077693228
2516,39417.12077722382
2517,39417.120781985126
2518,39417.12077369392
2519,39417.12077408262
2520,39417.12078019843
2521,39417.12078058534
2522,39417.12078195415
2523,39417.12077631162
2524,39417.12077499013
2525,39417.12077699226
2526,39417.12077794708
2527,39417.12078235709
2528,39417.12077678006
2529,39417.120776349504
2530,39417.120783660794
2531,39417.12077786482
2532,39417.12078152409
2533,39417.12077939709
2534,39417.12077956208
2535,39417.12078467886
2536,39417.12077920989
2537,39417.12077709848
2538,39417.12077327027
2539,39417.12077737642
2540,39417.12077975176
2541,39417.120778698896
2542,39417.12078571737
2543,39417.120781233345
2544,39417.120779022734
2545,39417.12078109485
2546,39417.120775665724
2547,39417.1207764754
2548,39400.04332851828
2549,39400.043328518266
2550,39400.04332851827
2551,39400.04332851827
2552,39400.04332851829
2553,39400.04332851828
2554,39400.04332851827
2555,39400.04332851828
2556,39400.04332851827
2557,39400.04333241797
2558,39400.043334102294
2559,39400.043323312806
2560,39400.04333201035
2561,39400.04332818341
2562,39400.043319647186
2563,39400.04333741835
2564,39400.04332285197
2565,39400.04333150718
2566,39400.04333305705
2567,39400.04332663264
2568,39400.04332643356
2569,39400.04333753758
2570,39400.043320437384
2571,39400.04332813354
2572,39400.04332562174
2573,39400.04332366005
2574,39400.04332071984
2575,39400.04332069708
2576,39400.04332209638
2577,39400.043327496336
2578,39400.04333024604
2579,39400.04333060687
2580,39400.04332627688
2581,39400.04333388224
2582,39400.043333787384
2583,39400.04332781482
2584,39400.04333829383
2585,39400.04333051536
2586,39400.04332999325
2587,39400.043329225635
2588,39400.043317896125
2589,39400.04333259878
2590,39400.043327849686
2591,39400.04333286209
2592,39400.043329708154
2593,39400.04332737982
2594,39400.043329573484
2595,39400.043327000145
2596,39400.04332852294
2597,39385.45733197165
2598,39385.457331971644
2599,39385.45733197164
2600,39385.45733197165
2601,39385.45733197164
2602,39385.45733197165
2603,39385.457331971644
2604,39385.45733197165
2605,39385.45733197165
2606,39385.45731515275
2607,39385.457338797816
2608,39385.45732263603
2609,39385.45733535267
2610,39385.45733662345
2611,39385.45732220991
2612,39385.457326245974
2613,39385.45733372285
2614,39385.457334660045
2615,39385.457337906264
2616,39385.457328983204
2617,39385.45732790098
2618,39385.45731624905
2619,39385.457338019245
2620,39385.45733337003
2621,39385.4573315229
2622,39385.457315271175
2623,39385.457331653466
2624,39385.45733603725
2625,39385.45733503282
2626,39385.457329934485
2627,39385.457331324986
2628,39385.45733561475
2629,39385.45733097262
2630,39385.457331203696
2631,39385.45733527338
2632,39385.4573327454
2633,39385.45732044409
2634,39385.457325188065
2635,39385.45734368462
2636,39385.457328404635
2637,39385.457333040096
2638,39385.4573366306
2639,39385.45733378653
2640,39385.45733862768
2641,39385.45733574758
2642,39385.457326470365
2643,39385.457334478146
2644,39385.4573296647
2645,39385.45733098851
2646,39374.08292755985
2647,39374.08292755985
2648,39374.08292755985
2649,39374.08292755985
2650,39374.08292755985
2651,39374.08292755985
2652,39374.08292755986
2653,39374.08292755985
2654,39374.08292755985
2655,39374.0829233131
2656,39374.08293059277
2657,39374.082920396686
2658,39374.08292917246
2659,39374.08293117375
2660,39374.08292287362
2661,39374.082926183604
2662,39374.08292895307
2663,39374.082930997305
2664,39374.08293304792
2665,39374.08292545712
2666,39374.08292422547
2667,39374.082918020475
2668,39374.082930510005
2669,39374.08292744234
2670,39374.082926401235
2671,39374.08291973287
2672,39374.082927435324
2673,39374.08292935679
2674,39374.082928056036
2675,39374.08292562124
2676,39374.082927760006
2677,39374.08292959483
2678,39374.08292532547
2679,39374.0829263154
2680,39374.08293074339
2681,39374.08292720561
2682,39374.0829245772
2683,39374.08292217043
2684,39374.08293308935
2685,39374.0829259131
2686,39374.08292732584
2687,39374.08293230954
2688,39374.082928773234
2689,39374.08293257955
2690,39374.082929831355
2691,39374.08292079391
2692,39374.08292892405
2693,39374.082925535644
2694,39374.082926743016
2695,39360.985667082794
2696,39360.9856670828
2697,39360.985667082794
2698,39360.98566708279
2699,39360.985667082794
2700,39360.9856670828
2701,39360.9856670828
2702,39360.9856670828
2703,39360.9856670828
2704,39360.98566528738
2705,39360.985666743196
2706,39360.98566392325
2707,39360.98566718788
2708,39360.9856708085
2709,39360.985669380214
2710,39360.98567178887
2711,39360.985666021385
2712,39360.98567092616
2713,39360.9856716343
2714,39360.98566686729
2715,39360.985665887616
2716,39360.985660928374
2717,39360.985663791325
2718,39360.98566480411
2719,39360.985665673616
2720,39360.98566416524
2721,39360.98566994423
2722,39360.98566324743
2723,39360.98566234683
2724,39360.98566535987
2725,39360.98566845201
2726,39360.985666925364
2727,39360.985663823216
2728,39360.98566613297
2729,39360.98566970359
2730,39360.9856651041
2731,39360.985665118606
2732,39360.98566080097
2733,39360.985670422815
2734,39360.985668943125
2735,39360.985662412
2736,39360.98567166345
2737,39360.985667247114
2738,39360.98566947269
2739,39360.9856672633
2740,39360.9856615893
2741,39360.98566677029
2742,39360.985665598775
2743,39360.985666588414
2744,39352.17123385116
2745,39352.17123385116
2746,39352.171233851164
2747,39352.17123385115
2748,39352.17123385116
2749,39352.17123385116
2750,39352.17123385115
2751,39352.17123385116
2752,39352.171233851164
2753,39352.17126111851
2754,39352.17123348043
2755,39352.171230555534
2756,39352.17123620806
2757,39352.171231455875
2758,39352.17123350074
2759,39352.171237381845
2760,39352.171237514085
2761,39352.171235083806
2762,39352.171237682276
2763,39352.17123632615
2764,39352.17123210902
2765,39352.17124028902
2766,39352.17123683968
2767,39352.171233987574
2768,39352.1712316491
2769,39352.17124353914
2770,39352.17122769629
2771,39352.17123579455
2772,39352.1712365124
2773,39352.171232450055
2774,39352.171234878006
2775,39352.17123431394
2776,39352.17123246224
2777,39352.17123232084
2778,39352.17123195322
2779,39352.17123243101
2780,39352.171253517314
2781,39352.17123662466
2782,39352.17122526017
2783,39352.17123162538
2784,39352.171236261915
2785,39352.171236415896
2786,39352.17123446491
2787,39352.17123634286
2788,39352.171234887835
2789,39352.171231380744
2790,39352.17123364748
2791,39352.1712323955
2792,39352.17123298222
2793,39344.65777185234
2794,39344.65777185233
2795,39344.657771852326
2796,39344.65777185233
2797,39344.65777185232
2798,39344.65777185233
2799,39344.65777185233
2800,39344.65777185233
2801,39344.65777185234
2802,39344.65777786296
2803,39344.65777212555
2804,39344.65777141559
2805,39344.65777476514
2806,39344.65777264582
2807,39344.6577735687
2808,39344.657775293315
2809,39344.65777318951
2810,39344.65777272534
2811,39344.65777488677
2812,39344.65777605548
2813,39344.657771982784
2814,39344.657769569356
2815,39344.65777237151
2816,39344.65777160005
2817,39344.65777023336
2818,39344.65777180509
2819,39344.65777063807
2820,39344.65777101315
2821,39344.657772174236
2822,39344.65777112712
2823,39344.65777332658
2824,39344.657771547325
2825,39344.6577707205
2826,39344.65777054511
2827,39344.657768887126
2828,39344.65776988745
2829,39344.65777691177
2830,39344.65777066179
2831,39344.657772504106
2832,39344.65777152858
2833,39344.65777156121
2834,39344.65777338625
2835,39344.65777218143
2836,39344.65777312558
2837,39344.657772271625
2838,39344.65777174182
2839,39344.657771090904
2840,39344.6577705783
2841,39344.657771120044
2842,39339.78271632611
2843,39339.78271632612
2844,39339.78271632612
2845,39339.78271632612
2846,39339.78271632613
2847,39339.78271632611
2848,39339.78271632612
2849,39339.78271632612
2850,39339.78271632613
2851,39339.782711770065
2852,39339.78271504962
2853,39339.78271670753
2854,39339.782720956515
2855,39339.78271772677
2856,39339.782715989575
2857,39339.782718620365
2858,39339.78271805454
2859,39339.78271576334
2860,39339.782718887305
2861,39339.782722820695
2862,39339.782718533614
2863,39339.782709575695
2864,39339.782718865434
2865,39339.78271710583
2866,39339.78271606805
2867,39339.782711650885
2868,39339.78271687623
2869,39339.78271662812
2870,39339.78271848412
2871,39339.78271546707
2872,39339.78271775397
2873,39339.78271574277
2874,39339.78271616163
2875,39339.782713827466
2876,39339.78271181025
2877,39339.78271403818
2878,39339.78271601414
2879,39339.7827147187
2880,39339.78271997983
2881,39339.782717082424
2882,39339.78271691899
2883,39339.7827166185
2884,39339.78271614442
2885,39339.78271671347
2886,39339.78271617305
2887,39339.782719878545
2888,39339.78271517722
2889,39339.78271556402
2890,39339.78271578028
2891,39337.68769613109
2892,39337.68769613109
2893,39337.687696131085
2894,39337.687696131085
2895,39337.687696131085
2896,39337.68769613109
2897,39337.687696131085
2898,39337.68769613109
2899,39337.68769613109
2900,39337.68770963278
2901,39337.687700101524
2902,39337.68769749697
2903,39337.68770163811
2904,39337.68769379793
2905,39337.68770035792
2906,39337.68770038163
2907,39337.68769694908
2908,39337.68769514948
2909,39337.68769849123
2910,39337.68770263068
2911,39337.68769700695
2912,39337.68770471857
2913,39337.68769652209
2914,39337.68769755442
2915,39337.68769381757
2916,39337.6876991561
2917,39337.68768866871
2918,39337.68769487841
2919,39337.68769906067
2920,39337.68769617663
2921,39337.68769748416
2922,39337.687696202716
2923,39337.6876967932
2924,39337.68769785498
2925,39337.68769147763
2926,39337.687694403525
2927,39337.68771114355
2928,39337.68770364068
2929,39337.68769449164
2930,39337.6876932643
2931,39337.68769660225
2932,39337.687694717635
2933,39337.68769661779
2934,39337.687696876965
2935,39337.687696857385
2936,39337.68770075806
2937,39337.68769578657
2938,39337.68769521982
2939,39337.68769552323
2940,39332.01790127716
2941,39332.01790127716
2942,39332.01790127717
2943,39332.01790127717
2944,39332.01790127716
2945,39332.01790127716
2946,39332.01790127716
2947,39332.01790127716
2948,39332.01790127716
2949,39332.01790282355
2950,39332.017903433996
2951,39332.01790300656
2952,39332.01790608175
2953,39332.01790091588
2954,39332.0179018426
2955,39332.0179066506
2956,39332.01790077358
2957,39332.01790067668
2958,39332.017903608605
2959,39332.01790752246
2960,39332.01790330476
2961,39332.01790412327
2962,39332.01789986036
2963,39332.01790177573
2964,39332.01789997685
2965,39332.01789878634
2966,39332.017896807294
2967,39332.01789813438
2968,39332.01790148087
2969,39332.01790083909
2970,39332.01790310672
2971,39332.01790083696
2972,39332.017901437546
2973,39332.0179019598
2974,39332.01789751193
2975,39332.0178990309
2976,39332.01790806568
2977,39332.01790442165
2978,39332.017903583175
2979,39332.01790100982
2980,39332.01789896804
2981,39332.01790054941
2982,39332.01790098879
2983,39332.017901456216
2984,39332.01790118381
2985,39332.01790597825
2986,39332.01790034093
2987,39332.01790068943
2988,39332.01790092564
2989,39317.28073114596
2990,39317.28073114596
2991,39317.280731145955
2992,39317.28073114596
2993,39317.280731145955
2994,39317.280731145955
2995,39317.280731145955
2996,39317.28073114596
2997,39317.28073114597
2998,39317.28071371735
2999,39317.28073234916
3000,39317.28073258207
3001,39317.28073479599
3002,39317.28073390315
3003,39317.28072417522
3004,39317.28073682955
3005,39317.28072884708
3006,39317.280730876526
3007,39317.2807334656
3008,39317.280736050896
3009,39317.28073453941
3010,39317.280725126366
3011,39317.28072804575
3012,39317.28073021987
3013,39317.280731484825
3014,39317.28071883105
3015,39317.28073047949
3016,39317.28072566915
3017,39317.280728127545
3018,39317.28072997358
3019,39317.28073382752
3020,39317.2807304406
3021,39317.28073082392
3022,39317.280730597675
3023,39317.280728993144
3024,39317.280728425474
3025,39317.28072505821
3026,39317.280727584715
3027,39317.280739955335
3028,39317.28073364003
3029,39317.28072513427
3030,39317.2807314448
3031,39317.28072975372
3032,39317.28073087293
3033,39317.28073018929
3034,39317.28073554084
3035,39317.28072956281
3036,39317.280731122635
3037,39317.280731115694
3038,39297.25030618209
3039,39297.25030618209
3040,39297.2503061821
3041,39297.25030618208
3042,39297.250306182075
3043,39297.2503061821
3044,39297.2503061821
3045,39297.25030618209
3046,39297.25030618209
3047,39297.25028611365
3048,39297.2503058739
3049,39297.25030556835
3050,39297.25030954949
3051,39297.250309980176
3052,39297.25029833292
3053,39297.250310395495
3054,39297.25030489402
3055,39297.25030508645
3056,39297.25030842957
3057,39297.25030913066
3058,39297.25030972683
3059,39297.250298142775
3060,39297.25030448971
3061,39297.250305136244
3062,39297.250307549024
3063,39297.250294007936
3064,39297.25030815846
3065,39297.25030138757
3066,39297.25030380357
3067,39297.250304503636
3068,39297.25030949198
3069,39297.25030623722
3070,39297.250306192334
3071,39297.25030484756
3072,39297.25030465101
3073,39297.25030380585
3074,39297.250298803716
3075,39297.25029889847
3076,39297.250314674064
3077,39297.25030861367
3078,39297.2503017437
3079,39297.250306589805
3080,39297.25030424182
3081,39297.25030634135
3082,39297.25030530112
3083,39297.25030991461
3084,39297.25030464152
3085,39297.25030662967
3086,39297.25030625727
3087,39404.72478525317
3088,39404.724785253165
3089,39404.72478525317
3090,39404.72478525317
3091,39404.724785253165
3092,39404.724785253165
3093,39404.724785253165
3094,39404.72478525317
3095,39404.72478525317
3096,39404.72483512924
3097,39404.724839171715
3098,39404.72476936037
3099,39404.7248032091
3100,39404.72475141099
3101,39404.724745105756
3102,39404.72470504197
3103,39404.724809631596
3104,39404.72476955496
3105,39404.724781690704
3106,39404.72478935326
3107,39404.72478291843
3108,39404.72480265425
3109,39404.724871842
3110,39404.72479095576
3111,39404.72477862149
3112,39404.72480551012
3113,39404.72479382382
3114,39404.72485517505
3115,39404.72486711207
3116,39404.72479598635
3117,39404.72479519224
3118,39404.724792922534
3119,39404.72479276555
3120,39404.72480345916
3121,39404.72476030615
3122,39404.72479009854
3123,39404.72481632245
3124,39404.72483030066
3125,39404.72472126417
3126,39404.724740419406
3127,39404.72485247653
3128,39404.724773321956
3129,39404.72478827293
3130,39404.72479056353
3131,39404.724792341935
3132,39404.72478744535
3133,39404.724788787746
3134,39404.72478326897
3135,39404.72477744757
3136,39276.263634163144
3137,39276.26363416315
3138,39276.263634163144
3139,39276.263634163144
3140,39276.263634163144
3141,39276.26363416314
3142,39276.26363416314
3143,39276.263634163144
3144,39276.26363416314
3145,39276.26361443311
3146,39276.2636380456
3147,39276.2636302448
3148,39276.26364045797
3149,39276.26363531616
3150,39276.26361812156
3151,39276.26362164243
3152,39276.26363951742
3153,39276.26363063586
3154,39276.26363548523
3155,39276.263637244636
3156,39276.26363713126
3157,39276.26361931536
3158,39276.26365105527
3159,39276.26363620857
3160,39276.26363708006
3161,39276.26361975025
3162,39276.263636223885
3163,39276.263644875646
3164,39276.26364772046
3165,39276.26363398507
3166,39276.26363726363
3167,39276.26363593775
3168,39276.26363595778
3169,39276.26363104553
3170,39276.26362805008
3171,39276.26363348853
3172,39276.26362651708
3173,39276.26363004085
3174,39276.263639410754
3175,39276.26362977775
3176,39276.2636449756
3177,39276.263632184106
3178,39276.26363336392
3179,39276.26363558753
3180,39276.26363501413
3181,39276.263637075914
3182,39276.26363371056
3183,39276.26363425189
3184,39276.263633339586
3185,39273.584896341614
3186,39273.58489634164
3187,39273.58489634162
3188,39273.584896341614
3189,39273.584896341636
3190,39273.58489634162
3191,39273.584896341636
3192,39273.584896341614
3193,39273.584896341636
3194,39273.584965144866
3195,39273.58490209468
3196,39273.5848959448
3197,39273.584900500966
3198,39273.58487443544
3199,39273.58488722
3200,39273.58489613514
3201,39273.58490296848
3202,39273.58489288426
3203,39273.58489605796
3204,39273.584894542444
3205,39273.58489376742
3206,39273.58493973584
3207,39273.58490424188
3208,39273.58489584394
3209,39273.58488382656
3210,39273.5849340971
3211,39273.58487997551
3212,39273.58490545579
3213,39273.58490802675
3214,39273.58490029185
3215,39273.58490374245
3216,39273.584898454515
3217,39273.58489682683
3218,39273.58490510388
3219,39273.58488996625
3220,39273.584896388
3221,39273.58495041133
3222,39273.58492179212
3223,39273.58485700416
3224,39273.584886341916
3225,39273.58491032847
3226,39273.58489229729
3227,39273.58489462349
3228,39273.58489770598
3229,39273.58489696743
3230,39273.58489207029
3231,39273.58489573001
3232,39273.584896800196
3233,39273.584894912296
3234,39261.55301310901
3235,39261.55301310901
3236,39261.55301310902
3237,39261.55301310902
3238,39261.55301310901
3239,39261.55301310902
3240,39261.55301310902
3241,39261.55301310902
3242,39261.55301310902
3243,39261.553026183356
3244,39261.553016564154
3245,39261.553011464675
3246,39261.55301804692
3247,39261.55300647391
3248,39261.55300047654
3249,39261.553007310016
3250,39261.55301793159
3251,39261.553010129326
3252,39261.553013716
3253,39261.55301409096
3254,39261.55301429573
3255,39261.55302091927
3256,39261.553024248016
3257,39261.553013802724
3258,39261.553010911026
3259,39261.55301789111
3260,39261.55300766204
3261,39261.553021243846
3262,39261.55302376739
3263,39261.55301449847
3264,39261.55301800588
3265,39261.55301478656
3266,39261.55301404052
3267,39261.55301402573
3268,39261.55300745639
3269,39261.5530125068
3270,39261.55302939159
3271,39261.55301924907
3272,39261.55300268042
3273,39261.553007798575
3274,39261.553023192755
3275,39261.55301043537
3276,39261.55301172424
3277,39261.55301429108
3278,39261.55301352913
3279,39261.55301288207
3280,39261.55301236827
3281,39261.55301343542
3282,39261.55301226694
3283,39251.32153094504
3284,39251.321530945046
3285,39251.321530945046
3286,39251.32153094505
3287,39251.32153094504
3288,39251.32153094504
3289,39251.32153094504
3290,39251.321530945046
3291,39251.32153094504
3292,39251.321549077235
3293,39251.32152878871
3294,39251.32153265777
3295,39251.32153290019
3296,39251.32152586765
3297,39251.3215275527
3298,39251.32153358943
3299,39251.321533006005
3300,39251.32153018264
3301,39251.32153162204
3302,39251.32152985125
3303,39251.32153132908
3304,39251.321543112834
3305,39251.32153172639
3306,39251.32152911921
3307,39251.32152700651
3308,39251.32153975336
3309,39251.32152364487
3310,39251.32153221999
3311,39251.321532210524
3312,39251.32153325081
3313,39251.32153654615
3314,39251.32153160977
3315,39251.32153008681
3316,39251.32153180722
3317,39251.321527461856
3318,39251.32152982494
3319,39251.32154930366
3320,39251.32153538035
3321,39251.32152233486
3322,39251.32152960175
3323,39251.32153505639
3324,39251.32152945817
3325,39251.32152914675
3326,39251.32153150596
3327,39251.3215304803
3328,39251.32152662984
3329,39251.32152964041
3330,39251.32153139418
3331,39251.32153049343
3332,39244.808056808244
3333,39244.80805680823
3334,39244.808056808244
3335,39244.80805680822
3336,39244.80805680823
3337,39244.80805680823
3338,39244.80805680824
3339,39244.808056808244
3340,39244.80805680823
3341,39244.80807571422
3342,39244.80805580114
3343,39244.80805784126
3344,39244.80805958021
3345,39244.80805047662
3346,39244.80805976499
3347,39244.8080536494
3348,39244.80806081995
3349,39244.80805574133
3350,39244.80805743045
3351,39244.80805578323
3352,39244.80805691705
3353,39244.80806798728
3354,39244.808062994554
3355,39244.80805551807
3356,39244.80805270955
3357,39244.80806870364
3358,39244.80805588133
3359,39244.80806278466
3360,39244.808063375756
3361,39244.808060381496
3362,39244.80806200248
3363,39244.808057773196
3364,39244.80805611047
3365,39244.808058403316
3366,39244.808052083834
3367,39244.80805611613
3368,39244.80807319265
3369,39244.80806324496
3370,39244.808042916
3371,39244.80805311721
3372,39244.808066293495
3373,39244.80805436852
3374,39244.808055953356
3375,39244.80805752368
3376,39244.80805676761
3377,39244.80805109607
3378,39244.80805610702
3379,39244.808057123875
3380,39244.80805598137
3381,39235.967010811975
3382,39235.96701081198
3383,39235.967010811975
3384,39235.96701081198
3385,39235.96701081197
3386,39235.96701081197
3387,39235.96701081198
3388,39235.967010811975
3389,39235.967010811975
3390,39235.96701254951
3391,39235.96701379923
3392,39235.967010267676
3393,39235.96701214691
3394,39235.967011532266
3395,39235.96701164329
3396,39235.967005299426
3397,39235.96701254167
3398,39235.96701186136
3399,39235.96701279744
3400,39235.967006718354
3401,39235.96700968482
3402,39235.9670101105
3403,39235.96701528973
3404,39235.96700870238
3405,39235.96700841843
3406,39235.967006952495
3407,39235.96700610815
3408,39235.96701477967
3409,39235.96701351069
3410,39235.967013809706
3411,39235.96701424697
3412,39235.96701190609
3413,39235.96700963066
3414,39235.96701243156
3415,39235.96700919348
3416,39235.96701078085
3417,39235.967012821435
3418,39235.96700996172
3419,39235.96701370364
3420,39235.9670067316
3421,39235.96701612729
3422,39235.96701065707
3423,39235.96701114435
3424,39235.9670121969
3425,39235.96701171136
3426,39235.967002526115
3427,39235.96701112676
3428,39235.96701049513
3429,39235.9670099999
3430,39228.90511991411
3431,39228.90511991411
3432,39228.9051199141
3433,39228.9051199141
3434,39228.9051199141
3435,39228.90511991411
3436,39228.90511991411
3437,39228.9051199141
3438,39228.905119914096
3439,39228.905115287744
3440,39228.90511526895
3441,39228.90512174466
3442,39228.90512003508
3443,39228.90512168533
3444,39228.90512153253
3445,39228.90512599157
3446,39228.90511943976
3447,39228.90512293347
3448,39228.90512283987
3449,39228.9051165801
3450,39228.90512075108
3451,39228.90511945311
3452,39228.905115102
3453,39228.905117636474
3454,39228.905118525436
3455,39228.90511611257
3456,39228.90511669256
3457,39228.90511572247
3458,39228.90511453466
3459,39228.90512060991
3460,39228.905121653486
3461,39228.90511977501
3462,39228.90511784661
3463,39228.905118718925
3464,39228.90512124282
3465,39228.90511854698
3466,39228.90512048787
3467,39228.90511673467
3468,39228.90512409402
3469,39228.90512210222
3470,39228.905117089555
3471,39228.905120867465
3472,39228.90511941271
3473,39228.9051199296
3474,39228.90511893852
3475,39228.90511341146
3476,39228.90511938971
3477,39228.90512050208
3478,39228.9051206142
3479,39222.24690584847
3480,39222.24690584847
3481,39222.24690584848
3482,39222.24690584847
3483,39222.24690584847
3484,39222.24690584847
3485,39222.24690584847
3486,39222.24690584847
3487,39222.24690584848
3488,39222.246910252616
3489,39222.24690881777
3490,39222.2469051773
3491,39222.24690851166
3492,39222.24690152779
3493,39222.246902821586
3494,39222.246909603025
3495,39222.246907046174
3496,39222.24690804639
3497,39222.246909435664
3498,39222.24690192428
3499,39222.246906755594
3500,39222.24691264249
3501,39222.246905645574
3502,39222.24690566151
3503,39222.24690294353
3504,39222.24690846169
3505,39222.24690460363
3506,39222.24690331412
3507,39222.24690643157
3508,39222.24690554519
3509,39222.24690572798
3510,39222.246906768
3511,39222.246905215055
3512,39222.246908683635
3513,39222.24690722102
3514,39222.24690521638
3515,39222.24691222439
3516,39222.24690941478
3517,39222.246898341524
3518,39222.246903759005
3519,39222.24690466439
3520,39222.2469066915
3521,39222.24690597536
3522,39222.246906225555
3523,39222.2469054553
3524,39222.24690279679
3525,39222.246906293745
3526,39222.24690676332
3527,39222.246906690525
3528,39217.94903594858
3529,39217.949035948586
3530,39217.94903594857
3531,39217.94903594859
3532,39217.949035948586
3533,39217.94903594858
3534,39217.949035948586
3535,39217.94903594858
3536,39217.94903594858
3537,39217.94903268725
3538,39217.94903613976
3539,39217.94903434324
3540,39217.94903877464
3541,39217.94903709849
3542,39217.949037227925
3543,39217.94903796488
3544,39217.9490359512
3545,39217.949037970495
3546,39217.94903993943
3547,39217.94903185446
3548,39217.949037703045
3549,39217.94903443984
3550,39217.9490360256
3551,39217.94903532295
3552,39217.94903686714
3553,39217.9490355359
3554,39217.94903739126
3555,39217.94903309488
3556,39217.94903412351
3557,39217.94903541554
3558,39217.949035300706
3559,39217.94903674687
3560,39217.949035404614
3561,39217.94903619447
3562,39217.94903761175
3563,39217.949035255486
3564,39217.949036281985
3565,39217.94903043459
3566,39217.94903667807
3567,39217.94903642622
3568,39217.94903374177
3569,39217.94903789281
3570,39217.94903615727
3571,39217.94903620048
3572,39217.94903548554
3573,39217.949034121615
3574,39217.94903647673
3575,39217.94903690086
3576,39217.94903678988
3577,39214.825724443166
3578,39214.82572444316
3579,39214.82572444316
3580,39214.82572444316
3581,39214.82572444316
3582,39214.82572444316
3583,39214.82572444316
3584,39214.825724443166
3585,39214.82572444316
3586,39214.825717442895
3587,39214.82572598769
3588,39214.82572357907
3589,39214.82572772309
3590,39214.825726363735
3591,39214.82572328135
3592,39214.82572507312
3593,39214.825723522605
3594,39214.82572632929
3595,39214.82572851149
3596,39214.82572101191
3597,39214.82572699516
3598,39214.82572075272
3599,39214.8257257672
3600,39214.82572353216
3601,39214.825726802614
3602,39214.82572137927
3603,39214.82572554914
3604,39214.82572238009
3605,39214.82572288166
3606,39214.82572424078
3607,39214.82572349467
3608,39214.82572499348
3609,39214.82572402332
3610,39214.825724167975
3611,39214.8257256752
3612,39214.82572352483
3613,39214.82572259814
3614,39214.825718258515
3615,39214.82572735131
3616,39214.82572548405
3617,39214.825721578294
3618,39214.825726658855
3619,39214.82572477589
3620,39214.82572431571
3621,39214.82572373232
3622,39214.82572402769
3623,39214.82572494686
3624,39214.82572550852
3625,39214.82572528836
3626,39210.32339970325
3627,39210.323399703244
3628,39210.32339970326
3629,39210.323399703244
3630,39210.32339970326
3631,39210.32339970326
3632,39210.32339970326
3633,39210.32339970325
3634,39210.32339970325
3635,39210.323402594
3636,39210.32340121556
3637,39210.323398236105
3638,39210.323403760565
3639,39210.32339983079
3640,39210.323401723916
3641,39210.32339974016
3642,39210.3233991467
3643,39210.3234008328
3644,39210.323403970026
3645,39210.323397136635
3646,39210.32340200643
3647,39210.32340007179
3648,39210.32340234208
3649,39210.32339860705
3650,39210.323400878486
3651,39210.323402751324
3652,39210.323400297915
3653,39210.3233995208
3654,39210.32339907775
3655,39210.323399875786
3656,39210.32339837762
3657,39210.32340006065
3658,39210.323399641784
3659,39210.32340017044
3660,39210.3234002352
3661,39210.32339878222
3662,39210.32340258192
3663,39210.32339635106
3664,39210.32339814379
3665,39210.323399906694
3666,39210.323398344895
3667,39210.32340199071
3668,39210.32340050667
3669,39210.32339928001
3670,39210.32339918085
3671,39210.32340051416
3672,39210.32340049382
3673,39210.32340070101
3674,39210.32340035618
3675,39206.59825688474
3676,39206.598256884754
3677,39206.59825688475
3678,39206.598256884754
3679,39206.59825688474
3680,39206.59825688475
3681,39206.59825688475
3682,39206.598256884754
3683,39206.59825688475
3684,39206.59825182428
3685,39206.59825648136
3686,39206.59825620485
3687,39206.598261533174
3688,39206.598256932986
3689,39206.5982557404
3690,39206.59825562855
3691,39206.59825639804
3692,39206.598256635014
3693,39206.59826059578
3694,39206.59825592175
3695,39206.59826023959
3696,39206.598254142205
3697,39206.598260190316
3698,39206.5982554118
3699,39206.598258084974
3700,39206.59825375944
3701,39206.598257155565
3702,39206.59825871168
3703,39206.59825626374
3704,39206.598257442594
3705,39206.59825663165
3706,39206.598256770456
3707,39206.598257126585
3708,39206.59825652211
3709,39206.59825607452
3710,39206.598255611214
3711,39206.59825387542
3712,39206.59825418821
3713,39206.59825790448
3714,39206.59825746571
3715,39206.59825688919
3716,39206.59825851917
3717,39206.59825708311
3718,39206.59825584154
3719,39206.59825604408
3720,39206.59825927963
3721,39206.598257156715
3722,39206.59825791714
3723,39206.59825747332
3724,39205.311819732015
3725,39205.31181973201
3726,39205.311819732015
3727,39205.311819732015
3728,39205.31181973201
3729,39205.31181973201
3730,39205.311819732015
3731,39205.311819732015
3732,39205.311819732
3733,39205.311827330625
3734,39205.31182098858
3735,39205.31181842498
3736,39205.311824946286
3737,39205.31181572386
3738,39205.31181889476
3739,39205.31182453335
3740,39205.311819690345
3741,39205.31181971026
3742,39205.311824202974
3743,39205.31182111391
3744,39205.311821980635
3745,39205.311826494726
3746,39205.31181985875
3747,39205.31181945947
3748,39205.31181686705
3749,39205.311822238364
3750,39205.31181528369
3751,39205.311819436865
3752,39205.31181916482
3753,39205.31181869655
3754,39205.31181739215
3755,39205.31181901747
3756,39205.311820494644
3757,39205.31182180024
3758,39205.31182016079
3759,39205.31181826453
3760,39205.31182429418
3761,39205.31182647931
3762,39205.31181364778
3763,39205.31181818192
3764,39205.3118173798
3765,39205.311821233096
3766,39205.31182074047
3767,39205.31181819206
3768,39205.31181941638
3769,39205.31182422954
3770,39205.311820586016
3771,39205.31182035684
3772,39205.31182089944
3773,39202.88772887025
3774,39202.88772887026
3775,39202.88772887025
3776,39202.88772887025
3777,39202.88772887026
3778,39202.88772887025
3779,39202.88772887024
3780,39202.88772887024
3781,39202.88772887025
3782,39202.88772966331
3783,39202.88772806862
3784,39202.88772687496
3785,39202.88773404714
3786,39202.88772744106
3787,39202.88773075164
3788,39202.88773022041
3789,39202.887729217175
3790,39202.88772843271
3791,39202.88773297553
3792,39202.88772924425
3793,39202.88773130046
3794,39202.88772976873
3795,39202.88773056065
3796,39202.88772845973
3797,39202.88772803894
3798,39202.8877287035
3799,39202.887728323665
3800,39202.88772984317
3801,39202.88772830709
3802,39202.88772826413
3803,39202.88772740872
3804,39202.88772856252
3805,39202.88772956004
3806,39202.88772955103
3807,39202.88772874777
3808,39202.887727743066
3809,39202.88772804497
3810,39202.88772988997
3811,39202.88772660912
3812,39202.887728134745
3813,39202.88772864924
3814,39202.88773017452
3815,39202.88772962907
3816,39202.88772774544
3817,39202.8877286814
3818,39202.88773225011
3819,39202.88772963032
3820,39202.8877294785
3821,39202.887729758404
3822,39201.43924869461
3823,39201.43924869461
3824,39201.43924869461
3825,39201.439248694616
3826,39201.4392486946
3827,39201.4392486946
3828,39201.43924869461
3829,39201.43924869462
3830,39201.43924869461
3831,39201.43924902023
3832,39201.43924684747
3833,39201.4392464934
3834,39201.4392535029
3835,39201.43924781844
3836,39201.43925088662
3837,39201.439249558964
3838,39201.4392493548
3839,39201.43924812407
3840,39201.43925247234
3841,39201.439248248884
3842,39201.439250579206
3843,39201.43924880237
3844,39201.4392501412
3845,39201.439248178234
3846,39201.43924758027
3847,39201.43924777146
3848,39201.439247783346
3849,39201.43924982867
3850,39201.43924769866
3851,39201.43924829207
3852,39201.439248066374
3853,39201.43924861314
3854,39201.43924924082
3855,39201.439249115465
3856,39201.43924848746
3857,39201.43924787901
3858,39201.43924722434
3859,39201.43924845259
3860,39201.43924778091
3861,39201.43924794173
3862,39201.43924926424
3863,39201.43924975319
3864,39201.43924914659
3865,39201.4392479167
3866,39201.439248720286
3867,39201.43925080138
3868,39201.43924933203
3869,39201.4392491524
3870,39201.43924943442
3871,39207.57653562996
3872,39207.57653562997
3873,39207.57653562997
3874,39207.57653562996
3875,39207.57653562997
3876,39207.57653562996
3877,39207.57653562997
3878,39207.57653562997
3879,39207.57653562997
3880,39207.57650275187
3881,39207.576538249894
3882,39207.57652837523
3883,39207.57654369628
3884,39207.576544009076
3885,39207.57654306883
3886,39207.57651546737
3887,39207.576538534486
3888,39207.576532870546
3889,39207.576538603265
3890,39207.576535683795
3891,39207.576537277346
3892,39207.57650884561
3893,39207.57655206116
3894,39207.57653781471
3895,39207.57654494926
3896,39207.576517011024
3897,39207.57655067929
3898,39207.576545967015
3899,39207.5765447234
3900,39207.57653504738
3901,39207.57653491016
3902,39207.576537185276
3903,39207.57653797324
3904,39207.57653284999
3905,39207.57653294613
3906,39207.57653686202
3907,39207.57650741812
3908,39207.57651928042
3909,39207.57654892371
3910,39207.57653176636
3911,39207.57654672237
3912,39207.57653473742
3913,39207.576537430534
3914,39207.576536584194
3915,39207.576538632566
3916,39207.57653766922
3917,39207.57653767681
3918,39207.57653457409
3919,39207.5765353511
3920,39200.234808151276
3921,39200.234808151276
3922,39200.234808151276
3923,39200.23480815128
3924,39200.23480815128
3925,39200.234808151276
3926,39200.234808151276
3927,39200.23480815128
3928,39200.234808151276
3929,39200.23479811628
3930,39200.2348076359
3931,39200.234804569525
3932,39200.23481385132
3933,39200.23481017334
3934,39200.23481192427
3935,39200.234802882405
3936,39200.23480933294
3937,39200.23480696676
3938,39200.234811695555
3939,39200.23480783736
3940,39200.234810084214
3941,39200.234800107886
3942,39200.234813818664
3943,39200.23480839442
3944,39200.23481024295
3945,39200.2348017421
3946,39200.23481209259
3947,39200.23481180836
3948,39200.2348099388
3949,39200.234807720546
3950,39200.23480750374
3951,39200.23480852868
3952,39200.23480916992
3953,39200.23480759125
3954,39200.23480726006
3955,39200.23480791127
3956,39200.234798517944
3957,39200.2348029685
3958,39200.23481170659
3959,39200.234806638684
3960,39200.234811566894
3961,39200.23480865222
3962,39200.234808978814
3963,39200.23480785593
3964,39200.234808966474
3965,39200.23481024533
3966,39200.23480918476
3967,39200.234808194095
3968,39200.23480862194
3969,39198.31374725928
3970,39198.313747259286
3971,39198.31374725928
3972,39198.31374725928
3973,39198.31374725928
3974,39198.31374725928
3975,39198.31374725928
3976,39198.31374725929
3977,39198.31374725928
3978,39198.31374038638
3979,39198.313746029555
3980,39198.31374394647
3981,39198.31375263476
3982,39198.313748709
3983,39198.31375117962
3984,39198.313743347906
3985,39198.31374864854
3986,39198.31374599411
3987,39198.31375049111
3988,39198.313746758125
3989,39198.31374846267
3990,39198.31374118611
3991,39198.313751812
3992,39198.31374757377
3993,39198.31374831835
3994,39198.31374249001
3995,39198.31374986956
3996,39198.31375037117
3997,39198.31374858073
3998,39198.313746808
3999,39198.31374723461
4000,39198.31374767136
4001,39198.31374816627
4002,39198.313746761014
4003,39198.31374644741
4004,39198.31374723495
4005,39198.31373985226
4006,39198.313743001396
4007,39198.31374986465
4008,39198.3137455777
4009,39198.31375063932
4010,39198.31374736374
4011,39198.31374780404
4012,39198.31374714221
4013,39198.3137482922
4014,39198.313748505185
4015,39198.31374816371
4016,39198.31374710873
4017,39198.31374775142
4018,39194.73460202929
4019,39194.73460202929
4020,39194.7346020293
4021,39194.7346020293
4022,39194.7346020293
4023,39194.73460202929
4024,39194.73460202929
4025,39194.73460202929
4026,39194.7346020293
4027,39194.73459067647
4028,39194.73459598074
4029,39194.73460256452
4030,39194.73460539248
4031,39194.734604890866
4032,39194.73460577492
4033,39194.734608143124
4034,39194.73460162044
4035,39194.73460196604
4036,39194.73460495161
4037,39194.73460145146
4038,39194.73460284528
4039,39194.734597496456
4040,39194.734596750124
4041,39194.734602288205
4042,39194.734602978
4043,39194.7345954778
4044,39194.73460154367
4045,39194.734597565446
4046,39194.734596250484
4047,39194.734600702126
4048,39194.734602638106
4049,39194.73460164925
4050,39194.73460185267
4051,39194.73459954433
4052,39194.734603328136
4053,39194.734601751785
4054,39194.73459432302
4055,39194.73459631564
4056,39194.73460859798
4057,39194.73460409669
4058,39194.734598211486
4059,39194.73460166914
4060,39194.73460144718
4061,39194.734601432756
4062,39194.73460231432
4063,39194.7346018576
4064,39194.7346021506
4065,39194.73460198589
4066,39194.734603582976
4067,39192.63232789027
4068,39192.63232789027
4069,39192.632327890264
4070,39192.63232789027
4071,39192.632327890264
4072,39192.63232789027
4073,39192.63232789027
4074,39192.632327890264
4075,39192.63232789027
4076,39192.63233436769
4077,39192.632329639586
4078,39192.63232658677
4079,39192.63233308382
4080,39192.63232676458
4081,39192.63233078981
4082,39192.63232726339
4083,39192.63232857452
4084,39192.632326057035
4085,39192.632330153116
4086,39192.63232707011
4087,39192.63232646756
4088,39192.632331354675
4089,39192.63233002354
4090,39192.63232850215
4091,39192.63232671418
4092,39192.632331576126
4093,39192.63232630702
4094,39192.632329205066
4095,39192.63232902804
4096,39192.63232770131
4097,39192.6323295599
4098,39192.63232837552
4099,39192.632328741594
4100,39192.63232888004
4101,39192.63232752288
4102,39192.632328930435
4103,39192.6323310384
4104,39192.63232807294
4105,39192.632324751874
4106,39192.63232474966
4107,39192.63232959099
4108,39192.632326353996
4109,39192.63232799187
4110,39192.63232815784
4111,39192.6323300856
4112,39192.6323277202
4113,39192.63232887125
4114,39192.6323269766
4115,39192.6323285953
4116,39191.56022260981
4117,39191.56022260981
4118,39191.56022260981
4119,39191.56022260981
4120,39191.56022260982
4121,39191.560222609805
4122,39191.56022260982
4123,39191.56022260981
4124,39191.56022260981
4125,39191.5602229208
4126,39191.56022361575
4127,39191.56022217076
4128,39191.56022759942
4129,39191.560222820845
4130,39191.560224992645
4131,39191.56022283848
4132,39191.560222501255
4133,39191.56022120792
4134,39191.56022512758
4135,39191.560222055006
4136,39191.56022209993
4137,39191.56022320904
4138,39191.56022360146
4139,39191.56022310141
4140,39191.560222985005
4141,39191.56022306316
4142,39191.56022170371
4143,39191.56022267453
4144,39191.56022234426
4145,39191.5602222687
4146,39191.5602237515
4147,39191.56022279163
4148,39191.56022323664
4149,39191.56022265008
4150,39191.56022263416
4151,39191.56022327117
4152,39191.56022230171
4153,39191.56022082194
4154,39191.56022249725
4155,39191.56022092645
4156,39191.56022243825
4157,39191.56022147857
4158,39191.56022266641
4159,39191.5602225003
4160,39191.5602242377
4161,39191.560223081186
4162,39191.56022346982
4163,39191.56022197637
4164,39191.56022356785
4165,39190.979704645106
4166,39190.97970464509
4167,39190.9797046451
4168,39190.97970464509
4169,39190.979704645106
4170,39190.9797046451
4171,39190.979704645106
4172,39190.9797046451
4173,39190.979704645106
4174,39190.97970260454
4175,39190.97970583605
4176,39190.97970496177
4177,39190.979709531646
4178,39190.97970509399
4179,39190.97970614125
4180,39190.979705295395
4181,39190.97970406249
4182,39190.97970352989
4183,39190.97970729913
4184,39190.97970423723
4185,39190.97970469623
4186,39190.97970445776
4187,39190.979705394195
4188,39190.97970507475
4189,39190.979705833946
4190,39190.979704369965
4191,39190.979704185986
4192,39190.97970416479
4193,39190.97970405456
4194,39190.979704293546
4195,39190.97970548694
4196,39190.979704648205
4197,39190.97970509357
4198,39190.97970429806
4199,39190.979704854064
4200,39190.979705082806
4201,39190.979703650984
4202,39190.979702322176
4203,39190.97970507122
4204,39190.979703640034
4205,39190.979703457946
4206,39190.979703676974
4207,39190.97970468644
4208,39190.97970428653
4209,39190.97970586618
4210,39190.97970547335
4211,39190.979705445505
4212,39190.979704234305
4213,39190.97970575999
4214,39189.90977922627
4215,39189.90977922627
4216,39189.90977922626
4217,39189.90977922627
4218,39189.90977922626
4219,39189.90977922627
4220,39189.90977922627
4221,39189.90977922627
4222,39189.90977922626
4223,39189.90977633781
4224,39189.9097797633
4225,39189.909779996
4226,39189.909783696225
4227,39189.909779403664
4228,39189.909779733054
4229,39189.90978047857
4230,39189.90977871773
4231,39189.909778548696
4232,39189.90978203347
4233,39189.90977892613
4234,39189.909779363035
4235,39189.90977884392
4236,39189.90977977232
4237,39189.90977959357
4238,39189.90978036354
4239,39189.90977870391
4240,39189.90977876059
4241,39189.90977860916
4242,39189.90977854841
4243,39189.909778753885
4244,39189.90977989318
4245,39189.909779011425
4246,39189.90977940659
4247,39189.90977841672
4248,39189.909779681366
4249,39189.90977950422
4250,39189.90977830477
4251,39189.90977721327
4252,39189.90977938321
4253,39189.90977857805
4254,39189.90977787453
4255,39189.90977826355
4256,39189.909779257476
4257,39189.9097786896
4258,39189.90978015232
4259,39189.909779513015
4260,39189.909779943526
4261,39189.90977896251
4262,39189.9097804552
4263,39190.1111984677
4264,39190.1111984677
4265,39190.1111984677
4266,39190.11119846769
4267,39190.11119846769
4268,39190.11119846768
4269,39190.11119846769
4270,39190.1111984677
4271,39190.11119846769
4272,39190.11117964075
4273,39190.11119895645
4274,39190.111198842926
4275,39190.11120156946
4276,39190.11120402821
4277,39190.11119346993
4278,39190.11119259268
4279,39190.11119619308
4280,39190.11119895985
4281,39190.11120241084
4282,39190.1111980571
4283,39190.11119747234
4284,39190.11118579479
4285,39190.11120165863
4286,39190.111197012244
4287,39190.11120420719
4288,39190.111181865366
4289,39190.111193169265
4290,39190.111200715575
4291,39190.11119628876
4292,39190.111198363404
4293,39190.11119842074
4294,39190.11119737113
4295,39190.11119819848
4296,39190.111194793055
4297,39190.11119997039
4298,39190.1111989618
4299,39190.11118503022
4300,39190.11119019673
4301,39190.111214393175
4302,39190.11119928655
4303,39190.111197644605
4304,39190.111198578605
4305,39190.11119959755
4306,39190.1111975486
4307,39190.11119993757
4308,39190.11119640372
4309,39190.111199901774
4310,39190.11119789994
4311,39190.111199334926
4312,39188.241001604394
4313,39188.2410016044
4314,39188.2410016044
4315,39188.2410016044
4316,39188.241001604394
4317,39188.241001604394
4318,39188.241001604394
4319,39188.241001604394
4320,39188.2410016044
4321,39188.24099161018
4322,39188.24100201711
4323,39188.24100233275
4324,39188.24100536172
4325,39188.241004155854
4326,39188.240999189526
4327,39188.24100008662
4328,39188.24100028802
4329,39188.24100154942
4330,39188.24100496307
4331,39188.241001324765
4332,39188.24100127247
4333,39188.240995880034
4334,39188.2410031213
4335,39188.24100113981
4336,39188.24100455333
4337,39188.24099376649
4338,39188.240998596055
4339,39188.24100217445
4340,39188.241000156784
4341,39188.24100127473
4342,39188.24100188899
4343,39188.24100091271
4344,39188.24100152131
4345,39188.240999476
4346,39188.241002599934
4347,39188.24100191503
4348,39188.24099530064
4349,39188.24099712645
4350,39188.24100882847
4351,39188.24100164819
4352,39188.24100029234
4353,39188.241001161805
4354,39188.24100211212
4355,39188.24100083194
4356,39188.24100269129
4357,39188.24100078201
4358,39188.24100260394
4359,39188.24100123586
4360,39188.24100270443
4361,39185.90663149881
4362,39185.90663149881
4363,39185.9066314988
4364,39185.9066314988
4365,39185.90663149879
4366,39185.906631498794
4367,39185.906631498794
4368,39185.9066314988
4369,39185.90663149881
4370,39185.90662944973
4371,39185.90662719587
4372,39185.90663166781
4373,39185.90663417065
4374,39185.90663208255
4375,39185.9066328289
4376,39185.90663280418
4377,39185.90663167104
4378,39185.90663221504
4379,39185.90663538915
4380,39185.906631454236
4381,39185.90663061666
4382,39185.90662950398
4383,39185.90663189563
4384,39185.90663098528
4385,39185.90663180836
4386,39185.90663051718
4387,39185.90663043537
4388,39185.906632275946
4389,39185.90662984649
4390,39185.90663074655
4391,39185.90663123865
4392,39185.90663038604
4393,39185.90663082226
4394,39185.90662889086
4395,39185.90663303033
4396,39185.90663155464
4397,39185.906629974364
4398,39185.90662927733
4399,39185.90663249125
4400,39185.90663185474
4401,39185.906631969396
4402,39185.906630943995
4403,39185.9066322735
4404,39185.906630457415
4405,39185.90663207527
4406,39185.906628758334
4407,39185.906632538754
4408,39185.90663149172
4409,39185.90663272366
4410,39184.75332991835
4411,39184.75332991835
4412,39184.75332991835
4413,39184.75332991835
4414,39184.75332991835
4415,39184.75332991835
4416,39184.753329918356
4417,39184.75332991834
4418,39184.75332991835
4419,39184.75333094718
4420,39184.753326400234
4421,39184.75332966483
4422,39184.7533325047
4423,39184.753329191924
4424,39184.75332931457
4425,39184.75333089356
4426,39184.7533305177
4427,39184.75333057891
4428,39184.75333379478
4429,39184.75332970858
4430,39184.753328578736
4431,39184.75332995699
4432,39184.753331031614
4433,39184.75332936211
4434,39184.75332866409
4435,39184.753329670435
4436,39184.75332750144
4437,39184.75333157184
4438,39184.753329225176
4439,39184.753329241794
4440,39184.75332983465
4441,39184.75332889378
4442,39184.753329269224
4443,39184.75332810894
4444,39184.75333133838
4445,39184.75333010358
4446,39184.75333043124
4447,39184.7533300224
4448,39184.75332900634
4449,39184.75332926807
4450,39184.7533313916
4451,39184.75332926304
4452,39184.75333075923
4453,39184.75332901805
4454,39184.753330635845
4455,39184.753326735095
4456,39184.75333102785
4457,39184.75332987919
4458,39184.75333099407
4459,39181.60371731198
4460,39181.60371731198
4461,39181.603717311984
4462,39181.60371731197
4463,39181.603717311984
4464,39181.603717311984
4465,39181.603717311984
4466,39181.60371731198
4467,39181.60371731198
4468,39181.603723107284
4469,39181.603715759804
4470,39181.603715689474
4471,39181.603720060986
4472,39181.603714338074
4473,39181.60371294841
4474,39181.60371666534
4475,39181.603718717415
4476,39181.60371757773
4477,39181.60372110689
4478,39181.60371681982
4479,39181.60371487968
4480,39181.603720616156
4481,39181.60372003434
4482,39181.60371697611
4483,39181.60371308664
4484,39181.60371717874
4485,39181.603712709875
4486,39181.603720886145
4487,39181.603718748054
4488,39181.60371674876
4489,39181.60371752272
4490,39181.603716631704
4491,39181.60371691087
4492,39181.60371749977
4493,39181.6037184159
4494,39181.6037179934
4495,39181.60372029926
4496,39181.6037215351
4497,39181.60371337687
4498,39181.60371437646
4499,39181.603721140345
4500,39181.60371634843
4501,39181.60371843326
4502,39181.60371687072
4503,39181.60371859419
4504,39181.60371366668
4505,39181.60371874576
4506,39181.60371714551
4507,39181.6037180244
4508,39177.355437210346
4509,39177.355437210346
4510,39177.355437210346
4511,39177.35543721034
4512,39177.35543721034
4513,39177.355437210346
4514,39177.355437210346
4515,39177.355437210346
4516,39177.35543721034
4517,39177.355448082875
4518,39177.35543723105
4519,39177.3554343646
4520,39177.35544050608
4521,39177.35543259606
4522,39177.355431416625
4523,39177.3554358382
4524,39177.35543884752
4525,39177.35543676612
4526,39177.35544087906
4527,39177.35543655424
4528,39177.35543439099
4529,39177.35544409817
4530,39177.355440292515
4531,39177.35543725882
4532,39177.35543053953
4533,39177.355438649254
4534,39177.355432016644
4535,39177.35544151409
4536,39177.355439714636
4537,39177.35543686544
4538,39177.35543754035
4539,39177.355436945894
4540,39177.35543713552
4541,39177.35543969768
4542,39177.35543787445
4543,39177.35543824812
4544,39177.35544269791
4545,39177.35544414649
4546,39177.35543012126
4547,39177.35543283704
4548,39177.35544221637
4549,39177.35543617023
4550,39177.355438558065
4551,39177.35543717027
4552,39177.355438758845
4553,39177.35543445256
4554,39177.35543893358
4555,39177.35543716686
4556,39177.355437613965
4557,39171.67346674628
4558,39171.67346674629
4559,39171.67346674628
4560,39171.67346674629
4561,39171.67346674628
4562,39171.67346674629
4563,39171.67346674629
4564,39171.67346674629
4565,39171.67346674628
4566,39171.67347609659
4567,39171.673470595546
4568,39171.67346086336
4569,39171.673472180795
4570,39171.67346369906
4571,39171.6734645362
4572,39171.673456019285
4573,39171.67346809651
4574,39171.67346414514
4575,39171.67346963325
4576,39171.67346555534
4577,39171.67346406845
4578,39171.67347008847
4579,39171.67347509465
4580,39171.67346760631
4581,39171.673462526356
4582,39171.673467607674
4583,39171.67346846815
4584,39171.67347450707
4585,39171.6734728552
4586,39171.67346710417
4587,39171.67346781309
4588,39171.673467747765
4589,39171.673467707944
4590,39171.6734718571
4591,39171.673465524495
4592,39171.673468855864
4593,39171.67346767681
4594,39171.673469049194
4595,39171.67345974564
4596,39171.67346048433
4597,39171.67347615005
4598,39171.673465361586
4599,39171.67346862768
4600,39171.67346783564
4601,39171.673469290334
4602,39171.6734663305
4603,39171.673469097455
4604,39171.67346666363
4605,39171.67346616503
4606,39178.31201031943
4607,39178.31201031944
4608,39178.31201031944
4609,39178.312010319445
4610,39178.312010319445
4611,39178.31201031944
4612,39178.31201031944
4613,39178.312010319445
4614,39178.31201031943
4615,39178.312045077626
4616,39178.312010706424
4617,39178.312007866596
4618,39178.31201412198
4619,39178.31200192537
4620,39178.31200478413
4621,39178.31202674072
4622,39178.31200898094
4623,39178.312008595734
4624,39178.312014099974
4625,39178.31200960003
4626,39178.31200987348
4627,39178.312039063916
4628,39178.3119980963
4629,39178.31201257747
4630,39178.31199439211
4631,39178.312025871026
4632,39178.311998977806
4633,39178.31200301559
4634,39178.31200520889
4635,39178.312010326525
4636,39178.31200882506
4637,39178.3120102821
4638,39178.31201034701
4639,39178.31202032737
4640,39178.312012348826
4641,39178.31201061916
4642,39178.31203401295
4643,39178.31202598365
4644,39178.311992772535
4645,39178.31200852244
4646,39178.31200349818
4647,39178.3120108803
4648,39178.312011353
4649,39178.312010199326
4650,39178.31200963432
4651,39178.31201515723
4652,39178.31201203997
4653,39178.31201232102
4654,39178.31201152666
4655,39168.84112785767
4656,39168.841127857675
4657,39168.84112785766
4658,39168.84112785767
4659,39168.841127857675
4660,39168.84112785767
4661,39168.84112785765
4662,39168.84112785767
4663,39168.84112785767
4664,39168.84114512805
4665,39168.84113034324
4666,39168.841123631835
4667,39168.84113256444
4668,39168.841123150836
4669,39168.84112456811
4670,39168.84112724414
4671,39168.8411280527
4672,39168.84112573001
4673,39168.84113109502
4674,39168.84112684881
4675,39168.84112606897
4676,39168.841139743156
4677,39168.84112821099
4678,39168.84112914644
4679,39168.8411198153
4680,39168.84113330832
4681,39168.84112485655
4682,39168.84112968393
4683,39168.84112934426
4684,39168.84112807506
4685,39168.841128015716
4686,39168.84112841285
4687,39168.841128386375
4688,39168.8411345317
4689,39168.84112790973
4690,39168.84112924738
4691,39168.84113619568
4692,39168.841134497765
4693,39168.84111785785
4694,39168.84112348942
4695,39168.84113072354
4696,39168.84112725139
4697,39168.84112935752
4698,39168.841128445005
4699,39168.84112911882
4700,39168.841129304645
4701,39168.84112989206
4702,39168.84112856339
4703,39168.84112797692
4704,39165.74860045729
4705,39165.7486004573
4706,39165.7486004573
4707,39165.7486004573
4708,39165.7486004573
4709,39165.7486004573
4710,39165.74860045731
4711,39165.74860045731
4712,39165.74860045731
4713,39165.74860226409
4714,39165.74859897983
4715,39165.74859793728
4716,39165.7486045281
4717,39165.74859944434
4718,39165.748598784434
4719,39165.7486019032
4720,39165.7485998775
4721,39165.74859899483
4722,39165.74860373143
4723,39165.748599766026
4724,39165.7486004984
4725,39165.74860312797
4726,39165.748598020175
4727,39165.74860227506
4728,39165.748597520556
4729,39165.74859872236
4730,39165.748600203435
4731,39165.74859876264
4732,39165.74859912858
4733,39165.748600196544
4734,39165.74860017806
4735,39165.7486006072
4736,39165.748600546875
4737,39165.74860357343
4738,39165.748601132866
4739,39165.74860124368
4740,39165.74859988854
4741,39165.74859978337
4742,39165.74859865209
4743,39165.748599765735
4744,39165.748599837025
4745,39165.74860006684
4746,39165.74860133111
4747,39165.74860060024
4748,39165.74860065534
4749,39165.748602446256
4750,39165.74860190717
4751,39165.74860165088
4752,39165.74860122621
4753,39164.33863731021
4754,39164.33863731021
4755,39164.33863731021
4756,39164.33863731022
4757,39164.33863731021
4758,39164.33863731021
4759,39164.33863731021
4760,39164.33863731021
4761,39164.33863731021
4762,39164.33863356096
4763,39164.33863481428
4764,39164.33863529306
4765,39164.33864125152
4766,39164.33863804991
4767,39164.33863741298
4768,39164.338638267145
4769,39164.33863631081
4770,39164.338636073444
4771,39164.33864063132
4772,39164.33863666736
4773,39164.33863829702
4774,39164.33863584513
4775,39164.338634806685
4776,39164.33863937221
4777,39164.33863718485
4778,39164.33863388584
4779,39164.33863975604
4780,39164.33863469682
4781,39164.3386355124
4782,39164.33863700809
4783,39164.338636723245
4784,39164.33863735987
4785,39164.338637220186
4786,39164.3386391705
4787,39164.338638066045
4788,39164.338637900466
4789,39164.33863345407
4790,39164.33863289471
4791,39164.33863812946
4792,39164.338638083915
4793,39164.33863572883
4794,39164.33863709831
4795,39164.33863809141
4796,39164.33863730615
4797,39164.33863699493
4798,39164.338639709626
4799,39164.338638633606
4800,39164.33863884549
4801,39164.33863824731
4802,39162.93779010854
4803,39162.93779010853
4804,39162.93779010853
4805,39162.93779010853
4806,39162.937790108524
4807,39162.93779010852
4808,39162.93779010853
4809,39162.93779010853
4810,39162.937790108524
4811,39162.937785387636
4812,39162.93778864783
4813,39162.937788614465
4814,39162.93779392328
4815,39162.93779153291
4816,39162.93779022244
4817,39162.93778996145
4818,39162.937788711526
4819,39162.93778899732
4820,39162.93779341145
4821,39162.93778940993
4822,39162.93779145201
4823,39162.93778740757
4824,39162.93778864619
4825,39162.93779198529
4826,39162.93779145035
4827,39162.93778683155
4828,39162.93779331115
4829,39162.937787646595
4830,39162.93778870183
4831,39162.93779005428
4832,39162.93778955316
4833,39162.93779007993
4834,39162.937789898875
4835,39162.93779159011
4836,39162.93779074764
4837,39162.93779061563
4838,39162.93778633699
4839,39162.93778448437
4840,39162.937791642755
4841,39162.9377912242
4842,39162.93778815174
4843,39162.937790044896
4844,39162.937790868506
4845,39162.93779000235
4846,39162.93778955713
4847,39162.93779257802
4848,39162.937791363256
4849,39162.937791813936
4850,39162.93779101306
4851,39160.36887669057
4852,39160.36887669056
4853,39160.36887669056
4854,39160.36887669057
4855,39160.36887669057
4856,39160.36887669056
4857,39160.36887669056
4858,39160.368876690554
4859,39160.36887669056
4860,39160.368867687466
4861,39160.368870606755
4862,39160.368877636654
4863,39160.36887779158
4864,39160.36887732473
4865,39160.36887375619
4866,39160.36888177231
4867,39160.36887612246
4868,39160.368877571906
4869,39160.36888032393
4870,39160.36887585757
4871,39160.368878623616
4872,39160.368872524596
4873,39160.368872018116
4874,39160.36887855998
4875,39160.368877228946
4876,39160.36887246813
4877,39160.368879537855
4878,39160.36887123656
4879,39160.36887402119
4880,39160.3688762204
4881,39160.36887604182
4882,39160.36887578363
4883,39160.3688751751
4884,39160.36887597969
4885,39160.36887836138
4886,39160.36887645954
4887,39160.368873986066
4888,39160.368871649865
4889,39160.368878122346
4890,39160.36888027361
4891,39160.368872747735
4892,39160.36887676226
4893,39160.36887663782
4894,39160.368875924825
4895,39160.36887440737
4896,39160.368876750494
4897,39160.36887698483
4898,39160.368879360474
4899,39160.36887821957
4900,39158.78914708025
4901,39158.789147080264
4902,39158.78914708026
4903,39158.78914708026
4904,39158.789147080264
4905,39158.789147080264
4906,39158.789147080264
4907,39158.789147080264
4908,39158.78914708026
4909,39158.789162597364
4910,39158.78915287146
4911,39158.78914781569
4912,39158.78915009899
4913,39158.78914377937
4914,39158.78914624388
4915,39158.789145738694
4916,39158.7891465264
4917,39158.78914570729
4918,39158.78914938164
4919,39158.78914633601
4920,39158.789148489566
4921,39158.78915671544
4922,39158.78915056287
4923,39158.78914751152
4924,39158.78914541498
4925,39158.78916102662
4926,39158.78915357518
4927,39158.789147140225
4928,39158.78915091743
4929,39158.78914864498
4930,39158.78914887492
4931,39158.78914682185
4932,39158.78914669665
4933,39158.78915151819
4934,39158.78914563451
4935,39158.78914712028
4936,39158.789161801185
4937,39158.78914967492
4938,39158.78913274151
4939,39158.78914557755
4940,39158.7891473055
4941,39158.78914677415
4942,39158.789146886695
4943,39158.78914666839
4944,39158.78914591481
4945,39158.78914862923
4946,39158.7891471371
4947,39158.78914928246
4948,39158.7891473034
4949,39155.75068205775
4950,39155.750682057755
4951,39155.75068205775
4952,39155.75068205774
4953,39155.750682057755
4954,39155.75068205775
4955,39155.750682057755
4956,39155.750682057755
4957,39155.75068205775
4958,39155.750683095874
4959,39155.7506837755
4960,39155.75068294379
4961,39155.75068408877
4962,39155.75068176853
4963,39155.750677456526
4964,39155.75068151889
4965,39155.750680968355
4966,39155.75068149915
4967,39155.750684840714
4968,39155.75068120334
4969,39155.75068332607
4970,39155.750683130274
4971,39155.75068293903
4972,39155.75068210807
4973,39155.75068208369
4974,39155.750682249825
4975,39155.750682698424
4976,39155.750680964986
4977,39155.750682636026
4978,39155.75068312043
4979,39155.750683421924
4980,39155.7506814328
4981,39155.75068131818
4982,39155.75068364412
4983,39155.75068167259
4984,39155.75068194224
4985,39155.75068580038
4986,39155.75068097181
4987,39155.75067994948
4988,39155.750682292106
4989,39155.750680520985
4990,39155.75068214764
4991,39155.75068184392
4992,39155.75068145954
4993,39155.75068080554
4994,39155.75068257804
4995,39155.75068209597
4996,39155.75068412188
4997,39155.75068255647
4998,39154.75060269797
4999,39154.750602697975
5000,39154.750602697975
5001,39154.75060269796
5002,39154.75060269796
5003,39154.750602697975
5004,39154.75060269797
5005,39154.750602697975
5006,39154.75060269797
5007,39154.75060265377
5008,39154.750604034576
5009,39154.75060283311
5010,39154.75060449081
5011,39154.75060264788
5012,39154.75059747693
5013,39154.75060052336
5014,39154.75060182686
5015,39154.75060202633
5016,39154.750605450725
5017,39154.75060165378
5018,39154.750603455795
5019,39154.750602626664
5020,39154.75060402147
5021,39154.75060245489
5022,39154.75060223106
5023,39154.750600266874
5024,39154.750602256696
5025,39154.75060263947
5026,39154.750603459775
5027,39154.750603840024
5028,39154.75060438439
5029,39154.75060213694
5030,39154.75060197804
5031,39154.75060462655
5032,39154.75060212906
5033,39154.75060276589
5034,39154.75060431285
5035,39154.75060156244
5036,39154.75060224033
5037,39154.750602324915
5038,39154.750602401924
5039,39154.75060279846
5040,39154.75060258197
5041,39154.75060225687
5042,39154.750601690175
5043,39154.75060259138
5044,39154.75060276626
5045,39154.750604636225
5046,39154.750602933025
5047,39152.28219344034
5048,39152.28219344035
5049,39152.282193440355
5050,39152.28219344034
5051,39152.28219344035
5052,39152.28219344035
5053,39152.282193440355
5054,39152.28219344034
5055,39152.28219344035
5056,39152.28219375557
5057,39152.2821911742
5058,39152.28219304643
5059,39152.282194509295
5060,39152.28219550571
5061,39152.282193151776
5062,39152.282191013284
5063,39152.2821926783
5064,39152.28219274407
5065,39152.28219629464
5066,39152.28219250467
5067,39152.28219377121
5068,39152.282190996426
5069,39152.28219371407
5070,39152.28219231251
5071,39152.2821940014
5072,39152.28219026104
5073,39152.2821926301
5074,39152.28219368296
5075,39152.28219257261
5076,39152.28219475234
5077,39152.28219548716
5078,39152.282192564
5079,39152.282192603365
5080,39152.282194201536
5081,39152.28219275657
5082,39152.28219340786
5083,39152.282192599225
5084,39152.28219000304
5085,39152.28219599059
5086,39152.282193735846
5087,39152.28219374861
5088,39152.28219387412
5089,39152.28219328938
5090,39152.2821928092
5091,39152.28219253345
5092,39152.2821924827
5093,39152.28219333324
5094,39152.282195282125
5095,39152.282193471496
5096,39149.10667329094
5097,39149.10667329094
5098,39149.10667329093
5099,39149.10667329094
5100,39149.10667329093
5101,39149.106673290946
5102,39149.10667329094
5103,39149.10667329093
5104,39149.10667329094
5105,39149.106673560214
5106,39149.106670994675
5107,39149.10667245267
5108,39149.10667411753
5109,39149.10667554116
5110,39149.10667460604
5111,39149.106669881905
5112,39149.106672955684
5113,39149.106672836046
5114,39149.106676216375
5115,39149.10667287013
5116,39149.106673374066
5117,39149.10666978591
5118,39149.10667407803
5119,39149.10667225729
5120,39149.106674038216
5121,39149.106669403875
5122,39149.10667269052
5123,39149.10667412833
5124,39149.10667315787
5125,39149.10667434796
5126,39149.106675158226
5127,39149.10667217803
5128,39149.10667256692
5129,39149.10667430054
5130,39149.10667242665
5131,39149.10667321625
5132,39149.106671003334
5133,39149.10667046003
5134,39149.10667603445
5135,39149.10667297008
5136,39149.10667428544
5137,39149.10667382255
5138,39149.106673173206
5139,39149.10667248965
5140,39149.106672508555
5141,39149.106672224756
5142,39149.106673046146
5143,39149.10667503618
5144,39149.10667325945
5145,39173.875890477815
5146,39173.87589047783
5147,39173.87589047782
5148,39173.87589047783
5149,39173.875890477815
5150,39173.87589047783
5151,39173.875890477815
5152,39173.875890477815
5153,39173.875890477815
5154,39173.87589630258
5155,39173.875861123044
5156,39173.875898407474
5157,39173.87588330989
5158,39173.87588720035
5159,39173.87589935609
5160,39173.87593068034
5161,39173.87589461996
5162,39173.875896645426
5163,39173.87589533305
5164,39173.87589166886
5165,39173.87588843544
5166,39173.875901417334
5167,39173.875860838125
5168,39173.87589156577
5169,39173.87587984952
5170,39173.8758999762
5171,39173.87588247617
5172,39173.87587013426
5173,39173.875874989026
5174,39173.875886123984
5175,39173.87588978103
5176,39173.87588584256
5177,39173.875886203634
5178,39173.87588200606
5179,39173.87589835566
5180,39173.87588845913
5181,39173.87590090065
5182,39173.87589962584
5183,39173.875883146655
5184,39173.875899003186
5185,39173.87587629185
5186,39173.875889556744
5187,39173.87588770656
5188,39173.87588702724
5189,39173.87588653174
5190,39173.8758824914
5191,39173.87588830506
5192,39173.87589256025
5193,39173.87589524729
5194,39147.73247786438
5195,39147.73247786437
5196,39147.732477864374
5197,39147.73247786437
5198,39147.732477864374
5199,39147.73247786437
5200,39147.732477864374
5201,39147.73247786437
5202,39147.732477864374
5203,39147.732478799466
5204,39147.732469710565
5205,39147.732478589205
5206,39147.73247725762
5207,39147.73247920434
5208,39147.73248104273
5209,39147.73248322008
5210,39147.7324784733
5211,39147.73247879323
5212,39147.73248121609
5213,39147.73247781469
5214,39147.732477632024
5215,39147.732476673365
5216,39147.73247264712
5217,39147.732477500394
5218,39147.732476631514
5219,39147.73247647724
5220,39147.732476035075
5221,39147.73247441323
5222,39147.73247469385
5223,39147.73247775243
5224,39147.73247901281
5225,39147.73247608347
5226,39147.73247648042
5227,39147.73247676025
5228,39147.732478716214
5229,39147.73247739837
5230,39147.73247779701
5231,39147.7324770159
5232,39147.732478888276
5233,39147.73247960623
5234,39147.7324759888
5235,39147.73247811495
5236,39147.732477233025
5237,39147.73247655579
5238,39147.73247647652
5239,39147.732475558
5240,39147.73247725342
5241,39147.732479702696
5242,39147.73247880509
5243,39143.65511280584
5244,39143.655112805856
5245,39143.655112805856
5246,39143.655112805856
5247,39143.65511280584
5248,39143.65511280585
5249,39143.655112805835
5250,39143.65511280584
5251,39143.65511280585
5252,39143.65511308492
5253,39143.65511093314
5254,39143.655113040135
5255,39143.65511268074
5256,39143.65511394759
5257,39143.655116321606
5258,39143.655111766326
5259,39143.65511390951
5260,39143.655113962675
5261,39143.655115944275
5262,39143.655113576904
5263,39143.65511194925
5264,39143.655109471896
5265,39143.65511338629
5266,39143.655112857465
5267,39143.6551133916
5268,39143.6551104405
5269,39143.65511264316
5270,39143.655112933506
5271,39143.65511442529
5272,39143.65511254137
5273,39143.655113816865
5274,39143.655110955566
5275,39143.65511191241
5276,39143.65511295878
5277,39143.655112746164
5278,39143.65511268384
5279,39143.65511091589
5280,39143.65511404564
5281,39143.65511279065
5282,39143.65511151978
5283,39143.6551134087
5284,39143.65511285411
5285,39143.65511244571
5286,39143.65511144016
5287,39143.65511214707
5288,39143.655110711596
5289,39143.65511221279
5290,39143.65511409109
5291,39143.655113446286
5292,39141.97917956581
5293,39141.97917956582
5294,39141.97917956582
5295,39141.97917956582
5296,39141.97917956582
5297,39141.979179565824
5298,39141.97917956581
5299,39141.97917956582
5300,39141.97917956581
5301,39141.97918648633
5302,39141.97918062498
5303,39141.97917893093
5304,39141.97917982143
5305,39141.979179470894
5306,39141.97918354682
5307,39141.9791780651
5308,39141.979180616894
5309,39141.979181069495
5310,39141.979182895804
5311,39141.97918025022
5312,39141.97917821822
5313,39141.97918051092
5314,39141.97918079384
5315,39141.97918035287
5316,39141.97917856904
5317,39141.97918165486
5318,39141.97917992805
5319,39141.97918016113
5320,39141.979182376046
5321,39141.97917916269
5322,39141.97917974158
5323,39141.97917790078
5324,39141.979178792826
5325,39141.97918207555
5326,39141.97917968921
5327,39141.97917982187
5328,39141.9791817208
5329,39141.979183660624
5330,39141.97917516942
5331,39141.97917693698
5332,39141.979180304
5333,39141.97917971243
5334,39141.97917965466
5335,39141.97917836501
5336,39141.979179095324
5337,39141.979177952504
5338,39141.979179322465
5339,39141.979180812836
5340,39141.97918019037
5341,39138.889529121116
5342,39138.88952912111
5343,39138.889529121116
5344,39138.88952912114
5345,39138.88952912114
5346,39138.88952912111
5347,39138.8895291211
5348,39138.88952912114
5349,39138.88952912111
5350,39138.88952772938
5351,39138.88953092525
5352,39138.88953011455
5353,39138.88952996854
5354,39138.889530024906
5355,39138.88953228319
5356,39138.88953009642
5357,39138.88952965366
5358,39138.88953124243
5359,39138.889532436835
5360,39138.88953020695
5361,39138.889528699285
5362,39138.889526433624
5363,39138.889528696556
5364,39138.88953141807
5365,39138.88953088539
5366,39138.88952743283
5367,39138.88952936525
5368,39138.88952675624
5369,39138.88953105879
5370,39138.88952825693
5371,39138.88952822503
5372,39138.889527412466
5373,39138.88952842144
5374,39138.88953004664
5375,39138.889529882676
5376,39138.889529339955
5377,39138.88952760649
5378,39138.88953117573
5379,39138.889528658285
5380,39138.889527795756
5381,39138.88952610488
5382,39138.88952903011
5383,39138.8895290431
5384,39138.88952778096
5385,39138.8895284358
5386,39138.889528872314
5387,39138.88952886025
5388,39138.88953027394
5389,39138.88953049954
5390,39135.333015503624
5391,39135.33301550362
5392,39135.333015503624
5393,39135.33301550362
5394,39135.33301550362
5395,39135.33301550362
5396,39135.333015503624
5397,39135.333015503624
5398,39135.333015503624
5399,39135.333014273034
5400,39135.333018300546
5401,39135.33301671968
5402,39135.33301661594
5403,39135.33301589965
5404,39135.333017473684
5405,39135.333016995144
5406,39135.33301587082
5407,39135.333017686025
5408,39135.33301856561
5409,39135.33301629986
5410,39135.33301476669
5411,39135.333013872514
5412,39135.333014649026
5413,39135.33301841596
5414,39135.33301693743
5415,39135.333014558986
5416,39135.33301571738
5417,39135.33301243797
5418,39135.333017561046
5419,39135.33301460709
5420,39135.33301453744
5421,39135.33301408366
5422,39135.333014800366
5423,39135.33301681215
5424,39135.3330163771
5425,39135.33301616395
5426,39135.333014995274
5427,39135.333017657824
5428,39135.333014489326
5429,39135.333014073185
5430,39135.333011886265
5431,39135.33301506527
5432,39135.3330154664
5433,39135.33301443379
5434,39135.33301497435
5435,39135.33301545552
5436,39135.33301536185
5437,39135.33301639976
5438,39135.33301698147
5439,39127.424007097296
5440,39127.42400709731
5441,39127.4240070973
5442,39127.4240070973
5443,39127.4240070973
5444,39127.424007097296
5445,39127.42400709729
5446,39127.424007097296
5447,39127.4240070973
5448,39127.42403103369
5449,39127.42402245525
5450,39127.424005753186
5451,39127.42400961816
5452,39127.42400305002
5453,39127.424003362845
5454,39127.42399928513
5455,39127.42400550827
5456,39127.42400678821
5457,39127.42400809519
5458,39127.42400750337
5459,39127.424002689375
5460,39127.424023890395
5461,39127.424013169235
5462,39127.424007227295
5463,39127.42400069081
5464,39127.42402205375
5465,39127.424007015914
5466,39127.42401227161
5467,39127.42401323276
5468,39127.42400792345
5469,39127.42400956572
5470,39127.42400709974
5471,39127.42400742163
5472,39127.42401611517
5473,39127.42400454894
5474,39127.42400988013
5475,39127.42402379469
5476,39127.4240182585
5477,39127.42399215874
5478,39127.424000082545
5479,39127.424010266775
5480,39127.42400591671
5481,39127.424007696674
5482,39127.424007344
5483,39127.42400886186
5484,39127.42400719034
5485,39127.42400724115
5486,39127.42400591676
5487,39127.42400637914
5488,39122.79733151876
5489,39122.79733151876
5490,39122.79733151877
5491,39122.79733151877
5492,39122.79733151877
5493,39122.79733151876
5494,39122.79733151878
5495,39122.79733151878
5496,39122.79733151878
5497,39122.797332050206
5498,39122.797331548514
5499,39122.79733589429
5500,39122.7973320656
5501,39122.79732986675
5502,39122.797326186796
5503,39122.79733869492
5504,39122.79733103499
5505,39122.797332000686
5506,39122.7973336534
5507,39122.797332829694
5508,39122.79733046732
5509,39122.7973350811
5510,39122.797327173415
5511,39122.797332007984
5512,39122.79732957056
5513,39122.797333642244
5514,39122.79732645549
5515,39122.79732712652
5516,39122.797330222485
5517,39122.79733183416
5518,39122.797332858514
5519,39122.79732992105
5520,39122.79733067776
5521,39122.797330770496
5522,39122.797331522524
5523,39122.797332059265
5524,39122.797337738855
5525,39122.79733490255
5526,39122.79733054355
5527,39122.79733141811
5528,39122.79732641554
5529,39122.79733056351
5530,39122.79733077227
5531,39122.7973301522
5532,39122.797330760186
5533,39122.79733175562
5534,39122.79733112122
5535,39122.79733158918
5536,39122.79733276203
5537,39120.924306912115
5538,39120.92430691211
5539,39120.924306912115
5540,39120.92430691212
5541,39120.92430691212
5542,39120.92430691212
5543,39120.924306912115
5544,39120.92430691212
5545,39120.92430691212
5546,39120.92429983019
5547,39120.92430374819
5548,39120.92430840194
5549,39120.92430760066
5550,39120.92430938243
5551,39120.92430518406
5552,39120.92430483249
5553,39120.92430486513
5554,39120.924306838744
5555,39120.924308987596
5556,39120.924307764355
5557,39120.92430498081
5558,39120.92430033962
5559,39120.924305598324
5560,39120.92430605148
5561,39120.92431037706
5562,39120.924297640384
5563,39120.92430118579
5564,39120.92430621783
5565,39120.9243045443
5566,39120.92430749442
5567,39120.92430872232
5568,39120.92430576957
5569,39120.92430635541
5570,39120.92430475
5571,39120.92430599149
5572,39120.92430824083
5573,39120.924299458115
5574,39120.92430118071
5575,39120.92431733669
5576,39120.92430803661
5577,39120.924305211585
5578,39120.924306478766
5579,39120.924306843925
5580,39120.924306061854
5581,39120.92430700866
5582,39120.92430661166
5583,39120.9243068893
5584,39120.92430645642
5585,39120.92430721143
5586,39118.75418010974
5587,39118.75418010974
5588,39118.75418010974
5589,39118.75418010974
5590,39118.75418010974
5591,39118.75418010974
5592,39118.75418010974
5593,39118.75418010974
5594,39118.75418010974
5595,39118.75418465415
5596,39118.75418057238
5597,39118.754181514734
5598,39118.754180984986
5599,39118.75417977523
5600,39118.75417791171
5601,39118.754177697476
5602,39118.75417833854
5603,39118.75417924949
5604,39118.754181669436
5605,39118.75418159456
5606,39118.754177466035
5607,39118.754182267716
5608,39118.754180542324
5609,39118.75417826353
5610,39118.754179460586
5611,39118.75418077857
5612,39118.754176134535
5613,39118.754181607605
5614,39118.754179749914
5615,39118.75418102764
5616,39118.75418298042
5617,39118.75417898316
5618,39118.75417990354
5619,39118.7541804932
5620,39118.754178019735
5621,39118.75418148975
5622,39118.754182189434
5623,39118.75418035575
5624,39118.754180971184
5625,39118.7541790394
5626,39118.754180763455
5627,39118.75417950562
5628,39118.754179967065
5629,39118.75417922283
5630,39118.75418059024
5631,39118.754179899996
5632,39118.754179917916
5633,39118.75417920511
5634,39118.75417991842
5635,39117.75441546847
5636,39117.754415468466
5637,39117.75441546847
5638,39117.75441546847
5639,39117.754415468466
5640,39117.75441546847
5641,39117.75441546848
5642,39117.754415468466
5643,39117.75441546847
5644,39117.75442039637
5645,39117.75441519411
5646,39117.75441742484
5647,39117.75441627763
5648,39117.75441457119
5649,39117.75441431917
5650,39117.754414836214
5651,39117.7544141922
5652,39117.7544146852
5653,39117.75441709582
5654,39117.754417622586
5655,39117.75441341539
5656,39117.754418094286
5657,39117.7544154181
5658,39117.75441369608
5659,39117.75441456931
5660,39117.75441806497
5661,39117.7544128114
5662,39117.75441632674
5663,39117.75441527251
5664,39117.754416218304
5665,39117.754418159035
5666,39117.75441402949
5667,39117.75441534449
5668,39117.75441544639
5669,39117.75441325201
5670,39117.75441635905
5671,39117.75441879647
5672,39117.754416615535
5673,39117.75441432883
5674,39117.75441448038
5675,39117.75441587183
5676,39117.75441494882
5677,39117.75441509224
5678,39117.7544142238
5679,39117.75441566042
5680,39117.75441561593
5681,39117.754415078074
5682,39117.75441465548
5683,39117.75441546653
5684,39115.29904077761
5685,39115.2990407776
5686,39115.2990407776
5687,39115.2990407776
5688,39115.2990407776
5689,39115.2990407776
5690,39115.2990407776
5691,39115.2990407776
5692,39115.29904077761
5693,39115.299045562555
5694,39115.29904058582
5695,39115.29904176237
5696,39115.299042204366
5697,39115.299038694655
5698,39115.29904004501
5699,39115.29903970972
5700,39115.299039645855
5701,39115.299040380705
5702,39115.29904254566
5703,39115.2990435353
5704,39115.29903965486
5705,39115.29904371337
5706,39115.29904165941
5707,39115.29903967978
5708,39115.299039352285
5709,39115.29904462057
5710,39115.29904107731
5711,39115.299041891536
5712,39115.29904166087
5713,39115.299040898346
5714,39115.2990426151
5715,39115.299039441175
5716,39115.29904110383
5717,39115.2990413051
5718,39115.29903811051
5719,39115.29904132843
5720,39115.29904410704
5721,39115.29904241237
5722,39115.29903698834
5723,39115.299039715945
5724,39115.29904231151
5725,39115.29904053214
5726,39115.29904040897
5727,39115.299039492886
5728,39115.299040839614
5729,39115.29904189938
5730,39115.29904035357
5731,39115.299040016514
5732,39115.29904081999
5733,39111.56884609223
5734,39111.56884609225
5735,39111.56884609225
5736,39111.56884609225
5737,39111.568846092254
5738,39111.56884609227
5739,39111.56884609225
5740,39111.568846092254
5741,39111.568846092254
5742,39111.56884462989
5743,39111.568844320536
5744,39111.568846724585
5745,39111.56884812233
5746,39111.56884385834
5747,39111.56884581459
5748,39111.56884724471
5749,39111.5688454059
5750,39111.56884687543
5751,39111.568848377254
5752,39111.568848813025
5753,39111.5688466884
5754,39111.56884553398
5755,39111.568846140886
5756,39111.56884664572
5757,39111.56884618871
5758,39111.568847325776
5759,39111.56884824529
5760,39111.568844868605
5761,39111.56884694259
5762,39111.568845237365
5763,39111.56884619369
5764,39111.56884496371
5765,39111.56884672357
5766,39111.568845268244
5767,39111.56884395265
5768,39111.56884612955
5769,39111.568846199705
5770,39111.568845938236
5771,39111.56884383026
5772,39111.568846137074
5773,39111.568846156224
5774,39111.56884613284
5775,39111.56884554212
5776,39111.56884480526
5777,39111.568845678565
5778,39111.568848411735
5779,39111.56884565633
5780,39111.568845707974
5781,39111.56884677951
5782,39108.031536697745
5783,39108.03153669775
5784,39108.03153669775
5785,39108.031536697745
5786,39108.03153669775
5787,39108.03153669775
5788,39108.03153669775
5789,39108.03153669775
5790,39108.03153669775
5791,39108.03154056282
5792,39108.03153602015
5793,39108.0315352105
5794,39108.03153922585
5795,39108.03153291614
5796,39108.031536084905
5797,39108.03153953566
5798,39108.031535802715
5799,39108.031539123614
5800,39108.031539503456
5801,39108.03153823243
5802,39108.0315374536
5803,39108.03154104185
5804,39108.03153603499
5805,39108.03153858595
5806,39108.03153458173
5807,39108.031542537254
5808,39108.031539388976
5809,39108.03153454953
5810,39108.03153776878
5811,39108.03153490327
5812,39108.0315350886
5813,39108.03153651674
5814,39108.03153769588
5815,39108.031537243616
5816,39108.03153508639
5817,39108.031537082374
5818,39108.03154113238
5819,39108.031539014904
5820,39108.03153037395
5821,39108.0315365786
5822,39108.03153658213
5823,39108.031537110815
5824,39108.03153638809
5825,39108.03153615506
5826,39108.03153640134
5827,39108.03153952072
5828,39108.03153652941
5829,39108.0315363787
5830,39108.03153759929
5831,39106.85028755836
5832,39106.85028755834
5833,39106.85028755834
5834,39106.850287558336
5835,39106.85028755834
5836,39106.85028755835
5837,39106.85028755834
5838,39106.85028755834
5839,39106.85028755834
5840,39106.85027259006
5841,39106.850288031776
5842,39106.850284031534
5843,39106.850292072144
5844,39106.85028822822
5845,39106.8502884788
5846,39106.850281358325
5847,39106.85028551663
5848,39106.85028951642
5849,39106.85029044939
5850,39106.85028777179
5851,39106.8502901976
5852,39106.850276343655
5853,39106.85029205672
5854,39106.85029017771
5855,39106.850294482305
5856,39106.850274409844
5857,39106.85029021623
5858,39106.85028725637
5859,39106.85028945709
5860,39106.850285669476
5861,39106.85028551496
5862,39106.850288704074
5863,39106.850289483074
5864,39106.850285551795
5865,39106.850285212306
5866,39106.85028839624
5867,39106.850273033684
5868,39106.850279198996
5869,39106.850296830504
5870,39106.85028857316
5871,39106.850287985435
5872,39106.85028839179
5873,39106.85028752096
5874,39106.85028804773
5875,39106.85028787965
5876,39106.85029222649
5877,39106.85028780753
5878,39106.850287375986
5879,39106.85028822841
5880,39104.06525480533
5881,39104.065254805326
5882,39104.065254805326
5883,39104.06525480532
5884,39104.065254805326
5885,39104.06525480533
5886,39104.06525480533
5887,39104.06525480532
5888,39104.06525480533
5889,39104.06525151998
5890,39104.065255916015
5891,39104.0652520865
5892,39104.0652582458
5893,39104.06525319244
5894,39104.06525454962
5895,39104.06525303363
5896,39104.06525317493
5897,39104.06525710941
5898,39104.06525770905
5899,39104.0652548581
5900,39104.06525608634
5901,39104.06525297582
5902,39104.06525681409
5903,39104.06525678584
5904,39104.065257103255
5905,39104.065252048895
5906,39104.06525579222
5907,39104.06525379226
5908,39104.06525615664
5909,39104.065253092616
5910,39104.06525313662
5911,39104.06525567503
5912,39104.065256275506
5913,39104.06525428615
5914,39104.065253011366
5915,39104.065255729605
5916,39104.0652513354
5917,39104.06525283454
5918,39104.06525626229
5919,39104.0652548635
5920,39104.065254618225
5921,39104.065255499794
5922,39104.06525468539
5923,39104.06525512234
5924,39104.06525502878
5925,39104.06525828042
5926,39104.06525494458
5927,39104.06525450037
5928,39104.065255524976
5929,39102.78815367994
5930,39102.78815367994
5931,39102.788153679954
5932,39102.78815367995
5933,39102.78815367994
5934,39102.78815367995
5935,39102.78815367995
5936,39102.78815367995
5937,39102.788153679954
5938,39102.78815580315
5939,39102.788154517606
5940,39102.7881513272
5941,39102.78815647919
5942,39102.788151884124
5943,39102.78815426271
5944,39102.78815377139
5945,39102.78815226912
5946,39102.78815601886
5947,39102.78815663316
5948,39102.788153202004
5949,39102.788154155685
5950,39102.78815530379
5951,39102.788154411704
5952,39102.78815510877
5953,39102.78815478772
5954,39102.78815498162
5955,39102.78815323351
5956,39102.7881523828
5957,39102.78815439157
5958,39102.78815220908
5959,39102.788152419416
5960,39102.78815455022
5961,39102.78815486503
5962,39102.788153372756
5963,39102.78815228563
5964,39102.78815479306
5965,39102.78815439575
5966,39102.78815378559
5967,39102.788152844856
5968,39102.788153429705
5969,39102.788153036454
5970,39102.78815433147
5971,39102.78815353514
5972,39102.78815404311
5973,39102.7881539359
5974,39102.78815634198
5975,39102.78815381867
5976,39102.78815336316
5977,39102.78815439272
5978,39101.51385997613
5979,39101.51385997613
5980,39101.51385997613
5981,39101.51385997612
5982,39101.51385997613
5983,39101.51385997612
5984,39101.51385997613
5985,39101.51385997612
5986,39101.51385997613
5987,39101.51386493963
5988,39101.513862009204
5989,39101.51385798231
5990,39101.513862292806
5991,39101.51385807131
5992,39101.51386017174
5993,39101.51386016122
5994,39101.513858698934
5995,39101.51386217126
5996,39101.51386291392
5997,39101.51385883633
5998,39101.513859735176
5999,39101.51386360901
6000,39101.51386080075
6001,39101.51386064221
6002,39101.513860597275
6003,39101.51386265896
6004,39101.51385736244
6005,39101.5138592112
6006,39101.51386075908
6007,39101.51385884656
6008,39101.513859360784
6009,39101.51386099378
6010,39101.513861004474
6011,39101.513859868115
6012,39101.51385874415
6013,39101.51386132868
6014,39101.51386302173
6015,39101.51386210751
6016,39101.51385864289
6017,39101.513858944505
6018,39101.513859232065
6019,39101.51386060244
6020,39101.513859803155
6021,39101.5138604878
6022,39101.51386039564
6023,39101.51386192708
6024,39101.51386012537
6025,39101.513859628365
6026,39101.51386059548
6027,39099.16653809259
6028,39099.16653809259
6029,39099.1665380926
6030,39099.16653809259
6031,39099.166538092584
6032,39099.16653809259
6033,39099.166538092584
6034,39099.1665380926
6035,39099.16653809259
6036,39099.166545461674
6037,39099.16653650088
6038,39099.166536236895
6039,39099.16653973842
6040,39099.166537279234
6041,39099.16654227448
6042,39099.16653945907
6043,39099.16653698233
6044,39099.16654016333
6045,39099.16654119616
6046,39099.16653588936
6047,39099.16653738764
6048,39099.16654138301
6049,39099.16653746939
6050,39099.16653803744
6051,39099.16653970288
6052,39099.16654163605
6053,39099.16653477601
6054,39099.1665368299
6055,39099.16653753185
6056,39099.16653721737
6057,39099.16653804134
6058,39099.16653936545
6059,39099.1665387624
6060,39099.166536666366
6061,39099.16653730542
6062,39099.16653971883
6063,39099.16654092471
6064,39099.166538700214
6065,39099.16653749764
6066,39099.16653794579
6067,39099.166537482444
6068,39099.1665386925
6069,39099.166537943085
6070,39099.16653885015
6071,39099.16653846798
6072,39099.16653906905
6073,39099.16653837288
6074,39099.16653797366
6075,39099.1665387355
6076,39098.98311080743
6077,39098.98311080742
6078,39098.983110807414
6079,39098.983110807414
6080,39098.98311080742
6081,39098.98311080742
6082,39098.983110807414
6083,39098.98311080742
6084,39098.98311080743
6085,39098.98312387773
6086,39098.98311651014
6087,39098.983111670015
6088,39098.98310920195
6089,39098.983102359205
6090,39098.98309772716
6091,39098.983105335115
6092,39098.98310848366
6093,39098.983109936715
6094,39098.98311337782
6095,39098.983106761596
6096,39098.98310567293
6097,39098.98312627782
6098,39098.983116765434
6099,39098.9831023826
6100,39098.983105293926
6101,39098.98311655435
6102,39098.9830931113
6103,39098.983117701515
6104,39098.983114119044
6105,39098.98311183181
6106,39098.98311667925
6107,39098.98311300596
6108,39098.983111195725
6109,39098.983109870875
6110,39098.98310846428
6111,39098.98311328084
6112,39098.98312442033
6113,39098.9831271223
6114,39098.98310938462
6115,39098.983106000596
6116,39098.98311732623
6117,39098.98311123356
6118,39098.9831107253
6119,39098.98311209048
6120,39098.983112274174
6121,39098.98310742624
6122,39098.98311111936
6123,39098.983110308
6124,39098.983110737376
6125,39094.93923073118
6126,39094.93923073119
6127,39094.93923073118
6128,39094.93923073119
6129,39094.93923073119
6130,39094.93923073118
6131,39094.93923073119
6132,39094.93923073119
6133,39094.93923073119
6134,39094.939237520826
6135,39094.939229976335
6136,39094.93922981149
6137,39094.939231036915
6138,39094.939228631054
6139,39094.93923008439
6140,39094.93922955483
6141,39094.93922917572
6142,39094.93923204694
6143,39094.9392336974
6144,39094.939227600225
6145,39094.939228490526
6146,39094.9392352544
6147,39094.939232021905
6148,39094.939227757895
6149,39094.93923115077
6150,39094.939231369244
6151,39094.939221676796
6152,39094.93923201768
6153,39094.9392307997
6154,39094.93923053206
6155,39094.93923273443
6156,39094.93923233906
6157,39094.93923116712
6158,39094.939228505624
6159,39094.939229578136
6160,39094.93923273495
6161,39094.93923378732
6162,39094.939234168734
6163,39094.939233075405
6164,39094.93922964342
6165,39094.939232290286
6166,39094.93923127495
6167,39094.93923057703
6168,39094.939231720586
6169,39094.939231444994
6170,39094.939229916024
6171,39094.93923102575
6172,39094.939230453696
6173,39094.93923104184
6174,39083.40595619534
6175,39083.40595619533
6176,39083.40595619534
6177,39083.40595619533
6178,39083.40595619534
6179,39083.40595619534
6180,39083.40595619533
6181,39083.40595619534
6182,39083.40595619533
6183,39083.40598624895
6184,39083.40596835563
6185,39083.405954646456
6186,39083.40595851128
6187,39083.40594194258
6188,39083.405952490604
6189,39083.405938343996
6190,39083.405951993875
6191,39083.40595007938
6192,39083.40595768646
6193,39083.40595105924
6194,39083.40595202374
6195,39083.40598072812
6196,39083.40597174999
6197,39083.405945896935
6198,39083.4059539171
6199,39083.40597740245
6200,39083.4059521742
6201,39083.40596946249
6202,39083.405964437305
6203,39083.40595958786
6204,39083.405965499165
6205,39083.40596069224
6206,39083.40595829408
6207,39083.40595838664
6208,39083.405949902364
6209,39083.40596010646
6210,39083.40597836889
6211,39083.40597482234
6212,39083.4059369334
6213,39083.40595057073
6214,39083.40597057709
6215,39083.405956278104
6216,39083.40595699124
6217,39083.40595917881
6218,39083.40595949415
6219,39083.40595470059
6220,39083.40595759361
6221,39083.40595600136
6222,39083.40595526695
6223,36284.309779350006
6224,36284.30977934991
6225,36284.30977934996
6226,36284.30977934996
6227,36284.30977934998
6228,36284.309779350006
6229,36284.30977934996
6230,36284.30977934998
6231,36284.30977934998
6232,36284.30968523317
6233,36284.30907810595
6234,36284.30988612764
6235,36284.30978415004
6236,36284.30947791944
6237,36284.30956893004
6238,36284.3097460909
6239,36284.309622105764
6240,36284.30958919845
6241,36284.309774597496
6242,36284.30976245039
6243,36284.30978132088
6244,36284.30964184973
6245,36284.30990290188
6246,36284.30959670637
6247,36284.30989289444
6248,36284.3096325181
6249,36284.309300623456
6250,36284.30970597463
6251,36284.30974847772
6252,36284.30985721656
6253,36284.30990410927
6254,36284.3098167023
6255,36284.30980382826
6256,36284.30934805989
6257,36284.30969598319
6258,36284.30976971704
6259,36284.30977831895
6260,36284.31016942811
6261,36284.31028635735
6262,36284.31014605453
6263,36284.30997818879
6264,36284.30978402296
6265,36284.30979950502
6266,36284.30978464801
6267,36284.30979524002
6268,36284.30975055909
6269,36284.30978967061
6270,36284.30985712274
6271,36284.30998654701
6272,1821475.970625349
6273,1821475.9706253484
6274,1821475.9706253484
6275,1821475.9706253482
6276,1821475.9706253482
6277,1821475.9706253484
6278,1821475.9706253482
6279,1821475.9706253484
6280,1821475.9706253484
6281,1821475.9675877418
6282,1821475.9716151692
6283,1821475.9708344594
6284,1821475.9645551194
6285,1821475.9671416765
6286,1821475.9753060439
6287,1821475.9665019333
6288,1821475.9732938989
6289,1821475.9715335206
6290,1821475.96980508
6291,1821475.9722059781
6292,1821475.970178735
6293,1821475.970625348
6294,1821475.970625349
6295,1821475.9706187034
6296,1821475.9706253482
6297,1821475.9669327028
6298,1821475.973632566
6299,1821475.9669760729
6300,1821475.9707732138
6301,1821475.9711719672
6302,1821475.9728458282
6303,1821475.973653447
6304,1821475.9704532379
6305,1821475.970770547
6306,1821475.970417306
6307,1821475.9650302916
6308,1821475.97100228
6309,1821475.9676628725
6310,1821475.9679052033
6311,1821475.9683418153
6312,1821475.9749665088
6313,1821475.9713773483
6314,1821475.9706319948
6315,1821475.9706253484
6316,1821475.970720355
6317,1821475.976370651
6318,1821475.9706335661
6319,1821475.9708331388
6320,1821475.969623204
6321,75854.82811105992
6322,75854.82811105969
6323,75854.82811105973
6324,75854.82811105983
6325,75854.82811105988
6326,75854.82811105986
6327,75854.82811105976
6328,75854.82811105967
6329,75854.82811105975
6330,75854.82751169136
6331,75854.82792677851
6332,75854.82655284494
6333,75854.82762043354
6334,75854.82833535
6335,75854.82862210482
6336,75854.82821476508
6337,75854.82743075216
6338,75854.82918948708
6339,75854.83057282165
6340,75854.8276008171
6341,75854.82845284962
6342,75854.82867473317
6343,75854.82897161329
6344,75854.82577138266
6345,75854.82839573492
6346,75854.82804515268
6347,75854.82548239772
6348,75854.82903245754
6349,75854.82681219163
6350,75854.82808311481
6351,75854.82507618511
6352,75854.82879725021
6353,75854.82831273612
6354,75854.82760609424
6355,75854.82891752638
6356,75854.82620217427
6357,75854.82794441984
6358,75854.8283880077
6359,75854.83093272812
6360,75854.82854695161
6361,75854.828244823
6362,75854.828828336
6363,75854.83018020961
6364,75854.82801839783
6365,75854.82805372987
6366,75854.82823821792
6367,75854.82816305885
6368,75854.82804592964
6369,75854.82780065437
6370,35502.92994135072
6371,35502.929941350674
6372,35502.92994135066
6373,35502.929941350696
6374,35502.92994135068
6375,35502.92994135066
6376,35502.92994135069
6377,35502.929941350696
6378,35502.92994135068
6379,35502.92976582279
6380,35502.929091464124
6381,35502.930048546536
6382,35502.929924933334
6383,35502.92963079124
6384,35502.92970493092
6385,35502.92997954486
6386,35502.92974205609
6387,35502.92977628762
6388,35502.9299956363
6389,35502.92989514951
6390,35502.92995216683
6391,35502.92983271532
6392,35502.93006393612
6393,35502.9296968044
6394,35502.93006048044
6395,35502.92977193574
6396,35502.929210718954
6397,35502.92986208293
6398,35502.929837877935
6399,35502.93001165794
6400,35502.930019072795
6401,35502.92999667771
6402,35502.9299707139
6403,35502.92943352736
6404,35502.92988062818
6405,35502.929878921
6406,35502.929975838386
6407,35502.93035844042
6408,35502.93069939118
6409,35502.93035007586
6410,35502.93014558636
6411,35502.92996609868
6412,35502.92998744335
6413,35502.92993847057
6414,35502.92994690189
6415,35502.92990264016
6416,35502.929948633595
6417,35502.93001252695
6418,35502.93018758144
6419,2507169.076324369
6420,2507169.076324369
6421,2507169.076324369
6422,2507169.076324369
6423,2507169.0763243698
6424,2507169.0763243698
6425,2507169.0763243693
6426,2507169.076324369
6427,2507169.076324369
6428,2507169.0756869577
6429,2507169.077935963
6430,2507169.0775942556
6431,2507169.075854071
6432,2507169.0903780875
6433,2507169.0790445823
6434,2507169.077375123
6435,2507169.055882089
6436,2507169.0913210753
6437,2507169.082233958
6438,2507169.0749274814
6439,2507169.0902469214
6440,2507169.080014826
6441,2507169.0762467976
6442,2507169.076246798
6443,2507169.0770342103
6444,2507169.075989356
6445,2507169.078151258
6446,2507169.0751952324
6447,2507169.0767082484
6448,2507169.0674320324
6449,2507169.07079655
6450,2507169.076978728
6451,2507169.081078795
6452,2507169.075090874
6453,2507169.082665823
6454,2507169.081680819
6455,2507169.0733759883
6456,2507169.0878441604
6457,2507169.077223994
6458,2507169.0802215883
6459,2507169.0681495033
6460,2507169.0658190004
6461,2507169.078790189
6462,2507169.0919803316
6463,2507169.065536242
6464,2507169.0732015
6465,2507169.0764091862
6466,2507169.07565001
6467,2507169.077473989
6468,35516.773613958016
6469,35516.773613957994
6470,35516.77361395796
6471,35516.77361395794
6472,35516.77361395799
6473,35516.77361395799
6474,35516.773613957965
6475,35516.77361395799
6476,35516.77361395795
6477,35516.773404845866
6478,35516.772811615134
6479,35516.77368407257
6480,35516.77357554696
6481,35516.77337427161
6482,35516.77340870608
6483,35516.77361466278
6484,35516.773397837984
6485,35516.77346967679
6486,35516.773742537145
6487,35516.77354661915
6488,35516.77363162063
6489,35516.77355919418
6490,35516.77378424442
6491,35516.7732870878
6492,35516.773728089785
6493,35516.77344426607
6494,35516.77270767746
6495,35516.773626110786
6496,35516.77346312028
6497,35516.7736769841
6498,35516.773621255896
6499,35516.77368912655
6500,35516.77365073162
6501,35516.77313146702
6502,35516.77357882226
6503,35516.773484423764
6504,35516.77367880384
6505,35516.77398444796
6506,35516.77455831323
6507,35516.77400019338
6508,35516.77383873522
6509,35516.7736586568
6510,35516.773706948865
6511,35516.7736026035
6512,35516.773610498305
6513,35516.77356266405
6514,35516.77362025165
6515,35516.77366898409
6516,35516.77382735791
6517,35358.07477875074
6518,35358.074778750684
6519,35358.07477875067
6520,35358.07477875069
6521,35358.0747787507
6522,35358.07477875072
6523,35358.07477875073
6524,35358.0747787507
6525,35358.07477875071
6526,35358.07458501347
6527,35358.07393240757
6528,35358.07487325935
6529,35358.07475227656
6530,35358.074493835804
6531,35358.07454978187
6532,35358.07480662767
6533,35358.07456949702
6534,35358.074621707725
6535,35358.07486419824
6536,35358.07472268389
6537,35358.07479263846
6538,35358.074693492556
6539,35358.07492069936
6540,35358.07449842646
6541,35358.07489681165
6542,35358.07460925236
6543,35358.07395743188
6544,35358.07473511689
6545,35358.07465241789
6546,35358.07484603314
6547,35358.07482881135
6548,35358.074842565155
6549,35358.074811037346
6550,35358.07427368843
6551,35358.074728714244
6552,35358.074687488246
6553,35358.07483016238
6554,35358.07518037208
6555,35358.07563030379
6556,35358.075183615736
6557,35358.07499285808
6558,35358.074811812876
6559,35358.074843485345
6560,35358.07477187711
6561,35358.074779935705
6562,35358.07473373377
6563,35358.074785253724
6564,35358.07484318449
6565,35358.07501682267
6566,1292024.3372164315
6567,1292024.3372164317
6568,1292024.3372164317
6569,1292024.3372164317
6570,1292024.337216432
6571,1292024.3372164322
6572,1292024.3372164317
6573,1292024.3372164315
6574,1292024.3372164317
6575,1292024.336154084
6576,1292024.3323769232
6577,1292024.3382156899
6578,1292024.3325167866
6579,1292024.3410792171
6580,1292024.3338527032
6581,1292024.3357615804
6582,1292024.3375948488
6583,1292024.33585445
6584,1292024.338648018
6585,1292024.3322082458
6586,1292024.3367086246
6587,1292024.3421545236
6588,1292024.3372056168
6589,1292024.3372056168
6590,1292024.338519284
6591,1292024.3362312801
6592,1292024.3394062836
6593,1292024.3360230192
6594,1292024.339892822
6595,1292024.3392511716
6596,1292024.3367830832
6597,1292024.3385283244
6598,1292024.33794044
6599,1292024.3416155893
6600,1292024.3392649798
6601,1292024.3356811502
6602,1292024.3386568795
6603,1292024.3364540588
6604,1292024.3395392746
6605,1292024.3378495695
6606,1292024.335340679
6607,1292024.3375141874
6608,1292024.3388058932
6609,1292024.3434854886
6610,1292024.338330226
6611,1292024.3404819528
6612,1292024.336772569
6613,1292024.3357956859
6614,1292024.335473277
6615,35320.48212606677
6616,35320.48212606675
6617,35320.48212606677
6618,35320.48212606675
6619,35320.48212606676
6620,35320.48212606677
6621,35320.482126066774
6622,35320.48212606674
6623,35320.48212606678
6624,35320.48204662577
6625,35320.48205333077
6626,35320.48209571067
6627,35320.48209487231
6628,35320.48211998411
6629,35320.48214285763
6630,35320.48164116381
6631,35320.481949048895
6632,35320.48189493699
6633,35320.48234225975
6634,35320.482007509636
6635,35320.482139689266
6636,35320.48223983784
6637,35320.482532554975
6638,35320.48168951778
6639,35320.482184419234
6640,35320.48198097959
6641,35320.48161365326
6642,35320.48258086802
6643,35320.48203854242
6644,35320.482237123
6645,35320.48207082306
6646,35320.48225331193
6647,35320.48217050119
6648,35320.48193080056
6649,35320.48209732017
6650,35320.481987668856
6651,35320.48212096082
6652,35320.482233260176
6653,35320.482711578814
6654,35320.48226388017
6655,35320.48248401241
6656,35320.48213643708
6657,35320.482355773915
6658,35320.48212652171
6659,35320.482128026975
6660,35320.48195000882
6661,35320.482173861325
6662,35320.48212630349
6663,35320.482075086846
6664,34389.238399294496
6665,34389.23839929452
6666,34389.23839929448
6667,34389.2383992945
6668,34389.23839929449
6669,34389.238399294525
6670,34389.23839929451
6671,34389.23839929448
6672,34389.238399294496
6673,34389.23825015336
6674,34389.23782802548
6675,34389.23845709053
6676,34389.23837081002
6677,34389.238217794395
6678,34389.238252487245
6679,34389.238225102075
6680,34389.238191808785
6681,34389.238197923216
6682,34389.23852190631
6683,34389.23832480936
6684,34389.23841289236
6685,34389.23840530565
6686,34389.23864295117
6687,34389.23806094041
6688,34389.23849746744
6689,34389.23824597847
6690,34389.2376804265
6691,34389.23854780236
6692,34389.238282627215
6693,34389.238486400034
6694,34389.238431648344
6695,34389.23848289788
6696,34389.23843575886
6697,34389.23800572539
6698,34389.2383496663
6699,34389.23829245341
6700,34389.23844283133
6701,34389.23869347813
6702,34389.23916237799
6703,34389.2387169057
6704,34389.23867416543
6705,34389.23842528943
6706,34389.23851261019
6707,34389.23839440547
6708,34389.238400247814
6709,34389.238314300266
6710,34389.238418666166
6711,34389.23843975761
6712,34389.23853140664
6713,346063.28605753154
6714,346063.28605753166
6715,346063.28605753114
6716,346063.28605753154
6717,346063.28605753114
6718,346063.28605753154
6719,346063.28605753125
6720,346063.2860575315
6721,346063.2860575311
6722,346063.2878008775
6723,346063.2836908603
6724,346063.2845163117
6725,346063.28661724937
6726,346063.29141916725
6727,346063.28581472894
6728,346063.2797351189
6729,346063.2829934218
6730,346063.28240029875
6731,346063.2849042265
6732,346063.28577154776
6733,346063.2861536775
6734,346063.2844020869
6735,346063.2834472698
6736,346063.2849473407
6737,346063.2962421915
6738,346063.2880288724
6739,346063.27736828063
6740,346063.28547617205
6741,346063.28993110795
6742,346063.28643673775
6743,346063.2868619166
6744,346063.2866380136
6745,346063.2859974909
6746,346063.284867558
6747,346063.28503136325
6748,346063.2868083555
6749,346063.2960929081
6750,346063.2948090739
6751,346063.28326380864
6752,346063.2839338945
6753,346063.2854131875
6754,346063.286137296
6755,346063.28608585027
6756,346063.28673765174
6757,346063.2862801186
6758,346063.28554449626
6759,346063.2870265639
6760,346063.28589202656
6761,346063.28245767416
6762,32637.327572404643
6763,32637.327572404603
6764,32637.32757240462
6765,32637.327572404673
6766,32637.32757240467
6767,32637.327572404654
6768,32637.32757240462
6769,32637.327572404647
6770,32637.32757240467
6771,32637.32757504061
6772,32637.32716325643
6773,32637.32766525404
6774,32637.327587604144
6775,32637.327232716496
6776,32637.32745438996
6777,32637.327276493266
6778,32637.3274388876
6779,32637.32727718767
6780,32637.327588424843
6781,32637.327508107333
6782,32637.327609985594
6783,32637.32758108199
6784,32637.327831092716
6785,32637.32733734791
6786,32637.327776779774
6787,32637.327591973542
6788,32637.32745029342
6789,32637.32770057266
6790,32637.327612699453
6791,32637.327701390932
6792,32637.327704784046
6793,32637.32765437995
6794,32637.32760531629
6795,32637.327220427338
6796,32637.327466720086
6797,32637.327558037785
6798,32637.32768947473
6799,32637.327873750062
6800,32637.327687720383
6801,32637.327855254887
6802,32637.32785832654
6803,32637.327573104918
6804,32637.327625987535
6805,32637.327586772506
6806,32637.327584981675
6807,32637.32751949614
6808,32637.327605994044
6809,32637.32763092834
6810,32637.32770309273
6811,37148.928336981466
6812,37148.928336981524
6813,37148.928336981524
6814,37148.92833698152
6815,37148.928336981524
6816,37148.928336981546
6817,37148.928336981524
6818,37148.928336981524
6819,37148.92833698148
6820,37148.928571262295
6821,37148.929255628595
6822,37148.928079791585
6823,37148.92844920041
6824,37148.92810930783
6825,37148.92825003327
6826,37148.92799573515
6827,37148.92854143457
6828,37148.92851994497
6829,37148.92848262785
6830,37148.927908245634
6831,37148.92844089677
6832,37148.928467193466
6833,37148.92857392922
6834,37148.92868811177
6835,37148.92852593297
6836,37148.92855835793
6837,37148.92768641038
6838,37148.92850575938
6839,37148.92877002329
6840,37148.92841414529
6841,37148.9283066589
6842,37148.92862119956
6843,37148.928319059225
6844,37148.92848484186
6845,37148.92838677372
6846,37148.928743295306
6847,37148.92881837052
6848,37148.92794496295
6849,37148.92872396744
6850,37148.92794177571
6851,37148.92824641793
6852,37148.92832421434
6853,37148.928394354574
6854,37148.92862344786
6855,37148.92829272525
6856,37148.92800163538
6857,37148.928619385544
6858,37148.92834488138
6859,37148.928338716454
6860,30247.58050904043
6861,30247.58050904038
6862,30247.580509040406
6863,30247.580509040396
6864,30247.58050904042
6865,30247.58050904039
6866,30247.580509040432
6867,30247.58050904037
6868,30247.580509040403
6869,30247.580486252005
6870,30247.58021194309
6871,30247.580554594984
6872,30247.58052632433
6873,30247.58021352053
6874,30247.580355932918
6875,30247.580428472054
6876,30247.580493575377
6877,30247.580471937716
6878,30247.580554317985
6879,30247.58038389288
6880,30247.580558410562
6881,30247.580490789
6882,30247.580621422276
6883,30247.580444251398
6884,30247.580711425144
6885,30247.580525870108
6886,30247.580223222234
6887,30247.580465319403
6888,30247.58061942333
6889,30247.580583641582
6890,30247.58054178688
6891,30247.58060209032
6892,30247.580530831183
6893,30247.58024378783
6894,30247.58048862325
6895,30247.5805322031
6896,30247.580682161803
6897,30247.580595400166
6898,30247.5807132086
6899,30247.58065901638
6900,30247.580594379215
6901,30247.58049595862
6902,30247.580551607196
6903,30247.580542092746
6904,30247.580507369734
6905,30247.58042335645
6906,30247.5805527468
6907,30247.580581149752
6908,30247.580652556877
6909,28126.8219153249
6910,28126.821915324872
6911,28126.821915324894
6912,28126.821915324894
6913,28126.821915324872
6914,28126.821915324846
6915,28126.821915324876
6916,28126.821915324905
6917,28126.82191532491
6918,28126.821881369702
6919,28126.822476630354
6920,28126.821877458748
6921,28126.821932416653
6922,28126.821860194268
6923,28126.82199552768
6924,28126.821540913188
6925,28126.821908238744
6926,28126.821806919626
6927,28126.821954373365
6928,28126.82187140882
6929,28126.82196011805
6930,28126.822048148053
6931,28126.82214476844
6932,28126.821767144178
6933,28126.821992827186
6934,28126.82191572357
6935,28126.822013540623
6936,28126.822163569766
6937,28126.822020461346
6938,28126.822002101027
6939,28126.821930659
6940,28126.82196814456
6941,28126.82195904804
6942,28126.82205415343
6943,28126.82187115481
6944,28126.821842605455
6945,28126.821882998778
6946,28126.82181131907
6947,28126.821845713886
6948,28126.821759649254
6949,28126.821977234737
6950,28126.821927760106
6951,28126.82195209603
6952,28126.82191209801
6953,28126.82191527955
6954,28126.82191282607
6955,28126.82191422594
6956,28126.82190551075
6957,28126.82181822855
6958,1337870.9946026672
6959,1337870.9946026674
6960,1337870.9946026676
6961,1337870.9946026674
6962,1337870.9946026674
6963,1337870.9946026674
6964,1337870.9946026676
6965,1337870.9946026672
6966,1337870.994602667
6967,1337870.9973679571
6968,1337870.9961106884
6969,1337870.9937831794
6970,1337870.9934812188
6971,1337870.9975639123
6972,1337870.9859753205
6973,1337870.9909687606
6974,1337870.9951592626
6975,1337870.9991226324
6976,1337870.9902376698
6977,1337870.9973608418
6978,1337870.993976321
6979,1337870.9941247741
6980,1337870.9921396144
6981,1337870.9924255195
6982,1337870.993287364
6983,1337870.986803805
6984,1337870.996320449
6985,1337870.9920592376
6986,1337870.9948643895
6987,1337870.9930576272
6988,1337870.9920822394
6989,1337870.994760111
6990,1337870.9971757645
6991,1337870.9937309301
6992,1337870.992524422
6993,1337870.9973548786
6994,1337870.9966632172
6995,1337870.994097637
6996,1337870.9939252536
6997,1337870.995648389
6998,1337870.99442658
6999,1337870.9964608452
7000,1337870.9942602082
7001,1337870.9942912487
7002,1337870.994648161
7003,1337870.9964329842
7004,1337870.9909451467
7005,1337870.9932991185
7006,1337870.9942032355
7007,27957.827104765947
7008,27957.827104765947
7009,27957.827104765907
7010,27957.82710476593
7011,27957.827104765925
7012,27957.827104765947
7013,27957.827104765925
7014,27957.827104765936
7015,27957.827104765936
7016,27957.827058639657
7017,27957.827608953397
7018,27957.827076967187
7019,27957.82712167247
7020,27957.82705567869
7021,27957.827172835445
7022,27957.826756168877
7023,27957.827083762975
7024,27957.826991846203
7025,27957.827139254063
7026,27957.827064533143
7027,27957.827147112344
7028,27957.8272368689
7029,27957.82731823506
7030,27957.826957562283
7031,27957.827178648506
7032,27957.827090540075
7033,27957.827157959517
7034,27957.827334788573
7035,27957.82718911066
7036,27957.827188051615
7037,27957.82712519505
7038,27957.827156756743
7039,27957.82714832485
7040,27957.827221061147
7041,27957.827057668626
7042,27957.82703247564
7043,27957.827076445512
7044,27957.82702047242
7045,27957.82709076927
7046,27957.82697686283
7047,27957.827167818636
7048,27957.827119869
7049,27957.827136387936
7050,27957.827101520892
7051,27957.82710490316
7052,27957.827119183574
7053,27957.82710129789
7054,27957.827098236245
7055,27957.827020845587
7056,750602.6237243372
7057,750602.6237243364
7058,750602.6237243365
7059,750602.6237243363
7060,750602.623724337
7061,750602.6237243367
7062,750602.6237243365
7063,750602.6237243365
7064,750602.6237243369
7065,750602.6237418556
7066,750602.6312619168
7067,750602.6189320349
7068,750602.6244854011
7069,750602.6228786401
7070,750602.6246711594
7071,750602.6247256838
7072,750602.6223307545
7073,750602.6274951589
7074,750602.6255644726
7075,750602.6179619095
7076,750602.6234918293
7077,750602.6254964545
7078,750602.6222239559
7079,750602.6289007239
7080,750602.6207491948
7081,750602.6253033461
7082,750602.6231866756
7083,750602.6228956741
7084,750602.6215342173
7085,750602.6269865644
7086,750602.6146260004
7087,750602.6266417813
7088,750602.6221052778
7089,750602.623857968
7090,750602.6278997968
7091,750602.627807539
7092,750602.623742108
7093,750602.6237800138
7094,750602.6238076183
7095,750602.6238855653
7096,750602.6212419675
7097,750602.6244064034
7098,750602.629484425
7099,750602.6262618573
7100,750602.6237948126
7101,750602.6192129401
7102,750602.6292744747
7103,750602.6212469623
7104,750602.6217219251
7105,27948.241929710093
7106,27948.241929710097
7107,27948.24192971009
7108,27948.241929710086
7109,27948.2419297101
7110,27948.241929710126
7111,27948.241929710075
7112,27948.241929710108
7113,27948.241929710108
7114,27948.241882376602
7115,27948.24242835768
7116,27948.241901058635
7117,27948.241946476002
7118,27948.241882385068
7119,27948.24199961126
7120,27948.24158352914
7121,27948.241908150176
7122,27948.241818115715
7123,27948.241964820554
7124,27948.24188861321
7125,27948.24197243598
7126,27948.24205988388
7127,27948.242141899067
7128,27948.241782634028
7129,27948.242005038242
7130,27948.24191432966
7131,27948.241983100772
7132,27948.24215677255
7133,27948.242012868122
7134,27948.242013276016
7135,27948.241948985546
7136,27948.241982118834
7137,27948.241973150296
7138,27948.242044616098
7139,27948.24188324862
7140,27948.241857523477
7141,27948.24190186352
7142,27948.242007556808
7143,27948.241917704505
7144,27948.241804093665
7145,27948.24199183203
7146,27948.241944783982
7147,27948.241962039923
7148,27948.241926682367
7149,27948.24192981768
7150,27948.241943212473
7151,27948.241926582938
7152,27948.241923025606
7153,27948.24184577746
7154,26057.27176781978
7155,26057.271767819773
7156,26057.271767819773
7157,26057.271767819766
7158,26057.27176781977
7159,26057.271767819784
7160,26057.271767819773
7161,26057.271767819773
7162,26057.271767819777
7163,26057.271719786368
7164,26057.271657195444
7165,26057.271757142957
7166,26057.271774697652
7167,26057.27166471319
7168,26057.27176577099
7169,26057.271838142424
7170,26057.271685812248
7171,26057.271747244788
7172,26057.271829013112
7173,26057.27174512095
7174,26057.271801138362
7175,26057.271858591368
7176,26057.27176549079
7177,26057.27166867346
7178,26057.271820030684
7179,26057.271796825364
7180,26057.271741449757
7181,26057.27170542573
7182,26057.271679189176
7183,26057.271768248567
7184,26057.27173209755
7185,26057.271807471592
7186,26057.271797575195
7187,26057.27167889975
7188,26057.271738837127
7189,26057.271693019156
7190,26057.271799884547
7191,26057.271842603546
7192,26057.271838425677
7193,26057.2718620303
7194,26057.271750774806
7195,26057.2718186496
7196,26057.27179072522
7197,26057.27176622937
7198,26057.271756168444
7199,26057.271848260716
7200,26057.271759456664
7201,26057.271796378252
7202,26057.271807411547
7203,25303.877051987347
7204,25303.87705198735
7205,25303.87705198735
7206,25303.877051987336
7207,25303.877051987347
7208,25303.87705198736
7209,25303.87705198733
7210,25303.877051987358
7211,25303.877051987343
7212,25303.876970642184
7213,25303.876891472435
7214,25303.87706786688
7215,25303.877063055425
7216,25303.876984256334
7217,25303.87702850837
7218,25303.8771053124
7219,25303.877004781847
7220,25303.877039158302
7221,25303.87709470627
7222,25303.877031672808
7223,25303.87707500349
7224,25303.877072109917
7225,25303.87705051212
7226,25303.87699826585
7227,25303.87708099976
7228,25303.87701744014
7229,25303.87698373172
7230,25303.87699583697
7231,25303.8770067278
7232,25303.877052648804
7233,25303.87704999602
7234,25303.877073354524
7235,25303.87707004198
7236,25303.876956291802
7237,25303.87703201136
7238,25303.877010468692
7239,25303.8770587028
7240,25303.87713560017
7241,25303.877181911594
7242,25303.877137065545
7243,25303.87706038922
7244,25303.877075537588
7245,25303.87706085681
7246,25303.87704666745
7247,25303.877039515082
7248,25303.877084583582
7249,25303.87704892018
7250,25303.877086420798
7251,25303.877097238415
7252,24456.05194732826
7253,24456.051947328273
7254,24456.051947328247
7255,24456.051947328266
7256,24456.051947328266
7257,24456.051947328262
7258,24456.051947328255
7259,24456.051947328262
7260,24456.05194732824
7261,24456.0520119198
7262,24456.051984011705
7263,24456.05194470231
7264,24456.05197199166
7265,24456.05187119689
7266,24456.051967510157
7267,24456.051903881656
7268,24456.051926291802
7269,24456.051932969098
7270,24456.051968241693
7271,24456.051932542454
7272,24456.051966296956
7273,24456.052046798883
7274,24456.05197264461
7275,24456.051937881137
7276,24456.051979428175
7277,24456.052033629257
7278,24456.051977219773
7279,24456.051959744567
7280,24456.051949481636
7281,24456.05196489308
7282,24456.051973860653
7283,24456.051957570922
7284,24456.051966090756
7285,24456.05196838124
7286,24456.0519334369
7287,24456.05194217325
7288,24456.052030576368
7289,24456.051884240842
7290,24456.051875446065
7291,24456.05195297067
7292,24456.051971865905
7293,24456.051948597782
7294,24456.05194885026
7295,24456.05194957436
7296,24456.05194287724
7297,24456.051944899587
7298,24456.051954085513
7299,24456.05196527449
7300,24456.051929179393
7301,24195.35085095154
7302,24195.35085095155
7303,24195.35085095154
7304,24195.350850951538
7305,24195.35085095154
7306,24195.350850951545
7307,24195.35085095154
7308,24195.350850951534
7309,24195.35085095154
7310,24195.350833871216
7311,24195.35083773191
7312,24195.350847311685
7313,24195.350875401215
7314,24195.350845358018
7315,24195.350884294094
7316,24195.350823021592
7317,24195.350836007026
7318,24195.350842211683
7319,24195.35087049863
7320,24195.350839248877
7321,24195.350862170235
7322,24195.350877908437
7323,24195.350866781915
7324,24195.350855318582
7325,24195.350842201027
7326,24195.350820963566
7327,24195.35083881857
7328,24195.35086203414
7329,24195.350845949575
7330,24195.350862408326
7331,24195.35088127902
7332,24195.350855997855
7333,24195.350866151144
7334,24195.350860993425
7335,24195.35084098197
7336,24195.350854510205
7337,24195.350832881315
7338,24195.350839060287
7339,24195.350895793406
7340,24195.350861657218
7341,24195.35087749508
7342,24195.35084745692
7343,24195.350849623766
7344,24195.350854649754
7345,24195.35084614782
7346,24195.35083443193
7347,24195.35086063481
7348,24195.3508667554
7349,24195.35082730898
7350,24031.139696064656
7351,24031.139696064656
7352,24031.139696064653
7353,24031.13969606466
7354,24031.139696064663
7355,24031.13969606467
7356,24031.13969606466
7357,24031.13969606465
7358,24031.139696064663
7359,24031.139678105454
7360,24031.13965511752
7361,24031.139697650673
7362,24031.139719800984
7363,24031.139700463365
7364,24031.139724560006
7365,24031.13969352534
7366,24031.13968642767
7367,24031.139691716442
7368,24031.1397136232
7369,24031.13968723188
7370,24031.139703807898
7371,24031.139712001717
7372,24031.139693372003
7373,24031.139710276686
7374,24031.13967585234
7375,24031.139660981735
7376,24031.139677411615
7377,24031.13969467095
7378,24031.139689415402
7379,24031.139699996285
7380,24031.139729567803
7381,24031.139697101946
7382,24031.139708190505
7383,24031.13969910589
7384,24031.139687297542
7385,24031.139704681536
7386,24031.139676213854
7387,24031.139682690628
7388,24031.139747536356
7389,24031.139708892413
7390,24031.139722792166
7391,24031.139690298678
7392,24031.139691863056
7393,24031.139700083415
7394,24031.139690141674
7395,24031.139677313906
7396,24031.13970601526
7397,24031.139712577304
7398,24031.139672012338
7399,23698.9710903305
7400,23698.971090330488
7401,23698.971090330488
7402,23698.97109033048
7403,23698.97109033048
7404,23698.971090330484
7405,23698.971090330484
7406,23698.9710903305
7407,23698.971090330495
7408,23698.971077062943
7409,23698.971062578756
7410,23698.971091296684
7411,23698.971111444032
7412,23698.971093094216
7413,23698.97111202378
7414,23698.971086345195
7415,23698.97108874418
7416,23698.971088163653
7417,23698.971101353996
7418,23698.97109165005
7419,23698.9710965529
7420,23698.97109401214
7421,23698.971085102283
7422,23698.97110082365
7423,23698.9710713669
7424,23698.971060274383
7425,23698.971081285934
7426,23698.971085495108
7427,23698.971094357235
7428,23698.971091018608
7429,23698.971116759105
7430,23698.97108428246
7431,23698.971103115822
7432,23698.97109710945
7433,23698.97107878526
7434,23698.971091770945
7435,23698.97107448959
7436,23698.97107983057
7437,23698.971125034623
7438,23698.971095794874
7439,23698.971112040577
7440,23698.971086502093
7441,23698.97108226104
7442,23698.971088106173
7443,23698.971085555626
7444,23698.971078633615
7445,23698.971093567474
7446,23698.971104605316
7447,23698.971071597374
7448,23671.497140359996
7449,23671.497140360007
7450,23671.497140360032
7451,23671.497140360007
7452,23671.497140360007
7453,23671.497140359992
7454,23671.497140359992
7455,23671.49714036001
7456,23671.49714036
7457,23671.49714231035
7458,23671.497172843247
7459,23671.49715968182
7460,23671.49714672235
7461,23671.49709582424
7462,23671.49703374026
7463,23671.497215802035
7464,23671.497174682485
7465,23671.497153560904
7466,23671.497172379368
7467,23671.49713405996
7468,23671.497132795706
7469,23671.49719903804
7470,23671.497097500396
7471,23671.4971484374
7472,23671.497068036733
7473,23671.497198823763
7474,23671.497085213734
7475,23671.497168474467
7476,23671.497157683185
7477,23671.497124509668
7478,23671.49713894264
7479,23671.497135197842
7480,23671.497134439775
7481,23671.497168540707
7482,23671.497138457817
7483,23671.497143741264
7484,23671.497181744642
7485,23671.49698805091
7486,23671.4971051717
7487,23671.49708884417
7488,23671.49714789032
7489,23671.49713915166
7490,23671.497144408164
7491,23671.497137964892
7492,23671.497125322785
7493,23671.497117813957
7494,23671.497150867883
7495,23671.49715161578
7496,23671.49713203604
7497,23453.15741787177
7498,23453.15741787176
7499,23453.15741787176
7500,23453.15741787177
7501,23453.15741787176
7502,23453.15741787178
7503,23453.157417871775
7504,23453.157417871764
7505,23453.157417871775
7506,23453.157399075564
7507,23453.157401474782
7508,23453.157429273382
7509,23453.157433095814
7510,23453.157409047988
7511,23453.157392577006
7512,23453.157447223835
7513,23453.157433437646
7514,23453.15742298742
7515,23453.157438285056
7516,23453.157415994796
7517,23453.15741783397
7518,23453.157429588184
7519,23453.157397897452
7520,23453.15742921725
7521,23453.157379881308
7522,23453.157414820493
7523,23453.157391175366
7524,23453.15742185931
7525,23453.15742615105
7526,23453.15741004267
7527,23453.157433278953
7528,23453.157410625827
7529,23453.1574234126
7530,23453.15742801334
7531,23453.15741220472
7532,23453.157419874507
7533,23453.15742310171
7534,23453.15745976362
7535,23453.157437144055
7536,23453.157404882608
7537,23453.15743391715
7538,23453.157414714413
7539,23453.157413620815
7540,23453.1574147728
7541,23453.157408969702
7542,23453.157401021206
7543,23453.157424026216
7544,23453.157433597873
7545,23453.157405836268
7546,23270.81246364818
7547,23270.812463648173
7548,23270.81246364817
7549,23270.812463648166
7550,23270.812463648177
7551,23270.812463648173
7552,23270.812463648166
7553,23270.81246364817
7554,23270.812463648173
7555,23270.812441550723
7556,23270.812494964324
7557,23270.812459863002
7558,23270.812464706847
7559,23270.812480052435
7560,23270.812450028203
7561,23270.812450154765
7562,23270.812469522418
7563,23270.8124664538
7564,23270.812473874652
7565,23270.812463443628
7566,23270.812458988985
7567,23270.812433694147
7568,23270.8124750937
7569,23270.81246373027
7570,23270.81244233808
7571,23270.812452625058
7572,23270.812475090002
7573,23270.81247496349
7574,23270.812473367998
7575,23270.812462224712
7576,23270.812464156814
7577,23270.812457985987
7578,23270.812449791374
7579,23270.81246304667
7580,23270.81245203967
7581,23270.81247209498
7582,23270.812435123717
7583,23270.81245681466
7584,23270.812488629323
7585,23270.812456690877
7586,23270.81247119658
7587,23270.812468742504
7588,23270.812457009324
7589,23270.812457958993
7590,23270.812451267364
7591,23270.81246508623
7592,23270.812466011786
7593,23270.812451172507
7594,23270.812457507618
7595,23198.999439861363
7596,23198.999439861363
7597,23198.999439861363
7598,23198.999439861374
7599,23198.99943986136
7600,23198.999439861367
7601,23198.999439861367
7602,23198.999439861367
7603,23198.999439861363
7604,23198.999521156962
7605,23198.999426609542
7606,23198.999432533794
7607,23198.999446840593
7608,23198.99940438644
7609,23198.999430960685
7610,23198.999453258588
7611,23198.999451055766
7612,23198.999452372867
7613,23198.999463988413
7614,23198.999429350974
7615,23198.999441521773
7616,23198.99946761877
7617,23198.9994393186
7618,23198.99945119164
7619,23198.99946141006
7620,23198.99951397263
7621,23198.999426040977
7622,23198.999444843314
7623,23198.999451594667
7624,23198.999438125702
7625,23198.999438859646
7626,23198.999439938478
7627,23198.99943685085
7628,23198.99943566281
7629,23198.99943825036
7630,23198.999452812037
7631,23198.99951652428
7632,23198.99950635785
7633,23198.999371470374
7634,23198.999435671787
7635,23198.999455687615
7636,23198.999441722193
7637,23198.999442061377
7638,23198.99944303853
7639,23198.99943203965
7640,23198.999426347866
7641,23198.999452508888
7642,23198.999446595466
7643,23198.999438758183
7644,23140.007024249833
7645,23140.007024249833
7646,23140.007024249837
7647,23140.007024249833
7648,23140.007024249833
7649,23140.00702424983
7650,23140.007024249833
7651,23140.007024249826
7652,23140.00702424983
7653,23140.007000487898
7654,23140.0069831881
7655,23140.007017360174
7656,23140.007032838876
7657,23140.007031764202
7658,23140.007020453057
7659,23140.007042029716
7660,23140.007025013787
7661,23140.00703529884
7662,23140.007051004915
7663,23140.00701645551
7664,23140.0070266094
7665,23140.006997360706
7666,23140.007021678095
7667,23140.007030510715
7668,23140.007008291024
7669,23140.006996189666
7670,23140.007009076926
7671,23140.00701387845
7672,23140.007021953606
7673,23140.007021714435
7674,23140.007014556133
7675,23140.007024853185
7676,23140.00702279898
7677,23140.00700879351
7678,23140.007019879955
7679,23140.00702964017
7680,23140.00699968744
7681,23140.007006379295
7682,23140.007060492604
7683,23140.00703939322
7684,23140.007031411344
7685,23140.00702986017
7686,23140.007029966313
7687,23140.00702555336
7688,23140.007014820418
7689,23140.007021185607
7690,23140.007036533858
7691,23140.00703363057
7692,23140.007024767452
7693,23120.51180752341
7694,23120.5118075234
7695,23120.511807523413
7696,23120.511807523417
7697,23120.51180752341
7698,23120.51180752341
7699,23120.51180752341
7700,23120.511807523413
7701,23120.511807523406
7702,23120.51180193837
7703,23120.511795620805
7704,23120.511798048778
7705,23120.51181526023
7706,23120.511808420637
7707,23120.51180109068
7708,23120.511816121492
7709,23120.51180905345
7710,23120.511817898237
7711,23120.5118328027
7712,23120.511800166096
7713,23120.511810137243
7714,23120.511793313093
7715,23120.511809666143
7716,23120.51181183048
7717,23120.511798542193
7718,23120.51180114553
7719,23120.511803184512
7720,23120.51180407308
7721,23120.51180885523
7722,23120.51180608662
7723,23120.51179563476
7724,23120.511808643532
7725,23120.511804707687
7726,23120.511800479646
7727,23120.511802286164
7728,23120.511812895158
7729,23120.511798964424
7730,23120.511807177583
7731,23120.511819558647
7732,23120.511814293503
7733,23120.511812538112
7734,23120.511814071342
7735,23120.511813142693
7736,23120.511808637668
7737,23120.51179824628
7738,23120.51180718335
7739,23120.51181929365
7740,23120.511812426124
7741,23120.51180605204
7742,23107.253215694785
7743,23107.253215694796
7744,23107.2532156948
7745,23107.253215694785
7746,23107.253215694796
7747,23107.253215694796
7748,23107.253215694782
7749,23107.25321569479
7750,23107.253215694793
7751,23107.253223099662
7752,23107.253216816676
7753,23107.253203916058
7754,23107.253223227242
7755,23107.253212535357
7756,23107.253210927116
7757,23107.253219294973
7758,23107.25321709566
7759,23107.25322553371
7760,23107.25324024648
7761,23107.253208228158
7762,23107.2532187505
7763,23107.25320941353
7764,23107.253220115566
7765,23107.25321892586
7766,23107.25321185231
7767,23107.253221687006
7768,23107.25321620594
7769,23107.25321558347
7770,23107.25321803144
7771,23107.25321528936
7772,23107.25320293029
7773,23107.253217314294
7774,23107.253212741867
7775,23107.253213768643
7776,23107.25321043563
7777,23107.25322091568
7778,23107.253216400306
7779,23107.25322396662
7780,23107.253213375716
7781,23107.253218684436
7782,23107.253219509672
7783,23107.253222816
7784,23107.253221372477
7785,23107.253216955087
7786,23107.25320682049
7787,23107.253216566663
7788,23107.253227351168
7789,23107.2532185601
7790,23107.253213175587
7791,23071.152757522235
7792,23071.152757522224
7793,23071.152757522224
7794,23071.15275752223
7795,23071.152757522224
7796,23071.152757522228
7797,23071.152757522224
7798,23071.152757522224
7799,23071.15275752224
7800,23071.152789266518
7801,23071.152781740482
7802,23071.15274040364
7803,23071.15276459021
7804,23071.15274891929
7805,23071.152760048288
7806,23071.152751338723
7807,23071.152757661217
7808,23071.15276524897
7809,23071.152780444227
7810,23071.15274988394
7811,23071.15276165115
7812,23071.152765888088
7813,23071.152765779385
7814,23071.152757285472
7815,23071.152763575505
7816,23071.15278423551
7817,23071.152766952833
7818,23071.15276325019
7819,23071.152759655095
7820,23071.152759586355
7821,23071.15274316473
7822,23071.152760060664
7823,23071.15275474358
7824,23071.152767063617
7825,23071.152752755774
7826,23071.152761096764
7827,23071.152772673886
7828,23071.152778212472
7829,23071.152730365822
7830,23071.152754125356
7831,23071.15275772648
7832,23071.15276641325
7833,23071.152763348702
7834,23071.152758712356
7835,23071.152749646582
7836,23071.152761761583
7837,23071.152768714877
7838,23071.15275600099
7839,23071.15275225932
7840,23027.923480354017
7841,23027.92348035402
7842,23027.92348035402
7843,23027.923480354013
7844,23027.923480354028
7845,23027.92348035402
7846,23027.923480354024
7847,23027.92348035403
7848,23027.92348035403
7849,23027.92352281511
7850,23027.923513529466
7851,23027.92346091484
7852,23027.923486775733
7853,23027.923471216207
7854,23027.92349047835
7855,23027.923469093912
7856,23027.923479437057
7857,23027.923484837338
7858,23027.923501338002
7859,23027.92347344734
7860,23027.92348472969
7861,23027.923494970728
7862,23027.9234898682
7863,23027.923475911823
7864,23027.923492411017
7865,23027.923514877297
7866,23027.92349435837
7867,23027.923488889977
7868,23027.923480197314
7869,23027.923483935618
7870,23027.923467006498
7871,23027.923482121874
7872,23027.923478244298
7873,23027.923497172636
7874,23027.923476729386
7875,23027.923480711408
7876,23027.92350077644
7877,23027.923503096805
7878,23027.9234431872
7879,23027.923474462925
7880,23027.923477336415
7881,23027.923490909037
7882,23027.9234853466
7883,23027.92348002088
7884,23027.9234735402
7885,23027.923487464785
7886,23027.923490081685
7887,23027.923475800668
7888,23027.92347277921
7889,22965.14547850642
7890,22965.14547850642
7891,22965.14547850643
7892,22965.14547850643
7893,22965.145478506427
7894,22965.14547850642
7895,22965.145478506423
7896,22965.145478506427
7897,22965.145478506423
7898,22965.145524632964
7899,22965.14550416836
7900,22965.145467851045
7901,22965.145482811953
7902,22965.145466844227
7903,22965.14548395986
7904,22965.14546756132
7905,22965.145483012708
7906,22965.145480356725
7907,22965.145495982888
7908,22965.14547349882
7909,22965.145478523504
7910,22965.145492339132
7911,22965.145488218513
7912,22965.145471581338
7913,22965.145504085798
7914,22965.14551982747
7915,22965.145488201168
7916,22965.145491680105
7917,22965.145481050524
7918,22965.14548100865
7919,22965.1454753192
7920,22965.145473929086
7921,22965.145476394166
7922,22965.145490381074
7923,22965.145478499624
7924,22965.145476585072
7925,22965.145520585163
7926,22965.145507844347
7927,22965.145436066206
7928,22965.145469900068
7929,22965.145477662743
7930,22965.145486763948
7931,22965.145479463758
7932,22965.14547288579
7933,22965.145473924273
7934,22965.14548039671
7935,22965.145483470293
7936,22965.14547400036
7937,22965.14547297026
7938,23519.81189345303
7939,23519.81189345302
7940,23519.81189345302
7941,23519.81189345302
7942,23519.81189345302
7943,23519.81189345302
7944,23519.81189345302
7945,23519.81189345302
7946,23519.811893453025
7947,23519.81186303804
7948,23519.812081613436
7949,23519.81187947912
7950,23519.81191412916
7951,23519.811875806325
7952,23519.811922958914
7953,23519.811811915635
7954,23519.811880510762
7955,23519.811861085906
7956,23519.811890359353
7957,23519.811887023407
7958,23519.811920978693
7959,23519.81195312755
7960,23519.811909676326
7961,23519.81187546859
7962,23519.812001894858
7963,23519.811941327775
7964,23519.81210416959
7965,23519.81189677235
7966,23519.811900497112
7967,23519.8119123012
7968,23519.81189413327
7969,23519.811904889768
7970,23519.811913500165
7971,23519.811955187983
7972,23519.811888866785
7973,23519.811879687386
7974,23519.81198998733
7975,23519.811852873572
7976,23519.811783713354
7977,23519.811861177048
7978,23519.811853668874
7979,23519.811911449775
7980,23519.81189732388
7981,23519.811896369894
7982,23519.811896970194
7983,23519.811953476037
7984,23519.811898975982
7985,23519.811880599736
7986,23519.811869867182
7987,22947.290459774147
7988,22947.290459774144
7989,22947.290459774147
7990,22947.29045977415
7991,22947.29045977414
7992,22947.290459774147
7993,22947.290459774147
7994,22947.29045977415
7995,22947.29045977415
7996,22947.290491867043
7997,22947.290503850607
7998,22947.29044870719
7999,22947.29046718295
8000,22947.290448543972
8001,22947.290467812938
8002,22947.29044048048
8003,22947.290461103894
8004,22947.29045723192
8005,22947.290474003326
8006,22947.290455693765
8007,22947.290463286234
8008,22947.2904773852
8009,22947.290470401695
8010,22947.29045150164
8011,22947.290488414757
8012,22947.29049560663
8013,22947.290489616506
8014,22947.29047060877
8015,22947.290461869925
8016,22947.290464344755
8017,22947.290457228915
8018,22947.290456114162
8019,22947.29046138844
8020,22947.29047803871
8021,22947.290458282896
8022,22947.290455025362
8023,22947.290497959042
8024,22947.290478626208
8025,22947.290416631473
8026,22947.290449983277
8027,22947.290453377365
8028,22947.29046960214
8029,22947.29046031168
8030,22947.29045430164
8031,22947.29045641593
8032,22947.290469716583
8033,22947.29046377193
8034,22947.29045522667
8035,22947.29045244237
8036,22898.176499354042
8037,22898.176499354046
8038,22898.176499354046
8039,22898.176499354056
8040,22898.17649935404
8041,22898.176499354042
8042,22898.176499354046
8043,22898.17649935406
8044,22898.176499354046
8045,22898.176505306314
8046,22898.17650947733
8047,22898.17649480611
8048,22898.176505687625
8049,22898.176498161156
8050,22898.176509319695
8051,22898.176498700566
8052,22898.176498663477
8053,22898.176496418808
8054,22898.17651144088
8055,22898.176495286432
8056,22898.17649866249
8057,22898.176500918336
8058,22898.17649992081
8059,22898.176493634142
8060,22898.176509511075
8061,22898.176507361175
8062,22898.17650758969
8063,22898.176499434066
8064,22898.176496029664
8065,22898.17650184612
8066,22898.176500645684
8067,22898.176494241532
8068,22898.17649872608
8069,22898.176505202133
8070,22898.17649784127
8071,22898.17649684982
8072,22898.17650664891
8073,22898.176496883872
8074,22898.176492352133
8075,22898.176500424088
8076,22898.176492930743
8077,22898.176507867396
8078,22898.176498751833
8079,22898.176493865725
8080,22898.17649546364
8081,22898.176508556033
8082,22898.176501701728
8083,22898.176496315988
8084,22898.176496622218
8085,22879.00310516305
8086,22879.003105163058
8087,22879.003105163058
8088,22879.003105163058
8089,22879.003105163054
8090,22879.003105163054
8091,22879.00310516305
8092,22879.003105163047
8093,22879.003105163058
8094,22879.00309368479
8095,22879.003097855784
8096,22879.003106180797
8097,22879.00311114834
8098,22879.003108940316
8099,22879.003113645253
8100,22879.003114731968
8101,22879.003104301442
8102,22879.00310224213
8103,22879.003115367588
8104,22879.003101521914
8105,22879.003101807826
8106,22879.00309779803
8107,22879.003099686837
8108,22879.003101805036
8109,22879.003103764015
8110,22879.003097105404
8111,22879.003102461877
8112,22879.00309946672
8113,22879.00310043673
8114,22879.003106427495
8115,22879.003109835838
8116,22879.00309854297
8117,22879.003103418785
8118,22879.00310350896
8119,22879.00310322447
8120,22879.003104371186
8121,22879.003095250126
8122,22879.003091759205
8123,22879.003118721288
8124,22879.003111037895
8125,22879.00309949812
8126,22879.003111709102
8127,22879.003103495535
8128,22879.00309929771
8129,22879.003100987196
8130,22879.003112709197
8131,22879.003105929525
8132,22879.003103240007
8133,22879.003105202526
8134,22869.1232295798
8135,22869.123229579815
8136,22869.123229579793
8137,22869.123229579793
8138,22869.123229579804
8139,22869.1232295798
8140,22869.1232295798
8141,22869.123229579807
8142,22869.1232295798
8143,22869.123212342547
8144,22869.12322018807
8145,22869.123233424696
8146,22869.123235814775
8147,22869.123234078328
8148,22869.12323469638
8149,22869.123240883597
8150,22869.12322994964
8151,22869.123227163273
8152,22869.123238845823
8153,22869.123226479358
8154,22869.123224885905
8155,22869.12322017855
8156,22869.123222617993
8157,22869.123227738986
8158,22869.123224381005
8159,22869.123217319633
8160,22869.123224342296
8161,22869.12322391293
8162,22869.123226168773
8163,22869.12323067686
8164,22869.123236352163
8165,22869.123221775106
8166,22869.12322803451
8167,22869.123226155378
8168,22869.123227607797
8169,22869.12322977071
8170,22869.123216336164
8171,22869.123215904146
8172,22869.123247733995
8173,22869.12323483519
8174,22869.123225060048
8175,22869.123234362174
8176,22869.123227257056
8177,22869.123223231993
8178,22869.123225919007
8179,22869.123234964583
8180,22869.123229406592
8181,22869.123227963206
8182,22869.123230201116
8183,22845.38920322883
8184,22845.38920322883
8185,22845.38920322883
8186,22845.389203228828
8187,22845.389203228835
8188,22845.389203228828
8189,22845.38920322883
8190,22845.389203228828
8191,22845.389203228828
8192,22845.389189466143
8193,22845.38919270417
8194,22845.38921079749
8195,22845.389209920377
8196,22845.389202086037
8197,22845.389200344103
8198,22845.389218929133
8199,22845.38920540546
8200,22845.389202631355
8201,22845.389212212427
8202,22845.38920019972
8203,22845.389197483863
8204,22845.389200119946
8205,22845.389192616316
8206,22845.389203715185
8207,22845.38919759293
8208,22845.389197854278
8209,22845.389197185246
8210,22845.389197715434
8211,22845.389201649094
8212,22845.389204707215
8213,22845.389211860387
8214,22845.389194904565
8215,22845.389202498995
8216,22845.389198300796
8217,22845.389201882615
8218,22845.389205063635
8219,22845.38919940535
8220,22845.389199929694
8221,22845.389213368904
8222,22845.389206190168
8223,22845.389200502406
8224,22845.38920505759
8225,22845.38920075037
8226,22845.38919698637
8227,22845.38920071353
8228,22845.3892051303
8229,22845.38920265018
8230,22845.389201917107
8231,22845.389205069067
8232,22871.402067100797
8233,22871.402067100782
8234,22871.402067100782
8235,22871.40206710078
8236,22871.40206710078
8237,22871.40206710079
8238,22871.402067100797
8239,22871.402067100775
8240,22871.40206710078
8241,22871.402014047082
8242,22871.402105665744
8243,22871.402066682545
8244,22871.40207801635
8245,22871.402090557825
8246,22871.402053558762
8247,22871.402037526597
8248,22871.4020723828
8249,22871.402070771313
8250,22871.402074345828
8251,22871.40207067176
8252,22871.40205360512
8253,22871.402035482814
8254,22871.402080481552
8255,22871.402068510586
8256,22871.40203609094
8257,22871.402019558012
8258,22871.402070713673
8259,22871.402089069263
8260,22871.40207452404
8261,22871.40207514389
8262,22871.40207592872
8263,22871.402055867246
8264,22871.402074234724
8265,22871.40207740707
8266,22871.40206649859
8267,22871.40207294807
8268,22871.402013350154
8269,22871.40204213362
8270,22871.40211443604
8271,22871.402059365
8272,22871.4020705551
8273,22871.40206510723
8274,22871.40206320996
8275,22871.402059705055
8276,22871.40207777529
8277,22871.402060914967
8278,22871.40206512126
8279,22871.40205063429
8280,22871.402060548244
8281,22829.579285219344
8282,22829.579285219355
8283,22829.579285219355
8284,22829.57928521935
8285,22829.579285219355
8286,22829.579285219355
8287,22829.57928521935
8288,22829.57928521935
8289,22829.57928521935
8290,22829.579256104425
8291,22829.579290922513
8292,22829.579290415273
8293,22829.579292841496
8294,22829.579293307765
8295,22829.579279452355
8296,22829.579285488893
8297,22829.57928880302
8298,22829.579286426884
8299,22829.579293694253
8300,22829.579284402702
8301,22829.579276821823
8302,22829.579270709455
8303,22829.5792829914
8304,22829.579286261232
8305,22829.57926969266
8306,22829.579263604435
8307,22829.579282546805
8308,22829.579289639052
8309,22829.57928699471
8310,22829.57928886631
8311,22829.579293946827
8312,22829.57927562467
8313,22829.579286516408
8314,22829.579285397595
8315,22829.579284136915
8316,22829.57928844522
8317,22829.57926157164
8318,22829.579273359308
8319,22829.57930935198
8320,22829.579284281943
8321,22829.579284877196
8322,22829.57928543003
8323,22829.579282206665
8324,22829.579278373167
8325,22829.57928651868
8326,22829.57928360431
8327,22829.579284103853
8328,22829.579278825935
8329,22829.579283977913
8330,22804.093829232526
8331,22804.093829232526
8332,22804.09382923252
8333,22804.093829232526
8334,22804.093829232523
8335,22804.093829232526
8336,22804.093829232526
8337,22804.09382923255
8338,22804.093829232523
8339,22804.093825165386
8340,22804.093837264933
8341,22804.09383401922
8342,22804.093837008415
8343,22804.093823692343
8344,22804.093816795757
8345,22804.09383324828
8346,22804.09383211678
8347,22804.093832270424
8348,22804.09383873087
8349,22804.093827471646
8350,22804.0938224579
8351,22804.093834311632
8352,22804.093822967796
8353,22804.09383127364
8354,22804.09381983799
8355,22804.093834531053
8356,22804.09383186264
8357,22804.093833928822
8358,22804.09383041486
8359,22804.093835060037
8360,22804.09383680662
8361,22804.09382210046
8362,22804.09383135037
8363,22804.093832230534
8364,22804.093829191523
8365,22804.09383402565
8366,22804.093831049082
8367,22804.093840247875
8368,22804.0938230711
8369,22804.093826626216
8370,22804.09383061254
8371,22804.093827688226
8372,22804.09382747454
8373,22804.09382433268
8374,22804.0938315424
8375,22804.09382644615
8376,22804.09382972843
8377,22804.093821214185
8378,22804.093828016
8379,22788.987191169726
8380,22788.987191169723
8381,22788.987191169726
8382,22788.987191169723
8383,22788.987191169726
8384,22788.98719116973
8385,22788.98719116973
8386,22788.987191169723
8387,22788.987191169723
8388,22788.987197083574
8389,22788.987195977716
8390,22788.987192704382
8391,22788.98719774781
8392,22788.987183157646
8393,22788.987181673627
8394,22788.987192533696
8395,22788.98719170521
8396,22788.98719547896
8397,22788.987203049237
8398,22788.987188185187
8399,22788.987186428414
8400,22788.98719857561
8401,22788.98718733508
8402,22788.987192478442
8403,22788.987187062805
8404,22788.987203784418
8405,22788.987196597653
8406,22788.98719601267
8407,22788.987190309228
8408,22788.98719819626
8409,22788.987195379326
8410,22788.98718630437
8411,22788.98719233003
8412,22788.987193646455
8413,22788.987191786073
8414,22788.987196036393
8415,22788.987199340398
8416,22788.98720337397
8417,22788.987177542083
8418,22788.987191979784
8419,22788.987194031084
8420,22788.98719027133
8421,22788.987191106466
8422,22788.98718766582
8423,22788.98719241503
8424,22788.98718853543
8425,22788.987193754157
8426,22788.98718292778
8427,22788.98718993886
8428,22770.08658134923
8429,22770.08658134924
8430,22770.08658134924
8431,22770.086581349242
8432,22770.08658134924
8433,22770.086581349246
8434,22770.08658134924
8435,22770.086581349242
8436,22770.08658134924
8437,22770.086582551077
8438,22770.086575270438
8439,22770.086579638686
8440,22770.086587718244
8441,22770.086576782775
8442,22770.086578160553
8443,22770.08658518343
8444,22770.086577267735
8445,22770.086586150024
8446,22770.08659555208
8447,22770.086577430444
8448,22770.08657757852
8449,22770.086584130055
8450,22770.08657637249
8451,22770.086581501313
8452,22770.086578004695
8453,22770.086583562308
8454,22770.086582433483
8455,22770.08658023093
8456,22770.086576504345
8457,22770.086589176237
8458,22770.086580249314
8459,22770.0865803048
8460,22770.08658339096
8461,22770.086577789425
8462,22770.086582956283
8463,22770.08658614773
8464,22770.086580267893
8465,22770.086579292667
8466,22770.086580313335
8467,22770.086589243325
8468,22770.086582967437
8469,22770.08658117482
8470,22770.086584264616
8471,22770.08658063374
8472,22770.086583401906
8473,22770.08658179944
8474,22770.08658687229
8475,22770.08657408997
8476,22770.0865832442
8477,22753.7082112852
8478,22753.708211285204
8479,22753.708211285204
8480,22753.708211285204
8481,22753.7082112852
8482,22753.7082112852
8483,22753.708211285197
8484,22753.7082112852
8485,22753.708211285204
8486,22753.70821083856
8487,22753.708203367416
8488,22753.708207283304
8489,22753.708217493924
8490,22753.708208951954
8491,22753.708210933888
8492,22753.70821531727
8493,22753.70820573981
8494,22753.708215978008
8495,22753.70822744341
8496,22753.708206899435
8497,22753.70820851914
8498,22753.708212523157
8499,22753.708206478474
8500,22753.70820992102
8501,22753.708210371624
8502,22753.708207697266
8503,22753.708209192788
8504,22753.708207853255
8505,22753.708205378094
8506,22753.70821890762
8507,22753.708206275907
8508,22753.708212443416
8509,22753.708214144848
8510,22753.708205210016
8511,22753.708213588474
8512,22753.708214843486
8513,22753.708207646443
8514,22753.708204350492
8515,22753.708215999577
8516,22753.708220882225
8517,22753.70821145889
8518,22753.708211790814
8519,22753.70821620216
8520,22753.708211966336
8521,22753.708213432008
8522,22753.708214158556
8523,22753.70821863248
8524,22753.70820643494
8525,22753.708214765775
8526,22718.121790961595
8527,22718.1217909616
8528,22718.121790961595
8529,22718.121790961603
8530,22718.1217909616
8531,22718.1217909616
8532,22718.121790961603
8533,22718.121790961595
8534,22718.1217909616
8535,22718.121788652254
8536,22718.121781415757
8537,22718.121786354757
8538,22718.12179595264
8539,22718.121792779097
8540,22718.12179594421
8541,22718.12179173938
8542,22718.12178609147
8543,22718.121794470677
8544,22718.12180828005
8545,22718.121787191907
8546,22718.121789024615
8547,22718.121789000274
8548,22718.121787278764
8549,22718.121786460062
8550,22718.121792348174
8551,22718.121778910197
8552,22718.121785675783
8553,22718.12178889989
8554,22718.121785331063
8555,22718.12179820084
8556,22718.12178511026
8557,22718.121792972353
8558,22718.12179473447
8559,22718.121782960985
8560,22718.121794376846
8561,22718.121791828617
8562,22718.121782979335
8563,22718.12177887173
8564,22718.121801916477
8565,22718.121800020883
8566,22718.121791991394
8567,22718.12179005997
8568,22718.121796456307
8569,22718.12179164834
8570,22718.121793463102
8571,22718.121793363374
8572,22718.121798609427
8573,22718.121789103443
8574,22718.121794867548
8575,22673.166299107314
8576,22673.166299107314
8577,22673.166299107317
8578,22673.166299107314
8579,22673.166299107317
8580,22673.166299107317
8581,22673.166299107303
8582,22673.166299107306
8583,22673.166299107306
8584,22673.16628646403
8585,22673.166299101238
8586,22673.1662958551
8587,22673.16629986256
8588,22673.166304597824
8589,22673.166297680764
8590,22673.166303986465
8591,22673.166296735522
8592,22673.166299221462
8593,22673.16631634819
8594,22673.16629354904
8595,22673.166301121997
8596,22673.166296995627
8597,22673.166292250422
8598,22673.166292765476
8599,22673.16630014777
8600,22673.166280091686
8601,22673.166288068674
8602,22673.166292331174
8603,22673.16629797513
8604,22673.16630311997
8605,22673.16628936464
8606,22673.166305594114
8607,22673.16629957863
8608,22673.166288028046
8609,22673.166301743207
8610,22673.1662969469
8611,22673.16629129331
8612,22673.166288718738
8613,22673.166319149266
8614,22673.16630390237
8615,22673.166293857743
8616,22673.166297806467
8617,22673.16630533895
8618,22673.166302718717
8619,22673.16629704378
8620,22673.1663069043
8621,22673.166308249754
8622,22673.166301770394
8623,22673.16630632993
8624,22645.675554924797
8625,22645.675554924805
8626,22645.675554924805
8627,22645.67555492481
8628,22645.675554924805
8629,22645.675554924794
8630,22645.675554924797
8631,22645.675554924794
8632,22645.675554924805
8633,22645.67558455218
8634,22645.67557191974
8635,22645.67554825767
8636,22645.67555361548
8637,22645.675554990565
8638,22645.675567904455
8639,22645.67553538536
8640,22645.67555968102
8641,22645.67554991315
8642,22645.67556643305
8643,22645.6755545281
8644,22645.675559166524
8645,22645.67556381961
8646,22645.675557027895
8647,22645.67554246134
8648,22645.675567052753
8649,22645.675566850256
8650,22645.675560328975
8651,22645.6755689379
8652,22645.67555665858
8653,22645.67555929851
8654,22645.675556200382
8655,22645.675557674233
8656,22645.675556412723
8657,22645.675565436923
8658,22645.675557143608
8659,22645.675549380856
8660,22645.675565884256
8661,22645.675566724192
8662,22645.67553156867
8663,22645.675548565636
8664,22645.6755567795
8665,22645.675550035852
8666,22645.675554528854
8667,22645.67555527109
8668,22645.675555423084
8669,22645.675552016066
8670,22645.675558279923
8671,22645.67555022637
8672,22645.675551003773
8673,22620.700575911735
8674,22620.700575911735
8675,22620.700575911735
8676,22620.700575911735
8677,22620.700575911735
8678,22620.700575911735
8679,22620.700575911735
8680,22620.700575911742
8681,22620.700575911735
8682,22620.700569319375
8683,22620.700557428303
8684,22620.7005773877
8685,22620.700571775735
8686,22620.700584421033
8687,22620.70058683633
8688,22620.70057968702
8689,22620.70058104896
8690,22620.700574403698
8691,22620.700588266667
8692,22620.700573471095
8693,22620.70057614509
8694,22620.700563443468
8695,22620.70057012594
8696,22620.700567248216
8697,22620.700568089134
8698,22620.700561510024
8699,22620.7005636455
8700,22620.7005753084
8701,22620.700575611096
8702,22620.700575370753
8703,22620.70057940508
8704,22620.70057439985
8705,22620.700572344158
8706,22620.700569970086
8707,22620.700576242853
8708,22620.700571449088
8709,22620.70055774658
8710,22620.700561211183
8711,22620.700593260353
8712,22620.70058077641
8713,22620.70057611732
8714,22620.700572386722
8715,22620.70057375475
8716,22620.700573156922
8717,22620.700571668673
8718,22620.70057037371
8719,22620.70057792797
8720,22620.700576476072
8721,22620.70057818362
8722,22608.76171111234
8723,22608.761711112347
8724,22608.761711112347
8725,22608.761711112355
8726,22608.761711112347
8727,22608.761711112347
8728,22608.76171111235
8729,22608.76171111234
8730,22608.76171111234
8731,22608.761707336103
8732,22608.76170577336
8733,22608.761711699193
8734,22608.761715253288
8735,22608.76171655104
8736,22608.76171455962
8737,22608.761712515065
8738,22608.761716236277
8739,22608.76170915895
8740,22608.76172245896
8741,22608.761708130936
8742,22608.761712621475
8743,22608.7617049476
8744,22608.761705535362
8745,22608.761703829066
8746,22608.761704451834
8747,22608.761704818382
8748,22608.76170366381
8749,22608.761710898736
8750,22608.761713139338
8751,22608.76171102838
8752,22608.761713139782
8753,22608.76171167821
8754,22608.76170708043
8755,22608.76170859372
8756,22608.761710848903
8757,22608.761707848847
8758,22608.761700942166
8759,22608.76170512369
8760,22608.761720098675
8761,22608.76171319675
8762,22608.76170896939
8763,22608.76170799998
8764,22608.761709328013
8765,22608.761710350234
8766,22608.761706642115
8767,22608.761708394715
8768,22608.761713864267
8769,22608.761709704053
8770,22608.76171339541
8771,22599.3691912944
8772,22599.3691912944
8773,22599.3691912944
8774,22599.369191294405
8775,22599.369191294405
8776,22599.369191294405
8777,22599.369191294405
8778,22599.3691912944
8779,22599.369191294405
8780,22599.369195609564
8781,22599.369195413816
8782,22599.369191765993
8783,22599.36919485934
8784,22599.369190544985
8785,22599.369188133223
8786,22599.369190264224
8787,22599.369197579963
8788,22599.36918932338
8789,22599.369201857124
8790,22599.369188505494
8791,22599.36919382212
8792,22599.369192924267
8793,22599.369187037682
8794,22599.369185165055
8795,22599.369189891007
8796,22599.369198880057
8797,22599.36919103325
8798,22599.36919276746
8799,22599.369195524585
8800,22599.369190763515
8801,22599.369194009647
8802,22599.36919148138
8803,22599.369187722627
8804,22599.369192992683
8805,22599.369190420468
8806,22599.369188482626
8807,22599.369196664848
8808,22599.369198492488
8809,22599.36918406795
8810,22599.369190540638
8811,22599.369188080484
8812,22599.36918912686
8813,22599.369188817214
8814,22599.369190590824
8815,22599.369186816177
8816,22599.369189381116
8817,22599.36919364984
8818,22599.369189583398
8819,22599.369192852937
8820,22590.641279926796
8821,22590.641279926796
8822,22590.6412799268
8823,22590.6412799268
8824,22590.641279926796
8825,22590.6412799268
8826,22590.641279926796
8827,22590.641279926796
8828,22590.641279926793
8829,22590.641287753944
8830,22590.641289071973
8831,22590.641279724703
8832,22590.64128242443
8833,22590.6412758497
8834,22590.641275602808
8835,22590.64127714294
8836,22590.64128563516
8837,22590.641276382936
8838,22590.641288637788
8839,22590.64127812521
8840,22590.641283479028
8841,22590.64128636759
8842,22590.641275119724
8843,22590.64127468804
8844,22590.64128001049
8845,22590.6412936247
8846,22590.64128592898
8847,22590.64128083836
8848,22590.641284535603
8849,22590.64127927254
8850,22590.641283445006
8851,22590.64128102445
8852,22590.641277822768
8853,22590.641285027523
8854,22590.641278454135
8855,22590.64127773538
8856,22590.641290043495
8857,22590.641290209613
8858,22590.64126491718
8859,22590.641278790146
8860,22590.641275065103
8861,22590.641277880684
8862,22590.641277106646
8863,22590.641280648848
8864,22590.64127639014
8865,22590.641279643118
8866,22590.641282170298
8867,22590.64127724265
8868,22590.641280920987
8869,22577.152532189557
8870,22577.152532189553
8871,22577.15253218956
8872,22577.15253218956
8873,22577.152532189553
8874,22577.15253218956
8875,22577.152532189553
8876,22577.152532189553
8877,22577.152532189553
8878,22577.15253614969
8879,22577.152544048407
8880,22577.152530826457
8881,22577.152532144362
8882,22577.15252806154
8883,22577.152527604623
8884,22577.15252308034
8885,22577.152537606828
8886,22577.152529213512
8887,22577.152540649044
8888,22577.152532138865
8889,22577.152535399127
8890,22577.15253657171
8891,22577.152531116695
8892,22577.152528224557
8893,22577.152532420467
8894,22577.15254292729
8895,22577.152544407076
8896,22577.152535719815
8897,22577.152537285354
8898,22577.15253107686
8899,22577.152537102134
8900,22577.15253200456
8901,22577.152533451153
8902,22577.152540886305
8903,22577.152530775224
8904,22577.152530699143
8905,22577.15254072547
8906,22577.15253891265
8907,22577.152517453793
8908,22577.152531348445
8909,22577.152527810038
8910,22577.152530991116
8911,22577.152528727707
8912,22577.152532751963
8913,22577.15253088347
8914,22577.1525309204
8915,22577.15253403705
8916,22577.152530081414
8917,22577.152531507138
8918,22637.74958409792
8919,22637.749584097925
8920,22637.74958409792
8921,22637.749584097928
8922,22637.749584097928
8923,22637.749584097925
8924,22637.74958409792
8925,22637.749584097925
8926,22637.749584097928
8927,22637.74965539879
8928,22637.749549327567
8929,22637.749591790714
8930,22637.74958194487
8931,22637.74953720055
8932,22637.749571287684
8933,22637.74962827307
8934,22637.749581643504
8935,22637.749578239756
8936,22637.74959230515
8937,22637.749583076667
8938,22637.749589977673
8939,22637.749642303217
8940,22637.749554630336
8941,22637.749586903374
8942,22637.749620092167
8943,22637.749668826826
8944,22637.749585251804
8945,22637.749560368848
8946,22637.74957826082
8947,22637.749579849307
8948,22637.749590682262
8949,22637.749589704305
8950,22637.74958766539
8951,22637.749571663808
8952,22637.749586934067
8953,22637.74958718399
8954,22637.749677375257
8955,22637.749651657025
8956,22637.74949522092
8957,22637.74959443295
8958,22637.749574622925
8959,22637.74958108222
8960,22637.749584625675
8961,22637.749591883254
8962,22637.74958336571
8963,22637.74958981988
8964,22637.749590573607
8965,22637.749590167565
8966,22637.749597088663
8967,22571.512775850042
8968,22571.512775850046
8969,22571.512775850042
8970,22571.51277585004
8971,22571.51277585004
8972,22571.512775850042
8973,22571.51277585004
8974,22571.512775850046
8975,22571.512775850042
8976,22571.51279348718
8977,22571.512775612657
8978,22571.51277662515
8979,22571.512775326544
8980,22571.512762947452
8981,22571.512770056885
8982,22571.51277911075
8983,22571.51277959113
8984,22571.51277266196
8985,22571.51278451873
8986,22571.51277547174
8987,22571.512779421115
8988,22571.512791074892
8989,22571.51276829207
8990,22571.512773565544
8991,22571.5127833902
8992,22571.512801412515
8993,22571.5127852639
8994,22571.512772920076
8995,22571.51277860666
8996,22571.512773885206
8997,22571.512781039786
8998,22571.512776589472
8999,22571.512777641197
9000,22571.51277964682
9001,22571.512775382278
9002,22571.512775347208
9003,22571.51280193484
9004,22571.51279485781
9005,22571.51274606435
9006,22571.512778113833
9007,22571.512770514386
9008,22571.51277438271
9009,22571.512773180002
9010,22571.51277769832
9011,22571.512774588056
9012,22571.512775988802
9013,22571.51277867965
9014,22571.512775993262
9015,22571.512777950647
9016,22557.60046274585
9017,22557.600462745846
9018,22557.60046274584
9019,22557.60046274583
9020,22557.60046274584
9021,22557.60046274584
9022,22557.600462745857
9023,22557.60046274583
9024,22557.60046274584
9025,22557.600466923916
9026,22557.600460273658
9027,22557.600460884107
9028,22557.60045969561
9029,22557.60045732925
9030,22557.600461730348
9031,22557.600459397323
9032,22557.600464501254
9033,22557.600460545425
9034,22557.600472285492
9035,22557.600464099505
9036,22557.600464901807
9037,22557.600467578774
9038,22557.600459654805
9039,22557.60046142585
9040,22557.600464573996
9041,22557.60046986593
9042,22557.60047117029
9043,22557.600461924078
9044,22557.60046424998
9045,22557.600460131616
9046,22557.60046749807
9047,22557.600463658342
9048,22557.600468124452
9049,22557.600467609733
9050,22557.60046294869
9051,22557.600463322426
9052,22557.60047020545
9053,22557.600464173116
9054,22557.60045156255
9055,22557.60046780089
9056,22557.60045799305
9057,22557.60046232277
9058,22557.600460236023
9059,22557.60046572552
9060,22557.600464501083
9061,22557.600462054244
9062,22557.60046625595
9063,22557.600463379433
9064,22557.600463508887
9065,22550.51981229208
9066,22550.519812292074
9067,22550.519812292077
9068,22550.519812292074
9069,22550.51981229208
9070,22550.51981229208
9071,22550.519812292085
9072,22550.51981229208
9073,22550.519812292077
9074,22550.51980640034
9075,22550.51980349236
9076,22550.51981048742
9077,22550.519808819874
9078,22550.519811675014
9079,22550.519811685714
9080,22550.519809057416
9081,22550.519813695817
9082,22550.519812768016
9083,22550.519824235205
9084,22550.519813378727
9085,22550.519812707647
9086,22550.51980909283
9087,22550.51981185329
9088,22550.519811938393
9089,22550.519810797006
9090,22550.519807771085
9091,22550.519815392523
9092,22550.519812142153
9093,22550.51981317185
9094,22550.51980882069
9095,22550.519816364234
9096,22550.519811703663
9097,22550.519818202254
9098,22550.5198139895
9099,22550.519813151248
9100,22550.519813122624
9101,22550.519810545036
9102,22550.51980550734
9103,22550.519814676394
9104,22550.519819421977
9105,22550.519808850924
9106,22550.519813061845
9107,22550.519809924528
9108,22550.519814098043
9109,22550.519814327934
9110,22550.51981003631
9111,22550.519816297205
9112,22550.519815183157
9113,22550.51981351969
9114,22544.39665488414
9115,22544.39665488414
9116,22544.39665488414
9117,22544.396654884134
9118,22544.39665488414
9119,22544.396654884138
9120,22544.396654884138
9121,22544.39665488414
9122,22544.396654884145
9123,22544.39664600643
9124,22544.396643466378
9125,22544.396652361607
9126,22544.39665154775
9127,22544.39665720238
9128,22544.396654467047
9129,22544.396652856503
9130,22544.39665533933
9131,22544.39665681652
9132,22544.396668716374
9133,22544.396655485765
9134,22544.396654600398
9135,22544.396649098682
9136,22544.3966554169
9137,22544.396655103446
9138,22544.396652184423
9139,22544.396645221328
9140,22544.396652323056
9141,22544.396655034674
9142,22544.396654842156
9143,22544.39665085002
9144,22544.39665697214
9145,22544.39665509837
9146,22544.3966608148
9147,22544.396654613298
9148,22544.396656481465
9149,22544.396656019275
9150,22544.39664876318
9151,22544.396645932033
9152,22544.39666423466
9153,22544.396662894454
9154,22544.396651564224
9155,22544.396656455454
9156,22544.39665326694
9157,22544.39665743126
9158,22544.396657066172
9159,22544.3966528651
9160,22544.39666005552
9161,22544.3966588507
9162,22544.39665667229
9163,22534.19030571853
9164,22534.190305718534
9165,22534.190305718526
9166,22534.19030571853
9167,22534.19030571853
9168,22534.190305718523
9169,22534.19030571853
9170,22534.190305718534
9171,22534.190305718526
9172,22534.19029567684
9173,22534.190296927984
9174,22534.190303755928
9175,22534.19030330281
9176,22534.19030963266
9177,22534.190303243813
9178,22534.190305418964
9179,22534.1903060218
9180,22534.19030908762
9181,22534.1903213295
9182,22534.19030530979
9183,22534.19030535059
9184,22534.190300802242
9185,22534.190307299323
9186,22534.19030654217
9187,22534.1903042324
9188,22534.190296040888
9189,22534.190300045113
9190,22534.19030746096
9191,22534.190305663113
9192,22534.190300864328
9193,22534.190305868367
9194,22534.190306254164
9195,22534.190310545113
9196,22534.190304220698
9197,22534.190307675
9198,22534.190306476266
9199,22534.19030085667
9200,22534.190301642015
9201,22534.190316093092
9202,22534.190311823168
9203,22534.190301914456
9204,22534.190308437865
9205,22534.19030480021
9206,22534.190308280387
9207,22534.190306844863
9208,22534.190304709526
9209,22534.190311741542
9210,22534.19031098827
9211,22534.190307823468
9212,22510.36490932836
9213,22510.36490932836
9214,22510.364909328357
9215,22510.364909328357
9216,22510.364909328357
9217,22510.36490932836
9218,22510.364909328357
9219,22510.36490932836
9220,22510.36490932836
9221,22510.3649039529
9222,22510.364900928373
9223,22510.36490692299
9224,22510.364909086038
9225,22510.364916551072
9226,22510.364914152073
9227,22510.364912309025
9228,22510.36490561788
9229,22510.364913657482
9230,22510.364925387057
9231,22510.36490828298
9232,22510.36490888649
9233,22510.36490703393
9234,22510.364910735152
9235,22510.36491071181
9236,22510.3649055057
9237,22510.364901871162
9238,22510.36490085436
9239,22510.364912757388
9240,22510.364905084687
9241,22510.364904741145
9242,22510.364906716022
9243,22510.364912567384
9244,22510.364911213506
9245,22510.364906732997
9246,22510.36491123844
9247,22510.364910250057
9248,22510.364894762446
9249,22510.364905514994
9250,22510.364921034074
9251,22510.364915614024
9252,22510.364906024075
9253,22510.36491324253
9254,22510.364909609685
9255,22510.364913795078
9256,22510.364909472533
9257,22510.364911155993
9258,22510.364916486484
9259,22510.364911746237
9260,22510.364910756467
9261,22502.04677772187
9262,22502.046777721873
9263,22502.046777721873
9264,22502.046777721876
9265,22502.046777721884
9266,22502.04677772188
9267,22502.046777721873
9268,22502.046777721873
9269,22502.046777721876
9270,22502.046800419022
9271,22502.046807871386
9272,22502.046780196273
9273,22502.04677655245
9274,22502.046773939306
9275,22502.046775699026
9276,22502.0467607475
9277,22502.04677769064
9278,22502.046782000667
9279,22502.046792069872
9280,22502.046778792654
9281,22502.04677980464
9282,22502.046796734056
9283,22502.046790572585
9284,22502.0467765056
9285,22502.04680542666
9286,22502.046802765493
9287,22502.046790783836
9288,22502.04680296311
9289,22502.046782361438
9290,22502.04677482966
9291,22502.046779009626
9292,22502.04677775351
9293,22502.046781160658
9294,22502.046784521564
9295,22502.046781801237
9296,22502.04677630797
9297,22502.046810215073
9298,22502.04681810553
9299,22502.046741461138
9300,22502.046764269176
9301,22502.046780018776
9302,22502.046779510958
9303,22502.046777100135
9304,22502.04677806328
9305,22502.046780546923
9306,22502.046775545678
9307,22502.04678256089
9308,22502.046778933705
9309,22502.046773627568
9310,22473.280572199707
9311,22473.280572199703
9312,22473.280572199692
9313,22473.280572199707
9314,22473.280572199703
9315,22473.280572199707
9316,22473.280572199703
9317,22473.280572199707
9318,22473.2805721997
9319,22473.28057738526
9320,22473.280578920083
9321,22473.28057578033
9322,22473.28057566115
9323,22473.280574703265
9324,22473.280577561913
9325,22473.28056911936
9326,22473.280569515096
9327,22473.28057627723
9328,22473.280584847507
9329,22473.280571534833
9330,22473.280572919586
9331,22473.280577469064
9332,22473.280578003767
9333,22473.28057141742
9334,22473.28057983862
9335,22473.280582311898
9336,22473.28057596143
9337,22473.280584807057
9338,22473.28057111472
9339,22473.28056892943
9340,22473.280573340653
9341,22473.28057231169
9342,22473.28056942132
9343,22473.28057006528
9344,22473.280573381824
9345,22473.280570272735
9346,22473.28057300922
9347,22473.280584686516
9348,22473.280564119104
9349,22473.2805701471
9350,22473.280572825064
9351,22473.280574990087
9352,22473.2805706994
9353,22473.280572195647
9354,22473.2805702588
9355,22473.28057211885
9356,22473.280576299723
9357,22473.28057138309
9358,22473.280572070707
9359,22460.031320548816
9360,22460.03132054882
9361,22460.03132054882
9362,22460.031320548824
9363,22460.031320548824
9364,22460.031320548816
9365,22460.031320548813
9366,22460.031320548824
9367,22460.031320548816
9368,22460.031320637492
9369,22460.031320380123
9370,22460.0313264086
9371,22460.031325365464
9372,22460.031323184703
9373,22460.031329495436
9374,22460.031321521714
9375,22460.031316553304
9376,22460.031322909796
9377,22460.031330205937
9378,22460.03132033648
9379,22460.03132135748
9380,22460.03132278078
9381,22460.03132303278
9382,22460.031319370813
9383,22460.03132440745
9384,22460.031327298173
9385,22460.031325354284
9386,22460.031327958124
9387,22460.031318076224
9388,22460.031317722594
9389,22460.03132347717
9390,22460.03132072505
9391,22460.031316120934
9392,22460.031314690237
9393,22460.031320719383
9394,22460.031318109723
9395,22460.03131414035
9396,22460.031322270406
9397,22460.031319325044
9398,22460.031321961924
9399,22460.03132077039
9400,22460.031322416184
9401,22460.03131840805
9402,22460.031320561913
9403,22460.031317693414
9404,22460.031321222537
9405,22460.031323513904
9406,22460.031318187586
9407,22460.031322212006
9408,22440.2393016518
9409,22440.2393016518
9410,22440.239301651804
9411,22440.2393016518
9412,22440.239301651807
9413,22440.239301651804
9414,22440.2393016518
9415,22440.2393016518
9416,22440.239301651804
9417,22440.239295227708
9418,22440.239298307984
9419,22440.23931019082
9420,22440.23930663803
9421,22440.239303204988
9422,22440.23931125396
9423,22440.239304375045
9424,22440.23929704057
9425,22440.23930168557
9426,22440.23930700913
9427,22440.239302995342
9428,22440.239302544163
9429,22440.239300705845
9430,22440.239300961894
9431,22440.239299963094
9432,22440.23930283473
9433,22440.239303603837
9434,22440.239308352397
9435,22440.239303633465
9436,22440.239299889767
9437,22440.23930008298
9438,22440.23930688641
9439,22440.23930185768
9440,22440.239297270768
9441,22440.23929291243
9442,22440.239300739853
9443,22440.239298529126
9444,22440.23929097816
9445,22440.239292693754
9446,22440.239307483193
9447,22440.239305172392
9448,22440.239301366873
9449,22440.239301461785
9450,22440.239298840857
9451,22440.239302059526
9452,22440.23929913181
9453,22440.23930257824
9454,22440.239303102746
9455,22440.239298218414
9456,22440.239305187693
9457,22412.805973601793
9458,22412.805973601793
9459,22412.805973601793
9460,22412.805973601793
9461,22412.80597360179
9462,22412.805973601793
9463,22412.805973601786
9464,22412.80597360179
9465,22412.80597360179
9466,22412.805968091605
9467,22412.805972992817
9468,22412.80598111793
9469,22412.80597691473
9470,22412.805973949697
9471,22412.80598216928
9472,22412.805974519273
9473,22412.805969313227
9474,22412.805972266367
9475,22412.80597517413
9476,22412.805977482676
9477,22412.805973950002
9478,22412.805971888767
9479,22412.805970862915
9480,22412.80597148315
9481,22412.805970853733
9482,22412.805973434068
9483,22412.80597829161
9484,22412.805972248407
9485,22412.805973563743
9486,22412.805974426006
9487,22412.8059790307
9488,22412.80597530329
9489,22412.805971738384
9490,22412.805968874694
9491,22412.805971550453
9492,22412.805970099726
9493,22412.805960293193
9494,22412.80596038299
9495,22412.80598209394
9496,22412.805976926036
9497,22412.80597326464
9498,22412.805971040652
9499,22412.805970750385
9500,22412.805976489864
9501,22412.80597365997
9502,22412.80597415362
9503,22412.805974000905
9504,22412.805968805624
9505,22412.80597603588
9506,22408.53184478813
9507,22408.53184478814
9508,22408.53184478814
9509,22408.531844788133
9510,22408.531844788133
9511,22408.531844788125
9512,22408.531844788133
9513,22408.531844788125
9514,22408.531844788133
9515,22408.531842593686
9516,22408.53181631604
9517,22408.531862444637
9518,22408.531854094377
9519,22408.531843085624
9520,22408.531854230885
9521,22408.53187818529
9522,22408.53183900953
9523,22408.531840826214
9524,22408.53184404945
9525,22408.531847633265
9526,22408.53184457513
9527,22408.531849413986
9528,22408.531823192792
9529,22408.531841469263
9530,22408.531846622136
9531,22408.531842049008
9532,22408.531821588924
9533,22408.531823797868
9534,22408.531836061476
9535,22408.53184756932
9536,22408.531848233582
9537,22408.531848471674
9538,22408.531836524104
9539,22408.53181888554
9540,22408.531842947643
9541,22408.531835342215
9542,22408.53184343558
9543,22408.53183250241
9544,22408.531867863683
9545,22408.531854922978
9546,22408.531841798784
9547,22408.53183723367
9548,22408.531845300582
9549,22408.53184904757
9550,22408.531838811647
9551,22408.531850192063
9552,22408.531845362253
9553,22408.53184605644
9554,22408.531854274035
9555,22370.387764593335
9556,22370.38776459334
9557,22370.38776459334
9558,22370.387764593343
9559,22370.38776459333
9560,22370.387764593335
9561,22370.38776459333
9562,22370.387764593335
9563,22370.387764593335
9564,22370.387761845504
9565,22370.387754817715
9566,22370.387770038407
9567,22370.387766456457
9568,22370.387762276867
9569,22370.38776275663
9570,22370.38776340896
9571,22370.38776643049
9572,22370.38776697738
9573,22370.387768174995
9574,22370.38777003671
9575,22370.387761830993
9576,22370.387756486583
9577,22370.38776317618
9578,22370.38776344116
9579,22370.387762233157
9580,22370.387763417075
9581,22370.3877577591
9582,22370.387762304763
9583,22370.3877688102
9584,22370.387767189168
9585,22370.387770278692
9586,22370.38775975882
9587,22370.38776455316
9588,22370.38776225512
9589,22370.387761636823
9590,22370.38776028744
9591,22370.387764981886
9592,22370.387757868528
9593,22370.387773725895
9594,22370.387767790628
9595,22370.387767245717
9596,22370.387761010126
9597,22370.387760895188
9598,22370.387762050017
9599,22370.387765063162
9600,22370.38775905787
9601,22370.387764989628
9602,22370.387765019233
9603,22370.38776345074
9604,22361.624074882227
9605,22361.624074882227
9606,22361.624074882227
9607,22361.624074882227
9608,22361.624074882213
9609,22361.624074882227
9610,22361.624074882227
9611,22361.62407488222
9612,22361.624074882224
9613,22361.62406732778
9614,22361.62408775182
9615,22361.624074497024
9616,22361.624074437743
9617,22361.624080280886
9618,22361.624077473367
9619,22361.624065652024
9620,22361.624071497892
9621,22361.62407696656
9622,22361.624077676726
9623,22361.6240807439
9624,22361.624073265244
9625,22361.62406877391
9626,22361.624077493998
9627,22361.62407372821
9628,22361.62406888727
9629,22361.62406463423
9630,22361.62407596515
9631,22361.624075329404
9632,22361.62407754418
9633,22361.624079806243
9634,22361.624074984356
9635,22361.624076951684
9636,22361.624077674627
9637,22361.624081394402
9638,22361.624070962265
9639,22361.624069555197
9640,22361.624059532205
9641,22361.624061208462
9642,22361.624090088462
9643,22361.624075604515
9644,22361.624075214295
9645,22361.62407209099
9646,22361.62407383205
9647,22361.624079616686
9648,22361.624078055833
9649,22361.624078535402
9650,22361.624076048225
9651,22361.624073123443
9652,22361.624070169608
9653,22357.143184746506
9654,22357.14318474651
9655,22357.143184746514
9656,22357.143184746514
9657,22357.143184746514
9658,22357.14318474651
9659,22357.143184746514
9660,22357.143184746514
9661,22357.14318474651
9662,22357.143209866328
9663,22357.143195615514
9664,22357.143186319354
9665,22357.14318501923
9666,22357.143174337238
9667,22357.14318435404
9668,22357.143189051552
9669,22357.14317963301
9670,22357.143187352496
9671,22357.14318922823
9672,22357.143188534006
9673,22357.1431856821
9674,22357.14320274759
9675,22357.14318068464
9676,22357.143185456764
9677,22357.143197193654
9678,22357.143210563965
9679,22357.143184778193
9680,22357.14318153773
9681,22357.14318353462
9682,22357.14318907037
9683,22357.143182929623
9684,22357.14318884882
9685,22357.143185855162
9686,22357.143188949394
9687,22357.143181648007
9688,22357.143179999573
9689,22357.143209078764
9690,22357.143203113486
9691,22357.14316245538
9692,22357.14318586087
9693,22357.14318314818
9694,22357.143182723794
9695,22357.143185623667
9696,22357.143191091636
9697,22357.14318567109
9698,22357.14319287107
9699,22357.143187903595
9700,22357.143184891975
9701,22357.14318207568
9702,22350.720991218823
9703,22350.720991218834
9704,22350.720991218834
9705,22350.720991218826
9706,22350.720991218837
9707,22350.720991218834
9708,22350.720991218837
9709,22350.720991218826
9710,22350.72099121883
9711,22350.720998938436
9712,22350.72099720573
9713,22350.720992843475
9714,22350.72099136427
9715,22350.720988669666
9716,22350.72099036095
9717,22350.720992011822
9718,22350.72098750474
9719,22350.72099454986
9720,22350.72099691864
9721,22350.720995136202
9722,22350.72099064598
9723,22350.720996809978
9724,22350.72098989364
9725,22350.720991808437
9726,22350.7209969671
9727,22350.720998405686
9728,22350.720989295864
9729,22350.72098965831
9730,22350.72099107143
9731,22350.720994966163
9732,22350.72099022773
9733,22350.720992492952
9734,22350.720992612805
9735,22350.720992669398
9736,22350.720988187924
9737,22350.72098644646
9738,22350.721000394573
9739,22350.720995896834
9740,22350.720988222885
9741,22350.720993153474
9742,22350.720990441914
9743,22350.720989372407
9744,22350.720991335053
9745,22350.720994649397
9746,22350.72099200444
9747,22350.720996489206
9748,22350.720994363524
9749,22350.720993034935
9750,22350.720988384703
9751,22345.53977127149
9752,22345.53977127148
9753,22345.539771271488
9754,22345.53977127148
9755,22345.539771271484
9756,22345.53977127149
9757,22345.539771271484
9758,22345.539771271495
9759,22345.539771271484
9760,22345.539773035383
9761,22345.539775711037
9762,22345.53977198278
9763,22345.53977068697
9764,22345.53977149613
9765,22345.539770365624
9766,22345.539771024167
9767,22345.539767896822
9768,22345.53977481234
9769,22345.539777191116
9770,22345.539775583373
9771,22345.539770159063
9772,22345.539772566462
9773,22345.539770362833
9774,22345.53977192856
9775,22345.53977433071
9776,22345.539770786185
9777,22345.539768793606
9778,22345.539768772527
9779,22345.53977133309
9780,22345.539775326048
9781,22345.539769947958
9782,22345.539772154836
9783,22345.53977360467
9784,22345.539772751647
9785,22345.539768125764
9786,22345.53976636642
9787,22345.539774980756
9788,22345.53976968598
9789,22345.53977551448
9790,22345.53977393251
9791,22345.53977047465
9792,22345.539769044626
9793,22345.53977168877
9794,22345.53977461935
9795,22345.539772605753
9796,22345.539776278092
9797,22345.539774564906
9798,22345.53977386354
9799,22345.539767671253
9800,22333.381717847253
9801,22333.38171784725
9802,22333.38171784725
9803,22333.381717847264
9804,22333.381717847253
9805,22333.381717847256
9806,22333.38171784725
9807,22333.381717847256
9808,22333.381717847256
9809,22333.381712560957
9810,22333.381713080806
9811,22333.381718191562
9812,22333.38171657661
9813,22333.38172136911
9814,22333.381717585857
9815,22333.38171970011
9816,22333.381715061405
9817,22333.381722517257
9818,22333.38172590236
9819,22333.38172222571
9820,22333.381715883836
9821,22333.381713415307
9822,22333.381717042725
9823,22333.38171940643
9824,22333.381718760178
9825,22333.38170809501
9826,22333.38171462248
9827,22333.38171412667
9828,22333.381716536926
9829,22333.381721145848
9830,22333.38171629664
9831,22333.381717040873
9832,22333.381720714046
9833,22333.381715941116
9834,22333.381715330484
9835,22333.381713695904
9836,22333.38171633096
9837,22333.381708601413
9838,22333.381730251414
9839,22333.381722766175
9840,22333.38171767453
9841,22333.38171554337
9842,22333.38171908491
9843,22333.381719633966
9844,22333.381719207788
9845,22333.381721015707
9846,22333.38172254301
9847,22333.381722511593
9848,22333.381713467956
9849,22318.64143249612
9850,22318.64143249612
9851,22318.64143249612
9852,22318.64143249611
9853,22318.641432496115
9854,22318.641432496126
9855,22318.64143249612
9856,22318.641432496115
9857,22318.64143249612
9858,22318.641431212636
9859,22318.64143313846
9860,22318.641431989792
9861,22318.641429037376
9862,22318.641434648347
9863,22318.641435390837
9864,22318.641426414928
9865,22318.641432540375
9866,22318.64143692823
9867,22318.641440002953
9868,22318.641439504285
9869,22318.641431171982
9870,22318.641427636707
9871,22318.641435879166
9872,22318.641433237844
9873,22318.64143855779
9874,22318.641425100424
9875,22318.641441174877
9876,22318.641432786473
9877,22318.641434493456
9878,22318.6414359786
9879,22318.641432332002
9880,22318.641430503154
9881,22318.641437676997
9882,22318.64143707772
9883,22318.64143145309
9884,22318.641428895924
9885,22318.64143790294
9886,22318.641420682477
9887,22318.641435734204
9888,22318.64143405399
9889,22318.6414353981
9890,22318.6414278521
9891,22318.641434879555
9892,22318.641434081423
9893,22318.641437065307
9894,22318.6414309206
9895,22318.641437087088
9896,22318.641435568716
9897,22318.64142238626
9898,22350.29861436788
9899,22350.29861436787
9900,22350.29861436787
9901,22350.29861436787
9902,22350.29861436787
9903,22350.29861436787
9904,22350.298614367875
9905,22350.298614367875
9906,22350.29861436787
9907,22350.298588308702
9908,22350.29853685612
9909,22350.298616625612
9910,22350.298619991998
9911,22350.298625788164
9912,22350.298626679603
9913,22350.298648051106
9914,22350.29862053943
9915,22350.298625380314
9916,22350.298633479368
9917,22350.29861851323
9918,22350.298607210123
9919,22350.29858302728
9920,22350.298609539004
9921,22350.298620982194
9922,22350.29858889331
9923,22350.298576333007
9924,22350.29859457744
9925,22350.298600010825
9926,22350.298598815883
9927,22350.298605463304
9928,22350.298616234395
9929,22350.298601469127
9930,22350.298606864973
9931,22350.298580924453
9932,22350.298614424715
9933,22350.2986184937
9934,22350.298570456307
9935,22350.29856930751
9936,22350.298662234476
9937,22350.298633093607
9938,22350.298620876565
9939,22350.298615381304
9940,22350.298618843353
9941,22350.298601525472
9942,22350.298606871445
9943,22350.29859977272
9944,22350.29862756149
9945,22350.29862248862
9946,22350.298612304912
9947,22301.18281117198
9948,22301.182811171984
9949,22301.18281117198
9950,22301.18281117198
9951,22301.182811171977
9952,22301.182811171984
9953,22301.182811171984
9954,22301.182811171984
9955,22301.18281117198
9956,22301.182797185233
9957,22301.18278139653
9958,22301.182811121627
9959,22301.18281092542
9960,22301.182818390433
9961,22301.182817545206
9962,22301.182822024974
9963,22301.18281217852
9964,22301.182818150926
9965,22301.182822990122
9966,22301.182816599503
9967,22301.18280757162
9968,22301.182795186316
9969,22301.182810055696
9970,22301.182814302363
9971,22301.182802738924
9972,22301.182788900893
9973,22301.182808193505
9974,22301.182804026546
9975,22301.182805692843
9976,22301.18281040523
9977,22301.1828107724
9978,22301.182806344357
9979,22301.182811761282
9980,22301.182801363073
9981,22301.182810371185
9982,22301.18280988113
9983,22301.182793480588
9984,22301.182784171804
9985,22301.18283517621
9986,22301.1828203298
9987,22301.182814249554
9988,22301.18280853918
9989,22301.182814488624
9990,22301.1828089377
9991,22301.18281145031
9992,22301.182806543628
9993,22301.182818923455
9994,22301.18281631677
9995,22301.18280419329
9996,22281.018114325427
9997,22281.018114325434
9998,22281.01811432543
9999,22281.018114325427
10000,22281.018114325427
10001,22281.018114325423
10002,22281.018114325438
10003,22281.01811432543
10004,22281.018114325438
10005,22281.018106553587
10006,22281.018089728113
10007,22281.01811591102
10008,22281.01811508335
10009,22281.018117208707
10010,22281.018119083077
10011,22281.01812545188
10012,22281.018115916006
10013,22281.01812087933
10014,22281.018125597926
10015,22281.018119314755
10016,22281.018111667105
10017,22281.018104292685
10018,22281.01811370826
10019,22281.018117255953
10020,22281.01810979177
10021,22281.018102540926
10022,22281.01811547133
10023,22281.01811008879
10024,22281.018109556066
10025,22281.018112190315
10026,22281.01811440505
10027,22281.01811005738
10028,22281.01811368463
10029,22281.01810591189
10030,22281.018113922266
10031,22281.018113044684
10032,22281.01810589237
10033,22281.018095532872
10034,22281.018127314004
10035,22281.018120921988
10036,22281.01811730409
10037,22281.018111767913
10038,22281.018117689404
10039,22281.018112406782
10040,22281.018114055463
10041,22281.01810889154
10042,22281.0181218573
10043,22281.01811821035
10044,22281.018107273037
10045,22248.303683490296
10046,22248.303683490307
10047,22248.303683490296
10048,22248.303683490303
10049,22248.303683490296
10050,22248.303683490303
10051,22248.303683490296
10052,22248.3036834903
10053,22248.303683490303
10054,22248.30369332202
10055,22248.30368187071
10056,22248.303689011995
10057,22248.30368752394
10058,22248.30367233442
10059,22248.303678717195
10060,22248.30369696261
10061,22248.303686957493
10062,22248.303687737414
10063,22248.30369210217
10064,22248.303686474446
10065,22248.30368343434
10066,22248.303694636106
10067,22248.303682631733
10068,22248.303685552397
10069,22248.303686778694
10070,22248.303704572765
10071,22248.303694770664
10072,22248.303686898253
10073,22248.30368144651
10074,22248.303677531316
10075,22248.30368302694
10076,22248.30368387953
10077,22248.30367965394
10078,22248.30368336515
10079,22248.303683762457
10080,22248.303680975743
10081,22248.303701934692
10082,22248.30369443113
10083,22248.30366231377
10084,22248.30368054254
10085,22248.303683658927
10086,22248.30368062209
10087,22248.30368778071
10088,22248.303686170442
10089,22248.30368206409
10090,22248.303678641703
10091,22248.30368973236
10092,22248.30368295566
10093,22248.303676279866
10094,22236.351817189094
10095,22236.351817189097
10096,22236.351817189094
10097,22236.3518171891
10098,22236.351817189097
10099,22236.351817189097
10100,22236.3518171891
10101,22236.351817189097
10102,22236.35181718909
10103,22236.351818957504
10104,22236.35181519297
10105,22236.351821927296
10106,22236.351821260352
10107,22236.35180905552
10108,22236.3518109807
10109,22236.35182870341
10110,22236.351821557044
10111,22236.351821166532
10112,22236.351825590693
10113,22236.351819943044
10114,22236.35181653618
10115,22236.35182284207
10116,22236.351817223534
10117,22236.351818977713
10118,22236.351816901573
10119,22236.351830069234
10120,22236.3518253829
10121,22236.35182057466
10122,22236.351816174294
10123,22236.35181108755
10124,22236.351816732044
10125,22236.35181705646
10126,22236.351813502013
10127,22236.3518166999
10128,22236.35181720921
10129,22236.3518143607
10130,22236.35182935902
10131,22236.3518222831
10132,22236.3518054984
10133,22236.3518141861
10134,22236.351816977844
10135,22236.351814338017
10136,22236.35182109094
10137,22236.351819475232
10138,22236.351815733287
10139,22236.351811847406
10140,22236.351822916222
10141,22236.35181718325
10142,22236.351810244272
10143,22194.921067637493
10144,22194.921067637493
10145,22194.921067637497
10146,22194.92106763749
10147,22194.921067637493
10148,22194.92106763749
10149,22194.921067637497
10150,22194.921067637493
10151,22194.921067637493
10152,22194.92104033866
10153,22194.921071000146
10154,22194.921068694108
10155,22194.921072694287
10156,22194.921068980206
10157,22194.921050674562
10158,22194.9210759195
10159,22194.921073369893
10160,22194.921068934036
10161,22194.921074505844
10162,22194.92106766984
10163,22194.921065068665
10164,22194.92105920515
10165,22194.921068767406
10166,22194.92106851114
10167,22194.921055169343
10168,22194.92105365214
10169,22194.921060055938
10170,22194.92106980011
10171,22194.92106837492
10172,22194.921060207085
10173,22194.921066114923
10174,22194.92106812364
10175,22194.921063855574
10176,22194.921065523642
10177,22194.921066490944
10178,22194.921062882462
10179,22194.921061611254
10180,22194.921059419077
10181,22194.92108877907
10182,22194.921063708112
10183,22194.921062314585
10184,22194.921065762126
10185,22194.921071073808
10186,22194.92107120376
10187,22194.921065102186
10188,22194.92106694069
10189,22194.92107115653
10190,22194.921070189605
10191,22194.921063930236
10192,22176.688153390285
10193,22176.688153390285
10194,22176.688153390274
10195,22176.688153390278
10196,22176.688153390285
10197,22176.688153390285
10198,22176.68815339029
10199,22176.688153390285
10200,22176.68815339028
10201,22176.688129660608
10202,22176.68815011539
10203,22176.688151898124
10204,22176.688156103664
10205,22176.68815663289
10206,22176.688138592435
10207,22176.68815306051
10208,22176.68816341254
10209,22176.68815738066
10210,22176.68816203188
10211,22176.688154494637
10212,22176.688149404235
10213,22176.688138149322
10214,22176.6881608895
10215,22176.68815462484
10216,22176.6881395128
10217,22176.688138023812
10218,22176.688143102674
10219,22176.688162784565
10220,22176.68815866352
10221,22176.68814492928
10222,22176.688154215557
10223,22176.688148762703
10224,22176.688151127193
10225,22176.688154447515
10226,22176.68815277933
10227,22176.68815224609
10228,22176.688143685788
10229,22176.68814597804
10230,22176.68817314684
10231,22176.688147039004
10232,22176.688152383602
10233,22176.688152371287
10234,22176.688155324842
10235,22176.688151433787
10236,22176.68815308571
10237,22176.688143655967
10238,22176.688157154593
10239,22176.688155938093
10240,22176.688146842644
10241,22140.677291093627
10242,22140.67729109363
10243,22140.67729109363
10244,22140.677291093627
10245,22140.677291093634
10246,22140.677291093634
10247,22140.677291093623
10248,22140.677291093627
10249,22140.67729109363
10250,22140.677276042225
10251,22140.67730578641
10252,22140.677278915064
10253,22140.677289949475
10254,22140.677299617826
10255,22140.677292715605
10256,22140.67728716684
10257,22140.677293820416
10258,22140.67729396662
10259,22140.677295688216
10260,22140.677291113603
10261,22140.677287974413
10262,22140.677279159954
10263,22140.677297470917
10264,22140.677290896492
10265,22140.677272869507
10266,22140.67726973082
10267,22140.67727550508
10268,22140.677291116008
10269,22140.677294915036
10270,22140.67728857873
10271,22140.677288025792
10272,22140.677297114205
10273,22140.677293080647
10274,22140.67730534086
10275,22140.677291918186
10276,22140.67728896138
10277,22140.677258185715
10278,22140.677271322373
10279,22140.67731701028
10280,22140.67728613275
10281,22140.677286235103
10282,22140.677288561295
10283,22140.677293492936
10284,22140.677302236
10285,22140.677296217127
10286,22140.677296437705
10287,22140.677292615645
10288,22140.67729071715
10289,22140.677283640962
10290,22122.746249161206
10291,22122.74624916121
10292,22122.746249161206
10293,22122.74624916121
10294,22122.746249161206
10295,22122.746249161206
10296,22122.74624916121
10297,22122.746249161206
10298,22122.74624916121
10299,22122.74627796222
10300,22122.746231890134
10301,22122.746244099493
10302,22122.746248682688
10303,22122.746241146044
10304,22122.746242877103
10305,22122.74626076949
10306,22122.746253670426
10307,22122.74625241742
10308,22122.746254669088
10309,22122.746248568514
10310,22122.74624753563
10311,22122.746261512526
10312,22122.74625248302
10313,22122.746250291573
10314,22122.746254306043
10315,22122.746266481197
10316,22122.746230236535
10317,22122.746252941877
10318,22122.746247671406
10319,22122.746243281363
10320,22122.746253262023
10321,22122.746245002167
10322,22122.746247976327
10323,22122.746246778395
10324,22122.74625244606
10325,22122.74625213521
10326,22122.74626604482
10327,22122.7462743277
10328,22122.74622682596
10329,22122.746248771233
10330,22122.746249604003
10331,22122.74624874377
10332,22122.746250087468
10333,22122.74624688998
10334,22122.746250687425
10335,22122.746247715546
10336,22122.74625141301
10337,22122.746251956567
10338,22122.746249328156
10339,22104.03734342375
10340,22104.037343423763
10341,22104.03734342376
10342,22104.037343423755
10343,22104.037343423763
10344,22104.037343423755
10345,22104.037343423755
10346,22104.037343423748
10347,22104.03734342376
10348,22104.037355111002
10349,22104.037333418513
10350,22104.037338336177
10351,22104.0373445501
10352,22104.037339720373
10353,22104.03734205988
10354,22104.037347981495
10355,22104.037345807188
10356,22104.037345949062
10357,22104.037346754838
10358,22104.03734288708
10359,22104.037341680167
10360,22104.037345562676
10361,22104.03734936959
10362,22104.037342968248
10363,22104.03734286904
10364,22104.0373483483
10365,22104.037330386323
10366,22104.037347674257
10367,22104.037343801698
10368,22104.03733834896
10369,22104.037346792153
10370,22104.037342112984
10371,22104.037341871463
10372,22104.03734200559
10373,22104.037346542522
10374,22104.03734377077
10375,22104.03734288356
10376,22104.037348540933
10377,22104.03733832419
10378,22104.037342992895
10379,22104.03734450343
10380,22104.037342397718
10381,22104.03734324941
10382,22104.03734413042
10383,22104.037345271277
10384,22104.03734309384
10385,22104.037344089356
10386,22104.037343736207
10387,22104.037342950738
10388,22093.60632090847
10389,22093.606320908464
10390,22093.60632090846
10391,22093.60632090846
10392,22093.606320908468
10393,22093.60632090846
10394,22093.606320908464
10395,22093.606320908464
10396,22093.60632090846
10397,22093.60632598084
10398,22093.60631654432
10399,22093.60631713125
10400,22093.606323490458
10401,22093.606317061196
10402,22093.606320478288
10403,22093.606324386932
10404,22093.6063198676
10405,22093.60632165448
10406,22093.60632160918
10407,22093.60631982136
10408,22093.60632032413
10409,22093.60632241803
10410,22093.606326247707
10411,22093.606319246468
10412,22093.606322498235
10413,22093.606322746775
10414,22093.60631479197
10415,22093.60632313986
10416,22093.606320646024
10417,22093.60631737288
10418,22093.606324259286
10419,22093.60632229695
10420,22093.60631862778
10421,22093.6063172668
10422,22093.606324386677
10423,22093.606318896265
10424,22093.60631933538
10425,22093.60631812804
10426,22093.606320253784
10427,22093.60632212411
10428,22093.60632124512
10429,22093.606319038212
10430,22093.606320482977
10431,22093.606324449425
10432,22093.60632192928
10433,22093.606324923454
10434,22093.606320012696
10435,22093.606320222258
10436,22093.606322516913
10437,22081.556948065012
10438,22081.55694806499
10439,22081.556948064994
10440,22081.556948064994
10441,22081.556948065012
10442,22081.556948065005
10443,22081.55694806501
10444,22081.55694806501
10445,22081.55694806501
10446,22081.556953233285
10447,22081.556952875195
10448,22081.556944577253
10449,22081.556948784928
10450,22081.556944307475
10451,22081.55694725726
10452,22081.556944299435
10453,22081.556945791366
10454,22081.55694882448
10455,22081.55694745931
10456,22081.556947846704
10457,22081.556949295333
10458,22081.556951143517
10459,22081.556956385823
10460,22081.556946259247
10461,22081.556955326712
10462,22081.556951443337
10463,22081.5569558869
10464,22081.556954485422
10465,22081.55695051009
10466,22081.556945919732
10467,22081.556952806775
10468,22081.556948787693
10469,22081.55694706745
10470,22081.556948553203
10471,22081.55695291866
10472,22081.556947002453
10473,22081.556953445775
10474,22081.55694540722
10475,22081.556940619117
10476,22081.55694763577
10477,22081.556949474696
10478,22081.556945423537
10479,22081.556947930127
10480,22081.556951295493
10481,22081.556950076054
10482,22081.556952629373
10483,22081.556946564433
10484,22081.556946887707
10485,22081.556947655594
10486,22066.580744856477
10487,22066.58074485647
10488,22066.580744856474
10489,22066.580744856477
10490,22066.58074485647
10491,22066.580744856474
10492,22066.580744856466
10493,22066.58074485648
10494,22066.580744856477
10495,22066.580742653758
10496,22066.580740571106
10497,22066.580744697847
10498,22066.580746119995
10499,22066.580743161434
10500,22066.580746551463
10501,22066.580748220502
10502,22066.580741658046
10503,22066.58074508485
10504,22066.580743421466
10505,22066.58074457751
10506,22066.58074665309
10507,22066.58074568641
10508,22066.580749331937
10509,22066.580743238694
10510,22066.580753477654
10511,22066.580742863214
10512,22066.580758627373
10513,22066.580746221392
10514,22066.580743174996
10515,22066.580742739345
10516,22066.580751820366
10517,22066.580743224542
10518,22066.580742673486
10519,22066.580738497767
10520,22066.58075048232
10521,22066.580745049287
10522,22066.580749298875
10523,22066.58073340689
10524,22066.580742900915
10525,22066.580748442488
10526,22066.58074574701
10527,22066.580741819795
10528,22066.58074555743
10529,22066.580744909523
10530,22066.58074465118
10531,22066.58074956765
10532,22066.580743319602
10533,22066.58074479798
10534,22066.580746837717
10535,22048.961194980893
10536,22048.961194980893
10537,22048.9611949809
10538,22048.96119498089
10539,22048.961194980893
10540,22048.961194980897
10541,22048.961194980897
10542,22048.961194980893
10543,22048.961194980893
10544,22048.961202359515
10545,22048.96121417697
10546,22048.961193751074
10547,22048.961192803807
10548,22048.96119371286
10549,22048.961196947042
10550,22048.961195443684
10551,22048.961190888844
10552,22048.961195120202
10553,22048.961192377512
10554,22048.96119529671
10555,22048.96119924362
10556,22048.961207094108
10557,22048.961196633893
10558,22048.961193272862
10559,22048.961209125773
10560,22048.96120022838
10561,22048.961220088677
10562,22048.96119381778
10563,22048.96119487932
10564,22048.961197790835
10565,22048.96120014725
10566,22048.96119775177
10567,22048.961195689975
10568,22048.96120459272
10569,22048.961201323073
10570,22048.961195381737
10571,22048.961210294143
10572,22048.961192280825
10573,22048.96117820335
10574,22048.961194637348
10575,22048.961190862203
10576,22048.961189287867
10577,22048.96119770198
10578,22048.96120170447
10579,22048.961197132994
10580,22048.961204733783
10581,22048.96119251005
10582,22048.961194456442
10583,22048.9611927449
10584,22025.880422824608
10585,22025.880422824623
10586,22025.88042282462
10587,22025.880422824615
10588,22025.880422824604
10589,22025.880422824604
10590,22025.880422824608
10591,22025.880422824608
10592,22025.880422824608
10593,22025.880419884572
10594,22025.880429530047
10595,22025.880421897244
10596,22025.880420670845
10597,22025.88042730104
10598,22025.88042496784
10599,22025.880429017798
10600,22025.88042177891
10601,22025.88042417712
10602,22025.880421766575
10603,22025.880423240247
10604,22025.88042441851
10605,22025.880424488834
10606,22025.88042126497
10607,22025.880422038532
10608,22025.88042577574
10609,22025.88041678544
10610,22025.880433113838
10611,22025.880416435557
10612,22025.880421239483
10613,22025.880425375173
10614,22025.88042887062
10615,22025.88042201199
10616,22025.88042285273
10617,22025.880428704095
10618,22025.88042780055
10619,22025.8804259507
10620,22025.880421514565
10621,22025.880410793903
10622,22025.88042426413
10623,22025.880424353913
10624,22025.880418388573
10625,22025.880417274817
10626,22025.880424997857
10627,22025.88042500594
10628,22025.880423903804
10629,22025.88042729133
10630,22025.880421244212
10631,22025.880423545954
10632,22025.880421530306
10633,22006.194892763335
10634,22006.194892763335
10635,22006.194892763335
10636,22006.19489276334
10637,22006.194892763335
10638,22006.194892763335
10639,22006.19489276334
10640,22006.194892763342
10641,22006.19489276334
10642,22006.194888594327
10643,22006.19489539512
10644,22006.194893404965
10645,22006.19489158566
10646,22006.19489881035
10647,22006.194891771345
10648,22006.194902056264
10649,22006.194894610067
10650,22006.194894996836
10651,22006.19489267251
10652,22006.194892568794
10653,22006.194892706502
10654,22006.19489226095
10655,22006.19488909113
10656,22006.194892780226
10657,22006.19489036546
10658,22006.194887319598
10659,22006.194894313565
10660,22006.194885687764
10661,22006.194891754472
10662,22006.194895059554
10663,22006.194898604415
10664,22006.194890908777
10665,22006.19489188609
10666,22006.19489842117
10667,22006.194896231056
10668,22006.194896969162
10669,22006.19488756831
10670,22006.194884855227
10671,22006.194897115613
10672,22006.19489326245
10673,22006.194888011254
10674,22006.19488727067
10675,22006.194893664622
10676,22006.194893040305
10677,22006.194892741078
10678,22006.19489240116
10679,22006.194891968884
10680,22006.19489358615
10681,22006.194892337702
10682,21982.629057882445
10683,21982.629057882437
10684,21982.629057882452
10685,21982.62905788245
10686,21982.629057882437
10687,21982.629057882437
10688,21982.62905788244
10689,21982.629057882437
10690,21982.629057882445
10691,21982.629063326793
10692,21982.629059581737
10693,21982.62906069055
10694,21982.629056306505
10695,21982.629061877156
10696,21982.62905058539
10697,21982.62906225689
10698,21982.62906094527
10699,21982.6290608237
10700,21982.6290586348
10701,21982.62905767008
10702,21982.629058365797
10703,21982.62906238841
10704,21982.62905761458
10705,21982.629058555114
10706,21982.62906099729
10707,21982.629063930595
10708,21982.62906370937
10709,21982.629058967497
10710,21982.6290591964
10711,21982.629059577237
10712,21982.62906393707
10713,21982.62905358695
10714,21982.62905679949
10715,21982.629064030785
10716,21982.629060765063
10717,21982.62906396731
10718,21982.62906626827
10719,21982.629067324488
10720,21982.629046628088
10721,21982.6290561486
10722,21982.629056554793
10723,21982.62905320819
10724,21982.629056360824
10725,21982.62905432834
10726,21982.629057867303
10727,21982.629052724213
10728,21982.62905805025
10729,21982.629058005645
10730,21982.629057538055
10731,21962.95223163542
10732,21962.952231635427
10733,21962.952231635423
10734,21962.952231635427
10735,21962.952231635427
10736,21962.95223163542
10737,21962.952231635423
10738,21962.95223163542
10739,21962.95223163542
10740,21962.95223079029
10741,21962.952241762934
10742,21962.95223365569
10743,21962.95223381128
10744,21962.95223558027
10745,21962.952221809017
10746,21962.95223655191
10747,21962.95223101652
10748,21962.95223442069
10749,21962.952231936946
10750,21962.95222943351
10751,21962.95223150128
10752,21962.952236691784
10753,21962.952230535207
10754,21962.952231438987
10755,21962.952230826224
10756,21962.952236725978
10757,21962.95223308788
10758,21962.95223059425
10759,21962.952229550923
10760,21962.952235619945
10761,21962.95223274828
10762,21962.95223334743
10763,21962.952229781244
10764,21962.952237747853
10765,21962.952231197523
10766,21962.95223175979
10767,21962.952233896678
10768,21962.95223873465
10769,21962.95222784101
10770,21962.95223112964
10771,21962.952227568967
10772,21962.952228754795
10773,21962.95222726677
10774,21962.952234343302
10775,21962.952230035033
10776,21962.952233775773
10777,21962.952231874777
10778,21962.952230776387
10779,21962.952233498923
10780,21954.800310910487
10781,21954.800310910494
10782,21954.80031091049
10783,21954.800310910487
10784,21954.800310910487
10785,21954.800310910487
10786,21954.800310910487
10787,21954.800310910487
10788,21954.800310910487
10789,21954.800307971032
10790,21954.800299121263
10791,21954.80031156903
10792,21954.80030749045
10793,21954.80031835868
10794,21954.800302634616
10795,21954.800291344487
10796,21954.800314291544
10797,21954.800311848