iteracion,valor_coste
0,15314052.47026459
1,15314052.470264595
2,15314052.470264578
3,15314052.470264584
4,15314052.470264602
5,15314052.470264602
6,15314052.47026458
7,15314052.470264576
8,15314052.470264584
9,15314052.470264586
10,15314052.470264595
11,15314052.488613447
12,15314052.456841053
13,15314052.463782208
14,15314052.456881676
15,15314052.461439628
16,15314052.443248445
17,15314052.43230719
18,15314052.483130883
19,15314052.467018448
20,15314052.458919758
21,15314052.48543048
22,15314052.418416524
23,15314052.4908974
24,15314052.472147753
25,15314052.425758492
26,15314052.460787404
27,15314052.499860337
28,15314052.469507076
29,15314052.463374633
30,15314052.493988479
31,15314052.506306458
32,15314052.500690842
33,15314052.453120226
34,15314052.465634419
35,15314052.438947417
36,15314052.50803833
37,15314052.444964966
38,15314052.472371574
39,15314052.463710232
40,15314052.47262749
41,15314052.477136271
42,15314052.458660116
43,15314052.416409865
44,15314052.517124897
45,15314052.46932347
46,15314052.450005457
47,15314052.482828176
48,15314052.476626072
49,15314052.476620138
50,15314052.438570278
51,15314052.465475526
52,15314052.433077376
53,15314052.505890686
54,15314052.42987479
55,15314052.461530223
56,15314052.45339394
57,15314052.531434603
58,15314052.448521476
59,15314052.435239226
60,15314052.455458134
61,15314052.507418573
62,15314052.436647404
63,15314052.487289751
64,15314052.455782805
65,15314052.48134694
66,15314052.442784736
67,15314052.444962565
68,15314052.465963824
69,15314052.479061797
70,15314052.476272883
71,15314052.528876882
72,15314052.48897968
73,15314052.465714287
74,15314052.482458541
75,15314052.473547515
76,15314052.433915786
77,15314052.478923619
78,15314052.487290487
79,15314052.459237425
80,15314052.427229693
81,15314052.485133477
82,15314052.471930036
83,15314052.436828252
84,15314052.481887978
85,15314052.456939928
86,15314052.470890442
87,15314052.445436964
88,15314052.487301162
89,15314052.4595071
90,15314052.481215212
91,15314052.450013893
92,15314052.453691049
93,15314052.453613715
94,15314052.469605448
95,15314052.455488706
96,15314052.485166296
97,15314052.52843786
98,15314052.451051189
99,15314052.463106811
100,15314052.425839454
101,15314052.437623238
102,15314052.448097438
103,15314052.473790064
104,15314052.465270279
105,15314052.453764614
106,15314052.46982894
107,15314052.44607696
108,15314052.499856813
109,15314052.467493154
110,15314052.497762075
111,15314052.461052474
112,15314052.50594985
113,15314052.49501436
114,15314052.43695299
115,15314052.499196095
116,15314052.472739086
117,15314052.492829438
118,15314052.490437422
119,15314052.484584965
120,15314052.478435472
121,15314052.452723978
122,15314052.455203548
123,15314052.448992698
124,15314052.493750865
125,15314052.47728178
126,15314052.500597294
127,15314052.525141671
128,15314052.457503334
129,15314052.463960046
130,15314052.498332098
131,15314052.503283609
132,15314052.477723524
133,15314052.46869729
134,15314052.484728577
135,15314052.45788407
136,15314052.457590275
137,15314052.464872213
138,15314052.435590338
139,15314052.46699166
140,15314052.520002352
141,15314052.457389735
142,15314052.42589411
143,15314052.50071933
144,15314052.510770727
145,15314052.488141395
146,15314052.504742527
147,15314052.495961947
148,15314052.421122225
149,15314052.432261134
150,15314052.477425035
151,15314052.486750396
152,15314052.496983774
153,15314052.452274809
154,15314052.492635755
155,15314052.470859911
156,15314052.48247436
157,15314052.475341354
158,15314052.530719515
159,15314052.472388972
160,15314052.463193428
161,15314052.447777469
162,15314052.46549478
163,15314052.478497975
164,15314052.446209721
165,15314052.459684
166,15314052.436775299
167,15314052.447331065
168,15314052.428047244
169,15314052.462581838
170,15314052.47042975
171,15314052.481740693
172,15314052.41858809
173,15314052.481875395
174,15314052.459834345
175,15314052.477100842
176,15314052.497058136
177,15314052.529477
178,15314052.409752872
179,15314052.44157098
180,15314052.489310741
181,15314052.460722987
182,15314052.459742812
183,15314052.473995496
184,15314052.48905011
185,15314052.453789268
186,15314052.483715735
187,15314052.479850179
188,15314052.44981807
189,15314052.45809514
190,15314052.473492803
191,15314052.476045534
192,15314052.52008052
193,15314052.476904878
194,15314052.479384704
195,15314052.455116492
196,15314052.497736916
197,15314052.462880202
198,15314052.45954949
199,15314052.49196008
200,15314052.447081322
201,15314052.45483307
202,15314052.504283827
203,15314052.49101378
204,15314052.479410958
205,15314052.460538322
206,15314052.44993037
207,15314052.503383854
208,15314052.435440496
209,15314052.465420697
210,15314052.507692466
211,15314052.428365083
212,15314052.483545147
213,15314052.492648672
214,15314052.449770577
215,15314052.47567855
216,15314052.473223466
217,15314052.455445664
218,15314052.451743793
219,15314052.492928365
220,15314052.45947614
221,15314052.431726523
222,15314052.445328552
223,15314052.46129869
224,15314052.483455734
225,15314052.499837713
226,15314052.467149384
227,15314052.455388991
228,15314052.480115691
229,15314052.465162355
230,15314052.470598478
231,15314052.51509972
232,15314052.46855033
233,15314052.499795299
234,15314052.457088824
235,15314052.486156149
236,15314052.464750592
237,15314052.477477586
238,15314052.437382195
239,15314052.435071325
240,15314052.44579171
241,15314052.50644507
242,15314052.47343408
243,15314052.456481615
244,15314052.476080706
245,15314052.488117255
246,15314052.445727754
247,15314052.451571109
248,15314052.47328416
249,15314052.483716961
250,15314052.442131693
251,15314052.46110071
252,15314052.506860327
253,15314052.481759649
254,15314052.476500934
255,15314052.469466332
256,15314052.489003548
257,15314052.483454626
258,15314052.492383875
259,15314052.477155408
260,15314052.484154388
261,15314052.457614342
262,15314052.463916756
263,15314052.426342143
264,15314052.463636268
265,15314052.465626182
266,15314052.480996218
267,15314052.442062814
268,15314052.4579426
269,15314052.463684812
270,15314052.451277265
271,15314052.482901018
272,15314052.444459114
273,15314052.454787582
274,15314052.455369655
275,15314052.465853704
276,15314052.479406608
277,15314052.507081356
278,15314052.470440248
279,15314052.482487412
280,15314052.465123707
281,15314052.463296702
282,15314052.45782828
283,15314052.489222366
284,15314052.45148528
285,15314052.508655332
286,15314052.437070422
287,15314052.473169174
288,15314052.481370218
289,15314052.502477746
290,15314052.44474793
291,15314052.435120825
292,15314052.479176387
293,15314052.469287314
294,15314052.466109712
295,15314052.495226815
296,15314052.518329611
297,15314052.513026731
298,15314052.48109169
299,15314052.450382084
300,15314052.459921798
301,15314052.473370235
302,15314052.456263348
303,15314052.474189179
304,15314052.484815497
305,15314052.438089823
306,15314052.429310732
307,15314052.479078392
308,15314052.463795682
309,15314052.475910073
310,15314052.41841091
311,15314052.46954519
312,15314052.405959405
313,15314052.436007384
314,15314052.48142447
315,15314052.422530832
316,15314052.4538618
317,15314052.471438153
318,15314052.41583984
319,15314052.48337486
320,15314052.503344648
321,15314052.474205315
322,15314052.543191938
323,15314052.473957483
324,15314052.444592398
325,15314052.488963023
326,15314052.448823592
327,15314052.47976819
328,15314052.470924312
329,15314052.454770759
330,15314052.492239982
331,15314052.458809018
332,15314052.470291918
333,15314052.511896838
334,15314052.445894063
335,15314052.456938671
336,15314052.440376919
337,15314052.489398498
338,15314052.476646638
339,15314052.450633202
340,15314052.49244329
341,15314052.44013025
342,15314052.457404349
343,15314052.464108875
344,15314052.482915951
345,15314052.426628023
346,15314052.498237958
347,15314052.409595896
348,15314052.447796898
349,15314052.454646032
350,15314052.471534275
351,15314052.467627976
352,15314052.448730106
353,15314052.463337647
354,15314052.467018265
355,15314052.472831849
356,15314052.440861057
357,15314052.505253479
358,15314052.489059139
359,15314052.469148664
360,15314052.470115537
361,15314052.490865132
362,15314052.485671122
363,15314052.43287716
364,15314052.466852108
365,15314052.478665099
366,15314052.428937428
367,15314052.477539606
368,15314052.459357139
369,15314052.49900845
370,15314052.495435113
371,15314052.450141573
372,15314052.478802936
373,15314052.50210754
374,15314052.49394753
375,15314052.47782122
376,15314052.421843898
377,15314052.526105277
378,15314052.476164645
379,15314052.443817375
380,15314052.47437654
381,15314052.426175034
382,15314052.442488695
383,15314052.45817263
384,15314052.467331588
385,15314052.468043013
386,15314052.46284206
387,15314052.467957385
388,15314052.44880671
389,15314052.45122652
390,15314052.4637583
391,15314052.457185727
392,15314052.506882083
393,15314052.497620694
394,15314052.46706661
395,15314052.448180554
396,15314052.460830249
397,15314052.463047074
398,15314052.481852762
399,15314052.460538134
400,15314052.485196084
401,15314052.486211967
402,15314052.48081867
403,15314052.480314698
404,15314052.494414002
405,15314052.465957994
406,15314052.462939465
407,15314052.489450647
408,15314052.482677877
409,15314052.465995269
410,15314052.459863823
411,15314052.454154205
412,15314052.435688052
413,15314052.48869972
414,15314052.473384082
415,15314052.48448926
416,15314052.520259848
417,15314052.484646482
418,15314052.441521185
419,15314052.444322314
420,15314052.491425749
421,15314052.483836427
422,15314052.482281484
423,15314052.492283003
424,15314052.460264161
425,15314052.505549047
426,15314052.487630347
427,15314052.450341055
428,15314052.453411259
429,15314052.443792222
430,15314052.467134897
431,15314052.45181924
432,15314052.466027422
433,15314052.467199357
434,15314052.455561023
435,15314052.457036164
436,15314052.476937251
437,15314052.512171535
438,15314052.488057604
439,15314052.461631987
440,15314052.46730595
441,15314052.44756539
442,15314052.44116995
443,15314052.456701832
444,15314052.489243116
445,15314052.466463352
446,15314052.467741719
447,15314052.443269566
448,15314052.457100272
449,15314052.482484654
450,15314052.50850558
451,15314052.494450433
452,15314052.48529758
453,15314052.429045975
454,15314052.475293785
455,15314052.439951608
456,15314052.427234627
457,15314052.492082465
458,15314052.469273891
459,15314052.421345728
460,15314052.4859931
461,15314052.45962366
462,15314052.474996563
463,15314052.484167427
464,15314052.45361074
465,15314052.494389996
466,15314052.438835999
467,15314052.43709868
468,15314052.451084668
469,15314052.47036827
470,15314052.482014263
471,15314052.49343108
472,15314052.49856656
473,15314052.488635547
474,15314052.466465048
475,15314052.486898566
476,15314052.474198408
477,15314052.497561099
478,15314052.443348194
479,15314052.438546015
480,15314052.489850841
481,15314052.473349426
482,15314052.519011294
483,15314052.470618559
484,15314052.473817032
485,15314052.502705527
486,15314052.443400819
487,15314052.489339333
488,15314052.442612277
489,15314052.416032655
490,15314052.462747464
491,15314052.493502218
492,15314052.419873275
493,15314052.44024263
494,15314052.494112268
495,15314052.480198057
496,15314052.460389359
497,15314052.487459864
498,15314052.431884047
499,15314052.44826647
500,15314052.448342893
501,15314052.465554787
502,15314052.49229035
503,15314052.441673309
504,15314052.477568641
505,15314052.45334516
506,15314052.497494029
507,15314052.465579778
508,15314052.478254162
509,15314052.455303676
510,15314052.430715963
511,15314052.451289775
512,15314052.470454562
513,15314052.453064052
514,15314052.46780757
515,15314052.481737759
516,15314052.484215818
517,15314052.438012809
518,15314052.452410996
519,15314052.438653933
520,15314052.469193617
521,15314052.52962593
522,15314052.455294108
523,15314052.463836962
524,15314052.454333868
525,15314052.480203299
526,15314052.505490592
527,15314052.46101539
528,15314052.499563703
529,15314052.465757648
530,15314052.463289615
531,15314052.452331295
532,15314052.445007136
533,15314052.447447676
534,15314052.473190675
535,15314052.468307512
536,15314052.473011656
537,15314052.446030548
538,15314052.455506803
539,15314052.460051937
540,15314052.481546527
541,15314052.452058345
542,15314052.46071524
543,15314052.452031545
544,15314052.443771675
545,15314052.432410408
546,15314052.488714837
547,15314052.503214778
548,15314052.435187096
549,15314052.458603548
550,15314052.427970795
551,15314052.445781903
552,15314052.458923679
553,15314052.494828908
554,15314052.471399795
555,15314052.455707908
556,15314052.45949183
557,15314052.48272171
558,15314052.44089885
559,15314052.487265794
560,15314052.422570862
561,15314052.463280555
562,15314052.493171692
563,15314052.49227434
564,15314052.448749874
565,15314052.494052393
566,15314052.463918835
567,15314052.479769098
568,15314052.494227212
569,15314052.470724855
570,15314052.466734536
571,15314052.45399166
572,15314052.43815794
573,15314052.471918713
574,15314052.46102384
575,15314052.476035925
576,15314052.493359093
577,15314052.4531281
578,15314052.4803476
579,15314052.47945913
580,15314052.483455623
581,15314052.44877848
582,15314052.443351973
583,15314052.460036168
584,15314052.443625916
585,15314052.479613863
586,15314052.4318848
587,15314052.48492429
588,15314052.488059828
589,15314052.462607013
590,15314052.490931768
591,15314052.47653764
592,15314052.487731297
593,15314052.494914444
594,15314052.477251472
595,15314052.477997558
596,15314052.477347478
597,15314052.496430181
598,15314052.472565686
599,15314052.44457497
600,15314052.466863446
601,15314052.488636514
602,15314052.506315071
603,15314052.475796966
604,15314052.432729136
605,15314052.468421618
606,15314052.448225357
607,15314052.454297097
608,15314052.489633707
609,15314052.478022
610,15314052.44989884
611,15314052.488700049
612,15314052.455897285
613,15314052.489885673
614,15314052.505392155
615,15314052.478175875
616,15314052.482476823
617,15314052.449382346
618,15314052.461832983
619,15314052.496881329
620,15314052.479740107
621,15314052.51943263
622,15314052.46867481
623,15314052.468506375
624,15314052.479004117
625,15314052.460864576
626,15314052.467757177
627,15314052.475805467
628,15314052.516374057
629,15314052.468555685
630,15314052.48473235
631,15314052.498829894
632,15314052.466719087
633,15314052.482346661
634,15314052.475034319
635,15314052.47857003
636,15314052.49945255
637,15314052.47447373
638,15314052.486142807
639,15314052.474756384
640,15314052.470653245
641,15314052.461246468
642,15314052.456464127
643,15314052.471047143
644,15314052.47090115
645,15314052.436680386
646,15314052.42626003
647,15314052.489455534
648,15314052.464418571
649,15314052.508027133
650,15314052.485211343
651,15314052.49764385
652,15314052.472149199
653,15314052.486740623
654,15314052.455919078
655,15314052.4699843
656,15314052.499697024
657,15314052.41415733
658,15314052.477770275
659,15314052.473263847
660,15314052.455041122
661,15314052.443132825
662,15314052.441909358
663,15314052.4981202
664,15314052.492432358
665,15314052.462436244
666,15314052.456212781
667,15314052.452375783
668,15314052.478523733
669,15314052.50547392
670,15314052.42762273
671,15314052.426325988
672,15314052.47832408
673,15314052.478854619
674,15314052.455572153
675,15314052.473035453
676,15314052.492217503
677,15314052.453534206
678,15314052.469824633
679,15314052.482150488
680,15314052.473909669
681,15314052.484685538
682,15314052.491579974
683,15314052.451214053
684,15314052.478949288
685,15314052.482717086
686,15314052.452439269
687,15314052.475223467
688,15314052.456485903
689,15314052.453919677
690,15314052.464338154
691,15314052.448521579
692,15314052.467120212
693,15314052.513699602
694,15314052.443667464
695,15314052.461927151
696,15314052.467360986
697,15314052.475263499
698,15314052.475926897
699,15314052.471824111
700,15314052.472295033
701,15314052.479635466
702,15314052.464242656
703,15314052.468796475
704,15314052.445703413
705,15314052.496482156
706,15314052.426343905
707,15314052.461721754
708,15314052.45608758
709,15314052.475568453
710,15314052.441226263
711,15314052.484863883
712,15314052.476177251
713,15314052.502994115
714,15314052.46162991
715,15314052.469957909
716,15314052.465935465
717,15314052.456376301
718,15314052.48502557
719,15314052.474402554
720,15314052.495466493
721,15314052.493090441
722,15314052.494181976
723,15314052.477946673
724,15314052.429407232
725,15314052.46208104
726,15314052.458123028
727,15314052.437648525
728,15314052.489861602
729,15314052.470264599
730,15314052.470264599
731,118042748.75000001
732,118042748.75
733,118042748.75
734,118042748.75
735,118042748.75
736,118042748.75
737,118042748.75
738,118042748.75
739,118042748.75
740,118042748.75
741,118042748.75
742,118042748.75
743,118042748.75
744,118042748.75
745,118042748.75000001
746,118042748.75
747,118042748.74999999
748,118042748.75
749,118042748.75
750,118042748.75
751,118042748.75
752,118042748.75
753,118042748.75
754,118042748.75
755,118042748.75
756,118042748.75
757,118042748.74999999
758,118042748.75
759,118042748.75
760,118042748.75
761,118042748.75
762,118042748.75
763,118042748.75
764,118042748.75
765,118042748.75
766,118042748.75
767,118042748.75000001
768,118042748.75
769,118042748.75
770,118042748.75
771,118042748.75000003
772,118042748.75
773,118042748.75
774,118042748.75
775,118042748.75
776,118042748.75
777,118042748.75
778,118042748.75
779,118042748.75
780,118042748.75
781,118042748.75
782,118042748.75
783,118042748.75
784,118042748.75
785,118042748.75
786,118042748.75
787,118042748.75
788,118042748.75
789,118042748.75
790,118042748.75000001
791,118042748.75000003
792,118042748.75
793,118042748.75
794,118042748.75
795,118042748.75
796,118042748.75
797,118042748.75000003
798,118042748.75
799,118042748.75
800,118042748.75
801,118042748.75
802,118042748.75
803,118042748.75
804,118042748.75
805,118042748.75
806,118042748.75
807,118042748.75
808,118042748.75
809,118042748.75
810,118042748.75
811,118042748.75
812,118042748.75000001
813,118042748.75
814,118042748.75
815,118042748.75
816,118042748.75
817,118042748.75
818,118042748.75
819,118042748.75000003
820,118042748.75000001
821,118042748.75
822,118042748.75
823,118042748.75
824,118042748.75
825,118042748.75
826,118042748.75
827,118042748.75
828,118042748.75
829,118042748.75
830,118042748.75
831,118042748.75
832,118042748.75000001
833,118042748.75
834,118042748.75
835,118042748.75
836,118042748.75
837,118042748.74999999
838,118042748.75
839,118042748.75
840,118042748.75
841,118042748.75
842,118042748.75000003
843,118042748.75
844,118042748.75
845,118042748.75000003
846,118042748.75
847,118042748.75
848,118042748.75
849,118042748.75
850,118042748.75
851,118042748.75
852,118042748.75
853,118042748.75
854,118042748.75
855,118042748.75
856,118042748.75
857,118042748.75000001
858,118042748.75
859,118042748.75
860,118042748.75
861,118042748.75000003
862,118042748.75
863,118042748.75
864,118042748.75
865,118042748.75
866,118042748.75
867,118042748.75
868,118042748.75
869,118042748.75
870,118042748.75
871,118042748.75
872,118042748.75
873,118042748.75
874,118042748.75
875,118042748.75
876,118042748.75
877,118042748.75
878,118042748.75000001
879,118042748.75
880,118042748.75
881,118042748.75
882,118042748.75
883,118042748.75
884,118042748.75
885,118042748.75
886,118042748.75
887,118042748.75
888,118042748.75
889,118042748.75
890,118042748.75
891,118042748.75
892,118042748.75
893,118042748.75
894,118042748.75
895,118042748.75
896,118042748.75
897,118042748.75
898,118042748.75
899,118042748.75
900,118042748.75
901,118042748.75
902,118042748.75000001
903,118042748.75
904,118042748.75
905,118042748.75
906,118042748.75000003
907,118042748.75000003
908,118042748.75
909,118042748.75
910,118042748.75
911,118042748.75000003
912,118042748.75
913,118042748.75
914,118042748.75
915,118042748.75
916,118042748.75
917,118042748.75
918,118042748.75
919,118042748.75
920,118042748.75
921,118042748.75
922,118042748.75
923,118042748.75
924,118042748.75
925,118042748.75
926,118042748.75
927,118042748.75
928,118042748.75
929,118042748.75
930,118042748.75
931,118042748.75
932,118042748.75000003
933,118042748.75
934,118042748.75
935,118042748.75
936,118042748.75
937,118042748.75
938,118042748.75
939,118042748.75
940,118042748.75
941,118042748.75
942,118042748.75
943,118042748.75
944,118042748.75
945,118042748.75
946,118042748.75
947,118042748.75000001
948,118042748.75
949,118042748.75
950,118042748.75
951,118042748.75
952,118042748.75
953,118042748.75
954,118042748.75
955,118042748.75
956,118042748.75
957,118042748.75
958,118042748.75
959,118042748.75
960,118042748.75
961,118042748.75
962,118042748.75
963,118042748.75
964,118042748.75
965,118042748.75
966,118042748.75
967,118042748.75
968,118042748.75
969,118042748.75000001
970,118042748.75000003
971,118042748.75
972,118042748.75
973,118042748.75
974,118042748.75
975,118042748.75
976,118042748.75
977,118042748.75000003
978,118042748.75
979,118042748.75
980,118042748.75
981,118042748.75
982,118042748.75
983,118042748.75
984,118042748.75
985,118042748.75
986,118042748.75
987,118042748.75
988,118042748.75
989,118042748.75
990,118042748.75
991,118042748.75
992,118042748.75
993,118042748.75
994,118042748.75
995,118042748.75
996,118042748.75
997,118042748.75
998,118042748.75000001
999,118042748.75000001
1000,118042748.75
1001,118042748.75
1002,118042748.75
1003,118042748.75
1004,118042748.75
1005,118042748.75
1006,118042748.75
1007,118042748.75
1008,118042748.75
1009,118042748.75
1010,118042748.75
1011,118042748.75
1012,118042748.75
1013,118042748.75
1014,118042748.75
1015,118042748.75
1016,118042748.75
1017,118042748.74999999
1018,118042748.75
1019,118042748.75
1020,118042748.75
1021,118042748.75
1022,118042748.75000003
1023,118042748.75
1024,118042748.75
1025,118042748.75000003
1026,118042748.75
1027,118042748.75
1028,118042748.75
1029,118042748.75
1030,118042748.75
1031,118042748.75
1032,118042748.75
1033,118042748.75
1034,118042748.75
1035,118042748.75
1036,118042748.75
1037,118042748.75
1038,118042748.75
1039,118042748.75
1040,118042748.75
1041,118042748.75
1042,118042748.75
1043,118042748.75
1044,118042748.75
1045,118042748.75
1046,118042748.75
1047,118042748.75
1048,118042748.75
1049,118042748.75
1050,118042748.75
1051,118042748.75
1052,118042748.75
1053,118042748.75
1054,118042748.75
1055,118042748.75
1056,118042748.75
1057,118042748.75000003
1058,118042748.75
1059,118042748.75
1060,118042748.75
1061,118042748.75
1062,118042748.74999999
1063,118042748.75
1064,118042748.75
1065,118042748.75
1066,118042748.75
1067,118042748.75000003
1068,118042748.75
1069,118042748.75
1070,118042748.75000003
1071,118042748.75
1072,118042748.75
1073,118042748.75
1074,118042748.75
1075,118042748.75
1076,118042748.75
1077,118042748.75
1078,118042748.75
1079,118042748.75
1080,118042748.75
1081,118042748.75
1082,118042748.75
1083,118042748.75
1084,118042748.75
1085,118042748.75
1086,118042748.75000003
1087,118042748.75
1088,118042748.75
1089,118042748.75
1090,118042748.75000001
1091,118042748.75000001
1092,118042748.75
1093,118042748.75
1094,118042748.75
1095,118042748.75
1096,118042748.75
1097,118042748.75
1098,118042748.75
1099,118042748.75
1100,118042748.75
1101,118042748.75
1102,118042748.75
1103,118042748.75
1104,118042748.75
1105,118042748.75
1106,118042748.75
1107,118042748.74999999
1108,118042748.75
1109,118042748.75
1110,118042748.75
1111,118042748.75
1112,118042748.75000003
1113,118042748.75
1114,118042748.75
1115,118042748.75000003
1116,118042748.75
1117,118042748.75
1118,118042748.75
1119,118042748.75
1120,118042748.75
1121,118042748.75
1122,118042748.75
1123,118042748.75
1124,118042748.75
1125,118042748.75
1126,118042748.75
1127,118042748.75
1128,118042748.75
1129,118042748.75
1130,118042748.75
1131,118042748.75000003
1132,118042748.75
1133,118042748.75
1134,118042748.75
1135,118042748.75
1136,118042748.75
1137,118042748.75
1138,118042748.75
1139,118042748.75
1140,118042748.75
1141,118042748.75
1142,118042748.75
1143,118042748.75
1144,118042748.75
1145,118042748.75
1146,118042748.75
1147,118042748.75
1148,118042748.75
1149,118042748.75000003
1150,118042748.75
1151,118042748.75
1152,118042748.75
1153,118042748.75
1154,118042748.75
1155,118042748.75
1156,118042748.75
1157,118042748.75
1158,118042748.75
1159,118042748.75
1160,118042748.75000003
1161,118042748.75
1162,118042748.75
1163,118042748.75
1164,118042748.75
1165,118042748.75
1166,118042748.75
1167,118042748.75
1168,118042748.75
1169,118042748.75
1170,118042748.75
1171,118042748.75
1172,118042748.75
1173,118042748.75
1174,118042748.75
1175,118042748.75
1176,118042748.75
1177,118042748.75000001
1178,118042748.75000001
1179,118042748.75
1180,118042748.75
1181,118042748.75
1182,118042748.75
1183,118042748.75
1184,118042748.75
1185,118042748.75
1186,118042748.75
1187,118042748.75
1188,118042748.75
1189,118042748.75
1190,118042748.75
1191,118042748.75
1192,118042748.75
1193,118042748.75
1194,118042748.75
1195,118042748.75000001
1196,118042748.75
1197,118042748.74999999
1198,118042748.75
1199,118042748.75
1200,118042748.75
1201,118042748.75
1202,118042748.75
1203,118042748.75
1204,118042748.75
1205,118042748.75000003
1206,118042748.75
1207,118042748.75
1208,118042748.75
1209,118042748.75
1210,118042748.75
1211,118042748.75
1212,118042748.75
1213,118042748.75
1214,118042748.75
1215,118042748.75
1216,118042748.75
1217,118042748.75
1218,118042748.75
1219,118042748.75
1220,118042748.75
1221,118042748.75
1222,118042748.75
1223,118042748.75
1224,118042748.75
1225,118042748.75
1226,118042748.75
1227,118042748.75
1228,118042748.75
1229,118042748.75
1230,118042748.75
1231,118042748.75
1232,118042748.75
1233,118042748.75
1234,118042748.75
1235,118042748.75
1236,118042748.75
1237,118042748.75
1238,118042748.75
1239,118042748.75
1240,118042748.75000001
1241,118042748.75000003
1242,118042748.74999999
1243,118042748.75
1244,118042748.75
1245,118042748.75
1246,118042748.75
1247,118042748.75
1248,118042748.75
1249,118042748.75
1250,118042748.75000003
1251,118042748.75
1252,118042748.75
1253,118042748.75
1254,118042748.75
1255,118042748.75
1256,118042748.75
1257,118042748.75
1258,118042748.75
1259,118042748.75
1260,118042748.75
1261,118042748.75
1262,118042748.75
1263,118042748.75
1264,118042748.75
1265,118042748.75
1266,118042748.75
1267,118042748.75
1268,118042748.75
1269,118042748.75000001
1270,118042748.75000001
1271,118042748.75
1272,118042748.75
1273,118042748.75
1274,118042748.75
1275,118042748.75
1276,118042748.75
1277,118042748.75
1278,118042748.75
1279,118042748.75
1280,118042748.75
1281,118042748.75
1282,118042748.75000001
1283,118042748.75
1284,118042748.75
1285,118042748.75
1286,118042748.75
1287,118042748.74999999
1288,118042748.75
1289,118042748.75
1290,118042748.75
1291,118042748.75
1292,118042748.75000003
1293,118042748.75
1294,118042748.75
1295,118042748.75000003
1296,118042748.75
1297,118042748.75
1298,118042748.75
1299,118042748.75
1300,118042748.75
1301,118042748.75
1302,118042748.75
1303,118042748.75
1304,118042748.75
1305,118042748.75
1306,118042748.75
1307,118042748.75000001
1308,118042748.75
1309,118042748.75
1310,118042748.75
1311,118042748.75000003
1312,118042748.75
1313,118042748.75
1314,118042748.75
1315,118042748.75
1316,118042748.75
1317,118042748.75
1318,118042748.75
1319,118042748.75
1320,118042748.75
1321,118042748.75
1322,118042748.75
1323,118042748.75
1324,118042748.75
1325,118042748.75
1326,118042748.75
1327,118042748.75
1328,118042748.75000001
1329,118042748.75
1330,118042748.75
1331,118042748.75
1332,118042748.75
1333,118042748.75
1334,118042748.75
1335,118042748.75
1336,118042748.75
1337,118042748.75000003
1338,118042748.75
1339,118042748.75
1340,118042748.75
1341,118042748.75
1342,118042748.75
1343,118042748.75
1344,118042748.75
1345,118042748.75
1346,118042748.75
1347,118042748.75
1348,118042748.75
1349,118042748.75
1350,118042748.75
1351,118042748.75
1352,118042748.75000001
1353,118042748.75
1354,118042748.75
1355,118042748.75
1356,118042748.75
1357,118042748.75000001
1358,118042748.75
1359,118042748.75
1360,118042748.75
1361,118042748.75000003
1362,118042748.75
1363,118042748.75
1364,118042748.75
1365,118042748.75
1366,118042748.75
1367,118042748.75
1368,118042748.75
1369,118042748.75
1370,118042748.75
1371,118042748.75
1372,118042748.75
1373,118042748.75
1374,118042748.75
1375,118042748.75
1376,118042748.75
1377,118042748.74999999
1378,118042748.75
1379,118042748.75
1380,118042748.75
1381,118042748.75
1382,118042748.75
1383,118042748.75
1384,118042748.75
1385,118042748.75000003
1386,118042748.75
1387,118042748.75
1388,118042748.75
1389,118042748.75
1390,118042748.75
1391,118042748.75
1392,118042748.75
1393,118042748.75
1394,118042748.75
1395,118042748.75
1396,118042748.75
1397,118042748.75
1398,118042748.75
1399,118042748.75
1400,118042748.75
1401,118042748.75
1402,118042748.75
1403,118042748.75
1404,118042748.75
1405,118042748.75
1406,118042748.75
1407,118042748.75
1408,118042748.75
1409,118042748.75
1410,118042748.75
1411,118042748.75
1412,118042748.75
1413,118042748.75
1414,118042748.75
1415,118042748.75
1416,118042748.75
1417,118042748.75
1418,118042748.75
1419,118042748.75000001
1420,118042748.75000003
1421,118042748.75
1422,118042748.74999999
1423,118042748.75
1424,118042748.75
1425,118042748.75
1426,118042748.75
1427,118042748.75000003
1428,118042748.75
1429,118042748.75
1430,118042748.75
1431,118042748.75
1432,118042748.75
1433,118042748.75
1434,118042748.75
1435,118042748.75
1436,118042748.75
1437,118042748.75
1438,118042748.75
1439,118042748.75
1440,118042748.75
1441,118042748.75
1442,118042748.75000001
1443,118042748.75
1444,118042748.75
1445,118042748.75
1446,118042748.75
1447,118042748.75
1448,118042748.75000001
1449,118042748.75000003
1450,118042748.75
1451,118042748.75
1452,118042748.75
1453,118042748.75
1454,118042748.75
1455,118042748.75
1456,118042748.75
1457,118042748.75
1458,118042748.75
1459,118042748.75
1460,118042748.75
1461,118042748.75
1462,55465615.29709532
1463,55465615.29709532
1464,55465615.29709527
1465,55465615.29709532
1466,55465615.297095336
1467,55465615.29709532
1468,55465615.29709532
1469,55465615.2970953
1470,55465615.29709532
1471,55465615.297095336
1472,55465615.29709531
1473,55465615.24976743
1474,55465615.29226649
1475,55465615.31638812
1476,55465615.320957206
1477,55465615.235343374
1478,55465615.27718793
1479,55465615.32302507
1480,55465615.23771128
1481,55465615.245672315
1482,55465615.22751449
1483,55465615.25028028
1484,55465615.25229432
1485,55465615.285921045
1486,55465615.33318559
1487,55465615.25048978
1488,55465615.3250078
1489,55465615.305838645
1490,55465615.25023283
1491,55465615.275155716
1492,55465615.37687845
1493,55465615.27963133
1494,55465615.28095264
1495,55465615.260168865
1496,55465615.36832557
1497,55465615.371180914
1498,55465615.31925914
1499,55465615.28932519
1500,55465615.261515796
1501,55465615.222439624
1502,55465615.257964246
1503,55465615.2958172
1504,55465615.295683354
1505,55465615.29937416
1506,55465615.40975662
1507,55465615.27217732
1508,55465615.3010234
1509,55465615.32430869
1510,55465615.33515242
1511,55465615.245070085
1512,55465615.35851292
1513,55465615.22811159
1514,55465615.27279314
1515,55465615.26171802
1516,55465615.21164517
1517,55465615.33815921
1518,55465615.30966511
1519,55465615.23042158
1520,55465615.26913722
1521,55465615.277870685
1522,55465615.40201382
1523,55465615.33786956
1524,55465615.2846033
1525,55465615.321865566
1526,55465615.24194634
1527,55465615.35309718
1528,55465615.30999801
1529,55465615.31496473
1530,55465615.21477763
1531,55465615.19459095
1532,55465615.270619854
1533,55465615.31214897
1534,55465615.25061741
1535,55465615.25805631
1536,55465615.29875467
1537,55465615.300635315
1538,55465615.2737941
1539,55465615.313183546
1540,55465615.35533022
1541,55465615.29797228
1542,55465615.21714454
1543,55465615.33805411
1544,55465615.318479195
1545,55465615.33873116
1546,55465615.28489566
1547,55465615.359293945
1548,55465615.34540706
1549,55465615.32221489
1550,55465615.35900013
1551,55465615.399206236
1552,55465615.38390709
1553,55465615.32870228
1554,55465615.280543834
1555,55465615.27914177
1556,55465615.33370945
1557,55465615.3630831
1558,55465615.2266928
1559,55465615.29164767
1560,55465615.40169753
1561,55465615.27683615
1562,55465615.27574107
1563,55465615.2977546
1564,55465615.37834088
1565,55465615.251464784
1566,55465615.22587571
1567,55465615.243572086
1568,55465615.300593935
1569,55465615.30747649
1570,55465615.32518464
1571,55465615.23489832
1572,55465615.25277742
1573,55465615.28183397
1574,55465615.30383065
1575,55465615.22051728
1576,55465615.31382891
1577,55465615.23971791
1578,55465615.37744509
1579,55465615.228341065
1580,55465615.31413378
1581,55465615.27162679
1582,55465615.310197674
1583,55465615.370860875
1584,55465615.25748783
1585,55465615.31260257
1586,55465615.28487477
1587,55465615.33836942
1588,55465615.19949415
1589,55465615.27035371
1590,55465615.26987184
1591,55465615.27483637
1592,55465615.34365759
1593,55465615.27282687
1594,55465615.343942426
1595,55465615.2694777
1596,55465615.32844718
1597,55465615.29021637
1598,55465615.26663565
1599,55465615.18867514
1600,55465615.24256253
1601,55465615.22267744
1602,55465615.326422155
1603,55465615.2556375
1604,55465615.29417386
1605,55465615.15967858
1606,55465615.19369297
1607,55465615.31524271
1608,55465615.31997875
1609,55465615.32540882
1610,55465615.262117155
1611,55465615.35423069
1612,55465615.223624125
1613,55465615.38183668
1614,55465615.24667017
1615,55465615.312009566
1616,55465615.395347334
1617,55465615.292798445
1618,55465615.313405864
1619,55465615.31147534
1620,55465615.26148233
1621,55465615.36136698
1622,55465615.24559278
1623,55465615.29809043
1624,55465615.264013015
1625,55465615.206742845
1626,55465615.33600115
1627,55465615.22629945
1628,55465615.337052464
1629,55465615.23934298
1630,55465615.2334258
1631,55465615.29882683
1632,55465615.302376166
1633,55465615.29053402
1634,55465615.31598015
1635,55465615.34269203
1636,55465615.28117416
1637,55465615.28558319
1638,55465615.23478842
1639,55465615.336955965
1640,55465615.27570716
1641,55465615.3355246
1642,55465615.311729014
1643,55465615.31380194
1644,55465615.34097534
1645,55465615.325379156
1646,55465615.32181523
1647,55465615.34389773
1648,55465615.34765229
1649,55465615.26179807
1650,55465615.312979445
1651,55465615.38071443
1652,55465615.31238817
1653,55465615.24508118
1654,55465615.2435275
1655,55465615.29021114
1656,55465615.33884119
1657,55465615.3594713
1658,55465615.238429755
1659,55465615.36333028
1660,55465615.343238354
1661,55465615.215627894
1662,55465615.362583645
1663,55465615.33462901
1664,55465615.27230168
1665,55465615.250970826
1666,55465615.28507849
1667,55465615.288887925
1668,55465615.27261299
1669,55465615.2749198
1670,55465615.285760954
1671,55465615.4582665
1672,55465615.29992714
1673,55465615.28078453
1674,55465615.337137505
1675,55465615.30600833
1676,55465615.235283345
1677,55465615.283289835
1678,55465615.29843447
1679,55465615.311189316
1680,55465615.26858658
1681,55465615.19593616
1682,55465615.25300734
1683,55465615.27111944
1684,55465615.21955774
1685,55465615.35108003
1686,55465615.184536666
1687,55465615.28552429
1688,55465615.3189644
1689,55465615.27846285
1690,55465615.32011609
1691,55465615.35142078
1692,55465615.26152267
1693,55465615.2247311
1694,55465615.297758505
1695,55465615.28486222
1696,55465615.2765407
1697,55465615.28368133
1698,55465615.246966235
1699,55465615.19710187
1700,55465615.373895735
1701,55465615.297113515
1702,55465615.3044857
1703,55465615.21552826
1704,55465615.231339954
1705,55465615.29828273
1706,55465615.35667835
1707,55465615.26612702
1708,55465615.290045515
1709,55465615.252332345
1710,55465615.29435743
1711,55465615.303612284
1712,55465615.19541525
1713,55465615.370237544
1714,55465615.279912785
1715,55465615.29365464
1716,55465615.19366695
1717,55465615.26779864
1718,55465615.274858825
1719,55465615.29118653
1720,55465615.283579975
1721,55465615.269553974
1722,55465615.35840273
1723,55465615.26225064
1724,55465615.31199858
1725,55465615.331049055
1726,55465615.377350464
1727,55465615.37645129
1728,55465615.414859734
1729,55465615.265859306
1730,55465615.238216095
1731,55465615.339560956
1732,55465615.33842716
1733,55465615.30167539
1734,55465615.30428743
1735,55465615.34106092
1736,55465615.36719351
1737,55465615.275427386
1738,55465615.30452879
1739,55465615.22818566
1740,55465615.290849425
1741,55465615.34147779
1742,55465615.320972174
1743,55465615.30152745
1744,55465615.297164015
1745,55465615.29045531
1746,55465615.36383307
1747,55465615.330643415
1748,55465615.35184426
1749,55465615.326111205
1750,55465615.31886314
1751,55465615.33212572
1752,55465615.29926026
1753,55465615.32875992
1754,55465615.26876779
1755,55465615.32476643
1756,55465615.23099096
1757,55465615.29039099
1758,55465615.31544494
1759,55465615.206584096
1760,55465615.35567391
1761,55465615.2618187
1762,55465615.283638455
1763,55465615.28389834
1764,55465615.36182728
1765,55465615.415439725
1766,55465615.31397472
1767,55465615.30792322
1768,55465615.291980624
1769,55465615.26169061
1770,55465615.2493102
1771,55465615.43355376
1772,55465615.27069985
1773,55465615.213127345
1774,55465615.28202588
1775,55465615.3190712
1776,55465615.29762291
1777,55465615.346427545
1778,55465615.33198152
1779,55465615.319859356
1780,55465615.19011478
1781,55465615.33908558
1782,55465615.271196164
1783,55465615.310209684
1784,55465615.21149432
1785,55465615.32348895
1786,55465615.206239134
1787,55465615.30521936
1788,55465615.24834414
1789,55465615.264467
1790,55465615.22148791
1791,55465615.30328079
1792,55465615.36032829
1793,55465615.29474613
1794,55465615.25147575
1795,55465615.28567159
1796,55465615.2425458
1797,55465615.266621254
1798,55465615.267057925
1799,55465615.302183874
1800,55465615.3242245
1801,55465615.35754964
1802,55465615.34001963
1803,55465615.32792673
1804,55465615.274952464
1805,55465615.290883124
1806,55465615.1225716
1807,55465615.23796808
1808,55465615.29063923
1809,55465615.303074285
1810,55465615.43977128
1811,55465615.240955874
1812,55465615.195901714
1813,55465615.33245271
1814,55465615.30784596
1815,55465615.246860184
1816,55465615.32396081
1817,55465615.260694616
1818,55465615.31165502
1819,55465615.34142428
1820,55465615.14842161
1821,55465615.18750414
1822,55465615.35533596
1823,55465615.34557793
1824,55465615.35402311
1825,55465615.31861483
1826,55465615.248304814
1827,55465615.32321217
1828,55465615.29212544
1829,55465615.23625794
1830,55465615.4016727
1831,55465615.382916614
1832,55465615.36203054
1833,55465615.34319664
1834,55465615.28094831
1835,55465615.35559613
1836,55465615.40284276
1837,55465615.29588141
1838,55465615.342623174
1839,55465615.22289379
1840,55465615.426653154
1841,55465615.27458534
1842,55465615.245605305
1843,55465615.32322657
1844,55465615.28483209
1845,55465615.36010975
1846,55465615.26496575
1847,55465615.29249688
1848,55465615.24459655
1849,55465615.2538172
1850,55465615.38374958
1851,55465615.28051994
1852,55465615.27567827
1853,55465615.27401649
1854,55465615.308672495
1855,55465615.28088263
1856,55465615.23331317
1857,55465615.224589035
1858,55465615.32758228
1859,55465615.3022754
1860,55465615.28284364
1861,55465615.27899555
1862,55465615.35817602
1863,55465615.306459785
1864,55465615.271480374
1865,55465615.26419145
1866,55465615.29568974
1867,55465615.30975114
1868,55465615.241734646
1869,55465615.29112344
1870,55465615.29592089
1871,55465615.30962834
1872,55465615.370298974
1873,55465615.38460873
1874,55465615.27708943
1875,55465615.33043827
1876,55465615.41083822
1877,55465615.36861039
1878,55465615.29837058
1879,55465615.213717654
1880,55465615.32847206
1881,55465615.3276358
1882,55465615.21391208
1883,55465615.31344768
1884,55465615.20394878
1885,55465615.20672187
1886,55465615.27634773
1887,55465615.24653499
1888,55465615.30183226
1889,55465615.353717
1890,55465615.251738906
1891,55465615.30790236
1892,55465615.24783967
1893,55465615.38281059
1894,55465615.299655795
1895,55465615.31139712
1896,55465615.314665906
1897,55465615.30504943
1898,55465615.2652042
1899,55465615.19979792
1900,55465615.31885246
1901,55465615.32696314
1902,55465615.331225336
1903,55465615.269417554
1904,55465615.34148689
1905,55465615.30261831
1906,55465615.28769126
1907,55465615.26658539
1908,55465615.40389202
1909,55465615.31086206
1910,55465615.32439187
1911,55465615.26540985
1912,55465615.37263285
1913,55465615.295394264
1914,55465615.323669866
1915,55465615.33519054
1916,55465615.24062686
1917,55465615.289889745
1918,55465615.2687247
1919,55465615.382843286
1920,55465615.233211726
1921,55465615.27822877
1922,55465615.233508125
1923,55465615.360801354
1924,55465615.24820892
1925,55465615.38793279
1926,55465615.2480702
1927,55465615.302689746
1928,55465615.258691214
1929,55465615.35026311
1930,55465615.268837474
1931,55465615.34491724
1932,55465615.23336387
1933,55465615.3091217
1934,55465615.2472105
1935,55465615.26732183
1936,55465615.310134105
1937,55465615.27961283
1938,55465615.23013458
1939,55465615.32991995
1940,55465615.269203424
1941,55465615.270441
1942,55465615.31890432
1943,55465615.27113362
1944,55465615.37232049
1945,55465615.32226452
1946,55465615.287053384
1947,55465615.25235294
1948,55465615.26874629
1949,55465615.377014
1950,55465615.32751672
1951,55465615.30292041
1952,55465615.381772116
1953,55465615.28317564
1954,55465615.308374114
1955,55465615.26561559
1956,55465615.300940014
1957,55465615.35677586
1958,55465615.333925605
1959,55465615.309764326
1960,55465615.36493603
1961,55465615.27002001
1962,55465615.30866275
1963,55465615.31774494
1964,55465615.28561012
1965,55465615.36336149
1966,55465615.282606274
1967,55465615.23891632
1968,55465615.336960204
1969,55465615.31654467
1970,55465615.31003092
1971,55465615.24513429
1972,55465615.36588666
1973,55465615.29055953
1974,55465615.36621569
1975,55465615.26856916
1976,55465615.39215501
1977,55465615.36462416
1978,55465615.275511965
1979,55465615.31315146
1980,55465615.25818465
1981,55465615.28361754
1982,55465615.360885456
1983,55465615.24431609
1984,55465615.2995576
1985,55465615.28853775
1986,55465615.437116005
1987,55465615.263422824
1988,55465615.306271106
1989,55465615.3228482
1990,55465615.34588764
1991,55465615.29012739
1992,55465615.27273761
1993,55465615.27166079
1994,55465615.36985164
1995,55465615.36957592
1996,55465615.30859671
1997,55465615.25329691
1998,55465615.26944035
1999,55465615.21892909
2000,55465615.22026633
2001,55465615.203409545
2002,55465615.19698623
2003,55465615.29937979
2004,55465615.22472767
2005,55465615.23159983
2006,55465615.27222959
2007,55465615.2531169
2008,55465615.29401287
2009,55465615.20634876
2010,55465615.37586267
2011,55465615.31099706
2012,55465615.259534
2013,55465615.27435042
2014,55465615.30292455
2015,55465615.43948328
2016,55465615.30937439
2017,55465615.21324623
2018,55465615.24301657
2019,55465615.30850716
2020,55465615.24892008
2021,55465615.244491056
2022,55465615.30658349
2023,55465615.27252654
2024,55465615.27643797
2025,55465615.326174356
2026,55465615.3194324
2027,55465615.30969925
2028,55465615.33070287
2029,55465615.33473216
2030,55465615.29342437
2031,55465615.361324444
2032,55465615.29960306
2033,55465615.280064486
2034,55465615.29445626
2035,55465615.39218624
2036,55465615.34885173
2037,55465615.24214723
2038,55465615.286310874
2039,55465615.25906557
2040,55465615.2802241
2041,55465615.329590425
2042,55465615.33672811
2043,55465615.238656394
2044,55465615.2792877
2045,55465615.23535767
2046,55465615.29349202
2047,55465615.17430973
2048,55465615.215027414
2049,55465615.22072084
2050,55465615.23396021
2051,55465615.302110255
2052,55465615.30321793
2053,55465615.353596635
2054,55465615.29955917
2055,55465615.341816425
2056,55465615.25476826
2057,55465615.38457481
2058,55465615.323772974
2059,55465615.2609834
2060,55465615.21537746
2061,55465615.16607876
2062,55465615.22024598
2063,55465615.32985611
2064,55465615.40662601
2065,55465615.31499958
2066,55465615.23445883
2067,55465615.32905705
2068,55465615.36725987
2069,55465615.27434503
2070,55465615.26662642
2071,55465615.28175122
2072,55465615.26884043
2073,55465615.349362455
2074,55465615.273679405
2075,55465615.28727891
2076,55465615.34318467
2077,55465615.29440473
2078,55465615.277238294
2079,55465615.311750785
2080,55465615.32882488
2081,55465615.27198474
2082,55465615.2590787
2083,55465615.21386009
2084,55465615.32873949
2085,55465615.331343986
2086,55465615.26964371
2087,55465615.22971419
2088,55465615.369333856
2089,55465615.26353206
2090,55465615.27248957
2091,55465615.35636188
2092,55465615.22695417
2093,55465615.33449492
2094,55465615.30498244
2095,55465615.277156055
2096,55465615.31105553
2097,55465615.28490601
2098,55465615.35128578
2099,55465615.25131628
2100,55465615.21970998
2101,55465615.2742767
2102,55465615.27445496
2103,55465615.27753919
2104,55465615.2536753
2105,55465615.26748212
2106,55465615.29979336
2107,55465615.340030566
2108,55465615.339392565
2109,55465615.29643979
2110,55465615.34269809
2111,55465615.33526309
2112,55465615.30467507
2113,55465615.198307425
2114,55465615.34461422
2115,55465615.35329219
2116,55465615.30803251
2117,55465615.278271936
2118,55465615.29478723
2119,55465615.23324806
2120,55465615.36131494
2121,55465615.34055856
2122,55465615.308661975
2123,55465615.18941924
2124,55465615.34133799
2125,55465615.27670367
2126,55465615.22501334
2127,55465615.268516004
2128,55465615.263784304
2129,55465615.27182548
2130,55465615.22937163
2131,55465615.33332847
2132,55465615.332526796
2133,55465615.348461725
2134,55465615.294945486
2135,55465615.33574463
2136,55465615.27234083
2137,55465615.30324815
2138,55465615.26203614
2139,55465615.27727781
2140,55465615.25652668
2141,55465615.306377806
2142,55465615.29272396
2143,55465615.31442556
2144,55465615.313208014
2145,55465615.23680595
2146,55465615.289502874
2147,55465615.3745793
2148,55465615.329260625
2149,55465615.29302684
2150,55465615.374275155
2151,55465615.30516422
2152,55465615.23831485
2153,55465615.333367065
2154,55465615.29441679
2155,55465615.33681464
2156,55465615.28771285
2157,55465615.297975846
2158,55465615.363634266
2159,55465615.35697666
2160,55465615.212457135
2161,55465615.3392317
2162,55465615.29734466
2163,55465615.27593431
2164,55465615.31058406
2165,55465615.3121567
2166,55465615.384516016
2167,55465615.27330082
2168,55465615.267102815
2169,55465615.26488074
2170,55465615.22728027
2171,55465615.25278505
2172,55465615.287647866
2173,55465615.33238192
2174,55465615.24804566
2175,55465615.33149985
2176,55465615.288202845
2177,55465615.29649951
2178,55465615.26626226
2179,55465615.357302845
2180,55465615.33068117
2181,55465615.208367564
2182,55465615.26059562
2183,55465615.25326362
2184,55465615.29459392
2185,55465615.25703561
2186,55465615.29991057
2187,55465615.24338881
2188,55465615.33990375
2189,55465615.34588655
2190,55465615.350391075
2191,55465615.29709533
2192,55465615.29709531
2193,50799624.21558769
2194,50799624.21558768
2195,50799624.21558769
2196,50799624.21558769
2197,50799624.21558769
2198,50799624.2155877
2199,50799624.2155877
2200,50799624.21558772
2201,50799624.215587705
2202,50799624.215587676
2203,50799624.215587705
2204,50799624.241116434
2205,50799624.15372788
2206,50799624.20937158
2207,50799624.291450664
2208,50799624.18612325
2209,50799624.17996364
2210,50799624.20692025
2211,50799624.23265425
2212,50799624.3098131
2213,50799624.23360309
2214,50799624.13080287
2215,50799624.15935688
2216,50799624.19645367
2217,50799624.1788137
2218,50799624.26416456
2219,50799624.12862186
2220,50799624.266329855
2221,50799624.27402781
2222,50799624.1953111
2223,50799624.18772284
2224,50799624.20752661
2225,50799624.25701705
2226,50799624.16129388
2227,50799624.18138935
2228,50799624.271765925
2229,50799624.2054477
2230,50799624.14844547
2231,50799624.241632715
2232,50799624.25796749
2233,50799624.16580924
2234,50799624.18051282
2235,50799624.21595865
2236,50799624.27203254
2237,50799624.172939435
2238,50799624.16812276
2239,50799624.16444515
2240,50799624.27462729
2241,50799624.30621024
2242,50799624.18362727
2243,50799624.22133274
2244,50799624.19818817
2245,50799624.19209309
2246,50799624.21962864
2247,50799624.20415242
2248,50799624.22754048
2249,50799624.183397904
2250,50799624.192547455
2251,50799624.24455928
2252,50799624.18743864
2253,50799624.111754075
2254,50799624.269280836
2255,50799624.244604655
2256,50799624.252296016
2257,50799624.31737653
2258,50799624.2188857
2259,50799624.2455682
2260,50799624.15657395
2261,50799624.22609538
2262,50799624.20741108
2263,50799624.26083113
2264,50799624.20113384
2265,50799624.18950611
2266,50799624.260802165
2267,50799624.20820326
2268,50799624.30062993
2269,50799624.24131822
2270,50799624.271533474
2271,50799624.22783558
2272,50799624.24702668
2273,50799624.18959323
2274,50799624.227845594
2275,50799624.23049565
2276,50799624.24850277
2277,50799624.196731225
2278,50799624.20176395
2279,50799624.17570131
2280,50799624.21594756
2281,50799624.286097676
2282,50799624.230918124
2283,50799624.17877112
2284,50799624.24438849
2285,50799624.23890046
2286,50799624.26635069
2287,50799624.135877796
2288,50799624.30435362
2289,50799624.28834701
2290,50799624.263726525
2291,50799624.18666327
2292,50799624.23509538
2293,50799624.22295615
2294,50799624.150320135
2295,50799624.22101811
2296,50799624.25746217
2297,50799624.248443075
2298,50799624.152847536
2299,50799624.23521171
2300,50799624.23928746
2301,50799624.29488313
2302,50799624.28720582
2303,50799624.15495352
2304,50799624.28275315
2305,50799624.26730456
2306,50799624.2115552
2307,50799624.283929944
2308,50799624.1744679
2309,50799624.230202876
2310,50799624.22965973
2311,50799624.20784683
2312,50799624.26715983
2313,50799624.166146636
2314,50799624.166025825
2315,50799624.28434572
2316,50799624.22280959
2317,50799624.28181511
2318,50799624.223799534
2319,50799624.2897352
2320,50799624.19274082
2321,50799624.23311484
2322,50799624.17354225
2323,50799624.24290642
2324,50799624.25110472
2325,50799624.203202434
2326,50799624.19942219
2327,50799624.25127944
2328,50799624.199049495
2329,50799624.24164962
2330,50799624.24606717
2331,50799624.184571914
2332,50799624.1401727
2333,50799624.22253531
2334,50799624.2173789
2335,50799624.16498575
2336,50799624.14152652
2337,50799624.18505496
2338,50799624.22693169
2339,50799624.255180545
2340,50799624.21271138
2341,50799624.171614565
2342,50799624.07624304
2343,50799624.16708871
2344,50799624.18998735
2345,50799624.30038647
2346,50799624.19443558
2347,50799624.15959958
2348,50799624.18659783
2349,50799624.21723933
2350,50799624.23625322
2351,50799624.16008383
2352,50799624.26887712
2353,50799624.22797753
2354,50799624.22688365
2355,50799624.181398585
2356,50799624.2718302
2357,50799624.188815765
2358,50799624.24284137
2359,50799624.18517936
2360,50799624.19713
2361,50799624.20437352
2362,50799624.235374495
2363,50799624.27225208
2364,50799624.20891697
2365,50799624.20744757
2366,50799624.2903385
2367,50799624.23998857
2368,50799624.11825215
2369,50799624.30736471
2370,50799624.16953433
2371,50799624.11967306
2372,50799624.22118313
2373,50799624.313579336
2374,50799624.180823155
2375,50799624.28658163
2376,50799624.23165535
2377,50799624.11167188
2378,50799624.1409688
2379,50799624.25686072
2380,50799624.21511708
2381,50799624.16395028
2382,50799624.17969277
2383,50799624.18881701
2384,50799624.30672537
2385,50799624.21834738
2386,50799624.230592944
2387,50799624.30691238
2388,50799624.15346311
2389,50799624.32821404
2390,50799624.222031906
2391,50799624.227719694
2392,50799624.16753422
2393,50799624.230390094
2394,50799624.32002019
2395,50799624.15771374
2396,50799624.209756896
2397,50799624.19881249
2398,50799624.17662749
2399,50799624.20522059
2400,50799624.20013571
2401,50799624.288711295
2402,50799624.25739475
2403,50799624.17403176
2404,50799624.16961235
2405,50799624.087138556
2406,50799624.28063164
2407,50799624.201365255
2408,50799624.22456342
2409,50799624.185060576
2410,50799624.181056134
2411,50799624.272762194
2412,50799624.2732792
2413,50799624.197013035
2414,50799624.30367584
2415,50799624.15250428
2416,50799624.23182062
2417,50799624.19307064
2418,50799624.2115895
2419,50799624.24632377
2420,50799624.08081014
2421,50799624.15130673
2422,50799624.158086374
2423,50799624.2004915
2424,50799624.179026805
2425,50799624.26068069
2426,50799624.243211776
2427,50799624.168740675
2428,50799624.2533073
2429,50799624.182660416
2430,50799624.20626099
2431,50799624.310066395
2432,50799624.26771785
2433,50799624.28253174
2434,50799624.237080224
2435,50799624.248144664
2436,50799624.18856912
2437,50799624.22602643
2438,50799624.19196536
2439,50799624.151072755
2440,50799624.210128844
2441,50799624.25498008
2442,50799624.254178844
2443,50799624.274660036
2444,50799624.22557951
2445,50799624.25384443
2446,50799624.25330565
2447,50799624.165523045
2448,50799624.22851266
2449,50799624.16631743
2450,50799624.23201672
2451,50799624.174448624
2452,50799624.19950463
2453,50799624.19484266
2454,50799624.27476843
2455,50799624.22844236
2456,50799624.22623615
2457,50799624.20728014
2458,50799624.189767376
2459,50799624.24372505
2460,50799624.25673917
2461,50799624.270161286
2462,50799624.249136075
2463,50799624.22976242
2464,50799624.21101138
2465,50799624.23142918
2466,50799624.24105197
2467,50799624.17563909
2468,50799624.190899216
2469,50799624.21868689
2470,50799624.256334886
2471,50799624.1612922
2472,50799624.25837497
2473,50799624.24168913
2474,50799624.26115004
2475,50799624.22903939
2476,50799624.25694143
2477,50799624.21829982
2478,50799624.25318477
2479,50799624.15402495
2480,50799624.261358716
2481,50799624.10654366
2482,50799624.22780509
2483,50799624.258831605
2484,50799624.205145195
2485,50799624.1684033
2486,50799624.20531566
2487,50799624.15440438
2488,50799624.19788354
2489,50799624.21616639
2490,50799624.17125727
2491,50799624.21410312
2492,50799624.22364234
2493,50799624.20709734
2494,50799624.14999118
2495,50799624.230148025
2496,50799624.17857059
2497,50799624.22156148
2498,50799624.20953302
2499,50799624.2860583
2500,50799624.16599292
2501,50799624.17912382
2502,50799624.252321735
2503,50799624.3291267
2504,50799624.267714545
2505,50799624.17816829
2506,50799624.21723172
2507,50799624.29432864
2508,50799624.26286634
2509,50799624.12757303
2510,50799624.26757315
2511,50799624.23312735
2512,50799624.19728396
2513,50799624.24910793
2514,50799624.28845287
2515,50799624.23620487
2516,50799624.16413584
2517,50799624.27031817
2518,50799624.19091852
2519,50799624.28499014
2520,50799624.15747572
2521,50799624.237574644
2522,50799624.186402485
2523,50799624.17459577
2524,50799624.184802115
2525,50799624.25556858
2526,50799624.253529884
2527,50799624.18410317
2528,50799624.15858753
2529,50799624.31016202
2530,50799624.2458953
2531,50799624.21908657
2532,50799624.2300499
2533,50799624.2086327
2534,50799624.135686375
2535,50799624.17866083
2536,50799624.20807521
2537,50799624.23582655
2538,50799624.20869375
2539,50799624.263815686
2540,50799624.103002414
2541,50799624.12026987
2542,50799624.28710465
2543,50799624.203606285
2544,50799624.25246543
2545,50799624.251189224
2546,50799624.28773018
2547,50799624.23729026
2548,50799624.09278132
2549,50799624.203711316
2550,50799624.16824581
2551,50799624.27150747
2552,50799624.13491472
2553,50799624.143659234
2554,50799624.141849965
2555,50799624.240485415
2556,50799624.29072471
2557,50799624.15006582
2558,50799624.253648825
2559,50799624.222725
2560,50799624.291424185
2561,50799624.25029071
2562,50799624.17648294
2563,50799624.267463505
2564,50799624.20677742
2565,50799624.2173509
2566,50799624.088525504
2567,50799624.18647695
2568,50799624.196637794
2569,50799624.23843809
2570,50799624.25980374
2571,50799624.292528614
2572,50799624.1752737
2573,50799624.25277946
2574,50799624.30051042
2575,50799624.24064112
2576,50799624.2767905
2577,50799624.25212198
2578,50799624.32724171
2579,50799624.21593549
2580,50799624.18113027
2581,50799624.263151705
2582,50799624.168251425
2583,50799624.203774646
2584,50799624.2360882
2585,50799624.23457422
2586,50799624.17605118
2587,50799624.238147706
2588,50799624.24268813
2589,50799624.18798554
2590,50799624.26040005
2591,50799624.20662016
2592,50799624.27287793
2593,50799624.09849585
2594,50799624.12422268
2595,50799624.18896532
2596,50799624.15143088
2597,50799624.21533633
2598,50799624.18438471
2599,50799624.19341297
2600,50799624.10106619
2601,50799624.25394918
2602,50799624.24553193
2603,50799624.180493355
2604,50799624.292940885
2605,50799624.24543335
2606,50799624.136989035
2607,50799624.25565463
2608,50799624.206533484
2609,50799624.18084876
2610,50799624.203287795
2611,50799624.223011464
2612,50799624.150129646
2613,50799624.28221139
2614,50799624.25707438
2615,50799624.181809746
2616,50799624.2615687
2617,50799624.19632656
2618,50799624.26531836
2619,50799624.1323282
2620,50799624.1643835
2621,50799624.20769776
2622,50799624.199407615
2623,50799624.22767795
2624,50799624.089823484
2625,50799624.13799139
2626,50799624.20218657
2627,50799624.19571187
2628,50799624.233986676
2629,50799624.18299008
2630,50799624.14528335
2631,50799624.27289489
2632,50799624.16414026
2633,50799624.170732826
2634,50799624.16736298
2635,50799624.22049223
2636,50799624.195010155
2637,50799624.20881593
2638,50799624.307981625
2639,50799624.23089078
2640,50799624.225470796
2641,50799624.17393732
2642,50799624.25220404
2643,50799624.16275854
2644,50799624.20082219
2645,50799624.218422234
2646,50799624.22222653
2647,50799624.24006161
2648,50799624.200309515
2649,50799624.23506102
2650,50799624.25070402
2651,50799624.21018321
2652,50799624.24136605
2653,50799624.256490976
2654,50799624.255091555
2655,50799624.224144585
2656,50799624.16839741
2657,50799624.18748717
2658,50799624.21899963
2659,50799624.18719354
2660,50799624.247717366
2661,50799624.1970799
2662,50799624.24403864
2663,50799624.207502894
2664,50799624.10885904
2665,50799624.18388966
2666,50799624.25662184
2667,50799624.26949325
2668,50799624.25452716
2669,50799624.186841294
2670,50799624.232489705
2671,50799624.15612956
2672,50799624.200527556
2673,50799624.11372249
2674,50799624.15435749
2675,50799624.25016282
2676,50799624.24715051
2677,50799624.22289344
2678,50799624.304733865
2679,50799624.24666302
2680,50799624.25141107
2681,50799624.218785
2682,50799624.239584506
2683,50799624.160205774
2684,50799624.208945096
2685,50799624.15735989
2686,50799624.28164555
2687,50799624.2110869
2688,50799624.25956387
2689,50799624.21946351
2690,50799624.20438671
2691,50799624.163819276
2692,50799624.20252617
2693,50799624.1722545
2694,50799624.262578815
2695,50799624.17672366
2696,50799624.25753069
2697,50799624.20454082
2698,50799624.23338126
2699,50799624.28321387
2700,50799624.15259637
2701,50799624.30018949
2702,50799624.19178737
2703,50799624.209302895
2704,50799624.28628639
2705,50799624.27139245
2706,50799624.24112058
2707,50799624.23981641
2708,50799624.209176004
2709,50799624.22330649
2710,50799624.227522425
2711,50799624.190498695
2712,50799624.22100858
2713,50799624.21100926
2714,50799624.28825824
2715,50799624.138360165
2716,50799624.18504027
2717,50799624.209445186
2718,50799624.211058125
2719,50799624.17284499
2720,50799624.229361236
2721,50799624.18398757
2722,50799624.16406851
2723,50799624.28766271
2724,50799624.28858452
2725,50799624.225535214
2726,50799624.221183285
2727,50799624.254398644
2728,50799624.20886904
2729,50799624.220197275
2730,50799624.1604447
2731,50799624.22182171
2732,50799624.209478274
2733,50799624.25937304
2734,50799624.18312775
2735,50799624.13551952
2736,50799624.271671504
2737,50799624.163188465
2738,50799624.21408609
2739,50799624.17319078
2740,50799624.2494958
2741,50799624.20707964
2742,50799624.179697916
2743,50799624.21500847
2744,50799624.30263789
2745,50799624.219068326
2746,50799624.27803612
2747,50799624.27241116
2748,50799624.160873726
2749,50799624.29206811
2750,50799624.23027258
2751,50799624.24747673
2752,50799624.17881807
2753,50799624.15066474
2754,50799624.18960258
2755,50799624.193572596
2756,50799624.180284485
2757,50799624.27964091
2758,50799624.21871034
2759,50799624.214348175
2760,50799624.172980644
2761,50799624.26666983
2762,50799624.21574549
2763,50799624.1969568
2764,50799624.25593472
2765,50799624.14947133
2766,50799624.19324875
2767,50799624.25639719
2768,50799624.159289025
2769,50799624.16222519
2770,50799624.27872878
2771,50799624.280135535
2772,50799624.211920574
2773,50799624.257376015
2774,50799624.230334416
2775,50799624.23286866
2776,50799624.18571097
2777,50799624.25904891
2778,50799624.180396676
2779,50799624.244052716
2780,50799624.26105093
2781,50799624.21676048
2782,50799624.1718606
2783,50799624.29351344
2784,50799624.17510463
2785,50799624.21527257
2786,50799624.14701073
2787,50799624.16753109
2788,50799624.19434744
2789,50799624.09187127
2790,50799624.260761306
2791,50799624.19145584
2792,50799624.2718456
2793,50799624.2197825
2794,50799624.1869613
2795,50799624.18377643
2796,50799624.28145987
2797,50799624.19830942
2798,50799624.28401017
2799,50799624.160051994
2800,50799624.291993536
2801,50799624.2479662
2802,50799624.25270416
2803,50799624.24452516
2804,50799624.2513338
2805,50799624.20195125
2806,50799624.23310247
2807,50799624.23013216
2808,50799624.189493686
2809,50799624.26267177
2810,50799624.268285915
2811,50799624.227777444
2812,50799624.24398153
2813,50799624.11242947
2814,50799624.28500578
2815,50799624.23926949
2816,50799624.295187995
2817,50799624.151509434
2818,50799624.22653071
2819,50799624.2504613
2820,50799624.228409916
2821,50799624.27343172
2822,50799624.249640025
2823,50799624.2539666
2824,50799624.09100899
2825,50799624.22282921
2826,50799624.27722881
2827,50799624.18540531
2828,50799624.22305993
2829,50799624.246045105
2830,50799624.29241404
2831,50799624.25426608
2832,50799624.23684587
2833,50799624.2184898
2834,50799624.217068225
2835,50799624.28331208
2836,50799624.26774377
2837,50799624.16545225
2838,50799624.26307513
2839,50799624.22916831
2840,50799624.17561228
2841,50799624.22307547
2842,50799624.25734578
2843,50799624.16466572
2844,50799624.19346763
2845,50799624.24758005
2846,50799624.26164435
2847,50799624.18176016
2848,50799624.25855188
2849,50799624.2150449
2850,50799624.22351705
2851,50799624.19940159
2852,50799624.18767701
2853,50799624.21795245
2854,50799624.31876552
2855,50799624.27644879
2856,50799624.224978775
2857,50799624.25103303
2858,50799624.259730764
2859,50799624.249727815
2860,50799624.161226854
2861,50799624.24466049
2862,50799624.19099797
2863,50799624.204783976
2864,50799624.11971414
2865,50799624.30337726
2866,50799624.21377772
2867,50799624.126586586
2868,50799624.17360828
2869,50799624.22570511
2870,50799624.229095414
2871,50799624.214243315
2872,50799624.13013464
2873,50799624.25837956
2874,50799624.1853116
2875,50799624.225425236
2876,50799624.22304056
2877,50799624.255740896
2878,50799624.260464795
2879,50799624.217001826
2880,50799624.27645729
2881,50799624.17130526
2882,50799624.183327824
2883,50799624.18273152
2884,50799624.26290253
2885,50799624.16359576
2886,50799624.15333803
2887,50799624.21383856
2888,50799624.2004488
2889,50799624.16738924
2890,50799624.25589523
2891,50799624.211743146
2892,50799624.20969296
2893,50799624.20610797
2894,50799624.18661791
2895,50799624.14284065
2896,50799624.23874054
2897,50799624.225382924
2898,50799624.26481487
2899,50799624.23779561
2900,50799624.236251116
2901,50799624.289989024
2902,50799624.24685512
2903,50799624.13430785
2904,50799624.25506567
2905,50799624.245129675
2906,50799624.202991545
2907,50799624.17100717
2908,50799624.21490277
2909,50799624.20785228
2910,50799624.27027319
2911,50799624.2292757
2912,50799624.19058945
2913,50799624.23986149
2914,50799624.158211954
2915,50799624.178153954
2916,50799624.20267797
2917,50799624.27421
2918,50799624.19458773
2919,50799624.27105137
2920,50799624.21977219
2921,50799624.242792964
2922,50799624.21558772
2923,50799624.21558769
2924,50701386.52277378
2925,50701386.522773795
2926,50701386.52277375
2927,50701386.52277374
2928,50701386.52277379
2929,50701386.52277379
2930,50701386.52277377
2931,50701386.52277378
2932,50701386.52277374
2933,50701386.52277376
2934,50701386.522773765
2935,50701386.5036974
2936,50701386.50648162
2937,50701386.55368134
2938,50701386.54563498
2939,50701386.56466819
2940,50701386.53382938
2941,50701386.515713766
2942,50701386.41725805
2943,50701386.42329718
2944,50701386.510208316
2945,50701386.499241024
2946,50701386.48035231
2947,50701386.57546619
2948,50701386.49122546
2949,50701386.48692449
2950,50701386.52048098
2951,50701386.53460699
2952,50701386.52392841
2953,50701386.5648219
2954,50701386.462042816
2955,50701386.571983196
2956,50701386.59511009
2957,50701386.469712526
2958,50701386.56972377
2959,50701386.524724
2960,50701386.5324522
2961,50701386.507506534
2962,50701386.508308925
2963,50701386.46275579
2964,50701386.424255535
2965,50701386.47092879
2966,50701386.51361532
2967,50701386.633586384
2968,50701386.406395525
2969,50701386.46221191
2970,50701386.53909147
2971,50701386.448597625
2972,50701386.55946459
2973,50701386.47125446
2974,50701386.60038709
2975,50701386.54992627
2976,50701386.58804352
2977,50701386.58710922
2978,50701386.51534945
2979,50701386.59763858
2980,50701386.50804461
2981,50701386.54229963
2982,50701386.542777225
2983,50701386.52728769
2984,50701386.50438998
2985,50701386.502110936
2986,50701386.450109504
2987,50701386.432627544
2988,50701386.49629773
2989,50701386.49251058
2990,50701386.55228237
2991,50701386.52417743
2992,50701386.53487992
2993,50701386.51883334
2994,50701386.53029403
2995,50701386.51248495
2996,50701386.503183834
2997,50701386.51895969
2998,50701386.54250501
2999,50701386.441393584
3000,50701386.52424534
3001,50701386.598645344
3002,50701386.54181909
3003,50701386.46094707
3004,50701386.53507687
3005,50701386.51216304
3006,50701386.482827805
3007,50701386.5369047
3008,50701386.44626138
3009,50701386.56670807
3010,50701386.49727092
3011,50701386.57971705
3012,50701386.588961214
3013,50701386.529305965
3014,50701386.52004041
3015,50701386.43998304
3016,50701386.55222134
3017,50701386.47704158
3018,50701386.49648026
3019,50701386.48288235
3020,50701386.49292236
3021,50701386.52882887
3022,50701386.54822559
3023,50701386.58944574
3024,50701386.595111
3025,50701386.59017615
3026,50701386.49393491
3027,50701386.4729244
3028,50701386.537694454
3029,50701386.47332549
3030,50701386.41683933
3031,50701386.506063715
3032,50701386.45259927
3033,50701386.50992769
3034,50701386.517561264
3035,50701386.50104978
3036,50701386.45610589
3037,50701386.54986046
3038,50701386.58543613
3039,50701386.53689872
3040,50701386.55277847
3041,50701386.47397737
3042,50701386.488181375
3043,50701386.50961215
3044,50701386.67594263
3045,50701386.5325775
3046,50701386.496695615
3047,50701386.510983154
3048,50701386.508290835
3049,50701386.537480414
3050,50701386.452798344
3051,50701386.52508853
3052,50701386.51996831
3053,50701386.503300585
3054,50701386.53508667
3055,50701386.49291947
3056,50701386.5440723
3057,50701386.54570776
3058,50701386.55074708
3059,50701386.549094126
3060,50701386.45664523
3061,50701386.60792231
3062,50701386.519909024
3063,50701386.56785108
3064,50701386.5325847
3065,50701386.53807106
3066,50701386.51340634
3067,50701386.56407167
3068,50701386.45727191
3069,50701386.470351756
3070,50701386.567929365
3071,50701386.56609096
3072,50701386.484522246
3073,50701386.48025137
3074,50701386.53888256
3075,50701386.494473875
3076,50701386.53677776
3077,50701386.42450338
3078,50701386.51612668
3079,50701386.52894251
3080,50701386.50897842
3081,50701386.43532415
3082,50701386.45079402
3083,50701386.542013906
3084,50701386.45925789
3085,50701386.55885849
3086,50701386.53671261
3087,50701386.51154893
3088,50701386.52259536
3089,50701386.478152454
3090,50701386.51532096
3091,50701386.49446738
3092,50701386.54282788
3093,50701386.58514813
3094,50701386.46031781
3095,50701386.495966636
3096,50701386.5934917
3097,50701386.515931755
3098,50701386.51300602
3099,50701386.491997525
3100,50701386.58307703
3101,50701386.512250446
3102,50701386.45658425
3103,50701386.49245083
3104,50701386.464856744
3105,50701386.577762626
3106,50701386.46424432
3107,50701386.56884805
3108,50701386.522404045
3109,50701386.494818084
3110,50701386.49864015
3111,50701386.444092914
3112,50701386.491331436
3113,50701386.59938447
3114,50701386.56831378
3115,50701386.41624248
3116,50701386.41672797
3117,50701386.53538438
3118,50701386.57313198
3119,50701386.47774288
3120,50701386.557975955
3121,50701386.46507781
3122,50701386.556824625
3123,50701386.580459125
3124,50701386.5480576
3125,50701386.528365225
3126,50701386.44368368
3127,50701386.44252202
3128,50701386.55786811
3129,50701386.60662533
3130,50701386.50049781
3131,50701386.50902156
3132,50701386.59690991
3133,50701386.60909532
3134,50701386.53094198
3135,50701386.58485192
3136,50701386.610854015
3137,50701386.43240527
3138,50701386.58040219
3139,50701386.47652167
3140,50701386.469144545
3141,50701386.51823748
3142,50701386.54942557
3143,50701386.51486606
3144,50701386.41262169
3145,50701386.57437407
3146,50701386.53279794
3147,50701386.60397588
3148,50701386.49727381
3149,50701386.497481614
3150,50701386.43974708
3151,50701386.52184425
3152,50701386.53818386
3153,50701386.581723794
3154,50701386.54363905
3155,50701386.485688895
3156,50701386.44402293
3157,50701386.50391431
3158,50701386.5562407
3159,50701386.41523728
3160,50701386.55397205
3161,50701386.50784117
3162,50701386.49286855
3163,50701386.522539206
3164,50701386.504436776
3165,50701386.47700012
3166,50701386.5346657
3167,50701386.519886576
3168,50701386.48617371
3169,50701386.544344775
3170,50701386.46243236
3171,50701386.42750274
3172,50701386.42342694
3173,50701386.49641122
3174,50701386.483458504
3175,50701386.529682264
3176,50701386.53506767
3177,50701386.47715542
3178,50701386.53017048
3179,50701386.53608907
3180,50701386.6127454
3181,50701386.501427144
3182,50701386.50063582
3183,50701386.55808739
3184,50701386.422282346
3185,50701386.5586168
3186,50701386.47707861
3187,50701386.6401706
3188,50701386.55266875
3189,50701386.60670171
3190,50701386.51998247
3191,50701386.51040683
3192,50701386.54308837
3193,50701386.49410332
3194,50701386.69638554
3195,50701386.532219626
3196,50701386.509804174
3197,50701386.459193915
3198,50701386.559187904
3199,50701386.57916673
3200,50701386.528274514
3201,50701386.47685499
3202,50701386.45991542
3203,50701386.464222185
3204,50701386.67330566
3205,50701386.447353035
3206,50701386.50993153
3207,50701386.50120828
3208,50701386.50745644
3209,50701386.42582571
3210,50701386.50027613
3211,50701386.5074259
3212,50701386.49806793
3213,50701386.48671501
3214,50701386.529913016
3215,50701386.50881535
3216,50701386.58426199
3217,50701386.589447446
3218,50701386.54030913
3219,50701386.569739565
3220,50701386.48640964
3221,50701386.45271462
3222,50701386.55439927
3223,50701386.54832965
3224,50701386.55044378
3225,50701386.551776096
3226,50701386.50511681
3227,50701386.562065
3228,50701386.471201785
3229,50701386.53106562
3230,50701386.56639897
3231,50701386.65020559
3232,50701386.5396219
3233,50701386.55330572
3234,50701386.546387605
3235,50701386.62409458
3236,50701386.49937663
3237,50701386.593903564
3238,50701386.43833349
3239,50701386.57646341
3240,50701386.57077148
3241,50701386.525399
3242,50701386.55933657
3243,50701386.46991282
3244,50701386.5110764
3245,50701386.47355435
3246,50701386.42116745
3247,50701386.45911074
3248,50701386.398383
3249,50701386.47661231
3250,50701386.451416396
3251,50701386.56713955
3252,50701386.49378242
3253,50701386.55183288
3254,50701386.61677532
3255,50701386.46126366
3256,50701386.589128956
3257,50701386.51588138
3258,50701386.497627355
3259,50701386.57911727
3260,50701386.58221563
3261,50701386.42263218
3262,50701386.55313048
3263,50701386.468180925
3264,50701386.557606444
3265,50701386.478003666
3266,50701386.53230038
3267,50701386.5154694
3268,50701386.53190289
3269,50701386.50011747
3270,50701386.54521117
3271,50701386.59323298
3272,50701386.52582042
3273,50701386.50595836
3274,50701386.49748971
3275,50701386.54652979
3276,50701386.50738522
3277,50701386.58043203
3278,50701386.55851402
3279,50701386.421986185
3280,50701386.60288486
3281,50701386.475878395
3282,50701386.63463259
3283,50701386.57644636
3284,50701386.56501577
3285,50701386.45500816
3286,50701386.50784428
3287,50701386.57943139
3288,50701386.52201802
3289,50701386.498325534
3290,50701386.591550514
3291,50701386.437859364
3292,50701386.5342604
3293,50701386.57242724
3294,50701386.40402103
3295,50701386.510925785
3296,50701386.52086894
3297,50701386.54696052
3298,50701386.549321264
3299,50701386.59356514
3300,50701386.514379874
3301,50701386.542245306
3302,50701386.48714938
3303,50701386.539235204
3304,50701386.47069921
3305,50701386.59451221
3306,50701386.50020703
3307,50701386.44962821
3308,50701386.55747143
3309,50701386.56608852
3310,50701386.622625515
3311,50701386.521490805
3312,50701386.522420116
3313,50701386.49549683
3314,50701386.535704695
3315,50701386.50640746
3316,50701386.494584754
3317,50701386.43623422
3318,50701386.532034874
3319,50701386.53473587
3320,50701386.494082466
3321,50701386.515802965
3322,50701386.40592166
3323,50701386.41729523
3324,50701386.524453945
3325,50701386.51949878
3326,50701386.62944853
3327,50701386.47121658
3328,50701386.57033938
3329,50701386.4881409
3330,50701386.51686331
3331,50701386.403960496
3332,50701386.450192064
3333,50701386.484795526
3334,50701386.57160419
3335,50701386.538065754
3336,50701386.53597492
3337,50701386.51364329
3338,50701386.47230183
3339,50701386.5407292
3340,50701386.50521438
3341,50701386.41529707
3342,50701386.53898385
3343,50701386.571402974
3344,50701386.5198601
3345,50701386.45184648
3346,50701386.53113548
3347,50701386.549239025
3348,50701386.465214804
3349,50701386.49574403
3350,50701386.48880538
3351,50701386.433956645
3352,50701386.641255796
3353,50701386.48623378
3354,50701386.570085585
3355,50701386.56386646
3356,50701386.56803096
3357,50701386.62305072
3358,50701386.63725376
3359,50701386.578380026
3360,50701386.53979694
3361,50701386.476930566
3362,50701386.44523903
3363,50701386.568638675
3364,50701386.559776515
3365,50701386.5174317
3366,50701386.47470951
3367,50701386.58662207
3368,50701386.57834201
3369,50701386.470226236
3370,50701386.482978396
3371,50701386.59198058
3372,50701386.54061849
3373,50701386.52338143
3374,50701386.55180762
3375,50701386.530255
3376,50701386.465749964
3377,50701386.55317629
3378,50701386.58366642
3379,50701386.565728225
3380,50701386.51299521
3381,50701386.505589254
3382,50701386.57110236
3383,50701386.62542912
3384,50701386.48232613
3385,50701386.51216726
3386,50701386.453226924
3387,50701386.450504705
3388,50701386.478125826
3389,50701386.53490632
3390,50701386.53568868
3391,50701386.52294368
3392,50701386.626315065
3393,50701386.50113593
3394,50701386.528317526
3395,50701386.3907134
3396,50701386.56367249
3397,50701386.55426489
3398,50701386.525409415
3399,50701386.55983925
3400,50701386.54568205
3401,50701386.54462042
3402,50701386.518455245
3403,50701386.53868587
3404,50701386.63094216
3405,50701386.517763145
3406,50701386.49101055
3407,50701386.50664362
3408,50701386.6005082
3409,50701386.39758644
3410,50701386.614019655
3411,50701386.494358584
3412,50701386.42104162
3413,50701386.551236
3414,50701386.501275994
3415,50701386.51333854
3416,50701386.54535359
3417,50701386.58129096
3418,50701386.578283966
3419,50701386.443283364
3420,50701386.47923686
3421,50701386.495257795
3422,50701386.54099382
3423,50701386.573789485
3424,50701386.463650934
3425,50701386.49341388
3426,50701386.506738305
3427,50701386.48056202
3428,50701386.5095854
3429,50701386.56227255
3430,50701386.41240026
3431,50701386.50513105
3432,50701386.38124691
3433,50701386.57632106
3434,50701386.51534411
3435,50701386.458087154
3436,50701386.57226313
3437,50701386.49743632
3438,50701386.509471454
3439,50701386.46120367
3440,50701386.480809
3441,50701386.56239049
3442,50701386.52264468
3443,50701386.551203184
3444,50701386.488172516
3445,50701386.44333154
3446,50701386.54214577
3447,50701386.53282831
3448,50701386.468824536
3449,50701386.47534457
3450,50701386.47529413
3451,50701386.539407894
3452,50701386.42373545
3453,50701386.45491142
3454,50701386.55253355
3455,50701386.568481386
3456,50701386.498961374
3457,50701386.419918455
3458,50701386.53660554
3459,50701386.527008936
3460,50701386.49294076
3461,50701386.55509277
3462,50701386.52057428
3463,50701386.43190435
3464,50701386.529580265
3465,50701386.50236709
3466,50701386.49550404
3467,50701386.549314745
3468,50701386.55931973
3469,50701386.45039575
3470,50701386.48869909
3471,50701386.46953633
3472,50701386.56834322
3473,50701386.51228793
3474,50701386.482884414
3475,50701386.55143037
3476,50701386.47370707
3477,50701386.54508618
3478,50701386.50276322
3479,50701386.56271
3480,50701386.51274184
3481,50701386.479791984
3482,50701386.61884168
3483,50701386.51999256
3484,50701386.5339438
3485,50701386.54170334
3486,50701386.518701226
3487,50701386.45253993
3488,50701386.53225893
3489,50701386.46769186
3490,50701386.60290956
3491,50701386.54245227
3492,50701386.53763498
3493,50701386.54381233
3494,50701386.46519982
3495,50701386.55836857
3496,50701386.536872156
3497,50701386.51920043
3498,50701386.50117282
3499,50701386.469586365
3500,50701386.47285766
3501,50701386.52556135
3502,50701386.578868106
3503,50701386.513612226
3504,50701386.541994646
3505,50701386.509618625
3506,50701386.60900421
3507,50701386.6232486
3508,50701386.589414455
3509,50701386.472035296
3510,50701386.460693024
3511,50701386.462242804
3512,50701386.53256676
3513,50701386.503782265
3514,50701386.46000122
3515,50701386.43381817
3516,50701386.55120233
3517,50701386.52661618
3518,50701386.475935735
3519,50701386.48854303
3520,50701386.55678417
3521,50701386.49504379
3522,50701386.53593304
3523,50701386.57431267
3524,50701386.45883693
3525,50701386.5107371
3526,50701386.544887096
3527,50701386.54603204
3528,50701386.50803945
3529,50701386.40049061
3530,50701386.52141014
3531,50701386.51358372
3532,50701386.619607404
3533,50701386.4864153
3534,50701386.5383199
3535,50701386.508852296
3536,50701386.484484
3537,50701386.53298372
3538,50701386.50445547
3539,50701386.51576693
3540,50701386.60201832
3541,50701386.59514114
3542,50701386.49088053
3543,50701386.49276662
3544,50701386.463925295
3545,50701386.47462361
3546,50701386.516080394
3547,50701386.55502775
3548,50701386.50353905
3549,50701386.488608524
3550,50701386.46232059
3551,50701386.500955895
3552,50701386.53997155
3553,50701386.43679717
3554,50701386.49060324
3555,50701386.51706727
3556,50701386.512101
3557,50701386.54713077
3558,50701386.53331034
3559,50701386.492072105
3560,50701386.54408444
3561,50701386.52597347
3562,50701386.58393731
3563,50701386.50828203
3564,50701386.4906088
3565,50701386.543557025
3566,50701386.49967073
3567,50701386.57956515
3568,50701386.530687205
3569,50701386.58906821
3570,50701386.48729721
3571,50701386.44909568
3572,50701386.49245791
3573,50701386.49742561
3574,50701386.43337353
3575,50701386.44999202
3576,50701386.510119885
3577,50701386.576190926
3578,50701386.5463338
3579,50701386.54385113
3580,50701386.51463815
3581,50701386.53771057
3582,50701386.500925414
3583,50701386.518788636
3584,50701386.523861036
3585,50701386.50067723
3586,50701386.49132819
3587,50701386.53042506
3588,50701386.50398099
3589,50701386.67673013
3590,50701386.52749219
3591,50701386.54672731
3592,50701386.58918657
3593,50701386.443916075
3594,50701386.55375325
3595,50701386.500483274
3596,50701386.60230436
3597,50701386.55660872
3598,50701386.502162166
3599,50701386.60961604
3600,50701386.5845008
3601,50701386.51459552
3602,50701386.54480634
3603,50701386.572446376
3604,50701386.462830506
3605,50701386.524237856
3606,50701386.49795969
3607,50701386.53199035
3608,50701386.525916755
3609,50701386.496924296
3610,50701386.58497505
3611,50701386.51554598
3612,50701386.54451032
3613,50701386.517457485
3614,50701386.44504347
3615,50701386.573484935
3616,50701386.57437461
3617,50701386.56356611
3618,50701386.539545484
3619,50701386.55620106
3620,50701386.54291288
3621,50701386.571416505
3622,50701386.454285786
3623,50701386.49615998
3624,50701386.52114657
3625,50701386.488183126
3626,50701386.50326509
3627,50701386.56127098
3628,50701386.57313192
3629,50701386.53844216
3630,50701386.46834769
3631,50701386.47255865
3632,50701386.49300212
3633,50701386.47558517
3634,50701386.566409096
3635,50701386.56229709
3636,50701386.50510449
3637,50701386.47210894
3638,50701386.521950856
3639,50701386.5210364
3640,50701386.5749906
3641,50701386.540699705
3642,50701386.539231546
3643,50701386.39841308
3644,50701386.561872765
3645,50701386.49804317
3646,50701386.5408018
3647,50701386.512890406
3648,50701386.56238546
3649,50701386.55715324
3650,50701386.50975698
3651,50701386.49671602
3652,50701386.53243583
3653,50701386.52277378
3654,50701386.52277379
3655,8292795.169762278
3656,8292795.169762262
3657,8292795.169762262
3658,8292795.169762262
3659,8292795.169762255
3660,8292795.169762254
3661,8292795.1697622575
3662,8292795.1697622575
3663,8292795.169762261
3664,8292795.169762262
3665,8292795.169762267
3666,8292795.161978539
3667,8292795.1652130615
3668,8292795.201434544
3669,8292795.181505948
3670,8292795.171822991
3671,8292795.19189146
3672,8292795.197404957
3673,8292795.162464509
3674,8292795.17101783
3675,8292795.18036873
3676,8292795.170224244
3677,8292795.171013212
3678,8292795.159799162
3679,8292795.165277247
3680,8292795.14388123
3681,8292795.182174079
3682,8292795.166998325
3683,8292795.156832173
3684,8292795.177509599
3685,8292795.177987888
3686,8292795.17434764
3687,8292795.147379017
3688,8292795.179494791
3689,8292795.158457511
3690,8292795.173488289
3691,8292795.184969084
3692,8292795.163207141
3693,8292795.1631481685
3694,8292795.145884485
3695,8292795.155895677
3696,8292795.169376843
3697,8292795.159778781
3698,8292795.168201641
3699,8292795.147995124
3700,8292795.1516399095
3701,8292795.168430333
3702,8292795.162048118
3703,8292795.152790976
3704,8292795.174873538
3705,8292795.184794026
3706,8292795.194678273
3707,8292795.19602769
3708,8292795.185436169
3709,8292795.154700015
3710,8292795.202311967
3711,8292795.175964515
3712,8292795.186325269
3713,8292795.134663097
3714,8292795.19044477
3715,8292795.1871040715
3716,8292795.166930304
3717,8292795.177114716
3718,8292795.162579706
3719,8292795.186560679
3720,8292795.1426864015
3721,8292795.184393515
3722,8292795.183344603
3723,8292795.162190504
3724,8292795.150539846
3725,8292795.168855314
3726,8292795.185139559
3727,8292795.160643361
3728,8292795.140974647
3729,8292795.165936777
3730,8292795.133560542
3731,8292795.178721171
3732,8292795.163810745
3733,8292795.160781497
3734,8292795.182599781
3735,8292795.169618109
3736,8292795.179297215
3737,8292795.144695458
3738,8292795.18236104
3739,8292795.165295083
3740,8292795.185656892
3741,8292795.17228622
3742,8292795.162843518
3743,8292795.1392619135
3744,8292795.177770165
3745,8292795.176680782
3746,8292795.173489306
3747,8292795.180139092
3748,8292795.162313956
3749,8292795.188512955
3750,8292795.168119284
3751,8292795.166817264
3752,8292795.1628919495
3753,8292795.173861813
3754,8292795.163480964
3755,8292795.168952033
3756,8292795.153935555
3757,8292795.162674724
3758,8292795.141313569
3759,8292795.177965213
3760,8292795.164660033
3761,8292795.164166929
3762,8292795.149638831
3763,8292795.171155445
3764,8292795.16142499
3765,8292795.149711136
3766,8292795.191149089
3767,8292795.1554136565
3768,8292795.173665473
3769,8292795.178968808
3770,8292795.180512145
3771,8292795.185119798
3772,8292795.148877133
3773,8292795.1691608215
3774,8292795.167362473
3775,8292795.157473455
3776,8292795.16388563
3777,8292795.189724829
3778,8292795.169652893
3779,8292795.186697675
3780,8292795.143742984
3781,8292795.171520631
3782,8292795.185735306
3783,8292795.149474271
3784,8292795.16126451
3785,8292795.161227845
3786,8292795.171879161
3787,8292795.176944319
3788,8292795.183586603
3789,8292795.165755107
3790,8292795.160508054
3791,8292795.166592988
3792,8292795.175617282
3793,8292795.1821496375
3794,8292795.1766405115
3795,8292795.181826113
3796,8292795.164131581
3797,8292795.174114792
3798,8292795.183647383
3799,8292795.152822549
3800,8292795.146776975
3801,8292795.144681512
3802,8292795.184751232
3803,8292795.143439746
3804,8292795.156918469
3805,8292795.15745332
3806,8292795.162114543
3807,8292795.184630453
3808,8292795.144200894
3809,8292795.183701879
3810,8292795.1954475315
3811,8292795.176389969
3812,8292795.172197003
3813,8292795.16091614
3814,8292795.1844169805
3815,8292795.160733794
3816,8292795.170558382
3817,8292795.175346893
3818,8292795.158536146
3819,8292795.171899371
3820,8292795.153946375
3821,8292795.167638638
3822,8292795.167530963
3823,8292795.182198052
3824,8292795.1781984335
3825,8292795.17674972
3826,8292795.176706365
3827,8292795.150575251
3828,8292795.166773651
3829,8292795.167937954
3830,8292795.182709012
3831,8292795.165055525
3832,8292795.194802805
3833,8292795.1696974
3834,8292795.177206103
3835,8292795.148999514
3836,8292795.166535981
3837,8292795.136174514
3838,8292795.167003993
3839,8292795.141048203
3840,8292795.161691032
3841,8292795.162838673
3842,8292795.182515899
3843,8292795.167701082
3844,8292795.191902529
3845,8292795.1753748795
3846,8292795.1668691635
3847,8292795.147977708
3848,8292795.180907406
3849,8292795.167408266
3850,8292795.176696859
3851,8292795.196159964
3852,8292795.175340667
3853,8292795.191463831
3854,8292795.182583272
3855,8292795.16152852
3856,8292795.177740299
3857,8292795.174460641
3858,8292795.17512559
3859,8292795.166979091
3860,8292795.20391726
3861,8292795.157967879
3862,8292795.152657677
3863,8292795.155801189
3864,8292795.17971175
3865,8292795.169147418
3866,8292795.182114664
3867,8292795.174059194
3868,8292795.167414713
3869,8292795.1814183695
3870,8292795.170226604
3871,8292795.186368073
3872,8292795.196045567
3873,8292795.17160214
3874,8292795.166439686
3875,8292795.187105151
3876,8292795.161459521
3877,8292795.177691313
3878,8292795.195197668
3879,8292795.1683473205
3880,8292795.168801314
3881,8292795.1379432725
3882,8292795.191177988
3883,8292795.175341727
3884,8292795.166275617
3885,8292795.161290591
3886,8292795.200001728
3887,8292795.179751256
3888,8292795.163106208
3889,8292795.178472136
3890,8292795.136867025
3891,8292795.147277628
3892,8292795.173807252
3893,8292795.167297792
3894,8292795.166241966
3895,8292795.156663493
3896,8292795.166351981
3897,8292795.153406584
3898,8292795.173399627
3899,8292795.167211615
3900,8292795.169969636
3901,8292795.149208237
3902,8292795.139067407
3903,8292795.131938629
3904,8292795.168569426
3905,8292795.151048303
3906,8292795.176265544
3907,8292795.175536468
3908,8292795.160837438
3909,8292795.166545565
3910,8292795.192593991
3911,8292795.173984712
3912,8292795.147469356
3913,8292795.159409267
3914,8292795.156338304
3915,8292795.16768923
3916,8292795.156694632
3917,8292795.189086277
3918,8292795.154956687
3919,8292795.162362965
3920,8292795.208513559
3921,8292795.153502501
3922,8292795.161249734
3923,8292795.185566463
3924,8292795.168140143
3925,8292795.1681616865
3926,8292795.15462382
3927,8292795.146315738
3928,8292795.157311911
3929,8292795.171699338
3930,8292795.142663214
3931,8292795.159095407
3932,8292795.168390297
3933,8292795.15443502
3934,8292795.149792585
3935,8292795.169990607
3936,8292795.142539274
3937,8292795.179528617
3938,8292795.154879208
3939,8292795.144865318
3940,8292795.162261999
3941,8292795.183914581
3942,8292795.17144486
3943,8292795.176672614
3944,8292795.186412829
3945,8292795.167077396
3946,8292795.188114189
3947,8292795.193208194
3948,8292795.18116906
3949,8292795.168835848
3950,8292795.17647499
3951,8292795.148526292
3952,8292795.153979182
3953,8292795.179632864
3954,8292795.191748968
3955,8292795.170017652
3956,8292795.173064953
3957,8292795.191223643
3958,8292795.147333545
3959,8292795.165269444
3960,8292795.142539881
3961,8292795.19023086
3962,8292795.163226306
3963,8292795.1735494975
3964,8292795.175613557
3965,8292795.1884143585
3966,8292795.175224796
3967,8292795.163213593
3968,8292795.139532903
3969,8292795.171119635
3970,8292795.158406102
3971,8292795.155181373
3972,8292795.18259207
3973,8292795.164823356
3974,8292795.163676551
3975,8292795.190770317
3976,8292795.134113276
3977,8292795.169775269
3978,8292795.155510655
3979,8292795.1640758915
3980,8292795.169006118
3981,8292795.162288463
3982,8292795.172349867
3983,8292795.155401617
3984,8292795.176926976
3985,8292795.166348005
3986,8292795.15759451
3987,8292795.187842534
3988,8292795.158356481
3989,8292795.177917325
3990,8292795.177598875
3991,8292795.189204236
3992,8292795.164747908
3993,8292795.168298244
3994,8292795.181382323
3995,8292795.143663094
3996,8292795.167487698
3997,8292795.174015447
3998,8292795.150262141
3999,8292795.178194529
4000,8292795.180475332
4001,8292795.161405154
4002,8292795.166807552
4003,8292795.187872895
4004,8292795.167660349
4005,8292795.146267947
4006,8292795.164058424
4007,8292795.168881533
4008,8292795.178196169
4009,8292795.18392681
4010,8292795.161844263
4011,8292795.1504842555
4012,8292795.17238867
4013,8292795.166926297
4014,8292795.1607954195
4015,8292795.160066678
4016,8292795.162485981
4017,8292795.142255318
4018,8292795.146160226
4019,8292795.183284024
4020,8292795.166502683
4021,8292795.189686209
4022,8292795.142426456
4023,8292795.177981488
4024,8292795.182600439
4025,8292795.151440258
4026,8292795.168487773
4027,8292795.174868306
4028,8292795.195612444
4029,8292795.173390432
4030,8292795.163116792
4031,8292795.198371849
4032,8292795.18585408
4033,8292795.147614344
4034,8292795.185643924
4035,8292795.138693696
4036,8292795.175782855
4037,8292795.1630757265
4038,8292795.178494043
4039,8292795.173578979
4040,8292795.160716909
4041,8292795.176709724
4042,8292795.189485476
4043,8292795.16632382
4044,8292795.161974082
4045,8292795.187375131
4046,8292795.1393158715
4047,8292795.175250068
4048,8292795.187847052
4049,8292795.164364918
4050,8292795.171124745
4051,8292795.193059853
4052,8292795.171882142
4053,8292795.179710511
4054,8292795.186937229
4055,8292795.179434131
4056,8292795.167924468
4057,8292795.156455197
4058,8292795.166529031
4059,8292795.174936868
4060,8292795.16795529
4061,8292795.1407499695
4062,8292795.176520503
4063,8292795.140518853
4064,8292795.167041229
4065,8292795.174298798
4066,8292795.180244039
4067,8292795.151364907
4068,8292795.188366145
4069,8292795.15489034
4070,8292795.154991066
4071,8292795.160776248
4072,8292795.175943872
4073,8292795.173100041
4074,8292795.174320239
4075,8292795.158973676
4076,8292795.167422922
4077,8292795.122484453
4078,8292795.1298079
4079,8292795.178110111
4080,8292795.164946821
4081,8292795.138789933
4082,8292795.184980449
4083,8292795.158202621
4084,8292795.1841924125
4085,8292795.152487589
4086,8292795.195253851
4087,8292795.192808555
4088,8292795.192205266
4089,8292795.154548103
4090,8292795.201394482
4091,8292795.16871411
4092,8292795.195043418
4093,8292795.195405794
4094,8292795.172896113
4095,8292795.203477777
4096,8292795.159019621
4097,8292795.159191394
4098,8292795.167803547
4099,8292795.174403577
4100,8292795.192235169
4101,8292795.172396079
4102,8292795.163083038
4103,8292795.179688963
4104,8292795.162612823
4105,8292795.190027794
4106,8292795.185930998
4107,8292795.181505812
4108,8292795.1766826
4109,8292795.165068966
4110,8292795.172602243
4111,8292795.186009482
4112,8292795.158536043
4113,8292795.173780539
4114,8292795.17450073
4115,8292795.185148443
4116,8292795.1860052105
4117,8292795.142550351
4118,8292795.183238782
4119,8292795.165347683
4120,8292795.179829489
4121,8292795.175324472
4122,8292795.163407847
4123,8292795.189662895
4124,8292795.171174025
4125,8292795.168588026
4126,8292795.163263376
4127,8292795.18752091
4128,8292795.170411894
4129,8292795.171950927
4130,8292795.190048124
4131,8292795.168954783
4132,8292795.164727585
4133,8292795.162119534
4134,8292795.189299526
4135,8292795.169049234
4136,8292795.164049906
4137,8292795.161606211
4138,8292795.182470527
4139,8292795.169720185
4140,8292795.152090043
4141,8292795.203614975
4142,8292795.176476861
4143,8292795.151693568
4144,8292795.157566356
4145,8292795.188339295
4146,8292795.155895406
4147,8292795.138468056
4148,8292795.186970859
4149,8292795.194817641
4150,8292795.165560626
4151,8292795.159682598
4152,8292795.1578983795
4153,8292795.160906242
4154,8292795.188063365
4155,8292795.173365512
4156,8292795.174580697
4157,8292795.181549133
4158,8292795.158637359
4159,8292795.159686174
4160,8292795.159172849
4161,8292795.168727614
4162,8292795.177250093
4163,8292795.149520575
4164,8292795.15292781
4165,8292795.165584295
4166,8292795.152043487
4167,8292795.147607354
4168,8292795.150473113
4169,8292795.172142431
4170,8292795.1830645995
4171,8292795.155650706
4172,8292795.157921848
4173,8292795.179585002
4174,8292795.183571532
4175,8292795.170592884
4176,8292795.168167627
4177,8292795.179577274
4178,8292795.161465257
4179,8292795.164828101
4180,8292795.166247801
4181,8292795.143560995
4182,8292795.168054603
4183,8292795.146925616
4184,8292795.150330467
4185,8292795.134738152
4186,8292795.150708157
4187,8292795.15718364
4188,8292795.162022878
4189,8292795.183971437
4190,8292795.15932021
4191,8292795.167240527
4192,8292795.167799275
4193,8292795.165371859
4194,8292795.164176979
4195,8292795.154916374
4196,8292795.170341595
4197,8292795.195805973
4198,8292795.160160901
4199,8292795.159529988
4200,8292795.161506288
4201,8292795.17627041
4202,8292795.179701293
4203,8292795.165253788
4204,8292795.156561012
4205,8292795.142544474
4206,8292795.169271311
4207,8292795.162481952
4208,8292795.163992448
4209,8292795.160262217
4210,8292795.1778096445
4211,8292795.174269159
4212,8292795.179904323
4213,8292795.167642825
4214,8292795.17074695
4215,8292795.184451273
4216,8292795.162519141
4217,8292795.183062872
4218,8292795.159814655
4219,8292795.152080174
4220,8292795.16148211
4221,8292795.177223398
4222,8292795.168313194
4223,8292795.198812993
4224,8292795.154070291
4225,8292795.154566847
4226,8292795.170749081
4227,8292795.174241538
4228,8292795.156939112
4229,8292795.17416778
4230,8292795.173533047
4231,8292795.172936548
4232,8292795.170976115
4233,8292795.176330565
4234,8292795.173269805
4235,8292795.196755462
4236,8292795.163195528
4237,8292795.1735591395
4238,8292795.170122575
4239,8292795.149244379
4240,8292795.153705103
4241,8292795.162402033
4242,8292795.175698536
4243,8292795.168957287
4244,8292795.170209539
4245,8292795.161008733
4246,8292795.140311751
4247,8292795.185468195
4248,8292795.177497075
4249,8292795.145178957
4250,8292795.160537618
4251,8292795.184272648
4252,8292795.182180093
4253,8292795.186301346
4254,8292795.167893792
4255,8292795.161312339
4256,8292795.1832419615
4257,8292795.188390286
4258,8292795.16033991
4259,8292795.177412676
4260,8292795.146331111
4261,8292795.171269988
4262,8292795.167004082
4263,8292795.175007127
4264,8292795.161751849
4265,8292795.176433037
4266,8292795.1663194075
4267,8292795.177739579
4268,8292795.156192111
4269,8292795.187746831
4270,8292795.172263238
4271,8292795.176626024
4272,8292795.190286487
4273,8292795.177059494
4274,8292795.166947141
4275,8292795.181262067
4276,8292795.1795449015
4277,8292795.183255449
4278,8292795.1781882495
4279,8292795.143426462
4280,8292795.162640774
4281,8292795.192080478
4282,8292795.181649152
4283,8292795.1828798205
4284,8292795.157222727
4285,8292795.172956326
4286,8292795.171736974
4287,8292795.148388341
4288,8292795.151095374
4289,8292795.169122122
4290,8292795.160847441
4291,8292795.168257456
4292,8292795.159074331
4293,8292795.178859046
4294,8292795.175038377
4295,8292795.172568486
4296,8292795.169549231
4297,8292795.175362472
4298,8292795.164193468
4299,8292795.169697128
4300,8292795.202618808
4301,8292795.155323008
4302,8292795.153004398
4303,8292795.180563852
4304,8292795.166420968
4305,8292795.168340353
4306,8292795.1557477815
4307,8292795.172666454
4308,8292795.171469084
4309,8292795.17092845
4310,8292795.1717601335
4311,8292795.179325763
4312,8292795.151552651
4313,8292795.144171132
4314,8292795.172772116
4315,8292795.140211968
4316,8292795.170380852
4317,8292795.1383325355
4318,8292795.166406651
4319,8292795.181982924
4320,8292795.164196808
4321,8292795.173987718
4322,8292795.176674696
4323,8292795.165725009
4324,8292795.165418008
4325,8292795.161984219
4326,8292795.178602939
4327,8292795.167187696
4328,8292795.161099252
4329,8292795.158024529
4330,8292795.173874329
4331,8292795.179622305
4332,8292795.187341256
4333,8292795.169539448
4334,8292795.1857789
4335,8292795.161808318
4336,8292795.16917363
4337,8292795.1715654405
4338,8292795.173752078
4339,8292795.163024327
4340,8292795.190814657
4341,8292795.17042897
4342,8292795.171161044
4343,8292795.163721206
4344,8292795.169232542
4345,8292795.175768786
4346,8292795.187535053
4347,8292795.183737425
4348,8292795.173504169
4349,8292795.160076692
4350,8292795.190244287
4351,8292795.170203137
4352,8292795.168890422
4353,8292795.16857974
4354,8292795.164787495
4355,8292795.169677498
4356,8292795.161976235
4357,8292795.173753768
4358,8292795.17308362
4359,8292795.171969132
4360,8292795.158654951
4361,8292795.159689036
4362,8292795.175572849
4363,8292795.170190165
4364,8292795.164276405
4365,8292795.186158049
4366,8292795.174949197
4367,8292795.164839794
4368,8292795.168096098
4369,8292795.177259868
4370,8292795.171401198
4371,8292795.174450865
4372,8292795.17015204
4373,8292795.153161371
4374,8292795.178567623
4375,8292795.167112659
4376,8292795.149943529
4377,8292795.162006242
4378,8292795.172076195
4379,8292795.162521324
4380,8292795.182187322
4381,8292795.173053102
4382,8292795.167017276
4383,8292795.1640717825
4384,8292795.16976228
4385,8292795.169762277
4386,4263846.672965714
4387,4263846.672965718
4388,4263846.672965717
4389,4263846.672965715
4390,4263846.672965712
4391,4263846.672965716
4392,4263846.67296572
4393,4263846.672965718
4394,4263846.672965718
4395,4263846.672965719
4396,4263846.672965715
4397,4263846.664456728
4398,4263846.662872754
4399,4263846.6849951325
4400,4263846.677626668
4401,4263846.674853318
4402,4263846.667328407
4403,4263846.669151195
4404,4263846.670131242
4405,4263846.658426229
4406,4263846.673027645
4407,4263846.67434523
4408,4263846.671472464
4409,4263846.667337754
4410,4263846.67593084
4411,4263846.675665028
4412,4263846.656405815
4413,4263846.670026904
4414,4263846.670170246
4415,4263846.674345505
4416,4263846.684369419
4417,4263846.680797558
4418,4263846.6704345485
4419,4263846.671999002
4420,4263846.676837094
4421,4263846.670489792
4422,4263846.684093847
4423,4263846.677025835
4424,4263846.682693704
4425,4263846.670712015
4426,4263846.679849016
4427,4263846.676039448
4428,4263846.681227551
4429,4263846.670804401
4430,4263846.681754369
4431,4263846.6623458145
4432,4263846.675272901
4433,4263846.681453857
4434,4263846.669003144
4435,4263846.669088245
4436,4263846.680299008
4437,4263846.684650196
4438,4263846.666955723
4439,4263846.6726104375
4440,4263846.674240859
4441,4263846.673595989
4442,4263846.677025594
4443,4263846.6754040895
4444,4263846.671994272
4445,4263846.670101707
4446,4263846.666484068
4447,4263846.681468454
4448,4263846.672775745
4449,4263846.676630267
4450,4263846.675659975
4451,4263846.667902748
4452,4263846.678261634
4453,4263846.671229373
4454,4263846.672246804
4455,4263846.680700247
4456,4263846.678725911
4457,4263846.678682378
4458,4263846.684650404
4459,4263846.675434639
4460,4263846.670530618
4461,4263846.674333264
4462,4263846.664219861
4463,4263846.677481563
4464,4263846.679211991
4465,4263846.674903314
4466,4263846.680041985
4467,4263846.669548061
4468,4263846.680834437
4469,4263846.67188232
4470,4263846.6696055895
4471,4263846.6690552225
4472,4263846.67390841
4473,4263846.672404549
4474,4263846.659163191
4475,4263846.664011392
4476,4263846.667832639
4477,4263846.682343896
4478,4263846.673450235
4479,4263846.671701542
4480,4263846.674856683
4481,4263846.677091762
4482,4263846.680907542
4483,4263846.671197836
4484,4263846.66516181
4485,4263846.672621449
4486,4263846.667931359
4487,4263846.673448644
4488,4263846.677545798
4489,4263846.66581086
4490,4263846.670962393
4491,4263846.66987453
4492,4263846.680551106
4493,4263846.668536922
4494,4263846.669279347
4495,4263846.670481539
4496,4263846.6796358945
4497,4263846.676765385
4498,4263846.662405806
4499,4263846.66983143
4500,4263846.685040034
4501,4263846.677059878
4502,4263846.676206564
4503,4263846.664593333
4504,4263846.6776470505
4505,4263846.674232539
4506,4263846.664676915
4507,4263846.675959976
4508,4263846.675534223
4509,4263846.671640693
4510,4263846.689687027
4511,4263846.669692582
4512,4263846.676423907
4513,4263846.662505444
4514,4263846.6781874355
4515,4263846.671527905
4516,4263846.674540327
4517,4263846.674253778
4518,4263846.68289976
4519,4263846.675441967
4520,4263846.672169614
4521,4263846.676889962
4522,4263846.679297053
4523,4263846.682557787
4524,4263846.67743517
4525,4263846.67958334
4526,4263846.672571404
4527,4263846.675956291
4528,4263846.667641096
4529,4263846.67162926
4530,4263846.682928145
4531,4263846.675258045
4532,4263846.672655465
4533,4263846.675861682
4534,4263846.669288294
4535,4263846.666143805
4536,4263846.662339621
4537,4263846.659347624
4538,4263846.683603367
4539,4263846.673443246
4540,4263846.679521835
4541,4263846.670105001
4542,4263846.672210587
4543,4263846.672958413
4544,4263846.669356151
4545,4263846.67621241
4546,4263846.6720652785
4547,4263846.676028475
4548,4263846.675270961
4549,4263846.672349521
4550,4263846.676636068
4551,4263846.668605019
4552,4263846.683105976
4553,4263846.683278989
4554,4263846.662643389
4555,4263846.671919615
4556,4263846.681022176
4557,4263846.682843442
4558,4263846.676140478
4559,4263846.673323501
4560,4263846.659673872
4561,4263846.68103808
4562,4263846.669045964
4563,4263846.67018286
4564,4263846.655015841
4565,4263846.677318214
4566,4263846.66681192
4567,4263846.670107225
4568,4263846.663521841
4569,4263846.676123555
4570,4263846.672259593
4571,4263846.6712336475
4572,4263846.669863409
4573,4263846.67332318
4574,4263846.67945489
4575,4263846.676060153
4576,4263846.666315828
4577,4263846.665923138
4578,4263846.677605368
4579,4263846.6741753295
4580,4263846.657299937
4581,4263846.660866097
4582,4263846.67835338
4583,4263846.678405589
4584,4263846.67797817
4585,4263846.672505183
4586,4263846.672253763
4587,4263846.6786993705
4588,4263846.676183933
4589,4263846.673975052
4590,4263846.669130081
4591,4263846.672519167
4592,4263846.670230245
4593,4263846.667248101
4594,4263846.67420064
4595,4263846.6685301745
4596,4263846.677747137
4597,4263846.685756423
4598,4263846.68319507
4599,4263846.669838889
4600,4263846.67177863
4601,4263846.6636172505
4602,4263846.672869224
4603,4263846.676619574
4604,4263846.667342703
4605,4263846.678164689
4606,4263846.684132944
4607,4263846.666687929
4608,4263846.669493311
4609,4263846.66832064
4610,4263846.676780293
4611,4263846.663762893
4612,4263846.666593229
4613,4263846.670961799
4614,4263846.669068963
4615,4263846.678721793
4616,4263846.673632613
4617,4263846.674167662
4618,4263846.666660352
4619,4263846.669479628
4620,4263846.671145543
4621,4263846.671952492
4622,4263846.667536208
4623,4263846.674066659
4624,4263846.67043316
4625,4263846.666796936
4626,4263846.665396642
4627,4263846.67711455
4628,4263846.6690477235
4629,4263846.67288824
4630,4263846.675522669
4631,4263846.668220862
4632,4263846.671093408
4633,4263846.667721101
4634,4263846.671825016
4635,4263846.673035804
4636,4263846.669369991
4637,4263846.6855156645
4638,4263846.668371196
4639,4263846.679680045
4640,4263846.680689835
4641,4263846.688041848
4642,4263846.678472598
4643,4263846.68233152
4644,4263846.680644259
4645,4263846.669086915
4646,4263846.671489772
4647,4263846.674877536
4648,4263846.673407835
4649,4263846.672600219
4650,4263846.664304541
4651,4263846.675723122
4652,4263846.657024557
4653,4263846.667777775
4654,4263846.672394544
4655,4263846.678204367
4656,4263846.672289713
4657,4263846.671055049
4658,4263846.675559037
4659,4263846.668878764
4660,4263846.678248746
4661,4263846.675015482
4662,4263846.662809195
4663,4263846.673281618
4664,4263846.679099123
4665,4263846.669996923
4666,4263846.664041247
4667,4263846.669138778
4668,4263846.674621405
4669,4263846.676017083
4670,4263846.671592239
4671,4263846.681869036
4672,4263846.678002896
4673,4263846.670346426
4674,4263846.679218179
4675,4263846.668353503
4676,4263846.6691514235
4677,4263846.683061136
4678,4263846.667852221
4679,4263846.678048323
4680,4263846.67083491
4681,4263846.6699057445
4682,4263846.683480772
4683,4263846.68610989
4684,4263846.657746244
4685,4263846.670970558
4686,4263846.66710914
4687,4263846.670709126
4688,4263846.6723095095
4689,4263846.671442079
4690,4263846.668127209
4691,4263846.65978975
4692,4263846.680113595
4693,4263846.678447958
4694,4263846.671799408
4695,4263846.670591222
4696,4263846.667664927
4697,4263846.668356803
4698,4263846.672878778
4699,4263846.672434446
4700,4263846.681658772
4701,4263846.6651567565
4702,4263846.671276965
4703,4263846.675469353
4704,4263846.678104675
4705,4263846.670914835
4706,4263846.669323794
4707,4263846.665848114
4708,4263846.676992873
4709,4263846.677577691
4710,4263846.679945231
4711,4263846.683023949
4712,4263846.670708838
4713,4263846.663114406
4714,4263846.676621592
4715,4263846.675789866
4716,4263846.672228921
4717,4263846.67155405
4718,4263846.677421888
4719,4263846.672446475
4720,4263846.68340526
4721,4263846.676851491
4722,4263846.678515184
4723,4263846.665295472
4724,4263846.6707615405
4725,4263846.671667455
4726,4263846.66441466
4727,4263846.677833371
4728,4263846.669484567
4729,4263846.667290448
4730,4263846.681216755
4731,4263846.672937425
4732,4263846.670791773
4733,4263846.672759581
4734,4263846.682211468
4735,4263846.682690976
4736,4263846.666892374
4737,4263846.667318632
4738,4263846.666753756
4739,4263846.674231689
4740,4263846.675169988
4741,4263846.661629475
4742,4263846.665124589
4743,4263846.661667129
4744,4263846.671931748
4745,4263846.672930445
4746,4263846.68413253
4747,4263846.673367608
4748,4263846.675261423
4749,4263846.670357675
4750,4263846.678759391
4751,4263846.672599878
4752,4263846.670676019
4753,4263846.667354845
4754,4263846.680283246
4755,4263846.687378548
4756,4263846.671491421
4757,4263846.674999159
4758,4263846.680383578
4759,4263846.687695908
4760,4263846.68642566
4761,4263846.666510715
4762,4263846.681991671
4763,4263846.672040005
4764,4263846.660107909
4765,4263846.681569067
4766,4263846.658729253
4767,4263846.685115593
4768,4263846.6792377755
4769,4263846.684424132
4770,4263846.67378735
4771,4263846.676275646
4772,4263846.668038162
4773,4263846.682996271
4774,4263846.674852024
4775,4263846.674999803
4776,4263846.670443462
4777,4263846.664876112
4778,4263846.673722013
4779,4263846.66986789
4780,4263846.677334228
4781,4263846.683563754
4782,4263846.6826081155
4783,4263846.670789033
4784,4263846.673890786
4785,4263846.672965789
4786,4263846.680899792
4787,4263846.672195008
4788,4263846.66607684
4789,4263846.673877787
4790,4263846.671835982
4791,4263846.671828909
4792,4263846.67072244
4793,4263846.662581727
4794,4263846.661808669
4795,4263846.673825071
4796,4263846.676564825
4797,4263846.679527429
4798,4263846.6763670435
4799,4263846.683875199
4800,4263846.670080953
4801,4263846.660604912
4802,4263846.67933498
4803,4263846.673777376
4804,4263846.665093519
4805,4263846.671904108
4806,4263846.663660356
4807,4263846.686860034
4808,4263846.657571816
4809,4263846.672149664
4810,4263846.670709957
4811,4263846.66037074
4812,4263846.671819406
4813,4263846.673366736
4814,4263846.668628837
4815,4263846.678144942
4816,4263846.675465982
4817,4263846.689567118
4818,4263846.679856783
4819,4263846.673327065
4820,4263846.678308187
4821,4263846.673198725
4822,4263846.674316434
4823,4263846.674622229
4824,4263846.681908665
4825,4263846.667339758
4826,4263846.69263966
4827,4263846.673934481
4828,4263846.6653629625
4829,4263846.666804495
4830,4263846.6767871035
4831,4263846.670114163
4832,4263846.670835469
4833,4263846.6813139245
4834,4263846.670029906
4835,4263846.666312408
4836,4263846.675467557
4837,4263846.6834465265
4838,4263846.674159277
4839,4263846.665569215
4840,4263846.677613859
4841,4263846.685809137
4842,4263846.669945862
4843,4263846.664863616
4844,4263846.680108132
4845,4263846.682849891
4846,4263846.681882261
4847,4263846.690364299
4848,4263846.6726687085
4849,4263846.6667168625
4850,4263846.664337874
4851,4263846.682790202
4852,4263846.670396764
4853,4263846.678766267
4854,4263846.6782874325
4855,4263846.673009677
4856,4263846.671106339
4857,4263846.671530312
4858,4263846.667368271
4859,4263846.668630143
4860,4263846.685892444
4861,4263846.682241941
4862,4263846.67210412
4863,4263846.673028755
4864,4263846.672616871
4865,4263846.677900315
4866,4263846.679175832
4867,4263846.676861239
4868,4263846.660474663
4869,4263846.677207205
4870,4263846.667795198
4871,4263846.655007789
4872,4263846.6762909405
4873,4263846.668630001
4874,4263846.669760227
4875,4263846.673665635
4876,4263846.677385093
4877,4263846.6695148125
4878,4263846.678946053
4879,4263846.667464585
4880,4263846.679168891
4881,4263846.676144052
4882,4263846.673202354
4883,4263846.676251358
4884,4263846.670051738
4885,4263846.677590321
4886,4263846.671413804
4887,4263846.66594684
4888,4263846.667807568
4889,4263846.67499265
4890,4263846.662466986
4891,4263846.664314048
4892,4263846.676781794
4893,4263846.683343116
4894,4263846.67011082
4895,4263846.671333504
4896,4263846.678301419
4897,4263846.660987721
4898,4263846.673489965
4899,4263846.669000343
4900,4263846.675207727
4901,4263846.681126308
4902,4263846.663069742
4903,4263846.666957579
4904,4263846.684573719
4905,4263846.665154912
4906,4263846.675052746
4907,4263846.669873909
4908,4263846.680638661
4909,4263846.663206583
4910,4263846.666723958
4911,4263846.67620403
4912,4263846.66967217
4913,4263846.673812178
4914,4263846.667731446
4915,4263846.672412055
4916,4263846.665464521
4917,4263846.671119194
4918,4263846.668575351
4919,4263846.671789098
4920,4263846.672691787
4921,4263846.665610074
4922,4263846.663917801
4923,4263846.671700585
4924,4263846.670041412
4925,4263846.673841286
4926,4263846.670664391
4927,4263846.678230876
4928,4263846.6698178025
4929,4263846.6705305
4930,4263846.666141451
4931,4263846.669838964
4932,4263846.665997884
4933,4263846.674866417
4934,4263846.665504934
4935,4263846.6710185595
4936,4263846.67030502
4937,4263846.675478679
4938,4263846.678768028
4939,4263846.674788544
4940,4263846.674279676
4941,4263846.682310637
4942,4263846.659443798
4943,4263846.675149323
4944,4263846.675058758
4945,4263846.672720143
4946,4263846.672359456
4947,4263846.675030838
4948,4263846.671159826
4949,4263846.675010106
4950,4263846.671688873
4951,4263846.67104826
4952,4263846.680671247
4953,4263846.681599498
4954,4263846.66381642
4955,4263846.665521459
4956,4263846.674873463
4957,4263846.678108946
4958,4263846.667745879
4959,4263846.672558145
4960,4263846.673009251
4961,4263846.672479753
4962,4263846.662708554
4963,4263846.667840166
4964,4263846.665604675
4965,4263846.679598753
4966,4263846.674452768
4967,4263846.669080909
4968,4263846.670239354
4969,4263846.682346841
4970,4263846.672247631
4971,4263846.665209044
4972,4263846.669231732
4973,4263846.676043155
4974,4263846.671187881
4975,4263846.672822725
4976,4263846.680145489
4977,4263846.672973249
4978,4263846.667711489
4979,4263846.677903838
4980,4263846.670000825
4981,4263846.664123174
4982,4263846.671002566
4983,4263846.664961932
4984,4263846.681511301
4985,4263846.668695604
4986,4263846.669659862
4987,4263846.669014646
4988,4263846.6730215335
4989,4263846.6677907985
4990,4263846.669801685
4991,4263846.6652754415
4992,4263846.6779868845
4993,4263846.679623856
4994,4263846.673845251
4995,4263846.664348744
4996,4263846.673691761
4997,4263846.661812455
4998,4263846.68049833
4999,4263846.674242549
5000,4263846.681608895
5001,4263846.67921451
5002,4263846.676332624
5003,4263846.669998789
5004,4263846.670856493
5005,4263846.679019303
5006,4263846.667479641
5007,4263846.681488001
5008,4263846.66069235
5009,4263846.669273117
5010,4263846.670107625
5011,4263846.66555386
5012,4263846.672104814
5013,4263846.681721825
5014,4263846.672541239
5015,4263846.667836494
5016,4263846.675180175
5017,4263846.67262444
5018,4263846.684575387
5019,4263846.664425325
5020,4263846.674083615
5021,4263846.671134373
5022,4263846.669821613
5023,4263846.667027613
5024,4263846.67650375
5025,4263846.6741791135
5026,4263846.670704808
5027,4263846.67212817
5028,4263846.6758302655
5029,4263846.670488795
5030,4263846.672964474
5031,4263846.681972659
5032,4263846.661853756
5033,4263846.678551571
5034,4263846.670752666
5035,4263846.678401966
5036,4263846.669307923
5037,4263846.671216372
5038,4263846.674516439
5039,4263846.672982863
5040,4263846.673868657
5041,4263846.675822425
5042,4263846.686863519
5043,4263846.663319282
5044,4263846.670394129
5045,4263846.671466811
5046,4263846.669847449
5047,4263846.6725590695
5048,4263846.672032519
5049,4263846.662548593
5050,4263846.684796753
5051,4263846.6727017285
5052,4263846.67637679
5053,4263846.678104591
5054,4263846.663671071
5055,4263846.661945153
5056,4263846.672778799
5057,4263846.67608492
5058,4263846.67575087
5059,4263846.674504304
5060,4263846.670842397
5061,4263846.672085493
5062,4263846.686504483
5063,4263846.6712843
5064,4263846.672631478
5065,4263846.671125351
5066,4263846.664949617
5067,4263846.667046169
5068,4263846.675566424
5069,4263846.676048239
5070,4263846.672117985
5071,4263846.67700349
5072,4263846.679083649
5073,4263846.677509899
5074,4263846.6707948875
5075,4263846.671701159
5076,4263846.663682013
5077,4263846.674179007
5078,4263846.669602056
5079,4263846.6678804895
5080,4263846.6703927405
5081,4263846.665115575
5082,4263846.670644272
5083,4263846.675142997
5084,4263846.672132885
5085,4263846.673786911
5086,4263846.672368824
5087,4263846.669239908
5088,4263846.671989156
5089,4263846.678502587
5090,4263846.664122857
5091,4263846.673057055
5092,4263846.665971223
5093,4263846.672000108
5094,4263846.679534619
5095,4263846.676826542
5096,4263846.67269764
5097,4263846.671647828
5098,4263846.661024491
5099,4263846.669823874
5100,4263846.673536299
5101,4263846.67257699
5102,4263846.671634012
5103,4263846.675593607
5104,4263846.666682016
5105,4263846.669101586
5106,4263846.675606638
5107,4263846.669795599
5108,4263846.677064674
5109,4263846.670538026
5110,4263846.667876927
5111,4263846.676900114
5112,4263846.667250107
5113,4263846.6692692
5114,4263846.671760126
5115,4263846.672965711
5116,4263846.672965711
5117,2946781.7145014904
5118,2946781.7145014945
5119,2946781.7145014945
5120,2946781.7145014936
5121,2946781.714501494
5122,2946781.714501491
5123,2946781.7145014917
5124,2946781.7145014917
5125,2946781.7145014927
5126,2946781.714501487
5127,2946781.71450149
5128,2946781.7106564436
5129,2946781.706956853
5130,2946781.72319473
5131,2946781.719658951
5132,2946781.7180322893
5133,2946781.713508856
5134,2946781.7142958427
5135,2946781.7145818505
5136,2946781.7063860726
5137,2946781.717165902
5138,2946781.7153300247
5139,2946781.71632752
5140,2946781.715218933
5141,2946781.7142457464
5142,2946781.715756813
5143,2946781.7053815196
5144,2946781.715901537
5145,2946781.711726579
5146,2946781.7127387566
5147,2946781.719989764
5148,2946781.71561121
5149,2946781.712738895
5150,2946781.716752861
5151,2946781.7166159
5152,2946781.7148109814
5153,2946781.717581449
5154,2946781.714962145
5155,2946781.721124877
5156,2946781.7149765715
5157,2946781.721277161
5158,2946781.71497798
5159,2946781.720276326
5160,2946781.7141600396
5161,2946781.7172638755
5162,2946781.7092703837
5163,2946781.715615771
5164,2946781.719875494
5165,2946781.709907049
5166,2946781.71190311
5167,2946781.717898274
5168,2946781.7205541413
5169,2946781.712265934
5170,2946781.716422838
5171,2946781.7144724084
5172,2946781.7123923837
5173,2946781.7156456616
5174,2946781.7170799794
5175,2946781.7136526396
5176,2946781.714539838
5177,2946781.711107325
5178,2946781.717259595
5179,2946781.7155761337
5180,2946781.7172957286
5181,2946781.7168028313
5182,2946781.7121861572
5183,2946781.7156093204
5184,2946781.71786023
5185,2946781.7139636083
5186,2946781.715052872
5187,2946781.716160039
5188,2946781.7201850414
5189,2946781.7177311997
5190,2946781.71655238
5191,2946781.716544442
5192,2946781.7158862925
5193,2946781.710116013
5194,2946781.7180017284
5195,2946781.7165024714
5196,2946781.716600125
5197,2946781.7186254235
5198,2946781.714372271
5199,2946781.715942834
5200,2946781.7158593205
5201,2946781.7122625103
5202,2946781.716147831
5203,2946781.7160373474
5204,2946781.7168872217
5205,2946781.70654089
5206,2946781.709820624
5207,2946781.7119629704
5208,2946781.718540115
5209,2946781.714439851
5210,2946781.7135297037
5211,2946781.7137271254
5212,2946781.715940243
5213,2946781.7182459664
5214,2946781.716416812
5215,2946781.7082722085
5216,2946781.71011722
5217,2946781.7105620815
5218,2946781.7170660016
5219,2946781.7156248125
5220,2946781.713462534
5221,2946781.71314593
5222,2946781.711727318
5223,2946781.7195110144
5224,2946781.7127141827
5225,2946781.7152952384
5226,2946781.7157253264
5227,2946781.7194467043
5228,2946781.7164901826
5229,2946781.707383745
5230,2946781.715222087
5231,2946781.716751714
5232,2946781.7172766007
5233,2946781.7190404744
5234,2946781.7102629854
5235,2946781.7174313157
5236,2946781.715415345
5237,2946781.7098481925
5238,2946781.715195506
5239,2946781.712673901
5240,2946781.7152855597
5241,2946781.723841661
5242,2946781.7165882806
5243,2946781.7160240784
5244,2946781.709725284
5245,2946781.717404611
5246,2946781.7116956376
5247,2946781.7161599156
5248,2946781.7150983866
5249,2946781.7205527974
5250,2946781.716480812
5251,2946781.713480006
5252,2946781.7173245875
5253,2946781.7145293113
5254,2946781.7171864943
5255,2946781.7165388535
5256,2946781.717632705
5257,2946781.7119793203
5258,2946781.714104449
5259,2946781.7113757757
5260,2946781.7126717735
5261,2946781.721408135
5262,2946781.711456441
5263,2946781.7148260423
5264,2946781.71124526
5265,2946781.710800893
5266,2946781.711726145
5267,2946781.7104895073
5268,2946781.710436286
5269,2946781.72078195
5270,2946781.7118373816
5271,2946781.721580438
5272,2946781.7146071065
5273,2946781.7132084514
5274,2946781.7111740117
5275,2946781.7151046083
5276,2946781.713777576
5277,2946781.712826254
5278,2946781.7152532847
5279,2946781.7164379302
5280,2946781.7122145128
5281,2946781.71414038
5282,2946781.7159083034
5283,2946781.7209814633
5284,2946781.7212647283
5285,2946781.709450159
5286,2946781.717585002
5287,2946781.716210949
5288,2946781.718970403
5289,2946781.712140596
5290,2946781.713672749
5291,2946781.7082589646
5292,2946781.7195156724
5293,2946781.713587907
5294,2946781.715383691
5295,2946781.706633232
5296,2946781.717565264
5297,2946781.715121751
5298,2946781.7158110677
5299,2946781.7117876327
5300,2946781.7135361647
5301,2946781.7114741816
5302,2946781.713969431
5303,2946781.7094242782
5304,2946781.7120793853
5305,2946781.7154304786
5306,2946781.7127808076
5307,2946781.7113555158
5308,2946781.710643054
5309,2946781.7167197345
5310,2946781.7161196973
5311,2946781.7057244764
5312,2946781.709726315
5313,2946781.7174972985
5314,2946781.719701865
5315,2946781.7140037934
5316,2946781.717364899
5317,2946781.714158678
5318,2946781.716867339
5319,2946781.714513256
5320,2946781.7127537406
5321,2946781.7154121934
5322,2946781.7131542964
5323,2946781.710756464
5324,2946781.7148107938
5325,2946781.71646264
5326,2946781.7122150483
5327,2946781.7182034226
5328,2946781.718251624
5329,2946781.7182317087
5330,2946781.7116372692
5331,2946781.71344459
5332,2946781.7104192646
5333,2946781.7136902963
5334,2946781.713638127
5335,2946781.7143005677
5336,2946781.71869384
5337,2946781.718890092
5338,2946781.7106215423
5339,2946781.711409176
5340,2946781.7110376433
5341,2946781.7170036263
5342,2946781.71094792
5343,2946781.713380699
5344,2946781.7102845917
5345,2946781.712401239
5346,2946781.7138371803
5347,2946781.7140880288
5348,2946781.716719719
5349,2946781.711214846
5350,2946781.7148997206
5351,2946781.7130961046
5352,2946781.7156796204
5353,2946781.7091200342
5354,2946781.712002354
5355,2946781.7147990093
5356,2946781.7102931403
5357,2946781.709111566
5358,2946781.7131884564
5359,2946781.7161469352
5360,2946781.7132045752
5361,2946781.7156982752
5362,2946781.712512446
5363,2946781.7121803015
5364,2946781.7108417978
5365,2946781.7123989393
5366,2946781.71677756
5367,2946781.7134948326
5368,2946781.7211057143
5369,2946781.712086127
5370,2946781.7171786265
5371,2946781.718562492
5372,2946781.72261176
5373,2946781.714602027
5374,2946781.7169433674
5375,2946781.7152009564
5376,2946781.7155404794
5377,2946781.715127503
5378,2946781.716855691
5379,2946781.7174174427
5380,2946781.715834387
5381,2946781.7134006266
5382,2946781.715059702
5383,2946781.704644393
5384,2946781.7140756263
5385,2946781.715188949
5386,2946781.7158244657
5387,2946781.7127280347
5388,2946781.712133303
5389,2946781.71538999
5390,2946781.711533819
5391,2946781.715471078
5392,2946781.713786822
5393,2946781.7112752777
5394,2946781.7151744924
5395,2946781.714268409
5396,2946781.7155800858
5397,2946781.7109472263
5398,2946781.711025161
5399,2946781.7123037786
5400,2946781.717510595
5401,2946781.713427113
5402,2946781.7211586502
5403,2946781.718681667
5404,2946781.714683448
5405,2946781.7170879855
5406,2946781.7147271642
5407,2946781.7138960105
5408,2946781.7193786097
5409,2946781.711797136
5410,2946781.71739431
5411,2946781.7169747753
5412,2946781.7131187883
5413,2946781.72065316
5414,2946781.719344957
5415,2946781.7111976263
5416,2946781.7134306007
5417,2946781.710664682
5418,2946781.712482878
5419,2946781.713148874
5420,2946781.716364959
5421,2946781.712755964
5422,2946781.7066832185
5423,2946781.714218564
5424,2946781.714623339
5425,2946781.7131448
5426,2946781.715517251
5427,2946781.712348218
5428,2946781.7121846415
5429,2946781.7120343647
5430,2946781.7111757025
5431,2946781.718930243
5432,2946781.7115358314
5433,2946781.7123328806
5434,2946781.7162849545
5435,2946781.7131603933
5436,2946781.7163123377
5437,2946781.7150243465
5438,2946781.707534309
5439,2946781.7158620115
5440,2946781.713892358
5441,2946781.719819654
5442,2946781.719483154
5443,2946781.716167597
5444,2946781.712748431
5445,2946781.7192982747
5446,2946781.7160183387
5447,2946781.712956276
5448,2946781.7174773365
5449,2946781.7147613005
5450,2946781.7195332497
5451,2946781.71717085
5452,2946781.71754301
5453,2946781.715338474
5454,2946781.711093188
5455,2946781.7123977677
5456,2946781.713724289
5457,2946781.7113502403
5458,2946781.7141413
5459,2946781.7118734517
5460,2946781.7159146946
5461,2946781.7209799797
5462,2946781.7147397622
5463,2946781.715407598
5464,2946781.714225483
5465,2946781.7188357897
5466,2946781.7203338994
5467,2946781.7139296285
5468,2946781.7151809563
5469,2946781.711855974
5470,2946781.7169953003
5471,2946781.712876098
5472,2946781.707037275
5473,2946781.708862219
5474,2946781.7091742684
5475,2946781.717060703
5476,2946781.7149064206
5477,2946781.715691206
5478,2946781.7161961216
5479,2946781.714194662
5480,2946781.7142536147
5481,2946781.716387544
5482,2946781.7120809313
5483,2946781.7115036026
5484,2946781.7119326675
5485,2946781.716110365
5486,2946781.719358453
5487,2946781.7158831432
5488,2946781.713276365
5489,2946781.715831259
5490,2946781.7215638435
5491,2946781.71890565
5492,2946781.712561197
5493,2946781.719737737
5494,2946781.714243821
5495,2946781.707947658
5496,2946781.7161094607
5497,2946781.704848366
5498,2946781.719835147
5499,2946781.71728176
5500,2946781.723496815
5501,2946781.7123568943
5502,2946781.717177054
5503,2946781.714441979
5504,2946781.72102451
5505,2946781.7166972295
5506,2946781.714820871
5507,2946781.7163083786
5508,2946781.7121186065
5509,2946781.7129523554
5510,2946781.710488228
5511,2946781.7143398677
5512,2946781.714958426
5513,2946781.722451373
5514,2946781.7139746253
5515,2946781.7137684934
5516,2946781.7160228565
5517,2946781.72024492
5518,2946781.714441459
5519,2946781.7136047883
5520,2946781.7158021675
5521,2946781.7146004695
5522,2946781.7152911527
5523,2946781.711702457
5524,2946781.708960999
5525,2946781.707984314
5526,2946781.715687749
5527,2946781.718789035
5528,2946781.715235394
5529,2946781.719080952
5530,2946781.7215099954
5531,2946781.71379409
5532,2946781.709477495
5533,2946781.7207897953
5534,2946781.7147794305
5535,2946781.71165938
5536,2946781.712715654
5537,2946781.7123233774
5538,2946781.7246385
5539,2946781.7045139023
5540,2946781.714880219
5541,2946781.7127231895
5542,2946781.7142216484
5543,2946781.713767157
5544,2946781.712374054
5545,2946781.709472033
5546,2946781.715919536
5547,2946781.7202922376
5548,2946781.720943096
5549,2946781.7210363
5550,2946781.7120311693
5551,2946781.7161830775
5552,2946781.712472614
5553,2946781.7144038565
5554,2946781.7142881583
5555,2946781.7179091284
5556,2946781.708732952
5557,2946781.724555348
5558,2946781.713558635
5559,2946781.711325168
5560,2946781.71068101
5561,2946781.71739156
5562,2946781.7172959587
5563,2946781.7139856555
5564,2946781.7205732483
5565,2946781.7123372424
5566,2946781.7091651894
5567,2946781.7184649315
5568,2946781.7205265807
5569,2946781.7146761674
5570,2946781.7105733277
5571,2946781.715338809
5572,2946781.716146805
5573,2946781.713669175
5574,2946781.713463791
5575,2946781.7174444627
5576,2946781.718367901
5577,2946781.719269312
5578,2946781.7237281664
5579,2946781.7159841936
5580,2946781.7147590052
5581,2946781.7099262527
5582,2946781.7221724847
5583,2946781.7169491462
5584,2946781.7135841725
5585,2946781.716409276
5586,2946781.7121565756
5587,2946781.712942459
5588,2946781.7130466253
5589,2946781.708158946
5590,2946781.7120108767
5591,2946781.717246041
5592,2946781.720145721
5593,2946781.7157603884
5594,2946781.7157008164
5595,2946781.7146343873
5596,2946781.713526011
5597,2946781.717458519
5598,2946781.717216109
5599,2946781.708084408
5600,2946781.718317594
5601,2946781.7100795647
5602,2946781.7044665255
5603,2946781.714252585
5604,2946781.716708952
5605,2946781.712757552
5606,2946781.714090323
5607,2946781.717858479
5608,2946781.7150433827
5609,2946781.719286411
5610,2946781.7100568344
5611,2946781.717904398
5612,2946781.7146316255
5613,2946781.7187714716
5614,2946781.713046022
5615,2946781.712704211
5616,2946781.715333046
5617,2946781.715105816
5618,2946781.7142449436
5619,2946781.7088674065
5620,2946781.718029548
5621,2946781.7120973747
5622,2946781.7094931854
5623,2946781.7159116496
5624,2946781.7212105445
5625,2946781.7135636145
5626,2946781.714264279
5627,2946781.7165485555
5628,2946781.710475465
5629,2946781.7135498486
5630,2946781.713171584
5631,2946781.7140006716
5632,2946781.7194507048
5633,2946781.7106300527
5634,2946781.710738298
5635,2946781.7202691594
5636,2946781.710065555
5637,2946781.7180278087
5638,2946781.7125368365
5639,2946781.7179758805
5640,2946781.710446543
5641,2946781.711936941
5642,2946781.7185779847
5643,2946781.7120403373
5644,2946781.717084213
5645,2946781.7166308938
5646,2946781.712552825
5647,2946781.707165854
5648,2946781.7131081694
5649,2946781.709461594
5650,2946781.711322312
5651,2946781.7118677124
5652,2946781.713142349
5653,2946781.712364649
5654,2946781.710942941
5655,2946781.710735153
5656,2946781.7158431625
5657,2946781.708832663
5658,2946781.7182064517
5659,2946781.714736033
5660,2946781.7111212593
5661,2946781.7105274824
5662,2946781.7118521044
5663,2946781.7130838167
5664,2946781.7169723553
5665,2946781.7086770777
5666,2946781.714404687
5667,2946781.715274209
5668,2946781.715078754
5669,2946781.7183269374
5670,2946781.7175751897
5671,2946781.7166715264
5672,2946781.7171546407
5673,2946781.710164679
5674,2946781.713234899
5675,2946781.714526826
5676,2946781.7152478495
5677,2946781.7145800274
5678,2946781.7143482417
5679,2946781.7114736405
5680,2946781.7135075154
5681,2946781.7138732052
5682,2946781.714226629
5683,2946781.7192346975
5684,2946781.723419756
5685,2946781.7074476015
5686,2946781.7096615937
5687,2946781.7179378243
5688,2946781.716053558
5689,2946781.7092143167
5690,2946781.7180773336
5691,2946781.713322456
5692,2946781.711561553
5693,2946781.7107842527
5694,2946781.711718247
5695,2946781.708646755
5696,2946781.7145449934
5697,2946781.7149959
5698,2946781.711106837
5699,2946781.713495814
5700,2946781.7189609506
5701,2946781.7143864003
5702,2946781.7130467263
5703,2946781.7153269826
5704,2946781.7141007497
5705,2946781.7102293046
5706,2946781.7185698776
5707,2946781.7188374
5708,2946781.7140614856
5709,2946781.7112671784
5710,2946781.7145046573
5711,2946781.7142214873
5712,2946781.709957111
5713,2946781.712389377
5714,2946781.7095945193
5715,2946781.723561985
5716,2946781.7139002075
5717,2946781.708972429
5718,2946781.713327209
5719,2946781.7192086214
5720,2946781.712968709
5721,2946781.7135347542
5722,2946781.7081181025
5723,2946781.7175052916
5724,2946781.715796428
5725,2946781.714162417
5726,2946781.7085726345
5727,2946781.712300064
5728,2946781.709990434
5729,2946781.7157863644
5730,2946781.717703059
5731,2946781.7173485593
5732,2946781.7179238256
5733,2946781.7158982093
5734,2946781.717837374
5735,2946781.7124095433
5736,2946781.7126826933
5737,2946781.711730284
5738,2946781.7153430344
5739,2946781.708998387
5740,2946781.7149233148
5741,2946781.713567939
5742,2946781.709199819
5743,2946781.714578767
5744,2946781.7240429693
5745,2946781.7112162933
5746,2946781.708261532
5747,2946781.7149380674
5748,2946781.715621077
5749,2946781.719879519
5750,2946781.7125759716
5751,2946781.7186309993
5752,2946781.71314381
5753,2946781.715165688
5754,2946781.711902198
5755,2946781.7174171484
5756,2946781.715418137
5757,2946781.712425383
5758,2946781.715183574
5759,2946781.717069674
5760,2946781.7099693054
5761,2946781.7138290415
5762,2946781.7146775853
5763,2946781.7103575645
5764,2946781.712002875
5765,2946781.7132174484
5766,2946781.7130999947
5767,2946781.713112194
5768,2946781.716248058
5769,2946781.714406092
5770,2946781.715822619
5771,2946781.7168240785
5772,2946781.715655645
5773,2946781.720431566
5774,2946781.7136941147
5775,2946781.7147366167
5776,2946781.712345073
5777,2946781.7112099733
5778,2946781.7129552322
5779,2946781.7125816704
5780,2946781.7110518366
5781,2946781.719750508
5782,2946781.7161775096
5783,2946781.715395627
5784,2946781.7158918516
5785,2946781.712518514
5786,2946781.7092071674
5787,2946781.714475017
5788,2946781.7167069195
5789,2946781.715756695
5790,2946781.7150277384
5791,2946781.712444493
5792,2946781.7140463204
5793,2946781.7201824626
5794,2946781.7176908725
5795,2946781.7123199757
5796,2946781.7146206694
5797,2946781.708642298
5798,2946781.7123534847
5799,2946781.7166038915
5800,2946781.716163287
5801,2946781.713985195
5802,2946781.718373079
5803,2946781.719272572
5804,2946781.71762599
5805,2946781.711923721
5806,2946781.7128448803
5807,2946781.7086861674
5808,2946781.7111724964
5809,2946781.714024107
5810,2946781.712237832
5811,2946781.7125742794
5812,2946781.710927044
5813,2946781.714059309
5814,2946781.71698134
5815,2946781.7144307075
5816,2946781.7152414937
5817,2946781.714208241
5818,2946781.712461773
5819,2946781.7130489186
5820,2946781.715754062
5821,2946781.7097983914
5822,2946781.7162938574
5823,2946781.7121052435
5824,2946781.718466712
5825,2946781.7136877053
5826,2946781.7172440654
5827,2946781.7179701547
5828,2946781.71257111
5829,2946781.7084943675
5830,2946781.713893046
5831,2946781.7150170836
5832,2946781.7144233175
5833,2946781.710562804
5834,2946781.7143525067
5835,2946781.708702762
5836,2946781.714311549
5837,2946781.7152730473
5838,2946781.715998953
5839,2946781.715412208
5840,2946781.712396764
5841,2946781.7105981256
5842,2946781.7182594463
5843,2946781.711832697
5844,2946781.711658803
5845,2946781.7134900205
5846,2946781.7145014904
5847,2946781.714501491
5848,1994357.2079567313
5849,1994357.2079567302
5850,1994357.2079567302
5851,1994357.2079567285
5852,1994357.2079567313
5853,1994357.2079567309
5854,1994357.2079567283
5855,1994357.2079567302
5856,1994357.207956728
5857,1994357.2079567327
5858,1994357.2079567309
5859,1994357.20681936
5860,1994357.2055659776
5861,1994357.2092653066
5862,1994357.2120891125
5863,1994357.2117449513
5864,1994357.206800461
5865,1994357.2062038989
5866,1994357.2065209057
5867,1994357.2082043085
5868,1994357.2049020396
5869,1994357.2072068357
5870,1994357.2051824345
5871,1994357.210741892
5872,1994357.207918106
5873,1994357.2057942522
5874,1994357.2057995247
5875,1994357.211466624
5876,1994357.2072025193
5877,1994357.2051257014
5878,1994357.2089007227
5879,1994357.2043121827
5880,1994357.2093051304
5881,1994357.2069924185
5882,1994357.2086296512
5883,1994357.204794397
5884,1994357.2094553749
5885,1994357.2082131812
5886,1994357.2112038615
5887,1994357.2076812908
5888,1994357.2102181036
5889,1994357.208097169
5890,1994357.210133353
5891,1994357.207911062
5892,1994357.209435991
5893,1994357.2061614455
5894,1994357.2073659548
5895,1994357.2115664382
5896,1994357.2091288096
5897,1994357.2052159905
5898,1994357.2068712285
5899,1994357.2069448682
5900,1994357.2088879235
5901,1994357.209925259
5902,1994357.2062386149
5903,1994357.2059166809
5904,1994357.2059314812
5905,1994357.2082823764
5906,1994357.2092286898
5907,1994357.2062102975
5908,1994357.206329244
5909,1994357.2075652564
5910,1994357.2076397652
5911,1994357.2072915016
5912,1994357.207666894
5913,1994357.2100606647
5914,1994357.2114021769
5915,1994357.2089109395
5916,1994357.209131846
5917,1994357.2056701886
5918,1994357.2063648421
5919,1994357.2095760885
5920,1994357.2108238037
5921,1994357.2107879226
5922,1994357.2086159873
5923,1994357.2094829446
5924,1994357.2083811623
5925,1994357.2104214258
5926,1994357.2084002832
5927,1994357.208420407
5928,1994357.2073875808
5929,1994357.2066202757
5930,1994357.2053122267
5931,1994357.2085665388
5932,1994357.2078391567
5933,1994357.2090842172
5934,1994357.2080906
5935,1994357.2091073357
5936,1994357.206747595
5937,1994357.207175611
5938,1994357.2062730114
5939,1994357.207918185
5940,1994357.2077234974
5941,1994357.205249179
5942,1994357.2045060487
5943,1994357.207012821
5944,1994357.2110338267
5945,1994357.2108237687
5946,1994357.2050661983
5947,1994357.2060413838
5948,1994357.2042665477
5949,1994357.2100926416
5950,1994357.2065839944
5951,1994357.2079833166
5952,1994357.207249169
5953,1994357.209544438
5954,1994357.2080854261
5955,1994357.2061593153
5956,1994357.2093771102
5957,1994357.2097491594
5958,1994357.210530073
5959,1994357.2063198187
5960,1994357.2049357812
5961,1994357.2089647457
5962,1994357.2049982294
5963,1994357.2099076519
5964,1994357.2090856463
5965,1994357.206221434
5966,1994357.2100790103
5967,1994357.2090047388
5968,1994357.2067547496
5969,1994357.2051699923
5970,1994357.2052511782
5971,1994357.2078687008
5972,1994357.208305323
5973,1994357.211310447
5974,1994357.2081003587
5975,1994357.2062646304
5976,1994357.2073263437
5977,1994357.2044784015
5978,1994357.2081353972
5979,1994357.2095326616
5980,1994357.2124828675
5981,1994357.2069489474
5982,1994357.2079579846
5983,1994357.2098778596
5984,1994357.206766006
5985,1994357.208174892
5986,1994357.2055542998
5987,1994357.2076456717
5988,1994357.2058708328
5989,1994357.2067429023
5990,1994357.2071096937
5991,1994357.2056473915
5992,1994357.2111314961
5993,1994357.2066293894
5994,1994357.2081908549
5995,1994357.204559819
5996,1994357.206418902
5997,1994357.2087930508
5998,1994357.2089850209
5999,1994357.2083459862
6000,1994357.2101094765
6001,1994357.206534272
6002,1994357.2116067782
6003,1994357.2078021448
6004,1994357.208591591
6005,1994357.2044828061
6006,1994357.209962844
6007,1994357.2076416544
6008,1994357.2042580266
6009,1994357.2058913598
6010,1994357.2090813613
6011,1994357.204773517
6012,1994357.2061141992
6013,1994357.2134873732
6014,1994357.2089979216
6015,1994357.2081154329
6016,1994357.206159014
6017,1994357.20909823
6018,1994357.2066627534
6019,1994357.205221358
6020,1994357.2086330769
6021,1994357.2052326412
6022,1994357.2058175677
6023,1994357.2118505244
6024,1994357.2109260883
6025,1994357.2070377504
6026,1994357.2060065728
6027,1994357.207819271
6028,1994357.207178806
6029,1994357.2095715832
6030,1994357.2071182465
6031,1994357.2080294827
6032,1994357.206273923
6033,1994357.206616737
6034,1994357.2077357
6035,1994357.2046401703
6036,1994357.2071707598
6037,1994357.204879591
6038,1994357.2052598074
6039,1994357.2099583156
6040,1994357.2107395574
6041,1994357.2081177274
6042,1994357.205863199
6043,1994357.20684395
6044,1994357.2089279215
6045,1994357.2082201887
6046,1994357.210172025
6047,1994357.2094208125
6048,1994357.2068986974
6049,1994357.2067169135
6050,1994357.2080131108
6051,1994357.2089390464
6052,1994357.2096606484
6053,1994357.2075915472
6054,1994357.20740879
6055,1994357.208883147
6056,1994357.2087446528
6057,1994357.2086134846
6058,1994357.2082027313
6059,1994357.2070379392
6060,1994357.2085336058
6061,1994357.2084511993
6062,1994357.2087437364
6063,1994357.2078634447
6064,1994357.2051575992
6065,1994357.2067405023
6066,1994357.2092631015
6067,1994357.2094133839
6068,1994357.2099345555
6069,1994357.204703939
6070,1994357.2049677079
6071,1994357.2031872233
6072,1994357.2089940347
6073,1994357.209019342
6074,1994357.2076431578
6075,1994357.2072437478
6076,1994357.2086126332
6077,1994357.208277229
6078,1994357.2080357128
6079,1994357.2101127582
6080,1994357.2085210092
6081,1994357.2078254544
6082,1994357.2063983616
6083,1994357.209215621
6084,1994357.2055164657
6085,1994357.2078551587
6086,1994357.21085709
6087,1994357.2074980144
6088,1994357.2038993295
6089,1994357.2081411853
6090,1994357.2095936807
6091,1994357.210713707
6092,1994357.20999756
6093,1994357.2054516654
6094,1994357.206598979
6095,1994357.2068183753
6096,1994357.2085008922
6097,1994357.210480536
6098,1994357.2076724526
6099,1994357.2097802903
6100,1994357.205853225
6101,1994357.2072833846
6102,1994357.2078781426
6103,1994357.2111928514
6104,1994357.208135329
6105,1994357.2068825995
6106,1994357.2082125149
6107,1994357.20875235
6108,1994357.2090176495
6109,1994357.2101240857
6110,1994357.205380104
6111,1994357.2083300499
6112,1994357.2104767647
6113,1994357.208425536
6114,1994357.203062779
6115,1994357.2095034241
6116,1994357.2065330914
6117,1994357.2064545495
6118,1994357.2117027086
6119,1994357.2108527967
6120,1994357.2088800666
6121,1994357.2061341782
6122,1994357.2076806438
6123,1994357.2087086912
6124,1994357.2064270175
6125,1994357.208077183
6126,1994357.208369397
6127,1994357.2089167852
6128,1994357.206028602
6129,1994357.208459474
6130,1994357.2044502327
6131,1994357.207446611
6132,1994357.2089597464
6133,1994357.2131529297
6134,1994357.2100078661
6135,1994357.2072255258
6136,1994357.2091048488
6137,1994357.2066436652
6138,1994357.2089252882
6139,1994357.207709904
6140,1994357.207049011
6141,1994357.2115417854
6142,1994357.2102979189
6143,1994357.2080514622
6144,1994357.2090316871
6145,1994357.2099600274
6146,1994357.2107652007
6147,1994357.207210509
6148,1994357.2038528197
6149,1994357.2055747672
6150,1994357.2040102612
6151,1994357.2068526014
6152,1994357.2080430784
6153,1994357.207251676
6154,1994357.206752944
6155,1994357.2106713383
6156,1994357.2083258799
6157,1994357.2095758398
6158,1994357.209367054
6159,1994357.2086298876
6160,1994357.2071103533
6161,1994357.2030382855
6162,1994357.2110122188
6163,1994357.2064891395
6164,1994357.2085117348
6165,1994357.209024904
6166,1994357.2035673498
6167,1994357.2094781052
6168,1994357.2100213226
6169,1994357.2082059619
6170,1994357.2079623172
6171,1994357.2079222288
6172,1994357.21189122
6173,1994357.2126205415
6174,1994357.2109895288
6175,1994357.2065687391
6176,1994357.2067740455
6177,1994357.2108892403
6178,1994357.2041693712
6179,1994357.2112011032
6180,1994357.205624714
6181,1994357.2094456733
6182,1994357.2083248626
6183,1994357.2059633972
6184,1994357.2069166838
6185,1994357.2075815918
6186,1994357.2084645175
6187,1994357.2079775068
6188,1994357.2083151203
6189,1994357.2061972034
6190,1994357.207901099
6191,1994357.21097277
6192,1994357.2122655637
6193,1994357.2067964328
6194,1994357.2070238586
6195,1994357.2043577707
6196,1994357.2100796667
6197,1994357.2119400727
6198,1994357.2071130476
6199,1994357.2042335237
6200,1994357.2069078847
6201,1994357.2080571689
6202,1994357.2056166988
6203,1994357.2044296511
6204,1994357.2085315972
6205,1994357.2062037305
6206,1994357.211599588
6207,1994357.210987347
6208,1994357.2060528367
6209,1994357.2087720016
6210,1994357.2076898278
6211,1994357.2075052946
6212,1994357.2100554216
6213,1994357.2092123677
6214,1994357.2070387579
6215,1994357.2088008742
6216,1994357.2067387397
6217,1994357.208389718
6218,1994357.2078675604
6219,1994357.2088394077
6220,1994357.2102669089
6221,1994357.2106863842
6222,1994357.2080034316
6223,1994357.2038261304
6224,1994357.2083479185
6225,1994357.2107013238
6226,1994357.2039335205
6227,1994357.2069930963
6228,1994357.2067666866
6229,1994357.208473039
6230,1994357.21068507
6231,1994357.210782872
6232,1994357.2074966566
6233,1994357.2106631692
6234,1994357.205333231
6235,1994357.2098720812
6236,1994357.210387199
6237,1994357.2085004454
6238,1994357.2092468957
6239,1994357.20858614
6240,1994357.2067038
6241,1994357.2081103357
6242,1994357.2073644302
6243,1994357.2055420564
6244,1994357.20617477
6245,1994357.2074009539
6246,1994357.2077414766
6247,1994357.2059760962
6248,1994357.2113325372
6249,1994357.2075880978
6250,1994357.2089903203
6251,1994357.2074087614
6252,1994357.205386499
6253,1994357.2077986395
6254,1994357.205752753
6255,1994357.206894367
6256,1994357.2061150714
6257,1994357.2104835187
6258,1994357.2075056748
6259,1994357.2090235977
6260,1994357.210636823
6261,1994357.2088804538
6262,1994357.2081985485
6263,1994357.205811473
6264,1994357.2109477257
6265,1994357.2071852314
6266,1994357.2082491533
6267,1994357.2077997306
6268,1994357.205852587
6269,1994357.211089558
6270,1994357.2071728606
6271,1994357.2081389208
6272,1994357.2057507425
6273,1994357.2111206756
6274,1994357.210532853
6275,1994357.2080946374
6276,1994357.2043865628
6277,1994357.2083079247
6278,1994357.2126499307
6279,1994357.2070069478
6280,1994357.2106366593
6281,1994357.205662938
6282,1994357.2072892047
6283,1994357.204240484
6284,1994357.2067978128
6285,1994357.2077831405
6286,1994357.2089273827
6287,1994357.2026473337
6288,1994357.209274411
6289,1994357.2121004327
6290,1994357.2052522053
6291,1994357.207570011
6292,1994357.2098588257
6293,1994357.2046568762
6294,1994357.2070834015
6295,1994357.2080891524
6296,1994357.2062608744
6297,1994357.2045342869
6298,1994357.2102923237
6299,1994357.2109392013
6300,1994357.2075590752
6301,1994357.2084168852
6302,1994357.2087008061
6303,1994357.2049214356
6304,1994357.2057454116
6305,1994357.2072171636
6306,1994357.2068979612
6307,1994357.2104822465
6308,1994357.2079352192
6309,1994357.2122267853
6310,1994357.2117152922
6311,1994357.208481506
6312,1994357.2059424035
6313,1994357.2121192452
6314,1994357.2085150268
6315,1994357.2050233628
6316,1994357.2073006385
6317,1994357.205843918
6318,1994357.2077875235
6319,1994357.2103988444
6320,1994357.207447211
6321,1994357.2096251666
6322,1994357.2102846561
6323,1994357.2086276468
6324,1994357.2109183886
6325,1994357.2096941147
6326,1994357.2075658354
6327,1994357.2068429173
6328,1994357.2096381648
6329,1994357.2081434103
6330,1994357.2067960608
6331,1994357.2086795208
6332,1994357.2041918598
6333,1994357.2094226398
6334,1994357.2067970105
6335,1994357.2116141124
6336,1994357.2069303894
6337,1994357.206879374
6338,1994357.2091744426
6339,1994357.207372818
6340,1994357.2097920945
6341,1994357.2070999998
6342,1994357.207380594
6343,1994357.2088371117
6344,1994357.2101251197
6345,1994357.2040786245
6346,1994357.2084198534
6347,1994357.2063035546
6348,1994357.207825708
6349,1994357.2081947296
6350,1994357.206037805
6351,1994357.208155383
6352,1994357.2114661809
6353,1994357.2081982505
6354,1994357.206390271
6355,1994357.2107174157
6356,1994357.2095004881
6357,1994357.2074750783
6358,1994357.2128415199
6359,1994357.2096826427
6360,1994357.2102009205
6361,1994357.2086751
6362,1994357.20657064
6363,1994357.2109039566
6364,1994357.2065649712
6365,1994357.2049400024
6366,1994357.2129500343
6367,1994357.2041051604
6368,1994357.2085663762
6369,1994357.211175228
6370,1994357.2064452565
6371,1994357.2066386868
6372,1994357.2089101777
6373,1994357.2116492935
6374,1994357.2038192754
6375,1994357.2121514454
6376,1994357.209825857
6377,1994357.209976275
6378,1994357.2043622877
6379,1994357.2100967998
6380,1994357.2066473681
6381,1994357.2067720047
6382,1994357.20976493
6383,1994357.2072856755
6384,1994357.2078910614
6385,1994357.208660839
6386,1994357.2041681623
6387,1994357.2103263051
6388,1994357.205915508
6389,1994357.2084482436
6390,1994357.2059327033
6391,1994357.2064609549
6392,1994357.2093124778
6393,1994357.2050512673
6394,1994357.2097669262
6395,1994357.209619213
6396,1994357.207256749
6397,1994357.2074314107
6398,1994357.2073084386
6399,1994357.208058021
6400,1994357.212525118
6401,1994357.2124546482
6402,1994357.209019411
6403,1994357.2056853198
6404,1994357.2066158766
6405,1994357.2052854646
6406,1994357.2089654193
6407,1994357.2065504626
6408,1994357.2053505208
6409,1994357.2071151813
6410,1994357.2059886893
6411,1994357.2083524466
6412,1994357.2055115262
6413,1994357.2063313178
6414,1994357.209111133
6415,1994357.214514595
6416,1994357.203144768
6417,1994357.2079483378
6418,1994357.2083386285
6419,1994357.206623931
6420,1994357.2076199749
6421,1994357.2126333895
6422,1994357.2062912656
6423,1994357.2095689953
6424,1994357.2096463593
6425,1994357.2094028757
6426,1994357.2070816807
6427,1994357.2084185972
6428,1994357.207690051
6429,1994357.2077650023
6430,1994357.211381799
6431,1994357.2073862036
6432,1994357.2089549114
6433,1994357.207565298
6434,1994357.2086949993
6435,1994357.2052300766
6436,1994357.201707335
6437,1994357.2094813208
6438,1994357.2096105628
6439,1994357.2070086377
6440,1994357.2065652069
6441,1994357.2090575008
6442,1994357.2104652855
6443,1994357.2075812297
6444,1994357.2081606127
6445,1994357.203837358
6446,1994357.212903712
6447,1994357.2050670884
6448,1994357.2027683659
6449,1994357.2080337368
6450,1994357.2063286942
6451,1994357.2119143407
6452,1994357.2072077857
6453,1994357.2063269503
6454,1994357.208334873
6455,1994357.209470788
6456,1994357.209274867
6457,1994357.2065714565
6458,1994357.2089724604
6459,1994357.2071938016
6460,1994357.2095432703
6461,1994357.2089449037
6462,1994357.2106973534
6463,1994357.2117007696
6464,1994357.2058061797
6465,1994357.2078078878
6466,1994357.2079702122
6467,1994357.2050840287
6468,1994357.20818445
6469,1994357.205310651
6470,1994357.2068450155
6471,1994357.2059230884
6472,1994357.2096120326
6473,1994357.2079895185
6474,1994357.2079022382
6475,1994357.2123680774
6476,1994357.2065333137
6477,1994357.203333805
6478,1994357.205963805
6479,1994357.2091213877
6480,1994357.210860105
6481,1994357.2107949902
6482,1994357.209312204
6483,1994357.2079911777
6484,1994357.2081771062
6485,1994357.2028593733
6486,1994357.2082484132
6487,1994357.2083410176
6488,1994357.205978081
6489,1994357.2089327665
6490,1994357.2076807683
6491,1994357.206320018
6492,1994357.211244364
6493,1994357.2098428998
6494,1994357.2080652183
6495,1994357.2074416706
6496,1994357.208976155
6497,1994357.2061479033
6498,1994357.2072204046
6499,1994357.2107803407
6500,1994357.2076016192
6501,1994357.2059860507
6502,1994357.2104412888
6503,1994357.206348575
6504,1994357.2116666064
6505,1994357.2081143328
6506,1994357.2113497749
6507,1994357.2076874066
6508,1994357.205261212
6509,1994357.2092648803
6510,1994357.2075559697
6511,1994357.2092063176
6512,1994357.2095832112
6513,1994357.2094958287
6514,1994357.2079851285
6515,1994357.210660169
6516,1994357.206723781
6517,1994357.2059889482
6518,1994357.2094782551
6519,1994357.2079942196
6520,1994357.2083097831
6521,1994357.207343874
6522,1994357.2071687314
6523,1994357.2036873223
6524,1994357.2075444115
6525,1994357.205739535
6526,1994357.2063310582
6527,1994357.2059614188
6528,1994357.206655927
6529,1994357.2071017537
6530,1994357.2095121911
6531,1994357.2084247964
6532,1994357.207311799
6533,1994357.2105235083
6534,1994357.2109870391
6535,1994357.20793173
6536,1994357.2066510809
6537,1994357.2095434917
6538,1994357.202173126
6539,1994357.207744323
6540,1994357.209073209
6541,1994357.210525839
6542,1994357.2058873095
6543,1994357.206306953
6544,1994357.207962128
6545,1994357.2054144926
6546,1994357.2087980914
6547,1994357.2079136756
6548,1994357.2075879518
6549,1994357.2081415828
6550,1994357.2077871007
6551,1994357.2070630507
6552,1994357.205526669
6553,1994357.2101702245
6554,1994357.2064830929
6555,1994357.2060180297
6556,1994357.2093270004
6557,1994357.209264026
6558,1994357.2092167023
6559,1994357.206184996
6560,1994357.2055554406
6561,1994357.2083717894
6562,1994357.2088959336
6563,1994357.2081103679
6564,1994357.2084979513
6565,1994357.2077961303
6566,1994357.2055828816
6567,1994357.2074513407
6568,1994357.2057157382
6569,1994357.2073340453
6570,1994357.2087162472
6571,1994357.207530363
6572,1994357.2063002929
6573,1994357.211871915
6574,1994357.2061232678
6575,1994357.2056673982
6576,1994357.2087278909
6577,1994357.20795673
6578,1994357.2079567316
6579,1386582.4585248614
6580,1386582.458524859
6581,1386582.4585248583
6582,1386582.4585248614
6583,1386582.45852486
6584,1386582.458524862
6585,1386582.458524862
6586,1386582.458524861
6587,1386582.458524861
6588,1386582.4585248607
6589,1386582.4585248611
6590,1386582.4593190097
6591,1386582.458944281
6592,1386582.458918835
6593,1386582.4597340333
6594,1386582.4624814906
6595,1386582.4580647324
6596,1386582.4559576279
6597,1386582.458347213
6598,1386582.4615997053
6599,1386582.4591161027
6600,1386582.4591822275
6601,1386582.4582714897
6602,1386582.4588734726
6603,1386582.4571603735
6604,1386582.4564115135
6605,1386582.458231936
6606,1386582.4602493285
6607,1386582.4579020427
6608,1386582.4553145613
6609,1386582.4602433054
6610,1386582.4578934915
6611,1386582.4569973142
6612,1386582.4589007734
6613,1386582.457453901
6614,1386582.4586608962
6615,1386582.458330848
6616,1386582.4578555806
6617,1386582.4573976244
6618,1386582.4575192877
6619,1386582.4598557975
6620,1386582.4598871232
6621,1386582.458903836
6622,1386582.4569663906
6623,1386582.4570669616
6624,1386582.4577874467
6625,1386582.4573589775
6626,1386582.464203968
6627,1386582.45817119
6628,1386582.4588105024
6629,1386582.457728043
6630,1386582.4584281049
6631,1386582.4588762955
6632,1386582.460538306
6633,1386582.4570267026
6634,1386582.457186001
6635,1386582.4580044972
6636,1386582.459028357
6637,1386582.4599154964
6638,1386582.4586211427
6639,1386582.4597471913
6640,1386582.4592204758
6641,1386582.461147112
6642,1386582.4588400987
6643,1386582.458516155
6644,1386582.4600368177
6645,1386582.4577360528
6646,1386582.4604647101
6647,1386582.4574737204
6648,1386582.4576248778
6649,1386582.4588122554
6650,1386582.45946519
6651,1386582.459676685
6652,1386582.462363798
6653,1386582.4590370185
6654,1386582.4606911535
6655,1386582.4548302458
6656,1386582.4587406742
6657,1386582.4586949202
6658,1386582.45895101
6659,1386582.4570280013
6660,1386582.4605182463
6661,1386582.4579932652
6662,1386582.457874292
6663,1386582.4592717288
6664,1386582.4596221205
6665,1386582.4585287273
6666,1386582.456998739
6667,1386582.459131226
6668,1386582.4598669028
6669,1386582.457221828
6670,1386582.4589631385
6671,1386582.458488555
6672,1386582.4578523254
6673,1386582.4578329439
6674,1386582.4585590384
6675,1386582.4588646044
6676,1386582.4593622552
6677,1386582.4566631024
6678,1386582.4566907112
6679,1386582.454693997
6680,1386582.4611921464
6681,1386582.4586770865
6682,1386582.4579459468
6683,1386582.4576194643
6684,1386582.458200377
6685,1386582.4628738528
6686,1386582.4542577644
6687,1386582.4578617006
6688,1386582.4573166037
6689,1386582.45938893
6690,1386582.4583654345
6691,1386582.4565194503
6692,1386582.4588105301
6693,1386582.4568994008
6694,1386582.4570282558
6695,1386582.4578501012
6696,1386582.459077445
6697,1386582.4614132787
6698,1386582.4605651665
6699,1386582.4583256454
6700,1386582.4587112695
6701,1386582.45672946
6702,1386582.4582089433
6703,1386582.457454306
6704,1386582.461229896
6705,1386582.458009661
6706,1386582.4596526125
6707,1386582.4562625082
6708,1386582.4582296526
6709,1386582.458750117
6710,1386582.46051888
6711,1386582.4600355122
6712,1386582.4569117094
6713,1386582.4589039884
6714,1386582.4594398362
6715,1386582.4552423367
6716,1386582.455239388
6717,1386582.458453173
6718,1386582.4585826534
6719,1386582.4570818779
6720,1386582.457590391
6721,1386582.457541432
6722,1386582.4592774257
6723,1386582.4597400958
6724,1386582.4573416754
6725,1386582.461227777
6726,1386582.4556726324
6727,1386582.4574773607
6728,1386582.4583635353
6729,1386582.459383371
6730,1386582.4611419728
6731,1386582.4619451654
6732,1386582.4560617288
6733,1386582.4582653542
6734,1386582.4576624096
6735,1386582.4565022897
6736,1386582.4581127954
6737,1386582.4596257247
6738,1386582.4580546098
6739,1386582.4591420614
6740,1386582.4574030503
6741,1386582.459626392
6742,1386582.4559943709
6743,1386582.457503061
6744,1386582.4607610689
6745,1386582.4609133226
6746,1386582.4579711843
6747,1386582.4593922328
6748,1386582.4575104476
6749,1386582.4579632906
6750,1386582.458118192
6751,1386582.4585049332
6752,1386582.4569944323
6753,1386582.455219448
6754,1386582.4583486062
6755,1386582.458928077
6756,1386582.4594660734
6757,1386582.4571982438
6758,1386582.457686436
6759,1386582.4592005746
6760,1386582.4600795144
6761,1386582.4582747421
6762,1386582.4570942596
6763,1386582.4590064923
6764,1386582.4591292369
6765,1386582.4563310628
6766,1386582.4562079916
6767,1386582.457418982
6768,1386582.4577049727
6769,1386582.4590990595
6770,1386582.459426897
6771,1386582.458688473
6772,1386582.4598758013
6773,1386582.4588674293
6774,1386582.460517723
6775,1386582.4593276903
6776,1386582.4561790032
6777,1386582.4572803616
6778,1386582.4581435288
6779,1386582.458697372
6780,1386582.459752517
6781,1386582.4577133995
6782,1386582.4604881383
6783,1386582.459645062
6784,1386582.4562013242
6785,1386582.4602082223
6786,1386582.460437168
6787,1386582.4612577346
6788,1386582.4611837966
6789,1386582.4578972934
6790,1386582.4551104777
6791,1386582.4584009082
6792,1386582.4594030706
6793,1386582.4608034706
6794,1386582.4593940566
6795,1386582.4560735119
6796,1386582.4565916324
6797,1386582.460319193
6798,1386582.4622206339
6799,1386582.4588907368
6800,1386582.4565638767
6801,1386582.456703936
6802,1386582.4556474243
6803,1386582.460102693
6804,1386582.4600140487
6805,1386582.4593730762
6806,1386582.455003581
6807,1386582.4575683856
6808,1386582.458367702
6809,1386582.458410537
6810,1386582.459023412
6811,1386582.4570284036
6812,1386582.458304636
6813,1386582.4566857212
6814,1386582.4615497738
6815,1386582.4570210977
6816,1386582.4578289432
6817,1386582.4605358425
6818,1386582.4545259718
6819,1386582.4569385143
6820,1386582.4573536564
6821,1386582.4616748043
6822,1386582.4575088033
6823,1386582.4585052908
6824,1386582.4575255446
6825,1386582.4554775753
6826,1386582.4573232501
6827,1386582.457765281
6828,1386582.459486265
6829,1386582.4578599366
6830,1386582.4588762778
6831,1386582.4576879384
6832,1386582.4593802537
6833,1386582.460415345
6834,1386582.4633019767
6835,1386582.458960582
6836,1386582.4574062163
6837,1386582.4568141534
6838,1386582.4591322835
6839,1386582.4603288462
6840,1386582.4615851727
6841,1386582.4594719086
6842,1386582.4584753443
6843,1386582.4600299562
6844,1386582.456777424
6845,1386582.4578106254
6846,1386582.4612727761
6847,1386582.4577876998
6848,1386582.4557560752
6849,1386582.4616958853
6850,1386582.4578960913
6851,1386582.4592966367
6852,1386582.4561113873
6853,1386582.4603414403
6854,1386582.4576684139
6855,1386582.4607249193
6856,1386582.4585993506
6857,1386582.4579431857
6858,1386582.4591350593
6859,1386582.4568744912
6860,1386582.4582567029
6861,1386582.4559640249
6862,1386582.4584070605
6863,1386582.45871354
6864,1386582.4604000272
6865,1386582.4576364495
6866,1386582.458737944
6867,1386582.4556121407
6868,1386582.460093401
6869,1386582.4579749594
6870,1386582.4602644783
6871,1386582.4586150239
6872,1386582.4590215
6873,1386582.4587914562
6874,1386582.4588778971
6875,1386582.4580134342
6876,1386582.460121602
6877,1386582.4603674035
6878,1386582.457873245
6879,1386582.4554153397
6880,1386582.4577436913
6881,1386582.455731562
6882,1386582.45857243
6883,1386582.4595029387
6884,1386582.4585992775
6885,1386582.457129637
6886,1386582.4591011205
6887,1386582.4573723536
6888,1386582.4606631398
6889,1386582.4590945512
6890,1386582.4604873988
6891,1386582.4585153954
6892,1386582.4568217176
6893,1386582.459676008
6894,1386582.4588072554
6895,1386582.4587143871
6896,1386582.4613920816
6897,1386582.4552301052
6898,1386582.458094442
6899,1386582.4580014136
6900,1386582.4572921295
6901,1386582.4580105797
6902,1386582.4580490773
6903,1386582.4592259165
6904,1386582.4617863286
6905,1386582.4589387407
6906,1386582.4593035453
6907,1386582.4599308374
6908,1386582.4591199604
6909,1386582.455963226
6910,1386582.458494933
6911,1386582.4560721843
6912,1386582.4616542493
6913,1386582.4578773775
6914,1386582.4561567572
6915,1386582.4587919607
6916,1386582.4593328703
6917,1386582.458558437
6918,1386582.4572704048
6919,1386582.4583584534
6920,1386582.459860128
6921,1386582.4567603956
6922,1386582.4604004913
6923,1386582.4621174699
6924,1386582.456233672
6925,1386582.4594358078
6926,1386582.4550985235
6927,1386582.4599410584
6928,1386582.4569148365
6929,1386582.4613710716
6930,1386582.4590448728
6931,1386582.4581540714
6932,1386582.4586686287
6933,1386582.458989321
6934,1386582.4578187652
6935,1386582.4611489878
6936,1386582.4585768532
6937,1386582.4603168028
6938,1386582.458423978
6939,1386582.457549391
6940,1386582.4582710606
6941,1386582.4596935718
6942,1386582.4616467876
6943,1386582.4586823068
6944,1386582.459184141
6945,1386582.4569594844
6946,1386582.4586631851
6947,1386582.4587790174
6948,1386582.458677507
6949,1386582.4574849315
6950,1386582.4589876048
6951,1386582.458700807
6952,1386582.4600652242
6953,1386582.4562227218
6954,1386582.45773891
6955,1386582.458414764
6956,1386582.4623864598
6957,1386582.4574285254
6958,1386582.4577932488
6959,1386582.4582398948
6960,1386582.4611845692
6961,1386582.458595255
6962,1386582.4599234278
6963,1386582.4591396523
6964,1386582.4585384673
6965,1386582.459640557
6966,1386582.4587634
6967,1386582.461150639
6968,1386582.4597752595
6969,1386582.4585827414
6970,1386582.4598363528
6971,1386582.4579398676
6972,1386582.4593466427
6973,1386582.4597827122
6974,1386582.457303485
6975,1386582.4575046676
6976,1386582.4598066073
6977,1386582.457638406
6978,1386582.4589614433
6979,1386582.4600451416
6980,1386582.458211108
6981,1386582.4591138216
6982,1386582.4588221204
6983,1386582.4571656045
6984,1386582.4587147837
6985,1386582.4573476478
6986,1386582.4591184454
6987,1386582.459047118
6988,1386582.458788487
6989,1386582.459200928
6990,1386582.461141162
6991,1386582.4602248017
6992,1386582.4605010687
6993,1386582.4567309993
6994,1386582.4569864164
6995,1386582.4595748035
6996,1386582.458751988
6997,1386582.4586834258
6998,1386582.4591876245
6999,1386582.4604575492
7000,1386582.4587318127
7001,1386582.4590904347
7002,1386582.4592339129
7003,1386582.455168302
7004,1386582.460490405
7005,1386582.4591961054
7006,1386582.4580053464
7007,1386582.457164852
7008,1386582.4579810803
7009,1386582.4624419617
7010,1386582.4577502268
7011,1386582.4600560172
7012,1386582.458598595
7013,1386582.4560032927
7014,1386582.4558862476
7015,1386582.4598360707
7016,1386582.459233128
7017,1386582.4594633987
7018,1386582.4569131006
7019,1386582.4576242056
7020,1386582.4600942377
7021,1386582.4573152119
7022,1386582.4569185602
7023,1386582.459107035
7024,1386582.4577600493
7025,1386582.4577264516
7026,1386582.4571941409
7027,1386582.457840726
7028,1386582.4585926952
7029,1386582.4594606748
7030,1386582.4585605236
7031,1386582.4583955866
7032,1386582.4580516047
7033,1386582.461391321
7034,1386582.4565138032
7035,1386582.4588643045
7036,1386582.4599475337
7037,1386582.4577631908
7038,1386582.4584889722
7039,1386582.459077025
7040,1386582.4602799185
7041,1386582.4600232078
7042,1386582.460179852
7043,1386582.4565935521
7044,1386582.4622316658
7045,1386582.460505418
7046,1386582.4558959738
7047,1386582.4569806126
7048,1386582.457634901
7049,1386582.4560037465
7050,1386582.459546179
7051,1386582.4572004538
7052,1386582.4608391372
7053,1386582.459150563
7054,1386582.4570173444
7055,1386582.4596585806
7056,1386582.460357454
7057,1386582.4591775166
7058,1386582.4576884161
7059,1386582.4594371046
7060,1386582.4577171744
7061,1386582.4593730106
7062,1386582.4582352797
7063,1386582.4584750019
7064,1386582.460748436
7065,1386582.4577304714
7066,1386582.4622398808
7067,1386582.4574631033
7068,1386582.4589634489
7069,1386582.4569255733
7070,1386582.460021424
7071,1386582.4596056556
7072,1386582.457411134
7073,1386582.456803509
7074,1386582.4584977538
7075,1386582.459249299
7076,1386582.4562786755
7077,1386582.460042961
7078,1386582.4578498641
7079,1386582.4611726447
7080,1386582.459723977
7081,1386582.4565458184
7082,1386582.4581658943
7083,1386582.459646457
7084,1386582.4584293768
7085,1386582.4567625446
7086,1386582.459142814
7087,1386582.4591153578
7088,1386582.4584853947
7089,1386582.4611908584
7090,1386582.4608818705
7091,1386582.4584034802
7092,1386582.4599047175
7093,1386582.4575420127
7094,1386582.4615242777
7095,1386582.4597907597
7096,1386582.458397485
7097,1386582.4621931715
7098,1386582.456238713
7099,1386582.4558883864
7100,1386582.4614770124
7101,1386582.457661399
7102,1386582.46093125
7103,1386582.4602298224
7104,1386582.4606808734
7105,1386582.457316127
7106,1386582.4607351476
7107,1386582.4580493774
7108,1386582.4607551417
7109,1386582.4550504242
7110,1386582.4577235284
7111,1386582.4592319592
7112,1386582.4564983046
7113,1386582.4601999088
7114,1386582.4616028236
7115,1386582.4597780523
7116,1386582.4603466657
7117,1386582.4574869333
7118,1386582.4612178535
7119,1386582.4588844148
7120,1386582.4575006247
7121,1386582.4585183316
7122,1386582.458930767
7123,1386582.4594450973
7124,1386582.4568557362
7125,1386582.458674421
7126,1386582.4601278557
7127,1386582.458173017
7128,1386582.457135403
7129,1386582.4599292907
7130,1386582.4574881957
7131,1386582.4598647906
7132,1386582.4614950838
7133,1386582.4573852932
7134,1386582.4562843577
7135,1386582.4596068147
7136,1386582.457085955
7137,1386582.4579726898
7138,1386582.4574748124
7139,1386582.4549961837
7140,1386582.4575494342
7141,1386582.4579668997
7142,1386582.4575884826
7143,1386582.4560720064
7144,1386582.457617972
7145,1386582.4586594922
7146,1386582.4605346322
7147,1386582.4578468208
7148,1386582.460558866
7149,1386582.4583255146
7150,1386582.4561895516
7151,1386582.458242609
7152,1386582.459878212
7153,1386582.4579209152
7154,1386582.458903926
7155,1386582.4582006857
7156,1386582.458189549
7157,1386582.4585659564
7158,1386582.4566813954
7159,1386582.4561636937
7160,1386582.4570278558
7161,1386582.4618973956
7162,1386582.4573018732
7163,1386582.4600050992
7164,1386582.4558474463
7165,1386582.4594188712
7166,1386582.4579397289
7167,1386582.4550511928
7168,1386582.4589045395
7169,1386582.4585007667
7170,1386582.4588122526
7171,1386582.4584380593
7172,1386582.4586915188
7173,1386582.4600107493
7174,1386582.4594565048
7175,1386582.4563110792
7176,1386582.4584640285
7177,1386582.4596213414
7178,1386582.4602439099
7179,1386582.4549023178
7180,1386582.4611311636
7181,1386582.457876829
7182,1386582.4592809835
7183,1386582.4589414115
7184,1386582.4593410275
7185,1386582.4571737403
7186,1386582.457658829
7187,1386582.4595128598
7188,1386582.4597196465
7189,1386582.4596192075
7190,1386582.4571342294
7191,1386582.4587769655
7192,1386582.4597804137
7193,1386582.4581182091
7194,1386582.4620209355
7195,1386582.4569663238
7196,1386582.4579022785
7197,1386582.4572608627
7198,1386582.4571425496
7199,1386582.4589763985
7200,1386582.4561277882
7201,1386582.4574022964
7202,1386582.4584135523
7203,1386582.4604626962
7204,1386582.4590766777
7205,1386582.4583419487
7206,1386582.4610931282
7207,1386582.457861083
7208,1386582.4553256293
7209,1386582.4567950075
7210,1386582.460618152
7211,1386582.4585654926
7212,1386582.4590834372
7213,1386582.4575205373
7214,1386582.456680375
7215,1386582.4571437216
7216,1386582.4586087246
7217,1386582.4578057884
7218,1386582.459004691
7219,1386582.4566365322
7220,1386582.4592334186
7221,1386582.456527651
7222,1386582.456868091
7223,1386582.4612684166
7224,1386582.4568034837
7225,1386582.4598750016
7226,1386582.4588569496
7227,1386582.4582770874
7228,1386582.4577348875
7229,1386582.459081639
7230,1386582.460219398
7231,1386582.4586619441
7232,1386582.4582110303
7233,1386582.4588340654
7234,1386582.4574393
7235,1386582.4595656171
7236,1386582.459282956
7237,1386582.460473641
7238,1386582.4589287692
7239,1386582.457779153
7240,1386582.4569943012
7241,1386582.4566111644
7242,1386582.4587132775
7243,1386582.459953407
7244,1386582.4595984654
7245,1386582.4582779733
7246,1386582.4567688354
7247,1386582.4589117358
7248,1386582.459668119
7249,1386582.4588420002
7250,1386582.4573616777
7251,1386582.4586087693
7252,1386582.4593482194
7253,1386582.4588613878
7254,1386582.4560755854
7255,1386582.457721713
7256,1386582.4584492948
7257,1386582.455857549
7258,1386582.4584898204
7259,1386582.4563362831
7260,1386582.4563441055
7261,1386582.4592439125
7262,1386582.4592195505
7263,1386582.4584420312
7264,1386582.459161794
7265,1386582.4609968336
7266,1386582.4584649664
7267,1386582.4560102096
7268,1386582.4608425424
7269,1386582.4562805344
7270,1386582.4563654112
7271,1386582.4594098104
7272,1386582.459406703
7273,1386582.4574366123
7274,1386582.4582625236
7275,1386582.4589860886
7276,1386582.4591474715
7277,1386582.4587097238
7278,1386582.4588326137
7279,1386582.458392875
7280,1386582.4585351166
7281,1386582.4578923504
7282,1386582.4575192484
7283,1386582.4575303858
7284,1386582.457312512
7285,1386582.4574678058
7286,1386582.4577135937
7287,1386582.4590671556
7288,1386582.457928741
7289,1386582.4578601937
7290,1386582.4570571177
7291,1386582.4572452893
7292,1386582.460199228
7293,1386582.4588022144
7294,1386582.4585073115
7295,1386582.458290186
7296,1386582.4558475455
7297,1386582.456971097
7298,1386582.4585951366
7299,1386582.4582674706
7300,1386582.460599954
7301,1386582.4586545778
7302,1386582.4588981462
7303,1386582.4592400908
7304,1386582.4598855092
7305,1386582.4577986116
7306,1386582.4574503077
7307,1386582.4581319839
7308,1386582.4585248614
7309,1386582.4585248604
7310,1054994.7158277354
7311,1054994.7158277354
7312,1054994.7158277344
7313,1054994.7158277365
7314,1054994.715827735
7315,1054994.7158277358
7316,1054994.7158277347
7317,1054994.7158277356
7318,1054994.715827735
7319,1054994.7158277344
7320,1054994.7158277356
7321,1054994.717969111
7322,1054994.716417763
7323,1054994.7183946592
7324,1054994.7155892372
7325,1054994.7151931007
7326,1054994.713458701
7327,1054994.7179745107
7328,1054994.7133740254
7329,1054994.7176999634
7330,1054994.7143686004
7331,1054994.7136356726
7332,1054994.7158310672
7333,1054994.7146825837
7334,1054994.7151246306
7335,1054994.7148203237
7336,1054994.7163324633
7337,1054994.7188384747
7338,1054994.7152893953
7339,1054994.7161565283
7340,1054994.7135098216
7341,1054994.713645624
7342,1054994.7180096533
7343,1054994.7148212008
7344,1054994.7155489693
7345,1054994.7147734668
7346,1054994.715576904
7347,1054994.7146256603
7348,1054994.7134444322
7349,1054994.7141464655
7350,1054994.7139838326
7351,1054994.7162855905
7352,1054994.7151222043
7353,1054994.7157186463
7354,1054994.715485797
7355,1054994.7167070115
7356,1054994.7149555169
7357,1054994.7128951568
7358,1054994.7168213343
7359,1054994.7147808264
7360,1054994.7176191157
7361,1054994.7166773535
7362,1054994.7156693253
7363,1054994.7170694075
7364,1054994.717203856
7365,1054994.7153156255
7366,1054994.713641215
7367,1054994.7163376708
7368,1054994.71591929
7369,1054994.7117317047
7370,1054994.7152139428
7371,1054994.7162822562
7372,1054994.711972554
7373,1054994.7142528673
7374,1054994.716972268
7375,1054994.715444411
7376,1054994.7174468345
7377,1054994.713665152
7378,1054994.7179037041
7379,1054994.7171048806
7380,1054994.7157672592
7381,1054994.7158806338
7382,1054994.7153796277
7383,1054994.71733261
7384,1054994.7172516456
7385,1054994.7109712884
7386,1054994.7188651732
7387,1054994.7179760248
7388,1054994.7164546854
7389,1054994.7158045506
7390,1054994.71466747
7391,1054994.7152653793
7392,1054994.7165868664
7393,1054994.715335255
7394,1054994.7152522858
7395,1054994.7157121734
7396,1054994.7148307315
7397,1054994.7139152624
7398,1054994.7170168203
7399,1054994.7152417502
7400,1054994.715699207
7401,1054994.7134197268
7402,1054994.714371403
7403,1054994.7146947335
7404,1054994.7137238267
7405,1054994.7149032957
7406,1054994.71508133
7407,1054994.715574453
7408,1054994.7159805093
7409,1054994.7169332057
7410,1054994.7150692006
7411,1054994.7150525537
7412,1054994.7153925176
7413,1054994.713555586
7414,1054994.7171965528
7415,1054994.7151647543
7416,1054994.7118251075
7417,1054994.717320241
7418,1054994.7176298723
7419,1054994.7175157228
7420,1054994.7129447153
7421,1054994.7172287204
7422,1054994.7170009408
7423,1054994.7178010172
7424,1054994.7166813933
7425,1054994.716041284
7426,1054994.716551139
7427,1054994.7163971546
7428,1054994.7139349992
7429,1054994.7147589375
7430,1054994.7180080928
7431,1054994.7132591123
7432,1054994.7133963506
7433,1054994.7151816671
7434,1054994.7143190464
7435,1054994.7149797964
7436,1054994.7143388987
7437,1054994.7174988233
7438,1054994.7137390445
7439,1054994.7161927712
7440,1054994.7151051436
7441,1054994.7158006115
7442,1054994.7173541249
7443,1054994.713990629
7444,1054994.7166391884
7445,1054994.715229976
7446,1054994.7164162463
7447,1054994.7180358584
7448,1054994.7152182523
7449,1054994.7162789777
7450,1054994.7173491463
7451,1054994.7196716506
7452,1054994.7147498415
7453,1054994.7148360438
7454,1054994.7179981635
7455,1054994.7167208958
7456,1054994.7183550352
7457,1054994.7165777883
7458,1054994.7167685446
7459,1054994.7162236318
7460,1054994.7160582168
7461,1054994.7161930443
7462,1054994.713743546
7463,1054994.713778782
7464,1054994.7168343207
7465,1054994.7175839494
7466,1054994.7143043333
7467,1054994.7157913956
7468,1054994.7149741137
7469,1054994.7158454817
7470,1054994.712236688
7471,1054994.716079733
7472,1054994.7154594907
7473,1054994.7167161372
7474,1054994.7156136585
7475,1054994.7156688243
7476,1054994.7139139546
7477,1054994.7143856834
7478,1054994.7135135191
7479,1054994.717063013
7480,1054994.7157862342
7481,1054994.7171554137
7482,1054994.7159254407
7483,1054994.7167933113
7484,1054994.7146312438
7485,1054994.7158873046
7486,1054994.716390809
7487,1054994.718469603
7488,1054994.7150387962
7489,1054994.715380545
7490,1054994.7151734757
7491,1054994.7174968391
7492,1054994.716361634
7493,1054994.715598753
7494,1054994.7144691467
7495,1054994.715536486
7496,1054994.714805388
7497,1054994.7149933877
7498,1054994.7151956556
7499,1054994.7144131132
7500,1054994.7139889626
7501,1054994.7159645276
7502,1054994.7161398188
7503,1054994.7152499363
7504,1054994.7192538488
7505,1054994.7160925125
7506,1054994.717535561
7507,1054994.715988158
7508,1054994.7168255646
7509,1054994.7164377295
7510,1054994.7167835152
7511,1054994.7168076858
7512,1054994.7176181725
7513,1054994.7174788502
7514,1054994.716760254
7515,1054994.7179027763
7516,1054994.7162454843
7517,1054994.7183906327
7518,1054994.7165238305
7519,1054994.7181772664
7520,1054994.7142095992
7521,1054994.7149104786
7522,1054994.7146446968
7523,1054994.7153486812
7524,1054994.7174358885
7525,1054994.7156681921
7526,1054994.7143098456
7527,1054994.717309329
7528,1054994.7152003641
7529,1054994.7171752225
7530,1054994.71545904
7531,1054994.7152054831
7532,1054994.7181313885
7533,1054994.7136557556
7534,1054994.7141350075
7535,1054994.717796218
7536,1054994.7144897454
7537,1054994.7162208534
7538,1054994.718335868
7539,1054994.7163977167
7540,1054994.7164516486
7541,1054994.7154522534
7542,1054994.718695558
7543,1054994.715520704
7544,1054994.7159672715
7545,1054994.7153262114
7546,1054994.7159137158
7547,1054994.7161558955
7548,1054994.7151966589
7549,1054994.7162616584
7550,1054994.715923718
7551,1054994.7168769802
7552,1054994.7157764111
7553,1054994.7169485057
7554,1054994.7186909579
7555,1054994.7155143423
7556,1054994.716024258
7557,1054994.7153502891
7558,1054994.7136685802
7559,1054994.7178137589
7560,1054994.7172192202
7561,1054994.715882816
7562,1054994.7178862053
7563,1054994.7148979725
7564,1054994.7156108213
7565,1054994.7136293165
7566,1054994.717023537
7567,1054994.7110047983
7568,1054994.713004089
7569,1054994.7163755423
7570,1054994.7155312973
7571,1054994.7168689019
7572,1054994.7153544575
7573,1054994.714190498
7574,1054994.7187964788
7575,1054994.714649542
7576,1054994.7167322347
7577,1054994.7133129316
7578,1054994.7156569452
7579,1054994.7153405517
7580,1054994.7154608693
7581,1054994.7150091287
7582,1054994.7140859603
7583,1054994.7161127795
7584,1054994.714731544
7585,1054994.7161069443
7586,1054994.7162162364
7587,1054994.7165333086
7588,1054994.715914155
7589,1054994.7159099567
7590,1054994.715834345
7591,1054994.7161265188
7592,1054994.7137157288
7593,1054994.7150721871
7594,1054994.716092032
7595,1054994.7138622554
7596,1054994.714349332
7597,1054994.717608176
7598,1054994.7121200385
7599,1054994.716723277
7600,1054994.7143146216
7601,1054994.7149652706
7602,1054994.7178627667
7603,1054994.7153272522
7604,1054994.7176350178
7605,1054994.7162157348
7606,1054994.7132422933
7607,1054994.7136666558
7608,1054994.7180366581
7609,1054994.7148899583
7610,1054994.7159301417
7611,1054994.7169737131
7612,1054994.715446377
7613,1054994.7131451243
7614,1054994.713283244
7615,1054994.718250146
7616,1054994.7163116555
7617,1054994.717197755
7618,1054994.7160769554
7619,1054994.7156325188
7620,1054994.7130346259
7621,1054994.7175594924
7622,1054994.715646885
7623,1054994.7152129216
7624,1054994.7161374975
7625,1054994.7146381824
7626,1054994.7140280695
7627,1054994.7160328114
7628,1054994.7141944703
7629,1054994.7171408497
7630,1054994.7158719345
7631,1054994.7174415605
7632,1054994.7158784065
7633,1054994.7160756239
7634,1054994.7163437437
7635,1054994.7158336476
7636,1054994.7145569231
7637,1054994.71951924
7638,1054994.7170776136
7639,1054994.7148631471
7640,1054994.7165518997
7641,1054994.7131078874
7642,1054994.7185257988
7643,1054994.7133783107
7644,1054994.714941872
7645,1054994.714386758
7646,1054994.714979211
7647,1054994.7144299517
7648,1054994.7181798073
7649,1054994.714660409
7650,1054994.7162242355
7651,1054994.7151340826
7652,1054994.716335448
7653,1054994.716852229
7654,1054994.7156763312
7655,1054994.715160691
7656,1054994.717159872
7657,1054994.7164550782
7658,1054994.7159190893
7659,1054994.7159082051
7660,1054994.7163054587
7661,1054994.715544012
7662,1054994.7151140224
7663,1054994.7152209838
7664,1054994.7150844904
7665,1054994.7153679354
7666,1054994.7186928228
7667,1054994.7175410574
7668,1054994.715680351
7669,1054994.7136158173
7670,1054994.7170273042
7671,1054994.7126054242
7672,1054994.715797089
7673,1054994.7145718082
7674,1054994.7151559282
7675,1054994.7155597326
7676,1054994.7145132998
7677,1054994.7165104449
7678,1054994.714717981
7679,1054994.712875646
7680,1054994.7173397983
7681,1054994.7146450768
7682,1054994.7141890838
7683,1054994.7170763377
7684,1054994.7162406787
7685,1054994.714575357
7686,1054994.7166627317
7687,1054994.7175032133
7688,1054994.7170417455
7689,1054994.7156585334
7690,1054994.7164687281
7691,1054994.7144368822
7692,1054994.7127822826
7693,1054994.7126588267
7694,1054994.7158314981
7695,1054994.7139315684
7696,1054994.7168079095
7697,1054994.7172526566
7698,1054994.7158661599
7699,1054994.7179327114
7700,1054994.7177700787
7701,1054994.7143963296
7702,1054994.7173625866
7703,1054994.7167223978
7704,1054994.7136784021
7705,1054994.714800214
7706,1054994.714892952
7707,1054994.7160810442
7708,1054994.7149391682
7709,1054994.716070119
7710,1054994.7174235622
7711,1054994.714773014
7712,1054994.715626961
7713,1054994.717224612
7714,1054994.7147638353
7715,1054994.7151301012
7716,1054994.7154637352
7717,1054994.7144049327
7718,1054994.7176253167
7719,1054994.7129591063
7720,1054994.7154186305
7721,1054994.715416323
7722,1054994.7145770872
7723,1054994.7160570952
7724,1054994.7158384153
7725,1054994.7162631757
7726,1054994.7143642334
7727,1054994.717737328
7728,1054994.7166056628
7729,1054994.716143326
7730,1054994.7174763912
7731,1054994.7135225453
7732,1054994.7168573248
7733,1054994.7170791042
7734,1054994.7177620193
7735,1054994.7158812452
7736,1054994.7172659046
7737,1054994.7125543118
7738,1054994.7157983799
7739,1054994.7171006042
7740,1054994.7156980676
7741,1054994.7143416845
7742,1054994.7147236317
7743,1054994.7164955288
7744,1054994.7155264316
7745,1054994.717008846
7746,1054994.7159556083
7747,1054994.715645587
7748,1054994.7151081217
7749,1054994.7178112858
7750,1054994.7144973823
7751,1054994.7155982181
7752,1054994.7144372845
7753,1054994.7152086382
7754,1054994.715043676
7755,1054994.7153302256
7756,1054994.7152776162
7757,1054994.712900259
7758,1054994.717906332
7759,1054994.7171949951
7760,1054994.7160930831
7761,1054994.716007531
7762,1054994.7154686048
7763,1054994.7174500413
7764,1054994.7132220143
7765,1054994.715544782
7766,1054994.714964629
7767,1054994.716757379
7768,1054994.7159432203
7769,1054994.7148374845
7770,1054994.7160748313
7771,1054994.7161197818
7772,1054994.7146819509
7773,1054994.7148554146
7774,1054994.7151733423
7775,1054994.7166669974
7776,1054994.7159251752
7777,1054994.7153357817
7778,1054994.7152031346
7779,1054994.716518065
7780,1054994.7160456008
7781,1054994.7168706683
7782,1054994.7156698443
7783,1054994.71592545
7784,1054994.7145787005
7785,1054994.7170175072
7786,1054994.7188086326
7787,1054994.715791622
7788,1054994.7123382217
7789,1054994.7167405752
7790,1054994.7157553742
7791,1054994.7168368823
7792,1054994.7166348235
7793,1054994.7182083682
7794,1054994.7165850413
7795,1054994.7183231562
7796,1054994.7134979288
7797,1054994.717062961
7798,1054994.715982248
7799,1054994.7145882468
7800,1054994.7166222672
7801,1054994.7191264285
7802,1054994.7145923818
7803,1054994.716497295
7804,1054994.7146466176
7805,1054994.715715361
7806,1054994.7137901972
7807,1054994.7156280007
7808,1054994.7159287673
7809,1054994.7159250323
7810,1054994.7159147582
7811,1054994.7150296564
7812,1054994.7165168386
7813,1054994.7167573837
7814,1054994.715153781
7815,1054994.717418359
7816,1054994.715882574
7817,1054994.7136090724
7818,1054994.716078201
7819,1054994.7153490726
7820,1054994.7146619572
7821,1054994.717876684
7822,1054994.7150927782
7823,1054994.716715462
7824,1054994.7180932313
7825,1054994.7168914063
7826,1054994.7157873514
7827,1054994.7131151727
7828,1054994.716611048
7829,1054994.7184111588
7830,1054994.7142900513
7831,1054994.7181221729
7832,1054994.7170270365
7833,1054994.7180449765
7834,1054994.7158004178
7835,1054994.7161581414
7836,1054994.7170010365
7837,1054994.7141476362
7838,1054994.7191520196
7839,1054994.7154830904
7840,1054994.7154369955
7841,1054994.715902627
7842,1054994.7156860316
7843,1054994.7157686243
7844,1054994.7167738955
7845,1054994.7185050042
7846,1054994.714479592
7847,1054994.7171204872
7848,1054994.7146475122
7849,1054994.7166090112
7850,1054994.7169509954
7851,1054994.7152627965
7852,1054994.7175845117
7853,1054994.7154328057
7854,1054994.7175991463
7855,1054994.7156713523
7856,1054994.7156019618
7857,1054994.7166488157
7858,1054994.714978674
7859,1054994.7150787693
7860,1054994.7145642287
7861,1054994.715367932
7862,1054994.716434217
7863,1054994.7165842406
7864,1054994.7145854188
7865,1054994.714255643
7866,1054994.7152229347
7867,1054994.7184758845
7868,1054994.7152742231
7869,1054994.7170868127
7870,1054994.7159623376
7871,1054994.7149436078
7872,1054994.7156025001
7873,1054994.7157191264
7874,1054994.713912647
7875,1054994.714839117
7876,1054994.716230259
7877,1054994.7142593865
7878,1054994.7160231245
7879,1054994.7179603854
7880,1054994.717066974
7881,1054994.7131289567
7882,1054994.7181997488
7883,1054994.718097507
7884,1054994.7157046855
7885,1054994.7159208679
7886,1054994.7150929687
7887,1054994.7163984552
7888,1054994.7137851196
7889,1054994.7143635883
7890,1054994.715966619
7891,1054994.7150963754
7892,1054994.7171566216
7893,1054994.7140969983
7894,1054994.7160184071
7895,1054994.7162414675
7896,1054994.7165722703
7897,1054994.7189350754
7898,1054994.7162546269
7899,1054994.7160187478
7900,1054994.7172242587
7901,1054994.715397215
7902,1054994.7154866713
7903,1054994.7140815726
7904,1054994.7163127249
7905,1054994.7162130547
7906,1054994.7168552114
7907,1054994.7156302691
7908,1054994.716468241
7909,1054994.7156421852
7910,1054994.714144015
7911,1054994.7167766546
7912,1054994.7165741636
7913,1054994.7160786048
7914,1054994.717166023
7915,1054994.7173967862
7916,1054994.7151699576
7917,1054994.7157052536
7918,1054994.7143898257
7919,1054994.7162872523
7920,1054994.717326683
7921,1054994.7162536173
7922,1054994.716826308
7923,1054994.717877619
7924,1054994.716469974
7925,1054994.7170505133
7926,1054994.7182533636
7927,1054994.7159920912
7928,1054994.713922306
7929,1054994.7169692274
7930,1054994.7158785928
7931,1054994.7166835126
7932,1054994.7179247425
7933,1054994.7166729926
7934,1054994.7155847503
7935,1054994.71678725
7936,1054994.716434669
7937,1054994.717096148
7938,1054994.7164172558
7939,1054994.7145023437
7940,1054994.714802218
7941,1054994.7155271221
7942,1054994.716751625
7943,1054994.7165803646
7944,1054994.7149238745
7945,1054994.7156842037
7946,1054994.7170473116
7947,1054994.7159767835
7948,1054994.7156051884
7949,1054994.716598467
7950,1054994.7163400734
7951,1054994.7145736718
7952,1054994.715070529
7953,1054994.716262028
7954,1054994.7175493771
7955,1054994.7163914419
7956,1054994.7156018002
7957,1054994.715073661
7958,1054994.7145899022
7959,1054994.7158088088
7960,1054994.7175319027
7961,1054994.7158529833
7962,1054994.7158287494
7963,1054994.7154675398
7964,1054994.716725024
7965,1054994.716213027
7966,1054994.7182481703
7967,1054994.7151349485
7968,1054994.7163981234
7969,1054994.7163225582
7970,1054994.714591691
7971,1054994.7162089725
7972,1054994.7144333795
7973,1054994.7168220754
7974,1054994.7179751035
7975,1054994.714881143
7976,1054994.71562403
7977,1054994.714661794
7978,1054994.715049609
7979,1054994.717250642
7980,1054994.7164559874
7981,1054994.7149573849
7982,1054994.7157560403
7983,1054994.7140952656
7984,1054994.7134738832
7985,1054994.7147090198
7986,1054994.7169272904
7987,1054994.7147323012
7988,1054994.7141184874
7989,1054994.7170848397
7990,1054994.7137512225
7991,1054994.7166911424
7992,1054994.7152819992
7993,1054994.7169667508
7994,1054994.715885232
7995,1054994.7159941369
7996,1054994.7156741314
7997,1054994.7151758645
7998,1054994.7145165643
7999,1054994.7172203632
8000,1054994.715817867
8001,1054994.7184818883
8002,1054994.7175781792
8003,1054994.7158243584
8004,1054994.7149015223
8005,1054994.7136772824
8006,1054994.7166093355
8007,1054994.7155267128
8008,1054994.7156423642
8009,1054994.7157879416
8010,1054994.7157440854
8011,1054994.717116332
8012,1054994.715888099
8013,1054994.7141485543
8014,1054994.715329484
8015,1054994.7169948895
8016,1054994.7137627953
8017,1054994.7149691766
8018,1054994.7163762136
8019,1054994.7154914401
8020,1054994.7149193517
8021,1054994.715736041
8022,1054994.7158287368
8023,1054994.7168549818
8024,1054994.7158269042
8025,1054994.7160346073
8026,1054994.7161903812
8027,1054994.7158219875
8028,1054994.7160966562
8029,1054994.7170508737
8030,1054994.7160175864
8031,1054994.7133657217
8032,1054994.7140331012
8033,1054994.7178987733
8034,1054994.7159469496
8035,1054994.715854903
8036,1054994.7158752498
8037,1054994.7158188103
8038,1054994.7151061823
8039,1054994.7158277351
8040,1054994.715827735
8041,836313.8870628846
8042,836313.887062884
8043,836313.887062884
8044,836313.8870628827
8045,836313.8870628839
8046,836313.8870628849
8047,836313.8870628843
8048,836313.8870628844
8049,836313.8870628842
8050,836313.8870628844
8051,836313.887062884
8052,836313.8869661456
8053,836313.8861084528
8054,836313.8879591202
8055,836313.8874763227
8056,836313.8866198006
8057,836313.8858906234
8058,836313.8876248664
8059,836313.8868444134
8060,836313.8878633636
8061,836313.8885698457
8062,836313.888072005
8063,836313.885913331
8064,836313.8868869975
8065,836313.8853757947
8066,836313.8869314371
8067,836313.8868416846
8068,836313.887701141
8069,836313.8871311402
8070,836313.8881288447
8071,836313.8868170767
8072,836313.8850081774
8073,836313.8858701733
8074,836313.8870491091
8075,836313.8865707058
8076,836313.8879664275
8077,836313.8862726474
8078,836313.8874200945
8079,836313.886675294
8080,836313.8853757933
8081,836313.8858038331
8082,836313.8875273892
8083,836313.8869741039
8084,836313.8874788283
8085,836313.8866553209
8086,836313.8856347137
8087,836313.8876439848
8088,836313.8882477091
8089,836313.8867807633
8090,836313.8874581066
8091,836313.8877967304
8092,836313.8865392498
8093,836313.8872424362
8094,836313.887406687
8095,836313.887600533
8096,836313.8873375808
8097,836313.8866893072
8098,836313.8858195512
8099,836313.8851954745
8100,836313.8867445155
8101,836313.8874089394
8102,836313.8874505055
8103,836313.8881680933
8104,836313.8875647462
8105,836313.886651932
8106,836313.8858295239
8107,836313.8859547059
8108,836313.8863909049
8109,836313.8864491266
8110,836313.8876653452
8111,836313.887666469
8112,836313.8865781026
8113,836313.8872125961
8114,836313.887344448
8115,836313.8871420025
8116,836313.8861097853
8117,836313.8860445875
8118,836313.8855812269
8119,836313.8874131109
8120,836313.8866594046
8121,836313.8873336263
8122,836313.8886531215
8123,836313.8869052578
8124,836313.887348047
8125,836313.8866892738
8126,836313.8864840766
8127,836313.887606698
8128,836313.8864641534
8129,836313.8864227898
8130,836313.8870308963
8131,836313.8870884081
8132,836313.8873417259
8133,836313.8875166741
8134,836313.8870551661
8135,836313.8868293582
8136,836313.8876407697
8137,836313.8865416391
8138,836313.8871337231
8139,836313.8886330985
8140,836313.8866651535
8141,836313.887800463
8142,836313.8882354366
8143,836313.8870376818
8144,836313.8870097069
8145,836313.8879620512
8146,836313.8870263044
8147,836313.8882558506
8148,836313.8862378274
8149,836313.888890095
8150,836313.8873860332
8151,836313.8857991695
8152,836313.8877199016
8153,836313.8871466295
8154,836313.8876957013
8155,836313.8863990714
8156,836313.8860586417
8157,836313.8878401353
8158,836313.8865226016
8159,836313.886467373
8160,836313.8870322575
8161,836313.8885540268
8162,836313.886965719
8163,836313.8869434943
8164,836313.887267832
8165,836313.886456252
8166,836313.8867228649
8167,836313.8863610678
8168,836313.8878985944
8169,836313.8865985743
8170,836313.8869795763
8171,836313.8874137908
8172,836313.8866056899
8173,836313.8865254812
8174,836313.886551554
8175,836313.886139067
8176,836313.886272196
8177,836313.8851598074
8178,836313.8853100617
8179,836313.8871021206
8180,836313.887304346
8181,836313.8879806363
8182,836313.8874419861
8183,836313.8869950168
8184,836313.8888256239
8185,836313.8862629842
8186,836313.8875912369
8187,836313.8867488923
8188,836313.8874399055
8189,836313.8876569484
8190,836313.8879160276
8191,836313.8866348442
8192,836313.8875685541
8193,836313.8873702914
8194,836313.8850533913
8195,836313.8895167707
8196,836313.8872969153
8197,836313.8856053652
8198,836313.8876000864
8199,836313.8883660906
8200,836313.8870177747
8201,836313.8869590269
8202,836313.8859117434
8203,836313.8870591954
8204,836313.8871680755
8205,836313.8867053656
8206,836313.8886737184
8207,836313.8875567255
8208,836313.8859739024
8209,836313.8866311451
8210,836313.887106653
8211,836313.8868741961
8212,836313.8867598105
8213,836313.8879478205
8214,836313.8865084059
8215,836313.8865977821
8216,836313.8864817667
8217,836313.8877317094
8218,836313.8876627956
8219,836313.8877117739
8220,836313.8854735303
8221,836313.8886856681
8222,836313.8863222477
8223,836313.8881973892
8224,836313.8873874391
8225,836313.8854498608
8226,836313.8878055782
8227,836313.8861555989
8228,836313.8849079225
8229,836313.8867052043
8230,836313.8866884236
8231,836313.8884659776
8232,836313.8867848656
8233,836313.8875348784
8234,836313.888272188
8235,836313.8892986837
8236,836313.887239169
8237,836313.8876955152
8238,836313.8881458087
8239,836313.8871454818
8240,836313.8875555305
8241,836313.8870687574
8242,836313.886625651
8243,836313.8877141292
8244,836313.8886044007
8245,836313.8883764626
8246,836313.8866813923
8247,836313.8875722517
8248,836313.8877949449
8249,836313.8873836203
8250,836313.8897651477
8251,836313.8866134385
8252,836313.8858753697
8253,836313.8865325503
8254,836313.886811438
8255,836313.8872172167
8256,836313.8865565723
8257,836313.8861932324
8258,836313.8871275255
8259,836313.8872577461
8260,836313.887100722
8261,836313.8865692576
8262,836313.8878678859
8263,836313.8872635297
8264,836313.887476689
8265,836313.886956496
8266,836313.8872995565
8267,836313.8869424415
8268,836313.8880656937
8269,836313.8877405256
8270,836313.8875876764
8271,836313.8869091792
8272,836313.8878888797
8273,836313.8884638584
8274,836313.886746818
8275,836313.8868251444
8276,836313.8870707258
8277,836313.8877859567
8278,836313.8872726827
8279,836313.8867196671
8280,836313.8861769341
8281,836313.8870318652
8282,836313.8876895935
8283,836313.8888804195
8284,836313.8856201579
8285,836313.8878242485
8286,836313.8878902807
8287,836313.8855364927
8288,836313.8883540262
8289,836313.8849470132
8290,836313.886326243
8291,836313.8863275279
8292,836313.8864922973
8293,836313.8866739847
8294,836313.8870343299
8295,836313.8883112138
8296,836313.8866362238
8297,836313.8863023488
8298,836313.8860924992
8299,836313.8861037405
8300,836313.8879971287
8301,836313.886644052
8302,836313.8883550838
8303,836313.887260242
8304,836313.8867279666
8305,836313.8875920066
8306,836313.8878003912
8307,836313.8870570696
8308,836313.8871931939
8309,836313.8868531204
8310,836313.8870265061
8311,836313.8871944855
8312,836313.8862872126
8313,836313.8866516389
8314,836313.8870930354
8315,836313.8871251082
8316,836313.8861372456
8317,836313.888790302
8318,836313.8876429055
8319,836313.8862676248
8320,836313.8867572291
8321,836313.8873832257
8322,836313.8861702783
8323,836313.8876654452
8324,836313.8871661248
8325,836313.8873385369
8326,836313.8863254439
8327,836313.886851273
8328,836313.8878463283
8329,836313.886863027
8330,836313.887311751
8331,836313.8854341885
8332,836313.8872094078
8333,836313.8867211213
8334,836313.8877469532
8335,836313.8880740885
8336,836313.888365723
8337,836313.8863255482
8338,836313.8870175855
8339,836313.8873841485
8340,836313.8874356642
8341,836313.8861726683
8342,836313.8880248086
8343,836313.8865685301
8344,836313.8866085433
8345,836313.8870092056
8346,836313.8886097813
8347,836313.8876190349
8348,836313.8872804579
8349,836313.8872483044
8350,836313.8864155726
8351,836313.8871739006
8352,836313.8885776676
8353,836313.8873788001
8354,836313.8866620737
8355,836313.8872393188
8356,836313.8879793469
8357,836313.8870501519
8358,836313.8882314637
8359,836313.8847575585
8360,836313.8872355361
8361,836313.8880243027
8362,836313.8867928057
8363,836313.8871785077
8364,836313.8860556828
8365,836313.8865593512
8366,836313.8873749758
8367,836313.8869961072
8368,836313.8882038407
8369,836313.8875829886
8370,836313.8873187181
8371,836313.8870719527
8372,836313.8864517774
8373,836313.8882557423
8374,836313.887314493
8375,836313.8881342637
8376,836313.8852235182
8377,836313.8865935093
8378,836313.8868291738
8379,836313.8874250684
8380,836313.8873239519
8381,836313.8857872091
8382,836313.8881635579
8383,836313.8884269799
8384,836313.8872007726
8385,836313.8871503182
8386,836313.8857308845
8387,836313.8874505538
8388,836313.8883121551
8389,836313.8860337916
8390,836313.8858825152
8391,836313.8874238154
8392,836313.8862010711
8393,836313.8871198394
8394,836313.8875246111
8395,836313.8874594884
8396,836313.8873498464
8397,836313.8881793084
8398,836313.8873099069
8399,836313.8877601809
8400,836313.8847387562
8401,836313.887163354
8402,836313.8842155993
8403,836313.8886638167
8404,836313.885426343
8405,836313.8874170799
8406,836313.8875734123
8407,836313.8877103337
8408,836313.8860655859
8409,836313.8872912172
8410,836313.8866861002
8411,836313.8864362501
8412,836313.8862349234
8413,836313.8866131308
8414,836313.8876578448
8415,836313.8862697295
8416,836313.8860938153
8417,836313.8876662396
8418,836313.8870903414
8419,836313.8864695946
8420,836313.8869394639
8421,836313.8891263754
8422,836313.8856145112
8423,836313.8864843522
8424,836313.8869518137
8425,836313.8877240318
8426,836313.8870172116
8427,836313.8874044908
8428,836313.888411087
8429,836313.8869127563
8430,836313.8885770339
8431,836313.88754936
8432,836313.8865306231
8433,836313.8871149984
8434,836313.8885710593
8435,836313.8871337597
8436,836313.8861692568
8437,836313.8855163907
8438,836313.8873502839
8439,836313.8849404291
8440,836313.8875294584
8441,836313.8877301692
8442,836313.886886256
8443,836313.8865426751
8444,836313.8874821203
8445,836313.885515275
8446,836313.8870749248
8447,836313.8858898848
8448,836313.8879501325
8449,836313.8879136123
8450,836313.8870552804
8451,836313.8862632139
8452,836313.8855987632
8453,836313.8869599607
8454,836313.8869570775
8455,836313.8863666494
8456,836313.8873817686
8457,836313.8866774782
8458,836313.8879148682
8459,836313.8877774834
8460,836313.8881696693
8461,836313.8874041059
8462,836313.8861635801
8463,836313.8880719561
8464,836313.8861510362
8465,836313.8863335819
8466,836313.8874300693
8467,836313.8878006863
8468,836313.8865060058
8469,836313.8873458144
8470,836313.8857201058
8471,836313.8877668486
8472,836313.8862077759
8473,836313.8857632217
8474,836313.8849265988
8475,836313.8888611746
8476,836313.8876280171
8477,836313.888441198
8478,836313.8865040492
8479,836313.8859196994
8480,836313.8867003738
8481,836313.8861107394
8482,836313.887136614
8483,836313.8878073145
8484,836313.8880672781
8485,836313.8869617045
8486,836313.8879012692
8487,836313.8890006944
8488,836313.884537318
8489,836313.8877560067
8490,836313.8874821367
8491,836313.8887556675
8492,836313.887198311
8493,836313.8865233741
8494,836313.8876418902
8495,836313.8873230609
8496,836313.8866265791
8497,836313.885674596
8498,836313.8873850434
8499,836313.8868296475
8500,836313.886187469
8501,836313.8861114912
8502,836313.8866845502
8503,836313.8882694836
8504,836313.8857211544
8505,836313.8863641294
8506,836313.8865499864
8507,836313.8867790059
8508,836313.8872569322
8509,836313.8872323172
8510,836313.887387045
8511,836313.8870077368
8512,836313.8879612572
8513,836313.8869599713
8514,836313.8870218471
8515,836313.8881420892
8516,836313.8873189033
8517,836313.8870111342
8518,836313.8876743834
8519,836313.8861032411
8520,836313.8872440732
8521,836313.8862382997
8522,836313.8868654866
8523,836313.8875658961
8524,836313.8875379558
8525,836313.8870057724
8526,836313.8878641807
8527,836313.8865970504
8528,836313.8875929005
8529,836313.887173245
8530,836313.8851463576
8531,836313.8882076502
8532,836313.8882901759
8533,836313.8862226524
8534,836313.8867204763
8535,836313.8879270492
8536,836313.8863072471
8537,836313.8868680785
8538,836313.8858473037
8539,836313.8883151757
8540,836313.8856393604
8541,836313.8865410276
8542,836313.8855604997
8543,836313.886780463
8544,836313.8876805198
8545,836313.8863272122
8546,836313.8866847367
8547,836313.887434349
8548,836313.8867924664
8549,836313.8866313496
8550,836313.8869892913
8551,836313.8870046758
8552,836313.8879405402
8553,836313.8877921475
8554,836313.887672237
8555,836313.8872971511
8556,836313.8860667542
8557,836313.8876447009
8558,836313.8860901707
8559,836313.8865348304
8560,836313.8871794204
8561,836313.886730313
8562,836313.8883074842
8563,836313.8891405531
8564,836313.8890439692
8565,836313.8871842977
8566,836313.8870982523
8567,836313.8878678017
8568,836313.8875233491
8569,836313.8885408603
8570,836313.8878524436
8571,836313.8887071027
8572,836313.8881497883
8573,836313.8879224507
8574,836313.8866659104
8575,836313.8875162526
8576,836313.8878291737
8577,836313.888205477
8578,836313.88729604
8579,836313.886457351
8580,836313.8871822999
8581,836313.8867093519
8582,836313.8876050888
8583,836313.886561838
8584,836313.8884682845
8585,836313.8879337651
8586,836313.887651071
8587,836313.8881983566
8588,836313.8863190073
8589,836313.8858535027
8590,836313.8873609517
8591,836313.8872969616
8592,836313.8866224803
8593,836313.888186137
8594,836313.8885650976
8595,836313.8860906195
8596,836313.8866460447
8597,836313.8868961628
8598,836313.8865994987
8599,836313.8851384538
8600,836313.8879071276
8601,836313.8860369208
8602,836313.8861331317
8603,836313.8871080732
8604,836313.8863284725
8605,836313.886010218
8606,836313.8875948496
8607,836313.8858717858
8608,836313.8873875884
8609,836313.8875095301
8610,836313.8876811619
8611,836313.8874161893
8612,836313.8872238847
8613,836313.8873863491
8614,836313.8879742409
8615,836313.8864389615
8616,836313.8856419998
8617,836313.8877714564
8618,836313.8866908737
8619,836313.8859711073
8620,836313.88605446
8621,836313.8866640866
8622,836313.8864256464
8623,836313.8883785158
8624,836313.8862200176
8625,836313.8873979897
8626,836313.8876289785
8627,836313.8875389668
8628,836313.8877368018
8629,836313.8878830308
8630,836313.8865503939
8631,836313.8876282624
8632,836313.8868767896
8633,836313.8878180145
8634,836313.8864778115
8635,836313.8869757586
8636,836313.8869538361
8637,836313.8871155364
8638,836313.8888080223
8639,836313.8866804041
8640,836313.8879902032
8641,836313.8858065736
8642,836313.8867689691
8643,836313.8882384181
8644,836313.8876018333
8645,836313.8869234085
8646,836313.8884942193
8647,836313.8867983844
8648,836313.8870230417
8649,836313.8860349568
8650,836313.8885846304
8651,836313.8867719775
8652,836313.8878171036
8653,836313.8862275088
8654,836313.8889010756
8655,836313.8867570228
8656,836313.8875752462
8657,836313.885493122
8658,836313.8882991977
8659,836313.8872128279
8660,836313.8870422273
8661,836313.8869415083
8662,836313.886893861
8663,836313.8873387515
8664,836313.8876461874
8665,836313.8869636874
8666,836313.8868499803
8667,836313.8877734157
8668,836313.886509504
8669,836313.8882214479
8670,836313.8864308321
8671,836313.886463282
8672,836313.8873209236
8673,836313.8878607979
8674,836313.8880906283
8675,836313.8869181626
8676,836313.8857278143
8677,836313.8876770214
8678,836313.8880649804
8679,836313.8858725643
8680,836313.8873444955
8681,836313.8869747202
8682,836313.8869026812
8683,836313.8867819908
8684,836313.8869163623
8685,836313.8881672363
8686,836313.8854143205
8687,836313.8874663238
8688,836313.8855648388
8689,836313.8880366582
8690,836313.887413543
8691,836313.8879769695
8692,836313.887751447
8693,836313.8862324785
8694,836313.887296099
8695,836313.8874699083
8696,836313.8867271605
8697,836313.8863798942
8698,836313.8867095255
8699,836313.8871824541
8700,836313.8871203787
8701,836313.885451186
8702,836313.8866977001
8703,836313.8872526215
8704,836313.8882917254
8705,836313.8877694735
8706,836313.8876851276
8707,836313.8874026393
8708,836313.8864661355
8709,836313.8862108722
8710,836313.888116265
8711,836313.8860829367
8712,836313.8849552795
8713,836313.8869334898
8714,836313.8871525002
8715,836313.8864490745
8716,836313.8868031668
8717,836313.8863599779
8718,836313.8878225579
8719,836313.885837193
8720,836313.886731211
8721,836313.8863541213
8722,836313.8868352228
8723,836313.8873138317
8724,836313.8871271987
8725,836313.8870278182
8726,836313.8874934759
8727,836313.8868160937
8728,836313.8864274537
8729,836313.8865778202
8730,836313.8866669892
8731,836313.8862276749
8732,836313.8892086421
8733,836313.8872499135
8734,836313.8876501773
8735,836313.8860212732
8736,836313.8873563819
8737,836313.8867556829
8738,836313.8877493818
8739,836313.886210878
8740,836313.8872390388
8741,836313.8869957059
8742,836313.8861492584
8743,836313.8873423622
8744,836313.8869168821
8745,836313.8878516126
8746,836313.8877787588
8747,836313.8869142861
8748,836313.8878580007
8749,836313.887363888
8750,836313.8860831158
8751,836313.8860668308
8752,836313.886654511
8753,836313.887203914
8754,836313.8878113271
8755,836313.8870329395
8756,836313.8871053124
8757,836313.8864446031
8758,836313.886030274
8759,836313.886005508
8760,836313.8874981075
8761,836313.8874167299
8762,836313.8851972577
8763,836313.8864075075
8764,836313.8874806253
8765,836313.8875308051
8766,836313.8874378494
8767,836313.8871055731
8768,836313.8871142295
8769,836313.8866714219
8770,836313.8870628852
8771,836313.8870628849
8772,699326.213112088
8773,699326.2131120879
8774,699326.2131120887
8775,699326.213112088
8776,699326.2131120891
8777,699326.2131120885
8778,699326.2131120877
8779,699326.2131120885
8780,699326.2131120884
8781,699326.2131120879
8782,699326.2131120876
8783,699326.2131914124
8784,699326.2127464967
8785,699326.2133196674
8786,699326.2136345316
8787,699326.213163285
8788,699326.2123975011
8789,699326.2139716961
8790,699326.2135087359
8791,699326.2132571129
8792,699326.213813162
8793,699326.2138180023
8794,699326.2124973222
8795,699326.2129221178
8796,699326.2124117076
8797,699326.2124918816
8798,699326.2133863411
8799,699326.2134337793
8800,699326.2135003866
8801,699326.2138623317
8802,699326.2126142394
8803,699326.2119048977
8804,699326.2126185867
8805,699326.213289374
8806,699326.2129751396
8807,699326.2134034438
8808,699326.2127367181
8809,699326.2135056123
8810,699326.2127296947
8811,699326.2126710712
8812,699326.2124093552
8813,699326.2130148818
8814,699326.2127671406
8815,699326.2131182652
8816,699326.2129608949
8817,699326.2126615569
8818,699326.2138824684
8819,699326.2132391194
8820,699326.2127469789
8821,699326.2140792884
8822,699326.213161587
8823,699326.2124216271
8824,699326.2134177863
8825,699326.2132156139
8826,699326.2129607936
8827,699326.213458095
8828,699326.2127992627
8829,699326.212484676
8830,699326.2113523898
8831,699326.2126992886
8832,699326.213350837
8833,699326.213312027
8834,699326.2131666074
8835,699326.2132179942
8836,699326.2137758819
8837,699326.2126002045
8838,699326.2123634699
8839,699326.2122291973
8840,699326.2122232248
8841,699326.2127180322
8842,699326.2134612475
8843,699326.2129301319
8844,699326.2131178004
8845,699326.2130171409
8846,699326.2135726867
8847,699326.2133650933
8848,699326.2127557922
8849,699326.2119749552
8850,699326.2122013537
8851,699326.2133828938
8852,699326.2130433788
8853,699326.2139169849
8854,699326.2128091446
8855,699326.2132106599
8856,699326.2127425903
8857,699326.2128234344
8858,699326.2132255948
8859,699326.2125339292
8860,699326.2125481392
8861,699326.2129645142
8862,699326.2134864776
8863,699326.2127054259
8864,699326.2130872951
8865,699326.2131482298
8866,699326.2130463138
8867,699326.2137288568
8868,699326.2128877606
8869,699326.213273639
8870,699326.2141721979
8871,699326.2127659428
8872,699326.2132266007
8873,699326.2140267598
8874,699326.2132924926
8875,699326.2127146639
8876,699326.214078453
8877,699326.2133261309
8878,699326.2134097606
8879,699326.2124339691
8880,699326.2144117648
8881,699326.2136833634
8882,699326.2130682706
8883,699326.2132975893
8884,699326.2134338573
8885,699326.2127367624
8886,699326.2132043119
8887,699326.2124651807
8888,699326.2140250634
8889,699326.2121246607
8890,699326.2128035403
8891,699326.2130046552
8892,699326.2149928353
8893,699326.2126725605
8894,699326.2127260035
8895,699326.2135420921
8896,699326.2133409941
8897,699326.212425561
8898,699326.2129321
8899,699326.213978828
8900,699326.2124540174
8901,699326.2126486555
8902,699326.213222312
8903,699326.2128074634
8904,699326.2133849391
8905,699326.2135224784
8906,699326.212362661
8907,699326.2129343828
8908,699326.2119662956
8909,699326.2122034383
8910,699326.213713135
8911,699326.212505297
8912,699326.2132937752
8913,699326.2128374563
8914,699326.2129688456
8915,699326.2148431608
8916,699326.2123408405
8917,699326.2132567461
8918,699326.2127638365
8919,699326.2132986074
8920,699326.2133271456
8921,699326.2138795403
8922,699326.2124706291
8923,699326.2130330163
8924,699326.2134403029
8925,699326.2122942433
8926,699326.2148101211
8927,699326.2132155742
8928,699326.2125045713
8929,699326.2132512549
8930,699326.213889547
8931,699326.2121738042
8932,699326.2127853428
8933,699326.2129737511
8934,699326.2133148772
8935,699326.2133130757
8936,699326.2125416991
8937,699326.214155803
8938,699326.2130651178
8939,699326.212719437
8940,699326.2124488472
8941,699326.2132996907
8942,699326.2127577846
8943,699326.2122923296
8944,699326.2138454405
8945,699326.2121908936
8946,699326.2127375143
8947,699326.2134638755
8948,699326.2132806445
8949,699326.2122921016
8950,699326.2135335637
8951,699326.2122076685
8952,699326.2140105352
8953,699326.212791742
8954,699326.2138480304
8955,699326.2137239546
8956,699326.2118314304
8957,699326.2136100846
8958,699326.2127192039
8959,699326.2120795171
8960,699326.2130536824
8961,699326.213085686
8962,699326.2137509156
8963,699326.2134083542
8964,699326.2128425438
8965,699326.2137447542
8966,699326.2147520669
8967,699326.2120588142
8968,699326.2134406787
8969,699326.21389907
8970,699326.2136261237
8971,699326.2135845947
8972,699326.212879506
8973,699326.212944085
8974,699326.2132542699
8975,699326.2140840489
8976,699326.2138002068
8977,699326.2125101349
8978,699326.2131446754
8979,699326.2131437284
8980,699326.2136194047
8981,699326.214841422
8982,699326.2128775474
8983,699326.2127567732
8984,699326.213032232
8985,699326.213162818
8986,699326.2130503426
8987,699326.2126036629
8988,699326.2120683783
8989,699326.2133389113
8990,699326.2137865789
8991,699326.2130261617
8992,699326.212893251
8993,699326.2130594688
8994,699326.2132069814
8995,699326.2134817381
8996,699326.2124762918
8997,699326.2130749334
8998,699326.212691485
8999,699326.2143977064
9000,699326.2132620016
9001,699326.2138145176
9002,699326.2130876335
9003,699326.2129517241
9004,699326.2131896628
9005,699326.2127244696
9006,699326.2132797352
9007,699326.2132139282
9008,699326.2137337137
9009,699326.2134347662
9010,699326.2130539854
9011,699326.2130607574
9012,699326.2133459469
9013,699326.2130356871
9014,699326.2137838883
9015,699326.2124254784
9016,699326.2138293302
9017,699326.2137365848
9018,699326.2126149825
9019,699326.2138422702
9020,699326.2115462068
9021,699326.2124024921
9022,699326.212164389
9023,699326.2131757113
9024,699326.2133508334
9025,699326.2130600521
9026,699326.2136002601
9027,699326.2136222939
9028,699326.2125579452
9029,699326.2118477855
9030,699326.2129769023
9031,699326.2144825386
9032,699326.2129482223
9033,699326.2136604943
9034,699326.2125304758
9035,699326.2125094425
9036,699326.2128199261
9037,699326.214075804
9038,699326.2124070202
9039,699326.2135034075
9040,699326.2137091609
9041,699326.2134540015
9042,699326.2130398193
9043,699326.2129911478
9044,699326.213238648
9045,699326.2128099535
9046,699326.213129329
9047,699326.2126171198
9048,699326.2130317067
9049,699326.2136594031
9050,699326.212601189
9051,699326.2123033719
9052,699326.2134273676
9053,699326.2116513078
9054,699326.2136898064
9055,699326.2127511826
9056,699326.2133347342
9057,699326.211904651
9058,699326.2135040382
9059,699326.2130071097
9060,699326.2130105228
9061,699326.2132728455
9062,699326.2116494791
9063,699326.2134714826
9064,699326.2126790123
9065,699326.2145813268
9066,699326.2134118953
9067,699326.2139926766
9068,699326.2125899723
9069,699326.2128140826
9070,699326.213257531
9071,699326.2129050978
9072,699326.2133551942
9073,699326.2124320732
9074,699326.212805828
9075,699326.2126326847
9076,699326.2132046347
9077,699326.2145347178
9078,699326.2142091829
9079,699326.2129579717
9080,699326.2134753665
9081,699326.2133282473
9082,699326.2135400899
9083,699326.2130524472
9084,699326.2132486611
9085,699326.2129840032
9086,699326.2134189135
9087,699326.2132581421
9088,699326.2135125746
9089,699326.2134782723
9090,699326.2120877709
9091,699326.2137212064
9092,699326.2131108694
9093,699326.2134327916
9094,699326.2132340745
9095,699326.2127043302
9096,699326.2128741479
9097,699326.2130321227
9098,699326.2129490293
9099,699326.214624667
9100,699326.21318523
9101,699326.214406344
9102,699326.2128837733
9103,699326.2128285891
9104,699326.2139097161
9105,699326.2132254483
9106,699326.2138244043
9107,699326.2116022751
9108,699326.2128135215
9109,699326.2132541464
9110,699326.2129303211
9111,699326.2136813413
9112,699326.212420667
9113,699326.2140882263
9114,699326.2141131435
9115,699326.212989518
9116,699326.2141910292
9117,699326.2118086215
9118,699326.2129834647
9119,699326.2142847934
9120,699326.211651428
9121,699326.2128056032
9122,699326.2132949707
9123,699326.2118569786
9124,699326.2137051071
9125,699326.2131443145
9126,699326.2136868864
9127,699326.2130113891
9128,699326.2144361914
9129,699326.2122618321
9130,699326.2130727044
9131,699326.2118877159
9132,699326.212961971
9133,699326.2118642075
9134,699326.2138872663
9135,699326.2126630857
9136,699326.2132436965
9137,699326.2132259264
9138,699326.2139979396
9139,699326.2123216159
9140,699326.2123872974
9141,699326.2130302326
9142,699326.2128114853
9143,699326.2119029737
9144,699326.2125086392
9145,699326.2134785797
9146,699326.2136019942
9147,699326.2121622306
9148,699326.2138021983
9149,699326.2121707557
9150,699326.2121372372
9151,699326.2128927965
9152,699326.2146221068
9153,699326.2122610789
9154,699326.2127790207
9155,699326.2124539547
9156,699326.213995104
9157,699326.2128791958
9158,699326.2127583593
9159,699326.2133947717
9160,699326.212995758
9161,699326.2134133418
9162,699326.2138637336
9163,699326.212636289
9164,699326.2128712237
9165,699326.2135548565
9166,699326.2128457788
9167,699326.212982261
9168,699326.2124354605
9169,699326.2123616687
9170,699326.2119832311
9171,699326.2140640817
9172,699326.2140751217
9173,699326.212296775
9174,699326.2125933428
9175,699326.213931309
9176,699326.2117762215
9177,699326.2137854763
9178,699326.213176613
9179,699326.2138409975
9180,699326.2141867536
9181,699326.2125963117
9182,699326.2128999777
9183,699326.2124250522
9184,699326.2128202427
9185,699326.2126051069
9186,699326.213445965
9187,699326.2143788125
9188,699326.2130135995
9189,699326.2135063014
9190,699326.2142349833
9191,699326.2141362397
9192,699326.2121698458
9193,699326.2134266974
9194,699326.2139120565
9195,699326.2127725391
9196,699326.2125471974
9197,699326.2129151094
9198,699326.2134654027
9199,699326.2124270748
9200,699326.21303846
9201,699326.2118882361
9202,699326.2144398234
9203,699326.2124744502
9204,699326.2128144029
9205,699326.2124853065
9206,699326.213905962
9207,699326.2134154737
9208,699326.2136892267
9209,699326.2122316385
9210,699326.2130888543
9211,699326.2131300578
9212,699326.2117783792
9213,699326.2142198785
9214,699326.2131667328
9215,699326.2139641482
9216,699326.2124607825
9217,699326.2126113647
9218,699326.2135188183
9219,699326.2112158366
9220,699326.2140120333
9221,699326.2127610019
9222,699326.2147128362
9223,699326.2129017651
9224,699326.2118253612
9225,699326.2141900694
9226,699326.2130109932
9227,699326.213412946
9228,699326.2116614361
9229,699326.212439233
9230,699326.2120538106
9231,699326.2124488791
9232,699326.2131670654
9233,699326.2126225801
9234,699326.2136551479
9235,699326.2124583998
9236,699326.2128069669
9237,699326.2135051546
9238,699326.2132625891
9239,699326.212256355
9240,699326.2123425102
9241,699326.2130517602
9242,699326.2126937807
9243,699326.2138107793
9244,699326.213604727
9245,699326.2124021881
9246,699326.2142244454
9247,699326.2135856824
9248,699326.2131502312
9249,699326.2136765373
9250,699326.2126547678
9251,699326.2135254152
9252,699326.2132620006
9253,699326.2132179466
9254,699326.2130148615
9255,699326.2137098024
9256,699326.2137247359
9257,699326.2134845515
9258,699326.2134165204
9259,699326.2129052364
9260,699326.2140638983
9261,699326.2119883073
9262,699326.2136531279
9263,699326.2141086404
9264,699326.212934759
9265,699326.2126954829
9266,699326.2138910169
9267,699326.2125632876
9268,699326.2133914409
9269,699326.2120234495
9270,699326.2133677856
9271,699326.2126362533
9272,699326.2130175706
9273,699326.2127454425
9274,699326.2131878193
9275,699326.2137361338
9276,699326.2132962326
9277,699326.2124064289
9278,699326.2138079653
9279,699326.2133277176
9280,699326.2122170853
9281,699326.2135518761
9282,699326.2139591301
9283,699326.2139392982
9284,699326.2132755752
9285,699326.2143642294
9286,699326.2124562537
9287,699326.2129791182
9288,699326.213519943
9289,699326.2123905858
9290,699326.2125710947
9291,699326.2130102518
9292,699326.2138176599
9293,699326.2135346031
9294,699326.2148637519
9295,699326.2137829955
9296,699326.211816001
9297,699326.2132505216
9298,699326.2126959647
9299,699326.2140636238
9300,699326.2141904932
9301,699326.2134530625
9302,699326.2144368785
9303,699326.2152039565
9304,699326.2133584743
9305,699326.214254328
9306,699326.2131526788
9307,699326.2126825951
9308,699326.2135102416
9309,699326.2136624437
9310,699326.212441006
9311,699326.2132054286
9312,699326.2131496224
9313,699326.2130800484
9314,699326.212756002
9315,699326.2133323995
9316,699326.2139877074
9317,699326.2131619911
9318,699326.2146240528
9319,699326.2127234524
9320,699326.2121129542
9321,699326.212818677
9322,699326.212239228
9323,699326.2127891327
9324,699326.2142978496
9325,699326.2145165085
9326,699326.2122245484
9327,699326.2131520947
9328,699326.2126108976
9329,699326.2118894166
9330,699326.2122009248
9331,699326.2131488504
9332,699326.2126980595
9333,699326.211768961
9334,699326.2129119388
9335,699326.2129083798
9336,699326.2126388977
9337,699326.2140511709
9338,699326.2125957217
9339,699326.2129592176
9340,699326.2126439954
9341,699326.2138698165
9342,699326.2129834435
9343,699326.2144233288
9344,699326.2127070586
9345,699326.2135994653
9346,699326.2131294329
9347,699326.2125332096
9348,699326.2143700127
9349,699326.2138597851
9350,699326.2128948723
9351,699326.2125414636
9352,699326.2137394572
9353,699326.2130275117
9354,699326.2141676983
9355,699326.2132548748
9356,699326.2141681287
9357,699326.2136854505
9358,699326.2137118708
9359,699326.2127737034
9360,699326.2135606789
9361,699326.2129806633
9362,699326.2129624303
9363,699326.2129790713
9364,699326.2134403193
9365,699326.2124493486
9366,699326.2125556465
9367,699326.2131616928
9368,699326.2134273427
9369,699326.21387891
9370,699326.2128502817
9371,699326.2136922278
9372,699326.2129078644
9373,699326.2120613521
9374,699326.2135709911
9375,699326.2134194549
9376,699326.213256459
9377,699326.2139948158
9378,699326.2126612028
9379,699326.2141190429
9380,699326.2126457772
9381,699326.2132924153
9382,699326.2122729159
9383,699326.2137651514
9384,699326.2126070714
9385,699326.2147441262
9386,699326.2142379592
9387,699326.213185043
9388,699326.2122504648
9389,699326.213753201
9390,699326.2136883239
9391,699326.2132848441
9392,699326.2130482744
9393,699326.2131102232
9394,699326.2135778918
9395,699326.2137055416
9396,699326.2126379665
9397,699326.2127760316
9398,699326.2129211258
9399,699326.212927067
9400,699326.2139530758
9401,699326.2129676106
9402,699326.2124683013
9403,699326.2138018348
9404,699326.2145046624
9405,699326.2136676335
9406,699326.2135007508
9407,699326.2115635058
9408,699326.2136708573
9409,699326.2137808012
9410,699326.2125824788
9411,699326.2130599561
9412,699326.2126387544
9413,699326.2131850214
9414,699326.2127814454
9415,699326.2139015235
9416,699326.2137395854
9417,699326.2123574645
9418,699326.213998922
9419,699326.2122367023
9420,699326.2140692568
9421,699326.2133289198
9422,699326.2135119494
9423,699326.2135038024
9424,699326.2125105639
9425,699326.2134060445
9426,699326.2129612213
9427,699326.2124083759
9428,699326.2132119128
9429,699326.2123905163
9430,699326.2125565293
9431,699326.2122788324
9432,699326.2127699676
9433,699326.2127771946
9434,699326.213677772
9435,699326.2133654628
9436,699326.2139909787
9437,699326.2138838927
9438,699326.2137708255
9439,699326.2129930453
9440,699326.2126084031
9441,699326.2132431032
9442,699326.2121305522
9443,699326.2106360405
9444,699326.2138947954
9445,699326.2136844546
9446,699326.2123175509
9447,699326.2129393545
9448,699326.2127625835
9449,699326.2131127024
9450,699326.2127113877
9451,699326.2127798975
9452,699326.2119240231
9453,699326.2131885979
9454,699326.2131635109
9455,699326.2131255447
9456,699326.2129695073
9457,699326.2135534402
9458,699326.2126480149
9459,699326.212866709
9460,699326.2134764191
9461,699326.2128620964
9462,699326.2128870696
9463,699326.2136893853
9464,699326.2133103042
9465,699326.2130887129
9466,699326.2122662346
9467,699326.2135970597
9468,699326.2125094025
9469,699326.2137950833
9470,699326.2120815872
9471,699326.2132108489
9472,699326.2130171107
9473,699326.212740064
9474,699326.2133987132
9475,699326.2130204417
9476,699326.2137828429
9477,699326.2140830079
9478,699326.2137908526
9479,699326.2129923622
9480,699326.2139503942
9481,699326.2122773629
9482,699326.2117092246
9483,699326.2130168276
9484,699326.2136114391
9485,699326.2130143369
9486,699326.2131588735
9487,699326.2131631515
9488,699326.2127149587
9489,699326.2130028838
9490,699326.2129245588
9491,699326.212992523
9492,699326.2131440843
9493,699326.2126774165
9494,699326.212884962
9495,699326.2132737263
9496,699326.2131238054
9497,699326.2136550946
9498,699326.2133096316
9499,699326.2132278453
9500,699326.2132778821
9501,699326.2131120883
9502,699326.2131120883
9503,492331.99845106766
9504,492331.9984510682
9505,492331.9984510674
9506,492331.9984510679
9507,492331.99845106754
9508,492331.9984510678
9509,492331.9984510671
9510,492331.99845106824
9511,492331.99845106824
9512,492331.99845106824
9513,492331.99845106795
9514,492331.9990152451
9515,492331.9983295475
9516,492331.9966468041
9517,492331.9980361952
9518,492331.99817978096
9519,492331.9984611132
9520,492331.9986226239
9521,492331.9991516454
9522,492331.9981153564
9523,492331.99869879603
9524,492331.9990063228
9525,492331.9982226053
9526,492331.99845695676
9527,492331.99959162984
9528,492331.99909465766
9529,492331.99917089066
9530,492331.99819408514
9531,492331.9989961365
9532,492331.99898291
9533,492331.99935656734
9534,492331.99803031184
9535,492331.9978302514
9536,492331.9987071634
9537,492331.99822157196
9538,492331.998477207
9539,492331.99793218053
9540,492331.9979098218
9541,492331.99918582337
9542,492331.9995904101
9543,492331.9979746902
9544,492331.99842929246
9545,492331.99793300394
9546,492331.9994892756
9547,492331.9987245482
9548,492331.99964416394
9549,492332.00045335543
9550,492331.99929712084
9551,492331.9980055435
9552,492331.99922288
9553,492331.996586999
9554,492331.99698138394
9555,492331.99866839906
9556,492331.9980972535
9557,492331.9984094336
9558,492331.99866112805
9559,492331.99890109437
9560,492331.9975266816
9561,492331.9982821245
9562,492331.998912645
9563,492331.999094909
9564,492331.9992805688
9565,492331.9991360976
9566,492331.99901777715
9567,492331.99852367584
9568,492331.99982386327
9569,492331.998358457
9570,492331.99874969193
9571,492331.9981326118
9572,492331.99863204116
9573,492331.99932124047
9574,492331.9981509284
9575,492331.9990248195
9576,492331.9984255762
9577,492331.99884872965
9578,492332.0002309566
9579,492331.99746660906
9580,492331.9975658426
9581,492331.997227655
9582,492331.9985100826
9583,492331.9976643692
9584,492331.9987316817
9585,492331.99770124315
9586,492331.9983882124
9587,492331.9988657235
9588,492331.9970101325
9589,492331.99851553695
9590,492331.99894133717
9591,492331.99841799267
9592,492331.99889963056
9593,492331.99800367304
9594,492331.9989785937
9595,492331.9987680929
9596,492331.9990120497
9597,492331.9992238574
9598,492331.9985359275
9599,492331.9987236086
9600,492331.9992840495
9601,492331.9984890303
9602,492331.999709043
9603,492331.99869864003
9604,492331.99761772616
9605,492331.9994864244
9606,492331.9985264269
9607,492331.9987272027
9608,492331.99893415946
9609,492331.99970598903
9610,492331.9972529435
9611,492331.9994623423
9612,492331.998367981
9613,492331.99984491884
9614,492331.9970957044
9615,492331.9969847827
9616,492331.9973862941
9617,492331.9997977618
9618,492331.9990411141
9619,492331.9982050621
9620,492331.9967142315
9621,492331.99933799804
9622,492331.9984641469
9623,492331.99872399063
9624,492331.99854162964
9625,492331.9980943322
9626,492331.99884273886
9627,492331.9974380587
9628,492331.99831013446
9629,492331.99873019144
9630,492331.99923914915
9631,492331.9989029749
9632,492331.9980311198
9633,492331.9983721584
9634,492331.99800799316
9635,492331.9974194795
9636,492331.9995230704
9637,492331.998186081
9638,492331.9984225234
9639,492331.9980133608
9640,492331.99760806735
9641,492331.9988740799
9642,492331.9990699144
9643,492331.9979966641
9644,492331.99724952446
9645,492331.99859246815
9646,492331.99875232694
9647,492331.9985474345
9648,492331.99964367505
9649,492331.9981433364
9650,492331.99823823414
9651,492331.99869561405
9652,492331.9987787475
9653,492331.9977029929
9654,492331.99895760126
9655,492331.9996855248
9656,492332.000506756
9657,492331.9985327018
9658,492331.99773183186
9659,492331.99789372867
9660,492331.9982096548
9661,492331.9980560214
9662,492331.9978447465
9663,492331.9980163328
9664,492331.9986453518
9665,492331.9992257652
9666,492331.9991781234
9667,492331.99719864014
9668,492331.99810261175
9669,492331.99870816444
9670,492331.9987498152
9671,492331.99741358374
9672,492331.996757869
9673,492331.9975240272
9674,492331.99653659284
9675,492331.9996288624
9676,492331.9984609241
9677,492331.9980326251
9678,492331.9990806356
9679,492331.9992232016
9680,492331.9963003687
9681,492331.9986818513
9682,492331.9977366528
9683,492331.9992238114
9684,492331.9965146102
9685,492331.99904627324
9686,492331.9984396046
9687,492331.9979249827
9688,492331.9983394146
9689,492331.998576442
9690,492331.9988186111
9691,492331.99800552457
9692,492331.9988465172
9693,492331.99842053524
9694,492331.99972528534
9695,492331.9985008216
9696,492331.9986867139
9697,492331.99759854475
9698,492331.998163728
9699,492331.99757378316
9700,492331.9987941377
9701,492331.99907557585
9702,492331.9974358404
9703,492331.9978499231
9704,492331.99822130695
9705,492331.9985214084
9706,492331.9993995393
9707,492331.9983491232
9708,492331.99782641104
9709,492331.9980218974
9710,492331.99882014946
9711,492331.9988358237
9712,492331.99846281647
9713,492331.9988433622
9714,492331.99800315365
9715,492331.998071003
9716,492331.9996474636
9717,492331.99749443954
9718,492331.99706305435
9719,492331.99769088795
9720,492331.99880485854
9721,492331.9980310144
9722,492331.9980770291
9723,492331.99816141423
9724,492331.9980040145
9725,492331.99679718754
9726,492331.99808277906
9727,492331.99789276195
9728,492331.997799702
9729,492331.998776876
9730,492332.00005711976
9731,492331.99765102525
9732,492331.9991230872
9733,492331.99822182796
9734,492331.99826331495
9735,492331.99873864563
9736,492331.9983739093
9737,492331.9987228678
9738,492331.9986345327
9739,492331.998893982
9740,492331.9986587761
9741,492331.9988890587
9742,492331.99908825895
9743,492331.9979534078
9744,492331.99725428026
9745,492331.99834053754
9746,492331.99795424583
9747,492331.99812160595
9748,492331.9989031425
9749,492331.9988926605
9750,492331.9978442801
9751,492331.9982302776
9752,492331.99821849813
9753,492331.9981095103
9754,492331.99851112417
9755,492331.9984058012
9756,492332.00072090613
9757,492331.9984631324
9758,492331.9992643453
9759,492331.9969715696
9760,492331.99860040855
9761,492331.99974585045
9762,492331.99843514385
9763,492331.9980241755
9764,492331.9980146235
9765,492331.99836443237
9766,492331.9973795632
9767,492331.99764794466
9768,492331.99927393754
9769,492331.9980432284
9770,492331.9981470079
9771,492331.99767912226
9772,492331.9984990809
9773,492331.99799340445
9774,492331.99845508486
9775,492331.99942734616
9776,492331.99777281535
9777,492331.9993937967
9778,492331.9978548821
9779,492331.9977594449
9780,492331.997778772
9781,492331.9977697789
9782,492331.99734041066
9783,492331.9991623075
9784,492331.99841682654
9785,492331.9985362837
9786,492331.9981977065
9787,492331.99930105166
9788,492331.9984729328
9789,492331.99875098286
9790,492331.99756618694
9791,492331.99995944375
9792,492331.9981996768
9793,492331.9976403445
9794,492331.997870001
9795,492331.99777445523
9796,492331.9990578142
9797,492331.99847955
9798,492331.99897158466
9799,492331.99874717375
9800,492331.99992595817
9801,492331.99742286245
9802,492331.9977337031
9803,492331.9975067893
9804,492331.99738682585
9805,492331.9988817433
9806,492331.9993362899
9807,492331.99891041574
9808,492331.99722517247
9809,492331.9994361054
9810,492331.9974943594
9811,492331.99910938233
9812,492331.9987723037
9813,492331.9992548546
9814,492331.9971524827
9815,492331.99850788474
9816,492331.9992213035
9817,492331.9990513074
9818,492331.9976320536
9819,492331.99872745125
9820,492331.9988330981
9821,492331.9993820716
9822,492331.99725860485
9823,492331.99799969496
9824,492331.998883294
9825,492331.9983917341
9826,492331.99785519874
9827,492331.99802556814
9828,492331.9982148318
9829,492331.99706440547
9830,492331.99870660587
9831,492331.9983259939
9832,492331.99819444265
9833,492331.9973848921
9834,492331.99883727357
9835,492331.9978932186
9836,492331.99862533575
9837,492331.99944984994
9838,492331.99854312954
9839,492331.9986276256
9840,492331.9996401343
9841,492331.99746961775
9842,492331.99950154504
9843,492331.99894904403
9844,492331.9987169433
9845,492331.9983016945
9846,492331.99820714496
9847,492331.99868305924
9848,492331.99790449854
9849,492331.99823605246
9850,492331.99987172725
9851,492331.99733470456
9852,492331.9988061266
9853,492331.9975505948
9854,492331.99794694653
9855,492331.9992120214
9856,492331.9979151022
9857,492331.9987031568
9858,492331.9995565744
9859,492331.9981161676
9860,492331.9970923645
9861,492331.998165063
9862,492331.9977099685
9863,492331.99839777604
9864,492331.99866605265
9865,492331.99922798504
9866,492331.99810159684
9867,492331.997979183
9868,492331.9981760319
9869,492331.9995241547
9870,492331.99773182464
9871,492331.9982680793
9872,492331.9976237019
9873,492331.9984815275
9874,492331.99904626043
9875,492331.99831877777
9876,492331.9988303754
9877,492331.9990449076
9878,492331.99814638984
9879,492331.998604289
9880,492331.9970843083
9881,492331.9981960733
9882,492331.99867856724
9883,492331.99758530717
9884,492331.9986248538
9885,492331.9976622454
9886,492331.99809788447
9887,492331.99832950276
9888,492331.9985972995
9889,492331.9974913826
9890,492331.99866760586
9891,492331.998364942
9892,492331.9985369202
9893,492331.9983370125
9894,492331.9983589419
9895,492331.9990265827
9896,492331.9982449493
9897,492331.9988258728
9898,492331.99961307476
9899,492331.9989048236
9900,492331.99711127393
9901,492331.9981697162
9902,492331.9985603483
9903,492331.9992713647
9904,492331.9986089994
9905,492331.99847550783
9906,492331.9995891883
9907,492331.99814799475
9908,492331.99837182957
9909,492331.9987827141
9910,492331.99923299474
9911,492331.9978572589
9912,492331.9980186998
9913,492331.9988162417
9914,492331.9983520538
9915,492331.9983619557
9916,492331.99784793024
9917,492332.00010957196
9918,492332.0009522086
9919,492331.9988467356
9920,492331.99877291004
9921,492331.9984476727
9922,492331.9980704645
9923,492331.9974817891
9924,492331.99901209446
9925,492331.9991020381
9926,492331.9974028923
9927,492331.9976280487
9928,492331.9974271015
9929,492331.9966704086
9930,492331.998877817
9931,492331.99843691825
9932,492331.9977998718
9933,492331.9988412164
9934,492331.99896155234
9935,492331.9983175706
9936,492331.99852960196
9937,492331.99964174087
9938,492331.99809790996
9939,492331.9992984928
9940,492331.997766732
9941,492331.99772465957
9942,492331.9986856632
9943,492331.99889035494
9944,492332.00014777406
9945,492331.9972137473
9946,492331.9983894107
9947,492331.99782495975
9948,492331.99824707874
9949,492331.99812366924
9950,492331.99895288807
9951,492331.9972271109
9952,492331.9984774234
9953,492331.9986882304
9954,492331.9989294772
9955,492331.99812721094
9956,492331.99894896575
9957,492331.99915961805
9958,492331.99949033296
9959,492331.9976423834
9960,492331.99755319615
9961,492331.9977745099
9962,492331.99860124465
9963,492331.99795750465
9964,492331.99831948633
9965,492331.99813837843
9966,492331.9970665511
9967,492331.9986522969
9968,492331.99824891705
9969,492331.9970336887
9970,492331.9981082204
9971,492331.99893896736
9972,492331.998533897
9973,492331.99951810105
9974,492331.9995019801
9975,492331.99836415524
9976,492331.99773098365
9977,492331.99929521146
9978,492331.99834322534
9979,492331.999112263
9980,492331.9985535068
9981,492331.999018158
9982,492332.0006030121
9983,492331.99735844845
9984,492331.9981839069
9985,492331.9980913737
9986,492331.99783133593
9987,492331.9992325515
9988,492331.9973683561
9989,492331.9999436912
9990,492331.9977103931
9991,492331.9990611867
9992,492331.9985377984
9993,492331.9988815384
9994,492331.9981020192
9995,492331.9986926415
9996,492331.99822312157
9997,492331.9986699953
9998,492331.99870859704
9999,492331.99876968935
10000,492331.9995244603
10001,492331.9979526949
10002,492331.9979520799
10003,492331.99701600673
10004,492331.9973842386
10005,492331.99790901976
10006,492331.99955875945
10007,492331.9996811666
10008,492331.9968996583
10009,492331.9987469132
10010,492331.99882027466
10011,492331.99802984076
10012,492331.9996669914
10013,492331.9983672182
10014,492331.9984337307
10015,492331.9986720948
10016,492331.9983602775
10017,492331.99709922966
10018,492331.9970161936
10019,492331.99816719216
10020,492331.9991663489
10021,492331.9978723848
10022,492331.99741815694
10023,492331.998334374
10024,492331.99810522737
10025,492331.99920029
10026,492331.9970135573
10027,492331.9979406187
10028,492331.9985154831
10029,492331.9977425341
10030,492331.9977307663
10031,492331.99741524237
10032,492331.9996383032
10033,492331.99839820823
10034,492332.0005348532
10035,492331.99915285513
10036,492331.9986499082
10037,492331.99882671377
10038,492331.99655529513
10039,492331.99931689195
10040,492331.9991574205
10041,492331.9982115612
10042,492331.99794035184
10043,492331.9976347492
10044,492331.9983664689
10045,492331.99773902923
10046,492331.99819164973
10047,492331.999370768
10048,492331.99876380584
10049,492331.99931372755
10050,492331.998075511
10051,492331.99881023477
10052,492331.99832210405
10053,492331.9980862405
10054,492331.9987426966
10055,492331.9999187068
10056,492331.99894628406
10057,492331.9977590212
10058,492331.9998444956
10059,492331.9977179363
10060,492331.9979648036
10061,492331.99823684356
10062,492331.9983996336
10063,492331.9991213966
10064,492331.9981127535
10065,492331.996896503
10066,492331.9989323649
10067,492331.9979278506
10068,492331.9976816319
10069,492331.9975999349
10070,492331.99891919974
10071,492331.9982570279
10072,492331.9975728633
10073,492331.99771297624
10074,492331.99933799927
10075,492331.99737920956
10076,492331.99750703096
10077,492331.99810777954
10078,492331.9979166065
10079,492331.9997989773
10080,492331.9987024378
10081,492331.99961823993
10082,492331.99838626705
10083,492331.99893956503
10084,492331.99891042575
10085,492331.9969181436
10086,492331.9994245421
10087,492331.9990534611
10088,492331.9990647728
10089,492331.9984936152
10090,492331.9981980189
10091,492331.99895371014
10092,492331.9986986178
10093,492331.99899076944
10094,492331.99835944467
10095,492331.9972378239
10096,492331.9994488648
10097,492331.9969852014
10098,492331.99810658727
10099,492331.99828227574
10100,492331.99865808984
10101,492331.9983904909
10102,492331.9986006408
10103,492332.0000001001
10104,492331.99824297696
10105,492331.9977515494
10106,492331.9988231846
10107,492331.9979330231
10108,492331.99694220745
10109,492331.99885318894
10110,492331.99880409735
10111,492332.0000984473
10112,492331.99815406534
10113,492331.9982580841
10114,492331.9990100738
10115,492331.9981734153
10116,492331.9975881283
10117,492331.9992842603
10118,492331.9975329255
10119,492331.9975187381
10120,492331.99865296186
10121,492331.9999200202
10122,492331.9986130259
10123,492331.99920283677
10124,492331.99825865234
10125,492331.99826019217
10126,492331.99805209215
10127,492331.9973028746
10128,492331.99799543933
10129,492331.9976016317
10130,492331.99851508084
10131,492331.99827899487
10132,492331.99983876676
10133,492331.9983473487
10134,492332.00010240497
10135,492331.99914991704
10136,492331.9986983499
10137,492331.99939595745
10138,492331.998647965
10139,492331.9985213304
10140,492331.9979814403
10141,492331.9985841522
10142,492331.998286724
10143,492331.9979412189
10144,492331.9983718166
10145,492332.00003076874
10146,492331.9983624369
10147,492331.99779694265
10148,492331.9982521278
10149,492331.99920392345
10150,492331.99851186626
10151,492331.99970577075
10152,492331.99871660216
10153,492331.99825880816
10154,492331.9987482242
10155,492331.99884970544
10156,492331.99826220295
10157,492331.9982356407
10158,492331.9982041311
10159,492331.9982446429
10160,492331.9980576662
10161,492331.99683750566
10162,492331.9974590504
10163,492331.9987381194
10164,492331.99830637046
10165,492331.9985935406
10166,492331.9989304029
10167,492331.99923735234
10168,492331.9986315837
10169,492331.9993818627
10170,492331.99977813615
10171,492331.9983650209
10172,492331.9980338578
10173,492331.9979465994
10174,492331.99715966696
10175,492331.99799829954
10176,492331.9991334545
10177,492331.9991363106
10178,492331.9986454178
10179,492331.99841707706
10180,492331.9982922242
10181,492331.99902190064
10182,492331.9975311799
10183,492331.9991726069
10184,492331.99765361374
10185,492331.9993881987
10186,492331.99785704236
10187,492331.99858408544
10188,492331.99829109875
10189,492331.998174713
10190,492331.9976703858
10191,492331.99946918467
10192,492331.9974499271
10193,492331.9983610523
10194,492331.99674877693
10195,492331.9983602254
10196,492331.9998603152
10197,492331.99852640886
10198,492331.9987924398
10199,492331.9975323951
10200,492331.99924318783
10201,492331.9975262832
10202,492331.9984458696
10203,492331.99848237075
10204,492331.9975960684
10205,492331.9986730212
10206,492331.9994751569
10207,492331.9987376109
10208,492331.99918955384
10209,492331.9992642351
10210,492331.9980169463
10211,492331.9991559806
10212,492331.9970455458
10213,492331.99729085976
10214,492331.99837192555
10215,492331.99853533687
10216,492331.9977469431
10217,492331.9981572649
10218,492331.9984146018
10219,492331.9982346002
10220,492331.9993068375
10221,492331.99829225946
10222,492331.99857964594
10223,492331.99845851865
10224,492331.9999305039
10225,492331.99889646785
10226,492331.9982316736
10227,492331.9981441131
10228,492331.99805282813
10229,492331.9986160977
10230,492331.9985058691
10231,492331.9993213081
10232,492331.9984510682
10233,492331.9984510677
10234,415615.6477918932
10235,415615.64779189293
10236,415615.64779189293
10237,415615.6477918939
10238,415615.64779189334
10239,415615.64779189334
10240,415615.6477918938
10241,415615.64779189357
10242,415615.6477918935
10243,415615.6477918931
10244,415615.64779189334
10245,415615.647878606
10246,415615.6475702563
10247,415615.64865377435
10248,415615.64791634254
10249,415615.6476472004
10250,415615.64790296595
10251,415615.64861811633
10252,415615.64805715886
10253,415615.6484033095
10254,415615.64826111245
10255,415615.6482684245
10256,415615.6485258437
10257,415615.64787141536
10258,415615.6469268883
10259,415615.6477875552
10260,415615.64817633614
10261,415615.6478964178
10262,415615.64750165056
10263,415615.6482455954
10264,415615.648140183
10265,415615.64689364354
10266,415615.6468136814
10267,415615.64784939995
10268,415615.6472863259
10269,415615.6480027116
10270,415615.6478271996
10271,415615.64769608446
10272,415615.6479508567
10273,415615.647320902
10274,415615.64863688685
10275,415615.64766262786
10276,415615.6474968763
10277,415615.6483029127
10278,415615.6474443973
10279,415615.6475322656
10280,415615.64817671495
10281,415615.64735620556
10282,415615.64788312116
10283,415615.64832638827
10284,415615.6485596414
10285,415615.64859872183
10286,415615.64821052185
10287,415615.64782705245
10288,415615.64821717667
10289,415615.6479489711
10290,415615.6476676557
10291,415615.64830222045
10292,415615.64680966904
10293,415615.64858542784
10294,415615.64820191497
10295,415615.6477349894
10296,415615.6487526644
10297,415615.6477327007
10298,415615.6475290032
10299,415615.6470876319
10300,415615.6472429796
10301,415615.6469808157
10302,415615.64734380867
10303,415615.647832839
10304,415615.6478893571
10305,415615.6481468214
10306,415615.6472235325
10307,415615.6472538416
10308,415615.64861746243
10309,415615.64817805355
10310,415615.64748741535
10311,415615.64675240335
10312,415615.6474915569
10313,415615.64782995306
10314,415615.6476723825
10315,415615.6489197322
10316,415615.64766423474
10317,415615.64776986727
10318,415615.64793426124
10319,415615.6487227151
10320,415615.64725281356
10321,415615.64745138265
10322,415615.647703184
10323,415615.6477675557
10324,415615.6476824091
10325,415615.64834956464
10326,415615.6475339
10327,415615.64776449103
10328,415615.64819001884
10329,415615.647521721
10330,415615.6477278889
10331,415615.64718408353
10332,415615.6485013072
10333,415615.647169717
10334,415615.64784276066
10335,415615.64832829486
10336,415615.6476208328
10337,415615.6480747421
10338,415615.64791807637
10339,415615.6479420179
10340,415615.6489993772
10341,415615.6480686057
10342,415615.64798429963
10343,415615.6474940592
10344,415615.64748992847
10345,415615.648111227
10346,415615.64861843485
10347,415615.6478477828
10348,415615.64747010317
10349,415615.64683811326
10350,415615.64783473936
10351,415615.6477321969
10352,415615.6481148201
10353,415615.6479028852
10354,415615.648907101
10355,415615.64786998887
10356,415615.6474588862
10357,415615.6480542059
10358,415615.64809440554
10359,415615.64813415735
10360,415615.6475462448
10361,415615.6475361864
10362,415615.64801583986
10363,415615.64767578087
10364,415615.6475690694
10365,415615.6481674941
10366,415615.64782008796
10367,415615.64738613163
10368,415615.64669621375
10369,415615.64786952856
10370,415615.6480397951
10371,415615.6466625141
10372,415615.6479439811
10373,415615.6473751248
10374,415615.6474725583
10375,415615.64793040365
10376,415615.6481036987
10377,415615.649051574
10378,415615.6469657405
10379,415615.6470317923
10380,415615.6462734384
10381,415615.6480628997
10382,415615.6475956917
10383,415615.6477107388
10384,415615.6479004643
10385,415615.6482643066
10386,415615.6480365025
10387,415615.6478146384
10388,415615.64858719724
10389,415615.6485043305
10390,415615.6473895811
10391,415615.64789745945
10392,415615.64835632255
10393,415615.6471846955
10394,415615.6486381759
10395,415615.64799099317
10396,415615.64749251213
10397,415615.6474382275
10398,415615.64838385314
10399,415615.6482452829
10400,415615.64722788933
10401,415615.6478760518
10402,415615.64745380235
10403,415615.64763174544
10404,415615.6475738524
10405,415615.6472556745
10406,415615.6480300652
10407,415615.64770445885
10408,415615.64793674095
10409,415615.64769053995
10410,415615.64719293424
10411,415615.64830079896
10412,415615.6476844139
10413,415615.6476132838
10414,415615.6478917486
10415,415615.64808600827
10416,415615.64849463355
10417,415615.6476238748
10418,415615.6478901832
10419,415615.64812465425
10420,415615.6480440565
10421,415615.6473465847
10422,415615.64780731965
10423,415615.648216089
10424,415615.6476065886
10425,415615.64853598457
10426,415615.6481991085
10427,415615.648001518
10428,415615.6480079227
10429,415615.64761981997
10430,415615.6472199463
10431,415615.64746111294
10432,415615.6485286531
10433,415615.6477875847
10434,415615.647435716
10435,415615.64789924625
10436,415615.6478684958
10437,415615.6472787253
10438,415615.64765111264
10439,415615.6473295823
10440,415615.6476862922
10441,415615.64741819666
10442,415615.64736228774
10443,415615.6484920054
10444,415615.64749852795
10445,415615.64719331445
10446,415615.6473750169
10447,415615.64879196574
10448,415615.64746366645
10449,415615.64766186033
10450,415615.6483660179
10451,415615.64778200653
10452,415615.6480037519
10453,415615.647476136
10454,415615.64786130446
10455,415615.6480623876
10456,415615.6482330399
10457,415615.6481533673
10458,415615.6483066169
10459,415615.6470760366
10460,415615.64795073774
10461,415615.6478039614
10462,415615.6477297608
10463,415615.64760556514
10464,415615.64687346556
10465,415615.6492375261
10466,415615.6476683799
10467,415615.6472335551
10468,415615.6478902217
10469,415615.6480515171
10470,415615.64802223485
10471,415615.6472589931
10472,415615.64817100816
10473,415615.6476655423
10474,415615.64815077034
10475,415615.64710527065
10476,415615.6480054474
10477,415615.64768404356
10478,415615.6477010981
10479,415615.6482994363
10480,415615.6477367942
10481,415615.6476880461
10482,415615.6469705234
10483,415615.6470812778
10484,415615.6484200094
10485,415615.6478660331
10486,415615.647629158
10487,415615.64725849143
10488,415615.6476524159
10489,415615.6470966501
10490,415615.64731133275
10491,415615.64790009597
10492,415615.64688208996
10493,415615.6477810405
10494,415615.64771403756
10495,415615.64700785815
10496,415615.64815487165
10497,415615.64750623965
10498,415615.64727687853
10499,415615.6475590037
10500,415615.6481505153
10501,415615.64811658923
10502,415615.6474480675
10503,415615.6473277424
10504,415615.6474962809
10505,415615.64804855426
10506,415615.64717077685
10507,415615.64778131177
10508,415615.6482247304
10509,415615.6473432577
10510,415615.6486309237
10511,415615.64886115614
10512,415615.6475709963
10513,415615.64741633716
10514,415615.6479281865
10515,415615.64734247414
10516,415615.6476694549
10517,415615.6482118779
10518,415615.64736412844
10519,415615.6474211418
10520,415615.6486367694
10521,415615.647776855
10522,415615.64770938986
10523,415615.64703242807
10524,415615.6481162732
10525,415615.64721766644
10526,415615.64818522346
10527,415615.648452577
10528,415615.6478508028
10529,415615.6469141171
10530,415615.6480900279
10531,415615.64745860815
10532,415615.64729216445
10533,415615.6484989596
10534,415615.6483878422
10535,415615.6478158277
10536,415615.64772772696
10537,415615.6479297666
10538,415615.6481821647
10539,415615.64761265
10540,415615.64784191345
10541,415615.6475146563
10542,415615.6473948398
10543,415615.64792489
10544,415615.64778316015
10545,415615.6477045616
10546,415615.64810199256
10547,415615.64711400383
10548,415615.64737260574
10549,415615.6477214846
10550,415615.6484888497
10551,415615.6481213315
10552,415615.6478837727
10553,415615.64773083356
10554,415615.64830473287
10555,415615.6474023121
10556,415615.64887235005
10557,415615.6474986596
10558,415615.64752501616
10559,415615.6475199147
10560,415615.6479060275
10561,415615.6472227148
10562,415615.64754537446
10563,415615.6483163695
10564,415615.64769561385
10565,415615.6479715223
10566,415615.6478972359
10567,415615.64871599496
10568,415615.64753855276
10569,415615.6484724479
10570,415615.6480076773
10571,415615.648042453
10572,415615.6482257432
10573,415615.6483739333
10574,415615.64672162477
10575,415615.6486667374
10576,415615.6485724627
10577,415615.64751046186
10578,415615.64723212476
10579,415615.6476273671
10580,415615.64769490535
10581,415615.64746520174
10582,415615.64794326515
10583,415615.6474502696
10584,415615.6476446275
10585,415615.64841177675
10586,415615.6478876388
10587,415615.6481044229
10588,415615.6478516374
10589,415615.64670782955
10590,415615.6476478812
10591,415615.64785945264
10592,415615.64849671023
10593,415615.64766688115
10594,415615.6479892268
10595,415615.6468639129
10596,415615.6477904541
10597,415615.64684521855
10598,415615.6477562848
10599,415615.6481039596
10600,415615.6473505912
10601,415615.6478811811
10602,415615.6479040145
10603,415615.6473105751
10604,415615.64767576416
10605,415615.64748984145
10606,415615.6475175955
10607,415615.6481299383
10608,415615.64826305554
10609,415615.64798237727
10610,415615.648477599
10611,415615.6477514261
10612,415615.64786379214
10613,415615.6478760607
10614,415615.64688578126
10615,415615.64758167515
10616,415615.6485597499
10617,415615.64842153835
10618,415615.64841150184
10619,415615.64791080274
10620,415615.6481414683
10621,415615.6483418403
10622,415615.64805321384
10623,415615.6473397129
10624,415615.64812628535
10625,415615.6483582783
10626,415615.6476835979
10627,415615.64782043337
10628,415615.6471552092
10629,415615.64628848236
10630,415615.6477995701
10631,415615.6473621759
10632,415615.64714272105
10633,415615.6484737394
10634,415615.64768767334
10635,415615.64740995486
10636,415615.6473651201
10637,415615.6480231549
10638,415615.64794473385
10639,415615.64854845934
10640,415615.6466792368
10641,415615.64850199415
10642,415615.6489153854
10643,415615.648233319
10644,415615.64728807425
10645,415615.6479048277
10646,415615.6485816314
10647,415615.64834670577
10648,415615.6478300038
10649,415615.6472666179
10650,415615.64746834035
10651,415615.6478162354
10652,415615.6475724364
10653,415615.64788489416
10654,415615.64784258243
10655,415615.64753411995
10656,415615.64823851094
10657,415615.6480479073
10658,415615.6479483095
10659,415615.6491685364
10660,415615.6473923677
10661,415615.6478244613
10662,415615.64833352005
10663,415615.6477674083
10664,415615.6475290415
10665,415615.64735384076
10666,415615.6478017541
10667,415615.6471331742
10668,415615.6475103945
10669,415615.6478342813
10670,415615.6479330884
10671,415615.64745644794
10672,415615.6476009087
10673,415615.6468459185
10674,415615.64903910935
10675,415615.6474228046
10676,415615.64792141377
10677,415615.64796494815
10678,415615.6484249911
10679,415615.64830249356
10680,415615.6479019308
10681,415615.6476018576
10682,415615.6483982019
10683,415615.6472497842
10684,415615.64870031725
10685,415615.6486652214
10686,415615.6481698242
10687,415615.64790287515
10688,415615.647383127
10689,415615.6468116667
10690,415615.64757574914
10691,415615.6479636048
10692,415615.64719904575
10693,415615.6474355638
10694,415615.6477157101
10695,415615.64772538777
10696,415615.6481877783
10697,415615.64862108004
10698,415615.64769996534
10699,415615.64745173964
10700,415615.6480345441
10701,415615.6483152968
10702,415615.6468858671
10703,415615.6472810407
10704,415615.6483506564
10705,415615.64787286654
10706,415615.64852236124
10707,415615.6482676814
10708,415615.6480129417
10709,415615.6475537062
10710,415615.6479293578
10711,415615.6476714279
10712,415615.6475015667
10713,415615.64838847244
10714,415615.6475696448
10715,415615.64719745854
10716,415615.6479761463
10717,415615.6477215048
10718,415615.64710493333
10719,415615.64743675553
10720,415615.6473805871
10721,415615.6484453408
10722,415615.6483953675
10723,415615.64766168495
10724,415615.6479903409
10725,415615.64784477686
10726,415615.64755240775
10727,415615.6481641076
10728,415615.6478909994
10729,415615.6479958108
10730,415615.6476352219
10731,415615.64742407546
10732,415615.6478912558
10733,415615.6481183498
10734,415615.6476934567
10735,415615.6473336779
10736,415615.64705053624
10737,415615.64777060616
10738,415615.64780890354
10739,415615.647267625
10740,415615.64779012435
10741,415615.6475140797
10742,415615.64818441484
10743,415615.64766006527
10744,415615.64807803
10745,415615.647439168
10746,415615.64829599333
10747,415615.64758124686
10748,415615.6470144515
10749,415615.64759391366
10750,415615.64763184224
10751,415615.6479765852
10752,415615.64809894207
10753,415615.6481219753
10754,415615.6482282865
10755,415615.6475960523
10756,415615.6479697127
10757,415615.6483670582
10758,415615.6479213939
10759,415615.64732411155
10760,415615.6477902852
10761,415615.6478837345
10762,415615.64856805373
10763,415615.6474282228
10764,415615.64705271705
10765,415615.6474989718
10766,415615.6474449272
10767,415615.6481771356
10768,415615.647295381
10769,415615.64747532835
10770,415615.64858765184
10771,415615.64782847994
10772,415615.6479969612
10773,415615.6480814563
10774,415615.6475103681
10775,415615.64746470476
10776,415615.647453497
10777,415615.64763755596
10778,415615.6483956414
10779,415615.64822029707
10780,415615.6472522191
10781,415615.6472434349
10782,415615.6483776702
10783,415615.64834775723
10784,415615.6476564314
10785,415615.6479783313
10786,415615.64816596155
10787,415615.64832033095
10788,415615.6475392259
10789,415615.64799012535
10790,415615.6479257042
10791,415615.64720163384
10792,415615.64803728345
10793,415615.6474802374
10794,415615.64828238304
10795,415615.6473756669
10796,415615.6478849135
10797,415615.6475645731
10798,415615.6475063284
10799,415615.6480603226
10800,415615.6475723657
10801,415615.6472941833
10802,415615.6484187187
10803,415615.6472296839
10804,415615.6465240724
10805,415615.6478568128
10806,415615.6480138746
10807,415615.64764281374
10808,415615.64789902704
10809,415615.6473900909
10810,415615.6475932729
10811,415615.64752490766
10812,415615.6481795354
10813,415615.6477397178
10814,415615.6485359127
10815,415615.64749256155
10816,415615.64800511766
10817,415615.6477092047
10818,415615.6480972872
10819,415615.6482223952
10820,415615.64765427844
10821,415615.64749612217
10822,415615.64799194946
10823,415615.647517725
10824,415615.6477579005
10825,415615.64778974204
10826,415615.64828187536
10827,415615.647447788
10828,415615.6474574001
10829,415615.6480562959
10830,415615.6492135847
10831,415615.6484155966
10832,415615.6481864752
10833,415615.6469626545
10834,415615.64724185574
10835,415615.64830241795
10836,415615.64787497127
10837,415615.6481199702
10838,415615.64761549054
10839,415615.6471727447
10840,415615.64739575685
10841,415615.6478103266
10842,415615.64843095536
10843,415615.64778633154
10844,415615.64785101847
10845,415615.6483354768
10846,415615.64761257876
10847,415615.6481511058
10848,415615.6474282761
10849,415615.6474148763
10850,415615.6476554129
10851,415615.6481503373
10852,415615.6483751074
10853,415615.64735152444
10854,415615.6478537704
10855,415615.6470129192
10856,415615.6484593373
10857,415615.64820497413
10858,415615.64757891424
10859,415615.64779355505
10860,415615.6480904442
10861,415615.64761423046
10862,415615.6483578901
10863,415615.64721594995
10864,415615.64840104996
10865,415615.6490677408
10866,415615.64758281753
10867,415615.6476886504
10868,415615.64761470474
10869,415615.64772783493
10870,415615.64753744495
10871,415615.64791904454
10872,415615.6481566418
10873,415615.64805350156
10874,415615.6480142957
10875,415615.64772679156
10876,415615.6480509244
10877,415615.6471873063
10878,415615.647886067
10879,415615.64770416706
10880,415615.64730300015
10881,415615.6476414639
10882,415615.64841303125
10883,415615.64779698773
10884,415615.648103383
10885,415615.6474435126
10886,415615.6478856459
10887,415615.64756464126
10888,415615.64786160545
10889,415615.6480941689
10890,415615.6472815174
10891,415615.64784146496
10892,415615.64753583283
10893,415615.6481484756
10894,415615.6472799664
10895,415615.6470343954
10896,415615.64747663593
10897,415615.6476963076
10898,415615.64758745104
10899,415615.6480954065
10900,415615.6471723157
10901,415615.6476519352
10902,415615.64822981146
10903,415615.6475584942
10904,415615.64673955675
10905,415615.64787144377
10906,415615.6472717833
10907,415615.64721343253
10908,415615.64804331097
10909,415615.64736959746
10910,415615.64820368995
10911,415615.6481025069
10912,415615.648154282
10913,415615.6477605682
10914,415615.6477785432
10915,415615.6470644999
10916,415615.64822412166
10917,415615.647598229
10918,415615.64766826615
10919,415615.64789562975
10920,415615.6476383922
10921,415615.64809488016
10922,415615.6474858819
10923,415615.6476469408
10924,415615.64807204786
10925,415615.6481336959
10926,415615.6474641847
10927,415615.6480583478
10928,415615.64805983455
10929,415615.64855508815
10930,415615.64869155176
10931,415615.6481355065
10932,415615.64766006113
10933,415615.6478105079
10934,415615.6478131661
10935,415615.6478457172
10936,415615.64788165095
10937,415615.6479800218
10938,415615.64832560037
10939,415615.64835007617
10940,415615.6472440257
10941,415615.6479643854
10942,415615.648295235
10943,415615.6481570303
10944,415615.6480761003
10945,415615.64785737306
10946,415615.6483525371
10947,415615.6478779222
10948,415615.6478980903
10949,415615.6478289482
10950,415615.6475032489
10951,415615.6474230942
10952,415615.64735390624
10953,415615.6477504423
10954,415615.6472586355
10955,415615.64739692485
10956,415615.6482677526
10957,415615.64776029636
10958,415615.6474974522
10959,415615.6479518886
10960,415615.64761121076
10961,415615.6473715395
10962,415615.64804869634
10963,415615.6477918931
10964,415615.6477918933
10965,374438.55947631807
10966,374438.55947631825
10967,374438.55947631825
10968,374438.55947631795
10969,374438.5594763183
10970,374438.55947631807
10971,374438.55947631795
10972,374438.5594763177
10973,374438.5594763183
10974,374438.5594763179
10975,374438.559476318
10976,374438.55988179817
10977,374438.5594028317
10978,374438.55994528456
10979,374438.559521782
10980,374438.5592563772
10981,374438.55950268585
10982,374438.5596650466
10983,374438.5597177126
10984,374438.56034492666
10985,374438.5596076886
10986,374438.5599834313
10987,374438.55983962753
10988,374438.5596267922
10989,374438.55920306494
10990,374438.55920541077
10991,374438.55992860266
10992,374438.5591690813
10993,374438.5589700162
10994,374438.5597090791
10995,374438.5594498614
10996,374438.55900335254
10997,374438.5591331754
10998,374438.5597433883
10999,374438.55915573484
11000,374438.55940779136
11001,374438.55967724696
11002,374438.55940791284
11003,374438.55966215726
11004,374438.5593483072
11005,374438.56013128516
11006,374438.5593052972
11007,374438.5593276616
11008,374438.5598295554
11009,374438.55934414774
11010,374438.55977878737
11011,374438.55968047684
11012,374438.5592815751
11013,374438.5594660054
11014,374438.559458096
11015,374438.56008617644
11016,374438.55993327394
11017,374438.5597792776
11018,374438.55942950473
11019,374438.559787291
11020,374438.5596780152
11021,374438.5593479692
11022,374438.5596652734
11023,374438.5590924206
11024,374438.55983914965
11025,374438.55974004883
11026,374438.55917375366
11027,374438.5600167459
11028,374438.559422889
11029,374438.55930661125
11030,374438.5587582838
11031,374438.5591205526
11032,374438.5591868716
11033,374438.5592945229
11034,374438.5595297361
11035,374438.5591731913
11036,374438.5596132333
11037,374438.55914160464
11038,374438.5591132717
11039,374438.5599842792
11040,374438.5599200165
11041,374438.5597402633
11042,374438.5591041794
11043,374438.5591227657
11044,374438.5595108192
11045,374438.5596533672
11046,374438.5599032421
11047,374438.55937786814
11048,374438.5594782183
11049,374438.559565156
11050,374438.559801625
11051,374438.5591010389
11052,374438.55928218225
11053,374438.5591598485
11054,374438.5595679335
11055,374438.5588783111
11056,374438.5598405606
11057,374438.55950778053
11058,374438.55940529145
11059,374438.5594592976
11060,374438.55959418946
11061,374438.5594139666
11062,374438.5590836522
11063,374438.559870383
11064,374438.55916584644
11065,374438.5596166275
11066,374438.5595407342
11067,374438.5593450586
11068,374438.5596200172
11069,374438.55947163596
11070,374438.55971383036
11071,374438.55979203957
11072,374438.55979053996
11073,374438.5596333921
11074,374438.5594493411
11075,374438.55924869876
11076,374438.55987400434
11077,374438.55963426636
11078,374438.55956570053
11079,374438.5594214588
11080,374438.5593133956
11081,374438.55966803187
11082,374438.55908784515
11083,374438.5595684169
11084,374438.5597618752
11085,374438.56007304316
11086,374438.55968334357
11087,374438.5593401341
11088,374438.5596971874
11089,374438.5596605036
11090,374438.55955068924
11091,374438.55934296537
11092,374438.5592247676
11093,374438.5594412685
11094,374438.5590972947
11095,374438.55917880055
11096,374438.55948078947
11097,374438.55958834774
11098,374438.5590983088
11099,374438.5585419452
11100,374438.5594736872
11101,374438.5597813658
11102,374438.55914508086
11103,374438.55940645415
11104,374438.5593338816
11105,374438.5588789067
11106,374438.5594629511
11107,374438.55977189756
11108,374438.5600003169
11109,374438.5592160353
11110,374438.5591646128
11111,374438.5585437757
11112,374438.5597943351
11113,374438.55941722967
11114,374438.55931762245
11115,374438.5592964422
11116,374438.5597187681
11117,374438.5593603017
11118,374438.55948639393
11119,374438.5597947881
11120,374438.5598557724
11121,374438.5592399639
11122,374438.5593112445
11123,374438.5596216943
11124,374438.5591114889
11125,374438.5597508411
11126,374438.5593278743
11127,374438.5591423951
11128,374438.55897032627
11129,374438.5598005028
11130,374438.5597871507
11131,374438.55915852723
11132,374438.5592568828
11133,374438.55919104855
11134,374438.5594006608
11135,374438.559431087
11136,374438.5587926539
11137,374438.55958560464
11138,374438.55961945746
11139,374438.55966920545
11140,374438.55986649735
11141,374438.55939710536
11142,374438.55946790247
11143,374438.55945476366
11144,374438.55961025803
11145,374438.5593059794
11146,374438.5595029054
11147,374438.55970524193
11148,374438.55937754345
11149,374438.5596982037
11150,374438.5596959086
11151,374438.55946307874
11152,374438.559374381
11153,374438.5592355449
11154,374438.5596158748
11155,374438.559185474
11156,374438.5598839214
11157,374438.55961894186
11158,374438.5595501339
11159,374438.5595292635
11160,374438.5591680386
11161,374438.559364114
11162,374438.5590830686
11163,374438.55982940807
11164,374438.5593783802
11165,374438.5589929342
11166,374438.55952370306
11167,374438.55936988
11168,374438.5588799605
11169,374438.55957783817
11170,374438.55954843
11171,374438.5591940017
11172,374438.55945358885
11173,374438.5588734797
11174,374438.5596346405
11175,374438.5594751569
11176,374438.55923757586
11177,374438.55946602725
11178,374438.56011528923
11179,374438.55929366197
11180,374438.55905740464
11181,374438.55941525794
11182,374438.55946031236
11183,374438.559771513
11184,374438.55937235936
11185,374438.5596030252
11186,374438.5594813555
11187,374438.55969792564
11188,374438.55946532876
11189,374438.5593393986
11190,374438.55880309915
11191,374438.5593510993
11192,374438.55964258604
11193,374438.55924225977
11194,374438.55951526883
11195,374438.55896041216
11196,374438.56018383894
11197,374438.5594802937
11198,374438.5593351064
11199,374438.5596307165
11200,374438.5592805905
11201,374438.5596024898
11202,374438.5589763577
11203,374438.55952940765
11204,374438.55991028086
11205,374438.55978198064
11206,374438.5591122155
11207,374438.5592711946
11208,374438.5598530942
11209,374438.5595942122
11210,374438.55984772014
11211,374438.5594507957
11212,374438.5594387792
11213,374438.55872146453
11214,374438.5591120731
11215,374438.5598986862
11216,374438.559899247
11217,374438.5595317176
11218,374438.5592944385
11219,374438.5593977205
11220,374438.5592000955
11221,374438.55952657416
11222,374438.5596142421
11223,374438.5590621398
11224,374438.5594397983
11225,374438.5593336559
11226,374438.55884928035
11227,374438.55949511164
11228,374438.5590384216
11229,374438.55905671057
11230,374438.55947522545
11231,374438.55976689036
11232,374438.55930705613
11233,374438.5592440954
11234,374438.55913609354
11235,374438.55935814336
11236,374438.55936717405
11237,374438.5591429234
11238,374438.55942069425
11239,374438.56012491725
11240,374438.55915375176
11241,374438.55988199497
11242,374438.56029926136
11243,374438.55930854334
11244,374438.55940268975
11245,374438.5595652787
11246,374438.55911866616
11247,374438.55949461105
11248,374438.5593116843
11249,374438.55949439143
11250,374438.5590194994
11251,374438.55980044825
11252,374438.5594722743
11253,374438.5597242166
11254,374438.55915408186
11255,374438.5596884802
11256,374438.55933628476
11257,374438.55962918594
11258,374438.5603111172
11259,374438.5595717526
11260,374438.5589955238
11261,374438.5596295256
11262,374438.559238377
11263,374438.55948997487
11264,374438.5596804802
11265,374438.5598779353
11266,374438.5596960598
11267,374438.5590970081
11268,374438.55944240856
11269,374438.55977540556
11270,374438.5596264873
11271,374438.5595854193
11272,374438.5593783245
11273,374438.55921254645
11274,374438.55958813056
11275,374438.55951623083
11276,374438.5590585617
11277,374438.55983254896
11278,374438.55897467665
11279,374438.55945470394
11280,374438.5592579253
11281,374438.5596497749
11282,374438.55968119367
11283,374438.5595164784
11284,374438.55913152476
11285,374438.55966441287
11286,374438.55931291316
11287,374438.5601039955
11288,374438.5593631859
11289,374438.5591930941
11290,374438.5590609788
11291,374438.5594305139
11292,374438.55945201596
11293,374438.55934281985
11294,374438.56004060287
11295,374438.55892737897
11296,374438.5596646063
11297,374438.5595410725
11298,374438.56012656394
11299,374438.5588745796
11300,374438.5599081544
11301,374438.55962735374
11302,374438.5596480558
11303,374438.55969336565
11304,374438.5598375181
11305,374438.55924701504
11306,374438.56017192727
11307,374438.5596388981
11308,374438.5595125696
11309,374438.55938111903
11310,374438.55936490645
11311,374438.5592753161
11312,374438.55927387107
11313,374438.5593183255
11314,374438.5593502423
11315,374438.5592175802
11316,374438.5599651797
11317,374438.55984087096
11318,374438.55946597154
11319,374438.55936783087
11320,374438.55857995956
11321,374438.5596710806
11322,374438.5593244701
11323,374438.5601649397
11324,374438.559705039
11325,374438.5593187903
11326,374438.5588979819
11327,374438.5596647581
11328,374438.5590428889
11329,374438.55942784005
11330,374438.55966613186
11331,374438.5595351185
11332,374438.55949885194
11333,374438.5591701074
11334,374438.5588395104
11335,374438.5592155129
11336,374438.5593207
11337,374438.559149784
11338,374438.55970278085
11339,374438.5600062373
11340,374438.5596685996
11341,374438.5600681772
11342,374438.5594553817
11343,374438.55935284763
11344,374438.55947361985
11345,374438.55876032816
11346,374438.5592733264
11347,374438.5600600313
11348,374438.5601063398
11349,374438.5598553333
11350,374438.5593356023
11351,374438.5596072864
11352,374438.5597804438
11353,374438.55977914843
11354,374438.5593406293
11355,374438.5597922563
11356,374438.55986609467
11357,374438.55949423206
11358,374438.55978877126
11359,374438.5591637605
11360,374438.55854022934
11361,374438.55936958763
11362,374438.55879239616
11363,374438.5590658313
11364,374438.55980081414
11365,374438.559658118
11366,374438.5592196339
11367,374438.5594738486
11368,374438.55968658737
11369,374438.5595970992
11370,374438.55950087414
11371,374438.5589706062
11372,374438.5598851917
11373,374438.560256474
11374,374438.5596860348
11375,374438.5591043047
11376,374438.55966344086
11377,374438.5599395274
11378,374438.5595370354
11379,374438.5597231101
11380,374438.55957321037
11381,374438.5596731996
11382,374438.55930734926
11383,374438.55916563765
11384,374438.5596870659
11385,374438.5593063746
11386,374438.5595086534
11387,374438.5598858948
11388,374438.5596827306
11389,374438.55964207934
11390,374438.5603505362
11391,374438.5592649682
11392,374438.5595307401
11393,374438.55984929303
11394,374438.55960979016
11395,374438.5593920159
11396,374438.5590728982
11397,374438.5594159974
11398,374438.5593588195
11399,374438.55948426074
11400,374438.55961682764
11401,374438.559425035
11402,374438.55928572326
11403,374438.5592456195
11404,374438.55880883045
11405,374438.5599683908
11406,374438.55935172713
11407,374438.55919476
11408,374438.5595814966
11409,374438.55994517275
11410,374438.55967801507
11411,374438.5595959011
11412,374438.5591822012
11413,374438.55977748847
11414,374438.5588259212
11415,374438.5605031496
11416,374438.56003463344
11417,374438.5598862146
11418,374438.5594751836
11419,374438.55911422253
11420,374438.5586670466
11421,374438.5593060562
11422,374438.5594709126
11423,374438.5594249473
11424,374438.5591093999
11425,374438.5593732846
11426,374438.55950739386
11427,374438.5597091169
11428,374438.55955468677
11429,374438.5594781504
11430,374438.5593095469
11431,374438.55952730565
11432,374438.5596639548
11433,374438.55882139294
11434,374438.55923604406
11435,374438.559731921
11436,374438.5597026408
11437,374438.55998973973
11438,374438.55951532733
11439,374438.5591869796
11440,374438.5591553815
11441,374438.55979710195
11442,374438.55912880925
11443,374438.55921476125
11444,374438.55968309316
11445,374438.55908033706
11446,374438.55943231296
11447,374438.5593307123
11448,374438.55932021583
11449,374438.5589117334
11450,374438.55949274293
11451,374438.5594740871
11452,374438.5598930886
11453,374438.55965863744
11454,374438.5596792181
11455,374438.5590784184
11456,374438.5593730542
11457,374438.5593208041
11458,374438.55987371725
11459,374438.55963287194
11460,374438.5594711539
11461,374438.5591934017
11462,374438.55933726166
11463,374438.5594010454
11464,374438.55996931426
11465,374438.55939987797
11466,374438.5590360868
11467,374438.5591086961
11468,374438.55976189586
11469,374438.5596509115
11470,374438.55903247424
11471,374438.55949303485
11472,374438.5592712387
11473,374438.5596787536
11474,374438.55949463445
11475,374438.5595696118
11476,374438.55930184945
11477,374438.5596572304
11478,374438.55901060405
11479,374438.5587926594
11480,374438.5596961293
11481,374438.5592427564
11482,374438.55951918854
11483,374438.5594284748
11484,374438.55937339546
11485,374438.559726703
11486,374438.55951828224
11487,374438.55962420616
11488,374438.5598148728
11489,374438.55954851035
11490,374438.55931247555
11491,374438.5594689248
11492,374438.5595125727
11493,374438.5600249238
11494,374438.5592910765
11495,374438.5590054195
11496,374438.5593543003
11497,374438.55948930985
11498,374438.5597353953
11499,374438.5588946095
11500,374438.5591663735
11501,374438.55978598073
11502,374438.55955215654
11503,374438.55941392056
11504,374438.5596795845
11505,374438.55936667946
11506,374438.55937613716
11507,374438.5593790129
11508,374438.5592462373
11509,374438.5601110386
11510,374438.55948157597
11511,374438.559088342
11512,374438.55923609977
11513,374438.5596184311
11514,374438.5599282471
11515,374438.55924847675
11516,374438.5595883658
11517,374438.5595373037
11518,374438.55993591924
11519,374438.5590972385
11520,374438.55965084856
11521,374438.55938393157
11522,374438.5591224387
11523,374438.56007863453
11524,374438.5592963643
11525,374438.5599870032
11526,374438.55928620166
11527,374438.5596040592
11528,374438.559628881
11529,374438.5595102472
11530,374438.5597196114
11531,374438.55953660316
11532,374438.5592243808
11533,374438.56011873874
11534,374438.5591312053
11535,374438.5587089035
11536,374438.55961194355
11537,374438.5594829062
11538,374438.55904928624
11539,374438.55963439087
11540,374438.55937013257
11541,374438.5594382734
11542,374438.5594199193
11543,374438.56006377435
11544,374438.5594211038
11545,374438.56009630294
11546,374438.55926437204
11547,374438.55972868047
11548,374438.55923248426
11549,374438.55998991564
11550,374438.5598740323
11551,374438.5593443493
11552,374438.5592503069
11553,374438.5594299916
11554,374438.55937699915
11555,374438.5594041571
11556,374438.55945434625
11557,374438.55985078774
11558,374438.55918426043
11559,374438.5594446945
11560,374438.55966870964
11561,374438.5603019209
11562,374438.55985389213
11563,374438.55964177626
11564,374438.55902261933
11565,374438.55930253264
11566,374438.5595905396
11567,374438.5593747053
11568,374438.5594562935
11569,374438.55939057405
11570,374438.5592153515
11571,374438.559414073
11572,374438.55933720793
11573,374438.5602330805
11574,374438.5595181694
11575,374438.5595460108
11576,374438.5598183469
11577,374438.5591843153
11578,374438.5595650317
11579,374438.5594422876
11580,374438.55910444254
11581,374438.55953466456
11582,374438.5598933583
11583,374438.55981766805
11584,374438.55927163415
11585,374438.5594558158
11586,374438.5591412883
11587,374438.55980298575
11588,374438.55977342505
11589,374438.55940652284
11590,374438.5594549801
11591,374438.5596799926
11592,374438.55944644747
11593,374438.55991562054
11594,374438.5593844187
11595,374438.559662653
11596,374438.56056201947
11597,374438.5591948185
11598,374438.5592037932
11599,374438.5595173474
11600,374438.5592619619
11601,374438.5593534479
11602,374438.55951813544
11603,374438.5597259955
11604,374438.5596086282
11605,374438.55970015103
11606,374438.55963754695
11607,374438.55968368915
11608,374438.5593489834
11609,374438.55961075396
11610,374438.5592690608
11611,374438.5592045961
11612,374438.5593034709
11613,374438.559830837
11614,374438.5595550947
11615,374438.5595781174
11616,374438.559325944
11617,374438.55962040694
11618,374438.5593230466
11619,374438.55961210694
11620,374438.5595385667
11621,374438.5591824103
11622,374438.55937396234
11623,374438.5593673568
11624,374438.5596459098
11625,374438.55912918755
11626,374438.5588859491
11627,374438.55897586845
11628,374438.55930177344
11629,374438.5591754842
11630,374438.55974498007
11631,374438.5589468161
11632,374438.5593178573
11633,374438.5596523674
11634,374438.5595361482
11635,374438.55867108
11636,374438.55960590317
11637,374438.55934942316
11638,374438.559279208
11639,374438.5599456902
11640,374438.55926922534
11641,374438.5596845148
11642,374438.55970875843
11643,374438.5596668958
11644,374438.55951294664
11645,374438.5592419716
11646,374438.5590803781
11647,374438.55971615214
11648,374438.5595286167
11649,374438.5592933453
11650,374438.55961805483
11651,374438.55939865496
11652,374438.55968965555
11653,374438.5592448279
11654,374438.55941349844
11655,374438.55955426994
11656,374438.5592969131
11657,374438.5591284619
11658,374438.5598426887
11659,374438.55968440423
11660,374438.5598632132
11661,374438.56013025565
11662,374438.5595063411
11663,374438.5593641776
11664,374438.55950605276
11665,374438.55951090954
11666,374438.55951261485
11667,374438.55948757345
11668,374438.5596082175
11669,374438.5598633128
11670,374438.55979674816
11671,374438.5593059951
11672,374438.55960662256
11673,374438.55971928296
11674,374438.55968291446
11675,374438.55941973487
11676,374438.5594026475
11677,374438.55978369317
11678,374438.55954144325
11679,374438.55966225435
11680,374438.55950538506
11681,374438.5592071941
11682,374438.55928293505
11683,374438.55919134564
11684,374438.5593247591
11685,374438.5590890533
11686,374438.55968610087
11687,374438.55973478634
11688,374438.5594953826
11689,374438.55937768775
11690,374438.5594434561
11691,374438.55927938764
11692,374438.55933735485
11693,374438.5595817215
11694,374438.55947631807
11695,374438.559476318
11696,254384.88013801174
11697,254384.8801380114
11698,254384.88013801162
11699,254384.880138012
11700,254384.8801380118
11701,254384.88013801194
11702,254384.88013801197
11703,254384.88013801194
11704,254384.88013801278
11705,254384.88013801302
11706,254384.88013801156
11707,254384.88218848326
11708,254384.88059611566
11709,254384.8799586875
11710,254384.87951306006
11711,254384.8793108714
11712,254384.8791888764
11713,254384.87783995463
11714,254384.88112473054
11715,254384.88187861416
11716,254384.8805114973
11717,254384.8800130181
11718,254384.87885672116
11719,254384.88102833793
11720,254384.8802483004
11721,254384.87968637678
11722,254384.88005549903
11723,254384.87907630333
11724,254384.8766648632
11725,254384.87982791642
11726,254384.87959457468
11727,254384.88106521135
11728,254384.88188091214
11729,254384.8814945874
11730,254384.87934210265
11731,254384.88054374754
11732,254384.8796394798
11733,254384.88164076395
11734,254384.88144821266
11735,254384.88044177525
11736,254384.87936527358
11737,254384.88028346925
11738,254384.88138066276
11739,254384.87987245066
11740,254384.88235397165
11741,254384.882762641
11742,254384.87989167665
11743,254384.88074650205
11744,254384.87893172016
11745,254384.879052285
11746,254384.88008901145
11747,254384.8797091038
11748,254384.87986573327
11749,254384.87816661072
11750,254384.8813518383
11751,254384.88205406422
11752,254384.87989697166
11753,254384.8793138836
11754,254384.88148645606
11755,254384.87902931403
11756,254384.87958795668
11757,254384.8796281589
11758,254384.87936630196
11759,254384.88124130937
11760,254384.88001945804
11761,254384.8803913391
11762,254384.88012404565
11763,254384.8808378597
11764,254384.87932855272
11765,254384.88051710275
11766,254384.87878405908
11767,254384.87952967742
11768,254384.88034301042
11769,254384.88102261728
11770,254384.8806266769
11771,254384.8811907333
11772,254384.88147796754
11773,254384.88224962688
11774,254384.8799807732
11775,254384.87963050755
11776,254384.88147336908
11777,254384.8783358388
11778,254384.8801902016
11779,254384.88010711182
11780,254384.8803628849
11781,254384.87773340545
11782,254384.87931799848
11783,254384.879746894
11784,254384.877250693
11785,254384.88012702
11786,254384.87766737235
11787,254384.8812986557
11788,254384.88100656233
11789,254384.88051963
11790,254384.8788755994
11791,254384.88187079722
11792,254384.8805521755
11793,254384.88043788561
11794,254384.87986969395
11795,254384.8783845796
11796,254384.88082286826
11797,254384.88049870386
11798,254384.87937584723
11799,254384.8790364535
11800,254384.87918417517
11801,254384.87997563352
11802,254384.87868301664
11803,254384.88106399335
11804,254384.88075388386
11805,254384.88047006662
11806,254384.8805873677
11807,254384.88035344557
11808,254384.87861006864
11809,254384.87952492997
11810,254384.88157318055
11811,254384.88175241253
11812,254384.88178185403
11813,254384.87764638578
11814,254384.87850658371
11815,254384.88099713414
11816,254384.87967258118
11817,254384.8809914875
11818,254384.88031595226
11819,254384.8804855927
11820,254384.8802923701
11821,254384.88088000397
11822,254384.87924639398
11823,254384.8795586245
11824,254384.87946987664
11825,254384.87733577206
11826,254384.8800964701
11827,254384.8784840919
11828,254384.87976730915
11829,254384.8790252616
11830,254384.87872706843
11831,254384.87977832987
11832,254384.88100264224
11833,254384.88291482395
11834,254384.8798099691
11835,254384.88134763227
11836,254384.8779716031
11837,254384.8800349395
11838,254384.88116620865
11839,254384.8789907342
11840,254384.88156917086
11841,254384.88190176658
11842,254384.88078489935
11843,254384.88015753857
11844,254384.88167257988
11845,254384.87926048887
11846,254384.87786673036
11847,254384.87952390744
11848,254384.87763016496
11849,254384.87955584037
11850,254384.88015383153
11851,254384.87920608075
11852,254384.88104613218
11853,254384.87820849993
11854,254384.87852770145
11855,254384.87915138106
11856,254384.87922951666
11857,254384.8782274284
11858,254384.87937541172
11859,254384.87999740223
11860,254384.8803951734
11861,254384.88049529746
11862,254384.8804813558
11863,254384.87835844912
11864,254384.88033188297
11865,254384.88037914626
11866,254384.88019490227
11867,254384.87819188114
11868,254384.88012407575
11869,254384.8817529737
11870,254384.88195053683
11871,254384.88144237816
11872,254384.88197010194
11873,254384.8780924593
11874,254384.88019150397
11875,254384.8803405703
11876,254384.87954743282
11877,254384.87922205726
11878,254384.87988325197
11879,254384.8803476527
11880,254384.8806667374
11881,254384.879141434
11882,254384.87886705442
11883,254384.87974898913
11884,254384.87780687047
11885,254384.87859022865
11886,254384.8792772846
11887,254384.87950279552
11888,254384.87992252014
11889,254384.8797066891
11890,254384.88006974343
11891,254384.87856960477
11892,254384.8821647357
11893,254384.87984463616
11894,254384.88073835525
11895,254384.87984942173
11896,254384.87876640135
11897,254384.8801934264
11898,254384.87938683445
11899,254384.87802900132
11900,254384.88131649728
11901,254384.8807912897
11902,254384.878880669
11903,254384.88071853964
11904,254384.87867852882
11905,254384.87940134402
11906,254384.88168843443
11907,254384.88097540065
11908,254384.88299201752
11909,254384.87957461478
11910,254384.8800305564
11911,254384.8782568624
11912,254384.87697278295
11913,254384.88189705033
11914,254384.8802154793
11915,254384.8797926759
11916,254384.8800647346
11917,254384.87943873118
11918,254384.87888874536
11919,254384.87817499292
11920,254384.87920115958
11921,254384.87855340916
11922,254384.87979636985
11923,254384.87946340465
11924,254384.87984422903
11925,254384.8805732918
11926,254384.87962657836
11927,254384.8794176042
11928,254384.88051866155
11929,254384.88164270134
11930,254384.88067634508
11931,254384.87953382483
11932,254384.8789766602
11933,254384.87854977444
11934,254384.87961147254
11935,254384.8815553784
11936,254384.8800978804
11937,254384.8813173576
11938,254384.8782002137
11939,254384.88309628377
11940,254384.88140475395
11941,254384.8804060699
11942,254384.879598946
11943,254384.88078519184
11944,254384.87778071492
11945,254384.87964052157
11946,254384.880361503
11947,254384.88234959694
11948,254384.88140254118
11949,254384.87990283436
11950,254384.8795915149
11951,254384.8803657231
11952,254384.8817765911
11953,254384.8825725053
11954,254384.8815768708
11955,254384.88000264394
11956,254384.87955614098
11957,254384.88142635245
11958,254384.8796071415
11959,254384.87981057895
11960,254384.87872534493
11961,254384.8790314381
11962,254384.88033657105
11963,254384.87818033725
11964,254384.88040850702
11965,254384.87982766805
11966,254384.88155525937
11967,254384.87860693366
11968,254384.8800735544
11969,254384.87923363934
11970,254384.88279856075
11971,254384.8795210476
11972,254384.8802277512
11973,254384.88100435445
11974,254384.87828547458
11975,254384.88124168
11976,254384.8799146834
11977,254384.88089119687
11978,254384.88047188235
11979,254384.8794083426
11980,254384.88127514595
11981,254384.87941720925
11982,254384.879530526
11983,254384.8811943272
11984,254384.88066886738
11985,254384.8801880959
11986,254384.88035893292
11987,254384.88055908337
11988,254384.880137929
11989,254384.8827405911
11990,254384.88094070414
11991,254384.88085408107
11992,254384.88064670368
11993,254384.8802311042
11994,254384.88197237373
11995,254384.8787962191
11996,254384.88009938027
11997,254384.880235099
11998,254384.8782634042
11999,254384.88005656976
12000,254384.88037351653
12001,254384.8804904657
12002,254384.87944945093
12003,254384.88189919796
12004,254384.8791406158
12005,254384.87980258634
12006,254384.879376152
12007,254384.87880168424
12008,254384.88059565553
12009,254384.87998838854
12010,254384.88281257346
12011,254384.87907642787
12012,254384.87828018848
12013,254384.88153305926
12014,254384.87911317623
12015,254384.87802761205
12016,254384.8799981781
12017,254384.88044606987
12018,254384.87951766176
12019,254384.8782896401
12020,254384.87942395435
12021,254384.87933140618
12022,254384.87833857586
12023,254384.88108423527
12024,254384.88033267917
12025,254384.88217919754
12026,254384.87787973805
12027,254384.87988260042
12028,254384.88042802108
12029,254384.88081029739
12030,254384.87686300452
12031,254384.88006454645
12032,254384.87999184613
12033,254384.87989102217
12034,254384.88023656898
12035,254384.87899837576
12036,254384.8826901846
12037,254384.88210183496
12038,254384.87786567342
12039,254384.87935493328
12040,254384.88039693076
12041,254384.87966113136
12042,254384.87752207083
12043,254384.88189687743
12044,254384.87869099661
12045,254384.87971012905
12046,254384.8792469932
12047,254384.88158769475
12048,254384.88154097053
12049,254384.879762419
12050,254384.87945518843
12051,254384.87966644613
12052,254384.8819358726
12053,254384.87924486224
12054,254384.88178136316
12055,254384.88173879034
12056,254384.87898922773
12057,254384.8805982024
12058,254384.88338107974
12059,254384.88108101752
12060,254384.8805102698
12061,254384.8807417693
12062,254384.88228608438
12063,254384.8803771198
12064,254384.87842835288
12065,254384.87910471967
12066,254384.87914295561
12067,254384.8801867986
12068,254384.87919507123
12069,254384.88018438377
12070,254384.88109654366
12071,254384.88037206698
12072,254384.88095817956
12073,254384.8797487509
12074,254384.87821388917
12075,254384.8782836583
12076,254384.87988336975
12077,254384.88024966084
12078,254384.88116870052
12079,254384.88077081981
12080,254384.8805899535
12081,254384.87958805027
12082,254384.87981257847
12083,254384.88059983205
12084,254384.87996082962
12085,254384.88114644712
12086,254384.8786476328
12087,254384.88145528053
12088,254384.879739163
12089,254384.88147183455
12090,254384.88023201365
12091,254384.88084926826
12092,254384.87913722754
12093,254384.87881734796
12094,254384.87988337548
12095,254384.87955687477
12096,254384.8806678488
12097,254384.87945593393
12098,254384.8816528826
12099,254384.88151939158
12100,254384.8797123529
12101,254384.8769959246
12102,254384.882057969
12103,254384.8796091263
12104,254384.880709907
12105,254384.88206530944
12106,254384.8793046099
12107,254384.88117553134
12108,254384.8804352701
12109,254384.87878483304
12110,254384.88166258132
12111,254384.88202534436
12112,254384.8809114959
12113,254384.8794266726
12114,254384.8784960992
12115,254384.8806442876
12116,254384.87963888564
12117,254384.8820228382
12118,254384.8814185236
12119,254384.88101954045
12120,254384.8819160644
12121,254384.88030984224
12122,254384.88123583232
12123,254384.88049638094
12124,254384.88061624608
12125,254384.88047648722
12126,254384.87985550117
12127,254384.8799869805
12128,254384.87985143389
12129,254384.8821227221
12130,254384.88049917
12131,254384.88035043777
12132,254384.87934962797
12133,254384.8799852298
12134,254384.87814467994
12135,254384.87736402155
12136,254384.87874554654
12137,254384.88028856707
12138,254384.87875139172
12139,254384.87903399093
12140,254384.88047365093
12141,254384.87862365332
12142,254384.88000204423
12143,254384.87963371302
12144,254384.87837193627
12145,254384.8789487137
12146,254384.88302689552
12147,254384.88005517627
12148,254384.88200366695
12149,254384.8783475676
12150,254384.8793313803
12151,254384.8786623205
12152,254384.8799386563
12153,254384.8797590078
12154,254384.88155725942
12155,254384.88084923167
12156,254384.8803630768
12157,254384.88055036028
12158,254384.87904540467
12159,254384.8775405435
12160,254384.88062563902
12161,254384.8818429673
12162,254384.87971142193
12163,254384.88016959085
12164,254384.8799049473
12165,254384.88001151278
12166,254384.880765112
12167,254384.88077880177
12168,254384.8796953128
12169,254384.87891673623
12170,254384.87833816872
12171,254384.87854060187
12172,254384.88232889326
12173,254384.87953187822
12174,254384.87964113898
12175,254384.88033326092
12176,254384.8793618059
12177,254384.88178946386
12178,254384.87800972495
12179,254384.87808883295
12180,254384.87712067706
12181,254384.88224483057
12182,254384.88157057582
12183,254384.88088744084
12184,254384.87875646283
12185,254384.8823063545
12186,254384.8768384873
12187,254384.87892432814
12188,254384.8803238635
12189,254384.88093449175
12190,254384.88101688362
12191,254384.879896144
12192,254384.88016373076
12193,254384.88051278892
12194,254384.87939218595
12195,254384.88044946792
12196,254384.8814692289
12197,254384.87925643247
12198,254384.88003749264
12199,254384.88160773195
12200,254384.88111402752
12201,254384.8784921878
12202,254384.8788544529
12203,254384.88032643526
12204,254384.88082996698
12205,254384.87923714504
12206,254384.87811549005
12207,254384.879097529
12208,254384.87974128732
12209,254384.87905507357
12210,254384.87956069445
12211,254384.88264491272
12212,254384.87934309468
12213,254384.87912075236
12214,254384.87921828878
12215,254384.8792460413
12216,254384.87991294076
12217,254384.8820952081
12218,254384.88037016342
12219,254384.87943416982
12220,254384.88047436337
12221,254384.88020705737
12222,254384.8803340619
12223,254384.88000342186
12224,254384.88095385418
12225,254384.87975135486
12226,254384.879795074
12227,254384.87991825558
12228,254384.8818808577
12229,254384.87969378635
12230,254384.87947104147
12231,254384.87934973216
12232,254384.8796442653
12233,254384.8810332808
12234,254384.87957439208
12235,254384.88037591806
12236,254384.88025870488
12237,254384.8821769845
12238,254384.8803629296
12239,254384.87922679726
12240,254384.88179905762
12241,254384.87871190996
12242,254384.87879361442
12243,254384.8795895472
12244,254384.8788728891
12245,254384.8821978682
12246,254384.8819908076
12247,254384.8815622683
12248,254384.8795423308
12249,254384.8809456628
12250,254384.87814551682
12251,254384.8796480919
12252,254384.87875886005
12253,254384.88059447551
12254,254384.883159446
12255,254384.87977306283
12256,254384.8810204018
12257,254384.8800475607
12258,254384.87997240122
12259,254384.8807917669
12260,254384.88017254169
12261,254384.87965158361
12262,254384.88132928367
12263,254384.8810352611
12264,254384.88137525995
12265,254384.8812004293
12266,254384.88170798618
12267,254384.88171168146
12268,254384.87990548357
12269,254384.87885883477
12270,254384.88126581375
12271,254384.8810179943
12272,254384.87961628984
12273,254384.88103869185
12274,254384.8827913887
12275,254384.88041440968
12276,254384.87910214465
12277,254384.87936609314
12278,254384.88100695045
12279,254384.8785610207
12280,254384.88138479128
12281,254384.88119114315
12282,254384.87916047376
12283,254384.88073126157
12284,254384.8788965651
12285,254384.88025701363
12286,254384.88057924085
12287,254384.88010619752
12288,254384.87992875246
12289,254384.87900767135
12290,254384.881350544
12291,254384.87994077726
12292,254384.8792989029
12293,254384.88066252682
12294,254384.87887266735
12295,254384.880345896
12296,254384.88136383885
12297,254384.87804958367
12298,254384.87970448006
12299,254384.87909868234
12300,254384.8814570792
12301,254384.88125381724
12302,254384.88083883937
12303,254384.87926074842
12304,254384.88252949927
12305,254384.88054163818
12306,254384.88159208518
12307,254384.88010735888
12308,254384.8787949063
12309,254384.87942453005
12310,254384.87976327183
12311,254384.87909600697
12312,254384.88059927122
12313,254384.8805884206
12314,254384.87996370113
12315,254384.8807276281
12316,254384.87963188288
12317,254384.88021883107
12318,254384.87894225513
12319,254384.88095404423
12320,254384.88138550593
12321,254384.88053808728
12322,254384.88126206526
12323,254384.87999162573
12324,254384.8791235178
12325,254384.8816764591
12326,254384.87915756094
12327,254384.88096796538
12328,254384.87935719892
12329,254384.8789547702
12330,254384.8805997211
12331,254384.88044904592
12332,254384.8797550824
12333,254384.8797431791
12334,254384.88030094682
12335,254384.87983551176
12336,254384.88120500994
12337,254384.88142907043
12338,254384.8798423941
12339,254384.8809166468
12340,254384.88023537296
12341,254384.878242125
12342,254384.87908884123
12343,254384.88034872263
12344,254384.88013154073
12345,254384.88028769483
12346,254384.87907645165
12347,254384.8799460717
12348,254384.88006574576
12349,254384.88064488443
12350,254384.88014015142
12351,254384.88040979224
12352,254384.88087671745
12353,254384.8809964374
12354,254384.88051669637
12355,254384.88023154147
12356,254384.87920556896
12357,254384.88061163432
12358,254384.87858271695
12359,254384.878979938
12360,254384.88050958843
12361,254384.87937489606
12362,254384.8799972658
12363,254384.87952682545
12364,254384.88059078765
12365,254384.88154067413
12366,254384.8808103218
12367,254384.87991827654
12368,254384.8810318794
12369,254384.88152490836
12370,254384.8816382273
12371,254384.88049117825
12372,254384.88052633626
12373,254384.88123402314
12374,254384.87919464646
12375,254384.8793542518
12376,254384.8797064465
12377,254384.88020911024
12378,254384.88015003758
12379,254384.88032804366
12380,254384.88029898427
12381,254384.87948954737
12382,254384.87998423082
12383,254384.88041483035
12384,254384.880238224
12385,254384.87988093536
12386,254384.87929874973
12387,254384.87952533487
12388,254384.8790581547
12389,254384.87997497656
12390,254384.8802477535
12391,254384.878607279
12392,254384.88062811448
12393,254384.87914355542
12394,254384.880242543
12395,254384.88025357132
12396,254384.88019975944
12397,254384.88058354816
12398,254384.87978328957
12399,254384.88119212468
12400,254384.8791540595
12401,254384.8795167516
12402,254384.87967910356
12403,254384.88080939357
12404,254384.8797083437
12405,254384.87934997454
12406,254384.87883931625
12407,254384.87984479187
12408,254384.87978627198
12409,254384.88029616734
12410,254384.88004531182
12411,254384.88007947165
12412,254384.88054820124
12413,254384.8809807917
12414,254384.8788535311
12415,254384.88024112876
12416,254384.88056392115
12417,254384.8808820734
12418,254384.88023958367
12419,254384.8800748995
12420,254384.88028754242
12421,254384.8794393714
12422,254384.87984172557
12423,254384.88021519285
12424,254384.88028005412
12425,254384.8801380115
12426,254384.88013801203
12427,1350075.5355584726
12428,1350075.5355584796
12429,1350075.5355584759
12430,1350075.5355584745
12431,1350075.53555847
12432,1350075.5355584766
12433,1350075.5355584736
12434,1350075.5355584729
12435,1350075.5355584787
12436,1350075.5355584777
12437,1350075.5355584782
12438,1350075.5310304773
12439,1350075.5407625656
12440,1350075.5266318426
12441,1350075.5283509903
12442,1350075.5389469054
12443,1350075.5311311774
12444,1350075.5077030098
12445,1350075.5361860322
12446,1350075.5382100435
12447,1350075.5368561666
12448,1350075.5136899513
12449,1350075.5271776658
12450,1350075.536526966
12451,1350075.5383371988
12452,1350075.5318755838
12453,1350075.524003782
12454,1350075.541827069
12455,1350075.5325514693
12456,1350075.5286160284
12457,1350075.5280744692
12458,1350075.5467651556
12459,1350075.5630159057
12460,1350075.5321538234
12461,1350075.5535935138
12462,1350075.540915835
12463,1350075.5194168414
12464,1350075.5467396213
12465,1350075.5401552094
12466,1350075.542814869
12467,1350075.5293207515
12468,1350075.5403168031
12469,1350075.5505500662
12470,1350075.5241047193
12471,1350075.547774835
12472,1350075.5320287764
12473,1350075.5220032558
12474,1350075.5499889997
12475,1350075.5323677757
12476,1350075.5257575293
12477,1350075.5304752728
12478,1350075.5349156265
12479,1350075.526090966
12480,1350075.5242208296
12481,1350075.5348205622
12482,1350075.5335252595
12483,1350075.5337750018
12484,1350075.5338747702
12485,1350075.5530229323
12486,1350075.522362042
12487,1350075.522847706
12488,1350075.5354640023
12489,1350075.5198383266
12490,1350075.5395817957
12491,1350075.5286034986
12492,1350075.5548769594
12493,1350075.5487064545
12494,1350075.546049963
12495,1350075.53404316
12496,1350075.539249146
12497,1350075.533246195
12498,1350075.5404622403
12499,1350075.542849755
12500,1350075.5413555389
12501,1350075.5235392128
12502,1350075.5255881113
12503,1350075.5400832288
12504,1350075.5568342544
12505,1350075.535076184
12506,1350075.5224899221
12507,1350075.5432338913
12508,1350075.5161712547
12509,1350075.542709481
12510,1350075.5360278077
12511,1350075.5357913412
12512,1350075.5150087096
12513,1350075.5390660916
12514,1350075.5366018214
12515,1350075.5359451675
12516,1350075.5354185624
12517,1350075.5262386703
12518,1350075.5333269748
12519,1350075.5441956292
12520,1350075.5388637506
12521,1350075.5305211656
12522,1350075.5426884692
12523,1350075.5421979201
12524,1350075.541365002
12525,1350075.5275509628
12526,1350075.541081779
12527,1350075.5383300488
12528,1350075.5460179565
12529,1350075.5367670555
12530,1350075.5383125483
12531,1350075.5290280255
12532,1350075.516675257
12533,1350075.5168843719
12534,1350075.5307210404
12535,1350075.5239376912
12536,1350075.535562985
12537,1350075.540499532
12538,1350075.531488462
12539,1350075.5225337816
12540,1350075.5377031222
12541,1350075.5374970995
12542,1350075.5539930994
12543,1350075.5396180106
12544,1350075.5356002995
12545,1350075.5287029222
12546,1350075.5328184823
12547,1350075.5300300827
12548,1350075.536055247
12549,1350075.5387976947
12550,1350075.533599529
12551,1350075.5330320462
12552,1350075.5395911743
12553,1350075.5357655948
12554,1350075.536221074
12555,1350075.5295792052
12556,1350075.5300745508
12557,1350075.5484453407
12558,1350075.5187158817
12559,1350075.536987641
12560,1350075.5445426751
12561,1350075.5483990335
12562,1350075.5365330367
12563,1350075.5317204525
12564,1350075.5537595833
12565,1350075.5358331986
12566,1350075.5465115733
12567,1350075.5270402385
12568,1350075.5450639888
12569,1350075.526019285
12570,1350075.5173172224
12571,1350075.5426706658
12572,1350075.5497476896
12573,1350075.5508707701
12574,1350075.5373211447
12575,1350075.544235752
12576,1350075.5286920145
12577,1350075.5316487234
12578,1350075.524604615
12579,1350075.5280547251
12580,1350075.533876748
12581,1350075.5217202953
12582,1350075.5229658056
12583,1350075.5329508912
12584,1350075.5307647593
12585,1350075.531646739
12586,1350075.5377571746
12587,1350075.5161987012
12588,1350075.5232362552
12589,1350075.5505262816
12590,1350075.5393091212
12591,1350075.5234525937
12592,1350075.531129077
12593,1350075.5446415117
12594,1350075.5244977635
12595,1350075.5500981053
12596,1350075.5400447662
12597,1350075.534128943
12598,1350075.5408963377
12599,1350075.5450725993
12600,1350075.5356034501
12601,1350075.5370719756
12602,1350075.5287873195
12603,1350075.5535736058
12604,1350075.5249465113
12605,1350075.5280143628
12606,1350075.538358661
12607,1350075.527238525
12608,1350075.5262502022
12609,1350075.5257505528
12610,1350075.5459793825
12611,1350075.528499404
12612,1350075.5333910352
12613,1350075.5276258618
12614,1350075.534241951
12615,1350075.5339640982
12616,1350075.5280712147
12617,1350075.5385690585
12618,1350075.5271706688
12619,1350075.534352971
12620,1350075.5337996997
12621,1350075.530046007
12622,1350075.5364148545
12623,1350075.5377813657
12624,1350075.5298067261
12625,1350075.5494862734
12626,1350075.5310759041
12627,1350075.5322581215
12628,1350075.5296946152
12629,1350075.5317203465
12630,1350075.5365852423
12631,1350075.5533299271
12632,1350075.5448073994
12633,1350075.5277195268
12634,1350075.5399576093
12635,1350075.5442079501
12636,1350075.5386063044
12637,1350075.5462610768
12638,1350075.5426346136
12639,1350075.5468015745
12640,1350075.521945705
12641,1350075.5355448544
12642,1350075.5371647223
12643,1350075.531044879
12644,1350075.5317521065
12645,1350075.5397798622
12646,1350075.5475683445
12647,1350075.5265138983
12648,1350075.5273949716
12649,1350075.5319631142
12650,1350075.5450059986
12651,1350075.5467393307
12652,1350075.5458762816
12653,1350075.534759502
12654,1350075.5338992397
12655,1350075.5342886965
12656,1350075.534729292
12657,1350075.5484330484
12658,1350075.5265182122
12659,1350075.5305390188
12660,1350075.5440591406
12661,1350075.545717271
12662,1350075.5278290233
12663,1350075.5395882544
12664,1350075.5403992545
12665,1350075.530690751
12666,1350075.5409269317
12667,1350075.5232270977
12668,1350075.5432584675
12669,1350075.529653556
12670,1350075.5404907232
12671,1350075.541308186
12672,1350075.524130863
12673,1350075.5235117315
12674,1350075.546825962
12675,1350075.543311985
12676,1350075.5329180649
12677,1350075.5261894036
12678,1350075.5398680167
12679,1350075.538951436
12680,1350075.5270703777
12681,1350075.5316589312
12682,1350075.5438313605
12683,1350075.540286233
12684,1350075.5528990491
12685,1350075.5451680464
12686,1350075.536999305
12687,1350075.5395454187
12688,1350075.5518249765
12689,1350075.5297835313
12690,1350075.5411263516
12691,1350075.5358723698
12692,1350075.5348102383
12693,1350075.5205619498
12694,1350075.5300860838
12695,1350075.549583724
12696,1350075.5320597845
12697,1350075.5452895847
12698,1350075.5318714257
12699,1350075.5375389569
12700,1350075.5202753858
12701,1350075.5326571676
12702,1350075.538966023
12703,1350075.5405624337
12704,1350075.5324366058
12705,1350075.5411511543
12706,1350075.5400594994
12707,1350075.5399036186
12708,1350075.5371208417
12709,1350075.5326314433
12710,1350075.5316663918
12711,1350075.5274043363
12712,1350075.5448557716
12713,1350075.533132106
12714,1350075.531232072
12715,1350075.5315579704
12716,1350075.5440127514
12717,1350075.5371200708
12718,1350075.5356250384
12719,1350075.5374854316
12720,1350075.5332465505
12721,1350075.5414177328
12722,1350075.5490477039
12723,1350075.5361314656
12724,1350075.5284061865
12725,1350075.5466413158
12726,1350075.5297435122
12727,1350075.5397838184
12728,1350075.541917612
12729,1350075.5241094485
12730,1350075.5371980532
12731,1350075.536065395
12732,1350075.5297254035
12733,1350075.533509137
12734,1350075.537791311
12735,1350075.5339008807
12736,1350075.5317743327
12737,1350075.5383398144
12738,1350075.5439395343
12739,1350075.5271842557
12740,1350075.5424489542
12741,1350075.548704886
12742,1350075.5309771465
12743,1350075.528086473
12744,1350075.538294915
12745,1350075.5306325029
12746,1350075.5282851872
12747,1350075.5297056243
12748,1350075.53738521
12749,1350075.5270037036
12750,1350075.5425849091
12751,1350075.5301841407
12752,1350075.5433456898
12753,1350075.525734828
12754,1350075.544506541
12755,1350075.5333563085
12756,1350075.535100115
12757,1350075.5359071621
12758,1350075.535388377
12759,1350075.5318628284
12760,1350075.524172926
12761,1350075.5250262837
12762,1350075.528893996
12763,1350075.5326269227
12764,1350075.5369966952
12765,1350075.5289696516
12766,1350075.5294063431
12767,1350075.5521290707
12768,1350075.5193342664
12769,1350075.5255532088
12770,1350075.5261040183
12771,1350075.544880115
12772,1350075.5318643732
12773,1350075.531274008
12774,1350075.5446204857
12775,1350075.5313916134
12776,1350075.5245893616
12777,1350075.5326667663
12778,1350075.529320825
12779,1350075.5414538423
12780,1350075.5321763777
12781,1350075.5372241314
12782,1350075.5461895384
12783,1350075.5400611283
12784,1350075.5385192134
12785,1350075.537563062
12786,1350075.5316457981
12787,1350075.5387731306
12788,1350075.5456872813
12789,1350075.5488776192
12790,1350075.5468965697
12791,1350075.5397292164
12792,1350075.5411977947
12793,1350075.5406803899
12794,1350075.538171897
12795,1350075.529444527
12796,1350075.539770623
12797,1350075.5463049067
12798,1350075.5337819925
12799,1350075.535475139
12800,1350075.5394444591
12801,1350075.5291926572
12802,1350075.531533346
12803,1350075.5169329003
12804,1350075.5340827522
12805,1350075.525033566
12806,1350075.5223281847
12807,1350075.5407922314
12808,1350075.5397970255
12809,1350075.5389325726
12810,1350075.5279049745
12811,1350075.5262836937
12812,1350075.5380201023
12813,1350075.538437906
12814,1350075.5167523983
12815,1350075.5283240022
12816,1350075.540676317
12817,1350075.5246895296
12818,1350075.537483819
12819,1350075.5378083254
12820,1350075.5301807919
12821,1350075.5365620255
12822,1350075.5609770913
12823,1350075.5379720773
12824,1350075.5413288628
12825,1350075.5375426668
12826,1350075.5239772934
12827,1350075.5336005015
12828,1350075.544483994
12829,1350075.5434103897
12830,1350075.5291702452
12831,1350075.5266353805
12832,1350075.526411095
12833,1350075.5555819483
12834,1350075.535294253
12835,1350075.5229507093
12836,1350075.538381532
12837,1350075.5305874832
12838,1350075.5321645113
12839,1350075.5365469677
12840,1350075.5281813587
12841,1350075.5350135893
12842,1350075.5515931575
12843,1350075.5410959292
12844,1350075.5385915716
12845,1350075.528626567
12846,1350075.5424243202
12847,1350075.541053381
12848,1350075.5337801166
12849,1350075.5310136178
12850,1350075.5304898766
12851,1350075.544866855
12852,1350075.5186596147
12853,1350075.54003882
12854,1350075.5332670177
12855,1350075.530991664
12856,1350075.5359590868
12857,1350075.5332534437
12858,1350075.5337654937
12859,1350075.5306046735
12860,1350075.5434026122
12861,1350075.5308694355
12862,1350075.5300758055
12863,1350075.5303322785
12864,1350075.5339523398
12865,1350075.5414719991
12866,1350075.5368911736
12867,1350075.51411883
12868,1350075.5349688134
12869,1350075.5379941193
12870,1350075.5380541584
12871,1350075.5233064417
12872,1350075.5260675822
12873,1350075.53800895
12874,1350075.5453477998
12875,1350075.5188782006
12876,1350075.5428203158
12877,1350075.5293859856
12878,1350075.5370679526
12879,1350075.5358757328
12880,1350075.5253088675
12881,1350075.533633983
12882,1350075.5441908443
12883,1350075.5339068188
12884,1350075.5394054141
12885,1350075.53622455
12886,1350075.5373330386
12887,1350075.533351715
12888,1350075.545459607
12889,1350075.5214635816
12890,1350075.5288110431
12891,1350075.5502771367
12892,1350075.5365198287
12893,1350075.5305910278
12894,1350075.5262681036
12895,1350075.5454259343
12896,1350075.539222937
12897,1350075.5241037551
12898,1350075.5295568972
12899,1350075.5275247672
12900,1350075.5348657076
12901,1350075.5291903329
12902,1350075.523009339
12903,1350075.5277703216
12904,1350075.5394070637
12905,1350075.5353256145
12906,1350075.5272521253
12907,1350075.543813715
12908,1350075.5368682065
12909,1350075.5308421592
12910,1350075.530390374
12911,1350075.5346335184
12912,1350075.5551574696
12913,1350075.5388402983
12914,1350075.5331286462
12915,1350075.5307076555
12916,1350075.546208301
12917,1350075.5329669318
12918,1350075.5256766512
12919,1350075.5454967767
12920,1350075.5328485263
12921,1350075.5375426847
12922,1350075.531341974
12923,1350075.546502369
12924,1350075.5478303842
12925,1350075.536318916
12926,1350075.5403415689
12927,1350075.550792494
12928,1350075.542337537
12929,1350075.5295360878
12930,1350075.5328935124
12931,1350075.5414608933
12932,1350075.5369580768
12933,1350075.5289777636
12934,1350075.5410547897
12935,1350075.531494316
12936,1350075.5225977723
12937,1350075.5291152166
12938,1350075.5372736908
12939,1350075.5241736844
12940,1350075.535597158
12941,1350075.5401562667
12942,1350075.5510590398
12943,1350075.5400865742
12944,1350075.5299324752
12945,1350075.5357925375
12946,1350075.532002872
12947,1350075.5251937204
12948,1350075.5461810315
12949,1350075.5412265356
12950,1350075.5305765807
12951,1350075.5277852453
12952,1350075.5379322565
12953,1350075.5350007038
12954,1350075.5277401935
12955,1350075.526496202
12956,1350075.5367486484
12957,1350075.5467660134
12958,1350075.5404974327
12959,1350075.5411821152
12960,1350075.537330808
12961,1350075.536606761
12962,1350075.5411430297
12963,1350075.5284378403
12964,1350075.5298754158
12965,1350075.5224077122
12966,1350075.5283766924
12967,1350075.5473457114
12968,1350075.5463816195
12969,1350075.5427541006
12970,1350075.5353950874
12971,1350075.5310525529
12972,1350075.5303537268
12973,1350075.5247312465
12974,1350075.5339248814
12975,1350075.528707375
12976,1350075.5334275076
12977,1350075.551254883
12978,1350075.538144315
12979,1350075.5312714009
12980,1350075.5391142648
12981,1350075.5397123965
12982,1350075.527976911
12983,1350075.53669695
12984,1350075.5414382112
12985,1350075.5420230844
12986,1350075.5317913515
12987,1350075.5338932707
12988,1350075.5395204641
12989,1350075.535296416
12990,1350075.5406072547
12991,1350075.5384562104
12992,1350075.5260828664
12993,1350075.5477017153
12994,1350075.5377788555
12995,1350075.526454981
12996,1350075.546462366
12997,1350075.5517636207
12998,1350075.548750457
12999,1350075.5325930293
13000,1350075.5338731413
13001,1350075.5376581557
13002,1350075.543162279
13003,1350075.5284821775
13004,1350075.537685666
13005,1350075.5413407933
13006,1350075.544984742
13007,1350075.519277418
13008,1350075.5411967589
13009,1350075.5312367403
13010,1350075.5318466073
13011,1350075.5381817298
13012,1350075.5356815602
13013,1350075.541566667
13014,1350075.535298172
13015,1350075.5280557806
13016,1350075.5353064819
13017,1350075.536135217
13018,1350075.5381790027
13019,1350075.5341702693
13020,1350075.5349293116
13021,1350075.5392518258
13022,1350075.5375269153
13023,1350075.5204910594
13024,1350075.5219860147
13025,1350075.527512807
13026,1350075.5362806676
13027,1350075.5413167442
13028,1350075.5260135122
13029,1350075.5271565395
13030,1350075.5260517388
13031,1350075.5398806024
13032,1350075.555994552
13033,1350075.5425904763
13034,1350075.532669815
13035,1350075.5390036027
13036,1350075.5411768483
13037,1350075.544915302
13038,1350075.5394547852
13039,1350075.5296715638
13040,1350075.5340366168
13041,1350075.5345013516
13042,1350075.5389927728
13043,1350075.5338159709
13044,1350075.530316891
13045,1350075.5373169957
13046,1350075.540498226
13047,1350075.531245286
13048,1350075.5415871204
13049,1350075.5280609727
13050,1350075.5386295025
13051,1350075.5365994046
13052,1350075.5405516548
13053,1350075.5328506948
13054,1350075.5372589242
13055,1350075.5245485532
13056,1350075.5402767856
13057,1350075.523620533
13058,1350075.5276863296
13059,1350075.536397402
13060,1350075.5296014494
13061,1350075.539126345
13062,1350075.5398664083
13063,1350075.5301080495
13064,1350075.532375311
13065,1350075.5383699948
13066,1350075.530095374
13067,1350075.5342372148
13068,1350075.540517888
13069,1350075.5233270766
13070,1350075.5397778484
13071,1350075.536333039
13072,1350075.5234944734
13073,1350075.5431506608
13074,1350075.541358324
13075,1350075.538532923
13076,1350075.5376991918
13077,1350075.5262295175
13078,1350075.5347040808
13079,1350075.5350372707
13080,1350075.540561218
13081,1350075.54242947
13082,1350075.5320304227
13083,1350075.5370743994
13084,1350075.5401008872
13085,1350075.537176237
13086,1350075.5288967795
13087,1350075.540137864
13088,1350075.5484159938
13089,1350075.5345942057
13090,1350075.5276824133
13091,1350075.536991507
13092,1350075.5299116774
13093,1350075.5348459408
13094,1350075.5306080552
13095,1350075.5413083981
13096,1350075.540705769
13097,1350075.555568318
13098,1350075.5318054452
13099,1350075.5365423202
13100,1350075.544381685
13101,1350075.5435276073
13102,1350075.5412597964
13103,1350075.5322434907
13104,1350075.533732502
13105,1350075.5224769164
13106,1350075.5340494579
13107,1350075.533944715
13108,1350075.5387784417
13109,1350075.5352942948
13110,1350075.5369627383
13111,1350075.538396445
13112,1350075.5383699108
13113,1350075.5393426814
13114,1350075.539452367
13115,1350075.538187197
13116,1350075.5355160711
13117,1350075.5293389647
13118,1350075.5284005008
13119,1350075.5322505333
13120,1350075.534492357
13121,1350075.53945753
13122,1350075.5213779265
13123,1350075.5376179502
13124,1350075.5290453779
13125,1350075.5364844215
13126,1350075.5366116457
13127,1350075.5350536534
13128,1350075.5419817362
13129,1350075.5310732934
13130,1350075.5443472115
13131,1350075.529575686
13132,1350075.5305744805
13133,1350075.54362997
13134,1350075.534606471
13135,1350075.5354113823
13136,1350075.5332685977
13137,1350075.5258830572
13138,1350075.5362630687
13139,1350075.5341678634
13140,1350075.5373785668
13141,1350075.5339213926
13142,1350075.5354011783
13143,1350075.5400701372
13144,1350075.5436013774
13145,1350075.536277207
13146,1350075.5367761478
13147,1350075.5383192976
13148,1350075.540737462
13149,1350075.5366296072
13150,1350075.5333806688
13151,1350075.5376666875
13152,1350075.5310400221
13153,1350075.5336531594
13154,1350075.5361480294
13155,1350075.5370887667
13156,1350075.5355584747
13157,1350075.5355584717
13158,244871.78700684835
13159,244871.7870068483
13160,244871.78700684823
13161,244871.78700684855
13162,244871.78700684736
13163,244871.78700684762
13164,244871.787006848
13165,244871.78700684817
13166,244871.78700684774
13167,244871.78700684814
13168,244871.7870068475
13169,244871.78848879493
13170,244871.78752733118
13171,244871.78631137233
13172,244871.7861958434
13173,244871.78657877108
13174,244871.78589443146
13175,244871.78385536702
13176,244871.7876523694
13177,244871.78872794058
13178,244871.78725475504
13179,244871.78588045604
13180,244871.7852223018
13181,244871.7878376356
13182,244871.78734179452
13183,244871.78644739054
13184,244871.78658953708
13185,244871.78656951542
13186,244871.7839502933
13187,244871.78651365553
13188,244871.78619120113
13189,244871.78817205515
13190,244871.7897308125
13191,244871.78792103354
13192,244871.7870026449
13193,244871.78750703775
13194,244871.78592949026
13195,244871.7886768794
13196,244871.78819802438
13197,244871.7876937447
13198,244871.7861228048
13199,244871.78727606294
13200,244871.78867953975
13201,244871.78627742716
13202,244871.78960664466
13203,244871.78919550285
13204,244871.78626496953
13205,244871.78810731595
13206,244871.78601169097
13207,244871.78556148856
13208,244871.7865463168
13209,244871.78650980088
13210,244871.78649152876
13211,244871.78479952508
13212,244871.78784362582
13213,244871.7884510939
13214,244871.78652763658
13215,244871.78639866828
13216,244871.78885441145
13217,244871.7853506893
13218,244871.78605001234
13219,244871.78653557214
13220,244871.78559473623
13221,244871.78795362153
13222,244871.7864078638
13223,244871.7883234974
13224,244871.7877472067
13225,244871.78798333553
13226,244871.78632738555
13227,244871.78729040764
13228,244871.78549342917
13229,244871.7867933923
13230,244871.7876761388
13231,244871.78800406755
13232,244871.78681876286
13233,244871.78754702746
13234,244871.7885624948
13235,244871.7896869408
13236,244871.78698689202
13237,244871.78589430926
13238,244871.78823578544
13239,244871.78458641795
13240,244871.78711212738
13241,244871.78692646985
13242,244871.78733875605
13243,244871.7842262982
13244,244871.78640215372
13245,244871.7866826394
13246,244871.7847782797
13247,244871.78710048093
13248,244871.784352955
13249,244871.78783672574
13250,244871.78799945526
13251,244871.78723533152
13252,244871.7855401381
13253,244871.78854592078
13254,244871.78775857782
13255,244871.78758684473
13256,244871.78645256488
13257,244871.78555799875
13258,244871.78762609608
13259,244871.7875860805
13260,244871.78625309042
13261,244871.78617728263
13262,244871.7858200229
13263,244871.7861676143
13264,244871.78480001236
13265,244871.78763469413
13266,244871.78708978483
13267,244871.78741122977
13268,244871.78757400886
13269,244871.7869990816
13270,244871.7851571827
13271,244871.7865554391
13272,244871.7882692966
13273,244871.78937025086
13274,244871.78834979224
13275,244871.78495776397
13276,244871.78535299838
13277,244871.7878260966
13278,244871.78625709732
13279,244871.78798536642
13280,244871.78723643918
13281,244871.78708353874
13282,244871.78682965657
13283,244871.78803597842
13284,244871.78629403064
13285,244871.7867833981
13286,244871.7858175432
13287,244871.7843161563
13288,244871.78762918978
13289,244871.78504194957
13290,244871.78681666817
13291,244871.7862100965
13292,244871.7863241111
13293,244871.78673858006
13294,244871.78771144414
13295,244871.79017620994
13296,244871.78644385666
13297,244871.78863101455
13298,244871.78472731065
13299,244871.78723872706
13300,244871.78756777907
13301,244871.78519560368
13302,244871.7886498312
13303,244871.78902555903
13304,244871.78836295553
13305,244871.78709134462
13306,244871.78864565535
13307,244871.78592119462
13308,244871.78480559998
13309,244871.78612287808
13310,244871.7845405432
13311,244871.7864705362
13312,244871.78635332355
13313,244871.78557012868
13314,244871.78776732425
13315,244871.7851609511
13316,244871.7853380847
13317,244871.78608996526
13318,244871.78532568246
13319,244871.78491917215
13320,244871.78670642356
13321,244871.78698107164
13322,244871.78685751214
13323,244871.78718389393
13324,244871.78785064153
13325,244871.78490674787
13326,244871.78771213643
13327,244871.78735281902
13328,244871.78698852702
13329,244871.78552501558
13330,244871.7873148393
13331,244871.7884029798
13332,244871.78865475836
13333,244871.7879915775
13334,244871.78945385976
13335,244871.78491254285
13336,244871.7867921064
13337,244871.7872374453
13338,244871.786190901
13339,244871.78567314264
13340,244871.78640980297
13341,244871.78749419787
13342,244871.78717620648
13343,244871.78609863584
13344,244871.7856852191
13345,244871.78666736928
13346,244871.78479477201
13347,244871.78508010277
13348,244871.78630679735
13349,244871.78612680663
13350,244871.7867275572
13351,244871.78639779292
13352,244871.78677684037
13353,244871.7856127203
13354,244871.7890142738
13355,244871.78650295243
13356,244871.7880658548
13357,244871.7865545687
13358,244871.78588147013
13359,244871.78683583782
13360,244871.78629422598
13361,244871.7852721691
13362,244871.7889636805
13363,244871.78786617224
13364,244871.78567904932
13365,244871.78772326687
13366,244871.78593248862
13367,244871.78651137187
13368,244871.78861325962
13369,244871.7879867763
13370,244871.7899778069
13371,244871.7857743277
13372,244871.78702621185
13373,244871.78538143955
13374,244871.78421364297
13375,244871.78866463032
13376,244871.78728749824
13377,244871.78706381292
13378,244871.78657794747
13379,244871.78608333494
13380,244871.7857893577
13381,244871.78492970683
13382,244871.78624599442
13383,244871.7859789764
13384,244871.7866548807
13385,244871.78635418866
13386,244871.78692844874
13387,244871.78748089285
13388,244871.7871425251
13389,244871.78600810523
13390,244871.7870314812
13391,244871.78867571935
13392,244871.78776549659
13393,244871.78630714575
13394,244871.7859743418
13395,244871.7858370796
13396,244871.78619886996
13397,244871.78853645024
13398,244871.78652573028
13399,244871.7884903861
13400,244871.78503350267
13401,244871.78975994376
13402,244871.78835542843
13403,244871.78667353303
13404,244871.78605220013
13405,244871.78792555747
13406,244871.7853129767
13407,244871.78667494416
13408,244871.7866241896
13409,244871.78925147429
13410,244871.78836780868
13411,244871.78678823565
13412,244871.78627118835
13413,244871.7875806506
13414,244871.78870738554
13415,244871.7897563173
13416,244871.78876002366
13417,244871.7871684324
13418,244871.7864003782
13419,244871.78878461837
13420,244871.78626828833
13421,244871.78696200676
13422,244871.78592756705
13423,244871.78596140843
13424,244871.78665131752
13425,244871.78508168086
13426,244871.78772332682
13427,244871.7864829502
13428,244871.7884814969
13429,244871.7854559544
13430,244871.78703310568
13431,244871.78567241388
13432,244871.7892274293
13433,244871.7864756583
13434,244871.78736235327
13435,244871.78741488457
13436,244871.78557499606
13437,244871.78824702013
13438,244871.7868420556
13439,244871.78771870973
13440,244871.78740888883
13441,244871.7863180973
13442,244871.78763128055
13443,244871.78658592817
13444,244871.78618803967
13445,244871.78769848018
13446,244871.78721605812
13447,244871.78736546892
13448,244871.78730627347
13449,244871.7874052256
13450,244871.78712924605
13451,244871.78913682493
13452,244871.7880213718
13453,244871.78847631605
13454,244871.78735512614
13455,244871.78690272273
13456,244871.78914469425
13457,244871.78540159776
13458,244871.78694553865
13459,244871.7873024628
13460,244871.78470531682
13461,244871.78702045095
13462,244871.7871386442
13463,244871.7871476203
13464,244871.7862726188
13465,244871.78867335676
13466,244871.78610462937
13467,244871.78652321946
13468,244871.78649104168
13469,244871.78619044766
13470,244871.78701689644
13471,244871.78728337554
13472,244871.78972385902
13473,244871.785892341
13474,244871.7850261855
13475,244871.7881383279
13476,244871.78603796018
13477,244871.7847812255
13478,244871.78680187804
13479,244871.78742895168
13480,244871.78608611532
13481,244871.78569101298
13482,244871.78622975782
13483,244871.7865007092
13484,244871.7850758558
13485,244871.78821327322
13486,244871.78716425513
13487,244871.78881233706
13488,244871.78504846824
13489,244871.78653671668
13490,244871.78698747608
13491,244871.78722154337
13492,244871.78362262042
13493,244871.78652818568
13494,244871.78687049178
13495,244871.7869131786
13496,244871.7866694189
13497,244871.78546219756
13498,244871.78998004473
13499,244871.78790175245
13500,244871.7844309012
13501,244871.7859287874
13502,244871.7874746224
13503,244871.78651047472
13504,244871.78447247704
13505,244871.78881281737
13506,244871.7855246359
13507,244871.78625020204
13508,244871.78621700092
13509,244871.7881200503
13510,244871.7882394944
13511,244871.78631907428
13512,244871.78642543883
13513,244871.78701392308
13514,244871.7888057584
13515,244871.78638398164
13516,244871.78848506094
13517,244871.78815006197
13518,244871.78622106585
13519,244871.78811951244
13520,244871.79038370698
13521,244871.78841533765
13522,244871.78739023246
13523,244871.7879412564
13524,244871.78922883366
13525,244871.78737521896
13526,244871.78530013358
13527,244871.7863815126
13528,244871.7864161292
13529,244871.78683102626
13530,244871.7861778494
13531,244871.78734407717
13532,244871.78770006055
13533,244871.78686160466
13534,244871.78688329455
13535,244871.7866968263
13536,244871.7848754726
13537,244871.7850061279
13538,244871.78711267927
13539,244871.7872221248
13540,244871.78802748385
13541,244871.78714795792
13542,244871.78714988215
13543,244871.7865296244
13544,244871.78678731475
13545,244871.786594455
13546,244871.78666293254
13547,244871.7880656142
13548,244871.7850975588
13549,244871.78827284958
13550,244871.78658814204
13551,244871.78791739
13552,244871.78705427606
13553,244871.78859154053
13554,244871.78598385016
13555,244871.7861136042
13556,244871.78684023436
13557,244871.78618382537
13558,244871.7871703798
13559,244871.786740853
13560,244871.78874115678
13561,244871.7880654602
13562,244871.78626296902
13563,244871.78378455402
13564,244871.7896089906
13565,244871.78632155614
13566,244871.78707701876
13567,244871.78893754544
13568,244871.7859066867
13569,244871.7876742638
13570,244871.78733667903
13571,244871.78541016116
13572,244871.78846884333
13573,244871.7892858269
13574,244871.78773026026
13575,244871.78641275608
13576,244871.78531957668
13577,244871.78768755734
13578,244871.7867822458
13579,244871.7884647474
13580,244871.78789273923
13581,244871.78769084276
13582,244871.78894886174
13583,244871.78649572135
13584,244871.7882924001
13585,244871.78740110222
13586,244871.78711973282
13587,244871.78732094678
13588,244871.7865952743
13589,244871.78685585564
13590,244871.786720583
13591,244871.78912334828
13592,244871.78712951392
13593,244871.78693839122
13594,244871.78601593839
13595,244871.78678690403
13596,244871.7855071845
13597,244871.78447667445
13598,244871.7848070437
13599,244871.78705744084
13600,244871.7858376969
13601,244871.78617098505
13602,244871.78687555323
13603,244871.78539713073
13604,244871.7869767553
13605,244871.786989398
13606,244871.78478244305
13607,244871.78636433004
13608,244871.78929373238
13609,244871.78674103695
13610,244871.7886041207
13611,244871.78508771758
13612,244871.78628324956
13613,244871.7860122541
13614,244871.78685431444
13615,244871.78682154193
13616,244871.78838596598
13617,244871.78759642513
13618,244871.78713917904
13619,244871.78778874397
13620,244871.78536761145
13621,244871.78443519177
13622,244871.7881617892
13623,244871.78880526745
13624,244871.78648782874
13625,244871.78652463286
13626,244871.78699964547
13627,244871.78689981037
13628,244871.78712143205
13629,244871.78733925085
13630,244871.786024876
13631,244871.7859195455
13632,244871.78521590756
13633,244871.78519038478
13634,244871.7887373734
13635,244871.78675919396
13636,244871.78664132056
13637,244871.7869141737
13638,244871.7866006471
13639,244871.78834892678
13640,244871.78501301084
13641,244871.78513788193
13642,244871.78423202696
13643,244871.78991904113
13644,244871.78841668804
13645,244871.78764274647
13646,244871.7856302338
13647,244871.7892103749
13648,244871.78392977896
13649,244871.7854115011
13650,244871.78785744417
13651,244871.78760305702
13652,244871.7878834471
13653,244871.78680551806
13654,244871.78748013018
13655,244871.78789199732
13656,244871.7861550288
13657,244871.78741226994
13658,244871.78883412652
13659,244871.786528445
13660,244871.78665003492
13661,244871.78819525003
13662,244871.78805842338
13663,244871.78563965898
13664,244871.78550410335
13665,244871.78737019186
13666,244871.78736034408
13667,244871.7855474468
13668,244871.78496732202
13669,244871.78624686066
13670,244871.786061558
13671,244871.78619916984
13672,244871.78687865403
13673,244871.78992511507
13674,244871.78652115638
13675,244871.78590119738
13676,244871.7864106674
13677,244871.78625264845
13678,244871.78636821048
13679,244871.78929530483
13680,244871.78751467742
13681,244871.78607004206
13682,244871.7869975777
13683,244871.7873006399
13684,244871.78719440915
13685,244871.7863623612
13686,244871.78730672796
13687,244871.78662233477
13688,244871.78708978917
13689,244871.7868695045
13690,244871.78892603976
13691,244871.78686354027
13692,244871.78670410905
13693,244871.78664284077
13694,244871.78624690225
13695,244871.78738675764
13696,244871.7858032247
13697,244871.7869865727
13698,244871.7876508108
13699,244871.78920678655
13700,244871.78771263306
13701,244871.7860221116
13702,244871.7884400156
13703,244871.7855268363
13704,244871.78533802944
13705,244871.7867535841
13706,244871.78568420344
13707,244871.7886640321
13708,244871.78933423557
13709,244871.78852072996
13710,244871.7862130961
13711,244871.78782026106
13712,244871.78524232833
13713,244871.78634386405
13714,244871.7857046497
13715,244871.78795902166
13716,244871.7899468633
13717,244871.7866750587
13718,244871.78765197436
13719,244871.78702041373
13720,244871.78678240857
13721,244871.78795035608
13722,244871.78709529398
13723,244871.78605499328
13724,244871.78853740994
13725,244871.78781130316
13726,244871.78770415892
13727,244871.78855674947
13728,244871.7891261438
13729,244871.78883932478
13730,244871.7868406225
13731,244871.78576715486
13732,244871.78807343406
13733,244871.78814818247
13734,244871.7862498073
13735,244871.78782113467
13736,244871.7894976513
13737,244871.7878621334
13738,244871.7853592754
13739,244871.78657740957
13740,244871.78763572895
13741,244871.78529052183
13742,244871.78836847216
13743,244871.78791514525
13744,244871.7862511568
13745,244871.78774306952
13746,244871.78557826867
13747,244871.78724952438
13748,244871.78753676976
13749,244871.78697587398
13750,244871.78664811864
13751,244871.786018697
13752,244871.78815609938
13753,244871.78692329815
13754,244871.78588541085
13755,244871.78672320864
13756,244871.78553216194
13757,244871.78729127202
13758,244871.7884556308
13759,244871.78477226497
13760,244871.78623266856
13761,244871.78578826366
13762,244871.78838558143
13763,244871.78882605565
13764,244871.78796324044
13765,244871.7857911797
13766,244871.7890487663
13767,244871.78746962626
13768,244871.78870277066
13769,244871.7872518212
13770,244871.78560044256
13771,244871.78613912142
13772,244871.78657440055
13773,244871.78617577697
13774,244871.78744807138
13775,244871.78728609733
13776,244871.78687207936
13777,244871.78785712333
13778,244871.78628237205
13779,244871.7872425557
13780,244871.78541452467
13781,244871.78779744392
13782,244871.78802333292
13783,244871.78771713225
13784,244871.78809483614
13785,244871.78713867464
13786,244871.7855264055
13787,244871.78867777454
13788,244871.78552019908
13789,244871.78718295248
13790,244871.7863492108
13791,244871.7857672178
13792,244871.78767050724
13793,244871.7874381299
13794,244871.78648433863
13795,244871.78648596833
13796,244871.78726689905
13797,244871.78652541814
13798,244871.78786051477
13799,244871.78839335527
13800,244871.78629706724
13801,244871.78792597805
13802,244871.78715226785
13803,244871.7850361553
13804,244871.78625655916
13805,244871.78727238736
13806,244871.78711353114
13807,244871.78722837986
13808,244871.78562171344
13809,244871.7867949312
13810,244871.78686435148
13811,244871.78772087352
13812,244871.78742332055
13813,244871.78712623715
13814,244871.7878468888
13815,244871.78815470336
13816,244871.78739151492
13817,244871.78678828917
13818,244871.7860743634
13819,244871.78813145676
13820,244871.7854411915
13821,244871.785660521
13822,244871.78748123703
13823,244871.78587575545
13824,244871.7869334345
13825,244871.7861952294
13826,244871.78762833608
13827,244871.78833317407
13828,244871.78869164272
13829,244871.78658190038
13830,244871.78805799637
13831,244871.78877178734
13832,244871.7884186194
13833,244871.78739135293
13834,244871.78738871557
13835,244871.7878513771
13836,244871.78556214756
13837,244871.78631603866
13838,244871.78648064498
13839,244871.78714028973
13840,244871.7869544339
13841,244871.78721837013
13842,244871.78730083298
13843,244871.78667510353
13844,244871.78683204207
13845,244871.7873639571
13846,244871.78716881288
13847,244871.78676160917
13848,244871.78591649485
13849,244871.7862022529
13850,244871.78599381258
13851,244871.7866344736
13852,244871.78710835185
13853,244871.78492337148
13854,244871.78753068406
13855,244871.78571544331
13856,244871.78719416563
13857,244871.78715112573
13858,244871.78702640996
13859,244871.78764483242
13860,244871.78654369118
13861,244871.78826241972
13862,244871.78569308022
13863,244871.78617275998
13864,244871.78685348542
13865,244871.78754153618
13866,244871.78662552865
13867,244871.78596566198
13868,244871.7853489888
13869,244871.78670033315
13870,244871.78646863106
13871,244871.78720587585
13872,244871.7868009018
13873,244871.78695288792
13874,244871.78761787206
13875,244871.78824845728
13876,244871.78602275424
13877,244871.7871855233
13878,244871.7876168558
13879,244871.78788192448
13880,244871.78711219263
13881,244871.78690012952
13882,244871.78721347256
13883,244871.78615320032
13884,244871.7866755807
13885,244871.7870988476
13886,244871.78716999633
13887,244871.78700684858
13888,244871.7870068484
13889,1510498.6702744835
13890,1510498.6702744856
13891,1510498.6702744798
13892,1510498.670274481
13893,1510498.6702744856
13894,1510498.6702744819
13895,1510498.670274477
13896,1510498.6702744847
13897,1510498.67027448
13898,1510498.6702744805
13899,1510498.6702744765
13900,1510498.666130143
13901,1510498.6770450692
13902,1510498.6620914324
13903,1510498.6620838358
13904,1510498.6748222252
13905,1510498.6665738276
13906,1510498.6410509269
13907,1510498.6719571145
13908,1510498.6707995813
13909,1510498.6718505945
13910,1510498.6475414531
13911,1510498.661835917
13912,1510498.6700025229
13913,1510498.671651572
13914,1510498.6663074584
13915,1510498.6575981705
13916,1510498.6762468324
13917,1510498.6666122626
13918,1510498.6626090484
13919,1510498.6625695426
13920,1510498.683804886
13921,1510498.6986997447
13922,1510498.6670558893
13923,1510498.688633096
13924,1510498.6758374753
13925,1510498.653858744
13926,1510498.6816882063
13927,1510498.6740437557
13928,1510498.677043638
13929,1510498.6647417168
13930,1510498.6751568771
13931,1510498.6856005457
13932,1510498.6590301145
13933,1510498.6814002024
13934,1510498.6665198694
13935,1510498.6543377596
13936,1510498.6860887934
13937,1510498.6650614936
13938,1510498.6623518683
13939,1510498.6657360913
13940,1510498.6715950014
13941,1510498.6592409436
13942,1510498.6594937632
13943,1510498.6693260372
13944,1510498.668794294
13945,1510498.6704203454
13946,1510498.669094375
13947,1510498.6889881727
13948,1510498.6566035426
13949,1510498.6572926254
13950,1510498.670519288
13951,1510498.653709804
13952,1510498.6749406103
13953,1510498.6642206027
13954,1510498.6901427766
13955,1510498.6840008819
13956,1510498.6806121888
13957,1510498.6686599455
13958,1510498.6754924492
13959,1510498.6680682013
13960,1510498.6759737884
13961,1510498.6793214825
13962,1510498.6758770226
13963,1510498.6574032735
13964,1510498.6582786182
13965,1510498.6735807578
13966,1510498.6921575943
13967,1510498.6688590522
13968,1510498.657117846
13969,1510498.6778941553
13970,1510498.6509490986
13971,1510498.6794939323
13972,1510498.6712979495
13973,1510498.6708569091
13974,1510498.6498741494
13975,1510498.6737026034
13976,1510498.672976045
13977,1510498.6717015915
13978,1510498.6702531176
13979,1510498.6623803843
13980,1510498.668271974
13981,1510498.6784414812
13982,1510498.6750200123
13983,1510498.6676156113
13984,1510498.6770824974
13985,1510498.677448581
13986,1510498.675321641
13987,1510498.6611853598
13988,1510498.677184697
13989,1510498.6731601455
13990,1510498.6816227813
13991,1510498.6716898994
13992,1510498.672755652
13993,1510498.663984722
13994,1510498.6498233872
13995,1510498.6526467465
13996,1510498.6630047052
13997,1510498.6581857554
13998,1510498.6686571029
13999,1510498.676121528
14000,1510498.666342134
14001,1510498.6581150878
14002,1510498.673384295
14003,1510498.671399713
14004,1510498.689786318
14005,1510498.6733570388
14006,1510498.6699064597
14007,1510498.6632338515
14008,1510498.666358101
14009,1510498.6645623313
14010,1510498.6688586604
14011,1510498.6738548342
14012,1510498.6682628288
14013,1510498.6685311606
14014,1510498.673490803
14015,1510498.6699058076
14016,1510498.6707174066
14017,1510498.6645191675
14018,1510498.665799649
14019,1510498.6842503364
14020,1510498.6507546657
14021,1510498.671065803
14022,1510498.682371916
14023,1510498.6838069744
14024,1510498.6722211526
14025,1510498.6653348752
14026,1510498.6874483717
14027,1510498.6726413653
14028,1510498.6812751612
14029,1510498.6628808475
14030,1510498.6818332057
14031,1510498.6585918108
14032,1510498.6510354804
14033,1510498.677401478
14034,1510498.6838569816
14035,1510498.6857370513
14036,1510498.6710198247
14037,1510498.6773650926
14038,1510498.663425708
14039,1510498.6675958782
14040,1510498.6591774735
14041,1510498.6636408954
14042,1510498.6679543846
14043,1510498.6564635285
14044,1510498.6585484305
14045,1510498.6671515973
14046,1510498.664551442
14047,1510498.667029072
14048,1510498.673936458
14049,1510498.6506238834
14050,1510498.6572251616
14051,1510498.6891847886
14052,1510498.6762249533
14053,1510498.6570085601
14054,1510498.6648820383
14055,1510498.6793656717
14056,1510498.6598356694
14057,1510498.6868133703
14058,1510498.6752243638
14059,1510498.66856143
14060,1510498.677213995
14061,1510498.6795095904
14062,1510498.6693913331
14063,1510498.6699587267
14064,1510498.66126638
14065,1510498.68908525
14066,1510498.659936878
14067,1510498.6610840978
14068,1510498.673562486
14069,1510498.6606326918
14070,1510498.6609958834
14071,1510498.659704234
14072,1510498.6829362875
14073,1510498.662162706
14074,1510498.6673488826
14075,1510498.6624460707
14076,1510498.6688093313
14077,1510498.6692017016
14078,1510498.6638389651
14079,1510498.6747516762
14080,1510498.6615518336
14081,1510498.66942025
14082,1510498.6685225163
14083,1510498.663497426
14084,1510498.6715918682
14085,1510498.671072105
14086,1510498.6637186743
14087,1510498.6860010999
14088,1510498.665520098
14089,1510498.6671976212
14090,1510498.6640246038
14091,1510498.6663661455
14092,1510498.6721752645
14093,1510498.6884345503
14094,1510498.6807190897
14095,1510498.6615340721
14096,1510498.6748548404
14097,1510498.6802186081
14098,1510498.67692287
14099,1510498.682789314
14100,1510498.6778928838
14101,1510498.680179018
14102,1510498.655081385
14103,1510498.6705715456
14104,1510498.6735294762
14105,1510498.6667980617
14106,1510498.6648730212
14107,1510498.6740789355
14108,1510498.6851129262
14109,1510498.6596916236
14110,1510498.6609061349
14111,1510498.6658970513
14112,1510498.680470265
14113,1510498.6845160446
14114,1510498.6821290317
14115,1510498.6694208467
14116,1510498.6672957179
14117,1510498.6699552778
14118,1510498.6674346905
14119,1510498.683533143
14120,1510498.6618000907
14121,1510498.6654956825
14122,1510498.6770834287
14123,1510498.6813713177
14124,1510498.6612229072
14125,1510498.6762675701
14126,1510498.675241294
14127,1510498.6672835732
14128,1510498.6760461596
14129,1510498.6581810575
14130,1510498.6774509444
14131,1510498.664619281
14132,1510498.674064767
14133,1510498.6772185639
14134,1510498.6572238132
14135,1510498.6565339423
14136,1510498.682074014
14137,1510498.677999673
14138,1510498.6666169388
14139,1510498.659143863
14140,1510498.6741392787
14141,1510498.6719049169
14142,1510498.6607032847
14143,1510498.6660907406
14144,1510498.6794067412
14145,1510498.6752184182
14146,1510498.6893373632
14147,1510498.678559268
14148,1510498.6705743466
14149,1510498.67642132
14150,1510498.6871378343
14151,1510498.6635471517
14152,1510498.6775254137
14153,1510498.671693027
14154,1510498.6691368537
14155,1510498.653469725
14156,1510498.665368559
14157,1510498.6847591656
14158,1510498.667780548
14159,1510498.6812811668
14160,1510498.667079647
14161,1510498.6712566724
14162,1510498.6536007358
14163,1510498.6653953083
14164,1510498.6731494893
14165,1510498.6777497376
14166,1510498.6661207243
14167,1510498.67716091
14168,1510498.6731416127
14169,1510498.6752122194
14170,1510498.6737006183
14171,1510498.6666928544
14172,1510498.6655887698
14173,1510498.660266143
14174,1510498.6810250578
14175,1510498.6679729957
14176,1510498.6671952112
14177,1510498.665861858
14178,1510498.6798928978
14179,1510498.6711939895
14180,1510498.669796124
14181,1510498.6733320314
14182,1510498.6664301334
14183,1510498.6772878873
14184,1510498.6869466142
14185,1510498.6712671672
14186,1510498.6621723154
14187,1510498.682474897
14188,1510498.6650186265
14189,1510498.6738277944
14190,1510498.6784123124
14191,1510498.6603286243
14192,1510498.6728493255
14193,1510498.669608216
14194,1510498.6631886084
14195,1510498.6673824599
14196,1510498.6716518954
14197,1510498.6684171285
14198,1510498.666936796
14199,1510498.673941175
14200,1510498.6816130206
14201,1510498.6603818163
14202,1510498.6794358057
14203,1510498.6845911292
14204,1510498.6654646434
14205,1510498.6629551242
14206,1510498.674510632
14207,1510498.6641991665
14208,1510498.6621206072
14209,1510498.664878917
14210,1510498.6703629605
14211,1510498.6595304704
14212,1510498.6778759325
14213,1510498.6638268603
14214,1510498.6783685766
14215,1510498.659848808
14216,1510498.6806608425
14217,1510498.6679381086
14218,1510498.6679521792
14219,1510498.6732313412
14220,1510498.6714355953
14221,1510498.6681932446
14222,1510498.6585096847
14223,1510498.6609386422
14224,1510498.6633215093
14225,1510498.6673607014
14226,1510498.6723147621
14227,1510498.6619671572
14228,1510498.6643824228
14229,1510498.6866049604
14230,1510498.651569281
14231,1510498.6609246575
14232,1510498.6601953835
14233,1510498.6796388351
14234,1510498.667468807
14235,1510498.6654556966
14236,1510498.6798950953
14237,1510498.667838105
14238,1510498.658581205
14239,1510498.6668310552
14240,1510498.6626683914
14241,1510498.6764899378
14242,1510498.6682336899
14243,1510498.6732401394
14244,1510498.6834603243
14245,1510498.673591176
14246,1510498.6754303367
14247,1510498.6723797182
14248,1510498.6677338951
14249,1510498.6744070952
14250,1510498.6813975726
14251,1510498.6844158906
14252,1510498.6791672432
14253,1510498.6741398168
14254,1510498.6754807697
14255,1510498.6751245374
14256,1510498.6722384777
14257,1510498.6650326122
14258,1510498.675801835
14259,1510498.6813517686
14260,1510498.6675979071
14261,1510498.6721375987
14262,1510498.6740302148
14263,1510498.6623685015
14264,1510498.6675880977
14265,1510498.6497636451
14266,1510498.6689203586
14267,1510498.6601957956
14268,1510498.6549914738
14269,1510498.676758289
14270,1510498.6755556853
14271,1510498.6746547117
14272,1510498.6629197171
14273,1510498.6611068759
14274,1510498.6736310765
14275,1510498.6724499166
14276,1510498.649514428
14277,1510498.6608420312
14278,1510498.6759166142
14279,1510498.6585557999
14280,1510498.6724948157
14281,1510498.674349767
14282,1510498.665020098
14283,1510498.6709423834
14284,1510498.6976886652
14285,1510498.6749707162
14286,1510498.677651708
14287,1510498.6717984471
14288,1510498.6578393695
14289,1510498.6673172447
14290,1510498.6797288652
14291,1510498.6770963003
14292,1510498.6613797464
14293,1510498.6609507818
14294,1510498.6633881687
14295,1510498.6904610505
14296,1510498.6698892117
14297,1510498.6562172452
14298,1510498.6728207301
14299,1510498.6659658807
14300,1510498.6659976887
14301,1510498.6715488536
14302,1510498.6622331808
14303,1510498.66728456
14304,1510498.687029689
14305,1510498.6757379768
14306,1510498.673863572
14307,1510498.6633706132
14308,1510498.677483049
14309,1510498.6766066488
14310,1510498.66759157
14311,1510498.6647592278
14312,1510498.6641815868
14313,1510498.681502065
14314,1510498.652336591
14315,1510498.6740792822
14316,1510498.6688946222
14317,1510498.6654865178
14318,1510498.6695567511
14319,1510498.667461367
14320,1510498.669644316
14321,1510498.663987054
14322,1510498.679345671
14323,1510498.662851525
14324,1510498.6658114293
14325,1510498.6635938708
14326,1510498.6685256215
14327,1510498.6761037612
14328,1510498.6726409858
14329,1510498.6472538072
14330,1510498.6685651578
14331,1510498.6745328342
14332,1510498.6736768198
14333,1510498.658216761
14334,1510498.6595038928
14335,1510498.6734666128
14336,1510498.6798541788
14337,1510498.652804119
14338,1510498.6780441448
14339,1510498.6625747771
14340,1510498.6734668075
14341,1510498.6701297516
14342,1510498.65905574
14343,1510498.6674244066
14344,1510498.680316093
14345,1510498.6685848199
14346,1510498.6748183002
14347,1510498.6696989993
14348,1510498.671577499
14349,1510498.6688896597
14350,1510498.680792176
14351,1510498.652875364
14352,1510498.6671259427
14353,1510498.6864559152
14354,1510498.6686525752
14355,1510498.6660181782
14356,1510498.660396359
14357,1510498.6817114174
14358,1510498.6750764174
14359,1510498.656313767
14360,1510498.663434553
14361,1510498.6617858466
14362,1510498.6701683325
14363,1510498.6648261806
14364,1510498.656915489
14365,1510498.6606719291
14366,1510498.6761174758
14367,1510498.6696962202
14368,1510498.6604538637
14369,1510498.6784909081
14370,1510498.671832933
14371,1510498.665377873
14372,1510498.6661273094
14373,1510498.6699625214
14374,1510498.690113639
14375,1510498.6732032925
14376,1510498.664963251
14377,1510498.6643114546
14378,1510498.6795120677
14379,1510498.6700481728
14380,1510498.6592848655
14381,1510498.6790189866
14382,1510498.6676292284
14383,1510498.6727735202
14384,1510498.6643807385
14385,1510498.6818858131
14386,1510498.6831131177
14387,1510498.6721582904
14388,1510498.6755857328
14389,1510498.687228512
14390,1510498.6797953153
14391,1510498.6633458373
14392,1510498.6663459714
14393,1510498.6765553188
14394,1510498.6722586725
14395,1510498.6626535445
14396,1510498.6767725996
14397,1510498.6671688152
14398,1510498.6566323854
14399,1510498.6627923502
14400,1510498.6706169362
14401,1510498.658276187
14402,1510498.668696947
14403,1510498.6759535589
14404,1510498.6838635576
14405,1510498.6752434925
14406,1510498.664340856
14407,1510498.6703684907
14408,1510498.666376536
14409,1510498.6594412609
14410,1510498.6804726867
14411,1510498.6772329137
14412,1510498.665650236
14413,1510498.6621495858
14414,1510498.6730842183
14415,1510498.6690349516
14416,1510498.6627388347
14417,1510498.6604018293
14418,1510498.6704267191
14419,1510498.6828587814
14420,1510498.6747534126
14421,1510498.6747099943
14422,1510498.6711766638
14423,1510498.6709852854
14424,1510498.6764002775
14425,1510498.6635334098
14426,1510498.6628623202
14427,1510498.6564712243
14428,1510498.6628362103
14429,1510498.682374806
14430,1510498.6806258478
14431,1510498.6770107672
14432,1510498.6696503335
14433,1510498.664581817
14434,1510498.6658158274
14435,1510498.6590685928
14436,1510498.666869594
14437,1510498.6636413436
14438,1510498.6668495988
14439,1510498.6866042437
14440,1510498.6734941818
14441,1510498.6671957842
14442,1510498.6747766777
14443,1510498.6756861522
14444,1510498.6621692542
14445,1510498.6722308996
14446,1510498.6763594265
14447,1510498.6753340224
14448,1510498.6653667013
14449,1510498.6684051114
14450,1510498.674665151
14451,1510498.6699606625
14452,1510498.673814433
14453,1510498.6730074622
14454,1510498.6611597529
14455,1510498.681662092
14456,1510498.6722761844
14457,1510498.6596238108
14458,1510498.681580518
14459,1510498.6881795733
14460,1510498.6862779318
14461,1510498.6668125044
14462,1510498.6688164715
14463,1510498.6721164354
14464,1510498.6782656896
14465,1510498.6623982152
14466,1510498.6729419222
14467,1510498.6761327514
14468,1510498.6813016704
14469,1510498.653472678
14470,1510498.6761162044
14471,1510498.666063318
14472,1510498.6681589761
14473,1510498.6700370829
14474,1510498.6692697373
14475,1510498.6771844001
14476,1510498.6707731774
14477,1510498.6619432152
14478,1510498.6692877857
14479,1510498.6698541509
14480,1510498.6734975632
14481,1510498.669158662
14482,1510498.6693197666
14483,1510498.6740020597
14484,1510498.6715777502
14485,1510498.652941478
14486,1510498.6560334207
14487,1510498.6621272515
14488,1510498.6705225576
14489,1510498.674568311
14490,1510498.659762096
14491,1510498.6614416814
14492,1510498.6611028255
14493,1510498.6756209626
14494,1510498.6912364587
14495,1510498.6777329962
14496,1510498.6674705546
14497,1510498.6723533943
14498,1510498.6760953271
14499,1510498.6792349617
14500,1510498.6739115806
14501,1510498.6642528898
14502,1510498.6697194506
14503,1510498.6688091015
14504,1510498.673968928
14505,1510498.6696312383
14506,1510498.6642225657
14507,1510498.6743865726
14508,1510498.673740798
14509,1510498.6682420801
14510,1510498.6760054694
14511,1510498.6646336159
14512,1510498.6741971255
14513,1510498.6719282698
14514,1510498.6744400985
14515,1510498.6671328067
14516,1510498.670028806
14517,1510498.6580836042
14518,1510498.6735733687
14519,1510498.658608126
14520,1510498.663794894
14521,1510498.671520436
14522,1510498.6649030522
14523,1510498.673668927
14524,1510498.6756359746
14525,1510498.6638253198
14526,1510498.667209662
14527,1510498.6714927414
14528,1510498.6651809772
14529,1510498.668877925
14530,1510498.6764182518
14531,1510498.6577600243
14532,1510498.6743341836
14533,1510498.6712505468
14534,1510498.6560653895
14535,1510498.6784525155
14536,1510498.6771730727
14537,1510498.675978428
14538,1510498.6706812123
14539,1510498.6623655704
14540,1510498.6672113563
14541,1510498.6701847122
14542,1510498.676609107
14543,1510498.6763785637
14544,1510498.6672595046
14545,1510498.6703524073
14546,1510498.6765208626
14547,1510498.671892665
14548,1510498.662104748
14549,1510498.6754200407
14550,1510498.6822737674
14551,1510498.6705683891
14552,1510498.6635011882
14553,1510498.6710273325
14554,1510498.6647574785
14555,1510498.6699167779
14556,1510498.6647960101
14557,1510498.6772719102
14558,1510498.6758421103
14559,1510498.690936691
14560,1510498.6678517284
14561,1510498.6708574214
14562,1510498.6771041532
14563,1510498.6802744153
14564,1510498.6780945477
14565,1510498.6676181576
14566,1510498.6677466254
14567,1510498.6576105538
14568,1510498.6689994887
14569,1510498.671491659
14570,1510498.6732825534
14571,1510498.6696126596
14572,1510498.6713612145
14573,1510498.6731228929
14574,1510498.6731459994
14575,1510498.6746818551
14576,1510498.673381661
14577,1510498.6732113701
14578,1510498.669848863
14579,1510498.6660672666
14580,1510498.662500742
14581,1510498.6668665959
14582,1510498.6714131692
14583,1510498.6742865406
14584,1510498.6569216077
14585,1510498.67332659
14586,1510498.6630865396
14587,1510498.671440026
14588,1510498.6713405568
14589,1510498.6700758508
14590,1510498.6766751616
14591,1510498.6655175313
14592,1510498.681634971
14593,1510498.6667938645
14594,1510498.6642507485
14595,1510498.6777369853
14596,1510498.669295557
14597,1510498.6689947725
14598,1510498.6676389764
14599,1510498.6600839703
14600,1510498.6712612216
14601,1510498.670298505
14602,1510498.6727723444
14603,1510498.6688317352
14604,1510498.6702401463
14605,1510498.6742911208
14606,1510498.6786647222
14607,1510498.6711425749
14608,1510498.671288787
14609,1510498.6728739208
14610,1510498.6755705173
14611,1510498.6715315583
14612,1510498.667506742
14613,1510498.6721919419
14614,1510498.6668501305
14615,1510498.6698016818
14616,1510498.6706428549
14617,1510498.6719459842
14618,1510498.6702744826
14619,1510498.6702744833
14620,238637.12891186727
14621,238637.12891186803
14622,238637.12891186672
14623,238637.12891186838
14624,238637.12891186765
14625,238637.1289118675
14626,238637.12891186704
14627,238637.1289118676
14628,238637.12891186736
14629,238637.12891186663
14630,238637.12891186675
14631,238637.12937954126
14632,238637.12950145788
14633,238637.12761557434
14634,238637.1278987434
14635,238637.12911424748
14636,238637.1277072
14637,238637.1249036726
14638,238637.12901374075
14639,238637.13040107602
14640,238637.12895328883
14641,238637.1264611132
14642,238637.12673116042
14643,238637.12955700452
14644,238637.1295043552
14645,238637.12823885973
14646,238637.1280377101
14647,238637.12942002693
14648,238637.1267494123
14649,238637.12818529902
14650,238637.12776581716
14651,238637.13028480206
14652,238637.1327263656
14653,238637.12906589828
14654,238637.13011999536
14655,238637.12947362775
14656,238637.12711454174
14657,238637.13068073828
14658,238637.12979562138
14659,238637.13008192705
14660,238637.12799462685
14661,238637.12935316033
14662,238637.13105853542
14663,238637.12760439987
14664,238637.13171189817
14665,238637.13017144136
14666,238637.12754071236
14667,238637.13065865886
14668,238637.1283372245
14669,238637.1270380047
14670,238637.1279738944
14671,238637.12844651286
14672,238637.12809599383
14673,238637.126647777
14674,238637.12908616324
14675,238637.1295550821
14676,238637.12819741215
14677,238637.12866763832
14678,238637.1312856103
14679,238637.12665114153
14680,238637.12747015007
14681,238637.1284991123
14682,238637.12680211838
14683,238637.12955669992
14684,238637.1276532505
14685,238637.1315848582
14686,238637.13063750838
14687,238637.13012303124
14688,238637.12846871113
14689,238637.12904795381
14690,238637.12733261517
14691,238637.1293018143
14692,238637.1301632139
14693,238637.12992674037
14694,238637.12774773405
14695,238637.12857104943
14696,238637.13055278445
14697,238637.13209030937
14698,238637.12906439824
14699,238637.12702764783
14700,238637.12989266208
14701,238637.12587764775
14702,238637.1291562027
14703,238637.1287708527
14704,238637.12936304233
14705,238637.12598309372
14706,238637.1286370701
14707,238637.12877164516
14708,238637.12792235968
14709,238637.12914565587
14710,238637.12624127476
14711,238637.12920927696
14712,238637.13000270145
14713,238637.12893328565
14714,238637.12733588915
14715,238637.1300173924
14716,238637.13006556858
14717,238637.12975736702
14718,238637.1279908638
14719,238637.12810719633
14720,238637.1293446995
14721,238637.12981020688
14722,238637.12827731686
14723,238637.1286200503
14724,238637.12753753093
14725,238637.1271314576
14726,238637.12594116147
14727,238637.12896605025
14728,238637.12817770653
14729,238637.12937450444
14730,238637.12959780177
14731,238637.1285870606
14732,238637.1268535768
14733,238637.12875008202
14734,238637.12976359
14735,238637.13204505594
14736,238637.12965107575
14737,238637.12769018387
14738,238637.12747030798
14739,238637.1295267783
14740,238637.12787811688
14741,238637.12995131526
14742,238637.12920067104
14743,238637.12860807654
14744,238637.12823384439
14745,238637.13020825785
14746,238637.12858223583
14747,238637.12920896505
14748,238637.12711064852
14749,238637.1267740623
14750,238637.13042332136
14751,238637.12667509465
14752,238637.1290282523
14753,238637.12873113534
14754,238637.12941137567
14755,238637.12886221305
14756,238637.12920740698
14757,238637.13219859757
14758,238637.1280637756
14759,238637.13096491023
14760,238637.12670883123
14761,238637.12966891914
14762,238637.12873949585
14763,238637.1263641437
14764,238637.1306428557
14765,238637.1309598136
14766,238637.1310559061
14767,238637.12907297126
14768,238637.1305185287
14769,238637.12761284658
14770,238637.1271517898
14771,238637.12771685558
14772,238637.12688007526
14773,238637.1285738548
14774,238637.12738801786
14775,238637.1269591023
14776,238637.12929619613
14777,238637.12735681105
14778,238637.12733799
14779,238637.12820336907
14780,238637.1263287192
14781,238637.12676393177
14782,238637.12946573392
14783,238637.12907894206
14784,238637.12817231927
14785,238637.12879530067
14786,238637.13035710293
14787,238637.1266057693
14788,238637.13028512595
14789,238637.12938634076
14790,238637.1288123367
14791,238637.12831597103
14792,238637.12965864234
14793,238637.12983248505
14794,238637.13005490575
14795,238637.1292386934
14796,238637.13196616955
14797,238637.12698072448
14798,238637.128257356
14799,238637.12921296564
14800,238637.12782629445
14801,238637.12717461566
14802,238637.127889312
14803,238637.12985977024
14804,238637.1285092295
14805,238637.12819689437
14806,238637.12763075338
14807,238637.1287023054
14808,238637.12715234837
14809,238637.1267233598
14810,238637.1286056773
14811,238637.12783519443
14812,238637.1285865635
14813,238637.12807757038
14814,238637.12841601323
14815,238637.12796729818
14816,238637.13055161212
14817,238637.12812003592
14818,238637.13058808853
14819,238637.12829114625
14820,238637.12829722694
14821,238637.12844565022
14822,238637.12836689103
14823,238637.12793086964
14824,238637.13174806343
14825,238637.12996342775
14826,238637.1276575288
14827,238637.12971679567
14828,238637.12850208214
14829,238637.12891672648
14830,238637.13044104632
14831,238637.13000438854
14832,238637.13161308816
14833,238637.12690875182
14834,238637.1291301496
14835,238637.12784142746
14836,238637.12707412333
14837,238637.130215202
14838,238637.12945333825
14839,238637.12964307496
14840,238637.12794351863
14841,238637.12770433267
14842,238637.12793888763
14843,238637.12696837544
14844,238637.12863689676
14845,238637.12877458648
14846,238637.12862646623
14847,238637.12832604276
14848,238637.1291555763
14849,238637.1293268318
14850,238637.12994675958
14851,238637.1276821784
14852,238637.12847670162
14853,238637.13057475182
14854,238637.12991000357
14855,238637.12815719668
14856,238637.1282413444
14857,238637.1285218823
14858,238637.1278436589
14859,238637.1304393672
14860,238637.12785017522
14861,238637.13056153955
14862,238637.12714526668
14863,238637.13100043265
14864,238637.13023631333
14865,238637.12773498692
14866,238637.12741917884
14867,238637.13008212656
14868,238637.12836194958
14869,238637.12881313087
14870,238637.1276783891
14871,238637.1309873573
14872,238637.13017291823
14873,238637.12871622335
14874,238637.12794635308
14875,238637.1299024435
14876,238637.13042733894
14877,238637.13184580253
14878,238637.13083201105
14879,238637.1294622051
14880,238637.1283784099
14881,238637.13107143046
14882,238637.12800358044
14883,238637.12922564548
14884,238637.12842759205
14885,238637.12802824474
14886,238637.12779193578
14887,238637.1272151516
14888,238637.13023020106
14889,238637.1281043658
14890,238637.13027243162
14891,238637.12755367093
14892,238637.1290390709
14893,238637.12712818146
14894,238637.13020621723
14895,238637.12854273198
14896,238637.12965980914
14897,238637.12867341118
14898,238637.12828302573
14899,238637.1301774217
14900,238637.12885641545
14901,238637.12947280245
14902,238637.12931200257
14903,238637.12835301564
14904,238637.12868300214
14905,238637.1290078899
14906,238637.12796113096
14907,238637.1289834229
14908,238637.12861589986
14909,238637.12968463692
14910,238637.1292665021
14911,238637.1292076037
14912,238637.1292491388
14913,238637.13012350578
14914,238637.1301388098
14915,238637.1313725678
14916,238637.12901091267
14917,238637.12845488772
14918,238637.13123788394
14919,238637.12714631172
14920,238637.12886650776
14921,238637.12947748147
14922,238637.126236366
14923,238637.1290988282
14924,238637.12887576807
14925,238637.1286895441
14926,238637.12823224024
14927,238637.13016703032
14928,238637.128215332
14929,238637.1282817417
14930,238637.1287929978
14931,238637.1289632268
14932,238637.12827840605
14933,238637.12974826095
14934,238637.13137046076
14935,238637.1278053773
14936,238637.1270276439
14937,238637.12957248607
14938,238637.1282381025
14939,238637.12675638305
14940,238637.12866149953
14941,238637.1293898802
14942,238637.1277151139
14943,238637.1285463239
14944,238637.12814526964
14945,238637.12891926695
14946,238637.126979447
14947,238637.1303316787
14948,238637.12900871076
14949,238637.1301634054
14950,238637.12760809014
14951,238637.1281991242
14952,238637.12843260358
14953,238637.12845359003
14954,238637.12577720633
14955,238637.1279317698
14956,238637.12882647995
14957,238637.1291225551
14958,238637.12799767058
14959,238637.12703179434
14960,238637.13209207525
14961,238637.1281343802
14962,238637.1261739187
14963,238637.12755741648
14964,238637.12966223375
14965,238637.12847345934
14966,238637.12682957322
14967,238637.13057011674
14968,238637.1276616218
14969,238637.12770182447
14970,238637.12834385716
14971,238637.1294320297
14972,238637.12976156702
14973,238637.12787480143
14974,238637.12863028204
14975,238637.12955491134
14976,238637.13046939738
14977,238637.1288103368
14978,238637.13001240417
14979,238637.1292045171
14980,238637.12874274433
14981,238637.13083831823
14982,238637.1320827648
14983,238637.1308046503
14984,238637.12923979797
14985,238637.13020448925
14986,238637.13094893337
14987,238637.1294176756
14988,238637.12741739655
14989,238637.12897479732
14990,238637.1289848183
14991,238637.12848411326
14992,238637.12834576605
14993,238637.12967377942
14994,238637.12915549142
14995,238637.12822985413
14996,238637.12745574303
14997,238637.12874291197
14998,238637.1268262836
14999,238637.12690029052
15000,238637.12942774332
15001,238637.1292959019
15002,238637.12981381713
15003,238637.128363177
15004,238637.12858658523
15005,238637.1286787751
15006,238637.12889257332
15007,238637.12719964574
15008,238637.12837337548
15009,238637.129913251
15010,238637.12664451965
15011,238637.13000049596
15012,238637.1285741259
15013,238637.12906293364
15014,238637.12887452284
15015,238637.13161261764
15016,238637.12801467566
15017,238637.12875090155
15018,238637.1288595218
15019,238637.12785178874
15020,238637.12848579517
15021,238637.12928962894
15022,238637.13076738463
15023,238637.12935321778
15024,238637.1278224804
15025,238637.12596364575
15026,238637.1321752211
15027,238637.1280763129
15028,238637.12824086667
15029,238637.13059606112
15030,238637.12756763736
15031,238637.12897423247
15032,238637.12925967228
15033,238637.1271816313
15034,238637.13007747917
15035,238637.13154151075
15036,238637.12953699182
15037,238637.1285860321
15038,238637.1272976808
15039,238637.12979916678
15040,238637.1291606894
15041,238637.12948381435
15042,238637.12909602426
15043,238637.12916626787
15044,238637.1309141994
15045,238637.12745527152
15046,238637.1302741868
15047,238637.12930073045
15048,238637.1285151119
15049,238637.12908838288
15050,238637.12835948597
15051,238637.1287680065
15052,238637.12864069853
15053,238637.13097869384
15054,238637.12866627902
15055,238637.1284866603
15056,238637.1277140896
15057,238637.12861163463
15058,238637.12830342905
15059,238637.1270403269
15060,238637.12582029356
15061,238637.1287574871
15062,238637.12823629795
15063,238637.12856678604
15064,238637.1281449389
15065,238637.12735450204
15066,238637.12905240894
15067,238637.12968464146
15068,238637.12624658778
15069,238637.12916700006
15070,238637.13009916147
15071,238637.12849887516
15072,238637.1299475339
15073,238637.12700197336
15074,238637.1283446645
15075,238637.12873839375
15076,238637.12881334143
15077,238637.1290688762
15078,238637.13004806347
15079,238637.1292220039
15080,238637.12889423466
15081,238637.13014558554
15082,238637.12661518826
15083,238637.12669190075
15084,238637.13094822527
15085,238637.1305943521
15086,238637.12830374273
15087,238637.12773573387
15088,238637.12926711567
15089,238637.12888625904
15090,238637.12818048592
15091,238637.12874835945
15092,238637.12731263487
15093,238637.12820169877
15094,238637.12738080372
15095,238637.12698201102
15096,238637.129791046
15097,238637.12921576086
15098,238637.12874879644
15099,238637.1284071003
15100,238637.12909706304
15101,238637.1296554476
15102,238637.12734118057
15103,238637.1275802885
15104,238637.12679125465
15105,238637.13263211545
15106,238637.13009969483
15107,238637.12929446506
15108,238637.1277191369
15109,238637.13088737743
15110,238637.12653262832
15111,238637.12699235193
15112,238637.13062001523
15113,238637.12918712822
15114,238637.12965910032
15115,238637.12879852176
15116,238637.12989659357
15117,238637.13041852473
15118,238637.12803477776
15119,238637.12943953945
15120,238637.13127710504
15121,238637.12905556662
15122,238637.12820735914
15123,238637.12950827568
15124,238637.12997763001
15125,238637.12811508047
15126,238637.12724218512
15127,238637.1294650309
15128,238637.12877748744
15129,238637.12679671505
15130,238637.12709822043
15131,238637.1286308911
15132,238637.12729751263
15133,238637.12845539098
15134,238637.12944645478
15135,238637.13209104762
15136,238637.12891385608
15137,238637.12782236433
15138,238637.12885228964
15139,238637.1284793238
15140,238637.1277520631
15141,238637.13140389754
15142,238637.12977662048
15143,238637.1277382602
15144,238637.12838454137
15145,238637.12949211744
15146,238637.12910455174
15147,238637.12757678557
15148,238637.12844109512
15149,238637.1285079876
15150,238637.1295553376
15151,238637.12890904854
15152,238637.13087655412
15153,238637.12926118227
15154,238637.1291070081
15155,238637.1291931966
15156,238637.1278497028
15157,238637.1284846852
15158,238637.12692534775
15159,238637.12857154582
15160,238637.13022090512
15161,238637.13106292975
15162,238637.13024552277
15163,238637.12791640867
15164,238637.12984400342
15165,238637.12754450864
15166,238637.12691754347
15167,238637.12905979398
15168,238637.1277105742
15169,238637.12981815447
15170,238637.13160887323
15171,238637.13034273434
15172,238637.12799987113
15173,238637.1296744387
15174,238637.12768643952
15175,238637.12808726344
15176,238637.1278491942
15177,238637.1304429819
15178,238637.13135674605
15179,238637.12859374916
15180,238637.12920041193
15181,238637.1290554879
15182,238637.12863082963
15183,238637.13012491103
15184,238637.12907972973
15185,238637.12737985677
15186,238637.13078731095
15187,238637.12947071748
15188,238637.1286772767
15189,238637.13090629753
15190,238637.13154568206
15191,238637.1309368826
15192,238637.12891494593
15193,238637.1279210332
15194,238637.1297458323
15195,238637.13027116773
15196,238637.12788717344
15197,238637.129504674
15198,238637.13088366474
15199,238637.1305165889
15200,238637.1266072162
15201,238637.12902530766
15202,238637.12905716867
15203,238637.12722890178
15204,238637.1302822594
15205,238637.12949451283
15206,238637.12859088546
15207,238637.12975847808
15208,238637.12742819614
15209,238637.12926871894
15210,238637.12948684455
15211,238637.1288835187
15212,238637.1284084365
15213,238637.12827174287
15214,238637.12982710675
15215,238637.12896645267
15216,238637.12754835453
15217,238637.12744976877
15218,238637.12734612692
15219,238637.12922106724
15220,238637.13047555945
15221,238637.12670268494
15222,238637.12769553717
15223,238637.12754298918
15224,238637.13022088475
15225,238637.13151233192
15226,238637.13016757605
15227,238637.12733045823
15228,238637.13020141592
15229,238637.12940882347
15230,238637.13081042314
15231,238637.12945344395
15232,238637.12757973612
15233,238637.12793715848
15234,238637.1284176031
15235,238637.128506314
15236,238637.12929901015
15237,238637.1289488073
15238,238637.12888118983
15239,238637.1299828981
15240,238637.12801219805
15241,238637.1293191784
15242,238637.12697263216
15243,238637.12957314856
15244,238637.1294938649
15245,238637.12996151776
15246,238637.12980675098
15247,238637.12945156448
15248,238637.12694362618
15249,238637.13052836855
15250,238637.12693582466
15251,238637.12816364653
15252,238637.1285354638
15253,238637.12769472107
15254,238637.12975975085
15255,238637.12945501658
15256,238637.1282109476
15257,238637.12826518287
15258,238637.1292644942
15259,238637.12825399407
15260,238637.12937079987
15261,238637.1303037322
15262,238637.12770675097
15263,238637.12992001642
15264,238637.12915330558
15265,238637.12708498383
15266,238637.12866998598
15267,238637.12921966502
15268,238637.12920579774
15269,238637.12918011416
15270,238637.12725712275
15271,238637.12865804048
15272,238637.1287112375
15273,238637.12982964684
15274,238637.1298459085
15275,238637.12885378563
15276,238637.1297667544
15277,238637.13034615252
15278,238637.12925207475
15279,238637.12822488457
15280,238637.12809001436
15281,238637.13086133118
15282,238637.1275112961
15283,238637.12743481057
15284,238637.12945237846
15285,238637.12740808094
15286,238637.12890906405
15287,238637.12789978445
15288,238637.12973174424
15289,238637.12991666386
15290,238637.1318070201
15291,238637.12829220598
15292,238637.1300724288
15293,238637.13094513238
15294,238637.13004006894
15295,238637.129347112
15296,238637.12930111543
15297,238637.12928546988
15298,238637.1269374758
15299,238637.128438488
15300,238637.12833944213
15301,238637.12908394967
15302,238637.1287935422
15303,238637.1291098215
15304,238637.12933849997
15305,238637.1290944858
15306,238637.12873396758
15307,238637.12931899467
15308,238637.12912443283
15309,238637.12872260174
15310,238637.12765183274
15311,238637.12794530552
15312,238637.1280327529
15313,238637.12834579626
15314,238637.1290053869
15315,238637.12632734183
15316,238637.12948411366
15317,238637.12733333366
15318,238637.12918784504
15319,238637.1290804766
15320,238637.12887242163
15321,238637.12974047475
15322,238637.12834286978
15323,238637.13033633257
15324,238637.12733712967
15325,238637.12784875053
15326,238637.12924312026
15327,238637.12917874972
15328,238637.12861737114
15329,238637.12765364317
15330,238637.12692537578
15331,238637.12860944303
15332,238637.12820711854
15333,238637.12917171326
15334,238637.12859537642
15335,238637.12887431541
15336,238637.129709799
15337,238637.13060045324
15338,238637.128489072
15339,238637.1291686235
15340,238637.12968728342
15341,238637.12982833976
15342,238637.12902491077
15343,238637.1287781057
15344,238637.12917034322
15345,238637.12791734835
15346,238637.1285583383
15347,238637.12899018693
15348,238637.12910502523
15349,238637.12891186713
15350,238637.1289118675
15351,15314052.47026459
