iteracion,valor_coste
0,37831.340763113585
1,37831.34076311361
2,37831.34076311369
3,37831.340763113694
4,37831.34076311369
5,37831.340763113636
6,37831.34076311366
7,37831.340763113614
8,37831.34076311367
9,37831.34069453946
10,37831.340326108446
11,37831.34015472548
12,37831.34049354228
13,37831.34070958257
14,37831.340752363256
15,37831.3408391401
16,37831.340913638465
17,37831.34057553153
18,37831.34084073427
19,37831.34059883041
20,37831.34061756547
21,37831.34066989851
22,37831.34085771577
23,37831.34075506743
24,37831.34083107761
25,37831.34080689819
26,37831.34074071124
27,37831.340628202546
28,37831.34043628924
29,37831.340765771456
30,37831.340536097225
31,37831.3404962429
32,37831.340652178704
33,37831.34060772084
34,37831.34055899913
35,37831.34089082866
36,37831.34068889697
37,37831.34066370688
38,37831.34074322732
39,37831.34048421195
40,37831.3408122208
41,37831.34079309617
42,37831.34081716674
43,37831.34071580938
44,37831.340751678596
45,37831.34079441435
46,37831.340555777555
47,37831.341107211665
48,37831.340771798205
49,2688433.921875
50,2688433.921875
51,2688433.921875
52,2688433.921875
53,2688433.921875
54,2688433.921875
55,2688433.921875
56,2688433.921875
57,2688433.921875
58,2688433.921875
59,2688433.921875
60,2688433.9218749995
61,2688433.921875
62,2688433.921875
63,2688433.921875
64,2688433.921875
65,2688433.921875
66,2688433.9218749995
67,2688433.921875
68,2688433.921875
69,2688433.921875
70,2688433.921875
71,2688433.921875
72,2688433.921875
73,2688433.921875
74,2688433.921875
75,2688433.9218749995
76,2688433.921875
77,2688433.921875
78,2688433.921875
79,2688433.921875
80,2688433.921875
81,2688433.921875
82,2688433.921875
83,2688433.921875
84,2688433.921875
85,2688433.921875
86,2688433.921875
87,2688433.921875
88,2688433.9218749995
89,2688433.921875
90,2688433.921875
91,2688433.921875
92,2688433.921875
93,2688433.921875
94,2688433.921875
95,2688433.921875
96,2688433.921875
97,2688433.921875
98,877304.801711253
99,877304.8017112527
100,877304.8017112527
101,877304.801711253
102,877304.8017112527
103,877304.8017112531
104,877304.801711253
105,877304.8017112524
106,877304.8017112527
107,877304.8006866472
108,877304.8003076444
109,877304.8002196361
110,877304.8021403663
111,877304.8048050718
112,877304.8000292254
113,877304.799247409
114,877304.8002255588
115,877304.8025584314
116,877304.8010109272
117,877304.8033008059
118,877304.8028302415
119,877304.8075091112
120,877304.7991157217
121,877304.8031829107
122,877304.8028924145
123,877304.8033892799
124,877304.7967638104
125,877304.8021680849
126,877304.8028742018
127,877304.8015176201
128,877304.8028186576
129,877304.8014326475
130,877304.8029402507
131,877304.8005055602
132,877304.8014468151
133,877304.801202871
134,877304.7992892346
135,877304.8029326153
136,877304.8010640559
137,877304.8008043906
138,877304.8019717911
139,877304.7954054114
140,877304.8015381345
141,877304.8020915047
142,877304.8025752036
143,877304.8014245873
144,877304.8014523693
145,877304.8036458052
146,877304.794379987
147,35468.52464054529
148,35468.52464054536
149,35468.5246405453
150,35468.52464054534
151,35468.524640545336
152,35468.52464054529
153,35468.52464054532
154,35468.524640545336
155,35468.524640545336
156,35468.5245825108
157,35468.52433203643
158,35468.52412762267
159,35468.524443133676
160,35468.52460260546
161,35468.52469082589
162,35468.52464713413
163,35468.52448319467
164,35468.52443980979
165,35468.52468381513
166,35468.52448679691
167,35468.52451031965
168,35468.524620600336
169,35468.52471394033
170,35468.52470092757
171,35468.524686925135
172,35468.524687108926
173,35468.52463072444
174,35468.52479588306
175,35468.524606800835
176,35468.524635735346
177,35468.52446040802
178,35468.524466644114
179,35468.5245824198
180,35468.52450279884
181,35468.5244629191
182,35468.52471047036
183,35468.52459489691
184,35468.524549449205
185,35468.52465866653
186,35468.524377885995
187,35468.52465609458
188,35468.524657596696
189,35468.52469918112
190,35468.52460352217
191,35468.52462814146
192,35468.52461739245
193,35468.5244295523
194,35468.524974184365
195,35468.524529321025
196,30320.20259306596
197,30320.20259306593
198,30320.202593065944
199,30320.20259306598
200,30320.202593066013
201,30320.202593065966
202,30320.202593065962
203,30320.202593065944
204,30320.202593065962
205,30320.20255039589
206,30320.202477463085
207,30320.20227852509
208,30320.202479249285
209,30320.20254151139
210,30320.20267756858
211,30320.202591530036
212,30320.202392550556
213,30320.20246343493
214,30320.20259828699
215,30320.20245883872
216,30320.202497586808
217,30320.20263393379
218,30320.20263008281
219,30320.202652589138
220,30320.202590027555
221,30320.202635111884
222,30320.20260530345
223,30320.20278038591
224,30320.202637712937
225,30320.202570342226
226,30320.20246380455
227,30320.202512729564
228,30320.202561846447
229,30320.202524469896
230,30320.202521479805
231,30320.202597917563
232,30320.202602355846
233,30320.202503966982
234,30320.202640217238
235,30320.20241206775
236,30320.20259816988
237,30320.202547423698
238,30320.20264108488
239,30320.202580537472
240,30320.2025727075
241,30320.20254040542
242,30320.202443951937
243,30320.202842349172
244,30320.202456769894
245,23906.064396652193
246,23906.064396652193
247,23906.064396652182
248,23906.064396652153
249,23906.06439665221
250,23906.06439665219
251,23906.064396652204
252,23906.06439665221
253,23906.064396652175
254,23906.064343913746
255,23906.064410554245
256,23906.064294738746
257,23906.064351467496
258,23906.064331732214
259,23906.064502402598
260,23906.064380197622
261,23906.064275661753
262,23906.06434297651
263,23906.064362684716
264,23906.06427959539
265,23906.064329695626
266,23906.064426232293
267,23906.064420803352
268,23906.064433459695
269,23906.064394080506
270,23906.06443234102
271,23906.064411752322
272,23906.064502162495
273,23906.064429489466
274,23906.064345655504
275,23906.064329111785
276,23906.06435466049
277,23906.064364688827
278,23906.064379886437
279,23906.064436992623
280,23906.064386028855
281,23906.06446205716
282,23906.064306688313
283,23906.064471730246
284,23906.06430133233
285,23906.06441822812
286,23906.064336218682
287,23906.064425520155
288,23906.064403985354
289,23906.064377350416
290,23906.06432952359
291,23906.064324852647
292,23906.064519944834
293,23906.064316281147
294,17774.79672806273
295,17774.7967280627
296,17774.7967280627
297,17774.796728062694
298,17774.796728062713
299,17774.796728062698
300,17774.7967280627
301,17774.7967280627
302,17774.796728062713
303,17774.796661892567
304,17774.796862863604
305,17774.796911282818
306,17774.796701137733
307,17774.796710503077
308,17774.796771812442
309,17774.7967069014
310,17774.79658078465
311,17774.796746898624
312,17774.796662547793
313,17774.796816858918
314,17774.796659899308
315,17774.79680745066
316,17774.79673531272
317,17774.796777126707
318,17774.796762515398
319,17774.796785019735
320,17774.796701964762
321,17774.796882366536
322,17774.796831711643
323,17774.796656665632
324,17774.796683274173
325,17774.796670085572
326,17774.79676476431
327,17774.79674252712
328,17774.79679769945
329,17774.796705192246
330,17774.79675421088
331,17774.796666315935
332,17774.79673180352
333,17774.796678220842
334,17774.796751612852
335,17774.796665350823
336,17774.796743710867
337,17774.796720300834
338,17774.79673795552
339,17774.796658660973
340,17774.796697924823
341,17774.7968741578
342,17774.796678175153
343,15070.805021474704
344,15070.80502147472
345,15070.80502147472
346,15070.805021474724
347,15070.805021474724
348,15070.80502147473
349,15070.805021474715
350,15070.805021474713
351,15070.805021474735
352,15070.80504821627
353,15070.805053467331
354,15070.80528404746
355,15070.805216897254
356,15070.805135507646
357,15070.804915659872
358,15070.804955643576
359,15070.805153728727
360,15070.805068443335
361,15070.80498463878
362,15070.805069235825
363,15070.805028491106
364,15070.80488017529
365,15070.805054188639
366,15070.804897707258
367,15070.80511308458
368,15070.805089464979
369,15070.804957379869
370,15070.804917649737
371,15070.804980260327
372,15070.80490545995
373,15070.80498276524
374,15070.805381463177
375,15070.805220340131
376,15070.805044109931
377,15070.80503358691
378,15070.804666347227
379,15070.804978669423
380,15070.805034777726
381,15070.80484633423
382,15070.805022545574
383,15070.804966639524
384,15070.80491785617
385,15070.805039669925
386,15070.804977412277
387,15070.80488167913
388,15070.80494260347
389,15070.80500210136
390,15070.805075835922
391,15070.805166824368
392,11886.636154059559
393,11886.636154059563
394,11886.63615405956
395,11886.636154059552
396,11886.636154059557
397,11886.636154059552
398,11886.636154059555
399,11886.63615405955
400,11886.636154059559
401,11886.636136270014
402,11886.63621357878
403,11886.636012571029
404,11886.636111304015
405,11886.636232154462
406,11886.636205253684
407,11886.63601383915
408,11886.636153716101
409,11886.636163417761
410,11886.636116641264
411,11886.636160807555
412,11886.636187467411
413,11886.636022008548
414,11886.636167289918
415,11886.636154291738
416,11886.636224926693
417,11886.636202787597
418,11886.636142521633
419,11886.636172990997
420,11886.636261348245
421,11886.636039346122
422,11886.636161400109
423,11886.636144470176
424,11886.63617482588
425,11886.636142512614
426,11886.636234223488
427,11886.636214582539
428,11886.636132239168
429,11886.636174174691
430,11886.636160705215
431,11886.636172512937
432,11886.63613108372
433,11886.636205842467
434,11886.636168830044
435,11886.636187736513
436,11886.636178794137
437,11886.636080517132
438,11886.636138881184
439,11886.636223940888
440,11886.63627776498
441,10422.835619846288
442,10422.835619846297
443,10422.835619846297
444,10422.835619846292
445,10422.83561984629
446,10422.835619846297
447,10422.835619846292
448,10422.835619846299
449,10422.8356198463
450,10422.835646409447
451,10422.835690558915
452,10422.835557687587
453,10422.835571073827
454,10422.835690035945
455,10422.835627192333
456,10422.835587181744
457,10422.835651774825
458,10422.835650148401
459,10422.835584250264
460,10422.83563501179
461,10422.835617733443
462,10422.83560559808
463,10422.835610734115
464,10422.835609242204
465,10422.835678177895
466,10422.835658734748
467,10422.835614658958
468,10422.835611904666
469,10422.835641697624
470,10422.835543911682
471,10422.835611986498
472,10422.835564195146
473,10422.835619168542
474,10422.835620231557
475,10422.835676399296
476,10422.835675553231
477,10422.835584914166
478,10422.835636735676
479,10422.835566854572
480,10422.835617953177
481,10422.835615405895
482,10422.835663409045
483,10422.835638471977
484,10422.83564266165
485,10422.83565061785
486,10422.835591142917
487,10422.83560963926
488,10422.835686873825
489,10422.835732654705
490,8739.364645690855
491,8739.36464569085
492,8739.36464569085
493,8739.36464569085
494,8739.364645690855
495,8739.364645690852
496,8739.364645690857
497,8739.364645690854
498,8739.364645690845
499,8739.364762827161
500,8739.364687411984
501,8739.364665304332
502,8739.364598319415
503,8739.364660017802
504,8739.364605855031
505,8739.364742355305
506,8739.364734242683
507,8739.364690163598
508,8739.364627247049
509,8739.364665301018
510,8739.364600165938
511,8739.364864233416
512,8739.364580641082
513,8739.364598083459
514,8739.364657756032
515,8739.364640336624
516,8739.364744027975
517,8739.364571132686
518,8739.364555221542
519,8739.364624194617
520,8739.364628654084
521,8739.364543310725
522,8739.364610508135
523,8739.364634532501
524,8739.364583361265
525,8739.364691413131
526,8739.364560708784
527,8739.364664638179
528,8739.364545565546
529,8739.364601471963
530,8739.3646786623
531,8739.364659070614
532,8739.364668144599
533,8739.364662974815
534,8739.36468832114
535,8739.36469093349
536,8739.364654030082
537,8739.364708897603
538,8739.364566428578
539,7819.561986177407
540,7819.561986177401
541,7819.561986177403
542,7819.561986177405
543,7819.561986177395
544,7819.561986177405
545,7819.561986177407
546,7819.56198617741
547,7819.5619861774085
548,7819.562028420588
549,7819.562029256024
550,7819.561999088776
551,7819.561995873041
552,7819.561966260983
553,7819.5619670328615
554,7819.562090646978
555,7819.5620159920245
556,7819.56200515525
557,7819.561972972719
558,7819.561950656022
559,7819.561939028006
560,7819.562028178686
561,7819.561991636325
562,7819.561963673909
563,7819.5619600858645
564,7819.561999060354
565,7819.561976274824
566,7819.561974066151
567,7819.561916946389
568,7819.561995640224
569,7819.561974253876
570,7819.561959220718
571,7819.561944311405
572,7819.5620084108195
573,7819.562003748408
574,7819.561976031772
575,7819.562022969302
576,7819.561936186547
577,7819.561921379279
578,7819.5619818760515
579,7819.561979612972
580,7819.561995784298
581,7819.561998911543
582,7819.561991825915
583,7819.561977967984
584,7819.561998959648
585,7819.561983233751
586,7819.562002270653
587,7819.562079725493
588,7225.812094345639
589,7225.812094345639
590,7225.812094345633
591,7225.812094345635
592,7225.812094345635
593,7225.812094345636
594,7225.812094345633
595,7225.812094345626
596,7225.812094345628
597,7225.812130820403
598,7225.81210744942
599,7225.812132790008
600,7225.812114601671
601,7225.812081743605
602,7225.812071217703
603,7225.812169041285
604,7225.812121461715
605,7225.8121027392845
606,7225.812083833783
607,7225.812090264747
608,7225.81204971704
609,7225.812130301219
610,7225.81211374498
611,7225.812077724292
612,7225.812080853243
613,7225.812095667465
614,7225.812130728743
615,7225.812078394916
616,7225.812035773837
617,7225.812098948445
618,7225.812094688396
619,7225.812104283386
620,7225.81208432376
621,7225.812109836671
622,7225.812062538074
623,7225.812061352829
624,7225.8120827885505
625,7225.812076502082
626,7225.812045121905
627,7225.812111179632
628,7225.812071384864
629,7225.812091005104
630,7225.812105929816
631,7225.81209756279
632,7225.812081480508
633,7225.8120936339
634,7225.812099125332
635,7225.812107680101
636,7225.812067738874
637,6897.690727798501
638,6897.690727798492
639,6897.690727798494
640,6897.6907277984965
641,6897.690727798497
642,6897.690727798497
643,6897.690727798503
644,6897.690727798496
645,6897.690727798501
646,6897.690741034418
647,6897.6907142120735
648,6897.690733170865
649,6897.690763139126
650,6897.6907141505235
651,6897.690728824429
652,6897.69069039795
653,6897.690750763312
654,6897.690732787066
655,6897.690704632936
656,6897.690715998465
657,6897.690707456862
658,6897.690727121678
659,6897.690705120911
660,6897.6907099442415
661,6897.690728887393
662,6897.690727267455
663,6897.690764008508
664,6897.690706234118
665,6897.690731234138
666,6897.690713685272
667,6897.690739586839
668,6897.690762854033
669,6897.690727724135
670,6897.690707220639
671,6897.690707950734
672,6897.690697260838
673,6897.6907224550805
674,6897.690716445401
675,6897.690717077338
676,6897.690719919934
677,6897.690726190886
678,6897.690727455133
679,6897.69073479476
680,6897.690739337633
681,6897.690710255603
682,6897.690722712807
683,6897.69072275685
684,6897.690729187733
685,6897.690743866742
686,6666.96096895071
687,6666.960968950711
688,6666.960968950709
689,6666.960968950714
690,6666.960968950712
691,6666.96096895071
692,6666.960968950707
693,6666.960968950705
694,6666.960968950707
695,6666.960959034824
696,6666.9609575675295
697,6666.960985077523
698,6666.960996052749
699,6666.960970337616
700,6666.960964053657
701,6666.960950668171
702,6666.960974532536
703,6666.960968381137
704,6666.960951801689
705,6666.960966162332
706,6666.960946527266
707,6666.960965018789
708,6666.960959816931
709,6666.96096448879
710,6666.960977848562
711,6666.960966734345
712,6666.96098959814
713,6666.960963893542
714,6666.960975461069
715,6666.960954769449
716,6666.960982295885
717,6666.960996257386
718,6666.960969971803
719,6666.960960107376
720,6666.960952407633
721,6666.960947447794
722,6666.9609569283175
723,6666.960971978125
724,6666.960963217384
725,6666.960978087982
726,6666.960960439156
727,6666.960976257552
728,6666.96097367748
729,6666.9609809018575
730,6666.960957118448
731,6666.960962378306
732,6666.960966169636
733,6666.96096620647
734,6666.960953869288
735,6490.473875823251
736,6490.473875823251
737,6490.473875823251
738,6490.473875823254
739,6490.4738758232525
740,6490.473875823251
741,6490.4738758232525
742,6490.473875823256
743,6490.473875823259
744,6490.4738582192595
745,6490.473858536518
746,6490.473876109801
747,6490.473897988332
748,6490.473867958614
749,6490.473865060202
750,6490.4738883834825
751,6490.473905517574
752,6490.473860382739
753,6490.473893857839
754,6490.4738683898495
755,6490.473872710546
756,6490.473867993213
757,6490.473862118793
758,6490.473855965386
759,6490.473877369266
760,6490.473873978465
761,6490.473885955414
762,6490.473845095633
763,6490.473852858173
764,6490.473865653387
765,6490.473887162034
766,6490.473889198397
767,6490.473865005199
768,6490.473870094493
769,6490.473842028808
770,6490.473863588156
771,6490.473883935091
772,6490.473870639605
773,6490.4738667406655
774,6490.473880682926
775,6490.473879880957
776,6490.473871175077
777,6490.473874457657
778,6490.473883467793
779,6490.473859199731
780,6490.47389637212
781,6490.473868208513
782,6490.473872255135
783,6490.473887578149
784,6350.852634782115
785,6350.85263478211
786,6350.852634782117
787,6350.85263478211
788,6350.852634782111
789,6350.85263478211
790,6350.852634782112
791,6350.852634782114
792,6350.8526347821135
793,6350.852597576032
794,6350.852646090556
795,6350.852643630826
796,6350.852646036043
797,6350.852650840432
798,6350.85264664371
799,6350.852654786112
800,6350.852599744186
801,6350.852627916843
802,6350.852636892682
803,6350.85262714726
804,6350.852621054945
805,6350.852618066427
806,6350.852640041279
807,6350.852648178387
808,6350.8526442674465
809,6350.852639554834
810,6350.852606182559
811,6350.852670949617
812,6350.852660723107
813,6350.852625776971
814,6350.8526394247765
815,6350.852634038255
816,6350.852621405011
817,6350.8526474328055
818,6350.852651871239
819,6350.852633788603
820,6350.852661233092
821,6350.852636269032
822,6350.85264270078
823,6350.852649584213
824,6350.852628772837
825,6350.852655468155
826,6350.852634762064
827,6350.852643570023
828,6350.852631513839
829,6350.852639701965
830,6350.852630278644
831,6350.852633850621
832,6350.852651413109
833,6249.519993728541
834,6249.519993728543
835,6249.519993728543
836,6249.519993728542
837,6249.519993728544
838,6249.519993728546
839,6249.519993728546
840,6249.519993728541
841,6249.51999372854
842,6249.519971331482
843,6249.51999942311
844,6249.520002688018
845,6249.5200006661435
846,6249.520004846177
847,6249.52000314939
848,6249.520010000612
849,6249.519970052142
850,6249.5199861482115
851,6249.520001940807
852,6249.519989759815
853,6249.519986738553
854,6249.519988338188
855,6249.519991357885
856,6249.520000090917
857,6249.52000094623
858,6249.519994976417
859,6249.519985309836
860,6249.520016839112
861,6249.520013338451
862,6249.51998388061
863,6249.519998566321
864,6249.519984973159
865,6249.519980009266
866,6249.519999849742
867,6249.519995425551
868,6249.519996851825
869,6249.520009221556
870,6249.519998821946
871,6249.520000606443
872,6249.520001111632
873,6249.519993645243
874,6249.520007180841
875,6249.519993341351
876,6249.5199979777635
877,6249.519992618809
878,6249.520005605194
879,6249.519990239977
880,6249.519995326019
881,6249.519994640437
882,6118.562424167072
883,6118.562424167072
884,6118.562424167069
885,6118.56242416707
886,6118.562424167073
887,6118.562424167077
888,6118.562424167068
889,6118.562424167072
890,6118.562424167069
891,6118.562440917929
892,6118.562418784736
893,6118.562430597226
894,6118.56242066133
895,6118.562425275273
896,6118.562432038863
897,6118.5624138153835
898,6118.562435245198
899,6118.562420249942
900,6118.562436113119
901,6118.562429163136
902,6118.562434473844
903,6118.562434193031
904,6118.562411425448
905,6118.5624163110115
906,6118.5624253719
907,6118.562419271445
908,6118.562456812652
909,6118.562409757973
910,6118.562425992717
911,6118.562412989968
912,6118.562427915235
913,6118.562395089942
914,6118.562411832542
915,6118.562416523669
916,6118.562407415617
917,6118.562436466057
918,6118.562415735574
919,6118.562433411657
920,6118.562427445139
921,6118.562416482595
922,6118.562429263993
923,6118.562418688168
924,6118.5624230525045
925,6118.562409084767
926,6118.562428647444
927,6118.562438639681
928,6118.562422066033
929,6118.56243069915
930,6118.56241513682
931,6065.654887992931
932,6065.654887992929
933,6065.654887992929
934,6065.654887992926
935,6065.654887992926
936,6065.654887992928
937,6065.654887992928
938,6065.65488799293
939,6065.654887992927
940,6065.654893505887
941,6065.654884822301
942,6065.65489288172
943,6065.654885330199
944,6065.654894605144
945,6065.654891285828
946,6065.654878643673
947,6065.654893800015
948,6065.654884906584
949,6065.654897423355
950,6065.654892884
951,6065.654894234567
952,6065.654890741006
953,6065.654880047759
954,6065.654883787236
955,6065.65488892398
956,6065.654886302497
957,6065.654905098572
958,6065.654879837852
959,6065.6548932945925
960,6065.654878017487
961,6065.654890945279
962,6065.654867906993
963,6065.654879410881
964,6065.654884092048
965,6065.6548807993895
966,6065.654896368011
967,6065.654882676398
968,6065.654896991341
969,6065.654887728096
970,6065.654887562784
971,6065.654888019195
972,6065.654886941806
973,6065.654887349327
974,6065.65487660905
975,6065.654890071329
976,6065.6548957354835
977,6065.654885766689
978,6065.654894392304
979,6065.654885711808
980,5958.911466391808
981,5958.91146639181
982,5958.91146639181
983,5958.911466391806
984,5958.911466391803
985,5958.91146639181
986,5958.911466391807
987,5958.911466391809
988,5958.91146639181
989,5958.911463048693
990,5958.911465431873
991,5958.911472623734
992,5958.911460598263
993,5958.911473469372
994,5958.911458446266
995,5958.911471488667
996,5958.911466339369
997,5958.911466622994
998,5958.911472711668
999,5958.911473820805
1000,5958.911465522355
1001,5958.91146399501
1002,5958.911467039515
1003,5958.911465527514
1004,5958.911459769455
1005,5958.911465774474
1006,5958.911470501955
1007,5958.91146669298
1008,5958.911468930665
1009,5958.911464410212
1010,5958.911467436539
1011,5958.911458466497
1012,5958.911464370282
1013,5958.9114688258305
1014,5958.9114660078585
1015,5958.911468554441
1016,5958.911455797635
1017,5958.911472091801
1018,5958.911458798537
1019,5958.911475660543
1020,5958.91145928657
1021,5958.911467453907
1022,5958.911466767127
1023,5958.911456785538
1024,5958.911464730358
1025,5958.911465947969
1026,5958.911465608569
1027,5958.91147368719
1028,5958.911454003215
1029,5901.036233095292
1030,5901.036233095294
1031,5901.036233095294
1032,5901.036233095294
1033,5901.036233095298
1034,5901.036233095293
1035,5901.036233095298
1036,5901.036233095294
1037,5901.036233095297
1038,5901.036230002974
1039,5901.036231878084
1040,5901.03622784947
1041,5901.036231589569
1042,5901.036230850637
1043,5901.036240916088
1044,5901.036229329795
1045,5901.036229864347
1046,5901.036234518287
1047,5901.036233115896
1048,5901.036232807023
1049,5901.03623100098
1050,5901.0362284553785
1051,5901.036230865785
1052,5901.036233504329
1053,5901.0362223028105
1054,5901.03623264915
1055,5901.036236990862
1056,5901.036234887454
1057,5901.036239860031
1058,5901.0362328454385
1059,5901.036236053011
1060,5901.036233767395
1061,5901.036228330323
1062,5901.036234390055
1063,5901.036239187194
1064,5901.036234136634
1065,5901.036233170422
1066,5901.036226845267
1067,5901.036237580994
1068,5901.036235250643
1069,5901.03622584282
1070,5901.036232675202
1071,5901.0362338625255
1072,5901.036231567013
1073,5901.036229520246
1074,5901.036228253248
1075,5901.03623146481
1076,5901.036237122866
1077,5901.036231189164
1078,5864.015731618928
1079,5864.015731618926
1080,5864.015731618927
1081,5864.015731618928
1082,5864.015731618929
1083,5864.01573161893
1084,5864.015731618928
1085,5864.015731618932
1086,5864.015731618932
1087,5864.015730007846
1088,5864.015725796846
1089,5864.015734089056
1090,5864.01572753522
1091,5864.015734375301
1092,5864.015732849297
1093,5864.015732751896
1094,5864.015734966574
1095,5864.015734054876
1096,5864.015733654678
1097,5864.015734403529
1098,5864.015729100057
1099,5864.01573433253
1100,5864.0157266452115
1101,5864.015729514029
1102,5864.015720580655
1103,5864.015730081112
1104,5864.01572525484
1105,5864.015727922596
1106,5864.015730949247
1107,5864.015732937392
1108,5864.015731689697
1109,5864.015734737648
1110,5864.015729243423
1111,5864.015732391525
1112,5864.015738276703
1113,5864.015730335649
1114,5864.015729181198
1115,5864.015726968646
1116,5864.015728990196
1117,5864.015730968727
1118,5864.01572611366
1119,5864.015730768285
1120,5864.0157317035455
1121,5864.015727367868
1122,5864.015737529165
1123,5864.015729484419
1124,5864.015729434103
1125,5864.015734158696
1126,5864.015723752505
1127,5825.474437104247
1128,5825.474437104248
1129,5825.47443710425
1130,5825.47443710425
1131,5825.47443710425
1132,5825.474437104249
1133,5825.474437104248
1134,5825.474437104246
1135,5825.474437104249
1136,5825.474433937249
1137,5825.474435463898
1138,5825.4744291779225
1139,5825.474433857362
1140,5825.474438055223
1141,5825.474443407294
1142,5825.474446416489
1143,5825.474439051109
1144,5825.474437735207
1145,5825.474440453367
1146,5825.474435781802
1147,5825.474434665695
1148,5825.474428038853
1149,5825.47443766649
1150,5825.474431983897
1151,5825.474424826219
1152,5825.4744395917405
1153,5825.474422263201
1154,5825.474436782414
1155,5825.474432970107
1156,5825.474441173657
1157,5825.474438868779
1158,5825.474442995461
1159,5825.474432430115
1160,5825.474442075168
1161,5825.4744430141545
1162,5825.47443611965
1163,5825.474449614004
1164,5825.474424766616
1165,5825.474433131532
1166,5825.474435924436
1167,5825.474430842032
1168,5825.47443561361
1169,5825.474437573771
1170,5825.474437086259
1171,5825.4744447881485
1172,5825.474436201323
1173,5825.474433903293
1174,5825.474437059364
1175,5825.474459006559
1176,5774.23694723742
1177,5774.236947237426
1178,5774.236947237426
1179,5774.236947237426
1180,5774.23694723742
1181,5774.236947237424
1182,5774.236947237418
1183,5774.23694723742
1184,5774.23694723742
1185,5774.236954974265
1186,5774.236948404568
1187,5774.236937678872
1188,5774.236941318762
1189,5774.23694567834
1190,5774.236952272559
1191,5774.236963660577
1192,5774.236934950446
1193,5774.236946602114
1194,5774.236947560106
1195,5774.236947802117
1196,5774.236940198071
1197,5774.236948689819
1198,5774.236952599746
1199,5774.236944286597
1200,5774.236937588288
1201,5774.236945668685
1202,5774.236944389417
1203,5774.236961569415
1204,5774.236950425408
1205,5774.236951567791
1206,5774.236952584667
1207,5774.236953825084
1208,5774.236943765364
1209,5774.236954538883
1210,5774.236941684605
1211,5774.236949434938
1212,5774.236951928297
1213,5774.236939758541
1214,5774.236944093213
1215,5774.236943901141
1216,5774.2369420201885
1217,5774.236948537816
1218,5774.236949626435
1219,5774.23695458012
1220,5774.236951902664
1221,5774.23694798092
1222,5774.236947910087
1223,5774.236946001965
1224,5774.236943478661
1225,5739.205320586918
1226,5739.205320586916
1227,5739.205320586916
1228,5739.205320586916
1229,5739.205320586918
1230,5739.205320586918
1231,5739.205320586918
1232,5739.205320586916
1233,5739.205320586916
1234,5739.2053190887455
1235,5739.205321393711
1236,5739.205304688819
1237,5739.205320284664
1238,5739.205327664477
1239,5739.2053334712
1240,5739.205310211754
1241,5739.205312516474
1242,5739.205317111227
1243,5739.205320917491
1244,5739.205317907984
1245,5739.205319746102
1246,5739.205310603109
1247,5739.205320509945
1248,5739.205315824599
1249,5739.205319941506
1250,5739.205324488672
1251,5739.205300652679
1252,5739.2053291805505
1253,5739.20533055528
1254,5739.205318106242
1255,5739.205328175163
1256,5739.205330271984
1257,5739.20531682144
1258,5739.205324629468
1259,5739.205322183783
1260,5739.205323084463
1261,5739.205345596082
1262,5739.205312768951
1263,5739.205319099653
1264,5739.205313850839
1265,5739.205315993363
1266,5739.205322403251
1267,5739.205322436407
1268,5739.2053302603645
1269,5739.205327227391
1270,5739.205322829005
1271,5739.205317152638
1272,5739.205314567307
1273,5739.20535967497
1274,5707.612533010366
1275,5707.612533010365
1276,5707.612533010365
1277,5707.612533010367
1278,5707.612533010368
1279,5707.612533010363
1280,5707.612533010364
1281,5707.612533010361
1282,5707.612533010365
1283,5707.612535873336
1284,5707.612532297475
1285,5707.612524535214
1286,5707.612530920398
1287,5707.612542890125
1288,5707.612539291131
1289,5707.6125202160065
1290,5707.612526912323
1291,5707.612530474134
1292,5707.6125336343575
1293,5707.61253413349
1294,5707.612531967501
1295,5707.6125336643045
1296,5707.612533793516
1297,5707.612530258359
1298,5707.612536097098
1299,5707.612532906203
1300,5707.612523155485
1301,5707.612538390595
1302,5707.61254174237
1303,5707.612526332993
1304,5707.612540070153
1305,5707.612540805037
1306,5707.612531412981
1307,5707.612536369086
1308,5707.612532546818
1309,5707.612535617924
1310,5707.612543188033
1311,5707.612535621784
1312,5707.612530709886
1313,5707.612529829027
1314,5707.612527082176
1315,5707.612536448081
1316,5707.612535267485
1317,5707.612541006768
1318,5707.612537951424
1319,5707.612534560498
1320,5707.612531578211
1321,5707.612528515075
1322,5707.612543519183
1323,5672.150491942543
1324,5672.1504919425415
1325,5672.150491942542
1326,5672.1504919425415
1327,5672.1504919425415
1328,5672.1504919425415
1329,5672.1504919425415
1330,5672.150491942546
1331,5672.150491942543
1332,5672.150503160864
1333,5672.150489717052
1334,5672.150491658225
1335,5672.150485845433
1336,5672.150503970666
1337,5672.150485459336
1338,5672.150483286129
1339,5672.150497432907
1340,5672.150491098037
1341,5672.1504960121765
1342,5672.150498508891
1343,5672.150492852264
1344,5672.15050182543
1345,5672.150497171663
1346,5672.150487923547
1347,5672.150498089371
1348,5672.150486960308
1349,5672.150495987925
1350,5672.150485417936
1351,5672.1504878398855
1352,5672.150481804154
1353,5672.150496651033
1354,5672.150495701595
1355,5672.150492592842
1356,5672.1504952652085
1357,5672.150487382291
1358,5672.1504938254875
1359,5672.150481492358
1360,5672.150507058792
1361,5672.150483598837
1362,5672.150494810274
1363,5672.150484354237
1364,5672.150493742417
1365,5672.150494400065
1366,5672.150493875541
1367,5672.150495706955
1368,5672.150494337931
1369,5672.150492596125
1370,5672.15048901739
1371,5672.150474239223
1372,5648.296538864357
1373,5648.296538864355
1374,5648.296538864355
1375,5648.296538864356
1376,5648.296538864354
1377,5648.296538864357
1378,5648.296538864359
1379,5648.296538864358
1380,5648.296538864359
1381,5648.2965464593635
1382,5648.296535464527
1383,5648.296549719091
1384,5648.29653316464
1385,5648.296551818704
1386,5648.296531694117
1387,5648.296531866603
1388,5648.296542600041
1389,5648.2965394647645
1390,5648.296540793966
1391,5648.296546666197
1392,5648.296537855816
1393,5648.296548324918
1394,5648.2965445551745
1395,5648.296538276489
1396,5648.296546534693
1397,5648.296533273273
1398,5648.296543196043
1399,5648.296534086371
1400,5648.296535719843
1401,5648.2965286536955
1402,5648.296542454874
1403,5648.29654073364
1404,5648.296539769366
1405,5648.296541919
1406,5648.29653718777
1407,5648.296537716986
1408,5648.29652629181
1409,5648.296555544347
1410,5648.296532031002
1411,5648.2965423151745
1412,5648.296530650333
1413,5648.296540232675
1414,5648.296540798637
1415,5648.29653617118
1416,5648.296542675242
1417,5648.296539659143
1418,5648.296538740287
1419,5648.296535403683
1420,5648.29651496332
1421,5626.66760521407
1422,5626.667605214074
1423,5626.667605214073
1424,5626.667605214074
1425,5626.667605214071
1426,5626.6676052140665
1427,5626.667605214066
1428,5626.667605214069
1429,5626.667605214067
1430,5626.667636599353
1431,5626.667600150125
1432,5626.667600165501
1433,5626.667594310155
1434,5626.667589963968
1435,5626.667575972644
1436,5626.667621835507
1437,5626.667641815524
1438,5626.6676044023825
1439,5626.6676162863905
1440,5626.667613849423
1441,5626.667612831904
1442,5626.667616749442
1443,5626.667610857442
1444,5626.667587209891
1445,5626.667602352627
1446,5626.667592144609
1447,5626.667641510898
1448,5626.667572502239
1449,5626.667564666968
1450,5626.6676057976465
1451,5626.667604936832
1452,5626.667602926265
1453,5626.6676035626515
1454,5626.66759966291
1455,5626.667580877717
1456,5626.667602299333
1457,5626.667569602139
1458,5626.6676160440575
1459,5626.667587261201
1460,5626.66759976038
1461,5626.667609478025
1462,5626.667592221085
1463,5626.667607564466
1464,5626.667596009097
1465,5626.667611874114
1466,5626.667623513208
1467,5626.667604314879
1468,5626.667599408063
1469,5626.667581007659
1470,5571.7036569771635
1471,5571.703656977167
1472,5571.7036569771635
1473,5571.703656977164
1474,5571.7036569771635
1475,5571.7036569771635
1476,5571.703656977164
1477,5571.703656977162
1478,5571.7036569771635
1479,5571.703656020825
1480,5571.703654448423
1481,5571.703671840186
1482,5571.703653499948
1483,5571.7036555064615
1484,5571.703651985772
1485,5571.703661935393
1486,5571.703658591337
1487,5571.703657875058
1488,5571.703656752308
1489,5571.703661410769
1490,5571.703653877833
1491,5571.703655480404
1492,5571.703659392883
1493,5571.703658822849
1494,5571.7036592655995
1495,5571.703652299956
1496,5571.703661954324
1497,5571.703656555416
1498,5571.703652840318
1499,5571.703656166424
1500,5571.703659011199
1501,5571.703657186594
1502,5571.703654378476
1503,5571.703656450469
1504,5571.703656712596
1505,5571.703649486926
1506,5571.703652952924
1507,5571.703659212033
1508,5571.703655994826
1509,5571.703653390078
1510,5571.703654552804
1511,5571.703652455133
1512,5571.7036582809405
1513,5571.703650268842
1514,5571.703662993227
1515,5571.70366101056
1516,5571.703652293397
1517,5571.703650956498
1518,5571.703649136186
1519,5560.902578888454
1520,5560.90257888845
1521,5560.90257888845
1522,5560.902578888455
1523,5560.902578888452
1524,5560.90257888845
1525,5560.902578888452
1526,5560.902578888452
1527,5560.902578888454
1528,5560.902576174565
1529,5560.902579410462
1530,5560.902586832196
1531,5560.9025762750425
1532,5560.902576613907
1533,5560.902578319776
1534,5560.90258204764
1535,5560.902576117495
1536,5560.902578969783
1537,5560.902578779435
1538,5560.902581245128
1539,5560.902576189805
1540,5560.902575825815
1541,5560.90258108048
1542,5560.902582207406
1543,5560.902581745378
1544,5560.902575468173
1545,5560.90258060371
1546,5560.902582689354
1547,5560.902579376318
1548,5560.902578413943
1549,5560.902581769248
1550,5560.902580078893
1551,5560.902575289839
1552,5560.902578823562
1553,5560.9025802566275
1554,5560.9025725709325
1555,5560.9025820456845
1556,5560.902578144332
1557,5560.902580442276
1558,5560.902574165114
1559,5560.902577259359
1560,5560.902575372362
1561,5560.902580627332
1562,5560.90257660917
1563,5560.902584473887
1564,5560.902583179694
1565,5560.902573804036
1566,5560.9025725479505
1567,5560.902579494459
1568,5545.637258535245
1569,5545.637258535241
1570,5545.6372585352465
1571,5545.6372585352465
1572,5545.637258535245
1573,5545.637258535245
1574,5545.6372585352465
1575,5545.637258535246
1576,5545.637258535245
1577,5545.637254396476
1578,5545.637261609398
1579,5545.637254018141
1580,5545.637256185324
1581,5545.637252424771
1582,5545.637258565037
1583,5545.6372564561125
1584,5545.637257655343
1585,5545.637258208068
1586,5545.637260868322
1587,5545.63725924925
1588,5545.637258272703
1589,5545.63725491376
1590,5545.637259015968
1591,5545.637260780826
1592,5545.637259735387
1593,5545.637255769615
1594,5545.637260442891
1595,5545.637259828421
1596,5545.6372601336725
1597,5545.63725868849
1598,5545.637261327391
1599,5545.637260727097
1600,5545.637254246475
1601,5545.637256949468
1602,5545.637261557094
1603,5545.63725426527
1604,5545.6372645565125
1605,5545.637254389958
1606,5545.637261470638
1607,5545.63725479213
1608,5545.637257661019
1609,5545.637255552989
1610,5545.637260936731
1611,5545.637260750232
1612,5545.637264017533
1613,5545.637263082786
1614,5545.637253437974
1615,5545.637253494733
1616,5545.637264780495
1617,5527.592289266357
1618,5527.592289266361
1619,5527.592289266361
1620,5527.592289266357
1621,5527.592289266358
1622,5527.59228926636
1623,5527.592289266357
1624,5527.592289266358
1625,5527.592289266358
1626,5527.592283047948
1627,5527.592295231818
1628,5527.592278670426
1629,5527.5922850053685
1630,5527.592285828272
1631,5527.592284849546
1632,5527.59229351682
1633,5527.5922892489
1634,5527.592288982893
1635,5527.592295008464
1636,5527.5922906566575
1637,5527.592289051055
1638,5527.5922843683575
1639,5527.592293807828
1640,5527.592292799888
1641,5527.592291262767
1642,5527.5922872680885
1643,5527.59228566717
1644,5527.592291034923
1645,5527.592288029048
1646,5527.592291170214
1647,5527.592289546476
1648,5527.5922905127745
1649,5527.592285065164
1650,5527.592289205375
1651,5527.59229485279
1652,5527.592286201137
1653,5527.592298069762
1654,5527.592286058682
1655,5527.5922873616
1656,5527.59228988028
1657,5527.592288689998
1658,5527.592287626843
1659,5527.592292238356
1660,5527.592293213907
1661,5527.592294175696
1662,5527.592293313862
1663,5527.592285586869
1664,5527.592285647463
1665,5527.592299419892
1666,5506.487717314802
1667,5506.487717314802
1668,5506.487717314798
1669,5506.4877173148
1670,5506.4877173148
1671,5506.4877173148
1672,5506.487717314802
1673,5506.487717314802
1674,5506.487717314798
1675,5506.487724456072
1676,5506.487720585029
1677,5506.4876919550525
1678,5506.487715226409
1679,5506.487701423203
1680,5506.4877124518125
1681,5506.487686945547
1682,5506.487722126427
1683,5506.487717904583
1684,5506.4877212808115
1685,5506.487718386005
1686,5506.487723554958
1687,5506.487736957626
1688,5506.487702652183
1689,5506.487716705274
1690,5506.487717918784
1691,5506.487708856515
1692,5506.48773725327
1693,5506.487710447146
1694,5506.4877285616385
1695,5506.487713818437
1696,5506.487718514062
1697,5506.487717391486
1698,5506.487714203668
1699,5506.487704911609
1700,5506.4877201119625
1701,5506.487723352199
1702,5506.487706351245
1703,5506.4877179645855
1704,5506.4877254441035
1705,5506.487711246909
1706,5506.487722148293
1707,5506.487720050907
1708,5506.487721574561
1709,5506.487727446383
1710,5506.487719113229
1711,5506.487724457765
1712,5506.487717436259
1713,5506.487719698184
1714,5506.487703493371
1715,5470.115464886529
1716,5470.11546488653
1717,5470.115464886527
1718,5470.115464886529
1719,5470.115464886527
1720,5470.115464886527
1721,5470.115464886529
1722,5470.115464886529
1723,5470.115464886529
1724,5470.1154614729885
1725,5470.115467680487
1726,5470.1154463405255
1727,5470.115461176906
1728,5470.115461651522
1729,5470.115457492658
1730,5470.115453776824
1731,5470.115468629033
1732,5470.115465397856
1733,5470.115471273522
1734,5470.115466752033
1735,5470.115466326719
1736,5470.115470806252
1737,5470.115460534613
1738,5470.11546611359
1739,5470.1154659453205
1740,5470.115461320499
1741,5470.11546313803
1742,5470.115461997968
1743,5470.115468739207
1744,5470.1154650184735
1745,5470.115462043458
1746,5470.115465193825
1747,5470.115461848097
1748,5470.1154595080425
1749,5470.115473334983
1750,5470.115467948884
1751,5470.115467197591
1752,5470.115464170626
1753,5470.115462621109
1754,5470.115466296705
1755,5470.115466063003
1756,5470.115467222219
1757,5470.115468211277
1758,5470.115471577322
1759,5470.115468287696
1760,5470.115467799729
1761,5470.1154650203125
1762,5470.115466469627
1763,5470.115468501445
1764,5436.105419089054
1765,5436.105419089054
1766,5436.105419089052
1767,5436.105419089054
1768,5436.105419089052
1769,5436.105419089053
1770,5436.10541908905
1771,5436.105419089053
1772,5436.105419089055
1773,5436.105413573505
1774,5436.105418185541
1775,5436.105415808169
1776,5436.105413888482
1777,5436.105422291695
1778,5436.105408891967
1779,5436.105424840897
1780,5436.105418540206
1781,5436.105418543066
1782,5436.105424722261
1783,5436.1054232974975
1784,5436.1054147321065
1785,5436.105421101326
1786,5436.105420663629
1787,5436.1054232559045
1788,5436.105420194333
1789,5436.105416752201
1790,5436.105409637796
1791,5436.105422756168
1792,5436.1054195591605
1793,5436.105422433848
1794,5436.10541253724
1795,5436.105417423609
1796,5436.105416904575
1797,5436.105417473269
1798,5436.105427588445
1799,5436.105419778751
1800,5436.105422830265
1801,5436.1054197803805
1802,5436.105411159306
1803,5436.105421803659
1804,5436.10541997407
1805,5436.105420038556
1806,5436.105421210233
1807,5436.105419869144
1808,5436.105422728575
1809,5436.1054194026365
1810,5436.105420934468
1811,5436.1054209736985
1812,5436.105423167503
1813,5409.880373384339
1814,5409.880373384345
1815,5409.880373384342
1816,5409.880373384341
1817,5409.880373384344
1818,5409.880373384339
1819,5409.880373384339
1820,5409.88037338434
1821,5409.88037338434
1822,5409.880375375392
1823,5409.880369608219
1824,5409.880370473382
1825,5409.8803682061525
1826,5409.880375568137
1827,5409.880363933118
1828,5409.880378946147
1829,5409.880381053971
1830,5409.880371094933
1831,5409.880379272216
1832,5409.880378222404
1833,5409.880369805879
1834,5409.880375131285
1835,5409.880376135321
1836,5409.880371763883
1837,5409.880372320904
1838,5409.880371609153
1839,5409.880364267813
1840,5409.880369711621
1841,5409.880364655405
1842,5409.880377304868
1843,5409.8803638019945
1844,5409.880368966943
1845,5409.880370900326
1846,5409.880372210444
1847,5409.88037671503
1848,5409.880376394489
1849,5409.880377063386
1850,5409.8803717547635
1851,5409.88036198765
1852,5409.880373841719
1853,5409.880374920538
1854,5409.880369739795
1855,5409.880374090298
1856,5409.880368963866
1857,5409.880377301268
1858,5409.880372798856
1859,5409.880377350211
1860,5409.880375523944
1861,5409.88038762684
1862,5416.218205915603
1863,5416.218205915601
1864,5416.218205915601
1865,5416.218205915604
1866,5416.218205915599
1867,5416.218205915603
1868,5416.218205915603
1869,5416.218205915603
1870,5416.218205915604
1871,5416.21821760852
1872,5416.218197780721
1873,5416.2182305975875
1874,5416.218195925608
1875,5416.21821820383
1876,5416.218194204161
1877,5416.218217144375
1878,5416.21819041627
1879,5416.218201822191
1880,5416.218205284789
1881,5416.218220928493
1882,5416.218193362271
1883,5416.218223264813
1884,5416.218216776508
1885,5416.218218221785
1886,5416.218212285788
1887,5416.218197187145
1888,5416.218222121778
1889,5416.218220769234
1890,5416.218210887879
1891,5416.218203615059
1892,5416.218201156417
1893,5416.218199825983
1894,5416.218211545504
1895,5416.218210210229
1896,5416.218192187977
1897,5416.218209104507
1898,5416.218177040414
1899,5416.218230297109
1900,5416.218203897916
1901,5416.218209179196
1902,5416.2182029871
1903,5416.218203983014
1904,5416.218206410991
1905,5416.218199371387
1906,5416.218203225608
1907,5416.218195351526
1908,5416.218221648835
1909,5416.218217392415
1910,5416.218146349013
1911,5396.642349039159
1912,5396.642349039163
1913,5396.642349039163
1914,5396.6423490391635
1915,5396.642349039159
1916,5396.642349039163
1917,5396.642349039161
1918,5396.642349039161
1919,5396.642349039162
1920,5396.642354238029
1921,5396.642343299609
1922,5396.642359399161
1923,5396.642342192255
1924,5396.642355325329
1925,5396.642339076138
1926,5396.642356783365
1927,5396.642345615007
1928,5396.64234596502
1929,5396.64235186177
1930,5396.642358099631
1931,5396.6423412696195
1932,5396.642357694172
1933,5396.642355114709
1934,5396.642354042824
1935,5396.642351142914
1936,5396.64234427624
1937,5396.642350278106
1938,5396.642354248578
1939,5396.642347263521
1940,5396.642350310697
1941,5396.642341498338
1942,5396.642344187397
1943,5396.642349874406
1944,5396.642350412728
1945,5396.6423457521705
1946,5396.642351442297
1947,5396.642339214513
1948,5396.642358263363
1949,5396.64234231785
1950,5396.642350943542
1951,5396.6423483674735
1952,5396.642346392183
1953,5396.642349669965
1954,5396.642343600661
1955,5396.6423505271305
1956,5396.642343908507
1957,5396.642357549571
1958,5396.642354820349
1959,5396.642330217046
1960,5379.004416382029
1961,5379.004416382031
1962,5379.004416382031
1963,5379.004416382029
1964,5379.004416382028
1965,5379.004416382033
1966,5379.004416382029
1967,5379.004416382027
1968,5379.004416382031
1969,5379.004422106346
1970,5379.004411413993
1971,5379.004424968185
1972,5379.004412156869
1973,5379.004416574066
1974,5379.004412931755
1975,5379.00441831201
1976,5379.004412998394
1977,5379.0044122082845
1978,5379.004417987995
1979,5379.004423028556
1980,5379.004410115271
1981,5379.004422597803
1982,5379.004419877588
1983,5379.004419744139
1984,5379.004416510908
1985,5379.0044120184575
1986,5379.004419646989
1987,5379.004420192688
1988,5379.004415722601
1989,5379.0044179484585
1990,5379.004410183834
1991,5379.004412310927
1992,5379.004415522421
1993,5379.004417128946
1994,5379.004411506537
1995,5379.004417828763
1996,5379.004411176558
1997,5379.004419218266
1998,5379.00441488565
1999,5379.004414822195
2000,5379.004416372462
2001,5379.004411321833
2002,5379.004416616771
2003,5379.004410723278
2004,5379.004419322878
2005,5379.004411238146
2006,5379.004422507428
2007,5379.004420568686
2008,5379.0044040381645
2009,5351.220720981741
2010,5351.22072098174
2011,5351.22072098174
2012,5351.220720981744
2013,5351.220720981739
2014,5351.220720981744
2015,5351.220720981741
2016,5351.220720981741
2017,5351.2207209817425
2018,5351.220736089149
2019,5351.220722049542
2020,5351.220711853746
2021,5351.220718048875
2022,5351.220709986769
2023,5351.220721433212
2024,5351.220719428296
2025,5351.220725929474
2026,5351.220712683287
2027,5351.220723199383
2028,5351.22072411301
2029,5351.220721983686
2030,5351.22072743545
2031,5351.220724058891
2032,5351.220714984846
2033,5351.220717791544
2034,5351.220714034168
2035,5351.2207376324095
2036,5351.22071482027
2037,5351.220712380303
2038,5351.220723767866
2039,5351.220715207718
2040,5351.220717818281
2041,5351.220718059385
2042,5351.22072031753
2043,5351.220705128577
2044,5351.220725090158
2045,5351.220710972831
2046,5351.220720008336
2047,5351.220725405584
2048,5351.220716922012
2049,5351.220727103971
2050,5351.2207124376155
2051,5351.220721410112
2052,5351.220718728357
2053,5351.220724536005
2054,5351.220717235019
2055,5351.220728888842
2056,5351.220726445542
2057,5351.220709021255
2058,5332.693930258098
2059,5332.693930258094
2060,5332.693930258096
2061,5332.6939302580995
2062,5332.6939302580995
2063,5332.6939302581
2064,5332.693930258099
2065,5332.693930258101
2066,5332.693930258099
2067,5332.693927381623
2068,5332.693928959176
2069,5332.693934785742
2070,5332.693936338454
2071,5332.693918173786
2072,5332.69394146162
2073,5332.693903116035
2074,5332.693922736317
2075,5332.693928873091
2076,5332.693928276656
2077,5332.693927875238
2078,5332.693931398181
2079,5332.693931851538
2080,5332.693919448615
2081,5332.693929505294
2082,5332.693928554447
2083,5332.693926038142
2084,5332.693934673044
2085,5332.693931455924
2086,5332.69394450846
2087,5332.693926800522
2088,5332.6939283253005
2089,5332.693933995249
2090,5332.693925184283
2091,5332.693928161845
2092,5332.693932759168
2093,5332.693924566856
2094,5332.693935628445
2095,5332.69392002706
2096,5332.6939450471655
2097,5332.6939248185845
2098,5332.693929286099
2099,5332.693927110075
2100,5332.69393129756
2101,5332.69392827183
2102,5332.693941074864
2103,5332.69392463334
2104,5332.693923411097
2105,5332.693928045413
2106,5332.693925259569
2107,5312.648106456288
2108,5312.6481064562895
2109,5312.648106456291
2110,5312.648106456289
2111,5312.64810645629
2112,5312.648106456291
2113,5312.6481064562895
2114,5312.648106456288
2115,5312.6481064562895
2116,5312.648111161948
2117,5312.648107413194
2118,5312.6481060235865
2119,5312.648107893939
2120,5312.64810280276
2121,5312.648110081858
2122,5312.648092475015
2123,5312.648102692742
2124,5312.648105544154
2125,5312.648105262538
2126,5312.6481062843495
2127,5312.648109010442
2128,5312.648109859956
2129,5312.648102143062
2130,5312.648101506257
2131,5312.6481066077495
2132,5312.648100562032
2133,5312.648114886512
2134,5312.648106974642
2135,5312.648112949962
2136,5312.648103813546
2137,5312.648102297207
2138,5312.648107923887
2139,5312.64810360426
2140,5312.648105944541
2141,5312.6481031293915
2142,5312.648104513691
2143,5312.648099912164
2144,5312.64810737098
2145,5312.648114451538
2146,5312.648104217822
2147,5312.64810814502
2148,5312.648104437532
2149,5312.648108019063
2150,5312.64810429062
2151,5312.648113840808
2152,5312.648101121928
2153,5312.6481056505945
2154,5312.648108323283
2155,5312.648096306607
2156,5300.215508998869
2157,5300.21550899887
2158,5300.21550899887
2159,5300.215508998871
2160,5300.21550899887
2161,5300.215508998872
2162,5300.215508998871
2163,5300.215508998869
2164,5300.215508998871
2165,5300.215512822439
2166,5300.215511340649
2167,5300.215506477038
2168,5300.215507992112
2169,5300.215510690521
2170,5300.21550659978
2171,5300.215511074507
2172,5300.215507698951
2173,5300.215508784102
2174,5300.215509131586
2175,5300.2155093084
2176,5300.215510974311
2177,5300.215507842479
2178,5300.215511538653
2179,5300.215502628991
2180,5300.215509867368
2181,5300.215503860263
2182,5300.215512040931
2183,5300.215510704678
2184,5300.215508108829
2185,5300.215509147062
2186,5300.215502257026
2187,5300.2155104328485
2188,5300.215506887323
2189,5300.215511218533
2190,5300.215505930729
2191,5300.215506024664
2192,5300.215501832296
2193,5300.215512885026
2194,5300.215509729335
2195,5300.215510652244
2196,5300.21551158062
2197,5300.215508558781
2198,5300.215510957768
2199,5300.21550649743
2200,5300.215516536201
2201,5300.215504468295
2202,5300.215508757932
2203,5300.215510124927
2204,5300.215505686986
2205,5290.560544771211
2206,5290.5605447712105
2207,5290.5605447712105
2208,5290.560544771214
2209,5290.5605447712105
2210,5290.560544771214
2211,5290.560544771213
2212,5290.56054477121
2213,5290.560544771214
2214,5290.560546462454
2215,5290.560546092598
2216,5290.560544963957
2217,5290.560543416779
2218,5290.560550514661
2219,5290.5605395763405
2220,5290.560552202832
2221,5290.560544020392
2222,5290.560546252373
2223,5290.560545061769
2224,5290.56054534135
2225,5290.560545786524
2226,5290.560541580459
2227,5290.56054938112
2228,5290.5605392701145
2229,5290.560546960874
2230,5290.560540303478
2231,5290.560543315433
2232,5290.560547379833
2233,5290.5605420886495
2234,5290.560544785741
2235,5290.560537012365
2236,5290.560546591759
2237,5290.560543184853
2238,5290.560548423858
2239,5290.560544148853
2240,5290.560540199677
2241,5290.560538244098
2242,5290.560550493821
2243,5290.5605418989035
2244,5290.560548515681
2245,5290.560545916409
2246,5290.560545701828
2247,5290.560546876146
2248,5290.560541648947
2249,5290.560552972249
2250,5290.560540252099
2251,5290.560543105968
2252,5290.560544522551
2253,5290.560544591199
2254,5265.873367292294
2255,5265.873367292295
2256,5265.873367292297
2257,5265.873367292289
2258,5265.87336729229
2259,5265.8733672922945
2260,5265.873367292294
2261,5265.8733672922945
2262,5265.873367292295
2263,5265.873371624536
2264,5265.873367512356
2265,5265.873371347525
2266,5265.8733650521235
2267,5265.87337985085
2268,5265.8733600718515
2269,5265.8733826377365
2270,5265.873367788505
2271,5265.873370462282
2272,5265.873366186845
2273,5265.87336838811
2274,5265.8733673592515
2275,5265.87336414589
2276,5265.8733751222235
2277,5265.8733638133845
2278,5265.873373760434
2279,5265.873362706526
2280,5265.873365715317
2281,5265.873370795803
2282,5265.873360957713
2283,5265.873365482446
2284,5265.873359215608
2285,5265.873367930359
2286,5265.873366923733
2287,5265.873372528794
2288,5265.873365604698
2289,5265.873363146019
2290,5265.873357798347
2291,5265.873379395774
2292,5265.873361225222
2293,5265.873371447732
2294,5265.873368352514
2295,5265.873369067272
2296,5265.873369338128
2297,5265.873364083142
2298,5265.873373824582
2299,5265.873362958229
2300,5265.873365935401
2301,5265.873366762574
2302,5265.873368652248
2303,5220.716723860013
2304,5220.716723860011
2305,5220.716723860014
2306,5220.716723860013
2307,5220.716723860014
2308,5220.716723860014
2309,5220.716723860014
2310,5220.716723860012
2311,5220.716723860011
2312,5220.716732729916
2313,5220.71672017939
2314,5220.716730040795
2315,5220.716721878646
2316,5220.716733863692
2317,5220.7167173152475
2318,5220.716752237588
2319,5220.71673483866
2320,5220.716726998763
2321,5220.716721008848
2322,5220.71672446596
2323,5220.716720717574
2324,5220.716716056521
2325,5220.7167371810565
2326,5220.716724052999
2327,5220.716733721081
2328,5220.716719943995
2329,5220.716723208576
2330,5220.716720127821
2331,5220.716701528886
2332,5220.716721538022
2333,5220.7167179408825
2334,5220.716723156839
2335,5220.716723018722
2336,5220.716731316016
2337,5220.716714486336
2338,5220.71671972058
2339,5220.716717858534
2340,5220.716733465337
2341,5220.716714571313
2342,5220.716727498184
2343,5220.716722995188
2344,5220.716721728138
2345,5220.7167245400815
2346,5220.716721818126
2347,5220.71672941332
2348,5220.716722205313
2349,5220.7167207389
2350,5220.716717643242
2351,5220.716736123143
2352,5213.155038379458
2353,5213.1550383794565
2354,5213.155038379458
2355,5213.155038379462
2356,5213.155038379464
2357,5213.155038379458
2358,5213.155038379462
2359,5213.15503837946
2360,5213.15503837946
2361,5213.155065623187
2362,5213.1550386629
2363,5213.155037392652
2364,5213.155025304332
2365,5213.155092813114
2366,5213.155041694653
2367,5213.155060770145
2368,5213.155038106486
2369,5213.155051113536
2370,5213.155028884011
2371,5213.155045343022
2372,5213.155039039943
2373,5213.155044622876
2374,5213.155049113773
2375,5213.155046035357
2376,5213.155059124269
2377,5213.155040120719
2378,5213.15505805656
2379,5213.155047722305
2380,5213.1550314980595
2381,5213.155025583024
2382,5213.155045946943
2383,5213.155025822229
2384,5213.155048992447
2385,5213.155042830129
2386,5213.155031259999
2387,5213.15506375569
2388,5213.15500654892
2389,5213.155086899918
2390,5213.155031907863
2391,5213.155036715847
2392,5213.155039745392
2393,5213.155041373257
2394,5213.155039669442
2395,5213.155045596522
2396,5213.15501371128
2397,5213.155036749524
2398,5213.15506164301
2399,5213.155059391105
2400,5213.155040757849
2401,5195.570602685703
2402,5195.570602685705
2403,5195.570602685702
2404,5195.570602685704
2405,5195.570602685702
2406,5195.570602685702
2407,5195.570602685702
2408,5195.570602685701
2409,5195.570602685707
2410,5195.570619237154
2411,5195.570600879061
2412,5195.570606079372
2413,5195.570596583034
2414,5195.570628297164
2415,5195.570600072641
2416,5195.570627958758
2417,5195.570607144268
2418,5195.570610254784
2419,5195.570597055832
2420,5195.5706055467745
2421,5195.570600806491
2422,5195.5706007230965
2423,5195.57061465116
2424,5195.57060653007
2425,5195.570617333006
2426,5195.570600452235
2427,5195.570609686579
2428,5195.570606334414
2429,5195.570588826224
2430,5195.570596327782
2431,5195.5706014683765
2432,5195.5705968426855
2433,5195.570605626086
2434,5195.570608785986
2435,5195.570596350995
2436,5195.570610542411
2437,5195.570587624423
2438,5195.57062648569
2439,5195.570594606701
2440,5195.5706040580935
2441,5195.570602518697
2442,5195.570603221225
2443,5195.570604117694
2444,5195.570604515428
2445,5195.570596320207
2446,5195.5706012013925
2447,5195.570609398769
2448,5195.570606075893
2449,5195.570612188145
2450,5190.019493632132
2451,5190.019493632131
2452,5190.01949363213
2453,5190.019493632134
2454,5190.019493632134
2455,5190.019493632131
2456,5190.019493632135
2457,5190.0194936321295
2458,5190.019493632131
2459,5190.019501165112
2460,5190.019494345245
2461,5190.01948749574
2462,5190.019497927043
2463,5190.019468731644
2464,5190.019502632504
2465,5190.019497537399
2466,5190.019469142972
2467,5190.019510920274
2468,5190.019488266895
2469,5190.019485053318
2470,5190.019485468229
2471,5190.019480035966
2472,5190.019492097471
2473,5190.01950469631
2474,5190.019496221835
2475,5190.019490548342
2476,5190.019476728747
2477,5190.0195257775695
2478,5190.019515520402
2479,5190.019493579619
2480,5190.0194845118
2481,5190.019486943248
2482,5190.019479639202
2483,5190.019496355323
2484,5190.019542377075
2485,5190.019502805398
2486,5190.019524790838
2487,5190.019464953145
2488,5190.019490708019
2489,5190.019489913307
2490,5190.019489053369
2491,5190.019505220813
2492,5190.019501114676
2493,5190.019499536367
2494,5190.019493294442
2495,5190.019496823271
2496,5190.019481845043
2497,5190.019475030644
2498,5190.019550321101
2499,5122.838045039884
2500,5122.838045039884
2501,5122.838045039884
2502,5122.838045039882
2503,5122.8380450398845
2504,5122.838045039884
2505,5122.838045039882
2506,5122.838045039884
2507,5122.838045039884
2508,5122.83806411484
2509,5122.838041225024
2510,5122.838027130678
2511,5122.838034877611
2512,5122.838065592658
2513,5122.838053630065
2514,5122.838042588459
2515,5122.838056160786
2516,5122.838055361111
2517,5122.838036107162
2518,5122.838047065488
2519,5122.838044091574
2520,5122.838050118856
2521,5122.838040462136
2522,5122.838052784879
2523,5122.838056346238
2524,5122.838047405648
2525,5122.838069618718
2526,5122.838037223167
2527,5122.838036349045
2528,5122.838035895483
2529,5122.838055673488
2530,5122.838030734588
2531,5122.838048201684
2532,5122.838042636788
2533,5122.838043272032
2534,5122.838078948205
2535,5122.838026270517
2536,5122.838065899522
2537,5122.838049466639
2538,5122.838038566682
2539,5122.838047341933
2540,5122.838046527556
2541,5122.838046444698
2542,5122.838058054051
2543,5122.838071208396
2544,5122.838048202352
2545,5122.838067398089
2546,5122.83806134172
2547,5122.83804586961
2548,5098.969466579967
2549,5098.969466579965
2550,5098.969466579965
2551,5098.969466579966
2552,5098.9694665799625
2553,5098.96946657997
2554,5098.969466579967
2555,5098.969466579965
2556,5098.969466579966
2557,5098.969466212582
2558,5098.969460248671
2559,5098.969465204874
2560,5098.969466748457
2561,5098.969467302363
2562,5098.969459400834
2563,5098.969457163882
2564,5098.969476319879
2565,5098.969466928572
2566,5098.969464065704
2567,5098.969467219918
2568,5098.969465271415
2569,5098.969467901067
2570,5098.969460391772
2571,5098.969468428708
2572,5098.969474655414
2573,5098.969460554213
2574,5098.969481959842
2575,5098.969454886311
2576,5098.969461303107
2577,5098.969460210644
2578,5098.969465594473
2579,5098.9694657858145
2580,5098.969465548041
2581,5098.969465074681
2582,5098.969456253035
2583,5098.969470911701
2584,5098.969450976613
2585,5098.969477341003
2586,5098.969472117002
2587,5098.969467630236
2588,5098.9694669814035
2589,5098.969464785258
2590,5098.969467284972
2591,5098.969469335601
2592,5098.969464822432
2593,5098.969464143678
2594,5098.969469115314
2595,5098.969467128313
2596,5098.969445451425
2597,5051.655562248595
2598,5051.655562248597
2599,5051.655562248597
2600,5051.655562248597
2601,5051.655562248596
2602,5051.655562248599
2603,5051.655562248594
2604,5051.655562248592
2605,5051.655562248597
2606,5051.655565211111
2607,5051.655559217517
2608,5051.655565574011
2609,5051.65556123101
2610,5051.655561473864
2611,5051.655562569647
2612,5051.65556207496
2613,5051.655557092778
2614,5051.655565892145
2615,5051.655557966432
2616,5051.655562916712
2617,5051.655556776955
2618,5051.655561034813
2619,5051.655562002811
2620,5051.655571313811
2621,5051.655569418628
2622,5051.655559189062
2623,5051.655571598652
2624,5051.655568280813
2625,5051.655565820749
2626,5051.655558885671
2627,5051.655562259059
2628,5051.65555775252
2629,5051.655560165764
2630,5051.655563780482
2631,5051.655564411528
2632,5051.655570798854
2633,5051.65555719277
2634,5051.655566202398
2635,5051.655566661976
2636,5051.655561208052
2637,5051.655561340716
2638,5051.655562471592
2639,5051.655564134722
2640,5051.655564878957
2641,5051.655564731059
2642,5051.655560207742
2643,5051.6555664795205
2644,5051.655562554568
2645,5051.655558848894
2646,5020.334194338647
2647,5020.334194338645
2648,5020.334194338645
2649,5020.334194338651
2650,5020.334194338646
2651,5020.3341943386495
2652,5020.334194338649
2653,5020.334194338647
2654,5020.334194338651
2655,5020.334205974635
2656,5020.334194457232
2657,5020.334186499416
2658,5020.334186674622
2659,5020.334208842197
2660,5020.3342023021
2661,5020.334195287445
2662,5020.334198715548
2663,5020.334198313078
2664,5020.33418858401
2665,5020.334198275129
2666,5020.334192262196
2667,5020.334197641292
2668,5020.334195844261
2669,5020.334194963797
2670,5020.334198531209
2671,5020.334198165156
2672,5020.334210898282
2673,5020.334191659016
2674,5020.334189309968
2675,5020.334190834529
2676,5020.33420350258
2677,5020.3341866984565
2678,5020.334199299655
2679,5020.334196080897
2680,5020.334186099997
2681,5020.334216665647
2682,5020.334181030242
2683,5020.334206685424
2684,5020.334197889264
2685,5020.334191877235
2686,5020.334195733695
2687,5020.334191631832
2688,5020.334194414806
2689,5020.334201020161
2690,5020.3342082309855
2691,5020.3341947276385
2692,5020.334216119634
2693,5020.33420875487
2694,5020.334194681514
2695,4990.436786268283
2696,4990.436786268282
2697,4990.436786268282
2698,4990.436786268283
2699,4990.436786268282
2700,4990.436786268281
2701,4990.43678626828
2702,4990.43678626828
2703,4990.436786268282
2704,4990.436791959592
2705,4990.436786109249
2706,4990.436780104481
2707,4990.436781803382
2708,4990.4367899375675
2709,4990.436789003382
2710,4990.436783996481
2711,4990.436789027364
2712,4990.436789982595
2713,4990.436783501226
2714,4990.436788360022
2715,4990.436783355583
2716,4990.4367862854815
2717,4990.436787554479
2718,4990.4367850364615
2719,4990.436788302449
2720,4990.436787474828
2721,4990.4367948869285
2722,4990.436784124215
2723,4990.436784045235
2724,4990.436784719916
2725,4990.436789935805
2726,4990.436781946312
2727,4990.436787210163
2728,4990.436788682343
2729,4990.436785372098
2730,4990.436800470067
2731,4990.436779990787
2732,4990.436790005446
2733,4990.436787468236
2734,4990.436786928232
2735,4990.436784889857
2736,4990.436783698036
2737,4990.436787403981
2738,4990.436790479167
2739,4990.436791526408
2740,4990.436786198587
2741,4990.436799407912
2742,4990.436792034232
2743,4990.436788404249
2744,4957.393208675157
2745,4957.3932086751565
2746,4957.393208675157
2747,4957.393208675157
2748,4957.39320867516
2749,4957.393208675156
2750,4957.3932086751565
2751,4957.393208675154
2752,4957.393208675155
2753,4957.393208367692
2754,4957.3932104257565
2755,4957.393215514189
2756,4957.393205404665
2757,4957.393214070618
2758,4957.393209175168
2759,4957.393207913324
2760,4957.393209763874
2761,4957.393209968453
2762,4957.3932080046725
2763,4957.393212050757
2764,4957.393205868153
2765,4957.393211987127
2766,4957.3932115267135
2767,4957.3932043076275
2768,4957.393208552505
2769,4957.393210823393
2770,4957.393215046054
2771,4957.393206910161
2772,4957.393207515862
2773,4957.393208658172
2774,4957.393213723088
2775,4957.393208333898
2776,4957.393211290723
2777,4957.393212305645
2778,4957.393204333655
2779,4957.393214297361
2780,4957.393200591035
2781,4957.393213180223
2782,4957.393209579304
2783,4957.393210877371
2784,4957.39320665108
2785,4957.393203426664
2786,4957.393208707863
2787,4957.393208648766
2788,4957.393207041275
2789,4957.393209170956
2790,4957.393219699499
2791,4957.3932132264135
2792,4957.393204317869
2793,4972.708503169997
2794,4972.708503169995
2795,4972.708503169994
2796,4972.708503169997
2797,4972.708503169998
2798,4972.708503169997
2799,4972.708503169998
2800,4972.708503169996
2801,4972.708503169994
2802,4972.708507912761
2803,4972.708508047238
2804,4972.708487121281
2805,4972.708509316862
2806,4972.7084615695385
2807,4972.708512019124
2808,4972.708506791943
2809,4972.7085209807365
2810,4972.708494735734
2811,4972.708503503713
2812,4972.708492173161
2813,4972.708503620559
2814,4972.70849512876
2815,4972.70849869123
2816,4972.708476114291
2817,4972.7084954522425
2818,4972.708494242726
2819,4972.708493463313
2820,4972.708486722455
2821,4972.708486937363
2822,4972.708512392265
2823,4972.708494901587
2824,4972.708508056326
2825,4972.708486945892
2826,4972.708503588827
2827,4972.708494120248
2828,4972.70849661119
2829,4972.708531271763
2830,4972.708466272057
2831,4972.708504214751
2832,4972.7084948051
2833,4972.708514863447
2834,4972.708495200905
2835,4972.708503527916
2836,4972.708501647766
2837,4972.708480580996
2838,4972.708511606584
2839,4972.708492522445
2840,4972.708483916773
2841,4972.708545735953
2842,4947.9442664501275
2843,4947.944266450129
2844,4947.944266450129
2845,4947.944266450127
2846,4947.944266450129
2847,4947.944266450129
2848,4947.944266450131
2849,4947.944266450125
2850,4947.944266450126
2851,4947.9442677323495
2852,4947.944269485044
2853,4947.94426454007
2854,4947.944266946825
2855,4947.944254284898
2856,4947.944269872493
2857,4947.944267298564
2858,4947.944273703369
2859,4947.944264373105
2860,4947.9442662322035
2861,4947.944264270119
2862,4947.944264898668
2863,4947.944265271989
2864,4947.944266589959
2865,4947.944253623548
2866,4947.94426349314
2867,4947.944264491975
2868,4947.94426642864
2869,4947.944259288034
2870,4947.944259756016
2871,4947.944270068344
2872,4947.94426632665
2873,4947.944268088485
2874,4947.9442617622535
2875,4947.944268929111
2876,4947.944260871337
2877,4947.944267285632
2878,4947.944272377636
2879,4947.944255448398
2880,4947.944267356996
2881,4947.9442647462765
2882,4947.944269369106
2883,4947.944260130549
2884,4947.944266734565
2885,4947.944265690016
2886,4947.9442568978575
2887,4947.944269903603
2888,4947.94426885942
2889,4947.944261840829
2890,4947.944280021531
2891,4937.204277410651
2892,4937.204277410657
2893,4937.204277410655
2894,4937.204277410653
2895,4937.204277410653
2896,4937.204277410656
2897,4937.204277410657
2898,4937.204277410653
2899,4937.204277410652
2900,4937.204276904953
2901,4937.20428096578
2902,4937.204279021966
2903,4937.204278001228
2904,4937.204269457461
2905,4937.204279539127
2906,4937.204275723676
2907,4937.2042817898355
2908,4937.204275295018
2909,4937.204277471346
2910,4937.204275441688
2911,4937.204276226242
2912,4937.204278179849
2913,4937.204276024466
2914,4937.2042659904955
2915,4937.204275433406
2916,4937.2042757688
2917,4937.204277242589
2918,4937.204272477089
2919,4937.204274977246
2920,4937.2042798774255
2921,4937.204277552805
2922,4937.204279261921
2923,4937.204273338387
2924,4937.204279467856
2925,4937.204273804371
2926,4937.204277315984
2927,4937.204280938907
2928,4937.204270149232
2929,4937.204278608588
2930,4937.204275432412
2931,4937.204280729284
2932,4937.204272067107
2933,4937.204277581732
2934,4937.204276117735
2935,4937.204268049621
2936,4937.204280844909
2937,4937.204279289133
2938,4937.204273913005
2939,4937.204285962426
2940,4912.437098756881
2941,4912.437098756883
2942,4912.437098756883
2943,4912.437098756881
2944,4912.437098756883
2945,4912.437098756879
2946,4912.437098756882
2947,4912.437098756883
2948,4912.437098756883
2949,4912.43709609164
2950,4912.437104880558
2951,4912.437102854195
2952,4912.4370967144605
2953,4912.4371086833735
2954,4912.437096814945
2955,4912.437098553842
2956,4912.4370997914975
2957,4912.437095171735
2958,4912.437099488971
2959,4912.437097814244
2960,4912.4370986326685
2961,4912.437103137387
2962,4912.437099199586
2963,4912.437094352517
2964,4912.437099136819
2965,4912.437100414813
2966,4912.437099380671
2967,4912.437096755633
2968,4912.437100601849
2969,4912.4370993121875
2970,4912.437100772849
2971,4912.437098631428
2972,4912.437097982705
2973,4912.43710104435
2974,4912.4370975042
2975,4912.437099418003
2976,4912.437093161774
2977,4912.437106077501
2978,4912.437098129974
2979,4912.437098413671
2980,4912.437103241804
2981,4912.437096217904
2982,4912.437097516234
2983,4912.43709689983
2984,4912.437095032025
2985,4912.437100194211
2986,4912.437102822308
2987,4912.437101988922
2988,4912.437094639977
2989,4904.425776664986
2990,4904.425776664988
2991,4904.425776664988
2992,4904.425776664991
2993,4904.425776664991
2994,4904.425776664987
2995,4904.425776664987
2996,4904.42577666499
2997,4904.425776664986
2998,4904.4257720185005
2999,4904.425781486936
3000,4904.425782192454
3001,4904.425777832629
3002,4904.425776223873
3003,4904.425773793632
3004,4904.42577423727
3005,4904.425775087178
3006,4904.425772178416
3007,4904.425776572419
3008,4904.425773151722
3009,4904.425774387043
3010,4904.425778047979
3011,4904.425776611463
3012,4904.425778395486
3013,4904.425779803688
3014,4904.425774182358
3015,4904.4257745490595
3016,4904.425776657476
3017,4904.425780483715
3018,4904.4257772489
3019,4904.425774730376
3020,4904.42577679476
3021,4904.425771013863
3022,4904.42577836771
3023,4904.42577995271
3024,4904.425772983465
3025,4904.425777907651
3026,4904.4257775893675
3027,4904.42577769289
3028,4904.425775312079
3029,4904.42578115597
3030,4904.425775734382
3031,4904.425775957879
3032,4904.425773632895
3033,4904.425784519864
3034,4904.425776611505
3035,4904.425772090579
3036,4904.425772466384
3037,4904.42577340692
3038,4895.544880199673
3039,4895.544880199673
3040,4895.544880199673
3041,4895.544880199671
3042,4895.544880199672
3043,4895.544880199672
3044,4895.544880199672
3045,4895.54488019967
3046,4895.544880199672
3047,4895.544878637481
3048,4895.544885597728
3049,4895.544879114784
3050,4895.544879442114
3051,4895.544889375843
3052,4895.54488078154
3053,4895.544876446107
3054,4895.544885391184
3055,4895.5448746906495
3056,4895.544878511433
3057,4895.544876844867
3058,4895.544880430138
3059,4895.544884618733
3060,4895.544878861877
3061,4895.544880808092
3062,4895.544883057735
3063,4895.544881779983
3064,4895.544880807297
3065,4895.544873049468
3066,4895.544878814473
3067,4895.5448801777
3068,4895.54488379218
3069,4895.54487926364
3070,4895.544878034922
3071,4895.544881109052
3072,4895.544877699824
3073,4895.544880862996
3074,4895.544878576086
3075,4895.544886639651
3076,4895.544881251395
3077,4895.544877721021
3078,4895.544886601818
3079,4895.544879146227
3080,4895.544877691302
3081,4895.544879787834
3082,4895.544882955604
3083,4895.544880947439
3084,4895.544879637816
3085,4895.54488159293
3086,4895.544877080587
3087,4884.850663618587
3088,4884.850663618584
3089,4884.850663618582
3090,4884.850663618582
3091,4884.8506636185875
3092,4884.850663618586
3093,4884.850663618586
3094,4884.8506636185875
3095,4884.850663618585
3096,4884.850662466671
3097,4884.85066823575
3098,4884.850660307532
3099,4884.850662532395
3100,4884.850668566214
3101,4884.850661761809
3102,4884.850664705908
3103,4884.850665887708
3104,4884.850661794916
3105,4884.850662170012
3106,4884.850660212797
3107,4884.850662591336
3108,4884.850664258303
3109,4884.850664757436
3110,4884.850665364691
3111,4884.850665064086
3112,4884.8506641443155
3113,4884.850662688867
3114,4884.850660963544
3115,4884.850662917095
3116,4884.850665484575
3117,4884.8506655648835
3118,4884.850662591617
3119,4884.850661233061
3120,4884.850665442038
3121,4884.850666264527
3122,4884.85066393573
3123,4884.850662470894
3124,4884.850667066127
3125,4884.850662102121
3126,4884.850663537763
3127,4884.850666885532
3128,4884.850663871757
3129,4884.8506626209855
3130,4884.850663637448
3131,4884.850666526719
3132,4884.850663106747
3133,4884.850661597314
3134,4884.850662808055
3135,4884.850665585314
3136,4873.068759040732
3137,4873.068759040739
3138,4873.068759040737
3139,4873.068759040736
3140,4873.068759040737
3141,4873.068759040735
3142,4873.068759040734
3143,4873.068759040734
3144,4873.068759040736
3145,4873.0687586448075
3146,4873.068761322012
3147,4873.068754654027
3148,4873.068758731128
3149,4873.06875705104
3150,4873.068757829964
3151,4873.068757015319
3152,4873.068757760802
3153,4873.068761757501
3154,4873.0687568594185
3155,4873.068755918349
3156,4873.068756962427
3157,4873.068758292255
3158,4873.068757898361
3159,4873.068760295153
3160,4873.068759379507
3161,4873.068758279516
3162,4873.068757850953
3163,4873.06875996781
3164,4873.068761481688
3165,4873.068761419311
3166,4873.068761020973
3167,4873.068758647577
3168,4873.068756728102
3169,4873.068760433645
3170,4873.068765333829
3171,4873.068760078088
3172,4873.06876037326
3173,4873.068757179525
3174,4873.0687576479495
3175,4873.068759153628
3176,4873.068759393528
3177,4873.068760144358
3178,4873.068759773908
3179,4873.068760412972
3180,4873.068762744594
3181,4873.068758132223
3182,4873.068755596458
3183,4873.068755693467
3184,4873.068765288611
3185,4868.120717810975
3186,4868.1207178109735
3187,4868.120717810971
3188,4868.120717810977
3189,4868.120717810976
3190,4868.120717810974
3191,4868.120717810974
3192,4868.120717810975
3193,4868.120717810974
3194,4868.1207146033075
3195,4868.120715987757
3196,4868.12070690624
3197,4868.120716318013
3198,4868.1207142397825
3199,4868.120707373392
3200,4868.120725480729
3201,4868.120731173823
3202,4868.120716740052
3203,4868.12071905286
3204,4868.120717042611
3205,4868.120715829034
3206,4868.120714747151
3207,4868.120723803717
3208,4868.120717889401
3209,4868.120716236328
3210,4868.120716083627
3211,4868.1207163232575
3212,4868.120704874458
3213,4868.120702421137
3214,4868.120723272332
3215,4868.120718695791
3216,4868.120718447377
3217,4868.120717268266
3218,4868.120720804025
3219,4868.120711003579
3220,4868.120715879013
3221,4868.120714134832
3222,4868.120717291264
3223,4868.1207105531685
3224,4868.120724844829
3225,4868.120714619703
3226,4868.120715704282
3227,4868.120717221618
3228,4868.120718506086
3229,4868.120724534472
3230,4868.1207139156495
3231,4868.120715127293
3232,4868.120713500194
3233,4868.120718207854
3234,4858.868362093309
3235,4858.868362093307
3236,4858.868362093308
3237,4858.868362093306
3238,4858.868362093309
3239,4858.868362093308
3240,4858.868362093308
3241,4858.868362093305
3242,4858.868362093307
3243,4858.868360796485
3244,4858.8683611070355
3245,4858.868358440553
3246,4858.868361515126
3247,4858.8683583805
3248,4858.868357543516
3249,4858.868366212204
3250,4858.868363300694
3251,4858.868363937494
3252,4858.868360674035
3253,4858.868361595491
3254,4858.868359233541
3255,4858.868360899802
3256,4858.86836309234
3257,4858.86836248715
3258,4858.868360771261
3259,4858.868361130769
3260,4858.868362590062
3261,4858.868361345473
3262,4858.868358683674
3263,4858.868366196217
3264,4858.868365751086
3265,4858.868362779021
3266,4858.868362968045
3267,4858.868363813639
3268,4858.868359965515
3269,4858.868362020353
3270,4858.868360205728
3271,4858.868360188213
3272,4858.8683587032165
3273,4858.868364537419
3274,4858.86836074227
3275,4858.86836183226
3276,4858.868362643581
3277,4858.868363343497
3278,4858.868367589507
3279,4858.868360009014
3280,4858.868360117947
3281,4858.868358995176
3282,4858.8683661865825
3283,4852.803243999284
3284,4852.803243999284
3285,4852.803243999286
3286,4852.803243999286
3287,4852.803243999285
3288,4852.803243999285
3289,4852.803243999284
3290,4852.803243999284
3291,4852.803243999282
3292,4852.803243223058
3293,4852.803242904218
3294,4852.8032440420275
3295,4852.803244781457
3296,4852.8032383990985
3297,4852.803242252548
3298,4852.803244632637
3299,4852.803240696183
3300,4852.80324505002
3301,4852.803241436071
3302,4852.80324330048
3303,4852.803241119491
3304,4852.803244376411
3305,4852.803241544663
3306,4852.803243898944
3307,4852.803243617524
3308,4852.803242326545
3309,4852.803245138918
3310,4852.80324720217
3311,4852.803245655886
3312,4852.803246559315
3313,4852.803248007515
3314,4852.80324507204
3315,4852.803244623361
3316,4852.803244493752
3317,4852.803241826896
3318,4852.803243658969
3319,4852.803244216343
3320,4852.803240426508
3321,4852.803243128589
3322,4852.803243151848
3323,4852.803245026446
3324,4852.803244377029
3325,4852.803244760393
3326,4852.8032449700895
3327,4852.803250741304
3328,4852.803243121791
3329,4852.803241199891
3330,4852.8032403922
3331,4852.8032484610685
3332,4845.747549289786
3333,4845.747549289785
3334,4845.747549289784
3335,4845.747549289782
3336,4845.747549289782
3337,4845.747549289782
3338,4845.747549289784
3339,4845.747549289786
3340,4845.747549289783
3341,4845.747550012171
3342,4845.747549286225
3343,4845.747550712082
3344,4845.747550124474
3345,4845.747547093989
3346,4845.747549507646
3347,4845.747548159524
3348,4845.7475441768765
3349,4845.747547821038
3350,4845.747546980499
3351,4845.7475493577185
3352,4845.747548234834
3353,4845.747552914113
3354,4845.747547183242
3355,4845.747548810095
3356,4845.747549069005
3357,4845.747548781078
3358,4845.747551114864
3359,4845.747553389393
3360,4845.7475528811
3361,4845.747549532843
3362,4845.7475540417345
3363,4845.747550210587
3364,4845.747551344334
3365,4845.747549385876
3366,4845.747545950932
3367,4845.747549575806
3368,4845.74754913761
3369,4845.747547555791
3370,4845.747548977075
3371,4845.747548035235
3372,4845.747551867417
3373,4845.747550254032
3374,4845.74754954283
3375,4845.74755007813
3376,4845.7475560795165
3377,4845.747548224967
3378,4845.747548622509
3379,4845.747548690415
3380,4845.747550877406
3381,4839.755022672206
3382,4839.755022672207
3383,4839.75502267221
3384,4839.755022672205
3385,4839.755022672205
3386,4839.755022672208
3387,4839.755022672205
3388,4839.755022672207
3389,4839.755022672205
3390,4839.7550232943495
3391,4839.7550215243355
3392,4839.7550267226625
3393,4839.755024452624
3394,4839.7550236463185
3395,4839.755022292851
3396,4839.755013163728
3397,4839.755018074549
3398,4839.755021550955
3399,4839.75502051769
3400,4839.755023078173
3401,4839.755021910793
3402,4839.755027725866
3403,4839.755019495088
3404,4839.755024849654
3405,4839.755024947379
3406,4839.75502176657
3407,4839.755023699863
3408,4839.755024498843
3409,4839.75502831306
3410,4839.755018582024
3411,4839.755024677134
3412,4839.755023264212
3413,4839.7550240884275
3414,4839.755022500599
3415,4839.755022189544
3416,4839.755023069268
3417,4839.755021295837
3418,4839.7550237075875
3419,4839.75502277347
3420,4839.755020961787
3421,4839.755024013509
3422,4839.7550242036605
3423,4839.75502278154
3424,4839.75502231832
3425,4839.755029141192
3426,4839.755020029204
3427,4839.755021539045
3428,4839.755022416914
3429,4839.755017457376
3430,4834.940124812101
3431,4834.940124812103
3432,4834.940124812104
3433,4834.940124812103
3434,4834.940124812102
3435,4834.940124812101
3436,4834.940124812101
3437,4834.940124812103
3438,4834.940124812102
3439,4834.9401320500465
3440,4834.94012597358
3441,4834.940123364187
3442,4834.940126507667
3443,4834.940119512675
3444,4834.940129083121
3445,4834.9401255892235
3446,4834.940125224399
3447,4834.940119895752
3448,4834.9401242148215
3449,4834.9401245555
3450,4834.940127174357
3451,4834.940128453431
3452,4834.940127865629
3453,4834.940121579935
3454,4834.940124102964
3455,4834.940123568575
3456,4834.940122347111
3457,4834.9401235722435
3458,4834.940122247878
3459,4834.940122368165
3460,4834.940123826761
3461,4834.940124643266
3462,4834.940124823092
3463,4834.9401253723645
3464,4834.9401239824365
3465,4834.940125293724
3466,4834.940131396998
3467,4834.9401179426095
3468,4834.940122242351
3469,4834.940124892
3470,4834.9401279813665
3471,4834.940126178327
3472,4834.940124446164
3473,4834.940124352727
3474,4834.940134876541
3475,4834.940123389574
3476,4834.940124218415
3477,4834.940123872991
3478,4834.940134813344
3479,4829.01171259524
3480,4829.011712595241
3481,4829.01171259524
3482,4829.011712595242
3483,4829.011712595239
3484,4829.011712595239
3485,4829.011712595237
3486,4829.011712595239
3487,4829.01171259524
3488,4829.011717399414
3489,4829.011713761985
3490,4829.011712987197
3491,4829.011712291419
3492,4829.011718022883
3493,4829.011711935319
3494,4829.011715408164
3495,4829.011711347512
3496,4829.011711344347
3497,4829.01171258244
3498,4829.011713917898
3499,4829.011713983047
3500,4829.011715539619
3501,4829.011716930618
3502,4829.011712600636
3503,4829.011711511538
3504,4829.011714080742
3505,4829.011711558796
3506,4829.011713683927
3507,4829.01171189509
3508,4829.011710061525
3509,4829.011712962623
3510,4829.011711989826
3511,4829.011715879174
3512,4829.011714244749
3513,4829.011714578205
3514,4829.011714256987
3515,4829.011709727799
3516,4829.011714834762
3517,4829.011707815265
3518,4829.0117150246215
3519,4829.011712684813
3520,4829.011714565255
3521,4829.0117121905805
3522,4829.011712031538
3523,4829.011717835682
3524,4829.011709830691
3525,4829.011714855285
3526,4829.011715801319
3527,4829.011715273441
3528,4823.881109691743
3529,4823.8811096917425
3530,4823.881109691745
3531,4823.881109691745
3532,4823.881109691745
3533,4823.881109691743
3534,4823.881109691743
3535,4823.881109691742
3536,4823.881109691744
3537,4823.881112756442
3538,4823.88110954618
3539,4823.88111028941
3540,4823.881109385851
3541,4823.881114276222
3542,4823.881106889171
3543,4823.881112324124
3544,4823.88111068912
3545,4823.881110506723
3546,4823.881109550537
3547,4823.881110788138
3548,4823.88110959965
3549,4823.881110528176
3550,4823.88111303569
3551,4823.881110008356
3552,4823.88110860406
3553,4823.881110383958
3554,4823.881108072604
3555,4823.881108972856
3556,4823.88110739602
3557,4823.88110822627
3558,4823.881108869252
3559,4823.881109313586
3560,4823.881112373331
3561,4823.881111327834
3562,4823.8811129588785
3563,4823.881110467043
3564,4823.881105284368
3565,4823.881111940402
3566,4823.88110445115
3567,4823.881111996015
3568,4823.881108660422
3569,4823.881111127096
3570,4823.881109486754
3571,4823.88110883576
3572,4823.881114759441
3573,4823.881107315401
3574,4823.881110476602
3575,4823.881111069901
3576,4823.881112286102
3577,4811.472428976569
3578,4811.472428976569
3579,4811.472428976571
3580,4811.472428976569
3581,4811.472428976572
3582,4811.472428976569
3583,4811.472428976568
3584,4811.47242897657
3585,4811.472428976568
3586,4811.472429389497
3587,4811.472428653699
3588,4811.472427040055
3589,4811.4724267056345
3590,4811.472438508681
3591,4811.472422742001
3592,4811.472435994613
3593,4811.472432086954
3594,4811.472429502674
3595,4811.472430515106
3596,4811.4724314774785
3597,4811.472429437226
3598,4811.472429470264
3599,4811.472433851292
3600,4811.472429532132
3601,4811.47242649883
3602,4811.472431145835
3603,4811.472428817169
3604,4811.472426864392
3605,4811.472424059107
3606,4811.472428359072
3607,4811.472428181301
3608,4811.472428360416
3609,4811.472433785046
3610,4811.472430594804
3611,4811.472431741145
3612,4811.472430487899
3613,4811.472418514104
3614,4811.472435870404
3615,4811.472422811201
3616,4811.472432781845
3617,4811.472427414803
3618,4811.472430161214
3619,4811.4724282991965
3620,4811.4724285649645
3621,4811.47243181421
3622,4811.472427179992
3623,4811.472432544299
3624,4811.472433683608
3625,4811.472427274251
3626,4796.535895412005
3627,4796.535895412005
3628,4796.535895412005
3629,4796.535895412004
3630,4796.535895412003
3631,4796.535895412004
3632,4796.535895412004
3633,4796.535895412005
3634,4796.5358954120065
3635,4796.53589260067
3636,4796.535895572376
3637,4796.535892960247
3638,4796.535894412179
3639,4796.535891680285
3640,4796.535891727266
3641,4796.535902969851
3642,4796.5358980940055
3643,4796.535894521933
3644,4796.535895842911
3645,4796.535896695758
3646,4796.535893434786
3647,4796.535894804516
3648,4796.535900947468
3649,4796.5358982675025
3650,4796.535894550186
3651,4796.535892897899
3652,4796.535895428383
3653,4796.5358934238275
3654,4796.535888895738
3655,4796.535897361501
3656,4796.535891717698
3657,4796.535895119685
3658,4796.535895922696
3659,4796.535896009815
3660,4796.535899849626
3661,4796.535893248342
3662,4796.535892138199
3663,4796.535893607572
3664,4796.535894127023
3665,4796.5358975322815
3666,4796.5358947512395
3667,4796.535895926121
3668,4796.535895250589
3669,4796.535894623123
3670,4796.535902186641
3671,4796.535894667854
3672,4796.535894648152
3673,4796.535894079147
3674,4796.535896017579
3675,4789.635154390217
3676,4789.635154390221
3677,4789.635154390218
3678,4789.635154390216
3679,4789.635154390216
3680,4789.635154390218
3681,4789.635154390217
3682,4789.63515439022
3683,4789.635154390217
3684,4789.635153978584
3685,4789.635153665811
3686,4789.63514669804
3687,4789.635151855549
3688,4789.63515885735
3689,4789.635155006976
3690,4789.635158589888
3691,4789.635159904988
3692,4789.635149787176
3693,4789.635155486834
3694,4789.635156080638
3695,4789.635156400393
3696,4789.635156926289
3697,4789.635156150108
3698,4789.635151108996
3699,4789.635151862408
3700,4789.635156112123
3701,4789.635157129609
3702,4789.635148688126
3703,4789.6351470639975
3704,4789.635153816205
3705,4789.635155272914
3706,4789.63515391107
3707,4789.635158219726
3708,4789.635152528378
3709,4789.635152065034
3710,4789.635156713516
3711,4789.635149779971
3712,4789.635156713758
3713,4789.635155095048
3714,4789.635152854209
3715,4789.635157486901
3716,4789.635153844726
3717,4789.635152338339
3718,4789.635156221102
3719,4789.635158328468
3720,4789.635157480322
3721,4789.635159209768
3722,4789.635160250697
3723,4789.63515535084
3724,4783.506131857101
3725,4783.506131857099
3726,4783.506131857099
3727,4783.506131857099
3728,4783.506131857098
3729,4783.506131857096
3730,4783.506131857098
3731,4783.5061318571015
3732,4783.5061318571
3733,4783.506129819738
3734,4783.506132075862
3735,4783.506130475166
3736,4783.50613107074
3737,4783.506131579423
3738,4783.50613366256
3739,4783.506132063126
3740,4783.506127988354
3741,4783.506130271954
3742,4783.506131432577
3743,4783.506132961159
3744,4783.506131925083
3745,4783.506134415473
3746,4783.506131135994
3747,4783.50613026636
3748,4783.506131194481
3749,4783.506131239792
3750,4783.506133984815
3751,4783.50613445293
3752,4783.50613364088
3753,4783.506131654996
3754,4783.506131904006
3755,4783.506131911511
3756,4783.5061341824885
3757,4783.506129554402
3758,4783.506135266152
3759,4783.506131956712
3760,4783.50613005216
3761,4783.5061311167265
3762,4783.506134979531
3763,4783.506128917165
3764,4783.506134949781
3765,4783.506132566813
3766,4783.50613120565
3767,4783.506132777115
3768,4783.506137792836
3769,4783.506134845455
3770,4783.506133384343
3771,4783.506134352153
3772,4783.506133747572
3773,4779.375089155173
3774,4779.375089155175
3775,4779.375089155175
3776,4779.375089155176
3777,4779.375089155176
3778,4779.375089155176
3779,4779.375089155174
3780,4779.3750891551745
3781,4779.375089155174
3782,4779.375086115895
3783,4779.375089132352
3784,4779.375090165464
3785,4779.375089611212
3786,4779.375085894019
3787,4779.375091747511
3788,4779.375086320019
3789,4779.375084168066
3790,4779.375087512131
3791,4779.375088004889
3792,4779.375089961682
3793,4779.375088322996
3794,4779.375091941944
3795,4779.375088140983
3796,4779.375088160202
3797,4779.375090079152
3798,4779.375087056479
3799,4779.37509068706
3800,4779.375091876073
3801,4779.375091978567
3802,4779.375089123674
3803,4779.375088945124
3804,4779.375089477758
3805,4779.3750903016635
3806,4779.375086631618
3807,4779.375092106117
3808,4779.375087401115
3809,4779.3750897133705
3810,4779.375086483304
3811,4779.375093677587
3812,4779.375085987008
3813,4779.375091800066
3814,4779.375089289434
3815,4779.375088634153
3816,4779.375089323236
3817,4779.375097003429
3818,4779.375091651158
3819,4779.375088589864
3820,4779.375089439465
3821,4779.3750907830945
3822,4773.785850059375
3823,4773.785850059374
3824,4773.785850059378
3825,4773.785850059376
3826,4773.785850059376
3827,4773.785850059375
3828,4773.785850059375
3829,4773.785850059375
3830,4773.785850059377
3831,4773.785848186422
3832,4773.785851835548
3833,4773.785852344281
3834,4773.785850804465
3835,4773.785849170146
3836,4773.785853153675
3837,4773.785851209763
3838,4773.785841843242
3839,4773.7858502470535
3840,4773.785849715934
3841,4773.78585124758
3842,4773.785849872296
3843,4773.785852397325
3844,4773.785853652206
3845,4773.785851384807
3846,4773.785851232939
3847,4773.785849217163
3848,4773.785850704511
3849,4773.785856506943
3850,4773.78585427391
3851,4773.7858511716795
3852,4773.78584965352
3853,4773.78584957572
3854,4773.7858517319655
3855,4773.785848906214
3856,4773.785857350447
3857,4773.785847594971
3858,4773.785851443047
3859,4773.785848547352
3860,4773.785853344844
3861,4773.785851531103
3862,4773.785849259763
3863,4773.78585085738
3864,4773.785849503417
3865,4773.7858494964785
3866,4773.7858577466895
3867,4773.785850960711
3868,4773.785849145046
3869,4773.785851543986
3870,4773.785853750108
3871,4770.319875198032
3872,4770.319875198034
3873,4770.319875198034
3874,4770.3198751980335
3875,4770.3198751980335
3876,4770.3198751980335
3877,4770.319875198032
3878,4770.319875198033
3879,4770.319875198031
3880,4770.3198709186545
3881,4770.3198722867255
3882,4770.319874635399
3883,4770.319877665667
3884,4770.319873817947
3885,4770.319876347785
3886,4770.319869973768
3887,4770.319884077706
3888,4770.319870178268
3889,4770.319872687406
3890,4770.3198752952
3891,4770.319872911434
3892,4770.319875893413
3893,4770.319879148919
3894,4770.319876185576
3895,4770.319879805301
3896,4770.319873080659
3897,4770.319875268386
3898,4770.319863231185
3899,4770.319864599551
3900,4770.319877152372
3901,4770.319877389864
3902,4770.3198752785875
3903,4770.319875037555
3904,4770.319873802685
3905,4770.319865366056
3906,4770.319869922853
3907,4770.319877353914
3908,4770.319874622876
3909,4770.319878585827
3910,4770.3198768190305
3911,4770.319872947697
3912,4770.319870420442
3913,4770.319872467071
3914,4770.319873830252
3915,4770.319884395755
3916,4770.319874264001
3917,4770.319870571257
3918,4770.319872623478
3919,4770.319873435198
3920,4764.276198397885
3921,4764.276198397887
3922,4764.276198397887
3923,4764.276198397886
3924,4764.276198397889
3925,4764.276198397885
3926,4764.276198397884
3927,4764.276198397886
3928,4764.276198397887
3929,4764.276195859797
3930,4764.2761973047145
3931,4764.276199434576
3932,4764.276200099461
3933,4764.276200252715
3934,4764.276199677828
3935,4764.27619596214
3936,4764.276198138934
3937,4764.276197976081
3938,4764.276196565535
3939,4764.276198434815
3940,4764.276196984785
3941,4764.276198681712
3942,4764.2762006143175
3943,4764.276199206734
3944,4764.276201217846
3945,4764.276197984127
3946,4764.276198651644
3947,4764.276196529593
3948,4764.276196859699
3949,4764.276200435538
3950,4764.276199611811
3951,4764.276198237316
3952,4764.276199678101
3953,4764.276197160309
3954,4764.276197849281
3955,4764.276195570234
3956,4764.276198620571
3957,4764.276199503329
3958,4764.276200731061
3959,4764.276199966846
3960,4764.2761964979045
3961,4764.276196645373
3962,4764.276196840792
3963,4764.276197779762
3964,4764.276205123596
3965,4764.2761985254165
3966,4764.2761950701315
3967,4764.27619837771
3968,4764.276200026897
3969,4760.5084360907385
3970,4760.508436090739
3971,4760.508436090739
3972,4760.5084360907385
3973,4760.5084360907385
3974,4760.508436090738
3975,4760.5084360907385
3976,4760.5084360907385
3977,4760.508436090739
3978,4760.508434632504
3979,4760.508435358801
3980,4760.508436483705
3981,4760.508437290777
3982,4760.508438542434
3983,4760.508436479067
3984,4760.508435011101
3985,4760.508432756766
3986,4760.508437719891
3987,4760.508434922964
3988,4760.50843578084
3989,4760.508435612748
3990,4760.508436033045
3991,4760.50843670662
3992,4760.50843604463
3993,4760.508437973568
3994,4760.5084359815
3995,4760.508436363262
3996,4760.508437974225
3997,4760.508438197909
3998,4760.508438087631
3999,4760.5084363044
4000,4760.508435897814
4001,4760.508437575351
4002,4760.5084348255095
4003,4760.508439416822
4004,4760.508435228972
4005,4760.508435261682
4006,4760.508437586399
4007,4760.508437239469
4008,4760.508437218679
4009,4760.508434877364
4010,4760.508435808675
4011,4760.508435209193
4012,4760.508436274305
4013,4760.508441711424
4014,4760.50843710355
4015,4760.508433152916
4016,4760.5084369184015
4017,4760.508439161879
4018,4755.317176324186
4019,4755.317176324187
4020,4755.317176324188
4021,4755.317176324185
4022,4755.317176324186
4023,4755.317176324186
4024,4755.317176324188
4025,4755.317176324187
4026,4755.317176324188
4027,4755.317177297548
4028,4755.3171756274905
4029,4755.317173726564
4030,4755.317176957335
4031,4755.317179378256
4032,4755.3171756504225
4033,4755.317178299939
4034,4755.317172871584
4035,4755.317178849148
4036,4755.31717641614
4037,4755.317175492962
4038,4755.317177902097
4039,4755.317175982112
4040,4755.317177055681
4041,4755.317175270095
4042,4755.317177195618
4043,4755.317176899238
4044,4755.317176708308
4045,4755.31717937839
4046,4755.317178876116
4047,4755.317178543766
4048,4755.317175884144
4049,4755.317175729703
4050,4755.3171777221
4051,4755.317175314944
4052,4755.317181355349
4053,4755.317178126332
4054,4755.317175594188
4055,4755.317178152608
4056,4755.3171752108765
4057,4755.317178597737
4058,4755.317175005027
4059,4755.317176967272
4060,4755.317175607193
4061,4755.3171776490735
4062,4755.317180909479
4063,4755.317177889902
4064,4755.317173946176
4065,4755.317178479802
4066,4755.317180891576
4067,4750.218100705819
4068,4750.218100705821
4069,4750.218100705819
4070,4750.218100705818
4071,4750.218100705817
4072,4750.218100705819
4073,4750.218100705815
4074,4750.218100705817
4075,4750.218100705819
4076,4750.218099696395
4077,4750.218101263805
4078,4750.218100783064
4079,4750.218100311597
4080,4750.21811396175
4081,4750.218095764579
4082,4750.218101684986
4083,4750.218092899055
4084,4750.218104555761
4085,4750.2181003604655
4086,4750.218100763879
4087,4750.218101525922
4088,4750.218101837437
4089,4750.218098132877
4090,4750.218101930634
4091,4750.2181004483555
4092,4750.218105386381
4093,4750.218104807669
4094,4750.218107302335
4095,4750.2181092609135
4096,4750.218101450281
4097,4750.2181028242585
4098,4750.218100271372
4099,4750.218105025309
4100,4750.218099354113
4101,4750.218105670199
4102,4750.218105585746
4103,4750.218091067377
4104,4750.218111455059
4105,4750.218097865909
4106,4750.218101565345
4107,4750.218099810999
4108,4750.218102404366
4109,4750.218099651745
4110,4750.218101952178
4111,4750.218099729624
4112,4750.218101597182
4113,4750.218101987481
4114,4750.2181077712885
4115,4750.2180952959
4116,4744.665845651895
4117,4744.665845651898
4118,4744.665845651897
4119,4744.665845651899
4120,4744.665845651894
4121,4744.665845651897
4122,4744.665845651896
4123,4744.665845651896
4124,4744.665845651894
4125,4744.665850169042
4126,4744.665844806268
4127,4744.665842675806
4128,4744.665845696711
4129,4744.66584880059
4130,4744.665844545649
4131,4744.665848754864
4132,4744.665843467782
4133,4744.66584768734
4134,4744.665845172503
4135,4744.6658445058165
4136,4744.665847237738
4137,4744.665845925307
4138,4744.665845334607
4139,4744.665845197483
4140,4744.665845757652
4141,4744.66584741642
4142,4744.66584905586
4143,4744.665847471673
4144,4744.665846757957
4145,4744.6658476440825
4146,4744.665847007139
4147,4744.66584443741
4148,4744.665846741635
4149,4744.665844010702
4150,4744.665847276392
4151,4744.665851298744
4152,4744.665846169136
4153,4744.665847814452
4154,4744.665842828182
4155,4744.665847041995
4156,4744.665844669605
4157,4744.66584600234
4158,4744.665844270001
4159,4744.665847543514
4160,4744.665847785097
4161,4744.665846825301
4162,4744.6658456674195
4163,4744.665849149206
4164,4744.665846738109
4165,4741.052553537241
4166,4741.052553537237
4167,4741.052553537237
4168,4741.05255353724
4169,4741.05255353724
4170,4741.052553537238
4171,4741.052553537241
4172,4741.052553537242
4173,4741.05255353724
4174,4741.052557938348
4175,4741.052551935333
4176,4741.052552294777
4177,4741.0525542473915
4178,4741.05255164836
4179,4741.052553593596
4180,4741.052554594846
4181,4741.052553904088
4182,4741.052553900196
4183,4741.0525522401185
4184,4741.052552428091
4185,4741.052553885743
4186,4741.052554016117
4187,4741.052553861007
4188,4741.0525534272765
4189,4741.052554767783
4190,4741.052553048006
4191,4741.052556624378
4192,4741.052551995537
4193,4741.052551344792
4194,4741.052555544098
4195,4741.052554614463
4196,4741.052552378794
4197,4741.052552966079
4198,4741.05255155802
4199,4741.052552315709
4200,4741.052557531539
4201,4741.0525573380855
4202,4741.0525521098225
4203,4741.052551905106
4204,4741.052554098974
4205,4741.052552699646
4206,4741.0525526524425
4207,4741.0525520138835
4208,4741.052554454496
4209,4741.052558047564
4210,4741.0525541380875
4211,4741.052552599673
4212,4741.0525541272245
4213,4741.0525541339875
4214,4736.625936965373
4215,4736.625936965371
4216,4736.62593696537
4217,4736.625936965369
4218,4736.625936965372
4219,4736.625936965373
4220,4736.625936965371
4221,4736.6259369653735
4222,4736.6259369653735
4223,4736.625941143844
4224,4736.625936288542
4225,4736.625939011499
4226,4736.625937954657
4227,4736.625934671666
4228,4736.625937962161
4229,4736.62593869457
4230,4736.625938042966
4231,4736.625935898388
4232,4736.625935451011
4233,4736.625937035652
4234,4736.625936329518
4235,4736.625938325666
4236,4736.625941740095
4237,4736.625939796787
4238,4736.625938243563
4239,4736.6259366974255
4240,4736.625940078088
4241,4736.625933846347
4242,4736.625931993857
4243,4736.625938517142
4244,4736.625938636413
4245,4736.625935468366
4246,4736.6259362868905
4247,4736.625935718584
4248,4736.62593480487
4249,4736.625938293778
4250,4736.6259421381
4251,4736.625935076916
4252,4736.625935374041
4253,4736.625940073733
4254,4736.625933506094
4255,4736.625935526013
4256,4736.625934836476
4257,4736.625935868559
4258,4736.625942744939
4259,4736.625935179857
4260,4736.625937130542
4261,4736.625937053949
4262,4736.625934598181
4263,4729.268231422616
4264,4729.268231422617
4265,4729.268231422617
4266,4729.268231422616
4267,4729.268231422615
4268,4729.268231422617
4269,4729.268231422616
4270,4729.268231422617
4271,4729.268231422617
4272,4729.268233484905
4273,4729.268228928681
4274,4729.268237559474
4275,4729.268233178828
4276,4729.268226009778
4277,4729.268231415593
4278,4729.268229907618
4279,4729.268232463023
4280,4729.268229398879
4281,4729.26822933252
4282,4729.26823157104
4283,4729.268229884343
4284,4729.268232134045
4285,4729.2682331625765
4286,4729.268231819716
4287,4729.26823354645
4288,4729.268228809059
4289,4729.268234023537
4290,4729.268227776573
4291,4729.268227417263
4292,4729.268232046934
4293,4729.268232206412
4294,4729.268230894259
4295,4729.268229759463
4296,4729.268229140181
4297,4729.268227040169
4298,4729.26823124693
4299,4729.268235989545
4300,4729.268227850226
4301,4729.2682306843
4302,4729.268231671686
4303,4729.268230165229
4304,4729.268229298023
4305,4729.268229608284
4306,4729.268229465401
4307,4729.268239904374
4308,4729.268230413636
4309,4729.268230344208
4310,4729.26822875089
4311,4729.268228577309
4312,4717.715389082154
4313,4717.715389082153
4314,4717.715389082153
4315,4717.715389082152
4316,4717.715389082151
4317,4717.715389082151
4318,4717.715389082152
4319,4717.715389082153
4320,4717.715389082152
4321,4717.715389024164
4322,4717.715385823331
4323,4717.715393052006
4324,4717.715389300915
4325,4717.7153929997485
4326,4717.715385736187
4327,4717.715391124686
4328,4717.715394512012
4329,4717.715384520845
4330,4717.715389282284
4331,4717.715390766343
4332,4717.715390937886
4333,4717.715388421757
4334,4717.715393094092
4335,4717.715387079797
4336,4717.715387852874
4337,4717.715391097012
4338,4717.71539148805
4339,4717.715382467972
4340,4717.715382682522
4341,4717.715385479982
4342,4717.715390257335
4343,4717.715389312053
4344,4717.715390448224
4345,4717.71538776001
4346,4717.71538232783
4347,4717.715388781451
4348,4717.715385949688
4349,4717.715392371201
4350,4717.715385137298
4351,4717.715392324931
4352,4717.715386408825
4353,4717.715387553252
4354,4717.715386069201
4355,4717.71538728837
4356,4717.715396502033
4357,4717.715387391426
4358,4717.715392351564
4359,4717.715390875967
4360,4717.715383189983
4361,4708.896442880377
4362,4708.896442880375
4363,4708.896442880375
4364,4708.896442880379
4365,4708.896442880377
4366,4708.896442880377
4367,4708.8964428803765
4368,4708.896442880377
4369,4708.896442880377
4370,4708.896439385946
4371,4708.896440972884
4372,4708.896450576987
4373,4708.896443802693
4374,4708.896443945765
4375,4708.896438997825
4376,4708.896444739066
4377,4708.896433490439
4378,4708.896447114124
4379,4708.8964419568065
4380,4708.896443491071
4381,4708.896441762523
4382,4708.896439833279
4383,4708.89644317214
4384,4708.896444068465
4385,4708.896443646822
4386,4708.896441737385
4387,4708.896444106763
4388,4708.896450906001
4389,4708.896450232214
4390,4708.8964410343415
4391,4708.896439229448
4392,4708.896444294272
4393,4708.896442831148
4394,4708.896441899691
4395,4708.896447995292
4396,4708.896440759961
4397,4708.896437834508
4398,4708.896444748764
4399,4708.896440736117
4400,4708.896444332791
4401,4708.896440371794
4402,4708.896446224806
4403,4708.896443183236
4404,4708.896441727039
4405,4708.896449850656
4406,4708.8964410215885
4407,4708.896441688776
4408,4708.896440498479
4409,4708.896441023187
4410,4704.514626543434
4411,4704.514626543436
4412,4704.514626543433
4413,4704.514626543436
4414,4704.514626543432
4415,4704.514626543435
4416,4704.514626543433
4417,4704.514626543436
4418,4704.514626543436
4419,4704.514623016963
4420,4704.514621997744
4421,4704.51463028096
4422,4704.514627054306
4423,4704.514626125844
4424,4704.514622913393
4425,4704.514623328735
4426,4704.5146237383115
4427,4704.51462811445
4428,4704.514625245901
4429,4704.514625983353
4430,4704.51462624207
4431,4704.514623380165
4432,4704.514623899139
4433,4704.514623296615
4434,4704.514627970042
4435,4704.5146243031
4436,4704.51462724139
4437,4704.514627234818
4438,4704.514629730634
4439,4704.514623263581
4440,4704.514623541926
4441,4704.514628588472
4442,4704.514625858317
4443,4704.514624106539
4444,4704.514626658263
4445,4704.514625217007
4446,4704.514622495221
4447,4704.5146272984475
4448,4704.514625570484
4449,4704.514624374104
4450,4704.51462710719
4451,4704.5146278255215
4452,4704.514626296054
4453,4704.514626892798
4454,4704.514634483029
4455,4704.514626033587
4456,4704.514624998354
4457,4704.514623266881
4458,4704.514625999687
4459,4699.465281101489
4460,4699.4652811014885
4461,4699.4652811014885
4462,4699.4652811014885
4463,4699.465281101486
4464,4699.4652811014885
4465,4699.46528110149
4466,4699.4652811014885
4467,4699.465281101488
4468,4699.465280422272
4469,4699.46527667508
4470,4699.465277751171
4471,4699.465279823895
4472,4699.465283127626
4473,4699.465279782308
4474,4699.4652792462275
4475,4699.465283070879
4476,4699.465282180574
4477,4699.465280334382
4478,4699.46528017555
4479,4699.465282350935
4480,4699.465277385322
4481,4699.465280689625
4482,4699.465277545923
4483,4699.465280673403
4484,4699.465281635306
4485,4699.465282181967
4486,4699.465277525515
4487,4699.465279294355
4488,4699.465276508758
4489,4699.465279884879
4490,4699.465282783857
4491,4699.4652814536585
4492,4699.46527895338
4493,4699.465279190802
4494,4699.465281433443
4495,4699.465279423671
4496,4699.465282424122
4497,4699.465279853379
4498,4699.465279868267
4499,4699.465280448314
4500,4699.4652823431215
4501,4699.4652798825155
4502,4699.465283672552
4503,4699.465286613522
4504,4699.465280026796
4505,4699.465282968774
4506,4699.465280268882
4507,4699.465282859254
4508,4693.391457889543
4509,4693.391457889546
4510,4693.391457889545
4511,4693.391457889544
4512,4693.391457889543
4513,4693.391457889538
4514,4693.391457889541
4515,4693.391457889541
4516,4693.391457889543
4517,4693.391458838631
4518,4693.391454727012
4519,4693.39145282607
4520,4693.391456233467
4521,4693.39145659372
4522,4693.391459218118
4523,4693.3914556797945
4524,4693.391459398172
4525,4693.391459818915
4526,4693.391456399512
4527,4693.391456398014
4528,4693.391457866904
4529,4693.391454640046
4530,4693.391458270122
4531,4693.391455685776
4532,4693.391458067935
4533,4693.391457306358
4534,4693.391459195295
4535,4693.391454374857
4536,4693.391455031954
4537,4693.391454609874
4538,4693.391457498676
4539,4693.391459134718
4540,4693.39145718939
4541,4693.39145574711
4542,4693.391456194673
4543,4693.391457982311
4544,4693.391460856933
4545,4693.391456196369
4546,4693.391458218446
4547,4693.391456012591
4548,4693.391456885514
4549,4693.391458986535
4550,4693.391456737822
4551,4693.39146098203
4552,4693.3914631830075
4553,4693.391456666615
4554,4693.391459974361
4555,4693.391455827171
4556,4693.391462296332
4557,4683.888383921479
4558,4683.8883839214795
4559,4683.8883839214795
4560,4683.88838392148
4561,4683.8883839214795
4562,4683.8883839214795
4563,4683.888383921479
4564,4683.888383921479
4565,4683.8883839214795
4566,4683.888383276171
4567,4683.888385063491
4568,4683.888377367493
4569,4683.888381695639
4570,4683.8883845688315
4571,4683.888385412315
4572,4683.888385831849
4573,4683.888385339954
4574,4683.888385566433
4575,4683.888382830629
4576,4683.888383267023
4577,4683.88838316627
4578,4683.888382069818
4579,4683.888388132304
4580,4683.888386018803
4581,4683.888383449557
4582,4683.888384815003
4583,4683.888386203467
4584,4683.888380939237
4585,4683.888379860392
4586,4683.888382231988
4587,4683.888385058119
4588,4683.888384415387
4589,4683.888383107981
4590,4683.888383340928
4591,4683.88838216153
4592,4683.888382149028
4593,4683.888386360144
4594,4683.888383809241
4595,4683.888384379301
4596,4683.88838459658
4597,4683.888380042987
4598,4683.888385048137
4599,4683.888382372548
4600,4683.888385941172
4601,4683.888387964235
4602,4683.88838186932
4603,4683.888387731963
4604,4683.888382469107
4605,4683.888385803388
4606,4676.172500522818
4607,4676.172500522816
4608,4676.172500522816
4609,4676.172500522818
4610,4676.172500522818
4611,4676.17250052282
4612,4676.172500522818
4613,4676.172500522817
4614,4676.172500522816
4615,4676.172503083024
4616,4676.1725042202515
4617,4676.172498752462
4618,4676.17249865055
4619,4676.172501005432
4620,4676.172504146009
4621,4676.172502297475
4622,4676.17249299707
4623,4676.172503232823
4624,4676.172499859458
4625,4676.172499095709
4626,4676.172501434458
4627,4676.172502951514
4628,4676.172500634756
4629,4676.172500100753
4630,4676.172498611458
4631,4676.172502648573
4632,4676.172503967624
4633,4676.172505859992
4634,4676.172504979425
4635,4676.1724995981385
4636,4676.1725040468955
4637,4676.172500242551
4638,4676.172500121022
4639,4676.172499140469
4640,4676.172501859563
4641,4676.172500635876
4642,4676.172505895936
4643,4676.172499208743
4644,4676.172501712024
4645,4676.172499000055
4646,4676.172499295123
4647,4676.172501800371
4648,4676.172498743511
4649,4676.172502365425
4650,4676.172504470846
4651,4676.172500482398
4652,4676.1725055330435
4653,4676.172500616849
4654,4676.172505912778
4655,4668.89683328484
4656,4668.896833284843
4657,4668.896833284844
4658,4668.896833284842
4659,4668.896833284842
4660,4668.896833284843
4661,4668.896833284842
4662,4668.896833284839
4663,4668.896833284842
4664,4668.896834875412
4665,4668.896837006711
4666,4668.896831060988
4667,4668.896832486422
4668,4668.89683083484
4669,4668.896835690782
4670,4668.8968385183525
4671,4668.896832445255
4672,4668.896834588384
4673,4668.896833923911
4674,4668.8968321694465
4675,4668.896835573935
4676,4668.89683513583
4677,4668.896836611109
4678,4668.896834022103
4679,4668.896832040127
4680,4668.896833241448
4681,4668.89683485108
4682,4668.896833471724
4683,4668.896832048213
4684,4668.896834245201
4685,4668.8968348343815
4686,4668.896832194456
4687,4668.896830555861
4688,4668.896833327989
4689,4668.896833596126
4690,4668.896831337048
4691,4668.896838789465
4692,4668.896830319964
4693,4668.896833042529
4694,4668.896835239728
4695,4668.896830049255
4696,4668.896833397826
4697,4668.896831586378
4698,4668.896833289292
4699,4668.896839902035
4700,4668.896833312847
4701,4668.896835393702
4702,4668.8968310348855
4703,4668.896837976608
4704,4664.29374290013
4705,4664.293742900131
4706,4664.293742900131
4707,4664.293742900131
4708,4664.293742900133
4709,4664.293742900131
4710,4664.2937429001295
4711,4664.293742900129
4712,4664.2937429001295
4713,4664.293737790652
4714,4664.293745925566
4715,4664.29374262429
4716,4664.293742993929
4717,4664.2937514718315
4718,4664.293738762732
4719,4664.293741457536
4720,4664.293745043733
4721,4664.293742141861
4722,4664.29374343553
4723,4664.293742482124
4724,4664.293745971327
4725,4664.293746888565
4726,4664.293741711517
4727,4664.293742101509
4728,4664.293741132381
4729,4664.293746961657
4730,4664.2937441817585
4731,4664.293737685863
4732,4664.293744756332
4733,4664.29374174985
4734,4664.29374454336
4735,4664.293742468014
4736,4664.293742152276
4737,4664.293741969392
4738,4664.293742712132
4739,4664.29374146619
4740,4664.29373460262
4741,4664.293749600998
4742,4664.293741058237
4743,4664.293742222959
4744,4664.293742142519
4745,4664.293741867217
4746,4664.293740688406
4747,4664.293740795524
4748,4664.293747305408
4749,4664.293742575063
4750,4664.293744541885
4751,4664.29374392476
4752,4664.293736199542
4753,4660.773848084519
4754,4660.773848084516
4755,4660.773848084517
4756,4660.7738480845155
4757,4660.773848084516
4758,4660.77384808452
4759,4660.773848084517
4760,4660.773848084518
4761,4660.773848084519
4762,4660.77384626276
4763,4660.773849835924
4764,4660.773850113431
4765,4660.773848987184
4766,4660.773849560679
4767,4660.773846343133
4768,4660.773849502095
4769,4660.773850000215
4770,4660.773848603642
4771,4660.773848763741
4772,4660.773847091053
4773,4660.773851161471
4774,4660.77385029402
4775,4660.773847309306
4776,4660.773846437571
4777,4660.773847096874
4778,4660.773848665164
4779,4660.773848307936
4780,4660.7738447804895
4781,4660.7738487310535
4782,4660.77384875299
4783,4660.773847961423
4784,4660.773847237745
4785,4660.773845474951
4786,4660.773847465158
4787,4660.773849027776
4788,4660.773846385419
4789,4660.773845768219
4790,4660.773848908972
4791,4660.773846442666
4792,4660.773848580112
4793,4660.773847053348
4794,4660.773847214156
4795,4660.773846547545
4796,4660.773845994361
4797,4660.7738551609245
4798,4660.773848412815
4799,4660.773847349288
4800,4660.773846400683
4801,4660.773847995519
4802,4658.2178911682695
4803,4658.217891168265
4804,4658.2178911682695
4805,4658.217891168269
4806,4658.217891168268
4807,4658.217891168266
4808,4658.217891168265
4809,4658.2178911682695
4810,4658.217891168268
4811,4658.217891303083
4812,4658.2178922743615
4813,4658.217893634804
4814,4658.217892102562
4815,4658.21789092838
4816,4658.217890820528
4817,4658.217893852378
4818,4658.217892610991
4819,4658.217892902259
4820,4658.217891799235
4821,4658.217889789221
4822,4658.2178940565955
4823,4658.217892189043
4824,4658.217889856946
4825,4658.217889056319
4826,4658.217889888777
4827,4658.217891339978
4828,4658.217891147959
4829,4658.217889222471
4830,4658.2178919221915
4831,4658.217892317354
4832,4658.217890510292
4833,4658.217890194974
4834,4658.217888454727
4835,4658.2178905919
4836,4658.217893049662
4837,4658.217890092351
4838,4658.217891300244
4839,4658.2178901521565
4840,4658.217889590049
4841,4658.2178918359095
4842,4658.217890126842
4843,4658.2178907483385
4844,4658.217889843378
4845,4658.21788964412
4846,4658.217898233846
4847,4658.217891568372
4848,4658.21789019944
4849,4658.217889323165
4850,4658.217894605345
4851,4652.044208831154
4852,4652.044208831153
4853,4652.044208831153
4854,4652.044208831153
4855,4652.044208831154
4856,4652.044208831153
4857,4652.044208831151
4858,4652.044208831154
4859,4652.044208831155
4860,4652.044211967381
4861,4652.044207144041
4862,4652.044212624798
4863,4652.044210263504
4864,4652.044199709681
4865,4652.044211232038
4866,4652.044207807967
4867,4652.044209946469
4868,4652.044211721911
4869,4652.044208438505
4870,4652.044206493949
4871,4652.044210407029
4872,4652.044208677662
4873,4652.044206022825
4874,4652.044205663833
4875,4652.044210195709
4876,4652.044204151439
4877,4652.044207052714
4878,4652.04420634258
4879,4652.0442087639785
4880,4652.044210871941
4881,4652.044205650879
4882,4652.0442077888565
4883,4652.044203978748
4884,4652.044207168617
4885,4652.044212141776
4886,4652.044208694695
4887,4652.044216350387
4888,4652.0442007269185
4889,4652.04420867284
4890,4652.044207526627
4891,4652.04420954398
4892,4652.044208263637
4893,4652.0442084588185
4894,4652.044208027064
4895,4652.044218501973
4896,4652.044208917459
4897,4652.044205431006
4898,4652.0442041047
4899,4652.044217490786
4900,4644.61379360238
4901,4644.613793602376
4902,4644.613793602377
4903,4644.613793602377
4904,4644.613793602378
4905,4644.613793602376
4906,4644.613793602374
4907,4644.613793602378
4908,4644.613793602376
4909,4644.613797532806
4910,4644.613792365427
4911,4644.613794593829
4912,4644.613793925271
4913,4644.613787498129
4914,4644.613796875817
4915,4644.613794542075
4916,4644.613794343569
4917,4644.613797506587
4918,4644.613793278766
4919,4644.613791666535
4920,4644.613794376771
4921,4644.6137916908765
4922,4644.6137907787115
4923,4644.613792007197
4924,4644.613793562312
4925,4644.613791750779
4926,4644.613792013465
4927,4644.613792368685
4928,4644.613794148976
4929,4644.613795580128
4930,4644.61379058751
4931,4644.613792398696
4932,4644.613790701954
4933,4644.61379248454
4934,4644.613797755364
4935,4644.613795360091
4936,4644.613801301749
4937,4644.61378714566
4938,4644.6137930192635
4939,4644.613792991216
4940,4644.613793535342
4941,4644.6137940330555
4942,4644.6137929627175
4943,4644.613794099447
4944,4644.613800268453
4945,4644.613792353399
4946,4644.613792763479
4947,4644.613792264491
4948,4644.613803198698
4949,4636.175989342737
4950,4636.175989342741
4951,4636.175989342741
4952,4636.175989342736
4953,4636.175989342741
4954,4636.175989342742
4955,4636.175989342739
4956,4636.175989342739
4957,4636.175989342737
4958,4636.175993108797
4959,4636.175985797238
4960,4636.175990346906
4961,4636.175989140814
4962,4636.175982057191
4963,4636.175992012204
4964,4636.175991523601
4965,4636.175995352774
4966,4636.175987025396
4967,4636.175988406692
4968,4636.175988785436
4969,4636.175989066095
4970,4636.175984076902
4971,4636.17598622438
4972,4636.175983972362
4973,4636.175989878484
4974,4636.175987346756
4975,4636.175987939896
4976,4636.175984484973
4977,4636.175985103121
4978,4636.175992430819
4979,4636.175988788453
4980,4636.17598834418
4981,4636.175988329973
4982,4636.175988909739
4983,4636.1759846410805
4984,4636.175992341217
4985,4636.175998413407
4986,4636.175982341108
4987,4636.175988622518
4988,4636.175990045465
4989,4636.175991150628
4990,4636.175986273441
4991,4636.175987483117
4992,4636.175990141141
4993,4636.175997995183
4994,4636.175988934971
4995,4636.175989632526
4996,4636.175989694949
4997,4636.176001838957
4998,4642.615462978328
4999,4642.615462978329
5000,4642.61546297833
5001,4642.615462978326
5002,4642.615462978325
5003,4642.615462978325
5004,4642.615462978327
5005,4642.615462978329
5006,4642.615462978325
5007,4642.6154570535755
5008,4642.615467172372
5009,4642.615469601611
5010,4642.615463539398
5011,4642.615460838565
5012,4642.615459625151
5013,4642.615469544338
5014,4642.615437865758
5015,4642.6154694490415
5016,4642.61546256606
5017,4642.6154650580165
5018,4642.615461001717
5019,4642.615460201944
5020,4642.615462301526
5021,4642.615468797931
5022,4642.615466869771
5023,4642.615460274778
5024,4642.615462368997
5025,4642.615486999535
5026,4642.615485485835
5027,4642.6154658259875
5028,4642.615455979267
5029,4642.615462759856
5030,4642.615462940447
5031,4642.615464574687
5032,4642.615475506489
5033,4642.615463462653
5034,4642.615458532631
5035,4642.615462791683
5036,4642.615461818244
5037,4642.615465113918
5038,4642.615461227473
5039,4642.615468587418
5040,4642.615464764053
5041,4642.615461570536
5042,4642.615469047176
5043,4642.615459889164
5044,4642.615460802481
5045,4642.615464676865
5046,4642.615463973656
5047,4632.103115946913
5048,4632.103115946913
5049,4632.103115946913
5050,4632.103115946913
5051,4632.103115946911
5052,4632.103115946912
5053,4632.103115946913
5054,4632.103115946911
5055,4632.103115946913
5056,4632.10311593524
5057,4632.103115403625
5058,4632.103119457214
5059,4632.103116121644
5060,4632.1031105998045
5061,4632.103116377748
5062,4632.103119757544
5063,4632.10310971832
5064,4632.103117049886
5065,4632.103115165361
5066,4632.103116483304
5067,4632.1031148327165
5068,4632.103111637781
5069,4632.103113864394
5070,4632.103115095848
5071,4632.103117729697
5072,4632.103113720384
5073,4632.103114855648
5074,4632.103122396313
5075,4632.103122053235
5076,4632.103119170978
5077,4632.103112924207
5078,4632.103115250077
5079,4632.103115345563
5080,4632.1031163188745
5081,4632.103117996083
5082,4632.10311791002
5083,4632.103119948489
5084,4632.1031115098485
5085,4632.103115080999
5086,4632.103117196149
5087,4632.103116319331
5088,4632.103116184801
5089,4632.103115542556
5090,4632.103115844258
5091,4632.103123673287
5092,4632.103114468006
5093,4632.1031152565
5094,4632.10311677813
5095,4632.103124032142
5096,4628.804483126059
5097,4628.8044831260595
5098,4628.8044831260595
5099,4628.804483126059
5100,4628.80448312606
5101,4628.804483126057
5102,4628.804483126059
5103,4628.804483126057
5104,4628.804483126056
5105,4628.804481108087
5106,4628.804483866131
5107,4628.804483400102
5108,4628.804482921362
5109,4628.804481507877
5110,4628.8044822792335
5111,4628.804484622645
5112,4628.804480254001
5113,4628.804482453287
5114,4628.804482720436
5115,4628.804484244481
5116,4628.8044827019985
5117,4628.804481067082
5118,4628.804483085818
5119,4628.804484148329
5120,4628.804484472636
5121,4628.804482744237
5122,4628.804481701073
5123,4628.804484582165
5124,4628.804486545047
5125,4628.804485233964
5126,4628.804481005849
5127,4628.804482179254
5128,4628.804482701439
5129,4628.804483507358
5130,4628.804483989198
5131,4628.804484319232
5132,4628.804483996325
5133,4628.804481880328
5134,4628.804481705699
5135,4628.804484306659
5136,4628.804482798181
5137,4628.804482655362
5138,4628.804482111823
5139,4628.804482304863
5140,4628.804489851497
5141,4628.804480813893
5142,4628.804483731661
5143,4628.8044847625015
5144,4628.804484668587
5145,4626.780887328813
5146,4626.780887328815
5147,4626.780887328815
5148,4626.780887328815
5149,4626.780887328817
5150,4626.780887328815
5151,4626.780887328812
5152,4626.780887328815
5153,4626.780887328814
5154,4626.780883970463
5155,4626.780888633483
5156,4626.780885658554
5157,4626.780886759699
5158,4626.78088856605
5159,4626.780885727535
5160,4626.7808874346565
5161,4626.7808862414395
5162,4626.780885506199
5163,4626.78088692509
5164,4626.780888929577
5165,4626.780886874526
5166,4626.780886329997
5167,4626.780888675137
5168,4626.780889281479
5169,4626.780888210416
5170,4626.780888470612
5171,4626.780886124662
5172,4626.78088601241
5173,4626.780888905059
5174,4626.780888409322
5175,4626.780886386968
5176,4626.780886484276
5177,4626.780887623886
5178,4626.780887714515
5179,4626.780886690306
5180,4626.780887933404
5181,4626.780886055198
5182,4626.7808884700235
5183,4626.780885727129
5184,4626.78088849681
5185,4626.78088650203
5186,4626.780886456831
5187,4626.780885852935
5188,4626.780886371372
5189,4626.780893297234
5190,4626.780884586036
5191,4626.780889150329
5192,4626.780889499663
5193,4626.78088493871
5194,4623.8646394614825
5195,4623.864639461482
5196,4623.864639461482
5197,4623.864639461481
5198,4623.864639461482
5199,4623.864639461483
5200,4623.864639461483
5201,4623.864639461482
5202,4623.864639461481
5203,4623.864635063972
5204,4623.864640718364
5205,4623.8646363435255
5206,4623.8646387743975
5207,4623.864643022578
5208,4623.864637248537
5209,4623.864638123459
5210,4623.864640260034
5211,4623.864636625639
5212,4623.864639175504
5213,4623.8646414768955
5214,4623.864639246674
5215,4623.864639567307
5216,4623.864641767279
5217,4623.864641651471
5218,4623.864639817749
5219,4623.864641831004
5220,4623.864638173392
5221,4623.86463533676
5222,4623.864639058398
5223,4623.864639586766
5224,4623.864639541836
5225,4623.86463879672
5226,4623.864640468573
5227,4623.864639811845
5228,4623.864637359965
5229,4623.864639420493
5230,4623.864636251168
5231,4623.864642503792
5232,4623.864637642013
5233,4623.864640591963
5234,4623.864638495148
5235,4623.864638059911
5236,4623.864637688806
5237,4623.864638510812
5238,4623.864645315977
5239,4623.864636537725
5240,4623.864641926144
5241,4623.864641583006
5242,4623.864633601923
5243,4618.600532135875
5244,4618.600532135877
5245,4618.600532135877
5246,4618.600532135876
5247,4618.600532135877
5248,4618.600532135877
5249,4618.600532135879
5250,4618.600532135879
5251,4618.600532135878
5252,4618.600527280271
5253,4618.60053242104
5254,4618.600528495244
5255,4618.600531637265
5256,4618.600538205014
5257,4618.600529731489
5258,4618.600529114706
5259,4618.600534023575
5260,4618.600528705951
5261,4618.600532023224
5262,4618.60053441239
5263,4618.600532286335
5264,4618.600533728067
5265,4618.600534450134
5266,4618.600533140161
5267,4618.60053140099
5268,4618.600536019998
5269,4618.600530799622
5270,4618.600525932912
5271,4618.600530028717
5272,4618.600531040249
5273,4618.6005337684155
5274,4618.600532020033
5275,4618.600534567166
5276,4618.600532298962
5277,4618.600528440197
5278,4618.600531310303
5279,4618.600527002054
5280,4618.6005369493205
5281,4618.600530314367
5282,4618.600532879215
5283,4618.600531774327
5284,4618.6005301060795
5285,4618.600530253209
5286,4618.600531802875
5287,4618.600538625072
5288,4618.600529756254
5289,4618.600534738256
5290,4618.600533338662
5291,4618.60052369982
5292,4613.121324585634
5293,4613.121324585632
5294,4613.121324585634
5295,4613.121324585634
5296,4613.121324585637
5297,4613.1213245856325
5298,4613.121324585635
5299,4613.121324585634
5300,4613.121324585635
5301,4613.121321175707
5302,4613.121324084923
5303,4613.121320749702
5304,4613.121324423933
5305,4613.1213281071705
5306,4613.121324008584
5307,4613.121322772674
5308,4613.121326350771
5309,4613.121322027597
5310,4613.121324701636
5311,4613.121326367028
5312,4613.121324655024
5313,4613.121326151889
5314,4613.121326756728
5315,4613.121324873002
5316,4613.121323862877
5317,4613.12132746492
5318,4613.121323594548
5319,4613.121319057633
5320,4613.121320964047
5321,4613.121323569936
5322,4613.12132622327
5323,4613.121324852281
5324,4613.121326990326
5325,4613.121325048985
5326,4613.121321104388
5327,4613.12132320705
5328,4613.121322177876
5329,4613.121327025648
5330,4613.121323620619
5331,4613.121325387782
5332,4613.121324603216
5333,4613.121322726484
5334,4613.121323285334
5335,4613.121325551416
5336,4613.121332638945
5337,4613.121323397046
5338,4613.121325976413
5339,4613.121323255826
5340,4613.1213193357235
5341,4608.457376935242
5342,4608.457376935241
5343,4608.45737693524
5344,4608.457376935241
5345,4608.457376935237
5346,4608.457376935241
5347,4608.457376935237
5348,4608.457376935239
5349,4608.457376935238
5350,4608.457375440345
5351,4608.457375661678
5352,4608.457376680747
5353,4608.4573772334625
5354,4608.457383163519
5355,4608.457376781239
5356,4608.45737516418
5357,4608.457374128008
5358,4608.457376913865
5359,4608.457376524639
5360,4608.457377641733
5361,4608.45737623424
5362,4608.457378629648
5363,4608.457373693267
5364,4608.457374425367
5365,4608.457374713924
5366,4608.4573818836325
5367,4608.457377560837
5368,4608.457376417078
5369,4608.457378741841
5370,4608.457374760987
5371,4608.457378677138
5372,4608.457378157774
5373,4608.457381534155
5374,4608.457376681971
5375,4608.457376683466
5376,4608.457377626396
5377,4608.45737278285
5378,4608.45738060004
5379,4608.457376589232
5380,4608.457375212577
5381,4608.457379835723
5382,4608.457376449659
5383,4608.4573760743915
5384,4608.45737935312
5385,4608.457383796597
5386,4608.457377485191
5387,4608.45737796757
5388,4608.457376216412
5389,4608.457375365993
5390,4604.442016278304
5391,4604.442016278307
5392,4604.442016278307
5393,4604.442016278306
5394,4604.442016278306
5395,4604.442016278307
5396,4604.442016278305
5397,4604.442016278305
5398,4604.442016278307
5399,4604.442016652648
5400,4604.44201484481
5401,4604.4420166671425
5402,4604.442017378901
5403,4604.442013320138
5404,4604.442018736364
5405,4604.442018543119
5406,4604.442014798021
5407,4604.442017673181
5408,4604.442016517518
5409,4604.442016456757
5410,4604.442016002616
5411,4604.442016090241
5412,4604.442014923674
5413,4604.44201558966
5414,4604.442016196794
5415,4604.442016099178
5416,4604.442016205796
5417,4604.442016337613
5418,4604.442015229631
5419,4604.442015826441
5420,4604.442014586818
5421,4604.44201699508
5422,4604.442017439029
5423,4604.442017170005
5424,4604.442018371142
5425,4604.442016056198
5426,4604.442018438261
5427,4604.442012916539
5428,4604.442016378031
5429,4604.442016605247
5430,4604.442017783346
5431,4604.44201663295
5432,4604.442016749125
5433,4604.442018556074
5434,4604.442026235699
5435,4604.442017032934
5436,4604.44201434596
5437,4604.442011836615
5438,4604.442019923495
5439,4602.102680766049
5440,4602.102680766051
5441,4602.102680766049
5442,4602.102680766048
5443,4602.102680766048
5444,4602.10268076605
5445,4602.10268076605
5446,4602.102680766049
5447,4602.10268076605
5448,4602.102681140032
5449,4602.102679852863
5450,4602.102682602332
5451,4602.102682013979
5452,4602.102677216182
5453,4602.102682709876
5454,4602.102684930876
5455,4602.102678680847
5456,4602.102682065707
5457,4602.102680904041
5458,4602.102681017182
5459,4602.102680168534
5460,4602.102679443533
5461,4602.102678766297
5462,4602.102680228833
5463,4602.1026810258745
5464,4602.1026801036105
5465,4602.102681188441
5466,4602.102682485527
5467,4602.102680890192
5468,4602.102680863069
5469,4602.102678448022
5470,4602.102681312065
5471,4602.102681616071
5472,4602.102682058942
5473,4602.102683297889
5474,4602.102681059786
5475,4602.102682486344
5476,4602.102677155432
5477,4602.102680627743
5478,4602.1026814651805
5479,4602.102682357749
5480,4602.102681402551
5481,4602.102681328016
5482,4602.1026824308665
5483,4602.102690526163
5484,4602.102681599735
5485,4602.102678508253
5486,4602.102676926519
5487,4602.102685604345
5488,4596.453693007664
5489,4596.453693007666
5490,4596.453693007666
5491,4596.4536930076665
5492,4596.453693007665
5493,4596.453693007664
5494,4596.453693007666
5495,4596.453693007667
5496,4596.453693007664
5497,4596.453693707714
5498,4596.453692896812
5499,4596.4536956532575
5500,4596.453694149392
5501,4596.453687272468
5502,4596.453694784797
5503,4596.453693323115
5504,4596.453690365922
5505,4596.453693634086
5506,4596.4536926002675
5507,4596.453692968644
5508,4596.453692622178
5509,4596.4536944536685
5510,4596.453690310663
5511,4596.453694027165
5512,4596.453694738188
5513,4596.453690981844
5514,4596.4536929567485
5515,4596.453693084926
5516,4596.45369379791
5517,4596.453692723099
5518,4596.453689558272
5519,4596.453692958288
5520,4596.453692380062
5521,4596.4536932937
5522,4596.453697548145
5523,4596.453694871857
5524,4596.453695717384
5525,4596.453687951138
5526,4596.453692969411
5527,4596.4536913446445
5528,4596.453696066382
5529,4596.453693674898
5530,4596.453693579409
5531,4596.453693303091
5532,4596.453702422339
5533,4596.453693003009
5534,4596.453690647327
5535,4596.453690091994
5536,4596.453694744999
5537,4597.501540472927
5538,4597.501540472922
5539,4597.501540472922
5540,4597.501540472926
5541,4597.5015404729265
5542,4597.501540472926
5543,4597.501540472927
5544,4597.501540472926
5545,4597.501540472926
5546,4597.501540962076
5547,4597.501546568597
5548,4597.501544925172
5549,4597.501540158239
5550,4597.501550124778
5551,4597.501539041404
5552,4597.501560688087
5553,4597.501535647139
5554,4597.501540904623
5555,4597.501541054018
5556,4597.501542970412
5557,4597.501536822643
5558,4597.50153203788
5559,4597.5015378525095
5560,4597.50154294252
5561,4597.501535109523
5562,4597.501548500747
5563,4597.501546951229
5564,4597.5015523821
5565,4597.501546325317
5566,4597.501542398259
5567,4597.501540803358
5568,4597.50153913471
5569,4597.501546092647
5570,4597.501546532933
5571,4597.501542140011
5572,4597.501544477692
5573,4597.5015320863795
5574,4597.501547067269
5575,4597.5015369240655
5576,4597.501547579184
5577,4597.501538319273
5578,4597.501543261096
5579,4597.501538597256
5580,4597.501537275582
5581,4597.501542063761
5582,4597.501541497768
5583,4597.5015427922235
5584,4597.501547941511
5585,4597.501547955073
5586,4591.98561041185
5587,4591.98561041185
5588,4591.98561041185
5589,4591.98561041185
5590,4591.985610411848
5591,4591.98561041185
5592,4591.985610411852
5593,4591.985610411852
5594,4591.98561041185
5595,4591.985611063793
5596,4591.985613331371
5597,4591.985613812209
5598,4591.985610878201
5599,4591.985611975133
5600,4591.985610874014
5601,4591.985620662632
5602,4591.985606825853
5603,4591.985610954105
5604,4591.985610497448
5605,4591.985611525638
5606,4591.985608544913
5607,4591.985607133291
5608,4591.985608005875
5609,4591.98561213397
5610,4591.985608654103
5611,4591.9856133281055
5612,4591.985613545672
5613,4591.9856161976995
5614,4591.985613400049
5615,4591.9856112546895
5616,4591.985608795151
5617,4591.98560975854
5618,4591.985612746393
5619,4591.985613519721
5620,4591.985613582827
5621,4591.985613264296
5622,4591.985608180637
5623,4591.985610767097
5624,4591.985608739141
5625,4591.985613095459
5626,4591.985610844546
5627,4591.985612129402
5628,4591.985609825904
5629,4591.9856092320215
5630,4591.985616120442
5631,4591.9856109622815
5632,4591.985610359062
5633,4591.985612461297
5634,4591.985615260279
5635,4585.851565093264
5636,4585.851565093262
5637,4585.851565093262
5638,4585.851565093261
5639,4585.85156509326
5640,4585.851565093263
5641,4585.851565093265
5642,4585.851565093265
5643,4585.851565093265
5644,4585.851566000252
5645,4585.851567228885
5646,4585.851566386289
5647,4585.851565245648
5648,4585.851566318759
5649,4585.8515660068615
5650,4585.8515704849615
5651,4585.85156549527
5652,4585.851564130848
5653,4585.851564890925
5654,4585.851565987184
5655,4585.851563760434
5656,4585.851564491247
5657,4585.8515635314225
5658,4585.851567130623
5659,4585.851563610428
5660,4585.851567931788
5661,4585.851567166362
5662,4585.851564418121
5663,4585.851563855507
5664,4585.851565175507
5665,4585.851564089943
5666,4585.851564202039
5667,4585.851566794428
5668,4585.8515672243
5669,4585.851566891068
5670,4585.851568219265
5671,4585.8515637252
5672,4585.851565107471
5673,4585.851563522403
5674,4585.851566273066
5675,4585.85156620227
5676,4585.851565603275
5677,4585.851563986288
5678,4585.851563212616
5679,4585.851570851406
5680,4585.8515650309255
5681,4585.85156554528
5682,4585.851567451443
5683,4585.851565850438
5684,4573.917873558184
5685,4573.917873558183
5686,4573.917873558182
5687,4573.917873558182
5688,4573.917873558179
5689,4573.917873558181
5690,4573.917873558181
5691,4573.917873558182
5692,4573.91787355818
5693,4573.917873103108
5694,4573.917876386384
5695,4573.917871850202
5696,4573.917873352492
5697,4573.917876712974
5698,4573.917874742687
5699,4573.917871356022
5700,4573.917874500504
5701,4573.917872752707
5702,4573.917872429328
5703,4573.917874072781
5704,4573.917872570736
5705,4573.917878915044
5706,4573.917874383461
5707,4573.917877850775
5708,4573.917872132286
5709,4573.917876921114
5710,4573.9178735120895
5711,4573.9178674461555
5712,4573.917869751544
5713,4573.917872680511
5714,4573.917873881753
5715,4573.917872801069
5716,4573.917874693039
5717,4573.917874259634
5718,4573.9178753086535
5719,4573.917875298594
5720,4573.917870875801
5721,4573.917875225033
5722,4573.917872504029
5723,4573.917872521171
5724,4573.917873960168
5725,4573.9178736763415
5726,4573.917871910025
5727,4573.917870209652
5728,4573.917878472211
5729,4573.917871595568
5730,4573.917875000479
5731,4573.917876762099
5732,4573.917864444859
5733,4565.347940202128
5734,4565.347940202126
5735,4565.347940202128
5736,4565.347940202131
5737,4565.347940202129
5738,4565.347940202129
5739,4565.347940202128
5740,4565.347940202127
5741,4565.347940202127
5742,4565.347941495757
5743,4565.347938569725
5744,4565.347938298561
5745,4565.347940001772
5746,4565.347940565782
5747,4565.347942889594
5748,4565.347938929386
5749,4565.347947864717
5750,4565.347937712695
5751,4565.347937824013
5752,4565.347939443929
5753,4565.347938855492
5754,4565.347941893485
5755,4565.347940777256
5756,4565.347939795735
5757,4565.347938408505
5758,4565.347942382853
5759,4565.34794126754
5760,4565.3479284421655
5761,4565.347929640963
5762,4565.347941132189
5763,4565.347943827223
5764,4565.347940101923
5765,4565.347940479409
5766,4565.347941120443
5767,4565.347934193257
5768,4565.347940927254
5769,4565.347941303817
5770,4565.347939454271
5771,4565.347939739195
5772,4565.347940824658
5773,4565.347940887028
5774,4565.347937235716
5775,4565.347937946969
5776,4565.347936916446
5777,4565.347947254948
5778,4565.347939508371
5779,4565.347941152664
5780,4565.347943046688
5781,4565.347935691763
5782,4559.076595610806
5783,4559.076595610803
5784,4559.076595610803
5785,4559.076595610804
5786,4559.076595610802
5787,4559.076595610803
5788,4559.076595610804
5789,4559.076595610804
5790,4559.076595610806
5791,4559.076595172461
5792,4559.076596664909
5793,4559.076596076881
5794,4559.0765955848965
5795,4559.076596842124
5796,4559.0765965351
5797,4559.076596812323
5798,4559.076590019274
5799,4559.076597038689
5800,4559.076593310935
5801,4559.076594410301
5802,4559.076594966793
5803,4559.076597587418
5804,4559.076596046792
5805,4559.076595613864
5806,4559.076594636764
5807,4559.076595787013
5808,4559.076596039674
5809,4559.076596973101
5810,4559.076596996162
5811,4559.076597173879
5812,4559.076597974781
5813,4559.0765967557545
5814,4559.076595420894
5815,4559.076597450778
5816,4559.0765939279845
5817,4559.076594747134
5818,4559.076592151094
5819,4559.076596571984
5820,4559.07659533203
5821,4559.076597150059
5822,4559.076594829497
5823,4559.076595551865
5824,4559.076594825726
5825,4559.076592284475
5826,4559.076602852131
5827,4559.076594489665
5828,4559.076594632173
5829,4559.076598728421
5830,4559.076589549471
5831,4555.413610077551
5832,4555.413610077552
5833,4555.413610077553
5834,4555.413610077554
5835,4555.413610077553
5836,4555.413610077553
5837,4555.413610077552
5838,4555.413610077552
5839,4555.413610077552
5840,4555.413610924603
5841,4555.4136091519895
5842,4555.413608436654
5843,4555.413609990368
5844,4555.4136067332165
5845,4555.413613326597
5846,4555.413611485405
5847,4555.413605852843
5848,4555.41361207245
5849,4555.413608520743
5850,4555.413607669649
5851,4555.41361082259
5852,4555.413611556759
5853,4555.413610850589
5854,4555.41360893379
5855,4555.413609794284
5856,4555.41360852359
5857,4555.413610308419
5858,4555.413610238761
5859,4555.413609401901
5860,4555.413611421351
5861,4555.413611297998
5862,4555.413611247666
5863,4555.413608538214
5864,4555.413611739967
5865,4555.413609141344
5866,4555.413609328213
5867,4555.413612275812
5868,4555.413606881737
5869,4555.4136103039755
5870,4555.413611971094
5871,4555.413609615431
5872,4555.41361007451
5873,4555.413610035367
5874,4555.4136092143535
5875,4555.413619483998
5876,4555.413609830058
5877,4555.413607733792
5878,4555.413610180693
5879,4555.413608096048
5880,4550.856332151392
5881,4550.856332151391
5882,4550.856332151391
5883,4550.856332151392
5884,4550.85633215139
5885,4550.85633215139
5886,4550.856332151392
5887,4550.856332151391
5888,4550.856332151392
5889,4550.856333491375
5890,4550.856329927111
5891,4550.856330077458
5892,4550.856332042665
5893,4550.856329261164
5894,4550.856334846795
5895,4550.856334502526
5896,4550.856330738017
5897,4550.856333882562
5898,4550.856331329636
5899,4550.856329354865
5900,4550.856333521627
5901,4550.856330995545
5902,4550.8563316424825
5903,4550.856328887879
5904,4550.856332207561
5905,4550.856330087618
5906,4550.856332221372
5907,4550.856330995092
5908,4550.856330864474
5909,4550.856332661242
5910,4550.856332211313
5911,4550.85633416637
5912,4550.856330524794
5913,4550.856333984257
5914,4550.856331180296
5915,4550.856331759973
5916,4550.856332746203
5917,4550.856329334449
5918,4550.856332129585
5919,4550.856334091128
5920,4550.856332658567
5921,4550.85633222203
5922,4550.85633262965
5923,4550.856332261738
5924,4550.856341994592
5925,4550.856332978918
5926,4550.856328864757
5927,4550.856331483876
5928,4550.856332465628
5929,4541.556435914485
5930,4541.556435914486
5931,4541.556435914486
5932,4541.556435914482
5933,4541.5564359144855
5934,4541.556435914486
5935,4541.556435914485
5936,4541.556435914486
5937,4541.556435914486
5938,4541.556438286992
5939,4541.556434074039
5940,4541.556437606921
5941,4541.556436259392
5942,4541.556432067126
5943,4541.55643847386
5944,4541.556439897372
5945,4541.556433211956
5946,4541.556438805375
5947,4541.556434680309
5948,4541.55643297922
5949,4541.556436607055
5950,4541.556431280444
5951,4541.556433465772
5952,4541.556432006481
5953,4541.556437578174
5954,4541.556433135212
5955,4541.556437828626
5956,4541.55643780508
5957,4541.556437736439
5958,4541.5564357932135
5959,4541.556434589123
5960,4541.556438133422
5961,4541.556433801888
5962,4541.556437527298
5963,4541.556436506611
5964,4541.556436200873
5965,4541.556437664402
5966,4541.5564322537175
5967,4541.556436025743
5968,4541.556437202044
5969,4541.556437476537
5970,4541.556437432332
5971,4541.556437130941
5972,4541.55643630159
5973,4541.556445396629
5974,4541.55643808267
5975,4541.556432129212
5976,4541.556434116034
5977,4541.556442389163
5978,4531.561763631923
5979,4531.561763631923
5980,4531.561763631923
5981,4531.561763631925
5982,4531.561763631924
5983,4531.561763631924
5984,4531.561763631926
5985,4531.561763631922
5986,4531.561763631922
5987,4531.56176457723
5988,4531.561763716574
5989,4531.56176081499
5990,4531.561762989713
5991,4531.561766404363
5992,4531.5617645807715
5993,4531.561766286084
5994,4531.561765020336
5995,4531.56176521421
5996,4531.561762745759
5997,4531.561762373091
5998,4531.561764247004
5999,4531.561755892345
6000,4531.561762812255
6001,4531.561761052115
6002,4531.561766611304
6003,4531.561763458551
6004,4531.56176538639
6005,4531.561761997242
6006,4531.5617637790765
6007,4531.561761240001
6008,4531.561762638543
6009,4531.561765810895
6010,4531.561762473153
6011,4531.561765204637
6012,4531.561762942231
6013,4531.561764306307
6014,4531.561761198057
6015,4531.5617656407685
6016,4531.561763004673
6017,4531.561764789714
6018,4531.561764007821
6019,4531.561765980599
6020,4531.561764052957
6021,4531.561763778184
6022,4531.561769179861
6023,4531.561765036978
6024,4531.561762812629
6025,4531.5617640826395
6026,4531.561767541824
6027,4523.86359374977
6028,4523.863593749771
6029,4523.863593749771
6030,4523.86359374977
6031,4523.86359374977
6032,4523.86359374977
6033,4523.863593749771
6034,4523.86359374977
6035,4523.863593749768
6036,4523.863594287134
6037,4523.863596089245
6038,4523.863596911925
6039,4523.863593266032
6040,4523.86359241139
6041,4523.863594045037
6042,4523.863596626248
6043,4523.863592500127
6044,4523.8635949016525
6045,4523.863594050707
6046,4523.863594144077
6047,4523.863593518147
6048,4523.863586952736
6049,4523.863593771329
6050,4523.863594168111
6051,4523.863598376141
6052,4523.863590289904
6053,4523.863594716525
6054,4523.8635946115355
6055,4523.863595833037
6056,4523.863592258088
6057,4523.8635899624205
6058,4523.863595203333
6059,4523.863590435253
6060,4523.863595293662
6061,4523.863596054827
6062,4523.863593557249
6063,4523.863592319417
6064,4523.863593336198
6065,4523.863592353156
6066,4523.863594752403
6067,4523.8635934763315
6068,4523.863596853102
6069,4523.86359536467
6070,4523.863591056067
6071,4523.863600548903
6072,4523.863595078811
6073,4523.863591828962
6074,4523.863592876349
6075,4523.863597189823
6076,4516.281173050746
6077,4516.281173050748
6078,4516.281173050748
6079,4516.281173050748
6080,4516.281173050749
6081,4516.281173050748
6082,4516.281173050748
6083,4516.281173050747
6084,4516.2811730507465
6085,4516.281173686098
6086,4516.281177089255
6087,4516.281174439079
6088,4516.2811716292
6089,4516.2811796730675
6090,4516.281173666247
6091,4516.281166562787
6092,4516.281166041717
6093,4516.281171795661
6094,4516.281173358275
6095,4516.281174986813
6096,4516.281173412231
6097,4516.28117667001
6098,4516.281172203705
6099,4516.281173394442
6100,4516.281177502142
6101,4516.281175889871
6102,4516.281173100162
6103,4516.28117303362
6104,4516.281179856781
6105,4516.281167783068
6106,4516.281172245369
6107,4516.281174138369
6108,4516.281174826105
6109,4516.281170639027
6110,4516.281176536558
6111,4516.281175765009
6112,4516.281171169635
6113,4516.2811780798065
6114,4516.281172950604
6115,4516.281168820717
6116,4516.281176018715
6117,4516.281175509081
6118,4516.2811723697
6119,4516.281171650736
6120,4516.281175114476
6121,4516.2811744679775
6122,4516.281177203982
6123,4516.28117614174
6124,4516.2811690984045
6125,4507.956744324371
6126,4507.956744324378
6127,4507.956744324375
6128,4507.956744324374
6129,4507.956744324372
6130,4507.956744324372
6131,4507.956744324372
6132,4507.956744324372
6133,4507.956744324371
6134,4507.956744970787
6135,4507.956746198237
6136,4507.956746115254
6137,4507.956742904667
6138,4507.95674614937
6139,4507.956746011797
6140,4507.95674104639
6141,4507.956741685354
6142,4507.956742254002
6143,4507.956746218402
6144,4507.956746215456
6145,4507.956744350839
6146,4507.956746193596
6147,4507.956745364477
6148,4507.956745049568
6149,4507.956747781913
6150,4507.956744705645
6151,4507.956743526134
6152,4507.956741629061
6153,4507.956745694006
6154,4507.956741879662
6155,4507.956743361782
6156,4507.956745110765
6157,4507.956744178058
6158,4507.956743117175
6159,4507.956745652571
6160,4507.956745184942
6161,4507.956745590626
6162,4507.956745714957
6163,4507.956743459066
6164,4507.956742738212
6165,4507.956745302962
6166,4507.956744936963
6167,4507.956744080247
6168,4507.956742318289
6169,4507.956748959435
6170,4507.95674573174
6171,4507.956746915572
6172,4507.956745974365
6173,4507.956740955578
6174,4501.474771981664
6175,4501.474771981661
6176,4501.47477198166
6177,4501.4747719816605
6178,4501.474771981666
6179,4501.474771981661
6180,4501.4747719816605
6181,4501.474771981662
6182,4501.474771981663
6183,4501.474772831189
6184,4501.474771857862
6185,4501.474773471581
6186,4501.474770549004
6187,4501.474771082714
6188,4501.47477495519
6189,4501.4747731495745
6190,4501.474771748641
6191,4501.474770112213
6192,4501.474775003151
6193,4501.474773940182
6194,4501.474771333977
6195,4501.474771368083
6196,4501.474774018451
6197,4501.474772320961
6198,4501.474773562701
6199,4501.474771942817
6200,4501.474771649078
6201,4501.474769135837
6202,4501.4747698962965
6203,4501.474772122966
6204,4501.474772474768
6205,4501.474772555862
6206,4501.474771832948
6207,4501.474771947349
6208,4501.474770467279
6209,4501.474771562521
6210,4501.474776055842
6211,4501.474771046501
6212,4501.474770570791
6213,4501.4747732324295
6214,4501.474770968451
6215,4501.47477119635
6216,4501.474771786412
6217,4501.474770775661
6218,4501.47477799327
6219,4501.474773578194
6220,4501.474774377357
6221,4501.474773006603
6222,4501.474770989442
6223,4495.053444319358
6224,4495.053444319358
6225,4495.053444319358
6226,4495.0534443193565
6227,4495.053444319359
6228,4495.053444319358
6229,4495.053444319359
6230,4495.053444319357
6231,4495.053444319358
6232,4495.053444738366
6233,4495.053442900902
6234,4495.053445579452
6235,4495.053442897384
6236,4495.053441650941
6237,4495.05344683651
6238,4495.053445834325
6239,4495.053445495344
6240,4495.053442793183
6241,4495.05344750325
6242,4495.053445906073
6243,4495.053443054729
6244,4495.053444082682
6245,4495.053445804053
6246,4495.053444339497
6247,4495.05344531862
6248,4495.053443051626
6249,4495.053443324059
6250,4495.053440188952
6251,4495.053440762905
6252,4495.053446114935
6253,4495.053445491587
6254,4495.053445350224
6255,4495.053444004091
6256,4495.053443728471
6257,4495.053441577657
6258,4495.053443030777
6259,4495.053448170906
6260,4495.0534423437375
6261,4495.053442891345
6262,4495.053444818819
6263,4495.053443380419
6264,4495.053442446659
6265,4495.0534445594785
6266,4495.053444205245
6267,4495.053450797508
6268,4495.0534457103395
6269,4495.053446152702
6270,4495.053444817465
6271,4495.05344198677
6272,4496.210009067779
6273,4496.210009067777
6274,4496.210009067777
6275,4496.210009067778
6276,4496.210009067779
6277,4496.210009067779
6278,4496.210009067776
6279,4496.210009067779
6280,4496.2100090677795
6281,4496.210009946418
6282,4496.210011643543
6283,4496.210011680239
6284,4496.210008416401
6285,4496.2100160486525
6286,4496.210009734678
6287,4496.21003148778
6288,4496.210002470854
6289,4496.2100132944015
6290,4496.210012641676
6291,4496.210013175952
6292,4496.2100035683825
6293,4496.209994816883
6294,4496.210008048442
6295,4496.210010041119
6296,4496.2100039360175
6297,4496.210015652117
6298,4496.210014856866
6299,4496.210024802225
6300,4496.210014655665
6301,4496.210015138324
6302,4496.210014242708
6303,4496.210008671766
6304,4496.21001638702
6305,4496.210013609853
6306,4496.210004639755
6307,4496.210007294932
6308,4496.210005269207
6309,4496.210014178467
6310,4496.210004315771
6311,4496.210019082553
6312,4496.210002204976
6313,4496.210010745929
6314,4496.210008587114
6315,4496.210010580133
6316,4496.210009025868
6317,4496.2100112812695
6318,4496.2100134070315
6319,4496.210013843633
6320,4496.210020717759
6321,4488.055249236088
6322,4488.05524923609
6323,4488.055249236088
6324,4488.055249236092
6325,4488.055249236089
6326,4488.05524923609
6327,4488.055249236091
6328,4488.055249236088
6329,4488.055249236089
6330,4488.055249768301
6331,4488.055249957954
6332,4488.055251088034
6333,4488.055248114675
6334,4488.05525079757
6335,4488.055250809719
6336,4488.05526081197
6337,4488.055246233852
6338,4488.055250636143
6339,4488.055252628679
6340,4488.0552520980655
6341,4488.055246179102
6342,4488.05524230614
6343,4488.055249660271
6344,4488.055249877213
6345,4488.055247533556
6346,4488.055251314517
6347,4488.05525158643
6348,4488.055255108404
6349,4488.055250453471
6350,4488.055253081676
6351,4488.0552522397165
6352,4488.055249515049
6353,4488.055252256106
6354,4488.055251280323
6355,4488.055245795683
6356,4488.055247873337
6357,4488.0552493569185
6358,4488.055250479922
6359,4488.055246292706
6360,4488.055254327823
6361,4488.05524523262
6362,4488.05524921454
6363,4488.055249187119
6364,4488.05524988853
6365,4488.055252378405
6366,4488.055250991198
6367,4488.055252267255
6368,4488.055251805768
6369,4488.055253507189
6370,4477.059658097661
6371,4477.05965809766
6372,4477.059658097662
6373,4477.059658097662
6374,4477.059658097659
6375,4477.059658097661
6376,4477.05965809766
6377,4477.059658097661
6378,4477.059658097661
6379,4477.059657959849
6380,4477.059656940542
6381,4477.059659628724
6382,4477.059657264385
6383,4477.05965663025
6384,4477.0596590189525
6385,4477.059665407029
6386,4477.059660603592
6387,4477.059658914961
6388,4477.059660275933
6389,4477.059660529266
6390,4477.059654756742
6391,4477.059652580871
6392,4477.059657432338
6393,4477.059658809817
6394,4477.059657523404
6395,4477.059658054387
6396,4477.059659385696
6397,4477.0596568631245
6398,4477.059654936288
6399,4477.059662921368
6400,4477.059661252308
6401,4477.0596584217155
6402,4477.059660105268
6403,4477.0596576730195
6404,4477.059653370995
6405,4477.05965655868
6406,4477.0596586522715
6407,4477.059657374895
6408,4477.059655845595
6409,4477.059659295727
6410,4477.059656109898
6411,4477.059656408787
6412,4477.059658636819
6413,4477.059659724564
6414,4477.059661436741
6415,4477.05965945612
6416,4477.059660552063
6417,4477.059659051835
6418,4477.059659919534
6419,4465.706613984748
6420,4465.706613984748
6421,4465.706613984747
6422,4465.706613984747
6423,4465.706613984748
6424,4465.706613984749
6425,4465.706613984748
6426,4465.706613984748
6427,4465.706613984747
6428,4465.706611973274
6429,4465.706616852397
6430,4465.706614825056
6431,4465.706613135852
6432,4465.706612772419
6433,4465.70661125386
6434,4465.7066145567305
6435,4465.706611826459
6436,4465.706616765465
6437,4465.706614874026
6438,4465.7066153725655
6439,4465.706611573983
6440,4465.70661512202
6441,4465.706611364031
6442,4465.706617392015
6443,4465.706616282016
6444,4465.706610439473
6445,4465.706612217187
6446,4465.706613701635
6447,4465.706616447455
6448,4465.706617706117
6449,4465.706613317758
6450,4465.706615028189
6451,4465.706614018644
6452,4465.70661111237
6453,4465.70661581041
6454,4465.706612726928
6455,4465.70660735771
6456,4465.706614844538
6457,4465.706612481151
6458,4465.706609468828
6459,4465.706613847458
6460,4465.7066145689005
6461,4465.706616119867
6462,4465.706615858917
6463,4465.706614517206
6464,4465.706613749163
6465,4465.706614245194
6466,4465.706613988502
6467,4465.706606703342
6468,4457.159380085559
6469,4457.159380085558
6470,4457.159380085557
6471,4457.159380085558
6472,4457.159380085556
6473,4457.159380085558
6474,4457.159380085561
6475,4457.159380085558
6476,4457.15938008556
6477,4457.159379799559
6478,4457.159380873501
6479,4457.159379585109
6480,4457.159380068909
6481,4457.1593748895875
6482,4457.1593806434585
6483,4457.159380850155
6484,4457.159382181958
6485,4457.159382537871
6486,4457.159380553236
6487,4457.159380732747
6488,4457.159379153809
6489,4457.159376948507
6490,4457.159377539577
6491,4457.159383338951
6492,4457.15938289379
6493,4457.1593763394885
6494,4457.15938083928
6495,4457.1593768460025
6496,4457.159379218973
6497,4457.159383996311
6498,4457.159379476848
6499,4457.159379432033
6500,4457.15937970937
6501,4457.159376522393
6502,4457.159380872889
6503,4457.159379519158
6504,4457.159380564388
6505,4457.159376562297
6506,4457.159379053544
6507,4457.159375665817
6508,4457.1593808149655
6509,4457.159379934971
6510,4457.159382378826
6511,4457.159383900856
6512,4457.159380907234
6513,4457.159381669162
6514,4457.159379597293
6515,4457.159376884362
6516,4457.159382349977
6517,4448.2187453830265
6518,4448.218745383027
6519,4448.2187453830265
6520,4448.218745383028
6521,4448.218745383028
6522,4448.2187453830265
6523,4448.218745383027
6524,4448.218745383027
6525,4448.218745383026
6526,4448.218745009418
6527,4448.21874742782
6528,4448.218743944042
6529,4448.218746083234
6530,4448.218748235317
6531,4448.21874528864
6532,4448.218742985945
6533,4448.218748186987
6534,4448.218746611042
6535,4448.218746239794
6536,4448.21874666977
6537,4448.21874463053
6538,4448.218745992022
6539,4448.218743573352
6540,4448.21874870238
6541,4448.218747410379
6542,4448.218746135965
6543,4448.218744379816
6544,4448.218739902705
6545,4448.218744751584
6546,4448.218746896097
6547,4448.218744303886
6548,4448.218744184342
6549,4448.218747312324
6550,4448.218742099754
6551,4448.218747988635
6552,4448.218745005622
6553,4448.218740247326
6554,4448.2187473849535
6555,4448.218744291877
6556,4448.218741218261
6557,4448.218745895961
6558,4448.218745519303
6559,4448.218746327545
6560,4448.218747512019
6561,4448.218743479909
6562,4448.218746585405
6563,4448.218745845765
6564,4448.218743828406
6565,4448.218742158555
6566,4436.68424450467
6567,4436.684244504673
6568,4436.68424450467
6569,4436.68424450467
6570,4436.684244504671
6571,4436.684244504671
6572,4436.684244504669
6573,4436.684244504671
6574,4436.68424450467
6575,4436.684245382449
6576,4436.684246944348
6577,4436.684245025268
6578,4436.684245816266
6579,4436.684248130123
6580,4436.684245334425
6581,4436.684240114962
6582,4436.684243767481
6583,4436.68424423358
6584,4436.68424697062
6585,4436.684244788912
6586,4436.684245102552
6587,4436.684249662013
6588,4436.684243134507
6589,4436.6842476130005
6590,4436.684246178761
6591,4436.684245404661
6592,4436.684242088718
6593,4436.6842408015045
6594,4436.684246853995
6595,4436.684244496035
6596,4436.684240761533
6597,4436.684242806116
6598,4436.68424608371
6599,4436.684241793918
6600,4436.684250815672
6601,4436.68424412777
6602,4436.684239530057
6603,4436.684246470871
6604,4436.684243451011
6605,4436.684240923593
6606,4436.684245610392
6607,4436.684244498887
6608,4436.684245140506
6609,4436.684245367464
6610,4436.684246211585
6611,4436.68424686629
6612,4436.684243272903
6613,4436.684242779129
6614,4436.684240064888
6615,4418.119664969535
6616,4418.119664969532
6617,4418.119664969533
6618,4418.119664969536
6619,4418.119664969535
6620,4418.119664969534
6621,4418.119664969533
6622,4418.119664969534
6623,4418.119664969534
6624,4418.119667042209
6625,4418.119664615506
6626,4418.119660511381
6627,4418.119665737864
6628,4418.11967573227
6629,4418.119665779917
6630,4418.119661908345
6631,4418.119669240394
6632,4418.119661819068
6633,4418.11966773553
6634,4418.119664635825
6635,4418.1196645935115
6636,4418.119665940024
6637,4418.119664980155
6638,4418.119667029085
6639,4418.119664988374
6640,4418.1196706543205
6641,4418.119662947043
6642,4418.119658672103
6643,4418.119662998688
6644,4418.119664224098
6645,4418.119662184507
6646,4418.119662233462
6647,4418.119668410139
6648,4418.119664144244
6649,4418.119668182266
6650,4418.11966530667
6651,4418.119657192365
6652,4418.119671510025
6653,4418.119663107498
6654,4418.119663854862
6655,4418.119665340152
6656,4418.119663617946
6657,4418.119663677551
6658,4418.119664493702
6659,4418.119658823861
6660,4418.119667184352
6661,4418.119664978834
6662,4418.119667018372
6663,4418.119660768454
6664,4402.87580044024
6665,4402.875800440241
6666,4402.875800440242
6667,4402.875800440241
6668,4402.87580044024
6669,4402.875800440242
6670,4402.87580044024
6671,4402.875800440242
6672,4402.875800440242
6673,4402.875802499381
6674,4402.875802431927
6675,4402.875804125868
6676,4402.875803007567
6677,4402.875801590119
6678,4402.875802604784
6679,4402.875799463015
6680,4402.875795992692
6681,4402.875799500664
6682,4402.875801004709
6683,4402.875798858885
6684,4402.875799842653
6685,4402.875797577815
6686,4402.875802236467
6687,4402.875804440134
6688,4402.875800219577
6689,4402.875798853474
6690,4402.875800328057
6691,4402.8758049856115
6692,4402.875804043678
6693,4402.8758024930885
6694,4402.875795871037
6695,4402.875797456141
6696,4402.8758001153055
6697,4402.8758019131365
6698,4402.875804560229
6699,4402.875797721927
6700,4402.875795659596
6701,4402.875800553092
6702,4402.875798498023
6703,4402.875802390955
6704,4402.875798836795
6705,4402.875800017366
6706,4402.875801317235
6707,4402.875798499357
6708,4402.87580146385
6709,4402.87580104959
6710,4402.87579642262
6711,4402.875799746463
6712,4402.875802990282
6713,4392.217176013944
6714,4392.217176013943
6715,4392.21717601394
6716,4392.217176013943
6717,4392.217176013943
6718,4392.217176013943
6719,4392.217176013944
6720,4392.217176013943
6721,4392.217176013944
6722,4392.21717883926
6723,4392.217175294721
6724,4392.217175613466
6725,4392.217176234147
6726,4392.21717899521
6727,4392.217179174944
6728,4392.2171729473885
6729,4392.21717003879
6730,4392.217173831531
6731,4392.217176035383
6732,4392.217173883661
6733,4392.217174807055
6734,4392.2171756188645
6735,4392.217176223018
6736,4392.217176393653
6737,4392.217175494771
6738,4392.217176971299
6739,4392.217176531955
6740,4392.217179575377
6741,4392.21718096178
6742,4392.217177517794
6743,4392.217174448311
6744,4392.21717409145
6745,4392.2171781450015
6746,4392.217175408546
6747,4392.217176280415
6748,4392.217175428242
6749,4392.217173670426
6750,4392.217177130784
6751,4392.217175970691
6752,4392.217176279403
6753,4392.217176785569
6754,4392.217173930492
6755,4392.21717599217
6756,4392.217176186491
6757,4392.21717843601
6758,4392.217176616173
6759,4392.217174816774
6760,4392.21717862082
6761,4392.217177876292
6762,4379.640129723015
6763,4379.640129723016
6764,4379.640129723016
6765,4379.640129723012
6766,4379.640129723012
6767,4379.640129723014
6768,4379.640129723016
6769,4379.640129723016
6770,4379.640129723016
6771,4379.640130717111
6772,4379.6401251012785
6773,4379.64012605681
6774,4379.640128936826
6775,4379.64012501857
6776,4379.6401350483275
6777,4379.640126120489
6778,4379.640133625183
6779,4379.640126767941
6780,4379.640129038823
6781,4379.6401282538345
6782,4379.640129321625
6783,4379.640128115383
6784,4379.640132198121
6785,4379.640129851491
6786,4379.640129920711
6787,4379.640126547808
6788,4379.640130040005
6789,4379.640123288971
6790,4379.640123583077
6791,4379.640131707547
6792,4379.640129403596
6793,4379.640127836129
6794,4379.6401292069395
6795,4379.640128425144
6796,4379.640125159619
6797,4379.640128946563
6798,4379.6401335600385
6799,4379.640125631665
6800,4379.640130153514
6801,4379.640129519453
6802,4379.640129495945
6803,4379.640126278375
6804,4379.640130934731
6805,4379.640131254777
6806,4379.640127967592
6807,4379.640128425883
6808,4379.6401293054305
6809,4379.640129536183
6810,4379.640131640014
6811,4372.280173759455
6812,4372.280173759457
6813,4372.280173759458
6814,4372.280173759458
6815,4372.2801737594555
6816,4372.280173759457
6817,4372.280173759456
6818,4372.280173759456
6819,4372.2801737594555
6820,4372.28017399059
6821,4372.280171263586
6822,4372.28017079659
6823,4372.280173030466
6824,4372.280170007932
6825,4372.280178697361
6826,4372.280170739607
6827,4372.280174963483
6828,4372.280172469414
6829,4372.280172048936
6830,4372.28017360917
6831,4372.280172694436
6832,4372.280172036632
6833,4372.280176207877
6834,4372.2801743931705
6835,4372.280173890481
6836,4372.280171523587
6837,4372.2801751054085
6838,4372.280170657112
6839,4372.280169270033
6840,4372.280174736091
6841,4372.28017492218
6842,4372.280172133121
6843,4372.280174865839
6844,4372.280172519369
6845,4372.280168482397
6846,4372.280172930098
6847,4372.280176380216
6848,4372.280170718279
6849,4372.280174723757
6850,4372.2801743953705
6851,4372.280172245075
6852,4372.280172074492
6853,4372.280175348032
6854,4372.280175692199
6855,4372.280172391545
6856,4372.280170697442
6857,4372.280175385317
6858,4372.280174007269
6859,4372.28017529181
6860,4360.537134486603
6861,4360.5371344866035
6862,4360.537134486604
6863,4360.537134486605
6864,4360.537134486605
6865,4360.537134486605
6866,4360.537134486604
6867,4360.537134486603
6868,4360.537134486604
6869,4360.537134940295
6870,4360.537134051806
6871,4360.537135091191
6872,4360.537134434268
6873,4360.537129719378
6874,4360.537136965787
6875,4360.5371351968315
6876,4360.537134524961
6877,4360.537134040151
6878,4360.5371337119705
6879,4360.537134168893
6880,4360.537134533338
6881,4360.537133252615
6882,4360.537134373184
6883,4360.53713514762
6884,4360.537134650449
6885,4360.537130616631
6886,4360.537136328389
6887,4360.537134678915
6888,4360.537131286484
6889,4360.53713361576
6890,4360.537134791826
6891,4360.537133805491
6892,4360.537134802626
6893,4360.537133530436
6894,4360.537131293301
6895,4360.537133207779
6896,4360.537135427976
6897,4360.537131559174
6898,4360.537133835783
6899,4360.537135191135
6900,4360.537133050475
6901,4360.53713487385
6902,4360.537137059527
6903,4360.5371368606975
6904,4360.537132122963
6905,4360.537131890019
6906,4360.537135321317
6907,4360.53713340799
6908,4360.537135544206
6909,4351.30754132477
6910,4351.307541324768
6911,4351.307541324768
6912,4351.307541324768
6913,4351.307541324769
6914,4351.307541324769
6915,4351.307541324767
6916,4351.307541324769
6917,4351.307541324769
6918,4351.307541948079
6919,4351.3075445407585
6920,4351.3075419216475
6921,4351.307541420819
6922,4351.307541029522
6923,4351.307543027668
6924,4351.3075407994775
6925,4351.307538901496
6926,4351.307540726466
6927,4351.307540745021
6928,4351.307541017928
6929,4351.30754267461
6930,4351.307544703814
6931,4351.307541219071
6932,4351.307544097743
6933,4351.307542203193
6934,4351.307540638867
6935,4351.307542862958
6936,4351.307543074466
6937,4351.307540260414
6938,4351.307537310053
6939,4351.307540549916
6940,4351.307539972947
6941,4351.307541797615
6942,4351.307540957244
6943,4351.307542805351
6944,4351.307541404898
6945,4351.307541220725
6946,4351.307541373662
6947,4351.307541417858
6948,4351.307541893812
6949,4351.307539131625
6950,4351.307543978525
6951,4351.307542818356
6952,4351.307542682178
6953,4351.307542152743
6954,4351.307538155426
6955,4351.307543467548
6956,4351.307540606947
6957,4351.307538608346
6958,4344.279827919321
6959,4344.2798279193175
6960,4344.2798279193175
6961,4344.27982791932
6962,4344.279827919321
6963,4344.279827919321
6964,4344.279827919319
6965,4344.279827919318
6966,4344.279827919318
6967,4344.2798304444
6968,4344.279829739122
6969,4344.279832983826
6970,4344.279829068665
6971,4344.279830932167
6972,4344.279828456209
6973,4344.279832090348
6974,4344.279824815467
6975,4344.279826704755
6976,4344.279828503865
6977,4344.279827611072
6978,4344.279830486394
6979,4344.279828328136
6980,4344.279823677406
6981,4344.279826290993
6982,4344.2798275310615
6983,4344.279830410784
6984,4344.279831581066
6985,4344.279832605526
6986,4344.279830157731
6987,4344.279823543029
6988,4344.279828723992
6989,4344.279826775792
6990,4344.2798297099225
6991,4344.279826941235
6992,4344.279829069557
6993,4344.279828714806
6994,4344.279828120701
6995,4344.27982986322
6996,4344.279826662653
6997,4344.279828517369
6998,4344.279828811053
6999,4344.279830049013
7000,4344.279827993677
7001,4344.279828984826
7002,4344.279828739346
7003,4344.2798287328005
7004,4344.279829443373
7005,4344.279827187086
7006,4344.279829617063
7007,4335.101896231511
7008,4335.10189623151
7009,4335.101896231511
7010,4335.101896231508
7011,4335.101896231508
7012,4335.101896231509
7013,4335.101896231507
7014,4335.101896231509
7015,4335.101896231508
7016,4335.101897029183
7017,4335.101897382771
7018,4335.101900299954
7019,4335.101897609174
7020,4335.101899405385
7021,4335.101895851102
7022,4335.1018967646205
7023,4335.101897292561
7024,4335.101893608928
7025,4335.101896489835
7026,4335.101896402041
7027,4335.101898644808
7028,4335.101899674473
7029,4335.101895631491
7030,4335.101896466475
7031,4335.101897018397
7032,4335.101896706548
7033,4335.101896782094
7034,4335.101895252069
7035,4335.101894484197
7036,4335.1018930758055
7037,4335.101895080863
7038,4335.101894830751
7039,4335.101895190068
7040,4335.101896482627
7041,4335.101898276012
7042,4335.101896007745
7043,4335.1018933692985
7044,4335.101893403826
7045,4335.101895100403
7046,4335.101896742459
7047,4335.101895794054
7048,4335.101897301526
7049,4335.101896118073
7050,4335.10189473266
7051,4335.101895914231
7052,4335.101895132368
7053,4335.101895889413
7054,4335.101894912092
7055,4335.101891106352
7056,4327.361351485663
7057,4327.361351485664
7058,4327.361351485666
7059,4327.3613514856615
7060,4327.3613514856615
7061,4327.361351485662
7062,4327.361351485663
7063,4327.361351485663
7064,4327.36135148566
7065,4327.3613515763145
7066,4327.361351478307
7067,4327.361352471102
7068,4327.361351958191
7069,4327.361351167198
7070,4327.361352479077
7071,4327.361352050391
7072,4327.361352434544
7073,4327.361348986358
7074,4327.361351553598
7075,4327.361350936684
7076,4327.361353478172
7077,4327.361353445898
7078,4327.361352763135
7079,4327.361351754322
7080,4327.361352236816
7081,4327.361349922669
7082,4327.36135254108
7083,4327.36135077151
7084,4327.361349187549
7085,4327.361350474928
7086,4327.361349839437
7087,4327.361349659926
7088,4327.361348494218
7089,4327.361352364412
7090,4327.361353659939
7091,4327.361351604524
7092,4327.361352064124
7093,4327.361351180442
7094,4327.361350477692
7095,4327.361352114024
7096,4327.361350909898
7097,4327.361352051841
7098,4327.361351483308
7099,4327.361350412685
7100,4327.361350191307
7101,4327.36135015371
7102,4327.361350167192
7103,4327.361350107763
7104,4327.361348492311
7105,4320.333714882378
7106,4320.333714882381
7107,4320.333714882381
7108,4320.333714882378
7109,4320.333714882381
7110,4320.33371488238
7111,4320.33371488238
7112,4320.33371488238
7113,4320.333714882382
7114,4320.333714115734
7115,4320.333714330963
7116,4320.333713160306
7117,4320.3337145386095
7118,4320.333716186055
7119,4320.333714917512
7120,4320.333714508401
7121,4320.333714635232
7122,4320.333713506286
7123,4320.333713568698
7124,4320.3337148127375
7125,4320.333714801706
7126,4320.333714814147
7127,4320.333715862022
7128,4320.333713588236
7129,4320.33371548753
7130,4320.3337145381065
7131,4320.3337163749975
7132,4320.333715149306
7133,4320.333715060349
7134,4320.333716136493
7135,4320.333715131579
7136,4320.333713561167
7137,4320.333712973437
7138,4320.333714902604
7139,4320.333715037636
7140,4320.333715734447
7141,4320.333713444389
7142,4320.3337166415595
7143,4320.333714484891
7144,4320.333714544635
7145,4320.333715343813
7146,4320.333714945707
7147,4320.333714327715
7148,4320.333714233837
7149,4320.33371491745
7150,4320.333713039828
7151,4320.333714319616
7152,4320.333715499222
7153,4320.333711674153
7154,4321.121384866112
7155,4321.121384866112
7156,4321.121384866112
7157,4321.121384866112
7158,4321.121384866112
7159,4321.121384866112
7160,4321.121384866111
7161,4321.121384866114
7162,4321.121384866112
7163,4321.121383674018
7164,4321.121380964764
7165,4321.121385385903
7166,4321.121385708478
7167,4321.121375336791
7168,4321.121390437705
7169,4321.121386773399
7170,4321.121390869445
7171,4321.121383700904
7172,4321.121383372312
7173,4321.1213847373
7174,4321.121385255743
7175,4321.121376902768
7176,4321.121388969983
7177,4321.121384054413
7178,4321.12138288391
7179,4321.121380302612
7180,4321.121390044165
7181,4321.1213821644305
7182,4321.121376940601
7183,4321.1213900501025
7184,4321.121386139979
7185,4321.121381164928
7186,4321.121379835694
7187,4321.121385816047
7188,4321.121382253415
7189,4321.121384800796
7190,4321.121395737666
7191,4321.121391973977
7192,4321.121384568371
7193,4321.121385124549
7194,4321.121384396093
7195,4321.121383014505
7196,4321.121384509011
7197,4321.121384691452
7198,4321.121378210638
7199,4321.121384114724
7200,4321.121382553695
7201,4321.121380915169
7202,4321.12139327624
7203,4317.745153445023
7204,4317.745153445023
7205,4317.745153445023
7206,4317.745153445023
7207,4317.745153445023
7208,4317.745153445025
7209,4317.745153445025
7210,4317.745153445023
7211,4317.745153445023
7212,4317.745152533731
7213,4317.745151240282
7214,4317.745152843768
7215,4317.745153654487
7216,4317.745149453093
7217,4317.7451561602
7218,4317.7451541391565
7219,4317.745156127894
7220,4317.745152165986
7221,4317.745152017997
7222,4317.745153292269
7223,4317.745153595071
7224,4317.745149718746
7225,4317.745155802628
7226,4317.745152308242
7227,4317.7451528460315
7228,4317.745151070064
7229,4317.745156695856
7230,4317.745152216493
7231,4317.745149860236
7232,4317.745156539719
7233,4317.74515413436
7234,4317.745151019485
7235,4317.7451500179895
7236,4317.745153840409
7237,4317.7451523179125
7238,4317.745153896541
7239,4317.745158015061
7240,4317.7451508395025
7241,4317.745153101417
7242,4317.745153386191
7243,4317.745153526745
7244,4317.745152593792
7245,4317.745153029475
7246,4317.745153048531
7247,4317.745150259486
7248,4317.745152173692
7249,4317.7451520044215
7250,4317.745151899399
7251,4317.745155861101
7252,4314.611273964953
7253,4314.611273964954
7254,4314.611273964954
7255,4314.611273964953
7256,4314.611273964955
7257,4314.611273964953
7258,4314.611273964953
7259,4314.6112739649525
7260,4314.611273964956
7261,4314.611273280584
7262,4314.611272716725
7263,4314.611273864976
7264,4314.611274121988
7265,4314.6112710951575
7266,4314.611275823381
7267,4314.61127427644
7268,4314.611274912978
7269,4314.611273596731
7270,4314.611272215952
7271,4314.611273891274
7272,4314.611273462145
7273,4314.611270439869
7274,4314.6112750727725
7275,4314.611272397202
7276,4314.611273105883
7277,4314.611272455924
7278,4314.611277328388
7279,4314.611274218381
7280,4314.611272671177
7281,4314.611277029625
7282,4314.611275185116
7283,4314.611272072633
7284,4314.611271735726
7285,4314.611273732571
7286,4314.611273091594
7287,4314.611274715838
7288,4314.611277010698
7289,4314.611272182898
7290,4314.611273769229
7291,4314.611273334861
7292,4314.6112744920065
7293,4314.611273516372
7294,4314.61127353017
7295,4314.611274057057
7296,4314.611271636681
7297,4314.611272756213
7298,4314.611273018801
7299,4314.611273119197
7300,4314.61127613581
7301,4307.47174367632
7302,4307.471743676322
7303,4307.47174367632
7304,4307.47174367632
7305,4307.471743676322
7306,4307.471743676322
7307,4307.47174367632
7308,4307.471743676321
7309,4307.47174367632
7310,4307.471743898622
7311,4307.471743958745
7312,4307.471743377474
7313,4307.471743710226
7314,4307.471745385185
7315,4307.4717427085725
7316,4307.471743178076
7317,4307.471744071678
7318,4307.4717449577565
7319,4307.471741913282
7320,4307.47174396627
7321,4307.471741925052
7322,4307.471741026342
7323,4307.471741969722
7324,4307.47174132331
7325,4307.471741916419
7326,4307.471745775916
7327,4307.471746508463
7328,4307.4717444584685
7329,4307.471744624119
7330,4307.471745522899
7331,4307.471746149452
7332,4307.471743254923
7333,4307.471745281416
7334,4307.47174235756
7335,4307.471743265748
7336,4307.471745231156
7337,4307.471741734816
7338,4307.471745122011
7339,4307.471743343556
7340,4307.471742151017
7341,4307.471744402096
7342,4307.471744262466
7343,4307.4717429054435
7344,4307.47174510285
7345,4307.471744477699
7346,4307.47174230966
7347,4307.471744883838
7348,4307.471745024206
7349,4307.471743203408
7350,4304.530665281392
7351,4304.530665281389
7352,4304.530665281389
7353,4304.53066528139
7354,4304.530665281389
7355,4304.530665281391
7356,4304.5306652813915
7357,4304.5306652813915
7358,4304.5306652813915
7359,4304.530666022927
7360,4304.530668611634
7361,4304.530668226135
7362,4304.530665428922
7363,4304.530664217395
7364,4304.530664587768
7365,4304.530663398075
7366,4304.53065970105
7367,4304.53066804513
7368,4304.530664175821
7369,4304.530664823977
7370,4304.530663837519
7371,4304.530667213679
7372,4304.530662275688
7373,4304.530663676721
7374,4304.530663760524
7375,4304.530664644209
7376,4304.530667031433
7377,4304.5306696873595
7378,4304.530672055736
7379,4304.53066678989
7380,4304.530665333254
7381,4304.530665836863
7382,4304.530666273834
7383,4304.530663636963
7384,4304.530669622554
7385,4304.530666541524
7386,4304.53066378961
7387,4304.530664714686
7388,4304.530664927953
7389,4304.530663163845
7390,4304.530666113507
7391,4304.530667065252
7392,4304.530665721864
7393,4304.530667460957
7394,4304.530664693049
7395,4304.5306648842625
7396,4304.53066483815
7397,4304.530665423812
7398,4304.530664920063
7399,4301.067482458885
7400,4301.067482458885
7401,4301.067482458883
7402,4301.067482458881
7403,4301.0674824588805
7404,4301.067482458882
7405,4301.067482458883
7406,4301.067482458883
7407,4301.067482458884
7408,4301.067483277473
7409,4301.067483823348
7410,4301.067483525539
7411,4301.067482603916
7412,4301.0674831651495
7413,4301.067481486384
7414,4301.067480908651
7415,4301.067481784713
7416,4301.0674840677075
7417,4301.0674823991785
7418,4301.0674822354395
7419,4301.067481380092
7420,4301.067484300075
7421,4301.067480202407
7422,4301.0674810126275
7423,4301.067480673535
7424,4301.06748326121
7425,4301.067483336881
7426,4301.067482731874
7427,4301.067484877449
7428,4301.067483489855
7429,4301.067482612111
7430,4301.067483019491
7431,4301.067483977714
7432,4301.0674815554385
7433,4301.06748581601
7434,4301.067483658026
7435,4301.067480258488
7436,4301.067483037419
7437,4301.067481506395
7438,4301.06748105329
7439,4301.067482431251
7440,4301.067483545968
7441,4301.067482431665
7442,4301.067484539469
7443,4301.067482568013
7444,4301.06748222837
7445,4301.067482759591
7446,4301.0674830246
7447,4301.06748039504
7448,4297.834388389775
7449,4297.834388389775
7450,4297.834388389774
7451,4297.834388389776
7452,4297.834388389773
7453,4297.834388389777
7454,4297.834388389776
7455,4297.834388389776
7456,4297.834388389775
7457,4297.834388929361
7458,4297.8343878627775
7459,4297.834387789064
7460,4297.834388458743
7461,4297.834389074256
7462,4297.834388180293
7463,4297.834387608733
7464,4297.834391335127
7465,4297.834388520804
7466,4297.834389696182
7467,4297.834388164058
7468,4297.834388058209
7469,4297.834390214845
7470,4297.834387757854
7471,4297.8343877613215
7472,4297.834386716154
7473,4297.8343891700415
7474,4297.834388634661
7475,4297.834385899974
7476,4297.8343869111095
7477,4297.834389355214
7478,4297.8343879541135
7479,4297.834388564911
7480,4297.834389171504
7481,4297.834388846338
7482,4297.834391247857
7483,4297.8343892085295
7484,4297.834387296424
7485,4297.8343888635745
7486,4297.834386773896
7487,4297.834388197638
7488,4297.834387231474
7489,4297.834388672261
7490,4297.834388154
7491,4297.834390075194
7492,4297.834388319567
7493,4297.834388731105
7494,4297.834388606605
7495,4297.834388632474
7496,4297.834386017334
7497,4294.31979147816
7498,4294.3197914781595
7499,4294.3197914781595
7500,4294.319791478161
7501,4294.31979147816
7502,4294.31979147816
7503,4294.319791478162
7504,4294.319791478161
7505,4294.3197914781595
7506,4294.319791447965
7507,4294.319789029547
7508,4294.319790214444
7509,4294.319791409255
7510,4294.3197912325195
7511,4294.319792178349
7512,4294.319791643255
7513,4294.3197969675675
7514,4294.3197899775805
7515,4294.319793855261
7516,4294.3197913447475
7517,4294.319791641929
7518,4294.319792855186
7519,4294.319791759289
7520,4294.319791070006
7521,4294.3197901503145
7522,4294.319791539031
7523,4294.319791528483
7524,4294.3197869988635
7525,4294.319787299489
7526,4294.319792715812
7527,4294.3197909725
7528,4294.319791343529
7529,4294.3197913187205
7530,4294.319792618194
7531,4294.31979275943
7532,4294.319791899414
7533,4294.319792096264
7534,4294.319791328395
7535,4294.319789320498
7536,4294.319791804991
7537,4294.319790190199
7538,4294.319790447143
7539,4294.319791138418
7540,4294.319792805926
7541,4294.319790624283
7542,4294.31979303042
7543,4294.319791310034
7544,4294.319791214783
7545,4294.3197899403185
7546,4290.025785049816
7547,4290.025785049818
7548,4290.025785049816
7549,4290.025785049817
7550,4290.025785049817
7551,4290.025785049815
7552,4290.025785049817
7553,4290.025785049816
7554,4290.025785049815
7555,4290.025784267748
7556,4290.025783582142
7557,4290.025783899533
7558,4290.025785079365
7559,4290.025786751985
7560,4290.025785577509
7561,4290.025787012915
7562,4290.025788246874
7563,4290.025783312485
7564,4290.025788392358
7565,4290.025785351131
7566,4290.025785163716
7567,4290.025785358031
7568,4290.02578655271
7569,4290.025786974741
7570,4290.025783833567
7571,4290.025786466238
7572,4290.025785805471
7573,4290.025784989432
7574,4290.025781857895
7575,4290.02578645167
7576,4290.0257846741715
7577,4290.025784017148
7578,4290.02578485338
7579,4290.025788346952
7580,4290.0257867945265
7581,4290.025784793579
7582,4290.025785181499
7583,4290.025786377141
7584,4290.0257823236825
7585,4290.025787479035
7586,4290.025782124285
7587,4290.025784513466
7588,4290.0257843129475
7589,4290.025784770231
7590,4290.02578605565
7591,4290.025787434907
7592,4290.025785171484
7593,4290.025785206499
7594,4290.025784486754
7595,4287.324057136707
7596,4287.3240571367105
7597,4287.32405713671
7598,4287.324057136709
7599,4287.324057136708
7600,4287.32405713671
7601,4287.324057136709
7602,4287.32405713671
7603,4287.324057136709
7604,4287.324053144667
7605,4287.324052723881
7606,4287.324058041943
7607,4287.324056772021
7608,4287.324052444692
7609,4287.324058657258
7610,4287.32405788199
7611,4287.324065329392
7612,4287.324052325676
7613,4287.324059294369
7614,4287.324058477767
7615,4287.324056958468
7616,4287.324057617371
7617,4287.324058028098
7618,4287.324057724251
7619,4287.324058529972
7620,4287.324052851444
7621,4287.324057439373
7622,4287.3240495316
7623,4287.324050238245
7624,4287.324059592222
7625,4287.324058501699
7626,4287.324056379962
7627,4287.324053537726
7628,4287.324057637369
7629,4287.324051663893
7630,4287.324056282118
7631,4287.324060223482
7632,4287.324054907568
7633,4287.324055213341
7634,4287.324055571865
7635,4287.324057905378
7636,4287.324052345246
7637,4287.324056958486
7638,4287.32405619957
7639,4287.324053242192
7640,4287.324060963294
7641,4287.324055559378
7642,4287.3240548365975
7643,4287.324057124383
7644,4281.745944954692
7645,4281.745944954695
7646,4281.745944954695
7647,4281.745944954692
7648,4281.745944954694
7649,4281.745944954694
7650,4281.745944954696
7651,4281.745944954693
7652,4281.745944954693
7653,4281.745942426191
7654,4281.745944055813
7655,4281.745945160366
7656,4281.745944752267
7657,4281.7459445410495
7658,4281.745945098436
7659,4281.745945661343
7660,4281.7459474956995
7661,4281.74594268425
7662,4281.745946556078
7663,4281.7459461009485
7664,4281.7459443808275
7665,4281.745945368162
7666,4281.7459446775265
7667,4281.74594620409
7668,4281.7459454871505
7669,4281.745944230628
7670,4281.745946022402
7671,4281.74594366075
7672,4281.745943250887
7673,4281.74594622471
7674,4281.745946326659
7675,4281.745944401482
7676,4281.745943910028
7677,4281.745945851261
7678,4281.745942873507
7679,4281.745944853128
7680,4281.7459453153215
7681,4281.745945448721
7682,4281.745943389024
7683,4281.745944484673
7684,4281.745944745883
7685,4281.745943154349
7686,4281.745944558995
7687,4281.745944480512
7688,4281.745944620678
7689,4281.745947568804
7690,4281.745944945665
7691,4281.745944349978
7692,4281.74594483095
7693,4278.708636852178
7694,4278.70863685218
7695,4278.708636852179
7696,4278.708636852177
7697,4278.708636852178
7698,4278.708636852179
7699,4278.708636852177
7700,4278.708636852179
7701,4278.708636852179
7702,4278.708634967573
7703,4278.708639058604
7704,4278.708636819059
7705,4278.708636738623
7706,4278.708638593515
7707,4278.708635919818
7708,4278.708636773773
7709,4278.708634757138
7710,4278.708636705347
7711,4278.708637368245
7712,4278.7086380394885
7713,4278.708635762788
7714,4278.70863742335
7715,4278.708635282016
7716,4278.708638482837
7717,4278.7086372863
7718,4278.708637867323
7719,4278.708638453655
7720,4278.708639897307
7721,4278.708639640725
7722,4278.708637001727
7723,4278.708638387072
7724,4278.708636682116
7725,4278.708637378154
7726,4278.70863734532
7727,4278.708636861619
7728,4278.708637397434
7729,4278.708635322825
7730,4278.70863878878
7731,4278.708636119931
7732,4278.708636468264
7733,4278.708636473981
7734,4278.708637372874
7735,4278.708636529208
7736,4278.708636795294
7737,4278.708638513824
7738,4278.708638070545
7739,4278.70863793638
7740,4278.708637056764
7741,4278.708636618045
7742,4276.61006489427
7743,4276.610064894269
7744,4276.610064894269
7745,4276.610064894271
7746,4276.610064894269
7747,4276.610064894272
7748,4276.610064894271
7749,4276.610064894269
7750,4276.610064894268
7751,4276.610063268812
7752,4276.6100684023
7753,4276.610064621959
7754,4276.610064862189
7755,4276.61006703147
7756,4276.610063673913
7757,4276.6100640196
7758,4276.610061137509
7759,4276.610065734711
7760,4276.610064687233
7761,4276.610066123766
7762,4276.610063631647
7763,4276.610065576388
7764,4276.610062682701
7765,4276.610066561436
7766,4276.610065518831
7767,4276.610066197208
7768,4276.61006658149
7769,4276.6100690717785
7770,4276.610069444055
7771,4276.6100642327965
7772,4276.610066310461
7773,4276.610065051799
7774,4276.610065870569
7775,4276.610064969068
7776,4276.610065750766
7777,4276.610065764099
7778,4276.610062826251
7779,4276.610067060365
7780,4276.610064817493
7781,4276.6100644266635
7782,4276.610064556102
7783,4276.610066561267
7784,4276.6100647524745
7785,4276.61006511469
7786,4276.610066915444
7787,4276.610065026064
7788,4276.610066402074
7789,4276.61006509776
7790,4276.610064631799
7791,4272.561421830553
7792,4272.561421830551
7793,4272.561421830552
7794,4272.561421830551
7795,4272.561421830552
7796,4272.561421830552
7797,4272.561421830551
7798,4272.561421830554
7799,4272.561421830554
7800,4272.561420773688
7801,4272.561425239063
7802,4272.561421507972
7803,4272.561422198195
7804,4272.56142321553
7805,4272.56142109108
7806,4272.5614205226775
7807,4272.561418333133
7808,4272.561423462327
7809,4272.561421060313
7810,4272.561422854701
7811,4272.561420632388
7812,4272.561421160554
7813,4272.561419125962
7814,4272.561423048271
7815,4272.561422218428
7816,4272.5614229274415
7817,4272.561423753962
7818,4272.561425618406
7819,4272.561426444603
7820,4272.561420376597
7821,4272.561422879857
7822,4272.561422297211
7823,4272.561422852597
7824,4272.561421569378
7825,4272.561423035272
7826,4272.561422749957
7827,4272.561420744181
7828,4272.561423115896
7829,4272.5614224380215
7830,4272.561421714664
7831,4272.561421514707
7832,4272.561424301596
7833,4272.561421898194
7834,4272.561422337507
7835,4272.561423001843
7836,4272.561420824009
7837,4272.561423453502
7838,4272.561421361036
7839,4272.561422986553
7840,4277.657100402505
7841,4277.6571004025045
7842,4277.657100402505
7843,4277.657100402507
7844,4277.657100402506
7845,4277.657100402506
7846,4277.657100402505
7847,4277.657100402506
7848,4277.6571004025045
7849,4277.657101066977
7850,4277.657101558672
7851,4277.657093709353
7852,4277.65709933744
7853,4277.657115481852
7854,4277.657094452694
7855,4277.65709390644
7856,4277.657096449134
7857,4277.657099957557
7858,4277.657099689296
7859,4277.657101923376
7860,4277.65709780928
7861,4277.6571063752635
7862,4277.657096347599
7863,4277.657100045247
7864,4277.657101753672
7865,4277.65710873704
7866,4277.657096781624
7867,4277.65710025765
7868,4277.657108953407
7869,4277.657094630253
7870,4277.657100261595
7871,4277.6571032776465
7872,4277.657105207267
7873,4277.657099433718
7874,4277.657102261039
7875,4277.657102749311
7876,4277.657087398866
7877,4277.6571121054985
7878,4277.6571037067
7879,4277.657102571578
7880,4277.657100164394
7881,4277.657103712389
7882,4277.657099338872
7883,4277.657099483798
7884,4277.657108058117
7885,4277.657095045932
7886,4277.657105776507
7887,4277.657106443608
7888,4277.657085316092
7889,4270.651569448156
7890,4270.651569448154
7891,4270.651569448154
7892,4270.651569448156
7893,4270.651569448155
7894,4270.651569448155
7895,4270.651569448157
7896,4270.651569448156
7897,4270.651569448156
7898,4270.651568928944
7899,4270.651572293787
7900,4270.65156707459
7901,4270.65156933371
7902,4270.651575307173
7903,4270.651566995758
7904,4270.651566415356
7905,4270.65156584403
7906,4270.651570428421
7907,4270.6515687315305
7908,4270.65157062564
7909,4270.651567843529
7910,4270.651571321262
7911,4270.651566331081
7912,4270.651570149364
7913,4270.651570252855
7914,4270.651572865985
7915,4270.651569490078
7916,4270.651571847027
7917,4270.651575290975
7918,4270.651566518884
7919,4270.651570037867
7920,4270.6515707384615
7921,4270.651571693201
7922,4270.651568969191
7923,4270.651570944589
7924,4270.651570830966
7925,4270.651564359885
7926,4270.651574120509
7927,4270.651570772863
7928,4270.651569952864
7929,4270.651569129227
7930,4270.651572235393
7931,4270.651569181282
7932,4270.651569483061
7933,4270.651572749081
7934,4270.651567006649
7935,4270.65157226015
7936,4270.651571068162
7937,4270.651565234062
7938,4266.500124593135
7939,4266.500124593135
7940,4266.500124593135
7941,4266.500124593137
7942,4266.500124593138
7943,4266.500124593136
7944,4266.500124593135
7945,4266.500124593136
7946,4266.500124593137
7947,4266.500124359336
7948,4266.5001250484975
7949,4266.500122877311
7950,4266.500124865271
7951,4266.500126891457
7952,4266.500124045862
7953,4266.500122258229
7954,4266.500123821125
7955,4266.500125039419
7956,4266.5001243847355
7957,4266.500124956127
7958,4266.500123625384
7959,4266.50012476547
7960,4266.500122561736
7961,4266.500124828265
7962,4266.500124885933
7963,4266.500125725569
7964,4266.500124717288
7965,4266.500124636321
7966,4266.500127515717
7967,4266.500122240067
7968,4266.500123963776
7969,4266.500125687719
7970,4266.500125051243
7971,4266.500124614785
7972,4266.500125882424
7973,4266.500125184047
7974,4266.500122960135
7975,4266.500126260749
7976,4266.500125759865
7977,4266.500125937561
7978,4266.500123992737
7979,4266.500126572627
7980,4266.500124594876
7981,4266.500124421372
7982,4266.500124878015
7983,4266.5001219951
7984,4266.500125952955
7985,4266.500124475155
7986,4266.500122810799
7987,4263.848573321772
7988,4263.848573321772
7989,4263.848573321772
7990,4263.84857332177
7991,4263.84857332177
7992,4263.848573321772
7993,4263.848573321773
7994,4263.848573321772
7995,4263.848573321772
7996,4263.848573255667
7997,4263.848571739005
7998,4263.848572825057
7999,4263.848573581445
8000,4263.848573388903
8001,4263.848573566586
8002,4263.848572344966
8003,4263.848574824132
8004,4263.848572550267
8005,4263.848574190847
8006,4263.848572963405
8007,4263.84857287511
8008,4263.848572813515
8009,4263.848571908433
8010,4263.848573084906
8011,4263.848573171256
8012,4263.848572799529
8013,4263.848573373782
8014,4263.848571859195
8015,4263.848573815534
8016,4263.8485717045405
8017,4263.848571989349
8018,4263.848574147227
8019,4263.848572354063
8020,4263.848573771796
8021,4263.848573835328
8022,4263.848573194183
8023,4263.848573645008
8024,4263.848573230648
8025,4263.848573466586
8026,4263.848574674878
8027,4263.848573037147
8028,4263.848573845477
8029,4263.848573367381
8030,4263.848572617005
8031,4263.848571908902
8032,4263.84857191325
8033,4263.8485733448315
8034,4263.848572407809
8035,4263.848572886393
8036,4261.974879890662
8037,4261.974879890663
8038,4261.974879890663
8039,4261.974879890661
8040,4261.974879890662
8041,4261.974879890661
8042,4261.97487989066
8043,4261.974879890662
8044,4261.974879890662
8045,4261.974879987071
8046,4261.974876969624
8047,4261.97487999587
8048,4261.9748799120525
8049,4261.974879437223
8050,4261.974880115793
8051,4261.974880043461
8052,4261.974882321576
8053,4261.974878235829
8054,4261.974881479113
8055,4261.974879085397
8056,4261.974879619525
8057,4261.974878706768
8058,4261.974878711785
8059,4261.9748792808505
8060,4261.974879225598
8061,4261.974879061563
8062,4261.974880039525
8063,4261.974878271494
8064,4261.974879187637
8065,4261.974878778491
8066,4261.974878621312
8067,4261.974880412195
8068,4261.974878477129
8069,4261.974880558605
8070,4261.97487946501
8071,4261.974879445898
8072,4261.974880837072
8073,4261.9748793595545
8074,4261.974879363266
8075,4261.974881146683
8076,4261.974879981273
8077,4261.974879321757
8078,4261.974879752406
8079,4261.974878650396
8080,4261.974878416208
8081,4261.974879505898
8082,4261.974879501646
8083,4261.974879252239
8084,4261.9748800066445
8085,4258.986838155082
8086,4258.98683815508
8087,4258.98683815508
8088,4258.9868381550805
8089,4258.98683815508
8090,4258.986838155081
8091,4258.986838155084
8092,4258.9868381550805
8093,4258.986838155082
8094,4258.986837882239
8095,4258.986835986246
8096,4258.986840222919
8097,4258.9868375940905
8098,4258.98683439508
8099,4258.986838762424
8100,4258.986838508123
8101,4258.986838656969
8102,4258.986836212277
8103,4258.9868401769645
8104,4258.98683659939
8105,4258.986838093596
8106,4258.986839084917
8107,4258.98683746529
8108,4258.986837908207
8109,4258.986837931215
8110,4258.986834264105
8111,4258.986837848583
8112,4258.986837881114
8113,4258.986838402343
8114,4258.986838192728
8115,4258.986836023106
8116,4258.986838610137
8117,4258.98683509401
8118,4258.986838758293
8119,4258.986838009035
8120,4258.986837176404
8121,4258.986840097042
8122,4258.98683544407
8123,4258.986836637118
8124,4258.986838242516
8125,4258.986838666755
8126,4258.9868367451745
8127,4258.986838688227
8128,4258.98683662895
8129,4258.986835246426
8130,4258.986838641456
8131,4258.986836018452
8132,4258.986836585141
8133,4258.986838415183
8134,4256.030902526405
8135,4256.030902526407
8136,4256.030902526407
8137,4256.030902526408
8138,4256.030902526407
8139,4256.030902526408
8140,4256.030902526408
8141,4256.030902526409
8142,4256.030902526407
8143,4256.030902535037
8144,4256.0308981661665
8145,4256.030901976047
8146,4256.030901908046
8147,4256.030900379623
8148,4256.0309033754575
8149,4256.030903412254
8150,4256.0309073353055
8151,4256.030900421314
8152,4256.03090419666
8153,4256.030901030604
8154,4256.030902629262
8155,4256.030900766085
8156,4256.030903822043
8157,4256.03090199027
8158,4256.03090126492
8159,4256.030900585843
8160,4256.030902509561
8161,4256.030899900914
8162,4256.03089783154
8163,4256.030903488528
8164,4256.030901827427
8165,4256.0309023474365
8166,4256.030900578647
8167,4256.030903977571
8168,4256.030900162299
8169,4256.030901504516
8170,4256.030904109669
8171,4256.030900696662
8172,4256.030900680702
8173,4256.030903862269
8174,4256.030901622695
8175,4256.030900459001
8176,4256.030902445015
8177,4256.030901057071
8178,4256.030903973382
8179,4256.03090183907
8180,4256.0309015524335
8181,4256.030901958411
8182,4256.030903048867
8183,4252.395290387453
8184,4252.3952903874515
8185,4252.3952903874515
8186,4252.3952903874515
8187,4252.395290387453
8188,4252.395290387453
8189,4252.395290387454
8190,4252.395290387453
8191,4252.3952903874515
8192,4252.395290765042
8193,4252.39528808908
8194,4252.395290762282
8195,4252.395289797062
8196,4252.395289109613
8197,4252.395290441432
8198,4252.395290620946
8199,4252.395290878173
8200,4252.395289573405
8201,4252.395290824327
8202,4252.39528881563
8203,4252.395290024575
8204,4252.395289231575
8205,4252.395290330634
8206,4252.395289348148
8207,4252.395289089008
8208,4252.3952890520495
8209,4252.395290672202
8210,4252.3952912222585
8211,4252.395289868961
8212,4252.395291552349
8213,4252.395290729334
8214,4252.395290649467
8215,4252.395289811709
8216,4252.395290737862
8217,4252.395288173837
8218,4252.395289621756
8219,4252.39529037354
8220,4252.395289275186
8221,4252.395289009303
8222,4252.395290941984
8223,4252.395290311356
8224,4252.39528905334
8225,4252.395290441712
8226,4252.395289559479
8227,4252.395291113844
8228,4252.3952896850205
8229,4252.395289742506
8230,4252.395290495542
8231,4252.395290869549
8232,4249.677842688154
8233,4249.677842688155
8234,4249.677842688155
8235,4249.677842688155
8236,4249.677842688152
8237,4249.677842688154
8238,4249.677842688154
8239,4249.677842688154
8240,4249.677842688153
8241,4249.67784317961
8242,4249.677842494307
8243,4249.677842874493
8244,4249.677841962397
8245,4249.677842301909
8246,4249.677842167926
8247,4249.677841675653
8248,4249.677840468557
8249,4249.677842723358
8250,4249.677842076036
8251,4249.677841255178
8252,4249.677842126134
8253,4249.677843179887
8254,4249.677841738567
8255,4249.6778416501165
8256,4249.677841939288
8257,4249.6778417948935
8258,4249.677842636458
8259,4249.677844817527
8260,4249.677844968726
8261,4249.677843579062
8262,4249.677843428671
8263,4249.677843367029
8264,4249.677843042518
8265,4249.677842111471
8266,4249.677841178243
8267,4249.6778424163485
8268,4249.677841309456
8269,4249.677842317159
8270,4249.67784189984
8271,4249.677842335517
8272,4249.677843060069
8273,4249.677842200948
8274,4249.677842918619
8275,4249.6778424627
8276,4249.677842712918
8277,4249.677841566057
8278,4249.677842400325
8279,4249.677843213707
8280,4249.677841941796
8281,4247.193540866824
8282,4247.193540866823
8283,4247.193540866824
8284,4247.193540866824
8285,4247.193540866822
8286,4247.193540866825
8287,4247.193540866826
8288,4247.193540866824
8289,4247.193540866825
8290,4247.193541461746
8291,4247.193541845045
8292,4247.193541012748
8293,4247.193540306553
8294,4247.193541047462
8295,4247.193540162874
8296,4247.193539542657
8297,4247.193538359875
8298,4247.193541297222
8299,4247.1935397894895
8300,4247.19353960579
8301,4247.193540499812
8302,4247.193541668951
8303,4247.1935394749635
8304,4247.193540244534
8305,4247.193540398154
8306,4247.193540426081
8307,4247.1935408173495
8308,4247.193542813482
8309,4247.19354349845
8310,4247.193541345385
8311,4247.193541637103
8312,4247.1935414592335
8313,4247.193541459278
8314,4247.193539923124
8315,4247.193540137817
8316,4247.193540785681
8317,4247.193539259765
8318,4247.193540801223
8319,4247.1935404304
8320,4247.193539930898
8321,4247.1935413991105
8322,4247.193540994991
8323,4247.193541078958
8324,4247.193540609719
8325,4247.193540437451
8326,4247.1935398438145
8327,4247.1935406849325
8328,4247.193541288126
8329,4247.193540087298
8330,4243.86720141603
8331,4243.867201416029
8332,4243.867201416031
8333,4243.867201416031
8334,4243.867201416031
8335,4243.86720141603
8336,4243.86720141603
8337,4243.867201416031
8338,4243.867201416031
8339,4243.867200690266
8340,4243.867200772866
8341,4243.867201908404
8342,4243.86720089589
8343,4243.867198835774
8344,4243.867203204929
8345,4243.867201353927
8346,4243.8672014075055
8347,4243.867200677281
8348,4243.867200582578
8349,4243.86720070333
8350,4243.867201577343
8351,4243.867201424783
8352,4243.867201801092
8353,4243.867201051354
8354,4243.867201317302
8355,4243.867199647698
8356,4243.867202256349
8357,4243.867200907317
8358,4243.867200746552
8359,4243.867202820488
8360,4243.867202644648
8361,4243.867201266787
8362,4243.867200664058
8363,4243.867200513658
8364,4243.867198944358
8365,4243.867200657178
8366,4243.8672034383635
8367,4243.867198946415
8368,4243.8672013538735
8369,4243.867200171632
8370,4243.867202431676
8371,4243.867200013483
8372,4243.867201609368
8373,4243.867200605612
8374,4243.867203322681
8375,4243.867201856786
8376,4243.867200604746
8377,4243.867200483006
8378,4243.867203751206
8379,4243.103133778918
8380,4243.103133778918
8381,4243.103133778918
8382,4243.103133778917
8383,4243.103133778915
8384,4243.103133778919
8385,4243.103133778918
8386,4243.103133778917
8387,4243.103133778917
8388,4243.103134266154
8389,4243.103135591318
8390,4243.103132850125
8391,4243.103133677846
8392,4243.103134236547
8393,4243.103133974731
8394,4243.103134318618
8395,4243.103130671237
8396,4243.1031348800525
8397,4243.103133460845
8398,4243.103132779913
8399,4243.103134167481
8400,4243.103133707381
8401,4243.1031332034945
8402,4243.103134553755
8403,4243.103133080694
8404,4243.10313401525
8405,4243.103134567091
8406,4243.103137155418
8407,4243.103135855315
8408,4243.103133881633
8409,4243.103133221101
8410,4243.103133665419
8411,4243.103133661687
8412,4243.10313399778
8413,4243.10313605398
8414,4243.1031331314825
8415,4243.103133842246
8416,4243.103133404365
8417,4243.103133906074
8418,4243.103134005809
8419,4243.103133359798
8420,4243.103135348747
8421,4243.1031338652665
8422,4243.103132538779
8423,4243.1031333596475
8424,4243.103133307493
8425,4243.103133484044
8426,4243.103133709212
8427,4243.103135192207
8428,4242.411775577946
8429,4242.411775577947
8430,4242.411775577945
8431,4242.411775577947
8432,4242.411775577948
8433,4242.411775577948
8434,4242.411775577946
8435,4242.411775577947
8436,4242.411775577946
8437,4242.411775547031
8438,4242.411776005524
8439,4242.411774855145
8440,4242.411775472159
8441,4242.411775891928
8442,4242.41177631071
8443,4242.411775469211
8444,4242.41177548589
8445,4242.411775608118
8446,4242.41177528169
8447,4242.411775154648
8448,4242.411775924745
8449,4242.411775820409
8450,4242.4117757555905
8451,4242.411776183902
8452,4242.411775291518
8453,4242.411775702831
8454,4242.411775824219
8455,4242.411775554969
8456,4242.4117751382655
8457,4242.4117757891945
8458,4242.411775416977
8459,4242.41177550381
8460,4242.411775327105
8461,4242.41177572772
8462,4242.4117762918495
8463,4242.411774949131
8464,4242.411775963303
8465,4242.411775173012
8466,4242.4117757556005
8467,4242.411775837304
8468,4242.411775110461
8469,4242.411776065942
8470,4242.411775589409
8471,4242.411774339491
8472,4242.411775123255
8473,4242.411774877994
8474,4242.411775473947
8475,4242.411775237016
8476,4242.411775920514
8477,4242.155410200265
8478,4242.155410200265
8479,4242.15541020026
8480,4242.155410200262
8481,4242.155410200266
8482,4242.155410200264
8483,4242.155410200266
8484,4242.1554102002665
8485,4242.155410200264
8486,4242.155410222585
8487,4242.155409915112
8488,4242.155409771015
8489,4242.15541001838
8490,4242.155410933303
8491,4242.155410503021
8492,4242.1554102858945
8493,4242.155411161586
8494,4242.155409727798
8495,4242.1554100156145
8496,4242.155409915707
8497,4242.155410439929
8498,4242.1554101899155
8499,4242.15541028847
8500,4242.155410357087
8501,4242.155409852606
8502,4242.155410553041
8503,4242.15541029562
8504,4242.155409290796
8505,4242.155408928264
8506,4242.155410386052
8507,4242.155410481091
8508,4242.155410213432
8509,4242.155410121113
8510,4242.155410142274
8511,4242.155409904223
8512,4242.155409584612
8513,4242.15541012297
8514,4242.155410223251
8515,4242.155410181778
8516,4242.155410160769
8517,4242.155410160694
8518,4242.1554100616095
8519,4242.155410097424
8520,4242.155408897072
8521,4242.155409831974
8522,4242.155409994485
8523,4242.155410258552
8524,4242.155410218781
8525,4242.1554101327565
8526,4241.745690785466
8527,4241.745690785466
8528,4241.745690785466
8529,4241.745690785463
8530,4241.745690785464
8531,4241.745690785465
8532,4241.745690785466
8533,4241.745690785465
8534,4241.745690785465
8535,4241.745690808824
8536,4241.745689921277
8537,4241.745690821036
8538,4241.745690622873
8539,4241.7456913677615
8540,4241.745691047274
8541,4241.745691020166
8542,4241.745692566158
8543,4241.745689979396
8544,4241.7456908542945
8545,4241.745690658284
8546,4241.745690991968
8547,4241.745690652829
8548,4241.745690876525
8549,4241.745690597504
8550,4241.745690442263
8551,4241.745691079927
8552,4241.745690801321
8553,4241.745689170639
8554,4241.74568884091
8555,4241.745690952399
8556,4241.745691158048
8557,4241.745690959995
8558,4241.745690769364
8559,4241.745690674861
8560,4241.745690038702
8561,4241.745690212385
8562,4241.745690823126
8563,4241.745690765909
8564,4241.745690631941
8565,4241.745690743793
8566,4241.745690932459
8567,4241.745690253146
8568,4241.745690715823
8569,4241.745689724717
8570,4241.745689911163
8571,4241.74569090274
8572,4241.745690940147
8573,4241.74569076575
8574,4241.745690674741
8575,4241.117996202557
8576,4241.117996202556
8577,4241.117996202556
8578,4241.117996202558
8579,4241.117996202557
8580,4241.11799620256
8581,4241.117996202559
8582,4241.117996202556
8583,4241.117996202556
8584,4241.117996315626
8585,4241.117995311942
8586,4241.117996060196
8587,4241.117995826889
8588,4241.117996889325
8589,4241.117995916946
8590,4241.117996568082
8591,4241.117997398937
8592,4241.117995316439
8593,4241.117996648465
8594,4241.1179961364505
8595,4241.117996278038
8596,4241.117996324223
8597,4241.11799603249
8598,4241.117995727692
8599,4241.1179959855845
8600,4241.11799652458
8601,4241.117996031288
8602,4241.117995188047
8603,4241.117994843416
8604,4241.117996243329
8605,4241.117996465898
8606,4241.117996730888
8607,4241.1179963987215
8608,4241.1179960306745
8609,4241.11799562001
8610,4241.1179959797855
8611,4241.117995920121
8612,4241.117996440139
8613,4241.117995957053
8614,4241.117996086483
8615,4241.11799656156
8616,4241.117995619233
8617,4241.117996243138
8618,4241.117995733029
8619,4241.117995423216
8620,4241.11799668963
8621,4241.117996660158
8622,4241.117996636342
8623,4241.117995512384
8624,4240.756186739268
8625,4240.756186739273
8626,4240.756186739272
8627,4240.75618673927
8628,4240.756186739268
8629,4240.75618673927
8630,4240.75618673927
8631,4240.75618673927
8632,4240.756186739267
8633,4240.756186683435
8634,4240.756186061427
8635,4240.756188880967
8636,4240.756186828719
8637,4240.756184811481
8638,4240.756186907487
8639,4240.756187362777
8640,4240.756187943897
8641,4240.756186443563
8642,4240.756187034752
8643,4240.756186679578
8644,4240.756186857017
8645,4240.75618597672
8646,4240.756186679597
8647,4240.756186545919
8648,4240.75618675032
8649,4240.7561853625075
8650,4240.756187175022
8651,4240.756186148837
8652,4240.75618506289
8653,4240.756187483625
8654,4240.756186909646
8655,4240.756187089384
8656,4240.756186271664
8657,4240.756186463556
8658,4240.756186175368
8659,4240.756186355129
8660,4240.7561877116705
8661,4240.75618505104
8662,4240.756186193412
8663,4240.756186217934
8664,4240.756187119476
8665,4240.756185998115
8666,4240.75618723396
8667,4240.756186686117
8668,4240.756188980188
8669,4240.756187760904
8670,4240.756186333998
8671,4240.756185833768
8672,4240.756188201431
8673,4240.431607858986
8674,4240.4316078589845
8675,4240.4316078589845
8676,4240.431607858986
8677,4240.431607858988
8678,4240.431607858986
8679,4240.431607858986
8680,4240.431607858987
8681,4240.431607858986
8682,4240.43160795335
8683,4240.43160751058
8684,4240.43160821279
8685,4240.431607765464
8686,4240.4316077121375
8687,4240.431607643097
8688,4240.431608066752
8689,4240.431608234514
8690,4240.43160770878
8691,4240.431608129172
8692,4240.43160790794
8693,4240.431607873206
8694,4240.431607554504
8695,4240.431607790024
8696,4240.43160781243
8697,4240.431607853202
8698,4240.4316077222165
8699,4240.431607967483
8700,4240.431607827662
8701,4240.431607076741
8702,4240.431608177533
8703,4240.431607914784
8704,4240.431608344347
8705,4240.431607985143
8706,4240.431607825934
8707,4240.4316080272565
8708,4240.431607813858
8709,4240.431607927507
8710,4240.431607481216
8711,4240.431607748609
8712,4240.431607962292
8713,4240.431607774075
8714,4240.431607745021
8715,4240.431608129084
8716,4240.431607872302
8717,4240.43160887095
8718,4240.431608130521
8719,4240.431608215417
8720,4240.431607874713
8721,4240.431607858492
8722,4240.350433270689
8723,4240.350433270689
8724,4240.350433270691
8725,4240.35043327069
8726,4240.350433270689
8727,4240.350433270691
8728,4240.350433270692
8729,4240.350433270689
8730,4240.350433270689
8731,4240.3504333124865
8732,4240.350433251165
8733,4240.350433233676
8734,4240.350433179805
8735,4240.350433412227
8736,4240.350433109651
8737,4240.350433237874
8738,4240.350433090019
8739,4240.350433255477
8740,4240.350433383666
8741,4240.350433361575
8742,4240.350433268133
8743,4240.350433223449
8744,4240.350433204931
8745,4240.350433384901
8746,4240.350433372794
8747,4240.350433327735
8748,4240.350433360424
8749,4240.350433562966
8750,4240.350433034313
8751,4240.350433534346
8752,4240.350433315382
8753,4240.35043374874
8754,4240.350433496362
8755,4240.350433241339
8756,4240.350433697272
8757,4240.350433299315
8758,4240.350433225586
8759,4240.350433083927
8760,4240.350433372988
8761,4240.350433450307
8762,4240.35043308142
8763,4240.350433391067
8764,4240.350433506437
8765,4240.350433302361
8766,4240.350434042793
8767,4240.350433321688
8768,4240.350433720401
8769,4240.350433378706
8770,4240.350433037459
8771,4240.259601658205
8772,4240.259601658202
8773,4240.259601658206
8774,4240.259601658203
8775,4240.259601658203
8776,4240.259601658201
8777,4240.259601658202
8778,4240.259601658204
8779,4240.259601658202
8780,4240.259601690343
8781,4240.259601824044
8782,4240.259601410902
8783,4240.259601645083
8784,4240.259601983298
8785,4240.259601571488
8786,4240.259601443631
8787,4240.2596012683
8788,4240.2596017532
8789,4240.259601622241
8790,4240.259601780652
8791,4240.2596016767275
8792,4240.25960167032
8793,4240.259601635942
8794,4240.259601891727
8795,4240.259601855299
8796,4240.259601843321
8797,4240.259601767447
8798,4240.259602041608
8799,4240.25960166492
8800,4240.259601884695
8801,4240.2596017001615
8802,4240.259602093516
8803,4240.259601929446
8804,4240.259601640419
8805,4240.259602231645
8806,4240.259601725391
8807,4240.259601567833
8808,4240.259601575704
8809,4240.259601899407
8810,4240.259601911182
8811,4240.259601380998
8812,4240.259601936376
8813,4240.25960185871
8814,4240.259601703186
8815,4240.2596023112455
8816,4240.259601522316
8817,4240.259602106921
8818,4240.259601738834
8819,4240.259601379171
8820,4240.0402682243075
8821,4240.040268224309
8822,4240.040268224308
8823,4240.040268224308
8824,4240.040268224309
8825,4240.0402682243075
8826,4240.040268224308
8827,4240.040268224309
8828,4240.040268224307
8829,4240.04026828353
8830,4240.04026868017
8831,4240.040267976208
8832,4240.040268338925
8833,4240.040268602958
8834,4240.040268234033
8835,4240.040267738319
8836,4240.040267430784
8837,4240.040268344606
8838,4240.040268013732
8839,4240.0402683111415
8840,4240.0402683420625
8841,4240.040268537942
8842,4240.040268182115
8843,4240.040268505906
8844,4240.0402686786365
8845,4240.0402683580405
8846,4240.040268338749
8847,4240.040268759557
8848,4240.040268787192
8849,4240.040268383353
8850,4240.040268242374
8851,4240.0402686043635
8852,4240.04026845874
8853,4240.0402681069645
8854,4240.040268856639
8855,4240.040268361403
8856,4240.040268101024
8857,4240.040268167266
8858,4240.040268525222
8859,4240.040268338516
8860,4240.040268084847
8861,4240.040268557207
8862,4240.04026840185
8863,4240.040268349003
8864,4240.0402688888
8865,4240.040268051153
8866,4240.0402684169185
8867,4240.040268151823
8868,4240.04026796036
8869,4240.022741759203
8870,4240.022741759201
8871,4240.022741759201
8872,4240.022741759202
8873,4240.022741759201
8874,4240.022741759203
8875,4240.022741759201
8876,4240.022741759203
8877,4240.022741759201
8878,4240.022741912786
8879,4240.0227411840915
8880,4240.02273997087
8881,4240.022742102279
8882,4240.02274266566
8883,4240.022742150959
8884,4240.022741621481
8885,4240.022743184958
8886,4240.022741718477
8887,4240.022741518877
8888,4240.022741829483
8889,4240.022742207196
8890,4240.022740679778
8891,4240.022742603937
8892,4240.022741988884
8893,4240.022742081582
8894,4240.022742559883
8895,4240.0227422145135
8896,4240.022740728293
8897,4240.022740198775
8898,4240.022741745854
8899,4240.022741833257
8900,4240.022741647105
8901,4240.02274186514
8902,4240.022742023441
8903,4240.0227419618595
8904,4240.022741912196
8905,4240.022742221825
8906,4240.022741875815
8907,4240.022742190199
8908,4240.022742460103
8909,4240.022741248955
8910,4240.022741982592
8911,4240.022741564731
8912,4240.02274175578
8913,4240.022742038217
8914,4240.022741012269
8915,4240.022741998966
8916,4240.022741674006
8917,4240.022742251832
8918,4239.904779591858
8919,4239.904779591857
8920,4239.904779591857
8921,4239.904779591859
8922,4239.90477959186
8923,4239.904779591859
8924,4239.904779591858
8925,4239.904779591858
8926,4239.904779591858
8927,4239.904779699856
8928,4239.904779533362
8929,4239.904778561346
8930,4239.904779823397
8931,4239.904780240022
8932,4239.904779802249
8933,4239.904779280823
8934,4239.904779907111
8935,4239.904779634985
8936,4239.904779368508
8937,4239.904779669668
8938,4239.904779878306
8939,4239.904779207268
8940,4239.9047799976115
8941,4239.90477985523
8942,4239.9047799795935
8943,4239.904780065734
8944,4239.904779876344
8945,4239.904779347295
8946,4239.904779092096
8947,4239.904779665234
8948,4239.904779631799
8949,4239.904779721858
8950,4239.904779761939
8951,4239.904779674334
8952,4239.904780021226
8953,4239.90477973779
8954,4239.904779769062
8955,4239.904779622694
8956,4239.904779958478
8957,4239.904780011325
8958,4239.9047792557285
8959,4239.90477987627
8960,4239.904779582186
8961,4239.904779652381
8962,4239.9047800632
8963,4239.904779124165
8964,4239.9047798087695
8965,4239.904779511015
8966,4239.904779709084
8967,4239.7060935647105
8968,4239.706093564709
8969,4239.706093564709
8970,4239.7060935647105
8971,4239.706093564711
8972,4239.706093564712
8973,4239.7060935647105
8974,4239.7060935647105
8975,4239.706093564714
8976,4239.706093777982
8977,4239.706093712729
8978,4239.706093583061
8979,4239.706093948974
8980,4239.706093945228
8981,4239.7060936211055
8982,4239.706093170667
8983,4239.706093490228
8984,4239.706093551558
8985,4239.706093335922
8986,4239.706093625543
8987,4239.706093846199
8988,4239.706093514913
8989,4239.7060937584865
8990,4239.706093730651
8991,4239.706094141491
8992,4239.70609365792
8993,4239.706093787311
8994,4239.706093597485
8995,4239.706093646848
8996,4239.706093626334
8997,4239.706093566974
8998,4239.706093671766
8999,4239.706093636203
9000,4239.706093482314
9001,4239.7060938748145
9002,4239.706093663797
9003,4239.706093516508
9004,4239.706093483813
9005,4239.70609372374
9006,4239.706093649509
9007,4239.706093553723
9008,4239.706093676756
9009,4239.7060936183425
9010,4239.7060935806185
9011,4239.70609437908
9012,4239.706093436962
9013,4239.706093345937
9014,4239.706093305907
9015,4239.706093716892
9016,4239.542706545284
9017,4239.542706545287
9018,4239.542706545285
9019,4239.542706545283
9020,4239.542706545284
9021,4239.542706545283
9022,4239.542706545284
9023,4239.542706545285
9024,4239.542706545286
9025,4239.542706687913
9026,4239.542706486214
9027,4239.542706904043
9028,4239.542706803783
9029,4239.542706372577
9030,4239.542706677542
9031,4239.542706296016
9032,4239.542706606414
9033,4239.542706261044
9034,4239.5427064984915
9035,4239.542706525274
9036,4239.542706862842
9037,4239.542706714886
9038,4239.54270674411
9039,4239.542706488561
9040,4239.542707170749
9041,4239.542706216415
9042,4239.542706748947
9043,4239.542706406384
9044,4239.542706545899
9045,4239.542706625894
9046,4239.542706527948
9047,4239.5427066071
9048,4239.542706423838
9049,4239.542706351943
9050,4239.542706483301
9051,4239.542706654591
9052,4239.542706793466
9053,4239.542706107362
9054,4239.542706504681
9055,4239.542706328967
9056,4239.542706843161
9057,4239.542706283217
9058,4239.542706642624
9059,4239.542706587204
9060,4239.5427076989745
9061,4239.5427067419805
9062,4239.542706104225
9063,4239.5427062284325
9064,4239.542706859241
9065,4239.356287441446
9066,4239.356287441446
9067,4239.356287441446
9068,4239.356287441447
9069,4239.356287441446
9070,4239.356287441446
9071,4239.356287441445
9072,4239.356287441446
9073,4239.356287441446
9074,4239.356287707528
9075,4239.356287322804
9076,4239.356288281408
9077,4239.356287606536
9078,4239.356287247377
9079,4239.356287268799
9080,4239.3562875857915
9081,4239.356287241111
9082,4239.356287178953
9083,4239.356287585952
9084,4239.356287340615
9085,4239.356287632594
9086,4239.35628751278
9087,4239.356287365784
9088,4239.356287125262
9089,4239.356287797792
9090,4239.356287085139
9091,4239.356287678477
9092,4239.356287794414
9093,4239.356287700934
9094,4239.356287465358
9095,4239.35628746949
9096,4239.356287418298
9097,4239.356287409835
9098,4239.356287235267
9099,4239.356287231822
9100,4239.356287484479
9101,4239.35628747675
9102,4239.356287062727
9103,4239.356287178811
9104,4239.356287107739
9105,4239.356287890878
9106,4239.356287061537
9107,4239.356287520857
9108,4239.356287304995
9109,4239.356288529917
9110,4239.356287936251
9111,4239.356286982593
9112,4239.356287422925
9113,4239.356287877568
9114,4239.311396651938
9115,4239.311396651938
9116,4239.311396651938
9117,4239.311396651937
9118,4239.311396651937
9119,4239.3113966519395
9120,4239.311396651939
9121,4239.3113966519395
9122,4239.311396651939
9123,4239.3113964799095
9124,4239.311395693404
9125,4239.311397203815
9126,4239.311396491945
9127,4239.311396033523
9128,4239.311396591908
9129,4239.3113965809
9130,4239.311398366424
9131,4239.311395811039
9132,4239.3113970378545
9133,4239.311396825267
9134,4239.311396703879
9135,4239.311397202266
9136,4239.3113972316705
9137,4239.311396337737
9138,4239.311397176224
9139,4239.311395868063
9140,4239.311396281358
9141,4239.311394953027
9142,4239.3113951751075
9143,4239.311396718434
9144,4239.311396581582
9145,4239.31139660379
9146,4239.311396359289
9147,4239.311396626341
9148,4239.311395687054
9149,4239.3113966557285
9150,4239.3113966952305
9151,4239.311396125877
9152,4239.3113962757125
9153,4239.311396421716
9154,4239.311396743516
9155,4239.311395681331
9156,4239.311396771417
9157,4239.311396369713
9158,4239.311398173632
9159,4239.311396572285
9160,4239.311396330724
9161,4239.311396739639
9162,4239.311395794581
9163,4239.140838857495
9164,4239.140838857493
9165,4239.140838857493
9166,4239.140838857494
9167,4239.140838857493
9168,4239.1408388574955
9169,4239.1408388574955
9170,4239.140838857494
9171,4239.1408388574955
9172,4239.140838869924
9173,4239.140838536699
9174,4239.140839180149
9175,4239.1408387578595
9176,4239.140838578238
9177,4239.140838675431
9178,4239.140839031703
9179,4239.140839205361
9180,4239.140838539944
9181,4239.140839153121
9182,4239.140838856828
9183,4239.140838897012
9184,4239.14083918003
9185,4239.140839018936
9186,4239.140838609293
9187,4239.14083913053
9188,4239.140838448729
9189,4239.1408388289055
9190,4239.1408386423445
9191,4239.140838551193
9192,4239.140838853237
9193,4239.140838786835
9194,4239.140838767756
9195,4239.140838810096
9196,4239.140838857699
9197,4239.140838554648
9198,4239.140838890796
9199,4239.14083885094
9200,4239.140838498155
9201,4239.140838604118
9202,4239.140838709081
9203,4239.140838912301
9204,4239.140838421628
9205,4239.140838938106
9206,4239.140838614472
9207,4239.1408398894755
9208,4239.140838889928
9209,4239.140838646235
9210,4239.140839109647
9211,4239.140838613243
9212,4239.064800580108
9213,4239.064800580107
9214,4239.064800580107
9215,4239.064800580109
9216,4239.064800580108
9217,4239.064800580106
9218,4239.064800580106
9219,4239.064800580106
9220,4239.064800580106
9221,4239.064800613829
9222,4239.064800601629
9223,4239.064800571028
9224,4239.064800509012
9225,4239.064800607128
9226,4239.06480035982
9227,4239.064800764887
9228,4239.064800360931
9229,4239.06480059013
9230,4239.064800752418
9231,4239.064800559539
9232,4239.064800563775
9233,4239.064800810826
9234,4239.064800596508
9235,4239.064800450103
9236,4239.064800736155
9237,4239.064800474013
9238,4239.064800669446
9239,4239.064800930184
9240,4239.064800768485
9241,4239.064800529737
9242,4239.064800537586
9243,4239.064800458638
9244,4239.064800718528
9245,4239.064800635705
9246,4239.064800634483
9247,4239.064800640077
9248,4239.064800481303
9249,4239.064800404126
9250,4239.064800487648
9251,4239.064800570246
9252,4239.064800454607
9253,4239.064800487601
9254,4239.064800618728
9255,4239.064800353532
9256,4239.064801276477
9257,4239.064800451382
9258,4239.064800537084
9259,4239.064800959068
9260,4239.06480043724
9261,4239.003310160806
9262,4239.003310160807
9263,4239.003310160807
9264,4239.003310160808
9265,4239.003310160808
9266,4239.003310160807
9267,4239.003310160808
9268,4239.003310160807
9269,4239.003310160809
9270,4239.0033101035415
9271,4239.003310342483
9272,4239.003309969363
9273,4239.003310126361
9274,4239.003310255146
9275,4239.003310030608
9276,4239.0033103010655
9277,4239.003309815769
9278,4239.003310398026
9279,4239.003310188239
9280,4239.003310171916
9281,4239.003310085892
9282,4239.003310292359
9283,4239.003310136027
9284,4239.00331013563
9285,4239.0033102480475
9286,4239.003310199256
9287,4239.003310339937
9288,4239.003310589128
9289,4239.003310463725
9290,4239.003310117015
9291,4239.003310206988
9292,4239.003309983418
9293,4239.003310401576
9294,4239.003310231962
9295,4239.003310323851
9296,4239.003310222557
9297,4239.003310134457
9298,4239.003309999115
9299,4239.003310220195
9300,4239.003310218269
9301,4239.003309877235
9302,4239.003310236277
9303,4239.003310170499
9304,4239.00330996007
9305,4239.003310736205
9306,4239.003309879552
9307,4239.0033102356865
9308,4239.003310530454
9309,4239.003310141426
9310,4238.923074456378
9311,4238.923074456376
9312,4238.923074456376
9313,4238.923074456376
9314,4238.9230744563765
9315,4238.923074456377
9316,4238.923074456377
9317,4238.923074456377
9318,4238.9230744563765
9319,4238.923074452554
9320,4238.923074588904
9321,4238.923074253931
9322,4238.923074496364
9323,4238.923074847118
9324,4238.923074242439
9325,4238.923074582502
9326,4238.923074403994
9327,4238.923074762084
9328,4238.923074393795
9329,4238.923074439473
9330,4238.923074373298
9331,4238.923074411595
9332,4238.923074219805
9333,4238.923074330548
9334,4238.923074460212
9335,4238.923074738738
9336,4238.923074647089
9337,4238.923074576508
9338,4238.9230746513
9339,4238.923074309647
9340,4238.923074656521
9341,4238.923074312122
9342,4238.923074831456
9343,4238.923074416209
9344,4238.923074516537
9345,4238.923074534735
9346,4238.923074328877
9347,4238.92307449867
9348,4238.923074518068
9349,4238.923074383099
9350,4238.923074279659
9351,4238.923074521176
9352,4238.923074408619
9353,4238.923074352746
9354,4238.923074885109
9355,4238.923074320474
9356,4238.923074589534
9357,4238.9230748033015
9358,4238.923074492852
9359,4238.858312789418
9360,4238.858312789419
9361,4238.858312789419
9362,4238.858312789419
9363,4238.858312789418
9364,4238.858312789418
9365,4238.858312789418
9366,4238.858312789418
9367,4238.858312789417
9368,4238.858312488798
9369,4238.8583130822135
9370,4238.8583126400445
9371,4238.8583128934615
9372,4238.858312231756
9373,4238.858313166856
9374,4238.858312809046
9375,4238.858312854271
9376,4238.858313235953
9377,4238.858312827229
9378,4238.8583126103285
9379,4238.858312876443
9380,4238.858313089407
9381,4238.858312754866
9382,4238.858312991997
9383,4238.858312917311
9384,4238.858312404179
9385,4238.858312971063
9386,4238.858312574311
9387,4238.85831285988
9388,4238.8583127189595
9389,4238.858312542839
9390,4238.858312598046
9391,4238.8583126772055
9392,4238.85831288524
9393,4238.858313332838
9394,4238.858312738242
9395,4238.8583134942655
9396,4238.858312093022
9397,4238.858312827374
9398,4238.858312665266
9399,4238.858312395063
9400,4238.858312915667
9401,4238.858312892642
9402,4238.858312911754
9403,4238.858313837483
9404,4238.858312593686
9405,4238.858312510116
9406,4238.858312422489
9407,4238.8583132339645
9408,4238.773447298658
9409,4238.773447298658
9410,4238.773447298657
9411,4238.773447298657
9412,4238.773447298658
9413,4238.773447298658
9414,4238.773447298657
9415,4238.7734472986585
9416,4238.7734472986585
9417,4238.773447205163
9418,4238.7734473281935
9419,4238.773447236608
9420,4238.773447458414
9421,4238.7734475151665
9422,4238.773447347353
9423,4238.773447221374
9424,4238.773447618169
9425,4238.773447567783
9426,4238.7734473052415
9427,4238.773447175635
9428,4238.7734473051205
9429,4238.773447479197
9430,4238.773447144971
9431,4238.773447288993
9432,4238.773447381991
9433,4238.773447366159
9434,4238.77344732406
9435,4238.773446858866
9436,4238.773447318526
9437,4238.773447119507
9438,4238.7734472523425
9439,4238.773447230015
9440,4238.773447431853
9441,4238.773447306895
9442,4238.77344753032
9443,4238.773447259702
9444,4238.773447401524
9445,4238.773447214204
9446,4238.7734472926795
9447,4238.773447168235
9448,4238.773447072053
9449,4238.773447278051
9450,4238.77344729935
9451,4238.773447385633
9452,4238.773448068998
9453,4238.773447238764
9454,4238.773447165117
9455,4238.773447204035
9456,4238.773447268983
9457,4238.709538363646
9458,4238.709538363644
9459,4238.7095383636415
9460,4238.709538363644
9461,4238.709538363643
9462,4238.709538363646
9463,4238.709538363645
9464,4238.709538363645
9465,4238.709538363644
9466,4238.7095383622045
9467,4238.709538107097
9468,4238.709538492734
9469,4238.709538564049
9470,4238.709538784254
9471,4238.709538350398
9472,4238.709538327133
9473,4238.709538830009
9474,4238.7095384606255
9475,4238.709538408669
9476,4238.7095382333555
9477,4238.709538348133
9478,4238.709538350883
9479,4238.709538239662
9480,4238.709538208785
9481,4238.709538394754
9482,4238.709538530991
9483,4238.709538375035
9484,4238.7095378682325
9485,4238.70953827143
9486,4238.709538210194
9487,4238.709538409312
9488,4238.709538358891
9489,4238.709538519002
9490,4238.709538338721
9491,4238.709538331563
9492,4238.709538262568
9493,4238.709538323394
9494,4238.709538445403
9495,4238.709538291135
9496,4238.70953822958
9497,4238.709538290039
9498,4238.709538152645
9499,4238.709538327801
9500,4238.709538430321
9501,4238.709539162026
9502,4238.709538507871
9503,4238.70953822304
9504,4238.709538318286
9505,4238.7095383324895
9506,4238.63991797302
9507,4238.63991797302
9508,4238.639917973018
9509,4238.639917973018
9510,4238.639917973019
9511,4238.639917973018
9512,4238.639917973018
9513,4238.639917973019
9514,4238.63991797302
9515,4238.639918015913
9516,4238.639917860528
9517,4238.639917991049
9518,4238.639918059052
9519,4238.639918750532
9520,4238.6399177007015
9521,4238.639917750801
9522,4238.639917715072
9523,4238.639917957616
9524,4238.639918079286
9525,4238.639917853488
9526,4238.639917823003
9527,4238.639918338435
9528,4238.639917815879
9529,4238.639917820263
9530,4238.639918101404
9531,4238.639918178476
9532,4238.639917720545
9533,4238.639918039393
9534,4238.639918579487
9535,4238.639917782469
9536,4238.639917878741
9537,4238.639918197082
9538,4238.6399181687375
9539,4238.639917957701
9540,4238.639918059753
9541,4238.639917878705
9542,4238.639917391874
9543,4238.63991843905
9544,4238.639917899832
9545,4238.639917847828
9546,4238.639917953017
9547,4238.639917800928
9548,4238.639917983766
9549,4238.639918094851
9550,4238.639918656093
9551,4238.639918107763
9552,4238.639917908419
9553,4238.639918158023
9554,4238.639917220798
9555,4238.570081448507
9556,4238.570081448506
9557,4238.570081448505
9558,4238.570081448507
9559,4238.570081448508
9560,4238.570081448506
9561,4238.570081448507
9562,4238.570081448507
9563,4238.570081448507
9564,4238.57008137853
9565,4238.570081030287
9566,4238.57008148213
9567,4238.570081594751
9568,4238.570081803194
9569,4238.570081513101
9570,4238.5700814615575
9571,4238.570081434663
9572,4238.570081377348
9573,4238.570081521907
9574,4238.570081302706
9575,4238.570081348019
9576,4238.570081164528
9577,4238.570081546199
9578,4238.570081260698
9579,4238.570081461904
9580,4238.570081499166
9581,4238.570081506338
9582,4238.570081512308
9583,4238.570081627682
9584,4238.570081446784
9585,4238.570081470535
9586,4238.570081577789
9587,4238.57008146972
9588,4238.570081453328
9589,4238.570081223403
9590,4238.570081249872
9591,4238.570081416778
9592,4238.570081546364
9593,4238.570081396555
9594,4238.570081346438
9595,4238.5700815010305
9596,4238.57008110895
9597,4238.570081446059
9598,4238.570081598327
9599,4238.570082398195
9600,4238.570081752967
9601,4238.570081329866
9602,4238.570081390327
9603,4238.570081563166
9604,4238.524983328137
9605,4238.52498332814
9606,4238.524983328139
9607,4238.524983328139
9608,4238.52498332814
9609,4238.524983328139
9610,4238.524983328138
9611,4238.524983328137
9612,4238.524983328139
9613,4238.524983159526
9614,4238.524983087671
9615,4238.524983229226
9616,4238.524983433308
9617,4238.524983480104
9618,4238.524983440614
9619,4238.52498335171
9620,4238.524983189195
9621,4238.524983351046
9622,4238.524983371553
9623,4238.524983223871
9624,4238.524983218462
9625,4238.524983036143
9626,4238.524983491223
9627,4238.524983273421
9628,4238.524983364315
9629,4238.52498325406
9630,4238.524983411241
9631,4238.5249835231125
9632,4238.524983526382
9633,4238.524983354068
9634,4238.524983266181
9635,4238.52498341578
9636,4238.524983279564
9637,4238.524983390114
9638,4238.524983241013
9639,4238.524983139232
9640,4238.524983391389
9641,4238.524983288595
9642,4238.524983322197
9643,4238.52498325605
9644,4238.524983255114
9645,4238.524983116515
9646,4238.524983367984
9647,4238.5249834576725
9648,4238.524984306424
9649,4238.524983473186
9650,4238.52498323894
9651,4238.524983211723
9652,4238.52498350236
9653,4238.451640535041
9654,4238.451640535042
9655,4238.451640535042
9656,4238.451640535043
9657,4238.451640535043
9658,4238.451640535041
9659,4238.451640535042
9660,4238.451640535042
9661,4238.451640535041
9662,4238.451640257552
9663,4238.451640657494
9664,4238.451640313633
9665,4238.451640546524
9666,4238.451640427499
9667,4238.4516406002995
9668,4238.451640572025
9669,4238.4516402493055
9670,4238.451640674122
9671,4238.4516405289005
9672,4238.45164054784
9673,4238.451640431161
9674,4238.451640259605
9675,4238.451640695262
9676,4238.451640659528
9677,4238.451640610729
9678,4238.451640301568
9679,4238.451640619362
9680,4238.451640877052
9681,4238.45164074807
9682,4238.451640527576
9683,4238.451640343162
9684,4238.451640554055
9685,4238.451640419248
9686,4238.4516406318835
9687,4238.451640667961
9688,4238.451640429587
9689,4238.451640644526
9690,4238.451640340418
9691,4238.451640576769
9692,4238.45164043461
9693,4238.4516403408115
9694,4238.451640554591
9695,4238.451640647619
9696,4238.4516405822715
9697,4238.451641503007
9698,4238.451640454544
9699,4238.451640547871
9700,4238.451640355957
9701,4238.451640715195
9702,4238.393853680158
9703,4238.393853680159
9704,4238.39385368016
9705,4238.393853680161
9706,4238.39385368016
9707,4238.393853680159
9708,4238.393853680158
9709,4238.39385368016
9710,4238.393853680158
9711,4238.393853351634
9712,4238.39385369887
9713,4238.393853340203
9714,4238.393853597868
9715,4238.393853573432
9716,4238.393853778909
9717,4238.393853657134
9718,4238.393853887092
9719,4238.393853648466
9720,4238.39385370624
9721,4238.393853841964
9722,4238.393853632991
9723,4238.3938534291065
9724,4238.393853994415
9725,4238.393853831822
9726,4238.393853755691
9727,4238.393853487599
9728,4238.393853652361
9729,4238.393853521778
9730,4238.393853406124
9731,4238.393853617089
9732,4238.393853447808
9733,4238.393853639172
9734,4238.39385355295
9735,4238.3938538222965
9736,4238.393853715217
9737,4238.393853663944
9738,4238.393853831904
9739,4238.393853496732
9740,4238.393853741963
9741,4238.393853671656
9742,4238.393853411542
9743,4238.393853667078
9744,4238.393853785221
9745,4238.393853610056
9746,4238.393854671455
9747,4238.393853389342
9748,4238.393853855385
9749,4238.393853508536
9750,4238.39385362414
9751,4238.349488801743
9752,4238.349488801742
9753,4238.349488801742
9754,4238.349488801743
9755,4238.349488801745
9756,4238.349488801744
9757,4238.349488801743
9758,4238.349488801743
9759,4238.349488801742
9760,4238.349488674959
9761,4238.349489397065
9762,4238.349488884599
9763,4238.349488689836
9764,4238.349488798532
9765,4238.349488726019
9766,4238.349488854156
9767,4238.349488191212
9768,4238.3494889144895
9769,4238.349488804699
9770,4238.349488991047
9771,4238.349488870473
9772,4238.349488736962
9773,4238.349488593499
9774,4238.34948888997
9775,4238.349488743689
9776,4238.349488778095
9777,4238.349488880271
9778,4238.349489367307
9779,4238.349489339011
9780,4238.349488547338
9781,4238.349488556174
9782,4238.3494887195975
9783,4238.349488883051
9784,4238.349488776388
9785,4238.349489215761
9786,4238.3494889803505
9787,4238.349488892219
9788,4238.349488671512
9789,4238.349488866837
9790,4238.349488638154
9791,4238.3494888044615
9792,4238.349489089645
9793,4238.349488934163
9794,4238.34948864926
9795,4238.349489641503
9796,4238.34948874903
9797,4238.349489083091
9798,4238.34948863487
9799,4238.349489007089
9800,4238.305182165577
9801,4238.305182165577
9802,4238.305182165577
9803,4238.305182165577
9804,4238.305182165578
9805,4238.305182165575
9806,4238.305182165577
9807,4238.305182165576
9808,4238.305182165575
9809,4238.305182031483
9810,4238.305182308252
9811,4238.305182306272
9812,4238.305182051315
9813,4238.305182191371
9814,4238.305182168015
9815,4238.305182161004
9816,4238.305182271943
9817,4238.30518201227
9818,4238.305182229282
9819,4238.305182377432
9820,4238.305182264967
9821,4238.305182121408
9822,4238.305182157798
9823,4238.305182147063
9824,4238.305182129841
9825,4238.3051821233075
9826,4238.305182110594
9827,4238.305182018449
9828,4238.3051820997935
9829,4238.3051819593375
9830,4238.30518198836
9831,4238.305182110841
9832,4238.305182197084
9833,4238.305182148107
9834,4238.305182210124
9835,4238.30518229868
9836,4238.305182251223
9837,4238.305182067448
9838,4238.305182162933
9839,4238.305182059491
9840,4238.305182200509
9841,4238.3051821551235
9842,4238.305182262661
9843,4238.30518200137
9844,4238.30518316947
9845,4238.305182106644
9846,4238.30518240575
9847,4238.3051819942975
9848,4238.30518213392
9849,4238.2788328469915
9850,4238.278832846993
9851,4238.27883284699
9852,4238.278832846989
9853,4238.278832846991
9854,4238.2788328469915
9855,4238.27883284699
9856,4238.278832846991
9857,4238.2788328469915
9858,4238.278832769644
9859,4238.278832752786
9860,4238.27883306057
9861,4238.278832766816
9862,4238.278832977774
9863,4238.278832884771
9864,4238.278832836776
9865,4238.278833182493
9866,4238.278832594792
9867,4238.278832937947
9868,4238.278833007581
9869,4238.278832970594
9870,4238.278832831627
9871,4238.278832868593
9872,4238.278832728361
9873,4238.278832787032
9874,4238.278832858819
9875,4238.278832753041
9876,4238.278832471925
9877,4238.27883263384
9878,4238.278832677095
9879,4238.278832746984
9880,4238.278832833935
9881,4238.2788329015375
9882,4238.278832815648
9883,4238.2788327198605
9884,4238.278832937973
9885,4238.278832890531
9886,4238.278832818312
9887,4238.278832798068
9888,4238.278832779719
9889,4238.278832942897
9890,4238.27883268404
9891,4238.2788329088335
9892,4238.278832724103
9893,4238.27883390793
9894,4238.278832867758
9895,4238.278833025515
9896,4238.278832696795
9897,4238.278832755585
9898,4238.24176955287
9899,4238.241769552871
9900,4238.241769552869
9901,4238.24176955287
9902,4238.241769552869
9903,4238.24176955287
9904,4238.241769552869
9905,4238.241769552871
9906,4238.241769552869
9907,4238.24176954042
9908,4238.241769329105
9909,4238.241769677261
9910,4238.241769502338
9911,4238.241769840087
9912,4238.2417696111515
9913,4238.241769568086
9914,4238.241769921138
9915,4238.241769309992
9916,4238.241769629992
9917,4238.241769634535
9918,4238.24176969046
9919,4238.241769555065
9920,4238.241769586676
9921,4238.241769384268
9922,4238.241769440119
9923,4238.241769670268
9924,4238.241769454461
9925,4238.241769169968
9926,4238.241769332895
9927,4238.241769449338
9928,4238.241769539136
9929,4238.241769586867
9930,4238.241769668846
9931,4238.2417695452805
9932,4238.2417693572625
9933,4238.241769602659
9934,4238.241769502738
9935,4238.241769629424
9936,4238.241769494479
9937,4238.241769599574
9938,4238.241769632931
9939,4238.241769349548
9940,4238.241769573451
9941,4238.241769501188
9942,4238.241770584616
9943,4238.241769565547
9944,4238.24176969852
9945,4238.241769481973
9946,4238.241769425154
9947,4238.222987220558
9948,4238.222987220558
9949,4238.222987220556
9950,4238.222987220557
9951,4238.222987220556
9952,4238.222987220557
9953,4238.222987220559
9954,4238.222987220556
9955,4238.222987220557
9956,4238.222987099057
9957,4238.222987084174
9958,4238.22298785821
9959,4238.222987210027
9960,4238.222986642811
9961,4238.222987463978
9962,4238.222987251324
9963,4238.22298742088
9964,4238.222987015773
9965,4238.222987246776
9966,4238.2229871220015
9967,4238.222987413461
9968,4238.222987577985
9969,4238.222987232051
9970,4238.222987157356
9971,4238.222987243694
9972,4238.222986595146
9973,4238.22298712357
9974,4238.222986872234
9975,4238.222987129604
9976,4238.222987398623
9977,4238.222987160171
9978,4238.222987335797
9979,4238.222986997335
9980,4238.222987117372
9981,4238.222986983392
9982,4238.222987122407
9983,4238.222987393228
9984,4238.222986724819
9985,4238.222987047483
9986,4238.222987059143
9987,4238.222987443991
9988,4238.2229868701215
9989,4238.222987367775
9990,4238.222987323897
9991,4238.222988842645
9992,4238.222987416646
9993,4238.222986873446
9994,4238.222986843472
9995,4238.222987332992
9996,4238.182773392389
9997,4238.182773392389
9998,4238.182773392387
9999,4238.18277339239
10000,4238.182773392388
10001,4238.182773392389
10002,4238.182773392388
10003,4238.182773392389
10004,4238.182773392388
10005,4238.182773375212
10006,4238.182773292083
10007,4238.182773435459
10008,4238.182773371023
10009,4238.18277348262
10010,4238.182773444688
10011,4238.182773487998
10012,4238.182773486935
10013,4238.18277334535
10014,4238.182773334971
10015,4238.182773320661
10016,4238.182773507597
10017,4238.182773438872
10018,4238.182773378954
10019,4238.182773334548
10020,4238.182773267516
10021,4238.182773331755
10022,4238.182773352699
10023,4238.182773304001
10024,4238.182773361797
10025,4238.182773498077
10026,4238.182773464811
10027,4238.182773486408
10028,4238.182773445897
10029,4238.182773389239
10030,4238.182773242797
10031,4238.18277335811
10032,4238.182773252687
10033,4238.182773359216
10034,4238.18277334368
10035,4238.18277347552
10036,4238.182773424971
10037,4238.182773267892
10038,4238.1827734191875
10039,4238.182773472577
10040,4238.182774478668
10041,4238.182773365103
10042,4238.182773368917
10043,4238.182773375098
10044,4238.182773373228
10045,4238.175235067423
10046,4238.175235067423
10047,4238.175235067423
10048,4238.175235067424
10049,4238.175235067423
10050,4238.175235067422
10051,4238.175235067421
10052,4238.175235067422
10053,4238.175235067423
10054,4238.1752350288325
10055,4238.175235069377
10056,4238.175235026251
10057,4238.175235031096
10058,4238.175235151966
10059,4238.17523508818
10060,4238.175235159529
10061,4238.175235069646
10062,4238.175235073775
10063,4238.175234987687
10064,4238.175235014301
10065,4238.175235160727
10066,4238.175235081704
10067,4238.175235045386
10068,4238.175235069721
10069,4238.175234949891
10070,4238.175235016387
10071,4238.1752350448405
10072,4238.175235074978
10073,4238.17523509246
10074,4238.1752351554715
10075,4238.175235111764
10076,4238.175235138146
10077,4238.175235116375
10078,4238.175235077786
10079,4238.17523500559
10080,4238.175235056679
10081,4238.175234929265
10082,4238.175235032846
10083,4238.175235052778
10084,4238.175235144834
10085,4238.175235054868
10086,4238.1752350239085
10087,4238.175235096175
10088,4238.1752351271225
10089,4238.175236083197
10090,4238.175234990738
10091,4238.175235087635
10092,4238.175235077357
10093,4238.1752350498755
10094,4238.163114292974
10095,4238.163114292973
10096,4238.163114292975
10097,4238.163114292974
10098,4238.163114292974
10099,4238.163114292975
10100,4238.163114292973
10101,4238.163114292975
10102,4238.163114292974
10103,4238.16311422359
10104,4238.163114405832
10105,4238.1631141991165
10106,4238.163114246451
10107,4238.163114322119
10108,4238.163114284502
10109,4238.163114362947
10110,4238.1631142018505
10111,4238.163114351434
10112,4238.163114181622
10113,4238.163114249873
10114,4238.163114354341
10115,4238.163114280571
10116,4238.163114259051
10117,4238.163114384605
10118,4238.16311419693
10119,4238.163114217697
10120,4238.163114292083
10121,4238.163114378187
10122,4238.163114376213
10123,4238.163114368673
10124,4238.163114301847
10125,4238.1631143265395
10126,4238.1631143024515
10127,4238.163114304364
10128,4238.163114333844
10129,4238.163114308686
10130,4238.163114193123
10131,4238.163114222457
10132,4238.163114319394
10133,4238.163114329842
10134,4238.163114247736
10135,4238.163114325688
10136,4238.163114318204
10137,4238.163114325102
10138,4238.163115243548
10139,4238.163114198186
10140,4238.163114334355
10141,4238.163114334212
10142,4238.163114288029
10143,4238.145923379618
10144,4238.145923379617
10145,4238.145923379619
10146,4238.145923379617
10147,4238.145923379619
10148,4238.145923379618
10149,4238.145923379619
10150,4238.1459233796195
10151,4238.1459233796195
10152,4238.145923300586
10153,4238.145923535366
10154,4238.145923282438
10155,4238.145923339221
10156,4238.145923380783
10157,4238.145923359566
10158,4238.145923403247
10159,4238.145923245674
10160,4238.145923451189
10161,4238.1459232554835
10162,4238.145923338495
10163,4238.145923404903
10164,4238.145923344079
10165,4238.145923344228
10166,4238.14592354384
10167,4238.1459233052965
10168,4238.145923304573
10169,4238.145923397281
10170,4238.145923479205
10171,4238.145923495122
10172,4238.145923430932
10173,4238.14592335393
10174,4238.145923364443
10175,4238.145923339553
10176,4238.145923384274
10177,4238.145923504515
10178,4238.14592342054
10179,4238.145923352431
10180,4238.145923284932
10181,4238.145923437909
10182,4238.1459233646365
10183,4238.145923330555
10184,4238.145923449711
10185,4238.145923381856
10186,4238.1459233732985
10187,4238.145924266482
10188,4238.1459233266005
10189,4238.145923424192
10190,4238.1459234639515
10191,4238.1459233897385
10192,4238.119512744523
10193,4238.119512744522
10194,4238.119512744522
10195,4238.119512744524
10196,4238.119512744523
10197,4238.119512744523
10198,4238.119512744522
10199,4238.119512744522
10200,4238.119512744522
10201,4238.1195127023075
10202,4238.119512917707
10203,4238.119512647807
10204,4238.119512709512
10205,4238.119512787691
10206,4238.119512676332
10207,4238.119512705678
10208,4238.119512530837
10209,4238.1195128140025
10210,4238.119512642705
10211,4238.119512723171
10212,4238.119512708433
10213,4238.119512766837
10214,4238.119512713304
10215,4238.119512925566
10216,4238.119512713478
10217,4238.119512679443
10218,4238.119512730626
10219,4238.119512897899
10220,4238.119512932441
10221,4238.11951274754
10222,4238.119512662133
10223,4238.119512715911
10224,4238.119512681199
10225,4238.119512754832
10226,4238.119512942037
10227,4238.119512800327
10228,4238.119512685891
10229,4238.119512697042
10230,4238.11951278417
10231,4238.119512698934
10232,4238.11951269983
10233,4238.119512863552
10234,4238.119512735614
10235,4238.119512708692
10236,4238.11951358933
10237,4238.119512722259
10238,4238.119512775443
10239,4238.119512887549
10240,4238.1195126689945
10241,4238.397369375111
10242,4238.3973693751095
10243,4238.3973693751095
10244,4238.39736937511
10245,4238.3973693751095
10246,4238.3973693751095
10247,4238.397369375111
10248,4238.3973693751095
10249,4238.397369375109
10250,4238.397369160645
10251,4238.397368368881
10252,4238.397369645467
10253,4238.39736953542
10254,4238.397368481899
10255,4238.39737023032
10256,4238.397369857966
10257,4238.397371295355
10258,4238.397369135264
10259,4238.397369264481
10260,4238.397369537301
10261,4238.397369557746
10262,4238.397367851661
10263,4238.397369832484
10264,4238.397369143608
10265,4238.397368980873
10266,4238.397369328789
10267,4238.397370157824
10268,4238.397367949429
10269,4238.39736732974
10270,4238.397369507637
10271,4238.397369862314
10272,4238.397368770752
10273,4238.397369144896
10274,4238.397369269201
10275,4238.397368415812
10276,4238.397369446409
10277,4238.397371081281
10278,4238.39736839231
10279,4238.397369382172
10280,4238.397369282061
10281,4238.397369656453
10282,4238.397368917529
10283,4238.39736917459
10284,4238.3973692265245
10285,4238.397370864905
10286,4238.397369848771
10287,4238.397369432345
10288,4238.397368921461
10289,4238.397371567534
10290,4238.11398149404
10291,4238.113981494037
10292,4238.113981494038
10293,4238.113981494038
10294,4238.11398149404
10295,4238.113981494038
10296,4238.11398149404
10297,4238.113981494038
10298,4238.113981494039
10299,4238.113981430314
10300,4238.11398152393
10301,4238.113981441665
10302,4238.113981483155
10303,4238.113981420581
10304,4238.113981539747
10305,4238.113981519714
10306,4238.113981539374
10307,4238.113981525905
10308,4238.113981391529
10309,4238.113981494579
10310,4238.113981485143
10311,4238.113981327205
10312,4238.113981522354
10313,4238.113981625352
10314,4238.113981418473
10315,4238.113981429963
10316,4238.113981577938
10317,4238.1139814561875
10318,4238.113981410101
10319,4238.1139815135475
10320,4238.1139814810485
10321,4238.113981395003
10322,4238.113981409538
10323,4238.11398149066
10324,4238.1139815505285
10325,4238.113981551647
10326,4238.113981654328
10327,4238.113981330384
10328,4238.113981529622
10329,4238.11398144214
10330,4238.113981488543
10331,4238.113981542573
10332,4238.1139814618355
10333,4238.113981444909
10334,4238.113982418144
10335,4238.1139815329625
10336,4238.113981528064
10337,4238.113981563765
10338,4238.113981698018
10339,4238.097388637659
10340,4238.097388637657
10341,4238.097388637658
10342,4238.097388637659
10343,4238.097388637657
10344,4238.097388637658
10345,4238.097388637658
10346,4238.097388637656
10347,4238.097388637658
10348,4238.09738864765
10349,4238.097388621496
10350,4238.097388643195
10351,4238.0973886363945
10352,4238.097388660669
10353,4238.097388640448
10354,4238.0973886153615
10355,4238.097388633751
10356,4238.097388628501
10357,4238.097388589621
10358,4238.097388659558
10359,4238.097388593713
10360,4238.097388604086
10361,4238.097388663421
10362,4238.097388696751
10363,4238.097388597368
10364,4238.097388593083
10365,4238.097388651495
10366,4238.097388627502
10367,4238.097388623356
10368,4238.097388611661
10369,4238.097388589502
10370,4238.097388575163
10371,4238.097388577817
10372,4238.097388637583
10373,4238.097388688693
10374,4238.09738868813
10375,4238.09738868693
10376,4238.097388567822
10377,4238.097388606938
10378,4238.097388593845
10379,4238.097388668736
10380,4238.097388688517
10381,4238.097388610543
10382,4238.097388589762
10383,4238.097389594272
10384,4238.097388704726
10385,4238.097388634663
10386,4238.097388730226
10387,4238.09738870238
10388,4238.088791737883
10389,4238.088791737886
10390,4238.088791737884
10391,4238.088791737884
10392,4238.088791737884
10393,4238.088791737883
10394,4238.088791737883
10395,4238.088791737884
10396,4238.088791737884
10397,4238.08879175406
10398,4238.088791717184
10399,4238.088791738425
10400,4238.088791750441
10401,4238.08879176492
10402,4238.08879177497
10403,4238.088791702552
10404,4238.088791681641
10405,4238.088791723313
10406,4238.088791719036
10407,4238.08879177059
10408,4238.0887917080145
10409,4238.088791789526
10410,4238.088791779768
10411,4238.0887917634345
10412,4238.088791716873
10413,4238.08879169
10414,4238.088791740432
10415,4238.0887917638265
10416,4238.088791765667
10417,4238.088791705105
10418,4238.088791679797
10419,4238.088791700703
10420,4238.088791698932
10421,4238.088791754143
10422,4238.088791788086
10423,4238.08879177558
10424,4238.088791793713
10425,4238.088791672865
10426,4238.088791698441
10427,4238.088791740703
10428,4238.088791759654
10429,4238.088791799317
10430,4238.0887917246155
10431,4238.088791729157
10432,4238.088792769076
10433,4238.08879176988
10434,4238.088791710559
10435,4238.088791766348
10436,4238.088791779892
10437,4238.092327579956
10438,4238.092327579955
10439,4238.092327579955
10440,4238.092327579956
10441,4238.092327579957
10442,4238.092327579956
10443,4238.092327579955
10444,4238.092327579956
10445,4238.092327579954
10446,4238.092327621926
10447,4238.092327360963
10448,4238.09232763128
10449,4238.092327616362
10450,4238.092327860831
10451,4238.092327368872
10452,4238.0923275479545
10453,4238.092328039561
10454,4238.092327459443
10455,4238.092327528961
10456,4238.09232772625
10457,4238.0923274855395
10458,4238.092327530186
10459,4238.092327602363
10460,4238.092327460614
10461,4238.092327592486
10462,4238.092327641313
10463,4238.092327454912
10464,4238.092327161507
10465,4238.092327192492
10466,4238.092327512309
10467,4238.092327706882
10468,4238.092327625823
10469,4238.0923276598705
10470,4238.092327543173
10471,4238.092327241458
10472,4238.092327580589
10473,4238.092327249651
10474,4238.092327774377
10475,4238.092327498377
10476,4238.092327565238
10477,4238.092327649163
10478,4238.092327508629
10479,4238.092327546301
10480,4238.0923275675705
10481,4238.092328627137
10482,4238.092327538086
10483,4238.092327615845
10484,4238.092327644726
10485,4238.092327251925
10486,4238.08461361398
10487,4238.08461361398
10488,4238.084613613983
10489,4238.084613613982
10490,4238.084613613981
10491,4238.084613613979
10492,4238.084613613982
10493,4238.084613613982
10494,4238.08461361398
10495,4238.084613640966
10496,4238.084613509113
10497,4238.084613635961
10498,4238.084613636591
10499,4238.084613748276
10500,4238.084613546242
10501,4238.084613579943
10502,4238.084613776482
10503,4238.084613554429
10504,4238.084613581585
10505,4238.08461369478
10506,4238.0846135568245
10507,4238.084613622842
10508,4238.0846136478085
10509,4238.084613578206
10510,4238.084613607218
10511,4238.084613612213
10512,4238.084613562496
10513,4238.084613451332
10514,4238.084613465658
10515,4238.084613566554
10516,4238.084613634196
10517,4238.08461361196
10518,4238.08461362525
10519,4238.084613607814
10520,4238.084613499387
10521,4238.084613635973
10522,4238.084613506578
10523,4238.084613658623
10524,4238.084613556671
10525,4238.084613609366
10526,4238.084613655799
10527,4238.084613619005
10528,4238.084613592117
10529,4238.084613603724
10530,4238.084614652051
10531,4238.084613614655
10532,4238.084613613358
10533,4238.0846136577875
10534,4238.08461349934
10535,4238.079695258343
10536,4238.079695258341
10537,4238.079695258343
10538,4238.079695258343
10539,4238.079695258343
10540,4238.079695258341
10541,4238.079695258341
10542,4238.079695258342
10543,4238.079695258341
10544,4238.079695274509
10545,4238.079695228544
10546,4238.079695313994
10547,4238.079695299681
10548,4238.07969533594
10549,4238.079695221449
10550,4238.079695255198
10551,4238.079695249049
10552,4238.079695243222
10553,4238.079695230697
10554,4238.079695325484
10555,4238.079695228244
10556,4238.07969530603
10557,4238.079695244591
10558,4238.079695205263
10559,4238.079695248588
10560,4238.079695235618
10561,4238.079695254791
10562,4238.079695256144
10563,4238.079695252955
10564,4238.079695220306
10565,4238.07969529602
10566,4238.079695272542
10567,4238.0796952941455
10568,4238.079695242873
10569,4238.079695171382
10570,4238.079695271037
10571,4238.079695204698
10572,4238.079695255644
10573,4238.079695218552
10574,4238.079695263118
10575,4238.079695315499
10576,4238.079695293916
10577,4238.079695254415
10578,4238.079695303946
10579,4238.079696364387
10580,4238.079695267654
10581,4238.079695229888
10582,4238.079695215926
10583,4238.079695243628
10584,4238.076602370969
10585,4238.076602370969
10586,4238.076602370968
10587,4238.0766023709675
10588,4238.0766023709675
10589,4238.076602370969
10590,4238.076602370968
10591,4238.0766023709675
10592,4238.0766023709675
10593,4238.076602352447
10594,4238.076602357783
10595,4238.0766023589495
10596,4238.076602410832
10597,4238.0766024054365
10598,4238.07660236745
10599,4238.076602370484
10600,4238.076602371546
10601,4238.076602366738
10602,4238.076602349729
10603,4238.076602431558
10604,4238.076602361218
10605,4238.076602425305
10606,4238.076602388167
10607,4238.076602351881
10608,4238.076602369134
10609,4238.0766023323895
10610,4238.076602377193
10611,4238.076602355827
10612,4238.076602333717
10613,4238.076602348456
10614,4238.076602396867
10615,4238.076602382496
10616,4238.076602390329
10617,4238.076602379511
10618,4238.0766023093465
10619,4238.076602378573
10620,4238.07660237459
10621,4238.076602331896
10622,4238.076602358722
10623,4238.076602409881
10624,4238.076602381898
10625,4238.0766024181985
10626,4238.076602369993
10627,4238.076602441261
10628,4238.076603501414
10629,4238.076602327139
10630,4238.076602341749
10631,4238.076602287718
10632,4238.076602362047
10633,4238.070344457556
10634,4238.070344457556
10635,4238.070344457556
10636,4238.070344457557
10637,4238.070344457554
10638,4238.070344457556
10639,4238.070344457555
10640,4238.070344457554
10641,4238.0703444575565
10642,4238.070344419608
10643,4238.070344514766
10644,4238.070344412894
10645,4238.070344502614
10646,4238.0703444990895
10647,4238.0703444170085
10648,4238.070344498948
10649,4238.070344362245
10650,4238.070344502795
10651,4238.070344431959
10652,4238.070344490531
10653,4238.07034445439
10654,4238.0703444537585
10655,4238.070344422009
10656,4238.070344470261
10657,4238.070344431494
10658,4238.070344461465
10659,4238.070344512849
10660,4238.070344550998
10661,4238.070344490733
10662,4238.070344447492
10663,4238.070344518806
10664,4238.070344462068
10665,4238.070344497037
10666,4238.070344463455
10667,4238.070344435022
10668,4238.070344464488
10669,4238.070344487788
10670,4238.070344420465
10671,4238.070344499706
10672,4238.070344499025
10673,4238.07034445131
10674,4238.070344530736
10675,4238.070344441009
10676,4238.070344556885
10677,4238.070345547734
10678,4238.070344420972
10679,4238.070344450218
10680,4238.070344374478
10681,4238.070344495056
10682,4238.064897509115
10683,4238.064897509116
10684,4238.064897509115
10685,4238.064897509116
10686,4238.064897509114
10687,4238.064897509116
10688,4238.064897509116
10689,4238.064897509116
10690,4238.064897509115
10691,4238.06489739057
10692,4238.064897557764
10693,4238.064897570852
10694,4238.064897544273
10695,4238.064897291549
10696,4238.0648975113
10697,4238.064897545877
10698,4238.064897533409
10699,4238.064897515745
10700,4238.064897524716
10701,4238.064897502864
10702,4238.0648975325885
10703,4238.06489753667
10704,4238.0648975248705
10705,4238.064897602442
10706,4238.064897528339
10707,4238.064897317711
10708,4238.0648975491395
10709,4238.064897454936
10710,4238.064897411887
10711,4238.064897564797
10712,4238.064897516771
10713,4238.064897501742
10714,4238.064897408519
10715,4238.064897518356
10716,4238.064897490151
10717,4238.064897475713
10718,4238.0648976798575
10719,4238.064897296179
10720,4238.06489755901
10721,4238.064897499022
10722,4238.064897485032
10723,4238.064897498841
10724,4238.064897512812
10725,4238.064897618248
10726,4238.064898752605
10727,4238.064897493908
10728,4238.064897405105
10729,4238.064897323793
10730,4238.064897550374
10731,4238.0585509709435
10732,4238.058550970945
10733,4238.058550970946
10734,4238.0585509709435
10735,4238.058550970945
10736,4238.058550970945
10737,4238.058550970944
10738,4238.0585509709435
10739,4238.058550970945
10740,4238.058550896529
10741,4238.058551010276
10742,4238.058550955263
10743,4238.0585509890025
10744,4238.058550926584
10745,4238.058550911853
10746,4238.058551010345
10747,4238.058550968117
10748,4238.05855098104
10749,4238.058551003565
10750,4238.058550955308
10751,4238.058550974353
10752,4238.0585509452
10753,4238.058550960102
10754,4238.058551054799
10755,4238.058550946919
10756,4238.058550929306
10757,4238.058551008682
10758,4238.058550960639
10759,4238.058550912642
10760,4238.05855099881
10761,4238.058550995606
10762,4238.05855094967
10763,4238.058550928511
10764,4238.0585509906705
10765,4238.0585509853245
10766,4238.0585509629955
10767,4238.058551082331
10768,4238.058550878778
10769,4238.058551045487
10770,4238.058550992229
10771,4238.058550931863
10772,4238.058550979162
10773,4238.058550934428
10774,4238.058551057937
10775,4238.058552076196
10776,4238.058550965153
10777,4238.058550943538
10778,4238.058550902186
10779,4238.058550953005
10780,4238.052970112271
10781,4238.05297011227
10782,4238.0529701122705
10783,4238.05297011227
10784,4238.05297011227
10785,4238.05297011227
10786,4238.05297011227
10787,4238.0529701122705
10788,4238.052970112272
10789,4238.0529700969455
10790,4238.052970114321
10791,4238.052970113382
10792,4238.0529701095065
10793,4238.052970194912
10794,4238.05297001006
10795,4238.052970140554
10796,4238.052970101677
10797,4238.05297009793
10798,4238.052970177653
10799,4238.0529700880425
10800,4238.052970095266
10801,4238.052970072779
10802,4238.052970080512
10803,4238.052970158038
10804,4238.052970056432
10805,4238.052970164869
10806,4238.052970126168
10807,4238.052970113818
10808,4238.052970092025
10809,4238.052970117588
10810,4238.052970134971
10811,4238.05297008338
10812,4238.052970106011
10813,4238.052970128462
10814,4238.052970135081
10815,4238.052970121152
10816,4238.05297016151
10817,4238.052970112597
10818,4238.052970173816
10819,4238.052970138954
10820,4238.052970094201
10821,4238.0529701049845
10822,4238.052970049951
10823,4238.052970163844
10824,4238.052971138227
10825,4238.052970152602
10826,4238.052970123884
10827,4238.052970141829
10828,4238.052970040166
10829,4238.047557503936
10830,4238.047557503936
10831,4238.04755750394
10832,4238.047557503937
10833,4238.047557503937
10834,4238.047557503937
10835,4238.047557503937
10836,4238.047557503938
10837,4238.047557503937
10838,4238.047557528791
10839,4238.04755748171
10840,4238.04755753466
10841,4238.047557481188
10842,4238.0475576330755
10843,4238.047557396847
10844,4238.047557515285
10845,4238.047557493519
10846,4238.047557473385
10847,4238.0475575941455
10848,4238.047557476197
10849,4238.047557476482
10850,4238.047557472453
10851,4238.047557473349
10852,4238.047557512818
10853,4238.047557438231
10854,4238.047557582057
10855,4238.047557494495
10856,4238.047557502773
10857,4238.047557507477
10858,4238.047557504482
10859,4238.0475575115315
10860,4238.047557473845
10861,4238.047557509697
10862,4238.047557516956
10863,4238.047557525483
10864,4238.047557519177
10865,4238.047557515575
10866,4238.0475575407645
10867,4238.047557542682
10868,4238.047557533561
10869,4238.047557502037
10870,4238.047557482588
10871,4238.047557437274
10872,4238.047557532667
10873,4238.047558517807
10874,4238.047557563602
10875,4238.047557523676
10876,4238.0475575755745
10877,4238.047557411996
10878,4238.03573530131
10879,4238.03573530131
10880,4238.0357353013105
10881,4238.035735301308
10882,4238.035735301311
10883,4238.035735301308
10884,4238.03573530131
10885,4238.0357353013105
10886,4238.03573530131
10887,4238.035735369219
10888,4238.03573529955
10889,4238.035735319906
10890,4238.03573523781
10891,4238.035735459243
10892,4238.035735207158
10893,4238.035735275544
10894,4238.035735266049
10895,4238.035735282682
10896,4238.035735401763
10897,4238.035735271432
10898,4238.035735264056
10899,4238.03573528888
10900,4238.035735284268
10901,4238.035735262539
10902,4238.035735248394
10903,4238.035735376214
10904,4238.035735258872
10905,4238.035735313991
10906,4238.03573536135
10907,4238.03573531099
10908,4238.0357352795345
10909,4238.035735278386
10910,4238.035735317588
10911,4238.035735309008
10912,4238.035735327386
10913,4238.035735325235
10914,4238.035735240771
10915,4238.035735369317
10916,4238.035735311786
10917,4238.0357353359705
10918,4238.035735304516
10919,4238.03573529126
10920,4238.035735247234
10921,4238.035735313378
10922,4238.035736321035
10923,4238.035735329966
10924,4238.035735326013
10925,4238.035735402453
10926,4238.035735203697
10927,4238.071731542996
10928,4238.071731542994
10929,4238.071731542995