iteracion,valor_coste
0,146939.02385076106
1,146939.02385076112
2,146939.02385076095
3,146939.023850761
4,146939.02385076098
5,146939.02385076106
6,146939.023850761
7,146939.02385076112
8,146939.02385076095
9,146939.024077134
10,146939.02326446015
11,146939.02393538662
12,146939.02389791975
13,146939.02217533707
14,146939.0239665507
15,146939.02461564296
16,146939.02382029349
17,146939.02402691264
18,146939.02383928397
19,146939.02392830208
20,146939.02386379818
21,146939.02281758733
22,146939.0237503992
23,146939.02383596913
24,146939.02373233243
25,146939.02510044482
26,146939.0225837308
27,146939.0239415426
28,146939.0237293807
29,146939.0238856999
30,146939.02413843034
31,146939.02381653263
32,146939.023789656
33,146939.0239449279
34,146939.02386750112
35,146939.02380281384
36,146939.0251913865
37,146939.02434849733
38,146939.02399732082
39,146939.02342710557
40,146939.02299802218
41,146939.02385323468
42,146939.02396701663
43,146939.0238705586
44,146939.02374364695
45,146939.02400498936
46,146939.02359101202
47,146939.02396116513
48,146939.02427914774
49,5096563.750000001
50,5096563.750000001
51,5096563.75
52,5096563.750000001
53,5096563.750000001
54,5096563.750000001
55,5096563.750000001
56,5096563.750000001
57,5096563.750000001
58,5096563.750000001
59,5096563.75
60,5096563.750000001
61,5096563.750000002
62,5096563.75
63,5096563.750000001
64,5096563.75
65,5096563.75
66,5096563.75
67,5096563.75
68,5096563.75
69,5096563.75
70,5096563.75
71,5096563.75
72,5096563.75
73,5096563.75
74,5096563.750000002
75,5096563.750000001
76,5096563.750000002
77,5096563.75
78,5096563.750000001
79,5096563.75
80,5096563.750000001
81,5096563.75
82,5096563.75
83,5096563.750000002
84,5096563.750000002
85,5096563.750000002
86,5096563.750000001
87,5096563.750000001
88,5096563.75
89,5096563.75
90,5096563.750000001
91,5096563.750000001
92,5096563.750000001
93,5096563.75
94,5096563.750000002
95,5096563.750000002
96,5096563.750000001
97,5096563.750000002
98,2628429.251524104
99,2628429.251524104
100,2628429.2515241024
101,2628429.251524104
102,2628429.251524103
103,2628429.2515241033
104,2628429.251524104
105,2628429.251524103
106,2628429.2515241015
107,2628429.197250323
108,2628429.2552541927
109,2628429.247750998
110,2628429.2535517314
111,2628429.25146301
112,2628429.260635837
113,2628429.2293247334
114,2628429.255707508
115,2628429.2517756033
116,2628429.260233049
117,2628429.2449542545
118,2628429.251951689
119,2628429.267931817
120,2628429.2710338156
121,2628429.2488775295
122,2628429.2539836164
123,2628429.240123719
124,2628429.2425404894
125,2628429.2350900453
126,2628429.25335463
127,2628429.246924457
128,2628429.246775376
129,2628429.246808985
130,2628429.2544473233
131,2628429.2412570314
132,2628429.2565931426
133,2628429.252563054
134,2628429.251928835
135,2628429.2464386476
136,2628429.2448891783
137,2628429.259443986
138,2628429.2624613373
139,2628429.250051289
140,2628429.2491966817
141,2628429.2560221134
142,2628429.2520436584
143,2628429.2381531247
144,2628429.255055415
145,2628429.252451425
146,2628429.2367248265
147,134335.08318958414
148,134335.08318958434
149,134335.0831895842
150,134335.08318958434
151,134335.0831895841
152,134335.08318958426
153,134335.08318958426
154,134335.083189584
155,134335.08318958414
156,134335.08062809682
157,134335.08320634885
158,134335.08320501883
159,134335.0831912598
160,134335.0821870963
161,134335.0835459969
162,134335.08355001642
163,134335.08305690048
164,134335.0831303067
165,134335.08323032007
166,134335.08327003435
167,134335.0828369345
168,134335.0836887472
169,134335.08327028292
170,134335.08324054387
171,134335.08294663212
172,134335.08294668313
173,134335.08252345127
174,134335.08301700425
175,134335.0832773977
176,134335.08327720192
177,134335.0832013026
178,134335.0831833308
179,134335.08308209493
180,134335.0831083604
181,134335.08318910314
182,134335.0831649881
183,134335.08172150378
184,134335.08315251485
185,134335.0832450902
186,134335.08264739718
187,134335.08312355896
188,134335.08316530217
189,134335.08317437975
190,134335.0832343835
191,134335.08304194664
192,134335.0831966434
193,134335.0829808146
194,134335.08231538412
195,134335.08332359622
196,121387.68894126973
197,121387.68894126963
198,121387.68894126962
199,121387.68894126975
200,121387.68894126963
201,121387.68894126962
202,121387.6889412696
203,121387.68894126975
204,121387.68894126973
205,121387.68884770485
206,121387.68891594051
207,121387.68895816783
208,121387.68891478254
209,121387.68900380867
210,121387.68907351635
211,121387.68866200138
212,121387.68868139744
213,121387.68889874397
214,121387.68898579584
215,121387.68900578361
216,121387.6889320623
217,121387.68888889634
218,121387.68886161543
219,121387.68901079011
220,121387.68881924872
221,121387.6888736264
222,121387.6880849204
223,121387.68879265078
224,121387.68909260377
225,121387.68902636429
226,121387.68914697538
227,121387.6889720591
228,121387.6888746065
229,121387.68909935604
230,121387.68898319425
231,121387.68892761604
232,121387.68939264418
233,121387.68850417265
234,121387.6890930021
235,121387.6888191106
236,121387.68878585054
237,121387.68888524384
238,121387.68903961507
239,121387.68890496015
240,121387.68886544403
241,121387.68892498486
242,121387.68875412531
243,121387.6888307309
244,121387.68886956513
245,118632.44402213563
246,118632.44402213577
247,118632.44402213569
248,118632.44402213575
249,118632.44402213565
250,118632.44402213574
251,118632.44402213584
252,118632.44402213577
253,118632.44402213569
254,118632.44404041607
255,118632.44401195046
256,118632.4440408338
257,118632.4439989067
258,118632.44344794715
259,118632.44411279874
260,118632.44374232361
261,118632.44374372358
262,118632.44396387502
263,118632.4440606341
264,118632.44406781421
265,118632.44407217423
266,118632.44394082762
267,118632.44393887109
268,118632.44409314796
269,118632.44396414781
270,118632.44388205456
271,118632.4438449421
272,118632.44387901665
273,118632.44418574532
274,118632.4441191374
275,118632.44425679166
276,118632.44405286637
277,118632.44395606687
278,118632.44418819706
279,118632.44407100136
280,118632.444020877
281,118632.44448665527
282,118632.4441415814
283,118632.44418371668
284,118632.44396855879
285,118632.443870584
286,118632.4439643922
287,118632.4441349984
288,118632.44397442597
289,118632.44396779916
290,118632.4440150322
291,118632.4438389614
292,118632.4439790599
293,118632.44395615358
294,113938.36944584291
295,113938.36944584294
296,113938.36944584294
297,113938.3694458429
298,113938.36944584288
299,113938.36944584287
300,113938.369445843
301,113938.36944584297
302,113938.36944584298
303,113938.36963977126
304,113938.36944136271
305,113938.36949585515
306,113938.3694280827
307,113938.36911378623
308,113938.36944593558
309,113938.36920991719
310,113938.36925191792
311,113938.36938086682
312,113938.36943628151
313,113938.3694858158
314,113938.36958404041
315,113938.3692533075
316,113938.36938230314
317,113938.36954028183
318,113938.36941145192
319,113938.36925305333
320,113938.36955647479
321,113938.36931074053
322,113938.36953579375
323,113938.36955848006
324,113938.36970579544
325,113938.36948394123
326,113938.36937788833
327,113938.36952233236
328,113938.36949990122
329,113938.36946668422
330,113938.3698052211
331,113938.36955337801
332,113938.36952842475
333,113938.36947157493
334,113938.36935190705
335,113938.3693819565
336,113938.3695442526
337,113938.36938307485
338,113938.36943069962
339,113938.36940464053
340,113938.36926479959
341,113938.36952553413
342,113938.36943839371
343,110022.73392409383
344,110022.73392409377
345,110022.73392409382
346,110022.73392409377
347,110022.73392409376
348,110022.73392409371
349,110022.73392409376
350,110022.7339240938
351,110022.73392409377
352,110022.7341683199
353,110022.73384436818
354,110022.73406509431
355,110022.73395519219
356,110022.73373533027
357,110022.73377795657
358,110022.73398947489
359,110022.7339127417
360,110022.73395444352
361,110022.73404806676
362,110022.73397761579
363,110022.73412323295
364,110022.73411904491
365,110022.73391025717
366,110022.73393696002
367,110022.7338670273
368,110022.73382455092
369,110022.73402640938
370,110022.73370797663
371,110022.7339014263
372,110022.73394918258
373,110022.73370325775
374,110022.73392779978
375,110022.73385725332
376,110022.73367948555
377,110022.73395078699
378,110022.73396635462
379,110022.73420473389
380,110022.7339834626
381,110022.73389271135
382,110022.73359203628
383,110022.73393775514
384,110022.73389311036
385,110022.73378975448
386,110022.7339951886
387,110022.73394879772
388,110022.7336911517
389,110022.73403787913
390,110022.73414153427
391,110022.73389346845
392,107145.64283494628
393,107145.64283494635
394,107145.64283494634
395,107145.64283494631
396,107145.64283494632
397,107145.6428349463
398,107145.6428349463
399,107145.6428349463
400,107145.64283494627
401,107145.64292220454
402,107145.64286728285
403,107145.64296455521
404,107145.64285606152
405,107145.64288451515
406,107145.6427542362
407,107145.64276560904
408,107145.64282579947
409,107145.6428305374
410,107145.6429034481
411,107145.64287539733
412,107145.64295813633
413,107145.64255940582
414,107145.64285254764
415,107145.64284840718
416,107145.64279639571
417,107145.64271666115
418,107145.64286126591
419,107145.64277266846
420,107145.64282437925
421,107145.64285133827
422,107145.64267213021
423,107145.64283524016
424,107145.64276830095
425,107145.6427351394
426,107145.64284866092
427,107145.64286834766
428,107145.64294452868
429,107145.64276792474
430,107145.64276770927
431,107145.6429717482
432,107145.64281994304
433,107145.64282775672
434,107145.64271294155
435,107145.64286721886
436,107145.64283586599
437,107145.64271954325
438,107145.64293077575
439,107145.64299033761
440,107145.64291040158
441,105078.92927834237
442,105078.92927834243
443,105078.92927834236
444,105078.92927834239
445,105078.9292783424
446,105078.92927834239
447,105078.92927834233
448,105078.92927834233
449,105078.92927834229
450,105078.92919410601
451,105078.92935878894
452,105078.92937744716
453,105078.9292882232
454,105078.92942113928
455,105078.92927123846
456,105078.92932739166
457,105078.92921185611
458,105078.92926014721
459,105078.9292845306
460,105078.9293048275
461,105078.92930065039
462,105078.92907231017
463,105078.92931674111
464,105078.92927428005
465,105078.92923698873
466,105078.92921328329
467,105078.92919821083
468,105078.92924653603
469,105078.9293446914
470,105078.92926333277
471,105078.9292384307
472,105078.92927797641
473,105078.92921398074
474,105078.92919934764
475,105078.9292874798
476,105078.92929712676
477,105078.929243253
478,105078.929142639
479,105078.92925209696
480,105078.92938549265
481,105078.92922803925
482,105078.92930337496
483,105078.92920722389
484,105078.9292748402
485,105078.92925720992
486,105078.92926608067
487,105078.9293454847
488,105078.92934033599
489,105078.92938428682
490,103072.45093617402
491,103072.45093617405
492,103072.45093617406
493,103072.45093617399
494,103072.45093617405
495,103072.45093617399
496,103072.45093617399
497,103072.45093617398
498,103072.45093617396
499,103072.45084193893
500,103072.45094540346
501,103072.45103739042
502,103072.45094136504
503,103072.45098078389
504,103072.45097297757
505,103072.45069020445
506,103072.45089233287
507,103072.45096598208
508,103072.4509784714
509,103072.45088657258
510,103072.45087157284
511,103072.45088914454
512,103072.45095105584
513,103072.4508718415
514,103072.45090119391
515,103072.45089380206
516,103072.45087864492
517,103072.45089606642
518,103072.450966667
519,103072.45089654297
520,103072.45082221917
521,103072.45091069688
522,103072.45086091389
523,103072.45104240126
524,103072.45094565394
525,103072.45095683297
526,103072.45081387846
527,103072.45083835207
528,103072.45100453972
529,103072.45110083588
530,103072.45082217497
531,103072.45094690342
532,103072.45084347136
533,103072.45091867822
534,103072.45090579975
535,103072.45083892696
536,103072.45111925197
537,103072.45092081465
538,103072.45084983317
539,101669.86145318887
540,101669.86145318887
541,101669.86145318886
542,101669.86145318889
543,101669.8614531889
544,101669.86145318893
545,101669.86145318886
546,101669.86145318887
547,101669.86145318882
548,101669.86119351244
549,101669.86151027017
550,101669.8615464391
551,101669.8614498367
552,101669.86154476274
553,101669.8614503592
554,101669.86175242884
555,101669.86161082992
556,101669.86146434028
557,101669.86137503642
558,101669.86140254085
559,101669.86138307094
560,101669.86144683973
561,101669.86158278871
562,101669.86140624202
563,101669.8614541726
564,101669.861514951
565,101669.86140400192
566,101669.86149920955
567,101669.86132797845
568,101669.86144256464
569,101669.86156426581
570,101669.86144105738
571,101669.86138072809
572,101669.86125762512
573,101669.86144505673
574,101669.86146623813
575,101669.86128557664
576,101669.86136764982
577,101669.8614074759
578,101669.86141349337
579,101669.86146231656
580,101669.86141829922
581,101669.86146101548
582,101669.86137912166
583,101669.86143038963
584,101669.86137977088
585,101669.86154998228
586,101669.86151485672
587,101669.86165422198
588,100687.96863311766
589,100687.9686331177
590,100687.9686331177
591,100687.96863311777
592,100687.96863311765
593,100687.96863311772
594,100687.96863311769
595,100687.96863311774
596,100687.96863311772
597,100687.96855779772
598,100687.96861742779
599,100687.9687005538
600,100687.96862487053
601,100687.96867610823
602,100687.96865127316
603,100687.96867909157
604,100687.9686825879
605,100687.96865237496
606,100687.9685647294
607,100687.96857057375
608,100687.96857565187
609,100687.96873427734
610,100687.96869463602
611,100687.96859454173
612,100687.96864346259
613,100687.96866777222
614,100687.9686357944
615,100687.96862634615
616,100687.96859319361
617,100687.96859707207
618,100687.96876568075
619,100687.9686225732
620,100687.96856090489
621,100687.9685923005
622,100687.96864006958
623,100687.96865321671
624,100687.96856639019
625,100687.9685755619
626,100687.96867221243
627,100687.96860771101
628,100687.9685535075
629,100687.96860892326
630,100687.96866221243
631,100687.96855403844
632,100687.9686144623
633,100687.96857238945
634,100687.96871677035
635,100687.9686789993
636,100687.96866289128
637,99569.16515841724
638,99569.16515841731
639,99569.16515841731
640,99569.16515841731
641,99569.16515841725
642,99569.16515841722
643,99569.1651584172
644,99569.16515841728
645,99569.16515841724
646,99569.16525790807
647,99569.16512988291
648,99569.16520347862
649,99569.16514880024
650,99569.16514290981
651,99569.16518898269
652,99569.16505786717
653,99569.1651330213
654,99569.1651658007
655,99569.16510774916
656,99569.16509456761
657,99569.16513652526
658,99569.16536587429
659,99569.16519117425
660,99569.16514055355
661,99569.16519567791
662,99569.1651758157
663,99569.16524476417
664,99569.1651163526
665,99569.16518523825
666,99569.1651130708
667,99569.16528341876
668,99569.16515069213
669,99569.1650879846
670,99569.16520949868
671,99569.16517851967
672,99569.16518878029
673,99569.16521064013
674,99569.16514727386
675,99569.16525772036
676,99569.16512593874
677,99569.16504619595
678,99569.16513167179
679,99569.16520090644
680,99569.16508460959
681,99569.16515188069
682,99569.16511898053
683,99569.1652323007
684,99569.16520972774
685,99569.16506034462
686,98206.11554959709
687,98206.11554959713
688,98206.11554959713
689,98206.1155495971
690,98206.11554959712
691,98206.11554959713
692,98206.11554959715
693,98206.11554959712
694,98206.11554959712
695,98206.11575554892
696,98206.1155364987
697,98206.11557083036
698,98206.11554595476
699,98206.11548498202
700,98206.11559777362
701,98206.11535326125
702,98206.11551308136
703,98206.11550389807
704,98206.11552908177
705,98206.11551721145
706,98206.11556941603
707,98206.11580153782
708,98206.11556635762
709,98206.11556708923
710,98206.11562055573
711,98206.11555270462
712,98206.11568543193
713,98206.1154957962
714,98206.115595604
715,98206.11553311252
716,98206.1156069075
717,98206.11554783223
718,98206.11548755859
719,98206.11567415448
720,98206.11558852217
721,98206.11558665687
722,98206.11569327964
723,98206.11558668525
724,98206.11568404295
725,98206.11553413584
726,98206.11544656099
727,98206.11548434963
728,98206.11558321334
729,98206.11550290947
730,98206.11555222055
731,98206.11553870726
732,98206.11561207069
733,98206.11560241942
734,98206.11536321117
735,96414.85859180876
736,96414.85859180876
737,96414.85859180875
738,96414.85859180879
739,96414.85859180876
740,96414.85859180873
741,96414.85859180878
742,96414.85859180876
743,96414.85859180876
744,96414.85873499949
745,96414.85860534964
746,96414.85858183373
747,96414.85860539632
748,96414.8584885791
749,96414.85862197398
750,96414.85843415411
751,96414.85862098927
752,96414.85845677655
753,96414.85861011992
754,96414.85862720475
755,96414.85863523388
756,96414.85875867338
757,96414.85858471738
758,96414.85864480824
759,96414.85867360873
760,96414.85856418929
761,96414.85869109877
762,96414.85856607193
763,96414.85861189806
764,96414.85862764168
765,96414.8585373164
766,96414.85859773049
767,96414.8585552712
768,96414.85871315381
769,96414.85866024691
770,96414.85861576436
771,96414.85868799788
772,96414.85867335467
773,96414.8586872907
774,96414.85859350362
775,96414.85854765552
776,96414.85846472616
777,96414.85860514361
778,96414.8585948264
779,96414.85858772499
780,96414.85863037298
781,96414.85863871669
782,96414.85863316142
783,96414.85843722564
784,95074.50574566991
785,95074.50574566977
786,95074.50574566989
787,95074.50574566984
788,95074.50574566989
789,95074.50574566987
790,95074.50574566987
791,95074.50574566991
792,95074.50574566994
793,95074.50589055484
794,95074.50567826547
795,95074.50570620007
796,95074.50577057773
797,95074.50566651819
798,95074.50571329848
799,95074.50567127518
800,95074.50559984002
801,95074.50580727351
802,95074.50577525016
803,95074.50583462918
804,95074.50580573818
805,95074.5057736371
806,95074.50572984159
807,95074.50581649598
808,95074.50580602554
809,95074.50572669503
810,95074.50575328762
811,95074.50576372877
812,95074.50592428666
813,95074.50557741667
814,95074.50578197784
815,95074.50576273474
816,95074.50573764027
817,95074.50582905578
818,95074.50579081001
819,95074.50574876409
820,95074.50580329278
821,95074.5058342811
822,95074.50577262737
823,95074.5057588676
824,95074.50555706606
825,95074.50577891928
826,95074.50578396177
827,95074.50576876664
828,95074.50574364295
829,95074.50583171516
830,95074.50575095312
831,95074.50581440514
832,95074.5056805002
833,93691.41372588319
834,93691.41372588322
835,93691.41372588318
836,93691.41372588318
837,93691.41372588328
838,93691.41372588323
839,93691.41372588325
840,93691.4137258832
841,93691.41372588325
842,93691.41379271852
843,93691.41362189138
844,93691.41368030298
845,93691.41375912032
846,93691.41367465153
847,93691.41368601326
848,93691.41369589999
849,93691.41374542427
850,93691.41375579913
851,93691.4137878299
852,93691.41381425393
853,93691.41376077996
854,93691.41376839783
855,93691.41368832599
856,93691.41380170282
857,93691.41375873957
858,93691.41370221283
859,93691.41364907214
860,93691.41370755747
861,93691.41378937234
862,93691.41360942028
863,93691.41368089033
864,93691.4137265617
865,93691.41373229098
866,93691.4137384142
867,93691.41378034078
868,93691.41371289476
869,93691.41368961059
870,93691.41376476588
871,93691.41372383304
872,93691.4136685596
873,93691.41364266363
874,93691.41370287177
875,93691.41372991378
876,93691.41378380019
877,93691.41371553941
878,93691.41371076163
879,93691.41375940118
880,93691.41376830402
881,93691.4136615368
882,92279.08617423328
883,92279.08617423344
884,92279.08617423344
885,92279.08617423335
886,92279.0861742333
887,92279.08617423338
888,92279.08617423338
889,92279.0861742333
890,92279.08617423334
891,92279.08623282137
892,92279.08611051324
893,92279.08612610666
894,92279.08620085737
895,92279.08618052077
896,92279.08612081628
897,92279.08625240951
898,92279.08658751253
899,92279.08601446146
900,92279.08625499593
901,92279.08620326183
902,92279.08618157986
903,92279.0860451539
904,92279.08606316402
905,92279.08626046185
906,92279.08620794083
907,92279.0861155659
908,92279.08611033093
909,92279.08618216639
910,92279.08593005266
911,92279.08628601448
912,92279.08598890319
913,92279.08614741737
914,92279.08618891069
915,92279.08608693775
916,92279.08625849275
917,92279.0861496314
918,92279.08608929176
919,92279.08618006417
920,92279.08609864392
921,92279.08620663687
922,92279.0863442664
923,92279.08594411988
924,92279.08616207518
925,92279.08624367166
926,92279.08616880173
927,92279.08598315802
928,92279.08621378867
929,92279.08622010238
930,92279.08618378273
931,90680.08414886601
932,90680.08414886602
933,90680.08414886601
934,90680.08414886601
935,90680.08414886595
936,90680.08414886607
937,90680.084148866
938,90680.08414886598
939,90680.08414886598
940,90680.08422879055
941,90680.0840676101
942,90680.08411204955
943,90680.08416010854
944,90680.08422676643
945,90680.08412569916
946,90680.08426420392
947,90680.08445063245
948,90680.08418151102
949,90680.08417687891
950,90680.08413577537
951,90680.08414491419
952,90680.08396901873
953,90680.08410112806
954,90680.08423901751
955,90680.08417046057
956,90680.08411884264
957,90680.08405232627
958,90680.08414029889
959,90680.084004376
960,90680.0840837259
961,90680.08411632299
962,90680.08412880589
963,90680.08414692918
964,90680.08404671101
965,90680.084172311
966,90680.0841396496
967,90680.08403805131
968,90680.08405916074
969,90680.08410470522
970,90680.08417011487
971,90680.08424080617
972,90680.08406208275
973,90680.08414692002
974,90680.08417445168
975,90680.08414138858
976,90680.08393945657
977,90680.08415668261
978,90680.08418334504
979,90680.08419152863
980,88757.49769648866
981,88757.49769648863
982,88757.4976964886
983,88757.49769648862
984,88757.49769648862
985,88757.49769648862
986,88757.4976964886
987,88757.49769648866
988,88757.49769648862
989,88757.49764080801
990,88757.49782595273
991,88757.49767924992
992,88757.49769455196
993,88757.49775780401
994,88757.49770784465
995,88757.49809549606
996,88757.49776584067
997,88757.49769510857
998,88757.49769991299
999,88757.49764876481
1000,88757.49769652434
1001,88757.49759919073
1002,88757.49779398991
1003,88757.49779268209
1004,88757.49773719689
1005,88757.49774398604
1006,88757.49763011199
1007,88757.49772236019
1008,88757.4977996557
1009,88757.49756011783
1010,88757.49764913095
1011,88757.49765844025
1012,88757.49768243032
1013,88757.4974798166
1014,88757.49771696108
1015,88757.49770199804
1016,88757.4975301132
1017,88757.49753244103
1018,88757.49764430594
1019,88757.49758359262
1020,88757.49780809449
1021,88757.49770926192
1022,88757.49766354545
1023,88757.49771481242
1024,88757.49768721983
1025,88757.49781131794
1026,88757.49769476528
1027,88757.4976840434
1028,88757.49787922154
1029,87307.24959326028
1030,87307.24959326025
1031,87307.24959326022
1032,87307.24959326028
1033,87307.24959326025
1034,87307.2495932603
1035,87307.24959326028
1036,87307.24959326028
1037,87307.24959326028
1038,87307.24953854173
1039,87307.24965191532
1040,87307.24956443429
1041,87307.24959150443
1042,87307.24958492506
1043,87307.24968338247
1044,87307.2496443887
1045,87307.24968929014
1046,87307.24959793735
1047,87307.2496393701
1048,87307.24946906802
1049,87307.24954172537
1050,87307.24960631515
1051,87307.24961149441
1052,87307.24965771304
1053,87307.24954429832
1054,87307.24959228007
1055,87307.24946609534
1056,87307.2495012935
1057,87307.24962964687
1058,87307.24953886453
1059,87307.24947761612
1060,87307.24950977445
1061,87307.24953546528
1062,87307.24955060585
1063,87307.2496093302
1064,87307.24957836735
1065,87307.24942259918
1066,87307.24936913776
1067,87307.24971754989
1068,87307.24944901052
1069,87307.24967806035
1070,87307.24957574047
1071,87307.24947763667
1072,87307.24961457583
1073,87307.24953572615
1074,87307.24951656495
1075,87307.24960440639
1076,87307.24944531749
1077,87307.24952771103
1078,85993.04909577093
1079,85993.04909577088
1080,85993.04909577088
1081,85993.04909577097
1082,85993.0490957709
1083,85993.04909577091
1084,85993.04909577091
1085,85993.04909577091
1086,85993.0490957709
1087,85993.04922322207
1088,85993.04916062496
1089,85993.0490624807
1090,85993.04910440822
1091,85993.04889675831
1092,85993.04919536742
1093,85993.04894092902
1094,85993.04901714294
1095,85993.04911506204
1096,85993.0491503499
1097,85993.04896188008
1098,85993.0490447013
1099,85993.04908403994
1100,85993.04910594145
1101,85993.04911304082
1102,85993.04905480982
1103,85993.04905451162
1104,85993.04916314874
1105,85993.0490095743
1106,85993.04925808746
1107,85993.04900634401
1108,85993.04899253786
1109,85993.04898065055
1110,85993.04905596808
1111,85993.04922062797
1112,85993.04911372883
1113,85993.04904196298
1114,85993.04915704385
1115,85993.0490833927
1116,85993.04926045668
1117,85993.04909038414
1118,85993.04910799941
1119,85993.04910756683
1120,85993.04897318655
1121,85993.0491092278
1122,85993.04903208956
1123,85993.04908683048
1124,85993.04908701062
1125,85993.04893456273
1126,85993.04888782665
1127,84331.15323157584
1128,84331.15323157587
1129,84331.15323157593
1130,84331.15323157591
1131,84331.15323157587
1132,84331.1532315759
1133,84331.15323157585
1134,84331.15323157587
1135,84331.1532315759
1136,84331.15336514259
1137,84331.15328205949
1138,84331.15323467969
1139,84331.15324323047
1140,84331.15299651091
1141,84331.15332073144
1142,84331.15315036844
1143,84331.15309456596
1144,84331.15326422115
1145,84331.15324915435
1146,84331.15315244741
1147,84331.15324525227
1148,84331.15325194474
1149,84331.15327203844
1150,84331.15327366871
1151,84331.15325496264
1152,84331.15322039986
1153,84331.15342552945
1154,84331.15320971423
1155,84331.1534250852
1156,84331.15311372271
1157,84331.15320457426
1158,84331.15317392864
1159,84331.15320259135
1160,84331.15333560368
1161,84331.15324959134
1162,84331.15321542857
1163,84331.15340523896
1164,84331.1533321121
1165,84331.1533565798
1166,84331.15328212894
1167,84331.15319547967
1168,84331.15324002641
1169,84331.15313689993
1170,84331.15321364856
1171,84331.15320010479
1172,84331.15329208174
1173,84331.15322112647
1174,84331.15315790185
1175,84331.15311052669
1176,87438.66756623481
1177,87438.66756623483
1178,87438.66756623483
1179,87438.66756623486
1180,87438.66756623486
1181,87438.66756623477
1182,87438.66756623487
1183,87438.66756623481
1184,87438.66756623478
1185,87438.66754395135
1186,87438.66715893318
1187,87438.66752357586
1188,87438.66757927017
1189,87438.6675956457
1190,87438.66709337347
1191,87438.66753047424
1192,87438.6678509441
1193,87438.66766369599
1194,87438.66765824906
1195,87438.66730589465
1196,87438.66737571078
1197,87438.6681499576
1198,87438.66740270659
1199,87438.66722987212
1200,87438.66747605735
1201,87438.66803822247
1202,87438.66722795783
1203,87438.66776118077
1204,87438.66728264808
1205,87438.66772372891
1206,87438.66746664648
1207,87438.66726991485
1208,87438.66789235784
1209,87438.6674730251
1210,87438.66750905103
1211,87438.66728903557
1212,87438.66822518111
1213,87438.66778602019
1214,87438.66710169734
1215,87438.66733104209
1216,87438.66751810869
1217,87438.66735912417
1218,87438.66748762516
1219,87438.66762718339
1220,87438.66771679587
1221,87438.66716093803
1222,87438.6675348702
1223,87438.66803534151
1224,87438.66752786576
1225,83125.69876311663
1226,83125.69876311661
1227,83125.6987631166
1228,83125.69876311663
1229,83125.69876311663
1230,83125.69876311661
1231,83125.69876311661
1232,83125.69876311654
1233,83125.69876311658
1234,83125.69889251211
1235,83125.69866482266
1236,83125.69874672798
1237,83125.69878184565
1238,83125.69856987912
1239,83125.69877834531
1240,83125.69862206784
1241,83125.69873089895
1242,83125.69881964481
1243,83125.69880711881
1244,83125.69864618068
1245,83125.69873103691
1246,83125.69894829897
1247,83125.69873431987
1248,83125.6987314398
1249,83125.69876095769
1250,83125.69886761831
1251,83125.69880509062
1252,83125.6987610597
1253,83125.69882337276
1254,83125.69871934435
1255,83125.69871085478
1256,83125.69865971371
1257,83125.69879523249
1258,83125.69887576692
1259,83125.69876359531
1260,83125.69869962221
1261,83125.69908468882
1262,83125.69888240885
1263,83125.69882444697
1264,83125.69872810543
1265,83125.69871040847
1266,83125.69870721885
1267,83125.69866653871
1268,83125.69876917374
1269,83125.69876389024
1270,83125.69868152398
1271,83125.69874751661
1272,83125.69877732407
1273,83125.69861735712
1274,81434.1963738676
1275,81434.19637386769
1276,81434.19637386757
1277,81434.19637386763
1278,81434.19637386769
1279,81434.19637386764
1280,81434.19637386769
1281,81434.19637386763
1282,81434.19637386767
1283,81434.19628405177
1284,81434.19623745895
1285,81434.1964005981
1286,81434.19640095616
1287,81434.19631879078
1288,81434.19631047783
1289,81434.19643286077
1290,81434.19646289351
1291,81434.19642939752
1292,81434.1963993629
1293,81434.196272822
1294,81434.19631111957
1295,81434.19643140826
1296,81434.19635549394
1297,81434.19631811407
1298,81434.1963437754
1299,81434.19641839327
1300,81434.19638562715
1301,81434.1964671415
1302,81434.19631598282
1303,81434.19638083068
1304,81434.19633035485
1305,81434.1962838452
1306,81434.19645324768
1307,81434.1963489686
1308,81434.1963720401
1309,81434.19629861611
1310,81434.1965775894
1311,81434.19644384229
1312,81434.19627524407
1313,81434.19642332557
1314,81434.19632913602
1315,81434.1962772297
1316,81434.1962692163
1317,81434.1963918623
1318,81434.19634900165
1319,81434.19627249091
1320,81434.1963346035
1321,81434.19646196788
1322,81434.19643064236
1323,80468.47692428374
1324,80468.4769242837
1325,80468.4769242837
1326,80468.4769242837
1327,80468.4769242837
1328,80468.47692428372
1329,80468.47692428369
1330,80468.47692428374
1331,80468.47692428372
1332,80468.47688793855
1333,80468.47679873867
1334,80468.47695235546
1335,80468.47691274289
1336,80468.47713782848
1337,80468.47688332894
1338,80468.47690413032
1339,80468.47694148716
1340,80468.47698768365
1341,80468.47692895454
1342,80468.47697249218
1343,80468.47694899068
1344,80468.47693082395
1345,80468.47690948505
1346,80468.4770077471
1347,80468.47694554
1348,80468.47692069311
1349,80468.47686721737
1350,80468.47700990696
1351,80468.47693513779
1352,80468.47688133894
1353,80468.47692749673
1354,80468.47699507531
1355,80468.47697633876
1356,80468.47695102991
1357,80468.47693861605
1358,80468.47695073136
1359,80468.47694215523
1360,80468.47676437924
1361,80468.4768279306
1362,80468.47700397592
1363,80468.4768498079
1364,80468.47685723343
1365,80468.4768393788
1366,80468.47692581441
1367,80468.47693938525
1368,80468.47687639022
1369,80468.47685638205
1370,80468.47704556285
1371,80468.47702488571
1372,79393.51795214486
1373,79393.51795214493
1374,79393.51795214493
1375,79393.51795214492
1376,79393.51795214493
1377,79393.51795214492
1378,79393.5179521449
1379,79393.51795214486
1380,79393.51795214489
1381,79393.517702308
1382,79393.51790656053
1383,79393.51797335586
1384,79393.5179605153
1385,79393.5181234646
1386,79393.51798729383
1387,79393.51797036623
1388,79393.51800068827
1389,79393.51796595567
1390,79393.51799139814
1391,79393.5179246342
1392,79393.51790798121
1393,79393.51790641574
1394,79393.5179645117
1395,79393.51800570783
1396,79393.51791020602
1397,79393.51784602755
1398,79393.5179031154
1399,79393.51798352435
1400,79393.51794845276
1401,79393.51796394079
1402,79393.51791275704
1403,79393.51799565398
1404,79393.51798393547
1405,79393.51795988622
1406,79393.51797250025
1407,79393.51797502724
1408,79393.51780309329
1409,79393.51774468328
1410,79393.51791403518
1411,79393.51802204845
1412,79393.51795825305
1413,79393.51786325857
1414,79393.51784686204
1415,79393.5179769256
1416,79393.51791323445
1417,79393.51792000368
1418,79393.5178753141
1419,79393.51794508162
1420,79393.51805807686
1421,78247.27963195374
1422,78247.27963195377
1423,78247.27963195376
1424,78247.27963195372
1425,78247.27963195373
1426,78247.27963195374
1427,78247.27963195374
1428,78247.27963195369
1429,78247.27963195372
1430,78247.27938714773
1431,78247.27969493551
1432,78247.27959929928
1433,78247.27964111077
1434,78247.2795268283
1435,78247.2795363566
1436,78247.27983730333
1437,78247.27972152823
1438,78247.27954318665
1439,78247.27973585455
1440,78247.2795226125
1441,78247.27957048803
1442,78247.27960316755
1443,78247.27965782092
1444,78247.27963207902
1445,78247.27965410404
1446,78247.27963535441
1447,78247.27990458318
1448,78247.27967390107
1449,78247.2796261323
1450,78247.27972021261
1451,78247.27955234637
1452,78247.27968404863
1453,78247.27968290944
1454,78247.27959077038
1455,78247.27966291958
1456,78247.27965102233
1457,78247.27944127619
1458,78247.27970393951
1459,78247.27949007878
1460,78247.2796713443
1461,78247.27976449598
1462,78247.27950703273
1463,78247.27956273539
1464,78247.27968261226
1465,78247.27964924816
1466,78247.27966827933
1467,78247.27956787101
1468,78247.27960097892
1469,78247.27976338743
1470,76125.46683979782
1471,76125.46683979785
1472,76125.46683979791
1473,76125.46683979785
1474,76125.46683979787
1475,76125.46683979784
1476,76125.46683979785
1477,76125.46683979782
1478,76125.46683979791
1479,76125.46683991238
1480,76125.4668261003
1481,76125.46679137264
1482,76125.46685921111
1483,76125.46670925098
1484,76125.466823956
1485,76125.46670938516
1486,76125.46672887035
1487,76125.46677662956
1488,76125.46699737731
1489,76125.46673715084
1490,76125.46674893651
1491,76125.46694651697
1492,76125.4668339115
1493,76125.46682697351
1494,76125.46680479986
1495,76125.46693794514
1496,76125.466974466
1497,76125.46677233877
1498,76125.46698687605
1499,76125.46685841438
1500,76125.46681625674
1501,76125.46691088825
1502,76125.4668183604
1503,76125.46699491792
1504,76125.46688187525
1505,76125.46688244227
1506,76125.46687797322
1507,76125.46685309226
1508,76125.46691829382
1509,76125.4668117052
1510,76125.46689792439
1511,76125.46675747746
1512,76125.46677967269
1513,76125.46686666991
1514,76125.46687860377
1515,76125.466876784
1516,76125.46680957562
1517,76125.46676166382
1518,76125.46680275381
1519,73538.3839779248
1520,73538.38397792478
1521,73538.38397792474
1522,73538.3839779248
1523,73538.38397792482
1524,73538.38397792478
1525,73538.38397792482
1526,73538.38397792472
1527,73538.38397792476
1528,73538.38380602332
1529,73538.38403154764
1530,73538.38396056394
1531,73538.38400462877
1532,73538.38396738087
1533,73538.38396648502
1534,73538.38414650035
1535,73538.38383794266
1536,73538.38354839316
1537,73538.38424245363
1538,73538.38391300713
1539,73538.38383342916
1540,73538.38395019037
1541,73538.38396290713
1542,73538.38395717413
1543,73538.38384161647
1544,73538.3840959649
1545,73538.38395607185
1546,73538.3839201966
1547,73538.38420647504
1548,73538.38403150746
1549,73538.38399596029
1550,73538.38417738098
1551,73538.38384032146
1552,73538.38402834527
1553,73538.38407996061
1554,73538.38407139112
1555,73538.38388521953
1556,73538.38383999068
1557,73538.3840520635
1558,73538.38391285353
1559,73538.38414958201
1560,73538.38378576566
1561,73538.38404282555
1562,73538.38396096883
1563,73538.3840352266
1564,73538.38437993215
1565,73538.38405523745
1566,73538.38387130742
1567,73538.38414984079
1568,78198.76691467373
1569,78198.76691467376
1570,78198.76691467379
1571,78198.76691467376
1572,78198.76691467378
1573,78198.76691467373
1574,78198.76691467379
1575,78198.76691467382
1576,78198.76691467379
1577,78198.76755426834
1578,78198.76762780047
1579,78198.7672194984
1580,78198.76699119041
1581,78198.76718184871
1582,78198.7670556072
1583,78198.76649877272
1584,78198.76791865184
1585,78198.7663111163
1586,78198.76778834939
1587,78198.76636846298
1588,78198.76653728765
1589,78198.7671255546
1590,78198.76651544654
1591,78198.76656836661
1592,78198.76647276679
1593,78198.7669119292
1594,78198.76654071348
1595,78198.76659681376
1596,78198.76562264364
1597,78198.76784501768
1598,78198.76738902889
1599,78198.7670521739
1600,78198.76644434404
1601,78198.76685217788
1602,78198.76707280148
1603,78198.76694143248
1604,78198.76721914491
1605,78198.7667801941
1606,78198.76729422862
1607,78198.76670290346
1608,78198.7678942506
1609,78198.76571057284
1610,78198.76787617971
1611,78198.76666641615
1612,78198.76689167832
1613,78198.76671606363
1614,78198.7677123773
1615,78198.76668453177
1616,78198.76662352923
1617,71767.70000466726
1618,71767.70000466726
1619,71767.70000466722
1620,71767.70000466725
1621,71767.70000466723
1622,71767.70000466725
1623,71767.70000466725
1624,71767.7000046672
1625,71767.70000466725
1626,71767.699938094
1627,71767.7000995934
1628,71767.70002030785
1629,71767.70005442864
1630,71767.70005714463
1631,71767.70002330968
1632,71767.70013366753
1633,71767.69983398997
1634,71767.69956694168
1635,71767.70037802676
1636,71767.69988645783
1637,71767.69982019624
1638,71767.69998482362
1639,71767.69993703272
1640,71767.6999364851
1641,71767.69980574369
1642,71767.70009934381
1643,71767.69989192545
1644,71767.6999151772
1645,71767.70025421628
1646,71767.69998582009
1647,71767.70012589396
1648,71767.70023481252
1649,71767.69980801542
1650,71767.70005238235
1651,71767.70010678541
1652,71767.70009473985
1653,71767.69995418304
1654,71767.6998485373
1655,71767.70013475636
1656,71767.6999244664
1657,71767.70019928044
1658,71767.69982802139
1659,71767.7002098021
1660,71767.6999485723
1661,71767.70006456025
1662,71767.70044627255
1663,71767.70019955884
1664,71767.69988240037
1665,71767.70012171756
1666,73176.78268853785
1667,73176.78268853787
1668,73176.7826885379
1669,73176.78268853786
1670,73176.78268853782
1671,73176.78268853793
1672,73176.78268853792
1673,73176.7826885379
1674,73176.78268853786
1675,73176.78346290255
1676,73176.78280634395
1677,73176.78324211045
1678,73176.78278282215
1679,73176.7827606558
1680,73176.78268175636
1681,73176.78224807537
1682,73176.78381340033
1683,73176.78281263995
1684,73176.78326780951
1685,73176.78262098119
1686,73176.78266399217
1687,73176.78267443285
1688,73176.78245284321
1689,73176.78265402254
1690,73176.78259590064
1691,73176.78270357847
1692,73176.78249691478
1693,73176.78237444621
1694,73176.78148439554
1695,73176.78307662274
1696,73176.78302870906
1697,73176.78298723823
1698,73176.78250654391
1699,73176.78249805752
1700,73176.78281465214
1701,73176.78273882918
1702,73176.7829842658
1703,73176.7827728678
1704,73176.78294982716
1705,73176.78260817824
1706,73176.78333003275
1707,73176.78212184353
1708,73176.7831402278
1709,73176.78260476436
1710,73176.78282274063
1711,73176.78196279536
1712,73176.78323075334
1713,73176.7827354378
1714,73176.78248069888
1715,68638.52091873735
1716,68638.5209187374
1717,68638.52091873744
1718,68638.52091873735
1719,68638.52091873738
1720,68638.52091873735
1721,68638.52091873731
1722,68638.52091873735
1723,68638.52091873737
1724,68638.52126136773
1725,68638.52100062314
1726,68638.52112589512
1727,68638.5209860631
1728,68638.52100845652
1729,68638.52095726898
1730,68638.5207602496
1731,68638.52117090028
1732,68638.52081410539
1733,68638.52135498963
1734,68638.52082868159
1735,68638.52080982123
1736,68638.52091581794
1737,68638.52074589448
1738,68638.52088490543
1739,68638.52076739495
1740,68638.52097644699
1741,68638.5207637053
1742,68638.52072402401
1743,68638.5206647462
1744,68638.52098183829
1745,68638.5211568675
1746,68638.52119823536
1747,68638.520721405
1748,68638.52089207468
1749,68638.52100024415
1750,68638.52100295703
1751,68638.52103170707
1752,68638.52084787842
1753,68638.52113447794
1754,68638.52086135
1755,68638.52121416488
1756,68638.5206642586
1757,68638.5212036768
1758,68638.52084633702
1759,68638.52101178575
1760,68638.52083311265
1761,68638.52124302757
1762,68638.52086926733
1763,68638.52085656766
1764,65184.6889889196
1765,65184.688988919464
1766,65184.688988919464
1767,65184.68898891955
1768,65184.68898891956
1769,65184.68898891953
1770,65184.68898891958
1771,65184.688988919595
1772,65184.688988919566
1773,65184.68904134095
1774,65184.68856664029
1775,65184.689024292114
1776,65184.68903084456
1777,65184.689500798544
1778,65184.68895837318
1779,65184.68902837567
1780,65184.688452719776
1781,65184.68904123462
1782,65184.68918892431
1783,65184.68887674371
1784,65184.68881952547
1785,65184.68906305921
1786,65184.6890004959
1787,65184.68887896697
1788,65184.68869251729
1789,65184.68903076959
1790,65184.68831157748
1791,65184.68897970907
1792,65184.68964959333
1793,65184.68847851537
1794,65184.68915268011
1795,65184.68899888058
1796,65184.68901834214
1797,65184.68907332517
1798,65184.688922589026
1799,65184.68895724383
1800,65184.68930816521
1801,65184.68859167828
1802,65184.68895335106
1803,65184.68878672259
1804,65184.68871779716
1805,65184.68930253462
1806,65184.68911954796
1807,65184.6890471426
1808,65184.68908982713
1809,65184.689309159934
1810,65184.68914266513
1811,65184.68915632847
1812,65184.689038039374
1813,60583.51164624935
1814,60583.51164624933
1815,60583.511646249346
1816,60583.51164624933
1817,60583.511646249375
1818,60583.51164624939
1819,60583.5116462494
1820,60583.51164624928
1821,60583.51164624928
1822,60583.51202675961
1823,60583.51140347528
1824,60583.511677683986
1825,60583.511708857564
1826,60583.5115422071
1827,60583.511505073664
1828,60583.51139319856
1829,60583.51147502763
1830,60583.511712501066
1831,60583.511803710644
1832,60583.51153511136
1833,60583.51159494292
1834,60583.51163041778
1835,60583.511577950885
1836,60583.51158329282
1837,60583.511608772664
1838,60583.51180033644
1839,60583.51151999029
1840,60583.51154226182
1841,60583.51178047202
1842,60583.51148524762
1843,60583.511797228115
1844,60583.51168771922
1845,60583.51172334302
1846,60583.51183517023
1847,60583.51145123137
1848,60583.51163936413
1849,60583.5120218696
1850,60583.511912576774
1851,60583.51163142084
1852,60583.51156489258
1853,60583.51162445859
1854,60583.51166850572
1855,60583.511819956824
1856,60583.51172638837
1857,60583.51176920382
1858,60583.5116494298
1859,60583.51181975093
1860,60583.511826859925
1861,60583.51148237138
1862,57903.28946051635
1863,57903.28946051644
1864,57903.289460516375
1865,57903.28946051642
1866,57903.28946051636
1867,57903.2894605164
1868,57903.289460516346
1869,57903.289460516375
1870,57903.28946051635
1871,57903.28973135787
1872,57903.28933347855
1873,57903.28953739707
1874,57903.289496264544
1875,57903.28940222725
1876,57903.28943557552
1877,57903.28936064988
1878,57903.28959204389
1879,57903.28948231647
1880,57903.28954805618
1881,57903.28942787306
1882,57903.28952355932
1883,57903.28922216635
1884,57903.28937751761
1885,57903.28955668773
1886,57903.28949838036
1887,57903.28946877791
1888,57903.28944829351
1889,57903.2893754852
1890,57903.28930097995
1891,57903.289455687685
1892,57903.28956477228
1893,57903.289595645656
1894,57903.28946823494
1895,57903.28946954525
1896,57903.28928710891
1897,57903.28953870235
1898,57903.2895978544
1899,57903.28968478519
1900,57903.28948501314
1901,57903.28947914173
1902,57903.28954196711
1903,57903.28937404344
1904,57903.28957286319
1905,57903.289547118045
1906,57903.289547850974
1907,57903.28934744798
1908,57903.28964163137
1909,57903.28957025322
1910,57903.28945372867
1911,55487.71903706836
1912,55487.71903706836
1913,55487.719037068375
1914,55487.71903706837
1915,55487.719037068346
1916,55487.71903706841
1917,55487.71903706838
1918,55487.71903706837
1919,55487.71903706838
1920,55487.71888759805
1921,55487.71909941872
1922,55487.71900803447
1923,55487.71907572527
1924,55487.71898622777
1925,55487.7190467139
1926,55487.719307005274
1927,55487.71908684607
1928,55487.71897426628
1929,55487.719011784524
1930,55487.71897280782
1931,55487.718996600466
1932,55487.718790588195
1933,55487.718989940025
1934,55487.71910457408
1935,55487.718978831435
1936,55487.71892657969
1937,55487.71902360286
1938,55487.719023581805
1939,55487.71899322868
1940,55487.71892031728
1941,55487.719074671855
1942,55487.71906323683
1943,55487.71906824553
1944,55487.71890468901
1945,55487.71866703037
1946,55487.71907648899
1947,55487.718998075135
1948,55487.71920824596
1949,55487.71896596082
1950,55487.71891364337
1951,55487.719075432185
1952,55487.71907683691
1953,55487.71911470424
1954,55487.71916392518
1955,55487.718983920684
1956,55487.719096568595
1957,55487.719151256315
1958,55487.71897650794
1959,55487.71913083322
1960,53139.546249455925
1961,53139.54624945594
1962,53139.546249455954
1963,53139.54624945594
1964,53139.5462494559
1965,53139.54624945594
1966,53139.54624945594
1967,53139.546249455925
1968,53139.546249455925
1969,53139.546107112656
1970,53139.54630530397
1971,53139.546308231285
1972,53139.54629089564
1973,53139.54626388572
1974,53139.54633641
1975,53139.54637025761
1976,53139.54637558533
1977,53139.546191616726
1978,53139.546256038426
1979,53139.54619864098
1980,53139.54624698115
1981,53139.54614024618
1982,53139.546211926856
1983,53139.546366618146
1984,53139.54621350595
1985,53139.546072683734
1986,53139.54625508482
1987,53139.546205840226
1988,53139.5461921032
1989,53139.54620604016
1990,53139.546240231124
1991,53139.54631622242
1992,53139.54625979871
1993,53139.54614917989
1994,53139.54616002801
1995,53139.54633425705
1996,53139.54610457617
1997,53139.54632381147
1998,53139.546266764446
1999,53139.54617657958
2000,53139.5463232629
2001,53139.54625390562
2002,53139.546211602865
2003,53139.54637051119
2004,53139.546185554864
2005,53139.54625563964
2006,53139.546319932844
2007,53139.54614218331
2008,53139.54627285189
2009,50816.569436340156
2010,50816.56943634013
2011,50816.56943634013
2012,50816.56943634013
2013,50816.56943634015
2014,50816.56943634013
2015,50816.56943634019
2016,50816.569436340185
2017,50816.56943634014
2018,50816.569500464866
2019,50816.56948072197
2020,50816.56950360754
2021,50816.56947218525
2022,50816.569550050954
2023,50816.56958184879
2024,50816.56923149368
2025,50816.5694542715
2026,50816.56943038946
2027,50816.569390789
2028,50816.56947080114
2029,50816.56950892281
2030,50816.56945636559
2031,50816.569437403974
2032,50816.56956257326
2033,50816.56945456795
2034,50816.569364189854
2035,50816.56935085117
2036,50816.56935193928
2037,50816.56942072242
2038,50816.569415025486
2039,50816.56943821555
2040,50816.56954521366
2041,50816.56946148142
2042,50816.56948464082
2043,50816.5693888366
2044,50816.56958494298
2045,50816.56943745373
2046,50816.56941153552
2047,50816.56957529512
2048,50816.56938759364
2049,50816.569499676865
2050,50816.56943778989
2051,50816.56938606933
2052,50816.56954934851
2053,50816.56945500472
2054,50816.56940000797
2055,50816.56945510513
2056,50816.569411068944
2057,50816.56935476589
2058,48913.16985088248
2059,48913.16985088247
2060,48913.16985088247
2061,48913.169850882514
2062,48913.16985088246
2063,48913.16985088251
2064,48913.16985088246
2065,48913.169850882485
2066,48913.16985088248
2067,48913.169708469235
2068,48913.16985954302
2069,48913.169863906835
2070,48913.169880055575
2071,48913.1698425904
2072,48913.16984443155
2073,48913.16981152982
2074,48913.1698103902
2075,48913.169878517925
2076,48913.169701510305
2077,48913.169887257
2078,48913.169820657946
2079,48913.1699138262
2080,48913.169878695975
2081,48913.16986725011
2082,48913.16988939239
2083,48913.16987408998
2084,48913.169862124916
2085,48913.16979771074
2086,48913.17000287758
2087,48913.16968414505
2088,48913.16983837754
2089,48913.169824740144
2090,48913.169957965656
2091,48913.16986622392
2092,48913.16986629465
2093,48913.1699173167
2094,48913.169907135336
2095,48913.16994874421
2096,48913.169798516086
2097,48913.169854252694
2098,48913.16978287064
2099,48913.169974371995
2100,48913.16976280755
2101,48913.16995758518
2102,48913.16986316821
2103,48913.16992034706
2104,48913.169700285885
2105,48913.16988063517
2106,48913.16980273138
2107,47350.61337009864
2108,47350.61337009865
2109,47350.613370098596
2110,47350.61337009867
2111,47350.61337009863
2112,47350.61337009864
2113,47350.613370098625
2114,47350.61337009865
2115,47350.61337009864
2116,47350.61335731906
2117,47350.613317029056
2118,47350.61341205394
2119,47350.61340037459
2120,47350.61349971615
2121,47350.61324377912
2122,47350.61331339323
2123,47350.61329087761
2124,47350.61348457007
2125,47350.61328415762
2126,47350.61339985113
2127,47350.61333733766
2128,47350.6135058797
2129,47350.6133689189
2130,47350.6133384315
2131,47350.61340592608
2132,47350.613517061836
2133,47350.61331795088
2134,47350.61333234005
2135,47350.61355365243
2136,47350.61313421522
2137,47350.61338129859
2138,47350.613349498504
2139,47350.613507197224
2140,47350.61335417311
2141,47350.61339695941
2142,47350.613430358324
2143,47350.61349148929
2144,47350.61339860366
2145,47350.61322297798
2146,47350.61333412464
2147,47350.613287232016
2148,47350.61358506392
2149,47350.61330948039
2150,47350.613476637474
2151,47350.61348584573
2152,47350.61338331361
2153,47350.61333427875
2154,47350.61358677839
2155,47350.613394907305
2156,45964.69655754275
2157,45964.69655754273
2158,45964.69655754273
2159,45964.696557542775
2160,45964.69655754276
2161,45964.696557542775
2162,45964.69655754277
2163,45964.69655754273
2164,45964.69655754276
2165,45964.696345650234
2166,45964.69679533848
2167,45964.69681395236
2168,45964.6965817083
2169,45964.69663849224
2170,45964.69631325267
2171,45964.697083852574
2172,45964.69741054599
2173,45964.695982017685
2174,45964.69666307573
2175,45964.696149895084
2176,45964.69602935148
2177,45964.696461788706
2178,45964.69660071971
2179,45964.696370341226
2180,45964.69600837048
2181,45964.696301606746
2182,45964.69652430881
2183,45964.69672334344
2184,45964.695648286135
2185,45964.69744687204
2186,45964.69638766734
2187,45964.69623879601
2188,45964.69656323753
2189,45964.696223626546
2190,45964.696502933904
2191,45964.69622780046
2192,45964.69669517293
2193,45964.69658950153
2194,45964.69615893149
2195,45964.696497414065
2196,45964.697053383046
2197,45964.69566082411
2198,45964.69645513733
2199,45964.696610158404
2200,45964.696413231526
2201,45964.69664721109
2202,45964.69668162855
2203,45964.69638238851
2204,45964.69677579415
2205,44629.64357608273
2206,44629.64357608271
2207,44629.64357608273
2208,44629.643576082715
2209,44629.643576082715
2210,44629.643576082715
2211,44629.64357608273
2212,44629.64357608273
2213,44629.64357608274
2214,44629.64359441583
2215,44629.643525874184
2216,44629.64363802411
2217,44629.64360763988
2218,44629.64372003121
2219,44629.64342729301
2220,44629.64358215779
2221,44629.643390234596
2222,44629.64378872982
2223,44629.643516028336
2224,44629.64352305773
2225,44629.6434638267
2226,44629.64369732425
2227,44629.64355873991
2228,44629.6435088712
2229,44629.64350493272
2230,44629.6436667221
2231,44629.64351509471
2232,44629.643572383
2233,44629.643940191476
2234,44629.643125708295
2235,44629.64359616244
2236,44629.64351436557
2237,44629.64367441522
2238,44629.6435059458
2239,44629.643657765686
2240,44629.64356575201
2241,44629.64371806972
2242,44629.6435824938
2243,44629.643407874304
2244,44629.6435387684
2245,44629.64342602081
2246,44629.64403507214
2247,44629.64351079443
2248,44629.643668222525
2249,44629.643666647935
2250,44629.643585445185
2251,44629.64359717767
2252,44629.64373615761
2253,44629.643639493166
2254,42892.37274253689
2255,42892.37274253688
2256,42892.37274253688
2257,42892.37274253689
2258,42892.372742536856
2259,42892.37274253687
2260,42892.37274253691
2261,42892.37274253688
2262,42892.37274253689
2263,42892.37266549719
2264,42892.37279557175
2265,42892.37285616398
2266,42892.37276624036
2267,42892.37285401863
2268,42892.37255477769
2269,42892.372968865595
2270,42892.37285863763
2271,42892.3726799819
2272,42892.37273848213
2273,42892.372563152654
2274,42892.372475486816
2275,42892.37277597183
2276,42892.37272505806
2277,42892.372632249244
2278,42892.37249559858
2279,42892.372690783486
2280,42892.37270644679
2281,42892.37280741581
2282,42892.37273922871
2283,42892.37269510623
2284,42892.37269169868
2285,42892.372583077624
2286,42892.37280654161
2287,42892.3725583023
2288,42892.372801525635
2289,42892.37260088186
2290,42892.37287857235
2291,42892.372763805564
2292,42892.37247796293
2293,42892.37270433622
2294,42892.37276420289
2295,42892.372789824854
2296,42892.37266345894
2297,42892.372819716424
2298,42892.37273972413
2299,42892.37279151853
2300,42892.37279866681
2301,42892.37276676936
2302,42892.37286788177
2303,42618.624825942
2304,42618.62482594198
2305,42618.62482594198
2306,42618.624825942024
2307,42618.62482594202
2308,42618.624825942046
2309,42618.62482594206
2310,42618.624825941995
2311,42618.62482594203
2312,42618.62480198036
2313,42618.62507335994
2314,42618.62492815942
2315,42618.6247900634
2316,42618.62477223555
2317,42618.62479552245
2318,42618.62497476236
2319,42618.6251414596
2320,42618.62446972917
2321,42618.62491470831
2322,42618.62475152815
2323,42618.62464694026
2324,42618.62478337061
2325,42618.62487161483
2326,42618.62482327352
2327,42618.624642327595
2328,42618.62471686129
2329,42618.62497805856
2330,42618.6248668677
2331,42618.62439025569
2332,42618.62536376057
2333,42618.62476343051
2334,42618.62477652573
2335,42618.624754163204
2336,42618.62474772289
2337,42618.62480024491
2338,42618.6247305708
2339,42618.62493318682
2340,42618.62483562633
2341,42618.624777327954
2342,42618.624854077876
2343,42618.62513071393
2344,42618.62425247577
2345,42618.62479723795
2346,42618.62481891868
2347,42618.62479201698
2348,42618.6249317699
2349,42618.62487220874
2350,42618.62464933524
2351,42618.62494137304
2352,41921.623780301
2353,41921.62378030102
2354,41921.62378030103
2355,41921.62378030106
2356,41921.623780301044
2357,41921.62378030106
2358,41921.62378030103
2359,41921.62378030104
2360,41921.62378030103
2361,41921.6240400099
2362,41921.623848845644
2363,41921.62373502534
2364,41921.6237726271
2365,41921.62368497642
2366,41921.6238521955
2367,41921.62347046359
2368,41921.62319183627
2369,41921.62401760424
2370,41921.623756932284
2371,41921.62394223634
2372,41921.62389743789
2373,41921.62384621473
2374,41921.6237431718
2375,41921.62388386936
2376,41921.62391579957
2377,41921.623843957044
2378,41921.62399124452
2379,41921.62366931768
2380,41921.62441463101
2381,41921.623230624
2382,41921.62383221013
2383,41921.62393809446
2384,41921.62368040651
2385,41921.62395307852
2386,41921.62395533157
2387,41921.623894047094
2388,41921.623885671404
2389,41921.623807156146
2390,41921.624014473506
2391,41921.623894575554
2392,41921.62354766085
2393,41921.62433198786
2394,41921.62377047403
2395,41921.62377563677
2396,41921.623876614816
2397,41921.62381999579
2398,41921.62376332141
2399,41921.623735446934
2400,41921.62376546093
2401,40485.81124892796
2402,40485.81124892803
2403,40485.81124892801
2404,40485.81124892804
2405,40485.81124892798
2406,40485.81124892798
2407,40485.81124892802
2408,40485.811248927996
2409,40485.811248927974
2410,40485.81127863659
2411,40485.81137326012
2412,40485.8112344293
2413,40485.81121837205
2414,40485.81119588162
2415,40485.81126325546
2416,40485.81125229921
2417,40485.81110821851
2418,40485.811221856
2419,40485.81123931179
2420,40485.81130315448
2421,40485.81121793796
2422,40485.811269426275
2423,40485.81124026203
2424,40485.81129653527
2425,40485.81123148414
2426,40485.811233949964
2427,40485.81137657153
2428,40485.811239028175
2429,40485.811384330445
2430,40485.81117719812
2431,40485.81125647594
2432,40485.81127967538
2433,40485.81120519361
2434,40485.81125556557
2435,40485.811315249295
2436,40485.811252675114
2437,40485.81133696349
2438,40485.81125732596
2439,40485.81128604365
2440,40485.81128807895
2441,40485.81122872821
2442,40485.811297867855
2443,40485.811243044096
2444,40485.8112643464
2445,40485.81127408349
2446,40485.81131803147
2447,40485.81123820687
2448,40485.8111532783
2449,40485.81132096939
2450,40247.268093642175
2451,40247.26809364217
2452,40247.268093642175
2453,40247.26809364213
2454,40247.268093642146
2455,40247.26809364212
2456,40247.26809364218
2457,40247.26809364216
2458,40247.26809364213
2459,40247.268069029946
2460,40247.268214115305
2461,40247.26808417399
2462,40247.26806039126
2463,40247.268085605414
2464,40247.26809808542
2465,40247.2681647791
2466,40247.268022200806
2467,40247.26804508258
2468,40247.26807471654
2469,40247.268122576024
2470,40247.2680352524
2471,40247.2681124068
2472,40247.26808829061
2473,40247.26812980811
2474,40247.26804297523
2475,40247.26806549847
2476,40247.26815754552
2477,40247.26810691733
2478,40247.26816698161
2479,40247.26806098506
2480,40247.268097850705
2481,40247.268098720946
2482,40247.26806662967
2483,40247.26805512387
2484,40247.268141444554
2485,40247.2680808347
2486,40247.26816824317
2487,40247.2680717847
2488,40247.268086492026
2489,40247.26809817725
2490,40247.26809165999
2491,40247.26810243579
2492,40247.26809074709
2493,40247.268119636996
2494,40247.26810844489
2495,40247.268160496154
2496,40247.268088385244
2497,40247.268001886056
2498,40247.26818704756
2499,39628.99209777191
2500,39628.99209777192
2501,39628.99209777192
2502,39628.99209777192
2503,39628.99209777192
2504,39628.99209777192
2505,39628.9920977719
2506,39628.992097771894
2507,39628.992097771916
2508,39628.99199020315
2509,39628.992191021294
2510,39628.99207312353
2511,39628.99206012919
2512,39628.992139917485
2513,39628.992085003716
2514,39628.99221976125
2515,39628.992122013275
2516,39628.99204765407
2517,39628.992056958436
2518,39628.99210349359
2519,39628.99201202033
2520,39628.992099980715
2521,39628.992076966446
2522,39628.99211732502
2523,39628.99203018283
2524,39628.9920541949
2525,39628.99207186141
2526,39628.992130429826
2527,39628.9920730296
2528,39628.9921181767
2529,39628.99210139981
2530,39628.99207083531
2531,39628.99209705215
2532,39628.99203262957
2533,39628.99210378377
2534,39628.99206817961
2535,39628.99214372378
2536,39628.99204169358
2537,39628.99203167856
2538,39628.992092129294
2539,39628.9920997858
2540,39628.99204618276
2541,39628.992104766774
2542,39628.99213476752
2543,39628.992103241464
2544,39628.99215172317
2545,39628.99208692176
2546,39628.992024631574
2547,39628.99219270067
2548,38872.02755776057
2549,38872.027557760564
2550,38872.02755776067
2551,38872.02755776062
2552,38872.02755776063
2553,38872.02755776059
2554,38872.027557760586
2555,38872.02755776059
2556,38872.027557760615
2557,38872.02743803553
2558,38872.02762750232
2559,38872.027533304514
2560,38872.02752711375
2561,38872.02754849482
2562,38872.02753274826
2563,38872.02763691852
2564,38872.027631337296
2565,38872.02750985248
2566,38872.02750982531
2567,38872.02752810318
2568,38872.027468592736
2569,38872.02755064899
2570,38872.027530829306
2571,38872.02757287512
2572,38872.02749596008
2573,38872.02751975497
2574,38872.02749871916
2575,38872.02757639754
2576,38872.02743452868
2577,38872.02764579687
2578,38872.02755601591
2579,38872.02751958906
2580,38872.02754648894
2581,38872.02751847259
2582,38872.02749844731
2583,38872.027527172846
2584,38872.02757765979
2585,38872.02754180918
2586,38872.027494193615
2587,38872.02754334732
2588,38872.02757717646
2589,38872.02743118603
2590,38872.027569316
2591,38872.02759777769
2592,38872.02755324064
2593,38872.02758424319
2594,38872.02756666798
2595,38872.02747406426
2596,38872.027591590384
2597,38331.91351782234
2598,38331.91351782237
2599,38331.91351782235
2600,38331.91351782233
2601,38331.91351782229
2602,38331.913517822344
2603,38331.91351782234
2604,38331.91351782229
2605,38331.913517822315
2606,38331.91336720442
2607,38331.913517782785
2608,38331.91344422888
2609,38331.91347389664
2610,38331.91370070397
2611,38331.91356437431
2612,38331.91355282674
2613,38331.91361278181
2614,38331.91356289228
2615,38331.91344279914
2616,38331.91354452357
2617,38331.91348472969
2618,38331.91346308258
2619,38331.913453678906
2620,38331.91356068243
2621,38331.91355094408
2622,38331.91346325037
2623,38331.91333343466
2624,38331.91353435763
2625,38331.913408448505
2626,38331.91352924449
2627,38331.91352983081
2628,38331.913531355574
2629,38331.913493161395
2630,38331.91352252774
2631,38331.913461747696
2632,38331.91355039633
2633,38331.91345513482
2634,38331.91329660642
2635,38331.91350901418
2636,38331.91356991479
2637,38331.91346107948
2638,38331.91346695516
2639,38331.913539870075
2640,38331.913546977994
2641,38331.91356159948
2642,38331.913530349506
2643,38331.91349440645
2644,38331.91348716254
2645,38331.91358341689
2646,37549.36137260474
2647,37549.361372604726
2648,37549.36137260469
2649,37549.361372604704
2650,37549.361372604704
2651,37549.3613726047
2652,37549.36137260472
2653,37549.3613726047
2654,37549.361372604704
2655,37549.36132838907
2656,37549.361382669944
2657,37549.361360970805
2658,37549.36135063814
2659,37549.361373931104
2660,37549.361364030796
2661,37549.36137744148
2662,37549.3614246478
2663,37549.36137383841
2664,37549.36132636693
2665,37549.361380929025
2666,37549.36135901521
2667,37549.36136457634
2668,37549.361368811806
2669,37549.3614160543
2670,37549.36142964685
2671,37549.361379101945
2672,37549.361329658605
2673,37549.36136258289
2674,37549.3612699713
2675,37549.361416606014
2676,37549.36137215591
2677,37549.3613995439
2678,37549.361324489844
2679,37549.36138404793
2680,37549.36131825393
2681,37549.36141019492
2682,37549.36132993075
2683,37549.36133241664
2684,37549.361376481225
2685,37549.36136072823
2686,37549.36136945829
2687,37549.36129257478
2688,37549.361376311106
2689,37549.36139754427
2690,37549.36141643253
2691,37549.36136352558
2692,37549.3613940985
2693,37549.361334555026
2694,37549.36138395223
2695,37129.35368149748
2696,37129.35368149752
2697,37129.353681497516
2698,37129.35368149752
2699,37129.35368149753
2700,37129.353681497516
2701,37129.35368149749
2702,37129.35368149753
2703,37129.35368149751
2704,37129.3537600524
2705,37129.353677777195
2706,37129.353702555505
2707,37129.35367220423
2708,37129.35367967911
2709,37129.35367055779
2710,37129.35359636895
2711,37129.35369818801
2712,37129.35368546643
2713,37129.35366035379
2714,37129.35368178294
2715,37129.35365922841
2716,37129.35368902452
2717,37129.35368642251
2718,37129.35370966549
2719,37129.353728918395
2720,37129.353694163154
2721,37129.353663586524
2722,37129.353647376935
2723,37129.353607215984
2724,37129.35372207113
2725,37129.3536698744
2726,37129.35370913601
2727,37129.35363032765
2728,37129.353734697834
2729,37129.35365446114
2730,37129.353713542354
2731,37129.35370204234
2732,37129.353663913156
2733,37129.35372279458
2734,37129.353690272495
2735,37129.35368547924
2736,37129.35360797361
2737,37129.353669906974
2738,37129.35369063671
2739,37129.353731368516
2740,37129.353660184745
2741,37129.35371854769
2742,37129.35365688211
2743,37129.353638188695
2744,36708.78743304309
2745,36708.78743304308
2746,36708.78743304308
2747,36708.78743304309
2748,36708.78743304309
2749,36708.787433043086
2750,36708.78743304311
2751,36708.78743304311
2752,36708.787433043115
2753,36708.787470689276
2754,36708.78737650673
2755,36708.787440392094
2756,36708.787423221416
2757,36708.78738434551
2758,36708.78739155494
2759,36708.78745170507
2760,36708.78740560226
2761,36708.787471575975
2762,36708.78739320886
2763,36708.78746852198
2764,36708.787449950236
2765,36708.787428713404
2766,36708.78746056108
2767,36708.78746919924
2768,36708.78754312089
2769,36708.78745135217
2770,36708.78752777424
2771,36708.78742867198
2772,36708.78747337999
2773,36708.78733697103
2774,36708.787434380516
2775,36708.78747678152
2776,36708.78740707727
2777,36708.787438528714
2778,36708.78746640453
2779,36708.78747769383
2780,36708.78741031824
2781,36708.7874893266
2782,36708.787414815524
2783,36708.787449329306
2784,36708.78738527002
2785,36708.787503524705
2786,36708.78744749371
2787,36708.78742345003
2788,36708.78749149974
2789,36708.787410978446
2790,36708.78745617833
2791,36708.78743977983
2792,36708.787453267454
2793,36464.34704127912
2794,36464.34704127915
2795,36464.34704127914
2796,36464.347041279136
2797,36464.347041279136
2798,36464.34704127912
2799,36464.347041279114
2800,36464.34704127912
2801,36464.34704127912
2802,36464.3471045105
2803,36464.34700439406
2804,36464.347064892354
2805,36464.34702860059
2806,36464.3470127414
2807,36464.347002492796
2808,36464.347029726705
2809,36464.34704014069
2810,36464.34702143972
2811,36464.34703580535
2812,36464.347040856555
2813,36464.347021268324
2814,36464.34708088038
2815,36464.34707634806
2816,36464.3470512738
2817,36464.34708823579
2818,36464.34706932935
2819,36464.34707484271
2820,36464.3470316549
2821,36464.34701763025
2822,36464.34704592553
2823,36464.34703254537
2824,36464.34705509193
2825,36464.34703869907
2826,36464.347042474496
2827,36464.347066214454
2828,36464.347056366
2829,36464.34707009848
2830,36464.347072170516
2831,36464.34702972036
2832,36464.34701985597
2833,36464.347045725546
2834,36464.347014594576
2835,36464.34705823695
2836,36464.34700390696
2837,36464.347086169735
2838,36464.34702699707
2839,36464.34707100231
2840,36464.34704512049
2841,36464.34702901407
2842,36281.65877649685
2843,36281.658776496835
2844,36281.65877649688
2845,36281.65877649686
2846,36281.65877649687
2847,36281.658776496864
2848,36281.65877649687
2849,36281.65877649685
2850,36281.65877649686
2851,36281.65882616415
2852,36281.65876688922
2853,36281.658800770594
2854,36281.658756621444
2855,36281.65875500795
2856,36281.65877317589
2857,36281.658757359975
2858,36281.658769185764
2859,36281.65873511107
2860,36281.65877605289
2861,36281.65875534499
2862,36281.658742163876
2863,36281.6587798609
2864,36281.658813076596
2865,36281.65878713082
2866,36281.658782167775
2867,36281.658760728125
2868,36281.658783605526
2869,36281.65877276166
2870,36281.658752996074
2871,36281.658800836885
2872,36281.65876873125
2873,36281.658772391595
2874,36281.65878631981
2875,36281.65877053715
2876,36281.65879980273
2877,36281.65877492129
2878,36281.658809176384
2879,36281.65878960826
2880,36281.658785421285
2881,36281.658774215946
2882,36281.65879810999
2883,36281.65873082669
2884,36281.658795009585
2885,36281.658736823716
2886,36281.6587929691
2887,36281.65877161539
2888,36281.65879526455
2889,36281.658747800466
2890,36281.65875688619
2891,36124.1094223781
2892,36124.109422378075
2893,36124.10942237807
2894,36124.10942237807
2895,36124.1094223781
2896,36124.1094223781
2897,36124.10942237808
2898,36124.10942237808
2899,36124.1094223781
2900,36124.109392946164
2901,36124.109389419806
2902,36124.10943135236
2903,36124.10941464631
2904,36124.109438264575
2905,36124.109375205495
2906,36124.109456958104
2907,36124.10940862919
2908,36124.109413054815
2909,36124.109402404436
2910,36124.10937303175
2911,36124.10935453879
2912,36124.10948688413
2913,36124.10945048144
2914,36124.10940019392
2915,36124.109382622955
2916,36124.10943904857
2917,36124.10934214569
2918,36124.10943197609
2919,36124.10944317731
2920,36124.10937713371
2921,36124.109416012776
2922,36124.109378759924
2923,36124.109471868105
2924,36124.10937079588
2925,36124.109451648044
2926,36124.10939524113
2927,36124.10944948418
2928,36124.10940646029
2929,36124.1093593199
2930,36124.109353311644
2931,36124.10940695132
2932,36124.10944332562
2933,36124.109446043585
2934,36124.10939364383
2935,36124.109434449885
2936,36124.109421305184
2937,36124.1094229418
2938,36124.10943206901
2939,36124.109422830516
2940,36062.50023735201
2941,36062.50023735201
2942,36062.50023735199
2943,36062.500237352026
2944,36062.50023735202
2945,36062.50023735201
2946,36062.500237352
2947,36062.50023735201
2948,36062.50023735201
2949,36062.50007041597
2950,36062.5002589065
2951,36062.50022102327
2952,36062.500213417006
2953,36062.50021240558
2954,36062.50023365524
2955,36062.50037742045
2956,36062.50039502387
2957,36062.50011875018
2958,36062.5002399558
2959,36062.50018082566
2960,36062.500165820034
2961,36062.50020440889
2962,36062.50028801082
2963,36062.50022857223
2964,36062.50020142879
2965,36062.50018442034
2966,36062.50020594962
2967,36062.50028185871
2968,36062.50004474573
2969,36062.50042824153
2970,36062.500239568224
2971,36062.50018054547
2972,36062.500306702095
2973,36062.50015741029
2974,36062.50021810773
2975,36062.50019369055
2976,36062.50018814988
2977,36062.500236956184
2978,36062.50014371082
2979,36062.500220584036
2980,36062.50031940291
2981,36062.50003256083
2982,36062.50027360257
2983,36062.50019998599
2984,36062.50020060523
2985,36062.50025127848
2986,36062.50018918403
2987,36062.50019742719
2988,36062.500266792544
2989,35872.7549141942
2990,35872.75491419421
2991,35872.75491419421
2992,35872.75491419422
2993,35872.754914194215
2994,35872.75491419418
2995,35872.75491419419
2996,35872.75491419418
2997,35872.75491419419
2998,35872.7548315676
2999,35872.75491473893
3000,35872.75489441562
3001,35872.754904302645
3002,35872.754886026734
3003,35872.75490886711
3004,35872.75495621187
3005,35872.75495700478
3006,35872.754880728826
3007,35872.754895625265
3008,35872.75487939603
3009,35872.75486290916
3010,35872.75490049827
3011,35872.7549418456
3012,35872.754904998634
3013,35872.75490074918
3014,35872.754885050286
3015,35872.75488411755
3016,35872.75493013304
3017,35872.75485391202
3018,35872.75495803513
3019,35872.75491340328
3020,35872.75487746396
3021,35872.75495710493
3022,35872.75488835056
3023,35872.75491702448
3024,35872.75489340069
3025,35872.75489554712
3026,35872.75491659173
3027,35872.754869527285
3028,35872.75491829512
3029,35872.754925724774
3030,35872.7548461535
3031,35872.754937555466
3032,35872.754888158015
3033,35872.75490540823
3034,35872.75491812683
3035,35872.75487555576
3036,35872.75488858551
3037,35872.754902932786
3038,35734.413712012145
3039,35734.41371201213
3040,35734.41371201217
3041,35734.41371201213
3042,35734.413712012145
3043,35734.41371201213
3044,35734.41371201214
3045,35734.413712012145
3046,35734.413712012145
3047,35734.41368777623
3048,35734.41369598597
3049,35734.41368529175
3050,35734.41372054977
3051,35734.41366532053
3052,35734.413697598524
3053,35734.413683597566
3054,35734.413685467276
3055,35734.41374499839
3056,35734.41368199467
3057,35734.41369166932
3058,35734.41367435291
3059,35734.413706403575
3060,35734.413717688425
3061,35734.41369391389
3062,35734.413714052236
3063,35734.41370709951
3064,35734.41369829294
3065,35734.41370818784
3066,35734.41373513063
3067,35734.41365562939
3068,35734.41370748567
3069,35734.413686416054
3070,35734.41374254151
3071,35734.41373225768
3072,35734.41372779656
3073,35734.41370412412
3074,35734.41371532248
3075,35734.413735266506
3076,35734.41369284054
3077,35734.41374455778
3078,35734.41367231571
3079,35734.4137364628
3080,35734.413725377584
3081,35734.413687983564
3082,35734.413722545425
3083,35734.413709513734
3084,35734.4136736477
3085,35734.41370571765
3086,35734.41366419966
3087,35595.23406874739
3088,35595.234068747406
3089,35595.23406874738
3090,35595.23406874739
3091,35595.23406874738
3092,35595.234068747384
3093,35595.234068747384
3094,35595.23406874739
3095,35595.2340687474
3096,35595.234084731885
3097,35595.23406016423
3098,35595.2340427393
3099,35595.23409272275
3100,35595.23400645404
3101,35595.23404931459
3102,35595.234003575235
3103,35595.23402567033
3104,35595.23412673142
3105,35595.23404322107
3106,35595.23405602932
3107,35595.23404053624
3108,35595.234061722316
3109,35595.234061430405
3110,35595.23404488435
3111,35595.23407409784
3112,35595.2340803117
3113,35595.23407114088
3114,35595.23405457441
3115,35595.23410595281
3116,35595.23399058638
3117,35595.23406072558
3118,35595.23405325221
3119,35595.23409035725
3120,35595.23411361039
3121,35595.234080783535
3122,35595.23406900817
3123,35595.23408366702
3124,35595.23411075065
3125,35595.23406454341
3126,35595.23411740258
3127,35595.234018880255
3128,35595.23411003125
3129,35595.23407228644
3130,35595.23404490972
3131,35595.23408892173
3132,35595.23406293366
3133,35595.23403519137
3134,35595.234074952714
3135,35595.23399747959
3136,35363.00331128624
3137,35363.00331128626
3138,35363.00331128623
3139,35363.003311286266
3140,35363.003311286244
3141,35363.00331128625
3142,35363.00331128627
3143,35363.003311286244
3144,35363.003311286244
3145,35363.003345835634
3146,35363.00334459322
3147,35363.00330887256
3148,35363.003332430075
3149,35363.00330320593
3150,35363.003311969995
3151,35363.00328020698
3152,35363.00327029049
3153,35363.00335356975
3154,35363.00330284326
3155,35363.00331551878
3156,35363.00330413516
3157,35363.003329403655
3158,35363.003319685726
3159,35363.00330606097
3160,35363.003313933456
3161,35363.003332031476
3162,35363.00327764798
3163,35363.003301567354
3164,35363.00335149131
3165,35363.00322814978
3166,35363.003303680605
3167,35363.0033302806
3168,35363.003316664595
3169,35363.00331405171
3170,35363.00331627508
3171,35363.003334060966
3172,35363.00330485833
3173,35363.003300552744
3174,35363.003326433056
3175,35363.00328683564
3176,35363.0032894174
3177,35363.00335650001
3178,35363.00330648463
3179,35363.003291056026
3180,35363.00333961888
3181,35363.00330477993
3182,35363.00330699241
3183,35363.00332475421
3184,35363.003268638015
3185,35252.632245032626
3186,35252.632245032626
3187,35252.63224503262
3188,35252.632245032626
3189,35252.63224503262
3190,35252.63224503261
3191,35252.63224503261
3192,35252.63224503262
3193,35252.63224503261
3194,35252.63227223969
3195,35252.632305583065
3196,35252.632226611146
3197,35252.63226899924
3198,35252.63222404294
3199,35252.63227978401
3200,35252.63221722276
3201,35252.6322618576
3202,35252.63224457507
3203,35252.632264594424
3204,35252.63224947951
3205,35252.63223365546
3206,35252.632202479705
3207,35252.63224875436
3208,35252.632236030506
3209,35252.632233254975
3210,35252.632238783815
3211,35252.632240793006
3212,35252.63224853516
3213,35252.632186075316
3214,35252.63228743188
3215,35252.63224652641
3216,35252.63225711623
3217,35252.6322735814
3218,35252.63225930711
3219,35252.63222719217
3220,35252.6322534863
3221,35252.6322462424
3222,35252.632253406635
3223,35252.63226385444
3224,35252.63227845162
3225,35252.63227060973
3226,35252.632174232815
3227,35252.632252669515
3228,35252.63221003442
3229,35252.632246949775
3230,35252.63224611685
3231,35252.63222433431
3232,35252.632251548544
3233,35252.632191700795
3234,35128.74466340288
3235,35128.74466340288
3236,35128.7446634029
3237,35128.744663402904
3238,35128.744663402904
3239,35128.74466340289
3240,35128.744663402904
3241,35128.74466340289
3242,35128.7446634029
3243,35128.74467835232
3244,35128.744717982554
3245,35128.74465466478
3246,35128.74468700906
3247,35128.744667692845
3248,35128.74468494717
3249,35128.74467795211
3250,35128.74468347308
3251,35128.74466454592
3252,35128.7446810942
3253,35128.74467250466
3254,35128.74465754776
3255,35128.74463269209
3256,35128.74466814323
3257,35128.74466005071
3258,35128.744650971326
3259,35128.7446684333
3260,35128.744657368545
3261,35128.74467841898
3262,35128.744614368414
3263,35128.74468539559
3264,35128.74466624299
3265,35128.7446846485
3266,35128.74468836248
3267,35128.74465000428
3268,35128.74464925532
3269,35128.7446765095
3270,35128.744656595336
3271,35128.74466287873
3272,35128.744656388284
3273,35128.744667849096
3274,35128.74468496477
3275,35128.744611877926
3276,35128.74467370754
3277,35128.74463682767
3278,35128.74467284013
3279,35128.74466223944
3280,35128.74466340345
3281,35128.744686623104
3282,35128.74464759209
3283,34854.66820682128
3284,34854.6682068213
3285,34854.668206821305
3286,34854.668206821276
3287,34854.66820682129
3288,34854.66820682123
3289,34854.66820682129
3290,34854.66820682127
3291,34854.66820682127
3292,34854.6682147688
3293,34854.6682432189
3294,34854.66821052922
3295,34854.66822126667
3296,34854.668240995365
3297,34854.668233094686
3298,34854.6682626002
3299,34854.66820469496
3300,34854.66821188023
3301,34854.66821667427
3302,34854.66822951558
3303,34854.66821505886
3304,34854.668193648955
3305,34854.66821495603
3306,34854.668220979904
3307,34854.66819685973
3308,34854.66821805936
3309,34854.66821049312
3310,34854.66823966845
3311,34854.66819165852
3312,34854.668191692086
3313,34854.66821478979
3314,34854.668244080334
3315,34854.668225706475
3316,34854.668167391836
3317,34854.66820468789
3318,34854.66822487165
3319,34854.66820354556
3320,34854.66819298915
3321,34854.66818543729
3322,34854.668181695844
3323,34854.66821510826
3324,34854.66818947071
3325,34854.66822814735
3326,34854.66819393266
3327,34854.66821879299
3328,34854.66820274522
3329,34854.66823658054
3330,34854.66823935945
3331,34854.66824171591
3332,34542.727856135185
3333,34542.727856135185
3334,34542.72785613519
3335,34542.72785613516
3336,34542.72785613517
3337,34542.72785613517
3338,34542.72785613517
3339,34542.72785613519
3340,34542.72785613519
3341,34542.72788518888
3342,34542.72787367393
3343,34542.72787183878
3344,34542.72786856265
3345,34542.72790341031
3346,34542.727877777164
3347,34542.72789258628
3348,34542.727852933815
3349,34542.72785411476
3350,34542.72786846447
3351,34542.72786550012
3352,34542.72785196489
3353,34542.72789540947
3354,34542.72785974109
3355,34542.7278671224
3356,34542.72781778455
3357,34542.72788874859
3358,34542.727844661975
3359,34542.727887302026
3360,34542.7278220984
3361,34542.72787724628
3362,34542.72786421833
3363,34542.72788544651
3364,34542.72788008674
3365,34542.72781871563
3366,34542.727849659226
3367,34542.727864964596
3368,34542.72788411971
3369,34542.72782668568
3370,34542.72783489645
3371,34542.72778577583
3372,34542.727869455826
3373,34542.72780356801
3374,34542.72787611055
3375,34542.72785430703
3376,34542.72785842498
3377,34542.72784373741
3378,34542.72790831864
3379,34542.72789333545
3380,34542.72789123083
3381,34517.03402799108
3382,34517.034027991074
3383,34517.03402799105
3384,34517.03402799109
3385,34517.03402799105
3386,34517.034027991074
3387,34517.0340279911
3388,34517.03402799105
3389,34517.034027991045
3390,34517.03387512319
3391,34517.03394924383
3392,34517.034046252345
3393,34517.03401773197
3394,34517.03407538763
3395,34517.03412497051
3396,34517.034133019544
3397,34517.033910120765
3398,34517.03413083842
3399,34517.033983366535
3400,34517.034043789594
3401,34517.034069810805
3402,34517.03400815428
3403,34517.03401889364
3404,34517.03406682895
3405,34517.03405368278
3406,34517.03398457873
3407,34517.0341115222
3408,34517.03411068208
3409,34517.03416005427
3410,34517.03382301706
3411,34517.03404954757
3412,34517.03405686338
3413,34517.03405450697
3414,34517.0340135782
3415,34517.03404848935
3416,34517.03403708545
3417,34517.03393610802
3418,34517.033997931234
3419,34517.033944687995
3420,34517.03404232485
3421,34517.0338585769
3422,34517.03415140034
3423,34517.03408339699
3424,34517.0340552422
3425,34517.0339872148
3426,34517.0340355329
3427,34517.03404248242
3428,34517.03404057434
3429,34517.03409896828
3430,33954.515578159095
3431,33954.5155781591
3432,33954.5155781591
3433,33954.515578159095
3434,33954.51557815909
3435,33954.5155781591
3436,33954.51557815909
3437,33954.51557815909
3438,33954.5155781591
3439,33954.51557487395
3440,33954.515577500024
3441,33954.515604172695
3442,33954.51555021769
3443,33954.51557098884
3444,33954.515653045586
3445,33954.51558760956
3446,33954.51551308013
3447,33954.51558412302
3448,33954.51557308147
3449,33954.5155922146
3450,33954.51561283252
3451,33954.51560732265
3452,33954.5155927071
3453,33954.51562057349
3454,33954.51558371212
3455,33954.51556359887
3456,33954.5156414122
3457,33954.51560631897
3458,33954.51560238703
3459,33954.51555401181
3460,33954.515593719676
3461,33954.51561446633
3462,33954.5155788399
3463,33954.51557243761
3464,33954.51558405581
3465,33954.51559481071
3466,33954.51555084088
3467,33954.51554954191
3468,33954.51559374098
3469,33954.51552597184
3470,33954.515557135404
3471,33954.51555317564
3472,33954.515604394204
3473,33954.51558988673
3474,33954.515552220364
3475,33954.5155722862
3476,33954.51562627562
3477,33954.515554040074
3478,33954.51561406748
3479,33699.10393259059
3480,33699.10393259058
3481,33699.103932590595
3482,33699.103932590566
3483,33699.10393259056
3484,33699.10393259058
3485,33699.1039325906
3486,33699.10393259057
3487,33699.1039325906
3488,33699.10394191429
3489,33699.10393526287
3490,33699.10395038752
3491,33699.10393593666
3492,33699.103904116055
3493,33699.103962149165
3494,33699.103909315985
3495,33699.103905936776
3496,33699.103939910485
3497,33699.103939162225
3498,33699.10391684099
3499,33699.10392911123
3500,33699.10395936747
3501,33699.10393274247
3502,33699.10393675813
3503,33699.10389918556
3504,33699.103951707286
3505,33699.10395695406
3506,33699.10395075103
3507,33699.103902511284
3508,33699.10396588546
3509,33699.10393802239
3510,33699.103941664645
3511,33699.103943732305
3512,33699.10394627669
3513,33699.10392540408
3514,33699.10393740083
3515,33699.10392247291
3516,33699.10391362654
3517,33699.10394047457
3518,33699.103891222876
3519,33699.1039219331
3520,33699.103860163435
3521,33699.103938229644
3522,33699.10394129124
3523,33699.10391138272
3524,33699.10391480186
3525,33699.10397784671
3526,33699.10392902828
3527,33699.103944201255
3528,33336.80450814499
3529,33336.804508144975
3530,33336.804508144996
3531,33336.80450814499
3532,33336.804508144975
3533,33336.804508144975
3534,33336.804508144975
3535,33336.80450814495
3536,33336.804508144975
3537,33336.804513849376
3538,33336.804527724
3539,33336.804532006994
3540,33336.80451846747
3541,33336.804446276954
3542,33336.80450470418
3543,33336.80443543423
3544,33336.804506932385
3545,33336.80450473695
3546,33336.804517006494
3547,33336.804476262325
3548,33336.80449118632
3549,33336.80452651541
3550,33336.80451447791
3551,33336.80450074868
3552,33336.80447618424
3553,33336.80452647733
3554,33336.80450595042
3555,33336.80450144635
3556,33336.804442811655
3557,33336.80458428881
3558,33336.8045041293
3559,33336.80450715413
3560,33336.80450972481
3561,33336.8045504069
3562,33336.80449740888
3563,33336.804509912276
3564,33336.8044698611
3565,33336.804480381885
3566,33336.8045373478
3567,33336.80448683076
3568,33336.804516660006
3569,33336.80439698372
3570,33336.80449024243
3571,33336.804514949865
3572,33336.80448571279
3573,33336.80447997806
3574,33336.80454314799
3575,33336.80449671934
3576,33336.804499282895
3577,33095.08873190933
3578,33095.08873190935
3579,33095.08873190935
3580,33095.08873190935
3581,33095.08873190936
3582,33095.088731909345
3583,33095.08873190933
3584,33095.088731909294
3585,33095.08873190934
3586,33095.08884277428
3587,33095.08872038138
3588,33095.08875553686
3589,33095.08878539415
3590,33095.088708453455
3591,33095.08859113328
3592,33095.08863757322
3593,33095.08869368896
3594,33095.088741359985
3595,33095.08875954323
3596,33095.088663326176
3597,33095.08868317915
3598,33095.08879284575
3599,33095.088731178876
3600,33095.088672593294
3601,33095.08864343992
3602,33095.088831855544
3603,33095.088623955235
3604,33095.08868615924
3605,33095.08873293965
3606,33095.08876098956
3607,33095.08874075702
3608,33095.088675573854
3609,33095.08877053109
3610,33095.088771527044
3611,33095.08869903982
3612,33095.088668914286
3613,33095.08878923974
3614,33095.088678713764
3615,33095.08871185601
3616,33095.08866730827
3617,33095.08872384476
3618,33095.088668554934
3619,33095.08873588149
3620,33095.08871421638
3621,33095.08869534101
3622,33095.088702655055
3623,33095.088717226674
3624,33095.08884558412
3625,33095.088679586246
3626,32642.725125964087
3627,32642.72512596407
3628,32642.72512596406
3629,32642.72512596408
3630,32642.72512596409
3631,32642.725125964087
3632,32642.72512596408
3633,32642.72512596408
3634,32642.725125964094
3635,32642.725094088662
3636,32642.72515801628
3637,32642.725174787345
3638,32642.725086784503
3639,32642.725151202747
3640,32642.725109519513
3641,32642.7251417414
3642,32642.725250051764
3643,32642.72503670925
3644,32642.72512011692
3645,32642.725076948616
3646,32642.7251143236
3647,32642.725065245486
3648,32642.72517233567
3649,32642.725146004257
3650,32642.72512728373
3651,32642.725064386843
3652,32642.724995803816
3653,32642.725121656273
3654,32642.725000462848
3655,32642.725285132357
3656,32642.725134433436
3657,32642.72511558209
3658,32642.72513904173
3659,32642.725093625646
3660,32642.72512840021
3661,32642.725092830842
3662,32642.725069675857
3663,32642.72502643672
3664,32642.725148708687
3665,32642.72512930125
3666,32642.72523407537
3667,32642.72494757746
3668,32642.72513101524
3669,32642.72512453581
3670,32642.725042060472
3671,32642.725100183867
3672,32642.725104722023
3673,32642.725118865965
3674,32642.725172659997
3675,32351.006910493696
3676,32351.00691049372
3677,32351.00691049373
3678,32351.006910493674
3679,32351.006910493714
3680,32351.00691049371
3681,32351.006910493696
3682,32351.006910493707
3683,32351.006910493714
3684,32351.007011252692
3685,32351.00691456973
3686,32351.006966378933
3687,32351.006940367406
3688,32351.006851340193
3689,32351.006918326842
3690,32351.006818909755
3691,32351.006894780992
3692,32351.006919510586
3693,32351.00687600629
3694,32351.006906306528
3695,32351.006934196153
3696,32351.00683921243
3697,32351.006938522307
3698,32351.006917900642
3699,32351.006954865145
3700,32351.006864941934
3701,32351.00695310168
3702,32351.006910446536
3703,32351.0069109854
3704,32351.006897290532
3705,32351.006908063082
3706,32351.006919779822
3707,32351.00688256377
3708,32351.00696310056
3709,32351.006920828768
3710,32351.006895205777
3711,32351.00693077309
3712,32351.0069399279
3713,32351.006960603176
3714,32351.007031229958
3715,32351.00689648564
3716,32351.006872573977
3717,32351.006916686307
3718,32351.00690978514
3719,32351.00690976283
3720,32351.006883518967
3721,32351.006895153165
3722,32351.006924654277
3723,32351.006888266995
3724,32101.89431393979
3725,32101.89431393979
3726,32101.89431393976
3727,32101.89431393979
3728,32101.894313939774
3729,32101.894313939803
3730,32101.894313939803
3731,32101.894313939818
3732,32101.894313939803
3733,32101.894404954906
3734,32101.894307411992
3735,32101.894375087093
3736,32101.894303587043
3737,32101.89426981587
3738,32101.894330888885
3739,32101.89429567134
3740,32101.894311182812
3741,32101.894292042125
3742,32101.894308043284
3743,32101.894296265134
3744,32101.894347354868
3745,32101.894305011505
3746,32101.89433435033
3747,32101.894330512307
3748,32101.89432960952
3749,32101.894299095096
3750,32101.89434037094
3751,32101.894321322994
3752,32101.894314674944
3753,32101.89432504902
3754,32101.89432730752
3755,32101.894318555904
3756,32101.894299126197
3757,32101.894311650576
3758,32101.89431472841
3759,32101.894293272177
3760,32101.89434831809
3761,32101.89432109775
3762,32101.894343823707
3763,32101.894320794556
3764,32101.89434009844
3765,32101.894262090824
3766,32101.8943404121
3767,32101.894304406025
3768,32101.894288355885
3769,32101.89429482436
3770,32101.894329523246
3771,32101.89432218875
3772,32101.894324470417
3773,31759.78267844788
3774,31759.782678447846
3775,31759.78267844784
3776,31759.782678447853
3777,31759.78267844785
3778,31759.782678447864
3779,31759.782678447868
3780,31759.782678447835
3781,31759.78267844788
3782,31759.782714062538
3783,31759.78263515421
3784,31759.782759650534
3785,31759.78269204875
3786,31759.78267336971
3787,31759.782640392412
3788,31759.782712534972
3789,31759.782666317533
3790,31759.782702108067
3791,31759.782654481263
3792,31759.78265842987
3793,31759.782696968843
3794,31759.782726248508
3795,31759.78270507284
3796,31759.782678880507
3797,31759.782692283847
3798,31759.782706879218
3799,31759.782639242734
3800,31759.782684465805
3801,31759.782730474617
3802,31759.78261138058
3803,31759.782683231384
3804,31759.782682304463
3805,31759.78266198121
3806,31759.782639410143
3807,31759.782679605723
3808,31759.78265902074
3809,31759.782684394006
3810,31759.782647040203
3811,31759.782663847465
3812,31759.782611998133
3813,31759.78266749988
3814,31759.78270085629
3815,31759.782694772694
3816,31759.78268068213
3817,31759.782677067706
3818,31759.78265325892
3819,31759.78269121932
3820,31759.78272881007
3821,31759.782720232935
3822,31208.6775468489
3823,31208.677546848896
3824,31208.677546848907
3825,31208.677546848907
3826,31208.677546848907
3827,31208.677546848907
3828,31208.677546848885
3829,31208.67754684891
3830,31208.6775468489
3831,31208.677519511
3832,31208.677495736392
3833,31208.677608198475
3834,31208.677582371343
3835,31208.677548950585
3836,31208.6774815503
3837,31208.677607312868
3838,31208.67757770919
3839,31208.67756514073
3840,31208.67752277801
3841,31208.67751564624
3842,31208.67753998701
3843,31208.67762790028
3844,31208.677570648375
3845,31208.67751962041
3846,31208.677552087844
3847,31208.677586578153
3848,31208.677475586184
3849,31208.677548683037
3850,31208.677577437284
3851,31208.677520690733
3852,31208.67755022864
3853,31208.677541439876
3854,31208.67753673164
3855,31208.677491360555
3856,31208.67754000899
3857,31208.677518408855
3858,31208.67753950176
3859,31208.677508581754
3860,31208.67749906109
3861,31208.67745844074
3862,31208.677546243463
3863,31208.677547522868
3864,31208.677555938826
3865,31208.67756107207
3866,31208.67753730224
3867,31208.677519892928
3868,31208.67754200408
3869,31208.67760521931
3870,31208.677579689796
3871,30613.28770683983
3872,30613.287706839856
3873,30613.287706839856
3874,30613.287706839845
3875,30613.28770683985
3876,30613.287706839837
3877,30613.287706839845
3878,30613.287706839845
3879,30613.28770683985
3880,30613.287631796586
3881,30613.287651687828
3882,30613.2877194659
3883,30613.287767267746
3884,30613.28780008776
3885,30613.28770063583
3886,30613.287785661956
3887,30613.28773207632
3888,30613.287763665787
3889,30613.2876925324
3890,30613.2876728453
3891,30613.287648591027
3892,30613.287783926004
3893,30613.287691628204
3894,30613.287612371747
3895,30613.287681081118
3896,30613.287721671804
3897,30613.28760565263
3898,30613.287735861122
3899,30613.28773925659
3900,30613.28765843307
3901,30613.28770843235
3902,30613.287683796596
3903,30613.287703973227
3904,30613.287636315228
3905,30613.287683706767
3906,30613.28768432504
3907,30613.287738359326
3908,30613.287622853728
3909,30613.287638325677
3910,30613.28764100678
3911,30613.287648169502
3912,30613.287744743804
3913,30613.287709913246
3914,30613.287729770094
3915,30613.287721177385
3916,30613.28768430711
3917,30613.287719238873
3918,30613.28775921629
3919,30613.287713737584
3920,30565.724239365216
3921,30565.724239365256
3922,30565.724239365256
3923,30565.724239365234
3924,30565.724239365223
3925,30565.72423936524
3926,30565.724239365238
3927,30565.72423936521
3928,30565.724239365205
3929,30565.724113650987
3930,30565.724273717908
3931,30565.724183830203
3932,30565.724312725622
3933,30565.724049932935
3934,30565.72416494194
3935,30565.724163007144
3936,30565.724276526038
3937,30565.724213154394
3938,30565.72424523986
3939,30565.724203690537
3940,30565.724165051328
3941,30565.72431860811
3942,30565.724215551945
3943,30565.724149431473
3944,30565.72425830569
3945,30565.724290826445
3946,30565.724235183166
3947,30565.724153976233
3948,30565.724255537167
3949,30565.724315831136
3950,30565.72422643422
3951,30565.724232030316
3952,30565.72418634236
3953,30565.724291949133
3954,30565.7242297693
3955,30565.724236129045
3956,30565.724164650717
3957,30565.724262706488
3958,30565.72427174322
3959,30565.724246577873
3960,30565.724274074248
3961,30565.724185499625
3962,30565.724142092426
3963,30565.724272982967
3964,30565.72421907005
3965,30565.72421901077
3966,30565.724263877863
3967,30565.724144159904
3968,30565.724186635496
3969,30280.157432990418
3970,30280.157432990418
3971,30280.15743299043
3972,30280.157432990436
3973,30280.157432990425
3974,30280.157432990425
3975,30280.157432990418
3976,30280.15743299043
3977,30280.15743299043
3978,30280.15734616255
3979,30280.157423573448
3980,30280.15741812314
3981,30280.15748845147
3982,30280.157383143945
3983,30280.15741238661
3984,30280.157442773245
3985,30280.157463666776
3986,30280.157445145596
3987,30280.157429893698
3988,30280.157399190004
3989,30280.157377438933
3990,30280.157503054084
3991,30280.15741785322
3992,30280.157347334767
3993,30280.157433923465
3994,30280.157462099025
3995,30280.157391041997
3996,30280.157411244025
3997,30280.157454226337
3998,30280.157448745435
3999,30280.15742890403
4000,30280.157419103125
4001,30280.157407500115
4002,30280.157418154082
4003,30280.15741703626
4004,30280.157422200904
4005,30280.157419717827
4006,30280.157409365333
4007,30280.15742271263
4008,30280.15739656374
4009,30280.157427407397
4010,30280.157422329878
4011,30280.157399375115
4012,30280.15745566464
4013,30280.15742964635
4014,30280.157412595105
4015,30280.157451405554
4016,30280.157407123283
4017,30280.157413133755
4018,29906.231564412352
4019,29906.231564412352
4020,29906.231564412352
4021,29906.23156441235
4022,29906.231564412345
4023,29906.231564412345
4024,29906.23156441234
4025,29906.231564412297
4026,29906.23156441232
4027,29906.231499745285
4028,29906.23161943649
4029,29906.231522995316
4030,29906.23159542519
4031,29906.23144328907
4032,29906.231573510857
4033,29906.23153689887
4034,29906.23155794245
4035,29906.231548527634
4036,29906.231553905185
4037,29906.23155145973
4038,29906.231566536444
4039,29906.231558969048
4040,29906.231566190614
4041,29906.231519901976
4042,29906.23161384133
4043,29906.23158579864
4044,29906.231594007553
4045,29906.231552185625
4046,29906.231569241434
4047,29906.23158989047
4048,29906.23156667591
4049,29906.231562016805
4050,29906.231537365577
4051,29906.2315834235
4052,29906.23155332166
4053,29906.231558328975
4054,29906.231547777657
4055,29906.2315880152
4056,29906.231586909325
4057,29906.231615711367
4058,29906.231549728192
4059,29906.23152375921
4060,29906.23158210228
4061,29906.23155764246
4062,29906.231563980553
4063,29906.231572911456
4064,29906.231555355367
4065,29906.23152293312
4066,29906.231538752592
4067,29475.37258087868
4068,29475.37258087868
4069,29475.37258087868
4070,29475.372580878662
4071,29475.37258087869
4072,29475.372580878684
4073,29475.3725808787
4074,29475.372580878677
4075,29475.372580878684
4076,29475.3726161662
4077,29475.37258705051
4078,29475.37260159526
4079,29475.372568592004
4080,29475.372514812778
4081,29475.372639878333
4082,29475.372540128585
4083,29475.372552092267
4084,29475.37260282126
4085,29475.372606372974
4086,29475.37256763033
4087,29475.37259117534
4088,29475.372549076914
4089,29475.372560331212
4090,29475.372552669556
4091,29475.37261512049
4092,29475.372570171785
4093,29475.37256372468
4094,29475.372553266367
4095,29475.37264388837
4096,29475.372536127856
4097,29475.37258536113
4098,29475.37257961408
4099,29475.37255871441
4100,29475.372595496305
4101,29475.37255656494
4102,29475.372576067613
4103,29475.3726068064
4104,29475.37256393266
4105,29475.37264398566
4106,29475.372620558748
4107,29475.3725760562
4108,29475.37261404479
4109,29475.372596454366
4110,29475.37254219379
4111,29475.372571759628
4112,29475.372578636485
4113,29475.372591339303
4114,29475.372539129177
4115,29475.372545067698
4116,28918.89649212678
4117,28918.8964921268
4118,28918.8964921268
4119,28918.896492126816
4120,28918.896492126783
4121,28918.896492126805
4122,28918.89649212679
4123,28918.896492126783
4124,28918.89649212679
4125,28918.896523001567
4126,28918.89650471432
4127,28918.89645522768
4128,28918.896505307708
4129,28918.89646972348
4130,28918.89651907937
4131,28918.896494067412
4132,28918.89652886578
4133,28918.896489874915
4134,28918.896534690535
4135,28918.896478691673
4136,28918.89646238538
4137,28918.89642677045
4138,28918.896428967746
4139,28918.89645227506
4140,28918.8964889961
4141,28918.896499684415
4142,28918.896469388666
4143,28918.89647529081
4144,28918.89650277558
4145,28918.89652894141
4146,28918.896497355363
4147,28918.89648803148
4148,28918.896476591606
4149,28918.896463323275
4150,28918.896453158355
4151,28918.896491490108
4152,28918.896537851928
4153,28918.89647708156
4154,28918.896490444633
4155,28918.896552781396
4156,28918.896498704416
4157,28918.896471228083
4158,28918.896451353834
4159,28918.896463041507
4160,28918.896479190003
4161,28918.896485934183
4162,28918.896509340062
4163,28918.896486518643
4164,28918.896467915256
4165,28265.76889215233
4166,28265.768892152322
4167,28265.768892152326
4168,28265.768892152322
4169,28265.768892152315
4170,28265.768892152337
4171,28265.768892152322
4172,28265.76889215232
4173,28265.768892152322
4174,28265.768920073453
4175,28265.76889740681
4176,28265.768868910887
4177,28265.768943025443
4178,28265.76891890868
4179,28265.768855538347
4180,28265.76890547008
4181,28265.768893279463
4182,28265.768917719743
4183,28265.76889881585
4184,28265.768907386235
4185,28265.768866104074
4186,28265.76886739395
4187,28265.76886599903
4188,28265.76888360213
4189,28265.76890628352
4190,28265.7689304411
4191,28265.76887028321
4192,28265.768877598835
4193,28265.76893959398
4194,28265.768871894277
4195,28265.76889189504
4196,28265.76889868533
4197,28265.768888374783
4198,28265.768867576553
4199,28265.768861128745
4200,28265.768901235984
4201,28265.768926178534
4202,28265.768866489514
4203,28265.768821893053
4204,28265.7689364261
4205,28265.76884557138
4206,28265.768920302566
4207,28265.76883896119
4208,28265.768907353537
4209,28265.768901847256
4210,28265.768897990103
4211,28265.768881612883
4212,28265.768962910384
4213,28265.768877974926
4214,27658.362480628908
4215,27658.362480628904
4216,27658.362480628897
4217,27658.362480628923
4218,27658.362480628923
4219,27658.362480628908
4220,27658.362480628904
4221,27658.36248062892
4222,27658.362480628908
4223,27658.36249429345
4224,27658.362484757057
4225,27658.36248391869
4226,27658.362498824245
4227,27658.36249587159
4228,27658.36247045844
4229,27658.362506033274
4230,27658.362482838755
4231,27658.3624718971
4232,27658.362463148296
4233,27658.36249295259
4234,27658.362476777653
4235,27658.36249252509
4236,27658.362484253033
4237,27658.36249962047
4238,27658.36249733843
4239,27658.362498424103
4240,27658.362466280956
4241,27658.362470116474
4242,27658.362520631184
4243,27658.362478780567
4244,27658.36247786349
4245,27658.362480820604
4246,27658.36249267378
4247,27658.36247410964
4248,27658.362468079096
4249,27658.36248841877
4250,27658.3625104794
4251,27658.36243877721
4252,27658.36243813102
4253,27658.362459878692
4254,27658.362469267435
4255,27658.36248350294
4256,27658.36246030503
4257,27658.362502009164
4258,27658.362480058808
4259,27658.362494645517
4260,27658.362464670055
4261,27658.362520966362
4262,27658.36248520203
4263,27580.040191962333
4264,27580.040191962347
4265,27580.040191962325
4266,27580.040191962333
4267,27580.040191962336
4268,27580.040191962355
4269,27580.040191962347
4270,27580.040191962325
4271,27580.040191962325
4272,27580.0402158398
4273,27580.040098696427
4274,27580.04025549571
4275,27580.040267042797
4276,27580.040205998685
4277,27580.04013264855
4278,27580.040156642357
4279,27580.04006258554
4280,27580.040343744575
4281,27580.040181096654
4282,27580.040222917283
4283,27580.040167350227
4284,27580.040237353598
4285,27580.04019518428
4286,27580.040209007482
4287,27580.04020739013
4288,27580.040242291227
4289,27580.040175923285
4290,27580.040167567346
4291,27580.040407316257
4292,27580.039933139844
4293,27580.040180953234
4294,27580.040201044198
4295,27580.04017911642
4296,27580.040273903447
4297,27580.040163264326
4298,27580.04022952655
4299,27580.040183129386
4300,27580.040149181234
4301,27580.04013979032
4302,27580.040183332778
4303,27580.04003863742
4304,27580.040462182507
4305,27580.040078192535
4306,27580.04025813259
4307,27580.04022525747
4308,27580.040195882262
4309,27580.04018931824
4310,27580.040261302307
4311,27580.04019583122
4312,27413.432072378942
4313,27413.432072378942
4314,27413.432072378928
4315,27413.432072378935
4316,27413.432072378946
4317,27413.432072378924
4318,27413.432072378946
4319,27413.432072378935
4320,27413.43207237894
4321,27413.43208865304
4322,27413.432033782283
4323,27413.432106465494
4324,27413.43211148435
4325,27413.432079167695
4326,27413.43204415752
4327,27413.432068857728
4328,27413.432014216378
4329,27413.43213208298
4330,27413.43205514806
4331,27413.432091137318
4332,27413.432061433778
4333,27413.432098786467
4334,27413.4320745172
4335,27413.432090009053
4336,27413.432090739712
4337,27413.432104423027
4338,27413.4320604948
4339,27413.432057136164
4340,27413.43218502406
4341,27413.431958918285
4342,27413.43206391665
4343,27413.432075590204
4344,27413.43207329583
4345,27413.432105318436
4346,27413.432055918478
4347,27413.43209311909
4348,27413.432084597654
4349,27413.432033867604
4350,27413.43203137866
4351,27413.432056086072
4352,27413.431999031243
4353,27413.43218755164
4354,27413.432018521777
4355,27413.432108978486
4356,27413.432086835746
4357,27413.43207973157
4358,27413.432064870234
4359,27413.432119606012
4360,27413.432078897527
4361,27065.60847846252
4362,27065.608478462513
4363,27065.60847846249
4364,27065.60847846252
4365,27065.60847846252
4366,27065.60847846251
4367,27065.60847846252
4368,27065.608478462505
4369,27065.608478462505
4370,27065.608479451304
4371,27065.608458627103
4372,27065.60849522144
4373,27065.608480011637
4374,27065.608465647285
4375,27065.608472166667
4376,27065.60849254092
4377,27065.608440169606
4378,27065.608491138762
4379,27065.608468499027
4380,27065.608480211664
4381,27065.60847479114
4382,27065.608481848714
4383,27065.608465101996
4384,27065.608494952146
4385,27065.608484355307
4386,27065.608502596344
4387,27065.608474854555
4388,27065.608477460057
4389,27065.60854173415
4390,27065.60843377735
4391,27065.60847226408
4392,27065.608471539006
4393,27065.608492748794
4394,27065.608510758855
4395,27065.60846497315
4396,27065.608499942857
4397,27065.608489727772
4398,27065.608436011717
4399,27065.60845482659
4400,27065.60844842704
4401,27065.60843884321
4402,27065.608524150153
4403,27065.608451763008
4404,27065.60848852786
4405,27065.608488716753
4406,27065.6084906976
4407,27065.60848318007
4408,27065.608504454318
4409,27065.608504172316
4410,26822.69077847672
4411,26822.69077847672
4412,26822.690778476735
4413,26822.69077847673
4414,26822.69077847672
4415,26822.690778476735
4416,26822.690778476714
4417,26822.69077847673
4418,26822.69077847672
4419,26822.69076171106
4420,26822.69076885051
4421,26822.690767789445
4422,26822.69076986476
4423,26822.690781208228
4424,26822.690791677524
4425,26822.690797242853
4426,26822.690766537562
4427,26822.690775389037
4428,26822.690776444473
4429,26822.690767177337
4430,26822.690778359327
4431,26822.69076179644
4432,26822.690755669864
4433,26822.690796994248
4434,26822.69077545905
4435,26822.690774778446
4436,26822.690762797905
4437,26822.69078291279
4438,26822.690803779973
4439,26822.690791829842
4440,26822.690779620414
4441,26822.690766674386
4442,26822.690796783638
4443,26822.690813727146
4444,26822.690756659696
4445,26822.69079086781
4446,26822.690796293457
4447,26822.69073322302
4448,26822.69076126929
4449,26822.69075449768
4450,26822.690758002802
4451,26822.69078460047
4452,26822.690749957073
4453,26822.690795064816
4454,26822.690763126473
4455,26822.690786155184
4456,26822.69078043363
4457,26822.69079054908
4458,26822.690787302323
4459,26410.346719146437
4460,26410.34671914644
4461,26410.34671914643
4462,26410.346719146433
4463,26410.346719146437
4464,26410.34671914644
4465,26410.346719146448
4466,26410.346719146448
4467,26410.34671914644
4468,26410.34670692599
4469,26410.34671848677
4470,26410.34671518492
4471,26410.346680540264
4472,26410.346704525553
4473,26410.34676253635
4474,26410.346766608545
4475,26410.34671595192
4476,26410.34670070257
4477,26410.34672369701
4478,26410.346696228098
4479,26410.346724133233
4480,26410.34669395782
4481,26410.346684260516
4482,26410.346719984063
4483,26410.34671852507
4484,26410.346709458372
4485,26410.346725438623
4486,26410.346743808404
4487,26410.346716941534
4488,26410.346746556315
4489,26410.34671839079
4490,26410.34670528662
4491,26410.34673842101
4492,26410.346721389287
4493,26410.34671418557
4494,26410.346730292018
4495,26410.346747275005
4496,26410.3467070188
4497,26410.346725962743
4498,26410.346685826044
4499,26410.346717103213
4500,26410.346700198734
4501,26410.34673090602
4502,26410.34669407851
4503,26410.34670589142
4504,26410.346726474447
4505,26410.346741474183
4506,26410.346705626896
4507,26410.346746629817
4508,26089.972964477394
4509,26089.972964477387
4510,26089.97296447739
4511,26089.972964477383
4512,26089.97296447739
4513,26089.97296447739
4514,26089.972964477398
4515,26089.972964477398
4516,26089.972964477398
4517,26089.972962296502
4518,26089.972981919018
4519,26089.972938639832
4520,26089.97297835203
4521,26089.972963095417
4522,26089.9729692783
4523,26089.97293540345
4524,26089.972940757594
4525,26089.972945684487
4526,26089.972962706834
4527,26089.972945503778
4528,26089.972983355616
4529,26089.972934165522
4530,26089.97295275676
4531,26089.972990132068
4532,26089.972982309966
4533,26089.972953912602
4534,26089.972952051656
4535,26089.972968448234
4536,26089.972944687615
4537,26089.973018847606
4538,26089.97296324169
4539,26089.972957905884
4540,26089.97296666598
4541,26089.973026921063
4542,26089.972964644676
4543,26089.97297751627
4544,26089.972983975294
4545,26089.97297109459
4546,26089.972958301023
4547,26089.972972888703
4548,26089.972935157122
4549,26089.97293158357
4550,26089.972965002686
4551,26089.972978797905
4552,26089.97293817104
4553,26089.972968604932
4554,26089.97294303412
4555,26089.972978736503
4556,26089.97296626889
4557,25801.857566365783
4558,25801.857566365783
4559,25801.857566365783
4560,25801.85756636576
4561,25801.857566365783
4562,25801.857566365765
4563,25801.85756636576
4564,25801.857566365772
4565,25801.85756636577
4566,25801.8575426828
4567,25801.857569990432
4568,25801.857565776478
4569,25801.857559716427
4570,25801.857594976667
4571,25801.85758234318
4572,25801.857597943366
4573,25801.85759227855
4574,25801.857543942187
4575,25801.857568085674
4576,25801.857531252932
4577,25801.85757119494
4578,25801.857554529448
4579,25801.857561000194
4580,25801.857573570735
4581,25801.857567773575
4582,25801.857554857863
4583,25801.857533445163
4584,25801.85757346722
4585,25801.85753967217
4586,25801.857620002647
4587,25801.857566833183
4588,25801.857555151106
4589,25801.857568205654
4590,25801.857558090687
4591,25801.85757733289
4592,25801.857568950658
4593,25801.857592053006
4594,25801.857597439564
4595,25801.85756590499
4596,25801.857515606767
4597,25801.857598311482
4598,25801.857531164173
4599,25801.857580488017
4600,25801.85755788818
4601,25801.857515264284
4602,25801.8575650111
4603,25801.857569508666
4604,25801.857564698374
4605,25801.857571574343
4606,25549.91876421328
4607,25549.918764213293
4608,25549.91876421329
4609,25549.918764213282
4610,25549.918764213282
4611,25549.91876421329
4612,25549.91876421329
4613,25549.918764213275
4614,25549.918764213282
4615,25549.918764343027
4616,25549.918789970423
4617,25549.91877816944
4618,25549.91878763788
4619,25549.918725011896
4620,25549.91879746524
4621,25549.918714482334
4622,25549.91875755565
4623,25549.918734816165
4624,25549.918744235263
4625,25549.918760533285
4626,25549.91878669397
4627,25549.918755498504
4628,25549.918770835407
4629,25549.918790978587
4630,25549.918805253576
4631,25549.918764229482
4632,25549.918761608813
4633,25549.918758322096
4634,25549.91874817506
4635,25549.918802215194
4636,25549.91875709542
4637,25549.918769020212
4638,25549.918748450444
4639,25549.918809701125
4640,25549.918794621077
4641,25549.91876985659
4642,25549.9187959759
4643,25549.918810365605
4644,25549.918803960394
4645,25549.91879266438
4646,25549.91876075822
4647,25549.918723004223
4648,25549.918788706207
4649,25549.918763410406
4650,25549.91874674248
4651,25549.918768290885
4652,25549.918737204862
4653,25549.918743091766
4654,25549.91876896732
4655,25308.601510317894
4656,25308.6015103179
4657,25308.601510317894
4658,25308.601510317898
4659,25308.601510317898
4660,25308.601510317894
4661,25308.60151031789
4662,25308.60151031789
4663,25308.601510317898
4664,25308.60153524878
4665,25308.601507951793
4666,25308.60153035163
4667,25308.601525943144
4668,25308.601498286742
4669,25308.60153206239
4670,25308.601496034713
4671,25308.60150403672
4672,25308.60151955288
4673,25308.601516678977
4674,25308.601511184406
4675,25308.601503839993
4676,25308.601519674903
4677,25308.601498166674
4678,25308.601507156854
4679,25308.601520259854
4680,25308.601553225886
4681,25308.601505080438
4682,25308.601509594766
4683,25308.60152763975
4684,25308.60148314828
4685,25308.601508796135
4686,25308.601516302417
4687,25308.60149646182
4688,25308.601522437155
4689,25308.601525749877
4690,25308.601527584582
4691,25308.60154000326
4692,25308.601569603972
4693,25308.601542343982
4694,25308.601529204487
4695,25308.60150235897
4696,25308.601532630702
4697,25308.60150851019
4698,25308.601484536142
4699,25308.601515295468
4700,25308.601502756504
4701,25308.60151865345
4702,25308.601499299857
4703,25308.601522675774
4704,25180.865569611953
4705,25180.865569611942
4706,25180.865569611957
4707,25180.865569611964
4708,25180.865569611957
4709,25180.865569611968
4710,25180.86556961197
4711,25180.865569611957
4712,25180.865569611957
4713,25180.865586015752
4714,25180.865571986018
4715,25180.86558827322
4716,25180.86559740866
4717,25180.86559214008
4718,25180.865570998587
4719,25180.865562520165
4720,25180.865570623107
4721,25180.865599155408
4722,25180.865577263834
4723,25180.865572800496
4724,25180.865560560287
4725,25180.865581701044
4726,25180.865557310968
4727,25180.865571753733
4728,25180.865572060145
4729,25180.865566167602
4730,25180.865549087746
4731,25180.86555981937
4732,25180.86559328708
4733,25180.86552393683
4734,25180.865573038995
4735,25180.865578978533
4736,25180.865556186716
4737,25180.86557267002
4738,25180.865573304225
4739,25180.865587882377
4740,25180.865578607434
4741,25180.865588454853
4742,25180.86556414532
4743,25180.8655799426
4744,25180.865545115605
4745,25180.86561822401
4746,25180.865558651254
4747,25180.865563432802
4748,25180.86555927693
4749,25180.86555818629
4750,25180.86556391
4751,25180.865592638504
4752,25180.865566455042
4753,25049.427619495596
4754,25049.427619495615
4755,25049.4276194956
4756,25049.4276194956
4757,25049.427619495607
4758,25049.427619495596
4759,25049.427619495596
4760,25049.42761949561
4761,25049.427619495596
4762,25049.427622672287
4763,25049.427618184316
4764,25049.427627590227
4765,25049.4276290663
4766,25049.427639195343
4767,25049.42761531089
4768,25049.427629365575
4769,25049.427626614695
4770,25049.4276304655
4771,25049.427632134284
4772,25049.42761590975
4773,25049.4276055463
4774,25049.42763754569
4775,25049.42761754277
4776,25049.427611332016
4777,25049.427610009723
4778,25049.42760771063
4779,25049.42761276476
4780,25049.427604799595
4781,25049.42763561988
4782,25049.42760244275
4783,25049.427624916323
4784,25049.42762435312
4785,25049.427611560994
4786,25049.42762150551
4787,25049.427619572973
4788,25049.42763750757
4789,25049.427616647616
4790,25049.42762867913
4791,25049.427596736146
4792,25049.427601932133
4793,25049.42763262314
4794,25049.42764162573
4795,25049.427605949295
4796,25049.427606461653
4797,25049.427605589135
4798,25049.42761181668
4799,25049.427629200934
4800,25049.42763816689
4801,25049.427620940678
4802,24961.437852941828
4803,24961.43785294183
4804,24961.437852941828
4805,24961.437852941835
4806,24961.437852941828
4807,24961.43785294182
4808,24961.43785294183
4809,24961.437852941828
4810,24961.437852941825
4811,24961.437841454703
4812,24961.43787201232
4813,24961.437834480006
4814,24961.437855230633
4815,24961.437868270892
4816,24961.437854269258
4817,24961.437865243544
4818,24961.43785422355
4819,24961.437852078667
4820,24961.437859742782
4821,24961.4378496767
4822,24961.437844924272
4823,24961.437854751326
4824,24961.437857993744
4825,24961.43784588666
4826,24961.437849335747
4827,24961.437836317808
4828,24961.43786443987
4829,24961.437848615355
4830,24961.437845389846
4831,24961.437866698616
4832,24961.437858040863
4833,24961.4378569828
4834,24961.43784531581
4835,24961.43785085622
4836,24961.437850908907
4837,24961.43787046207
4838,24961.437844918168
4839,24961.4378529909
4840,24961.43782319246
4841,24961.43786027506
4842,24961.43784956744
4843,24961.43784665317
4844,24961.43784497981
4845,24961.437844676413
4846,24961.43784592547
4847,24961.437850137
4848,24961.43785902626
4849,24961.437866655153
4850,24961.43785160638
4851,24889.516803269842
4852,24889.51680326983
4853,24889.516803269842
4854,24889.51680326985
4855,24889.516803269842
4856,24889.516803269846
4857,24889.516803269842
4858,24889.516803269842
4859,24889.516803269842
4860,24889.516794656935
4861,24889.516811927366
4862,24889.51679426303
4863,24889.5167898645
4864,24889.51680176533
4865,24889.5168157036
4866,24889.516807466312
4867,24889.516797636956
4868,24889.516795742267
4869,24889.516806351356
4870,24889.516798585944
4871,24889.516803799608
4872,24889.51681020079
4873,24889.516818397275
4874,24889.51679705353
4875,24889.516802185455
4876,24889.51678554742
4877,24889.516814876148
4878,24889.516794523188
4879,24889.51680770345
4880,24889.516809565874
4881,24889.516806510434
4882,24889.51680610937
4883,24889.51679589419
4884,24889.516817453085
4885,24889.51680584436
4886,24889.5168202039
4887,24889.51679783257
4888,24889.5167919303
4889,24889.516798956025
4890,24889.516801703943
4891,24889.51681717301
4892,24889.51679788207
4893,24889.51680028807
4894,24889.516791363705
4895,24889.516807014632
4896,24889.516803157865
4897,24889.516811588062
4898,24889.516797613644
4899,24889.516806522322
4900,24806.753851617294
4901,24806.75385161728
4902,24806.753851617286
4903,24806.75385161729
4904,24806.753851617283
4905,24806.753851617286
4906,24806.753851617286
4907,24806.753851617286
4908,24806.753851617286
4909,24806.753846654057
4910,24806.753868826356
4911,24806.753830119018
4912,24806.75385426486
4913,24806.753861592464
4914,24806.75386381102
4915,24806.753838718258
4916,24806.753847620563
4917,24806.753839255194
4918,24806.75383898405
4919,24806.75384732269
4920,24806.753863306483
4921,24806.753849835895
4922,24806.753876261122
4923,24806.7538623492
4924,24806.753859534714
4925,24806.75383693594
4926,24806.75384005194
4927,24806.75384869462
4928,24806.753840583304
4929,24806.75387944501
4930,24806.753851483707
4931,24806.753856209987
4932,24806.75384214238
4933,24806.753871744204
4934,24806.753856828327
4935,24806.753865072133
4936,24806.753850307687
4937,24806.753832720933
4938,24806.753868229483
4939,24806.753869324275
4940,24806.753842547943
4941,24806.753834298637
4942,24806.75385247796
4943,24806.75386381831
4944,24806.753858377055
4945,24806.753850733116
4946,24806.753833900657
4947,24806.753848377477
4948,24806.753843270744
4949,24733.06730668562
4950,24733.06730668561
4951,24733.067306685614
4952,24733.067306685618
4953,24733.067306685633
4954,24733.067306685625
4955,24733.067306685633
4956,24733.067306685633
4957,24733.067306685618
4958,24733.06730183328
4959,24733.067307088037
4960,24733.067302176496
4961,24733.067307327696
4962,24733.06731050392
4963,24733.067307754725
4964,24733.067292233347
4965,24733.067291669813
4966,24733.06731073224
4967,24733.06729552387
4968,24733.067301306422
4969,24733.067316288576
4970,24733.067307206136
4971,24733.06732867632
4972,24733.067315090397
4973,24733.067312856278
4974,24733.06731229358
4975,24733.067294738423
4976,24733.067307656183
4977,24733.067316393553
4978,24733.06729306991
4979,24733.06730480776
4980,24733.067311535222
4981,24733.06729721582
4982,24733.067330769787
4983,24733.067315055658
4984,24733.067322017585
4985,24733.06730008564
4986,24733.067293018998
4987,24733.067327677218
4988,24733.06732048899
4989,24733.06728196049
4990,24733.06732306797
4991,24733.067306440003
4992,24733.06731618596
4993,24733.067321743496
4994,24733.067303586387
4995,24733.067293731467
4996,24733.067306422417
4997,24733.06730639794
4998,24653.48420075133
4999,24653.484200751333
5000,24653.48420075133
5001,24653.484200751333
5002,24653.48420075133
5003,24653.48420075132
5004,24653.484200751325
5005,24653.484200751325
5006,24653.48420075132
5007,24653.48420259554
5008,24653.48420541558
5009,24653.484199909304
5010,24653.484205311393
5011,24653.48417771847
5012,24653.48419491895
5013,24653.484173808432
5014,24653.48418968911
5015,24653.484197608555
5016,24653.48419277758
5017,24653.484193849865
5018,24653.484207033966
5019,24653.48419551493
5020,24653.484216614554
5021,24653.48420938829
5022,24653.48420480949
5023,24653.48421679874
5024,24653.484192944357
5025,24653.484193404656
5026,24653.484204368142
5027,24653.484205324192
5028,24653.48419834904
5029,24653.48420585224
5030,24653.484192931875
5031,24653.484227295936
5032,24653.484210379447
5033,24653.48420896304
5034,24653.484192692315
5035,24653.484198211532
5036,24653.484230316895
5037,24653.484222908482
5038,24653.48418577898
5039,24653.4842015077
5040,24653.484199192582
5041,24653.484205403456
5042,24653.484209934162
5043,24653.48419682497
5044,24653.484186900576
5045,24653.48419188579
5046,24653.484192991506
5047,24596.07412409959
5048,24596.07412409958
5049,24596.07412409959
5050,24596.07412409959
5051,24596.07412409959
5052,24596.07412409959
5053,24596.07412409959
5054,24596.07412409959
5055,24596.07412409958
5056,24596.07413694023
5057,24596.074108109435
5058,24596.074138642904
5059,24596.074112048573
5060,24596.074136703082
5061,24596.074129787085
5062,24596.074148341817
5063,24596.07412262269
5064,24596.07413318548
5065,24596.07413197391
5066,24596.07411344534
5067,24596.074119249926
5068,24596.07410832252
5069,24596.074124532148
5070,24596.074122023667
5071,24596.074115074112
5072,24596.07413906455
5073,24596.074117602613
5074,24596.07413564668
5075,24596.074132660317
5076,24596.074107262957
5077,24596.07412553125
5078,24596.07412476544
5079,24596.07412324382
5080,24596.074101007285
5081,24596.074131123034
5082,24596.074132983907
5083,24596.07412748471
5084,24596.07412840008
5085,24596.07413493573
5086,24596.074127797958
5087,24596.074105451098
5088,24596.074144694518
5089,24596.074128508884
5090,24596.07411258252
5091,24596.074125888932
5092,24596.07411711027
5093,24596.07413089482
5094,24596.07413388486
5095,24596.07413045312
5096,24566.230362461305
5097,24566.230362461316
5098,24566.23036246132
5099,24566.230362461327
5100,24566.2303624613
5101,24566.230362461323
5102,24566.23036246132
5103,24566.230362461323
5104,24566.230362461316
5105,24566.230373934864
5106,24566.23035414619
5107,24566.23037139647
5108,24566.230361989557
5109,24566.230363857187
5110,24566.230356674492
5111,24566.23037724143
5112,24566.230366108884
5113,24566.230364668183
5114,24566.2303671946
5115,24566.230355736498
5116,24566.230355608073
5117,24566.230361369344
5118,24566.230368196164
5119,24566.23036235904
5120,24566.23035282135
5121,24566.23037154705
5122,24566.230367800094
5123,24566.23036447484
5124,24566.230365903353
5125,24566.23036211154
5126,24566.230363278177
5127,24566.23036577205
5128,24566.230359919402
5129,24566.230349295936
5130,24566.230367370306
5131,24566.23036798186
5132,24566.230356420252
5133,24566.230364285635
5134,24566.230357987566
5135,24566.230362060352
5136,24566.230358031342
5137,24566.230369770907
5138,24566.230361461316
5139,24566.230356393982
5140,24566.230361603964
5141,24566.230354972726
5142,24566.230364088213
5143,24566.230375237636
5144,24566.23036140818
5145,24535.813376504706
5146,24535.8133765047
5147,24535.813376504695
5148,24535.813376504702
5149,24535.813376504735
5150,24535.813376504706
5151,24535.8133765047
5152,24535.813376504702
5153,24535.813376504706
5154,24535.81338493991
5155,24535.81336979846
5156,24535.81338283504
5157,24535.81337537406
5158,24535.81337206529
5159,24535.813372467896
5160,24535.813388751354
5161,24535.813381181433
5162,24535.813374135563
5163,24535.81338095604
5164,24535.813371532306
5165,24535.813369737687
5166,24535.813383945475
5167,24535.813384258614
5168,24535.81337578027
5169,24535.813368111958
5170,24535.813379568266
5171,24535.813390965097
5172,24535.813374115736
5173,24535.813378608727
5174,24535.813383780427
5175,24535.81337781499
5176,24535.813380274067
5177,24535.813373050445
5178,24535.813370813063
5179,24535.813380127987
5180,24535.813380486303
5181,24535.81336851048
5182,24535.81337714479
5183,24535.81336571531
5184,24535.81337091957
5185,24535.81338501101
5186,24535.81337662974
5187,24535.81337488605
5188,24535.813369977604
5189,24535.813373857593
5190,24535.813368858453
5191,24535.81338006707
5192,24535.813385594804
5193,24535.813373069795
5194,24474.551672491052
5195,24474.551672491056
5196,24474.551672491056
5197,24474.551672491074
5198,24474.551672491074
5199,24474.551672491074
5200,24474.55167249107
5201,24474.55167249106
5202,24474.551672491067
5203,24474.551671900754
5204,24474.551673019916
5205,24474.551670882855
5206,24474.551675998777
5207,24474.551649771092
5208,24474.55166844022
5209,24474.551664904204
5210,24474.55167554352
5211,24474.5516658257
5212,24474.55167359187
5213,24474.55167070753
5214,24474.551665933457
5215,24474.55168891048
5216,24474.55167680784
5217,24474.551675873212
5218,24474.55166846441
5219,24474.551660439272
5220,24474.551701893717
5221,24474.55166141514
5222,24474.55166645556
5223,24474.551695577968
5224,24474.55167336085
5225,24474.55167692443
5226,24474.551666775213
5227,24474.551689204793
5228,24474.551673185924
5229,24474.551664460378
5230,24474.55166118492
5231,24474.551671382393
5232,24474.551650977464
5233,24474.551673659138
5234,24474.551688352843
5235,24474.551660948935
5236,24474.551669384404
5237,24474.55167130084
5238,24474.551658619705
5239,24474.551661995618
5240,24474.551672969927
5241,24474.55167034358
5242,24474.551655402294
5243,24421.718992593975
5244,24421.71899259397
5245,24421.718992593975
5246,24421.718992593953
5247,24421.718992593957
5248,24421.71899259396
5249,24421.718992593957
5250,24421.718992593982
5251,24421.718992593957
5252,24421.718991008678
5253,24421.718991007434
5254,24421.718984030664
5255,24421.718991943457
5256,24421.718981312002
5257,24421.718998595
5258,24421.71899111695
5259,24421.718995379975
5260,24421.718982248924
5261,24421.718992694252
5262,24421.718991767953
5263,24421.718988659282
5264,24421.71901488391
5265,24421.718996490206
5266,24421.718996206073
5267,24421.71899129643
5268,24421.718982829952
5269,24421.719015751354
5270,24421.718985817497
5271,24421.718984388495
5272,24421.71902165564
5273,24421.71899291892
5274,24421.718995948246
5275,24421.718987828324
5276,24421.71900948146
5277,24421.718992717568
5278,24421.718985203184
5279,24421.718988131164
5280,24421.718988696637
5281,24421.718980320893
5282,24421.718985780426
5283,24421.71901514075
5284,24421.71897716979
5285,24421.71899086642
5286,24421.718991993977
5287,24421.71898473898
5288,24421.718981527825
5289,24421.71899726233
5290,24421.718986738684
5291,24421.71898081003
5292,24483.432977044016
5293,24483.432977044016
5294,24483.43297704402
5295,24483.432977044016
5296,24483.432977044027
5297,24483.432977044016
5298,24483.432977044027
5299,24483.432977044016
5300,24483.432977044013
5301,24483.432967772907
5302,24483.43298452975
5303,24483.43299376835
5304,24483.433033943315
5305,24483.432948002835
5306,24483.43296668882
5307,24483.43291185889
5308,24483.432935792913
5309,24483.43303646686
5310,24483.4329620694
5311,24483.433001642188
5312,24483.432980077676
5313,24483.432986356194
5314,24483.432974672178
5315,24483.433001336147
5316,24483.4330044709
5317,24483.432950208808
5318,24483.43299078756
5319,24483.432958427693
5320,24483.433012079277
5321,24483.432859741744
5322,24483.432971131144
5323,24483.43299543276
5324,24483.432958609512
5325,24483.43303803769
5326,24483.432976366887
5327,24483.43297267165
5328,24483.432961110684
5329,24483.432975200405
5330,24483.43295866223
5331,24483.433035426377
5332,24483.43289196205
5333,24483.433088297246
5334,24483.4329670238
5335,24483.433007322485
5336,24483.43298398555
5337,24483.432958270623
5338,24483.432955572833
5339,24483.43298719527
5340,24483.43295830077
5341,24388.801937672815
5342,24388.801937672815
5343,24388.801937672815
5344,24388.80193767282
5345,24388.80193767282
5346,24388.801937672823
5347,24388.80193767282
5348,24388.80193767282
5349,24388.80193767282
5350,24388.801934455507
5351,24388.80193825266
5352,24388.801936814423
5353,24388.801957738528
5354,24388.80192220548
5355,24388.801938239125
5356,24388.801916058495
5357,24388.801925962325
5358,24388.801949827874
5359,24388.801932111175
5360,24388.801945772433
5361,24388.801936317137
5362,24388.801956334722
5363,24388.80193967194
5364,24388.801948469198
5365,24388.8019470936
5366,24388.801921166985
5367,24388.801956921758
5368,24388.80192778591
5369,24388.801943857274
5370,24388.801920290287
5371,24388.801935763164
5372,24388.801946553427
5373,24388.801927477416
5374,24388.8019687443
5375,24388.8019377974
5376,24388.801932436287
5377,24388.801928833836
5378,24388.801934835566
5379,24388.80192288766
5380,24388.801951103578
5381,24388.801925298234
5382,24388.80196250762
5383,24388.801933220646
5384,24388.8019483025
5385,24388.80193501128
5386,24388.801924106352
5387,24388.8019332862
5388,24388.80193835103
5389,24388.80192416783
5390,24338.966173138993
5391,24338.966173138993
5392,24338.966173139004
5393,24338.966173139
5394,24338.96617313899
5395,24338.96617313899
5396,24338.966173138997
5397,24338.966173138986
5398,24338.96617313899
5399,24338.966169479936
5400,24338.966181501455
5401,24338.96615971636
5402,24338.96618419361
5403,24338.966165567323
5404,24338.966181487853
5405,24338.966154869
5406,24338.966163857232
5407,24338.96617261835
5408,24338.966171973323
5409,24338.966173685098
5410,24338.966168164843
5411,24338.966182482982
5412,24338.966162412184
5413,24338.96618209665
5414,24338.966173730212
5415,24338.966160049513
5416,24338.966173547
5417,24338.966168829997
5418,24338.966161147597
5419,24338.966189417315
5420,24338.966170352447
5421,24338.966175346024
5422,24338.966169946656
5423,24338.9661920048
5424,24338.96617360235
5425,24338.966152314264
5426,24338.966177221515
5427,24338.966168817908
5428,24338.96618046569
5429,24338.966193669352
5430,24338.966164767244
5431,24338.966171136402
5432,24338.966170792806
5433,24338.96617941171
5434,24338.966165182603
5435,24338.96615954306
5436,24338.966174742487
5437,24338.96615616948
5438,24338.966157213894
5439,24307.009251138876
5440,24307.009251138876
5441,24307.009251138876
5442,24307.00925113889
5443,24307.009251138894
5444,24307.00925113887
5445,24307.009251138876
5446,24307.00925113888
5447,24307.009251138872
5448,24307.009255354114
5449,24307.009242282347
5450,24307.009250150913
5451,24307.009258527083
5452,24307.009275454213
5453,24307.009262191237
5454,24307.009266268884
5455,24307.00924045992
5456,24307.00925888802
5457,24307.009251929885
5458,24307.009251868414
5459,24307.009250037976
5460,24307.00925623833
5461,24307.009249353643
5462,24307.009256173165
5463,24307.009253603548
5464,24307.009255665842
5465,24307.00923252694
5466,24307.00926246211
5467,24307.009256132165
5468,24307.009233671793
5469,24307.009247397415
5470,24307.00925517116
5471,24307.009248993465
5472,24307.00924105944
5473,24307.009256578593
5474,24307.009253894295
5475,24307.009255985588
5476,24307.00924736136
5477,24307.009269343347
5478,24307.009250444036
5479,24307.009235871457
5480,24307.009274182867
5481,24307.00925387821
5482,24307.009252273034
5483,24307.009262607844
5484,24307.00924204259
5485,24307.00926013106
5486,24307.009256390564
5487,24307.009261318613
5488,24282.991846543136
5489,24282.991846543144
5490,24282.99184654314
5491,24282.99184654314
5492,24282.99184654314
5493,24282.991846543133
5494,24282.991846543136
5495,24282.991846543144
5496,24282.991846543133
5497,24282.991849753802
5498,24282.991840329873
5499,24282.99184677998
5500,24282.99185611564
5501,24282.99185972606
5502,24282.991851605584
5503,24282.991857476623
5504,24282.99183552188
5505,24282.991851717878
5506,24282.991849137827
5507,24282.991846329613
5508,24282.991842717784
5509,24282.9918509092
5510,24282.991845239336
5511,24282.991850757422
5512,24282.99184803442
5513,24282.99185145753
5514,24282.99183536208
5515,24282.991853710846
5516,24282.99185100399
5517,24282.991833200995
5518,24282.991842852545
5519,24282.991849361653
5520,24282.99184592673
5521,24282.99183816696
5522,24282.99185217152
5523,24282.991842396368
5524,24282.99184949862
5525,24282.991847990903
5526,24282.99185731153
5527,24282.991846490717
5528,24282.99183808225
5529,24282.991863905176
5530,24282.991850098722
5531,24282.991845279234
5532,24282.991853617437
5533,24282.991838926842
5534,24282.991856325858
5535,24282.99184889932
5536,24282.991854953976
5537,24258.68250982682
5538,24258.682509826813
5539,24258.682509826824
5540,24258.68250982682
5541,24258.68250982682
5542,24258.682509826813
5543,24258.682509826816
5544,24258.68250982682
5545,24258.682509826824
5546,24258.68250735817
5547,24258.682533411902
5548,24258.682493361786
5549,24258.682521290644
5550,24258.682514589
5551,24258.682511792158
5552,24258.682520086557
5553,24258.682503499538
5554,24258.68250005424
5555,24258.682509123857
5556,24258.68250617076
5557,24258.682505907607
5558,24258.682481504482
5559,24258.682510300398
5560,24258.682519825954
5561,24258.68251599608
5562,24258.682486271176
5563,24258.682508502457
5564,24258.682515065542
5565,24258.68248301827
5566,24258.682543122275
5567,24258.682506400743
5568,24258.68251107501
5569,24258.682509109374
5570,24258.68248754442
5571,24258.68251233571
5572,24258.682494415767
5573,24258.682509966282
5574,24258.682504512642
5575,24258.68250188837
5576,24258.682535357904
5577,24258.682499124716
5578,24258.682487784437
5579,24258.68251516652
5580,24258.682514178778
5581,24258.682503078846
5582,24258.682507615402
5583,24258.682508902024
5584,24258.68250757392
5585,24258.6825090281
5586,24233.553080143527
5587,24233.553080143527
5588,24233.553080143516
5589,24233.553080143523
5590,24233.553080143527
5591,24233.55308014353
5592,24233.553080143527
5593,24233.553080143527
5594,24233.553080143527
5595,24233.55307624435
5596,24233.553086118285
5597,24233.553078372453
5598,24233.553081119557
5599,24233.55306781504
5600,24233.553084172472
5601,24233.553084253985
5602,24233.553068188157
5603,24233.55307403374
5604,24233.553085724874
5605,24233.553076943936
5606,24233.553075404536
5607,24233.553069723697
5608,24233.553083533294
5609,24233.553081108752
5610,24233.55308241463
5611,24233.55306605449
5612,24233.55308949735
5613,24233.553076070086
5614,24233.55307996706
5615,24233.5530857708
5616,24233.553078483852
5617,24233.553080661197
5618,24233.553081110185
5619,24233.553077438813
5620,24233.55308465735
5621,24233.553067581284
5622,24233.553077658013
5623,24233.553079288806
5624,24233.553075148422
5625,24233.553081864105
5626,24233.553097080978
5627,24233.55307430291
5628,24233.553084180625
5629,24233.553072840718
5630,24233.553080407008
5631,24233.55307985538
5632,24233.55309368841
5633,24233.55306895689
5634,24233.55308805957
5635,24213.799578380742
5636,24213.799578380735
5637,24213.799578380735
5638,24213.799578380742
5639,24213.799578380742
5640,24213.799578380735
5641,24213.79957838074
5642,24213.79957838074
5643,24213.799578380742
5644,24213.799576568475
5645,24213.799577592465
5646,24213.79958146627
5647,24213.799576032594
5648,24213.79956813118
5649,24213.799582951637
5650,24213.79958469041
5651,24213.799565563488
5652,24213.79957444854
5653,24213.79958378118
5654,24213.79957589825
5655,24213.799575875564
5656,24213.799570404713
5657,24213.799585782217
5658,24213.799578055347
5659,24213.799581663043
5660,24213.79957013006
5661,24213.79958556713
5662,24213.799574190547
5663,24213.799586445177
5664,24213.799573482982
5665,24213.799577076177
5666,24213.79958011296
5667,24213.79957896564
5668,24213.799577991314
5669,24213.799583859603
5670,24213.799573555494
5671,24213.799574522778
5672,24213.799577502727
5673,24213.799577540092
5674,24213.799571468466
5675,24213.799598791877
5676,24213.79958050577
5677,24213.799581517844
5678,24213.799569794493
5679,24213.7995841207
5680,24213.799579004146
5681,24213.799593337644
5682,24213.79957091581
5683,24213.79959145982
5684,24161.5527439472
5685,24161.552743947206
5686,24161.55274394719
5687,24161.552743947188
5688,24161.552743947195
5689,24161.55274394719
5690,24161.55274394719
5691,24161.55274394719
5692,24161.552743947188
5693,24161.552744180983
5694,24161.55273866773
5695,24161.55275057051
5696,24161.5527445829
5697,24161.55273319989
5698,24161.552738219878
5699,24161.55274053155
5700,24161.55273017889
5701,24161.55274466386
5702,24161.552746495632
5703,24161.552745206198
5704,24161.55274324381
5705,24161.55274226756
5706,24161.552757387093
5707,24161.552744403776
5708,24161.552747747493
5709,24161.552749781666
5710,24161.552748773905
5711,24161.552735231824
5712,24161.5527607942
5713,24161.55272745438
5714,24161.55274290955
5715,24161.55274821851
5716,24161.552745440742
5717,24161.552756388053
5718,24161.55274906156
5719,24161.55274509563
5720,24161.55273518964
5721,24161.552746608708
5722,24161.55274154754
5723,24161.552729099476
5724,24161.552765697274
5725,24161.55275737585
5726,24161.552740692005
5727,24161.552739472932
5728,24161.55275770505
5729,24161.552744686825
5730,24161.552754081407
5731,24161.552744848825
5732,24161.552758828253
5733,24115.788669384252
5734,24115.788669384256
5735,24115.788669384245
5736,24115.78866938425
5737,24115.788669384252
5738,24115.78866938424
5739,24115.78866938425
5740,24115.788669384245
5741,24115.788669384252
5742,24115.788673286737
5743,24115.7886510892
5744,24115.788690847534
5745,24115.788642088017
5746,24115.788665875276
5747,24115.788668035362
5748,24115.788674467552
5749,24115.788658767273
5750,24115.788681784998
5751,24115.78868062606
5752,24115.7886657867
5753,24115.7886679831
5754,24115.788658862082
5755,24115.78867422611
5756,24115.788661453455
5757,24115.788660200225
5758,24115.788656718865
5759,24115.78867093408
5760,24115.788659533195
5761,24115.78869748178
5762,24115.788627161735
5763,24115.788673643205
5764,24115.788672182014
5765,24115.788671950046
5766,24115.78867694383
5767,24115.788672986702
5768,24115.78867467621
5769,24115.788658668273
5770,24115.788655693854
5771,24115.78866645426
5772,24115.788645777553
5773,24115.788685133062
5774,24115.788706035284
5775,24115.788662248004
5776,24115.788654492768
5777,24115.788675118485
5778,24115.788665039738
5779,24115.78868753889
5780,24115.78867407033
5781,24115.788680624257
5782,24075.12979443996
5783,24075.129794439956
5784,24075.129794439956
5785,24075.129794439952
5786,24075.129794439956
5787,24075.129794439952
5788,24075.12979443996
5789,24075.12979443996
5790,24075.129794439967
5791,24075.129796357734
5792,24075.129802567786
5793,24075.129797965456
5794,24075.129790567287
5795,24075.12978851885
5796,24075.1297826422
5797,24075.129776866495
5798,24075.129786688707
5799,24075.129792406515
5800,24075.129790071423
5801,24075.12980054325
5802,24075.12980015632
5803,24075.129792911128
5804,24075.12980662557
5805,24075.129802748994
5806,24075.129805827706
5807,24075.12982263893
5808,24075.12978704425
5809,24075.12978585802
5810,24075.129798646034
5811,24075.129795757308
5812,24075.12979382435
5813,24075.12980245429
5814,24075.129801898358
5815,24075.12980791824
5816,24075.129800504266
5817,24075.129797683712
5818,24075.129791284937
5819,24075.129807553392
5820,24075.129807126148
5821,24075.12979424898
5822,24075.129795885503
5823,24075.129801402585
5824,24075.12978949284
5825,24075.129796233152
5826,24075.129811034538
5827,24075.129793931133
5828,24075.129781675045
5829,24075.12979928111
5830,24075.129793935022
5831,24043.00704752806
5832,24043.00704752807
5833,24043.00704752806
5834,24043.007047528055
5835,24043.00704752806
5836,24043.007047528055
5837,24043.007047528055
5838,24043.00704752806
5839,24043.00704752805
5840,24043.007047170067
5841,24043.0070607147
5842,24043.00705052062
5843,24043.007043108686
5844,24043.00704925855
5845,24043.007040616958
5846,24043.007040713594
5847,24043.00704408071
5848,24043.00704672652
5849,24043.00704458108
5850,24043.007050221822
5851,24043.007050849435
5852,24043.007038885407
5853,24043.007054157184
5854,24043.007056916926
5855,24043.00705551713
5856,24043.007052695066
5857,24043.007042078403
5858,24043.007042663015
5859,24043.007042384226
5860,24043.00705375299
5861,24043.007047093633
5862,24043.00705369018
5863,24043.007052158853
5864,24043.007044462545
5865,24043.007052534682
5866,24043.007045859948
5867,24043.00704626864
5868,24043.007051576864
5869,24043.007049559783
5870,24043.007055890175
5871,24043.007036466588
5872,24043.007052840116
5873,24043.007042940804
5874,24043.00705039521
5875,24043.00705128644
5876,24043.007043122085
5877,24043.007034925864
5878,24043.007054722533
5879,24043.00704041653
5880,24014.633236656657
5881,24014.633236656642
5882,24014.633236656646
5883,24014.633236656653
5884,24014.63323665665
5885,24014.633236656642
5886,24014.633236656653
5887,24014.633236656657
5888,24014.63323665665
5889,24014.633231806045
5890,24014.633247053025
5891,24014.633244969653
5892,24014.633226112197
5893,24014.633229875184
5894,24014.633235218695
5895,24014.633230859727
5896,24014.63323575785
5897,24014.63323635907
5898,24014.633240902298
5899,24014.633238439506
5900,24014.6332348216
5901,24014.633234886183
5902,24014.63323278621
5903,24014.633240583877
5904,24014.633237880134
5905,24014.633232276203
5906,24014.633243104785
5907,24014.63322940481
5908,24014.63323467476
5909,24014.633238875183
5910,24014.633237573984
5911,24014.633239956787
5912,24014.633242404117
5913,24014.633231653494
5914,24014.63324217762
5915,24014.63322539157
5916,24014.63323698328
5917,24014.633243149172
5918,24014.63323097237
5919,24014.633242939562
5920,24014.63323395676
5921,24014.63324174181
5922,24014.633231912314
5923,24014.633230951364
5924,24014.63323303682
5925,24014.63323128051
5926,24014.633234646364
5927,24014.633233940312
5928,24014.633226898488
5929,24000.922654602193
5930,24000.922654602193
5931,24000.92265460219
5932,24000.922654602182
5933,24000.9226546022
5934,24000.92265460219
5935,24000.922654602193
5936,24000.922654602193
5937,24000.922654602196
5938,24000.92265142897
5939,24000.922654743663
5940,24000.922654217557
5941,24000.92262849668
5942,24000.92266649525
5943,24000.922669981188
5944,24000.922677707356
5945,24000.92267317905
5946,24000.92262858939
5947,24000.922664212343
5948,24000.92264594596
5949,24000.922650454835
5950,24000.92266322387
5951,24000.92264975606
5952,24000.922651546363
5953,24000.92264403445
5954,24000.922641387933
5955,24000.92265372395
5956,24000.92265322661
5957,24000.92264816981
5958,24000.9227092106
5959,24000.92265650948
5960,24000.92265045829
5961,24000.922663298887
5962,24000.922631724054
5963,24000.922662267665
5964,24000.92264004337
5965,24000.92266166068
5966,24000.922651554505
5967,24000.922655210208
5968,24000.922627788364
5969,24000.922695202193
5970,24000.92261650229
5971,24000.922650011267
5972,24000.922644922684
5973,24000.92263987945
5974,24000.922650799443
5975,24000.922662893412
5976,24000.922645586008
5977,24000.92264613079
5978,23967.36511067489
5979,23967.36511067488
5980,23967.365110674877
5981,23967.365110674895
5982,23967.365110674873
5983,23967.36511067488
5984,23967.365110674888
5985,23967.36511067489
5986,23967.365110674884
5987,23967.365109541508
5988,23967.365114068685
5989,23967.365116135737
5990,23967.36510151824
5991,23967.365123670523
5992,23967.36511687644
5993,23967.36512645019
5994,23967.365121810675
5995,23967.36509928105
5996,23967.365114115808
5997,23967.36510976505
5998,23967.36511026871
5999,23967.36511875201
6000,23967.36511182408
6001,23967.36511152131
6002,23967.36510852899
6003,23967.365105551766
6004,23967.365108494505
6005,23967.365110046136
6006,23967.36511091442
6007,23967.365133360374
6008,23967.36511077423
6009,23967.365111787043
6010,23967.365117792113
6011,23967.365088987794
6012,23967.365118784517
6013,23967.365104519125
6014,23967.365114051318
6015,23967.365114576736
6016,23967.36510713034
6017,23967.36509360274
6018,23967.365126678775
6019,23967.365099473984
6020,23967.36510446894
6021,23967.3651093814
6022,23967.365106283698
6023,23967.365108608265
6024,23967.365110624578
6025,23967.365112945197
6026,23967.365107393933
6027,23936.717358940594
6028,23936.717358940587
6029,23936.71735894059
6030,23936.71735894059
6031,23936.71735894059
6032,23936.717358940594
6033,23936.717358940594
6034,23936.717358940594
6035,23936.717358940587
6036,23936.717362068775
6037,23936.717358658963
6038,23936.717372292667
6039,23936.717358600636
6040,23936.71737215429
6041,23936.71736403637
6042,23936.71736932235
6043,23936.71736162586
6044,23936.717362959895
6045,23936.71735884843
6046,23936.71736317777
6047,23936.717362618678
6048,23936.717366597666
6049,23936.71736372077
6050,23936.717359859977
6051,23936.717362327894
6052,23936.717358530204
6053,23936.71735330493
6054,23936.717359343857
6055,23936.7173707391
6056,23936.717344939192
6057,23936.71735858367
6058,23936.717363574364
6059,23936.717364991433
6060,23936.71734225686
6061,23936.717367027362
6062,23936.717362062733
6063,23936.71736102443
6064,23936.717365557517
6065,23936.71736076533
6066,23936.717345975656
6067,23936.71735566044
6068,23936.717376632485
6069,23936.717352242
6070,23936.717362158426
6071,23936.717363736254
6072,23936.717359178503
6073,23936.717356322308
6074,23936.717366310848
6075,23936.71736211888
6076,23899.359104523664
6077,23899.35910452366
6078,23899.359104523654
6079,23899.35910452366
6080,23899.359104523657
6081,23899.359104523657
6082,23899.359104523657
6083,23899.359104523657
6084,23899.35910452366
6085,23899.359111662285
6086,23899.3591048828
6087,23899.359119252033
6088,23899.359108620294
6089,23899.359114755687
6090,23899.359114547304
6091,23899.359110456786
6092,23899.359098786026
6093,23899.359115622654
6094,23899.359100707356
6095,23899.359110309557
6096,23899.35911163154
6097,23899.359105655916
6098,23899.35911145564
6099,23899.35910494898
6100,23899.359112289025
6101,23899.359101013608
6102,23899.359096989578
6103,23899.359106550735
6104,23899.359119220415
6105,23899.35907617188
6106,23899.359104285653
6107,23899.35911012603
6108,23899.359109427114
6109,23899.359093987594
6110,23899.359111497695
6111,23899.359112216443
6112,23899.359108159795
6113,23899.35910901325
6114,23899.35911480968
6115,23899.35909870158
6116,23899.359088810037
6117,23899.35913149378
6118,23899.359099085676
6119,23899.35911216661
6120,23899.359113220267
6121,23899.359108344885
6122,23899.359099690293
6123,23899.359109645236
6124,23899.359111488924
6125,23853.69661562917
6126,23853.696615629164
6127,23853.69661562917
6128,23853.696615629164
6129,23853.696615629167
6130,23853.69661562917
6131,23853.696615629164
6132,23853.696615629164
6133,23853.696615629156
6134,23853.696617781523
6135,23853.696615294324
6136,23853.696627532372
6137,23853.69662511791
6138,23853.696601855343
6139,23853.696620097035
6140,23853.69660651187
6141,23853.696607351787
6142,23853.69662671449
6143,23853.69661049019
6144,23853.6966219005
6145,23853.696620289007
6146,23853.69662115486
6147,23853.69662167053
6148,23853.696610615945
6149,23853.69662209769
6150,23853.69661184501
6151,23853.696631059647
6152,23853.696610852712
6153,23853.696629728216
6154,23853.696595559974
6155,23853.6966178258
6156,23853.69661993562
6157,23853.696620167815
6158,23853.696629580005
6159,23853.69661898313
6160,23853.696617964502
6161,23853.69661397519
6162,23853.696624996304
6163,23853.69660890358
6164,23853.69660821686
6165,23853.696613968932
6166,23853.69663055734
6167,23853.696609591912
6168,23853.696623492757
6169,23853.696621481176
6170,23853.696623067997
6171,23853.696612907555
6172,23853.696614133743
6173,23853.69662389799
6174,23846.341100389556
6175,23846.341100389545
6176,23846.341100389545
6177,23846.34110038954
6178,23846.34110038954
6179,23846.34110038954
6180,23846.34110038955
6181,23846.34110038955
6182,23846.34110038954
6183,23846.341111759546
6184,23846.341115969695
6185,23846.34109884622
6186,23846.341108903718
6187,23846.341116296117
6188,23846.3411059499
6189,23846.341105833606
6190,23846.341079524955
6191,23846.3411103267
6192,23846.341098255947
6193,23846.341101878694
6194,23846.341100154583
6195,23846.341086762324
6196,23846.341097359786
6197,23846.341090295835
6198,23846.341096410015
6199,23846.341102911207
6200,23846.341090757905
6201,23846.341111866157
6202,23846.34109324277
6203,23846.341091203063
6204,23846.341101905477
6205,23846.3411016191
6206,23846.341102776296
6207,23846.341088859535
6208,23846.3411024159
6209,23846.341103439354
6210,23846.341107809574
6211,23846.341101380105
6212,23846.341108223496
6213,23846.341121603014
6214,23846.341059363112
6215,23846.34110792322
6216,23846.341096307435
6217,23846.341104078707
6218,23846.341102034887
6219,23846.341100030546
6220,23846.341102131628
6221,23846.34110673523
6222,23846.3411085765
6223,23821.79205913013
6224,23821.79205913013
6225,23821.792059130126
6226,23821.792059130126
6227,23821.79205913013
6228,23821.792059130123
6229,23821.79205913013
6230,23821.79205913013
6231,23821.792059130134
6232,23821.79206651023
6233,23821.79205622345
6234,23821.792064304314
6235,23821.792059635627
6236,23821.79206124039
6237,23821.79206567157
6238,23821.792061130524
6239,23821.792053957095
6240,23821.79206275867
6241,23821.792059974956
6242,23821.79205829686
6243,23821.79205959203
6244,23821.79206532812
6245,23821.79205715417
6246,23821.79204758825
6247,23821.792054176287
6248,23821.79205523732
6249,23821.79206085837
6250,23821.792058977473
6251,23821.79206752876
6252,23821.792055680995
6253,23821.7920623354
6254,23821.792059121075
6255,23821.79206243888
6256,23821.792065889735
6257,23821.792062044686
6258,23821.79205839921
6259,23821.792061945504
6260,23821.792060879805
6261,23821.79205853956
6262,23821.792046648887
6263,23821.792062068336
6264,23821.792060139425
6265,23821.792055543876
6266,23821.79205867323
6267,23821.792054894013
6268,23821.79206090147
6269,23821.79206391893
6270,23821.792057351686
6271,23821.79206452139
6272,23814.462695396738
6273,23814.462695396745
6274,23814.46269539674
6275,23814.462695396738
6276,23814.46269539674
6277,23814.46269539674
6278,23814.462695396738
6279,23814.46269539674
6280,23814.46269539674
6281,23814.462693420763
6282,23814.462706642767
6283,23814.462697874606
6284,23814.462700810865
6285,23814.462687880266
6286,23814.46269331389
6287,23814.46268708671
6288,23814.46269010713
6289,23814.462695625938
6290,23814.462692585264
6291,23814.462695572307
6292,23814.462696707786
6293,23814.46269535582
6294,23814.462695658494
6295,23814.462689742704
6296,23814.462695228573
6297,23814.462690085806
6298,23814.46270340462
6299,23814.462690775366
6300,23814.46269186058
6301,23814.462705198537
6302,23814.462697095692
6303,23814.462696536903
6304,23814.462698420706
6305,23814.462701835684
6306,23814.462698402338
6307,23814.462688775464
6308,23814.462695144037
6309,23814.46270064717
6310,23814.4626850657
6311,23814.462698359195
6312,23814.46269150169
6313,23814.46268812312
6314,23814.462691775985
6315,23814.46269893549
6316,23814.46268765141
6317,23814.4626964775
6318,23814.462691064717
6319,23814.46269260609
6320,23814.462692817655
6321,23803.33476363572
6322,23803.334763635725
6323,23803.33476363573
6324,23803.33476363572
6325,23803.33476363571
6326,23803.33476363572
6327,23803.33476363572
6328,23803.33476363573
6329,23803.334763635725
6330,23803.334762207658
6331,23803.33476640756
6332,23803.33476807731
6333,23803.33476335454
6334,23803.334758568868
6335,23803.334762558505
6336,23803.33475916555
6337,23803.33476162662
6338,23803.334765106934
6339,23803.334765965592
6340,23803.33476246522
6341,23803.33476403571
6342,23803.334769816356
6343,23803.33475951924
6344,23803.334754281972
6345,23803.334760273054
6346,23803.334762647602
6347,23803.334769876074
6348,23803.33475854528
6349,23803.334766689437
6350,23803.334766681583
6351,23803.33476671549
6352,23803.334763834122
6353,23803.33476707201
6354,23803.334770125974
6355,23803.33476642837
6356,23803.334757367287
6357,23803.334763186966
6358,23803.33476966743
6359,23803.334755927524
6360,23803.3347568377
6361,23803.334769498422
6362,23803.334759838923
6363,23803.334761723934
6364,23803.33475992345
6365,23803.33475629194
6366,23803.334763301977
6367,23803.3347660744
6368,23803.334759146368
6369,23803.334763029536
6370,23785.088427864353
6371,23785.088427864353
6372,23785.088427864353
6373,23785.08842786435
6374,23785.08842786436
6375,23785.088427864357
6376,23785.088427864353
6377,23785.088427864353
6378,23785.088427864353
6379,23785.08842756888
6380,23785.088425285998
6381,23785.08843099345
6382,23785.0884228023
6383,23785.088429949745
6384,23785.088425561324
6385,23785.08842724821
6386,23785.088428555122
6387,23785.088429128966
6388,23785.088433437966
6389,23785.088424400576
6390,23785.08842948791
6391,23785.08843811061
6392,23785.088420663054
6393,23785.088417149185
6394,23785.088423637753
6395,23785.08843206711
6396,23785.08842553393
6397,23785.08842315036
6398,23785.08843416008
6399,23785.088427285773
6400,23785.08843119252
6401,23785.08842753753
6402,23785.088430279942
6403,23785.08843275801
6404,23785.08842989878
6405,23785.0884225546
6406,23785.088427574206
6407,23785.08843082307
6408,23785.088426836093
6409,23785.08841466848
6410,23785.088439421903
6411,23785.088426074282
6412,23785.08843065829
6413,23785.088417253173
6414,23785.088421235476
6415,23785.08842476902
6416,23785.08843234473
6417,23785.088423186622
6418,23785.08842776892
6419,23767.95359309341
6420,23767.953593093418
6421,23767.953593093396
6422,23767.953593093414
6423,23767.953593093396
6424,23767.953593093396
6425,23767.953593093396
6426,23767.953593093396
6427,23767.953593093396
6428,23767.953592031186
6429,23767.953588242803
6430,23767.953597038522
6431,23767.9535850609
6432,23767.953602902733
6433,23767.953590362988
6434,23767.953601155277
6435,23767.95359586926
6436,23767.953596515654
6437,23767.953596459207
6438,23767.95358853221
6439,23767.953597196112
6440,23767.953600170644
6441,23767.95359141827
6442,23767.95358430255
6443,23767.953591865695
6444,23767.953590102417
6445,23767.95359088631
6446,23767.95359232772
6447,23767.9535998041
6448,23767.953587652224
6449,23767.953595488194
6450,23767.953593373564
6451,23767.953592542275
6452,23767.953590820238
6453,23767.95359349037
6454,23767.953591808917
6455,23767.95359060107
6456,23767.95358663158
6457,23767.953588282784
6458,23767.95357926883
6459,23767.953600269306
6460,23767.953597216037
6461,23767.95359594076
6462,23767.95358491438
6463,23767.9535889832
6464,23767.953587098484
6465,23767.953593801434
6466,23767.953593676204
6467,23767.953595232593
6468,23758.71754867171
6469,23758.717548671702
6470,23758.717548671702
6471,23758.717548671713
6472,23758.717548671717
6473,23758.717548671713
6474,23758.717548671702
6475,23758.717548671717
6476,23758.7175486717
6477,23758.717548456054
6478,23758.717556179705
6479,23758.717537634893
6480,23758.717546911827
6481,23758.7175466169
6482,23758.717551196634
6483,23758.717547209835
6484,23758.717550106394
6485,23758.71753915137
6486,23758.717548056058
6487,23758.71754525128
6488,23758.71755933556
6489,23758.717553628783
6490,23758.717545565964
6491,23758.717545203664
6492,23758.71756081152
6493,23758.717569616987
6494,23758.71754764591
6495,23758.717548701257
6496,23758.717544738844
6497,23758.717574190217
6498,23758.717548360866
6499,23758.717549379726
6500,23758.717549676447
6501,23758.717551589558
6502,23758.717548772795
6503,23758.717546921533
6504,23758.717551684844
6505,23758.717552895876
6506,23758.717568094165
6507,23758.717549489287
6508,23758.717562882783
6509,23758.717527183868
6510,23758.717559759025
6511,23758.717542539733
6512,23758.717557370055
6513,23758.71754739435
6514,23758.717538599984
6515,23758.71753579594
6516,23758.717549790726
6517,23743.9852871277
6518,23743.985287127703
6519,23743.9852871277
6520,23743.985287127714
6521,23743.985287127703
6522,23743.98528712771
6523,23743.985287127725
6524,23743.985287127714
6525,23743.985287127703
6526,23743.98528695929
6527,23743.985291081117
6528,23743.98528612934
6529,23743.98528800768
6530,23743.985289539694
6531,23743.985285333056
6532,23743.985289895034
6533,23743.985284868977
6534,23743.98529068957
6535,23743.98528358962
6536,23743.985286031977
6537,23743.985295415503
6538,23743.985285911673
6539,23743.985291113382
6540,23743.985283422317
6541,23743.985296737552
6542,23743.985292984922
6543,23743.985290832723
6544,23743.985289809363
6545,23743.98528655987
6546,23743.985285510935
6547,23743.98528670793
6548,23743.98528974798
6549,23743.98528420673
6550,23743.985285096318
6551,23743.985285264163
6552,23743.985289173674
6553,23743.985284990515
6554,23743.98528429514
6555,23743.98529002691
6556,23743.985291704554
6557,23743.98528314395
6558,23743.9852890668
6559,23743.985290036297
6560,23743.985286998733
6561,23743.985295080154
6562,23743.98528271614
6563,23743.985278056847
6564,23743.985284553764
6565,23743.98529237052
6566,23736.661738635787
6567,23736.661738635794
6568,23736.661738635787
6569,23736.661738635787
6570,23736.661738635794
6571,23736.661738635787
6572,23736.66173863579
6573,23736.661738635783
6574,23736.661738635783
6575,23736.66173901794
6576,23736.66173783392
6577,23736.661741569424
6578,23736.661739101095
6579,23736.661739996216
6580,23736.661737347033
6581,23736.661742378437
6582,23736.66173854425
6583,23736.66174433162
6584,23736.661735320966
6585,23736.661737704428
6586,23736.661745311423
6587,23736.6617371121
6588,23736.661743441997
6589,23736.661734125373
6590,23736.661745503352
6591,23736.661736169375
6592,23736.66174616514
6593,23736.661740263746
6594,23736.661741164695
6595,23736.661732217985
6596,23736.661738311603
6597,23736.661741263335
6598,23736.661734478395
6599,23736.66173804129
6600,23736.661736597067
6601,23736.66174057657
6602,23736.66173473514
6603,23736.661733317764
6604,23736.661734359852
6605,23736.66174008703
6606,23736.661737164017
6607,23736.661744506437
6608,23736.66173809524
6609,23736.661739975203
6610,23736.66174414379
6611,23736.661733680106
6612,23736.66173135518
6613,23736.661737315975
6614,23736.661744491605
6615,23721.0963571973
6616,23721.0963571973
6617,23721.096357197308
6618,23721.096357197308
6619,23721.096357197308
6620,23721.096357197304
6621,23721.096357197304
6622,23721.0963571973
6623,23721.096357197304
6624,23721.096359758027
6625,23721.0963524709
6626,23721.096365547295
6627,23721.09636039322
6628,23721.096358340972
6629,23721.096357192346
6630,23721.09635948991
6631,23721.096359960575
6632,23721.09636408758
6633,23721.09635467445
6634,23721.0963574531
6635,23721.096360548167
6636,23721.096351443477
6637,23721.096361693206
6638,23721.096352969867
6639,23721.096358291426
6640,23721.096346072696
6641,23721.09636506601
6642,23721.096357104045
6643,23721.096361346135
6644,23721.096346976465
6645,23721.09635529653
6646,23721.096360149182
6647,23721.09635126709
6648,23721.096355419417
6649,23721.096356286485
6650,23721.096357723934
6651,23721.09635243988
6652,23721.09635175574
6653,23721.09634729656
6654,23721.09636073305
6655,23721.096355951762
6656,23721.096367407852
6657,23721.096350121687
6658,23721.09636163336
6659,23721.096358838764
6660,23721.09635141573
6661,23721.09635131605
6662,23721.096356465503
6663,23721.09636219506
6664,23703.740102703116
6665,23703.740102703123
6666,23703.740102703123
6667,23703.740102703116
6668,23703.74010270312
6669,23703.740102703116
6670,23703.740102703123
6671,23703.740102703112
6672,23703.74010270312
6673,23703.740106031786
6674,23703.740083471002
6675,23703.740117114863
6676,23703.74011094604
6677,23703.740092364933
6678,23703.740098517705
6679,23703.740096592654
6680,23703.740110900533
6681,23703.740116506026
6682,23703.740102558066
6683,23703.740107265898
6684,23703.740101670526
6685,23703.740112546668
6686,23703.740102389016
6687,23703.74009530863
6688,23703.740099244027
6689,23703.74009580289
6690,23703.74011976639
6691,23703.740095798294
6692,23703.740118943333
6693,23703.740075288344
6694,23703.74010142583
6695,23703.740106672707
6696,23703.740095870413
6697,23703.74011799329
6698,23703.740100873016
6699,23703.740101902953
6700,23703.74009342681
6701,23703.740103122575
6702,23703.74008481703
6703,23703.74009463225
6704,23703.74011517716
6705,23703.740123505442
6706,23703.74009155377
6707,23703.74010557069
6708,23703.740105611036
6709,23703.740098168295
6710,23703.74010352321
6711,23703.740100559495
6712,23703.740110280607
6713,23682.714947609085
6714,23682.714947609093
6715,23682.714947609093
6716,23682.714947609096
6717,23682.7149476091
6718,23682.714947609093
6719,23682.714947609093
6720,23682.71494760909
6721,23682.71494760909
6722,23682.714949603283
6723,23682.714945373948
6724,23682.714952182123
6725,23682.714954908475
6726,23682.714939000936
6727,23682.714945502677
6728,23682.714940622223
6729,23682.714957154996
6730,23682.714941398892
6731,23682.714950572765
6732,23682.71495073692
6733,23682.714941497594
6734,23682.714948529192
6735,23682.714940218415
6736,23682.714944618707
6737,23682.71493663037
6738,23682.714937288805
6739,23682.714960278274
6740,23682.7149414124
6741,23682.714946175292
6742,23682.714964259983
6743,23682.71494248976
6744,23682.714948054752
6745,23682.714944526226
6746,23682.71495190214
6747,23682.714950436537
6748,23682.714936930617
6749,23682.714944660096
6750,23682.71494624343
6751,23682.714930640745
6752,23682.71495573905
6753,23682.71496064838
6754,23682.714936019278
6755,23682.714938123157
6756,23682.714951203947
6757,23682.714939540783
6758,23682.71494320974
6759,23682.714944508934
6760,23682.714943282488
6761,23682.7149415909
6762,23668.168261733907
6763,23668.168261733914
6764,23668.168261733907
6765,23668.16826173391
6766,23668.16826173391
6767,23668.1682617339
6768,23668.168261733903
6769,23668.168261733907
6770,23668.168261733914
6771,23668.16826488413
6772,23668.168264869895
6773,23668.168263684685
6774,23668.16827176738
6775,23668.168257749676
6776,23668.168258609385
6777,23668.168253285552
6778,23668.168262692918
6779,23668.168258800273
6780,23668.16826342269
6781,23668.168266898083
6782,23668.16825689655
6783,23668.16826269161
6784,23668.16825584403
6785,23668.16826018782
6786,23668.16825503658
6787,23668.16826553337
6788,23668.168266042438
6789,23668.168258564812
6790,23668.168259507584
6791,23668.168268445574
6792,23668.1682568256
6793,23668.168262382933
6794,23668.168261360996
6795,23668.168264248485
6796,23668.168263751293
6797,23668.16825367528
6798,23668.168262099447
6799,23668.16826305365
6800,23668.168257727244
6801,23668.16827701301
6802,23668.168261158262
6803,23668.16825716714
6804,23668.16825788028
6805,23668.168263959753
6806,23668.1682586638
6807,23668.168259549835
6808,23668.168256363613
6809,23668.16825937468
6810,23668.16825584989
6811,23655.85235310939
6812,23655.852353109396
6813,23655.852353109396
6814,23655.852353109385
6815,23655.852353109396
6816,23655.852353109392
6817,23655.852353109392
6818,23655.852353109385
6819,23655.85235310939
6820,23655.852358155338
6821,23655.852351007157
6822,23655.852351494268
6823,23655.852352665628
6824,23655.852358291042
6825,23655.852355997467
6826,23655.852354166334
6827,23655.85235501951
6828,23655.852345134368
6829,23655.852355777177
6830,23655.85235440291
6831,23655.85234949668
6832,23655.85235983043
6833,23655.85234886098
6834,23655.852352064256
6835,23655.852348624787
6836,23655.852360278986
6837,23655.852350184847
6838,23655.852353916554
6839,23655.852356440348
6840,23655.852366658124
6841,23655.85235012938
6842,23655.852350510242
6843,23655.852356740597
6844,23655.8523567589
6845,23655.852355614392
6846,23655.852346749256
6847,23655.85235853253
6848,23655.852348097862
6849,23655.8523606427
6850,23655.852355181658
6851,23655.852362333313
6852,23655.852342247857
6853,23655.85235803993
6854,23655.852350674446
6855,23655.85234991797
6856,23655.85235299741
6857,23655.85234749125
6858,23655.85235157017
6859,23655.852347435637
6860,23648.23356816975
6861,23648.23356816975
6862,23648.23356816975
6863,23648.233568169748
6864,23648.23356816974
6865,23648.233568169744
6866,23648.233568169737
6867,23648.233568169748
6868,23648.233568169744
6869,23648.233567704156
6870,23648.233579824464
6871,23648.233567369793
6872,23648.233573294987
6873,23648.233576098803
6874,23648.233564625763
6875,23648.23357028784
6876,23648.233556750893
6877,23648.23356653456
6878,23648.233565879797
6879,23648.233571872854
6880,23648.2335641101
6881,23648.233564062437
6882,23648.23357297324
6883,23648.233568756175
6884,23648.233568430383
6885,23648.233578136926
6886,23648.233565956707
6887,23648.233575807822
6888,23648.233562553494
6889,23648.233571134828
6890,23648.23356544819
6891,23648.233566882285
6892,23648.233570625434
6893,23648.233560877205
6894,23648.23356926915
6895,23648.233564301707
6896,23648.233571924156
6897,23648.23356548602
6898,23648.233571048444
6899,23648.233587852734
6900,23648.233549259345
6901,23648.23356648444
6902,23648.233571764467
6903,23648.23357062329
6904,23648.233566453426
6905,23648.233569024585
6906,23648.233559768767
6907,23648.23357285121
6908,23648.233564769293
6909,23640.870487691638
6910,23640.870487691645
6911,23640.870487691645
6912,23640.87048769164
6913,23640.87048769164
6914,23640.87048769163
6915,23640.870487691638
6916,23640.870487691634
6917,23640.87048769163
6918,23640.87048593175
6919,23640.870487537046
6920,23640.870491230726
6921,23640.870489580448
6922,23640.870487204174
6923,23640.870484206072
6924,23640.870489131885
6925,23640.8704798279
6926,23640.870490825415
6927,23640.87048552034
6928,23640.870492385628
6929,23640.87048259515
6930,23640.870492259055
6931,23640.870492410253
6932,23640.87048691529
6933,23640.870488751167
6934,23640.870494926447
6935,23640.870494273382
6936,23640.870492943304
6937,23640.870491829344
6938,23640.870478787707
6939,23640.870486929452
6940,23640.870486475444
6941,23640.870489763634
6942,23640.870493045757
6943,23640.870487367993
6944,23640.8704850057
6945,23640.870487890224
6946,23640.87048354249
6947,23640.87048639288
6948,23640.870494931376
6949,23640.870479221223
6950,23640.870493383794
6951,23640.87049068261
6952,23640.87048967283
6953,23640.87048739871
6954,23640.870490443376
6955,23640.870482857466
6956,23640.87049101217
6957,23640.87048706259
6958,23632.192184556592
6959,23632.19218455659
6960,23632.192184556596
6961,23632.192184556603
6962,23632.192184556596
6963,23632.192184556596
6964,23632.192184556596
6965,23632.19218455659
6966,23632.192184556596
6967,23632.19218092627
6968,23632.192177178033
6969,23632.192193027557
6970,23632.19218046455
6971,23632.19218487611
6972,23632.192184222426
6973,23632.192191173333
6974,23632.192179550446
6975,23632.192189145313
6976,23632.19218375234
6977,23632.192186871875
6978,23632.1921783563
6979,23632.19218757242
6980,23632.19219033625
6981,23632.192181800074
6982,23632.1921836763
6983,23632.192182857885
6984,23632.19219299008
6985,23632.192190688038
6986,23632.192193223105
6987,23632.19217219815
6988,23632.192185579584
6989,23632.19218272999
6990,23632.19218513598
6991,23632.19218981235
6992,23632.192184952626
6993,23632.192182536568
6994,23632.192183177584
6995,23632.192178425612
6996,23632.192179320802
6997,23632.192183699874
6998,23632.192182451603
6999,23632.192192159077
7000,23632.192185305666
7001,23632.192185400407
7002,23632.192181327922
7003,23632.19218737368
7004,23632.192184113643
7005,23632.19218672286
7006,23632.19218690613
7007,23620.121063726667
7008,23620.121063726663
7009,23620.121063726667
7010,23620.12106372666
7011,23620.121063726667
7012,23620.121063726667
7013,23620.121063726667
7014,23620.121063726663
7015,23620.121063726663
7016,23620.121055982167
7017,23620.12105618461
7018,23620.12107256822
7019,23620.121061228543
7020,23620.12105705533
7021,23620.121062552054
7022,23620.121066412707
7023,23620.121062071543
7024,23620.1210655793
7025,23620.121061406004
7026,23620.12106632218
7027,23620.121058095832
7028,23620.121066100524
7029,23620.121071014994
7030,23620.121062969774
7031,23620.12106417522
7032,23620.12105751912
7033,23620.121074204297
7034,23620.12106629073
7035,23620.121071938134
7036,23620.12105791328
7037,23620.121064299034
7038,23620.121062782448
7039,23620.121063316787
7040,23620.121074562772
7041,23620.121065283976
7042,23620.121061308895
7043,23620.121059482888
7044,23620.121059617468
7045,23620.121055466807
7046,23620.12105959439
7047,23620.121069546145
7048,23620.12106659863
7049,23620.12106323766
7050,23620.121067091928
7051,23620.121058513265
7052,23620.121068350843
7053,23620.121061877828
7054,23620.121063694947
7055,23620.12106439252
7056,23602.932838588793
7057,23602.932838588797
7058,23602.932838588797
7059,23602.9328385888
7060,23602.9328385888
7061,23602.932838588793
7062,23602.932838588804
7063,23602.932838588793
7064,23602.932838588786
7065,23602.932838657583
7066,23602.932825537366
7067,23602.932851783036
7068,23602.93283414851
7069,23602.932839854107
7070,23602.93283876207
7071,23602.93284207758
7072,23602.932838126348
7073,23602.932844732415
7074,23602.93284100858
7075,23602.932841546357
7076,23602.932830924245
7077,23602.932835710093
7078,23602.932840204434
7079,23602.93283344086
7080,23602.93283055882
7081,23602.932831922335
7082,23602.932838235203
7083,23602.93283951306
7084,23602.932850647976
7085,23602.932819799003
7086,23602.9328408987
7087,23602.9328387914
7088,23602.932837642074
7089,23602.932845889856
7090,23602.932842137103
7091,23602.93283951987
7092,23602.93283454621
7093,23602.932835743984
7094,23602.93283616969
7095,23602.932829734462
7096,23602.9328457924
7097,23602.932848777247
7098,23602.932833391438
7099,23602.932837868477
7100,23602.932834324743
7101,23602.932841991267
7102,23602.93284554398
7103,23602.932838977948
7104,23602.93284348869
7105,23593.678799589714
7106,23593.67879958971
7107,23593.67879958971
7108,23593.678799589714
7109,23593.67879958972
7110,23593.678799589714
7111,23593.678799589714
7112,23593.678799589714
7113,23593.678799589714
7114,23593.67878733584
7115,23593.67880925606
7116,23593.67879443845
7117,23593.678804143965
7118,23593.678775860877
7119,23593.678793273433
7120,23593.67878859841
7121,23593.678800137888
7122,23593.678793211737
7123,23593.67879668963
7124,23593.678805626478
7125,23593.678798394398
7126,23593.67879627918
7127,23593.67880138897
7128,23593.678799816127
7129,23593.67880508757
7130,23593.678807886343
7131,23593.67881253228
7132,23593.678794494303
7133,23593.678794381372
7134,23593.678816197516
7135,23593.678800206926
7136,23593.67880208444
7137,23593.67880056402
7138,23593.678814578103
7139,23593.678803328818
7140,23593.678800909034
7141,23593.678792136023
7142,23593.678809235673
7143,23593.678799138113
7144,23593.67880166755
7145,23593.67881440966
7146,23593.678781956216
7147,23593.67879927282
7148,23593.67880333122
7149,23593.678801080736
7150,23593.67880775836
7151,23593.678797659653
7152,23593.678792676856
7153,23593.678798335324
7154,23583.159507920114
7155,23583.159507920114
7156,23583.159507920114
7157,23583.15950792011
7158,23583.159507920114
7159,23583.15950792011
7160,23583.159507920118
7161,23583.159507920118
7162,23583.159507920114
7163,23583.159504299812
7164,23583.15951244261
7165,23583.159507529854
7166,23583.159507817603
7167,23583.159503021885
7168,23583.15950486205
7169,23583.15950674411
7170,23583.15950817433
7171,23583.159505276028
7172,23583.15950777742
7173,23583.159511046808
7174,23583.15950584311
7175,23583.159502793114
7176,23583.15950906991
7177,23583.159505420703
7178,23583.159507886463
7179,23583.159511660186
7180,23583.159509473946
7181,23583.1595064066
7182,23583.1595071757
7183,23583.159512638034
7184,23583.159509034675
7185,23583.15950909422
7186,23583.159508560213
7187,23583.159511171187
7188,23583.159511932878
7189,23583.159509934576
7190,23583.159504740703
7191,23583.159511407048
7192,23583.159510731533
7193,23583.159506856216
7194,23583.159517272838
7195,23583.159498895133
7196,23583.159507030403
7197,23583.15950801229
7198,23583.159507488803
7199,23583.15951206263
7200,23583.15950946071
7201,23583.159504808733
7202,23583.159509031386
7203,23577.903107551458
7204,23577.903107551454
7205,23577.903107551458
7206,23577.90310755145
7207,23577.903107551454
7208,23577.903107551454
7209,23577.90310755145
7210,23577.903107551454
7211,23577.90310755145
7212,23577.903110674884
7213,23577.90310841134
7214,23577.903108247912
7215,23577.903105634105
7216,23577.9031095929
7217,23577.90310456276
7218,23577.903108037684
7219,23577.903108726383
7220,23577.903108112565
7221,23577.903107746013
7222,23577.90311165741
7223,23577.903105941503
7224,23577.903106645615
7225,23577.90310679048
7226,23577.90310514724
7227,23577.903105766898
7228,23577.903108313716
7229,23577.903104304598
7230,23577.90310522772
7231,23577.90311076109
7232,23577.903099653966
7233,23577.90310798645
7234,23577.90310879861
7235,23577.903109072045
7236,23577.903109962834
7237,23577.903110745905
7238,23577.90311106801
7239,23577.903105692316
7240,23577.90310391865
7241,23577.903112599073
7242,23577.903103520224
7243,23577.90311321658
7244,23577.903107595204
7245,23577.90310727128
7246,23577.903106854785
7247,23577.903108211092
7248,23577.9031097026
7249,23577.903109219358
7250,23577.903107862505
7251,23577.90310717274
7252,23573.550807822776
7253,23573.55080782279
7254,23573.550807822794
7255,23573.550807822794
7256,23573.550807822794
7257,23573.550807822794
7258,23573.550807822787
7259,23573.55080782278
7260,23573.550807822783
7261,23573.550809850498
7262,23573.550812892114
7263,23573.550807396532
7264,23573.55080645006
7265,23573.550813973397
7266,23573.550803744598
7267,23573.550811468536
7268,23573.550808191543
7269,23573.55080889338
7270,23573.550806915588
7271,23573.550811276433
7272,23573.550807298998
7273,23573.55080638221
7274,23573.550809512682
7275,23573.55080589719
7276,23573.550808135922
7277,23573.550808623182
7278,23573.55080455166
7279,23573.550807265077
7280,23573.550808330798
7281,23573.55079993436
7282,23573.550808149255
7283,23573.550808979573
7284,23573.550808951666
7285,23573.5508034135
7286,23573.550810558692
7287,23573.550811913196
7288,23573.550806646195
7289,23573.550804124097
7290,23573.550810625915
7291,23573.550806513827
7292,23573.55080835732
7293,23573.550808134987
7294,23573.550808048
7295,23573.55080766102
7296,23573.550808406424
7297,23573.55080825334
7298,23573.550808435735
7299,23573.5508099387
7300,23573.550807433534
7301,23564.657537672578
7302,23564.657537672585
7303,23564.657537672574
7304,23564.657537672585
7305,23564.65753767258
7306,23564.65753767258
7307,23564.65753767258
7308,23564.657537672574
7309,23564.657537672574
7310,23564.657538782663
7311,23564.657548319847
7312,23564.657534170892
7313,23564.65753296269
7314,23564.65754368407
7315,23564.657536597486
7316,23564.657543423542
7317,23564.657536749244
7318,23564.657536732953
7319,23564.657535493687
7320,23564.65754008716
7321,23564.657539517902
7322,23564.657534919355
7323,23564.657540526638
7324,23564.65753794335
7325,23564.657542239696
7326,23564.657537382518
7327,23564.65753691839
7328,23564.657538483214
7329,23564.657534860577
7330,23564.657533560425
7331,23564.657537380153
7332,23564.657537897885
7333,23564.657540085693
7334,23564.65752883599
7335,23564.65753985175
7336,23564.65754199314
7337,23564.657539380703
7338,23564.65753155137
7339,23564.657542854784
7340,23564.657541909968
7341,23564.657533023634
7342,23564.657535718416
7343,23564.657540984917
7344,23564.65753804538
7345,23564.65753852827
7346,23564.657536665305
7347,23564.657535209197
7348,23564.657539018524
7349,23564.657533656733
7350,23552.178182981057
7351,23552.178182981064
7352,23552.17818298106
7353,23552.178182981057
7354,23552.178182981057
7355,23552.178182981057
7356,23552.17818298106
7357,23552.17818298106
7358,23552.17818298106
7359,23552.17817625607
7360,23552.178183224023
7361,23552.178180967538
7362,23552.178187563786
7363,23552.17818360603
7364,23552.17817439262
7365,23552.178188573318
7366,23552.17819116838
7367,23552.178188541173
7368,23552.178178646816
7369,23552.178187411744
7370,23552.178184137152
7371,23552.178198775768
7372,23552.178186670844
7373,23552.178182340864
7374,23552.178191929626
7375,23552.178190218416
7376,23552.17819494805
7377,23552.178181960626
7378,23552.17818534626
7379,23552.17817061485
7380,23552.178184072873
7381,23552.178184416647
7382,23552.1781826862
7383,23552.178181771425
7384,23552.17818254181
7385,23552.17818855031
7386,23552.178179047667
7387,23552.17818688341
7388,23552.178170278487
7389,23552.178175460816
7390,23552.17818695341
7391,23552.178187530684
7392,23552.17818202254
7393,23552.178186215406
7394,23552.17818632374
7395,23552.178178709855
7396,23552.17818345786
7397,23552.17818733563
7398,23552.178184481705
7399,23538.728078937154
7400,23538.72807893715
7401,23538.72807893715
7402,23538.72807893715
7403,23538.728078937158
7404,23538.728078937158
7405,23538.728078937154
7406,23538.72807893715
7407,23538.72807893715
7408,23538.728070015677
7409,23538.728093401092
7410,23538.728075727548
7411,23538.728080825975
7412,23538.728077167347
7413,23538.72807698765
7414,23538.728084225597
7415,23538.72807800577
7416,23538.72808058566
7417,23538.728073394937
7418,23538.72808152898
7419,23538.728081685225
7420,23538.728077377506
7421,23538.728087126874
7422,23538.728082435027
7423,23538.728090358436
7424,23538.728078710305
7425,23538.728090572313
7426,23538.72808076305
7427,23538.728071958394
7428,23538.72807665055
7429,23538.728078306638
7430,23538.728079203614
7431,23538.728079070526
7432,23538.728067788175
7433,23538.72807878604
7434,23538.728082990576
7435,23538.72807880504
7436,23538.728080227906
7437,23538.72807063191
7438,23538.72809229866
7439,23538.728067845725
7440,23538.728079200253
7441,23538.728078972534
7442,23538.728085362494
7443,23538.728079762885
7444,23538.72807352779
7445,23538.728074750794
7446,23538.728081226454
7447,23538.72807481411
7448,23529.318444769375
7449,23529.31844476939
7450,23529.31844476938
7451,23529.318444769382
7452,23529.318444769382
7453,23529.318444769386
7454,23529.318444769382
7455,23529.31844476938
7456,23529.318444769382
7457,23529.318446649635
7458,23529.31843734275
7459,23529.31844256835
7460,23529.318435869256
7461,23529.31843676277
7462,23529.31845583889
7463,23529.318449102637
7464,23529.31845676229
7465,23529.31843934088
7466,23529.318444204742
7467,23529.318443713706
7468,23529.31844799905
7469,23529.31845279552
7470,23529.31843948196
7471,23529.318448045335
7472,23529.318452341995
7473,23529.318441686795
7474,23529.318455333523
7475,23529.31844255773
7476,23529.318450270937
7477,23529.318453702752
7478,23529.318444023746
7479,23529.3184421306
7480,23529.318448373488
7481,23529.31845631369
7482,23529.31844653807
7483,23529.318446315217
7484,23529.318450579376
7485,23529.31844325395
7486,23529.318449029077
7487,23529.318436628884
7488,23529.318463430154
7489,23529.318436116453
7490,23529.318448917402
7491,23529.3184453721
7492,23529.318444204535
7493,23529.318439932584
7494,23529.318442114596
7495,23529.318439154275
7496,23529.3184374717
7497,23524.053877292183
7498,23524.05387729218
7499,23524.053877292175
7500,23524.05387729218
7501,23524.053877292175
7502,23524.053877292175
7503,23524.053877292175
7504,23524.053877292183
7505,23524.053877292175
7506,23524.053878828985
7507,23524.05387932522
7508,23524.05387885244
7509,23524.053877074737
7510,23524.05387607411
7511,23524.053884396708
7512,23524.05388023085
7513,23524.053878736566
7514,23524.05387666722
7515,23524.053877282007
7516,23524.05387730247
7517,23524.053877382434
7518,23524.053872399516
7519,23524.053876382073
7520,23524.05387960553
7521,23524.053880808486
7522,23524.053877949656
7523,23524.053880520583
7524,23524.053877761155
7525,23524.053877239985
7526,23524.053877752696
7527,23524.05387664315
7528,23524.0538759137
7529,23524.053878450475
7530,23524.05387565347
7531,23524.053879253283
7532,23524.053878618357
7533,23524.053882514578
7534,23524.053881512307
7535,23524.05387973301
7536,23524.053885332927
7537,23524.053877700528
7538,23524.053876098642
7539,23524.05387589641
7540,23524.053879723688
7541,23524.053876316044
7542,23524.053871514516
7543,23524.053877066162
7544,23524.053874898826
7545,23524.053873610555
7546,23521.819340136008
7547,23521.819340136
7548,23521.819340136004
7549,23521.819340135997
7550,23521.819340136004
7551,23521.819340136004
7552,23521.81934013601
7553,23521.819340136004
7554,23521.819340136015
7555,23521.819341242324
7556,23521.81933969356
7557,23521.819341329014
7558,23521.819344957526
7559,23521.81933587145
7560,23521.819343338164
7561,23521.81933924616
7562,23521.819343311487
7563,23521.81934133217
7564,23521.819339287787
7565,23521.819341935447
7566,23521.819339866524
7567,23521.819339601898
7568,23521.819338432073
7569,23521.819342599
7570,23521.81934323225
7571,23521.819342355342
7572,23521.81934410705
7573,23521.81933855033
7574,23521.819341117338
7575,23521.819336206045
7576,23521.819338900987
7577,23521.81933971689
7578,23521.819340617116
7579,23521.81934359831
7580,23521.8193414373
7581,23521.81934209269
7582,23521.81934212675
7583,23521.819345444375
7584,23521.819339177702
7585,23521.8193454188
7586,23521.819341926253
7587,23521.819342334507
7588,23521.819336253702
7589,23521.819344594107
7590,23521.819340617683
7591,23521.819334964162
7592,23521.819340411872
7593,23521.819339040198
7594,23521.81933763273
7595,23517.761645864346
7596,23517.761645864346
7597,23517.76164586436
7598,23517.76164586435
7599,23517.76164586435
7600,23517.761645864346
7601,23517.761645864342
7602,23517.761645864346
7603,23517.76164586435
7604,23517.761648000953
7605,23517.761641364425
7606,23517.761648361997
7607,23517.76165183892
7608,23517.761647411786
7609,23517.761645490333
7610,23517.761645947598
7611,23517.761652321387
7612,23517.76164732121
7613,23517.761646153234
7614,23517.761646681425
7615,23517.761644555976
7616,23517.761649040243
7617,23517.761642548892
7618,23517.761647138377
7619,23517.761644714807
7620,23517.761646379906
7621,23517.761644919752
7622,23517.761643388196
7623,23517.761648724314
7624,23517.761641028064
7625,23517.761644575457
7626,23517.761645308743
7627,23517.761645889626
7628,23517.761649930162
7629,23517.761647868996
7630,23517.7616477595
7631,23517.761646145547
7632,23517.761648565134
7633,23517.761640622208
7634,23517.761643828686
7635,23517.76165207463
7636,23517.76164836501
7637,23517.761640779503
7638,23517.761649049713
7639,23517.761644959097
7640,23517.76163967742
7641,23517.76164780825
7642,23517.761647957333
7643,23517.761644672042
7644,23511.84550987798
7645,23511.845509877985
7646,23511.845509877985
7647,23511.845509877978
7648,23511.845509877978
7649,23511.84550987798
7650,23511.845509877985
7651,23511.84550987798
7652,23511.845509877978
7653,23511.845514638713
7654,23511.845504154622
7655,23511.845511857035
7656,23511.845515745783
7657,23511.84551229478
7658,23511.845507508824
7659,23511.845507797694
7660,23511.84551573407
7661,23511.845511427957
7662,23511.84551026211
7663,23511.84551002139
7664,23511.845509173
7665,23511.845514237135
7666,23511.84550475243
7667,23511.845511029074
7668,23511.845506679525
7669,23511.845509804767
7670,23511.845504245255
7671,23511.84550632975
7672,23511.845513315377
7673,23511.845502848115
7674,23511.84550838093
7675,23511.845509190236
7676,23511.845510132192
7677,23511.845517915455
7678,23511.845512035798
7679,23511.845512173997
7680,23511.845509059833
7681,23511.845508640596
7682,23511.84550697793
7683,23511.84550375733
7684,23511.8455173004
7685,23511.845512968797
7686,23511.845505594236
7687,23511.845511900206
7688,23511.8455097611
7689,23511.845505013516
7690,23511.84551178904
7691,23511.845513096632
7692,23511.84550965687
7693,23503.186473595684
7694,23503.186473595673
7695,23503.18647359568
7696,23503.186473595677
7697,23503.186473595677
7698,23503.186473595677
7699,23503.186473595673
7700,23503.186473595684
7701,23503.186473595677
7702,23503.186473371436
7703,23503.18647012301
7704,23503.186474849277
7705,23503.18647592994
7706,23503.186473483922
7707,23503.186467616095
7708,23503.18647286843
7709,23503.186478020445
7710,23503.186473153044
7711,23503.186474420472
7712,23503.186471814763
7713,23503.18647225072
7714,23503.186476784107
7715,23503.186469142314
7716,23503.186474239497
7717,23503.18646824493
7718,23503.186469088432
7719,23503.186470761644
7720,23503.18647173082
7721,23503.18647402813
7722,23503.18647438961
7723,23503.186472420435
7724,23503.186472056826
7725,23503.18647306257
7726,23503.186481986442
7727,23503.18647604637
7728,23503.18647532456
7729,23503.186468335458
7730,23503.18646679912
7731,23503.186463356247
7732,23503.186465430917
7733,23503.18648311403
7734,23503.186470736975
7735,23503.186469808727
7736,23503.186474288705
7737,23503.18647262955
7738,23503.186470558223
7739,23503.186476194107
7740,23503.186479383832
7741,23503.186475711445
7742,23497.250545048886
7743,23497.25054504888
7744,23497.250545048882
7745,23497.250545048886
7746,23497.25054504888
7747,23497.250545048875
7748,23497.250545048875
7749,23497.250545048882
7750,23497.250545048875
7751,23497.25055207333
7752,23497.25053938304
7753,23497.250544582792
7754,23497.25054713464
7755,23497.250544848528
7756,23497.250542326525
7757,23497.250541379144
7758,23497.250543603805
7759,23497.250546883413
7760,23497.250546171563
7761,23497.250543633654
7762,23497.250546414474
7763,23497.250551762307
7764,23497.25053766671
7765,23497.250545600516
7766,23497.250541964855
7767,23497.25055516126
7768,23497.250534646326
7769,23497.250543543138
7770,23497.25055069651
7771,23497.250530809666
7772,23497.250543336202
7773,23497.250543575446
7774,23497.250545800427
7775,23497.25055770709
7776,23497.250547318297
7777,23497.25054829105
7778,23497.25054410327
7779,23497.25053953875
7780,23497.25055732796
7781,23497.250535864605
7782,23497.25054933819
7783,23497.250550303746
7784,23497.250545582054
7785,23497.25054171034
7786,23497.250550382396
7787,23497.250549232638
7788,23497.25054642051
7789,23497.250545437655
7790,23497.250550656572
7791,23489.443742177744
7792,23489.443742177733
7793,23489.443742177737
7794,23489.443742177737
7795,23489.443742177744
7796,23489.443742177744
7797,23489.443742177747
7798,23489.44374217774
7799,23489.443742177737
7800,23489.443741737698
7801,23489.443744832697
7802,23489.44374008818
7803,23489.443744619748
7804,23489.443739267826
7805,23489.443740053823
7806,23489.443741036517
7807,23489.44373917897
7808,23489.443740808285
7809,23489.44374285813
7810,23489.443739632177
7811,23489.44374379018
7812,23489.4437437853
7813,23489.443740037743
7814,23489.44374427683
7815,23489.443742150754
7816,23489.4437497419
7817,23489.443737723846
7818,23489.443742308587
7819,23489.443742651332
7820,23489.443741701776
7821,23489.443739787264
7822,23489.44374010718
7823,23489.443741899187
7824,23489.443747094872
7825,23489.443744777884
7826,23489.443743904165
7827,23489.443740766896
7828,23489.443739889495
7829,23489.44374721506
7830,23489.443741989046
7831,23489.443744883538
7832,23489.443740029652
7833,23489.44374259893
7834,23489.443740510043
7835,23489.443744675427
7836,23489.443745967917
7837,23489.443741786577
7838,23489.443742700645
7839,23489.443746522866
7840,23482.163867874635
7841,23482.163867874646
7842,23482.163867874635
7843,23482.16386787464
7844,23482.163867874642
7845,23482.163867874646
7846,23482.163867874635
7847,23482.163867874635
7848,23482.163867874635
7849,23482.163862862464
7850,23482.163868257092
7851,23482.163865049573
7852,23482.16387143373
7853,23482.163855640414
7854,23482.163867831463
7855,23482.163867280466
7856,23482.163869891516
7857,23482.16386512437
7858,23482.163867171395
7859,23482.16386517382
7860,23482.163870792887
7861,23482.163873594604
7862,23482.163867609946
7863,23482.163872108536
7864,23482.16387261673
7865,23482.16386838984
7866,23482.16387286715
7867,23482.16386824627
7868,23482.16386913537
7869,23482.163874337923
7870,23482.16386395632
7871,23482.16386578658
7872,23482.163865524468
7873,23482.16387706393
7874,23482.163869345874
7875,23482.163868113974
7876,23482.16386309234
7877,23482.163866727533
7878,23482.163864934144
7879,23482.16386617646
7880,23482.16387773279
7881,23482.163863384663
7882,23482.163866511495
7883,23482.16386977384
7884,23482.16386864192
7885,23482.163874005902
7886,23482.16386611377
7887,23482.163866744242
7888,23482.16387226056
7889,23472.33878617107
7890,23472.33878617108
7891,23472.33878617108
7892,23472.33878617108
7893,23472.338786171073
7894,23472.338786171073
7895,23472.338786171073
7896,23472.338786171073
7897,23472.33878617107
7898,23472.338780360285
7899,23472.33880013034
7900,23472.338786496333
7901,23472.338786056327
7902,23472.33878431021
7903,23472.338793553216
7904,23472.338796566193
7905,23472.338780103255
7906,23472.33878246633
7907,23472.338786745582
7908,23472.3387806354
7909,23472.33879056082
7910,23472.338778257883
7911,23472.33879623572
7912,23472.33879173308
7913,23472.338793799972
7914,23472.338778482
7915,23472.33878803726
7916,23472.338788874007
7917,23472.33878771205
7918,23472.33879646504
7919,23472.338780367463
7920,23472.338783456853
7921,23472.33878199153
7922,23472.338770534538
7923,23472.33878836927
7924,23472.338783929008
7925,23472.33878717162
7926,23472.338783765445
7927,23472.338783395433
7928,23472.338805365893
7929,23472.3387832556
7930,23472.338782888735
7931,23472.338785441487
7932,23472.338787050234
7933,23472.338780951643
7934,23472.33879248842
7935,23472.33878213782
7936,23472.33878451603
7937,23472.338787597622
7938,23631.8019579799
7939,23631.801957979893
7940,23631.801957979893
7941,23631.801957979893
7942,23631.801957979893
7943,23631.801957979893
7944,23631.80195797988
7945,23631.801957979882
7946,23631.80195797992
7947,23631.801926884873
7948,23631.801978660784
7949,23631.801867260914
7950,23631.80197448245
7951,23631.801802901467
7952,23631.801987774936
7953,23631.801894801036
7954,23631.80201205662
7955,23631.801933706418
7956,23631.80195317725
7957,23631.801956642466
7958,23631.802007038757
7959,23631.802011995715
7960,23631.801963490325
7961,23631.80199960895
7962,23631.802025272093
7963,23631.801908399375
7964,23631.802013659664
7965,23631.801942645616
7966,23631.80195137863
7967,23631.80205859402
7968,23631.80191579682
7969,23631.80193728642
7970,23631.801965113227
7971,23631.80203723994
7972,23631.801953880688
7973,23631.801956619944
7974,23631.801918665886
7975,23631.80194929152
7976,23631.801986234692
7977,23631.8019552574
7978,23631.80202112383
7979,23631.801946314492
7980,23631.801952970553
7981,23631.801988369705
7982,23631.801963422433
7983,23631.802055050277
7984,23631.801906954108
7985,23631.80192742541
7986,23631.80195026262
7987,23456.36729207662
7988,23456.367292076615
7989,23456.36729207661
7990,23456.36729207662
7991,23456.367292076622
7992,23456.36729207662
7993,23456.367292076615
7994,23456.36729207662
7995,23456.36729207662
7996,23456.36728590755
7997,23456.367309273515
7998,23456.367281331168
7999,23456.367296971686
8000,23456.367270130446
8001,23456.367304039537
8002,23456.36729436586
8003,23456.36729295052
8004,23456.36728365582
8005,23456.36729111695
8006,23456.36728767522
8007,23456.36730251347
8008,23456.36729155828
8009,23456.36730311005
8010,23456.36730320662
8011,23456.36730836702
8012,23456.367277158843
8013,23456.367300905542
8014,23456.367289916423
8015,23456.367295347587
8016,23456.36731584953
8017,23456.3672794615
8018,23456.367288174548
8019,23456.3672881463
8020,23456.367286724602
8021,23456.367293144853
8022,23456.36728837435
8023,23456.36728877376
8024,23456.36728823539
8025,23456.367292850955
8026,23456.367313733517
8027,23456.367299209356
8028,23456.367286282923
8029,23456.367289931437
8030,23456.367298379562
8031,23456.367287219677
8032,23456.36731109069
8033,23456.36728104572
8034,23456.36728566027
8035,23456.36729166468
8036,140679.53337559706
8037,140679.53337559674
8038,140679.53337559671
8039,140679.5333755969
8040,140679.5333755969
8041,140679.53337559683
8042,140679.53337559683
8043,140679.5333755969
8044,140679.53337559712
8045,140679.5321758006
8046,140679.532743363
8047,140679.53062618038
8048,140679.53284893953
8049,140679.53206525085
8050,140679.53371809534
8051,140679.5324912845
8052,140679.53334247347
8053,140679.53451870132
8054,140679.5338464132
8055,140679.53163643478
8056,140679.53514682263
8057,140679.53405056166
8058,140679.53437149513
8059,140679.53429678924
8060,140679.53397535867
8061,140679.53389634154
8062,140679.53428928374
8063,140679.53222990595
8064,140679.5330099861
8065,140679.5343463557
8066,140679.53411068406
8067,140679.53217216348
8068,140679.53245921741
8069,140679.53396857972
8070,140679.53342204302
8071,140679.5348748628
8072,140679.53202970178
8073,140679.53702426783
8074,140679.5338034693
8075,140679.5332762233
8076,140679.53299061203
8077,140679.53367666982
8078,140679.53316764566
8079,140679.53245200258
8080,140679.53334588133
8081,140679.53417676283
8082,140679.5331622276
8083,140679.53295878207
8084,140679.5334536478
8085,23945.76587458401
8086,23945.765874583987
8087,23945.76587458398
8088,23945.765874583987
8089,23945.76587458398
8090,23945.76587458398
8091,23945.765874583994
8092,23945.765874583994
8093,23945.765874584005
8094,23945.765809300756
8095,23945.765904150885
8096,23945.765731480253
8097,23945.76588236967
8098,23945.76563635673
8099,23945.765919354024
8100,23945.76576547758
8101,23945.765958718195
8102,23945.76584864896
8103,23945.765874220993
8104,23945.765867570983
8105,23945.765957629566
8106,23945.765961966823
8107,23945.765886736448
8108,23945.76593647876
8109,23945.76597929667
8110,23945.765795760784
8111,23945.765956692012
8112,23945.76585365777
8113,23945.765860186995
8114,23945.766024669727
8115,23945.76581818787
8116,23945.76583912631
8117,23945.7658891253
8118,23945.765996670525
8119,23945.76587210593
8120,23945.76587765449
8121,23945.765812305734
8122,23945.765863354987
8123,23945.765925721895
8124,23945.765852423378
8125,23945.765960743232
8126,23945.765871801068
8127,23945.765874063472
8128,23945.765907967645
8129,23945.765883296215
8130,23945.766028885097
8131,23945.76579130234
8132,23945.765825170547
8133,23945.7658561226
8134,23450.116234017984
8135,23450.11623401798
8136,23450.11623401798
8137,23450.11623401798
8138,23450.116234017987
8139,23450.11623401798
8140,23450.11623401798
8141,23450.116234017984
8142,23450.116234017987
8143,23450.116227551374
8144,23450.116252336273
8145,23450.11621344611
8146,23450.116242576438
8147,23450.116195061775
8148,23450.11624883862
8149,23450.116228230952
8150,23450.116241789376
8151,23450.1162225564
8152,23450.116232190914
8153,23450.11623055061
8154,23450.116249252198
8155,23450.116240681687
8156,23450.11624434881
8157,23450.11624930795
8158,23450.116256685644
8159,23450.116213728128
8160,23450.116248033388
8161,23450.11622855856
8162,23450.116237933395
8163,23450.11626792003
8164,23450.116216368413
8165,23450.116228662704
8166,23450.11623109057
8167,23450.11623920784
8168,23450.11623426735
8169,23450.116229758885
8170,23450.116226457067
8171,23450.11622884982
8172,23450.1162385875
8173,23450.11625450296
8174,23450.116249600233
8175,23450.116227065
8176,23450.116230642812
8177,23450.116244269346
8178,23450.11623009156
8179,23450.116263983557
8180,23450.116217656425
8181,23450.11622411601
8182,23450.11623268599
8183,23433.594369615836
8184,23433.594369615857
8185,23433.594369615857
8186,23433.594369615857
8187,23433.594369615857
8188,23433.594369615836
8189,23433.59436961584
8190,23433.594369615836
8191,23433.59436961584
8192,23433.594368861486
8193,23433.594376056815
8194,23433.594344046465
8195,23433.594383866577
8196,23433.594317130675
8197,23433.594384497897
8198,23433.594355616977
8199,23433.59439452926
8200,23433.594356935067
8201,23433.59436823445
8202,23433.59436738499
8203,23433.594387501118
8204,23433.594393784715
8205,23433.594371266892
8206,23433.594386474495
8207,23433.594395281456
8208,23433.594344746663
8209,23433.594385430373
8210,23433.594363148
8211,23433.59437823721
8212,23433.594406831555
8213,23433.59434783723
8214,23433.594363675926
8215,23433.594367326485
8216,23433.594393438023
8217,23433.594369824394
8218,23433.59436430575
8219,23433.59435643463
8220,23433.59436398345
8221,23433.594377137764
8222,23433.594372205604
8223,23433.59440344552
8224,23433.59436541135
8225,23433.594362993597
8226,23433.594381257928
8227,23433.59436601368
8228,23433.59441194793
8229,23433.59435100683
8230,23433.594356282898
8231,23433.594369567232
8232,23377.962304785593
8233,23377.962304785593
8234,23377.9623047856
8235,23377.962304785593
8236,23377.96230478561
8237,23377.962304785593
8238,23377.9623047856
8239,23377.96230478561
8240,23377.962304785604
8241,23377.962326453402
8242,23377.962264351278
8243,23377.96226733614
8244,23377.96234197139
8245,23377.96219626012
8246,23377.962315969788
8247,23377.962250653112
8248,23377.962408444713
8249,23377.962290711144
8250,23377.962306410445
8251,23377.962306639944
8252,23377.96233313487
8253,23377.962402642
8254,23377.962268593204
8255,23377.962327580623
8256,23377.9623443385
8257,23377.962256774852
8258,23377.962324413642
8259,23377.962306630427
8260,23377.962327158635
8261,23377.962352749702
8262,23377.962268400377
8263,23377.96229811785
8264,23377.96230568926
8265,23377.96240316141
8266,23377.962308706108
8267,23377.962294743753
8268,23377.96226659066
8269,23377.962297588565
8270,23377.962331676823
8271,23377.962226599095
8272,23377.962406090253
8273,23377.96232126626
8274,23377.96228421788
8275,23377.962317622594
8276,23377.9623003307
8277,23377.9624147615
8278,23377.962273367364
8279,23377.96227415991
8280,23377.962306758305
8281,23217.612878520293
8282,23217.61287852029
8283,23217.61287852027
8284,23217.612878520285
8285,23217.612878520278
8286,23217.612878520296
8287,23217.61287852029
8288,23217.61287852029
8289,23217.612878520293
8290,23217.612954698547
8291,23217.61276362429
8292,23217.612900166772
8293,23217.612942416505
8294,23217.612794376666
8295,23217.612868498934
8296,23217.61281896018
8297,23217.613058868737
8298,23217.61287115787
8299,23217.61288316276
8300,23217.612886686144
8301,23217.612885700408
8302,23217.613036377305
8303,23217.612788373583
8304,23217.61288496953
8305,23217.61289454696
8306,23217.61282033085
8307,23217.612872014168
8308,23217.612910067215
8309,23217.61292868942
8310,23217.612879418866
8311,23217.612845092837
8312,23217.612889316217
8313,23217.612872280308
8314,23217.6130236474
8315,23217.61289262278
8316,23217.612858460674
8317,23217.6128301274
8318,23217.61287054563
8319,23217.61290344934
8320,23217.61270610856
8321,23217.6130368468
8322,23217.61292416166
8323,23217.612836714183
8324,23217.612879757293
8325,23217.612864646013
8326,23217.613028368316
8327,23217.612864829836
8328,23217.612841878927
8329,23217.612888127132
8330,707285.0421867262
8331,707285.0421867262
8332,707285.0421867262
8333,707285.0421867266
8334,707285.0421867265
8335,707285.0421867264
8336,707285.0421867265
8337,707285.0421867265
8338,707285.0421867264
8339,707285.0445626846
8340,707285.0376823443
8341,707285.0403812696
8342,707285.0414298745
8343,707285.0409014696
8344,707285.0431782763
8345,707285.0365406268
8346,707285.037847664
8347,707285.0449926459
8348,707285.044595944
8349,707285.0417889745
8350,707285.0476468877
8351,707285.044556505
8352,707285.041357549
8353,707285.0437644864
8354,707285.0433186368
8355,707285.0417540066
8356,707285.0438052827
8357,707285.0329546188
8358,707285.0434880289
8359,707285.0465446155
8360,707285.0438886512
8361,707285.0417884614
8362,707285.0382788526
8363,707285.0440971998
8364,707285.0408246196
8365,707285.0421543272
8366,707285.0418367607
8367,707285.0468582993
8368,707285.0436671699
8369,707285.0404363835
8370,707285.0320094319
8371,707285.0435763136
8372,707285.0427459442
8373,707285.0424178992
8374,707285.0414965862
8375,707285.0403734435
8376,707285.0421577487
8377,707285.0410644405
8378,707285.0390148382
8379,22464.406866404508
8380,22464.40686640451
8381,22464.406866404508
8382,22464.406866404526
8383,22464.40686640451
8384,22464.40686640452
8385,22464.40686640451
8386,22464.40686640451
8387,22464.40686640451
8388,22464.406968595267
8389,22464.4067192884
8390,22464.40695828314
8391,22464.406942084228
8392,22464.406712856402
8393,22464.406870942123
8394,22464.406712297303
8395,22464.407142300108
8396,22464.406871183986
8397,22464.40686982023
8398,22464.406865525267
8399,22464.40687845737
8400,22464.40708836297
8401,22464.40675183042
8402,22464.40687017266
8403,22464.4068927876
8404,22464.406710104402
8405,22464.406859156927
8406,22464.406929352503
8407,22464.40695332015
8408,22464.40688203972
8409,22464.406834563713
8410,22464.4069143747
8411,22464.406850992575
8412,22464.40708760166
8413,22464.406908742574
8414,22464.406831124514
8415,22464.40679421981
8416,22464.406841254025
8417,22464.406933433896
8418,22464.406638353987
8419,22464.407074349296
8420,22464.406954084112
8421,22464.406806364772
8422,22464.406856529007
8423,22464.40683634579
8424,22464.40724291789
8425,22464.406827977007
8426,22464.406769033863
8427,22464.40682694916
8428,95016.84749785744
8429,95016.8474978574
8430,95016.8474978575
8431,95016.84749785741
8432,95016.84749785745
8433,95016.84749785755
8434,95016.84749785753
8435,95016.84749785754
8436,95016.84749785748
8437,95016.84708569128
8438,95016.84606800776
8439,95016.84704371262
8440,95016.8474508534
8441,95016.84683200344
8442,95016.84811431033
8443,95016.84530214133
8444,95016.84697874746
8445,95016.84873826086
8446,95016.84847888662
8447,95016.84676050297
8448,95016.84842721667
8449,95016.84712260758
8450,95016.8477956184
8451,95016.84789686148
8452,95016.84797979481
8453,95016.84751756226
8454,95016.84757564397
8455,95016.84591730998
8456,95016.84555411735
8457,95016.84861381832
8458,95016.84809025106
8459,95016.84734532818
8460,95016.84696703676
8461,95016.84735303941
8462,95016.84660717825
8463,95016.84795278935
8464,95016.84746824346
8465,95016.8493947933
8466,95016.84827382685
8467,95016.84907764604
8468,95016.84658518636
8469,95016.84685061837
8470,95016.84775593932
8471,95016.84711612863
8472,95016.84747560641
8473,95016.84514159469
8474,95016.84684467675
8475,95016.84713823785
8476,95016.84621472198
8477,22144.193565262827
8478,22144.19356526286
8479,22144.19356526282
8480,22144.193565262827
8481,22144.19356526282
8482,22144.193565262838
8483,22144.19356526284
8484,22144.19356526283
8485,22144.193565262838
8486,22144.19360761615
8487,22144.193427539816
8488,22144.19366102328
8489,22144.193617984325
8490,22144.19332312762
8491,22144.19363295397
8492,22144.19328757697
8493,22144.193795200492
8494,22144.193594369048
8495,22144.193570173276
8496,22144.193525157334
8497,22144.19361746238
8498,22144.193773375802
8499,22144.193481944876
8500,22144.193572009273
8501,22144.193615482895
8502,22144.193315230685
8503,22144.193590634975
8504,22144.19358292367
8505,22144.19364070439
8506,22144.19359935725
8507,22144.193542697743
8508,22144.193634318985
8509,22144.193542701825
8510,22144.193821341407
8511,22144.193607513986
8512,22144.193536520743
8513,22144.193488620585
8514,22144.193538157728
8515,22144.193662200207
8516,22144.193405434817
8517,22144.193710435644
8518,22144.193672455007
8519,22144.193516393003
8520,22144.19354962937
8521,22144.19353935809
8522,22144.194061970513
8523,22144.19348216427
8524,22144.193408848954
8525,22144.19343267707
8526,609429.9580310306
8527,609429.9580310307
8528,609429.9580310304
8529,609429.9580310308
8530,609429.9580310307
8531,609429.9580310308
8532,609429.9580310308
8533,609429.9580310308
8534,609429.9580310306
8535,609429.960356505
8536,609429.9543885302
8537,609429.9554019781
8538,609429.9579073179
8539,609429.9560525453
8540,609429.9586057094
8541,609429.95374325
8542,609429.9546965035
8543,609429.9603220661
8544,609429.9598670021
8545,609429.9581647043
8546,609429.9627748457
8547,609429.9601793155
8548,609429.9568245179
8549,609429.9603465397
8550,609429.9596176062
8551,609429.9580424542
8552,609429.9592561977
8553,609429.9508874331
8554,609429.9588239583
8555,609429.9617117906
8556,609429.9590400675
8557,609429.9576121945
8558,609429.9548597803
8559,609429.9597929419
8560,609429.957519282
8561,609429.9577567519
8562,609429.9594576039
8563,609429.9643585482
8564,609429.9594795862
8565,609429.9579283721
8566,609429.9504639736
8567,609429.9575135087
8568,609429.9583520029
8569,609429.9587228763
8570,609429.9569541102
8571,609429.9571596782
8572,609429.9577024434
8573,609429.9569939722
8574,609429.9545202492
8575,22112.040260750935
8576,22112.040260750975
8577,22112.04026075095
8578,22112.040260750957
8579,22112.04026075097
8580,22112.040260750946
8581,22112.04026075095
8582,22112.04026075097
8583,22112.04026075096
8584,22112.04029916611
8585,22112.040123927647
8586,22112.040356554295
8587,22112.04031060411
8588,22112.040012737943
8589,22112.040336082053
8590,22112.0399716896
8591,22112.040482420987
8592,22112.040292395697
8593,22112.040266053722
8594,22112.040216489357
8595,22112.04031667887
8596,22112.040464082213
8597,22112.040180884025
8598,22112.040267375407
8599,22112.040312363395
8600,22112.04000308855
8601,22112.040288701675
8602,22112.04027201673
8603,22112.040333689583
8604,22112.040295880415
8605,22112.040239351154
8606,22112.040331544962
8607,22112.04023737452
8608,22112.040519303187
8609,22112.040301943558
8610,22112.040233103173
8611,22112.04018555436
8612,22112.040234527612
8613,22112.040359596616
8614,22112.04011033788
8615,22112.04039824094
8616,22112.04036849857
8617,22112.040213637207
8618,22112.040244556207
8619,22112.040235361008
8620,22112.040763752542
8621,22112.040173945137
8622,22112.040099983347
8623,22112.04011847949
8624,20379.591931008305
8625,20379.591931008352
8626,20379.591931008352
8627,20379.59193100835
8628,20379.59193100832
8629,20379.59193100832
8630,20379.591931008315
8631,20379.591931008326
8632,20379.59193100835
8633,20379.59210599824
8634,20379.591877547304
8635,20379.592051976095
8636,20379.591910770894
8637,20379.591769282044
8638,20379.592179366373
8639,20379.591558746983
8640,20379.59192798969
8641,20379.592008359683
8642,20379.591956902168
8643,20379.59185801537
8644,20379.591998825486
8645,20379.591876645893
8646,20379.591923448217
8647,20379.59192332406
8648,20379.591937624515
8649,20379.59160919712
8650,20379.591901208376
8651,20379.59179862151
8652,20379.5919743988
8653,20379.591965988107
8654,20379.591932401207
8655,20379.592022652134
8656,20379.591894861762
8657,20379.59211547644
8658,20379.59194283643
8659,20379.59192025522
8660,20379.591980573463
8661,20379.591906661433
8662,20379.592055468354
8663,20379.592037117647
8664,20379.5919476
8665,20379.592005347135
8666,20379.59191897412
8667,20379.59189406529
8668,20379.591895260055
8669,20379.59237002982
8670,20379.591835557778
8671,20379.591780427705
8672,20379.59168509573
8673,17900.124943910945
8674,17900.12494391097
8675,17900.12494391095
8676,17900.12494391096
8677,17900.12494391095
8678,17900.124943910934
8679,17900.12494391093
8680,17900.12494391094
8681,17900.124943910945
8682,17900.12509968868
8683,17900.124878317583
8684,17900.125081174596
8685,17900.124925015032
8686,17900.12478661426
8687,17900.125199873102
8688,17900.124579705385
8689,17900.124919875227
8690,17900.125102019723
8691,17900.12499142759
8692,17900.12488014234
8693,17900.12500862428
8694,17900.124760100123
8695,17900.12499146909
8696,17900.12494547367
8697,17900.124950961737
8698,17900.12465410138
8699,17900.124913339016
8700,17900.124852800887
8701,17900.12482050294
8702,17900.124985713213
8703,17900.12498859021
8704,17900.12502891502
8705,17900.124885585832
8706,17900.125089645386
8707,17900.124873009183
8708,17900.1249526762
8709,17900.12498823688
8710,17900.124986773808
8711,17900.12504697068
8712,17900.125113191432
8713,17900.12496061785
8714,17900.124978877524
8715,17900.12492082906
8716,17900.12495136039
8717,17900.124913170686
8718,17900.125133901838
8719,17900.124874493613
8720,17900.12483123815
8721,17900.124718285806
8722,30040.13344065312
8723,30040.1334406531
8724,30040.133440653164
8725,30040.133440653117
8726,30040.13344065315
8727,30040.133440653128
8728,30040.133440653124
8729,30040.133440653088
8730,30040.13344065307
8731,30040.13313430307
8732,30040.13397715116
8733,30040.13362300434
8734,30040.133734282794
8735,30040.13339548855
8736,30040.13326119408
8737,30040.133481834495
8738,30040.133320186396
8739,30040.1337694685
8740,30040.133587655324
8741,30040.133680173996
8742,30040.1331525253
8743,30040.13334355827
8744,30040.13395753093
8745,30040.13354173873
8746,30040.133551256076
8747,30040.133567313853
8748,30040.1337808902
8749,30040.133181393772
8750,30040.13362363684
8751,30040.133788205156
8752,30040.133504750454
8753,30040.13340966098
8754,30040.133391846994
8755,30040.133227028775
8756,30040.133368286937
8757,30040.133118048274
8758,30040.133379907227
8759,30040.13366942353
8760,30040.13277958435
8761,30040.134347978124
8762,30040.13344083228
8763,30040.133550643914
8764,30040.133230794625
8765,30040.133683079413
8766,30040.133137113207
8767,30040.13332394857
8768,30040.133379980292
8769,30040.133523270928
8770,30040.133082909168
8771,15414.577711655249
8772,15414.577711655222
8773,15414.577711655222
8774,15414.577711655213
8775,15414.577711655222
8776,15414.577711655253
8777,15414.577711655229
8778,15414.577711655249
8779,15414.577711655245
8780,15414.57785034669
8781,15414.577808800093
8782,15414.577788389885
8783,15414.577654411327
8784,15414.577716766262
8785,15414.577928888706
8786,15414.57759424191
8787,15414.577645877838
8788,15414.57788134771
8789,15414.577778524092
8790,15414.577704180687
8791,15414.577757748026
8792,15414.577521736912
8793,15414.577916929773
8794,15414.577719990426
8795,15414.577717111202
8796,15414.577578690749
8797,15414.57765637714
8798,15414.577565712072
8799,15414.577808125112
8800,15414.577832613848
8801,15414.577770996219
8802,15414.577778917923
8803,15414.577650988002
8804,15414.577748111013
8805,15414.57768879714
8806,15414.577709583898
8807,15414.577812080624
8808,15414.577755470971
8809,15414.577741982379
8810,15414.577988088713
8811,15414.577797397518
8812,15414.577754657152
8813,15414.577697689372
8814,15414.577702863111
8815,15414.577645228968
8816,15414.577866964853
8817,15414.577658047618
8818,15414.577677822583
8819,15414.57754798335
8820,13583.315501567038
8821,13583.315501567042
8822,13583.31550156705
8823,13583.315501567042
8824,13583.315501567045
8825,13583.315501567044
8826,13583.31550156705
8827,13583.315501567056
8828,13583.315501567049
8829,13583.31555880402
8830,13583.315249892861
8831,13583.315537645469
8832,13583.315744076066
8833,13583.315579610166
8834,13583.315274760678
8835,13583.315614396988
8836,13583.315596521792
8837,13583.31568538267
8838,13583.315487664748
8839,13583.315640600378
8840,13583.315497374613
8841,13583.315567599324
8842,13583.315579540851
8843,13583.315542632652
8844,13583.315563856908
8845,13583.315690001535
8846,13583.31544307729
8847,13583.31550867279
8848,13583.31553843215
8849,13583.31533732626
8850,13583.315552494709
8851,13583.315507570376
8852,13583.315479810237
8853,13583.31547678193
8854,13583.315386459695
8855,13583.315578179485
8856,13583.315358501264
8857,13583.31569586681
8858,13583.315308730056
8859,13583.315460554302
8860,13583.315468782117
8861,13583.315594734615
8862,13583.315412255024
8863,13583.315613286204
8864,13583.315516123264
8865,13583.315292959629
8866,13583.315485707753
8867,13583.315701907177
8868,13583.315640480125
8869,11558.363054663714
8870,11558.363054663716
8871,11558.36305466374
8872,11558.363054663732
8873,11558.363054663738
8874,11558.36305466373
8875,11558.36305466374
8876,11558.363054663736
8877,11558.36305466373
8878,11558.363095125149
8879,11558.362880856102
8880,11558.363053663112
8881,11558.363083551187
8882,11558.363003249033
8883,11558.363021246365
8884,11558.363091896
8885,11558.363265972246
8886,11558.363128815066
8887,11558.363037019102
8888,11558.363111361392
8889,11558.363081533824
8890,11558.363135133477
8891,11558.363079521849
8892,11558.363071401263
8893,11558.363100451696
8894,11558.363063360863
8895,11558.363052961464
8896,11558.363156139796
8897,11558.36303122614
8898,11558.363057804203
8899,11558.363075037818
8900,11558.363065881538
8901,11558.363021774878
8902,11558.363191382201
8903,11558.36299520534
8904,11558.363095746074
8905,11558.363019128708
8906,11558.363132982835
8907,11558.36304071223
8908,11558.362903036075
8909,11558.363216189338
8910,11558.363046622075
8911,11558.363039406204
8912,11558.363105039454
8913,11558.363044243606
8914,11558.36306845226
8915,11558.363016257461
8916,11558.3630811601
8917,11558.363082817199
8918,10791.337761114108
8919,10791.337761114093
8920,10791.33776111411
8921,10791.337761114106
8922,10791.337761114115
8923,10791.337761114104
8924,10791.337761114104
8925,10791.337761114097
8926,10791.337761114108
8927,10791.337854590649
8928,10791.337748708418
8929,10791.337685435508
8930,10791.33772027745
8931,10791.337733935514
8932,10791.33782566453
8933,10791.337756194847
8934,10791.337848774694
8935,10791.337826436404
8936,10791.33776490938
8937,10791.337808384858
8938,10791.337799888965
8939,10791.337792624396
8940,10791.337779240992
8941,10791.337771995059
8942,10791.337789168305
8943,10791.337740683259
8944,10791.337753029999
8945,10791.337729538285
8946,10791.337780483569
8947,10791.337798641198
8948,10791.337780055015
8949,10791.3377691428
8950,10791.337747765321
8951,10791.337849565936
8952,10791.337737416903
8953,10791.337789567737
8954,10791.33780927842
8955,10791.337791258742
8956,10791.337794502975
8957,10791.337711969656
8958,10791.337845952306
8959,10791.337739957615
8960,10791.337796590913
8961,10791.337748153723
8962,10791.337721594402
8963,10791.337771244187
8964,10791.337696017177
8965,10791.337764673011
8966,10791.337711867414
8967,10204.169831158108
8968,10204.169831158104
8969,10204.169831158104
8970,10204.169831158095
8971,10204.169831158099
8972,10204.169831158104
8973,10204.169831158102
8974,10204.16983115811
8975,10204.169831158113
8976,10204.16992749356
8977,10204.169916600513
8978,10204.169732435987
8979,10204.169803741248
8980,10204.169820955363
8981,10204.169903110651
8982,10204.169798608145
8983,10204.169809508723
8984,10204.169882937851
8985,10204.169842452397
8986,10204.169879251345
8987,10204.169846963916
8988,10204.169845130635
8989,10204.169797312354
8990,10204.169830816669
8991,10204.169813410033
8992,10204.169800374078
8993,10204.16982459026
8994,10204.169669378287
8995,10204.169919379212
8996,10204.169803601417
8997,10204.169835073582
8998,10204.16984980401
8999,10204.169829136194
9000,10204.169813403207
9001,10204.169845240353
9002,10204.16985080565
9003,10204.169880805122
9004,10204.169819285884
9005,10204.169865257074
9006,10204.16987196902
9007,10204.16978448764
9008,10204.169842233756
9009,10204.169847776757
9010,10204.169788752206
9011,10204.169794084855
9012,10204.169883628849
9013,10204.169788306928
9014,10204.169830036943
9015,10204.169789874826
9016,9630.56387881028
9017,9630.5638788103
9018,9630.563878810302
9019,9630.563878810288
9020,9630.563878810293
9021,9630.563878810291
9022,9630.563878810277
9023,9630.563878810277
9024,9630.563878810273
9025,9630.563902826441
9026,9630.5639826827
9027,9630.563792673263
9028,9630.563859722162
9029,9630.563806119178
9030,9630.563927646253
9031,9630.563845108063
9032,9630.563876792123
9033,9630.563929352806
9034,9630.563893338276
9035,9630.563919754213
9036,9630.563870519942
9037,9630.563911992744
9038,9630.56382528784
9039,9630.563878991383
9040,9630.563840381823
9041,9630.56381073141
9042,9630.563941522214
9043,9630.56374498565
9044,9630.563922278574
9045,9630.56386100201
9046,9630.563875765793
9047,9630.563893515679
9048,9630.563878489698
9049,9630.563857874324
9050,9630.563896423311
9051,9630.563887613143
9052,9630.563884434734
9053,9630.563857142297
9054,9630.563877558296
9055,9630.563897699394
9056,9630.563848391852
9057,9630.563885610769
9058,9630.56387417313
9059,9630.563845247209
9060,9630.563847485577
9061,9630.563914752902
9062,9630.563856638506
9063,9630.563860019054
9064,9630.563856101418
9065,9006.369759858344
9066,9006.36975985835
9067,9006.369759858346
9068,9006.369759858348
9069,9006.369759858337
9070,9006.369759858346
9071,9006.369759858342
9072,9006.369759858359
9073,9006.369759858364
9074,9006.36984049946
9075,9006.369799703078
9076,9006.369760042868
9077,9006.369822486362
9078,9006.369786819358
9079,9006.369738325136
9080,9006.369855408911
9081,9006.369684118774
9082,9006.369790559767
9083,9006.369747360986
9084,9006.369777567408
9085,9006.369749445981
9086,9006.369782547818
9087,9006.369757165636
9088,9006.369783524264
9089,9006.369705654062
9090,9006.369788637014
9091,9006.369791123103
9092,9006.369731762668
9093,9006.369856239422
9094,9006.369633874088
9095,9006.36974894444
9096,9006.36978057053
9097,9006.369786217423
9098,9006.369672592442
9099,9006.369766213533
9100,9006.369809922599
9101,9006.369742138786
9102,9006.369775928659
9103,9006.369751252081
9104,9006.36962260937
9105,9006.369612919421
9106,9006.369780878606
9107,9006.369737928597
9108,9006.369758057657
9109,9006.36979219989
9110,9006.369827527265
9111,9006.369760218457
9112,9006.369820657726
9113,9006.369870291679
9114,8500.608478148824
9115,8500.608478148817
9116,8500.608478148835
9117,8500.608478148835
9118,8500.608478148806
9119,8500.608478148833
9120,8500.608478148826
9121,8500.608478148835
9122,8500.608478148828
9123,8500.60823739992
9124,8500.608607588934
9125,8500.608471091033
9126,8500.608493133346
9127,8500.608383639454
9128,8500.608491313096
9129,8500.608503682477
9130,8500.608392350421
9131,8500.608536276595
9132,8500.60849361974
9133,8500.60846084274
9134,8500.608467898815
9135,8500.60841101217
9136,8500.608562148767
9137,8500.608483397747
9138,8500.608464424633
9139,8500.60844554109
9140,8500.608634617003
9141,8500.608418646705
9142,8500.6084827617
9143,8500.608504343258
9144,8500.608487120357
9145,8500.60848458925
9146,8500.608471980602
9147,8500.608380231468
9148,8500.608473562446
9149,8500.60848615423
9150,8500.608408257158
9151,8500.608527487486
9152,8500.608398158301
9153,8500.608654242937
9154,8500.608445191614
9155,8500.608470935476
9156,8500.608466986541
9157,8500.608470969399
9158,8500.608472406435
9159,8500.6084787349
9160,8500.608469151222
9161,8500.608453832752
9162,8500.608498328678
9163,8375.828439284305
9164,8375.828439284318
9165,8375.828439284322
9166,8375.82843928432
9167,8375.828439284322
9168,8375.828439284323
9169,8375.828439284323
9170,8375.828439284316
9171,8375.828439284316
9172,8375.82853120047
9173,8375.828332874655
9174,8375.828479364587
9175,8375.828439877776
9176,8375.828429150775
9177,8375.828473575728
9178,8375.828439209115
9179,8375.828648792523
9180,8375.828438807026
9181,8375.828450390003
9182,8375.828423600378
9183,8375.828431904754
9184,8375.828537964238
9185,8375.82837542726
9186,8375.828447348274
9187,8375.828395390989
9188,8375.828421975624
9189,8375.828424538058
9190,8375.828562900508
9191,8375.828371400006
9192,8375.828458907254
9193,8375.828435169617
9194,8375.82845483563
9195,8375.828412655193
9196,8375.828581789863
9197,8375.82847725389
9198,8375.828417042358
9199,8375.828469724565
9200,8375.82846368292
9201,8375.828502454486
9202,8375.82825039871
9203,8375.828633266849
9204,8375.828429695672
9205,8375.828426773256
9206,8375.828405218552
9207,8375.828406837716
9208,8375.828461385538
9209,8375.828445020648
9210,8375.828385938894
9211,8375.828432945098
9212,8092.7930519431575
9213,8092.793051943152
9214,8092.793051943147
9215,8092.793051943152
9216,8092.793051943156
9217,8092.793051943154
9218,8092.793051943156
9219,8092.793051943166
9220,8092.793051943166
9221,8092.79307620258
9222,8092.79300490147
9223,8092.793076620621
9224,8092.793074684749
9225,8092.793066449654
9226,8092.793084683757
9227,8092.793070574392
9228,8092.793093252372
9229,8092.793077607237
9230,8092.793057481365
9231,8092.793037865018
9232,8092.793057396497
9233,8092.793062169628
9234,8092.793034504992
9235,8092.793065976182
9236,8092.793019227607
9237,8092.79306573262
9238,8092.793044216984
9239,8092.793082195655
9240,8092.793039338127
9241,8092.793012518456
9242,8092.793054943426
9243,8092.7930682260685
9244,8092.793034505204
9245,8092.793067679515
9246,8092.793069621979
9247,8092.7930580676875
9248,8092.79306211817
9249,8092.793091327387
9250,8092.793094660347
9251,8092.793030377879
9252,8092.79307106958
9253,8092.793061709914
9254,8092.793037024155
9255,8092.7930336467
9256,8092.793047737414
9257,8092.793054923075
9258,8092.793055198825
9259,8092.793031497069
9260,8092.793078923483
9261,8021.338863079537
9262,8021.33886307954
9263,8021.338863079523
9264,8021.338863079535
9265,8021.338863079538
9266,8021.3388630795325
9267,8021.338863079527
9268,8021.338863079538
9269,8021.338863079536
9270,8021.338829874878
9271,8021.338870420807
9272,8021.338871508938
9273,8021.338886950023
9274,8021.338867321031
9275,8021.338897675709
9276,8021.338881227676
9277,8021.338850725938
9278,8021.338892152653
9279,8021.33887079456
9280,8021.338846019473
9281,8021.338862439412
9282,8021.338845930641
9283,8021.338857200397
9284,8021.338881668706
9285,8021.338826860638
9286,8021.338875332496
9287,8021.338880613683
9288,8021.338845929589
9289,8021.33886308192
9290,8021.338829959464
9291,8021.338864280415
9292,8021.338871420583
9293,8021.338853295751
9294,8021.3388294021515
9295,8021.3388851568325
9296,8021.338858128718
9297,8021.338867555733
9298,8021.338897737613
9299,8021.338889414501
9300,8021.338921023325
9301,8021.338844199325
9302,8021.33887108978
9303,8021.338849458705
9304,8021.33884067068
9305,8021.338855909452
9306,8021.338860729444
9307,8021.338867165488
9308,8021.3388385611015
9309,8021.338883199081
9310,7941.143578663883
9311,7941.143578663881
9312,7941.143578663881
9313,7941.143578663889
9314,7941.143578663885
9315,7941.143578663889
9316,7941.143578663889
9317,7941.143578663883
9318,7941.143578663884
9319,7941.143532927406
9320,7941.143598442403
9321,7941.143576838847
9322,7941.1435940530955
9323,7941.1435830311875
9324,7941.143614187037
9325,7941.143595009807
9326,7941.143552286119
9327,7941.143604174453
9328,7941.14358251387
9329,7941.143562025185
9330,7941.143579012352
9331,7941.143552564017
9332,7941.1435798524235
9333,7941.1436022954895
9334,7941.143549516875
9335,7941.143592077071
9336,7941.143596992223
9337,7941.143551156163
9338,7941.143579686066
9339,7941.143549308088
9340,7941.143579445984
9341,7941.143578961139
9342,7941.143572698416
9343,7941.143542151827
9344,7941.1435977211795
9345,7941.143569666625
9346,7941.143587018554
9347,7941.143606349027
9348,7941.143606771171
9349,7941.143654698949
9350,7941.143549610097
9351,7941.1435798275215
9352,7941.143572596677
9353,7941.143557341709
9354,7941.143567903047
9355,7941.143571247737
9356,7941.14357752238
9357,7941.143552964497
9358,7941.143592975766
9359,7668.514152996217
9360,7668.514152996226
9361,7668.514152996224
9362,7668.514152996215
9363,7668.514152996218
9364,7668.514152996213
9365,7668.514152996223
9366,7668.514152996231
9367,7668.514152996224
9368,7668.514127926004
9369,7668.514198953783
9370,7668.514128352133
9371,7668.514160035413
9372,7668.514187836179
9373,7668.514152105101
9374,7668.514185096319
9375,7668.514130532903
9376,7668.514167677918
9377,7668.514147620148
9378,7668.514149772044
9379,7668.5141371954305
9380,7668.514137781616
9381,7668.514174348125
9382,7668.5141898493
9383,7668.514132838088
9384,7668.514188641397
9385,7668.51414545076
9386,7668.514118814012
9387,7668.514167722366
9388,7668.514144936048
9389,7668.514150904722
9390,7668.514124080589
9391,7668.514174354908
9392,7668.514127145036
9393,7668.514161945814
9394,7668.5141324971955
9395,7668.514171931185
9396,7668.514150118917
9397,7668.514158736965
9398,7668.514192424138
9399,7668.514129840816
9400,7668.514134346707
9401,7668.5141588276865
9402,7668.514143358721
9403,7668.514127783057
9404,7668.514144716585
9405,7668.514142606088
9406,7668.514159569962
9407,7668.514165902952
9408,7785.0802349572
9409,7785.080234957184
9410,7785.080234957179
9411,7785.0802349572
9412,7785.08023495719
9413,7785.080234957191
9414,7785.080234957181
9415,7785.080234957193
9416,7785.080234957188
9417,7785.080080196019
9418,7785.080196185504
9419,7785.080192216175
9420,7785.080153851279
9421,7785.080117168405
9422,7785.080327755055
9423,7785.080077774654
9424,7785.080093593495
9425,7785.080220877046
9426,7785.080193317031
9427,7785.080218156096
9428,7785.080299856405
9429,7785.080179680484
9430,7785.080181673595
9431,7785.0802521052065
9432,7785.0802826645295
9433,7785.080137593202
9434,7785.080324284485
9435,7785.080147555088
9436,7785.080197101347
9437,7785.080135110076
9438,7785.0802142580005
9439,7785.080241348279
9440,7785.080226905622
9441,7785.080302238626
9442,7785.080217031815
9443,7785.08029288495
9444,7785.080208759413
9445,7785.080258083156
9446,7785.080297204657
9447,7785.080341322807
9448,7785.080044624287
9449,7785.080189418262
9450,7785.080306515487
9451,7785.080205623824
9452,7785.08024272171
9453,7785.080230015006
9454,7785.080168045271
9455,7785.080162176162
9456,7785.080177102478
9457,7582.657964905227
9458,7582.65796490522
9459,7582.657964905207
9460,7582.657964905209
9461,7582.6579649052155
9462,7582.65796490522
9463,7582.657964905209
9464,7582.65796490522
9465,7582.657964905215
9466,7582.657891753149
9467,7582.657976172932
9468,7582.657936229363
9469,7582.657936191052
9470,7582.657942336342
9471,7582.657996674465
9472,7582.657929456017
9473,7582.657900200651
9474,7582.657970197131
9475,7582.657945765431
9476,7582.657955811577
9477,7582.657979638592
9478,7582.657932512015
9479,7582.657963698441
9480,7582.657993732605
9481,7582.6579736207495
9482,7582.657951293465
9483,7582.657993352999
9484,7582.657915363588
9485,7582.657958277079
9486,7582.657921121278
9487,7582.657956628428
9488,7582.657948209779
9489,7582.657975774757
9490,7582.657975679047
9491,7582.657960809662
9492,7582.657975711128
9493,7582.657965573048
9494,7582.657970667093
9495,7582.65799138954
9496,7582.65802716053
9497,7582.657880946779
9498,7582.657937170857
9499,7582.657998153334
9500,7582.657948422954
9501,7582.657952234073
9502,7582.657955766243
9503,7582.657930835128
9504,7582.657943884067
9505,7582.657952351497
9506,7459.640279144003
9507,7459.640279144016
9508,7459.640279144016
9509,7459.6402791440105
9510,7459.640279144008
9511,7459.640279144003
9512,7459.640279144003
9513,7459.640279144005
9514,7459.640279144008
9515,7459.640260470051
9516,7459.640286100794
9517,7459.640256705157
9518,7459.6402609665165
9519,7459.640292714259
9520,7459.640276327855
9521,7459.640262964327
9522,7459.640255728848
9523,7459.640289238142
9524,7459.640265311225
9525,7459.640281314372
9526,7459.640280414162
9527,7459.640271044202
9528,7459.640289668608
9529,7459.64030744268
9530,7459.640284083002
9531,7459.64028567338
9532,7459.640271198231
9533,7459.64025420962
9534,7459.64027048255
9535,7459.640256458133
9536,7459.640274304515
9537,7459.640255142915
9538,7459.640304324737
9539,7459.640303560465
9540,7459.640270089394
9541,7459.640288652384
9542,7459.640283308215
9543,7459.640274386349
9544,7459.6402833147185
9545,7459.640277270104
9546,7459.640235740542
9547,7459.640252138895
9548,7459.640305529451
9549,7459.640271672684
9550,7459.640261665287
9551,7459.640268601408
9552,7459.640249114521
9553,7459.640294804349
9554,7459.640277522885
9555,7341.206762495336
9556,7341.206762495351
9557,7341.206762495343
9558,7341.206762495345
9559,7341.2067624953415
9560,7341.206762495337
9561,7341.206762495341
9562,7341.206762495337
9563,7341.2067624953315
9564,7341.206752514765
9565,7341.206740400619
9566,7341.206771105299
9567,7341.206756102742
9568,7341.206762457422
9569,7341.206743884129
9570,7341.206753542168
9571,7341.20679417897
9572,7341.2067792249745
9573,7341.206759138666
9574,7341.206761924061
9575,7341.206750736243
9576,7341.206768953436
9577,7341.206771356174
9578,7341.206780796677
9579,7341.206752050444
9580,7341.206752881016
9581,7341.20676283972
9582,7341.206791643794
9583,7341.206726713806
9584,7341.20675923612
9585,7341.206757347314
9586,7341.206746342962
9587,7341.206777844454
9588,7341.206809938851
9589,7341.206752971448
9590,7341.2067642143065
9591,7341.2067506768035
9592,7341.206758364484
9593,7341.206748620736
9594,7341.206701857062
9595,7341.206776162057
9596,7341.206742494869
9597,7341.206765124154
9598,7341.206767187692
9599,7341.206746231552
9600,7341.206753907279
9601,7341.206748200568
9602,7341.206775640643
9603,7341.206767653241
9604,7222.984737019784
9605,7222.984737019801
9606,7222.984737019801
9607,7222.984737019799
9608,7222.984737019788
9609,7222.984737019793
9610,7222.984737019785
9611,7222.984737019781
9612,7222.984737019788
9613,7222.984757997325
9614,7222.984708745418
9615,7222.984746655556
9616,7222.984748325256
9617,7222.984777503667
9618,7222.98470204622
9619,7222.98473188394
9620,7222.9847703647965
9621,7222.9847589533465
9622,7222.984737842914
9623,7222.98474092461
9624,7222.984715264211
9625,7222.984755657621
9626,7222.984729001513
9627,7222.984752799535
9628,7222.984713603023
9629,7222.984742688583
9630,7222.984702848278
9631,7222.984749690177
9632,7222.984715568728
9633,7222.984729777708
9634,7222.984730369851
9635,7222.984722452459
9636,7222.984762714091
9637,7222.9847670664485
9638,7222.984735084905
9639,7222.984731503029
9640,7222.984730989756
9641,7222.984721067973
9642,7222.984705318494
9643,7222.984672232648
9644,7222.984742803882
9645,7222.9847272623865
9646,7222.984725100063
9647,7222.984742978682
9648,7222.984721754156
9649,7222.9847346458755
9650,7222.984736144279
9651,7222.984774901706
9652,7222.9847453847215
9653,7024.74762547002
9654,7024.747625470012
9655,7024.747625470016
9656,7024.74762547002
9657,7024.747625470018
9658,7024.747625470016
9659,7024.747625470016
9660,7024.747625470019
9661,7024.747625470019
9662,7024.747580782798
9663,7024.747609993553
9664,7024.747642763796
9665,7024.747607354997
9666,7024.747596633639
9667,7024.747621766235
9668,7024.747598574306
9669,7024.747673323733
9670,7024.747644460476
9671,7024.747634429187
9672,7024.747625618455
9673,7024.7476138465545
9674,7024.747621433255
9675,7024.747629614786
9676,7024.747620040624
9677,7024.7476135896595
9678,7024.7475767174365
9679,7024.747650124618
9680,7024.747664085082
9681,7024.747580489831
9682,7024.747647436056
9683,7024.747616839575
9684,7024.747634330108
9685,7024.747612416362
9686,7024.747668098586
9687,7024.747617220728
9688,7024.7476224805705
9689,7024.747603085352
9690,7024.747623547822
9691,7024.747603478672
9692,7024.747582719681
9693,7024.747678123791
9694,7024.747611400295
9695,7024.747616822021
9696,7024.747625514901
9697,7024.747605137198
9698,7024.747633669005
9699,7024.747626678138
9700,7024.747602366189
9701,7024.747613191887
9702,7035.0824618968
9703,7035.0824618968
9704,7035.082461896799
9705,7035.082461896798
9706,7035.082461896805
9707,7035.082461896807
9708,7035.082461896809
9709,7035.082461896807
9710,7035.082461896802
9711,7035.082460194693
9712,7035.082475135397
9713,7035.082474081417
9714,7035.082546368527
9715,7035.082553376131
9716,7035.082363770298
9717,7035.082478033501
9718,7035.082394111353
9719,7035.082470034434
9720,7035.082450825843
9721,7035.082484535626
9722,7035.082414461783
9723,7035.0824372829775
9724,7035.082424329745
9725,7035.082437685667
9726,7035.0824487051505
9727,7035.0825507525
9728,7035.082441091321
9729,7035.082400165247
9730,7035.082490365099
9731,7035.082439580073
9732,7035.082433397381
9733,7035.08247420547
9734,7035.082493171069
9735,7035.08239583503
9736,7035.08247092027
9737,7035.0824707222255
9738,7035.082425283168
9739,7035.082477134767
9740,7035.082344308761
9741,7035.082477305248
9742,7035.082381422791
9743,7035.082450932894
9744,7035.082446476005
9745,7035.082445710028
9746,7035.08247548589
9747,7035.082476929966
9748,7035.082485028706
9749,7035.082590832966
9750,7035.0825312962315
9751,6955.453301822137
9752,6955.453301822141
9753,6955.453301822144
9754,6955.453301822137
9755,6955.4533018221355
9756,6955.4533018221355
9757,6955.4533018221355
9758,6955.453301822137
9759,6955.453301822133
9760,6955.453278493182
9761,6955.453295164911
9762,6955.45331590602
9763,6955.453325816088
9764,6955.453324130773
9765,6955.453261234669
9766,6955.45329622498
9767,6955.4533007576665
9768,6955.4533160751125
9769,6955.453303063907
9770,6955.45331209982
9771,6955.453277015059
9772,6955.453287790238
9773,6955.453288972665
9774,6955.453290877236
9775,6955.453287291989
9776,6955.453309186599
9777,6955.4533064757
9778,6955.453300391496
9779,6955.453290196745
9780,6955.453302451053
9781,6955.453285299317
9782,6955.453312704451
9783,6955.453305866382
9784,6955.453296924539
9785,6955.453300257546
9786,6955.453305912451
9787,6955.4532737262325
9788,6955.453305972978
9789,6955.453244034566
9790,6955.453281093995
9791,6955.453294653193
9792,6955.453290179693
9793,6955.453288239508
9794,6955.453297255461
9795,6955.453296216458
9796,6955.45331375864
9797,6955.45331286744
9798,6955.453339283556
9799,6955.453325282069
9800,6896.891979138911
9801,6896.891979138907
9802,6896.891979138911
9803,6896.891979138905
9804,6896.891979138904
9805,6896.891979138907
9806,6896.8919791389035
9807,6896.891979138909
9808,6896.891979138906
9809,6896.8919990047925
9810,6896.891962790669
9811,6896.891988249881
9812,6896.891977833523
9813,6896.892004144516
9814,6896.891983798644
9815,6896.891955913355
9816,6896.891988126628
9817,6896.891975755556
9818,6896.8919713040705
9819,6896.89199323024
9820,6896.891967266812
9821,6896.891962667936
9822,6896.891950083072
9823,6896.89196025037
9824,6896.891973534945
9825,6896.891971197658
9826,6896.8919601987145
9827,6896.891989775553
9828,6896.891964994726
9829,6896.891976530498
9830,6896.891967158447
9831,6896.891999180172
9832,6896.891954839729
9833,6896.892003425555
9834,6896.891979213803
9835,6896.891981575813
9836,6896.891982236662
9837,6896.891979497976
9838,6896.891987844167
9839,6896.891953917554
9840,6896.891981925799
9841,6896.891956740612
9842,6896.891983342029
9843,6896.89196117856
9844,6896.891964661867
9845,6896.891999436057
9846,6896.891988444186
9847,6896.8919697608635
9848,6896.891994986815
9849,6850.22349339498
9850,6850.223493394973
9851,6850.223493394974
9852,6850.223493394972
9853,6850.223493394979
9854,6850.223493394977
9855,6850.223493394978
9856,6850.2234933949785
9857,6850.223493394978
9858,6850.22347844338
9859,6850.223496983912
9860,6850.223500233156
9861,6850.223483612079
9862,6850.223513301935
9863,6850.223495354738
9864,6850.22349441639
9865,6850.223488320176
9866,6850.223495818488
9867,6850.223493197579
9868,6850.223503100036
9869,6850.223483409841
9870,6850.223459173554
9871,6850.223507547674
9872,6850.223476320589
9873,6850.2235020465105
9874,6850.223491878536
9875,6850.223490319679
9876,6850.223503511561
9877,6850.223489264836
9878,6850.223504668464
9879,6850.223490057777
9880,6850.223505609401
9881,6850.223468702208
9882,6850.223502713126
9883,6850.223484074453
9884,6850.22349644747
9885,6850.223493011134
9886,6850.223497792694
9887,6850.223495015329
9888,6850.22350269554
9889,6850.2235037559985
9890,6850.223470506522
9891,6850.223502580286
9892,6850.22348200986
9893,6850.223477217105
9894,6850.2235060418425
9895,6850.223496407412
9896,6850.223481676117
9897,6850.223510432467
9898,6785.846248324071
9899,6785.8462483240755
9900,6785.8462483240755
9901,6785.846248324074
9902,6785.846248324067
9903,6785.846248324069
9904,6785.84624832407
9905,6785.846248324073
9906,6785.846248324074
9907,6785.846242519967
9908,6785.846235056034
9909,6785.846256123876
9910,6785.8462356609425
9911,6785.84626999464
9912,6785.846254269314
9913,6785.8462579854695
9914,6785.84623632635
9915,6785.846246695251
9916,6785.846245767431
9917,6785.846252571806
9918,6785.846243006963
9919,6785.846217441173
9920,6785.846263377096
9921,6785.846237314151
9922,6785.846263734162
9923,6785.846262478063
9924,6785.846245392668
9925,6785.84626306313
9926,6785.8462569940475
9927,6785.846250269557
9928,6785.846248861802
9929,6785.846253748554
9930,6785.846225182455
9931,6785.846264904176
9932,6785.846240448975
9933,6785.846253051197
9934,6785.84625497444
9935,6785.846257108785
9936,6785.8462647137585
9937,6785.84625300088
9938,6785.846245567085
9939,6785.846228428401
9940,6785.846259189995
9941,6785.846240115143
9942,6785.846240284189
9943,6785.84626523342
9944,6785.846249128961
9945,6785.846233873599
9946,6785.846270959793
9947,6818.13717009645
9948,6818.137170096449
9949,6818.137170096439
9950,6818.137170096434
9951,6818.137170096439
9952,6818.13717009644
9953,6818.137170096439
9954,6818.1371700964455
9955,6818.137170096448
9956,6818.137059228914
9957,6818.137308977538
9958,6818.137135644328
9959,6818.137148371439
9960,6818.137163206533
9961,6818.137187765475
9962,6818.1371533787715
9963,6818.137038630407
9964,6818.137169508662
9965,6818.137163106076
9966,6818.137170216536
9967,6818.13714058596
9968,6818.137101816927
9969,6818.137187450204
9970,6818.137151515662
9971,6818.137202597891
9972,6818.137197538021
9973,6818.137234698803
9974,6818.137027600364
9975,6818.137221028239
9976,6818.137185693486
9977,6818.137166929642
9978,6818.137150278013
9979,6818.137178912291
9980,6818.137100755641
9981,6818.1371802757785
9982,6818.137136838642
9983,6818.137193471603
9984,6818.137180595402
9985,6818.137144446083
9986,6818.13739622649
9987,6818.137139410517
9988,6818.137145332694
9989,6818.137209573342
9990,6818.137125148178
9991,6818.1371572795015
9992,6818.137182641878
9993,6818.137162831747
9994,6818.137128680347
9995,6818.137134150076
9996,6715.940362980857
9997,6715.94036298085
9998,6715.940362980853
9999,6715.940362980851
10000,6715.940362980854
10001,6715.940362980853
10002,6715.940362980859
10003,6715.940362980856
10004,6715.940362980851
10005,6715.940300710826
10006,6715.94041990125
10007,6715.940350523846
10008,6715.94033902726
10009,6715.9403725059965
10010,6715.940377725089
10011,6715.940361591769
10012,6715.9402957048405
10013,6715.940363943102
10014,6715.940360869228
10015,6715.94036331238
10016,6715.940350547067
10017,6715.940314104034
10018,6715.940387079585
10019,6715.940349204249
10020,6715.940385750639
10021,6715.940373231428
10022,6715.940389413603
10023,6715.940307725676
10024,6715.940390783662
10025,6715.940373767055
10026,6715.940363957485
10027,6715.940357048159
10028,6715.940352287014
10029,6715.940341911234
10030,6715.940360932038
10031,6715.940352323476
10032,6715.9403759488105
10033,6715.940366492659
10034,6715.9403590658985
10035,6715.940468249145
10036,6715.940348666967
10037,6715.940341232748
10038,6715.940388342601
10039,6715.940339444468
10040,6715.94034917777
10041,6715.940376399622
10042,6715.940358284294
10043,6715.940336128049
10044,6715.940355951128
10045,6625.874478125474
10046,6625.87447812547
10047,6625.874478125467
10048,6625.874478125474
10049,6625.874478125475
10050,6625.874478125469
10051,6625.874478125472
10052,6625.874478125477
10053,6625.874478125473
10054,6625.874456164112
10055,6625.87449733444
10056,6625.8744761622
10057,6625.874451507168
10058,6625.874484736656
10059,6625.87449606361
10060,6625.874475940183
10061,6625.874448177777
10062,6625.87447827152
10063,6625.8744738072
10064,6625.874470778042
10065,6625.8744679723495
10066,6625.874468895998
10067,6625.874476323701
10068,6625.874475426566
10069,6625.874490243716
10070,6625.874489307258
10071,6625.87450324629
10072,6625.874449055089
10073,6625.874499643853
10074,6625.874475959108
10075,6625.874477869373
10076,6625.8744668030695
10077,6625.8744767087765
10078,6625.874487368926
10079,6625.874486001732
10080,6625.874464019629
10081,6625.874500726859
10082,6625.8744737852885
10083,6625.874488479803
10084,6625.874517732078
10085,6625.8744787383475
10086,6625.874466307954
10087,6625.874499170852
10088,6625.874453563327
10089,6625.874473691121
10090,6625.874493795904
10091,6625.87447396709
10092,6625.87445109079
10093,6625.874466808842
10094,6546.3086409729185
10095,6546.3086409729185
10096,6546.308640972921
10097,6546.30864097292
10098,6546.308640972923
10099,6546.308640972922
10100,6546.30864097292
10101,6546.3086409729185
10102,6546.308640972917
10103,6546.3086371881745
10104,6546.308633606898
10105,6546.308649518947
10106,6546.308621255772
10107,6546.308642352597
10108,6546.308647903426
10109,6546.308640184006
10110,6546.308625579741
10111,6546.308647191157
10112,6546.308638697311
10113,6546.30863366646
10114,6546.308635002945
10115,6546.308648618828
10116,6546.308632015276
10117,6546.308641211435
10118,6546.308651394627
10119,6546.308654720773
10120,6546.308673205147
10121,6546.308633932954
10122,6546.308646335103
10123,6546.308632287128
10124,6546.308638381191
10125,6546.308632304925
10126,6546.308647957972
10127,6546.3086621814655
10128,6546.308645928881
10129,6546.308637620161
10130,6546.308655707724
10131,6546.3086385253755
10132,6546.30864262759
10133,6546.308640713163
10134,6546.308638478555
10135,6546.308634398887
10136,6546.308658164811
10137,6546.308620685516
10138,6546.308650200863
10139,6546.308641216859
10140,6546.308634476461
10141,6546.308634931652
10142,6546.308637352742
10143,6470.004215043762
10144,6470.004215043761
10145,6470.00421504376
10146,6470.004215043758
10147,6470.00421504376
10148,6470.004215043765
10149,6470.004215043763
10150,6470.004215043763
10151,6470.004215043764
10152,6470.004242945166
10153,6470.004213284562
10154,6470.004233945537
10155,6470.0042274672
10156,6470.004249656868
10157,6470.004199433273
10158,6470.004235809043
10159,6470.004237183614
10160,6470.004235238844
10161,6470.004219359251
10162,6470.004207841894
10163,6470.004197240644
10164,6470.00424484351
10165,6470.004205873028
10166,6470.004220733048
10167,6470.00420905867
10168,6470.004234284945
10169,6470.004224508323
10170,6470.0042230965955
10171,6470.004204021655
10172,6470.004212813028
10173,6470.004211371637
10174,6470.004204240598
10175,6470.004238368536
10176,6470.004216152962
10177,6470.004224021783
10178,6470.004199934176
10179,6470.004228955615
10180,6470.004199397312
10181,6470.004191956041
10182,6470.004179189315
10183,6470.00423766761
10184,6470.004218676548
10185,6470.004210629917
10186,6470.004206219076
10187,6470.004226153733
10188,6470.004200451722
10189,6470.0042196114255
10190,6470.004246400882
10191,6470.004216692223
10192,6417.137074638186
10193,6417.137074638192
10194,6417.137074638192
10195,6417.137074638184
10196,6417.137074638183
10197,6417.137074638178
10198,6417.137074638181
10199,6417.137074638178
10200,6417.137074638182
10201,6417.137059576953
10202,6417.137062592437
10203,6417.137086744837
10204,6417.137076769826
10205,6417.137068707768
10206,6417.137077041881
10207,6417.137053340512
10208,6417.137067604033
10209,6417.137101004586
10210,6417.137080264341
10211,6417.13707067719
10212,6417.137075803819
10213,6417.137083599096
10214,6417.137052241998
10215,6417.137077307856
10216,6417.137077025257
10217,6417.13706843406
10218,6417.137101336829
10219,6417.137070725557
10220,6417.1370386945855
10221,6417.137066610323
10222,6417.13706911344
10223,6417.137077230747
10224,6417.137080788558
10225,6417.137074507716
10226,6417.1370762776005
10227,6417.137074032737
10228,6417.137073487091
10229,6417.137077352725
10230,6417.137060461854
10231,6417.137078991824
10232,6417.137056122523
10233,6417.137077894989
10234,6417.137070960438
10235,6417.137067634527
10236,6417.137089166756
10237,6417.137050694706
10238,6417.13707309327
10239,6417.137080519895
10240,6417.137056898405
10241,6382.454086144316
10242,6382.454086144316
10243,6382.454086144312
10244,6382.454086144318
10245,6382.454086144315
10246,6382.4540861443165
10247,6382.454086144308
10248,6382.454086144309
10249,6382.45408614431
10250,6382.454116839614
10251,6382.454086318759
10252,6382.454089624683
10253,6382.454138216644
10254,6382.454082076178
10255,6382.45404605492
10256,6382.454077536931
10257,6382.4540929423
10258,6382.454104201972
10259,6382.454084224331
10260,6382.454100190042
10261,6382.454070008096
10262,6382.454106911625
10263,6382.454063424775
10264,6382.454090575875
10265,6382.45411503674
10266,6382.454159268081
10267,6382.454106363299
10268,6382.4540847530025
10269,6382.454063078238
10270,6382.454086717823
10271,6382.45407742767
10272,6382.454084911355
10273,6382.454101325273
10274,6382.454081332078
10275,6382.454089453474
10276,6382.4540743412745
10277,6382.454086753967
10278,6382.4541361800375
10279,6382.454075548317
10280,6382.454079504163
10281,6382.45408284573
10282,6382.454078517296
10283,6382.4540717522505
10284,6382.454091204259
10285,6382.454114039581
10286,6382.454065954917
10287,6382.454094359204
10288,6382.454104136416
10289,6382.454096451225
10290,6323.030691853897
10291,6323.030691853903
10292,6323.030691853903
10293,6323.0306918539
10294,6323.030691853903
10295,6323.030691853903
10296,6323.0306918539045
10297,6323.030691853903
10298,6323.030691853899
10299,6323.030724869564
10300,6323.0307201647975
10301,6323.030679352517
10302,6323.030718194506
10303,6323.030760442714
10304,6323.030681488794
10305,6323.0307098837675
10306,6323.030685292908
10307,6323.030711324995
10308,6323.030697009766
10309,6323.030700450812
10310,6323.030684112111
10311,6323.0306765823625
10312,6323.030708398437
10313,6323.030700754198
10314,6323.030710753143
10315,6323.030718358854
10316,6323.0306462346525
10317,6323.030665746384
10318,6323.030696698233
10319,6323.030699612328
10320,6323.03070084013
10321,6323.030680097425
10322,6323.030704182114
10323,6323.030650572107
10324,6323.030689937839
10325,6323.030675675502
10326,6323.030713304346
10327,6323.0306765864825
10328,6323.030692652508
10329,6323.030701013848
10330,6323.03067339142
10331,6323.030685660364
10332,6323.03068496742
10333,6323.030705080922
10334,6323.030690529718
10335,6323.0306922447
10336,6323.030696050491
10337,6323.030727746382
10338,6323.030691481374
10339,6282.933689897295
10340,6282.933689897294
10341,6282.933689897296
10342,6282.9336898972915
10343,6282.933689897291
10344,6282.933689897296
10345,6282.933689897292
10346,6282.933689897298
10347,6282.9336898972915
10348,6282.933681437016
10349,6282.933688800442
10350,6282.933683342394
10351,6282.9336825241135
10352,6282.933676125698
10353,6282.933694409905
10354,6282.933679664071
10355,6282.933721433168
10356,6282.933701237005
10357,6282.933696533248
10358,6282.933696591126
10359,6282.933689089818
10360,6282.933695964901
10361,6282.933701848316
10362,6282.9336918003555
10363,6282.933713826207
10364,6282.9336867773345
10365,6282.933698164004
10366,6282.933707583061
10367,6282.933671687662
10368,6282.933709626612
10369,6282.93369374348
10370,6282.9336868881155
10371,6282.9336777064555
10372,6282.933713198212
10373,6282.933685275475
10374,6282.933678815982
10375,6282.93369608978
10376,6282.933699045635
10377,6282.933698978566
10378,6282.933672804906
10379,6282.933721782505
10380,6282.933677325858
10381,6282.933689591115
10382,6282.933698731369
10383,6282.933681274659
10384,6282.933694159704
10385,6282.933690163785
10386,6282.933663004215
10387,6282.933671948226
10388,6265.386631163234
10389,6265.386631163237
10390,6265.386631163237
10391,6265.386631163236
10392,6265.386631163239
10393,6265.386631163239
10394,6265.386631163237
10395,6265.386631163236
10396,6265.3866311632355
10397,6265.386630682872
10398,6265.386642096125
10399,6265.386619116126
10400,6265.386646319582
10401,6265.386608527177
10402,6265.386631427133
10403,6265.386620299905
10404,6265.386627632122
10405,6265.386641536888
10406,6265.3866306019245
10407,6265.386640488263
10408,6265.386621446809
10409,6265.386623693641
10410,6265.386621320724
10411,6265.386636013873
10412,6265.386655473785
10413,6265.386652533214
10414,6265.386653359291
10415,6265.386616300091
10416,6265.386631852396
10417,6265.38663878363
10418,6265.38662715086
10419,6265.386626382145
10420,6265.386628157048
10421,6265.38662891052
10422,6265.386634692717
10423,6265.386613627235
10424,6265.386638193262
10425,6265.386660914341
10426,6265.386637079684
10427,6265.386652185253
10428,6265.386632691945
10429,6265.386624613776
10430,6265.386617948145
10431,6265.3866428948895
10432,6265.386634370857
10433,6265.38664417772
10434,6265.386637995246
10435,6265.3866048662885
10436,6265.386618658567
10437,6246.042141904369
10438,6246.0421419043705
10439,6246.0421419043705
10440,6246.042141904369
10441,6246.042141904369
10442,6246.042141904367
10443,6246.042141904369
10444,6246.04214190437
10445,6246.042141904369
10446,6246.042146261797
10447,6246.0421445429765
10448,6246.042135142013
10449,6246.042147672972
10450,6246.042127452409
10451,6246.042148271119
10452,6246.042137199733
10453,6246.042137419309
10454,6246.042152959686
10455,6246.042143244052
10456,6246.042149495361
10457,6246.042136680472
10458,6246.042131931617
10459,6246.042137399099
10460,6246.042146049142
10461,6246.042163321923
10462,6246.042148667128
10463,6246.042160490915
10464,6246.0421342660875
10465,6246.042140155771
10466,6246.0421476377915
10467,6246.042139320677
10468,6246.042138282981
10469,6246.042138568044
10470,6246.042141672367
10471,6246.042142345701
10472,6246.042130517859
10473,6246.042149759403
10474,6246.042157692031
10475,6246.042147040467
10476,6246.042153681188
10477,6246.042137402192
10478,6246.042135808433
10479,6246.042133889674
10480,6246.042152004098
10481,6246.042143806642
10482,6246.042150037887
10483,6246.042145098755
10484,6246.042123500669
10485,6246.042131551567
10486,6211.172176294871
10487,6211.172176294876
10488,6211.172176294869
10489,6211.172176294873
10490,6211.172176294871
10491,6211.172176294873
10492,6211.172176294873
10493,6211.172176294871
10494,6211.172176294872
10495,6211.172194235328
10496,6211.172164539723
10497,6211.172182554861
10498,6211.172175685186
10499,6211.172174578776
10500,6211.172184000534
10501,6211.172184718358
10502,6211.172182155854
10503,6211.172188143069
10504,6211.1721797148
10505,6211.172179044756
10506,6211.172172439369
10507,6211.172175476455
10508,6211.172171418126
10509,6211.1721792895705
10510,6211.172183804456
10511,6211.172162027426
10512,6211.1721912009125
10513,6211.172185035095
10514,6211.172171357379
10515,6211.172178150485
10516,6211.172171319182
10517,6211.172176092636
10518,6211.172178475796
10519,6211.1721778730525
10520,6211.172176307688
10521,6211.172173610486
10522,6211.1721805730995
10523,6211.172172351471
10524,6211.172169718348
10525,6211.172154881271
10526,6211.172172245333
10527,6211.172176479271
10528,6211.172168667912
10529,6211.172183725203
10530,6211.17217795149
10531,6211.172181100096
10532,6211.172178035049
10533,6211.172177928491
10534,6211.172171919185
10535,6189.903735945318
10536,6189.903735945318
10537,6189.903735945316
10538,6189.903735945318
10539,6189.903735945318
10540,6189.903735945315
10541,6189.903735945317
10542,6189.903735945316
10543,6189.903735945321
10544,6189.903748407503
10545,6189.903729916894
10546,6189.903739179248
10547,6189.903724135091
10548,6189.90373574146
10549,6189.903743428252
10550,6189.903746107733
10551,6189.903734947324
10552,6189.903747004319
10553,6189.903742979344
10554,6189.903737960443
10555,6189.903739168803
10556,6189.903732281828
10557,6189.903747336439
10558,6189.903735169861
10559,6189.903748395001
10560,6189.903720363531
10561,6189.903750036224
10562,6189.903743947802
10563,6189.903732158675
10564,6189.903741666388
10565,6189.903733139254
10566,6189.903737246119
10567,6189.903738531897
10568,6189.903740106556
10569,6189.9037309882515
10570,6189.903743752551
10571,6189.903739967174
10572,6189.903728886786
10573,6189.903727003787
10574,6189.903711263684
10575,6189.903730605502
10576,6189.9037335823305
10577,6189.903743366529
10578,6189.903736346277
10579,6189.903738012887
10580,6189.903736918627
10581,6189.903728876921
10582,6189.903745515545
10583,6189.903730282248
10584,6151.745934943809
10585,6151.745934943809
10586,6151.74593494381
10587,6151.74593494381
10588,6151.745934943812
10589,6151.745934943807
10590,6151.745934943809
10591,6151.74593494381
10592,6151.745934943807
10593,6151.745983484647
10594,6151.745935948318
10595,6151.7459553076715
10596,6151.745943327934
10597,6151.745961545525
10598,6151.745938059231
10599,6151.745944633796
10600,6151.74596254736
10601,6151.745938658611
10602,6151.7459324416095
10603,6151.745926652451
10604,6151.745924279813
10605,6151.745968461614
10606,6151.7459032942
10607,6151.745934950885
10608,6151.745909231215
10609,6151.7459129954495
10610,6151.74592817904
10611,6151.745944874945
10612,6151.745930791764
10613,6151.745930382558
10614,6151.745923220202
10615,6151.745939735381
10616,6151.745952079648
10617,6151.745928691738
10618,6151.745948338032
10619,6151.745933471976
10620,6151.7459427849735
10621,6151.74591442959
10622,6151.745917406589
10623,6151.7458615172
10624,6151.745952187437
10625,6151.745952334635
10626,6151.74592334913
10627,6151.745921971578
10628,6151.745936321384
10629,6151.745954249657
10630,6151.74594214622
10631,6151.745961365671
10632,6151.745924912142
10633,6105.696300872345
10634,6105.696300872343
10635,6105.696300872343
10636,6105.696300872343
10637,6105.69630087234
10638,6105.696300872341
10639,6105.69630087234
10640,6105.696300872341
10641,6105.696300872343
10642,6105.696314400549
10643,6105.696316919
10644,6105.696309387138
10645,6105.696302435364
10646,6105.696320248635
10647,6105.696302196823
10648,6105.696312501617
10649,6105.696299962545
10650,6105.696303936024
10651,6105.6963035735225
10652,6105.696293340096
10653,6105.696300216561
10654,6105.696309438119
10655,6105.696302650051
10656,6105.696294280831
10657,6105.696293076399
10658,6105.696292178636
10659,6105.696301526691
10660,6105.696301073951
10661,6105.696299448407
10662,6105.696303882809
10663,6105.696293773883
10664,6105.696305748739
10665,6105.696310915116
10666,6105.6962857225135
10667,6105.696306148191
10668,6105.696307304134
10669,6105.69630762538
10670,6105.69629398014
10671,6105.696280446926
10672,6105.696265365836
10673,6105.6963055088845
10674,6105.696311667196
10675,6105.6963094212715
10676,6105.696282539593
10677,6105.696305298641
10678,6105.696310792
10679,6105.696297959248
10680,6105.696326150961
10681,6105.696291181902
10682,6063.968423442695
10683,6063.968423442699
10684,6063.968423442696
10685,6063.968423442699
10686,6063.968423442698
10687,6063.968423442694
10688,6063.9684234426895
10689,6063.968423442699
10690,6063.968423442693
10691,6063.9684167341775
10692,6063.968447279703
10693,6063.968424647081
10694,6063.96842734795
10695,6063.9684259132255
10696,6063.968424338025
10697,6063.968429238846
10698,6063.968397641668
10699,6063.9684208810495
10700,6063.968424149638
10701,6063.968417109352
10702,6063.968426780506
10703,6063.968412432634
10704,6063.968435879259
10705,6063.968412906288
10706,6063.968426702377
10707,6063.968432112144
10708,6063.968430640516
10709,6063.968415809296
10710,6063.968425144221
10711,6063.968427916037
10712,6063.968415117339
10713,6063.968429530978
10714,6063.968426671607
10715,6063.968403347145
10716,6063.968427407729
10717,6063.968430618432
10718,6063.96843014487
10719,6063.9684422834425
10720,6063.968408663298
10721,6063.968422228845
10722,6063.968416831483
10723,6063.968431871086
10724,6063.968439799449
10725,6063.968401760982
10726,6063.9684303751865
10727,6063.968432550396
10728,6063.96841734133
10729,6063.968435494138
10730,6063.968412165794
10731,6019.720742318934
10732,6019.720742318937
10733,6019.720742318937
10734,6019.720742318935
10735,6019.720742318932
10736,6019.720742318931
10737,6019.720742318933
10738,6019.720742318934
10739,6019.720742318935
10740,6019.7206934192145
10741,6019.720755786421
10742,6019.7207322604545
10743,6019.720753188123
10744,6019.7207367740975
10745,6019.720729395776
10746,6019.720743819283
10747,6019.720712890718
10748,6019.720743425373
10749,6019.720746481018
10750,6019.720734143629
10751,6019.720751265049
10752,6019.720726348527
10753,6019.720770516903
10754,6019.720730750354
10755,6019.720757660057
10756,6019.720772231986
10757,6019.720744160681
10758,6019.72073547915
10759,6019.720752574096
10760,6019.720747328467
10761,6019.720738656448
10762,6019.720745476281
10763,6019.720736657638
10764,6019.720725777027
10765,6019.720744284899
10766,6019.720747984191
10767,6019.7207401820115
10768,6019.720785042044
10769,6019.720723755146
10770,6019.720751435329
10771,6019.720730471563
10772,6019.720752188932
10773,6019.720762748704
10774,6019.720725144793
10775,6019.720746793268
10776,6019.720758660155
10777,6019.720734566614
10778,6019.720745309408
10779,6019.7207313902945
10780,6045.866147509321
10781,6045.866147509323
10782,6045.866147509326
10783,6045.86614750932
10784,6045.8661475093295
10785,6045.866147509323