iteracion,valor_coste
0,14056664.311666075
1,14056664.311666075
2,14056664.311666075
3,14056664.311666073
4,14056664.311666068
5,14056664.311666086
6,14056664.311666084
7,14056664.31166607
8,14056664.311666066
9,14056664.311666084
10,14056664.31166608
11,14056664.317287423
12,14056664.315119041
13,14056664.288490906
14,14056664.281883625
15,14056664.293197982
16,14056664.305847706
17,14056664.343108451
18,14056664.352312898
19,14056664.312323585
20,14056664.298091494
21,14056664.326615416
22,14056664.30118634
23,14056664.295869382
24,14056664.320593871
25,14056664.330756838
26,14056664.274504445
27,14056664.316454457
28,14056664.341900205
29,14056664.33679849
30,14056664.330533568
31,14056664.303368019
32,14056664.279751163
33,14056664.333637621
34,14056664.295320082
35,14056664.32838093
36,14056664.308433196
37,14056664.311922261
38,14056664.312928585
39,14056664.345676323
40,14056664.310610514
41,14056664.291101292
42,14056664.325610988
43,14056664.321429446
44,14056664.309866581
45,14056664.346160442
46,14056664.255811848
47,14056664.343072252
48,14056664.298757767
49,14056664.336390847
50,14056664.303338988
51,14056664.326309295
52,14056664.276364751
53,14056664.31404743
54,14056664.307933243
55,14056664.309775556
56,14056664.302407462
57,14056664.306375459
58,14056664.272474797
59,14056664.331224196
60,14056664.299902068
61,14056664.26807301
62,14056664.304946978
63,14056664.300577858
64,14056664.324507413
65,14056664.309223164
66,14056664.28718983
67,14056664.345846595
68,14056664.296475291
69,14056664.344346723
70,14056664.307801638
71,14056664.263396557
72,14056664.32955875
73,14056664.332993658
74,14056664.34229769
75,14056664.261977812
76,14056664.261945218
77,14056664.318264415
78,14056664.332639085
79,14056664.314011326
80,14056664.324672133
81,14056664.294324763
82,14056664.325003844
83,14056664.301265886
84,14056664.314864196
85,14056664.301862173
86,14056664.317655116
87,14056664.32624165
88,14056664.329133093
89,14056664.260916036
90,14056664.323046299
91,14056664.285569478
92,14056664.309608582
93,14056664.338411007
94,14056664.334808972
95,14056664.300714403
96,14056664.329179997
97,14056664.337068716
98,14056664.282254206
99,14056664.353974776
100,14056664.273142057
101,14056664.32072372
102,14056664.33954131
103,14056664.30727438
104,14056664.275584942
105,14056664.290751312
106,14056664.286577713
107,14056664.288069816
108,14056664.324558333
109,14056664.31455306
110,14056664.323669963
111,14056664.312264498
112,14056664.326682001
113,14056664.339021599
114,14056664.304625781
115,14056664.324207203
116,14056664.335519422
117,14056664.368773056
118,14056664.318373535
119,14056664.336015726
120,14056664.320077049
121,14056664.290314525
122,14056664.33472751
123,14056664.327531992
124,14056664.322983375
125,14056664.33948703
126,14056664.312572954
127,14056664.307780147
128,14056664.30641403
129,14056664.263531571
130,14056664.30428721
131,14056664.283659939
132,14056664.315286584
133,14056664.280623177
134,14056664.311635887
135,14056664.347445877
136,14056664.270749351
137,14056664.27178244
138,14056664.328546528
139,14056664.284127658
140,14056664.286528502
141,14056664.290653965
142,14056664.295392409
143,14056664.33416019
144,14056664.303080965
145,14056664.284421658
146,14056664.32208105
147,14056664.343016677
148,14056664.309901293
149,14056664.2850424
150,14056664.319222476
151,14056664.285630057
152,14056664.289103834
153,14056664.286739215
154,14056664.27545008
155,14056664.33472416
156,14056664.314438706
157,14056664.293599416
158,14056664.308358796
159,14056664.301964667
160,14056664.301181776
161,14056664.330485804
162,14056664.28639301
163,14056664.30866061
164,14056664.318611547
165,14056664.310235256
166,14056664.368871436
167,14056664.280108986
168,14056664.31522366
169,14056664.302078627
170,14056664.319436044
171,14056664.303284815
172,14056664.30576614
173,14056664.317036152
174,14056664.297908029
175,14056664.304548597
176,14056664.27115792
177,14056664.333001662
178,14056664.314065875
179,14056664.340258747
180,14056664.29428917
181,14056664.336299187
182,14056664.269934963
183,14056664.31537192
184,14056664.299581585
185,14056664.319745753
186,14056664.298550205
187,14056664.319783822
188,14056664.289572172
189,14056664.313968591
190,14056664.337136524
191,14056664.327350058
192,14056664.296427153
193,14056664.345882773
194,14056664.310224792
195,14056664.297739388
196,14056664.350405023
197,14056664.286462843
198,14056664.35618595
199,14056664.309717571
200,14056664.306840172
201,14056664.342823695
202,14056664.282192182
203,14056664.288105806
204,14056664.32420687
205,14056664.333109878
206,14056664.301555555
207,14056664.312744932
208,14056664.364085434
209,14056664.311586037
210,14056664.306315413
211,14056664.335820278
212,14056664.32949148
213,14056664.28563375
214,14056664.353015441
215,14056664.283938248
216,14056664.30223178
217,14056664.32374612
218,14056664.34718142
219,14056664.322445054
220,14056664.324488753
221,14056664.333126964
222,14056664.31410724
223,14056664.333422724
224,14056664.33608359
225,14056664.311365843
226,14056664.341081807
227,14056664.31234633
228,14056664.306515947
229,14056664.305485448
230,14056664.34665052
231,14056664.289376562
232,14056664.309993573
233,14056664.28707744
234,14056664.308068505
235,14056664.345821116
236,14056664.320179665
237,14056664.315986833
238,14056664.329753939
239,14056664.304913703
240,14056664.292435786
241,14056664.326963864
242,14056664.289549418
243,14056664.343928853
244,14056664.273684865
245,14056664.30242975
246,14056664.324407555
247,14056664.320610356
248,14056664.363213534
249,14056664.300019259
250,14056664.28773547
251,14056664.327674167
252,14056664.258162541
253,14056664.293602474
254,14056664.259646794
255,14056664.340311108
256,14056664.303980686
257,14056664.347763833
258,14056664.303512428
259,14056664.305536643
260,14056664.330656057
261,14056664.309093479
262,14056664.31617384
263,14056664.340331271
264,14056664.279262992
265,14056664.319038127
266,14056664.299867801
267,14056664.282635583
268,14056664.353357196
269,14056664.271027265
270,14056664.318744129
271,14056664.323777616
272,14056664.308845626
273,14056664.267787857
274,14056664.29680496
275,14056664.30267623
276,14056664.322173359
277,14056664.308955135
278,14056664.361647185
279,14056664.310890876
280,14056664.276700519
281,14056664.341685578
282,14056664.277393606
283,14056664.339369416
284,14056664.297929779
285,14056664.293901952
286,14056664.32578709
287,14056664.30863691
288,14056664.311501509
289,14056664.345859071
290,14056664.282019785
291,14056664.295672841
292,14056664.331318006
293,14056664.28996041
294,14056664.346751375
295,14056664.2857293
296,14056664.33122076
297,14056664.318829045
298,14056664.294816785
299,14056664.338868348
300,14056664.33370308
301,14056664.297206113
302,14056664.307641098
303,14056664.32934547
304,14056664.31751009
305,14056664.318288716
306,14056664.310207834
307,14056664.308207229
308,14056664.300057516
309,14056664.2952196
310,14056664.338735715
311,14056664.286717582
312,14056664.308811499
313,14056664.30465944
314,14056664.320357984
315,14056664.307241434
316,14056664.346558621
317,14056664.302445536
318,14056664.31981086
319,14056664.314352864
320,14056664.28288239
321,14056664.30517583
322,14056664.337461358
323,14056664.344328856
324,14056664.294883363
325,14056664.317602163
326,14056664.340367625
327,14056664.318781553
328,14056664.298646519
329,14056664.306122942
330,14056664.278149923
331,14056664.288368914
332,14056664.318944417
333,14056664.307701003
334,14056664.31942799
335,14056664.32039142
336,14056664.344882892
337,14056664.328699144
338,14056664.29049424
339,14056664.235087538
340,14056664.321909048
341,14056664.341937518
342,14056664.325765474
343,14056664.290045274
344,14056664.323863532
345,14056664.32648913
346,14056664.327242276
347,14056664.334721716
348,14056664.300702557
349,14056664.299445037
350,14056664.297613408
351,14056664.289466377
352,14056664.272243649
353,14056664.308781529
354,14056664.310157374
355,14056664.316032527
356,14056664.337554485
357,14056664.294082241
358,14056664.297443012
359,14056664.304198537
360,14056664.368551314
361,14056664.33588577
362,14056664.306747276
363,14056664.310935505
364,14056664.314028751
365,14056664.301518785
366,14056664.310730169
367,14056664.256915025
368,14056664.289514503
369,14056664.261683205
370,14056664.317888843
371,14056664.281070972
372,14056664.295067905
373,14056664.32067008
374,14056664.328899557
375,14056664.288113581
376,14056664.334396333
377,14056664.300549928
378,14056664.313887972
379,14056664.309155023
380,14056664.27763763
381,14056664.326556262
382,14056664.331636406
383,14056664.327720743
384,14056664.325717447
385,14056664.305944588
386,14056664.30542713
387,14056664.35759937
388,14056664.320065256
389,14056664.311513169
390,14056664.277308257
391,14056664.330119358
392,14056664.255802162
393,14056664.307127804
394,14056664.306766387
395,14056664.305018123
396,14056664.306669924
397,14056664.296503486
398,14056664.324869504
399,14056664.274249433
400,14056664.310861727
401,14056664.296485366
402,14056664.336941125
403,14056664.310179958
404,14056664.335237266
405,14056664.309331473
406,14056664.303665884
407,14056664.310253054
408,14056664.317528138
409,14056664.291891873
410,14056664.301427687
411,14056664.343299825
412,14056664.308364514
413,14056664.338532899
414,14056664.313319517
415,14056664.310681723
416,14056664.32498627
417,14056664.280044997
418,14056664.315837247
419,14056664.310000675
420,14056664.30838462
421,14056664.302462818
422,14056664.256089503
423,14056664.32829169
424,14056664.353717335
425,14056664.295772782
426,14056664.311163144
427,14056664.333305737
428,14056664.264867604
429,14056664.29589558
430,14056664.335579827
431,14056664.286739461
432,14056664.29642348
433,14056664.30220332
434,14056664.317633959
435,14056664.352990242
436,14056664.29705543
437,14056664.30588917
438,14056664.30946544
439,14056664.321105074
440,14056664.280672887
441,14056664.283302698
442,14056664.352377852
443,14056664.291853763
444,14056664.303562839
445,14056664.325456917
446,14056664.311696742
447,14056664.312581195
448,14056664.320797484
449,14056664.311665671
450,14056664.315122599
451,14056664.30659011
452,14056664.294060882
453,14056664.308269985
454,14056664.301932147
455,14056664.317330027
456,14056664.320064863
457,14056664.289521804
458,14056664.30581032
459,14056664.304172158
460,14056664.302474637
461,14056664.316005861
462,14056664.36038148
463,14056664.279625675
464,14056664.301981704
465,14056664.326554682
466,14056664.329115894
467,14056664.2812195
468,14056664.315166837
469,14056664.288281033
470,14056664.330308154
471,14056664.30490765
472,14056664.327262653
473,14056664.302329458
474,14056664.302349906
475,14056664.299211696
476,14056664.296492688
477,14056664.302860685
478,14056664.273088211
479,14056664.281455353
480,14056664.301550983
481,14056664.33161631
482,14056664.322179206
483,14056664.301355138
484,14056664.340308426
485,14056664.30254523
486,14056664.32024815
487,14056664.304064857
488,14056664.286411159
489,14056664.313762981
490,14056664.3133193
491,14056664.31398129
492,14056664.31219724
493,14056664.29690257
494,14056664.302508846
495,14056664.294250289
496,14056664.336201781
497,14056664.313861901
498,14056664.31519917
499,14056664.296805656
500,14056664.322562415
501,14056664.333089767
502,14056664.31117918
503,14056664.314512065
504,14056664.310202874
505,14056664.344224319
506,14056664.297359182
507,14056664.320866855
508,14056664.306872848
509,14056664.314848667
510,14056664.330099598
511,14056664.310934171
512,14056664.300917167
513,14056664.312865365
514,14056664.30910298
515,14056664.289881138
516,14056664.345435012
517,14056664.308913954
518,14056664.340659626
519,14056664.290450394
520,14056664.285941197
521,14056664.312701305
522,14056664.281880653
523,14056664.306118367
524,14056664.299573498
525,14056664.285873387
526,14056664.265267225
527,14056664.336842468
528,14056664.34869008
529,14056664.293365305
530,14056664.311737275
531,14056664.315685792
532,14056664.371928897
533,14056664.304691408
534,14056664.303390436
535,14056664.314843394
536,14056664.313003963
537,14056664.326327257
538,14056664.278886043
539,14056664.272177815
540,14056664.303600783
541,14056664.310197655
542,14056664.281193443
543,14056664.334966231
544,14056664.294457072
545,14056664.288391858
546,14056664.31952561
547,14056664.316720022
548,14056664.27156954
549,14056664.326387383
550,14056664.290346473
551,14056664.263610872
552,14056664.30852706
553,14056664.27302698
554,14056664.286867356
555,14056664.323099395
556,14056664.260818426
557,14056664.344008848
558,14056664.279756187
559,14056664.32612677
560,14056664.29881461
561,14056664.321937572
562,14056664.322562637
563,14056664.321665494
564,14056664.315351812
565,14056664.349938774
566,14056664.30298857
567,14056664.33275533
568,14056664.340864416
569,14056664.365833197
570,14056664.310700938
571,14056664.275957221
572,14056664.370622747
573,14056664.296036493
574,14056664.323491208
575,14056664.293714536
576,14056664.29689175
577,14056664.324492168
578,14056664.347853296
579,14056664.34174796
580,14056664.325189479
581,14056664.335329626
582,14056664.309871886
583,14056664.29788591
584,14056664.307305437
585,14056664.361835325
586,14056664.306526339
587,14056664.305381099
588,14056664.286191622
589,14056664.290897852
590,14056664.344618121
591,14056664.305135803
592,14056664.28085259
593,14056664.302760785
594,14056664.329576995
595,14056664.328167556
596,14056664.32643961
597,14056664.297793018
598,14056664.343876697
599,14056664.30640729
600,14056664.292164916
601,14056664.31513624
602,14056664.294059418
603,14056664.31319042
604,14056664.322195899
605,14056664.312919218
606,14056664.30480926
607,14056664.329181759
608,14056664.314438036
609,14056664.334257076
610,14056664.343616406
611,14056664.331362799
612,14056664.323617605
613,14056664.30973509
614,14056664.32745319
615,14056664.313670415
616,14056664.267294453
617,14056664.300742416
618,14056664.34955193
619,14056664.33486065
620,14056664.295578046
621,14056664.304747483
622,14056664.320844118
623,14056664.295993565
624,14056664.322108323
625,14056664.303071328
626,14056664.29005306
627,14056664.29984939
628,14056664.2978697
629,14056664.325345986
630,14056664.315891344
631,14056664.281903625
632,14056664.315532263
633,14056664.308594964
634,14056664.3067339
635,14056664.307463804
636,14056664.301297935
637,14056664.34491699
638,14056664.308809467
639,14056664.282590257
640,14056664.29886601
641,14056664.32980496
642,14056664.315696912
643,14056664.311892126
644,14056664.299445888
645,14056664.275846442
646,14056664.3381907
647,14056664.333247973
648,14056664.320947398
649,14056664.316653399
650,14056664.310822237
651,14056664.291557312
652,14056664.301971506
653,14056664.280783104
654,14056664.327374768
655,14056664.312351739
656,14056664.278829603
657,14056664.329675399
658,14056664.316620775
659,14056664.317983806
660,14056664.305592254
661,14056664.35059862
662,14056664.332146905
663,14056664.30285713
664,14056664.313023096
665,14056664.307467455
666,14056664.306756431
667,14056664.29279917
668,14056664.315948004
669,14056664.307999087
670,14056664.31681658
671,14056664.30272484
672,14056664.277992785
673,14056664.311611796
674,14056664.302915206
675,14056664.280847192
676,14056664.334318377
677,14056664.295429947
678,14056664.34098236
679,14056664.319506496
680,14056664.31115369
681,14056664.318139926
682,14056664.285127549
683,14056664.317144334
684,14056664.298153229
685,14056664.316422118
686,14056664.329220427
687,14056664.30767712
688,14056664.305194564
689,14056664.321256286
690,14056664.316718446
691,14056664.295282142
692,14056664.341250647
693,14056664.298998957
694,14056664.329481762
695,14056664.323064368
696,14056664.286730468
697,14056664.311049897
698,14056664.332297811
699,14056664.313035747
700,14056664.309040405
701,14056664.298712078
702,14056664.308166018
703,14056664.335259862
704,14056664.322034454
705,14056664.325958755
706,14056664.302578514
707,14056664.322149567
708,14056664.322905911
709,14056664.3045604
710,14056664.306621004
711,14056664.31047616
712,14056664.329823293
713,14056664.31115722
714,14056664.324952617
715,14056664.30898819
716,14056664.311302956
717,14056664.306308262
718,14056664.285762703
719,14056664.317061841
720,14056664.336751526
721,14056664.307730118
722,14056664.28022264
723,14056664.323962508
724,14056664.323903045
725,14056664.316716932
726,14056664.307463964
727,14056664.315511134
728,14056664.341564294
729,14056664.311666083
730,14056664.311666071
731,118042748.75000001
732,118042748.75
733,118042748.75
734,118042748.75
735,118042748.75
736,118042748.75
737,118042748.75
738,118042748.75
739,118042748.75
740,118042748.75
741,118042748.75
742,118042748.75
743,118042748.75
744,118042748.75000001
745,118042748.75000001
746,118042748.75
747,118042748.75
748,118042748.75
749,118042748.74999999
750,118042748.75
751,118042748.75
752,118042748.75
753,118042748.75
754,118042748.75000001
755,118042748.75000001
756,118042748.75
757,118042748.74999999
758,118042748.75
759,118042748.75
760,118042748.75
761,118042748.75
762,118042748.75
763,118042748.75
764,118042748.75
765,118042748.75
766,118042748.75
767,118042748.75000001
768,118042748.75
769,118042748.75000001
770,118042748.75
771,118042748.75
772,118042748.75
773,118042748.75
774,118042748.75000001
775,118042748.75
776,118042748.75
777,118042748.75000001
778,118042748.75
779,118042748.75
780,118042748.75
781,118042748.75
782,118042748.75
783,118042748.75000001
784,118042748.75
785,118042748.75000001
786,118042748.75000001
787,118042748.75
788,118042748.75000001
789,118042748.75
790,118042748.75000001
791,118042748.75
792,118042748.75
793,118042748.75000001
794,118042748.75
795,118042748.75
796,118042748.75
797,118042748.75
798,118042748.75
799,118042748.75000001
800,118042748.75000001
801,118042748.75
802,118042748.75000001
803,118042748.75
804,118042748.75
805,118042748.75
806,118042748.75000001
807,118042748.75
808,118042748.75
809,118042748.75
810,118042748.75
811,118042748.75
812,118042748.75000001
813,118042748.75
814,118042748.75000001
815,118042748.75
816,118042748.75
817,118042748.75000001
818,118042748.75
819,118042748.75
820,118042748.75
821,118042748.75
822,118042748.75000001
823,118042748.75000001
824,118042748.75
825,118042748.75
826,118042748.75000001
827,118042748.75
828,118042748.75
829,118042748.75000001
830,118042748.75
831,118042748.75000001
832,118042748.75000001
833,118042748.75
834,118042748.75
835,118042748.75
836,118042748.75000001
837,118042748.75
838,118042748.75000001
839,118042748.74999999
840,118042748.75
841,118042748.75
842,118042748.75
843,118042748.75
844,118042748.75
845,118042748.75000001
846,118042748.75
847,118042748.75
848,118042748.75
849,118042748.75
850,118042748.75
851,118042748.75
852,118042748.75
853,118042748.75
854,118042748.75
855,118042748.75
856,118042748.75
857,118042748.75000001
858,118042748.75000001
859,118042748.75000001
860,118042748.75000001
861,118042748.75
862,118042748.75
863,118042748.75
864,118042748.75
865,118042748.75000001
866,118042748.75000001
867,118042748.75000001
868,118042748.75000001
869,118042748.75
870,118042748.75000001
871,118042748.75000001
872,118042748.75000001
873,118042748.75000001
874,118042748.75
875,118042748.75000001
876,118042748.75000001
877,118042748.75000001
878,118042748.75
879,118042748.75
880,118042748.75000001
881,118042748.75
882,118042748.75
883,118042748.75000001
884,118042748.75
885,118042748.75000001
886,118042748.75
887,118042748.75
888,118042748.75
889,118042748.75000001
890,118042748.75000001
891,118042748.75
892,118042748.75
893,118042748.75000001
894,118042748.75000001
895,118042748.75
896,118042748.75000001
897,118042748.75
898,118042748.75
899,118042748.75
900,118042748.75
901,118042748.75
902,118042748.75000001
903,118042748.75000001
904,118042748.75000001
905,118042748.75000001
906,118042748.75
907,118042748.75
908,118042748.75
909,118042748.75000001
910,118042748.75
911,118042748.75
912,118042748.75
913,118042748.75000001
914,118042748.75
915,118042748.75000001
916,118042748.75
917,118042748.75000001
918,118042748.75
919,118042748.75000001
920,118042748.75
921,118042748.75
922,118042748.75
923,118042748.75000001
924,118042748.75000001
925,118042748.75
926,118042748.75
927,118042748.74999999
928,118042748.75000001
929,118042748.74999999
930,118042748.75000001
931,118042748.75
932,118042748.75
933,118042748.75
934,118042748.75000001
935,118042748.75000001
936,118042748.75
937,118042748.75000001
938,118042748.75
939,118042748.75
940,118042748.75000001
941,118042748.75000001
942,118042748.75
943,118042748.75
944,118042748.74999997
945,118042748.75
946,118042748.75000001
947,118042748.75000001
948,118042748.75
949,118042748.75000001
950,118042748.75
951,118042748.75
952,118042748.75
953,118042748.75000001
954,118042748.75
955,118042748.75
956,118042748.75
957,118042748.75
958,118042748.75
959,118042748.75000001
960,118042748.75000001
961,118042748.75
962,118042748.75000001
963,118042748.75000001
964,118042748.75000001
965,118042748.75000001
966,118042748.75
967,118042748.75
968,118042748.75
969,118042748.75000001
970,118042748.75
971,118042748.75
972,118042748.74999999
973,118042748.75000001
974,118042748.74999999
975,118042748.75000001
976,118042748.75
977,118042748.75
978,118042748.75
979,118042748.75
980,118042748.75000001
981,118042748.75
982,118042748.75
983,118042748.75000001
984,118042748.75000001
985,118042748.75000001
986,118042748.75
987,118042748.75
988,118042748.75
989,118042748.74999997
990,118042748.75
991,118042748.75
992,118042748.75000001
993,118042748.75
994,118042748.75000001
995,118042748.75000001
996,118042748.75
997,118042748.75
998,118042748.75
999,118042748.75
1000,118042748.75
1001,118042748.75000001
1002,118042748.75
1003,118042748.75000001
1004,118042748.75000001
1005,118042748.75000001
1006,118042748.75000001
1007,118042748.75
1008,118042748.75000001
1009,118042748.75
1010,118042748.75000001
1011,118042748.75000001
1012,118042748.75
1013,118042748.75
1014,118042748.75
1015,118042748.75000001
1016,118042748.75000001
1017,118042748.74999999
1018,118042748.75000001
1019,118042748.75
1020,118042748.75
1021,118042748.75
1022,118042748.75
1023,118042748.75
1024,118042748.75000001
1025,118042748.75000001
1026,118042748.75
1027,118042748.75
1028,118042748.75
1029,118042748.75000001
1030,118042748.75
1031,118042748.75
1032,118042748.75
1033,118042748.75
1034,118042748.75
1035,118042748.75
1036,118042748.75
1037,118042748.75000001
1038,118042748.75000001
1039,118042748.75000001
1040,118042748.75000001
1041,118042748.75
1042,118042748.75
1043,118042748.75
1044,118042748.75000001
1045,118042748.75000001
1046,118042748.75
1047,118042748.75
1048,118042748.75000001
1049,118042748.75
1050,118042748.75
1051,118042748.75000001
1052,118042748.75000001
1053,118042748.75
1054,118042748.75
1055,118042748.75000001
1056,118042748.75
1057,118042748.75
1058,118042748.75000001
1059,118042748.75000001
1060,118042748.75
1061,118042748.74999999
1062,118042748.75
1063,118042748.75
1064,118042748.75
1065,118042748.75
1066,118042748.75
1067,118042748.75
1068,118042748.75
1069,118042748.75000001
1070,118042748.75000001
1071,118042748.75
1072,118042748.75
1073,118042748.75
1074,118042748.75000001
1075,118042748.75
1076,118042748.75
1077,118042748.75
1078,118042748.75
1079,118042748.74999997
1080,118042748.75
1081,118042748.75000001
1082,118042748.75000001
1083,118042748.75000001
1084,118042748.75000001
1085,118042748.75000001
1086,118042748.75
1087,118042748.75
1088,118042748.75000001
1089,118042748.75
1090,118042748.75
1091,118042748.75
1092,118042748.75
1093,118042748.75000001
1094,118042748.75000001
1095,118042748.75
1096,118042748.75000001
1097,118042748.75000001
1098,118042748.75000001
1099,118042748.75000001
1100,118042748.75000001
1101,118042748.75
1102,118042748.75000001
1103,118042748.75000001
1104,118042748.75
1105,118042748.75
1106,118042748.75
1107,118042748.74999999
1108,118042748.75000001
1109,118042748.74999999
1110,118042748.75000001
1111,118042748.75
1112,118042748.75
1113,118042748.75
1114,118042748.75
1115,118042748.75000001
1116,118042748.75
1117,118042748.75000001
1118,118042748.75
1119,118042748.75
1120,118042748.75000001
1121,118042748.75000001
1122,118042748.75
1123,118042748.75
1124,118042748.74999997
1125,118042748.75
1126,118042748.75000001
1127,118042748.75000001
1128,118042748.75000001
1129,118042748.75000001
1130,118042748.75000001
1131,118042748.75
1132,118042748.75000001
1133,118042748.75
1134,118042748.75
1135,118042748.75
1136,118042748.75000001
1137,118042748.75000001
1138,118042748.75000001
1139,118042748.75
1140,118042748.75000001
1141,118042748.75000001
1142,118042748.75
1143,118042748.75000001
1144,118042748.75
1145,118042748.75
1146,118042748.75000001
1147,118042748.75
1148,118042748.74999999
1149,118042748.75
1150,118042748.75
1151,118042748.75000001
1152,118042748.75
1153,118042748.75000001
1154,118042748.74999999
1155,118042748.75
1156,118042748.75
1157,118042748.75
1158,118042748.75
1159,118042748.75000001
1160,118042748.75000001
1161,118042748.75
1162,118042748.75000001
1163,118042748.75000001
1164,118042748.75000001
1165,118042748.75
1166,118042748.75
1167,118042748.75
1168,118042748.75
1169,118042748.74999997
1170,118042748.75
1171,118042748.75000001
1172,118042748.75000001
1173,118042748.75
1174,118042748.75000001
1175,118042748.75000001
1176,118042748.75
1177,118042748.75
1178,118042748.75
1179,118042748.75
1180,118042748.75000001
1181,118042748.75
1182,118042748.75000001
1183,118042748.75000001
1184,118042748.75000001
1185,118042748.75000001
1186,118042748.75
1187,118042748.75
1188,118042748.75000001
1189,118042748.75000001
1190,118042748.75000001
1191,118042748.75000001
1192,118042748.75
1193,118042748.75
1194,118042748.75000001
1195,118042748.75000001
1196,118042748.75
1197,118042748.74999999
1198,118042748.75000001
1199,118042748.74999999
1200,118042748.75000001
1201,118042748.75
1202,118042748.75
1203,118042748.75
1204,118042748.75000001
1205,118042748.75000001
1206,118042748.75
1207,118042748.75000001
1208,118042748.75000001
1209,118042748.75000001
1210,118042748.75000001
1211,118042748.75000001
1212,118042748.75
1213,118042748.75
1214,118042748.74999997
1215,118042748.75
1216,118042748.75000001
1217,118042748.75000001
1218,118042748.75000001
1219,118042748.75000001
1220,118042748.75
1221,118042748.75
1222,118042748.75
1223,118042748.75
1224,118042748.75000001
1225,118042748.75
1226,118042748.75
1227,118042748.75
1228,118042748.75
1229,118042748.75
1230,118042748.75000001
1231,118042748.75
1232,118042748.75
1233,118042748.75000001
1234,118042748.75
1235,118042748.75000001
1236,118042748.75
1237,118042748.75
1238,118042748.75
1239,118042748.75
1240,118042748.75000001
1241,118042748.75
1242,118042748.75
1243,118042748.75000001
1244,118042748.74999999
1245,118042748.75000001
1246,118042748.75
1247,118042748.75
1248,118042748.75
1249,118042748.75
1250,118042748.75000001
1251,118042748.75
1252,118042748.75
1253,118042748.75000001
1254,118042748.75000001
1255,118042748.75000001
1256,118042748.75000001
1257,118042748.75
1258,118042748.75
1259,118042748.75
1260,118042748.75
1261,118042748.75
1262,118042748.75000001
1263,118042748.75
1264,118042748.75000001
1265,118042748.75000001
1266,118042748.75
1267,118042748.75000001
1268,118042748.75
1269,118042748.75
1270,118042748.75
1271,118042748.75
1272,118042748.75000001
1273,118042748.75000001
1274,118042748.75
1275,118042748.75000001
1276,118042748.75000001
1277,118042748.75
1278,118042748.75
1279,118042748.75000001
1280,118042748.75
1281,118042748.75000001
1282,118042748.75000001
1283,118042748.75
1284,118042748.75
1285,118042748.75
1286,118042748.75
1287,118042748.75
1288,118042748.75
1289,118042748.75
1290,118042748.75
1291,118042748.75
1292,118042748.75
1293,118042748.75
1294,118042748.75
1295,118042748.75000001
1296,118042748.75
1297,118042748.75000001
1298,118042748.75
1299,118042748.75
1300,118042748.75
1301,118042748.75000001
1302,118042748.75
1303,118042748.75
1304,118042748.74999997
1305,118042748.75
1306,118042748.75000001
1307,118042748.75000001
1308,118042748.75
1309,118042748.75000001
1310,118042748.75
1311,118042748.75
1312,118042748.75
1313,118042748.75
1314,118042748.75
1315,118042748.75000001
1316,118042748.75000001
1317,118042748.75000001
1318,118042748.75000001
1319,118042748.75000001
1320,118042748.75000001
1321,118042748.75
1322,118042748.75000001
1323,118042748.75000001
1324,118042748.75000001
1325,118042748.75
1326,118042748.75
1327,118042748.75000001
1328,118042748.75
1329,118042748.75000001
1330,118042748.75000001
1331,118042748.75
1332,118042748.74999999
1333,118042748.75000001
1334,118042748.74999999
1335,118042748.75
1336,118042748.75
1337,118042748.75
1338,118042748.75
1339,118042748.75
1340,118042748.75000001
1341,118042748.75
1342,118042748.75
1343,118042748.75
1344,118042748.75000001
1345,118042748.75
1346,118042748.75
1347,118042748.75
1348,118042748.75
1349,118042748.75
1350,118042748.75
1351,118042748.75000001
1352,118042748.75000001
1353,118042748.75
1354,118042748.75000001
1355,118042748.75
1356,118042748.75
1357,118042748.75
1358,118042748.75
1359,118042748.75000001
1360,118042748.75
1361,118042748.75
1362,118042748.75000001
1363,118042748.75
1364,118042748.75000001
1365,118042748.75000001
1366,118042748.75000001
1367,118042748.75000001
1368,118042748.75
1369,118042748.75000001
1370,118042748.75000001
1371,118042748.75000001
1372,118042748.75
1373,118042748.75
1374,118042748.75000001
1375,118042748.75
1376,118042748.75
1377,118042748.74999999
1378,118042748.75
1379,118042748.74999999
1380,118042748.75
1381,118042748.75
1382,118042748.75
1383,118042748.75
1384,118042748.75000001
1385,118042748.75000001
1386,118042748.75
1387,118042748.75000001
1388,118042748.75
1389,118042748.75
1390,118042748.75
1391,118042748.75000001
1392,118042748.75
1393,118042748.75
1394,118042748.74999997
1395,118042748.75
1396,118042748.75000001
1397,118042748.75000001
1398,118042748.75000001
1399,118042748.75000001
1400,118042748.75000001
1401,118042748.75
1402,118042748.75000001
1403,118042748.75000001
1404,118042748.75
1405,118042748.75
1406,118042748.75
1407,118042748.75
1408,118042748.75000001
1409,118042748.75
1410,118042748.75
1411,118042748.75000001
1412,118042748.75
1413,118042748.75000001
1414,118042748.75
1415,118042748.75000001
1416,118042748.75
1417,118042748.75
1418,118042748.75
1419,118042748.74999999
1420,118042748.75
1421,118042748.75000001
1422,118042748.75
1423,118042748.75
1424,118042748.75
1425,118042748.75
1426,118042748.75
1427,118042748.75
1428,118042748.75
1429,118042748.75
1430,118042748.75000001
1431,118042748.75
1432,118042748.75000001
1433,118042748.75000001
1434,118042748.75
1435,118042748.75
1436,118042748.75
1437,118042748.75
1438,118042748.75
1439,118042748.75
1440,118042748.75
1441,118042748.75000001
1442,118042748.75000001
1443,118042748.75
1444,118042748.75000001
1445,118042748.75
1446,118042748.75
1447,118042748.75
1448,118042748.75
1449,118042748.75
1450,118042748.75
1451,118042748.75000001
1452,118042748.75000001
1453,118042748.75000001
1454,118042748.75
1455,118042748.75
1456,118042748.75
1457,118042748.75000001
1458,118042748.75
1459,118042748.75
1460,118042748.75
1461,118042748.75
1462,67425608.93495238
1463,67425608.93495247
1464,67425608.93495247
1465,67425608.93495244
1466,67425608.93495242
1467,67425608.93495238
1468,67425608.93495242
1469,67425608.93495242
1470,67425608.93495241
1471,67425608.93495241
1472,67425608.9349524
1473,67425608.89149505
1474,67425608.95165315
1475,67425608.96446013
1476,67425609.016094
1477,67425608.9079197
1478,67425608.90151477
1479,67425608.85504438
1480,67425608.95025215
1481,67425608.99834931
1482,67425608.92838946
1483,67425608.8902586
1484,67425608.93944585
1485,67425609.0086822
1486,67425608.99438913
1487,67425608.99591465
1488,67425608.98632057
1489,67425608.9480645
1490,67425608.85868882
1491,67425608.89792949
1492,67425608.89365363
1493,67425608.9965396
1494,67425608.86738339
1495,67425608.82846068
1496,67425608.92779823
1497,67425608.91361095
1498,67425608.87075715
1499,67425608.95946752
1500,67425608.95363984
1501,67425608.9807612
1502,67425608.96174578
1503,67425608.91915525
1504,67425608.9368387
1505,67425608.95947807
1506,67425608.8945108
1507,67425608.91017736
1508,67425608.99772964
1509,67425608.97383086
1510,67425608.97694926
1511,67425608.94137709
1512,67425608.96624388
1513,67425608.95024504
1514,67425608.924219
1515,67425608.98007724
1516,67425609.02380997
1517,67425608.94451997
1518,67425608.88562171
1519,67425608.9845264
1520,67425608.86823869
1521,67425609.05700952
1522,67425609.0397795
1523,67425608.9407634
1524,67425608.9005671
1525,67425609.06069672
1526,67425608.9897339
1527,67425608.93908963
1528,67425608.91855928
1529,67425608.93739958
1530,67425608.85996953
1531,67425608.9842557
1532,67425608.93124026
1533,67425609.00139673
1534,67425608.91000801
1535,67425608.88445352
1536,67425608.91698894
1537,67425609.02612153
1538,67425608.89898653
1539,67425609.01300113
1540,67425608.90223736
1541,67425608.90330666
1542,67425608.95956872
1543,67425608.92069454
1544,67425608.9558882
1545,67425608.95973535
1546,67425608.97501437
1547,67425608.80421853
1548,67425608.94339676
1549,67425608.91536172
1550,67425608.84890538
1551,67425608.91538362
1552,67425608.96384495
1553,67425608.87997448
1554,67425608.88856404
1555,67425608.91636275
1556,67425608.93222784
1557,67425608.90677425
1558,67425608.95502222
1559,67425609.0758328
1560,67425608.99093157
1561,67425608.90055421
1562,67425608.91465725
1563,67425608.9786809
1564,67425608.95412858
1565,67425608.99967912
1566,67425609.04807806
1567,67425608.95329955
1568,67425609.00168708
1569,67425608.94131273
1570,67425608.85878076
1571,67425608.88738914
1572,67425608.9709195
1573,67425608.87418
1574,67425609.00355336
1575,67425608.97586238
1576,67425608.97483808
1577,67425609.0213495
1578,67425608.9140802
1579,67425609.09109321
1580,67425608.98727216
1581,67425608.88594231
1582,67425608.8656127
1583,67425608.96364059
1584,67425608.89156649
1585,67425608.92529811
1586,67425608.98159839
1587,67425608.90296642
1588,67425608.93515266
1589,67425608.93728667
1590,67425608.83360362
1591,67425608.93052022
1592,67425608.88429314
1593,67425608.83930056
1594,67425608.98133796
1595,67425608.94281377
1596,67425608.9475497
1597,67425608.97113022
1598,67425609.04785566
1599,67425608.9046681
1600,67425609.00652422
1601,67425608.90178129
1602,67425608.98340124
1603,67425608.90453191
1604,67425608.87416038
1605,67425608.86859258
1606,67425608.97467273
1607,67425608.90665312
1608,67425608.84028175
1609,67425608.8837192
1610,67425608.91074218
1611,67425608.91892155
1612,67425608.88948032
1613,67425608.94236468
1614,67425608.95364735
1615,67425608.88257134
1616,67425608.86886366
1617,67425608.88031039
1618,67425608.96901779
1619,67425608.83628955
1620,67425608.76031452
1621,67425608.95199363
1622,67425608.95389576
1623,67425608.98414573
1624,67425608.96255583
1625,67425608.91467555
1626,67425608.88594401
1627,67425608.96000753
1628,67425608.88371044
1629,67425608.93902594
1630,67425608.93190788
1631,67425608.90534064
1632,67425608.921664
1633,67425608.88587876
1634,67425608.9449955
1635,67425608.91338646
1636,67425608.9037118
1637,67425608.96546116
1638,67425608.96594687
1639,67425608.93805178
1640,67425608.88152504
1641,67425608.84255864
1642,67425608.96996036
1643,67425608.87765555
1644,67425608.9346858
1645,67425608.91479495
1646,67425608.89736213
1647,67425608.89890085
1648,67425608.91951184
1649,67425608.91536017
1650,67425608.85843265
1651,67425608.86047176
1652,67425609.02374694
1653,67425608.9613535
1654,67425608.9636992
1655,67425608.95730372
1656,67425608.91902675
1657,67425609.00121497
1658,67425608.89511079
1659,67425608.96643089
1660,67425608.99888127
1661,67425608.96063074
1662,67425608.92733718
1663,67425608.88258465
1664,67425608.90039678
1665,67425608.90876393
1666,67425608.84190316
1667,67425608.8794192
1668,67425608.94972274
1669,67425608.94387673
1670,67425608.91255769
1671,67425608.93400729
1672,67425608.88304946
1673,67425608.84925029
1674,67425608.9080736
1675,67425608.91101654
1676,67425609.00173663
1677,67425609.01743451
1678,67425608.91934612
1679,67425608.89483765
1680,67425609.09089139
1681,67425608.86317746
1682,67425608.9829583
1683,67425608.99344471
1684,67425609.0192461
1685,67425608.9019536
1686,67425608.97169505
1687,67425608.87491144
1688,67425608.90348913
1689,67425608.8322343
1690,67425608.87642702
1691,67425608.92022419
1692,67425609.00838757
1693,67425609.03142098
1694,67425608.94136713
1695,67425608.92945735
1696,67425608.94776209
1697,67425609.02402177
1698,67425608.90087493
1699,67425608.8855135
1700,67425608.91869283
1701,67425608.95457402
1702,67425608.86773555
1703,67425608.98149094
1704,67425608.87266064
1705,67425608.93553269
1706,67425608.97184035
1707,67425608.94625346
1708,67425608.9276158
1709,67425608.9069048
1710,67425608.83606185
1711,67425609.00619267
1712,67425608.9311422
1713,67425608.90790443
1714,67425608.94148178
1715,67425608.92964248
1716,67425609.01954874
1717,67425608.95731367
1718,67425609.01501907
1719,67425608.96385485
1720,67425609.03081352
1721,67425608.946025
1722,67425608.8835317
1723,67425608.89817151
1724,67425608.91576615
1725,67425608.88496803
1726,67425608.94502303
1727,67425608.9273932
1728,67425608.8844716
1729,67425608.98804905
1730,67425608.90412582
1731,67425608.93544915
1732,67425608.9637853
1733,67425609.01435618
1734,67425608.8589342
1735,67425608.94484991
1736,67425608.86514181
1737,67425609.0157606
1738,67425608.9630255
1739,67425608.96835153
1740,67425609.0451253
1741,67425609.04587483
1742,67425608.93263128
1743,67425608.94866322
1744,67425608.95325935
1745,67425608.86100113
1746,67425608.83542094
1747,67425608.94618885
1748,67425608.94390613
1749,67425609.01149626
1750,67425608.84720913
1751,67425608.854348
1752,67425608.97276251
1753,67425608.87142466
1754,67425608.88487636
1755,67425608.97806613
1756,67425608.82429513
1757,67425608.98459971
1758,67425608.87220784
1759,67425608.86685552
1760,67425608.9668664
1761,67425608.84658591
1762,67425609.0000911
1763,67425608.914533
1764,67425608.96464647
1765,67425608.82044742
1766,67425608.98781782
1767,67425608.81719999
1768,67425608.96043172
1769,67425608.9057486
1770,67425609.00198746
1771,67425609.05292952
1772,67425608.9889526
1773,67425608.90923381
1774,67425608.881466
1775,67425608.9459995
1776,67425608.91198534
1777,67425608.79688954
1778,67425608.91752239
1779,67425609.00453004
1780,67425608.96316753
1781,67425608.91088267
1782,67425608.8786648
1783,67425608.96609218
1784,67425608.96618928
1785,67425608.8713221
1786,67425608.82892688
1787,67425608.93017258
1788,67425608.93268757
1789,67425608.93675591
1790,67425609.02005918
1791,67425608.79403722
1792,67425608.92163052
1793,67425608.8452063
1794,67425608.99523236
1795,67425609.01162979
1796,67425608.89275666
1797,67425608.90076225
1798,67425608.90772152
1799,67425608.95441891
1800,67425608.99775985
1801,67425608.83856781
1802,67425609.01165436
1803,67425609.05821078
1804,67425609.02776203
1805,67425608.9113771
1806,67425609.00212754
1807,67425609.02158122
1808,67425608.97298041
1809,67425608.89787368
1810,67425608.85305552
1811,67425608.98238611
1812,67425608.89315084
1813,67425608.95916048
1814,67425609.05319785
1815,67425608.99872135
1816,67425608.88651259
1817,67425608.99102144
1818,67425608.90256777
1819,67425608.91708398
1820,67425609.03283286
1821,67425608.89976227
1822,67425608.98535608
1823,67425608.97929278
1824,67425608.9643772
1825,67425609.00856324
1826,67425608.93093558
1827,67425608.98595159
1828,67425608.91251409
1829,67425608.97321941
1830,67425608.94969277
1831,67425608.99518438
1832,67425608.94789083
1833,67425608.9216743
1834,67425608.90451756
1835,67425609.01666479
1836,67425608.9328237
1837,67425608.91849338
1838,67425609.02842838
1839,67425608.93792155
1840,67425608.92606857
1841,67425608.8860278
1842,67425608.98128702
1843,67425608.95834947
1844,67425608.8049234
1845,67425608.95315789
1846,67425608.83080833
1847,67425609.0622663
1848,67425608.96484178
1849,67425608.92085661
1850,67425608.9574803
1851,67425608.95394406
1852,67425608.93226083
1853,67425608.90494871
1854,67425608.9040275
1855,67425608.80407563
1856,67425609.0134914
1857,67425608.8079425
1858,67425608.8956538
1859,67425608.96629775
1860,67425608.87503502
1861,67425608.95287618
1862,67425608.9723728
1863,67425608.9163918
1864,67425609.0220174
1865,67425608.9842174
1866,67425608.96637231
1867,67425609.08677459
1868,67425608.91017681
1869,67425608.95905013
1870,67425608.91847712
1871,67425608.7806727
1872,67425608.89696753
1873,67425608.92912565
1874,67425608.80021515
1875,67425608.94969027
1876,67425608.89095752
1877,67425608.92384557
1878,67425608.99105516
1879,67425608.92023855
1880,67425608.8968784
1881,67425608.9313733
1882,67425608.92398347
1883,67425609.01099944
1884,67425608.89920506
1885,67425608.92990036
1886,67425608.90219663
1887,67425609.01538439
1888,67425608.93464619
1889,67425608.88901515
1890,67425608.92289174
1891,67425608.94913764
1892,67425608.89162418
1893,67425609.01891549
1894,67425608.87903972
1895,67425608.93616582
1896,67425608.88188876
1897,67425608.95984232
1898,67425608.85314664
1899,67425608.89033069
1900,67425609.02387829
1901,67425608.9061002
1902,67425608.97759798
1903,67425608.88721922
1904,67425608.90206347
1905,67425608.84712619
1906,67425608.88114616
1907,67425609.00761756
1908,67425608.90385632
1909,67425608.8412504
1910,67425608.9995089
1911,67425608.87173824
1912,67425609.01604003
1913,67425608.88363598
1914,67425608.93611772
1915,67425608.8706632
1916,67425608.84956281
1917,67425608.81666498
1918,67425608.96329115
1919,67425608.92522165
1920,67425608.90912955
1921,67425608.97501734
1922,67425608.91503133
1923,67425608.89046614
1924,67425608.85723977
1925,67425608.97644198
1926,67425608.85838659
1927,67425608.94976196
1928,67425608.8550419
1929,67425608.93020989
1930,67425608.99944703
1931,67425608.9522444
1932,67425608.80265424
1933,67425608.96614574
1934,67425608.86951499
1935,67425608.87873693
1936,67425608.8540532
1937,67425608.82465258
1938,67425608.84279616
1939,67425608.96388814
1940,67425608.81646201
1941,67425608.88894634
1942,67425608.98736057
1943,67425608.93996173
1944,67425608.96889573
1945,67425608.88353844
1946,67425608.85983464
1947,67425609.03780265
1948,67425608.89668292
1949,67425608.90193851
1950,67425608.97461341
1951,67425608.9121163
1952,67425608.98937148
1953,67425608.92238013
1954,67425608.93110403
1955,67425608.96758269
1956,67425608.92475832
1957,67425608.97447178
1958,67425608.97468844
1959,67425609.02433568
1960,67425608.9515374
1961,67425608.92303641
1962,67425608.78950687
1963,67425608.9051165
1964,67425608.98703283
1965,67425608.98505421
1966,67425608.96716629
1967,67425608.85978703
1968,67425608.90455462
1969,67425608.9220699
1970,67425608.99383022
1971,67425608.78548124
1972,67425608.8933959
1973,67425608.98587732
1974,67425608.81644498
1975,67425608.90721251
1976,67425608.95973596
1977,67425608.84790619
1978,67425608.93815728
1979,67425608.89535359
1980,67425608.900936
1981,67425608.90684216
1982,67425608.79263318
1983,67425608.91779666
1984,67425609.09221143
1985,67425609.01218703
1986,67425608.98979624
1987,67425608.90055081
1988,67425608.96847826
1989,67425608.91896492
1990,67425608.9561079
1991,67425608.97346984
1992,67425608.96949947
1993,67425608.89222693
1994,67425608.96007858
1995,67425608.85940711
1996,67425608.9107831
1997,67425608.90003346
1998,67425609.00772978
1999,67425608.88909055
2000,67425608.80765733
2001,67425608.9514561
2002,67425608.96475863
2003,67425608.93654977
2004,67425609.11054792
2005,67425608.99796475
2006,67425608.96943651
2007,67425608.7894831
2008,67425608.88639563
2009,67425608.95210725
2010,67425609.00518124
2011,67425608.93808955
2012,67425608.92112012
2013,67425608.90241185
2014,67425608.92885199
2015,67425608.87121178
2016,67425608.91465113
2017,67425609.05918597
2018,67425608.88806704
2019,67425608.89505352
2020,67425608.9931157
2021,67425608.90057395
2022,67425608.88378926
2023,67425608.90756594
2024,67425608.91207254
2025,67425608.98649113
2026,67425608.92676115
2027,67425608.96709415
2028,67425608.91257891
2029,67425608.85681275
2030,67425608.95424223
2031,67425608.87931804
2032,67425608.98154469
2033,67425608.96700992
2034,67425609.00772852
2035,67425608.96095271
2036,67425608.92293124
2037,67425608.98879373
2038,67425608.90779229
2039,67425608.9141231
2040,67425609.00679782
2041,67425608.88921002
2042,67425608.95552976
2043,67425608.76625569
2044,67425609.02738827
2045,67425608.92069855
2046,67425608.90004702
2047,67425608.93905212
2048,67425609.07986605
2049,67425608.90304248
2050,67425608.91525097
2051,67425608.98437585
2052,67425608.97043455
2053,67425608.86178604
2054,67425608.94087152
2055,67425609.0537981
2056,67425608.96452922
2057,67425608.95829682
2058,67425608.82130326
2059,67425608.84363097
2060,67425608.93080878
2061,67425608.92572577
2062,67425608.89946005
2063,67425608.9606725
2064,67425608.98187985
2065,67425608.95676422
2066,67425608.9151157
2067,67425609.00280923
2068,67425609.00921078
2069,67425608.84301968
2070,67425608.91967419
2071,67425608.92005056
2072,67425608.90050273
2073,67425608.96600899
2074,67425608.88068637
2075,67425608.94916654
2076,67425609.04018551
2077,67425608.8526077
2078,67425608.9304912
2079,67425609.00616221
2080,67425608.8881177
2081,67425608.9105144
2082,67425608.94262321
2083,67425608.8852667
2084,67425608.91513976
2085,67425608.97066745
2086,67425608.83456582
2087,67425608.87576945
2088,67425608.96399322
2089,67425608.89595324
2090,67425608.92413199
2091,67425608.99050228
2092,67425608.90129973
2093,67425608.93689616
2094,67425608.88790849
2095,67425609.02887373
2096,67425608.95354968
2097,67425608.97545075
2098,67425608.95522478
2099,67425608.99099524
2100,67425608.89741585
2101,67425608.9609925
2102,67425608.92830408
2103,67425608.89611168
2104,67425608.9839603
2105,67425608.95262657
2106,67425608.97773343
2107,67425608.87958525
2108,67425608.82020274
2109,67425609.06731649
2110,67425608.95911346
2111,67425608.91244213
2112,67425608.91217737
2113,67425608.77284022
2114,67425608.84340931
2115,67425608.88737407
2116,67425608.97069487
2117,67425608.98294984
2118,67425608.89723182
2119,67425608.97305147
2120,67425608.99282244
2121,67425608.94567795
2122,67425608.91486895
2123,67425608.96036561
2124,67425609.00878578
2125,67425608.8680441
2126,67425608.96855058
2127,67425608.9968879
2128,67425609.02209641
2129,67425608.9003413
2130,67425608.84211425
2131,67425608.89009026
2132,67425608.94360316
2133,67425608.96411042
2134,67425609.01372766
2135,67425608.97195452
2136,67425608.96020874
2137,67425608.91510983
2138,67425608.94941172
2139,67425608.93408145
2140,67425608.9697229
2141,67425608.93012948
2142,67425608.94776063
2143,67425608.93419917
2144,67425608.99244623
2145,67425608.84026489
2146,67425608.934662
2147,67425608.88189088
2148,67425608.93818176
2149,67425608.89136015
2150,67425608.91571662
2151,67425608.89841194
2152,67425608.96667115
2153,67425608.91858222
2154,67425608.93435495
2155,67425608.9519282
2156,67425608.94439715
2157,67425608.95091231
2158,67425608.97614564
2159,67425608.90781611
2160,67425608.98775132
2161,67425608.91790661
2162,67425608.92101336
2163,67425608.99812107
2164,67425608.93451922
2165,67425608.9365783
2166,67425608.94555002
2167,67425608.92823516
2168,67425608.97642544
2169,67425608.98032281
2170,67425608.90490691
2171,67425608.90269782
2172,67425608.94831225
2173,67425608.94266303
2174,67425608.79258338
2175,67425608.83641475
2176,67425608.96113382
2177,67425608.89254193
2178,67425608.98125105
2179,67425608.93326214
2180,67425608.95908804
2181,67425608.96639566
2182,67425608.96246572
2183,67425608.91299637
2184,67425609.02352282
2185,67425608.91499192
2186,67425608.96440335
2187,67425608.93769741
2188,67425608.91860816
2189,67425608.88085686
2190,67425608.9849923
2191,67425608.93495238
2192,67425608.93495238
2193,70967812.29585284
2194,70967812.29585283
2195,70967812.29585283
2196,70967812.29585281
2197,70967812.29585283
2198,70967812.2958528
2199,70967812.29585284
2200,70967812.29585283
2201,70967812.29585283
2202,70967812.2958528
2203,70967812.29585287
2204,70967812.28198828
2205,70967812.2717385
2206,70967812.28332129
2207,70967812.32100256
2208,70967812.27086212
2209,70967812.36372009
2210,70967812.23113203
2211,70967812.37451011
2212,70967812.20860365
2213,70967812.2920771
2214,70967812.29773386
2215,70967812.35518865
2216,70967812.30784659
2217,70967812.23871318
2218,70967812.23386359
2219,70967812.26655862
2220,70967812.26727821
2221,70967812.30248815
2222,70967812.28282744
2223,70967812.31156588
2224,70967812.31601337
2225,70967812.38849355
2226,70967812.2766866
2227,70967812.3279372
2228,70967812.29159658
2229,70967812.32829462
2230,70967812.36309999
2231,70967812.2338529
2232,70967812.17377388
2233,70967812.33236587
2234,70967812.24810174
2235,70967812.3381739
2236,70967812.39367335
2237,70967812.33100186
2238,70967812.26269533
2239,70967812.2991073
2240,70967812.31016386
2241,70967812.30127338
2242,70967812.27309941
2243,70967812.32786423
2244,70967812.32219408
2245,70967812.23640731
2246,70967812.38330513
2247,70967812.30154997
2248,70967812.28443682
2249,70967812.34700926
2250,70967812.33672237
2251,70967812.24629883
2252,70967812.33349667
2253,70967812.18819275
2254,70967812.23369302
2255,70967812.28692123
2256,70967812.221756
2257,70967812.3327958
2258,70967812.3607797
2259,70967812.35830818
2260,70967812.32042801
2261,70967812.18864451
2262,70967812.31211151
2263,70967812.34152141
2264,70967812.35601628
2265,70967812.26816526
2266,70967812.33035709
2267,70967812.36989412
2268,70967812.33019017
2269,70967812.28696431
2270,70967812.32506932
2271,70967812.2813228
2272,70967812.31438768
2273,70967812.27275458
2274,70967812.3333149
2275,70967812.33213417
2276,70967812.31526761
2277,70967812.38308266
2278,70967812.26943213
2279,70967812.23951566
2280,70967812.33160023
2281,70967812.22983846
2282,70967812.26800196
2283,70967812.29345421
2284,70967812.2761716
2285,70967812.37877597
2286,70967812.26448643
2287,70967812.29599991
2288,70967812.23391888
2289,70967812.2715379
2290,70967812.22160052
2291,70967812.3476465
2292,70967812.27913712
2293,70967812.30753773
2294,70967812.1728766
2295,70967812.25550525
2296,70967812.30133986
2297,70967812.24529354
2298,70967812.32390025
2299,70967812.29730347
2300,70967812.32691939
2301,70967812.30506396
2302,70967812.37714554
2303,70967812.34110725
2304,70967812.38590494
2305,70967812.19627659
2306,70967812.31528573
2307,70967812.43477117
2308,70967812.26999572
2309,70967812.30954143
2310,70967812.26496111
2311,70967812.31975265
2312,70967812.36661461
2313,70967812.27362299
2314,70967812.2418254
2315,70967812.24620134
2316,70967812.35392855
2317,70967812.30254702
2318,70967812.38524346
2319,70967812.2297655
2320,70967812.31886423
2321,70967812.30761223
2322,70967812.19058639
2323,70967812.36282255
2324,70967812.27193145
2325,70967812.32243046
2326,70967812.30948457
2327,70967812.29511662
2328,70967812.29243381
2329,70967812.18556646
2330,70967812.32168613
2331,70967812.30067515
2332,70967812.40226632
2333,70967812.3413502
2334,70967812.30553721
2335,70967812.27307686
2336,70967812.34484763
2337,70967812.33365534
2338,70967812.3910233
2339,70967812.31894995
2340,70967812.24378718
2341,70967812.40783976
2342,70967812.266863
2343,70967812.29162003
2344,70967812.30731484
2345,70967812.2083159
2346,70967812.32873622
2347,70967812.29641174
2348,70967812.34477323
2349,70967812.34895787
2350,70967812.40486953
2351,70967812.2486807
2352,70967812.16089083
2353,70967812.29929262
2354,70967812.34924488
2355,70967812.32746176
2356,70967812.293195
2357,70967812.36492956
2358,70967812.28311342
2359,70967812.36757615
2360,70967812.2489465
2361,70967812.24875166
2362,70967812.42672247
2363,70967812.27696048
2364,70967812.25143196
2365,70967812.28308079
2366,70967812.25319809
2367,70967812.23472503
2368,70967812.32231131
2369,70967812.3607599
2370,70967812.3473246
2371,70967812.3457564
2372,70967812.36323926
2373,70967812.36501113
2374,70967812.4225395
2375,70967812.40398522
2376,70967812.33401634
2377,70967812.38364604
2378,70967812.34171921
2379,70967812.32034992
2380,70967812.19543776
2381,70967812.30782585
2382,70967812.34967795
2383,70967812.27483968
2384,70967812.25516672
2385,70967812.30943994
2386,70967812.4623829
2387,70967812.3441846
2388,70967812.24744214
2389,70967812.31499255
2390,70967812.28746909
2391,70967812.27580383
2392,70967812.40145127
2393,70967812.30087787
2394,70967812.30112123
2395,70967812.39104997
2396,70967812.34985097
2397,70967812.32222141
2398,70967812.29482326
2399,70967812.2093756
2400,70967812.37585054
2401,70967812.3135175
2402,70967812.23321901
2403,70967812.20907228
2404,70967812.39010802
2405,70967812.29433362
2406,70967812.30161895
2407,70967812.27778068
2408,70967812.26484413
2409,70967812.31932624
2410,70967812.36798689
2411,70967812.40876451
2412,70967812.3765182
2413,70967812.229528
2414,70967812.28720853
2415,70967812.111257
2416,70967812.22855566
2417,70967812.26220761
2418,70967812.29783702
2419,70967812.31527239
2420,70967812.30551958
2421,70967812.3200061
2422,70967812.37861416
2423,70967812.27611743
2424,70967812.35233985
2425,70967812.35013777
2426,70967812.4189731
2427,70967812.3907038
2428,70967812.26587772
2429,70967812.25479889
2430,70967812.17605297
2431,70967812.31557527
2432,70967812.36052415
2433,70967812.18519585
2434,70967812.35507564
2435,70967812.2407303
2436,70967812.20473772
2437,70967812.30371763
2438,70967812.28693822
2439,70967812.2336213
2440,70967812.3458213
2441,70967812.27072735
2442,70967812.27730557
2443,70967812.24592596
2444,70967812.13193862
2445,70967812.27838941
2446,70967812.29825352
2447,70967812.36307397
2448,70967812.33374976
2449,70967812.35871822
2450,70967812.24224795
2451,70967812.29084887
2452,70967812.32691061
2453,70967812.24483243
2454,70967812.36189616
2455,70967812.26662143
2456,70967812.2240177
2457,70967812.37183349
2458,70967812.22658305
2459,70967812.15852143
2460,70967812.29545668
2461,70967812.26006255
2462,70967812.28984793
2463,70967812.44547091
2464,70967812.33538282
2465,70967812.2689532
2466,70967812.29076134
2467,70967812.34194529
2468,70967812.22351003
2469,70967812.280661
2470,70967812.2311765
2471,70967812.2927882
2472,70967812.37139215
2473,70967812.32371248
2474,70967812.22333309
2475,70967812.20970209
2476,70967812.30706564
2477,70967812.18716523
2478,70967812.4350778
2479,70967812.30464429
2480,70967812.3771437
2481,70967812.32035074
2482,70967812.14384481
2483,70967812.30929899
2484,70967812.29677355
2485,70967812.27896565
2486,70967812.36809145
2487,70967812.32731332
2488,70967812.36251566
2489,70967812.39156978
2490,70967812.28274651
2491,70967812.29174982
2492,70967812.28823467
2493,70967812.23702471
2494,70967812.2229096
2495,70967812.30395998
2496,70967812.3482831
2497,70967812.3884099
2498,70967812.4149588
2499,70967812.19785868
2500,70967812.28580461
2501,70967812.17634521
2502,70967812.37798712
2503,70967812.34227899
2504,70967812.27626885
2505,70967812.30795111
2506,70967812.26528873
2507,70967812.25515084
2508,70967812.26911148
2509,70967812.26848206
2510,70967812.23791414
2511,70967812.27450578
2512,70967812.25766245
2513,70967812.27402003
2514,70967812.2892803
2515,70967812.21569984
2516,70967812.30036826
2517,70967812.32592268
2518,70967812.39034377
2519,70967812.39725333
2520,70967812.27642192
2521,70967812.32163203
2522,70967812.39068568
2523,70967812.24462026
2524,70967812.34076108
2525,70967812.35924928
2526,70967812.24430725
2527,70967812.28734732
2528,70967812.32786202
2529,70967812.28874262
2530,70967812.37032044
2531,70967812.18011227
2532,70967812.33442114
2533,70967812.29000266
2534,70967812.3183194
2535,70967812.28596963
2536,70967812.37055959
2537,70967812.3030968
2538,70967812.2340697
2539,70967812.3102052
2540,70967812.28727499
2541,70967812.24646083
2542,70967812.31374846
2543,70967812.35447215
2544,70967812.37772793
2545,70967812.23487379
2546,70967812.4900065
2547,70967812.29891756
2548,70967812.23782787
2549,70967812.34194028
2550,70967812.15713471
2551,70967812.34451823
2552,70967812.36636853
2553,70967812.27200912
2554,70967812.34432295
2555,70967812.16467497
2556,70967812.24317227
2557,70967812.31692606
2558,70967812.27574009
2559,70967812.29655662
2560,70967812.19555801
2561,70967812.21740688
2562,70967812.18767776
2563,70967812.15823333
2564,70967812.26083045
2565,70967812.26116468
2566,70967812.30984633
2567,70967812.38335773
2568,70967812.18261254
2569,70967812.35974889
2570,70967812.35807914
2571,70967812.27883503
2572,70967812.18892293
2573,70967812.21877854
2574,70967812.30260411
2575,70967812.34478973
2576,70967812.15236074
2577,70967812.2984307
2578,70967812.21252121
2579,70967812.26420827
2580,70967812.25405425
2581,70967812.41629447
2582,70967812.28123383
2583,70967812.33518061
2584,70967812.34641804
2585,70967812.30919054
2586,70967812.28334478
2587,70967812.276872
2588,70967812.29025108
2589,70967812.26933353
2590,70967812.29816054
2591,70967812.30449548
2592,70967812.24081731
2593,70967812.1559876
2594,70967812.24083456
2595,70967812.31653574
2596,70967812.37924881
2597,70967812.4510451
2598,70967812.33580235
2599,70967812.25149192
2600,70967812.34596564
2601,70967812.26441257
2602,70967812.24447404
2603,70967812.293492
2604,70967812.2566391
2605,70967812.32043184
2606,70967812.29290724
2607,70967812.29407814
2608,70967812.26137158
2609,70967812.34120113
2610,70967812.20070578
2611,70967812.27797125
2612,70967812.24591531
2613,70967812.27232659
2614,70967812.19351166
2615,70967812.28776552
2616,70967812.3129983
2617,70967812.42881282
2618,70967812.34673147
2619,70967812.32525009
2620,70967812.24514171
2621,70967812.2576087
2622,70967812.3356598
2623,70967812.29985447
2624,70967812.21867034
2625,70967812.23283927
2626,70967812.30004486
2627,70967812.32064857
2628,70967812.3795599
2629,70967812.24872996
2630,70967812.40760481
2631,70967812.20730361
2632,70967812.33180016
2633,70967812.33185782
2634,70967812.28179605
2635,70967812.37198004
2636,70967812.29491475
2637,70967812.31247656
2638,70967812.31767938
2639,70967812.40747857
2640,70967812.33095449
2641,70967812.30975418
2642,70967812.26562601
2643,70967812.37976587
2644,70967812.22741461
2645,70967812.26878327
2646,70967812.29417816
2647,70967812.2447023
2648,70967812.28816776
2649,70967812.30508772
2650,70967812.1939105
2651,70967812.30408461
2652,70967812.22740644
2653,70967812.29078916
2654,70967812.26532888
2655,70967812.22729
2656,70967812.31313452
2657,70967812.3055252
2658,70967812.31207475
2659,70967812.3221557
2660,70967812.31511332
2661,70967812.32925329
2662,70967812.22926998
2663,70967812.23652689
2664,70967812.2266722
2665,70967812.3690562
2666,70967812.22639878
2667,70967812.31077339
2668,70967812.2572763
2669,70967812.31034082
2670,70967812.36499418
2671,70967812.25826515
2672,70967812.2592937
2673,70967812.25239743
2674,70967812.25908746
2675,70967812.28099215
2676,70967812.30190088
2677,70967812.18701963
2678,70967812.3299398
2679,70967812.30188501
2680,70967812.30345158
2681,70967812.20162691
2682,70967812.36023591
2683,70967812.2229324
2684,70967812.28840344
2685,70967812.32917936
2686,70967812.30165961
2687,70967812.35785602
2688,70967812.2662529
2689,70967812.39341566
2690,70967812.32660739
2691,70967812.1725663
2692,70967812.31319122
2693,70967812.23827735
2694,70967812.26861222
2695,70967812.15326531
2696,70967812.36252692
2697,70967812.35801908
2698,70967812.33609532
2699,70967812.1607598
2700,70967812.2811695
2701,70967812.19309437
2702,70967812.26737373
2703,70967812.2440227
2704,70967812.27023499
2705,70967812.34358434
2706,70967812.2807029
2707,70967812.341943
2708,70967812.23703235
2709,70967812.30901727
2710,70967812.18746985
2711,70967812.19638494
2712,70967812.27114268
2713,70967812.38664313
2714,70967812.37124182
2715,70967812.30555116
2716,70967812.25508557
2717,70967812.21324639
2718,70967812.38895921
2719,70967812.35335068
2720,70967812.46272963
2721,70967812.34065747
2722,70967812.21729115
2723,70967812.26175731
2724,70967812.33533503
2725,70967812.2920436
2726,70967812.32035431
2727,70967812.29155694
2728,70967812.30759192
2729,70967812.35309407
2730,70967812.27389733
2731,70967812.27809045
2732,70967812.30855557
2733,70967812.3530504
2734,70967812.31747779
2735,70967812.41446693
2736,70967812.30259813
2737,70967812.24914627
2738,70967812.27544908
2739,70967812.27882114
2740,70967812.38509789
2741,70967812.23327948
2742,70967812.38584355
2743,70967812.20273907
2744,70967812.31307808
2745,70967812.37069395
2746,70967812.3247739
2747,70967812.27825454
2748,70967812.33123
2749,70967812.3346456
2750,70967812.38120623
2751,70967812.32578738
2752,70967812.28243016
2753,70967812.31752872
2754,70967812.30142242
2755,70967812.32595846
2756,70967812.27913499
2757,70967812.33784226
2758,70967812.36778332
2759,70967812.27630268
2760,70967812.2624376
2761,70967812.34933884
2762,70967812.37568128
2763,70967812.24733663
2764,70967812.38467018
2765,70967812.16802569
2766,70967812.27575481
2767,70967812.39627132
2768,70967812.42893824
2769,70967812.42776015
2770,70967812.2510051
2771,70967812.25893854
2772,70967812.35514848
2773,70967812.3193063
2774,70967812.36099999
2775,70967812.17301017
2776,70967812.28441855
2777,70967812.30452925
2778,70967812.2401307
2779,70967812.26676427
2780,70967812.25388636
2781,70967812.24794875
2782,70967812.46244134
2783,70967812.37524441
2784,70967812.2055534
2785,70967812.29026033
2786,70967812.2809461
2787,70967812.20646328
2788,70967812.29431224
2789,70967812.3600365
2790,70967812.25972942
2791,70967812.31905425
2792,70967812.24041907
2793,70967812.35841338
2794,70967812.2245622
2795,70967812.30926791
2796,70967812.32794291
2797,70967812.27348827
2798,70967812.29726632
2799,70967812.29417156
2800,70967812.28714448
2801,70967812.25630344
2802,70967812.30230746
2803,70967812.26741737
2804,70967812.32628775
2805,70967812.37307797
2806,70967812.26111792
2807,70967812.45365518
2808,70967812.28732412
2809,70967812.22990091
2810,70967812.26716146
2811,70967812.24239878
2812,70967812.36750676
2813,70967812.31971672
2814,70967812.32476349
2815,70967812.35931078
2816,70967812.3221707
2817,70967812.29399735
2818,70967812.27224028
2819,70967812.30139835
2820,70967812.29701212
2821,70967812.4177559
2822,70967812.26560467
2823,70967812.31068191
2824,70967812.3124608
2825,70967812.27784342
2826,70967812.38145395
2827,70967812.30402468
2828,70967812.31064896
2829,70967812.19769827
2830,70967812.31633723
2831,70967812.30670862
2832,70967812.26815906
2833,70967812.32094751
2834,70967812.30401398
2835,70967812.26275447
2836,70967812.26631747
2837,70967812.28647065
2838,70967812.30031066
2839,70967812.3720272
2840,70967812.31152405
2841,70967812.21900988
2842,70967812.3084342
2843,70967812.29644881
2844,70967812.23692761
2845,70967812.2922557
2846,70967812.24959353
2847,70967812.26516736
2848,70967812.39722277
2849,70967812.23621899
2850,70967812.2215421
2851,70967812.3108027
2852,70967812.3110395
2853,70967812.35490966
2854,70967812.33071752
2855,70967812.22031355
2856,70967812.27501902
2857,70967812.2994316
2858,70967812.2779128
2859,70967812.24380215
2860,70967812.2808918
2861,70967812.21183553
2862,70967812.30466674
2863,70967812.31359048
2864,70967812.17635135
2865,70967812.28542732
2866,70967812.29887773
2867,70967812.26938677
2868,70967812.23554465
2869,70967812.41073
2870,70967812.38056625
2871,70967812.35695249
2872,70967812.24470611
2873,70967812.27564493
2874,70967812.35575892
2875,70967812.25778456
2876,70967812.23675364
2877,70967812.27361816
2878,70967812.30777341
2879,70967812.23482268
2880,70967812.30423233
2881,70967812.31705204
2882,70967812.22831996
2883,70967812.32617684
2884,70967812.3023959
2885,70967812.33117458
2886,70967812.29787816
2887,70967812.27106158
2888,70967812.17979945
2889,70967812.28886712
2890,70967812.3095569
2891,70967812.21570496
2892,70967812.32902166
2893,70967812.32347815
2894,70967812.2423597
2895,70967812.3087273
2896,70967812.46008277
2897,70967812.24747899
2898,70967812.42541477
2899,70967812.16525827
2900,70967812.36213961
2901,70967812.35360762
2902,70967812.2209897
2903,70967812.26101948
2904,70967812.24929562
2905,70967812.28674294
2906,70967812.26123919
2907,70967812.22129261
2908,70967812.28912596
2909,70967812.33556437
2910,70967812.23075405
2911,70967812.28230764
2912,70967812.34687765
2913,70967812.2558265
2914,70967812.30883536
2915,70967812.26970205
2916,70967812.32750359
2917,70967812.30200185
2918,70967812.29395972
2919,70967812.23153226
2920,70967812.23583157
2921,70967812.27385212
2922,70967812.29585284
2923,70967812.29585284
2924,55621969.45676671
2925,55621969.456766725
2926,55621969.456766725
2927,55621969.456766665
2928,55621969.456766695
2929,55621969.45676668
2930,55621969.456766725
2931,55621969.45676668
2932,55621969.45676672
2933,55621969.45676669
2934,55621969.45676665
2935,55621969.43164905
2936,55621969.52854657
2937,55621969.51274752
2938,55621969.44667953
2939,55621969.55835739
2940,55621969.457684256
2941,55621969.51972623
2942,55621969.33179626
2943,55621969.53650554
2944,55621969.51293753
2945,55621969.50103959
2946,55621969.376631714
2947,55621969.46925761
2948,55621969.416092254
2949,55621969.488311574
2950,55621969.39534591
2951,55621969.36383202
2952,55621969.56642913
2953,55621969.48405596
2954,55621969.524243936
2955,55621969.41589411
2956,55621969.39928177
2957,55621969.41791458
2958,55621969.51093948
2959,55621969.43941725
2960,55621969.60642472
2961,55621969.42093682
2962,55621969.452452496
2963,55621969.49673941
2964,55621969.20107836
2965,55621969.43840432
2966,55621969.491788454
2967,55621969.47677034
2968,55621969.53610627
2969,55621969.36276017
2970,55621969.456998646
2971,55621969.40172572
2972,55621969.5005809
2973,55621969.47557416
2974,55621969.29695139
2975,55621969.52980033
2976,55621969.46431591
2977,55621969.392366536
2978,55621969.46048031
2979,55621969.46360981
2980,55621969.471063785
2981,55621969.585892506
2982,55621969.47358353
2983,55621969.57730198
2984,55621969.39131614
2985,55621969.43959141
2986,55621969.41480934
2987,55621969.47784705
2988,55621969.42855864
2989,55621969.50207995
2990,55621969.46614408
2991,55621969.42260436
2992,55621969.42569317
2993,55621969.48274887
2994,55621969.50696516
2995,55621969.42971803
2996,55621969.5341943
2997,55621969.32116775
2998,55621969.44404605
2999,55621969.48220476
3000,55621969.52892827
3001,55621969.466023386
3002,55621969.4168899
3003,55621969.50053157
3004,55621969.58029599
3005,55621969.48989907
3006,55621969.55915547
3007,55621969.461822145
3008,55621969.46132561
3009,55621969.38524798
3010,55621969.46158596
3011,55621969.47367304
3012,55621969.5897011
3013,55621969.497315615
3014,55621969.498134814
3015,55621969.45462392
3016,55621969.418138504
3017,55621969.35985245
3018,55621969.63086915
3019,55621969.49452349
3020,55621969.528825164
3021,55621969.46125699
3022,55621969.34297004
3023,55621969.47937499
3024,55621969.57002722
3025,55621969.46754522
3026,55621969.41548541
3027,55621969.415263906
3028,55621969.61401377
3029,55621969.42674617
3030,55621969.45728821
3031,55621969.5210276
3032,55621969.412345715
3033,55621969.41751199
3034,55621969.34100735
3035,55621969.43561889
3036,55621969.46579573
3037,55621969.39146307
3038,55621969.499651745
3039,55621969.29831193
3040,55621969.44009653
3041,55621969.41044028
3042,55621969.44517947
3043,55621969.41474469
3044,55621969.385571636
3045,55621969.47442368
3046,55621969.42936983
3047,55621969.58558105
3048,55621969.412120394
3049,55621969.43721727
3050,55621969.51526902
3051,55621969.433162615
3052,55621969.538121305
3053,55621969.45363896
3054,55621969.54823876
3055,55621969.46007398
3056,55621969.62884524
3057,55621969.453975245
3058,55621969.48585465
3059,55621969.43165134
3060,55621969.57665661
3061,55621969.54163459
3062,55621969.51807052
3063,55621969.526341
3064,55621969.36277231
3065,55621969.45181204
3066,55621969.53025362
3067,55621969.41344993
3068,55621969.478266396
3069,55621969.4940678
3070,55621969.390710466
3071,55621969.50091515
3072,55621969.34992255
3073,55621969.36514989
3074,55621969.441530816
3075,55621969.55317759
3076,55621969.514817275
3077,55621969.54799922
3078,55621969.43389549
3079,55621969.443666175
3080,55621969.44368466
3081,55621969.50233326
3082,55621969.49476727
3083,55621969.44381309
3084,55621969.30273237
3085,55621969.37114727
3086,55621969.61916207
3087,55621969.422561795
3088,55621969.453563325
3089,55621969.51186915
3090,55621969.4195582
3091,55621969.476678096
3092,55621969.35893477
3093,55621969.463063754
3094,55621969.44587405
3095,55621969.44794767
3096,55621969.396658614
3097,55621969.35015021
3098,55621969.40303017
3099,55621969.53992977
3100,55621969.43014063
3101,55621969.48543455
3102,55621969.53889091
3103,55621969.44018535
3104,55621969.4796938
3105,55621969.34613737
3106,55621969.43359788
3107,55621969.404275216
3108,55621969.46615064
3109,55621969.475659385
3110,55621969.44323539
3111,55621969.431466326
3112,55621969.46925359
3113,55621969.48450182
3114,55621969.438314475
3115,55621969.50464507
3116,55621969.429492615
3117,55621969.432351775
3118,55621969.4006311
3119,55621969.526119314
3120,55621969.423496805
3121,55621969.34464962
3122,55621969.311754346
3123,55621969.53854469
3124,55621969.38163381
3125,55621969.560824364
3126,55621969.38299309
3127,55621969.45648206
3128,55621969.43002655
3129,55621969.32803738
3130,55621969.45408666
3131,55621969.46205076
3132,55621969.41499502
3133,55621969.506469056
3134,55621969.564433575
3135,55621969.433467336
3136,55621969.48184365
3137,55621969.52839343
3138,55621969.44530691
3139,55621969.462601945
3140,55621969.587456696
3141,55621969.528879285
3142,55621969.41264488
3143,55621969.4838826
3144,55621969.48828369
3145,55621969.54551604
3146,55621969.46510007
3147,55621969.6024117
3148,55621969.43312963
3149,55621969.445231736
3150,55621969.477736354
3151,55621969.497465484
3152,55621969.36855788
3153,55621969.448612764
3154,55621969.42840706
3155,55621969.53119256
3156,55621969.47700542
3157,55621969.35434407
3158,55621969.51093164
3159,55621969.40616781
3160,55621969.53264396
3161,55621969.346201606
3162,55621969.383189484
3163,55621969.446366444
3164,55621969.363959074
3165,55621969.417119876
3166,55621969.55456511
3167,55621969.39985122
3168,55621969.4729029
3169,55621969.46122722
3170,55621969.45051226
3171,55621969.544875234
3172,55621969.46200811
3173,55621969.4451362
3174,55621969.505675055
3175,55621969.42650482
3176,55621969.48153594
3177,55621969.550000705
3178,55621969.471439496
3179,55621969.56397281
3180,55621969.392590255
3181,55621969.401921764
3182,55621969.35219488
3183,55621969.470373385
3184,55621969.51837748
3185,55621969.56711384
3186,55621969.31744719
3187,55621969.505582325
3188,55621969.47670682
3189,55621969.341293864
3190,55621969.3631592
3191,55621969.464703746
3192,55621969.45106376
3193,55621969.47272925
3194,55621969.608811654
3195,55621969.38131558
3196,55621969.4487781
3197,55621969.492388524
3198,55621969.35152907
3199,55621969.413461186
3200,55621969.4123601
3201,55621969.4775874
3202,55621969.4762237
3203,55621969.494026035
3204,55621969.48613624
3205,55621969.40143453
3206,55621969.59325771
3207,55621969.38602014
3208,55621969.40031405
3209,55621969.44532949
3210,55621969.510495774
3211,55621969.38214399
3212,55621969.55068353
3213,55621969.48520696
3214,55621969.45236567
3215,55621969.38100025
3216,55621969.40988384
3217,55621969.390387475
3218,55621969.469637245
3219,55621969.46404385
3220,55621969.385207556
3221,55621969.4210441
3222,55621969.41157505
3223,55621969.54813778
3224,55621969.52321382
3225,55621969.5507314
3226,55621969.66079507
3227,55621969.41985283
3228,55621969.51807311
3229,55621969.3613457
3230,55621969.45577773
3231,55621969.336001545
3232,55621969.53572297
3233,55621969.48329196
3234,55621969.402664945
3235,55621969.50527321
3236,55621969.58270541
3237,55621969.42096418
3238,55621969.249235325
3239,55621969.44675749
3240,55621969.472151734
3241,55621969.49907438
3242,55621969.49265589
3243,55621969.467301846
3244,55621969.42216834
3245,55621969.41849364
3246,55621969.389467336
3247,55621969.523141384
3248,55621969.479383245
3249,55621969.49950474
3250,55621969.4610638
3251,55621969.46575657
3252,55621969.593523
3253,55621969.41222643
3254,55621969.47014655
3255,55621969.396715075
3256,55621969.48467031
3257,55621969.45311729
3258,55621969.468123205
3259,55621969.54025549
3260,55621969.54198018
3261,55621969.44961132
3262,55621969.551686004
3263,55621969.52266204
3264,55621969.39268838
3265,55621969.48138822
3266,55621969.29315732
3267,55621969.484426506
3268,55621969.401105724
3269,55621969.48495917
3270,55621969.47694624
3271,55621969.48608768
3272,55621969.54012544
3273,55621969.50726553
3274,55621969.4383715
3275,55621969.46077293
3276,55621969.454124056
3277,55621969.37254004
3278,55621969.44178239
3279,55621969.35559983
3280,55621969.50185048
3281,55621969.5124004
3282,55621969.55002777
3283,55621969.51928491
3284,55621969.454227805
3285,55621969.50744628
3286,55621969.39092455
3287,55621969.49016101
3288,55621969.42267058
3289,55621969.52274276
3290,55621969.441663295
3291,55621969.39805058
3292,55621969.48864758
3293,55621969.510074295
3294,55621969.392929904
3295,55621969.45310449
3296,55621969.468407266
3297,55621969.3881485
3298,55621969.366242334
3299,55621969.444334984
3300,55621969.44758615
3301,55621969.4614738
3302,55621969.58978257
3303,55621969.48217518
3304,55621969.54815217
3305,55621969.4670314
3306,55621969.53888884
3307,55621969.53705194
3308,55621969.4110762
3309,55621969.37537492
3310,55621969.49212511
3311,55621969.40193516
3312,55621969.45884993
3313,55621969.345593065
3314,55621969.451766625
3315,55621969.472082004
3316,55621969.59097566
3317,55621969.34184104
3318,55621969.45657913
3319,55621969.49476991
3320,55621969.4024166
3321,55621969.572721824
3322,55621969.41127173
3323,55621969.41131521
3324,55621969.42073154
3325,55621969.5603563
3326,55621969.446451314
3327,55621969.416010626
3328,55621969.46111308
3329,55621969.4578438
3330,55621969.50084114
3331,55621969.45957056
3332,55621969.51331417
3333,55621969.47045132
3334,55621969.53512546
3335,55621969.47468837
3336,55621969.38336876
3337,55621969.49403281
3338,55621969.4016335
3339,55621969.405913696
3340,55621969.44754982
3341,55621969.48654666
3342,55621969.507403865
3343,55621969.52284407
3344,55621969.43872017
3345,55621969.49182168
3346,55621969.56818865
3347,55621969.59062682
3348,55621969.55610347
3349,55621969.59459337
3350,55621969.51929261
3351,55621969.41038853
3352,55621969.51042314
3353,55621969.4844674
3354,55621969.45078069
3355,55621969.4869467
3356,55621969.37374798
3357,55621969.578420185
3358,55621969.488759495
3359,55621969.38753833
3360,55621969.46577948
3361,55621969.504001975
3362,55621969.52037732
3363,55621969.4153891
3364,55621969.42536381
3365,55621969.408614464
3366,55621969.3633569
3367,55621969.456428066
3368,55621969.35710143
3369,55621969.408741094
3370,55621969.37966329
3371,55621969.52068276
3372,55621969.41415397
3373,55621969.39892012
3374,55621969.40939364
3375,55621969.52039515
3376,55621969.46513026
3377,55621969.43195183
3378,55621969.33895711
3379,55621969.60917357
3380,55621969.44509724
3381,55621969.36739615
3382,55621969.48632062
3383,55621969.37680665
3384,55621969.47198086
3385,55621969.408524424
3386,55621969.50259564
3387,55621969.43710534
3388,55621969.54212905
3389,55621969.32019307
3390,55621969.47789999
3391,55621969.42504094
3392,55621969.49157614
3393,55621969.33689514
3394,55621969.47375469
3395,55621969.48804882
3396,55621969.30837808
3397,55621969.506483346
3398,55621969.41236803
3399,55621969.41442943
3400,55621969.389942616
3401,55621969.56834946
3402,55621969.465623505
3403,55621969.61449148
3404,55621969.503148496
3405,55621969.479741015
3406,55621969.39923225
3407,55621969.489959955
3408,55621969.52706541
3409,55621969.400231294
3410,55621969.46890384
3411,55621969.498212725
3412,55621969.581595436
3413,55621969.5453075
3414,55621969.44528405
3415,55621969.383713864
3416,55621969.54518754
3417,55621969.34126868
3418,55621969.41472155
3419,55621969.37120484
3420,55621969.36105252
3421,55621969.36514525
3422,55621969.493689075
3423,55621969.57969597
3424,55621969.42010201
3425,55621969.42708291
3426,55621969.54293286
3427,55621969.49243901
3428,55621969.543592975
3429,55621969.43257337
3430,55621969.519900724
3431,55621969.495618254
3432,55621969.419395186
3433,55621969.49617006
3434,55621969.574814074
3435,55621969.551771745
3436,55621969.45903959
3437,55621969.4375398
3438,55621969.34929121
3439,55621969.492764555
3440,55621969.505637795
3441,55621969.38914086
3442,55621969.44332286
3443,55621969.479649626
3444,55621969.48030929
3445,55621969.298973456
3446,55621969.4156565
3447,55621969.577170745
3448,55621969.433415234
3449,55621969.54192472
3450,55621969.39763968
3451,55621969.42944449
3452,55621969.53297271
3453,55621969.40602555
3454,55621969.4531733
3455,55621969.45356222
3456,55621969.55071167
3457,55621969.49106206
3458,55621969.476439394
3459,55621969.46362169
3460,55621969.52536745
3461,55621969.373899
3462,55621969.45477928
3463,55621969.39120233
3464,55621969.36160794
3465,55621969.393146686
3466,55621969.49157528
3467,55621969.592858754
3468,55621969.387751125
3469,55621969.510423556
3470,55621969.4534157
3471,55621969.58371275
3472,55621969.43447846
3473,55621969.467279375
3474,55621969.5479238
3475,55621969.39091733
3476,55621969.48023422
3477,55621969.41393483
3478,55621969.501676485
3479,55621969.49946229
3480,55621969.41356843
3481,55621969.36389422
3482,55621969.51630077
3483,55621969.50713739
3484,55621969.51075082
3485,55621969.435526356
3486,55621969.35524868
3487,55621969.40025464
3488,55621969.521405496
3489,55621969.280239105
3490,55621969.55613211
3491,55621969.39073645
3492,55621969.51356532
3493,55621969.48768625
3494,55621969.511181176
3495,55621969.43606015
3496,55621969.44585914
3497,55621969.265731715
3498,55621969.42758869
3499,55621969.38301385
3500,55621969.424317494
3501,55621969.5565518
3502,55621969.38326556
3503,55621969.50383546
3504,55621969.50532794
3505,55621969.46567165
3506,55621969.47798048
3507,55621969.43079763
3508,55621969.41230255
3509,55621969.4739253
3510,55621969.38322724
3511,55621969.48319146
3512,55621969.423783146
3513,55621969.58809053
3514,55621969.47661309
3515,55621969.35362326
3516,55621969.50098726
3517,55621969.39626518
3518,55621969.4524371
3519,55621969.45920836
3520,55621969.42143811
3521,55621969.44728186
3522,55621969.58201585
3523,55621969.43314564
3524,55621969.52346084
3525,55621969.397771746
3526,55621969.486454345
3527,55621969.43805895
3528,55621969.43887575
3529,55621969.48771991
3530,55621969.47194466
3531,55621969.59359368
3532,55621969.34168959
3533,55621969.5164404
3534,55621969.44495791
3535,55621969.45184238
3536,55621969.412886724
3537,55621969.46167486
3538,55621969.46773781
3539,55621969.42261137
3540,55621969.415652275
3541,55621969.47492967
3542,55621969.43611685
3543,55621969.643492796
3544,55621969.32731924
3545,55621969.375287674
3546,55621969.37215833
3547,55621969.544233456
3548,55621969.39752309
3549,55621969.58378217
3550,55621969.49640165
3551,55621969.465154566
3552,55621969.471531376
3553,55621969.430129275
3554,55621969.5333102
3555,55621969.31199907
3556,55621969.47188789
3557,55621969.40680796
3558,55621969.41318827
3559,55621969.41215579
3560,55621969.44227108
3561,55621969.48996295
3562,55621969.57186516
3563,55621969.39423571
3564,55621969.42314322
3565,55621969.424535625
3566,55621969.40512572
3567,55621969.46183168
3568,55621969.36577136
3569,55621969.45609619
3570,55621969.460918956
3571,55621969.51127882
3572,55621969.5348391
3573,55621969.48759792
3574,55621969.336561985
3575,55621969.46457571
3576,55621969.488639556
3577,55621969.44221646
3578,55621969.48674474
3579,55621969.50262437
3580,55621969.47353672
3581,55621969.520424396
3582,55621969.546080634
3583,55621969.44567922
3584,55621969.51153242
3585,55621969.631056085
3586,55621969.48741987
3587,55621969.36917378
3588,55621969.46026855
3589,55621969.41870004
3590,55621969.45018138
3591,55621969.60677914
3592,55621969.39355427
3593,55621969.5544537
3594,55621969.43385606
3595,55621969.44418772
3596,55621969.44328326
3597,55621969.46904245
3598,55621969.45941592
3599,55621969.47766683
3600,55621969.488954775
3601,55621969.46226433
3602,55621969.35089275
3603,55621969.42651297
3604,55621969.57877097
3605,55621969.483485505
3606,55621969.40357652
3607,55621969.442649946
3608,55621969.43180826
3609,55621969.44094262
3610,55621969.42336133
3611,55621969.51902894
3612,55621969.43391091
3613,55621969.32449517
3614,55621969.50977912
3615,55621969.3916191
3616,55621969.487761825
3617,55621969.46651317
3618,55621969.439609624
3619,55621969.42373015
3620,55621969.34682992
3621,55621969.522586286
3622,55621969.45683268
3623,55621969.4845168
3624,55621969.45782925
3625,55621969.50405748
3626,55621969.46960289
3627,55621969.454733856
3628,55621969.44626886
3629,55621969.49179332
3630,55621969.41348319
3631,55621969.420784965
3632,55621969.33165649
3633,55621969.46158061
3634,55621969.470309176
3635,55621969.45751017
3636,55621969.43704738
3637,55621969.41745678
3638,55621969.3846892
3639,55621969.45007853
3640,55621969.44900084
3641,55621969.48552097
3642,55621969.34778115
3643,55621969.41823022
3644,55621969.37142121
3645,55621969.40967913
3646,55621969.44574962
3647,55621969.43703741
3648,55621969.36614297
3649,55621969.40111099
3650,55621969.47093803
3651,55621969.39429718
3652,55621969.427771166
3653,55621969.45676671
3654,55621969.456766725
3655,9481592.197053796
3656,9481592.197053783
3657,9481592.197053783
3658,9481592.197053783
3659,9481592.197053792
3660,9481592.197053783
3661,9481592.197053798
3662,9481592.197053794
3663,9481592.197053794
3664,9481592.197053796
3665,9481592.197053794
3666,9481592.204262298
3667,9481592.228445662
3668,9481592.17795354
3669,9481592.217888113
3670,9481592.170384144
3671,9481592.211176705
3672,9481592.174196187
3673,9481592.22037594
3674,9481592.182343801
3675,9481592.223780062
3676,9481592.172902105
3677,9481592.205368245
3678,9481592.208815921
3679,9481592.185592867
3680,9481592.189406928
3681,9481592.229263052
3682,9481592.186687568
3683,9481592.202620832
3684,9481592.197511312
3685,9481592.189729525
3686,9481592.204404904
3687,9481592.218347609
3688,9481592.172568304
3689,9481592.175147248
3690,9481592.18568885
3691,9481592.20077219
3692,9481592.190102361
3693,9481592.202341693
3694,9481592.192994121
3695,9481592.197544632
3696,9481592.193984097
3697,9481592.179787913
3698,9481592.173753934
3699,9481592.212515585
3700,9481592.198205229
3701,9481592.20536634
3702,9481592.186351798
3703,9481592.235480037
3704,9481592.230115872
3705,9481592.211693203
3706,9481592.187676039
3707,9481592.192606874
3708,9481592.20982644
3709,9481592.212533707
3710,9481592.211010747
3711,9481592.216240432
3712,9481592.19859366
3713,9481592.20198013
3714,9481592.19028106
3715,9481592.211527975
3716,9481592.202833219
3717,9481592.205182543
3718,9481592.184955781
3719,9481592.180484114
3720,9481592.197644452
3721,9481592.204690423
3722,9481592.213787757
3723,9481592.19509186
3724,9481592.181266062
3725,9481592.218352204
3726,9481592.201377297
3727,9481592.18217538
3728,9481592.193455625
3729,9481592.175831066
3730,9481592.196967097
3731,9481592.210077848
3732,9481592.193354666
3733,9481592.206427617
3734,9481592.182243336
3735,9481592.212162161
3736,9481592.219261205
3737,9481592.184373714
3738,9481592.217140468
3739,9481592.213875258
3740,9481592.205012495
3741,9481592.18089016
3742,9481592.187901728
3743,9481592.193410138
3744,9481592.2234435
3745,9481592.179056134
3746,9481592.201471621
3747,9481592.182317981
3748,9481592.194059722
3749,9481592.187025659
3750,9481592.20914374
3751,9481592.19741347
3752,9481592.20867077
3753,9481592.19197707
3754,9481592.154914415
3755,9481592.198515907
3756,9481592.178245774
3757,9481592.196845105
3758,9481592.214727577
3759,9481592.184208415
3760,9481592.161768721
3761,9481592.206337499
3762,9481592.195955796
3763,9481592.192086155
3764,9481592.1807335
3765,9481592.19455274
3766,9481592.194793977
3767,9481592.21002877
3768,9481592.165271632
3769,9481592.18367439
3770,9481592.188941628
3771,9481592.200832255
3772,9481592.182075111
3773,9481592.221362052
3774,9481592.20284932
3775,9481592.184343958
3776,9481592.218786553
3777,9481592.184572982
3778,9481592.204081034
3779,9481592.18443985
3780,9481592.198479457
3781,9481592.20864145
3782,9481592.220644902
3783,9481592.214700144
3784,9481592.21959725
3785,9481592.208071755
3786,9481592.190582884
3787,9481592.198719744
3788,9481592.20259447
3789,9481592.220937228
3790,9481592.214735456
3791,9481592.20550045
3792,9481592.209726525
3793,9481592.195126353
3794,9481592.22022079
3795,9481592.195448466
3796,9481592.1959729
3797,9481592.209200837
3798,9481592.185242038
3799,9481592.209651314
3800,9481592.214044929
3801,9481592.213861862
3802,9481592.176525092
3803,9481592.195513165
3804,9481592.205094688
3805,9481592.176172743
3806,9481592.218448903
3807,9481592.208618123
3808,9481592.214874994
3809,9481592.220770208
3810,9481592.182397474
3811,9481592.192731742
3812,9481592.17758769
3813,9481592.166345214
3814,9481592.187531268
3815,9481592.191775251
3816,9481592.165939951
3817,9481592.208025815
3818,9481592.19949274
3819,9481592.1998395
3820,9481592.200225424
3821,9481592.208250327
3822,9481592.186344154
3823,9481592.197115537
3824,9481592.234479591
3825,9481592.188975016
3826,9481592.195711222
3827,9481592.22776412
3828,9481592.173819697
3829,9481592.20932567
3830,9481592.212957693
3831,9481592.18159249
3832,9481592.19976803
3833,9481592.196626369
3834,9481592.199643793
3835,9481592.205377646
3836,9481592.189413352
3837,9481592.22464571
3838,9481592.20789275
3839,9481592.176726356
3840,9481592.186194608
3841,9481592.198516082
3842,9481592.19720572
3843,9481592.188158382
3844,9481592.200076664
3845,9481592.176119713
3846,9481592.205217153
3847,9481592.165112749
3848,9481592.21782857
3849,9481592.209841114
3850,9481592.198233653
3851,9481592.221007816
3852,9481592.203285674
3853,9481592.183496188
3854,9481592.193298126
3855,9481592.180084867
3856,9481592.189424673
3857,9481592.238676017
3858,9481592.181230186
3859,9481592.193253828
3860,9481592.184212964
3861,9481592.207168657
3862,9481592.190135403
3863,9481592.1763733
3864,9481592.20131153
3865,9481592.192963872
3866,9481592.18680025
3867,9481592.188772025
3868,9481592.211225566
3869,9481592.199636586
3870,9481592.211452689
3871,9481592.209974116
3872,9481592.197149783
3873,9481592.152638584
3874,9481592.180133764
3875,9481592.220668066
3876,9481592.238302473
3877,9481592.195060942
3878,9481592.195347661
3879,9481592.178856984
3880,9481592.159936436
3881,9481592.192612113
3882,9481592.183234828
3883,9481592.200318044
3884,9481592.225054843
3885,9481592.215522239
3886,9481592.197437398
3887,9481592.193648653
3888,9481592.225040443
3889,9481592.191257546
3890,9481592.189019818
3891,9481592.178220602
3892,9481592.200101854
3893,9481592.171763444
3894,9481592.190762788
3895,9481592.214415243
3896,9481592.212082695
3897,9481592.17842765
3898,9481592.17393356
3899,9481592.191034233
3900,9481592.204528311
3901,9481592.192355875
3902,9481592.188816154
3903,9481592.166730132
3904,9481592.215360522
3905,9481592.247637624
3906,9481592.193265585
3907,9481592.181469098
3908,9481592.21297044
3909,9481592.196549155
3910,9481592.220915332
3911,9481592.216558235
3912,9481592.16356586
3913,9481592.173847873
3914,9481592.202613633
3915,9481592.198536731
3916,9481592.205434179
3917,9481592.22671349
3918,9481592.167323599
3919,9481592.200522596
3920,9481592.184942367
3921,9481592.207721522
3922,9481592.209254265
3923,9481592.210179666
3924,9481592.169462321
3925,9481592.200799072
3926,9481592.16871603
3927,9481592.149703503
3928,9481592.194662014
3929,9481592.198074618
3930,9481592.182338936
3931,9481592.193508392
3932,9481592.208316054
3933,9481592.16981221
3934,9481592.177299814
3935,9481592.181072636
3936,9481592.197444085
3937,9481592.174691407
3938,9481592.186275475
3939,9481592.221288506
3940,9481592.203133335
3941,9481592.216843273
3942,9481592.200993598
3943,9481592.216721803
3944,9481592.207269393
3945,9481592.190882174
3946,9481592.209685443
3947,9481592.166618938
3948,9481592.233232709
3949,9481592.164501546
3950,9481592.170093417
3951,9481592.158714613
3952,9481592.172228819
3953,9481592.179518072
3954,9481592.196522063
3955,9481592.183720928
3956,9481592.20646978
3957,9481592.218672566
3958,9481592.205700034
3959,9481592.203929637
3960,9481592.190731179
3961,9481592.205483824
3962,9481592.208626278
3963,9481592.208992481
3964,9481592.177866692
3965,9481592.204142487
3966,9481592.210626189
3967,9481592.211726146
3968,9481592.192828247
3969,9481592.2067927
3970,9481592.191944672
3971,9481592.206549311
3972,9481592.189025247
3973,9481592.215366945
3974,9481592.191923484
3975,9481592.183617722
3976,9481592.203022396
3977,9481592.206999442
3978,9481592.194299528
3979,9481592.21213316
3980,9481592.196412727
3981,9481592.196847215
3982,9481592.172093436
3983,9481592.174899992
3984,9481592.201422961
3985,9481592.198293803
3986,9481592.172836293
3987,9481592.213112086
3988,9481592.208465943
3989,9481592.192840645
3990,9481592.196307167
3991,9481592.230006987
3992,9481592.175165234
3993,9481592.199777061
3994,9481592.188247237
3995,9481592.205380283
3996,9481592.22449325
3997,9481592.183708645
3998,9481592.176707085
3999,9481592.220046775
4000,9481592.199040826
4001,9481592.202852756
4002,9481592.220617613
4003,9481592.217669921
4004,9481592.165348554
4005,9481592.181313591
4006,9481592.204499654
4007,9481592.210805004
4008,9481592.221880974
4009,9481592.191879887
4010,9481592.207679674
4011,9481592.200044142
4012,9481592.209480044
4013,9481592.223113712
4014,9481592.220066236
4015,9481592.203786425
4016,9481592.192425651
4017,9481592.213939168
4018,9481592.193467792
4019,9481592.185435718
4020,9481592.154719112
4021,9481592.194489494
4022,9481592.174527435
4023,9481592.211513255
4024,9481592.183477981
4025,9481592.194691608
4026,9481592.191611182
4027,9481592.184608646
4028,9481592.182049045
4029,9481592.192819249
4030,9481592.189339958
4031,9481592.21546735
4032,9481592.156597646
4033,9481592.194823684
4034,9481592.255929353
4035,9481592.21410752
4036,9481592.196994958
4037,9481592.203738254
4038,9481592.179501176
4039,9481592.227366949
4040,9481592.190741418
4041,9481592.197529389
4042,9481592.203603804
4043,9481592.212683592
4044,9481592.191416115
4045,9481592.196380425
4046,9481592.191751873
4047,9481592.187876005
4048,9481592.212087331
4049,9481592.194674522
4050,9481592.213807775
4051,9481592.19746188
4052,9481592.193444336
4053,9481592.156760426
4054,9481592.170361139
4055,9481592.17971536
4056,9481592.188038876
4057,9481592.206748597
4058,9481592.205961518
4059,9481592.167886946
4060,9481592.181449808
4061,9481592.201350896
4062,9481592.157024126
4063,9481592.219039263
4064,9481592.258093461
4065,9481592.217025073
4066,9481592.193052718
4067,9481592.223924043
4068,9481592.195585134
4069,9481592.203977743
4070,9481592.220704574
4071,9481592.178680617
4072,9481592.150418315
4073,9481592.198881464
4074,9481592.193259541
4075,9481592.215122959
4076,9481592.17777544
4077,9481592.185459878
4078,9481592.166336957
4079,9481592.208040899
4080,9481592.16979377
4081,9481592.19766696
4082,9481592.197990455
4083,9481592.227596931
4084,9481592.167431455
4085,9481592.21504299
4086,9481592.205298247
4087,9481592.204056814
4088,9481592.188393895
4089,9481592.189863775
4090,9481592.218231034
4091,9481592.203103807
4092,9481592.176321158
4093,9481592.215202782
4094,9481592.200892236
4095,9481592.198170466
4096,9481592.19926545
4097,9481592.210909165
4098,9481592.226157334
4099,9481592.16786161
4100,9481592.190074537
4101,9481592.18900132
4102,9481592.216966989
4103,9481592.15490766
4104,9481592.184841592
4105,9481592.196143284
4106,9481592.17398308
4107,9481592.174960298
4108,9481592.181953408
4109,9481592.187476238
4110,9481592.200032422
4111,9481592.192169493
4112,9481592.206079155
4113,9481592.170994444
4114,9481592.216861326
4115,9481592.185080476
4116,9481592.192971984
4117,9481592.20138583
4118,9481592.19609481
4119,9481592.19440358
4120,9481592.171604441
4121,9481592.190757457
4122,9481592.17252494
4123,9481592.218248598
4124,9481592.188601796
4125,9481592.186856918
4126,9481592.200509556
4127,9481592.203834716
4128,9481592.198340211
4129,9481592.182876214
4130,9481592.185046373
4131,9481592.197679954
4132,9481592.211059427
4133,9481592.201343635
4134,9481592.184902724
4135,9481592.202231763
4136,9481592.186616419
4137,9481592.1729527
4138,9481592.216181155
4139,9481592.206528233
4140,9481592.204767337
4141,9481592.212510316
4142,9481592.208809413
4143,9481592.180568611
4144,9481592.192570187
4145,9481592.167497726
4146,9481592.208153728
4147,9481592.207350317
4148,9481592.209943298
4149,9481592.196918124
4150,9481592.183330977
4151,9481592.215937598
4152,9481592.212370297
4153,9481592.187238632
4154,9481592.189855218
4155,9481592.20927955
4156,9481592.208598368
4157,9481592.20624187
4158,9481592.22033086
4159,9481592.199276546
4160,9481592.200799394
4161,9481592.239404388
4162,9481592.177649405
4163,9481592.187136509
4164,9481592.195107505
4165,9481592.188710786
4166,9481592.202623144
4167,9481592.207968624
4168,9481592.171181297
4169,9481592.220628921
4170,9481592.184277015
4171,9481592.196673498
4172,9481592.198385706
4173,9481592.192378959
4174,9481592.171528291
4175,9481592.213864826
4176,9481592.173506161
4177,9481592.182158377
4178,9481592.206051894
4179,9481592.194136368
4180,9481592.213472206
4181,9481592.158060856
4182,9481592.191066885
4183,9481592.198033271
4184,9481592.204187488
4185,9481592.198429694
4186,9481592.20369122
4187,9481592.201275865
4188,9481592.219718905
4189,9481592.199150661
4190,9481592.17782197
4191,9481592.20390871
4192,9481592.210516317
4193,9481592.210844772
4194,9481592.18753945
4195,9481592.179543331
4196,9481592.195558805
4197,9481592.225844221
4198,9481592.190758966
4199,9481592.207819112
4200,9481592.176863356
4201,9481592.19222293
4202,9481592.209147584
4203,9481592.198870504
4204,9481592.224273134
4205,9481592.194170298
4206,9481592.19680843
4207,9481592.21009272
4208,9481592.199907003
4209,9481592.177454593
4210,9481592.189724948
4211,9481592.155053128
4212,9481592.20585179
4213,9481592.201302808
4214,9481592.184176903
4215,9481592.199912522
4216,9481592.209725909
4217,9481592.185435163
4218,9481592.192912275
4219,9481592.182487156
4220,9481592.215807157
4221,9481592.201827733
4222,9481592.19412142
4223,9481592.184090864
4224,9481592.207868
4225,9481592.192803796
4226,9481592.180106211
4227,9481592.181594556
4228,9481592.19166718
4229,9481592.185789302
4230,9481592.19540256
4231,9481592.186957838
4232,9481592.219217552
4233,9481592.184211586
4234,9481592.1932693
4235,9481592.208851736
4236,9481592.19534814
4237,9481592.224071575
4238,9481592.216985226
4239,9481592.20397635
4240,9481592.210079148
4241,9481592.18332252
4242,9481592.21713653
4243,9481592.169759434
4244,9481592.20544801
4245,9481592.205991669
4246,9481592.204537746
4247,9481592.201684251
4248,9481592.195102688
4249,9481592.182260526
4250,9481592.188306313
4251,9481592.208066866
4252,9481592.205902599
4253,9481592.204340681
4254,9481592.212586913
4255,9481592.2006427
4256,9481592.224920293
4257,9481592.180673538
4258,9481592.197556246
4259,9481592.193077879
4260,9481592.205036504
4261,9481592.217012681
4262,9481592.18654005
4263,9481592.174430612
4264,9481592.205227306
4265,9481592.203585705
4266,9481592.200373475
4267,9481592.20583199
4268,9481592.212099716
4269,9481592.196212118
4270,9481592.207044063
4271,9481592.194371082
4272,9481592.174921624
4273,9481592.212864058
4274,9481592.215971457
4275,9481592.187945558
4276,9481592.21358486
4277,9481592.184731396
4278,9481592.203055952
4279,9481592.204965074
4280,9481592.207315408
4281,9481592.202008469
4282,9481592.202390552
4283,9481592.190495808
4284,9481592.173957491
4285,9481592.18638298
4286,9481592.179560289
4287,9481592.184616541
4288,9481592.190071052
4289,9481592.176125
4290,9481592.186775295
4291,9481592.221759012
4292,9481592.184552843
4293,9481592.22379634
4294,9481592.216543823
4295,9481592.210406002
4296,9481592.195419755
4297,9481592.186980318
4298,9481592.190528197
4299,9481592.197233751
4300,9481592.19037405
4301,9481592.205146376
4302,9481592.19849419
4303,9481592.198018933
4304,9481592.191278271
4305,9481592.19729678
4306,9481592.173478995
4307,9481592.205472775
4308,9481592.220828475
4309,9481592.19025757
4310,9481592.203478765
4311,9481592.17354432
4312,9481592.19606817
4313,9481592.210654212
4314,9481592.19589326
4315,9481592.195042338
4316,9481592.208695231
4317,9481592.186052259
4318,9481592.212344564
4319,9481592.214017473
4320,9481592.19678395
4321,9481592.177637078
4322,9481592.175957657
4323,9481592.187532686
4324,9481592.191119615
4325,9481592.198939217
4326,9481592.206842393
4327,9481592.200655084
4328,9481592.194216497
4329,9481592.218661772
4330,9481592.190745924
4331,9481592.194568304
4332,9481592.210740324
4333,9481592.186347347
4334,9481592.210137734
4335,9481592.20523609
4336,9481592.171913257
4337,9481592.185857855
4338,9481592.188676933
4339,9481592.215851743
4340,9481592.200977646
4341,9481592.206799768
4342,9481592.207129734
4343,9481592.196766391
4344,9481592.17904788
4345,9481592.208578862
4346,9481592.194976944
4347,9481592.192577008
4348,9481592.209942661
4349,9481592.199849764
4350,9481592.205321243
4351,9481592.19435431
4352,9481592.214904835
4353,9481592.212488212
4354,9481592.208258273
4355,9481592.195668133
4356,9481592.223629884
4357,9481592.196027236
4358,9481592.22138845
4359,9481592.205191454
4360,9481592.184167365
4361,9481592.209819742
4362,9481592.190570222
4363,9481592.194281116
4364,9481592.216306485
4365,9481592.181720115
4366,9481592.204002094
4367,9481592.206001919
4368,9481592.190522306
4369,9481592.206530564
4370,9481592.20021749
4371,9481592.196980925
4372,9481592.196584653
4373,9481592.177693201
4374,9481592.166412374
4375,9481592.20939179
4376,9481592.190674542
4377,9481592.200379865
4378,9481592.201698525
4379,9481592.198677545
4380,9481592.18701602
4381,9481592.194944452
4382,9481592.179040536
4383,9481592.195122015
4384,9481592.197053794
4385,9481592.197053796
4386,6372076.206846371
4387,6372076.20684637
4388,6372076.206846367
4389,6372076.206846373
4390,6372076.206846371
4391,6372076.206846373
4392,6372076.206846376
4393,6372076.2068463685
4394,6372076.20684636
4395,6372076.206846374
4396,6372076.2068463685
4397,6372076.2096812455
4398,6372076.218045748
4399,6372076.199074581
4400,6372076.196857772
4401,6372076.198770603
4402,6372076.19709334
4403,6372076.199603613
4404,6372076.219107819
4405,6372076.204302367
4406,6372076.217311237
4407,6372076.201149895
4408,6372076.196706895
4409,6372076.216583629
4410,6372076.196261905
4411,6372076.2080065245
4412,6372076.215580895
4413,6372076.204605086
4414,6372076.214362148
4415,6372076.2042691205
4416,6372076.209994649
4417,6372076.194208159
4418,6372076.211361245
4419,6372076.197770583
4420,6372076.190967264
4421,6372076.2015515
4422,6372076.214276982
4423,6372076.209078001
4424,6372076.2092689
4425,6372076.213012654
4426,6372076.199827456
4427,6372076.210001487
4428,6372076.205244196
4429,6372076.205846088
4430,6372076.216365553
4431,6372076.206990185
4432,6372076.212082355
4433,6372076.205443929
4434,6372076.228329322
4435,6372076.226936981
4436,6372076.204084176
4437,6372076.206759792
4438,6372076.195477116
4439,6372076.197595413
4440,6372076.2130278135
4441,6372076.209674866
4442,6372076.21432613
4443,6372076.194587886
4444,6372076.213508269
4445,6372076.2011325015
4446,6372076.218381395
4447,6372076.219294388
4448,6372076.20739764
4449,6372076.201922631
4450,6372076.200775053
4451,6372076.20712325
4452,6372076.206360963
4453,6372076.210242409
4454,6372076.192188204
4455,6372076.214027373
4456,6372076.215832615
4457,6372076.205112144
4458,6372076.213038809
4459,6372076.215477351
4460,6372076.199783336
4461,6372076.206473474
4462,6372076.203828072
4463,6372076.199179941
4464,6372076.21576466
4465,6372076.198518698
4466,6372076.223169276
4467,6372076.213112477
4468,6372076.21158312
4469,6372076.207936697
4470,6372076.211651561
4471,6372076.210302933
4472,6372076.21469589
4473,6372076.195787162
4474,6372076.205136182
4475,6372076.21165764
4476,6372076.200570718
4477,6372076.216204633
4478,6372076.189220967
4479,6372076.201432965
4480,6372076.20628958
4481,6372076.206280734
4482,6372076.216706887
4483,6372076.211231599
4484,6372076.198266942
4485,6372076.196949567
4486,6372076.213740826
4487,6372076.201737475
4488,6372076.199899232
4489,6372076.21289149
4490,6372076.2003668975
4491,6372076.192261637
4492,6372076.2197944345
4493,6372076.204229609
4494,6372076.21852464
4495,6372076.201673824
4496,6372076.199627405
4497,6372076.1994637875
4498,6372076.214043198
4499,6372076.18748938
4500,6372076.200224627
4501,6372076.210325388
4502,6372076.195452872
4503,6372076.208340912
4504,6372076.219019903
4505,6372076.2060463205
4506,6372076.194374511
4507,6372076.212808675
4508,6372076.214576072
4509,6372076.209695826
4510,6372076.205862685
4511,6372076.217039719
4512,6372076.224792035
4513,6372076.195333559
4514,6372076.214506993
4515,6372076.215016049
4516,6372076.216074275
4517,6372076.213737159
4518,6372076.203719845
4519,6372076.209461047
4520,6372076.223023613
4521,6372076.216093985
4522,6372076.213999693
4523,6372076.212759549
4524,6372076.198946416
4525,6372076.210467496
4526,6372076.202669
4527,6372076.205705504
4528,6372076.209965681
4529,6372076.198667128
4530,6372076.209754084
4531,6372076.205853938
4532,6372076.211902304
4533,6372076.207324943
4534,6372076.19921995
4535,6372076.203894129
4536,6372076.206002817
4537,6372076.2117283335
4538,6372076.220891284
4539,6372076.217172082
4540,6372076.21114361
4541,6372076.214647227
4542,6372076.199271915
4543,6372076.199020726
4544,6372076.204700804
4545,6372076.205613166
4546,6372076.199148779
4547,6372076.206473547
4548,6372076.2110713
4549,6372076.199484662
4550,6372076.213269776
4551,6372076.20758082
4552,6372076.219468136
4553,6372076.2060837755
4554,6372076.21713012
4555,6372076.216327634
4556,6372076.199070183
4557,6372076.198966608
4558,6372076.1998449275
4559,6372076.195880217
4560,6372076.205611575
4561,6372076.216413261
4562,6372076.198850145
4563,6372076.20809447
4564,6372076.213981394
4565,6372076.20438693
4566,6372076.217038664
4567,6372076.2069196915
4568,6372076.208359999
4569,6372076.2170160925
4570,6372076.204757222
4571,6372076.201327982
4572,6372076.216450053
4573,6372076.209078613
4574,6372076.216260005
4575,6372076.2106429925
4576,6372076.204458879
4577,6372076.220123346
4578,6372076.195960591
4579,6372076.209466012
4580,6372076.214957989
4581,6372076.201196506
4582,6372076.216279774
4583,6372076.20122549
4584,6372076.199314587
4585,6372076.212625105
4586,6372076.203033292
4587,6372076.212410461
4588,6372076.22370875
4589,6372076.189797968
4590,6372076.202320902
4591,6372076.199046623
4592,6372076.20443197
4593,6372076.199609634
4594,6372076.198684879
4595,6372076.213297451
4596,6372076.20032993
4597,6372076.20402365
4598,6372076.219496999
4599,6372076.202191858
4600,6372076.212094173
4601,6372076.2163754795
4602,6372076.210865071
4603,6372076.205360887
4604,6372076.190919027
4605,6372076.208424487
4606,6372076.21269094
4607,6372076.21995708
4608,6372076.186680885
4609,6372076.208291732
4610,6372076.209446274
4611,6372076.194325564
4612,6372076.21276829
4613,6372076.1981547875
4614,6372076.198955341
4615,6372076.220893139
4616,6372076.219904957
4617,6372076.220566283
4618,6372076.209073377
4619,6372076.21177986
4620,6372076.2026634915
4621,6372076.207216727
4622,6372076.197313638
4623,6372076.208337608
4624,6372076.205276652
4625,6372076.21117702
4626,6372076.210317729
4627,6372076.213490616
4628,6372076.204862969
4629,6372076.2069742
4630,6372076.204554449
4631,6372076.205497058
4632,6372076.210782429
4633,6372076.213999429
4634,6372076.2059673155
4635,6372076.214495994
4636,6372076.2243388975
4637,6372076.200921824
4638,6372076.2051717825
4639,6372076.21767544
4640,6372076.201160878
4641,6372076.221811199
4642,6372076.212098501
4643,6372076.195608566
4644,6372076.200068948
4645,6372076.208110532
4646,6372076.20672857
4647,6372076.20930659
4648,6372076.222641577
4649,6372076.184878697
4650,6372076.210674945
4651,6372076.209442046
4652,6372076.196936898
4653,6372076.205022171
4654,6372076.21127575
4655,6372076.205549217
4656,6372076.215122124
4657,6372076.196524374
4658,6372076.197949531
4659,6372076.200180189
4660,6372076.205481468
4661,6372076.206224774
4662,6372076.217061085
4663,6372076.207369163
4664,6372076.202027181
4665,6372076.201895642
4666,6372076.200166492
4667,6372076.205537564
4668,6372076.205476763
4669,6372076.2095491905
4670,6372076.219992507
4671,6372076.196361512
4672,6372076.207063345
4673,6372076.208482619
4674,6372076.218539966
4675,6372076.204257673
4676,6372076.2028293405
4677,6372076.208571583
4678,6372076.184675189
4679,6372076.209956414
4680,6372076.199914606
4681,6372076.1921177525
4682,6372076.188671317
4683,6372076.196092972
4684,6372076.1893318305
4685,6372076.213892621
4686,6372076.202097876
4687,6372076.202954354
4688,6372076.20618364
4689,6372076.217501135
4690,6372076.204668359
4691,6372076.201411443
4692,6372076.214965602
4693,6372076.216847677
4694,6372076.204022377
4695,6372076.20102665
4696,6372076.209279263
4697,6372076.207893573
4698,6372076.208941341
4699,6372076.207232885
4700,6372076.204796876
4701,6372076.2069778675
4702,6372076.2028648
4703,6372076.207125079
4704,6372076.221549147
4705,6372076.203315774
4706,6372076.205175366
4707,6372076.203549253
4708,6372076.215257351
4709,6372076.200869404
4710,6372076.208832011
4711,6372076.213923447
4712,6372076.207872533
4713,6372076.197818667
4714,6372076.20116618
4715,6372076.2061007
4716,6372076.2033881545
4717,6372076.201945573
4718,6372076.20703421
4719,6372076.2094888445
4720,6372076.213936492
4721,6372076.20416114
4722,6372076.227003124
4723,6372076.189935396
4724,6372076.211580368
4725,6372076.200549887
4726,6372076.215621666
4727,6372076.21993177
4728,6372076.207914663
4729,6372076.186366603
4730,6372076.210856839
4731,6372076.215398355
4732,6372076.199036248
4733,6372076.215226944
4734,6372076.21586445
4735,6372076.199184998
4736,6372076.193902932
4737,6372076.204630221
4738,6372076.214098042
4739,6372076.20686098
4740,6372076.204253513
4741,6372076.199170127
4742,6372076.218092323
4743,6372076.209906597
4744,6372076.211204601
4745,6372076.2211650405
4746,6372076.216980702
4747,6372076.201954775
4748,6372076.212453327
4749,6372076.205179081
4750,6372076.193829811
4751,6372076.180097729
4752,6372076.204868896
4753,6372076.18992171
4754,6372076.217026759
4755,6372076.191393191
4756,6372076.205806647
4757,6372076.202848798
4758,6372076.198973489
4759,6372076.2127111815
4760,6372076.205073813
4761,6372076.190295978
4762,6372076.208066836
4763,6372076.200555975
4764,6372076.2103281515
4765,6372076.223423928
4766,6372076.217817579
4767,6372076.201392904
4768,6372076.210989081
4769,6372076.2066325005
4770,6372076.216033302
4771,6372076.190477102
4772,6372076.208090944
4773,6372076.203419481
4774,6372076.22022559
4775,6372076.214083386
4776,6372076.200173468
4777,6372076.197552322
4778,6372076.194606497
4779,6372076.207210483
4780,6372076.203006928
4781,6372076.2060539955
4782,6372076.2058645245
4783,6372076.201383816
4784,6372076.187406845
4785,6372076.1893050065
4786,6372076.2001109235
4787,6372076.204712466
4788,6372076.216983697
4789,6372076.213196147
4790,6372076.203403181
4791,6372076.197915812
4792,6372076.21514894
4793,6372076.2012009565
4794,6372076.214264919
4795,6372076.225772622
4796,6372076.224529695
4797,6372076.205409773
4798,6372076.213915615
4799,6372076.208595226
4800,6372076.2098960485
4801,6372076.211805316
4802,6372076.212636614
4803,6372076.181575901
4804,6372076.213336593
4805,6372076.206918439
4806,6372076.211054233
4807,6372076.204830155
4808,6372076.199887888
4809,6372076.198820484
4810,6372076.222802293
4811,6372076.203491439
4812,6372076.209205959
4813,6372076.216335885
4814,6372076.219774724
4815,6372076.195166655
4816,6372076.223695846
4817,6372076.209073577
4818,6372076.216160354
4819,6372076.211498315
4820,6372076.204408186
4821,6372076.21022416
4822,6372076.21253873
4823,6372076.20208236
4824,6372076.215108828
4825,6372076.210504759
4826,6372076.206379825
4827,6372076.203955445
4828,6372076.212752475
4829,6372076.211609483
4830,6372076.19087329
4831,6372076.208924403
4832,6372076.196103026
4833,6372076.209865681
4834,6372076.192501343
4835,6372076.206478787
4836,6372076.203939585
4837,6372076.1978702005
4838,6372076.208111718
4839,6372076.192859569
4840,6372076.197114111
4841,6372076.209019379
4842,6372076.201025236
4843,6372076.2035711575
4844,6372076.196688104
4845,6372076.210254039
4846,6372076.205356901
4847,6372076.210172
4848,6372076.211174485
4849,6372076.2078593215
4850,6372076.20252117
4851,6372076.194828272
4852,6372076.202628991
4853,6372076.199210523
4854,6372076.206075592
4855,6372076.194397079
4856,6372076.197999627
4857,6372076.207996999
4858,6372076.209878036
4859,6372076.205796663
4860,6372076.206180888
4861,6372076.205797599
4862,6372076.210931592
4863,6372076.213163786
4864,6372076.20219907
4865,6372076.21522279
4866,6372076.212906483
4867,6372076.208620168
4868,6372076.209939932
4869,6372076.212504328
4870,6372076.229016825
4871,6372076.210870795
4872,6372076.205713919
4873,6372076.214610985
4874,6372076.196703736
4875,6372076.208767707
4876,6372076.196095918
4877,6372076.207897128
4878,6372076.201791647
4879,6372076.201939558
4880,6372076.217740942
4881,6372076.199156263
4882,6372076.226191686
4883,6372076.213549873
4884,6372076.198947618
4885,6372076.214439059
4886,6372076.206256324
4887,6372076.212810105
4888,6372076.2018932095
4889,6372076.215888668
4890,6372076.207120025
4891,6372076.207742945
4892,6372076.2172847735
4893,6372076.19031489
4894,6372076.20509075
4895,6372076.211051327
4896,6372076.20823683
4897,6372076.201301032
4898,6372076.207858783
4899,6372076.21437499
4900,6372076.214087568
4901,6372076.196021591
4902,6372076.210780168
4903,6372076.207376894
4904,6372076.209936992
4905,6372076.19739957
4906,6372076.208335203
4907,6372076.200031819
4908,6372076.198325243
4909,6372076.210100325
4910,6372076.198978933
4911,6372076.226652421
4912,6372076.187983258
4913,6372076.206264351
4914,6372076.212723736
4915,6372076.201651068
4916,6372076.2094289325
4917,6372076.211250669
4918,6372076.215378185
4919,6372076.207913827
4920,6372076.1998613
4921,6372076.201179835
4922,6372076.19790848
4923,6372076.2148097735
4924,6372076.207076829
4925,6372076.205514945
4926,6372076.198066724
4927,6372076.204389167
4928,6372076.200844418
4929,6372076.205690756
4930,6372076.206908453
4931,6372076.198163344
4932,6372076.201134175
4933,6372076.210564467
4934,6372076.205556159
4935,6372076.2186503885
4936,6372076.204737426
4937,6372076.199664982
4938,6372076.2154011745
4939,6372076.216517261
4940,6372076.209931892
4941,6372076.196985883
4942,6372076.192965316
4943,6372076.208587021
4944,6372076.201299153
4945,6372076.204101106
4946,6372076.201873612
4947,6372076.214740114
4948,6372076.200623102
4949,6372076.217724364
4950,6372076.2029576525
4951,6372076.198182859
4952,6372076.208593535
4953,6372076.208658979
4954,6372076.195158524
4955,6372076.210676174
4956,6372076.211339089
4957,6372076.2024672935
4958,6372076.219307217
4959,6372076.208855263
4960,6372076.194029822
4961,6372076.195606667
4962,6372076.203544339
4963,6372076.219918885
4964,6372076.2032157695
4965,6372076.20162227
4966,6372076.206642542
4967,6372076.206574332
4968,6372076.211754755
4969,6372076.205745034
4970,6372076.203089146
4971,6372076.224671493
4972,6372076.2012575865
4973,6372076.218723333
4974,6372076.201880327
4975,6372076.209621567
4976,6372076.216046158
4977,6372076.203057843
4978,6372076.206354368
4979,6372076.205747137
4980,6372076.203151913
4981,6372076.20406501
4982,6372076.218100308
4983,6372076.209773401
4984,6372076.216123668
4985,6372076.223521397
4986,6372076.203753555
4987,6372076.218727142
4988,6372076.209116683
4989,6372076.209061026
4990,6372076.206915711
4991,6372076.218206823
4992,6372076.216852064
4993,6372076.203048758
4994,6372076.202929428
4995,6372076.214474311
4996,6372076.206900134
4997,6372076.205084504
4998,6372076.21650031
4999,6372076.212229132
5000,6372076.209415397
5001,6372076.210766753
5002,6372076.209900576
5003,6372076.20877794
5004,6372076.210888805
5005,6372076.211260615
5006,6372076.205687573
5007,6372076.208401889
5008,6372076.19933549
5009,6372076.21026287
5010,6372076.211391087
5011,6372076.201838154
5012,6372076.202415528
5013,6372076.216766203
5014,6372076.202410726
5015,6372076.209962076
5016,6372076.197905278
5017,6372076.202845792
5018,6372076.205623053
5019,6372076.204639922
5020,6372076.198625635
5021,6372076.195448251
5022,6372076.219099579
5023,6372076.2019885555
5024,6372076.214766876
5025,6372076.219114584
5026,6372076.210576408
5027,6372076.207956496
5028,6372076.201988939
5029,6372076.209178273
5030,6372076.2159436485
5031,6372076.201169477
5032,6372076.205589433
5033,6372076.20943025
5034,6372076.202639859
5035,6372076.204450645
5036,6372076.211923219
5037,6372076.194354063
5038,6372076.213456034
5039,6372076.217329887
5040,6372076.208913323
5041,6372076.211179522
5042,6372076.1813424
5043,6372076.208586412
5044,6372076.212566488
5045,6372076.2026634505
5046,6372076.203606438
5047,6372076.20289188
5048,6372076.219771471
5049,6372076.218499696
5050,6372076.21978006
5051,6372076.208092547
5052,6372076.20156066
5053,6372076.19499669
5054,6372076.199157044
5055,6372076.201265321
5056,6372076.207318911
5057,6372076.203476577
5058,6372076.201169624
5059,6372076.205695645
5060,6372076.210827477
5061,6372076.203497545
5062,6372076.208214795
5063,6372076.206431625
5064,6372076.2108996445
5065,6372076.213335012
5066,6372076.207305023
5067,6372076.1936500035
5068,6372076.203823899
5069,6372076.210609418
5070,6372076.2135107685
5071,6372076.207744527
5072,6372076.217483384
5073,6372076.209783992
5074,6372076.212529044
5075,6372076.204154531
5076,6372076.223207504
5077,6372076.209957099
5078,6372076.211649753
5079,6372076.2133726105
5080,6372076.215265208
5081,6372076.216791839
5082,6372076.205329946
5083,6372076.214902694
5084,6372076.21926745
5085,6372076.205971045
5086,6372076.204216128
5087,6372076.221842274
5088,6372076.207537401
5089,6372076.201777262
5090,6372076.213070235
5091,6372076.201363081
5092,6372076.216527932
5093,6372076.204498045
5094,6372076.205953904
5095,6372076.215370587
5096,6372076.192044029
5097,6372076.210288833
5098,6372076.213280523
5099,6372076.21240999
5100,6372076.210540714
5101,6372076.206588095
5102,6372076.208034411
5103,6372076.200717926
5104,6372076.203349771
5105,6372076.189017203
5106,6372076.219482128
5107,6372076.20954964
5108,6372076.197630558
5109,6372076.208212667
5110,6372076.2169664195
5111,6372076.203681112
5112,6372076.207978567
5113,6372076.199040356
5114,6372076.2106173495
5115,6372076.206846371
5116,6372076.206846371
5117,4333973.381055363
5118,4333973.381055365
5119,4333973.381055364
5120,4333973.381055362
5121,4333973.381055364
5122,4333973.381055367
5123,4333973.381055363
5124,4333973.381055363
5125,4333973.381055365
5126,4333973.381055366
5127,4333973.381055368
5128,4333973.379839223
5129,4333973.389794916
5130,4333973.374107082
5131,4333973.373520725
5132,4333973.385092258
5133,4333973.369198261
5134,4333973.379273793
5135,4333973.389206881
5136,4333973.381948762
5137,4333973.382662737
5138,4333973.380160801
5139,4333973.380950725
5140,4333973.385437666
5141,4333973.377770778
5142,4333973.390856282
5143,4333973.373591911
5144,4333973.385178866
5145,4333973.385035058
5146,4333973.381836041
5147,4333973.380151974
5148,4333973.366775372
5149,4333973.381664589
5150,4333973.37905161
5151,4333973.37863712
5152,4333973.381699132
5153,4333973.379914086
5154,4333973.381484173
5155,4333973.380482362
5156,4333973.385261001
5157,4333973.371240275
5158,4333973.385359921
5159,4333973.380795459
5160,4333973.386655014
5161,4333973.384425446
5162,4333973.383163822
5163,4333973.375642808
5164,4333973.383098449
5165,4333973.390407313
5166,4333973.384080749
5167,4333973.380137042
5168,4333973.380306321
5169,4333973.37779927
5170,4333973.379930119
5171,4333973.385219399
5172,4333973.379546077
5173,4333973.382731369
5174,4333973.371804712
5175,4333973.387552515
5176,4333973.383068166
5177,4333973.3867139295
5178,4333973.381273061
5179,4333973.378857396
5180,4333973.380302651
5181,4333973.378527879
5182,4333973.380353051
5183,4333973.380879916
5184,4333973.381176274
5185,4333973.372214597
5186,4333973.381957159
5187,4333973.3806228135
5188,4333973.37967941
5189,4333973.384629348
5190,4333973.384359331
5191,4333973.380339625
5192,4333973.382249338
5193,4333973.372392849
5194,4333973.380662377
5195,4333973.382460284
5196,4333973.375208587
5197,4333973.384165285
5198,4333973.381292009
5199,4333973.383386516
5200,4333973.376450428
5201,4333973.3803823525
5202,4333973.379646305
5203,4333973.3887979435
5204,4333973.378897715
5205,4333973.383365771
5206,4333973.373432362
5207,4333973.376286739
5208,4333973.391475044
5209,4333973.375632267
5210,4333973.374878777
5211,4333973.381703361
5212,4333973.379445715
5213,4333973.383808689
5214,4333973.379900386
5215,4333973.376473203
5216,4333973.375636842
5217,4333973.382580438
5218,4333973.371996237
5219,4333973.372316152
5220,4333973.373963439
5221,4333973.379793678
5222,4333973.374048964
5223,4333973.384211454
5224,4333973.376616949
5225,4333973.390231062
5226,4333973.381988028
5227,4333973.379497734
5228,4333973.379976312
5229,4333973.385545499
5230,4333973.3727981895
5231,4333973.38043133
5232,4333973.383866682
5233,4333973.379537429
5234,4333973.3885958465
5235,4333973.388347206
5236,4333973.385824389
5237,4333973.378195679
5238,4333973.376517219
5239,4333973.386875183
5240,4333973.3833255805
5241,4333973.382357471
5242,4333973.38496482
5243,4333973.386219686
5244,4333973.379728365
5245,4333973.385375759
5246,4333973.388910927
5247,4333973.387939973
5248,4333973.389699921
5249,4333973.384567827
5250,4333973.380634521
5251,4333973.386748132
5252,4333973.379156557
5253,4333973.388797603
5254,4333973.379768246
5255,4333973.375083411
5256,4333973.385303714
5257,4333973.378038504
5258,4333973.379696347
5259,4333973.381004295
5260,4333973.376476414
5261,4333973.383093426
5262,4333973.376341302
5263,4333973.383208251
5264,4333973.385854891
5265,4333973.377157263
5266,4333973.383503448
5267,4333973.384003079
5268,4333973.377146578
5269,4333973.384051819
5270,4333973.384722276
5271,4333973.382098903
5272,4333973.384409066
5273,4333973.382422981
5274,4333973.3773031775
5275,4333973.384429501
5276,4333973.3812025925
5277,4333973.376914244
5278,4333973.385655167
5279,4333973.3784217825
5280,4333973.379429922
5281,4333973.384359833
5282,4333973.3799087005
5283,4333973.388153657
5284,4333973.386971234
5285,4333973.38841315
5286,4333973.384093874
5287,4333973.377198609
5288,4333973.38191208
5289,4333973.382575065
5290,4333973.372426772
5291,4333973.383183979
5292,4333973.386446484
5293,4333973.3772001695
5294,4333973.376186694
5295,4333973.389186799
5296,4333973.377599566
5297,4333973.388631508
5298,4333973.378244907
5299,4333973.374542403
5300,4333973.383511712
5301,4333973.378598074
5302,4333973.38333354
5303,4333973.379054068
5304,4333973.382741959
5305,4333973.3837108845
5306,4333973.384628136
5307,4333973.383344215
5308,4333973.389243977
5309,4333973.377787719
5310,4333973.38418706
5311,4333973.387988472
5312,4333973.378465096
5313,4333973.383530198
5314,4333973.379522551
5315,4333973.375114475
5316,4333973.38096288
5317,4333973.37633475
5318,4333973.379419824
5319,4333973.388275381
5320,4333973.368681097
5321,4333973.384330474
5322,4333973.377128778
5323,4333973.379252794
5324,4333973.381064556
5325,4333973.376478562
5326,4333973.376535594
5327,4333973.376712535
5328,4333973.38041346
5329,4333973.393059954
5330,4333973.379561337
5331,4333973.377866796
5332,4333973.381912284
5333,4333973.379794337
5334,4333973.380269269
5335,4333973.375526045
5336,4333973.383156143
5337,4333973.379611787
5338,4333973.386153176
5339,4333973.37043772
5340,4333973.381750017
5341,4333973.393495771
5342,4333973.377195156
5343,4333973.389524612
5344,4333973.376664472
5345,4333973.375480894
5346,4333973.383476638
5347,4333973.391093389
5348,4333973.385583683
5349,4333973.379230567
5350,4333973.373947617
5351,4333973.3768195715
5352,4333973.382179856
5353,4333973.375622242
5354,4333973.381193902
5355,4333973.381183952
5356,4333973.385334809
5357,4333973.383183767
5358,4333973.38498469
5359,4333973.389404267
5360,4333973.386393537
5361,4333973.376157386
5362,4333973.381284516
5363,4333973.382521888
5364,4333973.381065877
5365,4333973.380246545
5366,4333973.385279356
5367,4333973.384410138
5368,4333973.375956601
5369,4333973.382831421
5370,4333973.38407997
5371,4333973.3711925745
5372,4333973.385901069
5373,4333973.379470901
5374,4333973.375134972
5375,4333973.38296509
5376,4333973.38068051
5377,4333973.382173125
5378,4333973.371322532
5379,4333973.378888289
5380,4333973.370633028
5381,4333973.385100494
5382,4333973.38275026
5383,4333973.372643561
5384,4333973.376597173
5385,4333973.381831853
5386,4333973.384749204
5387,4333973.384331822
5388,4333973.374772361
5389,4333973.378607545
5390,4333973.379204131
5391,4333973.380768071
5392,4333973.379835699
5393,4333973.38622852
5394,4333973.380215471
5395,4333973.379733595
5396,4333973.380903275
5397,4333973.378686273
5398,4333973.371282854
5399,4333973.38439911
5400,4333973.382572633
5401,4333973.3825656
5402,4333973.380122678
5403,4333973.379176913
5404,4333973.382527911
5405,4333973.381156367
5406,4333973.381516216
5407,4333973.373784686
5408,4333973.383265216
5409,4333973.372264434
5410,4333973.377648135
5411,4333973.380729998
5412,4333973.378483246
5413,4333973.378443026
5414,4333973.381944906
5415,4333973.370911026
5416,4333973.383605519
5417,4333973.377961807
5418,4333973.380558079
5419,4333973.378183847
5420,4333973.387318058
5421,4333973.37747962
5422,4333973.381696905
5423,4333973.387216644
5424,4333973.3829476265
5425,4333973.38069277
5426,4333973.38241009
5427,4333973.380973141
5428,4333973.377445474
5429,4333973.381741906
5430,4333973.379366782
5431,4333973.378231477
5432,4333973.378065067
5433,4333973.380760921
5434,4333973.380264567
5435,4333973.387135551
5436,4333973.3770853095
5437,4333973.375199497
5438,4333973.381421501
5439,4333973.37944
5440,4333973.38098714
5441,4333973.381035095
5442,4333973.381821489
5443,4333973.3842738485
5444,4333973.381256576
5445,4333973.375953598
5446,4333973.378908968
5447,4333973.381327602
5448,4333973.378887576
5449,4333973.383942182
5450,4333973.379267841
5451,4333973.394463017
5452,4333973.378553822
5453,4333973.386993099
5454,4333973.378207442
5455,4333973.381326113
5456,4333973.379882058
5457,4333973.377574542
5458,4333973.386834997
5459,4333973.386141473
5460,4333973.373421112
5461,4333973.377826747
5462,4333973.386140391
5463,4333973.375875623
5464,4333973.386364965
5465,4333973.384429699
5466,4333973.376598841
5467,4333973.381556697
5468,4333973.378098662
5469,4333973.385143784
5470,4333973.375109534
5471,4333973.379242699
5472,4333973.382581003
5473,4333973.388402868
5474,4333973.379374564
5475,4333973.37914446
5476,4333973.387695553
5477,4333973.380226518
5478,4333973.383871763
5479,4333973.381697645
5480,4333973.381743751
5481,4333973.375185203
5482,4333973.3666262375
5483,4333973.37886837
5484,4333973.371926365
5485,4333973.388610057
5486,4333973.372481988
5487,4333973.37410691
5488,4333973.374437435
5489,4333973.376857307
5490,4333973.387851463
5491,4333973.383085211
5492,4333973.366710695
5493,4333973.382810765
5494,4333973.38262252
5495,4333973.384016693
5496,4333973.380320562
5497,4333973.381908895
5498,4333973.3783768285
5499,4333973.383276517
5500,4333973.384625733
5501,4333973.378391345
5502,4333973.379848509
5503,4333973.383304494
5504,4333973.3799034385
5505,4333973.381172194
5506,4333973.389512839
5507,4333973.380292524
5508,4333973.3782132985
5509,4333973.378858717
5510,4333973.374584975
5511,4333973.378397647
5512,4333973.378708655
5513,4333973.380921286
5514,4333973.3803683445
5515,4333973.367375161
5516,4333973.373652205
5517,4333973.373248058
5518,4333973.382544546
5519,4333973.381801647
5520,4333973.380904631
5521,4333973.388572203
5522,4333973.378166808
5523,4333973.382873579
5524,4333973.384991279
5525,4333973.387991601
5526,4333973.382194578
5527,4333973.382659215
5528,4333973.381155124
5529,4333973.377958668
5530,4333973.387716318
5531,4333973.381973498
5532,4333973.38171616
5533,4333973.389487269
5534,4333973.374314061
5535,4333973.3871190455
5536,4333973.379048134
5537,4333973.382716556
5538,4333973.380144495
5539,4333973.384590158
5540,4333973.384705311
5541,4333973.392454579
5542,4333973.382423292
5543,4333973.378726962
5544,4333973.385997529
5545,4333973.383504129
5546,4333973.379983653
5547,4333973.381966235
5548,4333973.3795788735
5549,4333973.379561798
5550,4333973.389022259
5551,4333973.383428791
5552,4333973.385221683
5553,4333973.381129814
5554,4333973.383743444
5555,4333973.389121587
5556,4333973.383103892
5557,4333973.385577505
5558,4333973.377276501
5559,4333973.378542241
5560,4333973.380710908
5561,4333973.3827025285
5562,4333973.381549907
5563,4333973.376560638
5564,4333973.37941204
5565,4333973.381910311
5566,4333973.38821649
5567,4333973.379428853
5568,4333973.378695606
5569,4333973.387192827
5570,4333973.372395784
5571,4333973.377309422
5572,4333973.378661203
5573,4333973.383438441
5574,4333973.377405234
5575,4333973.376567635
5576,4333973.378791344
5577,4333973.375210507
5578,4333973.377349792
5579,4333973.394703006
5580,4333973.383419509
5581,4333973.377627158
5582,4333973.377140129
5583,4333973.383514067
5584,4333973.372578096
5585,4333973.381550363
5586,4333973.374036552
5587,4333973.370617786
5588,4333973.38036974
5589,4333973.381997155
5590,4333973.380582746
5591,4333973.3837474
5592,4333973.373327657
5593,4333973.388652277
5594,4333973.381979616
5595,4333973.381982994
5596,4333973.383780442
5597,4333973.379474683
5598,4333973.385152787
5599,4333973.385546227
5600,4333973.38488334
5601,4333973.392939436
5602,4333973.384315845
5603,4333973.378390806
5604,4333973.386343519
5605,4333973.375052439
5606,4333973.383615834
5607,4333973.3749223435
5608,4333973.379291359
5609,4333973.370538332
5610,4333973.373351527
5611,4333973.3893023515
5612,4333973.377598181
5613,4333973.389139411
5614,4333973.381367203
5615,4333973.38349963
5616,4333973.385516078
5617,4333973.380934943
5618,4333973.38376949
5619,4333973.377705802
5620,4333973.380683627
5621,4333973.379669923
5622,4333973.382024725
5623,4333973.379247418
5624,4333973.373782876
5625,4333973.387443097
5626,4333973.388441988
5627,4333973.382862374
5628,4333973.380083776
5629,4333973.3821374765
5630,4333973.386358764
5631,4333973.382904347
5632,4333973.379758337
5633,4333973.386577385
5634,4333973.382010964
5635,4333973.386506873
5636,4333973.377389395
5637,4333973.385656541
5638,4333973.38216045
5639,4333973.3754234025
5640,4333973.378183965
5641,4333973.380063478
5642,4333973.389975303
5643,4333973.379660022
5644,4333973.382417812
5645,4333973.391523534
5646,4333973.371314865
5647,4333973.37450566
5648,4333973.381355348
5649,4333973.386646588
5650,4333973.374865072
5651,4333973.377231791
5652,4333973.376372767
5653,4333973.375689712
5654,4333973.3822285
5655,4333973.377435538
5656,4333973.377712468
5657,4333973.3765473645
5658,4333973.375439628
5659,4333973.375375651
5660,4333973.375605008
5661,4333973.383841431
5662,4333973.374196589
5663,4333973.382020509
5664,4333973.3816836495
5665,4333973.379527823
5666,4333973.385911149
5667,4333973.373186396
5668,4333973.374527837
5669,4333973.388212854
5670,4333973.386435874
5671,4333973.385733004
5672,4333973.376293461
5673,4333973.384958833
5674,4333973.378799321
5675,4333973.378650343
5676,4333973.3789699515
5677,4333973.380102693
5678,4333973.3814242855
5679,4333973.379351169
5680,4333973.38565983
5681,4333973.381657644
5682,4333973.374982348
5683,4333973.382922503
5684,4333973.380259545
5685,4333973.3728609
5686,4333973.383121626
5687,4333973.383263038
5688,4333973.383007541
5689,4333973.3909339635
5690,4333973.385067446
5691,4333973.376195402
5692,4333973.375468315
5693,4333973.378198783
5694,4333973.388522418
5695,4333973.381334543
5696,4333973.382310855
5697,4333973.3744041035
5698,4333973.378339134
5699,4333973.378556101
5700,4333973.382006762
5701,4333973.377236307
5702,4333973.392254092
5703,4333973.377079153
5704,4333973.383102208
5705,4333973.384315436
5706,4333973.382108588
5707,4333973.383112998
5708,4333973.375704126
5709,4333973.379427147
5710,4333973.375559833
5711,4333973.377742074
5712,4333973.380425424
5713,4333973.386477684
5714,4333973.386432009
5715,4333973.385759792
5716,4333973.387971632
5717,4333973.381509191
5718,4333973.383428448
5719,4333973.379607152
5720,4333973.379977413
5721,4333973.385724316
5722,4333973.38876676
5723,4333973.381936902
5724,4333973.380685637
5725,4333973.381335875
5726,4333973.3864162695
5727,4333973.381127314
5728,4333973.378702939
5729,4333973.38413384
5730,4333973.386087664
5731,4333973.383437665
5732,4333973.380332387
5733,4333973.382424272
5734,4333973.381878421
5735,4333973.3807367515
5736,4333973.382628055
5737,4333973.381420714
5738,4333973.377533048
5739,4333973.377794098
5740,4333973.386848993
5741,4333973.380432806
5742,4333973.376796547
5743,4333973.375191748
5744,4333973.384521791
5745,4333973.384186612
5746,4333973.38384926
5747,4333973.378251601
5748,4333973.381295579
5749,4333973.378789193
5750,4333973.373267015
5751,4333973.377054713
5752,4333973.373462403
5753,4333973.38297218
5754,4333973.3790989425
5755,4333973.381898073
5756,4333973.386384631
5757,4333973.3819876285
5758,4333973.378423284
5759,4333973.3773031235
5760,4333973.382470696
5761,4333973.384125963
5762,4333973.381216766
5763,4333973.379421201
5764,4333973.38260378
5765,4333973.380646068
5766,4333973.37725908
5767,4333973.383743126
5768,4333973.373896453
5769,4333973.3850953
5770,4333973.379568362
5771,4333973.383374914
5772,4333973.387754116
5773,4333973.364077131
5774,4333973.38385241
5775,4333973.384188008
5776,4333973.3834126005
5777,4333973.376524559
5778,4333973.378063568
5779,4333973.386917963
5780,4333973.386320236
5781,4333973.389844119
5782,4333973.386134282
5783,4333973.3786505
5784,4333973.372473416
5785,4333973.375804117
5786,4333973.377776631
5787,4333973.378117754
5788,4333973.377554566
5789,4333973.370551552
5790,4333973.377108151
5791,4333973.3820839515
5792,4333973.376924616
5793,4333973.382350967
5794,4333973.378832835
5795,4333973.383825647
5796,4333973.382650153
5797,4333973.380788501
5798,4333973.379908345
5799,4333973.380447901
5800,4333973.385174058
5801,4333973.38281376
5802,4333973.381077654
5803,4333973.385947418
5804,4333973.381764345
5805,4333973.385665818
5806,4333973.377648505
5807,4333973.393147546
5808,4333973.382633544
5809,4333973.381977032
5810,4333973.384126099
5811,4333973.385646449
5812,4333973.389563023
5813,4333973.378699408
5814,4333973.385313907
5815,4333973.387664076
5816,4333973.378407317
5817,4333973.379062832
5818,4333973.382711833
5819,4333973.381579903
5820,4333973.377898562
5821,4333973.382444593
5822,4333973.376230672
5823,4333973.386917957
5824,4333973.37968771
5825,4333973.381793301
5826,4333973.390040331
5827,4333973.368362595
5828,4333973.387101322
5829,4333973.384844545
5830,4333973.382609449
5831,4333973.38309623
5832,4333973.381278031
5833,4333973.379501041
5834,4333973.374442703
5835,4333973.381775938
5836,4333973.37344474
5837,4333973.385960466
5838,4333973.38422249
5839,4333973.372753892
5840,4333973.382121988
5841,4333973.387102173
5842,4333973.378716338
5843,4333973.382262596
5844,4333973.377464168
5845,4333973.3827464115
5846,4333973.3810553625
5847,4333973.3810553625
5848,3063172.027393447
5849,3063172.0273934486
5850,3063172.027393449
5851,3063172.027393447
5852,3063172.027393451
5853,3063172.0273934477
5854,3063172.0273934472
5855,3063172.02739345
5856,3063172.0273934514
5857,3063172.0273934496
5858,3063172.027393448
5859,3063172.025535447
5860,3063172.0276318216
5861,3063172.025741457
5862,3063172.0226724125
5863,3063172.0324559268
5864,3063172.023110554
5865,3063172.029563956
5866,3063172.027612348
5867,3063172.032632526
5868,3063172.03145928
5869,3063172.027659446
5870,3063172.0234289756
5871,3063172.026876646
5872,3063172.025829924
5873,3063172.031808197
5874,3063172.0245184023
5875,3063172.029502932
5876,3063172.0329362815
5877,3063172.0239448994
5878,3063172.029272184
5879,3063172.0227258084
5880,3063172.025973968
5881,3063172.0270513273
5882,3063172.0287415595
5883,3063172.025540932
5884,3063172.0329824197
5885,3063172.026628427
5886,3063172.025096779
5887,3063172.030670237
5888,3063172.024212479
5889,3063172.0303649376
5890,3063172.0287592583
5891,3063172.035740512
5892,3063172.0300819105
5893,3063172.0260482766
5894,3063172.024953369
5895,3063172.028766
5896,3063172.0325977467
5897,3063172.029217255
5898,3063172.0214767475
5899,3063172.027694998
5900,3063172.030081926
5901,3063172.0238906485
5902,3063172.028769876
5903,3063172.028869684
5904,3063172.024895957
5905,3063172.0174408057
5906,3063172.035576298
5907,3063172.0270414236
5908,3063172.0300723156
5909,3063172.0275285398
5910,3063172.026431315
5911,3063172.02474532
5912,3063172.032600784
5913,3063172.027268267
5914,3063172.0254099644
5915,3063172.0253071506
5916,3063172.027344086
5917,3063172.029443735
5918,3063172.026313811
5919,3063172.0245025796
5920,3063172.029026485
5921,3063172.0295358323
5922,3063172.027401012
5923,3063172.0285582757
5924,3063172.0259074154
5925,3063172.0261744014
5926,3063172.028884103
5927,3063172.0299020153
5928,3063172.0330747333
5929,3063172.0247565475
5930,3063172.0300931763
5931,3063172.025704835
5932,3063172.027929778
5933,3063172.0270861853
5934,3063172.034776495
5935,3063172.025926901
5936,3063172.028552226
5937,3063172.0242529167
5938,3063172.023097924
5939,3063172.0279212166
5940,3063172.024857874
5941,3063172.022657183
5942,3063172.0314430455
5943,3063172.0285318913
5944,3063172.0327816415
5945,3063172.0246944996
5946,3063172.030071367
5947,3063172.0263586985
5948,3063172.027004597
5949,3063172.024322093
5950,3063172.023750218
5951,3063172.0277828434
5952,3063172.0243567424
5953,3063172.0268787197
5954,3063172.0296348366
5955,3063172.0217953897
5956,3063172.0358740613
5957,3063172.0273826546
5958,3063172.02417979
5959,3063172.027643815
5960,3063172.027511439
5961,3063172.0279970625
5962,3063172.0342585924
5963,3063172.029477912
5964,3063172.0223379703
5965,3063172.029679
5966,3063172.0330749284
5967,3063172.0295699816
5968,3063172.026528866
5969,3063172.02400879
5970,3063172.0287353876
5971,3063172.031807371
5972,3063172.0257352493
5973,3063172.030507906
5974,3063172.032890604
5975,3063172.0241489736
5976,3063172.0242002183
5977,3063172.0322053107
5978,3063172.0275733443
5979,3063172.0313647976
5980,3063172.027843927
5981,3063172.0302687236
5982,3063172.0303264065
5983,3063172.0257598097
5984,3063172.02643253
5985,3063172.0246036993
5986,3063172.0197318983
5987,3063172.027984695
5988,3063172.0288121123
5989,3063172.02850686
5990,3063172.02765777
5991,3063172.025437853
5992,3063172.020131784
5993,3063172.02564634
5994,3063172.0256918687
5995,3063172.030035983
5996,3063172.0259055803
5997,3063172.027685293
5998,3063172.0334589276
5999,3063172.024281078
6000,3063172.0284893364
6001,3063172.030541219
6002,3063172.027031793
6003,3063172.032185038
6004,3063172.0277536917
6005,3063172.028105877
6006,3063172.034202071
6007,3063172.026657171
6008,3063172.0255477396
6009,3063172.028728888
6010,3063172.0347538665
6011,3063172.023852479
6012,3063172.032254986
6013,3063172.0253656292
6014,3063172.0321784746
6015,3063172.024927916
6016,3063172.035594511
6017,3063172.02351072
6018,3063172.024989762
6019,3063172.0273882914
6020,3063172.024051315
6021,3063172.029362848
6022,3063172.0258289557
6023,3063172.0283015985
6024,3063172.026385699
6025,3063172.0292849694
6026,3063172.0354219624
6027,3063172.029333765
6028,3063172.029445222
6029,3063172.0295544104
6030,3063172.024144952
6031,3063172.0254226895
6032,3063172.0290647573
6033,3063172.0265967436
6034,3063172.0260421573
6035,3063172.029888361
6036,3063172.035665506
6037,3063172.0303294584
6038,3063172.0287593845
6039,3063172.029557251
6040,3063172.0296935895
6041,3063172.027322955
6042,3063172.0305041503
6043,3063172.0263354005
6044,3063172.0303223175
6045,3063172.024650821
6046,3063172.0225265524
6047,3063172.0317998235
6048,3063172.0253768675
6049,3063172.031939209
6050,3063172.0280198124
6051,3063172.020843642
6052,3063172.025716856
6053,3063172.026965646
6054,3063172.0258015897
6055,3063172.028081726
6056,3063172.030857322
6057,3063172.025343857
6058,3063172.024874586
6059,3063172.029684995
6060,3063172.030545201
6061,3063172.030507021
6062,3063172.027192465
6063,3063172.027299476
6064,3063172.0288040456
6065,3063172.0292240027
6066,3063172.0306319743
6067,3063172.0351275383
6068,3063172.026781926
6069,3063172.0239603715
6070,3063172.018923331
6071,3063172.025287347
6072,3063172.0334683727
6073,3063172.029978192
6074,3063172.0343981874
6075,3063172.0273268977
6076,3063172.0197609193
6077,3063172.0274657374
6078,3063172.0296053365
6079,3063172.026058885
6080,3063172.0258804257
6081,3063172.0217995914
6082,3063172.028812254
6083,3063172.027343938
6084,3063172.0291519477
6085,3063172.027412623
6086,3063172.028447528
6087,3063172.030335872
6088,3063172.0258951345
6089,3063172.0265979473
6090,3063172.0288910186
6091,3063172.0294369822
6092,3063172.025946044
6093,3063172.027097754
6094,3063172.0295913857
6095,3063172.029002145
6096,3063172.0346893566
6097,3063172.0264312746
6098,3063172.0266431086
6099,3063172.0226769885
6100,3063172.025990904
6101,3063172.0250284593
6102,3063172.021216687
6103,3063172.030060036
6104,3063172.028227603
6105,3063172.025848511
6106,3063172.0253047096
6107,3063172.0256747217
6108,3063172.0276888567
6109,3063172.0244038785
6110,3063172.021812093
6111,3063172.0211115004
6112,3063172.034167139
6113,3063172.0273302905
6114,3063172.024278281
6115,3063172.0203918205
6116,3063172.028237731
6117,3063172.0297730286
6118,3063172.030220716
6119,3063172.02612356
6120,3063172.0298968144
6121,3063172.0210301927
6122,3063172.029719097
6123,3063172.027655696
6124,3063172.027626723
6125,3063172.0237582955
6126,3063172.032313629
6127,3063172.030595506
6128,3063172.024250336
6129,3063172.030629107
6130,3063172.031043623
6131,3063172.025304474
6132,3063172.02622154
6133,3063172.02533079
6134,3063172.0280720983
6135,3063172.0295664626
6136,3063172.0292744003
6137,3063172.030539703
6138,3063172.0271282853
6139,3063172.026384112
6140,3063172.029791457
6141,3063172.018868345
6142,3063172.0303665455
6143,3063172.026895191
6144,3063172.0279721445
6145,3063172.0325361816
6146,3063172.0239885123
6147,3063172.0281369076
6148,3063172.031885879
6149,3063172.0272273137
6150,3063172.0257738004
6151,3063172.03299725
6152,3063172.0265022763
6153,3063172.025410949
6154,3063172.0303094625
6155,3063172.0269278935
6156,3063172.0233440604
6157,3063172.0322795594
6158,3063172.0299035166
6159,3063172.0283966986
6160,3063172.0329633467
6161,3063172.0257244445
6162,3063172.0209501893
6163,3063172.0289911698
6164,3063172.0281876717
6165,3063172.028549976
6166,3063172.032346733
6167,3063172.023684499
6168,3063172.026445765
6169,3063172.023200269
6170,3063172.0255713123
6171,3063172.0260761376
6172,3063172.028941772
6173,3063172.027053075
6174,3063172.0243975343
6175,3063172.027312574
6176,3063172.0262502925
6177,3063172.0232266095
6178,3063172.025298757
6179,3063172.0230253534
6180,3063172.0251737903
6181,3063172.0225918703
6182,3063172.034542347
6183,3063172.0246664705
6184,3063172.0318315867
6185,3063172.029384318
6186,3063172.023232471
6187,3063172.0250638984
6188,3063172.027237931
6189,3063172.0309741255
6190,3063172.0258473055
6191,3063172.0266195787
6192,3063172.0258735875
6193,3063172.032716197
6194,3063172.0210647713
6195,3063172.0304352357
6196,3063172.0257228944
6197,3063172.0260426486
6198,3063172.02854641
6199,3063172.0228781044
6200,3063172.02512484
6201,3063172.0153327105
6202,3063172.0288581327
6203,3063172.026610887
6204,3063172.0302318567
6205,3063172.0282010944
6206,3063172.024419211
6207,3063172.0303909597
6208,3063172.0289470553
6209,3063172.0299900933
6210,3063172.022523264
6211,3063172.0274607046
6212,3063172.0280974736
6213,3063172.026278496
6214,3063172.028635857
6215,3063172.026673181
6216,3063172.026265878
6217,3063172.0268218573
6218,3063172.0238472177
6219,3063172.031288174
6220,3063172.0262411414
6221,3063172.029700392
6222,3063172.027234876
6223,3063172.0198519477
6224,3063172.0247511775
6225,3063172.032031989
6226,3063172.0267760293
6227,3063172.0259517045
6228,3063172.029775343
6229,3063172.0240372526
6230,3063172.0300965616
6231,3063172.0292978226
6232,3063172.032322422
6233,3063172.0267996727
6234,3063172.026760976
6235,3063172.026670703
6236,3063172.0249833963
6237,3063172.026530264
6238,3063172.0281691747
6239,3063172.02461829
6240,3063172.0271656117
6241,3063172.024013257
6242,3063172.030315079
6243,3063172.0308428407
6244,3063172.0279053124
6245,3063172.0270769824
6246,3063172.0260511716
6247,3063172.0284793414
6248,3063172.0248573683
6249,3063172.025829889
6250,3063172.029604029
6251,3063172.0286922315
6252,3063172.032713799
6253,3063172.0164763816
6254,3063172.0277909692
6255,3063172.0316600096
6256,3063172.0296381447
6257,3063172.0267943013
6258,3063172.0305619356
6259,3063172.0283935647
6260,3063172.025790805
6261,3063172.03354681
6262,3063172.031145398
6263,3063172.0259250603
6264,3063172.0291951234
6265,3063172.025648265
6266,3063172.026177784
6267,3063172.024527453
6268,3063172.0290443427
6269,3063172.027481725
6270,3063172.02775467
6271,3063172.0297702365
6272,3063172.0344431484
6273,3063172.0268805968
6274,3063172.0328199742
6275,3063172.027381792
6276,3063172.0252809217
6277,3063172.029607119
6278,3063172.029722554
6279,3063172.026607533
6280,3063172.0245861327
6281,3063172.031600458
6282,3063172.0302932626
6283,3063172.0292160152
6284,3063172.0234828442
6285,3063172.033103802
6286,3063172.030667719
6287,3063172.024375872
6288,3063172.0314148744
6289,3063172.0269209067
6290,3063172.026039306
6291,3063172.0245071733
6292,3063172.0238616946
6293,3063172.0238175215
6294,3063172.0275002248
6295,3063172.026192918
6296,3063172.028725206
6297,3063172.0309975753
6298,3063172.029921015
6299,3063172.0296870316
6300,3063172.0262673995
6301,3063172.023688299
6302,3063172.0276324498
6303,3063172.0278167077
6304,3063172.020212483
6305,3063172.0275076563
6306,3063172.027566833
6307,3063172.0278670504
6308,3063172.027607177
6309,3063172.0234936164
6310,3063172.0353057995
6311,3063172.029610807
6312,3063172.02262348
6313,3063172.02946005
6314,3063172.031560741
6315,3063172.0255736606
6316,3063172.0226042382
6317,3063172.019861794
6318,3063172.019791523
6319,3063172.0309699657
6320,3063172.0298637953
6321,3063172.0275476803
6322,3063172.0301800007
6323,3063172.0256021023
6324,3063172.030224418
6325,3063172.030434901
6326,3063172.029295982
6327,3063172.028376782
6328,3063172.0264491327
6329,3063172.029768995
6330,3063172.02628953
6331,3063172.027438779
6332,3063172.0304840095
6333,3063172.030273528
6334,3063172.022816185
6335,3063172.0288075805
6336,3063172.0296388725
6337,3063172.031073143
6338,3063172.024660877
6339,3063172.027406197
6340,3063172.0276490483
6341,3063172.0237039453
6342,3063172.0327909794
6343,3063172.030452396
6344,3063172.0278263357
6345,3063172.031169553
6346,3063172.023118185
6347,3063172.027483141
6348,3063172.0229394897
6349,3063172.0302896453
6350,3063172.019981561
6351,3063172.0263049933
6352,3063172.0297447834
6353,3063172.028751552
6354,3063172.0234739436
6355,3063172.0223334027
6356,3063172.034468468
6357,3063172.0278248326
6358,3063172.0287271566
6359,3063172.0316284564
6360,3063172.029833374
6361,3063172.0281743356
6362,3063172.024845228
6363,3063172.0284202145
6364,3063172.030495056
6365,3063172.028603195
6366,3063172.027836253
6367,3063172.029046434
6368,3063172.029410485
6369,3063172.027648729
6370,3063172.0300111896
6371,3063172.026526013
6372,3063172.031380908
6373,3063172.0319849737
6374,3063172.0280613494
6375,3063172.030736447
6376,3063172.0300677516
6377,3063172.0232353997
6378,3063172.029755327
6379,3063172.027249788
6380,3063172.033100792
6381,3063172.0253544576
6382,3063172.0211611134
6383,3063172.0248669805
6384,3063172.0195529913
6385,3063172.0241607497
6386,3063172.022349848
6387,3063172.02300143
6388,3063172.0255754874
6389,3063172.022962715
6390,3063172.0223516147
6391,3063172.0243775663
6392,3063172.029706555
6393,3063172.024883152
6394,3063172.0224721343
6395,3063172.024467898
6396,3063172.028585799
6397,3063172.02782954
6398,3063172.021738966
6399,3063172.025008246
6400,3063172.0346879596
6401,3063172.0301444884
6402,3063172.0297897453
6403,3063172.022705643
6404,3063172.0324184075
6405,3063172.0292810802
6406,3063172.029954592
6407,3063172.0289110797
6408,3063172.0241744583
6409,3063172.024159129
6410,3063172.029210421
6411,3063172.0279240436
6412,3063172.0253695883
6413,3063172.02239606
6414,3063172.0316957915
6415,3063172.0288280523
6416,3063172.024766997
6417,3063172.027756666
6418,3063172.02966254
6419,3063172.031246138
6420,3063172.033389057
6421,3063172.0299483915
6422,3063172.0269463193
6423,3063172.023654264
6424,3063172.028948093
6425,3063172.028317555
6426,3063172.0284489044
6427,3063172.0278334823
6428,3063172.020400329
6429,3063172.0254438613
6430,3063172.0322509953
6431,3063172.026139373
6432,3063172.0243186476
6433,3063172.0319514144
6434,3063172.0296029155
6435,3063172.0295207547
6436,3063172.030667587
6437,3063172.031614961
6438,3063172.0250098
6439,3063172.0200641584
6440,3063172.024516331
6441,3063172.025555943
6442,3063172.0277143554
6443,3063172.0278528044
6444,3063172.030895254
6445,3063172.0296112676
6446,3063172.0307342564
6447,3063172.030987034
6448,3063172.0258724447
6449,3063172.0252655307
6450,3063172.0269625955
6451,3063172.02423417
6452,3063172.0313213174
6453,3063172.029248604
6454,3063172.029005807
6455,3063172.0319610806
6456,3063172.024616567
6457,3063172.031784546
6458,3063172.0296519203
6459,3063172.027088967
6460,3063172.0312567065
6461,3063172.031182118
6462,3063172.0299068587
6463,3063172.024151269
6464,3063172.0318691875
6465,3063172.031144268
6466,3063172.0292471116
6467,3063172.0263397912
6468,3063172.0299284304
6469,3063172.026398304
6470,3063172.028720847
6471,3063172.029210675
6472,3063172.026095292
6473,3063172.031529356
6474,3063172.0264010276
6475,3063172.032241351
6476,3063172.031424856
6477,3063172.027585097
6478,3063172.026672131
6479,3063172.027102029
6480,3063172.027706326
6481,3063172.0233187363
6482,3063172.025642801
6483,3063172.0259509813
6484,3063172.029852771
6485,3063172.031333213
6486,3063172.0305083524
6487,3063172.0295585752
6488,3063172.0280443314
6489,3063172.023003635
6490,3063172.024094227
6491,3063172.025668054
6492,3063172.026617853
6493,3063172.029426421
6494,3063172.021610515
6495,3063172.029038875
6496,3063172.025929309
6497,3063172.0238188757
6498,3063172.0313468473
6499,3063172.025234359
6500,3063172.0273810243
6501,3063172.0266598314
6502,3063172.027799769
6503,3063172.030924127
6504,3063172.0239481563
6505,3063172.030412441
6506,3063172.0282207797
6507,3063172.0295950603
6508,3063172.0263221813
6509,3063172.024353181
6510,3063172.033031607
6511,3063172.0263896273
6512,3063172.033774891
6513,3063172.027429686
6514,3063172.0263680047
6515,3063172.026497607
6516,3063172.024876292
6517,3063172.024609372
6518,3063172.0274210866
6519,3063172.024975364
6520,3063172.021810678
6521,3063172.0265678368
6522,3063172.029925175
6523,3063172.0261639813
6524,3063172.030264703
6525,3063172.0276896516
6526,3063172.025329353
6527,3063172.0324905436
6528,3063172.0244449186
6529,3063172.0246007456
6530,3063172.026457716
6531,3063172.0281124855
6532,3063172.028854111
6533,3063172.0271907
6534,3063172.031790593
6535,3063172.0286095883
6536,3063172.0220460403
6537,3063172.02476455
6538,3063172.029779165
6539,3063172.031331508
6540,3063172.0297688292
6541,3063172.0305051366
6542,3063172.027294131
6543,3063172.029251995
6544,3063172.0240465635
6545,3063172.029516423
6546,3063172.034506141
6547,3063172.0275952094
6548,3063172.0264101927
6549,3063172.0272698924
6550,3063172.027899579
6551,3063172.0228660605
6552,3063172.028107406
6553,3063172.0273512993
6554,3063172.0289497343
6555,3063172.0268091396
6556,3063172.029020903
6557,3063172.0291789905
6558,3063172.0279708453
6559,3063172.035771207
6560,3063172.028779615
6561,3063172.0255520614
6562,3063172.029003085
6563,3063172.0279535875
6564,3063172.0285893925
6565,3063172.0295171477
6566,3063172.02682366
6567,3063172.0218767608
6568,3063172.0298768366
6569,3063172.0305551365
6570,3063172.0210604584
6571,3063172.027697595
6572,3063172.0271803797
6573,3063172.025960502
6574,3063172.027902353
6575,3063172.0274062864
6576,3063172.030207534
6577,3063172.027393447
6578,3063172.0273934472
6579,2193430.3090037773
6580,2193430.3090037783
6581,2193430.3090037783
6582,2193430.309003782
6583,2193430.309003781
6584,2193430.3090037783
6585,2193430.309003781
6586,2193430.309003779
6587,2193430.309003778
6588,2193430.30900378
6589,2193430.3090037783
6590,2193430.3057699515
6591,2193430.3090116642
6592,2193430.3083234555
6593,2193430.3092448683
6594,2193430.3107509855
6595,2193430.312635999
6596,2193430.3082995987
6597,2193430.3121827636
6598,2193430.3153611263
6599,2193430.3093365952
6600,2193430.3100550575
6601,2193430.308369119
6602,2193430.306974966
6603,2193430.3115882464
6604,2193430.30883179
6605,2193430.3075688416
6606,2193430.3122022147
6607,2193430.3119740277
6608,2193430.312331535
6609,2193430.3069932773
6610,2193430.3115333016
6611,2193430.3111242545
6612,2193430.313228239
6613,2193430.3089602
6614,2193430.309848286
6615,2193430.308167615
6616,2193430.3062651507
6617,2193430.3089045146
6618,2193430.3086253675
6619,2193430.30848315
6620,2193430.3090750123
6621,2193430.3087246497
6622,2193430.308406718
6623,2193430.306602023
6624,2193430.3077662354
6625,2193430.30032628
6626,2193430.3090392286
6627,2193430.3090899736
6628,2193430.3125786297
6629,2193430.307768427
6630,2193430.308741663
6631,2193430.3053527432
6632,2193430.312236009
6633,2193430.3111363905
6634,2193430.30787456
6635,2193430.3060477385
6636,2193430.3066856395
6637,2193430.3071134053
6638,2193430.3130325805
6639,2193430.3107771007
6640,2193430.300691083
6641,2193430.308472286
6642,2193430.30708624
6643,2193430.3131521097
6644,2193430.310912952
6645,2193430.3087562257
6646,2193430.308599115
6647,2193430.309446303
6648,2193430.3071703403
6649,2193430.308401889
6650,2193430.3055321886
6651,2193430.310566453
6652,2193430.3115089196
6653,2193430.308945646
6654,2193430.3069148855
6655,2193430.30969105
6656,2193430.311434195
6657,2193430.311319159
6658,2193430.3106012195
6659,2193430.3077182802
6660,2193430.3073334107
6661,2193430.307571337
6662,2193430.3068827586
6663,2193430.3080001157
6664,2193430.3089536754
6665,2193430.3113676235
6666,2193430.3112650146
6667,2193430.309807382
6668,2193430.3077415344
6669,2193430.3084912137
6670,2193430.30988587
6671,2193430.3108484447
6672,2193430.309557556
6673,2193430.3098761276
6674,2193430.3089173334
6675,2193430.308222861
6676,2193430.308698469
6677,2193430.306645043
6678,2193430.3076876826
6679,2193430.3050829917
6680,2193430.3062079772
6681,2193430.30760307
6682,2193430.3092335123
6683,2193430.308460097
6684,2193430.3107398334
6685,2193430.3055733545
6686,2193430.30596496
6687,2193430.3070174195
6688,2193430.308349258
6689,2193430.3090869254
6690,2193430.309910216
6691,2193430.3111327593
6692,2193430.313504911
6693,2193430.3056382583
6694,2193430.3088060436
6695,2193430.3137488137
6696,2193430.3082981654
6697,2193430.309021802
6698,2193430.308420245
6699,2193430.3086939617
6700,2193430.3087544944
6701,2193430.3065791656
6702,2193430.31102033
6703,2193430.307850272
6704,2193430.30887201
6705,2193430.30729541
6706,2193430.310049985
6707,2193430.307682042
6708,2193430.3076082454
6709,2193430.3068447364
6710,2193430.3099173866
6711,2193430.3109787437
6712,2193430.3084565112
6713,2193430.3098895927
6714,2193430.309708392
6715,2193430.3139819372
6716,2193430.307853092
6717,2193430.3102537724
6718,2193430.3089659824
6719,2193430.311218421
6720,2193430.3108275654
6721,2193430.3048772896
6722,2193430.3117611418
6723,2193430.311903144
6724,2193430.307740573
6725,2193430.311657383
6726,2193430.3066232754
6727,2193430.3124163384
6728,2193430.311878779
6729,2193430.3097090456
6730,2193430.3079987806
6731,2193430.3056572997
6732,2193430.308967134
6733,2193430.3089090404
6734,2193430.3080972373
6735,2193430.3112645717
6736,2193430.307565756
6737,2193430.3075029193
6738,2193430.30715914
6739,2193430.3138147793
6740,2193430.312254549
6741,2193430.311342591
6742,2193430.30534909
6743,2193430.311369258
6744,2193430.3121429537
6745,2193430.3110605245
6746,2193430.3107625986
6747,2193430.306307343
6748,2193430.3105972004
6749,2193430.30843906
6750,2193430.310607733
6751,2193430.309942789
6752,2193430.3104233486
6753,2193430.3142733504
6754,2193430.3097555093
6755,2193430.305580814
6756,2193430.307989156
6757,2193430.3104825485
6758,2193430.3064543125
6759,2193430.3074991596
6760,2193430.303569046
6761,2193430.3091966
6762,2193430.310042355
6763,2193430.310417636
6764,2193430.3107614396
6765,2193430.3076345595
6766,2193430.315075493
6767,2193430.304665478
6768,2193430.307169134
6769,2193430.307754592
6770,2193430.3101098742
6771,2193430.3095661337
6772,2193430.3094303673
6773,2193430.3112825947
6774,2193430.309448638
6775,2193430.3092703847
6776,2193430.3097029654
6777,2193430.306948907
6778,2193430.3089141273
6779,2193430.3102717153
6780,2193430.312330218
6781,2193430.3075502166
6782,2193430.306983146
6783,2193430.317554461
6784,2193430.3128937776
6785,2193430.3106340673
6786,2193430.308872042
6787,2193430.315373426
6788,2193430.3062586337
6789,2193430.3128847154
6790,2193430.3041640376
6791,2193430.308914484
6792,2193430.310879186
6793,2193430.3055671914
6794,2193430.3073919895
6795,2193430.3111913684
6796,2193430.3106331583
6797,2193430.3123316183
6798,2193430.302863686
6799,2193430.3134740526
6800,2193430.306338171
6801,2193430.306572505
6802,2193430.3050872628
6803,2193430.312258497
6804,2193430.3098071646
6805,2193430.311655859
6806,2193430.3093605614
6807,2193430.3086072425
6808,2193430.307158553
6809,2193430.3112271475
6810,2193430.3123038374
6811,2193430.308088139
6812,2193430.307295891
6813,2193430.3045862815
6814,2193430.311171791
6815,2193430.30946242
6816,2193430.3079797253
6817,2193430.3117605867
6818,2193430.311727845
6819,2193430.30919831
6820,2193430.3113205777
6821,2193430.3116619554
6822,2193430.3098121826
6823,2193430.3066621176
6824,2193430.3083883557
6825,2193430.309761518
6826,2193430.309984438
6827,2193430.3084405786
6828,2193430.311170234
6829,2193430.3110824917
6830,2193430.304619353
6831,2193430.3069349183
6832,2193430.31209673
6833,2193430.309460776
6834,2193430.3089899044
6835,2193430.3035686035
6836,2193430.3083216874
6837,2193430.310931728
6838,2193430.309038634
6839,2193430.306922769
6840,2193430.308664306
6841,2193430.30355342
6842,2193430.309767901
6843,2193430.3050218695
6844,2193430.307396046
6845,2193430.3104372155
6846,2193430.3084785943
6847,2193430.3068176475
6848,2193430.308575108
6849,2193430.309667227
6850,2193430.3134357315
6851,2193430.3053267146
6852,2193430.3087123544
6853,2193430.31023924
6854,2193430.308723459
6855,2193430.3097001505
6856,2193430.305483084
6857,2193430.309862775
6858,2193430.3034408833
6859,2193430.306759442
6860,2193430.313993929
6861,2193430.3098957455
6862,2193430.308641046
6863,2193430.3067692993
6864,2193430.31501155
6865,2193430.307936396
6866,2193430.3064532955
6867,2193430.3049688577
6868,2193430.3077580286
6869,2193430.3066484286
6870,2193430.312670728
6871,2193430.3071544073
6872,2193430.308992809
6873,2193430.307161258
6874,2193430.3053283496
6875,2193430.3066244163
6876,2193430.310777784
6877,2193430.308912605
6878,2193430.30990439
6879,2193430.310261934
6880,2193430.3075708994
6881,2193430.3097024313
6882,2193430.3099520938
6883,2193430.3107368327
6884,2193430.3112697047
6885,2193430.312594303
6886,2193430.304744367
6887,2193430.309227676
6888,2193430.3053343305
6889,2193430.3094768273
6890,2193430.310021305
6891,2193430.3061080547
6892,2193430.3078413038
6893,2193430.308845722
6894,2193430.3157569016
6895,2193430.313220967
6896,2193430.3077360406
6897,2193430.309141811
6898,2193430.308466961
6899,2193430.3087570625
6900,2193430.3091424857
6901,2193430.308974171
6902,2193430.3126049433
6903,2193430.307583114
6904,2193430.306563375
6905,2193430.314099647
6906,2193430.3107334366
6907,2193430.3084316216
6908,2193430.3066368713
6909,2193430.3118407973
6910,2193430.3096349835
6911,2193430.3127573947
6912,2193430.3064757697
6913,2193430.3113115085
6914,2193430.3095941953
6915,2193430.3123862282
6916,2193430.306983363
6917,2193430.302989387
6918,2193430.3038262837
6919,2193430.3057950027
6920,2193430.3068631473
6921,2193430.3065473083
6922,2193430.310569621
6923,2193430.3080877033
6924,2193430.308670554
6925,2193430.3094266434
6926,2193430.310349814
6927,2193430.306422706
6928,2193430.3097979613
6929,2193430.3119071987
6930,2193430.3081613057
6931,2193430.306837547
6932,2193430.3064481462
6933,2193430.307101692
6934,2193430.3118893555
6935,2193430.308456973
6936,2193430.3066111994
6937,2193430.3089101715
6938,2193430.3106798725
6939,2193430.3133175727
6940,2193430.3111043344
6941,2193430.310075894
6942,2193430.3054160452
6943,2193430.309003251
6944,2193430.311109459
6945,2193430.3074461687
6946,2193430.309599594
6947,2193430.308134866
6948,2193430.311003202
6949,2193430.306083902
6950,2193430.308624124
6951,2193430.307888101
6952,2193430.3114412427
6953,2193430.311595417
6954,2193430.3107183063
6955,2193430.3123091757
6956,2193430.3064706824
6957,2193430.303792349
6958,2193430.304026862
6959,2193430.3074746775
6960,2193430.3102671425
6961,2193430.311566909
6962,2193430.308820719
6963,2193430.310003618
6964,2193430.312009477
6965,2193430.310216621
6966,2193430.3104907726
6967,2193430.306798412
6968,2193430.3087094864
6969,2193430.3085632147
6970,2193430.3088850332
6971,2193430.306048954
6972,2193430.308762834
6973,2193430.3124547936
6974,2193430.310458961
6975,2193430.309339807
6976,2193430.309124762
6977,2193430.3067247616
6978,2193430.306229884
6979,2193430.30607443
6980,2193430.307966704
6981,2193430.3111675014
6982,2193430.311302506
6983,2193430.3110463787
6984,2193430.3051399607
6985,2193430.305469967
6986,2193430.3096824386
6987,2193430.3088960377
6988,2193430.3053705865
6989,2193430.3064421867
6990,2193430.3101514336
6991,2193430.3068725667
6992,2193430.3149992125
6993,2193430.310041559
6994,2193430.308247569
6995,2193430.30815226
6996,2193430.309823184
6997,2193430.306649129
6998,2193430.307430041
6999,2193430.3128315764
7000,2193430.3095586253
7001,2193430.310428061
7002,2193430.3093843893
7003,2193430.3075702977
7004,2193430.3086840184
7005,2193430.309776071
7006,2193430.3089501
7007,2193430.3071779166
7008,2193430.30966844
7009,2193430.3099123496
7010,2193430.3092343407
7011,2193430.3097743005
7012,2193430.310398819
7013,2193430.312130029
7014,2193430.312080503
7015,2193430.306644167
7016,2193430.308742936
7017,2193430.3099476094
7018,2193430.307431964
7019,2193430.313422996
7020,2193430.307538841
7021,2193430.3082566005
7022,2193430.3093937724
7023,2193430.309930573
7024,2193430.306662159
7025,2193430.308328197
7026,2193430.3115294334
7027,2193430.309897059
7028,2193430.3131861077
7029,2193430.310965171
7030,2193430.310939326
7031,2193430.306072912
7032,2193430.30886137
7033,2193430.312466625
7034,2193430.3075600145
7035,2193430.311184429
7036,2193430.3071344956
7037,2193430.3095961176
7038,2193430.307838223
7039,2193430.3066489235
7040,2193430.3094088472
7041,2193430.3129207394
7042,2193430.308791373
7043,2193430.3085146025
7044,2193430.3115819427
7045,2193430.3138775253
7046,2193430.309123644
7047,2193430.31004616
7048,2193430.308704457
7049,2193430.3033534936
7050,2193430.3076588446
7051,2193430.309637684
7052,2193430.3089379705
7053,2193430.310804575
7054,2193430.3079773164
7055,2193430.3109911075
7056,2193430.308221789
7057,2193430.3064946877
7058,2193430.308430185
7059,2193430.309480491
7060,2193430.309195832
7061,2193430.3071521753
7062,2193430.309138436
7063,2193430.3065566774
7064,2193430.3085970585
7065,2193430.307619233
7066,2193430.308939007
7067,2193430.3086110074
7068,2193430.3095364254
7069,2193430.3053633063
7070,2193430.3080481947
7071,2193430.311826562
7072,2193430.3092844924
7073,2193430.3117619683
7074,2193430.311441995
7075,2193430.3088200516
7076,2193430.3097918215
7077,2193430.306594778
7078,2193430.3074340187
7079,2193430.309739008
7080,2193430.309767705
7081,2193430.3101903894
7082,2193430.3061171114
7083,2193430.308294192
7084,2193430.3066765764
7085,2193430.3048518924
7086,2193430.3098467053
7087,2193430.313144296
7088,2193430.308122101
7089,2193430.3056374886
7090,2193430.3129878934
7091,2193430.309052188
7092,2193430.3061330174
7093,2193430.3070953186
7094,2193430.3097049547
7095,2193430.3119664094
7096,2193430.3099644436
7097,2193430.312277953
7098,2193430.308681355
7099,2193430.308540652
7100,2193430.307074507
7101,2193430.3066732446
7102,2193430.306783663
7103,2193430.312105507
7104,2193430.3077815757
7105,2193430.3091340247
7106,2193430.3108396735
7107,2193430.309846765
7108,2193430.3056909703
7109,2193430.305845188
7110,2193430.3054400817
7111,2193430.3143241126
7112,2193430.306819471
7113,2193430.3074714774
7114,2193430.308874688
7115,2193430.309063276
7116,2193430.3060341
7117,2193430.307192761
7118,2193430.308974801
7119,2193430.308974182
7120,2193430.3052454814
7121,2193430.3096354734
7122,2193430.308316663
7123,2193430.3105223645
7124,2193430.310864355
7125,2193430.309233344
7126,2193430.308607697
7127,2193430.307585359
7128,2193430.3095650845
7129,2193430.3099596477
7130,2193430.307507288
7131,2193430.3106255964
7132,2193430.3056989214
7133,2193430.3106785784
7134,2193430.310259344
7135,2193430.3134433376
7136,2193430.3106876467
7137,2193430.3090579626
7138,2193430.308841642
7139,2193430.309498887
7140,2193430.306676948
7141,2193430.308769827
7142,2193430.309468867
7143,2193430.3099327213
7144,2193430.306657531
7145,2193430.310819328
7146,2193430.3078941507
7147,2193430.307686758
7148,2193430.308180965
7149,2193430.308677541
7150,2193430.313011118
7151,2193430.3065566896
7152,2193430.3085701773
7153,2193430.3121492527
7154,2193430.309981245
7155,2193430.3113857727
7156,2193430.3083358086
7157,2193430.3089021756
7158,2193430.311581294
7159,2193430.308332074
7160,2193430.311799296
7161,2193430.313361563
7162,2193430.3104154076
7163,2193430.311146659
7164,2193430.308104476
7165,2193430.308791537
7166,2193430.3078687536
7167,2193430.3119618287
7168,2193430.3099077237
7169,2193430.309300705
7170,2193430.3083865903
7171,2193430.3059458206
7172,2193430.3075940567
7173,2193430.305746152
7174,2193430.3096866217
7175,2193430.312051798
7176,2193430.31330692
7177,2193430.30845442
7178,2193430.3063662155
7179,2193430.311753813
7180,2193430.3092453997
7181,2193430.303912914
7182,2193430.306668089
7183,2193430.3081385465
7184,2193430.308408347
7185,2193430.3064187695
7186,2193430.312357442
7187,2193430.3102230555
7188,2193430.3127243617
7189,2193430.3084066086
7190,2193430.308680321
7191,2193430.304046296
7192,2193430.30854506
7193,2193430.307502557
7194,2193430.3081682026
7195,2193430.3097766265
7196,2193430.3041407177
7197,2193430.3106161775
7198,2193430.307555533
7199,2193430.3071578396
7200,2193430.3076254996
7201,2193430.308586161
7202,2193430.3118712935
7203,2193430.3087644014
7204,2193430.313058519
7205,2193430.3074069205
7206,2193430.307705777
7207,2193430.314593692
7208,2193430.3063482507
7209,2193430.310190382
7210,2193430.303209017
7211,2193430.305156129
7212,2193430.307043284
7213,2193430.303766143
7214,2193430.3096713186
7215,2193430.3061910872
7216,2193430.3132387707
7217,2193430.306259583
7218,2193430.3113867687
7219,2193430.306564987
7220,2193430.308211267
7221,2193430.305932664
7222,2193430.3040816244
7223,2193430.30801679
7224,2193430.3110178746
7225,2193430.3075801935
7226,2193430.304011049
7227,2193430.3117900146
7228,2193430.3080565664
7229,2193430.3093288434
7230,2193430.306636021
7231,2193430.3104731683
7232,2193430.30647989
7233,2193430.309382135
7234,2193430.3141479753
7235,2193430.3066371838
7236,2193430.308999315
7237,2193430.3104370055
7238,2193430.3141926513
7239,2193430.303864825
7240,2193430.312191009
7241,2193430.3027579198
7242,2193430.3091881555
7243,2193430.312146413
7244,2193430.308858684
7245,2193430.307289307
7246,2193430.307178173
7247,2193430.3085523103
7248,2193430.3059672355
7249,2193430.3077403093
7250,2193430.3110249327
7251,2193430.306725859
7252,2193430.308059251
7253,2193430.3084388147
7254,2193430.310008671
7255,2193430.310045857
7256,2193430.307916913
7257,2193430.3065941497
7258,2193430.307823659
7259,2193430.3065566747
7260,2193430.310244119
7261,2193430.3066221867
7262,2193430.309474859
7263,2193430.309983323
7264,2193430.3085756353
7265,2193430.30940406
7266,2193430.308750605
7267,2193430.3079608944
7268,2193430.303538589
7269,2193430.31121696
7270,2193430.304498472
7271,2193430.3075426137
7272,2193430.31060592
7273,2193430.308187897
7274,2193430.312480444
7275,2193430.306995067
7276,2193430.309730955
7277,2193430.307971092
7278,2193430.3090257584
7279,2193430.309488641
7280,2193430.309616796
7281,2193430.309307986
7282,2193430.3081049537
7283,2193430.3105812687
7284,2193430.3072001743
7285,2193430.313152041
7286,2193430.3102649027
7287,2193430.3089774884
7288,2193430.308628742
7289,2193430.3083210806
7290,2193430.313999351
7291,2193430.3093423964
7292,2193430.3094844916
7293,2193430.308041257
7294,2193430.3090087078
7295,2193430.3080610055
7296,2193430.308853039
7297,2193430.309059834
7298,2193430.3079351634
7299,2193430.3114775764
7300,2193430.30711482
7301,2193430.307839369
7302,2193430.3097349727
7303,2193430.308151647
7304,2193430.3077789205
7305,2193430.308852086
7306,2193430.3089492586
7307,2193430.3071086616
7308,2193430.3090037764
7309,2193430.3090037773
7310,1644190.486408405
7311,1644190.486408402
7312,1644190.486408403
7313,1644190.4864084022
7314,1644190.4864084048
7315,1644190.4864084022
7316,1644190.4864084048
7317,1644190.4864084038
7318,1644190.4864084022
7319,1644190.4864084038
7320,1644190.4864084031
7321,1644190.4823460237
7322,1644190.485067622
7323,1644190.4829730345
7324,1644190.4904613937
7325,1644190.486308041
7326,1644190.4891540846
7327,1644190.48556052
7328,1644190.4881643557
7329,1644190.4910470957
7330,1644190.4891285829
7331,1644190.4880893964
7332,1644190.4839546126
7333,1644190.4891663613
7334,1644190.4868622962
7335,1644190.486672746
7336,1644190.4871941558
7337,1644190.491814485
7338,1644190.4859644545
7339,1644190.4898956944
7340,1644190.4847682342
7341,1644190.4884059192
7342,1644190.4877726887
7343,1644190.4903204446
7344,1644190.4896778334
7345,1644190.4848663749
7346,1644190.4846503208
7347,1644190.4846718458
7348,1644190.487190699
7349,1644190.4887738165
7350,1644190.4861555898
7351,1644190.4846241137
7352,1644190.485690198
7353,1644190.481014484
7354,1644190.4867174393
7355,1644190.4829743623
7356,1644190.4833033814
7357,1644190.4866551775
7358,1644190.4859970422
7359,1644190.4867682718
7360,1644190.4873444932
7361,1644190.4826068245
7362,1644190.4842919565
7363,1644190.4871324073
7364,1644190.485675088
7365,1644190.4866597527
7366,1644190.4846449865
7367,1644190.4879727878
7368,1644190.4821248008
7369,1644190.488728072
7370,1644190.4890649882
7371,1644190.483934919
7372,1644190.4868154791
7373,1644190.485661797
7374,1644190.4936308127
7375,1644190.4836702691
7376,1644190.4883835202
7377,1644190.485710717
7378,1644190.4847992533
7379,1644190.4873803607
7380,1644190.4869673685
7381,1644190.480330135
7382,1644190.4886968427
7383,1644190.4844610554
7384,1644190.4875704334
7385,1644190.4845639665
7386,1644190.4880791078
7387,1644190.4870130324
7388,1644190.48501519
7389,1644190.4901994166
7390,1644190.484715722
7391,1644190.4830974687
7392,1644190.483293828
7393,1644190.4843535756
7394,1644190.4851346433
7395,1644190.4872683827
7396,1644190.4858545775
7397,1644190.487901003
7398,1644190.4864782994
7399,1644190.486444146
7400,1644190.487501984
7401,1644190.4873294178
7402,1644190.4854189453
7403,1644190.4846304832
7404,1644190.4856339656
7405,1644190.4885945572
7406,1644190.4837823699
7407,1644190.488410431
7408,1644190.4840109833
7409,1644190.4868204205
7410,1644190.4859072766
7411,1644190.4884443618
7412,1644190.4855100226
7413,1644190.4848145652
7414,1644190.4813229155
7415,1644190.4864019367
7416,1644190.487032739
7417,1644190.4841145491
7418,1644190.484949976
7419,1644190.483447539
7420,1644190.4903990405
7421,1644190.4835051866
7422,1644190.4863009618
7423,1644190.489994864
7424,1644190.484312004
7425,1644190.4849892054
7426,1644190.4899195826
7427,1644190.4820891775
7428,1644190.4870707495
7429,1644190.486062447
7430,1644190.488981698
7431,1644190.4873771146
7432,1644190.4862498743
7433,1644190.4863277685
7434,1644190.4914099637
7435,1644190.482804448
7436,1644190.4817905875
7437,1644190.485344859
7438,1644190.4876835295
7439,1644190.484582366
7440,1644190.487669488
7441,1644190.4878468665
7442,1644190.4875080422
7443,1644190.490172873
7444,1644190.4849947488
7445,1644190.4889037425
7446,1644190.489038228
7447,1644190.4862885517
7448,1644190.4863557832
7449,1644190.4804558693
7450,1644190.4870442182
7451,1644190.4813009948
7452,1644190.486923917
7453,1644190.488002861
7454,1644190.4878723407
7455,1644190.487956661
7456,1644190.4878111416
7457,1644190.4838494242
7458,1644190.4856515948
7459,1644190.4848106678
7460,1644190.4873453674
7461,1644190.488450964
7462,1644190.4856445296
7463,1644190.4873804844
7464,1644190.4882580684
7465,1644190.483210169
7466,1644190.4862099232
7467,1644190.4876939587
7468,1644190.4831895386
7469,1644190.4863482304
7470,1644190.4860742427
7471,1644190.4849687216
7472,1644190.4843394293
7473,1644190.4847729304
7474,1644190.4873052328
7475,1644190.490938523
7476,1644190.4894050192
7477,1644190.4870233736
7478,1644190.4854005259
7479,1644190.4856247792
7480,1644190.491409748
7481,1644190.4860290044
7482,1644190.4855422599
7483,1644190.4854827106
7484,1644190.4871602473
7485,1644190.4872193872
7486,1644190.4865152494
7487,1644190.4841731517
7488,1644190.4895129574
7489,1644190.482975827
7490,1644190.4862112482
7491,1644190.4850213903
7492,1644190.4882649328
7493,1644190.4902651256
7494,1644190.486995829
7495,1644190.4853557462
7496,1644190.4813642644
7497,1644190.4860744595
7498,1644190.483757395
7499,1644190.4846647063
7500,1644190.484026247
7501,1644190.4865556394
7502,1644190.4844110997
7503,1644190.4848181056
7504,1644190.487731432
7505,1644190.4890962678
7506,1644190.4886181515
7507,1644190.486796341
7508,1644190.4861394505
7509,1644190.4847802261
7510,1644190.4892234036
7511,1644190.4890327961
7512,1644190.4838189413
7513,1644190.485670987
7514,1644190.4912382944
7515,1644190.4848422909
7516,1644190.4838925237
7517,1644190.4841574451
7518,1644190.4901045812
7519,1644190.4864732726
7520,1644190.4856498837
7521,1644190.4811583213
7522,1644190.4864144397
7523,1644190.487079007
7524,1644190.4829017522
7525,1644190.484440775
7526,1644190.4849230929
7527,1644190.48680272
7528,1644190.4891314562
7529,1644190.4816752842
7530,1644190.488266573
7531,1644190.4886153124
7532,1644190.4841536493
7533,1644190.4864238328
7534,1644190.4901940685
7535,1644190.4870237454
7536,1644190.4877362135
7537,1644190.4841158174
7538,1644190.4877829438
7539,1644190.484143776
7540,1644190.4842507322
7541,1644190.487165412
7542,1644190.4859463284
7543,1644190.4864400618
7544,1644190.4852233871
7545,1644190.486059419
7546,1644190.4866648212
7547,1644190.490677382
7548,1644190.484507517
7549,1644190.483541813
7550,1644190.4870814777
7551,1644190.4878938312
7552,1644190.4887753904
7553,1644190.4806266478
7554,1644190.4883530105
7555,1644190.4833945478
7556,1644190.490520496
7557,1644190.4853493336
7558,1644190.4857338641
7559,1644190.4859722678
7560,1644190.4885355667
7561,1644190.4852879464
7562,1644190.4878661388
7563,1644190.4876610236
7564,1644190.488551672
7565,1644190.483970549
7566,1644190.4819848307
7567,1644190.4835756477
7568,1644190.4851495933
7569,1644190.4897426364
7570,1644190.4893687125
7571,1644190.4848535378
7572,1644190.4831360613
7573,1644190.4864578457
7574,1644190.4808015227
7575,1644190.4864120332
7576,1644190.4859094536
7577,1644190.4905276948
7578,1644190.4849019821
7579,1644190.4856391605
7580,1644190.4900054282
7581,1644190.485991829
7582,1644190.4826158923
7583,1644190.4865061995
7584,1644190.4868402393
7585,1644190.490951783
7586,1644190.490252222
7587,1644190.4822813345
7588,1644190.4885833655
7589,1644190.484989807
7590,1644190.4852743186
7591,1644190.4891205172
7592,1644190.4872616553
7593,1644190.4818048684
7594,1644190.486948127
7595,1644190.4909804845
7596,1644190.4868730078
7597,1644190.4865694102
7598,1644190.4856045
7599,1644190.4839206438
7600,1644190.4809786908
7601,1644190.4879103121
7602,1644190.4849451263
7603,1644190.4828035007
7604,1644190.4850017403
7605,1644190.4852229843
7606,1644190.4837504644
7607,1644190.4873761167
7608,1644190.488073745
7609,1644190.4880372714
7610,1644190.4874210993
7611,1644190.4884981832
7612,1644190.4875721454
7613,1644190.4857088104
7614,1644190.4890003423
7615,1644190.4848063735
7616,1644190.4883040139
7617,1644190.484048031
7618,1644190.4864040348
7619,1644190.4831013402
7620,1644190.4855269964
7621,1644190.4868643505
7622,1644190.4856371079
7623,1644190.4883824603
7624,1644190.4866951609
7625,1644190.4892227345
7626,1644190.4857682234
7627,1644190.4861571472
7628,1644190.4891414267
7629,1644190.4854077676
7630,1644190.4882813005
7631,1644190.4865744717
7632,1644190.4863029034
7633,1644190.4864173117
7634,1644190.4899378272
7635,1644190.4820344422
7636,1644190.4852770846
7637,1644190.4907702382
7638,1644190.4828551009
7639,1644190.4849060785
7640,1644190.4869278024
7641,1644190.4879026285
7642,1644190.4906943853
7643,1644190.4814827882
7644,1644190.4887828918
7645,1644190.4833007054
7646,1644190.4898769471
7647,1644190.4852076126
7648,1644190.4845132392
7649,1644190.4816610748
7650,1644190.4861785653
7651,1644190.481574356
7652,1644190.4882987035
7653,1644190.4875971468
7654,1644190.4828990824
7655,1644190.4838905707
7656,1644190.4881223808
7657,1644190.4861013717
7658,1644190.4841110855
7659,1644190.4883825597
7660,1644190.4861670583
7661,1644190.4862223838
7662,1644190.4841234293
7663,1644190.4830873304
7664,1644190.4886350422
7665,1644190.4874287257
7666,1644190.484315437
7667,1644190.4877034477
7668,1644190.4885518583
7669,1644190.486321529
7670,1644190.489810288
7671,1644190.4856898885
7672,1644190.4869971997
7673,1644190.484890504
7674,1644190.4862223375
7675,1644190.4907237038
7676,1644190.4831699918
7677,1644190.484917398
7678,1644190.4851519235
7679,1644190.4841639192
7680,1644190.489755806
7681,1644190.4849384455
7682,1644190.4881321085
7683,1644190.489040803
7684,1644190.4889125184
7685,1644190.4904769252
7686,1644190.488653533
7687,1644190.4848005432
7688,1644190.4832782014
7689,1644190.4860336734
7690,1644190.4844480474
7691,1644190.4875358508
7692,1644190.4861451548
7693,1644190.4860362606
7694,1644190.486920556
7695,1644190.487292845
7696,1644190.483701081
7697,1644190.4866367972
7698,1644190.4837904007
7699,1644190.4869220967
7700,1644190.4849857616
7701,1644190.487379307
7702,1644190.48555441
7703,1644190.486600957
7704,1644190.485567703
7705,1644190.4864962634
7706,1644190.4880293638
7707,1644190.482860307
7708,1644190.48648319
7709,1644190.4862954374
7710,1644190.4893640175
7711,1644190.486019878
7712,1644190.4887409052
7713,1644190.4879654604
7714,1644190.4842957084
7715,1644190.484877807
7716,1644190.4844930612
7717,1644190.4868699005
7718,1644190.4843414368
7719,1644190.4871974594
7720,1644190.483947044
7721,1644190.4875786453
7722,1644190.4885249687
7723,1644190.489503067
7724,1644190.4855991101
7725,1644190.4853154619
7726,1644190.4828414929
7727,1644190.4869712787
7728,1644190.4838190428
7729,1644190.4859158313
7730,1644190.4848118217
7731,1644190.4849484086
7732,1644190.4878980217
7733,1644190.4878815687
7734,1644190.483943132
7735,1644190.4841884186
7736,1644190.4862790457
7737,1644190.4867909628
7738,1644190.484506409
7739,1644190.488456046
7740,1644190.4862726973
7741,1644190.4897264484
7742,1644190.4879743564
7743,1644190.4872583288
7744,1644190.4909291184
7745,1644190.4854947336
7746,1644190.4882579949
7747,1644190.4871555963
7748,1644190.4857019035
7749,1644190.4900159424
7750,1644190.4900781587
7751,1644190.48595421
7752,1644190.4891855777
7753,1644190.4848170124
7754,1644190.4887271982
7755,1644190.489287908
7756,1644190.4869954898
7757,1644190.4869492424
7758,1644190.4849460637
7759,1644190.4920439569
7760,1644190.4866164792
7761,1644190.4865016616
7762,1644190.484371821
7763,1644190.4890632655
7764,1644190.488638806
7765,1644190.4857562017
7766,1644190.4875335386
7767,1644190.4863001956
7768,1644190.4869164464
7769,1644190.4865203109
7770,1644190.4854652227
7771,1644190.4879270932
7772,1644190.4883242135
7773,1644190.4831434255
7774,1644190.488224694
7775,1644190.4883405808
7776,1644190.4882445275
7777,1644190.4869377348
7778,1644190.4884756198
7779,1644190.489119677
7780,1644190.4819844165
7781,1644190.4838065393
7782,1644190.487665407
7783,1644190.4836755153
7784,1644190.4880669427
7785,1644190.4877573852
7786,1644190.4860415538
7787,1644190.4900538586
7788,1644190.4826707544
7789,1644190.485368291
7790,1644190.4875810773
7791,1644190.4852114092
7792,1644190.4844056864
7793,1644190.48524543
7794,1644190.485012828
7795,1644190.4839073312
7796,1644190.4830280954
7797,1644190.484060721
7798,1644190.486231549
7799,1644190.4858003124
7800,1644190.4844097998
7801,1644190.4856881802
7802,1644190.4886145212
7803,1644190.4873814455
7804,1644190.4887852306
7805,1644190.4903254812
7806,1644190.4865041138
7807,1644190.4861404272
7808,1644190.4843595235
7809,1644190.4854683713
7810,1644190.4864206847
7811,1644190.4910912202
7812,1644190.4888631476
7813,1644190.485214527
7814,1644190.4889848721
7815,1644190.4857805679
7816,1644190.4862478704
7817,1644190.4887689208
7818,1644190.485583322
7819,1644190.4848557455
7820,1644190.4834418294
7821,1644190.4894303984
7822,1644190.487276705
7823,1644190.4809465965
7824,1644190.486447494
7825,1644190.4868162102
7826,1644190.488474339
7827,1644190.487766477
7828,1644190.4883510796
7829,1644190.4828849384
7830,1644190.488634491
7831,1644190.4825635569
7832,1644190.48381961
7833,1644190.4833081248
7834,1644190.4893618259
7835,1644190.4832659054
7836,1644190.4849539173
7837,1644190.4871695635
7838,1644190.4882854505
7839,1644190.484470049
7840,1644190.4812468581
7841,1644190.4815838092
7842,1644190.4897038017
7843,1644190.4866067925
7844,1644190.4849945614
7845,1644190.4863817717
7846,1644190.4862985557
7847,1644190.486077143
7848,1644190.4849127624
7849,1644190.4888308272
7850,1644190.4860553856
7851,1644190.4858258446
7852,1644190.4862346384
7853,1644190.4855620943
7854,1644190.488310752
7855,1644190.4896032242
7856,1644190.4840836185
7857,1644190.4864687754
7858,1644190.4862217985
7859,1644190.4904423356
7860,1644190.4870811873
7861,1644190.4845691433
7862,1644190.48812001
7863,1644190.481625957
7864,1644190.4886087144
7865,1644190.4867337283
7866,1644190.487255517
7867,1644190.486647373
7868,1644190.4883495334
7869,1644190.483599048
7870,1644190.4902595857
7871,1644190.4849970518
7872,1644190.486295777
7873,1644190.4871598883
7874,1644190.4861527982
7875,1644190.4876960756
7876,1644190.4850405732
7877,1644190.4868696304
7878,1644190.4833667662
7879,1644190.4861589298
7880,1644190.4829033306
7881,1644190.4903827987
7882,1644190.4832930812
7883,1644190.488090158
7884,1644190.4878968075
7885,1644190.4881279583
7886,1644190.4896408196
7887,1644190.486765828
7888,1644190.4858612367
7889,1644190.4871081559
7890,1644190.4888430056
7891,1644190.4858300025
7892,1644190.4870876204
7893,1644190.486457035
7894,1644190.488132792
7895,1644190.4855066228
7896,1644190.4870017928
7897,1644190.484828595
7898,1644190.4884592125
7899,1644190.4872679156
7900,1644190.4846400437
7901,1644190.4880155653
7902,1644190.485499932
7903,1644190.4869764964
7904,1644190.4850940732
7905,1644190.4875613896
7906,1644190.4895013939
7907,1644190.491864745
7908,1644190.4860560328
7909,1644190.480758946
7910,1644190.4874850505
7911,1644190.485626412
7912,1644190.4856406834
7913,1644190.4841103493
7914,1644190.485032289
7915,1644190.4874159195
7916,1644190.4828166175
7917,1644190.4897029344
7918,1644190.4876879067
7919,1644190.4835802375
7920,1644190.4856441966
7921,1644190.4854118982
7922,1644190.4820476344
7923,1644190.4855530094
7924,1644190.4842375189
7925,1644190.487195535
7926,1644190.4897057433
7927,1644190.4829789766
7928,1644190.4886719969
7929,1644190.4838052485
7930,1644190.4837556994
7931,1644190.4863044424
7932,1644190.4869854706
7933,1644190.4869114796
7934,1644190.4882637612
7935,1644190.4895173556
7936,1644190.482147193
7937,1644190.4838539418
7938,1644190.4888853047
7939,1644190.483374449
7940,1644190.486780039
7941,1644190.4811116604
7942,1644190.4855943848
7943,1644190.4817609463
7944,1644190.4835159446
7945,1644190.4855082678
7946,1644190.4823600193
7947,1644190.489865717
7948,1644190.4839118556
7949,1644190.487503856
7950,1644190.4861261256
7951,1644190.4863163177
7952,1644190.4835590853
7953,1644190.4826315723
7954,1644190.4876896304
7955,1644190.4852137151
7956,1644190.482509533
7957,1644190.4813432293
7958,1644190.4868572326
7959,1644190.4853541437
7960,1644190.4851640768
7961,1644190.485199826
7962,1644190.4856561883
7963,1644190.48617634
7964,1644190.4866618046
7965,1644190.4857262478
7966,1644190.486847043
7967,1644190.488306237
7968,1644190.487886929
7969,1644190.4898064437
7970,1644190.4813164878
7971,1644190.4882009504
7972,1644190.4831706162
7973,1644190.4855722089
7974,1644190.4887356895
7975,1644190.487876497
7976,1644190.4834697726
7977,1644190.487418558
7978,1644190.487683977
7979,1644190.4815977132
7980,1644190.4865422766
7981,1644190.4876827667
7982,1644190.4879500675
7983,1644190.48638198
7984,1644190.4871328233
7985,1644190.4916742228
7986,1644190.4876171
7987,1644190.4825233838
7988,1644190.4823903483
7989,1644190.4863780595
7990,1644190.485505644
7991,1644190.4882492905
7992,1644190.483483603
7993,1644190.4849829543
7994,1644190.4887283312
7995,1644190.4858315487
7996,1644190.4836243177
7997,1644190.4861903596
7998,1644190.4857356718
7999,1644190.4776159907
8000,1644190.4873359336
8001,1644190.4811649213
8002,1644190.484398424
8003,1644190.4870628633
8004,1644190.485830922
8005,1644190.4883138216
8006,1644190.4814887336
8007,1644190.4870523778
8008,1644190.4849134537
8009,1644190.4879802582
8010,1644190.4874485182
8011,1644190.4878047835
8012,1644190.4872926606
8013,1644190.485041072
8014,1644190.4898689014
8015,1644190.4868962376
8016,1644190.490630292
8017,1644190.488293447
8018,1644190.4879391878
8019,1644190.4864580394
8020,1644190.4873271738
8021,1644190.4880899712
8022,1644190.4860699652
8023,1644190.487543118
8024,1644190.486952654
8025,1644190.4860671174
8026,1644190.485234536
8027,1644190.4883107916
8028,1644190.488257791
8029,1644190.4872821064
8030,1644190.4883615102
8031,1644190.4834496754
8032,1644190.4839370227
8033,1644190.4874488874
8034,1644190.4858407266
8035,1644190.4852898591
8036,1644190.4865023165
8037,1644190.486023046
8038,1644190.4851743248
8039,1644190.4864084045
8040,1644190.4864084057
8041,1657994.2711362592
8042,1657994.2711362608
8043,1657994.2711362618
8044,1657994.2711362604
8045,1657994.2711362601
8046,1657994.271136259
8047,1657994.2711362597
8048,1657994.271136258
8049,1657994.2711362606
8050,1657994.2711362594
8051,1657994.2711362597
8052,1657994.267934394
8053,1657994.2682052522
8054,1657994.2725621164
8055,1657994.2780659006
8056,1657994.2714738583
8057,1657994.2765940404
8058,1657994.2714315883
8059,1657994.2660095138
8060,1657994.2682558238
8061,1657994.2700199073
8062,1657994.2676155008
8063,1657994.263146032
8064,1657994.2761288774
8065,1657994.271988067
8066,1657994.2666759018
8067,1657994.2746922043
8068,1657994.2762425756
8069,1657994.2676121008
8070,1657994.2723906955
8071,1657994.271716832
8072,1657994.27479115
8073,1657994.271824275
8074,1657994.2744132688
8075,1657994.2666855096
8076,1657994.2732924772
8077,1657994.2624919822
8078,1657994.271175521
8079,1657994.2717307822
8080,1657994.2746678283
8081,1657994.2664750514
8082,1657994.2670935586
8083,1657994.2655362845
8084,1657994.2651214364
8085,1657994.2706538995
8086,1657994.265809313
8087,1657994.2698390014
8088,1657994.2724428324
8089,1657994.2701400802
8090,1657994.276658375
8091,1657994.2787156445
8092,1657994.2641047032
8093,1657994.272555066
8094,1657994.2662025692
8095,1657994.2686914504
8096,1657994.2734505297
8097,1657994.2663273653
8098,1657994.2716448253
8099,1657994.270908431
8100,1657994.2702677315
8101,1657994.2727842836
8102,1657994.2726528624
8103,1657994.273327354
8104,1657994.2686638427
8105,1657994.2681962524
8106,1657994.2755765026
8107,1657994.2700904668
8108,1657994.2754888958
8109,1657994.267378059
8110,1657994.2729603657
8111,1657994.2758294248
8112,1657994.2706575056
8113,1657994.268103991
8114,1657994.2708394413
8115,1657994.276081281
8116,1657994.2636387823
8117,1657994.2794063736
8118,1657994.2710809445
8119,1657994.2658141544
8120,1657994.2674010093
8121,1657994.2641147203
8122,1657994.2741680543
8123,1657994.273445839
8124,1657994.2726474178
8125,1657994.2737797322
8126,1657994.268827077
8127,1657994.2655292267
8128,1657994.2676229626
8129,1657994.2792332778
8130,1657994.2723399755
8131,1657994.26916892
8132,1657994.265123836
8133,1657994.271493524
8134,1657994.2718344727
8135,1657994.2667888168
8136,1657994.2667169587
8137,1657994.266960399
8138,1657994.27645656
8139,1657994.2755097444
8140,1657994.2777591124
8141,1657994.2774264298
8142,1657994.2768128675
8143,1657994.267132033
8144,1657994.2744752422
8145,1657994.2722224663
8146,1657994.2744179168
8147,1657994.2755668894
8148,1657994.2676278374
8149,1657994.2685323146
8150,1657994.2696013239
8151,1657994.2775963834
8152,1657994.2729792637
8153,1657994.2708725496
8154,1657994.2739028698
8155,1657994.2713311447
8156,1657994.2650621347
8157,1657994.2725075015
8158,1657994.2666865818
8159,1657994.2725563715
8160,1657994.273479068
8161,1657994.2758237158
8162,1657994.2786091059
8163,1657994.2692696098
8164,1657994.263351743
8165,1657994.2739588267
8166,1657994.2648150963
8167,1657994.2648595308
8168,1657994.2686824442
8169,1657994.2678396273
8170,1657994.2656948152
8171,1657994.272462951
8172,1657994.2768218059
8173,1657994.2741775692
8174,1657994.2666128257
8175,1657994.2682391482
8176,1657994.2753031922
8177,1657994.2643581396
8178,1657994.2695403271
8179,1657994.2728686675
8180,1657994.2701943405
8181,1657994.2808401263
8182,1657994.2764386032
8183,1657994.2755137961
8184,1657994.274052817
8185,1657994.271423958
8186,1657994.2735121087
8187,1657994.2713230774
8188,1657994.2684680787
8189,1657994.2781673044
8190,1657994.2698567328
8191,1657994.2744986685
8192,1657994.2781963372
8193,1657994.2689854659
8194,1657994.2711154507
8195,1657994.2688779286
8196,1657994.273159523
8197,1657994.2680470445
8198,1657994.2699884844
8199,1657994.266638551
8200,1657994.272523703
8201,1657994.2640561517
8202,1657994.2661121248
8203,1657994.2669871063
8204,1657994.2726705226
8205,1657994.2646501341
8206,1657994.2819052648
8207,1657994.2697652292
8208,1657994.2696738178
8209,1657994.2661844487
8210,1657994.280505581
8211,1657994.2706977138
8212,1657994.2742511467
8213,1657994.2649110898
8214,1657994.2759659127
8215,1657994.2685349449
8216,1657994.2664975356
8217,1657994.2725212919
8218,1657994.2749757245
8219,1657994.2642685082
8220,1657994.277160407
8221,1657994.266556944
8222,1657994.2800615807
8223,1657994.2761006048
8224,1657994.273866386
8225,1657994.2703535752
8226,1657994.2737577262
8227,1657994.2747403965
8228,1657994.265815722
8229,1657994.266754795
8230,1657994.2714395497
8231,1657994.2717810557
8232,1657994.2669398517
8233,1657994.2673112487
8234,1657994.277786875
8235,1657994.2681756073
8236,1657994.2786883742
8237,1657994.2714033325
8238,1657994.2662537217
8239,1657994.2733322792
8240,1657994.2703127617
8241,1657994.2760038935
8242,1657994.2716134326
8243,1657994.266901026
8244,1657994.281972542
8245,1657994.2656728013
8246,1657994.2631775476
8247,1657994.275450818
8248,1657994.267693895
8249,1657994.2744444497
8250,1657994.278033156
8251,1657994.268952531
8252,1657994.2777855569
8253,1657994.272589709
8254,1657994.2669113264
8255,1657994.2741891146
8256,1657994.2672835004
8257,1657994.2666913623
8258,1657994.270275261
8259,1657994.2699462688
8260,1657994.2778506365
8261,1657994.2687402433
8262,1657994.268884442
8263,1657994.2770500723
8264,1657994.267154616
8265,1657994.2671144947
8266,1657994.2738727431
8267,1657994.269994516
8268,1657994.2690226906
8269,1657994.2738661317
8270,1657994.2720351242
8271,1657994.2673613739
8272,1657994.2698569
8273,1657994.2721101707
8274,1657994.2752447266
8275,1657994.274267752
8276,1657994.2651335879
8277,1657994.2741669624
8278,1657994.2689456055
8279,1657994.2760988297
8280,1657994.2652546468
8281,1657994.2705481383
8282,1657994.2710281797
8283,1657994.2652715412
8284,1657994.2737345167
8285,1657994.270272068
8286,1657994.2803239299
8287,1657994.2703277394
8288,1657994.268850294
8289,1657994.2717137395
8290,1657994.2628083518
8291,1657994.2641977766
8292,1657994.2746928858
8293,1657994.2714461335
8294,1657994.2647697239
8295,1657994.2766961255
8296,1657994.27176488
8297,1657994.2696867718
8298,1657994.2714923848
8299,1657994.273662045
8300,1657994.27448646
8301,1657994.2721774695
8302,1657994.2706057187
8303,1657994.2696201191
8304,1657994.2769004735
8305,1657994.274991346
8306,1657994.2705511549
8307,1657994.2757744647
8308,1657994.278320076
8309,1657994.275895211
8310,1657994.2743423309
8311,1657994.2676091343
8312,1657994.276545337
8313,1657994.268369721
8314,1657994.273671761
8315,1657994.2678678993
8316,1657994.2646719785
8317,1657994.2727653054
8318,1657994.274806832
8319,1657994.2682063943
8320,1657994.2723402397
8321,1657994.272565826
8322,1657994.2613090419
8323,1657994.2758322356
8324,1657994.272452542
8325,1657994.2662758871
8326,1657994.271611342
8327,1657994.2739817777
8328,1657994.2743567615
8329,1657994.2687485837
8330,1657994.2664812545
8331,1657994.2763145708
8332,1657994.2728150692
8333,1657994.2709360695
8334,1657994.2673133954
8335,1657994.2775550822
8336,1657994.2718020026
8337,1657994.2756740698
8338,1657994.2663995228
8339,1657994.2706243612
8340,1657994.2736581652
8341,1657994.2809339103
8342,1657994.268868871
8343,1657994.2643920255
8344,1657994.2777692236
8345,1657994.2737929842
8346,1657994.2656104374
8347,1657994.2706426347
8348,1657994.2756371154
8349,1657994.2754817966
8350,1657994.2748902931
8351,1657994.2683244797
8352,1657994.2731711727
8353,1657994.2680338419
8354,1657994.2650437339
8355,1657994.265244875
8356,1657994.267604071
8357,1657994.2672046344
8358,1657994.2710938584
8359,1657994.2652770253
8360,1657994.2716910115
8361,1657994.2646477076
8362,1657994.2786875588
8363,1657994.2644998606
8364,1657994.2667397698
8365,1657994.277088972
8366,1657994.2697314643
8367,1657994.2701425105
8368,1657994.270247237
8369,1657994.273031394
8370,1657994.2785144635
8371,1657994.2676982125
8372,1657994.27010151
8373,1657994.2696020487
8374,1657994.2722738138
8375,1657994.2647297115
8376,1657994.274770025
8377,1657994.2727063068
8378,1657994.2710033553
8379,1657994.2739171586
8380,1657994.2695990482
8381,1657994.2765791914
8382,1657994.2633708497
8383,1657994.2663624682
8384,1657994.266267853
8385,1657994.2658942756
8386,1657994.2777681628
8387,1657994.270732602
8388,1657994.2721084314
8389,1657994.2704223627
8390,1657994.272420823
8391,1657994.2742011943
8392,1657994.2761604742
8393,1657994.2771179702
8394,1657994.271279929
8395,1657994.27231654
8396,1657994.2662518683
8397,1657994.2670275099
8398,1657994.2712121892
8399,1657994.2703883254
8400,1657994.270582912
8401,1657994.2714435915
8402,1657994.2641308596
8403,1657994.2734123832
8404,1657994.2686610457
8405,1657994.273254639
8406,1657994.2805446659
8407,1657994.269535168
8408,1657994.2769360435
8409,1657994.2652067223
8410,1657994.273150681
8411,1657994.2783761849
8412,1657994.271223693
8413,1657994.2705243274
8414,1657994.2641260417
8415,1657994.2681574433
8416,1657994.279710523
8417,1657994.2676811775
8418,1657994.271289239
8419,1657994.2678790241
8420,1657994.2722601332
8421,1657994.277274332
8422,1657994.2810018077
8423,1657994.273555851
8424,1657994.273928203
8425,1657994.2646552976
8426,1657994.2663044338
8427,1657994.2738002217
8428,1657994.27607792
8429,1657994.2769520748
8430,1657994.265841938
8431,1657994.2671598098
8432,1657994.2705837023
8433,1657994.2683059634
8434,1657994.275936014
8435,1657994.2698730296
8436,1657994.2771718076
8437,1657994.269965454
8438,1657994.27388523
8439,1657994.2708828105
8440,1657994.2760067908
8441,1657994.277751741
8442,1657994.267121231
8443,1657994.270691454
8444,1657994.2695722545
8445,1657994.267155239
8446,1657994.2697018085
8447,1657994.2736507053
8448,1657994.2770379616
8449,1657994.263785526
8450,1657994.2728728978
8451,1657994.273624227
8452,1657994.276173198
8453,1657994.2697377494
8454,1657994.2717944013
8455,1657994.269611872
8456,1657994.2636550989
8457,1657994.266477884
8458,1657994.2675750982
8459,1657994.265222111
8460,1657994.2757814487
8461,1657994.2743176585
8462,1657994.273262751
8463,1657994.2748275048
8464,1657994.2681678282
8465,1657994.261823744
8466,1657994.2712138954
8467,1657994.2653149557
8468,1657994.2684022307
8469,1657994.271963542
8470,1657994.2670784495
8471,1657994.2738161585
8472,1657994.2712417361
8473,1657994.2747568027
8474,1657994.2674061437
8475,1657994.271608573
8476,1657994.2706246802
8477,1657994.2743726424
8478,1657994.271506442
8479,1657994.265933771
8480,1657994.2698049168
8481,1657994.2737126944
8482,1657994.2682973258
8483,1657994.268457223
8484,1657994.2670859317
8485,1657994.2744733428
8486,1657994.2718069355
8487,1657994.2789537108
8488,1657994.2703523783
8489,1657994.2661992244
8490,1657994.2699427828
8491,1657994.2638271272
8492,1657994.2697254815
8493,1657994.269232352
8494,1657994.2698852287
8495,1657994.2727128174
8496,1657994.2728025327
8497,1657994.2765513367
8498,1657994.2721510304
8499,1657994.2679179653
8500,1657994.2703366664
8501,1657994.2766233566
8502,1657994.2730424865
8503,1657994.2692711975
8504,1657994.2718000188
8505,1657994.2679044155
8506,1657994.2653040001
8507,1657994.2688771929
8508,1657994.2756655705
8509,1657994.2746772545
8510,1657994.2784169689
8511,1657994.2678232542
8512,1657994.2716933708
8513,1657994.2723705382
8514,1657994.2700211192
8515,1657994.2675716137
8516,1657994.274110648
8517,1657994.2670908468
8518,1657994.2687014893
8519,1657994.2730344592
8520,1657994.2712979913
8521,1657994.2723608126
8522,1657994.2709409718
8523,1657994.270028005
8524,1657994.26758209
8525,1657994.2671452656
8526,1657994.2687723187
8527,1657994.277049228
8528,1657994.2738732407
8529,1657994.2715056003
8530,1657994.2704349686
8531,1657994.273095028
8532,1657994.2672413632
8533,1657994.2751965246
8534,1657994.2704314932
8535,1657994.267737588
8536,1657994.2679294965
8537,1657994.26889863
8538,1657994.2760211003
8539,1657994.2694298169
8540,1657994.2719793597
8541,1657994.271463703
8542,1657994.2704721035
8543,1657994.279035424
8544,1657994.2721287312
8545,1657994.2725862477
8546,1657994.2707695188
8547,1657994.2763821841
8548,1657994.275294185
8549,1657994.263375809
8550,1657994.2689354974
8551,1657994.2698094912
8552,1657994.277374734
8553,1657994.27154734
8554,1657994.2714688028
8555,1657994.2738150402
8556,1657994.2749981713
8557,1657994.272451694
8558,1657994.2728963972
8559,1657994.2686983896
8560,1657994.2710900693
8561,1657994.2755875438
8562,1657994.2697954532
8563,1657994.281821355
8564,1657994.2732083537
8565,1657994.2668614544
8566,1657994.267177079
8567,1657994.2767645614
8568,1657994.272636586
8569,1657994.2717990547
8570,1657994.2701545937
8571,1657994.268094845
8572,1657994.2739985944
8573,1657994.2692861368
8574,1657994.273123854
8575,1657994.272778709
8576,1657994.2783293664
8577,1657994.2749691573
8578,1657994.2722978345
8579,1657994.269087749
8580,1657994.2742459415
8581,1657994.2643163973
8582,1657994.268499417
8583,1657994.2721569426
8584,1657994.273977349
8585,1657994.2690400798
8586,1657994.271677901
8587,1657994.2743726457
8588,1657994.272908779
8589,1657994.2719912503
8590,1657994.2741824482
8591,1657994.2706791798
8592,1657994.2779798957
8593,1657994.2688731796
8594,1657994.2713511758
8595,1657994.2687761893
8596,1657994.2759723435
8597,1657994.2746935883
8598,1657994.2743907913
8599,1657994.270295503
8600,1657994.2703288954
8601,1657994.2718366093
8602,1657994.269847681
8603,1657994.2728448575
8604,1657994.2679727022
8605,1657994.273378472
8606,1657994.2665984675
8607,1657994.2712808712
8608,1657994.276178835
8609,1657994.2738905777
8610,1657994.2717361164
8611,1657994.2737062278
8612,1657994.2708304944
8613,1657994.2695450943
8614,1657994.2665448522
8615,1657994.264064324
8616,1657994.2733911937
8617,1657994.2673583734
8618,1657994.2673973988
8619,1657994.2711916966
8620,1657994.2780942582
8621,1657994.2704254794
8622,1657994.268782595
8623,1657994.2700968098
8624,1657994.2707717244
8625,1657994.2758749647
8626,1657994.2609280779
8627,1657994.271011523
8628,1657994.2714930896
8629,1657994.2712677591
8630,1657994.2734321419
8631,1657994.268076604
8632,1657994.268675842
8633,1657994.268206322
8634,1657994.2758062687
8635,1657994.2718696473
8636,1657994.272817029
8637,1657994.274421994
8638,1657994.2653839297
8639,1657994.2718021541
8640,1657994.2731900853
8641,1657994.273054645
8642,1657994.2685688867
8643,1657994.272442758
8644,1657994.272530326
8645,1657994.2665157318
8646,1657994.2705384572
8647,1657994.27540648
8648,1657994.2689418897
8649,1657994.2689140202
8650,1657994.2639319256
8651,1657994.271363025
8652,1657994.2755183338
8653,1657994.2671712763
8654,1657994.2701222023
8655,1657994.2693538119
8656,1657994.274868596
8657,1657994.2690349275
8658,1657994.2728583063
8659,1657994.2758118515
8660,1657994.2718210837
8661,1657994.272005131
8662,1657994.266104274
8663,1657994.2716873523
8664,1657994.2715300047
8665,1657994.267959099
8666,1657994.265361427
8667,1657994.2702021522
8668,1657994.2658005103
8669,1657994.2730176796
8670,1657994.2693669107
8671,1657994.2649135797
8672,1657994.2710690328
8673,1657994.2723144265
8674,1657994.2761934153
8675,1657994.2718761992
8676,1657994.2711183066
8677,1657994.2754671902
8678,1657994.2716865435
8679,1657994.2737399593
8680,1657994.2659255008
8681,1657994.271730871
8682,1657994.2732164173
8683,1657994.2718852798
8684,1657994.2698708542
8685,1657994.2717753495
8686,1657994.2661542953
8687,1657994.2716436393
8688,1657994.2724072651
8689,1657994.2704289805
8690,1657994.2685246568
8691,1657994.2715486374
8692,1657994.2742949924
8693,1657994.2709552885
8694,1657994.273003223
8695,1657994.268965228
8696,1657994.26749719
8697,1657994.2725808106
8698,1657994.271188087
8699,1657994.2669072377
8700,1657994.2618783566
8701,1657994.2751690906
8702,1657994.272922852
8703,1657994.273399372
8704,1657994.2686696395
8705,1657994.2752399517
8706,1657994.2733762956
8707,1657994.2761399916
8708,1657994.2683841367
8709,1657994.2696981702
8710,1657994.2707279988
8711,1657994.27066034
8712,1657994.2659057789
8713,1657994.2818094012
8714,1657994.2677856716
8715,1657994.2703001888
8716,1657994.274002811
8717,1657994.2655909983
8718,1657994.2730833702
8719,1657994.271497407
8720,1657994.270380103
8721,1657994.2706046922
8722,1657994.2698020076
8723,1657994.2675768663
8724,1657994.2689576147
8725,1657994.2716064127
8726,1657994.274039114
8727,1657994.2705135478
8728,1657994.2689971535
8729,1657994.272724943
8730,1657994.2687805272
8731,1657994.2704825965
8732,1657994.2649948522
8733,1657994.271695571
8734,1657994.2731612085
8735,1657994.2701260636
8736,1657994.271209424
8737,1657994.270236738
8738,1657994.270341569
8739,1657994.2681275855
8740,1657994.2696620575
8741,1657994.2714367553
8742,1657994.278373997
8743,1657994.2700965174
8744,1657994.271572948
8745,1657994.2688794062
8746,1657994.275905242
8747,1657994.274017585
8748,1657994.272555642
8749,1657994.2670244637
8750,1657994.2757323713
8751,1657994.274763489
8752,1657994.269570393
8753,1657994.2699945741
8754,1657994.2694571302
8755,1657994.2719311148
8756,1657994.2718581397
8757,1657994.2722947923
8758,1657994.2693350674
8759,1657994.26463522
8760,1657994.273532665
8761,1657994.274318319
8762,1657994.2631308846
8763,1657994.2686477404
8764,1657994.2702354616
8765,1657994.267722886
8766,1657994.2727697832
8767,1657994.273367404
8768,1657994.2712744458
8769,1657994.2703940812
8770,1657994.2711362594
8771,1657994.271136261
8772,1422113.5527928192
8773,1422113.5527928178
8774,1422113.5527928192
8775,1422113.5527928183
8776,1422113.5527928204
8777,1422113.5527928192
8778,1422113.552792819
8779,1422113.5527928192
8780,1422113.55279282
8781,1422113.5527928188
8782,1422113.5527928192
8783,1422113.5509176508
8784,1422113.5510035893
8785,1422113.5516652523
8786,1422113.5573464308
8787,1422113.5542224108
8788,1422113.5566745747
8789,1422113.5525198944
8790,1422113.552276435
8791,1422113.5526859378
8792,1422113.5516685492
8793,1422113.5516575293
8794,1422113.5466862489
8795,1422113.5553248867
8796,1422113.5546048644
8797,1422113.5502027303
8798,1422113.5547553494
8799,1422113.5573606796
8800,1422113.5505366817
8801,1422113.5539281326
8802,1422113.5522740937
8803,1422113.5555603679
8804,1422113.554322919
8805,1422113.556915147
8806,1422113.5518371281
8807,1422113.5546971536
8808,1422113.5472959813
8809,1422113.5518878964
8810,1422113.5529572086
8811,1422113.5545096244
8812,1422113.5502929483
8813,1422113.5505413115
8814,1422113.5499912102
8815,1422113.5490755523
8816,1422113.5514669355
8817,1422113.550473365
8818,1422113.551828408
8819,1422113.5533495862
8820,1422113.5499139542
8821,1422113.555015664
8822,1422113.557306056
8823,1422113.5488356901
8824,1422113.553529689
8825,1422113.5493646094
8826,1422113.5517037385
8827,1422113.553130093
8828,1422113.5495209678
8829,1422113.553216427
8830,1422113.5516378407
8831,1422113.5538108763
8832,1422113.553977502
8833,1422113.5514955546
8834,1422113.554232987
8835,1422113.552626462
8836,1422113.5542862336
8837,1422113.55420852
8838,1422113.5529391365
8839,1422113.5542061152
8840,1422113.5526986164
8841,1422113.5533650932
8842,1422113.5548216086
8843,1422113.550557675
8844,1422113.55169904
8845,1422113.55280257
8846,1422113.555069144
8847,1422113.5480019008
8848,1422113.5565652272
8849,1422113.553171411
8850,1422113.5498523759
8851,1422113.5523813665
8852,1422113.547783568
8853,1422113.5511320413
8854,1422113.5538792436
8855,1422113.5534880236
8856,1422113.5529925367
8857,1422113.551059746
8858,1422113.5501777572
8859,1422113.5506839596
8860,1422113.5569542837
8861,1422113.5528363374
8862,1422113.552372216
8863,1422113.5499269844
8864,1422113.553402714
8865,1422113.55258349
8866,1422113.5501938977
8867,1422113.5511263767
8868,1422113.5490509004
8869,1422113.5557128293
8870,1422113.5537963433
8871,1422113.556752704
8872,1422113.5548162598
8873,1422113.5555584023
8874,1422113.551262514
8875,1422113.5543761428
8876,1422113.552133686
8877,1422113.553896883
8878,1422113.5535160168
8879,1422113.551354731
8880,1422113.551761124
8881,1422113.5526198375
8882,1422113.5578421562
8883,1422113.5540830712
8884,1422113.5536921832
8885,1422113.5564148237
8886,1422113.5530548277
8887,1422113.5493618152
8888,1422113.5529674035
8889,1422113.55005407
8890,1422113.5530460132
8891,1422113.5540245138
8892,1422113.554803741
8893,1422113.5562808989
8894,1422113.5518783173
8895,1422113.5488320792
8896,1422113.5557409455
8897,1422113.5500610874
8898,1422113.5483067713
8899,1422113.549884344
8900,1422113.550564963
8901,1422113.548892722
8902,1422113.5527576832
8903,1422113.5549624818
8904,1422113.5540676997
8905,1422113.551297409
8906,1422113.5520950644
8907,1422113.554514728
8908,1422113.5511347642
8909,1422113.5523635906
8910,1422113.554467289
8911,1422113.551100311
8912,1422113.5578774638
8913,1422113.552741424
8914,1422113.5545005694
8915,1422113.5556274783
8916,1422113.5528247145
8917,1422113.5534352213
8918,1422113.553228864
8919,1422113.5518143037
8920,1422113.5562672839
8921,1422113.5536369025
8922,1422113.5554148597
8923,1422113.5559905916
8924,1422113.5509469656
8925,1422113.552557689
8926,1422113.5516247323
8927,1422113.553059049
8928,1422113.5529316664
8929,1422113.5515702574
8930,1422113.550722003
8931,1422113.552496234
8932,1422113.5509734978
8933,1422113.550316223
8934,1422113.5500186868
8935,1422113.552087327
8936,1422113.54967682
8937,1422113.5597227986
8938,1422113.553047621
8939,1422113.5533706516
8940,1422113.550091934
8941,1422113.5573378454
8942,1422113.554245022
8943,1422113.5536271217
8944,1422113.5490796883
8945,1422113.5563727014
8946,1422113.552792218
8947,1422113.550244468
8948,1422113.5543167861
8949,1422113.5537917053
8950,1422113.5501554469
8951,1422113.5548634226
8952,1422113.5496707305
8953,1422113.5551064524
8954,1422113.5550892036
8955,1422113.554808716
8956,1422113.5526607854
8957,1422113.5535152396
8958,1422113.5514240437
8959,1422113.5511231355
8960,1422113.5505881296
8961,1422113.5520144568
8962,1422113.5529028391
8963,1422113.5521619022
8964,1422113.5504288557
8965,1422113.555524528
8966,1422113.551290828
8967,1422113.556866056
8968,1422113.5534855954
8969,1422113.5523652486
8970,1422113.5538514364
8971,1422113.5520916297
8972,1422113.5568126508
8973,1422113.554182489
8974,1422113.5504925156
8975,1422113.5572332304
8976,1422113.5522989447
8977,1422113.5504827907
8978,1422113.553290496
8979,1422113.5520059962
8980,1422113.556125486
8981,1422113.5555308484
8982,1422113.5512337508
8983,1422113.5539466704
8984,1422113.552995143
8985,1422113.5515332653
8986,1422113.5530397198
8987,1422113.550596737
8988,1422113.5498251857
8989,1422113.5524418512
8990,1422113.5529196225
8991,1422113.552855936
8992,1422113.5531899482
8993,1422113.5514773007
8994,1422113.5555837518
8995,1422113.550256568
8996,1422113.5508118616
8997,1422113.5538785493
8998,1422113.5518336764
8999,1422113.5506984885
9000,1422113.5555097726
9001,1422113.552643827
9002,1422113.5506190096
9003,1422113.5531192168
9004,1422113.5530144603
9005,1422113.5544739538
9006,1422113.5531530727
9007,1422113.5508326513
9008,1422113.5534243386
9009,1422113.5520457027
9010,1422113.5550227622
9011,1422113.5509089446
9012,1422113.553340629
9013,1422113.554317944
9014,1422113.5514785307
9015,1422113.5513235228
9016,1422113.5534054353
9017,1422113.5559920452
9018,1422113.5514641881
9019,1422113.5509235696
9020,1422113.552084328
9021,1422113.5499257264
9022,1422113.5505147725
9023,1422113.5545274348
9024,1422113.5537390604
9025,1422113.549832898
9026,1422113.5550269939
9027,1422113.5505289522
9028,1422113.550711768
9029,1422113.5525493955
9030,1422113.5535920276
9031,1422113.5550469833
9032,1422113.5543049446
9033,1422113.5524215456
9034,1422113.550363237
9035,1422113.5551107125
9036,1422113.5520181726
9037,1422113.5528649227
9038,1422113.553173073
9039,1422113.557420676
9040,1422113.5536442532
9041,1422113.5545106886
9042,1422113.55330416
9043,1422113.5558319532
9044,1422113.5504784973
9045,1422113.5551053968
9046,1422113.5518906144
9047,1422113.5512194287
9048,1422113.5534028227
9049,1422113.5528183654
9050,1422113.550912151
9051,1422113.5526620313
9052,1422113.5527721492
9053,1422113.5492256493
9054,1422113.554281806
9055,1422113.5518238046
9056,1422113.549705501
9057,1422113.554813093
9058,1422113.5545254098
9059,1422113.553944008
9060,1422113.551531618
9061,1422113.5493604909
9062,1422113.5541798733
9063,1422113.554622037
9064,1422113.5527180703
9065,1422113.5500529276
9066,1422113.5541353049
9067,1422113.552125621
9068,1422113.553148052
9069,1422113.552149008
9070,1422113.55219397
9071,1422113.554183543
9072,1422113.5578859674
9073,1422113.5526833541
9074,1422113.5501354572
9075,1422113.5542808955
9076,1422113.554353796
9077,1422113.549248691
9078,1422113.55268761
9079,1422113.554406437
9080,1422113.555988455
9081,1422113.552552804
9082,1422113.5514996753
9083,1422113.5531872744
9084,1422113.5497115054
9085,1422113.5507371065
9086,1422113.551245643
9087,1422113.551943821
9088,1422113.5517185852
9089,1422113.5510183207
9090,1422113.5512339594
9091,1422113.5523472128
9092,1422113.549839848
9093,1422113.5559177792
9094,1422113.548802948
9095,1422113.5512419315
9096,1422113.5565415293
9097,1422113.5507392553
9098,1422113.5520873351
9099,1422113.5536592936
9100,1422113.5517108263
9101,1422113.5558334673
9102,1422113.5522949612
9103,1422113.5545477574
9104,1422113.553932378
9105,1422113.5515911474
9106,1422113.5501045359
9107,1422113.5548063712
9108,1422113.5551529685
9109,1422113.5540597339
9110,1422113.5535580507
9111,1422113.5509247412
9112,1422113.5552885947
9113,1422113.5477511873
9114,1422113.5510964242
9115,1422113.5514642403
9116,1422113.5495716892
9117,1422113.5539600463
9118,1422113.553082914
9119,1422113.5527718954
9120,1422113.552046888
9121,1422113.553155848
9122,1422113.5552336792
9123,1422113.5543008817
9124,1422113.555927043
9125,1422113.5516487425
9126,1422113.5538863274
9127,1422113.5507487564
9128,1422113.5501398079
9129,1422113.5529534859
9130,1422113.5531538692
9131,1422113.5522066075
9132,1422113.5556286203
9133,1422113.549684019
9134,1422113.5539958775
9135,1422113.549586286
9136,1422113.553296616
9137,1422113.556197539
9138,1422113.5501048998
9139,1422113.5543933683
9140,1422113.5493638588
9141,1422113.5548835266
9142,1422113.5575324274
9143,1422113.552932995
9144,1422113.5524827684
9145,1422113.5503855678
9146,1422113.5530833458
9147,1422113.558633844
9148,1422113.5527454203
9149,1422113.5512574206
9150,1422113.5501733106
9151,1422113.5541429056
9152,1422113.5561061571
9153,1422113.5566638191
9154,1422113.5544828353
9155,1422113.5542228569
9156,1422113.550344492
9157,1422113.5506005802
9158,1422113.55391352
9159,1422113.5548527238
9160,1422113.55340882
9161,1422113.550224532
9162,1422113.550908852
9163,1422113.5515971617
9164,1422113.549585688
9165,1422113.5548006552
9166,1422113.551409379
9167,1422113.5552703463
9168,1422113.5535794173
9169,1422113.5524912635
9170,1422113.5529067835
9171,1422113.5550404983
9172,1422113.5570092567
9173,1422113.5509601075
9174,1422113.5527902304
9175,1422113.5524672538
9176,1422113.549744692
9177,1422113.5513282942
9178,1422113.5519687831
9179,1422113.5549675808
9180,1422113.5488987754
9181,1422113.5545772787
9182,1422113.5543658128
9183,1422113.5549716246
9184,1422113.5518747726
9185,1422113.5551894458
9186,1422113.5519176698
9187,1422113.550070797
9188,1422113.549384066
9189,1422113.5520641897
9190,1422113.5494668337
9191,1422113.554716794
9192,1422113.5539790795
9193,1422113.5538800342
9194,1422113.5546865936
9195,1422113.5518321095
9196,1422113.5483252835
9197,1422113.5502340624
9198,1422113.5511577702
9199,1422113.5522066837
9200,1422113.5522555283
9201,1422113.5521838693
9202,1422113.5540611548
9203,1422113.5536981786
9204,1422113.5555394976
9205,1422113.552614991
9206,1422113.5546457744
9207,1422113.5521142248
9208,1422113.5539626381
9209,1422113.5527961852
9210,1422113.5506925564
9211,1422113.5531331394
9212,1422113.5551519615
9213,1422113.5518601355
9214,1422113.5522060397
9215,1422113.5493612299
9216,1422113.5537192086
9217,1422113.5552103342
9218,1422113.5566414893
9219,1422113.5535660144
9220,1422113.5497835926
9221,1422113.5540873776
9222,1422113.550671042
9223,1422113.552826034
9224,1422113.5509139444
9225,1422113.5530836992
9226,1422113.5534924197
9227,1422113.5511583968
9228,1422113.555701169
9229,1422113.552930605
9230,1422113.551654512
9231,1422113.5521224674
9232,1422113.5541022262
9233,1422113.554217574
9234,1422113.553132893
9235,1422113.5523560485
9236,1422113.5515970765
9237,1422113.5506165146
9238,1422113.5541362949
9239,1422113.5557631908
9240,1422113.5544559376
9241,1422113.5565725365
9242,1422113.5506803137
9243,1422113.5515100113
9244,1422113.5532374138
9245,1422113.5516343513
9246,1422113.5523175308
9247,1422113.5556461727
9248,1422113.5513515263
9249,1422113.5527529486
9250,1422113.5513969357
9251,1422113.5533695074
9252,1422113.5545703515
9253,1422113.5527995015
9254,1422113.5515673172
9255,1422113.5507293378
9256,1422113.550904994
9257,1422113.5521556146
9258,1422113.5546946668
9259,1422113.5530706488
9260,1422113.5529207087
9261,1422113.5525330286
9262,1422113.553108202
9263,1422113.5493703017
9264,1422113.5548400176
9265,1422113.5517014458
9266,1422113.5506646282
9267,1422113.5521063707
9268,1422113.5532737651
9269,1422113.5563637319
9270,1422113.5522839539
9271,1422113.552098933
9272,1422113.5535405416
9273,1422113.5550896302
9274,1422113.555688508
9275,1422113.5529445058
9276,1422113.5547053583
9277,1422113.5519140866
9278,1422113.5561732806
9279,1422113.5544451897
9280,1422113.5498533263
9281,1422113.5510292635
9282,1422113.5513854392
9283,1422113.5552792435
9284,1422113.5529760793
9285,1422113.5516898541
9286,1422113.553969976
9287,1422113.5544854382
9288,1422113.5540801748
9289,1422113.5532507352
9290,1422113.5524486436
9291,1422113.5514012633
9292,1422113.554071586
9293,1422113.5522969891
9294,1422113.5563562384
9295,1422113.5528016114
9296,1422113.5520176608
9297,1422113.5496353654
9298,1422113.5544310687
9299,1422113.5525942433
9300,1422113.5537770854
9301,1422113.5509796068
9302,1422113.5501737595
9303,1422113.552772089
9304,1422113.5536634086
9305,1422113.5529143964
9306,1422113.552394738
9307,1422113.556268539
9308,1422113.5540863306
9309,1422113.5536840775
9310,1422113.5509547938
9311,1422113.5545315237
9312,1422113.5504759892
9313,1422113.5512509905
9314,1422113.5531982891
9315,1422113.5539771481
9316,1422113.5530273698
9317,1422113.5533215594
9318,1422113.5531127893
9319,1422113.5532957178
9320,1422113.5530374483
9321,1422113.5551718809
9322,1422113.553260715
9323,1422113.554225337
9324,1422113.5516740389
9325,1422113.5522176654
9326,1422113.551271702
9327,1422113.554779747
9328,1422113.5542876953
9329,1422113.5550267266
9330,1422113.5527716586
9331,1422113.5527105113
9332,1422113.5527578513
9333,1422113.551836867
9334,1422113.5537289476
9335,1422113.552320537
9336,1422113.5534350062
9337,1422113.5513695523
9338,1422113.5529519583
9339,1422113.5538221032
9340,1422113.5528248346
9341,1422113.5519737469
9342,1422113.5539500106
9343,1422113.5535856977
9344,1422113.5513054044
9345,1422113.55193144
9346,1422113.551202799
9347,1422113.554608315
9348,1422113.5522069219
9349,1422113.5512630006
9350,1422113.553073214
9351,1422113.555854813
9352,1422113.5522129103
9353,1422113.552295581
9354,1422113.5519065694
9355,1422113.551924232
9356,1422113.5546369154
9357,1422113.5502316232
9358,1422113.5531859065
9359,1422113.5528312624
9360,1422113.5526469552
9361,1422113.555393863
9362,1422113.5507207247
9363,1422113.5516698458
9364,1422113.551441706
9365,1422113.5549119099
9366,1422113.5533459007
9367,1422113.5541104139
9368,1422113.5549789642
9369,1422113.551569001
9370,1422113.5514880365
9371,1422113.5533221378
9372,1422113.5540232225
9373,1422113.5506756993
9374,1422113.5537063277
9375,1422113.552804832
9376,1422113.5510687446
9377,1422113.5530565165
9378,1422113.553420624
9379,1422113.552898282
9380,1422113.552993838
9381,1422113.5494833484
9382,1422113.5527636942
9383,1422113.5536209461
9384,1422113.5496269413
9385,1422113.551704819
9386,1422113.5524448243
9387,1422113.5549370998
9388,1422113.5536337208
9389,1422113.5516861053
9390,1422113.553992814
9391,1422113.5512521863
9392,1422113.5524901806
9393,1422113.550613931
9394,1422113.5529560943
9395,1422113.5528210765
9396,1422113.5520062456
9397,1422113.5500540743
9398,1422113.5524096608
9399,1422113.550272442
9400,1422113.5538705345
9401,1422113.5509846502
9402,1422113.5521158
9403,1422113.5521147011
9404,1422113.5533444814
9405,1422113.5535341962
9406,1422113.551250287
9407,1422113.5525174174
9408,1422113.5533783068
9409,1422113.5539444012
9410,1422113.552108737
9411,1422113.551938351
9412,1422113.5530811357
9413,1422113.5534931852
9414,1422113.5519399848
9415,1422113.5503890293
9416,1422113.5542228373
9417,1422113.5510053725
9418,1422113.5510551713
9419,1422113.5511724867
9420,1422113.5541419245
9421,1422113.5517085665
9422,1422113.5530304783
9423,1422113.5539031902
9424,1422113.5528569906
9425,1422113.5533921844
9426,1422113.5519773287
9427,1422113.5507148458
9428,1422113.5545301097
9429,1422113.5528733975
9430,1422113.5513107574
9431,1422113.5505583216
9432,1422113.5527372493
9433,1422113.5538411762
9434,1422113.5528993276
9435,1422113.5518520446
9436,1422113.555494243
9437,1422113.5530722258
9438,1422113.554507345
9439,1422113.5521760539
9440,1422113.5534346802
9441,1422113.5515672714
9442,1422113.5527562757
9443,1422113.5513493873
9444,1422113.555886772
9445,1422113.5514886254
9446,1422113.5534574774
9447,1422113.5548310624
9448,1422113.5500652036
9449,1422113.552391077
9450,1422113.5524204362
9451,1422113.5524072244
9452,1422113.5517713479
9453,1422113.5524227433
9454,1422113.550428084
9455,1422113.5519502757
9456,1422113.5534681496
9457,1422113.5538240294
9458,1422113.552744304
9459,1422113.551261128
9460,1422113.5538280555
9461,1422113.548458412
9462,1422113.552128133
9463,1422113.549007448
9464,1422113.5522561995
9465,1422113.5543000633
9466,1422113.551641696
9467,1422113.5537110346
9468,1422113.5519795925
9469,1422113.5528122375
9470,1422113.551131067
9471,1422113.552914669
9472,1422113.5530614068
9473,1422113.55586559
9474,1422113.552417061
9475,1422113.5533312107
9476,1422113.5520974626
9477,1422113.5546690493
9478,1422113.5554186834
9479,1422113.5532249017
9480,1422113.5512524596
9481,1422113.5536185391
9482,1422113.5543847885
9483,1422113.5533992876
9484,1422113.5519912397
9485,1422113.5530520862
9486,1422113.553745737
9487,1422113.5529264063
9488,1422113.5521756732
9489,1422113.5519194806
9490,1422113.5501491842
9491,1422113.5542692584
9492,1422113.5548710285
9493,1422113.54870072
9494,1422113.5503968524
9495,1422113.5534072625
9496,1422113.5519262666
9497,1422113.552646086
9498,1422113.5535077215
9499,1422113.5525417216
9500,1422113.5519430237
9501,1422113.552792819
9502,1422113.5527928188
9503,1147108.3100862834
9504,1147108.3100862831
9505,1147108.3100862831
9506,1147108.3100862815
9507,1147108.3100862827
9508,1147108.310086282
9509,1147108.3100862817
9510,1147108.310086284
9511,1147108.3100862843
9512,1147108.3100862838
9513,1147108.3100862834
9514,1147108.310317742
9515,1147108.309933396
9516,1147108.3100695384
9517,1147108.3109684107
9518,1147108.3080183144
9519,1147108.3114467945
9520,1147108.310559897
9521,1147108.3108469741
9522,1147108.3102576446
9523,1147108.31025593
9524,1147108.3094953997
9525,1147108.3056439087
9526,1147108.3136199638
9527,1147108.3100586883
9528,1147108.308191703
9529,1147108.3096264447
9530,1147108.3110599185
9531,1147108.312170947
9532,1147108.3098588183
9533,1147108.310451355
9534,1147108.3108129238
9535,1147108.310012776
9536,1147108.313898041
9537,1147108.3093325964
9538,1147108.3102144
9539,1147108.3095460772
9540,1147108.308636836
9541,1147108.3102201112
9542,1147108.31121268
9543,1147108.307792872
9544,1147108.3088559848
9545,1147108.3091672848
9546,1147108.3076213805
9547,1147108.3104709082
9548,1147108.3097634292
9549,1147108.3085311744
9550,1147108.3106739742
9551,1147108.3068319038
9552,1147108.3128160439
9553,1147108.3125795918
9554,1147108.3072923066
9555,1147108.3090340784
9556,1147108.3083165963
9557,1147108.3101237689
9558,1147108.3122179457
9559,1147108.3083726007
9560,1147108.3098701593
9561,1147108.312627737
9562,1147108.3114328708
9563,1147108.309754184
9564,1147108.3089972395
9565,1147108.311275825
9566,1147108.312377652
9567,1147108.310212218
9568,1147108.3093642674
9569,1147108.3093417936
9570,1147108.3124480718
9571,1147108.3088368713
9572,1147108.3120215791
9573,1147108.3129591576
9574,1147108.309862807
9575,1147108.3105148014
9576,1147108.3087614928
9577,1147108.3103566158
9578,1147108.3080868467
9579,1147108.3117069316
9580,1147108.310655418
9581,1147108.304078131
9582,1147108.30959578
9583,1147108.3085597092
9584,1147108.3102763433
9585,1147108.311426754
9586,1147108.308159151
9587,1147108.3101376838
9588,1147108.3099065851
9589,1147108.3095236837
9590,1147108.3088874808
9591,1147108.3137206302
9592,1147108.3092239476
9593,1147108.3095296933
9594,1147108.308636829
9595,1147108.3096369775
9596,1147108.3099873012
9597,1147108.3073103137
9598,1147108.3096796165
9599,1147108.310496144
9600,1147108.3133652918
9601,1147108.311617729
9602,1147108.3121259827
9603,1147108.3107055638
9604,1147108.3104013784
9605,1147108.309291829
9606,1147108.3110856274
9607,1147108.3115695352
9608,1147108.3104027556
9609,1147108.3098080507
9610,1147108.3099708795
9611,1147108.3099037677
9612,1147108.30937012
9613,1147108.309785409
9614,1147108.3109975643
9615,1147108.3104679259
9616,1147108.3123819204
9617,1147108.309260824
9618,1147108.3069568316
9619,1147108.309229354
9620,1147108.3095666158
9621,1147108.311345436
9622,1147108.311164301
9623,1147108.3109271228
9624,1147108.3133059624
9625,1147108.3119551206
9626,1147108.3110198562
9627,1147108.3126258964
9628,1147108.3100036413
9629,1147108.310080547
9630,1147108.3087263282
9631,1147108.3094439774
9632,1147108.308349198
9633,1147108.3100027826
9634,1147108.3112056497
9635,1147108.3124444785
9636,1147108.3104098875
9637,1147108.30972674
9638,1147108.3125016585
9639,1147108.3105004732
9640,1147108.3108349903
9641,1147108.313100748
9642,1147108.3083051934
9643,1147108.3140890049
9644,1147108.3115093359
9645,1147108.3119327042
9646,1147108.311921649
9647,1147108.3096383053
9648,1147108.3105183784
9649,1147108.311587038
9650,1147108.3103235262
9651,1147108.3129421086
9652,1147108.309409214
9653,1147108.3139395993
9654,1147108.3124247463
9655,1147108.310971895
9656,1147108.3123657582
9657,1147108.3104771464
9658,1147108.3115525467
9659,1147108.309475617
9660,1147108.3091664817
9661,1147108.3093217502
9662,1147108.3118988783
9663,1147108.3077789282
9664,1147108.3095189272
9665,1147108.309589299
9666,1147108.308916963
9667,1147108.3090292402
9668,1147108.3125930466
9669,1147108.3112096023
9670,1147108.3107703754
9671,1147108.307166259
9672,1147108.311760926
9673,1147108.3103077468
9674,1147108.310775536
9675,1147108.308008148
9676,1147108.3110660012
9677,1147108.3088111263
9678,1147108.3086208096
9679,1147108.3102767966
9680,1147108.312373902
9681,1147108.3090299955
9682,1147108.3113126685
9683,1147108.3097890597
9684,1147108.3103650457
9685,1147108.312824878
9686,1147108.3113056538
9687,1147108.3097375
9688,1147108.3096395358
9689,1147108.3103868857
9690,1147108.308660813
9691,1147108.309722774
9692,1147108.3084779163
9693,1147108.309811275
9694,1147108.3093291898
9695,1147108.3076496506
9696,1147108.310728407
9697,1147108.3077021472
9698,1147108.3139969727
9699,1147108.3093568562
9700,1147108.3082698975
9701,1147108.3061182597
9702,1147108.3095767498
9703,1147108.3104393987
9704,1147108.3109344451
9705,1147108.3105087085
9706,1147108.3118102972
9707,1147108.309844879
9708,1147108.3074582517
9709,1147108.3106900468
9710,1147108.3078752714
9711,1147108.3128368498
9712,1147108.311285409
9713,1147108.30983552
9714,1147108.3088464416
9715,1147108.311999554
9716,1147108.3085796086
9717,1147108.3107471985
9718,1147108.3082717804
9719,1147108.3065080922
9720,1147108.309088857
9721,1147108.3094440764
9722,1147108.3106323346
9723,1147108.3090778575
9724,1147108.309034314
9725,1147108.3096462393
9726,1147108.3072737516
9727,1147108.3093736107
9728,1147108.3128225738
9729,1147108.312576789
9730,1147108.309587454
9731,1147108.3081572251
9732,1147108.311321387
9733,1147108.3064402496
9734,1147108.309827877
9735,1147108.3092120856
9736,1147108.3099264351
9737,1147108.3099795072
9738,1147108.3082321389
9739,1147108.311281564
9740,1147108.3099548635
9741,1147108.3117686186
9742,1147108.307900052
9743,1147108.3095316768
9744,1147108.3111690392
9745,1147108.3079068018
9746,1147108.3103809352
9747,1147108.3096834123
9748,1147108.3121570004
9749,1147108.3095624708
9750,1147108.3108082712
9751,1147108.31040693
9752,1147108.3076382414
9753,1147108.3082717468
9754,1147108.3093547428
9755,1147108.31182539
9756,1147108.3091569527
9757,1147108.3103853038
9758,1147108.3088348599
9759,1147108.3090948546
9760,1147108.3093224354
9761,1147108.3106004226
9762,1147108.3116386484
9763,1147108.311414565
9764,1147108.308763615
9765,1147108.3084147717
9766,1147108.310874295
9767,1147108.3095880158
9768,1147108.309924166
9769,1147108.3105644356
9770,1147108.3124658754
9771,1147108.3136999065
9772,1147108.3129066841
9773,1147108.3101800557
9774,1147108.3128668051
9775,1147108.3082045848
9776,1147108.3101505786
9777,1147108.3097933019
9778,1147108.3083230094
9779,1147108.3108667796
9780,1147108.3103263949
9781,1147108.3089275484
9782,1147108.3094248057
9783,1147108.31030315
9784,1147108.3083650512
9785,1147108.312061087
9786,1147108.3100156996
9787,1147108.3083145204
9788,1147108.3109457514
9789,1147108.310657766
9790,1147108.3103855534
9791,1147108.3086882522
9792,1147108.3065707474
9793,1147108.3106258763
9794,1147108.3097192405
9795,1147108.3101286916
9796,1147108.3078794447
9797,1147108.3118332513
9798,1147108.3097455797
9799,1147108.3099450637
9800,1147108.3099451647
9801,1147108.3093069033
9802,1147108.31006421
9803,1147108.3125298736
9804,1147108.3087844474
9805,1147108.3070845571
9806,1147108.311829486
9807,1147108.3120017536
9808,1147108.3072575843
9809,1147108.3092410385
9810,1147108.3114247504
9811,1147108.3109954246
9812,1147108.3098677986
9813,1147108.3090655035
9814,1147108.3115396004
9815,1147108.3075162014
9816,1147108.307510583
9817,1147108.3067793213
9818,1147108.31034451
9819,1147108.3070764672
9820,1147108.309000488
9821,1147108.3071429462
9822,1147108.3112635426
9823,1147108.307081333
9824,1147108.3125550363
9825,1147108.307393745
9826,1147108.3099067525
9827,1147108.3113863738
9828,1147108.3093749916
9829,1147108.307871078
9830,1147108.3114772227
9831,1147108.3106482744
9832,1147108.310628615
9833,1147108.3077191398
9834,1147108.309179502
9835,1147108.3103545925
9836,1147108.3095424504
9837,1147108.3078821825
9838,1147108.3112253854
9839,1147108.311384053
9840,1147108.3111750004
9841,1147108.3114630945
9842,1147108.3093258934
9843,1147108.314017329
9844,1147108.3061962642
9845,1147108.309476386
9846,1147108.307673895
9847,1147108.3070623311
9848,1147108.3140993353
9849,1147108.3088094816
9850,1147108.3106823317
9851,1147108.3084253427
9852,1147108.308968916
9853,1147108.3103712988
9854,1147108.3111733473
9855,1147108.3113821
9856,1147108.3070730348
9857,1147108.3093593356
9858,1147108.3080808334
9859,1147108.3086814934
9860,1147108.3127039196
9861,1147108.3119720826
9862,1147108.3107967186
9863,1147108.3097942749
9864,1147108.306253193
9865,1147108.3116632793
9866,1147108.3088408038
9867,1147108.3112271728
9868,1147108.3113899599
9869,1147108.3098362833
9870,1147108.3117917108
9871,1147108.3094448042
9872,1147108.3107950592
9873,1147108.3138824424
9874,1147108.3087675422
9875,1147108.3081450376
9876,1147108.3080654172
9877,1147108.310490344
9878,1147108.3155374127
9879,1147108.3089149778
9880,1147108.3093097296
9881,1147108.30716698
9882,1147108.312129365
9883,1147108.3126159427
9884,1147108.313331603
9885,1147108.3107321707
9886,1147108.3113096915
9887,1147108.308519564
9888,1147108.3075300085
9889,1147108.308807575
9890,1147108.3097749634
9891,1147108.311971338
9892,1147108.3073677442
9893,1147108.3065440555
9894,1147108.3096605917
9895,1147108.308959889
9896,1147108.3110860894
9897,1147108.30759146
9898,1147108.3118874826
9899,1147108.3090548909
9900,1147108.310352229
9901,1147108.3089132775
9902,1147108.3101294958
9903,1147108.312896595
9904,1147108.3068808932
9905,1147108.3095453936
9906,1147108.3116693995
9907,1147108.3084435205
9908,1147108.3116151611
9909,1147108.3096834617
9910,1147108.3142354663
9911,1147108.3081613209
9912,1147108.3116497577
9913,1147108.311389653
9914,1147108.313031761
9915,1147108.3098072452
9916,1147108.3120731567
9917,1147108.311066374
9918,1147108.3074335847
9919,1147108.3075399864
9920,1147108.3071265973
9921,1147108.3061548856
9922,1147108.3113586495
9923,1147108.3107149545
9924,1147108.310699564
9925,1147108.3119216114
9926,1147108.3091854856
9927,1147108.3071929228
9928,1147108.306079763
9929,1147108.3072221675
9930,1147108.3104670001
9931,1147108.3119918462
9932,1147108.311055057
9933,1147108.3121367705
9934,1147108.3100807753
9935,1147108.3104791455
9936,1147108.3085729387
9937,1147108.3109393658
9938,1147108.3093269228
9939,1147108.311685396
9940,1147108.3115177173
9941,1147108.3097721983
9942,1147108.3101636658
9943,1147108.3100165478
9944,1147108.3066970946
9945,1147108.3097158105
9946,1147108.30719403
9947,1147108.3096867406
9948,1147108.310863521
9949,1147108.3124695055
9950,1147108.3088655458
9951,1147108.3092344992
9952,1147108.3139503773
9953,1147108.306345089
9954,1147108.30787692
9955,1147108.3088035497
9956,1147108.3085862242
9957,1147108.3093274299
9958,1147108.3075928171
9959,1147108.311763115
9960,1147108.3120991474
9961,1147108.3086471458
9962,1147108.3089803979
9963,1147108.3115513227
9964,1147108.3103808356
9965,1147108.3088249064
9966,1147108.3081171592
9967,1147108.3074458956
9968,1147108.3093886613
9969,1147108.3116416198
9970,1147108.3126965426
9971,1147108.3120047895
9972,1147108.312788682
9973,1147108.3099519392
9974,1147108.3100709103
9975,1147108.310833016
9976,1147108.3114990348
9977,1147108.309500397
9978,1147108.3104429797
9979,1147108.3099157743
9980,1147108.312543732
9981,1147108.310076746
9982,1147108.3122324604
9983,1147108.3098883727
9984,1147108.3102746068
9985,1147108.309667779
9986,1147108.309542365
9987,1147108.3097706772
9988,1147108.3099757454
9989,1147108.3116841533
9990,1147108.3107808935
9991,1147108.3096425547
9992,1147108.3117619955
9993,1147108.3098236776
9994,1147108.30810899
9995,1147108.3125948003
9996,1147108.3074074874
9997,1147108.308049363
9998,1147108.3116227754
9999,1147108.3107547967
10000,1147108.312153885
10001,1147108.3068233265
10002,1147108.311202089
10003,1147108.3106428538
10004,1147108.311786323
10005,1147108.3114033982
10006,1147108.3113579613
10007,1147108.3100599481
10008,1147108.310878645
10009,1147108.3107576568
10010,1147108.3094367308
10011,1147108.3074158102
10012,1147108.3099216286
10013,1147108.3098645527
10014,1147108.312181368
10015,1147108.3116211912
10016,1147108.3135085923
10017,1147108.3104751743
10018,1147108.3101714181
10019,1147108.3103800288
10020,1147108.3103840328
10021,1147108.308153284
10022,1147108.3069876905
10023,1147108.3100173897
10024,1147108.3112211318
10025,1147108.3122017307
10026,1147108.3094563712
10027,1147108.3099534912
10028,1147108.308237943
10029,1147108.312266403
10030,1147108.3127796175
10031,1147108.3092013432
10032,1147108.3085078546
10033,1147108.3097231737
10034,1147108.3117247303
10035,1147108.3111012976
10036,1147108.3094208317
10037,1147108.3094174212
10038,1147108.3113733262
10039,1147108.3084732052
10040,1147108.311270194
10041,1147108.308145278
10042,1147108.3100177643
10043,1147108.3069738485
10044,1147108.3084787016
10045,1147108.3117455873
10046,1147108.3088208402
10047,1147108.3085920152
10048,1147108.3080735528
10049,1147108.309557783
10050,1147108.3105786073
10051,1147108.310662417
10052,1147108.313077781
10053,1147108.3102956377
10054,1147108.3117462564
10055,1147108.3111296701
10056,1147108.3075550406
10057,1147108.3099542852
10058,1147108.3109766403
10059,1147108.3124206814
10060,1147108.3112202703
10061,1147108.3099879096
10062,1147108.3087733001
10063,1147108.307092054
10064,1147108.3096713687
10065,1147108.3103489322
10066,1147108.3096090124
10067,1147108.3100658914
10068,1147108.3092015537
10069,1147108.3099728979
10070,1147108.3117295539
10071,1147108.3105397776
10072,1147108.3126942876
10073,1147108.30976314
10074,1147108.3078043158
10075,1147108.3083166834
10076,1147108.3119579325
10077,1147108.3083530904
10078,1147108.309955583
10079,1147108.3078003826
10080,1147108.3106881958
10081,1147108.3104681887
10082,1147108.311550801
10083,1147108.3096337102
10084,1147108.3098966756
10085,1147108.3078047284
10086,1147108.31015536
10087,1147108.3100284985
10088,1147108.309112481
10089,1147108.3120125164
10090,1147108.3102778667
10091,1147108.3103267595
10092,1147108.311001981
10093,1147108.3063750989
10094,1147108.308071561
10095,1147108.3094335315
10096,1147108.3121237326
10097,1147108.3111217823
10098,1147108.3105759968
10099,1147108.3140680722
10100,1147108.30991742
10101,1147108.3106456224
10102,1147108.3095235873
10103,1147108.3101095986
10104,1147108.309073932
10105,1147108.309109133
10106,1147108.3124363013
10107,1147108.3088562812
10108,1147108.3098733255
10109,1147108.3129632953
10110,1147108.3113866826
10111,1147108.3090523458
10112,1147108.3078906252
10113,1147108.3105434324
10114,1147108.3098072144
10115,1147108.3084529154
10116,1147108.3100691724
10117,1147108.3095954699
10118,1147108.3105379588
10119,1147108.3108830322
10120,1147108.3093106304
10121,1147108.309412182
10122,1147108.310194856
10123,1147108.309831855
10124,1147108.3084184825
10125,1147108.3099022408
10126,1147108.309584228
10127,1147108.3097726358
10128,1147108.3092792411
10129,1147108.3110269061
10130,1147108.3086952472
10131,1147108.311520738
10132,1147108.3095673884
10133,1147108.3085489837
10134,1147108.3093421245
10135,1147108.3100419585
10136,1147108.3094446321
10137,1147108.310186371
10138,1147108.31017176
10139,1147108.3127954993
10140,1147108.3118329963
10141,1147108.3108077054
10142,1147108.309210322
10143,1147108.3098921222
10144,1147108.3116821717
10145,1147108.3101164815
10146,1147108.3087706137
10147,1147108.3096863432
10148,1147108.3112994938
10149,1147108.3088841685
10150,1147108.3102117218
10151,1147108.310214015
10152,1147108.3106192339
10153,1147108.3099682897
10154,1147108.3126888133
10155,1147108.310184591
10156,1147108.3105952113
10157,1147108.3108182468
10158,1147108.308486306
10159,1147108.3112169746
10160,1147108.3116175933
10161,1147108.3101416337
10162,1147108.3079348404
10163,1147108.3105122244
10164,1147108.3097328355
10165,1147108.3106733947
10166,1147108.3087660575
10167,1147108.3127025273
10168,1147108.3092476232
10169,1147108.3109603813
10170,1147108.3110260046
10171,1147108.3106912223
10172,1147108.3097929703
10173,1147108.3092654916
10174,1147108.3100735494
10175,1147108.3110772558
10176,1147108.3096076837
10177,1147108.308337067
10178,1147108.3107137347
10179,1147108.307362505
10180,1147108.3121098112
10181,1147108.3114623504
10182,1147108.3093577058
10183,1147108.310845549
10184,1147108.3081013714
10185,1147108.307457315
10186,1147108.3102626903
10187,1147108.3091941697
10188,1147108.3107192218
10189,1147108.308287241
10190,1147108.3103597006
10191,1147108.3091459242
10192,1147108.3078839406
10193,1147108.309727676
10194,1147108.308853114
10195,1147108.3117348377
10196,1147108.3112418202
10197,1147108.3092612363
10198,1147108.3101308427
10199,1147108.3086162112
10200,1147108.3097158833
10201,1147108.3098792965
10202,1147108.310408286
10203,1147108.310120071
10204,1147108.312188533
10205,1147108.3098633569
10206,1147108.3076450771
10207,1147108.3091406445
10208,1147108.3100879649
10209,1147108.3119190652
10210,1147108.3089142705
10211,1147108.310203924
10212,1147108.310246964
10213,1147108.311316973
10214,1147108.3090791218
10215,1147108.310019881
10216,1147108.3097622853
10217,1147108.309908755
10218,1147108.310258349
10219,1147108.3098566714
10220,1147108.3098521233
10221,1147108.3105184415
10222,1147108.3103896165
10223,1147108.310946869
10224,1147108.3083953212
10225,1147108.305299723
10226,1147108.3103610654
10227,1147108.3095491265
10228,1147108.3100437182
10229,1147108.3122031842
10230,1147108.3101871032
10231,1147108.3102260376
10232,1147108.310086284
10233,1147108.3100862843
10234,1019814.2367408868
10235,1019814.23674089
10236,1019814.2367408897
10237,1019814.236740888
10238,1019814.2367408875
10239,1019814.2367408883
10240,1019814.2367408872
10241,1019814.2367408883
10242,1019814.2367408888
10243,1019814.23674089
10244,1019814.2367408894
10245,1019814.2382959161
10246,1019814.241360506
10247,1019814.2425793184
10248,1019814.2343152917
10249,1019814.2365116974
10250,1019814.2339975511
10251,1019814.2373094041
10252,1019814.2341008559
10253,1019814.2321026654
10254,1019814.2371533191
10255,1019814.2354914941
10256,1019814.2372295633
10257,1019814.2364081925
10258,1019814.2352528005
10259,1019814.2406109087
10260,1019814.2350315116
10261,1019814.2345490227
10262,1019814.2448223823
10263,1019814.2371730455
10264,1019814.2357261407
10265,1019814.2340704588
10266,1019814.2364288007
10267,1019814.2339377486
10268,1019814.2354347369
10269,1019814.2367175551
10270,1019814.2396395266
10271,1019814.2348328175
10272,1019814.2368173533
10273,1019814.2338199244
10274,1019814.2391756097
10275,1019814.2380482887
10276,1019814.2348646878
10277,1019814.2405947146
10278,1019814.2357819348
10279,1019814.2412247917
10280,1019814.2351069622
10281,1019814.2378325565
10282,1019814.2389025118
10283,1019814.2360973303
10284,1019814.2323803765
10285,1019814.2406491555
10286,1019814.2343385299
10287,1019814.2387108451
10288,1019814.2401244834
10289,1019814.2320679127
10290,1019814.2389970969
10291,1019814.2322008726
10292,1019814.2371038533
10293,1019814.2321111608
10294,1019814.2390605274
10295,1019814.2397472281
10296,1019814.2362867156
10297,1019814.2365195163
10298,1019814.2335809489
10299,1019814.2345281234
10300,1019814.2317707154
10301,1019814.2375626804
10302,1019814.234438302
10303,1019814.2354731635
10304,1019814.231777993
10305,1019814.2432409048
10306,1019814.2368837235
10307,1019814.2398571388
10308,1019814.2373957232
10309,1019814.2391134698
10310,1019814.231650266
10311,1019814.2350862294
10312,1019814.2364573529
10313,1019814.2341444871
10314,1019814.2398871722
10315,1019814.2403385727
10316,1019814.2383135721
10317,1019814.237127308
10318,1019814.2366749232
10319,1019814.2368119954
10320,1019814.2424080307
10321,1019814.2379240819
10322,1019814.2351570596
10323,1019814.2334018358
10324,1019814.2367466679
10325,1019814.2376529668
10326,1019814.234645006
10327,1019814.2386467104
10328,1019814.2386197449
10329,1019814.2374055774
10330,1019814.2398864398
10331,1019814.2348501498
10332,1019814.2361298898
10333,1019814.2351429955
10334,1019814.2365529878
10335,1019814.235067856
10336,1019814.2346131055
10337,1019814.2360075235
10338,1019814.2381738094
10339,1019814.2364180654
10340,1019814.23906249
10341,1019814.2360658823
10342,1019814.2398105288
10343,1019814.2383918053
10344,1019814.2352779566
10345,1019814.2413668716
10346,1019814.2366903258
10347,1019814.2344460111
10348,1019814.2359640355
10349,1019814.2415032983
10350,1019814.2373221135
10351,1019814.2416891375
10352,1019814.2403133952
10353,1019814.2346228013
10354,1019814.2348343033
10355,1019814.2325179311
10356,1019814.2408843376
10357,1019814.2401008294
10358,1019814.2341272774
10359,1019814.2376252282
10360,1019814.2398641952
10361,1019814.2410677819
10362,1019814.239406788
10363,1019814.2378868102
10364,1019814.2366386545
10365,1019814.2391697539
10366,1019814.2307015734
10367,1019814.234707302
10368,1019814.2354279729
10369,1019814.2335959551
10370,1019814.2319255285
10371,1019814.2349752386
10372,1019814.2359168405
10373,1019814.2415493266
10374,1019814.2378064065
10375,1019814.2408273609
10376,1019814.2364113221
10377,1019814.2373975116
10378,1019814.2365173375
10379,1019814.2351053433
10380,1019814.238180861
10381,1019814.2369144512
10382,1019814.2354451469
10383,1019814.2303642516
10384,1019814.2341472543
10385,1019814.231943076
10386,1019814.2392589581
10387,1019814.2341323555
10388,1019814.2354499032
10389,1019814.2372327344
10390,1019814.2380232275
10391,1019814.2367387702
10392,1019814.2368140651
10393,1019814.238795527
10394,1019814.2384909508
10395,1019814.2396280932
10396,1019814.239663845
10397,1019814.2376473008
10398,1019814.2397564612
10399,1019814.234630083
10400,1019814.2378889716
10401,1019814.2356628131
10402,1019814.2385287104
10403,1019814.2369919068
10404,1019814.2320377545
10405,1019814.2373225532
10406,1019814.238558971
10407,1019814.2335080949
10408,1019814.236919256
10409,1019814.2368239553
10410,1019814.2367868528
10411,1019814.2409764442
10412,1019814.235202539
10413,1019814.2369509985
10414,1019814.2376600726
10415,1019814.2412890805
10416,1019814.233980273
10417,1019814.231399828
10418,1019814.23655905
10419,1019814.2347863961
10420,1019814.2409936636
10421,1019814.2344120495
10422,1019814.2373973422
10423,1019814.2361149649
10424,1019814.2377748702
10425,1019814.2367328918
10426,1019814.2375039546
10427,1019814.234862273
10428,1019814.2407056318
10429,1019814.2314189973
10430,1019814.2362682378
10431,1019814.2380395859
10432,1019814.2367337008
10433,1019814.2391928884
10434,1019814.232464668
10435,1019814.2369293418
10436,1019814.2362349642
10437,1019814.2366013958
10438,1019814.2348149507
10439,1019814.2375919565
10440,1019814.2402193752
10441,1019814.236613501
10442,1019814.2354398487
10443,1019814.2338323517
10444,1019814.2353065792
10445,1019814.2362035061
10446,1019814.2367540962
10447,1019814.2388191399
10448,1019814.2391937408
10449,1019814.2394174626
10450,1019814.236579207
10451,1019814.2362435078
10452,1019814.2351347595
10453,1019814.2378941226
10454,1019814.2356053157
10455,1019814.233745374
10456,1019814.2345169116
10457,1019814.2359784306
10458,1019814.2413857928
10459,1019814.2327136542
10460,1019814.2385852513
10461,1019814.2364846453
10462,1019814.2352858098
10463,1019814.2379191573
10464,1019814.2364962385
10465,1019814.2347788459
10466,1019814.2355867394
10467,1019814.2348642999
10468,1019814.2379892572
10469,1019814.2381811168
10470,1019814.2398019474
10471,1019814.2385015739
10472,1019814.236899857
10473,1019814.2398994942
10474,1019814.2362394497
10475,1019814.2376443921
10476,1019814.2294142208
10477,1019814.2397379001
10478,1019814.2318201482
10479,1019814.2363566175
10480,1019814.2355180283
10481,1019814.2352246095
10482,1019814.2375003624
10483,1019814.2357332149
10484,1019814.2355721323
10485,1019814.2357652921
10486,1019814.2352821397
10487,1019814.236228316
10488,1019814.2369235563
10489,1019814.2369992798
10490,1019814.2411038168
10491,1019814.2415140861
10492,1019814.2359086663
10493,1019814.232373813
10494,1019814.2339581269
10495,1019814.2383674987
10496,1019814.2358890716
10497,1019814.2360283198
10498,1019814.2380165241
10499,1019814.2396525159
10500,1019814.2365568802
10501,1019814.2351474575
10502,1019814.2389198818
10503,1019814.2332453937
10504,1019814.2352921742
10505,1019814.236962707
10506,1019814.2424198351
10507,1019814.2369173217
10508,1019814.2342756112
10509,1019814.2343697848
10510,1019814.2340412857
10511,1019814.2384077184
10512,1019814.238213466
10513,1019814.2384943514
10514,1019814.2360008957
10515,1019814.2354534033
10516,1019814.2341649759
10517,1019814.239608587
10518,1019814.236190639
10519,1019814.2363320871
10520,1019814.2355109872
10521,1019814.2389198268
10522,1019814.2376843696
10523,1019814.2372864662
10524,1019814.2390865823
10525,1019814.2356183678
10526,1019814.240711068
10527,1019814.23692386
10528,1019814.2379230639
10529,1019814.2365664813
10530,1019814.2372581569
10531,1019814.2393427346
10532,1019814.2326737611
10533,1019814.2378306873
10534,1019814.236283932
10535,1019814.23618979
10536,1019814.2317573057
10537,1019814.2388923152
10538,1019814.2364950071
10539,1019814.2391376464
10540,1019814.2351926055
10541,1019814.2372526596
10542,1019814.2346329765
10543,1019814.2385918763
10544,1019814.237233966
10545,1019814.2341992458
10546,1019814.2383347815
10547,1019814.2324213379
10548,1019814.2400474772
10549,1019814.2373832373
10550,1019814.2350235516
10551,1019814.2361505752
10552,1019814.2347339342
10553,1019814.2364248582
10554,1019814.2353903832
10555,1019814.237992874
10556,1019814.2393734152
10557,1019814.2377949773
10558,1019814.2376891519
10559,1019814.234553346
10560,1019814.240513523
10561,1019814.2324439865
10562,1019814.2433965345
10563,1019814.2402142351
10564,1019814.2400172327
10565,1019814.2364042196
10566,1019814.2351271082
10567,1019814.2342631527
10568,1019814.2363210713
10569,1019814.2380022556
10570,1019814.2380904512
10571,1019814.2385685407
10572,1019814.237621978
10573,1019814.23708391
10574,1019814.2351398794
10575,1019814.2393674053
10576,1019814.2387223367
10577,1019814.2354572212
10578,1019814.2363435058
10579,1019814.2430294345
10580,1019814.2381218561
10581,1019814.2421144168
10582,1019814.240719426
10583,1019814.2351336444
10584,1019814.2383089801
10585,1019814.2364727309
10586,1019814.2361501416
10587,1019814.2389520392
10588,1019814.235831931
10589,1019814.2368126609
10590,1019814.2371945782
10591,1019814.237013401
10592,1019814.2354505969
10593,1019814.2339709554
10594,1019814.2312212544
10595,1019814.2376977365
10596,1019814.2357329605
10597,1019814.2378417795
10598,1019814.2377828998
10599,1019814.2336509121
10600,1019814.2394700376
10601,1019814.2390967073
10602,1019814.2317287112
10603,1019814.2374284532
10604,1019814.2350056436
10605,1019814.2334962718
10606,1019814.2364877682
10607,1019814.2399284919
10608,1019814.2353580754
10609,1019814.2322433868
10610,1019814.235150096
10611,1019814.2410642474
10612,1019814.2371090931
10613,1019814.2377412929
10614,1019814.2366437331
10615,1019814.2351650575
10616,1019814.2365446188
10617,1019814.2381349022
10618,1019814.2359736977
10619,1019814.2379363185
10620,1019814.2370256673
10621,1019814.2386972612
10622,1019814.2339575811
10623,1019814.2404616252
10624,1019814.2360969534
10625,1019814.2414372857
10626,1019814.2403053449
10627,1019814.2325001365
10628,1019814.2388508951
10629,1019814.2346164128
10630,1019814.2349374429
10631,1019814.2352099376
10632,1019814.237270901
10633,1019814.2383977514
10634,1019814.2362243071
10635,1019814.232061425
10636,1019814.2369263538
10637,1019814.2387564153
10638,1019814.2399382216
10639,1019814.2361864502
10640,1019814.2407205733
10641,1019814.2380276802
10642,1019814.234673911
10643,1019814.2384878036
10644,1019814.2354063824
10645,1019814.2355484775
10646,1019814.2362282783
10647,1019814.2307495904
10648,1019814.2354581304
10649,1019814.2359689096
10650,1019814.2382259882
10651,1019814.2396199846
10652,1019814.2386636
10653,1019814.2357815283
10654,1019814.2370702389
10655,1019814.2331239763
10656,1019814.23698019
10657,1019814.2416343566
10658,1019814.2400314286
10659,1019814.2340123011
10660,1019814.2358349296
10661,1019814.2388293665
10662,1019814.2329839087
10663,1019814.2396792963
10664,1019814.2335070277
10665,1019814.2326367928
10666,1019814.2333052965
10667,1019814.2373106144
10668,1019814.2332493287
10669,1019814.2348309741
10670,1019814.2377396368
10671,1019814.2397212648
10672,1019814.2341490558
10673,1019814.2347719825
10674,1019814.2383378891
10675,1019814.2346290429
10676,1019814.2384142716
10677,1019814.2391226793
10678,1019814.2385121756
10679,1019814.2358312142
10680,1019814.2366564119
10681,1019814.2333809204
10682,1019814.2344183215
10683,1019814.2358077684
10684,1019814.2390432508
10685,1019814.2357208804
10686,1019814.2400998386
10687,1019814.2395275653
10688,1019814.2347976514
10689,1019814.2339766294
10690,1019814.2368159092
10691,1019814.2385129808
10692,1019814.2372634583
10693,1019814.2380206945
10694,1019814.2368262797
10695,1019814.2321630905
10696,1019814.2357523664
10697,1019814.2380540485
10698,1019814.2342887884
10699,1019814.236583036
10700,1019814.2335544509
10701,1019814.2334880815
10702,1019814.2389512826
10703,1019814.2344255289
10704,1019814.2393974189
10705,1019814.238255584
10706,1019814.2404827719
10707,1019814.2357577061
10708,1019814.2387226303
10709,1019814.2335928403
10710,1019814.2371466379
10711,1019814.2380124385
10712,1019814.2374374683
10713,1019814.2364209151
10714,1019814.2370814143
10715,1019814.2362302765
10716,1019814.2397253033
10717,1019814.2372981061
10718,1019814.2367726607
10719,1019814.2360761896
10720,1019814.2344939503
10721,1019814.2356610496
10722,1019814.2359273749
10723,1019814.2354634948
10724,1019814.2350471052
10725,1019814.241707774
10726,1019814.2339906386
10727,1019814.2349252363
10728,1019814.2346300763
10729,1019814.2357487116
10730,1019814.2348052991
10731,1019814.2312418898
10732,1019814.2346331475
10733,1019814.2363627048
10734,1019814.2398821476
10735,1019814.2356756816
10736,1019814.2407428665
10737,1019814.2375948988
10738,1019814.2354091625
10739,1019814.2350809026
10740,1019814.2345628791
10741,1019814.2379059455
10742,1019814.2338720157
10743,1019814.2389387517
10744,1019814.2379014383
10745,1019814.2372159366
10746,1019814.2366346373
10747,1019814.2372017276
10748,1019814.239923432
10749,1019814.2352850515
10750,1019814.2375260706
10751,1019814.2369925166
10752,1019814.2366665747
10753,1019814.2396224266
10754,1019814.2357008675
10755,1019814.2381711507
10756,1019814.2376307494
10757,1019814.2372924113
10758,1019814.2339518317
10759,1019814.2359930518
10760,1019814.2365096586
10761,1019814.2384090138
10762,1019814.2371228928
10763,1019814.2376472601
10764,1019814.2341633188
10765,1019814.2400198746
10766,1019814.2355602367
10767,1019814.2367899207
10768,1019814.2341661468
10769,1019814.2405349497
10770,1019814.234009485
10771,1019814.2365604411
10772,1019814.2360706674
10773,1019814.2372740608
10774,1019814.2366555468
10775,1019814.2378243771
10776,1019814.2340372102
10777,1019814.2359329948
10778,1019814.237717721
10779,1019814.2352499512
10780,1019814.2369344825
10781,1019814.2380099931
10782,1019814.2350155412
10783,1019814.2346109857
10784,1019814.2344708301
10785,1019814.2403777766
10786,1019814.2341245308
10787,1019814.2373142283
10788,1019814.2340185244
10789,1019814.2368031333
10790,1019814.2375006573
10791,1019814.2341379706
10792,1019814.2341297584
10793,1019814.2327600222
10794,1019814.2383720874
10795,1019814.2416206971
10796,1019814.2402860511
10797,1019814.2376883398
10798,1019814.2363203405
10799,1019814.2354631503
10800,1019814.2372323443
10801,1019814.2348554267
10802,1019814.2361035191
10803,1019814.2412104326
10804,1019814.2374822844
10805,1019814.2319839697
10806,1019814.2390160438
10807,1019814.2408518412
10808,1019814.2382098065
10809,1019814.2363326044
10810,1019814.2343147564
10811,1019814.2368385909
10812,1019814.2363358102
10813,1019814.2366307493
10814,1019814.2373079589
10815,1019814.2365679407
10816,1019814.2345123542
10817,1019814.2342450197
10818,1019814.2364166958
10819,1019814.2361236739
10820,1019814.2368721514
10821,1019814.2386608144
10822,1019814.2313643978
10823,1019814.2341036601
10824,1019814.234442207
10825,1019814.2387971485
10826,1019814.2354748542
10827,1019814.2360179732
10828,1019814.2395071231
10829,1019814.2361162266
10830,1019814.2355993397
10831,1019814.2332436518
10832,1019814.2381981105
10833,1019814.2388902006
10834,1019814.2368889636
10835,1019814.2373582625
10836,1019814.237381514
10837,1019814.2396786856
10838,1019814.2370553953
10839,1019814.2377040983
10840,1019814.2393535177
10841,1019814.2364997969
10842,1019814.2342936682
10843,1019814.2379232912
10844,1019814.2375619535
10845,1019814.2370341336
10846,1019814.2368314491
10847,1019814.2360401425
10848,1019814.2356455594
10849,1019814.2366044278
10850,1019814.2308506757
10851,1019814.2410263424
10852,1019814.2382678849
10853,1019814.2391044506
10854,1019814.2354325979
10855,1019814.2382255921
10856,1019814.2369257865
10857,1019814.239210222
10858,1019814.2356285555
10859,1019814.2361204682
10860,1019814.2335177534
10861,1019814.2349756139
10862,1019814.2323171595
10863,1019814.2361777732
10864,1019814.2348130534
10865,1019814.2388754342
10866,1019814.2369805201
10867,1019814.2358965755
10868,1019814.2397277812
10869,1019814.235518461
10870,1019814.2400028365
10871,1019814.2372106442
10872,1019814.2402591505
10873,1019814.2368762293
10874,1019814.2361912517
10875,1019814.238883466
10876,1019814.2362127121
10877,1019814.2401266859
10878,1019814.2319303529
10879,1019814.233418173
10880,1019814.2426394969
10881,1019814.2382840225
10882,1019814.2373128583
10883,1019814.2384771984
10884,1019814.2346918888
10885,1019814.2386694452
10886,1019814.2373463096
10887,1019814.236454386
10888,1019814.2393653434
10889,1019814.2354454868
10890,1019814.2365836599
10891,1019814.2384138652
10892,1019814.2374253797
10893,1019814.2351557559
10894,1019814.2402383698
10895,1019814.2338752268
10896,1019814.2408816664
10897,1019814.2364594063
10898,1019814.237795805
10899,1019814.2386328403
10900,1019814.2381814589
10901,1019814.2373154172
10902,1019814.2330369324
10903,1019814.2356335612
10904,1019814.2320343539
10905,1019814.2387792636
10906,1019814.2371309069
10907,1019814.2336458431
10908,1019814.2341632082
10909,1019814.2393628799
10910,1019814.2366717263
10911,1019814.2393747191
10912,1019814.2393350597
10913,1019814.239735069
10914,1019814.23843834
10915,1019814.2340319352
10916,1019814.2346496524
10917,1019814.2354219146
10918,1019814.2347888693
10919,1019814.2369429647
10920,1019814.2367399222
10921,1019814.2379127293
10922,1019814.2314034236
10923,1019814.2414236605
10924,1019814.2368842557
10925,1019814.2378906554
10926,1019814.2418696947
10927,1019814.2352619553
10928,1019814.2331474175
10929,1019814.2365015211
10930,1019814.2365050872
10931,1019814.2366130152
10932,1019814.2397292776
10933,1019814.2379678608
10934,1019814.2364391369
10935,1019814.2369856957
10936,1019814.237155829
10937,1019814.2348768369
10938,1019814.2378929075
10939,1019814.234655331
10940,1019814.233405142
10941,1019814.2380773175
10942,1019814.2405020979
10943,1019814.2383425627
10944,1019814.2359528953
10945,1019814.2317278235
10946,1019814.2360937368
10947,1019814.2349969109
10948,1019814.2369019995
10949,1019814.2372874839
10950,1019814.2376023228
10951,1019814.2362385201
10952,1019814.2363203084
10953,1019814.2376719664
10954,1019814.2390163755
10955,1019814.236843782
10956,1019814.233709167
10957,1019814.2341583953
10958,1019814.2345445869
10959,1019814.2357166465
10960,1019814.2372360996
10961,1019814.236217524
10962,1019814.237306097
10963,1019814.2367408876
10964,1019814.2367408869
10965,746749.0233568727
10966,746749.0233568728
10967,746749.0233568728
10968,746749.0233568723
10969,746749.0233568726
10970,746749.0233568732
10971,746749.0233568728
10972,746749.0233568732
10973,746749.0233568727
10974,746749.0233568728
10975,746749.0233568734
10976,746749.0239789983
10977,746749.0242234385
10978,746749.0247910356
10979,746749.0224628326
10980,746749.0234907249
10981,746749.0225977371
10982,746749.0227436582
10983,746749.0232103796
10984,746749.0231781454
10985,746749.0231759436
10986,746749.0227522997
10987,746749.0226293403
10988,746749.0236274109
10989,746749.0231223312
10990,746749.0249717451
10991,746749.0224554131
10992,746749.0224537572
10993,746749.025643225
10994,746749.0222290121
10995,746749.0223887856
10996,746749.0224209207
10997,746749.0237714471
10998,746749.0241015068
10999,746749.0226239577
11000,746749.0232716618
11001,746749.0237003879
11002,746749.0220921527
11003,746749.023182815
11004,746749.0234253117
11005,746749.0242080064
11006,746749.02366912
11007,746749.023059882
11008,746749.0247985775
11009,746749.0230389222
11010,746749.0248652583
11011,746749.0234478154
11012,746749.0239724601
11013,746749.0229326618
11014,746749.023741972
11015,746749.0226739229
11016,746749.0236420457
11017,746749.0227929896
11018,746749.023713665
11019,746749.0240841315
11020,746749.0235647731
11021,746749.0237515068
11022,746749.0216860194
11023,746749.024355228
11024,746749.0223300502
11025,746749.0234099007
11026,746749.0238135803
11027,746749.0233254074
11028,746749.0240151541
11029,746749.0239759919
11030,746749.0218371935
11031,746749.0228521419
11032,746749.023224089
11033,746749.0232265405
11034,746749.0241273494
11035,746749.022859046
11036,746749.0243574254
11037,746749.0233191021
11038,746749.0243178841
11039,746749.023826259
11040,746749.0230513676
11041,746749.0215532586
11042,746749.0232641443
11043,746749.0238893001
11044,746749.0237748984
11045,746749.0244923828
11046,746749.0249934527
11047,746749.023354799
11048,746749.022743291
11049,746749.023003382
11050,746749.0233160165
11051,746749.0254045851
11052,746749.0228152054
11053,746749.0231799227
11054,746749.0222446639
11055,746749.0249833977
11056,746749.024133897
11057,746749.022903821
11058,746749.024463197
11059,746749.0227227077
11060,746749.0237125796
11061,746749.0235253864
11062,746749.0230780008
11063,746749.0235903622
11064,746749.022106364
11065,746749.0225622033
11066,746749.022498953
11067,746749.0242812955
11068,746749.0222659827
11069,746749.0233519467
11070,746749.0232631163
11071,746749.0234644625
11072,746749.0239737664
11073,746749.0238039006
11074,746749.023563635
11075,746749.0220915827
11076,746749.0233991432
11077,746749.0234004693
11078,746749.0225489573
11079,746749.0228250651
11080,746749.0251520991
11081,746749.0223286548
11082,746749.0243345114
11083,746749.0227548894
11084,746749.0220747582
11085,746749.0229973637
11086,746749.0225799149
11087,746749.024681671
11088,746749.0248755896
11089,746749.0243429011
11090,746749.0241310616
11091,746749.0239274633
11092,746749.0239183512
11093,746749.0238827299
11094,746749.0245472218
11095,746749.0231101593
11096,746749.0227264549
11097,746749.0218133244
11098,746749.0227086138
11099,746749.0228337109
11100,746749.0226940255
11101,746749.022485959
11102,746749.0237786018
11103,746749.0241235916
11104,746749.0229562982
11105,746749.0218344803
11106,746749.0249268353
11107,746749.0227724562
11108,746749.0228917177
11109,746749.0237759601
11110,746749.0221565218
11111,746749.0239682298
11112,746749.0234118295
11113,746749.0228095055
11114,746749.0220278692
11115,746749.0230027935
11116,746749.0223347853
11117,746749.0235784228
11118,746749.0228012863
11119,746749.0239497925
11120,746749.0236584268
11121,746749.0223869204
11122,746749.0233581917
11123,746749.0239112047
11124,746749.0234669893
11125,746749.0232954398
11126,746749.0230593741
11127,746749.0225353691
11128,746749.0243587412
11129,746749.0239720367
11130,746749.0230794924
11131,746749.0227414567
11132,746749.0235129258
11133,746749.0226939669
11134,746749.0229499821
11135,746749.0226679455
11136,746749.0237215611
11137,746749.0238377872
11138,746749.0231919087
11139,746749.0235090448
11140,746749.0226399977
11141,746749.0231705573
11142,746749.0242207138
11143,746749.0238793767
11144,746749.0231410526
11145,746749.0248160112
11146,746749.0246009817
11147,746749.0227772681
11148,746749.022347652
11149,746749.0235945755
11150,746749.0224013175
11151,746749.0249601166
11152,746749.023801347
11153,746749.0244865542
11154,746749.023482719
11155,746749.0246321318
11156,746749.0235731497
11157,746749.0231955034
11158,746749.0226207814
11159,746749.0238002999
11160,746749.0229000477
11161,746749.0226146105
11162,746749.0237334019
11163,746749.0226647953
11164,746749.0227195187
11165,746749.0225145621
11166,746749.0226900576
11167,746749.0238726955
11168,746749.0229872798
11169,746749.023891187
11170,746749.0238513073
11171,746749.0238584005
11172,746749.0228484727
11173,746749.023355324
11174,746749.0222171909
11175,746749.0238175195
11176,746749.0227760632
11177,746749.0241401977
11178,746749.0234423175
11179,746749.0237392719
11180,746749.0241714395
11181,746749.0245842868
11182,746749.0233045202
11183,746749.0235410524
11184,746749.0231384996
11185,746749.0222420527
11186,746749.0232000148
11187,746749.0222057599
11188,746749.0234999703
11189,746749.0241313692
11190,746749.0229041108
11191,746749.0226666008
11192,746749.0239714589
11193,746749.0228448684
11194,746749.0246914817
11195,746749.0233945245
11196,746749.0226355713
11197,746749.0224388866
11198,746749.0226412269
11199,746749.022222404
11200,746749.0249488994
11201,746749.0238920759
11202,746749.0234051923
11203,746749.0228997838
11204,746749.0245556692
11205,746749.0234538232
11206,746749.0234010079
11207,746749.0217323129
11208,746749.0243151193
11209,746749.0228576234
11210,746749.0216522225
11211,746749.0235341664
11212,746749.0234689991
11213,746749.0234115245
11214,746749.0235585379
11215,746749.0226688408
11216,746749.0232162402
11217,746749.0232230388
11218,746749.0228448441
11219,746749.0235297581
11220,746749.0245687399
11221,746749.0242042709
11222,746749.0240349709
11223,746749.0240427795
11224,746749.0228525068
11225,746749.0226510023
11226,746749.0235700997
11227,746749.0226671809
11228,746749.0224637891
11229,746749.0236521906
11230,746749.0250867106
11231,746749.0226794397
11232,746749.0233757746
11233,746749.0232048612
11234,746749.0227597468
11235,746749.0225539737
11236,746749.0226888224
11237,746749.0251222702
11238,746749.0235823182
11239,746749.0236899953
11240,746749.0241666506
11241,746749.0233190866
11242,746749.0235268108
11243,746749.0237338128
11244,746749.0227768606
11245,746749.0229154895
11246,746749.0236794908
11247,746749.0225641006
11248,746749.0239608214
11249,746749.0234240695
11250,746749.0229814627
11251,746749.0224523408
11252,746749.0245035816
11253,746749.0232334171
11254,746749.0232679512
11255,746749.0230923889
11256,746749.0226784671
11257,746749.0238173958
11258,746749.0227363863
11259,746749.0240128721
11260,746749.0238887733
11261,746749.0235495811
11262,746749.024028643
11263,746749.0223577399
11264,746749.0233410844
11265,746749.0231684191
11266,746749.0237005558
11267,746749.0228766435
11268,746749.0228834254
11269,746749.0247674353
11270,746749.0243905284
11271,746749.0238586041
11272,746749.0225485187
11273,746749.023053029
11274,746749.0226968501
11275,746749.0231890779
11276,746749.023380812
11277,746749.0226970586
11278,746749.0232161442
11279,746749.0244300562
11280,746749.0240355539
11281,746749.0237755255
11282,746749.0236873612
11283,746749.0228861896
11284,746749.0227057557
11285,746749.0235806113
11286,746749.0232016343
11287,746749.0233399915
11288,746749.0236359825
11289,746749.0229288881
11290,746749.0222587526
11291,746749.0247102282
11292,746749.0221458174
11293,746749.0242861921
11294,746749.0242484148
11295,746749.0232034489
11296,746749.0242279603
11297,746749.0229820024
11298,746749.0225317146
11299,746749.0225666526
11300,746749.0230825158
11301,746749.0237683677
11302,746749.0230867071
11303,746749.0236743162
11304,746749.0222917461
11305,746749.0230538176
11306,746749.0224584066
11307,746749.0242836155
11308,746749.0231006274
11309,746749.0218529005
11310,746749.024035777
11311,746749.0227799716
11312,746749.0237496081
11313,746749.0237686749
11314,746749.0228793382
11315,746749.023280855
11316,746749.022472675
11317,746749.0223910275
11318,746749.0227404088
11319,746749.0230031329
11320,746749.0235300619
11321,746749.0233466872
11322,746749.0231129403
11323,746749.0224911885
11324,746749.0234346233
11325,746749.0227871995
11326,746749.0243853291
11327,746749.0224172759
11328,746749.0236517531
11329,746749.0242455779
11330,746749.023139982
11331,746749.0244632167
11332,746749.0242552308
11333,746749.0221873472
11334,746749.021871344
11335,746749.0231755694
11336,746749.0230120008
11337,746749.0233518773
11338,746749.0242878674
11339,746749.0225613769
11340,746749.0220576114
11341,746749.0222409251
11342,746749.0245928043
11343,746749.0230530305
11344,746749.0235940499
11345,746749.0229807077
11346,746749.0218513486
11347,746749.0223969894
11348,746749.0231576334
11349,746749.0236645575
11350,746749.0239334548
11351,746749.0238499639
11352,746749.0240774772
11353,746749.0219929582
11354,746749.0243936492
11355,746749.0222383352
11356,746749.0246124492
11357,746749.0235568992
11358,746749.0229000419
11359,746749.0250032992
11360,746749.0227311178
11361,746749.0230170649
11362,746749.0237103642
11363,746749.0222173393
11364,746749.0229866205
11365,746749.0236034698
11366,746749.0224233468
11367,746749.0224244773
11368,746749.0228854583
11369,746749.0242944533
11370,746749.0222040393
11371,746749.024944529
11372,746749.0226075003
11373,746749.0222310281
11374,746749.0237025744
11375,746749.0226158425
11376,746749.0228084998
11377,746749.0234960023
11378,746749.0233087054
11379,746749.0234936483
11380,746749.0224301735
11381,746749.0237082214
11382,746749.023932457
11383,746749.0233474107
11384,746749.022896427
11385,746749.0232187088
11386,746749.022367016
11387,746749.0230497614
11388,746749.0241835102
11389,746749.0247181344
11390,746749.0228421894
11391,746749.0235771994
11392,746749.0228400079
11393,746749.0220956386
11394,746749.0253920939
11395,746749.0220120754
11396,746749.0216835255
11397,746749.0233966865
11398,746749.0226620422
11399,746749.0216726005
11400,746749.0226018502
11401,746749.0237174751
11402,746749.023688736
11403,746749.0219490483
11404,746749.0219135307
11405,746749.024118086
11406,746749.0234930466
11407,746749.0232859089
11408,746749.0237141625
11409,746749.0239318829
11410,746749.0242008058
11411,746749.0225647711
11412,746749.0220747764
11413,746749.022615725
11414,746749.023022965
11415,746749.0236098276
11416,746749.0231495701
11417,746749.023667621
11418,746749.0232948043
11419,746749.0231203554
11420,746749.0226438686
11421,746749.0228838972
11422,746749.0238347729
11423,746749.0232542405
11424,746749.02307974
11425,746749.0235816325
11426,746749.0228525494
11427,746749.0240876358
11428,746749.0237613963
11429,746749.0229048873
11430,746749.0233900311
11431,746749.02234442
11432,746749.023082669
11433,746749.0230072829
11434,746749.0219846516
11435,746749.0252610432
11436,746749.0237088901
11437,746749.0234263638
11438,746749.0238401821
11439,746749.0246897885
11440,746749.021615265
11441,746749.0235188779
11442,746749.0241754053
11443,746749.0227232284
11444,746749.0231621907
11445,746749.0237552422
11446,746749.0231687274
11447,746749.0234114892
11448,746749.0226573017
11449,746749.0241307665
11450,746749.023639681
11451,746749.0231457957
11452,746749.0237103493
11453,746749.0225098472
11454,746749.0233697162
11455,746749.0243894034
11456,746749.0239370221
11457,746749.0237937596
11458,746749.0227098907
11459,746749.0238975319
11460,746749.0237115955
11461,746749.0230940885
11462,746749.0218604184
11463,746749.0229542344
11464,746749.0231941447
11465,746749.0233701093
11466,746749.0223623256
11467,746749.0237643514
11468,746749.0235862007
11469,746749.0231807014
11470,746749.0236459657
11471,746749.0225969268
11472,746749.0243461232
11473,746749.023767684
11474,746749.0236006116
11475,746749.022237963
11476,746749.0230953004
11477,746749.0229878897
11478,746749.0236309863
11479,746749.0231932619
11480,746749.0214386674
11481,746749.0239527817
11482,746749.0229173531
11483,746749.0228863913
11484,746749.0235271192
11485,746749.0221542772
11486,746749.0238237911
11487,746749.0233677854
11488,746749.0228924279
11489,746749.0235448369
11490,746749.0241519631
11491,746749.0228602709
11492,746749.0237415597
11493,746749.0235028974
11494,746749.0227845402
11495,746749.0222505566
11496,746749.0237233561
11497,746749.0232688928
11498,746749.0228925124
11499,746749.0221123326
11500,746749.0242282329
11501,746749.0234666794
11502,746749.0231261239
11503,746749.0215750922
11504,746749.0231863147
11505,746749.0238109339
11506,746749.023139628
11507,746749.0231853997
11508,746749.0215271192
11509,746749.0231919028
11510,746749.022759784
11511,746749.0236135093
11512,746749.024115648
11513,746749.0235978066
11514,746749.0233704468
11515,746749.0230460016
11516,746749.0227472277
11517,746749.0230137495
11518,746749.0231185342
11519,746749.0228293028
11520,746749.0227795147
11521,746749.0235033759
11522,746749.022182183
11523,746749.0231366811
11524,746749.0235481454
11525,746749.0236495809
11526,746749.0241934721
11527,746749.0237914589
11528,746749.02378562
11529,746749.0235643365
11530,746749.0237703919
11531,746749.0237187599
11532,746749.0229485946
11533,746749.02353187
11534,746749.0242561927
11535,746749.0238116228
11536,746749.0226954429
11537,746749.0228725598
11538,746749.0250409035
11539,746749.0235796501
11540,746749.0221723147
11541,746749.0222921153
11542,746749.0232611339
11543,746749.02353473
11544,746749.0234839161
11545,746749.0228031621
11546,746749.0233914565
11547,746749.0228172932
11548,746749.0236943713
11549,746749.0231220152
11550,746749.0242794193
11551,746749.022564583
11552,746749.0244871174
11553,746749.023568397
11554,746749.0238486093
11555,746749.0224500671
11556,746749.0242456646
11557,746749.0236906462
11558,746749.0232101073
11559,746749.0247852919
11560,746749.0233576451
11561,746749.0228041108
11562,746749.0227007911
11563,746749.0238881353
11564,746749.0235879734
11565,746749.0229503328
11566,746749.0231270931
11567,746749.0235331064
11568,746749.023647737
11569,746749.0234280013
11570,746749.0230701128
11571,746749.0242566516
11572,746749.0239014571
11573,746749.0232156961
11574,746749.0233121454
11575,746749.0241848272
11576,746749.0234092728
11577,746749.0238793149
11578,746749.0234052682
11579,746749.0226624692
11580,746749.0225289703
11581,746749.0227889253
11582,746749.025271973
11583,746749.0229178197
11584,746749.0235201526
11585,746749.0231176979
11586,746749.0227119311
11587,746749.0227069966
11588,746749.0234327124
11589,746749.0230497926
11590,746749.0240720459
11591,746749.0239245272
11592,746749.023356754
11593,746749.0228303045
11594,746749.023710562
11595,746749.0230251336
11596,746749.0238960302
11597,746749.0239005701
11598,746749.0234608562
11599,746749.0234028352
11600,746749.0235603956
11601,746749.0246067179
11602,746749.0234180107
11603,746749.0235711376
11604,746749.0228078301
11605,746749.0232518287
11606,746749.0242957352
11607,746749.0231546746
11608,746749.0236247092
11609,746749.0226228822
11610,746749.0230936103
11611,746749.0238155881
11612,746749.023900891
11613,746749.0230826735
11614,746749.0243766932
11615,746749.022868016
11616,746749.0229182792
11617,746749.0239309232
11618,746749.0231356439
11619,746749.024449395
11620,746749.0226799375
11621,746749.0229964028
11622,746749.0234942778
11623,746749.0238142784
11624,746749.0233700863
11625,746749.0236657154
11626,746749.0218008925
11627,746749.0243022112
11628,746749.0235338927
11629,746749.0230281821
11630,746749.0236433316
11631,746749.0240747473
11632,746749.0242440267
11633,746749.0230440954
11634,746749.0234658145
11635,746749.0226006287
11636,746749.0248400394
11637,746749.022864633
11638,746749.0236292745
11639,746749.023641583
11640,746749.0228491562
11641,746749.0226902348
11642,746749.0249959237
11643,746749.0237480549
11644,746749.0235462284
11645,746749.02361607
11646,746749.0229010137
11647,746749.0226963138
11648,746749.0233995563
11649,746749.0226204711
11650,746749.0232193889
11651,746749.0228583317
11652,746749.0234093027
11653,746749.0219086865
11654,746749.0242777183
11655,746749.0236151792
11656,746749.0235896518
11657,746749.024667086
11658,746749.0235093187
11659,746749.0228206028
11660,746749.0239567129
11661,746749.0234653932
11662,746749.0230345221
11663,746749.0243736922
11664,746749.0234391628
11665,746749.0233294681
11666,746749.0234870574
11667,746749.0234972225
11668,746749.0233912846
11669,746749.0217470726
11670,746749.0223532174
11671,746749.0238893527
11672,746749.0234508538
11673,746749.0241714754
11674,746749.0230377192
11675,746749.0231149787
11676,746749.0219084161
11677,746749.0230402575
11678,746749.0233367842
11679,746749.023021324
11680,746749.0233569709
11681,746749.0233653403
11682,746749.0239540355
11683,746749.0234010115
11684,746749.0237275758
11685,746749.0234832976
11686,746749.0231889389
11687,746749.0229114202
11688,746749.023458632
11689,746749.0232570546
11690,746749.022911877
11691,746749.023170556
11692,746749.0234729016
11693,746749.0233168023
11694,746749.0233568727
11695,746749.0233568727
11696,692954.4270761104
11697,692954.4270761103
11698,692954.4270761103
11699,692954.4270761092
11700,692954.4270761091
11701,692954.4270761102
11702,692954.4270761099
11703,692954.4270761103
11704,692954.4270761103
11705,692954.4270761103
11706,692954.4270761107
11707,692954.4271954652
11708,692954.4277102484
11709,692954.427955686
11710,692954.4267968629
11711,692954.4272697194
11712,692954.4270771442
11713,692954.4267819359
11714,692954.426805975
11715,692954.4268533877
11716,692954.4272172989
11717,692954.4273134542
11718,692954.4264024141
11719,692954.4271698402
11720,692954.4269602994
11721,692954.4280881438
11722,692954.426952605
11723,692954.4271663254
11724,692954.4280399279
11725,692954.4267444398
11726,692954.4267796637
11727,692954.4268704841
11728,692954.427294992
11729,692954.4278857638
11730,692954.4268434206
11731,692954.4268845374
11732,692954.4274603747
11733,692954.4263656212
11734,692954.4269429655
11735,692954.4272186578
11736,692954.4272777746
11737,692954.4272379238
11738,692954.4269878722
11739,692954.4279426017
11740,692954.4269738968
11741,692954.4276707754
11742,692954.4267531022
11743,692954.4273230392
11744,692954.4266672751
11745,692954.4274012565
11746,692954.4263547229
11747,692954.4271541126
11748,692954.4268082029
11749,692954.4270525271
11750,692954.4275126676
11751,692954.4269579484
11752,692954.4274337135
11753,692954.4261941549
11754,692954.4277223835
11755,692954.4267251536
11756,692954.4272477361
11757,692954.4270291268
11758,692954.42717849
11759,692954.4275007625
11760,692954.4273885584
11761,692954.4257903621
11762,692954.4271338679
11763,692954.4270886796
11764,692954.4267153383
11765,692954.4273889791
11766,692954.426515754
11767,692954.4277467168
11768,692954.4275947635
11769,692954.4275315264
11770,692954.4272643623
11771,692954.4266986356
11772,692954.4264094535
11773,692954.4269975229
11774,692954.4272884132
11775,692954.4272623346
11776,692954.4275165609
11777,692954.4275446897
11778,692954.4271138558
11779,692954.427050351
11780,692954.4268714879
11781,692954.4271327117
11782,692954.4281975301
11783,692954.4269078268
11784,692954.4271897699
11785,692954.4267306532
11786,692954.4275559825
11787,692954.4274528099
11788,692954.4268094444
11789,692954.4276547913
11790,692954.4269202661
11791,692954.427733558
11792,692954.4270512532
11793,692954.4270272062
11794,692954.4274184562
11795,692954.4265223533
11796,692954.4265023716
11797,692954.4266738762
11798,692954.4271560401
11799,692954.4266462595
11800,692954.4271298427
11801,692954.4271206522
11802,692954.4268898709
11803,692954.427619363
11804,692954.4271746197
11805,692954.4271022505
11806,692954.4268025691
11807,692954.4270438468
11808,692954.4269160071
11809,692954.4266924235
11810,692954.4268991331
11811,692954.4279061133
11812,692954.4266040355
11813,692954.4273121556
11814,692954.4267689115
11815,692954.4267667613
11816,692954.427190002
11817,692954.4265967185
11818,692954.4276400339
11819,692954.4278272529
11820,692954.42780328
11821,692954.4274704807
11822,692954.4275259947
11823,692954.4272435103
11824,692954.4271160399
11825,692954.4277979312
11826,692954.4270117035
11827,692954.4270676197
11828,692954.4264016696
11829,692954.4267308047
11830,692954.4266010869
11831,692954.4267542844
11832,692954.4269327417
11833,692954.4277281375
11834,692954.4272597022
11835,692954.4266706081
11836,692954.4260499923
11837,692954.4278023021
11838,692954.4269769437
11839,692954.4271084525
11840,692954.4272125227
11841,692954.4264392323
11842,692954.4274816402
11843,692954.4267100733
11844,692954.4265714101
11845,692954.4260051766
11846,692954.4269276563
11847,692954.426354124
11848,692954.4272089801
11849,692954.4269092089
11850,692954.4270952718
11851,692954.427142811
11852,692954.4265425542
11853,692954.4272017981
11854,692954.4274404475
11855,692954.4272539272
11856,692954.4271771172
11857,692954.4272711963
11858,692954.4264900818
11859,692954.4276161859
11860,692954.4276220419
11861,692954.4270946183
11862,692954.4266654712
11863,692954.4274479391
11864,692954.4267594805
11865,692954.426690629
11866,692954.4270245207
11867,692954.4272031796
11868,692954.4270743247
11869,692954.4270593962
11870,692954.4272153222
11871,692954.4271540076
11872,692954.4267618565
11873,692954.4276553786
11874,692954.4272045273
11875,692954.4274542979
11876,692954.4280560012
11877,692954.4275554728
11878,692954.4271445445
11879,692954.4270242456
11880,692954.4272584373
11881,692954.4263910777
11882,692954.4277399535
11883,692954.4270851434
11884,692954.4276039161
11885,692954.4270414436
11886,692954.4276987555
11887,692954.4276149486
11888,692954.4269012812
11889,692954.4267123444
11890,692954.427399372
11891,692954.4268564803
11892,692954.426427869
11893,692954.4275133605
11894,692954.4265134083
11895,692954.4265398107
11896,692954.4263184303
11897,692954.4264561405
11898,692954.4273363006
11899,692954.4267446316
11900,692954.4273367313
11901,692954.42721719
11902,692954.427264622
11903,692954.4267322359
11904,692954.4271767333
11905,692954.4265431857
11906,692954.4275137781
11907,692954.4267878617
11908,692954.4277746433
11909,692954.4268215983
11910,692954.4273801359
11911,692954.4274290039
11912,692954.4275699748
11913,692954.4270433474
11914,692954.4270800061
11915,692954.4271725202
11916,692954.4266723536
11917,692954.4269616877
11918,692954.4264220307
11919,692954.4271203824
11920,692954.4274034217
11921,692954.4269763754
11922,692954.4267225718
11923,692954.4275057343
11924,692954.4268133843
11925,692954.4275068499
11926,692954.4271004042
11927,692954.4264937718
11928,692954.426100818
11929,692954.4266170046
11930,692954.426431579
11931,692954.4277498875
11932,692954.4275293528
11933,692954.4273569382
11934,692954.4272225382
11935,692954.4277495306
11936,692954.4273973262
11937,692954.4271164513
11938,692954.4261941544
11939,692954.4277874522
11940,692954.42680716
11941,692954.4262512524
11942,692954.4269191419
11943,692954.4271316242
11944,692954.4271866791
11945,692954.4271646307
11946,692954.426676043
11947,692954.4271522998
11948,692954.4267470643
11949,692954.4268858372
11950,692954.4272590643
11951,692954.4275733127
11952,692954.4271846825
11953,692954.4275023205
11954,692954.4275273737
11955,692954.4268044645
11956,692954.4269859099
11957,692954.4270086365
11958,692954.4261678206
11959,692954.4264632959
11960,692954.427458557
11961,692954.42776643
11962,692954.4269899093
11963,692954.4270927745
11964,692954.4270223957
11965,692954.4268975153
11966,692954.4270442228
11967,692954.4271023719
11968,692954.4283160361
11969,692954.427170859
11970,692954.4268292198
11971,692954.4273011716
11972,692954.4268552612
11973,692954.427025041
11974,692954.4272902817
11975,692954.426717795
11976,692954.4268578555
11977,692954.4266627678
11978,692954.4267678064
11979,692954.4274408134
11980,692954.4270628624
11981,692954.42701776
11982,692954.4267454783
11983,692954.4275290114
11984,692954.4271692622
11985,692954.426914603
11986,692954.4269771756
11987,692954.4267308584
11988,692954.4273916709
11989,692954.4267072782
11990,692954.4274689216
11991,692954.4273219672
11992,692954.4272832723
11993,692954.4275354902
11994,692954.4265133922
11995,692954.4268566999
11996,692954.427320765
11997,692954.4270261005
11998,692954.4262298349
11999,692954.4269196641
12000,692954.427554227
12001,692954.4273057707
12002,692954.4271472967
12003,692954.4270426099
12004,692954.4271383191
12005,692954.4267475302
12006,692954.4269421743
12007,692954.4270489753
12008,692954.4266743301
12009,692954.426572434
12010,692954.4271954629
12011,692954.4269183659
12012,692954.427497938
12013,692954.4272461819
12014,692954.4267087907
12015,692954.4266338847
12016,692954.426936889
12017,692954.4272458964
12018,692954.4270254028
12019,692954.4270239124
12020,692954.4271834147
12021,692954.4269569565
12022,692954.4279395364
12023,692954.4265086777
12024,692954.427725663
12025,692954.4275258523
12026,692954.4268466935
12027,692954.4274607003
12028,692954.4267148541
12029,692954.4263019209
12030,692954.4264165857
12031,692954.4270060754
12032,692954.427433028
12033,692954.4270802392
12034,692954.4273322594
12035,692954.4265383472
12036,692954.4268264844
12037,692954.4263111238
12038,692954.4277706279
12039,692954.4267958748
12040,692954.4263924707
12041,692954.4275033489
12042,692954.4271145783
12043,692954.4272071067
12044,692954.4273244718
12045,692954.4267614501
12046,692954.4268168596
12047,692954.4268868547
12048,692954.4265620715
12049,692954.4268639965
12050,692954.4267973589
12051,692954.4270761391
12052,692954.4272858741
12053,692954.4269626325
12054,692954.4265444467
12055,692954.4270734538
12056,692954.4266847929
12057,692954.4275563579
12058,692954.4265052214
12059,692954.4274182486
12060,692954.4273651
12061,692954.4273015581
12062,692954.4280056916
12063,692954.4275789707
12064,692954.4265675417
12065,692954.4263114026
12066,692954.426626361
12067,692954.4265776539
12068,692954.4270919961
12069,692954.4277893883
12070,692954.4268434808
12071,692954.4265382134
12072,692954.4268061859
12073,692954.4279269312
12074,692954.4269477464
12075,692954.4273271502
12076,692954.4269963726
12077,692954.4263321151
12078,692954.4266473723
12079,692954.4267903768
12080,692954.4271106721
12081,692954.427107145
12082,692954.4273859244
12083,692954.4274257292
12084,692954.4264786826
12085,692954.4277817004
12086,692954.4261539571
12087,692954.4277685272
12088,692954.4272119673
12089,692954.4268805222
12090,692954.4277884107
12091,692954.4269781569
12092,692954.4262323582
12093,692954.4272252596
12094,692954.426257521
12095,692954.4269702038
12096,692954.4267742452
12097,692954.426723425
12098,692954.4264711841
12099,692954.4265955833
12100,692954.4277326306
12101,692954.4264488803
12102,692954.4274640146
12103,692954.4269473276
12104,692954.4265747226
12105,692954.4272472601
12106,692954.4267607162
12107,692954.4266801695
12108,692954.4271212526
12109,692954.4271997802
12110,692954.4267851362
12111,692954.4267714928
12112,692954.4272593863
12113,692954.4269756535
12114,692954.4272240052
12115,692954.4269234521
12116,692954.4269454462
12117,692954.4265300981
12118,692954.427130462
12119,692954.4276257203
12120,692954.4279711397
12121,692954.4271010489
12122,692954.4266302148
12123,692954.4271741358
12124,692954.4266287119
12125,692954.4282131513
12126,692954.4264731385
12127,692954.4259883146
12128,692954.4272133554
12129,692954.4266667209
12130,692954.4260206411
12131,692954.4266186275
12132,692954.4271692225
12133,692954.427422003
12134,692954.4264926815
12135,692954.4263408849
12136,692954.427704759
12137,692954.4268812067
12138,692954.4267618246
12139,692954.4270491085
12140,692954.4275960163
12141,692954.4273109558
12142,692954.4269578479
12143,692954.4263838072
12144,692954.4266711045
12145,692954.4268311749
12146,692954.4272210562
12147,692954.426663822
12148,692954.4274731023
12149,692954.427204917
12150,692954.4270525514
12151,692954.4270958758
12152,692954.4273944033
12153,692954.4273383938
12154,692954.4267379584
12155,692954.4269282209
12156,692954.4270253488
12157,692954.4268009787
12158,692954.4280556933
12159,692954.427297194
12160,692954.4270484077
12161,692954.4269182613
12162,692954.4269765175
12163,692954.4268154906
12164,692954.4269155762
12165,692954.4262366099
12166,692954.4283176466
12167,692954.4271463229
12168,692954.4270904076
12169,692954.4272540992
12170,692954.4279206768
12171,692954.426215575
12172,692954.4273812944
12173,692954.4273160489
12174,692954.4268091081
12175,692954.4267969936
12176,692954.4272358101
12177,692954.4265575618
12178,692954.4273195623
12179,692954.4266081796
12180,692954.4275631143
12181,692954.4274284161
12182,692954.4269501761
12183,692954.4272303116
12184,692954.4263735092
12185,692954.4269599565
12186,692954.4276205221
12187,692954.4273151701
12188,692954.4276101859
12189,692954.4267010418
12190,692954.4272571619
12191,692954.4270062372
12192,692954.4269379658
12193,692954.4259075853
12194,692954.426887349
12195,692954.4266596682
12196,692954.4267315867
12197,692954.4263277444
12198,692954.4273037128
12199,692954.4274939991
12200,692954.4268884377
12201,692954.4270482739
12202,692954.4268019927
12203,692954.4277373804
12204,692954.4270374523
12205,692954.4272931765
12206,692954.4264208465
12207,692954.427192448
12208,692954.426407456
12209,692954.42717365
12210,692954.4267390704
12211,692954.426031437
12212,692954.4271248844
12213,692954.4268873265
12214,692954.4269145456
12215,692954.4269133696
12216,692954.4262917785
12217,692954.4272269054
12218,692954.4271695687
12219,692954.4270418398
12220,692954.4270079389
12221,692954.427589843
12222,692954.4268179022
12223,692954.427579954
12224,692954.4275838651
12225,692954.4264763646
12226,692954.4264314724
12227,692954.4271113819
12228,692954.427041133
12229,692954.4269914032
12230,692954.4261499249
12231,692954.4275712959
12232,692954.4269516323
12233,692954.4271505647
12234,692954.4262082201
12235,692954.4267972165
12236,692954.427369299
12237,692954.4268125152
12238,692954.4269821228
12239,692954.4261142756
12240,692954.4271729868
12241,692954.4266344163
12242,692954.4270808409
12243,692954.427409624
12244,692954.4270761032
12245,692954.4275087896
12246,692954.4269718473
12247,692954.4265536088
12248,692954.4266539967
12249,692954.4273349998
12250,692954.427008143
12251,692954.4265546744
12252,692954.427336658
12253,692954.4259368966
12254,692954.4269942773
12255,692954.4273995914
12256,692954.4274190816
12257,692954.4274743362
12258,692954.4274689954
12259,692954.4273435392
12260,692954.427310649
12261,692954.4270722425
12262,692954.4271899068
12263,692954.4268638788
12264,692954.4276050018
12265,692954.4275721898
12266,692954.4273190701
12267,692954.4266078923
12268,692954.4270350812
12269,692954.427860364
12270,692954.4272149656
12271,692954.4262658749
12272,692954.4268809069
12273,692954.4267100807
12274,692954.4271554042
12275,692954.4273889071
12276,692954.4267982926
12277,692954.4270480422
12278,692954.4268581328
12279,692954.4271999835
12280,692954.4267857556
12281,692954.4277622253
12282,692954.4265794503
12283,692954.4276929147
12284,692954.4275490025
12285,692954.4272932643
12286,692954.426660841
12287,692954.4273223218
12288,692954.4270617578
12289,692954.4270987002
12290,692954.427663377
12291,692954.4272306293
12292,692954.4269479249
12293,692954.4267581175
12294,692954.4276627828
12295,692954.4271253967
12296,692954.4268573844
12297,692954.4267725045
12298,692954.4272221599
12299,692954.4273844237
12300,692954.4271776181
12301,692954.4270533547
12302,692954.4273538546
12303,692954.4273199706
12304,692954.4269825825
12305,692954.4271010697
12306,692954.4275772629
12307,692954.4270854485
12308,692954.4275234465
12309,692954.427250751
12310,692954.4264474494
12311,692954.4269447885
12312,692954.4267219414
12313,692954.4281739027
12314,692954.4266560688
12315,692954.4272907397
12316,692954.4272545425
12317,692954.4264288582
12318,692954.4268724725
12319,692954.4271586768
12320,692954.4270067835
12321,692954.4274710317
12322,692954.4273408897
12323,692954.4268856957
12324,692954.4267930373
12325,692954.4271555782
12326,692954.4265663434
12327,692954.4273343673
12328,692954.4274947332
12329,692954.427241258
12330,692954.4272443213
12331,692954.4270850485
12332,692954.4275647548
12333,692954.4271782307
12334,692954.4271613685
12335,692954.4268687682
12336,692954.4271956513
12337,692954.4276966453
12338,692954.4268206377
12339,692954.4270570659
12340,692954.4265586712
12341,692954.4270783408
12342,692954.4272673146
12343,692954.4272796819
12344,692954.4267976825
12345,692954.4275271246
12346,692954.4270629449
12347,692954.4268506077
12348,692954.4272582089
12349,692954.426974382
12350,692954.427724615
12351,692954.4268576852
12352,692954.4267644611
12353,692954.4274748764
12354,692954.4273873479
12355,692954.426886248
12356,692954.4272778586
12357,692954.4260344516
12358,692954.4276727956
12359,692954.4275757427
12360,692954.4272593638
12361,692954.4269140685
12362,692954.4275734607
12363,692954.4275897297
12364,692954.4269694687
12365,692954.426953166
12366,692954.4265675988
12367,692954.4275846708
12368,692954.426816463
12369,692954.4270187763
12370,692954.4273465007
12371,692954.4267628595
12372,692954.4266479779
12373,692954.4278597807
12374,692954.4270760765
12375,692954.4270530764
12376,692954.4268667476
12377,692954.4270826811
12378,692954.4265388421
12379,692954.4271945702
12380,692954.4265348171
12381,692954.4271241064
12382,692954.4269998135
12383,692954.427128914
12384,692954.4264686038
12385,692954.4271751004
12386,692954.4274521881
12387,692954.4269454597
12388,692954.4277308858
12389,692954.4271173086
12390,692954.426859061
12391,692954.4274938001
12392,692954.4267327598
12393,692954.4267895218
12394,692954.4276913835
12395,692954.4270230099
12396,692954.4270012638
12397,692954.427105633
12398,692954.4271298304
12399,692954.4271038636
12400,692954.4261603841
12401,692954.4267661808
12402,692954.4276760116
12403,692954.4270672541
12404,692954.4274375393
12405,692954.4269594282
12406,692954.427129903
12407,692954.4264327675
12408,692954.426748956
12409,692954.4271438903
12410,692954.4268383686
12411,692954.4270412499
12412,692954.4270516548
12413,692954.4275722797
12414,692954.4270845143
12415,692954.4271502048
12416,692954.4272748433
12417,692954.4266841498
12418,692954.4266210211
12419,692954.427062127
12420,692954.4269065169
12421,692954.4269430094
12422,692954.4271673062
12423,692954.4272608899
12424,692954.4269249525
12425,692954.4270761103
12426,692954.4270761104
12427,644090.3407045474
12428,644090.3407045462
12429,644090.3407045467
12430,644090.3407045474
12431,644090.340704547
12432,644090.3407045469
12433,644090.3407045477
12434,644090.340704547
12435,644090.3407045472
12436,644090.340704547
12437,644090.3407045472
12438,644090.3403089886
12439,644090.3408420379
12440,644090.3414995387
12441,644090.340675056
12442,644090.3409575328
12443,644090.3413883081
12444,644090.3406281759
12445,644090.3404425072
12446,644090.3411023316
12447,644090.3407683334
12448,644090.3410244613
12449,644090.3403181259
12450,644090.3408299588
12451,644090.3403843578
12452,644090.3408209911
12453,644090.3411744675
12454,644090.3414393935
12455,644090.3406030174
12456,644090.3409256487
12457,644090.3407121996
12458,644090.3410311254
12459,644090.340852912
12460,644090.3411472801
12461,644090.3407421227
12462,644090.3407324376
12463,644090.3405024513
12464,644090.3403218657
12465,644090.3406804212
12466,644090.3409308768
12467,644090.340379091
12468,644090.340846724
12469,644090.3403273684
12470,644090.3410527224
12471,644090.3410047723
12472,644090.3406849096
12473,644090.3411082547
12474,644090.340566101
12475,644090.3406227612
12476,644090.3409792255
12477,644090.3404056933
12478,644090.3405392505
12479,644090.3404602015
12480,644090.3406902992
12481,644090.3409767486
12482,644090.3406625754
12483,644090.3409934862
12484,644090.3406972017
12485,644090.3409983509
12486,644090.3408425577
12487,644090.3411088039
12488,644090.3403536562
12489,644090.3409071063
12490,644090.3411783946
12491,644090.3410875864
12492,644090.3402025135
12493,644090.3408708296
12494,644090.3409213927
12495,644090.3401162935
12496,644090.3407010738
12497,644090.3406884015
12498,644090.3406991782
12499,644090.3410567688
12500,644090.3406402989
12501,644090.3409561893
12502,644090.3400874765
12503,644090.3410038515
12504,644090.3405223889
12505,644090.3406957235
12506,644090.341010701
12507,644090.3403269742
12508,644090.340653237
12509,644090.3404403968
12510,644090.3407013494
12511,644090.3408156097
12512,644090.3407314683
12513,644090.3407097823
12514,644090.3406270196
12515,644090.3410690854
12516,644090.3408639043
12517,644090.3409055483
12518,644090.3406467224
12519,644090.3405196997
12520,644090.340785104
12521,644090.34067807
12522,644090.3410907731
12523,644090.3403594902
12524,644090.3409843766
12525,644090.3408477181
12526,644090.3407355689
12527,644090.3404991662
12528,644090.3405741694
12529,644090.3407080418
12530,644090.3411230487
12531,644090.3408350558
12532,644090.3406904901
12533,644090.3405402512
12534,644090.3409281978
12535,644090.3406860002
12536,644090.3408369569
12537,644090.3410790544
12538,644090.3407713425
12539,644090.3406443142
12540,644090.3405604387
12541,644090.3404681489
12542,644090.3406413607
12543,644090.3407858609
12544,644090.3403480527
12545,644090.3406485459
12546,644090.3409528242
12547,644090.3410285249
12548,644090.3409321208
12549,644090.3405684046
12550,644090.3406343706
12551,644090.3411402022
12552,644090.3403192572
12553,644090.3404241704
12554,644090.3407088501
12555,644090.3408877281
12556,644090.3409731941
12557,644090.3408177213
12558,644090.3406616735
12559,644090.3404082945
12560,644090.3402599873
12561,644090.340446438
12562,644090.3408425398
12563,644090.3410193648
12564,644090.3412966814
12565,644090.3402047679
12566,644090.3404117486
12567,644090.3403718974
12568,644090.341236738
12569,644090.3406370218
12570,644090.3406322533
12571,644090.3409022457
12572,644090.3406126958
12573,644090.3408861866
12574,644090.340324652
12575,644090.3404705271
12576,644090.3402498509
12577,644090.3407060226
12578,644090.3407308573
12579,644090.3406642466
12580,644090.3410180345
12581,644090.340423547
12582,644090.3404572519
12583,644090.3407890846
12584,644090.3407891361
12585,644090.340689197
12586,644090.3406373153
12587,644090.3407902942
12588,644090.3407604017
12589,644090.3402472214
12590,644090.3409088622
12591,644090.340834234
12592,644090.341005225
12593,644090.3404279307
12594,644090.341169794
12595,644090.3407854221
12596,644090.3407219804
12597,644090.3405487172
12598,644090.3412863264
12599,644090.3407024405
12600,644090.3405818025
12601,644090.3405443045
12602,644090.3410247886
12603,644090.3406838431
12604,644090.3405221172
12605,644090.3406149462
12606,644090.3414166175
12607,644090.3410802726
12608,644090.3407370945
12609,644090.3414393691
12610,644090.3413927243
12611,644090.3407332356
12612,644090.3403875325
12613,644090.3405177796
12614,644090.3409802949
12615,644090.34070886
12616,644090.3408977982
12617,644090.3407722038
12618,644090.3411358465
12619,644090.340593236
12620,644090.3408740587
12621,644090.3404763838
12622,644090.3410557674
12623,644090.3402979594
12624,644090.3406641664
12625,644090.3403277635
12626,644090.3401799513
12627,644090.340377752
12628,644090.3402260117
12629,644090.3405522516
12630,644090.3405392882
12631,644090.3406919265
12632,644090.3405328447
12633,644090.3410069098
12634,644090.3406417323
12635,644090.3411036379
12636,644090.3407959755
12637,644090.3409957687
12638,644090.3405464888
12639,644090.3412161486
12640,644090.340456615
12641,644090.3409265246
12642,644090.3409490429
12643,644090.3404535031
12644,644090.3404832924
12645,644090.3409322035
12646,644090.3411435583
12647,644090.3407358072
12648,644090.3407801309
12649,644090.3404369545
12650,644090.3406215309
12651,644090.340634134
12652,644090.3405900692
12653,644090.340763258
12654,644090.3409766386
12655,644090.3405126301
12656,644090.3404535202
12657,644090.3405875482
12658,644090.3405309295
12659,644090.3402429121
12660,644090.3404397139
12661,644090.3401679144
12662,644090.3406137212
12663,644090.3409610763
12664,644090.3412734534
12665,644090.3410512325
12666,644090.3410027837
12667,644090.3412013942
12668,644090.3411231588
12669,644090.3401881332
12670,644090.3408405388
12671,644090.3405127595
12672,644090.3403455674
12673,644090.340470394
12674,644090.3407300758
12675,644090.3410090682
12676,644090.3405853005
12677,644090.3404579113
12678,644090.3407744275
12679,644090.3402615308
12680,644090.3405086851
12681,644090.3407529652
12682,644090.3405582506
12683,644090.3404771955
12684,644090.3407088243
12685,644090.3408419555
12686,644090.3407448949
12687,644090.3409177931
12688,644090.3400606139
12689,644090.3395274725
12690,644090.3404958214
12691,644090.3411189623
12692,644090.3407025605
12693,644090.3409623828
12694,644090.3409685165
12695,644090.3408853168
12696,644090.3405956577
12697,644090.3410719412
12698,644090.3412219532
12699,644090.3410702418
12700,644090.3405750092
12701,644090.3402837474
12702,644090.3407345205
12703,644090.3404556205
12704,644090.3405963726
12705,644090.3409376364
12706,644090.3404727834
12707,644090.3406295552
12708,644090.3401732357
12709,644090.3407221062
12710,644090.3408839336
12711,644090.3409783475
12712,644090.3407135006
12713,644090.3410622531
12714,644090.3408387139
12715,644090.3407535804
12716,644090.3405456654
12717,644090.3408206289
12718,644090.3408009261
12719,644090.3406582883
12720,644090.3403776565
12721,644090.3409192748
12722,644090.3406595926
12723,644090.3405339777
12724,644090.3408864504
12725,644090.3408629199
12726,644090.3404304915
12727,644090.3410149926
12728,644090.3404426863
12729,644090.3398442927
12730,644090.3403342261
12731,644090.3406878805
12732,644090.3403922982
12733,644090.3406420995
12734,644090.3407265525
12735,644090.3410423815
12736,644090.340439277
12737,644090.3406540961
12738,644090.3408318374
12739,644090.3403122575
12740,644090.3401248698
12741,644090.3403350172
12742,644090.34000445
12743,644090.3408966722
12744,644090.3407475211
12745,644090.3401782364
12746,644090.3406917733
12747,644090.340524373
12748,644090.3408404263
12749,644090.3403161272
12750,644090.3404978891
12751,644090.3410805616
12752,644090.3407020328
12753,644090.3408121088
12754,644090.3404145956
12755,644090.3405614328
12756,644090.3409312622
12757,644090.3404060866
12758,644090.340989877
12759,644090.3406446264
12760,644090.3402325351
12761,644090.3403646216
12762,644090.3402857548
12763,644090.3406844763
12764,644090.3407544574
12765,644090.3410768557
12766,644090.3404455155
12767,644090.3411365484
12768,644090.3400830879
12769,644090.3409583024
12770,644090.3404278317
12771,644090.3404167899
12772,644090.340764341
12773,644090.3406714957
12774,644090.3407247739
12775,644090.3405068838
12776,644090.3406417135
12777,644090.3403957395
12778,644090.3406821076
12779,644090.340601731
12780,644090.3402938709
12781,644090.3407586006
12782,644090.3405704971
12783,644090.3408392753
12784,644090.3409571244
12785,644090.3404304718
12786,644090.3403671704
12787,644090.3404388623
12788,644090.3405481264
12789,644090.3406433095
12790,644090.3406220678
12791,644090.3408905271
12792,644090.3412261475
12793,644090.3414853751
12794,644090.3410578414
12795,644090.3405570791
12796,644090.3403587872
12797,644090.340951471
12798,644090.3405059202
12799,644090.3403300303
12800,644090.3408201364
12801,644090.340793176
12802,644090.3405357177
12803,644090.3403754572
12804,644090.3407968745
12805,644090.3405914264
12806,644090.3408273008
12807,644090.3408487942
12808,644090.3408408307
12809,644090.340599285
12810,644090.3404104238
12811,644090.3409686338
12812,644090.3402156485
12813,644090.3406364578
12814,644090.3406336948
12815,644090.3404469992
12816,644090.3407796725
12817,644090.3401630813
12818,644090.3409961683
12819,644090.3405512167
12820,644090.3405143713
12821,644090.3409448514
12822,644090.3412078454
12823,644090.3398338914
12824,644090.34118502
12825,644090.340271378
12826,644090.3406947288
12827,644090.3407604998
12828,644090.340327526
12829,644090.3405391485
12830,644090.3404022631
12831,644090.3412355063
12832,644090.3404326399
12833,644090.3407724338
12834,644090.340866785
12835,644090.3401582157
12836,644090.3409095943
12837,644090.3407910458
12838,644090.3408172522
12839,644090.3407750776
12840,644090.3413967881
12841,644090.3407221418
12842,644090.3402593078
12843,644090.3405940189
12844,644090.3399262814
12845,644090.3405300879
12846,644090.34024427
12847,644090.3408574347
12848,644090.3404787162
12849,644090.3411137451
12850,644090.3408588914
12851,644090.3411518147
12852,644090.3404797898
12853,644090.3399276213
12854,644090.340756375
12855,644090.3407805535
12856,644090.341186332
12857,644090.3409669216
12858,644090.339996234
12859,644090.3411892683
12860,644090.3404676832
12861,644090.3402626733
12862,644090.3406888185
12863,644090.3405803208
12864,644090.3408963804
12865,644090.3402782925
12866,644090.34029636
12867,644090.3415521152
12868,644090.3403548371
12869,644090.3404961311
12870,644090.3402648015
12871,644090.3407305491
12872,644090.3410143818
12873,644090.3413320545
12874,644090.3405115757
12875,644090.3404980483
12876,644090.3406945217
12877,644090.340445365
12878,644090.3403708562
12879,644090.3406628676
12880,644090.3407357145
12881,644090.3407652058
12882,644090.340780541
12883,644090.341111766
12884,644090.3410556907
12885,644090.340253082
12886,644090.3402507296
12887,644090.340833954
12888,644090.3409891662
12889,644090.3416221213
12890,644090.3405778819
12891,644090.3408135814
12892,644090.3407327353
12893,644090.3408959673
12894,644090.3406812302
12895,644090.3408462685
12896,644090.3404358452
12897,644090.341035989
12898,644090.3405777992
12899,644090.3408177645
12900,644090.340861548
12901,644090.3411379341
12902,644090.3406167435
12903,644090.3405274446
12904,644090.3409805655
12905,644090.3407968932
12906,644090.3405550192
12907,644090.3408152869
12908,644090.3404852573
12909,644090.3406488766
12910,644090.3407641805
12911,644090.3410213286
12912,644090.341224549
12913,644090.3408575044
12914,644090.3411081532
12915,644090.340272734
12916,644090.3409869333
12917,644090.3413042004
12918,644090.3408561647
12919,644090.34133821
12920,644090.3402024184
12921,644090.3404711573
12922,644090.3406705932
12923,644090.3408568328
12924,644090.3400624368
12925,644090.3405381017
12926,644090.3401239896
12927,644090.3406887893
12928,644090.3405425805
12929,644090.340825828
12930,644090.340886972
12931,644090.3405626281
12932,644090.3406667997
12933,644090.3407546293
12934,644090.3411872832
12935,644090.3403974337
12936,644090.3406464355
12937,644090.3405162843
12938,644090.3407980418
12939,644090.3403823648
12940,644090.3405034982
12941,644090.3405005052
12942,644090.3401710382
12943,644090.3405849716
12944,644090.3406694247
12945,644090.3408740397
12946,644090.3405159811
12947,644090.34023283
12948,644090.340668715
12949,644090.3406759748
12950,644090.3408456893
12951,644090.3407835457
12952,644090.3410002178
12953,644090.3407482228
12954,644090.3411796455
12955,644090.341082207
12956,644090.3403734255
12957,644090.3401979101
12958,644090.3403506326
12959,644090.3405857383
12960,644090.3406311814
12961,644090.3400722959
12962,644090.3410431523
12963,644090.3406100508
12964,644090.340778557
12965,644090.3401496195
12966,644090.3401612755
12967,644090.340827335
12968,644090.340669183
12969,644090.3408357373
12970,644090.3406682502
12971,644090.3412001196
12972,644090.3401003383
12973,644090.3407743797
12974,644090.3407540409
12975,644090.3406035847
12976,644090.3411984915
12977,644090.3408432737
12978,644090.3405216332
12979,644090.3403448791
12980,644090.3411371096
12981,644090.3405885702
12982,644090.3406978906
12983,644090.3410701922
12984,644090.3400294224
12985,644090.3409220462
12986,644090.3409080018
12987,644090.3410839586
12988,644090.3406099691
12989,644090.3407149828
12990,644090.3405906078
12991,644090.3409800178
12992,644090.3403131057
12993,644090.3407800726
12994,644090.3410464434
12995,644090.3411738883
12996,644090.3406709324
12997,644090.3409190908
12998,644090.3405673262
12999,644090.3406543251
13000,644090.3405510724
13001,644090.3409443859
13002,644090.3402311428
13003,644090.3409615463
13004,644090.3404240356
13005,644090.3409324989
13006,644090.3411751714
13007,644090.3405456567
13008,644090.3405472266
13009,644090.3404574118
13010,644090.3407335993
13011,644090.3407013299
13012,644090.3407701914
13013,644090.3411290795
13014,644090.3408589138
13015,644090.3411127718
13016,644090.340755234
13017,644090.3402667517
13018,644090.3408972163
13019,644090.3406000673
13020,644090.3406452822
13021,644090.3406925574
13022,644090.341248014
13023,644090.3408076699
13024,644090.3407204979
13025,644090.3409482047
13026,644090.3404928785
13027,644090.3406007874
13028,644090.3402163236
13029,644090.3408848072
13030,644090.3406284595
13031,644090.3407762876
13032,644090.3408083076
13033,644090.3405637774
13034,644090.3408099407
13035,644090.3408618085
13036,644090.3406587795
13037,644090.3409873015
13038,644090.340734861
13039,644090.3410848631
13040,644090.3409229311
13041,644090.3402033149
13042,644090.3411658803
13043,644090.3409198042
13044,644090.34084064
13045,644090.3405258817
13046,644090.3408911856
13047,644090.3408946585
13048,644090.340130943
13049,644090.3406783491
13050,644090.3409561664
13051,644090.3407467585
13052,644090.3409055277
13053,644090.3408129455
13054,644090.3405907338
13055,644090.3407639446
13056,644090.3407490182
13057,644090.3402203083
13058,644090.3405484206
13059,644090.3410645472
13060,644090.3409418432
13061,644090.3409318826
13062,644090.3406239728
13063,644090.3406177228
13064,644090.3406448002
13065,644090.3405332635
13066,644090.3405723415
13067,644090.340970133
13068,644090.3409208208
13069,644090.3406169364
13070,644090.3406408922
13071,644090.3404417994
13072,644090.3407342144
13073,644090.3402800552
13074,644090.340349784
13075,644090.3404688973
13076,644090.3407162955
13077,644090.3408689834
13078,644090.3404371988
13079,644090.3407072845
13080,644090.340409349
13081,644090.340850157
13082,644090.3407144075
13083,644090.3407551579
13084,644090.3407567034
13085,644090.340658688
13086,644090.3402067042
13087,644090.340859085
13088,644090.3402367472
13089,644090.3409069972
13090,644090.3414596337
13091,644090.3411617539
13092,644090.3401149865
13093,644090.3408877073
13094,644090.3409725323
13095,644090.3406244762
13096,644090.3403950119
13097,644090.3406695427
13098,644090.3408245797
13099,644090.3408362977
13100,644090.3404391962
13101,644090.3413336227
13102,644090.3401961691
13103,644090.3404528259
13104,644090.3410374927
13105,644090.3401732312
13106,644090.3407215032
13107,644090.3404901954
13108,644090.3411059784
13109,644090.3404679174
13110,644090.3410226656
13111,644090.3404294054
13112,644090.340882204
13113,644090.3403912605
13114,644090.3403907766
13115,644090.3405472845
13116,644090.34018973
13117,644090.3409332817
13118,644090.3407041958
13119,644090.3409546537
13120,644090.3409136258
13121,644090.3404267906
13122,644090.3408959252
13123,644090.3405254409
13124,644090.3405762792
13125,644090.3408043506
13126,644090.3404398947
13127,644090.3406462985
13128,644090.3406498986
13129,644090.3406732434
13130,644090.3411905982
13131,644090.3401563176
13132,644090.3407658335
13133,644090.3412834638
13134,644090.3407149152
13135,644090.3405098873
13136,644090.3409374363
13137,644090.3405415306
13138,644090.340665769
13139,644090.3403247807
13140,644090.3407825702
13141,644090.3404654549
13142,644090.3406392748
13143,644090.3403173944
13144,644090.3412151069
13145,644090.3405894141
13146,644090.3402740343
13147,644090.3407181354
13148,644090.340447761
13149,644090.3403303686
13150,644090.3406775803
13151,644090.3403307162
13152,644090.3407625355
13153,644090.3409481663
13154,644090.3407905276
13155,644090.3404392494
13156,644090.3407045471
13157,644090.3407045475
13158,558882.6803067653
13159,558882.6803067646
13160,558882.6803067644
13161,558882.6803067648
13162,558882.6803067647
13163,558882.6803067649
13164,558882.680306765
13165,558882.6803067653
13166,558882.6803067649
13167,558882.6803067654
13168,558882.6803067653
13169,558882.6794455027
13170,558882.6800454012
13171,558882.6809228179
13172,558882.6806269867
13173,558882.6809383435
13174,558882.6820671698
13175,558882.6801958284
13176,558882.6794568194
13177,558882.6809215497
13178,558882.6802790137
13179,558882.6803041256
13180,558882.6797796489
13181,558882.680550816
13182,558882.6806994684
13183,558882.6798490228
13184,558882.6818051632
13185,558882.6811221256
13186,558882.6794759214
13187,558882.6808110483
13188,558882.6800328137
13189,558882.6812966471
13190,558882.680640435
13191,558882.6798893864
13192,558882.6804900523
13193,558882.6807232933
13194,558882.6796470064
13195,558882.680332971
13196,558882.6804078566
13197,558882.68031717
13198,558882.6792065057
13199,558882.6805804461
13200,558882.6797091478
13201,558882.6801463094
13202,558882.679980485
13203,558882.680182192
13204,558882.6805501378
13205,558882.6800294694
13206,558882.6806772217
13207,558882.6804945292
13208,558882.6803572002
13209,558882.6801008428
13210,558882.6802199397
13211,558882.6798012913
13212,558882.6801789962
13213,558882.6797619947
13214,558882.6812960504
13215,558882.6805891709
13216,558882.6802471399
13217,558882.6804256908
13218,558882.6814665012
13219,558882.6797567158
13220,558882.6807214145
13221,558882.6808877513
13222,558882.6807532476
13223,558882.6808100013
13224,558882.6807277485
13225,558882.6807362976
13226,558882.6801284221
13227,558882.6799885039
13228,558882.6804555043
13229,558882.6798509636
13230,558882.6804650195
13231,558882.679789302
13232,558882.6806948512
13233,558882.6799588893
13234,558882.6813353499
13235,558882.680166272
13236,558882.6798166846
13237,558882.6806981623
13238,558882.6795007737
13239,558882.6802686709
13240,558882.6798204895
13241,558882.6809437908
13242,558882.6798903209
13243,558882.6805150254
13244,558882.6796140096
13245,558882.6800589043
13246,558882.6811956719
13247,558882.6806728209
13248,558882.6802488406
13249,558882.6796468871
13250,558882.6802558735
13251,558882.6796693875
13252,558882.6802975888
13253,558882.6803556791
13254,558882.6795319043
13255,558882.6809837328
13256,558882.6799979156
13257,558882.6805400992
13258,558882.6801095281
13259,558882.680041195
13260,558882.6794234047
13261,558882.6815792064
13262,558882.6798887155
13263,558882.6797821557
13264,558882.6799572128
13265,558882.6803605087
13266,558882.6804544752
13267,558882.6805648705
13268,558882.6807252486
13269,558882.6802207737
13270,558882.6804623895
13271,558882.6806594534
13272,558882.67966405
13273,558882.6791622353
13274,558882.6802531021
13275,558882.6799734258
13276,558882.6801670584
13277,558882.6807706641
13278,558882.6807500384
13279,558882.6812423422
13280,558882.679787408
13281,558882.6797812028
13282,558882.6801045731
13283,558882.6792132898
13284,558882.6796994664
13285,558882.6799598918
13286,558882.680364417
13287,558882.6805076995
13288,558882.680217
13289,558882.6809744248
13290,558882.679847723
13291,558882.6803069509
13292,558882.6808552569
13293,558882.6804913417
13294,558882.6808306057
13295,558882.6807977696
13296,558882.6789230874
13297,558882.680531115
13298,558882.6803771635
13299,558882.6807063405
13300,558882.6807325807
13301,558882.6802913393
13302,558882.68097574
13303,558882.6808590442
13304,558882.6804259236
13305,558882.6801444107
13306,558882.6801533832
13307,558882.6802832597
13308,558882.6802659534
13309,558882.6808328792
13310,558882.6803581538
13311,558882.6808688717
13312,558882.6803355219
13313,558882.6796273984
13314,558882.6805913633
13315,558882.6801399689
13316,558882.6803269057
13317,558882.6800000756
13318,558882.6804547887
13319,558882.6801937683
13320,558882.6803343827
13321,558882.6804179213
13322,558882.6800606665
13323,558882.6804466887
13324,558882.6800688548
13325,558882.6805652922
13326,558882.6808878736
13327,558882.6806559275
13328,558882.6798779222
13329,558882.6812122079
13330,558882.6801261891
13331,558882.6807120133
13332,558882.6802730506
13333,558882.6808542082
13334,558882.6805904461
13335,558882.6795688707
13336,558882.6799865232
13337,558882.6810971585
13338,558882.6799842553
13339,558882.6801174285
13340,558882.6815351623
13341,558882.6810445068
13342,558882.6799361401
13343,558882.6798791763
13344,558882.6796545471
13345,558882.6805776024
13346,558882.6801852479
13347,558882.6802487621
13348,558882.6798163735
13349,558882.6804808908
13350,558882.6806050082
13351,558882.6809508444
13352,558882.6802752812
13353,558882.681100295
13354,558882.6798907164
13355,558882.6798953793
13356,558882.6802602506
13357,558882.6803859356
13358,558882.6799395328
13359,558882.6796215612
13360,558882.6801893815
13361,558882.6798742105
13362,558882.6798808496
13363,558882.6799147956
13364,558882.6805839677
13365,558882.6804757138
13366,558882.6809116072
13367,558882.6806012875
13368,558882.6807203705
13369,558882.6802794769
13370,558882.6807202607
13371,558882.6798983497
13372,558882.6804095755
13373,558882.6806331235
13374,558882.6795075723
13375,558882.6801351003
13376,558882.6806106465
13377,558882.6804805809
13378,558882.6806357341
13379,558882.6804449429
13380,558882.680496493
13381,558882.6799478986
13382,558882.6801248037
13383,558882.6804756104
13384,558882.6805289777
13385,558882.6802586808
13386,558882.6803325524
13387,558882.6799675201
13388,558882.6795659916
13389,558882.6800723257
13390,558882.6800364641
13391,558882.6805037359
13392,558882.6798062909
13393,558882.678953331
13394,558882.6802348101
13395,558882.6810241204
13396,558882.6810525384
13397,558882.6802507513
13398,558882.6806066775
13399,558882.681224514
13400,558882.679591792
13401,558882.6802223865
13402,558882.6800286205
13403,558882.6802317456
13404,558882.680189825
13405,558882.6800799329
13406,558882.680784689
13407,558882.6807545102
13408,558882.6798795442
13409,558882.6806554603
13410,558882.6802041791
13411,558882.6799542577
13412,558882.680102401
13413,558882.6790178766
13414,558882.6800998637
13415,558882.68050524
13416,558882.6801023218
13417,558882.6803940494
13418,558882.6808709322
13419,558882.6795350297
13420,558882.679081309
13421,558882.6802092703
13422,558882.6806527977
13423,558882.6797075492
13424,558882.6810935162
13425,558882.6805784528
13426,558882.6803245804
13427,558882.6805450214
13428,558882.6808535779
13429,558882.6813294749
13430,558882.6801821697
13431,558882.6802463649
13432,558882.6796237365
13433,558882.6801377083
13434,558882.6798236219
13435,558882.6802162353
13436,558882.6803989229
13437,558882.6799623477
13438,558882.6797592596
13439,558882.6793629717
13440,558882.680878867
13441,558882.6800441593
13442,558882.6810369127
13443,558882.6801564659
13444,558882.6815283292
13445,558882.6800207987
13446,558882.6801610148
13447,558882.6799007865
13448,558882.6807854241
13449,558882.6807447167
13450,558882.6796415248
13451,558882.6807794976
13452,558882.6795475299
13453,558882.6802532161
13454,558882.6802340592
13455,558882.6796367372
13456,558882.6809582775
13457,558882.6793091695
13458,558882.6806862671
13459,558882.6793927891
13460,558882.6791106801
13461,558882.6795149267
13462,558882.6796778896
13463,558882.6794974373
13464,558882.6799374617
13465,558882.6807864793
13466,558882.6805465242
13467,558882.6797705936
13468,558882.6808503071
13469,558882.6805147955
13470,558882.6803066484
13471,558882.6793161378
13472,558882.6798448397
13473,558882.6788140074
13474,558882.6804292626
13475,558882.6803232321
13476,558882.6798707736
13477,558882.6807916116
13478,558882.6801590547
13479,558882.6800370552
13480,558882.6792522036
13481,558882.6799709215
13482,558882.6812255573
13483,558882.6805460445
13484,558882.6799896031
13485,558882.6804854661
13486,558882.679874718
13487,558882.6808269669
13488,558882.6802278096
13489,558882.6804824129
13490,558882.680355719
13491,558882.6804200541
13492,558882.6798950727
13493,558882.6795843858
13494,558882.6804425671
13495,558882.6803025887
13496,558882.6805891027
13497,558882.680572005
13498,558882.6812487239
13499,558882.6800033895
13500,558882.680506128
13501,558882.6802067792
13502,558882.6808323604
13503,558882.6798098759
13504,558882.6808313585
13505,558882.6809046423
13506,558882.6798283529
13507,558882.6805005738
13508,558882.6801881958
13509,558882.6802995218
13510,558882.6803611931
13511,558882.6803048712
13512,558882.6810008546
13513,558882.6800267764
13514,558882.6806420523
13515,558882.6813322232
13516,558882.6807693316
13517,558882.6796398285
13518,558882.6799217756
13519,558882.6793680447
13520,558882.681143353
13521,558882.6797853659
13522,558882.6808101329
13523,558882.6807394293
13524,558882.6812982605
13525,558882.6806744287
13526,558882.680075132
13527,558882.6803402321
13528,558882.6813210292
13529,558882.6801428513
13530,558882.6799278856
13531,558882.6800879518
13532,558882.6804805802
13533,558882.6802052693
13534,558882.6804026726
13535,558882.6799333623
13536,558882.6804116636
13537,558882.6802100621
13538,558882.6809806172
13539,558882.6811417061
13540,558882.6809633283
13541,558882.6794286344
13542,558882.6813510917
13543,558882.6794003239
13544,558882.67963779
13545,558882.6797502545
13546,558882.6804938162
13547,558882.6799228137
13548,558882.6803926066
13549,558882.6803479918
13550,558882.6795180892
13551,558882.6807180032
13552,558882.6802265339
13553,558882.6813125054
13554,558882.678934981
13555,558882.6815263617
13556,558882.6800939876
13557,558882.6802676441
13558,558882.680786123
13559,558882.6801400332
13560,558882.6804100239
13561,558882.679999494
13562,558882.6808760588
13563,558882.6803349523
13564,558882.679934587
13565,558882.6811762397
13566,558882.6794564044
13567,558882.6807630876
13568,558882.6809075137
13569,558882.6807709972
13570,558882.680371644
13571,558882.6816268137
13572,558882.681316721
13573,558882.6804151961
13574,558882.679951385
13575,558882.678734962
13576,558882.6801074661
13577,558882.6791879885
13578,558882.6805539862
13579,558882.6802397227
13580,558882.6810368267
13581,558882.6799968609
13582,558882.6810539429
13583,558882.6801575937
13584,558882.6794340917
13585,558882.6798656564
13586,558882.6809330736
13587,558882.6806634197
13588,558882.6810767824
13589,558882.679754002
13590,558882.6812294781
13591,558882.6801202423
13592,558882.6801676356
13593,558882.6808512778
13594,558882.6800358777
13595,558882.68046942
13596,558882.6799568915
13597,558882.6797750423
13598,558882.6815283295
13599,558882.6795989609
13600,558882.6801472141
13601,558882.679317187
13602,558882.6796091527
13603,558882.6807260019
13604,558882.6821290894
13605,558882.6809826677
13606,558882.6799075624
13607,558882.6800622398
13608,558882.6795088418
13609,558882.6797012675
13610,558882.6797812015
13611,558882.6804453194
13612,558882.6802414018
13613,558882.6801246338
13614,558882.6804162795
13615,558882.680951635
13616,558882.6796632956
13617,558882.6789410751
13618,558882.6798318253
13619,558882.6808667233
13620,558882.6819520612
13621,558882.6803321105
13622,558882.6807231865
13623,558882.680486258
13624,558882.6811238875
13625,558882.680321928
13626,558882.6814764357
13627,558882.6802528466
13628,558882.679676544
13629,558882.6798937125
13630,558882.6802820872
13631,558882.6805576133
13632,558882.6807278026
13633,558882.6815489576
13634,558882.6797196158
13635,558882.6803725836
13636,558882.680721215
13637,558882.6803157119
13638,558882.680620781
13639,558882.6800226886
13640,558882.6801957063
13641,558882.680312149
13642,558882.6808197114
13643,558882.6806969248
13644,558882.6808227593
13645,558882.6813672123
13646,558882.6800714484
13647,558882.6818470027
13648,558882.6807349649
13649,558882.6805743604
13650,558882.6807932565
13651,558882.6795891176
13652,558882.6796136771
13653,558882.6801359245
13654,558882.6806971862
13655,558882.6797596785
13656,558882.6806394903
13657,558882.6791338953
13658,558882.6804772251
13659,558882.6804868318
13660,558882.6803158912
13661,558882.6802497222
13662,558882.6800380481
13663,558882.6803693922
13664,558882.6807351751
13665,558882.6802308504
13666,558882.679530914
13667,558882.6798340677
13668,558882.6801926809
13669,558882.680811058
13670,558882.6796740366
13671,558882.6798450338
13672,558882.6805395486
13673,558882.6804705674
13674,558882.679953766
13675,558882.6802178064
13676,558882.6808148813
13677,558882.6804806433
13678,558882.6800238908
13679,558882.6805657377
13680,558882.6804225491
13681,558882.6798109319
13682,558882.680440327
13683,558882.6808587193
13684,558882.6806753596
13685,558882.6812989314
13686,558882.6815344014
13687,558882.6806979132
13688,558882.6801047852
13689,558882.6802640097
13690,558882.6799388237
13691,558882.6800650813
13692,558882.6795202239
13693,558882.6805344513
13694,558882.6804588538
13695,558882.680479447
13696,558882.6797485932
13697,558882.6794430142
13698,558882.6799621378
13699,558882.6800661403
13700,558882.6804204633
13701,558882.6809771399
13702,558882.6814133062
13703,558882.6798114596
13704,558882.6799567963
13705,558882.6801964014
13706,558882.680086338
13707,558882.6806044617
13708,558882.6807067812
13709,558882.6801524983
13710,558882.6799876981
13711,558882.6810015428
13712,558882.6800515893
13713,558882.6809367657
13714,558882.6808649987
13715,558882.6800668576
13716,558882.6803945473
13717,558882.6808511178
13718,558882.6803239576
13719,558882.679989055
13720,558882.6800765556
13721,558882.6798823759
13722,558882.6806141008
13723,558882.6798189793
13724,558882.6804239282
13725,558882.6807279171
13726,558882.6815972197
13727,558882.6800492366
13728,558882.6806939336
13729,558882.6803144948
13730,558882.680527155
13731,558882.6794912389
13732,558882.6807398571
13733,558882.6803101478
13734,558882.6809132962
13735,558882.6798983075
13736,558882.6803739384
13737,558882.6813431015
13738,558882.6802566504
13739,558882.6797509224
13740,558882.6802646699
13741,558882.6801076645
13742,558882.6798089225
13743,558882.6801011031
13744,558882.6818226794
13745,558882.680155535
13746,558882.6806387436
13747,558882.6800498039
13748,558882.6794504224
13749,558882.680336737
13750,558882.6801687856
13751,558882.6800630736
13752,558882.6801704117
13753,558882.6808392692
13754,558882.6800849151
13755,558882.6808528205
13756,558882.6808932853
13757,558882.6799715273
13758,558882.6800222186
13759,558882.6792701918
13760,558882.6808133724
13761,558882.6802150125
13762,558882.6798472219
13763,558882.6805888779
13764,558882.6800874664
13765,558882.6801522893
13766,558882.6804332506
13767,558882.6801976183
13768,558882.6804312748
13769,558882.6809541951
13770,558882.6806557233
13771,558882.6808783342
13772,558882.6798073846
13773,558882.6812808923
13774,558882.6811327905
13775,558882.6801384999
13776,558882.6802855913
13777,558882.6798794463
13778,558882.6808225008
13779,558882.6800153385
13780,558882.6806978985
13781,558882.6807931194
13782,558882.6805978124
13783,558882.6801985572
13784,558882.6800138669
13785,558882.6800849787
13786,558882.6804160562
13787,558882.6803350152
13788,558882.6800543307
13789,558882.680043774
13790,558882.6810721615
13791,558882.6806274506
13792,558882.6804035178
13793,558882.6800860503
13794,558882.6799233918
13795,558882.6801199669
13796,558882.6801582916
13797,558882.6804337774
13798,558882.6811182249
13799,558882.6802880408
13800,558882.6800950309
13801,558882.6803747232
13802,558882.6803664037
13803,558882.6803688084
13804,558882.679102317
13805,558882.6803062117
13806,558882.6800261212
13807,558882.6805418156
13808,558882.6807818696
13809,558882.6803548111
13810,558882.6801126993
13811,558882.6799979275
13812,558882.6801411532
13813,558882.6799895705
13814,558882.6812691945
13815,558882.6802571076
13816,558882.6800868671
13817,558882.6793728604
13818,558882.6804699284
13819,558882.6804419397
13820,558882.680553916
13821,558882.6813486699
13822,558882.6808197957
13823,558882.6784070027
13824,558882.6802614373
13825,558882.6805277899
13826,558882.6799336434
13827,558882.6800264507
13828,558882.680722529
13829,558882.6800736698
13830,558882.6805844136
13831,558882.6800667926
13832,558882.6810511841
13833,558882.6797791815
13834,558882.6800785259
13835,558882.6802015741
13836,558882.6794997887
13837,558882.680087058
13838,558882.6798554622
13839,558882.6809102239
13840,558882.6804984668
13841,558882.6807034897
13842,558882.6801409669
13843,558882.6806635607
13844,558882.67999759
13845,558882.6799933353
13846,558882.6800095739
13847,558882.6796216685
13848,558882.6799878333
13849,558882.6805218332
13850,558882.6801794731
13851,558882.6805284501
13852,558882.6795896929
13853,558882.6794444551
13854,558882.6801629126
13855,558882.6801607104
13856,558882.6802334003
13857,558882.6800321178
13858,558882.680132705
13859,558882.6799149041
13860,558882.6802129253
13861,558882.6809397582
13862,558882.6800940657
13863,558882.6810608765
13864,558882.680645675
13865,558882.6804033045
13866,558882.6797803885
13867,558882.6808667148
13868,558882.6801668277
13869,558882.6804797667
13870,558882.6800932874
13871,558882.6805036666
13872,558882.6801828259
13873,558882.6801615084
13874,558882.6796501924
13875,558882.6817475235
13876,558882.680451096
13877,558882.6789800398
13878,558882.680026701
13879,558882.6801164293
13880,558882.680196932
13881,558882.6805045292
13882,558882.679712429
13883,558882.6807550845
13884,558882.6805724418
13885,558882.6804362752
13886,558882.6799625277
13887,558882.6803067653
13888,558882.6803067654
13889,14898065.303614317
13890,14898065.303614303
13891,14898065.303614303
13892,14898065.303614289
13893,14898065.303614305
13894,14898065.303614283
13895,14898065.303614292
13896,14898065.303614289
13897,14898065.303614307
13898,14898065.303614302
13899,14898065.303614298
13900,14898065.257338762
13901,14898065.298707774
13902,14898065.313340897
13903,14898065.30877815
13904,14898065.273669992
13905,14898065.323222892
13906,14898065.317128455
13907,14898065.27163767
13908,14898065.307051694
13909,14898065.309662322
13910,14898065.232725862
13911,14898065.276122056
13912,14898065.335635234
13913,14898065.346146135
13914,14898065.25843196
13915,14898065.308161953
13916,14898065.266600333
13917,14898065.252882779
13918,14898065.270678604
13919,14898065.319504716
13920,14898065.313973757
13921,14898065.290277807
13922,14898065.26694217
13923,14898065.346594254
13924,14898065.295606542
13925,14898065.307906643
13926,14898065.304069845
13927,14898065.298321225
13928,14898065.298069054
13929,14898065.318112055
13930,14898065.306157349
13931,14898065.290063106
13932,14898065.304994734
13933,14898065.299588915
13934,14898065.258619132
13935,14898065.315781444
13936,14898065.285981055
13937,14898065.326198082
13938,14898065.252735645
13939,14898065.381305946
13940,14898065.22224602
13941,14898065.329348598
13942,14898065.27935284
13943,14898065.280903343
13944,14898065.30657406
13945,14898065.290987402
13946,14898065.275191337
13947,14898065.278729957
13948,14898065.359387016
13949,14898065.313363502
13950,14898065.258670354
13951,14898065.317562485
13952,14898065.27949637
13953,14898065.275213955
13954,14898065.403478151
13955,14898065.332901197
13956,14898065.311236443
13957,14898065.319366822
13958,14898065.34044438
13959,14898065.31793915
13960,14898065.313699422
13961,14898065.287553623
13962,14898065.29984827
13963,14898065.304463351
13964,14898065.344589818
13965,14898065.315195616
13966,14898065.302796507
13967,14898065.306261268
13968,14898065.280219894
13969,14898065.30313161
13970,14898065.278453698
13971,14898065.314036705
13972,14898065.299449096
13973,14898065.255470308
13974,14898065.32601771
13975,14898065.241309837
13976,14898065.28965876
13977,14898065.26737529
13978,14898065.330295471
13979,14898065.326038208
13980,14898065.31885771
13981,14898065.321542675
13982,14898065.210079249
13983,14898065.31060876
13984,14898065.212440405
13985,14898065.290953828
13986,14898065.316101486
13987,14898065.284607109
13988,14898065.316742947
13989,14898065.275173007
13990,14898065.308408445
13991,14898065.303992022
13992,14898065.327654198
13993,14898065.277749415
13994,14898065.324427076
13995,14898065.257301085
13996,14898065.277954144
13997,14898065.328968124
13998,14898065.28179726
13999,14898065.318605194
14000,14898065.309108714
14001,14898065.281240884
14002,14898065.298382731
14003,14898065.286469858
14004,14898065.256242812
14005,14898065.26250551
14006,14898065.307087798
14007,14898065.318232657
14008,14898065.342286661
14009,14898065.311068518
14010,14898065.296713054
14011,14898065.260690896
14012,14898065.244125169
14013,14898065.247357495
14014,14898065.320671463
14015,14898065.26989906
14016,14898065.298917044
14017,14898065.310173595
14018,14898065.270071352
14019,14898065.290408
14020,14898065.30049055
14021,14898065.360002032
14022,14898065.362626106
14023,14898065.301889129
14024,14898065.295293149
14025,14898065.376246806
14026,14898065.280864732
14027,14898065.24986177
14028,14898065.335753085
14029,14898065.315716583
14030,14898065.32120663
14031,14898065.341208434
14032,14898065.307746533
14033,14898065.336538272
14034,14898065.324770898
14035,14898065.329629444
14036,14898065.305280875
14037,14898065.328137929
14038,14898065.37692127
14039,14898065.30081481
14040,14898065.31322292
14041,14898065.291476674
14042,14898065.2933318
14043,14898065.335381808
14044,14898065.338531189
14045,14898065.287901945
14046,14898065.308515377
14047,14898065.325447056
14048,14898065.247645443
14049,14898065.317998167
14050,14898065.30396022
14051,14898065.342118872
14052,14898065.251777356
14053,14898065.261732746
14054,14898065.266662711
14055,14898065.345150705
14056,14898065.309627064
14057,14898065.347079106
14058,14898065.3007617
14059,14898065.294479199
14060,14898065.353566084
14061,14898065.290476222
14062,14898065.302466555
14063,14898065.291717034
14064,14898065.313901221
14065,14898065.320224965
14066,14898065.278675757
14067,14898065.324529875
14068,14898065.295018962
14069,14898065.270036716
14070,14898065.20792072
14071,14898065.317914523
14072,14898065.278601132
14073,14898065.286588408
14074,14898065.371618642
14075,14898065.291083515
14076,14898065.28027738
14077,14898065.32835374
14078,14898065.33429021
14079,14898065.259553447
14080,14898065.2172685
14081,14898065.2998167
14082,14898065.279898163
14083,14898065.293957492
14084,14898065.303701863
14085,14898065.337171748
14086,14898065.31106933
14087,14898065.326918295
14088,14898065.259691004
14089,14898065.298297683
14090,14898065.387010386
14091,14898065.312284246
14092,14898065.321850529
14093,14898065.321807098
14094,14898065.329057673
14095,14898065.256237088
14096,14898065.302363737
14097,14898065.29917088
14098,14898065.281125493
14099,14898065.27624304
14100,14898065.257293303
14101,14898065.260330794
14102,14898065.313734712
14103,14898065.33498869
14104,14898065.270950073
14105,14898065.27324225
14106,14898065.297263445
14107,14898065.262085741
14108,14898065.279648328
14109,14898065.316835765
14110,14898065.32091829
14111,14898065.313617436
14112,14898065.335914506
14113,14898065.301425803
14114,14898065.332191711
14115,14898065.312987966
14116,14898065.319954697
14117,14898065.319181079
14118,14898065.284588763
14119,14898065.332495008
14120,14898065.330849182
14121,14898065.299531218
14122,14898065.314631417
14123,14898065.296990387
14124,14898065.289793523
14125,14898065.306351783
14126,14898065.309694761
14127,14898065.288622206
14128,14898065.242558545
14129,14898065.3451589
14130,14898065.29435226
14131,14898065.337571306
14132,14898065.332483443
14133,14898065.270656358
14134,14898065.303539576
14135,14898065.321835978
14136,14898065.285424545
14137,14898065.251118079
14138,14898065.306901354
14139,14898065.33302764
14140,14898065.296542482
14141,14898065.312049037
14142,14898065.33369838
14143,14898065.278218443
14144,14898065.34175369
14145,14898065.32303963
14146,14898065.286820518
14147,14898065.248189649
14148,14898065.317600682
14149,14898065.267282937
14150,14898065.327839792
14151,14898065.244489376
14152,14898065.352301674
14153,14898065.301130794
14154,14898065.253061028
14155,14898065.299918322
14156,14898065.277692227
14157,14898065.284857703
14158,14898065.285572182
14159,14898065.323467894
14160,14898065.299323479
14161,14898065.258926017
14162,14898065.323507525
14163,14898065.34988202
14164,14898065.29092832
14165,14898065.343102966
14166,14898065.297148041
14167,14898065.239342919
14168,14898065.308800738
14169,14898065.306092044
14170,14898065.29303039
14171,14898065.314546037
14172,14898065.296562616
14173,14898065.272589812
14174,14898065.31900313
14175,14898065.302351464
14176,14898065.265335502
14177,14898065.321372697
14178,14898065.304493807
14179,14898065.310559819
14180,14898065.286845095
14181,14898065.285679333
14182,14898065.313222814
14183,14898065.298214065
14184,14898065.304830916
14185,14898065.271971002
14186,14898065.287524713
14187,14898065.337992933
14188,14898065.334723046
14189,14898065.316898283
14190,14898065.29944207
14191,14898065.314864513
14192,14898065.259693505
14193,14898065.346481556
14194,14898065.344211342
14195,14898065.327511964
14196,14898065.305864902
14197,14898065.33733784
14198,14898065.279775668
14199,14898065.313329997
14200,14898065.318129528
14201,14898065.348818816
14202,14898065.316715444
14203,14898065.27797708
14204,14898065.253378611
14205,14898065.321046133
14206,14898065.28363254
14207,14898065.341696905
14208,14898065.340030016
14209,14898065.305017138
14210,14898065.292027386
14211,14898065.277869148
14212,14898065.292050628
14213,14898065.268046945
14214,14898065.339196406
14215,14898065.30307497
14216,14898065.318192491
14217,14898065.27479146
14218,14898065.27361644
14219,14898065.342585916
14220,14898065.298640726
14221,14898065.309650525
14222,14898065.352080692
14223,14898065.299204865
14224,14898065.302641729
14225,14898065.345582489
14226,14898065.289202232
14227,14898065.292818796
14228,14898065.309480414
14229,14898065.26313783
14230,14898065.319859628
14231,14898065.2597369
14232,14898065.321282862
14233,14898065.321225397
14234,14898065.317822339
14235,14898065.287890166
14236,14898065.276865227
14237,14898065.322634691
14238,14898065.260988588
14239,14898065.315892635
14240,14898065.286980947
14241,14898065.392741628
14242,14898065.364910297
14243,14898065.30736781
14244,14898065.329195172
14245,14898065.313625325
14246,14898065.246945294
14247,14898065.307096193
14248,14898065.305144165
14249,14898065.298383024
14250,14898065.326853177
14251,14898065.278929215
14252,14898065.325696373
14253,14898065.264167499
14254,14898065.319427412
14255,14898065.294792635
14256,14898065.323657949
14257,14898065.312210253
14258,14898065.214955157
14259,14898065.252825875
14260,14898065.281190393
14261,14898065.343616044
14262,14898065.271497538
14263,14898065.304661347
14264,14898065.258319234
14265,14898065.289205007
14266,14898065.278186318
14267,14898065.335385054
14268,14898065.29202664
14269,14898065.315767927
14270,14898065.346047057
14271,14898065.315328738
14272,14898065.303526847
14273,14898065.312222587
14274,14898065.324456628
14275,14898065.348245563
14276,14898065.344005676
14277,14898065.331141168
14278,14898065.289250871
14279,14898065.34441794
14280,14898065.261669273
14281,14898065.278724073
14282,14898065.370383635
14283,14898065.276680004
14284,14898065.327013375
14285,14898065.319151955
14286,14898065.273418898
14287,14898065.311250255
14288,14898065.350858003
14289,14898065.243923752
14290,14898065.336950349
14291,14898065.267366897
14292,14898065.255028171
14293,14898065.317817578
14294,14898065.307785057
14295,14898065.31687482
14296,14898065.327733302
14297,14898065.3079151
14298,14898065.291880634
14299,14898065.30101997
14300,14898065.313482651
14301,14898065.278888159
14302,14898065.224932713
14303,14898065.279355433
14304,14898065.340310453
14305,14898065.26567037
14306,14898065.271556485
14307,14898065.324759658
14308,14898065.29215527
14309,14898065.316021338
14310,14898065.326516021
14311,14898065.320093298
14312,14898065.218501765
14313,14898065.29905665
14314,14898065.357898861
14315,14898065.340150064
14316,14898065.289828092
14317,14898065.300914038
14318,14898065.280745678
14319,14898065.28380151
14320,14898065.365425956
14321,14898065.349901626
14322,14898065.305140413
14323,14898065.337562263
14324,14898065.257574057
14325,14898065.294391166
14326,14898065.325088413
14327,14898065.307923239
14328,14898065.29894685
14329,14898065.306946283
14330,14898065.275075262
14331,14898065.286284167
14332,14898065.337531617
14333,14898065.297908181
14334,14898065.291967576
14335,14898065.331053782
14336,14898065.315337718
14337,14898065.308757383
14338,14898065.246438222
14339,14898065.332539015
14340,14898065.321898066
14341,14898065.332508123
14342,14898065.258810194
14343,14898065.30462747
14344,14898065.32738792
14345,14898065.243574467
14346,14898065.266067153
14347,14898065.297862377
14348,14898065.368614579
14349,14898065.250608461
14350,14898065.386304837
14351,14898065.282441437
14352,14898065.286537271
14353,14898065.298897035
14354,14898065.319073496
14355,14898065.316072203
14356,14898065.328642566
14357,14898065.314139035
14358,14898065.32884038
14359,14898065.262431808
14360,14898065.307854349
14361,14898065.299845
14362,14898065.274715353
14363,14898065.302929249
14364,14898065.33851488
14365,14898065.250590185
14366,14898065.227826428
14367,14898065.294005152
14368,14898065.300457606
14369,14898065.315258628
14370,14898065.304342493
14371,14898065.315201703
14372,14898065.294014866
14373,14898065.301215155
14374,14898065.231288543
14375,14898065.259147309
14376,14898065.27666121
14377,14898065.286180306
14378,14898065.278849686
14379,14898065.268590555
14380,14898065.331270065
14381,14898065.290933935
14382,14898065.305326425
14383,14898065.29774761
14384,14898065.342792409
14385,14898065.345217317
14386,14898065.328597723
14387,14898065.332615534
14388,14898065.33822875
14389,14898065.268142737
14390,14898065.303868549
14391,14898065.299103996
14392,14898065.26304769
14393,14898065.27433855
14394,14898065.279111974
14395,14898065.347687535
14396,14898065.287567621
14397,14898065.235005355
14398,14898065.272736648
14399,14898065.33261835
14400,14898065.296739787
14401,14898065.297193494
14402,14898065.282185545
14403,14898065.337359859
14404,14898065.339847403
14405,14898065.340826372
14406,14898065.296309102
14407,14898065.336598715
14408,14898065.373051574
14409,14898065.325950002
14410,14898065.302418634
14411,14898065.350536468
14412,14898065.315278456
14413,14898065.305444779
14414,14898065.321715059
14415,14898065.304145772
14416,14898065.298164893
14417,14898065.238484195
14418,14898065.347252527
14419,14898065.309022577
14420,14898065.299948782
14421,14898065.287999945
14422,14898065.301352888
14423,14898065.345100867
14424,14898065.280132703
14425,14898065.273074124
14426,14898065.292609023
14427,14898065.353972731
14428,14898065.320348306
14429,14898065.290433401
14430,14898065.311841454
14431,14898065.302237729
14432,14898065.365812048
14433,14898065.28539454
14434,14898065.412580695
14435,14898065.265876692
14436,14898065.313991193
14437,14898065.301382625
14438,14898065.247823676
14439,14898065.35071769
14440,14898065.280325256
14441,14898065.2771651
14442,14898065.307836266
14443,14898065.331888905
14444,14898065.332353849
14445,14898065.263470499
14446,14898065.280143157
14447,14898065.321782885
14448,14898065.278633637
14449,14898065.259664496
14450,14898065.262792213
14451,14898065.293120503
14452,14898065.289567463
14453,14898065.316423342
14454,14898065.304597067
14455,14898065.296045788
14456,14898065.295261573
14457,14898065.28433105
14458,14898065.288417518
14459,14898065.308287801
14460,14898065.348022623
14461,14898065.312668893
14462,14898065.226489574
14463,14898065.275499804
14464,14898065.313121459
14465,14898065.300534919
14466,14898065.315048264
14467,14898065.298742332
14468,14898065.323837562
14469,14898065.331058413
14470,14898065.294528073
14471,14898065.281506388
14472,14898065.312201597
14473,14898065.329359911
14474,14898065.3097667
14475,14898065.375307323
14476,14898065.272135964
14477,14898065.290071022
14478,14898065.283421615
14479,14898065.35100361
14480,14898065.244045917
14481,14898065.307043754
14482,14898065.305152338
14483,14898065.30501067
14484,14898065.288601274
14485,14898065.297842272
14486,14898065.254074266
14487,14898065.279933862
14488,14898065.312011242
14489,14898065.319755882
14490,14898065.337650277
14491,14898065.331211144
14492,14898065.289485004
14493,14898065.230631791
14494,14898065.318095703
14495,14898065.321272366
14496,14898065.270815156
14497,14898065.309321085
14498,14898065.317568226
14499,14898065.35683733
14500,14898065.309769904
14501,14898065.2753505
14502,14898065.296731358
14503,14898065.280059315
14504,14898065.287983943
14505,14898065.298293017
14506,14898065.290327711
14507,14898065.311338175
14508,14898065.28500318
14509,14898065.317501597
14510,14898065.27676302
14511,14898065.31340238
14512,14898065.30446027
14513,14898065.29375971
14514,14898065.336773384
14515,14898065.254690293
14516,14898065.303643435
14517,14898065.288421389
14518,14898065.320316177
14519,14898065.378242673
14520,14898065.313238522
14521,14898065.324952733
14522,14898065.294789547
14523,14898065.28994801
14524,14898065.289057214
14525,14898065.299297027
14526,14898065.276164522
14527,14898065.30915842
14528,14898065.270014904
14529,14898065.324009497
14530,14898065.292762415
14531,14898065.312383315
14532,14898065.331750758
14533,14898065.32485661
14534,14898065.29385533
14535,14898065.325505156
14536,14898065.309779353
14537,14898065.282522367
14538,14898065.29932409
14539,14898065.288614647
14540,14898065.32960953
14541,14898065.291004632
14542,14898065.306533849
14543,14898065.297388548
14544,14898065.298639353
14545,14898065.286158133
14546,14898065.314649139
14547,14898065.272866275
14548,14898065.37179117
14549,14898065.34298493
14550,14898065.319754014
14551,14898065.320450986
14552,14898065.31418243
14553,14898065.300129946
14554,14898065.295099763
14555,14898065.323936809
14556,14898065.2669163
14557,14898065.302900624
14558,14898065.298139773
14559,14898065.324704142
14560,14898065.318141693
14561,14898065.32623372
14562,14898065.327722583
14563,14898065.25568836
14564,14898065.33447213
14565,14898065.274060832
14566,14898065.219834426
14567,14898065.299148342
14568,14898065.273569498
14569,14898065.318964692
14570,14898065.320465676
14571,14898065.327790264
14572,14898065.316525623
14573,14898065.326130452
14574,14898065.293645829
14575,14898065.296289535
14576,14898065.27004479
14577,14898065.291294994
14578,14898065.288076894
14579,14898065.327421198
14580,14898065.336444147
14581,14898065.254421718
14582,14898065.280653005
14583,14898065.309685117
14584,14898065.245652676
14585,14898065.282121606
14586,14898065.320658645
14587,14898065.2885902
14588,14898065.259093089
14589,14898065.294394488
14590,14898065.309091644
14591,14898065.305869676
14592,14898065.299326384
14593,14898065.321950767
14594,14898065.30835312
14595,14898065.302394103
14596,14898065.29515157
14597,14898065.243905563
14598,14898065.291801786
14599,14898065.306297066
14600,14898065.30669487
14601,14898065.326142862
14602,14898065.30850944
14603,14898065.322085993
14604,14898065.294429813
14605,14898065.289497057
14606,14898065.333221896
14607,14898065.302528083
14608,14898065.307085924
14609,14898065.287921228
14610,14898065.336996118
14611,14898065.318094615
14612,14898065.318302019
14613,14898065.320864996
14614,14898065.31025592
14615,14898065.31403095
14616,14898065.26554281
14617,14898065.321526801
14618,14898065.303614302
14619,14898065.30361431
14620,540006.7252477886
14621,540006.7252477882
14622,540006.7252477887
14623,540006.7252477889
14624,540006.7252477888
14625,540006.725247788
14626,540006.7252477888
14627,540006.725247788
14628,540006.7252477884
14629,540006.7252477887
14630,540006.7252477884
14631,540006.724433905
14632,540006.724854795
14633,540006.725906968
14634,540006.725720415
14635,540006.7255890412
14636,540006.7268185532
14637,540006.7252904841
14638,540006.7244374066
14639,540006.725607858
14640,540006.7253828647
14641,540006.7253252888
14642,540006.7246986375
14643,540006.7255263301
14644,540006.7255207201
14645,540006.7247079328
14646,540006.7263340018
14647,540006.7259867095
14648,540006.7244359333
14649,540006.7255944118
14650,540006.7251517356
14651,540006.7261568332
14652,540006.7253806358
14653,540006.7250069812
14654,540006.725583618
14655,540006.7254801969
14656,540006.7248458421
14657,540006.7253114164
14658,540006.7253370768
14659,540006.7252978148
14660,540006.7242796447
14661,540006.7253789207
14662,540006.724819629
14663,540006.7249679046
14664,540006.7252583498
14665,540006.7248153277
14666,540006.7258259755
14667,540006.7249331535
14668,540006.7255476683
14669,540006.7252598784
14670,540006.7253160278
14671,540006.7249649283
14672,540006.7253329466
14673,540006.7247300062
14674,540006.7250955827
14675,540006.7249190069
14676,540006.7258444042
14677,540006.7256657616
14678,540006.7248961668
14679,540006.7258533614
14680,540006.7259823345
14681,540006.7243530974
14682,540006.7258055221
14683,540006.7256072852
14684,540006.7253746396
14685,540006.7258167567
14686,540006.7254019823
14687,540006.7252429574
14688,540006.7250595653
14689,540006.7250870465
14690,540006.7255012806
14691,540006.7250312266
14692,540006.7253257325
14693,540006.724770339
14694,540006.7255361362
14695,540006.7251059649
14696,540006.7261044161
14697,540006.7251718666
14698,540006.7246657835
14699,540006.7252817873
14700,540006.7246799119
14701,540006.7249476126
14702,540006.7247115445
14703,540006.7257345275
14704,540006.724904935
14705,540006.7254942409
14706,540006.7243646357
14707,540006.7249504527
14708,540006.7262204456
14709,540006.7255747138
14710,540006.7249597516
14711,540006.7245224508
14712,540006.7253747127
14713,540006.7240697113
14714,540006.7254812379
14715,540006.7250615992
14716,540006.7248968118
14717,540006.7255790776
14718,540006.7250430373
14719,540006.7256611325
14720,540006.7250204391
14721,540006.7254153189
14722,540006.7244161888
14723,540006.7262707251
14724,540006.7248295681
14725,540006.725178693
14726,540006.7246183206
14727,540006.7252569214
14728,540006.7251834238
14729,540006.7249475433
14730,540006.7256639656
14731,540006.7252540432
14732,540006.7251297403
14733,540006.7256331352
14734,540006.7249305119
14735,540006.7240712831
14736,540006.7252785816
14737,540006.7249537527
14738,540006.7253127834
14739,540006.726001631
14740,540006.7258375353
14741,540006.7260049072
14742,540006.7245723783
14743,540006.7243702452
14744,540006.7250665593
14745,540006.7247120885
14746,540006.7249954526
14747,540006.7246573053
14748,540006.7252748378
14749,540006.7251349331
14750,540006.7253603266
14751,540006.7258901896
14752,540006.7257005429
14753,540006.7256343149
14754,540006.7253484246
14755,540006.7253575963
14756,540006.7257467302
14757,540006.7255783121
14758,540006.7238897781
14759,540006.7255503737
14760,540006.7255654667
14761,540006.7255452351
14762,540006.725599394
14763,540006.725389997
14764,540006.7257829168
14765,540006.725883067
14766,540006.72541953
14767,540006.7251369348
14768,540006.7250956509
14769,540006.7253238196
14770,540006.7251794223
14771,540006.7257057393
14772,540006.7250574278
14773,540006.7258439659
14774,540006.7253160074
14775,540006.7251587063
14776,540006.7255599712
14777,540006.7253628499
14778,540006.7251672162
14779,540006.7250290735
14780,540006.7251045125
14781,540006.7250884234
14782,540006.7254797284
14783,540006.7247104964
14784,540006.7251343004
14785,540006.7255840438
14786,540006.7254143414
14787,540006.7252402597
14788,540006.7257255142
14789,540006.7254631014
14790,540006.7248823598
14791,540006.7258533951
14792,540006.7248055591
14793,540006.7254092983
14794,540006.7251591766
14795,540006.7258137355
14796,540006.725530378
14797,540006.724884057
14798,540006.7250497962
14799,540006.7256498851
14800,540006.7247839081
14801,540006.724795631
14802,540006.7261949654
14803,540006.7259165326
14804,540006.7247978589
14805,540006.7253282315
14806,540006.7246376385
14807,540006.7254248847
14808,540006.7251914103
14809,540006.7251425177
14810,540006.7247019797
14811,540006.7247996624
14812,540006.7253879368
14813,540006.7257347115
14814,540006.7252183789
14815,540006.7262293882
14816,540006.7250919412
14817,540006.7247239264
14818,540006.7250580332
14819,540006.7251803223
14820,540006.7250952375
14821,540006.7252577076
14822,540006.7253163243
14823,540006.7248314884
14824,540006.7249609702
14825,540006.7246391197
14826,540006.7250118712
14827,540006.7252890442
14828,540006.7255864582
14829,540006.7252361417
14830,540006.7255439328
14831,540006.7252268703
14832,540006.7252255874
14833,540006.7251324562
14834,540006.7257234724
14835,540006.725107616
14836,540006.724342673
14837,540006.7252230939
14838,540006.725472414
14839,540006.725386733
14840,540006.7256387548
14841,540006.7253387541
14842,540006.7251738306
14843,540006.725072111
14844,540006.7249989244
14845,540006.7252588489
14846,540006.7257954254
14847,540006.7251684908
14848,540006.725560361
14849,540006.7249215089
14850,540006.7246689964
14851,540006.724951507
14852,540006.7249553464
14853,540006.7256140112
14854,540006.7253782293
14855,540006.7239354482
14856,540006.7253084256
14857,540006.7261699246
14858,540006.7257547594
14859,540006.724796337
14860,540006.7254681477
14861,540006.7257361352
14862,540006.7250228439
14863,540006.7253506043
14864,540006.7249337838
14865,540006.7256085575
14866,540006.7250539187
14867,540006.7250846378
14868,540006.7255293449
14869,540006.7255462873
14870,540006.7246655946
14871,540006.7252608389
14872,540006.7255194534
14873,540006.724841405
14874,540006.7249810729
14875,540006.724225381
14876,540006.7248460763
14877,540006.7253063365
14878,540006.7247213465
14879,540006.7252449719
14880,540006.7257680821
14881,540006.7247984366
14882,540006.7243824342
14883,540006.7251969369
14884,540006.7253485122
14885,540006.7241447621
14886,540006.7262891869
14887,540006.725558754
14888,540006.7254487753
14889,540006.7252666369
14890,540006.7257890732
14891,540006.7260696883
14892,540006.7247266318
14893,540006.7253169527
14894,540006.7248733408
14895,540006.7247398472
14896,540006.7248252663
14897,540006.7253455321
14898,540006.7251204363
14899,540006.72538933
14900,540006.7247610645
14901,540006.7243171764
14902,540006.7258553669
14903,540006.7250603624
14904,540006.7253487728
14905,540006.7252092017
14906,540006.7263716116
14907,540006.7249453693
14908,540006.725469522
14909,540006.7250517242
14910,540006.7257464234
14911,540006.7255628674
14912,540006.7247017978
14913,540006.7257710653
14914,540006.7245553167
14915,540006.7251543591
14916,540006.7254387032
14917,540006.7248955591
14918,540006.7258822534
14919,540006.7246605803
14920,540006.7254720582
14921,540006.7244320817
14922,540006.7245348772
14923,540006.7249609457
14924,540006.724885719
14925,540006.7244742024
14926,540006.7249078186
14927,540006.7257480707
14928,540006.7251854095
14929,540006.7252146646
14930,540006.7256927103
14931,540006.7254007014
14932,540006.7255385378
14933,540006.7242512503
14934,540006.7247223447
14935,540006.7239482407
14936,540006.7254402135
14937,540006.7253116544
14938,540006.7249151961
14939,540006.7256595728
14940,540006.7246668678
14941,540006.7250577194
14942,540006.724359378
14943,540006.7248719567
14944,540006.7261104529
14945,540006.7254536337
14946,540006.7249112432
14947,540006.7259516659
14948,540006.7248667777
14949,540006.7254053701
14950,540006.725151443
14951,540006.7250878486
14952,540006.725216623
14953,540006.7255016487
14954,540006.7250558785
14955,540006.7249123023
14956,540006.7255984887
14957,540006.7252951437
14958,540006.7253460621
14959,540006.7255267685
14960,540006.7257300459
14961,540006.7252637933
14962,540006.7251543138
14963,540006.7250164672
14964,540006.7256705359
14965,540006.7252102463
14966,540006.7254274146
14967,540006.7254690548
14968,540006.7247588639
14969,540006.7252692571
14970,540006.7251788056
14971,540006.7255146522
14972,540006.725447239
14973,540006.7255012672
14974,540006.7259293095
14975,540006.7253125707
14976,540006.7256167999
14977,540006.7257873628
14978,540006.725815806
14979,540006.7248942527
14980,540006.7249601042
14981,540006.7247451617
14982,540006.7258469961
14983,540006.7249025694
14984,540006.7258018216
14985,540006.7258136247
14986,540006.7256773066
14987,540006.7253103837
14988,540006.7254119571
14989,540006.7256119361
14990,540006.7258880431
14991,540006.7253138502
14992,540006.7251749157
14993,540006.724514174
14994,540006.725368998
14995,540006.7254275599
14996,540006.7251301449
14997,540006.7248026406
14998,540006.725525436
14999,540006.7249300268
15000,540006.7261013408
15001,540006.7262291451
15002,540006.7259499148
15003,540006.7244541033
15004,540006.7258623871
15005,540006.7248058744
15006,540006.7248268583
15007,540006.7249103372
15008,540006.7255309557
15009,540006.7247415684
15010,540006.7251651123
15011,540006.7249421608
15012,540006.7245155822
15013,540006.7257040627
15014,540006.7248549903
15015,540006.7261740621
15016,540006.7245455438
15017,540006.7262293765
15018,540006.7250876839
15019,540006.7252849842
15020,540006.7253588389
15021,540006.7254140854
15022,540006.7250895286
15023,540006.7249288164
15024,540006.7254463283
15025,540006.7247948622
15026,540006.7249563235
15027,540006.7262873043
15028,540006.7246490244
15029,540006.725308857
15030,540006.7260818981
15031,540006.7257119098
15032,540006.7254035717
15033,540006.726177135
15034,540006.7260663656
15035,540006.7253457219
15036,540006.7245459498
15037,540006.7237918314
15038,540006.7251859814
15039,540006.7245395221
15040,540006.7251985496
15041,540006.7252788811
15042,540006.7259079266
15043,540006.7246930725
15044,540006.72568194
15045,540006.725479307
15046,540006.7248992235
15047,540006.725151366
15048,540006.7259806782
15049,540006.7251659629
15050,540006.7258821629
15051,540006.7255940759
15052,540006.7261869634
15053,540006.7252353956
15054,540006.7254837826
15055,540006.7257568066
15056,540006.724688508
15057,540006.7256154689
15058,540006.7250475647
15059,540006.7249825713
15060,540006.7261178473
15061,540006.724671255
15062,540006.7252357041
15063,540006.7244744272
15064,540006.724828069
15065,540006.7254229005
15066,540006.7266616501
15067,540006.7260257524
15068,540006.7249483841
15069,540006.7248352162
15070,540006.7245053134
15071,540006.7248367968
15072,540006.7251901049
15073,540006.7252482971
15074,540006.7251520898
15075,540006.7254497864
15076,540006.724992393
15077,540006.7255869849
15078,540006.7249547532
15079,540006.7245625666
15080,540006.7245976016
15081,540006.7257962376
15082,540006.7264967796
15083,540006.7252452218
15084,540006.72567518
15085,540006.7254785019
15086,540006.7261033958
15087,540006.7256662351
15088,540006.726155957
15089,540006.725374762
15090,540006.724427472
15091,540006.7251116998
15092,540006.7252329811
15093,540006.7253207862
15094,540006.7251039
15095,540006.7261429739
15096,540006.72461621
15097,540006.7247896873
15098,540006.7255196931
15099,540006.7249883373
15100,540006.7257244983
15101,540006.7250173786
15102,540006.7253703412
15103,540006.725468074
15104,540006.7255421338
15105,540006.7254715264
15106,540006.7255593088
15107,540006.7259382791
15108,540006.7253373386
15109,540006.7266642367
15110,540006.7255538873
15111,540006.7258111128
15112,540006.7260434546
15113,540006.724921385
15114,540006.7247810885
15115,540006.7253881264
15116,540006.725525029
15117,540006.7252631146
15118,540006.7255887014
15119,540006.7246615079
15120,540006.7248933353
15121,540006.7255803242
15122,540006.7249233621
15123,540006.7248892278
15124,540006.7247279884
15125,540006.7248312302
15126,540006.726155666
15127,540006.7253062016
15128,540006.7245324701
15129,540006.7247037034
15130,540006.725229478
15131,540006.726046635
15132,540006.7248811498
15133,540006.724914844
15134,540006.7255192462
15135,540006.7257229574
15136,540006.7252774179
15137,540006.7249861371
15138,540006.7258838497
15139,540006.7254670899
15140,540006.7252008956
15141,540006.7254723561
15142,540006.7254553421
15143,540006.7248904338
15144,540006.7251716043
15145,540006.725529841
15146,540006.7253698147
15147,540006.7258334293
15148,540006.7262398428
15149,540006.7256295036
15150,540006.7255602262
15151,540006.7252275159
15152,540006.7249804917
15153,540006.7248560162
15154,540006.7251756827
15155,540006.7252806505
15156,540006.7250567889
15157,540006.7253785915
15158,540006.7252676891
15159,540006.724428533
15160,540006.7250383603
15161,540006.7250120285
15162,540006.7253723149
15163,540006.7260780652
15164,540006.7261667276
15165,540006.7251582656
15166,540006.7250518173
15167,540006.7251834174
15168,540006.725093307
15169,540006.7253795627
15170,540006.7261030816
15171,540006.7251863516
15172,540006.7251830656
15173,540006.7259660456
15174,540006.7252758796
15175,540006.7257467387
15176,540006.7253792594
15177,540006.7250845043
15178,540006.7259115304
15179,540006.7252733719
15180,540006.7247442339
15181,540006.7251508172
15182,540006.7246666026
15183,540006.7249385031
15184,540006.7256347686
15185,540006.7248173157
15186,540006.7250030956
15187,540006.725450248
15188,540006.7259647564
15189,540006.7247877116
15190,540006.7255281556
15191,540006.7250614872
15192,540006.725432347
15193,540006.7241081554
15194,540006.7253993559
15195,540006.7253672412
15196,540006.7257704012
15197,540006.7249387297
15198,540006.7251407488
15199,540006.7261202767
15200,540006.725541024
15201,540006.7250420732
15202,540006.7252919408
15203,540006.7252965055
15204,540006.7250836374
15205,540006.7250672356
15206,540006.7265695629
15207,540006.7250923762
15208,540006.7254076821
15209,540006.7250451528
15210,540006.7245669337
15211,540006.725496999
15212,540006.7252396614
15213,540006.7248252517
15214,540006.7250362718
15215,540006.7258001596
15216,540006.7247341676
15217,540006.7253506685
15218,540006.7254837966
15219,540006.7249527134
15220,540006.7250659583
15221,540006.7247745532
15222,540006.7255006812
15223,540006.724641704
15224,540006.7249290531
15225,540006.725638672
15226,540006.7250089953
15227,540006.7249724757
15228,540006.7252710594
15229,540006.7252450369
15230,540006.725547126
15231,540006.7257381533
15232,540006.7252171336
15233,540006.7255565377
15234,540006.7247332528
15235,540006.7258598495
15236,540006.7259526872
15237,540006.7248802925
15238,540006.72531413
15239,540006.7250007938
15240,540006.7260725985
15241,540006.7249475289
15242,540006.7254228896
15243,540006.7258811602
15244,540006.7253990512
15245,540006.7250814823
15246,540006.7247760193
15247,540006.725237844
15248,540006.725508958
15249,540006.7253303363
15250,540006.7250489327
15251,540006.7250107508
15252,540006.7256447914
15253,540006.725536627
15254,540006.725304138
15255,540006.7248926377
15256,540006.7248702359
15257,540006.7248402152
15258,540006.725175808
15259,540006.7253584147
15260,540006.7260211485
15261,540006.7249863497
15262,540006.725228305
15263,540006.7251915751
15264,540006.7253034869
15265,540006.7251526318
15266,540006.7243885244
15267,540006.7252316845
15268,540006.7251316131
15269,540006.7252844139
15270,540006.7258715014
15271,540006.7250563541
15272,540006.725133111
15273,540006.7249574909
15274,540006.7250708883
15275,540006.7252387613
15276,540006.7261758884
15277,540006.7249505997
15278,540006.7250359303
15279,540006.7247259229
15280,540006.7255467557
15281,540006.7253139734
15282,540006.7251760925
15283,540006.726058653
15284,540006.7257120757
15285,540006.7242032693
15286,540006.7251650511
15287,540006.7253779577
15288,540006.7246721017
15289,540006.7249959448
15290,540006.7254750353
15291,540006.7250747202
15292,540006.7256348783
15293,540006.7250677752
15294,540006.7258404794
15295,540006.7247827583
15296,540006.7250658366
15297,540006.7246915629
15298,540006.7246184405
15299,540006.725008881
15300,540006.7247494155
15301,540006.7257887167
15302,540006.7257980732
15303,540006.7256697977
15304,540006.7251732604
15305,540006.7255343193
15306,540006.7248575848
15307,540006.7249472239
15308,540006.7253140841
15309,540006.7246729188
15310,540006.7250377644
15311,540006.7253984882
15312,540006.7248824799
15313,540006.7252226544
15314,540006.7245497939
15315,540006.7243923229
15316,540006.7253378518
15317,540006.7251032095
15318,540006.7251273168
15319,540006.7249467996
15320,540006.7250714086
15321,540006.7247453565
15322,540006.7251868604
15323,540006.7258760801
15324,540006.7250565687
15325,540006.7259703671
15326,540006.7255283821
15327,540006.724965505
15328,540006.7247308356
15329,540006.7257247431
15330,540006.7253591176
15331,540006.725434561
15332,540006.7250864811
15333,540006.7254383119
15334,540006.7251642322
15335,540006.7251047255
15336,540006.7244975804
15337,540006.7261764356
15338,540006.7254877179
15339,540006.7246424599
15340,540006.7248749478
15341,540006.7250761128
15342,540006.7252657486
15343,540006.7255214078
15344,540006.7245585851
15345,540006.7258161881
15346,540006.7254822664
15347,540006.7253753627
15348,540006.7248972504
15349,540006.7252477884
15350,540006.7252477887
15351,14056664.311666075
