iteracion,valor_coste
0,28214.86716617627
1,28214.86716617632
2,28214.867166176315
3,28214.867166176322
4,28214.867166176322
5,28214.86716617631
6,28214.867166176336
7,28214.867166176286
8,28214.86716617631
9,28214.867079123862
10,28214.86695242836
11,28214.86720566014
12,28214.867275626137
13,28214.867560616007
14,28214.86721533272
15,28214.867164825977
16,28214.867316833388
17,28214.867257242557
18,28214.867300143742
19,28214.867044689046
20,28214.867236954284
21,28214.867829465562
22,28214.867296106873
23,28214.867156237084
24,28214.867078206575
25,28214.86707765815
26,28214.867347579722
27,28214.867357708554
28,28214.86703212323
29,28214.867175431515
30,28214.867357079467
31,28214.867040383142
32,28214.867209746193
33,28214.86710706129
34,28214.86716697256
35,28214.8672105191
36,28214.866864722302
37,28214.867192997266
38,28214.86772004448
39,28214.86699286545
40,28214.866994439566
41,28214.86728840474
42,28214.867039103538
43,28214.86706598177
44,28214.867115964316
45,28214.86704151592
46,28214.867348725078
47,28214.867200859902
48,28214.866980415434
49,3575378.75
50,3575378.75
51,3575378.749999999
52,3575378.749999999
53,3575378.75
54,3575378.75
55,3575378.75
56,3575378.75
57,3575378.75
58,3575378.75
59,3575378.75
60,3575378.75
61,3575378.75
62,3575378.75
63,3575378.75
64,3575378.7499999995
65,3575378.75
66,3575378.75
67,3575378.75
68,3575378.75
69,3575378.75
70,3575378.75
71,3575378.75
72,3575378.75
73,3575378.75
74,3575378.75
75,3575378.75
76,3575378.75
77,3575378.75
78,3575378.75
79,3575378.75
80,3575378.75
81,3575378.75
82,3575378.75
83,3575378.75
84,3575378.75
85,3575378.7500000005
86,3575378.75
87,3575378.75
88,3575378.75
89,3575378.75
90,3575378.75
91,3575378.75
92,3575378.75
93,3575378.75
94,3575378.75
95,3575378.75
96,3575378.75
97,3575378.749999999
98,512135.00522061385
99,512135.0052206136
100,512135.0052206136
101,512135.0052206138
102,512135.0052206138
103,512135.0052206139
104,512135.0052206139
105,512135.00522061385
106,512135.0052206141
107,512135.00494193373
108,512135.0057261186
109,512135.00604206615
110,512135.0051576859
111,512135.0046675913
112,512135.0040212731
113,512135.005422094
114,512135.0030377908
115,512135.00033089716
116,512135.00675579224
117,512135.00515427673
118,512135.00610854896
119,512135.0043287958
120,512135.00337940606
121,512135.0060385835
122,512135.0063773312
123,512135.0065007048
124,512135.00514180865
125,512135.00682126475
126,512135.0057874326
127,512135.0069578517
128,512135.006140385
129,512135.00655035785
130,512135.00613430317
131,512135.0049641683
132,512135.0062402887
133,512135.0065854426
134,512135.00388248527
135,512135.00551182375
136,512135.004508105
137,512135.002948265
138,512135.0033360574
139,512135.00234345783
140,512135.0053415129
141,512135.0070350065
142,512135.00472390256
143,512135.00667474535
144,512135.00442363456
145,512135.00497583864
146,512135.00424512185
147,24727.379842347385
148,24727.37984234741
149,24727.37984234744
150,24727.37984234741
151,24727.379842347415
152,24727.37984234741
153,24727.379842347393
154,24727.379842347407
155,24727.3798423474
156,24727.379815290955
157,24727.37967440795
158,24727.379836038544
159,24727.37992866572
160,24727.379928729308
161,24727.379716287378
162,24727.379872388377
163,24727.379820819286
164,24727.3798334565
165,24727.379996439126
166,24727.379742443194
167,24727.379898800165
168,24727.38013710434
169,24727.379973123112
170,24727.37985252687
171,24727.379815821645
172,24727.379896149625
173,24727.37998442739
174,24727.380189508647
175,24727.37974078383
176,24727.37975447982
177,24727.380063254303
178,24727.379776823473
179,24727.37989996626
180,24727.379809961636
181,24727.379874250488
182,24727.37993198596
183,24727.379567394106
184,24727.379903793495
185,24727.38017304618
186,24727.37958099463
187,24727.37965770832
188,24727.37984247084
189,24727.37974642663
190,24727.379802106272
191,24727.37981503699
192,24727.379777794707
193,24727.379916068276
194,24727.379869128825
195,24727.37964745295
196,25204.19996635738
197,25204.199966357384
198,25204.199966357384
199,25204.199966357377
200,25204.199966357355
201,25204.199966357424
202,25204.199966357377
203,25204.19996635738
204,25204.199966357355
205,25204.199954268286
206,25204.200320782486
207,25204.199785705307
208,25204.199959293997
209,25204.19979599609
210,25204.1995840289
211,25204.199566914587
212,25204.199397080072
213,25204.19975290494
214,25204.19949922299
215,25204.200319966025
216,25204.200012090936
217,25204.19969205762
218,25204.199806274533
219,25204.20012583087
220,25204.20006607777
221,25204.200178917476
222,25204.200013476602
223,25204.20030757176
224,25204.20024208779
225,25204.19991107242
226,25204.19927601042
227,25204.20062968571
228,25204.200023947902
229,25204.200071205167
230,25204.199828630066
231,25204.200070874074
232,25204.199672494797
233,25204.20000458657
234,25204.199838463548
235,25204.19968046095
236,25204.19992110836
237,25204.199689681405
238,25204.200479336265
239,25204.20049382017
240,25204.1999301049
241,25204.20025664837
242,25204.198998065367
243,25204.199858862186
244,25204.20013329946
245,21786.011111430173
246,21786.011111430165
247,21786.011111430213
248,21786.011111430198
249,21786.011111430173
250,21786.01111143019
251,21786.01111143018
252,21786.01111143018
253,21786.01111143019
254,21786.011124488647
255,21786.011093355428
256,21786.0110388035
257,21786.011158305504
258,21786.011045096708
259,21786.010889235935
260,21786.010955658807
261,21786.010903602968
262,21786.011068323292
263,21786.01107338982
264,21786.011162108258
265,21786.011158709724
266,21786.011131629584
267,21786.011135159308
268,21786.011177823573
269,21786.01114301089
270,21786.011259011917
271,21786.011218153046
272,21786.011453572697
273,21786.011169920203
274,21786.011010464874
275,21786.01105143114
276,21786.011294615157
277,21786.011171807386
278,21786.01110569602
279,21786.01111288226
280,21786.011223464222
281,21786.010865104872
282,21786.01116970452
283,21786.011217525782
284,21786.010853661228
285,21786.01101186548
286,21786.011000972874
287,21786.01122580398
288,21786.011270866926
289,21786.01109059539
290,21786.011196088417
291,21786.010805985792
292,21786.011106789763
293,21786.0110036965
294,19434.47866999328
295,19434.478669993277
296,19434.47866999329
297,19434.478669993285
298,19434.47866999327
299,19434.47866999331
300,19434.478669993285
301,19434.478669993274
302,19434.47866999329
303,19434.478650983296
304,19434.47870392847
305,19434.47863918485
306,19434.47870163352
307,19434.478630771133
308,19434.478526374485
309,19434.478466050412
310,19434.478549253698
311,19434.47875488162
312,19434.47870069207
313,19434.478682839872
314,19434.478702882843
315,19434.478579965744
316,19434.478681020046
317,19434.47870652004
318,19434.47878086415
319,19434.478783904324
320,19434.47877054876
321,19434.478818123738
322,19434.4787840866
323,19434.478596500016
324,19434.478682915753
325,19434.478742081035
326,19434.478722397074
327,19434.478612891224
328,19434.478727023205
329,19434.478722882355
330,19434.47869157999
331,19434.478662247264
332,19434.478755156117
333,19434.478669257867
334,19434.47867969071
335,19434.478623356357
336,19434.47871022825
337,19434.478735661687
338,19434.478636461656
339,19434.47877574637
340,19434.4785468146
341,19434.478652041445
342,19434.478716886326
343,18310.435538691585
344,18310.435538691574
345,18310.435538691578
346,18310.43553869157
347,18310.43553869159
348,18310.435538691585
349,18310.43553869158
350,18310.43553869158
351,18310.435538691578
352,18310.435575531134
353,18310.435481932618
354,18310.43551910665
355,18310.435552750747
356,18310.435434300474
357,18310.435446622345
358,18310.43547366556
359,18310.435677420483
360,18310.43545433445
361,18310.435462909365
362,18310.435557239813
363,18310.43558119364
364,18310.435589177247
365,18310.435509787898
366,18310.435597283824
367,18310.43561345786
368,18310.435610506465
369,18310.435567653793
370,18310.435428667897
371,18310.43541430378
372,18310.435698658173
373,18310.435423777075
374,18310.43564662691
375,18310.435583822167
376,18310.43547576434
377,18310.43549027845
378,18310.435599130193
379,18310.435573617833
380,18310.43549908365
381,18310.435524795652
382,18310.43556358076
383,18310.43541141511
384,18310.435606110503
385,18310.43562646112
386,18310.43563254472
387,18310.435504588673
388,18310.435460051325
389,18310.43538379855
390,18310.435549678972
391,18310.435548782705
392,17497.74291163172
393,17497.74291163169
394,17497.742911631714
395,17497.7429116317
396,17497.742911631703
397,17497.742911631718
398,17497.742911631718
399,17497.742911631736
400,17497.742911631736
401,17497.742915568295
402,17497.742896671494
403,17497.74291524906
404,17497.74294038432
405,17497.742870485854
406,17497.742893894847
407,17497.74286195104
408,17497.74297803364
409,17497.74291632528
410,17497.742955386508
411,17497.74287847322
412,17497.74294243142
413,17497.742920674187
414,17497.74292065581
415,17497.742928946063
416,17497.74297723461
417,17497.742935651324
418,17497.74295449538
419,17497.74282992838
420,17497.74284396857
421,17497.74298091052
422,17497.7429708876
423,17497.74290011788
424,17497.742947923918
425,17497.742868494995
426,17497.74291875339
427,17497.742940384378
428,17497.742973381908
429,17497.742865080854
430,17497.74296499831
431,17497.7429807683
432,17497.742841792453
433,17497.7429670044
434,17497.742906336938
435,17497.7429102838
436,17497.74288024004
437,17497.742860958737
438,17497.742927681527
439,17497.742921555346
440,17497.743011187158
441,16934.99918983607
442,16934.999189836057
443,16934.999189836075
444,16934.99918983605
445,16934.999189836046
446,16934.999189836053
447,16934.999189836064
448,16934.99918983607
449,16934.999189836068
450,16934.999191057508
451,16934.999263266935
452,16934.999186940913
453,16934.99922051415
454,16934.999163109896
455,16934.99921975969
456,16934.99915907131
457,16934.99910670863
458,16934.999171382005
459,16934.999206592103
460,16934.99919127089
461,16934.999199737147
462,16934.999138808475
463,16934.999195534463
464,16934.999184876207
465,16934.999215985525
466,16934.99917734437
467,16934.999212695133
468,16934.99914979118
469,16934.999163974266
470,16934.99919977812
471,16934.99922338899
472,16934.99918275302
473,16934.99920013542
474,16934.99919392181
475,16934.999188937825
476,16934.999174171797
477,16934.999162156026
478,16934.999145808513
479,16934.99923325921
480,16934.999217440716
481,16934.999122049798
482,16934.999181726413
483,16934.999204582342
484,16934.99918847999
485,16934.99916769525
486,16934.99917263901
487,16934.99920459202
488,16934.999196547426
489,16934.999366604112
490,16313.537371441073
491,16313.537371441065
492,16313.537371441074
493,16313.53737144108
494,16313.537371441073
495,16313.537371441069
496,16313.537371441078
497,16313.53737144107
498,16313.537371441063
499,16313.537418581913
500,16313.537335741017
501,16313.537367882758
502,16313.53740429961
503,16313.537332035907
504,16313.537453836077
505,16313.537394228137
506,16313.53733132907
507,16313.537396558862
508,16313.537439761885
509,16313.537335912539
510,16313.537374987223
511,16313.537383976065
512,16313.537413638103
513,16313.537354444445
514,16313.53735570225
515,16313.53735460638
516,16313.53739516157
517,16313.53737880031
518,16313.537315011898
519,16313.537328124037
520,16313.53748908055
521,16313.537323099532
522,16313.53738467627
523,16313.537339918825
524,16313.53737120078
525,16313.537375305845
526,16313.537316242026
527,16313.537342013044
528,16313.537429831984
529,16313.537351631101
530,16313.537310453106
531,16313.537360714357
532,16313.53733406224
533,16313.537342701444
534,16313.537364393062
535,16313.537327535354
536,16313.537425138247
537,16313.537404561393
538,16313.537397265152
539,15688.164884173671
540,15688.164884173693
541,15688.164884173693
542,15688.16488417368
543,15688.16488417368
544,15688.164884173666
545,15688.164884173664
546,15688.164884173675
547,15688.164884173671
548,15688.164946506497
549,15688.164899319876
550,15688.164876408959
551,15688.16489941969
552,15688.164866510273
553,15688.16493199213
554,15688.164890412625
555,15688.164815118655
556,15688.164858363927
557,15688.164895818954
558,15688.164891875993
559,15688.164873127054
560,15688.164832973906
561,15688.164889564592
562,15688.16486816699
563,15688.164887441466
564,15688.164879172191
565,15688.1648896845
566,15688.164907285618
567,15688.164863361217
568,15688.164844682316
569,15688.164909399975
570,15688.164875330158
571,15688.164882702944
572,15688.164850086338
573,15688.164891042452
574,15688.164858928087
575,15688.16486054181
576,15688.164856453925
577,15688.164887762654
578,15688.164877520867
579,15688.164835549003
580,15688.16483442892
581,15688.16489895266
582,15688.164881834686
583,15688.164879839776
584,15688.164888973799
585,15688.164889569423
586,15688.164891471828
587,15688.164896895429
588,15240.471891918543
589,15240.471891918532
590,15240.471891918536
591,15240.471891918545
592,15240.471891918538
593,15240.471891918542
594,15240.471891918536
595,15240.471891918534
596,15240.471891918542
597,15240.471950907038
598,15240.471893145806
599,15240.471887992684
600,15240.471896494046
601,15240.471895600134
602,15240.471919072665
603,15240.471889867265
604,15240.471884299322
605,15240.471848145771
606,15240.471879007397
607,15240.471907918385
608,15240.471879997562
609,15240.4718465359
610,15240.471867033224
611,15240.471881404555
612,15240.471909437443
613,15240.471900766974
614,15240.471892681602
615,15240.471889825885
616,15240.471865929394
617,15240.471889055847
618,15240.471874488421
619,15240.471894388698
620,15240.471889711214
621,15240.47185028694
622,15240.47190354569
623,15240.471859702244
624,15240.471911956141
625,15240.471875763664
626,15240.471861719467
627,15240.471903328224
628,15240.471852362833
629,15240.47184764986
630,15240.471933651987
631,15240.471895132498
632,15240.471884412495
633,15240.47190892801
634,15240.47188803803
635,15240.471872825368
636,15240.471857746754
637,14766.498664366694
638,14766.498664366689
639,14766.498664366685
640,14766.49866436669
641,14766.49866436669
642,14766.498664366696
643,14766.49866436669
644,14766.49866436669
645,14766.49866436669
646,14766.498683596956
647,14766.498662271077
648,14766.498661504971
649,14766.498670762358
650,14766.498693651592
651,14766.498696500505
652,14766.49867073719
653,14766.498694581966
654,14766.498667925143
655,14766.498659905223
656,14766.498672494716
657,14766.498657248525
658,14766.49867171996
659,14766.498657227592
660,14766.498650095116
661,14766.4986724924
662,14766.498662378457
663,14766.498681279087
664,14766.498636355747
665,14766.498621719744
666,14766.49866990458
667,14766.498662867678
668,14766.498649146857
669,14766.498663339109
670,14766.498638843874
671,14766.498654287614
672,14766.498625829909
673,14766.498707282157
674,14766.49865881963
675,14766.498663354172
676,14766.498682577152
677,14766.4986368018
678,14766.498669831151
679,14766.49869714708
680,14766.498651060345
681,14766.498651749502
682,14766.498647394064
683,14766.498692850539
684,14766.49863254886
685,14766.498637823472
686,14278.136047368987
687,14278.136047368995
688,14278.136047368986
689,14278.13604736899
690,14278.136047368987
691,14278.136047368987
692,14278.136047368986
693,14278.136047368993
694,14278.136047368993
695,14278.136029208834
696,14278.136063483302
697,14278.136045724808
698,14278.136052050613
699,14278.13610127778
700,14278.13606704713
701,14278.136045448102
702,14278.136062175103
703,14278.136058306423
704,14278.136031987458
705,14278.136056478543
706,14278.136042826014
707,14278.136074193982
708,14278.136031936076
709,14278.13603524682
710,14278.136049950317
711,14278.136038546223
712,14278.1360508252
713,14278.136007582088
714,14278.13600808574
715,14278.13606754848
716,14278.13603360205
717,14278.136035920841
718,14278.136048470018
719,14278.13604782978
720,14278.13603126923
721,14278.136008666848
722,14278.136077740546
723,14278.136042055554
724,14278.136044743222
725,14278.136053491135
726,14278.136024267256
727,14278.136063151855
728,14278.136083753532
729,14278.13603719993
730,14278.136034208444
731,14278.136035624218
732,14278.136072340812
733,14278.136009869688
734,14278.136048440972
735,13955.331568560596
736,13955.331568560594
737,13955.331568560603
738,13955.331568560596
739,13955.331568560596
740,13955.331568560594
741,13955.331568560596
742,13955.331568560607
743,13955.331568560596
744,13955.331563423118
745,13955.331576846882
746,13955.331567969366
747,13955.331566345076
748,13955.331578165582
749,13955.331528294842
750,13955.331604201885
751,13955.331579925933
752,13955.331554817883
753,13955.331615243767
754,13955.331553737018
755,13955.33155503167
756,13955.331495250002
757,13955.331581507893
758,13955.331561940031
759,13955.33161242833
760,13955.331573210788
761,13955.33156597172
762,13955.331659408143
763,13955.331548865084
764,13955.331543026818
765,13955.33161636849
766,13955.33154335134
767,13955.331579468906
768,13955.331543578182
769,13955.331585052307
770,13955.331562712134
771,13955.331698697155
772,13955.331554790495
773,13955.331522118622
774,13955.33155409199
775,13955.331598801124
776,13955.331562908323
777,13955.331557920486
778,13955.33155370306
779,13955.3315729408
780,13955.331586327671
781,13955.331587972265
782,13955.331559943603
783,13955.331529672938
784,13616.08006368312
785,13616.080063683112
786,13616.080063683112
787,13616.080063683117
788,13616.08006368312
789,13616.080063683123
790,13616.080063683123
791,13616.080063683125
792,13616.08006368312
793,13616.080037402337
794,13616.080070151704
795,13616.080064946469
796,13616.080062834784
797,13616.08007335118
798,13616.080060127073
799,13616.08005457376
800,13616.080029211364
801,13616.08005869301
802,13616.08003695142
803,13616.080072389379
804,13616.080056813822
805,13616.080072005532
806,13616.080060833352
807,13616.08006102918
808,13616.080052645644
809,13616.080053520174
810,13616.080036540057
811,13616.08007241097
812,13616.080044414362
813,13616.080078908135
814,13616.080037174113
815,13616.080071556366
816,13616.080065433454
817,13616.080088275925
818,13616.080045537461
819,13616.080047707064
820,13616.08004240764
821,13616.080052836902
822,13616.080034937466
823,13616.080027060372
824,13616.080044350985
825,13616.080066483784
826,13616.080075986229
827,13616.08007501487
828,13616.080064366759
829,13616.080072480723
830,13616.080046020306
831,13616.080066106268
832,13616.080090749545
833,13535.242109938798
834,13535.242109938792
835,13535.242109938792
836,13535.242109938792
837,13535.242109938792
838,13535.242109938788
839,13535.242109938796
840,13535.242109938794
841,13535.242109938794
842,13535.242107931716
843,13535.242095295194
844,13535.242109122666
845,13535.242111522462
846,13535.242111745774
847,13535.24210669128
848,13535.242111295896
849,13535.242103399743
850,13535.242120794996
851,13535.242113301008
852,13535.242107357604
853,13535.242104666511
854,13535.242122984027
855,13535.242122023792
856,13535.242105494308
857,13535.242105045576
858,13535.242109552515
859,13535.242107199334
860,13535.242133724129
861,13535.242087512179
862,13535.242110368417
863,13535.24212120821
864,13535.242105726762
865,13535.242113322476
866,13535.242113452456
867,13535.242098210034
868,13535.242103643268
869,13535.24210799689
870,13535.242103455283
871,13535.242100317042
872,13535.24208937709
873,13535.242100079957
874,13535.242119710245
875,13535.24210484032
876,13535.242112053846
877,13535.242110621115
878,13535.242106635591
879,13535.2421061426
880,13535.24211983678
881,13535.242104431587
882,13453.579765023589
883,13453.579765023589
884,13453.579765023589
885,13453.579765023587
886,13453.579765023595
887,13453.579765023587
888,13453.579765023589
889,13453.579765023587
890,13453.57976502359
891,13453.57976219949
892,13453.57975884787
893,13453.579766926325
894,13453.579766224348
895,13453.579764881815
896,13453.579760783894
897,13453.57976539043
898,13453.579747512997
899,13453.579762833626
900,13453.579766533643
901,13453.579762482983
902,13453.579760178429
903,13453.579769242202
904,13453.579775517224
905,13453.579762741641
906,13453.579759106146
907,13453.579762426012
908,13453.579756855486
909,13453.579778525762
910,13453.579748999258
911,13453.579771474298
912,13453.57977447
913,13453.579764155249
914,13453.579767566624
915,13453.57977564869
916,13453.57975786916
917,13453.579762404395
918,13453.579746969366
919,13453.57975933574
920,13453.579754944954
921,13453.579752645339
922,13453.579755468221
923,13453.579769176147
924,13453.579756149938
925,13453.579770585913
926,13453.579766785
927,13453.57976755665
928,13453.57975555507
929,13453.579779366552
930,13453.579784815513
931,13360.235906712587
932,13360.23590671258
933,13360.235906712585
934,13360.23590671258
935,13360.235906712585
936,13360.23590671258
937,13360.235906712584
938,13360.235906712578
939,13360.23590671258
940,13360.235908946333
941,13360.235905307105
942,13360.23590846416
943,13360.2359059123
944,13360.235899386795
945,13360.23589608795
946,13360.235893232944
947,13360.23587956851
948,13360.235889423333
949,13360.235887916133
950,13360.235914785368
951,13360.23590033361
952,13360.23589203932
953,13360.235906852507
954,13360.235912487411
955,13360.235894803463
956,13360.235909570152
957,13360.235898310266
958,13360.23592519801
959,13360.235905330659
960,13360.235914327797
961,13360.235880459526
962,13360.235923728056
963,13360.235909161884
964,13360.235904281939
965,13360.235899119178
966,13360.235905112717
967,13360.23588406653
968,13360.235904772157
969,13360.235885259848
970,13360.235901302585
971,13360.235903640123
972,13360.235892638007
973,13360.235907390172
974,13360.235926102197
975,13360.235910494406
976,13360.235926139474
977,13360.235872298308
978,13360.235914129444
979,13360.235911324748
980,13290.237509249891
981,13290.237509249893
982,13290.237509249891
983,13290.237509249886
984,13290.23750924989
985,13290.237509249891
986,13290.237509249895
987,13290.237509249891
988,13290.237509249891
989,13290.237490739231
990,13290.237514091354
991,13290.23751511959
992,13290.237513530315
993,13290.237527146659
994,13290.23749227984
995,13290.237495035604
996,13290.237507122303
997,13290.237513520253
998,13290.237523015381
999,13290.237498040631
1000,13290.237510917224
1001,13290.237499498484
1002,13290.237509287457
1003,13290.237511970681
1004,13290.237506556174
1005,13290.237506695066
1006,13290.237504732377
1007,13290.237492198155
1008,13290.237511107356
1009,13290.237522883077
1010,13290.237527630747
1011,13290.237503572069
1012,13290.237516183315
1013,13290.237508734981
1014,13290.23751980056
1015,13290.237515214085
1016,13290.237518230791
1017,13290.23750466752
1018,13290.23750519053
1019,13290.237537399651
1020,13290.237522275083
1021,13290.23751019943
1022,13290.237495033656
1023,13290.237509564062
1024,13290.237505054834
1025,13290.237526394376
1026,13290.23750373886
1027,13290.237507026717
1028,13290.237534819964
1029,13237.878831354705
1030,13237.878831354707
1031,13237.878831354697
1032,13237.878831354703
1033,13237.878831354697
1034,13237.878831354705
1035,13237.878831354705
1036,13237.878831354705
1037,13237.878831354705
1038,13237.878830713948
1039,13237.878813330088
1040,13237.8788363906
1041,13237.878834185676
1042,13237.87883532045
1043,13237.878817858604
1044,13237.878826729077
1045,13237.878860965046
1046,13237.878834716057
1047,13237.87883838255
1048,13237.878823362928
1049,13237.878832105456
1050,13237.878828530043
1051,13237.87882217625
1052,13237.878835894038
1053,13237.878821660954
1054,13237.878834803541
1055,13237.878834642024
1056,13237.878817616278
1057,13237.878816653181
1058,13237.8788419645
1059,13237.87883875348
1060,13237.878830814843
1061,13237.8788373661
1062,13237.878817819788
1063,13237.878841002135
1064,13237.87883722224
1065,13237.878847196669
1066,13237.878832353303
1067,13237.878816605224
1068,13237.878855807376
1069,13237.878835619107
1070,13237.878827875382
1071,13237.878822801875
1072,13237.878835139869
1073,13237.87882835844
1074,13237.878843664022
1075,13237.878818759713
1076,13237.878826210734
1077,13237.878808899657
1078,13172.393467642923
1079,13172.39346764293
1080,13172.393467642925
1081,13172.393467642929
1082,13172.393467642927
1083,13172.39346764293
1084,13172.393467642929
1085,13172.393467642927
1086,13172.393467642923
1087,13172.39347095159
1088,13172.393475891444
1089,13172.393470226907
1090,13172.393470583458
1091,13172.393470436582
1092,13172.393458743973
1093,13172.393458911509
1094,13172.393466227926
1095,13172.393459685496
1096,13172.393473411666
1097,13172.393463647963
1098,13172.393464335844
1099,13172.393438021227
1100,13172.393462051901
1101,13172.393473734839
1102,13172.393456427255
1103,13172.393473395792
1104,13172.393477001617
1105,13172.393481682197
1106,13172.393470632427
1107,13172.39346328144
1108,13172.39346560106
1109,13172.393469210236
1110,13172.393476157651
1111,13172.393439740043
1112,13172.393472251566
1113,13172.393470718864
1114,13172.393483773398
1115,13172.393473223901
1116,13172.393455076886
1117,13172.39348995832
1118,13172.393482040221
1119,13172.39345011535
1120,13172.393460451134
1121,13172.393473404383
1122,13172.393467451451
1123,13172.393486780555
1124,13172.393451473461
1125,13172.393451578791
1126,13172.393438853314
1127,13076.91143481461
1128,13076.911434814603
1129,13076.911434814603
1130,13076.91143481461
1131,13076.91143481461
1132,13076.91143481461
1133,13076.911434814609
1134,13076.911434814612
1135,13076.911434814616
1136,13076.911442784718
1137,13076.911415134102
1138,13076.911440064363
1139,13076.911434806978
1140,13076.911432181534
1141,13076.91144589757
1142,13076.91143388087
1143,13076.911461185256
1144,13076.911437412586
1145,13076.911412257547
1146,13076.911437016892
1147,13076.911432243214
1148,13076.911434289472
1149,13076.911419109862
1150,13076.911439925574
1151,13076.911411632207
1152,13076.911435764207
1153,13076.911443442264
1154,13076.911422347659
1155,13076.911415948198
1156,13076.911440763262
1157,13076.911406305171
1158,13076.911444079165
1159,13076.911436760336
1160,13076.91142110149
1161,13076.911435152158
1162,13076.911431112396
1163,13076.911436042905
1164,13076.911444614425
1165,13076.911420541515
1166,13076.91144916061
1167,13076.911431503684
1168,13076.911428873811
1169,13076.91144246542
1170,13076.911445688478
1171,13076.911434807624
1172,13076.911439736496
1173,13076.91141243495
1174,13076.911418909556
1175,13076.911400923742
1176,13022.969947032661
1177,13022.969947032663
1178,13022.969947032665
1179,13022.969947032663
1180,13022.969947032665
1181,13022.969947032656
1182,13022.96994703266
1183,13022.969947032656
1184,13022.969947032663
1185,13022.969952540161
1186,13022.969960507897
1187,13022.969951869713
1188,13022.969945911422
1189,13022.969954466495
1190,13022.969964395548
1191,13022.969959392949
1192,13022.969927168313
1193,13022.969935423916
1194,13022.969932068963
1195,13022.969948010263
1196,13022.969941097213
1197,13022.969930491514
1198,13022.969950652514
1199,13022.969949609904
1200,13022.969937005131
1201,13022.969944904153
1202,13022.969953354044
1203,13022.969950909144
1204,13022.969944729848
1205,13022.96994695959
1206,13022.969927486884
1207,13022.969950184774
1208,13022.969946865964
1209,13022.969941446214
1210,13022.969945250119
1211,13022.969940048732
1212,13022.96993818034
1213,13022.969952881445
1214,13022.969945267681
1215,13022.969956648947
1216,13022.969950639688
1217,13022.969945168594
1218,13022.969951639914
1219,13022.969953967218
1220,13022.969950128998
1221,13022.969943310778
1222,13022.969935455189
1223,13022.969938895398
1224,13022.969963334137
1225,12992.72903321774
1226,12992.729033217747
1227,12992.729033217744
1228,12992.729033217745
1229,12992.729033217744
1230,12992.729033217745
1231,12992.729033217744
1232,12992.729033217744
1233,12992.729033217747
1234,12992.729037800731
1235,12992.729037379499
1236,12992.729039569662
1237,12992.729032770196
1238,12992.729041621169
1239,12992.729047025965
1240,12992.7290485097
1241,12992.729026218807
1242,12992.729032367495
1243,12992.729030109465
1244,12992.729028870557
1245,12992.729029852842
1246,12992.729029349652
1247,12992.729038575535
1248,12992.729033304386
1249,12992.729026896104
1250,12992.72903140887
1251,12992.729039380349
1252,12992.729032032836
1253,12992.729026214482
1254,12992.729033895303
1255,12992.729032360223
1256,12992.729029738672
1257,12992.729031913495
1258,12992.729034051732
1259,12992.729036415649
1260,12992.729028991273
1261,12992.729028768239
1262,12992.729036549477
1263,12992.729035935
1264,12992.729041895818
1265,12992.7290370832
1266,12992.72903862032
1267,12992.729030874541
1268,12992.729034690145
1269,12992.72903479318
1270,12992.729025247603
1271,12992.729030228318
1272,12992.72903067361
1273,12992.729051686241
1274,12954.646257309787
1275,12954.646257309794
1276,12954.646257309778
1277,12954.646257309782
1278,12954.646257309787
1279,12954.646257309785
1280,12954.646257309782
1281,12954.646257309782
1282,12954.646257309782
1283,12954.646263275235
1284,12954.64625549502
1285,12954.646264499868
1286,12954.646256927872
1287,12954.646266284224
1288,12954.646261346228
1289,12954.646269638175
1290,12954.646262736434
1291,12954.646267446868
1292,12954.646265595326
1293,12954.646248623263
1294,12954.64625627439
1295,12954.64626511107
1296,12954.64626240392
1297,12954.64625612311
1298,12954.646258981094
1299,12954.646260201524
1300,12954.6462642129
1301,12954.646257997012
1302,12954.646249756006
1303,12954.646256870785
1304,12954.6462717867
1305,12954.646248571165
1306,12954.646254726975
1307,12954.646262012138
1308,12954.646266074684
1309,12954.646255768232
1310,12954.646260868753
1311,12954.646258182747
1312,12954.64626308402
1313,12954.646262916216
1314,12954.646266435218
1315,12954.646266135545
1316,12954.646250103044
1317,12954.646254060679
1318,12954.646257562645
1319,12954.646249555564
1320,12954.646261642782
1321,12954.646258244265
1322,12954.646271723755
1323,12920.431705052459
1324,12920.431705052459
1325,12920.431705052462
1326,12920.431705052462
1327,12920.431705052466
1328,12920.43170505246
1329,12920.431705052462
1330,12920.431705052459
1331,12920.431705052462
1332,12920.431710377547
1333,12920.431698756363
1334,12920.431712013282
1335,12920.431705186544
1336,12920.431711658719
1337,12920.431705671215
1338,12920.431710889403
1339,12920.43171546744
1340,12920.431722822752
1341,12920.431711370396
1342,12920.431696566728
1343,12920.431705691952
1344,12920.431722343694
1345,12920.431707447793
1346,12920.431703736658
1347,12920.431708789303
1348,12920.431712720234
1349,12920.431713170914
1350,12920.43170547854
1351,12920.431695997699
1352,12920.431705606832
1353,12920.43171816714
1354,12920.431696952346
1355,12920.4317023998
1356,12920.431711204956
1357,12920.431714180137
1358,12920.431703719607
1359,12920.431708920369
1360,12920.431705224884
1361,12920.431713143056
1362,12920.431706103293
1363,12920.43171328848
1364,12920.431715142528
1365,12920.431699857978
1366,12920.431701694957
1367,12920.431703894816
1368,12920.431698093045
1369,12920.431709768884
1370,12920.431704421775
1371,12920.4317130513
1372,12885.837478190155
1373,12885.837478190151
1374,12885.837478190157
1375,12885.837478190155
1376,12885.837478190155
1377,12885.837478190155
1378,12885.837478190153
1379,12885.837478190153
1380,12885.837478190151
1381,12885.837466691188
1382,12885.837524633489
1383,12885.83748622473
1384,12885.837478001838
1385,12885.837470770372
1386,12885.837470293489
1387,12885.837467168049
1388,12885.837439523311
1389,12885.83745661643
1390,12885.837460069848
1391,12885.837475529965
1392,12885.837475448852
1393,12885.837464549666
1394,12885.837479631919
1395,12885.837482676456
1396,12885.837468881193
1397,12885.837481835253
1398,12885.837464249773
1399,12885.837476738647
1400,12885.837501025375
1401,12885.837480402392
1402,12885.837454515658
1403,12885.837480860399
1404,12885.837477228313
1405,12885.83748778596
1406,12885.837480797429
1407,12885.83747559442
1408,12885.837459539182
1409,12885.837476472854
1410,12885.837479919936
1411,12885.8374746244
1412,12885.837488627558
1413,12885.837464555556
1414,12885.837480306594
1415,12885.8374842525
1416,12885.837482663961
1417,12885.83748898692
1418,12885.83746631713
1419,12885.837468107757
1420,12885.837524262824
1421,12845.232689331253
1422,12845.232689331247
1423,12845.232689331253
1424,12845.232689331251
1425,12845.232689331247
1426,12845.232689331253
1427,12845.232689331253
1428,12845.232689331247
1429,12845.232689331246
1430,12845.232684629409
1431,12845.232705334354
1432,12845.232694633469
1433,12845.232692889107
1434,12845.232672417413
1435,12845.232687774344
1436,12845.232679928806
1437,12845.23266389532
1438,12845.232688268432
1439,12845.232682385275
1440,12845.232683577648
1441,12845.232689058452
1442,12845.232691079771
1443,12845.232688015876
1444,12845.232689668639
1445,12845.232674517081
1446,12845.232699098258
1447,12845.232682319665
1448,12845.232696209781
1449,12845.232694218077
1450,12845.23268562546
1451,12845.232683775143
1452,12845.232686316005
1453,12845.232691895662
1454,12845.23269063423
1455,12845.23268948832
1456,12845.232688608192
1457,12845.232674576331
1458,12845.232685481955
1459,12845.232695464309
1460,12845.232673111255
1461,12845.23268627235
1462,12845.232680239638
1463,12845.23268606765
1464,12845.232690299903
1465,12845.232690453195
1466,12845.232694239636
1467,12845.23268481593
1468,12845.232678302218
1469,12845.232698545591
1470,12814.171704117405
1471,12814.171704117402
1472,12814.171704117402
1473,12814.171704117405
1474,12814.171704117405
1475,12814.171704117402
1476,12814.171704117405
1477,12814.171704117407
1478,12814.171704117407
1479,12814.171713863592
1480,12814.17171359823
1481,12814.171708243066
1482,12814.171705281455
1483,12814.171700217423
1484,12814.171695028912
1485,12814.17169893804
1486,12814.171697342348
1487,12814.171712965068
1488,12814.171712943695
1489,12814.171694935534
1490,12814.171703364409
1491,12814.171701102328
1492,12814.171701081905
1493,12814.171704404307
1494,12814.17170799262
1495,12814.171716743107
1496,12814.171706750234
1497,12814.171719528054
1498,12814.1717089885
1499,12814.17169688095
1500,12814.171713257996
1501,12814.171695777331
1502,12814.171705591969
1503,12814.171695346953
1504,12814.171711907486
1505,12814.171704966195
1506,12814.171719028855
1507,12814.171698025322
1508,12814.171707604119
1509,12814.171697455928
1510,12814.171716539437
1511,12814.171698621532
1512,12814.171700045954
1513,12814.171700173398
1514,12814.171704867053
1515,12814.17170831803
1516,12814.171707904834
1517,12814.171694923705
1518,12814.171696662243
1519,12773.524568567935
1520,12773.524568567937
1521,12773.52456856793
1522,12773.524568567938
1523,12773.524568567938
1524,12773.524568567935
1525,12773.524568567937
1526,12773.524568567935
1527,12773.524568567933
1528,12773.52458320797
1529,12773.524572818358
1530,12773.524572830598
1531,12773.52456684325
1532,12773.524565371714
1533,12773.524559196601
1534,12773.524565568952
1535,12773.524569542735
1536,12773.524572430326
1537,12773.524563323432
1538,12773.524563026927
1539,12773.524567619968
1540,12773.524563559396
1541,12773.52456024078
1542,12773.524569841811
1543,12773.524571993286
1544,12773.52457645229
1545,12773.524561464852
1546,12773.524569793075
1547,12773.524570519636
1548,12773.524568150086
1549,12773.524561647744
1550,12773.524566406579
1551,12773.52456554561
1552,12773.524565969405
1553,12773.524578214561
1554,12773.524567213812
1555,12773.524584609111
1556,12773.524557460034
1557,12773.524562448138
1558,12773.524564437666
1559,12773.5245762742
1560,12773.524563613048
1561,12773.524574238068
1562,12773.52456901522
1563,12773.524570585727
1564,12773.524574341009
1565,12773.524566397991
1566,12773.52456478362
1567,12773.524567130515
1568,12725.631499578416
1569,12725.631499578427
1570,12725.63149957842
1571,12725.631499578416
1572,12725.631499578421
1573,12725.631499578418
1574,12725.63149957842
1575,12725.631499578414
1576,12725.631499578412
1577,12725.631510143616
1578,12725.631523030988
1579,12725.631504077752
1580,12725.631498810486
1581,12725.631508031842
1582,12725.631492073926
1583,12725.63150376056
1584,12725.631484139978
1585,12725.631493995554
1586,12725.63151236783
1587,12725.631489922853
1588,12725.631499472027
1589,12725.631472210425
1590,12725.631496819798
1591,12725.631500483563
1592,12725.631502439071
1593,12725.631494402642
1594,12725.631483186547
1595,12725.63149103116
1596,12725.631517716965
1597,12725.631493582172
1598,12725.631511162139
1599,12725.631490905469
1600,12725.631496127693
1601,12725.631494476364
1602,12725.63151212307
1603,12725.63150144441
1604,12725.631527292793
1605,12725.631479209915
1606,12725.6314955072
1607,12725.631504191942
1608,12725.631516377047
1609,12725.631491600347
1610,12725.631494561898
1611,12725.631495434482
1612,12725.631503098757
1613,12725.631507040182
1614,12725.631505108166
1615,12725.631500438285
1616,12725.631520357701
1617,12664.99910107774
1618,12664.999101077741
1619,12664.999101077738
1620,12664.99910107773
1621,12664.999101077738
1622,12664.99910107774
1623,12664.999101077743
1624,12664.999101077741
1625,12664.999101077743
1626,12664.999116231316
1627,12664.999103688797
1628,12664.99910522413
1629,12664.999099708395
1630,12664.999113138494
1631,12664.99910549582
1632,12664.999112977779
1633,12664.999093934064
1634,12664.99909351554
1635,12664.999091104273
1636,12664.999098581477
1637,12664.999103530618
1638,12664.999088920329
1639,12664.999099041197
1640,12664.999102051586
1641,12664.999090447243
1642,12664.999087832988
1643,12664.999071700415
1644,12664.999068550042
1645,12664.999104655226
1646,12664.9991041037
1647,12664.999093087448
1648,12664.999102861926
1649,12664.999090322734
1650,12664.999110065633
1651,12664.99910997259
1652,12664.999099239056
1653,12664.999106905305
1654,12664.99907560242
1655,12664.999092049182
1656,12664.999101696765
1657,12664.999095793239
1658,12664.999101113428
1659,12664.99910506307
1660,12664.999105098661
1661,12664.99910489023
1662,12664.999103320524
1663,12664.999096488182
1664,12664.999117188903
1665,12664.999129366763
1666,12514.194446853473
1667,12514.194446853471
1668,12514.194446853471
1669,12514.19444685347
1670,12514.19444685347
1671,12514.194446853473
1672,12514.194446853475
1673,12514.194446853468
1674,12514.194446853475
1675,12514.194488176494
1676,12514.194451788333
1677,12514.194447134465
1678,12514.194447101821
1679,12514.194503544046
1680,12514.194466682255
1681,12514.194464356404
1682,12514.194421336628
1683,12514.194427434992
1684,12514.194439414747
1685,12514.194448818802
1686,12514.194451486881
1687,12514.194443543027
1688,12514.194462118281
1689,12514.194449290859
1690,12514.194424190167
1691,12514.19442169888
1692,12514.194413747313
1693,12514.194394880902
1694,12514.194456937035
1695,12514.194448818662
1696,12514.194442060163
1697,12514.194452249418
1698,12514.194428225019
1699,12514.19445702427
1700,12514.194447710124
1701,12514.194443439921
1702,12514.194411761164
1703,12514.19441735966
1704,12514.194438727896
1705,12514.194448240123
1706,12514.194440758656
1707,12514.1944472231
1708,12514.194445545916
1709,12514.194454219332
1710,12514.194453509655
1711,12514.194446028392
1712,12514.194442522179
1713,12514.194486778993
1714,12514.19448905344
1715,126242.03926046022
1716,126242.03926046037
1717,126242.03926046031
1718,126242.03926046027
1719,126242.03926046018
1720,126242.03926046031
1721,126242.03926046025
1722,126242.03926046021
1723,126242.03926046014
1724,126242.04026755181
1725,126242.03792966029
1726,126242.03785171127
1727,126242.03897780909
1728,126242.04038999784
1729,126242.0391598219
1730,126242.04005152037
1731,126242.04037899863
1732,126242.03977257441
1733,126242.03892130188
1734,126242.0385384405
1735,126242.04001660006
1736,126242.03773928309
1737,126242.03924098698
1738,126242.03939631575
1739,126242.04095795275
1740,126242.03777472413
1741,126242.03803307246
1742,126242.03840741784
1743,126242.03941363448
1744,126242.04012903722
1745,126242.03911910279
1746,126242.03944969352
1747,126242.03758556453
1748,126242.03776134207
1749,126242.03769897422
1750,126242.0390660622
1751,126242.03855212638
1752,126242.03907273326
1753,126242.03971107064
1754,126242.0395385759
1755,126242.03754890122
1756,126242.04054972545
1757,126242.04008296048
1758,126242.03925192571
1759,126242.03949854549
1760,126242.03841143723
1761,126242.0386925978
1762,126242.04116656225
1763,126242.03755282413
1764,12450.484331449128
1765,12450.484331449132
1766,12450.48433144914
1767,12450.484331449134
1768,12450.484331449132
1769,12450.484331449125
1770,12450.484331449128
1771,12450.484331449134
1772,12450.484331449132
1773,12450.4843872555
1774,12450.484316335189
1775,12450.48433273009
1776,12450.484332007578
1777,12450.484411162246
1778,12450.484357476798
1779,12450.48434906197
1780,12450.484328323037
1781,12450.484328346038
1782,12450.484318185354
1783,12450.484337578006
1784,12450.484340811265
1785,12450.484351416286
1786,12450.484351200994
1787,12450.484332765453
1788,12450.484299926446
1789,12450.484300189282
1790,12450.484296728988
1791,12450.484254049154
1792,12450.484322650023
1793,12450.484338432096
1794,12450.484328427432
1795,12450.484340248448
1796,12450.484305885177
1797,12450.484353400307
1798,12450.484333843688
1799,12450.484325246769
1800,12450.484275325774
1801,12450.484300571055
1802,12450.48432156293
1803,12450.484332827873
1804,12450.484312600167
1805,12450.484342500353
1806,12450.48433125036
1807,12450.484341139161
1808,12450.484336370499
1809,12450.484326597547
1810,12450.484327021386
1811,12450.484384215062
1812,12450.484371103426
1813,2140125.4486751105
1814,2140125.4486751105
1815,2140125.4486751105
1816,2140125.448675111
1817,2140125.44867511
1818,2140125.4486751105
1819,2140125.4486751105
1820,2140125.4486751105
1821,2140125.44867511
1822,2140125.4613966267
1823,2140125.448382928
1824,2140125.4459326966
1825,2140125.447707606
1826,2140125.450296025
1827,2140125.446740163
1828,2140125.453441983
1829,2140125.4443729892
1830,2140125.4437893243
1831,2140125.44968667
1832,2140125.447511664
1833,2140125.4511231254
1834,2140125.4477944733
1835,2140125.453157121
1836,2140125.4463602332
1837,2140125.4554853514
1838,2140125.448724371
1839,2140125.452108099
1840,2140125.4406525693
1841,2140125.453173569
1842,2140125.4487435194
1843,2140125.454868178
1844,2140125.4494986967
1845,2140125.4478067616
1846,2140125.4460713607
1847,2140125.453849913
1848,2140125.4473764943
1849,2140125.4523122953
1850,2140125.4484768664
1851,2140125.4525819775
1852,2140125.448555139
1853,2140125.4495481835
1854,2140125.4532561614
1855,2140125.4457397717
1856,2140125.4487077715
1857,2140125.4488342553
1858,2140125.448759502
1859,2140125.44683771
1860,2140125.4486223953
1861,2140125.450076956
1862,12449.031575091563
1863,12449.03157509156
1864,12449.03157509156
1865,12449.031575091563
1866,12449.031575091563
1867,12449.03157509156
1868,12449.031575091567
1869,12449.031575091567
1870,12449.031575091569
1871,12449.031631398151
1872,12449.03155828068
1873,12449.031576619145
1874,12449.031575621208
1875,12449.0316558327
1876,12449.031601907358
1877,12449.031593186164
1878,12449.031574059964
1879,12449.031573173554
1880,12449.031560665597
1881,12449.031581646688
1882,12449.031584850292
1883,12449.031597068253
1884,12449.03159513047
1885,12449.031576304134
1886,12449.031543027053
1887,12449.031543380108
1888,12449.031539670417
1889,12449.03149477411
1890,12449.031564291266
1891,12449.031582947347
1892,12449.031571725403
1893,12449.031584379565
1894,12449.031548855515
1895,12449.031599058486
1896,12449.03157775892
1897,12449.031568646351
1898,12449.031516988529
1899,12449.031544089581
1900,12449.031564826295
1901,12449.031576420235
1902,12449.0315543061
1903,12449.031587491174
1904,12449.031575345805
1905,12449.031585175104
1906,12449.03157987878
1907,12449.031569670842
1908,12449.031570429575
1909,12449.031629200814
1910,12449.031615855407
1911,2108193.628335223
1912,2108193.628335222
1913,2108193.6283352226
1914,2108193.628335222
1915,2108193.6283352226
1916,2108193.628335222
1917,2108193.6283352226
1918,2108193.628335223
1919,2108193.628335223
1920,2108193.639115483
1921,2108193.6280842833
1922,2108193.625757049
1923,2108193.627321998
1924,2108193.629932425
1925,2108193.6267778925
1926,2108193.632955331
1927,2108193.623269076
1928,2108193.6242555147
1929,2108193.6291575576
1930,2108193.6273293984
1931,2108193.63074203
1932,2108193.6283165836
1933,2108193.632701427
1934,2108193.625807411
1935,2108193.6349181044
1936,2108193.6284301253
1937,2108193.632556197
1938,2108193.62064598
1939,2108193.6337194685
1940,2108193.62861539
1941,2108193.6340540284
1942,2108193.628866924
1943,2108193.6276753666
1944,2108193.6251855
1945,2108193.633468907
1946,2108193.627088728
1947,2108193.631119428
1948,2108193.627856472
1949,2108193.63236022
1950,2108193.6287294165
1951,2108193.628757585
1952,2108193.6331970063
1953,2108193.62547864
1954,2108193.628419078
1955,2108193.6283348124
1956,2108193.6281260177
1957,2108193.626989323
1958,2108193.6283608493
1959,2108193.630427749
1960,12447.8437989204
1961,12447.843798920396
1962,12447.84379892039
1963,12447.843798920396
1964,12447.843798920401
1965,12447.843798920401
1966,12447.843798920401
1967,12447.843798920403
1968,12447.843798920401
1969,12447.843855708175
1970,12447.843780517818
1971,12447.843800678022
1972,12447.843799422675
1973,12447.843880629085
1974,12447.84382647846
1975,12447.843817472847
1976,12447.843799847955
1977,12447.843798105298
1978,12447.843783396826
1979,12447.843805877483
1980,12447.843809049044
1981,12447.843822774597
1982,12447.843819234495
1983,12447.843800039132
1984,12447.843766350596
1985,12447.84376678468
1986,12447.843762838671
1987,12447.843715863646
1988,12447.843786240766
1989,12447.843807596724
1990,12447.843795219658
1991,12447.843808670685
1992,12447.843772052987
1993,12447.84382477677
1994,12447.843801839455
1995,12447.843792247135
1996,12447.843738953625
1997,12447.84376780266
1998,12447.84378829337
1999,12447.843800201852
2000,12447.84377631663
2001,12447.843812585892
2002,12447.843799603786
2003,12447.84380937711
2004,12447.843803584614
2005,12447.843792964017
2006,12447.843794034654
2007,12447.843854300027
2008,12447.843840730966
2009,2108899.3304977245
2010,2108899.330497722
2011,2108899.330497723
2012,2108899.330497723
2013,2108899.330497723
2014,2108899.3304977235
2015,2108899.3304977235
2016,2108899.330497724
2017,2108899.3304977235
2018,2108899.3435330093
2019,2108899.3306378536
2020,2108899.3278030516
2021,2108899.329598165
2022,2108899.3320013736
2023,2108899.3280749694
2024,2108899.3352986258
2025,2108899.326145467
2026,2108899.3258584226
2027,2108899.3312156578
2028,2108899.3293504394
2029,2108899.3331269887
2030,2108899.3307780013
2031,2108899.3348511816
2032,2108899.3285433846
2033,2108899.3376282034
2034,2108899.330831368
2035,2108899.3340610936
2036,2108899.3218047745
2037,2108899.334910359
2038,2108899.331027346
2039,2108899.336113891
2040,2108899.3314160304
2041,2108899.3295304347
2042,2108899.327453956
2043,2108899.3351232945
2044,2108899.3290547775
2045,2108899.3343892256
2046,2108899.3299603444
2047,2108899.3341048444
2048,2108899.3298332766
2049,2108899.3306042547
2050,2108899.334919351
2051,2108899.3278691457
2052,2108899.330428251
2053,2108899.330745678
2054,2108899.3304799534
2055,2108899.3286905526
2056,2108899.3306807256
2057,2108899.331158231
2058,12446.899668684517
2059,12446.899668684511
2060,12446.899668684513
2061,12446.899668684511
2062,12446.899668684504
2063,12446.899668684511
2064,12446.899668684511
2065,12446.899668684511
2066,12446.899668684517
2067,12446.899725909148
2068,12446.899648882647
2069,12446.899670641887
2070,12446.899669164908
2071,12446.89975125253
2072,12446.899696893319
2073,12446.899687630927
2074,12446.899671328234
2075,12446.89966883798
2076,12446.899652202159
2077,12446.899675994344
2078,12446.899679137241
2079,12446.899694186792
2080,12446.899689245114
2081,12446.899669722774
2082,12446.899635663005
2083,12446.89963617636
2084,12446.899632026552
2085,12446.899583229586
2086,12446.899654353629
2087,12446.899678075779
2088,12446.89966469219
2089,12446.899678839143
2090,12446.899641265865
2091,12446.899696186309
2092,12446.899671818524
2093,12446.899661811258
2094,12446.899607074425
2095,12446.899637467075
2096,12446.899657739319
2097,12446.8996699212
2098,12446.899644488438
2099,12446.899683454014
2100,12446.899669740422
2101,12446.89967946786
2102,12446.899673241556
2103,12446.89966226135
2104,12446.899663603956
2105,12446.89972517792
2106,12446.899711395834
2107,1967814.1433474435
2108,1967814.143347444
2109,1967814.143347444
2110,1967814.143347444
2111,1967814.1433474442
2112,1967814.1433474442
2113,1967814.1433474442
2114,1967814.1433474438
2115,1967814.1433474445
2116,1967814.159834689
2117,1967814.1426419925
2118,1967814.1459608306
2119,1967814.1432616536
2120,1967814.145943542
2121,1967814.140181885
2122,1967814.1469618124
2123,1967814.1453658682
2124,1967814.138183047
2125,1967814.1426576131
2126,1967814.1440104628
2127,1967814.1465832388
2128,1967814.146478735
2129,1967814.1471438233
2130,1967814.1447553136
2131,1967814.1497065977
2132,1967814.1438271154
2133,1967814.143286141
2134,1967814.1311452452
2135,1967814.143072927
2136,1967814.1458855786
2137,1967814.1474926171
2138,1967814.1429047766
2139,1967814.1405934077
2140,1967814.1446951723
2141,1967814.1433335359
2142,1967814.1429881756
2143,1967814.1452882248
2144,1967814.1424760795
2145,1967814.148800837
2146,1967814.1424384313
2147,1967814.1427001213
2148,1967814.1463280364
2149,1967814.1425478207
2150,1967814.1440202433
2151,1967814.1467237673
2152,1967814.1447492475
2153,1967814.1470365827
2154,1967814.1482024812
2155,1967814.141657392
2156,12445.585051728882
2157,12445.585051728884
2158,12445.585051728884
2159,12445.58505172888
2160,12445.585051728882
2161,12445.585051728878
2162,12445.585051728878
2163,12445.58505172888
2164,12445.585051728882
2165,12445.585109577605
2166,12445.585030106005
2167,12445.585053929153
2168,12445.585052185397
2169,12445.585135459301
2170,12445.585080715333
2171,12445.58507111867
2172,12445.585056612515
2173,12445.585053198332
2174,12445.585034105945
2175,12445.58505947964
2176,12445.585062597824
2177,12445.585079338058
2178,12445.585072596834
2179,12445.58505266531
2180,12445.585018137725
2181,12445.585018753389
2182,12445.585014418853
2183,12445.584963321857
2184,12445.585035291982
2185,12445.585061986001
2186,12445.585047433628
2187,12445.58506237261
2188,12445.58502362514
2189,12445.585081213218
2190,12445.585055133866
2191,12445.585044602294
2192,12445.58498811204
2193,12445.585020388666
2194,12445.585040406608
2195,12445.585052917151
2196,12445.585025588745
2197,12445.585067880571
2198,12445.585053219618
2199,12445.585062903347
2200,12445.585056138698
2201,12445.58504473053
2202,12445.585046435493
2203,12445.585109595731
2204,12445.585095394825
2205,1814065.2898082603
2206,1814065.2898082603
2207,1814065.2898082603
2208,1814065.2898082596
2209,1814065.2898082607
2210,1814065.2898082596
2211,1814065.2898082596
2212,1814065.2898082607
2213,1814065.2898082607
2214,1814065.3017946344
2215,1814065.2869667457
2216,1814065.293575312
2217,1814065.2894529288
2218,1814065.2920152692
2219,1814065.2896590773
2220,1814065.291967911
2221,1814065.292614011
2222,1814065.286432252
2223,1814065.289335149
2224,1814065.2902889783
2225,1814065.292419879
2226,1814065.2941387482
2227,1814065.2922933379
2228,1814065.2912753308
2229,1814065.2942663229
2230,1814065.2901009906
2231,1814065.2936316829
2232,1814065.2744384173
2233,1814065.2890243737
2234,1814065.2916559447
2235,1814065.2927342767
2236,1814065.2898805393
2237,1814065.2872017021
2238,1814065.2914319662
2239,1814065.2904257427
2240,1814065.2894954123
2241,1814065.289952886
2242,1814065.2900772358
2243,1814065.2919226256
2244,1814065.2879349524
2245,1814065.2889074031
2246,1814065.2922390853
2247,1814065.2893692167
2248,1814065.2908900029
2249,1814065.2946164156
2250,1814065.2898476704
2251,1814065.294234461
2252,1814065.2918383963
2253,1814065.28728095
2254,12444.497449217863
2255,12444.497449217863
2256,12444.497449217859
2257,12444.497449217859
2258,12444.497449217859
2259,12444.49744921786
2260,12444.497449217855
2261,12444.49744921786
2262,12444.497449217866
2263,12444.49750764675
2264,12444.497425924705
2265,12444.497451636335
2266,12444.497449652546
2267,12444.497534009934
2268,12444.497478876463
2269,12444.497468974701
2270,12444.497456182644
2271,12444.497451928217
2272,12444.497430589417
2273,12444.497457364636
2274,12444.49746046717
2275,12444.497478747853
2276,12444.497470354678
2277,12444.497450062685
2278,12444.497415112835
2279,12444.497415826068
2280,12444.497411350443
2281,12444.497358180524
2282,12444.497430863832
2283,12444.497460242237
2284,12444.497444672397
2285,12444.49746029456
2286,12444.497420499622
2287,12444.497480460795
2288,12444.497452871723
2289,12444.497441862048
2290,12444.49738383335
2291,12444.49741777239
2292,12444.497437564354
2293,12444.497450369463
2294,12444.497421347322
2295,12444.497466613704
2296,12444.497451087429
2297,12444.497460736626
2298,12444.497453489064
2299,12444.497441710791
2300,12444.497443743587
2301,12444.497508301
2302,12444.497493658615
2303,1787519.1944190864
2304,1787519.1944190843
2305,1787519.1944190843
2306,1787519.1944190857
2307,1787519.1944190867
2308,1787519.1944190855
2309,1787519.1944190867
2310,1787519.1944190862
2311,1787519.1944190871
2312,1787519.2052640177
2313,1787519.1911580248
2314,1787519.19847032
2315,1787519.1940633012
2316,1787519.1965466985
2317,1787519.195038861
2318,1787519.1964510893
2319,1787519.197184148
2320,1787519.1915787265
2321,1787519.1939761157
2322,1787519.1948238057
2323,1787519.1969324963
2324,1787519.198970541
2325,1787519.196775346
2326,1787519.195812798
2327,1787519.1980817427
2328,1787519.1946852908
2329,1787519.2001403666
2330,1787519.1790135321
2331,1787519.1936271738
2332,1787519.1960534835
2333,1787519.1970421332
2334,1787519.1947427846
2335,1787519.192077957
2336,1787519.1958056882
2337,1787519.1952256619
2338,1787519.1941916253
2339,1787519.1943190813
2340,1787519.1949726539
2341,1787519.195994804
2342,1787519.192319313
2343,1787519.1934215405
2344,1787519.1965871137
2345,1787519.1941666065
2346,1787519.1954027207
2347,1787519.1996439565
2348,1787519.19419157
2349,1787519.1987310143
2350,1787519.1958974719
2351,1787519.191835965
2352,12443.693386637859
2353,12443.693386637864
2354,12443.693386637859
2355,12443.693386637853
2356,12443.693386637855
2357,12443.693386637853
2358,12443.69338663786
2359,12443.69338663785
2360,12443.693386637859
2361,12443.693445561246
2362,12443.693361962663
2363,12443.693389235475
2364,12443.693387053992
2365,12443.693472322664
2366,12443.693416847918
2367,12443.693406694962
2368,12443.693395330412
2369,12443.69339038286
2370,12443.693367186293
2371,12443.693395112039
2372,12443.693398201047
2373,12443.69341775699
2374,12443.69340799946
2375,12443.693387408439
2376,12443.693352116421
2377,12443.693352901315
2378,12443.693348319059
2379,12443.693293433831
2380,12443.693366696873
2381,12443.693398293331
2382,12443.69338189146
2383,12443.693398070624
2384,12443.693357412125
2385,12443.693419324978
2386,12443.693390497114
2387,12443.693379092692
2388,12443.693319799242
2389,12443.693355106592
2390,12443.693374712651
2391,12443.693387762547
2392,12443.693357345886
2393,12443.693405063374
2394,12443.69338881748
2395,12443.693398439835
2396,12443.693390794791
2397,12443.693378710346
2398,12443.693381019002
2399,12443.693446728481
2400,12443.693431704967
2401,1787692.1142874665
2402,1787692.1142874665
2403,1787692.114287467
2404,1787692.114287467
2405,1787692.1142874674
2406,1787692.1142874674
2407,1787692.1142874665
2408,1787692.1142874667
2409,1787692.1142874667
2410,1787692.125117678
2411,1787692.1110247779
2412,1787692.118344517
2413,1787692.113931206
2414,1787692.1164151605
2415,1787692.1149150128
2416,1787692.1163170447
2417,1787692.1170512673
2418,1787692.1114526105
2419,1787692.1138437712
2420,1787692.1146901215
2421,1787692.1168009301
2422,1787692.1188476484
2423,1787692.1166410227
2424,1787692.1156843768
2425,1787692.1179389746
2426,1787692.1145530692
2427,1787692.120035407
2428,1787692.098867841
2429,1787692.11349057
2430,1787692.1159201255
2431,1787692.1169069437
2432,1787692.1146150006
2433,1787692.111949455
2434,1787692.115669727
2435,1787692.1151004198
2436,1787692.11406161
2437,1787692.1141838063
2438,1787692.1148434412
2439,1787692.1158611747
2440,1787692.1121788495
2441,1787692.1132884964
2442,1787692.116452654
2443,1787692.114037239
2444,1787692.115269038
2445,1787692.119519244
2446,1787692.114053271
2447,1787692.1185970248
2448,1787692.1157609448
2449,1787692.1117042552
2450,12443.067260034506
2451,12443.067260034504
2452,12443.0672600345
2453,12443.067260034502
2454,12443.067260034513
2455,12443.067260034508
2456,12443.067260034506
2457,12443.067260034508
2458,12443.067260034511
2459,12443.067319402104
2460,12443.067234137781
2461,12443.067262790046
2462,12443.067260434404
2463,12443.067346514232
2464,12443.067290732532
2465,12443.067280355339
2466,12443.067270255442
2467,12443.067264694999
2468,12443.067239854961
2469,12443.067268798686
2470,12443.06727187472
2471,12443.06729255995
2472,12443.067281597498
2473,12443.067260740614
2474,12443.06722514602
2475,12443.067225992694
2476,12443.067221317142
2477,12443.067164913904
2478,12443.067238688363
2479,12443.067272247814
2480,12443.06725510939
2481,12443.067271782393
2482,12443.067230360233
2483,12443.067293997356
2484,12443.067264073912
2485,12443.067252321944
2486,12443.067191906606
2487,12443.067228428245
2488,12443.06724786829
2489,12443.067261135497
2490,12443.067229485714
2491,12443.067279370303
2492,12443.067262488292
2493,12443.067272087474
2494,12443.06726409126
2495,12443.067251735638
2496,12443.067254288346
2497,12443.06732101872
2498,12443.067305654056
2499,1579648.1775853185
2500,1579648.1775853178
2501,1579648.177585318
2502,1579648.177585318
2503,1579648.1775853185
2504,1579648.1775853185
2505,1579648.1775853185
2506,1579648.1775853185
2507,1579648.1775853185
2508,1579648.1813597472
2509,1579648.1766030027
2510,1579648.179988077
2511,1579648.176840424
2512,1579648.1782283147
2513,1579648.1761179236
2514,1579648.1785532783
2515,1579648.1784743657
2516,1579648.1780769923
2517,1579648.176996409
2518,1579648.1775225783
2519,1579648.1799196787
2520,1579648.1805005495
2521,1579648.179956473
2522,1579648.178613329
2523,1579648.1829967967
2524,1579648.1790417945
2525,1579648.1816241085
2526,1579648.169734122
2527,1579648.1796895612
2528,1579648.177730632
2529,1579648.1776475182
2530,1579648.17900044
2531,1579648.1769895155
2532,1579648.1774291291
2533,1579648.1790120422
2534,1579648.1774901093
2535,1579648.1768029872
2536,1579648.1785457744
2537,1579648.1782143346
2538,1579648.1757748527
2539,1579648.175849211
2540,1579648.1783819888
2541,1579648.1783262107
2542,1579648.177529844
2543,1579648.1829945347
2544,1579648.176995144
2545,1579648.1811003978
2546,1579648.1776505224
2547,1579648.1744566571
2548,12442.219262038465
2549,12442.21926203846
2550,12442.219262038461
2551,12442.219262038469
2552,12442.219262038465
2553,12442.219262038458
2554,12442.219262038467
2555,12442.219262038465
2556,12442.219262038467
2557,12442.21932193623
2558,12442.219234769938
2559,12442.21926495803
2560,12442.219262424213
2561,12442.21934942456
2562,12442.219293239092
2563,12442.219282591164
2564,12442.219273979006
2565,12442.219267757564
2566,12442.219241085688
2567,12442.219271119924
2568,12442.219274186575
2569,12442.219296141233
2570,12442.219283815153
2571,12442.219262675237
2572,12442.219226733323
2573,12442.219227674073
2574,12442.219222931753
2575,12442.219164883174
2576,12442.219239137561
2577,12442.219274841114
2578,12442.219256934619
2579,12442.219274124684
2580,12442.219231883562
2581,12442.21929733842
2582,12442.21926626862
2583,12442.219254140182
2584,12442.219192524259
2585,12442.219230357932
2586,12442.219249623664
2587,12442.219263109222
2588,12442.219230148787
2589,12442.219282351803
2590,12442.219264780277
2591,12442.219274357678
2592,12442.219265977044
2593,12442.219253349615
2594,12442.219256160623
2595,12442.219323966225
2596,12442.219308126814
2597,402228.843073132
2598,402228.8430731321
2599,402228.84307313175
2600,402228.8430731319
2601,402228.84307313187
2602,402228.84307313204
2603,402228.84307313204
2604,402228.8430731322
2605,402228.84307313216
2606,402228.84085880435
2607,402228.8443915443
2608,402228.8429543597
2609,402228.84241790755
2610,402228.8441830888
2611,402228.8406151184
2612,402228.84446616453
2613,402228.8437913329
2614,402228.84279797814
2615,402228.84149691067
2616,402228.8424943264
2617,402228.844409837
2618,402228.83846606483
2619,402228.8426987779
2620,402228.84285546595
2621,402228.8456385825
2622,402228.8413423841
2623,402228.8405968766
2624,402228.8424608472
2625,402228.84185698145
2626,402228.84407151304
2627,402228.8414057107
2628,402228.8434904286
2629,402228.8401613651
2630,402228.8401987415
2631,402228.8412433562
2632,402228.8418126205
2633,402228.8417024221
2634,402228.84134158975
2635,402228.8436260015
2636,402228.84101394983
2637,402228.8382024736
2638,402228.8444006688
2639,402228.8453474158
2640,402228.8432029864
2641,402228.8414836705
2642,402228.8419807582
2643,402228.8428139583
2644,402228.8440369251
2645,402228.8427959897
2646,12441.015269759122
2647,12441.015269759133
2648,12441.015269759122
2649,12441.015269759138
2650,12441.015269759131
2651,12441.015269759127
2652,12441.015269759124
2653,12441.01526975913
2654,12441.015269759124
2655,12441.015330546377
2656,12441.015240236595
2657,12441.015272947836
2658,12441.015270121827
2659,12441.015358652818
2660,12441.015301787815
2661,12441.015290690237
2662,12441.015284530524
2663,12441.015277221351
2664,12441.015247535259
2665,12441.015279363959
2666,12441.01528241276
2667,12441.015306459596
2668,12441.01529189524
2669,12441.015270284546
2670,12441.015233772618
2671,12441.015234861767
2672,12441.015230013023
2673,12441.015169251083
2674,12441.01524429584
2675,12441.015283531455
2676,12441.01526436093
2677,12441.015282402415
2678,12441.015238813327
2679,12441.015307257994
2680,12441.01527430009
2681,12441.015261555256
2682,12441.01519795407
2683,12441.015237958365
2684,12441.015256933459
2685,12441.01527078136
2686,12441.01523566327
2687,12441.015291681892
2688,12441.015272973995
2689,12441.015282517585
2690,12441.015273505354
2691,12441.015260429029
2692,12441.015263667168
2693,12441.015333247682
2694,12441.015316619993
2695,856083.4409937181
2696,856083.4409937178
2697,856083.4409937183
2698,856083.4409937179
2699,856083.4409937186
2700,856083.4409937183
2701,856083.4409937182
2702,856083.4409937182
2703,856083.4409937179
2704,856083.4339972631
2705,856083.4400160519
2706,856083.4374750344
2707,856083.4399211373
2708,856083.4390155901
2709,856083.4365975289
2710,856083.4400214992
2711,856083.4420633415
2712,856083.4427514817
2713,856083.440001141
2714,856083.4407268992
2715,856083.4409128506
2716,856083.4329620219
2717,856083.4423168555
2718,856083.438684282
2719,856083.4474009994
2720,856083.443774735
2721,856083.439871088
2722,856083.4374400445
2723,856083.4466909309
2724,856083.4424427672
2725,856083.4375854274
2726,856083.4426948378
2727,856083.4412015437
2728,856083.4389715665
2729,856083.4400555359
2730,856083.4408967319
2731,856083.4411410689
2732,856083.4346616125
2733,856083.4417994288
2734,856083.4400699866
2735,856083.438184047
2736,856083.4408992568
2737,856083.4442055449
2738,856083.4374948433
2739,856083.4385581054
2740,856083.440982111
2741,856083.4419556507
2742,856083.4422778114
2743,856083.4401437347
2744,12437.363836674922
2745,12437.363836674924
2746,12437.36383667492
2747,12437.363836674922
2748,12437.363836674926
2749,12437.363836674913
2750,12437.363836674916
2751,12437.363836674913
2752,12437.363836674913
2753,12437.363900042867
2754,12437.36380148857
2755,12437.363840446702
2756,12437.363836994531
2757,12437.363929663466
2758,12437.363870349769
2759,12437.363858179973
2760,12437.363858604444
2761,12437.363848801124
2762,12437.363811855237
2763,12437.363847500483
2764,12437.36385057204
2765,12437.363879616132
2766,12437.363859658764
2767,12437.363836933651
2768,12437.36379906986
2769,12437.363800478915
2770,12437.36379581553
2771,12437.363728624425
2772,12437.363805040724
2773,12437.363852506607
2774,12437.363830965443
2775,12437.363850511047
2776,12437.363803893122
2777,12437.363878801583
2778,12437.363841974708
2779,12437.363827729234
2780,12437.363759868042
2781,12437.363804573857
2782,12437.363822989075
2783,12437.363837650597
2784,12437.363797765174
2785,12437.36386232657
2786,12437.363840803046
2787,12437.363850344302
2788,12437.363839901986
2789,12437.363825939114
2790,12437.363830272809
2791,12437.363903705806
2792,12437.363884279128
2793,96127.85339141233
2794,96127.85339141225
2795,96127.85339141224
2796,96127.85339141228
2797,96127.85339141231
2798,96127.85339141231
2799,96127.85339141238
2800,96127.85339141238
2801,96127.8533914124
2802,96127.8547536521
2803,96127.85168240672
2804,96127.85228509146
2805,96127.85316652789
2806,96127.85382334872
2807,96127.85375190113
2808,96127.85391259466
2809,96127.85431555417
2810,96127.85391991878
2811,96127.85317285618
2812,96127.85294963037
2813,96127.85383607884
2814,96127.85198706403
2815,96127.8537645165
2816,96127.85354311355
2817,96127.85519867588
2818,96127.85241660666
2819,96127.85203916681
2820,96127.853080783
2821,96127.85352421305
2822,96127.85411757417
2823,96127.85340788506
2824,96127.85355230767
2825,96127.85195891064
2826,96127.8527351264
2827,96127.85219981545
2828,96127.85326542535
2829,96127.8528511824
2830,96127.85321988998
2831,96127.85339516793
2832,96127.85382482171
2833,96127.85209585437
2834,96127.85443373147
2835,96127.85394611984
2836,96127.85341050649
2837,96127.85384502771
2838,96127.85274950268
2839,96127.85300515192
2840,96127.85582593695
2841,96127.85175608273
2842,12319.758936663386
2843,12319.758936663384
2844,12319.758936663384
2845,12319.75893666339
2846,12319.758936663377
2847,12319.758936663384
2848,12319.758936663382
2849,12319.758936663382
2850,12319.758936663386
2851,12319.75903720998
2852,12319.758889669743
2853,12319.758940014593
2854,12319.758936792017
2855,12319.759083463143
2856,12319.758975717294
2857,12319.758957035647
2858,12319.758973965187
2859,12319.758963961462
2860,12319.758916234125
2861,12319.758952609449
2862,12319.758954729203
2863,12319.759000409002
2864,12319.758973109168
2865,12319.758936716344
2866,12319.758894978162
2867,12319.758889261364
2868,12319.758901921832
2869,12319.75879990989
2870,12319.758892652604
2871,12319.758954383773
2872,12319.758941735912
2873,12319.758952204287
2874,12319.758894455577
2875,12319.758982495947
2876,12319.758942246797
2877,12319.758924023336
2878,12319.758825963963
2879,12319.758905802426
2880,12319.758920933366
2881,12319.758942300534
2882,12319.75889642142
2883,12319.758972202593
2884,12319.758936932856
2885,12319.758951316533
2886,12319.758939815754
2887,12319.75892296564
2888,12319.758936135735
2889,12319.759024445213
2890,12319.758981774246
2891,20041.970671211977
2892,20041.970671211944
2893,20041.97067121202
2894,20041.97067121201
2895,20041.970671211937
2896,20041.970671212
2897,20041.970671212024
2898,20041.970671212017
2899,20041.970671212017
2900,20041.971162735015
2901,20041.96984316421
2902,20041.970567737906
2903,20041.970582068418
2904,20041.970586581338
2905,20041.970850562826
2906,20041.970904108704
2907,20041.97113650262
2908,20041.970887758707
2909,20041.97076593211
2910,20041.970832400762
2911,20041.970680940736
2912,20041.970562231643
2913,20041.970849927384
2914,20041.97067950857
2915,20041.971312373884
2916,20041.970579282428
2917,20041.970282603932
2918,20041.97040960301
2919,20041.970661970856
2920,20041.97080781318
2921,20041.970900586817
2922,20041.97076200544
2923,20041.97023082431
2924,20041.970990050388
2925,20041.970569675366
2926,20041.97054210168
2927,20041.970511586325
2928,20041.970605622104
2929,20041.97047275237
2930,20041.970849258418
2931,20041.970339314634
2932,20041.970990440117
2933,20041.970617693674
2934,20041.970722976945
2935,20041.97081999464
2936,20041.970574908803
2937,20041.97084735278
2938,20041.971707392477
2939,20041.97067908072
2940,12124.109405200808
2941,12124.109405200797
2942,12124.109405200816
2943,12124.109405200808
2944,12124.109405200805
2945,12124.10940520081
2946,12124.10940520082
2947,12124.109405200814
2948,12124.109405200807
2949,12124.109592490648
2950,12124.109338857439
2951,12124.109407099608
2952,12124.10940190346
2953,12124.109660845495
2954,12124.109453351528
2955,12124.109429264061
2956,12124.109467479706
2957,12124.109457485127
2958,12124.10939995742
2959,12124.109433310352
2960,12124.109428215812
2961,12124.109501351832
2962,12124.109470863623
2963,12124.109404994888
2964,12124.10937779704
2965,12124.109334449102
2966,12124.10938378264
2967,12124.109209375141
2968,12124.109347726502
2969,12124.10942840696
2970,12124.109437327705
2971,12124.109424234295
2972,12124.109339859817
2973,12124.10945837558
2974,12124.109410816667
2975,12124.109383815165
2976,12124.109222790898
2977,12124.109383239444
2978,12124.10938219932
2979,12124.109425826295
2980,12124.109366650579
2981,12124.109463927369
2982,12124.109395793974
2983,12124.109421886867
2984,12124.10941166566
2985,12124.109384505753
2986,12124.109422573636
2987,12124.109546926578
2988,12124.109455210837
2989,1523383.7515913295
2990,1523383.7515913302
2991,1523383.7515913295
2992,1523383.7515913302
2993,1523383.7515913297
2994,1523383.7515913297
2995,1523383.7515913297
2996,1523383.7515913297
2997,1523383.7515913295
2998,1523383.7545694488
2999,1523383.7503437968
3000,1523383.753083433
3001,1523383.7510423753
3002,1523383.751981539
3003,1523383.7495762412
3004,1523383.7527348935
3005,1523383.7518315222
3006,1523383.7526979716
3007,1523383.7510883485
3008,1523383.7514451665
3009,1523383.7532613117
3010,1523383.7538684069
3011,1523383.7541217369
3012,1523383.7524440538
3013,1523383.7567316007
3014,1523383.7529797629
3015,1523383.7556327921
3016,1523383.7470545687
3017,1523383.7543227344
3018,1523383.7519069405
3019,1523383.750901085
3020,1523383.7530187236
3021,1523383.7510521677
3022,1523383.7512581602
3023,1523383.7528502375
3024,1523383.7514158897
3025,1523383.7516358576
3026,1523383.751616834
3027,1523383.752377178
3028,1523383.7501391706
3029,1523383.7498955764
3030,1523383.7527737163
3031,1523383.752481286
3032,1523383.751425366
3033,1523383.7555713432
3034,1523383.7510356125
3035,1523383.755017086
3036,1523383.7514837757
3037,1523383.7489077428
3038,12123.9139356152
3039,12123.913935615243
3040,12123.91393561523
3041,12123.913935615208
3042,12123.91393561523
3043,12123.913935615212
3044,12123.913935615226
3045,12123.913935615217
3046,12123.913935615225
3047,12123.914123562716
3048,12123.9138686845
3049,12123.913937561349
3050,12123.913932279875
3051,12123.91419196918
3052,12123.913983990262
3053,12123.913959787527
3054,12123.913998615075
3055,12123.913988348522
3056,12123.913930183408
3057,12123.913963909523
3058,12123.91395873076
3059,12123.914032365094
3060,12123.91400152115
3061,12123.91393540949
3062,12123.913908300186
3063,12123.913864650225
3064,12123.913914058536
3065,12123.913738806272
3066,12123.913877580491
3067,12123.913959060148
3068,12123.913967806313
3069,12123.913954792344
3070,12123.91386996845
3071,12123.913989323277
3072,12123.913941278059
3073,12123.91391411984
3074,12123.913752404223
3075,12123.91391371489
3076,12123.913912436303
3077,12123.913956332206
3078,12123.91389654488
3079,12123.913994815022
3080,12123.913926260917
3081,12123.913952419563
3082,12123.913942095442
3083,12123.913914768413
3084,12123.913953050689
3085,12123.914078058346
3086,12123.913985888346
3087,448325.8904508822
3088,448325.89045088226
3089,448325.8904508821
3090,448325.89045088214
3091,448325.89045088197
3092,448325.8904508822
3093,448325.8904508821
3094,448325.890450882
3095,448325.8904508821
3096,448325.8858078879
3097,448325.89172043256
3098,448325.89001013176
3099,448325.8896080525
3100,448325.89121260657
3101,448325.88725794514
3102,448325.8919191209
3103,448325.8903387289
3104,448325.8900425959
3105,448325.888716741
3106,448325.8896289383
3107,448325.89194504
3108,448325.8847035743
3109,448325.8900979453
3110,448325.89030507073
3111,448325.8938098434
3112,448325.8887813715
3113,448325.88694389444
3114,448325.8903115343
3115,448325.8892756166
3116,448325.89181523264
3117,448325.8885693831
3118,448325.89078734
3119,448325.8870655814
3120,448325.887154021
3121,448325.8880761594
3122,448325.8888925384
3123,448325.88971019397
3124,448325.88639539084
3125,448325.89126299036
3126,448325.888385335
3127,448325.8854918527
3128,448325.891644431
3129,448325.8932613102
3130,448325.8907338095
3131,448325.888011949
3132,448325.8893451514
3133,448325.89036662347
3134,448325.89192401624
3135,448325.89068570524
3136,12123.628924224875
3137,12123.628924224882
3138,12123.628924224871
3139,12123.628924224862
3140,12123.628924224875
3141,12123.628924224875
3142,12123.628924224879
3143,12123.628924224866
3144,12123.628924224862
3145,12123.629113286257
3146,12123.628856297155
3147,12123.628926250685
3148,12123.628920824958
3149,12123.629181775581
3150,12123.628972979486
3151,12123.628948581449
3152,12123.628988446553
3153,12123.62897771866
3154,12123.628918474933
3155,12123.628952832169
3156,12123.628947509915
3157,12123.62902198732
3158,12123.628990542298
3159,12123.628924019897
3160,12123.628897063572
3161,12123.628852899205
3162,12123.628902432172
3163,12123.628725753386
3164,12123.628865241946
3165,12123.62894807384
3166,12123.628956525163
3167,12123.628943645039
3168,12123.62885806006
3169,12123.628978835219
3170,12123.628929966218
3171,12123.62890254364
3172,12123.628739660731
3173,12123.628902428241
3174,12123.628900745369
3175,12123.628945097065
3176,12123.628884273176
3177,12123.628984225954
3178,12123.628914958977
3179,12123.628941229437
3180,12123.628930731966
3181,12123.628903121411
3182,12123.628941767416
3183,12123.629067884642
3184,12123.628974941916
3185,1308084.155847297
3186,1308084.1558472975
3187,1308084.1558472975
3188,1308084.1558472977
3189,1308084.1558472973
3190,1308084.1558472975
3191,1308084.1558472973
3192,1308084.1558472975
3193,1308084.1558472977
3194,1308084.1579840106
3195,1308084.1573754488
3196,1308084.1543497832
3197,1308084.1555202687
3198,1308084.1592576387
3199,1308084.1522902523
3200,1308084.1597051362
3201,1308084.1543987913
3202,1308084.1618910637
3203,1308084.1610582843
3204,1308084.1569908343
3205,1308084.1562187597
3206,1308084.154838351
3207,1308084.1597479118
3208,1308084.1564950745
3209,1308084.1574540182
3210,1308084.1582330572
3211,1308084.1539139498
3212,1308084.1554576845
3213,1308084.157078511
3214,1308084.1574877123
3215,1308084.1522785602
3216,1308084.1562936774
3217,1308084.1555487346
3218,1308084.152963635
3219,1308084.1584031791
3220,1308084.1557572891
3221,1308084.155403314
3222,1308084.155681964
3223,1308084.156637867
3224,1308084.1561294792
3225,1308084.155538834
3226,1308084.166357349
3227,1308084.1532177483
3228,1308084.156474176
3229,1308084.1569284918
3230,1308084.1576051647
3231,1308084.1558415734
3232,1308084.1578110529
3233,1308084.1566652122
3234,12123.447873338704
3235,12123.44787333871
3236,12123.44787333871
3237,12123.44787333871
3238,12123.447873338719
3239,12123.447873338717
3240,12123.447873338711
3241,12123.447873338704
3242,12123.447873338702
3243,12123.448063338432
3244,12123.447804581258
3245,12123.447875440554
3246,12123.447869886922
3247,12123.448131859435
3248,12123.447922529112
3249,12123.447897956616
3250,12123.447938475827
3251,12123.447927344609
3252,12123.447867254366
3253,12123.447902201779
3254,12123.447896749294
3255,12123.447971939604
3256,12123.447940030208
3257,12123.447873140716
3258,12123.447846319516
3259,12123.447801696308
3260,12123.447851253413
3261,12123.447673323393
3262,12123.447813573985
3263,12123.44789757743
3264,12123.447905678528
3265,12123.447892978444
3266,12123.447806712338
3267,12123.447928833086
3268,12123.447879129506
3269,12123.447851517669
3270,12123.44768749763
3271,12123.447851631265
3272,12123.447849568465
3273,12123.447894326468
3274,12123.44783255763
3275,12123.447934042526
3276,12123.447864174783
3277,12123.447890534984
3278,12123.44787989973
3279,12123.447851989322
3280,12123.447890938094
3281,12123.448018152074
3282,12123.44792470038
3283,1222783.7557429154
3284,1222783.755742916
3285,1222783.7557429157
3286,1222783.7557429154
3287,1222783.755742916
3288,1222783.7557429154
3289,1222783.7557429154
3290,1222783.7557429154
3291,1222783.7557429154
3292,1222783.7553752263
3293,1222783.748408318
3294,1222783.7487442798
3295,1222783.7558545622
3296,1222783.7585470565
3297,1222783.7571011535
3298,1222783.7579761967
3299,1222783.7564755
3300,1222783.7575726842
3301,1222783.7594775248
3302,1222783.7562180536
3303,1222783.7548201105
3304,1222783.75528327
3305,1222783.7566614707
3306,1222783.7566136655
3307,1222783.7539454699
3308,1222783.7590974625
3309,1222783.7553707429
3310,1222783.752984681
3311,1222783.7546295
3312,1222783.7524644996
3313,1222783.7528962542
3314,1222783.7557731513
3315,1222783.7551654987
3316,1222783.752809764
3317,1222783.7556655603
3318,1222783.7563187547
3319,1222783.753473342
3320,1222783.7587679445
3321,1222783.7564061214
3322,1222783.7498218245
3323,1222783.7557785783
3324,1222783.7617346875
3325,1222783.7556467273
3326,1222783.7561672241
3327,1222783.7566572235
3328,1222783.7564793143
3329,1222783.755164241
3330,1222783.7576468796
3331,1222783.7561115988
3332,12123.899097285299
3333,12123.899097285292
3334,12123.899097285284
3335,12123.899097285293
3336,12123.899097285288
3337,12123.899097285292
3338,12123.899097285293
3339,12123.899097285293
3340,12123.8990972853
3341,12123.899300279016
3342,12123.89901639632
3343,12123.899100271303
3344,12123.89909322802
3345,12123.899368165172
3346,12123.899153228434
3347,12123.899125451806
3348,12123.899174728496
3349,12123.89915741848
3350,12123.899084584378
3351,12123.899129729962
3352,12123.899122435318
3353,12123.899207808494
3354,12123.89916917287
3355,12123.899097371523
3356,12123.89907133556
3357,12123.89902135852
3358,12123.899069960597
3359,12123.898875308925
3360,12123.899026298042
3361,12123.899127186072
3362,12123.89912800051
3363,12123.899120493776
3364,12123.899024136084
3365,12123.899165414818
3366,12123.899103437647
3367,12123.89907350533
3368,12123.898892591045
3369,12123.899076850534
3370,12123.899069026465
3371,12123.899119447933
3372,12123.899043784262
3373,12123.899167410991
3374,12123.899090632074
3375,12123.899117592075
3376,12123.89910475691
3377,12123.89907258718
3378,12123.899114341422
3379,12123.899258597827
3380,12123.89915780077
3381,12122.47732825816
3382,12122.477328258157
3383,12122.477328258165
3384,12122.47732825817
3385,12122.477328258166
3386,12122.477328258154
3387,12122.47732825817
3388,12122.477328258141
3389,12122.477328258157
3390,12122.477524088796
3391,12122.477254154723
3392,12122.477330770229
3393,12122.477324534164
3394,12122.47759243873
3395,12122.477380486678
3396,12122.477354496723
3397,12122.477398875064
3398,12122.477384976919
3399,12122.477319186866
3400,12122.477358734812
3401,12122.477352463773
3402,12122.477432219228
3403,12122.477397304368
3404,12122.477328179535
3405,12122.477301663683
3406,12122.477254670574
3407,12122.47730384673
3408,12122.477118281504
3409,12122.477263465662
3410,12122.47735505157
3411,12122.477359863195
3412,12122.477349509272
3413,12122.47725870044
3414,12122.477389475844
3415,12122.477334233332
3416,12122.477305554254
3417,12122.477133843891
3418,12122.477307121331
3419,12122.477302462983
3420,12122.477349781182
3421,12122.477281776943
3422,12122.477393204961
3423,12122.477320228607
3424,12122.477346857275
3425,12122.47733521564
3426,12122.477305395994
3427,12122.477345601319
3428,12122.477480462152
3429,12122.477383841411
3430,59575.247086897936
3431,59575.24708689784
3432,59575.24708689789
3433,59575.24708689793
3434,59575.2470868979
3435,59575.2470868979
3436,59575.24708689789
3437,59575.247086897885
3438,59575.247086897885
3439,59575.24843700826
3440,59575.24534506705
3441,59575.24641260771
3442,59575.246903831714
3443,59575.2469687796
3444,59575.24776632352
3445,59575.24725612356
3446,59575.24786177272
3447,59575.24766969304
3448,59575.24697498536
3449,59575.24708115602
3450,59575.247301409494
3451,59575.24588153431
3452,59575.247742761654
3453,59575.24717642598
3454,59575.248708140636
3455,59575.2466874114
3456,59575.245857152186
3457,59575.24716477832
3458,59575.2467313676
3459,59575.24753593437
3460,59575.247206284774
3461,59575.247258669355
3462,59575.245958889056
3463,59575.247240120225
3464,59575.24652920589
3465,59575.246906937755
3466,59575.24655492178
3467,59575.24694615074
3468,59575.2466538456
3469,59575.24762969047
3470,59575.246271552685
3471,59575.24776406656
3472,59575.24736318667
3473,59575.24715032271
3474,59575.24754291459
3475,59575.24675095908
3476,59575.246956382056
3477,59575.249515632524
3478,59575.24558597289
3479,12029.526910393713
3480,12029.526910393684
3481,12029.526910393683
3482,12029.526910393688
3483,12029.526910393688
3484,12029.52691039371
3485,12029.52691039369
3486,12029.5269103937
3487,12029.52691039369
3488,12029.527155250638
3489,12029.526831957906
3490,12029.526909423435
3491,12029.526902959697
3492,12029.52722143815
3493,12029.526963426653
3494,12029.526941877073
3495,12029.52697966805
3496,12029.52696984178
3497,12029.526919938602
3498,12029.526946807331
3499,12029.5269332787
3500,12029.52701445257
3501,12029.526993796268
3502,12029.52691019551
3503,12029.526909165823
3504,12029.526827059031
3505,12029.526895007959
3506,12029.526683990593
3507,12029.526858267216
3508,12029.52693667762
3509,12029.526962506265
3510,12029.52693142393
3511,12029.526827496702
3512,12029.526966112124
3513,12029.526913512533
3514,12029.526882917386
3515,12029.526686640704
3516,12029.526897892458
3517,12029.526880394886
3518,12029.526943208712
3519,12029.526876634442
3520,12029.526982496014
3521,12029.526893129896
3522,12029.526927997864
3523,12029.526922220077
3524,12029.52688548548
3525,12029.526942297187
3526,12029.527095072632
3527,12029.526967257556
3528,11761.518897336553
3529,11761.518897336557
3530,11761.51889733655
3531,11761.518897336553
3532,11761.518897336542
3533,11761.518897336548
3534,11761.518897336562
3535,11761.518897336566
3536,11761.518897336548
3537,11761.519192306863
3538,11761.51880981667
3539,11761.51889479356
3540,11761.51888049574
3541,11761.5192511044
3542,11761.518927763427
3543,11761.518924748474
3544,11761.519004937796
3545,11761.519000506338
3546,11761.518964050705
3547,11761.51894573931
3548,11761.518919877295
3549,11761.518998703263
3550,11761.518992023339
3551,11761.518894034787
3552,11761.518952588453
3553,11761.51880874985
3554,11761.518916869007
3555,11761.518669383371
3556,11761.518857639972
3557,11761.518922115583
3558,11761.51901393054
3559,11761.518912637952
3560,11761.51879827962
3561,11761.518943515637
3562,11761.518898997716
3563,11761.518860209508
3564,11761.518672114164
3565,11761.518905417033
3566,11761.51886476039
3567,11761.518954776371
3568,11761.518884514075
3569,11761.518993213545
3570,11761.518849108177
3571,11761.518907283844
3572,11761.518910399724
3573,11761.518868276307
3574,11761.518974388293
3575,11761.51910773283
3576,11761.518924942047
3577,11112.211666003992
3578,11112.211666003986
3579,11112.211666003986
3580,11112.211666003994
3581,11112.211666003986
3582,11112.211666003985
3583,11112.211666003974
3584,11112.211666003986
3585,11112.211666003983
3586,11112.211931860107
3587,11112.21163431012
3588,11112.21165478473
3589,11112.211647815879
3590,11112.211982467508
3591,11112.21166093881
3592,11112.211666371606
3593,11112.211736474585
3594,11112.211760505943
3595,11112.211766032924
3596,11112.211711070671
3597,11112.211680794451
3598,11112.211726481892
3599,11112.211744073395
3600,11112.211660225847
3601,11112.21172846583
3602,11112.211602474792
3603,11112.211734418823
3604,11112.211530170234
3605,11112.211676139765
3606,11112.211676511755
3607,11112.211796514797
3608,11112.211673120637
3609,11112.21159007042
3610,11112.211656062915
3611,11112.211656724068
3612,11112.211628477995
3613,11112.21148941506
3614,11112.21169715334
3615,11112.211640551408
3616,11112.211730231145
3617,11112.211707185903
3618,11112.211735481676
3619,11112.211606043404
3620,11112.211665952587
3621,11112.211673942365
3622,11112.21164374415
3623,11112.211757329515
3624,11112.211805056248
3625,11112.211629855268
3626,10108.440599381098
3627,10108.440599381092
3628,10108.44059938109
3629,10108.440599381098
3630,10108.440599381098
3631,10108.440599381096
3632,10108.440599381105
3633,10108.44059938109
3634,10108.440599381096
3635,10108.440735745415
3636,10108.440596042063
3637,10108.440591730696
3638,10108.44058440409
3639,10108.44078200763
3640,10108.44058463089
3641,10108.440613784907
3642,10108.440624202683
3643,10108.440649937034
3644,10108.440737752771
3645,10108.440625164018
3646,10108.44059635158
3647,10108.440617468925
3648,10108.440631145713
3649,10108.440590797974
3650,10108.44067886175
3651,10108.440560095158
3652,10108.440679286156
3653,10108.440574781609
3654,10108.440674004638
3655,10108.440598474663
3656,10108.440755475747
3657,10108.440587722933
3658,10108.440560765855
3659,10108.440555386323
3660,10108.440580589286
3661,10108.44057958682
3662,10108.440568222837
3663,10108.440634956682
3664,10108.440600839302
3665,10108.440665553268
3666,10108.440674158997
3667,10108.440640940837
3668,10108.440519861619
3669,10108.440586349072
3670,10108.440606204633
3671,10108.440586955348
3672,10108.44070510071
3673,10108.44066774352
3674,10108.440563429012
3675,8734.716260842337
3676,8734.716260842333
3677,8734.716260842317
3678,8734.716260842319
3679,8734.716260842331
3680,8734.716260842319
3681,8734.716260842326
3682,8734.71626084232
3683,8734.716260842328
3684,8734.716467811139
3685,8734.716420730263
3686,8734.716224854334
3687,8734.716274490009
3688,8734.71654396559
3689,8734.716286372752
3690,8734.716254620917
3691,8734.716022789864
3692,8734.71613883555
3693,8734.716228691475
3694,8734.71625590461
3695,8734.716237568733
3696,8734.716187406942
3697,8734.71628219248
3698,8734.716270140287
3699,8734.716205559514
3700,8734.716232425722
3701,8734.716377762566
3702,8734.716297613466
3703,8734.7164067496
3704,8734.71623249263
3705,8734.716187386513
3706,8734.71627742114
3707,8734.716285194863
3708,8734.716092043001
3709,8734.716222377354
3710,8734.71626774105
3711,8734.716120461519
3712,8734.71631108891
3713,8734.716264265395
3714,8734.716278425487
3715,8734.71641303168
3716,8734.716197617965
3717,8734.716295591246
3718,8734.716276865398
3719,8734.7162793294
3720,8734.71628050417
3721,8734.716219307795
3722,8734.716235131778
3723,8734.716235425425
3724,16442.527257624308
3725,16442.5272576243
3726,16442.5272576243
3727,16442.52725762432
3728,16442.527257624304
3729,16442.527257624297
3730,16442.52725762428
3731,16442.527257624322
3732,16442.527257624326
3733,16442.527129816597
3734,16442.5276531475
3735,16442.527157256696
3736,16442.52728817857
3737,16442.526957586564
3738,16442.527497929535
3739,16442.527374091784
3740,16442.52675137377
3741,16442.526853831845
3742,16442.526287177097
3743,16442.527314739662
3744,16442.52725113492
3745,16442.527360463588
3746,16442.527181510664
3747,16442.527330701392
3748,16442.52699481866
3749,16442.527578467303
3750,16442.527106920897
3751,16442.527138368016
3752,16442.526863684237
3753,16442.527465658673
3754,16442.52622546183
3755,16442.52753226463
3756,16442.527263363594
3757,16442.527485288712
3758,16442.5270512246
3759,16442.527208358762
3760,16442.52650201924
3761,16442.527326834195
3762,16442.5271004152
3763,16442.52688654454
3764,16442.52662218045
3765,16442.527213472815
3766,16442.527796621936
3767,16442.52747214181
3768,16442.52728743744
3769,16442.527029351462
3770,16442.52676676706
3771,16442.527169860627
3772,16442.52755903126
3773,8149.359328068716
3774,8149.35932806872
3775,8149.359328068727
3776,8149.359328068717
3777,8149.359328068731
3778,8149.359328068717
3779,8149.3593280687155
3780,8149.359328068715
3781,8149.359328068721
3782,8149.359530047144
3783,8149.359499983504
3784,8149.359280884328
3785,8149.359342379775
3786,8149.359525983671
3787,8149.359366041942
3788,8149.3593442696065
3789,8149.359049217826
3790,8149.359158309796
3791,8149.359170913669
3792,8149.359331388312
3793,8149.359305668088
3794,8149.359250393774
3795,8149.3593420748375
3796,8149.3593499404205
3797,8149.359259835435
3798,8149.359359167086
3799,8149.359432795159
3800,8149.359374695853
3801,8149.359413835093
3802,8149.359317459132
3803,8149.359118712063
3804,8149.359383459205
3805,8149.359347981536
3806,8149.359204437387
3807,8149.359278047077
3808,8149.359330055928
3809,8149.359104084147
3810,8149.359400075754
3811,8149.359309829106
3812,8149.359301437302
3813,8149.359411613221
3814,8149.359266436839
3815,8149.359436338397
3816,8149.359375629944
3817,8149.359348352972
3818,8149.359334570185
3819,8149.359209161319
3820,8149.3593035035465
3821,8149.359342542564
3822,7006.628397296241
3823,7006.628397296246
3824,7006.628397296244
3825,7006.6283972962465
3826,7006.628397296243
3827,7006.628397296243
3828,7006.628397296241
3829,7006.628397296239
3830,7006.628397296243
3831,7006.628394731654
3832,7006.62840620777
3833,7006.628370506467
3834,7006.62840420614
3835,7006.628395768242
3836,7006.628450480229
3837,7006.6284133903
3838,7006.628428093112
3839,7006.628363380037
3840,7006.6282064177385
3841,7006.628423400956
3842,7006.628409441706
3843,7006.628482623175
3844,7006.628403170154
3845,7006.628416811578
3846,7006.628348252216
3847,7006.628418668585
3848,7006.628392101258
3849,7006.628328137289
3850,7006.628313256195
3851,7006.628450022232
3852,7006.628211040531
3853,7006.62846330731
3854,7006.62838497229
3855,7006.628438500747
3856,7006.6283626215
3857,7006.628381212686
3858,7006.6283311606385
3859,7006.628414882646
3860,7006.628384297641
3861,7006.628388587889
3862,7006.628281731915
3863,7006.628448412963
3864,7006.628505138326
3865,7006.628451584959
3866,7006.628393610071
3867,7006.628361109286
3868,7006.62830194086
3869,7006.628404532026
3870,7006.628404849909
3871,6753.9219847116165
3872,6753.9219847116265
3873,6753.9219847116265
3874,6753.921984711633
3875,6753.921984711632
3876,6753.921984711631
3877,6753.921984711626
3878,6753.921984711631
3879,6753.921984711633
3880,6753.922032431971
3881,6753.921976058853
3882,6753.921993499168
3883,6753.92198184229
3884,6753.922077897135
3885,6753.921992510365
3886,6753.922034264859
3887,6753.922066671356
3888,6753.922052387415
3889,6753.922015035119
3890,6753.921996445444
3891,6753.921989100931
3892,6753.922049744327
3893,6753.922005169652
3894,6753.921990509463
3895,6753.922026115484
3896,6753.921973945795
3897,6753.922088503203
3898,6753.921971246418
3899,6753.921912578983
3900,6753.922005412885
3901,6753.922036664169
3902,6753.921989918028
3903,6753.921983534953
3904,6753.921972102974
3905,6753.921971364914
3906,6753.921983366976
3907,6753.922050596512
3908,6753.922008249505
3909,6753.922021124878
3910,6753.922024344261
3911,6753.921980115175
3912,6753.922083424728
3913,6753.921956091607
3914,6753.921992296973
3915,6753.921974719488
3916,6753.92196472965
3917,6753.922024323472
3918,6753.9219780694475
3919,6753.921942924787
3920,6581.342615596511
3921,6581.3426155965
3922,6581.3426155965
3923,6581.342615596501
3924,6581.342615596503
3925,6581.342615596507
3926,6581.342615596508
3927,6581.342615596503
3928,6581.342615596506
3929,6581.342635724457
3930,6581.3426404985275
3931,6581.342615604158
3932,6581.34261737016
3933,6581.342689654667
3934,6581.342639294483
3935,6581.342659188922
3936,6581.342625318965
3937,6581.342628363935
3938,6581.34264040486
3939,6581.342623468587
3940,6581.342613333353
3941,6581.342635177313
3942,6581.342631906548
3943,6581.342620720423
3944,6581.342637749669
3945,6581.342592481384
3946,6581.342685521901
3947,6581.342630589564
3948,6581.342620726632
3949,6581.342618561192
3950,6581.342654647483
3951,6581.342621056805
3952,6581.3426179125045
3953,6581.342572578142
3954,6581.3425962971105
3955,6581.342616083288
3956,6581.34268067254
3957,6581.342632716802
3958,6581.342646339892
3959,6581.342654144895
3960,6581.342624179334
3961,6581.342670474909
3962,6581.342594897992
3963,6581.342623253246
3964,6581.342612849939
3965,6581.342605237052
3966,6581.34263995409
3967,6581.342607061352
3968,6581.342589056653
3969,6330.934508326279
3970,6330.934508326275
3971,6330.934508326282
3972,6330.9345083262815
3973,6330.93450832628
3974,6330.934508326284
3975,6330.934508326285
3976,6330.934508326277
3977,6330.93450832628
3978,6330.934512287572
3979,6330.934550213635
3980,6330.934501282456
3981,6330.934519760282
3982,6330.934520989433
3983,6330.934549925019
3984,6330.934539229114
3985,6330.934450763716
3986,6330.934471972476
3987,6330.934488907576
3988,6330.934512291058
3989,6330.934504746206
3990,6330.934517342259
3991,6330.934519484143
3992,6330.934516195561
3993,6330.934483001873
3994,6330.934517933929
3995,6330.934539419901
3996,6330.934512887502
3997,6330.934517763434
3998,6330.934500531621
3999,6330.934503911018
4000,6330.934520633089
4001,6330.934514942755
4002,6330.934481713803
4003,6330.934473702489
4004,6330.934509812558
4005,6330.934481421972
4006,6330.934533912369
4007,6330.934525668738
4008,6330.934502217988
4009,6330.934485798021
4010,6330.934516448589
4011,6330.934509102227
4012,6330.93452197452
4013,6330.934511541609
4014,6330.934495721469
4015,6330.934500509109
4016,6330.9344961027655
4017,6330.934524723201
4018,6111.7648488933955
4019,6111.764848893395
4020,6111.764848893397
4021,6111.7648488933955
4022,6111.764848893393
4023,6111.76484889339
4024,6111.764848893394
4025,6111.764848893397
4026,6111.764848893396
4027,6111.764847960199
4028,6111.764882124102
4029,6111.764845542089
4030,6111.764864228737
4031,6111.764835672831
4032,6111.764889498884
4033,6111.764865435876
4034,6111.764781565353
4035,6111.764813676782
4036,6111.764844728908
4037,6111.764848178844
4038,6111.764845367232
4039,6111.764857276435
4040,6111.764856965796
4041,6111.764854515999
4042,6111.764804548018
4043,6111.764869465971
4044,6111.764863319893
4045,6111.764846768915
4046,6111.764855833138
4047,6111.764827638952
4048,6111.764866979036
4049,6111.764852461404
4050,6111.76485649685
4051,6111.76483095058
4052,6111.764810369603
4053,6111.764851800957
4054,6111.764789910167
4055,6111.7648736180845
4056,6111.764865402623
4057,6111.764819868561
4058,6111.764819553571
4059,6111.764835302682
4060,6111.764835105073
4061,6111.764855688387
4062,6111.764854997723
4063,6111.764834405372
4064,6111.764849200563
4065,6111.764838511439
4066,6111.7648777404775
4067,6051.421487870354
4068,6051.421487870346
4069,6051.421487870347
4070,6051.421487870355
4071,6051.4214878703515
4072,6051.421487870358
4073,6051.421487870356
4074,6051.421487870357
4075,6051.421487870352
4076,6051.421430650406
4077,6051.421471267873
4078,6051.421467385194
4079,6051.421489997162
4080,6051.42132707631
4081,6051.421459799975
4082,6051.421481496045
4083,6051.421444645192
4084,6051.421444123728
4085,6051.421396749856
4086,6051.421485235712
4087,6051.421482315311
4088,6051.421389374489
4089,6051.421458445544
4090,6051.421491588772
4091,6051.421507303322
4092,6051.421547442409
4093,6051.421376013835
4094,6051.421467930311
4095,6051.421450120673
4096,6051.421505107038
4097,6051.421388581612
4098,6051.421504079455
4099,6051.421490956521
4100,6051.4215303444325
4101,6051.421481565558
4102,6051.421488327313
4103,6051.421508897819
4104,6051.421413405671
4105,6051.42145817656
4106,6051.42145086234
4107,6051.42145670474
4108,6051.421453279321
4109,6051.421541592067
4110,6051.421503950706
4111,6051.421501104841
4112,6051.421496979598
4113,6051.421441440485
4114,6051.421497866814
4115,6051.421534094457
4116,5893.026297561655
4117,5893.026297561657
4118,5893.026297561655
4119,5893.026297561653
4120,5893.026297561657
4121,5893.026297561657
4122,5893.026297561655
4123,5893.026297561656
4124,5893.026297561652
4125,5893.026299666703
4126,5893.026314658149
4127,5893.026286077162
4128,5893.026308700337
4129,5893.026256672355
4130,5893.0263198262455
4131,5893.026305828385
4132,5893.0262364386235
4133,5893.0262589237045
4134,5893.026261108424
4135,5893.026297161576
4136,5893.026291455348
4137,5893.0262907335455
4138,5893.026295300998
4139,5893.026302151366
4140,5893.026267060822
4141,5893.02633115749
4142,5893.026291304059
4143,5893.026295587821
4144,5893.026294818139
4145,5893.026283638193
4146,5893.026273383852
4147,5893.026307088485
4148,5893.02630293938
4149,5893.026294126633
4150,5893.026270039301
4151,5893.026299401562
4152,5893.026238775504
4153,5893.026310149266
4154,5893.026301437959
4155,5893.026263174488
4156,5893.026271175234
4157,5893.0262770240715
4158,5893.0263101166365
4159,5893.02630870569
4160,5893.0263069161065
4161,5893.026285852098
4162,5893.026278558577
4163,5893.026293550917
4164,5893.026325940698
4165,5752.495696900036
4166,5752.495696900031
4167,5752.495696900029
4168,5752.495696900034
4169,5752.4956969000295
4170,5752.4956969000295
4171,5752.495696900033
4172,5752.495696900029
4173,5752.495696900032
4174,5752.49568556476
4175,5752.495681745296
4176,5752.495694393134
4177,5752.495697420927
4178,5752.495655462451
4179,5752.4956866866005
4180,5752.495690353583
4181,5752.4957132060235
4182,5752.495701606784
4183,5752.49567577538
4184,5752.495698239258
4185,5752.495695487552
4186,5752.495670219498
4187,5752.495686106612
4188,5752.495696185178
4189,5752.495705547718
4190,5752.495709496357
4191,5752.495657682247
4192,5752.495661773109
4193,5752.4956737626235
4194,5752.495709172148
4195,5752.495686385992
4196,5752.495700524927
4197,5752.495693874353
4198,5752.495718676305
4199,5752.495695872043
4200,5752.4956964677385
4201,5752.495708227236
4202,5752.495669562884
4203,5752.495685313123
4204,5752.495686951296
4205,5752.49567475155
4206,5752.495698618552
4207,5752.495704859624
4208,5752.495702887647
4209,5752.49570461373
4210,5752.495705882554
4211,5752.495696872511
4212,5752.495702706767
4213,5752.495715098114
4214,5729.583440877264
4215,5729.5834408772635
4216,5729.5834408772635
4217,5729.583440877263
4218,5729.583440877264
4219,5729.583440877262
4220,5729.583440877263
4221,5729.583440877265
4222,5729.583440877264
4223,5729.583465930754
4224,5729.583432520842
4225,5729.5834395126085
4226,5729.583441871857
4227,5729.583476629908
4228,5729.583449099719
4229,5729.583434708712
4230,5729.583469561574
4231,5729.583452494661
4232,5729.583436029984
4233,5729.583446010068
4234,5729.583438454762
4235,5729.583458434094
4236,5729.58343803665
4237,5729.583439707427
4238,5729.5834346857755
4239,5729.583430760011
4240,5729.583454782101
4241,5729.583424346987
4242,5729.58344090187
4243,5729.583447818923
4244,5729.583450498601
4245,5729.583445273511
4246,5729.583436728907
4247,5729.583428522065
4248,5729.583439394027
4249,5729.583439770266
4250,5729.583439227326
4251,5729.58344840346
4252,5729.583441778426
4253,5729.583447181101
4254,5729.58343088993
4255,5729.583453819024
4256,5729.583441195855
4257,5729.583447081035
4258,5729.583446534121
4259,5729.583445632859
4260,5729.583449507429
4261,5729.583441363819
4262,5729.583423715466
4263,5696.1964175007415
4264,5696.196417500742
4265,5696.196417500742
4266,5696.196417500739
4267,5696.19641750074
4268,5696.196417500741
4269,5696.1964175007415
4270,5696.196417500743
4271,5696.1964175007415
4272,5696.196436172341
4273,5696.196418043779
4274,5696.196415018439
4275,5696.196418566842
4276,5696.196428036877
4277,5696.196416206857
4278,5696.196419968663
4279,5696.196418240231
4280,5696.196419610651
4281,5696.19642159968
4282,5696.19641811827
4283,5696.196411501957
4284,5696.19640544785
4285,5696.196413418385
4286,5696.196416251347
4287,5696.196424665954
4288,5696.196418334806
4289,5696.196429066036
4290,5696.196417467727
4291,5696.196421349145
4292,5696.196416328575
4293,5696.19643132844
4294,5696.196417380632
4295,5696.1964182784695
4296,5696.196400728086
4297,5696.1964146951395
4298,5696.196419150858
4299,5696.196426178762
4300,5696.196417642133
4301,5696.196420939673
4302,5696.196418733087
4303,5696.196421290115
4304,5696.196421799185
4305,5696.1964128713225
4306,5696.196420450369
4307,5696.196424927394
4308,5696.196421287088
4309,5696.196426545244
4310,5696.196414036235
4311,5696.196411077734
4312,5677.031462238506
4313,5677.03146223851
4314,5677.03146223851
4315,5677.031462238506
4316,5677.0314622385085
4317,5677.031462238507
4318,5677.031462238507
4319,5677.031462238508
4320,5677.031462238507
4321,5677.031472363347
4322,5677.031462379145
4323,5677.031459974289
4324,5677.031463234063
4325,5677.031459200784
4326,5677.031458511648
4327,5677.031462454805
4328,5677.031461623248
4329,5677.031462314035
4330,5677.031462271318
4331,5677.031462333451
4332,5677.03145701908
4333,5677.031442979181
4334,5677.031456239587
4335,5677.031460961989
4336,5677.031469164357
4337,5677.031466140903
4338,5677.031461218441
4339,5677.031456250642
4340,5677.031463131485
4341,5677.031463127134
4342,5677.031471423916
4343,5677.031462150663
4344,5677.03146272206
4345,5677.031453202335
4346,5677.0314600158
4347,5677.0314637095125
4348,5677.031471323415
4349,5677.031455737715
4350,5677.031462028735
4351,5677.031460817793
4352,5677.031462052721
4353,5677.031463301066
4354,5677.031459587959
4355,5677.031465222642
4356,5677.0314701121815
4357,5677.031467684223
4358,5677.031469291718
4359,5677.031459292776
4360,5677.031463068231
4361,5626.089732232238
4362,5626.089732232238
4363,5626.089732232238
4364,5626.089732232239
4365,5626.089732232238
4366,5626.089732232236
4367,5626.089732232237
4368,5626.089732232238
4369,5626.089732232236
4370,5626.089727524326
4371,5626.089731758248
4372,5626.0897309703505
4373,5626.08973312213
4374,5626.089708276479
4375,5626.0897246740415
4376,5626.089728656474
4377,5626.0897293937805
4378,5626.0897300634015
4379,5626.089728272122
4380,5626.089731181273
4381,5626.089728555512
4382,5626.0897014758975
4383,5626.089723613416
4384,5626.0897309059255
4385,5626.089737313932
4386,5626.08974039285
4387,5626.089713452179
4388,5626.089720761159
4389,5626.089729884031
4390,5626.089734963885
4391,5626.089736320348
4392,5626.089731452581
4393,5626.089732400711
4394,5626.089732162151
4395,5626.089730808605
4396,5626.089733356328
4397,5626.089745465483
4398,5626.089715000697
4399,5626.089728110053
4400,5626.089727568275
4401,5626.089727845183
4402,5626.089727851502
4403,5626.089730885886
4404,5626.089734530023
4405,5626.089740522897
4406,5626.089740198883
4407,5626.089736819222
4408,5626.0897284310395
4409,5626.089740630348
4410,5522.471649152358
4411,5522.471649152363
4412,5522.471649152361
4413,5522.47164915236
4414,5522.471649152358
4415,5522.471649152358
4416,5522.47164915236
4417,5522.471649152361
4418,5522.471649152361
4419,5522.471626858665
4420,5522.471646288327
4421,5522.471650079711
4422,5522.471650070554
4423,5522.4716033006
4424,5522.471639286665
4425,5522.47163929735
4426,5522.4716486317975
4427,5522.471645166939
4428,5522.4716367911315
4429,5522.471648482886
4430,5522.471649507746
4431,5522.471618328993
4432,5522.471640542923
4433,5522.471648698896
4434,5522.471644471593
4435,5522.471662209147
4436,5522.471610396622
4437,5522.471627702718
4438,5522.471642243181
4439,5522.471654405154
4440,5522.47164481989
4441,5522.471649646381
4442,5522.471645990698
4443,5522.471663809341
4444,5522.471646763904
4445,5522.471648293379
4446,5522.471658859402
4447,5522.4716245042055
4448,5522.471641611908
4449,5522.471640618389
4450,5522.471635494798
4451,5522.471640065471
4452,5522.471649448062
4453,5522.47165191581
4454,5522.471656879765
4455,5522.47165970462
4456,5522.471648789835
4457,5522.471646217002
4458,5522.471666825742
4459,5417.103655662622
4460,5417.103655662621
4461,5417.103655662625
4462,5417.103655662617
4463,5417.10365566262
4464,5417.103655662623
4465,5417.103655662622
4466,5417.103655662622
4467,5417.103655662623
4468,5417.103638032784
4469,5417.103654616503
4470,5417.10366299406
4471,5417.103653340051
4472,5417.10362654585
4473,5417.103631076257
4474,5417.103650563792
4475,5417.103668935628
4476,5417.103662237778
4477,5417.103661636791
4478,5417.103654695697
4479,5417.103658528464
4480,5417.103632184974
4481,5417.103654290956
4482,5417.103655074109
4483,5417.103667328877
4484,5417.103658499496
4485,5417.103630211069
4486,5417.103640358667
4487,5417.103654435136
4488,5417.103660772448
4489,5417.10366987148
4490,5417.103652497613
4491,5417.103647332623
4492,5417.103667864314
4493,5417.103660306953
4494,5417.103653233953
4495,5417.10368175041
4496,5417.1036334842065
4497,5417.103652337192
4498,5417.1036586873415
4499,5417.103658189444
4500,5417.103655703539
4501,5417.103643564905
4502,5417.1036544784565
4503,5417.1036600223
4504,5417.103670671492
4505,5417.103662342108
4506,5417.1036562517775
4507,5417.1036710437165
4508,5410.298753898396
4509,5410.298753898395
4510,5410.298753898396
4511,5410.2987538983925
4512,5410.2987538984
4513,5410.298753898397
4514,5410.298753898398
4515,5410.298753898395
4516,5410.298753898392
4517,5410.298717783624
4518,5410.2987282132635
4519,5410.298754118928
4520,5410.298758880277
4521,5410.29867237612
4522,5410.298752787879
4523,5410.298729191567
4524,5410.298762847389
4525,5410.298742218343
4526,5410.298690924884
4527,5410.298765961767
4528,5410.2987700463955
4529,5410.298790512166
4530,5410.298753193785
4531,5410.298761327485
4532,5410.298700579373
4533,5410.298795882842
4534,5410.298700616295
4535,5410.298723614998
4536,5410.2987166837975
4537,5410.298765843647
4538,5410.298697015913
4539,5410.298774891991
4540,5410.29874029321
4541,5410.298804292388
4542,5410.298735553786
4543,5410.298744937913
4544,5410.298704563133
4545,5410.298738358179
4546,5410.298746155048
4547,5410.298723288348
4548,5410.298707514688
4549,5410.298738076398
4550,5410.298770978575
4551,5410.29877009508
4552,5410.298752571234
4553,5410.298761055381
4554,5410.298726115104
4555,5410.298760471936
4556,5410.298772397237
4557,5376.080168251083
4558,5376.080168251087
4559,5376.080168251083
4560,5376.080168251085
4561,5376.0801682510855
4562,5376.080168251081
4563,5376.080168251083
4564,5376.080168251085
4565,5376.0801682510855
4566,5376.080142644521
4567,5376.08015583469
4568,5376.0801716017795
4569,5376.080169841894
4570,5376.080114706619
4571,5376.080156831968
4572,5376.080153223576
4573,5376.08017862865
4574,5376.080166306653
4575,5376.080139995591
4576,5376.080173562941
4577,5376.080177607186
4578,5376.080176402456
4579,5376.080167711169
4580,5376.080171659841
4581,5376.080145230531
4582,5376.080190401266
4583,5376.080130784131
4584,5376.080144512169
4585,5376.080150226535
4586,5376.08017535851
4587,5376.080147712251
4588,5376.080177001534
4589,5376.080157339653
4590,5376.080198282847
4591,5376.080160639246
4592,5376.080162508699
4593,5376.080154335588
4594,5376.080150979902
4595,5376.080163716191
4596,5376.080154933263
4597,5376.080145350786
4598,5376.080160690775
4599,5376.080170726471
4600,5376.080175660914
4601,5376.080169881469
4602,5376.08017778806
4603,5376.080157462585
4604,5376.080171454862
4605,5376.08018423669
4606,5319.786850804348
4607,5319.7868508043475
4608,5319.786850804348
4609,5319.786850804348
4610,5319.7868508043475
4611,5319.78685080435
4612,5319.786850804348
4613,5319.786850804348
4614,5319.786850804347
4615,5319.786846283814
4616,5319.786849919359
4617,5319.786853592224
4618,5319.7868519369595
4619,5319.7868324922365
4620,5319.786840902918
4621,5319.786844586562
4622,5319.786853626838
4623,5319.786847417704
4624,5319.786838368906
4625,5319.786855438921
4626,5319.786855969696
4627,5319.786859239683
4628,5319.7868546709
4629,5319.786853723787
4630,5319.786838072981
4631,5319.786860909693
4632,5319.786846217241
4633,5319.786843604154
4634,5319.786849182719
4635,5319.78685202687
4636,5319.786845040241
4637,5319.786857094127
4638,5319.786842562464
4639,5319.786854382963
4640,5319.786844127424
4641,5319.786846669562
4642,5319.786844393082
4643,5319.786845882891
4644,5319.7868556981775
4645,5319.786850199396
4646,5319.786845918943
4647,5319.786848041427
4648,5319.7868462190945
4649,5319.786856467155
4650,5319.786853099491
4651,5319.786854735798
4652,5319.7868455
4653,5319.786850413231
4654,5319.7868539237215
4655,5292.713129961507
4656,5292.713129961507
4657,5292.713129961508
4658,5292.713129961506
4659,5292.713129961507
4660,5292.713129961506
4661,5292.713129961507
4662,5292.713129961506
4663,5292.713129961506
4664,5292.713134323381
4665,5292.7131274902795
4666,5292.713134936308
4667,5292.713129788523
4668,5292.713125443297
4669,5292.713111836866
4670,5292.713132390842
4671,5292.713140947649
4672,5292.713135579672
4673,5292.71312973406
4674,5292.7131338251975
4675,5292.713135020487
4676,5292.713142084842
4677,5292.71313757073
4678,5292.713132747744
4679,5292.713132935141
4680,5292.713133904997
4681,5292.713145632887
4682,5292.713134819443
4683,5292.71312585598
4684,5292.713129440342
4685,5292.713135877367
4686,5292.713133750444
4687,5292.713121748689
4688,5292.713123354807
4689,5292.713126852666
4690,5292.71312608727
4691,5292.713139343075
4692,5292.713126634908
4693,5292.713140541908
4694,5292.713136558384
4695,5292.713138010285
4696,5292.713136002659
4697,5292.713118210804
4698,5292.713133142645
4699,5292.713129767774
4700,5292.7131324985685
4701,5292.713129123083
4702,5292.713130563261
4703,5292.71312145329
4704,5259.209934739611
4705,5259.209934739607
4706,5259.209934739608
4707,5259.209934739608
4708,5259.209934739605
4709,5259.209934739608
4710,5259.209934739605
4711,5259.209934739609
4712,5259.209934739605
4713,5259.209944985079
4714,5259.209935598605
4715,5259.209938274967
4716,5259.209935324419
4717,5259.209938509754
4718,5259.209920671467
4719,5259.209937168678
4720,5259.209938066934
4721,5259.2099324627525
4722,5259.209930967428
4723,5259.209939815513
4724,5259.209939438102
4725,5259.209946692046
4726,5259.209942138512
4727,5259.209938342378
4728,5259.209934780679
4729,5259.209937215737
4730,5259.20995655033
4731,5259.209943897233
4732,5259.209937379918
4733,5259.209934517784
4734,5259.209934203302
4735,5259.209940767735
4736,5259.209927826288
4737,5259.209920693815
4738,5259.20993042749
4739,5259.209931032754
4740,5259.20994036732
4741,5259.209935106749
4742,5259.209947598311
4743,5259.209945226357
4744,5259.20994677011
4745,5259.209937286342
4746,5259.209925334312
4747,5259.209939594373
4748,5259.209934433633
4749,5259.209935803986
4750,5259.209930651815
4751,5259.209934703587
4752,5259.209923050473
4753,5261.046834580205
4754,5261.046834580209
4755,5261.04683458021
4756,5261.046834580209
4757,5261.046834580206
4758,5261.046834580204
4759,5261.046834580209
4760,5261.046834580207
4761,5261.046834580208
4762,5261.046818648749
4763,5261.046810824021
4764,5261.046845002258
4765,5261.046835906861
4766,5261.046823742231
4767,5261.046821318185
4768,5261.046865671387
4769,5261.046855225637
4770,5261.046851770421
4771,5261.046853058533
4772,5261.0468313985875
4773,5261.0468479293395
4774,5261.046867164918
4775,5261.0468515118555
4776,5261.046837556885
4777,5261.046842348505
4778,5261.046833316357
4779,5261.046863207414
4780,5261.046898725777
4781,5261.04677008556
4782,5261.046832219738
4783,5261.046857759484
4784,5261.046829259953
4785,5261.046827905378
4786,5261.046845962628
4787,5261.046832127851
4788,5261.0468316243105
4789,5261.046860248303
4790,5261.046826758808
4791,5261.046835130766
4792,5261.046792339399
4793,5261.0468500909265
4794,5261.0468528812535
4795,5261.046807277231
4796,5261.046828706121
4797,5261.046823880653
4798,5261.046833292125
4799,5261.046838588439
4800,5261.046842920987
4801,5261.046812016327
4802,5211.134266152595
4803,5211.134266152597
4804,5211.134266152595
4805,5211.134266152594
4806,5211.134266152594
4807,5211.134266152596
4808,5211.1342661526005
4809,5211.134266152596
4810,5211.134266152594
4811,5211.134271144355
4812,5211.134257144962
4813,5211.134273098724
4814,5211.1342672561395
4815,5211.134268606584
4816,5211.134251568282
4817,5211.1342783605505
4818,5211.134278467831
4819,5211.134275966911
4820,5211.134275982644
4821,5211.1342674148145
4822,5211.134274363481
4823,5211.134285981561
4824,5211.134277074036
4825,5211.134269257116
4826,5211.13427129347
4827,5211.134266002848
4828,5211.13429518913
4829,5211.134287608089
4830,5211.13424793295
4831,5211.134264172637
4832,5211.134280924325
4833,5211.134266384127
4834,5211.134259903678
4835,5211.1342565746
4836,5211.134262362288
4837,5211.1342630677245
4838,5211.134282308831
4839,5211.134263063374
4840,5211.13427991854
4841,5211.134266700766
4842,5211.1342797473235
4843,5211.134276197104
4844,5211.134246343601
4845,5211.134265741777
4846,5211.134261310291
4847,5211.13426575453
4848,5211.134267373987
4849,5211.134269368578
4850,5211.134247998911
4851,5119.814399105876
4852,5119.814399105873
4853,5119.814399105874
4854,5119.814399105871
4855,5119.814399105874
4856,5119.814399105876
4857,5119.814399105872
4858,5119.814399105872
4859,5119.814399105875
4860,5119.814404061637
4861,5119.814399040787
4862,5119.814403041664
4863,5119.814402590205
4864,5119.814415478286
4865,5119.814406178146
4866,5119.81440989984
4867,5119.814398689615
4868,5119.814402484265
4869,5119.814407488106
4870,5119.814398146578
4871,5119.814408211654
4872,5119.814410894892
4873,5119.814406235766
4874,5119.814402100852
4875,5119.814395207426
4876,5119.814392550083
4877,5119.814423749032
4878,5119.81440267741
4879,5119.8143899257875
4880,5119.814398592654
4881,5119.814410607838
4882,5119.814398394546
4883,5119.814397417196
4884,5119.814393487189
4885,5119.814393069178
4886,5119.8143979882825
4887,5119.814406110424
4888,5119.814398490015
4889,5119.8144130542005
4890,5119.814405482119
4891,5119.814409005866
4892,5119.814405804234
4893,5119.814383804539
4894,5119.814398381498
4895,5119.814393369004
4896,5119.814396618769
4897,5119.814398845514
4898,5119.814400066936
4899,5119.8143940545
4900,5092.342552509751
4901,5092.342552509748
4902,5092.342552509751
4903,5092.342552509752
4904,5092.342552509753
4905,5092.342552509747
4906,5092.342552509746
4907,5092.342552509748
4908,5092.342552509748
4909,5092.342557039274
4910,5092.342553113971
4911,5092.342546506754
4912,5092.342555975333
4913,5092.342536353344
4914,5092.342560228393
4915,5092.342560498722
4916,5092.342507496291
4917,5092.3425125226895
4918,5092.342534723758
4919,5092.342550743066
4920,5092.342551579495
4921,5092.342526576115
4922,5092.342552443575
4923,5092.342554997914
4924,5092.342537454877
4925,5092.3425673783495
4926,5092.34255448127
4927,5092.342595893908
4928,5092.3425452152715
4929,5092.342549092354
4930,5092.342525248855
4931,5092.342555800965
4932,5092.3425575670335
4933,5092.342544467546
4934,5092.342544721631
4935,5092.342553908277
4936,5092.342531103815
4937,5092.342554067037
4938,5092.34255132411
4939,5092.342524389694
4940,5092.342569489709
4941,5092.342527760409
4942,5092.342557670793
4943,5092.342556600488
4944,5092.342557318626
4945,5092.342552821475
4946,5092.342538955773
4947,5092.342546713331
4948,5092.342558361917
4949,5087.518047981577
4950,5087.5180479815745
4951,5087.518047981573
4952,5087.518047981578
4953,5087.518047981575
4954,5087.5180479815745
4955,5087.518047981576
4956,5087.51804798158
4957,5087.518047981578
4958,5087.518073475021
4959,5087.518062595644
4960,5087.518042945579
4961,5087.518051049852
4962,5087.51806814832
4963,5087.518057422877
4964,5087.518038027802
4965,5087.51801129112
4966,5087.518020223481
4967,5087.518043553048
4968,5087.5180466808315
4969,5087.518042421052
4970,5087.518015594196
4971,5087.518042487194
4972,5087.518048187976
4973,5087.518038782286
4974,5087.518045764291
4975,5087.51805640665
4976,5087.518036346788
4977,5087.518096225418
4978,5087.518044387018
4979,5087.51804012843
4980,5087.518049186711
4981,5087.518053221967
4982,5087.518012908644
4983,5087.518043692724
4984,5087.518050131942
4985,5087.5180398025395
4986,5087.518051141276
4987,5087.518063694833
4988,5087.5180780685805
4989,5087.518064277847
4990,5087.518027035867
4991,5087.518049312936
4992,5087.518051414731
4993,5087.518056462733
4994,5087.518050695436
4995,5087.5180423620295
4996,5087.518039702435
4997,5087.518050558438
4998,5022.4464397691445
4999,5022.446439769143
5000,5022.446439769143
5001,5022.4464397691445
5002,5022.446439769144
5003,5022.4464397691445
5004,5022.446439769144
5005,5022.4464397691445
5006,5022.446439769145
5007,5022.446451966065
5008,5022.44643517239
5009,5022.446441395264
5010,5022.446441512349
5011,5022.446457222995
5012,5022.446443076244
5013,5022.4464396022595
5014,5022.446445191224
5015,5022.446446805931
5016,5022.446443646384
5017,5022.446437885346
5018,5022.446443819425
5019,5022.446438768462
5020,5022.446437372795
5021,5022.446440104208
5022,5022.446440911487
5023,5022.44643166234
5024,5022.446448491388
5025,5022.446427459005
5026,5022.4464464992525
5027,5022.446441423712
5028,5022.446446130909
5029,5022.446437831251
5030,5022.446438090864
5031,5022.446430541198
5032,5022.44644029849
5033,5022.446439103043
5034,5022.446448293475
5035,5022.446434447479
5036,5022.446449837481
5037,5022.446455998927
5038,5022.44644858324
5039,5022.446442635089
5040,5022.4464333277665
5041,5022.446438889023
5042,5022.446438778041
5043,5022.4464413465985
5044,5022.446440290363
5045,5022.446442709779
5046,5022.446434837621
5047,5006.771500685947
5048,5006.771500685945
5049,5006.771500685947
5050,5006.771500685945
5051,5006.771500685945
5052,5006.771500685946
5053,5006.771500685946
5054,5006.771500685947
5055,5006.771500685945
5056,5006.7715008246405
5057,5006.77148858182
5058,5006.771501284744
5059,5006.771502402267
5060,5006.771499260996
5061,5006.771505048103
5062,5006.7715080608
5063,5006.771502140627
5064,5006.771502056863
5065,5006.77149773159
5066,5006.7714971289015
5067,5006.771506026867
5068,5006.7714997228095
5069,5006.771497554869
5070,5006.771501062932
5071,5006.771499380191
5072,5006.771500018271
5073,5006.771497719319
5074,5006.771510044789
5075,5006.771481738663
5076,5006.771503304186
5077,5006.77149770894
5078,5006.771498201499
5079,5006.771498985449
5080,5006.77150856447
5081,5006.77150149595
5082,5006.771500114704
5083,5006.771502121068
5084,5006.771492483567
5085,5006.771498896602
5086,5006.771487199873
5087,5006.771507216712
5088,5006.771500814364
5089,5006.771498417456
5090,5006.77149916447
5091,5006.771498939779
5092,5006.771502025385
5093,5006.7714980096125
5094,5006.771506365377
5095,5006.7715015326075
5096,4996.649101091985
5097,4996.649101091985
5098,4996.649101091987
5099,4996.649101091986
5100,4996.649101091986
5101,4996.649101091987
5102,4996.649101091987
5103,4996.649101091986
5104,4996.649101091985
5105,4996.649104025166
5106,4996.649090932031
5107,4996.649100945086
5108,4996.649102679982
5109,4996.6490990790135
5110,4996.649104637692
5111,4996.6491041420195
5112,4996.649100751341
5113,4996.64910033776
5114,4996.64909557211
5115,4996.649097861655
5116,4996.649104990548
5117,4996.649096771553
5118,4996.649095887654
5119,4996.649101191713
5120,4996.649099053697
5121,4996.6491021313095
5122,4996.649094883598
5123,4996.6491022172395
5124,4996.649090048539
5125,4996.649104211015
5126,4996.649095709569
5127,4996.649099229629
5128,4996.649099836299
5129,4996.649106971276
5130,4996.649102060823
5131,4996.649100747288
5132,4996.6490994359965
5133,4996.6490931008375
5134,4996.6491000800215
5135,4996.649093636035
5136,4996.649105793293
5137,4996.649098499966
5138,4996.649101071209
5139,4996.649100410678
5140,4996.649101005907
5141,4996.649103441077
5142,4996.649097767231
5143,4996.649105912277
5144,4996.649104089851
5145,4975.628975627414
5146,4975.628975627414
5147,4975.628975627413
5148,4975.628975627412
5149,4975.6289756274155
5150,4975.628975627413
5151,4975.6289756274155
5152,4975.628975627415
5153,4975.628975627413
5154,4975.628979082615
5155,4975.6289709544935
5156,4975.62897559859
5157,4975.628976769146
5158,4975.628975291519
5159,4975.62897686103
5160,4975.628976805669
5161,4975.62897383247
5162,4975.628974936422
5163,4975.6289742262625
5164,4975.628970830321
5165,4975.628977563277
5166,4975.628964077543
5167,4975.628968316382
5168,4975.6289747033625
5169,4975.6289763964005
5170,4975.628975908421
5171,4975.628968065825
5172,4975.628970730883
5173,4975.628973281802
5174,4975.6289778908795
5175,4975.628974535537
5176,4975.628971556325
5177,4975.628975855998
5178,4975.628979573059
5179,4975.628978030147
5180,4975.628976116633
5181,4975.628976592236
5182,4975.628967390741
5183,4975.628975054528
5184,4975.628973814459
5185,4975.62898121485
5186,4975.628971914273
5187,4975.628974543048
5188,4975.628973666087
5189,4975.628977236198
5190,4975.6289790845685
5191,4975.628974332631
5192,4975.628978107812
5193,4975.6289822741355
5194,4944.907697811092
5195,4944.90769781109
5196,4944.907697811093
5197,4944.907697811091
5198,4944.90769781109
5199,4944.90769781109
5200,4944.907697811091
5201,4944.907697811093
5202,4944.9076978110925
5203,4944.907696277585
5204,4944.907695608488
5205,4944.907695713229
5206,4944.907699868023
5207,4944.9076853666
5208,4944.9077023599675
5209,4944.907685494696
5210,4944.907705210673
5211,4944.907695288694
5212,4944.907674217786
5213,4944.907697256967
5214,4944.907702863612
5215,4944.907704505731
5216,4944.907687116948
5217,4944.9076982679635
5218,4944.907681086013
5219,4944.907710580644
5220,4944.90767252089
5221,4944.907668476938
5222,4944.907691985202
5223,4944.907706751171
5224,4944.907678346816
5225,4944.907700414863
5226,4944.907696857872
5227,4944.907718499693
5228,4944.90769610576
5229,4944.907696590325
5230,4944.907673943706
5231,4944.907690637139
5232,4944.907690175064
5233,4944.907694165954
5234,4944.907679757827
5235,4944.907691932555
5236,4944.907708626868
5237,4944.907701135442
5238,4944.907698998335
5239,4944.907701347856
5240,4944.907689998536
5241,4944.907700008334
5242,4944.907708731525
5243,4905.282217728594
5244,4905.282217728598
5245,4905.282217728595
5246,4905.2822177285925
5247,4905.282217728596
5248,4905.282217728594
5249,4905.282217728596
5250,4905.282217728593
5251,4905.2822177285925
5252,4905.282224445169
5253,4905.2822258721835
5254,4905.282217353018
5255,4905.282216728438
5256,4905.282221476708
5257,4905.282207519052
5258,4905.28221437288
5259,4905.282233235598
5260,4905.282229219908
5261,4905.282215971796
5262,4905.282213628189
5263,4905.2822188032715
5264,4905.282212856451
5265,4905.282206446653
5266,4905.282216182917
5267,4905.282226387036
5268,4905.282221731784
5269,4905.282216170976
5270,4905.28220775101
5271,4905.282218765181
5272,4905.282222358286
5273,4905.282217134099
5274,4905.282213984243
5275,4905.282219514476
5276,4905.2822242201755
5277,4905.282223533462
5278,4905.282217945841
5279,4905.282221466455
5280,4905.282212021801
5281,4905.28221280117
5282,4905.28222313244
5283,4905.282220390868
5284,4905.28222247911
5285,4905.282219701009
5286,4905.2822161218955
5287,4905.2822191491305
5288,4905.282220504652
5289,4905.282218182916
5290,4905.282215026186
5291,4905.282217151786
5292,4880.879319209611
5293,4880.87931920961
5294,4880.87931920961
5295,4880.879319209609
5296,4880.879319209607
5297,4880.879319209609
5298,4880.87931920961
5299,4880.87931920961
5300,4880.87931920961
5301,4880.879320792393
5302,4880.879331192584
5303,4880.879317973706
5304,4880.879319259069
5305,4880.879321922225
5306,4880.879314903605
5307,4880.879323596553
5308,4880.879319544054
5309,4880.8793207279805
5310,4880.879322707785
5311,4880.879313094283
5312,4880.879319892713
5313,4880.879309764214
5314,4880.879310315729
5315,4880.879317938998
5316,4880.879324074734
5317,4880.87932322529
5318,4880.879323511081
5319,4880.879322616259
5320,4880.879316441353
5321,4880.879319704369
5322,4880.879321466182
5323,4880.879313715519
5324,4880.879323997432
5325,4880.879323379502
5326,4880.879321817894
5327,4880.879320731321
5328,4880.879322775039
5329,4880.879316382141
5330,4880.879316484277
5331,4880.879316384238
5332,4880.87932609105
5333,4880.879319526623
5334,4880.87931769758
5335,4880.879316248793
5336,4880.87932057587
5337,4880.879320102597
5338,4880.879319840606
5339,4880.879312503161
5340,4880.879323453511
5341,4856.8691703539935
5342,4856.8691703539935
5343,4856.869170353995
5344,4856.8691703539935
5345,4856.8691703539935
5346,4856.8691703539935
5347,4856.8691703539935
5348,4856.8691703539935
5349,4856.8691703539935
5350,4856.869169980262
5351,4856.869181994513
5352,4856.869168952545
5353,4856.869171175966
5354,4856.869173167831
5355,4856.869168395622
5356,4856.869170892162
5357,4856.869174934936
5358,4856.86917289912
5359,4856.869170577333
5360,4856.869166738235
5361,4856.869173830673
5362,4856.869171463627
5363,4856.869164590611
5364,4856.869170192479
5365,4856.869167680763
5366,4856.869175547776
5367,4856.869173660232
5368,4856.8691741372295
5369,4856.869165564415
5370,4856.869171485223
5371,4856.869170204752
5372,4856.869167463159
5373,4856.8691738902135
5374,4856.869174964833
5375,4856.869170019387
5376,4856.869170248212
5377,4856.8691694286035
5378,4856.869168078232
5379,4856.869167260572
5380,4856.869166838271
5381,4856.869171618133
5382,4856.869171268501
5383,4856.869169219618
5384,4856.869168875107
5385,4856.86916975524
5386,4856.869170120435
5387,4856.869170005755
5388,4856.869164077829
5389,4856.869167724501
5390,4827.2525860516835
5391,4827.252586051683
5392,4827.2525860516835
5393,4827.2525860516835
5394,4827.2525860516835
5395,4827.252586051682
5396,4827.252586051682
5397,4827.2525860516835
5398,4827.2525860516835
5399,4827.252588282583
5400,4827.252595898857
5401,4827.25258478114
5402,4827.252587016703
5403,4827.252590128482
5404,4827.252583952483
5405,4827.252584112161
5406,4827.25259135825
5407,4827.252589090302
5408,4827.252586465189
5409,4827.252584458105
5410,4827.252590060245
5411,4827.252591605746
5412,4827.25258446197
5413,4827.252586679573
5414,4827.252581939087
5415,4827.252589761265
5416,4827.252589094009
5417,4827.2525870313275
5418,4827.25258571614
5419,4827.252586459707
5420,4827.2525866697615
5421,4827.25258495866
5422,4827.252587779964
5423,4827.25258651885
5424,4827.252583386674
5425,4827.252584830971
5426,4827.252584116358
5427,4827.252583866422
5428,4827.252585379372
5429,4827.252587437295
5430,4827.252584525303
5431,4827.252587491312
5432,4827.252583635935
5433,4827.252585795647
5434,4827.2525853434545
5435,4827.252584899115
5436,4827.252585797914
5437,4827.252582762248
5438,4827.252579609538
5439,4792.500408530897
5440,4792.500408530894
5441,4792.500408530893
5442,4792.500408530895
5443,4792.500408530896
5444,4792.500408530896
5445,4792.5004085308965
5446,4792.500408530896
5447,4792.500408530896
5448,4792.500404532545
5449,4792.500413294199
5450,4792.500406833993
5451,4792.5004080522
5452,4792.500406201326
5453,4792.5004058694085
5454,4792.500416936619
5455,4792.500417616227
5456,4792.500408665632
5457,4792.500405198525
5458,4792.500409640237
5459,4792.500413207481
5460,4792.50042297597
5461,4792.500411857732
5462,4792.500409969926
5463,4792.500408558235
5464,4792.500410828076
5465,4792.500403004992
5466,4792.50042800783
5467,4792.500392190753
5468,4792.500411610192
5469,4792.500404117241
5470,4792.500410298972
5471,4792.500405758332
5472,4792.500421790232
5473,4792.500406534245
5474,4792.500405512297
5475,4792.500406382394
5476,4792.500405740921
5477,4792.500398268733
5478,4792.500395219856
5479,4792.500402052817
5480,4792.500415797953
5481,4792.500408923572
5482,4792.500410260389
5483,4792.500407303492
5484,4792.500405130179
5485,4792.5004071451585
5486,4792.500414125186
5487,4792.500403322804
5488,4785.153822943283
5489,4785.153822943283
5490,4785.153822943283
5491,4785.1538229432845
5492,4785.153822943282
5493,4785.153822943285
5494,4785.1538229432845
5495,4785.153822943284
5496,4785.153822943284
5497,4785.153837727142
5498,4785.1538311736
5499,4785.153820989809
5500,4785.15382280218
5501,4785.153840524096
5502,4785.153819413689
5503,4785.153817347551
5504,4785.153815384967
5505,4785.153823324134
5506,4785.153831170426
5507,4785.153822432556
5508,4785.153821070138
5509,4785.153815598645
5510,4785.153826056465
5511,4785.153823579778
5512,4785.153832984532
5513,4785.1538099622585
5514,4785.153828239237
5515,4785.153783783445
5516,4785.1538575979575
5517,4785.1538204803255
5518,4785.153828989034
5519,4785.153822669694
5520,4785.153821556934
5521,4785.153812758083
5522,4785.1538198022845
5523,4785.153822613576
5524,4785.153832247748
5525,4785.153819790038
5526,4785.153837233125
5527,4785.1538531935985
5528,4785.153826428402
5529,4785.153825124856
5530,4785.15381784782
5531,4785.153824098544
5532,4785.153827193341
5533,4785.15381992823
5534,4785.153825359927
5535,4785.153831522693
5536,4785.153839241121
5537,4764.606029847291
5538,4764.606029847292
5539,4764.606029847293
5540,4764.606029847293
5541,4764.606029847293
5542,4764.606029847291
5543,4764.606029847291
5544,4764.606029847292
5545,4764.606029847292
5546,4764.606035804562
5547,4764.606032240149
5548,4764.606027174294
5549,4764.606028801474
5550,4764.606034722504
5551,4764.60602523168
5552,4764.606029773366
5553,4764.606035169505
5554,4764.60603221541
5555,4764.60602899026
5556,4764.606031971301
5557,4764.606030865519
5558,4764.606035298143
5559,4764.6060333693
5560,4764.606030751238
5561,4764.606035888662
5562,4764.6060261416305
5563,4764.606026474924
5564,4764.606023168276
5565,4764.606037275676
5566,4764.606031588918
5567,4764.606027083315
5568,4764.606032127139
5569,4764.606026019707
5570,4764.6060324071395
5571,4764.6060282577655
5572,4764.606026826238
5573,4764.606032247955
5574,4764.606025787923
5575,4764.606028548971
5576,4764.606037097351
5577,4764.606026224574
5578,4764.606035728906
5579,4764.606030204647
5580,4764.606032350287
5581,4764.60603138437
5582,4764.60602670973
5583,4764.606029728046
5584,4764.606039346593
5585,4764.606030261428
5586,4758.857414411055
5587,4758.8574144110535
5588,4758.857414411053
5589,4758.8574144110535
5590,4758.8574144110535
5591,4758.857414411054
5592,4758.857414411055
5593,4758.857414411055
5594,4758.857414411055
5595,4758.857413192777
5596,4758.857412325402
5597,4758.857410969303
5598,4758.857413774776
5599,4758.857412001346
5600,4758.857414214036
5601,4758.857424787666
5602,4758.857413851783
5603,4758.857408854192
5604,4758.857413863184
5605,4758.857415023087
5606,4758.857414694516
5607,4758.857420371565
5608,4758.85741630532
5609,4758.857414873082
5610,4758.857415470517
5611,4758.857413735343
5612,4758.857410930435
5613,4758.857429202995
5614,4758.85740499928
5615,4758.857414497112
5616,4758.857410735222
5617,4758.857415413602
5618,4758.857412656978
5619,4758.85742106826
5620,4758.857412398062
5621,4758.857412291815
5622,4758.857416059411
5623,4758.857410928593
5624,4758.85740917912
5625,4758.857405602956
5626,4758.857412880328
5627,4758.857416717303
5628,4758.857414740851
5629,4758.857415858665
5630,4758.857416130831
5631,4758.857411581476
5632,4758.857413931924
5633,4758.8574209188555
5634,4758.857416424299
5635,4749.4661279577285
5636,4749.4661279577285
5637,4749.4661279577285
5638,4749.466127957728
5639,4749.466127957725
5640,4749.466127957727
5641,4749.466127957726
5642,4749.466127957727
5643,4749.466127957728
5644,4749.466126790539
5645,4749.466123752864
5646,4749.4661238152
5647,4749.46612684836
5648,4749.466123842299
5649,4749.466126437745
5650,4749.4661341631545
5651,4749.466134706694
5652,4749.466127384033
5653,4749.466124836707
5654,4749.466129910994
5655,4749.466128298699
5656,4749.466135682389
5657,4749.4661284550175
5658,4749.466127848267
5659,4749.466127934389
5660,4749.466130448131
5661,4749.466123276756
5662,4749.466148493155
5663,4749.466116113435
5664,4749.466129319135
5665,4749.466121934118
5666,4749.466129637829
5667,4749.466125792129
5668,4749.466133638811
5669,4749.4661273314605
5670,4749.466124403224
5671,4749.466128448091
5672,4749.466123490036
5673,4749.466119045301
5674,4749.466117957368
5675,4749.466124702474
5676,4749.466131148124
5677,4749.466130491199
5678,4749.466129633835
5679,4749.4661291703405
5680,4749.466125816955
5681,4749.466127625943
5682,4749.466132906906
5683,4749.466118897353
5684,4736.327188883804
5685,4736.327188883805
5686,4736.327188883806
5687,4736.327188883805
5688,4736.327188883804
5689,4736.3271888838035
5690,4736.327188883804
5691,4736.327188883805
5692,4736.327188883804
5693,4736.327188685843
5694,4736.327185274106
5695,4736.327184320275
5696,4736.327187915135
5697,4736.32718719771
5698,4736.327187833667
5699,4736.327189394495
5700,4736.327195933789
5701,4736.3271918870205
5702,4736.327188247362
5703,4736.327190476563
5704,4736.327187918424
5705,4736.327192131578
5706,4736.327187039923
5707,4736.327187831896
5708,4736.327188187517
5709,4736.327190810127
5710,4736.327187188359
5711,4736.327199787573
5712,4736.327184941267
5713,4736.327189127527
5714,4736.327185048507
5715,4736.327189487463
5716,4736.327188007724
5717,4736.3271900174805
5718,4736.3271886580715
5719,4736.327185257006
5720,4736.327190864343
5721,4736.327183695767
5722,4736.327183385737
5723,4736.327185850657
5724,4736.327186967783
5725,4736.327190500611
5726,4736.327190655822
5727,4736.3271896480655
5728,4736.327190923179
5729,4736.327187616944
5730,4736.327190348622
5731,4736.327190746479
5732,4736.327178909913
5733,4724.9258519753475
5734,4724.9258519753475
5735,4724.9258519753475
5736,4724.9258519753475
5737,4724.925851975346
5738,4724.925851975346
5739,4724.9258519753475
5740,4724.925851975347
5741,4724.9258519753475
5742,4724.925851658891
5743,4724.925850921218
5744,4724.925847091892
5745,4724.925851335935
5746,4724.92585275596
5747,4724.925852688793
5748,4724.9258500465985
5749,4724.92585399073
5750,4724.925854401796
5751,4724.925854726535
5752,4724.925852557911
5753,4724.925849425512
5754,4724.925850926496
5755,4724.925848568327
5756,4724.925850375648
5757,4724.925851217231
5758,4724.925851778474
5759,4724.925854075872
5760,4724.925847168249
5761,4724.925856272607
5762,4724.925850636868
5763,4724.9258507041195
5764,4724.925851424474
5765,4724.9258525963205
5766,4724.925851937315
5767,4724.925851105661
5768,4724.9258492145655
5769,4724.925854907518
5770,4724.925847092774
5771,4724.925851808412
5772,4724.9258559037735
5773,4724.925851674663
5774,4724.925851510645
5775,4724.925852290808
5776,4724.925851961574
5777,4724.9258553622985
5778,4724.925850844318
5779,4724.925854900004
5780,4724.925852053112
5781,4724.925851474945
5782,4716.589347407209
5783,4716.589347407211
5784,4716.589347407209
5785,4716.589347407211
5786,4716.589347407211
5787,4716.589347407211
5788,4716.589347407211
5789,4716.589347407211
5790,4716.589347407211
5791,4716.5893466018
5792,4716.589347833049
5793,4716.589342956224
5794,4716.589346539171
5795,4716.589351178403
5796,4716.589347549369
5797,4716.589340631221
5798,4716.589352888814
5799,4716.589355244905
5800,4716.58935194311
5801,4716.589348848165
5802,4716.589345000463
5803,4716.589345650842
5804,4716.589344789066
5805,4716.589345576862
5806,4716.589348517565
5807,4716.58934529348
5808,4716.589351585941
5809,4716.589335686091
5810,4716.589357340801
5811,4716.589346442832
5812,4716.589347728915
5813,4716.589347082863
5814,4716.589347159521
5815,4716.589346331405
5816,4716.589346926444
5817,4716.5893436749875
5818,4716.589351669965
5819,4716.589342071975
5820,4716.589348526092
5821,4716.589355886851
5822,4716.5893466214975
5823,4716.58934891613
5824,4716.58934669636
5825,4716.58934729674
5826,4716.589350437017
5827,4716.589346520502
5828,4716.589351819558
5829,4716.589347668498
5830,4716.589345060003
5831,4701.7411702012
5832,4701.741170201201
5833,4701.741170201201
5834,4701.7411702012
5835,4701.7411702012005
5836,4701.741170201201
5837,4701.741170201201
5838,4701.741170201202
5839,4701.741170201201
5840,4701.7411676691445
5841,4701.741171675878
5842,4701.741164628036
5843,4701.741170979213
5844,4701.741169827424
5845,4701.7411779950635
5846,4701.74116685777
5847,4701.741162023968
5848,4701.741168300818
5849,4701.741176725834
5850,4701.741170218557
5851,4701.741167187825
5852,4701.741170335514
5853,4701.7411668610985
5854,4701.741168801351
5855,4701.741162619435
5856,4701.741171291398
5857,4701.741178380092
5858,4701.741143547806
5859,4701.741178382263
5860,4701.741165387833
5861,4701.74117179959
5862,4701.741169346538
5863,4701.741172988037
5864,4701.741171528351
5865,4701.741165133461
5866,4701.74116819194
5867,4701.741167509685
5868,4701.7411665731925
5869,4701.741178752003
5870,4701.741178821247
5871,4701.74116938757
5872,4701.7411647041135
5873,4701.741167935651
5874,4701.741169750045
5875,4701.741173936489
5876,4701.741168058049
5877,4701.741174359406
5878,4701.7411673387305
5879,4701.741184722054
5880,4718.417847278724
5881,4718.417847278719
5882,4718.417847278723
5883,4718.417847278722
5884,4718.41784727872
5885,4718.4178472787235
5886,4718.417847278724
5887,4718.417847278719
5888,4718.417847278723
5889,4718.417844008556
5890,4718.417862434971
5891,4718.4178456286145
5892,4718.417843212781
5893,4718.417851422775
5894,4718.417838904032
5895,4718.417810933031
5896,4718.417874584275
5897,4718.417878730513
5898,4718.41784585155
5899,4718.4178550735905
5900,4718.417842203733
5901,4718.417827473153
5902,4718.417855538797
5903,4718.417845661995
5904,4718.417863004783
5905,4718.417850366295
5906,4718.417844996193
5907,4718.417840610162
5908,4718.417881936966
5909,4718.417853897315
5910,4718.417842901896
5911,4718.41785140168
5912,4718.417839228934
5913,4718.4178438253375
5914,4718.4178515895655
5915,4718.417838911689
5916,4718.417843769253
5917,4718.417840565502
5918,4718.417835858922
5919,4718.417861478487
5920,4718.417835579525
5921,4718.417860036774
5922,4718.417849313118
5923,4718.417850606615
5924,4718.417851826121
5925,4718.4178482070565
5926,4718.417851582004
5927,4718.417853042869
5928,4718.417803966636
5929,4692.532795357031
5930,4692.532795357028
5931,4692.532795357032
5932,4692.5327953570295
5933,4692.532795357031
5934,4692.532795357032
5935,4692.532795357031
5936,4692.53279535703
5937,4692.53279535703
5938,4692.532792535707
5939,4692.532799598794
5940,4692.532790838446
5941,4692.532794727345
5942,4692.532796126587
5943,4692.532798809685
5944,4692.532784130543
5945,4692.532797844806
5946,4692.53280342081
5947,4692.5327999286765
5948,4692.53279785
5949,4692.5327922700835
5950,4692.532793268734
5951,4692.5327950574265
5952,4692.532793974912
5953,4692.532794131701
5954,4692.532797048762
5955,4692.532801873789
5956,4692.532772999556
5957,4692.532808455627
5958,4692.532793893779
5959,4692.532795360097
5960,4692.532796155382
5961,4692.532794886419
5962,4692.532796397544
5963,4692.532792698615
5964,4692.532791229803
5965,4692.532792371916
5966,4692.532790729034
5967,4692.532798765627
5968,4692.532805607733
5969,4692.532791356019
5970,4692.532795589521
5971,4692.532794154244
5972,4692.532796008163
5973,4692.532798647869
5974,4692.5327938076125
5975,4692.532799801125
5976,4692.532795159686
5977,4692.5327955532675
5978,4673.7767139849175
5979,4673.776713984918
5980,4673.776713984918
5981,4673.776713984917
5982,4673.776713984918
5983,4673.776713984917
5984,4673.776713984918
5985,4673.77671398492
5986,4673.77671398492
5987,4673.776705282124
5988,4673.776719058515
5989,4673.776713578143
5990,4673.77671263638
5991,4673.776718798608
5992,4673.776712351987
5993,4673.776708829563
5994,4673.776723686103
5995,4673.776732430837
5996,4673.776724519205
5997,4673.776716927813
5998,4673.776712878897
5999,4673.776705927365
6000,4673.776716777353
6001,4673.776712804908
6002,4673.776722833728
6003,4673.776710569058
6004,4673.776727290537
6005,4673.776721091985
6006,4673.776718172267
6007,4673.776712897382
6008,4673.776719529021
6009,4673.776714429016
6010,4673.776712218181
6011,4673.776709876648
6012,4673.7767147275545
6013,4673.776708804126
6014,4673.77671930637
6015,4673.776707843917
6016,4673.776715238171
6017,4673.776719755163
6018,4673.776712403193
6019,4673.776722041646
6020,4673.776707091249
6021,4673.7767139011
6022,4673.776714915797
6023,4673.776714818933
6024,4673.776721356977
6025,4673.776713542142
6026,4673.7766997130175
6027,4650.154859382507
6028,4650.1548593825055
6029,4650.154859382507
6030,4650.154859382508
6031,4650.154859382509
6032,4650.154859382507
6033,4650.154859382506
6034,4650.154859382508
6035,4650.154859382508
6036,4650.154853200401
6037,4650.154861284084
6038,4650.154856696043
6039,4650.154857975957
6040,4650.15484924643
6041,4650.154859113646
6042,4650.154876198883
6043,4650.154854022549
6044,4650.154856881625
6045,4650.154862259529
6046,4650.154861354486
6047,4650.154854985681
6048,4650.154859477
6049,4650.154861252109
6050,4650.154859844086
6051,4650.1548642197695
6052,4650.154867622463
6053,4650.154869045467
6054,4650.154887111979
6055,4650.154838491882
6056,4650.1548582145415
6057,4650.154856501934
6058,4650.154861160239
6059,4650.154860144397
6060,4650.154863143584
6061,4650.154857098227
6062,4650.154857493686
6063,4650.154854354645
6064,4650.154855755423
6065,4650.154856522815
6066,4650.15485162411
6067,4650.154856588049
6068,4650.154861726822
6069,4650.154857466494
6070,4650.154861419285
6071,4650.154862172975
6072,4650.154857820016
6073,4650.154860639973
6074,4650.15486047169
6075,4650.154858508738
6076,4636.450548157499
6077,4636.450548157494
6078,4636.450548157495
6079,4636.450548157494
6080,4636.450548157495
6081,4636.450548157497
6082,4636.450548157495
6083,4636.450548157497
6084,4636.450548157495
6085,4636.4505440414705
6086,4636.450559694073
6087,4636.450546362361
6088,4636.450546183629
6089,4636.45053664134
6090,4636.450543550182
6091,4636.450549150088
6092,4636.4505476347085
6093,4636.450550345608
6094,4636.45054438745
6095,4636.450552629979
6096,4636.450544787427
6097,4636.45053923777
6098,4636.450555867653
6099,4636.450550008537
6100,4636.450557299571
6101,4636.450561744468
6102,4636.450548479561
6103,4636.4505751548695
6104,4636.450542071437
6105,4636.450550227998
6106,4636.4505396389995
6107,4636.450552703987
6108,4636.450545638203
6109,4636.450549422066
6110,4636.45054729858
6111,4636.450545097845
6112,4636.450535123655
6113,4636.45054430621
6114,4636.450540975766
6115,4636.450544300921
6116,4636.450540211863
6117,4636.450552237189
6118,4636.450549908514
6119,4636.450552832009
6120,4636.450550962167
6121,4636.450547475238
6122,4636.450546234764
6123,4636.450552227764
6124,4636.45052986416
6125,4608.488695622435
6126,4608.488695622434
6127,4608.488695622433
6128,4608.488695622433
6129,4608.488695622435
6130,4608.488695622434
6131,4608.488695622435
6132,4608.488695622436
6133,4608.4886956224345
6134,4608.4886911428575
6135,4608.488702842955
6136,4608.4886947094055
6137,4608.488695684771
6138,4608.488692591312
6139,4608.488694863745
6140,4608.488697152912
6141,4608.488685918
6142,4608.488695517281
6143,4608.488696198393
6144,4608.48869847226
6145,4608.488696971308
6146,4608.488694284623
6147,4608.488701386261
6148,4608.488698442063
6149,4608.488702000852
6150,4608.488702060351
6151,4608.48870566828
6152,4608.488708128203
6153,4608.488690213049
6154,4608.488695241568
6155,4608.488689460501
6156,4608.488699302821
6157,4608.488696251042
6158,4608.48869097631
6159,4608.4886943585525
6160,4608.488693599328
6161,4608.488687049149
6162,4608.488691514545
6163,4608.488700689131
6164,4608.488697673045
6165,4608.488694180545
6166,4608.488696760586
6167,4608.488694000938
6168,4608.488699296014
6169,4608.488694423193
6170,4608.488698465069
6171,4608.488694626747
6172,4608.488695382782
6173,4608.488694770528
6174,4592.941055377788
6175,4592.941055377792
6176,4592.941055377788
6177,4592.941055377788
6178,4592.941055377791
6179,4592.941055377786
6180,4592.941055377786
6181,4592.941055377787
6182,4592.941055377791
6183,4592.941032911067
6184,4592.941046767497
6185,4592.941047840561
6186,4592.941057273452
6187,4592.941037371121
6188,4592.941078411499
6189,4592.941067769867
6190,4592.941038607911
6191,4592.941031353089
6192,4592.941040215069
6193,4592.941059427976
6194,4592.941055380637
6195,4592.941064308367
6196,4592.941053921282
6197,4592.941058031166
6198,4592.941027329463
6199,4592.941074504058
6200,4592.941044154242
6201,4592.941086394589
6202,4592.941025616134
6203,4592.941057695955
6204,4592.941032026053
6205,4592.941060997232
6206,4592.941056872745
6207,4592.94106461266
6208,4592.941051629089
6209,4592.941052509225
6210,4592.941030597822
6211,4592.94104726994
6212,4592.9410486263205
6213,4592.9410299469455
6214,4592.941049625173
6215,4592.941043938444
6216,4592.941067249709
6217,4592.941060109972
6218,4592.941054197485
6219,4592.941057570786
6220,4592.941048164796
6221,4592.941051481219
6222,4592.941049483742
6223,4563.139448711786
6224,4563.139448711784
6225,4563.139448711785
6226,4563.139448711784
6227,4563.139448711783
6228,4563.139448711783
6229,4563.139448711785
6230,4563.139448711783
6231,4563.139448711785
6232,4563.139435702042
6233,4563.139438935778
6234,4563.139442734777
6235,4563.139450344826
6236,4563.139443430659
6237,4563.139463727928
6238,4563.139461592336
6239,4563.139431386289
6240,4563.13943202973
6241,4563.139445321051
6242,4563.139449981398
6243,4563.139448114449
6244,4563.139461111299
6245,4563.139444179605
6246,4563.139450126564
6247,4563.139435037374
6248,4563.139453604178
6249,4563.1394550142495
6250,4563.139455344648
6251,4563.139427739117
6252,4563.139448930231
6253,4563.139435615517
6254,4563.139451013036
6255,4563.139452191407
6256,4563.139453122617
6257,4563.139446411471
6258,4563.139447493238
6259,4563.139438660353
6260,4563.139442534565
6261,4563.139452416447
6262,4563.1394390257565
6263,4563.139450169672
6264,4563.13944087279
6265,4563.139453157849
6266,4563.139450708498
6267,4563.1394480337585
6268,4563.139451749212
6269,4563.1394470684945
6270,4563.139445628372
6271,4563.139465461412
6272,4540.928871480155
6273,4540.928871480155
6274,4540.928871480152
6275,4540.928871480154
6276,4540.928871480155
6277,4540.928871480155
6278,4540.928871480153
6279,4540.928871480153
6280,4540.928871480154
6281,4540.928866668885
6282,4540.928872879959
6283,4540.928872389245
6284,4540.928870482276
6285,4540.928886413482
6286,4540.928861665572
6287,4540.928854356732
6288,4540.928867879314
6289,4540.928882812515
6290,4540.92887414526
6291,4540.928872515007
6292,4540.928871665694
6293,4540.928864795215
6294,4540.928873331815
6295,4540.928872890267
6296,4540.928896165271
6297,4540.92885950894
6298,4540.928884273568
6299,4540.9288551062255
6300,4540.9288892653685
6301,4540.928877149763
6302,4540.928863610434
6303,4540.928872849157
6304,4540.928870773514
6305,4540.928864744106
6306,4540.928881370422
6307,4540.928870278161
6308,4540.928877726075
6309,4540.928865505432
6310,4540.9288760182535
6311,4540.928885914644
6312,4540.928878534628
6313,4540.928876709701
6314,4540.928871718285
6315,4540.928873376878
6316,4540.928871915856
6317,4540.928884832408
6318,4540.928873725621
6319,4540.928874464842
6320,4540.928886951919
6321,4522.259625325334
6322,4522.259625325336
6323,4522.259625325335
6324,4522.259625325336
6325,4522.259625325336
6326,4522.259625325335
6327,4522.259625325332
6328,4522.259625325335
6329,4522.259625325336
6330,4522.259624865156
6331,4522.259621428364
6332,4522.25962384777
6333,4522.259624550667
6334,4522.2596379465085
6335,4522.259620027445
6336,4522.259615624348
6337,4522.259623386872
6338,4522.259631309754
6339,4522.259628233721
6340,4522.259625425175
6341,4522.259623157451
6342,4522.259624022906
6343,4522.259621749686
6344,4522.259625331655
6345,4522.259642996625
6346,4522.259615150042
6347,4522.259637622296
6348,4522.259613097994
6349,4522.259635551764
6350,4522.259629946187
6351,4522.259618188726
6352,4522.259625300648
6353,4522.25962595696
6354,4522.259619355327
6355,4522.259633555979
6356,4522.259624360012
6357,4522.25963140748
6358,4522.259619705829
6359,4522.2596293493725
6360,4522.259638051826
6361,4522.259632447056
6362,4522.2596276634085
6363,4522.259626641994
6364,4522.259625811837
6365,4522.2596269808155
6366,4522.25963460093
6367,4522.259628469696
6368,4522.259627129693
6369,4522.259638004398
6370,4482.307206807779
6371,4482.307206807779
6372,4482.307206807778
6373,4482.307206807778
6374,4482.307206807778
6375,4482.307206807779
6376,4482.307206807778
6377,4482.307206807778
6378,4482.307206807779
6379,4482.3072009359685
6380,4482.307205386634
6381,4482.307208340206
6382,4482.307207591222
6383,4482.307213407061
6384,4482.307205637809
6385,4482.30719492864
6386,4482.3072107956095
6387,4482.307217210114
6388,4482.30721333035
6389,4482.3072064544995
6390,4482.3072112670725
6391,4482.307202760634
6392,4482.307209253747
6393,4482.307206499889
6394,4482.3072144818225
6395,4482.307201887133
6396,4482.30720246628
6397,4482.307206081124
6398,4482.307214208034
6399,4482.307206944468
6400,4482.307207574684
6401,4482.30720543144
6402,4482.307204131785
6403,4482.307203073121
6404,4482.30721373673
6405,4482.3072036917765
6406,4482.307204116227
6407,4482.307200679607
6408,4482.307207197732
6409,4482.3072088682475
6410,4482.307207993314
6411,4482.307207374766
6412,4482.307202506166
6413,4482.307205743433
6414,4482.307205653965
6415,4482.30721433367
6416,4482.307211782561
6417,4482.3072090349115
6418,4482.307200682462
6419,4458.491792407173
6420,4458.49179240718
6421,4458.491792407178
6422,4458.491792407178
6423,4458.49179240718
6424,4458.491792407176
6425,4458.491792407179
6426,4458.491792407175
6427,4458.491792407178
6428,4458.491787387524
6429,4458.491793480664
6430,4458.491794673035
6431,4458.491793430883
6432,4458.491790684655
6433,4458.491792595552
6434,4458.491786115022
6435,4458.491792684459
6436,4458.491794571732
6437,4458.491794489004
6438,4458.491790892019
6439,4458.491796895407
6440,4458.491788674548
6441,4458.491796250417
6442,4458.49179311058
6443,4458.491796630462
6444,4458.49179513464
6445,4458.491775553206
6446,4458.491801020999
6447,4458.491791622947
6448,4458.49179183979
6449,4458.491790733173
6450,4458.491791090459
6451,4458.491789165958
6452,4458.491794502276
6453,4458.491799134312
6454,4458.491790810396
6455,4458.491779107329
6456,4458.4917880170415
6457,4458.491786284684
6458,4458.491785001991
6459,4458.491789186516
6460,4458.491789757658
6461,4458.491790298341
6462,4458.491792211529
6463,4458.491792010436
6464,4458.4917987402605
6465,4458.491793990653
6466,4458.491796637637
6467,4458.491783706481
6468,4434.3371270388125
6469,4434.337127038817
6470,4434.337127038817
6471,4434.337127038814
6472,4434.337127038813
6473,4434.337127038816
6474,4434.337127038815
6475,4434.337127038816
6476,4434.337127038816
6477,4434.337125693566
6478,4434.337128383806
6479,4434.337130061449
6480,4434.337128985269
6481,4434.337125162334
6482,4434.337132963334
6483,4434.337125201032
6484,4434.33712809278
6485,4434.337128423746
6486,4434.337132163515
6487,4434.337125138471
6488,4434.337132927973
6489,4434.337126568322
6490,4434.33713293079
6491,4434.33712761164
6492,4434.337122429262
6493,4434.337132606375
6494,4434.337110490199
6495,4434.337146931373
6496,4434.337120784441
6497,4434.337121357328
6498,4434.33713084286
6499,4434.33712520231
6500,4434.337124936323
6501,4434.337122643042
6502,4434.337131121634
6503,4434.337125334054
6504,4434.337112081891
6505,4434.337123968478
6506,4434.337123577123
6507,4434.337117694509
6508,4434.337121645089
6509,4434.337122692706
6510,4434.337121001276
6511,4434.337126246251
6512,4434.337124956277
6513,4434.337129708747
6514,4434.337128871317
6515,4434.337127575018
6516,4434.337105188265
6517,4414.070441675674
6518,4414.070441675671
6519,4414.070441675671
6520,4414.070441675672
6521,4414.070441675671
6522,4414.0704416756735
6523,4414.070441675672
6524,4414.0704416756735
6525,4414.070441675674
6526,4414.070442541251
6527,4414.07044778016
6528,4414.070441401684
6529,4414.070443311739
6530,4414.070422199982
6531,4414.070450777565
6532,4414.070448177662
6533,4414.070424599824
6534,4414.070420157515
6535,4414.070438711757
6536,4414.070436989159
6537,4414.070443010879
6538,4414.070453318262
6539,4414.070450174358
6540,4414.070446869934
6541,4414.070432204536
6542,4414.07045749973
6543,4414.070412415489
6544,4414.0704177793095
6545,4414.070433460919
6546,4414.070434892043
6547,4414.0704362195265
6548,4414.070441396849
6549,4414.070439350155
6550,4414.070462589908
6551,4414.070441289992
6552,4414.070446747927
6553,4414.070410058893
6554,4414.070442883455
6555,4414.070435614364
6556,4414.070426972879
6557,4414.070427708383
6558,4414.070430819098
6559,4414.070444171821
6560,4414.070445350391
6561,4414.0704442092465
6562,4414.070437708011
6563,4414.070433284255
6564,4414.070452875265
6565,4414.070463651764
6566,4379.151392600754
6567,4379.1513926007565
6568,4379.151392600755
6569,4379.151392600756
6570,4379.151392600757
6571,4379.151392600756
6572,4379.151392600754
6573,4379.151392600756
6574,4379.151392600754
6575,4379.15139563179
6576,4379.151392107074
6577,4379.151391854875
6578,4379.1513940658115
6579,4379.151386649275
6580,4379.151404491428
6581,4379.1514044735995
6582,4379.151383720905
6583,4379.151377604943
6584,4379.151393469201
6585,4379.151388661993
6586,4379.151392538984
6587,4379.151404282979
6588,4379.151395226035
6589,4379.151395812156
6590,4379.15138266356
6591,4379.151400157893
6592,4379.1513815556555
6593,4379.151395319141
6594,4379.151378736925
6595,4379.1513858565695
6596,4379.151389569263
6597,4379.151391413302
6598,4379.1513934658415
6599,4379.151395863015
6600,4379.151394411163
6601,4379.151395637126
6602,4379.151377902629
6603,4379.151392170121
6604,4379.151390650916
6605,4379.15138338083
6606,4379.151385646158
6607,4379.1513854664945
6608,4379.151392951708
6609,4379.151394115289
6610,4379.151393362607
6611,4379.151389438498
6612,4379.151388655547
6613,4379.151395044343
6614,4379.151396705504
6615,4360.722366638656
6616,4360.722366638654
6617,4360.722366638654
6618,4360.722366638654
6619,4360.722366638656
6620,4360.722366638656
6621,4360.722366638656
6622,4360.722366638655
6623,4360.722366638654
6624,4360.72237033963
6625,4360.722366344888
6626,4360.722366756368
6627,4360.722367059051
6628,4360.722371599166
6629,4360.722375357071
6630,4360.722369805064
6631,4360.722368036113
6632,4360.722363032784
6633,4360.7223675042815
6634,4360.722363675826
6635,4360.722364167583
6636,4360.72236867816
6637,4360.722368159965
6638,4360.72236926022
6639,4360.722363441449
6640,4360.722367907892
6641,4360.722365374444
6642,4360.722379354833
6643,4360.72236276887
6644,4360.722362748258
6645,4360.722363177162
6646,4360.722365830009
6647,4360.722368380631
6648,4360.722357595603
6649,4360.722372944005
6650,4360.722368856544
6651,4360.722365006508
6652,4360.722364792208
6653,4360.722364079424
6654,4360.72236565344
6655,4360.722363261386
6656,4360.7223654207955
6657,4360.722367768604
6658,4360.722368016813
6659,4360.722367982429
6660,4360.7223653847705
6661,4360.722364556379
6662,4360.722364751683
6663,4360.722353430271
6664,4351.493931896635
6665,4351.493931896636
6666,4351.493931896634
6667,4351.4939318966335
6668,4351.493931896635
6669,4351.4939318966335
6670,4351.493931896637
6671,4351.493931896634
6672,4351.4939318966335
6673,4351.493934208441
6674,4351.493932330768
6675,4351.493931462566
6676,4351.49393191547
6677,4351.49393782767
6678,4351.49393756744
6679,4351.493937502803
6680,4351.493931240036
6681,4351.493929244435
6682,4351.493936160641
6683,4351.493928033688
6684,4351.4939283619715
6685,4351.493936152263
6686,4351.493932009671
6687,4351.493934576627
6688,4351.493933409054
6689,4351.4939297727105
6690,4351.49393935145
6691,4351.493930283383
6692,4351.493928737489
6693,4351.493928359154
6694,4351.493929699325
6695,4351.493930251989
6696,4351.493934103848
6697,4351.493927026273
6698,4351.493937722894
6699,4351.493934960475
6700,4351.493935120638
6701,4351.49392973602
6702,4351.493932815258
6703,4351.493934210458
6704,4351.493930888037
6705,4351.493932399977
6706,4351.493931389669
6707,4351.493932877256
6708,4351.493934043454
6709,4351.49393038983
6710,4351.493930971759
6711,4351.493931695803
6712,4351.4939366390345
6713,4338.905403131408
6714,4338.905403131408
6715,4338.90540313141
6716,4338.90540313141
6717,4338.905403131409
6718,4338.905403131409
6719,4338.905403131407
6720,4338.905403131407
6721,4338.905403131407
6722,4338.905403004918
6723,4338.905410615804
6724,4338.905404380978
6725,4338.905402571559
6726,4338.905407495884
6727,4338.905405568009
6728,4338.905402942102
6729,4338.905407446446
6730,4338.905406501365
6731,4338.9054074041205
6732,4338.905399216779
6733,4338.905399729105
6734,4338.905398237198
6735,4338.905406542701
6736,4338.9054063184885
6737,4338.905408086999
6738,4338.905402885206
6739,4338.9054069410195
6740,4338.9053986407525
6741,4338.90540742333
6742,4338.9054000044325
6743,4338.90540263784
6744,4338.905401748416
6745,4338.905403794004
6746,4338.905400861242
6747,4338.905410596544
6748,4338.905406581144
6749,4338.905406983618
6750,4338.905401554482
6751,4338.905400006406
6752,4338.905405242434
6753,4338.905399158476
6754,4338.9054067737925
6755,4338.90540202177
6756,4338.905404844607
6757,4338.905406036877
6758,4338.905400828421
6759,4338.905401622986
6760,4338.905404212946
6761,4338.905402027275
6762,4320.229472778657
6763,4320.2294727786575
6764,4320.229472778653
6765,4320.229472778657
6766,4320.229472778655
6767,4320.229472778655
6768,4320.229472778657
6769,4320.2294727786575
6770,4320.2294727786575
6771,4320.229471857399
6772,4320.2294825683475
6773,4320.229476786226
6774,4320.229472804411
6775,4320.229481330153
6776,4320.229473323205
6777,4320.229465340375
6778,4320.2294815865025
6779,4320.229490070579
6780,4320.2294875960715
6781,4320.229468186796
6782,4320.229474987682
6783,4320.229465407796
6784,4320.229477815049
6785,4320.2294746577345
6786,4320.22947937907
6787,4320.22946961092
6788,4320.229482680994
6789,4320.229452818253
6790,4320.22948476125
6791,4320.229466443466
6792,4320.229483617858
6793,4320.229469255802
6794,4320.229472561297
6795,4320.2294676757565
6796,4320.229480079093
6797,4320.229474533146
6798,4320.229481476132
6799,4320.229470685214
6800,4320.229478904534
6801,4320.229481309187
6802,4320.229470483173
6803,4320.229478976124
6804,4320.2294619347895
6805,4320.2294720889795
6806,4320.229472294728
6807,4320.229471374446
6808,4320.229476357392
6809,4320.229471352253
6810,4320.229474599706
6811,4293.750630226642
6812,4293.7506302266465
6813,4293.7506302266465
6814,4293.750630226641
6815,4293.750630226642
6816,4293.750630226641
6817,4293.750630226643
6818,4293.75063022664
6819,4293.750630226641
6820,4293.750619389137
6821,4293.750641654418
6822,4293.750630361225
6823,4293.750630308404
6824,4293.750621618512
6825,4293.750642953967
6826,4293.750630648701
6827,4293.7506361105825
6828,4293.750632612889
6829,4293.750634421905
6830,4293.750627367987
6831,4293.75063123681
6832,4293.750622072672
6833,4293.750635049436
6834,4293.750634192727
6835,4293.750615260522
6836,4293.750648726948
6837,4293.750625873156
6838,4293.750617916163
6839,4293.750632517114
6840,4293.750624066325
6841,4293.750632858008
6842,4293.750629882918
6843,4293.750629611566
6844,4293.750637823686
6845,4293.7506334962545
6846,4293.750632655129
6847,4293.750626312643
6848,4293.750629453123
6849,4293.750625421589
6850,4293.750621675939
6851,4293.750618033887
6852,4293.750632115305
6853,4293.750628320587
6854,4293.750632842122
6855,4293.750629918684
6856,4293.750624509012
6857,4293.750627409051
6858,4293.750627135111
6859,4293.750623919089
6860,4248.503596796458
6861,4248.503596796459
6862,4248.503596796456
6863,4248.503596796459
6864,4248.503596796456
6865,4248.503596796458
6866,4248.5035967964595
6867,4248.503596796458
6868,4248.503596796458
6869,4248.503588093443
6870,4248.503605393884
6871,4248.503598976648
6872,4248.503596767245
6873,4248.50359427681
6874,4248.503604252479
6875,4248.503595207919
6876,4248.50360733974
6877,4248.503605664152
6878,4248.503601908543
6879,4248.503594175589
6880,4248.503599649025
6881,4248.503584553964
6882,4248.503599538819
6883,4248.503599964039
6884,4248.503589114556
6885,4248.5036098182045
6886,4248.503594534377
6887,4248.503593024519
6888,4248.503600287814
6889,4248.503592663524
6890,4248.503601316894
6891,4248.503596029822
6892,4248.503595648064
6893,4248.503597765458
6894,4248.503602635127
6895,4248.503598190414
6896,4248.503598208745
6897,4248.503595737108
6898,4248.503594338074
6899,4248.503591727912
6900,4248.503587923219
6901,4248.503601828722
6902,4248.50359298663
6903,4248.5035985299455
6904,4248.503595358761
6905,4248.503594778685
6906,4248.5035957554755
6907,4248.503592799468
6908,4248.503584136957
6909,4198.2602246549895
6910,4198.260224654991
6911,4198.2602246549895
6912,4198.260224654994
6913,4198.260224654992
6914,4198.260224654989
6915,4198.260224654988
6916,4198.260224654989
6917,4198.260224654991
6918,4198.260230917607
6919,4198.260223389186
6920,4198.260219099859
6921,4198.260225304465
6922,4198.260215004423
6923,4198.260234915453
6924,4198.260227280291
6925,4198.260223977193
6926,4198.260210636667
6927,4198.260213417762
6928,4198.260224829224
6929,4198.260225696777
6930,4198.260224815756
6931,4198.260221393089
6932,4198.260229373613
6933,4198.260209662151
6934,4198.260247864746
6935,4198.260216225151
6936,4198.2602326171345
6937,4198.260220552184
6938,4198.260221694079
6939,4198.260211737286
6940,4198.260227952816
6941,4198.260225122996
6942,4198.260220678138
6943,4198.260223387777
6944,4198.260225680804
6945,4198.260212406078
6946,4198.26022526491
6947,4198.26022474586
6948,4198.260219910737
6949,4198.260217971138
6950,4198.2602193153825
6951,4198.260234873199
6952,4198.260229196739
6953,4198.260223540612
6954,4198.260222319215
6955,4198.260216807985
6956,4198.260221258167
6957,4198.260210087411
6958,4204.213919108522
6959,4204.213919108523
6960,4204.213919108523
6961,4204.213919108526
6962,4204.213919108524
6963,4204.213919108526
6964,4204.213919108525
6965,4204.213919108525
6966,4204.2139191085225
6967,4204.213914025637
6968,4204.213920941537
6969,4204.213928209673
6970,4204.213916704872
6971,4204.213929370688
6972,4204.21390403724
6973,4204.213935172791
6974,4204.21393821037
6975,4204.213927644819
6976,4204.213921049131
6977,4204.213915119928
6978,4204.2139209915595
6979,4204.21389389133
6980,4204.213919626947
6981,4204.213924077638
6982,4204.213947076401
6983,4204.213907058414
6984,4204.2139275541585
6985,4204.213949098277
6986,4204.213915353121
6987,4204.213921505603
6988,4204.2139215516945
6989,4204.213918415015
6990,4204.213914984177
6991,4204.213911487611
6992,4204.213937578411
6993,4204.213921947729
6994,4204.213952301387
6995,4204.2139219676
6996,4204.213912043929
6997,4204.21391596551
6998,4204.21392649384
6999,4204.213937385362
7000,4204.213915695434
7001,4204.213922067738
7002,4204.213919283087
7003,4204.213925946788
7004,4204.213916527736
7005,4204.213923676763
7006,4204.213917943995
7007,4183.705690119574
7008,4183.705690119574
7009,4183.705690119574
7010,4183.705690119575
7011,4183.705690119574
7012,4183.705690119572
7013,4183.705690119572
7014,4183.705690119573
7015,4183.705690119574
7016,4183.705691325824
7017,4183.70569000844
7018,4183.7056904383035
7019,4183.705689461789
7020,4183.705688777615
7021,4183.705689750264
7022,4183.705700403264
7023,4183.705696330753
7024,4183.705684658766
7025,4183.705685531177
7026,4183.705688326398
7027,4183.705691519226
7028,4183.705680874837
7029,4183.705688459886
7030,4183.70569504494
7031,4183.705693457508
7032,4183.705698239791
7033,4183.7056897203165
7034,4183.705708172778
7035,4183.70568484033
7036,4183.705689082926
7037,4183.705683994183
7038,4183.705691399865
7039,4183.7056886749415
7040,4183.705684991109
7041,4183.705696614986
7042,4183.705692002541
7043,4183.705697127703
7044,4183.70569144416
7045,4183.705687719611
7046,4183.705685388555
7047,4183.7056897043585
7048,4183.705694566133
7049,4183.705693967667
7050,4183.705693776786
7051,4183.705689498343
7052,4183.7056910899055
7053,4183.7056847711
7054,4183.705690484136
7055,4183.705683515795
7056,4169.521912388141
7057,4169.521912388139
7058,4169.521912388139
7059,4169.521912388142
7060,4169.521912388139
7061,4169.521912388137
7062,4169.521912388142
7063,4169.521912388138
7064,4169.52191238814
7065,4169.521914467001
7066,4169.52190893274
7067,4169.521911440424
7068,4169.521911878966
7069,4169.521913882862
7070,4169.521911417271
7071,4169.521924206942
7072,4169.521913589904
7073,4169.521906337633
7074,4169.521915086601
7075,4169.521909924721
7076,4169.521914095476
7077,4169.521910538441
7078,4169.52191228293
7079,4169.521917396634
7080,4169.521917991869
7081,4169.521913925237
7082,4169.521920990676
7083,4169.52192043323
7084,4169.521908239507
7085,4169.521909456097
7086,4169.5219093694905
7087,4169.521911866992
7088,4169.521911287638
7089,4169.52190619893
7090,4169.521917100797
7091,4169.521913984799
7092,4169.521925040095
7093,4169.521912939837
7094,4169.5219165856815
7095,4169.521911111394
7096,4169.521917467064
7097,4169.521916038711
7098,4169.521911396228
7099,4169.521914416947
7100,4169.521911423772
7101,4169.521912984857
7102,4169.521910188963
7103,4169.521913966132
7104,4169.521922222685
7105,4152.352847157348
7106,4152.352847157348
7107,4152.352847157346
7108,4152.3528471573445
7109,4152.352847157347
7110,4152.352847157345
7111,4152.352847157345
7112,4152.352847157346
7113,4152.352847157348
7114,4152.352847702221
7115,4152.35284080428
7116,4152.352846526057
7117,4152.352845814837
7118,4152.352842466153
7119,4152.35284454855
7120,4152.352839018882
7121,4152.352855747282
7122,4152.35284935907
7123,4152.352843362782
7124,4152.352847921528
7125,4152.352849436308
7126,4152.352842524288
7127,4152.352854190503
7128,4152.352851967391
7129,4152.352852785286
7130,4152.352851671337
7131,4152.352842152983
7132,4152.352834504032
7133,4152.352859069897
7134,4152.352846082651
7135,4152.352842073888
7136,4152.3528498017495
7137,4152.352841421097
7138,4152.352846789193
7139,4152.352851352435
7140,4152.352847147532
7141,4152.352855386935
7142,4152.352848497165
7143,4152.352848876791
7144,4152.352849557827
7145,4152.352849264476
7146,4152.352851421167
7147,4152.352849497809
7148,4152.352851624523
7149,4152.352847149196
7150,4152.352850961471
7151,4152.352843258818
7152,4152.352853221815
7153,4152.352852838262
7154,4136.271640631352
7155,4136.271640631358
7156,4136.2716406313575
7157,4136.2716406313575
7158,4136.2716406313575
7159,4136.271640631357
7160,4136.2716406313575
7161,4136.271640631357
7162,4136.271640631354
7163,4136.271638235117
7164,4136.271632558525
7165,4136.2716379831045
7166,4136.271639955654
7167,4136.2716438879415
7168,4136.271641047828
7169,4136.271646572083
7170,4136.271642685436
7171,4136.271639369868
7172,4136.271651036728
7173,4136.271640607559
7174,4136.271644464896
7175,4136.271645301015
7176,4136.271647484071
7177,4136.271644178013
7178,4136.271641860723
7179,4136.271635913752
7180,4136.271652545849
7181,4136.271644066539
7182,4136.271642145104
7183,4136.271635241203
7184,4136.2716431103545
7185,4136.27163947281
7186,4136.271636574947
7187,4136.271633188821
7188,4136.271640496085
7189,4136.271638931407
7190,4136.2716576532475
7191,4136.271639693844
7192,4136.271648917654
7193,4136.271639910571
7194,4136.271648748849
7195,4136.271644038026
7196,4136.271632397593
7197,4136.271640756293
7198,4136.271638605465
7199,4136.271642553024
7200,4136.27164387857
7201,4136.271642444757
7202,4136.271653077379
7203,4120.054130265524
7204,4120.054130265521
7205,4120.054130265526
7206,4120.054130265526
7207,4120.054130265524
7208,4120.054130265522
7209,4120.054130265524
7210,4120.054130265525
7211,4120.054130265523
7212,4120.054127633793
7213,4120.054121862504
7214,4120.054127020742
7215,4120.054129876373
7216,4120.054128882392
7217,4120.054132988089
7218,4120.054134196444
7219,4120.054130234517
7220,4120.0541272178525
7221,4120.054140235303
7222,4120.054130369061
7223,4120.054134224976
7224,4120.054138408461
7225,4120.054137304132
7226,4120.054133332574
7227,4120.0541266988375
7228,4120.054129644347
7229,4120.0541356781705
7230,4120.054126184331
7231,4120.054131859666
7232,4120.054124174093
7233,4120.054133494382
7234,4120.054129018452
7235,4120.054125744035
7236,4120.0541277184975
7237,4120.054127877278
7238,4120.054128567102
7239,4120.054139269199
7240,4120.054129513497
7241,4120.054138978437
7242,4120.054127384767
7243,4120.054135258237
7244,4120.054130754067
7245,4120.054121853735
7246,4120.054130364746
7247,4120.05412844176
7248,4120.054131910904
7249,4120.054133044733
7250,4120.05413301698
7251,4120.054145770172
7252,4065.2752617180527
7253,4065.2752617180545
7254,4065.275261718053
7255,4065.2752617180545
7256,4065.275261718055
7257,4065.275261718055
7258,4065.2752617180545
7259,4065.275261718053
7260,4065.275261718054
7261,4065.2752546321717
7262,4065.2752577245865
7263,4065.275266346299
7264,4065.2752607030216
7265,4065.2752529172712
7266,4065.2752613496427
7267,4065.2752515307875
7268,4065.275278284048
7269,4065.2752730809607
7270,4065.2752639512046
7271,4065.2752643380245
7272,4065.2752665647868
7273,4065.2752599023465
7274,4065.275269210012
7275,4065.275259127333
7276,4065.2752541631517
7277,4065.2752698059676
7278,4065.2752377458355
7279,4065.2752562872583
7280,4065.2752686507583
7281,4065.2752592229044
7282,4065.2752734857936
7283,4065.2752620159135
7284,4065.2752525694896
7285,4065.2752694714113
7286,4065.275260771161
7287,4065.275258674864
7288,4065.2752516534383
7289,4065.2752631342455
7290,4065.2752602019327
7291,4065.2752517824874
7292,4065.275250003181
7293,4065.2752658188183
7294,4065.2752522370165
7295,4065.275262685947
7296,4065.275260934949
7297,4065.275269105391
7298,4065.275263658619
7299,4065.27526534874
7300,4065.275250071256
7301,4028.4674173193093
7302,4028.46741731931
7303,4028.4674173193075
7304,4028.4674173193125
7305,4028.4674173193102
7306,4028.467417319309
7307,4028.4674173193107
7308,4028.4674173193102
7309,4028.46741731931
7310,4028.4674180616203
7311,4028.467421946963
7312,4028.4674172933856
7313,4028.4674166329
7314,4028.4674118335015
7315,4028.467413876404
7316,4028.467409306661
7317,4028.4674216654494
7318,4028.467420395993
7319,4028.467422506261
7320,4028.4674182865183
7321,4028.467421259753
7322,4028.4674180670345
7323,4028.4674236264277
7324,4028.46741686794
7325,4028.46741585533
7326,4028.4674239047563
7327,4028.4674052958308
7328,4028.4674067929695
7329,4028.467426715697
7330,4028.4674130426847
7331,4028.46742499058
7332,4028.467416170449
7333,4028.467411263615
7334,4028.4674231108506
7335,4028.4674122218885
7336,4028.467415493344
7337,4028.4674061257197
7338,4028.4674198936063
7339,4028.467422305796
7340,4028.4674142777903
7341,4028.4674117237096
7342,4028.467417112269
7343,4028.467408389488
7344,4028.4674175264954
7345,4028.4674167560893
7346,4028.467420243872
7347,4028.467418893015
7348,4028.467419776039
7349,4028.4674192251287
7350,3985.121542057635
7351,3985.121542057635
7352,3985.121542057632
7353,3985.121542057633
7354,3985.1215420576336
7355,3985.1215420576327
7356,3985.1215420576345
7357,3985.1215420576336
7358,3985.121542057634
7359,3985.1215391800965
7360,3985.1215553709835
7361,3985.1215424049105
7362,3985.121540227714
7363,3985.121541520538
7364,3985.1215308691535
7365,3985.1215397623964
7366,3985.1215469983736
7367,3985.1215400654764
7368,3985.1215387436714
7369,3985.1215424537854
7370,3985.1215424967427
7371,3985.1215290890755
7372,3985.1215475861036
7373,3985.121542126016
7374,3985.1215527083887
7375,3985.121538296915
7376,3985.1215354570186
7377,3985.1215533516397
7378,3985.121552284898
7379,3985.121541715609
7380,3985.1215428626074
7381,3985.121541674767
7382,3985.1215362952084
7383,3985.1215485296225
7384,3985.1215401481086
7385,3985.121541409453
7386,3985.121542308987
7387,3985.1215480033115
7388,3985.1215378433553
7389,3985.1215373485056
7390,3985.1215405765943
7391,3985.1215478619233
7392,3985.1215403615292
7393,3985.121543483055
7394,3985.121543980389
7395,3985.1215450589216
7396,3985.1215407626505
7397,3985.121546421288
7398,3985.121539425524
7399,3957.599871209881
7400,3957.599871209879
7401,3957.599871209879
7402,3957.5998712098803
7403,3957.59987120988
7404,3957.599871209879
7405,3957.5998712098794
7406,3957.599871209881
7407,3957.599871209881
7408,3957.5998729237963
7409,3957.5998831857855
7410,3957.5998697126943
7411,3957.599869941764
7412,3957.599878329654
7413,3957.599864259695
7414,3957.5998685114905
7415,3957.5998747452245
7416,3957.599871925724
7417,3957.5998733787637
7418,3957.5998698166577
7419,3957.5998698738067
7420,3957.599865582809
7421,3957.5998718561887
7422,3957.5998716293916
7423,3957.5998805800004
7424,3957.599863237594
7425,3957.599875035412
7426,3957.5998737049913
7427,3957.5998822730057
7428,3957.5998706731816
7429,3957.5998718935175
7430,3957.5998685443933
7431,3957.5998685807394
7432,3957.599871013634
7433,3957.5998702725246
7434,3957.599871100585
7435,3957.5998739596353
7436,3957.5998751455327
7437,3957.599873074244
7438,3957.5998740041277
7439,3957.5998723319535
7440,3957.5998762463696
7441,3957.599867711066
7442,3957.5998702948973
7443,3957.599873762666
7444,3957.599872901696
7445,3957.5998720547873
7446,3957.5998714419347
7447,3957.599872474342
7448,3935.0724833086556
7449,3935.072483308657
7450,3935.0724833086565
7451,3935.072483308658
7452,3935.072483308658
7453,3935.0724833086565
7454,3935.072483308658
7455,3935.072483308656
7456,3935.072483308658
7457,3935.072479208144
7458,3935.0724810801357
7459,3935.072479728747
7460,3935.0724828389066
7461,3935.072475694957
7462,3935.072493505558
7463,3935.072486436412
7464,3935.072483842962
7465,3935.072471108495
7466,3935.072471871792
7467,3935.0724827999725
7468,3935.0724790421837
7469,3935.0724946938935
7470,3935.0724813065726
7471,3935.07248159651
7472,3935.0724671835405
7473,3935.072494702199
7474,3935.0724603183085
7475,3935.07247866735
7476,3935.0724774811524
7477,3935.0724841955143
7478,3935.0724795780748
7479,3935.0724824699337
7480,3935.0724802542763
7481,3935.0724937737136
7482,3935.072476897033
7483,3935.0724834879534
7484,3935.0724606907343
7485,3935.0724873163476
7486,3935.0724793625836
7487,3935.072467830383
7488,3935.072473378722
7489,3935.0724800360435
7490,3935.072489452152
7491,3935.0724839644363
7492,3935.0724866372507
7493,3935.072483491691
7494,3935.0724791207526
7495,3935.0724850953957
7496,3935.0724865826683
7497,3923.0851185457477
7498,3923.085118545745
7499,3923.0851185457445
7500,3923.085118545745
7501,3923.0851185457445
7502,3923.085118545745
7503,3923.0851185457473
7504,3923.0851185457454
7505,3923.0851185457445
7506,3923.0851114471716
7507,3923.0851144058124
7508,3923.085118603739
7509,3923.0851174176096
7510,3923.0851193707977
7511,3923.0851228825295
7512,3923.0851201020832
7513,3923.085126733993
7514,3923.0851206148154
7515,3923.085117711052
7516,3923.0851184855474
7517,3923.0851166772836
7518,3923.085123311554
7519,3923.0851179687515
7520,3923.085117506802
7521,3923.085113603777
7522,3923.0851151666384
7523,3923.0851133228175
7524,3923.0851157666584
7525,3923.0851203296165
7526,3923.085120437724
7527,3923.085121424486
7528,3923.0851168947684
7529,3923.0851144398584
7530,3923.085122347221
7531,3923.0851188907054
7532,3923.0851176443703
7533,3923.0851196838307
7534,3923.08512015262
7535,3923.0851173452374
7536,3923.0851130300725
7537,3923.0851140174163
7538,3923.085125322977
7539,3923.085116151005
7540,3923.0851180373293
7541,3923.0851204583314
7542,3923.085121371182
7543,3923.085119181994
7544,3923.0851197856746
7545,3923.085121758925
7546,3916.6681794649257
7547,3916.6681794649257
7548,3916.6681794649257
7549,3916.6681794649267
7550,3916.668179464925
7551,3916.6681794649267
7552,3916.668179464925
7553,3916.668179464925
7554,3916.668179464925
7555,3916.6681753051657
7556,3916.6681768258045
7557,3916.6681784722214
7558,3916.6681784415814
7559,3916.6681812665383
7560,3916.6681833231823
7561,3916.668179626414
7562,3916.6681859194914
7563,3916.6681811536737
7564,3916.6681792627605
7565,3916.6681792671707
7566,3916.668177396808
7567,3916.668184634198
7568,3916.668178587368
7569,3916.668178806454
7570,3916.668175670392
7571,3916.668176770466
7572,3916.6681762900394
7573,3916.668174838778
7574,3916.66818278274
7575,3916.6681808421317
7576,3916.668181484886
7577,3916.6681776427404
7578,3916.6681761302066
7579,3916.6681815036754
7580,3916.668178935386
7581,3916.6681786864783
7582,3916.6681797156734
7583,3916.668180958359
7584,3916.6681800415563
7585,3916.668176765568
7586,3916.668176060599
7587,3916.668184857005
7588,3916.6681771755493
7589,3916.668178821601
7590,3916.6681814676695
7591,3916.668181497888
7592,3916.668180143354
7593,3916.6681799535763
7594,3916.6681830433295
7595,3902.53159926769
7596,3902.5315992676938
7597,3902.5315992676906
7598,3902.531599267689
7599,3902.5315992676906
7600,3902.5315992676906
7601,3902.5315992676897
7602,3902.5315992676906
7603,3902.5315992676897
7604,3902.531603146261
7605,3902.531598515996
7606,3902.531609581295
7607,3902.531597725545
7608,3902.531603142867
7609,3902.5315964613083
7610,3902.531587712714
7611,3902.5316250390224
7612,3902.5316232886807
7613,3902.5315892512754
7614,3902.531600433156
7615,3902.5315955469914
7616,3902.531592014312
7617,3902.531586931271
7618,3902.531593321227
7619,3902.5316074838056
7620,3902.53159791093
7621,3902.5315891331543
7622,3902.5315798912243
7623,3902.5316130636375
7624,3902.5316080645225
7625,3902.531608983023
7626,3902.53159950827
7627,3902.5315958670662
7628,3902.531597654908
7629,3902.5316074690154
7630,3902.531598303976
7631,3902.5315989797436
7632,3902.5316008276795
7633,3902.531596638597
7634,3902.531610345925
7635,3902.5315871238117
7636,3902.531616632472
7637,3902.531599994635
7638,3902.5315993657678
7639,3902.531602571051
7640,3902.531606113306
7641,3902.531600091209
7642,3902.531599285626
7643,3902.5315816000584
7644,3885.967719292679
7645,3885.967719292679
7646,3885.9677192926797
7647,3885.9677192926783
7648,3885.967719292679
7649,3885.9677192926792
7650,3885.9677192926792
7651,3885.9677192926783
7652,3885.967719292678
7653,3885.9677332379633
7654,3885.9677288855537
7655,3885.9677068753217
7656,3885.967719085949
7657,3885.9677186744902
7658,3885.967720470069
7659,3885.967717538854
7660,3885.9677033644084
7661,3885.967703259424
7662,3885.967714561206
7663,3885.9677182669084
7664,3885.96771500454
7665,3885.967723946247
7666,3885.967718789688
7667,3885.9677228683804
7668,3885.9677213302843
7669,3885.96773026347
7670,3885.967724100633
7671,3885.9677108438227
7672,3885.9677253586015
7673,3885.9677166672673
7674,3885.9677079906137
7675,3885.9677177535086
7676,3885.9677214674743
7677,3885.967715297933
7678,3885.967707960179
7679,3885.9677203205115
7680,3885.967708010796
7681,3885.967720966816
7682,3885.9677277989786
7683,3885.967729650645
7684,3885.9677248427734
7685,3885.967708971616
7686,3885.9677249040246
7687,3885.9677202460075
7688,3885.9677220717467
7689,3885.96771260076
7690,3885.967714848275
7691,3885.9677184824527
7692,3885.9677329571277
7693,3872.3255067281234
7694,3872.325506728125
7695,3872.325506728125
7696,3872.3255067281225
7697,3872.3255067281225
7698,3872.3255067281248
7699,3872.3255067281243
7700,3872.3255067281243
7701,3872.3255067281243
7702,3872.325509971545
7703,3872.3255103051324
7704,3872.3255032569573
7705,3872.325506180695
7706,3872.325507834844
7707,3872.3255089698173
7708,3872.325509858576
7709,3872.3255038198945
7710,3872.3255020514625
7711,3872.325503273294
7712,3872.3255063216275
7713,3872.3255036774763
7714,3872.3255062497674
7715,3872.3255029718275
7716,3872.325506651623
7717,3872.325506912557
7718,3872.3255098704776
7719,3872.3255078496777
7720,3872.3255069053967
7721,3872.3255086317986
7722,3872.325507670672
7723,3872.325505286789
7724,3872.32550502468
7725,3872.3255064155173
7726,3872.3255049665936
7727,3872.3255033388987
7728,3872.3255066788943
7729,3872.32550494958
7730,3872.3255076744235
7731,3872.3255092467807
7732,3872.325510700194
7733,3872.3255071808862
7734,3872.325508088085
7735,3872.3255075581874
7736,3872.3255065332883
7737,3872.3255086902964
7738,3872.325504886223
7739,3872.3255050651005
7740,3872.325506411631
7741,3872.325510679769
7742,3868.6073503926086
7743,3868.607350392609
7744,3868.607350392609
7745,3868.6073503926095
7746,3868.6073503926073
7747,3868.607350392609
7748,3868.6073503926086
7749,3868.6073503926086
7750,3868.6073503926095
7751,3868.607351407709
7752,3868.607351931497
7753,3868.607350350402
7754,3868.607349769553
7755,3868.6073510891215
7756,3868.607352941159
7757,3868.6073543126295
7758,3868.6073519894553
7759,3868.6073501242727
7760,3868.6073462749096
7761,3868.607350458189
7762,3868.6073479489223
7763,3868.6073480206487
7764,3868.6073447628955
7765,3868.6073487155286
7766,3868.6073502452155
7767,3868.6073529563146
7768,3868.6073489555597
7769,3868.6073511568275
7770,3868.6073511482778
7771,3868.60735269213
7772,3868.6073526537707
7773,3868.6073489423757
7774,3868.6073492988075
7775,3868.6073493303375
7776,3868.6073494413517
7777,3868.607349919622
7778,3868.6073500342795
7779,3868.6073510660817
7780,3868.607351263373
7781,3868.607353426905
7782,3868.607348663563
7783,3868.6073552919565
7784,3868.607350087073
7785,3868.607350034683
7786,3868.607351873772
7787,3868.6073501767255
7788,3868.607349372585
7789,3868.607350291513
7790,3868.6073505543454
7791,3862.2591028586057
7792,3862.2591028586075
7793,3862.2591028586075
7794,3862.259102858607
7795,3862.2591028586075
7796,3862.259102858608
7797,3862.259102858606
7798,3862.2591028586085
7799,3862.2591028586075
7800,3862.25910159465
7801,3862.259103363011
7802,3862.259104375075
7803,3862.259102233272
7804,3862.2591034262914
7805,3862.2591055365065
7806,3862.2591085082126
7807,3862.2591053803726
7808,3862.259103935554
7809,3862.2590999414524
7810,3862.25910321806
7811,3862.2591010174483
7812,3862.259099531239
7813,3862.2590972437715
7814,3862.259100556612
7815,3862.259102312584
7816,3862.2591039652816
7817,3862.2591018727617
7818,3862.2591061961034
7819,3862.259102399335
7820,3862.259105272052
7821,3862.259107511266
7822,3862.2591013094234
7823,3862.2591013661654
7824,3862.259102416488
7825,3862.2591031269553
7826,3862.2591020768064
7827,3862.259105160851
7828,3862.259103251222
7829,3862.2591029271425
7830,3862.2591048120303
7831,3862.2591012790544
7832,3862.259109572609
7833,3862.25910078386
7834,3862.2591022118622
7835,3862.2591038267556
7836,3862.259103295929
7837,3862.2591025343927
7838,3862.2591030058234
7839,3862.2591026376117
7840,3837.3703034570767
7841,3837.370303457077
7842,3837.370303457076
7843,3837.370303457075
7844,3837.370303457076
7845,3837.370303457076
7846,3837.3703034570754
7847,3837.370303457077
7848,3837.3703034570754
7849,3837.3702978584197
7850,3837.3703002637712
7851,3837.370307504112
7852,3837.370303028355
7853,3837.370302766711
7854,3837.3703089176734
7855,3837.3703100497214
7856,3837.370308009022
7857,3837.3703078107737
7858,3837.3703027429065
7859,3837.3703052389587
7860,3837.370303240648
7861,3837.370301898146
7862,3837.3702986371372
7863,3837.3702996971288
7864,3837.370297759905
7865,3837.3703060217426
7866,3837.3703004211898
7867,3837.3703096139207
7868,3837.370300010253
7869,3837.3703048656766
7870,3837.3703127897693
7871,3837.3703022357868
7872,3837.3703012723845
7873,3837.3703031168566
7874,3837.3703043979294
7875,3837.3703014758185
7876,3837.3703054661732
7877,3837.3703025620653
7878,3837.3703029969233
7879,3837.370302284518
7880,3837.370301294138
7881,3837.370311082055
7882,3837.3702980164608
7883,3837.370302284481
7884,3837.370302915372
7885,3837.370305613971
7886,3837.3703049114283
7887,3837.370302867612
7888,3837.370299595195
7889,3804.5618484647825
7890,3804.561848464783
7891,3804.561848464782
7892,3804.561848464778
7893,3804.5618484647803
7894,3804.5618484647807
7895,3804.5618484647816
7896,3804.561848464781
7897,3804.5618484647794
7898,3804.5618394215876
7899,3804.5618485393343
7900,3804.5618485663363
7901,3804.561848388604
7902,3804.5618437901758
7903,3804.5618495048257
7904,3804.561858783447
7905,3804.5618393964896
7906,3804.5618390262
7907,3804.5618414438486
7908,3804.5618501275026
7909,3804.561845690704
7910,3804.5618440593094
7911,3804.561848114586
7912,3804.56184666092
7913,3804.5618431007947
7914,3804.5618484416
7915,3804.561848552053
7916,3804.561868214507
7917,3804.5618417156998
7918,3804.561848389235
7919,3804.5618502144616
7920,3804.561847707404
7921,3804.5618486117987
7922,3804.5618549414435
7923,3804.561848875244
7924,3804.5618474845514
7925,3804.5618544038093
7926,3804.5618465448815
7927,3804.5618429828855
7928,3804.5618423214537
7929,3804.5618544400904
7930,3804.561851428847
7931,3804.5618493813486
7932,3804.561848526071
7933,3804.5618489570825
7934,3804.5618486017493
7935,3804.5618465922225
7936,3804.5618516296827
7937,3804.5618555203105
7938,3770.1173882526255
7939,3770.117388252625
7940,3770.117388252621
7941,3770.1173882526255
7942,3770.117388252624
7943,3770.117388252626
7944,3770.1173882526255
7945,3770.1173882526255
7946,3770.117388252624
7947,3770.117379485216
7948,3770.1173830311254
7949,3770.117386569391
7950,3770.1173883818856
7951,3770.1173825807737
7952,3770.1173949364047
7953,3770.117393738783
7954,3770.117374628474
7955,3770.117385341147
7956,3770.117398457733
7957,3770.1173898307966
7958,3770.117389323107
7959,3770.117404993944
7960,3770.117393386144
7961,3770.1173877057345
7962,3770.117380729913
7963,3770.1173912941367
7964,3770.117389123717
7965,3770.117386333086
7966,3770.117380535542
7967,3770.117382126078
7968,3770.1173966394394
7969,3770.117385484095
7970,3770.1173871900514
7971,3770.1173920930833
7972,3770.117387116099
7973,3770.1173862835253
7974,3770.1173858261996
7975,3770.117385141874
7976,3770.1173941491707
7977,3770.1173844978775
7978,3770.1173946109657
7979,3770.1173855630577
7980,3770.1173762094977
7981,3770.11738615129
7982,3770.117386297766
7983,3770.1173881473323
7984,3770.117391291957
7985,3770.1173888180842
7986,3770.1174111590713
7987,3753.872646992818
7988,3753.872646992817
7989,3753.872646992819
7990,3753.8726469928174
7991,3753.872646992817
7992,3753.872646992817
7993,3753.872646992818
7994,3753.872646992818
7995,3753.872646992818
7996,3753.8726394778487
7997,3753.872649163793
7998,3753.87265688344
7999,3753.872646297459
8000,3753.8726462822833
8001,3753.8726401839203
8002,3753.8726404569143
8003,3753.8726619950307
8004,3753.8726648368906
8005,3753.8726470736224
8006,3753.872650187651
8007,3753.8726465900595
8008,3753.8726290211516
8009,3753.872647434341
8010,3753.8726438265116
8011,3753.8726501449846
8012,3753.8726441207355
8013,3753.8726405738043
8014,3753.8726497182115
8015,3753.872656740404
8016,3753.8726466272615
8017,3753.872661144395
8018,3753.8726475919007
8019,3753.8726450386666
8020,3753.872649802236
8021,3753.8726565616407
8022,3753.8726441398067
8023,3753.872654056421
8024,3753.87264461957
8025,3753.8726384585834
8026,3753.872649641002
8027,3753.8726475648655
8028,3753.8726602769175
8029,3753.8726412649567
8030,3753.8726461517062
8031,3753.8726464457422
8032,3753.87265522926
8033,3753.872651532618
8034,3753.872646233718
8035,3753.8726270214493
8036,3744.060887963782
8037,3744.0608879637825
8038,3744.060887963782
8039,3744.0608879637834
8040,3744.060887963781
8041,3744.0608879637834
8042,3744.060887963784
8043,3744.0608879637834
8044,3744.0608879637825
8045,3744.0608854361953
8046,3744.060887950178
8047,3744.0608898922274
8048,3744.060887640434
8049,3744.060884494535
8050,3744.0608853999306
8051,3744.060886245411
8052,3744.060888581349
8053,3744.060890848843
8054,3744.0608849777213
8055,3744.060890099893
8056,3744.0608860586735
8057,3744.060887576112
8058,3744.060888079323
8059,3744.060886579711
8060,3744.060889020136
8061,3744.06089100304
8062,3744.060882961313
8063,3744.060886800661
8064,3744.060889404819
8065,3744.0608866036064
8066,3744.0608931498064
8067,3744.0608877810687
8068,3744.0608876610295
8069,3744.0608910463834
8070,3744.0608901542937
8071,3744.060886411367
8072,3744.0608852819487
8073,3744.0608862865947
8074,3744.060883650496
8075,3744.060887943795
8076,3744.0608902156514
8077,3744.060891062634
8078,3744.060886714415
8079,3744.0608876861024
8080,3744.0608883092204
8081,3744.0608908290437
8082,3744.060888948564
8083,3744.060888778689
8084,3744.0608870040205
8085,3740.674840648788
8086,3740.6748406487886
8087,3740.6748406487886
8088,3740.6748406487886
8089,3740.6748406487914
8090,3740.6748406487895
8091,3740.6748406487895
8092,3740.6748406487886
8093,3740.6748406487886
8094,3740.6748388538085
8095,3740.674841571938
8096,3740.6748418410875
8097,3740.6748403143865
8098,3740.674838817
8099,3740.6748370988157
8100,3740.6748400088027
8101,3740.6748405485755
8102,3740.674842398993
8103,3740.6748382079204
8104,3740.674842237454
8105,3740.674838222722
8106,3740.6748404365107
8107,3740.6748404644777
8108,3740.674839894039
8109,3740.6748434182973
8110,3740.674841253224
8111,3740.6748389692884
8112,3740.6748414971516
8113,3740.6748421845546
8114,3740.674839576291
8115,3740.674844401975
8116,3740.674840124252
8117,3740.6748407790737
8118,3740.674842946749
8119,3740.674843734156
8120,3740.674839451338
8121,3740.6748404197288
8122,3740.674839035249
8123,3740.6748361330056
8124,3740.674841528239
8125,3740.6748438466357
8126,3740.674844175446
8127,3740.674839622279
8128,3740.674840246792
8129,3740.6748414272297
8130,3740.674843392859
8131,3740.674841668733
8132,3740.6748415629186
8133,3740.6748405873586
8134,3742.0446709237203
8135,3742.0446709237212
8136,3742.0446709237212
8137,3742.0446709237226
8138,3742.0446709237212
8139,3742.0446709237217
8140,3742.0446709237212
8141,3742.044670923724
8142,3742.0446709237212
8143,3742.0446744873043
8144,3742.0446671026075
8145,3742.044667786704
8146,3742.044670979514
8147,3742.0446615344636
8148,3742.0446728048573
8149,3742.0446649521796
8150,3742.044669406442
8151,3742.0446635596677
8152,3742.0446544509014
8153,3742.0446734991797
8154,3742.044665907991
8155,3742.044678357886
8156,3742.0446712386074
8157,3742.0446697193984
8158,3742.0446646474
8159,3742.0446879276788
8160,3742.0446447086074
8161,3742.0446613168046
8162,3742.0446680209297
8163,3742.044670679967
8164,3742.0446673566926
8165,3742.0446724865706
8166,3742.0446717370005
8167,3742.0446764968856
8168,3742.044663959741
8169,3742.04467025427
8170,3742.0446441264357
8171,3742.0446707682913
8172,3742.0446598618773
8173,3742.0446604311305
8174,3742.04466577912
8175,3742.044663887166
8176,3742.044682157174
8177,3742.044672517488
8178,3742.0446731719544
8179,3742.0446700713383
8180,3742.0446670639917
8181,3742.044672292387
8182,3742.044663768031
8183,3737.557214757963
8184,3737.5572147579614
8185,3737.557214757961
8186,3737.5572147579624
8187,3737.557214757962
8188,3737.5572147579614
8189,3737.5572147579614
8190,3737.5572147579605
8191,3737.55721475796
8192,3737.55721528082
8193,3737.557213382354
8194,3737.5572138094276
8195,3737.557214605642
8196,3737.557209321592
8197,3737.5572138468306
8198,3737.5572117389465
8199,3737.557213685649
8200,3737.5572121137884
8201,3737.557205836777
8202,3737.557216768623
8203,3737.557211163911
8204,3737.557218543208
8205,3737.5572147600287
8206,3737.557213812711
8207,3737.557213300848
8208,3737.5572230225634
8209,3737.5572019883166
8210,3737.5572106832146
8211,3737.5572140810355
8212,3737.5572140402755
8213,3737.557214965776
8214,3737.5572151746064
8215,3737.557215204991
8216,3737.557218586272
8217,3737.5572131492513
8218,3737.5572138032994
8219,3737.5572022163324
8220,3737.557213786376
8221,3737.5572075323894
8222,3737.557210394139
8223,3737.557214270538
8224,3737.557213217442
8225,3737.5572194250262
8226,3737.5572152713567
8227,3737.5572161954715
8228,3737.557215825266
8229,3737.5572135168804
8230,3737.5572159358403
8231,3737.557212194003
8232,3731.6328666387344
8233,3731.6328666387362
8234,3731.632866638735
8235,3731.6328666387326
8236,3731.632866638734
8237,3731.632866638735
8238,3731.632866638733
8239,3731.6328666387344
8240,3731.6328666387353
8241,3731.6328668342917
8242,3731.63286613342
8243,3731.6328660768195
8244,3731.632866471586
8245,3731.6328647502614
8246,3731.6328650443247
8247,3731.6328652316333
8248,3731.6328661806274
8249,3731.632865301924
8250,3731.632861524022
8251,3731.632868084388
8252,3731.632863399228
8253,3731.6328700299005
8254,3731.6328667052744
8255,3731.632866248595
8256,3731.632867071844
8257,3731.632869316452
8258,3731.632860481625
8259,3731.632866188078
8260,3731.6328667737253
8261,3731.632865741764
8262,3731.6328675894865
8263,3731.632866345092
8264,3731.6328672152827
8265,3731.632868373593
8266,3731.632867686215
8267,3731.632865729397
8268,3731.6328605379576
8269,3731.6328654962035
8270,3731.63286052856
8271,3731.6328646370757
8272,3731.6328678809114
8273,3731.6328673713197
8274,3731.632868687569
8275,3731.632866502228
8276,3731.632867918399
8277,3731.632868335974
8278,3731.632866724859
8279,3731.6328672238633
8280,3731.632864182824
8281,3720.7322553108975
8282,3720.732255310897
8283,3720.732255310896
8284,3720.732255310898
8285,3720.732255310897
8286,3720.7322553108947
8287,3720.732255310897
8288,3720.7322553108966
8289,3720.7322553108975
8290,3720.7322565926024
8291,3720.7322549910823
8292,3720.7322542533025
8293,3720.7322552152295
8294,3720.732257610699
8295,3720.7322541148915
8296,3720.7322554218404
8297,3720.732254094447
8298,3720.732254245766
8299,3720.7322545929874
8300,3720.7322563650514
8301,3720.7322529970093
8302,3720.7322610088504
8303,3720.732256145169
8304,3720.732255738294
8305,3720.7322571911764
8306,3720.7322524718907
8307,3720.7322573097827
8308,3720.732258416866
8309,3720.7322557440943
8310,3720.732253358257
8311,3720.732256551966
8312,3720.7322542906586
8313,3720.732256161041
8314,3720.732253385576
8315,3720.7322582618913
8316,3720.732254307047
8317,3720.7322551918323
8318,3720.7322541454623
8319,3720.732252104112
8320,3720.732256677353
8321,3720.7322591319944
8322,3720.732256865808
8323,3720.73225441835
8324,3720.732254566722
8325,3720.732255932877
8326,3720.7322569418798
8327,3720.732256665006
8328,3720.7322547503545
8329,3720.732253892073
8330,3705.325262787013
8331,3705.325262787015
8332,3705.3252627870133
8333,3705.3252627870143
8334,3705.325262787013
8335,3705.325262787011
8336,3705.325262787012
8337,3705.3252627870106
8338,3705.325262787012
8339,3705.325266600087
8340,3705.3252616934856
8341,3705.325261263607
8342,3705.325262802188
8343,3705.325267891277
8344,3705.3252630096486
8345,3705.325262229267
8346,3705.3252619915743
8347,3705.325262006345
8348,3705.3252638302915
8349,3705.32526405701
8350,3705.3252615304045
8351,3705.3252705391606
8352,3705.325264902306
8353,3705.3252636605503
8354,3705.3252647818485
8355,3705.3252574139565
8356,3705.3252686419546
8357,3705.3252670299894
8358,3705.3252639575353
8359,3705.3252596630673
8360,3705.3252641511313
8361,3705.3252617007174
8362,3705.325263718138
8363,3705.3252571637754
8364,3705.325266102163
8365,3705.325261504508
8366,3705.3252647854997
8367,3705.3252620963085
8368,3705.3252619987816
8369,3705.325266990864
8370,3705.3252677681166
8371,3705.3252638608137
8372,3705.3252606771166
8373,3705.325261973308
8374,3705.3252625689265
8375,3705.325264028823
8376,3705.3252645288826
8377,3705.325260894782
8378,3705.3252592172485
8379,3675.919104375242
8380,3675.9191043752417
8381,3675.9191043752417
8382,3675.919104375242
8383,3675.919104375242
8384,3675.919104375244
8385,3675.9191043752435
8386,3675.919104375243
8387,3675.9191043752435
8388,3675.919103190061
8389,3675.919101947713
8390,3675.919106601873
8391,3675.919104686145
8392,3675.919108762898
8393,3675.9191066356766
8394,3675.9191031303935
8395,3675.9191084522386
8396,3675.9191057001826
8397,3675.919104822994
8398,3675.919104931108
8399,3675.9191033868306
8400,3675.919105467855
8401,3675.919106946951
8402,3675.9191046140627
8403,3675.9191034152814
8404,3675.919094772884
8405,3675.9191048313014
8406,3675.919106559486
8407,3675.9191071190658
8408,3675.919101808527
8409,3675.9191096341538
8410,3675.9191029745925
8411,3675.919104745868
8412,3675.9191028622704
8413,3675.91911088098
8414,3675.91910316364
8415,3675.919110148733
8416,3675.9191046389005
8417,3675.9191000064725
8418,3675.9191045421408
8419,3675.9191076628704
8420,3675.919109190909
8421,3675.919102299791
8422,3675.9191030240268
8423,3675.9191036339116
8424,3675.9191084715226
8425,3675.919105714825
8426,3675.919102642488
8427,3675.9190981302163
8428,3705.4804343479714
8429,3705.480434347969
8430,3705.480434347969
8431,3705.48043434797
8432,3705.4804343479727
8433,3705.48043434797
8434,3705.480434347965
8435,3705.4804343479727
8436,3705.480434347971
8437,3705.4804517083794
8438,3705.480431670403
8439,3705.480425927518
8440,3705.480434504395
8441,3705.4804270197446
8442,3705.4804374228434
8443,3705.4804080455474
8444,3705.4804485258737
8445,3705.480422469468
8446,3705.4803955967554
8447,3705.4804421189624
8448,3705.480433695295
8449,3705.480416053099
8450,3705.4804455490075
8451,3705.4804351057546
8452,3705.4804245355504
8453,3705.480465814464
8454,3705.4803837408504
8455,3705.4804106818324
8456,3705.4804381170975
8457,3705.480429961229
8458,3705.480421680431
8459,3705.4804417971254
8460,3705.480434750615
8461,3705.480435256055
8462,3705.480405207294
8463,3705.480432712672
8464,3705.4803839334036
8465,3705.4804398671413
8466,3705.4804182543567
8467,3705.4804168267533
8468,3705.4804213835655
8469,3705.480411423624
8470,3705.480464281277
8471,3705.4804416496563
8472,3705.4804332745516
8473,3705.4804243488347
8474,3705.480418253675
8475,3705.480428690611
8476,3705.4803843762697
8477,3656.902222445813
8478,3656.9022224458117
8479,3656.9022224458117
8480,3656.9022224458113
8481,3656.9022224458154
8482,3656.902222445813
8483,3656.902222445812
8484,3656.9022224458145
8485,3656.902222445812
8486,3656.902229488145
8487,3656.9022194173176
8488,3656.9022195756597
8489,3656.902222804203
8490,3656.9022216385574
8491,3656.902226573629
8492,3656.902213854657
8493,3656.9022264407586
8494,3656.9022169675213
8495,3656.902210232458
8496,3656.902225456963
8497,3656.902221689782
8498,3656.902222452163
8499,3656.9022282983015
8500,3656.902222781321
8501,3656.9022177359
8502,3656.9022296138764
8503,3656.9022043912114
8504,3656.9022138878076
8505,3656.9022230882147
8506,3656.902218251532
8507,3656.9022209621626
8508,3656.9022238724374
8509,3656.902222889892
8510,3656.9022209153036
8511,3656.9022150200617
8512,3656.9022210902103
8513,3656.9022052734967
8514,3656.90222470258
8515,3656.90221549286
8516,3656.902216025285
8517,3656.9022199170595
8518,3656.9022153899714
8519,3656.9022309918005
8520,3656.9022240125414
8521,3656.9022215108416
8522,3656.9022205836764
8523,3656.9022180204174
8524,3656.9022195125353
8525,3656.9022053425333
8526,3634.4026710123962
8527,3634.402671012398
8528,3634.402671012396
8529,3634.4026710123962
8530,3634.4026710123944
8531,3634.4026710123976
8532,3634.4026710123953
8533,3634.4026710123953
8534,3634.4026710123962
8535,3634.4026769068632
8536,3634.4026711649276
8537,3634.4026609497296
8538,3634.402671286284
8539,3634.4026670985645
8540,3634.402676871554
8541,3634.402669991484
8542,3634.4026586020236
8543,3634.4026547276585
8544,3634.402659573755
8545,3634.4026738176085
8546,3634.4026713112617
8547,3634.4026846079896
8548,3634.4026770220407
8549,3634.4026731285167
8550,3634.4026696203455
8551,3634.4026814626823
8552,3634.402665466514
8553,3634.4026616224223
8554,3634.4026640354687
8555,3634.402664792759
8556,3634.4026624158123
8557,3634.4026717002926
8558,3634.402671880429
8559,3634.402668847688
8560,3634.4026571533414
8561,3634.402670335751
8562,3634.4026550014314
8563,3634.4026737464264
8564,3634.40267388934
8565,3634.402665614899
8566,3634.402674419104
8567,3634.402658552934
8568,3634.4026785072024
8569,3634.4026738118646
8570,3634.402669602357
8571,3634.402665650116
8572,3634.4026640974507
8573,3634.4026701180046
8574,3634.402683058461
8575,3618.7477671891315
8576,3618.7477671891315
8577,3618.747767189132
8578,3618.7477671891324
8579,3618.747767189134
8580,3618.7477671891315
8581,3618.7477671891315
8582,3618.7477671891306
8583,3618.747767189131
8584,3618.7477663819873
8585,3618.747768671822
8586,3618.747764821347
8587,3618.7477675264136
8588,3618.7477668668453
8589,3618.7477715997425
8590,3618.747765766377
8591,3618.7477657048125
8592,3618.747762925247
8593,3618.747762892824
8594,3618.747768605499
8595,3618.7477679880335
8596,3618.747765715904
8597,3618.7477713500484
8598,3618.747768010696
8599,3618.747765091285
8600,3618.747769928378
8601,3618.747762372384
8602,3618.7477616092197
8603,3618.7477654987565
8604,3618.74776242755
8605,3618.7477682544472
8606,3618.7477668194188
8607,3618.74776731903
8608,3618.747766871658
8609,3618.7477623490436
8610,3618.7477661615094
8611,3618.747762283988
8612,3618.747768888802
8613,3618.7477670966396
8614,3618.747762911421
8615,3618.7477686742423
8616,3618.747765518244
8617,3618.7477687916758
8618,3618.747767824638
8619,3618.7477654385348
8620,3618.7477675277923
8621,3618.747764141729
8622,3618.747764935074
8623,3618.7477666024433
8624,3611.6726023912547
8625,3611.672602391257
8626,3611.672602391255
8627,3611.672602391255
8628,3611.672602391255
8629,3611.672602391258
8630,3611.672602391257
8631,3611.6726023912565
8632,3611.6726023912543
8633,3611.672597835225
8634,3611.67260532477
8635,3611.6726040001868
8636,3611.672602784098
8637,3611.67260462628
8638,3611.6726061867394
8639,3611.6726004136412
8640,3611.672607292288
8641,3611.672605297406
8642,3611.6726025721373
8643,3611.6726028527105
8644,3611.6726036216
8645,3611.6725913194978
8646,3611.6726054471023
8647,3611.6726026442548
8648,3611.672599725727
8649,3611.6726022324965
8650,3611.6725974962933
8651,3611.6725979221073
8652,3611.672603386692
8653,3611.672598289831
8654,3611.6726087614416
8655,3611.672601359911
8656,3611.672602264646
8657,3611.672602848608
8658,3611.6726020353753
8659,3611.672601182649
8660,3611.6726022099865
8661,3611.6726031029884
8662,3611.6726011143755
8663,3611.672598482613
8664,3611.672602267775
8665,3611.6726062281205
8666,3611.6726006838144
8667,3611.6726017410683
8668,3611.672600365555
8669,3611.672605701827
8670,3611.672601693612
8671,3611.67259873243
8672,3611.6725933146245
8673,3604.077933094239
8674,3604.07793309424
8675,3604.0779330942405
8676,3604.0779330942414
8677,3604.0779330942423
8678,3604.077933094238
8679,3604.0779330942396
8680,3604.0779330942405
8681,3604.0779330942405
8682,3604.0779270767953
8683,3604.0779359411026
8684,3604.077935386742
8685,3604.077933558117
8686,3604.0779364560617
8687,3604.0779372586444
8688,3604.077933202183
8689,3604.0779376589103
8690,3604.077937077127
8691,3604.077936606821
8692,3604.0779327515393
8693,3604.0779345280744
8694,3604.0779222822275
8695,3604.077935739959
8696,3604.077933573989
8697,3604.0779305329597
8698,3604.077930496755
8699,3604.077930854497
8700,3604.0779299245737
8701,3604.07793309489
8702,3604.077928840242
8703,3604.077940959412
8704,3604.0779312824834
8705,3604.0779331545064
8706,3604.077933352447
8707,3604.0779353508015
8708,3604.07793194696
8709,3604.077936321161
8710,3604.0779331832296
8711,3604.077932383775
8712,3604.0779294938948
8713,3604.077933594466
8714,3604.077938620132
8715,3604.0779292403245
8716,3604.07793171065
8717,3604.077930890051
8718,3604.0779374307895
8719,3604.0779337331574
8720,3604.0779292112984
8721,3604.0779258271414
8722,3586.9169194942983
8723,3586.916919494299
8724,3586.9169194943006
8725,3586.916919494299
8726,3586.9169194942992
8727,3586.9169194942997
8728,3586.9169194943
8729,3586.916919494301
8730,3586.9169194943
8731,3586.9169151832393
8732,3586.9169246311703
8733,3586.9169268413734
8734,3586.9169197491947
8735,3586.9169239083612
8736,3586.91691459341
8737,3586.9169119169264
8738,3586.9169381052907
8739,3586.9169318023214
8740,3586.9169181754182
8741,3586.9169184110165
8742,3586.9169204044433
8743,3586.916884765259
8744,3586.9169211298486
8745,3586.9169218450234
8746,3586.9169226527692
8747,3586.9169157916003
8748,3586.916914971376
8749,3586.916916179267
8750,3586.916929994285
8751,3586.916918933711
8752,3586.916928462292
8753,3586.9169193176067
8754,3586.916920399865
8755,3586.9169243597544
8756,3586.9169280711694
8757,3586.91691899575
8758,3586.9169302837195
8759,3586.9169204842974
8760,3586.9169110407483
8761,3586.916921676654
8762,3586.916918770283
8763,3586.916931465958
8764,3586.9169202730604
8765,3586.916919413316
8766,3586.9169174390618
8767,3586.9169270862353
8768,3586.916918951856
8769,3586.9169143457198
8770,3586.9168895442585
8771,3571.289218054003
8772,3571.289218054002
8773,3571.289218053999
8774,3571.289218054
8775,3571.2892180540025
8776,3571.2892180540007
8777,3571.289218053999
8778,3571.289218054002
8779,3571.2892180540002
8780,3571.2892163662477
8781,3571.2892206758756
8782,3571.289216067952
8783,3571.289218292066
8784,3571.2892238526138
8785,3571.2892193037596
8786,3571.289232368907
8787,3571.28921042041
8788,3571.289216687128
8789,3571.289227085495
8790,3571.289214917345
8791,3571.2892192286035
8792,3571.2892208819617
8793,3571.289213434601
8794,3571.2892217292256
8795,3571.289226847336
8796,3571.2892104839393
8797,3571.2892359413904
8798,3571.289220219025
8799,3571.2892086820907
8800,3571.28921503372
8801,3571.2892215657857
8802,3571.2892143776503
8803,3571.289220433059
8804,3571.2892121232267
8805,3571.289227445292
8806,3571.289218273514
8807,3571.289233615603
8808,3571.2892157197707
8809,3571.289222161974
8810,3571.2892238796926
8811,3571.2892235397385
8812,3571.289227046409
8813,3571.289212177212
8814,3571.2892166816337
8815,3571.289215740916
8816,3571.2892232067124
8817,3571.2892207140894
8818,3571.289216235159
8819,3571.289231748158
8820,3559.550760242984
8821,3559.550760242983
8822,3559.550760242985
8823,3559.550760242983
8824,3559.5507602429834
8825,3559.5507602429816
8826,3559.5507602429834
8827,3559.550760242983
8828,3559.5507602429825
8829,3559.5507609820183
8830,3559.550760632154
8831,3559.55075851345
8832,3559.5507604646136
8833,3559.5507616409204
8834,3559.5507607338113
8835,3559.5507690678564
8836,3559.5507568098155
8837,3559.550756192406
8838,3559.550760543999
8839,3559.5507579725518
8840,3559.5507609313236
8841,3559.5507593821067
8842,3559.5507568897087
8843,3559.5507645100565
8844,3559.5507673221628
8845,3559.550759260507
8846,3559.550764784595
8847,3559.5507555279105
8848,3559.5507515950017
8849,3559.5507585314226
8850,3559.550760530513
8851,3559.550758171844
8852,3559.550762625053
8853,3559.5507583041226
8854,3559.5507645200296
8855,3559.5507607892982
8856,3559.550765249139
8857,3559.5507597889045
8858,3559.5507591477262
8859,3559.550760601342
8860,3559.550761567336
8861,3559.550763988495
8862,3559.550761168786
8863,3559.5507605137655
8864,3559.550758160961
8865,3559.550762619052
8866,3559.550758466698
8867,3559.550758665113
8868,3559.5507661119545
8869,3547.9812572420874
8870,3547.981257242087
8871,3547.9812572420856
8872,3547.9812572420865
8873,3547.9812572420865
8874,3547.9812572420874
8875,3547.981257242087
8876,3547.981257242087
8877,3547.9812572420856
8878,3547.9812605408115
8879,3547.9812575568026
8880,3547.9812556659735
8881,3547.981257350278
8882,3547.9812571675357
8883,3547.9812555699787
8884,3547.9812616059294
8885,3547.9812569285186
8886,3547.9812536162553
8887,3547.9812533744516
8888,3547.981256193487
8889,3547.9812576500417
8890,3547.981253560483
8891,3547.981255328469
8892,3547.981261407214
8893,3547.9812653850554
8894,3547.9812572763067
8895,3547.981259448118
8896,3547.981251410698
8897,3547.981252550763
8898,3547.9812561760054
8899,3547.9812561587833
8900,3547.981256398272
8901,3547.9812593208135
8902,3547.98125623329
8903,3547.9812595094995
8904,3547.981257610903
8905,3547.9812611844877
8906,3547.981258102559
8907,3547.9812548168284
8908,3547.9812596531297
8909,3547.9812582550167
8910,3547.981260169578
8911,3547.9812605972734
8912,3547.9812584280335
8913,3547.981255408931
8914,3547.981259002516
8915,3547.9812539300474
8916,3547.981255957953
8917,3547.981258199765
8918,3516.3771295145098
8919,3516.3771295145125
8920,3516.3771295145125
8921,3516.377129514512
8922,3516.3771295145125
8923,3516.3771295145107
8924,3516.377129514511
8925,3516.3771295145098
8926,3516.3771295145107
8927,3516.3771310088778
8928,3516.377126268481
8929,3516.3771283157357
8930,3516.3771296331292
8931,3516.3771232829854
8932,3516.3771281237237
8933,3516.3771295578913
8934,3516.377131827946
8935,3516.377122157336
8936,3516.377115221154
8937,3516.3771307019215
8938,3516.377129440855
8939,3516.377123390584
8940,3516.3771307515826
8941,3516.3771332305664
8942,3516.3771291911285
8943,3516.3771389000813
8944,3516.37711719976
8945,3516.377126829013
8946,3516.377124358986
8947,3516.3771306443596
8948,3516.3771244883847
8949,3516.3771309371755
8950,3516.3771312722347
8951,3516.377134126829
8952,3516.3771234756878
8953,3516.377129398391
8954,3516.377121047247
8955,3516.377129642904
8956,3516.3771223807344
8957,3516.377123228324
8958,3516.3771250723503
8959,3516.377127036366
8960,3516.377139515867
8961,3516.3771321445306
8962,3516.377127745938
8963,3516.3771274797245
8964,3516.3771221374877
8965,3516.3771286579204
8966,3516.3771192583436
8967,3497.3291411709906
8968,3497.3291411709915
8969,3497.3291411709924
8970,3497.329141170993
8971,3497.3291411709915
8972,3497.3291411709943
8973,3497.3291411709915
8974,3497.3291411709934
8975,3497.329141170992
8976,3497.3291444836714
8977,3497.32913553735
8978,3497.3291396447435
8979,3497.329141250364
8980,3497.32913478125
8981,3497.3291403360304
8982,3497.3291381021336
8983,3497.3291458978956
8984,3497.3291377446285
8985,3497.329131272846
8986,3497.3291427012673
8987,3497.329141172622
8988,3497.32914104039
8989,3497.329143445704
8990,3497.329144016437
8991,3497.3291409150015
8992,3497.3291497153773
8993,3497.329129667238
8994,3497.3291340197666
8995,3497.3291390527156
8996,3497.329141897009
8997,3497.3291378684016
8998,3497.3291421066133
8999,3497.3291421886433
9000,3497.329143244704
9001,3497.329135469573
9002,3497.3291405082923
9003,3497.3291323283497
9004,3497.3291400580056
9005,3497.3291373523343
9006,3497.329139867398
9007,3497.3291361675047
9008,3497.3291387608124
9009,3497.329147671257
9010,3497.329142661989
9011,3497.329139548841
9012,3497.329139651864
9013,3497.3291366933645
9014,3497.3291402406394
9015,3497.329132555278
9016,3518.1072329498434
9017,3518.1072329498397
9018,3518.1072329498465
9019,3518.107232949842
9020,3518.107232949842
9021,3518.107232949843
9022,3518.10723294984
9023,3518.107232949844
9024,3518.107232949841
9025,3518.107233327736
9026,3518.107228080359
9027,3518.10724477927
9028,3518.107233601494
9029,3518.107231774943
9030,3518.107220339126
9031,3518.107218052392
9032,3518.1072601723263
9033,3518.107242297615
9034,3518.1072165728365
9035,3518.1072355529177
9036,3518.107233276781
9037,3518.1071881813405
9038,3518.1072454222017
9039,3518.107234473584
9040,3518.1072187206864
9041,3518.1072357811613
9042,3518.107214638738
9043,3518.107256121384
9044,3518.107248683943
9045,3518.107238295763
9046,3518.107236338278
9047,3518.1072360669614
9048,3518.107234600599
9049,3518.1072504600306
9050,3518.1072335343542
9051,3518.107231280824
9052,3518.1072340436376
9053,3518.107232669554
9054,3518.1072179336306
9055,3518.1072253698467
9056,3518.107226124356
9057,3518.107237550452
9058,3518.1072407836086
9059,3518.1072342145862
9060,3518.107230410302
9061,3518.1072347923355
9062,3518.1072293316156
9063,3518.107227103063
9064,3518.107169672478
9065,3488.582438707708
9066,3488.582438707709
9067,3488.582438707709
9068,3488.582438707709
9069,3488.5824387077087
9070,3488.5824387077073
9071,3488.5824387077087
9072,3488.582438707708
9073,3488.5824387077064
9074,3488.5824405446288
9075,3488.582433624232
9076,3488.582441237406
9077,3488.5824389578447
9078,3488.5824344061543
9079,3488.5824345799665
9080,3488.582433127113
9081,3488.582449394051
9082,3488.5824388981328
9083,3488.5824275396058
9084,3488.582440553004
9085,3488.5824388429446
9086,3488.5824264147404
9087,3488.582443690318
9088,3488.582441084775
9089,3488.582434676821
9090,3488.5824441029717
9091,3488.5824272018126
9092,3488.582442625951
9093,3488.5824415779525
9094,3488.5824407896007
9095,3488.582437687258
9096,3488.582440199197
9097,3488.5824399015396
9098,3488.582444209263
9099,3488.582435763942
9100,3488.5824376433957
9101,3488.5824348477718
9102,3488.582437811463
9103,3488.5824317716374
9104,3488.582436299722
9105,3488.582433653461
9106,3488.5824395940786
9107,3488.582445082686
9108,3488.5824399866883
9109,3488.582436783334
9110,3488.5824389063646
9111,3488.5824348212655
9112,3488.5824364819714
9113,3488.582414873758
9114,3473.9437454911767
9115,3473.943745491176
9116,3473.943745491176
9117,3473.9437454911767
9118,3473.943745491177
9119,3473.943745491177
9120,3473.9437454911767
9121,3473.9437454911767
9122,3473.943745491176
9123,3473.943746013915
9124,3473.943740531964
9125,3473.943746904045
9126,3473.9437458560124
9127,3473.943742304535
9128,3473.943743512221
9129,3473.943742944962
9130,3473.943750899183
9131,3473.9437451426766
9132,3473.9437411398403
9133,3473.943746672058
9134,3473.9437461128064
9135,3473.9437424970365
9136,3473.9437508585515
9137,3473.9437471174588
9138,3473.9437414536314
9139,3473.943747079454
9140,3473.94374055489
9141,3473.94375064513
9142,3473.943746762228
9143,3473.943745799449
9144,3473.943746657562
9145,3473.943745471754
9146,3473.943746375247
9147,3473.9437478731093
9148,3473.9437441283167
9149,3473.9437442218264
9150,3473.9437453639243
9151,3473.9437441315017
9152,3473.943742579123
9153,3473.9437446930365
9154,3473.9437419120954
9155,3473.943747631958
9156,3473.943746955689
9157,3473.943745337908
9158,3473.9437433964094
9159,3473.943746643432
9160,3473.943744453937
9161,3473.943743544325
9162,3473.943732723157
9163,3457.7786885007563
9164,3457.778688500758
9165,3457.778688500758
9166,3457.778688500755
9167,3457.7786885007567
9168,3457.778688500755
9169,3457.7786885007536
9170,3457.778688500758
9171,3457.778688500758
9172,3457.778688410065
9173,3457.7786845257497
9174,3457.7786899953553
9175,3457.7786888605247
9176,3457.778684558625
9177,3457.778684568454
9178,3457.7786846078484
9179,3457.7786927018797
9180,3457.778687613522
9181,3457.778687404518
9182,3457.7786889507925
9183,3457.7786896021908
9184,3457.778689508051
9185,3457.778695469644
9186,3457.7786896178313
9187,3457.778685008664
9188,3457.778692346349
9189,3457.7786826343345
9190,3457.7786899856305
9191,3457.778690032517
9192,3457.778687896356
9193,3457.7786902496728
9194,3457.778687496462
9195,3457.7786892290287
9196,3457.7786925926603
9197,3457.7786854697524
9198,3457.778687337108
9199,3457.778684568397
9200,3457.7786869980932
9201,3457.778686825212
9202,3457.778685670348
9203,3457.778682700799
9204,3457.778688103313
9205,3457.7786877944504
9206,3457.778687435382
9207,3457.7786861880386
9208,3457.778688361205
9209,3457.7786886355175
9210,3457.778686005927
9211,3457.7786806366717
9212,3434.371552245908
9213,3434.371552245907
9214,3434.371552245908
9215,3434.3715522459065
9216,3434.3715522459065
9217,3434.371552245907
9218,3434.3715522459056
9219,3434.371552245907
9220,3434.371552245908
9221,3434.3715546292583
9222,3434.371549212083
9223,3434.371550407064
9224,3434.3715525214516
9225,3434.3715473975117
9226,3434.371550312129
9227,3434.3715497779012
9228,3434.37154937376
9229,3434.371547171932
9230,3434.3715549686376
9231,3434.3715511172713
9232,3434.371553118498
9233,3434.371569190704
9234,3434.371553614223
9235,3434.371553690633
9236,3434.3715568954267
9237,3434.3715542322684
9238,3434.3715542121977
9239,3434.371543498889
9240,3434.3715533232007
9241,3434.3715510267825
9242,3434.371552552162
9243,3434.371549378275
9244,3434.3715526312544
9245,3434.371550708942
9246,3434.371550098007
9247,3434.3715519727175
9248,3434.3715502329214
9249,3434.371553607699
9250,3434.3715550312972
9251,3434.3715526010305
9252,3434.371548050157
9253,3434.371552382691
9254,3434.3715501247943
9255,3434.3715503997146
9256,3434.3715504674674
9257,3434.371552576982
9258,3434.3715527835166
9259,3434.371551677373
9260,3434.3715656630266
9261,3419.1067585737505
9262,3419.1067585737487
9263,3419.1067585737487
9264,3419.106758573749
9265,3419.106758573749
9266,3419.1067585737487
9267,3419.106758573749
9268,3419.106758573749
9269,3419.10675857375
9270,3419.1067598274585
9271,3419.1067568422277
9272,3419.106759418037
9273,3419.106758993234
9274,3419.1067536821965
9275,3419.1067538632788
9276,3419.106752981739
9277,3419.1067583148056
9278,3419.106753841766
9279,3419.1067580345853
9280,3419.106756819552
9281,3419.106759077681
9282,3419.106765286638
9283,3419.106758908394
9284,3419.1067604340874
9285,3419.10676252597
9286,3419.106761741625
9287,3419.1067584761677
9288,3419.1067531643685
9289,3419.1067626559384
9290,3419.1067586673935
9291,3419.106758476221
9292,3419.1067557710617
9293,3419.1067594735146
9294,3419.1067605705184
9295,3419.106757449812
9296,3419.1067588546084
9297,3419.106756739755
9298,3419.1067615411143
9299,3419.1067576205583
9300,3419.1067553559533
9301,3419.106754650863
9302,3419.106758984753
9303,3419.106758448444
9304,3419.1067568993994
9305,3419.106756903907
9306,3419.1067586396093
9307,3419.1067578199577
9308,3419.106757879319
9309,3419.106763967191
9310,3398.7904224289114
9311,3398.790422428913
9312,3398.790422428913
9313,3398.7904224289123
9314,3398.790422428911
9315,3398.7904224289123
9316,3398.7904224289123
9317,3398.790422428914
9318,3398.7904224289123
9319,3398.790422019194
9320,3398.790422363235
9321,3398.7904246993594
9322,3398.790423111048
9323,3398.7904203058533
9324,3398.7904191845173
9325,3398.7904185344964
9326,3398.790422161854
9327,3398.790418755949
9328,3398.790422011492
9329,3398.790419538803
9330,3398.7904228941625
9331,3398.7904214484324
9332,3398.790419327585
9333,3398.7904247453253
9334,3398.7904254118075
9335,3398.790423097463
9336,3398.7904260896903
9337,3398.7904227184035
9338,3398.7904261825033
9339,3398.7904232765195
9340,3398.7904231602997
9341,3398.7904189733363
9342,3398.790424135052
9343,3398.790423588182
9344,3398.790425581114
9345,3398.7904231685447
9346,3398.7904259443153
9347,3398.790425783573
9348,3398.790420049474
9349,3398.790418185533
9350,3398.790421346165
9351,3398.790426306408
9352,3398.7904225878906
9353,3398.7904203582493
9354,3398.790420742692
9355,3398.7904240780103
9356,3398.7904218014987
9357,3398.7904216400525
9358,3398.7904233278955
9359,3379.0325344866746
9360,3379.0325344866746
9361,3379.0325344866733
9362,3379.032534486675
9363,3379.0325344866756
9364,3379.032534486675
9365,3379.032534486676
9366,3379.032534486675
9367,3379.032534486675
9368,3379.032534306472
9369,3379.03253449645
9370,3379.0325361071787
9371,3379.0325353265953
9372,3379.0325346278632
9373,3379.032534287736
9374,3379.032534136565
9375,3379.0325311249803
9376,3379.0325289570865
9377,3379.032533047095
9378,3379.032531997345
9379,3379.032535580188
9380,3379.0325358549567
9381,3379.0325294452286
9382,3379.032536053307
9383,3379.032534021323
9384,3379.0325387703433
9385,3379.032539084855
9386,3379.0325407454466
9387,3379.03253147037
9388,3379.032534494121
9389,3379.032533598533
9390,3379.032530830307
9391,3379.0325368330023
9392,3379.032531392386
9393,3379.0325347396197
9394,3379.0325349505492
9395,3379.032532698353
9396,3379.0325358130717
9397,3379.0325344976786
9398,3379.032527837693
9399,3379.0325341179214
9400,3379.0325352049654
9401,3379.0325349858385
9402,3379.032532181464
9403,3379.0325323582692
9404,3379.0325340377176
9405,3379.032533229921
9406,3379.0325331268305
9407,3379.0325338584753
9408,3395.018845178641
9409,3395.018845178641
9410,3395.01884517864
9411,3395.0188451786403
9412,3395.0188451786407
9413,3395.0188451786407
9414,3395.0188451786407
9415,3395.0188451786403
9416,3395.018845178641
9417,3395.018843651765
9418,3395.0188472233017
9419,3395.018855008511
9420,3395.0188468422402
9421,3395.0188517698016
9422,3395.018840768308
9423,3395.0188233815506
9424,3395.0188729408883
9425,3395.0188698745383
9426,3395.0188464146454
9427,3395.018841668434
9428,3395.0188457588956
9429,3395.0187970938355
9430,3395.0188429352943
9431,3395.018847572298
9432,3395.018838544507
9433,3395.0188399034027
9434,3395.01883657072
9435,3395.018847715258
9436,3395.0188732269808
9437,3395.0188456770447
9438,3395.0188553677776
9439,3395.018842180133
9440,3395.0188468384813
9441,3395.0188512382183
9442,3395.018855944212
9443,3395.01884624514
9444,3395.0188513547337
9445,3395.018842094925
9446,3395.018840060562
9447,3395.018849817755
9448,3395.018844743101
9449,3395.0188533740015
9450,3395.018843249722
9451,3395.0188417445192
9452,3395.018843949514
9453,3395.018847511521
9454,3395.01884838575
9455,3395.0188400656134
9456,3395.018798740919
9457,3365.404161988102
9458,3365.4041619881
9459,3365.4041619881
9460,3365.4041619880986
9461,3365.4041619881
9462,3365.4041619881027
9463,3365.4041619881023
9464,3365.404161988101
9465,3365.4041619880995
9466,3365.404161181618
9467,3365.404162299723
9468,3365.40416723925
9469,3365.4041631499185
9470,3365.4041645807324
9471,3365.404160536989
9472,3365.404153956573
9473,3365.4041712145554
9474,3365.404168929279
9475,3365.404162832078
9476,3365.4041590273664
9477,3365.4041629423477
9478,3365.4041452796937
9479,3365.4041584629013
9480,3365.404163692272
9481,3365.4041585865652
9482,3365.4041618576907
9483,3365.4041621979973
9484,3365.4041665814407
9485,3365.4041708178174
9486,3365.4041621220003
9487,3365.404166295779
9488,3365.404158523258
9489,3365.404163821715
9490,3365.4041627169713
9491,3365.4041674221035
9492,3365.4041625994905
9493,3365.4041647055833
9494,3365.4041614547186
9495,3365.404159846031
9496,3365.404160464993
9497,3365.404161719187
9498,3365.4041665396585
9499,3365.404160881395
9500,3365.4041590157467
9501,3365.4041602305124
9502,3365.4041632343146
9503,3365.404163088793
9504,3365.4041592204135
9505,3365.4041439364355
9506,3352.1349742385637
9507,3352.1349742385637
9508,3352.1349742385623
9509,3352.134974238562
9510,3352.1349742385605
9511,3352.134974238562
9512,3352.134974238562
9513,3352.1349742385637
9514,3352.1349742385637
9515,3352.1349735393496
9516,3352.1349743473697
9517,3352.1349760377366
9518,3352.134975365997
9519,3352.1349762984755
9520,3352.1349774113996
9521,3352.1349725014743
9522,3352.134975828796
9523,3352.1349765648997
9524,3352.1349763264056
9525,3352.1349718710017
9526,3352.134975727363
9527,3352.1349724825545
9528,3352.134969460476
9529,3352.134975032763
9530,3352.1349697380215
9531,3352.1349770275274
9532,3352.134976159792
9533,3352.134977637154
9534,3352.134973409384
9535,3352.13497257466
9536,3352.1349763057606
9537,3352.1349704097165
9538,3352.134975948266
9539,3352.134970181416
9540,3352.1349754552525
9541,3352.134974524055
9542,3352.134971136812
9543,3352.134971612695
9544,3352.1349769109083
9545,3352.134972206145
9546,3352.1349742335797
9547,3352.134975085805
9548,3352.134972499123
9549,3352.1349711316916
9550,3352.1349722127716
9551,3352.1349733921056
9552,3352.1349749643296
9553,3352.1349720484914
9554,3352.1349689009294
9555,3343.161285291172
9556,3343.161285291172
9557,3343.1612852911726
9558,3343.161285291172
9559,3343.1612852911708
9560,3343.161285291173
9561,3343.161285291172
9562,3343.1612852911735
9563,3343.1612852911726
9564,3343.161284389157
9565,3343.161285468312
9566,3343.1612852092267
9567,3343.1612863674036
9568,3343.1612846371054
9569,3343.1612898290523
9570,3343.16128494278
9571,3343.1612837350804
9572,3343.1612861917174
9573,3343.161287618654
9574,3343.1612833312174
9575,3343.1612865378493
9576,3343.1612912538703
9577,3343.1612810555666
9578,3343.161285973756
9579,3343.1612814380774
9580,3343.161289691369
9581,3343.161285994606
9582,3343.161283763411
9583,3343.1612816655024
9584,3343.161282830599
9585,3343.1612862996194
9586,3343.1612817168343
9587,3343.161286359802
9588,3343.1612815620474
9589,3343.1612838910232
9590,3343.1612857261835
9591,3343.161279144443
9592,3343.1612819376783
9593,3343.1612895026383
9594,3343.1612846419616
9595,3343.161285017637
9596,3343.161284159288
9597,3343.1612834210982
9598,3343.161282578231
9599,3343.161283569666
9600,3343.161282998097
9601,3343.161285499272
9602,3343.161284302199
9603,3343.161288800499
9604,3334.8481037848096
9605,3334.848103784811
9606,3334.848103784809
9607,3334.8481037848114
9608,3334.8481037848114
9609,3334.8481037848114
9610,3334.8481037848096
9611,3334.8481037848123
9612,3334.8481037848096
9613,3334.8481034569218
9614,3334.8481043234283
9615,3334.848102922213
9616,3334.8481048589533
9617,3334.8481011039607
9618,3334.8481078713316
9619,3334.848103295064
9620,3334.848101425614
9621,3334.8481044717714
9622,3334.8481045111403
9623,3334.848102077884
9624,3334.8481042847784
9625,3334.8481098864486
9626,3334.848099607129
9627,3334.848105125799
9628,3334.8481014890594
9629,3334.848108563286
9630,3334.8481030056405
9631,3334.848099690151
9632,3334.848100324506
9633,3334.8481017634763
9634,3334.848103844746
9635,3334.8481009452735
9636,3334.848104588651
9637,3334.8481018622006
9638,3334.848101560424
9639,3334.848104692043
9640,3334.848097293206
9641,3334.8481004816676
9642,3334.8481072265886
9643,3334.8481049133984
9644,3334.8481034106658
9645,3334.848102316422
9646,3334.848102878897
9647,3334.8481020081254
9648,3334.8481026637523
9649,3334.848100577143
9650,3334.8481029802965
9651,3334.8481040796764
9652,3334.8481097534604
9653,3319.779733144209
9654,3319.77973314421
9655,3319.7797331442084
9656,3319.779733144208
9657,3319.7797331442084
9658,3319.779733144208
9659,3319.7797331442093
9660,3319.779733144209
9661,3319.779733144208
9662,3319.779733371737
9663,3319.7797332606942
9664,3319.7797330635494
9665,3319.779734314402
9666,3319.7797309907296
9667,3319.779735804824
9668,3319.77973345272
9669,3319.779731158238
9670,3319.779734764207
9671,3319.7797331755373
9672,3319.7797326308455
9673,3319.7797329405566
9674,3319.7797349386374
9675,3319.7797325360402
9676,3319.779734497635
9677,3319.7797287974854
9678,3319.7797351267704
9679,3319.7797328252987
9680,3319.779738813125
9681,3319.7797306285233
9682,3319.7797316648557
9683,3319.779734371938
9684,3319.7797316076953
9685,3319.7797337625493
9686,3319.779732539366
9687,3319.779731274679
9688,3319.7797338341597
9689,3319.7797301898863
9690,3319.7797299608574
9691,3319.7797343923294
9692,3319.7797347461665
9693,3319.7797325375595
9694,3319.7797332610826
9695,3319.7797319210244
9696,3319.7797320899767
9697,3319.7797325575457
9698,3319.779730323912
9699,3319.779732844916
9700,3319.779733723378
9701,3319.77973233337
9702,3307.1228390020997
9703,3307.122839002102
9704,3307.122839002103
9705,3307.1228390021024
9706,3307.1228390021042
9707,3307.1228390021015
9708,3307.1228390021015
9709,3307.122839002101
9710,3307.1228390021015
9711,3307.122841117206
9712,3307.1228413733006
9713,3307.1228367674603
9714,3307.1228402183956
9715,3307.122834689045
9716,3307.1228387210363
9717,3307.122838031971
9718,3307.1228373940985
9719,3307.1228379995446
9720,3307.1228329556243
9721,3307.1228385184527
9722,3307.1228355451553
9723,3307.122836261775
9724,3307.122835424756
9725,3307.122842619857
9726,3307.1228416046115
9727,3307.1228412735627
9728,3307.1228385426402
9729,3307.1228376124764
9730,3307.12283900163
9731,3307.1228411857583
9732,3307.122835535781
9733,3307.1228387912247
9734,3307.122840514513
9735,3307.1228425086747
9736,3307.1228378453307
9737,3307.1228412569403
9738,3307.122838099911
9739,3307.1228378036967
9740,3307.122835094075
9741,3307.122842587815
9742,3307.122838643593
9743,3307.1228396616416
9744,3307.122842347213
9745,3307.1228401959424
9746,3307.1228407594026
9747,3307.122835181829
9748,3307.122835917175
9749,3307.1228424894057
9750,3307.122840501696
9751,3293.9422393332297
9752,3293.9422393332293
9753,3293.9422393332293
9754,3293.942239333229
9755,3293.9422393332293
9756,3293.9422393332293
9757,3293.9422393332284
9758,3293.942239333228
9759,3293.942239333228
9760,3293.942241210578
9761,3293.9422418105387
9762,3293.942236528104
9763,3293.9422404044226
9764,3293.9422366975705
9765,3293.942239889864
9766,3293.9422399430455
9767,3293.9422382288126
9768,3293.9422391979037
9769,3293.9422376607345
9770,3293.9422393526975
9771,3293.9422373526836
9772,3293.9422410934626
9773,3293.942237564761
9774,3293.9422419710686
9775,3293.942242753627
9776,3293.9422397557914
9777,3293.9422420185283
9778,3293.9422379222715
9779,3293.942238291342
9780,3293.9422406646077
9781,3293.942237632994
9782,3293.9422388381936
9783,3293.942240102676
9784,3293.9422409389304
9785,3293.942238851711
9786,3293.9422406906942
9787,3293.94224079279
9788,3293.942239037292
9789,3293.9422379568823
9790,3293.9422437191433
9791,3293.942239578393
9792,3293.942240725675
9793,3293.9422403151375
9794,3293.942239740637
9795,3293.9422402059276
9796,3293.9422372838217
9797,3293.9422386763795
9798,3293.9422411359847
9799,3293.942243226378
9800,3284.784834509459
9801,3284.7848345094567
9802,3284.7848345094603
9803,3284.784834509458
9804,3284.784834509459
9805,3284.78483450946
9806,3284.7848345094612
9807,3284.7848345094585
9808,3284.7848345094576
9809,3284.7848322420205
9810,3284.7848333844927
9811,3284.7848349581095
9812,3284.784835641577
9813,3284.784833482429
9814,3284.7848328892032
9815,3284.784832102827
9816,3284.784840845981
9817,3284.7848354192297
9818,3284.784830565189
9819,3284.784835720188
9820,3284.784833094278
9821,3284.784826075798
9822,3284.784837646192
9823,3284.7848371014434
9824,3284.7848342956577
9825,3284.784835573718
9826,3284.7848319292216
9827,3284.784837076224
9828,3284.784836587883
9829,3284.7848375162057
9830,3284.784832714284
9831,3284.7848348675407
9832,3284.784834709609
9833,3284.7848410571114
9834,3284.7848345100865
9835,3284.7848349447454
9836,3284.784834699504
9837,3284.784835376936
9838,3284.7848295841845
9839,3284.7848322036725
9840,3284.7848349550004
9841,3284.784833629483
9842,3284.7848357058124
9843,3284.784834917702
9844,3284.7848350102076
9845,3284.784832698354
9846,3284.784834863225
9847,3284.784833809699
9848,3284.7848238378547
9849,3281.0871395268477
9850,3281.0871395268487
9851,3281.0871395268477
9852,3281.0871395268473
9853,3281.0871395268487
9854,3281.0871395268487
9855,3281.0871395268496
9856,3281.0871395268496
9857,3281.0871395268487
9858,3281.0871374277663
9859,3281.087141459304
9860,3281.0871366423294
9861,3281.087140583395
9862,3281.087139481262
9863,3281.0871430395955
9864,3281.0871433333386
9865,3281.087138498763
9866,3281.087138936965
9867,3281.0871430794086
9868,3281.0871403218102
9869,3281.0871395825943
9870,3281.0871445726884
9871,3281.0871412734814
9872,3281.0871407407876
9873,3281.087139733016
9874,3281.0871387212233
9875,3281.087142776485
9876,3281.0871404170566
9877,3281.0871347740162
9878,3281.0871397652927
9879,3281.087139113475
9880,3281.0871385485725
9881,3281.0871393062607
9882,3281.087140421607
9883,3281.087139879754
9884,3281.0871396358402
9885,3281.0871409707934
9886,3281.0871396187736
9887,3281.087140672093
9888,3281.087139378916
9889,3281.087140739587
9890,3281.0871400627775
9891,3281.0871377127833
9892,3281.0871386128783
9893,3281.087139195967
9894,3281.087139174085
9895,3281.0871422568644
9896,3281.087138546922
9897,3281.087144142535
9898,3279.6601772201575
9899,3279.6601772201575
9900,3279.6601772201566
9901,3279.6601772201575
9902,3279.6601772201584
9903,3279.660177220158
9904,3279.6601772201584
9905,3279.6601772201575
9906,3279.660177220158
9907,3279.660175313387
9908,3279.6601785362154
9909,3279.660175039512
9910,3279.6601782920243
9911,3279.6601771488986
9912,3279.6601797901367
9913,3279.6601792786805
9914,3279.6601779887715
9915,3279.6601773807156
9916,3279.660179540339
9917,3279.660178039392
9918,3279.6601770939524
9919,3279.6601792928423
9920,3279.6601788746943
9921,3279.660178620123
9922,3279.660177333419
9923,3279.660176984965
9924,3279.660178980954
9925,3279.6601778048725
9926,3279.6601741599998
9927,3279.6601777077735
9928,3279.6601767146485
9929,3279.6601764031334
9930,3279.660177113885
9931,3279.660178788618
9932,3279.66017744669
9933,3279.660177370408
9934,3279.660177872439
9935,3279.6601773204866
9936,3279.660177543271
9937,3279.660176774226
9938,3279.6601783004867
9939,3279.66017724797
9940,3279.6601758497427
9941,3279.6601764392362
9942,3279.6601769830754
9943,3279.6601764973693
9944,3279.6601795753827
9945,3279.660176156461
9946,3279.6601785126627
9947,3275.7805777474177
9948,3275.7805777474186
9949,3275.7805777474177
9950,3275.780577747416
9951,3275.7805777474177
9952,3275.780577747417
9953,3275.7805777474177
9954,3275.780577747418
9955,3275.780577747418
9956,3275.780576639012
9957,3275.780577989743
9958,3275.7805765316816
9959,3275.7805788316805
9960,3275.780577725436
9961,3275.7805788440655
9962,3275.7805769497695
9963,3275.7805809966403
9964,3275.7805786645476
9965,3275.780577826417
9966,3275.7805787245334
9967,3275.780577299705
9968,3275.780575358326
9969,3275.7805790541024
9970,3275.7805793058787
9971,3275.7805777817475
9972,3275.7805788508967
9973,3275.7805767208206
9974,3275.780577952475
9975,3275.780576936095
9976,3275.780578447626
9977,3275.7805767794844
9978,3275.7805772125694
9979,3275.7805779182436
9980,3275.7805796467314
9981,3275.780577196313
9982,3275.7805779238474
9983,3275.780576145947
9984,3275.7805778599427
9985,3275.780576993765
9986,3275.780576598005
9987,3275.780578535435
9988,3275.7805763390497
9989,3275.7805772223874
9990,3275.780577184669
9991,3275.7805776779323
9992,3275.780576171842
9993,3275.78057934701
9994,3275.780576517362
9995,3275.780573733666
9996,3270.00262309521
9997,3270.002623095209
9998,3270.0026230952108
9999,3270.0026230952094
10000,3270.0026230952085
10001,3270.0026230952094
10002,3270.0026230952103
10003,3270.0026230952094
10004,3270.002623095208
10005,3270.0026232626524
10006,3270.002622336573
10007,3270.002622452865
10008,3270.0026241651385
10009,3270.0026233279227
10010,3270.002623049674
10011,3270.002619817631
10012,3270.0026280540046
10013,3270.0026242472813
10014,3270.0026214289483
10015,3270.002624347831
10016,3270.002622377
10017,3270.002617393119
10018,3270.0026240383913
10019,3270.0026246210778
10020,3270.0026233111666
10021,3270.0026252101343
10022,3270.0026195334144
10023,3270.002623083032
10024,3270.002624005612
10025,3270.0026237699026
10026,3270.0026216327433
10027,3270.002622813299
10028,3270.0026235292316
10029,3270.0026243290954
10030,3270.0026215303
10031,3270.002623208045
10032,3270.0026192019664
10033,3270.002623398025
10034,3270.002621780719
10035,3270.002621331674
10036,3270.002623598867
10037,3270.002620139936
10038,3270.002623204307
10039,3270.002622684081
10040,3270.0026231847455
10041,3270.00262086555
10042,3270.002624125717
10043,3270.0026216441615
10044,3270.0026149326195
10045,3260.2927437233643
10046,3260.2927437233648
10047,3260.292743723366
10048,3260.2927437233657
10049,3260.2927437233666
10050,3260.2927437233657
10051,3260.2927437233666
10052,3260.2927437233648
10053,3260.2927437233648
10054,3260.292745494993
10055,3260.292742069071
10056,3260.292744146895
10057,3260.292744766976
10058,3260.2927443170706
10059,3260.2927419774196
10060,3260.2927359915375
10061,3260.2927521506654
10062,3260.2927470916325
10063,3260.292741435947
10064,3260.2927451905925
10065,3260.2927426277774
10066,3260.2927316056584
10067,3260.2927447058223
10068,3260.292745274564
10069,3260.292744570873
10070,3260.292744973997
10071,3260.2927369092154
10072,3260.29274277828
10073,3260.2927496355774
10074,3260.292744108675
10075,3260.2927432635033
10076,3260.292743698604
10077,3260.292744180404
10078,3260.292744713647
10079,3260.292742204167
10080,3260.292743742107
10081,3260.292739655662
10082,3260.292744673019
10083,3260.2927415481377
10084,3260.2927426148044
10085,3260.292743963142
10086,3260.2927402769487
10087,3260.2927437109374
10088,3260.292743322506
10089,3260.2927441104766
10090,3260.292741741252
10091,3260.292744898623
10092,3260.292742072514
10093,3260.292730134508
10094,3257.767268496218
10095,3257.7672684962176
10096,3257.7672684962167
10097,3257.7672684962176
10098,3257.7672684962154
10099,3257.767268496219
10100,3257.767268496219
10101,3257.767268496217
10102,3257.7672684962163
10103,3257.767270454921
10104,3257.7672653053487
10105,3257.767266902537
10106,3257.7672694132884
10107,3257.767267116227
10108,3257.7672692081997
10109,3257.7672699510968
10110,3257.7672639763914
10111,3257.767258275605
10112,3257.767262232325
10113,3257.7672704893157
10114,3257.767266499455
10115,3257.7672719609027
10116,3257.7672687450795
10117,3257.767269447974
10118,3257.767269227864
10119,3257.767272837867
10120,3257.767263570194
10121,3257.767270629943
10122,3257.767260831468
10123,3257.767269647086
10124,3257.7672621478478
10125,3257.767268723723
10126,3257.767269600913
10127,3257.7672650995196
10128,3257.7672621476117
10129,3257.7672686467818
10130,3257.7672590627694
10131,3257.767270192884
10132,3257.767266559092
10133,3257.767261441878
10134,3257.7672676832008
10135,3257.7672611956423
10136,3257.767270557437
10137,3257.7672690228846
10138,3257.7672695065
10139,3257.767264792124
10140,3257.7672661775546
10141,3257.7672688396383
10142,3257.7672705162126
10143,3244.6729143838775
10144,3244.672914383877
10145,3244.6729143838797
10146,3244.6729143838793
10147,3244.67291438388
10148,3244.672914383879
10149,3244.6729143838784
10150,3244.6729143838784
10151,3244.6729143838766
10152,3244.672916780876
10153,3244.672912153786
10154,3244.6729143092743
10155,3244.6729152874736
10156,3244.672913692335
10157,3244.6729136421973
10158,3244.6729093124077
10159,3244.6729176747826
10160,3244.672913515519
10161,3244.6729128994994
10162,3244.672915904335
10163,3244.672912819077
10164,3244.672908656694
10165,3244.672915478944
10166,3244.6729155501343
10167,3244.6729158587577
10168,3244.6729143123903
10169,3244.6729085970373
10170,3244.672913322686
10171,3244.672917200532
10172,3244.6729141284295
10173,3244.6729135561477
10174,3244.672914234983
10175,3244.67291470936
10176,3244.6729128636043
10177,3244.6729122198353
10178,3244.6729144064084
10179,3244.672911034587
10180,3244.6729162013085
10181,3244.6729127309486
10182,3244.6729125189
10183,3244.6729139979166
10184,3244.672910695121
10185,3244.6729137830494
10186,3244.6729139736494
10187,3244.6729152103485
10188,3244.67291326732
10189,3244.6729151025183
10190,3244.6729141914802
10191,3244.672910554876
10192,3240.218303857986
10193,3240.218303857983
10194,3240.218303857983
10195,3240.2183038579847
10196,3240.218303857986
10197,3240.218303857986
10198,3240.2183038579833
10199,3240.2183038579847
10200,3240.218303857985
10201,3240.218306064434
10202,3240.218302636502
10203,3240.2183036904325
10204,3240.218304722496
10205,3240.2183032017315
10206,3240.2183035581374
10207,3240.218299756811
10208,3240.218306695713
10209,3240.2183043140367
10210,3240.2183047500907
10211,3240.2183050920967
10212,3240.2183025427094
10213,3240.2182999540073
10214,3240.2183055026853
10215,3240.218304922067
10216,3240.218305546874
10217,3240.2183017492985
10218,3240.218300806367
10219,3240.218303600859
10220,3240.218306988083
10221,3240.2183031638074
10222,3240.2183047147423
10223,3240.218303408137
10224,3240.21830390945
10225,3240.2183021396613
10226,3240.2183030608394
10227,3240.2183038907897
10228,3240.2183038284784
10229,3240.2183055828073
10230,3240.218302987661
10231,3240.2183039863776
10232,3240.2183035488088
10233,3240.2183022708123
10234,3240.2183021086403
10235,3240.2183030810183
10236,3240.218304550936
10237,3240.218303995063
10238,3240.218305480993
10239,3240.218303919155
10240,3240.2183029893195
10241,3234.4707172389412
10242,3234.4707172389444
10243,3234.4707172389435
10244,3234.4707172389435
10245,3234.4707172389444
10246,3234.4707172389426
10247,3234.4707172389412
10248,3234.4707172389412
10249,3234.470717238941
10250,3234.470718701195
10251,3234.4707167621123
10252,3234.4707168018413
10253,3234.470718041409
10254,3234.470716951818
10255,3234.4707180825144
10256,3234.4707160540993
10257,3234.470717847018
10258,3234.4707168420027
10259,3234.4707196405484
10260,3234.4707182106827
10261,3234.4707160653907
10262,3234.4707174847667
10263,3234.4707192066935
10264,3234.470718191429
10265,3234.4707184171175
10266,3234.470712976176
10267,3234.4707178538447
10268,3234.470718671707
10269,3234.4707183815844
10270,3234.470716610917
10271,3234.470718738169
10272,3234.470716501756
10273,3234.470717230035
10274,3234.470714493071
10275,3234.470717670145
10276,3234.4707172996
10277,3234.4707202141562
10278,3234.470718601298
10279,3234.470717188909
10280,3234.4707183728633
10281,3234.4707168656696
10282,3234.4707175924386
10283,3234.4707148050047
10284,3234.470716224123
10285,3234.470717874571
10286,3234.4707188063812
10287,3234.47071914822
10288,3234.470717695902
10289,3234.4707214663576
10290,3227.16892761037
10291,3227.1689276103707
10292,3227.1689276103707
10293,3227.16892761037
10294,3227.1689276103684
10295,3227.1689276103693
10296,3227.1689276103684
10297,3227.1689276103702
10298,3227.16892761037
10299,3227.1689279250563
10300,3227.16892774381
10301,3227.1689268079476
10302,3227.1689283282885
10303,3227.1689279296206
10304,3227.1689297726084
10305,3227.168930104176
10306,3227.168925251625
10307,3227.168925103424
10308,3227.1689303858816
10309,3227.168928344417
10310,3227.168926658818
10311,3227.1689334641433
10312,3227.168929535238
10313,3227.168928412896
10314,3227.1689277876926
10315,3227.1689222808523
10316,3227.168931892438
10317,3227.1689300928047
10318,3227.16892524462
10319,3227.1689274122004
10320,3227.1689285727766
10321,3227.168926633083
10322,3227.16892771265
10323,3227.1689233262846
10324,3227.1689287310896
10325,3227.168927708814
10326,3227.1689318657795
10327,3227.1689282044813
10328,3227.168928545183
10329,3227.168928841281
10330,3227.1689270337097
10331,3227.168929062444
10332,3227.168925069014
10333,3227.1689265156456
10334,3227.1689281247936
10335,3227.1689300916114
10336,3227.168929119376
10337,3227.1689282920147
10338,3227.1689375800784
10339,3217.2827015747735
10340,3217.282701574771
10341,3217.2827015747716
10342,3217.2827015747716
10343,3217.2827015747716
10344,3217.282701574773
10345,3217.2827015747707
10346,3217.282701574773
10347,3217.2827015747716
10348,3217.282700173502
10349,3217.2827020955306
10350,3217.282701091054
10351,3217.2827021819603
10352,3217.282702759171
10353,3217.2827041923238
10354,3217.282706898197
10355,3217.282697019228
10356,3217.2826969245098
10357,3217.282702924501
10358,3217.282702067192
10359,3217.2827008795202
10360,3217.2827114621846
10361,3217.282703111578
10362,3217.2827023674063
10363,3217.2826999275394
10364,3217.2826967868896
10365,3217.282708109833
10366,3217.2827042674476
10367,3217.2826959347985
10368,3217.2827021503363
10369,3217.2827011972404
10370,3217.2827005430677
10371,3217.282701937499
10372,3217.2826962052272
10373,3217.2827028126017
10374,3217.2827017229138
10375,3217.282704825393
10376,3217.2827009026014
10377,3217.282702956736
10378,3217.2827018505473
10379,3217.2827005027148
10380,3217.2827029698083
10381,3217.282699572416
10382,3217.282700649285
10383,3217.2827019273127
10384,3217.28270396812
10385,3217.2827018831567
10386,3217.28270214188
10387,3217.2827148784922
10388,3206.5723608162402
10389,3206.572360816241
10390,3206.57236081624
10391,3206.5723608162402
10392,3206.572360816239
10393,3206.572360816239
10394,3206.572360816239
10395,3206.572360816241
10396,3206.57236081624
10397,3206.572356973164
10398,3206.5723610524155
10399,3206.57236262855
10400,3206.572361270766
10401,3206.5723629654085
10402,3206.572359625396
10403,3206.5723648811622
10404,3206.5723592279596
10405,3206.5723559313165
10406,3206.5723569989486
10407,3206.572361297709
10408,3206.5723590966613
10409,3206.572363161336
10410,3206.572362882691
10411,3206.572362700722
10412,3206.5723579345436
10413,3206.572357177027
10414,3206.57236537497
10415,3206.5723654509034
10416,3206.572357008638
10417,3206.572363819661
10418,3206.572359012887
10419,3206.57236076683
10420,3206.5723614949115
10421,3206.572359370093
10422,3206.5723619962573
10423,3206.572361027525
10424,3206.5723638196087
10425,3206.5723599880093
10426,3206.5723578748593
10427,3206.572358959843
10428,3206.572359117037
10429,3206.572361497633
10430,3206.572360642246
10431,3206.5723610649284
10432,3206.5723618377074
10433,3206.572362416766
10434,3206.572359331086
10435,3206.5723611114145
10436,3206.5723664293164
10437,3203.3746885365745
10438,3203.374688536575
10439,3203.374688536576
10440,3203.374688536577
10441,3203.374688536577
10442,3203.3746885365763
10443,3203.3746885365754
10444,3203.3746885365763
10445,3203.374688536576
10446,3203.374687076169
10447,3203.374693994394
10448,3203.374686531884
10449,3203.374688802596
10450,3203.3746914206477
10451,3203.3746902738712
10452,3203.374697285856
10453,3203.3746819615753
10454,3203.3746836907703
10455,3203.3746877165304
10456,3203.3746885470387
10457,3203.3746887923085
10458,3203.3747065287716
10459,3203.374686120269
10460,3203.374688407516
10461,3203.3746884568773
10462,3203.3746932213453
10463,3203.374696300913
10464,3203.3746811909373
10465,3203.374677420227
10466,3203.374689179962
10467,3203.3746844684165
10468,3203.3746878848965
10469,3203.374689437728
10470,3203.3746813514736
10471,3203.374687096062
10472,3203.3746887875013
10473,3203.3746823943766
10474,3203.374685698731
10475,3203.3746941857034
10476,3203.374691256961
10477,3203.3746867781388
10478,3203.3746857439364
10479,3203.374687872783
10480,3203.3746884972115
10481,3203.374688266683
10482,3203.3746865451944
10483,3203.3746862844023
10484,3203.374687403119
10485,3203.374706476294
10486,3191.1477957956004
10487,3191.147795795598
10488,3191.147795795598
10489,3191.147795795596
10490,3191.147795795596
10491,3191.147795795598
10492,3191.1477957955963
10493,3191.1477957955976
10494,3191.1477957955967
10495,3191.147793524449
10496,3191.1477981599533
10497,3191.147797219241
10498,3191.147796109164
10499,3191.1477980989803
10500,3191.1477939761244
10501,3191.1477979223596
10502,3191.1477970707283
10503,3191.14779577671
10504,3191.147793063762
10505,3191.147796075804
10506,3191.1477949319424
10507,3191.1477965047284
10508,3191.1477955659357
10509,3191.1477975867883
10510,3191.1477944283806
10511,3191.147796443187
10512,3191.147797257958
10513,3191.14779422044
10514,3191.1477941773037
10515,3191.1477970557967
10516,3191.147795162627
10517,3191.147795697485
10518,3191.14779618457
10519,3191.1477949676846
10520,3191.1477959603717
10521,3191.147795858871
10522,3191.147794581126
10523,3191.147794264432
10524,3191.1477956956965
10525,3191.1477971316267
10526,3191.1477940786503
10527,3191.1477948833235
10528,3191.147795165141
10529,3191.1477959119884
10530,3191.1477962835716
10531,3191.1477949553714
10532,3191.1477946736045
10533,3191.1477950044855
10534,3191.1477982214333
10535,3187.7344057762066
10536,3187.734405776206
10537,3187.734405776207
10538,3187.7344057762057
10539,3187.734405776206
10540,3187.734405776206
10541,3187.7344057762066
10542,3187.734405776206
10543,3187.7344057762075
10544,3187.734404445051
10545,3187.7344072152277
10546,3187.7344079709737
10547,3187.7344060515074
10548,3187.73440786786
10549,3187.7344021905233
10550,3187.7344045075333
10551,3187.7344100832047
10552,3187.7344077899675
10553,3187.73440233173
10554,3187.734406244011
10555,3187.734404358803
10556,3187.734399863808
10557,3187.734405872638
10558,3187.734408029169
10559,3187.7344050837783
10560,3187.734406090484
10561,3187.734403661127
10562,3187.734404275418
10563,3187.734408334901
10564,3187.7344068263606
10565,3187.734406105004
10566,3187.734406003723
10567,3187.7344060218356
10568,3187.7344064857016
10569,3187.734405991285
10570,3187.734405725097
10571,3187.7344050292054
10572,3187.734405059083
10573,3187.7344040673743
10574,3187.7344072587584
10575,3187.734403920347
10576,3187.734404554424
10577,3187.7344052645276
10578,3187.734406078202
10579,3187.734406654662
10580,3187.7344049722387
10581,3187.7344049803105
10582,3187.7344049983258
10583,3187.734402547736
10584,3184.278088591159
10585,3184.27808859116
10586,3184.2780885911598
10587,3184.2780885911598
10588,3184.2780885911598
10589,3184.2780885911616
10590,3184.27808859116
10591,3184.278088591159
10592,3184.278088591159
10593,3184.2780874858945
10594,3184.2780901243664
10595,3184.278090807476
10596,3184.2780888191733
10597,3184.278090504247
10598,3184.278084934536
10599,3184.2780868776836
10600,3184.2780929129326
10601,3184.278091360658
10602,3184.2780857153507
10603,3184.278089154875
10604,3184.2780871148852
10605,3184.278080826242
10606,3184.278089140653
10607,3184.2780907649476
10608,3184.2780878101175
10609,3184.278089116833
10610,3184.278084858729
10611,3184.2780880930227
10612,3184.278091548943
10613,3184.278088936521
10614,3184.278089506329
10615,3184.2780888303946
10616,3184.2780887011877
10617,3184.278089904139
10618,3184.2780886805926
10619,3184.278088452203
10620,3184.2780876106194
10621,3184.27808814623
10622,3184.278086736891
10623,3184.2780899086215
10624,3184.278086733017
10625,3184.2780871054897
10626,3184.278087790816
10627,3184.2780888068155
10628,3184.278089532695
10629,3184.2780874327086
10630,3184.278088206258
10631,3184.278087788941
10632,3184.2780837850623
10633,3172.729335973355
10634,3172.729335973353
10635,3172.729335973353
10636,3172.7293359733535
10637,3172.729335973354
10638,3172.729335973356
10639,3172.7293359733544
10640,3172.7293359733544
10641,3172.7293359733544
10642,3172.72933697996
10643,3172.7293368948144
10644,3172.729336283108
10645,3172.7293360330277
10646,3172.729336704721
10647,3172.729332810337
10648,3172.729333631113
10649,3172.7293405895016
10650,3172.729339348328
10651,3172.729333535932
10652,3172.729336672378
10653,3172.729333907153
10654,3172.7293296078715
10655,3172.729335683881
10656,3172.7293378452378
10657,3172.729337358695
10658,3172.729337825333
10659,3172.729330847943
10660,3172.729332470086
10661,3172.729339996987
10662,3172.7293361763745
10663,3172.7293363413205
10664,3172.7293365005107
10665,3172.7293359223986
10666,3172.7293370945326
10667,3172.729336432817
10668,3172.729335703708
10669,3172.7293353313876
10670,3172.7293362216737
10671,3172.729334432187
10672,3172.729339204141
10673,3172.729334276759
10674,3172.729334235838
10675,3172.7293355064317
10676,3172.729336481396
10677,3172.7293373547973
10678,3172.729334506931
10679,3172.72933589144
10680,3172.729335796161
10681,3172.7293318813167
10682,3196.6994296770836
10683,3196.699429677088
10684,3196.6994296770877
10685,3196.6994296770845
10686,3196.699429677084
10687,3196.6994296770868
10688,3196.6994296770863
10689,3196.699429677086
10690,3196.6994296770854
10691,3196.699426100875
10692,3196.699430013666
10693,3196.699428995026
10694,3196.699429500732
10695,3196.6994306318725
10696,3196.699437576165
10697,3196.6994503797105
10698,3196.699410807315
10699,3196.6994160114577
10700,3196.6994302937674
10701,3196.6994308966305
10702,3196.699429000718
10703,3196.6994439550926
10704,3196.6994343385572
10705,3196.6994275927427
10706,3196.6994231763856
10707,3196.699433083545
10708,3196.6994290588327
10709,3196.699449766745
10710,3196.6994004822054
10711,3196.6994276903088
10712,3196.699425236392
10713,3196.6994293909156
10714,3196.699430233226
10715,3196.6994269008724
10716,3196.6994293285234
10717,3196.699429138721
10718,3196.699425030184
10719,3196.6994300176216
10720,3196.699428745483
10721,3196.6994208736596
10722,3196.699428564384
10723,3196.6994248974142
10724,3196.6994282353894
10725,3196.6994290705034
10726,3196.6994301831096
10727,3196.699426117366
10728,3196.6994290052326
10729,3196.699430204702
10730,3196.6994414251626
10731,3167.053993554133
10732,3167.053993554132
10733,3167.053993554132
10734,3167.053993554133
10735,3167.053993554132
10736,3167.0539935541306
10737,3167.0539935541324
10738,3167.0539935541337
10739,3167.0539935541337
10740,3167.053991650063
10741,3167.0539942596
10742,3167.053993693628
10743,3167.0539935375673
10744,3167.053994187395
10745,3167.0539940691074
10746,3167.0539983343615
10747,3167.053990200522
10748,3167.053991173573
10749,3167.0539921983977
10750,3167.0539944405073
10751,3167.053991961593
10752,3167.0539936072178
10753,3167.0539958219447
10754,3167.0539941758193
10755,3167.053990940381
10756,3167.0539956280586
10757,3167.0539898328184
10758,3167.0539986687345
10759,3167.0539872226623
10760,3167.0539929837037
10761,3167.053992456369
10762,3167.0539937716458
10763,3167.053993633656
10764,3167.0539940556
10765,3167.053993551785
10766,3167.0539931870044
10767,3167.053991357371
10768,3167.05