iteracion,valor_coste
0,15646.694971971085
1,15646.6949719711
2,15646.694971971086
3,15646.694971971092
4,15646.694971971108
5,15646.694971971094
6,15646.694971971092
7,15646.694971971057
8,15646.694971971076
9,15646.695063253484
10,15646.69521897448
11,15646.694973364825
12,15646.695009884608
13,15646.694937697195
14,15646.69518039137
15,15646.695025023186
16,15646.695222779052
17,15646.695093699116
18,15646.694884698685
19,15646.694992901485
20,15646.695073080422
21,15646.694999522053
22,15646.69491899769
23,15646.694925777183
24,15646.695013173843
25,15646.695190970338
26,15646.694691243565
27,15646.695141014048
28,15646.695105748844
29,15646.69479909885
30,15646.694844466452
31,15646.694989732654
32,15646.694999163212
33,15646.695007539753
34,15646.694994506543
35,15646.694952998798
36,15646.694918067049
37,15646.695066233116
38,15646.695007513585
39,15646.694865334717
40,15646.695096994392
41,15646.695080509193
42,15646.694940966914
43,15646.694953721571
44,15646.69502395373
45,15646.695020985959
46,15646.69491959635
47,15646.694978074307
48,15646.69512911552
49,3449026.421875
50,3449026.421875
51,3449026.421875
52,3449026.421875
53,3449026.421875
54,3449026.421875
55,3449026.421875
56,3449026.421874999
57,3449026.421875
58,3449026.421875
59,3449026.421875
60,3449026.421875
61,3449026.421875
62,3449026.421875
63,3449026.421875
64,3449026.421875
65,3449026.421875
66,3449026.421875
67,3449026.421875
68,3449026.421875
69,3449026.421875
70,3449026.421875
71,3449026.421875
72,3449026.421875
73,3449026.421874999
74,3449026.421875
75,3449026.421875
76,3449026.421875
77,3449026.421875
78,3449026.421875
79,3449026.421875
80,3449026.421875
81,3449026.421875
82,3449026.421875
83,3449026.421875
84,3449026.421875
85,3449026.421875
86,3449026.421874999
87,3449026.421874999
88,3449026.421875
89,3449026.421874999
90,3449026.421874999
91,3449026.421875
92,3449026.421875
93,3449026.421874999
94,3449026.421875
95,3449026.421875
96,3449026.421875
97,3449026.421875
98,407036.78762360336
99,407036.787623603
100,407036.787623603
101,407036.7876236037
102,407036.7876236033
103,407036.78762360336
104,407036.78762360296
105,407036.7876236032
106,407036.78762360336
107,407036.77752247074
108,407036.7904356449
109,407036.78836825915
110,407036.78659348446
111,407036.7897428622
112,407036.78775962756
113,407036.7807665409
114,407036.7843275537
115,407036.7880046774
116,407036.78811207955
117,407036.78547404637
118,407036.7869426044
119,407036.7758625546
120,407036.7931994064
121,407036.7869499573
122,407036.7878484055
123,407036.78767463996
124,407036.78494443215
125,407036.7850554408
126,407036.7877529909
127,407036.7881173287
128,407036.78838474356
129,407036.7855973712
130,407036.78772261745
131,407036.7881916722
132,407036.7870614318
133,407036.78670606663
134,407036.78908795
135,407036.7873516684
136,407036.7866370437
137,407036.7891721941
138,407036.7879853289
139,407036.7864214066
140,407036.78828589595
141,407036.7883333389
142,407036.78777441534
143,407036.7842661899
144,407036.78838463716
145,407036.78729993064
146,407036.78291323915
147,14035.904901030435
148,14035.904901030432
149,14035.904901030459
150,14035.90490103045
151,14035.904901030446
152,14035.904901030413
153,14035.904901030444
154,14035.90490103044
155,14035.904901030419
156,14035.90491028782
157,14035.905107755707
158,14035.904915226649
159,14035.90493243623
160,14035.90492670768
161,14035.905059954983
162,14035.90490869502
163,14035.905052709475
164,14035.904943806292
165,14035.90480674119
166,14035.904872302812
167,14035.905030162316
168,14035.90481826941
169,14035.90488690951
170,14035.904890033786
171,14035.904930410217
172,14035.905109309231
173,14035.904694315432
174,14035.904973853403
175,14035.904996692969
176,14035.904758930676
177,14035.90475176462
178,14035.904860893997
179,14035.904890097288
180,14035.904946896533
181,14035.904877846222
182,14035.904847598673
183,14035.904868232386
184,14035.904966671129
185,14035.904908525174
186,14035.904821587357
187,14035.905015513707
188,14035.90494803632
189,14035.904872427911
190,14035.904896298222
191,14035.904955278444
192,14035.904925256013
193,14035.9048349324
194,14035.904905975649
195,14035.905006128003
196,10968.989085055538
197,10968.989085055517
198,10968.989085055517
199,10968.98908505553
200,10968.98908505553
201,10968.989085055537
202,10968.98908505552
203,10968.989085055535
204,10968.989085055535
205,10968.989045120325
206,10968.98921134085
207,10968.989118093757
208,10968.98906861375
209,10968.989187569956
210,10968.98906388787
211,10968.989087463022
212,10968.989119733495
213,10968.988947172937
214,10968.989048538451
215,10968.989025617806
216,10968.989157617587
217,10968.988958520295
218,10968.989079020663
219,10968.989085845125
220,10968.989096525485
221,10968.989201010581
222,10968.989102738171
223,10968.989056967095
224,10968.9890979615
225,10968.989079460813
226,10968.988995021129
227,10968.989015300052
228,10968.989060338141
229,10968.989139008865
230,10968.988999873056
231,10968.989018579365
232,10968.989085029702
233,10968.989071374519
234,10968.989073050054
235,10968.989011938978
236,10968.989117143481
237,10968.988977072828
238,10968.989070768692
239,10968.989098565424
240,10968.989118975873
241,10968.989090902442
242,10968.9890610988
243,10968.989087557473
244,10968.989072281449
245,9380.426003516852
246,9380.42600351685
247,9380.426003516863
248,9380.426003516877
249,9380.42600351687
250,9380.42600351687
251,9380.42600351689
252,9380.426003516874
253,9380.42600351687
254,9380.425879738465
255,9380.425993871691
256,9380.426029165137
257,9380.425976258792
258,9380.42603921096
259,9380.425956623007
260,9380.425990142
261,9380.42601921753
262,9380.425935528925
263,9380.425983983645
264,9380.42597496058
265,9380.426025225188
266,9380.425900113563
267,9380.426001676937
268,9380.425992798784
269,9380.4259991981
270,9380.426061977061
271,9380.426068482786
272,9380.426016510064
273,9380.426017541064
274,9380.425981139786
275,9380.425949585573
276,9380.42597313407
277,9380.425994701542
278,9380.426032143476
279,9380.42594984439
280,9380.42596377593
281,9380.42601149757
282,9380.426009279272
283,9380.42596039895
284,9380.425988497262
285,9380.426075320629
286,9380.425942381153
287,9380.42599586572
288,9380.426016213933
289,9380.426020713472
290,9380.425999725432
291,9380.425997233575
292,9380.426007949867
293,9380.425977408788
294,9231.393974039911
295,9231.393974039911
296,9231.3939740399
297,9231.393974039911
298,9231.393974039904
299,9231.393974039911
300,9231.393974039916
301,9231.393974039907
302,9231.393974039893
303,9231.394300126125
304,9231.394113617162
305,9231.39396773106
306,9231.393925680675
307,9231.39412916767
308,9231.393891311098
309,9231.394043579725
310,9231.393782333067
311,9231.393765123177
312,9231.394003109515
313,9231.394005110205
314,9231.393874314335
315,9231.394190587784
316,9231.393983318309
317,9231.393924796183
318,9231.394018677862
319,9231.394009805766
320,9231.394073457273
321,9231.393655312433
322,9231.393721863544
323,9231.394085831678
324,9231.393983470542
325,9231.394024153618
326,9231.393967728623
327,9231.39400421419
328,9231.393908239961
329,9231.39398666047
330,9231.393929065596
331,9231.39399167527
332,9231.394080987277
333,9231.393914241713
334,9231.39391064347
335,9231.393848846254
336,9231.393983060536
337,9231.39400452898
338,9231.393993130254
339,9231.394011883818
340,9231.394027485167
341,9231.393967004566
342,9231.394074914695
343,8739.821576122684
344,8739.821576122693
345,8739.821576122704
346,8739.821576122695
347,8739.821576122675
348,8739.821576122695
349,8739.821576122702
350,8739.821576122675
351,8739.82157612267
352,8739.82170568964
353,8739.821647681723
354,8739.821582884795
355,8739.821534642362
356,8739.821668187848
357,8739.821535016039
358,8739.821617172509
359,8739.821515744343
360,8739.821458106739
361,8739.821585563099
362,8739.82158613407
363,8739.821531185164
364,8739.821640831999
365,8739.821560496024
366,8739.821542689968
367,8739.821596869686
368,8739.82163650972
369,8739.82162403433
370,8739.82146765491
371,8739.821474659477
372,8739.821620340788
373,8739.821562785388
374,8739.82159621689
375,8739.821573664049
376,8739.821605778166
377,8739.821526956617
378,8739.821570776128
379,8739.821553312322
380,8739.821583829838
381,8739.821617723375
382,8739.82152795662
383,8739.821576690421
384,8739.821489263382
385,8739.821575217198
386,8739.821597713057
387,8739.821589712832
388,8739.821598692719
389,8739.82160522192
390,8739.821573813426
391,8739.821612008327
392,8068.719148058934
393,8068.719148058924
394,8068.719148058924
395,8068.719148058929
396,8068.719148058925
397,8068.719148058927
398,8068.719148058931
399,8068.719148058936
400,8068.719148058932
401,8068.719151653125
402,8068.719140060234
403,8068.719154962013
404,8068.719118932645
405,8068.719181721066
406,8068.719092488534
407,8068.719139806713
408,8068.719078394332
409,8068.719070297011
410,8068.719148704366
411,8068.719163148372
412,8068.719102059201
413,8068.71916656781
414,8068.719168536654
415,8068.719123192568
416,8068.719144160763
417,8068.719142645912
418,8068.719213733743
419,8068.71905368987
420,8068.719072883722
421,8068.719165019388
422,8068.719126346209
423,8068.719174085632
424,8068.719142813069
425,8068.719157246439
426,8068.7191075799465
427,8068.719144879173
428,8068.719149263559
429,8068.719176537954
430,8068.719157775664
431,8068.719172821608
432,8068.7192107243445
433,8068.719091742692
434,8068.719147399733
435,8068.719166293873
436,8068.71916298813
437,8068.719141596285
438,8068.719162021028
439,8068.719149885342
440,8068.719160464226
441,7597.871839271365
442,7597.871839271361
443,7597.871839271361
444,7597.871839271368
445,7597.871839271375
446,7597.871839271363
447,7597.8718392713645
448,7597.871839271366
449,7597.87183927137
450,7597.871842361608
451,7597.871815303908
452,7597.871835575251
453,7597.871816242558
454,7597.871816514191
455,7597.871835565029
456,7597.871885370465
457,7597.871915838146
458,7597.871886361849
459,7597.871844575118
460,7597.871876572611
461,7597.871790156121
462,7597.87180092897
463,7597.871780087216
464,7597.871806468152
465,7597.87182723638
466,7597.871832346186
467,7597.871801168331
468,7597.871954506797
469,7597.871864122118
470,7597.871808008129
471,7597.871840420643
472,7597.871888527864
473,7597.871849069072
474,7597.871826644235
475,7597.871851933273
476,7597.871856352309
477,7597.871863297802
478,7597.871874404316
479,7597.871839285958
480,7597.871863022908
481,7597.871922385068
482,7597.8718505569395
483,7597.871833528438
484,7597.871851754732
485,7597.871845123129
486,7597.871843886691
487,7597.871857661093
488,7597.871842048562
489,7597.871858564372
490,7404.083439462716
491,7404.0834394627045
492,7404.083439462706
493,7404.083439462712
494,7404.0834394627
495,7404.083439462715
496,7404.08343946271
497,7404.083439462728
498,7404.083439462721
499,7404.083294047963
500,7404.083315362443
501,7404.083453601491
502,7404.083431294025
503,7404.083415915324
504,7404.083370375539
505,7404.083341272303
506,7404.083379209608
507,7404.083411497501
508,7404.083431062727
509,7404.083454606873
510,7404.083386856311
511,7404.083434073673
512,7404.083526232356
513,7404.083430936381
514,7404.0834176111175
515,7404.083336617152
516,7404.083497178
517,7404.0833353540465
518,7404.083432684949
519,7404.083432901887
520,7404.0834089892305
521,7404.083467625757
522,7404.083420493692
523,7404.08340354421
524,7404.083414000152
525,7404.083441599592
526,7404.083478979418
527,7404.083485533267
528,7404.083457837729
529,7404.083508495936
530,7404.083505174503
531,7404.083415110974
532,7404.083436426222
533,7404.083456895632
534,7404.083462790378
535,7404.083394976218
536,7404.08343074335
537,7404.083443168833
538,7404.083374977642
539,7091.367578253678
540,7091.367578253682
541,7091.3675782536875
542,7091.367578253684
543,7091.367578253684
544,7091.36757825368
545,7091.367578253682
546,7091.367578253682
547,7091.367578253689
548,7091.3675764790605
549,7091.367532193468
550,7091.367580749638
551,7091.367566173666
552,7091.367573567702
553,7091.367570712352
554,7091.367586171202
555,7091.367611833473
556,7091.367591428643
557,7091.367578673451
558,7091.367602046319
559,7091.367537552396
560,7091.367588919019
561,7091.367563944824
562,7091.367559678506
563,7091.367571682773
564,7091.367551298508
565,7091.367559715831
566,7091.367596942603
567,7091.3675856980135
568,7091.367567564349
569,7091.367568303241
570,7091.367612542992
571,7091.36756915947
572,7091.367550698561
573,7091.367576491164
574,7091.367588794048
575,7091.367605389411
576,7091.367616125331
577,7091.367605325443
578,7091.367595794356
579,7091.3676181558485
580,7091.367571133514
581,7091.367573717843
582,7091.367594885056
583,7091.367596676619
584,7091.367568662316
585,7091.367585822357
586,7091.367578896411
587,7091.367569311497
588,6860.863294033544
589,6860.863294033545
590,6860.863294033545
591,6860.863294033545
592,6860.86329403355
593,6860.863294033556
594,6860.863294033552
595,6860.863294033557
596,6860.86329403355
597,6860.863335317112
598,6860.863266961105
599,6860.863297187031
600,6860.863285502032
601,6860.863302654023
602,6860.863309558876
603,6860.863318469432
604,6860.863341572772
605,6860.8633157764625
606,6860.863295300316
607,6860.863304471294
608,6860.863276970899
609,6860.863328585215
610,6860.863264753124
611,6860.86328134886
612,6860.863297508906
613,6860.863293087621
614,6860.863252045526
615,6860.863319847003
616,6860.86330233101
617,6860.863288573059
618,6860.863286800583
619,6860.863311154797
620,6860.863277365957
621,6860.863264804824
622,6860.863295450244
623,6860.863295962167
624,6860.863312652698
625,6860.863325828357
626,6860.863334702412
627,6860.863293577093
628,6860.863314599841
629,6860.863285903978
630,6860.86328963107
631,6860.863311778545
632,6860.863317807513
633,6860.863284619392
634,6860.86330161286
635,6860.863293103673
636,6860.863291447861
637,6518.704491847518
638,6518.704491847526
639,6518.704491847526
640,6518.704491847521
641,6518.70449184752
642,6518.70449184752
643,6518.704491847517
644,6518.704491847515
645,6518.704491847518
646,6518.704527614629
647,6518.704493215153
648,6518.704498659509
649,6518.704492408124
650,6518.704517068503
651,6518.7045015389485
652,6518.704500584965
653,6518.704491477018
654,6518.704519911813
655,6518.704490191492
656,6518.704482083157
657,6518.704505053593
658,6518.704521141396
659,6518.704482437374
660,6518.704489682131
661,6518.704500890971
662,6518.70449939453
663,6518.704477329374
664,6518.704460090637
665,6518.704471093055
666,6518.704485553851
667,6518.704481331807
668,6518.704484543035
669,6518.704467455353
670,6518.704477962519
671,6518.704492011471
672,6518.70448001105
673,6518.704482545828
674,6518.704515180104
675,6518.704526948967
676,6518.704491107041
677,6518.704500424552
678,6518.704486120919
679,6518.704488230963
680,6518.704506716974
681,6518.704520238032
682,6518.70447356352
683,6518.704490516808
684,6518.704491679896
685,6518.70448530975
686,6264.21615237613
687,6264.216152376134
688,6264.216152376134
689,6264.216152376145
690,6264.216152376138
691,6264.216152376142
692,6264.216152376137
693,6264.216152376139
694,6264.216152376137
695,6264.216128568509
696,6264.216157045994
697,6264.216163744342
698,6264.216155007395
699,6264.216162602514
700,6264.216129203532
701,6264.216052594327
702,6264.216065944672
703,6264.21614498305
704,6264.216146127128
705,6264.2161227595025
706,6264.216186330208
707,6264.216176223752
708,6264.216227030966
709,6264.216164257112
710,6264.216173669094
711,6264.2161321445565
712,6264.216171630574
713,6264.216041698297
714,6264.216164942439
715,6264.216151363405
716,6264.216132022118
717,6264.216123241011
718,6264.216118882383
719,6264.216147223774
720,6264.216139516868
721,6264.216127569069
722,6264.216052698761
723,6264.216166375441
724,6264.216184723025
725,6264.216167960571
726,6264.216142132478
727,6264.216141530091
728,6264.216150935753
729,6264.216166380878
730,6264.216183095979
731,6264.2161343644775
732,6264.216137887399
733,6264.216153093264
734,6264.216106050327
735,6079.3842706866335
736,6079.384270686628
737,6079.384270686626
738,6079.384270686626
739,6079.38427068663
740,6079.38427068663
741,6079.384270686626
742,6079.38427068663
743,6079.384270686632
744,6079.384329860788
745,6079.384336538707
746,6079.384273924406
747,6079.384272317416
748,6079.384265087751
749,6079.38425082027
750,6079.38430793999
751,6079.384288139648
752,6079.384270695469
753,6079.384272950359
754,6079.38426567875
755,6079.384287503942
756,6079.384270654432
757,6079.384244342915
758,6079.384269110872
759,6079.3842802782
760,6079.384240428158
761,6079.384266395841
762,6079.384254681517
763,6079.384249423169
764,6079.384271894878
765,6079.384267618399
766,6079.384266974053
767,6079.384257934613
768,6079.384265804432
769,6079.384268943415
770,6079.38426564959
771,6079.3842649860435
772,6079.384278525667
773,6079.38429434794
774,6079.384276337349
775,6079.384261686591
776,6079.384265129292
777,6079.384270728227
778,6079.384280215824
779,6079.384287222601
780,6079.384271227407
781,6079.384269255528
782,6079.384270791051
783,6079.384269896142
784,6001.119452218339
785,6001.119452218335
786,6001.119452218342
787,6001.119452218334
788,6001.119452218339
789,6001.119452218337
790,6001.119452218337
791,6001.119452218339
792,6001.1194522183405
793,6001.119449807075
794,6001.11949384209
795,6001.11945819973
796,6001.119454462203
797,6001.119422341817
798,6001.119427818222
799,6001.119463683384
800,6001.119477325086
801,6001.119451182668
802,6001.119452383227
803,6001.1194498242585
804,6001.119463598578
805,6001.1194491505585
806,6001.119447166869
807,6001.119452697856
808,6001.119457008535
809,6001.119409323844
810,6001.119445086493
811,6001.119439386904
812,6001.11945019081
813,6001.119448564561
814,6001.119446226947
815,6001.119451637916
816,6001.1194431182885
817,6001.11944637731
818,6001.119447831679
819,6001.1194505026615
820,6001.119466055056
821,6001.119458573331
822,6001.119463075598
823,6001.119457080209
824,6001.11944463599
825,6001.119449347689
826,6001.119453316422
827,6001.1194593657365
828,6001.119463579589
829,6001.1194495099435
830,6001.11944652784
831,6001.119452543201
832,6001.119450753216
833,5921.98819511834
834,5921.988195118336
835,5921.988195118336
836,5921.988195118334
837,5921.988195118342
838,5921.988195118336
839,5921.988195118335
840,5921.988195118335
841,5921.988195118337
842,5921.988153796231
843,5921.988214833517
844,5921.9882024523
845,5921.988195936928
846,5921.988163223775
847,5921.988173881131
848,5921.988188662799
849,5921.9882206507245
850,5921.988207958388
851,5921.988193793461
852,5921.988195335207
853,5921.988199647389
854,5921.988179751106
855,5921.9881995017495
856,5921.98819619004
857,5921.988195170091
858,5921.988166564239
859,5921.9881901487925
860,5921.988196409801
861,5921.988209713333
862,5921.988181469548
863,5921.988187903813
864,5921.988197096415
865,5921.9881898972735
866,5921.988194027863
867,5921.988190957552
868,5921.9881956425315
869,5921.98820466318
870,5921.98819910067
871,5921.9881909141395
872,5921.988192279339
873,5921.988194483574
874,5921.988198134045
875,5921.988196939069
876,5921.988200003653
877,5921.988201151048
878,5921.988191779142
879,5921.988187423153
880,5921.988196814256
881,5921.988188927276
882,5807.9675994915
883,5807.967599491496
884,5807.9675994915
885,5807.967599491499
886,5807.967599491496
887,5807.967599491502
888,5807.967599491497
889,5807.967599491505
890,5807.967599491503
891,5807.967529391554
892,5807.967611658533
893,5807.967606113787
894,5807.967596761077
895,5807.967573264976
896,5807.9675776770155
897,5807.967549764382
898,5807.967586673529
899,5807.967594306663
900,5807.967598731017
901,5807.967601319829
902,5807.967592521009
903,5807.96759838323
904,5807.967639696438
905,5807.967602251716
906,5807.967597512533
907,5807.967584787605
908,5807.9676151468575
909,5807.967568570173
910,5807.967617671004
911,5807.9675885279985
912,5807.967592697721
913,5807.967602914835
914,5807.967597179368
915,5807.9676028788535
916,5807.967588380855
917,5807.967602164943
918,5807.967588844317
919,5807.967600653155
920,5807.96758447761
921,5807.96759694705
922,5807.967592994467
923,5807.967600364156
924,5807.9676045560145
925,5807.967602956835
926,5807.967599875246
927,5807.967596580749
928,5807.967591928561
929,5807.967602030222
930,5807.967589729499
931,5698.769035415668
932,5698.769035415674
933,5698.769035415672
934,5698.769035415676
935,5698.769035415672
936,5698.769035415667
937,5698.769035415669
938,5698.76903541567
939,5698.769035415668
940,5698.7690067915355
941,5698.769039272577
942,5698.769038675943
943,5698.769028781072
944,5698.769021841827
945,5698.769033123571
946,5698.769024232059
947,5698.769052591184
948,5698.769051727358
949,5698.769037468888
950,5698.769045887985
951,5698.76902092584
952,5698.769027142348
953,5698.76903537338
954,5698.769035117489
955,5698.769027279783
956,5698.769058842844
957,5698.769041410768
958,5698.769053834839
959,5698.769059671299
960,5698.769018649208
961,5698.769034870638
962,5698.769046600411
963,5698.76903946622
964,5698.769038816558
965,5698.76903025982
966,5698.769042002895
967,5698.769025302673
968,5698.769034743723
969,5698.769014885196
970,5698.769022922209
971,5698.769038955876
972,5698.769041072094
973,5698.769040796216
974,5698.769038041296
975,5698.769030087219
976,5698.769039989277
977,5698.769033811738
978,5698.769038557336
979,5698.769030435356
980,5598.411328837727
981,5598.411328837721
982,5598.411328837725
983,5598.411328837723
984,5598.411328837723
985,5598.411328837725
986,5598.411328837722
987,5598.411328837723
988,5598.411328837725
989,5598.411315452233
990,5598.4113258594
991,5598.411330690859
992,5598.411320676768
993,5598.411318164449
994,5598.411328108177
995,5598.411296997304
996,5598.411328536384
997,5598.41132618312
998,5598.4113329362835
999,5598.4113345885435
1000,5598.411320211004
1001,5598.4113439670045
1002,5598.411344698788
1003,5598.411331561374
1004,5598.4113219912615
1005,5598.4113527022655
1006,5598.411344623359
1007,5598.41132886896
1008,5598.411357433425
1009,5598.411322118979
1010,5598.41133033165
1011,5598.411334565357
1012,5598.411330049152
1013,5598.411326696834
1014,5598.411320075394
1015,5598.41133015595
1016,5598.411304388618
1017,5598.411330198181
1018,5598.411316320326
1019,5598.411325490309
1020,5598.411325832522
1021,5598.411328727556
1022,5598.4113354642095
1023,5598.411332230736
1024,5598.411326411715
1025,5598.411335508128
1026,5598.4113294431245
1027,5598.411331794277
1028,5598.411321320929
1029,5512.222996044674
1030,5512.222996044668
1031,5512.222996044667
1032,5512.2229960446675
1033,5512.222996044668
1034,5512.222996044668
1035,5512.222996044668
1036,5512.22299604467
1037,5512.22299604467
1038,5512.2230180557335
1039,5512.223005173802
1040,5512.222996097287
1041,5512.2229917366885
1042,5512.222997103524
1043,5512.223000073439
1044,5512.223012305984
1045,5512.223008338653
1046,5512.223001495429
1047,5512.223002183155
1048,5512.223002170516
1049,5512.2229927750595
1050,5512.223013850749
1051,5512.222983437526
1052,5512.222997223208
1053,5512.222989170057
1054,5512.223013054395
1055,5512.223018375695
1056,5512.222992811795
1057,5512.22299027568
1058,5512.222991751824
1059,5512.223001816019
1060,5512.223001877247
1061,5512.222996233245
1062,5512.222989354701
1063,5512.222992385378
1064,5512.222997093056
1065,5512.2230088642955
1066,5512.223000889197
1067,5512.222987037431
1068,5512.222997689176
1069,5512.222995434502
1070,5512.222996863808
1071,5512.22300153459
1072,5512.222998442412
1073,5512.222996874011
1074,5512.223002991482
1075,5512.222999436715
1076,5512.2229988160525
1077,5512.223005725067
1078,5492.402966744038
1079,5492.402966744038
1080,5492.402966744038
1081,5492.402966744035
1082,5492.402966744036
1083,5492.402966744035
1084,5492.402966744037
1085,5492.402966744039
1086,5492.402966744038
1087,5492.402989060221
1088,5492.402948755531
1089,5492.402966893997
1090,5492.402959890039
1091,5492.402957975024
1092,5492.402967588175
1093,5492.402911103417
1094,5492.402946823145
1095,5492.402980733602
1096,5492.402972188726
1097,5492.402951285817
1098,5492.40300040771
1099,5492.402967491534
1100,5492.402982704935
1101,5492.402976223931
1102,5492.402968556522
1103,5492.402978592036
1104,5492.402979305742
1105,5492.402970278494
1106,5492.403013704877
1107,5492.40296144888
1108,5492.402970681731
1109,5492.402950434003
1110,5492.402961037377
1111,5492.402962584871
1112,5492.402965280421
1113,5492.402947767007
1114,5492.402881285701
1115,5492.4029739275575
1116,5492.4029671691715
1117,5492.402976652686
1118,5492.402965470492
1119,5492.402968938884
1120,5492.402970500587
1121,5492.402968968081
1122,5492.402974534141
1123,5492.402973542804
1124,5492.402965642961
1125,5492.402971034644
1126,5492.402960580243
1127,5423.739885613574
1128,5423.739885613568
1129,5423.739885613569
1130,5423.73988561357
1131,5423.739885613569
1132,5423.739885613572
1133,5423.739885613572
1134,5423.739885613573
1135,5423.739885613573
1136,5423.739886710298
1137,5423.739885649276
1138,5423.739886348871
1139,5423.739886052948
1140,5423.739888480002
1141,5423.739887515142
1142,5423.739877919873
1143,5423.739877433379
1144,5423.739900242542
1145,5423.7398908050145
1146,5423.739883508466
1147,5423.739895017661
1148,5423.7398959520215
1149,5423.7398905350165
1150,5423.739889384996
1151,5423.739882912871
1152,5423.739885760174
1153,5423.73990660798
1154,5423.73986742838
1155,5423.739881927333
1156,5423.739880500414
1157,5423.739890341586
1158,5423.739883283135
1159,5423.739881550575
1160,5423.739881187902
1161,5423.739884661705
1162,5423.739881930453
1163,5423.739884880416
1164,5423.739894188922
1165,5423.7398793507555
1166,5423.739892745486
1167,5423.739886037893
1168,5423.739888294899
1169,5423.739889323543
1170,5423.739886563575
1171,5423.739890581515
1172,5423.739885972481
1173,5423.739885362897
1174,5423.739888989302
1175,5423.7398946994135
1176,5398.91334240635
1177,5398.913342406352
1178,5398.913342406352
1179,5398.913342406355
1180,5398.913342406352
1181,5398.91334240635
1182,5398.913342406355
1183,5398.913342406355
1184,5398.913342406352
1185,5398.913351099873
1186,5398.91334888047
1187,5398.913342796717
1188,5398.913346261774
1189,5398.913348318619
1190,5398.91335264759
1191,5398.913361354772
1192,5398.913351651993
1193,5398.913362575667
1194,5398.913347181392
1195,5398.91334777825
1196,5398.91334393753
1197,5398.913340967143
1198,5398.913328146584
1199,5398.91334401932
1200,5398.913337980405
1201,5398.91334767833
1202,5398.91334966585
1203,5398.913339915978
1204,5398.913332122022
1205,5398.913335511832
1206,5398.913347388543
1207,5398.913347737958
1208,5398.913339887105
1209,5398.913338211814
1210,5398.913343321197
1211,5398.913346423289
1212,5398.91335850766
1213,5398.913351256189
1214,5398.91333446604
1215,5398.913343371173
1216,5398.913344499498
1217,5398.913346475654
1218,5398.913345570977
1219,5398.9133428606065
1220,5398.9133452976175
1221,5398.913342616412
1222,5398.913342019037
1223,5398.913346687587
1224,5398.913354298952
1225,5376.3382290343025
1226,5376.338229034303
1227,5376.338229034303
1228,5376.338229034303
1229,5376.3382290343025
1230,5376.338229034301
1231,5376.338229034304
1232,5376.338229034303
1233,5376.338229034304
1234,5376.338199580107
1235,5376.338228555589
1236,5376.338230691442
1237,5376.338236655763
1238,5376.338233701803
1239,5376.338234296232
1240,5376.33821859808
1241,5376.338224790286
1242,5376.338242819005
1243,5376.338233214611
1244,5376.338235403116
1245,5376.338222053164
1246,5376.338227250568
1247,5376.338240074595
1248,5376.338230481246
1249,5376.338224237901
1250,5376.338224012681
1251,5376.338233599751
1252,5376.3382135907095
1253,5376.338224957669
1254,5376.338223521164
1255,5376.338232584498
1256,5376.3382355475605
1257,5376.338225374353
1258,5376.3382266956605
1259,5376.338227011124
1260,5376.338237716014
1261,5376.338247480927
1262,5376.338236696059
1263,5376.33822154188
1264,5376.338231258965
1265,5376.338229065549
1266,5376.338231869998
1267,5376.338232916602
1268,5376.338228874181
1269,5376.338230678634
1270,5376.3382239066095
1271,5376.338226476319
1272,5376.338233085219
1273,5376.338233249891
1274,5365.938638021799
1275,5365.938638021804
1276,5365.938638021804
1277,5365.938638021807
1278,5365.938638021804
1279,5365.938638021807
1280,5365.938638021803
1281,5365.938638021804
1282,5365.938638021805
1283,5365.938655760099
1284,5365.938645863601
1285,5365.93863846986
1286,5365.938645485157
1287,5365.93864174361
1288,5365.9386457691735
1289,5365.9386762223085
1290,5365.938667630471
1291,5365.938647875653
1292,5365.938643028983
1293,5365.938649246438
1294,5365.938630503767
1295,5365.938613814275
1296,5365.9386046977215
1297,5365.938638288587
1298,5365.938632291624
1299,5365.938637846827
1300,5365.938630283778
1301,5365.93865797156
1302,5365.938635494637
1303,5365.938634809041
1304,5365.938642992757
1305,5365.938649260684
1306,5365.938636281438
1307,5365.93862947997
1308,5365.938637035844
1309,5365.938649518497
1310,5365.938656301132
1311,5365.938644446187
1312,5365.93863539175
1313,5365.938637698223
1314,5365.938637059135
1315,5365.938639653196
1316,5365.938641869083
1317,5365.938638443873
1318,5365.938638529399
1319,5365.938639456475
1320,5365.938637114406
1321,5365.938642263579
1322,5365.938639290578
1323,5357.656159087972
1324,5357.656159087968
1325,5357.656159087968
1326,5357.65615908797
1327,5357.65615908797
1328,5357.65615908797
1329,5357.656159087972
1330,5357.656159087972
1331,5357.656159087972
1332,5357.656169639964
1333,5357.6561639463125
1334,5357.6561597597965
1335,5357.656165066663
1336,5357.656161923663
1337,5357.656160925885
1338,5357.656182351836
1339,5357.65618075269
1340,5357.656159963573
1341,5357.65616449754
1342,5357.656168075169
1343,5357.656149768095
1344,5357.656138807429
1345,5357.656136504731
1346,5357.656159947629
1347,5357.656153236896
1348,5357.656157789989
1349,5357.656156003656
1350,5357.656172955277
1351,5357.656161640746
1352,5357.656158789701
1353,5357.656163950732
1354,5357.65616811725
1355,5357.656157038609
1356,5357.656150017061
1357,5357.656155529978
1358,5357.6561687353715
1359,5357.656170062105
1360,5357.656164306235
1361,5357.656157937357
1362,5357.656160892426
1363,5357.656155718916
1364,5357.656158665877
1365,5357.656163821059
1366,5357.656159775172
1367,5357.656159306124
1368,5357.65616067092
1369,5357.656158469378
1370,5357.656162692525
1371,5357.656155187806
1372,5341.954418723578
1373,5341.954418723578
1374,5341.954418723581
1375,5341.954418723577
1376,5341.954418723579
1377,5341.954418723577
1378,5341.954418723579
1379,5341.954418723576
1380,5341.954418723579
1381,5341.954418361268
1382,5341.954419148572
1383,5341.954419933343
1384,5341.954420890188
1385,5341.95442412808
1386,5341.95441564297
1387,5341.9544139864065
1388,5341.954419776358
1389,5341.954409796528
1390,5341.9544243063165
1391,5341.954419261635
1392,5341.9544126259925
1393,5341.954403591739
1394,5341.954415443697
1395,5341.95442117744
1396,5341.9544137355615
1397,5341.954422505818
1398,5341.954419658154
1399,5341.9544193154425
1400,5341.95442682339
1401,5341.954421968922
1402,5341.954422955574
1403,5341.954419299234
1404,5341.954415418166
1405,5341.954411779975
1406,5341.95441201178
1407,5341.954420628914
1408,5341.954409363586
1409,5341.954422193137
1410,5341.9544178060305
1411,5341.954420308526
1412,5341.954412943242
1413,5341.954415526099
1414,5341.954424299716
1415,5341.954419773923
1416,5341.9544197281075
1417,5341.954418216885
1418,5341.95441813208
1419,5341.954421199711
1420,5341.954409247383
1421,5331.583921109516
1422,5331.583921109515
1423,5331.583921109515
1424,5331.583921109514
1425,5331.583921109516
1426,5331.583921109519
1427,5331.583921109516
1428,5331.583921109516
1429,5331.583921109514
1430,5331.583916563695
1431,5331.583921108942
1432,5331.583922764939
1433,5331.583920643164
1434,5331.5839267260335
1435,5331.5839165981515
1436,5331.583906977808
1437,5331.58391271865
1438,5331.583908449213
1439,5331.583926683356
1440,5331.583914842452
1441,5331.58392083987
1442,5331.583914102643
1443,5331.583926611571
1444,5331.583924413925
1445,5331.583917411536
1446,5331.583925639063
1447,5331.583923252914
1448,5331.583912859586
1449,5331.5839275994185
1450,5331.583926637581
1451,5331.583924984516
1452,5331.583914832835
1453,5331.583916854147
1454,5331.583915487415
1455,5331.583913411425
1456,5331.583916501155
1457,5331.583907780392
1458,5331.583923394509
1459,5331.583920993788
1460,5331.583922360023
1461,5331.583914605817
1462,5331.583916366912
1463,5331.58392671763
1464,5331.583922445681
1465,5331.583923450613
1466,5331.58391815514
1467,5331.583920585131
1468,5331.583921939744
1469,5331.583914649773
1470,5319.422776031472
1471,5319.422776031473
1472,5319.422776031474
1473,5319.422776031472
1474,5319.4227760314725
1475,5319.422776031473
1476,5319.4227760314725
1477,5319.42277603147
1478,5319.422776031471
1479,5319.42276545985
1480,5319.422771033312
1481,5319.422778255978
1482,5319.422774232343
1483,5319.422779050455
1484,5319.422776912284
1485,5319.422759849884
1486,5319.422768732092
1487,5319.422767004368
1488,5319.422781134484
1489,5319.422766705413
1490,5319.422779323686
1491,5319.422778577851
1492,5319.42278462867
1493,5319.42277931085
1494,5319.422772819392
1495,5319.422785724523
1496,5319.422770719006
1497,5319.422768944812
1498,5319.42278245936
1499,5319.422781172389
1500,5319.422779308508
1501,5319.422766665231
1502,5319.422771647017
1503,5319.422771609099
1504,5319.4227689471145
1505,5319.422768090523
1506,5319.4227684262305
1507,5319.4227769941335
1508,5319.422776411619
1509,5319.422773910662
1510,5319.42277135677
1511,5319.4227712565325
1512,5319.422781021681
1513,5319.422777693755
1514,5319.422779166943
1515,5319.422770650784
1516,5319.422775354644
1517,5319.422775378758
1518,5319.422774984248
1519,5303.50921682841
1520,5303.509216828407
1521,5303.509216828409
1522,5303.509216828409
1523,5303.50921682841
1524,5303.509216828409
1525,5303.50921682841
1526,5303.509216828412
1527,5303.509216828411
1528,5303.509217628541
1529,5303.509223091322
1530,5303.509218676293
1531,5303.509214709623
1532,5303.509220143401
1533,5303.509199715132
1534,5303.509217318378
1535,5303.509200885947
1536,5303.509198800154
1537,5303.509221708988
1538,5303.509203335226
1539,5303.509222852137
1540,5303.509216735966
1541,5303.509220263809
1542,5303.509219149122
1543,5303.509217505872
1544,5303.5092031593285
1545,5303.509232317769
1546,5303.5091914287605
1547,5303.509203170373
1548,5303.509226472288
1549,5303.509219684388
1550,5303.509203258094
1551,5303.509211776691
1552,5303.509211894688
1553,5303.509209744322
1554,5303.5092059226445
1555,5303.509213637289
1556,5303.509218040122
1557,5303.509219943762
1558,5303.509221197476
1559,5303.509210937779
1560,5303.5092099575695
1561,5303.509220952165
1562,5303.5092185195645
1563,5303.509221414319
1564,5303.5092104084815
1565,5303.509216427114
1566,5303.509214798268
1567,5303.509220121132
1568,5283.668180722043
1569,5283.668180722045
1570,5283.668180722044
1571,5283.668180722045
1572,5283.668180722044
1573,5283.668180722043
1574,5283.668180722043
1575,5283.668180722043
1576,5283.668180722045
1577,5283.668180330278
1578,5283.668181368345
1579,5283.6681822301925
1580,5283.668180467587
1581,5283.668173996815
1582,5283.668181882864
1583,5283.668185897838
1584,5283.668182185031
1585,5283.668177067803
1586,5283.668184169215
1587,5283.668173069455
1588,5283.668186268111
1589,5283.668182886445
1590,5283.668177721954
1591,5283.668181644629
1592,5283.6681815580805
1593,5283.668180145589
1594,5283.6681703697195
1595,5283.668177158861
1596,5283.668176183027
1597,5283.6681842876515
1598,5283.668182501243
1599,5283.66817314505
1600,5283.668177886172
1601,5283.668179134512
1602,5283.668177817724
1603,5283.668174969997
1604,5283.668184339276
1605,5283.668181134326
1606,5283.668183946585
1607,5283.668176268809
1608,5283.668179826962
1609,5283.668177904989
1610,5283.668183123558
1611,5283.668182567109
1612,5283.668183484011
1613,5283.668175179318
1614,5283.668179388318
1615,5283.668179537467
1616,5283.668194328279
1617,5270.555022861503
1618,5270.555022861501
1619,5270.555022861502
1620,5270.555022861505
1621,5270.555022861503
1622,5270.555022861502
1623,5270.555022861504
1624,5270.555022861504
1625,5270.555022861506
1626,5270.555018905288
1627,5270.5550216106585
1628,5270.555023724133
1629,5270.555025381936
1630,5270.555012065254
1631,5270.555027565955
1632,5270.555026309732
1633,5270.555028770144
1634,5270.555023868625
1635,5270.555025145767
1636,5270.555022469521
1637,5270.555022108222
1638,5270.555021848404
1639,5270.5550204533965
1640,5270.555022222107
1641,5270.555024121346
1642,5270.555021828425
1643,5270.555007509885
1644,5270.5550251696495
1645,5270.555022425848
1646,5270.5550231527595
1647,5270.555023507906
1648,5270.555022821164
1649,5270.5550216076235
1650,5270.555022974823
1651,5270.555021712617
1652,5270.555024457471
1653,5270.555027613779
1654,5270.555024270447
1655,5270.555026294494
1656,5270.555016857772
1657,5270.555024134355
1658,5270.555022454614
1659,5270.555024280957
1660,5270.555024614819
1661,5270.555023764454
1662,5270.5550196260065
1663,5270.555020697437
1664,5270.555023724132
1665,5270.555035753801
1666,5252.850111915994
1667,5252.850111915998
1668,5252.850111915998
1669,5252.850111915995
1670,5252.850111915995
1671,5252.8501119159955
1672,5252.850111915993
1673,5252.850111915994
1674,5252.850111915995
1675,5252.850112629597
1676,5252.850113016695
1677,5252.85011200404
1678,5252.850116746708
1679,5252.850103447081
1680,5252.850118758111
1681,5252.8501205726425
1682,5252.8501200048495
1683,5252.850113304393
1684,5252.850113835006
1685,5252.850117628117
1686,5252.850105858897
1687,5252.85010917193
1688,5252.850106101068
1689,5252.850109633198
1690,5252.850113384269
1691,5252.850110917689
1692,5252.850097533336
1693,5252.850117053156
1694,5252.850109826708
1695,5252.850111395891
1696,5252.850112469354
1697,5252.850118091948
1698,5252.850112305842
1699,5252.850111867642
1700,5252.850111515391
1701,5252.850119285218
1702,5252.85011924677
1703,5252.850115005624
1704,5252.850114957394
1705,5252.850105604831
1706,5252.850114029544
1707,5252.850112597795
1708,5252.850112845138
1709,5252.850113243666
1710,5252.850111405585
1711,5252.850111309237
1712,5252.850109926459
1713,5252.850114664674
1714,5252.850122989798
1715,5264.386421114347
1716,5264.386421114349
1717,5264.386421114349
1718,5264.386421114342
1719,5264.386421114343
1720,5264.386421114342
1721,5264.38642111434
1722,5264.386421114349
1723,5264.386421114344
1724,5264.386368111431
1725,5264.3863688699175
1726,5264.3864226270225
1727,5264.386420738764
1728,5264.386402404856
1729,5264.386389532229
1730,5264.386338340275
1731,5264.386388263877
1732,5264.386420944507
1733,5264.386421350079
1734,5264.386405142462
1735,5264.386436988208
1736,5264.38641529158
1737,5264.386473141861
1738,5264.3864219773295
1739,5264.386427135927
1740,5264.38637672049
1741,5264.386451570896
1742,5264.38640285322
1743,5264.386453704794
1744,5264.38642065555
1745,5264.386418270649
1746,5264.386405104805
1747,5264.386420743227
1748,5264.386420058902
1749,5264.386417458446
1750,5264.38640914418
1751,5264.386378782279
1752,5264.386421745038
1753,5264.386428215596
1754,5264.386436829817
1755,5264.386424713833
1756,5264.38642112327
1757,5264.3864212107455
1758,5264.3864197895255
1759,5264.386425371776
1760,5264.38641972765
1761,5264.386415503334
1762,5264.386419333908
1763,5264.386393441078
1764,5242.39639772301
1765,5242.39639772301
1766,5242.396397723011
1767,5242.39639772301
1768,5242.39639772301
1769,5242.396397723009
1770,5242.396397723009
1771,5242.396397723008
1772,5242.3963977230105
1773,5242.396380409155
1774,5242.396379300583
1775,5242.3963983322255
1776,5242.396401216939
1777,5242.39638630261
1778,5242.396392622793
1779,5242.396375851421
1780,5242.396391962298
1781,5242.39640093539
1782,5242.396398815614
1783,5242.39639635408
1784,5242.396400107102
1785,5242.39638973161
1786,5242.39640964195
1787,5242.396396725083
1788,5242.396400489603
1789,5242.396383630769
1790,5242.3963977840385
1791,5242.396396180344
1792,5242.396408267831
1793,5242.3963957667265
1794,5242.3963968796625
1795,5242.396396577722
1796,5242.396397789174
1797,5242.3963977611975
1798,5242.3963967577265
1799,5242.396398628023
1800,5242.396384859752
1801,5242.396400356269
1802,5242.396400809616
1803,5242.39639843562
1804,5242.39640121647
1805,5242.396398856513
1806,5242.396398113197
1807,5242.3963980252665
1808,5242.396399003439
1809,5242.396397195515
1810,5242.396394260415
1811,5242.3964002592675
1812,5242.396394182541
1813,5227.939998303374
1814,5227.939998303372
1815,5227.939998303372
1816,5227.939998303371
1817,5227.939998303374
1818,5227.9399983033745
1819,5227.939998303373
1820,5227.939998303373
1821,5227.939998303374
1822,5227.939995376595
1823,5227.939983154074
1824,5227.93999826161
1825,5227.940001166639
1826,5227.939991577642
1827,5227.9399927721015
1828,5227.939986530836
1829,5227.939996529373
1830,5227.939993090778
1831,5227.940000619325
1832,5227.939999787299
1833,5227.939997304683
1834,5227.940000268684
1835,5227.940004132877
1836,5227.939995975435
1837,5227.940000367467
1838,5227.939987592659
1839,5227.94000532504
1840,5227.940000251739
1841,5227.940006188815
1842,5227.940000774317
1843,5227.939999080091
1844,5227.93999993926
1845,5227.940000395728
1846,5227.939994623336
1847,5227.939995533485
1848,5227.9400004900845
1849,5227.939992262314
1850,5227.940002075748
1851,5227.94000238171
1852,5227.940000550753
1853,5227.939999965589
1854,5227.939997533658
1855,5227.939999328529
1856,5227.939998246244
1857,5227.93999865206
1858,5227.940001543432
1859,5227.939996964646
1860,5227.9400009801575
1861,5227.939994395149
1862,5221.687994675177
1863,5221.68799467517
1864,5221.68799467517
1865,5221.687994675172
1866,5221.6879946751715
1867,5221.687994675174
1868,5221.687994675175
1869,5221.687994675176
1870,5221.687994675176
1871,5221.68796754241
1872,5221.687984756513
1873,5221.6879946859435
1874,5221.687998230675
1875,5221.687998973683
1876,5221.687995769266
1877,5221.687953866974
1878,5221.687964723575
1879,5221.687994408176
1880,5221.687996756233
1881,5221.687994722949
1882,5221.687990842603
1883,5221.688010324811
1884,5221.688028612523
1885,5221.687992403514
1886,5221.687995927811
1887,5221.6879963047695
1888,5221.688004229577
1889,5221.687970443288
1890,5221.687995007159
1891,5221.687994952946
1892,5221.687995413947
1893,5221.687994896205
1894,5221.687996302219
1895,5221.687997879481
1896,5221.687991564572
1897,5221.687996781957
1898,5221.6879887006835
1899,5221.688000915873
1900,5221.687990312929
1901,5221.6879921035725
1902,5221.68799712941
1903,5221.687995378052
1904,5221.687996006095
1905,5221.687993638497
1906,5221.687994632811
1907,5221.6879926691445
1908,5221.687993268791
1909,5221.688000841125
1910,5221.6879956932235
1911,5218.4834012768315
1912,5218.483401276826
1913,5218.483401276829
1914,5218.48340127683
1915,5218.4834012768315
1916,5218.483401276832
1917,5218.483401276833
1918,5218.483401276831
1919,5218.48340127683
1920,5218.4834423010425
1921,5218.4834038600975
1922,5218.483400810108
1923,5218.483403305542
1924,5218.483409982519
1925,5218.483415103175
1926,5218.48343655131
1927,5218.483411630337
1928,5218.483405761249
1929,5218.4834046103215
1930,5218.483403343446
1931,5218.483405082266
1932,5218.4833852863485
1933,5218.483366431407
1934,5218.483398640144
1935,5218.483400759168
1936,5218.483421775952
1937,5218.4833941238385
1938,5218.483417776894
1939,5218.483391298506
1940,5218.483399526121
1941,5218.483404779633
1942,5218.483403235326
1943,5218.483405187162
1944,5218.483398249873
1945,5218.483402535987
1946,5218.483401700282
1947,5218.4833918931545
1948,5218.483407876623
1949,5218.483396323509
1950,5218.483391221742
1951,5218.483405941619
1952,5218.483402765134
1953,5218.4834017347475
1954,5218.483399949373
1955,5218.483401284874
1956,5218.483407488404
1957,5218.483402250195
1958,5218.483410547279
1959,5218.483406048537
1960,5214.433486504908
1961,5214.433486504908
1962,5214.433486504908
1963,5214.433486504908
1964,5214.433486504908
1965,5214.433486504908
1966,5214.433486504909
1967,5214.433486504906
1968,5214.433486504908
1969,5214.433495503403
1970,5214.4334772640495
1971,5214.433486443114
1972,5214.433487818802
1973,5214.433490584594
1974,5214.433489478665
1975,5214.433481700601
1976,5214.433477408065
1977,5214.433487343374
1978,5214.433489322884
1979,5214.433483584997
1980,5214.433491718087
1981,5214.433484980813
1982,5214.4334854545505
1983,5214.433484198832
1984,5214.43348740084
1985,5214.433492501942
1986,5214.433492482005
1987,5214.433485337473
1988,5214.433484926891
1989,5214.4334867214575
1990,5214.4334887279265
1991,5214.433483521077
1992,5214.433489900828
1993,5214.433485254945
1994,5214.433485377896
1995,5214.433483723328
1996,5214.433474205544
1997,5214.433491932691
1998,5214.433483036504
1999,5214.433482666591
2000,5214.433490232006
2001,5214.4334871591145
2002,5214.433487207694
2003,5214.433484647151
2004,5214.433487237265
2005,5214.433489622826
2006,5214.433486308063
2007,5214.433493110434
2008,5214.433486074892
2009,5212.487355899673
2010,5212.487355899671
2011,5212.487355899673
2012,5212.487355899673
2013,5212.487355899673
2014,5212.487355899672
2015,5212.487355899673
2016,5212.487355899673
2017,5212.487355899675
2018,5212.48735748333
2019,5212.487349671648
2020,5212.487355709531
2021,5212.487358864749
2022,5212.487360262971
2023,5212.487359577843
2024,5212.4873469944905
2025,5212.487343762957
2026,5212.487357595995
2027,5212.487358389825
2028,5212.487355876151
2029,5212.48735719086
2030,5212.487356322613
2031,5212.487360560858
2032,5212.487353239643
2033,5212.487356470941
2034,5212.4873611782095
2035,5212.487361396071
2036,5212.487349724364
2037,5212.487352808524
2038,5212.487355418359
2039,5212.487357725518
2040,5212.487355891178
2041,5212.487359084145
2042,5212.487356191609
2043,5212.487354794988
2044,5212.487356505027
2045,5212.48734794062
2046,5212.487361817775
2047,5212.48735158922
2048,5212.487351606391
2049,5212.487359611155
2050,5212.487357042357
2051,5212.487356627287
2052,5212.487354139615
2053,5212.487356018334
2054,5212.487357778219
2055,5212.48735536434
2056,5212.4873637619
2057,5212.4873572779425
2058,5205.184057614748
2059,5205.184057614745
2060,5205.184057614744
2061,5205.184057614747
2062,5205.184057614748
2063,5205.184057614748
2064,5205.184057614744
2065,5205.184057614748
2066,5205.184057614746
2067,5205.184054728977
2068,5205.184054937759
2069,5205.184057487934
2070,5205.184061859884
2071,5205.184058788111
2072,5205.184060706279
2073,5205.184053480721
2074,5205.184049805193
2075,5205.184057826571
2076,5205.1840600500855
2077,5205.1840596316715
2078,5205.184056314581
2079,5205.184061126845
2080,5205.184062379395
2081,5205.184054183701
2082,5205.184057621075
2083,5205.184058832402
2084,5205.184061847222
2085,5205.18405180562
2086,5205.184052416864
2087,5205.184058021569
2088,5205.184059411853
2089,5205.184059697539
2090,5205.184061154986
2091,5205.184057984682
2092,5205.184056270599
2093,5205.18406066038
2094,5205.184060517764
2095,5205.184062317791
2096,5205.184054302547
2097,5205.184053533507
2098,5205.184060920481
2099,5205.184058496147
2100,5205.184058361773
2101,5205.184055634732
2102,5205.184057241009
2103,5205.184058695958
2104,5205.184057061663
2105,5205.184064979451
2106,5205.184062110254
2107,5191.13393580163
2108,5191.133935801629
2109,5191.133935801631
2110,5191.133935801631
2111,5191.133935801632
2112,5191.13393580163
2113,5191.13393580163
2114,5191.133935801629
2115,5191.13393580163
2116,5191.133918529115
2117,5191.133936343248
2118,5191.133936075467
2119,5191.133941050456
2120,5191.133933632216
2121,5191.133939645828
2122,5191.133922647562
2123,5191.133929724678
2124,5191.13393127918
2125,5191.133937921243
2126,5191.133938502923
2127,5191.133929865102
2128,5191.133944750492
2129,5191.133950638533
2130,5191.1339316484955
2131,5191.133935607162
2132,5191.133934647723
2133,5191.133933978133
2134,5191.1339325096715
2135,5191.133934960891
2136,5191.133938702857
2137,5191.133937138619
2138,5191.133938605966
2139,5191.1339391608
2140,5191.133937089123
2141,5191.133932969612
2142,5191.133941286378
2143,5191.133945930044
2144,5191.133937887026
2145,5191.133936525181
2146,5191.1339307806975
2147,5191.13393712067
2148,5191.1339353368985
2149,5191.133936914372
2150,5191.133933779479
2151,5191.133934780074
2152,5191.133935395145
2153,5191.13393467426
2154,5191.13393880411
2155,5191.133935596791
2156,5190.430450045723
2157,5190.43045004572
2158,5190.430450045723
2159,5190.430450045725
2160,5190.430450045722
2161,5190.430450045722
2162,5190.430450045725
2163,5190.430450045723
2164,5190.430450045721
2165,5190.430457927984
2166,5190.430472094929
2167,5190.430450556977
2168,5190.430453663006
2169,5190.4304490236
2170,5190.430430916995
2171,5190.4304763677565
2172,5190.430448143704
2173,5190.430435288982
2174,5190.430453122706
2175,5190.430446820037
2176,5190.430450246782
2177,5190.430444755695
2178,5190.430442157922
2179,5190.430446271105
2180,5190.430452724557
2181,5190.4304151621145
2182,5190.4304769498885
2183,5190.430435482766
2184,5190.4304266622585
2185,5190.430457394294
2186,5190.430452995824
2187,5190.430446840234
2188,5190.430452172157
2189,5190.430446085754
2190,5190.430447949152
2191,5190.430450761715
2192,5190.430469067035
2193,5190.430451529332
2194,5190.430453232545
2195,5190.430455335096
2196,5190.4304482798
2197,5190.4304481513
2198,5190.430451020427
2199,5190.430447402326
2200,5190.4304508229425
2201,5190.4304498516185
2202,5190.430449895866
2203,5190.4304488792895
2204,5190.430453169237
2205,5186.6317258219015
2206,5186.631725821905
2207,5186.631725821905
2208,5186.631725821903
2209,5186.631725821902
2210,5186.631725821902
2211,5186.6317258219
2212,5186.6317258219015
2213,5186.631725821902
2214,5186.631721592175
2215,5186.631737354418
2216,5186.631726203538
2217,5186.6317303522
2218,5186.63172422676
2219,5186.631718097333
2220,5186.631733486035
2221,5186.631722143158
2222,5186.631716461781
2223,5186.631728417327
2224,5186.631725687269
2225,5186.631722957104
2226,5186.63172718501
2227,5186.631728572527
2228,5186.631721832825
2229,5186.631726988977
2230,5186.631707669295
2231,5186.631738449129
2232,5186.631716924761
2233,5186.631713207189
2234,5186.631730847158
2235,5186.6317279753885
2236,5186.631725742333
2237,5186.631728578545
2238,5186.63172451446
2239,5186.631723456232
2240,5186.631729028521
2241,5186.631740747331
2242,5186.6317276397
2243,5186.631727697191
2244,5186.6317258861245
2245,5186.631725687874
2246,5186.631724679345
2247,5186.6317268421035
2248,5186.631723462604
2249,5186.631725698722
2250,5186.631725520589
2251,5186.63172519182
2252,5186.631727059791
2253,5186.6317275933825
2254,5180.631160219834
2255,5180.631160219835
2256,5180.631160219834
2257,5180.631160219835
2258,5180.631160219834
2259,5180.631160219834
2260,5180.631160219834
2261,5180.631160219835
2262,5180.631160219837
2263,5180.631163568891
2264,5180.631173131271
2265,5180.631160703924
2266,5180.631164559967
2267,5180.63116017307
2268,5180.631159854844
2269,5180.631174607244
2270,5180.631162709906
2271,5180.631156740611
2272,5180.631162509024
2273,5180.631160170556
2274,5180.631158875568
2275,5180.631152688042
2276,5180.631153403225
2277,5180.631156874904
2278,5180.6311609100685
2279,5180.631151652993
2280,5180.63116214278
2281,5180.631160636064
2282,5180.631149698436
2283,5180.631162286652
2284,5180.631162281698
2285,5180.631160202952
2286,5180.631162545283
2287,5180.63115980846
2288,5180.631159385702
2289,5180.6311632885245
2290,5180.631169026921
2291,5180.631161960616
2292,5180.6311615253735
2293,5180.631156054742
2294,5180.631161374525
2295,5180.631160083731
2296,5180.631160996369
2297,5180.631158168043
2298,5180.6311601653815
2299,5180.631160454519
2300,5180.6311592486145
2301,5180.631162510764
2302,5180.63116023864
2303,5174.3905342978405
2304,5174.390534297841
2305,5174.39053429784
2306,5174.390534297841
2307,5174.3905342978405
2308,5174.390534297841
2309,5174.3905342978405
2310,5174.3905342978405
2311,5174.3905342978405
2312,5174.390533099847
2313,5174.390540878587
2314,5174.390535088266
2315,5174.390536013946
2316,5174.39053406499
2317,5174.390536298878
2318,5174.390534308385
2319,5174.390533253695
2320,5174.390535517189
2321,5174.390536269696
2322,5174.390528104629
2323,5174.390539425457
2324,5174.390525935644
2325,5174.39053383242
2326,5174.390532397669
2327,5174.390535809287
2328,5174.390529457128
2329,5174.390533243143
2330,5174.390537886287
2331,5174.3905316279
2332,5174.390534695577
2333,5174.390536061028
2334,5174.390528108396
2335,5174.390535710606
2336,5174.390535042645
2337,5174.390533994792
2338,5174.390531814451
2339,5174.3905313218065
2340,5174.390534915853
2341,5174.390535662051
2342,5174.390529040354
2343,5174.390536213936
2344,5174.390534661546
2345,5174.390534984167
2346,5174.390532252636
2347,5174.3905354275
2348,5174.390534241544
2349,5174.390532710193
2350,5174.390533961133
2351,5174.390529426876
2352,5168.70442465972
2353,5168.704424659722
2354,5168.704424659722
2355,5168.70442465972
2356,5168.704424659721
2357,5168.704424659721
2358,5168.704424659721
2359,5168.704424659723
2360,5168.704424659723
2361,5168.704434573984
2362,5168.704431082216
2363,5168.704425302749
2364,5168.704426061512
2365,5168.704425081734
2366,5168.704431793429
2367,5168.704434077455
2368,5168.704431207859
2369,5168.704432038856
2370,5168.704426584268
2371,5168.704419299204
2372,5168.704432289595
2373,5168.704411345703
2374,5168.704413263052
2375,5168.704423376676
2376,5168.704425322548
2377,5168.704426593032
2378,5168.704418340745
2379,5168.704437034887
2380,5168.704423836976
2381,5168.704422577934
2382,5168.704426649789
2383,5168.70441929861
2384,5168.704426022879
2385,5168.704425063038
2386,5168.704425900363
2387,5168.704421879211
2388,5168.7044186555895
2389,5168.704425636721
2390,5168.70442525204
2391,5168.7044173743625
2392,5168.704428114324
2393,5168.704426104955
2394,5168.704425034955
2395,5168.704422928179
2396,5168.704426062727
2397,5168.704425832579
2398,5168.704423174009
2399,5168.704427117143
2400,5168.704421469288
2401,5161.113995418429
2402,5161.113995418428
2403,5161.113995418426
2404,5161.113995418427
2405,5161.113995418428
2406,5161.113995418428
2407,5161.113995418427
2408,5161.113995418427
2409,5161.113995418426
2410,5161.114003202979
2411,5161.113997954795
2412,5161.113995995882
2413,5161.11399531973
2414,5161.113994652953
2415,5161.114000878782
2416,5161.113997268873
2417,5161.114002294406
2418,5161.114002720347
2419,5161.113997516738
2420,5161.11398834112
2421,5161.11400512797
2422,5161.113991066493
2423,5161.113989957737
2424,5161.113994718163
2425,5161.1139963885735
2426,5161.113993583852
2427,5161.113994359532
2428,5161.114009161433
2429,5161.113999500343
2430,5161.113994517766
2431,5161.113997629968
2432,5161.113988382522
2433,5161.113996311598
2434,5161.113994243916
2435,5161.113996254044
2436,5161.113990639302
2437,5161.113991235806
2438,5161.113996001003
2439,5161.11399807719
2440,5161.1139908565165
2441,5161.113998159789
2442,5161.113996542716
2443,5161.113995905051
2444,5161.113994172025
2445,5161.113997538539
2446,5161.1139972267165
2447,5161.1139941076135
2448,5161.113995210085
2449,5161.1139914214245
2450,5156.085461008385
2451,5156.085461008387
2452,5156.085461008385
2453,5156.085461008386
2454,5156.085461008384
2455,5156.0854610083825
2456,5156.085461008387
2457,5156.085461008384
2458,5156.085461008385
2459,5156.0854375962435
2460,5156.0854554856
2461,5156.085461479871
2462,5156.0854582868105
2463,5156.085468555989
2464,5156.085457298977
2465,5156.0854116475675
2466,5156.0854301209565
2467,5156.085468509502
2468,5156.08546296729
2469,5156.085447910303
2470,5156.085467851648
2471,5156.085467844065
2472,5156.085494050893
2473,5156.085462066233
2474,5156.08546040587
2475,5156.085464782047
2476,5156.085480562306
2477,5156.085443922696
2478,5156.08546789307
2479,5156.085459780463
2480,5156.085462771228
2481,5156.085448030318
2482,5156.085459974848
2483,5156.085464746936
2484,5156.085460340262
2485,5156.085451652341
2486,5156.085438435134
2487,5156.085462331029
2488,5156.085457010392
2489,5156.085459394797
2490,5156.085462867232
2491,5156.085462276729
2492,5156.085462148009
2493,5156.085459890848
2494,5156.085464228104
2495,5156.085459527493
2496,5156.085459582989
2497,5156.085467188019
2498,5156.085451253512
2499,5148.064257682852
2500,5148.064257682851
2501,5148.064257682853
2502,5148.06425768285
2503,5148.06425768285
2504,5148.064257682852
2505,5148.06425768285
2506,5148.064257682851
2507,5148.064257682852
2508,5148.0642483029815
2509,5148.064255469764
2510,5148.064258002076
2511,5148.064256340198
2512,5148.064262009879
2513,5148.064254992536
2514,5148.064235541506
2515,5148.064245524248
2516,5148.064262464816
2517,5148.064260201536
2518,5148.064249830896
2519,5148.064261637095
2520,5148.064266026365
2521,5148.064272878781
2522,5148.064257396396
2523,5148.0642565353355
2524,5148.064257100982
2525,5148.064274898661
2526,5148.0642532087595
2527,5148.064261052185
2528,5148.0642583619965
2529,5148.0642602451235
2530,5148.064249926501
2531,5148.064257760062
2532,5148.06425736055
2533,5148.064257089255
2534,5148.064252163898
2535,5148.0642523086235
2536,5148.064258883831
2537,5148.064256969973
2538,5148.064256789862
2539,5148.064259056089
2540,5148.064258315035
2541,5148.064258763811
2542,5148.064256905004
2543,5148.064260217467
2544,5148.064258276862
2545,5148.064257139158
2546,5148.064261622731
2547,5148.064252046914
2548,5140.30246278515
2549,5140.302462785152
2550,5140.302462785152
2551,5140.302462785153
2552,5140.302462785153
2553,5140.302462785152
2554,5140.302462785151
2555,5140.302462785151
2556,5140.302462785153
2557,5140.302464641803
2558,5140.302465347408
2559,5140.302462984465
2560,5140.302462817956
2561,5140.302465978191
2562,5140.302461232657
2563,5140.302467484481
2564,5140.302466495664
2565,5140.302464222513
2566,5140.3024660538995
2567,5140.30246073221
2568,5140.302460611178
2569,5140.302472560316
2570,5140.3024606695735
2571,5140.302460986382
2572,5140.30246008873
2573,5140.302462746836
2574,5140.302478137081
2575,5140.302468521709
2576,5140.302460591022
2577,5140.302465554407
2578,5140.302466378777
2579,5140.302460789864
2580,5140.302463839142
2581,5140.302459061654
2582,5140.302462036629
2583,5140.302461635314
2584,5140.302474167068
2585,5140.30246355847
2586,5140.302463582798
2587,5140.302461216541
2588,5140.302463409488
2589,5140.302462622565
2590,5140.302464032992
2591,5140.302462457254
2592,5140.302464522922
2593,5140.302464878937
2594,5140.30246347158
2595,5140.302465691275
2596,5140.3024610388575
2597,5133.442855537189
2598,5133.44285553719
2599,5133.442855537188
2600,5133.442855537189
2601,5133.442855537189
2602,5133.442855537187
2603,5133.442855537185
2604,5133.442855537187
2605,5133.442855537188
2606,5133.44286071536
2607,5133.442861653722
2608,5133.442855691407
2609,5133.442856558559
2610,5133.442858283869
2611,5133.442854594727
2612,5133.442876077035
2613,5133.4428672809845
2614,5133.442854296578
2615,5133.442859342723
2616,5133.4428576346645
2617,5133.442847085116
2618,5133.442866331447
2619,5133.442843679983
2620,5133.4428526565625
2621,5133.44285121635
2622,5133.442858644259
2623,5133.442869209078
2624,5133.442866132867
2625,5133.442848784974
2626,5133.442859750128
2627,5133.44285980608
2628,5133.442857635944
2629,5133.442857060022
2630,5133.442850394772
2631,5133.442854522284
2632,5133.4428576272
2633,5133.442877399716
2634,5133.442855371515
2635,5133.44285617223
2636,5133.442852448342
2637,5133.44285552465
2638,5133.442854789055
2639,5133.442857044828
2640,5133.442855650149
2641,5133.442856667839
2642,5133.442857810289
2643,5133.44285713892
2644,5133.442858355152
2645,5133.442856501809
2646,5121.74682704273
2647,5121.746827042724
2648,5121.7468270427225
2649,5121.746827042727
2650,5121.746827042726
2651,5121.746827042725
2652,5121.746827042726
2653,5121.746827042726
2654,5121.746827042726
2655,5121.746831440051
2656,5121.746833670538
2657,5121.746827102693
2658,5121.746828129607
2659,5121.746827278658
2660,5121.746822943035
2661,5121.746855209124
2662,5121.7468422057755
2663,5121.746822079168
2664,5121.746831195699
2665,5121.746831287101
2666,5121.746813252616
2667,5121.746839551692
2668,5121.74681102903
2669,5121.746823564143
2670,5121.746822029478
2671,5121.746829713426
2672,5121.746841931007
2673,5121.746839600043
2674,5121.74681773955
2675,5121.746833033187
2676,5121.74683160334
2677,5121.7468312084075
2678,5121.746828493708
2679,5121.746821071914
2680,5121.746825616652
2681,5121.746830718527
2682,5121.746854375358
2683,5121.746824794264
2684,5121.746828214971
2685,5121.746823778459
2686,5121.746826130422
2687,5121.746825666725
2688,5121.746828855935
2689,5121.74682795045
2690,5121.746827856227
2691,5121.746828663675
2692,5121.7468293018455
2693,5121.746828486208
2694,5121.746830198202
2695,5092.928222786067
2696,5092.9282227860685
2697,5092.928222786068
2698,5092.928222786065
2699,5092.9282227860685
2700,5092.928222786068
2701,5092.928222786066
2702,5092.928222786067
2703,5092.928222786066
2704,5092.92822475973
2705,5092.928227201542
2706,5092.928222334488
2707,5092.928221589948
2708,5092.928214930791
2709,5092.928211799173
2710,5092.928244572596
2711,5092.928235884652
2712,5092.9282111764005
2713,5092.928226619929
2714,5092.928226103149
2715,5092.9282049592375
2716,5092.928242723909
2717,5092.928213223025
2718,5092.9282196979375
2719,5092.928222486741
2720,5092.928215585534
2721,5092.92823779438
2722,5092.928235901533
2723,5092.928215696233
2724,5092.928231854725
2725,5092.928226531639
2726,5092.928225769729
2727,5092.928222453031
2728,5092.928217533922
2729,5092.928220943057
2730,5092.928225733467
2731,5092.9282477789575
2732,5092.928216028803
2733,5092.928229628477
2734,5092.928220696327
2735,5092.92822001888
2736,5092.928220816587
2737,5092.928225115887
2738,5092.928226371264
2739,5092.9282232048645
2740,5092.928221178315
2741,5092.928224998768
2742,5092.928211842414
2743,5092.928230622562
2744,5182.173229012822
2745,5182.173229012825
2746,5182.173229012823
2747,5182.173229012823
2748,5182.173229012825
2749,5182.173229012822
2750,5182.17322901282
2751,5182.173229012825
2752,5182.173229012823
2753,5182.173142538824
2754,5182.173222274812
2755,5182.17322657457
2756,5182.173249444638
2757,5182.17320481811
2758,5182.173250685646
2759,5182.17320231946
2760,5182.1732312411905
2761,5182.173241941139
2762,5182.173227403045
2763,5182.173270242814
2764,5182.173179229788
2765,5182.17323665272
2766,5182.173258921004
2767,5182.17322028089
2768,5182.173211385929
2769,5182.173261432323
2770,5182.173175037081
2771,5182.173223694176
2772,5182.173234970506
2773,5182.1732212762245
2774,5182.1732243723345
2775,5182.173268768912
2776,5182.173234722411
2777,5182.17324921801
2778,5182.173230349634
2779,5182.173266374295
2780,5182.173275684697
2781,5182.173218264742
2782,5182.1732165922585
2783,5182.173205829211
2784,5182.17323478592
2785,5182.173234675069
2786,5182.173230329049
2787,5182.173231638894
2788,5182.173222132482
2789,5182.1732131998
2790,5182.173224684575
2791,5182.173285887479
2792,5182.173260958944
2793,5086.126339090142
2794,5086.12633909014
2795,5086.12633909014
2796,5086.126339090137
2797,5086.126339090139
2798,5086.126339090143
2799,5086.126339090142
2800,5086.12633909014
2801,5086.126339090139
2802,5086.1263269765095
2803,5086.126343776431
2804,5086.126338232172
2805,5086.126343023751
2806,5086.1263290861725
2807,5086.1263371416035
2808,5086.126356586251
2809,5086.126352319449
2810,5086.126332686723
2811,5086.1263418404915
2812,5086.126351543883
2813,5086.126314251793
2814,5086.126354365327
2815,5086.126333106627
2816,5086.126334750067
2817,5086.126334628256
2818,5086.126342969115
2819,5086.1263368143045
2820,5086.1263504046265
2821,5086.126333121514
2822,5086.126344402151
2823,5086.126341184704
2824,5086.126350921214
2825,5086.126340033955
2826,5086.126338546134
2827,5086.126338040258
2828,5086.126350165649
2829,5086.126369355068
2830,5086.126332101614
2831,5086.126341769217
2832,5086.126331552635
2833,5086.126338328219
2834,5086.1263386035935
2835,5086.126341165118
2836,5086.12634253079
2837,5086.126337885455
2838,5086.126334647782
2839,5086.126340126933
2840,5086.126343753234
2841,5086.1263523435
2842,5062.150765166356
2843,5062.150765166358
2844,5062.150765166358
2845,5062.150765166356
2846,5062.150765166358
2847,5062.15076516636
2848,5062.150765166358
2849,5062.150765166359
2850,5062.150765166358
2851,5062.150765861388
2852,5062.150769084272
2853,5062.150764293046
2854,5062.150759748825
2855,5062.150758942484
2856,5062.1507461959245
2857,5062.150754190377
2858,5062.150757919286
2859,5062.150753214117
2860,5062.1507666054185
2861,5062.150763511292
2862,5062.1507468096115
2863,5062.150770019015
2864,5062.150769779858
2865,5062.15076594832
2866,5062.150772472721
2867,5062.150752616982
2868,5062.150780585962
2869,5062.150766751317
2870,5062.150767607091
2871,5062.150771277737
2872,5062.15076548859
2873,5062.150762874547
2874,5062.150759723319
2875,5062.150764496668
2876,5062.150764448145
2877,5062.15076470857
2878,5062.150748639411
2879,5062.150756780114
2880,5062.150772973104
2881,5062.150764781603
2882,5062.150761980465
2883,5062.150764523117
2884,5062.150768002154
2885,5062.150771875905
2886,5062.150766284148
2887,5062.1507578796345
2888,5062.1507650078
2889,5062.150746177672
2890,5062.150763353248
2891,5044.798721423621
2892,5044.798721423622
2893,5044.79872142362
2894,5044.798721423619
2895,5044.798721423624
2896,5044.798721423622
2897,5044.798721423621
2898,5044.798721423623
2899,5044.798721423622
2900,5044.798733525404
2901,5044.798732660022
2902,5044.798720694944
2903,5044.798720164447
2904,5044.798715832386
2905,5044.798717468204
2906,5044.798728532705
2907,5044.798725199198
2908,5044.798718636161
2909,5044.798722497157
2910,5044.798723053893
2911,5044.798711755844
2912,5044.79871284393
2913,5044.7987099973225
2914,5044.79872193596
2915,5044.798721669563
2916,5044.798724029702
2917,5044.798717903413
2918,5044.7987299776805
2919,5044.798721314061
2920,5044.798722905804
2921,5044.79872174714
2922,5044.79872269305
2923,5044.798718919831
2924,5044.798722693713
2925,5044.798723032248
2926,5044.798723453737
2927,5044.7987095501785
2928,5044.798715196791
2929,5044.798722835778
2930,5044.798715118003
2931,5044.798721774589
2932,5044.798722951255
2933,5044.7987229556375
2934,5044.798725821534
2935,5044.798722486319
2936,5044.798715083927
2937,5044.798720756543
2938,5044.79872924279
2939,5044.79872874315
2940,5033.540652933876
2941,5033.54065293388
2942,5033.54065293388
2943,5033.540652933881
2944,5033.540652933882
2945,5033.540652933879
2946,5033.54065293388
2947,5033.540652933878
2948,5033.540652933877
2949,5033.540622917962
2950,5033.540643204442
2951,5033.540651828035
2952,5033.540650284778
2953,5033.540637840229
2954,5033.5406456045
2955,5033.540614116275
2956,5033.5406405035665
2957,5033.540654875201
2958,5033.540652092052
2959,5033.540646821873
2960,5033.540652781146
2961,5033.540665096274
2962,5033.540680613365
2963,5033.540655170547
2964,5033.54065666564
2965,5033.540639079091
2966,5033.540651973379
2967,5033.540646575855
2968,5033.540665505809
2969,5033.5406536286155
2970,5033.5406508209535
2971,5033.540646631935
2972,5033.540648829961
2973,5033.540659862358
2974,5033.540653743645
2975,5033.540649789176
2976,5033.540645727948
2977,5033.540644621275
2978,5033.540653947219
2979,5033.540651420159
2980,5033.540654084361
2981,5033.540655369977
2982,5033.540654177381
2983,5033.5406566894735
2984,5033.540654874678
2985,5033.540642746386
2986,5033.540649866611
2987,5033.540651850853
2988,5033.54066288117
2989,5022.62279966741
2990,5022.622799667407
2991,5022.622799667407
2992,5022.622799667411
2993,5022.622799667407
2994,5022.622799667412
2995,5022.6227996674115
2996,5022.62279966741
2997,5022.6227996674115
2998,5022.622782679071
2999,5022.622793583212
3000,5022.62279883798
3001,5022.62279531946
3002,5022.62278867597
3003,5022.622794745677
3004,5022.622769246121
3005,5022.622790356313
3006,5022.622802497576
3007,5022.62279887721
3008,5022.622790850225
3009,5022.622804397657
3010,5022.622806409978
3011,5022.6228180730795
3012,5022.622803062609
3013,5022.622804599544
3014,5022.622787554776
3015,5022.622799283187
3016,5022.622797633209
3017,5022.62281117131
3018,5022.62280010204
3019,5022.622797882574
3020,5022.622790883965
3021,5022.62279455869
3022,5022.622804405164
3023,5022.622800995521
3024,5022.622793762839
3025,5022.622785919234
3026,5022.62279309338
3027,5022.622800207384
3028,5022.622798114339
3029,5022.622800960314
3030,5022.622802292481
3031,5022.622800775888
3032,5022.622803500527
3033,5022.622802428718
3034,5022.622790819656
3035,5022.622796842684
3036,5022.622795395354
3037,5022.622805980311
3038,4998.036494302973
3039,4998.036494302974
3040,4998.0364943029745
3041,4998.036494302973
3042,4998.036494302973
3043,4998.036494302974
3044,4998.036494302974
3045,4998.036494302974
3046,4998.036494302973
3047,4998.036490095565
3048,4998.036491909568
3049,4998.036493907279
3050,4998.036488408054
3051,4998.03649042575
3052,4998.036491689634
3053,4998.0364805708805
3054,4998.036490318374
3055,4998.036496929026
3056,4998.03649370292
3057,4998.0364850973565
3058,4998.036500290962
3059,4998.0364969818
3060,4998.036499889359
3061,4998.036498218318
3062,4998.036502621242
3063,4998.036479455127
3064,4998.036498904056
3065,4998.0364970159135
3066,4998.036500013522
3067,4998.03649558971
3068,4998.0364930360265
3069,4998.036485264422
3070,4998.036487474625
3071,4998.036493365034
3072,4998.036495670679
3073,4998.0364872731825
3074,4998.036481018435
3075,4998.036491656475
3076,4998.036494835002
3077,4998.0364940687805
3078,4998.036495378093
3079,4998.036496807604
3080,4998.03649555725
3081,4998.036498487487
3082,4998.036497587468
3083,4998.036487639558
3084,4998.036492162767
3085,4998.036476510349
3086,4998.0364919136455
3087,4973.989721700226
3088,4973.989721700223
3089,4973.989721700226
3090,4973.9897217002235
3091,4973.989721700224
3092,4973.989721700221
3093,4973.989721700223
3094,4973.9897217002235
3095,4973.989721700224
3096,4973.989708077466
3097,4973.989710545774
3098,4973.989721543954
3099,4973.989715366252
3100,4973.9897268528875
3101,4973.989722317533
3102,4973.989694131498
3103,4973.989704502787
3104,4973.989725185704
3105,4973.989720781111
3106,4973.989713577053
3107,4973.989722747393
3108,4973.989730400966
3109,4973.989736452094
3110,4973.989725533723
3111,4973.989729408249
3112,4973.98971765665
3113,4973.989731058896
3114,4973.989715129237
3115,4973.989726613559
3116,4973.989723350209
3117,4973.989720048687
3118,4973.9897137024
3119,4973.9897142770515
3120,4973.989719620619
3121,4973.98972252939
3122,4973.989715300992
3123,4973.989701160541
3124,4973.989723697349
3125,4973.989720343221
3126,4973.9897222046375
3127,4973.989722792909
3128,4973.989724356774
3129,4973.989723291585
3130,4973.989725794845
3131,4973.989724565092
3132,4973.989717030694
3133,4973.989719826406
3134,4973.989700928232
3135,4973.98970709507
3136,5068.257934113539
3137,5068.257934113537
3138,5068.257934113537
3139,5068.257934113538
3140,5068.257934113537
3141,5068.257934113534
3142,5068.257934113539
3143,5068.257934113535
3144,5068.257934113541
3145,5068.258031137014
3146,5068.257934554145
3147,5068.257935510343
3148,5068.257925594558
3149,5068.2579009772035
3150,5068.257922142604
3151,5068.258064381163
3152,5068.258007796489
3153,5068.257934556544
3154,5068.257936364222
3155,5068.257930974026
3156,5068.257954539663
3157,5068.257914193615
3158,5068.257844799611
3159,5068.257934985446
3160,5068.257947971204
3161,5068.2578726856
3162,5068.257948340621
3163,5068.257993355214
3164,5068.257903738183
3165,5068.257942803676
3166,5068.257938383395
3167,5068.257931787966
3168,5068.257931362942
3169,5068.257899409806
3170,5068.257938475243
3171,5068.257926380536
3172,5068.257976630399
3173,5068.257925522421
3174,5068.257955305009
3175,5068.2579511866015
3176,5068.257937535835
3177,5068.25793720869
3178,5068.257933751764
3179,5068.257938112777
3180,5068.257933682353
3181,5068.257940874764
3182,5068.257937498668
3183,5068.257881540558
3184,5068.257960893756
3185,4967.886422062536
3186,4967.886422062534
3187,4967.886422062534
3188,4967.886422062538
3189,4967.886422062536
3190,4967.8864220625355
3191,4967.886422062535
3192,4967.886422062535
3193,4967.886422062536
3194,4967.886435162939
3195,4967.886416328039
3196,4967.886422153658
3197,4967.8864163218595
3198,4967.886420381451
3199,4967.886423081938
3200,4967.886433951208
3201,4967.886428410537
3202,4967.886424410692
3203,4967.886421964438
3204,4967.886417579176
3205,4967.88642542849
3206,4967.886422675858
3207,4967.88641003116
3208,4967.8864247037745
3209,4967.886430536674
3210,4967.886408644698
3211,4967.8864288082805
3212,4967.886432637213
3213,4967.88641907209
3214,4967.886425052964
3215,4967.886421693006
3216,4967.88641767511
3217,4967.8864161369465
3218,4967.886413096429
3219,4967.886423649602
3220,4967.88641739446
3221,4967.886417493997
3222,4967.886423152922
3223,4967.886425061822
3224,4967.886424221121
3225,4967.886423677387
3226,4967.886424699917
3227,4967.886423310316
3228,4967.886426237401
3229,4967.8864239792065
3230,4967.886419947039
3231,4967.886421370078
3232,4967.886396610855
3233,4967.886415439626
3234,4960.014084989819
3235,4960.014084989816
3236,4960.014084989817
3237,4960.014084989816
3238,4960.014084989817
3239,4960.014084989819
3240,4960.014084989815
3241,4960.014084989815
3242,4960.014084989818
3243,4960.014096995083
3244,4960.014083479869
3245,4960.014085430637
3246,4960.014083926551
3247,4960.014089620442
3248,4960.014094642648
3249,4960.014102510548
3250,4960.014089900298
3251,4960.014087782351
3252,4960.014085439674
3253,4960.014089025015
3254,4960.01408064184
3255,4960.014080327422
3256,4960.014067548967
3257,4960.014085399485
3258,4960.014084484599
3259,4960.014092926332
3260,4960.014081632397
3261,4960.0140939687235
3262,4960.0140772173345
3263,4960.014086687393
3264,4960.014085055201
3265,4960.014088712973
3266,4960.014082473386
3267,4960.014077044834
3268,4960.014086748302
3269,4960.014086967966
3270,4960.0140828066205
3271,4960.014087917758
3272,4960.0140829390375
3273,4960.014081792704
3274,4960.014087404932
3275,4960.014087962513
3276,4960.014086060602
3277,4960.014088282833
3278,4960.014085898692
3279,4960.014083880312
3280,4960.014084916036
3281,4960.014084659321
3282,4960.014077682097
3283,4956.4621944002665
3284,4956.462194400263
3285,4956.462194400265
3286,4956.462194400266
3287,4956.462194400265
3288,4956.462194400266
3289,4956.4621944002665
3290,4956.4621944002665
3291,4956.462194400266
3292,4956.46218743385
3293,4956.4621821880555
3294,4956.462194185518
3295,4956.462190540196
3296,4956.46219494248
3297,4956.462192759669
3298,4956.462186606497
3299,4956.46218191803
3300,4956.46219693409
3301,4956.462193820957
3302,4956.462191720018
3303,4956.46219181257
3304,4956.4622015161485
3305,4956.462197513609
3306,4956.46219675923
3307,4956.462195162027
3308,4956.462194983441
3309,4956.462199721067
3310,4956.462185807993
3311,4956.462188843713
3312,4956.462196637726
3313,4956.462193357478
3314,4956.462191670393
3315,4956.462189947674
3316,4956.462190697552
3317,4956.462196084514
3318,4956.462191723596
3319,4956.462185806311
3320,4956.46219317372
3321,4956.462192601606
3322,4956.462196135007
3323,4956.4621964344315
3324,4956.462197885616
3325,4956.462195681316
3326,4956.462197887397
3327,4956.462195933886
3328,4956.462191245013
3329,4956.462193601767
3330,4956.4621912413395
3331,4956.462189028717
3332,4952.8828512577065
3333,4952.8828512577065
3334,4952.882851257705
3335,4952.882851257706
3336,4952.882851257707
3337,4952.8828512577065
3338,4952.882851257707
3339,4952.8828512577065
3340,4952.8828512577065
3341,4952.882848747066
3342,4952.882845275634
3343,4952.882850861648
3344,4952.882848954143
3345,4952.8828496860915
3346,4952.882850436015
3347,4952.8828537807085
3348,4952.882846264888
3349,4952.882852904126
3350,4952.882851168358
3351,4952.882851304504
3352,4952.88284751073
3353,4952.882856175881
3354,4952.882848224404
3355,4952.882852688841
3356,4952.882849962802
3357,4952.88285206402
3358,4952.882852817156
3359,4952.882847667877
3360,4952.882844129103
3361,4952.882853517013
3362,4952.882850804346
3363,4952.882851087777
3364,4952.88284814089
3365,4952.882847686171
3366,4952.882853140505
3367,4952.882850754271
3368,4952.882850899642
3369,4952.882848522963
3370,4952.88284974069
3371,4952.88285099051
3372,4952.882853573286
3373,4952.882854729772
3374,4952.88285239447
3375,4952.882854696271
3376,4952.882852405236
3377,4952.88284785889
3378,4952.882850840193
3379,4952.882854588746
3380,4952.882852505506
3381,4948.68724855686
3382,4948.687248556859
3383,4948.687248556859
3384,4948.68724855686
3385,4948.687248556858
3386,4948.687248556859
3387,4948.687248556861
3388,4948.687248556859
3389,4948.687248556859
3390,4948.687248745673
3391,4948.68724420689
3392,4948.687248004126
3393,4948.687246530493
3394,4948.687246182767
3395,4948.687250137325
3396,4948.687250057916
3397,4948.687245541541
3398,4948.687250175091
3399,4948.687248344441
3400,4948.687248811483
3401,4948.687246097351
3402,4948.68725370019
3403,4948.687245887534
3404,4948.687249957216
3405,4948.687246587122
3406,4948.687251449496
3407,4948.687246467329
3408,4948.68724741048
3409,4948.687243745535
3410,4948.687250729819
3411,4948.687248014301
3412,4948.687248603003
3413,4948.687246023131
3414,4948.68724610054
3415,4948.687250603615
3416,4948.6872483193965
3417,4948.687248136089
3418,4948.687245581352
3419,4948.687247993101
3420,4948.687247299038
3421,4948.687250937164
3422,4948.687252164234
3423,4948.687249527633
3424,4948.68725191932
3425,4948.687249421663
3426,4948.687245346747
3427,4948.687247994615
3428,4948.687254548826
3429,4948.687251998565
3430,4933.203782469598
3431,4933.203782469597
3432,4933.203782469598
3433,4933.203782469598
3434,4933.203782469596
3435,4933.203782469597
3436,4933.203782469597
3437,4933.203782469597
3438,4933.203782469598
3439,4933.203782157327
3440,4933.203787703806
3441,4933.203781259011
3442,4933.203782500524
3443,4933.203779981783
3444,4933.203775850885
3445,4933.203781404545
3446,4933.2037780047285
3447,4933.203783126143
3448,4933.20378195824
3449,4933.203784237241
3450,4933.203781896473
3451,4933.203791585602
3452,4933.203787746973
3453,4933.2037828474895
3454,4933.203780293488
3455,4933.203769332121
3456,4933.203789198889
3457,4933.2037742939065
3458,4933.203776181125
3459,4933.203785196795
3460,4933.203782031143
3461,4933.20378392343
3462,4933.203782073121
3463,4933.20378027393
3464,4933.203784679199
3465,4933.203784583536
3466,4933.203793388309
3467,4933.203780067845
3468,4933.203785706175
3469,4933.20378577374
3470,4933.20378400244
3471,4933.203786298859
3472,4933.203782860145
3473,4933.203784895386
3474,4933.20378241322
3475,4933.203780047947
3476,4933.203781665607
3477,4933.20379482191
3478,4933.203790849679
3479,4930.115919982141
3480,4930.115919982136
3481,4930.115919982138
3482,4930.115919982139
3483,4930.115919982136
3484,4930.115919982137
3485,4930.115919982134
3486,4930.115919982138
3487,4930.115919982139
3488,4930.11591132831
3489,4930.115906896323
3490,4930.1159173094275
3491,4930.115918550038
3492,4930.115910743432
3493,4930.115939079094
3494,4930.115887560594
3495,4930.115924346564
3496,4930.115923762891
3497,4930.115916895036
3498,4930.115919832842
3499,4930.115923911822
3500,4930.115934828521
3501,4930.115939478026
3502,4930.115921684932
3503,4930.115915819216
3504,4930.115936434294
3505,4930.11589380593
3506,4930.115935187759
3507,4930.115942265122
3508,4930.1159216256365
3509,4930.1159165211875
3510,4930.11591957699
3511,4930.115919781792
3512,4930.115929226485
3513,4930.115922263612
3514,4930.1159200202555
3515,4930.115914646616
3516,4930.115914218683
3517,4930.115926613895
3518,4930.115912993095
3519,4930.115921031981
3520,4930.115924211147
3521,4930.1159200005695
3522,4930.11592242718
3523,4930.115918386747
3524,4930.115918069379
3525,4930.115916893378
3526,4930.1159228454135
3527,4930.115925813511
3528,4917.40445955871
3529,4917.404459558711
3530,4917.404459558711
3531,4917.404459558712
3532,4917.404459558711
3533,4917.404459558712
3534,4917.40445955871
3535,4917.40445955871
3536,4917.404459558709
3537,4917.404466321806
3538,4917.404463059252
3539,4917.404458571298
3540,4917.404458578218
3541,4917.404458526289
3542,4917.404466267509
3543,4917.404454636531
3544,4917.404462700658
3545,4917.404460415546
3546,4917.404458181403
3547,4917.404461250726
3548,4917.404459877497
3549,4917.404462627733
3550,4917.404461376472
3551,4917.4044603915645
3552,4917.404457082573
3553,4917.404462032457
3554,4917.404452877926
3555,4917.404466752214
3556,4917.404463586746
3557,4917.404461877097
3558,4917.404458244022
3559,4917.404460989672
3560,4917.404459044491
3561,4917.404459486793
3562,4917.4044618232565
3563,4917.404461096223
3564,4917.404458478425
3565,4917.404457810095
3566,4917.404464467829
3567,4917.404457798702
3568,4917.404460125326
3569,4917.404463099601
3570,4917.404459717905
3571,4917.404461900419
3572,4917.404458796596
3573,4917.404459214113
3574,4917.404458161133
3575,4917.404463489288
3576,4917.404459868602
3577,4913.855728529695
3578,4913.855728529696
3579,4913.8557285296965
3580,4913.855728529696
3581,4913.855728529697
3582,4913.855728529695
3583,4913.855728529695
3584,4913.8557285296965
3585,4913.855728529695
3586,4913.855730107134
3587,4913.855732280826
3588,4913.855727890535
3589,4913.855728220955
3590,4913.85572919084
3591,4913.855730878652
3592,4913.855727218101
3593,4913.85572910252
3594,4913.855729323603
3595,4913.855727231562
3596,4913.855731043454
3597,4913.8557272219205
3598,4913.855729354883
3599,4913.855729379075
3600,4913.855728966127
3601,4913.855726033196
3602,4913.85572556876
3603,4913.85572829233
3604,4913.855730666361
3605,4913.855727656422
3606,4913.855730858839
3607,4913.85572738527
3608,4913.8557307469755
3609,4913.855727983941
3610,4913.855726597047
3611,4913.855730665137
3612,4913.85573075588
3613,4913.85573057706
3614,4913.855727407894
3615,4913.855731659933
3616,4913.855728970087
3617,4913.855728808403
3618,4913.855731926098
3619,4913.855728646603
3620,4913.855730421555
3621,4913.855727987295
3622,4913.855728497941
3623,4913.855727294865
3624,4913.855731940633
3625,4913.855725649824
3626,4910.229162834867
3627,4910.229162834867
3628,4910.229162834866
3629,4910.229162834868
3630,4910.229162834867
3631,4910.229162834867
3632,4910.229162834868
3633,4910.2291628348685
3634,4910.229162834867
3635,4910.229163657283
3636,4910.22916633177
3637,4910.2291627828
3638,4910.229161538906
3639,4910.229164888894
3640,4910.229163051302
3641,4910.229163952865
3642,4910.229161396927
3643,4910.229163157539
3644,4910.2291613858915
3645,4910.229162886425
3646,4910.229162968638
3647,4910.229159571896
3648,4910.229161122304
3649,4910.229163774627
3650,4910.229160755669
3651,4910.229158391653
3652,4910.229166175888
3653,4910.229162561477
3654,4910.229159173034
3655,4910.229165172812
3656,4910.229161811489
3657,4910.229162877966
3658,4910.229161490828
3659,4910.229159900824
3660,4910.229164973892
3661,4910.229163067389
3662,4910.229161504904
3663,4910.229161618792
3664,4910.229164101258
3665,4910.229164669381
3666,4910.2291626515025
3667,4910.229166016845
3668,4910.2291627940685
3669,4910.229164164139
3670,4910.229162898781
3671,4910.229163547151
3672,4910.229161756604
3673,4910.2291630043155
3674,4910.2291562453765
3675,4911.343567762106
3676,4911.34356776211
3677,4911.34356776211
3678,4911.343567762109
3679,4911.34356776211
3680,4911.34356776211
3681,4911.343567762109
3682,4911.343567762108
3683,4911.343567762107
3684,4911.343534459163
3685,4911.343557598379
3686,4911.343567808088
3687,4911.343569635837
3688,4911.343570747953
3689,4911.343567044054
3690,4911.34355700491
3691,4911.343560501252
3692,4911.343572151228
3693,4911.34356610043
3694,4911.3435703521145
3695,4911.343565849618
3696,4911.3435708783245
3697,4911.343578583553
3698,4911.343566920939
3699,4911.343563045108
3700,4911.343559444486
3701,4911.343576153532
3702,4911.343559126186
3703,4911.3435643826415
3704,4911.34356923027
3705,4911.343566444787
3706,4911.343570242996
3707,4911.343567733745
3708,4911.343565187093
3709,4911.343568777491
3710,4911.343570072817
3711,4911.343579684943
3712,4911.343568114059
3713,4911.343562270459
3714,4911.343570194331
3715,4911.343568501055
3716,4911.343570588839
3717,4911.343567622588
3718,4911.343567126179
3719,4911.343568062705
3720,4911.343568115952
3721,4911.3435664045965
3722,4911.343569312326
3723,4911.343556974393
3724,4908.155823529918
3725,4908.155823529921
3726,4908.155823529919
3727,4908.15582352992
3728,4908.155823529921
3729,4908.155823529917
3730,4908.15582352992
3731,4908.155823529921
3732,4908.155823529918
3733,4908.15580926077
3734,4908.155820994297
3735,4908.155823514377
3736,4908.155823737562
3737,4908.155826011346
3738,4908.155823557701
3739,4908.155819701831
3740,4908.155819641297
3741,4908.155825672918
3742,4908.155821998151
3743,4908.155824902285
3744,4908.155822631183
3745,4908.155823013502
3746,4908.155827154337
3747,4908.155823640143
3748,4908.155820217574
3749,4908.155817588223
3750,4908.155828893024
3751,4908.155819702401
3752,4908.155819893678
3753,4908.155825458022
3754,4908.155822376348
3755,4908.155824831046
3756,4908.155822809576
3757,4908.155820730122
3758,4908.1558251705665
3759,4908.155824821111
3760,4908.155828258012
3761,4908.155823068582
3762,4908.155821789269
3763,4908.155825513514
3764,4908.1558237489835
3765,4908.1558265374815
3766,4908.1558234492295
3767,4908.155823999743
3768,4908.155823673155
3769,4908.155824073264
3770,4908.155822325753
3771,4908.155824456207
3772,4908.155815097462
3773,4905.960975206293
3774,4905.960975206294
3775,4905.960975206294
3776,4905.960975206292
3777,4905.960975206293
3778,4905.9609752062925
3779,4905.960975206294
3780,4905.9609752062925
3781,4905.960975206291
3782,4905.960979114515
3783,4905.9609747680415
3784,4905.960975861983
3785,4905.960973867313
3786,4905.960971634705
3787,4905.960973979712
3788,4905.960996131443
3789,4905.960984859532
3790,4905.96097587189
3791,4905.96097413985
3792,4905.960973881615
3793,4905.960980473037
3794,4905.960970265336
3795,4905.960961819043
3796,4905.960975460266
3797,4905.9609731625
3798,4905.960961691181
3799,4905.960980913569
3800,4905.9609810935635
3801,4905.960966321629
3802,4905.960978334056
3803,4905.9609751945545
3804,4905.960974267084
3805,4905.960974627533
3806,4905.960968428864
3807,4905.960977125491
3808,4905.960973437267
3809,4905.9609873076815
3810,4905.9609722178775
3811,4905.9609750619165
3812,4905.96097881992
3813,4905.960975242252
3814,4905.960977816263
3815,4905.960974760393
3816,4905.9609750446525
3817,4905.9609753065215
3818,4905.960977264235
3819,4905.96097495502
3820,4905.960968085908
3821,4905.960973922344
3822,4901.5401490261675
3823,4901.540149026169
3824,4901.540149026169
3825,4901.540149026169
3826,4901.5401490261675
3827,4901.540149026169
3828,4901.54014902617
3829,4901.540149026169
3830,4901.540149026169
3831,4901.5401502580125
3832,4901.540147300262
3833,4901.5401497544135
3834,4901.540146742155
3835,4901.540147835273
3836,4901.540149329051
3837,4901.5401596067095
3838,4901.540153427439
3839,4901.5401493600075
3840,4901.540147813742
3841,4901.540145269678
3842,4901.5401551070645
3843,4901.540144406938
3844,4901.540140520687
3845,4901.540149847903
3846,4901.540146932026
3847,4901.540141569126
3848,4901.540153047709
3849,4901.540152770734
3850,4901.540143484395
3851,4901.54015175636
3852,4901.540148824126
3853,4901.540145818753
3854,4901.540147917907
3855,4901.540144344702
3856,4901.540150715817
3857,4901.540145600147
3858,4901.54015273964
3859,4901.54014647323
3860,4901.540147680937
3861,4901.540151334155
3862,4901.540149252844
3863,4901.540151523598
3864,4901.5401487267
3865,4901.540148769623
3866,4901.5401495920305
3867,4901.540150799627
3868,4901.540148654566
3869,4901.540143360575
3870,4901.540145504851
3871,4895.2571296334045
3872,4895.257129633404
3873,4895.257129633404
3874,4895.2571296334045
3875,4895.257129633405
3876,4895.257129633403
3877,4895.2571296334045
3878,4895.257129633401
3879,4895.2571296334045
3880,4895.25712576636
3881,4895.257124599192
3882,4895.257130191349
3883,4895.257125715446
3884,4895.257129989721
3885,4895.257130689705
3886,4895.257122816253
3887,4895.257125699445
3888,4895.257128475515
3889,4895.25712821931
3890,4895.257121603993
3891,4895.257137624658
3892,4895.257128938687
3893,4895.257130979393
3894,4895.257131143339
3895,4895.257127836467
3896,4895.2571294224845
3897,4895.257131221577
3898,4895.257128888606
3899,4895.257129604977
3900,4895.25713219328
3901,4895.257129199817
3902,4895.257122394982
3903,4895.25712818058
3904,4895.257129126741
3905,4895.257130711738
3906,4895.257123134467
3907,4895.257122519365
3908,4895.257126460916
3909,4895.257127029674
3910,4895.2571304636285
3911,4895.257129833332
3912,4895.257131847334
3913,4895.257129697264
3914,4895.257129096814
3915,4895.2571305934825
3916,4895.257130466674
3917,4895.257129197172
3918,4895.257125497408
3919,4895.257126654873
3920,4892.1055504048
3921,4892.105550404796
3922,4892.105550404796
3923,4892.105550404798
3924,4892.105550404798
3925,4892.105550404799
3926,4892.105550404798
3927,4892.105550404799
3928,4892.105550404796
3929,4892.105555834179
3930,4892.105552863929
3931,4892.1055514801865
3932,4892.105549168569
3933,4892.105554087562
3934,4892.105560138093
3935,4892.10555550336
3936,4892.1055534051475
3937,4892.105547813891
3938,4892.105550010793
3939,4892.105549282538
3940,4892.10555365778
3941,4892.1055442634415
3942,4892.105541072624
3943,4892.105550194378
3944,4892.105545377609
3945,4892.105562476137
3946,4892.105541298962
3947,4892.105557616657
3948,4892.105548808288
3949,4892.105552434462
3950,4892.105550665619
3951,4892.105549621579
3952,4892.105551167128
3953,4892.105548723677
3954,4892.105551042077
3955,4892.105548819466
3956,4892.105545645847
3957,4892.105549390488
3958,4892.10554668097
3959,4892.105545827742
3960,4892.10555091838
3961,4892.105552152701
3962,4892.105550898149
3963,4892.105550114439
3964,4892.105550318185
3965,4892.105551335707
3966,4892.105550679554
3967,4892.105555202438
3968,4892.105548353793
3969,4889.18858273947
3970,4889.188582739468
3971,4889.188582739466
3972,4889.18858273947
3973,4889.188582739466
3974,4889.188582739471
3975,4889.18858273947
3976,4889.18858273947
3977,4889.188582739468
3978,4889.188577729347
3979,4889.188579348986
3980,4889.188583181129
3981,4889.188580377192
3982,4889.188584508939
3983,4889.18858413146
3984,4889.188574205758
3985,4889.188577780237
3986,4889.18857788045
3987,4889.188582095446
3988,4889.188579260787
3989,4889.188585548688
3990,4889.188585136892
3991,4889.188585900148
3992,4889.188582516391
3993,4889.188580763096
3994,4889.188586145734
3995,4889.188582085205
3996,4889.1885811860775
3997,4889.188582980878
3998,4889.188585860396
3999,4889.1885827242895
4000,4889.18857961336
4001,4889.188583343796
4002,4889.188583234984
4003,4889.188582498503
4004,4889.188579457124
4005,4889.188577477956
4006,4889.188580203692
4007,4889.188580212127
4008,4889.188581650327
4009,4889.188582217359
4010,4889.188584076598
4011,4889.188583689393
4012,4889.188582301278
4013,4889.188582381946
4014,4889.1885826919515
4015,4889.188582962208
4016,4889.188581425678
4017,4889.188582661127
4018,4887.688474456826
4019,4887.688474456825
4020,4887.688474456825
4021,4887.688474456823
4022,4887.688474456823
4023,4887.688474456824
4024,4887.688474456822
4025,4887.688474456824
4026,4887.688474456823
4027,4887.6884714917605
4028,4887.68847385137
4029,4887.688474978503
4030,4887.688473405218
4031,4887.688476668589
4032,4887.688474502645
4033,4887.688473456982
4034,4887.688471788339
4035,4887.688469092581
4036,4887.688474157597
4037,4887.688474533981
4038,4887.688474502577
4039,4887.688475691305
4040,4887.688473923095
4041,4887.688473378861
4042,4887.688472626081
4043,4887.688474266811
4044,4887.688475880166
4045,4887.688473172434
4046,4887.688471260645
4047,4887.688477768529
4048,4887.688474675689
4049,4887.688474630249
4050,4887.688475814897
4051,4887.688472972643
4052,4887.688474095582
4053,4887.688473820264
4054,4887.688474566002
4055,4887.6884728422365
4056,4887.688472487081
4057,4887.688474001934
4058,4887.688473642428
4059,4887.688475650372
4060,4887.688475532428
4061,4887.688474219245
4062,4887.688473520959
4063,4887.688474529895
4064,4887.688474911726
4065,4887.688473578815
4066,4887.688474369184
4067,4886.2639409183075
4068,4886.263940918305
4069,4886.263940918305
4070,4886.263940918308
4071,4886.263940918307
4072,4886.263940918307
4073,4886.2639409183075
4074,4886.2639409183075
4075,4886.263940918308
4076,4886.2639400413955
4077,4886.2639428589155
4078,4886.263941551696
4079,4886.263941086456
4080,4886.263943969882
4081,4886.263939616113
4082,4886.263946432006
4083,4886.263939883598
4084,4886.263935153944
4085,4886.263940909821
4086,4886.263944396002
4087,4886.263938222051
4088,4886.263940461351
4089,4886.263937021039
4090,4886.2639390567065
4091,4886.263939392136
4092,4886.26393743515
4093,4886.263944595837
4094,4886.263939657701
4095,4886.263934577917
4096,4886.263944305
4097,4886.263941299211
4098,4886.263944242563
4099,4886.26394295429
4100,4886.263937492508
4101,4886.263940444866
4102,4886.26394283035
4103,4886.263945020749
4104,4886.2639404374995
4105,4886.26393952636
4106,4886.263941183618
4107,4886.263939791785
4108,4886.2639419677
4109,4886.263942113923
4110,4886.263940888696
4111,4886.263939441578
4112,4886.263941166044
4113,4886.263941547657
4114,4886.263940450714
4115,4886.2639399533
4116,4883.93865820687
4117,4883.93865820687
4118,4883.93865820687
4119,4883.938658206871
4120,4883.938658206871
4121,4883.938658206871
4122,4883.93865820687
4123,4883.938658206868
4124,4883.93865820687
4125,4883.938658125452
4126,4883.938661371958
4127,4883.9386588337
4128,4883.938659560312
4129,4883.938661904357
4130,4883.938656314356
4131,4883.938667256655
4132,4883.93865813261
4133,4883.938652381094
4134,4883.938658315963
4135,4883.938664982188
4136,4883.938652910199
4137,4883.9386564082215
4138,4883.9386526500775
4139,4883.938655659169
4140,4883.938657009953
4141,4883.938652572462
4142,4883.938662923056
4143,4883.938656969013
4144,4883.9386501926565
4145,4883.938661447562
4146,4883.938658502765
4147,4883.9386645679
4148,4883.938660917382
4149,4883.938653625889
4150,4883.9386576192055
4151,4883.938662607459
4152,4883.938664837597
4153,4883.93865879412
4154,4883.938657484937
4155,4883.938658951221
4156,4883.938656751626
4157,4883.938659174407
4158,4883.938659532231
4159,4883.938658415934
4160,4883.938656138653
4161,4883.938658460371
4162,4883.938658829469
4163,4883.938658362599
4164,4883.938656036701
4165,4876.770487440146
4166,4876.770487440148
4167,4876.770487440147
4168,4876.770487440148
4169,4876.770487440144
4170,4876.770487440148
4171,4876.770487440148
4172,4876.770487440144
4173,4876.770487440147
4174,4876.770490567779
4175,4876.770492665066
4176,4876.770487908893
4177,4876.770490560271
4178,4876.770491326255
4179,4876.770483327911
4180,4876.770502412408
4181,4876.770489700756
4182,4876.770481738728
4183,4876.770487733571
4184,4876.7704991765895
4185,4876.77047894894
4186,4876.770483543016
4187,4876.770479231282
4188,4876.770483784528
4189,4876.770487571115
4190,4876.770475738346
4191,4876.770494994368
4192,4876.770486591409
4193,4876.770477110417
4194,4876.770490316424
4195,4876.770487615575
4196,4876.77049836812
4197,4876.770491365713
4198,4876.770480708288
4199,4876.770486715472
4200,4876.770495639536
4201,4876.7704986896815
4202,4876.770489843847
4203,4876.770488564594
4204,4876.770489545742
4205,4876.7704856020955
4206,4876.77048829144
4207,4876.770488965719
4208,4876.770488009634
4209,4876.770484396459
4210,4876.770487566813
4211,4876.770488018349
4212,4876.770488397023
4213,4876.770484589554
4214,4864.089704365442
4215,4864.089704365441
4216,4864.08970436544
4217,4864.089704365442
4218,4864.089704365442
4219,4864.08970436544
4220,4864.08970436544
4221,4864.089704365442
4222,4864.089704365443
4223,4864.089703264647
4224,4864.089703438521
4225,4864.089703719465
4226,4864.089707990405
4227,4864.089704409156
4228,4864.0896989147095
4229,4864.089710703631
4230,4864.089706556809
4231,4864.089700363758
4232,4864.089703929971
4233,4864.089717826336
4234,4864.089696096349
4235,4864.089704816281
4236,4864.089703990395
4237,4864.0897005033485
4238,4864.0897076225165
4239,4864.089686985408
4240,4864.08971170719
4241,4864.089702499495
4242,4864.0896989679295
4243,4864.0897063581415
4244,4864.089703361118
4245,4864.089716754737
4246,4864.089708984975
4247,4864.089700098505
4248,4864.089703565031
4249,4864.089714004959
4250,4864.089716935906
4251,4864.089707013814
4252,4864.089708442291
4253,4864.089708007264
4254,4864.0897020016855
4255,4864.089705512609
4256,4864.089706094921
4257,4864.08970528448
4258,4864.08970033471
4259,4864.089703032007
4260,4864.08970405805
4261,4864.08970253316
4262,4864.089703668171
4263,4867.835705630824
4264,4867.835705630822
4265,4867.835705630823
4266,4867.835705630823
4267,4867.835705630825
4268,4867.835705630823
4269,4867.835705630823
4270,4867.835705630823
4271,4867.835705630822
4272,4867.8357474816
4273,4867.8357334768825
4274,4867.835705635761
4275,4867.835708446996
4276,4867.835708317961
4277,4867.835677419098
4278,4867.835748227873
4279,4867.835711478656
4280,4867.835697562229
4281,4867.835706936821
4282,4867.835718509177
4283,4867.835698084139
4284,4867.835686593229
4285,4867.83568080834
4286,4867.8357013799605
4287,4867.835717691837
4288,4867.835657957551
4289,4867.83573922407
4290,4867.835700482339
4291,4867.835680064296
4292,4867.83570775096
4293,4867.835707330262
4294,4867.83571762253
4295,4867.835709256872
4296,4867.835687195176
4297,4867.835705862813
4298,4867.835716038853
4299,4867.835720316769
4300,4867.835711957671
4301,4867.8357160111245
4302,4867.835717577094
4303,4867.835704122485
4304,4867.835706392747
4305,4867.835707025931
4306,4867.835706869624
4307,4867.835703251295
4308,4867.83570591711
4309,4867.8357067419065
4310,4867.835703464371
4311,4867.835707102879
4312,4855.67328208554
4313,4855.673282085544
4314,4855.673282085542
4315,4855.673282085544
4316,4855.673282085541
4317,4855.673282085543
4318,4855.673282085544
4319,4855.673282085543
4320,4855.673282085543
4321,4855.673301567034
4322,4855.673295279348
4323,4855.673281872021
4324,4855.673285624056
4325,4855.673284139949
4326,4855.673266805451
4327,4855.673307196709
4328,4855.673286862276
4329,4855.6732761509575
4330,4855.6732826011685
4331,4855.6732963044005
4332,4855.673273197688
4333,4855.673272931121
4334,4855.673269069179
4335,4855.673277858175
4336,4855.673289129373
4337,4855.673251109563
4338,4855.673301390903
4339,4855.67327933067
4340,4855.673266737144
4341,4855.6732840289405
4342,4855.6732824103965
4343,4855.673295236745
4344,4855.673286437494
4345,4855.673270824713
4346,4855.673281781244
4347,4855.673292901298
4348,4855.673296589469
4349,4855.673287024276
4350,4855.67328908848
4351,4855.673289231097
4352,4855.673280177421
4353,4855.673282996851
4354,4855.673283720262
4355,4855.673283321054
4356,4855.673278612901
4357,4855.673281512457
4358,4855.67328252025
4359,4855.673280776007
4360,4855.673281927654
4361,4844.213853443369
4362,4844.213853443366
4363,4844.213853443368
4364,4844.213853443369
4365,4844.213853443368
4366,4844.213853443369
4367,4844.21385344337
4368,4844.213853443368
4369,4844.213853443369
4370,4844.213843422503
4371,4844.213852955281
4372,4844.213851599199
4373,4844.213857738007
4374,4844.213852821157
4375,4844.213844648521
4376,4844.213844805794
4377,4844.213849026926
4378,4844.213850961891
4379,4844.213852336237
4380,4844.213865641319
4381,4844.213845809843
4382,4844.213855272977
4383,4844.213864110374
4384,4844.213850384923
4385,4844.213857346508
4386,4844.2138340733945
4387,4844.213860948098
4388,4844.213842463284
4389,4844.213851525612
4390,4844.2138529744625
4391,4844.213851505142
4392,4844.2138645589475
4393,4844.213857095124
4394,4844.213853268437
4395,4844.213853216743
4396,4844.2138637456865
4397,4844.21386293051
4398,4844.213856623639
4399,4844.213857530826
4400,4844.213857272538
4401,4844.213852062444
4402,4844.213855549298
4403,4844.213854986261
4404,4844.213854504042
4405,4844.2138506327665
4406,4844.213849077838
4407,4844.213851953368
4408,4844.213862149538
4409,4844.213854984918
4410,4836.150676482604
4411,4836.150676482603
4412,4836.150676482601
4413,4836.150676482601
4414,4836.1506764826
4415,4836.150676482603
4416,4836.150676482601
4417,4836.150676482602
4418,4836.150676482602
4419,4836.150678030908
4420,4836.150676785446
4421,4836.150674855175
4422,4836.150678084404
4423,4836.150670983823
4424,4836.150675097601
4425,4836.150672675834
4426,4836.150681532431
4427,4836.150674285731
4428,4836.15067517082
4429,4836.150682274187
4430,4836.150676849046
4431,4836.150675825929
4432,4836.15067914638
4433,4836.150675274553
4434,4836.150679163238
4435,4836.150666606243
4436,4836.150672677542
4437,4836.150677065696
4438,4836.150680100852
4439,4836.150675971686
4440,4836.150674732596
4441,4836.150681812521
4442,4836.150678755612
4443,4836.150677804838
4444,4836.150676792963
4445,4836.150681220652
4446,4836.150680884916
4447,4836.150676779909
4448,4836.15068048347
4449,4836.150677292666
4450,4836.150675824675
4451,4836.150678676453
4452,4836.150677551757
4453,4836.1506773344945
4454,4836.15067482617
4455,4836.150672906188
4456,4836.150675028641
4457,4836.150683842304
4458,4836.150683418815
4459,4830.977151187153
4460,4830.977151187153
4461,4830.977151187153
4462,4830.977151187154
4463,4830.977151187152
4464,4830.977151187152
4465,4830.977151187152
4466,4830.977151187153
4467,4830.977151187153
4468,4830.977154156698
4469,4830.97714972197
4470,4830.977149965736
4471,4830.9771499907065
4472,4830.977147382742
4473,4830.977153055445
4474,4830.977141266763
4475,4830.9771529494865
4476,4830.977149102846
4477,4830.977149710449
4478,4830.977150660489
4479,4830.977155203235
4480,4830.977151117754
4481,4830.977154593034
4482,4830.9771517448335
4483,4830.977154595488
4484,4830.977149679215
4485,4830.977145350268
4486,4830.9771517744675
4487,4830.977157825623
4488,4830.977150569454
4489,4830.977149544517
4490,4830.977150682652
4491,4830.977151285226
4492,4830.977154767794
4493,4830.977151548382
4494,4830.9771507160285
4495,4830.9771443827585
4496,4830.977150963377
4497,4830.9771538463165
4498,4830.977150525597
4499,4830.97715056168
4500,4830.977153241457
4501,4830.977152157166
4502,4830.977151981643
4503,4830.977150784829
4504,4830.977148217945
4505,4830.977149747674
4506,4830.977153173727
4507,4830.977156095703
4508,4827.012920620195
4509,4827.0129206201955
4510,4827.012920620197
4511,4827.012920620196
4512,4827.012920620196
4513,4827.012920620196
4514,4827.012920620196
4515,4827.012920620196
4516,4827.012920620195
4517,4827.012922996281
4518,4827.012918843632
4519,4827.012919940066
4520,4827.012918184357
4521,4827.012917289706
4522,4827.012923630812
4523,4827.012915924259
4524,4827.012923765092
4525,4827.01291874084
4526,4827.012919540494
4527,4827.012917195754
4528,4827.012925505194
4529,4827.012920435716
4530,4827.0129199414405
4531,4827.01292161566
4532,4827.012923681421
4533,4827.0129218953025
4534,4827.012915969695
4535,4827.012922436171
4536,4827.0129249759675
4537,4827.012920338536
4538,4827.0129197680935
4539,4827.012917487189
4540,4827.012919528776
4541,4827.012923296351
4542,4827.01292087229
4543,4827.01291737589
4544,4827.012914865874
4545,4827.012919680814
4546,4827.012921150165
4547,4827.012918920148
4548,4827.012919893829
4549,4827.012922275267
4550,4827.012921587753
4551,4827.012921101989
4552,4827.012921073
4553,4827.012918666806
4554,4827.01291975512
4555,4827.01291681008
4556,4827.012925210717
4557,4824.249658427291
4558,4824.24965842729
4559,4824.249658427292
4560,4824.249658427289
4561,4824.249658427291
4562,4824.249658427291
4563,4824.249658427291
4564,4824.249658427289
4565,4824.249658427289
4566,4824.249664195912
4567,4824.2496612874775
4568,4824.249658598804
4569,4824.249657113117
4570,4824.249662292027
4571,4824.249667246627
4572,4824.249658549072
4573,4824.249659118885
4574,4824.2496563801105
4575,4824.249657880281
4576,4824.249657990839
4577,4824.249659191465
4578,4824.249654398255
4579,4824.249652026004
4580,4824.249658731631
4581,4824.249657634808
4582,4824.249671432718
4583,4824.2496511789295
4584,4824.249660444588
4585,4824.249658991208
4586,4824.249657784457
4587,4824.249658126861
4588,4824.249658140294
4589,4824.249657835043
4590,4824.249659457705
4591,4824.249658389603
4592,4824.249657300958
4593,4824.249648462541
4594,4824.249660211702
4595,4824.249657109992
4596,4824.249654029836
4597,4824.249657303521
4598,4824.2496595945395
4599,4824.24965953436
4600,4824.2496589445855
4601,4824.249658948742
4602,4824.249658190179
4603,4824.2496581278065
4604,4824.2496610737135
4605,4824.2496568086035
4606,4824.023994910204
4607,4824.023994910203
4608,4824.023994910203
4609,4824.023994910204
4610,4824.023994910203
4611,4824.023994910206
4612,4824.023994910205
4613,4824.023994910205
4614,4824.023994910206
4615,4824.023980419694
4616,4824.023979896194
4617,4824.023994423548
4618,4824.023991696797
4619,4824.023995322516
4620,4824.023989663102
4621,4824.023978489802
4622,4824.023986020993
4623,4824.023994168823
4624,4824.023993773499
4625,4824.023989320249
4626,4824.023996099168
4627,4824.024002008724
4628,4824.024004499466
4629,4824.023995866427
4630,4824.023999688335
4631,4824.023992778033
4632,4824.02400598229
4633,4824.023982767793
4634,4824.023997468451
4635,4824.023994361558
4636,4824.023994242473
4637,4824.023989730954
4638,4824.023992550826
4639,4824.023999208213
4640,4824.0239944310615
4641,4824.023989720852
4642,4824.023986502774
4643,4824.0239947272785
4644,4824.023994893047
4645,4824.023997402413
4646,4824.023992783829
4647,4824.023995821598
4648,4824.023996062377
4649,4824.023994690809
4650,4824.023996067865
4651,4824.023994092422
4652,4824.023994217214
4653,4824.023981933285
4654,4824.023992885378
4655,4822.873601086319
4656,4822.873601086319
4657,4822.87360108632
4658,4822.873601086319
4659,4822.8736010863195
4660,4822.873601086321
4661,4822.87360108632
4662,4822.873601086322
4663,4822.87360108632
4664,4822.873597030333
4665,4822.873595490836
4666,4822.873600947623
4667,4822.87359886355
4668,4822.873603283119
4669,4822.873602983386
4670,4822.8735934273045
4671,4822.873597160713
4672,4822.873599647044
4673,4822.873600269099
4674,4822.87359818668
4675,4822.873602011231
4676,4822.873602403191
4677,4822.873602327052
4678,4822.873601689339
4679,4822.873602910476
4680,4822.873606582038
4681,4822.87360285562
4682,4822.873596262016
4683,4822.873602449516
4684,4822.873600516261
4685,4822.873600629228
4686,4822.873598460176
4687,4822.873599642339
4688,4822.873603531882
4689,4822.873600821337
4690,4822.873598024499
4691,4822.873592108621
4692,4822.873601913672
4693,4822.873600372344
4694,4822.873600071128
4695,4822.8735994759345
4696,4822.873602115922
4697,4822.873602219203
4698,4822.873601251818
4699,4822.8736019281405
4700,4822.873600604911
4701,4822.8736006130675
4702,4822.87359627692
4703,4822.873599262985
4704,4821.868584192487
4705,4821.8685841924835
4706,4821.868584192482
4707,4821.868584192485
4708,4821.868584192483
4709,4821.868584192486
4710,4821.868584192485
4711,4821.868584192487
4712,4821.868584192487
4713,4821.868581106438
4714,4821.868580677282
4715,4821.868584078025
4716,4821.86858322863
4717,4821.868584679948
4718,4821.868584091524
4719,4821.868585399432
4720,4821.868584594532
4721,4821.868582869548
4722,4821.868583714172
4723,4821.868583636108
4724,4821.868584134054
4725,4821.8685841771
4726,4821.868581236051
4727,4821.868583926819
4728,4821.868584452571
4729,4821.868585122065
4730,4821.868587739434
4731,4821.868581085163
4732,4821.868582068856
4733,4821.8685838540005
4734,4821.868584199685
4735,4821.868583799269
4736,4821.868583659225
4737,4821.8685839094
4738,4821.868583994369
4739,4821.868582928744
4740,4821.868584219106
4741,4821.86858461111
4742,4821.868583590136
4743,4821.868583812114
4744,4821.868582707239
4745,4821.86858514379
4746,4821.868585223392
4747,4821.8685841023635
4748,4821.8685848561
4749,4821.868584118946
4750,4821.868584056771
4751,4821.868582514443
4752,4821.868584614838
4753,4821.2877017235405
4754,4821.287701723541
4755,4821.287701723541
4756,4821.28770172354
4757,4821.28770172354
4758,4821.2877017235405
4759,4821.287701723539
4760,4821.287701723539
4761,4821.287701723539
4762,4821.287699642444
4763,4821.28769858271
4764,4821.2877015557815
4765,4821.28770130532
4766,4821.287701584483
4767,4821.287701480456
4768,4821.2877049774215
4769,4821.28770372464
4770,4821.287700508901
4771,4821.287701264717
4772,4821.287702242766
4773,4821.28770150031
4774,4821.2877014603755
4775,4821.287697798273
4776,4821.287701129292
4777,4821.28770126469
4778,4821.287701843188
4779,4821.287705021184
4780,4821.287699510735
4781,4821.28769928995
4782,4821.287701346669
4783,4821.287701746135
4784,4821.287702354373
4785,4821.287701732211
4786,4821.287700877574
4787,4821.287701545474
4788,4821.287701308621
4789,4821.287704131757
4790,4821.287702179883
4791,4821.287701689502
4792,4821.287701569545
4793,4821.287700219539
4794,4821.287702662376
4795,4821.287702692298
4796,4821.2877015376835
4797,4821.287702197202
4798,4821.287701848439
4799,4821.287701611115
4800,4821.287702149106
4801,4821.287702846514
4802,4819.761260932069
4803,4819.7612609320695
4804,4819.761260932071
4805,4819.76126093207
4806,4819.76126093207
4807,4819.76126093207
4808,4819.7612609320695
4809,4819.7612609320695
4810,4819.76126093207
4811,4819.761260266003
4812,4819.761259472825
4813,4819.761260742211
4814,4819.761261320383
4815,4819.761261051125
4816,4819.761259633472
4817,4819.761265436475
4818,4819.76126336155
4819,4819.761259740949
4820,4819.761260480758
4821,4819.761262394753
4822,4819.76126078368
4823,4819.761260090038
4824,4819.761256609923
4825,4819.761259945763
4826,4819.761258967645
4827,4819.761260046751
4828,4819.761264691302
4829,4819.761258355628
4830,4819.761257813581
4831,4819.761260347159
4832,4819.761261027851
4833,4819.761262487939
4834,4819.761261717872
4835,4819.76125952202
4836,4819.761260844723
4837,4819.761261424382
4838,4819.761265197609
4839,4819.761261532857
4840,4819.761261640331
4841,4819.761261250628
4842,4819.7612595871315
4843,4819.7612618805715
4844,4819.761261726028
4845,4819.761260437123
4846,4819.761261350138
4847,4819.761261435268
4848,4819.761260855428
4849,4819.761266403308
4850,4819.761262480947
4851,4816.852419054496
4852,4816.852419054498
4853,4816.852419054499
4854,4816.852419054496
4855,4816.852419054498
4856,4816.852419054498
4857,4816.852419054498
4858,4816.8524190544995
4859,4816.852419054499
4860,4816.852424766178
4861,4816.852420433328
4862,4816.852418885584
4863,4816.852420048294
4864,4816.85241845393
4865,4816.85242007909
4866,4816.852427602626
4867,4816.8524269811
4868,4816.8524181511275
4869,4816.852418560759
4870,4816.852422034583
4871,4816.852419355396
4872,4816.852418226201
4873,4816.852412688291
4874,4816.852417439422
4875,4816.8524174997965
4876,4816.852417494144
4877,4816.85242097361
4878,4816.8524219852525
4879,4816.852417344109
4880,4816.852418416275
4881,4816.852419146838
4882,4816.85242203033
4883,4816.852420887229
4884,4816.852416895542
4885,4816.852418953499
4886,4816.852420716006
4887,4816.852426970794
4888,4816.85242050125
4889,4816.852422375601
4890,4816.852418754175
4891,4816.852417713607
4892,4816.852419774712
4893,4816.852419648498
4894,4816.8524183371765
4895,4816.852418719785
4896,4816.852420624133
4897,4816.852418941926
4898,4816.85242227552
4899,4816.852420690941
4900,4814.438194762161
4901,4814.43819476216
4902,4814.438194762159
4903,4814.43819476216
4904,4814.438194762157
4905,4814.438194762158
4906,4814.438194762159
4907,4814.438194762159
4908,4814.438194762159
4909,4814.438193821413
4910,4814.438195495699
4911,4814.438194516112
4912,4814.4381963400365
4913,4814.438195649811
4914,4814.438195261258
4915,4814.4381949987255
4916,4814.438198006464
4917,4814.438194243552
4918,4814.4381938191555
4919,4814.438196319367
4920,4814.438196437331
4921,4814.438195602278
4922,4814.438194600663
4923,4814.438193228197
4924,4814.438191241737
4925,4814.438194462151
4926,4814.438195317562
4927,4814.438192943138
4928,4814.438194383023
4929,4814.438193467408
4930,4814.438194506097
4931,4814.438196446101
4932,4814.438197029905
4933,4814.438195592041
4934,4814.438194891347
4935,4814.438195781883
4936,4814.4382005261905
4937,4814.43819558105
4938,4814.438197240561
4939,4814.438194379871
4940,4814.438193814899
4941,4814.438195727709
4942,4814.438195031599
4943,4814.438193211558
4944,4814.4381946896265
4945,4814.438195987743
4946,4814.4381943378
4947,4814.4382033911925
4948,4814.438195572288
4949,4813.553259106175
4950,4813.5532591061765
4951,4813.5532591061765
4952,4813.553259106179
4953,4813.553259106179
4954,4813.553259106178
4955,4813.5532591061765
4956,4813.553259106178
4957,4813.553259106179
4958,4813.553274035417
4959,4813.553266744697
4960,4813.553259565671
4961,4813.553258717147
4962,4813.553260845999
4963,4813.553257471148
4964,4813.553268288543
4965,4813.55326456044
4966,4813.5532572361235
4967,4813.553258408935
4968,4813.553258075627
4969,4813.553262841099
4970,4813.553255093921
4971,4813.553251252924
4972,4813.553258001691
4973,4813.55326024372
4974,4813.553254523353
4975,4813.553263484312
4976,4813.553261292628
4977,4813.5532561041
4978,4813.553258741813
4979,4813.553259448848
4980,4813.553258402163
4981,4813.5532606893
4982,4813.553256895705
4983,4813.5532592790505
4984,4813.553257723088
4985,4813.5532598609825
4986,4813.553260378074
4987,4813.553263815633
4988,4813.553260146397
4989,4813.553258218744
4990,4813.553259609826
4991,4813.55325924358
4992,4813.553257636746
4993,4813.553258941811
4994,4813.553261908587
4995,4813.553259081421
4996,4813.553256631115
4997,4813.553258473123
4998,4812.278261076277
4999,4812.278261076276
5000,4812.278261076277
5001,4812.278261076277
5002,4812.27826107628
5003,4812.278261076275
5004,4812.278261076275
5005,4812.278261076277
5006,4812.278261076276
5007,4812.2782645386915
5008,4812.278263612813
5009,4812.278261080833
5010,4812.278260957072
5011,4812.278262597531
5012,4812.27826140192
5013,4812.278260367651
5014,4812.278263405841
5015,4812.278259858573
5016,4812.278259998668
5017,4812.278259997706
5018,4812.278263852093
5019,4812.278260416354
5020,4812.278260508022
5021,4812.278260218695
5022,4812.278261722032
5023,4812.278259447972
5024,4812.278262532455
5025,4812.278260389265
5026,4812.278261331483
5027,4812.278260206504
5028,4812.278260756514
5029,4812.278260236428
5030,4812.278262272407
5031,4812.278262336278
5032,4812.278261198791
5033,4812.278259928234
5034,4812.278260951029
5035,4812.278261909105
5036,4812.278264172545
5037,4812.278260894642
5038,4812.278260141807
5039,4812.278261924454
5040,4812.278261367545
5041,4812.278259739178
5042,4812.278260912098
5043,4812.278262455217
5044,4812.278260566929
5045,4812.278259026571
5046,4812.278259906508
5047,4811.671712242803
5048,4811.671712242802
5049,4811.6717122428045
5050,4811.671712242803
5051,4811.671712242804
5052,4811.671712242802
5053,4811.671712242802
5054,4811.671712242801
5055,4811.671712242803
5056,4811.671710620668
5057,4811.67171230685
5058,4811.671712049209
5059,4811.67171216407
5060,4811.671713401665
5061,4811.671713856858
5062,4811.671707726228
5063,4811.671713932705
5064,4811.671711336318
5065,4811.6717110065065
5066,4811.671711353226
5067,4811.671714198447
5068,4811.671712869911
5069,4811.67171449665
5070,4811.671711482943
5071,4811.6717132283275
5072,4811.671711848283
5073,4811.671712295502
5074,4811.671711159999
5075,4811.67171414775
5076,4811.671711202572
5077,4811.671711602975
5078,4811.671711517511
5079,4811.671713135011
5080,4811.671714922476
5081,4811.671712288787
5082,4811.671711302297
5083,4811.671711962057
5084,4811.671712942712
5085,4811.671714662331
5086,4811.671711349267
5087,4811.67171121266
5088,4811.6717131957785
5089,4811.671712652426
5090,4811.671711074536
5091,4811.671711986689
5092,4811.671713004832
5093,4811.6717115003985
5094,4811.671708385295
5095,4811.671710550413
5096,4810.572772304158
5097,4810.572772304157
5098,4810.5727723041555
5099,4810.5727723041555
5100,4810.572772304157
5101,4810.572772304155
5102,4810.5727723041555
5103,4810.572772304157
5104,4810.5727723041555
5105,4810.572765768426
5106,4810.572770475181
5107,4810.572771936324
5108,4810.572772353224
5109,4810.572773005654
5110,4810.572774927255
5111,4810.5727648487855
5112,4810.572773673922
5113,4810.572771652549
5114,4810.572770910939
5115,4810.572771737962
5116,4810.57277328167
5117,4810.572773446623
5118,4810.572776751232
5119,4810.572771613385
5120,4810.5727736178305
5121,4810.572772696367
5122,4810.572770978225
5123,4810.572771001312
5124,4810.572775515137
5125,4810.572771068738
5126,4810.572771351511
5127,4810.572771818868
5128,4810.572772880066
5129,4810.572776178508
5130,4810.572772291903
5131,4810.5727716926785
5132,4810.572772088902
5133,4810.57277275773
5134,4810.572773944542
5135,4810.572770773314
5136,4810.572771214643
5137,4810.572773357759
5138,4810.572772811977
5139,4810.572771284947
5140,4810.57277197797
5141,4810.572772464884
5142,4810.572771326213
5143,4810.572766688268
5144,4810.572769985428
5145,4807.3413033028255
5146,4807.341303302826
5147,4807.341303302826
5148,4807.341303302825
5149,4807.341303302825
5150,4807.3413033028255
5151,4807.341303302826
5152,4807.341303302826
5153,4807.341303302828
5154,4807.341288308153
5155,4807.341299139812
5156,4807.341302677407
5157,4807.341303705372
5158,4807.341303086004
5159,4807.341306996229
5160,4807.341292082755
5161,4807.3413044153995
5162,4807.341302986972
5163,4807.3413016310205
5164,4807.341303357722
5165,4807.341302376359
5166,4807.341303842188
5167,4807.3413103617795
5168,4807.34130275729
5169,4807.341304790354
5170,4807.341304670708
5171,4807.341299508492
5172,4807.341301626666
5173,4807.341308133226
5174,4807.341301627811
5175,4807.3413018195115
5176,4807.341303296839
5177,4807.341303244792
5178,4807.341308957535
5179,4807.3413032421
5180,4807.341303345735
5181,4807.341303172746
5182,4807.341302959958
5183,4807.3413031932705
5184,4807.341300855396
5185,4807.341302195214
5186,4807.341304537993
5187,4807.341303929508
5188,4807.341302493018
5189,4807.341302999691
5190,4807.34130243171
5191,4807.341301915359
5192,4807.341295675523
5193,4807.341299774456
5194,4801.729108845743
5195,4801.729108845745
5196,4801.729108845745
5197,4801.729108845744
5198,4801.729108845744
5199,4801.729108845744
5200,4801.729108845744
5201,4801.729108845744
5202,4801.729108845744
5203,4801.729086570149
5204,4801.72910265329
5205,4801.729107994958
5206,4801.729109164338
5207,4801.729107186961
5208,4801.7291109627095
5209,4801.729094741824
5210,4801.72910939202
5211,4801.729108783822
5212,4801.729106893005
5213,4801.729108278436
5214,4801.7291067807455
5215,4801.72910847555
5216,4801.729117596257
5217,4801.729108739231
5218,4801.729110288275
5219,4801.729109504206
5220,4801.729104416297
5221,4801.729105932136
5222,4801.729114545697
5223,4801.729106768076
5224,4801.729106982186
5225,4801.7291082020265
5226,4801.7291078505905
5227,4801.729115977295
5228,4801.7291088420125
5229,4801.729108536533
5230,4801.729108125357
5231,4801.729106849181
5232,4801.729106905434
5233,4801.729106699725
5234,4801.729107851588
5235,4801.7291102320405
5236,4801.729109440587
5237,4801.729108107859
5238,4801.729108911669
5239,4801.729107156098
5240,4801.72910714583
5241,4801.729099765121
5242,4801.72910481896
5243,4805.105216717494
5244,4805.105216717494
5245,4805.105216717494
5246,4805.10521671749
5247,4805.105216717493
5248,4805.1052167174985
5249,4805.10521671749
5250,4805.105216717493
5251,4805.105216717494
5252,4805.1052139260455
5253,4805.105239801055
5254,4805.105217309639
5255,4805.1052211913375
5256,4805.105220752088
5257,4805.105242086478
5258,4805.105238027493
5259,4805.105235586279
5260,4805.105215388744
5261,4805.105216315211
5262,4805.105225043137
5263,4805.105210253716
5264,4805.105200565544
5265,4805.105196015121
5266,4805.105215191963
5267,4805.105202091482
5268,4805.1052463837395
5269,4805.105182854184
5270,4805.105235392484
5271,4805.105215918659
5272,4805.105214701494
5273,4805.105216310108
5274,4805.105224473733
5275,4805.105217531587
5276,4805.105216814405
5277,4805.105216725607
5278,4805.1052231989315
5279,4805.105223201137
5280,4805.105215500035
5281,4805.105207163599
5282,4805.105201062904
5283,4805.105217211531
5284,4805.105217982274
5285,4805.105217555527
5286,4805.105217122288
5287,4805.105217432516
5288,4805.10521694562
5289,4805.105216351752
5290,4805.105239624001
5291,4805.105212948095
5292,4798.700986629662
5293,4798.700986629669
5294,4798.700986629671
5295,4798.700986629668
5296,4798.700986629669
5297,4798.700986629666
5298,4798.700986629664
5299,4798.700986629666
5300,4798.700986629666
5301,4798.700972534343
5302,4798.700992642541
5303,4798.700986380539
5304,4798.70098871838
5305,4798.700987555035
5306,4798.7009987657375
5307,4798.7009869943295
5308,4798.700994415988
5309,4798.700986068942
5310,4798.700985339841
5311,4798.700990096326
5312,4798.700982466743
5313,4798.700979737094
5314,4798.700983177998
5315,4798.700985934452
5316,4798.70098141992
5317,4798.700999765099
5318,4798.700969604194
5319,4798.700992550864
5320,4798.700989361947
5321,4798.700984499327
5322,4798.700985349458
5323,4798.70098978639
5324,4798.700986425053
5325,4798.7009909395065
5326,4798.700986662812
5327,4798.700989421576
5328,4798.700988773448
5329,4798.700985162377
5330,4798.700981552502
5331,4798.700978798814
5332,4798.700986221482
5333,4798.70098799441
5334,4798.700987338791
5335,4798.7009864498095
5336,4798.700986851329
5337,4798.700985617783
5338,4798.700985469052
5339,4798.700990910264
5340,4798.700982643899
5341,4792.762026050044
5342,4792.76202605005
5343,4792.76202605005
5344,4792.76202605005
5345,4792.76202605005
5346,4792.762026050048
5347,4792.762026050046
5348,4792.762026050046
5349,4792.762026050044
5350,4792.762013406118
5351,4792.762031257475
5352,4792.762025693218
5353,4792.762025757616
5354,4792.762025631306
5355,4792.762025517451
5356,4792.762022803879
5357,4792.7620288915405
5358,4792.762025538385
5359,4792.762024507282
5360,4792.762024131157
5361,4792.76202382208
5362,4792.7620211570475
5363,4792.762025073716
5364,4792.762026619864
5365,4792.7620240338165
5366,4792.762028319907
5367,4792.7620212026495
5368,4792.762025346332
5369,4792.762027504522
5370,4792.762024273089
5371,4792.762025033861
5372,4792.762024308267
5373,4792.762024096047
5374,4792.762030025835
5375,4792.762026229127
5376,4792.762024504574
5377,4792.762023114829
5378,4792.76202219251
5379,4792.762021608203
5380,4792.762024585732
5381,4792.762026103056
5382,4792.762027241706
5383,4792.76202619484
5384,4792.762025548635
5385,4792.762027279902
5386,4792.762025636017
5387,4792.762024953557
5388,4792.762023191617
5389,4792.7620227120815
5390,4788.268130725388
5391,4788.268130725388
5392,4788.26813072539
5393,4788.268130725391
5394,4788.268130725388
5395,4788.268130725388
5396,4788.2681307253915
5397,4788.268130725388
5398,4788.268130725388
5399,4788.268118934248
5400,4788.2681319568255
5401,4788.268130148517
5402,4788.2681306462355
5403,4788.268130128781
5404,4788.26812684574
5405,4788.268128486499
5406,4788.268132605839
5407,4788.268130715888
5408,4788.268129555953
5409,4788.268130057755
5410,4788.2681272690415
5411,4788.268130472857
5412,4788.268130851814
5413,4788.268130813231
5414,4788.2681277181255
5415,4788.2681300919185
5416,4788.268131548889
5417,4788.268128382694
5418,4788.268130443023
5419,4788.268129440004
5420,4788.2681301749
5421,4788.268130135328
5422,4788.268129331103
5423,4788.268132948513
5424,4788.268130867861
5425,4788.26813013662
5426,4788.268132342664
5427,4788.268127181322
5428,4788.268128587941
5429,4788.268130939775
5430,4788.268130681348
5431,4788.2681317987435
5432,4788.268130901121
5433,4788.268130500597
5434,4788.2681317753
5435,4788.2681307890225
5436,4788.268130017423
5437,4788.2681304499365
5438,4788.268128964325
5439,4784.894192260705
5440,4784.894192260699
5441,4784.8941922607
5442,4784.894192260701
5443,4784.894192260701
5444,4784.894192260702
5445,4784.894192260701
5446,4784.894192260701
5447,4784.894192260701
5448,4784.894200719271
5449,4784.894190823204
5450,4784.894191891347
5451,4784.894189332079
5452,4784.894196021219
5453,4784.894191012347
5454,4784.894184523782
5455,4784.8941914989655
5456,4784.894192124296
5457,4784.894191320592
5458,4784.894189401598
5459,4784.894191046962
5460,4784.894198137544
5461,4784.89419197903
5462,4784.894192972924
5463,4784.894190880028
5464,4784.894200143089
5465,4784.8941949322525
5466,4784.894193495904
5467,4784.894196756007
5468,4784.894192012975
5469,4784.894192027865
5470,4784.894189740232
5471,4784.89419127973
5472,4784.89419475638
5473,4784.894192020749
5474,4784.894189366648
5475,4784.8941800967705
5476,4784.894191243116
5477,4784.8941967398305
5478,4784.8941934429895
5479,4784.894192184793
5480,4784.894192787895
5481,4784.894192478409
5482,4784.894192903597
5483,4784.894192816254
5484,4784.894194955598
5485,4784.894192004259
5486,4784.894190390347
5487,4784.894189148344
5488,4782.337381115173
5489,4782.337381115176
5490,4782.337381115177
5491,4782.337381115177
5492,4782.337381115176
5493,4782.337381115174
5494,4782.337381115179
5495,4782.337381115175
5496,4782.337381115178
5497,4782.3373916250575
5498,4782.337384992142
5499,4782.337380799352
5500,4782.3373796002525
5501,4782.337381433369
5502,4782.337377003958
5503,4782.337389604118
5504,4782.337386767297
5505,4782.337381368238
5506,4782.337380770958
5507,4782.337381038195
5508,4782.337379601477
5509,4782.337385801414
5510,4782.337374415767
5511,4782.33738070368
5512,4782.337378805849
5513,4782.337380039305
5514,4782.337386196365
5515,4782.33738460216
5516,4782.337378582847
5517,4782.337381511932
5518,4782.337381740035
5519,4782.337381188994
5520,4782.337381194822
5521,4782.337378692513
5522,4782.337381089021
5523,4782.337380380738
5524,4782.3373843583195
5525,4782.337379584979
5526,4782.337384756787
5527,4782.337382773346
5528,4782.337381444029
5529,4782.337381719111
5530,4782.337381210007
5531,4782.337381585775
5532,4782.337381368542
5533,4782.337383787606
5534,4782.337381439681
5535,4782.3373809304885
5536,4782.33738251069
5537,4780.76808210518
5538,4780.768082105175
5539,4780.7680821051745
5540,4780.7680821051745
5541,4780.768082105176
5542,4780.768082105175
5543,4780.768082105178
5544,4780.768082105179
5545,4780.768082105179
5546,4780.7680891681275
5547,4780.768087111462
5548,4780.76808175238
5549,4780.768081293721
5550,4780.7680823976225
5551,4780.768079562527
5552,4780.76809033823
5553,4780.768087287431
5554,4780.76808260045
5555,4780.768081721434
5556,4780.768082830619
5557,4780.76808090574
5558,4780.768086946501
5559,4780.7680765381365
5560,4780.768081495378
5561,4780.768079295235
5562,4780.7680812259705
5563,4780.768084624046
5564,4780.768084290672
5565,4780.7680785809325
5566,4780.7680821492195
5567,4780.7680826100805
5568,4780.768082902463
5569,4780.76808258256
5570,4780.768080374316
5571,4780.7680822781695
5572,4780.768082215621
5573,4780.768087551997
5574,4780.768080918327
5575,4780.768084174623
5576,4780.7680827637505
5577,4780.768082571126
5578,4780.76808298427
5579,4780.768082242027
5580,4780.768082416308
5581,4780.768082220261
5582,4780.76808391518
5583,4780.768082325831
5584,4780.768084296123
5585,4780.768083901783
5586,4776.053192839105
5587,4776.053192839102
5588,4776.053192839102
5589,4776.0531928391
5590,4776.053192839101
5591,4776.053192839103
5592,4776.053192839103
5593,4776.053192839102
5594,4776.053192839102
5595,4776.053197211114
5596,4776.053200131087
5597,4776.0531925724545
5598,4776.053192790968
5599,4776.053191940947
5600,4776.053193738833
5601,4776.053201915977
5602,4776.053198586998
5603,4776.053194199649
5604,4776.053192235921
5605,4776.053194699724
5606,4776.0531941422905
5607,4776.053196977588
5608,4776.053188519506
5609,4776.0531918504175
5610,4776.05319210983
5611,4776.053189924427
5612,4776.053189893014
5613,4776.053194788368
5614,4776.053187950267
5615,4776.053192408734
5616,4776.053192976461
5617,4776.053194661493
5618,4776.053194487358
5619,4776.0531923386725
5620,4776.053193500041
5621,4776.053194115011
5622,4776.053201269652
5623,4776.053192931046
5624,4776.053192298372
5625,4776.053192172187
5626,4776.05319395538
5627,4776.053194249446
5628,4776.053192923165
5629,4776.053192682659
5630,4776.053192105165
5631,4776.053193081382
5632,4776.053192763441
5633,4776.0531938756185
5634,4776.053195290937
5635,4784.629643671123
5636,4784.62964367112
5637,4784.629643671117
5638,4784.629643671118
5639,4784.629643671115
5640,4784.629643671122
5641,4784.629643671122
5642,4784.629643671124
5643,4784.629643671123
5644,4784.629594218605
5645,4784.629624057696
5646,4784.629642185987
5647,4784.629645823275
5648,4784.629647103293
5649,4784.629635156656
5650,4784.629599782945
5651,4784.629618578652
5652,4784.629649983651
5653,4784.6296416396735
5654,4784.629641825286
5655,4784.62964324072
5656,4784.6296643979185
5657,4784.6296747332135
5658,4784.629643657097
5659,4784.629634962269
5660,4784.62964383936
5661,4784.6296447890545
5662,4784.629615674684
5663,4784.629642262689
5664,4784.629640140178
5665,4784.629642472625
5666,4784.629642181649
5667,4784.629644598618
5668,4784.629656684539
5669,4784.629646638138
5670,4784.6296439462885
5671,4784.629642491503
5672,4784.629640704734
5673,4784.629636002441
5674,4784.6296476503185
5675,4784.629646390203
5676,4784.629646388122
5677,4784.629642458368
5678,4784.629641435835
5679,4784.629645066643
5680,4784.62963981831
5681,4784.62964238176
5682,4784.629667401189
5683,4784.629641321041
5684,4774.83438546748
5685,4774.834385467484
5686,4774.834385467482
5687,4774.834385467484
5688,4774.834385467483
5689,4774.834385467484
5690,4774.834385467484
5691,4774.834385467482
5692,4774.834385467482
5693,4774.834375950667
5694,4774.834385861511
5695,4774.834384880886
5696,4774.834386039804
5697,4774.834385963862
5698,4774.834384159378
5699,4774.834380735375
5700,4774.834383054874
5701,4774.8343880211605
5702,4774.8343844704395
5703,4774.834386539974
5704,4774.834386167006
5705,4774.834393658729
5706,4774.834390399012
5707,4774.834384721249
5708,4774.834382561404
5709,4774.834383800453
5710,4774.834383439379
5711,4774.834379486446
5712,4774.834381688966
5713,4774.834384179727
5714,4774.834385183819
5715,4774.834386576989
5716,4774.834386964621
5717,4774.834388519296
5718,4774.834386626625
5719,4774.834386638419
5720,4774.834391003881
5721,4774.8343849091525
5722,4774.834383062407
5723,4774.834385871499
5724,4774.834386946072
5725,4774.834387214518
5726,4774.834385284245
5727,4774.834384828177
5728,4774.834385258862
5729,4774.834384657619
5730,4774.834385040797
5731,4774.834392878123
5732,4774.8343864086755
5733,4772.894259502996
5734,4772.894259502999
5735,4772.894259503001
5736,4772.894259503001
5737,4772.894259503
5738,4772.8942595029985
5739,4772.894259503002
5740,4772.8942595029985
5741,4772.8942595029985
5742,4772.894254644382
5743,4772.894259591881
5744,4772.89425915394
5745,4772.894259716566
5746,4772.894260324463
5747,4772.894259956863
5748,4772.894255076609
5749,4772.894257833928
5750,4772.894262206837
5751,4772.89425840949
5752,4772.894260641629
5753,4772.894261296765
5754,4772.8942657549105
5755,4772.894263037917
5756,4772.894258686848
5757,4772.894258393714
5758,4772.894258663816
5759,4772.894256254977
5760,4772.8942560107525
5761,4772.894256781211
5762,4772.894258351091
5763,4772.894259092595
5764,4772.894260696434
5765,4772.894261497858
5766,4772.894262396057
5767,4772.894260668716
5768,4772.8942606168985
5769,4772.894261644076
5770,4772.89425993366
5771,4772.894258014288
5772,4772.894260076209
5773,4772.894261184073
5774,4772.894261114325
5775,4772.894259235007
5776,4772.894258772932
5777,4772.894258813224
5778,4772.89425924976
5779,4772.894259022069
5780,4772.894264106547
5781,4772.894259058005
5782,4770.547308748132
5783,4770.54730874813
5784,4770.547308748132
5785,4770.547308748132
5786,4770.547308748133
5787,4770.5473087481305
5788,4770.547308748132
5789,4770.5473087481305
5790,4770.5473087481305
5791,4770.547309937325
5792,4770.547307935262
5793,4770.5473087658365
5794,4770.547308682479
5795,4770.547309790265
5796,4770.547308476652
5797,4770.547308701705
5798,4770.547308871796
5799,4770.547311269806
5800,4770.547307713083
5801,4770.547310058113
5802,4770.54731011755
5803,4770.547310035259
5804,4770.547307573025
5805,4770.547307772583
5806,4770.547308480743
5807,4770.547307551945
5808,4770.547307525238
5809,4770.547308770574
5810,4770.547306036794
5811,4770.547308127099
5812,4770.547308524572
5813,4770.547310160352
5814,4770.547310876886
5815,4770.547309315239
5816,4770.54730971558
5817,4770.547309769646
5818,4770.54730781643
5819,4770.547309335989
5820,4770.547308986606
5821,4770.5473107885055
5822,4770.547310513978
5823,4770.547309822814
5824,4770.547308235051
5825,4770.547307920147
5826,4770.5473079385565
5827,4770.547310120575
5828,4770.547308435765
5829,4770.547310953822
5830,4770.547306363158
5831,4768.527557373955
5832,4768.527557373955
5833,4768.527557373955
5834,4768.527557373955
5835,4768.527557373953
5836,4768.5275573739555
5837,4768.5275573739555
5838,4768.527557373954
5839,4768.527557373955
5840,4768.52756005738
5841,4768.527551383728
5842,4768.527557463136
5843,4768.527556491686
5844,4768.5275575406695
5845,4768.527556263509
5846,4768.5275571099155
5847,4768.527558656276
5848,4768.527559966843
5849,4768.527556345379
5850,4768.527557826251
5851,4768.527557992716
5852,4768.527556922188
5853,4768.527554791224
5854,4768.527556604694
5855,4768.527558134514
5856,4768.527556711914
5857,4768.5275583438715
5858,4768.527560603426
5859,4768.527556702342
5860,4768.52755733058
5861,4768.52755723382
5862,4768.527558011518
5863,4768.52755897045
5864,4768.527557242668
5865,4768.527558043323
5866,4768.527557415462
5867,4768.527553658952
5868,4768.527557245096
5869,4768.527559491573
5870,4768.527560728002
5871,4768.527559003878
5872,4768.527557944125
5873,4768.52755671279
5874,4768.527556646564
5875,4768.527556573651
5876,4768.527559764902
5877,4768.52755714397
5878,4768.527554681886
5879,4768.527554149143
5880,4766.400820973909
5881,4766.4008209739095
5882,4766.4008209739095
5883,4766.400820973909
5884,4766.400820973908
5885,4766.4008209739095
5886,4766.4008209739095
5887,4766.400820973911
5888,4766.4008209739095
5889,4766.400835768314
5890,4766.40082291477
5891,4766.4008216477705
5892,4766.400820072058
5893,4766.400823988584
5894,4766.400823576276
5895,4766.400832575831
5896,4766.4008253294005
5897,4766.400822196876
5898,4766.400820370876
5899,4766.400821746345
5900,4766.400820647293
5901,4766.400811521196
5902,4766.400807436196
5903,4766.400820337483
5904,4766.400818820546
5905,4766.4008268690695
5906,4766.400818672732
5907,4766.400828765673
5908,4766.40081782676
5909,4766.400821637229
5910,4766.400821466302
5911,4766.400822025348
5912,4766.400822161647
5913,4766.400816654706
5914,4766.400821185374
5915,4766.400821041383
5916,4766.40081312229
5917,4766.400820934999
5918,4766.400823230064
5919,4766.400823419147
5920,4766.400822680388
5921,4766.400820868454
5922,4766.400820153423
5923,4766.400820597921
5924,4766.400820828135
5925,4766.400825556231
5926,4766.400821240073
5927,4766.400823735555
5928,4766.400816113162
5929,4763.46095644306
5930,4763.460956443055
5931,4763.460956443057
5932,4763.460956443057
5933,4763.460956443054
5934,4763.460956443057
5935,4763.460956443057
5936,4763.46095644306
5937,4763.460956443058
5938,4763.460966013069
5939,4763.460952280563
5940,4763.4609567601565
5941,4763.460954426521
5942,4763.460957722091
5943,4763.460955202976
5944,4763.460962885844
5945,4763.460958376067
5946,4763.460957774417
5947,4763.46095583535
5948,4763.460955262172
5949,4763.460955489684
5950,4763.460950096484
5951,4763.460947324405
5952,4763.46095642331
5953,4763.460956894953
5954,4763.460958738127
5955,4763.46095878007
5956,4763.4609619086295
5957,4763.460954225582
5958,4763.460957446625
5959,4763.460956946968
5960,4763.4609556138485
5961,4763.460956376788
5962,4763.460953412827
5963,4763.460956447697
5964,4763.460954841937
5965,4763.460948551619
5966,4763.4609552967895
5967,4763.460959459471
5968,4763.46096085615
5969,4763.460957825387
5970,4763.460956262765
5971,4763.460955646537
5972,4763.460956297922
5973,4763.460956387915
5974,4763.46095996805
5975,4763.460956646874
5976,4763.460951205411
5977,4763.460952927709
5978,4759.256739042682
5979,4759.256739042684
5980,4759.256739042684
5981,4759.256739042683
5982,4759.256739042684
5983,4759.256739042681
5984,4759.256739042685
5985,4759.256739042682
5986,4759.256739042682
5987,4759.256739249408
5988,4759.25673182398
5989,4759.256738703309
5990,4759.25673639076
5991,4759.25673948505
5992,4759.25673743176
5993,4759.256736660913
5994,4759.256737412962
5995,4759.256739748506
5996,4759.256738474626
5997,4759.256736380343
5998,4759.25673728466
5999,4759.256737721544
6000,4759.256737361208
6001,4759.256739913794
6002,4759.256740740445
6003,4759.256741514965
6004,4759.256740584219
6005,4759.256740248781
6006,4759.256738319608
6007,4759.256739790536
6008,4759.256739300647
6009,4759.256736664996
6010,4759.256737427824
6011,4759.256739480285
6012,4759.256738782957
6013,4759.2567364676715
6014,4759.256732138557
6015,4759.256737050409
6016,4759.256740900575
6017,4759.256742694972
6018,4759.256739853662
6019,4759.256739232451
6020,4759.256738716763
6021,4759.256739516866
6022,4759.25673920263
6023,4759.256739350136
6024,4759.256738999551
6025,4759.256730080719
6026,4759.256737969564
6027,4756.819333941729
6028,4756.819333941732
6029,4756.819333941727
6030,4756.81933394173
6031,4756.819333941728
6032,4756.8193339417285
6033,4756.819333941728
6034,4756.819333941727
6035,4756.8193339417285
6036,4756.819331645432
6037,4756.819330009417
6038,4756.819333263811
6039,4756.819331804359
6040,4756.819334230614
6041,4756.819332939056
6042,4756.819330828413
6043,4756.81933200942
6044,4756.819333858865
6045,4756.819333461894
6046,4756.819331897167
6047,4756.819332099843
6048,4756.819333051854
6049,4756.819334332289
6050,4756.819334928318
6051,4756.8193355231115
6052,4756.819335641352
6053,4756.819333107305
6054,4756.819333339675
6055,4756.819332633022
6056,4756.819334349048
6057,4756.819334082331
6058,4756.819332026342
6059,4756.81933215421
6060,4756.81933512825
6061,4756.819333640101
6062,4756.819332231477
6063,4756.819329988614
6064,4756.8193320395385
6065,4756.819334730774
6066,4756.819336513231
6067,4756.819334633218
6068,4756.819334492807
6069,4756.819333890498
6070,4756.8193346721255
6071,4756.819334094246
6072,4756.819332138403
6073,4756.819333769715
6074,4756.819327329435
6075,4756.819334710632
6076,4754.134820166267
6077,4754.134820166269
6078,4754.134820166269
6079,4754.134820166269
6080,4754.134820166266
6081,4754.134820166269
6082,4754.134820166267
6083,4754.134820166269
6084,4754.134820166269
6085,4754.134821053409
6086,4754.134820347218
6087,4754.13481929536
6088,4754.134819219954
6089,4754.134818959123
6090,4754.134818771116
6091,4754.134824253332
6092,4754.134823034824
6093,4754.134819804579
6094,4754.134819886449
6095,4754.134820445964
6096,4754.134818381704
6097,4754.134817346517
6098,4754.1348183458695
6099,4754.134820483999
6100,4754.1348213074125
6101,4754.1348178921735
6102,4754.134819325411
6103,4754.134822479577
6104,4754.134817776255
6105,4754.1348206404255
6106,4754.134820479988
6107,4754.134820347181
6108,4754.134819281622
6109,4754.134818904123
6110,4754.13481989009
6111,4754.134820623205
6112,4754.1348236824715
6113,4754.134818590275
6114,4754.134821658489
6115,4754.13482264178
6116,4754.134820993987
6117,4754.134820764449
6118,4754.134820064564
6119,4754.1348208632735
6120,4754.134819961179
6121,4754.134817739726
6122,4754.1348200671955
6123,4754.134816672394
6124,4754.1348230950225
6125,4752.491711771461
6126,4752.491711771461
6127,4752.491711771461
6128,4752.491711771462
6129,4752.491711771463
6130,4752.49171177146
6131,4752.491711771461
6132,4752.491711771462
6133,4752.491711771462
6134,4752.491714150252
6135,4752.491716205341
6136,4752.491710656888
6137,4752.491711772383
6138,4752.4917144554265
6139,4752.491715705584
6140,4752.49170787146
6141,4752.491712901305
6142,4752.491710641647
6143,4752.491711324992
6144,4752.491714040018
6145,4752.491710170915
6146,4752.49170911632
6147,4752.491714117756
6148,4752.491711964829
6149,4752.491712828028
6150,4752.491714615993
6151,4752.491706462539
6152,4752.491713207941
6153,4752.491712559597
6154,4752.491711313469
6155,4752.491711453988
6156,4752.491713647905
6157,4752.4917116558345
6158,4752.4917122545285
6159,4752.491711445796
6160,4752.491714499676
6161,4752.491711310895
6162,4752.491712972847
6163,4752.491713569465
6164,4752.491711960737
6165,4752.491712232307
6166,4752.491712717627
6167,4752.491712072597
6168,4752.49171272903
6169,4752.491711118146
6170,4752.491707861496
6171,4752.491711226526
6172,4752.491713904515
6173,4752.491712395602
6174,4750.707588684702
6175,4750.7075886847015
6176,4750.707588684701
6177,4750.707588684701
6178,4750.707588684701
6179,4750.707588684698
6180,4750.707588684699
6181,4750.707588684701
6182,4750.707588684699
6183,4750.707595231701
6184,4750.707594646014
6185,4750.707587770918
6186,4750.7075889731
6187,4750.7075900728205
6188,4750.707588761899
6189,4750.707592929184
6190,4750.707592117367
6191,4750.707588154897
6192,4750.707588470341
6193,4750.707590919494
6194,4750.707588018457
6195,4750.707584818945
6196,4750.707587458443
6197,4750.707588487203
6198,4750.707589303247
6199,4750.707586109115
6200,4750.70758873305
6201,4750.707590748924
6202,4750.707586447259
6203,4750.70758873283
6204,4750.70758905547
6205,4750.707590684821
6206,4750.707589079665
6207,4750.707585753094
6208,4750.707588664757
6209,4750.707591279306
6210,4750.707592951335
6211,4750.707589523972
6212,4750.707591115806
6213,4750.70759113549
6214,4750.707589567513
6215,4750.707589341825
6216,4750.707588364365
6217,4750.707589067535
6218,4750.707588215166
6219,4750.707586080092
6220,4750.7075885019585
6221,4750.707591499864
6222,4750.707590541357
6223,4749.017148346065
6224,4749.0171483460645
6225,4749.0171483460645
6226,4749.017148346063
6227,4749.017148346064
6228,4749.017148346063
6229,4749.017148346065
6230,4749.0171483460645
6231,4749.017148346063
6232,4749.017150882108
6233,4749.017150019757
6234,4749.0171475934285
6235,4749.017148641037
6236,4749.0171490287485
6237,4749.017147004532
6238,4749.01714968769
6239,4749.017150271808
6240,4749.0171490535595
6241,4749.017148108505
6242,4749.017149110138
6243,4749.01714885852
6244,4749.017146235546
6245,4749.017148860422
6246,4749.017148248057
6247,4749.017147860889
6248,4749.01714551413
6249,4749.017150967884
6250,4749.017149051352
6251,4749.017146218999
6252,4749.017148416042
6253,4749.017149084078
6254,4749.017149184133
6255,4749.01714877042
6256,4749.017145649717
6257,4749.017148843799
6258,4749.017149670948
6259,4749.017152629986
6260,4749.017148460795
6261,4749.017150202657
6262,4749.017152189661
6263,4749.017149581176
6264,4749.017148795995
6265,4749.017147305818
6266,4749.017147911648
6267,4749.017148317671
6268,4749.017146522643
6269,4749.017148255175
6270,4749.0171521542225
6271,4749.017150197111
6272,4747.64044259967
6273,4747.640442599671
6274,4747.640442599668
6275,4747.64044259967
6276,4747.64044259967
6277,4747.640442599669
6278,4747.640442599672
6279,4747.640442599671
6280,4747.640442599671
6281,4747.640461099369
6282,4747.640448546911
6283,4747.640442581732
6284,4747.640441712196
6285,4747.640443074151
6286,4747.640444865041
6287,4747.6404588975465
6288,4747.640451063072
6289,4747.640444151337
6290,4747.640442901228
6291,4747.640442657743
6292,4747.640445320102
6293,4747.640440432748
6294,4747.640433981579
6295,4747.640442228119
6296,4747.640443574923
6297,4747.640441411294
6298,4747.640448312396
6299,4747.640450369015
6300,4747.640438301224
6301,4747.64044392733
6302,4747.640444407436
6303,4747.640443018896
6304,4747.6404435284285
6305,4747.640435438526
6306,4747.640442854313
6307,4747.640442267746
6308,4747.640448991379
6309,4747.6404445877915
6310,4747.640445296343
6311,4747.640445763427
6312,4747.640443675935
6313,4747.640442180934
6314,4747.640441254458
6315,4747.640441968109
6316,4747.640442328772
6317,4747.640444361783
6318,4747.640443182044
6319,4747.640438207164
6320,4747.640444399252
6321,4745.75644052337
6322,4745.756440523371
6323,4745.7564405233725
6324,4745.7564405233725
6325,4745.756440523371
6326,4745.756440523372
6327,4745.7564405233725
6328,4745.756440523371
6329,4745.75644052337
6330,4745.756444173519
6331,4745.7564397026235
6332,4745.75644028698
6333,4745.756439841331
6334,4745.7564425338105
6335,4745.756443897718
6336,4745.7564401901645
6337,4745.756441688832
6338,4745.756442433424
6339,4745.756440552559
6340,4745.756439349192
6341,4745.756442990748
6342,4745.756443344479
6343,4745.756440892886
6344,4745.756440701351
6345,4745.756439957761
6346,4745.756443888464
6347,4745.7564435654685
6348,4745.7564418291995
6349,4745.756438920945
6350,4745.756440792354
6351,4745.756441866282
6352,4745.756439794531
6353,4745.756440891216
6354,4745.756438557329
6355,4745.756441142821
6356,4745.756439566193
6357,4745.756442234019
6358,4745.756442085186
6359,4745.756440790384
6360,4745.756442714028
6361,4745.756441384561
6362,4745.756440553859
6363,4745.756439283381
6364,4745.756439630573
6365,4745.756440692468
6366,4745.7564404167615
6367,4745.756440740903
6368,4745.756440327627
6369,4745.75644101533
6370,4744.8189372989555
6371,4744.818937298955
6372,4744.818937298954
6373,4744.818937298953
6374,4744.818937298955
6375,4744.818937298954
6376,4744.818937298952
6377,4744.818937298954
6378,4744.818937298953
6379,4744.81893520343
6380,4744.81893515671
6381,4744.8189369835245
6382,4744.818936597083
6383,4744.818939580406
6384,4744.818941406521
6385,4744.818931484351
6386,4744.818935904206
6387,4744.818938959177
6388,4744.818937274299
6389,4744.818935183278
6390,4744.818939590978
6391,4744.818940844337
6392,4744.818940542012
6393,4744.818937925097
6394,4744.818936370613
6395,4744.818942677531
6396,4744.818938627115
6397,4744.8189360235765
6398,4744.818936545616
6399,4744.818937166119
6400,4744.818938496061
6401,4744.8189356907815
6402,4744.818936980478
6403,4744.818937365403
6404,4744.818937949755
6405,4744.818935692213
6406,4744.818936978711
6407,4744.818938416091
6408,4744.818936016473
6409,4744.818938787547
6410,4744.818937993534
6411,4744.818937485421
6412,4744.81893611694
6413,4744.818936332138
6414,4744.818937805586
6415,4744.818935997577
6416,4744.818937351405
6417,4744.818937604892
6418,4744.818937594659
6419,4743.532644988495
6420,4743.532644988491
6421,4743.532644988491
6422,4743.532644988493
6423,4743.532644988491
6424,4743.53264498849
6425,4743.532644988491
6426,4743.5326449884915
6427,4743.532644988493
6428,4743.532638822209
6429,4743.532642658831
6430,4743.532644650057
6431,4743.532644340466
6432,4743.532646747194
6433,4743.532649009954
6434,4743.532636556856
6435,4743.532642435877
6436,4743.532646304547
6437,4743.532644996306
6438,4743.532642054796
6439,4743.532647455503
6440,4743.532648671082
6441,4743.53264983851
6442,4743.53264593376
6443,4743.532644257986
6444,4743.532650509783
6445,4743.532645757828
6446,4743.5326418190825
6447,4743.532644514963
6448,4743.532644538953
6449,4743.53264618239
6450,4743.532642640074
6451,4743.532644147533
6452,4743.532646322788
6453,4743.532645668651
6454,4743.532642752838
6455,4743.532644172136
6456,4743.532645785671
6457,4743.532642078273
6458,4743.532645972011
6459,4743.5326454852375
6460,4743.5326452839745
6461,4743.532643817839
6462,4743.532643790469
6463,4743.532645770257
6464,4743.532642590783
6465,4743.532644935822
6466,4743.532644629625
6467,4743.532645622746
6468,4740.871072512177
6469,4740.871072512179
6470,4740.871072512181
6471,4740.871072512177
6472,4740.871072512178
6473,4740.871072512178
6474,4740.871072512179
6475,4740.871072512179
6476,4740.871072512181
6477,4740.8710658113705
6478,4740.871073783251
6479,4740.871072304693
6480,4740.871072637941
6481,4740.871073344096
6482,4740.871077527392
6483,4740.871067787376
6484,4740.87107214281
6485,4740.871073162213
6486,4740.871072585048
6487,4740.87106961271
6488,4740.871074890628
6489,4740.871071308415
6490,4740.871073845509
6491,4740.871073455454
6492,4740.871069893132
6493,4740.8710794827
6494,4740.871070193898
6495,4740.871070104288
6496,4740.871072028525
6497,4740.8710717074155
6498,4740.871073772348
6499,4740.87107028973
6500,4740.871071492551
6501,4740.871073032482
6502,4740.871073130102
6503,4740.871070317965
6504,4740.871071378768
6505,4740.871072100017
6506,4740.871067679964
6507,4740.871072207747
6508,4740.871072934202
6509,4740.871072756264
6510,4740.871071300581
6511,4740.871070846659
6512,4740.871073807848
6513,4740.871070020412
6514,4740.871072439293
6515,4740.871076187172
6516,4740.871073430834
6517,4750.312800040284
6518,4750.312800040288
6519,4750.312800040292
6520,4750.312800040288
6521,4750.312800040287
6522,4750.312800040288
6523,4750.312800040287
6524,4750.312800040286
6525,4750.312800040287
6526,4750.312778088374
6527,4750.312781065797
6528,4750.312799578301
6529,4750.312798023838
6530,4750.312781929631
6531,4750.312775071372
6532,4750.312785900209
6533,4750.312792651863
6534,4750.312800354024
6535,4750.312800382423
6536,4750.312789498794
6537,4750.312805062296
6538,4750.312808138728
6539,4750.312815091313
6540,4750.312802107391
6541,4750.312814605077
6542,4750.312772091711
6543,4750.312824553931
6544,4750.31278781032
6545,4750.312796978937
6546,4750.312799919517
6547,4750.312801922602
6548,4750.3127908973875
6549,4750.312796775973
6550,4750.312813335677
6551,4750.312800950811
6552,4750.312790798222
6553,4750.312805615831
6554,4750.312801945337
6555,4750.312790784651
6556,4750.31281105922
6557,4750.312799914762
6558,4750.312800083155
6559,4750.31279758637
6560,4750.3127955829605
6561,4750.312801066485
6562,4750.312792395765
6563,4750.312799478586
6564,4750.312765107208
6565,4750.312810407821
6566,4739.326626294695
6567,4739.326626294696
6568,4739.326626294696
6569,4739.326626294699
6570,4739.326626294697
6571,4739.326626294697
6572,4739.326626294697
6573,4739.326626294696
6574,4739.326626294697
6575,4739.326614852995
6576,4739.326622080069
6577,4739.326625957816
6578,4739.326626025015
6579,4739.326623256257
6580,4739.326623974419
6581,4739.326618074757
6582,4739.326624597802
6583,4739.326626906328
6584,4739.326626424181
6585,4739.326621903547
6586,4739.3266287514725
6587,4739.32662772196
6588,4739.326631597951
6589,4739.326627422709
6590,4739.3266276958875
6591,4739.326624716582
6592,4739.326631367719
6593,4739.326621611691
6594,4739.326626123904
6595,4739.326625600041
6596,4739.326627673449
6597,4739.326622690498
6598,4739.326624753918
6599,4739.326628855923
6600,4739.3266269351725
6601,4739.326622784544
6602,4739.326626959849
6603,4739.326625520408
6604,4739.326621440868
6605,4739.3266287918295
6606,4739.3266264829335
6607,4739.3266264844115
6608,4739.326624852998
6609,4739.326624026212
6610,4739.32662746671
6611,4739.326622463186
6612,4739.3266260890105
6613,4739.326620730736
6614,4739.326628977139
6615,4735.977715966089
6616,4735.977715966091
6617,4735.977715966091
6618,4735.977715966091
6619,4735.977715966093
6620,4735.977715966089
6621,4735.977715966088
6622,4735.977715966091
6623,4735.977715966091
6624,4735.977707360766
6625,4735.977712938934
6626,4735.977715572066
6627,4735.97771648709
6628,4735.977714028787
6629,4735.977712406008
6630,4735.977709893135
6631,4735.977716289191
6632,4735.977715942555
6633,4735.977716132982
6634,4735.977713549274
6635,4735.977716035474
6636,4735.977714187953
6637,4735.977718308156
6638,4735.977716484804
6639,4735.9777165771375
6640,4735.977714165316
6641,4735.977722243531
6642,4735.977713086192
6643,4735.977717100948
6644,4735.977715192183
6645,4735.977717175903
6646,4735.977714100896
6647,4735.977714893966
6648,4735.977716314381
6649,4735.977716055098
6650,4735.977714224354
6651,4735.977715090295
6652,4735.97771419664
6653,4735.977713146514
6654,4735.977718418083
6655,4735.9777157757535
6656,4735.9777159364985
6657,4735.977714982525
6658,4735.9777138502
6659,4735.977716957544
6660,4735.977712932783
6661,4735.977715780549
6662,4735.977713172415
6663,4735.9777171093665
6664,4735.558111446125
6665,4735.558111446126
6666,4735.558111446126
6667,4735.55811144612
6668,4735.558111446125
6669,4735.558111446124
6670,4735.558111446124
6671,4735.558111446123
6672,4735.558111446125
6673,4735.558111890428
6674,4735.558119625263
6675,4735.558111809681
6676,4735.558111952912
6677,4735.558097678889
6678,4735.558107440119
6679,4735.558131654948
6680,4735.5581185341725
6681,4735.558111222856
6682,4735.5581118869
6683,4735.558106668263
6684,4735.558116076817
6685,4735.55810364374
6686,4735.558101815338
6687,4735.55811178952
6688,4735.558113078942
6689,4735.558104620285
6690,4735.558107638901
6691,4735.558112738432
6692,4735.558103108695
6693,4735.558110771432
6694,4735.558113412019
6695,4735.558107743674
6696,4735.558110842299
6697,4735.5581148933825
6698,4735.5581118843575
6699,4735.558106792265
6700,4735.558119392162
6701,4735.558111057708
6702,4735.558099818639
6703,4735.55811169662
6704,4735.558112010753
6705,4735.558111355929
6706,4735.558109831195
6707,4735.558107702537
6708,4735.5581127835085
6709,4735.558109699261
6710,4735.558111572793
6711,4735.558104024338
6712,4735.558120271875
6713,4733.18850161004
6714,4733.188501610037
6715,4733.188501610039
6716,4733.18850161004
6717,4733.18850161004
6718,4733.1885016100405
6719,4733.188501610038
6720,4733.188501610041
6721,4733.188501610042
6722,4733.188496967121
6723,4733.188503636703
6724,4733.188501519048
6725,4733.1885024166895
6726,4733.18849616231
6727,4733.188498823109
6728,4733.188506446295
6729,4733.18850583508
6730,4733.188501474172
6731,4733.188501913085
6732,4733.188498967743
6733,4733.188502964844
6734,4733.1884969889725
6735,4733.188498439633
6736,4733.188501886972
6737,4733.188501770995
6738,4733.188498860627
6739,4733.1885037435995
6740,4733.188501229595
6741,4733.188499743239
6742,4733.188500844331
6743,4733.18850311905
6744,4733.188499650471
6745,4733.188500894459
6746,4733.1885015155285
6747,4733.188501779656
6748,4733.188499372391
6749,4733.1885045663685
6750,4733.188499443158
6751,4733.1884964045985
6752,4733.188502728135
6753,4733.18850166724
6754,4733.188501529679
6755,4733.18850046398
6756,4733.188498954318
6757,4733.188502713304
6758,4733.188499292927
6759,4733.188501582875
6760,4733.188498700286
6761,4733.188505045023
6762,4729.636679639647
6763,4729.636679639645
6764,4729.636679639648
6765,4729.636679639649
6766,4729.636679639647
6767,4729.636679639646
6768,4729.636679639643
6769,4729.636679639648
6770,4729.636679639646
6771,4729.636680114091
6772,4729.636683714779
6773,4729.636679626557
6774,4729.636680890704
6775,4729.63667678569
6776,4729.636678787428
6777,4729.636688025743
6778,4729.636685409154
6779,4729.636679334262
6780,4729.636680021738
6781,4729.636679593302
6782,4729.636678709617
6783,4729.63667657377
6784,4729.636674100118
6785,4729.636679083416
6786,4729.636679382416
6787,4729.636679093135
6788,4729.636680214929
6789,4729.63668153668
6790,4729.636677541605
6791,4729.636678843285
6792,4729.636681008615
6793,4729.636679882877
6794,4729.636679906304
6795,4729.636677850719
6796,4729.636679292172
6797,4729.636679616878
6798,4729.636682734511
6799,4729.636677211568
6800,4729.636677077907
6801,4729.636679174976
6802,4729.6366793938
6803,4729.63667942629
6804,4729.636679139529
6805,4729.636677637768
6806,4729.636680065369
6807,4729.636678620674
6808,4729.636679741807
6809,4729.636677958554
6810,4729.636681072111
6811,4737.541579906315
6812,4737.541579906316
6813,4737.541579906316
6814,4737.541579906314
6815,4737.541579906315
6816,4737.541579906314
6817,4737.541579906314
6818,4737.541579906316
6819,4737.541579906314
6820,4737.541604413698
6821,4737.5415927612285
6822,4737.541580691487
6823,4737.541577296818
6824,4737.541566506919
6825,4737.541573889492
6826,4737.541594546834
6827,4737.541578589719
6828,4737.541579124667
6829,4737.541580072182
6830,4737.541571594661
6831,4737.541586360446
6832,4737.541577639904
6833,4737.541572282401
6834,4737.541581344711
6835,4737.54159280357
6836,4737.541572322043
6837,4737.541578138067
6838,4737.541580005512
6839,4737.541570731246
6840,4737.541579653278
6841,4737.541581322578
6842,4737.54157275347
6843,4737.541578679409
6844,4737.541594919474
6845,4737.541579640142
6846,4737.54157175291
6847,4737.5415708245
6848,4737.541589712787
6849,4737.541567397681
6850,4737.541582260656
6851,4737.541580944058
6852,4737.541579362466
6853,4737.54157815294
6854,4737.541576725253
6855,4737.541580230845
6856,4737.541579356117
6857,4737.541579483172
6858,4737.541551550365
6859,4737.541587706735
6860,4728.209182946349
6861,4728.209182946352
6862,4728.209182946347
6863,4728.209182946348
6864,4728.209182946348
6865,4728.209182946346
6866,4728.209182946346
6867,4728.209182946348
6868,4728.209182946348
6869,4728.209190086976
6870,4728.209189455007
6871,4728.20918313359
6872,4728.209183294152
6873,4728.209179316419
6874,4728.2091820291935
6875,4728.209191295131
6876,4728.209187726412
6877,4728.209182459732
6878,4728.209183261878
6879,4728.2091811282435
6880,4728.209183533695
6881,4728.2091801626375
6882,4728.20917696019
6883,4728.2091828613065
6884,4728.2091854594455
6885,4728.209182377482
6886,4728.209182995826
6887,4728.209185124427
6888,4728.209180853877
6889,4728.20918221899
6890,4728.209184275815
6891,4728.209181586036
6892,4728.209182899723
6893,4728.209183610907
6894,4728.209182556202
6895,4728.209181224437
6896,4728.209181766022
6897,4728.209182157543
6898,4728.209179898607
6899,4728.2091828000775
6900,4728.209182950409
6901,4728.209182622929
6902,4728.209182208306
6903,4728.209180773517
6904,4728.20918332515
6905,4728.209182191397
6906,4728.20918289646
6907,4728.209175622025
6908,4728.209184728715
6909,4725.232667999089
6910,4725.232667999085
6911,4725.232667999086
6912,4725.232667999085
6913,4725.232667999087
6914,4725.232667999087
6915,4725.232667999089
6916,4725.23266799909
6917,4725.232667999089
6918,4725.232676554503
6919,4725.232674750224
6920,4725.23266804809
6921,4725.232668667197
6922,4725.232665504835
6923,4725.232667234853
6924,4725.232673311162
6925,4725.232671812973
6926,4725.232667434645
6927,4725.232668171203
6928,4725.232666682337
6929,4725.232668421322
6930,4725.232667244866
6931,4725.232664302487
6932,4725.232667862897
6933,4725.2326702397195
6934,4725.232667972334
6935,4725.232667441049
6936,4725.23266973251
6937,4725.2326668589585
6938,4725.232667031567
6939,4725.23266908265
6940,4725.232667004133
6941,4725.232668233004
6942,4725.232669437427
6943,4725.232667764348
6944,4725.232667080015
6945,4725.232666387613
6946,4725.232667192607
6947,4725.232666843764
6948,4725.232667829255
6949,4725.232668309445
6950,4725.232667820346
6951,4725.232667105683
6952,4725.232665972984
6953,4725.232668243915
6954,4725.232666928366
6955,4725.232667735193
6956,4725.232663121089
6957,4725.2326693278565
6958,4720.693879320917
6959,4720.6938793209165
6960,4720.693879320911
6961,4720.693879320913
6962,4720.693879320912
6963,4720.693879320914
6964,4720.693879320917
6965,4720.693879320916
6966,4720.6938793209165
6967,4720.693883299071
6968,4720.693877445646
6969,4720.693879618105
6970,4720.693879840621
6971,4720.693874240644
6972,4720.6938759140285
6973,4720.6938815809235
6974,4720.693877462636
6975,4720.693879940012
6976,4720.6938794976795
6977,4720.693876459589
6978,4720.693878530056
6979,4720.6938846027
6980,4720.693880668428
6981,4720.693879555247
6982,4720.693883527756
6983,4720.693877280946
6984,4720.693881916635
6985,4720.693878145944
6986,4720.6938749337005
6987,4720.693878783019
6988,4720.693880608218
6989,4720.69387677983
6990,4720.693878529114
6991,4720.693886704175
6992,4720.693879392011
6993,4720.693877209392
6994,4720.69387980406
6995,4720.693880956873
6996,4720.693877346727
6997,4720.693880235921
6998,4720.693879664053
6999,4720.693878726524
7000,4720.693877550252
7001,4720.693877063481
7002,4720.693879390061
7003,4720.693878327509
7004,4720.693878883145
7005,4720.693866024086
7006,4720.693881015363
7007,4725.8834228647165
7008,4725.883422864718
7009,4725.88342286472
7010,4725.88342286472
7011,4725.8834228647165
7012,4725.8834228647165
7013,4725.883422864717
7014,4725.8834228647165
7015,4725.883422864718
7016,4725.8834403510755
7017,4725.8834216017385
7018,4725.883422986948
7019,4725.883425140101
7020,4725.883439732897
7021,4725.883431526653
7022,4725.883422717035
7023,4725.88343034107
7024,4725.883424709368
7025,4725.88342311937
7026,4725.883428166866
7027,4725.88341322155
7028,4725.883426416445
7029,4725.883421181409
7030,4725.8834215802535
7031,4725.883419757162
7032,4725.883436044692
7033,4725.883433001104
7034,4725.883433226488
7035,4725.883429614963
7036,4725.883423525684
7037,4725.883423794881
7038,4725.883427173398
7039,4725.883422852336
7040,4725.883408714683
7041,4725.883421439306
7042,4725.88342851496
7043,4725.883421430047
7044,4725.883416613087
7045,4725.883443114766
7046,4725.8834213678365
7047,4725.883421988076
7048,4725.883421032353
7049,4725.88342211683
7050,4725.88342380931
7051,4725.883422069255
7052,4725.883426326645
7053,4725.883422696
7054,4725.883421023419
7055,4725.883409766231
7056,4718.607574891199
7057,4718.607574891201
7058,4718.6075748912
7059,4718.6075748912
7060,4718.607574891199
7061,4718.607574891198
7062,4718.607574891198
7063,4718.607574891199
7064,4718.607574891199
7065,4718.607583689523
7066,4718.607573579596
7067,4718.607575129348
7068,4718.607576039737
7069,4718.607577574135
7070,4718.607575834985
7071,4718.60757662142
7072,4718.607576612408
7073,4718.60757588318
7074,4718.60757509583
7075,4718.607575014805
7076,4718.607570946883
7077,4718.607579303665
7078,4718.607574962004
7079,4718.607574588002
7080,4718.607576396203
7081,4718.607578250332
7082,4718.607579969169
7083,4718.607577951673
7084,4718.607574502535
7085,4718.607574751437
7086,4718.607576052519
7087,4718.607574866537
7088,4718.607574394571
7089,4718.607574285761
7090,4718.607574453747
7091,4718.607575630047
7092,4718.607574818144
7093,4718.607573344565
7094,4718.607580958447
7095,4718.60757486618
7096,4718.607574839289
7097,4718.6075738780755
7098,4718.607573480661
7099,4718.607573799176
7100,4718.607574646447
7101,4718.607575433005
7102,4718.607574551989
7103,4718.607566024547
7104,4718.6075713878
7105,4715.487304751245
7106,4715.4873047512465
7107,4715.4873047512465
7108,4715.4873047512465
7109,4715.4873047512465
7110,4715.487304751246
7111,4715.487304751245
7112,4715.487304751243
7113,4715.487304751244
7114,4715.487293188356
7115,4715.48729549183
7116,4715.487304613968
7117,4715.487307146418
7118,4715.487306076996
7119,4715.487304327322
7120,4715.4872886165285
7121,4715.4873001039305
7122,4715.4873051994755
7123,4715.487304633928
7124,4715.4873034725615
7125,4715.487300772421
7126,4715.487311509912
7127,4715.487314078494
7128,4715.487305162489
7129,4715.487302678284
7130,4715.487310201489
7131,4715.487305225306
7132,4715.487300425425
7133,4715.487307663842
7134,4715.487303073218
7135,4715.48730538466
7136,4715.487303445396
7137,4715.487303446381
7138,4715.4873103348655
7139,4715.4873052054845
7140,4715.48730530976
7141,4715.48730277551
7142,4715.487300504763
7143,4715.487308686553
7144,4715.487304457331
7145,4715.487304975124
7146,4715.48730450835
7147,4715.487302869892
7148,4715.487302862593
7149,4715.487305330807
7150,4715.48730175265
7151,4715.487303801405
7152,4715.487306527658
7153,4715.487301837022
7154,4713.463605106153
7155,4713.463605106156
7156,4713.463605106159
7157,4713.463605106154
7158,4713.463605106157
7159,4713.463605106155
7160,4713.463605106155
7161,4713.4636051061525
7162,4713.463605106152
7163,4713.463602995605
7164,4713.463601041543
7165,4713.463605330974
7166,4713.463606831338
7167,4713.463597589703
7168,4713.463598816083
7169,4713.463602072083
7170,4713.463597764376
7171,4713.46360553784
7172,4713.463604913305
7173,4713.463600898346
7174,4713.4636035583335
7175,4713.4636043972
7176,4713.463609587948
7177,4713.463606258768
7178,4713.463605995961
7179,4713.463603141479
7180,4713.463604252582
7181,4713.463599556707
7182,4713.463599466554
7183,4713.463603897897
7184,4713.463605944137
7185,4713.4636012483625
7186,4713.463602775357
7187,4713.4636176982785
7188,4713.46360579453
7189,4713.463603043623
7190,4713.463603330514
7191,4713.463606809665
7192,4713.463602748184
7193,4713.4636073499105
7194,4713.463606275556
7195,4713.463604499603
7196,4713.463602123676
7197,4713.463602569729
7198,4713.463606032412
7199,4713.463602682072
7200,4713.463604009069
7201,4713.463602315098
7202,4713.4636077247005
7203,4709.248384916988
7204,4709.2483849169885
7205,4709.248384916993
7206,4709.2483849169885
7207,4709.2483849169885
7208,4709.24838491699
7209,4709.24838491699
7210,4709.2483849169885
7211,4709.248384916987
7212,4709.248384919983
7213,4709.248384807151
7214,4709.248384968163
7215,4709.248387735661
7216,4709.248385330336
7217,4709.248382095405
7218,4709.248382735132
7219,4709.248384572788
7220,4709.248384880678
7221,4709.248384813216
7222,4709.248384122191
7223,4709.248381035514
7224,4709.248379715876
7225,4709.24838622258
7226,4709.248385262786
7227,4709.248382264222
7228,4709.248386443259
7229,4709.248386345696
7230,4709.248383083852
7231,4709.2483850307435
7232,4709.248383389448
7233,4709.248385615192
7234,4709.248384058873
7235,4709.248383418671
7236,4709.248385444811
7237,4709.248385100397
7238,4709.248386091419
7239,4709.248383420642
7240,4709.248379945862
7241,4709.248390953785
7242,4709.248385744671
7243,4709.248385567282
7244,4709.24838427517
7245,4709.248382735614
7246,4709.248383114852
7247,4709.248385765182
7248,4709.248383137869
7249,4709.2483839756
7250,4709.248390163208
7251,4709.248382488296
7252,4704.696589121506
7253,4704.696589121506
7254,4704.696589121506
7255,4704.696589121508
7256,4704.696589121507
7257,4704.696589121507
7258,4704.696589121507
7259,4704.696589121506
7260,4704.696589121508
7261,4704.6965878538385
7262,4704.696587469916
7263,4704.696589252834
7264,4704.696592049437
7265,4704.696591412789
7266,4704.696585320317
7267,4704.696588080044
7268,4704.696589861747
7269,4704.696588988834
7270,4704.696589202286
7271,4704.696589387707
7272,4704.69658328386
7273,4704.696581988007
7274,4704.69658945455
7275,4704.696589214702
7276,4704.696586767693
7277,4704.696589581061
7278,4704.696593181023
7279,4704.696587648701
7280,4704.6965897334985
7281,4704.696587525864
7282,4704.696589861518
7283,4704.696589079697
7284,4704.6965874813195
7285,4704.696586340472
7286,4704.696588841035
7287,4704.696591299974
7288,4704.696588190377
7289,4704.696582197641
7290,4704.696598202105
7291,4704.696589715755
7292,4704.696589340093
7293,4704.696588238095
7294,4704.696587382052
7295,4704.696587804678
7296,4704.696589698885
7297,4704.696587551034
7298,4704.696588289656
7299,4704.696592883109
7300,4704.696584794005
7301,4701.881970226853
7302,4701.881970226857
7303,4701.881970226857
7304,4701.881970226858
7305,4701.881970226855
7306,4701.881970226855
7307,4701.881970226854
7308,4701.881970226856
7309,4701.881970226854
7310,4701.881974352197
7311,4701.881988829745
7312,4701.881971829168
7313,4701.881971784608
7314,4701.881959218913
7315,4701.881997210969
7316,4701.881990500479
7317,4701.8819720438605
7318,4701.881969816205
7319,4701.8819701958955
7320,4701.881969344357
7321,4701.881970598956
7322,4701.881948147856
7323,4701.881960608292
7324,4701.881971334055
7325,4701.881968421315
7326,4701.881994483811
7327,4701.8819243026255
7328,4701.881977063871
7329,4701.881958816834
7330,4701.8819655560565
7331,4701.881970416343
7332,4701.881969047723
7333,4701.881968288276
7334,4701.881988967918
7335,4701.881970358721
7336,4701.881970623474
7337,4701.881968298599
7338,4701.881981385269
7339,4701.881950087208
7340,4701.881954074623
7341,4701.88197251356
7342,4701.881969995261
7343,4701.8819691059425
7344,4701.881969856612
7345,4701.881970648608
7346,4701.881968969798
7347,4701.881971375153
7348,4701.881971773332
7349,4701.881972362163
7350,4696.869763279665
7351,4696.869763279663
7352,4696.869763279663
7353,4696.869763279664
7354,4696.869763279665
7355,4696.869763279662
7356,4696.869763279659
7357,4696.869763279661
7358,4696.86976327966
7359,4696.869765744539
7360,4696.8697724910435
7361,4696.869764006894
7362,4696.869766146609
7363,4696.86976515572
7364,4696.869777671451
7365,4696.869771509281
7366,4696.869770033655
7367,4696.869762926715
7368,4696.869763311319
7369,4696.869764626983
7370,4696.869759255628
7371,4696.869748493522
7372,4696.869757326102
7373,4696.86976344193
7374,4696.869758574535
7375,4696.869779161676
7376,4696.8697446113765
7377,4696.869769278725
7378,4696.869763520152
7379,4696.869760195416
7380,4696.869763661019
7381,4696.869764120803
7382,4696.869761966252
7383,4696.8697621221645
7384,4696.869762964122
7385,4696.869766142901
7386,4696.869762166408
7387,4696.869758570796
7388,4696.86976585179
7389,4696.8697545715695
7390,4696.869764151973
7391,4696.869762635821
7392,4696.86976214984
7393,4696.869762733177
7394,4696.8697637245195
7395,4696.869762298882
7396,4696.86976233505
7397,4696.869769972223
7398,4696.869758380059
7399,4702.486126636242
7400,4702.486126636248
7401,4702.486126636248
7402,4702.486126636236
7403,4702.486126636241
7404,4702.48612663624
7405,4702.486126636241
7406,4702.4861266362395
7407,4702.48612663624
7408,4702.486115131255
7409,4702.486115565387
7410,4702.486128653445
7411,4702.48612455649
7412,4702.486096356742
7413,4702.486109320228
7414,4702.486133425573
7415,4702.486097010914
7416,4702.486125787454
7417,4702.486127594658
7418,4702.48611924923
7419,4702.48612550555
7420,4702.486119451089
7421,4702.486132620136
7422,4702.486129345026
7423,4702.486143557687
7424,4702.486108448303
7425,4702.48611607555
7426,4702.486107943568
7427,4702.486095986498
7428,4702.486124301539
7429,4702.486127883537
7430,4702.486119356652
7431,4702.486121323185
7432,4702.486176556181
7433,4702.486126239081
7434,4702.486121460119
7435,4702.486123418366
7436,4702.486159718995
7437,4702.486092363522
7438,4702.486127469046
7439,4702.4861279626075
7440,4702.486125518118
7441,4702.486124959521
7442,4702.486125986635
7443,4702.4861263936045
7444,4702.486122720352
7445,4702.486127578856
7446,4702.486097954242
7447,4702.48614024325
7448,4691.991704360196
7449,4691.991704360195
7450,4691.991704360198
7451,4691.991704360199
7452,4691.991704360197
7453,4691.991704360198
7454,4691.991704360198
7455,4691.991704360197
7456,4691.991704360196
7457,4691.991701564368
7458,4691.991706458926
7459,4691.991705489878
7460,4691.991705562852
7461,4691.991697455679
7462,4691.991709086775
7463,4691.99171090581
7464,4691.991700497532
7465,4691.991703877349
7466,4691.991704699855
7467,4691.991702950914
7468,4691.991701024672
7469,4691.991692423221
7470,4691.991702726785
7471,4691.99170528232
7472,4691.9917068085515
7473,4691.991709692206
7474,4691.991689064409
7475,4691.99170294277
7476,4691.991696118743
7477,4691.991701357037
7478,4691.991705020072
7479,4691.991702588459
7480,4691.991701805127
7481,4691.991717109958
7482,4691.991704012357
7483,4691.991704694915
7484,4691.9917026726625
7485,4691.991709469944
7486,4691.991697438844
7487,4691.991698379539
7488,4691.991705420022
7489,4691.991703576497
7490,4691.991703107417
7491,4691.9917038392
7492,4691.991704479324
7493,4691.991702289159
7494,4691.991703400597
7495,4691.991698124768
7496,4691.991704375847
7497,4686.418329162801
7498,4686.418329162799
7499,4686.418329162801
7500,4686.418329162797
7501,4686.418329162797
7502,4686.418329162796
7503,4686.418329162795
7504,4686.418329162801
7505,4686.418329162799
7506,4686.418309234206
7507,4686.418308308418
7508,4686.418330419049
7509,4686.418328823273
7510,4686.418333329862
7511,4686.418327304847
7512,4686.418307124661
7513,4686.418321933167
7514,4686.418327602469
7515,4686.418330284192
7516,4686.418329295806
7517,4686.4183208651975
7518,4686.418337614444
7519,4686.4183403991865
7520,4686.418329499213
7521,4686.418337106118
7522,4686.418330979757
7523,4686.4183324785035
7524,4686.418324803707
7525,4686.418332748805
7526,4686.418326713798
7527,4686.41833025022
7528,4686.41832829348
7529,4686.4183266302925
7530,4686.418336187673
7531,4686.418327905234
7532,4686.4183309258915
7533,4686.418326171767
7534,4686.418327590703
7535,4686.41833574637
7536,4686.418324781113
7537,4686.418328993625
7538,4686.418327998417
7539,4686.418329156874
7540,4686.418330253796
7541,4686.418328125927
7542,4686.418326097021
7543,4686.418328558494
7544,4686.418308415258
7545,4686.418321453197
7546,4679.684943877862
7547,4679.6849438778645
7548,4679.684943877864
7549,4679.684943877862
7550,4679.6849438778645
7551,4679.684943877863
7552,4679.68494387786
7553,4679.68494387786
7554,4679.68494387786
7555,4679.684942552624
7556,4679.68493874305
7557,4679.684945274063
7558,4679.684943773426
7559,4679.6849456610325
7560,4679.684943825443
7561,4679.684942656588
7562,4679.6849419704995
7563,4679.684943047523
7564,4679.684944827914
7565,4679.68494462951
7566,4679.684938922929
7567,4679.684941664375
7568,4679.684945848258
7569,4679.684943738062
7570,4679.684950062752
7571,4679.684944253963
7572,4679.684942542834
7573,4679.684943332095
7574,4679.684940956629
7575,4679.684941282943
7576,4679.684945187677
7577,4679.684943788019
7578,4679.684942536143
7579,4679.684946868808
7580,4679.684943092884
7581,4679.684945927692
7582,4679.684943663155
7583,4679.684944517813
7584,4679.684948343551
7585,4679.684939089898
7586,4679.684945089631
7587,4679.684942702308
7588,4679.684943429095
7589,4679.684944814781
7590,4679.684943314622
7591,4679.684943118713
7592,4679.684943508274
7593,4679.684930578227
7594,4679.684939386059
7595,4674.059444595655
7596,4674.059444595654
7597,4674.059444595654
7598,4674.059444595658
7599,4674.059444595656
7600,4674.059444595656
7601,4674.059444595656
7602,4674.059444595657
7603,4674.059444595658
7604,4674.0594507515725
7605,4674.059451468099
7606,4674.059445923116
7607,4674.059445017557
7608,4674.059445205434
7609,4674.05944661652
7610,4674.059450928217
7611,4674.059447293097
7612,4674.059443104973
7613,4674.059445366023
7614,4674.059446196969
7615,4674.059443780745
7616,4674.05943602903
7617,4674.059442954513
7618,4674.059443968553
7619,4674.059447530962
7620,4674.05944497033
7621,4674.059437711171
7622,4674.059445059695
7623,4674.059440753427
7624,4674.059440778238
7625,4674.059445997199
7626,4674.059445508904
7627,4674.059444971284
7628,4674.05944367506
7629,4674.059444831144
7630,4674.0594474246445
7631,4674.0594465880695
7632,4674.059444187271
7633,4674.059447777242
7634,4674.0594385477125
7635,4674.059447559787
7636,4674.059444176912
7637,4674.059443747007
7638,4674.059445266394
7639,4674.059444778595
7640,4674.0594438916
7641,4674.0594442671945
7642,4674.05944468836
7643,4674.0594429832445
7644,4670.547559904378
7645,4670.54755990438
7646,4670.54755990438
7647,4670.547559904381
7648,4670.547559904379
7649,4670.547559904379
7650,4670.54755990438
7651,4670.5475599043775
7652,4670.547559904379
7653,4670.547568457223
7654,4670.5475660372085
7655,4670.547561406169
7656,4670.5475596944525
7657,4670.547559969759
7658,4670.547560833859
7659,4670.547565466113
7660,4670.547563644756
7661,4670.54755846691
7662,4670.547560755689
7663,4670.547561302705
7664,4670.54756070377
7665,4670.547553925731
7666,4670.547559074699
7667,4670.547559109494
7668,4670.547563253609
7669,4670.5475589696225
7670,4670.547554706476
7671,4670.547561460788
7672,4670.54755694702
7673,4670.547556278215
7674,4670.54756159352
7675,4670.547560701794
7676,4670.54756082306
7677,4670.547558729889
7678,4670.547560391427
7679,4670.547562349652
7680,4670.547563034501
7681,4670.54756029523
7682,4670.547563207326
7683,4670.547554547773
7684,4670.547563422924
7685,4670.5475593739375
7686,4670.547558859068
7687,4670.547560795125
7688,4670.547560222295
7689,4670.5475601212975
7690,4670.547559759422
7691,4670.547560551286
7692,4670.54755943473
7693,4671.052158260128
7694,4671.052158260131
7695,4671.052158260131
7696,4671.052158260131
7697,4671.05215826013
7698,4671.05215826013
7699,4671.052158260131
7700,4671.0521582601295
7701,4671.0521582601295
7702,4671.052159700038
7703,4671.052182487347
7704,4671.052159937363
7705,4671.052160163554
7706,4671.052176083409
7707,4671.052179228226
7708,4671.052155234535
7709,4671.052162677712
7710,4671.05215365707
7711,4671.052159125605
7712,4671.05216167371
7713,4671.052164902376
7714,4671.052152609702
7715,4671.052157905009
7716,4671.052157181002
7717,4671.052151610889
7718,4671.052174902229
7719,4671.052142011859
7720,4671.052150627911
7721,4671.05215849859
7722,4671.052150881955
7723,4671.052160396283
7724,4671.052161323255
7725,4671.052161835099
7726,4671.052140961458
7727,4671.0521611570375
7728,4671.0521626242125
7729,4671.05215891858
7730,4671.05215004422
7731,4671.0521598238065
7732,4671.05214384996
7733,4671.052162625885
7734,4671.052160642967
7735,4671.052157323113
7736,4671.052158276623
7737,4671.0521595347645
7738,4671.052154093947
7739,4671.05215842826
7740,4671.052181970963
7741,4671.052150346391
7742,4665.9094456238545
7743,4665.909445623855
7744,4665.9094456238545
7745,4665.9094456238545
7746,4665.909445623857
7747,4665.9094456238545
7748,4665.909445623856
7749,4665.909445623857
7750,4665.909445623853
7751,4665.909450442074
7752,4665.90946066078
7753,4665.909447180784
7754,4665.909446579268
7755,4665.909455107932
7756,4665.909456946652
7757,4665.909446576849
7758,4665.9094504930235
7759,4665.909442599219
7760,4665.90944646454
7761,4665.9094483025165
7762,4665.909449015269
7763,4665.9094397899535
7764,4665.909445086423
7765,4665.909444611901
7766,4665.909443797712
7767,4665.909453770452
7768,4665.909435103041
7769,4665.909443297647
7770,4665.90944505134
7771,4665.909440125963
7772,4665.90944750813
7773,4665.909447778052
7774,4665.909447911917
7775,4665.909435430832
7776,4665.909447309618
7777,4665.909449301869
7778,4665.90944777064
7779,4665.909440901583
7780,4665.909448949262
7781,4665.909435604949
7782,4665.909449575943
7783,4665.909446550473
7784,4665.909444644332
7785,4665.909446098379
7786,4665.909446411795
7787,4665.909443676922
7788,4665.909445612714
7789,4665.909457655602
7790,4665.909440961559
7791,4659.372169696713
7792,4659.372169696711
7793,4659.372169696713
7794,4659.372169696713
7795,4659.372169696711
7796,4659.372169696713
7797,4659.372169696712
7798,4659.3721696967095
7799,4659.372169696713
7800,4659.372167812589
7801,4659.372170385984
7802,4659.372172094558
7803,4659.372167497343
7804,4659.372166253932
7805,4659.372167188648
7806,4659.372168576559
7807,4659.372163880342
7808,4659.372167647991
7809,4659.372171107532
7810,4659.372167201761
7811,4659.3721760837125
7812,4659.372170404266
7813,4659.3721721791335
7814,4659.372169979687
7815,4659.37217417296
7816,4659.372164762865
7817,4659.372168165585
7818,4659.372161254849
7819,4659.372160899966
7820,4659.37216591224
7821,4659.372172629301
7822,4659.372167488156
7823,4659.372170079154
7824,4659.372175586016
7825,4659.372171233802
7826,4659.372168097281
7827,4659.3721716908785
7828,4659.372177623062
7829,4659.372159373866
7830,4659.372166064899
7831,4659.372173134932
7832,4659.372169635331
7833,4659.372168324501
7834,4659.372170106423
7835,4659.372170721898
7836,4659.372169738942
7837,4659.372170319733
7838,4659.372169148978
7839,4659.3721724743955
7840,4656.159892033596
7841,4656.159892033596
7842,4656.159892033595
7843,4656.1598920335955
7844,4656.159892033595
7845,4656.159892033597
7846,4656.159892033595
7847,4656.159892033596
7848,4656.159892033595
7849,4656.159902959011
7850,4656.159887132188
7851,4656.159894107545
7852,4656.159889158444
7853,4656.159892227786
7854,4656.159889338717
7855,4656.159900271938
7856,4656.159900046892
7857,4656.159893341072
7858,4656.159893467
7859,4656.15989034721
7860,4656.159896341653
7861,4656.159893388467
7862,4656.159887555869
7863,4656.15989150339
7864,4656.159894110336
7865,4656.159889149599
7866,4656.159899792798
7867,4656.159897219568
7868,4656.159891051966
7869,4656.159890970646
7870,4656.159895282487
7871,4656.159890743185
7872,4656.159892869323
7873,4656.159883256004
7874,4656.159892518036
7875,4656.159890408579
7876,4656.159897004681
7877,4656.159889932147
7878,4656.159896314613
7879,4656.159892187909
7880,4656.159894005014
7881,4656.159890259135
7882,4656.1598907237785
7883,4656.159892778045
7884,4656.159892634606
7885,4656.159897452468
7886,4656.159893261077
7887,4656.15988867496
7888,4656.159892430359
7889,4653.77651718421
7890,4653.776517184211
7891,4653.776517184211
7892,4653.776517184209
7893,4653.776517184209
7894,4653.776517184213
7895,4653.776517184209
7896,4653.776517184211
7897,4653.77651718421
7898,4653.776516658923
7899,4653.776509108206
7900,4653.77651912668
7901,4653.776514552726
7902,4653.776512891108
7903,4653.776515322434
7904,4653.77651853234
7905,4653.776519902635
7906,4653.776517942827
7907,4653.776518471063
7908,4653.776513948225
7909,4653.77652175348
7910,4653.776519325118
7911,4653.776516165756
7912,4653.776517511774
7913,4653.776518441833
7914,4653.7765163069935
7915,4653.776518980051
7916,4653.776518165658
7917,4653.776515249503
7918,4653.77651569009
7919,4653.776520077578
7920,4653.776514533695
7921,4653.776516972219
7922,4653.776516946473
7923,4653.7765179055295
7924,4653.776514450575
7925,4653.7765206216945
7926,4653.776517471313
7927,4653.776514832067
7928,4653.776516721711
7929,4653.776518747614
7930,4653.776515830155
7931,4653.776515693477
7932,4653.776517425947
7933,4653.776518040241
7934,4653.776520589947
7935,4653.776518005345
7936,4653.776515745965
7937,4653.776519768
7938,4651.398580726099
7939,4651.3985807261
7940,4651.3985807261
7941,4651.398580726099
7942,4651.398580726095
7943,4651.398580726099
7944,4651.398580726099
7945,4651.398580726099
7946,4651.398580726098
7947,4651.39857557698
7948,4651.398570909906
7949,4651.398582718984
7950,4651.398578171739
7951,4651.398575782315
7952,4651.398578091457
7953,4651.398577891924
7954,4651.398578929188
7955,4651.398581409728
7956,4651.39858195584
7957,4651.398576582271
7958,4651.398584660564
7959,4651.398583368755
7960,4651.398581495455
7961,4651.398581564381
7962,4651.3985820161415
7963,4651.398580125211
7964,4651.398582038679
7965,4651.398578116285
7966,4651.3985774704015
7967,4651.398579209044
7968,4651.398583451047
7969,4651.398577231418
7970,4651.3985796566485
7971,4651.398584479658
7972,4651.398581438449
7973,4651.398577371502
7974,4651.398581615685
7975,4651.3985826971675
7976,4651.398575568966
7977,4651.398580502888
7978,4651.398581936205
7979,4651.3985794161545
7980,4651.398579152761
7981,4651.398580798498
7982,4651.39858170461
7983,4651.398583478905
7984,4651.398581335959
7985,4651.398578901762
7986,4651.398583293477
7987,4644.5420389964165
7988,4644.542038996418
7989,4644.542038996421
7990,4644.54203899642
7991,4644.54203899642
7992,4644.542038996418
7993,4644.54203899642
7994,4644.542038996419
7995,4644.542038996418
7996,4644.54202719256
7997,4644.542026127875
7998,4644.542041278788
7999,4644.542036357889
8000,4644.542034893558
8001,4644.54203688396
8002,4644.5420277067615
8003,4644.542029297601
8004,4644.542039932584
8005,4644.542040085696
8006,4644.542033343613
8007,4644.5420411573905
8008,4644.542042847008
8009,4644.542042476765
8010,4644.542040803809
8011,4644.542040163335
8012,4644.542041161425
8013,4644.542039304607
8014,4644.542031095767
8015,4644.542034260596
8016,4644.54203773267
8017,4644.542041311364
8018,4644.542034050853
8019,4644.542036137926
8020,4644.542048956759
8021,4644.542039429222
8022,4644.54203456225
8023,4644.542033519532
8024,4644.54204413141
8025,4644.542029295855
8026,4644.542038944693
8027,4644.542039268431
8028,4644.542037476616
8029,4644.542037402569
8030,4644.54203909619
8031,4644.54204009615
8032,4644.542041533085
8033,4644.5420392088745
8034,4644.542035152558
8035,4644.542040020478
8036,4634.909166755469
8037,4634.90916675547
8038,4634.90916675547
8039,4634.9091667554685
8040,4634.90916675547
8041,4634.909166755472
8042,4634.909166755469
8043,4634.909166755469
8044,4634.90916675547
8045,4634.9091478117
8046,4634.909151140366
8047,4634.909168945002
8048,4634.909163998456
8049,4634.909161290993
8050,4634.909159878931
8051,4634.909147414253
8052,4634.909148341629
8053,4634.909167272757
8054,4634.909167621042
8055,4634.909160018413
8056,4634.909167284963
8057,4634.909172393188
8058,4634.909174492389
8059,4634.909169408147
8060,4634.909169207178
8061,4634.909165313978
8062,4634.909169610124
8063,4634.9091518369
8064,4634.909159487315
8065,4634.909165877315
8066,4634.90916839189
8067,4634.909160687414
8068,4634.909162289519
8069,4634.90918369536
8070,4634.909166914678
8071,4634.909161777136
8072,4634.9091571712415
8073,4634.909175481548
8074,4634.909152652145
8075,4634.909169294804
8076,4634.90916567883
8077,4634.909165350253
8078,4634.909165229743
8079,4634.909166934838
8080,4634.909167879081
8081,4634.909167856872
8082,4634.909166397464
8083,4634.909160520582
8084,4634.9091681862465
8085,4622.075218119977
8086,4622.075218119975
8087,4622.075218119976
8088,4622.075218119979
8089,4622.075218119981
8090,4622.07521811998
8091,4622.075218119981
8092,4622.075218119979
8093,4622.075218119981
8094,4622.07519652378
8095,4622.07519971377
8096,4622.075220102382
8097,4622.075214584843
8098,4622.075208605102
8099,4622.075215497058
8100,4622.075193291235
8101,4622.07520179965
8102,4622.075218916732
8103,4622.075218446877
8104,4622.07521187749
8105,4622.075217086092
8106,4622.075224766907
8107,4622.075227136654
8108,4622.075221122091
8109,4622.075220929194
8110,4622.075221490174
8111,4622.075212582702
8112,4622.075209759122
8113,4622.0752160387965
8114,4622.0752181737
8115,4622.075218343224
8116,4622.075212277664
8117,4622.075212779591
8118,4622.075241173435
8119,4622.075217239201
8120,4622.075213523202
8121,4622.075206191264
8122,4622.075228734778
8123,4622.07520145929
8124,4622.075220926334
8125,4622.075215328446
8126,4622.075216253746
8127,4622.0752171469
8128,4622.075219296814
8129,4622.075218769922
8130,4622.075220024387
8131,4622.075217008808
8132,4622.075209016025
8133,4622.075221085868
8134,4727.381634796472
8135,4727.381634796478
8136,4727.381634796474
8137,4727.381634796478
8138,4727.381634796473
8139,4727.381634796474
8140,4727.381634796473
8141,4727.381634796474
8142,4727.381634796472
8143,4727.381696928734
8144,4727.38170131331
8145,4727.381635355934
8146,4727.3816316757675
8147,4727.381636771331
8148,4727.381592029095
8149,4727.381680666217
8150,4727.381588063527
8151,4727.381628733376
8152,4727.381634715365
8153,4727.381631006019
8154,4727.3816360106475
8155,4727.381617194504
8156,4727.381629842239
8157,4727.381637050614
8158,4727.381652791249
8159,4727.381580012375
8160,4727.381663449106
8161,4727.38157724023
8162,4727.38157063324
8163,4727.381632924872
8164,4727.381634516368
8165,4727.381630671909
8166,4727.381630186743
8167,4727.381649757877
8168,4727.381635833025
8169,4727.381633318884
8170,4727.381617810714
8171,4727.3816664890455
8172,4727.38160621198
8173,4727.381655259695
8174,4727.381628403645
8175,4727.381636866262
8176,4727.381634490764
8177,4727.3816353589245
8178,4727.381636407714
8179,4727.381625492967
8180,4727.38163314409
8181,4727.381612267473
8182,4727.381641085992
8183,4616.5664369431315
8184,4616.566436943133
8185,4616.566436943134
8186,4616.566436943133
8187,4616.566436943129
8188,4616.5664369431315
8189,4616.566436943133
8190,4616.566436943131
8191,4616.56643694313
8192,4616.566429946806
8193,4616.566432839322
8194,4616.566438561227
8195,4616.566433879194
8196,4616.566430889831
8197,4616.566426821027
8198,4616.56642591962
8199,4616.566415955773
8200,4616.566436784353
8201,4616.56643713146
8202,4616.566431690912
8203,4616.566436119778
8204,4616.566438088756
8205,4616.566442900715
8206,4616.56643961578
8207,4616.566442051585
8208,4616.566429607181
8209,4616.566439745535
8210,4616.566419572122
8211,4616.566424248394
8212,4616.566436495079
8213,4616.566436970554
8214,4616.5664319042935
8215,4616.566431995952
8216,4616.566455680197
8217,4616.566436439372
8218,4616.566433477966
8219,4616.566424568284
8220,4616.566449364042
8221,4616.566420997461
8222,4616.566442848017
8223,4616.566433565331
8224,4616.566435916341
8225,4616.566436072759
8226,4616.566437927825
8227,4616.5664377862295
8228,4616.566436781854
8229,4616.566435705536
8230,4616.566426703327
8231,4616.56643945846
8232,4609.055653806567
8233,4609.055653806573
8234,4609.055653806569
8235,4609.055653806568
8236,4609.055653806568
8237,4609.0556538065675
8238,4609.055653806567
8239,4609.055653806569
8240,4609.055653806568
8241,4609.055637056153
8242,4609.055642148969
8243,4609.055654225342
8244,4609.055651318005
8245,4609.055657238859
8246,4609.055648993649
8247,4609.055625022588
8248,4609.055649014776
8249,4609.055651708475
8250,4609.055653754234
8251,4609.055652226859
8252,4609.055651484462
8253,4609.05566229958
8254,4609.055665054045
8255,4609.055655154529
8256,4609.055654297125
8257,4609.055653401414
8258,4609.055658905474
8259,4609.055647793532
8260,4609.055663787161
8261,4609.0556529840605
8262,4609.055653056068
8263,4609.0556518985395
8264,4609.055650812655
8265,4609.055654068856
8266,4609.0556530790645
8267,4609.055653660103
8268,4609.055646593368
8269,4609.055646177627
8270,4609.0556583918615
8271,4609.055658401438
8272,4609.055650211241
8273,4609.0556530939375
8274,4609.055653491727
8275,4609.055655576607
8276,4609.055654560226
8277,4609.055652264764
8278,4609.05565222138
8279,4609.055649947409
8280,4609.055650456762
8281,4603.564576554189
8282,4603.564576554189
8283,4603.564576554191
8284,4603.564576554193
8285,4603.564576554192
8286,4603.56457655419
8287,4603.564576554191
8288,4603.56457655419
8289,4603.564576554191
8290,4603.564580189399
8291,4603.5645779226215
8292,4603.564577716226
8293,4603.564572994679
8294,4603.564567906221
8295,4603.564571849054
8296,4603.564575574111
8297,4603.564578683453
8298,4603.564575469128
8299,4603.564576583336
8300,4603.564575878199
8301,4603.564577651538
8302,4603.564573832812
8303,4603.564578342479
8304,4603.564577106395
8305,4603.564579865164
8306,4603.5645712090845
8307,4603.564571291037
8308,4603.564579522422
8309,4603.564576537537
8310,4603.56457570338
8311,4603.5645760994985
8312,4603.564575573014
8313,4603.564574837932
8314,4603.564584015886
8315,4603.56457569806
8316,4603.564576519459
8317,4603.564573942961
8318,4603.564579773812
8319,4603.564571390394
8320,4603.564580785933
8321,4603.564574277002
8322,4603.564575411456
8323,4603.564576318629
8324,4603.564578891648
8325,4603.564577485375
8326,4603.564577685812
8327,4603.564575557678
8328,4603.56457153572
8329,4603.564581105924
8330,4602.048849785054
8331,4602.048849785051
8332,4602.048849785051
8333,4602.048849785053
8334,4602.048849785054
8335,4602.048849785056
8336,4602.048849785056
8337,4602.048849785053
8338,4602.048849785051
8339,4602.048855546979
8340,4602.04885374119
8341,4602.04885110645
8342,4602.0488467706355
8343,4602.048847077483
8344,4602.048848578705
8345,4602.048852075142
8346,4602.04885619947
8347,4602.048848742393
8348,4602.048849956732
8349,4602.048850052708
8350,4602.048850761034
8351,4602.048846197702
8352,4602.048849613043
8353,4602.048849831604
8354,4602.048850583935
8355,4602.048847760191
8356,4602.048846045143
8357,4602.048853937404
8358,4602.048851316145
8359,4602.048848636576
8360,4602.048849695583
8361,4602.048849725217
8362,4602.048848782584
8363,4602.048848206648
8364,4602.048849109854
8365,4602.048850468191
8366,4602.04884919884
8367,4602.048847377122
8368,4602.0488495143245
8369,4602.048852417321
8370,4602.048847532292
8371,4602.048848703586
8372,4602.048849621613
8373,4602.048852036145
8374,4602.048850760486
8375,4602.0488513116015
8376,4602.04884912126
8377,4602.048847011188
8378,4602.048850925728
8379,4600.07943114191
8380,4600.079431141912
8381,4600.07943114191
8382,4600.079431141912
8383,4600.07943114191
8384,4600.07943114191
8385,4600.079431141911
8386,4600.079431141909
8387,4600.079431141909
8388,4600.079423630941
8389,4600.079427198275
8390,4600.079432595469
8391,4600.079427874013
8392,4600.079431121654
8393,4600.079426349295
8394,4600.079422954879
8395,4600.079431191356
8396,4600.079428623125
8397,4600.079431566845
8398,4600.079431128185
8399,4600.07943109501
8400,4600.079435829625
8401,4600.0794365332895
8402,4600.0794312450635
8403,4600.0794318938315
8404,4600.079426104358
8405,4600.079433956813
8406,4600.079428609039
8407,4600.079432766054
8408,4600.079430280623
8409,4600.079431210261
8410,4600.0794307732385
8411,4600.079429702718
8412,4600.079429530301
8413,4600.079430337176
8414,4600.079431606152
8415,4600.079432578475
8416,4600.079427890907
8417,4600.079430041297
8418,4600.079435169415
8419,4600.079427774652
8420,4600.079430062419
8421,4600.079431326516
8422,4600.079433537555
8423,4600.0794320797395
8424,4600.079432004084
8425,4600.079430586555
8426,4600.079426280834
8427,4600.079430802612
8428,4598.646806726535
8429,4598.646806726536
8430,4598.646806726537
8431,4598.646806726536
8432,4598.646806726536
8433,4598.646806726537
8434,4598.646806726536
8435,4598.646806726537
8436,4598.646806726537
8437,4598.646807622337
8438,4598.646810433444
8439,4598.646808934967
8440,4598.646804070078
8441,4598.646811016656
8442,4598.646810984766
8443,4598.646811276149
8444,4598.646813189803
8445,4598.646805980581
8446,4598.6468072008365
8447,4598.6468071299205
8448,4598.646806796614
8449,4598.646804098318
8450,4598.6468051408265
8451,4598.646806534882
8452,4598.646803466538
8453,4598.646810800804
8454,4598.646803624349
8455,4598.646808672401
8456,4598.646806583061
8457,4598.646805735317
8458,4598.646807159519
8459,4598.64680692007
8460,4598.6468056474205
8461,4598.646797944251
8462,4598.646805947735
8463,4598.64680724019
8464,4598.646808411364
8465,4598.646800572071
8466,4598.6468061298965
8467,4598.646807100773
8468,4598.646803233471
8469,4598.646805298765
8470,4598.646806897034
8471,4598.646808947849
8472,4598.646807647586
8473,4598.646809905429
8474,4598.646806631897
8475,4598.646805284112
8476,4598.646803568706
8477,4597.712353449974
8478,4597.712353449974
8479,4597.712353449973
8480,4597.712353449974
8481,4597.712353449972
8482,4597.7123534499715
8483,4597.712353449973
8484,4597.712353449972
8485,4597.7123534499715
8486,4597.712353412284
8487,4597.712356810033
8488,4597.712355705834
8489,4597.712350577558
8490,4597.71235464008
8491,4597.712355839917
8492,4597.712358290103
8493,4597.712357652692
8494,4597.712352574935
8495,4597.712353899971
8496,4597.712353506748
8497,4597.712353733655
8498,4597.712350872046
8499,4597.712352440176
8500,4597.712353400741
8501,4597.712351107636
8502,4597.712355414657
8503,4597.7123495710375
8504,4597.712354292084
8505,4597.712351232454
8506,4597.712352573215
8507,4597.712353790167
8508,4597.712353317624
8509,4597.712352136816
8510,4597.712348958444
8511,4597.7123526137175
8512,4597.71235366275
8513,4597.712355096183
8514,4597.7123504440015
8515,4597.712349622171
8516,4597.712354526127
8517,4597.712349907098
8518,4597.712351997407
8519,4597.712353632351
8520,4597.712355707148
8521,4597.712354393409
8522,4597.712356559152
8523,4597.712353291611
8524,4597.712351536804
8525,4597.712352206476
8526,4593.752743073122
8527,4593.752743073121
8528,4593.752743073121
8529,4593.752743073125
8530,4593.7527430731225
8531,4593.752743073119
8532,4593.75274307312
8533,4593.752743073122
8534,4593.752743073122
8535,4593.752739285504
8536,4593.752745607207
8537,4593.752745411727
8538,4593.752739744445
8539,4593.752732700339
8540,4593.752737479577
8541,4593.75274815908
8542,4593.752737901684
8543,4593.752741429335
8544,4593.752743395945
8545,4593.752742047568
8546,4593.752743977693
8547,4593.752740761178
8548,4593.752744718219
8549,4593.752743487004
8550,4593.752743883221
8551,4593.752736404871
8552,4593.7527373034045
8553,4593.752738441711
8554,4593.752732912758
8555,4593.752742550056
8556,4593.752743026838
8557,4593.752741894831
8558,4593.752740999593
8559,4593.752754794885
8560,4593.752742124777
8561,4593.75274242621
8562,4593.752744584536
8563,4593.752751785136
8564,4593.752727879822
8565,4593.752746812369
8566,4593.752739618649
8567,4593.752741650966
8568,4593.7527432391025
8569,4593.752745335659
8570,4593.752744169884
8571,4593.752745541565
8572,4593.752742590374
8573,4593.75274125011
8574,4593.75274903533
8575,4588.883491453567
8576,4588.883491453566
8577,4588.883491453566
8578,4588.883491453566
8579,4588.883491453569
8580,4588.8834914535655
8581,4588.883491453568
8582,4588.883491453567
8583,4588.883491453567
8584,4588.883488230602
8585,4588.883496038697
8586,4588.883493685995
8587,4588.8834885521455
8588,4588.88347681062
8589,4588.883482224713
8590,4588.88349769902
8591,4588.883482640801
8592,4588.883489290424
8593,4588.883491636514
8594,4588.883490289649
8595,4588.883492705199
8596,4588.883487805189
8597,4588.88349396841
8598,4588.883491920664
8599,4588.883492888276
8600,4588.883481136642
8601,4588.883485495923
8602,4588.883483524005
8603,4588.88347773967
8604,4588.883490803623
8605,4588.883491212072
8606,4588.883490119072
8607,4588.883489373607
8608,4588.883508730255
8609,4588.883490731425
8610,4588.883490817842
8611,4588.883492969926
8612,4588.8835039887
8613,4588.8834734824195
8614,4588.883495755342
8615,4588.883488656673
8616,4588.883490306562
8617,4588.883491429092
8618,4588.883493436043
8619,4588.883492755813
8620,4588.883493048135
8621,4588.883490711115
8622,4588.883492460019
8623,4588.883500175604
8624,4575.891787227702
8625,4575.8917872277025
8626,4575.891787227704
8627,4575.891787227703
8628,4575.891787227703
8629,4575.891787227703
8630,4575.8917872277025
8631,4575.891787227702
8632,4575.891787227701
8633,4575.891789067204
8634,4575.891786813939
8635,4575.891789015433
8636,4575.891784864798
8637,4575.891772615537
8638,4575.891769548935
8639,4575.891789750631
8640,4575.891773061659
8641,4575.891785623252
8642,4575.891787163813
8643,4575.891786027242
8644,4575.891786674468
8645,4575.891788386512
8646,4575.891792435691
8647,4575.891787515803
8648,4575.89178998718
8649,4575.891771026517
8650,4575.891792884686
8651,4575.891774974582
8652,4575.8917726500595
8653,4575.891788287731
8654,4575.891786577001
8655,4575.891785703372
8656,4575.891784878722
8657,4575.891806286316
8658,4575.891786305771
8659,4575.891786693203
8660,4575.891787313426
8661,4575.89180120891
8662,4575.8917760656805
8663,4575.891794684422
8664,4575.891784573763
8665,4575.8917858580535
8666,4575.891786948582
8667,4575.891788929953
8668,4575.891788569711
8669,4575.891789688701
8670,4575.891786047835
8671,4575.891788453921
8672,4575.891796189059
8673,4600.461761916022
8674,4600.4617619160235
8675,4600.4617619160235
8676,4600.461761916019
8677,4600.461761916023
8678,4600.461761916018
8679,4600.4617619160235
8680,4600.46176191602
8681,4600.4617619160235
8682,4600.461693219636
8683,4600.461777711207
8684,4600.46175918915
8685,4600.461767066845
8686,4600.46172348423
8687,4600.461768243125
8688,4600.46172934696
8689,4600.461726087592
8690,4600.461743608903
8691,4600.461758936516
8692,4600.461762315271
8693,4600.4617693731925
8694,4600.4617652279785
8695,4600.46178913414
8696,4600.461763305469
8697,4600.46175746021
8698,4600.461765352646
8699,4600.461714705791
8700,4600.461717952449
8701,4600.461747335611
8702,4600.461752518982
8703,4600.461757003929
8704,4600.461761806354
8705,4600.461761401573
8706,4600.461812599507
8707,4600.46176687508
8708,4600.461764330017
8709,4600.461770851271
8710,4600.461773745626
8711,4600.461725602745
8712,4600.4617514933925
8713,4600.4617618017055
8714,4600.461768284798
8715,4600.461760078566
8716,4600.461759048897
8717,4600.461765183706
8718,4600.461735956441
8719,4600.461755874683
8720,4600.461793638538
8721,4600.4617825220785
8722,4570.93308716597
8723,4570.93308716597
8724,4570.933087165971
8725,4570.933087165971
8726,4570.9330871659695
8727,4570.9330871659695
8728,4570.933087165971
8729,4570.9330871659695
8730,4570.933087165972
8731,4570.933069685651
8732,4570.933092164354
8733,4570.933087676108
8734,4570.933087096859
8735,4570.933066796116
8736,4570.933077453615
8737,4570.933080192677
8738,4570.933068174022
8739,4570.933080876393
8740,4570.933086313574
8741,4570.933086602106
8742,4570.933088967864
8743,4570.933088118367
8744,4570.933098326124
8745,4570.933087741213
8746,4570.933087275621
8747,4570.933077762236
8748,4570.933077242878
8749,4570.933066811303
8750,4570.933073231336
8751,4570.933085041684
8752,4570.933085330776
8753,4570.933086213511
8754,4570.933085499159
8755,4570.9331138413645
8756,4570.933087957576
8757,4570.933087637251
8758,4570.933089955595
8759,4570.933099318244
8760,4570.933069923199
8761,4570.9330891284035
8762,4570.933085328138
8763,4570.933088189999
8764,4570.933086415025
8765,4570.9330875197
8766,4570.93308909499
8767,4570.933081454145
8768,4570.933084618216
8769,4570.933098027252
8770,4570.933098826703
8771,4560.618355245867
8772,4560.618355245869
8773,4560.618355245868
8774,4560.618355245868
8775,4560.618355245868
8776,4560.61835524587
8777,4560.6183552458715
8778,4560.618355245871
8779,4560.618355245871
8780,4560.618347231301
8781,4560.618353375697
8782,4560.618355450938
8783,4560.61835513483
8784,4560.618342942158
8785,4560.618345401866
8786,4560.618348379279
8787,4560.618341904871
8788,4560.6183516776955
8789,4560.618354259007
8790,4560.6183550314545
8791,4560.6183549209145
8792,4560.618360006437
8793,4560.618364855374
8794,4560.618355371352
8795,4560.618354470277
8796,4560.618348329142
8797,4560.618356975661
8798,4560.618340131018
8799,4560.61834728786
8800,4560.618355388263
8801,4560.618353282167
8802,4560.618354622763
8803,4560.618353518199
8804,4560.618370193353
8805,4560.618355473098
8806,4560.6183557199165
8807,4560.618357353426
8808,4560.61836008108
8809,4560.618352163199
8810,4560.618359180679
8811,4560.618352313981
8812,4560.61835549806
8813,4560.618354494152
8814,4560.618355608325
8815,4560.618356827943
8816,4560.618353113456
8817,4560.618352784131
8818,4560.618361638883
8819,4560.618361757925
8820,4552.277888910607
8821,4552.277888910608
8822,4552.277888910611
8823,4552.277888910612
8824,4552.277888910611
8825,4552.277888910609
8826,4552.277888910611
8827,4552.277888910607
8828,4552.277888910609
8829,4552.277876666054
8830,4552.277873248372
8831,4552.277888474431
8832,4552.277888455162
8833,4552.27787808633
8834,4552.277881348954
8835,4552.277872970316
8836,4552.277876022399
8837,4552.277887084902
8838,4552.277887465414
8839,4552.277888955026
8840,4552.27788665021
8841,4552.277902236096
8842,4552.277900623654
8843,4552.277888842459
8844,4552.277888252223
8845,4552.277886180074
8846,4552.2778952658055
8847,4552.277878339066
8848,4552.277887832998
8849,4552.277891079295
8850,4552.277886099849
8851,4552.2778884884165
8852,4552.277886694761
8853,4552.277902920188
8854,4552.277888516
8855,4552.277889115142
8856,4552.277890080655
8857,4552.277892318201
8858,4552.277890903195
8859,4552.27789490081
8860,4552.277884160618
8861,4552.277888679328
8862,4552.277888421867
8863,4552.277889319135
8864,4552.277890062361
8865,4552.2778891100725
8866,4552.277886059763
8867,4552.277889827322
8868,4552.277893226069
8869,4591.832436035953
8870,4591.83243603594
8871,4591.832436035943
8872,4591.832436035944
8873,4591.832436035952
8874,4591.832436035951
8875,4591.832436035946
8876,4591.832436035948
8877,4591.832436035946
8878,4591.832529323873
8879,4591.832485456709
8880,4591.832440533756
8881,4591.832436798915
8882,4591.832466566306
8883,4591.832453948427
8884,4591.832535202347
8885,4591.832484234268
8886,4591.832442359328
8887,4591.832437959469
8888,4591.8324397593005
8889,4591.832442462386
8890,4591.83239003505
8891,4591.832401524704
8892,4591.832432393728
8893,4591.8324252110715
8894,4591.8324498871825
8895,4591.832452472759
8896,4591.832458370598
8897,4591.832411097306
8898,4591.832437502269
8899,4591.832439935865
8900,4591.83244037641
8901,4591.832439640338
8902,4591.8323726793915
8903,4591.832438014353
8904,4591.832438085097
8905,4591.83244834093
8906,4591.832415029285
8907,4591.832469514735
8908,4591.832430103216
8909,4591.832433048059
8910,4591.832435780926
8911,4591.832434609041
8912,4591.8324347479565
8913,4591.832438056189
8914,4591.832444726044
8915,4591.832439202751
8916,4591.832431143949
8917,4591.832417747629
8918,4549.123089500422
8919,4549.123089500424
8920,4549.123089500422
8921,4549.123089500419
8922,4549.123089500423
8923,4549.123089500424
8924,4549.123089500421
8925,4549.123089500423
8926,4549.123089500424
8927,4549.123101085622
8928,4549.123088007603
8929,4549.123090103513
8930,4549.123089484504
8931,4549.12308861056
8932,4549.12308817693
8933,4549.123098104651
8934,4549.123089117101
8935,4549.123089756606
8936,4549.123088599844
8937,4549.1230903978185
8938,4549.123089151218
8939,4549.123090496835
8940,4549.123091454203
8941,4549.12308863222
8942,4549.123086485104
8943,4549.123091065815
8944,4549.1230982788875
8945,4549.123085402561
8946,4549.123083587881
8947,4549.123091312035
8948,4549.123087959608
8949,4549.12309016129
8950,4549.123088614573
8951,4549.123086053291
8952,4549.123089669988
8953,4549.1230901574645
8954,4549.123092528165
8955,4549.123087253118
8956,4549.12309892538
8957,4549.123092707148
8958,4549.123085315815
8959,4549.123089288685
8960,4549.123088797981
8961,4549.123089473895
8962,4549.123090871137
8963,4549.123091582364
8964,4549.123087826552
8965,4549.123089059856
8966,4549.123088334458
8967,4546.444915711777
8968,4546.444915711778
8969,4546.444915711778
8970,4546.44491571178
8971,4546.44491571178
8972,4546.444915711781
8973,4546.444915711779
8974,4546.444915711779
8975,4546.444915711779
8976,4546.444920305188
8977,4546.444909901716
8978,4546.4449160289505
8979,4546.444915627932
8980,4546.444911310174
8981,4546.4449157015515
8982,4546.444920037637
8983,4546.444913044645
8984,4546.44491524551
8985,4546.444914558292
8986,4546.4449169136315
8987,4546.444915730565
8988,4546.444919483105
8989,4546.444919455494
8990,4546.444914743119
8991,4546.444913311982
8992,4546.444917885515
8993,4546.444921762746
8994,4546.444911760517
8995,4546.444910378112
8996,4546.444917427521
8997,4546.4449136810845
8998,4546.444916656504
8999,4546.444914853334
9000,4546.444917168276
9001,4546.444915926734
9002,4546.44491641978
9003,4546.444918917371
9004,4546.444916501312
9005,4546.444921094348
9006,4546.444919313433
9007,4546.444911040544
9008,4546.444915700666
9009,4546.444915170748
9010,4546.444915551501
9011,4546.44491714625
9012,4546.444916730947
9013,4546.444913767742
9014,4546.444914099409
9015,4546.444915833411
9016,4542.7326462488345
9017,4542.7326462488345
9018,4542.7326462488345
9019,4542.732646248833
9020,4542.732646248833
9021,4542.732646248833
9022,4542.7326462488345
9023,4542.7326462488345
9024,4542.732646248833
9025,4542.732651373668
9026,4542.732641719447
9027,4542.732646461979
9028,4542.732645835634
9029,4542.732645097514
9030,4542.732653155305
9031,4542.732645270855
9032,4542.732655180702
9033,4542.732644394008
9034,4542.732644863154
9035,4542.73264894024
9036,4542.732647767204
9037,4542.732648092989
9038,4542.732649203858
9039,4542.732644535121
9040,4542.732642771367
9041,4542.732654784359
9042,4542.732647122275
9043,4542.7326529015
9044,4542.732652676677
9045,4542.732646891609
9046,4542.732643732934
9047,4542.73264858579
9048,4542.732646631156
9049,4542.732639649706
9050,4542.732646519384
9051,4542.732648011295
9052,4542.732648376271
9053,4542.732639985646
9054,4542.732657843849
9055,4542.732647653966
9056,4542.732642719125
9057,4542.732646418405
9058,4542.7326458703255
9059,4542.732646408195
9060,4542.732648174367
9061,4542.732646531945
9062,4542.732644323319
9063,4542.732644507135
9064,4542.732643484414
9065,4540.204926576901
9066,4540.2049265769
9067,4540.2049265769
9068,4540.204926576901
9069,4540.204926576899
9070,4540.204926576903
9071,4540.204926576903
9072,4540.204926576905
9073,4540.204926576905
9074,4540.204931015077
9075,4540.204925857007
9076,4540.204927022113
9077,4540.20492632942
9078,4540.204920220247
9079,4540.204926746854
9080,4540.204925244107
9081,4540.204924973837
9082,4540.204922758867
9083,4540.204925096806
9084,4540.20492934757
9085,4540.204929127463
9086,4540.204926512958
9087,4540.204930634894
9088,4540.204924753126
9089,4540.2049261490665
9090,4540.204926322635
9091,4540.2049290834775
9092,4540.2049250443
9093,4540.204924747172
9094,4540.204926403557
9095,4540.204923901285
9096,4540.204928942758
9097,4540.204927029551
9098,4540.20493009009
9099,4540.204927241944
9100,4540.2049283860115
9101,4540.2049259722935
9102,4540.204931372802
9103,4540.2049281061
9104,4540.204928799071
9105,4540.204924329507
9106,4540.204927185328
9107,4540.204926240067
9108,4540.204926411803
9109,4540.204929079656
9110,4540.204923984479
9111,4540.204924477474
9112,4540.204924689998
9113,4540.2049269907575
9114,4537.844268870207
9115,4537.844268870211
9116,4537.844268870209
9117,4537.844268870209
9118,4537.844268870211
9119,4537.844268870207
9120,4537.84426887021
9121,4537.844268870209
9122,4537.844268870206
9123,4537.844275763636
9124,4537.84427343035
9125,4537.844269839787
9126,4537.844268909971
9127,4537.844271453901
9128,4537.844271121752
9129,4537.844266623937
9130,4537.8442702165
9131,4537.844263805117
9132,4537.844267736955
9133,4537.84427180606
9134,4537.844271949785
9135,4537.844265533443
9136,4537.844271806965
9137,4537.844266859892
9138,4537.844267045897
9139,4537.844270711733
9140,4537.844274281033
9141,4537.844266463169
9142,4537.844269378731
9143,4537.844267561991
9144,4537.8442667843065
9145,4537.844271450668
9146,4537.844269844134
9147,4537.844262246046
9148,4537.844269872715
9149,4537.844270955224
9150,4537.844267397395
9151,4537.844267610084
9152,4537.844275059583
9153,4537.844268133272
9154,4537.844267963571
9155,4537.844269701961
9156,4537.844268571787
9157,4537.844268614685
9158,4537.844271533493
9159,4537.844265237384
9160,4537.844267172619
9161,4537.844266780895
9162,4537.844264310394
9163,4534.848533204851
9164,4534.84853320485
9165,4534.848533204849
9166,4534.848533204852
9167,4534.848533204852
9168,4534.848533204851
9169,4534.848533204852
9170,4534.848533204851
9171,4534.848533204852
9172,4534.848540740906
9173,4534.848540398123
9174,4534.848534617157
9175,4534.84853315808
9176,4534.8485331060965
9177,4534.848532999825
9178,4534.848535515062
9179,4534.8485349929115
9180,4534.848528558183
9181,4534.84853241311
9182,4534.8485358444805
9183,4534.848536284559
9184,4534.848526108763
9185,4534.848534152231
9186,4534.848531134859
9187,4534.848531487928
9188,4534.848532331022
9189,4534.8485378700925
9190,4534.848531662157
9191,4534.848530788525
9192,4534.8485317138575
9193,4534.848531687696
9194,4534.848535596407
9195,4534.84853420463
9196,4534.848528457234
9197,4534.848534184535
9198,4534.848534981928
9199,4534.848531996269
9200,4534.848534359754
9201,4534.848535233619
9202,4534.848532120195
9203,4534.848533177447
9204,4534.848533887534
9205,4534.8485329727455
9206,4534.848532908374
9207,4534.848535738809
9208,4534.848529988777
9209,4534.848531964676
9210,4534.848532383413
9211,4534.848530502801
9212,4528.940606335514
9213,4528.94060633551
9214,4528.94060633551
9215,4528.94060633551
9216,4528.940606335512
9217,4528.940606335515
9218,4528.940606335512
9219,4528.940606335511
9220,4528.940606335511
9221,4528.9405975751115
9222,4528.940605073572
9223,4528.940608094744
9224,4528.940606097282
9225,4528.94060527926
9226,4528.940602055817
9227,4528.940599940455
9228,4528.940603148638
9229,4528.940601913737
9230,4528.940606157291
9231,4528.940607590507
9232,4528.940607063629
9233,4528.940603211166
9234,4528.94060894175
9235,4528.940604570773
9236,4528.940603674212
9237,4528.940603829296
9238,4528.940613486052
9239,4528.940602429433
9240,4528.9406046646645
9241,4528.940605036429
9242,4528.940605652662
9243,4528.940607567689
9244,4528.940606463924
9245,4528.940604652753
9246,4528.940606930821
9247,4528.940606784257
9248,4528.940605623338
9249,4528.940607753763
9250,4528.94060250684
9251,4528.940604337505
9252,4528.940607058232
9253,4528.940606576285
9254,4528.940606646464
9255,4528.940605933977
9256,4528.940608024239
9257,4528.940603814066
9258,4528.940605682529
9259,4528.94060593262
9260,4528.940604380815
9261,4524.825352286573
9262,4524.825352286579
9263,4524.825352286579
9264,4524.825352286577
9265,4524.825352286577
9266,4524.825352286575
9267,4524.825352286575
9268,4524.825352286571
9269,4524.82535228657
9270,4524.825350805168
9271,4524.825357662559
9272,4524.825354693102
9273,4524.825351717026
9274,4524.825345932158
9275,4524.825352018489
9276,4524.825359097617
9277,4524.825353398982
9278,4524.8253501252675
9279,4524.825352516229
9280,4524.825352982868
9281,4524.825352793765
9282,4524.82534365577
9283,4524.825349207552
9284,4524.825350542553
9285,4524.825349288245
9286,4524.825354080729
9287,4524.82534923448
9288,4524.825355318057
9289,4524.825345531064
9290,4524.825351297614
9291,4524.8253523186195
9292,4524.825353104835
9293,4524.8253522771665
9294,4524.825355694933
9295,4524.825352686184
9296,4524.825351991655
9297,4524.82535118453
9298,4524.825358544568
9299,4524.82534152285
9300,4524.82534764507
9301,4524.825353622113
9302,4524.825352096818
9303,4524.825352701964
9304,4524.825352026691
9305,4524.825353526952
9306,4524.825351613897
9307,4524.825352354335
9308,4524.825353154567
9309,4524.825354091252
9310,4521.298587920748
9311,4521.298587920748
9312,4521.298587920748
9313,4521.29858792075
9314,4521.298587920749
9315,4521.298587920746
9316,4521.298587920748
9317,4521.298587920747
9318,4521.298587920748
9319,4521.298585954184
9320,4521.298587563171
9321,4521.298590151903
9322,4521.298587046371
9323,4521.298581551895
9324,4521.298587006756
9325,4521.29859324816
9326,4521.298589472955
9327,4521.2985876147795
9328,4521.298588312551
9329,4521.298588010482
9330,4521.298586409809
9331,4521.298583509175
9332,4521.298584487924
9333,4521.298586241988
9334,4521.298584753532
9335,4521.298591656636
9336,4521.298586285588
9337,4521.29859387421
9338,4521.298582890566
9339,4521.298588223483
9340,4521.298588145055
9341,4521.298588193481
9342,4521.2985873858825
9343,4521.298591963597
9344,4521.298587874
9345,4521.298586883959
9346,4521.298586181637
9347,4521.29859331827
9348,4521.298578950497
9349,4521.298583582228
9350,4521.298588865085
9351,4521.298587311054
9352,4521.298588603636
9353,4521.298587740368
9354,4521.298588593017
9355,4521.298589186783
9356,4521.298588235745
9357,4521.298587596136
9358,4521.298590273883
9359,4516.825642920039
9360,4516.825642920037
9361,4516.825642920035
9362,4516.8256429200355
9363,4516.82564292004
9364,4516.825642920038
9365,4516.8256429200355
9366,4516.825642920037
9367,4516.825642920039
9368,4516.825642370641
9369,4516.825639140554
9370,4516.825644890914
9371,4516.8256416687755
9372,4516.825641219388
9373,4516.825643068088
9374,4516.825639824524
9375,4516.825638749387
9376,4516.825642869348
9377,4516.825643246192
9378,4516.825642458629
9379,4516.825639747573
9380,4516.825647389989
9381,4516.8256428348095
9382,4516.825641681445
9383,4516.825640864584
9384,4516.825649844417
9385,4516.825641824618
9386,4516.825645386385
9387,4516.825639686056
9388,4516.825643931191
9389,4516.825642913678
9390,4516.825642417169
9391,4516.825641654321
9392,4516.825648670494
9393,4516.825642516024
9394,4516.825641602072
9395,4516.82563842997
9396,4516.825647881224
9397,4516.825637782287
9398,4516.825637762444
9399,4516.825643515066
9400,4516.825642165914
9401,4516.825643868403
9402,4516.825643379956
9403,4516.825643381318
9404,4516.825644784615
9405,4516.825642959827
9406,4516.825640314954
9407,4516.825643824907
9408,4510.938917307492
9409,4510.938917307494
9410,4510.938917307494
9411,4510.938917307494
9412,4510.938917307492
9413,4510.9389173074915
9414,4510.9389173074915
9415,4510.938917307492
9416,4510.938917307492
9417,4510.938918913926
9418,4510.938908879347
9419,4510.938918410739
9420,4510.938915883466
9421,4510.938915937339
9422,4510.938911341063
9423,4510.938911060882
9424,4510.938914190651
9425,4510.938917561007
9426,4510.938917642585
9427,4510.938916950878
9428,4510.938913733595
9429,4510.938928012956
9430,4510.9389198343415
9431,4510.9389159663715
9432,4510.938916181423
9433,4510.9389194511805
9434,4510.938922166143
9435,4510.938919532438
9436,4510.938917453981
9437,4510.938919092605
9438,4510.9389172878355
9439,4510.938916795117
9440,4510.938916240799
9441,4510.938920361413
9442,4510.938916836867
9443,4510.938916282106
9444,4510.938915287024
9445,4510.938916700866
9446,4510.938921259318
9447,4510.938915507092
9448,4510.938917585867
9449,4510.938916718108
9450,4510.93891836183
9451,4510.938917996553
9452,4510.938917907247
9453,4510.93891998343
9454,4510.93891726722
9455,4510.938915162355
9456,4510.9389198707
9457,4505.221135772759
9458,4505.221135772759
9459,4505.221135772759
9460,4505.221135772759
9461,4505.221135772759
9462,4505.221135772759
9463,4505.221135772759
9464,4505.22113577276
9465,4505.221135772763
9466,4505.221155035439
9467,4505.221144776621
9468,4505.221137515707
9469,4505.221134853931
9470,4505.221147810939
9471,4505.2211384288385
9472,4505.221142769282
9473,4505.221138343305
9474,4505.22113464241
9475,4505.221136460861
9476,4505.22113616344
9477,4505.221135001224
9478,4505.221139068677
9479,4505.221134277154
9480,4505.221134287725
9481,4505.221133216454
9482,4505.221144561119
9483,4505.221137887613
9484,4505.221136627404
9485,4505.221131766086
9486,4505.22113601675
9487,4505.221136434066
9488,4505.221135921993
9489,4505.221135676162
9490,4505.221124675744
9491,4505.221136150522
9492,4505.221135776551
9493,4505.221134752185
9494,4505.221128087088
9495,4505.221148535834
9496,4505.221129327887
9497,4505.221136582261
9498,4505.221135778741
9499,4505.22113678263
9500,4505.221136538986
9501,4505.22113706057
9502,4505.221136865032
9503,4505.221136144496
9504,4505.221133201905
9505,4505.221131901868
9506,4499.933686245144
9507,4499.933686245144
9508,4499.933686245144
9509,4499.933686245143
9510,4499.933686245146
9511,4499.933686245143
9512,4499.933686245145
9513,4499.933686245144
9514,4499.933686245145
9515,4499.933687833717
9516,4499.933691195439
9517,4499.933687025218
9518,4499.933685920935
9519,4499.933692647207
9520,4499.933685789305
9521,4499.9336794960955
9522,4499.933681479759
9523,4499.9336814745575
9524,4499.933686513598
9525,4499.933686852573
9526,4499.9336872459135
9527,4499.933695719549
9528,4499.933691915534
9529,4499.933684966283
9530,4499.933684615798
9531,4499.933690303491
9532,4499.933685089622
9533,4499.93367936872
9534,4499.933684690817
9535,4499.9336850543605
9536,4499.93368613624
9537,4499.933686496387
9538,4499.93368630142
9539,4499.933682618145
9540,4499.933687298314
9541,4499.933686852525
9542,4499.933687889422
9543,4499.933678542259
9544,4499.933695451792
9545,4499.933681198081
9546,4499.9336872491685
9547,4499.933687198106
9548,4499.9336873959455
9549,4499.933686712307
9550,4499.933688098697
9551,4499.933682864571
9552,4499.933685807868
9553,4499.933686423257
9554,4499.933685964109
9555,4492.567316550198
9556,4492.5673165501985
9557,4492.567316550197
9558,4492.5673165501985
9559,4492.567316550197
9560,4492.567316550197
9561,4492.567316550197
9562,4492.567316550195
9563,4492.567316550195
9564,4492.567315316005
9565,4492.567320466378
9566,4492.567317435768
9567,4492.567315942139
9568,4492.567321870114
9569,4492.567312790715
9570,4492.56730943439
9571,4492.567316045977
9572,4492.567311402365
9573,4492.567316945437
9574,4492.567317565675
9575,4492.567319064288
9576,4492.567322834788
9577,4492.567322005148
9578,4492.567315044916
9579,4492.567315449291
9580,4492.567315622838
9581,4492.5673165110875
9582,4492.567313496923
9583,4492.567317847412
9584,4492.567315066558
9585,4492.5673164707805
9586,4492.567317250911
9587,4492.567316933337
9588,4492.567310991617
9589,4492.567317561492
9590,4492.567317515526
9591,4492.567320096212
9592,4492.567307651642
9593,4492.567325985762
9594,4492.567314097708
9595,4492.567317565024
9596,4492.567317467445
9597,4492.567318117077
9598,4492.567317131649
9599,4492.567318826986
9600,4492.567313529679
9601,4492.567316360942
9602,4492.567316277644
9603,4492.5673170509135
9604,4493.576807642297
9605,4493.576807642295
9606,4493.5768076422955
9607,4493.576807642297
9608,4493.576807642294
9609,4493.576807642296
9610,4493.576807642296
9611,4493.576807642299
9612,4493.576807642298
9613,4493.576768590431
9614,4493.576804579415
9615,4493.576808275536
9616,4493.576807648619
9617,4493.576784284934
9618,4493.576784939214
9619,4493.576778798555
9620,4493.576746959213
9621,4493.5767990083605
9622,4493.576806823094
9623,4493.5768044946335
9624,4493.5768121997435
9625,4493.576826044176
9626,4493.576826692654
9627,4493.576809126904
9628,4493.576816418883
9629,4493.576780281855
9630,4493.576799485305
9631,4493.576759952996
9632,4493.576779583848
9633,4493.576805696369
9634,4493.576805327212
9635,4493.576804234028
9636,4493.57680398088
9637,4493.5768620531235
9638,4493.576809419805
9639,4493.576805596621
9640,4493.576803764939
9641,4493.5768451194235
9642,4493.576768913551
9643,4493.576812465903
9644,4493.576807314871
9645,4493.576809986194
9646,4493.576809967716
9647,4493.576807384617
9648,4493.576810402715
9649,4493.57679594759
9650,4493.576805016618
9651,4493.57680719501
9652,4493.576826113792
9653,4486.7606458835635
9654,4486.76064588356
9655,4486.76064588356
9656,4486.760645883562
9657,4486.760645883561
9658,4486.760645883564
9659,4486.760645883562
9660,4486.760645883563
9661,4486.760645883564
9662,4486.760628932805
9663,4486.760648389372
9664,4486.760646794797
9665,4486.760645588897
9666,4486.76063826592
9667,4486.760634153999
9668,4486.760630789679
9669,4486.760618737384
9670,4486.760638996716
9671,4486.760645796869
9672,4486.760645031671
9673,4486.760649678837
9674,4486.760656162962
9675,4486.760657045123
9676,4486.760645714986
9677,4486.76064935548
9678,4486.7606334926795
9679,4486.760641270351
9680,4486.760623033485
9681,4486.760632669817
9682,4486.760643962337
9683,4486.760644915575
9684,4486.760644756894
9685,4486.760644502768
9686,4486.760667553992
9687,4486.760647336772
9688,4486.760645530596
9689,4486.760645922052
9690,4486.76065848425
9691,4486.760632673689
9692,4486.760646268079
9693,4486.760646413636
9694,4486.760647473233
9695,4486.7606477724685
9696,4486.7606460321895
9697,4486.760648459338
9698,4486.760638790456
9699,4486.76064466993
9700,4486.7606453102435
9701,4486.76065440318
9702,4480.1956638904385
9703,4480.195663890434
9704,4480.195663890434
9705,4480.195663890434
9706,4480.195663890434
9707,4480.195663890433
9708,4480.195663890435
9709,4480.195663890437
9710,4480.195663890435
9711,4480.195654122994
9712,4480.195665239479
9713,4480.195665686141
9714,4480.195662846183
9715,4480.195661914405
9716,4480.1956546800275
9717,4480.195653720986
9718,4480.195646304633
9719,4480.195660462928
9720,4480.195664068561
9721,4480.195662654368
9722,4480.195666654028
9723,4480.195667559943
9724,4480.195669621719
9725,4480.195663745665
9726,4480.195666462532
9727,4480.195655485111
9728,4480.195661290942
9729,4480.19565188462
9730,4480.195655092721
9731,4480.195663305039
9732,4480.195663220326
9733,4480.195662603604
9734,4480.195662172015
9735,4480.1956778675385
9736,4480.195664619953
9737,4480.195662857832
9738,4480.195661340979
9739,4480.195674724663
9740,4480.195653909588
9741,4480.195664348031
9742,4480.195663830052
9743,4480.195664649051
9744,4480.19566617784
9745,4480.195664284733
9746,4480.195665902349
9747,4480.195661502923
9748,4480.195663340447
9749,4480.1956606235735
9750,4480.195668491417
9751,4473.320276303575
9752,4473.320276303576
9753,4473.320276303574
9754,4473.320276303576
9755,4473.320276303575
9756,4473.320276303575
9757,4473.320276303576
9758,4473.320276303575
9759,4473.320276303576
9760,4473.320277244273
9761,4473.320277390962
9762,4473.320278572325
9763,4473.320274843028
9764,4473.32027881753
9765,4473.320272743781
9766,4473.3202739760945
9767,4473.320270383487
9768,4473.320277039951
9769,4473.320276495429
9770,4473.320274866509
9771,4473.320277787439
9772,4473.320274658691
9773,4473.320276718735
9774,4473.320276188392
9775,4473.320277546655
9776,4473.3202755781585
9777,4473.320272572695
9778,4473.320276591659
9779,4473.320271716424
9780,4473.320277452933
9781,4473.320275693781
9782,4473.320274981094
9783,4473.320274376142
9784,4473.320283048667
9785,4473.320276460436
9786,4473.320274826396
9787,4473.320272039739
9788,4473.320283840886
9789,4473.320272266978
9790,4473.320276062816
9791,4473.320275279097
9792,4473.32027645031
9793,4473.320278618367
9794,4473.320276826669
9795,4473.320277597925
9796,4473.320278839434
9797,4473.32027614411
9798,4473.320271666444
9799,4473.320277851071
9800,4467.881070194044
9801,4467.881070194045
9802,4467.881070194046
9803,4467.8810701940465
9804,4467.881070194046
9805,4467.8810701940465
9806,4467.881070194047
9807,4467.8810701940465
9808,4467.8810701940465
9809,4467.881073170157
9810,4467.881066751894
9811,4467.881072217166
9812,4467.881068816815
9813,4467.881073858653
9814,4467.881069144077
9815,4467.881069411863
9816,4467.881067873562
9817,4467.881074146834
9818,4467.8810700317945
9819,4467.881068234215
9820,4467.881070271754
9821,4467.881068805524
9822,4467.881069482966
9823,4467.88107042638
9824,4467.881070747173
9825,4467.8810736300575
9826,4467.881066666948
9827,4467.881074513545
9828,4467.881068143994
9829,4467.8810730567075
9830,4467.88106911828
9831,4467.881068475409
9832,4467.881067739237
9833,4467.881075002396
9834,4467.8810701713055
9835,4467.881068205259
9836,4467.881065589894
9837,4467.881075565144
9838,4467.881070462254
9839,4467.881070984347
9840,4467.881067740208
9841,4467.881070349102
9842,4467.881072416565
9843,4467.881070518695
9844,4467.881070761155
9845,4467.881075604565
9846,4467.881069776219
9847,4467.881065396317
9848,4467.881071049787
9849,4462.542719643524
9850,4462.542719643521
9851,4462.542719643521
9852,4462.54271964352
9853,4462.54271964352
9854,4462.54271964352
9855,4462.542719643521
9856,4462.54271964352
9857,4462.542719643522
9858,4462.542710707265
9859,4462.542707400491
9860,4462.5427211923525
9861,4462.542718811685
9862,4462.542726625981
9863,4462.54271680557
9864,4462.542708917154
9865,4462.542713331486
9866,4462.542723136658
9867,4462.542719184588
9868,4462.5427171728425
9869,4462.542718424342
9870,4462.542722838931
9871,4462.542721438783
9872,4462.542720070313
9873,4462.542718858958
9874,4462.542723256583
9875,4462.542723681324
9876,4462.542717611134
9877,4462.542721717093
9878,4462.542722778528
9879,4462.542718151158
9880,4462.542717592329
9881,4462.542716947931
9882,4462.542719599839
9883,4462.542720060439
9884,4462.542717265198
9885,4462.542715748843
9886,4462.542719373914
9887,4462.542723550759
9888,4462.54272155563
9889,4462.542716522352
9890,4462.542720250528
9891,4462.5427218992645
9892,4462.542719294175
9893,4462.54271970283
9894,4462.542723734529
9895,4462.542718812122
9896,4462.5427150220885
9897,4462.542717560667
9898,4457.6906891935605
9899,4457.690689193562
9900,4457.69068919356
9901,4457.690689193559
9902,4457.6906891935605
9903,4457.690689193562
9904,4457.690689193563
9905,4457.6906891935605
9906,4457.690689193561
9907,4457.690693280837
9908,4457.690693190901
9909,4457.690690721364
9910,4457.6906893002
9911,4457.690679925499
9912,4457.690683756171
9913,4457.690708906132
9914,4457.690695548061
9915,4457.690694407999
9916,4457.690688982787
9917,4457.690687445055
9918,4457.690689180218
9919,4457.69067552231
9920,4457.690683004529
9921,4457.690688763583
9922,4457.690686998299
9923,4457.690687538296
9924,4457.690686566276
9925,4457.690695969393
9926,4457.690678580435
9927,4457.690692367495
9928,4457.690688542556
9929,4457.690688224826
9930,4457.690687793396
9931,4457.690694182007
9932,4457.690690581971
9933,4457.690687258482
9934,4457.690689882864
9935,4457.690693931369
9936,4457.690684415182
9937,4457.6906918063205
9938,4457.690686517734
9939,4457.6906902538985
9940,4457.690690724147
9941,4457.69068765424
9942,4457.690689094957
9943,4457.690692476649
9944,4457.690689021915
9945,4457.690691688799
9946,4457.690697093637
9947,4451.996637804636
9948,4451.9966378046365
9949,4451.996637804632
9950,4451.996637804635
9951,4451.9966378046365
9952,4451.996637804636
9953,4451.996637804636
9954,4451.996637804634
9955,4451.996637804637
9956,4451.996619810045
9957,4451.996630202539
9958,4451.996638374729
9959,4451.996638367977
9960,4451.99662877759
9961,4451.996628373625
9962,4451.996633532876
9963,4451.996629957054
9964,4451.9966396505
9965,4451.996636986893
9966,4451.996635718611
9967,4451.996637465236
9968,4451.996638620329
9969,4451.996640099526
9970,4451.996637799056
9971,4451.996636603903
9972,4451.996632682857
9973,4451.996638992196
9974,4451.996630350016
9975,4451.996633871752
9976,4451.996640275451
9977,4451.996636057823
9978,4451.996636358075
9979,4451.996635909362
9980,4451.99664642933
9981,4451.996639633401
9982,4451.996635924537
9983,4451.996639078433
9984,4451.9966394088315
9985,4451.996634013214
9986,4451.996641925456
9987,4451.996635008236
9988,4451.996639602382
9989,4451.996639716024
9990,4451.996636070062
9991,4451.996637879439
9992,4451.996636440383
9993,4451.996636573285
9994,4451.996640639054
9995,4451.996645966072
9996,4449.162738376429
9997,4449.162738376429
9998,4449.162738376428
9999,4449.162738376427
10000,4449.162738376428
10001,4449.162738376427
10002,4449.162738376428
10003,4449.162738376428
10004,4449.162738376428
10005,4449.162726110366
10006,4449.162738474491
10007,4449.16273887398
10008,4449.162738761983
10009,4449.162747309787
10010,4449.162739401521
10011,4449.162728708645
10012,4449.162747698062
10013,4449.16273501086
10014,4449.162738090321
10015,4449.162737667736
10016,4449.162741036677
10017,4449.16273791958
10018,4449.16274092501
10019,4449.1627375271455
10020,4449.162734361917
10021,4449.162745390689
10022,4449.162739923212
10023,4449.162738508949
10024,4449.162749165474
10025,4449.162738117979
10026,4449.162737370587
10027,4449.162738195475
10028,4449.162738086675
10029,4449.162720215225
10030,4449.162740800236
10031,4449.162737943662
10032,4449.1627424570415
10033,4449.162716435251
10034,4449.162755392282
10035,4449.162736701273
10036,4449.162737119772
10037,4449.162740338796
10038,4449.16274036733
10039,4449.162737092798
10040,4449.162739782992
10041,4449.162735267792
10042,4449.162737785273
10043,4449.162738515476
10044,4449.1627357889065
10045,4443.266301015743
10046,4443.266301015745
10047,4443.266301015743
10048,4443.266301015744
10049,4443.266301015746
10050,4443.266301015743
10051,4443.266301015743
10052,4443.266301015742
10053,4443.266301015741
10054,4443.266274869569
10055,4443.266295492829
10056,4443.266301177611
10057,4443.266301617709
10058,4443.266295209269
10059,4443.266291112181
10060,4443.266281802943
10061,4443.266287084028
10062,4443.266297336904
10063,4443.266300281193
10064,4443.266299457194
10065,4443.26630279633
10066,4443.266310111475
10067,4443.266307917365
10068,4443.266300742494
10069,4443.266300974017
10070,4443.266295241631
10071,4443.266302246141
10072,4443.266284885839
10073,4443.266303065073
10074,4443.266301321263
10075,4443.266299223249
10076,4443.266299925223
10077,4443.266299666184
10078,4443.266307061868
10079,4443.266303475486
10080,4443.26629989741
10081,4443.26630217138
10082,4443.266297226682
10083,4443.2663001591945
10084,4443.2663031596785
10085,4443.266299589849
10086,4443.266303394141
10087,4443.266303391101
10088,4443.266299430504
10089,4443.266302308275
10090,4443.266293675172
10091,4443.2662996785875
10092,4443.26630416393
10093,4443.266308121296
10094,4439.310652258534
10095,4439.310652258535
10096,4439.310652258532
10097,4439.310652258532
10098,4439.310652258532
10099,4439.310652258534
10100,4439.310652258534
10101,4439.310652258533
10102,4439.310652258534
10103,4439.310637249359
10104,4439.31065349196
10105,4439.310652873985
10106,4439.310652518544
10107,4439.310642210071
10108,4439.310641338088
10109,4439.310643598357
10110,4439.310639469766
10111,4439.310650321181
10112,4439.310651841888
10113,4439.310650745685
10114,4439.3106539515
10115,4439.310656275222
10116,4439.310655497021
10117,4439.310651821466
10118,4439.310653405039
10119,4439.31064481817
10120,4439.310651272496
10121,4439.3106398978625
10122,4439.310647922617
10123,4439.310653121695
10124,4439.310650989694
10125,4439.310651261827
10126,4439.310650958985
10127,4439.310664143088
10128,4439.310654467302
10129,4439.310650958114
10130,4439.310650807198
10131,4439.310657186249
10132,4439.310644762997
10133,4439.31065406485
10134,4439.310651148693
10135,4439.310654350636
10136,4439.31065465857
10137,4439.31065076358
10138,4439.310653485759
10139,4439.310645589982
10140,4439.310651462811
10141,4439.310656274927
10142,4439.310662125323
10143,4435.728083298498
10144,4435.728083298495
10145,4435.728083298495
10146,4435.728083298497
10147,4435.728083298496
10148,4435.728083298495
10149,4435.728083298496
10150,4435.7280832985
10151,4435.728083298497
10152,4435.728084835869
10153,4435.728090199308
10154,4435.728084387681
10155,4435.728082751566
10156,4435.728077760682
10157,4435.728076136769
10158,4435.728083456981
10159,4435.728080589486
10160,4435.728083134299
10161,4435.728083461217
10162,4435.728082124326
10163,4435.728084939418
10164,4435.728083141309
10165,4435.728082515206
10166,4435.728082466367
10167,4435.728084821003
10168,4435.728080959058
10169,4435.728081873471
10170,4435.7280815418735
10171,4435.728079833397
10172,4435.728084729243
10173,4435.728082913
10174,4435.728082670039
10175,4435.728082374948
10176,4435.728089246249
10177,4435.728085046001
10178,4435.7280820197575
10179,4435.728079510855
10180,4435.728087651455
10181,4435.728079476721
10182,4435.728083179037
10183,4435.728082538558
10184,4435.728084881007
10185,4435.728085784131
10186,4435.728082272257
10187,4435.728084550762
10188,4435.728079380514
10189,4435.728083450168
10190,4435.728085769602
10191,4435.728090540599
10192,4433.959797775082
10193,4433.959797775082
10194,4433.959797775085
10195,4433.959797775085
10196,4433.959797775085
10197,4433.959797775082
10198,4433.959797775085
10199,4433.959797775082
10200,4433.959797775083
10201,4433.959800393041
10202,4433.959801202613
10203,4433.959798790836
10204,4433.95979687767
10205,4433.95979496695
10206,4433.959791726418
10207,4433.959794135045
10208,4433.959795173126
10209,4433.959798134758
10210,4433.95979804483
10211,4433.959796575337
10212,4433.959798556307
10213,4433.959802294547
10214,4433.95979753043
10215,4433.9597969107435
10216,4433.959799912314
10217,4433.959798146775
10218,4433.959798048253
10219,4433.959796980463
10220,4433.959797464953
10221,4433.959799714239
10222,4433.959797502622
10223,4433.959797105721
10224,4433.959796761543
10225,4433.959801553386
10226,4433.959799242827
10227,4433.959796374936
10228,4433.959792966704
10229,4433.9598005524385
10230,4433.959796878592
10231,4433.959797146221
10232,4433.9597968993185
10233,4433.959799228219
10234,4433.95980043623
10235,4433.9597969336255
10236,4433.959798798785
10237,4433.959794092259
10238,4433.959798107401
10239,4433.959799334998
10240,4433.959803402296
10241,4430.731810028631
10242,4430.731810028629
10243,4430.7318100286275
10244,4430.731810028631
10245,4430.731810028633
10246,4430.73181002863
10247,4430.731810028629
10248,4430.731810028628
10249,4430.731810028629
10250,4430.731825076021
10251,4430.731820855551
10252,4430.731811540421
10253,4430.731808689201
10254,4430.731817756797
10255,4430.731811644738
10256,4430.73181402672
10257,4430.731816312776
10258,4430.731809434429
10259,4430.73181099051
10260,4430.731809208727
10261,4430.731812476803
10262,4430.731810326505
10263,4430.731807593022
10264,4430.731808798563
10265,4430.731811153533
10266,4430.731818046588
10267,4430.73180901918
10268,4430.731815765941
10269,4430.731809544749
10270,4430.731811188183
10271,4430.7318108355275
10272,4430.7318097552115
10273,4430.731809663592
10274,4430.7318023920125
10275,4430.731811503472
10276,4430.731808854227
10277,4430.731806536601
10278,4430.73180751372
10279,4430.731815354772
10280,4430.731805059743
10281,4430.731809718562
10282,4430.731811175582
10283,4430.731812711874
10284,4430.731809511727
10285,4430.731811602679
10286,4430.7318071636555
10287,4430.731811240081
10288,4430.731808095968
10289,4430.731809147759
10290,4426.3587329193215
10291,4426.358732919318
10292,4426.358732919317
10293,4426.358732919316
10294,4426.358732919316
10295,4426.358732919317
10296,4426.358732919321
10297,4426.358732919321
10298,4426.35873291932
10299,4426.358737263268
10300,4426.358735028123
10301,4426.358734246689
10302,4426.358731560067
10303,4426.358740655304
10304,4426.358733361354
10305,4426.358728977498
10306,4426.358731541781
10307,4426.358731805094
10308,4426.358734003286
10309,4426.358731873364
10310,4426.358734428324
10311,4426.358742651756
10312,4426.358733823534
10313,4426.358731776321
10314,4426.358734616626
10315,4426.35873972323
10316,4426.358733876669
10317,4426.35873305892
10318,4426.358732648603
10319,4426.358734388462
10320,4426.358733814741
10321,4426.358732425116
10322,4426.358732348753
10323,4426.358728243265
10324,4426.358734143201
10325,4426.358731513746
10326,4426.3587321301875
10327,4426.358732036981
10328,4426.358735928528
10329,4426.358727986466
10330,4426.358732371615
10331,4426.358734024451
10332,4426.358735938634
10333,4426.358732273004
10334,4426.358734033063
10335,4426.3587280514885
10336,4426.358734140321
10337,4426.358730526025
10338,4426.358731817527
10339,4420.999586805796
10340,4420.999586805799
10341,4420.999586805799
10342,4420.999586805795
10343,4420.999586805796
10344,4420.999586805796
10345,4420.999586805796
10346,4420.999586805794
10347,4420.999586805794
10348,4420.999585859796
10349,4420.9995821862485
10350,4420.99958811677
10351,4420.999585387031
10352,4420.999595648862
10353,4420.999587245071
10354,4420.999586315356
10355,4420.999592394546
10356,4420.999586740103
10357,4420.999588312625
10358,4420.9995859404735
10359,4420.999587644378
10360,4420.9995979714
10361,4420.999589022625
10362,4420.999585285953
10363,4420.999586927698
10364,4420.999592424398
10365,4420.999590077933
10366,4420.999593751259
10367,4420.999587195245
10368,4420.9995889782895
10369,4420.999588346623
10370,4420.999586633195
10371,4420.999586734471
10372,4420.9995770379155
10373,4420.999587755724
10374,4420.999585467862
10375,4420.999594325159
10376,4420.999582544938
10377,4420.999592147518
10378,4420.999582515662
10379,4420.999586050096
10380,4420.999587626848
10381,4420.99958992082
10382,4420.999585920843
10383,4420.999587140591
10384,4420.999584045573
10385,4420.999588581427
10386,4420.999583429199
10387,4420.999584523623
10388,4414.214281592827
10389,4414.214281592826
10390,4414.2142815928255
10391,4414.214281592828
10392,4414.214281592829
10393,4414.214281592829
10394,4414.214281592829
10395,4414.214281592827
10396,4414.214281592827
10397,4414.214268178225
10398,4414.214277989875
10399,4414.21428300458
10400,4414.214281114916
10401,4414.214287715371
10402,4414.2142837335905
10403,4414.214278298171
10404,4414.214270308679
10405,4414.214279426832
10406,4414.214282822756
10407,4414.214280044847
10408,4414.214283184471
10409,4414.214295775305
10410,4414.214286427448
10411,4414.21428066328
10412,4414.214281749539
10413,4414.21428512364
10414,4414.214279921891
10415,4414.214273109034
10416,4414.214272271875
10417,4414.214282939177
10418,4414.214282786936
10419,4414.2142807862665
10420,4414.214281120078
10421,4414.21428366837
10422,4414.2142829665745
10423,4414.214279858107
10424,4414.214291130315
10425,4414.2142872938575
10426,4414.214273929155
10427,4414.21427483415
10428,4414.214280896361
10429,4414.214282740391
10430,4414.21428460103
10431,4414.214280015403
10432,4414.214281625604
10433,4414.214273116918
10434,4414.214282717955
10435,4414.214278994611
10436,4414.214280359009
10437,4402.46520091264
10438,4402.465200912642
10439,4402.465200912643
10440,4402.465200912641
10441,4402.465200912639
10442,4402.465200912638
10443,4402.4652009126385
10444,4402.46520091264
10445,4402.46520091264
10446,4402.4651950908765
10447,4402.4652101855545
10448,4402.46520292279
10449,4402.465201199586
10450,4402.465213119722
10451,4402.46521060554
10452,4402.465212979082
10453,4402.46519839992
10454,4402.465198063908
10455,4402.465202196
10456,4402.4651989543045
10457,4402.465205383032
10458,4402.465197955242
10459,4402.465202711667
10460,4402.465200057244
10461,4402.465197907908
10462,4402.465208073582
10463,4402.4651944987345
10464,4402.465197028522
10465,4402.465184389962
10466,4402.465201103222
10467,4402.465202506347
10468,4402.465200016119
10469,4402.465201041208
10470,4402.46519588847
10471,4402.465203182839
10472,4402.465198981283
10473,4402.4652141458655
10474,4402.465205751915
10475,4402.4651917279325
10476,4402.465190446619
10477,4402.46520066093
10478,4402.465202194924
10479,4402.465203198289
10480,4402.465198575217
10481,4402.465201101094
10482,4402.465193618291
10483,4402.465202160375
10484,4402.4651959629045
10485,4402.465194864338
10486,4393.715949094837
10487,4393.715949094839
10488,4393.715949094837
10489,4393.715949094835
10490,4393.715949094837
10491,4393.715949094838
10492,4393.715949094834
10493,4393.715949094837
10494,4393.715949094838
10495,4393.715896994166
10496,4393.715923949698
10497,4393.715950453334
10498,4393.71595161048
10499,4393.715924395824
10500,4393.715931792938
10501,4393.715928033552
10502,4393.715897716217
10503,4393.715949719912
10504,4393.715948668301
10505,4393.71594655171
10506,4393.715943526231
10507,4393.715974120729
10508,4393.715956185513
10509,4393.715948638914
10510,4393.71595403365
10511,4393.715926396895
10512,4393.715950663817
10513,4393.715909508905
10514,4393.715929823763
10515,4393.715953211699
10516,4393.715948229238
10517,4393.715947560663
10518,4393.715948214949
10519,4393.715998082976
10520,4393.7159503914645
10521,4393.715947333631
10522,4393.715954288765
10523,4393.71599144031
10524,4393.715900118547
10525,4393.715953052964
10526,4393.715948171871
10527,4393.715950684876
10528,4393.715951227663
10529,4393.715944724725
10530,4393.715944109382
10531,4393.715939232789
10532,4393.71594821434
10533,4393.715961119085
10534,4393.715964846065
10535,4389.698635952151
10536,4389.698635952151
10537,4389.69863595215
10538,4389.698635952152
10539,4389.69863595215
10540,4389.69863595215
10541,4389.698635952151
10542,4389.6986359521525
10543,4389.69863595215
10544,4389.698612102596
10545,4389.698632426274
10546,4389.698637690029
10547,4389.698637180188
10548,4389.698633177433
10549,4389.698634708241
10550,4389.698636117313
10551,4389.698616031681
10552,4389.698634622509
10553,4389.698636549828
10554,4389.698633617443
10555,4389.6986369801325
10556,4389.698641709437
10557,4389.69864000679
10558,4389.698635266982
10559,4389.6986355880435
10560,4389.698630772233
10561,4389.698632641018
10562,4389.698619706498
10563,4389.698617984174
10564,4389.698637670992
10565,4389.698636593791
10566,4389.698634752775
10567,4389.698635733099
10568,4389.698651493422
10569,4389.698637957072
10570,4389.698633966992
10571,4389.698646554569
10572,4389.69865527997
10573,4389.698611033447
10574,4389.698631411351
10575,4389.698635503445
10576,4389.698637382097
10577,4389.698638086037
10578,4389.6986326432025
10579,4389.698634283498
10580,4389.698628094689
10581,4389.698636370828
10582,4389.69863738164
10583,4389.698638567397
10584,4368.672876174061
10585,4368.672876174058
10586,4368.672876174059
10587,4368.672876174057
10588,4368.672876174056
10589,4368.672876174058
10590,4368.672876174059
10591,4368.672876174059
10592,4368.6728761740615
10593,4368.67286333404
10594,4368.672878664226
10595,4368.672878291515
10596,4368.672878412911
10597,4368.67286458954
10598,4368.672870171349
10599,4368.672882783327
10600,4368.672872354738
10601,4368.672877450275
10602,4368.672876386879
10603,4368.6728744151005
10604,4368.672875778442
10605,4368.672862917007
10606,4368.672873695073
10607,4368.672874650184
10608,4368.6728767974455
10609,4368.672867298661
10610,4368.672873929622
10611,4368.672874488641
10612,4368.6728643797205
10613,4368.672878323434
10614,4368.672876678869
10615,4368.672875905023
10616,4368.672877087789
10617,4368.672890832513
10618,4368.672878504232
10619,4368.672875264705
10620,4368.67287814953
10621,4368.672896461791
10622,4368.672848464253
10623,4368.672876485439
10624,4368.672876769437
10625,4368.672877433646
10626,4368.672877229747
10627,4368.672871647078
10628,4368.672873468441
10629,4368.672875698649
10630,4368.67287667854
10631,4368.672883538031
10632,4368.67288302204
10633,4355.883130623737
10634,4355.883130623737
10635,4355.883130623735
10636,4355.883130623735
10637,4355.883130623735
10638,4355.883130623738
10639,4355.883130623735
10640,4355.883130623738
10641,4355.883130623739
10642,4355.88312292632
10643,4355.883124150378
10644,4355.883132863101
10645,4355.883132247149
10646,4355.883138773827
10647,4355.883127400589
10648,4355.883122966616
10649,4355.8831275737075
10650,4355.883130838094
10651,4355.883130627072
10652,4355.8831277014215
10653,4355.88313186208
10654,4355.883124391999
10655,4355.883129127706
10656,4355.883129735584
10657,4355.883132671402
10658,4355.88313045855
10659,4355.883140543612
10660,4355.8831252280825
10661,4355.883131659193
10662,4355.883132734308
10663,4355.883130902597
10664,4355.883129337545
10665,4355.8831309976995
10666,4355.883121489482
10667,4355.883132805816
10668,4355.8831288371575
10669,4355.883127904395
10670,4355.883131692566
10671,4355.883127792816
10672,4355.8831317611375
10673,4355.883131072303
10674,4355.883131832436
10675,4355.883131404784
10676,4355.883126478195
10677,4355.883129107885
10678,4355.883133861753
10679,4355.88313090594
10680,4355.883130403253
10681,4355.883124590822
10682,4347.96164595641
10683,4347.961645956408
10684,4347.961645956408
10685,4347.9616459564095
10686,4347.961645956409
10687,4347.9616459564095
10688,4347.9616459564095
10689,4347.961645956411
10690,4347.961645956411
10691,4347.96165370451
10692,4347.961644845169
10693,4347.9616486596815
10694,4347.961647766692
10695,4347.9616452890195
10696,4347.96163946989
10697,4347.961648149998
10698,4347.961641497929
10699,4347.961647195615
10700,4347.961646384291
10701,4347.9616444741405
10702,4347.961648390628
10703,4347.961639083952
10704,4347.961642712941
10705,4347.961644235715
10706,4347.961651054523
10707,4347.961640938065
10708,4347.961653803855
10709,4347.961641811867
10710,4347.961639160872
10711,4347.961648376827
10712,4347.961647097944
10713,4347.961645917498
10714,4347.961646919215
10715,4347.961648807505
10716,4347.961647857367
10717,4347.961645638377
10718,4347.961640165642
10719,4347.961658118283
10720,4347.961635026852
10721,4347.961649504885
10722,4347.961647483467
10723,4347.961646659042
10724,4347.961646237551
10725,4347.961641756316
10726,4347.961645802729
10727,4347.961652431777
10728,4347.96164686586
10729,4347.961650797398
10730,4347.961645931276
10731,4343.736080897338
10732,4343.736080897336
10733,4343.73608089734
10734,4343.736080897337
10735,4343.736080897336
10736,4343.736080897338
10737,4343.736080897338
10738,4343.73608089734
10739,4343.736080897341
10740,4343.736072822687
10741,4343.7360698357725
10742,4343.736082872359
10743,4343.736082680078
10744,4343.73608350697
10745,4343.736084998589
10746,4343.736061162099
10747,4343.7360832022005
10748,4343.736078776887
10749,4343.73608059112
10750,4343.736080242287
10751,4343.736082116206
10752,4343.736090287429
10753,4343.736081884669
10754,4343.736079172459
10755,4343.736086783467
10756,4343.736091081162
10757,4343.736080357679
10758,4343.736081379485
10759,4343.736095376811
10760,4343.7360824212465
10761,4343.736080737392
10762,4343.736081430394
10763,4343.736081675022
10764,4343.736073570142
10765,4343.736082418919
10766,4343.736081551319
10767,4343.736074685367
10768,4343.736072586906
10769,4343.736084368228
10770,4343.736081097165
10771,4343.736082362005
10772,4343.736081822071
10773,4343.7360812426205
10774,4343.7360771940685
10775,4343.736080740399
10776,4343.736085896065
10777,4343.736081004148
10778,4343.73608586839
10779,4343.736078841069
10780,4341.894870906645
10781,4341.894870906644
10782,4341.894870906644
10783,4341.894870906645
10784,4341.8948709066435
10785,4341.894870906645
10786,4341.894870906645
10787,4341.894870906645
10788,4341.894870906645
10789,4341.894878751123
10790,4341.8948744727595
10791,4341.894873111188
10792,4341.894872487158
10793,4341.89487827364
10794,4341.894879139628
10795,4341.894869988502
10796,4341.894885607322
10797,4341.894868981216
10798,4341.894871080638
10799,4341.894870677381
10800,4341.894876350593
10801,4341.894866842285
10802,4341.89487104525
10803,4341.894868830396
10804,4341.894872754969
10805,4341.894882260403
10806,4341.894867247815
10807,4341.8948806108965
10808,4341.894877323186
10809,4341.89487149494
10810,4341.894871586354
10811,4341.894871893883
10812,4341.894872328917
10813,4341.894855042895
10814,4341.894873020319
10815,4341.8948718321435
10816,4341.8948707551235
10817,4341.894859045899
10818,4341.894879518341
10819,4341.89486848295
10820,4341.894872837241
10821,4341.894871843655
10822,4341.894871021351
10823,4341.8948674146095
10824,4341.894872913609
10825,4341.894876535837
10826,4341.894871640879
10827,4341.894872496676
10828,4341.894866616453
10829,4338.132748386992
10830,4338.132748386991
10831,4338.132748386991
10832,4338.132748386991
10833,4338.132748386989
10834,4338.13274838699
10835,4338.132748386993
10836,4338.132748386989
10837,4338.132748386992
10838,4338.132750634579
10839,4338.1327479494785
10840,4338.132750557862
10841,4338.1327502307495
10842,4338.13274910745
10843,4338.132749934934
10844,4338.132750446168
10845,4338.132745097966
10846,4338.1327471971745
10847,4338.1327486385735
10848,4338.132747800221
10849,4338.13275232227
10850,4338.132751083096
10851,4338.13275040601
10852,4338.132746613269
10853,4338.132752127691
10854,4338.132749499482
10855,4338.132746847497
10856,4338.132742914209
10857,4338.132741433017
10858,4338.132749967577
10859,4338.1327492408545
10860,4338.132748889392
10861,4338.132749363607
10862,4338.132750521757
10863,4338.132750292073
10864,4338.132749029161
10865,4338.132751548646
10866,4338.132752246149
10867,4338.132743361004
10868,4338.1327482182105
10869,4338.132749862274
10870,4338.132749382616
10871,4338.132748539337
10872,4338.132744745627
10873,4338.132749327548
10874,4338.132752566554
10875,4338.132748962222
10876,4338.132752422313
10877,4338.132749306984
10878,4335.467120946816
10879,4335.467120946815
10880,4335.467120946817
10881,4335.467120946817
10882,4335.467120946817
10883,4335.467120946816
10884,4335.467120946813
10885,4335.467120946818
10886,4335.467120946817
10887,4335.467117515545
10888,4335.467118427718
10889,4335.4671228304305
10890,4335.467122941139
10891,4335.467119020692
10892,4335.467122349087
10893,4335.467120481941
10894,4335.467113689951
10895,4335.467119634968
10896,4335.46712095253
10897,4335.46712031952
10898,4335.4671234286625
10899,4335.4671275834835
10900,4335.467124219701
10901,4335.467119356642
10902,4335.467125506601
10903,4335.467121505769
10904,4335.467117359353
10905,4335.467111377281
10906,4335.467113710682
10907,4335.467122702927
10908,4335.467121427698
10909,4335.467121309986
10910,4335.467121682631
10911,4335.467127630263
10912,4335.467122724542
10913,4335.467121668051
10914,4335.467125206434
10915,4335.467125603461
10916,4335.467113854142
10917,4335.467120898723
10918,4335.467122123023
10919,4335.46712207796
10920,4335.467121078601
10921,4335.467117354485
10922,4335.4671210311035
10923,4335.467123897319
10924,4335.4671211659015
10925,4335.467126465013
10926,4335.467124186487
10927,4330.292205297561
10928,4330.29220529756
10929,4330.29220529756
10930,4330.292205297558
10931,4330.292205297559
10932,4330.29220529756
10933,4330.29220529756
10934,4330.292205297561
10935,4330.292205297562
1093