iteracion,valor_coste
0,72967.24791672276
1,72967.24791672282
2,72967.24791672277
3,72967.24791672273
4,72967.24791672276
5,72967.24791672276
6,72967.24791672277
7,72967.24791672273
8,72967.24791672273
9,72967.24787512177
10,72967.24787534597
11,72967.24819641831
12,72967.24771481215
13,72967.24759023762
14,72967.24750250218
15,72967.24845855955
16,72967.24749345983
17,72967.24780993717
18,72967.24794116692
19,72967.24776760033
20,72967.24818488663
21,72967.24832773689
22,72967.24766645007
23,72967.24795793688
24,72967.2483236823
25,72967.24790697545
26,72967.24754269345
27,72967.24794499052
28,72967.24758772994
29,72967.24772370851
30,72967.24792849203
31,72967.24790142768
32,72967.24784604643
33,72967.24764853553
34,72967.247944973
35,72967.24771392011
36,72967.24776679883
37,72967.24796436103
38,72967.24677129806
39,72967.24782893198
40,72967.2481492117
41,72967.2479519606
42,72967.24793720564
43,72967.24795380859
44,72967.24791672177
45,72967.24869799873
46,72967.2479521929
47,72967.24806459752
48,72967.24812139948
49,5349268.75
50,5349268.75
51,5349268.75
52,5349268.750000001
53,5349268.75
54,5349268.75
55,5349268.75
56,5349268.750000001
57,5349268.75
58,5349268.750000001
59,5349268.750000001
60,5349268.75
61,5349268.75
62,5349268.75
63,5349268.75
64,5349268.75
65,5349268.75
66,5349268.75
67,5349268.75
68,5349268.75
69,5349268.75
70,5349268.75
71,5349268.750000002
72,5349268.75
73,5349268.75
74,5349268.75
75,5349268.750000001
76,5349268.750000001
77,5349268.75
78,5349268.75
79,5349268.75
80,5349268.75
81,5349268.75
82,5349268.75
83,5349268.75
84,5349268.75
85,5349268.75
86,5349268.75
87,5349268.75
88,5349268.750000002
89,5349268.75
90,5349268.75
91,5349268.75
92,5349268.75
93,5349268.75
94,5349268.750000001
95,5349268.75
96,5349268.75
97,5349268.75
98,781704.4274345465
99,781704.4274345466
100,781704.4274345466
101,781704.4274345463
102,781704.4274345465
103,781704.4274345465
104,781704.4274345465
105,781704.4274345462
106,781704.4274345469
107,781704.4300727934
108,781704.4311203322
109,781704.4297835601
110,781704.4259625908
111,781704.4407171455
112,781704.4236089254
113,781704.4221042874
114,781704.4258931548
115,781704.4285916421
116,781704.4271637277
117,781704.4305100503
118,781704.4262209178
119,781704.4274667156
120,781704.4301706705
121,781704.4236121323
122,781704.4279876492
123,781704.4313222391
124,781704.4313515055
125,781704.4211620955
126,781704.4323679645
127,781704.4302597401
128,781704.426980973
129,781704.4262495005
130,781704.4291619054
131,781704.4289193584
132,781704.4256646835
133,781704.4273086137
134,781704.4264850467
135,781704.4219774152
136,781704.425981486
137,781704.4301648067
138,781704.4286420122
139,781704.4264351918
140,781704.4279974354
141,781704.4255031653
142,781704.4282147625
143,781704.4267492582
144,781704.4270380676
145,781704.4267783622
146,781704.4291060036
147,70771.80131698625
148,70771.80131698633
149,70771.80131698628
150,70771.80131698625
151,70771.80131698621
152,70771.80131698622
153,70771.80131698622
154,70771.80131698622
155,70771.80131698615
156,70771.80120467373
157,70771.80219819715
158,70771.80158853203
159,70771.80120957199
160,70771.80104238
161,70771.80075628891
162,70771.80154352436
163,70771.80065174347
164,70771.80115233954
165,70771.80132757871
166,70771.80113576564
167,70771.80152837267
168,70771.80141304598
169,70771.8017558036
170,70771.80138178181
171,70771.80162591249
172,70771.80129585866
173,70771.80098415862
174,70771.80115763114
175,70771.80178357105
176,70771.80124129452
177,70771.80133979749
178,70771.8013097182
179,70771.80127381584
180,70771.80178245502
181,70771.80132635178
182,70771.80106786922
183,70771.80132716338
184,70771.8013018516
185,70771.80079547432
186,70771.80097901568
187,70771.80147960027
188,70771.80133151925
189,70771.80131586806
190,70771.80138018235
191,70771.8013414821
192,70771.80165000967
193,70771.80134908926
194,70771.80144957211
195,70771.80081587816
196,67053.55562474813
197,67053.55562474816
198,67053.55562474807
199,67053.55562474814
200,67053.55562474809
201,67053.5556247481
202,67053.55562474813
203,67053.55562474813
204,67053.55562474814
205,67053.55553384862
206,67053.5563141146
207,67053.55588926707
208,67053.55553412228
209,67053.55544213398
210,67053.5551588167
211,67053.55586866471
212,67053.55504334375
213,67053.55548164988
214,67053.55563079922
215,67053.55545169314
216,67053.55578776656
217,67053.55573405467
218,67053.55598676333
219,67053.55570121593
220,67053.55583829741
221,67053.55565786413
222,67053.55541795673
223,67053.55544379573
224,67053.55601646063
225,67053.5555649595
226,67053.55564415517
227,67053.55562298719
228,67053.55559036131
229,67053.55602896035
230,67053.55562453537
231,67053.5553909791
232,67053.55564610475
233,67053.55558563753
234,67053.55532187657
235,67053.55533619362
236,67053.55578680836
237,67053.55562519055
238,67053.55562330436
239,67053.55568710122
240,67053.55565384163
241,67053.55589614305
242,67053.55566447187
243,67053.5557441294
244,67053.5552653225
245,58819.893735013255
246,58819.893735013204
247,58819.893735013204
248,58819.89373501319
249,58819.893735013204
250,58819.89373501322
251,58819.893735013175
252,58819.89373501327
253,58819.89373501323
254,58819.894025758214
255,58819.89314643846
256,58819.894083069266
257,58819.8936347654
258,58819.893598474526
259,58819.89385584047
260,58819.89313730055
261,58819.89333001036
262,58819.893919091475
263,58819.89362711267
264,58819.8935779766
265,58819.89374207116
266,58819.89372562246
267,58819.893211660026
268,58819.893812081136
269,58819.8935790603
270,58819.89357112464
271,58819.894255796484
272,58819.89311406329
273,58819.89427570773
274,58819.89370449352
275,58819.89373716017
276,58819.89374389709
277,58819.893690431585
278,58819.89327932743
279,58819.89358625661
280,58819.893559195836
281,58819.8936161577
282,58819.893522572056
283,58819.893278630894
284,58819.89455377894
285,58819.893922834875
286,58819.89346384961
287,58819.893671863276
288,58819.89381641991
289,58819.89381849079
290,58819.89376321082
291,58819.893740248604
292,58819.893754387405
293,58819.89431605456
294,53720.55352061404
295,53720.55352061407
296,53720.55352061408
297,53720.55352061411
298,53720.55352061408
299,53720.553520614056
300,53720.553520614085
301,53720.55352061405
302,53720.55352061407
303,53720.55357674051
304,53720.5533226802
305,53720.55375102034
306,53720.55345553972
307,53720.553432394954
308,53720.55345853151
309,53720.55359324571
310,53720.553403021455
311,53720.553536148844
312,53720.55339169251
313,53720.55336447917
314,53720.553515917476
315,53720.553693898546
316,53720.55340935283
317,53720.55359753571
318,53720.553395244824
319,53720.55352607087
320,53720.55364859942
321,53720.55330468283
322,53720.55353986344
323,53720.55353693445
324,53720.553534391605
325,53720.55352571808
326,53720.553496710476
327,53720.553451712425
328,53720.55336864101
329,53720.55336110593
330,53720.55361456001
331,53720.553446950405
332,53720.55345789012
333,53720.553571151424
334,53720.553617183796
335,53720.55340157678
336,53720.55347247205
337,53720.55360963498
338,53720.55356108802
339,53720.55350599455
340,53720.553499314396
341,53720.55351301096
342,53720.55356306817
343,51251.554886105085
344,51251.55488610508
345,51251.55488610506
346,51251.554886105056
347,51251.55488610506
348,51251.55488610507
349,51251.55488610507
350,51251.554886105034
351,51251.55488610506
352,51251.55490923965
353,51251.554749713425
354,51251.55509654197
355,51251.55482788151
356,51251.554814762334
357,51251.55481357107
358,51251.55497911919
359,51251.55485152679
360,51251.55491106455
361,51251.554685073104
362,51251.55477786284
363,51251.55486229386
364,51251.555065138746
365,51251.55482887732
366,51251.55485118515
367,51251.55475704022
368,51251.554897953756
369,51251.55493565169
370,51251.554751472795
371,51251.55483320079
372,51251.55493909049
373,51251.55488277491
374,51251.55485130059
375,51251.55489967277
376,51251.55484481407
377,51251.55465306518
378,51251.5547244578
379,51251.555016712286
380,51251.55484316587
381,51251.55485720112
382,51251.5548399206
383,51251.55495344314
384,51251.55477013957
385,51251.55486002179
386,51251.554955285545
387,51251.55491781722
388,51251.55480812433
389,51251.55477461546
390,51251.55484444818
391,51251.55483094847
392,46850.99069550618
393,46850.99069550618
394,46850.990695506174
395,46850.99069550621
396,46850.99069550619
397,46850.99069550615
398,46850.990695506174
399,46850.99069550618
400,46850.99069550618
401,46850.990693188076
402,46850.99088955217
403,46850.99072987448
404,46850.99066991281
405,46850.99068876301
406,46850.99045921332
407,46850.99056035148
408,46850.99060628421
409,46850.99070002465
410,46850.99072843542
411,46850.990677533206
412,46850.990661806616
413,46850.990774168575
414,46850.99071468868
415,46850.99080210717
416,46850.99067385918
417,46850.99074129558
418,46850.99064124171
419,46850.990659590476
420,46850.99078514558
421,46850.99066687029
422,46850.99069852335
423,46850.99072743087
424,46850.99071373886
425,46850.99077197563
426,46850.99073740562
427,46850.99064415944
428,46850.990798359366
429,46850.99068037984
430,46850.99074481203
431,46850.9905771885
432,46850.99066497353
433,46850.99062786547
434,46850.99068087603
435,46850.990691354345
436,46850.99072518302
437,46850.99065784823
438,46850.99077252779
439,46850.99061966234
440,46850.9905975617
441,45430.73350440823
442,45430.73350440827
443,45430.73350440824
444,45430.73350440828
445,45430.73350440826
446,45430.73350440827
447,45430.73350440825
448,45430.73350440825
449,45430.733504408214
450,45430.733478908915
451,45430.73332446027
452,45430.733594967045
453,45430.73352135277
454,45430.733712021385
455,45430.733688797416
456,45430.73383850566
457,45430.73343765435
458,45430.7335134864
459,45430.733528383455
460,45430.73367247917
461,45430.7334630729
462,45430.733577743194
463,45430.73369852561
464,45430.733195882414
465,45430.73354062479
466,45430.733692491
467,45430.73353368126
468,45430.73346601039
469,45430.733612797594
470,45430.73356321391
471,45430.73342711854
472,45430.73341395841
473,45430.7335964667
474,45430.73358074857
475,45430.73347629018
476,45430.733361861014
477,45430.73354058426
478,45430.733428439686
479,45430.73372163847
480,45430.73337818585
481,45430.73363593477
482,45430.733438478885
483,45430.733640575505
484,45430.73335053198
485,45430.73350583722
486,45430.73341808956
487,45430.73347049137
488,45430.733432850815
489,45430.73347081653
490,44063.869196914806
491,44063.86919691479
492,44063.86919691479
493,44063.86919691478
494,44063.86919691479
495,44063.8691969148
496,44063.86919691479
497,44063.86919691479
498,44063.869196914784
499,44063.869165512624
500,44063.86922090749
501,44063.869257123195
502,44063.869201895235
503,44063.86929953794
504,44063.869169209116
505,44063.86937881193
506,44063.86912093017
507,44063.86917512681
508,44063.86922744417
509,44063.86927016187
510,44063.869169896905
511,44063.8692955463
512,44063.86933481444
513,44063.86909505236
514,44063.86921696274
515,44063.86932806038
516,44063.86916712496
517,44063.869217719315
518,44063.86928592769
519,44063.8692276514
520,44063.869160901355
521,44063.86916739987
522,44063.86925122603
523,44063.86931709308
524,44063.869206999814
525,44063.86911343053
526,44063.869251943695
527,44063.869168231766
528,44063.86934420946
529,44063.86905116543
530,44063.86924319743
531,44063.869158667876
532,44063.86926364941
533,44063.869123594035
534,44063.8692027688
535,44063.86915426532
536,44063.869215067934
537,44063.86913936378
538,44063.869150265855
539,41950.74763196229
540,41950.747631962324
541,41950.747631962324
542,41950.74763196229
543,41950.747631962346
544,41950.747631962346
545,41950.74763196233
546,41950.747631962324
547,41950.74763196231
548,41950.747561227116
549,41950.747466954286
550,41950.74769542086
551,41950.74764854205
552,41950.74775498752
553,41950.748050022215
554,41950.748204876545
555,41950.74766142074
556,41950.747576717054
557,41950.747654877174
558,41950.74769158177
559,41950.7476282797
560,41950.74730932063
561,41950.74808109415
562,41950.74753552074
563,41950.74768917004
564,41950.74781111339
565,41950.74749220805
566,41950.74760971706
567,41950.74759131552
568,41950.74771372323
569,41950.74760040974
570,41950.7476081152
571,41950.74768852302
572,41950.74781288729
573,41950.74763262811
574,41950.74758935756
575,41950.747624477466
576,41950.74763797001
577,41950.747721819636
578,41950.74732636026
579,41950.74791523319
580,41950.74761750779
581,41950.74769772363
582,41950.74757517386
583,41950.7476238613
584,41950.74759088541
585,41950.74764465112
586,41950.747642029615
587,41950.747638442066
588,40140.08386124359
589,40140.083861243555
590,40140.08386124355
591,40140.08386124357
592,40140.08386124358
593,40140.08386124357
594,40140.08386124356
595,40140.083861243584
596,40140.08386124359
597,40140.083854664226
598,40140.08415457522
599,40140.08395052227
600,40140.083857270154
601,40140.08399342727
602,40140.08362230885
603,40140.08360251761
604,40140.0837925356
605,40140.08383546649
606,40140.08387482977
607,40140.083939000884
608,40140.08383722282
609,40140.08378420383
610,40140.08398836784
611,40140.08378135129
612,40140.083866536086
613,40140.08394731554
614,40140.08383090517
615,40140.08398661891
616,40140.0839961491
617,40140.08398023796
618,40140.08385337907
619,40140.08384287265
620,40140.083910216614
621,40140.08398963643
622,40140.08384797908
623,40140.08387161421
624,40140.083861930274
625,40140.08385078056
626,40140.08381886965
627,40140.083953823785
628,40140.08391427491
629,40140.083824537214
630,40140.083885564534
631,40140.083793803155
632,40140.083876255914
633,40140.083829572475
634,40140.0838641508
635,40140.08385074527
636,40140.08390240892
637,39394.258985454
638,39394.258985454
639,39394.258985453984
640,39394.258985454
641,39394.258985454
642,39394.25898545399
643,39394.25898545399
644,39394.258985454
645,39394.25898545399
646,39394.2590174133
647,39394.259027859574
648,39394.25907176918
649,39394.258976616344
650,39394.25908295508
651,39394.25890596784
652,39394.25885230115
653,39394.25896485861
654,39394.25895539571
655,39394.258993798656
656,39394.25903012969
657,39394.25898225615
658,39394.25895221945
659,39394.25901487336
660,39394.25894403848
661,39394.25897773048
662,39394.259078602554
663,39394.258935215956
664,39394.259030176865
665,39394.25902728047
666,39394.2590858531
667,39394.258983414664
668,39394.25897616868
669,39394.25901383428
670,39394.259002758794
671,39394.25897408245
672,39394.25902735909
673,39394.2589616935
674,39394.25898917717
675,39394.25887612979
676,39394.259081913544
677,39394.259070499655
678,39394.25896356741
679,39394.25900116764
680,39394.25894601511
681,39394.258987839676
682,39394.25898951529
683,39394.258990834205
684,39394.25895992233
685,39394.25902045063
686,38539.843895251994
687,38539.84389525199
688,38539.84389525197
689,38539.84389525197
690,38539.84389525198
691,38539.843895251994
692,38539.84389525197
693,38539.84389525199
694,38539.84389525199
695,38539.84396370881
696,38539.8437620293
697,38539.84397327252
698,38539.843888971795
699,38539.84396836513
700,38539.84408477591
701,38539.84389807828
702,38539.84395829023
703,38539.84387042067
704,38539.84389966324
705,38539.843920448206
706,38539.84390885913
707,38539.8437638608
708,38539.84395507957
709,38539.84385940067
710,38539.84387509238
711,38539.8439981585
712,38539.84380191345
713,38539.84386236238
714,38539.84385295605
715,38539.84400010738
716,38539.84389409561
717,38539.84388618792
718,38539.84390704307
719,38539.843884581074
720,38539.84387994182
721,38539.843954976495
722,38539.843847531265
723,38539.84390469524
724,38539.84375433814
725,38539.84396112949
726,38539.844065813704
727,38539.8438821199
728,38539.843910951946
729,38539.84387282809
730,38539.84388567676
731,38539.843895379374
732,38539.8438940108
733,38539.84385588374
734,38539.84391879544
735,36256.65205300134
736,36256.6520530013
737,36256.65205300131
738,36256.6520530013
739,36256.65205300127
740,36256.65205300131
741,36256.6520530013
742,36256.65205300132
743,36256.6520530013
744,36256.65231385249
745,36256.6514355671
746,36256.65210661747
747,36256.65203651555
748,36256.65218222262
749,36256.65213970182
750,36256.652057913925
751,36256.65195813681
752,36256.65199347073
753,36256.65206878588
754,36256.65204513522
755,36256.65205655442
756,36256.652373443976
757,36256.65169793323
758,36256.65207853988
759,36256.65193259229
760,36256.652215835486
761,36256.65188904699
762,36256.65178199904
763,36256.652027901655
764,36256.65202978783
765,36256.6520598157
766,36256.65205797023
767,36256.65202437219
768,36256.651615484276
769,36256.652075516526
770,36256.65214759575
771,36256.652025503085
772,36256.65194557249
773,36256.651786821174
774,36256.652224779646
775,36256.65224798482
776,36256.65209564911
777,36256.65205583761
778,36256.6520593943
779,36256.65203732905
780,36256.65222131122
781,36256.652062808345
782,36256.651984830605
783,36256.65205876553
784,2068124.6130280157
785,2068124.6130280166
786,2068124.6130280166
787,2068124.6130280169
788,2068124.6130280166
789,2068124.613028016
790,2068124.613028016
791,2068124.6130280152
792,2068124.6130280162
793,2068124.611790348
794,2068124.6099059072
795,2068124.6137174529
796,2068124.6130280162
797,2068124.6038044558
798,2068124.6008396049
799,2068124.6131642896
800,2068124.6140218836
801,2068124.6172652023
802,2068124.622158575
803,2068124.5958877534
804,2068124.624911399
805,2068124.620382861
806,2068124.6164500914
807,2068124.6130280178
808,2068124.6159317065
809,2068124.6208276977
810,2068124.6191754807
811,2068124.616702385
812,2068124.6163654001
813,2068124.5855228303
814,2068124.6230745986
815,2068124.6136163203
816,2068124.6041334039
817,2068124.610265403
818,2068124.6123385788
819,2068124.6130280173
820,2068124.6158779485
821,2068124.615931705
822,2068124.6102975388
823,2068124.6169314138
824,2068124.6067145339
825,2068124.6183855874
826,2068124.6076704462
827,2068124.6130280164
828,2068124.6130280157
829,2068124.6121954988
830,2068124.6005889052
831,2068124.616353756
832,2068124.6133648376
833,2640164.7356964783
834,2640164.7356964797
835,2640164.7356964797
836,2640164.7356964783
837,2640164.7356964783
838,2640164.7356964787
839,2640164.7356964787
840,2640164.7356964783
841,2640164.7356964787
842,2640164.736275916
843,2640164.7323846277
844,2640164.7374081383
845,2640164.7379207863
846,2640164.7336268416
847,2640164.741032165
848,2640164.7342049014
849,2640164.7381697977
850,2640164.726343081
851,2640164.7363041774
852,2640164.7368996846
853,2640164.745381711
854,2640164.731314071
855,2640164.735775996
856,2640164.7360839713
857,2640164.7393390127
858,2640164.734250599
859,2640164.7344475365
860,2640164.736579097
861,2640164.734484229
862,2640164.733810994
863,2640164.7356980466
864,2640164.7357225684
865,2640164.737462838
866,2640164.736581259
867,2640164.735696133
868,2640164.7340326887
869,2640164.7375885863
870,2640164.731321403
871,2640164.7360433284
872,2640164.7358254977
873,2640164.7391865766
874,2640164.735055366
875,2640164.732291427
876,2640164.7339278758
877,2640164.741539593
878,2640164.735793897
879,2640164.7346394192
880,2640164.7385045397
881,2640164.7345560202
882,35955.87155123091
883,35955.871551230935
884,35955.87155123094
885,35955.87155123094
886,35955.87155123093
887,35955.871551230906
888,35955.87155123095
889,35955.871551230935
890,35955.87155123094
891,35955.871837674815
892,35955.87088406283
893,35955.87160513105
894,35955.87153606008
895,35955.87169601474
896,35955.87167179043
897,35955.87156230144
898,35955.87144942053
899,35955.87149085683
900,35955.87156692919
901,35955.87154206087
902,35955.87155224458
903,35955.8718851914
904,35955.87119120115
905,35955.871576498226
906,35955.8714151679
907,35955.871731950145
908,35955.87136796039
909,35955.87125244971
910,35955.871534080514
911,35955.87152530399
912,35955.87155787028
913,35955.87155607396
914,35955.87151730683
915,35955.87108485841
916,35955.87157390372
917,35955.8716486541
918,35955.871522099325
919,35955.87142382641
920,35955.87127181397
921,35955.87172695777
922,35955.871775650114
923,35955.87159701006
924,35955.87155467437
925,35955.87155869342
926,35955.87153535524
927,35955.87172407461
928,35955.871560054795
929,35955.87148176582
930,35955.87155016559
931,35574.9314368506
932,35574.93143685058
933,35574.93143685058
934,35574.93143685058
935,35574.931436850566
936,35574.9314368506
937,35574.93143685057
938,35574.931436850595
939,35574.931436850566
940,35574.93175538132
941,35574.93071327969
942,35574.93149123092
943,35574.93142359823
944,35574.93160119096
945,35574.93159693909
946,35574.9314532045
947,35574.93132680131
948,35574.93137567563
949,35574.931452350706
950,35574.931426225376
951,35574.93143441005
952,35574.931786212044
953,35574.93107240537
954,35574.93146178298
955,35574.93128100832
956,35574.93163965851
957,35574.93122995061
958,35574.93110513554
959,35574.93143002038
960,35574.931408029195
961,35574.93144335738
962,35574.93144153168
963,35574.93139695138
964,35574.930937917605
965,35574.93145956198
966,35574.93153764381
967,35574.93140604374
968,35574.93128465317
969,35574.93114150239
970,35574.93161751512
971,35574.931697688735
972,35574.93148608738
973,35574.931440876666
974,35574.93144549511
975,35574.93142058163
976,35574.931614422014
977,35574.93144455442
978,35574.93136572212
979,35574.93142780854
980,1173309.9364561003
981,1173309.9364561
982,1173309.9364560996
983,1173309.9364560999
984,1173309.9364561
985,1173309.9364560996
986,1173309.9364561
987,1173309.9364560992
988,1173309.9364560992
989,1173309.9400553321
990,1173309.9364804602
991,1173309.9362185334
992,1173309.9383473468
993,1173309.9289465777
994,1173309.9494784968
995,1173309.9386170227
996,1173309.939370801
997,1173309.9311225354
998,1173309.9368456642
999,1173309.9346734907
1000,1173309.949467308
1001,1173309.9323948838
1002,1173309.9412932422
1003,1173309.939493491
1004,1173309.9318877158
1005,1173309.928993686
1006,1173309.9352719605
1007,1173309.9403833966
1008,1173309.93354327
1009,1173309.9324532845
1010,1173309.938964971
1011,1173309.9369276066
1012,1173309.9377249936
1013,1173309.9414013217
1014,1173309.9348414186
1015,1173309.9269858412
1016,1173309.9349255213
1017,1173309.9348369553
1018,1173309.9368159408
1019,1173309.9383753072
1020,1173309.9387516263
1021,1173309.940394988
1022,1173309.934234133
1023,1173309.9377105073
1024,1173309.9405057272
1025,1173309.935542374
1026,1173309.9361828528
1027,1173309.9370981895
1028,1173309.9344392815
1029,34781.98852030403
1030,34781.988520304054
1031,34781.988520304105
1032,34781.98852030406
1033,34781.98852030405
1034,34781.98852030406
1035,34781.98852030409
1036,34781.988520304105
1037,34781.98852030405
1038,34781.9889033946
1039,34781.98769684782
1040,34781.988575805
1041,34781.988511642376
1042,34781.988723907205
1043,34781.98875325594
1044,34781.988541612154
1045,34781.98839474378
1046,34781.98845810418
1047,34781.98853525897
1048,34781.98850713413
1049,34781.98851016386
1050,34781.988897599105
1051,34781.98815028862
1052,34781.98854465083
1053,34781.988324177546
1054,34781.98876678164
1055,34781.98826737735
1056,34781.988126418895
1057,34781.988534780954
1058,34781.98848660146
1059,34781.98852674798
1060,34781.98852467635
1061,34781.988469829135
1062,34781.98796411864
1063,34781.98854283405
1064,34781.98862743038
1065,34781.98848657042
1066,34781.98831880192
1067,34781.98819441787
1068,34781.988710751415
1069,34781.988852885755
1070,34781.988575448166
1071,34781.988525072244
1072,34781.98853098045
1073,34781.988502932836
1074,34781.98870526724
1075,34781.98852608996
1076,34781.98844575789
1077,34781.98849640725
1078,33581.554557508
1079,33581.55455750798
1080,33581.55455750804
1081,33581.554557508
1082,33581.55455750803
1083,33581.554557507996
1084,33581.554557508
1085,33581.55455750802
1086,33581.554557508
1087,33581.55503081556
1088,33581.55361232556
1089,33581.554614657296
1090,33581.55455658394
1091,33581.55481531393
1092,33581.55488370983
1093,33581.55457779364
1094,33581.55441212666
1095,33581.55449478051
1096,33581.55457158376
1097,33581.55454124127
1098,33581.55453532579
1099,33581.55497146128
1100,33581.55418135844
1101,33581.55458124486
1102,33581.554304075165
1103,33581.55486395607
1104,33581.554242657825
1105,33581.55408140959
1106,33581.55460117364
1107,33581.55451793622
1108,33581.55456416348
1109,33581.55456150386
1110,33581.554493984724
1111,33581.55393212836
1112,33581.55457957362
1113,33581.554672871796
1114,33581.55451852171
1115,33581.5542880337
1116,33581.55419040384
1117,33581.554761583524
1118,33581.55498703651
1119,33581.55461954643
1120,33581.55456268307
1121,33581.554570586784
1122,33581.55453811816
1123,33581.55474996503
1124,33581.55456118387
1125,33581.55447800509
1126,33581.554513915034
1127,125385.57183604526
1128,125385.57183604517
1129,125385.57183604539
1130,125385.57183604581
1131,125385.57183604545
1132,125385.57183604549
1133,125385.57183604562
1134,125385.57183604558
1135,125385.57183604562
1136,125385.57280557786
1137,125385.56861008356
1138,125385.57219190233
1139,125385.57214265903
1140,125385.57160946845
1141,125385.57790450292
1142,125385.57173334817
1143,125385.57300584232
1144,125385.57157194396
1145,125385.57197187882
1146,125385.57070883943
1147,125385.57301747373
1148,125385.57474088324
1149,125385.56617911968
1150,125385.57222112302
1151,125385.57157709044
1152,125385.5718690567
1153,125385.57318572505
1154,125385.5682511701
1155,125385.57052243999
1156,125385.5712543405
1157,125385.57196951118
1158,125385.57189586184
1159,125385.57142509769
1160,125385.56907936998
1161,125385.57201643063
1162,125385.57094520613
1163,125385.56778458545
1164,125385.5716129925
1165,125385.56960934136
1166,125385.57452523182
1167,125385.56891055555
1168,125385.57222103229
1169,125385.57169339235
1170,125385.57289524013
1171,125385.57194600142
1172,125385.57239197048
1173,125385.5719813121
1174,125385.57122474622
1175,125385.56904538383
1176,23197.357318571947
1177,23197.35731857191
1178,23197.35731857188
1179,23197.35731857185
1180,23197.35731857193
1181,23197.357318571925
1182,23197.357318571965
1183,23197.357318571965
1184,23197.357318571954
1185,23197.35796933267
1186,23197.35571354725
1187,23197.357391637015
1188,23197.357349227757
1189,23197.35761911333
1190,23197.35808113335
1191,23197.357412998892
1192,23197.357332482552
1193,23197.35728972653
1194,23197.35732759245
1195,23197.357278106054
1196,23197.357315218407
1197,23197.358238632907
1198,23197.35638082984
1199,23197.357343230462
1200,23197.35695303016
1201,23197.357763633885
1202,23197.356816473788
1203,23197.356445475587
1204,23197.357055050088
1205,23197.357239102254
1206,23197.357332460255
1207,23197.35732129266
1208,23197.357158380106
1209,23197.356229003224
1210,23197.357338489957
1211,23197.357485307155
1212,23197.356868775438
1213,23197.35695551103
1214,23197.35658344123
1215,23197.357681546797
1216,23197.3578069227
1217,23197.357418998814
1218,23197.357316240625
1219,23197.357348030608
1220,23197.357269487307
1221,23197.35752459888
1222,23197.357318121285
1223,23197.35717771004
1224,23197.357078325127
1225,22775.170136111963
1226,22775.170136111945
1227,22775.170136111923
1228,22775.17013611197
1229,22775.17013611198
1230,22775.170136111963
1231,22775.170136111923
1232,22775.17013611193
1233,22775.170136111923
1234,22775.1706951119
1235,22775.168435417174
1236,22775.17021291191
1237,22775.1701561463
1238,22775.170359627515
1239,22775.170937607803
1240,22775.17027960946
1241,22775.170249320352
1242,22775.170119854305
1243,22775.17014509926
1244,22775.170089969182
1245,22775.17017777356
1246,22775.171191507856
1247,22775.169001821145
1248,22775.170161996954
1249,22775.169842267853
1250,22775.17052566474
1251,22775.169658297098
1252,22775.169242162316
1253,22775.16970791448
1254,22775.17005067283
1255,22775.17015168254
1256,22775.170138925056
1257,22775.16995705708
1258,22775.16894423279
1259,22775.170156463162
1260,22775.170306924167
1261,22775.169540895826
1262,22775.16985526267
1263,22775.16932395121
1264,22775.17054419451
1265,22775.17049474262
1266,22775.17024177036
1267,22775.17013156039
1268,22775.170169127792
1269,22775.170079707328
1270,22775.170338711556
1271,22775.170136712062
1272,22775.169977068093
1273,22775.16984708057
1274,23456.57962182346
1275,23456.579621823294
1276,23456.579621823294
1277,23456.5796218234
1278,23456.579621823337
1279,23456.579621823417
1280,23456.57962182335
1281,23456.579621823446
1282,23456.57962182338
1283,23456.579932618995
1284,23456.57778972809
1285,23456.57970233798
1286,23456.579624385267
1287,23456.57960783402
1288,23456.5801711929
1289,23456.5800401689
1290,23456.57972325865
1291,23456.579602995538
1292,23456.579633101137
1293,23456.579581694405
1294,23456.579755518596
1295,23456.580896502994
1296,23456.578025059833
1297,23456.579670915417
1298,23456.579565909884
1299,23456.579763210888
1300,23456.579198807867
1301,23456.57872073155
1302,23456.578873423863
1303,23456.57947921352
1304,23456.579649228563
1305,23456.579632889534
1306,23456.579468320815
1307,23456.57816470519
1308,23456.579654936868
1309,23456.579754605613
1310,23456.578822903157
1311,23456.579552338717
1312,23456.57871813008
1313,23456.58021216935
1314,23456.579592429607
1315,23456.579804309258
1316,23456.579615548824
1317,23456.579658368417
1318,23456.57955107251
1319,23456.57997591272
1320,23456.579630326873
1321,23456.579429134144
1322,23456.579444054772
1323,21889.385142230683
1324,21889.385142230632
1325,21889.385142230632
1326,21889.385142230592
1327,21889.385142230567
1328,21889.385142230523
1329,21889.38514223055
1330,21889.38514223068
1331,21889.385142230592
1332,21889.385518350504
1333,21889.38346332174
1334,21889.385219196258
1335,21889.38514637177
1336,21889.385220959284
1337,21889.3857433301
1338,21889.38539232906
1339,21889.385271928404
1340,21889.385121037838
1341,21889.385151773244
1342,21889.38510202701
1343,21889.385228857398
1344,21889.38629665791
1345,21889.383813313143
1346,21889.38517693967
1347,21889.38498881175
1348,21889.3853765298
1349,21889.384728286634
1350,21889.384312314472
1351,21889.384551680512
1352,21889.385036530784
1353,21889.38516193231
1354,21889.38514832705
1355,21889.38497918743
1356,21889.38386801303
1357,21889.385167441265
1358,21889.38529439593
1359,21889.384456425105
1360,21889.384996433917
1361,21889.38433005024
1362,21889.385590035738
1363,21889.38527174511
1364,21889.38527237145
1365,21889.38513632987
1366,21889.385173344537
1367,21889.385081548324
1368,21889.38539479973
1369,21889.385145644617
1370,21889.384971617746
1371,21889.38489857808
1372,516934.682756387
1373,516934.6827563871
1374,516934.68275638705
1375,516934.68275638716
1376,516934.6827563872
1377,516934.6827563871
1378,516934.68275638716
1379,516934.6827563871
1380,516934.68275638716
1381,516934.68238329014
1382,516934.68565029005
1383,516934.68306871626
1384,516934.68287354626
1385,516934.6821360256
1386,516934.68201478454
1387,516934.6835232365
1388,516934.6834465505
1389,516934.6836634456
1390,516934.6825859867
1391,516934.6823031622
1392,516934.6819028549
1393,516934.6799914854
1394,516934.68478539045
1395,516934.68266484246
1396,516934.6812129003
1397,516934.68244566815
1398,516934.6812512135
1399,516934.6849003795
1400,516934.68372589204
1401,516934.68228783936
1402,516934.68259887426
1403,516934.68272927875
1404,516934.68285082595
1405,516934.6860016303
1406,516934.6824884269
1407,516934.68272968434
1408,516934.6811783429
1409,516934.68192641996
1410,516934.6843869392
1411,516934.68521691626
1412,516934.6828652808
1413,516934.6820514908
1414,516934.68283586355
1415,516934.68321031757
1416,516934.68263396877
1417,516934.6814726208
1418,516934.6824024851
1419,516934.6828059084
1420,516934.6833966761
1421,16806.451785091733
1422,16806.451785091715
1423,16806.45178509173
1424,16806.45178509169
1425,16806.451785091715
1426,16806.451785091704
1427,16806.451785091722
1428,16806.4517850917
1429,16806.451785091696
1430,16806.451804303728
1431,16806.45251192275
1432,16806.45171571965
1433,16806.451818652586
1434,16806.451733292335
1435,16806.451507938902
1436,16806.451496630933
1437,16806.45178608542
1438,16806.451761015003
1439,16806.45184358852
1440,16806.45180386258
1441,16806.45177880423
1442,16806.451418032735
1443,16806.45220659026
1444,16806.451800277016
1445,16806.45164219849
1446,16806.45170959048
1447,16806.451714426283
1448,16806.45205669318
1449,16806.45193516971
1450,16806.451811263276
1451,16806.45179049361
1452,16806.451785627258
1453,16806.45178558598
1454,16806.452180746746
1455,16806.451838139074
1456,16806.451731439454
1457,16806.451833099483
1458,16806.451694887972
1459,16806.45203509288
1460,16806.451576280557
1461,16806.451923091987
1462,16806.45172544279
1463,16806.45175925485
1464,16806.45176593973
1465,16806.451788487953
1466,16806.451655820154
1467,16806.451820637238
1468,16806.451704601885
1469,16806.451862807524
1470,16871.326228852333
1471,16871.32622885233
1472,16871.326228852307
1473,16871.326228852322
1474,16871.32622885235
1475,16871.326228852344
1476,16871.326228852333
1477,16871.32622885234
1478,16871.32622885234
1479,16871.32633547535
1480,16871.32618997679
1481,16871.326223990724
1482,16871.326251408023
1483,16871.326240716662
1484,16871.325794454726
1485,16871.326054106536
1486,16871.325938813214
1487,16871.32613967119
1488,16871.32627099003
1489,16871.326236923083
1490,16871.32617379533
1491,16871.326408383793
1492,16871.326213586282
1493,16871.326267595316
1494,16871.326044358233
1495,16871.326206231843
1496,16871.32614913934
1497,16871.326145641604
1498,16871.326494739693
1499,16871.32619637497
1500,16871.32623513575
1501,16871.326236984332
1502,16871.32625393841
1503,16871.326051466247
1504,16871.326283293034
1505,16871.326205716763
1506,16871.326301531604
1507,16871.32607443803
1508,16871.32638390167
1509,16871.326097561803
1510,16871.326343265842
1511,16871.326237106023
1512,16871.32621940951
1513,16871.32622163786
1514,16871.326227034886
1515,16871.326287222633
1516,16871.326251055445
1517,16871.326170817687
1518,16871.326252312476
1519,16379.792548025416
1520,16379.792548025389
1521,16379.792548025393
1522,16379.792548025414
1523,16379.792548025394
1524,16379.792548025387
1525,16379.792548025407
1526,16379.792548025405
1527,16379.792548025418
1528,16379.792595542043
1529,16379.79286375074
1530,16379.792509388948
1531,16379.79257518867
1532,16379.792521638643
1533,16379.792163729744
1534,16379.792341754583
1535,16379.79237824046
1536,16379.792481703165
1537,16379.792596225914
1538,16379.792561618322
1539,16379.792517128444
1540,16379.792494326566
1541,16379.792726049198
1542,16379.792572142604
1543,16379.792390077873
1544,16379.792488488822
1545,16379.792483980185
1546,16379.792624519538
1547,16379.79276761565
1548,16379.792539062097
1549,16379.792554522555
1550,16379.792551699367
1551,16379.7925692219
1552,16379.792632967024
1553,16379.792599823004
1554,16379.7925048832
1555,16379.792619065303
1556,16379.7924327093
1557,16379.79277197318
1558,16379.792362563037
1559,16379.792650768892
1560,16379.79252896939
1561,16379.792530959965
1562,16379.792534553833
1563,16379.79255087
1564,16379.792518906495
1565,16379.79257431093
1566,16379.792481420207
1567,16379.792602193424
1568,15634.294103579394
1569,15634.29410357941
1570,15634.294103579423
1571,15634.294103579407
1572,15634.294103579412
1573,15634.29410357941
1574,15634.294103579416
1575,15634.2941035794
1576,15634.294103579412
1577,15634.294162498616
1578,15634.293946308338
1579,15634.294087304846
1580,15634.294129950784
1581,15634.294033950206
1582,15634.294229023333
1583,15634.294092247404
1584,15634.294049058517
1585,15634.294057402067
1586,15634.294128838294
1587,15634.294092230843
1588,15634.29414561028
1589,15634.294139951928
1590,15634.294013230043
1591,15634.294108446058
1592,15634.294003326779
1593,15634.2940464175
1594,15634.294043584094
1595,15634.29398949163
1596,15634.294114958113
1597,15634.29409040311
1598,15634.294109963312
1599,15634.29410002232
1600,15634.294083168283
1601,15634.29398363347
1602,15634.29413367097
1603,15634.294082863677
1604,15634.294006489188
1605,15634.294029940314
1606,15634.29414375252
1607,15634.294067196493
1608,15634.294151188009
1609,15634.294108823884
1610,15634.29409150925
1611,15634.294111529574
1612,15634.294101863341
1613,15634.29410092154
1614,15634.294111368505
1615,15634.29399936227
1616,15634.294095576339
1617,15332.995727427055
1618,15332.995727427044
1619,15332.995727427053
1620,15332.99572742704
1621,15332.995727427056
1622,15332.995727427055
1623,15332.995727427055
1624,15332.995727427056
1625,15332.995727427051
1626,15332.995766563157
1627,15332.995679349664
1628,15332.995712332937
1629,15332.99574664773
1630,15332.995686151622
1631,15332.995724464678
1632,15332.995699451743
1633,15332.995683930169
1634,15332.99568011735
1635,15332.995754599659
1636,15332.995723916374
1637,15332.995741806437
1638,15332.995750172651
1639,15332.99568783845
1640,15332.99573222613
1641,15332.995644667815
1642,15332.995691052576
1643,15332.99566748598
1644,15332.995673980993
1645,15332.995734417073
1646,15332.995716043408
1647,15332.995735009532
1648,15332.995724256347
1649,15332.995717528665
1650,15332.995657385789
1651,15332.995758054343
1652,15332.995719920646
1653,15332.995672726967
1654,15332.995674242373
1655,15332.995783201692
1656,15332.995670243892
1657,15332.995777659095
1658,15332.99572687865
1659,15332.995713556189
1660,15332.995728938336
1661,15332.99572562565
1662,15332.995724318487
1663,15332.995737154617
1664,15332.995655633546
1665,15332.995728408885
1666,14972.926384184988
1667,14972.926384184975
1668,14972.926384184973
1669,14972.926384184999
1670,14972.926384184993
1671,14972.926384184986
1672,14972.926384184988
1673,14972.926384184982
1674,14972.926384184986
1675,14972.92640720442
1676,14972.92638970963
1677,14972.926376591317
1678,14972.926394670469
1679,14972.926376094452
1680,14972.926338052188
1681,14972.92636665616
1682,14972.926387187785
1683,14972.926342463155
1684,14972.926408325013
1685,14972.926384170412
1686,14972.926380453762
1687,14972.926397507003
1688,14972.92635879792
1689,14972.926384182689
1690,14972.926336714174
1691,14972.926381527794
1692,14972.926327369141
1693,14972.926370141708
1694,14972.926342085904
1695,14972.926378726628
1696,14972.926392996014
1697,14972.926379792043
1698,14972.9263769396
1699,14972.926347993276
1700,14972.92640970502
1701,14972.926398221081
1702,14972.926346118471
1703,14972.926365179403
1704,14972.926416660905
1705,14972.92633659338
1706,14972.926429186677
1707,14972.926379555345
1708,14972.926369507542
1709,14972.926382833859
1710,14972.926380934467
1711,14972.926381941103
1712,14972.92639251464
1713,14972.926347978124
1714,14972.926380442037
1715,14598.904868057785
1716,14598.904868057793
1717,14598.90486805779
1718,14598.904868057789
1719,14598.90486805778
1720,14598.904868057774
1721,14598.904868057774
1722,14598.904868057793
1723,14598.904868057773
1724,14598.904880611577
1725,14598.904926543657
1726,14598.904865316092
1727,14598.904875096443
1728,14598.904865787903
1729,14598.90492337535
1730,14598.904875043216
1731,14598.904866764404
1732,14598.904827935217
1733,14598.904890962918
1734,14598.904865670846
1735,14598.904862415095
1736,14598.904755137784
1737,14598.904941897967
1738,14598.90486844522
1739,14598.904847386824
1740,14598.90486159155
1741,14598.904863321894
1742,14598.904881312203
1743,14598.904869597192
1744,14598.90488217918
1745,14598.904873710973
1746,14598.904864416314
1747,14598.904873595113
1748,14598.904925843104
1749,14598.904890158718
1750,14598.904873824606
1751,14598.904889053258
1752,14598.904872115945
1753,14598.904944686032
1754,14598.904830807227
1755,14598.904900326632
1756,14598.904857331652
1757,14598.90485899566
1758,14598.904869785272
1759,14598.904867755162
1760,14598.904860189288
1761,14598.90487529512
1762,14598.90485464007
1763,14598.904878351446
1764,14330.358874481492
1765,14330.358874481499
1766,14330.35887448149
1767,14330.358874481495
1768,14330.358874481493
1769,14330.358874481495
1770,14330.358874481495
1771,14330.358874481493
1772,14330.3588744815
1773,14330.358878490237
1774,14330.358910581044
1775,14330.358887418057
1776,14330.358877966415
1777,14330.358884985957
1778,14330.358945232643
1779,14330.35888930232
1780,14330.358895427618
1781,14330.358836207772
1782,14330.358888391795
1783,14330.35886932346
1784,14330.358868565643
1785,14330.358779966258
1786,14330.358915918858
1787,14330.35887016467
1788,14330.35887929133
1789,14330.358885556037
1790,14330.358869953247
1791,14330.35888867597
1792,14330.358841810892
1793,14330.358899114392
1794,14330.358880361871
1795,14330.35886976159
1796,14330.358877333296
1797,14330.3589135143
1798,14330.358885528232
1799,14330.358892881251
1800,14330.358887205353
1801,14330.358900339728
1802,14330.35891691487
1803,14330.358868835781
1804,14330.358895473606
1805,14330.35886715422
1806,14330.358867343406
1807,14330.35887919108
1808,14330.358874087084
1809,14330.358879076715
1810,14330.35887586202
1811,14330.358877456352
1812,14330.358876543256
1813,13937.548280933346
1814,13937.548280933343
1815,13937.548280933352
1816,13937.548280933346
1817,13937.548280933339
1818,13937.54828093335
1819,13937.548280933344
1820,13937.548280933352
1821,13937.548280933346
1822,13937.54823782821
1823,13937.548468203855
1824,13937.548302026724
1825,13937.548282936335
1826,13937.548297804658
1827,13937.548177523367
1828,13937.548242960522
1829,13937.548315137345
1830,13937.548248176765
1831,13937.54828471816
1832,13937.548273531193
1833,13937.548267879887
1834,13937.548208453363
1835,13937.548364546967
1836,13937.548273986651
1837,13937.548327287215
1838,13937.548305082582
1839,13937.548258976196
1840,13937.548388063766
1841,13937.548227343244
1842,13937.548314318206
1843,13937.548287866652
1844,13937.548275485173
1845,13937.548275019773
1846,13937.548358554417
1847,13937.54828003517
1848,13937.548300808137
1849,13937.548312244995
1850,13937.548337854512
1851,13937.548311839686
1852,13937.548251261254
1853,13937.548303697853
1854,13937.54826914968
1855,13937.54827018277
1856,13937.54828983299
1857,13937.548290023886
1858,13937.548283838236
1859,13937.548277852653
1860,13937.548309822141
1861,13937.548277001679
1862,13675.37581361925
1863,13675.375813619255
1864,13675.375813619255
1865,13675.375813619254
1866,13675.375813619245
1867,13675.37581361924
1868,13675.375813619237
1869,13675.375813619252
1870,13675.37581361925
1871,13675.375775559882
1872,13675.375920443228
1873,13675.375846402574
1874,13675.375818824257
1875,13675.37582462281
1876,13675.375772789526
1877,13675.375810166643
1878,13675.37580965899
1879,13675.375769631653
1880,13675.375810683969
1881,13675.375797580165
1882,13675.375808212948
1883,13675.375772002819
1884,13675.375839701563
1885,13675.375807053475
1886,13675.375869225134
1887,13675.375836232539
1888,13675.375810496751
1889,13675.37588100716
1890,13675.375786328561
1891,13675.37584218744
1892,13675.375819272123
1893,13675.375808038185
1894,13675.37580618602
1895,13675.375848809386
1896,13675.375806748498
1897,13675.375825670288
1898,13675.375855934817
1899,13675.375868934874
1900,13675.37582683615
1901,13675.375800097645
1902,13675.375796028127
1903,13675.3758073422
1904,13675.375805865251
1905,13675.375831060399
1906,13675.37582591377
1907,13675.375835819446
1908,13675.375806032633
1909,13675.375843104068
1910,13675.375804976013
1911,13319.081080378663
1912,13319.081080378666
1913,13319.081080378666
1914,13319.081080378668
1915,13319.081080378653
1916,13319.081080378659
1917,13319.081080378663
1918,13319.081080378663
1919,13319.081080378659
1920,13319.081076585791
1921,13319.081079915075
1922,13319.081121622827
1923,13319.081090277079
1924,13319.08108793457
1925,13319.081076168424
1926,13319.081094493242
1927,13319.081022176817
1928,13319.081018669145
1929,13319.081072146942
1930,13319.081055687926
1931,13319.081082964673
1932,13319.081108914179
1933,13319.08101619122
1934,13319.081075447295
1935,13319.081112235433
1936,13319.081101668278
1937,13319.081085237829
1938,13319.081091060301
1939,13319.081095536318
1940,13319.081092238215
1941,13319.081083386842
1942,13319.08107465107
1943,13319.081063212416
1944,13319.081035042924
1945,13319.081071165263
1946,13319.08108129974
1947,13319.08113110598
1948,13319.081105978137
1949,13319.081057976977
1950,13319.081072765732
1951,13319.081027631179
1952,13319.081074575823
1953,13319.081075652597
1954,13319.081105033505
1955,13319.081094873585
1956,13319.081122517127
1957,13319.081068443777
1958,13319.08109309119
1959,13319.081064636885
1960,13048.462292355554
1961,13048.46229235554
1962,13048.462292355547
1963,13048.462292355542
1964,13048.46229235554
1965,13048.46229235554
1966,13048.462292355543
1967,13048.462292355538
1968,13048.462292355542
1969,13048.462336434168
1970,13048.462244685183
1971,13048.462329304646
1972,13048.462307285326
1973,13048.46231123986
1974,13048.462329257765
1975,13048.462317220377
1976,13048.462221103378
1977,13048.462231085103
1978,13048.462281929484
1979,13048.462263747831
1980,13048.46229640919
1981,13048.462333172087
1982,13048.462213941666
1983,13048.462285364178
1984,13048.462282098768
1985,13048.462326263361
1986,13048.462281280988
1987,13048.46227589011
1988,13048.462323679478
1989,13048.462290996235
1990,13048.462292264172
1991,13048.462285539874
1992,13048.462263417516
1993,13048.462221018646
1994,13048.462283262876
1995,13048.462285753594
1996,13048.462341397015
1997,13048.46227616374
1998,13048.462245130944
1999,13048.462277094235
2000,13048.46225778018
2001,13048.46227845698
2002,13048.462289308387
2003,13048.462319099162
2004,13048.462307204052
2005,13048.462331300689
2006,13048.462277797937
2007,13048.462286520966
2008,13048.462273764639
2009,12756.591387659804
2010,12756.591387659797
2011,12756.5913876598
2012,12756.591387659808
2013,12756.5913876598
2014,12756.591387659806
2015,12756.591387659806
2016,12756.591387659813
2017,12756.591387659813
2018,12756.591449348636
2019,12756.591177404862
2020,12756.591411984871
2021,12756.591402331303
2022,12756.591395687208
2023,12756.591470594829
2024,12756.591496863735
2025,12756.59131834923
2026,12756.591470565534
2027,12756.591382856972
2028,12756.591350394563
2029,12756.591419374796
2030,12756.591524880827
2031,12756.591176046486
2032,12756.591384691561
2033,12756.59135075342
2034,12756.591416553654
2035,12756.591382946717
2036,12756.591325730418
2037,12756.591395207375
2038,12756.591347032583
2039,12756.591382866167
2040,12756.591380473672
2041,12756.591339359284
2042,12756.591220731028
2043,12756.591393428065
2044,12756.591360424945
2045,12756.591384784479
2046,12756.591341217001
2047,12756.591322695644
2048,12756.59136028478
2049,12756.591283457854
2050,12756.59136416781
2051,12756.591388892393
2052,12756.591416541385
2053,12756.59139826752
2054,12756.591429579945
2055,12756.591375461107
2056,12756.591351959338
2057,12756.591366025406
2058,12367.905735379745
2059,12367.905735379742
2060,12367.905735379742
2061,12367.905735379745
2062,12367.905735379736
2063,12367.905735379743
2064,12367.905735379743
2065,12367.905735379745
2066,12367.905735379743
2067,12367.90579456266
2068,12367.905613218545
2069,12367.905750039992
2070,12367.905754718977
2071,12367.905735609684
2072,12367.905799384687
2073,12367.90581552219
2074,12367.9056668203
2075,12367.905802012605
2076,12367.905729665374
2077,12367.905704273871
2078,12367.905764698246
2079,12367.905811720688
2080,12367.905599053465
2081,12367.905728486008
2082,12367.905683683337
2083,12367.905744411793
2084,12367.905729903885
2085,12367.905706510217
2086,12367.905755079379
2087,12367.905702901726
2088,12367.905730162336
2089,12367.905726926656
2090,12367.905696400738
2091,12367.905624999883
2092,12367.905739184094
2093,12367.905699119316
2094,12367.905748069159
2095,12367.905678754016
2096,12367.905704095294
2097,12367.905688812483
2098,12367.90565932633
2099,12367.90570600878
2100,12367.905735439295
2101,12367.905759124842
2102,12367.905747862971
2103,12367.905758597053
2104,12367.905721361245
2105,12367.905694576191
2106,12367.905731269248
2107,12306.798388140265
2108,12306.79838814029
2109,12306.798388140274
2110,12306.798388140302
2111,12306.798388140287
2112,12306.798388140269
2113,12306.798388140272
2114,12306.798388140258
2115,12306.798388140258
2116,12306.798084132877
2117,12306.798318849258
2118,12306.798366510415
2119,12306.798371612853
2120,12306.79808103
2121,12306.798447172056
2122,12306.798160427299
2123,12306.798396242244
2124,12306.798341500398
2125,12306.79836895018
2126,12306.798380725515
2127,12306.79854862078
2128,12306.798359521985
2129,12306.79823851103
2130,12306.798325516183
2131,12306.798565633682
2132,12306.798095999897
2133,12306.798530522023
2134,12306.798297926001
2135,12306.798519520271
2136,12306.798405123938
2137,12306.798373019865
2138,12306.798355004905
2139,12306.798378635513
2140,12306.798305700391
2141,12306.798365834222
2142,12306.798287537857
2143,12306.798286613182
2144,12306.798604821288
2145,12306.798380523742
2146,12306.798555453875
2147,12306.798212253761
2148,12306.798314566577
2149,12306.798390154061
2150,12306.798384987216
2151,12306.79838280496
2152,12306.798282212903
2153,12306.798344182387
2154,12306.798313955995
2155,12306.79842390221
2156,11651.045851606143
2157,11651.045851606152
2158,11651.045851606154
2159,11651.045851606155
2160,11651.045851606152
2161,11651.045851606154
2162,11651.045851606159
2163,11651.04585160616
2164,11651.045851606159
2165,11651.045815874837
2166,11651.045810056217
2167,11651.045850881434
2168,11651.045865660471
2169,11651.045775022769
2170,11651.04589968389
2171,11651.045855538556
2172,11651.045819216373
2173,11651.045883421679
2174,11651.045841515888
2175,11651.045829620036
2176,11651.045909348008
2177,11651.045871717335
2178,11651.0457478947
2179,11651.045831371881
2180,11651.045851180266
2181,11651.045778994989
2182,11651.045878421606
2183,11651.045847522866
2184,11651.04587383224
2185,11651.045835905095
2186,11651.04584478983
2187,11651.045837543052
2188,11651.045825875119
2189,11651.04579125387
2190,11651.045847754087
2191,11651.045800842036
2192,11651.04584126599
2193,11651.045860503224
2194,11651.045836884148
2195,11651.045838237493
2196,11651.045752945776
2197,11651.045808984369
2198,11651.04585003566
2199,11651.045865990673
2200,11651.045860369626
2201,11651.04583459613
2202,11651.045830214212
2203,11651.045805448683
2204,11651.045863794672
2205,11304.820917331406
2206,11304.820917331417
2207,11304.820917331406
2208,11304.820917331423
2209,11304.82091733141
2210,11304.820917331419
2211,11304.820917331394
2212,11304.820917331388
2213,11304.820917331406
2214,11304.821054975519
2215,11304.82094052415
2216,11304.820924729233
2217,11304.82092594503
2218,11304.821000230595
2219,11304.821147758714
2220,11304.821000848031
2221,11304.821026569767
2222,11304.820847301798
2223,11304.820893720691
2224,11304.820919594225
2225,11304.820940743313
2226,11304.820777103747
2227,11304.821095376738
2228,11304.82084486425
2229,11304.820805301051
2230,11304.820975424049
2231,11304.820863736051
2232,11304.8209103623
2233,11304.820831110543
2234,11304.820956046777
2235,11304.820898292224
2236,11304.820886956302
2237,11304.820934677682
2238,11304.821044757295
2239,11304.820873732688
2240,11304.8208562404
2241,11304.82090406368
2242,11304.8208302782
2243,11304.820881454789
2244,11304.820864473815
2245,11304.821074972437
2246,11304.820856479264
2247,11304.820930767904
2248,11304.820914962424
2249,11304.8209009658
2250,11304.820829434888
2251,11304.820875131425
2252,11304.820884234921
2253,11304.820968544063
2254,10973.419695387913
2255,10973.419695387909
2256,10973.419695387915
2257,10973.419695387922
2258,10973.41969538792
2259,10973.419695387907
2260,10973.419695387916
2261,10973.419695387915
2262,10973.419695387924
2263,10973.419715250897
2264,10973.419702303401
2265,10973.419696141053
2266,10973.419708882695
2267,10973.41967621335
2268,10973.419831371015
2269,10973.419725834869
2270,10973.419736809954
2271,10973.419681603073
2272,10973.419678365077
2273,10973.419682998503
2274,10973.419738641911
2275,10973.419632689545
2276,10973.419715359629
2277,10973.41965421108
2278,10973.419657423647
2279,10973.419672647546
2280,10973.419682715938
2281,10973.419703796717
2282,10973.419661885931
2283,10973.419705257462
2284,10973.419684762446
2285,10973.419674755314
2286,10973.419686328296
2287,10973.41972155987
2288,10973.419673877916
2289,10973.419647737797
2290,10973.419676552527
2291,10973.419676749452
2292,10973.41966578695
2293,10973.419668237035
2294,10973.419699458631
2295,10973.419645117741
2296,10973.419697811181
2297,10973.4197037355
2298,10973.419694043923
2299,10973.419644852844
2300,10973.419665034728
2301,10973.419660024718
2302,10973.41971504454
2303,11097.598355306243
2304,11097.598355306247
2305,11097.598355306229
2306,11097.598355306243
2307,11097.59835530624
2308,11097.598355306258
2309,11097.598355306236
2310,11097.598355306234
2311,11097.598355306225
2312,11097.598344464848
2313,11097.59840469611
2314,11097.598398992934
2315,11097.598351643923
2316,11097.598358223991
2317,11097.598170113059
2318,11097.598218922896
2319,11097.598301900176
2320,11097.598301706312
2321,11097.598349106234
2322,11097.598359445445
2323,11097.598382418797
2324,11097.598409916412
2325,11097.598237705153
2326,11097.598336278927
2327,11097.598344524475
2328,11097.598303538349
2329,11097.59838510016
2330,11097.598376656262
2331,11097.598347863934
2332,11097.598394342525
2333,11097.598357744595
2334,11097.598344539947
2335,11097.59840724027
2336,11097.598308036757
2337,11097.598339117496
2338,11097.598348931795
2339,11097.598387450984
2340,11097.598414511103
2341,11097.598375194466
2342,11097.59841678132
2343,11097.598341269088
2344,11097.598330188019
2345,11097.598346492545
2346,11097.598354825052
2347,11097.598348732783
2348,11097.598374058243
2349,11097.598335465365
2350,11097.598340026016
2351,11097.59841956549
2352,10763.989588196282
2353,10763.989588196284
2354,10763.989588196284
2355,10763.989588196286
2356,10763.989588196282
2357,10763.98958819628
2358,10763.989588196282
2359,10763.989588196286
2360,10763.989588196282
2361,10763.98958826259
2362,10763.98961474288
2363,10763.989606547042
2364,10763.989592684731
2365,10763.989574089963
2366,10763.989579098172
2367,10763.989539127575
2368,10763.989585313437
2369,10763.989566146
2370,10763.989577511307
2371,10763.989585339861
2372,10763.989620777453
2373,10763.989589250032
2374,10763.989543378317
2375,10763.989558368214
2376,10763.989564738033
2377,10763.989551947589
2378,10763.98959793095
2379,10763.98960391378
2380,10763.989567426781
2381,10763.989606792436
2382,10763.989583442723
2383,10763.989572941979
2384,10763.989602757156
2385,10763.989576204298
2386,10763.98957206584
2387,10763.98956077768
2388,10763.98959039514
2389,10763.989604836588
2390,10763.989586617976
2391,10763.989593335087
2392,10763.989576084792
2393,10763.989550316634
2394,10763.98958535594
2395,10763.989591277532
2396,10763.98958753487
2397,10763.989569246749
2398,10763.989564153713
2399,10763.98956445884
2400,10763.989620982275
2401,10732.861368279682
2402,10732.861368279691
2403,10732.861368279691
2404,10732.86136827969
2405,10732.86136827968
2406,10732.86136827969
2407,10732.861368279693
2408,10732.861368279682
2409,10732.861368279675
2410,10732.861288314583
2411,10732.861324960082
2412,10732.861375883993
2413,10732.86136241996
2414,10732.861308640866
2415,10732.86139396921
2416,10732.861299138563
2417,10732.861379206974
2418,10732.861385741759
2419,10732.861354787936
2420,10732.861370148492
2421,10732.861427659973
2422,10732.861346537175
2423,10732.86135383414
2424,10732.861314752623
2425,10732.861409818632
2426,10732.861293001251
2427,10732.861434021868
2428,10732.861329420313
2429,10732.861393929583
2430,10732.861391916127
2431,10732.861353931406
2432,10732.861343938248
2433,10732.861386551316
2434,10732.861376387435
2435,10732.861344022718
2436,10732.861313743098
2437,10732.861353724293
2438,10732.861444171269
2439,10732.861364838158
2440,10732.861444057799
2441,10732.861368693772
2442,10732.861315631839
2443,10732.861376929764
2444,10732.861367854759
2445,10732.861362771968
2446,10732.861316292607
2447,10732.86133357857
2448,10732.861350670992
2449,10732.861437443466
2450,10618.23801178586
2451,10618.238011785863
2452,10618.238011785863
2453,10618.238011785854
2454,10618.238011785863
2455,10618.238011785856
2456,10618.238011785857
2457,10618.238011785856
2458,10618.23801178586
2459,10618.237972121438
2460,10618.238019434242
2461,10618.238025530625
2462,10618.238011801845
2463,10618.23797362427
2464,10618.238012850092
2465,10618.237945809902
2466,10618.2380114891
2467,10618.238005102452
2468,10618.238000098898
2469,10618.238011026258
2470,10618.238056048081
2471,10618.23800345504
2472,10618.237977202638
2473,10618.237972660065
2474,10618.238020460169
2475,10618.237953934593
2476,10618.238044583308
2477,10618.23800600243
2478,10618.238013693215
2479,10618.238032468254
2480,10618.238003205952
2481,10618.237992917775
2482,10618.238028378999
2483,10618.238009144994
2484,10618.237992584593
2485,10618.237972944798
2486,10618.238009829203
2487,10618.238059600817
2488,10618.238008362236
2489,10618.238050083159
2490,10618.238001002164
2491,10618.237967533007
2492,10618.238013260412
2493,10618.238013341506
2494,10618.238010062714
2495,10618.23797997404
2496,10618.237983364383
2497,10618.237991333379
2498,10618.238057808012
2499,10335.720064894653
2500,10335.720064894638
2501,10335.720064894653
2502,10335.720064894647
2503,10335.720064894638
2504,10335.720064894645
2505,10335.720064894662
2506,10335.720064894653
2507,10335.720064894647
2508,10335.720087820075
2509,10335.719938508739
2510,10335.720078431325
2511,10335.720074763514
2512,10335.720119497453
2513,10335.72020473205
2514,10335.720212165004
2515,10335.72012777331
2516,10335.720052825407
2517,10335.720056956116
2518,10335.720056775086
2519,10335.720082574306
2520,10335.720044528387
2521,10335.720108222855
2522,10335.720034020345
2523,10335.720060486005
2524,10335.720126157112
2525,10335.72003030857
2526,10335.720065734766
2527,10335.719973778287
2528,10335.720076383946
2529,10335.720053519366
2530,10335.720050587228
2531,10335.720067490474
2532,10335.720088177508
2533,10335.720050048456
2534,10335.720046779332
2535,10335.72005246492
2536,10335.720067099242
2537,10335.720025942774
2538,10335.720050441698
2539,10335.720135806107
2540,10335.720036960542
2541,10335.720076649539
2542,10335.720074988874
2543,10335.720057378292
2544,10335.720047875639
2545,10335.72004531465
2546,10335.720079343553
2547,10335.720091138537
2548,10102.807588507641
2549,10102.807588507654
2550,10102.807588507654
2551,10102.80758850765
2552,10102.807588507654
2553,10102.807588507652
2554,10102.807588507645
2555,10102.807588507645
2556,10102.80758850764
2557,10102.807541098266
2558,10102.807529295502
2559,10102.807597305544
2560,10102.807595302555
2561,10102.807587607404
2562,10102.807623906025
2563,10102.807648951504
2564,10102.807597306215
2565,10102.807559412562
2566,10102.807584921398
2567,10102.807581747951
2568,10102.80761162172
2569,10102.807595853716
2570,10102.80757867175
2571,10102.807566813646
2572,10102.807617883464
2573,10102.807591669341
2574,10102.807584853366
2575,10102.807600318696
2576,10102.807554348561
2577,10102.807592754776
2578,10102.807580342871
2579,10102.80757704811
2580,10102.807586268651
2581,10102.807586619814
2582,10102.80758323777
2583,10102.807567141379
2584,10102.807585475277
2585,10102.807626471198
2586,10102.807567227968
2587,10102.8075992583
2588,10102.807588621195
2589,10102.807562155796
2590,10102.80759504403
2591,10102.807597133135
2592,10102.80759149519
2593,10102.807582432808
2594,10102.807572232
2595,10102.807602075336
2596,10102.80760888267
2597,9896.672942956073
2598,9896.672942956075
2599,9896.672942956082
2600,9896.672942956071
2601,9896.67294295608
2602,9896.672942956073
2603,9896.672942956073
2604,9896.672942956076
2605,9896.672942956067
2606,9896.672912116988
2607,9896.672912846156
2608,9896.672946616543
2609,9896.672952422827
2610,9896.672945291064
2611,9896.672913930657
2612,9896.672965254076
2613,9896.672905815758
2614,9896.672896639833
2615,9896.672944671984
2616,9896.672937521245
2617,9896.672956071794
2618,9896.67297190565
2619,9896.67292372492
2620,9896.672929429762
2621,9896.672947717787
2622,9896.67294154466
2623,9896.672937783354
2624,9896.672958032557
2625,9896.672944972635
2626,9896.672937944899
2627,9896.672935710281
2628,9896.67293448477
2629,9896.672936077299
2630,9896.672932141042
2631,9896.672948189791
2632,9896.672918891865
2633,9896.672960400783
2634,9896.672954688973
2635,9896.672943404074
2636,9896.672941240704
2637,9896.672944630052
2638,9896.67291956021
2639,9896.6729486748
2640,9896.67295009495
2641,9896.6729527001
2642,9896.67294595717
2643,9896.672930525589
2644,9896.672950144713
2645,9896.672965834723
2646,9630.70097975457
2647,9630.700979754569
2648,9630.700979754578
2649,9630.700979754576
2650,9630.700979754582
2651,9630.700979754582
2652,9630.700979754572
2653,9630.700979754574
2654,9630.700979754576
2655,9630.700934736553
2656,9630.700949306525
2657,9630.70097693599
2658,9630.70098837373
2659,9630.700972121002
2660,9630.70093664771
2661,9630.700984117324
2662,9630.700936810725
2663,9630.700935281633
2664,9630.700984180867
2665,9630.700975434065
2666,9630.70099517874
2667,9630.701011527955
2668,9630.700962476882
2669,9630.700970255994
2670,9630.700992051377
2671,9630.700974213558
2672,9630.700976480102
2673,9630.700983829685
2674,9630.700999914883
2675,9630.700971913724
2676,9630.700972492792
2677,9630.700973343855
2678,9630.700961120712
2679,9630.70097007875
2680,9630.700990865469
2681,9630.700958774749
2682,9630.700984047597
2683,9630.700991939962
2684,9630.700984048013
2685,9630.700989801911
2686,9630.700980488538
2687,9630.700957572166
2688,9630.700985217845
2689,9630.700985619047
2690,9630.70099177362
2691,9630.70097686288
2692,9630.700970553497
2693,9630.700984433155
2694,9630.70099678663
2695,9238.232452495145
2696,9238.232452495144
2697,9238.232452495144
2698,9238.23245249514
2699,9238.232452495138
2700,9238.23245249514
2701,9238.232452495147
2702,9238.232452495147
2703,9238.232452495147
2704,9238.232371900796
2705,9238.232421630764
2706,9238.232473340293
2707,9238.23244759093
2708,9238.23240482281
2709,9238.23234680319
2710,9238.232340198487
2711,9238.232340176955
2712,9238.232548109485
2713,9238.23246246804
2714,9238.232456973836
2715,9238.232470572406
2716,9238.232538722434
2717,9238.232289390806
2718,9238.23245928858
2719,9238.232479023316
2720,9238.232391096022
2721,9238.232480610894
2722,9238.232441531574
2723,9238.232523844517
2724,9238.232451546843
2725,9238.232453969349
2726,9238.232453554003
2727,9238.232423880167
2728,9238.232343522373
2729,9238.232472942014
2730,9238.232449646723
2731,9238.23248301004
2732,9238.232494097716
2733,9238.232453776573
2734,9238.232505950631
2735,9238.232385620371
2736,9238.232449941175
2737,9238.232449641517
2738,9238.232448896706
2739,9238.2324775468
2740,9238.232506146984
2741,9238.232455568519
2742,9238.232450735562
2743,9238.232465217632
2744,9075.08124790301
2745,9075.08124790301
2746,9075.081247903016
2747,9075.081247903025
2748,9075.081247903016
2749,9075.08124790303
2750,9075.081247903006
2751,9075.081247903021
2752,9075.081247903025
2753,9075.081217369812
2754,9075.081529417377
2755,9075.081266162777
2756,9075.081255117213
2757,9075.081255452378
2758,9075.081239118259
2759,9075.08112117324
2760,9075.081241222331
2761,9075.081245090258
2762,9075.081261044395
2763,9075.081274458393
2764,9075.081245433787
2765,9075.081069489275
2766,9075.081420538409
2767,9075.0812528897
2768,9075.081224316315
2769,9075.08124474093
2770,9075.081236030263
2771,9075.08125612129
2772,9075.081286606108
2773,9075.081284625723
2774,9075.081253164512
2775,9075.08125439334
2776,9075.081209806558
2777,9075.081377456048
2778,9075.08125566818
2779,9075.081242726841
2780,9075.081285055667
2781,9075.081238201517
2782,9075.081245295525
2783,9075.081265676943
2784,9075.081283232515
2785,9075.081223595214
2786,9075.081232939965
2787,9075.081221436732
2788,9075.08127722594
2789,9075.081218936726
2790,9075.081269934564
2791,9075.081246801417
2792,9075.081258540746
2793,8968.018547221616
2794,8968.018547221607
2795,8968.018547221616
2796,8968.018547221604
2797,8968.018547221607
2798,8968.018547221614
2799,8968.018547221605
2800,8968.018547221605
2801,8968.018547221604
2802,8968.018501088582
2803,8968.018441604103
2804,8968.018570679145
2805,8968.018548765227
2806,8968.018541169193
2807,8968.018536295793
2808,8968.018544989001
2809,8968.018501505301
2810,8968.01861836459
2811,8968.01855899882
2812,8968.018558407255
2813,8968.018560420895
2814,8968.018620161612
2815,8968.018445121832
2816,8968.018557135136
2817,8968.018556988774
2818,8968.01854758152
2819,8968.018559028558
2820,8968.018520916865
2821,8968.018575007218
2822,8968.018547314796
2823,8968.01854946769
2824,8968.01855245006
2825,8968.018504622976
2826,8968.018475552537
2827,8968.018564957045
2828,8968.018549953149
2829,8968.01853830525
2830,8968.018557675834
2831,8968.018533582434
2832,8968.018596030188
2833,8968.018520411877
2834,8968.018549018654
2835,8968.018546082792
2836,8968.01853605469
2837,8968.018566217768
2838,8968.018580765643
2839,8968.01856240991
2840,8968.01854747349
2841,8968.018548312606
2842,8895.89019042504
2843,8895.890190425052
2844,8895.890190425052
2845,8895.890190425047
2846,8895.890190425047
2847,8895.890190425049
2848,8895.890190425043
2849,8895.89019042505
2850,8895.890190425049
2851,8895.89016708921
2852,8895.89020013354
2853,8895.890209623487
2854,8895.890195020474
2855,8895.890195372598
2856,8895.890180668213
2857,8895.890154375038
2858,8895.890153260652
2859,8895.890241316767
2860,8895.890200428797
2861,8895.890203450657
2862,8895.890195132439
2863,8895.890191087094
2864,8895.890170191842
2865,8895.890195856484
2866,8895.890177116002
2867,8895.890193880969
2868,8895.89019044633
2869,8895.890180004368
2870,8895.890217635617
2871,8895.890198982182
2872,8895.890192326093
2873,8895.890193962477
2874,8895.890152922291
2875,8895.890179737711
2876,8895.890204110416
2877,8895.89018956072
2878,8895.890201242868
2879,8895.89018586773
2880,8895.890182859976
2881,8895.890219877507
2882,8895.890189392097
2883,8895.890183356381
2884,8895.890186306051
2885,8895.890177712052
2886,8895.890211408938
2887,8895.890204126139
2888,8895.890202662424
2889,8895.890189132442
2890,8895.890197118919
2891,8827.344379149165
2892,8827.34437914917
2893,8827.344379149163
2894,8827.344379149166
2895,8827.344379149166
2896,8827.344379149165
2897,8827.344379149155
2898,8827.344379149166
2899,8827.34437914916
2900,8827.344382151174
2901,8827.344425226645
2902,8827.344399649626
2903,8827.344386195678
2904,8827.344405021759
2905,8827.344405666217
2906,8827.344352701608
2907,8827.344372481433
2908,8827.344411300968
2909,8827.34438777814
2910,8827.344396115874
2911,8827.344377159805
2912,8827.344342291302
2913,8827.344416086435
2914,8827.344382870251
2915,8827.344345974105
2916,8827.34440352828
2917,8827.344371462315
2918,8827.344372600595
2919,8827.344386376779
2920,8827.34439538802
2921,8827.344381290177
2922,8827.34438308935
2923,8827.344342375563
2924,8827.344407898225
2925,8827.344387415276
2926,8827.34438126387
2927,8827.34438730005
2928,8827.344358814997
2929,8827.34436919633
2930,8827.344402464294
2931,8827.344404192276
2932,8827.344368124064
2933,8827.344373439799
2934,8827.344362379157
2935,8827.344397969528
2936,8827.344377911113
2937,8827.344392975272
2938,8827.344377246764
2939,8827.344386041632
2940,8730.528641330091
2941,8730.528641330102
2942,8730.528641330102
2943,8730.5286413301
2944,8730.528641330098
2945,8730.528641330091
2946,8730.528641330093
2947,8730.528641330096
2948,8730.528641330091
2949,8730.528668787447
2950,8730.528691389045
2951,8730.528661601065
2952,8730.528650391123
2953,8730.528677709388
2954,8730.528699032146
2955,8730.528642981797
2956,8730.528654481588
2957,8730.5286647041
2958,8730.528648188438
2959,8730.528659339372
2960,8730.528636950447
2961,8730.52858532615
2962,8730.528704927125
2963,8730.528643532934
2964,8730.528595142223
2965,8730.528675426778
2966,8730.528629815857
2967,8730.528638816402
2968,8730.528630826673
2969,8730.528658891322
2970,8730.528643145542
2971,8730.528644649834
2972,8730.528611550544
2973,8730.528690824402
2974,8730.528645584534
2975,8730.528642813017
2976,8730.52864851305
2977,8730.528611669495
2978,8730.528635519426
2979,8730.52864983554
2980,8730.528676439793
2981,8730.528629981149
2982,8730.528635977862
2983,8730.52862344099
2984,8730.528655498278
2985,8730.528633325754
2986,8730.528654372769
2987,8730.528636404091
2988,8730.528652467741
2989,8592.302818120497
2990,8592.302818120497
2991,8592.302818120512
2992,8592.302818120497
2993,8592.3028181205
2994,8592.302818120497
2995,8592.302818120505
2996,8592.302818120503
2997,8592.3028181205
2998,8592.302841280918
2999,8592.302828433105
3000,8592.302839170645
3001,8592.30282733802
3002,8592.302848766863
3003,8592.30289786281
3004,8592.302876172876
3005,8592.302855916312
3006,8592.302837173787
3007,8592.302824523898
3008,8592.302839367241
3009,8592.302821013905
3010,8592.302771873305
3011,8592.302878252302
3012,8592.302822909885
3013,8592.302789385769
3014,8592.302851617664
3015,8592.302811956142
3016,8592.302813779697
3017,8592.302786537677
3018,8592.302830619143
3019,8592.302820322968
3020,8592.302822855268
3021,8592.302796693206
3022,8592.302871742397
3023,8592.302820915897
3024,8592.30282023136
3025,8592.30280800204
3026,8592.302801418597
3027,8592.302815802519
3028,8592.302824418715
3029,8592.302837680776
3030,8592.302810566205
3031,8592.302814031069
3032,8592.302796623217
3033,8592.302824711793
3034,8592.302806894913
3035,8592.302834700084
3036,8592.302811392412
3037,8592.302829103308
3038,8385.79420531989
3039,8385.794205319879
3040,8385.794205319879
3041,8385.794205319882
3042,8385.794205319884
3043,8385.794205319893
3044,8385.794205319882
3045,8385.794205319888
3046,8385.794205319886
3047,8385.794215966169
3048,8385.79418435594
3049,8385.794227988616
3050,8385.794212542995
3051,8385.79421640371
3052,8385.794254133938
3053,8385.794283845744
3054,8385.794232778697
3055,8385.794238567702
3056,8385.794210760112
3057,8385.794225450407
3058,8385.794218829422
3059,8385.794194983084
3060,8385.794209225469
3061,8385.794212449051
3062,8385.794199695056
3063,8385.794216930668
3064,8385.79420981987
3065,8385.79421037007
3066,8385.794172566963
3067,8385.794208788424
3068,8385.79420822793
3069,8385.794210072201
3070,8385.79419777395
3071,8385.794233933613
3072,8385.794209733162
3073,8385.794205502913
3074,8385.794193106496
3075,8385.794211809498
3076,8385.79420916306
3077,8385.794209112868
3078,8385.794186086881
3079,8385.794202861696
3080,8385.794202225094
3081,8385.794184664719
3082,8385.794207747891
3083,8385.794203657098
3084,8385.794220951537
3085,8385.794194279015
3086,8385.794218950125
3087,8237.276739086019
3088,8237.276739086014
3089,8237.276739086019
3090,8237.27673908601
3091,8237.276739086019
3092,8237.276739086015
3093,8237.276739086014
3094,8237.276739086023
3095,8237.276739086024
3096,8237.27681324796
3097,8237.276595066343
3098,8237.276770809955
3099,8237.276744901268
3100,8237.276760855002
3101,8237.27677932824
3102,8237.276906980713
3103,8237.276758023598
3104,8237.27679637751
3105,8237.276744140125
3106,8237.27675969432
3107,8237.276747978534
3108,8237.276848188889
3109,8237.276706875531
3110,8237.276755156356
3111,8237.276719849873
3112,8237.276771262237
3113,8237.27676555474
3114,8237.276729239442
3115,8237.276694701539
3116,8237.27672665917
3117,8237.276743195687
3118,8237.276748209317
3119,8237.276731785165
3120,8237.276727806078
3121,8237.27674554285
3122,8237.276751625737
3123,8237.276694750784
3124,8237.276718369112
3125,8237.276744861087
3126,8237.276737677086
3127,8237.276716298626
3128,8237.276749996281
3129,8237.276741282132
3130,8237.276716897606
3131,8237.276733484403
3132,8237.276751345278
3133,8237.276760673416
3134,8237.276723419098
3135,8237.27673548016
3136,8006.470150943682
3137,8006.470150943681
3138,8006.470150943679
3139,8006.470150943675
3140,8006.470150943688
3141,8006.470150943682
3142,8006.470150943678
3143,8006.4701509436845
3144,8006.470150943685
3145,8006.470107962113
3146,8006.47004476469
3147,8006.4701747111385
3148,8006.4701530239945
3149,8006.470107336451
3150,8006.470118621142
3151,8006.470176205884
3152,8006.470116184799
3153,8006.470225029667
3154,8006.470155449821
3155,8006.470158051638
3156,8006.470187012101
3157,8006.470234743727
3158,8006.470017523963
3159,8006.470160602399
3160,8006.470195551257
3161,8006.470111097608
3162,8006.470178437325
3163,8006.470149964813
3164,8006.470169180264
3165,8006.470141072143
3166,8006.470153466224
3167,8006.470154631152
3168,8006.470152236002
3169,8006.470077192143
3170,8006.470163090331
3171,8006.470149425969
3172,8006.470132693386
3173,8006.470198260638
3174,8006.470152169625
3175,8006.470179727106
3176,8006.470083567225
3177,8006.470152856564
3178,8006.470151071655
3179,8006.4701427810405
3180,8006.470155452072
3181,8006.470172231213
3182,8006.47015887939
3183,8006.47013219834
3184,8006.470156071175
3185,7911.140051932095
3186,7911.140051932091
3187,7911.140051932093
3188,7911.140051932094
3189,7911.140051932083
3190,7911.140051932087
3191,7911.140051932086
3192,7911.14005193209
3193,7911.140051932092
3194,7911.1400418497005
3195,7911.13998033512
3196,7911.140077436748
3197,7911.1400546485265
3198,7911.140022315126
3199,7911.140040528389
3200,7911.140063653025
3201,7911.140025597688
3202,7911.140115412503
3203,7911.140054739132
3204,7911.140060525235
3205,7911.14008064985
3206,7911.140120166833
3207,7911.139967095853
3208,7911.140059720421
3209,7911.1400771530425
3210,7911.140023983404
3211,7911.1400742668775
3212,7911.140042584905
3213,7911.140068107183
3214,7911.140048131636
3215,7911.140054562889
3216,7911.140055624814
3217,7911.14005390002
3218,7911.140004302848
3219,7911.140059378611
3220,7911.1400534295335
3221,7911.140034183239
3222,7911.140078874932
3223,7911.140048898464
3224,7911.140071308722
3225,7911.1400126798435
3226,7911.140051609883
3227,7911.140050820623
3228,7911.140042127954
3229,7911.140057071006
3230,7911.1400654579365
3231,7911.140059320407
3232,7911.140030721222
3233,7911.1400530631
3234,7820.247658001603
3235,7820.247658001597
3236,7820.247658001597
3237,7820.247658001604
3238,7820.247658001608
3239,7820.247658001598
3240,7820.2476580015955
3241,7820.247658001599
3242,7820.247658001605
3243,7820.24767261508
3244,7820.2476299631235
3245,7820.247674210515
3246,7820.247666798777
3247,7820.247659062084
3248,7820.247636551271
3249,7820.247656633714
3250,7820.247650059753
3251,7820.247697846873
3252,7820.247661481062
3253,7820.247667400117
3254,7820.247671201123
3255,7820.247661311278
3256,7820.247653993411
3257,7820.247664409077
3258,7820.247654638409
3259,7820.247654893269
3260,7820.2476468082405
3261,7820.247633363865
3262,7820.247680232511
3263,7820.247663825763
3264,7820.24765961284
3265,7820.247661448837
3266,7820.247659902714
3267,7820.247657134418
3268,7820.247661135039
3269,7820.247652419326
3270,7820.2476520591645
3271,7820.247652247026
3272,7820.247670612855
3273,7820.247642849346
3274,7820.247671686835
3275,7820.247655250009
3276,7820.24765680561
3277,7820.247647729249
3278,7820.247662367586
3279,7820.247655545632
3280,7820.247665556143
3281,7820.247634677171
3282,7820.24765759346
3283,7785.457861950355
3284,7785.45786195036
3285,7785.4578619503545
3286,7785.457861950355
3287,7785.457861950352
3288,7785.457861950357
3289,7785.4578619503545
3290,7785.457861950357
3291,7785.45786195035
3292,7785.45788432162
3293,7785.4578862354965
3294,7785.457881960016
3295,7785.457868410377
3296,7785.457862345293
3297,7785.457870826451
3298,7785.457829549254
3299,7785.457861049558
3300,7785.457894275303
3301,7785.457863438531
3302,7785.457871889592
3303,7785.457874275415
3304,7785.4578531574925
3305,7785.457879997675
3306,7785.4578652211
3307,7785.457857617589
3308,7785.457856012901
3309,7785.457853570074
3310,7785.457839072107
3311,7785.457877167128
3312,7785.457872556527
3313,7785.4578640375585
3314,7785.457864391826
3315,7785.457865239659
3316,7785.4578752059715
3317,7785.457861629715
3318,7785.457860887107
3319,7785.457859493562
3320,7785.457858184396
3321,7785.457859704559
3322,7785.457853635742
3323,7785.457878807784
3324,7785.457854276373
3325,7785.457857302759
3326,7785.457850951222
3327,7785.4578703570205
3328,7785.45785539398
3329,7785.45786720269
3330,7785.457839245346
3331,7785.4578585132085
3332,7737.395668720235
3333,7737.39566872024
3334,7737.395668720232
3335,7737.3956687202335
3336,7737.3956687202335
3337,7737.3956687202335
3338,7737.395668720234
3339,7737.395668720239
3340,7737.395668720235
3341,7737.395691028779
3342,7737.395693520607
3343,7737.395688439607
3344,7737.395674956653
3345,7737.395672439627
3346,7737.395676380638
3347,7737.395640643105
3348,7737.39566463778
3349,7737.395707036355
3350,7737.395669216228
3351,7737.395675092063
3352,7737.395678393599
3353,7737.395668212842
3354,7737.395673692239
3355,7737.395670947776
3356,7737.395666708944
3357,7737.395665213125
3358,7737.395655347711
3359,7737.395653992131
3360,7737.39567659662
3361,7737.395674156268
3362,7737.395670872409
3363,7737.395670111282
3364,7737.395672950896
3365,7737.395675151418
3366,7737.395669455842
3367,7737.395667880202
3368,7737.395672484547
3369,7737.395666477267
3370,7737.39566230239
3371,7737.395656940239
3372,7737.395683310709
3373,7737.395662054745
3374,7737.395664264206
3375,7737.395661304687
3376,7737.395679231165
3377,7737.395664924377
3378,7737.39567115775
3379,7737.395649415535
3380,7737.395662293516
3381,7735.6565576197045
3382,7735.656557619709
3383,7735.65655761971
3384,7735.656557619708
3385,7735.656557619706
3386,7735.656557619701
3387,7735.656557619701
3388,7735.6565576197045
3389,7735.6565576197045
3390,7735.656512985543
3391,7735.65660866071
3392,7735.65657864451
3393,7735.656557319635
3394,7735.656512997652
3395,7735.656592981603
3396,7735.656549843969
3397,7735.6565919349
3398,7735.656565172127
3399,7735.656552950775
3400,7735.656560255527
3401,7735.656590113882
3402,7735.656586823645
3403,7735.656628762809
3404,7735.65655372816
3405,7735.656628048722
3406,7735.656530364483
3407,7735.656604579253
3408,7735.656528048019
3409,7735.656540479118
3410,7735.656565953894
3411,7735.656560570815
3412,7735.656556676812
3413,7735.656560990314
3414,7735.656588566294
3415,7735.656548281795
3416,7735.656572325818
3417,7735.656528931994
3418,7735.656604867828
3419,7735.656532353736
3420,7735.656593298879
3421,7735.656538639265
3422,7735.656546111664
3423,7735.65654775011
3424,7735.656553591109
3425,7735.656563209301
3426,7735.656542095231
3427,7735.656556265692
3428,7735.656548318071
3429,7735.656525867352
3430,7678.316838719568
3431,7678.316838719576
3432,7678.316838719579
3433,7678.316838719571
3434,7678.316838719574
3435,7678.316838719575
3436,7678.3168387195765
3437,7678.316838719576
3438,7678.316838719573
3439,7678.316824745997
3440,7678.3168754918115
3441,7678.316859188571
3442,7678.316841505335
3443,7678.316818575389
3444,7678.316860083427
3445,7678.3168165026655
3446,7678.316853553657
3447,7678.316862276576
3448,7678.316836870275
3449,7678.3168433286855
3450,7678.316859201441
3451,7678.3168499281965
3452,7678.316868843402
3453,7678.3168380037505
3454,7678.316873487428
3455,7678.316822536024
3456,7678.316852366579
3457,7678.31681715245
3458,7678.31683569572
3459,7678.316845771507
3460,7678.316841305495
3461,7678.316838996288
3462,7678.316842597604
3463,7678.316854372502
3464,7678.316834872425
3465,7678.316845038733
3466,7678.316827231104
3467,7678.316863198483
3468,7678.31682311264
3469,7678.316851701747
3470,7678.31683617916
3471,7678.316829458698
3472,7678.316831513437
3473,7678.316832915165
3474,7678.316847471983
3475,7678.316829132899
3476,7678.316839340691
3477,7678.316824669396
3478,7678.316820641462
3479,7600.216039319981
3480,7600.216039319984
3481,7600.216039319984
3482,7600.216039319988
3483,7600.216039319984
3484,7600.216039319984
3485,7600.216039319982
3486,7600.216039319983
3487,7600.216039319982
3488,7600.216011178876
3489,7600.216036830541
3490,7600.216059541337
3491,7600.216044170719
3492,7600.216037825279
3493,7600.216037819111
3494,7600.216037195655
3495,7600.216047638487
3496,7600.216078459487
3497,7600.21603727493
3498,7600.216037913746
3499,7600.216048713171
3500,7600.21605908381
3501,7600.216022022761
3502,7600.216039285602
3503,7600.216070699747
3504,7600.2160364411275
3505,7600.216030528297
3506,7600.216034192313
3507,7600.216028646143
3508,7600.216039248321
3509,7600.216041851224
3510,7600.216038789351
3511,7600.21604338032
3512,7600.2160275279
3513,7600.216038118899
3514,7600.216043146121
3515,7600.216040358902
3516,7600.216061706951
3517,7600.2160249606995
3518,7600.2160449382045
3519,7600.2160377762575
3520,7600.216035287036
3521,7600.216034772473
3522,7600.216039863873
3523,7600.216052018733
3524,7600.216041341666
3525,7600.216037037555
3526,7600.21603448983
3527,7600.2160204413885
3528,7547.058512637701
3529,7547.058512637703
3530,7547.058512637704
3531,7547.058512637703
3532,7547.058512637699
3533,7547.0585126377055
3534,7547.058512637708
3535,7547.058512637703
3536,7547.0585126377055
3537,7547.058496121037
3538,7547.058511349438
3539,7547.058531224856
3540,7547.058519043686
3541,7547.058523891844
3542,7547.058500774838
3543,7547.058528244625
3544,7547.058520802863
3545,7547.058552622992
3546,7547.058510866157
3547,7547.05851022244
3548,7547.05851430565
3549,7547.058525641601
3550,7547.058504498689
3551,7547.058513382972
3552,7547.058532100771
3553,7547.058520348539
3554,7547.058497903014
3555,7547.05851456967
3556,7547.058496768135
3557,7547.0585113624775
3558,7547.058515592372
3559,7547.058512092255
3560,7547.058516833381
3561,7547.05851009996
3562,7547.058511438454
3563,7547.058514989699
3564,7547.058519633495
3565,7547.0585239026495
3566,7547.058504314462
3567,7547.0585067060065
3568,7547.058516207589
3569,7547.058511834499
3570,7547.058508728624
3571,7547.058514199336
3572,7547.058525635388
3573,7547.058516412815
3574,7547.058510453393
3575,7547.058510460275
3576,7547.058495633886
3577,7446.051551593351
3578,7446.051551593351
3579,7446.051551593351
3580,7446.051551593344
3581,7446.051551593349
3582,7446.051551593349
3583,7446.051551593351
3584,7446.051551593351
3585,7446.051551593345
3586,7446.051582080568
3587,7446.051513937232
3588,7446.051575145517
3589,7446.051558950827
3590,7446.051590655713
3591,7446.051544910526
3592,7446.051606220458
3593,7446.0515557514245
3594,7446.051600362762
3595,7446.051548705607
3596,7446.051545692788
3597,7446.051533442776
3598,7446.051581504589
3599,7446.051555322264
3600,7446.051553059013
3601,7446.051532715597
3602,7446.051582743306
3603,7446.051543508051
3604,7446.051555748993
3605,7446.051531662271
3606,7446.051550197949
3607,7446.051555550077
3608,7446.051550862501
3609,7446.0515557966855
3610,7446.051549355669
3611,7446.051546825286
3612,7446.051557431857
3613,7446.0515573213015
3614,7446.051528191072
3615,7446.051550398577
3616,7446.051537208291
3617,7446.0515670522
3618,7446.051559886253
3619,7446.051550323335
3620,7446.051556443611
3621,7446.051561757515
3622,7446.051566403931
3623,7446.0515483849595
3624,7446.051551772628
3625,7446.05153849098
3626,7424.4456095200485
3627,7424.44560952004
3628,7424.445609520043
3629,7424.445609520048
3630,7424.445609520048
3631,7424.445609520048
3632,7424.445609520057
3633,7424.445609520044
3634,7424.445609520044
3635,7424.445625714518
3636,7424.445722158067
3637,7424.4456177220545
3638,7424.445619071553
3639,7424.44564431961
3640,7424.445608869257
3641,7424.4456119800525
3642,7424.445634461959
3643,7424.445622234387
3644,7424.445610853412
3645,7424.44561049213
3646,7424.445589197665
3647,7424.445524824515
3648,7424.445682374819
3649,7424.445611964344
3650,7424.445580817755
3651,7424.445631040944
3652,7424.4455852123065
3653,7424.445638641723
3654,7424.445584153704
3655,7424.44562149171
3656,7424.445614738903
3657,7424.445608990829
3658,7424.445611242445
3659,7424.445674692102
3660,7424.44560712144
3661,7424.445607206252
3662,7424.445631168002
3663,7424.445588373468
3664,7424.445615657771
3665,7424.445587097412
3666,7424.445619495466
3667,7424.445606327816
3668,7424.44559895358
3669,7424.4456073059555
3670,7424.445626452498
3671,7424.445606129226
3672,7424.44561014039
3673,7424.445608764196
3674,7424.445605006506
3675,7357.045488499962
3676,7357.045488499961
3677,7357.04548849996
3678,7357.045488499954
3679,7357.045488499956
3680,7357.045488499959
3681,7357.045488499965
3682,7357.045488499958
3683,7357.045488499963
3684,7357.045492461412
3685,7357.045509083309
3686,7357.045504519751
3687,7357.045495903867
3688,7357.045504580043
3689,7357.04547922675
3690,7357.045508086047
3691,7357.045495705419
3692,7357.045521544186
3693,7357.045487557791
3694,7357.045484729035
3695,7357.045480408521
3696,7357.045472983605
3697,7357.045509300287
3698,7357.04549023984
3699,7357.045480770178
3700,7357.045499181784
3701,7357.045489919544
3702,7357.045496950447
3703,7357.04547866039
3704,7357.04549422986
3705,7357.045493039317
3706,7357.045487534128
3707,7357.045491276618
3708,7357.045506214026
3709,7357.045485158546
3710,7357.0454898138905
3711,7357.045497909661
3712,7357.045481722107
3713,7357.0454940858845
3714,7357.0454816034435
3715,7357.045486049444
3716,7357.04549045181
3717,7357.045482562239
3718,7357.045491035664
3719,7357.045499761662
3720,7357.045495783572
3721,7357.045486205055
3722,7357.0454856105025
3723,7357.045482316341
3724,7328.510363755945
3725,7328.510363755948
3726,7328.510363755947
3727,7328.510363755938
3728,7328.510363755942
3729,7328.510363755949
3730,7328.510363755941
3731,7328.510363755948
3732,7328.5103637559405
3733,7328.510365792338
3734,7328.510352464983
3735,7328.510382964673
3736,7328.51037001572
3737,7328.51036928899
3738,7328.510356326313
3739,7328.510380260334
3740,7328.51036008468
3741,7328.510405262038
3742,7328.510361849101
3743,7328.510357706842
3744,7328.510361074073
3745,7328.510373069166
3746,7328.510365371901
3747,7328.510365055011
3748,7328.510361159842
3749,7328.5103670198
3750,7328.510379414873
3751,7328.510361875531
3752,7328.510365279566
3753,7328.5103682306035
3754,7328.510368051844
3755,7328.510362419495
3756,7328.510366658981
3757,7328.510361957611
3758,7328.510359953798
3759,7328.510366453638
3760,7328.510368669886
3761,7328.51036145185
3762,7328.510369707163
3763,7328.510365273038
3764,7328.5103563460725
3765,7328.510366942606
3766,7328.510359304725
3767,7328.510368514112
3768,7328.510372689636
3769,7328.510375621177
3770,7328.510359668997
3771,7328.510358567613
3772,7328.510358762855
3773,7307.463203600678
3774,7307.463203600673
3775,7307.463203600679
3776,7307.463203600675
3777,7307.4632036006715
3778,7307.463203600678
3779,7307.463203600672
3780,7307.463203600678
3781,7307.463203600675
3782,7307.463196766605
3783,7307.46318696175
3784,7307.463222138523
3785,7307.463209506656
3786,7307.463201734745
3787,7307.463198111921
3788,7307.46320448631
3789,7307.463195961354
3790,7307.463246961404
3791,7307.463201732905
3792,7307.463196695849
3793,7307.4632050344735
3794,7307.463213182872
3795,7307.463189915806
3796,7307.463204706691
3797,7307.463205042204
3798,7307.463199739493
3799,7307.463219649522
3800,7307.463197436219
3801,7307.463212863908
3802,7307.463208100245
3803,7307.463207585604
3804,7307.46320198607
3805,7307.46320630754
3806,7307.463191038782
3807,7307.463200852958
3808,7307.46320525971
3809,7307.463208888208
3810,7307.463207397349
3811,7307.463209945518
3812,7307.463208987758
3813,7307.463194355816
3814,7307.463204839978
3815,7307.463198911461
3816,7307.463209225219
3817,7307.463212381786
3818,7307.463215176451
3819,7307.463198428098
3820,7307.463196425153
3821,7307.463200573594
3822,7283.768888814091
3823,7283.768888814086
3824,7283.768888814086
3825,7283.768888814083
3826,7283.768888814083
3827,7283.768888814084
3828,7283.768888814093
3829,7283.768888814088
3830,7283.768888814087
3831,7283.768901672659
3832,7283.768881114447
3833,7283.768904193808
3834,7283.76889391166
3835,7283.768888684828
3836,7283.768898073981
3837,7283.768885386784
3838,7283.768883950912
3839,7283.768926842609
3840,7283.768886137725
3841,7283.768880632084
3842,7283.768887433256
3843,7283.768896900863
3844,7283.7688994459395
3845,7283.768888692993
3846,7283.768879009022
3847,7283.768888285343
3848,7283.768912124743
3849,7283.768878015639
3850,7283.768897822821
3851,7283.768891301725
3852,7283.768892546115
3853,7283.768886486384
3854,7283.7688907719
3855,7283.768886989161
3856,7283.7688858124575
3857,7283.768891879814
3858,7283.768887355175
3859,7283.768881929436
3860,7283.768894024774
3861,7283.768894775649
3862,7283.768887729124
3863,7283.768888641309
3864,7283.768883637172
3865,7283.768895592541
3866,7283.768894852258
3867,7283.768893262653
3868,7283.7688822422815
3869,7283.768879046175
3870,7283.768885520922
3871,7261.27610651537
3872,7261.2761065153645
3873,7261.276106515366
3874,7261.27610651537
3875,7261.276106515365
3876,7261.276106515368
3877,7261.276106515372
3878,7261.276106515368
3879,7261.276106515365
3880,7261.276092679844
3881,7261.276095313853
3882,7261.276112339143
3883,7261.27611264947
3884,7261.276103524483
3885,7261.2760971775715
3886,7261.276098857255
3887,7261.276110633584
3888,7261.276139942525
3889,7261.276106560725
3890,7261.276098419737
3891,7261.276109705566
3892,7261.276096832829
3893,7261.276086777583
3894,7261.276108181804
3895,7261.27610629849
3896,7261.276102083609
3897,7261.276111099536
3898,7261.2761040090245
3899,7261.276112779323
3900,7261.276104374615
3901,7261.276109753316
3902,7261.276104443767
3903,7261.2761080267
3904,7261.276097918428
3905,7261.276109481358
3906,7261.27610346272
3907,7261.276106820886
3908,7261.276112609132
3909,7261.276117172796
3910,7261.2761072097355
3911,7261.276100438079
3912,7261.276103644936
3913,7261.276100613692
3914,7261.276113474
3915,7261.276111068617
3916,7261.276103028748
3917,7261.276101208947
3918,7261.276095848231
3919,7261.276106887293
3920,7239.085902608135
3921,7239.085902608142
3922,7239.085902608141
3923,7239.085902608149
3924,7239.085902608142
3925,7239.0859026081425
3926,7239.085902608139
3927,7239.085902608137
3928,7239.08590260814
3929,7239.085902104236
3930,7239.085905058992
3931,7239.085909240672
3932,7239.0859080553155
3933,7239.08590936223
3934,7239.0859081726385
3935,7239.085888869768
3936,7239.085911753574
3937,7239.085934051568
3938,7239.085902218545
3939,7239.085895118869
3940,7239.085899075328
3941,7239.085887070047
3942,7239.085893355038
3943,7239.085903601055
3944,7239.085892521058
3945,7239.08590489572
3946,7239.085897603618
3947,7239.085900820041
3948,7239.085903875369
3949,7239.085901042961
3950,7239.085905908954
3951,7239.085900338622
3952,7239.085904192278
3953,7239.08589775067
3954,7239.085904824472
3955,7239.085901395989
3956,7239.085901828349
3957,7239.085899916915
3958,7239.085907797875
3959,7239.085901988014
3960,7239.085906990554
3961,7239.085899278459
3962,7239.085896118622
3963,7239.085908950656
3964,7239.085908409845
3965,7239.08589807194
3966,7239.085896799773
3967,7239.085892685264
3968,7239.085899349142
3969,7203.61178368227
3970,7203.61178368227
3971,7203.611783682273
3972,7203.611783682265
3973,7203.611783682264
3974,7203.6117836822705
3975,7203.611783682263
3976,7203.611783682265
3977,7203.611783682267
3978,7203.6117955186655
3979,7203.6117943774825
3980,7203.611789245214
3981,7203.611787531225
3982,7203.611797831656
3983,7203.611793977406
3984,7203.611789013904
3985,7203.61179825142
3986,7203.611813188361
3987,7203.611783448028
3988,7203.611776602974
3989,7203.611775075976
3990,7203.611774005251
3991,7203.611795136064
3992,7203.61178470042
3993,7203.6117700615705
3994,7203.611795421114
3995,7203.611778038955
3996,7203.611790253832
3997,7203.611770609015
3998,7203.611779001498
3999,7203.611787503099
4000,7203.611781335822
4001,7203.611785011771
4002,7203.611791142786
4003,7203.611785818708
4004,7203.611785163431
4005,7203.6117792825735
4006,7203.611774456964
4007,7203.6117833461585
4008,7203.611779867697
4009,7203.611791398622
4010,7203.6117838799055
4011,7203.61177772083
4012,7203.611789602903
4013,7203.611789186968
4014,7203.611777605374
4015,7203.611778506183
4016,7203.611777282058
4017,7203.611775843881
4018,7168.457420849099
4019,7168.457420849098
4020,7168.457420849106
4021,7168.457420849102
4022,7168.457420849102
4023,7168.457420849103
4024,7168.457420849101
4025,7168.457420849101
4026,7168.457420849101
4027,7168.457428028458
4028,7168.457435088876
4029,7168.457425883051
4030,7168.4574228512765
4031,7168.457429572966
4032,7168.457428603285
4033,7168.457429080895
4034,7168.457436318445
4035,7168.457449106596
4036,7168.457421076751
4037,7168.45741537803
4038,7168.457416449064
4039,7168.457417120081
4040,7168.457439832735
4041,7168.457421659293
4042,7168.457417180171
4043,7168.45743121984
4044,7168.457414841454
4045,7168.457429260583
4046,7168.45740447825
4047,7168.4574163086545
4048,7168.45742463959
4049,7168.45741857123
4050,7168.457422533316
4051,7168.457432577859
4052,7168.457423091251
4053,7168.457423270107
4054,7168.457413830611
4055,7168.457418407239
4056,7168.457415789219
4057,7168.457416226223
4058,7168.457428767917
4059,7168.457422430482
4060,7168.457415541152
4061,7168.4574252530665
4062,7168.457425729788
4063,7168.4574140565
4064,7168.457416176027
4065,7168.457415987326
4066,7168.457410823803
4067,7140.542916970276
4068,7140.542916970286
4069,7140.542916970281
4070,7140.542916970286
4071,7140.542916970284
4072,7140.542916970287
4073,7140.542916970289
4074,7140.542916970282
4075,7140.542916970282
4076,7140.5429581276185
4077,7140.542982019574
4078,7140.542925715707
4079,7140.5429161086595
4080,7140.542943989054
4081,7140.542942225614
4082,7140.542923837849
4083,7140.5429187970185
4084,7140.542954028939
4085,7140.54291862408
4086,7140.542916225215
4087,7140.542889274809
4088,7140.542894214981
4089,7140.542955147801
4090,7140.54291995161
4091,7140.542882886193
4092,7140.542941453565
4093,7140.54289704197
4094,7140.5429507916415
4095,7140.542891241415
4096,7140.542914267886
4097,7140.542923460135
4098,7140.542915512371
4099,7140.542917888804
4100,7140.54294329513
4101,7140.542919549419
4102,7140.542921058814
4103,7140.5429224682375
4104,7140.542891958046
4105,7140.542904923617
4106,7140.542908172764
4107,7140.542930648134
4108,7140.542926899824
4109,7140.542911507945
4110,7140.542916506394
4111,7140.542931625792
4112,7140.542919460585
4113,7140.542914520892
4114,7140.542920669481
4115,7140.542910626389
4116,7086.222332379937
4117,7086.22233237994
4118,7086.222332379935
4119,7086.222332379939
4120,7086.222332379937
4121,7086.222332379942
4122,7086.222332379935
4123,7086.222332379937
4124,7086.222332379937
4125,7086.222335412822
4126,7086.222360383723
4127,7086.222341736494
4128,7086.222331024388
4129,7086.222330231023
4130,7086.222340088883
4131,7086.222328550727
4132,7086.222334141436
4133,7086.222365682224
4134,7086.222333612755
4135,7086.222331586481
4136,7086.22233048598
4137,7086.222325053293
4138,7086.222358043042
4139,7086.222333819616
4140,7086.222336266265
4141,7086.222336153752
4142,7086.222330819658
4143,7086.222342551403
4144,7086.222325609626
4145,7086.222334805433
4146,7086.222337413619
4147,7086.222330711893
4148,7086.222335296801
4149,7086.22234603776
4150,7086.222333003695
4151,7086.22233523367
4152,7086.222331988853
4153,7086.222339142063
4154,7086.222323439155
4155,7086.222332227319
4156,7086.222336806956
4157,7086.222339475463
4158,7086.222328101794
4159,7086.222332143068
4160,7086.222339570036
4161,7086.222335835345
4162,7086.222329063441
4163,7086.222331847522
4164,7086.2223284717875
4165,7071.723979452445
4166,7071.723979452438
4167,7071.723979452438
4168,7071.723979452438
4169,7071.723979452439
4170,7071.723979452441
4171,7071.723979452442
4172,7071.7239794524385
4173,7071.723979452441
4174,7071.723975203998
4175,7071.723965370376
4176,7071.723988535986
4177,7071.723978949158
4178,7071.723978451456
4179,7071.723967907871
4180,7071.7239832207015
4181,7071.7239741420935
4182,7071.724021798705
4183,7071.723981389783
4184,7071.723977106647
4185,7071.723979241013
4186,7071.723988567827
4187,7071.723968702754
4188,7071.723982286231
4189,7071.723984817131
4190,7071.72398229309
4191,7071.723973582496
4192,7071.723985664574
4193,7071.723981609315
4194,7071.723978850447
4195,7071.7239840863995
4196,7071.723978153421
4197,7071.723983459011
4198,7071.723973991652
4199,7071.723981882504
4200,7071.7239788998095
4201,7071.7239782372435
4202,7071.723988567572
4203,7071.723977664718
4204,7071.723976709243
4205,7071.723982049897
4206,7071.723989196332
4207,7071.723977936843
4208,7071.723980894749
4209,7071.7239832182495
4210,7071.723986239052
4211,7071.723976389423
4212,7071.723977571716
4213,7071.723979750367
4214,7064.791262878667
4215,7064.791262878667
4216,7064.791262878669
4217,7064.79126287867
4218,7064.79126287867
4219,7064.7912628786635
4220,7064.791262878669
4221,7064.791262878667
4222,7064.791262878663
4223,7064.79125723184
4224,7064.7912550427545
4225,7064.791270801104
4226,7064.791262673494
4227,7064.791260034997
4228,7064.791250477414
4229,7064.791259703817
4230,7064.791257967487
4231,7064.7913021328295
4232,7064.791265548018
4233,7064.791261934847
4234,7064.7912638242215
4235,7064.791259899921
4236,7064.791255289277
4237,7064.791266033406
4238,7064.7912671633085
4239,7064.791263219471
4240,7064.791257267868
4241,7064.791267189212
4242,7064.791269626443
4243,7064.791265065967
4244,7064.791267407109
4245,7064.791261801098
4246,7064.791267117732
4247,7064.7912609147825
4248,7064.7912655572445
4249,7064.791260990595
4250,7064.791262905704
4251,7064.791273115325
4252,7064.791264211544
4253,7064.791259880773
4254,7064.7912651054785
4255,7064.791271373222
4256,7064.7912608250135
4257,7064.791262956667
4258,7064.791266212225
4259,7064.79126946827
4260,7064.791260529933
4261,7064.791260286112
4262,7064.791266707633
4263,7056.66096988325
4264,7056.660969883246
4265,7056.6609698832435
4266,7056.660969883248
4267,7056.6609698832435
4268,7056.660969883249
4269,7056.660969883248
4270,7056.66096988325
4271,7056.660969883251
4272,7056.6609715362965
4273,7056.660926631204
4274,7056.660981325995
4275,7056.660968722499
4276,7056.6609647890145
4277,7056.660954442014
4278,7056.660978157537
4279,7056.660950888038
4280,7056.661019284881
4281,7056.660971501568
4282,7056.660967646134
4283,7056.660970681481
4284,7056.661000569181
4285,7056.660949401541
4286,7056.6609723182755
4287,7056.6609725753915
4288,7056.660970846773
4289,7056.6609772239235
4290,7056.660968579421
4291,7056.6609825671585
4292,7056.6609675503
4293,7056.6609742382325
4294,7056.6609687972
4295,7056.660974223476
4296,7056.660954474802
4297,7056.660972242619
4298,7056.6609699224455
4299,7056.660966370068
4300,7056.660977384434
4301,7056.660970667189
4302,7056.660972019366
4303,7056.660969717935
4304,7056.660982947733
4305,7056.660971459306
4306,7056.660971343828
4307,7056.6609702058
4308,7056.660980173584
4309,7056.6609671487695
4310,7056.660968443264
4311,7056.66097753742
4312,7040.534868404624
4313,7040.534868404623
4314,7040.53486840463
4315,7040.534868404624
4316,7040.534868404622
4317,7040.5348684046185
4318,7040.534868404621
4319,7040.534868404623
4320,7040.534868404626
4321,7040.534857645899
4322,7040.534844920473
4323,7040.53487731371
4324,7040.534868222019
4325,7040.534863569126
4326,7040.534856171068
4327,7040.534865228379
4328,7040.53486054735
4329,7040.534908182885
4330,7040.534871117249
4331,7040.534868841324
4332,7040.534870518821
4333,7040.5348734576755
4334,7040.534845701559
4335,7040.534870782487
4336,7040.534873810814
4337,7040.5348674662255
4338,7040.534867968634
4339,7040.534869608568
4340,7040.534878081553
4341,7040.534869270325
4342,7040.53487226968
4343,7040.534867611969
4344,7040.534871908526
4345,7040.5348575217095
4346,7040.534871997102
4347,7040.53486725913
4348,7040.534866690581
4349,7040.534881652441
4350,7040.5348702493975
4351,7040.534872328414
4352,7040.5348659324945
4353,7040.534876139307
4354,7040.534867624725
4355,7040.53486732441
4356,7040.534871180537
4357,7040.534875107657
4358,7040.534866989918
4359,7040.534867497306
4360,7040.534877345947
4361,7021.408907613135
4362,7021.408907613138
4363,7021.408907613137
4364,7021.408907613135
4365,7021.408907613137
4366,7021.408907613135
4367,7021.4089076131395
4368,7021.4089076131295
4369,7021.408907613132
4370,7021.408895736653
4371,7021.408902240614
4372,7021.408914729917
4373,7021.40890736673
4374,7021.408903337755
4375,7021.408904073842
4376,7021.408900773886
4377,7021.4089106546235
4378,7021.4089358973
4379,7021.408910406694
4380,7021.408910893765
4381,7021.408910196282
4382,7021.408899110283
4383,7021.408903691836
4384,7021.408908328174
4385,7021.408913812682
4386,7021.408908065297
4387,7021.408908202309
4388,7021.4089079301075
4389,7021.40891223235
4390,7021.408910344215
4391,7021.408910600849
4392,7021.408906873223
4393,7021.4089097770775
4394,7021.408908334579
4395,7021.4089106760175
4396,7021.408907870088
4397,7021.4089027134405
4398,7021.408920669048
4399,7021.408906603212
4400,7021.408914416259
4401,7021.408906164712
4402,7021.4089111237
4403,7021.408905745313
4404,7021.408903858752
4405,7021.408910568677
4406,7021.408908398629
4407,7021.408907273114
4408,7021.408907523609
4409,7021.408915384642
4410,7008.970893711885
4411,7008.970893711894
4412,7008.970893711894
4413,7008.970893711889
4414,7008.970893711896
4415,7008.97089371189
4416,7008.97089371189
4417,7008.970893711892
4418,7008.970893711897
4419,7008.970890343066
4420,7008.970888505145
4421,7008.970900873047
4422,7008.97089364595
4423,7008.970894870115
4424,7008.970897895544
4425,7008.970890604736
4426,7008.970900059239
4427,7008.970918707251
4428,7008.970896002847
4429,7008.970897907569
4430,7008.970892692272
4431,7008.970889244164
4432,7008.970896664878
4433,7008.9708931279065
4434,7008.970894093347
4435,7008.9708989764495
4436,7008.970894062373
4437,7008.970891882194
4438,7008.970894796576
4439,7008.970894502925
4440,7008.970895816797
4441,7008.970892998328
4442,7008.970894767622
4443,7008.970896389626
4444,7008.970896479224
4445,7008.970895495662
4446,7008.970885293242
4447,7008.9708993817
4448,7008.970889778937
4449,7008.970901071328
4450,7008.970895538528
4451,7008.9708956897175
4452,7008.970892631886
4453,7008.9708891899745
4454,7008.970896183672
4455,7008.970890951645
4456,7008.970893712721
4457,7008.970894025825
4458,7008.9708990394
4459,6994.328806081807
4460,6994.328806081805
4461,6994.328806081805
4462,6994.328806081803
4463,6994.328806081802
4464,6994.3288060818
4465,6994.328806081807
4466,6994.328806081807
4467,6994.328806081808
4468,6994.328807015633
4469,6994.328802959397
4470,6994.328812973094
4471,6994.328806588602
4472,6994.328806806569
4473,6994.328809508203
4474,6994.328806850595
4475,6994.328808005803
4476,6994.328832528416
4477,6994.328808019572
4478,6994.328810491653
4479,6994.328804444362
4480,6994.328806684092
4481,6994.3288087888595
4482,6994.328805387011
4483,6994.32880442267
4484,6994.3288110781605
4485,6994.328807095715
4486,6994.328804948822
4487,6994.328806311689
4488,6994.328803677408
4489,6994.328807942982
4490,6994.32880553224
4491,6994.328806782783
4492,6994.328807221285
4493,6994.328809683085
4494,6994.328807547306
4495,6994.3287982793645
4496,6994.328808735066
4497,6994.328801931886
4498,6994.328811293231
4499,6994.328805844532
4500,6994.328807765547
4501,6994.328805610985
4502,6994.328801369667
4503,6994.328808896231
4504,6994.32880198943
4505,6994.328806305268
4506,6994.328806373257
4507,6994.328809736752
4508,6970.379239772918
4509,6970.379239772913
4510,6970.379239772913
4511,6970.379239772911
4512,6970.379239772911
4513,6970.379239772913
4514,6970.379239772913
4515,6970.379239772915
4516,6970.379239772912
4517,6970.379262387874
4518,6970.379240786965
4519,6970.379245161525
4520,6970.379241325696
4521,6970.379243593893
4522,6970.379253270704
4523,6970.379239260534
4524,6970.379237692997
4525,6970.379263735992
4526,6970.379240481416
4527,6970.379243739066
4528,6970.379232688002
4529,6970.379243618232
4530,6970.37926124514
4531,6970.379236825209
4532,6970.379224566604
4533,6970.379247484668
4534,6970.379241384415
4535,6970.37922997493
4536,6970.379244460024
4537,6970.379233697247
4538,6970.379239848643
4539,6970.379238774363
4540,6970.379240444904
4541,6970.379244190478
4542,6970.379242129904
4543,6970.379240615906
4544,6970.379228599663
4545,6970.379226780765
4546,6970.379234886944
4547,6970.379238284939
4548,6970.379247453342
4549,6970.379240152628
4550,6970.379242093213
4551,6970.37923571525
4552,6970.379237742982
4553,6970.379230171799
4554,6970.379238702637
4555,6970.379237709367
4556,6970.379241167148
4557,6960.172242278677
4558,6960.172242278679
4559,6960.172242278679
4560,6960.172242278677
4561,6960.172242278679
4562,6960.172242278679
4563,6960.172242278677
4564,6960.17224227868
4565,6960.172242278677
4566,6960.1722293448165
4567,6960.172226818784
4568,6960.172251035297
4569,6960.172244431129
4570,6960.172232539038
4571,6960.172234361847
4572,6960.172261529238
4573,6960.172232816847
4574,6960.172277508731
4575,6960.172241448365
4576,6960.172243132825
4577,6960.172246181099
4578,6960.172275852875
4579,6960.172224744279
4580,6960.172240448637
4581,6960.172256477366
4582,6960.172241870474
4583,6960.1722460528
4584,6960.172245345364
4585,6960.172235752757
4586,6960.172230279756
4587,6960.172243357376
4588,6960.1722413276975
4589,6960.1722427770765
4590,6960.172224354268
4591,6960.172245436843
4592,6960.172242233465
4593,6960.172238144819
4594,6960.172253050252
4595,6960.1722340532815
4596,6960.172243215908
4597,6960.172229210382
4598,6960.172245456397
4599,6960.172245306994
4600,6960.172241195048
4601,6960.172243611954
4602,6960.17223988306
4603,6960.172240408805
4604,6960.172244248859
4605,6960.172236975047
4606,6943.860882597369
4607,6943.860882597368
4608,6943.860882597366
4609,6943.8608825973715
4610,6943.8608825973715
4611,6943.860882597369
4612,6943.8608825973715
4613,6943.860882597365
4614,6943.860882597368
4615,6943.860880250512
4616,6943.860891115368
4617,6943.860888894445
4618,6943.860885171538
4619,6943.860878553836
4620,6943.8608825635865
4621,6943.86088546169
4622,6943.860877998799
4623,6943.860911656946
4624,6943.860882931813
4625,6943.860884735902
4626,6943.860881400598
4627,6943.860883569545
4628,6943.860881897341
4629,6943.86088172856
4630,6943.860884376391
4631,6943.860883440286
4632,6943.860878808329
4633,6943.860884652505
4634,6943.860880942498
4635,6943.86087676979
4636,6943.86088414937
4637,6943.860881737608
4638,6943.860883607155
4639,6943.86087818552
4640,6943.860885526669
4641,6943.8608807094315
4642,6943.860881859794
4643,6943.860885648988
4644,6943.860878388179
4645,6943.8608787830435
4646,6943.86087835946
4647,6943.860883754406
4648,6943.8608829963105
4649,6943.860880112666
4650,6943.860885505216
4651,6943.86087915831
4652,6943.860880899872
4653,6943.8608824759085
4654,6943.860880470468
4655,6937.2348547993515
4656,6937.234854799355
4657,6937.234854799351
4658,6937.234854799356
4659,6937.234854799354
4660,6937.234854799353
4661,6937.23485479935
4662,6937.23485479935
4663,6937.2348547993515
4664,6937.234854563862
4665,6937.234866024306
4666,6937.234860503459
4667,6937.234857636359
4668,6937.234852737165
4669,6937.234856471431
4670,6937.234852730484
4671,6937.234852468304
4672,6937.234881480052
4673,6937.23485542123
4674,6937.234856951445
4675,6937.234851969057
4676,6937.234846340103
4677,6937.234859071847
4678,6937.23485404289
4679,6937.234853133977
4680,6937.234856362296
4681,6937.234849184839
4682,6937.2348550287115
4683,6937.234856386909
4684,6937.234852170936
4685,6937.234856239802
4686,6937.234853865642
4687,6937.234856113891
4688,6937.234854242088
4689,6937.234856714713
4690,6937.234851925733
4691,6937.234854604754
4692,6937.234855411
4693,6937.234852383277
4694,6937.234849454073
4695,6937.234854133845
4696,6937.234855799402
4697,6937.234855102327
4698,6937.23485230379
4699,6937.234856526395
4700,6937.234852104166
4701,6937.234852852027
4702,6937.2348539111545
4703,6937.234854667861
4704,6928.616307900538
4705,6928.616307900538
4706,6928.616307900542
4707,6928.616307900539
4708,6928.616307900543
4709,6928.6163079005355
4710,6928.616307900536
4711,6928.61630790054
4712,6928.61630790054
4713,6928.616302381332
4714,6928.616311758634
4715,6928.616313587994
4716,6928.616311653134
4717,6928.616308062915
4718,6928.616305322586
4719,6928.616305820199
4720,6928.616308435295
4721,6928.616333460407
4722,6928.6163085331955
4723,6928.616308973345
4724,6928.616305598922
4725,6928.616295769205
4726,6928.616307808126
4727,6928.616307602293
4728,6928.616307728481
4729,6928.616310032456
4730,6928.616300496045
4731,6928.616307067006
4732,6928.616311761587
4733,6928.616308741984
4734,6928.616309140702
4735,6928.616306923329
4736,6928.616309641927
4737,6928.616306614642
4738,6928.61630835224
4739,6928.6163035217905
4740,6928.616308950662
4741,6928.616309255153
4742,6928.616308046551
4743,6928.61630073203
4744,6928.616308755531
4745,6928.616308879089
4746,6928.616308449854
4747,6928.616306471506
4748,6928.616308210855
4749,6928.616307760942
4750,6928.6163053730725
4751,6928.616306379383
4752,6928.616308930788
4753,6976.8471388420485
4754,6976.847138842051
4755,6976.847138842047
4756,6976.847138842048
4757,6976.847138842047
4758,6976.847138842051
4759,6976.847138842053
4760,6976.847138842048
4761,6976.847138842048
4762,6976.84717132179
4763,6976.847239346622
4764,6976.847151283859
4765,6976.847139922224
4766,6976.847120394752
4767,6976.847184659587
4768,6976.847115059764
4769,6976.847128958039
4770,6976.847150688013
4771,6976.847135807517
4772,6976.847141306589
4773,6976.847136314551
4774,6976.84709094224
4775,6976.84725850171
4776,6976.8471344742
4777,6976.847126012468
4778,6976.847133699397
4779,6976.847167536489
4780,6976.847141178606
4781,6976.847142966791
4782,6976.847155899544
4783,6976.847141110797
4784,6976.847136799715
4785,6976.847138311883
4786,6976.847188437124
4787,6976.8471286633585
4788,6976.847142907698
4789,6976.847154946409
4790,6976.847124759332
4791,6976.847128085419
4792,6976.847141810529
4793,6976.8471434499725
4794,6976.847138832333
4795,6976.847135650202
4796,6976.8471358607
4797,6976.847144000305
4798,6976.847145844175
4799,6976.847133945905
4800,6976.847139905283
4801,6976.847139178899
4802,6925.828862995369
4803,6925.828862995373
4804,6925.828862995373
4805,6925.828862995375
4806,6925.828862995374
4807,6925.828862995374
4808,6925.828862995372
4809,6925.828862995371
4810,6925.828862995369
4811,6925.828863369991
4812,6925.828884143886
4813,6925.828869943132
4814,6925.828866275102
4815,6925.82886028345
4816,6925.8288689192295
4817,6925.828856959379
4818,6925.828862161347
4819,6925.828886106625
4820,6925.828863054852
4821,6925.828864383003
4822,6925.828860471205
4823,6925.828844357002
4824,6925.828882190194
4825,6925.828862103464
4826,6925.8288607997465
4827,6925.828863968801
4828,6925.828861260775
4829,6925.8288631239275
4830,6925.828866465148
4831,6925.8288667887655
4832,6925.828864494191
4833,6925.82886186315
4834,6925.82886431757
4835,6925.828870220159
4836,6925.828861688031
4837,6925.828860100094
4838,6925.82886681472
4839,6925.828862130509
4840,6925.82886103914
4841,6925.828857507114
4842,6925.828864229388
4843,6925.828863699475
4844,6925.828862698953
4845,6925.828861204412
4846,6925.82886442965
4847,6925.828864145491
4848,6925.828860123621
4849,6925.828862025392
4850,6925.828863979007
4851,6919.459439449858
4852,6919.459439449863
4853,6919.459439449858
4854,6919.459439449861
4855,6919.459439449859
4856,6919.45943944986
4857,6919.459439449856
4858,6919.459439449862
4859,6919.459439449865
4860,6919.459435489158
4861,6919.45944216594
4862,6919.459448361422
4863,6919.459443338927
4864,6919.459438831354
4865,6919.459440916457
4866,6919.459439090985
4867,6919.459437805266
4868,6919.4594649030205
4869,6919.459438956416
4870,6919.4594393660145
4871,6919.459437451625
4872,6919.459431643334
4873,6919.4594469280255
4874,6919.45943828266
4875,6919.4594394045735
4876,6919.459441851209
4877,6919.459439377076
4878,6919.459438477618
4879,6919.459444181588
4880,6919.459444096301
4881,6919.4594404508725
4882,6919.459438229721
4883,6919.459440842525
4884,6919.459439973575
4885,6919.459436733664
4886,6919.459436483894
4887,6919.4594428613555
4888,6919.459439055758
4889,6919.459438129463
4890,6919.459435440229
4891,6919.459440029264
4892,6919.459441087618
4893,6919.459440786195
4894,6919.459439207101
4895,6919.459439364604
4896,6919.459443762222
4897,6919.459435986429
4898,6919.459438794262
4899,6919.4594413592495
4900,6915.566565126472
4901,6915.566565126465
4902,6915.566565126464
4903,6915.566565126472
4904,6915.566565126472
4905,6915.566565126472
4906,6915.566565126469
4907,6915.5665651264735
4908,6915.566565126475
4909,6915.566559486084
4910,6915.566560727202
4911,6915.566575037284
4912,6915.566569195118
4913,6915.56656549706
4914,6915.566566151678
4915,6915.566567813128
4916,6915.56656367427
4917,6915.566591219068
4918,6915.5665643067605
4919,6915.566564574826
4920,6915.566563354891
4921,6915.566563052578
4922,6915.566567313505
4923,6915.566563560881
4924,6915.566566061765
4925,6915.566568342903
4926,6915.566566603296
4927,6915.5665642693475
4928,6915.566568969755
4929,6915.56656945685
4930,6915.5665657941245
4931,6915.566563872765
4932,6915.566566293483
4933,6915.566562786821
4934,6915.56656205786
4935,6915.566562729377
4936,6915.566567967033
4937,6915.56656498437
4938,6915.566563376198
4939,6915.5665634236275
4940,6915.5665646254865
4941,6915.566566673803
4942,6915.566567113106
4943,6915.566565416776
4944,6915.566564815176
4945,6915.566570054067
4946,6915.566561536227
4947,6915.566564922992
4948,6915.5665671938405
4949,6909.702840925283
4950,6909.702840925285
4951,6909.702840925287
4952,6909.702840925285
4953,6909.702840925286
4954,6909.702840925282
4955,6909.702840925283
4956,6909.702840925285
4957,6909.702840925282
4958,6909.702839489543
4959,6909.702824536412
4960,6909.70285269573
4961,6909.702844589247
4962,6909.702841161186
4963,6909.702842350043
4964,6909.702848491022
4965,6909.702834906659
4966,6909.702870591838
4967,6909.702839416794
4968,6909.702839216483
4969,6909.702839354587
4970,6909.702853068489
4971,6909.702838643187
4972,6909.70283871977
4973,6909.70284098065
4974,6909.70284468562
4975,6909.702848147159
4976,6909.702838998004
4977,6909.702845303918
4978,6909.702842874143
4979,6909.702841229685
4980,6909.702839569599
4981,6909.702841949738
4982,6909.702833812673
4983,6909.702837875634
4984,6909.70283997593
4985,6909.7028420658235
4986,6909.702838849131
4987,6909.702838387579
4988,6909.702843116453
4989,6909.702839345168
4990,6909.702843172772
4991,6909.702844237295
4992,6909.702842455382
4993,6909.702839816835
4994,6909.702846385246
4995,6909.702836878649
4996,6909.70284087523
4997,6909.702843431114
4998,6901.002415500251
4999,6901.002415500244
5000,6901.002415500244
5001,6901.002415500242
5002,6901.002415500245
5003,6901.002415500247
5004,6901.002415500247
5005,6901.002415500244
5006,6901.00241550025
5007,6901.002413413964
5008,6901.002409412041
5009,6901.002426031682
5010,6901.002419441965
5011,6901.002416440606
5012,6901.002422017707
5013,6901.002420048537
5014,6901.0024147735585
5015,6901.002441357517
5016,6901.00241395795
5017,6901.0024139703855
5018,6901.002414114997
5019,6901.0024196366285
5020,6901.002414351707
5021,6901.002413003246
5022,6901.002414926131
5023,6901.002418692241
5024,6901.002422591487
5025,6901.0024159315235
5026,6901.002415638068
5027,6901.002416404156
5028,6901.002415492004
5029,6901.002414227154
5030,6901.002416207698
5031,6901.002412041562
5032,6901.0024135137355
5033,6901.002415176408
5034,6901.002416063344
5035,6901.002413856643
5036,6901.0024125722975
5037,6901.002421737793
5038,6901.002412311317
5039,6901.002414671597
5040,6901.002417536425
5041,6901.002416906509
5042,6901.002415469573
5043,6901.002417051155
5044,6901.00241165958
5045,6901.002415377461
5046,6901.0024176409825
5047,6891.486282812222
5048,6891.486282812229
5049,6891.486282812226
5050,6891.486282812219
5051,6891.486282812224
5052,6891.486282812229
5053,6891.486282812225
5054,6891.486282812225
5055,6891.486282812228
5056,6891.4862964716285
5057,6891.486259304351
5058,6891.486293915602
5059,6891.486286097453
5060,6891.486284638246
5061,6891.4862844357
5062,6891.486297280273
5063,6891.4862713606235
5064,6891.486316332221
5065,6891.486280724374
5066,6891.486278742515
5067,6891.486280557479
5068,6891.486307224935
5069,6891.486278957686
5070,6891.486280582416
5071,6891.486275641531
5072,6891.486286934559
5073,6891.486297733612
5074,6891.486283008889
5075,6891.486285677775
5076,6891.486277447145
5077,6891.4862825996015
5078,6891.486281572212
5079,6891.486284402368
5080,6891.486275321495
5081,6891.486282640047
5082,6891.486283110457
5083,6891.486279973142
5084,6891.486273359432
5085,6891.486281892956
5086,6891.486290243508
5087,6891.486279710992
5088,6891.486284045639
5089,6891.48628687752
5090,6891.486286811453
5091,6891.486280242662
5092,6891.4862831790015
5093,6891.486278404787
5094,6891.486281272833
5095,6891.486286464422
5096,6880.060581615027
5097,6880.060581615019
5098,6880.0605816150255
5099,6880.060581615026
5100,6880.060581615024
5101,6880.060581615019
5102,6880.060581615027
5103,6880.060581615028
5104,6880.060581615026
5105,6880.060584767933
5106,6880.060573878125
5107,6880.060589225088
5108,6880.060585306603
5109,6880.060580423201
5110,6880.060581739497
5111,6880.060587579854
5112,6880.060577463554
5113,6880.06061006665
5114,6880.060580405819
5115,6880.060578223529
5116,6880.060582378808
5117,6880.060586527963
5118,6880.060576601466
5119,6880.060580532398
5120,6880.060579347199
5121,6880.060581652376
5122,6880.060589805141
5123,6880.060583995291
5124,6880.060583021438
5125,6880.060577265168
5126,6880.060581724431
5127,6880.0605806575
5128,6880.060583898059
5129,6880.060578878816
5130,6880.060583071769
5131,6880.060580184033
5132,6880.060579744827
5133,6880.060579456355
5134,6880.060582310842
5135,6880.060586919237
5136,6880.060576486105
5137,6880.060579938154
5138,6880.060583205636
5139,6880.060584846282
5140,6880.0605796230775
5141,6880.060578119568
5142,6880.06057779657
5143,6880.060579022174
5144,6880.060585176334
5145,6871.9785363927285
5146,6871.978536392724
5147,6871.978536392724
5148,6871.978536392723
5149,6871.978536392727
5150,6871.9785363927285
5151,6871.978536392726
5152,6871.978536392726
5153,6871.978536392729
5154,6871.9785371192675
5155,6871.978543090961
5156,6871.978540513923
5157,6871.978540446289
5158,6871.978535610619
5159,6871.978535684999
5160,6871.978537872065
5161,6871.978538522334
5162,6871.978560237863
5163,6871.978535972891
5164,6871.978533269723
5165,6871.978537353612
5166,6871.978524762572
5167,6871.978535857611
5168,6871.97853642219
5169,6871.978534055869
5170,6871.978535470391
5171,6871.978538055295
5172,6871.97854153906
5173,6871.9785361847025
5174,6871.978532781077
5175,6871.978536604611
5176,6871.9785357457295
5177,6871.978539507191
5178,6871.978541343826
5179,6871.978538895378
5180,6871.978533417104
5181,6871.97853410895
5182,6871.97853547277
5183,6871.978538680256
5184,6871.978537835339
5185,6871.978531867946
5186,6871.978533061149
5187,6871.978536615326
5188,6871.978539302225
5189,6871.978533484244
5190,6871.978529418169
5191,6871.978533166813
5192,6871.978532792526
5193,6871.978539770409
5194,6865.481144207408
5195,6865.481144207406
5196,6865.481144207406
5197,6865.481144207404
5198,6865.481144207402
5199,6865.481144207404
5200,6865.481144207402
5201,6865.481144207403
5202,6865.481144207403
5203,6865.481139180678
5204,6865.481151729971
5205,6865.48114799999
5206,6865.481148008999
5207,6865.481140037809
5208,6865.481142213754
5209,6865.4811439087525
5210,6865.481147858665
5211,6865.481167486599
5212,6865.481143781716
5213,6865.481140687101
5214,6865.481147755481
5215,6865.481132578298
5216,6865.481141447195
5217,6865.481144498228
5218,6865.4811468042535
5219,6865.481140938176
5220,6865.4811452407175
5221,6865.481149404979
5222,6865.481143798381
5223,6865.481140723959
5224,6865.481144434095
5225,6865.481143643085
5226,6865.481147703779
5227,6865.481148558093
5228,6865.481146757744
5229,6865.481141085992
5230,6865.481141068832
5231,6865.481148123751
5232,6865.481145809263
5233,6865.481146036894
5234,6865.481138035888
5235,6865.481140619758
5236,6865.481144238373
5237,6865.481147514397
5238,6865.481140133695
5239,6865.481136760766
5240,6865.481140963135
5241,6865.481140333652
5242,6865.481146874069
5243,6873.459318486342
5244,6873.459318486344
5245,6873.459318486343
5246,6873.45931848634
5247,6873.459318486344
5248,6873.459318486346
5249,6873.459318486343
5250,6873.45931848634
5251,6873.45931848634
5252,6873.4593438424
5253,6873.459361308222
5254,6873.459315079016
5255,6873.4593228366575
5256,6873.459341308648
5257,6873.459333220897
5258,6873.459304237866
5259,6873.459340982787
5260,6873.459327970884
5261,6873.459320781814
5262,6873.459317077923
5263,6873.459304544907
5264,6873.4592574366825
5265,6873.459340223673
5266,6873.459320321854
5267,6873.4592896433205
5268,6873.459330632562
5269,6873.459289728276
5270,6873.459326172645
5271,6873.459318003868
5272,6873.459321391591
5273,6873.459316937161
5274,6873.45931874584
5275,6873.459323154113
5276,6873.459350340015
5277,6873.459320536811
5278,6873.459325659467
5279,6873.459308474028
5280,6873.459292787297
5281,6873.459322952758
5282,6873.459304335432
5283,6873.459335111407
5284,6873.4593118368275
5285,6873.459319166807
5286,6873.4593198950515
5287,6873.459309870522
5288,6873.459304998125
5289,6873.459316945271
5290,6873.4593118932235
5291,6873.459321086728
5292,6859.312651512235
5293,6859.312651512229
5294,6859.312651512231
5295,6859.312651512233
5296,6859.312651512231
5297,6859.312651512234
5298,6859.312651512235
5299,6859.312651512234
5300,6859.312651512229
5301,6859.3126583017065
5302,6859.312674194109
5303,6859.312652621402
5304,6859.312655698587
5305,6859.31265833914
5306,6859.312657107989
5307,6859.312644797773
5308,6859.312662459421
5309,6859.312669633536
5310,6859.312652135758
5311,6859.312648868881
5312,6859.312647624149
5313,6859.312617902854
5314,6859.312657483306
5315,6859.3126525301195
5316,6859.312640988774
5317,6859.31265418876
5318,6859.312639378534
5319,6859.312658057236
5320,6859.312650887876
5321,6859.31265065967
5322,6859.312651177366
5323,6859.312651276183
5324,6859.312655369801
5325,6859.312666052607
5326,6859.312654009163
5327,6859.312646615688
5328,6859.312646927161
5329,6859.312643705222
5330,6859.312654245208
5331,6859.312646798411
5332,6859.3126547516995
5333,6859.31264661073
5334,6859.312651493651
5335,6859.312653997683
5336,6859.312646473403
5337,6859.312641866393
5338,6859.312648916587
5339,6859.312646626314
5340,6859.3126542126265
5341,6847.582829017832
5342,6847.582829017838
5343,6847.582829017834
5344,6847.582829017831
5345,6847.582829017832
5346,6847.5828290178315
5347,6847.582829017834
5348,6847.582829017831
5349,6847.58282901783
5350,6847.5828279325015
5351,6847.582837231458
5352,6847.582832427399
5353,6847.582832344086
5354,6847.582830354777
5355,6847.582830188207
5356,6847.582824784242
5357,6847.58283791983
5358,6847.582849486778
5359,6847.582828963039
5360,6847.582825115407
5361,6847.58282985365
5362,6847.582814155396
5363,6847.5828281870445
5364,6847.582829099623
5365,6847.582828057144
5366,6847.582829557232
5367,6847.58282207345
5368,6847.582832800085
5369,6847.582829766101
5370,6847.58282781543
5371,6847.5828280872265
5372,6847.582828608566
5373,6847.582832887441
5374,6847.582836871602
5375,6847.5828301689135
5376,6847.582833335255
5377,6847.582821751821
5378,6847.582827860738
5379,6847.582829138064
5380,6847.582828354651
5381,6847.5828296798945
5382,6847.5828253618565
5383,6847.5828309997305
5384,6847.582832915405
5385,6847.582820695218
5386,6847.582821238886
5387,6847.5828258423435
5388,6847.582824385891
5389,6847.582830517203
5390,6831.618616219237
5391,6831.618616219244
5392,6831.618616219243
5393,6831.618616219239
5394,6831.618616219235
5395,6831.618616219238
5396,6831.61861621924
5397,6831.618616219237
5398,6831.618616219236
5399,6831.618610367958
5400,6831.618608805652
5401,6831.618624880017
5402,6831.618618412096
5403,6831.618612891411
5404,6831.618619613307
5405,6831.618613691635
5406,6831.618620210587
5407,6831.618640752172
5408,6831.618615088173
5409,6831.618611543965
5410,6831.618620739491
5411,6831.618623794296
5412,6831.6186089837975
5413,6831.6186144001695
5414,6831.618622811093
5415,6831.618615561229
5416,6831.618615851869
5417,6831.618616557214
5418,6831.618618119901
5419,6831.618615576691
5420,6831.618614471653
5421,6831.6186154854595
5422,6831.618618945116
5423,6831.618614089811
5424,6831.618615064643
5425,6831.618619203607
5426,6831.618609101932
5427,6831.618619470057
5428,6831.618611134416
5429,6831.618622690769
5430,6831.618615695999
5431,6831.61861416773
5432,6831.618620915866
5433,6831.618621122057
5434,6831.6186066555
5435,6831.618612909617
5436,6831.618612285517
5437,6831.618612943485
5438,6831.61861654701
5439,6816.1530021996
5440,6816.153002199609
5441,6816.153002199601
5442,6816.153002199604
5443,6816.1530021996
5444,6816.153002199603
5445,6816.1530021996
5446,6816.153002199602
5447,6816.153002199605
5448,6816.153002834791
5449,6816.15298984199
5450,6816.153014915015
5451,6816.153003315446
5452,6816.152997033715
5453,6816.1530110118565
5454,6816.153003795185
5455,6816.153001184823
5456,6816.153028507736
5457,6816.153000283621
5458,6816.152997596392
5459,6816.153008542684
5460,6816.153025913563
5461,6816.15300456857
5462,6816.152998736927
5463,6816.153009539515
5464,6816.153002745215
5465,6816.153012517409
5466,6816.153001156794
5467,6816.1530037235225
5468,6816.153002378156
5469,6816.152999818738
5470,6816.153001355075
5471,6816.153003124495
5472,6816.152999752319
5473,6816.152999070806
5474,6816.153003393991
5475,6816.152997061485
5476,6816.153002224732
5477,6816.152993054161
5478,6816.153015992089
5479,6816.153002099619
5480,6816.153001569015
5481,6816.153009004119
5482,6816.153007222606
5483,6816.152992884301
5484,6816.153002382895
5485,6816.1529983198425
5486,6816.153000633544
5487,6816.153002063918
5488,6805.273499656707
5489,6805.273499656708
5490,6805.273499656712
5491,6805.273499656709
5492,6805.273499656707
5493,6805.273499656709
5494,6805.273499656709
5495,6805.27349965671
5496,6805.273499656711
5497,6805.27349705228
5498,6805.273432700932
5499,6805.273516475878
5500,6805.273501237348
5501,6805.273507595523
5502,6805.2734813141
5503,6805.273526242111
5504,6805.273483920101
5505,6805.273542390281
5506,6805.273498097895
5507,6805.273493432912
5508,6805.273500894636
5509,6805.273552996131
5510,6805.273451677777
5511,6805.273499039084
5512,6805.273504182283
5513,6805.2735091092345
5514,6805.273498561182
5515,6805.273505664885
5516,6805.273502177052
5517,6805.273494768221
5518,6805.273497313271
5519,6805.273499727146
5520,6805.273499942616
5521,6805.27346742826
5522,6805.273498962725
5523,6805.273502419882
5524,6805.2734948160805
5525,6805.273496260366
5526,6805.273494374239
5527,6805.273508472646
5528,6805.2734985552215
5529,6805.273505568864
5530,6805.273511156451
5531,6805.2735062502015
5532,6805.27349170446
5533,6805.273509867857
5534,6805.273497433031
5535,6805.273500084874
5536,6805.273501026131
5537,6791.044274011996
5538,6791.044274011994
5539,6791.044274011997
5540,6791.044274011998
5541,6791.0442740120025
5542,6791.044274011997
5543,6791.044274011996
5544,6791.044274011996
5545,6791.044274011998
5546,6791.044282724237
5547,6791.044254072267
5548,6791.044289706206
5549,6791.044274988906
5550,6791.044280329689
5551,6791.044281131181
5552,6791.044283754999
5553,6791.044266515014
5554,6791.0443060908065
5555,6791.0442729060605
5556,6791.044271274656
5557,6791.044274682021
5558,6791.0442922789325
5559,6791.044265701232
5560,6791.044272911871
5561,6791.0442706927215
5562,6791.044281358958
5563,6791.044275669084
5564,6791.044278340982
5565,6791.044274892771
5566,6791.0442753039115
5567,6791.044272163172
5568,6791.044274372864
5569,6791.044273014993
5570,6791.044265966997
5571,6791.04427190548
5572,6791.044275828652
5573,6791.044275872766
5574,6791.044264389624
5575,6791.044265767201
5576,6791.044284730555
5577,6791.044277650506
5578,6791.044276051116
5579,6791.044281780386
5580,6791.044277008419
5581,6791.044271012526
5582,6791.044281018172
5583,6791.044273114698
5584,6791.044274867236
5585,6791.0442753659045
5586,6783.843550894516
5587,6783.843550894514
5588,6783.843550894507
5589,6783.84355089451
5590,6783.843550894515
5591,6783.843550894514
5592,6783.84355089452
5593,6783.843550894516
5594,6783.843550894515
5595,6783.843557677496
5596,6783.843557934806
5597,6783.843563354052
5598,6783.8435522048285
5599,6783.843557007222
5600,6783.8435641014285
5601,6783.843550698439
5602,6783.84354960735
5603,6783.843577226178
5604,6783.843550817532
5605,6783.843550166244
5606,6783.843550911228
5607,6783.843539050515
5608,6783.843553788132
5609,6783.843551275226
5610,6783.8435445469595
5611,6783.843555616359
5612,6783.843546403281
5613,6783.843555966582
5614,6783.843551228854
5615,6783.843554733134
5616,6783.843549980261
5617,6783.843551625648
5618,6783.84355015466
5619,6783.843554341691
5620,6783.843550164113
5621,6783.8435535168355
5622,6783.84355669007
5623,6783.843542088844
5624,6783.843544458792
5625,6783.843556637791
5626,6783.843554991927
5627,6783.843550041699
5628,6783.843554977965
5629,6783.843551632269
5630,6783.843551848455
5631,6783.843554681934
5632,6783.843551124048
5633,6783.843551304094
5634,6783.843552597732
5635,6779.36529117299
5636,6779.3652911729805
5637,6779.3652911729805
5638,6779.3652911729805
5639,6779.365291172978
5640,6779.365291172978
5641,6779.3652911729805
5642,6779.365291172984
5643,6779.365291172982
5644,6779.365294280104
5645,6779.3653036231935
5646,6779.365301566523
5647,6779.365292607568
5648,6779.365295798094
5649,6779.365299075217
5650,6779.365291190459
5651,6779.365291690534
5652,6779.365315467617
5653,6779.365291687835
5654,6779.365291263897
5655,6779.3652929675545
5656,6779.365272903726
5657,6779.365297098127
5658,6779.365292631006
5659,6779.365287103697
5660,6779.365294511561
5661,6779.365286706046
5662,6779.365296481619
5663,6779.365291491276
5664,6779.365295128589
5665,6779.365290691912
5666,6779.365292288362
5667,6779.365290500589
5668,6779.365298908812
5669,6779.365291565772
5670,6779.365294221199
5671,6779.365297589851
5672,6779.3652848573975
5673,6779.3652868968
5674,6779.365294223506
5675,6779.365293460272
5676,6779.365289531663
5677,6779.365293991272
5678,6779.3652909596385
5679,6779.365292927141
5680,6779.365293366128
5681,6779.365292532255
5682,6779.365291473041
5683,6779.365292911079
5684,6772.994727310533
5685,6772.994727310537
5686,6772.994727310536
5687,6772.994727310535
5688,6772.994727310537
5689,6772.994727310534
5690,6772.994727310531
5691,6772.994727310532
5692,6772.99472731053
5693,6772.994727762565
5694,6772.994734238049
5695,6772.9947357636065
5696,6772.994728683089
5697,6772.99472869128
5698,6772.994725422184
5699,6772.994730378582
5700,6772.994728002095
5701,6772.994750113174
5702,6772.994728093999
5703,6772.994727411642
5704,6772.9947326623715
5705,6772.994715800419
5706,6772.994735896815
5707,6772.9947290743985
5708,6772.9947281762725
5709,6772.994729456139
5710,6772.994727955948
5711,6772.994729665157
5712,6772.994729392705
5713,6772.994730127566
5714,6772.994726703953
5715,6772.994728607666
5716,6772.994726741286
5717,6772.994736760538
5718,6772.994728368918
5719,6772.994730484619
5720,6772.9947310085145
5721,6772.994723736072
5722,6772.9947255871775
5723,6772.994729107951
5724,6772.994727781715
5725,6772.994725310712
5726,6772.994730190647
5727,6772.994727091306
5728,6772.994727039188
5729,6772.994727418056
5730,6772.994729256014
5731,6772.9947271050905
5732,6772.994728762075
5733,6764.287594192537
5734,6764.2875941925395
5735,6764.287594192538
5736,6764.287594192538
5737,6764.287594192534
5738,6764.287594192538
5739,6764.287594192533
5740,6764.287594192539
5741,6764.287594192536
5742,6764.287578210895
5743,6764.287593477067
5744,6764.2876017207855
5745,6764.287595366331
5746,6764.287587256236
5747,6764.287585348006
5748,6764.287594453017
5749,6764.287595659597
5750,6764.2876164902855
5751,6764.287595199079
5752,6764.287594764146
5753,6764.287605655689
5754,6764.2875862450255
5755,6764.287591456595
5756,6764.287596535873
5757,6764.287606318406
5758,6764.287589989539
5759,6764.287596228378
5760,6764.287591800137
5761,6764.287598035659
5762,6764.287595802462
5763,6764.287593846659
5764,6764.287595818292
5765,6764.287593423429
5766,6764.287595939214
5767,6764.287596747021
5768,6764.287597462632
5769,6764.287596864278
5770,6764.287602844231
5771,6764.287592957604
5772,6764.287596755278
5773,6764.287589312776
5774,6764.287590474606
5775,6764.287595776267
5776,6764.287593417806
5777,6764.287594141879
5778,6764.287592442124
5779,6764.287596965139
5780,6764.287593490029
5781,6764.287594665579
5782,6755.200435999929
5783,6755.200435999923
5784,6755.200435999921
5785,6755.200435999921
5786,6755.200435999928
5787,6755.200435999928
5788,6755.200435999929
5789,6755.200435999931
5790,6755.200435999932
5791,6755.20042942627
5792,6755.2004222266805
5793,6755.20044169026
5794,6755.200436937033
5795,6755.200429769781
5796,6755.200418639963
5797,6755.200442458461
5798,6755.200434804696
5799,6755.20045863462
5800,6755.200436973416
5801,6755.200435767721
5802,6755.200448266845
5803,6755.20044392579
5804,6755.200437616717
5805,6755.200437875183
5806,6755.200447136846
5807,6755.200434380333
5808,6755.2004437944815
5809,6755.20042846322
5810,6755.200442249387
5811,6755.200433815411
5812,6755.200434893162
5813,6755.2004375808365
5814,6755.200435227052
5815,6755.200437411893
5816,6755.200439150003
5817,6755.200439226144
5818,6755.2004330269365
5819,6755.200439670411
5820,6755.200437954216
5821,6755.200435968056
5822,6755.200433754804
5823,6755.200432733315
5824,6755.200439351394
5825,6755.200436198986
5826,6755.200432156746
5827,6755.200431301821
5828,6755.20043870882
5829,6755.200434313215
5830,6755.200435291215
5831,6742.820200240292
5832,6742.820200240294
5833,6742.820200240294
5834,6742.820200240296
5835,6742.820200240295
5836,6742.820200240298
5837,6742.820200240296
5838,6742.820200240298
5839,6742.820200240298
5840,6742.820195840475
5841,6742.820181743195
5842,6742.8202062979135
5843,6742.820200963298
5844,6742.820195239377
5845,6742.820189552466
5846,6742.8202034298
5847,6742.820198999025
5848,6742.820224053859
5849,6742.820200933595
5850,6742.82019947662
5851,6742.820210821218
5852,6742.820211195545
5853,6742.8201951695955
5854,6742.820201276188
5855,6742.820209041182
5856,6742.82019903344
5857,6742.820203514464
5858,6742.820189000215
5859,6742.8202064464585
5860,6742.820195678137
5861,6742.820198608508
5862,6742.820201553902
5863,6742.82019946696
5864,6742.820194374236
5865,6742.820203721038
5866,6742.820203416497
5867,6742.82019486076
5868,6742.820202554536
5869,6742.820199841084
5870,6742.820199916758
5871,6742.820200998241
5872,6742.820196326092
5873,6742.820204215214
5874,6742.8202011093645
5875,6742.820195599907
5876,6742.820193894613
5877,6742.820202120646
5878,6742.820197786213
5879,6742.820197845837
5880,6729.931048436993
5881,6729.931048436995
5882,6729.931048436996
5883,6729.931048436991
5884,6729.931048436989
5885,6729.931048436991
5886,6729.931048436993
5887,6729.931048436988
5888,6729.931048436992
5889,6729.931055691819
5890,6729.931036509402
5891,6729.931051483574
5892,6729.931049047211
5893,6729.931051074997
5894,6729.931031367538
5895,6729.9310632641145
5896,6729.931056950454
5897,6729.931066846643
5898,6729.931049848971
5899,6729.931049375189
5900,6729.93105370517
5901,6729.931070460199
5902,6729.931055722256
5903,6729.931050059862
5904,6729.931054797486
5905,6729.931057276901
5906,6729.931049299843
5907,6729.931041007127
5908,6729.9310452504205
5909,6729.931042083578
5910,6729.931046492752
5911,6729.93105095216
5912,6729.931047105572
5913,6729.9310565678425
5914,6729.93105122154
5915,6729.931051122057
5916,6729.931034688028
5917,6729.931042937413
5918,6729.931048549903
5919,6729.931042687393
5920,6729.931053495671
5921,6729.931045565572
5922,6729.931053790251
5923,6729.931047567998
5924,6729.931038593009
5925,6729.931038532657
5926,6729.931054274313
5927,6729.9310470761075
5928,6729.931042679395
5929,6726.484452948557
5930,6726.4844529485545
5931,6726.4844529485545
5932,6726.4844529485545
5933,6726.484452948556
5934,6726.484452948549
5935,6726.484452948549
5936,6726.484452948556
5937,6726.484452948557
5938,6726.484477665588
5939,6726.484451237098
5940,6726.484464041038
5941,6726.484453327549
5942,6726.484449538938
5943,6726.484474257233
5944,6726.484458817173
5945,6726.484441295489
5946,6726.484487201962
5947,6726.484451652257
5948,6726.484450369306
5949,6726.484444676866
5950,6726.48446360717
5951,6726.484450293712
5952,6726.484453242398
5953,6726.484438888751
5954,6726.484454016855
5955,6726.484439712438
5956,6726.484451198693
5957,6726.484451318678
5958,6726.4844433238795
5959,6726.484452138572
5960,6726.484453860394
5961,6726.4844521580235
5962,6726.484439266069
5963,6726.484455845518
5964,6726.4844549169275
5965,6726.484451058638
5966,6726.484439063137
5967,6726.484439627754
5968,6726.484448658052
5969,6726.484459325578
5970,6726.4844543004965
5971,6726.4844587634725
5972,6726.484455492353
5973,6726.484453027024
5974,6726.484451497207
5975,6726.4844531569815
5976,6726.484451591608
5977,6726.484447533091
5978,6717.124739941384
5979,6717.124739941388
5980,6717.124739941388
5981,6717.124739941381
5982,6717.124739941383
5983,6717.124739941391
5984,6717.124739941381
5985,6717.124739941384
5986,6717.124739941389
5987,6717.1247534572685
5988,6717.124732975602
5989,6717.124747020002
5990,6717.124740450821
5991,6717.124739434585
5992,6717.12474201083
5993,6717.124749810301
5994,6717.12473866758
5995,6717.124766176501
5996,6717.1247399819185
5997,6717.12473917626
5998,6717.124739982998
5999,6717.1247555960035
6000,6717.1247410098385
6001,6717.124740915295
6002,6717.124737745258
6003,6717.124744309078
6004,6717.124734327503
6005,6717.124735253796
6006,6717.12473743223
6007,6717.124732122038
6008,6717.124738631935
6009,6717.12474163902
6010,6717.124738869236
6011,6717.124736495742
6012,6717.124742834642
6013,6717.124742301392
6014,6717.124732934498
6015,6717.124731766899
6016,6717.1247333133215
6017,6717.124735170965
6018,6717.124744992377
6019,6717.1247390227745
6020,6717.124745252297
6021,6717.124740705367
6022,6717.124735247825
6023,6717.124734394196
6024,6717.124742909919
6025,6717.124738582032
6026,6717.124734335959
6027,6702.921056015075
6028,6702.921056015082
6029,6702.921056015078
6030,6702.921056015076
6031,6702.921056015074
6032,6702.921056015076
6033,6702.921056015075
6034,6702.921056015079
6035,6702.9210560150805
6036,6702.921063053486
6037,6702.921070482377
6038,6702.921064978576
6039,6702.921056596104
6040,6702.921052174809
6041,6702.921071897286
6042,6702.921055029265
6043,6702.921054154955
6044,6702.921082208702
6045,6702.9210560797255
6046,6702.921057115072
6047,6702.921056319714
6048,6702.921044116571
6049,6702.921059508815
6050,6702.921058545992
6051,6702.9210520551915
6052,6702.9210540995045
6053,6702.921045485784
6054,6702.921052960242
6055,6702.921054192769
6056,6702.921052304814
6057,6702.921056260073
6058,6702.921058309801
6059,6702.921054605519
6060,6702.921054363116
6061,6702.921059121927
6062,6702.921058418009
6063,6702.921060985047
6064,6702.921052016868
6065,6702.921046062491
6066,6702.921050664558
6067,6702.9210589702025
6068,6702.921053999797
6069,6702.921057843282
6070,6702.921054504527
6071,6702.921059936632
6072,6702.9210535284155
6073,6702.921060190732
6074,6702.921055396386
6075,6702.921051961539
6076,6687.132467365103
6077,6687.132467365103
6078,6687.1324673651025
6079,6687.132467365104
6080,6687.132467365103
6081,6687.132467365105
6082,6687.1324673651025
6083,6687.132467365105
6084,6687.132467365103
6085,6687.1324705763745
6086,6687.132487565641
6087,6687.132476452825
6088,6687.1324681968845
6089,6687.132461622536
6090,6687.132478870473
6091,6687.132467656669
6092,6687.132465451787
6093,6687.13249305497
6094,6687.132467562098
6095,6687.1324697260025
6096,6687.132466499146
6097,6687.132448857092
6098,6687.1324732461135
6099,6687.132472032121
6100,6687.132465050394
6101,6687.1324642217105
6102,6687.132455949238
6103,6687.132466742136
6104,6687.132466016985
6105,6687.132466517074
6106,6687.132468910206
6107,6687.132470647858
6108,6687.132465954237
6109,6687.13247002952
6110,6687.1324699284105
6111,6687.13246969573
6112,6687.13247644295
6113,6687.132466234946
6114,6687.132458848681
6115,6687.132458213105
6116,6687.132468092112
6117,6687.132466882402
6118,6687.132467805437
6119,6687.1324641654255
6120,6687.132473650758
6121,6687.132468341837
6122,6687.132473975499
6123,6687.132467596575
6124,6687.132464756561
6125,6667.135545023021
6126,6667.13554502302
6127,6667.135545023017
6128,6667.135545023018
6129,6667.135545023022
6130,6667.135545023022
6131,6667.1355450230185
6132,6667.135545023019
6133,6667.1355450230185
6134,6667.135526679875
6135,6667.135528638833
6136,6667.135555579888
6137,6667.135545985043
6138,6667.135529865825
6139,6667.135528445053
6140,6667.135549903697
6141,6667.135544690647
6142,6667.135567713253
6143,6667.13554428369
6144,6667.135545443269
6145,6667.135548935328
6146,6667.135563407624
6147,6667.1355410596825
6148,6667.1355491417025
6149,6667.135563476296
6150,6667.135542266901
6151,6667.1355488073905
6152,6667.135537886476
6153,6667.135551864563
6154,6667.13555032826
6155,6667.1355462287775
6156,6667.135547617056
6157,6667.135543958168
6158,6667.13554206649
6159,6667.135542582093
6160,6667.135545783834
6161,6667.1355441086835
6162,6667.13555896683
6163,6667.135543851771
6164,6667.135543191183
6165,6667.135539964577
6166,6667.135547833242
6167,6667.135547216574
6168,6667.135543800039
6169,6667.135539608639
6170,6667.13555292217
6171,6667.135549486749
6172,6667.135545455416
6173,6667.13554686778
6174,6659.001352456669
6175,6659.001352456669
6176,6659.001352456666
6177,6659.001352456666
6178,6659.001352456665
6179,6659.001352456666
6180,6659.001352456666
6181,6659.001352456665
6182,6659.001352456666
6183,6659.001343983877
6184,6659.001369193077
6185,6659.001360516497
6186,6659.00135353253
6187,6659.001342008267
6188,6659.00135003851
6189,6659.001341737992
6190,6659.001360990675
6191,6659.001367324712
6192,6659.001352774842
6193,6659.001354905658
6194,6659.001351499239
6195,6659.001335919988
6196,6659.001369641293
6197,6659.001356785395
6198,6659.001359494074
6199,6659.001350493653
6200,6659.00135090943
6201,6659.001339334847
6202,6659.001362563051
6203,6659.0013615364605
6204,6659.001353741607
6205,6659.001354941197
6206,6659.0013513899385
6207,6659.001368691521
6208,6659.001349671498
6209,6659.001353914728
6210,6659.0013540023265
6211,6659.001358468409
6212,6659.001352664363
6213,6659.001345649244
6214,6659.001352587315
6215,6659.0013517989755
6216,6659.001351814556
6217,6659.001349181088
6218,6659.001351417137
6219,6659.001356133275
6220,6659.001357039118
6221,6659.001352517409
6222,6659.001355022099
6223,6651.009428538468
6224,6651.009428538462
6225,6651.009428538469
6226,6651.00942853847
6227,6651.009428538468
6228,6651.009428538468
6229,6651.009428538468
6230,6651.00942853846
6231,6651.009428538468
6232,6651.00942339849
6233,6651.009442238513
6234,6651.009439449885
6235,6651.009429739148
6236,6651.009423551725
6237,6651.009435001159
6238,6651.009415977396
6239,6651.009431201187
6240,6651.009448240473
6241,6651.009428416237
6242,6651.009430055901
6243,6651.009424968361
6244,6651.00940331527
6245,6651.009437617744
6246,6651.009432546359
6247,6651.009427607679
6248,6651.009426560468
6249,6651.009421778667
6250,6651.009418603554
6251,6651.009440457972
6252,6651.009438423202
6253,6651.00942972642
6254,6651.009430542024
6255,6651.009427776173
6256,6651.009436537749
6257,6651.009425937882
6258,6651.009430215966
6259,6651.009434445847
6260,6651.009429724798
6261,6651.009426151354
6262,6651.0094235239885
6263,6651.009429912104
6264,6651.009428278331
6265,6651.009428363893
6266,6651.009426279485
6267,6651.009431809533
6268,6651.009435814514
6269,6651.009431249989
6270,6651.009428601511
6271,6651.009432692921
6272,6632.22026163721
6273,6632.220261637206
6274,6632.220261637202
6275,6632.220261637204
6276,6632.220261637203
6277,6632.22026163721
6278,6632.22026163721
6279,6632.2202616372115
6280,6632.220261637209
6281,6632.220274106714
6282,6632.220262829357
6283,6632.220271120634
6284,6632.220262811499
6285,6632.220262500156
6286,6632.2202568227995
6287,6632.2202624005295
6288,6632.220263803954
6289,6632.2202809514865
6290,6632.220261315466
6291,6632.220262392284
6292,6632.220255067225
6293,6632.220259036289
6294,6632.22027885583
6295,6632.2202650600575
6296,6632.22025676491
6297,6632.220268124134
6298,6632.220266069313
6299,6632.220253158693
6300,6632.2202716016045
6301,6632.220268144318
6302,6632.22026230092
6303,6632.220263717745
6304,6632.22026012845
6305,6632.220275838552
6306,6632.220258728122
6307,6632.220262090452
6308,6632.220258168847
6309,6632.2202520206065
6310,6632.220265537007
6311,6632.220259269484
6312,6632.220264110309
6313,6632.220263162823
6314,6632.220263445788
6315,6632.220260240977
6316,6632.22026055659
6317,6632.220267703611
6318,6632.220264997814
6319,6632.220262010943
6320,6632.220264682086
6321,6614.832858474685
6322,6614.832858474686
6323,6614.832858474682
6324,6614.832858474685
6325,6614.832858474684
6326,6614.83285847468
6327,6614.8328584746805
6328,6614.832858474681
6329,6614.8328584746805
6330,6614.832880764953
6331,6614.832842417245
6332,6614.832866342695
6333,6614.832859695944
6334,6614.832860605053
6335,6614.832843085935
6336,6614.832872581492
6337,6614.832863124753
6338,6614.832877308211
6339,6614.8328578480105
6340,6614.832857436785
6341,6614.832850174718
6342,6614.832887143126
6343,6614.832874713743
6344,6614.8328603170985
6345,6614.832855889413
6346,6614.83287116369
6347,6614.8328751893305
6348,6614.832851641887
6349,6614.832862060095
6350,6614.83285903057
6351,6614.832858520574
6352,6614.83286008565
6353,6614.832856482328
6354,6614.832872626212
6355,6614.832856093512
6356,6614.832857031041
6357,6614.832842456402
6358,6614.832844571005
6359,6614.83286711492
6360,6614.832864506372
6361,6614.832859424299
6362,6614.832860768804
6363,6614.832861730583
6364,6614.832859055989
6365,6614.832851294233
6366,6614.832861455384
6367,6614.832861451587
6368,6614.832858576978
6369,6614.832858118674
6370,6602.684357668244
6371,6602.684357668246
6372,6602.6843576682495
6373,6602.6843576682495
6374,6602.684357668253
6375,6602.684357668249
6376,6602.684357668249
6377,6602.684357668246
6378,6602.6843576682495
6379,6602.68436467886
6380,6602.684352082482
6381,6602.684366040492
6382,6602.684359221817
6383,6602.6843597296365
6384,6602.6843548160805
6385,6602.684366234033
6386,6602.684364296453
6387,6602.684379087725
6388,6602.684357377654
6389,6602.6843560958105
6390,6602.684348030523
6391,6602.68436688878
6392,6602.684357114192
6393,6602.684359280162
6394,6602.684354973073
6395,6602.684364485709
6396,6602.6843597865145
6397,6602.684355274421
6398,6602.684355150979
6399,6602.684355521846
6400,6602.684357961807
6401,6602.684358818571
6402,6602.684357089067
6403,6602.684361729753
6404,6602.684358135535
6405,6602.684358691795
6406,6602.684349270073
6407,6602.684350974663
6408,6602.684358333818
6409,6602.684364037117
6410,6602.684357369012
6411,6602.684357626504
6412,6602.684359163239
6413,6602.68435881231
6414,6602.684355949309
6415,6602.68435879816
6416,6602.684359631758
6417,6602.684357074935
6418,6602.68435541701
6419,6596.270980453155
6420,6596.270980453155
6421,6596.270980453152
6422,6596.270980453155
6423,6596.270980453154
6424,6596.270980453155
6425,6596.2709804531605
6426,6596.270980453157
6427,6596.270980453159
6428,6596.270977918109
6429,6596.270964909497
6430,6596.270986725568
6431,6596.270982317927
6432,6596.270977074441
6433,6596.270961676398
6434,6596.270994039378
6435,6596.270985077184
6436,6596.271002696764
6437,6596.27098046605
6438,6596.2709776482125
6439,6596.270975658719
6440,6596.2710008074155
6441,6596.270972595061
6442,6596.27098223863
6443,6596.270988182366
6444,6596.270984737439
6445,6596.270988736129
6446,6596.270976284129
6447,6596.270977993712
6448,6596.270975210459
6449,6596.270981089211
6450,6596.2709812900375
6451,6596.270980041448
6452,6596.27098014779
6453,6596.270982641381
6454,6596.270981860851
6455,6596.270971529074
6456,6596.270982394564
6457,6596.270986847371
6458,6596.2709839546915
6459,6596.270975481687
6460,6596.270980576528
6461,6596.270981387814
6462,6596.270982802512
6463,6596.270977653838
6464,6596.27098061938
6465,6596.270982132655
6466,6596.270979453753
6467,6596.270976126182
6468,6590.795192311475
6469,6590.795192311472
6470,6590.7951923114715
6471,6590.795192311471
6472,6590.795192311472
6473,6590.795192311469
6474,6590.795192311475
6475,6590.7951923114715
6476,6590.795192311469
6477,6590.795184001733
6478,6590.795196926603
6479,6590.795201104128
6480,6590.7951942081145
6481,6590.795186833761
6482,6590.79519638147
6483,6590.795193861225
6484,6590.7952014887405
6485,6590.795212523704
6486,6590.795192022413
6487,6590.795190329979
6488,6590.795187285013
6489,6590.795191868683
6490,6590.795189994385
6491,6590.795193140451
6492,6590.795197613004
6493,6590.795191401304
6494,6590.795197125658
6495,6590.795187251566
6496,6590.795187597208
6497,6590.795189563131
6498,6590.79519323629
6499,6590.795192796638
6500,6590.795192382742
6501,6590.7951948783975
6502,6590.795193580414
6503,6590.795194139365
6504,6590.795192900902
6505,6590.7951963308815
6506,6590.795190903996
6507,6590.7952020740495
6508,6590.795187959972
6509,6590.795190349745
6510,6590.795191116787
6511,6590.795193833637
6512,6590.795194700135
6513,6590.795192372484
6514,6590.795193050549
6515,6590.795191254868
6516,6590.795188303584
6517,6585.802381948661
6518,6585.80238194866
6519,6585.80238194866
6520,6585.802381948656
6521,6585.802381948659
6522,6585.802381948661
6523,6585.80238194866
6524,6585.802381948662
6525,6585.802381948659
6526,6585.802370910612
6527,6585.802397756401
6528,6585.802391376343
6529,6585.802384074628
6530,6585.802376496833
6531,6585.8023935396795
6532,6585.802379283484
6533,6585.802390732393
6534,6585.802402771011
6535,6585.802381727964
6536,6585.8023804913555
6537,6585.802375878942
6538,6585.80236606381
6539,6585.802380023747
6540,6585.802383233746
6541,6585.802384696827
6542,6585.802378034752
6543,6585.802380726234
6544,6585.802378588019
6545,6585.802376962009
6546,6585.802380284316
6547,6585.8023834106825
6548,6585.802382503069
6549,6585.802382588569
6550,6585.802385157644
6551,6585.802383536544
6552,6585.802383374643
6553,6585.802389631102
6554,6585.802386870307
6555,6585.80237754547
6556,6585.802388251139
6557,6585.802378226913
6558,6585.802379774916
6559,6585.802379608916
6560,6585.802382840632
6561,6585.802388609021
6562,6585.8023829198555
6563,6585.802382821433
6564,6585.802380925677
6565,6585.802378272932
6566,6577.476848312461
6567,6577.476848312464
6568,6577.476848312459
6569,6577.476848312462
6570,6577.4768483124635
6571,6577.476848312461
6572,6577.47684831246
6573,6577.47684831246
6574,6577.476848312461
6575,6577.476844925743
6576,6577.476865819954
6577,6577.476858154627
6578,6577.4768508421075
6579,6577.476843327055
6580,6577.476860500094
6581,6577.4768482576965
6582,6577.4768542416605
6583,6577.476870455044
6584,6577.476847718501
6585,6577.476846537393
6586,6577.47684076499
6587,6577.476833529266
6588,6577.476850907409
6589,6577.4768496677025
6590,6577.476848471348
6591,6577.476844845649
6592,6577.476849545585
6593,6577.4768478255555
6594,6577.476843223489
6595,6577.476846623668
6596,6577.476850337806
6597,6577.476848815204
6598,6577.4768492866915
6599,6577.476853798191
6600,6577.47684945481
6601,6577.476850071068
6602,6577.476858043465
6603,6577.476849563278
6604,6577.4768449298135
6605,6577.476852399037
6606,6577.4768452003045
6607,6577.476847979942
6608,6577.476845950517
6609,6577.476849434683
6610,6577.476856395089
6611,6577.476851265057
6612,6577.476849152246
6613,6577.476847417543
6614,6577.476844277228
6615,6579.854900856193
6616,6579.854900856197
6617,6579.854900856197
6618,6579.8549008561995
6619,6579.854900856193
6620,6579.854900856196
6621,6579.854900856191
6622,6579.854900856194
6623,6579.854900856197
6624,6579.854902906901
6625,6579.85489166485
6626,6579.854909589378
6627,6579.854904071384
6628,6579.85490654383
6629,6579.854902628431
6630,6579.854903431489
6631,6579.854876598736
6632,6579.854942210703
6633,6579.85489991001
6634,6579.854893794598
6635,6579.854887198822
6636,6579.854873173904
6637,6579.854868994418
6638,6579.854903573805
6639,6579.854884711937
6640,6579.854894543304
6641,6579.854877978948
6642,6579.854907812081
6643,6579.854910927366
6644,6579.854893812573
6645,6579.854902747103
6646,6579.854900128724
6647,6579.8549050648535
6648,6579.854872206308
6649,6579.854908187801
6650,6579.85489948989
6651,6579.854915745704
6652,6579.854895650391
6653,6579.854895871541
6654,6579.854883529099
6655,6579.854901989855
6656,6579.8549047869365
6657,6579.854902678711
6658,6579.854907514937
6659,6579.854914427518
6660,6579.854910087124
6661,6579.854896096782
6662,6579.854897561991
6663,6579.854901645441
6664,6568.5377789262975
6665,6568.537778926298
6666,6568.5377789262975
6667,6568.537778926304
6668,6568.537778926298
6669,6568.537778926302
6670,6568.537778926303
6671,6568.537778926302
6672,6568.537778926297
6673,6568.537777023995
6674,6568.537783814366
6675,6568.5377885057715
6676,6568.537781765124
6677,6568.5377789714985
6678,6568.537786660163
6679,6568.537780232857
6680,6568.537770300577
6681,6568.537810318643
6682,6568.537778092064
6683,6568.537774699217
6684,6568.537768340836
6685,6568.537756750845
6686,6568.537764041331
6687,6568.537780868486
6688,6568.537771335674
6689,6568.5377738004
6690,6568.537767844038
6691,6568.537782404151
6692,6568.537780687988
6693,6568.5377747534985
6694,6568.537780918736
6695,6568.537778795201
6696,6568.537781461686
6697,6568.537767384038
6698,6568.537782953928
6699,6568.537779214416
6700,6568.537792094493
6701,6568.5377775495035
6702,6568.537774456739
6703,6568.537772644995
6704,6568.537777714642
6705,6568.537780655974
6706,6568.537778417099
6707,6568.537782620763
6708,6568.537790195359
6709,6568.537785059254
6710,6568.537777021339
6711,6568.537777023113
6712,6568.537777146107
6713,6554.207132755289
6714,6554.207132755285
6715,6554.207132755283
6716,6554.20713275529
6717,6554.2071327552885
6718,6554.207132755291
6719,6554.207132755289
6720,6554.207132755284
6721,6554.2071327552885
6722,6554.207142060628
6723,6554.207140615797
6724,6554.207140042636
6725,6554.20713617732
6726,6554.207132487378
6727,6554.207133424897
6728,6554.207137928349
6729,6554.207132114966
6730,6554.207157792411
6731,6554.2071318862545
6732,6554.207129580143
6733,6554.207128414853
6734,6554.207130853655
6735,6554.207132535433
6736,6554.207133515004
6737,6554.207132405398
6738,6554.207130988224
6739,6554.207135457658
6740,6554.2071381844735
6741,6554.2071296186205
6742,6554.2071282125635
6743,6554.2071347862275
6744,6554.207132849442
6745,6554.207135555518
6746,6554.207135662348
6747,6554.207135098254
6748,6554.207133862266
6749,6554.2071385937625
6750,6554.207128411508
6751,6554.20713318934
6752,6554.2071269262
6753,6554.2071334944485
6754,6554.207134535176
6755,6554.20713184405
6756,6554.207135380739
6757,6554.207137955348
6758,6554.207134534604
6759,6554.207132749808
6760,6554.207130132454
6761,6554.207126438067
6762,6554.839690503359
6763,6554.83969050336
6764,6554.839690503359
6765,6554.839690503359
6766,6554.839690503362
6767,6554.839690503358
6768,6554.839690503357
6769,6554.8396905033605
6770,6554.839690503362
6771,6554.839673911807
6772,6554.839675161377
6773,6554.83970596525
6774,6554.839693701148
6775,6554.839679287479
6776,6554.839705555417
6777,6554.839693660115
6778,6554.839684128452
6779,6554.839720097094
6780,6554.839687450216
6781,6554.8396877455925
6782,6554.839698513921
6783,6554.839709288137
6784,6554.839677362402
6785,6554.83969037355
6786,6554.8397034416175
6787,6554.83967909973
6788,6554.839695497369
6789,6554.839700161536
6790,6554.839683751108
6791,6554.839690597621
6792,6554.839692042752
6793,6554.839691148732
6794,6554.839694978491
6795,6554.83967005938
6796,6554.839689489575
6797,6554.839692321568
6798,6554.839706543081
6799,6554.83969974922
6800,6554.839675322137
6801,6554.83970513452
6802,6554.83968852237
6803,6554.839693370928
6804,6554.839691738506
6805,6554.8396926722435
6806,6554.839692873846
6807,6554.839700147919
6808,6554.839690113301
6809,6554.839687272486
6810,6554.839690450172
6811,6549.109662329805
6812,6549.109662329811
6813,6549.109662329812
6814,6549.109662329808
6815,6549.109662329805
6816,6549.109662329807
6817,6549.109662329805
6818,6549.109662329811
6819,6549.109662329811
6820,6549.109658429914
6821,6549.109659422591
6822,6549.109673602014
6823,6549.109665658251
6824,6549.109656867864
6825,6549.109670435972
6826,6549.109666407598
6827,6549.109659015323
6828,6549.1096896262625
6829,6549.109660413988
6830,6549.109659391688
6831,6549.109663933214
6832,6549.109669344798
6833,6549.109655459211
6834,6549.109662680807
6835,6549.109668347713
6836,6549.109655671866
6837,6549.109665507547
6838,6549.10966999657
6839,6549.109657278788
6840,6549.10966003059
6841,6549.10966413598
6842,6549.109662699033
6843,6549.109666047035
6844,6549.109653766252
6845,6549.109663120241
6846,6549.109663747193
6847,6549.109673535237
6848,6549.109664787768
6849,6549.10965484436
6850,6549.109666373217
6851,6549.109661753799
6852,6549.109664575616
6853,6549.1096624030715
6854,6549.109664697844
6855,6549.109666407762
6856,6549.109667898889
6857,6549.109662147488
6858,6549.109659390144
6859,6549.109659158734
6860,6544.855169197041
6861,6544.855169197046
6862,6544.855169197041
6863,6544.855169197041
6864,6544.855169197046
6865,6544.855169197048
6866,6544.8551691970415
6867,6544.855169197041
6868,6544.855169197042
6869,6544.855177191396
6870,6544.855192949431
6871,6544.855179824187
6872,6544.855172098788
6873,6544.855173545676
6874,6544.855195023834
6875,6544.855156247133
6876,6544.85517614952
6877,6544.855188104439
6878,6544.855168122156
6879,6544.855169718807
6880,6544.85516590157
6881,6544.855143590129
6882,6544.855175212482
6883,6544.855169088962
6884,6544.85516064624
6885,6544.855165651583
6886,6544.855161055193
6887,6544.855170935527
6888,6544.855169063398
6889,6544.8551715203685
6890,6544.855170164534
6891,6544.855169891377
6892,6544.855173019827
6893,6544.855176616915
6894,6544.855168220429
6895,6544.8551688542875
6896,6544.8551783862695
6897,6544.855160360665
6898,6544.855158805115
6899,6544.8551676956085
6900,6544.855177825838
6901,6544.855167267415
6902,6544.855167759795
6903,6544.855168176417
6904,6544.855174636094
6905,6544.855168455759
6906,6544.855170126779
6907,6544.85516544216
6908,6544.855167659756
6909,6541.213677278024
6910,6541.213677278024
6911,6541.213677278022
6912,6541.2136772780295
6913,6541.213677278027
6914,6541.213677278027
6915,6541.213677278029
6916,6541.213677278029
6917,6541.213677278028
6918,6541.213678758768
6919,6541.213678474061
6920,6541.213686875337
6921,6541.213680219578
6922,6541.213676762976
6923,6541.213682478787
6924,6541.213672304002
6925,6541.213679865087
6926,6541.213697557043
6927,6541.213675942025
6928,6541.213676319816
6929,6541.213678810539
6930,6541.213678055502
6931,6541.21367588955
6932,6541.213677157585
6933,6541.213680131812
6934,6541.213674589985
6935,6541.213679334166
6936,6541.213677640804
6937,6541.213679079797
6938,6541.213678194042
6939,6541.213678077258
6940,6541.213677817813
6941,6541.213680750826
6942,6541.21367833335
6943,6541.213676290667
6944,6541.213677623141
6945,6541.21368003283
6946,6541.2136750339505
6947,6541.2136738637155
6948,6541.213677380182
6949,6541.213681313166
6950,6541.213677052345
6951,6541.21367727412
6952,6541.213677785242
6953,6541.213676990442
6954,6541.213678203558
6955,6541.213677709769
6956,6541.213673668612
6957,6541.213675964358
6958,6540.305657942348
6959,6540.30565794235
6960,6540.305657942347
6961,6540.305657942339
6962,6540.305657942346
6963,6540.305657942346
6964,6540.305657942344
6965,6540.3056579423455
6966,6540.305657942345
6967,6540.305657450623
6968,6540.305654123295
6969,6540.305667196942
6970,6540.305660851302
6971,6540.305656655441
6972,6540.3056573426375
6973,6540.305654876086
6974,6540.3056602865945
6975,6540.305677876028
6976,6540.3056566298665
6977,6540.305656828341
6978,6540.305660104073
6979,6540.305664306338
6980,6540.305654863215
6981,6540.305657911258
6982,6540.305663382005
6983,6540.305656054008
6984,6540.305662115534
6985,6540.305657648898
6986,6540.305660325142
6987,6540.305658928713
6988,6540.305658657455
6989,6540.305658494877
6990,6540.3056612288065
6991,6540.305658443111
6992,6540.3056567681415
6993,6540.305658442104
6994,6540.305658365954
6995,6540.305657227053
6996,6540.305656666478
6997,6540.305658344272
6998,6540.3056607977105
6999,6540.3056579859685
7000,6540.30565822836
7001,6540.305658614903
7002,6540.30565602562
7003,6540.305659228958
7004,6540.305658399802
7005,6540.305654550535
7006,6540.30565702644
7007,6538.793142792039
7008,6538.79314279205
7009,6538.79314279205
7010,6538.79314279205
7011,6538.793142792045
7012,6538.793142792047
7013,6538.793142792045
7014,6538.793142792047
7015,6538.793142792048
7016,6538.793141703697
7017,6538.793134211488
7018,6538.793151602009
7019,6538.793145727416
7020,6538.7931416584215
7021,6538.793135620996
7022,6538.7931420115
7023,6538.793145141745
7024,6538.793161956894
7025,6538.7931415036965
7026,6538.793141713675
7027,6538.793145174281
7028,6538.7931547433
7029,6538.793138674196
7030,6538.7931428936745
7031,6538.793150117974
7032,6538.793142397525
7033,6538.79314880142
7034,6538.7931425157085
7035,6538.793145836314
7036,6538.793144218038
7037,6538.793143400053
7038,6538.793143414456
7039,6538.793146041417
7040,6538.79314380923
7041,6538.793141175773
7042,6538.7931433664435
7043,6538.793140048024
7044,6538.7931425226325
7045,6538.793144011846
7046,6538.7931428001775
7047,6538.793144932346
7048,6538.79314326202
7049,6538.793143468244
7050,6538.793143430992
7051,6538.793138853958
7052,6538.793144514628
7053,6538.79314344352
7054,6538.793139685385
7055,6538.793142581237
7056,6535.681971122668
7057,6535.681971122667
7058,6535.681971122665
7059,6535.681971122668
7060,6535.6819711226635
7061,6535.681971122665
7062,6535.681971122668
7063,6535.681971122667
7064,6535.681971122671
7065,6535.681969805126
7066,6535.681959373286
7067,6535.681979355781
7068,6535.6819741725585
7069,6535.681971432915
7070,6535.681956631011
7071,6535.68197337807
7072,6535.681973431391
7073,6535.681989286561
7074,6535.681969934919
7075,6535.6819703460815
7076,6535.681972576641
7077,6535.681985855734
7078,6535.681965924677
7079,6535.681971593895
7080,6535.681978960671
7081,6535.681972784418
7082,6535.681977317498
7083,6535.681972139746
7084,6535.681974657519
7085,6535.68197341749
7086,6535.681971680686
7087,6535.681971894212
7088,6535.681974520814
7089,6535.681973576081
7090,6535.681968988782
7091,6535.681971610796
7092,6535.681965343776
7093,6535.681970380537
7094,6535.68197496509
7095,6535.6819692370755
7096,6535.681972726519
7097,6535.681972236724
7098,6535.681972180588
7099,6535.681971439489
7100,6535.681965658006
7101,6535.681973788812
7102,6535.6819721952525
7103,6535.681968643832
7104,6535.68197216862
7105,6529.961643394192
7106,6529.961643394193
7107,6529.961643394192
7108,6529.961643394188
7109,6529.961643394194
7110,6529.96164339419
7111,6529.961643394195
7112,6529.961643394192
7113,6529.961643394191
7114,6529.961638795438
7115,6529.961631390949
7116,6529.9616525308975
7117,6529.96164651496
7118,6529.961642130304
7119,6529.9616299408
7120,6529.961645370859
7121,6529.96164680094
7122,6529.961659246877
7123,6529.961641884302
7124,6529.961643005433
7125,6529.961645885809
7126,6529.96166034055
7127,6529.961640950296
7128,6529.961643135745
7129,6529.961653302343
7130,6529.961644812651
7131,6529.96165506871
7132,6529.9616434265645
7133,6529.961646060123
7134,6529.961646802564
7135,6529.961643849052
7136,6529.961643978182
7137,6529.961646633399
7138,6529.961647261241
7139,6529.961639879809
7140,6529.9616445636975
7141,6529.961638711884
7142,6529.961643745488
7143,6529.961647671933
7144,6529.961646792303
7145,6529.961643222912
7146,6529.96164443122
7147,6529.961644255882
7148,6529.961643375714
7149,6529.961638134858
7150,6529.961647122928
7151,6529.96164406178
7152,6529.961642120694
7153,6529.961645622316
7154,6642.8329208873065
7155,6642.832920887295
7156,6642.832920887304
7157,6642.832920887298
7158,6642.832920887295
7159,6642.832920887305
7160,6642.8329208873
7161,6642.832920887302
7162,6642.832920887304
7163,6642.833044907699
7164,6642.832834768353
7165,6642.832919699687
7166,6642.832923308863
7167,6642.832964874726
7168,6642.832858270591
7169,6642.832985986776
7170,6642.832899358842
7171,6642.832945994735
7172,6642.832919428244
7173,6642.832918677734
7174,6642.832896883873
7175,6642.833025819083
7176,6642.832935537448
7177,6642.832920589835
7178,6642.832876484255
7179,6642.8329736395035
7180,6642.832951909946
7181,6642.832951828183
7182,6642.832924094279
7183,6642.83291342864
7184,6642.8329170891275
7185,6642.832922171698
7186,6642.832922349888
7187,6642.832929774372
7188,6642.832918622998
7189,6642.8329198106885
7190,6642.832842736203
7191,6642.832839556529
7192,6642.832956243899
7193,6642.832916842685
7194,6642.832936709281
7195,6642.832933589442
7196,6642.832937730609
7197,6642.8329230796035
7198,6642.832890228352
7199,6642.83292879119
7200,6642.832923352685
7201,6642.832923330234
7202,6642.83292896489
7203,6526.825211984453
7204,6526.825211984451
7205,6526.825211984452
7206,6526.825211984448
7207,6526.82521198445
7208,6526.825211984451
7209,6526.825211984449
7210,6526.825211984446
7211,6526.825211984446
7212,6526.825222021085
7213,6526.825188613437
7214,6526.825219452562
7215,6526.825215051262
7216,6526.825216246166
7217,6526.8251886503385
7218,6526.825222719677
7219,6526.8252109640325
7220,6526.825229484359
7221,6526.825210530488
7222,6526.825211221698
7223,6526.825211162006
7224,6526.825241252511
7225,6526.825209320141
7226,6526.825211930071
7227,6526.825216112717
7228,6526.825219807877
7229,6526.825225626827
7230,6526.82521580178
7231,6526.82521557151
7232,6526.825213726455
7233,6526.825211937402
7234,6526.825212681895
7235,6526.825214923697
7236,6526.825215296654
7237,6526.825208906244
7238,6526.825212725696
7239,6526.825197544706
7240,6526.825203271766
7241,6526.825220911867
7242,6526.825213019577
7243,6526.8252132423595
7244,6526.825214791236
7245,6526.825215040146
7246,6526.825212395501
7247,6526.825203139448
7248,6526.825216332196
7249,6526.825212916834
7250,6526.825211074295
7251,6526.8252149671625
7252,6518.838714347544
7253,6518.838714347539
7254,6518.838714347539
7255,6518.838714347539
7256,6518.838714347539
7257,6518.8387143475375
7258,6518.838714347537
7259,6518.838714347543
7260,6518.838714347543
7261,6518.838720500158
7262,6518.838703733107
7263,6518.838722491588
7264,6518.838717527558
7265,6518.838718674633
7266,6518.8387028468605
7267,6518.838720510236
7268,6518.838716017359
7269,6518.838729767912
7270,6518.83871296291
7271,6518.838714583555
7272,6518.838713469016
7273,6518.838728505698
7274,6518.838715665834
7275,6518.838713626507
7276,6518.8387156773415
7277,6518.838719145544
7278,6518.838726060261
7279,6518.83871801335
7280,6518.83871522058
7281,6518.838716402504
7282,6518.8387143128875
7283,6518.838714865458
7284,6518.838717542546
7285,6518.838720116506
7286,6518.838711215375
7287,6518.838715016529
7288,6518.838707072611
7289,6518.838705674826
7290,6518.8387189635905
7291,6518.838718214907
7292,6518.838715859729
7293,6518.838715652981
7294,6518.838716233415
7295,6518.838713798233
7296,6518.838710218456
7297,6518.838717840744
7298,6518.8387150834205
7299,6518.838714333049
7300,6518.838717440614
7301,6508.084573461004
7302,6508.08457346101
7303,6508.084573461009
7304,6508.084573461011
7305,6508.084573461014
7306,6508.084573461012
7307,6508.084573461011
7308,6508.08457346101
7309,6508.084573461012
7310,6508.084575876971
7311,6508.084577059082
7312,6508.084581397087
7313,6508.084577047408
7314,6508.084576462797
7315,6508.08457409536
7316,6508.084574733524
7317,6508.084580372151
7318,6508.084584764599
7319,6508.084572159192
7320,6508.084575028832
7321,6508.084575948588
7322,6508.0845764923
7323,6508.084581869956
7324,6508.084571172486
7325,6508.0845753573085
7326,6508.084573474564
7327,6508.084587549937
7328,6508.084575761899
7329,6508.08456921359
7330,6508.084574140068
7331,6508.084573292692
7332,6508.084573638303
7333,6508.084577225702
7334,6508.084583669293
7335,6508.084570346335
7336,6508.08457418596
7337,6508.084574348349
7338,6508.084565529894
7339,6508.084574421399
7340,6508.0845807434
7341,6508.084575427448
7342,6508.084572481398
7343,6508.0845738046255
7344,6508.08457166806
7345,6508.084574715219
7346,6508.084573537032
7347,6508.084574151362
7348,6508.0845746893365
7349,6508.084574525538
7350,6498.453764672813
7351,6498.453764672819
7352,6498.453764672817
7353,6498.453764672817
7354,6498.453764672817
7355,6498.45376467282
7356,6498.453764672816
7357,6498.453764672818
7358,6498.453764672817
7359,6498.453752971858
7360,6498.453778797677
7361,6498.453772373614
7362,6498.453768333502
7363,6498.4537682312675
7364,6498.453776613711
7365,6498.453761292361
7366,6498.453766996267
7367,6498.453779370391
7368,6498.4537639602695
7369,6498.45376643163
7370,6498.4537675574675
7371,6498.453738334327
7372,6498.453767686011
7373,6498.45376294979
7374,6498.453761780181
7375,6498.453755678082
7376,6498.453764567326
7377,6498.453765679784
7378,6498.453759830691
7379,6498.4537629019
7380,6498.453764623528
7381,6498.453764757328
7382,6498.453769518271
7383,6498.453765920002
7384,6498.453764843143
7385,6498.453764238757
7386,6498.453782767668
7387,6498.45376118585
7388,6498.4537553545115
7389,6498.453765866791
7390,6498.453768062355
7391,6498.453762397727
7392,6498.453764451786
7393,6498.453762688574
7394,6498.453776481312
7395,6498.453765668123
7396,6498.453765014505
7397,6498.453766658317
7398,6498.453766817587
7399,6523.1324422485095
7400,6523.132442248505
7401,6523.132442248506
7402,6523.132442248506
7403,6523.132442248513
7404,6523.132442248505
7405,6523.132442248509
7406,6523.132442248509
7407,6523.132442248508
7408,6523.132435809404
7409,6523.132444597143
7410,6523.132454036468
7411,6523.1324452303115
7412,6523.132442893828
7413,6523.1324698672515
7414,6523.132420955502
7415,6523.132468455331
7416,6523.132433524084
7417,6523.132439526399
7418,6523.132448839382
7419,6523.132457194644
7420,6523.132472174896
7421,6523.132460196453
7422,6523.132432003853
7423,6523.132457535549
7424,6523.132436395723
7425,6523.132484950567
7426,6523.132428677886
7427,6523.132432083653
7428,6523.132440877548
7429,6523.132439089378
7430,6523.132441634292
7431,6523.132446873749
7432,6523.132455137787
7433,6523.132431262274
7434,6523.132447371228
7435,6523.132455681801
7436,6523.132433334098
7437,6523.132450872215
7438,6523.132480053549
7439,6523.1324427301215
7440,6523.132432519087
7441,6523.132440839351
7442,6523.13243588526
7443,6523.132458519449
7444,6523.132426998914
7445,6523.132443027944
7446,6523.132455048
7447,6523.132437432458
7448,6493.24135315773
7449,6493.241353157734
7450,6493.241353157732
7451,6493.241353157732
7452,6493.241353157732
7453,6493.241353157735
7454,6493.241353157732
7455,6493.241353157731
7456,6493.2413531577295
7457,6493.241342443484
7458,6493.241364214802
7459,6493.2413609556825
7460,6493.241356807588
7461,6493.241354980728
7462,6493.24136757801
7463,6493.241348282561
7464,6493.241358272078
7465,6493.24136416167
7466,6493.241352033594
7467,6493.241355551432
7468,6493.2413595173675
7469,6493.241337052505
7470,6493.241361097501
7471,6493.241349891385
7472,6493.24135396333
7473,6493.241343445899
7474,6493.241362428076
7475,6493.241350410499
7476,6493.241346648034
7477,6493.241350305086
7478,6493.241352598783
7479,6493.241353039303
7480,6493.2413579410695
7481,6493.241355847567
7482,6493.241351888065
7483,6493.241353724046
7484,6493.241371286631
7485,6493.241348954896
7486,6493.24134550604
7487,6493.24136117054
7488,6493.241355889806
7489,6493.2413500845505
7490,6493.241353015847
7491,6493.241350630693
7492,6493.2413660795655
7493,6493.241352278381
7494,6493.241353382468
7495,6493.2413571039215
7496,6493.241354785045
7497,6506.704300400787
7498,6506.704300400788
7499,6506.704300400785
7500,6506.704300400781
7501,6506.704300400785
7502,6506.704300400788
7503,6506.704300400786
7504,6506.704300400783
7505,6506.7043004007855
7506,6506.704303747221
7507,6506.7042963285385
7508,6506.704310055264
7509,6506.704303045802
7510,6506.70430387121
7511,6506.70432164462
7512,6506.704282162945
7513,6506.704323693086
7514,6506.704291877018
7515,6506.704298150515
7516,6506.704306737
7517,6506.704313576003
7518,6506.7043387140075
7519,6506.704316043757
7520,6506.70429010463
7521,6506.7043132469535
7522,6506.704298064783
7523,6506.704343511902
7524,6506.704286984925
7525,6506.704292489612
7526,6506.704296823142
7527,6506.70429673611
7528,6506.704299779998
7529,6506.70430460625
7530,6506.704311991664
7531,6506.7042904134705
7532,6506.704305595285
7533,6506.704306849482
7534,6506.704286916559
7535,6506.704313973278
7536,6506.704334113798
7537,6506.704301151995
7538,6506.704290585489
7539,6506.704300057239
7540,6506.704294332556
7541,6506.70431612255
7542,6506.704283243634
7543,6506.704301493021
7544,6506.704314247947
7545,6506.704294975276
7546,6486.918478160213
7547,6486.918478160213
7548,6486.918478160212
7549,6486.9184781602125
7550,6486.918478160216
7551,6486.918478160213
7552,6486.918478160214
7553,6486.918478160214
7554,6486.918478160212
7555,6486.918472375031
7556,6486.918484703821
7557,6486.918485438899
7558,6486.91848164796
7559,6486.918479718328
7560,6486.918492205254
7561,6486.91847202509
7562,6486.918486272584
7563,6486.918484825419
7564,6486.918476800284
7565,6486.91848131808
7566,6486.918486908127
7567,6486.918475720346
7568,6486.918490018348
7569,6486.918473344664
7570,6486.918482074792
7571,6486.918469627585
7572,6486.918496736012
7573,6486.918471782508
7574,6486.918471087306
7575,6486.918473985917
7576,6486.918476925167
7577,6486.918477884809
7578,6486.918482836649
7579,6486.918483185471
7580,6486.918475366429
7581,6486.918479775291
7582,6486.918492913515
7583,6486.918471383548
7584,6486.9184750395825
7585,6486.918491067554
7586,6486.918480486162
7587,6486.918474094819
7588,6486.918478259601
7589,6486.918474967308
7590,6486.918491749537
7591,6486.918474215236
7592,6486.918478554206
7593,6486.918484579397
7594,6486.91847874023
7595,6467.818670636833
7596,6467.818670636829
7597,6467.818670636832
7598,6467.818670636832
7599,6467.818670636833
7600,6467.818670636832
7601,6467.818670636831
7602,6467.818670636832
7603,6467.818670636835
7604,6467.818685081921
7605,6467.818644374531
7606,6467.818673958852
7607,6467.8186735069385
7608,6467.818670791918
7609,6467.81866407555
7610,6467.818672518612
7611,6467.8186727395605
7612,6467.818674959042
7613,6467.818669456568
7614,6467.818672527891
7615,6467.818682873437
7616,6467.818723345372
7617,6467.818677051028
7618,6467.8186642431765
7619,6467.818682924194
7620,6467.81867152518
7621,6467.818710631522
7622,6467.818660418309
7623,6467.818667557461
7624,6467.81866113976
7625,6467.818667696369
7626,6467.818670137179
7627,6467.818673605747
7628,6467.8186694380465
7629,6467.818667864767
7630,6467.8186740708215
7631,6467.818661842301
7632,6467.818657958533
7633,6467.818685082918
7634,6467.818690023065
7635,6467.818668008527
7636,6467.818666653072
7637,6467.818674058638
7638,6467.8186688941
7639,6467.818676428041
7640,6467.8186623866295
7641,6467.8186710548
7642,6467.818679893823
7643,6467.818669600943
7644,6442.06882354319
7645,6442.068823543192
7646,6442.0688235431935
7647,6442.068823543191
7648,6442.068823543193
7649,6442.0688235431935
7650,6442.068823543192
7651,6442.068823543193
7652,6442.0688235431935
7653,6442.068867418459
7654,6442.068769498872
7655,6442.068815946819
7656,6442.068826639919
7657,6442.068822254666
7658,6442.068773459647
7659,6442.068855007555
7660,6442.068794837696
7661,6442.068845527196
7662,6442.068824530366
7663,6442.06881913829
7664,6442.068830648363
7665,6442.068897757683
7666,6442.068821997357
7667,6442.068822878066
7668,6442.068830813623
7669,6442.068831645676
7670,6442.068858909148
7671,6442.0688177247885
7672,6442.068830166845
7673,6442.068804245186
7674,6442.068821578079
7675,6442.0688231385575
7676,6442.0688254051
7677,6442.068809481413
7678,6442.068831735441
7679,6442.068824201207
7680,6442.06878793667
7681,6442.06880538143
7682,6442.06884460623
7683,6442.068814402604
7684,6442.068817762492
7685,6442.068827935827
7686,6442.06883241418
7687,6442.068827970791
7688,6442.0688155853795
7689,6442.068826684421
7690,6442.068823258463
7691,6442.0688270761075
7692,6442.068826017772
7693,6445.811604299779
7694,6445.811604299777
7695,6445.811604299777
7696,6445.811604299775
7697,6445.811604299775
7698,6445.811604299776
7699,6445.811604299776
7700,6445.811604299775
7701,6445.811604299774
7702,6445.811687396388
7703,6445.811556803852
7704,6445.811611655762
7705,6445.811604379771
7706,6445.811633390931
7707,6445.811649267766
7708,6445.811585808522
7709,6445.811622624018
7710,6445.811593915552
7711,6445.811606185471
7712,6445.81160853952
7713,6445.811585114866
7714,6445.811691098608
7715,6445.8115846159235
7716,6445.811590980433
7717,6445.811570091264
7718,6445.811641350815
7719,6445.81163345688
7720,6445.811603399407
7721,6445.811607929517
7722,6445.811594897727
7723,6445.811594096442
7724,6445.81160360599
7725,6445.811600608124
7726,6445.811590696578
7727,6445.81159865801
7728,6445.8116120895875
7729,6445.8115548878595
7730,6445.811543374604
7731,6445.811635744583
7732,6445.811656725341
7733,6445.811607400263
7734,6445.811582722889
7735,6445.811610757612
7736,6445.811600708578
7737,6445.811610600662
7738,6445.811562061819
7739,6445.811606207027
7740,6445.811618515923
7741,6445.8115927134995
7742,6407.251601001686
7743,6407.251601001692
7744,6407.251601001692
7745,6407.251601001691
7746,6407.251601001687
7747,6407.251601001685
7748,6407.251601001688
7749,6407.251601001687
7750,6407.2516010016825
7751,6407.251666514983
7752,6407.251559064575
7753,6407.25159807099
7754,6407.25160297661
7755,6407.251611217935
7756,6407.251592797643
7757,6407.251615117582
7758,6407.25158999263
7759,6407.251611740543
7760,6407.251602226504
7761,6407.25160030069
7762,6407.251596931739
7763,6407.251668390309
7764,6407.251602008344
7765,6407.25159635985
7766,6407.251588408168
7767,6407.251618033751
7768,6407.251630572082
7769,6407.251594429676
7770,6407.251604347704
7771,6407.251584247815
7772,6407.251596846612
7773,6407.251600556792
7774,6407.251601230374
7775,6407.251591878989
7776,6407.251604701267
7777,6407.251604079421
7778,6407.251560948315
7779,6407.251563487391
7780,6407.251619351627
7781,6407.25161127257
7782,6407.251601635237
7783,6407.25159774856
7784,6407.251608474045
7785,6407.251601888728
7786,6407.2516004411955
7787,6407.251590974227
7788,6407.251601871288
7789,6407.251608530622
7790,6407.251601052911
7791,6373.000481549845
7792,6373.000481549838
7793,6373.000481549838
7794,6373.000481549843
7795,6373.000481549837
7796,6373.000481549845
7797,6373.000481549843
7798,6373.000481549846
7799,6373.000481549849
7800,6373.000480982939
7801,6373.000452664746
7802,6373.000496829987
7803,6373.000482887138
7804,6373.000487518921
7805,6373.000530362695
7806,6373.000441018535
7807,6373.0005082298485
7808,6373.000465266233
7809,6373.000483881978
7810,6373.000486923918
7811,6373.000478270521
7812,6373.00055083207
7813,6373.0004380175615
7814,6373.000466525106
7815,6373.00048079611
7816,6373.000496304549
7817,6373.000506272685
7818,6373.000479019172
7819,6373.000481593391
7820,6373.000479626728
7821,6373.000471537414
7822,6373.000480363293
7823,6373.000480907087
7824,6373.000461430092
7825,6373.00047314008
7826,6373.000490036404
7827,6373.00046812693
7828,6373.000465898516
7829,6373.0005052291945
7830,6373.000549794611
7831,6373.000470871587
7832,6373.000453387798
7833,6373.000483282662
7834,6373.000477024297
7835,6373.000495295983
7836,6373.000434983344
7837,6373.000482525739
7838,6373.000495506841
7839,6373.000467662976
7840,6434.41805406592
7841,6434.418054065922
7842,6434.418054065922
7843,6434.418054065928
7844,6434.418054065923
7845,6434.418054065926
7846,6434.418054065929
7847,6434.4180540659245
7848,6434.418054065922
7849,6434.418037081802
7850,6434.418241747393
7851,6434.418068760109
7852,6434.41805862607
7853,6434.418039925072
7854,6434.418154860036
7855,6434.418010595364
7856,6434.418102148141
7857,6434.418055926451
7858,6434.418057582096
7859,6434.418064905026
7860,6434.41802240607
7861,6434.417794172983
7862,6434.418122517938
7863,6434.418054066648
7864,6434.417995405078
7865,6434.418001803521
7866,6434.417955639795
7867,6434.418048130343
7868,6434.41802406793
7869,6434.418059171881
7870,6434.4180599193305
7871,6434.418053154982
7872,6434.4180675452535
7873,6434.418118155887
7874,6434.418055139211
7875,6434.418050883495
7876,6434.418126120893
7877,6434.418052755186
7878,6434.417969349928
7879,6434.41801308862
7880,6434.418089935626
7881,6434.4180465626405
7882,6434.418037657876
7883,6434.418042849717
7884,6434.4181172720655
7885,6434.418055534979
7886,6434.4180564113
7887,6434.4180591219
7888,6434.418068860013
7889,6311.226637668178
7890,6311.22663766818
7891,6311.226637668183
7892,6311.2266376681855
7893,6311.226637668176
7894,6311.226637668178
7895,6311.22663766818
7896,6311.226637668177
7897,6311.22663766818
7898,6311.226623615725
7899,6311.22669564137
7900,6311.226651812281
7901,6311.226640727972
7902,6311.226635005879
7903,6311.226704435646
7904,6311.226602701674
7905,6311.226668912053
7906,6311.226633613869
7907,6311.226639804833
7908,6311.226644678709
7909,6311.226627735381
7910,6311.226570565251
7911,6311.226640978656
7912,6311.226629981628
7913,6311.226617528902
7914,6311.226621091837
7915,6311.2266120486565
7916,6311.2266322471705
7917,6311.226622395469
7918,6311.226636761907
7919,6311.22663557552
7920,6311.226636647191
7921,6311.226643334382
7922,6311.226649284719
7923,6311.226634494546
7924,6311.2266408940195
7925,6311.226664439344
7926,6311.226631567481
7927,6311.22660987504
7928,6311.226657634377
7929,6311.226646093263
7930,6311.226622230214
7931,6311.226632114999
7932,6311.226630950719
7933,6311.226671143641
7934,6311.226618150485
7935,6311.226639069877
7936,6311.226646826265
7937,6311.22663789225
7938,6291.670104503461
7939,6291.670104503465
7940,6291.670104503465
7941,6291.670104503465
7942,6291.670104503462
7943,6291.670104503464
7944,6291.670104503466
7945,6291.670104503464
7946,6291.670104503465
7947,6291.670104876261
7948,6291.670120958439
7949,6291.670110819546
7950,6291.6701079015
7951,6291.670088366161
7952,6291.670124118637
7953,6291.670097601885
7954,6291.670105180328
7955,6291.670112327778
7956,6291.670107042742
7957,6291.670106031742
7958,6291.670100289524
7959,6291.670098884088
7960,6291.670098697215
7961,6291.670100253642
7962,6291.670100929461
7963,6291.670095589916
7964,6291.670101178628
7965,6291.670100476626
7966,6291.670098093595
7967,6291.670097149432
7968,6291.670103057917
7969,6291.6701034207
7970,6291.670109286332
7971,6291.670102851871
7972,6291.670106895039
7973,6291.670107130032
7974,6291.670100150817
7975,6291.670103483259
7976,6291.670092082098
7977,6291.670118714574
7978,6291.670098396176
7979,6291.670098427017
7980,6291.67010450122
7981,6291.670103216638
7982,6291.670117942258
7983,6291.670098016726
7984,6291.670104843796
7985,6291.670110746039
7986,6291.670111294592
7987,6284.687280381496
7988,6284.687280381492
7989,6284.687280381496
7990,6284.687280381493
7991,6284.687280381493
7992,6284.687280381495
7993,6284.687280381493
7994,6284.687280381494
7995,6284.687280381495
7996,6284.687286178141
7997,6284.687294338677
7998,6284.687285819982
7999,6284.687283843151
8000,6284.687261369006
8001,6284.687291818951
8002,6284.687278050909
8003,6284.687277474314
8004,6284.68728894929
8005,6284.687282928757
8006,6284.68728152357
8007,6284.687275360012
8008,6284.687283347035
8009,6284.687275603165
8010,6284.687276558801
8011,6284.6872784030365
8012,6284.687273623543
8013,6284.687279653996
8014,6284.687277698547
8015,6284.687275452463
8016,6284.687273082547
8017,6284.6872792190325
8018,6284.6872792875565
8019,6284.687285441742
8020,6284.687280887213
8021,6284.687282705663
8022,6284.687282873335
8023,6284.687268249547
8024,6284.687279152906
8025,6284.687271687592
8026,6284.687291769812
8027,6284.687272099855
8028,6284.687276145176
8029,6284.687280928401
8030,6284.68727947661
8031,6284.68729029552
8032,6284.687275969047
8033,6284.68728078141
8034,6284.687286640108
8035,6284.68728861286
8036,6250.608617138481
8037,6250.608617138481
8038,6250.608617138481
8039,6250.608617138481
8040,6250.608617138484
8041,6250.608617138484
8042,6250.608617138481
8043,6250.608617138482
8044,6250.608617138485
8045,6250.608616279424
8046,6250.6086096957315
8047,6250.608621353758
8048,6250.608619928228
8049,6250.608589183387
8050,6250.608596792313
8051,6250.608626819936
8052,6250.608600956153
8053,6250.608627448659
8054,6250.608619137038
8055,6250.608618312087
8056,6250.60862319303
8057,6250.6086561715665
8058,6250.608612963646
8059,6250.608615460843
8060,6250.608633430569
8061,6250.608612037771
8062,6250.6086315734465
8063,6250.608613451646
8064,6250.608619388183
8065,6250.608612475314
8066,6250.608616608636
8067,6250.608616656544
8068,6250.608623089806
8069,6250.60861796819
8070,6250.608617887217
8071,6250.608619795876
8072,6250.608593463559
8073,6250.608625425133
8074,6250.6086207185635
8075,6250.608623034468
8076,6250.60860075689
8077,6250.6086189302705
8078,6250.608620022917
8079,6250.608616060989
8080,6250.60861757024
8081,6250.608622276103
8082,6250.6086188292065
8083,6250.608625748239
8084,6250.6086350960895
8085,6217.271015338871
8086,6217.271015338876
8087,6217.271015338876
8088,6217.271015338869
8089,6217.2710153388725
8090,6217.271015338871
8091,6217.271015338874
8092,6217.271015338875
8093,6217.271015338874
8094,6217.271041784141
8095,6217.271009990177
8096,6217.271026042185
8097,6217.2710157734655
8098,6217.270996850824
8099,6217.271011603541
8100,6217.271014817292
8101,6217.271005034097
8102,6217.271020232188
8103,6217.271017172113
8104,6217.271019721388
8105,6217.271002005527
8106,6217.271046244734
8107,6217.271013842391
8108,6217.271012154502
8109,6217.271007453075
8110,6217.271027382165
8111,6217.271016563122
8112,6217.271018234207
8113,6217.271026130099
8114,6217.271018453655
8115,6217.271012851124
8116,6217.2710155560035
8117,6217.27101971578
8118,6217.2710215851575
8119,6217.271010302625
8120,6217.271019964155
8121,6217.270977700919
8122,6217.27100523769
8123,6217.271025093849
8124,6217.271025601103
8125,6217.271005577852
8126,6217.271013828642
8127,6217.271019743966
8128,6217.271011162479
8129,6217.271018875321
8130,6217.271015171818
8131,6217.271019000849
8132,6217.271029044963
8133,6217.271035517175
8134,6167.916257281893
8135,6167.916257281899
8136,6167.9162572819005
8137,6167.916257281895
8138,6167.916257281895
8139,6167.916257281897
8140,6167.916257281897
8141,6167.916257281896
8142,6167.916257281894
8143,6167.916255140669
8144,6167.916237248055
8145,6167.916268874385
8146,6167.916256660507
8147,6167.916244533321
8148,6167.916242078939
8149,6167.91625497548
8150,6167.916242491163
8151,6167.916265264583
8152,6167.916260132991
8153,6167.916262694207
8154,6167.916260204653
8155,6167.916288135762
8156,6167.916251048036
8157,6167.9162560127115
8158,6167.916262206197
8159,6167.9162607846865
8160,6167.916261936296
8161,6167.916256891015
8162,6167.916273613732
8163,6167.916262068682
8164,6167.9162545279105
8165,6167.9162583091465
8166,6167.916261369087
8167,6167.916254558635
8168,6167.916254232115
8169,6167.916261868235
8170,6167.916244276598
8171,6167.916258767642
8172,6167.916268047926
8173,6167.91626270867
8174,6167.916247551241
8175,6167.916255328539
8176,6167.916262792956
8177,6167.916251970555
8178,6167.916266899739
8179,6167.916260361463
8180,6167.916263038866
8181,6167.9162729245945
8182,6167.916277634809
8183,6107.587533419766
8184,6107.587533419761
8185,6107.587533419761
8186,6107.587533419763
8187,6107.587533419762
8188,6107.587533419765
8189,6107.587533419764
8190,6107.587533419766
8191,6107.5875334197635
8192,6107.5875461144215
8193,6107.58752664299
8194,6107.587540160894
8195,6107.587534867651
8196,6107.587527941801
8197,6107.587507788625
8198,6107.587545519256
8199,6107.587522125179
8200,6107.587548968695
8201,6107.587538313146
8202,6107.58753714201
8203,6107.587534696644
8204,6107.587553225985
8205,6107.587533149871
8206,6107.587534126651
8207,6107.587537629761
8208,6107.587536632111
8209,6107.587531469492
8210,6107.587542928948
8211,6107.587539827921
8212,6107.587532967259
8213,6107.587532156494
8214,6107.587534287542
8215,6107.587537331836
8216,6107.587539052142
8217,6107.587537273623
8218,6107.587534460315
8219,6107.58752237336
8220,6107.587531782303
8221,6107.587541816147
8222,6107.587520208119
8223,6107.587529340864
8224,6107.587533728272
8225,6107.587538399466
8226,6107.587529712082
8227,6107.587542174628
8228,6107.587538220518
8229,6107.587539905452
8230,6107.587544639431
8231,6107.587540366351
8232,6071.934143362123
8233,6071.934143362123
8234,6071.934143362123
8235,6071.934143362123
8236,6071.934143362122
8237,6071.934143362123
8238,6071.93414336212
8239,6071.93414336212
8240,6071.934143362119
8241,6071.934117154702
8242,6071.9341096077205
8243,6071.934156317302
8244,6071.934143274884
8245,6071.93414439128
8246,6071.934137133969
8247,6071.934123493195
8248,6071.934117232549
8249,6071.934164774303
8250,6071.9341511078665
8251,6071.934143316934
8252,6071.934145285
8253,6071.93414652042
8254,6071.9341083131085
8255,6071.934142822294
8256,6071.934146015054
8257,6071.934142735458
8258,6071.934148733682
8259,6071.934133037834
8260,6071.934175163632
8261,6071.9341421313
8262,6071.934138378739
8263,6071.9341434258895
8264,6071.934140061928
8265,6071.934110549991
8266,6071.93415380109
8267,6071.934146651862
8268,6071.93417066007
8269,6071.934153362966
8270,6071.934145063465
8271,6071.934158450984
8272,6071.9341327585835
8273,6071.934131623944
8274,6071.934150672863
8275,6071.934144086004
8276,6071.934158100004
8277,6071.934142560074
8278,6071.934145920319
8279,6071.934151361109
8280,6071.934135287352
8281,6048.5956833231085
8282,6048.595683323103
8283,6048.59568332311
8284,6048.5956833231085
8285,6048.595683323108
8286,6048.595683323105
8287,6048.5956833231085
8288,6048.5956833231085
8289,6048.5956833231085
8290,6048.595697913303
8291,6048.5956801922775
8292,6048.595685613884
8293,6048.595684885072
8294,6048.595671008987
8295,6048.595642892438
8296,6048.595693331874
8297,6048.595663157333
8298,6048.595707924415
8299,6048.5956890889765
8300,6048.595682396344
8301,6048.595692691695
8302,6048.595706298967
8303,6048.595694466461
8304,6048.595686857793
8305,6048.595703415861
8306,6048.595685016504
8307,6048.595697468787
8308,6048.595666693577
8309,6048.595694572639
8310,6048.595676877694
8311,6048.595684297818
8312,6048.595683370317
8313,6048.595681781087
8314,6048.595691336963
8315,6048.595693191603
8316,6048.595681918325
8317,6048.595672972404
8318,6048.5956904812465
8319,6048.5956839770215
8320,6048.595664527191
8321,6048.595681800422
8322,6048.595689057491
8323,6048.59568769613
8324,6048.595684171329
8325,6048.595677199633
8326,6048.595698305264
8327,6048.595687153568
8328,6048.595688370807
8329,6048.595681686594
8330,6041.9093512601685
8331,6041.909351260167
8332,6041.909351260162
8333,6041.909351260166
8334,6041.909351260164
8335,6041.909351260163
8336,6041.909351260166
8337,6041.9093512601685
8338,6041.90935126017
8339,6041.909368878237
8340,6041.909360024543
8341,6041.90936278723
8342,6041.909352973974
8343,6041.909357042276
8344,6041.909341186492
8345,6041.9093433353155
8346,6041.909360706821
8347,6041.909360857251
8348,6041.9093564454815
8349,6041.90935272843
8350,6041.909344351406
8351,6041.909369458725
8352,6041.909349456307
8353,6041.909347882561
8354,6041.909354871476
8355,6041.909371144349
8356,6041.909353250155
8357,6041.909352627119
8358,6041.9093587796215
8359,6041.909353476345
8360,6041.909348193719
8361,6041.909350992029
8362,6041.909349404028
8363,6041.909367106011
8364,6041.909353085854
8365,6041.909350839699
8366,6041.909337829835
8367,6041.909345106556
8368,6041.909364041689
8369,6041.90934828438
8370,6041.90935539022
8371,6041.9093414129175
8372,6041.909354122849
8373,6041.909350260906
8374,6041.909346678216
8375,6041.90934086469
8376,6041.909354397936
8377,6041.909357105342
8378,6041.909331930736
8379,6032.141004988328
8380,6032.1410049883225
8381,6032.141004988323
8382,6032.141004988325
8383,6032.141004988325
8384,6032.141004988325
8385,6032.141004988324
8386,6032.141004988327
8387,6032.141004988325
8388,6032.141001270692
8389,6032.141009326942
8390,6032.141016844394
8391,6032.141007015012
8392,6032.141004857653
8393,6032.141003289571
8394,6032.141000616798
8395,6032.141006395463
8396,6032.141020744468
8397,6032.141010481069
8398,6032.141005751144
8399,6032.1410041592035
8400,6032.141007139864
8401,6032.140995704662
8402,6032.141003705447
8403,6032.1410087958275
8404,6032.141009857313
8405,6032.141001112295
8406,6032.141006419275
8407,6032.14100713263
8408,6032.141005082445
8409,6032.141002853129
8410,6032.141004875664
8411,6032.141004873099
8412,6032.141005064379
8413,6032.141010520094
8414,6032.141004523202
8415,6032.141007959624
8416,6032.141007379662
8417,6032.141001422321
8418,6032.141009230196
8419,6032.14100559124
8420,6032.140997410629
8421,6032.141007870965
8422,6032.141004482264
8423,6032.141008022745
8424,6032.141003283251
8425,6032.1410078758945
8426,6032.141009678683
8427,6032.140996263565
8428,6026.491862954233
8429,6026.491862954231
8430,6026.4918629542335
8431,6026.491862954234
8432,6026.4918629542335
8433,6026.491862954234
8434,6026.491862954232
8435,6026.491862954232
8436,6026.491862954235
8437,6026.491855803469
8438,6026.4918684376
8439,6026.491875366144
8440,6026.491864940172
8441,6026.491861839097
8442,6026.491866469975
8443,6026.4918596074895
8444,6026.491863509982
8445,6026.491880186
8446,6026.4918681556355
8447,6026.491863614299
8448,6026.491863009392
8449,6026.491857260673
8450,6026.491855346116
8451,6026.491862586366
8452,6026.491864974691
8453,6026.4918643060055
8454,6026.49185616673
8455,6026.491863231654
8456,6026.491862385026
8457,6026.49186319089
8458,6026.491861377703
8459,6026.491862966326
8460,6026.4918632001245
8461,6026.4918605546645
8462,6026.491868816828
8463,6026.491862311328
8464,6026.4918695104425
8465,6026.491866053129
8466,6026.491852753418
8467,6026.491868964809
8468,6026.49186465914
8469,6026.491856755066
8470,6026.491865589551
8471,6026.491862426133
8472,6026.491867436712
8473,6026.491865060153
8474,6026.491865701585
8475,6026.491867172594
8476,6026.491858836962
8477,6017.480323170075
8478,6017.480323170079
8479,6017.480323170075
8480,6017.480323170076
8481,6017.480323170074
8482,6017.480323170078
8483,6017.480323170075
8484,6017.480323170072
8485,6017.480323170076
8486,6017.480324349419
8487,6017.480301081251
8488,6017.4803348472105
8489,6017.480324785204
8490,6017.480324328614
8491,6017.480322761876
8492,6017.480327168131
8493,6017.480315127426
8494,6017.480344422154
8495,6017.480328316838
8496,6017.48032211457
8497,6017.48032152334
8498,6017.480345976662
8499,6017.480306094723
8500,6017.4803240563215
8501,6017.480324950672
8502,6017.480332744716
8503,6017.480322270578
8504,6017.48032461401
8505,6017.48032461741
8506,6017.480321753298
8507,6017.480320730567
8508,6017.480323472338
8509,6017.480323111537
8510,6017.480305665927
8511,6017.4803306103695
8512,6017.48032289885
8513,6017.480319146005
8514,6017.480320881668
8515,6017.480313310705
8516,6017.480337082056
8517,6017.480324165916
8518,6017.480318537278
8519,6017.480328934729
8520,6017.480324363629
8521,6017.480320387047
8522,6017.480329484412
8523,6017.4803256107725
8524,6017.480326759756
8525,6017.480323354444
8526,6011.158354088235
8527,6011.158354088232
8528,6011.158354088233
8529,6011.158354088236
8530,6011.158354088234
8531,6011.158354088237
8532,6011.158354088234
8533,6011.158354088236
8534,6011.158354088236
8535,6011.158354556746
8536,6011.158365789932
8537,6011.158371775364
8538,6011.158355078209
8539,6011.158364987143
8540,6011.158387736579
8541,6011.158343322448
8542,6011.158359596943
8543,6011.1583690218395
8544,6011.158357647182
8545,6011.158356180642
8546,6011.158346195404
8547,6011.158311917263
8548,6011.158357896466
8549,6011.158354645494
8550,6011.158333966653
8551,6011.158356453272
8552,6011.1583350249775
8553,6011.158350470858
8554,6011.158353441526
8555,6011.158360053752
8556,6011.158352558671
8557,6011.158354649362
8558,6011.158353464917
8559,6011.158351946622
8560,6011.158356068374
8561,6011.158353817858
8562,6011.158369858507
8563,6011.158343663082
8564,6011.158333426287
8565,6011.15836390752
8566,6011.158366964384
8567,6011.158347336881
8568,6011.158356086575
8569,6011.158351950901
8570,6011.15836581337
8571,6011.158359421937
8572,6011.158356142551
8573,6011.158358254404
8574,6011.158357853624
8575,6002.49695372229
8576,6002.4969537222905
8577,6002.4969537222905
8578,6002.496953722291
8579,6002.496953722288
8580,6002.496953722288
8581,6002.496953722289
8582,6002.496953722289
8583,6002.496953722289
8584,6002.496951668031
8585,6002.496954974196
8586,6002.496969630689
8587,6002.496954959283
8588,6002.496961740588
8589,6002.496976665894
8590,6002.496947927764
8591,6002.496956260345
8592,6002.496969905565
8593,6002.496957638419
8594,6002.496955133152
8595,6002.496948899084
8596,6002.496930966265
8597,6002.496950743864
8598,6002.496954337374
8599,6002.496940885267
8600,6002.496957079666
8601,6002.496940228431
8602,6002.496953271283
8603,6002.4969527878075
8604,6002.496957919613
8605,6002.496951836523
8606,6002.496954281944
8607,6002.496953634934
8608,6002.496947314459
8609,6002.496956988959
8610,6002.4969534375305
8611,6002.49696469309
8612,6002.496946444632
8613,6002.4969371834895
8614,6002.496964820526
8615,6002.496962584449
8616,6002.496947222162
8617,6002.496956795267
8618,6002.4969523136715
8619,6002.496961880164
8620,6002.496958416526
8621,6002.496956003288
8622,6002.496957834609
8623,6002.496956541578
8624,5977.833162698131
8625,5977.833162698128
8626,5977.833162698129
8627,5977.833162698131
8628,5977.8331626981335
8629,5977.833162698134
8630,5977.833162698131
8631,5977.833162698133
8632,5977.833162698134
8633,5977.833152876562
8634,5977.8331436114295
8635,5977.833175656349
8636,5977.83316443755
8637,5977.8331653861605
8638,5977.833162395271
8639,5977.833164349196
8640,5977.833164874729
8641,5977.833176893284
8642,5977.833166606306
8643,5977.833163334806
8644,5977.833165636823
8645,5977.833182802551
8646,5977.833147214435
8647,5977.833162173707
8648,5977.833166628119
8649,5977.83316895447
8650,5977.833164040645
8651,5977.833170193608
8652,5977.8331615060415
8653,5977.833165852131
8654,5977.833159459794
8655,5977.83316318153
8656,5977.8331636380935
8657,5977.833152784253
8658,5977.833165642137
8659,5977.833162501656
8660,5977.833161897107
8661,5977.833162025003
8662,5977.833162403673
8663,5977.8331765869625
8664,5977.833162889738
8665,5977.833154318098
8666,5977.83316750116
8667,5977.833162234826
8668,5977.833163300781
8669,5977.8331601909
8670,5977.833164962531
8671,5977.833167070779
8672,5977.8331603961005
8673,5965.649887917669
8674,5965.649887917669
8675,5965.649887917669
8676,5965.649887917667
8677,5965.64988791767
8678,5965.649887917667
8679,5965.649887917666
8680,5965.649887917665
8681,5965.649887917668
8682,5965.6498785273225
8683,5965.649871599489
8684,5965.649900501223
8685,5965.6498894328715
8686,5965.649890757922
8687,5965.649886046507
8688,5965.649888741937
8689,5965.649891472915
8690,5965.649900720259
8691,5965.649891014564
8692,5965.649888720591
8693,5965.649892093685
8694,5965.649901813569
8695,5965.649878296734
8696,5965.649887315779
8697,5965.649890916788
8698,5965.649892082354
8699,5965.649891200967
8700,5965.649893476576
8701,5965.649887841351
8702,5965.649892281166
8703,5965.649884885668
8704,5965.649888298505
8705,5965.649888341444
8706,5965.649883131884
8707,5965.649889127776
8708,5965.649887811088
8709,5965.649888351629
8710,5965.64988676872
8711,5965.649892338341
8712,5965.649897341797
8713,5965.649888706478
8714,5965.649879874062
8715,5965.6498922582
8716,5965.649887280048
8717,5965.64989060328
8718,5965.649883520985
8719,5965.649889405622
8720,5965.64989265678
8721,5965.649884234424
8722,5951.856540961137
8723,5951.856540961136
8724,5951.856540961137
8725,5951.856540961139
8726,5951.856540961138
8727,5951.856540961137
8728,5951.856540961138
8729,5951.856540961139
8730,5951.856540961142
8731,5951.856549501592
8732,5951.856525313318
8733,5951.856545213968
8734,5951.856541920212
8735,5951.856540467147
8736,5951.856527707701
8737,5951.85655446201
8738,5951.856522884305
8739,5951.856568161757
8740,5951.856545754928
8741,5951.856538753
8742,5951.856544780799
8743,5951.856536836734
8744,5951.85654273908
8745,5951.856545811392
8746,5951.8565384328285
8747,5951.85653783807
8748,5951.856545278541
8749,5951.856535834844
8750,5951.8565447967285
8751,5951.856536371068
8752,5951.85654078885
8753,5951.856541060897
8754,5951.856539458123
8755,5951.856533661055
8756,5951.856551291205
8757,5951.8565408043005
8758,5951.856546065506
8759,5951.856537832919
8760,5951.856538827866
8761,5951.856532252238
8762,5951.856540182534
8763,5951.856543368569
8764,5951.8565467805
8765,5951.856543100454
8766,5951.8565485498675
8767,5951.856551022056
8768,5951.856541731526
8769,5951.856545363018
8770,5951.856541517924
8771,5945.7561559583555
8772,5945.756155958354
8773,5945.756155958354
8774,5945.756155958354
8775,5945.756155958352
8776,5945.756155958356
8777,5945.756155958354
8778,5945.756155958354
8779,5945.756155958354
8780,5945.756129331622
8781,5945.75616160632
8782,5945.756169093587
8783,5945.756156699092
8784,5945.756151319206
8785,5945.756163053466
8786,5945.7561474795375
8787,5945.756156142472
8788,5945.756172021132
8789,5945.756157626041
8790,5945.756155061765
8791,5945.756164797021
8792,5945.756122485711
8793,5945.756159878115
8794,5945.756156238387
8795,5945.756155253046
8796,5945.756142036529
8797,5945.756158678039
8798,5945.75614543511
8799,5945.756159447846
8800,5945.756160856638
8801,5945.756155237018
8802,5945.756155301545
8803,5945.756153569807
8804,5945.756158181481
8805,5945.756156537482
8806,5945.756156157968
8807,5945.756176698117
8808,5945.756164090966
8809,5945.756155723646
8810,5945.756158561249
8811,5945.756154469507
8812,5945.7561510384985
8813,5945.756157265235
8814,5945.756156905572
8815,5945.756168123705
8816,5945.756154357011
8817,5945.756153295815
8818,5945.756160279705
8819,5945.756150838306
8820,5937.855343748681
8821,5937.8553437486835
8822,5937.8553437486835
8823,5937.855343748684
8824,5937.855343748684
8825,5937.855343748679
8826,5937.855343748683
8827,5937.855343748683
8828,5937.8553437486835
8829,5937.85533603679
8830,5937.855343592344
8831,5937.855353087883
8832,5937.855344838872
8833,5937.855337103163
8834,5937.855338420846
8835,5937.855348954385
8836,5937.855338439522
8837,5937.855364644458
8838,5937.855346062937
8839,5937.855341648136
8840,5937.855350509971
8841,5937.855333391768
8842,5937.855349145194
8843,5937.85534591997
8844,5937.855346193365
8845,5937.855337304739
8846,5937.8553479716265
8847,5937.855338444608
8848,5937.85534256041
8849,5937.855345028713
8850,5937.855344002075
8851,5937.85534323996
8852,5937.855342500736
8853,5937.855346070838
8854,5937.855347258633
8855,5937.855343185415
8856,5937.855347556598
8857,5937.855347759997
8858,5937.855342081355
8859,5937.855342097972
8860,5937.855341840873
8861,5937.855344076573
8862,5937.8553463887765
8863,5937.855345739437
8864,5937.855347667518
8865,5937.855348203262
8866,5937.855342158912
8867,5937.855347600149
8868,5937.855342951489
8869,5933.902471019298
8870,5933.902471019296
8871,5933.902471019295
8872,5933.902471019297
8873,5933.902471019295
8874,5933.902471019296
8875,5933.9024710193
8876,5933.902471019298
8877,5933.902471019295
8878,5933.902475318455
8879,5933.902466820931
8880,5933.902480271504
8881,5933.902472238055
8882,5933.902467224536
8883,5933.902464885394
8884,5933.9024801948135
8885,5933.902466824253
8886,5933.902491947656
8887,5933.902473385839
8888,5933.902467861387
8889,5933.9024719418885
8890,5933.902476359997
8891,5933.902470679934
8892,5933.902472150474
8893,5933.902471089192
8894,5933.902474374105
8895,5933.90247576776
8896,5933.902472678305
8897,5933.902467969984
8898,5933.9024715054975
8899,5933.902470636001
8900,5933.902470228095
8901,5933.902469921466
8902,5933.902472089852
8903,5933.90247462259
8904,5933.90247058668
8905,5933.90246330419
8906,5933.90246947643
8907,5933.902473486412
8908,5933.902471922589
8909,5933.902468375731
8910,5933.902470037168
8911,5933.902474340005
8912,5933.902474188288
8913,5933.902469529298
8914,5933.902472146781
8915,5933.902468815069
8916,5933.902474515158
8917,5933.902467206133
8918,5932.165100523344
8919,5932.165100523345
8920,5932.165100523345
8921,5932.165100523343
8922,5932.165100523345
8923,5932.165100523342
8924,5932.165100523347
8925,5932.165100523345
8926,5932.165100523341
8927,5932.165103236564
8928,5932.165095754504
8929,5932.165110657856
8930,5932.165101726353
8931,5932.165097220005
8932,5932.165096571964
8933,5932.165107823638
8934,5932.165097298768
8935,5932.165120641495
8936,5932.165102865945
8937,5932.165097314934
8938,5932.165100525834
8939,5932.165106581038
8940,5932.165097404698
8941,5932.16510105533
8942,5932.165099953659
8943,5932.165104828697
8944,5932.165104889931
8945,5932.165103170039
8946,5932.165098014102
8947,5932.165101568065
8948,5932.165099754335
8949,5932.165099640147
8950,5932.165099491023
8951,5932.16510037531
8952,5932.165103697335
8953,5932.1651002604085
8954,5932.165092763019
8955,5932.1650989790605
8956,5932.165103642367
8957,5932.165103889012
8958,5932.165097482504
8959,5932.165098160425
8960,5932.165103852381
8961,5932.165103805677
8962,5932.165098678099
8963,5932.16509985741
8964,5932.16509799847
8965,5932.165103937306
8966,5932.165095861166
8967,5922.584975153118
8968,5922.584975153115
8969,5922.584975153115
8970,5922.584975153113
8971,5922.584975153117
8972,5922.584975153117
8973,5922.584975153117
8974,5922.584975153115
8975,5922.584975153119
8976,5922.584978167562
8977,5922.5849759225575
8978,5922.584989007064
8979,5922.584976315886
8980,5922.5849735829615
8981,5922.584980219204
8982,5922.584975970612
8983,5922.584980072303
8984,5922.584990379683
8985,5922.584975908528
8986,5922.5849722358835
8987,5922.584970909997
8988,5922.584978580857
8989,5922.58497120125
8990,5922.5849733578025
8991,5922.584970286271
8992,5922.5849835227145
8993,5922.584974438479
8994,5922.584981689997
8995,5922.5849721899485
8996,5922.58498018724
8997,5922.584973835066
8998,5922.584973958453
8999,5922.584974901996
9000,5922.58497894872
9001,5922.5849736245
9002,5922.584975014079
9003,5922.584962052523
9004,5922.584971103217
9005,5922.584981227575
9006,5922.58498259999
9007,5922.584974540394
9008,5922.584969691993
9009,5922.584977232286
9010,5922.584978205781
9011,5922.584970577731
9012,5922.584967574125
9013,5922.584971108304
9014,5922.584978243472
9015,5922.5849692329375
9016,5919.65609234098
9017,5919.656092340981
9018,5919.656092340982
9019,5919.6560923409825
9020,5919.656092340982
9021,5919.6560923409825
9022,5919.656092340978
9023,5919.656092340982
9024,5919.65609234098
9025,5919.656055315255
9026,5919.656077739244
9027,5919.656109457162
9028,5919.656093514755
9029,5919.6560846028615
9030,5919.65610461407
9031,5919.656074373919
9032,5919.656088485595
9033,5919.656106421577
9034,5919.656096447444
9035,5919.656089974724
9036,5919.656094531279
9037,5919.656097411919
9038,5919.656055711312
9039,5919.656088716469
9040,5919.656094965033
9041,5919.656089723165
9042,5919.656093159359
9043,5919.6560978208545
9044,5919.65610163115
9045,5919.656097018699
9046,5919.656087680886
9047,5919.656091003603
9048,5919.656094032619
9049,5919.65607139051
9050,5919.656095147637
9051,5919.656094177927
9052,5919.6560985897195
9053,5919.656104675372
9054,5919.656094583178
9055,5919.656122375247
9056,5919.656081561636
9057,5919.656076778297
9058,5919.656096691006
9059,5919.656095358708
9060,5919.656091493979
9061,5919.656077048021
9062,5919.656088445844
9063,5919.656094714643
9064,5919.656086896095
9065,5903.972675776053
9066,5903.972675776049
9067,5903.972675776049
9068,5903.972675776049
9069,5903.972675776047
9070,5903.972675776048
9071,5903.972675776052
9072,5903.972675776052
9073,5903.972675776047
9074,5903.972656837417
9075,5903.972673404578
9076,5903.972692819403
9077,5903.972676904317
9078,5903.972670513182
9079,5903.972686559024
9080,5903.972661618846
9081,5903.972681175602
9082,5903.972686423498
9083,5903.972676310797
9084,5903.9726741661025
9085,5903.972676439844
9086,5903.972676432536
9087,5903.972660801668
9088,5903.972672083796
9089,5903.97267534921
9090,5903.972676680678
9091,5903.972673596284
9092,5903.972679727702
9093,5903.972680358595
9094,5903.97268341982
9095,5903.9726731757855
9096,5903.972674553792
9097,5903.972677543235
9098,5903.972673071217
9099,5903.972671979833
9100,5903.972676422901
9101,5903.972670318634
9102,5903.972680357106
9103,5903.972682088923
9104,5903.972692473426
9105,5903.972673431381
9106,5903.972665450426
9107,5903.972677514747
9108,5903.972677677693
9109,5903.9726716150535
9110,5903.972661038649
9111,5903.972671275214
9112,5903.972678442167
9113,5903.9726715379975
9114,5894.950341919811
9115,5894.950341919806
9116,5894.950341919805
9117,5894.950341919806
9118,5894.950341919809
9119,5894.950341919809
9120,5894.950341919809
9121,5894.950341919811
9122,5894.950341919809
9123,5894.950342846281
9124,5894.950351370667
9125,5894.950355831209
9126,5894.950343163629
9127,5894.950340580526
9128,5894.950354567699
9129,5894.950337577404
9130,5894.950347997397
9131,5894.950356248231
9132,5894.950341937656
9133,5894.9503413245
9134,5894.950340055017
9135,5894.950321552906
9136,5894.950347601371
9137,5894.950341632678
9138,5894.950332679382
9139,5894.950340700044
9140,5894.950328865049
9141,5894.95034439983
9142,5894.950339920934
9143,5894.950347909792
9144,5894.950342039399
9145,5894.950341317119
9146,5894.950344165674
9147,5894.950349154747
9148,5894.950339105105
9149,5894.950341466905
9150,5894.950336228503
9151,5894.950338374966
9152,5894.950339351652
9153,5894.950342593222
9154,5894.950348837614
9155,5894.950339801364
9156,5894.950342586319
9157,5894.950342350373
9158,5894.95034193125
9159,5894.9503366221525
9160,5894.950339270605
9161,5894.950344719687
9162,5894.950345092895
9163,5890.542092906042
9164,5890.542092906043
9165,5890.542092906042
9166,5890.542092906042
9167,5890.542092906043
9168,5890.542092906042
9169,5890.542092906041
9170,5890.54209290604
9171,5890.54209290604
9172,5890.542093822767
9173,5890.542087435247
9174,5890.542104960781
9175,5890.542093605099
9176,5890.542087002306
9177,5890.5420896854575
9178,5890.542082193547
9179,5890.542092114718
9180,5890.54210560037
9181,5890.542092092065
9182,5890.5420924095
9183,5890.542097606096
9184,5890.542098819837
9185,5890.542100676849
9186,5890.542092827753
9187,5890.542095858489
9188,5890.542092698955
9189,5890.542092553332
9190,5890.542083368931
9191,5890.542104297734
9192,5890.542099186736
9193,5890.5420928343965
9194,5890.542092422586
9195,5890.542095388389
9196,5890.542099838431
9197,5890.542087861206
9198,5890.542092522717
9199,5890.542078213601
9200,5890.542092380481
9201,5890.542100663601
9202,5890.542090828968
9203,5890.542098230134
9204,5890.5420928081285
9205,5890.542094742805
9206,5890.542093251815
9207,5890.542084994889
9208,5890.542086777581
9209,5890.542090315663
9210,5890.542096295472
9211,5890.542096913007
9212,5884.837009345973
9213,5884.837009345973
9214,5884.837009345973
9215,5884.837009345974
9216,5884.837009345975
9217,5884.837009345973
9218,5884.837009345975
9219,5884.837009345977
9220,5884.837009345976
9221,5884.837012022992
9222,5884.83700967309
9223,5884.837019649858
9224,5884.837010378693
9225,5884.837004976366
9226,5884.8370095923365
9227,5884.837005319861
9228,5884.837007247628
9229,5884.837025773822
9230,5884.83700970932
9231,5884.8370091018505
9232,5884.83701306512
9233,5884.837002079764
9234,5884.837018501235
9235,5884.837011210635
9236,5884.837008027103
9237,5884.837005563196
9238,5884.83700225763
9239,5884.837003980945
9240,5884.837014594237
9241,5884.837013126209
9242,5884.8370101765795
9243,5884.837009190477
9244,5884.837012318912
9245,5884.8370150046385
9246,5884.837008010986
9247,5884.837008784066
9248,5884.837001351937
9249,5884.837008189304
9250,5884.837008920742
9251,5884.837004071209
9252,5884.837015692123
9253,5884.837011459858
9254,5884.837011223929
9255,5884.837009296329
9256,5884.837006416556
9257,5884.837007946177
9258,5884.837008207552
9259,5884.837012557417
9260,5884.837016359581
9261,5877.458753654747
9262,5877.458753654742
9263,5877.458753654742
9264,5877.458753654744
9265,5877.45875365474
9266,5877.458753654745
9267,5877.458753654741
9268,5877.458753654742
9269,5877.458753654742
9270,5877.458758769482
9271,5877.458757019092
9272,5877.458761301776
9273,5877.458755253074
9274,5877.458749872498
9275,5877.458752768814
9276,5877.458759833932
9277,5877.458749375969
9278,5877.458774694376
9279,5877.458755171315
9280,5877.458753148114
9281,5877.458757285188
9282,5877.458744662615
9283,5877.4587608819
9284,5877.4587576157755
9285,5877.458752089371
9286,5877.458748181989
9287,5877.458742907997
9288,5877.458755437518
9289,5877.4587511015725
9290,5877.458753937746
9291,5877.458755495459
9292,5877.458753851601
9293,5877.45875735221
9294,5877.4587566951195
9295,5877.458756576936
9296,5877.458752833508
9297,5877.458748935318
9298,5877.458752906256
9299,5877.458746879981
9300,5877.458745813343
9301,5877.458758703788
9302,5877.458758535986
9303,5877.458755882782
9304,5877.458753699094
9305,5877.458752979341
9306,5877.458756893036
9307,5877.45875413371
9308,5877.45875658445
9309,5877.458762337043
9310,5869.146383862059
9311,5869.14638386206
9312,5869.14638386206
9313,5869.146383862062
9314,5869.146383862064
9315,5869.146383862062
9316,5869.14638386206
9317,5869.146383862061
9318,5869.146383862059
9319,5869.146392044325
9320,5869.146389920395
9321,5869.146392943629
9322,5869.146385617392
9323,5869.146388421604
9324,5869.146392326011
9325,5869.146388911382
9326,5869.146384636392
9327,5869.146403135159
9328,5869.146385065054
9329,5869.146383791118
9330,5869.146382838156
9331,5869.146370181354
9332,5869.146384788558
9333,5869.146386522839
9334,5869.146376256145
9335,5869.146382610358
9336,5869.146369883655
9337,5869.146392363566
9338,5869.14637870241
9339,5869.146383911557
9340,5869.146385174489
9341,5869.146384102279
9342,5869.146386833836
9343,5869.146384912718
9344,5869.146386247823
9345,5869.146383919578
9346,5869.146385172074
9347,5869.146378737461
9348,5869.146378399854
9349,5869.146377807896
9350,5869.146390084216
9351,5869.146385481989
9352,5869.146385419742
9353,5869.146383562589
9354,5869.146387135298
9355,5869.146382050955
9356,5869.146384400263
9357,5869.146386996427
9358,5869.146385927776
9359,5864.631289731954
9360,5864.631289731955
9361,5864.631289731955
9362,5864.631289731954
9363,5864.631289731956
9364,5864.631289731954
9365,5864.631289731953
9366,5864.631289731956
9367,5864.631289731953
9368,5864.631309225533
9369,5864.631290650388
9370,5864.631292485268
9371,5864.63129206191
9372,5864.631284943385
9373,5864.631273730634
9374,5864.631313241364
9375,5864.631281628581
9376,5864.631316287049
9377,5864.631289984618
9378,5864.631286881704
9379,5864.631293547846
9380,5864.631321298151
9381,5864.631290099907
9382,5864.63129521796
9383,5864.631301467211
9384,5864.631295663389
9385,5864.6312907756455
9386,5864.631301624053
9387,5864.631278102226
9388,5864.631284081859
9389,5864.631293665744
9390,5864.631290033046
9391,5864.631293041903
9392,5864.631291128817
9393,5864.631294505825
9394,5864.6312890716135
9395,5864.631270640141
9396,5864.631288914902
9397,5864.631288290879
9398,5864.631279467934
9399,5864.631286700174
9400,5864.631300943207
9401,5864.63129209924
9402,5864.631291831734
9403,5864.631277418024
9404,5864.631295158076
9405,5864.631290666129
9406,5864.631292492839
9407,5864.631291775257
9408,5858.618685605969
9409,5858.618685605969
9410,5858.618685605969
9411,5858.6186856059685
9412,5858.618685605968
9413,5858.618685605966
9414,5858.618685605968
9415,5858.618685605969
9416,5858.618685605969
9417,5858.618677769937
9418,5858.61869224763
9419,5858.618694407504
9420,5858.61868717353
9421,5858.618683406787
9422,5858.618687891693
9423,5858.618688807522
9424,5858.618683055697
9425,5858.618705989168
9426,5858.618685372501
9427,5858.618684413968
9428,5858.618691824088
9429,5858.618681794191
9430,5858.618682651827
9431,5858.61868827772
9432,5858.618690796121
9433,5858.6186796858065
9434,5858.618684633341
9435,5858.618688084566
9436,5858.618681145312
9437,5858.6186840960745
9438,5858.618687941325
9439,5858.61868569314
9440,5858.618686525485
9441,5858.618683465902
9442,5858.61868714141
9443,5858.618686765542
9444,5858.6186948105715
9445,5858.61869108258
9446,5858.618681840448
9447,5858.618683964193
9448,5858.618683939618
9449,5858.618688968195
9450,5858.618686201779
9451,5858.618686363149
9452,5858.618687320083
9453,5858.618685050195
9454,5858.618685087668
9455,5858.618688974385
9456,5858.6186828185055
9457,5856.785648899342
9458,5856.785648899345
9459,5856.785648899342
9460,5856.785648899344
9461,5856.785648899343
9462,5856.785648899344
9463,5856.785648899343
9464,5856.785648899342
9465,5856.785648899341
9466,5856.785646773604
9467,5856.78565403378
9468,5856.785659027151
9469,5856.7856502451505
9470,5856.785649116604
9471,5856.785653183823
9472,5856.78565004259
9473,5856.785648046984
9474,5856.78566762374
9475,5856.7856477655605
9476,5856.785647660252
9477,5856.785652424673
9478,5856.785647128145
9479,5856.785647121783
9480,5856.7856506351245
9481,5856.785651445996
9482,5856.785647291494
9483,5856.785647955932
9484,5856.785650780501
9485,5856.785646345605
9486,5856.7856488484595
9487,5856.785650955592
9488,5856.785648863897
9489,5856.785649498606
9490,5856.785648346099
9491,5856.785648182629
9492,5856.785650156287
9493,5856.785653633365
9494,5856.785650643619
9495,5856.785647985616
9496,5856.785647312326
9497,5856.785649015942
9498,5856.785651544229
9499,5856.7856492798
9500,5856.785649740479
9501,5856.785648848801
9502,5856.785646500219
9503,5856.785647574007
9504,5856.785652355396
9505,5856.785645158207
9506,5854.837941781877
9507,5854.837941781879
9508,5854.83794178188
9509,5854.837941781879
9510,5854.837941781878
9511,5854.837941781878
9512,5854.837941781878
9513,5854.837941781877
9514,5854.837941781877
9515,5854.837942925347
9516,5854.837942689264
9517,5854.837952473563
9518,5854.837942834956
9519,5854.837942483664
9520,5854.837946046645
9521,5854.837941692809
9522,5854.837938934043
9523,5854.837960816577
9524,5854.837940827088
9525,5854.837940196459
9526,5854.837943779565
9527,5854.8379435683455
9528,5854.837939638025
9529,5854.837943606469
9530,5854.8379434632525
9531,5854.837943203527
9532,5854.83794297145
9533,5854.837941333355
9534,5854.837942282378
9535,5854.837942340819
9536,5854.837943504186
9537,5854.837941698189
9538,5854.837941822129
9539,5854.837939778064
9540,5854.83794096599
9541,5854.83794322454
9542,5854.8379435809775
9543,5854.837941764798
9544,5854.837941618083
9545,5854.837941795669
9546,5854.83794179283
9547,5854.8379442639525
9548,5854.837942887507
9549,5854.837943019998
9550,5854.837939773546
9551,5854.837940242213
9552,5854.83794012762
9553,5854.837945213347
9554,5854.837938548937
9555,5851.768030495969
9556,5851.768030495969
9557,5851.768030495966
9558,5851.768030495973
9559,5851.768030495971
9560,5851.768030495973
9561,5851.76803049597
9562,5851.768030495971
9563,5851.76803049597
9564,5851.768035075256
9565,5851.768032259192
9566,5851.768042331734
9567,5851.768031374716
9568,5851.768031506375
9569,5851.768035058341
9570,5851.768028820189
9571,5851.768029064127
9572,5851.768048375115
9573,5851.768028465902
9574,5851.76802902062
9575,5851.768031177131
9576,5851.768033565895
9577,5851.768031615276
9578,5851.768031903389
9579,5851.768032021958
9580,5851.768034336506
9581,5851.768032211279
9582,5851.768027977749
9583,5851.768032143678
9584,5851.768032270194
9585,5851.768032534948
9586,5851.768030374886
9587,5851.768030248404
9588,5851.768031110952
9589,5851.768027370203
9590,5851.768031950983
9591,5851.768029021066
9592,5851.7680291988445
9593,5851.768031415046
9594,5851.76802984986
9595,5851.7680318158755
9596,5851.768033752049
9597,5851.768030994863
9598,5851.768031589258
9599,5851.768026551158
9600,5851.768029209605
9601,5851.7680283409
9602,5851.768033931606
9603,5851.768027487951
9604,5844.5638249155045
9605,5844.563824915503
9606,5844.563824915503
9607,5844.563824915502
9608,5844.563824915505
9609,5844.5638249155
9610,5844.563824915501
9611,5844.563824915502
9612,5844.563824915504
9613,5844.563838697277
9614,5844.563814214459
9615,5844.563838889138
9616,5844.563825251442
9617,5844.563833275035
9618,5844.56383218906
9619,5844.563818344876
9620,5844.563821321972
9621,5844.563841645237
9622,5844.563824755828
9623,5844.563824270264
9624,5844.563818377438
9625,5844.563833980224
9626,5844.563820482414
9627,5844.563826462656
9628,5844.563820531595
9629,5844.563838398527
9630,5844.563827630143
9631,5844.563821578346
9632,5844.563835464288
9633,5844.563828532466
9634,5844.563825116924
9635,5844.563825122484
9636,5844.563823811897
9637,5844.563820364596
9638,5844.5638226793635
9639,5844.563827097484
9640,5844.563820612154
9641,5844.563817218586
9642,5844.563828898664
9643,5844.56382826017
9644,5844.563828123406
9645,5844.563824340823
9646,5844.563827691571
9647,5844.563825460917
9648,5844.5638199169025
9649,5844.563823470211
9650,5844.563823884228
9651,5844.563828257995
9652,5844.5638209279405
9653,5837.306180990938
9654,5837.306180990938
9655,5837.306180990941
9656,5837.3061809909395
9657,5837.306180990938
9658,5837.3061809909395
9659,5837.306180990938
9660,5837.306180990937
9661,5837.306180990937
9662,5837.30619228733
9663,5837.306179686983
9664,5837.306194077991
9665,5837.306181543294
9666,5837.306183326413
9667,5837.306183024601
9668,5837.306177152619
9669,5837.306178859966
9670,5837.306198156188
9671,5837.306179525284
9672,5837.306181487066
9673,5837.306178821297
9674,5837.306181154241
9675,5837.306190612354
9676,5837.306184239076
9677,5837.3061808947205
9678,5837.3061865460695
9679,5837.306179989769
9680,5837.306173558925
9681,5837.306188102012
9682,5837.306185096483
9683,5837.306183365277
9684,5837.306181544545
9685,5837.306181216558
9686,5837.306185377333
9687,5837.306176916218
9688,5837.306182134059
9689,5837.306176431051
9690,5837.306178162727
9691,5837.30618035476
9692,5837.306176650584
9693,5837.3061864770625
9694,5837.306186162321
9695,5837.306181976406
9696,5837.306180095876
9697,5837.30617637413
9698,5837.30618573656
9699,5837.306180929818
9700,5837.30618405483
9701,5837.306184823567
9702,5831.311848749705
9703,5831.31184874971
9704,5831.31184874971
9705,5831.311848749706
9706,5831.311848749709
9707,5831.311848749706
9708,5831.311848749709
9709,5831.311848749703
9710,5831.311848749707
9711,5831.3118431726625
9712,5831.311846862831
9713,5831.311862754761
9714,5831.311849746338
9715,5831.3118475186275
9716,5831.311847492138
9717,5831.311842658141
9718,5831.311849297335
9719,5831.311863353205
9720,5831.311847502509
9721,5831.311850253235
9722,5831.311851227246
9723,5831.311854082502
9724,5831.311850981846
9725,5831.311851057895
9726,5831.311855699341
9727,5831.311848853116
9728,5831.31185067175
9729,5831.311845169009
9730,5831.311854747819
9731,5831.3118534494615
9732,5831.311850455992
9733,5831.311849459422
9734,5831.3118502165635
9735,5831.311851559199
9736,5831.311844256162
9737,5831.311849837062
9738,5831.311849035481
9739,5831.31185373277
9740,5831.311849677282
9741,5831.311849978777
9742,5831.311850168253
9743,5831.311850748663
9744,5831.311849270838
9745,5831.311846940155
9746,5831.3118444189495
9747,5831.311850435829
9748,5831.311849358799
9749,5831.311851344674
9750,5831.311851200991
9751,5828.476735531104
9752,5828.476735531101
9753,5828.476735531103
9754,5828.476735531103
9755,5828.476735531101
9756,5828.4767355311005
9757,5828.4767355311005
9758,5828.476735531103
9759,5828.476735531101
9760,5828.476736486247
9761,5828.476743485895
9762,5828.476747179799
9763,5828.47673705627
9764,5828.476740246588
9765,5828.47673982963
9766,5828.476739070995
9767,5828.476738262954
9768,5828.476753285106
9769,5828.476735783293
9770,5828.476737705304
9771,5828.476734742321
9772,5828.476719250846
9773,5828.476741104846
9774,5828.4767398148915
9775,5828.476733103353
9776,5828.476731773382
9777,5828.476725583436
9778,5828.476740660311
9779,5828.476732410375
9780,5828.476737608073
9781,5828.476738034065
9782,5828.4767366129345
9783,5828.476737704026
9784,5828.476740948666
9785,5828.476735313847
9786,5828.476736175241
9787,5828.476744237569
9788,5828.476737219348
9789,5828.47673018516
9790,5828.476728673952
9791,5828.47673990987
9792,5828.476738672762
9793,5828.476735744493
9794,5828.476732947501
9795,5828.476740421281
9796,5828.476740077665
9797,5828.476737954551
9798,5828.476737640646
9799,5828.476739192643
9800,5826.271679866944
9801,5826.271679866943
9802,5826.271679866943
9803,5826.271679866943
9804,5826.271679866945
9805,5826.271679866946
9806,5826.271679866948
9807,5826.271679866946
9808,5826.271679866946
9809,5826.271674550297
9810,5826.271681597178
9811,5826.2716914920165
9812,5826.2716814703035
9813,5826.271681484135
9814,5826.271679122884
9815,5826.271682257889
9816,5826.271681190525
9817,5826.27169691736
9818,5826.271680670755
9819,5826.271681698375
9820,5826.2716812891495
9821,5826.271676256472
9822,5826.271679085019
9823,5826.271683557502
9824,5826.271682946086
9825,5826.271676533581
9826,5826.271675471661
9827,5826.271685702932
9828,5826.271678831488
9829,5826.2716820646465
9830,5826.271681490931
9831,5826.271680856415
9832,5826.271682456432
9833,5826.271682079121
9834,5826.271680076982
9835,5826.271680471181
9836,5826.2716855982235
9837,5826.271684712825
9838,5826.271677539918
9839,5826.27167794361
9840,5826.27168076624
9841,5826.271680999754
9842,5826.2716809108615
9843,5826.271677724327
9844,5826.271681112651
9845,5826.271682457662
9846,5826.271682119968
9847,5826.271681705541
9848,5826.271682247949
9849,5823.560029515164
9850,5823.56002951516
9851,5823.56002951516
9852,5823.560029515161
9853,5823.560029515162
9854,5823.560029515162
9855,5823.560029515161
9856,5823.560029515159
9857,5823.560029515161
9858,5823.560020528217
9859,5823.5600278153015
9860,5823.560041759529
9861,5823.560031150488
9862,5823.560030129414
9863,5823.56002640095
9864,5823.56003026379
9865,5823.560032064438
9866,5823.56004486479
9867,5823.560030069942
9868,5823.560030963083
9869,5823.560031319406
9870,5823.560034685043
9871,5823.560023853353
9872,5823.560031822085
9873,5823.560035473969
9874,5823.560027834652
9875,5823.560029275806
9876,5823.560036635644
9877,5823.560029545398
9878,5823.560032182409
9879,5823.56003033819
9880,5823.560030281701
9881,5823.560032196916
9882,5823.560030572762
9883,5823.5600287992
9884,5823.560030179911
9885,5823.560032314806
9886,5823.560035716352
9887,5823.560031360353
9888,5823.560031309817
9889,5823.560028258142
9890,5823.560028099008
9891,5823.5600306340475
9892,5823.560027876484
9893,5823.560028145264
9894,5823.560028469394
9895,5823.560030897653
9896,5823.560030976136
9897,5823.560028680601
9898,5819.688188730761
9899,5819.688188730759
9900,5819.688188730761
9901,5819.688188730763
9902,5819.688188730761
9903,5819.688188730767
9904,5819.688188730763
9905,5819.688188730764
9906,5819.688188730763
9907,5819.688179742923
9908,5819.688185752569
9909,5819.688200312665
9910,5819.688190312922
9911,5819.68818850111
9912,5819.688182973325
9913,5819.688190022622
9914,5819.68819173079
9915,5819.688203671968
9916,5819.688188978146
9917,5819.688189472526
9918,5819.688190397135
9919,5819.688198328244
9920,5819.688181828463
9921,5819.688190233736
9922,5819.688195901475
9923,5819.688187775925
9924,5819.68819151149
9925,5819.688195674772
9926,5819.688188666245
9927,5819.688190660283
9928,5819.6881892450565
9929,5819.688189234203
9930,5819.688191274445
9931,5819.688190031428
9932,5819.688187865729
9933,5819.68818942636
9934,5819.68818864248
9935,5819.688195364755
9936,5819.688193853563
9937,5819.68819088754
9938,5819.688186175374
9939,5819.68818616685
9940,5819.68818981528
9941,5819.688187890339
9942,5819.688185963618
9943,5819.688185340798
9944,5819.688189088762
9945,5819.688189605198
9946,5819.688185141985
9947,5813.240705073969
9948,5813.240705073973
9949,5813.240705073973
9950,5813.240705073969
9951,5813.240705073972
9952,5813.240705073972
9953,5813.240705073969
9954,5813.240705073975
9955,5813.240705073971
9956,5813.240688089325
9957,5813.240699213423
9958,5813.240714830964
9959,5813.24070629211
9960,5813.240701223412
9961,5813.2406976493
9962,5813.2407022684765
9963,5813.240703903727
9964,5813.240720434504
9965,5813.240706025692
9966,5813.240705481198
9967,5813.240709339902
9968,5813.240713160608
9969,5813.240697032041
9970,5813.24070672165
9971,5813.240714539843
9972,5813.240698728559
9973,5813.240713051915
9974,5813.240703680378
9975,5813.2407090972265
9976,5813.240704620074
9977,5813.240705178534
9978,5813.240705390339
9979,5813.24070713473
9980,5813.24070257854
9981,5813.240706072859
9982,5813.240706564043
9983,5813.24070914338
9984,5813.240716211476
9985,5813.240709869367
9986,5813.240710015099
9987,5813.240700275233
9988,5813.240701655207
9989,5813.240706877303
9990,5813.240704725096
9991,5813.240703282664
9992,5813.24070132014
9993,5813.240704919699
9994,5813.240705099928
9995,5813.2407013974935
9996,5820.413898044587
9997,5820.413898044584
9998,5820.413898044588
9999,5820.413898044586
10000,5820.413898044588
10001,5820.41389804459
10002,5820.413898044586
10003,5820.413898044588
10004,5820.413898044588
10005,5820.413941812521
10006,5820.41388532895
10007,5820.413900602526
10008,5820.413899402123
10009,5820.41390031554
10010,5820.4138759875495
10011,5820.413912613088
10012,5820.4139006032365
10013,5820.413913593722
10014,5820.413894364809
10015,5820.413897319059
10016,5820.413889922029
10017,5820.413951699786
10018,5820.413903588401
10019,5820.4138984834735
10020,5820.413908100599
10021,5820.413919448378
10022,5820.413908995217
10023,5820.413899576722
10024,5820.41389621402
10025,5820.413891433643
10026,5820.413900294903
10027,5820.413898041207
10028,5820.413900560294
10029,5820.413907533142
10030,5820.413894873891
10031,5820.413898366169
10032,5820.413855214722
10033,5820.413889166941
10034,5820.41391772307
10035,5820.413884385846
10036,5820.413901565476
10037,5820.41390227347
10038,5820.413898748296
10039,5820.413898765987
10040,5820.4138783343915
10041,5820.413890435904
10042,5820.413896576912
10043,5820.413896970764
10044,5820.413890060502
10045,5810.918816924379
10046,5810.918816924379
10047,5810.918816924382
10048,5810.91881692438
10049,5810.918816924381
10050,5810.918816924377
10051,5810.91881692438
10052,5810.918816924377
10053,5810.918816924379
10054,5810.918819620783
10055,5810.918808824128
10056,5810.918824004111
10057,5810.918818205855
10058,5810.918814818249
10059,5810.918804076427
10060,5810.918820432411
10061,5810.918816340951
10062,5810.918832788682
10063,5810.918816689425
10064,5810.918816887048
10065,5810.918817330304
10066,5810.918840067394
10067,5810.918813251827
10068,5810.918818522077
10069,5810.9188267923
10070,5810.918819487464
10071,5810.918825933439
10072,5810.918816763537
10073,5810.918818880501
10074,5810.918814266841
10075,5810.918817721804
10076,5810.918817173459
10077,5810.918819152571
10078,5810.918818184401
10079,5810.918817142721
10080,5810.918818025738
10081,5810.918805886073
10082,5810.918821733131
10083,5810.918826044307
10084,5810.9188157455255
10085,5810.918814581772
10086,5810.918816229981
10087,5810.9188186398305
10088,5810.918816973173
10089,5810.918809166296
10090,5810.91881247043
10091,5810.918816548588
10092,5810.918816591986
10093,5810.918812244866
10094,5808.159235958012
10095,5808.159235958012
10096,5808.159235958015
10097,5808.159235958014
10098,5808.159235958014
10099,5808.159235958013
10100,5808.159235958012
10101,5808.15923595801
10102,5808.159235958009
10103,5808.159237097825
10104,5808.159231202569
10105,5808.1592440852455
10106,5808.159236942043
10107,5808.159237799801
10108,5808.159233084214
10109,5808.159234121894
10110,5808.1592366454015
10111,5808.159250530387
10112,5808.159235721602
10113,5808.15923659538
10114,5808.159233889257
10115,5808.159242747131
10116,5808.159233138867
10117,5808.1592369761465
10118,5808.159238513262
10119,5808.159236389392
10120,5808.159240928303
10121,5808.15923211902
10122,5808.159239505278
10123,5808.159233298413
10124,5808.159236426844
10125,5808.15923614798
10126,5808.159237433611
10127,5808.159235889542
10128,5808.159235894633
10129,5808.159237904223
10130,5808.159233092688
10131,5808.159239009722
10132,5808.159242217551
10133,5808.159235922579
10134,5808.159236263799
10135,5808.159233594184
10136,5808.159237258596
10137,5808.159235430538
10138,5808.159233754823
10139,5808.159230240602
10140,5808.159235278312
10141,5808.159235435461
10142,5808.159231009683
10143,5806.886112468561
10144,5806.88611246856
10145,5806.88611246856
10146,5806.886112468563
10147,5806.886112468562
10148,5806.886112468563
10149,5806.886112468563
10150,5806.886112468559
10151,5806.886112468561
10152,5806.886115976661
10153,5806.886108897683
10154,5806.886119947181
10155,5806.88611345844
10156,5806.8861155230115
10157,5806.88611334169
10158,5806.886112338626
10159,5806.886111361746
10160,5806.886128872635
10161,5806.886113147923
10162,5806.886113252751
10163,5806.886109670566
10164,5806.886111587059
10165,5806.886111160757
10166,5806.886114885573
10167,5806.886111369224
10168,5806.886111580826
10169,5806.886113681631
10170,5806.886108454415
10171,5806.8861149067125
10172,5806.886109205681
10173,5806.886113217916
10174,5806.886112834419
10175,5806.8861138347165
10176,5806.886111102809
10177,5806.886114353974
10178,5806.886114496788
10179,5806.886112626651
10180,5806.886113986378
10181,5806.886113913829
10182,5806.8861115339805
10183,5806.88611397132
10184,5806.886111416215
10185,5806.886114351682
10186,5806.8861117193
10187,5806.886112814945
10188,5806.886109915031
10189,5806.886112607022
10190,5806.886112003949
10191,5806.8861107215025
10192,5805.605585124276
10193,5805.605585124273
10194,5805.605585124275
10195,5805.6055851242745
10196,5805.605585124276
10197,5805.605585124281
10198,5805.605585124279
10199,5805.605585124275
10200,5805.605585124277
10201,5805.605588850104
10202,5805.605583913607
10203,5805.605592837437
10204,5805.605586225993
10205,5805.605588581175
10206,5805.605589220491
10207,5805.605585628867
10208,5805.605584856475
10209,5805.605601579809
10210,5805.605585664942
10211,5805.605586156619
10212,5805.605582089935
10213,5805.6055790417795
10214,5805.605585076435
10215,5805.605587708742
10216,5805.605581975671
10217,5805.605583115065
10218,5805.605583658957
10219,5805.605581831481
10220,5805.60558565761
10221,5805.605582048902
10222,5805.60558612739
10223,5805.605585527121
10224,5805.605586548519
10225,5805.6055841595735
10226,5805.605586909304
10227,5805.605587078958
10228,5805.605586707268
10229,5805.605586031037
10230,5805.605583742222
10231,5805.605584191935
10232,5805.605587524413
10233,5805.605584589498
10234,5805.605586706294
10235,5805.605584078985
10236,5805.605586895144
10237,5805.6055836071655
10238,5805.6055853765565
10239,5805.605584558914
10240,5805.605585199543
10241,5803.425451039764
10242,5803.425451039761
10243,5803.425451039761
10244,5803.425451039763
10245,5803.425451039764
10246,5803.425451039765
10247,5803.425451039766
10248,5803.425451039762
10249,5803.425451039762
10250,5803.4254530907465
10251,5803.425453151002
10252,5803.425459088474
10253,5803.425452475231
10254,5803.425452691827
10255,5803.425457267291
10256,5803.425453538773
10257,5803.425452200977
10258,5803.425467391715
10259,5803.425451016327
10260,5803.425452307209
10261,5803.425449300987
10262,5803.425441775178
10263,5803.425452673635
10264,5803.4254537059605
10265,5803.425447806659
10266,5803.425446837248
10267,5803.425447099454
10268,5803.425449752935
10269,5803.425447727948
10270,5803.425448560595
10271,5803.42545256842
10272,5803.425451461364
10273,5803.425452825862
10274,5803.425451358776
10275,5803.425452123515
10276,5803.425452533221
10277,5803.425452477167
10278,5803.4254526057175
10279,5803.42544576713
10280,5803.425450780857
10281,5803.42545358058
10282,5803.425451672807
10283,5803.42545197275
10284,5803.425449657523
10285,5803.425453108746
10286,5803.4254513370315
10287,5803.425451286203
10288,5803.42545023082
10289,5803.4254544648375
10290,5801.020795260992
10291,5801.02079526099
10292,5801.020795260992
10293,5801.020795260993
10294,5801.0207952609935
10295,5801.020795260991
10296,5801.020795260993
10297,5801.020795260992
10298,5801.020795260993
10299,5801.020798112833
10300,5801.02079688965
10301,5801.020804794922
10302,5801.020796894247
10303,5801.020798794629
10304,5801.020805075861
10305,5801.020797159223
10306,5801.0207985983
10307,5801.020809921814
10308,5801.020794942435
10309,5801.0207968300365
10310,5801.02079215947
10311,5801.020786029476
10312,5801.020794222239
10313,5801.02079699018
10314,5801.020789574661
10315,5801.020793048327
10316,5801.020790030874
10317,5801.020797711935
10318,5801.020791251073
10319,5801.020794274409
10320,5801.020796330992
10321,5801.020795644607
10322,5801.020796887023
10323,5801.020795233617
10324,5801.020795092698
10325,5801.020796623389
10326,5801.020795983329
10327,5801.020794748803
10328,5801.020790096598
10329,5801.020797369241
10330,5801.0207980595915
10331,5801.020794284744
10332,5801.0207959841955
10333,5801.020793567637
10334,5801.020797821078
10335,5801.020794209615
10336,5801.02079528317
10337,5801.020794407146
10338,5801.020798485333
10339,5796.799672829944
10340,5796.79967282994
10341,5796.799672829942
10342,5796.799672829939
10343,5796.799672829941
10344,5796.79967282994
10345,5796.799672829944
10346,5796.7996728299395
10347,5796.799672829942
10348,5796.799665958847
10349,5796.799674558755
10350,5796.799681251451
10351,5796.799674912365
10352,5796.799665005517
10353,5796.799671875977
10354,5796.799676241877
10355,5796.799672799891
10356,5796.799687409198
10357,5796.7996711372725
10358,5796.799674557762
10359,5796.799678583386
10360,5796.799674924696
10361,5796.799677259
10362,5796.7996749112235
10363,5796.799678775185
10364,5796.79966450795
10365,5796.799673159161
10366,5796.799671261872
10367,5796.799668814108
10368,5796.799672630633
10369,5796.799675116681
10370,5796.799673157718
10371,5796.799674621441
10372,5796.799676024709
10373,5796.799670727542
10374,5796.799672761412
10375,5796.799669048076
10376,5796.79967960948
10377,5796.79966605481
10378,5796.799674523302
10379,5796.799671614699
10380,5796.799675939359
10381,5796.799672939745
10382,5796.799670883645
10383,5796.799670980676
10384,5796.799677285089
10385,5796.799672714289
10386,5796.799671995503
10387,5796.799682981218
10388,5792.98847700001
10389,5792.988477000013
10390,5792.988477000012
10391,5792.988477000011
10392,5792.988477000011
10393,5792.98847700001
10394,5792.988477000012
10395,5792.9884770000135
10396,5792.988477000011
10397,5792.9884770173385
10398,5792.9884791894
10399,5792.988487088602
10400,5792.988479074068
10401,5792.988476114626
10402,5792.988481455604
10403,5792.988480261327
10404,5792.988480259152
10405,5792.988489896312
10406,5792.988475287707
10407,5792.988478707787
10408,5792.98847765568
10409,5792.988473447823
10410,5792.988479055006
10411,5792.988477625015
10412,5792.988475056903
10413,5792.988473513698
10414,5792.988473729418
10415,5792.9884811743495
10416,5792.9884732275705
10417,5792.988478237505
10418,5792.988478454739
10419,5792.988477185897
10420,5792.988478077953
10421,5792.988481013648
10422,5792.9884739947565
10423,5792.988476917495
10424,5792.988473882172
10425,5792.988477705299
10426,5792.98847360899
10427,5792.988477454851
10428,5792.988477443779
10429,5792.988476986311
10430,5792.9884769162445
10431,5792.988475143667
10432,5792.988478554324
10433,5792.98847815824
10434,5792.988476248564
10435,5792.988476367445
10436,5792.988482747616
10437,5790.728270626727
10438,5790.72827062673
10439,5790.728270626732
10440,5790.728270626731
10441,5790.72827062673
10442,5790.728270626729
10443,5790.728270626731
10444,5790.72827062673
10445,5790.728270626729
10446,5790.728266137624
10447,5790.72826092162
10448,5790.728282775988
10449,5790.7282721813535
10450,5790.728273057459
10451,5790.728273696481
10452,5790.728264389304
10453,5790.728271219659
10454,5790.728280320828
10455,5790.728270296643
10456,5790.728272002997
10457,5790.728269594185
10458,5790.728279688082
10459,5790.728260735642
10460,5790.728269188003
10461,5790.728269355148
10462,5790.7282728362015
10463,5790.728276412485
10464,5790.728272821927
10465,5790.728278314744
10466,5790.728273141074
10467,5790.7282696013035
10468,5790.728270598009
10469,5790.728270160731
10470,5790.728267749341
10471,5790.728267338567
10472,5790.728271532775
10473,5790.728269041491
10474,5790.728270617754
10475,5790.728276597652
10476,5790.728278408671
10477,5790.728267933059
10478,5790.728264289481
10479,5790.728272307386
10480,5790.728269251289
10481,5790.7282713222185
10482,5790.7282653084785
10483,5790.728269327646
10484,5790.728270512446
10485,5790.728269142683
10486,5789.180816752045
10487,5789.180816752045
10488,5789.180816752045
10489,5789.180816752044
10490,5789.1808167520485
10491,5789.180816752047
10492,5789.180816752046
10493,5789.180816752047
10494,5789.180816752044
10495,5789.180816500699
10496,5789.180812246338
10497,5789.180826579197
10498,5789.180818365813
10499,5789.18081773629
10500,5789.180816499884
10501,5789.180816112926
10502,5789.180815790922
10503,5789.18082947542
10504,5789.180816531896
10505,5789.180817854691
10506,5789.180816769909
10507,5789.180819402825
10508,5789.1808147840975
10509,5789.18081705901
10510,5789.180815464973
10511,5789.180816130972
10512,5789.1808189868025
10513,5789.180817938865
10514,5789.180821372394
10515,5789.180817750293
10516,5789.180817047523
10517,5789.18081681617
10518,5789.180816592522
10519,5789.180817813689
10520,5789.180815184943
10521,5789.180817021177
10522,5789.1808153162865
10523,5789.1808168497155
10524,5789.180819992405
10525,5789.180816884095
10526,5789.180815068102
10527,5789.180814180915
10528,5789.180818140384
10529,5789.180815634518
10530,5789.180818762887
10531,5789.180816043874
10532,5789.180815916125
10533,5789.18081677698
10534,5789.180817581079
10535,5788.361242748757
10536,5788.361242748758
10537,5788.361242748757
10538,5788.361242748758
10539,5788.361242748757
10540,5788.361242748754
10541,5788.361242748754
10542,5788.361242748755
10543,5788.361242748753
10544,5788.361243106952
10545,5788.36124103771
10546,5788.361251692594
10547,5788.361244328407
10548,5788.361242669715
10549,5788.361241712715
10550,5788.361242857547
10551,5788.3612414390245
10552,5788.361256084312
10553,5788.361242159392
10554,5788.361243821327
10555,5788.361243573056
10556,5788.361242611704
10557,5788.361244455088
10558,5788.361243301586
10559,5788.36124186712
10560,5788.361240590386
10561,5788.361244267797
10562,5788.361241689956
10563,5788.3612466042905
10564,5788.361242913774
10565,5788.361243631323
10566,5788.361242771383
10567,5788.361242434457
10568,5788.3612454916365
10569,5788.361241229485
10570,5788.361242854275
10571,5788.361241810082
10572,5788.361243319033
10573,5788.361244915144
10574,5788.361240291726
10575,5788.361241542468
10576,5788.36124163956
10577,5788.36124369159
10578,5788.361241686802
10579,5788.361245292255
10580,5788.361243350597
10581,5788.361241801764
10582,5788.361242774662
10583,5788.361244238058
10584,5786.957600678402
10585,5786.957600678401
10586,5786.957600678399
10587,5786.957600678397
10588,5786.9576006784
10589,5786.9576006784
10590,5786.957600678401
10591,5786.957600678401
10592,5786.957600678401
10593,5786.95760078222
10594,5786.9576023241825
10595,5786.95760834039
10596,5786.957602204435
10597,5786.957599705175
10598,5786.957599057987
10599,5786.957602021898
10600,5786.957598707845
10601,5786.957615047599
10602,5786.957600070016
10603,5786.957601484279
10604,5786.957602414403
10605,5786.957597348688
10606,5786.957604913419
10607,5786.9576015752555
10608,5786.957600205533
10609,5786.957596738901
10610,5786.957601744458
10611,5786.957597511423
10612,5786.957603141202
10613,5786.957599280301
10614,5786.9576021105695
10615,5786.957600638715
10616,5786.9575999496865
10617,5786.957604112764
10618,5786.95760006065
10619,5786.9576007347005
10620,5786.957601797352
10621,5786.95760204585
10622,5786.957601268957
10623,5786.957595953863
10624,5786.957599456791
10625,5786.957600741376
10626,5786.957601263595
10627,5786.957599917539
10628,5786.9576042984045
10629,5786.957602450575
10630,5786.957599665067
10631,5786.957600683277
10632,5786.957601846876
10633,5785.640575236061
10634,5785.6405752360615
10635,5785.640575236059
10636,5785.64057523606
10637,5785.64057523606
10638,5785.640575236059
10639,5785.6405752360615
10640,5785.640575236061
10641,5785.640575236064
10642,5785.640587014487
10643,5785.640576062152
10644,5785.640580461826
10645,5785.640576871449
10646,5785.640574090504
10647,5785.640569294192
10648,5785.640583215956
10649,5785.640571945293
10650,5785.640591627012
10651,5785.640574673347
10652,5785.640575153278
10653,5785.640575496396
10654,5785.640582652018
10655,5785.640580651364
10656,5785.64057679369
10657,5785.640576311995
10658,5785.640576654057
10659,5785.6405777054815
10660,5785.640573688166
10661,5785.6405746839555
10662,5785.640571403394
10663,5785.640577291303
10664,5785.640575168356
10665,5785.640574306784
10666,5785.640579222793
10667,5785.640576090854
10668,5785.640574827793
10669,5785.640567891744
10670,5785.640573361026
10671,5785.640576624867
10672,5785.640567022586
10673,5785.6405740675855
10674,5785.640577431937
10675,5785.640576080079
10676,5785.640575335091
10677,5785.640574738277
10678,5785.640578241143
10679,5785.640574392941
10680,5785.640575108266
10681,5785.640575490922
10682,5784.121161985716
10683,5784.121161985714
10684,5784.121161985711
10685,5784.121161985713
10686,5784.121161985715
10687,5784.121161985711
10688,5784.121161985714
10689,5784.121161985713
10690,5784.121161985714
10691,5784.121162906719
10692,5784.1211673033
10693,5784.121168679642
10694,5784.1211635908885
10695,5784.121161655188
10696,5784.121161985563
10697,5784.121166264089
10698,5784.121161161475
10699,5784.121177052875
10700,5784.121161611921
10701,5784.121161911423
10702,5784.121163178519
10703,5784.121159304221
10704,5784.12116363837
10705,5784.121162472096
10706,5784.121161201392
10707,5784.121159377073
10708,5784.121163008696
10709,5784.121160640904
10710,5784.121159879341
10711,5784.1211583493505
10712,5784.121163604057
10713,5784.121161776428
10714,5784.1211603773445
10715,5784.1211637191855
10716,5784.1211628207675
10717,5784.121162041374
10718,5784.121164580995
10719,5784.121162801297
10720,5784.1211605889985
10721,5784.121157985901
10722,5784.1211601925115
10723,5784.121161527786
10724,5784.121162119093
10725,5784.121162109805
10726,5784.121165790548
10727,5784.121162893274
10728,5784.121160648328
10729,5784.121161738664
10730,5784.121159892567
10731,5783.0068276708635
10732,5783.006827670863
10733,5783.006827670866
10734,5783.006827670864
10735,5783.006827670865
10736,5783.0068276708635
10737,5783.0068276708635
10738,5783.006827670866
10739,5783.006827670866
10740,5783.006827121148
10741,5783.0068317218065
10742,5783.006835210482
10743,5783.006829345786
10744,5783.006828146781
10745,5783.006828859918
10746,5783.006831592271
10747,5783.006827621848
10748,5783.0068422425975
10749,5783.006827704362
10750,5783.006827425153
10751,5783.0068282571065
10752,5783.006826743962
10753,5783.006825591133
10754,5783.006827811938
10755,5783.006826549221
10756,5783.006826228521
10757,5783.006829015432
10758,5783.006828809769
10759,5783.006825186374
10760,5783.006824601247
10761,5783.006828798373
10762,5783.006827452776
10763,5783.00682610933
10764,5783.006827751584
10765,5783.006828664056
10766,5783.00682779248
10767,5783.006830531825
10768,5783.006828347322
10769,5783.006826413378
10770,5783.006826415481
10771,5783.006825384501
10772,5783.006825744322
10773,5783.006828056476
10774,5783.00682792115
10775,5783.006831061664
10776,5783.0068273856305
10777,5783.006826326691
10778,5783.00682737268
10779,5783.006824633392
10780,5780.658006852118
10781,5780.658006852119
10782,5780.658006852114
10783,5780.658006852116
10784,5780.65800685212
10785,5780.658006852119
10786,5780.658006852118
10787,5780.65800685212
10788,5780.658006852118
10789,5780.658006152673
10790,5780.658008521234
10791,5780.658016591098
10792,5780.658008538787
10793,5780.658009126742
10794,5780.658010834374
10795,5780.6580076686505
10796,5780.658008783095
10797,5780.658019619256
10798,5780.658007015549
10799,5780.65800648279
10800,5780.658005408853
10801,5780.658009006791
10802,5780.658000471369
10803,5780.658005836361
10804,5780.658004400991
10805,5780.658009096574
10806,5780.6580082702285
10807,5780.658010074791
10808,5780.658005727728
10809,5780.658005581244
10810,5780.658007144155
10811,5780.6580065533835
10812,5780.658005309351
10813,5780.658005324416
10814,5780.658006673965
10815,5780.658006896339
10816,5780.658007949198
10817,5780.658005897845
10818,5780.658006548336
10819,5780.658009840278
10820,5780.65800533912
10821,5780.658002514638
10822,5780.658007411887
10823,5780.658007175268
10824,5780.658008406712
10825,5780.658004238473
10826,5780.658005158585
10827,5780.658006610311
10828,5780.658002611512
10829,5779.029187704403
10830,5779.029187704402
10831,5779.029187704404
10832,5779.029187704405
10833,5779.029187704404
10834,5779.029187704404
10835,5779.029187704406
10836,5779.029187704404
10837,5779.0291877044065
10838,5779.029184646628
10839,5779.029188294841
10840,5779.02919715069
10841,5779.0291894271095
10842,5779.029186626069
10843,5779.029187805867
10844,5779.029188651117
10845,5779.029188041912
10846,5779.029201432724
10847,5779.029188236494
10848,5779.029187000304
10849,5779.0291881231315
10850,5779.02919410601
10851,5779.029182599151
10852,5779.0291873874385
10853,5779.029189120354
10854,5779.029189113734
10855,5779.029190330226
10856,5779.029188986386
10857,5779.029187094696
10858,5779.029186627427
10859,5779.029188229938
10860,5779.029187446399
10861,5779.029186790086
10862,5779.029186103442
10863,5779.029188083357
10864,5779.029187261878
10865,5779.029186454214
10866,5779.029188874534
10867,5779.02918611386
10868,5779.029191120835
10869,5779.029185917901
10870,5779.029184619483
10871,5779.029188654061
10872,5779.029188313944
10873,5779.029186033929
10874,5779.029187176265
10875,5779.0291862373415
10876,5779.029187491851
10877,5779.029185838147
10878,5778.422710338028
10879,5778.422710338027
10880,5778.422710338028
10881,5778.422710338026
10882,5778.422710338029
10883,5778.422710338024
10884,5778.4227103380235
10885,5778.422710338027
10886,5778.422710338027
10887,5778.422715659638
10888,5778.4227119648685
10889,5778.42272020177
10890,5778.42271171363
10891,5778.422713336685
10892,5778.422716292701
10893,5778.422708198543
10894,5778.422