iteracion,valor_coste
0,61576.83975328784
1,61576.83975328794
2,61576.83975328796
3,61576.83975328795
4,61576.839753287924
5,61576.839753287975
6,61576.83975328789
7,61576.83975328799
8,61576.83975328785
9,61576.839615451296
10,61576.839676680196
11,61576.84019423513
12,61576.83977415487
13,61576.83887376872
14,61576.83948091131
15,61576.840260166304
16,61576.8398223671
17,61576.83969642644
18,61576.8397508028
19,61576.840001358105
20,61576.83988186965
21,61576.84033871583
22,61576.84044725116
23,61576.839502205505
24,61576.83989488813
25,61576.840549973684
26,61576.83971214528
27,61576.83996906438
28,61576.83987762493
29,61576.83974897224
30,61576.83974984517
31,61576.83979928346
32,61576.83976603305
33,61576.83994908912
34,61576.83991001244
35,61576.83970446247
36,61576.84011641801
37,61576.84016994754
38,61576.83985587284
39,61576.83932343211
40,61576.839473572894
41,61576.839755616005
42,61576.839703828504
43,61576.83971334553
44,61576.839463882534
45,61576.83954570073
46,61576.839515024374
47,61576.84011180522
48,61576.83972009667
49,2688433.75
50,2688433.75
51,2688433.75
52,2688433.75
53,2688433.75
54,2688433.75
55,2688433.75
56,2688433.75
57,2688433.7500000005
58,2688433.75
59,2688433.75
60,2688433.75
61,2688433.75
62,2688433.75
63,2688433.7500000005
64,2688433.75
65,2688433.7500000005
66,2688433.75
67,2688433.75
68,2688433.7500000005
69,2688433.7500000005
70,2688433.75
71,2688433.75
72,2688433.75
73,2688433.75
74,2688433.75
75,2688433.7500000005
76,2688433.75
77,2688433.75
78,2688433.75
79,2688433.75
80,2688433.75
81,2688433.75
82,2688433.75
83,2688433.7500000005
84,2688433.75
85,2688433.75
86,2688433.75
87,2688433.75
88,2688433.75
89,2688433.75
90,2688433.75
91,2688433.75
92,2688433.75
93,2688433.75
94,2688433.75
95,2688433.75
96,2688433.75
97,2688433.75
98,790396.51463993
99,790396.5146399292
100,790396.5146399296
101,790396.5146399295
102,790396.51463993
103,790396.5146399293
104,790396.5146399285
105,790396.5146399298
106,790396.5146399298
107,790396.5165701469
108,790396.526636898
109,790396.5150023608
110,790396.514493937
111,790396.5275339525
112,790396.5164441549
113,790396.5113971628
114,790396.5142887922
115,790396.5149032449
116,790396.5149833702
117,790396.5137010117
118,790396.5143480333
119,790396.5120593583
120,790396.5124372473
121,790396.5146104017
122,790396.513164932
123,790396.5047021502
124,790396.5124087755
125,790396.5080731087
126,790396.5150522365
127,790396.5159565903
128,790396.5136694495
129,790396.5135167063
130,790396.5151468446
131,790396.5128089502
132,790396.5134190071
133,790396.5138209775
134,790396.5164119108
135,790396.5128266378
136,790396.5161681274
137,790396.520144114
138,790396.5134806745
139,790396.5122409175
140,790396.5169717193
141,790396.5136530022
142,790396.5146465541
143,790396.5155561408
144,790396.5143734249
145,790396.512511634
146,790396.5144942855
147,58319.89765894796
148,58319.897658947964
149,58319.89765894794
150,58319.89765894781
151,58319.897658947884
152,58319.897658947826
153,58319.89765894792
154,58319.89765894799
155,58319.89765894798
156,58319.8976951546
157,58319.89795787543
158,58319.898164901446
159,58319.8978595032
160,58319.897625883284
161,58319.89708600137
162,58319.89752361152
163,58319.89773539598
164,58319.89732783125
165,58319.897558559445
166,58319.897790541174
167,58319.89791320048
168,58319.89736406374
169,58319.897034643654
170,58319.89726516107
171,58319.89697031492
172,58319.89710954175
173,58319.89753656189
174,58319.89696839155
175,58319.897640696545
176,58319.89771832621
177,58319.89757681304
178,58319.89776918257
179,58319.89742379323
180,58319.89752241218
181,58319.897503188506
182,58319.89772480361
183,58319.89807560867
184,58319.89692249839
185,58319.89677404025
186,58319.898166300656
187,58319.897539611695
188,58319.89745129586
189,58319.89788460418
190,58319.89768158467
191,58319.89760890101
192,58319.89800223237
193,58319.89736999634
194,58319.89714072124
195,58319.89767997953
196,42799.97475498826
197,42799.97475498835
198,42799.974754988325
199,42799.974754988325
200,42799.97475498838
201,42799.9747549883
202,42799.97475498836
203,42799.974754988354
204,42799.97475498832
205,42799.97463620412
206,42799.97491324747
207,42799.975193283724
208,42799.97482850837
209,42799.97476373973
210,42799.974764457125
211,42799.974543263364
212,42799.974884995485
213,42799.97451069057
214,42799.97479180958
215,42799.97488457479
216,42799.97482825331
217,42799.97451718891
218,42799.9746250541
219,42799.97461868233
220,42799.974589524514
221,42799.974595958876
222,42799.97483377893
223,42799.97470649828
224,42799.97460313645
225,42799.974732267474
226,42799.974582370436
227,42799.97479050033
228,42799.97458479174
229,42799.9748612218
230,42799.97478655935
231,42799.97472072785
232,42799.974857997244
233,42799.97489265061
234,42799.97498233174
235,42799.97478435916
236,42799.97469742324
237,42799.97470762763
238,42799.974863950316
239,42799.97472706252
240,42799.97474881345
241,42799.974915614366
242,42799.97477115245
243,42799.97460345151
244,42799.97470848496
245,38680.635309001205
246,38680.635309001205
247,38680.635309001205
248,38680.63530900119
249,38680.635309001234
250,38680.63530900112
251,38680.6353090011
252,38680.63530900115
253,38680.6353090011
254,38680.63528953527
255,38680.635388497394
256,38680.63559504171
257,38680.635336059604
258,38680.63516977901
259,38680.63539269725
260,38680.635255969486
261,38680.63542129482
262,38680.635143725915
263,38680.63536015435
264,38680.63542720815
265,38680.635288519115
266,38680.63526953403
267,38680.63541137246
268,38680.63522103397
269,38680.63531269073
270,38680.6353701905
271,38680.63533877799
272,38680.6354431889
273,38680.63514775765
274,38680.63524220636
275,38680.63511091125
276,38680.63532130751
277,38680.63515028347
278,38680.63544758283
279,38680.635357035
280,38680.63524780873
281,38680.635296149856
282,38680.635562451665
283,38680.63557988571
284,38680.63524383535
285,38680.63526710871
286,38680.63530490852
287,38680.63540668387
288,38680.635270675826
289,38680.635325354204
290,38680.63541529488
291,38680.63537946268
292,38680.63532531196
293,38680.635276475245
294,33223.16736271065
295,33223.167362710745
296,33223.16736271072
297,33223.16736271071
298,33223.167362710745
299,33223.167362710694
300,33223.16736271069
301,33223.167362710694
302,33223.16736271068
303,33223.167460997836
304,33223.16725816845
305,33223.16741571119
306,33223.16735589487
307,33223.16712598508
308,33223.167276563814
309,33223.167669136135
310,33223.16744229927
311,33223.16733681313
312,33223.16739061241
313,33223.16745308697
314,33223.167295087595
315,33223.16741224932
316,33223.16774862998
317,33223.167281556416
318,33223.16736669971
319,33223.16750570327
320,33223.1673069387
321,33223.16756569139
322,33223.16723544385
323,33223.16723750045
324,33223.16716367004
325,33223.16736374406
326,33223.167235418514
327,33223.16747977134
328,33223.16738705054
329,33223.16730249963
330,33223.167324442904
331,33223.16744159383
332,33223.16733589173
333,33223.16721917516
334,33223.16731389829
335,33223.167396244055
336,33223.16747887436
337,33223.16732784748
338,33223.16739292442
339,33223.16739296795
340,33223.167417211516
341,33223.16741593629
342,33223.167418668585
343,28674.254756558126
344,28674.254756558115
345,28674.254756558166
346,28674.25475655812
347,28674.254756558134
348,28674.25475655812
349,28674.254756558104
350,28674.25475655811
351,28674.254756558097
352,28674.254830943235
353,28674.25471611466
354,28674.254635158744
355,28674.254685765678
356,28674.254539819114
357,28674.255023135163
358,28674.254809479913
359,28674.254758154122
360,28674.25481838044
361,28674.25469717499
362,28674.254757997733
363,28674.254551877246
364,28674.25502109264
365,28674.254971258517
366,28674.25492139063
367,28674.255221846775
368,28674.255076879675
369,28674.25469057921
370,28674.254732071666
371,28674.25478255031
372,28674.254645663525
373,28674.25462405766
374,28674.254803691263
375,28674.25473856194
376,28674.254673859214
377,28674.254703488532
378,28674.254796097313
379,28674.254575010684
380,28674.25524693413
381,28674.254985006894
382,28674.2548852998
383,28674.2546931009
384,28674.254774532394
385,28674.254919710052
386,28674.25479357303
387,28674.254792759188
388,28674.254742727844
389,28674.254608073756
390,28674.255177139283
391,28674.254830053458
392,25775.417483763496
393,25775.417483763445
394,25775.417483763504
395,25775.41748376351
396,25775.417483763435
397,25775.417483763453
398,25775.417483763486
399,25775.41748376349
400,25775.417483763467
401,25775.41755330106
402,25775.41731958295
403,25775.4173216491
404,25775.417473658796
405,25775.41739107847
406,25775.417307370648
407,25775.417693832656
408,25775.417484226677
409,25775.417579168155
410,25775.417413795134
411,25775.41746681479
412,25775.417459549775
413,25775.41744705713
414,25775.4176324202
415,25775.417644730223
416,25775.417387293408
417,25775.417488817755
418,25775.41734440938
419,25775.417232765958
420,25775.417497052393
421,25775.417406523597
422,25775.417393723943
423,25775.417536927085
424,25775.417478330644
425,25775.417387377212
426,25775.41740897324
427,25775.41753565284
428,25775.41757476261
429,25775.417338412637
430,25775.417148349286
431,25775.41769322709
432,25775.417464405735
433,25775.41748815078
434,25775.417643159148
435,25775.41753490192
436,25775.417497203805
437,25775.417473374404
438,25775.417310118173
439,25775.417433113354
440,25775.417582391085
441,23795.40936209158
442,23795.409362091563
443,23795.409362091585
444,23795.409362091606
445,23795.409362091596
446,23795.409362091577
447,23795.40936209159
448,23795.409362091574
449,23795.40936209161
450,23795.409346296467
451,23795.409276387814
452,23795.40929868111
453,23795.40934112366
454,23795.409348916488
455,23795.409274157748
456,23795.409462283144
457,23795.409384994706
458,23795.409393625843
459,23795.409349747275
460,23795.409365272517
461,23795.40931582909
462,23795.40928559942
463,23795.40944876327
464,23795.40941974363
465,23795.409262898967
466,23795.409319647857
467,23795.409324053748
468,23795.40923198889
469,23795.409328581925
470,23795.409315130983
471,23795.409291730717
472,23795.40935837256
473,23795.40934315066
474,23795.409326239947
475,23795.409333076896
476,23795.409337639438
477,23795.409469949922
478,23795.409297174185
479,23795.409250105236
480,23795.40949654719
481,23795.409367468917
482,23795.409384509185
483,23795.40946847109
484,23795.40936692764
485,23795.40936825712
486,23795.409377041506
487,23795.409311341427
488,23795.409287036
489,23795.4094082743
490,22187.354984736103
491,22187.35498473613
492,22187.354984736103
493,22187.35498473613
494,22187.354984736103
495,22187.35498473611
496,22187.35498473612
497,22187.354984736092
498,22187.354984736117
499,22187.354959785855
500,22187.35494288196
501,22187.354944096813
502,22187.354956684172
503,22187.35501591494
504,22187.35495624483
505,22187.355061268358
506,22187.354982379416
507,22187.354971478188
508,22187.355015701163
509,22187.35499113024
510,22187.354925120402
511,22187.35490836253
512,22187.355024649947
513,22187.35497163546
514,22187.35486953717
515,22187.354909025016
516,22187.35499219488
517,22187.354922195496
518,22187.35496516013
519,22187.354981455406
520,22187.35496962312
521,22187.35493832211
522,22187.354973787653
523,22187.354982405282
524,22187.354983164856
525,22187.354911722225
526,22187.355105207618
527,22187.354921577335
528,22187.354968814354
529,22187.355048731348
530,22187.355005641908
531,22187.355014695226
532,22187.355043138334
533,22187.354960200348
534,22187.35498317993
535,22187.35499032567
536,22187.355009258754
537,22187.354890333663
538,22187.355016267673
539,20663.18803998235
540,20663.18803998233
541,20663.188039982342
542,20663.188039982353
543,20663.188039982357
544,20663.188039982346
545,20663.188039982346
546,20663.188039982364
547,20663.188039982353
548,20663.18806125946
549,20663.188025975625
550,20663.187999893646
551,20663.188022415186
552,20663.188035929837
553,20663.188005613225
554,20663.188140141057
555,20663.188036971154
556,20663.188001149763
557,20663.188114111006
558,20663.188040725516
559,20663.18800273412
560,20663.188017177294
561,20663.188042871247
562,20663.1880257128
563,20663.187974270884
564,20663.188000388167
565,20663.1880590771
566,20663.188071519773
567,20663.18802389157
568,20663.1880521826
569,20663.18802005912
570,20663.188019356425
571,20663.188034485855
572,20663.18809421691
573,20663.1880657886
574,20663.188004418615
575,20663.188118018323
576,20663.187994427295
577,20663.188043203954
578,20663.18800257277
579,20663.188050006822
580,20663.18807669392
581,20663.18807420924
582,20663.18803148164
583,20663.188030016056
584,20663.18803818033
585,20663.188049001703
586,20663.187999956397
587,20663.188041451627
588,19470.504027026764
589,19470.50402702675
590,19470.50402702677
591,19470.504027026764
592,19470.504027026753
593,19470.50402702677
594,19470.50402702675
595,19470.504027026764
596,19470.504027026775
597,19470.50410245242
598,19470.504118796613
599,19470.503965589494
600,19470.5040079865
601,19470.504031808294
602,19470.504102250885
603,19470.50395386143
604,19470.503947966034
605,19470.503977770473
606,19470.504113568233
607,19470.50402409071
608,19470.50398734749
609,19470.50414380099
610,19470.50392547719
611,19470.50404216452
612,19470.504069813134
613,19470.504038521147
614,19470.504017082036
615,19470.503968470424
616,19470.504166085804
617,19470.504063983644
618,19470.504029843232
619,19470.50401073997
620,19470.504030531698
621,19470.504014472102
622,19470.504045426744
623,19470.503999840315
624,19470.504001505462
625,19470.50411548012
626,19470.50413963309
627,19470.50404688722
628,19470.504040206735
629,19470.50405197365
630,19470.504041025953
631,19470.504021084824
632,19470.504003671063
633,19470.50402697806
634,19470.504044782432
635,19470.504066874964
636,19470.503963420942
637,18709.79760366253
638,18709.79760366254
639,18709.79760366254
640,18709.79760366253
641,18709.797603662526
642,18709.797603662508
643,18709.797603662526
644,18709.797603662537
645,18709.797603662537
646,18709.79764947893
647,18709.79764894252
648,18709.797579181755
649,18709.79759978899
650,18709.797602449533
651,18709.79772043218
652,18709.797534026242
653,18709.797640123492
654,18709.79756211809
655,18709.797665952075
656,18709.797578649912
657,18709.797595979693
658,18709.797623920193
659,18709.79753393131
660,18709.797650188986
661,18709.797743351905
662,18709.797632538826
663,18709.797615556556
664,18709.79766428085
665,18709.797614001884
666,18709.797601963244
667,18709.79756607509
668,18709.7976268419
669,18709.79761794941
670,18709.797644695882
671,18709.797617934808
672,18709.797628072254
673,18709.797527328607
674,18709.79776573385
675,18709.79777702481
676,18709.797546657566
677,18709.797609075045
678,18709.797638744534
679,18709.797630153156
680,18709.797636351475
681,18709.7975558694
682,18709.797596783374
683,18709.7975652109
684,18709.79772716857
685,18709.79753114508
686,17881.14105946374
687,17881.141059463745
688,17881.14105946375
689,17881.141059463724
690,17881.141059463742
691,17881.14105946375
692,17881.14105946375
693,17881.14105946373
694,17881.14105946373
695,17881.14107532599
696,17881.141074591796
697,17881.141038371836
698,17881.141065074888
699,17881.141061126636
700,17881.141113881717
701,17881.141013877383
702,17881.14110657211
703,17881.141036652723
704,17881.14109717025
705,17881.14103108371
706,17881.141074284627
707,17881.141037982914
708,17881.14101759889
709,17881.14110150622
710,17881.1411092508
711,17881.141056985874
712,17881.141066738877
713,17881.141094342827
714,17881.14104225968
715,17881.14105872146
716,17881.141024773686
717,17881.141084133083
718,17881.1410751718
719,17881.141097920055
720,17881.141056528424
721,17881.141086564952
722,17881.14104368383
723,17881.14113368625
724,17881.141144114394
725,17881.141033810993
726,17881.141073885585
727,17881.141084630934
728,17881.141090173274
729,17881.14109533121
730,17881.141007136983
731,17881.141051526312
732,17881.141008822793
733,17881.1411097211
734,17881.14099645391
735,16960.827137046203
736,16960.82713704618
737,16960.82713704618
738,16960.827137046173
739,16960.827137046177
740,16960.827137046188
741,16960.827137046177
742,16960.82713704618
743,16960.827137046206
744,16960.827127128305
745,16960.827137095315
746,16960.82713595308
747,16960.82715994804
748,16960.827115014596
749,16960.827115674245
750,16960.827079105336
751,16960.82714697796
752,16960.827118682068
753,16960.827087097143
754,16960.827094416847
755,16960.827194474707
756,16960.827114410182
757,16960.8271311868
758,16960.82715279821
759,16960.827071864027
760,16960.827115707947
761,16960.827121208364
762,16960.82709152989
763,16960.827136039825
764,16960.827217865437
765,16960.827162210346
766,16960.827163640395
767,16960.827156617233
768,16960.827137370645
769,16960.82707398277
770,16960.827168565782
771,16960.827186106086
772,16960.82708879367
773,16960.82709044108
774,16960.827172758378
775,16960.827158773394
776,16960.82708541578
777,16960.82717631282
778,16960.827182691446
779,16960.827063306595
780,16960.827112228653
781,16960.82705656629
782,16960.82710362949
783,16960.827058433606
784,16461.29241453479
785,16461.29241453477
786,16461.29241453477
787,16461.292414534775
788,16461.292414534782
789,16461.29241453479
790,16461.292414534782
791,16461.292414534786
792,16461.292414534782
793,16461.2924257959
794,16461.292389464277
795,16461.292411603576
796,16461.292416575583
797,16461.292384387132
798,16461.292403419404
799,16461.292466050076
800,16461.292439625227
801,16461.292411207265
802,16461.29241228178
803,16461.292395637847
804,16461.292427950946
805,16461.292413577496
806,16461.292498844043
807,16461.292403441497
808,16461.29238424232
809,16461.292404847907
810,16461.292394121563
811,16461.292433644136
812,16461.292377327554
813,16461.292449125533
814,16461.292415609034
815,16461.29240598934
816,16461.292430133504
817,16461.292448435033
818,16461.292384817185
819,16461.292396223835
820,16461.29243592767
821,16461.29236884604
822,16461.29235889223
823,16461.29241241989
824,16461.29242802836
825,16461.292409838345
826,16461.29243036083
827,16461.29242415577
828,16461.292372068474
829,16461.29238096049
830,16461.292395042223
831,16461.292409569396
832,16461.292419611003
833,16055.844253787636
834,16055.844253787645
835,16055.84425378764
836,16055.84425378763
837,16055.844253787625
838,16055.844253787629
839,16055.844253787616
840,16055.844253787642
841,16055.844253787629
842,16055.844257403829
843,16055.84425125999
844,16055.844276800133
845,16055.84424977667
846,16055.844246340184
847,16055.844271979156
848,16055.844275914555
849,16055.844274071895
850,16055.84424214785
851,16055.844273586992
852,16055.844243925314
853,16055.844251323942
854,16055.84425863725
855,16055.844314875501
856,16055.84427453322
857,16055.844255145521
858,16055.844244899286
859,16055.844230061455
860,16055.844270154714
861,16055.844239679865
862,16055.844282316226
863,16055.844255122043
864,16055.844229981962
865,16055.844268719764
866,16055.844271408369
867,16055.844236749388
868,16055.844215177916
869,16055.84424861443
870,16055.844258234327
871,16055.844248999652
872,16055.844250638775
873,16055.844261494229
874,16055.844259898253
875,16055.844252148752
876,16055.844247700146
877,16055.844220033157
878,16055.844225710336
879,16055.844264053387
880,16055.844260165972
881,16055.844257120085
882,15533.085736353738
883,15533.085736353743
884,15533.085736353723
885,15533.085736353736
886,15533.085736353738
887,15533.08573635376
888,15533.085736353762
889,15533.085736353727
890,15533.085736353736
891,15533.085746297951
892,15533.085779917597
893,15533.085791973182
894,15533.085731773755
895,15533.085741159859
896,15533.085763098159
897,15533.08572956281
898,15533.08573612143
899,15533.085724772365
900,15533.085789012743
901,15533.085742514952
902,15533.085725844227
903,15533.085767754657
904,15533.08574544495
905,15533.085743269636
906,15533.085750371738
907,15533.085731737192
908,15533.085699809924
909,15533.085730317345
910,15533.085786002033
911,15533.08576709576
912,15533.085740526878
913,15533.085705850399
914,15533.085746427605
915,15533.08571673979
916,15533.085728933582
917,15533.085688293024
918,15533.085702670376
919,15533.085768845598
920,15533.085752802534
921,15533.085729766848
922,15533.085730368812
923,15533.085741849354
924,15533.08569885253
925,15533.08571454855
926,15533.085716201458
927,15533.085723197122
928,15533.08577995937
929,15533.085737313408
930,15533.085726719084
931,15174.118642352387
932,15174.118642352372
933,15174.118642352358
934,15174.118642352374
935,15174.11864235238
936,15174.118642352367
937,15174.118642352387
938,15174.118642352372
939,15174.118642352376
940,15174.11860851414
941,15174.11865304483
942,15174.118694891009
943,15174.118632364347
944,15174.118681794509
945,15174.118733526699
946,15174.118573804239
947,15174.11864146579
948,15174.11864325946
949,15174.118649060812
950,15174.118631407757
951,15174.11861675064
952,15174.118660012935
953,15174.118638452655
954,15174.118641203586
955,15174.11869160167
956,15174.118623607357
957,15174.118593769086
958,15174.118590679887
959,15174.118687661761
960,15174.118675661168
961,15174.118650542428
962,15174.118629151195
963,15174.118655916827
964,15174.118601962122
965,15174.118611117568
966,15174.118624112052
967,15174.11862814317
968,15174.118722327397
969,15174.118721661276
970,15174.118707592152
971,15174.118627248503
972,15174.118632566244
973,15174.11862567834
974,15174.118641948065
975,15174.1186354114
976,15174.118648167674
977,15174.118643776208
978,15174.118652816538
979,15174.1186712608
980,14870.697836117486
981,14870.697836117499
982,14870.69783611749
983,14870.697836117482
984,14870.697836117499
985,14870.697836117473
986,14870.697836117502
987,14870.697836117488
988,14870.697836117488
989,14870.69783382856
990,14870.697835001098
991,14870.697776336348
992,14870.697827770904
993,14870.697855348491
994,14870.697851432999
995,14870.697840042185
996,14870.69781613983
997,14870.697890773852
998,14870.69791701562
999,14870.697861263914
1000,14870.697805138512
1001,14870.697871189697
1002,14870.69781000553
1003,14870.697775690272
1004,14870.69780983917
1005,14870.697822191134
1006,14870.697807874882
1007,14870.697795830214
1008,14870.697935595552
1009,14870.697810631447
1010,14870.697813856186
1011,14870.69782506708
1012,14870.697852883228
1013,14870.697787526662
1014,14870.697811893144
1015,14870.697819710851
1016,14870.69782982776
1017,14870.697847312444
1018,14870.697841137291
1019,14870.697842829664
1020,14870.69785728803
1021,14870.69785840916
1022,14870.697763688779
1023,14870.697813243594
1024,14870.6978385517
1025,14870.697854402293
1026,14870.697882636687
1027,14870.697788741862
1028,14870.697862941528
1029,14464.207962590066
1030,14464.207962590075
1031,14464.207962590077
1032,14464.207962590062
1033,14464.207962590088
1034,14464.20796259007
1035,14464.207962590066
1036,14464.207962590062
1037,14464.207962590066
1038,14464.207920951152
1039,14464.207923871643
1040,14464.20794459764
1041,14464.207964312638
1042,14464.207968906521
1043,14464.207955454653
1044,14464.207997519086
1045,14464.20801608732
1046,14464.20798483297
1047,14464.207961110887
1048,14464.207947072246
1049,14464.207948644149
1050,14464.207917249625
1051,14464.207966318509
1052,14464.20795418951
1053,14464.207924906274
1054,14464.20793386112
1055,14464.207949124673
1056,14464.207979784014
1057,14464.207931606774
1058,14464.207950382297
1059,14464.207966344882
1060,14464.20796208358
1061,14464.207973984448
1062,14464.207968794246
1063,14464.20792673057
1064,14464.207968239265
1065,14464.207998724214
1066,14464.207940527469
1067,14464.20795026347
1068,14464.207956050135
1069,14464.207994465585
1070,14464.207971539452
1071,14464.207959694118
1072,14464.207971168902
1073,14464.207962320823
1074,14464.207975601916
1075,14464.20794304902
1076,14464.20792168007
1077,14464.207986840443
1078,14310.61697406517
1079,14310.616974065171
1080,14310.616974065171
1081,14310.616974065171
1082,14310.616974065179
1083,14310.616974065155
1084,14310.616974065166
1085,14310.616974065155
1086,14310.616974065164
1087,14310.616941694536
1088,14310.616950972008
1089,14310.616984876957
1090,14310.616986442885
1091,14310.61696591435
1092,14310.616957951128
1093,14310.617003420968
1094,14310.61701773558
1095,14310.61699003732
1096,14310.616948444032
1097,14310.616954252811
1098,14310.616976021327
1099,14310.616952662993
1100,14310.616981603669
1101,14310.616970814912
1102,14310.616935354452
1103,14310.616953199826
1104,14310.616959392382
1105,14310.616989509657
1106,14310.616953705865
1107,14310.616982353036
1108,14310.616989269667
1109,14310.6169782989
1110,14310.616975059946
1111,14310.616973798997
1112,14310.61693439222
1113,14310.61698687575
1114,14310.617002579818
1115,14310.616943729165
1116,14310.616949225374
1117,14310.61696354304
1118,14310.616991779943
1119,14310.616966916476
1120,14310.61697778416
1121,14310.61698776016
1122,14310.616971600863
1123,14310.616988325488
1124,14310.6169440905
1125,14310.616937006562
1126,14310.616988981197
1127,13942.189822618213
1128,13942.189822618202
1129,13942.189822618202
1130,13942.189822618204
1131,13942.189822618198
1132,13942.189822618198
1133,13942.189822618207
1134,13942.189822618213
1135,13942.189822618202
1136,13942.189825354564
1137,13942.189853518597
1138,13942.189845717365
1139,13942.18984303073
1140,13942.18979758716
1141,13942.189819277575
1142,13942.189810553264
1143,13942.189848548805
1144,13942.18983328657
1145,13942.18980632272
1146,13942.189803530855
1147,13942.189829591374
1148,13942.18983839197
1149,13942.189776846884
1150,13942.1898253269
1151,13942.189813870587
1152,13942.189815829603
1153,13942.189804422815
1154,13942.189813271134
1155,13942.189852921427
1156,13942.189798594078
1157,13942.189830225958
1158,13942.189822860302
1159,13942.189810970538
1160,13942.18979278757
1161,13942.189787505315
1162,13942.189829983368
1163,13942.189823431283
1164,13942.189800231938
1165,13942.189798431831
1166,13942.189820822969
1167,13942.189826658068
1168,13942.189827223061
1169,13942.18983526632
1170,13942.189832792323
1171,13942.18982354072
1172,13942.189837475069
1173,13942.189793696403
1174,13942.189817843657
1175,13942.189806137329
1176,13580.442952693662
1177,13580.44295269367
1178,13580.44295269367
1179,13580.442952693662
1180,13580.44295269367
1181,13580.442952693664
1182,13580.442952693664
1183,13580.442952693655
1184,13580.44295269367
1185,13580.442976972754
1186,13580.442959532471
1187,13580.442962403555
1188,13580.442982626653
1189,13580.44292549168
1190,13580.442966032251
1191,13580.442936560266
1192,13580.442963551297
1193,13580.442973784508
1194,13580.442929504075
1195,13580.442937094718
1196,13580.442971953773
1197,13580.442975641356
1198,13580.442918355056
1199,13580.442951725316
1200,13580.44297460773
1201,13580.442954298973
1202,13580.442940705329
1203,13580.442965840624
1204,13580.44298008977
1205,13580.442920142756
1206,13580.442958140098
1207,13580.442955042625
1208,13580.442927011249
1209,13580.442930357642
1210,13580.442922596783
1211,13580.442960426622
1212,13580.442930511415
1213,13580.442953198275
1214,13580.44295067355
1215,13580.44293817393
1216,13580.44296515634
1217,13580.442958831321
1218,13580.442974497159
1219,13580.44296144059
1220,13580.442953935059
1221,13580.442963650317
1222,13580.442921800082
1223,13580.442974728161
1224,13580.442947209502
1225,13599.968475071244
1226,13599.968475071233
1227,13599.968475071242
1228,13599.968475071242
1229,13599.968475071233
1230,13599.968475071253
1231,13599.968475071259
1232,13599.968475071264
1233,13599.968475071248
1234,13599.968480382862
1235,13599.968527814777
1236,13599.968510501687
1237,13599.96850212504
1238,13599.968418276962
1239,13599.968401617141
1240,13599.968396753957
1241,13599.968379386977
1242,13599.968470995336
1243,13599.968396733413
1244,13599.968467454473
1245,13599.968512421565
1246,13599.968607008894
1247,13599.9684018306
1248,13599.968490812033
1249,13599.968376913139
1250,13599.968498970977
1251,13599.968460862226
1252,13599.968283688228
1253,13599.968611202841
1254,13599.96849598412
1255,13599.968517977111
1256,13599.968477060895
1257,13599.9684177511
1258,13599.968415651387
1259,13599.968479020203
1260,13599.968461884459
1261,13599.968503441167
1262,13599.968399406956
1263,13599.968406264594
1264,13599.968559213163
1265,13599.968456838076
1266,13599.968445605227
1267,13599.968518782262
1268,13599.968479786605
1269,13599.9684760839
1270,13599.9684835438
1271,13599.968444655438
1272,13599.968448899857
1273,13599.968423603837
1274,13268.780843732025
1275,13268.780843732031
1276,13268.780843732051
1277,13268.780843732036
1278,13268.780843732025
1279,13268.78084373202
1280,13268.780843732016
1281,13268.78084373203
1282,13268.780843732016
1283,13268.780849295988
1284,13268.780866993024
1285,13268.780864444847
1286,13268.780871103256
1287,13268.780804870967
1288,13268.780802154866
1289,13268.78080751314
1290,13268.780808942365
1291,13268.780857206506
1292,13268.780804577782
1293,13268.780829805615
1294,13268.78086707034
1295,13268.780903526149
1296,13268.780792513011
1297,13268.78085167784
1298,13268.78079476898
1299,13268.780852052922
1300,13268.780835238154
1301,13268.780774723893
1302,13268.78091511138
1303,13268.780826230337
1304,13268.780860477991
1305,13268.780843796045
1306,13268.780810824925
1307,13268.78080261466
1308,13268.780822723556
1309,13268.780842261434
1310,13268.780858678392
1311,13268.78079714962
1312,13268.780803280526
1313,13268.780875037466
1314,13268.78084462469
1315,13268.780840086822
1316,13268.780875035345
1317,13268.78085056474
1318,13268.780844843692
1319,13268.780854390674
1320,13268.780813019583
1321,13268.780827966386
1322,13268.780816725248
1323,12972.26667361063
1324,12972.266673610622
1325,12972.266673610622
1326,12972.26667361062
1327,12972.266673610628
1328,12972.266673610617
1329,12972.266673610618
1330,12972.26667361063
1331,12972.266673610624
1332,12972.266679338365
1333,12972.26668087146
1334,12972.266717939016
1335,12972.2666871476
1336,12972.266658053974
1337,12972.266686609299
1338,12972.266655851208
1339,12972.266676640873
1340,12972.266691448114
1341,12972.266684404252
1342,12972.266667886204
1343,12972.266688824362
1344,12972.266705836053
1345,12972.266664330644
1346,12972.266668340308
1347,12972.266693619837
1348,12972.26668028238
1349,12972.266676715511
1350,12972.266684343454
1351,12972.266681324221
1352,12972.266652012919
1353,12972.26665852789
1354,12972.266675760908
1355,12972.2666431375
1356,12972.266678881788
1357,12972.266687376608
1358,12972.266668209271
1359,12972.266667116164
1360,12972.266694020995
1361,12972.26671726474
1362,12972.266670417886
1363,12972.266663097591
1364,12972.26668740931
1365,12972.266695205188
1366,12972.266677490205
1367,12972.266671581681
1368,12972.266681044328
1369,12972.266657485832
1370,12972.266703111862
1371,12972.266677583693
1372,12815.429295648388
1373,12815.429295648386
1374,12815.429295648386
1375,12815.429295648382
1376,12815.4292956484
1377,12815.429295648388
1378,12815.429295648388
1379,12815.429295648391
1380,12815.429295648397
1381,12815.429292275325
1382,12815.429268632353
1383,12815.429319076575
1384,12815.429306513131
1385,12815.429284321239
1386,12815.42929330673
1387,12815.429295134041
1388,12815.429302082684
1389,12815.429307117025
1390,12815.429300962915
1391,12815.429293559751
1392,12815.429305874455
1393,12815.42929666664
1394,12815.429283954567
1395,12815.42929358759
1396,12815.429295411668
1397,12815.429298087187
1398,12815.429302333434
1399,12815.429316648328
1400,12815.42928405746
1401,12815.429287591138
1402,12815.42929972946
1403,12815.429295990542
1404,12815.429272782148
1405,12815.429307851846
1406,12815.429308189192
1407,12815.429288812846
1408,12815.429300395903
1409,12815.429303852323
1410,12815.429327940941
1411,12815.429283441079
1412,12815.429311645588
1413,12815.42930318813
1414,12815.429309484416
1415,12815.429296393228
1416,12815.429293809422
1417,12815.429298978048
1418,12815.42928561118
1419,12815.429306023172
1420,12815.429306000771
1421,12647.614976117611
1422,12647.614976117604
1423,12647.614976117613
1424,12647.614976117608
1425,12647.614976117626
1426,12647.61497611762
1427,12647.61497611762
1428,12647.614976117618
1429,12647.614976117611
1430,12647.614976283974
1431,12647.614946744907
1432,12647.614988691828
1433,12647.614980431947
1434,12647.614973717917
1435,12647.61496781659
1436,12647.614982102858
1437,12647.614972209001
1438,12647.614976572171
1439,12647.614979786367
1440,12647.614979213342
1441,12647.614977206438
1442,12647.614982880372
1443,12647.614971201934
1444,12647.614970699731
1445,12647.614963764809
1446,12647.614976533545
1447,12647.614982081059
1448,12647.614986499695
1449,12647.614977255562
1450,12647.615001396583
1451,12647.614999304364
1452,12647.614975224998
1453,12647.614965554223
1454,12647.614980703689
1455,12647.614993277337
1456,12647.614969127804
1457,12647.614978167521
1458,12647.614983877265
1459,12647.615001067596
1460,12647.614961877556
1461,12647.614986157218
1462,12647.614968852437
1463,12647.61497534137
1464,12647.614973450405
1465,12647.614973771555
1466,12647.614973137313
1467,12647.614976725228
1468,12647.614966736943
1469,12647.614987234741
1470,12476.933619330386
1471,12476.93361933038
1472,12476.933619330375
1473,12476.933619330368
1474,12476.933619330379
1475,12476.933619330375
1476,12476.933619330379
1477,12476.933619330382
1478,12476.933619330393
1479,12476.93361487006
1480,12476.933609754215
1481,12476.933616830564
1482,12476.933618543158
1483,12476.933621386348
1484,12476.933602958901
1485,12476.933627908633
1486,12476.933625302048
1487,12476.933626951577
1488,12476.933644458706
1489,12476.933628332708
1490,12476.933614291365
1491,12476.93361618679
1492,12476.933606485827
1493,12476.933605491284
1494,12476.93360850785
1495,12476.933613614681
1496,12476.93362622575
1497,12476.93362580028
1498,12476.933625373187
1499,12476.933614109188
1500,12476.933628653474
1501,12476.933618199897
1502,12476.933614114227
1503,12476.933620323469
1504,12476.933630527372
1505,12476.93361279042
1506,12476.933622063512
1507,12476.93362427657
1508,12476.933629711279
1509,12476.933600716338
1510,12476.933624656675
1511,12476.933626516977
1512,12476.933608274738
1513,12476.93361350973
1514,12476.933619614774
1515,12476.933609453517
1516,12476.933627237013
1517,12476.933609117914
1518,12476.933621163149
1519,12415.798011293764
1520,12415.79801129376
1521,12415.798011293753
1522,12415.79801129378
1523,12415.798011293758
1524,12415.798011293766
1525,12415.798011293768
1526,12415.798011293755
1527,12415.798011293758
1528,12415.798019387687
1529,12415.79800525998
1530,12415.798012548603
1531,12415.798009149114
1532,12415.79800878925
1533,12415.79801010556
1534,12415.797995956747
1535,12415.798007899608
1536,12415.797998687893
1537,12415.797976195048
1538,12415.798021593302
1539,12415.79801719614
1540,12415.798037775636
1541,12415.798019332346
1542,12415.797997458903
1543,12415.798011700987
1544,12415.798006297215
1545,12415.798015415015
1546,12415.797963652214
1547,12415.798021698245
1548,12415.798061458556
1549,12415.798039761135
1550,12415.79802214967
1551,12415.797998659933
1552,12415.798013240948
1553,12415.798020363673
1554,12415.798021959263
1555,12415.798008047723
1556,12415.798018589803
1557,12415.798003470858
1558,12415.798030251703
1559,12415.798004175576
1560,12415.797979772764
1561,12415.798010499393
1562,12415.798010836284
1563,12415.798010742445
1564,12415.797996087891
1565,12415.798006795168
1566,12415.798020082068
1567,12415.79801059363
1568,12354.28127523691
1569,12354.281275236917
1570,12354.281275236894
1571,12354.2812752369
1572,12354.281275236914
1573,12354.281275236903
1574,12354.281275236906
1575,12354.281275236906
1576,12354.281275236914
1577,12354.28127589334
1578,12354.281270463138
1579,12354.281269699268
1580,12354.28126844453
1581,12354.281277314478
1582,12354.28127705443
1583,12354.281289833798
1584,12354.281297138745
1585,12354.281290196192
1586,12354.281280199964
1587,12354.281275019552
1588,12354.281266399788
1589,12354.281285223002
1590,12354.281296885169
1591,12354.281262313454
1592,12354.28128281301
1593,12354.281265698555
1594,12354.28127900022
1595,12354.281282860746
1596,12354.281259025367
1597,12354.281261784663
1598,12354.281260315489
1599,12354.281279204695
1600,12354.281277708336
1601,12354.281282252201
1602,12354.281267118626
1603,12354.281282751434
1604,12354.28127038776
1605,12354.281283350145
1606,12354.281272824011
1607,12354.281277779986
1608,12354.281270432084
1609,12354.281282827345
1610,12354.281277156884
1611,12354.281277442837
1612,12354.281276369311
1613,12354.281266324262
1614,12354.281272143457
1615,12354.281275036557
1616,12354.281297087258
1617,12324.294064023667
1618,12324.29406402367
1619,12324.294064023663
1620,12324.294064023676
1621,12324.294064023672
1622,12324.29406402368
1623,12324.294064023676
1624,12324.294064023667
1625,12324.294064023672
1626,12324.294060647446
1627,12324.294068495728
1628,12324.294058113024
1629,12324.294058769554
1630,12324.29406429724
1631,12324.294062068908
1632,12324.29405718522
1633,12324.294076748909
1634,12324.29406981908
1635,12324.294068253015
1636,12324.29406692194
1637,12324.29405644491
1638,12324.294063831461
1639,12324.294058541
1640,12324.294055253273
1641,12324.294067872772
1642,12324.294056383196
1643,12324.29406983425
1644,12324.294059680384
1645,12324.294065806069
1646,12324.294047746473
1647,12324.294063075035
1648,12324.294064863763
1649,12324.294060757922
1650,12324.294061490556
1651,12324.294057306159
1652,12324.294063233776
1653,12324.294064707901
1654,12324.294071543141
1655,12324.294063906218
1656,12324.29406237023
1657,12324.294065310532
1658,12324.294071171757
1659,12324.294065023623
1660,12324.294062601697
1661,12324.294066468985
1662,12324.294053778947
1663,12324.29406489765
1664,12324.294064828242
1665,12324.294062856738
1666,12299.735417583708
1667,12299.735417583704
1668,12299.735417583697
1669,12299.7354175837
1670,12299.735417583712
1671,12299.735417583714
1672,12299.735417583715
1673,12299.735417583704
1674,12299.735417583706
1675,12299.735417109372
1676,12299.73542118234
1677,12299.735414415998
1678,12299.735413541079
1679,12299.73541520841
1680,12299.735413566197
1681,12299.735410139232
1682,12299.73542827485
1683,12299.73541761738
1684,12299.73541387285
1685,12299.735421364096
1686,12299.735413230486
1687,12299.735417770205
1688,12299.735414426032
1689,12299.735410367084
1690,12299.735418207427
1691,12299.735412020462
1692,12299.735425526873
1693,12299.735413000431
1694,12299.735418091976
1695,12299.735414163799
1696,12299.735423631402
1697,12299.735419437799
1698,12299.735412161685
1699,12299.735416089932
1700,12299.735413299451
1701,12299.735416919255
1702,12299.73541742303
1703,12299.735422897267
1704,12299.735416327369
1705,12299.735415830753
1706,12299.735419598699
1707,12299.735417837965
1708,12299.735419717705
1709,12299.735415936275
1710,12299.73541920902
1711,12299.735406977052
1712,12299.73541863991
1713,12299.735418181135
1714,12299.735413552595
1715,12242.937095206918
1716,12242.937095206926
1717,12242.937095206931
1718,12242.937095206931
1719,12242.937095206926
1720,12242.93709520693
1721,12242.93709520693
1722,12242.937095206926
1723,12242.937095206928
1724,12242.937106779096
1725,12242.937116534304
1726,12242.937095376328
1727,12242.937090906695
1728,12242.937088326193
1729,12242.937102217624
1730,12242.937068457897
1731,12242.937093926066
1732,12242.937084470299
1733,12242.937086544873
1734,12242.937102637236
1735,12242.937094414014
1736,12242.937105394078
1737,12242.937088687415
1738,12242.93710364675
1739,12242.937098198134
1740,12242.937097060245
1741,12242.937105168197
1742,12242.937085225503
1743,12242.9371127701
1744,12242.937109094606
1745,12242.937109358088
1746,12242.937098964281
1747,12242.937087172682
1748,12242.937085201118
1749,12242.937094945664
1750,12242.937095191073
1751,12242.937084180405
1752,12242.937104285713
1753,12242.937097623006
1754,12242.937099727767
1755,12242.937091687802
1756,12242.937086698967
1757,12242.937095986354
1758,12242.937092122174
1759,12242.93709643623
1760,12242.937084396459
1761,12242.937099677865
1762,12242.937096679445
1763,12242.937077183706
1764,12187.129283798222
1765,12187.12928379822
1766,12187.12928379823
1767,12187.12928379822
1768,12187.129283798207
1769,12187.129283798213
1770,12187.129283798215
1771,12187.12928379821
1772,12187.129283798215
1773,12187.129292406615
1774,12187.12929092217
1775,12187.129287988015
1776,12187.129282040563
1777,12187.129271068588
1778,12187.129288598326
1779,12187.12928034492
1780,12187.129293757935
1781,12187.129273096893
1782,12187.129272048747
1783,12187.129290820183
1784,12187.129290201392
1785,12187.129280313928
1786,12187.129296959383
1787,12187.129294609676
1788,12187.129270725127
1789,12187.129288504113
1790,12187.129298480357
1791,12187.129295077662
1792,12187.12927088892
1793,12187.12931377
1794,12187.129295926992
1795,12187.129292129861
1796,12187.129275142557
1797,12187.129284960212
1798,12187.129288797498
1799,12187.129291306446
1800,12187.129279017543
1801,12187.129279471272
1802,12187.129285752277
1803,12187.12928954109
1804,12187.129293656068
1805,12187.129270210617
1806,12187.129285831463
1807,12187.12928302274
1808,12187.129282641097
1809,12187.129275645462
1810,12187.129285642633
1811,12187.129274982615
1812,12187.129284395272
1813,12100.268173550416
1814,12100.2681735504
1815,12100.26817355039
1816,12100.268173550396
1817,12100.268173550405
1818,12100.268173550408
1819,12100.268173550405
1820,12100.268173550407
1821,12100.268173550408
1822,12100.268178820006
1823,12100.268187510404
1824,12100.268173443532
1825,12100.268171980919
1826,12100.2681570553
1827,12100.268185893214
1828,12100.268179396066
1829,12100.268189061879
1830,12100.268170129066
1831,12100.268172354523
1832,12100.268180816936
1833,12100.268182766002
1834,12100.268161147422
1835,12100.268191005656
1836,12100.26818605116
1837,12100.268146082788
1838,12100.268183197697
1839,12100.268189111115
1840,12100.268199143542
1841,12100.268147234929
1842,12100.268196499803
1843,12100.268177886366
1844,12100.268183001092
1845,12100.268164097817
1846,12100.268172060918
1847,12100.268178917262
1848,12100.268183165492
1849,12100.268172500779
1850,12100.26815942779
1851,12100.268175527905
1852,12100.268184979119
1853,12100.26820151692
1854,12100.268167441072
1855,12100.26817488677
1856,12100.268173118566
1857,12100.268172395077
1858,12100.268168539564
1859,12100.268177294696
1860,12100.268151138629
1861,12100.268188415183
1862,13516.538702342006
1863,13516.538702342004
1864,13516.538702342
1865,13516.538702341993
1866,13516.538702342006
1867,13516.538702341997
1868,13516.53870234201
1869,13516.538702342019
1870,13516.538702342019
1871,13516.538776268775
1872,13516.538594978927
1873,13516.538633961816
1874,13516.538706869947
1875,13516.538686288239
1876,13516.538532091858
1877,13516.538913827198
1878,13516.538210144963
1879,13516.538776103336
1880,13516.538791433912
1881,13516.538704922048
1882,13516.538738950996
1883,13516.538992842383
1884,13516.538940760467
1885,13516.538702650309
1886,13516.538546743137
1887,13516.538834112956
1888,13516.538661591689
1889,13516.538711063526
1890,13516.539046450205
1891,13516.538755563099
1892,13516.538701192372
1893,13516.538698290704
1894,13516.538667908051
1895,13516.538648102802
1896,13516.538783531501
1897,13516.538683030665
1898,13516.538641197816
1899,13516.538635690647
1900,13516.53852319518
1901,13516.538690189078
1902,13516.538467930288
1903,13516.538731254816
1904,13516.538707071486
1905,13516.538691512613
1906,13516.538696818996
1907,13516.538810312668
1908,13516.538764345823
1909,13516.538520773684
1910,13516.538854453167
1911,11818.19426888245
1912,11818.194268882453
1913,11818.19426888245
1914,11818.194268882453
1915,11818.19426888245
1916,11818.194268882453
1917,11818.194268882447
1918,11818.194268882442
1919,11818.194268882431
1920,11818.19428467248
1921,11818.19432032294
1922,11818.194248852626
1923,11818.19426791519
1924,11818.194247704298
1925,11818.194309813493
1926,11818.194292403485
1927,11818.1943086889
1928,11818.194292911467
1929,11818.194291380754
1930,11818.194278017003
1931,11818.194286846452
1932,11818.194264264364
1933,11818.194300213487
1934,11818.194282925118
1935,11818.194210539586
1936,11818.19429489032
1937,11818.194283515353
1938,11818.194323740214
1939,11818.194197844623
1940,11818.194288482411
1941,11818.194264619446
1942,11818.194279959942
1943,11818.19425250077
1944,11818.194251230863
1945,11818.194284395742
1946,11818.194279272091
1947,11818.194263755237
1948,11818.194238673223
1949,11818.194261452229
1950,11818.194303267319
1951,11818.19435961216
1952,11818.19427534398
1953,11818.1942689144
1954,11818.194267593528
1955,11818.19426699214
1956,11818.194276182632
1957,11818.19428115521
1958,11818.194216908012
1959,11818.194318203614
1960,11617.849454737883
1961,11617.849454737887
1962,11617.849454737887
1963,11617.849454737894
1964,11617.849454737887
1965,11617.849454737887
1966,11617.849454737885
1967,11617.849454737885
1968,11617.84945473789
1969,11617.849487449479
1970,11617.84951992978
1971,11617.849418896825
1972,11617.849454730493
1973,11617.849431992876
1974,11617.849485720355
1975,11617.849507351933
1976,11617.849450325939
1977,11617.849500835939
1978,11617.849498093576
1979,11617.849462765216
1980,11617.849478713191
1981,11617.849492886166
1982,11617.849514138756
1983,11617.849467081673
1984,11617.849369046155
1985,11617.849501171095
1986,11617.849462099533
1987,11617.84951728407
1988,11617.849403710654
1989,11617.84947823473
1990,11617.849447904198
1991,11617.849464032424
1992,11617.84943249082
1993,11617.849421463428
1994,11617.849482563495
1995,11617.849460788026
1996,11617.849437280309
1997,11617.849411895704
1998,11617.849417851286
1999,11617.849495737459
2000,11617.84954647328
2001,11617.849469670913
2002,11617.84945490977
2003,11617.849452153117
2004,11617.849451907075
2005,11617.849480407573
2006,11617.849477498006
2007,11617.84937332157
2008,11617.849532400705
2009,98485.53567639887
2010,98485.535676399
2011,98485.53567639904
2012,98485.535676399
2013,98485.53567639906
2014,98485.535676399
2015,98485.53567639901
2016,98485.53567639888
2017,98485.53567639898
2018,98485.53646700083
2019,98485.53537612698
2020,98485.5353620073
2021,98485.53571500747
2022,98485.53573315023
2023,98485.53633674001
2024,98485.5367317561
2025,98485.5338390786
2026,98485.5358248372
2027,98485.53566388536
2028,98485.53588284516
2029,98485.535785576
2030,98485.5328468389
2031,98485.53665936078
2032,98485.53563334692
2033,98485.53548584705
2034,98485.53597715891
2035,98485.53532552786
2036,98485.53440135844
2037,98485.53622586152
2038,98485.53490400384
2039,98485.53581814608
2040,98485.53553596482
2041,98485.53569540994
2042,98485.53659962241
2043,98485.53782329167
2044,98485.53539692011
2045,98485.53536313203
2046,98485.535648036
2047,98485.53573529588
2048,98485.53638577717
2049,98485.53531603719
2050,98485.53622618233
2051,98485.53578280014
2052,98485.53542748807
2053,98485.53568248723
2054,98485.53640155833
2055,98485.5363263823
2056,98485.53541687907
2057,98485.53718792819
2058,11602.315527772098
2059,11602.315527772083
2060,11602.31552777208
2061,11602.315527772094
2062,11602.315527772087
2063,11602.315527772087
2064,11602.31552777209
2065,11602.315527772076
2066,11602.315527772093
2067,11602.315562810363
2068,11602.315585472914
2069,11602.315489901424
2070,11602.315528158393
2071,11602.315505009372
2072,11602.315545438998
2073,11602.31559198299
2074,11602.315494363795
2075,11602.315576946638
2076,11602.315575749155
2077,11602.315535092768
2078,11602.315553330649
2079,11602.315579111724
2080,11602.315597148237
2081,11602.31553909647
2082,11602.315436084724
2083,11602.31557983362
2084,11602.315532495964
2085,11602.315588005771
2086,11602.315499124008
2087,11602.31555225656
2088,11602.315521229862
2089,11602.315536145219
2090,11602.315503585458
2091,11602.315492392567
2092,11602.315558510556
2093,11602.315531855556
2094,11602.315507201183
2095,11602.315482339605
2096,11602.3154807901
2097,11602.315564521192
2098,11602.315602150671
2099,11602.31554453255
2100,11602.315528252655
2101,11602.315524750757
2102,11602.315524783517
2103,11602.315558246224
2104,11602.315553567412
2105,11602.315439490249
2106,11602.315611884205
2107,11370.839802880872
2108,11370.83980288087
2109,11370.83980288088
2110,11370.839802880882
2111,11370.839802880879
2112,11370.839802880872
2113,11370.839802880882
2114,11370.839802880877
2115,11370.839802880875
2116,11370.839812313683
2117,11370.839829425808
2118,11370.839765653931
2119,11370.839801104425
2120,11370.839782194082
2121,11370.839808045665
2122,11370.839880156323
2123,11370.839775019762
2124,11370.839853467562
2125,11370.839854295446
2126,11370.839804481557
2127,11370.83982269852
2128,11370.839818888007
2129,11370.839855218786
2130,11370.83981000993
2131,11370.839726117923
2132,11370.839843660193
2133,11370.839807987155
2134,11370.839867632527
2135,11370.839768782136
2136,11370.839795452075
2137,11370.83978879241
2138,11370.839806624315
2139,11370.839778395304
2140,11370.839777172281
2141,11370.839813606583
2142,11370.83980098996
2143,11370.83980088056
2144,11370.83976154131
2145,11370.83976163153
2146,11370.839819781864
2147,11370.83987524801
2148,11370.839832821955
2149,11370.839803905243
2150,11370.839800848458
2151,11370.839802809634
2152,11370.839823630755
2153,11370.839827641868
2154,11370.839730094984
2155,11370.839899100629
2156,10773.09880346562
2157,10773.098803465626
2158,10773.098803465613
2159,10773.098803465617
2160,10773.09880346562
2161,10773.098803465611
2162,10773.098803465626
2163,10773.098803465617
2164,10773.09880346562
2165,10773.09878953309
2166,10773.09881311324
2167,10773.098804892485
2168,10773.098800132713
2169,10773.098790002696
2170,10773.098801450531
2171,10773.098822830192
2172,10773.098755042407
2173,10773.098820473837
2174,10773.098818016753
2175,10773.098802778957
2176,10773.09883128237
2177,10773.098790141526
2178,10773.098818125809
2179,10773.098804097632
2180,10773.09876296252
2181,10773.098822623098
2182,10773.098802867298
2183,10773.098779356342
2184,10773.098833588345
2185,10773.098785126147
2186,10773.09880222543
2187,10773.098808044675
2188,10773.098762421065
2189,10773.098798785624
2190,10773.098808350665
2191,10773.098801299257
2192,10773.09881955861
2193,10773.098779948581
2194,10773.09875531439
2195,10773.098826604608
2196,10773.098810804964
2197,10773.098824231525
2198,10773.098811165371
2199,10773.098802324761
2200,10773.098807515697
2201,10773.098804796895
2202,10773.098820580528
2203,10773.098774611306
2204,10773.098853740437
2205,10447.649603833917
2206,10447.649603833916
2207,10447.649603833917
2208,10447.64960383392
2209,10447.649603833912
2210,10447.649603833925
2211,10447.649603833932
2212,10447.64960383393
2213,10447.64960383393
2214,10447.649609175696
2215,10447.649649303756
2216,10447.64961099355
2217,10447.64959874559
2218,10447.64960125657
2219,10447.649628694677
2220,10447.649564077365
2221,10447.649596388506
2222,10447.649609246168
2223,10447.649614154889
2224,10447.649601360288
2225,10447.649622190775
2226,10447.64959792399
2227,10447.64958957009
2228,10447.649603536243
2229,10447.649611523238
2230,10447.64960621768
2231,10447.649608615922
2232,10447.649606436182
2233,10447.649629389925
2234,10447.649575788895
2235,10447.6496024168
2236,10447.64960740356
2237,10447.64957363196
2238,10447.649577570926
2239,10447.649581204229
2240,10447.64960370705
2241,10447.649592118418
2242,10447.64961535225
2243,10447.649580771054
2244,10447.649612187368
2245,10447.64959615799
2246,10447.649624023503
2247,10447.649615821272
2248,10447.649604169224
2249,10447.649606670706
2250,10447.649596262674
2251,10447.649611350453
2252,10447.649602231551
2253,10447.649587658983
2254,10240.585326042674
2255,10240.585326042674
2256,10240.585326042661
2257,10240.585326042668
2258,10240.58532604267
2259,10240.585326042676
2260,10240.58532604267
2261,10240.585326042672
2262,10240.585326042668
2263,10240.585332528855
2264,10240.585307668473
2265,10240.585344877072
2266,10240.585322216879
2267,10240.585325599037
2268,10240.585338829746
2269,10240.585295227414
2270,10240.585289534067
2271,10240.5853076249
2272,10240.585304088241
2273,10240.585315044887
2274,10240.585343736368
2275,10240.585329297544
2276,10240.585327418929
2277,10240.585327061613
2278,10240.585347424172
2279,10240.585321367545
2280,10240.585321491322
2281,10240.585307441557
2282,10240.585369282308
2283,10240.585344482446
2284,10240.58534170985
2285,10240.585332596938
2286,10240.585301995476
2287,10240.585302925374
2288,10240.58530148333
2289,10240.585335782707
2290,10240.585315840157
2291,10240.585343468349
2292,10240.585293858694
2293,10240.585338302542
2294,10240.58528015106
2295,10240.585318040738
2296,10240.585345354244
2297,10240.585332929517
2298,10240.58532517403
2299,10240.585316483683
2300,10240.585325092632
2301,10240.585336066357
2302,10240.585312589543
2303,10031.936465253671
2304,10031.93646525366
2305,10031.936465253664
2306,10031.936465253659
2307,10031.936465253655
2308,10031.93646525366
2309,10031.936465253664
2310,10031.936465253662
2311,10031.936465253655
2312,10031.936466427534
2313,10031.936436548229
2314,10031.936489928728
2315,10031.936463730392
2316,10031.936464481081
2317,10031.936457337963
2318,10031.936472959736
2319,10031.93644802966
2320,10031.936443376591
2321,10031.936458015089
2322,10031.93645434074
2323,10031.936484036622
2324,10031.936446779351
2325,10031.936472990303
2326,10031.936464310123
2327,10031.936484389182
2328,10031.936454587141
2329,10031.936471802015
2330,10031.936482013754
2331,10031.936473400649
2332,10031.936482415565
2333,10031.936479763037
2334,10031.936468551987
2335,10031.936444096533
2336,10031.936463183138
2337,10031.936448672534
2338,10031.936470881588
2339,10031.936456485371
2340,10031.936477818526
2341,10031.936447806018
2342,10031.93644792077
2343,10031.93642004337
2344,10031.936461585816
2345,10031.936482080622
2346,10031.93647000301
2347,10031.936461105595
2348,10031.936453968376
2349,10031.93647245242
2350,10031.936481812027
2351,10031.936461146874
2352,9885.440192267648
2353,9885.440192267648
2354,9885.440192267633
2355,9885.440192267644
2356,9885.440192267646
2357,9885.440192267655
2358,9885.440192267644
2359,9885.440192267653
2360,9885.440192267644
2361,9885.440191550684
2362,9885.440158878853
2363,9885.440226301609
2364,9885.440190208312
2365,9885.4401925483
2366,9885.440210244573
2367,9885.44017072316
2368,9885.44019602598
2369,9885.44015937097
2370,9885.440140792347
2371,9885.440188423032
2372,9885.440209823191
2373,9885.440169632204
2374,9885.440189508852
2375,9885.440190747157
2376,9885.440204043918
2377,9885.440172459024
2378,9885.440186551321
2379,9885.440099634161
2380,9885.440175224392
2381,9885.440235057507
2382,9885.440225866801
2383,9885.440192621918
2384,9885.44017330055
2385,9885.440224002801
2386,9885.440214944152
2387,9885.440194459912
2388,9885.440201857276
2389,9885.440197843218
2390,9885.44018300292
2391,9885.440231500424
2392,9885.440195689827
2393,9885.44016529042
2394,9885.440209873841
2395,9885.44019205599
2396,9885.440187199647
2397,9885.440170381073
2398,9885.440204894025
2399,9885.44021640293
2400,9885.440191530699
2401,9752.561401834428
2402,9752.561401834439
2403,9752.56140183443
2404,9752.56140183444
2405,9752.56140183444
2406,9752.561401834433
2407,9752.561401834439
2408,9752.561401834428
2409,9752.561401834426
2410,9752.561394211349
2411,9752.561373537746
2412,9752.561409394999
2413,9752.561401765906
2414,9752.561402317093
2415,9752.561382598467
2416,9752.561421970964
2417,9752.561412125484
2418,9752.561384119954
2419,9752.56140678732
2420,9752.561390509814
2421,9752.56140668812
2422,9752.561385732639
2423,9752.561402552525
2424,9752.561404452174
2425,9752.5614036193
2426,9752.561382807087
2427,9752.56141097907
2428,9752.561414806996
2429,9752.561367506216
2430,9752.56140235671
2431,9752.561413072995
2432,9752.561393399337
2433,9752.561400733528
2434,9752.561406801164
2435,9752.561378881854
2436,9752.561390130017
2437,9752.56140801064
2438,9752.56140031849
2439,9752.561403377209
2440,9752.561393978773
2441,9752.561390388426
2442,9752.561408986307
2443,9752.561412988327
2444,9752.561400426084
2445,9752.561395090746
2446,9752.5613909605
2447,9752.561421072132
2448,9752.561410110078
2449,9752.56140118303
2450,9681.843075120614
2451,9681.843075120616
2452,9681.843075120614
2453,9681.843075120612
2454,9681.843075120616
2455,9681.843075120612
2456,9681.843075120618
2457,9681.84307512061
2458,9681.84307512061
2459,9681.843068654096
2460,9681.843063205943
2461,9681.843082713409
2462,9681.843074750272
2463,9681.843076518782
2464,9681.843041795011
2465,9681.843087472786
2466,9681.843065429111
2467,9681.843059975186
2468,9681.843091570237
2469,9681.843067226506
2470,9681.843077919902
2471,9681.843069701246
2472,9681.843072131776
2473,9681.843077591075
2474,9681.843067315704
2475,9681.843060410063
2476,9681.843083516334
2477,9681.843077959851
2478,9681.843069614793
2479,9681.84306174787
2480,9681.843080753859
2481,9681.843063917277
2482,9681.84307658721
2483,9681.843077672462
2484,9681.843055878466
2485,9681.843057972757
2486,9681.843078642876
2487,9681.8430702708
2488,9681.843079848135
2489,9681.843065604793
2490,9681.843047314433
2491,9681.843092066723
2492,9681.843082983742
2493,9681.843070205077
2494,9681.843069150838
2495,9681.843069883602
2496,9681.84309834434
2497,9681.843074346685
2498,9681.843058694993
2499,9602.581746487234
2500,9602.581746487216
2501,9602.58174648722
2502,9602.581746487222
2503,9602.581746487216
2504,9602.581746487227
2505,9602.581746487225
2506,9602.581746487229
2507,9602.581746487223
2508,9602.581740974403
2509,9602.58176187909
2510,9602.581738789799
2511,9602.581744845387
2512,9602.58174506526
2513,9602.581768779062
2514,9602.5817641823
2515,9602.581778543605
2516,9602.581747809574
2517,9602.581776823858
2518,9602.581739518526
2519,9602.581743796352
2520,9602.581736792741
2521,9602.581761014455
2522,9602.581741597327
2523,9602.581728863357
2524,9602.58173623743
2525,9602.581751773143
2526,9602.581766833631
2527,9602.581688562705
2528,9602.58172295339
2529,9602.581739146053
2530,9602.581741426253
2531,9602.581754111057
2532,9602.581741989598
2533,9602.581722994466
2534,9602.58174032915
2535,9602.581761071695
2536,9602.581736062326
2537,9602.581774717768
2538,9602.581764880619
2539,9602.581771901258
2540,9602.581773747172
2541,9602.581750236073
2542,9602.581745594616
2543,9602.58174180748
2544,9602.581757444828
2545,9602.581758162818
2546,9602.581736806691
2547,9602.58177554419
2548,9544.037306286995
2549,9544.037306287
2550,9544.037306286995
2551,9544.037306286991
2552,9544.037306286999
2553,9544.037306286999
2554,9544.037306286999
2555,9544.037306287
2556,9544.037306286999
2557,9544.037317275193
2558,9544.037337016294
2559,9544.037310023887
2560,9544.037305808142
2561,9544.03731058867
2562,9544.03730628028
2563,9544.037283749778
2564,9544.037291517421
2565,9544.037297173538
2566,9544.037318093979
2567,9544.037306773662
2568,9544.0373071183
2569,9544.037321588165
2570,9544.037307978891
2571,9544.037299242496
2572,9544.037297831874
2573,9544.037299921603
2574,9544.037306194565
2575,9544.037286173718
2576,9544.03731673304
2577,9544.037297879579
2578,9544.037306991573
2579,9544.037303579662
2580,9544.037310970662
2581,9544.037302238132
2582,9544.037301148215
2583,9544.037304560787
2584,9544.037295527618
2585,9544.037309832427
2586,9544.037331206764
2587,9544.03731724809
2588,9544.037293883623
2589,9544.037319435494
2590,9544.03731217551
2591,9544.03730285387
2592,9544.037300555605
2593,9544.037317823528
2594,9544.037314965433
2595,9544.037298763076
2596,9544.03727322517
2597,9496.840153769794
2598,9496.840153769796
2599,9496.840153769783
2600,9496.84015376979
2601,9496.840153769783
2602,9496.840153769786
2603,9496.840153769788
2604,9496.84015376979
2605,9496.840153769797
2606,9496.840158453293
2607,9496.840158018404
2608,9496.840161350057
2609,9496.840154367728
2610,9496.840155569986
2611,9496.84013695856
2612,9496.840149394466
2613,9496.840115437282
2614,9496.84014079419
2615,9496.840149395062
2616,9496.840150768408
2617,9496.840158018393
2618,9496.840175703168
2619,9496.840160621043
2620,9496.840145778428
2621,9496.840148011783
2622,9496.840148230542
2623,9496.840150463308
2624,9496.840123098707
2625,9496.840183385459
2626,9496.840155033495
2627,9496.840157925624
2628,9496.840154565853
2629,9496.840154354655
2630,9496.840156949245
2631,9496.840148610685
2632,9496.840159507941
2633,9496.840148423456
2634,9496.840156429855
2635,9496.840163980462
2636,9496.84015757808
2637,9496.840124808978
2638,9496.840156541295
2639,9496.840162834538
2640,9496.840154648773
2641,9496.84014788924
2642,9496.840159957186
2643,9496.840155707116
2644,9496.840150287067
2645,9496.840135260165
2646,9440.115013792325
2647,9440.115013792321
2648,9440.115013792318
2649,9440.115013792325
2650,9440.115013792329
2651,9440.115013792325
2652,9440.115013792323
2653,9440.115013792318
2654,9440.115013792323
2655,9440.115023837494
2656,9440.11501767856
2657,9440.115018978897
2658,9440.11501525385
2659,9440.115013909981
2660,9440.115015698551
2661,9440.11499608879
2662,9440.114986176002
2663,9440.114998598468
2664,9440.114991955747
2665,9440.11501211928
2666,9440.115020170215
2667,9440.115024627907
2668,9440.115012553693
2669,9440.115025798343
2670,9440.115025255029
2671,9440.115007251856
2672,9440.115011380474
2673,9440.114991396502
2674,9440.115034245464
2675,9440.115030402332
2676,9440.115024699873
2677,9440.115020773115
2678,9440.115010678648
2679,9440.115014736248
2680,9440.115005850383
2681,9440.115031949073
2682,9440.1149981238
2683,9440.115028574372
2684,9440.115029703857
2685,9440.115013569122
2686,9440.115003048726
2687,9440.115002174933
2688,9440.11502472057
2689,9440.115018240376
2690,9440.115007379327
2691,9440.115015295049
2692,9440.115004830623
2693,9440.115023421076
2694,9440.114988471565
2695,9383.156445262624
2696,9383.156445262604
2697,9383.156445262619
2698,9383.156445262623
2699,9383.15644526261
2700,9383.156445262617
2701,9383.156445262617
2702,9383.156445262628
2703,9383.156445262624
2704,9383.156439563263
2705,9383.156429294366
2706,9383.15644991397
2707,9383.15644754285
2708,9383.156439315051
2709,9383.156432019452
2710,9383.156463687134
2711,9383.156409944939
2712,9383.156435595845
2713,9383.156413045932
2714,9383.156443805516
2715,9383.15645445946
2716,9383.156448492722
2717,9383.156451545225
2718,9383.156461202336
2719,9383.156439994254
2720,9383.156442040035
2721,9383.156443092834
2722,9383.156410109788
2723,9383.15646193804
2724,9383.156460164982
2725,9383.15645553696
2726,9383.156455248245
2727,9383.156438684278
2728,9383.15646745751
2729,9383.156446363075
2730,9383.15647008186
2731,9383.156450077899
2732,9383.156444984968
2733,9383.156448442043
2734,9383.156444993812
2735,9383.156446506822
2736,9383.15643029148
2737,9383.156453897234
2738,9383.156452203795
2739,9383.156440106373
2740,9383.156444467186
2741,9383.156430573723
2742,9383.156449975553
2743,9383.156459518177
2744,9319.524095959601
2745,9319.524095959594
2746,9319.524095959594
2747,9319.524095959598
2748,9319.52409595959
2749,9319.524095959603
2750,9319.524095959596
2751,9319.524095959603
2752,9319.5240959596
2753,9319.524095255345
2754,9319.524095514422
2755,9319.524089220473
2756,9319.524096487508
2757,9319.524088205402
2758,9319.524110860317
2759,9319.524099242695
2760,9319.52409426026
2761,9319.524091251911
2762,9319.524077077604
2763,9319.52409969677
2764,9319.524101039748
2765,9319.524081617921
2766,9319.524086189142
2767,9319.524113986854
2768,9319.52410572477
2769,9319.524091027808
2770,9319.524098106369
2771,9319.524092880369
2772,9319.524084695062
2773,9319.524104160635
2774,9319.524107228735
2775,9319.524104375445
2776,9319.524090158095
2777,9319.52410489693
2778,9319.524085431092
2779,9319.524117240699
2780,9319.524090244227
2781,9319.52410584336
2782,9319.52411043887
2783,9319.52409383261
2784,9319.524127011198
2785,9319.524085722904
2786,9319.524098345742
2787,9319.524099334814
2788,9319.524091394109
2789,9319.524093081176
2790,9319.52408384626
2791,9319.524110982875
2792,9319.524106992816
2793,9257.803925845516
2794,9257.803925845512
2795,9257.803925845512
2796,9257.803925845508
2797,9257.803925845514
2798,9257.803925845521
2799,9257.803925845521
2800,9257.803925845528
2801,9257.803925845523
2802,9257.803923660427
2803,9257.8039317922
2804,9257.803914021966
2805,9257.803924754488
2806,9257.803917317446
2807,9257.803936733731
2808,9257.80393173181
2809,9257.803933547657
2810,9257.803926398628
2811,9257.803926946406
2812,9257.803935157524
2813,9257.80392734983
2814,9257.803906184434
2815,9257.803907743326
2816,9257.803944979882
2817,9257.803932608644
2818,9257.803921026578
2819,9257.803931203813
2820,9257.803934014115
2821,9257.803910462666
2822,9257.803920157861
2823,9257.803935812692
2824,9257.80392917732
2825,9257.80392282196
2826,9257.803932937424
2827,9257.803915978611
2828,9257.803936741586
2829,9257.803918909845
2830,9257.803933183379
2831,9257.803938237808
2832,9257.803920852708
2833,9257.80396043598
2834,9257.803926779803
2835,9257.803919799282
2836,9257.8039229611
2837,9257.803921782026
2838,9257.80392320235
2839,9257.803923174579
2840,9257.803939781712
2841,9257.803935958684
2842,9179.61095834109
2843,9179.610958341094
2844,9179.610958341094
2845,9179.610958341094
2846,9179.61095834109
2847,9179.610958341098
2848,9179.610958341093
2849,9179.61095834109
2850,9179.610958341094
2851,9179.610954412485
2852,9179.610954997172
2853,9179.610940371298
2854,9179.61095704894
2855,9179.610951500928
2856,9179.610959946398
2857,9179.610970808524
2858,9179.610966634042
2859,9179.610960682407
2860,9179.610972570104
2861,9179.610968604587
2862,9179.610956002332
2863,9179.610949655013
2864,9179.610948269461
2865,9179.610979331399
2866,9179.610958948397
2867,9179.610954440823
2868,9179.610962815092
2869,9179.610976136399
2870,9179.610941164516
2871,9179.610958129948
2872,9179.610969367235
2873,9179.610958913907
2874,9179.610961707216
2875,9179.610954740154
2876,9179.610945505814
2877,9179.61096366294
2878,9179.610954391843
2879,9179.610961522958
2880,9179.610956455646
2881,9179.610956283115
2882,9179.610983169401
2883,9179.610962066352
2884,9179.61094785243
2885,9179.61095279606
2886,9179.610953438045
2887,9179.610961772985
2888,9179.610959471338
2889,9179.610966225338
2890,9179.610970032012
2891,9146.36069472762
2892,9146.360694727608
2893,9146.360694727606
2894,9146.360694727613
2895,9146.360694727606
2896,9146.360694727606
2897,9146.3606947276
2898,9146.360694727606
2899,9146.360694727613
2900,9146.360697449849
2901,9146.360716900144
2902,9146.360711867972
2903,9146.36069151003
2904,9146.360692958435
2905,9146.36070271332
2906,9146.360699601631
2907,9146.360710669614
2908,9146.360702004651
2909,9146.360707087864
2910,9146.360712796175
2911,9146.360694003328
2912,9146.360687360842
2913,9146.360688744642
2914,9146.3607158048
2915,9146.360706613412
2916,9146.360684710182
2917,9146.36069856691
2918,9146.360687514423
2919,9146.360700509866
2920,9146.360676744504
2921,9146.360697635315
2922,9146.360694032956
2923,9146.360694095361
2924,9146.36073737748
2925,9146.360740538565
2926,9146.360699718061
2927,9146.36067778425
2928,9146.36070778458
2929,9146.360686547327
2930,9146.360688614843
2931,9146.3606927765
2932,9146.360711829702
2933,9146.360684841575
2934,9146.360684277673
2935,9146.360689116786
2936,9146.360698836283
2937,9146.360699410227
2938,9146.360716671708
2939,9146.360698231054
2940,9076.698331415491
2941,9076.698331415491
2942,9076.698331415484
2943,9076.69833141549
2944,9076.69833141549
2945,9076.698331415482
2946,9076.698331415486
2947,9076.69833141549
2948,9076.698331415488
2949,9076.698323588902
2950,9076.698341947893
2951,9076.698332529128
2952,9076.69832901493
2953,9076.698332415295
2954,9076.698309844996
2955,9076.69833279702
2956,9076.698327447448
2957,9076.698330205378
2958,9076.698351082756
2959,9076.698340372774
2960,9076.698328057359
2961,9076.698338248312
2962,9076.698329100442
2963,9076.698345636842
2964,9076.69832052015
2965,9076.698325716054
2966,9076.69833618541
2967,9076.69834033967
2968,9076.698342300271
2969,9076.698322550437
2970,9076.698337897311
2971,9076.69832728151
2972,9076.698337956017
2973,9076.69832833956
2974,9076.698328798979
2975,9076.698328240615
2976,9076.698328624148
2977,9076.698330102643
2978,9076.698313606792
2979,9076.698330902716
2980,9076.698313462182
2981,9076.698345236582
2982,9076.698327999558
2983,9076.698323207484
2984,9076.69832641533
2985,9076.698341391088
2986,9076.69833589162
2987,9076.698329143757
2988,9076.698316257134
2989,9048.858736696526
2990,9048.858736696518
2991,9048.858736696518
2992,9048.85873669652
2993,9048.858736696524
2994,9048.85873669653
2995,9048.85873669652
2996,9048.858736696535
2997,9048.85873669653
2998,9048.85873163562
2999,9048.858740332229
3000,9048.858736910519
3001,9048.858734755057
3002,9048.858737886667
3003,9048.858729956133
3004,9048.858725497465
3005,9048.85873129257
3006,9048.858735389305
3007,9048.85872943851
3008,9048.858745252308
3009,9048.85873361569
3010,9048.85874593597
3011,9048.858738335532
3012,9048.858752577673
3013,9048.85872532847
3014,9048.85873295103
3015,9048.858733726178
3016,9048.858723651947
3017,9048.858747790528
3018,9048.858749070248
3019,9048.858745933423
3020,9048.858735592923
3021,9048.858742602388
3022,9048.858734390742
3023,9048.858741360835
3024,9048.858739532312
3025,9048.8587368475
3026,9048.858736763497
3027,9048.858719169264
3028,9048.858754983317
3029,9048.858735036514
3030,9048.858736187702
3031,9048.858736904403
3032,9048.858730922191
3033,9048.858731953222
3034,9048.85874903534
3035,9048.858733319717
3036,9048.858733765646
3037,9048.858727413497
3038,9013.050526316363
3039,9013.050526316361
3040,9013.050526316361
3041,9013.050526316369
3042,9013.05052631636
3043,9013.050526316363
3044,9013.050526316365
3045,9013.050526316365
3046,9013.050526316365
3047,9013.05052329827
3048,9013.050528041855
3049,9013.050530801534
3050,9013.050524555947
3051,9013.05052730255
3052,9013.050529077398
3053,9013.050518103515
3054,9013.050517673646
3055,9013.05052554614
3056,9013.050509473653
3057,9013.050531382221
3058,9013.050523404661
3059,9013.050539475882
3060,9013.05053615481
3061,9013.050541292754
3062,9013.050520991144
3063,9013.05052249094
3064,9013.050521311805
3065,9013.050515886116
3066,9013.050540447452
3067,9013.050537979481
3068,9013.050531169414
3069,9013.050527000294
3070,9013.050531114484
3071,9013.050527696407
3072,9013.050531540937
3073,9013.05053320047
3074,9013.050524402153
3075,9013.050531074172
3076,9013.05051435289
3077,9013.050539947122
3078,9013.050519354805
3079,9013.050525209046
3080,9013.050531988836
3081,9013.050523838803
3082,9013.05052146193
3083,9013.050538831543
3084,9013.050517849158
3085,9013.050527182677
3086,9013.05052607422
3087,8963.624795957709
3088,8963.624795957707
3089,8963.624795957709
3090,8963.624795957705
3091,8963.624795957705
3092,8963.624795957709
3093,8963.62479595771
3094,8963.624795957714
3095,8963.624795957712
3096,8963.624791538634
3097,8963.62479139937
3098,8963.624805738404
3099,8963.624794314801
3100,8963.624794101279
3101,8963.624810851677
3102,8963.624789282036
3103,8963.624820453035
3104,8963.624796769069
3105,8963.624748905433
3106,8963.624794706218
3107,8963.62479608905
3108,8963.624770504473
3109,8963.624806224203
3110,8963.62480740068
3111,8963.624778341637
3112,8963.624788612864
3113,8963.624796005943
3114,8963.624784347623
3115,8963.624775440992
3116,8963.62481424749
3117,8963.624799657251
3118,8963.62479572774
3119,8963.6247982861
3120,8963.624814807712
3121,8963.624812892067
3122,8963.624803525185
3123,8963.624800130767
3124,8963.624793006687
3125,8963.624793776797
3126,8963.624817096206
3127,8963.624818829674
3128,8963.624789601772
3129,8963.62481032702
3130,8963.624797158329
3131,8963.624791621281
3132,8963.624803042701
3133,8963.62478384604
3134,8963.624797858123
3135,8963.624806132791
3136,8934.136306816088
3137,8934.136306816079
3138,8934.136306816079
3139,8934.136306816084
3140,8934.136306816086
3141,8934.136306816086
3142,8934.13630681609
3143,8934.136306816092
3144,8934.136306816086
3145,8934.13631256395
3146,8934.136310577203
3147,8934.136320647496
3148,8934.13630310399
3149,8934.136306434475
3150,8934.136303488767
3151,8934.136285386088
3152,8934.136277538195
3153,8934.136307117291
3154,8934.136266339454
3155,8934.136309546204
3156,8934.136305409094
3157,8934.136302402923
3158,8934.136298560199
3159,8934.136318504592
3160,8934.136302181842
3161,8934.136307524304
3162,8934.136303548581
3163,8934.13629337406
3164,8934.13635601354
3165,8934.136303647305
3166,8934.136304338854
3167,8934.136301718505
3168,8934.136308180425
3169,8934.136316556269
3170,8934.13631662578
3171,8934.136305729915
3172,8934.136287611815
3173,8934.13631660166
3174,8934.136305830005
3175,8934.1362980136
3176,8934.136284812244
3177,8934.13630724943
3178,8934.13631954863
3179,8934.136302675175
3180,8934.136303309177
3181,8934.136309655065
3182,8934.136303522046
3183,8934.13630961863
3184,8934.136281307188
3185,8900.232365671995
3186,8900.232365671991
3187,8900.232365671985
3188,8900.23236567199
3189,8900.232365671987
3190,8900.232365672
3191,8900.232365671991
3192,8900.23236567199
3193,8900.232365671987
3194,8900.232366835193
3195,8900.232364825717
3196,8900.232364003055
3197,8900.232361148492
3198,8900.23236215653
3199,8900.232367413395
3200,8900.232364583258
3201,8900.232359673588
3202,8900.232366624805
3203,8900.232354838268
3204,8900.232365798704
3205,8900.23236151694
3206,8900.23235924427
3207,8900.23236153791
3208,8900.232375523263
3209,8900.232362092815
3210,8900.23236371663
3211,8900.232369200012
3212,8900.232383868937
3213,8900.232377521308
3214,8900.232348259877
3215,8900.232364145966
3216,8900.232358218287
3217,8900.232370471233
3218,8900.232360937543
3219,8900.232351444349
3220,8900.23235955513
3221,8900.23235293456
3222,8900.232372737499
3223,8900.232368964238
3224,8900.23235256186
3225,8900.23235711205
3226,8900.232377351982
3227,8900.232373750583
3228,8900.232361050263
3229,8900.2323619654
3230,8900.232366541964
3231,8900.232369167083
3232,8900.232368965444
3233,8900.232360564381
3234,8868.649337316565
3235,8868.649337316569
3236,8868.649337316572
3237,8868.649337316558
3238,8868.64933731656
3239,8868.649337316567
3240,8868.649337316567
3241,8868.649337316569
3242,8868.649337316567
3243,8868.64933762447
3244,8868.649327568242
3245,8868.649327846444
3246,8868.649331697543
3247,8868.649332395626
3248,8868.649343928617
3249,8868.649344615775
3250,8868.649343864974
3251,8868.64934050055
3252,8868.649330553442
3253,8868.649337036268
3254,8868.649331797227
3255,8868.649326946343
3256,8868.649336002869
3257,8868.649347955978
3258,8868.649329892805
3259,8868.649335469365
3260,8868.649341813076
3261,8868.649358705685
3262,8868.649330968537
3263,8868.649320186756
3264,8868.649336379049
3265,8868.64932730296
3266,8868.649344279716
3267,8868.649333564294
3268,8868.6493222638
3269,8868.649327150095
3270,8868.649330181248
3271,8868.649340794062
3272,8868.649338400359
3273,8868.649330207609
3274,8868.649342626584
3275,8868.649350107338
3276,8868.649342139392
3277,8868.649331299204
3278,8868.649333775897
3279,8868.649337150537
3280,8868.649346295048
3281,8868.649339498083
3282,8868.649345739825
3283,8803.891974857637
3284,8803.89197485764
3285,8803.891974857646
3286,8803.891974857643
3287,8803.891974857645
3288,8803.89197485765
3289,8803.891974857648
3290,8803.891974857643
3291,8803.891974857646
3292,8803.891979033811
3293,8803.891951772024
3294,8803.891955830992
3295,8803.891968218644
3296,8803.891969643762
3297,8803.891982206882
3298,8803.891982100653
3299,8803.891986930388
3300,8803.891980045924
3301,8803.89197337354
3302,8803.89197588356
3303,8803.891969298144
3304,8803.891961582785
3305,8803.891973622765
3306,8803.89199024884
3307,8803.891960168598
3308,8803.891977281957
3309,8803.891978727104
3310,8803.891991245635
3311,8803.891960665474
3312,8803.891965750281
3313,8803.891975498265
3314,8803.891962131158
3315,8803.891983862319
3316,8803.891971081766
3317,8803.891963596201
3318,8803.891961500834
3319,8803.891969449909
3320,8803.891974520382
3321,8803.891972565485
3322,8803.891974613369
3323,8803.891991223856
3324,8803.891984520338
3325,8803.89197221362
3326,8803.891966629028
3327,8803.891971529
3328,8803.891973532162
3329,8803.891992056717
3330,8803.89197176521
3331,8803.891984278023
3332,8713.528376112452
3333,8713.528376112443
3334,8713.528376112445
3335,8713.528376112446
3336,8713.528376112457
3337,8713.528376112445
3338,8713.528376112446
3339,8713.528376112448
3340,8713.528376112446
3341,8713.528367742712
3342,8713.52832321154
3343,8713.528371117784
3344,8713.528375416588
3345,8713.52837353267
3346,8713.528367506718
3347,8713.528411427336
3348,8713.52837190738
3349,8713.528371364675
3350,8713.528369862224
3351,8713.528368089572
3352,8713.52837883476
3353,8713.528367294433
3354,8713.52839422871
3355,8713.52840055061
3356,8713.528344976941
3357,8713.528381322842
3358,8713.528372965005
3359,8713.52836815554
3360,8713.528367290779
3361,8713.52839433532
3362,8713.528374936459
3363,8713.528374800699
3364,8713.528380030722
3365,8713.528390644711
3366,8713.528374857015
3367,8713.528384521058
3368,8713.528399520881
3369,8713.528363048543
3370,8713.528355998085
3371,8713.52838951336
3372,8713.528369229914
3373,8713.528370662876
3374,8713.528375456403
3375,8713.528382142911
3376,8713.528372188293
3377,8713.528376127826
3378,8713.528378748628
3379,8713.528364223825
3380,8713.528410345496
3381,8689.432150913768
3382,8689.432150913768
3383,8689.432150913768
3384,8689.432150913766
3385,8689.43215091377
3386,8689.432150913768
3387,8689.432150913772
3388,8689.43215091378
3389,8689.432150913783
3390,8689.43216854321
3391,8689.432135262956
3392,8689.43214039329
3393,8689.432154722426
3394,8689.432151025412
3395,8689.432172389363
3396,8689.432100879632
3397,8689.432186605563
3398,8689.432148411179
3399,8689.432149947537
3400,8689.432142178737
3401,8689.432156438279
3402,8689.432135341289
3403,8689.432145237814
3404,8689.43218646248
3405,8689.432140646097
3406,8689.43215796025
3407,8689.4321473278
3408,8689.432142894146
3409,8689.432129814328
3410,8689.43218559365
3411,8689.432148697228
3412,8689.432162100044
3413,8689.432149272663
3414,8689.432142709413
3415,8689.432152565407
3416,8689.432179369149
3417,8689.432128734668
3418,8689.432159587683
3419,8689.432156124194
3420,8689.432175560745
3421,8689.43217955817
3422,8689.432132024467
3423,8689.43214819589
3424,8689.432166621165
3425,8689.432147318428
3426,8689.432154549588
3427,8689.432140786615
3428,8689.43214543302
3429,8689.432106835879
3430,8633.726345060224
3431,8633.726345060217
3432,8633.726345060226
3433,8633.726345060219
3434,8633.72634506022
3435,8633.726345060222
3436,8633.726345060222
3437,8633.726345060222
3438,8633.726345060222
3439,8633.726351267127
3440,8633.726338492552
3441,8633.726343992474
3442,8633.726346078209
3443,8633.726342072083
3444,8633.726358264077
3445,8633.726332039125
3446,8633.726369627479
3447,8633.72634261633
3448,8633.726363518372
3449,8633.726339417937
3450,8633.726348171775
3451,8633.72633917172
3452,8633.726341250653
3453,8633.726371944706
3454,8633.726342366763
3455,8633.72634861315
3456,8633.7263500378
3457,8633.726363898275
3458,8633.726331647158
3459,8633.726342490922
3460,8633.726338619997
3461,8633.726349757617
3462,8633.726344898872
3463,8633.726343488372
3464,8633.72633712197
3465,8633.726362546586
3466,8633.726328815581
3467,8633.726355940491
3468,8633.726348844515
3469,8633.726341387614
3470,8633.726348777993
3471,8633.726351230222
3472,8633.72634298698
3473,8633.726353857319
3474,8633.726341470665
3475,8633.726345195124
3476,8633.726342331101
3477,8633.72634552034
3478,8633.726328048764
3479,8602.889107899002
3480,8602.889107899002
3481,8602.889107899002
3482,8602.889107898998
3483,8602.889107898996
3484,8602.889107899002
3485,8602.889107899005
3486,8602.889107899004
3487,8602.889107899002
3488,8602.889102677196
3489,8602.889091974803
3490,8602.88911624071
3491,8602.889107892766
3492,8602.88910751502
3493,8602.889107326237
3494,8602.889116389053
3495,8602.889101120674
3496,8602.889105295924
3497,8602.88911943988
3498,8602.889103188023
3499,8602.889111505698
3500,8602.889109026586
3501,8602.8891038116
3502,8602.889134507985
3503,8602.889097309606
3504,8602.889113149133
3505,8602.889107438288
3506,8602.889105390377
3507,8602.88912572081
3508,8602.889098614163
3509,8602.889097900155
3510,8602.889109751555
3511,8602.889107033641
3512,8602.889119888645
3513,8602.889106995655
3514,8602.889121072994
3515,8602.889109320493
3516,8602.889112098368
3517,8602.889099833494
3518,8602.88910378861
3519,8602.889087491902
3520,8602.889115332158
3521,8602.889105424563
3522,8602.889114591731
3523,8602.889104945329
3524,8602.889106347291
3525,8602.889108855106
3526,8602.889103950574
3527,8602.889110719025
3528,8566.47019234425
3529,8566.470192344246
3530,8566.470192344252
3531,8566.470192344244
3532,8566.470192344252
3533,8566.470192344243
3534,8566.470192344246
3535,8566.470192344246
3536,8566.470192344248
3537,8566.470181442694
3538,8566.47018352569
3539,8566.47020426089
3540,8566.470191778422
3541,8566.470194817555
3542,8566.470193074514
3543,8566.470198522671
3544,8566.470177748997
3545,8566.470189021815
3546,8566.470201661188
3547,8566.470188536641
3548,8566.470195230053
3549,8566.470201586684
3550,8566.470183520803
3551,8566.470217528118
3552,8566.47018419975
3553,8566.470196031503
3554,8566.470188849451
3555,8566.4701793139
3556,8566.47022068667
3557,8566.470179153495
3558,8566.47018089455
3559,8566.470193013865
3560,8566.470191139706
3561,8566.47020511023
3562,8566.470192302573
3563,8566.470203254092
3564,8566.470198376941
3565,8566.470198718494
3566,8566.470183656274
3567,8566.470192479168
3568,8566.470167429754
3569,8566.470200338646
3570,8566.47019135934
3571,8566.47019787185
3572,8566.470190000384
3573,8566.47019155713
3574,8566.470193509436
3575,8566.470188085908
3576,8566.470197837582
3577,8491.350539787703
3578,8491.350539787712
3579,8491.350539787712
3580,8491.350539787702
3581,8491.350539787709
3582,8491.350539787707
3583,8491.35053978771
3584,8491.350539787705
3585,8491.35053978771
3586,8491.350521199261
3587,8491.350547382706
3588,8491.350551511157
3589,8491.350540238265
3590,8491.350553506267
3591,8491.350529542988
3592,8491.350545774969
3593,8491.350513248257
3594,8491.350528862265
3595,8491.350535357427
3596,8491.350532598275
3597,8491.350543125523
3598,8491.35055230848
3599,8491.350527167007
3600,8491.350564322256
3601,8491.350527583196
3602,8491.350544108596
3603,8491.350536156542
3604,8491.350529381642
3605,8491.350581254621
3606,8491.350544858371
3607,8491.350531093203
3608,8491.350541489239
3609,8491.350537396893
3610,8491.35054870173
3611,8491.350542507485
3612,8491.35055292154
3613,8491.350545376696
3614,8491.350547592789
3615,8491.35053092095
3616,8491.350522994
3617,8491.35051002199
3618,8491.350532513508
3619,8491.350543275163
3620,8491.350549197366
3621,8491.350538295412
3622,8491.35054581139
3623,8491.350534812409
3624,8491.350526886838
3625,8491.35053066361
3626,8465.456006637158
3627,8465.456006637149
3628,8465.45600663715
3629,8465.456006637156
3630,8465.456006637163
3631,8465.456006637158
3632,8465.456006637158
3633,8465.456006637165
3634,8465.456006637154
3635,8465.455997303849
3636,8465.456005249627
3637,8465.456003880836
3638,8465.45600225178
3639,8465.456019475125
3640,8465.456028296963
3641,8465.455988168947
3642,8465.455986600595
3643,8465.45599436996
3644,8465.455982783298
3645,8465.45600676738
3646,8465.45600438854
3647,8465.456039967989
3648,8465.455992176834
3649,8465.456025351468
3650,8465.456020062958
3651,8465.455999538095
3652,8465.455988902633
3653,8465.455942084871
3654,8465.456032641134
3655,8465.456037106584
3656,8465.456010703603
3657,8465.45599639794
3658,8465.456007945673
3659,8465.456013000787
3660,8465.45602690978
3661,8465.45600024087
3662,8465.456012670984
3663,8465.456030656855
3664,8465.456004947633
3665,8465.45603855361
3666,8465.456004235586
3667,8465.455982378617
3668,8465.45600844211
3669,8465.456003706026
3670,8465.456005816339
3671,8465.456007314471
3672,8465.456014324407
3673,8465.456007645313
3674,8465.45600437946
3675,8386.647755597198
3676,8386.647755597187
3677,8386.647755597187
3678,8386.647755597205
3679,8386.647755597196
3680,8386.647755597198
3681,8386.647755597201
3682,8386.647755597205
3683,8386.647755597201
3684,8386.647743949066
3685,8386.647763114419
3686,8386.64775582342
3687,8386.647752503623
3688,8386.64776613449
3689,8386.647763149673
3690,8386.647761525972
3691,8386.647753276848
3692,8386.64774680291
3693,8386.647742529543
3694,8386.647752592267
3695,8386.647755556045
3696,8386.647766069871
3697,8386.6477463599
3698,8386.647774518062
3699,8386.647755711376
3700,8386.64775259149
3701,8386.647752798192
3702,8386.647735244327
3703,8386.647762453224
3704,8386.647767638786
3705,8386.647754003152
3706,8386.647748234755
3707,8386.64775526112
3708,8386.647767640208
3709,8386.647768879151
3710,8386.64775449767
3711,8386.647758714564
3712,8386.647771174112
3713,8386.647752163386
3714,8386.647758962281
3715,8386.647757372006
3716,8386.647744356218
3717,8386.647757470137
3718,8386.647756855145
3719,8386.647754707115
3720,8386.647757033235
3721,8386.64775891824
3722,8386.647751860904
3723,8386.647757156336
3724,8327.418231625796
3725,8327.418231625796
3726,8327.418231625797
3727,8327.418231625801
3728,8327.418231625805
3729,8327.418231625803
3730,8327.418231625803
3731,8327.4182316258
3732,8327.418231625797
3733,8327.418228974157
3734,8327.41824530313
3735,8327.418225909732
3736,8327.418228597857
3737,8327.418242889278
3738,8327.41822451375
3739,8327.418233240325
3740,8327.418234050809
3741,8327.418224826464
3742,8327.41822740677
3743,8327.418228993576
3744,8327.418232078748
3745,8327.418232014892
3746,8327.418218657675
3747,8327.418251451078
3748,8327.418223168033
3749,8327.418235518646
3750,8327.418235881905
3751,8327.418228142022
3752,8327.41823482036
3753,8327.418238627017
3754,8327.41822942598
3755,8327.41822336124
3756,8327.418231668935
3757,8327.418236064295
3758,8327.418238277774
3759,8327.418229668323
3760,8327.418222402572
3761,8327.418242047865
3762,8327.418229769517
3763,8327.418222313896
3764,8327.418237834014
3765,8327.418222655348
3766,8327.4182306117
3767,8327.418232587275
3768,8327.418230956537
3769,8327.418233266428
3770,8327.418237112373
3771,8327.418220417167
3772,8327.418204583837
3773,8260.104528783362
3774,8260.104528783362
3775,8260.104528783364
3776,8260.104528783357
3777,8260.10452878336
3778,8260.104528783359
3779,8260.10452878336
3780,8260.104528783364
3781,8260.10452878336
3782,8260.104531801675
3783,8260.104528027878
3784,8260.104517802773
3785,8260.104528592141
3786,8260.104532715219
3787,8260.10454226614
3788,8260.104579291119
3789,8260.104571006881
3790,8260.104527725674
3791,8260.104529419208
3792,8260.104518402892
3793,8260.104529347014
3794,8260.104509553395
3795,8260.104544807135
3796,8260.10454960736
3797,8260.104524197466
3798,8260.10452785607
3799,8260.104540044236
3800,8260.104560872578
3801,8260.104471995704
3802,8260.104526950565
3803,8260.104522036741
3804,8260.104525658584
3805,8260.104527345127
3806,8260.104542994697
3807,8260.104529356711
3808,8260.104535563214
3809,8260.104524671277
3810,8260.104541127253
3811,8260.104526410869
3812,8260.104513934111
3813,8260.104558859095
3814,8260.104527337455
3815,8260.10452616169
3816,8260.104538765238
3817,8260.10452780619
3818,8260.104527223395
3819,8260.104525667515
3820,8260.104524906521
3821,8260.104559236888
3822,8193.929477954778
3823,8193.929477954785
3824,8193.929477954778
3825,8193.929477954785
3826,8193.929477954778
3827,8193.929477954785
3828,8193.92947795477
3829,8193.929477954776
3830,8193.92947795478
3831,8193.92949406468
3832,8193.92949107942
3833,8193.929461711929
3834,8193.929476425026
3835,8193.929483917076
3836,8193.929472492164
3837,8193.929499172844
3838,8193.9295073574
3839,8193.929478957914
3840,8193.929482570407
3841,8193.929472759693
3842,8193.929477584845
3843,8193.929459627483
3844,8193.929479680683
3845,8193.929498877842
3846,8193.929471422227
3847,8193.929484252456
3848,8193.929493246666
3849,8193.929508898695
3850,8193.929440943808
3851,8193.92947252422
3852,8193.929472637767
3853,8193.92947064698
3854,8193.929477506867
3855,8193.929476121328
3856,8193.92947375392
3857,8193.929477945288
3858,8193.929452532946
3859,8193.929488522219
3860,8193.929481504707
3861,8193.929456119282
3862,8193.929505356677
3863,8193.929475441642
3864,8193.92947226437
3865,8193.929482376903
3866,8193.929477622409
3867,8193.929476110276
3868,8193.929480180126
3869,8193.929468473676
3870,8193.929450179765
3871,8104.571412151543
3872,8104.5714121515375
3873,8104.571412151539
3874,8104.571412151547
3875,8104.571412151546
3876,8104.571412151538
3877,8104.571412151532
3878,8104.5714121515375
3879,8104.571412151536
3880,8104.571434472589
3881,8104.571433708541
3882,8104.571394833867
3883,8104.571409216722
3884,8104.571415722523
3885,8104.571399061534
3886,8104.571415180517
3887,8104.571430708376
3888,8104.5714173079305
3889,8104.571426862525
3890,8104.57141336196
3891,8104.571409954918
3892,8104.571406087438
3893,8104.5714048091895
3894,8104.571430890296
3895,8104.571411827873
3896,8104.57141848958
3897,8104.571431388071
3898,8104.571444690844
3899,8104.57138719888
3900,8104.571389572464
3901,8104.571407092437
3902,8104.571400471594
3903,8104.571414388911
3904,8104.57139279409
3905,8104.571391937813
3906,8104.571403621665
3907,8104.571376070395
3908,8104.571424724844
3909,8104.571421415055
3910,8104.571391180992
3911,8104.571433728701
3912,8104.571420202481
3913,8104.57140412358
3914,8104.57140933496
3915,8104.571411952955
3916,8104.571407851551
3917,8104.571420442958
3918,8104.571403486049
3919,8104.571356650316
3920,8051.454343743804
3921,8051.454343743807
3922,8051.454343743806
3923,8051.454343743801
3924,8051.4543437438015
3925,8051.454343743804
3926,8051.454343743804
3927,8051.454343743808
3928,8051.45434374381
3929,8051.454382548101
3930,8051.45434937182
3931,8051.454318892135
3932,8051.454341702616
3933,8051.454358464287
3934,8051.454335026082
3935,8051.454281187431
3936,8051.4543139963735
3937,8051.454354921488
3938,8051.454314761822
3939,8051.454350309854
3940,8051.454339282498
3941,8051.454343568443
3942,8051.454329098668
3943,8051.454376928408
3944,8051.45435133469
3945,8051.454354751742
3946,8051.454327976528
3947,8051.4542909299835
3948,8051.454372311661
3949,8051.454371133767
3950,8051.454335667946
3951,8051.454333832632
3952,8051.454342873512
3953,8051.454317959009
3954,8051.454362896599
3955,8051.454336360026
3956,8051.454304679157
3957,8051.454354007971
3958,8051.454362300529
3959,8051.454369553627
3960,8051.454364511111
3961,8051.454300867727
3962,8051.454333966088
3963,8051.454339239383
3964,8051.454345974881
3965,8051.45434679762
3966,8051.454344198101
3967,8051.454334695625
3968,8051.454223620531
3969,7907.487571360116
3970,7907.4875713601095
3971,7907.487571360113
3972,7907.487571360119
3973,7907.487571360119
3974,7907.487571360117
3975,7907.487571360109
3976,7907.487571360112
3977,7907.487571360116
3978,7907.487590908022
3979,7907.487573405704
3980,7907.487574052459
3981,7907.487569122343
3982,7907.487573804965
3983,7907.487581677008
3984,7907.4875528616185
3985,7907.487549704048
3986,7907.487583183904
3987,7907.48757406792
3988,7907.487579491764
3989,7907.487567571403
3990,7907.4875968934275
3991,7907.487565491177
3992,7907.48759323288
3993,7907.487586857027
3994,7907.487567191585
3995,7907.487565376655
3996,7907.487543378302
3997,7907.487595485987
3998,7907.487547152856
3999,7907.487562188031
4000,7907.487559969346
4001,7907.487575807118
4002,7907.487552378714
4003,7907.48755498329
4004,7907.4875594703135
4005,7907.487554181548
4006,7907.487590467106
4007,7907.487583337598
4008,7907.487594972022
4009,7907.487557552582
4010,7907.487580319796
4011,7907.487563959492
4012,7907.487563015331
4013,7907.487570780266
4014,7907.487569062474
4015,7907.48757677671
4016,7907.487571721751
4017,7907.487541782023
4018,7842.399707856952
4019,7842.399707856951
4020,7842.399707856951
4021,7842.399707856954
4022,7842.399707856952
4023,7842.399707856956
4024,7842.399707856954
4025,7842.399707856952
4026,7842.399707856955
4027,7842.399718671402
4028,7842.399712377246
4029,7842.39971266595
4030,7842.399706658921
4031,7842.39971107287
4032,7842.399714926674
4033,7842.399722127076
4034,7842.399705209624
4035,7842.399715669896
4036,7842.399707469193
4037,7842.399710331233
4038,7842.399705306637
4039,7842.39970641273
4040,7842.39971263661
4041,7842.399729701849
4042,7842.399711112119
4043,7842.399703202847
4044,7842.399710248863
4045,7842.399699042882
4046,7842.399705312471
4047,7842.399689755507
4048,7842.399699702258
4049,7842.399699620233
4050,7842.399709149745
4051,7842.399701289467
4052,7842.399697843987
4053,7842.399702315687
4054,7842.399702457519
4055,7842.399722237323
4056,7842.39971186959
4057,7842.399720138306
4058,7842.399704002412
4059,7842.399714038241
4060,7842.399701567613
4061,7842.399705769675
4062,7842.399707782628
4063,7842.399707077218
4064,7842.399706281873
4065,7842.3997056349435
4066,7842.399710971559
4067,7759.646781365894
4068,7759.6467813659
4069,7759.646781365904
4070,7759.6467813658965
4071,7759.6467813658965
4072,7759.6467813658965
4073,7759.646781365897
4074,7759.6467813659
4075,7759.646781365903
4076,7759.646792552179
4077,7759.6467877566065
4078,7759.646788418592
4079,7759.646782144066
4080,7759.646787076188
4081,7759.646788412147
4082,7759.646795143424
4083,7759.646779827677
4084,7759.646786703862
4085,7759.6467634423825
4086,7759.646779615213
4087,7759.646779153587
4088,7759.646755422049
4089,7759.646791335073
4090,7759.646808358827
4091,7759.646776756608
4092,7759.646777567522
4093,7759.64678001133
4094,7759.646764465501
4095,7759.646778713265
4096,7759.64678637031
4097,7759.646773161769
4098,7759.646778275387
4099,7759.646778080463
4100,7759.646778650149
4101,7759.6467909706
4102,7759.646784643817
4103,7759.646780530417
4104,7759.6467918392555
4105,7759.646783466932
4106,7759.646795539433
4107,7759.646781905226
4108,7759.646768788258
4109,7759.646776499584
4110,7759.646785579797
4111,7759.646782496336
4112,7759.6467861611945
4113,7759.646767392465
4114,7759.646778909068
4115,7759.646784505116
4116,7663.48418810067
4117,7663.484188100674
4118,7663.484188100674
4119,7663.484188100667
4120,7663.484188100672
4121,7663.484188100674
4122,7663.484188100678
4123,7663.484188100672
4124,7663.484188100676
4125,7663.484196326179
4126,7663.48419420072
4127,7663.4841885489
4128,7663.484190586518
4129,7663.484197773745
4130,7663.4841932591835
4131,7663.484193706594
4132,7663.484179613701
4133,7663.484189957498
4134,7663.484165282473
4135,7663.484183831981
4136,7663.484183944736
4137,7663.484175100724
4138,7663.484203108523
4139,7663.4842173328925
4140,7663.484185501651
4141,7663.484182582541
4142,7663.48418753432
4143,7663.484175952108
4144,7663.4841839499995
4145,7663.4842145038765
4146,7663.484183375956
4147,7663.4841886631875
4148,7663.484185790055
4149,7663.4841632646285
4150,7663.4841843678005
4151,7663.484195796164
4152,7663.48419344923
4153,7663.484196256016
4154,7663.484188339684
4155,7663.4842009590175
4156,7663.484195475472
4157,7663.484160214215
4158,7663.484182960602
4159,7663.484195111698
4160,7663.484190111003
4161,7663.484198149852
4162,7663.484167534067
4163,7663.484184046898
4164,7663.484181268543
4165,7532.595869593337
4166,7532.595869593329
4167,7532.595869593346
4168,7532.595869593343
4169,7532.595869593334
4170,7532.595869593336
4171,7532.595869593335
4172,7532.595869593339
4173,7532.595869593339
4174,7532.595881365469
4175,7532.595890366561
4176,7532.5958681863285
4177,7532.595870770033
4178,7532.5958785631165
4179,7532.595885677201
4180,7532.595842138232
4181,7532.595858047849
4182,7532.595892474172
4183,7532.5958525614315
4184,7532.595878668904
4185,7532.595863197557
4186,7532.595822288051
4187,7532.5958674009435
4188,7532.59591678605
4189,7532.595865665737
4190,7532.595867583175
4191,7532.595856837928
4192,7532.595842651359
4193,7532.595895330451
4194,7532.595873475734
4195,7532.595858854693
4196,7532.595870202356
4197,7532.595858796567
4198,7532.595872683294
4199,7532.595952902034
4200,7532.595874450229
4201,7532.595871497876
4202,7532.5958784336435
4203,7532.595869484814
4204,7532.595884065936
4205,7532.595879389128
4206,7532.595849038526
4207,7532.595845665678
4208,7532.595867105087
4209,7532.595874390412
4210,7532.595882776307
4211,7532.595854326475
4212,7532.595873992357
4213,7532.595841244748
4214,7598.695330841137
4215,7598.695330841129
4216,7598.695330841136
4217,7598.695330841128
4218,7598.6953308411275
4219,7598.695330841127
4220,7598.695330841134
4221,7598.695330841132
4222,7598.695330841139
4223,7598.695300493036
4224,7598.695310612727
4225,7598.695345885526
4226,7598.695335391473
4227,7598.695314350121
4228,7598.695366161723
4229,7598.695367401517
4230,7598.695408533933
4231,7598.695313767337
4232,7598.6952897575375
4233,7598.695315126979
4234,7598.69532877168
4235,7598.695308903033
4236,7598.695358679532
4237,7598.695362670824
4238,7598.6952882640435
4239,7598.695293105349
4240,7598.695334944249
4241,7598.695320716497
4242,7598.695239813096
4243,7598.695401135318
4244,7598.695336802245
4245,7598.695335567163
4246,7598.695324534291
4247,7598.6953615851135
4248,7598.695326268487
4249,7598.695351084487
4250,7598.69540140655
4251,7598.695342655392
4252,7598.695278405558
4253,7598.695368717502
4254,7598.695372836031
4255,7598.695289434391
4256,7598.695328967969
4257,7598.695347457486
4258,7598.695331087828
4259,7598.695338414167
4260,7598.69529151708
4261,7598.695340157095
4262,7598.695489336469
4263,7397.866503509946
4264,7397.866503509946
4265,7397.866503509947
4266,7397.866503509945
4267,7397.866503509947
4268,7397.866503509943
4269,7397.866503509946
4270,7397.866503509944
4271,7397.866503509949
4272,7397.866499306372
4273,7397.866504918374
4274,7397.866509201687
4275,7397.866506271929
4276,7397.86650127199
4277,7397.866524748534
4278,7397.866502422089
4279,7397.866527836859
4280,7397.866508494022
4281,7397.866477608908
4282,7397.86650187517
4283,7397.866499760994
4284,7397.866470526031
4285,7397.866513442544
4286,7397.866542749065
4287,7397.866486218012
4288,7397.866488362983
4289,7397.866498904345
4290,7397.86648823366
4291,7397.866481040797
4292,7397.866537830339
4293,7397.866500780592
4294,7397.866506273846
4295,7397.866494732916
4296,7397.86651172653
4297,7397.8665435258345
4298,7397.866515453217
4299,7397.8665277096125
4300,7397.866514697529
4301,7397.8664830388625
4302,7397.866522003345
4303,7397.8665257371595
4304,7397.866475073652
4305,7397.866490384356
4306,7397.866509304304
4307,7397.866505798893
4308,7397.866514007183
4309,7397.866477951613
4310,7397.866510495154
4311,7397.866548868496
4312,7293.069028291201
4313,7293.069028291207
4314,7293.069028291207
4315,7293.0690282912055
4316,7293.069028291202
4317,7293.069028291202
4318,7293.069028291201
4319,7293.069028291199
4320,7293.0690282912
4321,7293.069034751716
4322,7293.069031374574
4323,7293.069029017966
4324,7293.069029977286
4325,7293.069026185938
4326,7293.069031619944
4327,7293.069012858636
4328,7293.0690326218755
4329,7293.069033534011
4330,7293.069027748656
4331,7293.0690315382835
4332,7293.069024895804
4333,7293.069020045241
4334,7293.069030544421
4335,7293.069061803695
4336,7293.069026044493
4337,7293.069020818704
4338,7293.069037865289
4339,7293.069041330907
4340,7293.0690224586715
4341,7293.069041413659
4342,7293.069032106571
4343,7293.069027800101
4344,7293.069024435761
4345,7293.068997772587
4346,7293.069019466634
4347,7293.069033047264
4348,7293.069028070983
4349,7293.069035687581
4350,7293.06901510144
4351,7293.069022770001
4352,7293.069037244752
4353,7293.069017897848
4354,7293.069015253644
4355,7293.0690285541805
4356,7293.0690293620255
4357,7293.069034241062
4358,7293.069013616877
4359,7293.069035492341
4360,7293.069019960906
4361,7220.3484944971715
4362,7220.348494497167
4363,7220.348494497173
4364,7220.348494497177
4365,7220.348494497169
4366,7220.348494497173
4367,7220.348494497176
4368,7220.348494497173
4369,7220.348494497169
4370,7220.348496542804
4371,7220.348498243802
4372,7220.34849542596
4373,7220.348493302752
4374,7220.348496443383
4375,7220.348487484257
4376,7220.348486149539
4377,7220.348490204844
4378,7220.348503549668
4379,7220.34850978064
4380,7220.348505224656
4381,7220.348489102557
4382,7220.348497380725
4383,7220.348488211264
4384,7220.34852725292
4385,7220.348488116516
4386,7220.348494833675
4387,7220.348507815595
4388,7220.34850507342
4389,7220.348503431018
4390,7220.3484882873945
4391,7220.348499346205
4392,7220.348489146883
4393,7220.34849249046
4394,7220.348473608483
4395,7220.3484843061
4396,7220.348489022063
4397,7220.348492135169
4398,7220.348496671026
4399,7220.34846874251
4400,7220.348483317387
4401,7220.34849058968
4402,7220.3484978336
4403,7220.348476758717
4404,7220.348488109115
4405,7220.348497010415
4406,7220.348495556315
4407,7220.348494321153
4408,7220.348495491124
4409,7220.348479274524
4410,7143.420140042078
4411,7143.420140042075
4412,7143.420140042081
4413,7143.420140042074
4414,7143.420140042077
4415,7143.420140042079
4416,7143.420140042075
4417,7143.420140042081
4418,7143.420140042076
4419,7143.420163330161
4420,7143.420128921651
4421,7143.420132128165
4422,7143.420138045604
4423,7143.420135942731
4424,7143.420151878347
4425,7143.420122250999
4426,7143.420143467069
4427,7143.4201559408
4428,7143.420158344272
4429,7143.420155128073
4430,7143.420139180755
4431,7143.420166100905
4432,7143.420135198596
4433,7143.4201700410085
4434,7143.420155885161
4435,7143.420136303567
4436,7143.420139847689
4437,7143.4201598474565
4438,7143.4201378
4439,7143.420124039265
4440,7143.420142791005
4441,7143.420129778361
4442,7143.420138769003
4443,7143.420123916816
4444,7143.420139618156
4445,7143.420128172359
4446,7143.42012741585
4447,7143.420151870514
4448,7143.420126684955
4449,7143.420125279552
4450,7143.420151095642
4451,7143.420149467996
4452,7143.420122200577
4453,7143.420129113691
4454,7143.420138271844
4455,7143.420135426188
4456,7143.42015040843
4457,7143.42015653134
4458,7143.4201331463255
4459,7041.266575297868
4460,7041.266575297868
4461,7041.266575297871
4462,7041.266575297866
4463,7041.266575297863
4464,7041.266575297867
4465,7041.266575297868
4466,7041.266575297869
4467,7041.266575297866
4468,7041.266588722706
4469,7041.266573587468
4470,7041.266569086704
4471,7041.266569627363
4472,7041.266574520079
4473,7041.2665498032375
4474,7041.266570227331
4475,7041.26655235401
4476,7041.266580716846
4477,7041.26657376737
4478,7041.266588983135
4479,7041.2665682328925
4480,7041.2666061530745
4481,7041.26657017608
4482,7041.266597365514
4483,7041.266560395469
4484,7041.266587441898
4485,7041.266576338838
4486,7041.266560068641
4487,7041.266594114667
4488,7041.266577098878
4489,7041.2665783081175
4490,7041.266562072253
4491,7041.266573142262
4492,7041.266578756257
4493,7041.2665911372815
4494,7041.266557721734
4495,7041.266565297428
4496,7041.266566775405
4497,7041.266548646532
4498,7041.266573941635
4499,7041.2665714412815
4500,7041.26656791458
4501,7041.266572245452
4502,7041.266566121246
4503,7041.266578687588
4504,7041.266570416619
4505,7041.2665834050495
4506,7041.26657494792
4507,7041.266543386341
4508,6942.429097268299
4509,6942.429097268302
4510,6942.429097268303
4511,6942.429097268301
4512,6942.429097268301
4513,6942.429097268306
4514,6942.429097268305
4515,6942.4290972682975
4516,6942.429097268299
4517,6942.429111480222
4518,6942.429098627752
4519,6942.429092037211
4520,6942.429093229228
4521,6942.429095443898
4522,6942.429075873216
4523,6942.429084293058
4524,6942.429084285348
4525,6942.429102019001
4526,6942.429088862872
4527,6942.429103859487
4528,6942.429090967244
4529,6942.429121087473
4530,6942.429093439167
4531,6942.429118409723
4532,6942.429084395116
4533,6942.429106467504
4534,6942.4290937060205
4535,6942.429084195524
4536,6942.429100413042
4537,6942.429104047714
4538,6942.429098565681
4539,6942.429088731805
4540,6942.429092841372
4541,6942.429099415827
4542,6942.429118213426
4543,6942.4290887237
4544,6942.429087679071
4545,6942.4290920725025
4546,6942.429084833016
4547,6942.429099712915
4548,6942.429109906834
4549,6942.429085502602
4550,6942.429100643954
4551,6942.4290942271455
4552,6942.429100217027
4553,6942.429096424652
4554,6942.429094700792
4555,6942.429099099005
4556,6942.42906593124
4557,6874.908114426984
4558,6874.908114426975
4559,6874.908114426975
4560,6874.908114426967
4561,6874.908114426972
4562,6874.908114426974
4563,6874.90811442698
4564,6874.908114426974
4565,6874.908114426982
4566,6874.908077641129
4567,6874.908097668561
4568,6874.908127095825
4569,6874.908112838853
4570,6874.908111990802
4571,6874.90811933073
4572,6874.9080976088735
4573,6874.908106075827
4574,6874.908112389772
4575,6874.908097624482
4576,6874.9081095308975
4577,6874.9081086398
4578,6874.908115087492
4579,6874.908051822136
4580,6874.908138966327
4581,6874.908118138414
4582,6874.908094401455
4583,6874.908101840231
4584,6874.908127906237
4585,6874.908067152908
4586,6874.908121925144
4587,6874.908111558525
4588,6874.9081155386375
4589,6874.908107423391
4590,6874.908128719533
4591,6874.908168324973
4592,6874.908122308894
4593,6874.908165517911
4594,6874.908114113457
4595,6874.908158607908
4596,6874.908127221925
4597,6874.908207843067
4598,6874.908098211476
4599,6874.908119538079
4600,6874.908120788959
4601,6874.908117116242
4602,6874.908127829579
4603,6874.908099637521
4604,6874.908118956037
4605,6874.90811267131
4606,6824.487542443738
4607,6824.487542443738
4608,6824.487542443738
4609,6824.487542443733
4610,6824.487542443736
4611,6824.487542443734
4612,6824.487542443734
4613,6824.487542443731
4614,6824.487542443731
4615,6824.48754928162
4616,6824.487545758755
4617,6824.487544051536
4618,6824.487539507763
4619,6824.487540650207
4620,6824.4875323418955
4621,6824.4875353479265
4622,6824.487538522414
4623,6824.48754871669
4624,6824.487534974798
4625,6824.487544093853
4626,6824.4875362101375
4627,6824.48756133268
4628,6824.48753539688
4629,6824.487562997264
4630,6824.487533236899
4631,6824.487545019543
4632,6824.487534735144
4633,6824.487534502835
4634,6824.487533103758
4635,6824.4875418861675
4636,6824.48754098632
4637,6824.487537761934
4638,6824.487537221762
4639,6824.487551913964
4640,6824.487568957787
4641,6824.487540399181
4642,6824.487542279646
4643,6824.487542113122
4644,6824.487543904372
4645,6824.487546729084
4646,6824.487568224098
4647,6824.487535998253
4648,6824.487547994488
4649,6824.487543481835
4650,6824.487545355517
4651,6824.487547545654
4652,6824.487534955566
4653,6824.487544489855
4654,6824.48753250736
4655,6748.505645105019
4656,6748.505645105017
4657,6748.505645105012
4658,6748.505645105013
4659,6748.505645105013
4660,6748.505645105019
4661,6748.505645105014
4662,6748.5056451050195
4663,6748.505645105021
4664,6748.505653254551
4665,6748.505636840067
4666,6748.505653765891
4667,6748.5056432919755
4668,6748.505646389105
4669,6748.505642911061
4670,6748.505636998388
4671,6748.505602154483
4672,6748.505647804221
4673,6748.505629804646
4674,6748.505639613476
4675,6748.505638332277
4676,6748.505666138734
4677,6748.5056549476
4678,6748.505664217775
4679,6748.505641156814
4680,6748.505646668407
4681,6748.50562010406
4682,6748.505610928528
4683,6748.505686844299
4684,6748.505655203478
4685,6748.505641056496
4686,6748.505645369791
4687,6748.50564149688
4688,6748.505645969181
4689,6748.505645328208
4690,6748.505651174995
4691,6748.505641433889
4692,6748.50564970639
4693,6748.505658222162
4694,6748.505656640649
4695,6748.505618137271
4696,6748.505632280578
4697,6748.505655484147
4698,6748.505651702337
4699,6748.505648205283
4700,6748.505655649144
4701,6748.505630192049
4702,6748.505645544029
4703,6748.50563865878
4704,7077.963462895173
4705,7077.963462895179
4706,7077.963462895179
4707,7077.963462895177
4708,7077.963462895176
4709,7077.963462895194
4710,7077.96346289518
4711,7077.963462895183
4712,7077.963462895181
4713,7077.963363961236
4714,7077.963406977629
4715,7077.963476621325
4716,7077.963461121543
4717,7077.963453829041
4718,7077.963469849491
4719,7077.9634290141075
4720,7077.963455739213
4721,7077.963435069357
4722,7077.963455360494
4723,7077.963453164144
4724,7077.963457946944
4725,7077.963398049981
4726,7077.963320985351
4727,7077.963483197291
4728,7077.963481603412
4729,7077.963417347819
4730,7077.9634911255835
4731,7077.963571434054
4732,7077.963354813723
4733,7077.9634919500995
4734,7077.963473315478
4735,7077.9634659945
4736,7077.9634572497835
4737,7077.96343063733
4738,7077.96345606192
4739,7077.963474772709
4740,7077.9635559528615
4741,7077.963461303612
4742,7077.963550412505
4743,7077.963438312855
4744,7077.963627024905
4745,7077.963436373573
4746,7077.963461121079
4747,7077.963472483258
4748,7077.963464707764
4749,7077.963475619075
4750,7077.963449260405
4751,7077.963468773388
4752,7077.963430298583
4753,6724.6774499162475
4754,6724.677449916255
4755,6724.677449916249
4756,6724.6774499162475
4757,6724.6774499162475
4758,6724.677449916251
4759,6724.677449916249
4760,6724.677449916251
4761,6724.6774499162475
4762,6724.677441481162
4763,6724.677436227876
4764,6724.677458589648
4765,6724.677448159441
4766,6724.677449615986
4767,6724.67744966341
4768,6724.677438552139
4769,6724.677416326351
4770,6724.677448441242
4771,6724.677436681626
4772,6724.677443650935
4773,6724.677443256398
4774,6724.677457823889
4775,6724.677438399055
4776,6724.677469209428
4777,6724.677448567194
4778,6724.677444601804
4779,6724.677435266636
4780,6724.677441879407
4781,6724.677464664417
4782,6724.677462343174
4783,6724.677448346823
4784,6724.677450745192
4785,6724.677445960186
4786,6724.677444370613
4787,6724.677448531103
4788,6724.677457021078
4789,6724.677459846903
4790,6724.67745330075
4791,6724.677474390765
4792,6724.677453854927
4793,6724.677455324291
4794,6724.677435506055
4795,6724.677457856582
4796,6724.677457089058
4797,6724.67745289628
4798,6724.677461199228
4799,6724.677435396199
4800,6724.677450902847
4801,6724.677439456132
4802,6737.678884855924
4803,6737.678884855919
4804,6737.678884855917
4805,6737.67888485592
4806,6737.678884855921
4807,6737.678884855921
4808,6737.67888485592
4809,6737.678884855921
4810,6737.678884855923
4811,6737.678882179137
4812,6737.678905082963
4813,6737.678903242671
4814,6737.67888341897
4815,6737.678881529537
4816,6737.678892120881
4817,6737.6789188846615
4818,6737.67892808144
4819,6737.678887478647
4820,6737.678918316063
4821,6737.678881349144
4822,6737.678879584215
4823,6737.678887945758
4824,6737.678886803595
4825,6737.678895719497
4826,6737.678881396306
4827,6737.678877970054
4828,6737.67891302491
4829,6737.678942088154
4830,6737.678841084078
4831,6737.678846767397
4832,6737.678886520705
4833,6737.678882385679
4834,6737.678882736183
4835,6737.678887082101
4836,6737.6788366471665
4837,6737.678886065167
4838,6737.678880091692
4839,6737.678898315096
4840,6737.678876873338
4841,6737.678852913208
4842,6737.678897722906
4843,6737.678918140671
4844,6737.678885049902
4845,6737.6788892111
4846,6737.678886905956
4847,6737.67889674452
4848,6737.678881538022
4849,6737.678883369454
4850,6737.678932902269
4851,6700.005521014949
4852,6700.005521014951
4853,6700.005521014951
4854,6700.005521014953
4855,6700.005521014954
4856,6700.005521014953
4857,6700.005521014956
4858,6700.005521014954
4859,6700.005521014956
4860,6700.005515019222
4861,6700.0055245244275
4862,6700.005534285799
4863,6700.005519395264
4864,6700.005519201029
4865,6700.00552198106
4866,6700.005532718574
4867,6700.005523216916
4868,6700.0055215066795
4869,6700.005529132655
4870,6700.005516139825
4871,6700.005514796895
4872,6700.005526047321
4873,6700.005516416852
4874,6700.005536448004
4875,6700.0055173724995
4876,6700.0055156422295
4877,6700.005528901329
4878,6700.005546514774
4879,6700.005508460349
4880,6700.005510337773
4881,6700.005520668852
4882,6700.005520308774
4883,6700.005517893456
4884,6700.005519911941
4885,6700.005498587718
4886,6700.005525255466
4887,6700.005522493218
4888,6700.005528406482
4889,6700.005528907701
4890,6700.005504914307
4891,6700.0055297195595
4892,6700.005528262705
4893,6700.005525388784
4894,6700.005526814425
4895,6700.005523710423
4896,6700.005532816282
4897,6700.005511723999
4898,6700.005520408057
4899,6700.005536127646
4900,6674.265570552622
4901,6674.265570552623
4902,6674.265570552618
4903,6674.265570552623
4904,6674.265570552621
4905,6674.265570552622
4906,6674.265570552626
4907,6674.265570552621
4908,6674.265570552623
4909,6674.265571134374
4910,6674.265565161675
4911,6674.265576838718
4912,6674.265568430779
4913,6674.265569227854
4914,6674.265576133528
4915,6674.265567038874
4916,6674.265570691004
4917,6674.265573633126
4918,6674.265579824504
4919,6674.265569008382
4920,6674.265566539018
4921,6674.265573650257
4922,6674.265561133585
4923,6674.265585552132
4924,6674.265580121877
4925,6674.265565526708
4926,6674.265572877783
4927,6674.265604071188
4928,6674.265554331307
4929,6674.265559812513
4930,6674.2655718149435
4931,6674.265567754877
4932,6674.265567571398
4933,6674.265559209138
4934,6674.265553493513
4935,6674.265571723399
4936,6674.2655663456935
4937,6674.265582051276
4938,6674.265591313945
4939,6674.265549063202
4940,6674.265591357869
4941,6674.265577740682
4942,6674.265572634596
4943,6674.265573453308
4944,6674.265571682838
4945,6674.265580132015
4946,6674.265565915432
4947,6674.265575869946
4948,6674.265567537299
4949,6616.594510160046
4950,6616.594510160048
4951,6616.594510160049
4952,6616.594510160047
4953,6616.594510160048
4954,6616.594510160048
4955,6616.594510160048
4956,6616.5945101600455
4957,6616.594510160044
4958,6616.594505256648
4959,6616.594493928249
4960,6616.594509435722
4961,6616.59450612704
4962,6616.594508312395
4963,6616.594514368486
4964,6616.594505211922
4965,6616.594502848317
4966,6616.594511413456
4967,6616.594518346173
4968,6616.594515960581
4969,6616.594505564114
4970,6616.594511772765
4971,6616.594491066988
4972,6616.594523399312
4973,6616.59452165935
4974,6616.594506812806
4975,6616.594512049531
4976,6616.59453865048
4977,6616.594495398707
4978,6616.594503501291
4979,6616.594515672205
4980,6616.5945026139025
4981,6616.594508693452
4982,6616.594499716385
4983,6616.59450762324
4984,6616.594502112854
4985,6616.594511212121
4986,6616.594518995865
4987,6616.594531542105
4988,6616.5944926762895
4989,6616.5945381218535
4990,6616.5945141092525
4991,6616.594506466386
4992,6616.594507205635
4993,6616.594511705578
4994,6616.594514023432
4995,6616.594516817481
4996,6616.594513946413
4997,6616.594497206183
4998,6499.329089437096
4999,6499.329089437102
5000,6499.329089437102
5001,6499.329089437097
5002,6499.3290894371
5003,6499.329089437095
5004,6499.329089437095
5005,6499.329089437096
5006,6499.329089437096
5007,6499.329088912991
5008,6499.329051509343
5009,6499.329078552013
5010,6499.32908504381
5011,6499.329082943899
5012,6499.329099198145
5013,6499.329068442572
5014,6499.329067660739
5015,6499.329089887788
5016,6499.32909305129
5017,6499.329099756644
5018,6499.329087333424
5019,6499.329087973777
5020,6499.329066693435
5021,6499.329102248315
5022,6499.3291148193985
5023,6499.329086057551
5024,6499.329079612598
5025,6499.329105704834
5026,6499.329085021373
5027,6499.329095498134
5028,6499.329099501296
5029,6499.329080577625
5030,6499.329088638926
5031,6499.329068517604
5032,6499.329105057313
5033,6499.3290783745815
5034,6499.329090363861
5035,6499.329100593903
5036,6499.329123244005
5037,6499.329080006037
5038,6499.329117689222
5039,6499.329084921397
5040,6499.329078008571
5041,6499.329082881065
5042,6499.3290894673955
5043,6499.3290863200655
5044,6499.3291028830745
5045,6499.329097630084
5046,6499.329054162088
5047,6315.463138660185
5048,6315.463138660195
5049,6315.463138660195
5050,6315.463138660186
5051,6315.463138660192
5052,6315.463138660186
5053,6315.46313866019
5054,6315.4631386601895
5055,6315.463138660188
5056,6315.4631450242505
5057,6315.463064531128
5058,6315.463118908194
5059,6315.463136383322
5060,6315.463128742904
5061,6315.463152261671
5062,6315.463096594323
5063,6315.463088680482
5064,6315.4631411691435
5065,6315.463129691235
5066,6315.463145675667
5067,6315.463140835956
5068,6315.4631316449095
5069,6315.46311292793
5070,6315.463156816045
5071,6315.463179895354
5072,6315.463132251426
5073,6315.463094835529
5074,6315.463113627728
5075,6315.4631589321525
5076,6315.46317230234
5077,6315.463147800522
5078,6315.46313598715
5079,6315.463135524132
5080,6315.463112937823
5081,6315.463199924655
5082,6315.4631370727275
5083,6315.46315330851
5084,6315.46314863676
5085,6315.463200731761
5086,6315.463161123082
5087,6315.463159811788
5088,6315.463113494929
5089,6315.463117202133
5090,6315.463133939757
5091,6315.463136323809
5092,6315.46312824897
5093,6315.463147826972
5094,6315.463151830052
5095,6315.463077601264
5096,6243.300349596553
5097,6243.300349596562
5098,6243.300349596559
5099,6243.300349596555
5100,6243.30034959656
5101,6243.300349596557
5102,6243.300349596559
5103,6243.300349596555
5104,6243.300349596556
5105,6243.300352542537
5106,6243.300333313056
5107,6243.300346517266
5108,6243.300353634787
5109,6243.300404342072
5110,6243.300320775464
5111,6243.300356756791
5112,6243.300347622635
5113,6243.300353392128
5114,6243.300362451712
5115,6243.300345450206
5116,6243.300346859587
5117,6243.300331220086
5118,6243.30034785647
5119,6243.300364903915
5120,6243.300350755536
5121,6243.300363505281
5122,6243.300347760789
5123,6243.300373341061
5124,6243.300346342397
5125,6243.300360889427
5126,6243.300349772477
5127,6243.300352592984
5128,6243.300344003623
5129,6243.300348362713
5130,6243.300384847527
5131,6243.3003574172
5132,6243.30037507726
5133,6243.300336555847
5134,6243.300377175593
5135,6243.300336876281
5136,6243.300355607622
5137,6243.300344963914
5138,6243.30033225743
5139,6243.300352527491
5140,6243.300348874183
5141,6243.300347120723
5142,6243.300348359982
5143,6243.300350833284
5144,6243.300314611854
5145,6381.834593811622
5146,6381.834593811615
5147,6381.834593811617
5148,6381.8345938116145
5149,6381.834593811612
5150,6381.834593811623
5151,6381.834593811621
5152,6381.83459381162
5153,6381.834593811618
5154,6381.834589918126
5155,6381.834631033924
5156,6381.83462684842
5157,6381.8345948085
5158,6381.834566864266
5159,6381.834631477704
5160,6381.834641958846
5161,6381.834696111895
5162,6381.834577870131
5163,6381.834620375784
5164,6381.834587008551
5165,6381.834591995429
5166,6381.834616811547
5167,6381.834615445052
5168,6381.834597493227
5169,6381.834588647651
5170,6381.834570924159
5171,6381.8346370869185
5172,6381.834599605764
5173,6381.8345294774745
5174,6381.834572679667
5175,6381.834598442004
5176,6381.834591273563
5177,6381.834591731222
5178,6381.834650390333
5179,6381.834565116908
5180,6381.834596442544
5181,6381.834591971802
5182,6381.834646619418
5183,6381.834541511096
5184,6381.834604855348
5185,6381.834588195874
5186,6381.834620611503
5187,6381.834584327682
5188,6381.834599850548
5189,6381.8345936635205
5190,6381.834596034885
5191,6381.834592820793
5192,6381.834591158464
5193,6381.834746622638
5194,6166.02924266505
5195,6166.029242665047
5196,6166.0292426650485
5197,6166.029242665047
5198,6166.0292426650485
5199,6166.029242665046
5200,6166.02924266505
5201,6166.029242665048
5202,6166.0292426650485
5203,6166.0292437487005
5204,6166.029247797849
5205,6166.029252073791
5206,6166.029244695906
5207,6166.029255408647
5208,6166.0292403331305
5209,6166.029261487671
5210,6166.029275342069
5211,6166.0292399164555
5212,6166.029260925465
5213,6166.029238239094
5214,6166.029239058957
5215,6166.029243862273
5216,6166.029249091151
5217,6166.029253010363
5218,6166.029245740797
5219,6166.029244671334
5220,6166.029264202567
5221,6166.029259103768
5222,6166.029221423809
5223,6166.029240938255
5224,6166.029244692745
5225,6166.029243379493
5226,6166.029238642829
5227,6166.029258318962
5228,6166.029253522356
5229,6166.029247314629
5230,6166.029246041505
5231,6166.0292552632045
5232,6166.029237925944
5233,6166.029238440789
5234,6166.0292453076145
5235,6166.029250779422
5236,6166.029228338034
5237,6166.0292464838285
5238,6166.029243244272
5239,6166.029243047686
5240,6166.0292421432
5241,6166.029239429435
5242,6166.029264631434
5243,6132.89012859972
5244,6132.890128599724
5245,6132.8901285997235
5246,6132.8901285997235
5247,6132.890128599724
5248,6132.890128599721
5249,6132.890128599722
5250,6132.890128599723
5251,6132.890128599722
5252,6132.890122352193
5253,6132.890117466743
5254,6132.8901297150405
5255,6132.890128625511
5256,6132.890136375631
5257,6132.890124614414
5258,6132.890127248577
5259,6132.890119741676
5260,6132.890119879525
5261,6132.890138737411
5262,6132.8901266061885
5263,6132.890123953292
5264,6132.890131582653
5265,6132.890128728473
5266,6132.890138341098
5267,6132.890131621179
5268,6132.890130869717
5269,6132.890138856353
5270,6132.890130500531
5271,6132.890130739997
5272,6132.890141666739
5273,6132.890136137061
5274,6132.890128460592
5275,6132.890126236123
5276,6132.890125861156
5277,6132.890118682876
5278,6132.890130258966
5279,6132.890139098934
5280,6132.890132240092
5281,6132.890130985296
5282,6132.890139247743
5283,6132.890120368838
5284,6132.890121303772
5285,6132.890116708883
5286,6132.890130769821
5287,6132.890130055179
5288,6132.890123620561
5289,6132.890128756663
5290,6132.890124066551
5291,6132.890117391657
5292,6113.070750331089
5293,6113.070750331087
5294,6113.070750331091
5295,6113.0707503310905
5296,6113.070750331088
5297,6113.070750331088
5298,6113.070750331087
5299,6113.070750331092
5300,6113.07075033109
5301,6113.070744361121
5302,6113.070742212792
5303,6113.070753556263
5304,6113.070750213116
5305,6113.07075702738
5306,6113.070746152305
5307,6113.070747225148
5308,6113.070736967983
5309,6113.070744883701
5310,6113.070755559665
5311,6113.070748750252
5312,6113.070745980104
5313,6113.070753901232
5314,6113.070748198878
5315,6113.070760791155
5316,6113.070751049529
5317,6113.0707508487985
5318,6113.070751668593
5319,6113.070737558731
5320,6113.0707584175625
5321,6113.070759518428
5322,6113.0707547127895
5323,6113.07075007302
5324,6113.070747856647
5325,6113.070753944069
5326,6113.070753156349
5327,6113.070751780238
5328,6113.070763765378
5329,6113.07075507388
5330,6113.0707562477655
5331,6113.070769050133
5332,6113.0707416369505
5333,6113.070743611956
5334,6113.070740060826
5335,6113.070752189671
5336,6113.070751687183
5337,6113.070744399249
5338,6113.070749590859
5339,6113.070746624399
5340,6113.070742713422
5341,6060.326103575231
5342,6060.326103575233
5343,6060.326103575233
5344,6060.326103575237
5345,6060.326103575233
5346,6060.326103575233
5347,6060.326103575232
5348,6060.326103575233
5349,6060.326103575231
5350,6060.326104915049
5351,6060.32611075359
5352,6060.3261106652135
5353,6060.326103033667
5354,6060.326105736637
5355,6060.326096980023
5356,6060.326104583618
5357,6060.326090034017
5358,6060.326105677703
5359,6060.326108816136
5360,6060.326102484175
5361,6060.326100584322
5362,6060.326101818402
5363,6060.326100775379
5364,6060.326112917047
5365,6060.326102876186
5366,6060.326103609743
5367,6060.326102084086
5368,6060.3260949151245
5369,6060.3261132664975
5370,6060.32608951303
5371,6060.326102254547
5372,6060.326102667294
5373,6060.32610100265
5374,6060.3261125419795
5375,6060.326111791209
5376,6060.326104538652
5377,6060.326106723784
5378,6060.326111010425
5379,6060.3261099726815
5380,6060.326110231942
5381,6060.326095856239
5382,6060.3261088865875
5383,6060.326098821506
5384,6060.326105033298
5385,6060.326104149414
5386,6060.326096835091
5387,6060.32610117932
5388,6060.326103347084
5389,6060.32609953405
5390,6056.866081526472
5391,6056.866081526476
5392,6056.866081526476
5393,6056.866081526473
5394,6056.866081526479
5395,6056.866081526474
5396,6056.866081526477
5397,6056.866081526474
5398,6056.8660815264775
5399,6056.866075044587
5400,6056.8660577549035
5401,6056.866083593401
5402,6056.866084022042
5403,6056.866074447189
5404,6056.8661061268795
5405,6056.866052377154
5406,6056.866107048268
5407,6056.866074911754
5408,6056.866067233161
5409,6056.8660680192925
5410,6056.8660839568565
5411,6056.866077594246
5412,6056.8660648327495
5413,6056.866091563598
5414,6056.866078234084
5415,6056.866057442032
5416,6056.866052838033
5417,6056.866053214097
5418,6056.866039268665
5419,6056.866096135096
5420,6056.8660782102
5421,6056.866083169384
5422,6056.866077306817
5423,6056.866086942025
5424,6056.866069733219
5425,6056.866094523443
5426,6056.866114842398
5427,6056.866101683485
5428,6056.866098794309
5429,6056.866118764702
5430,6056.866117106224
5431,6056.866062280058
5432,6056.866085507279
5433,6056.866091551647
5434,6056.866078534869
5435,6056.866068784619
5436,6056.866065329342
5437,6056.866093708475
5438,6056.866136944519
5439,6038.077517791602
5440,6038.077517791598
5441,6038.077517791598
5442,6038.077517791601
5443,6038.077517791598
5444,6038.077517791598
5445,6038.077517791602
5446,6038.077517791599
5447,6038.0775177916
5448,6038.077515202163
5449,6038.077509136571
5450,6038.077521959554
5451,6038.077518841277
5452,6038.07751609985
5453,6038.077527427013
5454,6038.0775034321805
5455,6038.077525412548
5456,6038.077515735993
5457,6038.077513202557
5458,6038.077510146074
5459,6038.077517543344
5460,6038.077514091032
5461,6038.077508380026
5462,6038.077527322016
5463,6038.077515998079
5464,6038.077505512635
5465,6038.07750271916
5466,6038.077500380569
5467,6038.077499139096
5468,6038.077518174918
5469,6038.077515369192
5470,6038.077518270011
5471,6038.077514419804
5472,6038.077524055838
5473,6038.077514679359
5474,6038.077525033026
5475,6038.077536470732
5476,6038.077531530201
5477,6038.077530017228
5478,6038.077539619697
5479,6038.077533661761
5480,6038.077510654732
5481,6038.0775178165
5482,6038.077523807534
5483,6038.07751653336
5484,6038.077508155303
5485,6038.077508157698
5486,6038.077523954779
5487,6038.077543850395
5488,5999.768652653158
5489,5999.768652653153
5490,5999.768652653153
5491,5999.76865265316
5492,5999.768652653158
5493,5999.768652653161
5494,5999.768652653158
5495,5999.76865265316
5496,5999.76865265316
5497,5999.768656189113
5498,5999.768653018268
5499,5999.76865665429
5500,5999.768653747784
5501,5999.768650756136
5502,5999.768657873017
5503,5999.768645455136
5504,5999.768658354586
5505,5999.768651374669
5506,5999.7686500889085
5507,5999.768645087284
5508,5999.76865293377
5509,5999.7686441998185
5510,5999.768648522464
5511,5999.768660995109
5512,5999.768651659074
5513,5999.7686446411335
5514,5999.7686428972975
5515,5999.7686492119155
5516,5999.768638097753
5517,5999.768645731685
5518,5999.768649413301
5519,5999.768652619754
5520,5999.768649145273
5521,5999.768658620262
5522,5999.768650110667
5523,5999.768659489393
5524,5999.768659115005
5525,5999.768666576862
5526,5999.768658848423
5527,5999.768656537219
5528,5999.76866279961
5529,5999.768649454338
5530,5999.7686545373845
5531,5999.768658598311
5532,5999.768651091687
5533,5999.768643177094
5534,5999.768642877525
5535,5999.768659644791
5536,5999.7686745503715
5537,5981.858326236873
5538,5981.858326236874
5539,5981.858326236872
5540,5981.858326236872
5541,5981.858326236873
5542,5981.85832623687
5543,5981.858326236876
5544,5981.858326236873
5545,5981.858326236872
5546,5981.858333811011
5547,5981.858342545584
5548,5981.858329151004
5549,5981.85832775189
5550,5981.858306259654
5551,5981.8583337333175
5552,5981.858325541704
5553,5981.8583323906205
5554,5981.858321373125
5555,5981.858322717158
5556,5981.8583190847
5557,5981.858328415332
5558,5981.858347688207
5559,5981.858322999523
5560,5981.858332752594
5561,5981.85833139593
5562,5981.858318716428
5563,5981.858322183647
5564,5981.8583384507765
5565,5981.858315998863
5566,5981.858318616668
5567,5981.858323926799
5568,5981.858325236892
5569,5981.85832282039
5570,5981.858333976253
5571,5981.858337664747
5572,5981.858332501056
5573,5981.858325362998
5574,5981.858336853569
5575,5981.858308076045
5576,5981.858303960614
5577,5981.858332621834
5578,5981.858323617732
5579,5981.8583278731385
5580,5981.858331813461
5581,5981.858323864278
5582,5981.858318124265
5583,5981.85831737871
5584,5981.858335876328
5585,5981.858359858666
5586,5973.98787391724
5587,5973.987873917239
5588,5973.987873917237
5589,5973.98787391724
5590,5973.987873917242
5591,5973.987873917242
5592,5973.987873917242
5593,5973.987873917241
5594,5973.987873917238
5595,5973.987879744813
5596,5973.987879615872
5597,5973.987877939314
5598,5973.987875209119
5599,5973.987867388587
5600,5973.987880708987
5601,5973.987870478239
5602,5973.987880735727
5603,5973.987871438924
5604,5973.9878713948665
5605,5973.987866496105
5606,5973.987875151577
5607,5973.987870639798
5608,5973.987872038223
5609,5973.987881198702
5610,5973.987876199572
5611,5973.9878663359195
5612,5973.987866261172
5613,5973.987877916687
5614,5973.987861081112
5615,5973.987865615129
5616,5973.987870688504
5617,5973.987873368766
5618,5973.987870464848
5619,5973.987881202122
5620,5973.987875538833
5621,5973.987880455512
5622,5973.987875335878
5623,5973.987889159038
5624,5973.987872286313
5625,5973.987866476807
5626,5973.987881235413
5627,5973.987871785924
5628,5973.987876186338
5629,5973.987879719045
5630,5973.987871927702
5631,5973.9878651418985
5632,5973.9878645572735
5633,5973.987882215043
5634,5973.9879011941075
5635,5972.651096486757
5636,5972.651096486753
5637,5972.6510964867575
5638,5972.651096486757
5639,5972.651096486754
5640,5972.651096486756
5641,5972.651096486755
5642,5972.651096486758
5643,5972.651096486759
5644,5972.651098685281
5645,5972.651115813755
5646,5972.651106728838
5647,5972.651097503468
5648,5972.651092066192
5649,5972.651110029799
5650,5972.651094733952
5651,5972.65112786815
5652,5972.651096254355
5653,5972.651101150128
5654,5972.651092046118
5655,5972.651098706514
5656,5972.651096318693
5657,5972.651099620599
5658,5972.651099905811
5659,5972.651105628677
5660,5972.651087137999
5661,5972.651100808911
5662,5972.651109125628
5663,5972.6510726670285
5664,5972.651075188225
5665,5972.651091947818
5666,5972.651093423228
5667,5972.651093909869
5668,5972.651115196728
5669,5972.651097046122
5670,5972.651098840517
5671,5972.651093933751
5672,5972.651122932142
5673,5972.651073789192
5674,5972.651076862379
5675,5972.651104410682
5676,5972.651107449893
5677,5972.651098040746
5678,5972.6511005274515
5679,5972.651094330546
5680,5972.651091607933
5681,5972.6510920041865
5682,5972.651104310321
5683,5972.651146556558
5684,5964.510883697742
5685,5964.5108836977415
5686,5964.5108836977415
5687,5964.510883697742
5688,5964.51088369774
5689,5964.510883697742
5690,5964.510883697739
5691,5964.5108836977415
5692,5964.510883697739
5693,5964.510888454875
5694,5964.510895595042
5695,5964.5108907173
5696,5964.510884873674
5697,5964.5108787388235
5698,5964.5108938914145
5699,5964.510881207261
5700,5964.510902492025
5701,5964.510882642128
5702,5964.510884787055
5703,5964.5108778603535
5704,5964.510885455345
5705,5964.5108815523145
5706,5964.510885145972
5707,5964.510889005883
5708,5964.510889398611
5709,5964.51087549772
5710,5964.510881586726
5711,5964.51089147465
5712,5964.510865718841
5713,5964.510868771727
5714,5964.510879761538
5715,5964.510881843118
5716,5964.510880723808
5717,5964.510896470584
5718,5964.510884120593
5719,5964.51088803574
5720,5964.5108825137995
5721,5964.5109046144635
5722,5964.510872339255
5723,5964.510870892209
5724,5964.510890868481
5725,5964.510888204938
5726,5964.510885688668
5727,5964.510888515971
5728,5964.510881610217
5729,5964.51087676086
5730,5964.510876837277
5731,5964.510891779064
5732,5964.510921805988
5733,5953.81502492652
5734,5953.815024926521
5735,5953.81502492652
5736,5953.815024926521
5737,5953.815024926522
5738,5953.81502492652
5739,5953.81502492652
5740,5953.815024926521
5741,5953.815024926519
5742,5953.815030158453
5743,5953.8150337848065
5744,5953.815031326928
5745,5953.815025642574
5746,5953.815021485698
5747,5953.815036861379
5748,5953.815022767869
5749,5953.81504272066
5750,5953.815023299647
5751,5953.815027932002
5752,5953.815020904807
5753,5953.815027246516
5754,5953.81502542767
5755,5953.815030539417
5756,5953.815028593185
5757,5953.815037282181
5758,5953.815018491543
5759,5953.815025195982
5760,5953.81503954027
5761,5953.815009471935
5762,5953.815010529992
5763,5953.815022309939
5764,5953.815022006752
5765,5953.815022520112
5766,5953.815034554584
5767,5953.815022479954
5768,5953.8150273028
5769,5953.815021062623
5770,5953.815046390051
5771,5953.815010193135
5772,5953.815005501575
5773,5953.815028087212
5774,5953.815031245618
5775,5953.8150266619805
5776,5953.815028584348
5777,5953.8150226703965
5778,5953.815019948774
5779,5953.815020763714
5780,5953.815033502289
5781,5953.815059734125
5782,5925.483694606282
5783,5925.483694606282
5784,5925.483694606284
5785,5925.483694606282
5786,5925.483694606281
5787,5925.483694606281
5788,5925.483694606284
5789,5925.48369460628
5790,5925.483694606281
5791,5925.483695326012
5792,5925.483692331059
5793,5925.483693974954
5794,5925.48369434113
5795,5925.483694448828
5796,5925.483693065084
5797,5925.483683797467
5798,5925.483680607786
5799,5925.483693885224
5800,5925.4836881133115
5801,5925.4836947998265
5802,5925.483694139799
5803,5925.483686351083
5804,5925.483696196199
5805,5925.483699907712
5806,5925.483699222523
5807,5925.48369556137
5808,5925.483686671638
5809,5925.483688491
5810,5925.483701169129
5811,5925.483694122748
5812,5925.483693280495
5813,5925.483690482867
5814,5925.483693100741
5815,5925.483696756157
5816,5925.4837052970515
5817,5925.483692259172
5818,5925.483693674347
5819,5925.483704822924
5820,5925.483689573538
5821,5925.48369287274
5822,5925.483690922787
5823,5925.48368817158
5824,5925.483695990333
5825,5925.483695703779
5826,5925.4836941215035
5827,5925.483686071766
5828,5925.483693277754
5829,5925.4836981735225
5830,5925.48368982012
5831,5910.840369407859
5832,5910.840369407856
5833,5910.840369407861
5834,5910.840369407859
5835,5910.840369407859
5836,5910.840369407859
5837,5910.840369407859
5838,5910.84036940786
5839,5910.8403694078615
5840,5910.8403675161535
5841,5910.840362308187
5842,5910.8403660790345
5843,5910.840368828112
5844,5910.840370912527
5845,5910.8403649637985
5846,5910.840359004151
5847,5910.84034929627
5848,5910.840364218997
5849,5910.8403643212905
5850,5910.840370072541
5851,5910.840367827657
5852,5910.840359561403
5853,5910.840371243537
5854,5910.8403736621185
5855,5910.840372671384
5856,5910.84037236538
5857,5910.840365963061
5858,5910.840369476148
5859,5910.840377199287
5860,5910.840375549972
5861,5910.84037181504
5862,5910.840365035205
5863,5910.840368414871
5864,5910.840364184263
5865,5910.840366809218
5866,5910.840366022902
5867,5910.840368771524
5868,5910.840375412068
5869,5910.840366044931
5870,5910.840368051743
5871,5910.840362625854
5872,5910.840359052471
5873,5910.840370912554
5874,5910.840370337383
5875,5910.84036958783
5876,5910.840360984591
5877,5910.840369044208
5878,5910.840370976876
5879,5910.840354659079
5880,5891.187364534468
5881,5891.187364534466
5882,5891.187364534469
5883,5891.187364534464
5884,5891.187364534465
5885,5891.187364534469
5886,5891.187364534469
5887,5891.187364534464
5888,5891.187364534468
5889,5891.187359777727
5890,5891.1873575408845
5891,5891.187362062256
5892,5891.187363863236
5893,5891.1873609910745
5894,5891.187358436994
5895,5891.187355632767
5896,5891.187341436796
5897,5891.187357120691
5898,5891.187358240291
5899,5891.187365979505
5900,5891.187361824175
5901,5891.187358851458
5902,5891.187362091285
5903,5891.187369107987
5904,5891.187364413077
5905,5891.187366585709
5906,5891.1873613398675
5907,5891.187360592633
5908,5891.187375005863
5909,5891.187373980704
5910,5891.187367869263
5911,5891.187360257858
5912,5891.187363927964
5913,5891.187360156904
5914,5891.187364222231
5915,5891.187360336817
5916,5891.187365692796
5917,5891.187368062505
5918,5891.187364138088
5919,5891.18736842883
5920,5891.187356507157
5921,5891.187352148959
5922,5891.18736558183
5923,5891.187364983968
5924,5891.18736548346
5925,5891.1873572471495
5926,5891.187364922036
5927,5891.187364038445
5928,5891.1873492946015
5929,5921.915862056233
5930,5921.915862056232
5931,5921.915862056232
5932,5921.915862056232
5933,5921.915862056235
5934,5921.915862056234
5935,5921.915862056232
5936,5921.915862056232
5937,5921.915862056232
5938,5921.9158641207905
5939,5921.915887190968
5940,5921.9158759453185
5941,5921.915864824003
5942,5921.915883739417
5943,5921.915841401082
5944,5921.9159018271375
5945,5921.915902978596
5946,5921.915858674023
5947,5921.91588165181
5948,5921.915858318856
5949,5921.915857928375
5950,5921.915831370956
5951,5921.915867682236
5952,5921.915866928342
5953,5921.915864433438
5954,5921.915871177111
5955,5921.915894612939
5956,5921.915918673091
5957,5921.9158355563995
5958,5921.915840442574
5959,5921.915860228346
5960,5921.915861253318
5961,5921.915859306972
5962,5921.915878622438
5963,5921.915883130498
5964,5921.915863884478
5965,5921.915845810208
5966,5921.915873594614
5967,5921.915861462767
5968,5921.915816261879
5969,5921.9158657674925
5970,5921.915881140009
5971,5921.915860759829
5972,5921.915865238865
5973,5921.915863041939
5974,5921.915874357775
5975,5921.915860214922
5976,5921.915858624354
5977,5921.915874638988
5978,5879.608822016118
5979,5879.608822016115
5980,5879.6088220161155
5981,5879.608822016119
5982,5879.608822016118
5983,5879.608822016115
5984,5879.608822016115
5985,5879.608822016112
5986,5879.608822016116
5987,5879.608819471474
5988,5879.608826554373
5989,5879.608825571129
5990,5879.608822511977
5991,5879.6088270854325
5992,5879.6088113032765
5993,5879.608830219143
5994,5879.608822282952
5995,5879.6088161923035
5996,5879.608825117685
5997,5879.608821788958
5998,5879.608818848335
5999,5879.6088072380935
6000,5879.608821777424
6001,5879.608826536305
6002,5879.608822678201
6003,5879.6088259555945
6004,5879.6088314241815
6005,5879.608838980721
6006,5879.608819015985
6007,5879.608820058374
6008,5879.608823527161
6009,5879.6088188528975
6010,5879.608820722853
6011,5879.608825366507
6012,5879.608828171344
6013,5879.608819741323
6014,5879.608817364532
6015,5879.608828859743
6016,5879.608821747519
6017,5879.608809086016
6018,5879.608818566349
6019,5879.608821107622
6020,5879.608822119677
6021,5879.6088233604905
6022,5879.6088229582565
6023,5879.608821567888
6024,5879.608821925789
6025,5879.608820550743
6026,5879.608817835425
6027,5863.7438380283
6028,5863.7438380283
6029,5863.743838028299
6030,5863.743838028298
6031,5863.743838028299
6032,5863.743838028298
6033,5863.743838028298
6034,5863.743838028301
6035,5863.743838028299
6036,5863.743833510291
6037,5863.743840272212
6038,5863.743842296135
6039,5863.743838494942
6040,5863.7438326785
6041,5863.743829152433
6042,5863.743840893823
6043,5863.743834718655
6044,5863.743832928359
6045,5863.743836672893
6046,5863.743837136641
6047,5863.743834251545
6048,5863.743833573097
6049,5863.7438315408035
6050,5863.7438446222095
6051,5863.743836334025
6052,5863.743838890283
6053,5863.743840788295
6054,5863.743840853125
6055,5863.74383724042
6056,5863.7438393605225
6057,5863.743838548567
6058,5863.743835934337
6059,5863.743836563267
6060,5863.743841795212
6061,5863.7438515443755
6062,5863.7438369897445
6063,5863.743837530959
6064,5863.743842604163
6065,5863.74384174458
6066,5863.743837125732
6067,5863.743838210908
6068,5863.743833784833
6069,5863.743837886876
6070,5863.743839662505
6071,5863.743839478326
6072,5863.743838096517
6073,5863.743835911857
6074,5863.743835726431
6075,5863.743834504042
6076,5850.9905404025185
6077,5850.9905404025185
6078,5850.990540402521
6079,5850.9905404025185
6080,5850.990540402523
6081,5850.990540402519
6082,5850.990540402517
6083,5850.9905404025185
6084,5850.990540402519
6085,5850.9905346362775
6086,5850.990536373954
6087,5850.990545314248
6088,5850.990540494008
6089,5850.990532907186
6090,5850.990538316256
6091,5850.990535795326
6092,5850.990537958663
6093,5850.990536906577
6094,5850.990539092133
6095,5850.99053845982
6096,5850.990536460602
6097,5850.990541107122
6098,5850.990537080699
6099,5850.99054741281
6100,5850.990542275682
6101,5850.990539828357
6102,5850.990540584998
6103,5850.990535609468
6104,5850.990538960132
6105,5850.990542734908
6106,5850.990540285421
6107,5850.990539004242
6108,5850.9905389613905
6109,5850.990540669568
6110,5850.990542893626
6111,5850.99054047402
6112,5850.990540520639
6113,5850.990547205355
6114,5850.990544795932
6115,5850.990548607495
6116,5850.990540344528
6117,5850.990536067892
6118,5850.990540612695
6119,5850.990542675562
6120,5850.990542123684
6121,5850.990541423008
6122,5850.990536513403
6123,5850.9905375962535
6124,5850.990537413787
6125,5837.86272151911
6126,5837.862721519114
6127,5837.862721519114
6128,5837.862721519107
6129,5837.86272151911
6130,5837.862721519106
6131,5837.862721519105
6132,5837.86272151911
6133,5837.862721519107
6134,5837.862716564049
6135,5837.862721113248
6136,5837.862726380839
6137,5837.86272175195
6138,5837.86271362177
6139,5837.862719690437
6140,5837.862716565296
6141,5837.862721184892
6142,5837.86271971666
6143,5837.862722521951
6144,5837.862718534762
6145,5837.86271743185
6146,5837.862728226702
6147,5837.862719213182
6148,5837.862728891447
6149,5837.862722887264
6150,5837.862720996087
6151,5837.862722432583
6152,5837.862716543452
6153,5837.862718983236
6154,5837.8627199898765
6155,5837.8627206986
6156,5837.862720941515
6157,5837.862719763143
6158,5837.86272109437
6159,5837.86272039637
6160,5837.862722891076
6161,5837.862721708034
6162,5837.8627273690445
6163,5837.862723814288
6164,5837.862730031355
6165,5837.862722331813
6166,5837.862719428539
6167,5837.862721051433
6168,5837.862724352978
6169,5837.862723348485
6170,5837.862723128192
6171,5837.862716048985
6172,5837.862718520316
6173,5837.8627196502775
6174,5851.169587108998
6175,5851.169587108998
6176,5851.169587108998
6177,5851.169587108998
6178,5851.169587109
6179,5851.1695871090005
6180,5851.169587109002
6181,5851.169587109
6182,5851.1695871090005
6183,5851.169580063881
6184,5851.1695644298725
6185,5851.169593172866
6186,5851.169589177345
6187,5851.16959478181
6188,5851.169603094324
6189,5851.169564460982
6190,5851.169605164576
6191,5851.169591843443
6192,5851.1695722644035
6193,5851.169582632656
6194,5851.169586739983
6195,5851.16958012955
6196,5851.169580739532
6197,5851.169597078362
6198,5851.169581925124
6199,5851.169574582688
6200,5851.169549233201
6201,5851.16952116942
6202,5851.1695774361815
6203,5851.169596025227
6204,5851.169577573618
6205,5851.169586087317
6206,5851.169584958788
6207,5851.169606925878
6208,5851.16961661002
6209,5851.1695908395395
6210,5851.169612557371
6211,5851.169607569887
6212,5851.169610723952
6213,5851.169642331442
6214,5851.169597807131
6215,5851.169575395186
6216,5851.16958651855
6217,5851.169590816643
6218,5851.169586808513
6219,5851.169585311092
6220,5851.169580365226
6221,5851.169591225879
6222,5851.169631137628
6223,5827.287045110358
6224,5827.287045110356
6225,5827.287045110356
6226,5827.287045110357
6227,5827.287045110355
6228,5827.287045110356
6229,5827.2870451103545
6230,5827.287045110355
6231,5827.287045110355
6232,5827.287039560595
6233,5827.28703571132
6234,5827.287050557854
6235,5827.287046016771
6236,5827.287043339467
6237,5827.287050823785
6238,5827.287033177611
6239,5827.287052758961
6240,5827.287046218533
6241,5827.287040246012
6242,5827.287041343889
6243,5827.287042506373
6244,5827.28704607249
6245,5827.287042378532
6246,5827.287053429517
6247,5827.2870451490435
6248,5827.287039956507
6249,5827.287031574743
6250,5827.287017284311
6251,5827.287039447279
6252,5827.287047202457
6253,5827.2870407087
6254,5827.287044421264
6255,5827.287043200879
6256,5827.287052307367
6257,5827.287054861483
6258,5827.287047583532
6259,5827.28705398277
6260,5827.287057557212
6261,5827.28705561968
6262,5827.287071149118
6263,5827.287049867986
6264,5827.287039743739
6265,5827.287044786029
6266,5827.28704841739
6267,5827.287046093781
6268,5827.28704554081
6269,5827.287038948098
6270,5827.287044848876
6271,5827.2870607715995
6272,5809.384215772989
6273,5809.384215772989
6274,5809.384215772988
6275,5809.3842157729905
6276,5809.384215772989
6277,5809.384215772989
6278,5809.384215772989
6279,5809.384215772988
6280,5809.38421577299
6281,5809.384212615293
6282,5809.384216919531
6283,5809.38421778937
6284,5809.384216815019
6285,5809.384215949687
6286,5809.384214748201
6287,5809.384211286913
6288,5809.384223992048
6289,5809.3842163004965
6290,5809.38421724285
6291,5809.384212982159
6292,5809.3842127634925
6293,5809.384222458893
6294,5809.384214121733
6295,5809.384222678631
6296,5809.384212391888
6297,5809.384213849976
6298,5809.384211386347
6299,5809.384204281828
6300,5809.384208555534
6301,5809.38421159865
6302,5809.384213567594
6303,5809.384214947314
6304,5809.3842141011655
6305,5809.38421850794
6306,5809.384218492025
6307,5809.384217295897
6308,5809.3842215342265
6309,5809.384222271751
6310,5809.384219678737
6311,5809.384229022781
6312,5809.384220388148
6313,5809.384214126756
6314,5809.384213331696
6315,5809.384218435613
6316,5809.384217001486
6317,5809.384216457297
6318,5809.3842109964135
6319,5809.3842148843205
6320,5809.384226206816
6321,5797.251241045246
6322,5797.251241045244
6323,5797.251241045244
6324,5797.251241045248
6325,5797.251241045251
6326,5797.251241045251
6327,5797.251241045249
6328,5797.251241045252
6329,5797.25124104525
6330,5797.251238817151
6331,5797.251243828885
6332,5797.2512396093125
6333,5797.2512415267975
6334,5797.2512445601515
6335,5797.251237167794
6336,5797.251241060925
6337,5797.251246720827
6338,5797.251240916497
6339,5797.251246320148
6340,5797.2512412277965
6341,5797.2512381061715
6342,5797.251237542151
6343,5797.251241671418
6344,5797.251245774769
6345,5797.251238650293
6346,5797.251241401885
6347,5797.251243467416
6348,5797.251243315062
6349,5797.251234805964
6350,5797.251232994658
6351,5797.25124102365
6352,5797.251238673984
6353,5797.251240359092
6354,5797.251239537749
6355,5797.251237067489
6356,5797.251239260977
6357,5797.251241107954
6358,5797.251247834585
6359,5797.2512424686165
6360,5797.251243214489
6361,5797.25124316946
6362,5797.251241766508
6363,5797.251237731373
6364,5797.251242005912
6365,5797.251242345955
6366,5797.251240912038
6367,5797.251240480333
6368,5797.251239996918
6369,5797.251244458167
6370,5789.858914923087
6371,5789.858914923088
6372,5789.8589149230875
6373,5789.858914923086
6374,5789.858914923084
6375,5789.8589149230875
6376,5789.858914923087
6377,5789.858914923088
6378,5789.858914923089
6379,5789.858916158993
6380,5789.858915466561
6381,5789.858909199915
6382,5789.858915144602
6383,5789.858912537142
6384,5789.858910235511
6385,5789.858916087388
6386,5789.858912373839
6387,5789.858914513933
6388,5789.858917169646
6389,5789.858918212755
6390,5789.858911946683
6391,5789.858920494111
6392,5789.858915767054
6393,5789.858919127839
6394,5789.858911076366
6395,5789.858916832189
6396,5789.858914582
6397,5789.858913358866
6398,5789.858915714343
6399,5789.858910087402
6400,5789.858916068502
6401,5789.85891145834
6402,5789.858915294543
6403,5789.858909350461
6404,5789.858915822751
6405,5789.858910294249
6406,5789.8589128784915
6407,5789.858916852261
6408,5789.85891681115
6409,5789.858917469581
6410,5789.858914634404
6411,5789.858912451972
6412,5789.858910864701
6413,5789.858914019022
6414,5789.858916445851
6415,5789.858914119725
6416,5789.858917877893
6417,5789.858913711395
6418,5789.8589131811905
6419,5784.03794307421
6420,5784.037943074211
6421,5784.037943074213
6422,5784.037943074214
6423,5784.037943074212
6424,5784.037943074212
6425,5784.0379430742105
6426,5784.037943074212
6427,5784.037943074211
6428,5784.037945667069
6429,5784.037940348428
6430,5784.037937502815
6431,5784.03794287257
6432,5784.037937415198
6433,5784.037944931495
6434,5784.037945946221
6435,5784.037945179495
6436,5784.037938858593
6437,5784.037945793421
6438,5784.037946464317
6439,5784.037941104019
6440,5784.037945386332
6441,5784.037946725148
6442,5784.037945241223
6443,5784.037943412962
6444,5784.03794234293
6445,5784.037946824086
6446,5784.0379504156635
6447,5784.037938995494
6448,5784.0379405657
6449,5784.037945962469
6450,5784.0379384300495
6451,5784.037944072109
6452,5784.037936258559
6453,5784.037932985558
6454,5784.037937576292
6455,5784.037937064991
6456,5784.037950216794
6457,5784.037941772438
6458,5784.037939251439
6459,5784.037941229153
6460,5784.037940027054
6461,5784.0379402697345
6462,5784.03794244433
6463,5784.037944044176
6464,5784.037941675841
6465,5784.037947669707
6466,5784.037943573196
6467,5784.03795083449
6468,5773.843835201115
6469,5773.843835201118
6470,5773.843835201117
6471,5773.84383520112
6472,5773.843835201116
6473,5773.843835201117
6474,5773.843835201118
6475,5773.843835201115
6476,5773.843835201115
6477,5773.843836332655
6478,5773.843826387448
6479,5773.843828137933
6480,5773.843834796404
6481,5773.843831810789
6482,5773.843835203282
6483,5773.843834954938
6484,5773.843824125723
6485,5773.843832672025
6486,5773.843832617013
6487,5773.8438396332585
6488,5773.843832628851
6489,5773.84383133025
6490,5773.843839714203
6491,5773.8438388572495
6492,5773.843835552633
6493,5773.84383687532
6494,5773.843831645592
6495,5773.843832898452
6496,5773.843842214361
6497,5773.843837879855
6498,5773.843837042427
6499,5773.843831019546
6500,5773.843836598231
6501,5773.843825152198
6502,5773.8438324424
6503,5773.843829354835
6504,5773.843829716598
6505,5773.843839667572
6506,5773.843840446518
6507,5773.843836943141
6508,5773.843829084751
6509,5773.843827814116
6510,5773.843833630947
6511,5773.843833789961
6512,5773.843836633252
6513,5773.8438348840955
6514,5773.84383955215
6515,5773.843834199441
6516,5773.843830033717
6517,5756.474773174776
6518,5756.4747731747775
6519,5756.4747731747775
6520,5756.4747731747775
6521,5756.474773174774
6522,5756.474773174776
6523,5756.474773174776
6524,5756.474773174777
6525,5756.474773174776
6526,5756.4747739502
6527,5756.474765394128
6528,5756.474767633896
6529,5756.474773318879
6530,5756.474770800354
6531,5756.474773122942
6532,5756.474772853452
6533,5756.474758077524
6534,5756.474771093183
6535,5756.474764769307
6536,5756.474775235003
6537,5756.474770269788
6538,5756.474770988139
6539,5756.47477865719
6540,5756.474779445192
6541,5756.474770756114
6542,5756.474775347677
6543,5756.474762545603
6544,5756.474761944027
6545,5756.474784896279
6546,5756.474781720899
6547,5756.474772994687
6548,5756.474770971459
6549,5756.474774208649
6550,5756.4747639114885
6551,5756.474778058422
6552,5756.474770553614
6553,5756.474770508285
6554,5756.474774953191
6555,5756.474782176858
6556,5756.474779377974
6557,5756.474765327208
6558,5756.474761479014
6559,5756.474773505209
6560,5756.4747729424
6561,5756.474774777905
6562,5756.474775880951
6563,5756.474773094399
6564,5756.474771243009
6565,5756.474768913078
6566,5733.396752285364
6567,5733.39675228536
6568,5733.39675228536
6569,5733.396752285358
6570,5733.396752285364
6571,5733.3967522853645
6572,5733.396752285362
6573,5733.396752285363
6574,5733.396752285362
6575,5733.396753570165
6576,5733.3967536060845
6577,5733.3967516782395
6578,5733.396752851958
6579,5733.3967513429125
6580,5733.3967516688
6581,5733.396757555376
6582,5733.396743497756
6583,5733.39675270165
6584,5733.396743541058
6585,5733.396752980773
6586,5733.396749013928
6587,5733.396745063999
6588,5733.396758042209
6589,5733.396760873161
6590,5733.396748516721
6591,5733.396754638112
6592,5733.396740745409
6593,5733.396740379372
6594,5733.396763561992
6595,5733.396756038038
6596,5733.3967489128045
6597,5733.39675191871
6598,5733.396753012063
6599,5733.396750456731
6600,5733.3967697714925
6601,5733.39675211224
6602,5733.3967478232025
6603,5733.396755321026
6604,5733.39676260095
6605,5733.396754680457
6606,5733.3967452062225
6607,5733.396744333185
6608,5733.396753862299
6609,5733.396752491722
6610,5733.396754075036
6611,5733.396760106749
6612,5733.39674933174
6613,5733.39674869906
6614,5733.396754254995
6615,5718.830714736285
6616,5718.830714736283
6617,5718.830714736283
6618,5718.830714736281
6619,5718.83071473628
6620,5718.830714736283
6621,5718.830714736283
6622,5718.830714736281
6623,5718.830714736286
6624,5718.830705692255
6625,5718.830698796988
6626,5718.830709724948
6627,5718.830714856309
6628,5718.830711694469
6629,5718.830720326725
6630,5718.830692279048
6631,5718.830686304047
6632,5718.830717002549
6633,5718.830688311842
6634,5718.83071077786
6635,5718.830710877606
6636,5718.830725097279
6637,5718.830710727604
6638,5718.830728862195
6639,5718.830708275009
6640,5718.83071519114
6641,5718.830683040841
6642,5718.8306669456915
6643,5718.830735828131
6644,5718.830743178094
6645,5718.830710041949
6646,5718.8307175948685
6647,5718.830715010625
6648,5718.830700318227
6649,5718.830723284748
6650,5718.830720315953
6651,5718.830729320274
6652,5718.830708802792
6653,5718.830728971252
6654,5718.830748203487
6655,5718.830714917545
6656,5718.830688863795
6657,5718.830720092051
6658,5718.830717247085
6659,5718.830716504506
6660,5718.830722227463
6661,5718.830702422494
6662,5718.830709611839
6663,5718.830702704915
6664,5687.736222505463
6665,5687.736222505465
6666,5687.736222505461
6667,5687.736222505466
6668,5687.736222505465
6669,5687.736222505464
6670,5687.736222505466
6671,5687.736222505464
6672,5687.736222505464
6673,5687.736215941887
6674,5687.736226768122
6675,5687.736225512941
6676,5687.73622260867
6677,5687.736227410522
6678,5687.73622532813
6679,5687.736219411322
6680,5687.736221535984
6681,5687.736223399283
6682,5687.736218882842
6683,5687.736218987087
6684,5687.736219350117
6685,5687.736213868409
6686,5687.7362236225945
6687,5687.736232585474
6688,5687.736224407406
6689,5687.736221432992
6690,5687.736214715692
6691,5687.736215215858
6692,5687.736225261142
6693,5687.736223552895
6694,5687.736218794534
6695,5687.736224467141
6696,5687.736222056425
6697,5687.736221178661
6698,5687.736227800584
6699,5687.736227010272
6700,5687.736225504946
6701,5687.736229493342
6702,5687.736226535073
6703,5687.736224676983
6704,5687.736222649585
6705,5687.736217612195
6706,5687.736224922233
6707,5687.736224786309
6708,5687.736223846947
6709,5687.736231994591
6710,5687.736213954426
6711,5687.736219049098
6712,5687.736225666091
6713,5675.147852488053
6714,5675.147852488052
6715,5675.147852488051
6716,5675.147852488052
6717,5675.147852488053
6718,5675.14785248805
6719,5675.147852488051
6720,5675.1478524880495
6721,5675.14785248805
6722,5675.14785024662
6723,5675.147864905219
6724,5675.147855064513
6725,5675.1478525964185
6726,5675.147855384988
6727,5675.147852967164
6728,5675.14785604878
6729,5675.1478584656525
6730,5675.147853418581
6731,5675.147853945737
6732,5675.14785109603
6733,5675.147850011301
6734,5675.147851081278
6735,5675.147852781756
6736,5675.14786143417
6737,5675.147854636579
6738,5675.147851464683
6739,5675.147850400255
6740,5675.147854799304
6741,5675.147851545018
6742,5675.147846266912
6743,5675.147849555857
6744,5675.147853763327
6745,5675.147852275207
6746,5675.147854139394
6747,5675.147862619695
6748,5675.147855346941
6749,5675.147852726515
6750,5675.147858659222
6751,5675.1478510445695
6752,5675.1478450582335
6753,5675.147854543669
6754,5675.147852655069
6755,5675.147853403689
6756,5675.147853395099
6757,5675.1478534995385
6758,5675.147862164453
6759,5675.147847152913
6760,5675.147850353676
6761,5675.147859419604
6762,5662.488550914479
6763,5662.488550914477
6764,5662.48855091448
6765,5662.488550914477
6766,5662.488550914475
6767,5662.488550914478
6768,5662.488550914476
6769,5662.488550914479
6770,5662.488550914479
6771,5662.488549497396
6772,5662.4885614784125
6773,5662.488550545177
6774,5662.488550456292
6775,5662.488551834802
6776,5662.488550278499
6777,5662.488553569468
6778,5662.488554743407
6779,5662.488551675768
6780,5662.488555622809
6781,5662.488552393986
6782,5662.488548831381
6783,5662.488552225498
6784,5662.488549232554
6785,5662.488558984873
6786,5662.48855710039
6787,5662.4885503225005
6788,5662.4885522933455
6789,5662.4885584833555
6790,5662.488551167983
6791,5662.488542579675
6792,5662.488549719885
6793,5662.488551474993
6794,5662.488551418675
6795,5662.48854849869
6796,5662.488558413103
6797,5662.488551597846
6798,5662.488549185669
6799,5662.488556123231
6800,5662.488546616261
6801,5662.488539608267
6802,5662.4885542005795
6803,5662.48855244988
6804,5662.488551370919
6805,5662.488550033346
6806,5662.488551686818
6807,5662.488559896795
6808,5662.488549164531
6809,5662.48854931091
6810,5662.488548792249
6811,5650.840860658439
6812,5650.840860658441
6813,5650.840860658441
6814,5650.840860658442
6815,5650.840860658442
6816,5650.840860658442
6817,5650.840860658441
6818,5650.840860658441
6819,5650.840860658439
6820,5650.840858352283
6821,5650.840861152114
6822,5650.840859575789
6823,5650.840860072147
6824,5650.840866618451
6825,5650.840863776561
6826,5650.840856307904
6827,5650.840869511464
6828,5650.840863309614
6829,5650.840859428692
6830,5650.84086498037
6831,5650.840860812023
6832,5650.840847233789
6833,5650.840853050195
6834,5650.840868338544
6835,5650.840862418358
6836,5650.840856523698
6837,5650.840853723645
6838,5650.840851627096
6839,5650.840859472185
6840,5650.8408545168695
6841,5650.840857409698
6842,5650.8408589864275
6843,5650.840861847769
6844,5650.840866909086
6845,5650.840877227871
6846,5650.840858587995
6847,5650.84086549633
6848,5650.840870740745
6849,5650.840862693051
6850,5650.840863000212
6851,5650.840866758014
6852,5650.840859747021
6853,5650.840861786188
6854,5650.840858510728
6855,5650.840860396014
6856,5650.8408654113855
6857,5650.840864068421
6858,5650.840863777557
6859,5650.840869746848
6860,5636.684389199593
6861,5636.684389199594
6862,5636.684389199596
6863,5636.684389199591
6864,5636.684389199591
6865,5636.684389199592
6866,5636.684389199596
6867,5636.684389199592
6868,5636.684389199598
6869,5636.6843857919885
6870,5636.684388008529
6871,5636.6843819154265
6872,5636.684388460012
6873,5636.684395419517
6874,5636.684385127413
6875,5636.684386592111
6876,5636.684392323337
6877,5636.684386450399
6878,5636.684392176976
6879,5636.6843936405685
6880,5636.684388571806
6881,5636.68438989397
6882,5636.684383073312
6883,5636.684395593218
6884,5636.684391735748
6885,5636.68438799877
6886,5636.684389773526
6887,5636.6843925443145
6888,5636.684386578238
6889,5636.68438910758
6890,5636.684391515367
6891,5636.684387807509
6892,5636.684390925909
6893,5636.684382061343
6894,5636.68438744458
6895,5636.684386970486
6896,5636.684394311852
6897,5636.6843926980655
6898,5636.684386462477
6899,5636.684387100878
6900,5636.684394957653
6901,5636.684384775529
6902,5636.684390176885
6903,5636.684386977117
6904,5636.684389140597
6905,5636.684393311951
6906,5636.684393197623
6907,5636.684390393679
6908,5636.6843837652905
6909,5622.118837603935
6910,5622.118837603934
6911,5622.118837603934
6912,5622.118837603935
6913,5622.118837603935
6914,5622.1188376039345
6915,5622.1188376039345
6916,5622.118837603935
6917,5622.118837603935
6918,5622.118834355568
6919,5622.118833296071
6920,5622.118830188851
6921,5622.118836878978
6922,5622.118840120635
6923,5622.118833302724
6924,5622.118834982981
6925,5622.118838316499
6926,5622.118833197289
6927,5622.118836943139
6928,5622.118840367859
6929,5622.118836926599
6930,5622.1188438893205
6931,5622.118832905652
6932,5622.118845158924
6933,5622.118840195668
6934,5622.118837079391
6935,5622.118838202537
6936,5622.118838859548
6937,5622.118835759785
6938,5622.118844896542
6939,5622.118840778207
6940,5622.118836897537
6941,5622.1188394776245
6942,5622.118827405885
6943,5622.118832142197
6944,5622.118837128464
6945,5622.1188416097
6946,5622.118839250639
6947,5622.1188349467075
6948,5622.118837478476
6949,5622.118842489662
6950,5622.118828923296
6951,5622.118840260416
6952,5622.118836238655
6953,5622.1188371251155
6954,5622.118841576741
6955,5622.118839668206
6956,5622.1188379210425
6957,5622.118828983597
6958,5608.259869541684
6959,5608.25986954169
6960,5608.259869541689
6961,5608.259869541691
6962,5608.259869541687
6963,5608.2598695416855
6964,5608.2598695416855
6965,5608.259869541685
6966,5608.259869541684
6967,5608.259868244865
6968,5608.259867541889
6969,5608.259866619056
6970,5608.259868355653
6971,5608.259861349893
6972,5608.259863976302
6973,5608.2598651644175
6974,5608.259867313787
6975,5608.259865299148
6976,5608.25987455374
6977,5608.259870380651
6978,5608.259868142346
6979,5608.259898990692
6980,5608.259865130131
6981,5608.259877478157
6982,5608.259874283071
6983,5608.259868587245
6984,5608.2598735043275
6985,5608.25986287919
6986,5608.2598702363375
6987,5608.259868681169
6988,5608.259872083584
6989,5608.259869394151
6990,5608.259870832795
6991,5608.259862091516
6992,5608.259854325707
6993,5608.2598704311295
6994,5608.259870720206
6995,5608.259872006026
6996,5608.259863413926
6997,5608.259876393321
6998,5608.2598670828265
6999,5608.259865630511
7000,5608.259872405744
7001,5608.259869348162
7002,5608.259869264065
7003,5608.259871159601
7004,5608.259869826887
7005,5608.259868730644
7006,5608.259860484612
7007,5621.455595414627
7008,5621.455595414633
7009,5621.455595414633
7010,5621.455595414633
7011,5621.455595414633
7012,5621.455595414633
7013,5621.455595414631
7014,5621.455595414634
7015,5621.455595414632
7016,5621.455583583186
7017,5621.455584680184
7018,5621.455599906153
7019,5621.455594478025
7020,5621.455612738606
7021,5621.455587842952
7022,5621.455591056618
7023,5621.455589818396
7024,5621.455596975428
7025,5621.455569178312
7026,5621.455587568909
7027,5621.455595843636
7028,5621.4555526769955
7029,5621.455593633074
7030,5621.4556128755585
7031,5621.455585221539
7032,5621.455599202203
7033,5621.455583659178
7034,5621.455574345209
7035,5621.455604915822
7036,5621.455621665466
7037,5621.455590231419
7038,5621.455598131974
7039,5621.455595751964
7040,5621.455599694004
7041,5621.455606778216
7042,5621.455605819304
7043,5621.455602712307
7044,5621.455598959747
7045,5621.455607157779
7046,5621.4556094260115
7047,5621.455593374723
7048,5621.455574287112
7049,5621.455606524501
7050,5621.4555994983875
7051,5621.455592344409
7052,5621.45559709623
7053,5621.455584187447
7054,5621.455593106159
7055,5621.4555827927325
7056,5594.943331452901
7057,5594.943331452901
7058,5594.943331452899
7059,5594.943331452897
7060,5594.943331452899
7061,5594.943331452902
7062,5594.943331452902
7063,5594.943331452902
7064,5594.9433314529015
7065,5594.94332576952
7066,5594.9433261905115
7067,5594.943330623057
7068,5594.943330427655
7069,5594.943334771776
7070,5594.943323976103
7071,5594.943327953679
7072,5594.943328168649
7073,5594.943328422105
7074,5594.943327088887
7075,5594.943328992779
7076,5594.943330475139
7077,5594.943330763983
7078,5594.943328860392
7079,5594.943342565479
7080,5594.943331656687
7081,5594.9433322980285
7082,5594.943330496089
7083,5594.94332210586
7084,5594.943334434394
7085,5594.943339837681
7086,5594.9433317194225
7087,5594.943332516483
7088,5594.943332219567
7089,5594.943327553729
7090,5594.943324454481
7091,5594.943335902695
7092,5594.943334479793
7093,5594.943335459191
7094,5594.943332644328
7095,5594.943339209862
7096,5594.943328762075
7097,5594.943321617614
7098,5594.94333715906
7099,5594.943332911193
7100,5594.943330365013
7101,5594.943333406339
7102,5594.94332749684
7103,5594.943330064322
7104,5594.943320483503
7105,5585.058622748758
7106,5585.05862274876
7107,5585.05862274876
7108,5585.0586227487565
7109,5585.0586227487565
7110,5585.058622748763
7111,5585.0586227487565
7112,5585.058622748759
7113,5585.058622748761
7114,5585.058620876887
7115,5585.05861960238
7116,5585.058622421494
7117,5585.058621925051
7118,5585.05862620503
7119,5585.058617756729
7120,5585.058623465304
7121,5585.05862631308
7122,5585.058620639347
7123,5585.058617027072
7124,5585.058621784441
7125,5585.058623040348
7126,5585.058619154074
7127,5585.058619781417
7128,5585.058633029883
7129,5585.058620521305
7130,5585.05862215337
7131,5585.058621321543
7132,5585.058615028667
7133,5585.058622941592
7134,5585.058629322787
7135,5585.058621901863
7136,5585.058622734112
7137,5585.058623826743
7138,5585.058624832549
7139,5585.058624355183
7140,5585.058625838836
7141,5585.058625325215
7142,5585.058627892955
7143,5585.0586238339365
7144,5585.05862657828
7145,5585.0586224564095
7146,5585.058614454206
7147,5585.058627884613
7148,5585.058623491335
7149,5585.058621164337
7150,5585.058624045474
7151,5585.058621730111
7152,5585.058623962052
7153,5585.05862328274
7154,5579.652488341226
7155,5579.652488341227
7156,5579.652488341229
7157,5579.652488341228
7158,5579.652488341228
7159,5579.652488341227
7160,5579.652488341229
7161,5579.652488341226
7162,5579.652488341226
7163,5579.652486076719
7164,5579.6524854347535
7165,5579.6524866445225
7166,5579.652487056137
7167,5579.652498924221
7168,5579.652484814851
7169,5579.652494714775
7170,5579.652496455647
7171,5579.652485277247
7172,5579.652494788979
7173,5579.652490411945
7174,5579.652488735167
7175,5579.652456202716
7176,5579.652489025995
7177,5579.652494499324
7178,5579.6524926101265
7179,5579.652486750605
7180,5579.652493932304
7181,5579.652499468448
7182,5579.652483726188
7183,5579.652480379888
7184,5579.65248865657
7185,5579.652486549358
7186,5579.652489706803
7187,5579.652490760485
7188,5579.652483701528
7189,5579.6524878490045
7190,5579.6524840529455
7191,5579.652502994301
7192,5579.652490897023
7193,5579.65247784694
7194,5579.652486098823
7195,5579.652489465002
7196,5579.652490795081
7197,5579.652487816819
7198,5579.652487287396
7199,5579.652488801896
7200,5579.652492765143
7201,5579.652491017935
7202,5579.652491778994
7203,5571.458529267271
7204,5571.458529267267
7205,5571.458529267271
7206,5571.458529267272
7207,5571.458529267273
7208,5571.458529267275
7209,5571.4585292672755
7210,5571.45852926727
7211,5571.458529267273
7212,5571.458534050504
7213,5571.458529819773
7214,5571.458528729992
7215,5571.458528132674
7216,5571.45852948401
7217,5571.458526218939
7218,5571.458537901029
7219,5571.458533472792
7220,5571.458529141497
7221,5571.458527997909
7222,5571.458532382242
7223,5571.458530324733
7224,5571.458520490226
7225,5571.458528516012
7226,5571.458537244082
7227,5571.458528677171
7228,5571.458528704279
7229,5571.458530437231
7230,5571.458528396801
7231,5571.458532260187
7232,5571.45852453611
7233,5571.458527256394
7234,5571.458527618322
7235,5571.458530980366
7236,5571.458535953778
7237,5571.458537307685
7238,5571.458528696798
7239,5571.458524349813
7240,5571.458537067129
7241,5571.458530672685
7242,5571.458523026622
7243,5571.458525379494
7244,5571.458528076843
7245,5571.458532042796
7246,5571.458528003689
7247,5571.458527856496
7248,5571.458528766733
7249,5571.458534395254
7250,5571.458532064513
7251,5571.458534842012
7252,5566.293186034925
7253,5566.2931860349245
7254,5566.2931860349245
7255,5566.293186034924
7256,5566.293186034923
7257,5566.293186034924
7258,5566.293186034924
7259,5566.293186034925
7260,5566.293186034924
7261,5566.293191073514
7262,5566.29318772859
7263,5566.293184995146
7264,5566.293184914871
7265,5566.293184131617
7266,5566.293181387361
7267,5566.293193496845
7268,5566.29318584681
7269,5566.293185593492
7270,5566.293183890321
7271,5566.293188023457
7272,5566.293186512199
7273,5566.2931884205445
7274,5566.293185115906
7275,5566.293194744856
7276,5566.293183665672
7277,5566.293186054395
7278,5566.29318591435
7279,5566.293181918196
7280,5566.293191284826
7281,5566.293182385954
7282,5566.29318438203
7283,5566.293185219719
7284,5566.293187419034
7285,5566.293190312956
7286,5566.293190917447
7287,5566.293186637548
7288,5566.293183005494
7289,5566.293190398053
7290,5566.293186634626
7291,5566.293182787448
7292,5566.293180776788
7293,5566.293183601221
7294,5566.293188697715
7295,5566.293185289067
7296,5566.293184907117
7297,5566.29318523975
7298,5566.293189047878
7299,5566.293188010483
7300,5566.293189205089
7301,5558.113004468429
7302,5558.113004468436
7303,5558.113004468436
7304,5558.1130044684305
7305,5558.113004468431
7306,5558.113004468432
7307,5558.113004468431
7308,5558.11300446843
7309,5558.113004468431
7310,5558.113008155475
7311,5558.113002260198
7312,5558.113001846408
7313,5558.113003158078
7314,5558.113002569682
7315,5558.113000559785
7316,5558.113005545086
7317,5558.1129974507285
7318,5558.1130050635475
7319,5558.112999289439
7320,5558.113005677855
7321,5558.113004361136
7322,5558.113008586671
7323,5558.113001834279
7324,5558.113014457519
7325,5558.11299989901
7326,5558.113004793452
7327,5558.112999340623
7328,5558.112992266499
7329,5558.1130136567335
7330,5558.11300206329
7331,5558.113002512376
7332,5558.113004646762
7333,5558.113005530911
7334,5558.113004730463
7335,5558.113007079065
7336,5558.113006245261
7337,5558.1130051534665
7338,5558.1130057759865
7339,5558.11300779795
7340,5558.113008965457
7341,5558.112999682384
7342,5558.113000027127
7343,5558.113006755214
7344,5558.113004002733
7345,5558.113003689476
7346,5558.113002493371
7347,5558.11300529037
7348,5558.113005831013
7349,5558.113001884187
7350,5551.3576148154725
7351,5551.357614815473
7352,5551.357614815473
7353,5551.357614815473
7354,5551.357614815472
7355,5551.3576148154725
7356,5551.357614815474
7357,5551.357614815473
7358,5551.357614815473
7359,5551.357622660231
7360,5551.357617990336
7361,5551.357613628973
7362,5551.357613807611
7363,5551.357611416406
7364,5551.357609669778
7365,5551.357623262742
7366,5551.357616917628
7367,5551.357611183121
7368,5551.3576155205155
7369,5551.3576109528985
7370,5551.357614204206
7371,5551.35763381341
7372,5551.357616932475
7373,5551.357624982304
7374,5551.357608993754
7375,5551.357614829944
7376,5551.357616940545
7377,5551.357616389159
7378,5551.357613789494
7379,5551.357612574304
7380,5551.357615432029
7381,5551.357617029318
7382,5551.357614305228
7383,5551.357613328887
7384,5551.357608376791
7385,5551.357621284109
7386,5551.357614790751
7387,5551.357614324426
7388,5551.357613753606
7389,5551.357610684318
7390,5551.357612183252
7391,5551.3576118278
7392,5551.357615440131
7393,5551.357616848394
7394,5551.357613801693
7395,5551.357613658438
7396,5551.357610686408
7397,5551.3576165873
7398,5551.357620353681
7399,5543.856845642521
7400,5543.856845642526
7401,5543.856845642523
7402,5543.856845642525
7403,5543.856845642523
7404,5543.8568456425255
7405,5543.856845642522
7406,5543.856845642524
7407,5543.856845642523
7408,5543.856848511845
7409,5543.856841027474
7410,5543.856843012035
7411,5543.8568442947235
7412,5543.85684703337
7413,5543.856844539989
7414,5543.856845234604
7415,5543.856845182909
7416,5543.856843244837
7417,5543.85684846919
7418,5543.856843762562
7419,5543.856844720955
7420,5543.8568442962105
7421,5543.856845619943
7422,5543.856855141336
7423,5543.856844365239
7424,5543.856844446544
7425,5543.8568454231945
7426,5543.85684377313
7427,5543.856845958407
7428,5543.856839336258
7429,5543.856846175767
7430,5543.856847523108
7431,5543.856845357842
7432,5543.856841686749
7433,5543.856838005562
7434,5543.856850423058
7435,5543.856846815595
7436,5543.856849985462
7437,5543.856849001151
7438,5543.856846510799
7439,5543.85684535716
7440,5543.856844599081
7441,5543.856844915776
7442,5543.8568465629705
7443,5543.85684509286
7444,5543.85684387394
7445,5543.856843260722
7446,5543.856847297319
7447,5543.856844559658
7448,5539.100352267667
7449,5539.100352267667
7450,5539.100352267667
7451,5539.100352267667
7452,5539.100352267666
7453,5539.100352267665
7454,5539.1003522676665
7455,5539.100352267667
7456,5539.100352267665
7457,5539.100354886044
7458,5539.100345330822
7459,5539.100351203943
7460,5539.10035091867
7461,5539.100354708844
7462,5539.100354315928
7463,5539.100349892556
7464,5539.100352337161
7465,5539.100351679583
7466,5539.100351517027
7467,5539.100351260833
7468,5539.100351755545
7469,5539.10034322619
7470,5539.100351676582
7471,5539.100362659917
7472,5539.10035169555
7473,5539.100351544549
7474,5539.1003506226125
7475,5539.100347222934
7476,5539.100354977672
7477,5539.10034885345
7478,5539.10035156021
7479,5539.100354253239
7480,5539.100352089525
7481,5539.10035003391
7482,5539.1003521678
7483,5539.10035687577
7484,5539.10035318778
7485,5539.10035686226
7486,5539.100357476134
7487,5539.100355037626
7488,5539.100353637069
7489,5539.100350188632
7490,5539.1003513726955
7491,5539.100352460216
7492,5539.100351407692
7493,5539.100350971623
7494,5539.10035040782
7495,5539.100353319134
7496,5539.100347998494
7497,5533.040865932365
7498,5533.040865932364
7499,5533.040865932365
7500,5533.040865932367
7501,5533.040865932364
7502,5533.040865932364
7503,5533.040865932362
7504,5533.040865932362
7505,5533.040865932364
7506,5533.040867420055
7507,5533.040861958957
7508,5533.040865168941
7509,5533.040864741056
7510,5533.040869418306
7511,5533.040867883042
7512,5533.040865602865
7513,5533.04086946314
7514,5533.040863351787
7515,5533.0408726065225
7516,5533.040866829822
7517,5533.040865106344
7518,5533.0408601529225
7519,5533.040866684258
7520,5533.040874205122
7521,5533.040870946244
7522,5533.040864622828
7523,5533.04087056517
7524,5533.040869573621
7525,5533.040865548711
7526,5533.040858367841
7527,5533.040867417032
7528,5533.040867551948
7529,5533.040865874293
7530,5533.040863324594
7531,5533.040864045068
7532,5533.040868660648
7533,5533.040865946526
7534,5533.040873057827
7535,5533.040867207718
7536,5533.04086261305
7537,5533.040868073827
7538,5533.040867886468
7539,5533.040862691353
7540,5533.04086496957
7541,5533.040865480258
7542,5533.040866003494
7543,5533.040866632342
7544,5533.040865953904
7545,5533.040860714418
7546,5527.391733892762
7547,5527.391733892766
7548,5527.391733892766
7549,5527.39173389277
7550,5527.391733892766
7551,5527.391733892766
7552,5527.391733892765
7553,5527.391733892766
7554,5527.391733892768
7555,5527.391735665162
7556,5527.39173019324
7557,5527.391735823328
7558,5527.391732770933
7559,5527.391734928378
7560,5527.3917396211045
7561,5527.391732107874
7562,5527.391739580775
7563,5527.3917319488155
7564,5527.391736112519
7565,5527.391734481838
7566,5527.391733393211
7567,5527.391729940575
7568,5527.391733650902
7569,5527.391742567577
7570,5527.391736205365
7571,5527.391731743935
7572,5527.391736805626
7573,5527.391731520988
7574,5527.391734106763
7575,5527.391729829477
7576,5527.391734393782
7577,5527.391735301314
7578,5527.391733960234
7579,5527.3917354074565
7580,5527.391737515203
7581,5527.391736758699
7582,5527.391735154611
7583,5527.391740865181
7584,5527.391734364358
7585,5527.391734115655
7586,5527.39173677583
7587,5527.391734504565
7588,5527.3917306854455
7589,5527.391733185181
7590,5527.39173323218
7591,5527.3917341387605
7592,5527.39173439985
7593,5527.391733269755
7594,5527.391734832314
7595,5518.210844121847
7596,5518.210844121848
7597,5518.210844121849
7598,5518.210844121848
7599,5518.210844121848
7600,5518.210844121848
7601,5518.210844121847
7602,5518.210844121847
7603,5518.210844121846
7604,5518.210845306904
7605,5518.2108428624615
7606,5518.210846792488
7607,5518.210843102526
7608,5518.210841581202
7609,5518.210850084022
7610,5518.210843153564
7611,5518.2108487628175
7612,5518.210841010318
7613,5518.210842213195
7614,5518.210844658227
7615,5518.210843523426
7616,5518.210848590885
7617,5518.210843678441
7618,5518.210852536425
7619,5518.210842432671
7620,5518.210842412441
7621,5518.210846946934
7622,5518.210839426647
7623,5518.210845122136
7624,5518.210845131309
7625,5518.210845712063
7626,5518.210845103184
7627,5518.210844729515
7628,5518.210846223826
7629,5518.210848830746
7630,5518.210846509981
7631,5518.210846505558
7632,5518.210848208734
7633,5518.210841402361
7634,5518.210845286487
7635,5518.210846815167
7636,5518.2108424101625
7637,5518.210840985206
7638,5518.210843697685
7639,5518.210843508708
7640,5518.210844601063
7641,5518.210844727625
7642,5518.210841076123
7643,5518.210847955153
7644,5508.063407780545
7645,5508.063407780541
7646,5508.063407780542
7647,5508.063407780539
7648,5508.063407780541
7649,5508.0634077805435
7650,5508.063407780546
7651,5508.063407780544
7652,5508.063407780544
7653,5508.06340656457
7654,5508.06340966176
7655,5508.063412257312
7656,5508.063406835054
7657,5508.063406435907
7658,5508.06341210575
7659,5508.0634075885355
7660,5508.063409760841
7661,5508.063404739791
7662,5508.063403085648
7663,5508.063407636917
7664,5508.063406616536
7665,5508.063410613968
7666,5508.063407858886
7667,5508.0634161910775
7668,5508.063403352044
7669,5508.063407152468
7670,5508.063409870465
7671,5508.06340173528
7672,5508.063410792986
7673,5508.063410560178
7674,5508.063409364151
7675,5508.0634085746915
7676,5508.063408449922
7677,5508.063411613626
7678,5508.063413693373
7679,5508.06341004113
7680,5508.0634110840065
7681,5508.063410865107
7682,5508.06340414184
7683,5508.0634090480635
7684,5508.063408550713
7685,5508.063405260292
7686,5508.0634051172065
7687,5508.06340799972
7688,5508.063407563895
7689,5508.06340872867
7690,5508.063407266864
7691,5508.063402106927
7692,5508.063411927927
7693,5502.625591872709
7694,5502.6255918727165
7695,5502.625591872715
7696,5502.625591872716
7697,5502.625591872715
7698,5502.625591872711
7699,5502.625591872713
7700,5502.625591872712
7701,5502.625591872713
7702,5502.625594214043
7703,5502.625587560017
7704,5502.625587183567
7705,5502.625590742988
7706,5502.625564038766
7707,5502.625593232851
7708,5502.625596443448
7709,5502.6255801065345
7710,5502.625583027853
7711,5502.625578846957
7712,5502.625596554418
7713,5502.625591178238
7714,5502.625635320534
7715,5502.625592719894
7716,5502.625597297774
7717,5502.6255847722105
7718,5502.625592934644
7719,5502.625596707419
7720,5502.625589968429
7721,5502.625597035862
7722,5502.625606282121
7723,5502.625600282392
7724,5502.625589047807
7725,5502.62559631867
7726,5502.625582301228
7727,5502.625583126954
7728,5502.625587969051
7729,5502.625587979081
7730,5502.62558386833
7731,5502.625577203371
7732,5502.625589421705
7733,5502.625592413053
7734,5502.625582573488
7735,5502.625592253288
7736,5502.625590595182
7737,5502.6255913543
7738,5502.625590077002
7739,5502.625598386454
7740,5502.625582139659
7741,5502.625588297269
7742,5483.3980290215695
7743,5483.398029021573
7744,5483.398029021574
7745,5483.398029021574
7746,5483.398029021573
7747,5483.3980290215695
7748,5483.39802902157
7749,5483.398029021572
7750,5483.39802902157
7751,5483.398026928731
7752,5483.398027605448
7753,5483.398028125922
7754,5483.398027897698
7755,5483.39801993189
7756,5483.398029723526
7757,5483.398032960762
7758,5483.398024019893
7759,5483.398021762829
7760,5483.398024687716
7761,5483.398031709816
7762,5483.3980276919365
7763,5483.398036674271
7764,5483.398030879154
7765,5483.398034077805
7766,5483.398025943663
7767,5483.398029129952
7768,5483.3980346836315
7769,5483.398032084686
7770,5483.398029819429
7771,5483.3980329301885
7772,5483.398035160331
7773,5483.398027012707
7774,5483.398031602458
7775,5483.398025632615
7776,5483.398021698055
7777,5483.39802663334
7778,5483.398027175263
7779,5483.39803098331
7780,5483.398020778829
7781,5483.398023286374
7782,5483.39802861153
7783,5483.398025836676
7784,5483.398028017179
7785,5483.39802865802
7786,5483.398029155853
7787,5483.398028449589
7788,5483.398033140659
7789,5483.398021304909
7790,5483.398029899084
7791,5466.947818325947
7792,5466.947818325949
7793,5466.947818325947
7794,5466.947818325949
7795,5466.947818325948
7796,5466.947818325946
7797,5466.947818325947
7798,5466.947818325945
7799,5466.947818325947
7800,5466.9478148134585
7801,5466.94781688623
7802,5466.947820152658
7803,5466.947817277151
7804,5466.947820394535
7805,5466.94781908999
7806,5466.947821516303
7807,5466.947816495243
7808,5466.947814373483
7809,5466.947817836561
7810,5466.947820776941
7811,5466.947816884408
7812,5466.947801990653
7813,5466.947820161273
7814,5466.947823292836
7815,5466.947817848661
7816,5466.947818283246
7817,5466.947823358641
7818,5466.947823446135
7819,5466.947817817762
7820,5466.947814490212
7821,5466.947821330587
7822,5466.947816375843
7823,5466.94781988346
7824,5466.947819841757
7825,5466.947815229512
7826,5466.94781594222
7827,5466.9478168400055
7828,5466.94782608829
7829,5466.947815082354
7830,5466.947811058472
7831,5466.947818150076
7832,5466.947819806364
7833,5466.947816780212
7834,5466.947818001671
7835,5466.947818794
7836,5466.947817892902
7837,5466.9478219800885
7838,5466.947812080469
7839,5466.947820115334
7840,5444.885113634121
7841,5444.885113634119
7842,5444.885113634116
7843,5444.88511363412
7844,5444.885113634118
7845,5444.88511363412
7846,5444.885113634122
7847,5444.885113634122
7848,5444.885113634121
7849,5444.885111125602
7850,5444.885110690274
7851,5444.885116534364
7852,5444.88511287893
7853,5444.885124026317
7854,5444.885112086726
7855,5444.885113237303
7856,5444.885110824696
7857,5444.88511553491
7858,5444.885115857323
7859,5444.885117311672
7860,5444.8851121439475
7861,5444.885087175521
7862,5444.88511285666
7863,5444.8851187150885
7864,5444.885115336033
7865,5444.885113798474
7866,5444.885114988951
7867,5444.885116475955
7868,5444.885113904276
7869,5444.88510028423
7870,5444.885111921183
7871,5444.885111496527
7872,5444.885114370147
7873,5444.885118385846
7874,5444.885116438245
7875,5444.885110027966
7876,5444.885114532984
7877,5444.885123117756
7878,5444.885115054258
7879,5444.885108819958
7880,5444.885115177779
7881,5444.88512023079
7882,5444.885111999548
7883,5444.8851124066805
7884,5444.885114550286
7885,5444.885113041069
7886,5444.885117685462
7887,5444.885109866638
7888,5444.885111672218
7889,5434.801269409254
7890,5434.801269409256
7891,5434.801269409255
7892,5434.801269409254
7893,5434.801269409256
7894,5434.801269409255
7895,5434.801269409257
7896,5434.801269409252
7897,5434.801269409253
7898,5434.801267473009
7899,5434.801261111324
7900,5434.801275014546
7901,5434.801269401796
7902,5434.801285455319
7903,5434.801268734767
7904,5434.801272800987
7905,5434.801273333716
7906,5434.801272242145
7907,5434.801264021589
7908,5434.8012693416895
7909,5434.801268995616
7910,5434.801232860089
7911,5434.801270326011
7912,5434.801275670579
7913,5434.801269465113
7914,5434.801269251864
7915,5434.801269469114
7916,5434.801278942615
7917,5434.801261936323
7918,5434.801266064624
7919,5434.80126684367
7920,5434.801267185963
7921,5434.8012699156525
7922,5434.801272975791
7923,5434.801268493288
7924,5434.80126828399
7925,5434.801270847229
7926,5434.8012794839415
7927,5434.801272809298
7928,5434.801262177526
7929,5434.801275190243
7930,5434.801272330988
7931,5434.801271712707
7932,5434.801270502201
7933,5434.8012690580435
7934,5434.801268892503
7935,5434.801269359681
7936,5434.80126851527
7937,5434.801275463727
7938,5481.005753389744
7939,5481.005753389747
7940,5481.005753389743
7941,5481.005753389745
7942,5481.005753389747
7943,5481.005753389747
7944,5481.005753389747
7945,5481.005753389745
7946,5481.005753389747
7947,5481.005760245669
7948,5481.005739964805
7949,5481.005753335179
7950,5481.005755068868
7951,5481.0057524281865
7952,5481.005741381401
7953,5481.00572865421
7954,5481.005735682211
7955,5481.005759231876
7956,5481.005719538591
7957,5481.005748425103
7958,5481.00575329465
7959,5481.00581426765
7960,5481.005737220678
7961,5481.005769499971
7962,5481.005736459109
7963,5481.005752785525
7964,5481.005716465632
7965,5481.005706437009
7966,5481.005764296692
7967,5481.0057737659445
7968,5481.005747037349
7969,5481.00575524459
7970,5481.00575296717
7971,5481.0057497711905
7972,5481.005761617285
7973,5481.005758899042
7974,5481.005785152186
7975,5481.005731563362
7976,5481.005757551786
7977,5481.005798395603
7978,5481.005763934585
7979,5481.005732818864
7980,5481.0057612458995
7981,5481.005756002366
7982,5481.005752573299
7983,5481.005754640328
7984,5481.0057398509325
7985,5481.005758149235
7986,5481.00574785715
7987,5426.058203182418
7988,5426.058203182419
7989,5426.058203182419
7990,5426.05820318242
7991,5426.058203182418
7992,5426.058203182417
7993,5426.05820318242
7994,5426.058203182418
7995,5426.058203182419
7996,5426.058203500899
7997,5426.058195704585
7998,5426.058207163107
7999,5426.058203625713
8000,5426.058214566509
8001,5426.058198244045
8002,5426.0582005347105
8003,5426.058202421167
8004,5426.058205810334
8005,5426.058192202356
8006,5426.058201594046
8007,5426.058202584442
8008,5426.058194801813
8009,5426.058200116691
8010,5426.058211732496
8011,5426.058198763003
8012,5426.058202885409
8013,5426.058195842392
8014,5426.058200339802
8015,5426.0581987975675
8016,5426.05820435309
8017,5426.05820043714
8018,5426.058202266651
8019,5426.058203397933
8020,5426.058204650117
8021,5426.058202817172
8022,5426.0582039904975
8023,5426.058211912538
8024,5426.058204996487
8025,5426.058205602899
8026,5426.058207530591
8027,5426.05821002558
8028,5426.058200826539
8029,5426.0582066754205
8030,5426.05820473303
8031,5426.058202825189
8032,5426.058203381759
8033,5426.0581992599145
8034,5426.058203628855
8035,5426.0582063295815
8036,5418.541229732895
8037,5418.541229732892
8038,5418.541229732893
8039,5418.541229732894
8040,5418.541229732894
8041,5418.541229732895
8042,5418.541229732895
8043,5418.541229732895
8044,5418.541229732897
8045,5418.541232706448
8046,5418.541225373014
8047,5418.541233954668
8048,5418.5412302096765
8049,5418.541233044891
8050,5418.541225714364
8051,5418.541230064857
8052,5418.541230405125
8053,5418.541230953826
8054,5418.541221005558
8055,5418.541228838729
8056,5418.541229114483
8057,5418.541235700882
8058,5418.541227830168
8059,5418.541237672592
8060,5418.541227192409
8061,5418.541229329522
8062,5418.541226249059
8063,5418.541229358283
8064,5418.54122514587
8065,5418.541230542882
8066,5418.541228311894
8067,5418.541228792855
8068,5418.541230131146
8069,5418.541231148133
8070,5418.54123011325
8071,5418.541230073291
8072,5418.541235270366
8073,5418.541230498877
8074,5418.5412277078285
8075,5418.541231003032
8076,5418.541235929817
8077,5418.541228219224
8078,5418.5412321404765
8079,5418.541230796226
8080,5418.541229332758
8081,5418.541230262614
8082,5418.541226935585
8083,5418.541229465149
8084,5418.5412329121755
8085,5408.853055499257
8086,5408.853055499261
8087,5408.853055499261
8088,5408.853055499256
8089,5408.853055499257
8090,5408.853055499258
8091,5408.853055499257
8092,5408.853055499258
8093,5408.853055499259
8094,5408.853059015395
8095,5408.853048292325
8096,5408.853059954079
8097,5408.853055880666
8098,5408.8530482927745
8099,5408.853054654989
8100,5408.853054028473
8101,5408.853053151482
8102,5408.853056734315
8103,5408.8530443263735
8104,5408.85305594013
8105,5408.853054995134
8106,5408.8530693098255
8107,5408.853053401661
8108,5408.8530637945005
8109,5408.853056754684
8110,5408.853055416635
8111,5408.853052984424
8112,5408.853052776897
8113,5408.853055276716
8114,5408.853060150629
8115,5408.853054485122
8116,5408.853054349989
8117,5408.85305651979
8118,5408.853054898719
8119,5408.853058733943
8120,5408.853054905511
8121,5408.853056615049
8122,5408.8530550757605
8123,5408.853050551739
8124,5408.853058758231
8125,5408.853061420333
8126,5408.853052207337
8127,5408.853058187939
8128,5408.8530556871
8129,5408.853054830468
8130,5408.853056406487
8131,5408.853053675489
8132,5408.853053871326
8133,5408.853051209921
8134,5402.711072439079
8135,5402.7110724390795
8136,5402.7110724390795
8137,5402.71107243908
8138,5402.711072439077
8139,5402.711072439081
8140,5402.711072439078
8141,5402.7110724390795
8142,5402.711072439077
8143,5402.711082212654
8144,5402.711080623443
8145,5402.711075366162
8146,5402.711073489825
8147,5402.711065917202
8148,5402.711063893803
8149,5402.7110901071
8150,5402.711081609379
8151,5402.711066957465
8152,5402.711081695068
8153,5402.711072984352
8154,5402.711071750251
8155,5402.711104765098
8156,5402.7110781735055
8157,5402.711077098102
8158,5402.711080288731
8159,5402.711073893856
8160,5402.71108643738
8161,5402.711099068511
8162,5402.711058665984
8163,5402.711066677621
8164,5402.711078287172
8165,5402.711072239846
8166,5402.71107264819
8167,5402.711068176821
8168,5402.71106514965
8169,5402.71107226794
8170,5402.7110666001645
8171,5402.711073335
8172,5402.711057145683
8173,5402.71105162544
8174,5402.711077751188
8175,5402.7110782821255
8176,5402.711070431978
8177,5402.711071862142
8178,5402.711071594609
8179,5402.711075413985
8180,5402.711072407337
8181,5402.711072715971
8182,5402.711070670391
8183,5391.122349205065
8184,5391.122349205067
8185,5391.122349205063
8186,5391.122349205064
8187,5391.122349205066
8188,5391.1223492050685
8189,5391.122349205067
8190,5391.122349205067
8191,5391.122349205066
8192,5391.122355241514
8193,5391.122351617453
8194,5391.122354011349
8195,5391.12235020688
8196,5391.122342545983
8197,5391.122343923361
8198,5391.122357623725
8199,5391.122352666018
8200,5391.122348503866
8201,5391.1223486229665
8202,5391.122350159521
8203,5391.122348519408
8204,5391.122369878242
8205,5391.1223505974085
8206,5391.122356077658
8207,5391.122355135129
8208,5391.122351196877
8209,5391.12235574266
8210,5391.122362375949
8211,5391.122343659313
8212,5391.12234957637
8213,5391.122350995633
8214,5391.122348856053
8215,5391.122349711508
8216,5391.122346655056
8217,5391.122350435127
8218,5391.122348633115
8219,5391.122345317719
8220,5391.122349065584
8221,5391.122338239297
8222,5391.122340097807
8223,5391.122354779003
8224,5391.122350729181
8225,5391.122349199425
8226,5391.122348457028
8227,5391.1223484462525
8228,5391.1223522823475
8229,5391.122347969875
8230,5391.122347998922
8231,5391.122341225791
8232,5376.683036728639
8233,5376.683036728641
8234,5376.68303672864
8235,5376.683036728638
8236,5376.68303672864
8237,5376.683036728642
8238,5376.68303672864
8239,5376.683036728641
8240,5376.683036728638
8241,5376.683034806307
8242,5376.683032558211
8243,5376.68304296896
8244,5376.683037530562
8245,5376.683037767853
8246,5376.683034535251
8247,5376.6830328266315
8248,5376.683034801636
8249,5376.683039692978
8250,5376.683028358712
8251,5376.683037583798
8252,5376.683035783559
8253,5376.6830304924515
8254,5376.683033024764
8255,5376.683045578918
8256,5376.68304066703
8257,5376.683039134912
8258,5376.683034659343
8259,5376.683034238714
8260,5376.6830390657215
8261,5376.683042644377
8262,5376.683035181034
8263,5376.683036427062
8264,5376.683037313811
8265,5376.6830361351
8266,5376.68304363167
8267,5376.6830360732565
8268,5376.683036981325
8269,5376.683039004956
8270,5376.683034007557
8271,5376.68304110748
8272,5376.683041737096
8273,5376.683033660754
8274,5376.68303826309
8275,5376.683036115721
8276,5376.683036307115
8277,5376.683040201928
8278,5376.683033723977
8279,5376.683034188882
8280,5376.683024267104
8281,5367.431387564024
8282,5367.431387564023
8283,5367.431387564023
8284,5367.43138756402
8285,5367.431387564022
8286,5367.431387564021
8287,5367.431387564023
8288,5367.43138756402
8289,5367.431387564022
8290,5367.431382955847
8291,5367.431384478623
8292,5367.431395274361
8293,5367.431388327581
8294,5367.431395680289
8295,5367.431386467042
8296,5367.431381603471
8297,5367.431387402425
8298,5367.431392265232
8299,5367.431380547656
8300,5367.43138853197
8301,5367.431386691093
8302,5367.431366023219
8303,5367.431382911251
8304,5367.431396246184
8305,5367.431390777008
8306,5367.431389973851
8307,5367.43138446535
8308,5367.4313826172
8309,5367.431390434109
8310,5367.431391874711
8311,5367.431384507032
8312,5367.431387210699
8313,5367.4313878418325
8314,5367.431389875704
8315,5367.43139632278
8316,5367.431386735561
8317,5367.431388873389
8318,5367.4313933497015
8319,5367.431388405439
8320,5367.4313926225705
8321,5367.431391119108
8322,5367.431385949025
8323,5367.4313886260425
8324,5367.4313868909685
8325,5367.43138732229
8326,5367.431391387253
8327,5367.431384705247
8328,5367.431385411341
8329,5367.431378841408
8330,5355.479895890804
8331,5355.479895890804
8332,5355.479895890803
8333,5355.479895890802
8334,5355.479895890805
8335,5355.4798958908
8336,5355.479895890802
8337,5355.479895890801
8338,5355.479895890803
8339,5355.4798888704345
8340,5355.47989420771
8341,5355.479902539311
8342,5355.479896383235
8343,5355.479906829465
8344,5355.479893748761
8345,5355.479891309426
8346,5355.479896894236
8347,5355.479898166461
8348,5355.479894344458
8349,5355.479897109422
8350,5355.479894998065
8351,5355.47987081284
8352,5355.479892561796
8353,5355.479902941501
8354,5355.479897970032
8355,5355.479896659813
8356,5355.4798945834755
8357,5355.479891059523
8358,5355.47989612924
8359,5355.47989661323
8360,5355.479894899502
8361,5355.479895249054
8362,5355.4798963482845
8363,5355.479899322503
8364,5355.479896962273
8365,5355.47989460126
8366,5355.479898182858
8367,5355.479904957916
8368,5355.479896735963
8369,5355.479898216559
8370,5355.479895805757
8371,5355.479896731167
8372,5355.479895913545
8373,5355.479895258853
8374,5355.4798958277515
8375,5355.479899223396
8376,5355.4798942487705
8377,5355.479894758084
8378,5355.479896053088
8379,5372.196002307012
8380,5372.196002307011
8381,5372.196002307008
8382,5372.19600230701
8383,5372.196002307011
8384,5372.196002307011
8385,5372.1960023070105
8386,5372.196002307012
8387,5372.196002307014
8388,5372.196006729135
8389,5372.196011090734
8390,5372.196017149648
8391,5372.196004571604
8392,5372.195998151256
8393,5372.196002330152
8394,5372.1960029722395
8395,5372.196001685136
8396,5372.196026162723
8397,5372.195989230417
8398,5372.196006761319
8399,5372.196002893608
8400,5372.196006198454
8401,5372.195996719801
8402,5372.1960124428515
8403,5372.195996506319
8404,5372.196004767589
8405,5372.195994663229
8406,5372.195991094097
8407,5372.196015236161
8408,5372.196009303642
8409,5372.195987014269
8410,5372.196001735849
8411,5372.196002805768
8412,5372.196013325987
8413,5372.196026807908
8414,5372.195999279522
8415,5372.19600227274
8416,5372.195998937562
8417,5372.195999753789
8418,5372.196010274228
8419,5372.195997334442
8420,5372.196006571693
8421,5372.196003001594
8422,5372.195999175528
8423,5372.196001861696
8424,5372.196005897247
8425,5372.1960022794065
8426,5372.1960004864195
8427,5372.196001983619
8428,5351.479931760077
8429,5351.479931760078
8430,5351.479931760077
8431,5351.479931760078
8432,5351.479931760076
8433,5351.479931760079
8434,5351.4799317600755
8435,5351.479931760077
8436,5351.479931760076
8437,5351.4799279815015
8438,5351.479932759433
8439,5351.479940067351
8440,5351.479932669013
8441,5351.47993790392
8442,5351.479930054625
8443,5351.479928721653
8444,5351.479931969805
8445,5351.479939049827
8446,5351.479927278884
8447,5351.479933978631
8448,5351.47993124504
8449,5351.479915794963
8450,5351.479927726992
8451,5351.479939517226
8452,5351.479931574169
8453,5351.479932896041
8454,5351.479928786521
8455,5351.4799249101015
8456,5351.479935405069
8457,5351.4799338791245
8458,5351.479927382108
8459,5351.479931080827
8460,5351.479932253039
8461,5351.479937142298
8462,5351.479938941524
8463,5351.479929880717
8464,5351.479933358466
8465,5351.479937262104
8466,5351.47993152033
8467,5351.479935483448
8468,5351.4799303422105
8469,5351.479933375896
8470,5351.479931897024
8471,5351.4799304042335
8472,5351.479931638675
8473,5351.479935049988
8474,5351.479930738886
8475,5351.479930509411
8476,5351.479931983507
8477,5340.176654553491
8478,5340.176654553491
8479,5340.176654553492
8480,5340.176654553492
8481,5340.176654553493
8482,5340.17665455349
8483,5340.176654553491
8484,5340.176654553492
8485,5340.176654553491
8486,5340.176651906474
8487,5340.176654596858
8488,5340.176657145738
8489,5340.1766549623235
8490,5340.176653022703
8491,5340.17664959546
8492,5340.176657368233
8493,5340.176652344733
8494,5340.176654077174
8495,5340.176658894376
8496,5340.176657893342
8497,5340.1766537241965
8498,5340.176653594337
8499,5340.176654594432
8500,5340.176659666738
8501,5340.176655309006
8502,5340.176653530326
8503,5340.176656350366
8504,5340.176653536799
8505,5340.176654154114
8506,5340.176651477394
8507,5340.176656724558
8508,5340.176653646496
8509,5340.176655750616
8510,5340.176655868647
8511,5340.176647585381
8512,5340.176651763592
8513,5340.176653872613
8514,5340.176660145909
8515,5340.1766504185925
8516,5340.176652340762
8517,5340.1766498404395
8518,5340.176658508739
8519,5340.176652587985
8520,5340.176652657618
8521,5340.176654604333
8522,5340.176656381563
8523,5340.176656172247
8524,5340.176654487919
8525,5340.176658162696
8526,5334.586693924992
8527,5334.586693924986
8528,5334.586693924986
8529,5334.586693924989
8530,5334.586693924988
8531,5334.586693924992
8532,5334.58669392499
8533,5334.586693924988
8534,5334.586693924989
8535,5334.586695726098
8536,5334.586697015196
8537,5334.586696413641
8538,5334.586694577993
8539,5334.5866888209775
8540,5334.586690219884
8541,5334.58670014034
8542,5334.58669686494
8543,5334.586692094422
8544,5334.586699357535
8545,5334.586697072751
8546,5334.58669375091
8547,5334.586700389352
8548,5334.5866944318805
8549,5334.586698819725
8550,5334.586694049086
8551,5334.586692346435
8552,5334.586697393348
8553,5334.58669691745
8554,5334.586690261782
8555,5334.586691191089
8556,5334.58669686041
8557,5334.586693219307
8558,5334.586694717051
8559,5334.586695363395
8560,5334.586689293695
8561,5334.586691693462
8562,5334.586691063452
8563,5334.586698547858
8564,5334.586687955869
8565,5334.5866885255455
8566,5334.586690349646
8567,5334.5866979465445
8568,5334.586690945873
8569,5334.586691955619
8570,5334.586693626845
8571,5334.58669576406
8572,5334.586695680044
8573,5334.586695527833
8574,5334.586700842214
8575,5329.347151798807
8576,5329.3471517988055
8577,5329.347151798805
8578,5329.3471517988055
8579,5329.3471517988055
8580,5329.3471517988055
8581,5329.347151798808
8582,5329.347151798806
8583,5329.3471517988055
8584,5329.347154941492
8585,5329.34715266226
8586,5329.347150012753
8587,5329.347152611786
8588,5329.347145508508
8589,5329.347145993677
8590,5329.34715673412
8591,5329.347147778176
8592,5329.347148600482
8593,5329.34715495255
8594,5329.347155375437
8595,5329.347151354045
8596,5329.34716260388
8597,5329.347151742527
8598,5329.347157724243
8599,5329.347151311013
8600,5329.347152387809
8601,5329.347151218536
8602,5329.347153356488
8603,5329.347152953487
8604,5329.347153175313
8605,5329.347156132116
8606,5329.347152104154
8607,5329.347152568315
8608,5329.347147808697
8609,5329.347146891034
8610,5329.347150081902
8611,5329.3471495380245
8612,5329.347151410579
8613,5329.347149136937
8614,5329.347151268854
8615,5329.347149254731
8616,5329.347151779468
8617,5329.347148412967
8618,5329.347149060311
8619,5329.347151621293
8620,5329.347153268462
8621,5329.347152884259
8622,5329.34715330855
8623,5329.347147700106
8624,5326.486977355648
8625,5326.4869773556475
8626,5326.486977355646
8627,5326.486977355647
8628,5326.4869773556475
8629,5326.4869773556475
8630,5326.4869773556475
8631,5326.486977355649
8632,5326.4869773556475
8633,5326.486983885249
8634,5326.486976867144
8635,5326.486979121202
8636,5326.486978006794
8637,5326.486973904082
8638,5326.486978968487
8639,5326.486983848784
8640,5326.486981429639
8641,5326.486976454654
8642,5326.486981789611
8643,5326.486979851503
8644,5326.486977777264
8645,5326.486972267166
8646,5326.486978694175
8647,5326.486982924687
8648,5326.48698086343
8649,5326.486977117166
8650,5326.486979247877
8651,5326.486984710184
8652,5326.486974465957
8653,5326.486975919482
8654,5326.486979366065
8655,5326.486977519346
8656,5326.4869772197735
8657,5326.4869761512
8658,5326.4869784536295
8659,5326.4869766330285
8660,5326.486970065562
8661,5326.486982997504
8662,5326.486978118792
8663,5326.486971011992
8664,5326.486977039811
8665,5326.486980552872
8666,5326.486973337725
8667,5326.4869752444465
8668,5326.486976627761
8669,5326.486978764115
8670,5326.486978283203
8671,5326.486981192041
8672,5326.4869786546615
8673,5323.635386454833
8674,5323.635386454832
8675,5323.635386454832
8676,5323.635386454833
8677,5323.635386454835
8678,5323.635386454835
8679,5323.635386454833
8680,5323.635386454833
8681,5323.635386454833
8682,5323.635390758632
8683,5323.635382309318
8684,5323.635388399393
8685,5323.63538709592
8686,5323.635383512369
8687,5323.635389638786
8688,5323.6353866728905
8689,5323.635387907838
8690,5323.635386731317
8691,5323.635386337048
8692,5323.635388040786
8693,5323.635386825
8694,5323.635381980042
8695,5323.635384850815
8696,5323.635393079137
8697,5323.635387601236
8698,5323.635385426511
8699,5323.63538285537
8700,5323.635384304055
8701,5323.635387219072
8702,5323.635388622706
8703,5323.635387153814
8704,5323.635386856455
8705,5323.635386372003
8706,5323.6353858512775
8707,5323.635389375304
8708,5323.635386480941
8709,5323.63538391172
8710,5323.635390679254
8711,5323.635389567135
8712,5323.63538808928
8713,5323.635386746944
8714,5323.635386441805
8715,5323.635383262055
8716,5323.63538492273
8717,5323.635385728809
8718,5323.635387529228
8719,5323.635385950018
8720,5323.635390090718
8721,5323.635389155368
8722,5320.623125272429
8723,5320.62312527243
8724,5320.62312527243
8725,5320.62312527243
8726,5320.62312527243
8727,5320.623125272427
8728,5320.623125272428
8729,5320.62312527243
8730,5320.623125272429
8731,5320.623127279135
8732,5320.623119633336
8733,5320.623127561274
8734,5320.623125938645
8735,5320.623124975789
8736,5320.623128743511
8737,5320.623121822773
8738,5320.623124128799
8739,5320.6231270797925
8740,5320.623122039446
8741,5320.623125807773
8742,5320.623125296701
8743,5320.623120342903
8744,5320.623122202377
8745,5320.623132697716
8746,5320.623124736436
8747,5320.62312442245
8748,5320.623118166802
8749,5320.623117512265
8750,5320.623128885574
8751,5320.62312948687
8752,5320.623124678671
8753,5320.623126055464
8754,5320.6231251541485
8755,5320.623125110459
8756,5320.623129417613
8757,5320.62312611222
8758,5320.623126783925
8759,5320.623128184562
8760,5320.623130218108
8761,5320.62313168417
8762,5320.623126049869
8763,5320.623123488855
8764,5320.623122704867
8765,5320.623124363486
8766,5320.623124689355
8767,5320.623126177719
8768,5320.6231233305025
8769,5320.623128076527
8770,5320.62312816308
8771,5316.841346469221
8772,5316.84134646922
8773,5316.84134646922
8774,5316.841346469222
8775,5316.841346469224
8776,5316.841346469219
8777,5316.841346469223
8778,5316.841346469221
8779,5316.8413464692185
8780,5316.841346972454
8781,5316.841344687297
8782,5316.841348297662
8783,5316.841347299984
8784,5316.841350924946
8785,5316.841347368905
8786,5316.841345005921
8787,5316.841344239868
8788,5316.841348214539
8789,5316.841343181878
8790,5316.841345747289
8791,5316.841345867759
8792,5316.84134189081
8793,5316.841344335259
8794,5316.84135412495
8795,5316.841344762906
8796,5316.841347403721
8797,5316.841340061775
8798,5316.841341252655
8799,5316.841350020721
8800,5316.841351237732
8801,5316.8413460827
8802,5316.84134792555
8803,5316.841346100285
8804,5316.841345662026
8805,5316.841349876466
8806,5316.841348313063
8807,5316.841349973553
8808,5316.8413475899915
8809,5316.841351245682
8810,5316.841351356781
8811,5316.841347400934
8812,5316.841344152301
8813,5316.841343933739
8814,5316.841346193946
8815,5316.8413461839755
8816,5316.841347574502
8817,5316.841343108495
8818,5316.841347893207
8819,5316.841347678688
8820,5311.574921849358
8821,5311.57492184936
8822,5311.574921849358
8823,5311.57492184936
8824,5311.574921849359
8825,5311.574921849358
8826,5311.57492184936
8827,5311.574921849359
8828,5311.574921849359
8829,5311.574919973933
8830,5311.5749182238915
8831,5311.574923720189
8832,5311.574922427728
8833,5311.574924213963
8834,5311.574924275102
8835,5311.574917739214
8836,5311.574916733234
8837,5311.574925487732
8838,5311.57491761785
8839,5311.574920237448
8840,5311.574920624263
8841,5311.574917007823
8842,5311.5749187599195
8843,5311.574929619826
8844,5311.574920348963
8845,5311.57492269258
8846,5311.574914809726
8847,5311.574913433649
8848,5311.574927621757
8849,5311.574925511543
8850,5311.574919746912
8851,5311.574923417291
8852,5311.574921438203
8853,5311.574921316972
8854,5311.574925883664
8855,5311.574924044409
8856,5311.574926181249
8857,5311.57492230189
8858,5311.574926373552
8859,5311.574929223577
8860,5311.574923052663
8861,5311.574919960885
8862,5311.574920239969
8863,5311.574922272609
8864,5311.574921943597
8865,5311.574922737808
8866,5311.574917728145
8867,5311.574921644849
8868,5311.574920859544
8869,5313.233494060449
8870,5313.233494060447
8871,5313.23349406045
8872,5313.233494060448
8873,5313.233494060447
8874,5313.233494060448
8875,5313.233494060447
8876,5313.233494060447
8877,5313.233494060445
8878,5313.2334996922
8879,5313.23350683932
8880,5313.233491927659
8881,5313.2334953964855
8882,5313.233490512898
8883,5313.2334864626155
8884,5313.233510239728
8885,5313.233499536306
8886,5313.233489413029
8887,5313.23349937045
8888,5313.233490319884
8889,5313.233492514345
8890,5313.2335268968145
8891,5313.233497623931
8892,5313.233499291751
8893,5313.233490826982
8894,5313.2334962694085
8895,5313.233500652117
8896,5313.233511187704
8897,5313.233484122723
8898,5313.233494101529
8899,5313.233498494115
8900,5313.233496229237
8901,5313.233493129389
8902,5313.233489685213
8903,5313.233488695119
8904,5313.233497676123
8905,5313.233495370164
8906,5313.2334875764545
8907,5313.23348131087
8908,5313.2334821456125
8909,5313.233497972091
8910,5313.233494948276
8911,5313.233491179243
8912,5313.233495686204
8913,5313.233494166665
8914,5313.23349529838
8915,5313.233489750781
8916,5313.233494101309
8917,5313.233496970224
8918,5308.599820873654
8919,5308.599820873649
8920,5308.599820873649
8921,5308.599820873651
8922,5308.599820873651
8923,5308.599820873652
8924,5308.599820873651
8925,5308.599820873653
8926,5308.599820873653
8927,5308.599822267825
8928,5308.599824467103
8929,5308.599820893458
8930,5308.599821763395
8931,5308.599820602767
8932,5308.599818831652
8933,5308.59982581476
8934,5308.59982041793
8935,5308.599820749954
8936,5308.599821024401
8937,5308.599818342591
8938,5308.599819485933
8939,5308.599832530817
8940,5308.5998207797265
8941,5308.599827463697
8942,5308.599818759827
8943,5308.599822299137
8944,5308.599820096158
8945,5308.599824016815
8946,5308.599819528048
8947,5308.599822797227
8948,5308.599821757483
8949,5308.599822690778
8950,5308.599820235525
8951,5308.599818544586
8952,5308.59982049483
8953,5308.599823665341
8954,5308.599823671495
8955,5308.599818448971
8956,5308.599817878885
8957,5308.59981945253
8958,5308.599823347862
8959,5308.599820276841
8960,5308.599818691797
8961,5308.599821820369
8962,5308.599820987774
8963,5308.599821921054
8964,5308.599816709932
8965,5308.599820772981
8966,5308.599821549039
8967,5305.778508318869
8968,5305.7785083188655
8969,5305.778508318865
8970,5305.778508318864
8971,5305.7785083188655
8972,5305.778508318865
8973,5305.778508318868
8974,5305.778508318865
8975,5305.778508318866
8976,5305.778508687941
8977,5305.778510226757
8978,5305.778508169522
8979,5305.778508872617
8980,5305.778505349837
8981,5305.778508140364
8982,5305.778511817083
8983,5305.7785068854755
8984,5305.778509567316
8985,5305.778509461055
8986,5305.778506563187
8987,5305.778506866143
8988,5305.778514969323
8989,5305.778507545957
8990,5305.778514309305
8991,5305.778507517256
8992,5305.778509300106
8993,5305.778508510032
8994,5305.778510666543
8995,5305.778507706251
8996,5305.77850775231
8997,5305.778508070894
8998,5305.778509571509
8999,5305.778507702836
9000,5305.778506548818
9001,5305.7785086017975
9002,5305.778510143467
9003,5305.778508959526
9004,5305.778507271776
9005,5305.778505201291
9006,5305.778506856937
9007,5305.778510238576
9008,5305.778509569942
9009,5305.778506494651
9010,5305.778509008146
9011,5305.778508664979
9012,5305.778509201994
9013,5305.778505338522
9014,5305.77850770873
9015,5305.778507095337
9016,5303.347572052439
9017,5303.3475720524375
9018,5303.3475720524375
9019,5303.347572052436
9020,5303.347572052435
9021,5303.347572052436
9022,5303.347572052438
9023,5303.347572052435
9024,5303.3475720524375
9025,5303.347569031037
9026,5303.347573705985
9027,5303.347569114836
9028,5303.347572187601
9029,5303.347573198788
9030,5303.347571287212
9031,5303.347575398646
9032,5303.347570591183
9033,5303.347570198521
9034,5303.347575716552
9035,5303.347570780583
9036,5303.347570531623
9037,5303.347566872829
9038,5303.347571242704
9039,5303.34757676515
9040,5303.347571874066
9041,5303.347573501625
9042,5303.347574534016
9043,5303.3475767574955
9044,5303.347569207219
9045,5303.347570496168
9046,5303.347574032233
9047,5303.34757262433
9048,5303.347571475457
9049,5303.347569206451
9050,5303.347567792094
9051,5303.347573008517
9052,5303.347571554063
9053,5303.347573705981
9054,5303.347570129206
9055,5303.3475679975145
9056,5303.347573240886
9057,5303.347573342483
9058,5303.347570387694
9059,5303.347572739348
9060,5303.347572617686
9061,5303.347572489012
9062,5303.347570334432
9063,5303.347571338381
9064,5303.347570328584
9065,5301.4867192677975
9066,5301.486719267796
9067,5301.486719267796
9068,5301.486719267796
9069,5301.4867192677975
9070,5301.486719267794
9071,5301.486719267794
9072,5301.486719267795
9073,5301.486719267794
9074,5301.486717893299
9075,5301.486721389361
9076,5301.486717878708
9077,5301.486719469138
9078,5301.48671774077
9079,5301.486720846565
9080,5301.4867207072875
9081,5301.486720256167
9082,5301.486719742037
9083,5301.4867208477235
9084,5301.486718614352
9085,5301.486718418214
9086,5301.486716081536
9087,5301.486716625353
9088,5301.486724040327
9089,5301.486717955458
9090,5301.486719859564
9091,5301.48672055848
9092,5301.48672077844
9093,5301.486717056681
9094,5301.486718667726
9095,5301.486718984704
9096,5301.486719225346
9097,5301.486718468347
9098,5301.48671900248
9099,5301.486720146565
9100,5301.486719581394
9101,5301.486718711915
9102,5301.4867205447845
9103,5301.48671632547
9104,5301.486717054071
9105,5301.486720007608
9106,5301.486720419408
9107,5301.486718005843
9108,5301.486719720357
9109,5301.48671969112
9110,5301.4867196239165
9111,5301.48671851147
9112,5301.486719130789
9113,5301.486720101962
9114,5299.237738094551
9115,5299.237738094547
9116,5299.237738094549
9117,5299.237738094546
9118,5299.237738094551
9119,5299.237738094548
9120,5299.23773809455
9121,5299.237738094547
9122,5299.23773809455
9123,5299.237737285989
9124,5299.237738809539
9125,5299.237736997721
9126,5299.237738347484
9127,5299.237735808427
9128,5299.237740419537
9129,5299.237738557211
9130,5299.237740013217
9131,5299.237738523571
9132,5299.237738427117
9133,5299.237737961949
9134,5299.237737668889
9135,5299.237737498799
9136,5299.237734984626
9137,5299.237742707179
9138,5299.237736768595
9139,5299.237738155662
9140,5299.237738643213
9141,5299.237737762463
9142,5299.237736311461
9143,5299.2377389966
9144,5299.237737522282
9145,5299.237737568772
9146,5299.237737380029
9147,5299.237738738658
9148,5299.237740232275
9149,5299.237737865882
9150,5299.237738160559
9151,5299.237739452092
9152,5299.237734562375
9153,5299.237737318425
9154,5299.237738622443
9155,5299.237738330699
9156,5299.23773723705
9157,5299.2377383393905
9158,5299.23773830559
9159,5299.2377381040515
9160,5299.23773827327
9161,5299.237738564397
9162,5299.237740716769
9163,5296.354943060687
9164,5296.354943060686
9165,5296.354943060689
9166,5296.354943060687
9167,5296.354943060684
9168,5296.354943060685
9169,5296.354943060687
9170,5296.354943060688
9171,5296.354943060687
9172,5296.35494280344
9173,5296.354941773382
9174,5296.354941732389
9175,5296.354943404254
9176,5296.354942975314
9177,5296.354945158064
9178,5296.354942469956
9179,5296.35494178942
9180,5296.354944237999
9181,5296.354941899912
9182,5296.354944196261
9183,5296.354942715192
9184,5296.354941842684
9185,5296.354940532367
9186,5296.3549477116485
9187,5296.354943866227
9188,5296.354944789178
9189,5296.3549424787525
9190,5296.3549413434575
9191,5296.354945578995
9192,5296.354945533821
9193,5296.354941710686
9194,5296.35494234718
9195,5296.354942391558
9196,5296.354943310895
9197,5296.354948017111
9198,5296.354941945831
9199,5296.354943156619
9200,5296.354944118559
9201,5296.354941568329
9202,5296.354944737979
9203,5296.354943119824
9204,5296.35494218155
9205,5296.354942630422
9206,5296.354942418103
9207,5296.354943226876
9208,5296.354942763883
9209,5296.354944708902
9210,5296.354943327416
9211,5296.3549401248
9212,5295.218825045373
9213,5295.21882504537
9214,5295.21882504537
9215,5295.218825045373
9216,5295.21882504537
9217,5295.218825045372
9218,5295.218825045373
9219,5295.218825045371
9220,5295.218825045371
9221,5295.218825031433
9222,5295.218818949624
9223,5295.218825459893
9224,5295.218825228198
9225,5295.218825734771
9226,5295.218830037971
9227,5295.218824675142
9228,5295.21882874042
9229,5295.218824300203
9230,5295.218825440001
9231,5295.218825083908
9232,5295.21882513542
9233,5295.218825585289
9234,5295.21882417183
9235,5295.218828786723
9236,5295.218827481993
9237,5295.218823669462
9238,5295.21882496538
9239,5295.218822688379
9240,5295.218823662412
9241,5295.218825750848
9242,5295.218824415855
9243,5295.2188239849365
9244,5295.218824550772
9245,5295.218827572572
9246,5295.218827117739
9247,5295.218824590175
9248,5295.218826184563
9249,5295.218830626783
9250,5295.218823773557
9251,5295.218825294796
9252,5295.218825462611
9253,5295.218825688644
9254,5295.218825048918
9255,5295.218825279311
9256,5295.2188246587075
9257,5295.218823945346
9258,5295.2188267223
9259,5295.218827827211
9260,5295.218834265983
9261,5293.478724331689
9262,5293.47872433169
9263,5293.4787243316905
9264,5293.478724331688
9265,5293.478724331688
9266,5293.47872433169
9267,5293.478724331687
9268,5293.478724331688
9269,5293.47872433169
9270,5293.478723133377
9271,5293.47871954224
9272,5293.478722276502
9273,5293.478724582602
9274,5293.478724361921
9275,5293.478725496814
9276,5293.478723127757
9277,5293.478721679328
9278,5293.478722982231
9279,5293.4787238984845
9280,5293.478724803937
9281,5293.478723815189
9282,5293.478728984117
9283,5293.478723040484
9284,5293.478728581045
9285,5293.478724991218
9286,5293.478724490727
9287,5293.478722546419
9288,5293.478719769451
9289,5293.4787267817155
9290,5293.478726268666
9291,5293.47872452047
9292,5293.478723755897
9293,5293.478724089055
9294,5293.478724306324
9295,5293.4787245813195
9296,5293.478723718734
9297,5293.478727068199
9298,5293.478726072608
9299,5293.478723389246
9300,5293.478727668691
9301,5293.478723970247
9302,5293.478723222859
9303,5293.478724525639
9304,5293.478724144938
9305,5293.478724341614
9306,5293.4787233372235
9307,5293.478725643258
9308,5293.478725568945
9309,5293.478726201021
9310,5292.051634209336
9311,5292.051634209336
9312,5292.05163420934
9313,5292.051634209338
9314,5292.051634209337
9315,5292.051634209338
9316,5292.05163420934
9317,5292.051634209336
9318,5292.051634209335
9319,5292.051633889201
9320,5292.05163416363
9321,5292.0516323974825
9322,5292.051634525298
9323,5292.051636226968
9324,5292.051633781795
9325,5292.051635799615
9326,5292.051631147569
9327,5292.051633426268
9328,5292.051635409015
9329,5292.051634733474
9330,5292.051633392339
9331,5292.051636044379
9332,5292.051634302538
9333,5292.051638386385
9334,5292.051635258155
9335,5292.051636075045
9336,5292.051634441925
9337,5292.051633621113
9338,5292.051636660615
9339,5292.051634138256
9340,5292.051634144141
9341,5292.05163403836
9342,5292.051633648103
9343,5292.0516338905645
9344,5292.051635451815
9345,5292.051633729002
9346,5292.051634894715
9347,5292.051635661488
9348,5292.05163375415
9349,5292.0516343259615
9350,5292.051633032668
9351,5292.051634613175
9352,5292.051633988648
9353,5292.051633811085
9354,5292.051634483929
9355,5292.051633722557
9356,5292.051635312247
9357,5292.051634681224
9358,5292.051632334808
9359,5290.942835444977
9360,5290.942835444977
9361,5290.942835444979
9362,5290.942835444978
9363,5290.9428354449765
9364,5290.942835444977
9365,5290.942835444979
9366,5290.942835444978
9367,5290.9428354449765
9368,5290.942835529809
9369,5290.942836221648
9370,5290.942833900448
9371,5290.9428357894885
9372,5290.942836931286
9373,5290.942834625186
9374,5290.942837216759
9375,5290.942831912112
9376,5290.942834750466
9377,5290.942836288732
9378,5290.942835521998
9379,5290.942834534821
9380,5290.942837670425
9381,5290.942835781365
9382,5290.942839852647
9383,5290.942835781308
9384,5290.9428373484425
9385,5290.942835498079
9386,5290.942834597174
9387,5290.942838096845
9388,5290.942835219659
9389,5290.942835178521
9390,5290.942835518758
9391,5290.942834846269
9392,5290.942834913169
9393,5290.942836490798
9394,5290.942835377142
9395,5290.942835819331
9396,5290.94283637816
9397,5290.942835690042
9398,5290.942835911614
9399,5290.942834049139
9400,5290.942835795717
9401,5290.942835550204
9402,5290.942835281172
9403,5290.942835755611
9404,5290.942834991038
9405,5290.942835870192
9406,5290.942835780339
9407,5290.942833280393
9408,5293.557597939268
9409,5293.557597939266
9410,5293.557597939266
9411,5293.557597939271
9412,5293.557597939267
9413,5293.557597939268
9414,5293.557597939266
9415,5293.557597939269
9416,5293.557597939271
9417,5293.557606549492
9418,5293.557606565577
9419,5293.557599868423
9420,5293.557598337537
9421,5293.557598010608
9422,5293.557597114045
9423,5293.557611516987
9424,5293.557606297601
9425,5293.557595948155
9426,5293.557605247793
9427,5293.557599337226
9428,5293.557597946864
9429,5293.557590998624
9430,5293.557603346529
9431,5293.557600410903
9432,5293.557601940636
9433,5293.557600752535
9434,5293.557608955494
9435,5293.557616241732
9436,5293.557589604403
9437,5293.557591533415
9438,5293.557599150656
9439,5293.557597107603
9440,5293.55759677914
9441,5293.5575971425305
9442,5293.557599426672
9443,5293.557596709717
9444,5293.5575849852685
9445,5293.55760367332
9446,5293.557596675364
9447,5293.557582976204
9448,5293.5575969993115
9449,5293.557604517725
9450,5293.557596838861
9451,5293.557597037851
9452,5293.557597908655
9453,5293.557598508589
9454,5293.5576005757575
9455,5293.557599509397
9456,5293.557595876874
9457,5289.746215327268
9458,5289.746215327265
9459,5289.746215327265
9460,5289.746215327268
9461,5289.746215327266
9462,5289.746215327265
9463,5289.746215327266
9464,5289.746215327268
9465,5289.746215327269
9466,5289.746218422887
9467,5289.746218999696
9468,5289.746215033635
9469,5289.746215687378
9470,5289.74621637121
9471,5289.746214446453
9472,5289.74622143936
9473,5289.74621609654
9474,5289.746214180728
9475,5289.746218520075
9476,5289.746215892848
9477,5289.74621474578
9478,5289.746214173385
9479,5289.74621751509
9480,5289.746219022156
9481,5289.746216993936
9482,5289.7462175662995
9483,5289.7462194223235
9484,5289.746221485207
9485,5289.746213961635
9486,5289.74621279951
9487,5289.74621557297
9488,5289.746215068621
9489,5289.746214520588
9490,5289.74621475042
9491,5289.746216529182
9492,5289.746214827316
9493,5289.746210874801
9494,5289.7462180272305
9495,5289.746214981081
9496,5289.746210126845
9497,5289.746214087414
9498,5289.746217971502
9499,5289.74621500823
9500,5289.746214889579
9501,5289.7462155196135
9502,5289.746215246782
9503,5289.746216558848
9504,5289.746216112302
9505,5289.746213201702
9506,5288.66676643483
9507,5288.666766434832
9508,5288.66676643483
9509,5288.66676643483
9510,5288.666766434828
9511,5288.66676643483
9512,5288.666766434831
9513,5288.666766434829
9514,5288.666766434831
9515,5288.66676827037
9516,5288.666766357602
9517,5288.666766735909
9518,5288.6667666787935
9519,5288.666766335775
9520,5288.666767349903
9521,5288.6667674548935
9522,5288.666765706121
9523,5288.66676615862
9524,5288.666766185523
9525,5288.666766586215
9526,5288.6667660505445
9527,5288.666761914562
9528,5288.666766271667
9529,5288.666770909346
9530,5288.666766436344
9531,5288.666767537678
9532,5288.666767143938
9533,5288.666766041182
9534,5288.666767045165
9535,5288.666766092469
9536,5288.666765609067
9537,5288.666766056167
9538,5288.666765759695
9539,5288.666766034713
9540,5288.666768182575
9541,5288.666766187177
9542,5288.666763455088
9543,5288.666769166129
9544,5288.666768961264
9545,5288.666766768911
9546,5288.666765566214
9547,5288.666767071768
9548,5288.666767230314
9549,5288.666766379359
9550,5288.666766530365
9551,5288.6667661054225
9552,5288.6667668083155
9553,5288.666767405582
9554,5288.6667653523855
9555,5288.257443117778
9556,5288.257443117781
9557,5288.257443117781
9558,5288.257443117778
9559,5288.257443117779
9560,5288.25744311778
9561,5288.257443117779
9562,5288.25744311778
9563,5288.25744311778
9564,5288.257445046077
9565,5288.257442899268
9566,5288.257442759342
9567,5288.257443410936
9568,5288.257441810186
9569,5288.257442815796
9570,5288.257444242476
9571,5288.257442640912
9572,5288.257441605883
9573,5288.257442656042
9574,5288.257443184752
9575,5288.257442825503
9576,5288.257443326678
9577,5288.257442777094
9578,5288.2574474856065
9579,5288.2574416452635
9580,5288.257443587989
9581,5288.257443477476
9582,5288.257442026164
9583,5288.257442827251
9584,5288.25744355009
9585,5288.257443174373
9586,5288.2574426402425
9587,5288.2574426290075
9588,5288.257442347791
9589,5288.257442969358
9590,5288.257442866628
9591,5288.257441291832
9592,5288.257444768914
9593,5288.2574444291695
9594,5288.257444086708
9595,5288.257442354092
9596,5288.257443007478
9597,5288.257444178548
9598,5288.257443183796
9599,5288.257443143237
9600,5288.257442595796
9601,5288.257443490219
9602,5288.257444380475
9603,5288.2574439501495
9604,5287.807866480571
9605,5287.807866480572
9606,5287.80786648057
9607,5287.80786648057
9608,5287.807866480571
9609,5287.807866480568
9610,5287.80786648057
9611,5287.807866480571
9612,5287.807866480571
9613,5287.807868059209
9614,5287.80786597945
9615,5287.807866010851
9616,5287.807866768663
9617,5287.8078654052515
9618,5287.807865954323
9619,5287.8078667341
9620,5287.807866228524
9621,5287.807864769825
9622,5287.807865614331
9623,5287.807866652341
9624,5287.807866299075
9625,5287.8078672091
9626,5287.807865540766
9627,5287.807870825444
9628,5287.807864319421
9629,5287.807866670308
9630,5287.807866358999
9631,5287.8078642784185
9632,5287.807866011231
9633,5287.807867428057
9634,5287.807866631358
9635,5287.807865863031
9636,5287.807866025467
9637,5287.807865823237
9638,5287.8078660280025
9639,5287.807866094884
9640,5287.807865491925
9641,5287.807867992361
9642,5287.807867617179
9643,5287.807868258606
9644,5287.807865835635
9645,5287.807865938763
9646,5287.80786771523
9647,5287.807866533341
9648,5287.807866485115
9649,5287.807865919014
9650,5287.807866994544
9651,5287.807867917457
9652,5287.807868284544
9653,5286.172122105817
9654,5286.172122105816
9655,5286.172122105816
9656,5286.172122105815
9657,5286.172122105816
9658,5286.172122105819
9659,5286.172122105817
9660,5286.172122105818
9661,5286.172122105817
9662,5286.172123133187
9663,5286.172121846759
9664,5286.172121690074
9665,5286.172122416359
9666,5286.172121046248
9667,5286.172120516133
9668,5286.172121373242
9669,5286.172122138662
9670,5286.172120329639
9671,5286.172121025922
9672,5286.172122491363
9673,5286.172122010468
9674,5286.172126228734
9675,5286.172120409792
9676,5286.172126384831
9677,5286.172118843126
9678,5286.172121851101
9679,5286.172121650548
9680,5286.17211849859
9681,5286.172121247907
9682,5286.172123359074
9683,5286.172122324933
9684,5286.172121371272
9685,5286.172121674562
9686,5286.172121579511
9687,5286.172120864755
9688,5286.172121508935
9689,5286.172122775305
9690,5286.172122896674
9691,5286.172121868168
9692,5286.172124914632
9693,5286.172121727725
9694,5286.172121390954
9695,5286.172123646789
9696,5286.172122060898
9697,5286.172122142671
9698,5286.172121680269
9699,5286.172122817401
9700,5286.172123659572
9701,5286.172125217914
9702,5283.7525672005295
9703,5283.752567200531
9704,5283.75256720053
9705,5283.75256720053
9706,5283.7525672005295
9707,5283.7525672005295
9708,5283.752567200529
9709,5283.75256720053
9710,5283.752567200529
9711,5283.752565148809
9712,5283.752565036722
9713,5283.752566613964
9714,5283.7525673171285
9715,5283.752568891473
9716,5283.75256527327
9717,5283.7525657247115
9718,5283.752566660669
9719,5283.752564772827
9720,5283.752566638621
9721,5283.7525674032
9722,5283.752566863883
9723,5283.752566920122
9724,5283.752565658244
9725,5283.752571316546
9726,5283.752565141609
9727,5283.752566947975
9728,5283.752567789595
9729,5283.752564045203
9730,5283.752565655954
9731,5283.752568542021
9732,5283.752568191806
9733,5283.752566472454
9734,5283.7525668084345
9735,5283.752565795821
9736,5283.752562690028
9737,5283.752566635412
9738,5283.752568459155
9739,5283.752569741633
9740,5283.752567194306
9741,5283.752569717006
9742,5283.752567359936
9743,5283.752566558972
9744,5283.752569294532
9745,5283.752567299493
9746,5283.752567322245
9747,5283.7525668872595
9748,5283.752567696764
9749,5283.752568405809
9750,5283.752570100176
9751,5286.878727744247
9752,5286.878727744249
9753,5286.878727744249
9754,5286.878727744248
9755,5286.87872774425
9756,5286.878727744249
9757,5286.87872774425
9758,5286.87872774425
9759,5286.878727744248
9760,5286.8787321073005
9761,5286.878736195154
9762,5286.878736829322
9763,5286.878728740453
9764,5286.878723344546
9765,5286.878730242881
9766,5286.878721474611
9767,5286.878733454133
9768,5286.8787386153435
9769,5286.8787183238765
9770,5286.878728007689
9771,5286.878728829244
9772,5286.8787431600285
9773,5286.878721176838
9774,5286.878734564974
9775,5286.878721023004
9776,5286.8787274364795
9777,5286.878724766654
9778,5286.878718645154
9779,5286.878730627741
9780,5286.878733221243
9781,5286.878718062998
9782,5286.878727426827
9783,5286.878725913324
9784,5286.878732665517
9785,5286.878741616725
9786,5286.878727757488
9787,5286.878731691413
9788,5286.878722890544
9789,5286.87872222129
9790,5286.878736333223
9791,5286.878728163581
9792,5286.878726894977
9793,5286.878730816001
9794,5286.878727388031
9795,5286.878727749325
9796,5286.878729265274
9797,5286.878727003984
9798,5286.8787285728895
9799,5286.878731819171
9800,5282.651077108545
9801,5282.651077108547
9802,5282.651077108547
9803,5282.651077108548
9804,5282.651077108546
9805,5282.651077108548
9806,5282.651077108545
9807,5282.651077108544
9808,5282.651077108546
9809,5282.6510770156965
9810,5282.651078149254
9811,5282.651079451158
9812,5282.651077492395
9813,5282.651076846906
9814,5282.651076357046
9815,5282.651074288648
9816,5282.651078316729
9817,5282.651078669564
9818,5282.651073935159
9819,5282.651077342436
9820,5282.6510771595495
9821,5282.651082085173
9822,5282.651074090182
9823,5282.6510820491885
9824,5282.651073640116
9825,5282.651076847126
9826,5282.651076626984
9827,5282.651072001707
9828,5282.651076986022
9829,5282.65107956809
9830,5282.651074909672
9831,5282.651076536755
9832,5282.651076275088
9833,5282.6510776543755
9834,5282.651078273274
9835,5282.6510767207965
9836,5282.65107922138
9837,5282.651077351682
9838,5282.651075323235
9839,5282.651081484973
9840,5282.651077368055
9841,5282.651076497816
9842,5282.6510794877795
9843,5282.651077050021
9844,5282.6510772148085
9845,5282.651077393861
9846,5282.651077211957
9847,5282.6510781508805
9848,5282.651080279351
9849,5281.186034168273
9850,5281.18603416827
9851,5281.186034168271
9852,5281.186034168273
9853,5281.18603416827
9854,5281.18603416827
9855,5281.186034168273
9856,5281.186034168273
9857,5281.18603416827
9858,5281.186033243828
9859,5281.186035018256
9860,5281.186036641078
9861,5281.186034440071
9862,5281.186034703811
9863,5281.186033676133
9864,5281.186033222282
9865,5281.186034856475
9866,5281.186035801808
9867,5281.186032484238
9868,5281.186034170089
9869,5281.1860338449915
9870,5281.186036566115
9871,5281.186032659526
9872,5281.186038916756
9873,5281.186032985055
9874,5281.1860344534925
9875,5281.186035651643
9876,5281.186032198697
9877,5281.186033743612
9878,5281.186035359751
9879,5281.1860322913235
9880,5281.186033863381
9881,5281.186033273454
9882,5281.186034021841
9883,5281.186034051971
9884,5281.186033996967
9885,5281.186034732758
9886,5281.186035591342
9887,5281.186032310674
9888,5281.186036140472
9889,5281.186034508613
9890,5281.186034799223
9891,5281.186036371151
9892,5281.18603416049
9893,5281.186034376213
9894,5281.186034614749
9895,5281.186034032532
9896,5281.1860346257345
9897,5281.186035259667
9898,5279.744867737139
9899,5279.744867737141
9900,5279.744867737139
9901,5279.744867737142
9902,5279.74486773714
9903,5279.74486773714
9904,5279.744867737141
9905,5279.744867737139
9906,5279.744867737141
9907,5279.744866237528
9908,5279.74486805362
9909,5279.744870334152
9910,5279.744867857189
9911,5279.744868769174
9912,5279.744868015291
9913,5279.744868701144
9914,5279.744867567122
9915,5279.74486950639
9916,5279.744867492502
9917,5279.744867469373
9918,5279.744867011637
9919,5279.744866527537
9920,5279.744867869709
9921,5279.744872298777
9922,5279.744869144946
9923,5279.744868568109
9924,5279.744871042563
9925,5279.744868906984
9926,5279.744867340194
9927,5279.7448674808575
9928,5279.74486612072
9929,5279.7448677296425
9930,5279.744866776009
9931,5279.744866908122
9932,5279.744866677502
9933,5279.744867827604
9934,5279.744866225718
9935,5279.7448705641855
9936,5279.744866562392
9937,5279.744867269355
9938,5279.744868076936
9939,5279.744869675803
9940,5279.744869672316
9941,5279.744867798486
9942,5279.744868048767
9943,5279.7448682718095
9944,5279.744867320247
9945,5279.7448675924215
9946,5279.7448663373
9947,5278.165053200829
9948,5278.16505320083
9949,5278.16505320083
9950,5278.16505320083
9951,5278.165053200829
9952,5278.16505320083
9953,5278.16505320083
9954,5278.165053200828
9955,5278.165053200827
9956,5278.165051650592
9957,5278.165053369601
9958,5278.165055870537
9959,5278.165053213634
9960,5278.165054060242
9961,5278.165054193538
9962,5278.165055462896
9963,5278.165052359618
9964,5278.165055190436
9965,5278.165053559235
9966,5278.165052802889
9967,5278.165052248997
9968,5278.16504999594
9969,5278.165054309156
9970,5278.165057660052
9971,5278.165056165047
9972,5278.165054379743
9973,5278.165057476997
9974,5278.165056487744
9975,5278.165053009114
9976,5278.165052291279
9977,5278.165051689838
9978,5278.165053389919
9979,5278.165052171692
9980,5278.165051934573
9981,5278.165051911474
9982,5278.165053446048
9983,5278.165050198602
9984,5278.165056589149
9985,5278.165052601704
9986,5278.165051193887
9987,5278.165053535988
9988,5278.165055782409
9989,5278.165054892507
9990,5278.165053273938
9991,5278.165053589082
9992,5278.16505377274
9993,5278.1650526291905
9994,5278.1650526013955
9995,5278.165049854408
9996,5274.548800871953
9997,5274.548800871951
9998,5274.548800871955
9999,5274.548800871951
10000,5274.548800871952
10001,5274.548800871953
10002,5274.548800871951
10003,5274.548800871952
10004,5274.54880087195
10005,5274.548800199039
10006,5274.548802104053
10007,5274.548803942787
10008,5274.548800717926
10009,5274.548801385937
10010,5274.548803683592
10011,5274.548804519825
10012,5274.548800603773
10013,5274.54880354569
10014,5274.5488012332435
10015,5274.54880037391
10016,5274.548799899707
10017,5274.548794966925
10018,5274.548802544317
10019,5274.54880510819
10020,5274.548804973138
10021,5274.548802242156
10022,5274.5488057554485
10023,5274.548807006017
10024,5274.548800357704
10025,5274.54879975232
10026,5274.54879910229
10027,5274.548801154471
10028,5274.5487995656795
10029,5274.548799845869
10030,5274.548800780052
10031,5274.548801245748
10032,5274.548796002047
10033,5274.548804684155
10034,5274.548801345988
10035,5274.548796441673
10036,5274.548801081409
10037,5274.548803851152
10038,5274.548802020684
10039,5274.5488009671535
10040,5274.548801374387
10041,5274.5488014643015
10042,5274.548800325805
10043,5274.548799972986
10044,5274.548796516966
10045,5279.517467274861
10046,5279.517467274859
10047,5279.51746727486
10048,5279.51746727486
10049,5279.51746727486
10050,5279.517467274862
10051,5279.51746727486
10052,5279.51746727486
10053,5279.517467274861
10054,5279.517457999151
10055,5279.517458483488
10056,5279.517460130283
10057,5279.517466792832
10058,5279.5174597374435
10059,5279.517462874359
10060,5279.517460944056
10061,5279.517441726766
10062,5279.517467209989
10063,5279.517462963457
10064,5279.517468984067
10065,5279.517464515302
10066,5279.5174799248725
10067,5279.5174645694315
10068,5279.517472490739
10069,5279.517466699668
10070,5279.517468001317
10071,5279.517459459461
10072,5279.517453503985
10073,5279.517483543518
10074,5279.517471271149
10075,5279.517468249391
10076,5279.517468258774
10077,5279.517467558461
10078,5279.517462376578
10079,5279.517461273095
10080,5279.517466182761
10081,5279.517475622166
10082,5279.51746020035
10083,5279.517469027825
10084,5279.517482563795
10085,5279.517466414711
10086,5279.517463134249
10087,5279.517468791713
10088,5279.517465896049
10089,5279.517468816814
10090,5279.517467030846
10091,5279.517467497837
10092,5279.5174627011675
10093,5279.517448589756
10094,5273.175311787418
10095,5273.175311787418
10096,5273.175311787416
10097,5273.17531178742
10098,5273.175311787416
10099,5273.175311787418
10100,5273.175311787418
10101,5273.175311787418
10102,5273.17531178742
10103,5273.175308338904
10104,5273.175309850228
10105,5273.175311580704
10106,5273.175311503718
10107,5273.17531012246
10108,5273.175312216928
10109,5273.175312406802
10110,5273.175303454709
10111,5273.175313486854
10112,5273.175310941968
10113,5273.175312009816
10114,5273.175310198778
10115,5273.1753114717385
10116,5273.17531223258
10117,5273.175316268809
10118,5273.175314653032
10119,5273.175313094662
10120,5273.175312917311
10121,5273.175311958052
10122,5273.175316487695
10123,5273.175311995883
10124,5273.1753110164245
10125,5273.175312304072
10126,5273.1753109810525
10127,5273.17530935152
10128,5273.1753095946515
10129,5273.175311681922
10130,5273.175310884348
10131,5273.175312333505
10132,5273.175312738698
10133,5273.175313137734
10134,5273.175311676128
10135,5273.175312710817
10136,5273.175313012918
10137,5273.17531139655
10138,5273.175312645526
10139,5273.175312127785
10140,5273.175311507984
10141,5273.175309707729
10142,5273.175302570676
10143,5269.942976174933
10144,5269.942976174934
10145,5269.942976174934
10146,5269.942976174936
10147,5269.942976174936
10148,5269.9429761749325
10149,5269.942976174933
10150,5269.9429761749325
10151,5269.942976174934
10152,5269.942976562804
10153,5269.942979685153
10154,5269.942976583081
10155,5269.942975930811
10156,5269.94297380346
10157,5269.94297756785
10158,5269.942980934578
10159,5269.942974798492
10160,5269.942977091373
10161,5269.942975978479
10162,5269.942976481541
10163,5269.942975276782
10164,5269.942978392813
10165,5269.942977319156
10166,5269.942979760485
10167,5269.942977692683
10168,5269.942977039013
10169,5269.942978928957
10170,5269.942983058283
10171,5269.942975600319
10172,5269.942976717391
10173,5269.942975939863
10174,5269.942976226679
10175,5269.942974915927
10176,5269.942975286509
10177,5269.942975557925
10178,5269.942975889705
10179,5269.942973338406
10180,5269.942976318612
10181,5269.94297502838
10182,5269.942971342084
10183,5269.942975521544
10184,5269.942977332952
10185,5269.942976435619
10186,5269.942975864005
10187,5269.942977002544
10188,5269.942976483706
10189,5269.9429768400005
10190,5269.942975043525
10191,5269.94297211671
10192,5268.079230329768
10193,5268.079230329769
10194,5268.079230329769
10195,5268.079230329769
10196,5268.079230329769
10197,5268.079230329769
10198,5268.079230329768
10199,5268.0792303297685
10200,5268.079230329768
10201,5268.0792284900435
10202,5268.079227971183
10203,5268.0792305366085
10204,5268.079229550212
10205,5268.079232417716
10206,5268.079235603788
10207,5268.079229075703
10208,5268.079229484979
10209,5268.079230904736
10210,5268.079229646545
10211,5268.079231058414
10212,5268.079229640004
10213,5268.079218259373
10214,5268.0792287788845
10215,5268.079233380784
10216,5268.079233022439
10217,5268.079230209103
10218,5268.079230878557
10219,5268.079232460549
10220,5268.079229887246
10221,5268.079230467345
10222,5268.079229812818
10223,5268.079229639416
10224,5268.079228773509
10225,5268.079230776342
10226,5268.079230988795
10227,5268.079229464755
10228,5268.079227883245
10229,5268.079235827279
10230,5268.07923515913
10231,5268.079227146832
10232,5268.079230104673
10233,5268.079231174412
10234,5268.079230358955
10235,5268.0792300509
10236,5268.079231364442
10237,5268.079230257147
10238,5268.079231951805
10239,5268.079230677079
10240,5268.07923015323
10241,5266.718977840568
10242,5266.718977840568
10243,5266.718977840568
10244,5266.718977840567
10245,5266.718977840566
10246,5266.718977840567
10247,5266.718977840568
10248,5266.718977840567
10249,5266.718977840566
10250,5266.718977240447
10251,5266.718978382001
10252,5266.718976807481
10253,5266.718977287233
10254,5266.7189786678455
10255,5266.71897947007
10256,5266.718978557096
10257,5266.718978168255
10258,5266.718976448404
10259,5266.718978233983
10260,5266.718978977367
10261,5266.718977230312
10262,5266.71897618779
10263,5266.718976627511
10264,5266.718980481372
10265,5266.718977753957
10266,5266.718977393651
10267,5266.71897829165
10268,5266.718980969967
10269,5266.7189755213185
10270,5266.7189780635
10271,5266.718978848546
10272,5266.718977099094
10273,5266.718976409469
10274,5266.718978133977
10275,5266.718976795879
10276,5266.7189766667525
10277,5266.718977556551
10278,5266.718980555929
10279,5266.718978863766
10280,5266.7189740219055
10281,5266.718977435374
10282,5266.718978447795
10283,5266.718977577014
10284,5266.718977316527
10285,5266.7189789731665
10286,5266.718977817345
10287,5266.718980056073
10288,5266.718978565693
10289,5266.718980151068
10290,5266.16873986959
10291,5266.168739869593
10292,5266.168739869594
10293,5266.168739869593
10294,5266.168739869593
10295,5266.168739869595
10296,5266.168739869592
10297,5266.168739869595
10298,5266.168739869594
10299,5266.168739948959
10300,5266.1687420157405
10301,5266.168740399848
10302,5266.168739560051
10303,5266.168739195036
10304,5266.168741975362
10305,5266.1687372396755
10306,5266.168740745863
10307,5266.16874122492
10308,5266.16873694622
10309,5266.168741312789
10310,5266.168739779956
10311,5266.168742932109
10312,5266.168736160667
10313,5266.168743275116
10314,5266.168737159843
10315,5266.168739022627
10316,5266.168737613662
10317,5266.168738657983
10318,5266.168739364084
10319,5266.168742648331
10320,5266.168738444611
10321,5266.168739040591
10322,5266.16873826642
10323,5266.168741598582
10324,5266.168742612349
10325,5266.168738575686
10326,5266.168742326175
10327,5266.168740035019
10328,5266.168739929841
10329,5266.168740571992
10330,5266.168739325018
10331,5266.168738801252
10332,5266.168740117084
10333,5266.168739128785
10334,5266.168740977549
10335,5266.168740146399
10336,5266.168742083825
10337,5266.168740723245
10338,5266.168743313291
10339,5265.432265893251
10340,5265.43226589325
10341,5265.432265893251
10342,5265.432265893251
10343,5265.432265893249
10344,5265.43226589325
10345,5265.432265893249
10346,5265.432265893249
10347,5265.432265893251
10348,5265.432265569882
10349,5265.432267289191
10350,5265.4322647777135
10351,5265.432265565585
10352,5265.432265625671
10353,5265.432265185856
10354,5265.432264728297
10355,5265.432265153451
10356,5265.432264843419
10357,5265.432264850106
10358,5265.432267649798
10359,5265.432265445021
10360,5265.432271619419
10361,5265.43226335081
10362,5265.432268919228
10363,5265.432263127879
10364,5265.4322652649425
10365,5265.432264177825
10366,5265.432265203847
10367,5265.432265112082
10368,5265.432267644854
10369,5265.432266452926
10370,5265.432265155375
10371,5265.432264550277
10372,5265.432266507634
10373,5265.432265574145
10374,5265.432264367324
10375,5265.43226874605
10376,5265.432265829115
10377,5265.432265331568
10378,5265.432266211477
10379,5265.432265312228
10380,5265.432265187448
10381,5265.432265989259
10382,5265.432264934362
10383,5265.432267120474
10384,5265.432266090134
10385,5265.432268430614
10386,5265.43226670971
10387,5265.432268520687
10388,5263.83244890081
10389,5263.832448900814
10390,5263.832448900814
10391,5263.832448900811
10392,5263.83244890081
10393,5263.832448900812
10394,5263.832448900811
10395,5263.83244890081
10396,5263.832448900811
10397,5263.832449014824
10398,5263.832449237414
10399,5263.832447260202
10400,5263.832448514484
10401,5263.832448352489
10402,5263.83244724696
10403,5263.832449406216
10404,5263.832447499077
10405,5263.832446427565
10406,5263.832448911029
10407,5263.8324508347005
10408,5263.832448236855
10409,5263.832454342344
10410,5263.832447766572
10411,5263.832451744406
10412,5263.832447096751
10413,5263.832448483651
10414,5263.832447941194
10415,5263.832449687346
10416,5263.832447939868
10417,5263.832450116782
10418,5263.832450615289
10419,5263.832448251014
10420,5263.832447717028
10421,5263.832448839739
10422,5263.832446974418
10423,5263.832447291322
10424,5263.832450428841
10425,5263.832449361371
10426,5263.8324489233455
10427,5263.832448529151
10428,5263.832448044985
10429,5263.832448452359
10430,5263.832448925564
10431,5263.832447792195
10432,5263.832450159031
10433,5263.832449068992
10434,5263.832451594188
10435,5263.832449670643
10436,5263.832450160202
10437,5259.168582475975
10438,5259.168582475975
10439,5259.168582475973
10440,5259.168582475974
10441,5259.168582475977
10442,5259.168582475977
10443,5259.168582475975
10444,5259.168582475975
10445,5259.168582475975
10446,5259.168584852383
10447,5259.168581260944
10448,5259.1685820008115
10449,5259.1685821368155
10450,5259.168579760354
10451,5259.168580147478
10452,5259.168587278668
10453,5259.168580922281
10454,5259.1685791053715
10455,5259.168582850179
10456,5259.168584345081
10457,5259.168581533113
10458,5259.168588397135
10459,5259.168584879709
10460,5259.168585729169
10461,5259.168583233351
10462,5259.168582535716
10463,5259.16858277186
10464,5259.168586902185
10465,5259.168582113267
10466,5259.168584062856
10467,5259.168584879401
10468,5259.16858238517
10469,5259.168581714851
10470,5259.1685822813815
10471,5259.16857982932
10472,5259.168581267828
10473,5259.1685802771935
10474,5259.1685835333155
10475,5259.168584083283
10476,5259.168581644548
10477,5259.168580397768
10478,5259.168581956306
10479,5259.168582633545
10480,5259.168581145859
10481,5259.168583497729
10482,5259.168582938804
10483,5259.168584675104
10484,5259.168582903555
10485,5259.1685804103345
10486,5253.6107378802335
10487,5253.610737880231
10488,5253.610737880232
10489,5253.61073788023
10490,5253.610737880231
10491,5253.610737880233
10492,5253.61073788023
10493,5253.610737880231
10494,5253.610737880231
10495,5253.61074216761
10496,5253.61073892049
10497,5253.610740012188
10498,5253.610737879218
10499,5253.610734089243
10500,5253.610734816826
10501,5253.610746833354
10502,5253.6107389064255
10503,5253.610735926592
10504,5253.610737787147
10505,5253.610738962197
10506,5253.610736907245
10507,5253.610746404598
10508,5253.610742950117
10509,5253.610742032248
10510,5253.610739669699
10511,5253.610738576495
10512,5253.610739350976
10513,5253.6107461279835
10514,5253.610737282293
10515,5253.610740249451
10516,5253.610739160813
10517,5253.610738634204
10518,5253.610737703691
10519,5253.610739446048
10520,5253.610736876183
10521,5253.610737659981
10522,5253.610733579037
10523,5253.610738641195
10524,5253.6107393997645
10525,5253.610736017726
10526,5253.6107344811735
10527,5253.610737267978
10528,5253.610738092029
10529,5253.610736685476
10530,5253.6107382961545
10531,5253.610739182837
10532,5253.610738728844
10533,5253.610737650031
10534,5253.610735257087
10535,5247.662126034739
10536,5247.66212603474
10537,5247.662126034744
10538,5247.662126034741
10539,5247.662126034737
10540,5247.662126034739
10541,5247.662126034739
10542,5247.662126034738
10543,5247.662126034739
10544,5247.6621241079765
10545,5247.66211097771
10546,5247.662130261647
10547,5247.662126499827
10548,5247.662118137701
10549,5247.66212314095
10550,5247.662131166007
10551,5247.6621216302765
10552,5247.662125987941
10553,5247.662124351573
10554,5247.662123282198
10555,5247.662124771338
10556,5247.662130514734
10557,5247.662130684475
10558,5247.66213256113
10559,5247.662131283351
10560,5247.662123632845
10561,5247.662125917312
10562,5247.6621260059455
10563,5247.662130398677
10564,5247.662127905448
10565,5247.662125613265
10566,5247.662128660639
10567,5247.662129154813
10568,5247.662129284006
10569,5247.662123926013
10570,5247.662128998205
10571,5247.66212294164
10572,5247.662131160885
10573,5247.662133132543
10574,5247.662133599284
10575,5247.662125317287
10576,5247.662124874161
10577,5247.662127452314
10578,5247.662126762356
10579,5247.6621234057475
10580,5247.662127363823
10581,5247.662121738298
10582,5247.6621255359805
10583,5247.6621247755675
10584,5241.068050409793
10585,5241.068050409793
10586,5241.068050409792
10587,5241.0680504097945
10588,5241.068050409792
10589,5241.068050409794
10590,5241.068050409791
10591,5241.068050409793
10592,5241.0680504097945
10593,5241.0680572313395
10594,5241.068066446074
10595,5241.068060547529
10596,5241.068052422084
10597,5241.068042295802
10598,5241.068051063343
10599,5241.068058734556
10600,5241.068058639714
10601,5241.06806194519
10602,5241.068042873103
10603,5241.068048706239
10604,5241.068052518722
10605,5241.06806148545
10606,5241.068052710568
10607,5241.068058205034
10608,5241.068049694211
10609,5241.068052180308
10610,5241.068050915897
10611,5241.068059907922
10612,5241.068051592466
10613,5241.068056619602
10614,5241.068041057917
10615,5241.068052855179
10616,5241.0680536848395
10617,5241.068058477176
10618,5241.068062827513
10619,5241.068053260891
10620,5241.068045050069
10621,5241.068046334936
10622,5241.068051515983
10623,5241.068052766931
10624,5241.068045804777
10625,5241.068047532404
10626,5241.068051001846
10627,5241.068050180569
10628,5241.068046095193
10629,5241.068054987476
10630,5241.068046910961
10631,5241.068047676677
10632,5241.068046391671
10633,5373.117374094346
10634,5373.117374094342
10635,5373.117374094343
10636,5373.117374094348
10637,5373.117374094344
10638,5373.117374094341
10639,5373.117374094344
10640,5373.117374094345
10641,5373.117374094346
10642,5373.117367949683
10643,5373.117421536523
10644,5373.117367870691
10645,5373.117366643886
10646,5373.117439233155
10647,5373.117352031559
10648,5373.1173582664815
10649,5373.117362512004
10650,5373.117389483385
10651,5373.1174051515845
10652,5373.117382203359
10653,5373.1173544364865
10654,5373.117314494391
10655,5373.1173618377425
10656,5373.11737228409
10657,5373.117370627171
10658,5373.11739975822
10659,5373.117376491136
10660,5373.117374705883
10661,5373.117372881354
10662,5373.117321432666
10663,5373.11736532721
10664,5373.117376823078
10665,5373.117351232182
10666,5373.117379452455
10667,5373.117392396752
10668,5373.117365685164
10669,5373.117383504907
10670,5373.117385220159
10671,5373.117385460106
10672,5373.117341741427
10673,5373.11737517231
10674,5373.117410326695
10675,5373.117364360088
10676,5373.117368791706
10677,5373.117401579661
10678,5373.117387161326
10679,5373.117379734585
10680,5373.117363331692
10681,5373.117343160735
10682,5236.989279982283
10683,5236.989279982282
10684,5236.989279982282
10685,5236.989279982285
10686,5236.989279982282
10687,5236.989279982285
10688,5236.989279982283
10689,5236.989279982284
10690,5236.989279982283
10691,5236.989284748334
10692,5236.989299877549
10693,5236.989287300808
10694,5236.98927990867
10695,5236.9892829676455
10696,5236.98927663709
10697,5236.989283814595
10698,5236.989284109894
10699,5236.989292156074
10700,5236.9892781081235
10701,5236.989280078771
10702,5236.989276834612
10703,5236.989279825578
10704,5236.9892796277945
10705,5236.9892863871
10706,5236.989278534969
10707,5236.9892855881535
10708,5236.9892799467325
10709,5236.989286492363
10710,5236.9892814782725
10711,5236.98927742275
10712,5236.98927081525
10713,5236.989282600862
10714,5236.989277393231
10715,5236.989287460505
10716,5236.989293384707
10717,5236.989280545506
10718,5236.989277498443
10719,5236.989278280229
10720,5236.989283173685
10721,5236.989277536082
10722,5236.989276442841
10723,5236.989282863848
10724,5236.989278918392
10725,5236.989278904464
10726,5236.989283076041
10727,5236.989285987763
10728,5236.98927804764
10729,5236.989275367794
10730,5236.989271411617
10731,5228.064479118131
10732,5228.064479118133
10733,5228.064479118134
10734,5228.064479118132
10735,5228.064479118131
10736,5228.064479118133
10737,5228.064479118132
10738,5228.064479118133
10739,5228.064479118131
10740,5228.064478448174
10741,5228.064484425748
10742,5228.064483060305
10743,5228.064478760226
10744,5228.06448058746
10745,5228.064475525699
10746,5228.064480893121
10747,5228.064484253832
10748,5228.064484511366
10749,5228.064478774427
10750,5228.064477688024
10751,5228.064475924575
10752,5228.064474759178
10753,5228.064477927735
10754,5228.064484631603
10755,5228.064477692124
10756,5228.064480827659
10757,5228.064479481172
10758,5228.06448342591
10759,5228.064476460954
10760,5228.064476958214
10761,5228.064474672234
10762,5228.064481193995
10763,5228.064477843373
10764,5228.064485423839
10765,5228.064485444345
10766,5228.064480191146
10767,5228.064478011206
10768,5228.064482642341
10769,5228.064483356614
10770,5228.06447652615
10771,5228.064478371348
10772,5228.06448065449
10773,5228.064478384748
10774,5228.064479470233
10775,5228.064481340147
10776,5228.064483124104
10777,5228.064476557902
10778,5228.06447674988
10779,5228.064480889416
10780,5220.045165519152
10781,5220.045165519148
10782,5220.045165519147
10783,5220.04516551915
10784,5220.045165519148
10785,5220.04516551915
10786,5220.045165519149
10787,5220.04516551915
10788,5220.04516551915
10789,5220.045157912067
10790,5220.045161083993
10791,5220.0451644694995
10792,5220.045166067218
10793,5220.04515775437
10794,5220.045161255668
10795,5220.045162622074
10796,5220.045165566525
10797,5220.045167233365
10798,5220.045160970507
10799,5220.045163156658
10800,5220.045164760304
10801,5220.045164515574
10802,5220.045160516049
10803,5220.045171555582
10804,5220.04516005917
10805,5220.045162669224
10806,5220.045161978796
10807,5220.045162040304
10808,5220.045165086081
10809,5220.045169627081
10810,5220.045163262177
10811,5220.04516712237
10812,5220.045168642189
10813,5220.045170858523
10814,5220.045167693095
10815,5220.045167280309
10816,5220.045169069983
10817,5220.045166662911
10818,5220.045169671302
10819,5220.04517287125
10820,5220.045166222888
10821,5220.045160655574
10822,5220.045165716468
10823,5220.045166727413
10824,5220.045163727439
10825,5220.045167692845
10826,5220.045162242847
10827,5220.045163486745
10828,5220.04517097736
10829,5213.279940537925
10830,5213.279940537925
10831,5213.279940537925
10832,5213.279940537923
10833,5213.279940537921
10834,5213.279940537922
10835,5213.279940537923
10836,5213.279940537924
10837,5213.279940537926
10838,5213.279934260748
10839,5213.279937217208
10840,5213.279938809486
10841,5213.279941769777
10842,5213.279931873968
10843,5213.2799360012195
10844,5213.279940994104
10845,5213.279947547873
10846,5213.27993938455
10847,5213.279937293345
10848,5213.279938143583
10849,5213.279941551382
10850,5213.279941696736
10851,5213.2799364595885
10852,5213.2799458511745
10853,5213.279935066202
10854,5213.279936814126
10855,5213.279940376145
10856,5213.279943594425
10857,5213.279934381993
10858,5213.279945422701
10859,5213.279940192942
10860,5213.279941584455
10861,5213.279945352815
10862,5213.279945592686
10863,5213.279941596756
10864,5213.279942407917
10865,5213.279941301831
10866,5213.279942950816
10867,5213.279941056053
10868,5213.279941367366
10869,5213.27994228743
10870,5213.279935164994
10871,5213.279940149694
10872,5213.279941873765
10873,5213.2799365441815
10874,5213.279942053994
10875,5213.279938068454
10876,5213.279940146524
10877,5213.279951344555
10878,5201.6077681961615
10879,5201.607768196163
10880,5201.607768196163
10881,5201.607768196167
10882,5201.607768196163
10883,5201.607768196167
10884,5201.607768196166
10885,5201.607768196164
10886,5201.607768196165
10887,5201.607759617581
10888,5201.607765042593
10889,5201.607759929093
10890,5201.607767200208
10891,5201.607764169631
10892,5201.607758892387
10893,5201.607762064582
10894,5201.607764463164
10895,5201.607766612426
10896,5201.607767037204
10897,5