iteracion,valor_coste
0,52892.87969074738
1,52892.879690747395
2,52892.87969074746
3,52892.87969074739
4,52892.87969074746
5,52892.87969074744
6,52892.87969074744
7,52892.87969074742
8,52892.879690747424
9,52892.87930385896
10,52892.879886006864
11,52892.87964097847
12,52892.87968500455
13,52892.87954189911
14,52892.87970095951
15,52892.87939567436
16,52892.87977019461
17,52892.87968676421
18,52892.87970801946
19,52892.879604721165
20,52892.87972401884
21,52892.87921095171
22,52892.87956597698
23,52892.87976516335
24,52892.87960848636
25,52892.87952155919
26,52892.87992759534
27,52892.87994373745
28,52892.87986283278
29,52892.87969301446
30,52892.87968318282
31,52892.87968189137
32,52892.8797081845
33,52892.87965451689
34,52892.879771102234
35,52892.87959406008
36,52892.879840646725
37,52892.87974254211
38,52892.87967768631
39,52892.879763596124
40,52892.87982992397
41,52892.87968808713
42,52892.87962635629
43,52892.87966407046
44,52892.8797279602
45,52892.879685520675
46,52892.87962465048
47,52892.879527414036
48,52892.87973989744
49,3449026.421874533
50,3449026.4218745334
51,3449026.4218745334
52,3449026.4218745334
53,3449026.4218745334
54,3449026.4218745334
55,3449026.4218745334
56,3449026.4218745334
57,3449026.421874533
58,3449026.421874533
59,3449026.421874533
60,3449026.4218745334
61,3449026.421874533
62,3449026.421874533
63,3449026.421874533
64,3449026.421874533
65,3449026.421874533
66,3449026.4218745334
67,3449026.4218745334
68,3449026.421874533
69,3449026.421874533
70,3449026.4218745334
71,3449026.421874533
72,3449026.4218745334
73,3449026.4218745334
74,3449026.421874533
75,3449026.421874533
76,3449026.421874533
77,3449026.421874533
78,3449026.421874533
79,3449026.4218745334
80,3449026.421874533
81,3449026.421874533
82,3449026.4218745334
83,3449026.4218745334
84,3449026.421874533
85,3449026.421874533
86,3449026.4218745334
87,3449026.4218745334
88,3449026.4218745334
89,3449026.4218745334
90,3449026.4218745334
91,3449026.4218745334
92,3449026.4218745334
93,3449026.4218745334
94,3449026.4218745334
95,3449026.421874533
96,3449026.421874533
97,3449026.4218745334
98,283024.6161297163
99,283024.6161297168
100,283024.6161297165
101,283024.6161297166
102,283024.6161297165
103,283024.61612971657
104,283024.61612971657
105,283024.61612971633
106,283024.61612971645
107,283024.622334918
108,283024.6136907368
109,283024.61604100716
110,283024.616504728
111,283024.61537527
112,283024.61794250197
113,283024.61732552055
114,283024.61521697766
115,283024.61695775134
116,283024.61631321575
117,283024.6158125346
118,283024.61514316214
119,283024.61550989316
120,283024.6157947629
121,283024.6159644685
122,283024.61558278184
123,283024.61717128445
124,283024.6144276865
125,283024.6134148442
126,283024.61414809583
127,283024.61618447385
128,283024.61613801314
129,283024.6163246476
130,283024.6157641526
131,283024.61558414943
132,283024.61629240017
133,283024.6163558388
134,283024.6165506936
135,283024.61593684234
136,283024.61539812677
137,283024.61568514234
138,283024.61546969425
139,283024.61673556524
140,283024.6156954758
141,283024.61603056226
142,283024.61600898317
143,283024.61631896254
144,283024.6153615306
145,283024.6164073284
146,283024.6171735739
147,50812.65204275922
148,50812.65204275915
149,50812.65204275921
150,50812.65204275922
151,50812.65204275922
152,50812.65204275922
153,50812.65204275922
154,50812.652042759255
155,50812.65204275922
156,50812.651904102284
157,50812.65191808146
158,50812.651999759066
159,50812.6520019989
160,50812.651917800584
161,50812.652007159704
162,50812.65200147536
163,50812.65204379223
164,50812.65202004059
165,50812.65204774746
166,50812.65196074125
167,50812.65206269484
168,50812.65163147655
169,50812.65197288345
170,50812.65209805037
171,50812.651985731274
172,50812.65188184196
173,50812.65221634887
174,50812.65201931118
175,50812.65195153589
176,50812.65204695733
177,50812.65203703626
178,50812.652023780094
179,50812.652063142006
180,50812.65201369709
181,50812.65212389102
182,50812.65194726476
183,50812.652192049536
184,50812.652134562726
185,50812.65197987639
186,50812.6520227766
187,50812.65214018157
188,50812.65202710794
189,50812.652001434486
190,50812.652029696364
191,50812.65208637349
192,50812.6520124606
193,50812.65197564465
194,50812.6519100637
195,50812.65205528428
196,48610.36857098849
197,48610.36857098849
198,48610.36857098849
199,48610.36857098847
200,48610.36857098847
201,48610.368570988474
202,48610.36857098851
203,48610.368570988474
204,48610.36857098849
205,48610.3685841373
206,48610.36838341638
207,48610.36853276076
208,48610.36852338709
209,48610.368527620325
210,48610.36851931189
211,48610.368605960066
212,48610.368412076954
213,48610.36854968899
214,48610.36856569778
215,48610.36852776644
216,48610.36857972309
217,48610.36848467034
218,48610.36855334474
219,48610.36861507299
220,48610.36851587807
221,48610.36844394755
222,48610.36867922707
223,48610.36844533373
224,48610.36839474269
225,48610.368571636995
226,48610.36855008141
227,48610.36854082128
228,48610.36859385873
229,48610.36852830219
230,48610.36865791705
231,48610.36851376653
232,48610.36866987991
233,48610.36870931035
234,48610.368502308316
235,48610.36850073103
236,48610.36856882903
237,48610.36856105748
238,48610.36855248397
239,48610.368571769155
240,48610.368607860946
241,48610.36854575737
242,48610.36853581094
243,48610.36841743265
244,48610.36863289212
245,45939.24524590734
246,45939.24524590737
247,45939.24524590739
248,45939.24524590734
249,45939.24524590736
250,45939.24524590739
251,45939.2452459074
252,45939.245245907325
253,45939.24524590733
254,45939.24533510843
255,45939.245078719956
256,45939.24521842061
257,45939.245255011316
258,45939.24521801261
259,45939.245324961834
260,45939.24529503626
261,45939.24499831472
262,45939.245235884526
263,45939.24522744123
264,45939.24522749845
265,45939.24523235155
266,45939.24525247284
267,45939.245258243005
268,45939.24528566417
269,45939.24509701372
270,45939.245214944924
271,45939.24525541989
272,45939.245116821934
273,45939.24506119982
274,45939.2452438328
275,45939.24521934853
276,45939.245210600966
277,45939.24525885149
278,45939.24520548015
279,45939.24532815543
280,45939.245213808834
281,45939.24528896421
282,45939.24534996404
283,45939.245281348274
284,45939.24516446805
285,45939.24515974438
286,45939.24524925543
287,45939.24525530313
288,45939.245260261996
289,45939.24526913176
290,45939.24523340648
291,45939.245236178984
292,45939.24510360417
293,45939.24532784247
294,42091.932843409704
295,42091.932843409726
296,42091.93284340971
297,42091.932843409726
298,42091.9328434097
299,42091.93284340969
300,42091.932843409704
301,42091.932843409675
302,42091.93284340969
303,42091.9332054578
304,42091.9325580697
305,42091.93284984835
306,42091.932821730064
307,42091.93282269036
308,42091.93281812103
309,42091.93273899334
310,42091.932915347556
311,42091.93283890298
312,42091.93279621533
313,42091.932811316045
314,42091.93287304239
315,42091.93327967527
316,42091.93297697394
317,42091.93290914694
318,42091.93277703047
319,42091.93278690482
320,42091.93272193983
321,42091.932972549155
322,42091.93285929899
323,42091.932839162466
324,42091.93282036755
325,42091.93282518278
326,42091.9328120566
327,42091.93288265968
328,42091.93288602236
329,42091.93281425792
330,42091.93296450662
331,42091.93300955033
332,42091.93265500427
333,42091.93285771262
334,42091.93283342766
335,42091.93285655364
336,42091.93290989976
337,42091.932861339
338,42091.93283257158
339,42091.9328919999
340,42091.932858968845
341,42091.93274269591
342,42091.93295929758
343,40318.53366990062
344,40318.5336699006
345,40318.53366990059
346,40318.53366990053
347,40318.53366990058
348,40318.533669900564
349,40318.53366990058
350,40318.53366990064
351,40318.53366990061
352,40318.533588214865
353,40318.53397127781
354,40318.53367230002
355,40318.53365818269
356,40318.533694103244
357,40318.53378057172
358,40318.53373128514
359,40318.533634136715
360,40318.53367960615
361,40318.53363491901
362,40318.53360755424
363,40318.533668145676
364,40318.53367677482
365,40318.53372802391
366,40318.533707508745
367,40318.533522711055
368,40318.53380143738
369,40318.53361420512
370,40318.533654954845
371,40318.53355649665
372,40318.53367313448
373,40318.53366460991
374,40318.533659682216
375,40318.53360373822
376,40318.53355940381
377,40318.53368857071
378,40318.53364386692
379,40318.53360750896
380,40318.53378273613
381,40318.53375027815
382,40318.53375812428
383,40318.53360290116
384,40318.53368779012
385,40318.53370763429
386,40318.533689456846
387,40318.53364452484
388,40318.53366004519
389,40318.533652148995
390,40318.533754985714
391,40318.53360122545
392,39593.34852060396
393,39593.34852060394
394,39593.348520603904
395,39593.34852060394
396,39593.34852060392
397,39593.34852060394
398,39593.34852060393
399,39593.34852060394
400,39593.34852060393
401,39593.3484749126
402,39593.34864459366
403,39593.348524160625
404,39593.348490532524
405,39593.348547645764
406,39593.348542170184
407,39593.348544379136
408,39593.348523208115
409,39593.348524934394
410,39593.34848584247
411,39593.348458410255
412,39593.34853098684
413,39593.34853459644
414,39593.34859954899
415,39593.34856270464
416,39593.348430309285
417,39593.34858483553
418,39593.3484710821
419,39593.34852530351
420,39593.34844244234
421,39593.34852383251
422,39593.34851485887
423,39593.34851283598
424,39593.34846219286
425,39593.34845075841
426,39593.34853703528
427,39593.34849303053
428,39593.3484897024
429,39593.348634844144
430,39593.348509739284
431,39593.348583400766
432,39593.34851082931
433,39593.34853406251
434,39593.34855787873
435,39593.34853662656
436,39593.348500789936
437,39593.34851613562
438,39593.34850503753
439,39593.3486180719
440,39593.348469512006
441,38557.62669717566
442,38557.62669717567
443,38557.62669717568
444,38557.626697175656
445,38557.626697175656
446,38557.626697175685
447,38557.62669717566
448,38557.62669717566
449,38557.626697175656
450,38557.626633452965
451,38557.62656295455
452,38557.62670199389
453,38557.626668789366
454,38557.62670612606
455,38557.626671243124
456,38557.626672955725
457,38557.62674101163
458,38557.62669927711
459,38557.62666684297
460,38557.62663677371
461,38557.626709604214
462,38557.62666167109
463,38557.62678418578
464,38557.62673847918
465,38557.62663620428
466,38557.626717658364
467,38557.626667103876
468,38557.626703770926
469,38557.62666568641
470,38557.6267033329
471,38557.62669319402
472,38557.62669268459
473,38557.626649442645
474,38557.626673857085
475,38557.62669968123
476,38557.62667249626
477,38557.6266830551
478,38557.626744569054
479,38557.62661295456
480,38557.62671578223
481,38557.626773366035
482,38557.62670782829
483,38557.62672787767
484,38557.62670937359
485,38557.626683544855
486,38557.62669844305
487,38557.626683033326
488,38557.626803954576
489,38557.62662755386
490,37609.361127741744
491,37609.36112774177
492,37609.36112774182
493,37609.361127741795
494,37609.3611277418
495,37609.36112774179
496,37609.36112774179
497,37609.361127741795
498,37609.3611277418
499,37609.36114695926
500,37609.36114214224
501,37609.361132995444
502,37609.361076653484
503,37609.36117077892
504,37609.36097236412
505,37609.361048861916
506,37609.361195768884
507,37609.36112708716
508,37609.36110449299
509,37609.36107636938
510,37609.36115005136
511,37609.36096652423
512,37609.361160436485
513,37609.36117131123
514,37609.36116043595
515,37609.3610569603
516,37609.36115204906
517,37609.361207071284
518,37609.3611468139
519,37609.36113514241
520,37609.36111407065
521,37609.36112791025
522,37609.3610885134
523,37609.36115878493
524,37609.361106103795
525,37609.36111328214
526,37609.36111823602
527,37609.36124949433
528,37609.36099837177
529,37609.36118923188
530,37609.36121982074
531,37609.36113973583
532,37609.36115456843
533,37609.36112956914
534,37609.36111319528
535,37609.36115802903
536,37609.361123984905
537,37609.36125063816
538,37609.36116079175
539,36961.10773763631
540,36961.10773763632
541,36961.107737636325
542,36961.10773763631
543,36961.1077376363
544,36961.107737636295
545,36961.10773763631
546,36961.1077376363
547,36961.1077376363
548,36961.10777160674
549,36961.10766479758
550,36961.10774067128
551,36961.107694722436
552,36961.107772639516
553,36961.10762404581
554,36961.10767496411
555,36961.10777857661
556,36961.10773497104
557,36961.10771765476
558,36961.107700956454
559,36961.107747494156
560,36961.10762263983
561,36961.10777061745
562,36961.107773702104
563,36961.10774726858
564,36961.107681746355
565,36961.10775708275
566,36961.10777713794
567,36961.10773080423
568,36961.10774645042
569,36961.10772053178
570,36961.10772810606
571,36961.10770721634
572,36961.107765150664
573,36961.10771848028
574,36961.10773110639
575,36961.10771489364
576,36961.107849764616
577,36961.1076426483
578,36961.10777138434
579,36961.10781013977
580,36961.107749354036
581,36961.10776252278
582,36961.10774725994
583,36961.10772394358
584,36961.10776243988
585,36961.10774139562
586,36961.10785783164
587,36961.10775978491
588,35679.778179054025
589,35679.778179054025
590,35679.778179054025
591,35679.778179053996
592,35679.778179054025
593,35679.77817905403
594,35679.77817905401
595,35679.778179054025
596,35679.778179054025
597,35679.77816576068
598,35679.77798007026
599,35679.77817214401
600,35679.77815145553
601,35679.778196822714
602,35679.778224322465
603,35679.77822072373
604,35679.7781626369
605,35679.77816030261
606,35679.77817915997
607,35679.778198116066
608,35679.778135994035
609,35679.778295421725
610,35679.77818070954
611,35679.77818140347
612,35679.7781358066
613,35679.778193780185
614,35679.77816336463
615,35679.77802046085
616,35679.77805596196
617,35679.77819117841
618,35679.77815607887
619,35679.77812329906
620,35679.77817692105
621,35679.778130782506
622,35679.778174759835
623,35679.7782013444
624,35679.77812764262
625,35679.7783251707
626,35679.77829540279
627,35679.778169251884
628,35679.77809472893
629,35679.778180874884
630,35679.778185864474
631,35679.7782214163
632,35679.77816219149
633,35679.77817596123
634,35679.77820649675
635,35679.778266593334
636,35679.77805174746
637,35287.12276392344
638,35287.122763923486
639,35287.1227639235
640,35287.12276392346
641,35287.122763923464
642,35287.12276392345
643,35287.122763923435
644,35287.12276392343
645,35287.12276392345
646,35287.122790344154
647,35287.12280273643
648,35287.12275386458
649,35287.12274950595
650,35287.12278766312
651,35287.12277126127
652,35287.12272191003
653,35287.12275244892
654,35287.12274835163
655,35287.12276868324
656,35287.12277969841
657,35287.122729989125
658,35287.12284280779
659,35287.12274826959
660,35287.12277428995
661,35287.12272993648
662,35287.12272786712
663,35287.122795312804
664,35287.12273153366
665,35287.12271215128
666,35287.12276593066
667,35287.122734040815
668,35287.122721847794
669,35287.1227621948
670,35287.12278197578
671,35287.12277289836
672,35287.122782039136
673,35287.12274382791
674,35287.122899339374
675,35287.122786320564
676,35287.12280578886
677,35287.12274193018
678,35287.122777764635
679,35287.122763478255
680,35287.122789207286
681,35287.12274618135
682,35287.12279743618
683,35287.12279294726
684,35287.12287909845
685,35287.12282720945
686,35046.18016953605
687,35046.180169536085
688,35046.180169536055
689,35046.18016953607
690,35046.180169536055
691,35046.180169536055
692,35046.180169536055
693,35046.180169536034
694,35046.18016953602
695,35046.18018233744
696,35046.18025926327
697,35046.18015747019
698,35046.18015467647
699,35046.18019330318
700,35046.18016988118
701,35046.180116479554
702,35046.180166156264
703,35046.18014964878
704,35046.180180079995
705,35046.18018691152
706,35046.18013464295
707,35046.180229817015
708,35046.18014049794
709,35046.18017890475
710,35046.180149431195
711,35046.18012866204
712,35046.180206326106
713,35046.18014257804
714,35046.1801306654
715,35046.18016902978
716,35046.18013970848
717,35046.180127981184
718,35046.18017071182
719,35046.18018870963
720,35046.18018087854
721,35046.18018810841
722,35046.18015782152
723,35046.180312920565
724,35046.1801821499
725,35046.18022070401
726,35046.18015733153
727,35046.18018168397
728,35046.18016174614
729,35046.180192177315
730,35046.18015264486
731,35046.180202318035
732,35046.18019795665
733,35046.18028870282
734,35046.18024470356
735,34125.10628694171
736,34125.10628694172
737,34125.10628694172
738,34125.106286941715
739,34125.10628694172
740,34125.10628694169
741,34125.10628694172
742,34125.10628694172
743,34125.10628694173
744,34125.10626051175
745,34125.10640265389
746,34125.10627289098
747,34125.10626246292
748,34125.10629217551
749,34125.106254782135
750,34125.10621108031
751,34125.10637137015
752,34125.106247104835
753,34125.10631513495
754,34125.10629510125
755,34125.10626031557
756,34125.10623502695
757,34125.1062182934
758,34125.10629996172
759,34125.106339855454
760,34125.10625579785
761,34125.106288553456
762,34125.106295549514
763,34125.10630624239
764,34125.106283831046
765,34125.10626542692
766,34125.10625644584
767,34125.10629632167
768,34125.106288631396
769,34125.106285482725
770,34125.106300568164
771,34125.10627930897
772,34125.10644610878
773,34125.1062740417
774,34125.10634627323
775,34125.1063250831
776,34125.106277420935
777,34125.106257432504
778,34125.10629867943
779,34125.10628068868
780,34125.10627976138
781,34125.106303416556
782,34125.10641309176
783,34125.10630585225
784,33341.03549762887
785,33341.0354976289
786,33341.0354976289
787,33341.03549762889
788,33341.03549762892
789,33341.035497628916
790,33341.03549762891
791,33341.03549762889
792,33341.03549762889
793,33341.03545529669
794,33341.03557170427
795,33341.03548282507
796,33341.035475599325
797,33341.035484703134
798,33341.03546880442
799,33341.035472997195
800,33341.03556286263
801,33341.0354516509
802,33341.035532759306
803,33341.035504811196
804,33341.0354722212
805,33341.035450653246
806,33341.03543646944
807,33341.03550936174
808,33341.035583307406
809,33341.03549701225
810,33341.03546572916
811,33341.035449535055
812,33341.03546987526
813,33341.03550004441
814,33341.03548173395
815,33341.035473440395
816,33341.035514978415
817,33341.03548652288
818,33341.035500668375
819,33341.03550836338
820,33341.03549233027
821,33341.035651308295
822,33341.03550134577
823,33341.03555586602
824,33341.03554772609
825,33341.035476741396
826,33341.0354580804
827,33341.03550483405
828,33341.03549934385
829,33341.035453439596
830,33341.03550973084
831,33341.035633371124
832,33341.03549762949
833,31865.576801827323
834,31865.576801827367
835,31865.57680182731
836,31865.576801827367
837,31865.576801827334
838,31865.576801827363
839,31865.57680182734
840,31865.576801827345
841,31865.576801827334
842,31865.57678002379
843,31865.576046927763
844,31865.57681783996
845,31865.576845397354
846,31865.57648800821
847,31865.577327511895
848,31865.57675634738
849,31865.577140152676
850,31865.57676109129
851,31865.576813626805
852,31865.576808913534
853,31865.57674721582
854,31865.57684990661
855,31865.576798600665
856,31865.576807565318
857,31865.57674197733
858,31865.577069989995
859,31865.576588904358
860,31865.576904222828
861,31865.576966407232
862,31865.576828208785
863,31865.576909172905
864,31865.576799204733
865,31865.576869205805
866,31865.57677000657
867,31865.576852403326
868,31865.57678773134
869,31865.576620061107
870,31865.576636387286
871,31865.577155393796
872,31865.576602783538
873,31865.576860074987
874,31865.576735086554
875,31865.57677364518
876,31865.576804138702
877,31865.576845893516
878,31865.576532168256
879,31865.57676009829
880,31865.576959748512
881,31865.576099020902
882,31978.719960060334
883,31978.719960060364
884,31978.719960060345
885,31978.719960060356
886,31978.719960060338
887,31978.719960060334
888,31978.71996006035
889,31978.719960060327
890,31978.719960060305
891,31978.71990005767
892,31978.71983658262
893,31978.7199534781
894,31978.71996280059
895,31978.719870950634
896,31978.72005019706
897,31978.719919421077
898,31978.720102229065
899,31978.71991565418
900,31978.719989062145
901,31978.719965749282
902,31978.71993236002
903,31978.71992103205
904,31978.719931880485
905,31978.71997365204
906,31978.720012387723
907,31978.71998742283
908,31978.719879601562
909,31978.719952246858
910,31978.719967866055
911,31978.71996985095
912,31978.719971127175
913,31978.71994794673
914,31978.719991130292
915,31978.719947738446
916,31978.71997913421
917,31978.719963412354
918,31978.719930356365
919,31978.720020823082
920,31978.720076617705
921,31978.720003038874
922,31978.720004222127
923,31978.719931153162
924,31978.719922791886
925,31978.71996309016
926,31978.719975020333
927,31978.7198702053
928,31978.719961176223
929,31978.720122429222
930,31978.719806798315
931,266406.6589019974
932,266406.6589019972
933,266406.658901997
934,266406.6589019971
935,266406.6589019971
936,266406.65890199743
937,266406.6589019973
938,266406.6589019974
939,266406.6589019974
940,266406.66510829405
941,266406.660729663
942,266406.6586601444
943,266406.6593179385
944,266406.65770625084
945,266406.6606294408
946,266406.65981359704
947,266406.65958625556
948,266406.65910048893
949,266406.6591877802
950,266406.6587290162
951,266406.658973189
952,266406.65636021696
953,266406.65802461223
954,266406.6590591555
955,266406.6622912949
956,266406.66053398466
957,266406.6577986774
958,266406.6610611061
959,266406.66054711986
960,266406.6589270855
961,266406.66091198515
962,266406.65932904405
963,266406.65887564915
964,266406.65950103616
965,266406.6587220135
966,266406.65843900375
967,266406.6584783094
968,266406.66170160705
969,266406.6573118814
970,266406.6543511919
971,266406.65895256057
972,266406.6588121381
973,266406.65877827356
974,266406.6585760677
975,266406.65896336525
976,266406.65831743256
977,266406.6580662554
978,266406.65891776665
979,266406.65415963065
980,31392.835145801593
981,31392.835145801597
982,31392.83514580162
983,31392.835145801553
984,31392.83514580157
985,31392.83514580157
986,31392.835145801615
987,31392.835145801597
988,31392.835145801582
989,31392.83509781959
990,31392.834925507235
991,31392.835143087843
992,31392.835157008692
993,31392.83502227658
994,31392.835286999
995,31392.83511925123
996,31392.835329479272
997,31392.835103002402
998,31392.835170923496
999,31392.835150812843
1000,31392.835115472728
1001,31392.835123150977
1002,31392.835129067662
1003,31392.835159018192
1004,31392.83518425617
1005,31392.835186056203
1006,31392.83504196233
1007,31392.83514474061
1008,31392.835154576733
1009,31392.835158561218
1010,31392.83517096663
1011,31392.83513751239
1012,31392.835182248113
1013,31392.835129997715
1014,31392.83517199911
1015,31392.835145914778
1016,31392.835100326847
1017,31392.835170866165
1018,31392.835316385757
1019,31392.835189765465
1020,31392.835189751477
1021,31392.835112150373
1022,31392.83511093386
1023,31392.835147666905
1024,31392.835165993896
1025,31392.83503077229
1026,31392.835140846088
1027,31392.835315787317
1028,31392.834921369133
1029,58057.085287288464
1030,58057.08528728827
1031,58057.08528728824
1032,58057.08528728841
1033,58057.08528728831
1034,58057.085287288384
1035,58057.08528728837
1036,58057.085287288384
1037,58057.08528728837
1038,58057.08569318111
1039,58057.083728403566
1040,58057.085408744395
1041,58057.08539491243
1042,58057.084244979866
1043,58057.08696193402
1044,58057.084780788995
1045,58057.08556841954
1046,58057.0852985272
1047,58057.0852492856
1048,58057.08526558988
1049,58057.085174925116
1050,58057.08499875088
1051,58057.08517432273
1052,58057.08525750147
1053,58057.085345786196
1054,58057.08675314817
1055,58057.0849649385
1056,58057.08602863088
1057,58057.08646156623
1058,58057.08529495806
1059,58057.08592322604
1060,58057.08533047752
1061,58057.085427550046
1062,58057.08540082211
1063,58057.085449159655
1064,58057.08518893482
1065,58057.08498422353
1066,58057.08503908228
1067,58057.08545171873
1068,58057.0832918143
1069,58057.08544169171
1070,58057.08520229779
1071,58057.08530197163
1072,58057.0852581351
1073,58057.08540385414
1074,58057.08465156463
1075,58057.085006616486
1076,58057.085333041854
1077,58057.083168283476
1078,30444.894423497688
1079,30444.894423497684
1080,30444.894423497735
1081,30444.89442349771
1082,30444.894423497703
1083,30444.894423497703
1084,30444.894423497717
1085,30444.894423497703
1086,30444.894423497724
1087,30444.89440845328
1088,30444.893979567267
1089,30444.8944297685
1090,30444.89445130504
1091,30444.89422266123
1092,30444.89470756891
1093,30444.894418770087
1094,30444.894686716256
1095,30444.894383644547
1096,30444.894440413485
1097,30444.89442730917
1098,30444.894383714785
1099,30444.894437222138
1100,30444.894421376062
1101,30444.894434019097
1102,30444.894422382757
1103,30444.894526932636
1104,30444.894265188548
1105,30444.894448973235
1106,30444.894459279447
1107,30444.894441818946
1108,30444.894485319714
1109,30444.894420647815
1110,30444.894471871037
1111,30444.89439802075
1112,30444.894463415247
1113,30444.894416662715
1114,30444.894320682928
1115,30444.89436732685
1116,30444.894699158787
1117,30444.894427168976
1118,30444.894471787677
1119,30444.894377440385
1120,30444.894393778424
1121,30444.894424172373
1122,30444.89445453365
1123,30444.894246451626
1124,30444.894401844067
1125,30444.894594723843
1126,30444.89402172611
1127,594507.6555248732
1128,594507.655524873
1129,594507.655524872
1130,594507.6555248727
1131,594507.655524873
1132,594507.6555248732
1133,594507.655524873
1134,594507.655524873
1135,594507.655524873
1136,594507.6701439737
1137,594507.6608156523
1138,594507.6553180438
1139,594507.6567429806
1140,594507.653174106
1141,594507.6577877179
1142,594507.6599698332
1143,594507.6556742468
1144,594507.6556110621
1145,594507.655882716
1146,594507.6562461724
1147,594507.6560366488
1148,594507.6503794135
1149,594507.65720084
1150,594507.6567091567
1151,594507.6632633543
1152,594507.6579040387
1153,594507.6535889081
1154,594507.6575383476
1155,594507.6560441506
1156,594507.6560402056
1157,594507.6569451884
1158,594507.6569699676
1159,594507.6552350497
1160,594507.6550772134
1161,594507.6548560768
1162,594507.6543103555
1163,594507.6555716872
1164,594507.662260505
1165,594507.6531848793
1166,594507.6527406437
1167,594507.6562120903
1168,594507.6554278601
1169,594507.6554978353
1170,594507.6542255898
1171,594507.6550217351
1172,594507.6546250744
1173,594507.6551912173
1174,594507.6524290759
1175,594507.6521555587
1176,30165.635926407555
1177,30165.63592640756
1178,30165.635926407525
1179,30165.635926407536
1180,30165.635926407536
1181,30165.63592640755
1182,30165.635926407525
1183,30165.635926407536
1184,30165.635926407565
1185,30165.635918648793
1186,30165.635425058965
1187,30165.635935093327
1188,30165.635959444382
1189,30165.635704720193
1190,30165.636258816838
1191,30165.635921071833
1192,30165.6362001297
1193,30165.635887926564
1194,30165.635940737524
1195,30165.63592990914
1196,30165.635883374096
1197,30165.635945253158
1198,30165.63592801434
1199,30165.63593601293
1200,30165.63590937882
1201,30165.636055862982
1202,30165.63575376615
1203,30165.635960249372
1204,30165.63597535887
1205,30165.63594580944
1206,30165.635999219438
1207,30165.635925211907
1208,30165.635977811777
1209,30165.635900388013
1210,30165.635970500072
1211,30165.635917569176
1212,30165.635804800953
1213,30165.635843976983
1214,30165.6362239096
1215,30165.63590677545
1216,30165.635976760113
1217,30165.63587819258
1218,30165.635898391443
1219,30165.63592647201
1220,30165.635960218995
1221,30165.635734149255
1222,30165.63589985767
1223,30165.636095806414
1224,30165.635479413133
1225,31129.065824419322
1226,31129.06582441931
1227,31129.06582441931
1228,31129.065824419326
1229,31129.065824419304
1230,31129.065824419267
1231,31129.06582441931
1232,31129.065824419304
1233,31129.06582441928
1234,31129.066209065426
1235,31129.064769948374
1236,31129.065881682185
1237,31129.06589439741
1238,31129.065548593924
1239,31129.066630569632
1240,31129.06568260538
1241,31129.06582005939
1242,31129.06580081154
1243,31129.065786419655
1244,31129.065809918742
1245,31129.065746838933
1246,31129.065584786502
1247,31129.065882901392
1248,31129.065823630135
1249,31129.065751906837
1250,31129.066345239316
1251,31129.06553892126
1252,31129.065902870265
1253,31129.066098671883
1254,31129.06583725246
1255,31129.06610728279
1256,31129.06585025398
1257,31129.06589828107
1258,31129.06585569646
1259,31129.065908252738
1260,31129.06578280691
1261,31129.065483715396
1262,31129.065766324165
1263,31129.065973013006
1264,31129.064938583273
1265,31129.065864798475
1266,31129.06577535284
1267,31129.065845784924
1268,31129.065816342623
1269,31129.065890039747
1270,31129.065493570095
1271,31129.065711159972
1272,31129.06589190548
1273,31129.064813960686
1274,28288.471965539495
1275,28288.471965539524
1276,28288.471965539542
1277,28288.471965539564
1278,28288.471965539527
1279,28288.471965539477
1280,28288.471965539484
1281,28288.47196553956
1282,28288.47196553951
1283,28288.47209109662
1284,28288.471219122668
1285,28288.47199074049
1286,28288.472012566705
1287,28288.471733730163
1288,28288.472458595177
1289,28288.47191642451
1290,28288.472133851985
1291,28288.471933146822
1292,28288.471956293146
1293,28288.471964886114
1294,28288.47191089175
1295,28288.47189563007
1296,28288.47200555739
1297,28288.47197088241
1298,28288.471922883607
1299,28288.47220553281
1300,28288.471737763204
1301,28288.47201806109
1302,28288.472084073543
1303,28288.47198636299
1304,28288.472103305354
1305,28288.471974213546
1306,28288.472027848155
1307,28288.471952280648
1308,28288.472025059575
1309,28288.4719459399
1310,28288.471733891234
1311,28288.471879056942
1312,28288.47224823696
1313,28288.47166340361
1314,28288.472000397425
1315,28288.471915748865
1316,28288.471959486895
1317,28288.4719638306
1318,28288.47201282352
1319,28288.47171605677
1320,28288.471913397785
1321,28288.472110947707
1322,28288.471320956538
1323,25397.263462394312
1324,25397.263462394272
1325,25397.26346239433
1326,25397.263462394312
1327,25397.2634623943
1328,25397.263462394334
1329,25397.263462394352
1330,25397.263462394312
1331,25397.263462394316
1332,25397.263689397856
1333,25397.262947710606
1334,25397.263493895836
1335,25397.263537821436
1336,25397.263276409383
1337,25397.26399409653
1338,25397.263402546774
1339,25397.26351963134
1340,25397.263478356137
1341,25397.263433623713
1342,25397.263444906348
1343,25397.263412869866
1344,25397.263511453446
1345,25397.263559260256
1346,25397.263477448494
1347,25397.26326386647
1348,25397.263690190928
1349,25397.263269515162
1350,25397.26349396969
1351,25397.2634417943
1352,25397.263463730615
1353,25397.263623765248
1354,25397.26348839657
1355,25397.263497007727
1356,25397.26347472709
1357,25397.26352636368
1358,25397.263433648503
1359,25397.263254019894
1360,25397.263316410048
1361,25397.2637274799
1362,25397.26324213622
1363,25397.263392565834
1364,25397.2634756782
1365,25397.26347496935
1366,25397.263448426926
1367,25397.263497018357
1368,25397.263349059303
1369,25397.263399955
1370,25397.26353385136
1371,25397.26317809728
1372,23555.74821128234
1373,23555.748211282393
1374,23555.748211282393
1375,23555.748211282364
1376,23555.748211282375
1377,23555.748211282367
1378,23555.74821128239
1379,23555.748211282353
1380,23555.74821128236
1381,23555.748453262167
1382,23555.74801710789
1383,23555.748236276875
1384,23555.748213663104
1385,23555.748286829188
1386,23555.74810814105
1387,23555.74829787357
1388,23555.74826617377
1389,23555.74822888793
1390,23555.748180857718
1391,23555.748176228582
1392,23555.748242596106
1393,23555.74847362672
1394,23555.748264126818
1395,23555.748234527633
1396,23555.748382662467
1397,23555.748109657296
1398,23555.74815969965
1399,23555.748294171295
1400,23555.748114361955
1401,23555.748208784717
1402,23555.748360842626
1403,23555.748248445492
1404,23555.7482295804
1405,23555.748131774035
1406,23555.74825328613
1407,23555.74817103847
1408,23555.748104690174
1409,23555.748521285554
1410,23555.748255277103
1411,23555.748139237407
1412,23555.748132065517
1413,23555.7482203266
1414,23555.74822665691
1415,23555.748200991926
1416,23555.748246019
1417,23555.748099928813
1418,23555.74815575317
1419,23555.748289050207
1420,23555.74797265489
1421,22380.09782932567
1422,22380.097829325707
1423,22380.097829325718
1424,22380.097829325736
1425,22380.097829325703
1426,22380.097829325678
1427,22380.09782932568
1428,22380.097829325696
1429,22380.097829325692
1430,22380.0976800307
1431,22380.09775452579
1432,22380.097841319544
1433,22380.097861887472
1434,22380.097870966045
1435,22380.097885334082
1436,22380.097822011074
1437,22380.09787764044
1438,22380.097864865314
1439,22380.097816097907
1440,22380.09780253622
1441,22380.09784281051
1442,22380.097995840115
1443,22380.09787936247
1444,22380.09785318923
1445,22380.09782083797
1446,22380.097761287023
1447,22380.097862969556
1448,22380.09788581584
1449,22380.097798753963
1450,22380.09782778339
1451,22380.097928717467
1452,22380.097869373134
1453,22380.097844856587
1454,22380.09781738888
1455,22380.09786583181
1456,22380.097795538342
1457,22380.09777384703
1458,22380.097817915906
1459,22380.09791208218
1460,22380.09781754704
1461,22380.09783230362
1462,22380.09785948579
1463,22380.09782734566
1464,22380.097808693452
1465,22380.09785520601
1466,22380.0977800911
1467,22380.097794007976
1468,22380.097997772275
1469,22380.09773286244
1470,21802.675968807802
1471,21802.675968807784
1472,21802.67596880779
1473,21802.67596880778
1474,21802.675968807787
1475,21802.675968807784
1476,21802.675968807795
1477,21802.67596880777
1478,21802.675968807784
1479,21802.67587806524
1480,21802.67589581062
1481,21802.675976127768
1482,21802.67600060867
1483,21802.675981803477
1484,21802.676037405716
1485,21802.675940881338
1486,21802.676030044066
1487,21802.676001787462
1488,21802.675955698145
1489,21802.67594874126
1490,21802.675975995677
1491,21802.67604482783
1492,21802.676001907163
1493,21802.67599301709
1494,21802.675955768264
1495,21802.67589141106
1496,21802.67599043989
1497,21802.676020259725
1498,21802.675972646586
1499,21802.675967523337
1500,21802.676038486035
1501,21802.676005054043
1502,21802.67598638141
1503,21802.675999272935
1504,21802.675999778494
1505,21802.67594080093
1506,21802.67594120518
1507,21802.675968170046
1508,21802.67602583101
1509,21802.67596968784
1510,21802.676006471647
1511,21802.67599776896
1512,21802.675969386826
1513,21802.67595050983
1514,21802.675994441735
1515,21802.675937400676
1516,21802.67594925324
1517,21802.676129290645
1518,21802.67593051349
1519,21112.84936502202
1520,21112.84936502206
1521,21112.84936502203
1522,21112.849365022048
1523,21112.84936502206
1524,21112.84936502203
1525,21112.849365022033
1526,21112.849365022015
1527,21112.849365022033
1528,21112.84931445432
1529,21112.849436004515
1530,21112.849359816642
1531,21112.849370888922
1532,21112.84941630857
1533,21112.84936147948
1534,21112.84943876737
1535,21112.84925240281
1536,21112.84937256851
1537,21112.849363046844
1538,21112.84935112031
1539,21112.84937601692
1540,21112.849339636956
1541,21112.849361525114
1542,21112.84938154057
1543,21112.849459093442
1544,21112.849394737008
1545,21112.849339527154
1546,21112.849231527496
1547,21112.849224223875
1548,21112.849372612156
1549,21112.84938342241
1550,21112.84939154921
1551,21112.849376969858
1552,21112.84932284454
1553,21112.849367184543
1554,21112.84935033477
1555,21112.849357907504
1556,21112.849496298466
1557,21112.84939159298
1558,21112.84937344727
1559,21112.84941292712
1560,21112.849371039516
1561,21112.84935857431
1562,21112.849358840973
1563,21112.849387735445
1564,21112.849320987207
1565,21112.849366250593
1566,21112.849475131683
1567,21112.849336138213
1568,20818.825728449414
1569,20818.825728449432
1570,20818.825728449425
1571,20818.82572844941
1572,20818.825728449403
1573,20818.825728449414
1574,20818.825728449377
1575,20818.8257284494
1576,20818.82572844943
1577,20818.825849094686
1578,20818.825724963262
1579,20818.825724059327
1580,20818.825734521306
1581,20818.825758276173
1582,20818.825712557693
1583,20818.825709954755
1584,20818.825707207343
1585,20818.825740132037
1586,20818.82571704137
1587,20818.825723449198
1588,20818.82573523118
1589,20818.825724083057
1590,20818.82573781403
1591,20818.82574534283
1592,20818.825790721447
1593,20818.825665990804
1594,20818.825722923164
1595,20818.825692826304
1596,20818.825690790993
1597,20818.82573214011
1598,20818.82572708195
1599,20818.82574884879
1600,20818.82574448698
1601,20818.825762289383
1602,20818.82573266907
1603,20818.825717441458
1604,20818.82576471686
1605,20818.825888087697
1606,20818.825699546655
1607,20818.82575210426
1608,20818.825770734376
1609,20818.825742266356
1610,20818.825734173013
1611,20818.82572864294
1612,20818.825751713317
1613,20818.825730218803
1614,20818.825745648333
1615,20818.82583413385
1616,20818.82579619444
1617,20645.892230684814
1618,20645.892230684793
1619,20645.892230684825
1620,20645.892230684847
1621,20645.89223068483
1622,20645.892230684818
1623,20645.892230684807
1624,20645.892230684844
1625,20645.892230684825
1626,20645.892271435845
1627,20645.892249965014
1628,20645.892227341217
1629,20645.892237505494
1630,20645.892247114676
1631,20645.892220651738
1632,20645.892178081278
1633,20645.892230596168
1634,20645.892245724288
1635,20645.89221940038
1636,20645.89222785874
1637,20645.892239680674
1638,20645.892223108895
1639,20645.892235594085
1640,20645.892246272473
1641,20645.89227980682
1642,20645.892170254872
1643,20645.892245206112
1644,20645.892241443522
1645,20645.892242297345
1646,20645.892235535706
1647,20645.89222793781
1648,20645.89225130579
1649,20645.89224656064
1650,20645.892273590936
1651,20645.892232371676
1652,20645.892219330966
1653,20645.892285517868
1654,20645.89235676785
1655,20645.892198879817
1656,20645.89225300115
1657,20645.892271422083
1658,20645.892247320993
1659,20645.89223709657
1660,20645.89223199182
1661,20645.89225269755
1662,20645.892244057664
1663,20645.89225065831
1664,20645.892347586523
1665,20645.892283905338
1666,20352.166690823597
1667,20352.16669082361
1668,20352.166690823607
1669,20352.166690823607
1670,20352.16669082357
1671,20352.16669082361
1672,20352.166690823604
1673,20352.166690823597
1674,20352.166690823607
1675,20352.16665799604
1676,20352.166742059202
1677,20352.166687123896
1678,20352.166697362132
1679,20352.166710629965
1680,20352.1666940018
1681,20352.166598258358
1682,20352.166676120287
1683,20352.1666988329
1684,20352.166681588213
1685,20352.166692982406
1686,20352.166698508776
1687,20352.166663115495
1688,20352.166695232117
1689,20352.16670045708
1690,20352.166716412026
1691,20352.166652752123
1692,20352.1666957653
1693,20352.166727073924
1694,20352.166722522823
1695,20352.166700612896
1696,20352.16668104039
1697,20352.16670659746
1698,20352.166705221567
1699,20352.166717962675
1700,20352.166681572122
1701,20352.16668298762
1702,20352.166738923952
1703,20352.166772652694
1704,20352.166670227583
1705,20352.166706486158
1706,20352.166697247027
1707,20352.16670318917
1708,20352.1666968533
1709,20352.16669884491
1710,20352.166709752797
1711,20352.166715677704
1712,20352.166715596806
1713,20352.16681574841
1714,20352.16671146902
1715,20107.690483010996
1716,20107.69048301097
1717,20107.690483010978
1718,20107.69048301097
1719,20107.69048301096
1720,20107.690483010992
1721,20107.69048301098
1722,20107.690483010978
1723,20107.690483011003
1724,20107.69043933903
1725,20107.690491776077
1726,20107.690478807763
1727,20107.69048067148
1728,20107.690462215345
1729,20107.690490313496
1730,20107.690459274807
1731,20107.690483508428
1732,20107.690482679296
1733,20107.69047799634
1734,20107.6904801758
1735,20107.690496118215
1736,20107.69056540133
1737,20107.69045714647
1738,20107.69048712473
1739,20107.69049243618
1740,20107.690503467828
1741,20107.690481999798
1742,20107.690520583572
1743,20107.690492496182
1744,20107.69049642266
1745,20107.690471483093
1746,20107.690492857317
1747,20107.690491721667
1748,20107.69049608456
1749,20107.690463890394
1750,20107.690474448857
1751,20107.690543854023
1752,20107.690502286056
1753,20107.690434337183
1754,20107.69049580031
1755,20107.690498177242
1756,20107.690482463662
1757,20107.690485456813
1758,20107.690498267817
1759,20107.69050090666
1760,20107.690497677973
1761,20107.69050406064
1762,20107.69059039998
1763,20107.690503171914
1764,19936.15195701241
1765,19936.15195701244
1766,19936.15195701244
1767,19936.15195701243
1768,19936.15195701244
1769,19936.151957012415
1770,19936.151957012407
1771,19936.151957012426
1772,19936.151957012426
1773,19936.151939449363
1774,19936.151994603926
1775,19936.151952207598
1776,19936.15196236583
1777,19936.1519485893
1778,19936.15200375235
1779,19936.151949115367
1780,19936.15193643911
1781,19936.151949487867
1782,19936.15195389652
1783,19936.151950867563
1784,19936.151960678642
1785,19936.151937619456
1786,19936.151920772263
1787,19936.151957583905
1788,19936.151930090746
1789,19936.151991286755
1790,19936.151930154556
1791,19936.151989186426
1792,19936.151932009045
1793,19936.151974852495
1794,19936.151950454074
1795,19936.15196487883
1796,19936.15196170141
1797,19936.15194463758
1798,19936.151929944754
1799,19936.15194855393
1800,19936.151947634826
1801,19936.15195384904
1802,19936.151970934505
1803,19936.151949235074
1804,19936.151939015763
1805,19936.15195010259
1806,19936.15195747462
1807,19936.151974597622
1808,19936.151973202406
1809,19936.151958865867
1810,19936.151972763415
1811,19936.152063031634
1812,19936.15191957653
1813,19807.68754824429
1814,19807.6875482443
1815,19807.68754824429
1816,19807.6875482443
1817,19807.687548244285
1818,19807.687548244292
1819,19807.68754824428
1820,19807.687548244303
1821,19807.68754824429
1822,19807.68756246527
1823,19807.68755129534
1824,19807.687543241744
1825,19807.687550143866
1826,19807.687544302433
1827,19807.687563023115
1828,19807.687562733237
1829,19807.68754245205
1830,19807.68754004813
1831,19807.687545276687
1832,19807.687539932194
1833,19807.68755295037
1834,19807.687540638966
1835,19807.687512998982
1836,19807.687549132348
1837,19807.687532663087
1838,19807.687550043684
1839,19807.687527133436
1840,19807.687575107862
1841,19807.687511761596
1842,19807.687564171163
1843,19807.68754185079
1844,19807.687555540033
1845,19807.68755242762
1846,19807.68754453327
1847,19807.687524941088
1848,19807.687539798044
1849,19807.687533315715
1850,19807.687552916657
1851,19807.687554300133
1852,19807.687537702222
1853,19807.687541317504
1854,19807.68753952439
1855,19807.68754802392
1856,19807.68756507649
1857,19807.68756498601
1858,19807.687544659006
1859,19807.68756201343
1860,19807.687661363307
1861,19807.68751102625
1862,19579.78582401803
1863,19579.78582401797
1864,19579.78582401797
1865,19579.78582401798
1866,19579.785824018
1867,19579.785824017996
1868,19579.78582401799
1869,19579.785824018003
1870,19579.785824018018
1871,19579.785885968588
1872,19579.785821666836
1873,19579.78581860412
1874,19579.78582176526
1875,19579.78581616971
1876,19579.785800620015
1877,19579.78586632052
1878,19579.785845223083
1879,19579.78581886202
1880,19579.78582079164
1881,19579.785815082512
1882,19579.785826656225
1883,19579.78584394442
1884,19579.785793859624
1885,19579.785824030114
1886,19579.785817165008
1887,19579.78578093102
1888,19579.785835121536
1889,19579.785843664053
1890,19579.785767441947
1891,19579.785834284972
1892,19579.785818210446
1893,19579.78582860843
1894,19579.785826766976
1895,19579.785834429433
1896,19579.785812683243
1897,19579.78581747259
1898,19579.785809964134
1899,19579.78584537914
1900,19579.78582815628
1901,19579.78581968857
1902,19579.785826677013
1903,19579.785817696502
1904,19579.78582269868
1905,19579.785839220003
1906,19579.785839100365
1907,19579.78581855138
1908,19579.78583623747
1909,19579.785943377774
1910,19579.78581387398
1911,19347.340547704523
1912,19347.34054770454
1913,19347.34054770454
1914,19347.340547704534
1915,19347.340547704534
1916,19347.34054770455
1917,19347.340547704527
1918,19347.340547704538
1919,19347.34054770452
1920,19347.340629486345
1921,19347.34042280512
1922,19347.340543079416
1923,19347.340542513586
1924,19347.34053270359
1925,19347.34051797324
1926,19347.34057834445
1927,19347.340568090705
1928,19347.34054411465
1929,19347.340540563044
1930,19347.340543589224
1931,19347.340538316283
1932,19347.340532239177
1933,19347.340537257176
1934,19347.340541091817
1935,19347.340539417964
1936,19347.34049938252
1937,19347.34057103318
1938,19347.340535254127
1939,19347.340503430103
1940,19347.34055093047
1941,19347.34055220342
1942,19347.34054682507
1943,19347.34055332718
1944,19347.340582846173
1945,19347.34055217956
1946,19347.340547139
1947,19347.34052565633
1948,19347.340552788144
1949,19347.34052143623
1950,19347.340462282893
1951,19347.340581293847
1952,19347.340543434686
1953,19347.340548400407
1954,19347.340562937366
1955,19347.340560724602
1956,19347.340528567252
1957,19347.34055672894
1958,19347.34068355504
1959,19347.340467704453
1960,19068.212162666245
1961,19068.212162666245
1962,19068.212162666245
1963,19068.212162666234
1964,19068.212162666263
1965,19068.212162666234
1966,19068.21216266624
1967,19068.21216266624
1968,19068.21216266624
1969,19068.212198887213
1970,19068.21215071218
1971,19068.21215820634
1972,19068.21215538731
1973,19068.212125607133
1974,19068.212119567357
1975,19068.21218340608
1976,19068.212195625405
1977,19068.2121752605
1978,19068.212155751986
1979,19068.21216374766
1980,19068.212147084134
1981,19068.21216767545
1982,19068.212163042273
1983,19068.212153397042
1984,19068.212157172995
1985,19068.21211000598
1986,19068.21224471599
1987,19068.212159286304
1988,19068.212111445642
1989,19068.212157566635
1990,19068.212174329765
1991,19068.21216055781
1992,19068.212164368866
1993,19068.21220170811
1994,19068.212184121232
1995,19068.212166429144
1996,19068.212163452503
1997,19068.212174757176
1998,19068.21215698564
1999,19068.212124522
2000,19068.21219184791
2001,19068.21217402585
2002,19068.212160596027
2003,19068.212170062227
2004,19068.212164956265
2005,19068.212161380827
2006,19068.212170214563
2007,19068.212294115023
2008,19068.212167911668
2009,18777.10837690194
2010,18777.10837690194
2011,18777.10837690192
2012,18777.108376901928
2013,18777.108376901888
2014,18777.108376901935
2015,18777.10837690195
2016,18777.10837690196
2017,18777.108376901957
2018,18777.108377519588
2019,18777.108397610566
2020,18777.108375093303
2021,18777.10836231495
2022,18777.10833267761
2023,18777.10831440535
2024,18777.108359203743
2025,18777.108403178157
2026,18777.108395776795
2027,18777.10836826964
2028,18777.10838078056
2029,18777.10836447457
2030,18777.108372682756
2031,18777.10837304531
2032,18777.108366542172
2033,18777.10839031164
2034,18777.108339315146
2035,18777.10844813682
2036,18777.108405430146
2037,18777.10836148561
2038,18777.108369771733
2039,18777.108397428965
2040,18777.108374971416
2041,18777.108377259887
2042,18777.10841391474
2043,18777.108403187314
2044,18777.108382458857
2045,18777.108391366815
2046,18777.108394047023
2047,18777.108355054104
2048,18777.108352682662
2049,18777.108410027937
2050,18777.1083934414
2051,18777.10837647213
2052,18777.108381083122
2053,18777.108373922794
2054,18777.108382323964
2055,18777.10838233692
2056,18777.108503068634
2057,18777.108392722974
2058,18047.679509013113
2059,18047.679509013105
2060,18047.679509013105
2061,18047.679509013116
2062,18047.6795090131
2063,18047.6795090131
2064,18047.679509013124
2065,18047.679509013113
2066,18047.67950901309
2067,18047.679435592556
2068,18047.679590264906
2069,18047.67952097287
2070,18047.679500172002
2071,18047.679447608236
2072,18047.679485343386
2073,18047.679453869758
2074,18047.679531119127
2075,18047.67954215675
2076,18047.6795032052
2077,18047.67951189625
2078,18047.67948519219
2079,18047.679469865947
2080,18047.67951761996
2081,18047.67949087001
2082,18047.679499511363
2083,18047.679539679913
2084,18047.679536855685
2085,18047.679579818014
2086,18047.679535888383
2087,18047.67950453815
2088,18047.67956884867
2089,18047.679507700574
2090,18047.67949776937
2091,18047.679543463873
2092,18047.67954275173
2093,18047.679514274358
2094,18047.679519186022
2095,18047.679473263426
2096,18047.67948078907
2097,18047.6794980515
2098,18047.67957195114
2099,18047.67953401522
2100,18047.679509991744
2101,18047.67950352324
2102,18047.67948653992
2103,18047.67951364902
2104,18047.679495918786
2105,18047.679607469283
2106,18047.679526880627
2107,18404.16404027161
2108,18404.164040271637
2109,18404.16404027163
2110,18404.164040271637
2111,18404.164040271597
2112,18404.164040271597
2113,18404.164040271622
2114,18404.164040271608
2115,18404.164040271622
2116,18404.164325505557
2117,18404.164131647587
2118,18404.16410563953
2119,18404.164036233797
2120,18404.16388496578
2121,18404.164028229436
2122,18404.163645790362
2123,18404.164053104985
2124,18404.164094932148
2125,18404.164026568484
2126,18404.164074000215
2127,18404.163917100173
2128,18404.163881678363
2129,18404.163984213417
2130,18404.163963350085
2131,18404.164023624737
2132,18404.16412853504
2133,18404.164057489234
2134,18404.164084613447
2135,18404.164384847332
2136,18404.16403291731
2137,18404.164195064583
2138,18404.16399739062
2139,18404.163996254385
2140,18404.16410135714
2141,18404.164118634417
2142,18404.164069216862
2143,18404.16408717279
2144,18404.16418228254
2145,18404.163986338837
2146,18404.164030153654
2147,18404.163884682228
2148,18404.164074386536
2149,18404.16407142639
2150,18404.1640544978
2151,18404.163938216745
2152,18404.164102981427
2153,18404.163995906125
2154,18404.164134793868
2155,18404.16397929337
2156,17511.975636909454
2157,17511.97563690946
2158,17511.975636909443
2159,17511.97563690946
2160,17511.97563690946
2161,17511.975636909476
2162,17511.975636909447
2163,17511.975636909476
2164,17511.975636909454
2165,17511.975701818796
2166,17511.975731194754
2167,17511.97566755631
2168,17511.975624651117
2169,17511.975546406884
2170,17511.975608218985
2171,17511.9754766584
2172,17511.975667365346
2173,17511.975678354403
2174,17511.97562760047
2175,17511.9756506878
2176,17511.97558248596
2177,17511.975556146146
2178,17511.975632655278
2179,17511.97559816569
2180,17511.975633780137
2181,17511.975699463568
2182,17511.975662013974
2183,17511.97573640307
2184,17511.975760914767
2185,17511.97563215323
2186,17511.975731718474
2187,17511.975620971574
2188,17511.975613685197
2189,17511.975691209984
2190,17511.975684562713
2191,17511.97565085294
2192,17511.975672196113
2193,17511.975662262284
2194,17511.97556438718
2195,17511.975621241265
2196,17511.975669467854
2197,17511.975665814785
2198,17511.97564921585
2199,17511.975637513347
2200,17511.975585943477
2201,17511.975660203923
2202,17511.97561283438
2203,17511.975722701383
2204,17511.97564774004
2205,22047.00410305794
2206,22047.004103057927
2207,22047.004103057927
2208,22047.004103057967
2209,22047.00410305795
2210,22047.004103057912
2211,22047.004103057952
2212,22047.004103057916
2213,22047.004103057945
2214,22047.004330726482
2215,22047.004161160825
2216,22047.004194807298
2217,22047.004137828077
2218,22047.003865433504
2219,22047.004306677776
2220,22047.003444342132
2221,22047.004009086333
2222,22047.004114368996
2223,22047.00409470032
2224,22047.00412702869
2225,22047.00395230233
2226,22047.004160176934
2227,22047.004245743745
2228,22047.004018135118
2229,22047.003969740323
2230,22047.00436742877
2231,22047.003879160846
2232,22047.003784075256
2233,22047.004582754296
2234,22047.004100227132
2235,22047.00432318728
2236,22047.004058971244
2237,22047.004055786772
2238,22047.004006782645
2239,22047.004198971794
2240,22047.004125288524
2241,22047.00408571048
2242,22047.004289249704
2243,22047.004265935815
2244,22047.004074415156
2245,22047.003553117927
2246,22047.004107080196
2247,22047.00413636579
2248,22047.004116637112
2249,22047.003995215822
2250,22047.004131510617
2251,22047.004022382174
2252,22047.004098494308
2253,22047.00371634061
2254,17027.02816540245
2255,17027.028165402404
2256,17027.028165402404
2257,17027.028165402397
2258,17027.028165402426
2259,17027.028165402415
2260,17027.028165402422
2261,17027.028165402433
2262,17027.02816540244
2263,17027.028254652356
2264,17027.028261456737
2265,17027.028206861985
2266,17027.02816010223
2267,17027.028065192986
2268,17027.028173631246
2269,17027.027975836696
2270,17027.02818200172
2271,17027.028202834663
2272,17027.028159353842
2273,17027.028178873494
2274,17027.028099866322
2275,17027.028104433582
2276,17027.02817403714
2277,17027.028119459137
2278,17027.02814288163
2279,17027.028277837624
2280,17027.028149127993
2281,17027.02822323314
2282,17027.028307855173
2283,17027.028163160663
2284,17027.028280385628
2285,17027.028145770324
2286,17027.02813589865
2287,17027.02820463959
2288,17027.02821666248
2289,17027.028179507917
2290,17027.02819858668
2291,17027.028196412062
2292,17027.02811041764
2293,17027.028146477693
2294,17027.028158639794
2295,17027.028189620312
2296,17027.028179883775
2297,17027.02816734762
2298,17027.028104124365
2299,17027.02817955231
2300,17027.028131155024
2301,17027.028226502764
2302,17027.028123162134
2303,15899.671417745409
2304,15899.671417745409
2305,15899.671417745452
2306,15899.671417745443
2307,15899.671417745447
2308,15899.671417745427
2309,15899.671417745418
2310,15899.671417745421
2311,15899.671417745429
2312,15899.671598116072
2313,15899.6714657355
2314,15899.671448718223
2315,15899.67142215499
2316,15899.671338289092
2317,15899.6714228155
2318,15899.671286800936
2319,15899.67139458264
2320,15899.671406326808
2321,15899.671409105154
2322,15899.671424217797
2323,15899.671383505736
2324,15899.671456406424
2325,15899.671392203889
2326,15899.671397881562
2327,15899.671390063484
2328,15899.671500186349
2329,15899.671292129786
2330,15899.671372946215
2331,15899.671500687302
2332,15899.671422446394
2333,15899.67148437
2334,15899.671407453714
2335,15899.671397392802
2336,15899.671440219423
2337,15899.67143742976
2338,15899.671425246048
2339,15899.671470409656
2340,15899.671509557913
2341,15899.671383817054
2342,15899.671475003859
2343,15899.671335829022
2344,15899.671409201148
2345,15899.671435161892
2346,15899.671417720072
2347,15899.671376484761
2348,15899.67143231694
2349,15899.671404210036
2350,15899.67142809759
2351,15899.671331529555
2352,14780.892634518807
2353,14780.892634518807
2354,14780.892634518814
2355,14780.892634518807
2356,14780.892634518817
2357,14780.892634518821
2358,14780.892634518821
2359,14780.892634518812
2360,14780.89263451882
2361,14780.892532924385
2362,14780.892654648158
2363,14780.892661826625
2364,14780.892652777135
2365,14780.89255636004
2366,14780.89265101009
2367,14780.892549415707
2368,14780.892596674837
2369,14780.892655094392
2370,14780.892636708835
2371,14780.892643061392
2372,14780.892591140744
2373,14780.892656166308
2374,14780.89264409893
2375,14780.892619053484
2376,14780.892620988101
2377,14780.892650718048
2378,14780.892625613125
2379,14780.892540360304
2380,14780.892757771762
2381,14780.892637770025
2382,14780.892699410693
2383,14780.892636654862
2384,14780.892609347533
2385,14780.892680571831
2386,14780.89266655197
2387,14780.892640874703
2388,14780.892707991043
2389,14780.892720217384
2390,14780.89267157064
2391,14780.892671234002
2392,14780.892565072825
2393,14780.892646582073
2394,14780.892638375086
2395,14780.892616161236
2396,14780.892581412461
2397,14780.892674373856
2398,14780.892619807653
2399,14780.892654426394
2400,14780.892531316624
2401,15277.188781535668
2402,15277.188781535711
2403,15277.1887815357
2404,15277.188781535691
2405,15277.188781535711
2406,15277.188781535693
2407,15277.18878153569
2408,15277.188781535673
2409,15277.188781535677
2410,15277.188514500676
2411,15277.188801253318
2412,15277.188774233331
2413,15277.18879742948
2414,15277.188808894813
2415,15277.188764838013
2416,15277.18912289758
2417,15277.188818915129
2418,15277.188783986341
2419,15277.188800478854
2420,15277.188768126562
2421,15277.188796515604
2422,15277.18894037661
2423,15277.188700020854
2424,15277.188806744152
2425,15277.188795484628
2426,15277.188817249631
2427,15277.18879479221
2428,15277.188759139075
2429,15277.188507210985
2430,15277.188789184556
2431,15277.188757944175
2432,15277.188810421301
2433,15277.188764174638
2434,15277.188863928995
2435,15277.188771950883
2436,15277.188779513783
2437,15277.188907738557
2438,15277.18873106413
2439,15277.188782926825
2440,15277.188753703222
2441,15277.189035599491
2442,15277.18878005379
2443,15277.188759575436
2444,15277.188749285178
2445,15277.188764412582
2446,15277.188766958274
2447,15277.188788174191
2448,15277.188813298788
2449,15277.188811238408
2450,14241.130409354957
2451,14241.130409354955
2452,14241.130409354948
2453,14241.130409354953
2454,14241.13040935496
2455,14241.130409354977
2456,14241.130409354973
2457,14241.130409354973
2458,14241.130409354968
2459,14241.130261881313
2460,14241.130421202133
2461,14241.130420231995
2462,14241.130425451669
2463,14241.130376970928
2464,14241.130413844634
2465,14241.130518973105
2466,14241.130407094071
2467,14241.13042394066
2468,14241.130417502556
2469,14241.130409284266
2470,14241.130394709297
2471,14241.130483844536
2472,14241.130374556036
2473,14241.130413302439
2474,14241.130408545461
2475,14241.130432428316
2476,14241.130416749673
2477,14241.13036480232
2478,14241.130361904641
2479,14241.130414401565
2480,14241.130433227281
2481,14241.130423873978
2482,14241.130389628008
2483,14241.130483580222
2484,14241.130422489849
2485,14241.130411780956
2486,14241.130501638487
2487,14241.130436357545
2488,14241.1304104121
2489,14241.130420888212
2490,14241.130505982172
2491,14241.130417313574
2492,14241.13040262925
2493,14241.130384350148
2494,14241.13037444877
2495,14241.130428813913
2496,14241.130406697852
2497,14241.130428608369
2498,14241.130388687106
2499,13632.000408471504
2500,13632.000408471476
2501,13632.000408471476
2502,13632.000408471495
2503,13632.000408471496
2504,13632.000408471478
2505,13632.000408471496
2506,13632.000408471506
2507,13632.000408471495
2508,13632.000399152872
2509,13632.00042362304
2510,13632.000418328424
2511,13632.000425213355
2512,13632.00040243426
2513,13632.000429115496
2514,13632.000452647659
2515,13632.000410585599
2516,13632.000418061536
2517,13632.000408150661
2518,13632.000419409747
2519,13632.000395903227
2520,13632.00044048015
2521,13632.00038026817
2522,13632.000419153426
2523,13632.000403746355
2524,13632.000369980155
2525,13632.000423912736
2526,13632.000401923488
2527,13632.00043129913
2528,13632.000411285038
2529,13632.0004122686
2530,13632.000421171217
2531,13632.00039798752
2532,13632.000512963836
2533,13632.000421559056
2534,13632.000415013916
2535,13632.00046396263
2536,13632.000507817564
2537,13632.000403940428
2538,13632.000442387744
2539,13632.000443041805
2540,13632.000415921486
2541,13632.000409315693
2542,13632.00038856788
2543,13632.000379752433
2544,13632.000462526374
2545,13632.00042235821
2546,13632.000429051068
2547,13632.000438055522
2548,13198.66288272513
2549,13198.662882725162
2550,13198.662882725144
2551,13198.66288272513
2552,13198.662882725135
2553,13198.662882725128
2554,13198.66288272514
2555,13198.66288272514
2556,13198.662882725135
2557,13198.662950357739
2558,13198.662956891312
2559,13198.662891399083
2560,13198.662885517708
2561,13198.662938072062
2562,13198.66288107077
2563,13198.662893461353
2564,13198.662875299662
2565,13198.662874613883
2566,13198.662883534967
2567,13198.662900373554
2568,13198.662875195067
2569,13198.66278892727
2570,13198.662878612911
2571,13198.662890440308
2572,13198.662919221506
2573,13198.662891326416
2574,13198.662876310787
2575,13198.662866951341
2576,13198.662860497905
2577,13198.662883959416
2578,13198.662881420098
2579,13198.662888936993
2580,13198.662875238682
2581,13198.66292415253
2582,13198.662894879053
2583,13198.662895157058
2584,13198.662884843521
2585,13198.66311454722
2586,13198.662978030838
2587,13198.662926069897
2588,13198.662816200578
2589,13198.662877785257
2590,13198.662882927129
2591,13198.662873774818
2592,13198.66285770286
2593,13198.662893813194
2594,13198.662903367524
2595,13198.662897604332
2596,13198.662835786921
2597,12840.395028511139
2598,12840.395028511135
2599,12840.395028511137
2600,12840.395028511148
2601,12840.395028511133
2602,12840.395028511142
2603,12840.395028511119
2604,12840.39502851115
2605,12840.395028511142
2606,12840.395124872319
2607,12840.395099723286
2608,12840.395034493153
2609,12840.395027985358
2610,12840.395084892849
2611,12840.395029438463
2612,12840.394996750567
2613,12840.395028416331
2614,12840.395021371609
2615,12840.395025481776
2616,12840.395054709106
2617,12840.395021404524
2618,12840.394940414186
2619,12840.39502421622
2620,12840.395036071914
2621,12840.395060505049
2622,12840.395032112758
2623,12840.395053275422
2624,12840.39504174336
2625,12840.395054079047
2626,12840.395025091862
2627,12840.395019238498
2628,12840.395030948968
2629,12840.395026594608
2630,12840.395086582485
2631,12840.395045422063
2632,12840.395044391971
2633,12840.39503304206
2634,12840.395255051084
2635,12840.395098264034
2636,12840.39505990368
2637,12840.39497333747
2638,12840.395024236162
2639,12840.39503057434
2640,12840.395024728768
2641,12840.395006032115
2642,12840.395050585072
2643,12840.395057210217
2644,12840.395055366143
2645,12840.395022980296
2646,11975.281033752304
2647,11975.281033752299
2648,11975.281033752299
2649,11975.281033752306
2650,11975.28103375229
2651,11975.281033752317
2652,11975.281033752302
2653,11975.281033752299
2654,11975.281033752306
2655,11975.28111043427
2656,11975.281035316424
2657,11975.2810298462
2658,11975.281007188276
2659,11975.281105796783
2660,11975.280971623117
2661,11975.280940885825
2662,11975.281030754051
2663,11975.281003456626
2664,11975.281029836784
2665,11975.281072551545
2666,11975.281041059034
2667,11975.281050625816
2668,11975.28105196733
2669,11975.28103275379
2670,11975.281085991788
2671,11975.28108264729
2672,11975.281071735715
2673,11975.281013714832
2674,11975.281064846156
2675,11975.281020069628
2676,11975.281013849552
2677,11975.281021904826
2678,11975.281045833464
2679,11975.281051128797
2680,11975.28105814637
2681,11975.281058440365
2682,11975.281054026149
2683,11975.281216303307
2684,11975.2810020631
2685,11975.280986982461
2686,11975.281000944817
2687,11975.281004922632
2688,11975.28103266449
2689,11975.2810499962
2690,11975.281023441497
2691,11975.281010231802
2692,11975.281068550343
2693,11975.281091299856
2694,11975.280973023517
2695,11461.124663851646
2696,11461.124663851637
2697,11461.124663851646
2698,11461.124663851639
2699,11461.12466385164
2700,11461.124663851635
2701,11461.12466385165
2702,11461.124663851646
2703,11461.12466385164
2704,11461.124740370185
2705,11461.12465652063
2706,11461.124657052284
2707,11461.124660880581
2708,11461.124678625687
2709,11461.124704977115
2710,11461.124635849541
2711,11461.124674826551
2712,11461.124650273761
2713,11461.124667455626
2714,11461.124704964635
2715,11461.124652163346
2716,11461.124705088887
2717,11461.124691780773
2718,11461.124668161096
2719,11461.12465382947
2720,11461.124711438291
2721,11461.124722076136
2722,11461.12461481168
2723,11461.124683184482
2724,11461.124651750792
2725,11461.124636211198
2726,11461.124657843153
2727,11461.12467259836
2728,11461.124686281293
2729,11461.124687336063
2730,11461.124688942344
2731,11461.124638298803
2732,11461.124769857845
2733,11461.124695709372
2734,11461.124620110471
2735,11461.124609509618
2736,11461.124649646326
2737,11461.12465407865
2738,11461.12467257046
2739,11461.124648689934
2740,11461.12466895819
2741,11461.124698900776
2742,11461.124698702683
2743,11461.124692966692
2744,10877.786760152934
2745,10877.786760152938
2746,10877.786760152938
2747,10877.786760152923
2748,10877.786760152945
2749,10877.786760152941
2750,10877.78676015294
2751,10877.786760152932
2752,10877.786760152943
2753,10877.786762931866
2754,10877.786704310744
2755,10877.786751456944
2756,10877.786778449932
2757,10877.786711220064
2758,10877.78688295029
2759,10877.786728562383
2760,10877.786786668026
2761,10877.786746709633
2762,10877.786775667326
2763,10877.786781204095
2764,10877.786739452433
2765,10877.786749292534
2766,10877.786805673422
2767,10877.78676274263
2768,10877.786674955376
2769,10877.786853758853
2770,10877.786740871366
2771,10877.786702745161
2772,10877.786715298222
2773,10877.78675420949
2774,10877.78674597934
2775,10877.786759863722
2776,10877.786761978614
2777,10877.786774618065
2778,10877.786775074139
2779,10877.78677352704
2780,10877.786707510964
2781,10877.786702454518
2782,10877.7868162254
2783,10877.786685265412
2784,10877.786727977109
2785,10877.786745056637
2786,10877.786741001039
2787,10877.78676356828
2788,10877.786748906386
2789,10877.786756536516
2790,10877.786774247661
2791,10877.786767062535
2792,10877.786717189843
2793,10208.981097485446
2794,10208.98109748546
2795,10208.981097485475
2796,10208.981097485463
2797,10208.981097485457
2798,10208.981097485477
2799,10208.981097485472
2800,10208.981097485468
2801,10208.981097485468
2802,10208.981053370404
2803,10208.981100135448
2804,10208.981092257742
2805,10208.981090938152
2806,10208.981071103155
2807,10208.98109625628
2808,10208.981131457193
2809,10208.981114555421
2810,10208.981088824072
2811,10208.98111356962
2812,10208.981098748249
2813,10208.981111863211
2814,10208.981111403351
2815,10208.981166122529
2816,10208.981104748185
2817,10208.981097872833
2818,10208.981153199886
2819,10208.981096560201
2820,10208.981108408763
2821,10208.981058772983
2822,10208.981103423273
2823,10208.981095030473
2824,10208.981105256871
2825,10208.981089085622
2826,10208.981115412595
2827,10208.981089311057
2828,10208.981103384216
2829,10208.981085322803
2830,10208.981108315851
2831,10208.981088254634
2832,10208.981070918091
2833,10208.98110140711
2834,10208.981089340334
2835,10208.981081232934
2836,10208.981096941743
2837,10208.981089108036
2838,10208.981090171214
2839,10208.981099399505
2840,10208.981105881763
2841,10208.981078060615
2842,10021.779240648211
2843,10021.779240648213
2844,10021.77924064822
2845,10021.779240648213
2846,10021.779240648202
2847,10021.77924064821
2848,10021.779240648204
2849,10021.77924064821
2850,10021.779240648199
2851,10021.779274561828
2852,10021.779260982868
2853,10021.779238452624
2854,10021.779235001126
2855,10021.779241460386
2856,10021.779218066991
2857,10021.779268367389
2858,10021.779254738427
2859,10021.77923116279
2860,10021.779248977373
2861,10021.77923761351
2862,10021.779258491724
2863,10021.779216934012
2864,10021.77930359358
2865,10021.77925019857
2866,10021.779253140108
2867,10021.779258146771
2868,10021.779225791419
2869,10021.77927339149
2870,10021.779228589225
2871,10021.779249941685
2872,10021.77924273868
2873,10021.779250851794
2874,10021.779230236036
2875,10021.779269623732
2876,10021.779224211225
2877,10021.77924350825
2878,10021.779216620518
2879,10021.779298459001
2880,10021.779251006174
2881,10021.779255160818
2882,10021.779222537041
2883,10021.779233284275
2884,10021.779233156845
2885,10021.779239290503
2886,10021.779233173707
2887,10021.779240638065
2888,10021.779242995652
2889,10021.779246841683
2890,10021.779242301813
2891,9899.231299828538
2892,9899.231299828549
2893,9899.231299828549
2894,9899.231299828552
2895,9899.23129982856
2896,9899.231299828552
2897,9899.231299828549
2898,9899.231299828538
2899,9899.231299828545
2900,9899.231336219269
2901,9899.23128871291
2902,9899.231298961777
2903,9899.231293564839
2904,9899.231300701918
2905,9899.231260095625
2906,9899.231318048067
2907,9899.231293295155
2908,9899.231288040897
2909,9899.231306949954
2910,9899.231289533367
2911,9899.231321320656
2912,9899.231287491535
2913,9899.231349378646
2914,9899.231307182072
2915,9899.231311807962
2916,9899.23131339323
2917,9899.231265271095
2918,9899.231309692883
2919,9899.23128399946
2920,9899.231314079807
2921,9899.231307341899
2922,9899.231309315595
2923,9899.231288501967
2924,9899.23130148063
2925,9899.231273537529
2926,9899.231297744134
2927,9899.231275065458
2928,9899.231361016044
2929,9899.231287966288
2930,9899.231327852547
2931,9899.231257945874
2932,9899.23129151813
2933,9899.231295104559
2934,9899.23129969839
2935,9899.231294467116
2936,9899.231291136695
2937,9899.231296687007
2938,9899.231301240527
2939,9899.231288527048
2940,9787.684384136173
2941,9787.684384136166
2942,9787.684384136172
2943,9787.684384136162
2944,9787.684384136155
2945,9787.684384136166
2946,9787.684384136162
2947,9787.684384136175
2948,9787.68438413617
2949,9787.68431426991
2950,9787.68438702945
2951,9787.684387317113
2952,9787.684394734251
2953,9787.684394248965
2954,9787.684387957714
2955,9787.684404802665
2956,9787.684412223898
2957,9787.684389139018
2958,9787.68438756616
2959,9787.684372058164
2960,9787.684392480478
2961,9787.684395895642
2962,9787.684413817558
2963,9787.684395290404
2964,9787.68437434311
2965,9787.684348561883
2966,9787.6844046321
2967,9787.6844110147
2968,9787.684418653971
2969,9787.684402790872
2970,9787.684403773443
2971,9787.684400035292
2972,9787.684368625698
2973,9787.684435958181
2974,9787.68435495179
2975,9787.684376892257
2976,9787.684409840153
2977,9787.684407633093
2978,9787.68437348089
2979,9787.684389197142
2980,9787.68439193902
2981,9787.68439203146
2982,9787.684384129225
2983,9787.684374603208
2984,9787.684373803602
2985,9787.684396226625
2986,9787.684375371717
2987,9787.684403605906
2988,9787.684370755911
2989,9597.717201464202
2990,9597.71720146421
2991,9597.717201464206
2992,9597.717201464224
2993,9597.717201464213
2994,9597.717201464206
2995,9597.717201464218
2996,9597.71720146422
2997,9597.717201464207
2998,9597.717176486365
2999,9597.71718222599
3000,9597.717202270296
3001,9597.717208363352
3002,9597.717208924007
3003,9597.717196642874
3004,9597.717215434795
3005,9597.717220756987
3006,9597.71720292766
3007,9597.717205978177
3008,9597.717193814857
3009,9597.71721156411
3010,9597.717209444021
3011,9597.717235454438
3012,9597.717210899962
3013,9597.717192236603
3014,9597.717181436781
3015,9597.717209988838
3016,9597.717207018224
3017,9597.717216029305
3018,9597.717217034646
3019,9597.717211702311
3020,9597.71721297216
3021,9597.717190902007
3022,9597.717224200689
3023,9597.717176180475
3024,9597.717196909749
3025,9597.717213057713
3026,9597.717237946132
3027,9597.717185077448
3028,9597.717211267516
3029,9597.71719094274
3030,9597.717205799507
3031,9597.717199289602
3032,9597.717196304124
3033,9597.717194348286
3034,9597.717207677193
3035,9597.717197157353
3036,9597.717217155627
3037,9597.717195150024
3038,9357.409288199058
3039,9357.409288199047
3040,9357.409288199065
3041,9357.409288199055
3042,9357.409288199055
3043,9357.409288199051
3044,9357.409288199047
3045,9357.409288199044
3046,9357.40928819906
3047,9357.409311863998
3048,9357.40925999136
3049,9357.409286323875
3050,9357.409293277244
3051,9357.409293607527
3052,9357.409286165039
3053,9357.409285023781
3054,9357.40930513904
3055,9357.409290121655
3056,9357.409292741442
3057,9357.409288376053
3058,9357.409296982958
3059,9357.409293895058
3060,9357.40932883055
3061,9357.40929599536
3062,9357.409275158234
3063,9357.409279499205
3064,9357.40929191238
3065,9357.409279300293
3066,9357.409292537264
3067,9357.409297873417
3068,9357.409287067348
3069,9357.409294294428
3070,9357.409284347132
3071,9357.409289791143
3072,9357.40927307235
3073,9357.409286933225
3074,9357.409283939005
3075,9357.409333313677
3076,9357.40927044781
3077,9357.409298632425
3078,9357.409262274512
3079,9357.409292057382
3080,9357.409283971476
3081,9357.409287780996
3082,9357.409284010673
3083,9357.40929228174
3084,9357.409290636531
3085,9357.40930319122
3086,9357.40929344548
3087,9129.406540562693
3088,9129.406540562677
3089,9129.406540562675
3090,9129.406540562682
3091,9129.40654056269
3092,9129.40654056269
3093,9129.406540562682
3094,9129.406540562682
3095,9129.406540562688
3096,9129.406541842887
3097,9129.406525367256
3098,9129.406536668446
3099,9129.406545946646
3100,9129.406539176514
3101,9129.406556634296
3102,9129.406542812285
3103,9129.40652405749
3104,9129.406554118394
3105,9129.406549493282
3106,9129.406543031675
3107,9129.406546148019
3108,9129.406486768168
3109,9129.406569056953
3110,9129.406544080623
3111,9129.40653034173
3112,9129.406576217834
3113,9129.406547003382
3114,9129.40651037614
3115,9129.406512623089
3116,9129.406549138417
3117,9129.406536132541
3118,9129.406541881257
3119,9129.406538480862
3120,9129.406464765625
3121,9129.406532904979
3122,9129.406536315872
3123,9129.40649140694
3124,9129.40661333601
3125,9129.406593883527
3126,9129.406551302678
3127,9129.406475630281
3128,9129.406554509107
3129,9129.406530962684
3130,9129.40654400589
3131,9129.406537315439
3132,9129.406518140431
3133,9129.406543885621
3134,9129.406547078037
3135,9129.406514550914
3136,9032.118915299308
3137,9032.118915299314
3138,9032.118915299314
3139,9032.118915299296
3140,9032.118915299314
3141,9032.118915299312
3142,9032.118915299312
3143,9032.118915299308
3144,9032.118915299321
3145,9032.119000455603
3146,9032.118916999889
3147,9032.11890792751
3148,9032.118916721307
3149,9032.118914822862
3150,9032.118908631692
3151,9032.118930041675
3152,9032.118943961992
3153,9032.118932246176
3154,9032.118912411042
3155,9032.11893355488
3156,9032.11891840463
3157,9032.118964250067
3158,9032.118989431574
3159,9032.118921015342
3160,9032.118923206937
3161,9032.118897318936
3162,9032.118927806412
3163,9032.118895097428
3164,9032.118887462633
3165,9032.118909839657
3166,9032.118890805254
3167,9032.118912273212
3168,9032.118924399818
3169,9032.118913280694
3170,9032.118926851796
3171,9032.11891937634
3172,9032.118927570284
3173,9032.118996790887
3174,9032.118902367467
3175,9032.118920482699
3176,9032.118903588
3177,9032.118931142892
3178,9032.118911718833
3179,9032.11892028034
3180,9032.118913716693
3181,9032.118918998303
3182,9032.118937634608
3183,9032.118942911591
3184,9032.118950289312
3185,8879.743773204182
3186,8879.743773204196
3187,8879.743773204196
3188,8879.743773204182
3189,8879.743773204189
3190,8879.74377320418
3191,8879.743773204202
3192,8879.743773204182
3193,8879.743773204187
3194,8879.743815168802
3195,8879.74378278016
3196,8879.743769597757
3197,8879.743777782296
3198,8879.743772718675
3199,8879.743772128197
3200,8879.743776122423
3201,8879.743789261984
3202,8879.743787065256
3203,8879.7437723429
3204,8879.743781297913
3205,8879.74377919565
3206,8879.743786480927
3207,8879.743834215393
3208,8879.743779064358
3209,8879.743771393343
3210,8879.74376560409
3211,8879.743782980693
3212,8879.743765276588
3213,8879.743765607916
3214,8879.743773978193
3215,8879.743762902252
3216,8879.743773410704
3217,8879.743776057967
3218,8879.743765466166
3219,8879.743775960527
3220,8879.74377148502
3221,8879.743770996507
3222,8879.743835451836
3223,8879.743769618477
3224,8879.743780780967
3225,8879.74375745688
3226,8879.743786727542
3227,8879.743771019701
3228,8879.743775998386
3229,8879.743770969179
3230,8879.743771738378
3231,8879.74378460526
3232,8879.743794893959
3233,8879.74378387736
3234,8793.159748081716
3235,8793.1597480817
3236,8793.159748081698
3237,8793.159748081696
3238,8793.159748081694
3239,8793.159748081694
3240,8793.159748081705
3241,8793.159748081698
3242,8793.159748081704
3243,8793.15975773286
3244,8793.159753035558
3245,8793.159747312779
3246,8793.159752828524
3247,8793.15975052095
3248,8793.159740165838
3249,8793.159747618767
3250,8793.159742067117
3251,8793.159759121827
3252,8793.159746777752
3253,8793.159748519656
3254,8793.1597565482
3255,8793.15973815136
3256,8793.159799656403
3257,8793.159752392903
3258,8793.159751404652
3259,8793.159750931129
3260,8793.159748713688
3261,8793.159738242704
3262,8793.159746334046
3263,8793.15975235673
3264,8793.159748109958
3265,8793.15974865647
3266,8793.15974835067
3267,8793.159721226391
3268,8793.15974582534
3269,8793.159741405572
3270,8793.159735697502
3271,8793.159813832735
3272,8793.159755961824
3273,8793.15976253976
3274,8793.15972465071
3275,8793.15975934844
3276,8793.159748466735
3277,8793.159750590461
3278,8793.159746627403
3279,8793.159736979935
3280,8793.159751938094
3281,8793.159765623102
3282,8793.159728929268
3283,8724.78419953138
3284,8724.784199531383
3285,8724.784199531388
3286,8724.784199531397
3287,8724.784199531387
3288,8724.784199531397
3289,8724.784199531394
3290,8724.784199531388
3291,8724.784199531388
3292,8724.784180211038
3293,8724.784216183512
3294,8724.78419968508
3295,8724.784204958609
3296,8724.784197664796
3297,8724.78419114076
3298,8724.784203701234
3299,8724.784198829992
3300,8724.784208907146
3301,8724.784198774832
3302,8724.7841966014
3303,8724.784208245888
3304,8724.784179221922
3305,8724.784258707161
3306,8724.784204004944
3307,8724.784203163026
3308,8724.784208415569
3309,8724.784208090648
3310,8724.784202416646
3311,8724.784204900485
3312,8724.784203450738
3313,8724.784205513295
3314,8724.784201103546
3315,8724.784198045323
3316,8724.784191109398
3317,8724.784198705598
3318,8724.784191248991
3319,8724.784194985674
3320,8724.78424838251
3321,8724.784201306094
3322,8724.784206899783
3323,8724.784200727452
3324,8724.78420880704
3325,8724.784200154654
3326,8724.784200659165
3327,8724.784198190111
3328,8724.784190425315
3329,8724.78419911003
3330,8724.784224469897
3331,8724.784172795316
3332,8654.728609375345
3333,8654.728609375343
3334,8654.728609375357
3335,8654.72860937535
3336,8654.72860937534
3337,8654.72860937535
3338,8654.728609375345
3339,8654.728609375343
3340,8654.728609375343
3341,8654.728596982117
3342,8654.728605193846
3343,8654.728610534094
3344,8654.728616677212
3345,8654.728604583754
3346,8654.728600127663
3347,8654.728614288739
3348,8654.728600899922
3349,8654.728618402809
3350,8654.72860699819
3351,8654.728603451293
3352,8654.728616441203
3353,8654.728596966
3354,8654.728667922467
3355,8654.728611463952
3356,8654.728609117363
3357,8654.728615188285
3358,8654.72860471055
3359,8654.728598829202
3360,8654.728610909891
3361,8654.72861353643
3362,8654.728617765291
3363,8654.72860847098
3364,8654.72861276103
3365,8654.728587315367
3366,8654.72860816438
3367,8654.72859848289
3368,8654.728601516937
3369,8654.728653572663
3370,8654.72860628135
3371,8654.728619280819
3372,8654.728610440987
3373,8654.72861848827
3374,8654.728612066176
3375,8654.72861142275
3376,8654.728612419649
3377,8654.728598190708
3378,8654.72860634574
3379,8654.728644969617
3380,8654.728579507771
3381,8578.08635849948
3382,8578.086358499488
3383,8578.086358499488
3384,8578.08635849949
3385,8578.086358499497
3386,8578.086358499493
3387,8578.086358499493
3388,8578.086358499495
3389,8578.086358499491
3390,8578.086335131951
3391,8578.08636827236
3392,8578.086359326966
3393,8578.086365449006
3394,8578.086348145018
3395,8578.086371137493
3396,8578.086351165983
3397,8578.086353499404
3398,8578.08636292635
3399,8578.086354652927
3400,8578.086358066068
3401,8578.086358064767
3402,8578.086371684618
3403,8578.086422051412
3404,8578.08636080849
3405,8578.086356680815
3406,8578.086370682387
3407,8578.086353379653
3408,8578.08635451592
3409,8578.086369749286
3410,8578.086358706358
3411,8578.086364518542
3412,8578.086358277498
3413,8578.086359320672
3414,8578.086353296609
3415,8578.08636247438
3416,8578.086351828542
3417,8578.086350486765
3418,8578.086386702964
3419,8578.086361172427
3420,8578.086355703217
3421,8578.08635627881
3422,8578.086362694465
3423,8578.086362072514
3424,8578.086359520385
3425,8578.086356609034
3426,8578.086359930354
3427,8578.086359062707
3428,8578.08639078294
3429,8578.086338541229
3430,8517.380981486258
3431,8517.380981486249
3432,8517.38098148625
3433,8517.380981486247
3434,8517.38098148626
3435,8517.380981486249
3436,8517.380981486256
3437,8517.380981486254
3438,8517.380981486254
3439,8517.380990003687
3440,8517.380967364432
3441,8517.380982203575
3442,8517.380984426714
3443,8517.380978674408
3444,8517.38097700518
3445,8517.380986608398
3446,8517.380979566444
3447,8517.380980265123
3448,8517.380976234428
3449,8517.38097866373
3450,8517.380983549905
3451,8517.380972516556
3452,8517.381051298926
3453,8517.38098383279
3454,8517.380990750913
3455,8517.380990582551
3456,8517.380973820658
3457,8517.380981689868
3458,8517.380979343763
3459,8517.380983489858
3460,8517.38098655187
3461,8517.380979799937
3462,8517.380984168947
3463,8517.38098770672
3464,8517.38097951012
3465,8517.380975726968
3466,8517.380982515644
3467,8517.381026166846
3468,8517.380978912273
3469,8517.380989916717
3470,8517.380989392865
3471,8517.380981270038
3472,8517.380986601642
3473,8517.380983814803
3474,8517.38098239991
3475,8517.380980062097
3476,8517.38098087071
3477,8517.381017262745
3478,8517.380975253871
3479,8489.062529503422
3480,8489.062529503415
3481,8489.062529503419
3482,8489.062529503426
3483,8489.062529503415
3484,8489.062529503411
3485,8489.062529503419
3486,8489.062529503411
3487,8489.062529503415
3488,8489.062512862087
3489,8489.06252542249
3490,8489.062528883767
3491,8489.06253312123
3492,8489.06251928255
3493,8489.062538673235
3494,8489.062550369155
3495,8489.062537026186
3496,8489.06253156243
3497,8489.062527295484
3498,8489.062530084786
3499,8489.062527630778
3500,8489.062535811947
3501,8489.062600079846
3502,8489.062531658725
3503,8489.062534678444
3504,8489.062547207175
3505,8489.06253593808
3506,8489.062531564105
3507,8489.0625210799
3508,8489.062532161392
3509,8489.062530570887
3510,8489.062528363573
3511,8489.062530144765
3512,8489.062530623256
3513,8489.062526972468
3514,8489.062526509051
3515,8489.062530019617
3516,8489.062566920275
3517,8489.062537469272
3518,8489.06252075034
3519,8489.062546498668
3520,8489.06253235864
3521,8489.062531121977
3522,8489.062530988516
3523,8489.062527534154
3524,8489.062525511681
3525,8489.062530804626
3526,8489.062566045774
3527,8489.062531654856
3528,8465.398531155786
3529,8465.398531155786
3530,8465.398531155786
3531,8465.398531155779
3532,8465.398531155779
3533,8465.398531155783
3534,8465.39853115578
3535,8465.398531155783
3536,8465.398531155783
3537,8465.398533812691
3538,8465.39852592026
3539,8465.398530344222
3540,8465.398533348549
3541,8465.398525984068
3542,8465.398541621618
3543,8465.398527497167
3544,8465.398533171152
3545,8465.398531268163
3546,8465.398527176923
3547,8465.39853311907
3548,8465.398529504375
3549,8465.39852247864
3550,8465.398600181246
3551,8465.398533586953
3552,8465.398533129095
3553,8465.398543402696
3554,8465.398537237286
3555,8465.39853346393
3556,8465.39852926825
3557,8465.398532881552
3558,8465.398530279619
3559,8465.398529296239
3560,8465.398531399898
3561,8465.398532751327
3562,8465.39852922368
3563,8465.398529040967
3564,8465.39852873613
3565,8465.398575498988
3566,8465.398539919128
3567,8465.39853632906
3568,8465.398528206595
3569,8465.39853225017
3570,8465.39853409622
3571,8465.398533843483
3572,8465.398528435477
3573,8465.398534814429
3574,8465.398534398471
3575,8465.398560849153
3576,8465.398539317664
3577,8451.952769989604
3578,8451.952769989593
3579,8451.952769989599
3580,8451.952769989603
3581,8451.952769989604
3582,8451.952769989597
3583,8451.952769989603
3584,8451.952769989599
3585,8451.952769989606
3586,8451.952776722734
3587,8451.952765008878
3588,8451.952769464908
3589,8451.952770733702
3590,8451.952768365893
3591,8451.952773479428
3592,8451.95276692069
3593,8451.952771074222
3594,8451.952768935676
3595,8451.952765519582
3596,8451.952771864804
3597,8451.952769538191
3598,8451.952775952645
3599,8451.952838775813
3600,8451.95277203344
3601,8451.952774664736
3602,8451.95277594056
3603,8451.952769732974
3604,8451.952772090888
3605,8451.952766701392
3606,8451.952772164284
3607,8451.952768070532
3608,8451.952767746212
3609,8451.952770741702
3610,8451.952767754103
3611,8451.95276640352
3612,8451.952768271596
3613,8451.952768150915
3614,8451.952816478588
3615,8451.952775405729
3616,8451.952774167792
3617,8451.952763484387
3618,8451.952770322612
3619,8451.952773469813
3620,8451.952773273264
3621,8451.952767412848
3622,8451.952770280172
3623,8451.952773852405
3624,8451.952798559256
3625,8451.952778301375
3626,8436.0397277194
3627,8436.03972771939
3628,8436.03972771939
3629,8436.039727719386
3630,8436.039727719392
3631,8436.039727719392
3632,8436.039727719397
3633,8436.039727719395
3634,8436.039727719402
3635,8436.039731567205
3636,8436.039727667898
3637,8436.039727240424
3638,8436.039727955113
3639,8436.039727230314
3640,8436.039727084159
3641,8436.039721320598
3642,8436.039728478609
3643,8436.039727321431
3644,8436.039723801709
3645,8436.03972799819
3646,8436.039728158741
3647,8436.039731879115
3648,8436.03979845056
3649,8436.039728886297
3650,8436.039729935148
3651,8436.03972694741
3652,8436.039727855117
3653,8436.039729078775
3654,8436.03972550795
3655,8436.039730019493
3656,8436.039726154557
3657,8436.039724766846
3658,8436.039729814262
3659,8436.03972209589
3660,8436.039724438271
3661,8436.039725389477
3662,8436.039726005387
3663,8436.03977225206
3664,8436.039729201817
3665,8436.03973342881
3666,8436.039720104407
3667,8436.039728642992
3668,8436.039730736002
3669,8436.039731329993
3670,8436.039726675555
3671,8436.039728601603
3672,8436.03973059023
3673,8436.039760388492
3674,8436.039733079064
3675,8432.141100857503
3676,8432.141100857496
3677,8432.1411008575
3678,8432.1411008575
3679,8432.141100857498
3680,8432.141100857494
3681,8432.141100857498
3682,8432.141100857503
3683,8432.141100857494
3684,8432.141104628708
3685,8432.141087264705
3686,8432.141100471088
3687,8432.14110082321
3688,8432.141103767695
3689,8432.141085322619
3690,8432.141104422186
3691,8432.141116349934
3692,8432.141096629324
3693,8432.141097787358
3694,8432.141099211924
3695,8432.141105977404
3696,8432.141131928915
3697,8432.141178687461
3698,8432.141103373138
3699,8432.141099097045
3700,8432.141082510176
3701,8432.141092533513
3702,8432.141101380055
3703,8432.14109605161
3704,8432.141102732621
3705,8432.141098158121
3706,8432.141099017523
3707,8432.141103457892
3708,8432.14111549898
3709,8432.141096809415
3710,8432.141099306875
3711,8432.141120285947
3712,8432.141128798234
3713,8432.141077343034
3714,8432.141097206688
3715,8432.14111134349
3716,8432.141098173226
3717,8432.141103180773
3718,8432.141103506434
3719,8432.141100367531
3720,8432.141102126483
3721,8432.14110346586
3722,8432.141138612393
3723,8432.14110520836
3724,8418.05162284939
3725,8418.051622849387
3726,8418.051622849389
3727,8418.051622849385
3728,8418.051622849394
3729,8418.051622849398
3730,8418.051622849385
3731,8418.051622849393
3732,8418.051622849387
3733,8418.05162008209
3734,8418.051615054259
3735,8418.051622742994
3736,8418.0516228556
3737,8418.051623975794
3738,8418.051615840273
3739,8418.051619124055
3740,8418.051625472084
3741,8418.051620093647
3742,8418.051621012844
3743,8418.05161922071
3744,8418.051625751204
3745,8418.051629331558
3746,8418.051695374477
3747,8418.051623769094
3748,8418.05161951082
3749,8418.051614596321
3750,8418.05161607561
3751,8418.051622544357
3752,8418.051619226348
3753,8418.051625623188
3754,8418.05162302846
3755,8418.051620164511
3756,8418.051625000522
3757,8418.05162131013
3758,8418.051618744408
3759,8418.051620183089
3760,8418.051625209842
3761,8418.051656135583
3762,8418.051616544388
3763,8418.051625633669
3764,8418.051620385084
3765,8418.051621547258
3766,8418.051624481915
3767,8418.051626014827
3768,8418.051623110778
3769,8418.051621766144
3770,8418.051622620396
3771,8418.051659781915
3772,8418.051621325509
3773,8412.895852247402
3774,8412.895852247399
3775,8412.895852247391
3776,8412.895852247395
3777,8412.895852247399
3778,8412.895852247399
3779,8412.895852247395
3780,8412.895852247406
3781,8412.895852247408
3782,8412.89584210128
3783,8412.895853039956
3784,8412.895852154508
3785,8412.895852787979
3786,8412.895851963971
3787,8412.895851734762
3788,8412.89584705223
3789,8412.895853424432
3790,8412.89585055965
3791,8412.895851183981
3792,8412.895848509603
3793,8412.89585375132
3794,8412.895848398091
3795,8412.895923860933
3796,8412.89585301603
3797,8412.89584819808
3798,8412.895850220219
3799,8412.895850584786
3800,8412.895854275634
3801,8412.895851893529
3802,8412.895854932529
3803,8412.895853910684
3804,8412.895849904888
3805,8412.895853129567
3806,8412.895850553796
3807,8412.89584928149
3808,8412.895849456152
3809,8412.895849225992
3810,8412.895885052263
3811,8412.895852813399
3812,8412.895854682882
3813,8412.895849604125
3814,8412.895851690353
3815,8412.895853287244
3816,8412.895855038158
3817,8412.895852002037
3818,8412.895852330228
3819,8412.895851079009
3820,8412.895888234343
3821,8412.895848274145
3822,8406.749002777608
3823,8406.749002777604
3824,8406.7490027776
3825,8406.749002777604
3826,8406.749002777604
3827,8406.749002777602
3828,8406.749002777608
3829,8406.749002777606
3830,8406.749002777615
3831,8406.74898899534
3832,8406.749005245583
3833,8406.74900268164
3834,8406.749003441735
3835,8406.749001763048
3836,8406.749006181519
3837,8406.748998915611
3838,8406.74900309207
3839,8406.749001141223
3840,8406.749002661818
3841,8406.74899845857
3842,8406.749003425733
3843,8406.748992771747
3844,8406.749074333935
3845,8406.749003159628
3846,8406.748997709918
3847,8406.749004428195
3848,8406.749002106251
3849,8406.749005041624
3850,8406.749002885368
3851,8406.749005384609
3852,8406.74900545769
3853,8406.749000553978
3854,8406.749003379075
3855,8406.749000556936
3856,8406.749000551372
3857,8406.74900013102
3858,8406.748995823003
3859,8406.749034474175
3860,8406.749007715596
3861,8406.749004000187
3862,8406.749001187743
3863,8406.749002072009
3864,8406.749003075516
3865,8406.749005321355
3866,8406.749002812585
3867,8406.74900286333
3868,8406.749000575097
3869,8406.749039560294
3870,8406.748996701865
3871,8393.518239402381
3872,8393.518239402372
3873,8393.518239402372
3874,8393.518239402378
3875,8393.518239402372
3876,8393.518239402376
3877,8393.518239402378
3878,8393.518239402372
3879,8393.518239402381
3880,8393.518227990142
3881,8393.518248027409
3882,8393.518238958617
3883,8393.51823955851
3884,8393.518238706543
3885,8393.518246705271
3886,8393.518238546314
3887,8393.518243058901
3888,8393.518238093042
3889,8393.518239607922
3890,8393.518236359288
3891,8393.518238655086
3892,8393.51822759015
3893,8393.51831460507
3894,8393.518239584859
3895,8393.51823626251
3896,8393.518243154409
3897,8393.518242391867
3898,8393.518242705679
3899,8393.518241709004
3900,8393.518240777517
3901,8393.518241686972
3902,8393.518237429002
3903,8393.51824040453
3904,8393.518241148036
3905,8393.518239938074
3906,8393.518237932896
3907,8393.518231273683
3908,8393.518273007412
3909,8393.518246112912
3910,8393.518238189876
3911,8393.518242859565
3912,8393.518238479297
3913,8393.518239099314
3914,8393.51824145771
3915,8393.51823979226
3916,8393.518243041066
3917,8393.518238035738
3918,8393.51827776888
3919,8393.518234599542
3920,8384.727595588083
3921,8384.727595588074
3922,8384.727595588081
3923,8384.72759558808
3924,8384.727595588083
3925,8384.727595588076
3926,8384.727595588081
3927,8384.727595588078
3928,8384.727595588083
3929,8384.727589879923
3930,8384.727589040163
3931,8384.727595202441
3932,8384.727593899614
3933,8384.727595110498
3934,8384.727600251132
3935,8384.727595252893
3936,8384.727585751727
3937,8384.727592303721
3938,8384.727598025318
3939,8384.727590181827
3940,8384.727595895312
3941,8384.727581174726
3942,8384.727668133635
3943,8384.727595208857
3944,8384.727593299609
3945,8384.727602159632
3946,8384.727587854031
3947,8384.727589313165
3948,8384.727593195104
3949,8384.727596671537
3950,8384.72759764104
3951,8384.727593463613
3952,8384.727596111114
3953,8384.727580884643
3954,8384.727597054723
3955,8384.727594719863
3956,8384.727577593341
3957,8384.727634333498
3958,8384.727607925377
3959,8384.727598483634
3960,8384.727587737547
3961,8384.727592515314
3962,8384.727593349326
3963,8384.727597460804
3964,8384.727596734816
3965,8384.727593306774
3966,8384.727592879728
3967,8384.727629623198
3968,8384.727583747685
3969,8373.836423548102
3970,8373.836423548097
3971,8373.836423548104
3972,8373.836423548097
3973,8373.836423548102
3974,8373.8364235481
3975,8373.836423548097
3976,8373.836423548099
3977,8373.836423548104
3978,8373.83642393813
3979,8373.836425346039
3980,8373.83642267038
3981,8373.836421430678
3982,8373.836424094274
3983,8373.836426132988
3984,8373.836425964699
3985,8373.836424171903
3986,8373.836421310807
3987,8373.836424281764
3988,8373.836421088996
3989,8373.83642345135
3990,8373.836417186887
3991,8373.836501940934
3992,8373.83642406028
3993,8373.836425282785
3994,8373.83642614315
3995,8373.836424160323
3996,8373.836421890635
3997,8373.83642391894
3998,8373.836423546118
3999,8373.836423483497
4000,8373.836421688255
4001,8373.836424303236
4002,8373.83642106899
4003,8373.836426369284
4004,8373.836423787185
4005,8373.836416641867
4006,8373.83646483942
4007,8373.836427660955
4008,8373.836424552297
4009,8373.836425810965
4010,8373.836421311451
4011,8373.836422195674
4012,8373.836425067084
4013,8373.836423985511
4014,8373.836427185728
4015,8373.8364237931
4016,8373.836459052038
4017,8373.836420316034
4018,8369.876560616782
4019,8369.87656061678
4020,8369.876560616774
4021,8369.876560616784
4022,8369.876560616782
4023,8369.876560616784
4024,8369.87656061678
4025,8369.876560616784
4026,8369.876560616778
4027,8369.876562094209
4028,8369.876563280848
4029,8369.876559632898
4030,8369.876558251817
4031,8369.876561375686
4032,8369.876560946432
4033,8369.876564522106
4034,8369.876564556424
4035,8369.876558713187
4036,8369.876560858114
4037,8369.876559007003
4038,8369.876560749877
4039,8369.87656193066
4040,8369.876640361517
4041,8369.876561613912
4042,8369.876563357597
4043,8369.876560665529
4044,8369.876562893602
4045,8369.876559679939
4046,8369.876560662666
4047,8369.876560470142
4048,8369.87655944546
4049,8369.876558937287
4050,8369.876560994384
4051,8369.876560750334
4052,8369.876563315865
4053,8369.87656130099
4054,8369.876559053819
4055,8369.876601932112
4056,8369.876560440667
4057,8369.876560138115
4058,8369.876565639825
4059,8369.876558757147
4060,8369.876559500277
4061,8369.876561908246
4062,8369.876560397392
4063,8369.876564799675
4064,8369.8765619605
4065,8369.876595757474
4066,8369.876560460614
4067,8365.679797003193
4068,8365.679797003198
4069,8365.6797970032
4070,8365.679797003197
4071,8365.679797003202
4072,8365.679797003188
4073,8365.679797003191
4074,8365.679797003191
4075,8365.679797003191
4076,8365.679804464731
4077,8365.67979694845
4078,8365.679796171502
4079,8365.679794163192
4080,8365.67979836984
4081,8365.679795041235
4082,8365.679797223725
4083,8365.679800428437
4084,8365.679795110822
4085,8365.679796610657
4086,8365.67979543456
4087,8365.67979761463
4088,8365.679799236623
4089,8365.679876385846
4090,8365.679798405019
4091,8365.67979950022
4092,8365.679794535914
4093,8365.679798892917
4094,8365.67979560669
4095,8365.679797342891
4096,8365.679796829818
4097,8365.679795421283
4098,8365.679795253947
4099,8365.679796955497
4100,8365.679798054814
4101,8365.67979944642
4102,8365.679797793715
4103,8365.679798988042
4104,8365.679839647952
4105,8365.679792496561
4106,8365.679799702308
4107,8365.67979986751
4108,8365.67979525724
4109,8365.67979643116
4110,8365.679798272091
4111,8365.679796430459
4112,8365.679801575514
4113,8365.679798764219
4114,8365.679830995834
4115,8365.679799654623
4116,8362.71447286603
4117,8362.714472866028
4118,8362.714472866028
4119,8362.71447286603
4120,8362.714472866028
4121,8362.714472866026
4122,8362.714472866031
4123,8362.714472866039
4124,8362.714472866042
4125,8362.714464864952
4126,8362.714478442
4127,8362.714472366995
4128,8362.7144702281
4129,8362.71447146061
4130,8362.714473182194
4131,8362.714481970954
4132,8362.714478585753
4133,8362.714472997137
4134,8362.71447388142
4135,8362.714471523133
4136,8362.714471908832
4137,8362.714491265988
4138,8362.714549368895
4139,8362.714474294033
4140,8362.714474858123
4141,8362.714474250935
4142,8362.71447776914
4143,8362.714472812877
4144,8362.714469860657
4145,8362.714473834149
4146,8362.714471445304
4147,8362.714471834794
4148,8362.714470097648
4149,8362.714468801676
4150,8362.71447392242
4151,8362.714474288514
4152,8362.714476639227
4153,8362.714510961567
4154,8362.714470800429
4155,8362.714464890407
4156,8362.714480303777
4157,8362.714473241425
4158,8362.71447128043
4159,8362.714473167975
4160,8362.714470253128
4161,8362.714471218318
4162,8362.714474169052
4163,8362.71450631331
4164,8362.7144761312
4165,8358.24808332853
4166,8358.248083328532
4167,8358.248083328528
4168,8358.248083328526
4169,8358.248083328526
4170,8358.248083328528
4171,8358.248083328528
4172,8358.248083328515
4173,8358.24808332852
4174,8358.248084843948
4175,8358.248085309642
4176,8358.248083270604
4177,8358.248080331265
4178,8358.248083262077
4179,8358.248083436009
4180,8358.248083078775
4181,8358.248084265844
4182,8358.248082859427
4183,8358.248083711971
4184,8358.248080892912
4185,8358.248082877231
4186,8358.248088455426
4187,8358.248157885511
4188,8358.248084664396
4189,8358.248083646184
4190,8358.248083789824
4191,8358.248085628285
4192,8358.248082757382
4193,8358.248082851034
4194,8358.248084261546
4195,8358.248083250095
4196,8358.248081878455
4197,8358.24808086025
4198,8358.24808033711
4199,8358.248084533157
4200,8358.248084157392
4201,8358.24808506315
4202,8358.248123440288
4203,8358.248080138803
4204,8358.248083748618
4205,8358.24808408896
4206,8358.248083147859
4207,8358.248082618427
4208,8358.248084036992
4209,8358.248081447611
4210,8358.248082983358
4211,8358.24808366524
4212,8358.24811631408
4213,8358.248086696509
4214,8355.387395104419
4215,8355.38739510441
4216,8355.38739510441
4217,8355.387395104415
4218,8355.387395104412
4219,8355.387395104419
4220,8355.387395104417
4221,8355.387395104422
4222,8355.387395104428
4223,8355.387398474355
4224,8355.38739638449
4225,8355.387395525653
4226,8355.387392180643
4227,8355.38739540831
4228,8355.387396727529
4229,8355.38739020824
4230,8355.387392940904
4231,8355.387394506059
4232,8355.38739544382
4233,8355.38739168958
4234,8355.387394564617
4235,8355.387391338467
4236,8355.387467246115
4237,8355.387396211298
4238,8355.38739363841
4239,8355.387396616901
4240,8355.387395709751
4241,8355.387394968757
4242,8355.387396220116
4243,8355.387396291668
4244,8355.387396685863
4245,8355.387393521703
4246,8355.387392504828
4247,8355.387392901084
4248,8355.387396202615
4249,8355.387395436632
4250,8355.38739414344
4251,8355.38743453395
4252,8355.387393230652
4253,8355.387398879875
4254,8355.387392416224
4255,8355.387394818224
4256,8355.387394842359
4257,8355.387395941429
4258,8355.387393599078
4259,8355.387394326128
4260,8355.387394180234
4261,8355.387428342516
4262,8355.387397268152
4263,8352.854066614003
4264,8352.854066614003
4265,8352.854066614007
4266,8352.85406661401
4267,8352.854066614005
4268,8352.854066614003
4269,8352.854066614002
4270,8352.854066614002
4271,8352.854066613998
4272,8352.854068819848
4273,8352.854067158614
4274,8352.854067360282
4275,8352.8540638394
4276,8352.854066934651
4277,8352.854069143343
4278,8352.85406164099
4279,8352.85406377058
4280,8352.854066058273
4281,8352.854066951704
4282,8352.854062849388
4283,8352.854065855567
4284,8352.854060565647
4285,8352.854137204255
4286,8352.854067557715
4287,8352.854064542613
4288,8352.85406881527
4289,8352.854065855381
4290,8352.854066880542
4291,8352.854067745793
4292,8352.854067991657
4293,8352.854069183037
4294,8352.854065077589
4295,8352.854064014984
4296,8352.854065812195
4297,8352.854067563585
4298,8352.854066769647
4299,8352.85406470524
4300,8352.854104754271
4301,8352.854065884943
4302,8352.854070081366
4303,8352.854063670782
4304,8352.854066390186
4305,8352.854066617401
4306,8352.854067397098
4307,8352.854065285896
4308,8352.854064729188
4309,8352.854065037778
4310,8352.85410073145
4311,8352.854067789975
4312,8347.216896562373
4313,8347.216896562379
4314,8347.21689656238
4315,8347.216896562382
4316,8347.216896562375
4317,8347.216896562384
4318,8347.216896562382
4319,8347.216896562373
4320,8347.21689656237
4321,8347.216896388889
4322,8347.216896385866
4323,8347.216897341299
4324,8347.216894105546
4325,8347.21689600408
4326,8347.216901574866
4327,8347.2168914394
4328,8347.21689210404
4329,8347.216897301214
4330,8347.216896644446
4331,8347.216893702318
4332,8347.21689465878
4333,8347.216885975848
4334,8347.21696584949
4335,8347.216897221935
4336,8347.216895322921
4337,8347.216899225392
4338,8347.216897142176
4339,8347.216895428412
4340,8347.216896756905
4341,8347.216897701039
4342,8347.216899066689
4343,8347.216894995687
4344,8347.216894713865
4345,8347.216895358448
4346,8347.21689834076
4347,8347.216896733236
4348,8347.216893172501
4349,8347.216936701278
4350,8347.216899870773
4351,8347.216900438325
4352,8347.2168909415
4353,8347.216897430326
4354,8347.216896691403
4355,8347.216897199774
4356,8347.216895509957
4357,8347.216894953637
4358,8347.216895455165
4359,8347.216932173002
4360,8347.216897220345
4361,8349.927659040317
4362,8349.927659040319
4363,8349.927659040324
4364,8349.927659040324
4365,8349.927659040315
4366,8349.927659040322
4367,8349.927659040317
4368,8349.927659040322
4369,8349.927659040322
4370,8349.92767351495
4371,8349.927634295942
4372,8349.927660355888
4373,8349.927654795983
4374,8349.9276636459
4375,8349.92764541426
4376,8349.927665786694
4377,8349.927658942353
4378,8349.927656156162
4379,8349.927656558073
4380,8349.927656658681
4381,8349.927661458813
4382,8349.927671984307
4383,8349.927731672904
4384,8349.927660039686
4385,8349.92766449258
4386,8349.927644905192
4387,8349.927640685744
4388,8349.927653575978
4389,8349.9276504
4390,8349.92765982703
4391,8349.927659791678
4392,8349.927657477172
4393,8349.927662090648
4394,8349.927667180098
4395,8349.927658897404
4396,8349.927659741294
4397,8349.927668172473
4398,8349.92769970587
4399,8349.927648993858
4400,8349.927660693706
4401,8349.927658318611
4402,8349.927657023967
4403,8349.927661525071
4404,8349.9276599181
4405,8349.927660604884
4406,8349.92765282157
4407,8349.92766001065
4408,8349.927701074535
4409,8349.927658907502
4410,8343.618788899896
4411,8343.618788899885
4412,8343.618788899883
4413,8343.618788899883
4414,8343.61878889989
4415,8343.618788899885
4416,8343.618788899881
4417,8343.618788899885
4418,8343.618788899883
4419,8343.618795117723
4420,8343.618778497577
4421,8343.618789904822
4422,8343.618785672978
4423,8343.618790645161
4424,8343.618785914608
4425,8343.618788855056
4426,8343.618786373736
4427,8343.618788077272
4428,8343.618787868947
4429,8343.618786285937
4430,8343.618788835996
4431,8343.618788693915
4432,8343.618859694358
4433,8343.618789712422
4434,8343.618790627499
4435,8343.618784508248
4436,8343.618781412106
4437,8343.618786000046
4438,8343.618785439325
4439,8343.618789851893
4440,8343.618790614828
4441,8343.618787339685
4442,8343.618789093585
4443,8343.618791912679
4444,8343.618789909213
4445,8343.61878930764
4446,8343.618790889284
4447,8343.618829280225
4448,8343.618786413615
4449,8343.618791761884
4450,8343.618785509994
4451,8343.61878851112
4452,8343.618790042985
4453,8343.618789641254
4454,8343.618788933638
4455,8343.618785370887
4456,8343.618788734217
4457,8343.618827133823
4458,8343.618789283993
4459,8338.957354285107
4460,8338.957354285105
4461,8338.957354285105
4462,8338.957354285101
4463,8338.9573542851
4464,8338.957354285107
4465,8338.957354285112
4466,8338.95735428511
4467,8338.957354285112
4468,8338.957353481293
4469,8338.957350105164
4470,8338.957354977621
4471,8338.957351399964
4472,8338.957354864235
4473,8338.957353419903
4474,8338.957356913766
4475,8338.957353185391
4476,8338.957355283828
4477,8338.957353330727
4478,8338.95735320175
4479,8338.95735313126
4480,8338.957353934275
4481,8338.957426635718
4482,8338.957354976883
4483,8338.957357839467
4484,8338.957351032937
4485,8338.957352586567
4486,8338.957351565516
4487,8338.957351431196
4488,8338.957354729466
4489,8338.957355243525
4490,8338.95735301229
4491,8338.957354863187
4492,8338.957357689067
4493,8338.957356702542
4494,8338.95735498593
4495,8338.957356356237
4496,8338.957396064736
4497,8338.957354609809
4498,8338.957354576522
4499,8338.957352551175
4500,8338.957355325556
4501,8338.957354995462
4502,8338.957354629929
4503,8338.957354238899
4504,8338.957352540716
4505,8338.957355225033
4506,8338.957394003988
4507,8338.957354306995
4508,8334.793037209023
4509,8334.793037209021
4510,8334.793037209021
4511,8334.793037209023
4512,8334.793037209021
4513,8334.793037209025
4514,8334.793037209027
4515,8334.79303720902
4516,8334.793037209029
4517,8334.79303334366
4518,8334.793038399068
4519,8334.793037689697
4520,8334.79303462258
4521,8334.793037560401
4522,8334.793037542519
4523,8334.793041313682
4524,8334.793037611244
4525,8334.793039237305
4526,8334.793036298937
4527,8334.793037352933
4528,8334.793035557284
4529,8334.79303974014
4530,8334.79311120534
4531,8334.793037856352
4532,8334.793041373638
4533,8334.793034307666
4534,8334.793038525286
4535,8334.793035028759
4536,8334.793035130631
4537,8334.793037300946
4538,8334.793037408514
4539,8334.793036238132
4540,8334.793038171083
4541,8334.793040335031
4542,8334.79304045565
4543,8334.793038142525
4544,8334.793039274868
4545,8334.79307928196
4546,8334.793038737966
4547,8334.793035219638
4548,8334.793036442366
4549,8334.793039043685
4550,8334.793037608692
4551,8334.793037314683
4552,8334.793037163747
4553,8334.793036568133
4554,8334.793039163877
4555,8334.79307788356
4556,8334.793037284331
4557,8328.857808491624
4558,8328.85780849163
4559,8328.857808491628
4560,8328.85780849162
4561,8328.857808491623
4562,8328.857808491626
4563,8328.857808491626
4564,8328.857808491623
4565,8328.85780849163
4566,8328.857802713215
4567,8328.857813067241
4568,8328.857808808101
4569,8328.857806709078
4570,8328.85780820282
4571,8328.857809950698
4572,8328.857813796245
4573,8328.857809137515
4574,8328.857811211346
4575,8328.85780827043
4576,8328.857809133075
4577,8328.857807048193
4578,8328.857811093276
4579,8328.857884471507
4580,8328.857809101824
4581,8328.85781082803
4582,8328.85780650978
4583,8328.85781189604
4584,8328.85780630799
4585,8328.857807224531
4586,8328.857808554405
4587,8328.85780829681
4588,8328.857807927632
4589,8328.857810309544
4590,8328.857809443372
4591,8328.857812121418
4592,8328.857809209825
4593,8328.85780952232
4594,8328.857848864578
4595,8328.857810363677
4596,8328.857805488193
4597,8328.857808634237
4598,8328.857810850632
4599,8328.857808145553
4600,8328.85780836326
4601,8328.857809065152
4602,8328.857808295264
4603,8328.857810816322
4604,8328.857851054194
4605,8328.85780786092
4606,8323.982177994283
4607,8323.982177994269
4608,8323.982177994269
4609,8323.982177994269
4610,8323.98217799428
4611,8323.982177994276
4612,8323.982177994276
4613,8323.982177994272
4614,8323.982177994278
4615,8323.982179217222
4616,8323.982191329074
4617,8323.982178348764
4618,8323.982177103797
4619,8323.982180952089
4620,8323.98217902046
4621,8323.982180875899
4622,8323.982184564175
4623,8323.982179200104
4624,8323.982176682686
4625,8323.982179775623
4626,8323.982177593407
4627,8323.982182791282
4628,8323.982257998612
4629,8323.982179163282
4630,8323.982179643037
4631,8323.982175332365
4632,8323.982181856676
4633,8323.982182159885
4634,8323.982182151332
4635,8323.982177761452
4636,8323.982178085022
4637,8323.982178231385
4638,8323.982180430798
4639,8323.98218943837
4640,8323.98218119493
4641,8323.982178444225
4642,8323.98218176638
4643,8323.982215405633
4644,8323.982174537778
4645,8323.982175110934
4646,8323.982183409118
4647,8323.982178973978
4648,8323.982178723752
4649,8323.982177811824
4650,8323.982178905935
4651,8323.982181364107
4652,8323.982181168043
4653,8323.982221515524
4654,8323.982179698565
4655,8320.186891426034
4656,8320.186891426029
4657,8320.186891426027
4658,8320.186891426032
4659,8320.186891426032
4660,8320.186891426029
4661,8320.186891426029
4662,8320.186891426032
4663,8320.186891426032
4664,8320.18689520061
4665,8320.18689458925
4666,8320.186892178039
4667,8320.186891424795
4668,8320.186893000418
4669,8320.186894131479
4670,8320.18689266403
4671,8320.18688639493
4672,8320.186891506335
4673,8320.18689202956
4674,8320.18689185725
4675,8320.186891491512
4676,8320.186894068012
4677,8320.186966616395
4678,8320.18689255051
4679,8320.18688975811
4680,8320.186893054062
4681,8320.186888040102
4682,8320.186891272924
4683,8320.186891852703
4684,8320.186892811045
4685,8320.186891883097
4686,8320.186892113266
4687,8320.18689381964
4688,8320.18688427743
4689,8320.186892034524
4690,8320.186890970519
4691,8320.18688526279
4692,8320.186929757234
4693,8320.186896045343
4694,8320.186891579035
4695,8320.186885778574
4696,8320.186891956082
4697,8320.186890948597
4698,8320.186890997635
4699,8320.18689256471
4700,8320.186887658407
4701,8320.186893198092
4702,8320.18693170859
4703,8320.186889518196
4704,8317.122805025654
4705,8317.122805025654
4706,8317.122805025661
4707,8317.122805025661
4708,8317.12280502565
4709,8317.122805025652
4710,8317.12280502566
4711,8317.122805025654
4712,8317.12280502565
4713,8317.122808038288
4714,8317.12280667057
4715,8317.122805553952
4716,8317.122805172894
4717,8317.122805869101
4718,8317.122807285938
4719,8317.122805787185
4720,8317.122803049058
4721,8317.12280482688
4722,8317.122805340316
4723,8317.12280509603
4724,8317.122805172123
4725,8317.122806320649
4726,8317.122881777497
4727,8317.12280653455
4728,8317.122802880733
4729,8317.122805764982
4730,8317.122804018647
4731,8317.122804855107
4732,8317.122806244028
4733,8317.122806048914
4734,8317.122805453324
4735,8317.122805642093
4736,8317.12280674151
4737,8317.122803417195
4738,8317.122806022575
4739,8317.122804590628
4740,8317.12280337748
4741,8317.122841278264
4742,8317.1228049463
4743,8317.122805701212
4744,8317.122803566765
4745,8317.122805153685
4746,8317.122804690642
4747,8317.12280447958
4748,8317.122805694735
4749,8317.12280399285
4750,8317.122806642528
4751,8317.12284524918
4752,8317.122804806368
4753,8315.261680451933
4754,8315.261680451938
4755,8315.261680451935
4756,8315.261680451938
4757,8315.26168045194
4758,8315.26168045194
4759,8315.261680451937
4760,8315.261680451942
4761,8315.261680451938
4762,8315.26168209473
4763,8315.261680172305
4764,8315.261680924308
4765,8315.261680862903
4766,8315.261680835627
4767,8315.261681768536
4768,8315.261681691389
4769,8315.261679400566
4770,8315.261679669276
4771,8315.261680837963
4772,8315.26168006769
4773,8315.261680915275
4774,8315.261680956888
4775,8315.261757742148
4776,8315.261682376231
4777,8315.261678372182
4778,8315.261681379106
4779,8315.261680287242
4780,8315.261680639607
4781,8315.261681691878
4782,8315.261681652533
4783,8315.261681074266
4784,8315.261681307944
4785,8315.26168142242
4786,8315.261681005824
4787,8315.26168088427
4788,8315.261679815316
4789,8315.261681189835
4790,8315.26171534931
4791,8315.261678126408
4792,8315.26168150046
4793,8315.261681550275
4794,8315.261680129634
4795,8315.261680128975
4796,8315.261679635707
4797,8315.261680636746
4798,8315.261679864423
4799,8315.26168165518
4800,8315.261719849677
4801,8315.261680734877
4802,8313.296084570477
4803,8313.296084570477
4804,8313.296084570478
4805,8313.296084570478
4806,8313.296084570471
4807,8313.296084570475
4808,8313.296084570473
4809,8313.296084570464
4810,8313.296084570466
4811,8313.29609093974
4812,8313.296080761616
4813,8313.296084917652
4814,8313.296084974394
4815,8313.296085669475
4816,8313.296084315862
4817,8313.296080825581
4818,8313.296081856808
4819,8313.29608294857
4820,8313.296084436259
4821,8313.296083999576
4822,8313.296085481741
4823,8313.296078557427
4824,8313.296161750373
4825,8313.29608698496
4826,8313.296083641217
4827,8313.296083804527
4828,8313.29608382789
4829,8313.296084308584
4830,8313.296086401542
4831,8313.296085642936
4832,8313.296085084392
4833,8313.296085543432
4834,8313.296085219417
4835,8313.296086857343
4836,8313.296084730042
4837,8313.296083638064
4838,8313.296086494487
4839,8313.296121853366
4840,8313.296080915827
4841,8313.296090914333
4842,8313.296082635541
4843,8313.296083506577
4844,8313.296084669211
4845,8313.296083655992
4846,8313.29608444551
4847,8313.296085879176
4848,8313.296085757856
4849,8313.296121803134
4850,8313.296085193682
4851,8311.159137224942
4852,8311.159137224957
4853,8311.159137224957
4854,8311.159137224953
4855,8311.159137224953
4856,8311.159137224957
4857,8311.159137224951
4858,8311.159137224955
4859,8311.159137224957
4860,8311.15913559581
4861,8311.159133950066
4862,8311.159137294542
4863,8311.159138121046
4864,8311.159137779541
4865,8311.159136571678
4866,8311.159139317646
4867,8311.159137827244
4868,8311.159135287158
4869,8311.159137670938
4870,8311.159137237868
4871,8311.1591376605
4872,8311.1591406572
4873,8311.159214510022
4874,8311.159140172438
4875,8311.159138079456
4876,8311.159137519662
4877,8311.159137665716
4878,8311.159138265719
4879,8311.159136399145
4880,8311.159138874656
4881,8311.159137013588
4882,8311.159139051646
4883,8311.159136310089
4884,8311.15913863099
4885,8311.159135994742
4886,8311.159136458911
4887,8311.15914148118
4888,8311.159173085029
4889,8311.159135304424
4890,8311.159137741211
4891,8311.159139637039
4892,8311.159136169184
4893,8311.159136749693
4894,8311.15913556652
4895,8311.159135587479
4896,8311.159136679757
4897,8311.159138629717
4898,8311.159172511268
4899,8311.159138315656
4900,8309.450950095348
4901,8309.450950095339
4902,8309.450950095332
4903,8309.450950095345
4904,8309.450950095335
4905,8309.450950095335
4906,8309.450950095337
4907,8309.450950095339
4908,8309.450950095343
4909,8309.45094846414
4910,8309.45094777564
4911,8309.450950048287
4912,8309.450950999408
4913,8309.450950980749
4914,8309.450949606233
4915,8309.450950674083
4916,8309.450949841013
4917,8309.450948479229
4918,8309.450950577275
4919,8309.450950519646
4920,8309.450950407701
4921,8309.450951095232
4922,8309.45102694312
4923,8309.45095298254
4924,8309.45095153166
4925,8309.450949901246
4926,8309.45095069608
4927,8309.450950921564
4928,8309.450949146962
4929,8309.450951660703
4930,8309.450949662216
4931,8309.45095203811
4932,8309.450949505044
4933,8309.450950550006
4934,8309.450949106125
4935,8309.4509492874
4936,8309.45095318747
4937,8309.450987478722
4938,8309.450950039947
4939,8309.450951602086
4940,8309.450950166889
4941,8309.450949293087
4942,8309.450949495471
4943,8309.450948396283
4944,8309.450948565269
4945,8309.450949880647
4946,8309.450951742794
4947,8309.450985353047
4948,8309.450950451032
4949,8307.254947845673
4950,8307.254947845686
4951,8307.254947845686
4952,8307.254947845686
4953,8307.254947845686
4954,8307.254947845688
4955,8307.25494784569
4956,8307.254947845682
4957,8307.25494784568
4958,8307.254946130963
4959,8307.25494781085
4960,8307.254947277506
4961,8307.254948642403
4962,8307.254949099737
4963,8307.254948584614
4964,8307.25494698801
4965,8307.254948555274
4966,8307.254947262623
4967,8307.254948160897
4968,8307.254950130764
4969,8307.254947537047
4970,8307.254949884587
4971,8307.255024772121
4972,8307.25495035275
4973,8307.254949982052
4974,8307.254946296835
4975,8307.254948519856
4976,8307.25494775278
4977,8307.254945733095
4978,8307.254948734062
4979,8307.25494595151
4980,8307.254949832975
4981,8307.254948665766
4982,8307.254947118396
4983,8307.254948092139
4984,8307.25494748514
4985,8307.254949288377
4986,8307.254987383516
4987,8307.254951233834
4988,8307.254948229946
4989,8307.254944651191
4990,8307.254947704107
4991,8307.254946873361
4992,8307.25494636864
4993,8307.254946657851
4994,8307.254948816913
4995,8307.254951039893
4996,8307.254984545647
4997,8307.254948300579
4998,8305.39319745828
4999,8305.393197458285
5000,8305.393197458294
5001,8305.393197458285
5002,8305.393197458287
5003,8305.393197458285
5004,8305.393197458287
5005,8305.39319745829
5006,8305.393197458288
5007,8305.393190182918
5008,8305.39320697658
5009,8305.393197165373
5010,8305.393197804067
5011,8305.393198607526
5012,8305.393200219474
5013,8305.393194632756
5014,8305.393194790075
5015,8305.393197735391
5016,8305.393198649055
5017,8305.393198828022
5018,8305.393196839104
5019,8305.393188852879
5020,8305.393271554116
5021,8305.393198975487
5022,8305.39319932092
5023,8305.39320176933
5024,8305.393200785105
5025,8305.393200185556
5026,8305.393198056949
5027,8305.393198989002
5028,8305.393197612277
5029,8305.393199020013
5030,8305.393197629028
5031,8305.393195093184
5032,8305.393197570635
5033,8305.393196658353
5034,8305.393192770784
5035,8305.393237279059
5036,8305.393205817838
5037,8305.393199123591
5038,8305.393192667447
5039,8305.393198185244
5040,8305.393196180545
5041,8305.393196630364
5042,8305.393196500869
5043,8305.393196319823
5044,8305.393199150094
5045,8305.393234613739
5046,8305.393195496574
5047,8302.369348447677
5048,8302.369348447683
5049,8302.369348447683
5050,8302.369348447679
5051,8302.369348447679
5052,8302.369348447675
5053,8302.369348447673
5054,8302.369348447683
5055,8302.36934844768
5056,8302.369344350145
5057,8302.369354675013
5058,8302.369348099422
5059,8302.369348311266
5060,8302.369350071747
5061,8302.36934848063
5062,8302.369346942156
5063,8302.369346586154
5064,8302.369348393313
5065,8302.369349405826
5066,8302.369349797844
5067,8302.369348726988
5068,8302.369342607524
5069,8302.369422881786
5070,8302.369349578468
5071,8302.369350152023
5072,8302.369350917335
5073,8302.369348826001
5074,8302.369350659816
5075,8302.369347546255
5076,8302.369349951789
5077,8302.36934833722
5078,8302.36934960346
5079,8302.369349918103
5080,8302.369346186655
5081,8302.369348325028
5082,8302.36934778166
5083,8302.369344633924
5084,8302.369387979928
5085,8302.369354611043
5086,8302.36934991417
5087,8302.369344591201
5088,8302.36934891797
5089,8302.369347336975
5090,8302.369348200498
5091,8302.36934821919
5092,8302.369346150737
5093,8302.369350401086
5094,8302.36938770281
5095,8302.369347118649
5096,8297.488895266026
5097,8297.488895266026
5098,8297.48889526602
5099,8297.488895266024
5100,8297.488895266015
5101,8297.48889526603
5102,8297.488895266028
5103,8297.488895266026
5104,8297.48889526603
5105,8297.488894721217
5106,8297.488894225427
5107,8297.48889449664
5108,8297.488894879316
5109,8297.488895979941
5110,8297.488892758909
5111,8297.488895101285
5112,8297.488896087067
5113,8297.488895135779
5114,8297.488896163588
5115,8297.488896654117
5116,8297.48889674527
5117,8297.4888939934
5118,8297.488970636154
5119,8297.488895273646
5120,8297.48889322268
5121,8297.488895324062
5122,8297.488892303327
5123,8297.488894485
5124,8297.488892079638
5125,8297.488896401763
5126,8297.488894529928
5127,8297.488895421237
5128,8297.488899575423
5129,8297.488893006222
5130,8297.488895511493
5131,8297.488894793121
5132,8297.488893690243
5133,8297.48893084372
5134,8297.488895360975
5135,8297.488895692268
5136,8297.488894793152
5137,8297.488895512306
5138,8297.488893968091
5139,8297.488896352083
5140,8297.488896409712
5141,8297.488892927386
5142,8297.488897687512
5143,8297.488940596291
5144,8297.488895892493
5145,8295.556184388957
5146,8295.556184388975
5147,8295.556184388972
5148,8295.556184388959
5149,8295.556184388974
5150,8295.55618438896
5151,8295.556184388959
5152,8295.55618438896
5153,8295.556184388963
5154,8295.556184870617
5155,8295.556183688903
5156,8295.556183564422
5157,8295.556183911867
5158,8295.55618515994
5159,8295.556181746228
5160,8295.556183784929
5161,8295.556185778361
5162,8295.556184130512
5163,8295.556184903739
5164,8295.55618595517
5165,8295.556185826757
5166,8295.556185177864
5167,8295.55626020946
5168,8295.556184076837
5169,8295.556182112927
5170,8295.556184358984
5171,8295.556181448026
5172,8295.556183278979
5173,8295.556182060935
5174,8295.556185274492
5175,8295.556183654771
5176,8295.556184335685
5177,8295.556188888571
5178,8295.556183016353
5179,8295.556184875124
5180,8295.556184020987
5181,8295.556183512446
5182,8295.556219518925
5183,8295.556182824055
5184,8295.556184791038
5185,8295.556184693305
5186,8295.556184424953
5187,8295.55618339302
5188,8295.556185797048
5189,8295.556185496933
5190,8295.556183133785
5191,8295.55618706772
5192,8295.556230474156
5193,8295.556185693145
5194,8288.538601955628
5195,8288.538601955634
5196,8288.538601955634
5197,8288.538601955628
5198,8288.538601955628
5199,8288.538601955626
5200,8288.538601955623
5201,8288.538601955626
5202,8288.538601955623
5203,8288.538604924446
5204,8288.538598515503
5205,8288.538600836573
5206,8288.538601557431
5207,8288.53860202879
5208,8288.538600874645
5209,8288.538600082664
5210,8288.538601610016
5211,8288.538601795653
5212,8288.538601708251
5213,8288.538603807756
5214,8288.538602454788
5215,8288.538605064927
5216,8288.538677085558
5217,8288.538600267273
5218,8288.538598943622
5219,8288.538603029538
5220,8288.53860041559
5221,8288.53859741439
5222,8288.538601176897
5223,8288.53860230538
5224,8288.538601154863
5225,8288.538601247352
5226,8288.538606592534
5227,8288.538597111334
5228,8288.538603034736
5229,8288.53860174732
5230,8288.538600880078
5231,8288.538638520826
5232,8288.538599286194
5233,8288.538603928257
5234,8288.538601345716
5235,8288.538601837907
5236,8288.538601490869
5237,8288.538604320662
5238,8288.538602656465
5239,8288.538604038979
5240,8288.538605243612
5241,8288.538649681432
5242,8288.53860408348
5243,8289.838071604463
5244,8289.838071604458
5245,8289.838071604465
5246,8289.838071604474
5247,8289.838071604465
5248,8289.83807160447
5249,8289.838071604461
5250,8289.838071604472
5251,8289.838071604467
5252,8289.838082878356
5253,8289.83808191462
5254,8289.838069906014
5255,8289.838071195836
5256,8289.838073899484
5257,8289.83806230769
5258,8289.838076001008
5259,8289.838091303573
5260,8289.838070223701
5261,8289.83806721009
5262,8289.838074890535
5263,8289.838074358191
5264,8289.838090208368
5265,8289.838160468671
5266,8289.838074383502
5267,8289.838076180915
5268,8289.838059517851
5269,8289.838077090673
5270,8289.838076096525
5271,8289.838074584253
5272,8289.838068910174
5273,8289.838068682868
5274,8289.838073612842
5275,8289.838072417899
5276,8289.838101620307
5277,8289.838074908483
5278,8289.838072734121
5279,8289.838095658155
5280,8289.838105802926
5281,8289.83804747481
5282,8289.838075015454
5283,8289.838092898404
5284,8289.838068994266
5285,8289.838074081334
5286,8289.83807094034
5287,8289.838069903937
5288,8289.838087415328
5289,8289.838077790124
5290,8289.838114502178
5291,8289.838082204873
5292,8282.890862838152
5293,8282.890862838147
5294,8282.890862838152
5295,8282.890862838145
5296,8282.890862838147
5297,8282.890862838141
5298,8282.890862838138
5299,8282.890862838138
5300,8282.890862838145
5301,8282.890869106539
5302,8282.89086656129
5303,8282.89086145719
5304,8282.89086238921
5305,8282.890863989434
5306,8282.890857698221
5307,8282.890864868325
5308,8282.890872502241
5309,8282.890862142413
5310,8282.890860655723
5311,8282.890865384608
5312,8282.89086441302
5313,8282.890873291086
5314,8282.89094475037
5315,8282.890863224495
5316,8282.890863595376
5317,8282.890858090183
5318,8282.89086538058
5319,8282.890862935821
5320,8282.89086409223
5321,8282.8908618363
5322,8282.890861076348
5323,8282.89086342651
5324,8282.890865629315
5325,8282.890875038482
5326,8282.890864903438
5327,8282.890863265282
5328,8282.890873918324
5329,8282.890898022879
5330,8282.890849841093
5331,8282.890864629893
5332,8282.890873744014
5333,8282.890861674692
5334,8282.89086374612
5335,8282.890863768847
5336,8282.89086235473
5337,8282.890871174755
5338,8282.89086748397
5339,8282.890908511215
5340,8282.890869118177
5341,8274.595872961054
5342,8274.59587296105
5343,8274.59587296105
5344,8274.595872961043
5345,8274.595872961048
5346,8274.59587296105
5347,8274.595872961054
5348,8274.595872961057
5349,8274.59587296105
5350,8274.595890735582
5351,8274.595867604927
5352,8274.595870663235
5353,8274.59587345921
5354,8274.595872214797
5355,8274.595867265707
5356,8274.595867276254
5357,8274.595879231627
5358,8274.59587171549
5359,8274.595869570301
5360,8274.595875618474
5361,8274.595875113564
5362,8274.59588550668
5363,8274.595955295914
5364,8274.595876619946
5365,8274.595876146237
5366,8274.595861216949
5367,8274.59587243835
5368,8274.595868204167
5369,8274.595871318737
5370,8274.59587003685
5371,8274.595868122664
5372,8274.595875581777
5373,8274.595872743414
5374,8274.595877725773
5375,8274.595876510086
5376,8274.59587362762
5377,8274.595886967174
5378,8274.595912411065
5379,8274.595860300493
5380,8274.59588154147
5381,8274.595875041945
5382,8274.595870155968
5383,8274.595874105895
5384,8274.595871538502
5385,8274.595870499676
5386,8274.595887610842
5387,8274.595879319013
5388,8274.595909181411
5389,8274.595878900569
5390,8259.556998504233
5391,8259.556998504253
5392,8259.556998504246
5393,8259.556998504238
5394,8259.556998504237
5395,8259.556998504237
5396,8259.556998504238
5397,8259.55699850424
5398,8259.556998504231
5399,8259.557011499712
5400,8259.556994757048
5401,8259.556996249506
5402,8259.556999086997
5403,8259.55699671761
5404,8259.556995598643
5405,8259.556994324013
5406,8259.556998615002
5407,8259.55699851283
5408,8259.556996529756
5409,8259.55699925193
5410,8259.557000370729
5411,8259.55700785341
5412,8259.557073728196
5413,8259.557002276
5414,8259.557001408253
5415,8259.556990531113
5416,8259.556996768199
5417,8259.556993129387
5418,8259.55699433357
5419,8259.55699625818
5420,8259.556994597207
5421,8259.557001708747
5422,8259.556996320998
5423,8259.556989586157
5424,8259.557001748193
5425,8259.556998687569
5426,8259.557004270222
5427,8259.557038416306
5428,8259.556995902347
5429,8259.557005099496
5430,8259.556995412897
5431,8259.55699694651
5432,8259.556998691092
5433,8259.556996379408
5434,8259.556995816925
5435,8259.557008216992
5436,8259.557003275655
5437,8259.557032474104
5438,8259.557000073544
5439,8250.312768351067
5440,8250.312768351057
5441,8250.312768351057
5442,8250.312768351061
5443,8250.312768351057
5444,8250.312768351054
5445,8250.312768351054
5446,8250.312768351052
5447,8250.31276835105
5448,8250.312781998191
5449,8250.312768172413
5450,8250.312766680818
5451,8250.312768164924
5452,8250.312767192669
5453,8250.312770374976
5454,8250.312758924872
5455,8250.312751358619
5456,8250.312771578321
5457,8250.312769822503
5458,8250.312763159038
5459,8250.312771502133
5460,8250.312736475986
5461,8250.312825056513
5462,8250.312769938906
5463,8250.312764519185
5464,8250.312770301542
5465,8250.31276259223
5466,8250.312760351513
5467,8250.312765235212
5468,8250.312768323505
5469,8250.312769520859
5470,8250.312770785378
5471,8250.312765653289
5472,8250.31273753825
5473,8250.312771226221
5474,8250.31276616722
5475,8250.312747995316
5476,8250.312807471173
5477,8250.312783903248
5478,8250.312778145746
5479,8250.312751360652
5480,8250.312770481112
5481,8250.31276666335
5482,8250.312767216456
5483,8250.312767984029
5484,8250.312766278954
5485,8250.312767552738
5486,8250.31280521025
5487,8250.312753362745
5488,8253.366012508684
5489,8253.366012508677
5490,8253.366012508666
5491,8253.366012508675
5492,8253.366012508675
5493,8253.366012508677
5494,8253.366012508675
5495,8253.366012508688
5496,8253.366012508668
5497,8253.365989047243
5498,8253.366036490079
5499,8253.36601178342
5500,8253.366011702989
5501,8253.366012147995
5502,8253.366015309528
5503,8253.366033100618
5504,8253.36601550646
5505,8253.366015177675
5506,8253.366014317638
5507,8253.366009462832
5508,8253.36601358117
5509,8253.366021276872
5510,8253.366079313726
5511,8253.366013043169
5512,8253.366013310211
5513,8253.36602439646
5514,8253.366019387377
5515,8253.366018317834
5516,8253.366009255147
5517,8253.366014107178
5518,8253.366015493859
5519,8253.366015104388
5520,8253.366008618852
5521,8253.366008115243
5522,8253.366013182569
5523,8253.366011903241
5524,8253.366006768738
5525,8253.366041160769
5526,8253.366020877856
5527,8253.366002637242
5528,8253.366028350265
5529,8253.36601534593
5530,8253.366011149568
5531,8253.366011180124
5532,8253.366011104312
5533,8253.366005588156
5534,8253.366011533679
5535,8253.366055452929
5536,8253.366011292896
5537,8244.443187651257
5538,8244.443187651259
5539,8244.443187651259
5540,8244.443187651254
5541,8244.44318765125
5542,8244.443187651255
5543,8244.44318765126
5544,8244.443187651259
5545,8244.44318765126
5546,8244.44318440703
5547,8244.443198300378
5548,8244.443186402888
5549,8244.443187194742
5550,8244.443186910401
5551,8244.443190140024
5552,8244.443191726517
5553,8244.443179775517
5554,8244.443190485428
5555,8244.443189224672
5556,8244.443183364368
5557,8244.443189954382
5558,8244.443175080029
5559,8244.443249122436
5560,8244.443188869023
5561,8244.443185963873
5562,8244.44319396835
5563,8244.4431874846
5564,8244.44318603414
5565,8244.443184134827
5566,8244.443188309497
5567,8244.443189607591
5568,8244.443190203767
5569,8244.443184363403
5570,8244.443169194432
5571,8244.443189546744
5572,8244.443186179533
5573,8244.443174218613
5574,8244.443222064188
5575,8244.443199601192
5576,8244.443189082127
5577,8244.443185494136
5578,8244.44318997385
5579,8244.443186140961
5580,8244.443186369812
5581,8244.443186817689
5582,8244.443183500505
5583,8244.443186771881
5584,8244.443227036769
5585,8244.44317937692
5586,8238.040976368264
5587,8238.040976368258
5588,8238.040976368258
5589,8238.040976368262
5590,8238.04097636826
5591,8238.040976368258
5592,8238.04097636826
5593,8238.040976368255
5594,8238.040976368262
5595,8238.04097849355
5596,8238.040978372048
5597,8238.040974447546
5598,8238.040976628994
5599,8238.040975078862
5600,8238.04097662348
5601,8238.040979341808
5602,8238.040976035043
5603,8238.04097816854
5604,8238.040976290838
5605,8238.040974675821
5606,8238.040978602494
5607,8238.040982856162
5608,8238.04104221344
5609,8238.040979530257
5610,8238.040976263552
5611,8238.040972928242
5612,8238.040973911884
5613,8238.040973392726
5614,8238.040970300994
5615,8238.040975174343
5616,8238.040974919722
5617,8238.04097991274
5618,8238.040973261535
5619,8238.040963004758
5620,8238.04097938507
5621,8238.040976099606
5622,8238.040974158821
5623,8238.041010214574
5624,8238.040981343587
5625,8238.040976391683
5626,8238.040976217433
5627,8238.040976721668
5628,8238.040975514463
5629,8238.040974094867
5630,8238.040974498705
5631,8238.040978728312
5632,8238.040978509294
5633,8238.041013512815
5634,8238.040973753923
5635,8228.98076197292
5636,8228.980761972909
5637,8228.980761972914
5638,8228.98076197291
5639,8228.980761972914
5640,8228.980761972913
5641,8228.980761972918
5642,8228.980761972918
5643,8228.98076197292
5644,8228.980764268053
5645,8228.980762756306
5646,8228.980760012284
5647,8228.98076222375
5648,8228.980761209188
5649,8228.98076235778
5650,8228.980764833623
5651,8228.980764255048
5652,8228.98076379052
5653,8228.980761673898
5654,8228.980760313247
5655,8228.980764665948
5656,8228.980770335113
5657,8228.980825721083
5658,8228.980765493485
5659,8228.98076090214
5660,8228.98075648727
5661,8228.98075843323
5662,8228.98075924961
5663,8228.980755971528
5664,8228.980760301502
5665,8228.980760600234
5666,8228.98076578042
5667,8228.98075904828
5668,8228.980752574173
5669,8228.980765461454
5670,8228.980761929728
5671,8228.980761107472
5672,8228.980793353061
5673,8228.98076521167
5674,8228.980761511251
5675,8228.980763337557
5676,8228.980761952815
5677,8228.98076132981
5678,8228.980759613209
5679,8228.98076036492
5680,8228.980765178461
5681,8228.980764144446
5682,8228.980800161578
5683,8228.980759288252
5684,9158.540417801341
5685,9158.540417801352
5686,9158.54041780133
5687,9158.540417801349
5688,9158.540417801338
5689,9158.540417801349
5690,9158.540417801338
5691,9158.540417801338
5692,9158.540417801341
5693,9158.540671611085
5694,9158.540296895731
5695,9158.540411936638
5696,9158.540413456998
5697,9158.540425847777
5698,9158.540375667073
5699,9158.540390288088
5700,9158.540340160926
5701,9158.540435166367
5702,9158.54041807977
5703,9158.540413539991
5704,9158.54042470252
5705,9158.54000503721
5706,9158.540432062096
5707,9158.540409634961
5708,9158.54039649353
5709,9158.540390229255
5710,9158.540350980813
5711,9158.540294766924
5712,9158.540490239271
5713,9158.540410571912
5714,9158.540414199573
5715,9158.540413057308
5716,9158.5404312806
5717,9158.540324635838
5718,9158.54043343384
5719,9158.540410785085
5720,9158.540262251257
5721,9158.540477101009
5722,9158.54050048814
5723,9158.54042007048
5724,9158.540354932173
5725,9158.540423075321
5726,9158.54041613112
5727,9158.540429876855
5728,9158.540426254765
5729,9158.540404089745
5730,9158.540421621909
5731,9158.540480153706
5732,9158.54026479702
5733,8210.510878663026
5734,8210.510878663024
5735,8210.51087866302
5736,8210.510878663026
5737,8210.510878663024
5738,8210.510878663028
5739,8210.510878663028
5740,8210.510878663019
5741,8210.510878663024
5742,8210.510886639486
5743,8210.510871138946
5744,8210.510876504095
5745,8210.510878847193
5746,8210.510878553374
5747,8210.510880657925
5748,8210.510876047269
5749,8210.510878639092
5750,8210.510881269189
5751,8210.510878661798
5752,8210.510876582486
5753,8210.510881798433
5754,8210.51087770393
5755,8210.510932656769
5756,8210.510882360146
5757,8210.510874652491
5758,8210.510870540364
5759,8210.510870430868
5760,8210.510872096553
5761,8210.510873311443
5762,8210.51087617222
5763,8210.510877409533
5764,8210.510882771523
5765,8210.510876247856
5766,8210.510864983376
5767,8210.51088336898
5768,8210.510878590434
5769,8210.510871513965
5770,8210.510907832735
5771,8210.510886281034
5772,8210.510878509285
5773,8210.510873311589
5774,8210.510878461066
5775,8210.510877781677
5776,8210.51087653563
5777,8210.51087796433
5778,8210.51088157725
5779,8210.510880520013
5780,8210.510918470853
5781,8210.510870624172
5782,8244.457010063072
5783,8244.457010063068
5784,8244.45701006307
5785,8244.457010063075
5786,8244.457010063074
5787,8244.457010063072
5788,8244.457010063075
5789,8244.457010063072
5790,8244.457010063072
5791,8244.457080752756
5792,8244.456985071229
5793,8244.4570072522
5794,8244.457008685278
5795,8244.457015052287
5796,8244.457009130623
5797,8244.456971444448
5798,8244.45698937508
5799,8244.457015507973
5800,8244.457009039366
5801,8244.457006957153
5802,8244.457015858652
5803,8244.456884321084
5804,8244.457037519107
5805,8244.457011391887
5806,8244.456997254409
5807,8244.45700161395
5808,8244.456990319632
5809,8244.456977154778
5810,8244.45703179351
5811,8244.457004202122
5812,8244.457011863935
5813,8244.457011938606
5814,8244.457011905219
5815,8244.45699808349
5816,8244.457019142967
5817,8244.457007911136
5818,8244.45696813921
5819,8244.457044682365
5820,8244.457026642503
5821,8244.457033101533
5822,8244.456976656396
5823,8244.457008576679
5824,8244.457010532602
5825,8244.45701244237
5826,8244.457013927762
5827,8244.457019191374
5828,8244.457010878115
5829,8244.457056360528
5830,8244.456960724894
5831,8195.170258249344
5832,8195.170258249349
5833,8195.17025824935
5834,8195.170258249345
5835,8195.170258249344
5836,8195.170258249344
5837,8195.170258249347
5838,8195.17025824935
5839,8195.170258249344
5840,8195.170279895501
5841,8195.17024822794
5842,8195.170255990535
5843,8195.170258011773
5844,8195.170259837114
5845,8195.170260864077
5846,8195.170242686387
5847,8195.170254033008
5848,8195.170261419025
5849,8195.170257823274
5850,8195.170255796835
5851,8195.170262318745
5852,8195.170227685696
5853,8195.170302853963
5854,8195.170261734307
5855,8195.17025149916
5856,8195.170249858325
5857,8195.170247954691
5858,8195.17024648723
5859,8195.170260330568
5860,8195.170254513701
5861,8195.170258310529
5862,8195.170262030268
5863,8195.170256653098
5864,8195.170249021177
5865,8195.170264452176
5866,8195.170257722757
5867,8195.170244171644
5868,8195.170287544273
5869,8195.170266293435
5870,8195.170266709963
5871,8195.170244689753
5872,8195.170257265938
5873,8195.170257965174
5874,8195.17025715516
5875,8195.170258930046
5876,8195.170264661298
5877,8195.170259557668
5878,8195.170299707468
5879,8195.170240705125
5880,8170.914812478729
5881,8170.914812478735
5882,8170.914812478734
5883,8170.914812478731
5884,8170.914812478735
5885,8170.914812478729
5886,8170.914812478731
5887,8170.914812478725
5888,8170.914812478734
5889,8170.914821524167
5890,8170.914813274392
5891,8170.914810604605
5892,8170.914811148563
5893,8170.914817256225
5894,8170.914816134709
5895,8170.914797805923
5896,8170.914816070683
5897,8170.914813935839
5898,8170.9148108246045
5899,8170.914811200915
5900,8170.914816965615
5901,8170.914792070403
5902,8170.91485311272
5903,8170.914816024961
5904,8170.914809050904
5905,8170.9148101382225
5906,8170.914808294385
5907,8170.914806162241
5908,8170.914819898375
5909,8170.914808263006
5910,8170.914814554008
5911,8170.914816296061
5912,8170.914810376512
5913,8170.914826516876
5914,8170.9148179548965
5915,8170.914812922147
5916,8170.914805865562
5917,8170.9148388831545
5918,8170.9148129885325
5919,8170.914823893643
5920,8170.91480762443
5921,8170.914809659106
5922,8170.914813747191
5923,8170.914812081972
5924,8170.914813808189
5925,8170.9148210190215
5926,8170.914813661979
5927,8170.914857022817
5928,8170.914798592592
5929,8218.35001322317
5930,8218.35001322317
5931,8218.35001322317
5932,8218.35001322317
5933,8218.35001322317
5934,8218.350013223171
5935,8218.350013223166
5936,8218.350013223167
5937,8218.35001322317
5938,8218.350042284179
5939,8218.349960442898
5940,8218.35001095748
5941,8218.35000883165
5942,8218.350022379609
5943,8218.350010338268
5944,8218.350028418508
5945,8218.350002462272
5946,8218.35001269358
5947,8218.350012242492
5948,8218.350014413014
5949,8218.35001505285
5950,8218.34997577296
5951,8218.35003159491
5952,8218.350012243976
5953,8218.350019226433
5954,8218.35001791667
5955,8218.349992373422
5956,8218.349995210243
5957,8218.350022061662
5958,8218.350010500239
5959,8218.350012669704
5960,8218.350014816397
5961,8218.350013522688
5962,8218.349989204866
5963,8218.350014916365
5964,8218.350015180356
5965,8218.349968313623
5966,8218.35004843707
5967,8218.350056196467
5968,8218.349992373436
5969,8218.349999393104
5970,8218.350010089061
5971,8218.350013783655
5972,8218.350017946637
5973,8218.350017370429
5974,8218.349993138238
5975,8218.350016759558
5976,8218.350066974677
5977,8218.349991043791
5978,8158.730258310588
5979,8158.730258310583
5980,8158.7302583105875
5981,8158.7302583105975
5982,8158.730258310579
5983,8158.730258310593
5984,8158.73025831059
5985,8158.730258310596
5986,8158.730258310588
5987,8158.730266015628
5988,8158.730246426361
5989,8158.730256398089
5990,8158.730256192064
5991,8158.730264113563
5992,8158.730261618729
5993,8158.73025200799
5994,8158.730259741232
5995,8158.730259113333
5996,8158.730257080744
5997,8158.730257847518
5998,8158.730261865956
5999,8158.730243462963
6000,8158.730291167559
6001,8158.730260934508
6002,8158.730257448434
6003,8158.730258430832
6004,8158.730250116596
6005,8158.730250422494
6006,8158.730264061849
6007,8158.730254595154
6008,8158.730259722225
6009,8158.730261922598
6010,8158.730256392968
6011,8158.7302623272135
6012,8158.730262568205
6013,8158.730259430313
6014,8158.730243903448
6015,8158.730285440806
6016,8158.730270088424
6017,8158.730259997524
6018,8158.730251372554
6019,8158.730255327585
6020,8158.730259210275
6021,8158.730258945698
6022,8158.730260246484
6023,8158.730258847235
6024,8158.7302600296525
6025,8158.7303053179885
6026,8158.730244460019
6027,8140.077193229621
6028,8140.077193229622
6029,8140.077193229626
6030,8140.077193229628
6031,8140.077193229623
6032,8140.077193229624
6033,8140.077193229621
6034,8140.0771932296275
6035,8140.077193229617
6036,8140.077184720717
6037,8140.077181074254
6038,8140.077191347519
6039,8140.0771913964945
6040,8140.077197243278
6041,8140.07719773329
6042,8140.077196816057
6043,8140.077198884829
6044,8140.0771929369785
6045,8140.077192163164
6046,8140.077194033296
6047,8140.077194420409
6048,8140.077208588356
6049,8140.077224479769
6050,8140.077196678962
6051,8140.077197611735
6052,8140.077196402091
6053,8140.077192282396
6054,8140.077190627676
6055,8140.077194520627
6056,8140.077190290722
6057,8140.077193440344
6058,8140.077197691425
6059,8140.077188217964
6060,8140.077192525459
6061,8140.07719577422
6062,8140.07719544356
6063,8140.077189557301
6064,8140.077220211392
6065,8140.077207780853
6066,8140.077188777836
6067,8140.077190994876
6068,8140.077190100687
6069,8140.077193923862
6070,8140.077192996237
6071,8140.077193896539
6072,8140.077192055239
6073,8140.077195777209
6074,8140.077237666678
6075,8140.077193227867
6076,8125.5969827662475
6077,8125.596982766244
6078,8125.596982766247
6079,8125.596982766253
6080,8125.596982766249
6081,8125.596982766248
6082,8125.5969827662475
6083,8125.596982766246
6084,8125.596982766251
6085,8125.596979183545
6086,8125.596973559062
6087,8125.596980869522
6088,8125.596980736988
6089,8125.596985354362
6090,8125.596985838356
6091,8125.596986572511
6092,8125.596982467533
6093,8125.596982351259
6094,8125.596982039378
6095,8125.59698237186
6096,8125.596983152927
6097,8125.596978663053
6098,8125.597009320102
6099,8125.596985670507
6100,8125.596989392487
6101,8125.596992180162
6102,8125.596988175858
6103,8125.596979494853
6104,8125.596987621605
6105,8125.596981034166
6106,8125.596984127649
6107,8125.596986746196
6108,8125.596975396234
6109,8125.596977319232
6110,8125.5969837740395
6111,8125.596984185195
6112,8125.596978940047
6113,8125.59701287071
6114,8125.596999860464
6115,8125.596984493502
6116,8125.596978565898
6117,8125.5969806147
6118,8125.596983415494
6119,8125.596983097865
6120,8125.596983444599
6121,8125.596979413809
6122,8125.596984252655
6123,8125.597025637299
6124,8125.596983288324
6125,8108.37718653993
6126,8108.377186539936
6127,8108.377186539936
6128,8108.377186539938
6129,8108.377186539936
6130,8108.3771865399285
6131,8108.37718653993
6132,8108.377186539927
6133,8108.37718653993
6134,8108.377174348061
6135,8108.377188719434
6136,8108.377185169732
6137,8108.37718456576
6138,8108.37718633523
6139,8108.377185908274
6140,8108.377191670724
6141,8108.377186943814
6142,8108.3771843310515
6143,8108.377185974989
6144,8108.377183714395
6145,8108.377188736014
6146,8108.377194332652
6147,8108.377214714059
6148,8108.3771898413615
6149,8108.377193513902
6150,8108.377196545004
6151,8108.377194168712
6152,8108.377191983492
6153,8108.377187390017
6154,8108.37718698715
6155,8108.377189954321
6156,8108.377190318842
6157,8108.37717664584
6158,8108.377187121858
6159,8108.377184353832
6160,8108.377187217253
6161,8108.377194592608
6162,8108.377212300083
6163,8108.377192401181
6164,8108.37719485156
6165,8108.3771878715315
6166,8108.377185151291
6167,8108.377187460351
6168,8108.377186732563
6169,8108.377186710361
6170,8108.3771787686965
6171,8108.377186102794
6172,8108.377228129005
6173,8108.3771932063055
6174,8092.473589078783
6175,8092.473589078783
6176,8092.4735890787815
6177,8092.473589078778
6178,8092.473589078785
6179,8092.473589078776
6180,8092.473589078776
6181,8092.47358907878
6182,8092.47358907878
6183,8092.473601755523
6184,8092.473583922226
6185,8092.473587567681
6186,8092.473587682271
6187,8092.473585508439
6188,8092.473583871868
6189,8092.473593428919
6190,8092.473585966344
6191,8092.473588223983
6192,8092.473588740971
6193,8092.473585701258
6194,8092.47359143774
6195,8092.4735686119175
6196,8092.47361731194
6197,8092.473591526518
6198,8092.473590058941
6199,8092.473592318552
6200,8092.473589762811
6201,8092.473587213737
6202,8092.473592227349
6203,8092.473589735645
6204,8092.473592167178
6205,8092.473591675536
6206,8092.473580094114
6207,8092.473582120793
6208,8092.473587371495
6209,8092.473588845188
6210,8092.47359358947
6211,8092.473610370258
6212,8092.473591799896
6213,8092.473600031341
6214,8092.473589190818
6215,8092.4735889621
6216,8092.47358972723
6217,8092.473590540904
6218,8092.4735897163155
6219,8092.473580768337
6220,8092.473588803335
6221,8092.473633074275
6222,8092.473590935441
6223,8079.310148334182
6224,8079.310148334169
6225,8079.310148334176
6226,8079.310148334181
6227,8079.310148334181
6228,8079.310148334193
6229,8079.310148334181
6230,8079.310148334179
6231,8079.310148334184
6232,8079.310150900174
6233,8079.310149824881
6234,8079.310146963164
6235,8079.3101482311995
6236,8079.310142830016
6237,8079.310145498789
6238,8079.310145988971
6239,8079.3101537394805
6240,8079.310149578487
6241,8079.310148437845
6242,8079.310146100669
6243,8079.310150887268
6244,8079.310143547028
6245,8079.310181591273
6246,8079.3101517799705
6247,8079.310141416074
6248,8079.310143886606
6249,8079.310144823732
6250,8079.310144210873
6251,8079.310149063903
6252,8079.310147538028
6253,8079.310150594312
6254,8079.310151617779
6255,8079.310140770581
6256,8079.3101485823945
6257,8079.310149561525
6258,8079.310148329494
6259,8079.310159552956
6260,8079.310155934235
6261,8079.310141040305
6262,8079.310156755696
6263,8079.310151309807
6264,8079.310148297022
6265,8079.310148437279
6266,8079.310148764719
6267,8079.31014850437
6268,8079.31014791151
6269,8079.310148742308
6270,8079.310195167767
6271,8079.3101505874465
6272,8067.919857370031
6273,8067.919857370027
6274,8067.919857370033
6275,8067.919857370031
6276,8067.919857370026
6277,8067.919857370035
6278,8067.91985737003
6279,8067.919857370031
6280,8067.919857370035
6281,8067.919859446564
6282,8067.919858802965
6283,8067.919856095414
6284,8067.91985688405
6285,8067.919852539144
6286,8067.91985494766
6287,8067.919856653274
6288,8067.919865217481
6289,8067.919858460056
6290,8067.919857135026
6291,8067.919856395927
6292,8067.919859962832
6293,8067.919861347651
6294,8067.9198902333055
6295,8067.919860079328
6296,8067.919849426017
6297,8067.919852501608
6298,8067.919849473632
6299,8067.919853892925
6300,8067.919857644507
6301,8067.919856472268
6302,8067.919859586063
6303,8067.919860069861
6304,8067.9198515656335
6305,8067.91986031071
6306,8067.919858522905
6307,8067.919857882751
6308,8067.919865691232
6309,8067.9198613856315
6310,8067.9198499683735
6311,8067.919861198684
6312,8067.919861185378
6313,8067.9198571344905
6314,8067.919857776179
6315,8067.919858851391
6316,8067.919858205672
6317,8067.919855990862
6318,8067.919858560993
6319,8067.919907991978
6320,8067.919860455668
6321,8045.9979694880785
6322,8045.997969488071
6323,8045.997969488071
6324,8045.997969488082
6325,8045.997969488084
6326,8045.9979694880785
6327,8045.997969488079
6328,8045.997969488082
6329,8045.997969488081
6330,8045.997962991588
6331,8045.997980283432
6332,8045.997968157088
6333,8045.997967701926
6334,8045.997966586474
6335,8045.997968849424
6336,8045.997973487867
6337,8045.997975223713
6338,8045.9979708427345
6339,8045.99796894373
6340,8045.997970398719
6341,8045.997970827735
6342,8045.997972492194
6343,8045.997999542252
6344,8045.997969133149
6345,8045.997964238813
6346,8045.997976885077
6347,8045.997965905119
6348,8045.997964065758
6349,8045.997973827558
6350,8045.997969754769
6351,8045.997973252959
6352,8045.997969893711
6353,8045.997967110828
6354,8045.997978279018
6355,8045.997969482428
6356,8045.997970056704
6357,8045.997968118201
6358,8045.997971780126
6359,8045.997962238719
6360,8045.997969334328
6361,8045.997975573309
6362,8045.997970619863
6363,8045.997970375281
6364,8045.99797382352
6365,8045.997971474027
6366,8045.997967476451
6367,8045.997971030833
6368,8045.998028830669
6369,8045.997969512342
6370,8047.347034575117
6371,8047.3470345751075
6372,8047.347034575105
6373,8047.347034575106
6374,8047.347034575111
6375,8047.347034575108
6376,8047.3470345751175
6377,8047.347034575115
6378,8047.347034575112
6379,8047.3470485185435
6380,8047.347004517854
6381,8047.347032621406
6382,8047.347030786989
6383,8047.347033405402
6384,8047.347028548935
6385,8047.3470337993995
6386,8047.347046105177
6387,8047.347032271698
6388,8047.347028344683
6389,8047.347040590966
6390,8047.347036984419
6391,8047.347085831907
6392,8047.347057087864
6393,8047.347033274656
6394,8047.347041648796
6395,8047.347023704931
6396,8047.347019031469
6397,8047.347038766556
6398,8047.347030095356
6399,8047.3470331737035
6400,8047.347033705685
6401,8047.3470323115125
6402,8047.347038593015
6403,8047.347044305139
6404,8047.347032236863
6405,8047.347039022567
6406,8047.347035389699
6407,8047.347058519551
6408,8047.347022043341
6409,8047.347029319476
6410,8047.347029681361
6411,8047.3470315146
6412,8047.347039873671
6413,8047.347043035435
6414,8047.3470385816745
6415,8047.347034701177
6416,8047.347042365647
6417,8047.347100150018
6418,8047.34703951864
6419,8038.8869275908155
6420,8038.886927590821
6421,8038.886927590825
6422,8038.88692759082
6423,8038.88692759082
6424,8038.886927590822
6425,8038.886927590813
6426,8038.886927590819
6427,8038.886927590818
6428,8038.886930370511
6429,8038.886919434381
6430,8038.886925969657
6431,8038.886924880495
6432,8038.8869256013595
6433,8038.886924492892
6434,8038.886928913574
6435,8038.886936316751
6436,8038.88692720033
6437,8038.886924340767
6438,8038.886930938701
6439,8038.886929447366
6440,8038.88695412299
6441,8038.886954113871
6442,8038.8869268225
6443,8038.886928028361
6444,8038.886926154022
6445,8038.886918193098
6446,8038.886926587553
6447,8038.886927681828
6448,8038.886927004118
6449,8038.886929147056
6450,8038.886926772429
6451,8038.8869282175365
6452,8038.886937006032
6453,8038.886926541115
6454,8038.886930007999
6455,8038.886927658827
6456,8038.886939791407
6457,8038.886917760962
6458,8038.886925230668
6459,8038.886928376321
6460,8038.886926678236
6461,8038.886930574153
6462,8038.8869338344375
6463,8038.88693052965
6464,8038.88692684308
6465,8038.886932108337
6466,8038.886989815967
6467,8038.886930007336
6468,8027.5475311435675
6469,8027.547531143563
6470,8027.547531143561
6471,8027.5475311435575
6472,8027.547531143559
6473,8027.547531143567
6474,8027.547531143563
6475,8027.547531143564
6476,8027.547531143567
6477,8027.547526775699
6478,8027.547530757467
6479,8027.54752935655
6480,8027.547528613693
6481,8027.547529799721
6482,8027.547531141524
6483,8027.54753228205
6484,8027.547539425981
6485,8027.5475316856055
6486,8027.547528099497
6487,8027.54753479408
6488,8027.547530707609
6489,8027.547557486115
6490,8027.547557890931
6491,8027.5475302509485
6492,8027.54753373308
6493,8027.5475333866725
6494,8027.547530171476
6495,8027.547529903759
6496,8027.547531476504
6497,8027.547530866917
6498,8027.547532622669
6499,8027.547530490186
6500,8027.547531339066
6501,8027.547537542372
6502,8027.547530343189
6503,8027.547533306243
6504,8027.5475329589435
6505,8027.54754709367
6506,8027.547524239157
6507,8027.547529034078
6508,8027.547531317319
6509,8027.547531208266
6510,8027.547533926172
6511,8027.5475366092805
6512,8027.547533422276
6513,8027.547534761563
6514,8027.547535519775
6515,8027.5475921014995
6516,8027.547535215982
6517,8012.150088440497
6518,8012.150088440493
6519,8012.1500884404895
6520,8012.150088440488
6521,8012.150088440492
6522,8012.150088440489
6523,8012.150088440494
6524,8012.150088440501
6525,8012.150088440496
6526,8012.15008885378
6527,8012.15009054161
6528,8012.150086277192
6529,8012.1500863613755
6530,8012.150088883005
6531,8012.15008763933
6532,8012.150091462807
6533,8012.150091441106
6534,8012.150088898518
6535,8012.150085775868
6536,8012.150090988428
6537,8012.1500858070785
6538,8012.150092452458
6539,8012.150113896939
6540,8012.150086792243
6541,8012.150094462599
6542,8012.150091934099
6543,8012.150095738447
6544,8012.150086274635
6545,8012.150089435969
6546,8012.1500897804
6547,8012.150090187475
6548,8012.150087233905
6549,8012.150088724706
6550,8012.15008566129
6551,8012.150085929447
6552,8012.150089198725
6553,8012.150086788965
6554,8012.150113682689
6555,8012.150087280962
6556,8012.1500887656075
6557,8012.15008646718
6558,8012.150090099466
6559,8012.150090928974
6560,8012.150093473335
6561,8012.150090032605
6562,8012.150094582292
6563,8012.150091849855
6564,8012.150147379797
6565,8012.150087762534
6566,8004.863144805428
6567,8004.863144805434
6568,8004.863144805417
6569,8004.863144805419
6570,8004.863144805427
6571,8004.8631448054275
6572,8004.863144805436
6573,8004.863144805432
6574,8004.863144805429
6575,8004.863146791903
6576,8004.863145184187
6577,8004.863142682912
6578,8004.863143388278
6579,8004.863145875272
6580,8004.86314316304
6581,8004.863148514085
6582,8004.8631464010605
6583,8004.8631441231755
6584,8004.863142642765
6585,8004.863146109644
6586,8004.863142421471
6587,8004.863142246159
6588,8004.86316991139
6589,8004.86314365146
6590,8004.863150319934
6591,8004.863146113342
6592,8004.863151946413
6593,8004.863144095291
6594,8004.863144107506
6595,8004.863147001982
6596,8004.863146704232
6597,8004.863144027379
6598,8004.863144596048
6599,8004.86313759963
6600,8004.8631409138925
6601,8004.8631448581555
6602,8004.863143268203
6603,8004.863171331261
6604,8004.863145716477
6605,8004.863145528777
6606,8004.863142218971
6607,8004.863146516774
6608,8004.863146894444
6609,8004.863149013313
6610,8004.86314599774
6611,8004.863149717938
6612,8004.86314731825
6613,8004.8632009661005
6614,8004.86314278139
6615,7989.104452379072
6616,7989.104452379063
6617,7989.10445237907
6618,7989.104452379062
6619,7989.104452379053
6620,7989.104452379057
6621,7989.104452379061
6622,7989.104452379066
6623,7989.104452379064
6624,7989.104459390203
6625,7989.104450046857
6626,7989.104450295949
6627,7989.104452042261
6628,7989.104455321991
6629,7989.10444875815
6630,7989.104452578213
6631,7989.104452845489
6632,7989.104449577132
6633,7989.10445029283
6634,7989.104452768884
6635,7989.104451496138
6636,7989.10443404163
6637,7989.10447469916
6638,7989.1044518188455
6639,7989.104456673923
6640,7989.1044516997945
6641,7989.104457180082
6642,7989.104452237822
6643,7989.104452152249
6644,7989.104454843939
6645,7989.10445446678
6646,7989.104451732083
6647,7989.104453083126
6648,7989.10444806856
6649,7989.104447029636
6650,7989.104451567932
6651,7989.104449050515
6652,7989.104478719903
6653,7989.10445185602
6654,7989.104456846593
6655,7989.10444850007
6656,7989.10445289664
6657,7989.104454438928
6658,7989.104456354902
6659,7989.1044536199615
6660,7989.104458443681
6661,7989.104454299698
6662,7989.104506739997
6663,7989.104444111151
6664,7995.997970432424
6665,7995.997970432418
6666,7995.997970432418
6667,7995.997970432423
6668,7995.997970432423
6669,7995.9979704324305
6670,7995.997970432435
6671,7995.9979704324305
6672,7995.997970432432
6673,7995.997950353509
6674,7995.9979322307245
6675,7995.997969039202
6676,7995.997972408632
6677,7995.997971602855
6678,7995.997965440941
6679,7995.998007178609
6680,7995.997967909416
6681,7995.997959044772
6682,7995.997971097609
6683,7995.997968489123
6684,7995.997967941318
6685,7995.998014179796
6686,7995.997985951095
6687,7995.997971639036
6688,7995.997980998475
6689,7995.997971598339
6690,7995.997971990302
6691,7995.997992794067
6692,7995.997948718153
6693,7995.99797731572
6694,7995.997970742854
6695,7995.997972015119
6696,7995.9979660913605
6697,7995.99792255319
6698,7995.997957009024
6699,7995.9979695619595
6700,7995.997969122831
6701,7995.997993606616
6702,7995.997997495884
6703,7995.9979387004805
6704,7995.997974926704
6705,7995.997970053823
6706,7995.997969927807
6707,7995.997972077617
6708,7995.997970325311
6709,7995.997952196276
6710,7995.997970994249
6711,7995.998015173801
6712,7995.997993808245
6713,7977.4125861772545
6714,7977.412586177245
6715,7977.412586177249
6716,7977.412586177249
6717,7977.412586177255
6718,7977.412586177254
6719,7977.412586177252
6720,7977.412586177251
6721,7977.412586177248
6722,7977.412579993742
6723,7977.41257097467
6724,7977.412584430187
6725,7977.41258700251
6726,7977.412588384374
6727,7977.4125824337125
6728,7977.412601401123
6729,7977.4125864225125
6730,7977.41257989643
6731,7977.412585450902
6732,7977.41258560234
6733,7977.412584482788
6734,7977.412593820601
6735,7977.41260548378
6736,7977.412586552041
6737,7977.412592365161
6738,7977.412586358485
6739,7977.412589576603
6740,7977.412594844983
6741,7977.4125769153125
6742,7977.412590499639
6743,7977.412587509843
6744,7977.412586681504
6745,7977.41258452469
6746,7977.412564447845
6747,7977.412577522676
6748,7977.412585299884
6749,7977.412584504064
6750,7977.41260963826
6751,7977.412596849519
6752,7977.412575803002
6753,7977.412586173879
6754,7977.412586315433
6755,7977.412586996747
6756,7977.412588896139
6757,7977.41258665633
6758,7977.41258239488
6759,7977.412587411923
6760,7977.412636037009
6761,7977.4125905458195
6762,7956.822735508887
6763,7956.822735508889
6764,7956.822735508888
6765,7956.822735508889
6766,7956.822735508896
6767,7956.822735508902
6768,7956.822735508896
6769,7956.8227355088975
6770,7956.8227355088975
6771,7956.822735635359
6772,7956.8227224963575
6773,7956.822734131366
6774,7956.82273814801
6775,7956.822739260626
6776,7956.822731805845
6777,7956.82274026045
6778,7956.822739073743
6779,7956.822728074412
6780,7956.8227348115915
6781,7956.8227345540045
6782,7956.822737551051
6783,7956.822728605197
6784,7956.822754513515
6785,7956.822737675011
6786,7956.822734013033
6787,7956.82273328038
6788,7956.822728929603
6789,7956.822742205809
6790,7956.822728867989
6791,7956.82273797177
6792,7956.822736980459
6793,7956.822736973487
6794,7956.8227350750685
6795,7956.822728381277
6796,7956.822728114997
6797,7956.822734233111
6798,7956.822733341488
6799,7956.8227485998805
6800,7956.822737250077
6801,7956.822731048597
6802,7956.822736171507
6803,7956.822733007692
6804,7956.82273629873
6805,7956.822737747852
6806,7956.82273641187
6807,7956.822736095204
6808,7956.822736600377
6809,7956.82278343495
6810,7956.822731879544
6811,7939.82708189401
6812,7939.827081894016
6813,7939.827081894016
6814,7939.827081894016
6815,7939.827081894011
6816,7939.82708189401
6817,7939.827081894009
6818,7939.827081894009
6819,7939.827081894019
6820,7939.827083363833
6821,7939.827070571882
6822,7939.827080782949
6823,7939.827085261372
6824,7939.827085627484
6825,7939.827079493466
6826,7939.827083302412
6827,7939.827086437134
6828,7939.827074335198
6829,7939.827080882924
6830,7939.827081705625
6831,7939.827085099142
6832,7939.827077028989
6833,7939.827100239538
6834,7939.827084687536
6835,7939.827079018884
6836,7939.827082646054
6837,7939.827071420433
6838,7939.827088249209
6839,7939.827076418848
6840,7939.8270829375215
6841,7939.827082973766
6842,7939.827083442179
6843,7939.827082111005
6844,7939.8270811274715
6845,7939.827075702843
6846,7939.82708095711
6847,7939.827078619327
6848,7939.827090678856
6849,7939.827080188409
6850,7939.827077808642
6851,7939.827083267175
6852,7939.827077930029
6853,7939.827082875173
6854,7939.827084432817
6855,7939.827083135628
6856,7939.827084373993
6857,7939.8270837035425
6858,7939.827128926414
6859,7939.827078644773
6860,7908.094361371638
6861,7908.094361371637
6862,7908.094361371637
6863,7908.094361371633
6864,7908.0943613716345
6865,7908.094361371637
6866,7908.094361371642
6867,7908.094361371637
6868,7908.094361371638
6869,7908.094361586637
6870,7908.094370298501
6871,7908.094361135741
6872,7908.094366338538
6873,7908.094358516318
6874,7908.094365985967
6875,7908.094347344088
6876,7908.0943641757585
6877,7908.094361270537
6878,7908.094361942684
6879,7908.094362885545
6880,7908.094361878031
6881,7908.094347063901
6882,7908.094380226216
6883,7908.094366420975
6884,7908.094356229378
6885,7908.094369094386
6886,7908.094360888596
6887,7908.094352057751
6888,7908.094362177456
6889,7908.094358156062
6890,7908.0943598244785
6891,7908.094364257437
6892,7908.094359679261
6893,7908.094359824132
6894,7908.094363704474
6895,7908.094360684013
6896,7908.094366524763
6897,7908.094366367931
6898,7908.094355514539
6899,7908.094368121598
6900,7908.094358860627
6901,7908.094357835311
6902,7908.094360688217
6903,7908.094361935264
6904,7908.094361415564
6905,7908.0943759056245
6906,7908.094364417184
6907,7908.094401020881
6908,7908.094361561955
6909,7892.113509178304
6910,7892.1135091783135
6911,7892.113509178319
6912,7892.11350917831
6913,7892.11350917831
6914,7892.11350917831
6915,7892.1135091783135
6916,7892.113509178308
6917,7892.113509178308
6918,7892.113512125608
6919,7892.113510740874
6920,7892.113509414434
6921,7892.1135132753425
6922,7892.113507473379
6923,7892.113506572904
6924,7892.113503232659
6925,7892.113504448123
6926,7892.113509685331
6927,7892.1135093276935
6928,7892.113511475967
6929,7892.113511872144
6930,7892.1134948528
6931,7892.113524623296
6932,7892.113512560837
6933,7892.113513753205
6934,7892.113521171907
6935,7892.1135079765745
6936,7892.113504270625
6937,7892.113512697146
6938,7892.1135060482975
6939,7892.1135072315865
6940,7892.113509853903
6941,7892.113511524425
6942,7892.1135105984085
6943,7892.113511811592
6944,7892.113508538407
6945,7892.11350143564
6946,7892.11352325012
6947,7892.113510463912
6948,7892.113512235179
6949,7892.113504686707
6950,7892.113506154272
6951,7892.1135087863795
6952,7892.11351231709
6953,7892.113510180104
6954,7892.113516286415
6955,7892.113513110082
6956,7892.113553541003
6957,7892.1135055987215
6958,7880.214732399743
6959,7880.21473239975
6960,7880.214732399754
6961,7880.214732399755
6962,7880.214732399752
6963,7880.214732399753
6964,7880.214732399755
6965,7880.214732399751
6966,7880.214732399749
6967,7880.214728737868
6968,7880.214732038213
6969,7880.214732912689
6970,7880.214735800603
6971,7880.21473098054
6972,7880.214727395164
6973,7880.214736408452
6974,7880.214733807381
6975,7880.214733291012
6976,7880.214732014107
6977,7880.214734761876
6978,7880.214735721286
6979,7880.214745782442
6980,7880.214749314731
6981,7880.21473554835
6982,7880.21473856938
6983,7880.214740616807
6984,7880.214730331904
6985,7880.2147360255785
6986,7880.214728413301
6987,7880.214729952713
6988,7880.214730687645
6989,7880.214732842214
6990,7880.214735203446
6991,7880.214735839593
6992,7880.214734770535
6993,7880.214732693187
6994,7880.214730231055
6995,7880.2147459766065
6996,7880.214732165184
6997,7880.2147285073315
6998,7880.2147347171285
6999,7880.214730362964
7000,7880.214732478835
7001,7880.214735861978
7002,7880.214733628369
7003,7880.214734745932
7004,7880.214736448133
7005,7880.214780390144
7006,7880.214737664152
7007,7872.415130363398
7008,7872.415130363403
7009,7872.4151303634
7010,7872.415130363397
7011,7872.415130363405
7012,7872.4151303634
7013,7872.415130363398
7014,7872.415130363402
7015,7872.415130363407
7016,7872.415130288762
7017,7872.415130812158
7018,7872.4151312654585
7019,7872.415134138422
7020,7872.415128854101
7021,7872.415122600208
7022,7872.415135232503
7023,7872.415130031873
7024,7872.415131488395
7025,7872.4151301389065
7026,7872.415131580511
7027,7872.415133383086
7028,7872.415140841251
7029,7872.4151444595345
7030,7872.415133070809
7031,7872.415136046568
7032,7872.415134868162
7033,7872.415127919495
7034,7872.415136672301
7035,7872.415125271068
7036,7872.415129276337
7037,7872.415128926114
7038,7872.415130167075
7039,7872.415132966021
7040,7872.4151270769935
7041,7872.415132162543
7042,7872.415129852892
7043,7872.415129250227
7044,7872.415145886494
7045,7872.415132784703
7046,7872.415126168732
7047,7872.41513210887
7048,7872.415129915857
7049,7872.4151303408
7050,7872.415133852131
7051,7872.415131040318
7052,7872.4151282825305
7053,7872.415133757194
7054,7872.415177957497
7055,7872.415135844909
7056,7859.713266911184
7057,7859.713266911187
7058,7859.71326691119
7059,7859.713266911179
7060,7859.713266911189
7061,7859.713266911173
7062,7859.713266911177
7063,7859.713266911177
7064,7859.713266911191
7065,7859.7132582239465
7066,7859.71327511568
7067,7859.713268224898
7068,7859.7132714864565
7069,7859.7132674863615
7070,7859.713257684396
7071,7859.713269860496
7072,7859.713270868647
7073,7859.713269445445
7074,7859.713267045189
7075,7859.7132668082695
7076,7859.713270023447
7077,7859.713267976482
7078,7859.713280157584
7079,7859.713268937436
7080,7859.713265086365
7081,7859.713267195575
7082,7859.713263349631
7083,7859.713266697949
7084,7859.713263070356
7085,7859.713266754593
7086,7859.713267153904
7087,7859.7132662859785
7088,7859.713270503457
7089,7859.713270725238
7090,7859.713269361808
7091,7859.713265273912
7092,7859.713268318959
7093,7859.713272719737
7094,7859.713263610001
7095,7859.713265041576
7096,7859.713272885471
7097,7859.713268310533
7098,7859.713266836309
7099,7859.713269868965
7100,7859.713266464095
7101,7859.713264198491
7102,7859.713268726259
7103,7859.713317246935
7104,7859.713262623549
7105,7851.216568139875
7106,7851.21656813986
7107,7851.216568139868
7108,7851.216568139867
7109,7851.216568139873
7110,7851.216568139869
7111,7851.216568139864
7112,7851.216568139864
7113,7851.216568139867
7114,7851.216571128788
7115,7851.216560299811
7116,7851.216569567947
7117,7851.216573087038
7118,7851.216566766758
7119,7851.216562099894
7120,7851.216566274042
7121,7851.216572431544
7122,7851.216570987289
7123,7851.216567642162
7124,7851.216568783426
7125,7851.21656915382
7126,7851.2165742360885
7127,7851.2165768712
7128,7851.216570886791
7129,7851.216563006168
7130,7851.216561141991
7131,7851.2165606764165
7132,7851.216564321384
7133,7851.2165653309
7134,7851.216567767923
7135,7851.216566640446
7136,7851.216567768463
7137,7851.216571286116
7138,7851.216558973352
7139,7851.216570741195
7140,7851.2165673376585
7141,7851.216570692213
7142,7851.216576449616
7143,7851.216570831552
7144,7851.21656214139
7145,7851.216567629054
7146,7851.216569501229
7147,7851.216568323848
7148,7851.216570641067
7149,7851.2165673196
7150,7851.216565541588
7151,7851.216571134234
7152,7851.2166146186555
7153,7851.216569953113
7154,7842.3069136720105
7155,7842.306913672005
7156,7842.306913671994
7157,7842.306913672003
7158,7842.306913671993
7159,7842.306913671996
7160,7842.306913672003
7161,7842.306913672009
7162,7842.306913672012
7163,7842.306916418822
7164,7842.3069130137765
7165,7842.306915105932
7166,7842.306918434742
7167,7842.306913977738
7168,7842.306912907813
7169,7842.306908777508
7170,7842.306916752935
7171,7842.306916077755
7172,7842.306912884734
7173,7842.306913902985
7174,7842.306912271191
7175,7842.306910006339
7176,7842.306919179621
7177,7842.306916008837
7178,7842.306906918317
7179,7842.306911884687
7180,7842.306912481452
7181,7842.30690666755
7182,7842.306914868842
7183,7842.306913973147
7184,7842.30691312856
7185,7842.306913191664
7186,7842.306916007487
7187,7842.3069065997115
7188,7842.306915548206
7189,7842.306912413014
7190,7842.306915460025
7191,7842.306923177468
7192,7842.306918276115
7193,7842.306911886245
7194,7842.306911434486
7195,7842.306915474543
7196,7842.306914236165
7197,7842.306915602997
7198,7842.306912351319
7199,7842.30691133363
7200,7842.306915943335
7201,7842.306958741715
7202,7842.306915103186
7203,7835.200735443389
7204,7835.200735443385
7205,7835.200735443385
7206,7835.200735443387
7207,7835.200735443385
7208,7835.200735443378
7209,7835.200735443381
7210,7835.2007354433745
7211,7835.200735443377
7212,7835.200738813606
7213,7835.200731985605
7214,7835.200736756252
7215,7835.200739241497
7216,7835.200736966571
7217,7835.200734841346
7218,7835.2007321179235
7219,7835.200737882397
7220,7835.200736603984
7221,7835.200733596912
7222,7835.200735361249
7223,7835.2007343402865
7224,7835.2007301397325
7225,7835.200740324529
7226,7835.2007374730665
7227,7835.200731874387
7228,7835.200735689408
7229,7835.200738486286
7230,7835.200729634449
7231,7835.200738415813
7232,7835.200735743148
7233,7835.200735418237
7234,7835.200734539176
7235,7835.2007387820995
7236,7835.200736451322
7237,7835.200736274051
7238,7835.200734582847
7239,7835.200736480635
7240,7835.2007496396545
7241,7835.2007375331
7242,7835.200736827018
7243,7835.2007337881305
7244,7835.200736479637
7245,7835.200736955678
7246,7835.200737577147
7247,7835.200734449306
7248,7835.200733442083
7249,7835.200737582654
7250,7835.200781639903
7251,7835.200734977582
7252,7831.698041677356
7253,7831.69804167735
7254,7831.69804167735
7255,7831.698041677358
7256,7831.698041677358
7257,7831.698041677354
7258,7831.69804167735
7259,7831.698041677351
7260,7831.698041677354
7261,7831.698029465219
7262,7831.698039109204
7263,7831.698043286768
7264,7831.698045215841
7265,7831.69804388141
7266,7831.698044306885
7267,7831.698053160572
7268,7831.69803954254
7269,7831.698038790524
7270,7831.698041032353
7271,7831.698038802694
7272,7831.69804002972
7273,7831.698053923817
7274,7831.698049294957
7275,7831.698043940019
7276,7831.698040415167
7277,7831.698050979923
7278,7831.698051114341
7279,7831.69804514865
7280,7831.698040221375
7281,7831.698043791624
7282,7831.698043504983
7283,7831.698041737835
7284,7831.698041690052
7285,7831.698033988773
7286,7831.698039327785
7287,7831.698040355375
7288,7831.698043927214
7289,7831.698054839537
7290,7831.6980526172665
7291,7831.698035020946
7292,7831.698047274859
7293,7831.69804212015
7294,7831.698042484333
7295,7831.6980422361485
7296,7831.6980406579005
7297,7831.698032523333
7298,7831.698041325839
7299,7831.698083791136
7300,7831.698052321281
7301,7826.546327437398
7302,7826.5463274374015
7303,7826.546327437414
7304,7826.546327437408
7305,7826.546327437401
7306,7826.5463274374
7307,7826.546327437409
7308,7826.546327437398
7309,7826.546327437398
7310,7826.546323875276
7311,7826.546325911021
7312,7826.546328969194
7313,7826.546330337172
7314,7826.546330133857
7315,7826.5463262528765
7316,7826.546334008959
7317,7826.546324775074
7318,7826.546324533933
7319,7826.546325769236
7320,7826.546324712792
7321,7826.546328245146
7322,7826.546329569224
7323,7826.546335511254
7324,7826.546329938223
7325,7826.546329131848
7326,7826.546333521254
7327,7826.54633277407
7328,7826.546330095657
7329,7826.54632948595
7330,7826.54632817238
7331,7826.546329197568
7332,7826.546327195605
7333,7826.546329202881
7334,7826.546330511732
7335,7826.546325732617
7336,7826.546326596265
7337,7826.546327997431
7338,7826.546344419249
7339,7826.546332291071
7340,7826.546327729044
7341,7826.546330568425
7342,7826.546326414342
7343,7826.546329076988
7344,7826.546328590142
7345,7826.546327122011
7346,7826.546321123909
7347,7826.546327602388
7348,7826.546370620354
7349,7826.546329084738
7350,7821.69790857098
7351,7821.697908570984
7352,7821.6979085709945
7353,7821.697908570992
7354,7821.697908570982
7355,7821.697908570987
7356,7821.697908570988
7357,7821.69790857098
7358,7821.697908570978
7359,7821.697911624496
7360,7821.69790730255
7361,7821.697910074556
7362,7821.697911172294
7363,7821.697910706037
7364,7821.697905039282
7365,7821.69791104875
7366,7821.697906414169
7367,7821.697905619141
7368,7821.697906398456
7369,7821.697905781163
7370,7821.697911627873
7371,7821.697908138762
7372,7821.697918664555
7373,7821.697912067432
7374,7821.697911592613
7375,7821.697910203901
7376,7821.69790809177
7377,7821.697910383864
7378,7821.697912049305
7379,7821.697907626418
7380,7821.697909986367
7381,7821.697908838449
7382,7821.697910825433
7383,7821.697917225144
7384,7821.6979078155955
7385,7821.697908504403
7386,7821.697910278206
7387,7821.697926746342
7388,7821.697908435206
7389,7821.697912948659
7390,7821.6979101949455
7391,7821.697905753035
7392,7821.697910574222
7393,7821.69790950586
7394,7821.697908894876
7395,7821.697905507554
7396,7821.697909115624
7397,7821.6979505344125
7398,7821.6979052529705
7399,7816.82839792335
7400,7816.828397923345
7401,7816.828397923345
7402,7816.828397923351
7403,7816.828397923354
7404,7816.828397923342
7405,7816.828397923341
7406,7816.828397923348
7407,7816.828397923353
7408,7816.828404192663
7409,7816.828398052058
7410,7816.82839958397
7411,7816.828400260413
7412,7816.82839799295
7413,7816.828394031742
7414,7816.828397536838
7415,7816.828391626388
7416,7816.8283956779205
7417,7816.828396412252
7418,7816.828394802344
7419,7816.828401417359
7420,7816.828391350161
7421,7816.8284087337115
7422,7816.828402112646
7423,7816.828402793605
7424,7816.828399251468
7425,7816.828396850476
7426,7816.8283973191055
7427,7816.828404858486
7428,7816.828395742722
7429,7816.8283987217255
7430,7816.828398541586
7431,7816.828400070054
7432,7816.8284057526635
7433,7816.8283986019105
7434,7816.828398116315
7435,7816.828397693184
7436,7816.828417991494
7437,7816.828398294041
7438,7816.828405014019
7439,7816.828396422017
7440,7816.828394258404
7441,7816.828399288793
7442,7816.828398229423
7443,7816.828398366422
7444,7816.828397251364
7445,7816.828398384117
7446,7816.828437446874
7447,7816.828391160568
7448,7810.921091210533
7449,7810.92109121053
7450,7810.9210912105245
7451,7810.9210912105345
7452,7810.921091210536
7453,7810.9210912105345
7454,7810.921091210536
7455,7810.921091210534
7456,7810.9210912105345
7457,7810.921094397056
7458,7810.921092618167
7459,7810.921092433482
7460,7810.921093551605
7461,7810.921089648512
7462,7810.921091518534
7463,7810.921088931141
7464,7810.921094753376
7465,7810.921091398115
7466,7810.921090835373
7467,7810.921089285709
7468,7810.9210932033875
7469,7810.9210947261945
7470,7810.921107528608
7471,7810.92109735346
7472,7810.921090683677
7473,7810.921087462651
7474,7810.9210880107385
7475,7810.92108480214
7476,7810.921091347597
7477,7810.9210872859
7478,7810.921090370529
7479,7810.92109384702
7480,7810.921092869654
7481,7810.92109951336
7482,7810.921094441967
7483,7810.921093018426
7484,7810.921098154251
7485,7810.921103943141
7486,7810.921084247136
7487,7810.921095399102
7488,7810.921093392065
7489,7810.921087216692
7490,7810.921091375264
7491,7810.9210892297415
7492,7810.921091243734
7493,7810.921098811906
7494,7810.9210922698785
7495,7810.921129336944
7496,7810.921087898144
7497,7807.032303989594
7498,7807.032303989589
7499,7807.032303989589
7500,7807.032303989589
7501,7807.032303989591
7502,7807.032303989584
7503,7807.032303989589
7504,7807.032303989593
7505,7807.032303989594
7506,7807.032307249804
7507,7807.032307127953
7508,7807.032305419661
7509,7807.032306049797
7510,7807.032302112688
7511,7807.032305777153
7512,7807.03230240988
7513,7807.032301026972
7514,7807.032303824257
7515,7807.032305222461
7516,7807.03230115497
7517,7807.032304093017
7518,7807.032297143292
7519,7807.032317133954
7520,7807.032309644159
7521,7807.032303218968
7522,7807.032303855498
7523,7807.03230320621
7524,7807.032298160295
7525,7807.03230612133
7526,7807.032301286547
7527,7807.032303234601
7528,7807.032306333551
7529,7807.032305219707
7530,7807.032304896894
7531,7807.032306667509
7532,7807.03230500079
7533,7807.032303967236
7534,7807.032317926036
7535,7807.032304809281
7536,7807.032306404747
7537,7807.032302621463
7538,7807.032301059673
7539,7807.032302858545
7540,7807.032301386686
7541,7807.032303393612
7542,7807.032308425898
7543,7807.032303989113
7544,7807.032340706263
7545,7807.032299325427
7546,7803.4212276322705
7547,7803.421227632269
7548,7803.421227632265
7549,7803.421227632272
7550,7803.421227632272
7551,7803.421227632266
7552,7803.42122763226
7553,7803.421227632262
7554,7803.421227632263
7555,7803.421229573863
7556,7803.4212272609675
7557,7803.421228987947
7558,7803.421229221422
7559,7803.421226412485
7560,7803.4212285768435
7561,7803.421231945816
7562,7803.421226152188
7563,7803.421227210501
7564,7803.4212291487775
7565,7803.421225002405
7566,7803.421226760138
7567,7803.421227128921
7568,7803.421240204007
7569,7803.421232673177
7570,7803.4212270681355
7571,7803.421227628101
7572,7803.421227700055
7573,7803.421226203868
7574,7803.421225575553
7575,7803.421226268428
7576,7803.421226872975
7577,7803.421229567123
7578,7803.421229275531
7579,7803.421225549019
7580,7803.421229307694
7581,7803.421228709965
7582,7803.421226210024
7583,7803.421241928006
7584,7803.421230764466
7585,7803.421224651075
7586,7803.421228609974
7587,7803.421225947079
7588,7803.421226271357
7589,7803.42122524848
7590,7803.421226782762
7591,7803.421228848282
7592,7803.421227527522
7593,7803.421266411705
7594,7803.421227159278
7595,7800.207784618984
7596,7800.20778461899
7597,7800.207784618983
7598,7800.207784618981
7599,7800.207784618987
7600,7800.207784618982
7601,7800.207784618978
7602,7800.207784618978
7603,7800.2077846189795
7604,7800.207784783519
7605,7800.207786471791
7606,7800.2077857867525
7607,7800.20778554162
7608,7800.207784345496
7609,7800.207785119808
7610,7800.2077913350495
7611,7800.207785490088
7612,7800.207784447167
7613,7800.207786234466
7614,7800.20778242936
7615,7800.207782071051
7616,7800.207784694485
7617,7800.207795400836
7618,7800.207788726181
7619,7800.207783671545
7620,7800.207785002844
7621,7800.207787482141
7622,7800.207785095642
7623,7800.207779410982
7624,7800.207784815754
7625,7800.207784168856
7626,7800.207785895844
7627,7800.207786763329
7628,7800.207782153964
7629,7800.207785372266
7630,7800.207785655677
7631,7800.207783008329
7632,7800.207799196184
7633,7800.207787205006
7634,7800.207779918043
7635,7800.20778708141
7636,7800.207784715341
7637,7800.207783229107
7638,7800.207782520168
7639,7800.207783219486
7640,7800.207783790467
7641,7800.207784356562
7642,7800.20782603322
7643,7800.207785851723
7644,7797.067319560475
7645,7797.067319560477
7646,7797.067319560473
7647,7797.067319560476
7648,7797.067319560477
7649,7797.067319560473
7650,7797.067319560471
7651,7797.067319560471
7652,7797.067319560473
7653,7797.067325852463
7654,7797.067306727554
7655,7797.067320595155
7656,7797.067319633473
7657,7797.067317738162
7658,7797.067318935593
7659,7797.067325411034
7660,7797.067320169567
7661,7797.0673187430375
7662,7797.067320422542
7663,7797.067319033133
7664,7797.067316246017
7665,7797.067331882954
7666,7797.067325375883
7667,7797.067323274282
7668,7797.0673199415005
7669,7797.067315301083
7670,7797.06731748211
7671,7797.067320814157
7672,7797.067314714693
7673,7797.067320461274
7674,7797.067318252007
7675,7797.067320133971
7676,7797.067322690736
7677,7797.067309162445
7678,7797.0673191523
7679,7797.067321944935
7680,7797.067315728546
7681,7797.067337329161
7682,7797.067325136513
7683,7797.067308606257
7684,7797.067316651163
7685,7797.067319987877
7686,7797.067318643235
7687,7797.067318458167
7688,7797.067318273591
7689,7797.067315559026
7690,7797.067320538708
7691,7797.067361311368
7692,7797.067325813883
7693,7793.197379949955
7694,7793.197379949956
7695,7793.197379949961
7696,7793.197379949959
7697,7793.197379949961
7698,7793.197379949957
7699,7793.197379949954
7700,7793.197379949955
7701,7793.197379949954
7702,7793.197380998217
7703,7793.197379538054
7704,7793.19738091691
7705,7793.197379858306
7706,7793.197379476342
7707,7793.197380208982
7708,7793.197380669562
7709,7793.197380206759
7710,7793.197378733563
7711,7793.197380617283
7712,7793.1973792248655
7713,7793.197376418463
7714,7793.197382849901
7715,7793.19738378523
7716,7793.197383061336
7717,7793.197379368668
7718,7793.197379379398
7719,7793.197380199728
7720,7793.197377776182
7721,7793.197378757893
7722,7793.19738135446
7723,7793.19738009554
7724,7793.197380166397
7725,7793.19738251818
7726,7793.197374973114
7727,7793.197378973137
7728,7793.197381989194
7729,7793.197377059475
7730,7793.197395570808
7731,7793.197381678178
7732,7793.197375306547
7733,7793.1973762936495
7734,7793.1973806471005
7735,7793.197379432886
7736,7793.197379096975
7737,7793.197378422225
7738,7793.197376397647
7739,7793.197380222713
7740,7793.197421469373
7741,7793.197381208437
7742,7791.077306905035
7743,7791.077306905028
7744,7791.077306905029
7745,7791.077306905021
7746,7791.07730690503
7747,7791.077306905029
7748,7791.077306905032
7749,7791.07730690503
7750,7791.077306905025
7751,7791.07730602767
7752,7791.07731086133
7753,7791.077307887647
7754,7791.077306794769
7755,7791.077306548516
7756,7791.077306685178
7757,7791.07730456633
7758,7791.07730612567
7759,7791.077305051218
7760,7791.077307236805
7761,7791.077305937779
7762,7791.077304787758
7763,7791.077306280162
7764,7791.077311150455
7765,7791.077310213666
7766,7791.077307024371
7767,7791.077307841858
7768,7791.077306310049
7769,7791.077302898
7770,7791.077309275973
7771,7791.077307701592
7772,7791.077307711965
7773,7791.077307189688
7774,7791.077309108984
7775,7791.07730672095
7776,7791.077305917247
7777,7791.077309126787
7778,7791.077304964257
7779,7791.077321624089
7780,7791.077305169114
7781,7791.077306748971
7782,7791.077302756723
7783,7791.07730657384
7784,7791.077306771984
7785,7791.077306256441
7786,7791.077305748259
7787,7791.077304597127
7788,7791.077306978257
7789,7791.077347279206
7790,7791.077304649353
7791,7789.169260325923
7792,7789.1692603259025
7793,7789.1692603259135
7794,7789.169260325904
7795,7789.1692603259135
7796,7789.16926032591
7797,7789.169260325917
7798,7789.169260325917
7799,7789.169260325922
7800,7789.1692587170855
7801,7789.169265174314
7802,7789.169261290198
7803,7789.169260114606
7804,7789.16925971768
7805,7789.16925930801
7806,7789.169257485636
7807,7789.16925881696
7808,7789.169257991631
7809,7789.169260594416
7810,7789.16925906607
7811,7789.169259381108
7812,7789.169258735131
7813,7789.169265487618
7814,7789.169263890953
7815,7789.16926130497
7816,7789.1692620120275
7817,7789.1692591065375
7818,7789.169256613925
7819,7789.16926428492
7820,7789.169260726825
7821,7789.169261371063
7822,7789.16926069011
7823,7789.169262159326
7824,7789.169262452432
7825,7789.169259299112
7826,7789.169262838408
7827,7789.1692592681065
7828,7789.1692747921015
7829,7789.169256257099
7830,7789.169262456782
7831,7789.16925651147
7832,7789.1692592846275
7833,7789.16926028543
7834,7789.169259776986
7835,7789.169259524907
7836,7789.169258848537
7837,7789.169260264212
7838,7789.169299827093
7839,7789.169257079124
7840,7784.767561560624
7841,7784.767561560614
7842,7784.767561560613
7843,7784.767561560616
7844,7784.767561560615
7845,7784.767561560612
7846,7784.767561560619
7847,7784.767561560613
7848,7784.767561560618
7849,7784.767561716516
7850,7784.767566690467
7851,7784.767562355489
7852,7784.767561386947
7853,7784.767561451685
7854,7784.767559635586
7855,7784.767556989276
7856,7784.7675606868415
7857,7784.767559137915
7858,7784.767561766459
7859,7784.767559978012
7860,7784.767561832231
7861,7784.76755571951
7862,7784.767567522918
7863,7784.767565499893
7864,7784.767562485103
7865,7784.767562851688
7866,7784.7675590328645
7867,7784.767558910542
7868,7784.767567431105
7869,7784.767561489994
7870,7784.767562579876
7871,7784.767561923553
7872,7784.767562573858
7873,7784.767565868237
7874,7784.767560683086
7875,7784.767564572764
7876,7784.767562858176
7877,7784.767575719094
7878,7784.7675545847405
7879,7784.767567324478
7880,7784.767557798691
7881,7784.767559975708
7882,7784.767561568104
7883,7784.767561231694
7884,7784.7675612313105
7885,7784.7675625877655
7886,7784.767561501038
7887,7784.767599869199
7888,7784.767558102949
7889,7782.973392306486
7890,7782.973392306495
7891,7782.973392306496
7892,7782.973392306491
7893,7782.973392306497
7894,7782.973392306484
7895,7782.973392306491
7896,7782.973392306492
7897,7782.973392306488
7898,7782.973374603141
7899,7782.973392763605
7900,7782.973393015701
7901,7782.973392007836
7902,7782.973390622907
7903,7782.973392184796
7904,7782.973404097993
7905,7782.97338918223
7906,7782.9733895544405
7907,7782.973394580283
7908,7782.973389472641
7909,7782.9733916943505
7910,7782.973406264507
7911,7782.97340244656
7912,7782.973396051849
7913,7782.973395514282
7914,7782.973402704804
7915,7782.973400112923
7916,7782.973398709684
7917,7782.973394692883
7918,7782.973393308579
7919,7782.973393525255
7920,7782.973392924471
7921,7782.973390200053
7922,7782.973387284933
7923,7782.9733909767665
7924,7782.97339570349
7925,7782.973395835355
7926,7782.973404191312
7927,7782.973391363854
7928,7782.973389478739
7929,7782.973397590327
7930,7782.973391599139
7931,7782.9733906665415
7932,7782.9733915746
7933,7782.973392256717
7934,7782.973391798851
7935,7782.973390988357
7936,7782.973428867575
7937,7782.973404010439
7938,7777.99439895272
7939,7777.994398952723
7940,7777.994398952729
7941,7777.994398952728
7942,7777.9943989527155
7943,7777.994398952727
7944,7777.994398952717
7945,7777.994398952718
7946,7777.994398952719
7947,7777.994394380542
7948,7777.994397958954
7949,7777.994399408413
7950,7777.994398632743
7951,7777.994399750535
7952,7777.9943962235275
7953,7777.9944021083065
7954,7777.994399501922
7955,7777.994397712711
7956,7777.994400393664
7957,7777.994397090945
7958,7777.9943990091415
7959,7777.9943975047545
7960,7777.994406961449
7961,7777.994402834392
7962,7777.99440048742
7963,7777.994402267846
7964,7777.994399239137
7965,7777.994402461709
7966,7777.99440327034
7967,7777.99439916856
7968,7777.994399253642
7969,7777.9943991200935
7970,7777.994398750228
7971,7777.994400595954
7972,7777.9943986676235
7973,7777.994402631012
7974,7777.994400436592
7975,7777.994412310651
7976,7777.994395055075
7977,7777.994400316833
7978,7777.9943991388545
7979,7777.994398392824
7980,7777.994397831423
7981,7777.994398812668
7982,7777.994398944671
7983,7777.994401882069
7984,7777.994398727619
7985,7777.994437556225
7986,7777.994402359888
7987,7775.695725390458
7988,7775.695725390464
7989,7775.69572539046
7990,7775.695725390466
7991,7775.695725390466
7992,7775.695725390464
7993,7775.695725390464
7994,7775.695725390465
7995,7775.695725390461
7996,7775.695725012355
7997,7775.695723540836
7998,7775.695725678233
7999,7775.695725324546
8000,7775.695727881896
8001,7775.695722625774
8002,7775.695728032016
8003,7775.695730394153
8004,7775.695725247155
8005,7775.695726502703
8006,7775.695724113636
8007,7775.695724896204
8008,7775.695723639587
8009,7775.695733613089
8010,7775.69572935216
8011,7775.695725179603
8012,7775.69572511137
8013,7775.695723688635
8014,7775.695728497514
8015,7775.695727258349
8016,7775.695725456954
8017,7775.695725136148
8018,7775.6957256031665
8019,7775.6957256528285
8020,7775.695728069713
8021,7775.69572567046
8022,7775.695729205483
8023,7775.6957282869835
8024,7775.695738530567
8025,7775.69572153904
8026,7775.695725592056
8027,7775.695726128645
8028,7775.69572536423
8029,7775.695724440811
8030,7775.695725266916
8031,7775.695725252875
8032,7775.695729777994
8033,7775.695725725665
8034,7775.6957651627135
8035,7775.695729152716
8036,7772.203708639247
8037,7772.203708639249
8038,7772.203708639252
8039,7772.20370863924
8040,7772.203708639245
8041,7772.203708639241
8042,7772.203708639243
8043,7772.203708639252
8044,7772.2037086392465
8045,7772.203715645376
8046,7772.203705559955
8047,7772.203708610592
8048,7772.203708388183
8049,7772.203713176948
8050,7772.203704850682
8051,7772.203703014324
8052,7772.203709447887
8053,7772.203711322771
8054,7772.203710248063
8055,7772.203707911705
8056,7772.203706204627
8057,7772.203689517801
8058,7772.203708738925
8059,7772.203711402295
8060,7772.203708369327
8061,7772.203705769765
8062,7772.203704181409
8063,7772.203711126518
8064,7772.203715322182
8065,7772.203709423814
8066,7772.20370747592
8067,7772.203707420249
8068,7772.2037096003005
8069,7772.203706546073
8070,7772.203710064912
8071,7772.203711769395
8072,7772.203702017355
8073,7772.203726273905
8074,7772.203715680101
8075,7772.2037086153405
8076,7772.203698396015
8077,7772.203711095405
8078,7772.203707123919
8079,7772.20370957815
8080,7772.20370807396
8081,7772.203712785052
8082,7772.203709424382
8083,7772.203749779633
8084,7772.203706371368
8085,7767.082834460312
8086,7767.082834460306
8087,7767.082834460297
8088,7767.082834460311
8089,7767.082834460296
8090,7767.0828344603
8091,7767.0828344603015
8092,7767.082834460304
8093,7767.0828344603
8094,7767.082837399016
8095,7767.0828333629825
8096,7767.082834418685
8097,7767.08283481472
8098,7767.082839543387
8099,7767.082832180434
8100,7767.082834347544
8101,7767.082839090023
8102,7767.082837436617
8103,7767.0828361565
8104,7767.082833565581
8105,7767.082831646654
8106,7767.0828250284385
8107,7767.0828379754375
8108,7767.0828375201645
8109,7767.08283271494
8110,7767.082831792689
8111,7767.082832012907
8112,7767.082837414341
8113,7767.082836010687
8114,7767.082835218225
8115,7767.082833373343
8116,7767.082833875755
8117,7767.082834743603
8118,7767.082831730389
8119,7767.082836109239
8120,7767.082837499164
8121,7767.082831869653
8122,7767.082849548842
8123,7767.0828416270815
8124,7767.082830942407
8125,7767.082830053149
8126,7767.082837067117
8127,7767.082832887264
8128,7767.082834842985
8129,7767.082833786445
8130,7767.082838409029
8131,7767.082835101794
8132,7767.0828753138485
8133,7767.082836639095
8134,7756.864664669649
8135,7756.864664669643
8136,7756.864664669643
8137,7756.864664669647
8138,7756.8646646696525
8139,7756.8646646696525
8140,7756.8646646696425
8141,7756.864664669642
8142,7756.8646646696425
8143,7756.864658863461
8144,7756.864664888993
8145,7756.864664507203
8146,7756.864665881372
8147,7756.864669052976
8148,7756.864664182998
8149,7756.864671388754
8150,7756.864671864305
8151,7756.86466860357
8152,7756.86466686113
8153,7756.864663534052
8154,7756.864661577669
8155,7756.864671071086
8156,7756.864671695721
8157,7756.864668020342
8158,7756.8646618927305
8159,7756.86466345615
8160,7756.864665699091
8161,7756.864667598366
8162,7756.86466056886
8163,7756.86466545844
8164,7756.864663588765
8165,7756.864664726286
8166,7756.864663633214
8167,7756.864658788621
8168,7756.864666959873
8169,7756.864667736077
8170,7756.864666534118
8171,7756.864676049536
8172,7756.86467318465
8173,7756.86465558592
8174,7756.864666656124
8175,7756.864667886329
8176,7756.864662691835
8177,7756.864664643397
8178,7756.864663943584
8179,7756.8646676114495
8180,7756.864665089049
8181,7756.86470429114
8182,7756.864673329489
8183,7743.355101937389
8184,7743.3551019373845
8185,7743.355101937392
8186,7743.355101937385
8187,7743.355101937397
8188,7743.355101937395
8189,7743.35510193739
8190,7743.355101937397
8191,7743.355101937388
8192,7743.355088760075
8193,7743.355104470144
8194,7743.355101458479
8195,7743.355103996173
8196,7743.355104358751
8197,7743.355102245364
8198,7743.355109614448
8199,7743.355107564043
8200,7743.355107881889
8201,7743.355104759844
8202,7743.355100563943
8203,7743.355099074413
8204,7743.355117509061
8205,7743.355108919133
8206,7743.355105209001
8207,7743.355098843263
8208,7743.355102603565
8209,7743.355105283646
8210,7743.355102668096
8211,7743.35509559266
8212,7743.3551029829205
8213,7743.355100875757
8214,7743.355101968126
8215,7743.355099748621
8216,7743.355092825076
8217,7743.355105317657
8218,7743.355104915441
8219,7743.3551048386935
8220,7743.355110425594
8221,7743.355112124665
8222,7743.3550899310285
8223,7743.355105128788
8224,7743.355106624156
8225,7743.355099440913
8226,7743.355102291188
8227,7743.355101245033
8228,7743.355103063465
8229,7743.355102181275
8230,7743.35513996304
8231,7743.3551125328595
8232,7726.259005368961
8233,7726.259005368968
8234,7726.259005368948
8235,7726.25900536895
8236,7726.2590053689555
8237,7726.259005368959
8238,7726.259005368959
8239,7726.259005368962
8240,7726.259005368959
8241,7726.258995571131
8242,7726.2590044569715
8243,7726.259004219343
8244,7726.259007296792
8245,7726.2590047997
8246,7726.259000971693
8247,7726.259018272529
8248,7726.2590044849585
8249,7726.259011850143
8250,7726.259007593552
8251,7726.259002934197
8252,7726.259006036221
8253,7726.2590221113815
8254,7726.259013106339
8255,7726.259008311589
8256,7726.259007613017
8257,7726.259010664004
8258,7726.259008270321
8259,7726.25901102025
8260,7726.2589989686285
8261,7726.259007039312
8262,7726.259004675446
8263,7726.259004090775
8264,7726.259003075336
8265,7726.25900185886
8266,7726.25900823205
8267,7726.259008569626
8268,7726.259003404965
8269,7726.259016631099
8270,7726.259012504622
8271,7726.258993894191
8272,7726.259010770989
8273,7726.259010944244
8274,7726.25900341514
8275,7726.259007858634
8276,7726.25900584323
8277,7726.2590012778255
8278,7726.259005620947
8279,7726.259043196539
8280,7726.259014966261
8281,7735.812172124428
8282,7735.812172124428
8283,7735.812172124421
8284,7735.8121721244215
8285,7735.8121721244215
8286,7735.812172124419
8287,7735.812172124417
8288,7735.81217212443
8289,7735.81217212443
8290,7735.812146729338
8291,7735.812206892349
8292,7735.812169649363
8293,7735.812176463308
8294,7735.812158364725
8295,7735.812184480075
8296,7735.812134743691
8297,7735.812153313598
8298,7735.812187376475
8299,7735.81217664845
8300,7735.812168458795
8301,7735.812165660886
8302,7735.81214934906
8303,7735.812161306195
8304,7735.812173802466
8305,7735.812164452628
8306,7735.812187449612
8307,7735.812197895029
8308,7735.8121525218785
8309,7735.8121762269275
8310,7735.812175802872
8311,7735.812172141406
8312,7735.8121701734335
8313,7735.812164617039
8314,7735.812150258842
8315,7735.812179142722
8316,7735.812171925752
8317,7735.812177432919
8318,7735.812178863701
8319,7735.812173808429
8320,7735.812189780972
8321,7735.812150761681
8322,7735.812184896199
8323,7735.812168358649
8324,7735.812173423722
8325,7735.812170268121
8326,7735.812174909599
8327,7735.812170585026
8328,7735.812199335723
8329,7735.812170269561
8330,7718.050843242497
8331,7718.050843242497
8332,7718.050843242498
8333,7718.050843242498
8334,7718.050843242505
8335,7718.050843242492
8336,7718.050843242495
8337,7718.0508432425
8338,7718.050843242501
8339,7718.050828143361
8340,7718.05085793917
8341,7718.050841597835
8342,7718.050846201223
8343,7718.0508380477395
8344,7718.050844910815
8345,7718.050837149627
8346,7718.050836448578
8347,7718.050852853144
8348,7718.050846289617
8349,7718.050840216727
8350,7718.050841514125
8351,7718.050843445916
8352,7718.050845064646
8353,7718.050845984813
8354,7718.0508417405845
8355,7718.05085239532
8356,7718.050855077878
8357,7718.050838462021
8358,7718.050841118581
8359,7718.050845330445
8360,7718.050842891125
8361,7718.0508418489335
8362,7718.050838693054
8363,7718.050834426632
8364,7718.050847757181
8365,7718.0508453095545
8366,7718.050845691104
8367,7718.050852358172
8368,7718.050846499265
8369,7718.050844265536
8370,7718.050839698475
8371,7718.050851119071
8372,7718.050840655441
8373,7718.05084521993
8374,7718.0508429072515
8375,7718.050842632683
8376,7718.050842795149
8377,7718.050876555745
8378,7718.050847987309
8379,7705.444367934055
8380,7705.444367934057
8381,7705.444367934051
8382,7705.444367934054
8383,7705.444367934046
8384,7705.444367934051
8385,7705.444367934047
8386,7705.444367934058
8387,7705.444367934055
8388,7705.444366597666
8389,7705.444374383157
8390,7705.444366096598
8391,7705.444371144844
8392,7705.444359693115
8393,7705.444366500313
8394,7705.444360487538
8395,7705.44436044348
8396,7705.44437308939
8397,7705.44436883683
8398,7705.444364543433
8399,7705.444370304773
8400,7705.444368165188
8401,7705.444373093409
8402,7705.444372342375
8403,7705.444369157576
8404,7705.444375779525
8405,7705.444373330835
8406,7705.4443629564885
8407,7705.444368449062
8408,7705.444368286416
8409,7705.444367764259
8410,7705.444366754881
8411,7705.444363502821
8412,7705.44436627206
8413,7705.444370120938
8414,7705.444371678859
8415,7705.444375821587
8416,7705.444377979187
8417,7705.444355980189
8418,7705.444375911968
8419,7705.444366309924
8420,7705.444371458567
8421,7705.444367140635
8422,7705.44437075893
8423,7705.444368953243
8424,7705.444366948838
8425,7705.44436836271
8426,7705.4443981340655
8427,7705.444371882845
8428,7689.166851537554
8429,7689.166851537551
8430,7689.166851537542
8431,7689.16685153753
8432,7689.16685153755
8433,7689.166851537547
8434,7689.166851537549
8435,7689.166851537554
8436,7689.166851537552
8437,7689.166857058996
8438,7689.166843530936
8439,7689.16684846508
8440,7689.166854708199
8441,7689.166842991126
8442,7689.166848604521
8443,7689.166834907034
8444,7689.166834287272
8445,7689.166857001811
8446,7689.16685100757
8447,7689.166848417361
8448,7689.166854237524
8449,7689.166839937487
8450,7689.166846899771
8451,7689.166854985251
8452,7689.166853929717
8453,7689.1668604082315
8454,7689.166846503323
8455,7689.1668481912675
8456,7689.166860936539
8457,7689.1668525690475
8458,7689.166850998198
8459,7689.1668482221085
8460,7689.166847876015
8461,7689.166849863937
8462,7689.166852419721
8463,7689.16685523274
8464,7689.166842872467
8465,7689.166863939939
8466,7689.166844949847
8467,7689.166857166167
8468,7689.1668369532745
8469,7689.166855898929
8470,7689.166851846993
8471,7689.1668568610985
8472,7689.166853216864
8473,7689.166847796605
8474,7689.166852985191
8475,7689.166881409361
8476,7689.166844604807
8477,7674.3341758029155
8478,7674.334175802915
8479,7674.334175802917
8480,7674.334175802919
8481,7674.33417580292
8482,7674.334175802922
8483,7674.334175802924
8484,7674.334175802918
8485,7674.334175802922
8486,7674.334188875149
8487,7674.334182674589
8488,7674.334171657148
8489,7674.33417916283
8490,7674.334183537492
8491,7674.334168451178
8492,7674.334162163406
8493,7674.334169402354
8494,7674.334177956447
8495,7674.334171828389
8496,7674.3341717859585
8497,7674.334180571058
8498,7674.3341215574355
8499,7674.334179448771
8500,7674.334179825786
8501,7674.334176225592
8502,7674.334189168185
8503,7674.33416276716
8504,7674.334170897598
8505,7674.334193244317
8506,7674.334174746034
8507,7674.334177351649
8508,7674.3341725240525
8509,7674.334172726986
8510,7674.334208985233
8511,7674.334174415505
8512,7674.3341792463025
8513,7674.334162479632
8514,7674.3341847755855
8515,7674.334166807794
8516,7674.334192952134
8517,7674.334170033764
8518,7674.334176223424
8519,7674.334179232104
8520,7674.33418151005
8521,7674.334178420408
8522,7674.334179353653
8523,7674.334177276672
8524,7674.33420743447
8525,7674.334147124922
8526,7653.350826566851
8527,7653.350826566856
8528,7653.35082656686
8529,7653.350826566854
8530,7653.350826566847
8531,7653.350826566863
8532,7653.350826566852
8533,7653.350826566857
8534,7653.350826566852
8535,7653.3508374408075
8536,7653.3508233100265
8537,7653.350821503924
8538,7653.3508307502525
8539,7653.350828042079
8540,7653.350827443877
8541,7653.350812591902
8542,7653.350808342488
8543,7653.35082529625
8544,7653.350822380127
8545,7653.350821928995
8546,7653.350825630247
8547,7653.350799904759
8548,7653.350820127912
8549,7653.350829313567
8550,7653.350824481525
8551,7653.350840701438
8552,7653.3508167708
8553,7653.350833035114
8554,7653.350842308667
8555,7653.350827926122
8556,7653.350828122423
8557,7653.3508231182595
8558,7653.350819824911
8559,7653.350830141286
8560,7653.35082089618
8561,7653.350829380929
8562,7653.350813422893
8563,7653.350836666443
8564,7653.350830384247
8565,7653.350833898439
8566,7653.350813579193
8567,7653.3508271097535
8568,7653.350830160981
8569,7653.350831458717
8570,7653.350828760787
8571,7653.350825123752
8572,7653.350827529659
8573,7653.350852463671
8574,7653.350816021426
8575,7638.261891114577
8576,7638.261891114593
8577,7638.261891114587
8578,7638.261891114585
8579,7638.261891114592
8580,7638.261891114588
8581,7638.261891114588
8582,7638.261891114582
8583,7638.261891114584
8584,7638.261904746134
8585,7638.26188193745
8586,7638.261886884025
8587,7638.261897360622
8588,7638.261895632561
8589,7638.261893332683
8590,7638.261891121623
8591,7638.261890309994
8592,7638.261886395606
8593,7638.261887536861
8594,7638.261887684364
8595,7638.261889121343
8596,7638.261905277772
8597,7638.261893517359
8598,7638.261896426994
8599,7638.261887293249
8600,7638.261894640618
8601,7638.261882241608
8602,7638.261898441307
8603,7638.2618918847
8604,7638.2618910456995
8605,7638.261891493194
8606,7638.261891157338
8607,7638.2618837716755
8608,7638.261885876334
8609,7638.261884891314
8610,7638.261896772571
8611,7638.2619003735435
8612,7638.261895725939
8613,7638.261888515813
8614,7638.261887132274
8615,7638.261893746167
8616,7638.261888170343
8617,7638.261894074574
8618,7638.261893010327
8619,7638.2618931137
8620,7638.261893016366
8621,7638.261892646657
8622,7638.261914352131
8623,7638.261901494213
8624,7628.837405168465
8625,7628.837405168467
8626,7628.837405168463
8627,7628.8374051684705
8628,7628.837405168466
8629,7628.83740516847
8630,7628.837405168469
8631,7628.8374051684705
8632,7628.837405168467
8633,7628.837404765215
8634,7628.837404875999
8635,7628.83739978823
8636,7628.837411563043
8637,7628.837411281008
8638,7628.837412892887
8639,7628.837401068896
8640,7628.837404248202
8641,7628.837404166283
8642,7628.837401701096
8643,7628.837402668654
8644,7628.837397152907
8645,7628.837419023376
8646,7628.837402273308
8647,7628.837407918465
8648,7628.837396438556
8649,7628.837410307518
8650,7628.837405669752
8651,7628.837409747706
8652,7628.837403606094
8653,7628.837406757635
8654,7628.837405537076
8655,7628.837405180699
8656,7628.837397079727
8657,7628.837394586083
8658,7628.837399586403
8659,7628.837408529538
8660,7628.837410496017
8661,7628.8374075183465
8662,7628.837414001355
8663,7628.837398328213
8664,7628.837405272109
8665,7628.837406077219
8666,7628.837408025174
8667,7628.837405708853
8668,7628.837405689381
8669,7628.837409886603
8670,7628.837406340312
8671,7628.837429715451
8672,7628.837413042368
8673,7615.620718068879
8674,7615.620718068882
8675,7615.620718068878
8676,7615.620718068882
8677,7615.620718068885
8678,7615.62071806889
8679,7615.620718068887
8680,7615.620718068876
8681,7615.620718068878
8682,7615.620711306354
8683,7615.62071693536
8684,7615.6207126534055
8685,7615.620723427503
8686,7615.62072200061
8687,7615.62072010658
8688,7615.62071811453
8689,7615.6207174737465
8690,7615.620717503629
8691,7615.62071451874
8692,7615.620715373404
8693,7615.620711264977
8694,7615.620726635045
8695,7615.6207194628605
8696,7615.620720981522
8697,7615.620713980327
8698,7615.620721863216
8699,7615.620724173167
8700,7615.620720290915
8701,7615.620718781569
8702,7615.620719053847
8703,7615.620718434815
8704,7615.620718317071
8705,7615.620710857175
8706,7615.620713196673
8707,7615.620713115555
8708,7615.620721324933
8709,7615.620724260054
8710,7615.620722570727
8711,7615.620720648721
8712,7615.620714862622
8713,7615.62072197634
8714,7615.620718687298
8715,7615.620720993999
8716,7615.6207182980115
8717,7615.6207185466565
8718,7615.620725026493
8719,7615.6207191364465
8720,7615.620744561438
8721,7615.620719198193
8722,7590.830037590252
8723,7590.830037590254
8724,7590.830037590253
8725,7590.830037590247
8726,7590.83003759025
8727,7590.830037590252
8728,7590.830037590247
8729,7590.83003759025
8730,7590.830037590252
8731,7590.830030682986
8732,7590.830032984675
8733,7590.830031755052
8734,7590.83003946416
8735,7590.830037523989
8736,7590.830026645237
8737,7590.830037524319
8738,7590.830035880114
8739,7590.8300378867725
8740,7590.830032168075
8741,7590.830035984499
8742,7590.830032637199
8743,7590.83003472975
8744,7590.830040300752
8745,7590.830040500116
8746,7590.830045170064
8747,7590.8300286998065
8748,7590.830045522026
8749,7590.830034062479
8750,7590.8300432324995
8751,7590.830037283435
8752,7590.830037163394
8753,7590.830037865619
8754,7590.830033665766
8755,7590.83003880666
8756,7590.830033295719
8757,7590.830040712762
8758,7590.830040067052
8759,7590.830055656297
8760,7590.830035631829
8761,7590.830040605228
8762,7590.8300377001215
8763,7590.830037538954
8764,7590.830041945597
8765,7590.830037554274
8766,7590.830038016724
8767,7590.830046196998
8768,7590.830039862611
8769,7590.830069538845
8770,7590.830022093134
8771,7571.063800886013
8772,7571.063800886006
8773,7571.06380088601
8774,7571.063800886006
8775,7571.063800886015
8776,7571.063800886011
8777,7571.063800886006
8778,7571.063800886013
8779,7571.063800886019
8780,7571.063794113205
8781,7571.063805780008
8782,7571.06379539539
8783,7571.063800929319
8784,7571.06379764752
8785,7571.063787651365
8786,7571.0638100575015
8787,7571.063800665549
8788,7571.063799883981
8789,7571.063795825233
8790,7571.063798981214
8791,7571.063797377068
8792,7571.063796595015
8793,7571.063808660623
8794,7571.063804159211
8795,7571.063812142196
8796,7571.063795221813
8797,7571.063813106246
8798,7571.063799370058
8799,7571.063802688182
8800,7571.063800769794
8801,7571.063801505723
8802,7571.063802108595
8803,7571.063797807221
8804,7571.063811805378
8805,7571.063795944417
8806,7571.063804147124
8807,7571.063803017283
8808,7571.063821076031
8809,7571.063793378517
8810,7571.063806963757
8811,7571.063807938629
8812,7571.06380020416
8813,7571.063805086301
8814,7571.063800179
8815,7571.063801957875
8816,7571.063806603426
8817,7571.063802312861
8818,7571.063835576735
8819,7571.063786872242
8820,7539.805096317319
8821,7539.805096317326
8822,7539.8050963173255
8823,7539.805096317322
8824,7539.805096317325
8825,7539.805096317319
8826,7539.805096317328
8827,7539.80509631733
8828,7539.805096317321
8829,7539.8050980782555
8830,7539.805096031853
8831,7539.80509115944
8832,7539.805093685983
8833,7539.805087664448
8834,7539.8050885488055
8835,7539.805090943374
8836,7539.805094579073
8837,7539.805095887369
8838,7539.805091058532
8839,7539.8050989947005
8840,7539.805091325322
8841,7539.805089149449
8842,7539.805093624945
8843,7539.805099259499
8844,7539.80510718179
8845,7539.805083221235
8846,7539.805098715857
8847,7539.805085303074
8848,7539.805097945206
8849,7539.805095521252
8850,7539.805095309851
8851,7539.805098267727
8852,7539.805097830267
8853,7539.805105548864
8854,7539.805092348332
8855,7539.805099861533
8856,7539.805084169643
8857,7539.805123093338
8858,7539.805092874873
8859,7539.805100785124
8860,7539.805086353901
8861,7539.805095344572
8862,7539.8051004424415
8863,7539.8050949661965
8864,7539.8050975968235
8865,7539.805098411135
8866,7539.805099782581
8867,7539.805134404256
8868,7539.805075833395
8869,7513.965641563098
8870,7513.965641563104
8871,7513.965641563098
8872,7513.9656415631025
8873,7513.965641563101
8874,7513.965641563096
8875,7513.965641563093
8876,7513.965641563095
8877,7513.965641563101
8878,7513.965647624186
8879,7513.965647485693
8880,7513.965637779992
8881,7513.965640642451
8882,7513.965635963467
8883,7513.965639516823
8884,7513.965651955539
8885,7513.965641213941
8886,7513.965638668998
8887,7513.965639519769
8888,7513.965642070141
8889,7513.965637187184
8890,7513.965639377133
8891,7513.965639405091
8892,7513.965645333515
8893,7513.965645919444
8894,7513.965640009858
8895,7513.965641879505
8896,7513.965644936616
8897,7513.96563170796
8898,7513.9656425936155
8899,7513.9656417460155
8900,7513.965644786921
8901,7513.965641706971
8902,7513.96564960951
8903,7513.965636460549
8904,7513.965645142981
8905,7513.9656295856375
8906,7513.965657665199
8907,7513.965645164877
8908,7513.965638472419
8909,7513.965643721401
8910,7513.965640815709
8911,7513.965643233861
8912,7513.965639517968
8913,7513.965643477612
8914,7513.965636584259
8915,7513.965642649206
8916,7513.965678154934
8917,7513.965638916975
8918,7495.252992475913
8919,7495.252992475902
8920,7495.2529924759
8921,7495.252992475904
8922,7495.252992475902
8923,7495.252992475918
8924,7495.25299247592
8925,7495.252992475913
8926,7495.252992475917
8927,7495.252993575293
8928,7495.252998702325
8929,7495.252989045501
8930,7495.2529930663595
8931,7495.252976999148
8932,7495.253005103621
8933,7495.25299268914
8934,7495.252982787865
8935,7495.252990883908
8936,7495.252992654406
8937,7495.252993993113
8938,7495.252982321103
8939,7495.252997118599
8940,7495.2529980941
8941,7495.252994189755
8942,7495.252987408574
8943,7495.252998309697
8944,7495.253001418474
8945,7495.253000017825
8946,7495.252980358753
8947,7495.252995327808
8948,7495.252992170122
8949,7495.252995371806
8950,7495.252990435881
8951,7495.2529815610915
8952,7495.252987791929
8953,7495.252994394502
8954,7495.252981516462
8955,7495.253002001389
8956,7495.252999131574
8957,7495.252990651904
8958,7495.252987746251
8959,7495.252994277077
8960,7495.252992245998
8961,7495.252989353187
8962,7495.252993859631
8963,7495.252986310812
8964,7495.252992868548
8965,7495.253025238109
8966,7495.253004022301
8967,7477.018037722636
8968,7477.018037722635
8969,7477.018037722631
8970,7477.0180377226425
8971,7477.018037722644
8972,7477.018037722648
8973,7477.0180377226425
8974,7477.018037722645
8975,7477.018037722642
8976,7477.01804188092
8977,7477.018033490397
8978,7477.018035769909
8979,7477.018044026841
8980,7477.018031755998
8981,7477.018053729915
8982,7477.018029376847
8983,7477.018038372383
8984,7477.018037410957
8985,7477.018040099333
8986,7477.018038854209
8987,7477.018030362638
8988,7477.018032297218
8989,7477.018040352484
8990,7477.01804312706
8991,7477.018023693054
8992,7477.018042578962
8993,7477.018034634105
8994,7477.01803399097
8995,7477.018025841699
8996,7477.018038529099
8997,7477.018036269337
8998,7477.018042139349
8999,7477.01803765835
9000,7477.018028907098
9001,7477.018036559786
9002,7477.0180414780725
9003,7477.018036133795
9004,7477.018028418841
9005,7477.018036658685
9006,7477.0180352710995
9007,7477.018034475606
9008,7477.018038294064
9009,7477.018035499759
9010,7477.01803487548
9011,7477.018038408669
9012,7477.018036616339
9013,7477.018038550821
9014,7477.018066777906
9015,7477.018044954203
9016,7452.01344645539
9017,7452.01344645539
9018,7452.013446455391
9019,7452.013446455384
9020,7452.013446455384
9021,7452.013446455389
9022,7452.013446455384
9023,7452.013446455397
9024,7452.013446455393
9025,7452.013450416452
9026,7452.013427765166
9027,7452.013444902824
9028,7452.0134504982025
9029,7452.013444528195
9030,7452.013460036911
9031,7452.013452087954
9032,7452.013445245906
9033,7452.013449527534
9034,7452.013448017214
9035,7452.013450150397
9036,7452.013437643855
9037,7452.013459485391
9038,7452.0134543128
9039,7452.013448865964
9040,7452.013435003478
9041,7452.0134491919825
9042,7452.013437549539
9043,7452.013459940405
9044,7452.013438171227
9045,7452.013448753624
9046,7452.013444125605
9047,7452.013449057481
9048,7452.013448015898
9049,7452.013433395941
9050,7452.013446452467
9051,7452.0134488736485
9052,7452.013430327522
9053,7452.013443627873
9054,7452.013466101986
9055,7452.01342856752
9056,7452.01344489248
9057,7452.013450548356
9058,7452.013444722177
9059,7452.013445327414
9060,7452.0134488061885
9061,7452.0134434252295
9062,7452.013448608388
9063,7452.013486936511
9064,7452.013460790407
9065,7427.989694668372
9066,7427.989694668368
9067,7427.989694668368
9068,7427.989694668374
9069,7427.9896946683775
9070,7427.989694668369
9071,7427.989694668368
9072,7427.989694668374
9073,7427.989694668374
9074,7427.989692840692
9075,7427.98970153554
9076,7427.989693462695
9077,7427.989696516356
9078,7427.989695251558
9079,7427.989699012338
9080,7427.989692854628
9081,7427.989697476654
9082,7427.989699962512
9083,7427.989694576473
9084,7427.989696668282
9085,7427.989687502893
9086,7427.989678535014
9087,7427.989698373434
9088,7427.989697105746
9089,7427.98968981813
9090,7427.989691028269
9091,7427.989698582954
9092,7427.989700210031
9093,7427.989695201202
9094,7427.989696068194
9095,7427.989694223078
9096,7427.989697069352
9097,7427.989696036807
9098,7427.989692792983
9099,7427.989696462082
9100,7427.9896955431095
9101,7427.98968980261
9102,7427.989703285013
9103,7427.989710918137
9104,7427.989700037211
9105,7427.989693353775
9106,7427.989699263382
9107,7427.989694570974
9108,7427.989693049164
9109,7427.989697331583
9110,7427.9896972796
9111,7427.989695788419
9112,7427.989739397924
9113,7427.989695846499
9114,7421.317922406417
9115,7421.317922406426
9116,7421.3179224064215
9117,7421.317922406427
9118,7421.3179224064115
9119,7421.317922406415
9120,7421.317922406422
9121,7421.317922406418
9122,7421.317922406417
9123,7421.317925514595
9124,7421.317918366163
9125,7421.317921639037
9126,7421.317925374493
9127,7421.317920989779
9128,7421.317915794738
9129,7421.3179320252975
9130,7421.317930811396
9131,7421.3179250357125
9132,7421.317921736777
9133,7421.317922541892
9134,7421.317920832964
9135,7421.31793398056
9136,7421.317918895354
9137,7421.317928969982
9138,7421.317928871245
9139,7421.3179078855665
9140,7421.317923507963
9141,7421.317928531151
9142,7421.317920222118
9143,7421.31792253707
9144,7421.317921738171
9145,7421.317926628863
9146,7421.317925304554
9147,7421.317919365921
9148,7421.317923384571
9149,7421.317926898639
9150,7421.317934247341
9151,7421.3179331727015
9152,7421.317919084609
9153,7421.317923233227
9154,7421.317931800958
9155,7421.317924183821
9156,7421.317922778315
9157,7421.317921096532
9158,7421.317924914726
9159,7421.317924426237
9160,7421.3179239892725
9161,7421.317966966497
9162,7421.317929244981
9163,7413.938474513331
9164,7413.938474513338
9165,7413.9384745133475
9166,7413.938474513342
9167,7413.93847451334
9168,7413.938474513336
9169,7413.938474513341
9170,7413.938474513328
9171,7413.938474513322
9172,7413.938473980519
9173,7413.938474068336
9174,7413.938474376581
9175,7413.938476719457
9176,7413.938472758623
9177,7413.938471488377
9178,7413.938477304819
9179,7413.93847839443
9180,7413.9384771187
9181,7413.93847368064
9182,7413.938475075517
9183,7413.938473666505
9184,7413.93847184827
9185,7413.9384746043115
9186,7413.938480541984
9187,7413.938478821671
9188,7413.938466452811
9189,7413.938474000611
9190,7413.938478215259
9191,7413.9384810088695
9192,7413.93847459801
9193,7413.93847495082
9194,7413.938478180201
9195,7413.938478247208
9196,7413.938478146482
9197,7413.93847582358
9198,7413.9384780432365
9199,7413.938477844502
9200,7413.938485176396
9201,7413.9384738326935
9202,7413.938481396403
9203,7413.938478075836
9204,7413.938476255127
9205,7413.938475222238
9206,7413.938474226003
9207,7413.938477954483
9208,7413.938475256672
9209,7413.938475866026
9210,7413.938521406889
9211,7413.938473700337
9212,7408.405440879903
9213,7408.405440879892
9214,7408.405440879896
9215,7408.405440879892
9216,7408.405440879892
9217,7408.4054408798975
9218,7408.405440879894
9219,7408.405440879897
9220,7408.405440879898
9221,7408.4054355539265
9222,7408.4054433565225
9223,7408.405441228136
9224,7408.4054431302475
9225,7408.4054385740865
9226,7408.405442458827
9227,7408.4054414072325
9228,7408.405441335108
9229,7408.405442794643
9230,7408.405440344347
9231,7408.405441567079
9232,7408.405439970204
9233,7408.405436767369
9234,7408.4054435559365
9235,7408.405446226575
9236,7408.405442049023
9237,7408.405440064596
9238,7408.40543913317
9239,7408.405444040326
9240,7408.405451012816
9241,7408.40544141265
9242,7408.405442421558
9243,7408.405444291718
9244,7408.405444386256
9245,7408.40544785758
9246,7408.40544182055
9247,7408.405443751838
9248,7408.4054382822105
9249,7408.405448388518
9250,7408.405442377194
9251,7408.405448251227
9252,7408.405442626413
9253,7408.405442625415
9254,7408.405441563796
9255,7408.405441256496
9256,7408.405444972958
9257,7408.405439188952
9258,7408.405441695131
9259,7408.405488311726
9260,7408.405437804017
9261,7399.49167707549
9262,7399.491677075492
9263,7399.491677075492
9264,7399.49167707549
9265,7399.491677075484
9266,7399.491677075495
9267,7399.491677075492
9268,7399.4916770754935
9269,7399.491677075497
9270,7399.491670651395
9271,7399.491681491396
9272,7399.491677903434
9273,7399.4916792332
9274,7399.491674038354
9275,7399.491681984214
9276,7399.491674613498
9277,7399.491674635467
9278,7399.491678487885
9279,7399.491676788275
9280,7399.491677706062
9281,7399.491676094516
9282,7399.491674623931
9283,7399.49168304375
9284,7399.49168171612
9285,7399.4916757976
9286,7399.491680489765
9287,7399.491673365064
9288,7399.491679812273
9289,7399.491687731822
9290,7399.491678305583
9291,7399.491679422383
9292,7399.491680034149
9293,7399.491680286267
9294,7399.4916842465045
9295,7399.49167760219
9296,7399.491679254427
9297,7399.491670990317
9298,7399.49168340454
9299,7399.4916796696625
9300,7399.491683635095
9301,7399.491676860617
9302,7399.491679175266
9303,7399.491677725905
9304,7399.49167816368
9305,7399.491681692066
9306,7399.491672126744
9307,7399.491677419211
9308,7399.491725406847
9309,7399.491673852291
9310,7378.789933532098
9311,7378.7899335321035
9312,7378.789933532107
9313,7378.789933532096
9314,7378.789933532098
9315,7378.789933532113
9316,7378.789933532096
9317,7378.789933532103
9318,7378.789933532097
9319,7378.789923355737
9320,7378.789940515776
9321,7378.78993516255
9322,7378.789935953789
9323,7378.7899316651665
9324,7378.789939778954
9325,7378.789925025659
9326,7378.789927918658
9327,7378.789935267215
9328,7378.789934288494
9329,7378.789932828476
9330,7378.789932963611
9331,7378.789922573249
9332,7378.7899425129735
9333,7378.789936754408
9334,7378.789927298042
9335,7378.789942818366
9336,7378.789928977457
9337,7378.789930850241
9338,7378.789942237629
9339,7378.789935720016
9340,7378.789937097658
9341,7378.789935479747
9342,7378.789936172764
9343,7378.789942108716
9344,7378.789934441442
9345,7378.789933677893
9346,7378.78992417758
9347,7378.789936232894
9348,7378.789935987811
9349,7378.789939948579
9350,7378.789931909538
9351,7378.789936712767
9352,7378.789933571517
9353,7378.789935738023
9354,7378.789938338151
9355,7378.789925133774
9356,7378.789932461929
9357,7378.789983535758
9358,7378.789924058477
9359,7368.978219931916
9360,7368.978219931931
9361,7368.978219931928
9362,7368.978219931932
9363,7368.978219931936
9364,7368.978219931919
9365,7368.978219931923
9366,7368.978219931914
9367,7368.978219931916
9368,7368.978226978763
9369,7368.978224301043
9370,7368.978220901361
9371,7368.97821780091
9372,7368.978213509374
9373,7368.978231291087
9374,7368.97820805366
9375,7368.978217055073
9376,7368.9782258141595
9377,7368.9782201374
9378,7368.978222910598
9379,7368.978214280682
9380,7368.978228450754
9381,7368.9782355224115
9382,7368.97821810286
9383,7368.978212710512
9384,7368.978226368702
9385,7368.978220261828
9386,7368.978222359165
9387,7368.978212070345
9388,7368.978224381497
9389,7368.978221640365
9390,7368.978218859087
9391,7368.978220788845
9392,7368.978217692508
9393,7368.978221811269
9394,7368.978217557195
9395,7368.97821382605
9396,7368.978234089775
9397,7368.9782217451375
9398,7368.978216637375
9399,7368.978217881836
9400,7368.978227884271
9401,7368.978220019708
9402,7368.978222439392
9403,7368.9782267129585
9404,7368.978212114053
9405,7368.978219913307
9406,7368.978281137087
9407,7368.97823098745
9408,7344.0068534715865
9409,7344.006853471579
9410,7344.006853471586
9411,7344.006853471589
9412,7344.006853471587
9413,7344.006853471584
9414,7344.00685347159
9415,7344.0068534715865
9416,7344.006853471591
9417,7344.006862805041
9418,7344.006859197146
9419,7344.006854829855
9420,7344.006855630185
9421,7344.006854608908
9422,7344.006856163169
9423,7344.00684477702
9424,7344.006848858984
9425,7344.006853249453
9426,7344.006854481669
9427,7344.006849970973
9428,7344.006853025398
9429,7344.006849762407
9430,7344.006859779004
9431,7344.00685681086
9432,7344.00685272931
9433,7344.006858354206
9434,7344.006850377929
9435,7344.006852015651
9436,7344.006847452489
9437,7344.006855292948
9438,7344.006855971364
9439,7344.006854886085
9440,7344.006853967458
9441,7344.006853657
9442,7344.006853514027
9443,7344.006853618095
9444,7344.006858270642
9445,7344.006864057997
9446,7344.006850771478
9447,7344.006854225453
9448,7344.0068568133365
9449,7344.0068552521025
9450,7344.006853117127
9451,7344.006855598201
9452,7344.006858194479
9453,7344.006846311959
9454,7344.006851795984
9455,7344.006902097697
9456,7344.006854739602
9457,7330.196418316536
9458,7330.196418316542
9459,7330.19641831654
9460,7330.196418316542
9461,7330.1964183165455
9462,7330.196418316531
9463,7330.196418316534
9464,7330.196418316529
9465,7330.1964183165355
9466,7330.196408945325
9467,7330.19641406269
9468,7330.1964193046615
9469,7330.196421034296
9470,7330.196421188799
9471,7330.196420182864
9472,7330.1964141087155
9473,7330.196420620569
9474,7330.196421616787
9475,7330.196420185916
9476,7330.196417218078
9477,7330.196415582123
9478,7330.196423435967
9479,7330.196421275713
9480,7330.1964206508055
9481,7330.196416523287
9482,7330.1964179513425
9483,7330.196421543946
9484,7330.196407262386
9485,7330.19641376203
9486,7330.1964188592265
9487,7330.196419069753
9488,7330.1964199345375
9489,7330.196420109
9490,7330.196417342473
9491,7330.196421458907
9492,7330.196418269683
9493,7330.196423642589
9494,7330.196422040874
9495,7330.196416761424
9496,7330.196412892392
9497,7330.196424861533
9498,7330.196421064146
9499,7330.196416835489
9500,7330.196419137766
9501,7330.196421925714
9502,7330.19642109528
9503,7330.196417623328
9504,7330.196469398023
9505,7330.196412534787
9506,7316.352563762777
9507,7316.352563762768
9508,7316.352563762767
9509,7316.352563762768
9510,7316.3525637627745
9511,7316.352563762766
9512,7316.352563762772
9513,7316.35256376277
9514,7316.352563762773
9515,7316.35256231851
9516,7316.352559266898
9517,7316.352564640071
9518,7316.352564566236
9519,7316.352567100329
9520,7316.352560431458
9521,7316.3525692469675
9522,7316.352563409462
9523,7316.3525648388895
9524,7316.352564756786
9525,7316.352561598997
9526,7316.352562134297
9527,7316.3525654254545
9528,7316.352561218035
9529,7316.35256614036
9530,7316.352567941171
9531,7316.352561813429
9532,7316.352569279945
9533,7316.352561825759
9534,7316.352560474274
9535,7316.3525636045315
9536,7316.352564250116
9537,7316.352565163884
9538,7316.352565083112
9539,7316.352563553643
9540,7316.352565609755
9541,7316.3525639005875
9542,7316.352569759507
9543,7316.352575403269
9544,7316.352564695151
9545,7316.3525598287815
9546,7316.352574340449
9547,7316.352564527632
9548,7316.352562969089
9549,7316.352564465728
9550,7316.35256808824
9551,7316.352568495455
9552,7316.352563055518
9553,7316.352617417131
9554,7316.3525617613495
9555,7304.572789486487
9556,7304.57278948649
9557,7304.572789486497
9558,7304.572789486496
9559,7304.572789486501
9560,7304.572789486489
9561,7304.572789486494
9562,7304.57278948649
9563,7304.572789486485
9564,7304.572796887036
9565,7304.572780184531
9566,7304.572789994359
9567,7304.572787900151
9568,7304.572790735812
9569,7304.572785587788
9570,7304.572788434554
9571,7304.572786840844
9572,7304.572789484404
9573,7304.572789068631
9574,7304.572789171286
9575,7304.572788085651
9576,7304.572785113282
9577,7304.5727882520605
9578,7304.57279173939
9579,7304.57279750692
9580,7304.572782148666
9581,7304.572793433429
9582,7304.5727854928855
9583,7304.572790282056
9584,7304.5727880552495
9585,7304.572788444934
9586,7304.5727900403235
9587,7304.572792011813
9588,7304.572788215857
9589,7304.57279132982
9590,7304.572789751115
9591,7304.572793377817
9592,7304.572811144838
9593,7304.572788399533
9594,7304.572790159449
9595,7304.572792281787
9596,7304.572788502001
9597,7304.572789536424
9598,7304.572790479061
9599,7304.572794374271
9600,7304.572798801551
9601,7304.572790476042
9602,7304.572846512018
9603,7304.5727856980575
9604,7292.744927547898
9605,7292.744927547891
9606,7292.744927547889
9607,7292.744927547882
9608,7292.744927547884
9609,7292.744927547893
9610,7292.74492754789
9611,7292.744927547893
9612,7292.744927547895
9613,7292.744933687664
9614,7292.744926171584
9615,7292.744928659827
9616,7292.744925614497
9617,7292.744927015129
9618,7292.744926878722
9619,7292.74493943382
9620,7292.744919255847
9621,7292.744923221243
9622,7292.744928435863
9623,7292.744926945548
9624,7292.744924542039
9625,7292.744938480878
9626,7292.744923359726
9627,7292.74492808776
9628,7292.744933885274
9629,7292.744925463647
9630,7292.744934512432
9631,7292.744938049248
9632,7292.744922700595
9633,7292.744927455707
9634,7292.744927176192
9635,7292.744928544647
9636,7292.744927491617
9637,7292.744920711013
9638,7292.7449265063
9639,7292.7449273274
9640,7292.744929729469
9641,7292.744947993091
9642,7292.744935279557
9643,7292.7449223062495
9644,7292.7449355055205
9645,7292.744925033135
9646,7292.744926735349
9647,7292.744927741569
9648,7292.744932909598
9649,7292.744933260738
9650,7292.744927122257
9651,7292.74498512427
9652,7292.744938164002
9653,7280.376776470771
9654,7280.376776470762
9655,7280.376776470758
9656,7280.376776470765
9657,7280.376776470769
9658,7280.376776470762
9659,7280.376776470765
9660,7280.376776470765
9661,7280.3767764707745
9662,7280.376780193408
9663,7280.376779942496
9664,7280.376777938518
9665,7280.376774392014
9666,7280.376777138022
9667,7280.376777473068
9668,7280.376781025682
9669,7280.376771082546
9670,7280.376771144376
9671,7280.376777120584
9672,7280.376777037269
9673,7280.376775367944
9674,7280.376775541848
9675,7280.37677259521
9676,7280.376777669563
9677,7280.3767794229
9678,7280.3767774227
9679,7280.37677904307
9680,7280.376778969409
9681,7280.376775855697
9682,7280.376775850473
9683,7280.376776588813
9684,7280.376777977492
9685,7280.376778280716
9686,7280.3767812861
9687,7280.376775699868
9688,7280.376776413824
9689,7280.376775301484
9690,7280.3767935090555
9691,7280.376778550828
9692,7280.376777542314
9693,7280.376780221729
9694,7280.376772659061
9695,7280.376775950072
9696,7280.376777457089
9697,7280.376782181165
9698,7280.376783833303
9699,7280.376776458356
9700,7280.376836776092
9701,7280.376778444679
9702,7269.421641189066
9703,7269.421641189069
9704,7269.421641189066
9705,7269.4216411890675
9706,7269.4216411890675
9707,7269.421641189066
9708,7269.421641189062
9709,7269.421641189062
9710,7269.421641189066
9711,7269.421639849019
9712,7269.421637310912
9713,7269.421643660051
9714,7269.421641283214
9715,7269.421639149287
9716,7269.421644061283
9717,7269.421639624051
9718,7269.421631430284
9719,7269.421632794254
9720,7269.421642695798
9721,7269.421641640981
9722,7269.421643310068
9723,7269.4216513850915
9724,7269.421642833692
9725,7269.421644314404
9726,7269.421640538304
9727,7269.421641624964
9728,7269.4216327091735
9729,7269.421639513247
9730,7269.421641969592
9731,7269.42164086332
9732,7269.421641553805
9733,7269.42164398231
9734,7269.421645369723
9735,7269.421643359537
9736,7269.421639311255
9737,7269.421642214817
9738,7269.421635516189
9739,7269.421651417211
9740,7269.421636335873
9741,7269.421638346536
9742,7269.421638316891
9743,7269.421635751579
9744,7269.421640052955
9745,7269.4216434757855
9746,7269.421645943708
9747,7269.4216423924445
9748,7269.421641356969
9749,7269.421700097887
9750,7269.4216383234325
9751,7263.56221376271
9752,7263.562213762693
9753,7263.562213762694
9754,7263.562213762699
9755,7263.562213762706
9756,7263.562213762698
9757,7263.562213762698
9758,7263.562213762703
9759,7263.562213762702
9760,7263.562198905715
9761,7263.5622346853415
9762,7263.562216829888
9763,7263.562214296654
9764,7263.562216659108
9765,7263.56221892151
9766,7263.562201646675
9767,7263.562207589595
9768,7263.562207417274
9769,7263.562216926251
9770,7263.562214016122
9771,7263.562212787951
9772,7263.562191323699
9773,7263.562215194821
9774,7263.56221329234
9775,7263.562203156566
9776,7263.562221462142
9777,7263.562216489144
9778,7263.562204292741
9779,7263.562214453101
9780,7263.562214524472
9781,7263.562215886526
9782,7263.562215568992
9783,7263.562215359452
9784,7263.5622259966385
9785,7263.562213954202
9786,7263.562211149386
9787,7263.562208985908
9788,7263.562219366914
9789,7263.562215830899
9790,7263.562224990567
9791,7263.562209162499
9792,7263.562210287451
9793,7263.562211641502
9794,7263.56221539558
9795,7263.56221795968
9796,7263.562217389036
9797,7263.562211594666
9798,7263.562273181794
9799,7263.562202458634
9800,7256.384061424522
9801,7256.3840614245255
9802,7256.384061424526
9803,7256.384061424524
9804,7256.3840614245255
9805,7256.384061424525
9806,7256.384061424516
9807,7256.384061424523
9808,7256.384061424524
9809,7256.38405093215
9810,7256.38407445258
9811,7256.384064306921
9812,7256.384062294018
9813,7256.384063391892
9814,7256.384064048137
9815,7256.384053767134
9816,7256.384057006539
9817,7256.384055211079
9818,7256.384064473793
9819,7256.384061513837
9820,7256.384061361091
9821,7256.384052878337
9822,7256.384062999005
9823,7256.3840621452
9824,7256.384053848732
9825,7256.384063828948
9826,7256.3840618339955
9827,7256.384054567718
9828,7256.3840582662015
9829,7256.384062359679
9830,7256.384062545222
9831,7256.384063572525
9832,7256.3840638358
9833,7256.384067989407
9834,7256.384061338359
9835,7256.384060043201
9836,7256.3840610611305
9837,7256.384068089541
9838,7256.384059266313
9839,7256.384066648359
9840,7256.384058985914
9841,7256.384058212961
9842,7256.384059182862
9843,7256.384063147109
9844,7256.384065097879
9845,7256.384064092322
9846,7256.384059975437
9847,7256.384120782368
9848,7256.384056090426
9849,7244.211027233143
9850,7244.211027233131
9851,7244.211027233124
9852,7244.211027233136
9853,7244.211027233126
9854,7244.211027233127
9855,7244.211027233134
9856,7244.211027233131
9857,7244.2110272331365
9858,7244.211026400361
9859,7244.211026314959
9860,7244.211029790084
9861,7244.2110278954415
9862,7244.211029118717
9863,7244.211023083459
9864,7244.211026726593
9865,7244.211027120943
9866,7244.21102255304
9867,7244.21103004154
9868,7244.211027347952
9869,7244.211028267271
9870,7244.211036505173
9871,7244.211030197517
9872,7244.211028884332
9873,7244.211024809562
9874,7244.211017805181
9875,7244.211025557877
9876,7244.2110260858735
9877,7244.211016432542
9878,7244.211028888391
9879,7244.211026046935
9880,7244.211029004506
9881,7244.211030770761
9882,7244.211022783129
9883,7244.211027455163
9884,7244.211027070698
9885,7244.211035309529
9886,7244.211039889899
9887,7244.211020055502
9888,7244.2110233459625
9889,7244.211027478215
9890,7244.211025676535
9891,7244.211024685363
9892,7244.211029312198
9893,7244.21102976699
9894,7244.211028564683
9895,7244.21102715015
9896,7244.211089127846
9897,7244.2110338159955
9898,7237.3722678203485
9899,7237.372267820343
9900,7237.372267820347
9901,7237.372267820343
9902,7237.372267820345
9903,7237.372267820347
9904,7237.37226782035
9905,7237.372267820349
9906,7237.372267820345
9907,7237.3722708639525
9908,7237.372261681674
9909,7237.372270471301
9910,7237.372268035766
9911,7237.37227109162
9912,7237.372260920688
9913,7237.3722699848495
9914,7237.372267289649
9915,7237.372263963458
9916,7237.372270458043
9917,7237.372267679941
9918,7237.3722693350455
9919,7237.37227608975
9920,7237.372272335467
9921,7237.372269016141
9922,7237.372266859669
9923,7237.372256233242
9924,7237.372265332339
9925,7237.372270650268
9926,7237.372256932465
9927,7237.372269834856
9928,7237.372266029796
9929,7237.372268837777
9930,7237.372271412521
9931,7237.372260484283
9932,7237.372268353862
9933,7237.372267341909
9934,7237.37227517022
9935,7237.372284664836
9936,7237.372263397956
9937,7237.372261889836
9938,7237.3722679701195
9939,7237.3722671886135
9940,7237.372265275231
9941,7237.372270458025
9942,7237.372270094025
9943,7237.372267518358
9944,7237.372267974598
9945,7237.37233156551
9946,7237.3722775753195
9947,7221.126813477776
9948,7221.126813477761
9949,7221.126813477759
9950,7221.12681347777
9951,7221.126813477769
9952,7221.126813477772
9953,7221.126813477772
9954,7221.1268134777865
9955,7221.126813477785
9956,7221.1268205840415
9957,7221.126802867628
9958,7221.126816141783
9959,7221.126812652843
9960,7221.126817580902
9961,7221.126804781772
9962,7221.126821949599
9963,7221.126815726006
9964,7221.126812329059
9965,7221.126815519229
9966,7221.126813605178
9967,7221.126815575285
9968,7221.126818886203
9969,7221.126818544385
9970,7221.126813730536
9971,7221.126815381068
9972,7221.126804267021
9973,7221.126814497842
9974,7221.126820646013
9975,7221.126805055615
9976,7221.126816023902
9977,7221.126810938519
9978,7221.126813294434
9979,7221.126817174416
9980,7221.126809212288
9981,7221.126815323534
9982,7221.1268125651295
9983,7221.1268210257695
9984,7221.126835804801
9985,7221.126808046761
9986,7221.126807156388
9987,7221.1268171248885
9988,7221.126814997237
9989,7221.12681120492
9990,7221.12681696643
9991,7221.1268156679125
9992,7221.126812753274
9993,7221.126814153077
9994,7221.126881193603
9995,7221.126830085016
9996,7204.421392835688
9997,7204.421392835673
9998,7204.42139283567
9999,7204.421392835681
10000,7204.4213928356785
10001,7204.421392835683
10002,7204.4213928356785
10003,7204.421392835684
10004,7204.421392835683
10005,7204.421394434109
10006,7204.421368105247
10007,7204.421396380171
10008,7204.4213914031525
10009,7204.42139778991
10010,7204.421388352535
10011,7204.421397965109
10012,7204.421378579159
10013,7204.421392455508
10014,7204.421394138374
10015,7204.42139322671
10016,7204.421392498468
10017,7204.421397830278
10018,7204.421409220651
10019,7204.421389005524
10020,7204.421395135786
10021,7204.421385231687
10022,7204.421389734516
10023,7204.421403320993
10024,7204.421397702321
10025,7204.421395369376
10026,7204.4213893660935
10027,7204.421390021324
10028,7204.421394500553
10029,7204.421370240497
10030,7204.421395450808
10031,7204.421388878207
10032,7204.421379149816
10033,7204.421426862775
10034,7204.42141382456
10035,7204.421378653803
10036,7204.421384285063
10037,7204.421395706365
10038,7204.421390844357
10039,7204.421396705148
10040,7204.421394059371
10041,7204.421384339842
10042,7204.421393562093
10043,7204.421459803837
10044,7204.421402880246
10045,7182.6075561047
10046,7182.607556104698
10047,7182.607556104703
10048,7182.607556104698
10049,7182.607556104694
10050,7182.607556104697
10051,7182.6075561046955
10052,7182.607556104692
10053,7182.607556104695
10054,7182.607560248969
10055,7182.6075434367085
10056,7182.607559099878
10057,7182.607554139695
10058,7182.607562625117
10059,7182.607551682287
10060,7182.6075648469205
10061,7182.60755293983
10062,7182.607557893016
10063,7182.607555953226
10064,7182.607556730449
10065,7182.607556962063
10066,7182.607553632157
10067,7182.607564046177
10068,7182.607553189286
10069,7182.6075605353135
10070,7182.607552380596
10071,7182.607558172325
10072,7182.607560909903
10073,7182.607562270322
10074,7182.607557689607
10075,7182.607552985014
10076,7182.607554134161
10077,7182.607558847136
10078,7182.607552874932
10079,7182.607560030603
10080,7182.607552991615
10081,7182.6075511947965
10082,7182.607588685075
10083,7182.60756358076
10084,7182.6075502541535
10085,7182.607556950488
10086,7182.607558882234
10087,7182.607555288177
10088,7182.607559218827
10089,7182.6075570856165
10090,7182.607554246374
10091,7182.607557246513
10092,7182.607625543692
10093,7182.607564605185
10094,7166.221320011344
10095,7166.221320011337
10096,7166.221320011346
10097,7166.221320011341
10098,7166.221320011336
10099,7166.221320011338
10100,7166.221320011343
10101,7166.221320011343
10102,7166.221320011344
10103,7166.221321385091
10104,7166.221320446482
10105,7166.221322790619
10106,7166.221318692465
10107,7166.22132423429
10108,7166.221319587537
10109,7166.221325604442
10110,7166.2213183791955
10111,7166.221321105388
10112,7166.221318988027
10113,7166.221320005624
10114,7166.221320988067
10115,7166.221315651363
10116,7166.221322386196
10117,7166.221318073057
10118,7166.221324321831
10119,7166.221319914189
10120,7166.221324237782
10121,7166.2213169205725
10122,7166.221328598255
10123,7166.221320419778
10124,7166.221317529803
10125,7166.221319518202
10126,7166.221323003554
10127,7166.2213253692635
10128,7166.221323853925
10129,7166.221317539996
10130,7166.221319922979
10131,7166.221348246271
10132,7166.221318926567
10133,7166.221321688046
10134,7166.2213240572
10135,7166.221320895641
10136,7166.221319971759
10137,7166.221321523123
10138,7166.221320141923
10139,7166.221322000444
10140,7166.221320939525
10141,7166.221386539436
10142,7166.2213215807005
10143,7157.362240332343
10144,7157.362240332348
10145,7157.362240332346
10146,7157.362240332341
10147,7157.362240332335
10148,7157.3622403323425
10149,7157.362240332342
10150,7157.362240332344
10151,7157.362240332339
10152,7157.3622407839675
10153,7157.3622452204645
10154,7157.362242974197
10155,7157.362240181016
10156,7157.362242677998
10157,7157.3622438102175
10158,7157.3622460700235
10159,7157.362237530487
10160,7157.3622409832515
10161,7157.362239429983
10162,7157.362240082931
10163,7157.362239717459
10164,7157.362241569307
10165,7157.362240761886
10166,7157.362237824369
10167,7157.362242340891
10168,7157.362241863174
10169,7157.362244012732
10170,7157.362235719141
10171,7157.362246526013
10172,7157.362240847801
10173,7157.362237691651
10174,7157.362240409547
10175,7157.36224240114
10176,7157.362241475715
10177,7157.362243702783
10178,7157.362237567441
10179,7157.362241545793
10180,7157.36226412156
10181,7157.362239631077
10182,7157.362240304357
10183,7157.362246521502
10184,7157.36224085701
10185,7157.362240112614
10186,7157.362240564617
10187,7157.3622394082295
10188,7157.3622416603375
10189,7157.362240915637
10190,7157.362303717713
10191,7157.362241990412
10192,7157.796572006813
10193,7157.796572006819
10194,7157.796572006814
10195,7157.796572006804
10196,7157.796572006804
10197,7157.796572006806
10198,7157.796572006814
10199,7157.796572006804
10200,7157.796572006817
10201,7157.7965861843695
10202,7157.796562170993
10203,7157.796573202079
10204,7157.796573001924
10205,7157.796575042611
10206,7157.796574002935
10207,7157.796549856549
10208,7157.796569011578
10209,7157.7965716228955
10210,7157.796567657937
10211,7157.7965708888005
10212,7157.796576318819
10213,7157.796545914876
10214,7157.796573844409
10215,7157.796574694738
10216,7157.796574541848
10217,7157.796566718591
10218,7157.796557601857
10219,7157.79655125477
10220,7157.796591805974
10221,7157.796567642793
10222,7157.796567750846
10223,7157.796573426732
10224,7157.796580261675
10225,7157.796585977588
10226,7157.7965766694715
10227,7157.796571605524
10228,7157.796568266388
10229,7157.796594547051
10230,7157.7965565882605
10231,7157.79658598521
10232,7157.796563923271
10233,7157.796568411871
10234,7157.796574194985
10235,7157.796572370792
10236,7157.796568720697
10237,7157.796582025098
10238,7157.796575659906
10239,7157.7966306741755
10240,7157.7965418994245
10241,7151.144743673915
10242,7151.144743673915
10243,7151.144743673915
10244,7151.1447436739245
10245,7151.144743673926
10246,7151.144743673924
10247,7151.144743673922
10248,7151.144743673907
10249,7151.144743673916
10250,7151.144751160386
10251,7151.144741429853
10252,7151.144745579396
10253,7151.144744093824
10254,7151.144746356746
10255,7151.144746382076
10256,7151.144735822311
10257,7151.144740910311
10258,7151.14474383879
10259,7151.144741071063
10260,7151.144742989009
10261,7151.144745502208
10262,7151.144731818589
10263,7151.1447446367665
10264,7151.1447438067125
10265,7151.1447460893605
10266,7151.144741573115
10267,7151.1447383762115
10268,7151.144730962624
10269,7151.144756403952
10270,7151.144741748582
10271,7151.144740216629
10272,7151.144744463838
10273,7151.144748813292
10274,7151.144751015227
10275,7151.144747682259
10276,7151.1447421452285
10277,7151.144742793403
10278,7151.14476676376
10279,7151.144735328213
10280,7151.1447505271935
10281,7151.144742967452
10282,7151.144742124665
10283,7151.144744629008
10284,7151.144743935302
10285,7151.144741594001
10286,7151.144749432431
10287,7151.144745791868
10288,7151.144804596243
10289,7151.14472995511
10290,7139.760346658277
10291,7139.76034665827
10292,7139.76034665827
10293,7139.760346658277
10294,7139.760346658266
10295,7139.760346658268
10296,7139.760346658273
10297,7139.760346658275
10298,7139.760346658271
10299,7139.760352418476
10300,7139.760349177052
10301,7139.760348321173
10302,7139.760348596421
10303,7139.76034651148
10304,7139.760351931308
10305,7139.760342625739
10306,7139.760341710949
10307,7139.760346123586
10308,7139.760345208519
10309,7139.7603453472275
10310,7139.760345883667
10311,7139.760343023378
10312,7139.760345341702
10313,7139.760345358304
10314,7139.760345060484
10315,7139.760346509086
10316,7139.760342479045
10317,7139.760337818752
10318,7139.760352242469
10319,7139.760345868691
10320,7139.760343047195
10321,7139.760347948915
10322,7139.7603494866535
10323,7139.7603442668105
10324,7139.760349557609
10325,7139.760344347983
10326,7139.760348077449
10327,7139.760363281423
10328,7139.760341498113
10329,7139.760348919526
10330,7139.760350304039
10331,7139.760345391184
10332,7139.760346648367
10333,7139.760345470419
10334,7139.760343505485
10335,7139.760349319923
10336,7139.760347734934
10337,7139.760403082438
10338,7139.760338280732
10339,7123.835733510677
10340,7123.835733510687
10341,7123.835733510686
10342,7123.835733510685
10343,7123.835733510684
10344,7123.835733510682
10345,7123.83573351068
10346,7123.835733510689
10347,7123.83573351069
10348,7123.835738266553
10349,7123.835738212162
10350,7123.835734447535
10351,7123.835736569558
10352,7123.835731098394
10353,7123.835738285785
10354,7123.835732447175
10355,7123.835728096522
10356,7123.835732409829
10357,7123.835733371672
10358,7123.835732075607
10359,7123.835730633722
10360,7123.8357354335385
10361,7123.835730859648
10362,7123.835731121175
10363,7123.835728004624
10364,7123.835733682615
10365,7123.835729623287
10366,7123.835730220293
10367,7123.835731112317
10368,7123.835733793235
10369,7123.835729458625
10370,7123.835735331871
10371,7123.8357343610305
10372,7123.835723158339
10373,7123.835735465219
10374,7123.835730680841
10375,7123.835736583565
10376,7123.835744051717
10377,7123.8357315765525
10378,7123.835730916867
10379,7123.835740360706
10380,7123.835732605784
10381,7123.835732391784
10382,7123.835731170724
10383,7123.83572959346
10384,7123.8357334517505
10385,7123.835733918411
10386,7123.835785268366
10387,7123.835729934596
10388,7104.739067866523
10389,7104.73906786651
10390,7104.73906786651
10391,7104.73906786651
10392,7104.739067866514
10393,7104.739067866522
10394,7104.739067866519
10395,7104.7390678665115
10396,7104.7390678665215
10397,7104.739071094904
10398,7104.7390692598765
10399,7104.739067457794
10400,7104.73907039922
10401,7104.739062736366
10402,7104.739069191182
10403,7104.739066853855
10404,7104.7390641242955
10405,7104.739067154753
10406,7104.739068300664
10407,7104.7390681142915
10408,7104.739063836388
10409,7104.739073416581
10410,7104.739067684453
10411,7104.739064346201
10412,7104.739060971432
10413,7104.739067506908
10414,7104.739064819743
10415,7104.7390704764175
10416,7104.739061381486
10417,7104.7390686147255
10418,7104.73906294408
10419,7104.7390696978655
10420,7104.739067665433
10421,7104.7390547949635
10422,7104.739069931172
10423,7104.739064681042
10424,7104.739069243206
10425,7104.739077377768
10426,7104.73906805746
10427,7104.739061080232
10428,7104.739073766307
10429,7104.7390677914345
10430,7104.739066167626
10431,7104.739065055304
10432,7104.739063772699
10433,7104.739066478842
10434,7104.739068679184
10435,7104.739117722637
10436,7104.739067350791
10437,7097.842487275864
10438,7097.842487275859
10439,7097.84248727585
10440,7097.842487275855
10441,7097.842487275865
10442,7097.8424872758615
10443,7097.842487275853
10444,7097.842487275851
10445,7097.842487275855
10446,7097.8424793408085
10447,7097.842520240014
10448,7097.842486280062
10449,7097.842488058141
10450,7097.84249249872
10451,7097.842486332829
10452,7097.84248084762
10453,7097.842480527663
10454,7097.842483280445
10455,7097.842486829502
10456,7097.842484992959
10457,7097.842482659511
10458,7097.842451678892
10459,7097.842486539256
10460,7097.842480381572
10461,7097.842477045602
10462,7097.842498786397
10463,7097.842487232953
10464,7097.842498229572
10465,7097.842487976048
10466,7097.842487520371
10467,7097.842487158462
10468,7097.842489370523
10469,7097.842481981343
10470,7097.842495085018
10471,7097.842487268416
10472,7097.842481842581
10473,7097.842478591526
10474,7097.842501914082
10475,7097.842516588571
10476,7097.842494584038
10477,7097.842489502671
10478,7097.842484571289
10479,7097.84248728946
10480,7097.842483897278
10481,7097.842484921698
10482,7097.842482903185
10483,7097.842484438943
10484,7097.842534163337
10485,7097.8424727656
10486,7080.005882698845
10487,7080.005882698839
10488,7080.005882698843
10489,7080.005882698844
10490,7080.0058826988425
10491,7080.005882698839
10492,7080.005882698841
10493,7080.005882698844
10494,7080.0058826988425
10495,7080.005887192313
10496,7080.005888472561
10497,7080.005880903962
10498,7080.0058820136555
10499,7080.005881941936
10500,7080.005875747865
10501,7080.005889971354
10502,7080.005882995537
10503,7080.005880204568
10504,7080.005880689781
10505,7080.005882549193
10506,7080.005882700355
10507,7080.005888894955
10508,7080.005883832539
10509,7080.005880743737
10510,7080.0058846717075
10511,7080.005883781623
10512,7080.0058781736
10513,7080.005896956912
10514,7080.005882395036
10515,7080.005882132879
10516,7080.005879395592
10517,7080.005885672491
10518,7080.00588222265
10519,7080.005884810281
10520,7080.005882783962
10521,7080.00588175133
10522,7080.005882344649
10523,7080.005903402957
10524,7080.005889595302
10525,7080.005876588812
10526,7080.005888794006
10527,7080.005880867567
10528,7080.005883391824
10529,7080.0058804409855
10530,7080.005880632553
10531,7080.005879025503
10532,7080.005883832404
10533,7080.005934095061
10534,7080.005886051593
10535,7074.8748214792295
10536,7074.874821479224
10537,7074.874821479226
10538,7074.874821479225
10539,7074.874821479226
10540,7074.874821479225
10541,7074.874821479217
10542,7074.874821479217
10543,7074.87482147922
10544,7074.874824176316
10545,7074.874826275065
10546,7074.874819662836
10547,7074.874820614344
10548,7074.874820357702
10549,7074.874815510698
10550,7074.8748259577405
10551,7074.874824191587
10552,7074.874819248906
10553,7074.874819346254
10554,7074.874821994902
10555,7074.874821876167
10556,7074.874829721962
10557,7074.874823525559
10558,7074.874820835346
10559,7074.874825005601
10560,7074.8748213278495
10561,7074.874818662175
10562,7074.874830811528
10563,7074.874823037213
10564,7074.874820662809
10565,7074.874818122191
10566,7074.87482476766
10567,7074.874821970226
10568,7074.874825548209
10569,7074.874822267617
10570,7074.874821418854
10571,7074.874824318311
10572,7074.8748423138795
10573,7074.874823449761
10574,7074.874817359553
10575,7074.874826035041
10576,7074.874819616778
10577,7074.87482226857
10578,7074.874819265093
10579,7074.874819929376
10580,7074.874820689687
10581,7074.874823226458
10582,7074.874872731952
10583,7074.874824293617
10584,7061.797633895875
10585,7061.7976338958715
10586,7061.7976338958715
10587,7061.797633895875
10588,7061.797633895873
10589,7061.797633895879
10590,7061.797633895881
10591,7061.797633895874
10592,7061.797633895872
10593,7061.797628700913
10594,7061.797632540102
10595,7061.79763165997
10596,7061.797632471649
10597,7061.797630683132
10598,7061.797631085326
10599,7061.797628194439
10600,7061.797637584752
10601,7061.797632343262
10602,7061.79763129788
10603,7061.797636242079
10604,7061.797633915548
10605,7061.797637501457
10606,7061.797640695369
10607,7061.797633579238
10608,7061.797637868941
10609,7061.797635124272
10610,7061.797635668865
10611,7061.797634380654
10612,7061.797643310695
10613,7061.797632432825
10614,7061.797630849115
10615,7061.797636915903
10616,7061.797635070978
10617,7061.797639904772
10618,7061.797636575255
10619,7061.797633998124
10620,7061.797636914295
10621,7061.7976549420355
10622,7061.797630950224
10623,7061.797634935195
10624,7061.797631092694
10625,7061.797632514807
10626,7061.797635154521
10627,7061.7976318032715
10628,7061.7976330001975
10629,7061.797637814036
10630,7061.797636302579
10631,7061.7976852886
10632,7061.797631382159
10633,7045.581746541846
10634,7045.581746541833
10635,7045.581746541831
10636,7045.581746541833
10637,7045.5817465418295
10638,7045.581746541835
10639,7045.581746541837
10640,7045.581746541842
10641,7045.58174654184
10642,7045.581738251285
10643,7045.581746758554
10644,7045.581744033124
10645,7045.581745034676
10646,7045.581745853278
10647,7045.58174630427
10648,7045.581741191258
10649,7045.58175314707
10650,7045.5817443336055
10651,7045.581743308258
10652,7045.581748346221
10653,7045.581747338317
10654,7045.581745719878
10655,7045.581752441895
10656,7045.581747315646
10657,7045.581751585244
10658,7045.5817503869275
10659,7045.581750826624
10660,7045.581742889293
10661,7045.5817594234
10662,7045.581744850233
10663,7045.581745177396
10664,7045.581750258312
10665,7045.581747740067
10666,7045.5817592095345
10667,7045.581749346012
10668,7045.581747657703
10669,7045.581753630467
10670,7045.581765566841
10671,7045.581741421831
10672,7045.5817517084515
10673,7045.58174418408
10674,7045.581744585063
10675,7045.5817486810965
10676,7045.58174440483
10677,7045.5817465760265
10678,7045.581752917985
10679,7045.581748428126
10680,7045.581797395257
10681,7045.581744782279
10682,7030.725651080439
10683,7030.7256510804355
10684,7030.725651080444
10685,7030.725651080433
10686,7030.725651080436
10687,7030.725651080433
10688,7030.725651080442
10689,7030.725651080438
10690,7030.725651080441
10691,7030.725630129528
10692,7030.725626594363
10693,7030.7256475447075
10694,7030.725649055466
10695,7030.725646881455
10696,7030.725660285495
10697,7030.725628887247
10698,7030.725639268608
10699,7030.72564534637
10700,7030.725647724162
10701,7030.7256550423535
10702,7030.725647536843
10703,7030.725649420188
10704,7030.725676238061
10705,7030.725646488071
10706,7030.725649624601
10707,7030.725652838067
10708,7030.725652939235
10709,7030.725640958387
10710,7030.7256725998695
10711,7030.7256496415475
10712,7030.725650636377
10713,7030.725651850594
10714,7030.725648261687
10715,7030.72562643748
10716,7030.7256542635005
10717,7030.7256489805895
10718,7030.725639726629
10719,7030.725676495413
10720,7030.7256690763725
10721,7030.725649157676
10722,7030.725622978909
10723,7030.725650915631
10724,7030.725653615683
10725,7030.7256493040895
10726,7030.725651122201
10727,7030.725650357623
10728,7030.725651620544
10729,7030.725702955673
10730,7030.725644181096
10731,7004.921980590786
10732,7004.921980590774
10733,7004.9219805907705
10734,7004.921980590779
10735,7004.9219805907815
10736,7004.921980590774
10737,7004.921980590775
10738,7004.92198059079
10739,7004.9219805907815
10740,7004.921971392457
10741,7004.921970387483
10742,7004.921977304223
10743,7004.921980001389
10744,7004.921979860601
10745,7004.92198571538
10746,7004.921974899081
10747,7004.921978806048
10748,7004.921976446306
10749,7004.921977221466
10750,7004.921980837297
10751,7004.921979786701
10752,7004.921975807775
10753,7004.921988812324
10754,7004.921978547296
10755,7004.9219797656715
10756,7004.921984172133
10757,7004.921982101734
10758,7004.921975015122
10759,7004.921991427046
10760,7004.921979132439
10761,7004.921981297406
10762,7004.921983606792
10763,7004.921979176102
10764,7004.921976044709
10765,7004.92198299148
10766,7004.92198046107
10767,7004.921983663361
10768,7004.921994443246
10769,7004.921984266673
10770,7004.92198272129
10771,7004.921973158933
10772,7004.921979182034
10773,7004.921983336181
10774,7004.9219782004875
10775,7004.9219797441465
10776,7004.921981401442
10777,7004.921980150404
10778,7004.922031350082
10779,7004.921981229835
10780,6992.605464974467
10781,6992.605464974465
10782,6992.605464974464
10783,6992.605464974467
10784,6992.605464974464
10785,6992.605464974469
10786,6992.605464974471
10787,6992.605464974469
10788,6992.60546497446
10789,6992.605463772308
10790,6992.605462187313
10791,6992.605461694149
10792,6992.605465256973
10793,6992.605465939708
10794,6992.605466990149
10795,6992.605470400732
10796,6992.605463309901
10797,6992.605460467182
10798,6992.60546184843
10799,6992.605462171369
10800,6992.605465338863
10801,6992.605458789659
10802,6992.605463879091
10803,6992.605462753398
10804,6992.605462074244
10805,6992.605467932715
10806,6992.605463049053
10807,6992.605465320218
10808,6992.605466082441
10809,6992.60546330453
10810,6992.605467044948
10811,6992.6054689646535
10812,6992.605462990146
10813,6992.6054634620195
10814,6992.605465610131
10815,6992.605465274589
10816,6992.605471993931
10817,6992.605472022706
10818,6992.605468019837
10819,6992.605466454952
10820,6992.605467596193
10821,6992.605462573223
10822,6992.605467777089
10823,6992.605462252242
10824,6992.60546317461
10825,6992.60546168069
10826,6992.6054628331485
10827,6992.605515396493
10828,6992.605470807667
10829,6984.076366823204
10830,6984.076366823208
10831,6984.076366823192
10832,6984.076366823201
10833,6984.076366823203
10834,6984.07636682321
10835,6984.07636682321
10836,6984.076366823208
10837,6984.076366823203
10838,6984.076370415333
10839,6984.076366491365
10840,6984.076363494813
10841,6984.076367241398
10842,6984.076368891993
10843,6984.076367394896
10844,6984.07637273889
10845,6984.07636787715
10846,6984.076363284094
10847,6984.076363973964
10848,6984.0763644021445
10849,6984.076367917476
10850,6984.076361458169
10851,6984.076362798388
10852,6984.0763650709005
10853,6984.076362177623
10854,6984.076365420399
10855,6984.076361520864
10856,6984.076365554352
10857,6984.076363542688
10858,6984.076364954551
10859,6984.076368309602
10860,6984.076371019399
10861,6984.076366228267
10862,6984.076368734687
10863,6984.0763682068755
10864,6984.07636727917
10865,6984.076374005398
10866,6984.076371402734
10867,6984.0763672686435
10868,6984.0763677335135
10869,6984.076371647535
10870,6984.076364530894
10871,6984.076369338962
10872,6984.0763640976475
10873,6984.076364432231
10874,6984.07636365503
10875,6984.076365148963
10876,6984.0764187095565
10877,6984.076371409631
10878,6972.8721416462195
10879,6972.872141646206
10880,6972.872141646199
10881,6972.872141646205
10882,6972.872141646212
10883,6972.872141646211
10884,6972.872141646207
10885,6972.872141646219
10886,6972.872141646218
10887,6972.872139765141
10888,6972.872151959741
10889,6972.872138554632
10890,6972.872140836612
10891,6972.872132873491
10892,