iteracion,valor_coste
0,67392.87180837918
1,67392.87180837934
2,67392.8718083793
3,67392.87180837938
4,67392.87180837932
5,67392.8718083793
6,67392.87180837925
7,67392.87180837934
8,67392.87180837929
9,67392.87126037596
10,67392.87172128962
11,67392.87197308819
12,67392.87189966642
13,67392.87185290203
14,67392.87163756491
15,67392.8721643469
16,67392.87193786318
17,67392.87173349399
18,67392.87156277122
19,67392.87175164945
20,67392.8718239047
21,67392.87204602157
22,67392.87120461391
23,67392.87188305306
24,67392.87151674925
25,67392.87218265384
26,67392.87165309189
27,67392.87164280296
28,67392.87182662162
29,67392.87156918012
30,67392.87150217529
31,67392.8718112958
32,67392.8717721714
33,67392.87233855092
34,67392.87173143397
35,67392.87170885176
36,67392.87183410706
37,67392.87148379929
38,67392.8711467335
39,67392.87119568358
40,67392.87167432523
41,67392.87130209828
42,67392.87188463724
43,67392.87181687102
44,67392.87178813985
45,67392.87209588138
46,67392.87183777515
47,67392.8718022167
48,67392.87169212941
49,3575378.921874486
50,3575378.921874486
51,3575378.921874486
52,3575378.921874486
53,3575378.921874486
54,3575378.921874486
55,3575378.921874486
56,3575378.9218744864
57,3575378.9218744864
58,3575378.921874486
59,3575378.921874486
60,3575378.921874486
61,3575378.921874486
62,3575378.921874486
63,3575378.921874486
64,3575378.9218744864
65,3575378.921874486
66,3575378.921874486
67,3575378.921874486
68,3575378.921874486
69,3575378.921874486
70,3575378.921874486
71,3575378.9218744864
72,3575378.921874486
73,3575378.9218744864
74,3575378.921874486
75,3575378.921874486
76,3575378.921874486
77,3575378.9218744854
78,3575378.921874486
79,3575378.921874486
80,3575378.921874486
81,3575378.921874486
82,3575378.921874486
83,3575378.921874486
84,3575378.921874486
85,3575378.921874486
86,3575378.9218744864
87,3575378.9218744864
88,3575378.9218744864
89,3575378.9218744864
90,3575378.9218744864
91,3575378.921874486
92,3575378.921874486
93,3575378.9218744864
94,3575378.921874486
95,3575378.921874486
96,3575378.921874486
97,3575378.921874486
98,479012.7744706718
99,479012.7744706719
100,479012.7744706722
101,479012.7744706723
102,479012.7744706724
103,479012.7744706721
104,479012.7744706723
105,479012.7744706722
106,479012.7744706723
107,479012.771913728
108,479012.7761857163
109,479012.77322748955
110,479012.7748390512
111,479012.7751796489
112,479012.77493149275
113,479012.7736559566
114,479012.7806915605
115,479012.7769537963
116,479012.7766894019
117,479012.77431681886
118,479012.7742753047
119,479012.76776711637
120,479012.77316445
121,479012.77388064587
122,479012.7764720727
123,479012.77410560823
124,479012.7766567376
125,479012.77849325
126,479012.76614498737
127,479012.7822721269
128,479012.77711406833
129,479012.77447106485
130,479012.77472839114
131,479012.77201862476
132,479012.775173751
133,479012.77426525217
134,479012.77367558994
135,479012.7737614664
136,479012.77444536187
137,479012.7736748959
138,479012.7740373518
139,479012.77187858336
140,479012.77343959763
141,479012.7748639392
142,479012.7744940032
143,479012.77385675145
144,479012.7741952968
145,479012.7742846645
146,479012.7689416303
147,50873.53637813551
148,50873.53637813548
149,50873.53637813542
150,50873.53637813549
151,50873.53637813537
152,50873.536378135446
153,50873.53637813553
154,50873.53637813543
155,50873.536378135446
156,50873.53581818955
157,50873.536551816855
158,50873.53646809758
159,50873.53631847508
160,50873.53643817853
161,50873.53640195624
162,50873.536498254805
163,50873.53692600947
164,50873.53645448103
165,50873.53623951814
166,50873.53631911493
167,50873.53640999951
168,50873.53629006675
169,50873.53596546882
170,50873.53644892249
171,50873.53627027957
172,50873.53660254451
173,50873.5367208441
174,50873.53739571629
175,50873.535731098804
176,50873.53630137272
177,50873.53620609989
178,50873.5363694892
179,50873.53631928689
180,50873.536435996124
181,50873.5363422425
182,50873.53638539084
183,50873.53636286498
184,50873.53593400368
185,50873.53618369082
186,50873.53552106548
187,50873.535998865875
188,50873.536247532065
189,50873.536371194066
190,50873.536327206224
191,50873.53632857227
192,50873.536623654916
193,50873.53645440517
194,50873.53659202798
195,50873.535843522055
196,34811.037283964
197,34811.03728396407
198,34811.03728396407
199,34811.03728396404
200,34811.03728396403
201,34811.03728396401
202,34811.03728396402
203,34811.03728396398
204,34811.03728396391
205,34811.03814783651
206,34811.03716149661
207,34811.03728185569
208,34811.03724691232
209,34811.037004871294
210,34811.03757901627
211,34811.03743154127
212,34811.03718706645
213,34811.03718245147
214,34811.03725547116
215,34811.0372985867
216,34811.0372988386
217,34811.03822349932
218,34811.03722821488
219,34811.03724758556
220,34811.037030930915
221,34811.03733212373
222,34811.037168301744
223,34811.036944343316
224,34811.03721105714
225,34811.03727938544
226,34811.037227387285
227,34811.03731865642
228,34811.03725202091
229,34811.03745674985
230,34811.037346756915
231,34811.03718874506
232,34811.03779235994
233,34811.03671114557
234,34811.036990257584
235,34811.03743537973
236,34811.036880992615
237,34811.03718394726
238,34811.037279447584
239,34811.03727956839
240,34811.037304432626
241,34811.03747972673
242,34811.037271261644
243,34811.03729922222
244,34811.03737311071
245,29159.802893565047
246,29159.802893565076
247,29159.802893565076
248,29159.80289356505
249,29159.802893564967
250,29159.80289356505
251,29159.80289356504
252,29159.802893565065
253,29159.802893565018
254,29159.802709494008
255,29159.802977030737
256,29159.80285956155
257,29159.802918184076
258,29159.802871500007
259,29159.80321778754
260,29159.80282628644
261,29159.80281973512
262,29159.802755985525
263,29159.802889283124
264,29159.802932933133
265,29159.802845010716
266,29159.80280032773
267,29159.803019762825
268,29159.802861617547
269,29159.803008100895
270,29159.80306081633
271,29159.802357433
272,29159.802863222507
273,29159.80277852673
274,29159.80291993154
275,29159.802826932362
276,29159.802950057663
277,29159.802894607365
278,29159.8029230566
279,29159.802948527973
280,29159.802810682435
281,29159.80278419182
282,29159.802914227646
283,29159.80268087844
284,29159.802771517116
285,29159.802716915885
286,29159.80302723913
287,29159.802908109457
288,29159.802929196987
289,29159.802945730466
290,29159.80318973824
291,29159.80286734994
292,29159.802890958366
293,29159.803288835134
294,26477.769517100915
295,26477.769517100878
296,26477.769517100893
297,26477.769517100896
298,26477.769517100856
299,26477.76951710089
300,26477.7695171009
301,26477.769517100838
302,26477.769517100827
303,26477.769452654993
304,26477.769655700304
305,26477.769486845536
306,26477.769520055648
307,26477.769536444153
308,26477.769722617963
309,26477.769605675843
310,26477.76952000725
311,26477.769462090182
312,26477.76950274774
313,26477.769534864306
314,26477.769499650494
315,26477.769389158468
316,26477.769520855327
317,26477.769522264913
318,26477.76959263084
319,26477.769672235896
320,26477.76934571485
321,26477.769581776734
322,26477.769328990307
323,26477.76961150315
324,26477.76945087295
325,26477.769547746593
326,26477.769502360177
327,26477.769538203112
328,26477.769557363783
329,26477.769485303113
330,26477.769415442363
331,26477.769502079114
332,26477.769459643623
333,26477.769336619305
334,26477.76934233583
335,26477.769592382923
336,26477.769523036834
337,26477.76952996756
338,26477.769543008366
339,26477.769681378126
340,26477.769518279736
341,26477.769588852596
342,26477.769485834557
343,23744.448351669842
344,23744.448351669824
345,23744.44835166982
346,23744.448351669802
347,23744.448351669842
348,23744.448351669787
349,23744.448351669856
350,23744.448351669824
351,23744.448351669842
352,23744.44841704029
353,23744.448473474222
354,23744.44832121517
355,23744.448359497717
356,23744.448376112647
357,23744.44842138889
358,23744.448522882427
359,23744.448305142807
360,23744.448330344883
361,23744.448345220717
362,23744.44836184982
363,23744.4483526171
364,23744.448249829093
365,23744.44828109539
366,23744.448365390654
367,23744.448335641307
368,23744.44844493683
369,23744.4484434936
370,23744.448284824855
371,23744.44823090105
372,23744.44844214842
373,23744.44830379025
374,23744.4483726278
375,23744.448330140658
376,23744.448376092416
377,23744.448390072794
378,23744.448335064397
379,23744.44831639331
380,23744.448340742096
381,23744.448367324883
382,23744.448237863668
383,23744.44821544602
384,23744.448369146234
385,23744.44834943073
386,23744.44835134569
387,23744.44836720638
388,23744.448397551998
389,23744.448361433086
390,23744.44844330103
391,23744.44822948589
392,21375.621859200102
393,21375.62185920005
394,21375.621859200037
395,21375.62185920008
396,21375.621859200088
397,21375.621859200055
398,21375.621859200044
399,21375.621859200113
400,21375.62185920008
401,21375.621919773534
402,21375.621930917983
403,21375.62182663797
404,21375.621883516767
405,21375.621838190338
406,21375.621768227073
407,21375.621961823843
408,21375.62180026397
409,21375.621852776487
410,21375.621873409193
411,21375.621879815077
412,21375.621864788976
413,21375.62181971796
414,21375.62180272461
415,21375.621863049557
416,21375.62173669186
417,21375.621892769053
418,21375.621970279088
419,21375.621754393862
420,21375.62178339333
421,21375.62188944286
422,21375.621840814416
423,21375.621888140042
424,21375.621846274305
425,21375.62186413459
426,21375.62190640802
427,21375.621830446562
428,21375.621919461275
429,21375.62190944278
430,21375.621894770375
431,21375.621783097475
432,21375.621771089995
433,21375.621861611606
434,21375.621849808613
435,21375.621852684584
436,21375.62187412294
437,21375.62186225086
438,21375.621860469582
439,21375.62192688311
440,21375.62182308795
441,18844.747011504
442,18844.747011503983
443,18844.74701150399
444,18844.74701150398
445,18844.747011503983
446,18844.74701150398
447,18844.747011504012
448,18844.747011503994
449,18844.747011503994
450,18844.747152790154
451,18844.74700100845
452,18844.746971766963
453,18844.74701801209
454,18844.74696450804
455,18844.74700124247
456,18844.74708527055
457,18844.746864161
458,18844.746970611926
459,18844.74703585949
460,18844.7470307426
461,18844.747014348424
462,18844.74695525299
463,18844.746934992403
464,18844.747007509923
465,18844.746971928238
466,18844.74711117634
467,18844.74714305529
468,18844.746743571468
469,18844.747104991224
470,18844.74704858049
471,18844.747008418886
472,18844.74703150737
473,18844.747005463094
474,18844.747112403267
475,18844.747027044396
476,18844.74699817443
477,18844.74704045446
478,18844.74704832398
479,18844.747095163693
480,18844.746954345406
481,18844.747153185617
482,18844.746982451623
483,18844.747006447746
484,18844.747021873565
485,18844.747026467325
486,18844.746974900518
487,18844.747006187466
488,18844.74703905825
489,18844.746944290433
490,16468.139266094116
491,16468.13926609411
492,16468.13926609413
493,16468.139266094124
494,16468.139266094127
495,16468.139266094124
496,16468.13926609411
497,16468.13926609413
498,16468.13926609413
499,16468.139257557854
500,16468.139241429493
501,16468.139260274922
502,16468.13926371689
503,16468.139208949215
504,16468.139228368647
505,16468.139260537515
506,16468.13922134972
507,16468.13928324875
508,16468.13929070912
509,16468.13928762043
510,16468.139259588825
511,16468.139374148297
512,16468.139246428495
513,16468.139266636015
514,16468.139217091415
515,16468.13928181996
516,16468.13920684918
517,16468.139211536316
518,16468.139245808547
519,16468.13921866242
520,16468.13926286606
521,16468.139291600957
522,16468.13926813632
523,16468.13921530602
524,16468.139312950978
525,16468.139240046577
526,16468.139392323334
527,16468.139300490853
528,16468.13926369608
529,16468.139237928815
530,16468.13927277196
531,16468.139264539146
532,16468.139255041297
533,16468.13926062738
534,16468.139275588397
535,16468.139235996732
536,16468.139250191954
537,16468.139254236954
538,16468.13935169205
539,15668.503074319753
540,15668.503074319771
541,15668.503074319764
542,15668.503074319768
543,15668.503074319757
544,15668.503074319746
545,15668.50307431976
546,15668.503074319759
547,15668.503074319759
548,15668.50307442392
549,15668.502964810119
550,15668.503058771284
551,15668.503069131219
552,15668.503060843866
553,15668.50304853453
554,15668.50304907358
555,15668.503001267693
556,15668.50305880687
557,15668.503109228433
558,15668.503091268092
559,15668.503069138034
560,15668.503085257305
561,15668.50306872899
562,15668.503065375246
563,15668.503038967056
564,15668.503057794445
565,15668.503095033708
566,15668.502966371769
567,15668.503127373251
568,15668.50300342655
569,15668.503090189832
570,15668.50309235063
571,15668.503075568327
572,15668.503123047532
573,15668.503093007248
574,15668.503058063994
575,15668.503152662814
576,15668.503109557158
577,15668.50307935464
578,15668.503062526746
579,15668.503166205803
580,15668.503060452418
581,15668.50306518295
582,15668.50307753321
583,15668.503084292062
584,15668.503074176804
585,15668.503056414791
586,15668.503064362296
587,15668.503193237231
588,14913.343064803428
589,14913.343064803434
590,14913.343064803415
591,14913.343064803426
592,14913.343064803425
593,14913.343064803415
594,14913.34306480343
595,14913.343064803417
596,14913.343064803428
597,14913.343075686858
598,14913.3430137268
599,14913.343062689373
600,14913.343057478682
601,14913.343078790092
602,14913.343059963026
603,14913.343065972324
604,14913.343070962215
605,14913.343098384417
606,14913.343085802939
607,14913.343068464752
608,14913.343064932918
609,14913.34304311745
610,14913.343069185745
611,14913.343086335093
612,14913.343061061678
613,14913.34302402329
614,14913.34313935901
615,14913.343100416427
616,14913.343002622862
617,14913.343049295145
618,14913.34306138277
619,14913.343070384704
620,14913.343057609849
621,14913.343038293953
622,14913.343090127824
623,14913.343070939787
624,14913.343105796821
625,14913.343090345936
626,14913.343102538005
627,14913.343045324184
628,14913.343049634437
629,14913.343084169393
630,14913.343055449894
631,14913.34305813831
632,14913.343063878296
633,14913.343052546203
634,14913.343059381623
635,14913.343068434435
636,14913.343083164198
637,14470.399870522748
638,14470.399870522728
639,14470.399870522746
640,14470.399870522731
641,14470.399870522731
642,14470.399870522731
643,14470.399870522739
644,14470.399870522742
645,14470.399870522731
646,14470.399880102892
647,14470.399823458953
648,14470.399876287165
649,14470.399866264715
650,14470.399892840313
651,14470.399874819725
652,14470.39987765861
653,14470.399852912098
654,14470.399890285638
655,14470.399887640297
656,14470.399868460489
657,14470.399870235624
658,14470.399881971955
659,14470.399880247816
660,14470.399898700112
661,14470.399870754145
662,14470.39982383074
663,14470.399914122014
664,14470.399865682992
665,14470.399833285443
666,14470.399854519343
667,14470.399860530124
668,14470.399871831687
669,14470.39985896177
670,14470.39985046859
671,14470.399892846994
672,14470.399879625993
673,14470.399901192393
674,14470.399885018478
675,14470.399892476897
676,14470.399901751936
677,14470.399832399253
678,14470.39988804588
679,14470.399863346303
680,14470.39986346851
681,14470.399867951448
682,14470.399867173368
683,14470.399868131059
684,14470.399863237735
685,14470.399909031084
686,13958.228982377037
687,13958.228982377033
688,13958.228982377033
689,13958.22898237703
690,13958.22898237703
691,13958.228982377026
692,13958.228982377024
693,13958.228982377028
694,13958.228982377022
695,13958.229011295387
696,13958.22897360739
697,13958.228974707843
698,13958.228975478649
699,13958.228969624757
700,13958.22900087879
701,13958.228960636448
702,13958.228998802813
703,13958.22902160502
704,13958.228993935085
705,13958.22897425271
706,13958.22898434765
707,13958.228998118388
708,13958.229003679426
709,13958.22902015413
710,13958.228988682524
711,13958.228980586175
712,13958.22898601854
713,13958.22903436186
714,13958.228933762164
715,13958.22901038422
716,13958.228971072851
717,13958.228977278548
718,13958.228966514544
719,13958.228976171173
720,13958.22898548249
721,13958.229002811682
722,13958.228988932462
723,13958.228981523378
724,13958.229038240146
725,13958.228976608607
726,13958.228968302155
727,13958.22901067634
728,13958.228981068021
729,13958.228974076392
730,13958.22897453378
731,13958.22899087102
732,13958.228990758973
733,13958.228975477325
734,13958.228969155916
735,13623.986010940762
736,13623.986010940753
737,13623.986010940747
738,13623.986010940756
739,13623.986010940753
740,13623.98601094077
741,13623.986010940751
742,13623.98601094076
743,13623.98601094076
744,13623.986000078157
745,13623.985980976184
746,13623.986029412587
747,13623.9860105021
748,13623.986011221412
749,13623.985997554082
750,13623.98600236742
751,13623.98595073691
752,13623.986005218387
753,13623.986017187815
754,13623.986008194977
755,13623.986012258629
756,13623.986059058678
757,13623.986021558478
758,13623.98603333047
759,13623.985990885894
760,13623.986016205603
761,13623.985939774837
762,13623.98594866044
763,13623.986051685051
764,13623.985981191927
765,13623.985988024091
766,13623.986008877733
767,13623.986004976856
768,13623.986012174335
769,13623.986018283858
770,13623.986016841909
771,13623.98599948719
772,13623.986005166744
773,13623.986015987188
774,13623.98606254349
775,13623.986004494056
776,13623.986022800495
777,13623.98601101475
778,13623.986009410355
779,13623.986002703803
780,13623.986037885705
781,13623.986008218859
782,13623.985983323508
783,13623.986046878374
784,13430.592099776919
785,13430.592099776912
786,13430.592099776912
787,13430.592099776926
788,13430.592099776919
789,13430.592099776912
790,13430.592099776919
791,13430.592099776923
792,13430.592099776914
793,13430.592079922788
794,13430.592090064083
795,13430.59211618556
796,13430.592097634786
797,13430.592101109327
798,13430.592088197836
799,13430.592088980467
800,13430.592078021858
801,13430.592106858718
802,13430.592100902764
803,13430.592097352457
804,13430.592103586428
805,13430.59211663741
806,13430.592109856389
807,13430.592123585497
808,13430.592081857305
809,13430.592114380115
810,13430.592045590038
811,13430.592098989175
812,13430.592097775656
813,13430.592087674237
814,13430.592076040104
815,13430.592096458853
816,13430.592095695147
817,13430.592080970302
818,13430.59210318307
819,13430.592108760808
820,13430.592079452766
821,13430.592095156304
822,13430.592115731166
823,13430.592112282466
824,13430.59208499151
825,13430.592115570535
826,13430.592099768879
827,13430.592097386569
828,13430.592088173302
829,13430.592124213053
830,13430.59210134732
831,13430.592082377396
832,13430.592104832547
833,13189.060128793699
834,13189.0601287937
835,13189.0601287937
836,13189.060128793706
837,13189.060128793706
838,13189.060128793695
839,13189.0601287937
840,13189.060128793706
841,13189.060128793697
842,13189.06011020017
843,13189.06012648393
844,13189.060133002153
845,13189.060127175306
846,13189.060137891061
847,13189.060131304943
848,13189.0601214241
849,13189.060127660174
850,13189.060132683511
851,13189.060123956377
852,13189.060125534232
853,13189.060136350408
854,13189.060094369976
855,13189.060129435293
856,13189.060144773903
857,13189.060118014784
858,13189.060155430469
859,13189.06012408501
860,13189.060158421677
861,13189.060114475995
862,13189.060143317387
863,13189.060119000898
864,13189.060121577093
865,13189.060126807903
866,13189.060125733473
867,13189.060108937218
868,13189.060141824428
869,13189.060099854769
870,13189.060121300441
871,13189.060161617645
872,13189.060109525795
873,13189.060135105672
874,13189.060142460734
875,13189.060126331975
876,13189.060131219785
877,13189.060114888636
878,13189.060154390883
879,13189.060140555523
880,13189.060125022135
881,13189.060106609299
882,12976.257441729244
883,12976.257441729238
884,12976.257441729242
885,12976.25744172923
886,12976.257441729238
887,12976.257441729229
888,12976.257441729238
889,12976.257441729236
890,12976.257441729236
891,12976.25743690034
892,12976.257457444177
893,12976.257444066752
894,12976.257441096428
895,12976.257442751308
896,12976.257469520884
897,12976.25744448037
898,12976.257449185176
899,12976.25744603171
900,12976.257433206307
901,12976.257440996005
902,12976.257451235817
903,12976.257420749065
904,12976.257432850794
905,12976.257451269046
906,12976.257441390773
907,12976.257469733466
908,12976.25744606719
909,12976.25747344429
910,12976.257420969338
911,12976.257466433104
912,12976.257436460084
913,12976.257433367302
914,12976.257443763816
915,12976.257427868391
916,12976.25741883465
917,12976.25745302426
918,12976.257441267542
919,12976.257424885027
920,12976.257476640758
921,12976.257420327769
922,12976.257457221902
923,12976.257449658753
924,12976.257436327533
925,12976.25744912927
926,12976.25742839437
927,12976.257457267253
928,12976.257453947404
929,12976.257442115524
930,12976.257423924399
931,12586.51557908425
932,12586.515579084275
933,12586.515579084284
934,12586.515579084255
935,12586.515579084258
936,12586.515579084253
937,12586.515579084256
938,12586.515579084264
939,12586.515579084258
940,12586.515579044944
941,12586.515578097458
942,12586.515566226557
943,12586.515580614547
944,12586.51559756747
945,12586.515592029336
946,12586.51556649376
947,12586.515606252906
948,12586.515594014263
949,12586.515575336223
950,12586.515588075732
951,12586.51558736085
952,12586.515515056408
953,12586.515575368478
954,12586.515570493793
955,12586.515562261979
956,12586.515573900251
957,12586.515620177895
958,12586.515620397375
959,12586.515559600663
960,12586.515602154406
961,12586.515588958013
962,12586.515574104007
963,12586.515592084741
964,12586.515588311166
965,12586.515555708356
966,12586.515581397543
967,12586.515591683083
968,12586.51556670196
969,12586.515629800964
970,12586.515544776865
971,12586.51561370072
972,12586.515572031072
973,12586.515568960533
974,12586.515595085977
975,12586.515568782337
976,12586.515584941028
977,12586.51558465777
978,12586.515591134283
979,12586.515558576884
980,12113.341272029944
981,12113.341272029944
982,12113.341272029951
983,12113.341272029946
984,12113.341272029957
985,12113.341272029944
986,12113.341272029942
987,12113.341272029946
988,12113.341272029955
989,12113.341278574851
990,12113.3412986893
991,12113.341254532079
992,12113.34128241348
993,12113.341268753691
994,12113.341316465308
995,12113.341259872997
996,12113.34128602162
997,12113.341290739916
998,12113.341264847553
999,12113.341286702918
1000,12113.341274533048
1001,12113.341255076557
1002,12113.341265666919
1003,12113.341254017305
1004,12113.341274311992
1005,12113.341288666972
1006,12113.341252345626
1007,12113.34129190021
1008,12113.341267664742
1009,12113.341307088005
1010,12113.341280286835
1011,12113.34126979583
1012,12113.341287361602
1013,12113.34127465634
1014,12113.341251583033
1015,12113.341263818977
1016,12113.34130986671
1017,12113.341268720504
1018,12113.341313566823
1019,12113.341245533764
1020,12113.341317367816
1021,12113.341255920002
1022,12113.34126123626
1023,12113.341297798113
1024,12113.34127246624
1025,12113.34126715837
1026,12113.34127354833
1027,12113.341280530367
1028,12113.341274850956
1029,11809.876952251949
1030,11809.87695225196
1031,11809.87695225196
1032,11809.876952251961
1033,11809.876952251952
1034,11809.876952251954
1035,11809.876952251952
1036,11809.876952251945
1037,11809.876952251949
1038,11809.876926795603
1039,11809.877019315325
1040,11809.876968254408
1041,11809.87697144623
1042,11809.87698040144
1043,11809.877009518783
1044,11809.877011194932
1045,11809.876974387726
1046,11809.876956383241
1047,11809.876930014128
1048,11809.876961093829
1049,11809.87694629368
1050,11809.87698468631
1051,11809.876923422566
1052,11809.876948453795
1053,11809.876965044938
1054,11809.876984624858
1055,11809.877042382568
1056,11809.877000957531
1057,11809.876877908611
1058,11809.87698798393
1059,11809.876939986892
1060,11809.876952798586
1061,11809.876954868745
1062,11809.87688843798
1063,11809.876949221994
1064,11809.876939263553
1065,11809.876974473342
1066,11809.876962665721
1067,11809.876931056546
1068,11809.876931069844
1069,11809.876915211305
1070,11809.876914557603
1071,11809.876942877065
1072,11809.87697359611
1073,11809.876962883367
1074,11809.876946944456
1075,11809.876962321445
1076,11809.876974075867
1077,11809.87695078019
1078,11257.171150362372
1079,11257.171150362366
1080,11257.171150362374
1081,11257.171150362366
1082,11257.171150362363
1083,11257.17115036237
1084,11257.171150362368
1085,11257.171150362377
1086,11257.17115036237
1087,11257.171159678206
1088,11257.171149122576
1089,11257.171158814437
1090,11257.171169605579
1091,11257.171156225959
1092,11257.17117546317
1093,11257.17116773693
1094,11257.171110519965
1095,11257.17115483718
1096,11257.171148328782
1097,11257.17116227549
1098,11257.171140393917
1099,11257.171194316768
1100,11257.171148859969
1101,11257.171138498206
1102,11257.171150519103
1103,11257.171196402462
1104,11257.17111756356
1105,11257.171117860602
1106,11257.171183978324
1107,11257.171136500941
1108,11257.171134072843
1109,11257.171156900205
1110,11257.171154236521
1111,11257.171148373203
1112,11257.171163385432
1113,11257.171132097994
1114,11257.171160798349
1115,11257.171172178692
1116,11257.171153577252
1117,11257.171142380976
1118,11257.171165879114
1119,11257.17113139167
1120,11257.171146502471
1121,11257.1711713885
1122,11257.171168165742
1123,11257.17116097454
1124,11257.171141727582
1125,11257.171162964758
1126,11257.17118517021
1127,10752.593591298124
1128,10752.593591298128
1129,10752.593591298111
1130,10752.59359129811
1131,10752.59359129811
1132,10752.593591298117
1133,10752.59359129812
1134,10752.593591298119
1135,10752.593591298128
1136,10752.593606709752
1137,10752.593566516123
1138,10752.593580132892
1139,10752.593610489163
1140,10752.593609805514
1141,10752.593606093385
1142,10752.593576308343
1143,10752.593554214604
1144,10752.593598369607
1145,10752.593584570968
1146,10752.593595225939
1147,10752.593583733717
1148,10752.593613069303
1149,10752.593601079929
1150,10752.59357595434
1151,10752.593594022837
1152,10752.59364226908
1153,10752.593574836836
1154,10752.593583288213
1155,10752.59363301146
1156,10752.593636468448
1157,10752.593590077535
1158,10752.59359262791
1159,10752.593592568486
1160,10752.593656899528
1161,10752.593572507281
1162,10752.593577823334
1163,10752.593562076518
1164,10752.593612592656
1165,10752.59361772951
1166,10752.593587996627
1167,10752.593593909542
1168,10752.59358257161
1169,10752.593587590123
1170,10752.593608760062
1171,10752.59360565067
1172,10752.593612516406
1173,10752.59359385283
1174,10752.593604090653
1175,10752.593610654725
1176,10393.81000807433
1177,10393.81000807433
1178,10393.81000807433
1179,10393.810008074337
1180,10393.810008074332
1181,10393.81000807433
1182,10393.810008074332
1183,10393.810008074335
1184,10393.810008074335
1185,10393.810018017522
1186,10393.810099868242
1187,10393.81000361246
1188,10393.810020481862
1189,10393.80995832687
1190,10393.810025794197
1191,10393.809921384352
1192,10393.810169100096
1193,10393.810061113654
1194,10393.809991294089
1195,10393.810007866949
1196,10393.810011321011
1197,10393.81006133918
1198,10393.810074399527
1199,10393.810011350763
1200,10393.810044738952
1201,10393.810067477183
1202,10393.809962286407
1203,10393.810272480943
1204,10393.809789237132
1205,10393.810070838834
1206,10393.80999164355
1207,10393.810006154057
1208,10393.810018150843
1209,10393.809945330282
1210,10393.8100102122
1211,10393.810002884551
1212,10393.810013796068
1213,10393.810046715438
1214,10393.809989516783
1215,10393.809885353132
1216,10393.80993823578
1217,10393.810008143011
1218,10393.810009674748
1219,10393.810007161055
1220,10393.810005454994
1221,10393.810010757765
1222,10393.810011476475
1223,10393.81002801866
1224,10393.810015202658
1225,9790.154756517646
1226,9790.154756517644
1227,9790.154756517639
1228,9790.154756517642
1229,9790.154756517642
1230,9790.154756517639
1231,9790.154756517637
1232,9790.15475651765
1233,9790.154756517642
1234,9790.15473167484
1235,9790.154755178455
1236,9790.154764360206
1237,9790.154762224409
1238,9790.154799222553
1239,9790.15474860546
1240,9790.154698878781
1241,9790.154832068365
1242,9790.154778725297
1243,9790.154742745603
1244,9790.15475579106
1245,9790.154762508699
1246,9790.154745623038
1247,9790.154796729337
1248,9790.154757161663
1249,9790.154766007126
1250,9790.154764048153
1251,9790.154767994
1252,9790.154889755631
1253,9790.154651434916
1254,9790.154799764367
1255,9790.154747417124
1256,9790.154751060913
1257,9790.154766873817
1258,9790.154747591048
1259,9790.15474620338
1260,9790.154753959934
1261,9790.15472862124
1262,9790.154782198108
1263,9790.15474945166
1264,9790.15472410533
1265,9790.154697846257
1266,9790.154751101963
1267,9790.15475398173
1268,9790.154756889546
1269,9790.154751369953
1270,9790.154768543036
1271,9790.154762390855
1272,9790.154771490845
1273,9790.15476783397
1274,9394.798960703705
1275,9394.798960703696
1276,9394.798960703696
1277,9394.798960703705
1278,9394.798960703709
1279,9394.798960703702
1280,9394.798960703696
1281,9394.798960703702
1282,9394.798960703705
1283,9394.798958797244
1284,9394.79886393582
1285,9394.798980011215
1286,9394.798967684394
1287,9394.799013713226
1288,9394.79894720982
1289,9394.798970873018
1290,9394.798894626547
1291,9394.798961871906
1292,9394.798959190633
1293,9394.798964478403
1294,9394.798966625096
1295,9394.798886712655
1296,9394.798938343047
1297,9394.798950824654
1298,9394.798970193335
1299,9394.798973322864
1300,9394.798978653207
1301,9394.798921645903
1302,9394.799051522059
1303,9394.798942878428
1304,9394.798947014668
1305,9394.798955026155
1306,9394.798976314716
1307,9394.79900922367
1308,9394.79896245244
1309,9394.798954207938
1310,9394.798911270293
1311,9394.798985533987
1312,9394.798969075166
1313,9394.798964886933
1314,9394.798997653166
1315,9394.798957381114
1316,9394.798958433494
1317,9394.798967857174
1318,9394.798960580285
1319,9394.79897117194
1320,9394.798955449949
1321,9394.798965986258
1322,9394.798992046593
1323,9333.023712121461
1324,9333.023712121461
1325,9333.023712121465
1326,9333.023712121465
1327,9333.023712121469
1328,9333.023712121463
1329,9333.023712121469
1330,9333.023712121461
1331,9333.023712121461
1332,9333.023668398591
1333,9333.023652540374
1334,9333.023722834547
1335,9333.023711261169
1336,9333.023768265273
1337,9333.023701470769
1338,9333.023650709847
1339,9333.023739985298
1340,9333.023735983674
1341,9333.023703952214
1342,9333.023717283762
1343,9333.023728027672
1344,9333.023600751832
1345,9333.023745605424
1346,9333.023706786556
1347,9333.023725760986
1348,9333.023689379286
1349,9333.023727936456
1350,9333.023776537644
1351,9333.023702238968
1352,9333.023713565924
1353,9333.023704709713
1354,9333.02370252122
1355,9333.023734202432
1356,9333.023731848281
1357,9333.023703788385
1358,9333.023711136579
1359,9333.023706884424
1360,9333.02374133039
1361,9333.023682534986
1362,9333.023705925274
1363,9333.023721040112
1364,9333.023707298364
1365,9333.023707395783
1366,9333.023711812655
1367,9333.023700550219
1368,9333.023683616912
1369,9333.023711373806
1370,9333.023715717813
1371,9333.023706877926
1372,9264.770038764154
1373,9264.770038764165
1374,9264.770038764156
1375,9264.77003876415
1376,9264.770038764162
1377,9264.77003876416
1378,9264.770038764153
1379,9264.770038764162
1380,9264.770038764156
1381,9264.770020086658
1382,9264.769962530554
1383,9264.770055053665
1384,9264.770042340962
1385,9264.770091284547
1386,9264.770028688665
1387,9264.77002143905
1388,9264.770016864555
1389,9264.770050226683
1390,9264.770034736308
1391,9264.770042983473
1392,9264.770049363848
1393,9264.76995275547
1394,9264.770037750626
1395,9264.770031251895
1396,9264.7700506859
1397,9264.770034926543
1398,9264.770057546071
1399,9264.770048759363
1400,9264.77008056679
1401,9264.770029325708
1402,9264.770027573508
1403,9264.770031144983
1404,9264.770057380701
1405,9264.770069934613
1406,9264.770037649721
1407,9264.770034899208
1408,9264.770009594764
1409,9264.77006474705
1410,9264.77003049804
1411,9264.770034936957
1412,9264.770063425032
1413,9264.770035804631
1414,9264.77003555181
1415,9264.770042358234
1416,9264.77003335221
1417,9264.770033104203
1418,9264.770035242193
1419,9264.770043750954
1420,9264.770056243724
1421,9068.615897060898
1422,9068.615897060898
1423,9068.615897060892
1424,9068.615897060892
1425,9068.615897060898
1426,9068.615897060894
1427,9068.615897060898
1428,9068.615897060903
1429,9068.615897060896
1430,9068.61589737873
1431,9068.615904461756
1432,9068.615945703374
1433,9068.615894722141
1434,9068.615896793039
1435,9068.61590974422
1436,9068.615918827401
1437,9068.615928348023
1438,9068.615900799465
1439,9068.615895941202
1440,9068.615902712263
1441,9068.615913451838
1442,9068.615881265037
1443,9068.61588612239
1444,9068.615908510092
1445,9068.615907505291
1446,9068.61590709
1447,9068.615911589057
1448,9068.615960349436
1449,9068.615852158973
1450,9068.61586560102
1451,9068.61586583438
1452,9068.61588785774
1453,9068.615917965724
1454,9068.615833458673
1455,9068.615939237146
1456,9068.615897584265
1457,9068.615908973785
1458,9068.615920590699
1459,9068.615857168403
1460,9068.615855766973
1461,9068.61589448402
1462,9068.615893117338
1463,9068.615897202682
1464,9068.61589392614
1465,9068.615884620107
1466,9068.615885280326
1467,9068.615888188795
1468,9068.615905677681
1469,9068.615905799621
1470,8870.047753591502
1471,8870.047753591502
1472,8870.047753591498
1473,8870.047753591503
1474,8870.047753591509
1475,8870.047753591503
1476,8870.047753591507
1477,8870.047753591507
1478,8870.047753591509
1479,8870.047735600328
1480,8870.04776137446
1481,8870.04778604563
1482,8870.047750175043
1483,8870.047756423915
1484,8870.047764142622
1485,8870.047742502707
1486,8870.047783686381
1487,8870.04776101271
1488,8870.047748748448
1489,8870.04775767171
1490,8870.047770932699
1491,8870.047747918949
1492,8870.047761392274
1493,8870.047762416916
1494,8870.047759100491
1495,8870.04775201267
1496,8870.047749781264
1497,8870.047804176085
1498,8870.047720481589
1499,8870.047745075475
1500,8870.047734696935
1501,8870.047743058643
1502,8870.047773183955
1503,8870.047716980629
1504,8870.0477703403
1505,8870.047755528163
1506,8870.047785284663
1507,8870.04777159517
1508,8870.0477180522
1509,8870.047745108724
1510,8870.047750070997
1511,8870.047748440327
1512,8870.047752142273
1513,8870.047750484722
1514,8870.047739651473
1515,8870.047739987496
1516,8870.047750822077
1517,8870.047762843462
1518,8870.047760697349
1519,8562.974266022899
1520,8562.974266022906
1521,8562.97426602291
1522,8562.974266022902
1523,8562.974266022906
1524,8562.974266022902
1525,8562.974266022902
1526,8562.974266022895
1527,8562.974266022899
1528,8562.974258155786
1529,8562.974262052301
1530,8562.97427476837
1531,8562.974268550399
1532,8562.974254371653
1533,8562.97428397299
1534,8562.974243887613
1535,8562.974264880671
1536,8562.974276311734
1537,8562.974253637554
1538,8562.974266799256
1539,8562.97427983139
1540,8562.974266564424
1541,8562.974267638385
1542,8562.974264286991
1543,8562.974275405491
1544,8562.974267642014
1545,8562.97425396551
1546,8562.974287832492
1547,8562.974279342483
1548,8562.974275228662
1549,8562.974264383329
1550,8562.974255602578
1551,8562.974282227839
1552,8562.97427327487
1553,8562.974246787711
1554,8562.974265865734
1555,8562.974301787532
1556,8562.974282735806
1557,8562.974247888078
1558,8562.97427513686
1559,8562.97428460772
1560,8562.974265554352
1561,8562.974263144592
1562,8562.974267218928
1563,8562.974255950112
1564,8562.974260110499
1565,8562.974272155467
1566,8562.974272283549
1567,8562.974280605004
1568,8150.179828327495
1569,8150.17982832748
1570,8150.179828327482
1571,8150.179828327489
1572,8150.179828327485
1573,8150.179828327493
1574,8150.179828327487
1575,8150.179828327491
1576,8150.179828327489
1577,8150.179816015399
1578,8150.179772418852
1579,8150.179833898693
1580,8150.179827386163
1581,8150.179844151994
1582,8150.179860234239
1583,8150.1798296604575
1584,8150.179772255768
1585,8150.179827661175
1586,8150.179809958462
1587,8150.179825056412
1588,8150.179837202597
1589,8150.179830242159
1590,8150.1797783112315
1591,8150.179818884105
1592,8150.179824467486
1593,8150.179807756638
1594,8150.1798197981625
1595,8150.179755129563
1596,8150.17990033673
1597,8150.17984414904
1598,8150.179845021721
1599,8150.179818189414
1600,8150.179840378111
1601,8150.179863617733
1602,8150.179784058731
1603,8150.179826573929
1604,8150.179855858205
1605,8150.179828511571
1606,8150.179835135396
1607,8150.179950105148
1608,8150.17983971085
1609,8150.179831805266
1610,8150.179819083131
1611,8150.179831603915
1612,8150.1798218748545
1613,8150.179836319206
1614,8150.179843722596
1615,8150.179825548726
1616,8150.179836442012
1617,22499.445280121232
1618,22499.445280121257
1619,22499.445280121257
1620,22499.44528012127
1621,22499.44528012127
1622,22499.44528012126
1623,22499.445280121217
1624,22499.445280121214
1625,22499.445280121232
1626,22499.44536236775
1627,22499.4447104449
1628,22499.445216399876
1629,22499.44543888573
1630,22499.445122083984
1631,22499.44559554939
1632,22499.445114311693
1633,22499.444869152027
1634,22499.445362991228
1635,22499.445224522355
1636,22499.445222539835
1637,22499.44523756002
1638,22499.445528864737
1639,22499.445479014532
1640,22499.445182769858
1641,22499.445406430805
1642,22499.444945190473
1643,22499.445154568453
1644,22499.444209483107
1645,22499.44600255285
1646,22499.445291322638
1647,22499.44534019149
1648,22499.445300754753
1649,22499.44527143714
1650,22499.44562552977
1651,22499.445163452838
1652,22499.44523364276
1653,22499.445050688384
1654,22499.445000197655
1655,22499.445304140485
1656,22499.446592877743
1657,22499.445166478716
1658,22499.445329734943
1659,22499.445251104975
1660,22499.445316542126
1661,22499.445311442858
1662,22499.445390528865
1663,22499.44531482789
1664,22499.44508698091
1665,22499.445236054038
1666,8115.555733322449
1667,8115.555733322456
1668,8115.5557333224615
1669,8115.555733322451
1670,8115.555733322451
1671,8115.555733322458
1672,8115.555733322453
1673,8115.555733322451
1674,8115.555733322449
1675,8115.555722655393
1676,8115.55567390638
1677,8115.555738584782
1678,8115.555732734931
1679,8115.555750343147
1680,8115.5557675078535
1681,8115.555736454174
1682,8115.555674326264
1683,8115.555732412055
1684,8115.5557145480925
1685,8115.555729784693
1686,8115.555741661604
1687,8115.555734708309
1688,8115.555679267143
1689,8115.555723000146
1690,8115.555729926645
1691,8115.555710841355
1692,8115.555724345335
1693,8115.5556546110265
1694,8115.555808318874
1695,8115.55574932962
1696,8115.55575127512
1697,8115.555723309226
1698,8115.555745115355
1699,8115.555770318047
1700,8115.555687790763
1701,8115.555731262756
1702,8115.555759093135
1703,8115.555732783155
1704,8115.555742073419
1705,8115.55586310812
1706,8115.555743443284
1707,8115.555737353796
1708,8115.555723553074
1709,8115.5557369578755
1710,8115.555727411647
1711,8115.555742070425
1712,8115.555749153458
1713,8115.555729565297
1714,8115.555741078362
1715,8044.030885818379
1716,8044.030885818377
1717,8044.030885818375
1718,8044.03088581838
1719,8044.030885818374
1720,8044.03088581838
1721,8044.030885818384
1722,8044.030885818381
1723,8044.030885818373
1724,8044.030883664225
1725,8044.0307896478225
1726,8044.030885143588
1727,8044.0308919062745
1728,8044.030888959615
1729,8044.030939577926
1730,8044.030883318224
1731,8044.0307985356985
1732,8044.030889318502
1733,8044.030864304529
1734,8044.030879603281
1735,8044.030889032066
1736,8044.030895997401
1737,8044.030833185921
1738,8044.030868481597
1739,8044.030890705256
1740,8044.030851665369
1741,8044.030868108591
1742,8044.030739880466
1743,8044.031006521191
1744,8044.030901876113
1745,8044.030911248252
1746,8044.030877417646
1747,8044.030895966365
1748,8044.030941713948
1749,8044.030832389329
1750,8044.030880795484
1751,8044.030894456701
1752,8044.030859107904
1753,8044.030901032242
1754,8044.031090852839
1755,8044.030886955802
1756,8044.0308940012865
1757,8044.030872694789
1758,8044.030893519247
1759,8044.030883251298
1760,8044.030900942146
1761,8044.030904066678
1762,8044.030863262352
1763,8044.030879484658
1764,7610.393658584777
1765,7610.393658584772
1766,7610.393658584779
1767,7610.393658584774
1768,7610.393658584776
1769,7610.3936585847805
1770,7610.393658584765
1771,7610.393658584777
1772,7610.393658584774
1773,7610.393718547031
1774,7610.393650447862
1775,7610.3936580364725
1776,7610.39367615976
1777,7610.3936572644525
1778,7610.393724394853
1779,7610.3937081853
1780,7610.393614186018
1781,7610.393649017184
1782,7610.39364779663
1783,7610.39364639903
1784,7610.393648747589
1785,7610.393631164321
1786,7610.393565225916
1787,7610.393635780189
1788,7610.393680592269
1789,7610.393636163753
1790,7610.393656175102
1791,7610.393607379642
1792,7610.393705733266
1793,7610.393668606286
1794,7610.393681793144
1795,7610.393660194158
1796,7610.393663591666
1797,7610.393677433549
1798,7610.393629509826
1799,7610.393645680793
1800,7610.393630714433
1801,7610.393667885106
1802,7610.393693736657
1803,7610.393719712146
1804,7610.393678362157
1805,7610.393670549778
1806,7610.393645404135
1807,7610.393663728579
1808,7610.393667061565
1809,7610.393687257833
1810,7610.393671342147
1811,7610.39363454541
1812,7610.393680287585
1813,7209.693187703042
1814,7209.693187703052
1815,7209.693187703067
1816,7209.693187703064
1817,7209.693187703064
1818,7209.693187703053
1819,7209.693187703058
1820,7209.693187703053
1821,7209.693187703052
1822,7209.693213042493
1823,7209.693200654405
1824,7209.693192898847
1825,7209.693191628158
1826,7209.693156359003
1827,7209.693234684217
1828,7209.693208987975
1829,7209.693195979216
1830,7209.6931843675075
1831,7209.69318426906
1832,7209.693182528564
1833,7209.693186743685
1834,7209.693181671539
1835,7209.693142544538
1836,7209.693178759421
1837,7209.693199862841
1838,7209.693174198839
1839,7209.693207216528
1840,7209.693203549502
1841,7209.693170364596
1842,7209.693191088196
1843,7209.693202805794
1844,7209.693185070869
1845,7209.6931991527645
1846,7209.693168702345
1847,7209.693185086254
1848,7209.6931806334105
1849,7209.693191044915
1850,7209.693174040954
1851,7209.6931726587945
1852,7209.693204423714
1853,7209.6931854191325
1854,7209.6931873506865
1855,7209.693174739826
1856,7209.693190044923
1857,7209.6931864197995
1858,7209.693192641345
1859,7209.693193925548
1860,7209.693166403885
1861,7209.69316337352
1862,6940.786250810428
1863,6940.786250810434
1864,6940.786250810431
1865,6940.78625081043
1866,6940.7862508104245
1867,6940.786250810429
1868,6940.786250810434
1869,6940.786250810424
1870,6940.786250810422
1871,6940.786248650017
1872,6940.786266085678
1873,6940.786265195857
1874,6940.786239740674
1875,6940.786253439276
1876,6940.786274967099
1877,6940.786270293452
1878,6940.786272104136
1879,6940.786242874357
1880,6940.7862536872335
1881,6940.786249310697
1882,6940.786257918252
1883,6940.78626096296
1884,6940.786207741514
1885,6940.786254556049
1886,6940.786238312524
1887,6940.786249339668
1888,6940.786280622651
1889,6940.786294268959
1890,6940.786197231442
1891,6940.786256173209
1892,6940.786262125222
1893,6940.78624412216
1894,6940.786263741855
1895,6940.786224190339
1896,6940.78626014152
1897,6940.786249536948
1898,6940.786279807368
1899,6940.786254217311
1900,6940.786233052159
1901,6940.786253317882
1902,6940.786232205634
1903,6940.786239910728
1904,6940.7862374099695
1905,6940.786246142126
1906,6940.786243513198
1907,6940.786250901593
1908,6940.786254916636
1909,6940.786253418233
1910,6940.786233716072
1911,7001.624421432891
1912,7001.624421432891
1913,7001.624421432891
1914,7001.624421432896
1915,7001.624421432896
1916,7001.624421432887
1917,7001.624421432891
1918,7001.624421432885
1919,7001.624421432892
1920,7001.624378670982
1921,7001.624405696957
1922,7001.624395703565
1923,7001.624430536065
1924,7001.624367679414
1925,7001.624415731422
1926,7001.624305156107
1927,7001.62436058958
1928,7001.624447641423
1929,7001.624431947264
1930,7001.624405301313
1931,7001.624405553825
1932,7001.624430768853
1933,7001.6245734950735
1934,7001.624414355768
1935,7001.624395751942
1936,7001.624437554092
1937,7001.62443761904
1938,7001.624220910684
1939,7001.62459704528
1940,7001.624436006246
1941,7001.624445850203
1942,7001.62442879635
1943,7001.624420850207
1944,7001.624503636245
1945,7001.6244144844995
1946,7001.624412318936
1947,7001.624443945056
1948,7001.624345192298
1949,7001.624463416742
1950,7001.624556151872
1951,7001.624417509876
1952,7001.624404934428
1953,7001.624397248113
1954,7001.624420255252
1955,7001.624426033394
1956,7001.624430530715
1957,7001.624429960525
1958,7001.62439750049
1959,7001.624392783307
1960,6734.816623877442
1961,6734.816623877433
1962,6734.816623877437
1963,6734.8166238774365
1964,6734.81662387744
1965,6734.816623877436
1966,6734.816623877437
1967,6734.816623877445
1968,6734.816623877442
1969,6734.816605089892
1970,6734.816620524595
1971,6734.816624467157
1972,6734.8166196660295
1973,6734.816609644041
1974,6734.816639698421
1975,6734.816598526626
1976,6734.816609340332
1977,6734.816627533229
1978,6734.816630541907
1979,6734.8166171772245
1980,6734.816621871954
1981,6734.81663767557
1982,6734.816648553676
1983,6734.816623327336
1984,6734.816604100956
1985,6734.816629629291
1986,6734.816643949339
1987,6734.816568493693
1988,6734.816658411292
1989,6734.816632702129
1990,6734.816640554504
1991,6734.8166227086895
1992,6734.8166320204955
1993,6734.816639337072
1994,6734.816628100837
1995,6734.816619431232
1996,6734.816652017176
1997,6734.816594268526
1998,6734.8166287062495
1999,6734.816679964853
2000,6734.816611393024
2001,6734.816610209582
2002,6734.816606048255
2003,6734.816620350662
2004,6734.816621267622
2005,6734.816627639111
2006,6734.816629155302
2007,6734.816615719435
2008,6734.816604426503
2009,6606.805658960887
2010,6606.80565896089
2011,6606.805658960885
2012,6606.805658960883
2013,6606.80565896088
2014,6606.80565896088
2015,6606.80565896088
2016,6606.805658960885
2017,6606.805658960887
2018,6606.805650070368
2019,6606.805648490879
2020,6606.80565175134
2021,6606.805660040388
2022,6606.805658237092
2023,6606.80566457536
2024,6606.805624177975
2025,6606.805644212366
2026,6606.805666560287
2027,6606.805664529415
2028,6606.805649879035
2029,6606.8056540907155
2030,6606.805641873758
2031,6606.805688271809
2032,6606.805654991423
2033,6606.805643895157
2034,6606.805665162515
2035,6606.805680654078
2036,6606.805612074492
2037,6606.805697865223
2038,6606.805670285257
2039,6606.805675673182
2040,6606.805659841486
2041,6606.8056641884
2042,6606.805694772625
2043,6606.8056558010285
2044,6606.805652971486
2045,6606.805675931749
2046,6606.805642691151
2047,6606.805674573465
2048,6606.805700863885
2049,6606.8056530161575
2050,6606.805647093992
2051,6606.805642745117
2052,6606.805654929985
2053,6606.80566017427
2054,6606.805658506544
2055,6606.805664853743
2056,6606.8056522310235
2057,6606.805654036753
2058,6454.520270576239
2059,6454.520270576245
2060,6454.52027057624
2061,6454.520270576241
2062,6454.520270576241
2063,6454.52027057624
2064,6454.520270576244
2065,6454.520270576245
2066,6454.520270576241
2067,6454.520272664928
2068,6454.520254856813
2069,6454.520262459509
2070,6454.520276899328
2071,6454.520273745351
2072,6454.520270872639
2073,6454.520237558803
2074,6454.520275514153
2075,6454.520278039588
2076,6454.520271457195
2077,6454.520261668721
2078,6454.5202673979575
2079,6454.520254399297
2080,6454.520288378348
2081,6454.52026767333
2082,6454.520264085456
2083,6454.520273905558
2084,6454.5202807925225
2085,6454.52028209341
2086,6454.520270492435
2087,6454.5202838674995
2088,6454.520280400011
2089,6454.520270053778
2090,6454.52027608803
2091,6454.520292273951
2092,6454.520265694807
2093,6454.520265066525
2094,6454.520268172153
2095,6454.520262807454
2096,6454.52027900902
2097,6454.52026473348
2098,6454.520263822395
2099,6454.520260334903
2100,6454.520260913014
2101,6454.5202681384
2102,6454.520271553663
2103,6454.520258578809
2104,6454.520275602353
2105,6454.520262033081
2106,6454.520272098724
2107,6370.878467713345
2108,6370.87846771335
2109,6370.878467713343
2110,6370.8784677133435
2111,6370.8784677133435
2112,6370.87846771334
2113,6370.8784677133435
2114,6370.878467713343
2115,6370.878467713342
2116,6370.878484679318
2117,6370.878446984768
2118,6370.878469053116
2119,6370.878476329847
2120,6370.878474974584
2121,6370.878481485372
2122,6370.87847696843
2123,6370.878449227886
2124,6370.87846510484
2125,6370.87847130086
2126,6370.878460615566
2127,6370.878463898072
2128,6370.878444014574
2129,6370.87845714754
2130,6370.878463669222
2131,6370.878464044288
2132,6370.878470087817
2133,6370.878466957725
2134,6370.878446899943
2135,6370.878497202641
2136,6370.878468153794
2137,6370.878472026593
2138,6370.878468463503
2139,6370.878476082977
2140,6370.878477746877
2141,6370.878477833628
2142,6370.878460865733
2143,6370.878453785369
2144,6370.878464057743
2145,6370.878482429221
2146,6370.878457557689
2147,6370.878469689522
2148,6370.87845857249
2149,6370.878460394189
2150,6370.8784660249785
2151,6370.878469967728
2152,6370.878446294332
2153,6370.878468292116
2154,6370.87845756409
2155,6370.878480132804
2156,6265.660461459497
2157,6265.660461459498
2158,6265.660461459493
2159,6265.660461459497
2160,6265.660461459496
2161,6265.66046145949
2162,6265.660461459496
2163,6265.6604614594935
2164,6265.660461459494
2165,6265.660477252349
2166,6265.660461668402
2167,6265.660460965843
2168,6265.660471870444
2169,6265.660458590576
2170,6265.660469639977
2171,6265.660443269936
2172,6265.6604765151915
2173,6265.660463024018
2174,6265.660459459995
2175,6265.660453367887
2176,6265.660459920074
2177,6265.660467323096
2178,6265.660473570372
2179,6265.660463592167
2180,6265.6604603292335
2181,6265.6604610150425
2182,6265.6604568593175
2183,6265.660492050011
2184,6265.660442179389
2185,6265.660469735224
2186,6265.6604623819285
2187,6265.660460008556
2188,6265.660469416676
2189,6265.660447261476
2190,6265.660470188855
2191,6265.660456820854
2192,6265.6604367564905
2193,6265.660454005188
2194,6265.660461752359
2195,6265.660423561045
2196,6265.660446642908
2197,6265.660449378429
2198,6265.660457658062
2199,6265.660460192472
2200,6265.660459359276
2201,6265.660441172195
2202,6265.660463801375
2203,6265.660444913768
2204,6265.66045959174
2205,6157.658972607767
2206,6157.658972607767
2207,6157.658972607774
2208,6157.6589726077755
2209,6157.658972607773
2210,6157.658972607765
2211,6157.658972607771
2212,6157.658972607768
2213,6157.658972607769
2214,6157.658986495698
2215,6157.65897870165
2216,6157.658980193298
2217,6157.658979798725
2218,6157.658976450694
2219,6157.658986880402
2220,6157.658974982946
2221,6157.658979999722
2222,6157.65896816741
2223,6157.65897044743
2224,6157.658965791239
2225,6157.658973969476
2226,6157.658980237169
2227,6157.658967836079
2228,6157.658978247103
2229,6157.658969216208
2230,6157.658971270923
2231,6157.6589643525795
2232,6157.65899192327
2233,6157.658957898962
2234,6157.658975164378
2235,6157.658970846407
2236,6157.658969016109
2237,6157.658982301662
2238,6157.658945740002
2239,6157.658987659222
2240,6157.658969278136
2241,6157.658950076258
2242,6157.658972893791
2243,6157.658973519806
2244,6157.658937365832
2245,6157.658958751589
2246,6157.658960947877
2247,6157.658970507118
2248,6157.6589700111335
2249,6157.6589675559735
2250,6157.658953601814
2251,6157.658974268303
2252,6157.658954383106
2253,6157.658974593601
2254,6304.991426514763
2255,6304.991426514755
2256,6304.991426514758
2257,6304.991426514761
2258,6304.991426514757
2259,6304.991426514759
2260,6304.991426514764
2261,6304.991426514757
2262,6304.99142651476
2263,6304.991422827446
2264,6304.991365605265
2265,6304.991364282482
2266,6304.991440598631
2267,6304.991457661297
2268,6304.9912746931905
2269,6304.991211869035
2270,6304.991371581758
2271,6304.991443390595
2272,6304.991421617953
2273,6304.991394975279
2274,6304.991408336785
2275,6304.991320053108
2276,6304.991578709456
2277,6304.9914312539695
2278,6304.991437298482
2279,6304.991444052933
2280,6304.991402670204
2281,6304.991359065243
2282,6304.991509665116
2283,6304.991441544477
2284,6304.991432690999
2285,6304.991432738387
2286,6304.991395423066
2287,6304.991521956809
2288,6304.991362944855
2289,6304.991426611102
2290,6304.991366927329
2291,6304.99144010975
2292,6304.991484752381
2293,6304.991448039699
2294,6304.991452104391
2295,6304.991434690119
2296,6304.991431270994
2297,6304.99141564932
2298,6304.991439024452
2299,6304.991444553087
2300,6304.991442316751
2301,6304.991439611449
2302,6304.991461880829
2303,6024.987472601976
2304,6024.987472601978
2305,6024.9874726019825
2306,6024.9874726019825
2307,6024.987472601977
2308,6024.987472601982
2309,6024.987472601979
2310,6024.987472601977
2311,6024.987472601975
2312,6024.987481457037
2313,6024.987463803208
2314,6024.987465813993
2315,6024.987482452639
2316,6024.987487493884
2317,6024.987452437142
2318,6024.987431623285
2319,6024.987456614224
2320,6024.987472446419
2321,6024.987469107515
2322,6024.987458901963
2323,6024.987469074931
2324,6024.9874457182095
2325,6024.987499183736
2326,6024.98747802955
2327,6024.987471620053
2328,6024.987475971206
2329,6024.98746144158
2330,6024.9874566371545
2331,6024.987497673577
2332,6024.987477928505
2333,6024.987472220424
2334,6024.987471265902
2335,6024.987472431564
2336,6024.987478791024
2337,6024.987468655171
2338,6024.987469770139
2339,6024.987439121184
2340,6024.987480653284
2341,6024.987492817895
2342,6024.987457845035
2343,6024.987471420145
2344,6024.987466452477
2345,6024.987473016525
2346,6024.987467671857
2347,6024.987471235227
2348,6024.987463583983
2349,6024.987477846145
2350,6024.987457245576
2351,6024.987486611065
2352,6048.2604684311555
2353,6048.260468431158
2354,6048.260468431158
2355,6048.260468431164
2356,6048.260468431164
2357,6048.260468431157
2358,6048.260468431156
2359,6048.260468431161
2360,6048.26046843116
2361,6048.2605178097965
2362,6048.260439679313
2363,6048.260473046649
2364,6048.260473012276
2365,6048.260487353231
2366,6048.260463741059
2367,6048.260530046043
2368,6048.260418348991
2369,6048.260443666968
2370,6048.260466541999
2371,6048.260447029282
2372,6048.260450963904
2373,6048.260441754656
2374,6048.260375615557
2375,6048.260469575621
2376,6048.260481881026
2377,6048.260479400795
2378,6048.2604327142535
2379,6048.260440124419
2380,6048.26049843209
2381,6048.260440940396
2382,6048.260469235862
2383,6048.260479902307
2384,6048.260452757167
2385,6048.260437570659
2386,6048.260468347795
2387,6048.260463224285
2388,6048.260414518963
2389,6048.260478965708
2390,6048.260495020816
2391,6048.2604585585705
2392,6048.260506564819
2393,6048.260487788194
2394,6048.260475201753
2395,6048.260457458584
2396,6048.260481257063
2397,6048.260495707623
2398,6048.2604738443615
2399,6048.260469201302
2400,6048.260492808877
2401,5896.229983398104
2402,5896.229983398096
2403,5896.229983398103
2404,5896.229983398098
2405,5896.2299833981
2406,5896.229983398104
2407,5896.229983398102
2408,5896.2299833981
2409,5896.229983398104
2410,5896.230009746209
2411,5896.229972524231
2412,5896.22998527605
2413,5896.229989832706
2414,5896.229998113275
2415,5896.229979116073
2416,5896.229994947567
2417,5896.229955053942
2418,5896.22997160358
2419,5896.229980124146
2420,5896.22996798732
2421,5896.229976319555
2422,5896.229963800221
2423,5896.229953815808
2424,5896.229988151062
2425,5896.229986821914
2426,5896.229989137791
2427,5896.229963564162
2428,5896.229964919126
2429,5896.230006022512
2430,5896.229973827474
2431,5896.229982238053
2432,5896.229985391832
2433,5896.229979517409
2434,5896.229967852861
2435,5896.229984551738
2436,5896.229979914899
2437,5896.229947372997
2438,5896.229993785852
2439,5896.230002580124
2440,5896.229966341456
2441,5896.229997095722
2442,5896.229986740855
2443,5896.229986745834
2444,5896.229976157135
2445,5896.2299852422675
2446,5896.229988736493
2447,5896.229988066932
2448,5896.229970329889
2449,5896.230001854396
2450,5790.0495464604
2451,5790.049546460405
2452,5790.049546460413
2453,5790.049546460413
2454,5790.049546460411
2455,5790.049546460407
2456,5790.049546460403
2457,5790.049546460405
2458,5790.0495464604055
2459,5790.049544286295
2460,5790.049538049895
2461,5790.049558437487
2462,5790.049545661566
2463,5790.049551793684
2464,5790.049565074323
2465,5790.049579715898
2466,5790.049514733487
2467,5790.049533011941
2468,5790.049544188747
2469,5790.049537638372
2470,5790.049547819572
2471,5790.049547590935
2472,5790.049510820851
2473,5790.049553959769
2474,5790.049540459422
2475,5790.049547794921
2476,5790.049535321069
2477,5790.049508356323
2478,5790.0495821650975
2479,5790.049531423305
2480,5790.049545035634
2481,5790.049542061425
2482,5790.049552616804
2483,5790.049523716044
2484,5790.049557188087
2485,5790.049544270994
2486,5790.049539369468
2487,5790.049551234181
2488,5790.049554969382
2489,5790.049550690585
2490,5790.0495585413455
2491,5790.049548243964
2492,5790.049548296471
2493,5790.049540631426
2494,5790.049539798491
2495,5790.0495510338515
2496,5790.049549296495
2497,5790.049524039554
2498,5790.04955082064
2499,5636.440673537963
2500,5636.440673537958
2501,5636.440673537959
2502,5636.440673537958
2503,5636.440673537963
2504,5636.440673537964
2505,5636.440673537963
2506,5636.44067353796
2507,5636.440673537963
2508,5636.440662909977
2509,5636.440654518407
2510,5636.440663819658
2511,5636.440675649929
2512,5636.440669316845
2513,5636.4406627362205
2514,5636.440648188043
2515,5636.440647699903
2516,5636.440671237211
2517,5636.440670884339
2518,5636.440660716554
2519,5636.440669303037
2520,5636.440665920069
2521,5636.440689764481
2522,5636.44067686857
2523,5636.440672616943
2524,5636.440675207534
2525,5636.440669303114
2526,5636.440633330176
2527,5636.440717860836
2528,5636.440660942565
2529,5636.440676789305
2530,5636.440674036642
2531,5636.440672963054
2532,5636.4406834147785
2533,5636.440664940331
2534,5636.440670950835
2535,5636.440669271858
2536,5636.440669822258
2537,5636.440682556572
2538,5636.440693126585
2539,5636.440690727226
2540,5636.440681440428
2541,5636.440674889183
2542,5636.440666922027
2543,5636.44067166168
2544,5636.440690748089
2545,5636.440678316187
2546,5636.440658163609
2547,5636.440672746615
2548,5546.671279176904
2549,5546.671279176899
2550,5546.671279176897
2551,5546.671279176901
2552,5546.671279176902
2553,5546.6712791769005
2554,5546.6712791769005
2555,5546.671279176906
2556,5546.671279176905
2557,5546.671285429984
2558,5546.671275942747
2559,5546.671268292718
2560,5546.671283186648
2561,5546.671265616433
2562,5546.671283544671
2563,5546.6712639826155
2564,5546.671282591963
2565,5546.671279330726
2566,5546.671277370126
2567,5546.671268244967
2568,5546.671272930467
2569,5546.67128366235
2570,5546.671292470042
2571,5546.6712784524025
2572,5546.671284138821
2573,5546.671276589842
2574,5546.671284384703
2575,5546.67128278419
2576,5546.671291132675
2577,5546.671262895343
2578,5546.671282920012
2579,5546.671283759785
2580,5546.671281864404
2581,5546.671282780354
2582,5546.6712776745235
2583,5546.671274877304
2584,5546.671276715001
2585,5546.671270283734
2586,5546.671272427694
2587,5546.671277254088
2588,5546.671290105032
2589,5546.671287185302
2590,5546.671279272801
2591,5546.6712717484115
2592,5546.671278864513
2593,5546.6712960733785
2594,5546.671281371565
2595,5546.671263559393
2596,5546.671275886939
2597,5490.412945728679
2598,5490.412945728676
2599,5490.412945728676
2600,5490.41294572868
2601,5490.412945728681
2602,5490.412945728681
2603,5490.412945728673
2604,5490.412945728681
2605,5490.412945728678
2606,5490.412956037498
2607,5490.412947963019
2608,5490.412933250778
2609,5490.412945068887
2610,5490.412946247333
2611,5490.412940045172
2612,5490.412929757959
2613,5490.412949796573
2614,5490.412946107349
2615,5490.412944869182
2616,5490.4129362339345
2617,5490.412941342392
2618,5490.412939141321
2619,5490.412955375641
2620,5490.412945553701
2621,5490.412951018732
2622,5490.412947249882
2623,5490.412952009323
2624,5490.412954431791
2625,5490.412951569464
2626,5490.412931281796
2627,5490.412950690704
2628,5490.41295042917
2629,5490.412947393158
2630,5490.41295580435
2631,5490.412941385761
2632,5490.412942325397
2633,5490.412944119153
2634,5490.4129460119
2635,5490.412942205733
2636,5490.412939898478
2637,5490.412954629575
2638,5490.4129528941085
2639,5490.412944912912
2640,5490.412932977746
2641,5490.412946513443
2642,5490.412960576568
2643,5490.41294817411
2644,5490.4129408328245
2645,5490.412953822321
2646,5396.929948701112
2647,5396.929948701111
2648,5396.929948701113
2649,5396.929948701106
2650,5396.929948701106
2651,5396.92994870111
2652,5396.929948701111
2653,5396.929948701115
2654,5396.929948701111
2655,5396.929945426151
2656,5396.929955137388
2657,5396.929935905458
2658,5396.92994190423
2659,5396.929954818572
2660,5396.929942077636
2661,5396.929930754951
2662,5396.929943733673
2663,5396.929951406483
2664,5396.929949445957
2665,5396.929943182381
2666,5396.9299500315055
2667,5396.929938782137
2668,5396.929969506162
2669,5396.929950452216
2670,5396.929947802993
2671,5396.929953200599
2672,5396.929957679585
2673,5396.929925861094
2674,5396.9299748335525
2675,5396.929938041803
2676,5396.929954041695
2677,5396.929949796745
2678,5396.929953914181
2679,5396.929967836294
2680,5396.929946281918
2681,5396.929946633104
2682,5396.929958936015
2683,5396.929951839036
2684,5396.929952315004
2685,5396.92995782019
2686,5396.929953726991
2687,5396.929950014217
2688,5396.929945803788
2689,5396.929932856028
2690,5396.929946150817
2691,5396.929953458761
2692,5396.929950612134
2693,5396.929947998238
2694,5396.929958975152
2695,5296.118217198909
2696,5296.118217198918
2697,5296.118217198918
2698,5296.118217198914
2699,5296.118217198917
2700,5296.1182171989185
2701,5296.118217198919
2702,5296.118217198919
2703,5296.118217198917
2704,5296.118219577563
2705,5296.1182183738265
2706,5296.118210029158
2707,5296.118207900361
2708,5296.118236365936
2709,5296.11820937845
2710,5296.11822287063
2711,5296.118216078097
2712,5296.118216105162
2713,5296.118216245232
2714,5296.118215032016
2715,5296.118225026343
2716,5296.1182102669945
2717,5296.118202154202
2718,5296.1182217922815
2719,5296.118219048551
2720,5296.1182300271985
2721,5296.118231117811
2722,5296.1182285837795
2723,5296.118211326885
2724,5296.118209150596
2725,5296.11822020064
2726,5296.1182129568715
2727,5296.118222902103
2728,5296.118227449542
2729,5296.118216252943
2730,5296.118216865412
2731,5296.11822191906
2732,5296.118232122611
2733,5296.118213103457
2734,5296.118203407192
2735,5296.118221264826
2736,5296.118217153334
2737,5296.118216194468
2738,5296.118201523293
2739,5296.118213410314
2740,5296.118213061197
2741,5296.118218995185
2742,5296.118224923268
2743,5296.11822617267
2744,5215.025526216845
2745,5215.025526216843
2746,5215.025526216843
2747,5215.025526216857
2748,5215.025526216852
2749,5215.025526216852
2750,5215.025526216848
2751,5215.025526216846
2752,5215.025526216848
2753,5215.025522113674
2754,5215.025524777114
2755,5215.025519709379
2756,5215.02552324527
2757,5215.0255417986755
2758,5215.025518072539
2759,5215.025539550342
2760,5215.025515077457
2761,5215.0255256904575
2762,5215.025526165441
2763,5215.0255238192585
2764,5215.02553075743
2765,5215.025522264004
2766,5215.025514511595
2767,5215.025528421202
2768,5215.025526766946
2769,5215.025539397287
2770,5215.025537529079
2771,5215.025503253282
2772,5215.02554369563
2773,5215.025516696679
2774,5215.025527642366
2775,5215.0255252099005
2776,5215.025530418518
2777,5215.025538647572
2778,5215.025529613757
2779,5215.025525124631
2780,5215.025532402334
2781,5215.025534697173
2782,5215.025533615813
2783,5215.025534096758
2784,5215.0255334701515
2785,5215.025524457903
2786,5215.0255252360585
2787,5215.025514403494
2788,5215.025526877908
2789,5215.025515656985
2790,5215.025526658443
2791,5215.025539449207
2792,5215.025534518818
2793,5141.842891540384
2794,5141.84289154039
2795,5141.84289154039
2796,5141.84289154039
2797,5141.842891540388
2798,5141.84289154039
2799,5141.842891540387
2800,5141.8428915403865
2801,5141.842891540385
2802,5141.842875760841
2803,5141.84289010779
2804,5141.842888533365
2805,5141.842886925645
2806,5141.842898375911
2807,5141.842899013226
2808,5141.842882064662
2809,5141.8428956752705
2810,5141.8429001114955
2811,5141.842887859069
2812,5141.842892061607
2813,5141.842907973345
2814,5141.8428998030895
2815,5141.842893053472
2816,5141.8429002964185
2817,5141.842882163624
2818,5141.842897779476
2819,5141.8428998731015
2820,5141.842897072287
2821,5141.842891261432
2822,5141.842898609559
2823,5141.842892278006
2824,5141.842876213551
2825,5141.842906148818
2826,5141.842893955241
2827,5141.842892711083
2828,5141.842893032048
2829,5141.842902832836
2830,5141.842894281705
2831,5141.842880701055
2832,5141.842878437198
2833,5141.842893799407
2834,5141.842881021843
2835,5141.842889174938
2836,5141.842887258788
2837,5141.842875577033
2838,5141.842868186694
2839,5141.842893665127
2840,5141.842877602067
2841,5141.842884202195
2842,5067.037680469283
2843,5067.037680469285
2844,5067.037680469279
2845,5067.037680469281
2846,5067.037680469275
2847,5067.037680469277
2848,5067.037680469278
2849,5067.0376804692805
2850,5067.037680469283
2851,5067.037678167351
2852,5067.037676670464
2853,5067.037675495575
2854,5067.037689576943
2855,5067.03768417556
2856,5067.037665381361
2857,5067.037674004471
2858,5067.037685229652
2859,5067.03768751915
2860,5067.0376766313175
2861,5067.03767651681
2862,5067.03768209249
2863,5067.037689188174
2864,5067.037680221361
2865,5067.037682255311
2866,5067.037682537979
2867,5067.037688390586
2868,5067.037679000894
2869,5067.037674754705
2870,5067.037679256371
2871,5067.037683134985
2872,5067.037679547892
2873,5067.037680259188
2874,5067.0376832506645
2875,5067.037684919008
2876,5067.037681738392
2877,5067.037679326598
2878,5067.037676969348
2879,5067.037676061997
2880,5067.037686168255
2881,5067.037687254774
2882,5067.037686647967
2883,5067.037674581802
2884,5067.037680075563
2885,5067.037678818331
2886,5067.037682724332
2887,5067.037662310911
2888,5067.037681464975
2889,5067.037688164239
2890,5067.037679942822
2891,5020.4112619636535
2892,5020.411261963645
2893,5020.411261963653
2894,5020.411261963654
2895,5020.411261963655
2896,5020.411261963659
2897,5020.411261963655
2898,5020.411261963654
2899,5020.411261963653
2900,5020.41126870045
2901,5020.41126755999
2902,5020.411264006196
2903,5020.411271112976
2904,5020.411262721108
2905,5020.411267406531
2906,5020.411281172105
2907,5020.411267004536
2908,5020.411262581883
2909,5020.411260054852
2910,5020.411258123109
2911,5020.411262287297
2912,5020.41127437654
2913,5020.411248171205
2914,5020.411262955732
2915,5020.411263040209
2916,5020.411265299031
2917,5020.411258157297
2918,5020.411255840111
2919,5020.411265950416
2920,5020.411253607374
2921,5020.411260269578
2922,5020.411263308875
2923,5020.411266800936
2924,5020.411252325699
2925,5020.411272689034
2926,5020.411259613066
2927,5020.41126067432
2928,5020.411257788178
2929,5020.411265110125
2930,5020.411265827094
2931,5020.41126801851
2932,5020.411257498257
2933,5020.411261346258
2934,5020.411259828861
2935,5020.411263372024
2936,5020.411248841954
2937,5020.411261763754
2938,5020.4112633653895
2939,5020.411264882548
2940,4969.046659475055
2941,4969.046659475057
2942,4969.046659475061
2943,4969.04665947506
2944,4969.046659475058
2945,4969.0466594750615
2946,4969.0466594750615
2947,4969.046659475055
2948,4969.046659475057
2949,4969.04666345996
2950,4969.046663208298
2951,4969.0466565720635
2952,4969.046668104423
2953,4969.046660501943
2954,4969.046654697272
2955,4969.046659190496
2956,4969.0466651892575
2957,4969.046662166851
2958,4969.046657284061
2959,4969.046655069669
2960,4969.046659004243
2961,4969.046659309922
2962,4969.046662235168
2963,4969.046659211499
2964,4969.046661405407
2965,4969.046661711642
2966,4969.0466564179505
2967,4969.0466496012195
2968,4969.046668067444
2969,4969.046654197595
2970,4969.046659883945
2971,4969.046661685928
2972,4969.046663256662
2973,4969.046661473702
2974,4969.046663590063
2975,4969.046657335568
2976,4969.046659351072
2977,4969.046655077682
2978,4969.046664404843
2979,4969.046668530907
2980,4969.0466656718645
2981,4969.046657445388
2982,4969.046658472387
2983,4969.046656397814
2984,4969.046661524053
2985,4969.04665415074
2986,4969.04666000975
2987,4969.046661875296
2988,4969.046664804393
2989,4906.9176837909345
2990,4906.917683790941
2991,4906.917683790939
2992,4906.917683790936
2993,4906.917683790941
2994,4906.917683790941
2995,4906.917683790937
2996,4906.9176837909345
2997,4906.917683790934
2998,4906.917684179857
2999,4906.917680455131
3000,4906.917686568005
3001,4906.917688073845
3002,4906.917686444529
3003,4906.917674880859
3004,4906.917685939449
3005,4906.91768456029
3006,4906.917681581051
3007,4906.917680915757
3008,4906.917680502323
3009,4906.91768515761
3010,4906.917683472633
3011,4906.91767961982
3012,4906.917685198186
3013,4906.917684320915
3014,4906.917693883223
3015,4906.917689427565
3016,4906.91767666367
3017,4906.917685169943
3018,4906.917679008919
3019,4906.91768548848
3020,4906.917683824351
3021,4906.917687329631
3022,4906.917684175047
3023,4906.917686762673
3024,4906.917682752678
3025,4906.917674398816
3026,4906.917681489587
3027,4906.917688414722
3028,4906.917693655044
3029,4906.917689553591
3030,4906.917683918404
3031,4906.917682381557
3032,4906.917680410412
3033,4906.917684189749
3034,4906.917691729884
3035,4906.9176853925965
3036,4906.917685434349
3037,4906.917681079236
3038,4846.24687002354
3039,4846.246870023533
3040,4846.246870023534
3041,4846.246870023538
3042,4846.246870023538
3043,4846.246870023541
3044,4846.2468700235395
3045,4846.246870023541
3046,4846.2468700235395
3047,4846.246875459827
3048,4846.246885725071
3049,4846.246871482528
3050,4846.246878179855
3051,4846.246875401831
3052,4846.246870241749
3053,4846.246875364256
3054,4846.246883744207
3055,4846.246869273616
3056,4846.246869158139
3057,4846.246868161519
3058,4846.246871442606
3059,4846.246849165574
3060,4846.246865551385
3061,4846.246866980429
3062,4846.246872390481
3063,4846.2468655683315
3064,4846.2468546422
3065,4846.246877907964
3066,4846.246874769227
3067,4846.246865187217
3068,4846.246870946655
3069,4846.246871993746
3070,4846.246876668844
3071,4846.246870024238
3072,4846.246873034727
3073,4846.246867904412
3074,4846.2468869126915
3075,4846.246872527542
3076,4846.2468745329215
3077,4846.246880260928
3078,4846.246878147897
3079,4846.246871917686
3080,4846.246868709604
3081,4846.2468662239025
3082,4846.246871444526
3083,4846.246873959841
3084,4846.246869104527
3085,4846.24687196791
3086,4846.246893402313
3087,4796.825726825309
3088,4796.825726825311
3089,4796.825726825313
3090,4796.82572682531
3091,4796.825726825307
3092,4796.825726825313
3093,4796.82572682531
3094,4796.82572682531
3095,4796.82572682531
3096,4796.825723497745
3097,4796.825718952778
3098,4796.82573060899
3099,4796.825734173904
3100,4796.82572495584
3101,4796.82571058612
3102,4796.825715660289
3103,4796.825732449743
3104,4796.825724592761
3105,4796.825723061557
3106,4796.825723136049
3107,4796.825724936077
3108,4796.825720328794
3109,4796.8257292831495
3110,4796.825723514805
3111,4796.825729300638
3112,4796.825737907116
3113,4796.825723722763
3114,4796.82572815091
3115,4796.825717901349
3116,4796.825730326027
3117,4796.825727304119
3118,4796.82573045283
3119,4796.825730083048
3120,4796.825731626726
3121,4796.825725123886
3122,4796.8257252401045
3123,4796.825718459442
3124,4796.825724000947
3125,4796.825727859094
3126,4796.825736052111
3127,4796.825728391506
3128,4796.825728885836
3129,4796.825726402188
3130,4796.825725662211
3131,4796.825730789891
3132,4796.825744689959
3133,4796.825726973841
3134,4796.825731307212
3135,4796.825726271215
3136,4763.755916484341
3137,4763.755916484335
3138,4763.755916484335
3139,4763.755916484339
3140,4763.755916484339
3141,4763.755916484339
3142,4763.755916484334
3143,4763.755916484337
3144,4763.755916484338
3145,4763.755910010703
3146,4763.75591076582
3147,4763.755920467719
3148,4763.755921523939
3149,4763.755912665527
3150,4763.755909466746
3151,4763.755909906085
3152,4763.75592060078
3153,4763.755915746538
3154,4763.75591332213
3155,4763.755913834818
3156,4763.7559169194665
3157,4763.755913616171
3158,4763.755916628091
3159,4763.75591417457
3160,4763.755916328361
3161,4763.755924745475
3162,4763.755914527986
3163,4763.755915861797
3164,4763.755911495357
3165,4763.755920435909
3166,4763.755915988563
3167,4763.755917523331
3168,4763.755921793981
3169,4763.755918384309
3170,4763.755916687614
3171,4763.755914935158
3172,4763.7559126156275
3173,4763.755913282676
3174,4763.755914559243
3175,4763.755919345909
3176,4763.755920444
3177,4763.75591609407
3178,4763.755916110052
3179,4763.75591563782
3180,4763.75591735176
3181,4763.7559231427285
3182,4763.755916066051
3183,4763.755916634912
3184,4763.755913177778
3185,4728.179627431023
3186,4728.179627431023
3187,4728.179627431015
3188,4728.1796274310245
3189,4728.179627431024
3190,4728.179627431023
3191,4728.179627431022
3192,4728.179627431022
3193,4728.17962743102
3194,4728.179622144122
3195,4728.179623525186
3196,4728.179631983427
3197,4728.17963057811
3198,4728.179623901772
3199,4728.179626737971
3200,4728.179626675934
3201,4728.179628865294
3202,4728.179626504932
3203,4728.179625369387
3204,4728.179625496853
3205,4728.1796283219865
3206,4728.179628493012
3207,4728.179624080194
3208,4728.179624665471
3209,4728.1796265528155
3210,4728.179634603562
3211,4728.179624601333
3212,4728.179622297688
3213,4728.179623335672
3214,4728.179631403373
3215,4728.179625904782
3216,4728.179628147925
3217,4728.179633471478
3218,4728.179628685168
3219,4728.179629522291
3220,4728.179625750803
3221,4728.179624662171
3222,4728.179624991888
3223,4728.179622840886
3224,4728.179627584066
3225,4728.1796275421
3226,4728.179625788418
3227,4728.179627320866
3228,4728.179626463576
3229,4728.179627787411
3230,4728.179629260958
3231,4728.179625996789
3232,4728.1796278196525
3233,4728.179624286667
3234,4690.286456923475
3235,4690.286456923473
3236,4690.2864569234725
3237,4690.286456923476
3238,4690.286456923477
3239,4690.286456923476
3240,4690.286456923478
3241,4690.286456923477
3242,4690.286456923479
3243,4690.286443843045
3244,4690.286459151307
3245,4690.286454217372
3246,4690.28645213783
3247,4690.286444226741
3248,4690.286463159271
3249,4690.2864320784365
3250,4690.2864613886795
3251,4690.28646228352
3252,4690.286453665391
3253,4690.286455020439
3254,4690.286460617917
3255,4690.286458217903
3256,4690.286475361565
3257,4690.286457692666
3258,4690.286454273735
3259,4690.286456342836
3260,4690.286457724411
3261,4690.2864543669475
3262,4690.286461543601
3263,4690.28646692547
3264,4690.286456266392
3265,4690.286452876183
3266,4690.286463088328
3267,4690.286461762726
3268,4690.28645329649
3269,4690.286456078648
3270,4690.286461941193
3271,4690.286451443592
3272,4690.286445706693
3273,4690.286445340206
3274,4690.286463245313
3275,4690.286454452629
3276,4690.286457041604
3277,4690.28645565234
3278,4690.286449816422
3279,4690.286449852897
3280,4690.286457093731
3281,4690.286445666598
3282,4690.286443077911
3283,4657.877001867536
3284,4657.877001867536
3285,4657.877001867537
3286,4657.877001867539
3287,4657.877001867542
3288,4657.877001867533
3289,4657.8770018675405
3290,4657.877001867536
3291,4657.877001867535
3292,4657.877002746239
3293,4657.877005395294
3294,4657.87700389431
3295,4657.87699900452
3296,4657.877001172447
3297,4657.87700529755
3298,4657.876998277382
3299,4657.8770011004535
3300,4657.877001862419
3301,4657.877000316209
3302,4657.877000535775
3303,4657.877004201974
3304,4657.8770070783685
3305,4657.877001091237
3306,4657.877002142078
3307,4657.877002764948
3308,4657.877007116768
3309,4657.8769977636675
3310,4657.876997801709
3311,4657.87699573488
3312,4657.877007768122
3313,4657.87699998013
3314,4657.877000168607
3315,4657.87700553354
3316,4657.877003697382
3317,4657.877002606473
3318,4657.877001385816
3319,4657.876998142132
3320,4657.877003142458
3321,4657.876993948775
3322,4657.87699477839
3323,4657.876994016995
3324,4657.876999354601
3325,4657.877002376727
3326,4657.876999636542
3327,4657.876999835981
3328,4657.876999494377
3329,4657.877001183919
3330,4657.877002793143
3331,4657.876999351237
3332,4637.531621581985
3333,4637.531621581981
3334,4637.531621581981
3335,4637.531621581985
3336,4637.531621581983
3337,4637.531621581986
3338,4637.531621581985
3339,4637.531621581984
3340,4637.531621581982
3341,4637.531623930603
3342,4637.531632144579
3343,4637.531626300798
3344,4637.531617686839
3345,4637.531624454912
3346,4637.531627949579
3347,4637.531628570043
3348,4637.53161642539
3349,4637.531619169177
3350,4637.531620828773
3351,4637.531621247194
3352,4637.531625215695
3353,4637.531622606207
3354,4637.531614905908
3355,4637.531623667957
3356,4637.531622012136
3357,4637.53162592198
3358,4637.531618169179
3359,4637.531611874374
3360,4637.531624833615
3361,4637.531623383264
3362,4637.531619921542
3363,4637.531618612278
3364,4637.531624956223
3365,4637.531620202438
3366,4637.53162461213
3367,4637.531621486738
3368,4637.53162156588
3369,4637.5316251501135
3370,4637.531618756796
3371,4637.531618411007
3372,4637.5316191556685
3373,4637.531619457638
3374,4637.531621687657
3375,4637.5316185450665
3376,4637.531618678512
3377,4637.531618951401
3378,4637.531621247823
3379,4637.531622939134
3380,4637.5316228772635
3381,4615.955978470247
3382,4615.955978470245
3383,4615.955978470244
3384,4615.955978470247
3385,4615.955978470243
3386,4615.955978470243
3387,4615.955978470244
3388,4615.9559784702415
3389,4615.955978470242
3390,4615.955985978852
3391,4615.955984749598
3392,4615.955978737881
3393,4615.955978869734
3394,4615.955982899774
3395,4615.955971402023
3396,4615.9559683124435
3397,4615.95598321695
3398,4615.955977504963
3399,4615.955976344091
3400,4615.9559757376255
3401,4615.955979493258
3402,4615.955976737266
3403,4615.95598195788
3404,4615.955981662475
3405,4615.955984431562
3406,4615.955981717461
3407,4615.955969055863
3408,4615.955988696091
3409,4615.955968430579
3410,4615.955980545324
3411,4615.955977383473
3412,4615.955977426435
3413,4615.955977462851
3414,4615.955980201316
3415,4615.955976971347
3416,4615.9559792093305
3417,4615.955976843732
3418,4615.955982437672
3419,4615.955977628274
3420,4615.955975580978
3421,4615.955972782452
3422,4615.955979852437
3423,4615.9559794576635
3424,4615.95597614844
3425,4615.955978556186
3426,4615.955982238334
3427,4615.9559797632455
3428,4615.955984821952
3429,4615.95598521819
3430,4604.511909438681
3431,4604.511909438679
3432,4604.511909438677
3433,4604.51190943868
3434,4604.511909438678
3435,4604.511909438681
3436,4604.511909438679
3437,4604.511909438681
3438,4604.51190943868
3439,4604.5119106183265
3440,4604.5119105566
3441,4604.511912657589
3442,4604.511908535496
3443,4604.511909723782
3444,4604.511906994853
3445,4604.511905852718
3446,4604.511904920489
3447,4604.511906912798
3448,4604.511908409846
3449,4604.511906607671
3450,4604.511909760357
3451,4604.511913184398
3452,4604.511912469517
3453,4604.511912837871
3454,4604.511912475872
3455,4604.5119132627415
3456,4604.511901089014
3457,4604.511899770796
3458,4604.511916135969
3459,4604.5119079541355
3460,4604.51190760581
3461,4604.511908612353
3462,4604.511908669073
3463,4604.511913132604
3464,4604.511910948979
3465,4604.511910039195
3466,4604.511912136253
3467,4604.511910707489
3468,4604.511910788122
3469,4604.511917370853
3470,4604.511904796658
3471,4604.511911201819
3472,4604.511910431307
3473,4604.511907970583
3474,4604.51190888496
3475,4604.511913538496
3476,4604.511910156569
3477,4604.511912963929
3478,4604.511913732087
3479,4593.230776494006
3480,4593.230776494005
3481,4593.230776494002
3482,4593.230776494006
3483,4593.2307764940015
3484,4593.230776494006
3485,4593.2307764940015
3486,4593.230776494006
3487,4593.230776494001
3488,4593.230778857293
3489,4593.230776590085
3490,4593.230783485634
3491,4593.230775024517
3492,4593.230774345894
3493,4593.230781722675
3494,4593.230784836124
3495,4593.230771808284
3496,4593.2307724643515
3497,4593.230775738124
3498,4593.2307742092335
3499,4593.230777572267
3500,4593.230782817646
3501,4593.230771528866
3502,4593.230780850908
3503,4593.230778852999
3504,4593.230780356957
3505,4593.230774169629
3506,4593.230772739952
3507,4593.230781163441
3508,4593.230771985899
3509,4593.230773660138
3510,4593.230774578714
3511,4593.230776397197
3512,4593.230774606579
3513,4593.230781281788
3514,4593.2307770180205
3515,4593.23077865459
3516,4593.230777020941
3517,4593.230774916398
3518,4593.230778168789
3519,4593.230776623491
3520,4593.230778081394
3521,4593.2307777257565
3522,4593.230775852539
3523,4593.230774267664
3524,4593.230777726886
3525,4593.230776831566
3526,4593.230775836812
3527,4593.2307763354365
3528,4579.336345229905
3529,4579.336345229911
3530,4579.336345229908
3531,4579.336345229906
3532,4579.336345229904
3533,4579.336345229904
3534,4579.336345229904
3535,4579.336345229905
3536,4579.336345229905
3537,4579.336344873872
3538,4579.336341387638
3539,4579.336351033742
3540,4579.336344799857
3541,4579.336341631967
3542,4579.336348906095
3543,4579.336348692532
3544,4579.336342092455
3545,4579.336342671994
3546,4579.33634427936
3547,4579.336342551988
3548,4579.336345840557
3549,4579.336349672149
3550,4579.336344717497
3551,4579.336349686207
3552,4579.33634725558
3553,4579.336348605582
3554,4579.336344490141
3555,4579.336343304377
3556,4579.336351348844
3557,4579.336341418724
3558,4579.336341925131
3559,4579.336343491217
3560,4579.336344748721
3561,4579.336346094341
3562,4579.336349486043
3563,4579.336345923906
3564,4579.336349587483
3565,4579.336344242864
3566,4579.336344029552
3567,4579.336347577613
3568,4579.336346785069
3569,4579.336346904799
3570,4579.336346807356
3571,4579.3363455127965
3572,4579.336343113594
3573,4579.336343229815
3574,4579.336345465692
3575,4579.33634392949
3576,4579.336343769934
3577,4561.086772403945
3578,4561.086772403951
3579,4561.086772403947
3580,4561.086772403947
3581,4561.086772403949
3582,4561.086772403947
3583,4561.086772403948
3584,4561.086772403946
3585,4561.086772403947
3586,4561.086773459494
3587,4561.086769932593
3588,4561.0867783655485
3589,4561.0867714867345
3590,4561.08677188883
3591,4561.086775721758
3592,4561.086776098846
3593,4561.086771477224
3594,4561.086770021184
3595,4561.086771088823
3596,4561.086770534053
3597,4561.086773756069
3598,4561.08677052541
3599,4561.08677042202
3600,4561.086777481625
3601,4561.0867739605565
3602,4561.086777738961
3603,4561.086778581391
3604,4561.086779775388
3605,4561.086770885423
3606,4561.08677045631
3607,4561.086769518466
3608,4561.086769764241
3609,4561.086771999708
3610,4561.086772080227
3611,4561.086776146163
3612,4561.08677350252
3613,4561.086772673114
3614,4561.0867727450095
3615,4561.086769378806
3616,4561.086768330311
3617,4561.086773984161
3618,4561.086773401946
3619,4561.086773717405
3620,4561.086772797952
3621,4561.08676972051
3622,4561.086768953238
3623,4561.086772875205
3624,4561.086771095383
3625,4561.086768516834
3626,4544.239284434641
3627,4544.239284434646
3628,4544.2392844346405
3629,4544.239284434646
3630,4544.239284434643
3631,4544.239284434641
3632,4544.239284434641
3633,4544.2392844346405
3634,4544.239284434642
3635,4544.239283461278
3636,4544.239285230793
3637,4544.239287543583
3638,4544.239285120238
3639,4544.239285755419
3640,4544.239284553548
3641,4544.239282477862
3642,4544.23928517169
3643,4544.239283680306
3644,4544.239283407234
3645,4544.239282535436
3646,4544.239284930966
3647,4544.239275709287
3648,4544.239286815227
3649,4544.239287666977
3650,4544.239284476596
3651,4544.239288416422
3652,4544.239288951571
3653,4544.239289282366
3654,4544.239285427208
3655,4544.239284518778
3656,4544.239282494701
3657,4544.239283330443
3658,4544.239284805474
3659,4544.23928738462
3660,4544.239287046546
3661,4544.2392853311685
3662,4544.239287262924
3663,4544.2392847539
3664,4544.239285113146
3665,4544.239284728078
3666,4544.23928433799
3667,4544.239284835388
3668,4544.239285171577
3669,4544.239284965975
3670,4544.2392831267525
3671,4544.239279129817
3672,4544.239284528443
3673,4544.239284861555
3674,4544.239283190488
3675,4523.745493495575
3676,4523.745493495582
3677,4523.745493495582
3678,4523.745493495575
3679,4523.745493495578
3680,4523.745493495579
3681,4523.74549349558
3682,4523.745493495579
3683,4523.745493495579
3684,4523.745490759957
3685,4523.745493387184
3686,4523.745494013618
3687,4523.745493789853
3688,4523.745492965841
3689,4523.745490910098
3690,4523.745485791461
3691,4523.745494147732
3692,4523.7454933952
3693,4523.745491804487
3694,4523.745491101198
3695,4523.745492821946
3696,4523.745487622232
3697,4523.745498275324
3698,4523.745496229777
3699,4523.745492575603
3700,4523.745500157089
3701,4523.745501996665
3702,4523.745500286052
3703,4523.745489129442
3704,4523.74549608573
3705,4523.745493157069
3706,4523.74549339332
3707,4523.745493590018
3708,4523.745496329591
3709,4523.745493961035
3710,4523.74549443453
3711,4523.745490373856
3712,4523.745492844809
3713,4523.745494006872
3714,4523.7454918414805
3715,4523.745490607046
3716,4523.745493398782
3717,4523.745493595878
3718,4523.745494316948
3719,4523.745492478651
3720,4523.745491135559
3721,4523.745494335133
3722,4523.745493213477
3723,4523.745487103598
3724,4507.549970707439
3725,4507.54997070744
3726,4507.549970707444
3727,4507.549970707438
3728,4507.549970707437
3729,4507.5499707074405
3730,4507.549970707437
3731,4507.54997070744
3732,4507.549970707437
3733,4507.549973228928
3734,4507.549982674488
3735,4507.5499693455295
3736,4507.54997239107
3737,4507.549968652176
3738,4507.549977418228
3739,4507.549971041595
3740,4507.549975515028
3741,4507.549970886671
3742,4507.549971086442
3743,4507.549968969385
3744,4507.549969795783
3745,4507.549966846158
3746,4507.549970959114
3747,4507.5499700550345
3748,4507.549967293405
3749,4507.549968117877
3750,4507.549965752756
3751,4507.54997900976
3752,4507.549969666748
3753,4507.549969470178
3754,4507.549970912013
3755,4507.549972558877
3756,4507.549973771246
3757,4507.549968427626
3758,4507.5499737471855
3759,4507.549970521656
3760,4507.549977044866
3761,4507.549970303142
3762,4507.549973307524
3763,4507.549968156874
3764,4507.549968124807
3765,4507.549970460258
3766,4507.549970244197
3767,4507.549971546561
3768,4507.549970008086
3769,4507.549965761628
3770,4507.549969729908
3771,4507.549967957062
3772,4507.549974621565
3773,4497.11731021363
3774,4497.117310213634
3775,4497.117310213626
3776,4497.117310213629
3777,4497.117310213629
3778,4497.1173102136245
3779,4497.117310213626
3780,4497.117310213628
3781,4497.11731021363
3782,4497.117307744882
3783,4497.117315236172
3784,4497.117308872571
3785,4497.1173108148905
3786,4497.117307730277
3787,4497.117311074273
3788,4497.117309425472
3789,4497.1173073574355
3790,4497.117309469533
3791,4497.117309762624
3792,4497.117308294122
3793,4497.117308739428
3794,4497.117312367988
3795,4497.117310068756
3796,4497.11731051749
3797,4497.117307179311
3798,4497.117313890014
3799,4497.117310401225
3800,4497.117307378639
3801,4497.117313131768
3802,4497.117309694307
3803,4497.11731117201
3804,4497.1173120945205
3805,4497.117312180676
3806,4497.117310931307
3807,4497.1173118179095
3808,4497.117310338694
3809,4497.117310601254
3810,4497.1173091535875
3811,4497.117314692652
3812,4497.117312639508
3813,4497.117306848163
3814,4497.117310207408
3815,4497.117309583004
3816,4497.117310990277
3817,4497.117309990279
3818,4497.117309444954
3819,4497.117310224299
3820,4497.117309260599
3821,4497.117309362918
3822,4491.81793381047
3823,4491.817933810468
3824,4491.817933810468
3825,4491.817933810468
3826,4491.817933810469
3827,4491.817933810465
3828,4491.817933810468
3829,4491.81793381047
3830,4491.8179338104665
3831,4491.817932548816
3832,4491.817936121624
3833,4491.817932841881
3834,4491.81793446896
3835,4491.817932114171
3836,4491.817933517547
3837,4491.817934630502
3838,4491.817929983875
3839,4491.817932443193
3840,4491.817933054627
3841,4491.817932045738
3842,4491.817932512166
3843,4491.8179373429775
3844,4491.81793164177
3845,4491.817934660749
3846,4491.817932039311
3847,4491.81793883035
3848,4491.817934774064
3849,4491.817932310173
3850,4491.817934757957
3851,4491.817932675937
3852,4491.817934675069
3853,4491.817935331631
3854,4491.817935310652
3855,4491.817934120552
3856,4491.817935206797
3857,4491.817934091443
3858,4491.817931613843
3859,4491.817933355011
3860,4491.817937914989
3861,4491.817935241563
3862,4491.817930519949
3863,4491.817934333708
3864,4491.8179334472525
3865,4491.817934647816
3866,4491.817933710572
3867,4491.817934427415
3868,4491.817934045598
3869,4491.817933788922
3870,4491.817932869299
3871,4480.396154775012
3872,4480.3961547750105
3873,4480.396154775013
3874,4480.39615477501
3875,4480.3961547750105
3876,4480.39615477501
3877,4480.396154775011
3878,4480.396154775011
3879,4480.396154775014
3880,4480.396151809366
3881,4480.396151199539
3882,4480.396151502881
3883,4480.396154198555
3884,4480.396150495466
3885,4480.396152650888
3886,4480.39614708337
3887,4480.396151572871
3888,4480.396154327039
3889,4480.396152846765
3890,4480.396153186732
3891,4480.396153667028
3892,4480.396160235942
3893,4480.396156403589
3894,4480.396156058681
3895,4480.396154312901
3896,4480.396160140606
3897,4480.396155790122
3898,4480.396156000415
3899,4480.396154926887
3900,4480.3961550514005
3901,4480.396155802024
3902,4480.396155634825
3903,4480.396155887733
3904,4480.396156676926
3905,4480.396153283339
3906,4480.396155100244
3907,4480.396150630825
3908,4480.396152964778
3909,4480.396156273042
3910,4480.396153314686
3911,4480.396153142411
3912,4480.396156174384
3913,4480.396154891362
3914,4480.396155836459
3915,4480.396153780555
3916,4480.396156918629
3917,4480.3961555699725
3918,4480.396153049694
3919,4480.396150561068
3920,4474.812506240592
3921,4474.812506240595
3922,4474.812506240595
3923,4474.812506240594
3924,4474.812506240592
3925,4474.812506240595
3926,4474.812506240595
3927,4474.812506240594
3928,4474.8125062405925
3929,4474.812512770214
3930,4474.812500067286
3931,4474.8125083738205
3932,4474.812507144152
3933,4474.812511578154
3934,4474.812508014916
3935,4474.812528214316
3936,4474.8124963050805
3937,4474.812502112077
3938,4474.812505537298
3939,4474.812507780756
3940,4474.812507541788
3941,4474.812510159594
3942,4474.812487083713
3943,4474.812506889074
3944,4474.812508173964
3945,4474.812515099941
3946,4474.812508405031
3947,4474.812504436005
3948,4474.812503899694
3949,4474.812500232172
3950,4474.812506105553
3951,4474.81250576011
3952,4474.8125090315225
3953,4474.812503895413
3954,4474.8125099460685
3955,4474.812506485374
3956,4474.8124966378755
3957,4474.812509617429
3958,4474.812508351788
3959,4474.812502197967
3960,4474.812504573947
3961,4474.812507461527
3962,4474.81250680699
3963,4474.812507396465
3964,4474.812506540404
3965,4474.81250793911
3966,4474.8125053384565
3967,4474.81251082834
3968,4474.812510303354
3969,4462.882166003029
3970,4462.882166003031
3971,4462.88216600303
3972,4462.88216600303
3973,4462.882166003033
3974,4462.882166003029
3975,4462.882166003033
3976,4462.882166003031
3977,4462.882166003029
3978,4462.882168260811
3979,4462.882162136736
3980,4462.882164868654
3981,4462.8821657312865
3982,4462.882167525983
3983,4462.882167500619
3984,4462.882171406387
3985,4462.882162004572
3986,4462.882164540467
3987,4462.882164522753
3988,4462.882166893557
3989,4462.882166997888
3990,4462.882167141082
3991,4462.88215789215
3992,4462.88216671565
3993,4462.882166389595
3994,4462.882171404661
3995,4462.882167164243
3996,4462.882169757894
3997,4462.882163602307
3998,4462.882163897333
3999,4462.882166252008
4000,4462.882165416506
4001,4462.882168677099
4002,4462.8821657734015
4003,4462.882166693242
4004,4462.882166205931
4005,4462.882160728692
4006,4462.882167269316
4007,4462.882166143578
4008,4462.882160027006
4009,4462.8821655364745
4010,4462.882166861816
4011,4462.882166425579
4012,4462.882167137644
4013,4462.8821649164165
4014,4462.882166132976
4015,4462.882165632097
4016,4462.882166649701
4017,4462.882166823606
4018,4455.481737356421
4019,4455.481737356421
4020,4455.481737356418
4021,4455.481737356422
4022,4455.48173735642
4023,4455.481737356418
4024,4455.48173735642
4025,4455.481737356421
4026,4455.481737356421
4027,4455.481736202604
4028,4455.48173555645
4029,4455.481734117633
4030,4455.481736478075
4031,4455.4817371461595
4032,4455.481739876955
4033,4455.481734306875
4034,4455.481736734245
4035,4455.481737812786
4036,4455.481735780311
4037,4455.481738357346
4038,4455.481738382047
4039,4455.481735431159
4040,4455.481735926293
4041,4455.481737518678
4042,4455.481736087366
4043,4455.4817395784485
4044,4455.481736485798
4045,4455.481741030663
4046,4455.4817382257415
4047,4455.481736893764
4048,4455.481737766224
4049,4455.481736812079
4050,4455.481740592389
4051,4455.4817394350575
4052,4455.4817368227505
4053,4455.481737407845
4054,4455.481737309449
4055,4455.481737260326
4056,4455.481737203927
4057,4455.481732219025
4058,4455.481737975036
4059,4455.481737793122
4060,4455.4817376071105
4061,4455.481738634102
4062,4455.481735480357
4063,4455.481735546402
4064,4455.481736821021
4065,4455.481735727477
4066,4455.48173787264
4067,4448.99004089061
4068,4448.990040890604
4069,4448.99004089061
4070,4448.990040890605
4071,4448.9900408906105
4072,4448.990040890608
4073,4448.990040890608
4074,4448.990040890606
4075,4448.990040890606
4076,4448.990039155169
4077,4448.990040260119
4078,4448.990036877932
4079,4448.990040186146
4080,4448.990041024819
4081,4448.990044075423
4082,4448.990035726981
4083,4448.99004251931
4084,4448.990042257864
4085,4448.990039357964
4086,4448.990042248389
4087,4448.9900420472795
4088,4448.9900367635155
4089,4448.9900417886865
4090,4448.990040592025
4091,4448.990039022231
4092,4448.990041593712
4093,4448.990038987383
4094,4448.990045187916
4095,4448.9900418406205
4096,4448.990040704263
4097,4448.990041343718
4098,4448.990040438325
4099,4448.990044518512
4100,4448.990043704743
4101,4448.9900402263875
4102,4448.990040893378
4103,4448.9900433204875
4104,4448.990040559445
4105,4448.990040754901
4106,4448.99003618593
4107,4448.990041340038
4108,4448.990040968999
4109,4448.990041019841
4110,4448.990042391536
4111,4448.990038943793
4112,4448.990038367011
4113,4448.990040091077
4114,4448.990039123175
4115,4448.990042238434
4116,4439.269875378956
4117,4439.269875378958
4118,4439.269875378958
4119,4439.269875378958
4120,4439.269875378954
4121,4439.2698753789555
4122,4439.269875378958
4123,4439.269875378958
4124,4439.269875378957
4125,4439.269866907425
4126,4439.269874817582
4127,4439.269872520435
4128,4439.269873801117
4129,4439.26987320314
4130,4439.269880496824
4131,4439.269874168239
4132,4439.269872480313
4133,4439.269877284758
4134,4439.2698750671325
4135,4439.269876677283
4136,4439.269875672238
4137,4439.269875527032
4138,4439.269879287898
4139,4439.269874476736
4140,4439.269871838405
4141,4439.26987415041
4142,4439.269868557024
4143,4439.269858142019
4144,4439.269892917242
4145,4439.269871936203
4146,4439.269875536137
4147,4439.26987607827
4148,4439.269879093956
4149,4439.269882674033
4150,4439.269876897749
4151,4439.269875194346
4152,4439.269887713787
4153,4439.269872084742
4154,4439.269879114778
4155,4439.2698848995915
4156,4439.269876303962
4157,4439.269875724952
4158,4439.26987506153
4159,4439.269877260994
4160,4439.269873690033
4161,4439.269873589571
4162,4439.269873917289
4163,4439.269873159188
4164,4439.269878074119
4165,4429.836711450018
4166,4429.836711450013
4167,4429.836711450013
4168,4429.836711450013
4169,4429.836711450017
4170,4429.836711450013
4171,4429.836711450017
4172,4429.836711450015
4173,4429.836711450015
4174,4429.836709763983
4175,4429.83670983531
4176,4429.836709845024
4177,4429.836710806334
4178,4429.836711924696
4179,4429.836716456391
4180,4429.8367145494985
4181,4429.836712039331
4182,4429.836713068463
4183,4429.836710132588
4184,4429.836713076904
4185,4429.836712050445
4186,4429.836710607316
4187,4429.836712656771
4188,4429.83671122515
4189,4429.83671036261
4190,4429.836712535689
4191,4429.836709861007
4192,4429.836708118611
4193,4429.836713586127
4194,4429.836708087053
4195,4429.8367115238125
4196,4429.836711502688
4197,4429.836714439029
4198,4429.836712986845
4199,4429.83671311999
4200,4429.836711631606
4201,4429.8367163081675
4202,4429.836709882349
4203,4429.836711649795
4204,4429.836712331126
4205,4429.836710219462
4206,4429.836711407346
4207,4429.836711273114
4208,4429.836713631507
4209,4429.83671001676
4210,4429.836711864917
4211,4429.836710475299
4212,4429.836711170269
4213,4429.836712343356
4214,4425.062731059171
4215,4425.062731059172
4216,4425.062731059166
4217,4425.062731059169
4218,4425.062731059168
4219,4425.062731059172
4220,4425.062731059169
4221,4425.062731059172
4222,4425.062731059173
4223,4425.06272911782
4224,4425.062726827564
4225,4425.062729077301
4226,4425.06273067685
4227,4425.062732150395
4228,4425.062730220124
4229,4425.062729158159
4230,4425.062730775225
4231,4425.06273236641
4232,4425.062728648378
4233,4425.062732035574
4234,4425.062731114002
4235,4425.062730396956
4236,4425.06273337771
4237,4425.062731941046
4238,4425.062732361097
4239,4425.0627353104765
4240,4425.062731544693
4241,4425.062730370131
4242,4425.062728852854
4243,4425.062729625443
4244,4425.062731528649
4245,4425.062731069057
4246,4425.062732602995
4247,4425.062732706913
4248,4425.062730802765
4249,4425.062731593812
4250,4425.062731164256
4251,4425.062729601325
4252,4425.0627316377795
4253,4425.062731939028
4254,4425.062728873471
4255,4425.062731461666
4256,4425.06273095933
4257,4425.062733100899
4258,4425.062730311919
4259,4425.062733916253
4260,4425.062731240935
4261,4425.062733188624
4262,4425.062729337403
4263,4420.821242306781
4264,4420.821242306783
4265,4420.821242306781
4266,4420.821242306783
4267,4420.821242306783
4268,4420.821242306784
4269,4420.821242306783
4270,4420.821242306782
4271,4420.821242306783
4272,4420.821240814409
4273,4420.821238324898
4274,4420.821241775804
4275,4420.821240989736
4276,4420.821242376014
4277,4420.821241436367
4278,4420.821242057663
4279,4420.821240842341
4280,4420.821243077549
4281,4420.821239473733
4282,4420.821242873396
4283,4420.821241984255
4284,4420.82124351837
4285,4420.82124351914
4286,4420.821244037443
4287,4420.821244477762
4288,4420.821247633706
4289,4420.821244236673
4290,4420.821241922264
4291,4420.821238909979
4292,4420.821241020188
4293,4420.821242724269
4294,4420.8212421161115
4295,4420.821242951723
4296,4420.8212415291755
4297,4420.821242216085
4298,4420.821242951706
4299,4420.8212405377435
4300,4420.8212403395
4301,4420.821242080619
4302,4420.82124225778
4303,4420.821241102521
4304,4420.821242844339
4305,4420.821242162518
4306,4420.821244109705
4307,4420.821241190619
4308,4420.821245969998
4309,4420.821243160132
4310,4420.8212439665685
4311,4420.821237976904
4312,4416.325391177341
4313,4416.3253911773445
4314,4416.3253911773445
4315,4416.325391177341
4316,4416.325391177344
4317,4416.3253911773445
4318,4416.325391177341
4319,4416.325391177341
4320,4416.325391177341
4321,4416.325393888334
4322,4416.32539326542
4323,4416.325389861302
4324,4416.3253922257645
4325,4416.325396478006
4326,4416.325385094607
4327,4416.325389865564
4328,4416.325391827527
4329,4416.325391585533
4330,4416.325388304262
4331,4416.325391490351
4332,4416.325390911243
4333,4416.3253872595205
4334,4416.325390752776
4335,4416.325393338469
4336,4416.325396479679
4337,4416.325394780237
4338,4416.325386080536
4339,4416.325394268897
4340,4416.325385905779
4341,4416.32539052345
4342,4416.325391818401
4343,4416.32539113259
4344,4416.3253908478755
4345,4416.325389413896
4346,4416.325389834273
4347,4416.325391960752
4348,4416.325391608828
4349,4416.325391732915
4350,4416.325395472894
4351,4416.325394052597
4352,4416.325390545678
4353,4416.325392583333
4354,4416.325391157177
4355,4416.325392369973
4356,4416.325391835448
4357,4416.3253950698145
4358,4416.325392588363
4359,4416.3253984746
4360,4416.3253941182675
4361,4409.233827078989
4362,4409.233827078988
4363,4409.233827078983
4364,4409.233827078988
4365,4409.233827078986
4366,4409.233827078988
4367,4409.233827078984
4368,4409.233827078988
4369,4409.233827078983
4370,4409.233829288415
4371,4409.233829789866
4372,4409.23382743017
4373,4409.233826085551
4374,4409.233829614382
4375,4409.233825895527
4376,4409.233829316105
4377,4409.23382660043
4378,4409.233827264222
4379,4409.233824376141
4380,4409.233827394107
4381,4409.233826802074
4382,4409.233825472428
4383,4409.233825480606
4384,4409.233829299959
4385,4409.233830761917
4386,4409.233830031959
4387,4409.2338241085035
4388,4409.233828609084
4389,4409.2338238031925
4390,4409.2338260882725
4391,4409.233827321586
4392,4409.2338266540055
4393,4409.233826883981
4394,4409.23382318743
4395,4409.233826882534
4396,4409.233827688447
4397,4409.2338273606665
4398,4409.233826532361
4399,4409.23382870775
4400,4409.233827026151
4401,4409.2338282798155
4402,4409.233828172644
4403,4409.23382702806
4404,4409.233828184879
4405,4409.233826207681
4406,4409.233829733191
4407,4409.233828415068
4408,4409.233830420697
4409,4409.233826580879
4410,4394.78765555325
4411,4394.787655553249
4412,4394.787655553246
4413,4394.78765555325
4414,4394.78765555325
4415,4394.787655553251
4416,4394.787655553251
4417,4394.787655553251
4418,4394.787655553248
4419,4394.787656900506
4420,4394.787658594625
4421,4394.787657364965
4422,4394.7876517918185
4423,4394.787654095319
4424,4394.7876610723115
4425,4394.787660849868
4426,4394.787653998181
4427,4394.787655792942
4428,4394.787653282774
4429,4394.787655784253
4430,4394.78765531084
4431,4394.787656322419
4432,4394.787653391794
4433,4394.787657255625
4434,4394.787656566918
4435,4394.787656726141
4436,4394.787654723857
4437,4394.787654486335
4438,4394.787656052699
4439,4394.787654745737
4440,4394.787655058605
4441,4394.7876547373435
4442,4394.787655666928
4443,4394.787650073057
4444,4394.787656417206
4445,4394.7876558033495
4446,4394.787655741825
4447,4394.787653448638
4448,4394.787653188754
4449,4394.7876509551115
4450,4394.787659122593
4451,4394.787656427988
4452,4394.787655662028
4453,4394.787656586397
4454,4394.7876525432475
4455,4394.787655905747
4456,4394.787656567971
4457,4394.787653041807
4458,4394.787650499235
4459,4380.1644076072425
4460,4380.164407607237
4461,4380.164407607237
4462,4380.1644076072425
4463,4380.164407607241
4464,4380.164407607243
4465,4380.164407607238
4466,4380.164407607242
4467,4380.164407607245
4468,4380.164408638927
4469,4380.164408886843
4470,4380.164408790967
4471,4380.164403938891
4472,4380.164404470434
4473,4380.164412942258
4474,4380.164411548036
4475,4380.164405207838
4476,4380.164408141762
4477,4380.164405794709
4478,4380.164406972966
4479,4380.16440720723
4480,4380.16440884953
4481,4380.164406047273
4482,4380.164408159263
4483,4380.164407574507
4484,4380.164408162377
4485,4380.164407369534
4486,4380.164404168727
4487,4380.164410261027
4488,4380.16440801696
4489,4380.164406606411
4490,4380.164407348554
4491,4380.164407547727
4492,4380.164403899561
4493,4380.164407960193
4494,4380.164407557562
4495,4380.164405897855
4496,4380.164404820418
4497,4380.164404116676
4498,4380.164401612744
4499,4380.164411236112
4500,4380.164408929297
4501,4380.16440809729
4502,4380.164408600482
4503,4380.164404735527
4504,4380.164407185809
4505,4380.164408384867
4506,4380.164403773051
4507,4380.164400577246
4508,4368.1653253600725
4509,4368.165325360068
4510,4368.165325360069
4511,4368.165325360071
4512,4368.1653253600725
4513,4368.165325360073
4514,4368.165325360072
4515,4368.165325360072
4516,4368.165325360072
4517,4368.16532948551
4518,4368.165329655628
4519,4368.165329669904
4520,4368.165322128899
4521,4368.165329320539
4522,4368.16533495265
4523,4368.165345603053
4524,4368.165321058292
4525,4368.165324386786
4526,4368.165326203538
4527,4368.165326707751
4528,4368.165326445743
4529,4368.165330251153
4530,4368.165314279426
4531,4368.165325412145
4532,4368.165321166024
4533,4368.165327200677
4534,4368.165327914295
4535,4368.1653226861945
4536,4368.16532599362
4537,4368.1653243982655
4538,4368.1653241484555
4539,4368.165323991849
4540,4368.165326440434
4541,4368.165321779638
4542,4368.165329376325
4543,4368.165325152635
4544,4368.165325166166
4545,4368.1653278198455
4546,4368.165323837615
4547,4368.165319254857
4548,4368.1653264057995
4549,4368.165325429022
4550,4368.165325198162
4551,4368.165324850331
4552,4368.165322826974
4553,4368.165323107919
4554,4368.165325010716
4555,4368.165325151236
4556,4368.165326422243
4557,4367.304335379781
4558,4367.304335379777
4559,4367.304335379779
4560,4367.304335379778
4561,4367.3043353797775
4562,4367.304335379779
4563,4367.304335379778
4564,4367.304335379777
4565,4367.304335379781
4566,4367.304331349332
4567,4367.3043335051925
4568,4367.3043318122745
4569,4367.304335441282
4570,4367.304328612531
4571,4367.304331766376
4572,4367.304318576442
4573,4367.304340003243
4574,4367.304338555605
4575,4367.304335296055
4576,4367.30433189231
4577,4367.30433452854
4578,4367.304340992083
4579,4367.304346664491
4580,4367.304334545702
4581,4367.304332343177
4582,4367.304332215856
4583,4367.304333173235
4584,4367.304340491883
4585,4367.304335320671
4586,4367.304339073231
4587,4367.304334771821
4588,4367.3043370855485
4589,4367.304333883674
4590,4367.304338485619
4591,4367.304333914503
4592,4367.304334910671
4593,4367.304338738874
4594,4367.304331416971
4595,4367.304332684912
4596,4367.304332361671
4597,4367.304336147992
4598,4367.304338199722
4599,4367.304335647164
4600,4367.304335406511
4601,4367.304334783772
4602,4367.30433537788
4603,4367.304336203008
4604,4367.304331998434
4605,4367.3043299095125
4606,4361.99197399903
4607,4361.991973999031
4608,4361.991973999028
4609,4361.9919739990255
4610,4361.991973999024
4611,4361.991973999026
4612,4361.9919739990255
4613,4361.9919739990255
4614,4361.991973999028
4615,4361.991974052303
4616,4361.991975301634
4617,4361.991974365109
4618,4361.991972345413
4619,4361.991972789675
4620,4361.991977010092
4621,4361.9919757251655
4622,4361.991974245104
4623,4361.991975056441
4624,4361.991974352882
4625,4361.991973006925
4626,4361.991974091656
4627,4361.991979142942
4628,4361.991973745686
4629,4361.991973624585
4630,4361.991970346851
4631,4361.991973458377
4632,4361.991974155204
4633,4361.991975489111
4634,4361.991974062767
4635,4361.991975620506
4636,4361.991973135937
4637,4361.99197414232
4638,4361.991973819071
4639,4361.991973754249
4640,4361.991975142039
4641,4361.991973676712
4642,4361.9919755601695
4643,4361.991973401445
4644,4361.991972038475
4645,4361.991969412098
4646,4361.991974908525
4647,4361.9919754338425
4648,4361.9919740302585
4649,4361.9919737328855
4650,4361.991972393906
4651,4361.991972815874
4652,4361.991974264285
4653,4361.991972309517
4654,4361.9919718574065
4655,4359.605676856915
4656,4359.605676856916
4657,4359.605676856916
4658,4359.605676856916
4659,4359.605676856916
4660,4359.605676856917
4661,4359.605676856918
4662,4359.605676856917
4663,4359.605676856914
4664,4359.605676621332
4665,4359.605677477324
4666,4359.605676763381
4667,4359.605675475143
4668,4359.605675968876
4669,4359.605678600632
4670,4359.605676853105
4671,4359.605677830879
4672,4359.605678204181
4673,4359.60567686492
4674,4359.605675895466
4675,4359.605676835492
4676,4359.605681143274
4677,4359.605678185248
4678,4359.60567677124
4679,4359.6056742145765
4680,4359.605676463729
4681,4359.605676677175
4682,4359.605678948397
4683,4359.605676133732
4684,4359.605678236803
4685,4359.605676148988
4686,4359.605676954785
4687,4359.605676456123
4688,4359.605676765814
4689,4359.605677553832
4690,4359.605676661293
4691,4359.605678703228
4692,4359.605675992214
4693,4359.605675184392
4694,4359.605673363072
4695,4359.605677546251
4696,4359.605678503713
4697,4359.60567686808
4698,4359.605676856243
4699,4359.605675398651
4700,4359.605676742852
4701,4359.605677288132
4702,4359.605675718487
4703,4359.605674830986
4704,4355.225210901115
4705,4355.225210901117
4706,4355.225210901113
4707,4355.225210901117
4708,4355.225210901116
4709,4355.225210901116
4710,4355.225210901115
4711,4355.2252109011115
4712,4355.225210901113
4713,4355.2252100026735
4714,4355.22521036193
4715,4355.225209493551
4716,4355.225212163858
4717,4355.225213090297
4718,4355.225205026938
4719,4355.225208033702
4720,4355.225209539698
4721,4355.225212197515
4722,4355.225210967432
4723,4355.2252095002505
4724,4355.22521089496
4725,4355.225209638083
4726,4355.225212908142
4727,4355.225210544876
4728,4355.225211078789
4729,4355.225213123718
4730,4355.225211046555
4731,4355.225207604612
4732,4355.225212635388
4733,4355.225212661707
4734,4355.225210565191
4735,4355.225211608597
4736,4355.225210149053
4737,4355.225214930881
4738,4355.2252105514035
4739,4355.225210716753
4740,4355.225209837422
4741,4355.225210717699
4742,4355.2252135112985
4743,4355.225213657808
4744,4355.225210610492
4745,4355.225213047814
4746,4355.225210929466
4747,4355.225210963074
4748,4355.225211669875
4749,4355.225212697501
4750,4355.225211363366
4751,4355.225214173936
4752,4355.225210769854
4753,4353.182700405785
4754,4353.182700405788
4755,4353.1827004057905
4756,4353.182700405788
4757,4353.182700405787
4758,4353.182700405786
4759,4353.18270040579
4760,4353.182700405787
4761,4353.182700405786
4762,4353.182703516345
4763,4353.182699106136
4764,4353.1826989323645
4765,4353.182702728149
4766,4353.1827034189755
4767,4353.182695037249
4768,4353.182698400369
4769,4353.182702575519
4770,4353.182701746555
4771,4353.182700479717
4772,4353.182699201279
4773,4353.182700715468
4774,4353.182697125664
4775,4353.182701407004
4776,4353.18269970695
4777,4353.182701746441
4778,4353.182702120435
4779,4353.182701119473
4780,4353.182706418215
4781,4353.182694631827
4782,4353.1827019032735
4783,4353.182699955449
4784,4353.182701085831
4785,4353.182699993025
4786,4353.182701466715
4787,4353.18270020892
4788,4353.18270023475
4789,4353.182697012796
4790,4353.1827009706
4791,4353.182701225695
4792,4353.182698451217
4793,4353.182699458523
4794,4353.1827025624625
4795,4353.182700577385
4796,4353.1827006226895
4797,4353.182701389666
4798,4353.182702191853
4799,4353.182700594898
4800,4353.182703868215
4801,4353.18270132252
4802,4350.503044528512
4803,4350.50304452851
4804,4350.50304452851
4805,4350.503044528506
4806,4350.503044528507
4807,4350.503044528509
4808,4350.50304452851
4809,4350.503044528511
4810,4350.503044528509
4811,4350.50304674567
4812,4350.503043882557
4813,4350.503043520038
4814,4350.503046770739
4815,4350.503047026262
4816,4350.503040824708
4817,4350.503044023451
4818,4350.503047132526
4819,4350.5030458637575
4820,4350.503045168206
4821,4350.503043525591
4822,4350.503044942644
4823,4350.503041254574
4824,4350.503045523703
4825,4350.503043402886
4826,4350.503045148012
4827,4350.503045332757
4828,4350.503044843911
4829,4350.503048988723
4830,4350.503040698289
4831,4350.503045366103
4832,4350.503044090087
4833,4350.50304540953
4834,4350.503044590082
4835,4350.503045879078
4836,4350.503045192959
4837,4350.503044243372
4838,4350.503042920591
4839,4350.503044892806
4840,4350.503045770872
4841,4350.503044131472
4842,4350.503043756554
4843,4350.503046610919
4844,4350.503044492706
4845,4350.503044651404
4846,4350.503045348323
4847,4350.503045649266
4848,4350.503044307783
4849,4350.503047013745
4850,4350.503046089448
4851,4345.388428491803
4852,4345.388428491799
4853,4345.388428491803
4854,4345.388428491806
4855,4345.388428491803
4856,4345.388428491806
4857,4345.388428491805
4858,4345.388428491805
4859,4345.388428491803
4860,4345.388429357767
4861,4345.388427508473
4862,4345.388429241303
4863,4345.388429738848
4864,4345.388428748956
4865,4345.388427839194
4866,4345.388430748142
4867,4345.388430887219
4868,4345.388429479048
4869,4345.388429775778
4870,4345.388427592042
4871,4345.388428817262
4872,4345.388427005631
4873,4345.388428838852
4874,4345.388426976022
4875,4345.388428615289
4876,4345.388428360415
4877,4345.388429470339
4878,4345.388430942941
4879,4345.388426555968
4880,4345.388428430211
4881,4345.388427986373
4882,4345.388429622207
4883,4345.388428882989
4884,4345.388428556388
4885,4345.388430601114
4886,4345.388428046188
4887,4345.388427558483
4888,4345.388427987754
4889,4345.388429275021
4890,4345.388429396449
4891,4345.388428328067
4892,4345.388430529847
4893,4345.388428125315
4894,4345.388428387186
4895,4345.388428584824
4896,4345.388429009013
4897,4345.3884278954365
4898,4345.388428221642
4899,4345.388428466996
4900,4341.2183122797505
4901,4341.218312279752
4902,4341.218312279752
4903,4341.218312279755
4904,4341.218312279752
4905,4341.218312279752
4906,4341.2183122797505
4907,4341.218312279752
4908,4341.21831227975
4909,4341.218311116728
4910,4341.218314587863
4911,4341.218313482081
4912,4341.218311575117
4913,4341.218312888249
4914,4341.218313844258
4915,4341.218313893226
4916,4341.218314892261
4917,4341.218313174521
4918,4341.218313678525
4919,4341.218312241155
4920,4341.218312683922
4921,4341.218309581645
4922,4341.218312882563
4923,4341.2183111993745
4924,4341.218311689377
4925,4341.21831046715
4926,4341.218311309815
4927,4341.218312513531
4928,4341.218313461339
4929,4341.218312274407
4930,4341.218312105833
4931,4341.218312839149
4932,4341.218312876583
4933,4341.2183121352455
4934,4341.218314607365
4935,4341.218311879738
4936,4341.218314319996
4937,4341.2183122884235
4938,4341.218313645133
4939,4341.218314658094
4940,4341.218313064524
4941,4341.218313852573
4942,4341.218311560766
4943,4341.218311741945
4944,4341.21831096105
4945,4341.218311400792
4946,4341.218311681826
4947,4341.218310354325
4948,4341.218313202557
4949,4336.169261344651
4950,4336.169261344648
4951,4336.16926134465
4952,4336.16926134465
4953,4336.169261344649
4954,4336.169261344651
4955,4336.169261344651
4956,4336.169261344651
4957,4336.16926134465
4958,4336.169259037742
4959,4336.169261098272
4960,4336.16926340632
4961,4336.169258713983
4962,4336.169260395854
4963,4336.169263334608
4964,4336.169261803625
4965,4336.169261669244
4966,4336.169261918005
4967,4336.169262139847
4968,4336.169261592013
4969,4336.169261463357
4970,4336.169261371771
4971,4336.169261586344
4972,4336.169260840267
4973,4336.169261451767
4974,4336.169260775172
4975,4336.169262560824
4976,4336.16926099941
4977,4336.169261351832
4978,4336.16926178495
4979,4336.16926125217
4980,4336.169261418652
4981,4336.169261458225
4982,4336.169259909692
4983,4336.169263230398
4984,4336.169261069461
4985,4336.169260608229
4986,4336.169261130152
4987,4336.169261217224
4988,4336.169262515804
4989,4336.1692620442955
4990,4336.1692626350095
4991,4336.169260613125
4992,4336.169260726496
4993,4336.169258852242
4994,4336.169261387622
4995,4336.169261094149
4996,4336.169257724553
4997,4336.169258799022
4998,4331.681208465486
4999,4331.681208465485
5000,4331.681208465486
5001,4331.681208465486
5002,4331.681208465489
5003,4331.681208465486
5004,4331.681208465486
5005,4331.681208465484
5006,4331.681208465485
5007,4331.681208726803
5008,4331.6812103580805
5009,4331.681209803982
5010,4331.681207691679
5011,4331.681208543028
5012,4331.681210377818
5013,4331.681209448729
5014,4331.681210072462
5015,4331.681209208259
5016,4331.681209250272
5017,4331.681208573564
5018,4331.681209008554
5019,4331.681208719033
5020,4331.681206898569
5021,4331.681207282373
5022,4331.681210118762
5023,4331.681205745105
5024,4331.681204701952
5025,4331.681208358384
5026,4331.681207536427
5027,4331.681208726125
5028,4331.681208146938
5029,4331.68120883844
5030,4331.681208584369
5031,4331.681206258947
5032,4331.681209854618
5033,4331.681208115663
5034,4331.681209338032
5035,4331.681209525958
5036,4331.681209004025
5037,4331.681210251549
5038,4331.681208652633
5039,4331.681209740166
5040,4331.681208135217
5041,4331.6812077913955
5042,4331.681206917719
5043,4331.681207384208
5044,4331.681207852104
5045,4331.681206145002
5046,4331.681210389671
5047,4327.969473362412
5048,4327.969473362414
5049,4327.969473362412
5050,4327.969473362411
5051,4327.969473362413
5052,4327.969473362414
5053,4327.96947336241
5054,4327.969473362412
5055,4327.969473362413
5056,4327.96947288776
5057,4327.969472245684
5058,4327.9694740858595
5059,4327.969470928029
5060,4327.969474858535
5061,4327.969474064591
5062,4327.969473036905
5063,4327.969471645016
5064,4327.969474216726
5065,4327.969472978579
5066,4327.969474355067
5067,4327.969473826889
5068,4327.969473804058
5069,4327.969472191231
5070,4327.9694730879755
5071,4327.969474722249
5072,4327.969474343058
5073,4327.969474372737
5074,4327.969472814856
5075,4327.969470769777
5076,4327.969474511149
5077,4327.969473233236
5078,4327.969472614514
5079,4327.969473113154
5080,4327.969472787221
5081,4327.969473530089
5082,4327.969473314938
5083,4327.96947084776
5084,4327.969475362629
5085,4327.969472579828
5086,4327.969472082018
5087,4327.969472414495
5088,4327.96947356266
5089,4327.969473182855
5090,4327.969472876995
5091,4327.969470928734
5092,4327.96947377723
5093,4327.969473225301
5094,4327.969472162635
5095,4327.969473113589
5096,4325.604216321322
5097,4325.60421632132
5098,4325.604216321323
5099,4325.604216321321
5100,4325.604216321321
5101,4325.604216321319
5102,4325.604216321322
5103,4325.60421632132
5104,4325.60421632132
5105,4325.604215511858
5106,4325.604215103083
5107,4325.604216403233
5108,4325.604215246962
5109,4325.604217138349
5110,4325.604216343594
5111,4325.60421535283
5112,4325.604214769142
5113,4325.604217454229
5114,4325.604215977625
5115,4325.604216757206
5116,4325.604216868707
5117,4325.60421640236
5118,4325.604216224007
5119,4325.604215582211
5120,4325.604217392999
5121,4325.604216794228
5122,4325.604216623591
5123,4325.604213957654
5124,4325.604216194709
5125,4325.604217242464
5126,4325.604216106879
5127,4325.6042160758625
5128,4325.604216067107
5129,4325.604217473247
5130,4325.604216314186
5131,4325.604216158022
5132,4325.60421502503
5133,4325.604217562714
5134,4325.6042158863775
5135,4325.604216207709
5136,4325.604215664432
5137,4325.604216771262
5138,4325.604216298072
5139,4325.604216063159
5140,4325.604214773389
5141,4325.604216288745
5142,4325.604216037361
5143,4325.604215415722
5144,4325.604216521527
5145,4322.477760644663
5146,4322.477760644667
5147,4322.4777606446705
5148,4322.477760644665
5149,4322.477760644665
5150,4322.477760644663
5151,4322.477760644664
5152,4322.477760644661
5153,4322.477760644666
5154,4322.477762002863
5155,4322.477760220129
5156,4322.477761133658
5157,4322.47776185424
5158,4322.477762416555
5159,4322.477761412939
5160,4322.477765302529
5161,4322.477759583858
5162,4322.47776164121
5163,4322.477760394499
5164,4322.477760894477
5165,4322.477761535736
5166,4322.4777598273795
5167,4322.477758771737
5168,4322.477759407243
5169,4322.477761293109
5170,4322.477761340694
5171,4322.47776096452
5172,4322.477757441158
5173,4322.477761748708
5174,4322.477760585227
5175,4322.477760294561
5176,4322.477760737617
5177,4322.477760597196
5178,4322.4777624028475
5179,4322.477761344568
5180,4322.477760371725
5181,4322.4777607345695
5182,4322.477761661523
5183,4322.477761134012
5184,4322.477761341499
5185,4322.477760485198
5186,4322.477760995975
5187,4322.477760715317
5188,4322.477760696014
5189,4322.477760558671
5190,4322.47775980142
5191,4322.477760054341
5192,4322.477761630347
5193,4322.477763051222
5194,4324.52452266372
5195,4324.52452266372
5196,4324.524522663723
5197,4324.52452266372
5198,4324.524522663724
5199,4324.5245226637235
5200,4324.524522663722
5201,4324.52452266372
5202,4324.52452266372
5203,4324.524519951133
5204,4324.524519011647
5205,4324.524519219713
5206,4324.5245264738105
5207,4324.5245187700675
5208,4324.524516215127
5209,4324.524507498099
5210,4324.524526287363
5211,4324.52452518344
5212,4324.524521258651
5213,4324.5245205753945
5214,4324.524523032818
5215,4324.524520616901
5216,4324.524533030263
5217,4324.524521187249
5218,4324.524523357095
5219,4324.524520731269
5220,4324.524521668991
5221,4324.524526891449
5222,4324.524522776099
5223,4324.524523828955
5224,4324.524522872876
5225,4324.524524119417
5226,4324.524521421236
5227,4324.52452652697
5228,4324.5245201224
5229,4324.52452223741
5230,4324.524524585674
5231,4324.524519609489
5232,4324.524521006738
5233,4324.524523002704
5234,4324.52452303818
5235,4324.524524267905
5236,4324.524522939524
5237,4324.5245232317675
5238,4324.524524017897
5239,4324.524522634751
5240,4324.524522801665
5241,4324.524521373686
5242,4324.5245213513135
5243,4321.409097530154
5244,4321.409097530154
5245,4321.409097530153
5246,4321.409097530154
5247,4321.409097530153
5248,4321.4090975301515
5249,4321.409097530152
5250,4321.409097530152
5251,4321.409097530154
5252,4321.409097410639
5253,4321.409095949261
5254,4321.409096581014
5255,4321.409099681056
5256,4321.409097276967
5257,4321.409095658319
5258,4321.40909496204
5259,4321.409098237233
5260,4321.4090990897275
5261,4321.409096860077
5262,4321.409096939242
5263,4321.409098221985
5264,4321.409096239516
5265,4321.409100050879
5266,4321.409096207424
5267,4321.409098196981
5268,4321.409097285029
5269,4321.409097353184
5270,4321.409097097484
5271,4321.409098231691
5272,4321.409097976155
5273,4321.409097392866
5274,4321.4090981177715
5275,4321.409097049525
5276,4321.409100075622
5277,4321.409097040832
5278,4321.409097205773
5279,4321.409098316293
5280,4321.40909709544
5281,4321.409097276709
5282,4321.409098110997
5283,4321.409097565622
5284,4321.409098328041
5285,4321.409097671547
5286,4321.40909777063
5287,4321.409097955476
5288,4321.409096954541
5289,4321.409097205331
5290,4321.4090977376645
5291,4321.409098620299
5292,4320.302495662867
5293,4320.302495662872
5294,4320.302495662872
5295,4320.3024956628715
5296,4320.302495662871
5297,4320.302495662871
5298,4320.302495662868
5299,4320.302495662869
5300,4320.30249566287
5301,4320.302495481839
5302,4320.302494841766
5303,4320.302495447452
5304,4320.302497224441
5305,4320.302495174732
5306,4320.302495028867
5307,4320.3024946950245
5308,4320.302496312766
5309,4320.302496950246
5310,4320.3024949359815
5311,4320.302495220233
5312,4320.3024962202735
5313,4320.302494897919
5314,4320.30249768946
5315,4320.30249456582
5316,4320.3024958079195
5317,4320.302495435902
5318,4320.302495767663
5319,4320.302495123438
5320,4320.302496723513
5321,4320.30249593539
5322,4320.302495597873
5323,4320.302496137144
5324,4320.302495130878
5325,4320.30249748283
5326,4320.302495545019
5327,4320.302495355042
5328,4320.30249712297
5329,4320.302495010016
5330,4320.3024954009525
5331,4320.302496211435
5332,4320.3024961639
5333,4320.302496272586
5334,4320.3024956599465
5335,4320.302495814008
5336,4320.302495698397
5337,4320.302494843081
5338,4320.302495439099
5339,4320.30249550155
5340,4320.302496352403
5341,4318.878326535765
5342,4318.878326535771
5343,4318.878326535766
5344,4318.878326535765
5345,4318.878326535767
5346,4318.878326535765
5347,4318.878326535767
5348,4318.878326535765
5349,4318.878326535764
5350,4318.878327425481
5351,4318.878326817922
5352,4318.8783274588095
5353,4318.878327309013
5354,4318.878327790361
5355,4318.878325702207
5356,4318.878327545494
5357,4318.878326873969
5358,4318.8783271518
5359,4318.878325540101
5360,4318.878326791431
5361,4318.878326951039
5362,4318.878325491146
5363,4318.878326611616
5364,4318.878326263178
5365,4318.8783267836225
5366,4318.878327914622
5367,4318.878327911618
5368,4318.878328713814
5369,4318.878324418844
5370,4318.878327062439
5371,4318.878326842523
5372,4318.878326382891
5373,4318.878325769044
5374,4318.878326253332
5375,4318.878326682327
5376,4318.8783263715595
5377,4318.878326973954
5378,4318.878326821401
5379,4318.878326931448
5380,4318.878326477935
5381,4318.878326885243
5382,4318.878326411855
5383,4318.878326186457
5384,4318.878326309515
5385,4318.87832619362
5386,4318.878326201111
5387,4318.878326673501
5388,4318.878327643625
5389,4318.878327764505
5390,4318.141551904401
5391,4318.141551904398
5392,4318.141551904398
5393,4318.141551904404
5394,4318.1415519044
5395,4318.1415519044
5396,4318.141551904401
5397,4318.141551904396
5398,4318.1415519043985
5399,4318.141550476801
5400,4318.14155290019
5401,4318.141553305511
5402,4318.141551464582
5403,4318.1415510656425
5404,4318.1415528358975
5405,4318.141552781623
5406,4318.141551139476
5407,4318.1415523706655
5408,4318.141550964012
5409,4318.141552015614
5410,4318.141551964103
5411,4318.1415528997595
5412,4318.141552678625
5413,4318.1415517184605
5414,4318.141551078654
5415,4318.141552630957
5416,4318.141552493838
5417,4318.141549946934
5418,4318.141553735798
5419,4318.14155215072
5420,4318.141552300776
5421,4318.141551940242
5422,4318.141551040296
5423,4318.141552155572
5424,4318.141552359368
5425,4318.141551705746
5426,4318.1415543355215
5427,4318.141551011571
5428,4318.141552249515
5429,4318.141553698755
5430,4318.1415530123895
5431,4318.141551842497
5432,4318.141551407646
5433,4318.141551623851
5434,4318.141550807026
5435,4318.141551395167
5436,4318.141552100043
5437,4318.141551088738
5438,4318.141551518745
5439,4317.419636271553
5440,4317.419636271554
5441,4317.419636271557
5442,4317.419636271556
5443,4317.419636271552
5444,4317.41963627155
5445,4317.419636271551
5446,4317.419636271552
5447,4317.419636271551
5448,4317.419635373889
5449,4317.419637222602
5450,4317.41963761448
5451,4317.419635702059
5452,4317.419635340649
5453,4317.419637481622
5454,4317.419637155225
5455,4317.419635705027
5456,4317.419636666463
5457,4317.419635271728
5458,4317.4196363844485
5459,4317.419636294806
5460,4317.419637296202
5461,4317.419636766081
5462,4317.41963614025
5463,4317.419635504013
5464,4317.419636880685
5465,4317.419636764379
5466,4317.419635393955
5467,4317.419637073377
5468,4317.419636554853
5469,4317.419636661561
5470,4317.419636262437
5471,4317.419635372124
5472,4317.419635781632
5473,4317.419636650974
5474,4317.4196361036065
5475,4317.4196381832735
5476,4317.419635465022
5477,4317.4196361300055
5478,4317.419636970384
5479,4317.419637348323
5480,4317.419636163454
5481,4317.419635833195
5482,4317.419636016963
5483,4317.419635031839
5484,4317.419635834401
5485,4317.419636489259
5486,4317.41963524592
5487,4317.419635749815
5488,4314.324648505398
5489,4314.324648505395
5490,4314.32464850539
5491,4314.324648505392
5492,4314.324648505395
5493,4314.324648505396
5494,4314.324648505392
5495,4314.324648505397
5496,4314.324648505395
5497,4314.324648697706
5498,4314.324650444151
5499,4314.324648496505
5500,4314.324648289303
5501,4314.324648751584
5502,4314.3246478331685
5503,4314.324647500057
5504,4314.324647484041
5505,4314.324648625225
5506,4314.3246474827065
5507,4314.324648649767
5508,4314.324648406912
5509,4314.3246478417095
5510,4314.324647898373
5511,4314.324648835322
5512,4314.3246481012875
5513,4314.324649692778
5514,4314.324647997981
5515,4314.3246493798015
5516,4314.32464677008
5517,4314.324649161975
5518,4314.324649230505
5519,4314.3246483545545
5520,4314.324647404699
5521,4314.324647076985
5522,4314.324648161271
5523,4314.324648504074
5524,4314.324648174908
5525,4314.324648560955
5526,4314.324648366144
5527,4314.324647551849
5528,4314.324649059425
5529,4314.324648135255
5530,4314.324648197306
5531,4314.324648294316
5532,4314.324647580758
5533,4314.324649150619
5534,4314.324648865609
5535,4314.324648541209
5536,4314.324648924063
5537,4312.968802540439
5538,4312.96880254044
5539,4312.96880254044
5540,4312.968802540439
5541,4312.96880254044
5542,4312.968802540437
5543,4312.9688025404375
5544,4312.968802540437
5545,4312.9688025404375
5546,4312.96880433447
5547,4312.96880146945
5548,4312.968802560853
5549,4312.968803310348
5550,4312.968800467536
5551,4312.9688033688235
5552,4312.968803434069
5553,4312.968802349252
5554,4312.96880248303
5555,4312.968801948377
5556,4312.968801999715
5557,4312.968802428338
5558,4312.96880377781
5559,4312.968801398764
5560,4312.968802259926
5561,4312.968802522628
5562,4312.968802869158
5563,4312.968802318594
5564,4312.968805504562
5565,4312.968798943855
5566,4312.968802366869
5567,4312.968802958974
5568,4312.968803062856
5569,4312.968801655364
5570,4312.968799549687
5571,4312.968802793674
5572,4312.968802492587
5573,4312.96880058597
5574,4312.968801595432
5575,4312.968800391399
5576,4312.96879922649
5577,4312.968802948243
5578,4312.968802826812
5579,4312.968802564253
5580,4312.968802773349
5581,4312.968802116778
5582,4312.968803493963
5583,4312.9688024997295
5584,4312.968801113596
5585,4312.9688014618005
5586,4311.711242164707
5587,4311.711242164707
5588,4311.711242164711
5589,4311.711242164708
5590,4311.711242164707
5591,4311.711242164707
5592,4311.711242164708
5593,4311.711242164708
5594,4311.711242164706
5595,4311.7112431230735
5596,4311.711241635788
5597,4311.711241547369
5598,4311.7112434056335
5599,4311.711241349248
5600,4311.711241634202
5601,4311.7112427660195
5602,4311.711241182354
5603,4311.7112420309395
5604,4311.711241939488
5605,4311.711241935201
5606,4311.711242129352
5607,4311.7112426011145
5608,4311.71124084254
5609,4311.711242025948
5610,4311.711242149217
5611,4311.711243183719
5612,4311.711241569355
5613,4311.711242936191
5614,4311.711240075286
5615,4311.711241864257
5616,4311.711242789842
5617,4311.71124265941
5618,4311.711241436518
5619,4311.711241037565
5620,4311.711242500159
5621,4311.711242182868
5622,4311.711240681839
5623,4311.711241818355
5624,4311.711241434084
5625,4311.711241175938
5626,4311.711242023857
5627,4311.711242289205
5628,4311.711242108674
5629,4311.711242319674
5630,4311.711242252523
5631,4311.7112434156525
5632,4311.711241972198
5633,4311.711242165237
5634,4311.711242523045
5635,4310.755250800504
5636,4310.755250800501
5637,4310.755250800502
5638,4310.755250800504
5639,4310.755250800506
5640,4310.755250800505
5641,4310.755250800505
5642,4310.755250800504
5643,4310.755250800503
5644,4310.755250512887
5645,4310.755250728204
5646,4310.755250070865
5647,4310.755251891052
5648,4310.755250572812
5649,4310.755250146954
5650,4310.755251109352
5651,4310.755249801679
5652,4310.755250689671
5653,4310.755250866255
5654,4310.755250911047
5655,4310.7552508217095
5656,4310.755250733664
5657,4310.755250254948
5658,4310.755250699303
5659,4310.75525046788
5660,4310.7552518844805
5661,4310.755250327359
5662,4310.755249997226
5663,4310.755250669823
5664,4310.7552503467095
5665,4310.755251504065
5666,4310.7552512533575
5667,4310.755250284946
5668,4310.75525139487
5669,4310.755251407764
5670,4310.755250835381
5671,4310.755250725678
5672,4310.755250674736
5673,4310.755250980332
5674,4310.75525173056
5675,4310.755250502372
5676,4310.7552507791725
5677,4310.755250624014
5678,4310.755250817589
5679,4310.755250840498
5680,4310.755251639837
5681,4310.755250453054
5682,4310.755251256107
5683,4310.755251832866
5684,4310.214490738059
5685,4310.2144907380625
5686,4310.214490738061
5687,4310.214490738061
5688,4310.214490738059
5689,4310.214490738061
5690,4310.214490738061
5691,4310.214490738062
5692,4310.21449073806
5693,4310.214489831625
5694,4310.214490780831
5695,4310.214490117969
5696,4310.214491269707
5697,4310.21449065437
5698,4310.214490535439
5699,4310.214490796415
5700,4310.214489954946
5701,4310.214490584493
5702,4310.21449090601
5703,4310.214491113433
5704,4310.214490723168
5705,4310.2144904019915
5706,4310.214490792914
5707,4310.214490731867
5708,4310.214490216318
5709,4310.214491750559
5710,4310.214490788877
5711,4310.214489929557
5712,4310.214491226161
5713,4310.214490253046
5714,4310.214491432904
5715,4310.214491095036
5716,4310.214490344098
5717,4310.214491847324
5718,4310.214491502414
5719,4310.214490806041
5720,4310.214491207815
5721,4310.214490705566
5722,4310.214490967711
5723,4310.214491846235
5724,4310.214490458414
5725,4310.214490583539
5726,4310.2144905259065
5727,4310.214490655798
5728,4310.214490370288
5729,4310.214491155325
5730,4310.214490334163
5731,4310.214491016848
5732,4310.214491575138
5733,4309.3361705992465
5734,4309.336170599244
5735,4309.336170599244
5736,4309.336170599246
5737,4309.336170599245
5738,4309.3361705992465
5739,4309.336170599248
5740,4309.336170599246
5741,4309.336170599248
5742,4309.336169657488
5743,4309.336170931262
5744,4309.336170117865
5745,4309.3361709415185
5746,4309.336170602778
5747,4309.336170691326
5748,4309.336170605542
5749,4309.336170277646
5750,4309.336170376961
5751,4309.336170783296
5752,4309.336171137747
5753,4309.336170567962
5754,4309.336170053878
5755,4309.336170945857
5756,4309.336170613864
5757,4309.3361703400715
5758,4309.336171256361
5759,4309.3361705408
5760,4309.336170093953
5761,4309.3361715142455
5762,4309.336170038188
5763,4309.336171146236
5764,4309.336170970236
5765,4309.336170329622
5766,4309.336171790507
5767,4309.336171412684
5768,4309.336170696611
5769,4309.3361716068275
5770,4309.33617059578
5771,4309.336170956405
5772,4309.336171838415
5773,4309.336170505421
5774,4309.336170438488
5775,4309.33617050361
5776,4309.336170472268
5777,4309.336170068943
5778,4309.336170338696
5779,4309.336170126232
5780,4309.336170884298
5781,4309.33617146664
5782,4309.354641940384
5783,4309.354641940378
5784,4309.354641940376
5785,4309.354641940377
5786,4309.354641940379
5787,4309.3546419403765
5788,4309.354641940381
5789,4309.354641940379
5790,4309.354641940383
5791,4309.354639635926
5792,4309.354638821215
5793,4309.354642299393
5794,4309.3546399332545
5795,4309.354642132925
5796,4309.354640500654
5797,4309.354640656258
5798,4309.354637633728
5799,4309.3546412588685
5800,4309.354641282619
5801,4309.354643096093
5802,4309.354641415845
5803,4309.354643103347
5804,4309.354642517049
5805,4309.3546428947675
5806,4309.354642826099
5807,4309.354646398067
5808,4309.354647814584
5809,4309.354640165723
5810,4309.354642191487
5811,4309.354642302881
5812,4309.354642130079
5813,4309.354641700511
5814,4309.354641359322
5815,4309.354643729041
5816,4309.3546419607
5817,4309.35464232137
5818,4309.3546381390515
5819,4309.354642114994
5820,4309.35464167137
5821,4309.354641409292
5822,4309.354641176433
5823,4309.35464115587
5824,4309.3546422301
5825,4309.354641710553
5826,4309.354640288474
5827,4309.3546427830715
5828,4309.354641976882
5829,4309.354642566167
5830,4309.354637978235
5831,4308.534933786913
5832,4308.534933786908
5833,4308.534933786908
5834,4308.534933786915
5835,4308.534933786914
5836,4308.534933786913
5837,4308.534933786912
5838,4308.534933786912
5839,4308.534933786912
5840,4308.534932170917
5841,4308.534932371901
5842,4308.534933724586
5843,4308.5349329421515
5844,4308.5349338508495
5845,4308.5349331482685
5846,4308.534933148836
5847,4308.534931464784
5848,4308.534933338016
5849,4308.534933551314
5850,4308.53493462975
5851,4308.534933501461
5852,4308.534934101663
5853,4308.534934276991
5854,4308.534934266843
5855,4308.534934073207
5856,4308.534936342277
5857,4308.534936738488
5858,4308.534932662743
5859,4308.534934364657
5860,4308.53493368414
5861,4308.534934155098
5862,4308.53493385578
5863,4308.534933364873
5864,4308.534935268322
5865,4308.534934213116
5866,4308.534934026422
5867,4308.534932380006
5868,4308.534933858246
5869,4308.534933804748
5870,4308.5349340938665
5871,4308.534933362575
5872,4308.534933316942
5873,4308.534933883451
5874,4308.534933609708
5875,4308.534932689082
5876,4308.534934081572
5877,4308.534933566514
5878,4308.534934209729
5879,4308.534932207944
5880,4307.294022207067
5881,4307.294022207063
5882,4307.294022207064
5883,4307.294022207067
5884,4307.294022207066
5885,4307.294022207065
5886,4307.294022207064
5887,4307.294022207067
5888,4307.294022207064
5889,4307.294022099954
5890,4307.294022679889
5891,4307.294022466662
5892,4307.294021585717
5893,4307.2940227553045
5894,4307.294022847287
5895,4307.294023035977
5896,4307.294021483184
5897,4307.294021678192
5898,4307.294021935548
5899,4307.294023187625
5900,4307.294022075137
5901,4307.294021934089
5902,4307.294021969651
5903,4307.294022463519
5904,4307.294022958675
5905,4307.294023234409
5906,4307.294023264723
5907,4307.294022183004
5908,4307.294022722494
5909,4307.294021908983
5910,4307.29402215457
5911,4307.294022384006
5912,4307.294022074481
5913,4307.294022624903
5914,4307.294022731888
5915,4307.294022449446
5916,4307.2940220021055
5917,4307.294022563956
5918,4307.2940223682035
5919,4307.294021965842
5920,4307.294022255718
5921,4307.29402173907
5922,4307.294022639226
5923,4307.294021998695
5924,4307.294021100228
5925,4307.294020882674
5926,4307.294021799085
5927,4307.294022739245
5928,4307.294021923602
5929,4306.801964354112
5930,4306.801964354107
5931,4306.801964354109
5932,4306.801964354111
5933,4306.80196435411
5934,4306.80196435411
5935,4306.801964354112
5936,4306.801964354113
5937,4306.8019643541165
5938,4306.801963864462
5939,4306.801964360008
5940,4306.801963595016
5941,4306.801964520255
5942,4306.801963311791
5943,4306.801963434824
5944,4306.801960518776
5945,4306.801964831321
5946,4306.801964201771
5947,4306.8019637104835
5948,4306.801964619158
5949,4306.80196408304
5950,4306.801964094365
5951,4306.801966645986
5952,4306.801964392675
5953,4306.801965623178
5954,4306.801964159623
5955,4306.8019637930975
5956,4306.80196572589
5957,4306.8019646530765
5958,4306.801964324985
5959,4306.801964152549
5960,4306.801965048504
5961,4306.801964027461
5962,4306.801964680489
5963,4306.801963845021
5964,4306.801964570341
5965,4306.801964489595
5966,4306.8019637323505
5967,4306.801964015595
5968,4306.801963916406
5969,4306.801964588696
5970,4306.801964410529
5971,4306.8019650988645
5972,4306.8019643176885
5973,4306.801963714605
5974,4306.801962970157
5975,4306.801964103185
5976,4306.8019640844805
5977,4306.801963353212
5978,4306.196800969446
5979,4306.196800969446
5980,4306.196800969448
5981,4306.1968009694465
5982,4306.1968009694465
5983,4306.196800969452
5984,4306.196800969448
5985,4306.196800969449
5986,4306.196800969447
5987,4306.196801654221
5988,4306.196801160892
5989,4306.196800729454
5990,4306.196801326724
5991,4306.19680065788
5992,4306.196800591045
5993,4306.196800006807
5994,4306.196800891408
5995,4306.196800627839
5996,4306.196800346532
5997,4306.196801408614
5998,4306.196800826045
5999,4306.196801269602
6000,4306.19680134488
6001,4306.19680096194
6002,4306.196802361875
6003,4306.196801278855
6004,4306.196800409357
6005,4306.196801605307
6006,4306.196800706315
6007,4306.196800794772
6008,4306.196800612324
6009,4306.196801574985
6010,4306.196800766616
6011,4306.196800684295
6012,4306.196800783717
6013,4306.196801207936
6014,4306.196800395161
6015,4306.196800778128
6016,4306.196800854704
6017,4306.196800382479
6018,4306.1968009034745
6019,4306.196800852123
6020,4306.1968018038015
6021,4306.196800930431
6022,4306.196800555406
6023,4306.19679971356
6024,4306.196800638373
6025,4306.196801343215
6026,4306.196800556348
6027,4305.57142987318
6028,4305.5714298731855
6029,4305.571429873182
6030,4305.571429873182
6031,4305.571429873184
6032,4305.571429873185
6033,4305.571429873182
6034,4305.571429873183
6035,4305.571429873183
6036,4305.571430965887
6037,4305.571430104484
6038,4305.571429885174
6039,4305.571430390615
6040,4305.571429743375
6041,4305.571429900768
6042,4305.571430525539
6043,4305.5714293055
6044,4305.571429484424
6045,4305.571429258246
6046,4305.571430293162
6047,4305.571429814935
6048,4305.571430831357
6049,4305.571429276328
6050,4305.5714297552995
6051,4305.57143095156
6052,4305.571430441524
6053,4305.571429095045
6054,4305.571429275869
6055,4305.571429649387
6056,4305.571429593774
6057,4305.571429441372
6058,4305.571430497121
6059,4305.571429739285
6060,4305.571429417894
6061,4305.571429864288
6062,4305.5714301061635
6063,4305.571429006344
6064,4305.571429758181
6065,4305.571429831683
6066,4305.571429524193
6067,4305.571429483216
6068,4305.571429678837
6069,4305.571430737616
6070,4305.571429838755
6071,4305.571429655763
6072,4305.571428976434
6073,4305.571429511192
6074,4305.571430345269
6075,4305.5714297189115
6076,4304.591746131045
6077,4304.591746131046
6078,4304.5917461310455
6079,4304.5917461310455
6080,4304.591746131045
6081,4304.591746131044
6082,4304.591746131046
6083,4304.591746131045
6084,4304.591746131046
6085,4304.591748671004
6086,4304.591746294447
6087,4304.591746108223
6088,4304.591747069358
6089,4304.591747856748
6090,4304.591745452867
6091,4304.591747807499
6092,4304.591745846144
6093,4304.591745708028
6094,4304.591745374432
6095,4304.591746821304
6096,4304.591746311135
6097,4304.5917465349075
6098,4304.591744299449
6099,4304.591746149329
6100,4304.591746929467
6101,4304.591747520776
6102,4304.591745498825
6103,4304.591747302021
6104,4304.591742989804
6105,4304.591746047721
6106,4304.591745722398
6107,4304.591746422571
6108,4304.59174603086
6109,4304.5917448553255
6110,4304.591745946887
6111,4304.591746450761
6112,4304.591743932583
6113,4304.591746932217
6114,4304.591746171313
6115,4304.591744889398
6116,4304.591744670681
6117,4304.5917456342795
6118,4304.591747001501
6119,4304.591745986162
6120,4304.5917463089745
6121,4304.5917461370345
6122,4304.591745898216
6123,4304.5917478843385
6124,4304.591747224498
6125,4303.499997433942
6126,4303.49999743394
6127,4303.499997433941
6128,4303.499997433942
6129,4303.49999743394
6130,4303.49999743394
6131,4303.4999974339435
6132,4303.49999743394
6133,4303.499997433939
6134,4303.499997745493
6135,4303.499998254251
6136,4303.499998006526
6137,4303.499997672795
6138,4303.49999808296
6139,4303.499998819127
6140,4303.500000319493
6141,4303.49999625072
6142,4303.499997119091
6143,4303.499996743893
6144,4303.499997852886
6145,4303.499997648921
6146,4303.499999224927
6147,4303.499996170113
6148,4303.499997066864
6149,4303.499996033772
6150,4303.499998114974
6151,4303.499996029803
6152,4303.499993182106
6153,4303.499998608902
6154,4303.499997044743
6155,4303.499996878211
6156,4303.4999979635095
6157,4303.499997514206
6158,4303.49999756694
6159,4303.499997582295
6160,4303.499997665256
6161,4303.499997288115
6162,4303.499997403755
6163,4303.499997607431
6164,4303.499998597553
6165,4303.499996219715
6166,4303.499997048308
6167,4303.499998256126
6168,4303.499997192951
6169,4303.499997214447
6170,4303.499997536869
6171,4303.499997175205
6172,4303.499997304343
6173,4303.4999978130445
6174,4302.533102423599
6175,4302.5331024235975
6176,4302.533102423604
6177,4302.533102423603
6178,4302.533102423605
6179,4302.533102423605
6180,4302.533102423602
6181,4302.533102423603
6182,4302.533102423603
6183,4302.533102924702
6184,4302.533102638522
6185,4302.533102875408
6186,4302.533102642545
6187,4302.533103422532
6188,4302.533103410792
6189,4302.533104089969
6190,4302.533102301783
6191,4302.533102162622
6192,4302.533101649634
6193,4302.533102902648
6194,4302.533102675028
6195,4302.533103361141
6196,4302.533101909681
6197,4302.533102154007
6198,4302.533101015699
6199,4302.53310297568
6200,4302.533101533076
6201,4302.533100991646
6202,4302.533101969472
6203,4302.5331021524935
6204,4302.533101901247
6205,4302.533102822759
6206,4302.533102476283
6207,4302.533102113091
6208,4302.533102338005
6209,4302.533102690498
6210,4302.5331020522235
6211,4302.533102550937
6212,4302.533102232248
6213,4302.533102600359
6214,4302.533101193409
6215,4302.533102118894
6216,4302.533103236479
6217,4302.533102140931
6218,4302.533102088276
6219,4302.533102555474
6220,4302.533102265937
6221,4302.533102338669
6222,4302.533102736751
6223,4301.617100094825
6224,4301.617100094823
6225,4301.617100094821
6226,4301.617100094822
6227,4301.617100094824
6228,4301.6171000948225
6229,4301.617100094823
6230,4301.617100094823
6231,4301.617100094826
6232,4301.617099750444
6233,4301.617100031709
6234,4301.6171002263345
6235,4301.617100446515
6236,4301.617101586735
6237,4301.617099808504
6238,4301.617099353145
6239,4301.617100849479
6240,4301.617099949103
6241,4301.617099264467
6242,4301.6171006364675
6243,4301.617100385074
6244,4301.617099469255
6245,4301.617101035854
6246,4301.617099958618
6247,4301.617098827373
6248,4301.617100452331
6249,4301.61709942199
6250,4301.61710037688
6251,4301.617099684988
6252,4301.617099961885
6253,4301.617099661147
6254,4301.617100395962
6255,4301.617100096429
6256,4301.617100460013
6257,4301.617099583878
6258,4301.617100393927
6259,4301.617100382082
6260,4301.61710028728
6261,4301.617100345924
6262,4301.617100923052
6263,4301.617099216883
6264,4301.617100057636
6265,4301.617100877019
6266,4301.6170997220825
6267,4301.617099803924
6268,4301.617100082156
6269,4301.617100079537
6270,4301.617100355664
6271,4301.617100505688
6272,4301.0877857874875
6273,4301.087785787486
6274,4301.087785787485
6275,4301.087785787485
6276,4301.087785787482
6277,4301.0877857874875
6278,4301.087785787484
6279,4301.087785787487
6280,4301.087785787484
6281,4301.087786179942
6282,4301.087783850996
6283,4301.087786494108
6284,4301.087785941721
6285,4301.087785527609
6286,4301.087786862244
6287,4301.0877854851915
6288,4301.087787630126
6289,4301.08778562917
6290,4301.08778493422
6291,4301.087785903469
6292,4301.087785997894
6293,4301.087785957171
6294,4301.087786995034
6295,4301.087785445181
6296,4301.087784535718
6297,4301.0877854747605
6298,4301.08778593679
6299,4301.087789068692
6300,4301.0877837311045
6301,4301.087785455025
6302,4301.087785209789
6303,4301.087786271904
6304,4301.087785734159
6305,4301.087784352454
6306,4301.087785460797
6307,4301.08778604657
6308,4301.087785408159
6309,4301.087785179888
6310,4301.087784399447
6311,4301.08778415712
6312,4301.087785651716
6313,4301.087786206669
6314,4301.087786622759
6315,4301.087785586654
6316,4301.08778510658
6317,4301.087785800311
6318,4301.08778579946
6319,4301.087784345368
6320,4301.087784430278
6321,4300.33077578785
6322,4300.330775787851
6323,4300.33077578785
6324,4300.330775787848
6325,4300.330775787849
6326,4300.330775787849
6327,4300.330775787847
6328,4300.330775787847
6329,4300.3307757878465
6330,4300.330775985537
6331,4300.330774024024
6332,4300.330776535725
6333,4300.330776127714
6334,4300.330775883418
6335,4300.3307761973065
6336,4300.330775499629
6337,4300.330777299217
6338,4300.330775602754
6339,4300.3307749703445
6340,4300.330775950123
6341,4300.330776049516
6342,4300.330775517118
6343,4300.330776722395
6344,4300.330775501523
6345,4300.330774873005
6346,4300.330775734493
6347,4300.330775922419
6348,4300.330778484391
6349,4300.330774445986
6350,4300.330775491648
6351,4300.330775245127
6352,4300.330776215846
6353,4300.330775706649
6354,4300.330774778687
6355,4300.330775391839
6356,4300.330776060776
6357,4300.330775573651
6358,4300.330775287842
6359,4300.330775034031
6360,4300.330775014455
6361,4300.330775932471
6362,4300.330776324133
6363,4300.330776602772
6364,4300.33077554961
6365,4300.330775310818
6366,4300.330775862641
6367,4300.330775854343
6368,4300.3307748782445
6369,4300.330774624691
6370,4298.023052931906
6371,4298.023052931905
6372,4298.023052931904
6373,4298.023052931904
6374,4298.023052931904
6375,4298.023052931906
6376,4298.023052931906
6377,4298.023052931908
6378,4298.023052931907
6379,4298.023053126671
6380,4298.023052256673
6381,4298.023053798079
6382,4298.023053716576
6383,4298.023053979817
6384,4298.023051725289
6385,4298.023053785854
6386,4298.023053006263
6387,4298.0230526341875
6388,4298.023052441555
6389,4298.023053251487
6390,4298.023053394202
6391,4298.02305165134
6392,4298.023052024629
6393,4298.023052823399
6394,4298.023053218274
6395,4298.02305394585
6396,4298.023053049235
6397,4298.023053290933
6398,4298.023053696874
6399,4298.023052792897
6400,4298.023052656688
6401,4298.023053121014
6402,4298.023052753058
6403,4298.02305300274
6404,4298.023052582029
6405,4298.023053249496
6406,4298.02305297919
6407,4298.023052909351
6408,4298.02305409138
6409,4298.023054282232
6410,4298.023053919989
6411,4298.023053670781
6412,4298.0230535353385
6413,4298.023052554811
6414,4298.023053068706
6415,4298.0230534806615
6416,4298.023053156359
6417,4298.02305381554
6418,4298.023052422301
6419,4296.839161393066
6420,4296.839161393068
6421,4296.839161393067
6422,4296.839161393068
6423,4296.839161393063
6424,4296.839161393064
6425,4296.839161393068
6426,4296.839161393066
6427,4296.839161393065
6428,4296.839161709034
6429,4296.83916157636
6430,4296.839162102026
6431,4296.839161975944
6432,4296.839162202313
6433,4296.83916029413
6434,4296.8391623394755
6435,4296.839161197446
6436,4296.8391611348625
6437,4296.839161161664
6438,4296.839161687403
6439,4296.839161895339
6440,4296.8391602247575
6441,4296.839160095657
6442,4296.839161321418
6443,4296.839161945231
6444,4296.839162546313
6445,4296.839161412392
6446,4296.839161068527
6447,4296.839162624725
6448,4296.83916140435
6449,4296.839161332722
6450,4296.83916154618
6451,4296.8391611862335
6452,4296.839161683854
6453,4296.839161185556
6454,4296.83916172649
6455,4296.839161728792
6456,4296.839161462691
6457,4296.839162796015
6458,4296.839162694117
6459,4296.839162481724
6460,4296.839161988172
6461,4296.839161805457
6462,4296.839160923396
6463,4296.839161496756
6464,4296.839162103173
6465,4296.839161674537
6466,4296.8391624703
6467,4296.839160860994
6468,4295.1505486678125
6469,4295.15054866782
6470,4295.150548667818
6471,4295.150548667814
6472,4295.1505486678125
6473,4295.1505486678125
6474,4295.1505486678125
6475,4295.1505486678125
6476,4295.150548667806
6477,4295.150547688742
6478,4295.150546229302
6479,4295.150548115352
6480,4295.150549717619
6481,4295.150546736106
6482,4295.15054573285
6483,4295.150545418067
6484,4295.150547575527
6485,4295.150548944437
6486,4295.150548733949
6487,4295.150548190354
6488,4295.150548908699
6489,4295.1505501202
6490,4295.150549605482
6491,4295.150548646435
6492,4295.150550077273
6493,4295.150550607414
6494,4295.150549662629
6495,4295.150547410113
6496,4295.150549795803
6497,4295.150548998278
6498,4295.150548931277
6499,4295.150549292119
6500,4295.150548125858
6501,4295.150550303453
6502,4295.150548107347
6503,4295.150549059435
6504,4295.150548068164
6505,4295.150547660323
6506,4295.150549383102
6507,4295.150549725592
6508,4295.150548635321
6509,4295.1505493547265
6510,4295.150548916508
6511,4295.150548351042
6512,4295.150549357896
6513,4295.150550764442
6514,4295.150549171004
6515,4295.150549083784
6516,4295.150545774774
6517,4294.137761390972
6518,4294.137761390972
6519,4294.13776139097
6520,4294.137761390971
6521,4294.137761390963
6522,4294.137761390967
6523,4294.137761390966
6524,4294.137761390971
6525,4294.137761390973
6526,4294.137763070983
6527,4294.137762768503
6528,4294.137761611864
6529,4294.137761569595
6530,4294.1377619307
6531,4294.137762781119
6532,4294.13776439372
6533,4294.137762326196
6534,4294.137761485732
6535,4294.137762497266
6536,4294.137761822851
6537,4294.137762190434
6538,4294.137762453375
6539,4294.137759479863
6540,4294.137761205457
6541,4294.137761847376
6542,4294.137762351616
6543,4294.137761327829
6544,4294.137761017151
6545,4294.137761150801
6546,4294.137761362056
6547,4294.1377617642465
6548,4294.137761524708
6549,4294.137761576195
6550,4294.137761991762
6551,4294.137762702501
6552,4294.137761791127
6553,4294.137762635048
6554,4294.137762332511
6555,4294.137762317214
6556,4294.137760803166
6557,4294.137760512822
6558,4294.137760814533
6559,4294.137761203081
6560,4294.137760657836
6561,4294.137761384031
6562,4294.137761776957
6563,4294.137761397485
6564,4294.137762948057
6565,4294.137762186371
6566,4293.422352310013
6567,4293.42235231001
6568,4293.422352310012
6569,4293.422352310012
6570,4293.422352310014
6571,4293.42235231001
6572,4293.422352310012
6573,4293.422352310013
6574,4293.422352310012
6575,4293.422352799829
6576,4293.422352649622
6577,4293.422352095921
6578,4293.422352494831
6579,4293.422351674872
6580,4293.422353239901
6581,4293.422352599713
6582,4293.4223532850965
6583,4293.422352574443
6584,4293.422353097017
6585,4293.422352305836
6586,4293.422352862722
6587,4293.422353524049
6588,4293.422352151294
6589,4293.422352097886
6590,4293.422352387321
6591,4293.422352761058
6592,4293.4223520742535
6593,4293.422352071318
6594,4293.422352415465
6595,4293.422352340312
6596,4293.422352593924
6597,4293.422352720817
6598,4293.422352309452
6599,4293.422353064238
6600,4293.422353048597
6601,4293.422352680732
6602,4293.422353348969
6603,4293.4223524292365
6604,4293.422352526124
6605,4293.422351575711
6606,4293.42235153356
6607,4293.4223520485675
6608,4293.422352288848
6609,4293.42235174765
6610,4293.4223521773465
6611,4293.4223527487475
6612,4293.422352420573
6613,4293.422352574152
6614,4293.422351863482
6615,4292.761883071142
6616,4292.761883071137
6617,4292.761883071137
6618,4292.761883071138
6619,4292.761883071143
6620,4292.76188307114
6621,4292.761883071142
6622,4292.76188307114
6623,4292.761883071142
6624,4292.761882981344
6625,4292.761882252548
6626,4292.76188261547
6627,4292.761883312726
6628,4292.761882204113
6629,4292.761883376953
6630,4292.761881634944
6631,4292.761883993678
6632,4292.761883428233
6633,4292.7618836063975
6634,4292.761882863236
6635,4292.761883486642
6636,4292.761884146768
6637,4292.761883758895
6638,4292.761882974088
6639,4292.761882977794
6640,4292.761883520622
6641,4292.761883139539
6642,4292.761883556673
6643,4292.761882629042
6644,4292.76188319185
6645,4292.761883281147
6646,4292.761883524052
6647,4292.761882905518
6648,4292.761883703447
6649,4292.761883362141
6650,4292.761883438826
6651,4292.761883233974
6652,4292.761882883337
6653,4292.761882767552
6654,4292.761881798362
6655,4292.761882125766
6656,4292.761882970597
6657,4292.761883180026
6658,4292.761882634033
6659,4292.761882906331
6660,4292.7618836377915
6661,4292.761883316583
6662,4292.761882802014
6663,4292.761881890911
6664,4291.70306936934
6665,4291.703069369339
6666,4291.703069369338
6667,4291.703069369341
6668,4291.7030693693405
6669,4291.7030693693405
6670,4291.703069369337
6671,4291.7030693693405
6672,4291.703069369339
6673,4291.7030681357655
6674,4291.703068092446
6675,4291.7030687309125
6676,4291.7030696105285
6677,4291.703068297736
6678,4291.703069721151
6679,4291.703066512749
6680,4291.703070350456
6681,4291.703069862474
6682,4291.703069805307
6683,4291.703068875955
6684,4291.703069652202
6685,4291.703069927623
6686,4291.703070848178
6687,4291.7030693673805
6688,4291.703068602963
6689,4291.703069196887
6690,4291.703068946437
6691,4291.703069508063
6692,4291.703069708224
6693,4291.703069420293
6694,4291.703069491619
6695,4291.703069907835
6696,4291.703069090578
6697,4291.7030701458325
6698,4291.703069369673
6699,4291.703069691549
6700,4291.703069363487
6701,4291.703068771275
6702,4291.703068712631
6703,4291.703068073857
6704,4291.703068599747
6705,4291.7030695047715
6706,4291.703069580315
6707,4291.703069075379
6708,4291.703069054258
6709,4291.703069464432
6710,4291.703069715864
6711,4291.703068109995
6712,4291.703067815653
6713,4291.370288788815
6714,4291.370288788823
6715,4291.370288788822
6716,4291.370288788815
6717,4291.370288788819
6718,4291.370288788816
6719,4291.3702887888185
6720,4291.37028878882
6721,4291.370288788818
6722,4291.370290535115
6723,4291.370285328447
6724,4291.370288222936
6725,4291.37028987972
6726,4291.370291407991
6727,4291.370285965225
6728,4291.370285713389
6729,4291.370289743131
6730,4291.370289091215
6731,4291.3702886109095
6732,4291.370288918324
6733,4291.370289202325
6734,4291.370287120693
6735,4291.370287447149
6736,4291.370289780001
6737,4291.370289575175
6738,4291.370290691598
6739,4291.370290160521
6740,4291.370295478588
6741,4291.37028230825
6742,4291.370289381137
6743,4291.370288916716
6744,4291.370288359073
6745,4291.37028807637
6746,4291.370286495559
6747,4291.370287811586
6748,4291.370289196575
6749,4291.370283624203
6750,4291.370289802043
6751,4291.3702880507
6752,4291.370283884202
6753,4291.370287053011
6754,4291.370288796173
6755,4291.370289180504
6756,4291.3702885941475
6757,4291.3702891538
6758,4291.370289702624
6759,4291.370289730111
6760,4291.370290387393
6761,4291.370288445227
6762,4289.865551373356
6763,4289.8655513733565
6764,4289.865551373355
6765,4289.86555137335
6766,4289.865551373353
6767,4289.865551373359
6768,4289.865551373356
6769,4289.865551373352
6770,4289.865551373354
6771,4289.86555080096
6772,4289.865549809032
6773,4289.865551198001
6774,4289.865552010569
6775,4289.865552389556
6776,4289.865551065431
6777,4289.865549803198
6778,4289.865551959978
6779,4289.865551751604
6780,4289.865551687273
6781,4289.865551111373
6782,4289.865551731772
6783,4289.865550598277
6784,4289.865550674247
6785,4289.865551905121
6786,4289.865550717295
6787,4289.865551711391
6788,4289.86555102234
6789,4289.8655524993455
6790,4289.865550501857
6791,4289.865551415863
6792,4289.86555143307
6793,4289.865551436388
6794,4289.865550938244
6795,4289.865550942397
6796,4289.865551185367
6797,4289.865551663739
6798,4289.865549411167
6799,4289.865551442657
6800,4289.865551145702
6801,4289.865549376758
6802,4289.865550701699
6803,4289.865551601953
6804,4289.865551641647
6805,4289.865551186154
6806,4289.86555131938
6807,4289.865551133578
6808,4289.8655519969025
6809,4289.86555105125
6810,4289.865550892688
6811,4289.208981374122
6812,4289.208981374119
6813,4289.2089813741195
6814,4289.2089813741195
6815,4289.208981374122
6816,4289.208981374123
6817,4289.208981374124
6818,4289.2089813741195
6819,4289.20898137412
6820,4289.208980441877
6821,4289.2089810665675
6822,4289.208981500877
6823,4289.208981903789
6824,4289.20898233537
6825,4289.208981905791
6826,4289.208981322702
6827,4289.2089816360985
6828,4289.208981720091
6829,4289.208981942166
6830,4289.208981141107
6831,4289.208981792519
6832,4289.208980871736
6833,4289.208980010277
6834,4289.208981835619
6835,4289.208980451092
6836,4289.208981462689
6837,4289.208980341998
6838,4289.2089802651835
6839,4289.208982441154
6840,4289.208981233913
6841,4289.208981480724
6842,4289.2089814726305
6843,4289.208981063593
6844,4289.208981482929
6845,4289.208981607708
6846,4289.20898162115
6847,4289.208980520274
6848,4289.208981392831
6849,4289.208981774587
6850,4289.208980630286
6851,4289.20898111229
6852,4289.208981579309
6853,4289.208981513308
6854,4289.20898113596
6855,4289.2089812921895
6856,4289.20898074609
6857,4289.208981910703
6858,4289.208980998403
6859,4289.208981417761
6860,4288.333777946181
6861,4288.333777946177
6862,4288.333777946178
6863,4288.33377794618
6864,4288.333777946179
6865,4288.333777946182
6866,4288.333777946176
6867,4288.333777946182
6868,4288.33377794618
6869,4288.333777231384
6870,4288.333779076052
6871,4288.333778436651
6872,4288.333778469307
6873,4288.333779177308
6874,4288.333779067079
6875,4288.33377961898
6876,4288.333777996227
6877,4288.333778237919
6878,4288.333778687663
6879,4288.333777830166
6880,4288.3337784452515
6881,4288.333777617301
6882,4288.333775463349
6883,4288.333778455151
6884,4288.333777049646
6885,4288.333777957936
6886,4288.333776247504
6887,4288.333775368529
6888,4288.333780137913
6889,4288.333777686099
6890,4288.333778139479
6891,4288.333777976407
6892,4288.333777730894
6893,4288.333778074563
6894,4288.333778522306
6895,4288.333778144341
6896,4288.333777850175
6897,4288.333778062261
6898,4288.333779070804
6899,4288.333778143176
6900,4288.333778073998
6901,4288.333778091888
6902,4288.333777928439
6903,4288.333777650517
6904,4288.333777934228
6905,4288.333777010533
6906,4288.33377847983
6907,4288.333777922037
6908,4288.333778813029
6909,4286.888616499782
6910,4286.888616499782
6911,4286.88861649978
6912,4286.888616499782
6913,4286.888616499784
6914,4286.888616499785
6915,4286.888616499786
6916,4286.888616499786
6917,4286.888616499785
6918,4286.888616383024
6919,4286.888618690562
6920,4286.888617452093
6921,4286.888616941358
6922,4286.888617606609
6923,4286.888618351802
6924,4286.88861955322
6925,4286.8886167412575
6926,4286.888616762501
6927,4286.888617213111
6928,4286.8886164233345
6929,4286.888617007894
6930,4286.888616661647
6931,4286.888613281743
6932,4286.888617097563
6933,4286.888615741279
6934,4286.888616321097
6935,4286.888614439106
6936,4286.8886137103755
6937,4286.888618790707
6938,4286.8886161539895
6939,4286.8886167470255
6940,4286.888616506624
6941,4286.888616346732
6942,4286.888615909096
6943,4286.888617278302
6944,4286.888616623544
6945,4286.8886168512645
6946,4286.888616474814
6947,4286.888617868503
6948,4286.888616891887
6949,4286.888616985472
6950,4286.888616601026
6951,4286.888616338396
6952,4286.888616186686
6953,4286.888616444655
6954,4286.888615350703
6955,4286.888617115008
6956,4286.888616508441
6957,4286.888617782168
6958,4284.63025702795
6959,4284.6302570279495
6960,4284.63025702795
6961,4284.6302570279495
6962,4284.63025702795
6963,4284.6302570279495
6964,4284.630257027949
6965,4284.630257027952
6966,4284.630257027951
6967,4284.630256148186
6968,4284.630262044522
6969,4284.630257685408
6970,4284.630258066679
6971,4284.630261149588
6972,4284.6302549113225
6973,4284.630259480933
6974,4284.6302549887905
6975,4284.630257436591
6976,4284.630257026622
6977,4284.630257984198
6978,4284.630257688901
6979,4284.630256175791
6980,4284.630252974704
6981,4284.630258563869
6982,4284.630257425661
6983,4284.630259533291
6984,4284.630255550673
6985,4284.630250803276
6986,4284.630260874759
6987,4284.630257041912
6988,4284.630257766799
6989,4284.630256267348
6990,4284.630256756197
6991,4284.630258787493
6992,4284.630256908174
6993,4284.630257025121
6994,4284.630257678328
6995,4284.630257778536
6996,4284.630261996415
6997,4284.630262406568
6998,4284.630256802906
6999,4284.630256651421
7000,4284.6302564709495
7001,4284.6302565248525
7002,4284.630258227065
7003,4284.630256940292
7004,4284.630258298913
7005,4284.630260899772
7006,4284.630260811468
7007,4281.593570318513
7008,4281.593570318511
7009,4281.593570318511
7010,4281.593570318511
7011,4281.593570318511
7012,4281.593570318516
7013,4281.593570318513
7014,4281.593570318514
7015,4281.593570318516
7016,4281.593571556147
7017,4281.593572798034
7018,4281.593571749932
7019,4281.593571139613
7020,4281.5935704970725
7021,4281.593571627149
7022,4281.5935736128395
7023,4281.593570782247
7024,4281.59357087724
7025,4281.593569992827
7026,4281.593570421354
7027,4281.593570621544
7028,4281.593572340391
7029,4281.593568426447
7030,4281.593571438504
7031,4281.5935706688015
7032,4281.59357094053
7033,4281.593570004068
7034,4281.593568660275
7035,4281.593570959542
7036,4281.593570008864
7037,4281.59357068665
7038,4281.593570344814
7039,4281.593570223908
7040,4281.593568596155
7041,4281.593570526379
7042,4281.593570198613
7043,4281.593570755748
7044,4281.593569170679
7045,4281.593571895532
7046,4281.593571511766
7047,4281.593570337259
7048,4281.593570201173
7049,4281.593569839088
7050,4281.593570069973
7051,4281.593570862723
7052,4281.59357014118
7053,4281.593571510098
7054,4281.593570916645
7055,4281.593571419705
7056,4279.9166401794955
7057,4279.916640179496
7058,4279.916640179496
7059,4279.916640179498
7060,4279.916640179497
7061,4279.916640179499
7062,4279.916640179498
7063,4279.9166401794955
7064,4279.916640179498
7065,4279.9166404659345
7066,4279.91664264153
7067,4279.916641111958
7068,4279.916639979618
7069,4279.916639849152
7070,4279.916641876012
7071,4279.9166408353885
7072,4279.916641024598
7073,4279.916640774162
7074,4279.916639523097
7075,4279.916640178575
7076,4279.916640395775
7077,4279.916641524205
7078,4279.916640676922
7079,4279.916641156707
7080,4279.916639943199
7081,4279.916640327976
7082,4279.916640495665
7083,4279.916639750056
7084,4279.916640694211
7085,4279.916639990785
7086,4279.916640575235
7087,4279.916640333904
7088,4279.916640093911
7089,4279.916639003872
7090,4279.916639935422
7091,4279.916640063217
7092,4279.916641078977
7093,4279.916638919629
7094,4279.916640867159
7095,4279.916640589377
7096,4279.916639961589
7097,4279.916639820269
7098,4279.9166397551835
7099,4279.916639924288
7100,4279.916639725106
7101,4279.916639985062
7102,4279.916641350164
7103,4279.91663982091
7104,4279.916640250738
7105,4278.339879659295
7106,4278.339879659298
7107,4278.3398796593
7108,4278.339879659299
7109,4278.339879659296
7110,4278.339879659293
7111,4278.339879659295
7112,4278.339879659296
7113,4278.3398796592965
7114,4278.339880051788
7115,4278.339878007548
7116,4278.33988010899
7117,4278.339880347074
7118,4278.339878957254
7119,4278.339879771669
7120,4278.339878357049
7121,4278.3398800102
7122,4278.339880431492
7123,4278.339878376047
7124,4278.33987961421
7125,4278.339879690888
7126,4278.339881003609
7127,4278.339881687162
7128,4278.339880733086
7129,4278.339879954312
7130,4278.339880215813
7131,4278.339881668065
7132,4278.339881279935
7133,4278.339878580594
7134,4278.3398793230135
7135,4278.339879687506
7136,4278.339879904171
7137,4278.339879505051
7138,4278.339878277356
7139,4278.339878546628
7140,4278.339879529596
7141,4278.339878310278
7142,4278.339877878066
7143,4278.339879120317
7144,4278.3398790904075
7145,4278.339878871374
7146,4278.339879830262
7147,4278.339879712408
7148,4278.339879848096
7149,4278.339879696861
7150,4278.339880277756
7151,4278.339880828388
7152,4278.339878884832
7153,4278.339878626217
7154,4277.035277595192
7155,4277.035277595191
7156,4277.03527759519
7157,4277.035277595191
7158,4277.035277595191
7159,4277.035277595191
7160,4277.035277595189
7161,4277.0352775951915
7162,4277.0352775951915
7163,4277.03527826863
7164,4277.035277155234
7165,4277.035277603726
7166,4277.0352782213595
7167,4277.0352779943205
7168,4277.03527760693
7169,4277.035276497599
7170,4277.035278280013
7171,4277.035278346278
7172,4277.03527647576
7173,4277.035277954811
7174,4277.0352778782035
7175,4277.035277447637
7176,4277.035279397194
7177,4277.035278474986
7178,4277.035277876533
7179,4277.035278047592
7180,4277.035278980161
7181,4277.03527934214
7182,4277.035276888014
7183,4277.035277219733
7184,4277.035277677714
7185,4277.035277658593
7186,4277.035277709115
7187,4277.035277082801
7188,4277.035276561961
7189,4277.035277489116
7190,4277.035277145569
7191,4277.035276623336
7192,4277.035277662895
7193,4277.035277629719
7194,4277.035276773349
7195,4277.035277575955
7196,4277.035277667075
7197,4277.035277709132
7198,4277.035277555321
7199,4277.035277956825
7200,4277.035278489454
7201,4277.035277753285
7202,4277.0352780001585
7203,4274.299601109187
7204,4274.299601109191
7205,4274.299601109191
7206,4274.299601109191
7207,4274.299601109189
7208,4274.299601109193
7209,4274.299601109192
7210,4274.299601109193
7211,4274.299601109191
7212,4274.299600113798
7213,4274.299600987172
7214,4274.2995998534325
7215,4274.299602022378
7216,4274.299600212258
7217,4274.299600526486
7218,4274.299598296755
7219,4274.299600669474
7220,4274.299602039202
7221,4274.299600600987
7222,4274.299601375175
7223,4274.299601491442
7224,4274.299599666388
7225,4274.299603380325
7226,4274.299601530021
7227,4274.299601401305
7228,4274.299600991615
7229,4274.299601433993
7230,4274.29959988075
7231,4274.299604533557
7232,4274.299600435639
7233,4274.299601287816
7234,4274.299601457581
7235,4274.299601570631
7236,4274.2996034707285
7237,4274.299600123613
7238,4274.299601023177
7239,4274.299602417365
7240,4274.299599832656
7241,4274.299601517959
7242,4274.299602971767
7243,4274.2996012931735
7244,4274.299601592457
7245,4274.29960134183
7246,4274.2996013122165
7247,4274.299601221942
7248,4274.29960154492
7249,4274.2996014160635
7250,4274.299600630178
7251,4274.299601499719
7252,4272.813574006638
7253,4272.813574006638
7254,4272.813574006639
7255,4272.813574006639
7256,4272.813574006641
7257,4272.813574006639
7258,4272.813574006643
7259,4272.813574006637
7260,4272.813574006639
7261,4272.813577098188
7262,4272.813573740647
7263,4272.8135737066095
7264,4272.81357481978
7265,4272.813576225027
7266,4272.813574763543
7267,4272.813578376788
7268,4272.813573605156
7269,4272.813574492578
7270,4272.813573918939
7271,4272.813575492352
7272,4272.8135750577785
7273,4272.813571262693
7274,4272.813571314048
7275,4272.813574241114
7276,4272.81357507719
7277,4272.813575385457
7278,4272.813575632583
7279,4272.813575245034
7280,4272.81357394404
7281,4272.81357330768
7282,4272.813573923658
7283,4272.813573561167
7284,4272.813575067982
7285,4272.813574364184
7286,4272.813574095859
7287,4272.813573911333
7288,4272.813573585094
7289,4272.813575066285
7290,4272.813574998553
7291,4272.813573639007
7292,4272.813573992273
7293,4272.813573847033
7294,4272.813574326212
7295,4272.81357401045
7296,4272.813574257097
7297,4272.813574432168
7298,4272.813573771993
7299,4272.8135762395805
7300,4272.813577235475
7301,4271.619546160392
7302,4271.619546160392
7303,4271.619546160392
7304,4271.619546160393
7305,4271.619546160395
7306,4271.619546160391
7307,4271.61954616039
7308,4271.619546160393
7309,4271.619546160393
7310,4271.619547728182
7311,4271.619545559538
7312,4271.619545621061
7313,4271.619547151615
7314,4271.619546421827
7315,4271.619546902813
7316,4271.619548728898
7317,4271.619545415397
7318,4271.619546776418
7319,4271.619546209907
7320,4271.619547065262
7321,4271.619546925419
7322,4271.619544460777
7323,4271.619544423606
7324,4271.6195463826625
7325,4271.619546845585
7326,4271.619546693488
7327,4271.619546977968
7328,4271.6195459044575
7329,4271.619547846204
7330,4271.619545345418
7331,4271.619546130392
7332,4271.619546135259
7333,4271.619547115826
7334,4271.6195468803935
7335,4271.619546174419
7336,4271.619546055635
7337,4271.619546449565
7338,4271.619546108722
7339,4271.619546651543
7340,4271.619546359973
7341,4271.619546668452
7342,4271.619546421546
7343,4271.61954647731
7344,4271.619546208232
7345,4271.619546522052
7346,4271.619546582406
7347,4271.619545961376
7348,4271.619546803379
7349,4271.6195481248005
7350,4269.949720563352
7351,4269.949720563348
7352,4269.949720563348
7353,4269.94972056335
7354,4269.949720563352
7355,4269.94972056335
7356,4269.949720563351
7357,4269.949720563351
7358,4269.949720563351
7359,4269.9497202727425
7360,4269.949719540033
7361,4269.949719926511
7362,4269.949721213294
7363,4269.949718679362
7364,4269.949721243309
7365,4269.949720263428
7366,4269.949719535289
7367,4269.949721219131
7368,4269.949720698776
7369,4269.94972076888
7370,4269.949720953342
7371,4269.949720333137
7372,4269.949719932919
7373,4269.949720921526
7374,4269.9497205452135
7375,4269.94972009162
7376,4269.9497205756525
7377,4269.949720013365
7378,4269.949722630253
7379,4269.949719776586
7380,4269.949720650042
7381,4269.94972094241
7382,4269.949721301404
7383,4269.949720532323
7384,4269.949720437518
7385,4269.949720439547
7386,4269.949721157991
7387,4269.949719464378
7388,4269.949720086595
7389,4269.949720268673
7390,4269.94972139535
7391,4269.949721029614
7392,4269.949720821934
7393,4269.949720507934
7394,4269.949720685972
7395,4269.94972106209
7396,4269.949720536377
7397,4269.949719178505
7398,4269.949720800834
7399,4268.789339210401
7400,4268.789339210398
7401,4268.789339210397
7402,4268.789339210399
7403,4268.789339210398
7404,4268.7893392104
7405,4268.789339210402
7406,4268.789339210403
7407,4268.7893392104
7408,4268.7893381559115
7409,4268.789338490344
7410,4268.78933878377
7411,4268.78933930181
7412,4268.789337161754
7413,4268.789340029971
7414,4268.789338267739
7415,4268.789338042391
7416,4268.7893397439
7417,4268.789339383516
7418,4268.789339314511
7419,4268.789339538114
7420,4268.789339789488
7421,4268.789338761291
7422,4268.789339603716
7423,4268.789338666915
7424,4268.78933853633
7425,4268.789338946732
7426,4268.789338588618
7427,4268.789340677137
7428,4268.789338521494
7429,4268.789339331662
7430,4268.789339626729
7431,4268.789339933201
7432,4268.789338628173
7433,4268.789339220892
7434,4268.789339083768
7435,4268.789339958975
7436,4268.789338261023
7437,4268.789338586808
7438,4268.789338691894
7439,4268.789339682688
7440,4268.7893393316945
7441,4268.789339390414
7442,4268.78933896697
7443,4268.789339021333
7444,4268.789339682681
7445,4268.789339201508
7446,4268.789337459968
7447,4268.78933922922
7448,4267.049611874604
7449,4267.04961187461
7450,4267.04961187461
7451,4267.049611874604
7452,4267.049611874607
7453,4267.049611874607
7454,4267.049611874607
7455,4267.049611874606
7456,4267.049611874608
7457,4267.0496114177095
7458,4267.049611665086
7459,4267.049610589724
7460,4267.04961239455
7461,4267.049611424692
7462,4267.049609468451
7463,4267.049607240383
7464,4267.049611476753
7465,4267.049612360893
7466,4267.049612075659
7467,4267.049612218873
7468,4267.049612154809
7469,4267.049610482251
7470,4267.049612016784
7471,4267.04961258154
7472,4267.049612166413
7473,4267.049611378969
7474,4267.049611240747
7475,4267.049615226201
7476,4267.049609236044
7477,4267.049611557159
7478,4267.049612383688
7479,4267.049611905881
7480,4267.049612335993
7481,4267.049609954039
7482,4267.049611516639
7483,4267.04961180925
7484,4267.0496114754815
7485,4267.049612095863
7486,4267.049611473572
7487,4267.049609990465
7488,4267.049611283764
7489,4267.049611492748
7490,4267.049611969121
7491,4267.049611339867
7492,4267.049612358564
7493,4267.049612678847
7494,4267.049612026326
7495,4267.0496119009995
7496,4267.049612973557
7497,4265.120884245288
7498,4265.120884245287
7499,4265.120884245288
7500,4265.120884245291
7501,4265.120884245289
7502,4265.120884245289
7503,4265.120884245291
7504,4265.120884245288
7505,4265.120884245288
7506,4265.120883007888
7507,4265.120885397887
7508,4265.120884135164
7509,4265.1208839542005
7510,4265.12088400918
7511,4265.120883793956
7512,4265.120882594403
7513,4265.12088372448
7514,4265.120884357937
7515,4265.120884598657
7516,4265.120884408849
7517,4265.120884519399
7518,4265.120884491573
7519,4265.120884509
7520,4265.1208846193185
7521,4265.120883922129
7522,4265.120883521433
7523,4265.1208838268
7524,4265.1208843113145
7525,4265.120882743785
7526,4265.120884000977
7527,4265.120884601839
7528,4265.120884454886
7529,4265.120884792069
7530,4265.120882839802
7531,4265.120884782422
7532,4265.120884244594
7533,4265.120884908921
7534,4265.120884726351
7535,4265.120884205039
7536,4265.120883493295
7537,4265.120882929889
7538,4265.12088305127
7539,4265.120884166514
7540,4265.120883545347
7541,4265.120884222869
7542,4265.120884247043
7543,4265.120884151317
7544,4265.12088410606
7545,4265.120884955169
7546,4263.703140490537
7547,4263.7031404905365
7548,4263.703140490537
7549,4263.703140490537
7550,4263.703140490536
7551,4263.703140490538
7552,4263.703140490538
7553,4263.703140490537
7554,4263.7031404905365
7555,4263.703139847371
7556,4263.703141220782
7557,4263.703140812768
7558,4263.7031403701085
7559,4263.703140580199
7560,4263.7031403339415
7561,4263.7031402950515
7562,4263.703140106264
7563,4263.703140430528
7564,4263.703140824459
7565,4263.703140610227
7566,4263.703140711554
7567,4263.703140601151
7568,4263.70314097199
7569,4263.703140784222
7570,4263.703140673394
7571,4263.703139824965
7572,4263.703140859096
7573,4263.703140298909
7574,4263.703138995511
7575,4263.703140271423
7576,4263.703140755643
7577,4263.70314069547
7578,4263.703140916181
7579,4263.703139175268
7580,4263.703141227136
7581,4263.703140540128
7582,4263.703140819572
7583,4263.703141014675
7584,4263.703140333979
7585,4263.703139678373
7586,4263.703139071324
7587,4263.703139261884
7588,4263.703140454923
7589,4263.7031398951285
7590,4263.703140547907
7591,4263.703140175964
7592,4263.703140293938
7593,4263.703140682414
7594,4263.703140745776
7595,4261.930047891798
7596,4261.9300478917985
7597,4261.930047891792
7598,4261.930047891794
7599,4261.930047891796
7600,4261.930047891797
7601,4261.930047891795
7602,4261.930047891795
7603,4261.930047891796
7604,4261.930047132448
7605,4261.930048667591
7606,4261.930048779632
7607,4261.930048974862
7608,4261.930049752073
7609,4261.930045965679
7610,4261.930050349263
7611,4261.930046321687
7612,4261.930047582774
7613,4261.930048321566
7614,4261.930048451598
7615,4261.930048034089
7616,4261.930047887397
7617,4261.930046730492
7618,4261.930048475895
7619,4261.930049160566
7620,4261.930048365775
7621,4261.930048030756
7622,4261.930044303802
7623,4261.930049251963
7624,4261.930047622818
7625,4261.930048242686
7626,4261.930047614894
7627,4261.9300479665535
7628,4261.930048627564
7629,4261.930048813479
7630,4261.930047928593
7631,4261.930048771454
7632,4261.930048680054
7633,4261.930050030436
7634,4261.93005119368
7635,4261.930046911329
7636,4261.930047193222
7637,4261.930047823105
7638,4261.930047360427
7639,4261.930049343712
7640,4261.9300472169725
7641,4261.930047741001
7642,4261.930050402208
7643,4261.93004931928
7644,4260.533576824874
7645,4260.533576824877
7646,4260.533576824877
7647,4260.533576824878
7648,4260.533576824876
7649,4260.533576824877
7650,4260.533576824877
7651,4260.533576824875
7652,4260.533576824878
7653,4260.53357675872
7654,4260.533574748231
7655,4260.533577765435
7656,4260.533577696348
7657,4260.5335766894905
7658,4260.533575925875
7659,4260.53357745491
7660,4260.533576543976
7661,4260.533576401436
7662,4260.533576921243
7663,4260.533576448467
7664,4260.533576582312
7665,4260.533576409163
7666,4260.533577947047
7667,4260.53357741546
7668,4260.533578118148
7669,4260.533575635161
7670,4260.533577723687
7671,4260.53357706021
7672,4260.533576950485
7673,4260.53357648711
7674,4260.533577060913
7675,4260.533576971152
7676,4260.533576382166
7677,4260.533575898432
7678,4260.533577164002
7679,4260.5335769327885
7680,4260.533576497516
7681,4260.533576393937
7682,4260.533576142935
7683,4260.5335768497835
7684,4260.533576857597
7685,4260.533577007968
7686,4260.533577073474
7687,4260.533576673918
7688,4260.533577346666
7689,4260.533575824479
7690,4260.5335767669185
7691,4260.533577007341
7692,4260.533575315999
7693,4259.481026778158
7694,4259.4810267781595
7695,4259.481026778154
7696,4259.481026778155
7697,4259.481026778156
7698,4259.481026778159
7699,4259.481026778155
7700,4259.481026778157
7701,4259.481026778157
7702,4259.4810269738
7703,4259.481025062031
7704,4259.48102749604
7705,4259.481027813531
7706,4259.481026631024
7707,4259.481026230498
7708,4259.481027850673
7709,4259.481026955518
7710,4259.481026371696
7711,4259.481027006116
7712,4259.481026436844
7713,4259.481026563923
7714,4259.481025929948
7715,4259.481027282947
7716,4259.481027300798
7717,4259.481027609803
7718,4259.48102507859
7719,4259.481026613019
7720,4259.48102720571
7721,4259.481027374359
7722,4259.481026328706
7723,4259.481027035712
7724,4259.481026886279
7725,4259.48102645414
7726,4259.4810258759635
7727,4259.481027167996
7728,4259.481026878835
7729,4259.4810270709895
7730,4259.481026417479
7731,4259.481026190023
7732,4259.481027034089
7733,4259.48102725522
7734,4259.4810271869255
7735,4259.481027055588
7736,4259.481026560924
7737,4259.481027428488
7738,4259.481025587069
7739,4259.481026640433
7740,4259.481026895641
7741,4259.481026110182
7742,4257.221275260545
7743,4257.221275260539
7744,4257.221275260541
7745,4257.221275260541
7746,4257.221275260541
7747,4257.221275260542
7748,4257.221275260544
7749,4257.221275260545
7750,4257.221275260545
7751,4257.221275709545
7752,4257.221272873919
7753,4257.221275643141
7754,4257.221273980649
7755,4257.221276996007
7756,4257.221272013526
7757,4257.221274438233
7758,4257.221271674121
7759,4257.221274749651
7760,4257.221274833605
7761,4257.221275790806
7762,4257.221275611921
7763,4257.221274146424
7764,4257.221272436089
7765,4257.221276703737
7766,4257.221275565849
7767,4257.221278181091
7768,4257.221277056653
7769,4257.221276672064
7770,4257.221275069213
7771,4257.221275503121
7772,4257.221276208388
7773,4257.221274053494
7774,4257.221274319062
7775,4257.221274922918
7776,4257.221274676696
7777,4257.221275001568
7778,4257.221273283856
7779,4257.221276164681
7780,4257.221276401388
7781,4257.221275436449
7782,4257.221276020296
7783,4257.221275406038
7784,4257.221275220472
7785,4257.221274320382
7786,4257.221275098124
7787,4257.221276818913
7788,4257.221276114419
7789,4257.2212774551
7790,4257.221275093125
7791,4255.23673910503
7792,4255.23673910503
7793,4255.236739105028
7794,4255.236739105029
7795,4255.236739105033
7796,4255.236739105037
7797,4255.236739105033
7798,4255.23673910503
7799,4255.236739105032
7800,4255.236739600838
7801,4255.236740435696
7802,4255.23673893156
7803,4255.236739002563
7804,4255.236739745773
7805,4255.236739350979
7806,4255.236740225036
7807,4255.236740236038
7808,4255.236738614004
7809,4255.2367393461745
7810,4255.2367388137955
7811,4255.236739107401
7812,4255.236737276025
7813,4255.236737988082
7814,4255.236739574285
7815,4255.236737029494
7816,4255.236737097679
7817,4255.236735557054
7818,4255.236739133722
7819,4255.236741116188
7820,4255.236738892247
7821,4255.236739939036
7822,4255.236738661929
7823,4255.236738796409
7824,4255.236739257771
7825,4255.236739392488
7826,4255.236739136169
7827,4255.236741487057
7828,4255.236739538921
7829,4255.2367397550615
7830,4255.236740711842
7831,4255.236740024083
7832,4255.236739368459
7833,4255.236739046734
7834,4255.2367380737705
7835,4255.236739526875
7836,4255.236738077575
7837,4255.23673923751
7838,4255.236739732348
7839,4255.236741461204
7840,4254.384678095354
7841,4254.384678095354
7842,4254.3846780953545
7843,4254.384678095354
7844,4254.384678095353
7845,4254.384678095354
7846,4254.384678095353
7847,4254.384678095351
7848,4254.384678095353
7849,4254.384678469047
7850,4254.3846783407025
7851,4254.384678234593
7852,4254.384677369371
7853,4254.3846780640515
7854,4254.384678612432
7855,4254.384678464084
7856,4254.38467865876
7857,4254.384677572107
7858,4254.384678088429
7859,4254.384677546495
7860,4254.384678069767
7861,4254.384677362702
7862,4254.384678163169
7863,4254.38467856932
7864,4254.384676331577
7865,4254.384676639089
7866,4254.384676356237
7867,4254.384678500101
7868,4254.384678926803
7869,4254.384678066881
7870,4254.384678853241
7871,4254.3846778271645
7872,4254.384677616727
7873,4254.384677753185
7874,4254.384678274572
7875,4254.384678151374
7876,4254.38467930162
7877,4254.384678219011
7878,4254.384677830773
7879,4254.384678202539
7880,4254.384678393126
7881,4254.384677981253
7882,4254.384678034517
7883,4254.384677145957
7884,4254.384677900779
7885,4254.384677554597
7886,4254.384678320458
7887,4254.384678041842
7888,4254.384678571319
7889,4253.552172295573
7890,4253.552172295576
7891,4253.552172295573
7892,4253.552172295575
7893,4253.552172295573
7894,4253.552172295577
7895,4253.552172295576
7896,4253.5521722955755
7897,4253.552172295574
7898,4253.552173070234
7899,4253.552171232349
7900,4253.5521725993685
7901,4253.552171547727
7902,4253.552171746416
7903,4253.55217266955
7904,4253.55217296217
7905,4253.552172116642
7906,4253.55217177522
7907,4253.552172095883
7908,4253.552171706175
7909,4253.5521721732675
7910,4253.552173138776
7911,4253.552172887412
7912,4253.552172706175
7913,4253.552170955721
7914,4253.5521717813035
7915,4253.552172172946
7916,4253.5521722324365
7917,4253.552172077125
7918,4253.55217248406
7919,4253.552172972138
7920,4253.552172078443
7921,4253.552171742455
7922,4253.552171767483
7923,4253.552172478412
7924,4253.552172393376
7925,4253.552172275534
7926,4253.552172171031
7927,4253.552171564493
7928,4253.552171629391
7929,4253.552171731754
7930,4253.552171821646
7931,4253.552172220008
7932,4253.552171360329
7933,4253.55217228654
7934,4253.552172551276
7935,4253.552172547883
7936,4253.552172178889
7937,4253.552171529061
7938,4252.634298689106
7939,4252.634298689106
7940,4252.634298689106
7941,4252.634298689103
7942,4252.634298689106
7943,4252.634298689108
7944,4252.634298689104
7945,4252.634298689104
7946,4252.634298689105
7947,4252.634299076769
7948,4252.634298347305
7949,4252.634298500482
7950,4252.634297526422
7951,4252.6342980287345
7952,4252.634298629749
7953,4252.634297906411
7954,4252.634297909176
7955,4252.634298308506
7956,4252.634298227441
7957,4252.634298108317
7958,4252.634298666198
7959,4252.634299489547
7960,4252.634300423627
7961,4252.634298970367
7962,4252.6342974849495
7963,4252.634298959878
7964,4252.634299555148
7965,4252.634297696525
7966,4252.634298651607
7967,4252.634299123528
7968,4252.6342994465695
7969,4252.634298483315
7970,4252.634298150859
7971,4252.634299298525
7972,4252.634298613917
7973,4252.634298814395
7974,4252.6342983851055
7975,4252.634298574191
7976,4252.634298118045
7977,4252.634298006325
7978,4252.634297395326
7979,4252.634297694977
7980,4252.6342985597885
7981,4252.63429771926
7982,4252.634298429934
7983,4252.634299546284
7984,4252.634298962864
7985,4252.634298723172
7986,4252.634297334588
7987,4251.633336286646
7988,4251.633336286644
7989,4251.6333362866435
7990,4251.6333362866435
7991,4251.633336286644
7992,4251.633336286646
7993,4251.633336286646
7994,4251.633336286646
7995,4251.633336286644
7996,4251.633341021474
7997,4251.633334846044
7998,4251.633336277972
7999,4251.633336078405
8000,4251.633337540014
8001,4251.633336478123
8002,4251.6333399291225
8003,4251.633336700723
8004,4251.633335965691
8005,4251.633335647106
8006,4251.6333367439765
8007,4251.633336505665
8008,4251.633337516571
8009,4251.633335866864
8010,4251.63333610156
8011,4251.633336407393
8012,4251.63333819946
8013,4251.633338653328
8014,4251.633338353845
8015,4251.633331249802
8016,4251.633337066366
8017,4251.633336603817
8018,4251.633335607087
8019,4251.633336270492
8020,4251.633334553207
8021,4251.633336382217
8022,4251.633336406897
8023,4251.63333352957
8024,4251.633337517656
8025,4251.63333580971
8026,4251.633333333667
8027,4251.633333682153
8028,4251.633334679483
8029,4251.633336337703
8030,4251.633335381934
8031,4251.633337018819
8032,4251.633337687876
8033,4251.633336205399
8034,4251.633338552319
8035,4251.633336821086
8036,4250.0011929833645
8037,4250.001192983365
8038,4250.001192983366
8039,4250.001192983362
8040,4250.001192983366
8041,4250.001192983366
8042,4250.001192983366
8043,4250.001192983364
8044,4250.0011929833645
8045,4250.00119482568
8046,4250.001192149866
8047,4250.0011921383875
8048,4250.001193238522
8049,4250.001192159684
8050,4250.00119285592
8051,4250.0011939179885
8052,4250.001192337442
8053,4250.001193018293
8054,4250.001192365196
8055,4250.001192991265
8056,4250.001192931596
8057,4250.001194730721
8058,4250.001193866669
8059,4250.001192744241
8060,4250.001192796024
8061,4250.001193851361
8062,4250.001194465476
8063,4250.001191593593
8064,4250.001192351556
8065,4250.00119352401
8066,4250.001193330309
8067,4250.001192766387
8068,4250.001193026561
8069,4250.001193586712
8070,4250.001192687363
8071,4250.001193182663
8072,4250.0011918983255
8073,4250.001192741052
8074,4250.001192706231
8075,4250.0011924303135
8076,4250.001191402001
8077,4250.001192138395
8078,4250.001193173787
8079,4250.001192322951
8080,4250.001193849737
8081,4250.001194466741
8082,4250.001192776369
8083,4250.001193609165
8084,4250.001192301068
8085,4248.913029883928
8086,4248.9130298839245
8087,4248.9130298839245
8088,4248.913029883928
8089,4248.9130298839245
8090,4248.913029883926
8091,4248.913029883925
8092,4248.913029883926
8093,4248.913029883927
8094,4248.913030734158
8095,4248.913029732432
8096,4248.91302851627
8097,4248.913030647379
8098,4248.913028805923
8099,4248.913029502984
8100,4248.913029232098
8101,4248.91302975964
8102,4248.913030149596
8103,4248.913029305802
8104,4248.913029818498
8105,4248.913029760776
8106,4248.9130304468345
8107,4248.913030904659
8108,4248.913029616611
8109,4248.91302976898
8110,4248.913029584889
8111,4248.913030147714
8112,4248.913028973677
8113,4248.913030547002
8114,4248.913030187867
8115,4248.913030192169
8116,4248.913029829817
8117,4248.913030032514
8118,4248.9130307288615
8119,4248.913029221676
8120,4248.913030102572
8121,4248.913029644332
8122,4248.913029270412
8123,4248.913029690017
8124,4248.9130300639035
8125,4248.913029406825
8126,4248.91302977608
8127,4248.913030296117
8128,4248.913029478369
8129,4248.913030699684
8130,4248.913030796766
8131,4248.9130295137265
8132,4248.9130299444005
8133,4248.913029491331
8134,4248.02861016248
8135,4248.028610162481
8136,4248.028610162481
8137,4248.028610162479
8138,4248.028610162479
8139,4248.028610162481
8140,4248.028610162481
8141,4248.028610162479
8142,4248.02861016248
8143,4248.028610685576
8144,4248.02861067375
8145,4248.02860933638
8146,4248.028610978152
8147,4248.028609440995
8148,4248.028611055659
8149,4248.028611537159
8150,4248.028610497422
8151,4248.028610349394
8152,4248.028609741641
8153,4248.028610156911
8154,4248.028610086577
8155,4248.028610931755
8156,4248.028610168344
8157,4248.028609675001
8158,4248.028609917057
8159,4248.028609275384
8160,4248.0286097508615
8161,4248.028608510131
8162,4248.0286119923385
8163,4248.02861034003
8164,4248.028610246359
8165,4248.028610175893
8166,4248.028610491594
8167,4248.028610724084
8168,4248.028609686447
8169,4248.028610395019
8170,4248.028610681586
8171,4248.028609629546
8172,4248.028610366177
8173,4248.028611145871
8174,4248.028610453395
8175,4248.0286103405
8176,4248.0286106735075
8177,4248.028609886683
8178,4248.028610725851
8179,4248.028610208318
8180,4248.028609531351
8181,4248.028610075957
8182,4248.02861031016
8183,4247.349182985046
8184,4247.349182985046
8185,4247.349182985046
8186,4247.349182985046
8187,4247.349182985046
8188,4247.349182985047
8189,4247.349182985044
8190,4247.349182985044
8191,4247.349182985045
8192,4247.3491833374255
8193,4247.3491830818575
8194,4247.349182145757
8195,4247.349183972883
8196,4247.349183155927
8197,4247.34918272608
8198,4247.349181706531
8199,4247.349184769385
8200,4247.349183164359
8201,4247.34918240546
8202,4247.34918305216
8203,4247.349182731952
8204,4247.349182251397
8205,4247.349183525378
8206,4247.349182677639
8207,4247.349182968142
8208,4247.34918139845
8209,4247.349181825289
8210,4247.349185798202
8211,4247.349181975007
8212,4247.349183083509
8213,4247.349183097405
8214,4247.349182905844
8215,4247.349183117895
8216,4247.349181482971
8217,4247.3491821013795
8218,4247.349183180326
8219,4247.349182859375
8220,4247.34918279435
8221,4247.349182661181
8222,4247.349182609037
8223,4247.349183658501
8224,4247.349183484572
8225,4247.349183605358
8226,4247.349182798425
8227,4247.349183366441
8228,4247.349182528458
8229,4247.349182423275
8230,4247.349183012107
8231,4247.349183442507
8232,4246.869589971937
8233,4246.869589971936
8234,4246.869589971934
8235,4246.869589971935
8236,4246.869589971934
8237,4246.869589971933
8238,4246.869589971933
8239,4246.869589971936
8240,4246.869589971937
8241,4246.869589919486
8242,4246.869590412474
8243,4246.869589773878
8244,4246.869590414478
8245,4246.869590655731
8246,4246.869590130159
8247,4246.869590410626
8248,4246.869590726208
8249,4246.869589967541
8250,4246.869589481941
8251,4246.8695902067475
8252,4246.869589895295
8253,4246.869590035845
8254,4246.86958961795
8255,4246.869589637036
8256,4246.869589937589
8257,4246.869589402338
8258,4246.869589537875
8259,4246.869590804764
8260,4246.869589964035
8261,4246.86959015143
8262,4246.869590056308
8263,4246.869589753546
8264,4246.869590096659
8265,4246.869588998864
8266,4246.869589401112
8267,4246.8695901106
8268,4246.869589963203
8269,4246.869590125644
8270,4246.869590441243
8271,4246.869590467446
8272,4246.869590507118
8273,4246.869590124511
8274,4246.869590452246
8275,4246.869589665552
8276,4246.869590131462
8277,4246.869589556193
8278,4246.869589421941
8279,4246.869590505021
8280,4246.869590443278
8281,4246.538285687915
8282,4246.538285687917
8283,4246.538285687917
8284,4246.538285687911
8285,4246.538285687913
8286,4246.538285687918
8287,4246.538285687917
8288,4246.538285687912
8289,4246.538285687914
8290,4246.538285131333
8291,4246.53828587611
8292,4246.538285811306
8293,4246.53828576062
8294,4246.5382862337965
8295,4246.5382859386
8296,4246.538286391736
8297,4246.538285720879
8298,4246.5382855681855
8299,4246.5382852485
8300,4246.538285868091
8301,4246.538285599699
8302,4246.538286373801
8303,4246.538285384567
8304,4246.538285391347
8305,4246.538285511703
8306,4246.538285674285
8307,4246.538285861477
8308,4246.538285419264
8309,4246.538286158235
8310,4246.538285910697
8311,4246.53828580559
8312,4246.538285456778
8313,4246.538285707216
8314,4246.538285032353
8315,4246.538285297449
8316,4246.53828580644
8317,4246.538285556057
8318,4246.538285769542
8319,4246.538286272626
8320,4246.53828632966
8321,4246.538286052027
8322,4246.5382856054675
8323,4246.538286041567
8324,4246.538285283567
8325,4246.53828574012
8326,4246.538285496806
8327,4246.53828520984
8328,4246.53828614209
8329,4246.538285582284
8330,4246.14589544647
8331,4246.145895446466
8332,4246.145895446466
8333,4246.145895446469
8334,4246.14589544647
8335,4246.145895446471
8336,4246.1458954464715
8337,4246.14589544647
8338,4246.145895446471
8339,4246.145894504677
8340,4246.145895649875
8341,4246.145895665587
8342,4246.145895068709
8343,4246.145896081888
8344,4246.145895523839
8345,4246.145895643639
8346,4246.145894910693
8347,4246.145895265183
8348,4246.145895082108
8349,4246.145895605647
8350,4246.145895410622
8351,4246.145895869361
8352,4246.145895274035
8353,4246.145895226669
8354,4246.1458952004805
8355,4246.145896062738
8356,4246.145896144453
8357,4246.145894779776
8358,4246.145896049531
8359,4246.145895692598
8360,4246.145895667588
8361,4246.145895159525
8362,4246.145895351769
8363,4246.145895146175
8364,4246.145895182798
8365,4246.145895522733
8366,4246.1458950749475
8367,4246.145895620274
8368,4246.145896110973
8369,4246.1458958680905
8370,4246.145895642025
8371,4246.145895090095
8372,4246.145895671496
8373,4246.145894946
8374,4246.145895257819
8375,4246.145895508876
8376,4246.145895051712
8377,4246.145895926903
8378,4246.145894977061
8379,4245.651709119409
8380,4245.65170911941
8381,4245.651709119409
8382,4245.651709119409
8383,4245.651709119408
8384,4245.651709119411
8385,4245.651709119409
8386,4245.651709119414
8387,4245.651709119408
8388,4245.65170818126
8389,4245.651708692808
8390,4245.651709330344
8391,4245.65170930479
8392,4245.6517086262975
8393,4245.651710237428
8394,4245.6517100690235
8395,4245.651709339228
8396,4245.651708932454
8397,4245.651709256746
8398,4245.651709031213
8399,4245.6517086413405
8400,4245.651710079796
8401,4245.651709664816
8402,4245.651708729655
8403,4245.651708438719
8404,4245.651708927622
8405,4245.65170921843
8406,4245.651707372398
8407,4245.651710393614
8408,4245.651709179417
8409,4245.6517092724725
8410,4245.651709111881
8411,4245.651709099699
8412,4245.651709077684
8413,4245.651709424154
8414,4245.651709291424
8415,4245.651709235804
8416,4245.651708579991
8417,4245.651709028277
8418,4245.651709255533
8419,4245.651709181107
8420,4245.651708733633
8421,4245.651709227361
8422,4245.651708684223
8423,4245.651709441955
8424,4245.65170901215
8425,4245.6517084850875
8426,4245.651708603083
8427,4245.651708358942
8428,4245.155689813353
8429,4245.155689813353
8430,4245.155689813354
8431,4245.155689813353
8432,4245.15568981335
8433,4245.155689813349
8434,4245.155689813354
8435,4245.155689813352
8436,4245.15568981335
8437,4245.155688274114
8438,4245.155688721528
8439,4245.155689784286
8440,4245.155689123732
8441,4245.155689430527
8442,4245.155689238629
8443,4245.155687393399
8444,4245.155688334308
8445,4245.1556897672235
8446,4245.155690026917
8447,4245.15568981877
8448,4245.155689568108
8449,4245.155689550434
8450,4245.155690223024
8451,4245.155689940588
8452,4245.155689989509
8453,4245.155691305852
8454,4245.155691091603
8455,4245.155689265836
8456,4245.155690583504
8457,4245.15568981573
8458,4245.1556903024475
8459,4245.15568960558
8460,4245.155689380167
8461,4245.155690263677
8462,4245.155689966599
8463,4245.155689783665
8464,4245.155689010326
8465,4245.15568947886
8466,4245.155689773056
8467,4245.155689226004
8468,4245.155689992437
8469,4245.155689363504
8470,4245.155689810115
8471,4245.155689372645
8472,4245.155689355952
8473,4245.1556906008
8474,4245.155689487893
8475,4245.155689462869
8476,4245.155688166858
8477,4244.744245971624
8478,4244.744245971622
8479,4244.744245971618
8480,4244.74424597162
8481,4244.744245971625
8482,4244.744245971622
8483,4244.744245971623
8484,4244.744245971623
8485,4244.744245971622
8486,4244.74424532574
8487,4244.744246540341
8488,4244.744245751155
8489,4244.744245713747
8490,4244.744246624028
8491,4244.744245622022
8492,4244.744244863722
8493,4244.744245751481
8494,4244.744245937768
8495,4244.744246321159
8496,4244.744246281616
8497,4244.744245795316
8498,4244.744244862072
8499,4244.74424568753
8500,4244.744245918003
8501,4244.744246016843
8502,4244.744247008404
8503,4244.744245878422
8504,4244.744245611851
8505,4244.744246534112
8506,4244.744245953178
8507,4244.744246449757
8508,4244.744245616172
8509,4244.744245815554
8510,4244.744246466613
8511,4244.744246298357
8512,4244.744245942441
8513,4244.744246103845
8514,4244.74424638254
8515,4244.744246715063
8516,4244.744246198692
8517,4244.744245956347
8518,4244.744245402933
8519,4244.744245947209
8520,4244.74424547668
8521,4244.7442459045715
8522,4244.744246133281
8523,4244.744245486923
8524,4244.744246603549
8525,4244.744246499158
8526,4244.447442621711
8527,4244.447442621708
8528,4244.447442621708
8529,4244.44744262171
8530,4244.447442621709
8531,4244.447442621709
8532,4244.447442621711
8533,4244.447442621709
8534,4244.447442621711
8535,4244.447442735131
8536,4244.447442846817
8537,4244.447442381754
8538,4244.447442811797
8539,4244.447442752517
8540,4244.447443078998
8541,4244.447442380407
8542,4244.447443314307
8543,4244.447442665372
8544,4244.447443048714
8545,4244.447442814705
8546,4244.447442308253
8547,4244.447441989542
8548,4244.447442284265
8549,4244.447442480598
8550,4244.447442677232
8551,4244.447442715257
8552,4244.4474418678665
8553,4244.447442817336
8554,4244.447442885053
8555,4244.447442526391
8556,4244.447442955765
8557,4244.447442440779
8558,4244.447442584456
8559,4244.447442534743
8560,4244.4474429807915
8561,4244.447442655783
8562,4244.447443022591
8563,4244.447442746464
8564,4244.447442801531
8565,4244.447442543975
8566,4244.44744275206
8567,4244.44744233582
8568,4244.447442709657
8569,4244.447442269984
8570,4244.4474426804845
8571,4244.447442447146
8572,4244.44744200843
8573,4244.44744274717
8574,4244.447443328447
8575,4244.206940046482
8576,4244.20694004648
8577,4244.20694004648
8578,4244.206940046482
8579,4244.206940046478
8580,4244.206940046479
8581,4244.206940046479
8582,4244.2069400464825
8583,4244.20694004648
8584,4244.2069406415685
8585,4244.206939900165
8586,4244.2069397888245
8587,4244.20694056428
8588,4244.206939984202
8589,4244.206940599842
8590,4244.206940123199
8591,4244.206941000274
8592,4244.206940176203
8593,4244.206940537328
8594,4244.206940287122
8595,4244.206939631195
8596,4244.20693973482
8597,4244.206939520923
8598,4244.206939938106
8599,4244.20694037144
8600,4244.206939936201
8601,4244.2069391181785
8602,4244.206940622461
8603,4244.20694001607
8604,4244.206939898246
8605,4244.206940319029
8606,4244.206939903151
8607,4244.2069400281
8608,4244.206939712532
8609,4244.20694041209
8610,4244.206940073549
8611,4244.206940485526
8612,4244.206940079396
8613,4244.206940054123
8614,4244.206939923135
8615,4244.206940228683
8616,4244.206939945809
8617,4244.206940179779
8618,4244.2069398111025
8619,4244.206940265396
8620,4244.206939827151
8621,4244.206939393222
8622,4244.206940084728
8623,4244.206940904432
8624,4243.678468504373
8625,4243.678468504373
8626,4243.678468504373
8627,4243.678468504372
8628,4243.678468504372
8629,4243.678468504375
8630,4243.678468504369
8631,4243.678468504373
8632,4243.678468504374
8633,4243.678468633957
8634,4243.678468437598
8635,4243.678468184385
8636,4243.678469272634
8637,4243.678467464299
8638,4243.678469612766
8639,4243.678468100101
8640,4243.678469794201
8641,4243.678468809141
8642,4243.678469013848
8643,4243.678468417932
8644,4243.678467834232
8645,4243.678468814642
8646,4243.678468722571
8647,4243.67846847733
8648,4243.678468733211
8649,4243.678467282713
8650,4243.678466986999
8651,4243.678468560668
8652,4243.678469405041
8653,4243.6784682095295
8654,4243.678468723033
8655,4243.678468670971
8656,4243.678468433483
8657,4243.678468428532
8658,4243.678468750971
8659,4243.678468578264
8660,4243.678469719659
8661,4243.678467902721
8662,4243.678468047905
8663,4243.678468766072
8664,4243.678468952359
8665,4243.678468762454
8666,4243.6784686691735
8667,4243.678468476248
8668,4243.678468605723
8669,4243.678467977838
8670,4243.678467871617
8671,4243.678467524132
8672,4243.678468867815
8673,4243.404266019495
8674,4243.404266019494
8675,4243.404266019489
8676,4243.404266019496
8677,4243.404266019494
8678,4243.404266019492
8679,4243.4042660194955
8680,4243.404266019496
8681,4243.4042660194955
8682,4243.40426969959
8683,4243.404264257644
8684,4243.4042666682335
8685,4243.4042665656625
8686,4243.404266370444
8687,4243.4042672364185
8688,4243.4042683967955
8689,4243.4042672026335
8690,4243.404266319397
8691,4243.4042662881275
8692,4243.404266474539
8693,4243.404265486732
8694,4243.404267291686
8695,4243.404264817129
8696,4243.404266259612
8697,4243.404267590017
8698,4243.404266826952
8699,4243.404267048016
8700,4243.40426928127
8701,4243.404261996983
8702,4243.404266003761
8703,4243.404265980607
8704,4243.404265851692
8705,4243.404265780455
8706,4243.404263640436
8707,4243.404266238594
8708,4243.4042658697
8709,4243.404264671452
8710,4243.4042666201
8711,4243.404265116197
8712,4243.404263500878
8713,4243.404265343075
8714,4243.404265749112
8715,4243.404266105236
8716,4243.404266133234
8717,4243.404265986657
8718,4243.404266195076
8719,4243.404265703522
8720,4243.404266222655
8721,4243.404266530463
8722,4242.655459314564
8723,4242.655459314561
8724,4242.6554593145565
8725,4242.655459314561
8726,4242.655459314558
8727,4242.655459314565
8728,4242.655459314563
8729,4242.655459314566
8730,4242.655459314564
8731,4242.655460402805
8732,4242.655459107109
8733,4242.655459534748
8734,4242.655459736818
8735,4242.655458899473
8736,4242.655460266148
8737,4242.655459792514
8738,4242.655459866496
8739,4242.655459681266
8740,4242.655459533787
8741,4242.6554593896435
8742,4242.655458674448
8743,4242.655460373847
8744,4242.6554593762285
8745,4242.655459572367
8746,4242.655460081958
8747,4242.655459206303
8748,4242.655459405324
8749,4242.655459602154
8750,4242.655458810632
8751,4242.655459172047
8752,4242.655459469313
8753,4242.655459360793
8754,4242.6554590257865
8755,4242.655458959867
8756,4242.655459364938
8757,4242.655459245223
8758,4242.655459637514
8759,4242.655459249134
8760,4242.655459007887
8761,4242.655458985747
8762,4242.655459085066
8763,4242.655459236173
8764,4242.655459332823
8765,4242.655459381541
8766,4242.655459194779
8767,4242.655459222617
8768,4242.6554590499445
8769,4242.6554588118115
8770,4242.655459373611
8771,4242.359997484102
8772,4242.359997484102
8773,4242.359997484101
8774,4242.359997484102
8775,4242.3599974841
8776,4242.359997484106
8777,4242.359997484106
8778,4242.359997484104
8779,4242.359997484102
8780,4242.359997518992
8781,4242.359998050872
8782,4242.359997632477
8783,4242.359997642075
8784,4242.359997180352
8785,4242.35999800408
8786,4242.359997071317
8787,4242.359997515075
8788,4242.359997834744
8789,4242.359997550337
8790,4242.359997456479
8791,4242.359996852438
8792,4242.359998263095
8793,4242.359998153147
8794,4242.3599978141865
8795,4242.359997892902
8796,4242.359997432333
8797,4242.359997659217
8798,4242.359996685155
8799,4242.359997979698
8800,4242.359997361761
8801,4242.3599977505955
8802,4242.359997522939
8803,4242.359997097799
8804,4242.359997922144
8805,4242.359997382906
8806,4242.359997407145
8807,4242.35999811681
8808,4242.359997409789
8809,4242.359997586002
8810,4242.35999785141
8811,4242.359997221582
8812,4242.359997296925
8813,4242.359997413214
8814,4242.359997473622
8815,4242.359997277786
8816,4242.359997440146
8817,4242.3599973746095
8818,4242.359996986443
8819,4242.359997304836
8820,4242.121985725423
8821,4242.12198572542
8822,4242.121985725417
8823,4242.121985725422
8824,4242.121985725423
8825,4242.12198572542
8826,4242.12198572542
8827,4242.121985725424
8828,4242.121985725422
8829,4242.12198541054
8830,4242.121986550126
8831,4242.121985912936
8832,4242.121985702389
8833,4242.121985805966
8834,4242.121985846635
8835,4242.121984842104
8836,4242.121985532506
8837,4242.121986050631
8838,4242.121985639639
8839,4242.121985680608
8840,4242.121985113539
8841,4242.121986030426
8842,4242.121986620115
8843,4242.121986152984
8844,4242.121985914141
8845,4242.121985801672
8846,4242.121986112924
8847,4242.121985010541
8848,4242.12198612575
8849,4242.121985631431
8850,4242.1219860503825
8851,4242.121985695683
8852,4242.121985246243
8853,4242.121986228057
8854,4242.1219854657475
8855,4242.121985615731
8856,4242.121986127511
8857,4242.121985818777
8858,4242.121985959212
8859,4242.121986056513
8860,4242.12198543576
8861,4242.121985484399
8862,4242.121985608841
8863,4242.121985668742
8864,4242.121985459865
8865,4242.121985736323
8866,4242.12198577602
8867,4242.12198533525
8868,4242.121985446602
8869,4241.7694212866445
8870,4241.769421286648
8871,4241.769421286647
8872,4241.769421286649
8873,4241.7694212866445
8874,4241.769421286646
8875,4241.769421286647
8876,4241.769421286646
8877,4241.769421286645
8878,4241.769420821894
8879,4241.7694222293
8880,4241.769421909619
8881,4241.769421161738
8882,4241.769422027659
8883,4241.769421586809
8884,4241.769422250806
8885,4241.769420249694
8886,4241.7694215480615
8887,4241.769421231152
8888,4241.769421429976
8889,4241.769420818314
8890,4241.769421573279
8891,4241.769420966545
8892,4241.769421754537
8893,4241.769421267983
8894,4241.76942186064
8895,4241.769422018425
8896,4241.769419222185
8897,4241.7694226971425
8898,4241.769421202276
8899,4241.769421568011
8900,4241.76942108107
8901,4241.769420856808
8902,4241.769422187153
8903,4241.769421076063
8904,4241.769421091423
8905,4241.76942164224
8906,4241.769421704015
8907,4241.769422174598
8908,4241.769422430334
8909,4241.769421270955
8910,4241.76942114537
8911,4241.769421120928
8912,4241.769421218789
8913,4241.769421104054
8914,4241.769421239479
8915,4241.769421420005
8916,4241.769421243457
8917,4241.7694213228015
8918,4241.422206442562
8919,4241.422206442561
8920,4241.4222064425585
8921,4241.42220644256
8922,4241.4222064425585
8923,4241.422206442559
8924,4241.422206442558
8925,4241.422206442558
8926,4241.4222064425585
8927,4241.42220605761
8928,4241.422206234162
8929,4241.422206773119
8930,4241.422206730094
8931,4241.422207276245
8932,4241.422205735574
8933,4241.4222056210065
8934,4241.422206162791
8935,4241.422206811107
8936,4241.422206136273
8937,4241.422206556513
8938,4241.422205789362
8939,4241.422205609679
8940,4241.422206583098
8941,4241.4222071049735
8942,4241.422206153092
8943,4241.42220618573
8944,4241.422206741999
8945,4241.42220738606
8946,4241.422206030303
8947,4241.422206287868
8948,4241.422206762782
8949,4241.422206178215
8950,4241.422205942484
8951,4241.422206124258
8952,4241.422205753161
8953,4241.422206228156
8954,4241.422205894655
8955,4241.4222066898665
8956,4241.422206388835
8957,4241.422206395641
8958,4241.422206824606
8959,4241.422206839853
8960,4241.422206426161
8961,4241.422206442825
8962,4241.422206525744
8963,4241.422206403738
8964,4241.422206751116
8965,4241.422205999752
8966,4241.422206246832
8967,4241.171797092317
8968,4241.171797092316
8969,4241.171797092318
8970,4241.171797092321
8971,4241.171797092318
8972,4241.17179709232
8973,4241.171797092322
8974,4241.171797092321
8975,4241.171797092321
8976,4241.1717971137905
8977,4241.171796732864
8978,4241.171797483507
8979,4241.171797505029
8980,4241.171797817766
8981,4241.171796827753
8982,4241.171797250491
8983,4241.171796982391
8984,4241.171797461145
8985,4241.171796893571
8986,4241.171797279161
8987,4241.171796490417
8988,4241.17179656851
8989,4241.171796728584
8990,4241.171797632264
8991,4241.171796846336
8992,4241.171796754577
8993,4241.171797205084
8994,4241.171797882731
8995,4241.171796757021
8996,4241.1717969356505
8997,4241.171797344233
8998,4241.171796825277
8999,4241.171796740631
9000,4241.171796693906
9001,4241.171796530406
9002,4241.171796892126
9003,4241.171796695205
9004,4241.171797332102
9005,4241.171797020427
9006,4241.171797133128
9007,4241.171797508539
9008,4241.171797531304
9009,4241.171797102954
9010,4241.171797103989
9011,4241.171797257258
9012,4241.1717969524625
9013,4241.171797285464
9014,4241.171796680743
9015,4241.171797187771
9016,4240.576785048568
9017,4240.5767850485645
9018,4240.57678504857
9019,4240.57678504857
9020,4240.576785048567
9021,4240.576785048568
9022,4240.57678504857
9023,4240.576785048569
9024,4240.576785048571
9025,4240.576785750594
9026,4240.576783941356
9027,4240.576785422913
9028,4240.576785609559
9029,4240.576785031458
9030,4240.57678554179
9031,4240.576786622288
9032,4240.576785060793
9033,4240.576785458189
9034,4240.576784983284
9035,4240.576785327835
9036,4240.57678461288
9037,4240.576785507669
9038,4240.576784026542
9039,4240.576785272889
9040,4240.576784887073
9041,4240.576784577138
9042,4240.576784981656
9043,4240.576785534312
9044,4240.576784811586
9045,4240.57678492329
9046,4240.576785177103
9047,4240.576784808815
9048,4240.576785061684
9049,4240.576784637533
9050,4240.576784664587
9051,4240.576784900112
9052,4240.576784837154
9053,4240.576784994939
9054,4240.576784655047
9055,4240.576785071877
9056,4240.576785418012
9057,4240.576785540435
9058,4240.576785118345
9059,4240.57678504383
9060,4240.576785347267
9061,4240.576784951876
9062,4240.576785030189
9063,4240.576784479217
9064,4240.5767852471145
9065,4240.212699889288
9066,4240.212699889287
9067,4240.212699889288
9068,4240.212699889289
9069,4240.21269988929
9070,4240.21269988929
9071,4240.212699889289
9072,4240.212699889288
9073,4240.212699889287
9074,4240.212701248274
9075,4240.212700375285
9076,4240.212699908879
9077,4240.212700181701
9078,4240.212700864561
9079,4240.212699740357
9080,4240.212701452898
9081,4240.21270023851
9082,4240.212700334371
9083,4240.212699808566
9084,4240.212700588681
9085,4240.212699913958
9086,4240.212699282163
9087,4240.21269826468
9088,4240.212699876336
9089,4240.2126998532085
9090,4240.2127001388135
9091,4240.212699272327
9092,4240.212700792664
9093,4240.21269893956
9094,4240.212699859619
9095,4240.212700151989
9096,4240.212699318318
9097,4240.212700257916
9098,4240.212699987514
9099,4240.2126995735225
9100,4240.2126996601855
9101,4240.2127001345925
9102,4240.212700786363
9103,4240.212700494257
9104,4240.212700356315
9105,4240.212699656348
9106,4240.212699856264
9107,4240.21269983207
9108,4240.212699651465
9109,4240.21270021529
9110,4240.212699778199
9111,4240.21269985852
9112,4240.212700713832
9113,4240.212701963221
9114,4239.850401602584
9115,4239.850401602586
9116,4239.850401602585
9117,4239.850401602586
9118,4239.850401602584
9119,4239.850401602585
9120,4239.8504016025845
9121,4239.850401602583
9122,4239.850401602587
9123,4239.850402158534
9124,4239.850401315404
9125,4239.850401676055
9126,4239.850401353619
9127,4239.850401306925
9128,4239.850401817405
9129,4239.850402269973
9130,4239.850401395127
9131,4239.850402010261
9132,4239.850401396806
9133,4239.8504019327875
9134,4239.850401726416
9135,4239.8504018825715
9136,4239.850401038332
9137,4239.850401446629
9138,4239.850401268642
9139,4239.850401687303
9140,4239.850401575974
9141,4239.850401825941
9142,4239.850401150488
9143,4239.850401624176
9144,4239.850401852719
9145,4239.850401240416
9146,4239.850401996962
9147,4239.850401954113
9148,4239.850401231112
9149,4239.850401460463
9150,4239.85040164925
9151,4239.850401715132
9152,4239.850401417312
9153,4239.850401464884
9154,4239.850401287627
9155,4239.850401427138
9156,4239.850401520632
9157,4239.85040127945
9158,4239.850401529632
9159,4239.85040179166
9160,4239.8504016275065
9161,4239.850401468321
9162,4239.850402000534
9163,4239.68265693713
9164,4239.682656937128
9165,4239.682656937125
9166,4239.682656937128
9167,4239.682656937131
9168,4239.68265693713
9169,4239.6826569371315
9170,4239.68265693713
9171,4239.68265693713
9172,4239.682657017474
9173,4239.682656931752
9174,4239.682656961722
9175,4239.682656516289
9176,4239.6826565108495
9177,4239.682656964412
9178,4239.682656766288
9179,4239.682656710518
9180,4239.682657320265
9181,4239.682656662469
9182,4239.682657132907
9183,4239.682657056856
9184,4239.682656987742
9185,4239.682657008929
9186,4239.682656792796
9187,4239.682656452704
9188,4239.682656878394
9189,4239.682656910609
9190,4239.682657069319
9191,4239.682656637407
9192,4239.682656955852
9193,4239.682657232196
9194,4239.682656622313
9195,4239.68265727636
9196,4239.6826574332445
9197,4239.682656506916
9198,4239.682656814644
9199,4239.682657016553
9200,4239.682656924079
9201,4239.682656675751
9202,4239.682656699801
9203,4239.682656593001
9204,4239.682656670736
9205,4239.68265682641
9206,4239.682656577485
9207,4239.682656741108
9208,4239.682657115396
9209,4239.682657025444
9210,4239.6826566450745
9211,4239.682656993537
9212,4239.377336945315
9213,4239.377336945316
9214,4239.377336945316
9215,4239.377336945317
9216,4239.377336945314
9217,4239.377336945314
9218,4239.377336945316
9219,4239.377336945317
9220,4239.377336945315
9221,4239.37733637533
9222,4239.377337372699
9223,4239.3773368924385
9224,4239.377336400256
9225,4239.377336498195
9226,4239.377336324851
9227,4239.377335461768
9228,4239.377336505471
9229,4239.377337290605
9230,4239.377336592074
9231,4239.377337038879
9232,4239.377337040264
9233,4239.377336550504
9234,4239.3773378653605
9235,4239.377336872713
9236,4239.377336510646
9237,4239.377336918922
9238,4239.377337043243
9239,4239.377336894435
9240,4239.377336869728
9241,4239.377336956534
9242,4239.3773373084905
9243,4239.377336635781
9244,4239.377337163426
9245,4239.377337711101
9246,4239.37733644075
9247,4239.377336823205
9248,4239.377336943178
9249,4239.377336802477
9250,4239.377336777655
9251,4239.377336717323
9252,4239.377336585152
9253,4239.377336566365
9254,4239.377336808354
9255,4239.377336566281
9256,4239.377336708144
9257,4239.377337171608
9258,4239.37733712923
9259,4239.377336694809
9260,4239.377336564914
9261,4239.011843824751
9262,4239.011843824748
9263,4239.011843824748
9264,4239.011843824749
9265,4239.011843824748
9266,4239.01184382475
9267,4239.01184382475
9268,4239.011843824752
9269,4239.011843824751
9270,4239.011842990461
9271,4239.011844689559
9272,4239.011843885165
9273,4239.011843309915
9274,4239.011843407435
9275,4239.011843134954
9276,4239.011842146259
9277,4239.011843560427
9278,4239.011844083544
9279,4239.011843535111
9280,4239.011843825425
9281,4239.011843879882
9282,4239.011843140425
9283,4239.0118451476665
9284,4239.011843746603
9285,4239.011843468464
9286,4239.011843544691
9287,4239.011843755028
9288,4239.011843615603
9289,4239.011843960108
9290,4239.011843801348
9291,4239.011844152687
9292,4239.011843551205
9293,4239.0118439971675
9294,4239.011844498585
9295,4239.011843406953
9296,4239.011843726617
9297,4239.011843871073
9298,4239.011843572689
9299,4239.011843701321
9300,4239.011843582394
9301,4239.011843578092
9302,4239.0118434069145
9303,4239.011843710724
9304,4239.011843475705
9305,4239.01184357712
9306,4239.01184380958
9307,4239.011843989909
9308,4239.011843610129
9309,4239.011843295903
9310,4239.234680403473
9311,4239.234680403476
9312,4239.234680403476
9313,4239.234680403476
9314,4239.234680403476
9315,4239.234680403472
9316,4239.234680403474
9317,4239.234680403473
9318,4239.234680403472
9319,4239.2346806832
9320,4239.234678902569
9321,4239.234680610316
9322,4239.234679670431
9323,4239.234680912178
9324,4239.2346764273
9325,4239.234676889063
9326,4239.234677697151
9327,4239.234680607923
9328,4239.234679911718
9329,4239.234681070913
9330,4239.234680763929
9331,4239.234680180642
9332,4239.234681244404
9333,4239.234680835135
9334,4239.234682594468
9335,4239.234683606746
9336,4239.2346834653545
9337,4239.234682444957
9338,4239.234677380577
9339,4239.234680617484
9340,4239.234680736017
9341,4239.234679552801
9342,4239.234680067315
9343,4239.2346802097445
9344,4239.234679824243
9345,4239.234679984893
9346,4239.234677493173
9347,4239.23468069477
9348,4239.234680802494
9349,4239.234679020708
9350,4239.234679691792
9351,4239.234679760075
9352,4239.234680405336
9353,4239.234680183473
9354,4239.234680309602
9355,4239.23468209138
9356,4239.234680881412
9357,4239.2346821237825
9358,4239.234678545081
9359,4238.765065981803
9360,4238.765065981805
9361,4238.7650659818055
9362,4238.7650659818055
9363,4238.765065981807
9364,4238.765065981804
9365,4238.765065981804
9366,4238.765065981808
9367,4238.765065981806
9368,4238.765065612738
9369,4238.765065840759
9370,4238.765066107973
9371,4238.765065385296
9372,4238.765065945531
9373,4238.765063931967
9374,4238.765063558323
9375,4238.765064682695
9376,4238.765066217667
9377,4238.765065607752
9378,4238.765066260185
9379,4238.765066157536
9380,4238.765065507336
9381,4238.765067097547
9382,4238.765066115991
9383,4238.765066692356
9384,4238.765067156918
9385,4238.765067248108
9386,4238.765066697244
9387,4238.765064805995
9388,4238.76506605783
9389,4238.765066308762
9390,4238.76506547056
9391,4238.765065943667
9392,4238.765066293577
9393,4238.765065494739
9394,4238.765065753697
9395,4238.765064779979
9396,4238.7650659506435
9397,4238.765066066732
9398,4238.765065245543
9399,4238.765065542457
9400,4238.765065473546
9401,4238.765065918587
9402,4238.76506568982
9403,4238.765065805542
9404,4238.76506668171
9405,4238.76506627601
9406,4238.765066567209
9407,4238.765064881621
9408,4238.304249355203
9409,4238.3042493551975
9410,4238.304249355199
9411,4238.304249355204
9412,4238.3042493552
9413,4238.304249355201
9414,4238.3042493552
9415,4238.304249355201
9416,4238.3042493552
9417,4238.304248539523
9418,4238.304249744775
9419,4238.304249549137
9420,4238.304249276406
9421,4238.304249011979
9422,4238.304247925583
9423,4238.304247803414
9424,4238.304248585653
9425,4238.3042495477985
9426,4238.3042493366665
9427,4238.304249526297
9428,4238.304249337664
9429,4238.304248989291
9430,4238.304250299831
9431,4238.3042494434485
9432,4238.30425003214
9433,4238.304249487087
9434,4238.30424952125
9435,4238.304249012022
9436,4238.30424968205
9437,4238.3042492618015
9438,4238.304249566241
9439,4238.304248988376
9440,4238.304249385671
9441,4238.304249844689
9442,4238.304249160107
9443,4238.304249194947
9444,4238.304249148191
9445,4238.304248958817
9446,4238.304249619097
9447,4238.304249643328
9448,4238.30424947354
9449,4238.3042492057
9450,4238.304249401029
9451,4238.304249224106
9452,4238.304249378235
9453,4238.304249387416
9454,4238.304249426903
9455,4238.30424972203
9456,4238.304248644863
9457,4238.072774345545
9458,4238.0727743455445
9459,4238.072774345548
9460,4238.0727743455445
9461,4238.072774345549
9462,4238.0727743455445
9463,4238.07277434555
9464,4238.072774345547
9465,4238.072774345549
9466,4238.072774635783
9467,4238.0727744949745
9468,4238.072774958306
9469,4238.072774313728
9470,4238.072774286326
9471,4238.0727741978335
9472,4238.072775005552
9473,4238.072774502862
9474,4238.072774417698
9475,4238.072774568598
9476,4238.072774507553
9477,4238.072774387823
9478,4238.07277420632
9479,4238.072774361662
9480,4238.072774290539
9481,4238.0727750406695
9482,4238.072774115442
9483,4238.072774193345
9484,4238.072774918823
9485,4238.072773708841
9486,4238.0727742367935
9487,4238.07277433726
9488,4238.0727740269485
9489,4238.072774497219
9490,4238.072773647276
9491,4238.072774453074
9492,4238.072774218678
9493,4238.072774031843
9494,4238.072774211674
9495,4238.072774277979
9496,4238.0727739085905
9497,4238.072774529056
9498,4238.072774209473
9499,4238.07277447878
9500,4238.0727742838535
9501,4238.072774180193
9502,4238.0727739071635
9503,4238.07277423973
9504,4238.072774719893
9505,4238.072774173775
9506,4237.945776057324
9507,4237.945776057324
9508,4237.945776057325
9509,4237.945776057322
9510,4237.945776057321
9511,4237.945776057322
9512,4237.945776057326
9513,4237.945776057324
9514,4237.945776057322
9515,4237.945776266777
9516,4237.945776183499
9517,4237.945776600462
9518,4237.945776129571
9519,4237.945775926278
9520,4237.945776101422
9521,4237.945777238962
9522,4237.945776011481
9523,4237.945776156419
9524,4237.945776410068
9525,4237.945776275379
9526,4237.945776107028
9527,4237.9457762570855
9528,4237.945775667358
9529,4237.945775998219
9530,4237.945776813848
9531,4237.94577589349
9532,4237.94577580791
9533,4237.945775952491
9534,4237.94577605061
9535,4237.94577591906
9536,4237.94577602976
9537,4237.945775741214
9538,4237.9457762522015
9539,4237.945775715635
9540,4237.945776272097
9541,4237.94577592481
9542,4237.945776106293
9543,4237.945775931563
9544,4237.945776241584
9545,4237.945776234644
9546,4237.9457763107475
9547,4237.945776020574
9548,4237.945776210087
9549,4237.945776043968
9550,4237.945775938815
9551,4237.94577564219
9552,4237.945775876754
9553,4237.945776498614
9554,4237.945776133661
9555,4237.764562607121
9556,4237.764562607119
9557,4237.764562607118
9558,4237.76456260712
9559,4237.764562607118
9560,4237.764562607121
9561,4237.764562607118
9562,4237.76456260712
9563,4237.76456260712
9564,4237.7645628066475
9565,4237.7645623395165
9566,4237.764562841224
9567,4237.764562810676
9568,4237.764562317927
9569,4237.7645626446765
9570,4237.76456338782
9571,4237.764562670839
9572,4237.764562782475
9573,4237.764563040776
9574,4237.764562795484
9575,4237.7645625942305
9576,4237.764562840189
9577,4237.764562216789
9578,4237.764562627585
9579,4237.764563347254
9580,4237.764562293729
9581,4237.7645622204855
9582,4237.7645628637
9583,4237.764562476556
9584,4237.7645624209845
9585,4237.764562597723
9586,4237.764562343621
9587,4237.764562777529
9588,4237.764562331243
9589,4237.7645628268865
9590,4237.764562479316
9591,4237.7645627682605
9592,4237.764562456916
9593,4237.764562609204
9594,4237.764562828123
9595,4237.764562882031
9596,4237.764562751484
9597,4237.764562815493
9598,4237.764562680177
9599,4237.764562457606
9600,4237.76456234205
9601,4237.764562391952
9602,4237.764562877956
9603,4237.7645627870725
9604,4237.989204885061
9605,4237.989204885063
9606,4237.989204885065
9607,4237.989204885062
9608,4237.98920488506
9609,4237.989204885058
9610,4237.989204885061
9611,4237.989204885061
9612,4237.989204885061
9613,4237.98920475396
9614,4237.989205162221
9615,4237.989205385268
9616,4237.989203925549
9617,4237.9892052197065
9618,4237.98920679938
9619,4237.98920919417
9620,4237.98920317104
9621,4237.989204823132
9622,4237.989205569352
9623,4237.989205042779
9624,4237.989205420739
9625,4237.989206462562
9626,4237.989203139456
9627,4237.989204654451
9628,4237.989205086896
9629,4237.989206360031
9630,4237.989206124502
9631,4237.989201169059
9632,4237.989206746468
9633,4237.989204882348
9634,4237.989204762014
9635,4237.989204609978
9636,4237.9892051566185
9637,4237.989206096622
9638,4237.989205618508
9639,4237.98920475076
9640,4237.98920543819
9641,4237.989205538458
9642,4237.989206049937
9643,4237.989206206512
9644,4237.989204470765
9645,4237.98920431315
9646,4237.989204929918
9647,4237.989204869159
9648,4237.989203964783
9649,4237.989205185577
9650,4237.989204589807
9651,4237.9892055792025
9652,4237.98920521454
9653,4237.60308513605
9654,4237.603085136054
9655,4237.603085136054
9656,4237.603085136054
9657,4237.603085136053
9658,4237.603085136056
9659,4237.603085136055
9660,4237.603085136052
9661,4237.603085136052
9662,4237.603085204565
9663,4237.60308508182
9664,4237.603085476186
9665,4237.603084886939
9666,4237.603085092101
9667,4237.603085905094
9668,4237.603087306428
9669,4237.60308449346
9670,4237.603085217343
9671,4237.603085668536
9672,4237.603085315661
9673,4237.603085337829
9674,4237.6030859002985
9675,4237.6030842068985
9676,4237.6030850587385
9677,4237.603085666605
9678,4237.603085530069
9679,4237.603085395598
9680,4237.603083825461
9681,4237.603085792538
9682,4237.603085023235
9683,4237.603085082737
9684,4237.603084866414
9685,4237.60308534769
9686,4237.603085450177
9687,4237.603085560489
9688,4237.603085005221
9689,4237.603085448688
9690,4237.6030853019665
9691,4237.603085597205
9692,4237.603085793683
9693,4237.603085140529
9694,4237.603084999367
9695,4237.603085280458
9696,4237.603085174215
9697,4237.6030846875765
9698,4237.603085095487
9699,4237.603084888675
9700,4237.603085577594
9701,4237.603085373364
9702,4237.369649047314
9703,4237.369649047303
9704,4237.369649047303
9705,4237.369649047308
9706,4237.3696490473085
9707,4237.369649047311
9708,4237.369649047314
9709,4237.36964904731
9710,4237.369649047313
9711,4237.3696488609985
9712,4237.369648868139
9713,4237.369649006172
9714,4237.369648827006
9715,4237.369648985136
9716,4237.369649567026
9717,4237.369649996137
9718,4237.369648682509
9719,4237.369649164768
9720,4237.369649549696
9721,4237.369649075937
9722,4237.36964913814
9723,4237.369649307036
9724,4237.369648739914
9725,4237.369649094924
9726,4237.369649333351
9727,4237.369649149709
9728,4237.369649201347
9729,4237.369648460239
9730,4237.369649279297
9731,4237.369648901682
9732,4237.369649060486
9733,4237.369648861538
9734,4237.369649147255
9735,4237.369649323196
9736,4237.369649375255
9737,4237.369648937321
9738,4237.369649265686
9739,4237.36964919718
9740,4237.369649171994
9741,4237.369649353534
9742,4237.369649001582
9743,4237.369648996862
9744,4237.369649226802
9745,4237.369649152338
9746,4237.369648498274
9747,4237.369649152244
9748,4237.369648850981
9749,4237.369649212391
9750,4237.369649177584
9751,4237.173256435685
9752,4237.173256435688
9753,4237.173256435687
9754,4237.17325643568
9755,4237.1732564356835
9756,4237.173256435684
9757,4237.173256435685
9758,4237.173256435684
9759,4237.173256435685
9760,4237.173255993892
9761,4237.17325637759
9762,4237.173256092384
9763,4237.173256220918
9764,4237.173256534281
9765,4237.1732566367655
9766,4237.173256262533
9767,4237.173256352451
9768,4237.173256533742
9769,4237.17325684702
9770,4237.173256317397
9771,4237.173256413516
9772,4237.1732560729315
9773,4237.173256825678
9774,4237.173256590862
9775,4237.173256382382
9776,4237.173256315119
9777,4237.173256529905
9778,4237.173256463868
9779,4237.173256196904
9780,4237.173256294501
9781,4237.173256516001
9782,4237.173256308091
9783,4237.173256421094
9784,4237.173256613907
9785,4237.173256646795
9786,4237.173256344646
9787,4237.173256480313
9788,4237.173256628578
9789,4237.173256331396
9790,4237.173256355962
9791,4237.173256284667
9792,4237.173256369993
9793,4237.17325662175
9794,4237.173256579097
9795,4237.173255845889
9796,4237.173256646985
9797,4237.173256329692
9798,4237.173256440263
9799,4237.173256492114
9800,4237.044187620035
9801,4237.044187620034
9802,4237.044187620034
9803,4237.044187620034
9804,4237.044187620031
9805,4237.0441876200375
9806,4237.044187620036
9807,4237.044187620033
9808,4237.044187620033
9809,4237.044187141396
9810,4237.044187425213
9811,4237.044187219496
9812,4237.044187547761
9813,4237.044187681111
9814,4237.044187713722
9815,4237.044187220274
9816,4237.044187608518
9817,4237.044187690294
9818,4237.044187956132
9819,4237.0441874445705
9820,4237.044187472995
9821,4237.0441872677175
9822,4237.044188244319
9823,4237.0441878233005
9824,4237.044187397869
9825,4237.044187364969
9826,4237.044187721475
9827,4237.044187762833
9828,4237.044187249272
9829,4237.04418750458
9830,4237.044187702762
9831,4237.044187531092
9832,4237.044187560007
9833,4237.044187649311
9834,4237.044187754132
9835,4237.044187542757
9836,4237.0441875435445
9837,4237.044187695525
9838,4237.044187375437
9839,4237.044187422966
9840,4237.04418747396
9841,4237.044187597986
9842,4237.044187814967
9843,4237.0441878044185
9844,4237.044187164813
9845,4237.044187875018
9846,4237.04418756461
9847,4237.044187490323
9848,4237.044187526555
9849,4237.005244598223
9850,4237.005244598218
9851,4237.005244598223
9852,4237.00524459822
9853,4237.005244598223
9854,4237.005244598223
9855,4237.005244598225
9856,4237.005244598224
9857,4237.005244598225
9858,4237.005245021886
9859,4237.0052461506775
9860,4237.005243940423
9861,4237.0052447650705
9862,4237.005246388544
9863,4237.005243517758
9864,4237.00524443291
9865,4237.005244887538
9866,4237.005244573278
9867,4237.005244798355
9868,4237.005244919284
9869,4237.0052445914225
9870,4237.005242816079
9871,4237.005244166228
9872,4237.005244823506
9873,4237.005244426012
9874,4237.00524530737
9875,4237.005244136111
9876,4237.005245315136
9877,4237.005243461202
9878,4237.005244619166
9879,4237.005244836791
9880,4237.005244105205
9881,4237.00524466521
9882,4237.00524458453
9883,4237.005244659481
9884,4237.005244378002
9885,4237.005244714359
9886,4237.005245773933
9887,4237.005245761478
9888,4237.005245164539
9889,4237.0052441919015
9890,4237.005244281696
9891,4237.005244695999
9892,4237.005244695942
9893,4237.005244632941
9894,4237.00524473765
9895,4237.005244654346
9896,4237.005246099377
9897,4237.005246746514
9898,4236.73678922187
9899,4236.736789221871
9900,4236.736789221869
9901,4236.736789221869
9902,4236.736789221867
9903,4236.736789221867
9904,4236.736789221868
9905,4236.736789221868
9906,4236.736789221868
9907,4236.736789194983
9908,4236.736789418724
9909,4236.736788876201
9910,4236.736789471096
9911,4236.736789623789
9912,4236.736788945668
9913,4236.736789218392
9914,4236.73678923525
9915,4236.736789183566
9916,4236.736789383985
9917,4236.73678917475
9918,4236.736788958571
9919,4236.736788917709
9920,4236.73678935436
9921,4236.736789446748
9922,4236.7367889151665
9923,4236.736789206391
9924,4236.736789080264
9925,4236.7367892736065
9926,4236.736788836225
9927,4236.736789227004
9928,4236.736789325449
9929,4236.736789051225
9930,4236.736789193247
9931,4236.736788953519
9932,4236.7367892325165
9933,4236.73678911076
9934,4236.736789228989
9935,4236.736789334592
9936,4236.736789412641
9937,4236.736789421847
9938,4236.73678917667
9939,4236.736789196879
9940,4236.736789385905
9941,4236.7367894360705
9942,4236.736789199559
9943,4236.736789360407
9944,4236.736789270663
9945,4236.736789480339
9946,4236.736789658397
9947,4236.650922384912
9948,4236.6509223849125
9949,4236.650922384908
9950,4236.65092238491
9951,4236.6509223849125
9952,4236.650922384912
9953,4236.650922384913
9954,4236.650922384912
9955,4236.650922384912
9956,4236.650922395239
9957,4236.650922247035
9958,4236.650922183217
9959,4236.65092265091
9960,4236.650922375629
9961,4236.650922375478
9962,4236.650922657336
9963,4236.650922282978
9964,4236.650922346404
9965,4236.650922534589
9966,4236.650922282678
9967,4236.650922091362
9968,4236.650922608108
9969,4236.650922405278
9970,4236.650922579148
9971,4236.650922141546
9972,4236.650922265344
9973,4236.6509222780105
9974,4236.650922194106
9975,4236.650922299739
9976,4236.650922398058
9977,4236.650922450329
9978,4236.650922284229
9979,4236.650922370393
9980,4236.650922042835
9981,4236.650922388625
9982,4236.650922295727
9983,4236.650922459649
9984,4236.6509222036675
9985,4236.650922401716
9986,4236.650922598877
9987,4236.650922490279
9988,4236.650922442874
9989,4236.650922560009
9990,4236.6509226194685
9991,4236.650922353667
9992,4236.650922466584
9993,4236.650922421431
9994,4236.650922375168
9995,4236.6509224643605
9996,4236.536916919148
9997,4236.536916919149
9998,4236.5369169191445
9999,4236.53691691915
10000,4236.536916919147
10001,4236.536916919145
10002,4236.536916919146
10003,4236.5369169191445
10004,4236.536916919148
10005,4236.536917129562
10006,4236.536916671873
10007,4236.536916873892
10008,4236.5369170935755
10009,4236.536916625775
10010,4236.536917090144
10011,4236.536917419479
10012,4236.536916670149
10013,4236.5369168596435
10014,4236.536917008521
10015,4236.536916790541
10016,4236.536916671776
10017,4236.536917525077
10018,4236.536916658579
10019,4236.5369170620825
10020,4236.5369168065945
10021,4236.536916912997
10022,4236.536916848796
10023,4236.536916592187
10024,4236.53691708289
10025,4236.536916975234
10026,4236.53691697578
10027,4236.536916858744
10028,4236.536916937224
10029,4236.53691649909
10030,4236.536916891307
10031,4236.536916837812
10032,4236.536917092701
10033,4236.5369165392085
10034,4236.536916906433
10035,4236.53691714197
10036,4236.536917177985
10037,4236.536916987512
10038,4236.536917081933
10039,4236.536917150171
10040,4236.536916814175
10041,4236.536916901263
10042,4236.536916972504
10043,4236.536916802407
10044,4236.536916805351
10045,4236.418557228752
10046,4236.418557228753
10047,4236.418557228753
10048,4236.4185572287515
10049,4236.4185572287515
10050,4236.41855722875
10051,4236.4185572287515
10052,4236.418557228753
10053,4236.418557228755
10054,4236.418556931146
10055,4236.418557404297
10056,4236.418557064375
10057,4236.418557253252
10058,4236.418556639762
10059,4236.418557137415
10060,4236.4185568454905
10061,4236.4185566687565
10062,4236.4185571790695
10063,4236.41855721276
10064,4236.418557017688
10065,4236.4185570269965
10066,4236.418557641533
10067,4236.418557384754
10068,4236.418557328945
10069,4236.4185571091475
10070,4236.418557278111
10071,4236.418557166118
10072,4236.418556232005
10073,4236.418558323965
10074,4236.418557303273
10075,4236.4185573895065
10076,4236.418557223247
10077,4236.418557268951
10078,4236.418557517903
10079,4236.418557106624
10080,4236.418557173385
10081,4236.418557740738
10082,4236.418556600375
10083,4236.418557357995
10084,4236.418557793981
10085,4236.418557579963
10086,4236.4185572397355
10087,4236.418557336805
10088,4236.4185574216
10089,4236.418557046607
10090,4236.418557140716
10091,4236.418557332662
10092,4236.418557018355
10093,4236.4185568510475
10094,4236.3015307681235
10095,4236.301530768129
10096,4236.301530768126
10097,4236.301530768127
10098,4236.301530768126
10099,4236.301530768125
10100,4236.301530768124
10101,4236.301530768127
10102,4236.301530768123
10103,4236.301531510531
10104,4236.301530627749
10105,4236.301530797481
10106,4236.301530428486
10107,4236.301530567576
10108,4236.301530765007
10109,4236.30153060199
10110,4236.301530450094
10111,4236.301530654343
10112,4236.301530603513
10113,4236.301530608606
10114,4236.30153080065
10115,4236.301530769922
10116,4236.3015306390225
10117,4236.301530750403
10118,4236.301530939928
10119,4236.301531455151
10120,4236.301531328174
10121,4236.301531268422
10122,4236.301530416816
10123,4236.301530968959
10124,4236.301530921139
10125,4236.301530715064
10126,4236.3015308755175
10127,4236.301530403398
10128,4236.301530587209
10129,4236.3015307054075
10130,4236.3015305091685
10131,4236.301530468687
10132,4236.3015305784675
10133,4236.3015300239695
10134,4236.301530893423
10135,4236.301530515288
10136,4236.301530851126
10137,4236.301530905739
10138,4236.301530285602
10139,4236.301530647999
10140,4236.301530922345
10141,4236.301530828068
10142,4236.301530371498
10143,4236.205415967379
10144,4236.205415967377
10145,4236.205415967378
10146,4236.205415967375
10147,4236.205415967378
10148,4236.205415967378
10149,4236.205415967377
10150,4236.20541596738
10151,4236.205415967382
10152,4236.205416365747
10153,4236.2054162939385
10154,4236.205415830501
10155,4236.205415748788
10156,4236.205415832378
10157,4236.2054160622865
10158,4236.20541568095
10159,4236.205415943775
10160,4236.2054158681785
10161,4236.20541587516
10162,4236.205415782792
10163,4236.20541595664
10164,4236.205415582214
10165,4236.205416075965
10166,4236.205415898927
10167,4236.205415897251
10168,4236.205416278343
10169,4236.205416127189
10170,4236.205416103415
10171,4236.205416137091
10172,4236.205416117358
10173,4236.205416156367
10174,4236.205415948358
10175,4236.205416149547
10176,4236.205416018699
10177,4236.205415836877
10178,4236.20541594194
10179,4236.205416118682
10180,4236.2054157015355
10181,4236.205415882546
10182,4236.205415574683
10183,4236.205416086526
10184,4236.20541573542
10185,4236.205416037374
10186,4236.205416099747
10187,4236.205415546423
10188,4236.205415653861
10189,4236.205416062422
10190,4236.205416010583
10191,4236.205415927444
10192,4236.0792346929975
10193,4236.079234692995
10194,4236.079234692994
10195,4236.079234692996
10196,4236.079234692991
10197,4236.079234692996
10198,4236.079234692994
10199,4236.079234692997
10200,4236.079234692994
10201,4236.079234782271
10202,4236.079235164256
10203,4236.079234334996
10204,4236.079234724631
10205,4236.079234730416
10206,4236.079234665939
10207,4236.079234166996
10208,4236.079234978496
10209,4236.07923462914
10210,4236.079234671107
10211,4236.079234549793
10212,4236.079234603634
10213,4236.07923389882
10214,4236.079235126937
10215,4236.079234588781
10216,4236.079234455355
10217,4236.079234700314
10218,4236.079234629204
10219,4236.079234754473
10220,4236.079235037243
10221,4236.079234799067
10222,4236.079234920063
10223,4236.079234675097
10224,4236.0792349630465
10225,4236.079235147926
10226,4236.079234599232
10227,4236.079234700797
10228,4236.079235011548
10229,4236.079234531966
10230,4236.079234642914
10231,4236.079234542582
10232,4236.079234686293
10233,4236.079234512281
10234,4236.079234761017
10235,4236.079234830454
10236,4236.079234456697
10237,4236.079234306936
10238,4236.079234725191
10239,4236.079234816263
10240,4236.079235010894
10241,4235.923087570347
10242,4235.923087570346
10243,4235.923087570347
10244,4235.923087570345
10245,4235.923087570345
10246,4235.923087570344
10247,4235.923087570342
10248,4235.923087570344
10249,4235.923087570343
10250,4235.923087476544
10251,4235.92308796943
10252,4235.923087276517
10253,4235.923087693334
10254,4235.923087776453
10255,4235.923087726058
10256,4235.923087659252
10257,4235.923087815468
10258,4235.923087499955
10259,4235.923087633975
10260,4235.9230875034655
10261,4235.923087493871
10262,4235.923087028321
10263,4235.923087810361
10264,4235.923087365717
10265,4235.923087295553
10266,4235.923087621862
10267,4235.9230875773055
10268,4235.923087088737
10269,4235.923088244683
10270,4235.923087686248
10271,4235.923087783859
10272,4235.923087545677
10273,4235.923087965666
10274,4235.923088344939
10275,4235.923087578297
10276,4235.923087607954
10277,4235.923088009245
10278,4235.923087573874
10279,4235.923087726543
10280,4235.923087843532
10281,4235.923087410219
10282,4235.92308739258
10283,4235.92308761147
10284,4235.923087686764
10285,4235.923087438691
10286,4235.923087170097
10287,4235.923087534916
10288,4235.923087842781
10289,4235.92308815903
10290,4235.785291355227
10291,4235.785291355225
10292,4235.785291355225
10293,4235.785291355228
10294,4235.785291355226
10295,4235.785291355226
10296,4235.785291355227
10297,4235.785291355224
10298,4235.785291355227
10299,4235.785290712754
10300,4235.785290476516
10301,4235.78529090809
10302,4235.785291814343
10303,4235.785291170869
10304,4235.785290817668
10305,4235.785289748898
10306,4235.785291869116
10307,4235.785291405144
10308,4235.78529136931
10309,4235.785291215966
10310,4235.785291049716
10311,4235.785291117115
10312,4235.785292316507
10313,4235.785291248947
10314,4235.785291206181
10315,4235.785290823996
10316,4235.785291273752
10317,4235.785292228834
10318,4235.785291091798
10319,4235.785291432556
10320,4235.785291619439
10321,4235.785291432499
10322,4235.785291722609
10323,4235.78529181043
10324,4235.7852912222115
10325,4235.785291455807
10326,4235.785291313008
10327,4235.7852911253185
10328,4235.785290830439
10329,4235.785291333456
10330,4235.785291130354
10331,4235.785291557994
10332,4235.78529145594
10333,4235.78529150192
10334,4235.785291388124
10335,4235.785291265512
10336,4235.785291356321
10337,4235.785291174141
10338,4235.785291405061
10339,4235.634766584177
10340,4235.634766584177
10341,4235.634766584176
10342,4235.634766584176
10343,4235.634766584177
10344,4235.634766584175
10345,4235.634766584177
10346,4235.634766584177
10347,4235.634766584176
10348,4235.634766282789
10349,4235.634766007812
10350,4235.634766592388
10351,4235.634766774736
10352,4235.634766649469
10353,4235.6347667207
10354,4235.634766665743
10355,4235.634766818462
10356,4235.634766542994
10357,4235.634766662001
10358,4235.634766498466
10359,4235.634766456189
10360,4235.634766902858
10361,4235.634766581406
10362,4235.634766333059
10363,4235.634766507922
10364,4235.634766470779
10365,4235.634766653677
10366,4235.634766616657
10367,4235.6347667066975
10368,4235.634766729095
10369,4235.634766764316
10370,4235.634766631872
10371,4235.63476704638
10372,4235.634766874815
10373,4235.634766600217
10374,4235.634766684853
10375,4235.634766652672
10376,4235.634766607225
10377,4235.634766499768
10378,4235.634766878273
10379,4235.634766367207
10380,4235.634766641328
10381,4235.6347666365655
10382,4235.63476667136
10383,4235.634766464505
10384,4235.634766380836
10385,4235.634766549424
10386,4235.6347666244255
10387,4235.634766904701
10388,4235.554654944632
10389,4235.554654944626
10390,4235.554654944628
10391,4235.554654944632
10392,4235.554654944628
10393,4235.554654944627
10394,4235.554654944631
10395,4235.554654944629
10396,4235.554654944628
10397,4235.554654767888
10398,4235.55465447748
10399,4235.554655177058
10400,4235.554654950027
10401,4235.554655013119
10402,4235.5546551829975
10403,4235.5546553553695
10404,4235.554654925783
10405,4235.55465487212
10406,4235.554654994011
10407,4235.554654833964
10408,4235.554654887085
10409,4235.554655501283
10410,4235.554654595995
10411,4235.554654687634
10412,4235.5546549863875
10413,4235.554655036042
10414,4235.554655103131
10415,4235.554654779298
10416,4235.554655106918
10417,4235.5546551241505
10418,4235.5546550980125
10419,4235.554654987261
10420,4235.5546553743825
10421,4235.554654993588
10422,4235.554654961983
10423,4235.554655036975
10424,4235.554654915792
10425,4235.554654993211
10426,4235.554654991671
10427,4235.554655247445
10428,4235.554654815562
10429,4235.554654962929
10430,4235.554654986183
10431,4235.554655004252
10432,4235.554654707633
10433,4235.554654792742
10434,4235.55465494782
10435,4235.55465498135
10436,4235.554655130277
10437,4235.427948715767
10438,4235.427948715769
10439,4235.427948715769
10440,4235.42794871577
10441,4235.427948715768
10442,4235.427948715769
10443,4235.427948715767
10444,4235.427948715769
10445,4235.427948715767
10446,4235.427948721117
10447,4235.427948597981
10448,4235.427949123768
10449,4235.427948619178
10450,4235.427948924699
10451,4235.427948870115
10452,4235.4279492026835
10453,4235.427948605751
10454,4235.427948634748
10455,4235.427948741157
10456,4235.427948589357
10457,4235.427948702734
10458,4235.427949117447
10459,4235.427948096964
10460,4235.427948475261
10461,4235.427948908501
10462,4235.427948889528
10463,4235.4279487939275
10464,4235.427948606102
10465,4235.427948693724
10466,4235.427948912163
10467,4235.427948852808
10468,4235.427948729086
10469,4235.42794910732
10470,4235.427948410018
10471,4235.427948720765
10472,4235.427948805473
10473,4235.427948476485
10474,4235.427948878084
10475,4235.427948890591
10476,4235.427948913933
10477,4235.427948676313
10478,4235.427948714239
10479,4235.427948761283
10480,4235.427948736316
10481,4235.4279484231565
10482,4235.427948645956
10483,4235.427948762294
10484,4235.427948785122
10485,4235.427948894995
10486,4235.2900113061805
10487,4235.290011306182
10488,4235.290011306183
10489,4235.290011306181
10490,4235.29001130618
10491,4235.2900113061805
10492,4235.2900113061805
10493,4235.290011306181
10494,4235.2900113061805
10495,4235.290011091347
10496,4235.290011062046
10497,4235.2900119372725
10498,4235.2900110566625
10499,4235.290010765009
10500,4235.290012015416
10501,4235.290011755417
10502,4235.290010978647
10503,4235.290011240128
10504,4235.290011320765
10505,4235.290010840787
10506,4235.29001119262
10507,4235.290012046953
10508,4235.290011186713
10509,4235.290011075082
10510,4235.290011456501
10511,4235.29001101797
10512,4235.290011575052
10513,4235.290010532482
10514,4235.2900118403895
10515,4235.290011480716
10516,4235.290011339248
10517,4235.290011533495
10518,4235.290011566569
10519,4235.290010843003
10520,4235.290011299169
10521,4235.2900114965305
10522,4235.290010849926
10523,4235.290010924605
10524,4235.290010910032
10525,4235.290010987476
10526,4235.290011494975
10527,4235.290011360457
10528,4235.290011395941
10529,4235.290011346172
10530,4235.2900108210215
10531,4235.290011381686
10532,4235.290011383219
10533,4235.29001054269
10534,4235.2900102985395
10535,4235.125398816899
10536,4235.125398816901
10537,4235.125398816904
10538,4235.125398816896
10539,4235.125398816896
10540,4235.125398816898
10541,4235.125398816899
10542,4235.125398816897
10543,4235.125398816897
10544,4235.1253989650095
10545,4235.12539922834
10546,4235.125399252399
10547,4235.125398675039
10548,4235.125399000188
10549,4235.1253985232
10550,4235.1253986856555
10551,4235.125398402008
10552,4235.125398809857
10553,4235.1253988009175
10554,4235.125398587558
10555,4235.125398776698
10556,4235.125398652217
10557,4235.125398624019
10558,4235.125398687201
10559,4235.125399327933
10560,4235.125399105047
10561,4235.125399175061
10562,4235.125398551121
10563,4235.125398613106
10564,4235.125399008238
10565,4235.125398912217
10566,4235.1253987951895
10567,4235.125399051528
10568,4235.1253984132
10569,4235.125398763915
10570,4235.125398935647
10571,4235.125397991931
10572,4235.125398987679
10573,4235.12539891411
10574,4235.125398476991
10575,4235.125398772643
10576,4235.125398754144
10577,4235.125398902018
10578,4235.1253987791915
10579,4235.125398587586
10580,4235.1253992632
10581,4235.125398972677
10582,4235.125398791499
10583,4235.125398433322
10584,4234.98259737254
10585,4234.982597372541
10586,4234.982597372539
10587,4234.98259737254
10588,4234.982597372541
10589,4234.982597372541
10590,4234.982597372539
10591,4234.98259737254
10592,4234.982597372538
10593,4234.98259762757
10594,4234.982597856006
10595,4234.982597630535
10596,4234.982597471591
10597,4234.982597594688
10598,4234.982597028025
10599,4234.982597169979
10600,4234.982597347478
10601,4234.982597415602
10602,4234.982597422393
10603,4234.982597183017
10604,4234.982597252471
10605,4234.982596926995
10606,4234.982597435795
10607,4234.982597260932
10608,4234.982597815653
10609,4234.982597420591
10610,4234.982597542491
10611,4234.982597382783
10612,4234.982597004638
10613,4234.982597516033
10614,4234.982597447082
10615,4234.982597318314
10616,4234.982597632547
10617,4234.982597068946
10618,4234.98259735171
10619,4234.98259750353
10620,4234.98259666732
10621,4234.982597588579
10622,4234.982597355794
10623,4234.982596934102
10624,4234.982597252648
10625,4234.982597344945
10626,4234.982597484427
10627,4234.98259733467
10628,4234.982597333781
10629,4234.982597801689
10630,4234.982597496625
10631,4234.982597419594
10632,4234.9825972543995
10633,4234.771037852177
10634,4234.7710378521815
10635,4234.771037852181
10636,4234.771037852182
10637,4234.771037852182
10638,4234.771037852182
10639,4234.771037852185
10640,4234.7710378521815
10641,4234.77103785218
10642,4234.771037103113
10643,4234.771038562091
10644,4234.771037522996
10645,4234.771038357127
10646,4234.771037569743
10647,4234.77103687145
10648,4234.771036553485
10649,4234.771037612811
10650,4234.771038063312
10651,4234.771037998672
10652,4234.771037706635
10653,4234.771037553733
10654,4234.771037529691
10655,4234.771038824752
10656,4234.771037900082
10657,4234.77103813007
10658,4234.771037637814
10659,4234.771037731177
10660,4234.771036689016
10661,4234.771039003647
10662,4234.771037867112
10663,4234.771037977793
10664,4234.771037721394
10665,4234.77103805906
10666,4234.771039050129
10667,4234.771037822273
10668,4234.77103797588
10669,4234.771038226492
10670,4234.771037751465
10671,4234.7710381384095
10672,4234.771038642584
10673,4234.771037755997
10674,4234.771037998488
10675,4234.771037974911
10676,4234.771037788406
10677,4234.771038286155
10678,4234.771038473372
10679,4234.77103800541
10680,4234.77103799934
10681,4234.771037864338
10682,4234.6098372760025
10683,4234.6098372760025
10684,4234.609837276003
10685,4234.609837276004
10686,4234.609837276005
10687,4234.609837276003
10688,4234.609837276003
10689,4234.609837276001
10690,4234.609837276001
10691,4234.609837752576
10692,4234.609837202438
10693,4234.60983717875
10694,4234.609837785357
10695,4234.6098371762055
10696,4234.6098369903775
10697,4234.609837243296
10698,4234.609837880217
10699,4234.609837472657
10700,4234.609837480798
10701,4234.609837155647
10702,4234.6098370019
10703,4234.609837150238
10704,4234.609837891012
10705,4234.609837293193
10706,4234.609837538903
10707,4234.609837063006
10708,4234.6098373896375
10709,4234.609837834362
10710,4234.609836767957
10711,4234.609837295786
10712,4234.609837204771
10713,4234.6098370983145
10714,4234.609837483341
10715,4234.60983739473
10716,4234.609837324273
10717,4234.609837399782
10718,4234.609837222199
10719,4234.609837381119
10720,4234.609836891312
10721,4234.609836745129
10722,4234.609837037646
10723,4234.609837363365
10724,4234.609837461915
10725,4234.60983720579
10726,4234.609837669196
10727,4234.6098377698545
10728,4234.609837406913
10729,4234.609837478553
10730,4234.609837423262
10731,4234.515961188833
10732,4234.515961188837
10733,4234.515961188836
10734,4234.515961188837
10735,4234.515961188838
10736,4234.515961188833
10737,4234.515961188837
10738,4234.5159611888375
10739,4234.515961188834
10740,4234.515961536167
10741,4234.515961223567
10742,4234.5159612365205
10743,4234.515961493861
10744,4234.515961035949
10745,4234.515961181419
10746,4234.5159615381535
10747,4234.515961652537
10748,4234.515961358758
10749,4234.5159614017375
10750,4234.515961014834
10751,4234.515960987958
10752,4234.515961358653
10753,4234.515961522875
10754,4234.5159611782465
10755,4234.515961364118
10756,4234.515961030761
10757,4234.515961232291
10758,4234.515961367373
10759,4234.5159610940855
10760,4234.515961210934
10761,4234.515961098082
10762,4234.515961027997
10763,4234.5159613848555
10764,4234.515961328861
10765,4234.515961262273
10766,4234.515961314015
10767,4234.515961412961
10768,4234.515961277883
10769,4234.515960963501
10770,4234.515960935177
10771,4234.515961064589
10772,4234.515961260246
10773,4234.515961352735
10774,4234.51596108928
10775,4234.515961434087
10776,4234.515961562336
10777,4234.515961334673
10778,4234.515961351385
10779,4234.515961348689
10780,4234.380699177926
10781,4234.380699177925
10782,4234.3806991779265
10783,4234.380699177931
10784,4234.380699177929
10785,4234.380699177924
10786,4234.380699177926
10787,4234.38069917793
10788,4234.380699177928
10789,4234.380699273337
10790,4234.3806992272675
10791,4234.380699412194
10792,4234.380698969448
10793,4234.3806990175335
10794,4234.380699247705
10795,4234.380699572232
10796,4234.380699187283
10797,4234.3806993193875
10798,4234.380699317758
10799,4234.380698900223
10800,4234.380699161004
10801,4234.380699686836
10802,4234.380699110399
10803,4234.380699209866
10804,4234.380699296398
10805,4234.380699412923
10806,4234.380699342347
10807,4234.380699140999
10808,4234.380699451728
10809,4234.3806992163345
10810,4234.380699084198
10811,4234.380698991452
10812,4234.380699250074
10813,4234.38069931602
10814,4234.380699197636
10815,4234.380699269589
10816,4234.380699650323
10817,4234.380699285197
10818,4234.380699208258
10819,4234.3806992116415
10820,4234.380699250681
10821,4234.380699206092
10822,4234.38069930697
10823,4234.380699011615
10824,4234.380699086771
10825,4234.380699498062
10826,4234.380699440245
10827,4234.380699342328
10828,4234.3806991599495
10829,4234.265661090862
10830,4234.265661090858
10831,4234.2656610908625
10832,4234.265661090859
10833,4234.26566109086
10834,4234.26566109086
10835,4234.265661090861
10836,4234.265661090862
10837,4234.265661090863
10838,4234.265661046377
10839,4234.265661345164
10840,4234.265661321544
10841,4234.26566084404
10842,4234.2656610248205
10843,4234.265661349807
10844,4234.265661663653
10845,4234.265661206495
10846,4234.265661229435
10847,4234.2656612575365
10848,4234.265660767076
10849,4234.265661097354
10850,4234.265661325076
10851,4234.265660781948
10852,4234.265661131306
10853,4234.265660996966
10854,4234.265661120689
10855,4234.265660944061
10856,4234.265660943407
10857,4234.265661672001
10858,4234.26566108503
10859,4234.26566098619
10860,4234.265660901715
10861,4234.2656611430875
10862,4234.265661194503
10863,4234.265661115122
10864,4234.2656611859775
10865,4234.265661756996
10866,4234.265661196302
10867,4234.265661167543
10868,4234.265661297952
10869,4234.265661349684
10870,4234.265661175983
10871,4234.265661231389
10872,4234.265660931768
10873,4234.265660931993
10874,4234.265661165932
10875,4234.265661345267
10876,4234.265661141902
10877,4234.265661216774
10878,4234.034381405927
10879,4234.034381405931
10880,4234.034381405927
10881,4234.034381405927
10882,4234.03438140593
10883,4234.034381405925
10884,4234.034381405925
10885,4234.034381405924
10886,4234.034381405927
10887,4234.034381000923
10888,4234.0343808467915
10889,4234.034381373678
10890,4234.034381124573
10891,4234.034381334927
10892,4234.034380913268
10893,4234.034380597316
10894,4234.034381152766
10895,4234.034381609178
10896,4234.03438140245
10897,4234.034381015588
10898,4234.034381399768
10899,4234.034381136588
10900,4234.034381166035
10901,4234.034381692713
10902,4234.034381