iteracion,valor_coste
0,3.0025624861466875
1,3.501856488026682
2,4.36848841185996
3,5.422356658462059
4,11.730801361994796
5,3.943719982621558
6,1.7945489939972494
7,0.7644930773569457
8,1.5028667274348804
9,1.3924950946656622
10,0.7772415063770333
11,3.2487515779324445
12,5.640817108854304
13,-0.21003615651920082
14,1.592713093423284
15,-0.6055315661131976
16,1.7813952511796516
17,-3.0036080498389945
18,3.9753306192621753
19,4.416334774561229
20,7.480269970043875
21,11.653535159425429
22,2.9930905634953007
23,5.24744166145415
24,0.9015582084192915
25,0.9063547575929417
26,3.0427157111451693
27,6.002512395072631
28,2.1931683976821357
29,-2.0455548274947377
30,-1.387201620960412
31,-0.06561091196002553
32,0.6693781820349116
33,3.091115250540965
34,0.8055573995288337
35,1.2994153787540277
36,6.299861200987919
37,3.501856488026682
38,4.36848841185996
39,5.422356658462059
40,11.730801361994796
41,3.0167532328084343
42,1.7945489939972494
43,2.0467384037175242
44,-0.0010611081062116834
45,0.35763430962355613
46,-0.2504921830856577
47,1.9891449233562075
48,-2.504540619891932
49,3.45586954278554
50,2.40063247006817
51,-0.39780931995799695
52,8.679597192702179
53,5.1693763920929445
54,1.2794703831985978
55,4.416334774561229
56,6.517644887140799
57,11.653535159425429
58,-0.6404354410782962
59,6.965296143273921
60,-0.9600126229024541
61,0.9063547575929417
62,3.0427157111451693
63,3.385121985032174
64,3.4394187436337935
65,0.7344671151516355
66,3.2818162911398403
67,2.2956396275261106
68,-1.493178520937049
69,1.9158761567122518
70,0.8055573995288337
71,1.4386125135337837
72,3.8360097643007895
73,3.576853350050232
74,1.4177887213791962
75,5.422356658462059
76,-1.5194926372877602
77,3.0167532328084343
78,2.2322204541426403
79,5.851470776890999
80,-2.667855534044936
81,-3.3951001586968665
82,-2.1156426389721985
83,2.968739913231828
84,-2.266987047797092
85,-0.21003615651920082
86,1.592713093423284
87,1.4382904520898432
88,1.7813952511796516
89,3.0025624861466875
90,1.2794703831985978
91,5.456356085576347
92,6.517644887140799
93,-0.3194037117737629
94,-0.8111566605149225
95,5.24744166145415
96,2.515407830122177
97,-1.6198729508693854
98,1.9638736844112288
99,5.758982412087809
100,4.873614018719526
101,0.5373524640209411
102,3.719422591354208
103,0.4499323446057328
104,-0.2033809749798438
105,3.230100553908268
106,1.3623750126081262
107,1.3610986662543672
108,-3.3951001586968665
109,2.3418721696983895
110,0.4609345373276481
111,5.5136043959912175
112,1.3606738703944818
113,1.3679906654121652
114,-0.783058639738124
115,0.5913529288423529
116,-2.667855534044936
117,-2.335915521533656
118,-0.3762534453791909
119,-0.7593436031335018
120,-0.7418137841615724
121,-0.2581959686484937
122,1.5243113500449745
123,7.689627698202496
124,4.336962729425607
125,-3.6281569068226998
126,0.5452514168724555
127,4.416334774561229
128,6.517644887140799
129,0.7947715328819558
130,2.001870486598846
131,-0.3113554654395001
132,-0.9600126229024541
133,-1.3190630224242694
134,0.42774764684614736
135,-0.6236716733220813
136,6.439236976581199
137,-2.0455548274947377
138,-1.3072635436527795
139,-0.06561091196002553
140,0.9452140461429626
141,4.5677263018255445
142,1.8348240571006003
143,0.9517937905943966
144,0.21930569339581318
145,2.3418721696983895
146,0.3976001287469284
147,0.8297596311582476
148,1.3657754061674188
149,0.7924481431448518
150,2.4403152941147384
151,1.6629636946364106
152,4.38264479037881
153,4.914839404686193
154,-2.011848987156334
155,-0.23815405332735073
156,5.487041409802412
157,11.187690556379344
158,-0.12671471011790425
159,-0.6055315661131976
160,5.4132931032277565
161,-2.2270710137448964
162,0.8324854213861286
163,-0.5859237453406447
164,1.9024329024211302
165,0.27689260862063936
166,4.761490924766176
167,-0.3113554654395001
168,-1.2357796767044806
169,-0.9269766367604593
170,0.42774764684614736
171,-3.1653999454167145
172,3.609908871532779
173,-1.2186502940425312
174,-1.3845792264417296
175,-0.029933037731591304
176,3.5201550253939953
177,0.6660700973762875
178,-0.6523351609783422
179,3.14736891889618
180,0.020275704330782407
181,0.5347069791752095
182,2.203143783911054
183,1.254032953432091
184,-0.9745970262640107
185,0.7924481431448518
186,-2.2372571978636575
187,3.6161792710401803
188,3.5720508727632825
189,1.4401584011648971
190,1.2255780166643877
191,-1.722098135828708
192,-4.348098533745921
193,2.927158010297667
194,0.7692047089238634
195,-0.6055315661131976
196,-1.3184644571258544
197,-3.550496886392841
198,0.046927864475669545
199,-1.5314779758740682
200,2.236443552598493
201,-2.821256075451144
202,-0.5938904313922624
203,3.666233927978875
204,4.099292382829993
205,-1.6198729508693854
206,1.2649477535708575
207,-3.1653999454167145
208,1.2101269692540986
209,0.31899098256302616
210,-1.0994827655773163
211,-0.9514719776068352
212,-1.493178520937049
213,0.6660700973762875
214,0.6107804391024723
215,2.515177097357456
216,1.9108538213649333
217,3.758401756373708
218,2.340214996496714
219,1.3044648979019131
220,0.051263865936863204
221,3.9340057527961405
222,2.9384504236214255
223,6.034287896619047
224,-2.667855534044936
225,-3.0036080498389945
226,7.137582736988549
227,-1.8066924459360956
228,-0.7578127596681326
229,3.446788024400274
230,1.7847184791040105
231,-0.4023911116409081
232,0.17128534167121298
233,-3.550496886392841
234,-0.4353100382707362
235,0.6855767431528422
236,1.9024329024211302
237,-2.0854404498264314
238,-0.8111566605149225
239,2.037205107979614
240,-1.2357796767044806
241,-0.272978289299048
242,2.5740860093833215
243,-3.3150579060009733
244,3.993333281022232
245,1.103902702484503
246,5.904259915084369
247,8.22692195415442
248,1.6815552013708515
249,1.2982424530769932
250,4.98700246684976
251,1.402566234804446
252,-4.348098533745921
253,9.78803040931328
254,6.6156408534426685
255,0.32141956558333695
256,-2.3940958467351905
257,4.100915206768649
258,2.35534825552841
259,1.7619431903504466
260,-1.2332022535263483
261,-0.4917793352913327
262,0.521954071472817
263,9.384204584347327
264,-2.501706902432063
265,-0.2581959686484937
266,8.787350526078747
267,0.8075910514812787
268,3.00315495269969
269,-1.3317699665044664
270,-0.4353100382707362
271,-1.3573484160909026
272,3.0866989928686412
273,-2.821256075451144
274,-0.5018603018149181
275,4.021968345940732
276,-3.445950319401644
277,-1.6198729508693854
278,4.85734004914106
279,8.719758786036419
280,-2.3495408672288196
281,-2.242334609840597
282,3.8417624704504347
283,0.25568230093184297
284,-1.1574067154261682
285,3.259036658643944
286,-0.6523351609783422
287,0.9517937905943966
288,5.583980172491643
289,5.4206954418928746
290,2.0778965056334475
291,-0.24295388831604137
292,0.8015425979095099
293,3.1506395867655077
294,-2.6906516635022246
295,2.5716516621734384
296,-0.9180237640894159
297,-0.8395212382660047
298,2.8256391846697713
299,1.0014657042280801
300,0.32044655848965237
301,-2.673267122123677
302,-0.5369000496260168
303,0.8438367948423043
304,-0.3655358144043106
305,8.882693266445607
306,0.07641866124158758
307,-1.45168723931005
308,1.5661950054831877
309,1.5506351852383502
310,1.590146959687552
311,4.240856084432053
312,-0.9386196757610539
313,2.8657365070167304
314,1.0128260226472783
315,-2.548082120553172
316,-2.3495408672288196
317,0.5383745115887072
318,4.17215297987779
319,6.916839994212083
320,-0.1583134693318478
321,1.715203647201788
322,-1.1570078230976866
323,3.002313972941511
324,-2.332208561076155
325,6.494178283648967
326,3.8689653658494922
327,1.5832884625029902
328,-0.8937677572356165
329,9.32553538511084
330,-2.6906516635022246
331,0.6814350694311466
332,-2.667855534044936
333,-0.8555734475210817
334,2.449280929190443
335,2.086856122798245
336,-1.8885002143279448
337,-3.2483237304582397
338,-0.13995610989373297
339,0.3124542614490417
340,0.09487175821628036
341,-3.550496886392841
342,4.00351463892223
343,-1.5314779758740682
344,1.5661950054831877
345,11.413254537814332
346,5.45233524297016
347,2.1798844489497236
348,-2.593865261989043
349,-1.6198729508693854
350,0.046707879185688944
351,3.7374647870255933
352,-2.3495408672288196
353,-1.405090981310014
354,0.3543448811900046
355,0.46481249741474423
356,-1.493178520937049
357,5.72818941318058
358,0.6489240998018837
359,0.9517937905943966
360,-4.348098533745921
361,0.46673418705546676
362,0.3976001287469284
363,1.4728194479127272
364,-1.559957185043761
365,0.7924481431448518
366,3.416230287866728
367,1.2351909773846055
368,-2.7359905114797267
369,-2.8179233748861523
370,-1.4760374784247803
371,1.9275205052912707
372,0.04766520022061993
373,-2.0634524950470143
374,0.4234109575384347
375,-0.6055315661131976
376,-1.0994022786282
377,-0.25167642733699
378,4.908279984702041
379,1.7718585831378286
380,5.207811120764633
381,1.2211135134842466
382,-0.8111566605149225
383,3.0452221357579177
384,-3.445950319401644
385,1.7816054818977345
386,0.33676816170168355
387,-3.3150579060009733
388,-2.7325549445495665
389,-1.9259010324606975
390,-1.3362937067270528
391,6.389997774673947
392,2.3841269387801565
393,3.1910917893326762
394,-1.1570078230976866
395,-2.008439162426846
396,0.6390956930024998
397,0.46673418705546676
398,-1.8302338578694277
399,-0.37296912612334404
400,0.025491652838427366
401,3.0205393255850903
402,-0.03318817066477742
403,2.74202345242002
404,-2.8902488247723617
405,-3.145090777391
406,2.7779936832901067
407,3.594433415978635
408,-3.6281569068226998
409,1.3857717578699584
410,-0.5920741075349474
411,-1.1271415252719852
412,-1.2681022363122778
413,3.5550551234487138
414,-0.7721214651987456
415,-0.20960439225398814
416,1.5661950054831877
417,-2.9308228507367238
418,3.267020217693705
419,-1.2411712318500994
420,1.4954308722839313
421,-1.9437578214236029
422,0.046707879185688944
423,-0.28712837873974406
424,1.4802219099485063
425,-0.9434308169393408
426,4.714323573834185
427,-0.8101543929185193
428,-1.209657625820959
429,0.7170705571505244
430,-1.1570078230976866
431,-2.527468729004812
432,5.3086841694505695
433,0.4065254678046587
434,0.7494201654913555
435,-0.44794360693831564
436,4.962872228308997
437,7.840305449230922
438,-0.6580517468202576
439,2.334794002868665
440,2.875951601167129
441,-3.145090777391
442,0.5798593380139057
443,-0.3591840397653183
444,9.706052997359713
445,-0.12999692800374607
446,-0.5920741075349474
447,-1.1271415252719852
448,6.876833711172304
449,4.830470460897867
450,-0.7721214651987456
451,-0.9530896574305964
452,0.48336980955944897
453,-2.9308228507367238
454,4.116406313587785
455,5.586908001802116
456,-4.030152249476054
457,-1.8149388170826648
458,0.8886377334351702
459,1.018903795245294
460,3.6481224925364275
461,-0.029279664976076036
462,0.9176282958290989
463,-0.9514719776068352
464,1.2770368377512655
465,4.670232029385513
466,-1.2209418510762173
467,12.598574568228841
468,8.752631106372771
469,2.3062645419103065
470,4.953885829732895
471,5.1636724337033275
472,-1.1342569597565182
473,1.8614181330427773
474,-2.2451026135619725
475,0.5913529288423529
476,3.857617317973838
477,-2.0638228964785212
478,-1.1508056117311767
479,7.906526313789136
480,1.3756671628518544
481,-1.8914917779388751
482,0.39951403438521105
483,-0.8154964998437818
484,-1.3184644571258544
485,0.7535888249751513
486,0.1378158934028222
487,1.1727254587557168
488,-0.5155209263199942
489,-2.9308228507367238
490,-0.20601642241544083
491,-0.6920104694635099
492,-0.4850354051932243
493,0.6644622147241046
494,5.844730995080289
495,-1.6958605063157774
496,-0.18448524363177282
497,-1.490101150759617
498,-1.48391356521401
499,-0.9514719776068352
500,-1.3835039480245537
501,0.6660700973762875
502,0.016515006258825037
503,2.042222877332048
504,-4.348098533745921
505,1.2457526184071903
506,5.353554432338409
507,4.57582028456623
508,-0.7191981018816243
509,0.61063938730617
510,1.9207199789897635
511,1.695051675977444
512,-2.8902488247723617
513,1.6095696278193579
514,-0.4853093339574839
515,0.39856384816550783
516,-3.6553283119167532
517,-1.1423397541514435
518,2.2187197858198693
519,-0.37138943689388215
520,-2.0335277530422067
521,-3.550496886392841
522,0.2606818851966659
523,-1.3706550872963588
524,-2.337231436613942
525,3.1800353330992297
526,-0.8111566605149225
527,-0.8270452093293637
528,-4.030152249476054
529,0.7452827500832178
530,-0.014662184547315604
531,0.6311688988719542
532,-0.13985012948569342
533,8.00826218206028
534,-0.5153346512339472
535,2.948418436172161
536,-0.3911231159981994
537,2.965959494442125
538,-1.2209418510762173
539,-2.527468729004812
540,-1.0438725607732042
541,-0.06102473299965028
542,4.723048255762391
543,-0.002391380156703587
544,3.9981528243143627
545,1.0141700284166388
546,0.9998661704081357
547,0.9767390210500998
548,-1.6319227990058152
549,-3.145090777391
550,1.1994223560161292
551,-1.7866519100828133
552,1.1757544025543587
553,2.5487628783452476
554,-0.5920741075349474
555,-1.173951853095275
556,0.7145775184041097
557,0.28519321624132865
558,-0.7721214651987456
559,0.9243548014561335
560,-2.337231436613942
561,2.8992913141521353
562,-0.969825719722903
563,-0.20576823862050664
564,-5.000161824229213
565,2.6369283220204274
566,0.08548373909097282
567,-3.3150579060009733
568,-0.5930520948177911
569,-0.785345191106118
570,1.9983523877677696
571,3.2712920573215167
572,-1.3483844200705666
573,0.44483713658475343
574,-1.2209418510762173
575,3.725518916088774
576,1.0684546559184622
577,-0.10951686640463354
578,0.7094518540768999
579,0.2278026264265579
580,2.3063670850678095
581,-2.1424326727056417
582,-2.6906516635022246
583,0.38536120865339885
584,4.102932164419065
585,5.003103038871411
586,-2.1156426389721985
587,-1.8066924459360956
588,-3.4741388371927853
589,-1.6405269190932934
590,-1.1210848398678772
591,-1.602837218690507
592,-1.7677229388870852
593,3.2267670566528315
594,-0.7721214651987456
595,0.29370625568710507
596,-2.5016927504697843
597,3.5727772231309736
598,1.855942935347434
599,4.522670520675552
600,-2.5190992730733486
601,4.203092969367374
602,0.8799499431554451
603,-1.0527909569840486
604,-2.7325549445495665
605,-3.2008511486674496
606,1.4663536524365388
607,2.1655802066223195
608,2.7808734859303907
609,0.2761995098529124
610,6.08663687721693
611,-2.527468729004812
612,1.111591233369192
613,-0.007819106077022187
614,4.129404451863662
615,2.165586812648682
616,-2.3940958467351905
617,-0.7133723369962222
618,2.1571313501766496
619,-0.3561613526181048
620,-2.8902488247723617
621,-1.7327046084188904
622,4.703108307750965
623,-1.7157615460743005
624,-0.8533124005547275
625,2.880100363755806
626,0.657695440926243
627,-0.8673754715042545
628,1.1621602068538768
629,-3.550496886392841
630,-0.7721214651987456
631,0.351108379117676
632,-2.5673928955707033
633,5.703910605967106
634,-0.969825719722903
635,-1.2411712318500994
636,-1.1835021546838842
637,0.4999437748708797
638,0.8757633790077874
639,5.0739565095282035
640,-0.15809540113999537
641,-1.0168700839855456
642,-1.1410677861476524
643,-0.6441703083393635
644,-1.493178520937049
645,0.4173370305681547
646,3.0211535977088277
647,3.1355970413064767
648,-0.5328491050611506
649,-0.10951686640463354
650,-1.1476480018838373
651,-0.29523676136129506
652,0.09340682698522329
653,-0.7614182219731719
654,-4.492863439555943
655,0.24631640128176183
656,-2.8902488247723617
657,-0.849909950261101
658,-2.1156426389721985
659,2.6216359809594234
660,3.2657580964702064
661,-1.1997741029648306
662,-1.3007537542703682
663,-1.602837218690507
664,7.618943392469936
665,7.928104766113926
666,2.34025409247163
667,6.169792667400167
668,-1.7811984465010786
669,3.4801150249865422
670,-0.969825719722903
671,-0.20012296967565546
672,4.6963021744370845
673,-0.05608036532584215
674,-0.014662184547315604
675,-2.276899722950927
676,2.7837776525191105
677,0.7139637738929481
678,-1.5224699873833756
679,-0.10676692714606373
680,-1.493178520937049
681,-0.39256816547574713
682,-1.2209418510762173
683,2.649064973634132
684,-3.528311066058782
685,2.211301408375587
686,3.0218877876474775
687,1.6040067340681663
688,-0.005201792585995069
689,-0.1948092594849149
690,-3.163745843806459
691,-0.3561613526181048
692,-2.9150660351723157
693,-1.3935577395389835
694,-0.6704097875121212
695,7.345726719308122
696,1.6334646789779894
697,-0.1302563377928485
698,-4.278033355004325
699,-0.1735097946202956
700,1.1855061897048427
701,2.553268200883679
702,-1.3436089005111085
703,1.20421954459536
704,-0.9122642859393724
705,-2.9308228507367238
706,-3.346418346716435
707,0.6533121225089898
708,3.575599054281763
709,1.2505343563703084
710,-0.014662184547315604
711,5.6336664050596434
712,-2.191669191443702
713,-3.2008511486674496
714,-2.241470537413499
715,-0.2369798269610302
716,2.402873691992558
717,1.2072279871995764
718,0.11467480198264436
719,-2.5381265989385993
720,-2.013468357515719
721,-0.10951686640463354
722,-1.8302338578694277
723,4.6037723978053435
724,-1.093262344580155
725,2.278035367868776
726,-1.3876062673075193
727,-0.3561613526181048
728,2.2017203865161328
729,0.9031733862971654
730,0.2691460714931724
731,6.127946623075518
732,-3.6553283119167532
733,-0.1587245412541181
734,-0.7988895544401797
735,-1.602837218690507
736,6.735635137960182
737,-3.550496886392841
738,4.064067664423062
739,-0.6793361349914528
740,1.3004583620975996
741,-0.8715717653583845
742,0.22909614414880908
743,-0.3250956474060458
744,-0.11741877747893496
745,-0.9240462618805628
746,0.19716460042723527
747,1.1163065389974856
748,-0.17712121972248984
749,0.34348262902312876
750,-2.241470537413499
751,-1.3689059657831044
752,-1.406381588491116
753,-0.39256816547574713
754,-1.2209418510762173
755,-3.6528438307382665
756,-0.824831696145155
757,-0.10951686640463354
758,3.865308688036375
759,-0.5022764266332591
760,-2.5270510188734683
761,-2.205812260383004
762,9.910607889780586
763,0.5138649866452933
764,0.06201180831995668
765,-2.0902946057602887
766,0.40965477706625997
767,-1.8066924459360956
768,9.342236815349633
769,3.918689897322679
770,11.976028644723915
771,-1.602837218690507
772,-0.6564369283784208
773,-3.452159622892583
774,-1.3436089005111085
775,-0.4247745999215078
776,-0.8491168426660374
777,-1.2910191831747369
778,-2.182282955418875
779,-0.51033370224453
780,5.438936941814433
781,-1.7490353954841094
782,0.05601960098870029
783,1.4498175172686365
784,11.456899435789733
785,-3.2008511486674496
786,-0.3307634800294471
787,-1.3689059657831044
788,2.5825068059354623
789,2.015409109872741
790,-0.020892156766435455
791,-3.6528438307382665
792,-1.8846309445612217
793,-0.10951686640463354
794,3.585691803262213
795,0.9794959072772244
796,1.4796029879134043
797,-1.1303602067232366
798,-2.2331810386246715
799,2.3994241395027336
800,-2.7405102742252083
801,0.18377284714970843
802,-2.1156426389721985
803,-0.6010453855866753
804,-3.6553283119167532
805,1.655167201644999
806,-2.121160618280933
807,-1.7978131136106354
808,-1.9902041264115833
809,0.3580694220372508
810,0.9618625566225084
811,2.5761806268857503
812,-2.0138048198988368
813,-2.0271789472133377
814,-3.0480962901446396
815,-2.101293297745524
816,-5.387667287731201
817,-0.91743830334107
818,0.2486642268952064
819,-3.7849817202942937
820,-2.7325549445495665
821,19.85686883077906
822,10.661949049728443
823,-1.3689059657831044
824,2.606554057028175
825,0.3329057000668063
826,-1.2209418510762173
827,-2.86102379007341
828,2.177889999458657
829,1.1695256039429343
830,-1.8302338578694277
831,-0.009636762072911864
832,-2.5270510188734683
833,2.686657745709114
834,0.08168086756032511
835,-0.3561613526181048
836,-2.8265803226109014
837,-1.2460518655849928
838,2.241675093809
839,-0.6670050176751909
840,-2.453837163535182
841,-1.5628613965155447
842,8.098213484072268
843,-2.1249839913787545
844,1.5099060923505223
845,-2.876198295242479
846,0.5043403438828524
847,-1.5314779758740682
848,-2.854396433570307
849,1.661686225968457
850,-3.176584183195925
851,-2.101293297745524
852,-0.670090125254502
853,-0.6046743796860854
854,0.9458104713447845
855,-3.384654907455717
856,0.15072611800857674
857,0.4421261959073064
858,0.029721537339377768
859,-1.3689059657831044
860,-1.1702294754925802
861,-0.39256816547574713
862,-0.7370590576292153
863,2.1244707804884713
864,-0.6281387179384329
865,-1.3872899142382729
866,-1.004198094003773
867,-0.5022764266332591
868,-3.6455367570525943
869,3.6474051621046586
870,-0.09116809268634007
871,-0.3561613526181048
872,-2.785211740912331
873,9.151769854003685
874,-0.2876755897696637
875,2.9175827598985533
876,1.5082131277504385
877,-3.2483237304582397
878,0.7886809299659623
879,-0.5704412128843218
880,0.2759644721580893
881,-1.798937120173652
882,-1.5706260197721051
883,0.9760574243430833
884,-1.9300812382871766
885,-3.706979370028214
886,7.114081175054324
887,1.6553785226530748
888,-3.917986681525581
889,-1.9437578214236029
890,0.3235938309137157
891,6.1983672743936875
892,1.3138848288214962
893,-3.2008511486674496
894,5.470794221445865
895,5.4777490301627285
896,-0.24704286979712062
897,2.696561753786468
898,-1.2209418510762173
899,0.11095635011075222
900,-5.387667287731201
901,-1.3872899142382729
902,2.0757673312042013
903,1.8888280247088196
904,-3.6455367570525943
905,-2.2290427473853867
906,7.879057990071363
907,-0.328602639131344
908,1.5184032896770259
909,-3.1456506075941344
910,-0.9732478236284621
911,0.9590784569262988
912,-2.593783240569936
913,-3.2483237304582397
914,-0.3201697683946212
915,2.321447369454349
916,-1.532973782123495
917,-2.9064051016531205
918,1.2603350601405658
919,-1.5800303243569314
920,-2.854396433570307
921,5.798956324061149
922,-2.723326658566582
923,-3.034544540659766
924,-5.000161824229213
925,-1.281747978210531
926,0.04089042260315026
927,1.252789039633393
928,1.3628026677616325
929,-4.0247293790666
930,-2.2698866239550384
931,-2.9389994171760554
932,-1.493178520937049
933,1.7102480970491416
934,0.8122493511250579
935,0.015911464336702874
936,2.0971100648158276
937,-0.7176861675196007
938,3.203180441075419
939,1.5677607206761386
940,-2.4771996475855813
941,3.0303018302976494
942,-4.492863439555943
943,-0.007958557323990449
944,0.7533396275286472
945,-3.1456506075941344
946,10.99861540021809
947,6.89283665730029
948,-3.5354156712024043
949,-0.3627702161755477
950,7.047789443518239
951,-1.327438132872275
952,-1.2166299892066903
953,-2.380863796534711
954,1.4068123552567386
955,0.8812127568696466
956,2.913612738141528
957,-3.706979370028214
958,2.313399050544447
959,0.2225953424501812
960,-5.000161824229213
961,-1.9437578214236029
962,1.370016027547014
963,-2.231140668426873
964,-2.5473383749557694
965,3.101766267299741
966,1.5726445713457462
967,4.791638557714874
968,-1.3884592039120902
969,-0.39256816547574713
970,3.4946461162913454
971,0.30486713060387105
972,-4.416278947295815
973,1.1512761838421675
974,3.3931541652069743
975,-0.5022764266332591
976,-2.6671869688164924
977,-2.232347914110597
978,2.483619479062388
979,0.3245822674414034
980,9.473206298480488
981,9.233572879335401
982,1.6881842541793874
983,-1.0000137647695815
984,1.2239323917863563
985,-1.3060439084226834
986,0.4990724607568344
987,0.5727699701050237
988,-0.8728114770773603
989,-0.6981812751040235
990,0.5947887581852478
991,-1.70076622429656
992,-0.8848538896581606
993,-3.765711000995882
994,-0.06923130750768891
995,6.590526656054078
996,-3.0823673088183745
997,-0.5100360133735545
998,0.07011437349379879
999,-3.7849817202942937
1000,3.3417162719994593
1001,1.1434538848488902
1002,-1.5721860591795733
1003,3.173808625087192
1004,-1.4005445532132166
1005,-0.9720112710809078
1006,-1.2209418510762173
1007,-3.6528438307382665
1008,-5.387667287731201
1009,0.2232140238410718
1010,-2.4154247378243996
1011,-0.32658953654101386
1012,-2.0806479027474056
1013,3.5010976605027277
1014,2.0135561685609114
1015,-0.0050649716546324886
1016,-2.9150660351723157
1017,-2.5429453400825692
1018,-2.1156426389721985
1019,1.6340085724416937
1020,-1.6106259918379418
1021,-3.3415302601926493
1022,-3.1132670175179027
1023,-1.4727028295615887
1024,6.509208746472078
1025,-3.550496886392841
1026,6.3185413216992075
1027,3.2038350441140695
1028,1.3998167388268223
1029,-1.0980524978939679
1030,-3.346418346716435
1031,-1.4572714324087694
1032,-5.000161824229213
1033,1.0529040052268779
1034,-0.1519226822594364
1035,-3.7248820587483205
1036,-0.5344730712048735
1037,0.9515320463213672
1038,-2.2698866239550384
1039,4.74370489902534
1040,0.24416320236582675
1041,-0.9720112710809078
1042,0.008198875502453564
1043,-3.6528438307382665
1044,-0.4324834469036538
1045,-0.6156508278704167
1046,1.650422384468241
1047,-1.2255177648084208
1048,-1.8572731712031936
1049,2.2275360798125954
1050,-3.2142917604022445
1051,-0.3561613526181048
1052,-3.142076345426633
1053,-1.2978009346759587
1054,-2.1156426389721985
1055,6.512636439567931
1056,-2.8180289640199954
1057,-1.1223100629960827
1058,-4.278033355004325
1059,0.6073787012183505
1060,-2.0335277530422067
1061,7.16021876044487
1062,2.807356588616334
1063,1.3140916888753347
1064,-3.2698756801347995
1065,-0.8234022014592214
1066,0.3743531402313147
1067,-3.034544540659766
1068,-4.068204936102771
1069,-1.4673292409272045
1070,-0.1519226822594364
1071,0.9084028507862143
1072,-0.8369316165284655
1073,-3.92526759734659
1074,4.694746010829085
1075,-2.9389994171760554
1076,0.6305969418248472
1077,6.2754620675390465
1078,-1.3127062822299116
1079,-2.542173729471045
1080,-3.1974231010294814
1081,0.1092696970259297
1082,-1.313114171479846
1083,-0.10330046162904827
1084,-3.6455367570525943
1085,-2.232347914110597
1086,2.9908285695140684
1087,0.32866066474172007
1088,-3.142076345426633
1089,1.411685005969463
1090,6.671980017874509
1091,3.506933187834119
1092,-0.12997791292336056
1093,-3.3415302601926493
1094,0.4282774909930045
1095,1.145263168221526
1096,13.240209999336683
1097,-1.6347399982974153
1098,-1.5818872576809984
1099,0.327119742163859
1100,-1.524666954997129
1101,-3.765711000995882
1102,7.976487554821886
1103,4.30220435042827
1104,-5.000161824229213
1105,-0.9240541223157709
1106,-0.1519226822594364
1107,0.08115622471647033
1108,-2.9656952595521884
1109,-4.0247293790666
1110,1.4755916643826963
1111,-2.9389994171760554
1112,2.5073992380602315
1113,-0.45315424726269316
1114,-1.724990626503106
1115,-1.9094019484286222
1116,-6.006006802333237
1117,-1.0542791717575644
1118,-1.793352839068082
1119,-1.4581642344241057
1120,-3.6455367570525943
1121,-2.232347914110597
1122,2.0647656532024
1123,-0.3561613526181048
1124,-3.142076345426633
1125,0.9885855204946824
1126,-3.159131472514777
1127,7.546788264590877
1128,-3.667322371416435
1129,2.7144471678980677
1130,-1.5583996484934313
1131,-2.1249839913787545
1132,-2.0335277530422067
1133,-1.557638918254069
1134,4.552110834383325
1135,2.87833521691326
1136,6.405700937191291
1137,3.879271285163208
1138,-2.3618976417579525
1139,3.1957281919356437
1140,-2.8865433813809624
1141,-1.9437578214236029
1142,-1.5167376957378482
1143,3.0433278199115943
1144,-3.2975033300868657
1145,0.5401217679606541
1146,-2.2864034271382683
1147,3.248773723035639
1148,-0.681218733773025
1149,-0.9720112710809078
1150,-0.8143057118520116
1151,0.4338281545656395
1152,-6.006006802333237
1153,-0.5141362939029679
1154,-2.455008482773795
1155,-1.4459958753533464
1156,-3.705180595325468
1157,-0.38239164487424326
1158,-4.492863439555943
1159,-0.3561613526181048
1160,-3.142076345426633
1161,3.11638818928667
1162,-3.159131472514777
1163,0.11423826368158263
1164,-3.429556652141376
1165,-3.3415302601926493
1166,2.564279814549621
1167,-2.1249839913787545
1168,-2.0335277530422067
1169,6.614262811612351
1170,-1.7056821817403869
1171,1.6210195408181973
1172,-1.864909012476988
1173,1.2392074841252505
1174,-3.090911159826482
1175,-1.0164720680565469
1176,-5.089095235506207
1177,-1.9437578214236029
1178,-0.33042667940630266
1179,3.9567030813779818
1180,-4.630010111020134
1181,-4.0247293790666
1182,8.068212597387395
1183,0.0952006166138486
1184,1.2105889864411663
1185,11.064068058282107
1186,0.09582262434136632
1187,-3.6528438307382665
1188,0.5816413083209778
1189,-1.3872899142382729
1190,0.43341285672712315
1191,-1.4581642344241057
1192,-3.2372003332509873
1193,-2.6453365853418838
1194,0.716007275957981
1195,-0.4681017376065614
1196,-3.142076345426633
1197,-3.1456506075941344
1198,-3.4241455034081305
1199,1.3480104470261118
1200,-3.667322371416435
1201,15.863107900675432
1202,1.4276649480653454
1203,0.9214869286652887
1204,1.3524109903209711
1205,-3.0997683394040516
1206,0.5007315151968206
1207,2.894335017037649
1208,0.24911137879840628
1209,-3.765711000995882
1210,1.0555349299768941
1211,-1.3278073881016557
1212,-5.072231667131773
1213,-1.9437578214236029
1214,0.26766135347952524
1215,2.3483800526957834
1216,-0.3303206537391462
1217,-2.7450087864334507
1218,-1.6123549973716684
1219,-2.9440685520630465
1220,-3.6626054625006828
1221,-0.9720112710809078
1222,-4.287864089617431
1223,0.30881701605186596
1224,-6.006006802333237
1225,-1.3872899142382729
1226,1.148142712880749
1227,-1.4581642344241057
1228,-2.001210904683165
1229,1.774555711753858
1230,18.519411436661315
1231,-0.11192064100406761
1232,1.4853141956801768
1233,-3.1456506075941344
1234,1.7276590866883255
1235,2.8191871419850063
1236,-3.667322371416435
1237,-1.2645008140325849
1238,6.236215948857685
1239,-0.17180541542075778
1240,-1.5991692527227237
1241,4.743443753685567
1242,-0.8554054255415122
1243,-1.3439747071667334
1244,0.8890332205787276
1245,1.278962449835988
1246,0.039037865119232684
1247,9.00848552760724
1248,-5.089095235506207
1249,-1.6749670974091024
1250,2.369202307097347
1251,-0.4987311045428333
1252,2.9446639739557976
1253,-1.3371048668922603
1254,0.3132176634211792
1255,7.537920773719311
1256,3.495369760307893
1257,-0.9720112710809078
1258,-4.287864089617431
1259,0.8999544072697268
1260,-6.006006802333237
1261,-0.9674796777226711
1262,0.6900861961973788
1263,-2.2008706623324477
1264,-3.705180595325468
1265,-2.6453365853418838
1266,8.815660269136956
1267,-0.2675869478703544
1268,-0.8777552220537699
1269,-4.424382008615987
1270,3.4486164651735693
1271,-1.8066924459360956
1272,-2.5696670681512743
1273,-0.027513744666350648
1274,1.458354961295159
1275,3.7937038021905014
1276,-0.831531830256572
1277,0.06976401052307812
1278,5.29707231928467
1279,5.814071171906914
1280,-2.1666687317964795
1281,-3.765711000995882
1282,-2.9236073660643185
1283,-0.8514730489409428
1284,2.1596326125684584
1285,-1.9892596533764924
1286,3.7459519437986994
1287,-3.7849817202942937
1288,-4.630010111020134
1289,-2.1244768127347737
1290,-0.18620361761308324
1291,0.27559162456905906
1292,-3.6626054625006828
1293,3.170317968458329
1294,-4.287864089617431
1295,2.195450584886693
1296,-0.4845549927324706
1297,-1.3872899142382729
1298,0.9118816777168
1299,3.7176913514599947
1300,-3.132880870389572
1301,-2.6453365853418838
1302,-1.153926195460232
1303,-0.6627272930065249
1304,-3.142076345426633
1305,-4.424382008615987
1306,0.38628024921297577
1307,0.551958808435238
1308,1.4091973042513302
1309,1.9302914077158777
1310,-4.278033355004325
1311,-2.1249839913787545
1312,-2.303617252185545
1313,-3.5199931392030415
1314,2.519029827990785
1315,4.323051055741013
1316,-3.3856400789339296
1317,5.476432977234787
1318,1.5001614521877398
1319,3.1234601775504034
1320,-0.8520099834187871
1321,-0.06253295594025132
1322,0.34407242354306183
1323,0.04461791184435304
1324,-4.630010111020134
1325,7.484429316685494
1326,-2.2864034271382683
1327,-2.9440685520630465
1328,-3.513655819780167
1329,4.407464943273933
1330,0.4711317176148391
1331,1.7323191332495937
1332,-0.9967408117557461
1333,0.07345905974817288
1334,-2.455008482773795
1335,-2.2008706623324477
1336,-3.5673809022852856
1337,2.786651477113854
1338,1.4371331201659752
1339,2.252462508024886
1340,-3.142076345426633
1341,-4.489365016141195
1342,2.0254950025637064
1343,2.595192800006479
1344,1.250417437549068
1345,-0.5543050121543255
1346,2.6329723502018427
1347,-2.1249839913787545
1348,-2.296045696364216
1349,-2.7742312885009768
1350,-1.508198329127821
1351,1.089662684699024
1352,-0.8569047460989738
1353,1.3535871545886184
1354,3.07343791480022
1355,2.365760480995628
1356,-1.183706258364225
1357,-1.9892596533764924
1358,1.8186464851754498
1359,-3.7849817202942937
1360,-2.880592952532648
1361,3.711066897073046
1362,-2.074140044303138
1363,2.9257795728169
1364,-4.068493253244019
1365,0.9460771434719581
1366,-1.8918553959567928
1367,-2.7190490228645148
1368,-5.098908339865811
1369,-2.361614383748867
1370,-0.35795502172331073
1371,3.256498327942568
1372,-1.0010643939888468
1373,-2.67614217645823
1374,-3.3655754895006664
1375,-0.5514248149688367
1376,-3.1064086466830823
1377,0.69689046897471
1378,0.9700120278992692
1379,2.113977906613232
1380,-3.667322371416435
1381,1.8545479549358057
1382,-0.19465372657009605
1383,-2.1200531361906867
1384,1.0381976203185945
1385,-2.559322457675343
1386,-1.7056821817403869
1387,3.044555292473804
1388,-0.9535547707374469
1389,-0.47708041342082474
1390,10.430273358447902
1391,11.712816154939228
1392,-5.089095235506207
1393,-0.30213251493435955
1394,0.6483130670603217
1395,-3.4908859480416767
1396,-4.630010111020134
1397,1.421694871933572
1398,-2.284477230771458
1399,0.29765691316751075
1400,-3.3800977363877944
1401,-0.779952100027991
1402,-6.495836961904626
1403,-2.2312929994578483
1404,0.4622928186121705
1405,-0.03231699219944484
1406,9.508357323944379
1407,-1.9562642083861839
1408,-3.4797769802803504
1409,2.418593905408909
1410,-4.492863439555943
1411,0.35546415959498356
1412,1.617693297857644
1413,0.7899611206961356
1414,1.949522872853986
1415,1.923393206513976
1416,-3.4748368363218676
1417,-2.615094811623085
1418,3.400586896182116
1419,-2.1249839913787545
1420,-2.303617252185545
1421,-2.782742710694448
1422,2.408867988160412
1423,2.9708646884559746
1424,-1.7969974208258201
1425,-1.4362052010535884
1426,-1.241917891501486
1427,2.5743610024276014
1428,8.842924106961512
1429,-1.9892596533764924
1430,3.874837269736111
1431,1.4815577584847754
1432,-2.4037314792964275
1433,-3.8258849264460677
1434,-2.2864034271382683
1435,-2.9440685520630465
1436,3.1801919645297314
1437,3.3922476829428185
1438,1.9151564890007726
1439,0.21927779566443517
1440,1.4319345808132031
1441,7.037210276891433
1442,0.784781015599513
1443,0.9576842744003651
1444,0.5928149811169257
1445,-2.67614217645823
1446,3.6315728171224912
1447,-0.5024447696291725
1448,-0.15179613426774524
1449,-2.2488653541014036
1450,5.962299426291659
1451,2.038925700409979
1452,2.194663505181055
1453,-1.3292152181207326
1454,2.5850924776160373
1455,1.4328598214895985
1456,7.519169143760824
1457,0.2816811232739451
1458,-0.22763111805901914
1459,2.1651115802872964
1460,0.36580689662385335
1461,13.636666004074332
1462,1.3260805946335896
1463,-1.2967925796367517
1464,-3.2712580916324328
1465,-2.146093323754389
1466,6.333518591891302
1467,2.7177654339077675
1468,-2.583171545723691
1469,-4.0247293790666
1470,2.2476539161864846
1471,-2.67432223486694
1472,-4.068493253244019
1473,1.770984841699632
1474,0.7229734719769912
1475,-2.2500038081921447
1476,-6.909990756110738
1477,1.2252151660295332
1478,-2.455008482773795
1479,4.382468900602728
1480,-3.705180595325468
1481,-1.32602712577189
1482,4.839449200630024
1483,2.2643258824860055
1484,4.412699106605992
1485,-4.042119919553917
1486,-3.4241455034081305
1487,-1.8066924459360956
1488,3.8319039116554814
1489,-0.7687227562343748
1490,-4.278033355004325
1491,-2.1249839913787545
1492,-2.8775399082153887
1493,3.72398492804974
1494,-0.4802900961651601
1495,3.2952806673917605
1496,-0.4346610882204425
1497,-3.765711000995882
1498,5.342942448804495
1499,-1.631886235870755
1500,5.222475231256292
1501,-2.1760100503477604
1502,1.5860514113681643
1503,-3.5382483387047925
1504,-1.6720408437655938
1505,-0.5497474956120755
1506,1.1833248595612988
1507,-1.1251130911354044
1508,-4.068493253244019
1509,-0.9720112710809078
1510,-2.9546303946261543
1511,-3.6528438307382665
1512,-5.542639739407903
1513,4.363415567846768
1514,0.22122009321637215
1515,6.495874658404138
1516,-1.685775842875044
1517,0.8738043971390849
1518,2.57229155052822
1519,-0.6355099149614886
1520,-0.907623199577112
1521,-0.5740480265485677
1522,-3.4241455034081305
1523,-0.330776691842269
1524,3.2764391370388597
1525,0.3365700919961372
1526,3.0534001377703377
1527,3.73401705777395
1528,0.026348921429817818
1529,-1.3214381084962223
1530,-0.8428099713322195
1531,-0.8219263853812202
1532,-1.1043896614544673
1533,2.7936782866645897
1534,-3.677905466708036
1535,3.16789853209212
1536,8.352607790649104
1537,0.8677110622584868
1538,4.175810041456026
1539,-1.856826312036131
1540,8.271932257135319
1541,-4.016652265286857
1542,-2.2864034271382683
1543,-1.0939275758836509
1544,-0.3600161893956728
1545,-0.9415051421794918
1546,-2.5288073133637834
1547,-3.2829904059839246
1548,1.0128691062032689
1549,-0.49485101371983775
1550,-0.43861138385045306
1551,-2.2008706623324477
1552,2.043658956651622
1553,-1.8646435258216916
1554,-3.2355731457116286
1555,2.679921431559786
1556,2.6669454520072895
1557,-4.495181603474024
1558,-1.122947940107593
1559,2.6778149975835754
1560,-2.0652510512408693
1561,4.4685317543811145
1562,-2.6459270139629156
1563,-2.1249839913787545
1564,-2.8775399082153887
1565,-3.550496886392841
1566,-1.7056821817403869
1567,-2.059185021175673
1568,-3.2557084080011514
1569,-0.9684250772282188
1570,0.3834511700209058
1571,1.8061878355476377
1572,-0.6635764155658652
1573,-2.1760100503477604
1574,1.6387388129436316
1575,-3.7849817202942937
1576,-1.6226915402899333
1577,-4.059382607866311
1578,5.2541334662208135
1579,0.34317337870506415
1580,2.0945047003947064
1581,0.500715437041043
1582,-0.7330575756115766
1583,-3.1384573721621694
1584,-3.6848385140353557
1585,-2.361614383748867
1586,-2.455008482773795
1587,6.759379668352215
1588,0.5047501747563933
1589,-2.1456147630221074
1590,-4.492863439555943
1591,-0.34444702744094646
1592,3.9038606839142216
1593,-4.495181603474024
1594,-4.047491320264782
1595,4.465215036124053
1596,-0.5845093648194157
1597,1.4491414403921157
1598,3.3624635458636374
1599,-2.1249839913787545
1600,11.404010303959065
1601,-0.2013642201895034
1602,-1.7056821817403869
1603,-2.0841665345322142
1604,-3.3856400789339296
1605,-3.2903492922086164
1606,-0.5071946342189486
1607,1.4562640711601993
1608,-2.672865924736751
1609,1.0203784575904657
1610,3.4111084401763065
1611,-1.8564996228535393
1612,-0.8672599840313538
1613,1.7120082704183595
1614,-4.3546504663481365
1615,-1.00788283824937
1616,-3.4090577510657565
1617,2.0342437716909103
1618,-0.6195150042113566
1619,-3.6528438307382665
1620,-2.443934949129382
1621,-2.361614383748867
1622,-0.5284047821791868
1623,-1.649644513548032
1624,-1.3677387799268899
1625,1.3867204486897773
1626,-4.508646419743652
1627,0.8168057937025135
1628,1.5949305731587127
1629,0.29591693962613985
1630,3.040988160296016
1631,2.90344035135979
1632,-3.670149483569872
1633,-3.3415302601926493
1634,0.09514238372639494
1635,-0.21925379124524275
1636,-2.2649204403337015
1637,-1.9841586674208966
1638,-1.184502755736535
1639,1.6424650493060984
1640,-3.3856400789339296
1641,0.2251199638049446
1642,0.1927223863901002
1643,-3.034544540659766
1644,9.811461208548211
1645,-2.1760100503477604
1646,-2.663667644424771
1647,-3.7849817202942937
1648,1.967370085136223
1649,-1.4137964256088618
1650,-3.161248433150596
1651,0.20760329360870933
1652,-4.068493253244019
1653,3.8473591225969317
1654,-1.0881877240644264
1655,-3.6528438307382665
1656,-2.3911109846582903
1657,-1.8822365995263242
1658,2.7904042833079
1659,-2.2008706623324477
1660,-3.705180595325468
1661,1.727257551964274
1662,2.5590120556374787
1663,2.6159994638040502
1664,-3.2584693111230636
1665,-1.1788071090012515
1666,-4.047491320264782
1667,3.99842724661698
1668,-3.670149483569872
1669,3.537949643330961
1670,-0.4960509157606623
1671,-2.1446692270262133
1672,-2.8775399082153887
1673,-0.8753381319471014
1674,-1.7056821817403869
1675,2.3152831625010113
1676,-3.3856400789339296
1677,0.06290600564711513
1678,4.628669000098208
1679,-3.034544540659766
1680,-5.089095235506207
1681,-1.6359745074841456
1682,-2.663667644424771
1683,-3.912497655601127
1684,-4.630010111020134
1685,-4.160004568818692
1686,-4.1731697549904885
1687,6.428777754141818
1688,-4.068493253244019
1689,-0.5925762387134774
1690,-3.402066360447654
1691,1.850906154181393
1692,-6.6240837309192155
1693,5.043807600716876
1694,-0.12063157873654395
1695,-2.2008706623324477
1696,-1.2920845203106843
1697,0.4903571733888412
1698,8.113944035813534
1699,0.29431413963836117
1700,-1.6180828330969008
1701,-4.606231770436587
1702,3.8976894431962377
1703,-1.8066924459360956
1704,-3.630039407002258
1705,1.7825001591288223
1706,3.7608033036115245
1707,-0.2781330874643815
1708,0.20948556419273467
1709,3.31968493168643
1710,-0.10062427372559606
1711,0.8849406806502259
1712,-3.505976550989055
1713,-2.8236624611897483
1714,-2.995110826934411
1715,2.9795449635197215
1716,1.5508259262106279
1717,-0.5871360649970068
1718,-3.859781901895851
1719,-4.5332535725416285
1720,-4.630010111020134
1721,3.5292878978112685
1722,0.1772991598119213
1723,2.56575416645716
1724,-1.5865934997412776
1725,4.075143460231033
1726,-2.007960206327147
1727,2.314644327425674
1728,4.50021517913931
1729,3.4621503597176693
1730,-2.455008482773795
1731,-0.5483818931408209
1732,0.521980838263879
1733,12.32673844620595
1734,-1.3659120604672983
1735,2.33490696672164
1736,-0.931135785700311
1737,-1.629671094417912
1738,-3.792824386671213
1739,0.19950893544913395
1740,3.1714737652521245
1741,-0.6878782397160861
1742,4.396061341489246
1743,2.7610315402105137
1744,-0.694596024041226
1745,-3.550496886392841
1746,-1.3280765471644203
1747,-1.747612693344408
1748,0.9435131132642947
1749,5.703143657045862
1750,-3.747008507388328
1751,-1.1935234936670804
1752,-5.089095235506207
1753,-2.1760100503477604
1754,1.4130885787383574
1755,4.6220058236837165
1756,-0.7649332112296767
1757,-2.7208707556120086
1758,1.244222623773637
1759,1.4796092864880008
1760,-3.092214816333672
1761,-0.452181212850846
1762,0.19222268282302604
1763,-2.0257342362096704
1764,12.560488313145928
1765,-0.2597877426779196
1766,7.354387373066464
1767,-2.2008706623324477
1768,2.3336122097399934
1769,-2.67614217645823
1770,-2.5607222859062464
1771,-0.35675765324965103
1772,-2.1626269605262154
1773,-2.1611238234493415
1774,-1.1986576219672544
1775,-1.092154549281387
1776,-0.07250645615198925
1777,-3.3415302601926493
1778,10.368758295827512
1779,-0.724048191166903
1780,-1.263723869946972
1781,5.152950379397824
1782,-2.175280284663078
1783,3.3868597055890994
1784,5.266320326880878
1785,-3.765711000995882
1786,3.229990510688272
1787,2.36072241499447
1788,-0.5834260927403545
1789,2.469216866828899
1790,-3.859781901895851
1791,-2.432912761827816
1792,0.06602804704358244
1793,2.2209109197695884
1794,-4.971235545654507
1795,-2.9440685520630465
1796,0.2165781630142678
1797,2.4704462307901283
1798,-6.006006802333237
1799,-3.6528438307382665
1800,-6.346419063713306
1801,-2.361614383748867
1802,6.193850811500375
1803,2.2566238845985023
1804,-1.1606598849391374
1805,-1.0181910839250436
1806,1.8313321024059337
1807,0.08817117091375881
1808,-3.1082208219164698
1809,5.954583268731357
1810,0.15454740979030657
1811,-0.3469993925341009
1812,2.483746742672753
1813,-3.3415302601926493
1814,0.5766099229847017
1815,-2.1446692270262133
1816,-1.0272834043221284
1817,2.8780328117150655
1818,-2.429741857856342
1819,-0.9226890776913446
1820,-3.505976550989055
1821,4.066608603374423
1822,-0.38018433774286065
1823,2.789328203342933
1824,-0.6776180750686114
1825,0.37354920437950545
1826,-0.9222317773302752
1827,2.6085830913312558
1828,-1.0476552694198775
1829,3.96306211078726
1830,-2.858906181850295
1831,3.114253694103843
1832,0.19734734516404995
1833,-0.5119871055482255
1834,1.6525030751189356
1835,-1.5653588388156319
1836,-3.2810091912025605
1837,-0.2950435014899839
1838,3.945366860344228
1839,2.3737776635492898
1840,-3.705180595325468
1841,-2.130573889203259
1842,-4.508646419743652
1843,2.096213779016345
1844,2.5912378176315505
1845,-2.754769778680179
1846,-0.19997359556589656
1847,2.5933306373508804
1848,-4.15328033724914
1849,-2.9889184976307845
1850,-5.960228266477417
1851,-2.1446692270262133
1852,-0.41652145602773505
1853,-2.588915041260265
1854,-2.429741857856342
1855,-2.0841665345322142
1856,-3.505976550989055
1857,-3.765711000995882
1858,-0.7602852998673142
1859,-3.034544540659766
1860,-5.089095235506207
1861,-0.42431892799070375
1862,-2.0859000216760877
1863,4.8872782278781255
1864,-4.630010111020134
1865,-0.5202775991499333
1866,-4.971235545654507
1867,-2.468754675480484
1868,-2.9870481366102486
1869,7.982223082545477
1870,-0.9946138227467736
1871,-3.6528438307382665
1872,-6.909990756110738
1873,2.2315525131801266
1874,1.2248177932427842
1875,1.6669163174301698
1876,-0.26998193850534646
1877,-2.304539461989523
1878,7.829211412185019
1879,-0.3555009027633253
1880,-1.087161470524261
1881,5.297702311015757
1882,1.0553201697533086
1883,5.5886270647206375
1884,1.4248989545019681
1885,0.061352812033357074
1886,-5.960228266477417
1887,4.569736853164692
1888,2.605779119016658
1889,-0.9155839761694377
1890,-0.4171768215701128
1891,1.365082431075181
1892,5.337600020648379
1893,0.026808944076155417
1894,5.8419337778577605
1895,16.363046303288982
1896,-0.7562815049561123
1897,-1.1046131684909923
1898,-0.42009623146991604
1899,3.2596085567006723
1900,-4.630010111020134
1901,0.31113067502119574
1902,-4.971235545654507
1903,-2.9440685520630465
1904,-0.9077218542410295
1905,1.8889201316394908
1906,-5.776103903446126
1907,0.19768953591335858
1908,-6.909990756110738
1909,3.072377779623798
1910,5.6196926761872925
1911,-5.560726685736734
1912,4.864791707419327
1913,-2.67614217645823
1914,4.221907716524147
1915,-0.9887800078534074
1916,-3.063739598215185
1917,-4.726393768394471
1918,-0.8137343738705853
1919,-0.9078950975569062
1920,-4.15328033724914
1921,-3.1974970079720846
1922,0.037073662471519046
1923,-2.1446692270262133
1924,-2.8775399082153887
1925,3.914425802968723
1926,0.29192607540348714
1927,0.7041904811802561
1928,-4.632624060537255
1929,-0.43190187777527367
1930,-2.2556470477737722
1931,-1.374945986240872
1932,-1.1088593951344126
1933,-1.5669601420210346
1934,3.858262911385871
1935,-4.274379113950235
1936,-0.4003796004332219
1937,-2.4823550986253835
1938,-3.027323921710871
1939,3.6163466827336483
1940,-4.068493253244019
1941,-0.2812060709247044
1942,-0.9324113009358999
1943,-3.6528438307382665
1944,-5.937676167114576
1945,2.220152558713085
1946,3.8809131461368374
1947,-5.098705867575595
1948,-3.705180595325468
1949,-1.47363586266396
1950,-2.559815696913007
1951,2.973712475253516
1952,-3.2584693111230636
1953,-3.0293695512212193
1954,-0.49105182718951446
1955,-1.8066924459360956
1956,-3.2685580014491284
1957,3.991269553250418
1958,-4.116896334761505
1959,-0.7301743083114833
1960,-0.17345154170583887
1961,-2.355443241748287
1962,-5.198000463977669
1963,-2.0841665345322142
1964,-4.632624060537255
1965,-0.0865641708777205
1966,-0.22248022703846204
1967,-3.034544540659766
1968,8.534247392413453
1969,-2.1760100503477604
1970,-3.859781901895851
1971,-0.09155671204754867
1972,2.64254369464185
1973,1.0432146636438384
1974,-0.9995575167713362
1975,0.26418600863672315
1976,2.5688492628354567
1977,-1.670030651396761
1978,-2.6250483277269994
1979,-0.7760531869050018
1980,-2.920320005789935
1981,-2.361614383748867
1982,-2.658739647636852
1983,3.2074210421265867
1984,-0.3687772542829179
1985,-2.6438516383383326
1986,1.6745263099893701
1987,-0.41708148032450015
1988,-3.0054809867883523
1989,-0.9312142189813054
1990,1.3538711284974605
1991,-1.4178180224116763
1992,-3.494904979395918
1993,7.41136933508599
1994,-5.960228266477417
1995,-1.6205721895661067
1996,-2.7208497733640353
1997,3.7330482074393885
1998,-5.198000463977669
1999,-2.0841665345322142
2000,-4.632624060537255
2001,7.061047693686593
2002,4.025105920763965
2003,-3.034544540659766
2004,-1.2375475819806914
2005,-2.1760100503477604
2006,2.8746718231004516
2007,-3.521369621911917
2008,-0.901765552159945
2009,-4.160004568818692
2010,1.3405574344625797
2011,-1.801322201017194
2012,-3.843001068193933
2013,4.958127346683326
2014,-2.0563577590642557
2015,-1.0907722559038842
2016,-2.509204300902214
2017,0.6737835585630201
2018,9.6713690508934
2019,-0.8020616226109465
2020,-1.4437515058373984
2021,6.548187452946658
2022,-1.8853507330384367
2023,2.0846781515212545
2024,5.778809591771765
2025,0.8912053316643727
2026,-1.2212643168751314
2027,5.629796202322529
2028,-4.15328033724914
2029,0.9297912163641759
2030,-5.352139264283098
2031,-1.7894798146806594
2032,-2.8775399082153887
2033,-3.550496886392841
2034,-2.152616748052685
2035,-2.0841665345322142
2036,2.5192008700888544
2037,-3.2872665665755045
2038,-0.9806236813712796
2039,1.7370583730262688
2040,2.333968010721076
2041,-2.1760100503477604
2042,-1.9820083178503505
2043,-3.3983866115482058
2044,2.7496616576022994
2045,0.5790004204088983
2046,-4.026344659041047
2047,6.2144721257778945
2048,4.917048368697669
2049,1.0301654251619436
2050,-6.006006802333237
2051,-3.422341175884972
2052,0.7038326582188913
2053,-2.361614383748867
2054,2.1315440164286534
2055,2.498978435103741
2056,9.506786892986899
2057,-2.67614217645823
2058,-4.508646419743652
2059,-1.3103160657337922
2060,-3.2584693111230636
2061,-3.0327230520679436
2062,-0.19293848135067115
2063,-1.8066924459360956
2064,-1.9204069250997993
2065,-1.4478145007144398
2066,5.910866707646486
2067,-2.1446692270262133
2068,-0.7820870731465477
2069,0.4039884215488468
2070,-4.6805293271350035
2071,1.375806159209288
2072,0.3960171240781929
2073,0.0769607782405649
2074,-3.747008507388328
2075,-0.8344038798933542
2076,-2.1419792676692
2077,-1.7049748301544738
2078,-0.9272239316721635
2079,-0.6253929145394308
2080,3.0652765444091483
2081,-4.160004568818692
2082,0.9523406839946043
2083,-2.9440685520630465
2084,-4.068493253244019
2085,13.96792907606618
2086,-6.006006802333237
2087,-1.8136659174415477
2088,-1.410235594417751
2089,-1.3439629933542379
2090,0.8433243273140154
2091,-5.560726685736734
2092,0.43318784653912856
2093,5.174383468311202
2094,0.7608424344320621
2095,-1.3103160657337922
2096,-3.2584693111230636
2097,-4.726393768394471
2098,-4.047491320264782
2099,7.270885984284832
2100,-2.3594167496689007
2101,1.3734683373605703
2102,-4.932225222763752
2103,-1.4490985966211376
2104,4.406549597405068
2105,0.20867755915340935
2106,6.625974557194272
2107,-2.0841665345322142
2108,-4.632624060537255
2109,-1.6843595280341948
2110,0.7900251302952399
2111,-2.364101571636997
2112,-5.089095235506207
2113,-2.1760100503477604
2114,3.123394990978996
2115,-1.0402053663706317
2116,0.17578861627334724
2117,-3.385034967701308
2118,-3.1168234723633095
2119,-3.552809152326698
2120,0.7249715904653005
2121,-0.09941900884526422
2122,-6.006006802333237
2123,-3.6528438307382665
2124,-6.909990756110738
2125,-2.4762968239367344
2126,1.9945660621275008
2127,-3.522897837585424
2128,8.128066275970196
2129,-2.67614217645823
2130,-0.8777209340111176
2131,-1.3103160657337922
2132,-3.2584693111230636
2133,-1.2764307744263772
2134,-0.3174388341332184
2135,0.36734581888202067
2136,-4.311370557150166
2137,-1.3029468486450086
2138,-4.831227101675312
2139,-3.9515421963589628
2140,1.7227029191703493
2141,1.170119574401347
2142,5.481949494917748
2143,1.8913326961587635
2144,-1.5029511023952562
2145,-3.765711000995882
2146,6.867736470366765
2147,-3.034544540659766
2148,-5.089095235506207
2149,2.7353993068891373
2150,-0.26329529313372224
2151,-3.2370908803007508
2152,-2.4993589890057044
2153,11.451410421719107
2154,0.19540694482782395
2155,-3.461337874400252
2156,-4.068493253244019
2157,-1.3872036306937814
2158,-6.006006802333237
2159,0.4886699854053014
2160,-6.873200535890876
2161,-0.6604856643365512
2162,5.46115675873934
2163,-1.4006780529581464
2164,1.1634703788837941
2165,-2.6484536754008525
2166,-0.38048176838876335
2167,2.792701695025382
2168,-3.3452253616784895
2169,-0.9593824683644367
2170,0.2697282000831427
2171,-1.6739270489844902
2172,1.0899566394777285
2173,-2.588258926425356
2174,7.4303855898797595
2175,-0.5147470916299639
2176,-2.7046763494069204
2177,-1.5700675859021949
2178,-1.4927314283030482
2179,-1.679395105835573
2180,3.787823437680229
2181,0.29438444302218336
2182,0.2616627980866282
2183,6.656675806785428
2184,-3.481243091195144
2185,-2.1760100503477604
2186,1.0580924418125646
2187,-4.5332535725416285
2188,1.014761858592143
2189,-0.9960878837294684
2190,-3.9117793572263384
2191,8.298678658144045
2192,-4.068493253244019
2193,6.57959219006927
2194,-2.7271504898517844
2195,-1.5623498805138074
2196,3.8831985334327137
2197,-0.5909193699449156
2198,-2.658739647636852
2199,-0.16091191473252303
2200,-3.705180595325468
2201,-2.67614217645823
2202,-4.508646419743652
2203,-1.3103160657337922
2204,2.3702932059395048
2205,-4.726393768394471
2206,-4.357323283303739
2207,-1.1974104801361347
2208,-0.9297813988155594
2209,-3.3415302601926493
2210,-3.4414392702430727
2211,-1.9798536164401586
2212,-1.0923775929122406
2213,-2.9336779314515717
2214,5.906495422547058
2215,-0.7587715506799437
2216,3.4907103893278557
2217,0.7168173434203307
2218,-3.747008507388328
2219,5.062284539396829
2220,1.413296395546264
2221,3.2016159089529777
2222,1.4421882640321324
2223,-4.5332535725416285
2224,3.253938436447782
2225,-4.160004568818692
2226,0.006600234413705053
2227,-3.5055599615707322
2228,2.7167869452883915
2229,2.6914426250145933
2230,-0.8810938328425064
2231,-2.426464482126874
2232,-6.909990756110738
2233,-0.9243382581275222
2234,3.7597695268927955
2235,0.4666994585307438
2236,6.735331733391398
2237,0.0775559119427407
2238,5.451490604395095
2239,2.6955467967255284
2240,-2.366400233655933
2241,1.9215130206973043
2242,-1.4782719345799393
2243,3.595088205243994
2244,-0.3318835518453285
2245,-2.109473614019998
2246,-5.960228266477417
2247,2.892786304996235
2248,-2.8775399082153887
2249,-2.7585612053340256
2250,-5.24742607552799
2251,0.5429200373429957
2252,2.912498281728897
2253,-2.5510234926229063
2254,-1.8117659655847542
2255,-3.034544540659766
2256,6.750208425871813
2257,-1.4172514337846454
2258,2.2677787360965858
2259,1.8871420652163304
2260,0.10977307031708072
2261,5.152969624395215
2262,-4.971235545654507
2263,2.1932412261149343
2264,1.6648427257441438
2265,2.566437543019207
2266,0.5154747903358823
2267,-3.6091937011014803
2268,-1.7938938032426128
2269,-2.4762968239367344
2270,6.106164587112687
2271,2.3308720730785977
2272,-3.595046264812863
2273,0.1888264837262108
2274,3.62076862268321
2275,-1.3103160657337922
2276,-3.3452253616784895
2277,-3.2478556130715397
2278,-3.1969054160961763
2279,1.826815037493425
2280,0.21907991745697908
2281,0.8050309562275977
2282,0.6374665084887379
2283,-1.8497124683731034
2284,-2.8775399082153887
2285,-2.4311796588914802
2286,-4.021870658690977
2287,-0.5766404004589099
2288,3.141053652898325
2289,2.707373552187611
2290,-1.6756515051501437
2291,-0.039795789834095485
2292,-5.089095235506207
2293,0.0037520520593088413
2294,-3.859781901895851
2295,-2.4911044372177003
2296,-4.630010111020134
2297,2.076357857485654
2298,1.9175306936203693
2299,-3.552809152326698
2300,-4.068493253244019
2301,0.5148659327071408
2302,-1.3724164691845
2303,2.595986827131971
2304,-3.02380855403616
2305,-2.257892743534494
2306,4.2999979947481
2307,-5.198125561516131
2308,-3.1753080111487773
2309,1.8670927791860894
2310,-3.966441833231168
2311,-0.1841964196629735
2312,-3.0488068762415637
2313,2.0639338799107234
2314,-2.38673412799253
2315,0.48075025983427255
2316,-3.247414482835925
2317,-3.3415302601926493
2318,5.491127256120403
2319,0.20110076841652225
2320,-0.3662194187413099
2321,2.7938885186059035
2322,-1.321492132233002
2323,-2.179875452975188
2324,0.6676351149648982
2325,-3.5691577808866297
2326,-3.747008507388328
2327,-3.126433991443166
2328,8.002764010354138
2329,-2.1760100503477604
2330,0.5094013924001857
2331,2.1022038173585798
2332,-4.630010111020134
2333,-1.1693197790628918
2334,-4.976352345732281
2335,2.227105428709467
2336,-4.068493253244019
2337,0.842689841918994
2338,-6.283074314932744
2339,7.974565125720444
2340,3.7060317016475994
2341,-2.5420938004312887
2342,-2.658739647636852
2343,-5.560726685736734
2344,-0.8668500490442611
2345,-1.8873264532627183
2346,4.633983228200754
2347,4.758369899430989
2348,-3.3452253616784895
2349,-2.806836287100616
2350,-2.9261376414613687
2351,1.237397436752179
2352,0.7789193011798226
2353,-2.009919535679538
2354,-5.960228266477417
2355,9.983543350493312
2356,-2.8775399082153887
2357,0.4457960357825177
2358,1.0178696774303042
2359,-0.1968401882935036
2360,-4.632624060537255
2361,1.8020907585412864
2362,0.6961079581007187
2363,5.241464011448319
2364,2.070647140241541
2365,5.358823532113821
2366,3.359925538079281
2367,-1.5537758895788079
2368,-4.630010111020134
2369,6.186656740672243
2370,1.6871136817888526
2371,7.613277374477273
2372,-4.068493253244019
2373,0.5601550121697033
2374,-6.283074314932744
2375,-0.2624547197249124
2376,-6.909990756110738
2377,-1.955798035125137
2378,2.0863407766606947
2379,-6.163686834254185
2380,-2.3932141168594807
2381,1.1528749569560808
2382,0.6301205122477234
2383,-0.9308677350334928
2384,-3.307052596071977
2385,-3.6841333168560295
2386,-1.9980133492067282
2387,6.6327854255675
2388,-3.955258511365039
2389,-3.3415302601926493
2390,4.281677636259684
2391,1.319012926030048
2392,-0.9154799856947409
2393,-0.9409008150739395
2394,-1.7153157015293083
2395,-0.09556429931038256
2396,-4.632624060537255
2397,1.5633104306400352
2398,3.449760597856641
2399,-3.126433991443166
2400,3.741736896232736
2401,-2.1760100503477604
2402,1.388842401353969
2403,-4.5332535725416285
2404,1.0284782228696803
2405,1.336773937223837
2406,-4.976352345732281
2407,1.7271291427810784
2408,0.40631477028155727
2409,0.409394509866463
2410,3.120689702962844
2411,4.888666914409327
2412,-6.909990756110738
2413,1.6706996974595754
2414,3.2878406071400295
2415,-1.7709216929686282
2416,-3.464455569951084
2417,2.8445711893447427
2418,-4.508646419743652
2419,-1.378715032054898
2420,3.4786615400595955
2421,-4.726393768394471
2422,-4.609808980562478
2423,-1.7818482306519594
2424,-1.6495762210967846
2425,-3.3415302601926493
2426,0.01007931531829874
2427,2.621102998229007
2428,2.6560142893623966
2429,1.7920856706212585
2430,-1.0556477238765338
2431,-2.3032047993326525
2432,-1.1439960459942404
2433,-3.765711000995882
2434,-3.747008507388328
2435,-1.488187509197255
2436,-0.5402516526562646
2437,-2.1760100503477604
2438,-3.0720103839787285
2439,-1.8336878764881797
2440,0.20306838243012515
2441,-4.160004568818692
2442,-3.4071836788219914
2443,-3.1638662701681888
2444,-4.068493253244019
2445,-1.670030651396761
2446,-0.18624551535112466
2447,-3.6528438307382665
2448,-6.631471979026619
2449,4.077187030036249
2450,0.8670316187915921
2451,5.006197150430935
2452,4.527443053573435
2453,-2.67614217645823
2454,0.3723839414101848
2455,-1.378715032054898
2456,-1.622861074897847
2457,2.714852966347209
2458,0.3184871882862581
2459,0.22805723956568433
2460,-0.23932436839015447
2461,-3.3415302601926493
2462,2.1177249588112397
2463,-3.9515421963589628
2464,0.7946261409012081
2465,-3.5504868200164434
2466,-1.2470329363878063
2467,-3.6004394216437383
2468,2.00282498238988
2469,-1.9799929242372007
2470,2.5962937138075866
2471,-3.126433991443166
2472,-1.212668028793706
2473,-1.7393722892086412
2474,-3.859781901895851
2475,0.7345643460748899
2476,3.3140987435129206
2477,0.8721900903186051
2478,-4.976352345732281
2479,-0.27773559300004313
2480,-7.094709882854744
2481,8.37672581202645
2482,-1.9381402394798841
2483,-5.389311168639679
2484,-0.3868001031115495
2485,4.55342464562437
2486,-0.35219023824645673
2487,0.29642781350697744
2488,-3.5900817976624504
2489,1.423998977341126
2490,-0.10648710847352216
2491,-0.5111377369391621
2492,-3.3452253616784895
2493,3.5295521868345383
2494,2.8454734394270558
2495,-1.8066924459360956
2496,2.0572097135785032
2497,3.71945594807843
2498,4.518295137578084
2499,4.1325643522846685
2500,1.8395326807604726
2501,3.5347238654276802
2502,2.6832468674097116
2503,0.7201538529272865
2504,1.6905392346415224
2505,-2.297964301638567
2506,-3.747008507388328
2507,3.2547507727744116
2508,-5.089095235506207
2509,-2.1760100503477604
2510,0.2094103755168084
2511,-2.2229741602728184
2512,-4.630010111020134
2513,3.6768490474109554
2514,1.6504545003157567
2515,1.8579939243064665
2516,-0.7328380313516258
2517,11.230539047721205
2518,-3.5968182859217186
2519,3.1719393485629945
2520,1.4787301246559967
2521,0.6709534227017251
2522,1.709399101333689
2523,-6.163686834254185
2524,8.130943108383356
2525,3.4727553260342585
2526,4.999643562539245
2527,5.039833409225354
2528,1.8938659565205465
2529,3.9306273860721364
2530,7.116487040078642
2531,1.7971707711156366
2532,-0.22183842658659936
2533,-3.1372818310894774
2534,-0.5981229240530028
2535,-3.9515421963589628
2536,-1.2308907626303094
2537,6.415314126446042
2538,0.10411930245133372
2539,1.7192394678195657
2540,-2.7469908254883597
2541,-3.765711000995882
2542,0.07117399653920597
2543,0.6999815563705802
2544,-1.602807732658893
2545,-3.178621944591222
2546,-3.859781901895851
2547,4.705385009706177
2548,-4.519272152685215
2549,-0.4874669016389454
2550,3.933012814708458
2551,-1.551394330261382
2552,-6.909990756110738
2553,-0.7944871386981032
2554,-2.128659692888862
2555,-5.389311168639679
2556,-7.094709882854744
2557,-2.801158741127324
2558,-2.658739647636852
2559,-0.11670510464941541
2560,-3.705180595325468
2561,-2.317747085055928
2562,-4.508646419743652
2563,-0.3154516585733373
2564,-1.6468056509317464
2565,2.2126950247338524
2566,-0.8506593483471674
2567,0.9372377490253004
2568,-4.311370557150166
2569,-0.042648462684337696
2570,-5.960228266477417
2571,6.952588947510523
2572,-2.8775399082153887
2573,15.855886733991566
2574,5.140541705967488
2575,-3.6004394216437383
2576,-1.194040776243369
2577,-3.765711000995882
2578,-1.115172832244828
2579,-0.7393250964114028
2580,-5.089095235506207
2581,-3.178621944591222
2582,-1.215670428053849
2583,1.3263150128016363
2584,-4.630010111020134
2585,-4.0023441841156915
2586,-4.976352345732281
2587,-1.0997708915100692
2588,-2.6386539173106396
2589,-1.670030651396761
2590,-6.283074314932744
2591,-0.04746753866345543
2592,-5.9045996577726845
2593,-2.801158741127324
2594,-2.306309157115921
2595,-2.8076506989196632
2596,-3.5868370488473214
2597,1.3203884140981068
2598,-0.4100098966874939
2599,-0.7166302647573489
2600,-0.9736613113438356
2601,3.523622500288831
2602,-0.8413365965710926
2603,2.9935384481812104
2604,-2.597170355638386
2605,1.2266773044927923
2606,-0.9344820568695773
2607,-1.705187052026286
2608,-2.765120550671046
2609,0.3580007538211767
2610,10.027373231766969
2611,-1.0070309621361182
2612,-4.632624060537255
2613,0.34277069030111273
2614,2.223201957241611
2615,0.7475684447983042
2616,-2.2513326901373367
2617,9.135393268209674
2618,-3.872846617909291
2619,2.8158809567097522
2620,-4.8339528884459355
2621,-0.1585124060672755
2622,-4.976352345732281
2623,4.05503304937958
2624,-0.15596149181258534
2625,-1.670030651396761
2626,-0.8475391887923363
2627,-2.6413942181828474
2628,-2.8910476031071415
2629,-0.45378445679890045
2630,-2.658739647636852
2631,-5.603732925871206
2632,0.37273305826557324
2633,-0.4499757294535066
2634,-1.9436130127892772
2635,1.893970743872245
2636,-3.046785634421542
2637,-4.726393768394471
2638,2.8101938699065414
2639,-1.8066924459360956
2640,-3.6144977333482493
2641,-0.4650514440207545
2642,3.137678991465566
2643,-0.33540704385554176
2644,-2.8775399082153887
2645,-3.550496886392841
2646,-5.24742607552799
2647,-3.6004394216437383
2648,-0.10732786674255768
2649,7.3191590410840695
2650,0.47854709075590884
2651,-3.126433991443166
2652,-5.089095235506207
2653,-3.178621944591222
2654,0.1837439182231706
2655,9.377416498489684
2656,-4.9654466243394
2657,8.92136896047022
2658,-4.849250182591378
2659,-0.8377787177216335
2660,-6.08137931466781
2661,2.39480072092869
2662,-6.283074314932744
2663,-5.389311168639679
2664,1.2201858155897285
2665,-3.4966038881632073
2666,-1.1360765011746528
2667,-6.163686834254185
2668,-3.71335411592457
2669,0.27264467700764394
2670,1.5905613785539185
2671,-1.4830158594356242
2672,4.509825598811865
2673,1.54650628171995
2674,-1.9430678949447424
2675,-1.8066924459360956
2676,-4.311370557150166
2677,-0.11996802559500175
2678,-2.643545189256051
2679,-0.1834151785898166
2680,4.812509172833594
2681,0.31124529723768024
2682,-2.585679022938109
2683,-3.6004394216437383
2684,5.439961611282805
2685,-4.935596294089753
2686,-3.747008507388328
2687,13.09695440065013
2688,4.088108869007883
2689,2.6072852810847804
2690,2.7709249321227007
2691,-3.0517789719222836
2692,2.4710171976377335
2693,-4.160004568818692
2694,-3.34974553534845
2695,0.6129822673117188
2696,-6.909990756110738
2697,-0.03679146700460012
2698,-6.036956104831561
2699,-0.9693455571605685
2700,-6.3911196815954465
2701,-1.8224131750487906
2702,6.5315779464420824
2703,7.152376469501443
2704,-3.71335411592457
2705,7.069307860488985
2706,-1.4975555221774557
2707,10.81039738409817
2708,-3.3882341685608783
2709,-3.0696013306679815
2710,-4.609808980562478
2711,1.8533719997367049
2712,-1.9588895177967356
2713,2.2664578527581645
2714,-5.960228266477417
2715,2.1997682422858
2716,-1.3365250954517407
2717,-3.550496886392841
2718,5.46850709865765
2719,17.6324941976774
2720,-4.632624060537255
2721,1.97145630014372
2722,-3.747008507388328
2723,-1.1103047948730569
2724,-0.3476739604896033
2725,-3.5441171306078516
2726,5.212246613229836
2727,-4.5332535725416285
2728,-1.3451482632634646
2729,-2.4302917774057042
2730,3.2534861248264932
2731,-3.552809152326698
2732,0.07002841877725396
2733,3.601680334470319
2734,3.39716123661907
2735,-5.389311168639679
2736,1.502272595904819
2737,-2.520275475750357
2738,-1.2185920101173653
2739,-2.141922419245494
2740,0.11411370848847935
2741,-2.6700556336967307
2742,0.9114793392352962
2743,1.428893328391465
2744,-2.9284211543013186
2745,-4.726393768394471
2746,2.042719234169388
2747,5.780588094780231
2748,-3.8675070104782474
2749,0.26956846122250716
2750,-5.960228266477417
2751,-1.4089069350831815
2752,5.891913691427961
2753,2.47814885852224
2754,4.807678169418493
2755,-3.2669063946712
2756,6.031176311492269
2757,1.2989943906129824
2758,0.8409144427248804
2759,1.8889229029495078
2760,0.9234773872146587
2761,-3.5582614390444003
2762,3.524583351435612
2763,-2.699902983229871
2764,-0.15320481397772023
2765,-2.7247566184266265
2766,-0.7832920126309599
2767,4.728951577193847
2768,-6.909990756110738
2769,0.22687202791228078
2770,-1.2053210828516854
2771,-0.16888910484928654
2772,-2.9247164994537305
2773,0.9303780747687664
2774,-2.658739647636852
2775,-2.2736352164141698
2776,17.521442715881484
2777,-2.67614217645823
2778,0.47923932500456257
2779,2.3957082486652475
2780,2.5453650458073893
2781,7.033676466552171
2782,-1.8903559391767155
2783,4.183835001396403
2784,2.08762962099191
2785,1.3902590202874623
2786,-6.111939575105893
2787,-2.445521013043093
2788,-1.0607911311548204
2789,-1.2507490707241171
2790,-1.5429773723503326
2791,-3.7082681044338024
2792,-0.2548231767898588
2793,1.6296754580115724
2794,0.8040221319747916
2795,0.35393018969352086
2796,-5.089095235506207
2797,2.46049630946611
2798,-3.907606997669358
2799,-4.5332535725416285
2800,-0.9251326220650227
2801,1.9019563494683012
2802,3.3123150869707487
2803,0.6230847693228458
2804,-6.909990756110738
2805,0.5557227463793142
2806,-3.9894808998774356
2807,2.769948686858348
2808,-6.2834602377539
2809,5.0002617989493805
2810,-2.658739647636852
2811,3.442411137380542
2812,-1.2429468774793346
2813,7.208491319974222
2814,-2.2363096778690874
2815,0.033373933216774926
2816,3.715237156934271
2817,-2.1422945612633604
2818,0.7523807734869895
2819,-1.8066924459360956
2820,14.324759846718873
2821,1.1043432860466793
2822,0.13909459601886076
2823,-3.9515421963589628
2824,-2.517697944320414
2825,-2.240170874129385
2826,-5.24742607552799
2827,-2.2251417451333007
2828,3.3814343277518577
2829,6.570882582505499
2830,1.7922453064648047
2831,2.1546532837841443
2832,-0.3849754918944792
2833,1.346837209225586
2834,1.0481197951105086
2835,-1.9413714392177117
2836,1.8971791129841784
2837,-4.160004568818692
2838,6.067088361596506
2839,-2.5442789744719345
2840,-6.909990756110738
2841,7.802985392243953
2842,-6.283074314932744
2843,-5.389311168639679
2844,2.40064990488382
2845,-1.4898069726669347
2846,1.0150305576859395
2847,-0.233184666050461
2848,-3.182840327683513
2849,0.24376588941847288
2850,0.4937768103205823
2851,-1.0529692593487177
2852,-2.372320913525761
2853,-3.5202723545923087
2854,1.3878012974494536
2855,0.12009947184777603
2856,5.519813417557007
2857,1.7447943734752738
2858,-3.339417740908197
2859,9.99751833248609
2860,2.8599903637113493
2861,-2.397439817035384
2862,3.6943125039057048
2863,-0.2579863091420562
2864,-1.9047270979075015
2865,3.2507016745993833
2866,0.4950683315624351
2867,-2.0212376816342545
2868,-2.4436206300807135
2869,-1.5491969464639046
2870,0.6982174054280827
2871,1.872345574764363
2872,-4.9654466243394
2873,-1.4198647394756598
2874,2.7850309488200837
2875,-3.552809152326698
2876,-3.2839457232503935
2877,-1.1367049569440013
2878,-6.283074314932744
2879,-5.389311168639679
2880,-4.1344817537373775
2881,-0.9756240875437515
2882,-0.04051914260333467
2883,-0.7297029637888335
2884,-3.71335411592457
2885,4.314090148877819
2886,-2.227185877358552
2887,2.571652526698437
2888,1.7251646580963578
2889,-4.726393768394471
2890,0.9604934297834726
2891,5.361703940642975
2892,-1.0189358312502368
2893,-3.4770992281217037
2894,-5.778226326764117
2895,-0.6135905788363785
2896,-2.0371534238452678
2897,-1.6756320412385222
2898,-2.6442450913119093
2899,2.2415100815591433
2900,2.444666523670918
2901,1.2066269596174903
2902,2.322966603145308
2903,-3.126433991443166
2904,-1.047546634100725
2905,-2.827273814612058
2906,-3.907606997669358
2907,-4.601703535664784
2908,-4.387030242408834
2909,-4.160004568818692
2910,-4.976352345732281
2911,-3.552809152326698
2912,-1.7317330494895793
2913,-1.670030651396761
2914,-1.6848748524875539
2915,1.3409407808390215
2916,0.1545762919705279
2917,2.02156624632555
2918,7.106597319626752
2919,-1.7210692383147297
2920,-3.71335411592457
2921,0.1707423940908287
2922,-4.273445682210001
2923,0.03875240531271
2924,-2.8107831565220702
2925,-4.6916550335433
2926,-4.609808980562478
2927,7.641487208724239
2928,2.754885298894645
2929,-2.838675432242415
2930,0.45073491133357024
2931,0.7308379575643986
2932,-3.09912558718761
2933,-0.32269497267172653
2934,0.5423456966517415
2935,4.249365519234174
2936,0.6935382094896696
2937,-4.593203778418814
2938,0.08070101370591987
2939,2.0271941527130446
2940,2.6663952951494934
2941,-1.4428823853578772
2942,0.12704420957656382
2943,-4.601703535664784
2944,2.7543978213779674
2945,-4.775569493790823
2946,-0.10149818565594604
2947,1.2222266983498844
2948,2.929766312095469
2949,3.8679368781140226
2950,-6.283074314932744
2951,-0.9156071967290104
2952,-2.3521955738331997
2953,1.026746851880619
2954,5.450367731289057
2955,-2.818288749094905
2956,-1.9003413853031839
2957,1.8052727688179702
2958,-4.508646419743652
2959,2.0214078571662344
2960,2.3486552804763536
2961,-0.9766668420362157
2962,2.1479603796390854
2963,1.2362979717872498
2964,0.7851309475713746
2965,0.45533939855231786
2966,1.8618170255217499
2967,-3.9515421963589628
2968,1.5424993485453224
2969,-0.23607088797916997
2970,-5.24742607552799
2971,-3.8346179686530766
2972,-5.671347196370687
2973,-4.060234442246889
2974,3.4115482985076873
2975,2.5112658794836906
2976,-5.089095235506207
2977,-3.5582614390444003
2978,-3.907606997669358
2979,-1.7747895454618152
2980,4.6943288300132275
2981,-3.906688522026365
2982,-4.98709452103939
2983,2.051742161368017
2984,3.9009611108395754
2985,2.0129082588155316
2986,0.4983934626971309
2987,3.5910338587873083
2988,-3.1815632357794863
2989,-2.0173004051555217
2990,3.7672259532605072
2991,-2.3601483920389947
2992,8.601862748985187
2993,-1.111177564120296
2994,-0.08215496946533385
2995,-1.3147209718242379
2996,2.3363811338676004
2997,-4.726393768394471
2998,1.2663157224487838
2999,-1.41748364883814
3000,5.465066110018294
3001,0.18967459558715338
3002,-1.6288534595785062
3003,0.7710170203858899
3004,-1.2460153042570266
3005,-2.7641156728680127
3006,3.353809619624096
3007,0.7298669020329971
3008,7.3977144596705
3009,0.339906424360531
3010,6.4369176086262705
3011,-2.54330940574526
3012,-5.089095235506207
3013,-1.846089517192462
3014,0.07507655381876255
3015,-2.310411246067094
3016,-0.8725332426478105
3017,-4.949747815237554
3018,-0.6351935497645004
3019,7.883388525463712
3020,3.2378261848932524
3021,11.613517369719071
3022,-0.7460004659165609
3023,-5.389311168639679
3024,-7.138942589227659
3025,-1.3668032484950574
3026,0.28924774261188824
3027,-6.163686834254185
3028,-1.3160173721022077
3029,0.5219687269301572
3030,2.3866711053836953
3031,2.941311772028329
3032,1.0832632095954018
3033,5.6690304749225495
3034,5.40654663290875
3035,4.073218591716049
3036,-4.311370557150166
3037,-3.4770992281217037
3038,5.975248728741503
3039,2.2784300922665377
3040,2.7694158548625154
3041,-3.550496886392841
3042,-1.7501268290448824
3043,-0.27097720811926856
3044,-5.671347196370687
3045,-2.1971433501080266
3046,5.73895887552389
3047,1.3139017837521183
3048,-2.165054154789805
3049,-3.5582614390444003
3050,-4.215693893261662
3051,-2.7833225087696736
3052,-0.8653164748761427
3053,0.7046316808687432
3054,-4.98709452103939
3055,1.0772662870258185
3056,1.4457586236200333
3057,12.04111834331843
3058,-0.6062826446740768
3059,-5.389311168639679
3060,2.1875292393267856
3061,6.363899158155048
3062,3.4926183854803785
3063,2.3244793894791647
3064,-0.03750789919575315
3065,-1.3258449534697114
3066,-0.1983598606300334
3067,-2.147897967812753
3068,-0.3896908536301719
3069,-1.468030209098897
3070,1.2427771803984318
3071,-1.6246169182807102
3072,-3.1396212687348277
3073,2.7622132821594336
3074,-6.111939575105893
3075,0.8491446138411187
3076,1.3706325135830733
3077,5.733688946434661
3078,-2.3030531763249127
3079,-3.8346179686530766
3080,-0.818004414451826
3081,-2.757641736715057
3082,4.2259795693861575
3083,-1.7194065576341453
3084,-5.008437283849942
3085,0.34469844516946796
3086,-4.215693893261662
3087,-2.705837102332979
3088,1.3637783996684343
3089,-4.949747815237554
3090,-4.668581446811228
3091,-3.552809152326698
3092,-6.590534190622845
3093,-0.7059476616082819
3094,1.8536595474295856
3095,2.274346813047761
3096,-7.138942589227659
3097,-3.6469329895017735
3098,-2.658739647636852
3099,1.8244369758958305
3100,0.05286772447369478
3101,0.10697198629885238
3102,4.398063782841348
3103,0.3696670279398575
3104,-2.3639194223671165
3105,-1.7064733368578988
3106,-1.3688860255507973
3107,1.1440547458596004
3108,-1.4890848680381552
3109,-0.3211707326709757
3110,1.7942817975410934
3111,-3.814575406860354
3112,-1.6151630821587353
3113,-3.550496886392841
3114,-5.24742607552799
3115,-2.098675189230134
3116,-5.671347196370687
3117,-4.935596294089753
3118,-2.2857938042237462
3119,-1.0350280177745175
3120,-0.006347624713660904
3121,-1.675928282136315
3122,0.06745612213496155
3123,-1.2394367925286627
3124,0.8159363807125821
3125,2.0278142102728998
3126,-0.0008893173470119198
3127,0.5172345033578793
3128,-3.048693964610809
3129,-1.670030651396761
3130,0.8834039383009508
3131,-0.5049072129023792
3132,-6.987616091900129
3133,-0.445313709593978
3134,-2.658739647636852
3135,-1.1761431768535737
3136,0.4119477329982838
3137,-0.8254042532419854
3138,-4.508646419743652
3139,-3.464197087489169
3140,1.5552377170409213
3141,-0.5733097989614393
3142,-4.609808980562478
3143,2.71782367016076
3144,1.7472317881529547
3145,-3.4770992281217037
3146,-5.747253683535004
3147,10.39601056395336
3148,-0.01096870957372964
3149,2.385974482205785
3150,-4.928665642383633
3151,-2.883560844123865
3152,-5.671347196370687
3153,-2.4692711931451297
3154,2.0286882075985684
3155,6.818766898369723
3156,-3.382582079723443
3157,-3.5078387179018433
3158,1.2177004617019411
3159,-2.8061592847779564
3160,-2.037555927446651
3161,-4.949747815237554
3162,-3.0194299351235614
3163,-1.8539929128606043
3164,-5.846931959438545
3165,1.450364297277112
3166,0.7826813553858762
3167,-3.1499730328356836
3168,-5.187056763214599
3169,4.996219350014117
3170,2.9825825434559645
3171,-3.4314943345132853
3172,3.141421513733573
3173,-2.67614217645823
3174,-4.676754290793449
3175,1.2526417485562265
3176,-4.071339416093921
3177,0.44300971158010227
3178,-4.609808980562478
3179,-1.8066924459360956
3180,0.5622035215108241
3181,-2.9470172925192375
3182,0.5084371729217041
3183,-2.1909723351976402
3184,3.2343853371069424
3185,-2.226704645959404
3186,-5.24742607552799
3187,-0.6743628482238442
3188,2.7109439226526755
3189,2.8307273162821
3190,11.92906229667392
3191,1.3772906947181784
3192,-2.556217228920625
3193,-1.2625513340011811
3194,-4.011413245796383
3195,-3.280439989763135
3196,-1.519741701361352
3197,-4.949747815237554
3198,1.1300265338603583
3199,-1.4319668892161177
3200,-6.909990756110738
3201,1.6346871252755288
3202,-2.649086503740861
3203,1.6488757947662749
3204,-6.378564661487817
3205,-0.299449640583876
3206,-0.3251166179452949
3207,-2.557798407179134
3208,-0.4743108061315833
3209,1.3700018480120866
3210,0.8341303819606694
3211,0.12216609672022605
3212,-0.5354328143231963
3213,-4.726393768394471
3214,1.915406159750798
3215,-1.8066924459360956
3216,-2.2717719691204104
3217,0.5553733846605033
3218,-0.7017175517343821
3219,1.1067334017526722
3220,-3.09912558718761
3221,-2.9243851553672386
3222,-5.24742607552799
3223,11.084424705244274
3224,-0.365007395003607
3225,2.089343485898933
3226,1.1472701920072375
3227,-2.4506434288202303
3228,-5.1310478594876905
3229,3.655790785377662
3230,2.4208097772963884
3231,1.0163723861843068
3232,-4.7610828163280345
3233,-4.949747815237554
3234,6.582076857624295
3235,2.764402529412713
3236,-1.920001831096251
3237,-1.110357230459654
3238,4.232135111821637
3239,-2.4854011641977394
3240,-5.089315718412072
3241,-3.571558217858678
3242,-2.658739647636852
3243,-1.5872174224698714
3244,-3.7140898784204777
3245,-0.18025897547487402
3246,-6.155451583459172
3247,-3.464197087489169
3248,-4.071339416093921
3249,-0.6372285450687114
3250,2.449781020121283
3251,2.759682205572017
3252,4.4488222719280195
3253,-3.155285422847448
3254,-6.111939575105893
3255,1.2152704802596357
3256,-3.09912558718761
3257,0.03961638053439742
3258,0.7157426081785128
3259,-2.9834313300043274
3260,3.3988436211484077
3261,-1.6436024178341007
3262,1.928971560724869
3263,14.614099268690014
3264,-1.377484951099809
3265,0.7338880696075218
3266,-4.215693893261662
3267,-4.601703535664784
3268,-0.5874556764138045
3269,-4.7426770173499
3270,-4.98709452103939
3271,-0.14122549115052557
3272,1.0639798740679023
3273,3.7521203269634666
3274,-1.1991583993989763
3275,-2.490280201767998
3276,1.0155719846207178
3277,1.398522587874211
3278,-0.5851876211048304
3279,3.7952810284808027
3280,-2.19340026551479
3281,0.393469727124622
3282,1.7019321956978999
3283,-3.464197087489169
3284,-2.6706204519346235
3285,-3.413738928662506
3286,5.936583259902873
3287,5.198391258583904
3288,-4.311370557150166
3289,3.69742901747614
3290,-3.468079080974189
3291,-3.9515421963589628
3292,-3.09912558718761
3293,-1.1162739128903174
3294,-1.7065081099805235
3295,0.8459018420737014
3296,4.5407663446656485
3297,6.0546007018343815
3298,3.867671026774989
3299,1.5138677139796928
3300,-1.3856698739309146
3301,-3.5582614390444003
3302,5.458293960714077
3303,-3.054632843477398
3304,-2.258826335413839
3305,-4.949747815237554
3306,-4.98709452103939
3307,3.0968132838732343
3308,-4.892871376366639
3309,1.0116723456915335
3310,-6.438646919830789
3311,-5.389311168639679
3312,-6.424525030757943
3313,4.966432431081734
3314,1.5539514222959925
3315,-0.982709280791981
3316,1.165584216870049
3317,-0.787771615811355
3318,8.515645718714593
3319,5.611279887704587
3320,-2.9833160461743695
3321,-2.8922536718608853
3322,-1.8649095213813827
3323,4.604777468872328
3324,0.1899200252860329
3325,4.182769519641712
3326,-0.3460043728364153
3327,-2.5650080944722458
3328,-3.09912558718761
3329,-3.304970637541983
3330,-0.5731927205602858
3331,0.775865325509397
3332,-1.372061279554206
3333,-4.898637170801248
3334,5.0148197457947905
3335,1.642430637976073
3336,-5.1310478594876905
3337,-2.5789259665384523
3338,0.3073739723137292
3339,-3.248279764317594
3340,0.0751255744623621
3341,2.797705596836169
3342,-5.057007544481366
3343,3.063492799970525
3344,3.7570479613109407
3345,12.000773647372899
3346,-6.438646919830789
3347,-2.4365035855230577
3348,-7.138942589227659
3349,1.0506756775602584
3350,3.4805140052117634
3351,2.7665638899221907
3352,-3.7140898784204777
3353,-2.67614217645823
3354,1.2182138945211958
3355,3.6771477319832635
3356,2.9551730439013157
3357,-4.726393768394471
3358,-1.834689569239798
3359,-1.0032102528573286
3360,-4.311370557150166
3361,2.5474317754695353
3362,1.038139433761341
3363,-3.9515421963589628
3364,-0.4800199831038776
3365,-1.0816345195763368
3366,-3.49763042894312
3367,-3.931255900511226
3368,-1.0155131650779714
3369,1.6929312231219957
3370,-0.3718516304271553
3371,7.249094757383899
3372,-4.480943682516312
3373,2.4339583657521455
3374,1.1102658675459467
3375,-1.915467843148313
3376,-4.509757397299347
3377,-0.9156081753108936
3378,-1.822015296683181
3379,1.491886999457413
3380,-0.9677228786975276
3381,-0.9068879426890892
3382,8.567399141523477
3383,1.2286460007592956
3384,-7.138942589227659
3385,5.477353468644377
3386,0.8088525031746685
3387,0.2127855068981631
3388,1.636637687666211
3389,-2.0050609194415094
3390,-0.7750236466504972
3391,-3.291800312326491
3392,-3.5094197538309464
3393,-1.7898428355500733
3394,-2.513524734010459
3395,-1.7282473077107081
3396,-4.409140032479547
3397,10.97307222808254
3398,-1.6773642651729181
3399,10.83322209081398
3400,7.016474509049332
3401,3.0196103817580147
3402,0.5676722879428875
3403,7.319184004186174
3404,-5.671347196370687
3405,1.6952205614705533
3406,1.34364388220604
3407,-0.9201657055497954
3408,-4.353145516556708
3409,1.8564110324250986
3410,6.436917628976612
3411,-4.601703535664784
3412,2.398272957120998
3413,2.912666395682533
3414,-5.057007544481366
3415,-3.552809152326698
3416,-4.19517532894918
3417,-1.5535247320135916
3418,-6.039966267897717
3419,3.331400599309066
3420,-0.6482269695243554
3421,-3.6469329895017735
3422,-2.658739647636852
3423,2.1585968443498027
3424,-1.9094243384972451
3425,-0.8433588597961093
3426,-4.74476940273613
3427,-0.4713706157694727
3428,-1.5358260568676838
3429,-4.726393768394471
3430,-2.7793038225112867
3431,-1.8066924459360956
3432,-3.965480370521624
3433,3.1159849844746823
3434,-6.111939575105893
3435,7.122778405362822
3436,-3.09912558718761
3437,-0.2320933756762542
3438,-5.24742607552799
3439,7.381143549249995
3440,8.142352965962445
3441,-3.0538404239675194
3442,-0.18307200580600935
3443,1.2217832760437104
3444,-0.8342272025050218
3445,-0.2971193358471793
3446,1.2228032769276114
3447,0.7829063149325495
3448,-1.542980017141506
3449,-0.6881630017436484
3450,-5.057007544481366
3451,-0.5570927701495549
3452,-7.514765764023199
3453,-1.670030651396761
3454,-6.097037282514103
3455,4.523615758520233
3456,-7.514765764023199
3457,6.895239647952347
3458,-2.658739647636852
3459,-5.630272660563646
3460,6.465258102430747
3461,-2.67614217645823
3462,3.4962828751704906
3463,0.5256142568940677
3464,2.149860490272105
3465,-0.139473936490905
3466,6.432972421026325
3467,-1.8066924459360956
3468,-4.448067397445969
3469,-0.3096063854716151
3470,2.5430946379652095
3471,0.641597625644879
3472,-3.0429105792495155
3473,0.4014720256621658
3474,0.4177715401288773
3475,1.4690798822598654
3476,1.6974321027619472
3477,-4.935596294089753
3478,3.376304659753326
3479,1.7536184144618816
3480,-5.082200568928451
3481,-1.4104057472540048
3482,-4.215693893261662
3483,-3.2121685601201713
3484,0.24279535622388493
3485,2.7021101720536924
3486,-2.6808530770277206
3487,0.025295224777005465
3488,-6.775110901663595
3489,-1.1023226610564683
3490,-6.438646919830789
3491,-2.8288550327758077
3492,5.6601955902195344
3493,6.999930016661755
3494,0.7476274089061518
3495,-0.868491002290942
3496,-0.24515352764210618
3497,-2.67614217645823
3498,1.3566888776187283
3499,2.2921925730347237
3500,0.014422527331150181
3501,-1.356161971095971
3502,-3.883332690772737
3503,-0.07784215470675637
3504,1.7391094627699992
3505,-3.4770992281217037
3506,-6.111939575105893
3507,-1.6540060715136793
3508,-3.09912558718761
3509,-0.9360318162884611
3510,-5.24742607552799
3511,-4.794487816472586
3512,-2.405078136994291
3513,-4.935596294089753
3514,3.627640913031577
3515,-3.126433991443166
3516,-3.5351297351108433
3517,1.028812472133822
3518,-4.215693893261662
3519,-1.992441482227131
3520,1.656054048287803
3521,2.510578898243781
3522,0.525130236882845
3523,-0.7550721249597523
3524,-6.242732256012485
3525,4.843666759618032
3526,-5.3625556025730585
3527,2.83241868603268
3528,-2.357355793533854
3529,0.17924313686787074
3530,-2.658739647636852
3531,6.402081705886376
3532,-0.7697568513220464
3533,-1.535352219611788
3534,-0.2507091527967177
3535,-1.912018685246938
3536,6.993245921189023
3537,-2.2820011329567778
3538,-2.9670194066085003
3539,1.1581560883836117
3540,-0.4450088387939275
3541,-0.5604256147750446
3542,-0.7434507492271155
3543,-3.9515421963589628
3544,-3.0744989698909886
3545,0.3379538723730853
3546,-4.419005801063727
3547,1.515956921189161
3548,-5.671347196370687
3549,1.7075788332922246
3550,-0.5444547189830788
3551,13.209840682981906
3552,-2.410122731609195
3553,2.685950774684628
3554,-1.385260156767044
3555,1.5870865719205915
3556,2.173846890176303
3557,-0.5807435202065566
3558,-5.057007544481366
3559,-2.3595160963835977
3560,-7.138942589227659
3561,-1.709914953981932
3562,0.8933417512722959
3563,-3.1386803908369796
3564,-7.15163042092585
3565,1.6449971990639782
3566,1.4174897054218407
3567,-6.163686834254185
3568,0.4954483151220448
3569,2.470856919625953
3570,-0.2037894971180414
3571,2.756186562394367
3572,0.21904203903157415
3573,4.7643175558439985
3574,2.5052528761861366
3575,10.388538038714161
3576,1.1018119935190882
3577,-3.191499051490017
3578,-5.67025697372249
3579,-3.9515421963589628
3580,-4.334255371497309
3581,2.6809868455026176
3582,5.051268706045184
3583,3.194505613895333
3584,-5.671347196370687
3585,3.3703416335074303
3586,4.961979148017703
3587,4.438172878499342
3588,0.14477980599409634
3589,-2.703166166045195
3590,2.775531104981042
3591,-4.601703535664784
3592,-3.4266146015650425
3593,-2.3169145285522443
3594,-5.041663774405654
3595,-3.294678529692085
3596,-2.094107991058827
3597,10.917826779929674
3598,7.2158997435127015
3599,3.748109411469558
3600,-1.9414024798761078
3601,-3.6469329895017735
3602,-2.658739647636852
3603,1.9827480898102028
3604,-1.0153580255450962
3605,-2.67614217645823
3606,1.9556810942157823
3607,-4.161614446553413
3608,-0.6702323085670798
3609,-0.8025457514319863
3610,7.152806798916689
3611,-1.5832491651071652
3612,5.84205883609358
3613,6.066835314541009
3614,2.771974456477407
3615,-3.9515421963589628
3616,-0.9717149510911648
3617,-3.550496886392841
3618,5.1971934670654765
3619,0.80478155122941
3620,0.0315916532295939
3621,-5.074870146035089
3622,8.882458653123923
3623,1.497716531476814
3624,-3.2276288178133665
3625,1.0666963619311047
3626,-0.6951424499146031
3627,2.2788580424515223
3628,-4.9654466243394
3629,-0.03462630598375029
3630,2.463044947024086
3631,-1.485195429362593
3632,-6.1799904666736225
3633,-1.2363160534558042
3634,1.0197851737116954
3635,3.606162136387063
3636,-7.413710965378296
3637,1.6478821644715582
3638,-1.6173028545088792
3639,-0.6663184547356129
3640,-3.7140898784204777
3641,5.52140284419937
3642,-1.8225046467793184
3643,-4.092278083023069
3644,0.932416741243703
3645,-4.864640857646681
3646,1.0685137332265053
3647,-1.4154170325699569
3648,-4.448067397445969
3649,-3.4770992281217037
3650,-3.8991631734404093
3651,7.522500506345883
3652,-4.334255371497309
3653,-3.096189075897703
3654,-0.026254833457432465
3655,3.5987952503699465
3656,-5.651303203316873
3657,-4.47179874753338
3658,-3.747008507388328
3659,3.145086471079404
3660,-5.1310478594876905
3661,-3.5582614390444003
3662,-2.077691535700612
3663,0.7932405316657958
3664,2.0731180605080524
3665,-4.541779036679621
3666,-5.057007544481366
3667,7.051744637431956
3668,-7.138942589227659
3669,-1.0369296380070983
3670,2.393558364545992
3671,1.936941991752955
3672,1.998719256760332
3673,0.7156472797736275
3674,4.1263928194915
3675,3.2314138034993998
3676,-2.3290975120366824
3677,-1.583700949600122
3678,-6.155451583459172
3679,-4.161614446553413
3680,3.248922378905724
3681,-0.6103936309299958
3682,-0.17761349438267357
3683,-1.745782887780911
3684,-1.1975731924906563
3685,-2.9220633297446326
3686,-6.111939575105893
3687,5.530659285868084
3688,7.365605183252372
3689,5.283855900263122
3690,0.20866076507681264
3691,-3.647746456536883
3692,0.49659160429546234
3693,-3.388555068885274
3694,-3.747008507388328
3695,5.00292196810777
3696,9.570636269423193
3697,-2.5316132650251433
3698,-0.8664699164049492
3699,-4.601703535664784
3700,-0.2276618800869304
3701,-3.0560620852710585
3702,-5.057007544481366
3703,1.5119728560678007
3704,-5.001945236885386
3705,5.446951863801037
3706,-6.438646919830789
3707,0.5065294482143115
3708,-7.514765764023199
3709,-2.673529789990089
3710,-0.8018655160828856
3711,-6.163686834254185
3712,-3.7898777244884996
3713,-2.67614217645823
3714,2.4260044561982324
3715,-0.35885358966397224
3716,-2.590002246980867
3717,-4.864640857646681
3718,-0.47182427284437223
3719,-1.8066924459360956
3720,-0.6735018664397048
3721,-3.4770992281217037
3722,6.763284405565855
3723,1.1970293075054768
3724,-0.35999446345315594
3725,15.135916178825896
3726,-4.962659989906762
3727,1.3270292319002979
3728,-5.671347196370687
3729,-2.0671312449017707
3730,-0.5269605045583079
3731,-3.2498818226951864
3732,-5.1310478594876905
3733,1.4000908125422917
3734,-0.11479161362413537
3735,-3.1118090278961326
3736,-1.7183596417231142
3737,-4.949747815237554
3738,-3.6253516835940554
3739,-1.2593377075290277
3740,-7.138942589227659
3741,2.7033261559161064
3742,3.61012703598102
3743,-5.389311168639679
3744,0.24538503357342112
3745,1.6783673114078033
3746,-0.23961537901471774
3747,-6.163686834254185
3748,-2.2815941485305693
3749,-2.6086000180673725
3750,6.061137584040852
3751,-3.173996722781164
3752,-4.071339416093921
3753,5.3545116933671055
3754,-1.636055134935133
3755,2.764776292833661
3756,-3.5626133780160334
3757,-1.9584799829949093
3758,0.9617981388737562
3759,0.8977238501698619
3760,2.6645473594380253
3761,-0.8537444850422558
3762,-2.760201123569429
3763,-4.794487816472586
3764,-1.208228056888331
3765,4.304164802415255
3766,0.13319936682154898
3767,0.5878261136363672
3768,-3.297770458896843
3769,5.3503159428481535
3770,-4.215693893261662
3771,-1.1194128490730404
3772,-4.9654466243394
3773,-4.949747815237554
3774,-5.057007544481366
3775,-0.847043800227768
3776,-1.0241785181497671
3777,-1.9421022357098041
3778,-6.438646919830789
3779,1.5019912149912096
3780,-0.9574994906588832
3781,-3.6469329895017735
3782,-0.5173395565674332
3783,-0.3395337614128305
3784,-3.7898777244884996
3785,1.0546432735170983
3786,-4.7984486373005515
3787,4.63372683053448
3788,1.02746991173021
3789,-3.6103564656436604
3790,-0.8628722984500624
3791,4.01315977267863
3792,-4.4130317403407915
3793,-1.2309771607505864
3794,3.594648876060105
3795,-3.9515421963589628
3796,-4.334255371497309
3797,5.263096700363488
3798,4.610077839488696
3799,-2.0889253428174808
3800,3.6275077558521795
3801,0.4851720755504446
3802,-3.6460366261676027
3803,14.812368782347782
3804,2.3103373564305043
3805,-1.9267891657536622
3806,-3.2385594386159493
3807,0.36971119404833175
3808,-0.09199903780494537
3809,-0.2907358007380899
3810,1.484464276972056
3811,0.8147814171252682
3812,2.0161541099940963
3813,-1.9421022357098041
3814,-0.8788818945553027
3815,1.787548356797359
3816,2.311790841271017
3817,-1.7247343007863352
3818,2.0039715682403423
3819,-3.3970041218865945
3820,-2.782713102055357
3821,0.22270609561453897
3822,-1.0531414239065082
3823,-2.9401552679980854
3824,0.6623263965159183
3825,-1.5068285853883683
3826,-4.609808980562478
3827,3.1887659797453125
3828,-4.448067397445969
3829,-2.5626431942445476
3830,-1.2865304366315686
3831,0.3737703080509197
3832,-2.260254082067169
3833,0.41902600235333554
3834,-5.071908275293877
3835,-2.5610852671430893
3836,5.116856131018186
3837,-5.434706444105327
3838,0.5227588622109753
3839,-3.2498818226951864
3840,-5.1310478594876905
3841,1.3213997342337818
3842,-4.215693893261662
3843,-0.03111614036779997
3844,-2.6686762650361753
3845,0.9858045813178554
3846,1.7503392029786
3847,0.7728574785309418
3848,-3.2421517896645584
3849,0.5529040395433317
3850,-2.520196468006827
3851,-1.032346377934182
3852,-3.739488924945795
3853,-2.3394131005854497
3854,-2.658739647636852
3855,-6.163686834254185
3856,-3.7898777244884996
3857,-1.5149886229697584
3858,11.19648894064318
3859,-1.2591174520998147
3860,1.1838848314576005
3861,-1.1248019812889019
3862,-3.465529210425323
3863,7.279975666283449
3864,-3.8355423434960176
3865,-4.245594820375367
3866,-5.489524643767645
3867,5.471142281298046
3868,-4.510388333807125
3869,-3.550496886392841
3870,-1.1567116340410917
3871,-2.7239030860620463
3872,1.9606787569476534
3873,9.651956155473975
3874,-1.631154533106472
3875,-0.02580307902542467
3876,-2.75486442705005
3877,-3.5582614390444003
3878,-4.215693893261662
3879,-2.912334886179459
3880,-0.43651945218114224
3881,-0.557708183251175
3882,2.6994818014419666
3883,0.8006667317191288
3884,1.887301465866452
3885,0.5382841846637194
3886,-1.0008796302395004
3887,2.236290806882241
3888,-0.3905190481481151
3889,0.7960366869522916
3890,0.880458443271755
3891,-6.163686834254185
3892,-0.09641275012630887
3893,3.5284664562154946
3894,1.0551407303441183
3895,0.6306967844144256
3896,-2.555171086564914
3897,-4.864640857646681
3898,-0.47547980547677904
3899,-2.5108295935393152
3900,0.253529761524234
3901,-4.023123513557148
3902,0.10484019790862353
3903,0.32842592279050487
3904,-4.510388333807125
3905,3.5434489517778376
3906,-5.24742607552799
3907,6.009640291106606
3908,-0.9005399087224946
3909,-3.2673202869806417
3910,-0.7413856630994751
3911,-1.8437564539486
3912,4.980002673069711
3913,-3.5582614390444003
3914,5.754515513210081
3915,-2.8377350662410126
3916,3.500475959448644
3917,-4.949747815237554
3918,-0.31893811775019887
3919,-3.486362748688402
3920,-4.54264195163364
3921,-1.9421022357098041
3922,-2.6152765656487764
3923,-5.389311168639679
3924,-3.9786231912473196
3925,-3.6469329895017735
3926,4.463082956214498
3927,-2.1135711241770307
3928,-3.949881555806235
3929,-2.67614217645823
3930,-6.784545776455205
3931,1.4144542962609032
3932,-1.1815352817300309
3933,4.062089113354674
3934,-4.091102320190224
3935,-0.6464729054839728
3936,8.18519621736614
3937,-0.6441842305167986
3938,2.627632804859594
3939,1.8249559592801774
3940,-4.020076102052029
3941,-3.285886864607544
3942,-1.6363551735026396
3943,-4.794487816472586
3944,4.853914810454769
3945,8.603539703988094
3946,-3.747008507388328
3947,4.669955396623477
3948,-5.1310478594876905
3949,-3.5582614390444003
3950,2.1302950214185925
3951,4.716911258678346
3952,8.73604056215742
3953,2.588092820052961
3954,-5.057007544481366
3955,-3.552809152326698
3956,-3.683890137325194
3957,3.4027243365706954
3958,-6.4343480208527115
3959,-3.4881995782157906
3960,4.90379744699243
3961,6.957073101352866
3962,0.9155698921614799
3963,-6.163686834254185
3964,1.515566637592617
3965,1.7810423454543232
3966,-0.9524615959882308
3967,-1.7939771490123242
3968,0.9808413012381474
3969,-4.864640857646681
3970,0.2979054044950522
3971,-2.5108295935393152
3972,0.004640714647331956
3973,0.9637566819216864
3974,1.0035162615598276
3975,4.0605299787233085
3976,-1.0253343988145402
3977,-3.550496886392841
3978,3.496241579626829
3979,1.160597848209731
3980,1.110598550694995
3981,2.0602293669090117
3982,7.5649600497381115
3983,0.6986258555926792
3984,-5.1310478594876905
3985,0.07505026912853374
3986,-5.57383425778101
3987,-0.39321524053668755
3988,-4.9654466243394
3989,-1.2647239952763711
3990,-3.755922351096908
3991,-3.441553212438216
3992,5.398026470693041
3993,2.7929378340086295
3994,0.5395148831646521
3995,13.372126358964346
3996,-1.8227907182113083
3997,-1.1624654412819466
3998,8.580879673086619
3999,1.3535704721223865
4000,-3.949881555806235
4001,-2.67614217645823
4002,-3.6381654009735622
4003,-1.048589803750087
4004,-4.071339416093921
4005,1.3738925846833525
4006,-4.609808980562478
4007,12.749233756881004
4008,-1.4545502286689262
4009,6.620647396425796
4010,-1.133289446300612
4011,-3.9515421963589628
4012,-2.9107461861101163
4013,-3.550496886392841
4014,-5.048109412880923
4015,-3.0951080300223324
4016,-5.671347196370687
4017,-0.11531938759334714
4018,-3.6920418150675864
4019,-0.07839419736331577
4020,-5.1310478594876905
4021,-3.5582614390444003
4022,1.9033733088867426
4023,-3.0987855509761397
4024,-0.3308589020288588
4025,-4.949747815237554
4026,-5.057007544481366
4027,-3.5422803144021233
4028,-1.3762027031429747
4029,2.0629407717013377
4030,-6.438646919830789
4031,1.5501439538152928
4032,-7.514765764023199
4033,6.037672864804903
4034,0.6649116311452601
4035,0.028643020411841136
4036,-1.809194262829762
4037,2.286870015622282
4038,-6.9540463328315
4039,-0.4161645550225581
4040,6.690012046960237
4041,-4.864640857646681
4042,-3.1846014476860884
4043,-0.4577145538834131
4044,2.370714251644208
4045,-2.489111334206734
4046,0.41680101113602586
4047,0.19438780703286485
4048,-1.626264129298007
4049,-3.5177809821027295
4050,1.5836775703484283
4051,-4.794487816472586
4052,5.713704908355941
4053,-5.434706444105327
4054,7.227673675162739
4055,6.801266844248762
4056,-2.1189444807354505
4057,3.8778570039998366
4058,-5.83921835634834
4059,1.2183929169594272
4060,4.105825731528059
4061,2.2465020464591676
4062,-1.1691320068088398
4063,-3.552809152326698
4064,-2.1986941497614128
4065,-1.7177159202814107
4066,1.7369907176960397
4067,-0.46941748503505076
4068,0.6332238471183276
4069,13.094130042714795
4070,1.4497293179613568
4071,-6.163686834254185
4072,-3.876746800644852
4073,-2.67614217645823
4074,-3.202604798909801
4075,-2.9084115231994265
4076,-3.1073301183201525
4077,-4.864640857646681
4078,0.08433052850540745
4079,-0.4528543154119998
4080,-2.3948336915062622
4081,0.9858483124670947
4082,-6.111939575105893
4083,0.2888602263182507
4084,6.232173013832814
4085,4.050411959615394
4086,-1.5755263140003999
4087,-4.794487816472586
4088,3.9317299978742772
4089,-5.434706444105327
4090,-2.5583655090027464
4091,-3.2498818226951864
4092,-5.1310478594876905
4093,-0.7067319561064807
4094,-6.984316516256657
4095,-0.19927641972079435
4096,-4.8722592977313735
4097,-4.949747815237554
4098,0.25655090283863125
4099,-3.266327130140996
4100,-7.138942589227659
4101,-1.9421022357098041
4102,-6.438646919830789
4103,0.35384102791243155
4104,-0.6350971216097724
4105,3.6164799217964227
4106,10.39222086660098
4107,1.078652229209919
4108,-3.0883754151544096
4109,-2.67614217645823
4110,0.25582869923237594
4111,1.0373245270499436
4112,-4.071339416093921
4113,1.5714812180425548
4114,-3.5686624206484936
4115,2.8907085580931087
4116,-2.4054339573503265
4117,-3.367753302669861
4118,-2.451726107366053
4119,-0.6865734153703799
4120,-1.8816718117599334
4121,-3.9952966704375887
4122,2.986370381797981
4123,-0.5347804225683312
4124,-0.7262387241108907
4125,-1.621000603339744
4126,-2.009962144582149
4127,-1.5548052979186306
4128,-0.7340484669017853
4129,-3.5582614390444003
4130,0.18380950524233608
4131,-2.0340397828364534
4132,-3.6056648811932166
4133,-4.4755129341205615
4134,-3.4052176676294255
4135,-3.552809152326698
4136,-7.138942589227659
4137,7.267076076039296
4138,-6.576852843379573
4139,-2.709357979961755
4140,2.2565676203729326
4141,-4.075012830217236
4142,-2.658739647636852
4143,1.6213634046505212
4144,-3.965515939750146
4145,-0.07482730015372097
4146,-6.9540463328315
4147,-3.024154327069139
4148,6.158282431533948
4149,-0.027140552493127856
4150,3.8286001854464313
4151,0.8838001986023258
4152,-4.448067397445969
4153,3.185234125688523
4154,-6.111939575105893
4155,-3.9515421963589628
4156,-0.24671916655931292
4157,0.4095018982050349
4158,-5.24742607552799
4159,-4.794487816472586
4160,3.92864991046916
4161,-5.434706444105327
4162,0.557092396581327
4163,-0.9414365843691939
4164,-4.788226480288957
4165,1.4023904378076428
4166,1.9841846552894133
4167,1.9762066357922878
4168,-4.80830334356136
4169,-4.761617233275375
4170,-4.548059734257144
4171,1.2185726027217254
4172,-7.138942589227659
4173,2.509970603665139
4174,5.429382430414645
4175,0.10003398214668469
4176,2.174904101220532
4177,0.551181016711789
4178,4.555977649709535
4179,2.2693267747886354
4180,-3.7058579488732435
4181,-2.560204819233181
4182,11.54466767237146
4183,0.9358942577409655
4184,-4.071339416093921
4185,-1.2965136100302026
4186,-3.533800179844567
4187,-1.8145311584018007
4188,1.2926356096563074
4189,2.547392899083335
4190,-3.9596117409886746
4191,-2.749533662332774
4192,-0.20404985662058384
4193,3.557040635765351
4194,0.4720285603447454
4195,1.804594194382261
4196,5.597902446130092
4197,-3.494217636097046
4198,9.205867497372932
4199,-0.12340924873862846
4200,1.0505990310544562
4201,0.5774558583450213
4202,-2.0160611019160966
4203,-2.2880624421281968
4204,-1.9462976955249376
4205,3.078572162473961
4206,-4.430142355360939
4207,1.7716000149615136
4208,6.04836887910441
4209,-1.9421022357098041
4210,-3.270940108546509
4211,-5.391261366654355
4212,-6.363157377618981
4213,-2.6919305828487015
4214,0.5566424431345527
4215,4.8556518861237254
4216,4.018494736669587
4217,1.1375987896645108
4218,1.6090110054274724
4219,-2.4666632529720056
4220,-1.4149856746811267
4221,1.0139691221317415
4222,0.07016677558321908
4223,0.32547667995874363
4224,-2.2104529581780836
4225,-4.245594820375367
4226,-2.102550552923608
4227,-0.41400194503155907
4228,-4.573336119654272
4229,-3.9105609906369376
4230,-5.24742607552799
4231,1.8507403305047196
4232,1.0595706711518007
4233,0.16718751703333945
4234,2.504950575278743
4235,7.2201729883642916
4236,-3.3897707815454456
4237,-1.6409562134180966
4238,-3.0639611697760643
4239,2.1201517503646543
4240,-4.9654466243394
4241,-0.692302513327473
4242,0.6551928255465511
4243,-3.0269028718496482
4244,-3.191974306907551
4245,1.757394746832457
4246,5.587048651165395
4247,-2.60200210113743
4248,-2.9931560239997745
4249,-1.2215759433674407
4250,2.943674526489027
4251,-1.6787111891584208
4252,-4.047761620893041
4253,3.9388624432605623
4254,-0.37778634678178813
4255,-4.161614446553413
4256,1.0664539812600076
4257,-1.1391638131152302
4258,-4.609808980562478
4259,-3.336056205209374
4260,-3.242352693662455
4261,-1.9310166833750222
4262,0.7016607877822164
4263,-1.175864337563636
4264,-5.148750382783758
4265,-1.9434158977449947
4266,-4.677294958251107
4267,4.22813671371931
4268,13.615236162355112
4269,-1.1124070859947348
4270,-0.9469186061946231
4271,0.3196672410099115
4272,-0.9785378636629165
4273,-4.102700658595756
4274,-0.03758863279210889
4275,-4.601703535664784
4276,-2.178143100890615
4277,-4.93120544331913
4278,4.939889724306649
4279,4.970517078143432
4280,4.31376408302911
4281,3.5376202619657717
4282,8.895482947071724
4283,-5.210291467601178
4284,-7.493885478944691
4285,-4.119963652710553
4286,-2.658739647636852
4287,0.20784537515015344
4288,5.084286297097965
4289,-0.9548763383652628
4290,1.6087461537990027
4291,4.567748003388431
4292,0.30622495814515904
4293,0.28062977497245845
4294,-0.49137888071684055
4295,1.9149844892262786
4296,-2.9714675214038095
4297,1.7850904538085928
4298,-0.7437629887938243
4299,-4.318928095494266
4300,-5.148750382783758
4301,-1.2873388558456837
4302,-2.275656642838663
4303,1.8518008366878418
4304,-5.671347196370687
4305,-1.8037506041157494
4306,-2.415572464134547
4307,5.356503680490746
4308,4.674307778132888
4309,0.777437725498453
4310,-6.984316516256657
4311,-2.5332037678164316
4312,-0.23013841268234334
4313,4.003997659431082
4314,-0.7937943705505333
4315,-3.552809152326698
4316,2.399091951551596
4317,-0.4889336089028071
4318,-1.4938421261131578
4319,-5.2962350798797795
4320,-0.8688378806643315
4321,-4.119963652710553
4322,0.10542737436553251
4323,-3.4270092779112655
4324,-4.047761620893041
4325,-2.67614217645823
4326,6.193504231310676
4327,-0.8037767324519192
4328,2.5990524419904633
4329,-4.864640857646681
4330,-2.5728273747435315
4331,-3.336056205209374
4332,3.933539552344952
4333,1.352059125146058
4334,-4.856006401955016
4335,1.814560185580976
4336,-3.6039343060202165
4337,-2.6923573530088816
4338,5.964301248809148
4339,-4.8063191423951075
4340,1.963537460737803
4341,-5.434706444105327
4342,-0.4161601892389104
4343,-3.2498818226951864
4344,-4.910344242380338
4345,-4.102700658595756
4346,0.06276404281724329
4347,-0.8029845805824749
4348,-4.768424830554909
4349,1.8210868327831773
4350,-3.0298798132009277
4351,0.22114077523083564
4352,2.864421191377059
4353,0.5330967356327356
4354,6.48547476816176
4355,0.3134255793115708
4356,-0.20013613344741366
4357,-4.119963652710553
4358,1.608980487766451
4359,-6.163686834254185
4360,-2.99501912286757
4361,-1.8467390274053166
4362,-1.156355041320456
4363,-4.161614446553413
4364,-4.253246072009803
4365,-1.4898699009076293
4366,-1.5616639648566184
4367,-3.336056205209374
4368,-0.5241054282916302
4369,-3.7332755478147326
4370,2.9545080013345224
4371,-1.0048380416215867
4372,5.142875991056419
4373,-0.26165074298590774
4374,-5.24742607552799
4375,1.7764843916481976
4376,-3.8239442593381705
4377,8.22654041420383
4378,-0.26176117893289064
4379,-2.1746988973249253
4380,-5.502219596493665
4381,-3.929908965178832
4382,-0.9989910980183687
4383,-1.870915210126244
4384,-3.34183834693466
4385,0.6735019796181574
4386,0.24636197863790543
4387,-1.207183797196804
4388,-7.138942589227659
4389,-1.9421022357098041
4390,-0.36743286592669744
4391,2.4815769906152507
4392,-5.74566115648085
4393,5.153978201083442
4394,1.586516552386115
4395,-6.163686834254185
4396,0.7953820144719758
4397,-2.3253686535544533
4398,-2.217407956496442
4399,-4.150262282424239
4400,-1.7206073048466495
4401,3.946492821013223
4402,-5.7195262704732155
4403,0.8421856995277496
4404,0.454769383313915
4405,4.188946951095567
4406,-1.4864081356487202
4407,-1.626533211236438
4408,-6.0073342255558115
4409,-0.559056647869393
4410,-0.9005731357586649
4411,-0.06362788844346647
4412,-3.1014388178997523
4413,-2.0351773888077114
4414,8.755194124270048
4415,-3.5000354188328155
4416,-3.1546247628769115
4417,8.891262814041944
4418,-6.984316516256657
4419,6.402576044304595
4420,-0.2924984984936352
4421,-2.965170178168434
4422,-5.057007544481366
4423,-2.4846887706365433
4424,-0.32771840565363086
4425,-1.9421022357098041
4426,-6.576852843379573
4427,-1.5431034018442233
4428,-7.527519227594845
4429,0.3903338668520284
4430,-0.4054065667347412
4431,-6.163686834254185
4432,0.19471470634213017
4433,-2.559899419823786
4434,2.3880903281603545
4435,-2.7871760895833133
4436,-4.253246072009803
4437,-5.015928748091672
4438,-2.287468671941841
4439,-1.9532012121476567
4440,-4.448067397445969
4441,-4.110673975030169
4442,-3.376206512402219
4443,-1.8789120137797013
4444,-6.0073342255558115
4445,-2.6233726501465733
4446,-5.24742607552799
4447,4.245755361257096
4448,-5.671347196370687
4449,-7.1513990032649115
4450,-3.747008507388328
4451,-3.2105250213375793
4452,-0.4583049380362527
4453,4.947513321652032
4454,-6.984316516256657
4455,-4.308747709199223
4456,-1.798498039630589
4457,3.228229810138142
4458,3.018709514372797
4459,0.2753193296717793
4460,-1.645460812689823
4461,-1.9421022357098041
4462,-5.355633723016366
4463,1.1677168628178873
4464,2.5984045384194467
4465,-1.3841760510828245
4466,0.19065865929019288
4467,-2.513769905934233
4468,-1.2187730734180922
4469,-0.6033060231424672
4470,-7.016024555823032
4471,1.646233443679085
4472,-4.253246072009803
4473,-5.015928748091672
4474,0.0060623332734961455
4475,-2.332595876910051
4476,14.89411072528098
4477,-4.245594820375367
4478,-5.263898348742379
4479,-4.318928095494266
4480,-0.4657987570865254
4481,-3.039237536065752
4482,-2.031316344004615
4483,4.685222018204426
4484,-0.8912817230319601
4485,-7.621894757080759
4486,-3.163936602639718
4487,11.616765023573423
4488,-5.502219596493665
4489,2.639599956372273
4490,-2.7874897073648786
4491,0.7687371710001698
4492,2.3589306290663057
4493,-0.13464131724746098
4494,-3.570190156164415
4495,-0.86182740522658
4496,-7.138942589227659
4497,-1.9421022357098041
4498,-6.576852843379573
4499,-3.160340973466288
4500,-4.1453756370148165
4501,-3.5388525070833037
4502,3.1740575803551394
4503,-6.163686834254185
4504,1.6157440203516176
4505,2.516465014626067
4506,-5.379444990595748
4507,-0.44665771390628817
4508,-4.253246072009803
4509,2.6582903798559645
4510,-3.3265524098334125
4511,-0.10483345022196722
4512,-1.896027541196642
4513,-0.14797871328402
4514,2.761193758928507
4515,5.09538092752747
4516,3.611208685165996
4517,1.429834147990739
4518,-1.1403635463518964
4519,1.8319657738060942
4520,-0.9858518531833234
4521,-7.527519227594845
4522,6.079640935784589
4523,0.7599772390825135
4524,-5.502219596493665
4525,-1.9459393450102687
4526,5.807061124809726
4527,-4.601703535664784
4528,-0.7791902153101573
4529,4.276466319836826
4530,-0.19104939085947203
4531,0.4402260538649565
4532,0.3988538256313212
4533,-1.9421022357098041
4534,-4.4542941344686415
4535,-4.785520123158771
4536,-2.4550573696907274
4537,5.9088460550101845
4538,-2.658739647636852
4539,-6.163686834254185
4540,-0.5267261430924426
4541,1.7050723123797593
4542,1.1056796335363421
4543,-4.161614446553413
4544,-5.326571365654311
4545,-5.015928748091672
4546,1.1858238054429395
4547,-1.9129951034224004
4548,-4.237046761201963
4549,-1.3151324661925168
4550,-2.149717003150967
4551,-4.318928095494266
4552,0.7107466205897204
4553,2.146137855018104
4554,-5.24742607552799
4555,0.5930504573861932
4556,-2.829960051410045
4557,-4.6383717787373
4558,0.15161824150008973
4559,1.7577069494666098
4560,3.8366525519457673
4561,4.180525663132509
4562,1.2013865881831665
4563,7.438169028192333
4564,-3.7951488784779936
4565,-3.300855495350636
4566,-0.47696557296449993
4567,3.1935743872530793
4568,5.95431301952726
4569,3.8299751095616266
4570,-1.696158722787894
4571,-1.4212184168305027
4572,-2.6745071248501664
4573,-4.119963652710553
4574,0.8729157216923569
4575,0.6820453288713137
4576,-3.9995504611930395
4577,2.57080994467377
4578,3.5065681216883218
4579,3.3717582123381984
4580,3.3219438966170984
4581,-0.2951770444230104
4582,-0.8360385024409838
4583,-3.336056205209374
4584,2.1465123798907357
4585,-4.1164639321366945
4586,5.798446117523334
4587,-2.571005177813623
4588,-2.3489934888564106
4589,-3.9952966704375887
4590,-4.682344364389934
4591,-1.7870934813891795
4592,-3.6706147857822313
4593,-8.119265215205205
4594,-0.884436747218138
4595,-2.5151291041640955
4596,-5.502219596493665
4597,-1.0030486360452548
4598,-6.533048334109521
4599,-2.9071813945613494
4600,-4.815261427296311
4601,5.736726693968661
4602,-5.057007544481366
4603,-0.3055319868651172
4604,-4.113964228315567
4605,-0.2731517728650503
4606,-5.972357293345224
4607,-5.391261366654355
4608,4.510858339651904
4609,-1.9610095235574159
4610,2.5791698710534092
4611,-6.163686834254185
4612,2.1743637791629515
4613,-2.67614217645823
4614,1.583853887840251
4615,-2.940507722272015
4616,1.351028809652158
4617,4.756362175999444
4618,-4.013952602483441
4619,-2.672676353844757
4620,-1.2532308660801212
4621,4.5770708078860265
4622,0.9694861460163076
4623,0.07114444526317043
4624,5.84538969657717
4625,-3.9952966704375887
4626,-5.24742607552799
4627,-0.07705161726719423
4628,-0.03102703232812365
4629,-0.10822585714652203
4630,0.9523759933488696
4631,7.006996686237877
4632,1.3653191776928826
4633,-2.5478141344581284
4634,-6.940975767880799
4635,2.038909188729242
4636,2.955933423420079
4637,-2.031523827178527
4638,-4.53597351037035
4639,-3.4337905064317855
4640,-7.138942589227659
4641,0.8459718819360357
4642,-2.794517872050724
4643,2.1517718796586687
4644,-6.050431096752238
4645,-4.33379151835372
4646,3.2853159691948886
4647,-5.36200302992021
4648,-1.8921194929712366
4649,-2.67614217645823
4650,1.2502742723580236
4651,1.0234446283580627
4652,4.185456782754052
4653,-1.6478310664312357
4654,0.9713529835786657
4655,-1.2098198101127418
4656,6.19373269427245
4657,1.2233980430932474
4658,1.8105550477063652
4659,0.010320716557310261
4660,2.4980136193889972
4661,-1.8923305053427186
4662,10.431851642875621
4663,-1.2613743385688612
4664,-0.34354235061748617
4665,-6.288809875562065
4666,-1.6337257617985834
4667,-0.7661151169001457
4668,-3.4253443327780975
4669,-1.946752797929065
4670,-6.971868065272683
4671,-4.601703535664784
4672,0.9665064041695564
4673,-0.5921002589640026
4674,-1.660602030919689
4675,-3.552809152326698
4676,-4.974889867814952
4677,-0.5229209528598742
4678,2.2299268113600554
4679,-5.391261366654355
4680,-8.119265215205205
4681,-4.33379151835372
4682,-0.21781271154428317
4683,-5.181120109791754
4684,1.820655796308713
4685,-2.31158900242809
4686,-2.192199448777152
4687,-1.0656748944248737
4688,2.8472213624592686
4689,-1.346466428602577
4690,-5.7195262704732155
4691,-3.336056205209374
4692,-0.2165395160970765
4693,2.1590448563279994
4694,-6.111939575105893
4695,5.5059174333531455
4696,-4.961311361525132
4697,2.6459377578800565
4698,-4.248742508608891
4699,-1.2911270232539191
4700,-0.4557401806141459
4701,-7.854702876066828
4702,-3.747008507388328
4703,-3.5000354188328155
4704,5.358307511477296
4705,13.116494408102385
4706,-1.3968830194589015
4707,-3.2912002460217
4708,-1.7501191300214791
4709,-1.2469492366067483
4710,10.957713331351655
4711,1.26505416500468
4712,1.6651697985986151
4713,1.445795246142657
4714,-7.855180828582487
4715,2.6536324828320605
4716,-0.8067970510892488
4717,-3.4724447871154465
4718,3.657977544008605
4719,5.617226230236733
4720,-4.047761620893041
4721,0.5775155011640349
4722,2.465220401618403
4723,0.947010844032697
4724,3.1218918588866087
4725,-2.7647900163094996
4726,-5.709131045029616
4727,-3.336056205209374
4728,-2.9388231584529314
4729,-5.668042640629691
4730,4.707904176248421
4731,-3.416602494670053
4732,-6.0073342255558115
4733,-1.296080874183963
4734,-2.5932363706406427
4735,-4.8063191423951075
4736,-4.425093949460063
4737,-0.9088741401216593
4738,0.6738118991622821
4739,1.081263405113606
4740,-5.502219596493665
4741,-3.609401713464999
4742,-5.699402593576191
4743,2.532883305675287
4744,-4.9654466243394
4745,2.8756638826322347
4746,-5.057007544481366
4747,-2.6670808621548434
4748,2.6336727384898717
4749,0.18092283631202657
4750,-2.2151985456612167
4751,-4.838447436171211
4752,-0.17637338139222924
4753,0.8114361872114296
4754,6.6790128960007715
4755,-0.3753473077710571
4756,-4.047761620893041
4757,-2.266175144766882
4758,-7.016024555823032
4759,-3.2861017367001013
4760,-5.326571365654311
4761,-5.015928748091672
4762,-2.9524031615764903
4763,4.557346343522722
4764,6.8528751871351545
4765,-5.666836867321578
4766,0.011550578752034357
4767,2.4030465737916087
4768,4.292263490668611
4769,-4.198774174762349
4770,1.9246866671393232
4771,0.6125370585910387
4772,-1.171834657974049
4773,-7.411875236053414
4774,-3.747008507388328
4775,-3.5000354188328155
4776,1.047160939461877
4777,-0.006968486386184747
4778,-6.984316516256657
4779,9.309146450296272
4780,0.17233669524216713
4781,6.897289508483716
4782,-3.418012916756858
4783,-0.7916441028867541
4784,3.2483686617057916
4785,-1.4419515761422046
4786,0.5776993721052754
4787,-3.934505615572988
4788,-6.725731815294777
4789,1.1418831139881838
4790,-0.7003013058253706
4791,-0.11266346209124478
4792,-4.053707992645726
4793,-2.67614217645823
4794,1.0965879049125493
4795,1.0913974815448277
4796,0.2305138565148923
4797,-5.015928748091672
4798,-5.7195262704732155
4799,0.35245255968797684
4800,-4.584727801020837
4801,-0.08306767120085778
4802,1.3521612714605036
4803,-4.318928095494266
4804,0.14621405100524365
4805,-3.6254483779933704
4806,-5.24742607552799
4807,3.681253243778191
4808,2.7600176396948766
4809,-2.3834712806641907
4810,4.906219539381887
4811,0.11205182202182495
4812,-5.502219596493665
4813,0.4185611703274432
4814,-1.532542828062162
4815,5.042983761308628
4816,1.4483010926459827
4817,-4.010328668352496
4818,-2.4670854102237305
4819,2.9413859960837105
4820,-5.76075858835023
4821,-0.36451932713385393
4822,0.815255685590849
4823,-5.391261366654355
4824,-8.119265215205205
4825,-4.33379151835372
4826,10.574017928740428
4827,-0.585441080626427
4828,-4.053707992645726
4829,1.299186231696587
4830,-7.016024555823032
4831,-4.161614446553413
4832,2.72119618258568
4833,2.690832956841553
4834,6.390409807887716
4835,-1.2000191793047459
4836,-3.0079347063762913
4837,-0.7519825199849921
4838,-0.49766301695868354
4839,2.1760992831225687
4840,7.447140876434537
4841,-4.198774174762349
4842,2.8715424218557004
4843,-4.8063191423951075
4844,0.32071105728326166
4845,-0.14805151156851326
4846,5.067587306333777
4847,3.027097813457102
4848,2.157648635840162
4849,0.001676038107613742
4850,-4.909976086260858
4851,-3.216991263365391
4852,1.2901959062996542
4853,-2.8300942380769865
4854,-3.838747123158149
4855,22.59101387532666
4856,1.2404415706878185
4857,-1.9421022357098041
4858,-3.839550025462392
4859,-0.9782903926450288
4860,-7.342482675890565
4861,-0.6966034625067952
4862,-0.420005106439966
4863,3.0844935456716653
4864,0.5823126848728664
4865,-2.199907770910263
4866,3.631526847228127
4867,-1.5006185985906522
4868,2.2427407143094893
4869,-5.015928748091672
4870,1.9402846831317404
4871,-3.336056205209374
4872,-4.584727801020837
4873,0.430736660788384
4874,-5.557158007878259
4875,3.9491170127123136
4876,-0.957550368531398
4877,-2.173686703878502
4878,-1.415300518622755
4879,-2.8994739692989318
4880,5.3908592333966165
4881,2.4871332896153833
4882,-3.747008507388328
4883,-1.1153709286204148
4884,2.257481544271822
4885,-0.3903054622445339
4886,-3.0791051915218133
4887,-0.14144661721864793
4888,-4.9654466243394
4889,-4.949747815237554
4890,-4.207024170224548
4891,2.019218582551787
4892,-5.22377622911981
4893,7.090448541928071
4894,-1.62107596877805
4895,3.1821532617726076
4896,-8.119265215205205
4897,-4.33379151835372
4898,3.6956332597155295
4899,3.7098612305814678
4900,-4.053707992645726
4901,4.57654294798382
4902,-1.241805753278705
4903,-0.5857130786486927
4904,-2.1971370738558083
4905,-0.9741529243304461
4906,-5.7195262704732155
4907,-0.8240124522558554
4908,6.310189842767518
4909,-3.6835127315135563
4910,-2.515063263096678
4911,0.08795816270777701
4912,-0.22483267143075714
4913,-2.403143653530388
4914,4.6668308337041
4915,-2.418983222388388
4916,-5.671347196370687
4917,-4.974918599511654
4918,-2.280606535646644
4919,-3.5000354188328155
4920,-3.8209611867262474
4921,-4.102700658595756
4922,-1.2224789572715422
4923,-4.601703535664784
4924,1.7650749944009252
4925,4.892523102110689
4926,1.0545687811144546
4927,-3.552809152326698
4928,-2.438957231712244
4929,2.8951157408106796
4930,-7.855180828582487
4931,0.7018086907996555
4932,6.422891822833906
4933,-3.543879288192869
4934,-2.658739647636852
4935,-6.163337142705105
4936,0.45560107406890493
4937,-0.18351620968689897
4938,-7.016024555823032
4939,3.2108326740677633
4940,-5.326571365654311
4941,2.5774847863145127
4942,-2.8408686123601967
4943,1.9582431681502344
4944,2.6166233742997402
4945,-2.6366594223057698
4946,-5.5283926124008955
4947,-2.7483079559067622
4948,-4.582982721728283
4949,3.650145425205617
4950,-0.9119806662966891
4951,-4.8063191423951075
4952,-1.0947232847050161
4953,0.5467764819982615
4954,-3.747008507388328
4955,4.9033007900530485
4956,-5.502219596493665
4957,-4.102700658595756
4958,-6.984316516256657
4959,-2.9080604195449222
4960,-1.2145791338321148
4961,-0.22696230627995748
4962,2.968763511221554
4963,-0.6935340357649582
4964,-5.103438278207178
4965,0.6077069920924543
4966,3.4952516421186584
4967,-5.391261366654355
4968,-1.965892165383129
4969,-4.206305806282074
4970,-0.6876540189962257
4971,7.347943231435552
4972,0.8863902102047942
4973,-0.6675693576337713
4974,-1.1478660307563562
4975,1.9182252475904842
4976,-5.326571365654311
4977,4.787720892943458
4978,-5.7195262704732155
4979,2.877625219256535
4980,1.141884427516746
4981,-1.40668752696315
4982,-1.8253083683201816
4983,-0.21241153932656065
4984,7.05768399824883
4985,-0.5746673213908
4986,-4.2814752949989865
4987,-5.319232758248322
4988,-5.671347196370687
4989,-7.854702876066828
4990,4.9410191473043685
4991,-0.9834197040739613
4992,-2.351762719144354
4993,-1.0327959327531302
4994,7.646753215119835
4995,2.189838017814169
4996,-2.769513117845525
4997,-4.949747815237554
4998,-2.209248983199906
4999,0.6174823325033052
5000,3.8015024809196687
5001,4.969973456225381
5002,2.978856919111821
5003,-0.6833361720857023
5004,-3.670422321389267
5005,-3.0481789954736023
5006,-2.658739647636852
5007,-2.1787363103449224
5008,4.155748774235555
5009,1.8388146612671736
5010,5.7683907657128675
5011,9.724345519677861
5012,-5.304127620108726
5013,1.8716110771733425
5014,-2.4310212923183494
5015,-2.548669657368586
5016,-3.5672969452396166
5017,-2.2204954475807908
5018,-2.057749689448995
5019,0.48172911171027044
5020,1.3415334424232659
5021,-4.198774174762349
5022,-5.24742607552799
5023,-5.600090761031803
5024,3.2086173729887593
5025,-2.0813771054635795
5026,-3.747008507388328
5027,-2.834153388785137
5028,-3.4877725244919846
5029,-3.9232005370433347
5030,-6.984316516256657
5031,-2.3605932412239263
5032,-0.034206382537199875
5033,-2.6159425994521253
5034,-3.911437600764676
5035,2.697700513651201
5036,-1.7076407296576672
5037,3.3493622799557423
5038,-0.9717833552236096
5039,-0.41165533810855304
5040,-0.9117809394801042
5041,2.6218102624117146
5042,0.48647358435481003
5043,3.313878569666122
5044,-2.038670995713535
5045,-2.67614217645823
5046,7.111340657738347
5047,-4.161614446553413
5048,-5.326571365654311
5049,-5.015928748091672
5050,2.596280402044523
5051,-3.336056205209374
5052,1.2038384654483785
5053,-2.31812381163395
5054,-0.2255174198355998
5055,-2.2637704017540523
5056,1.1558567761281444
5057,0.4753552207193219
5058,-3.8360490387618302
5059,2.0536197661101587
5060,6.097617175511568
5061,6.817961709379086
5062,0.450308796536838
5063,3.1274651238246762
5064,0.8972824236933323
5065,1.4781371449627447
5066,-1.2041427095419817
5067,0.5673801722507039
5068,-0.12638914967667103
5069,-4.949747815237554
5070,-4.509107502781325
5071,-3.552809152326698
5072,1.1133527408491806
5073,3.4490970001456414
5074,9.49480955711882
5075,-5.391261366654355
5076,1.58674103904401
5077,-0.5984658184145428
5078,1.3002752103536679
5079,5.25258142962719
5080,-3.171226601773759
5081,-2.67614217645823
5082,-1.9067867218990524
5083,1.3401669100088918
5084,-5.326571365654311
5085,-0.28707546371444526
5086,-5.24381583466224
5087,-0.011591366257810876
5088,-4.3941264819046175
5089,-5.668042640629691
5090,-6.280158216527263
5091,5.139374886454414
5092,-4.0888169906140615
5093,-1.5743113902062063
5094,-5.007434195626243
5095,-5.599135967023854
5096,-4.664324716929923
5097,-0.9860420531451911
5098,-3.4170906888329156
5099,-2.7052556753031185
5100,3.9318789422086367
5101,-0.8206766007756143
5102,-6.984316516256657
5103,-2.5806642848121037
5104,-4.9654466243394
5105,-1.8611479592241584
5106,-2.7074255984919295
5107,2.1215997532444764
5108,1.9942403015533752
5109,-1.0724908827227297
5110,-7.855180828582487
5111,-5.391261366654355
5112,-5.988261294464177
5113,-5.6116648411396906
5114,0.3238105445795214
5115,-1.1357806117970117
5116,-1.782201270795499
5117,5.2621079687079515
5118,-4.763265722066074
5119,-2.7081220410823375
5120,-4.888799168408344
5121,-2.293141784231577
5122,-5.7195262704732155
5123,-2.665063476401049
5124,-2.1717651083587945
5125,-6.586496352827063
5126,-7.264677248655284
5127,-2.7258505159471724
5128,0.8617673380406333
5129,-1.2776560611363261
5130,-0.36062584381840734
5131,-5.600090761031803
5132,-5.671347196370687
5133,-7.703863073159515
5134,-3.747008507388328
5135,3.57286027844779
5136,4.251527536476917
5137,1.2305237777442048
5138,-6.984316516256657
5139,-4.601703535664784
5140,-4.9654466243394
5141,3.9523384638068477
5142,-0.25844650119533574
5143,-1.7821825789618173
5144,-7.746026623153343
5145,-2.738420310657287
5146,-7.855180828582487
5147,2.7492216287167883
5148,7.190542012834527
5149,3.7893310016879536
5150,2.0293334630855187
5151,-3.478365632580531
5152,-1.833504926128344
5153,-1.552070440925602
5154,0.8134785000122823
5155,-4.296735203038214
5156,-5.326571365654311
5157,-2.069749723152944
5158,-5.6957709823191305
5159,-2.716761864464949
5160,2.6014135771242755
5161,2.067157522875385
5162,-0.35460635976214233
5163,0.48505094665938425
5164,-2.9600774263248035
5165,2.239946387555915
5166,-5.232117243999754
5167,2.2731355714318178
5168,-5.671347196370687
5169,-7.854702876066828
5170,-3.685680843554721
5171,-3.5726334417315893
5172,1.68742022581565
5173,-2.524197654177492
5174,-3.280597423274158
5175,-2.4726720977636036
5176,-0.4412206537558503
5177,-1.9550174375191594
5178,-2.1704226453372235
5179,1.8551032534760372
5180,-2.8539924681558517
5181,-2.738420310657287
5182,-7.855180828582487
5183,-0.09253579409046653
5184,-8.119265215205205
5185,-2.260402770335546
5186,-2.658739647636852
5187,-6.163686834254185
5188,-3.7767386049905713
5189,-1.6245032045487369
5190,10.59770185844417
5191,-4.296735203038214
5192,-5.326571365654311
5193,7.057273430929509
5194,-1.4672209252563557
5195,-2.1649022692538566
5196,-0.9085619490011689
5197,9.707636824334402
5198,-4.647281936671976
5199,-2.191484990813665
5200,0.4357037130629142
5201,0.45035999413297234
5202,-3.7248348006519407
5203,-4.270636987506074
5204,-6.041569520722635
5205,-6.112488428790843
5206,-3.747008507388328
5207,-2.7604175304380174
5208,1.4642234574283004
5209,-3.600780716460245
5210,-3.3561444254983277
5211,2.6866316775238643
5212,-1.8594146798465647
5213,7.349712837205073
5214,-0.7944817389111476
5215,-0.5046037068626497
5216,-7.746026623153343
5217,-3.429256321858091
5218,1.0285518232473772
5219,-1.875678124370447
5220,1.4841628631064865
5221,-0.720135689812248
5222,1.403503055090864
5223,3.4608000559807293
5224,-0.23784595118800833
5225,-2.3485767301754015
5226,1.8561289594357113
5227,10.341284248079342
5228,-3.1053825685421685
5229,-5.015928748091672
5230,-2.8092622875885365
5231,-1.9855420682699654
5232,-1.4874872090985995
5233,-4.032100945985638
5234,8.488376259983164
5235,-4.318928095494266
5236,-0.659661428668521
5237,-3.085220661785226
5238,-0.9781005378542007
5239,-4.420448662304964
5240,-0.7284521590321066
5241,-0.47442430952099923
5242,2.1062828042320625
5243,4.511494075618499
5244,-5.502219596493665
5245,-4.102700658595756
5246,-6.984316516256657
5247,9.987973144175504
5248,-5.033777530387793
5249,-4.949747815237554
5250,1.1271328171126318
5251,-3.552809152326698
5252,-1.87944118336892
5253,-1.4620801076430745
5254,1.6767873704243175
5255,-1.774184665395523
5256,-8.119265215205205
5257,-2.6898281361924283
5258,7.192464145101855
5259,2.3566520269563633
5260,4.2920281537397145
5261,-1.1489385119447688
5262,2.1680379622041777
5263,-4.296735203038214
5264,-5.326571365654311
5265,-5.015928748091672
5266,4.229717207579236
5267,3.247149843064993
5268,-4.584727801020837
5269,8.884943195369349
5270,5.593039159148583
5271,-4.318928095494266
5272,0.777701364460877
5273,-3.3899795899220693
5274,0.03932150307449623
5275,10.573242136201173
5276,-6.041569520722635
5277,-7.33823687423757
5278,-2.818468908581362
5279,4.72074312127492
5280,-5.502219596493665
5281,-0.5668454228002298
5282,-6.984316516256657
5283,-0.9492232600548465
5284,-0.5760814840496312
5285,-1.149843718913607
5286,-5.057007544481366
5287,1.1735253845625682
5288,-1.4392041338341175
5289,-0.10244912939442519
5290,-7.855180828582487
5291,-5.391261366654355
5292,1.581187462146581
5293,8.83811603906742
5294,2.212544924728629
5295,7.303279430678751
5296,-3.600915892378315
5297,3.787431828511211
5298,0.4221386922973172
5299,-4.124983065539994
5300,1.8161798129318063
5301,-0.6029981154765333
5302,-5.7195262704732155
5303,-3.336056205209374
5304,0.43608370862059975
5305,-6.173822974049944
5306,-2.034569775451417
5307,-4.318928095494266
5308,3.9144790108273027
5309,0.5543257675102984
5310,4.399953625860286
5311,-5.600090761031803
5312,-2.2367633247138516
5313,-2.459566920691612
5314,-3.747008507388328
5315,8.06512981447996
5316,-5.502219596493665
5317,0.7008941804569762
5318,-5.038150977443379
5319,-1.7060501109913362
5320,-5.033777530387793
5321,0.8673651901463912
5322,-5.057007544481366
5323,-3.5094910363523133
5324,-4.151800108007484
5325,12.651506521186862
5326,-7.155452182503062
5327,-3.9049156578027464
5328,-3.127511423303461
5329,3.8720289339030423
5330,-0.5116225375550916
5331,0.3508166141289465
5332,3.528622520852402
5333,0.5791550221768411
5334,-7.016024555823032
5335,1.8068334367497325
5336,5.287380026293814
5337,-0.4096290210456697
5338,-2.108926092359863
5339,-1.3139046178099827
5340,-4.433621702445607
5341,-6.586496352827063
5342,-3.3209326747810852
5343,-1.8169162988012204
5344,0.5570950503078287
5345,-0.6216881784614585
5346,-5.24742607552799
5347,-1.037175577012864
5348,1.1075781801406244
5349,0.4997231576842315
5350,13.788386246682702
5351,-3.5726334417315893
5352,-5.502219596493665
5353,0.4609657026411569
5354,-3.329751164143294
5355,-0.24007329305272235
5356,6.280972980275348
5357,-4.949747815237554
5358,1.5332129372801304
5359,-2.3004492013768965
5360,-3.859565261760906
5361,-0.589687317401093
5362,-7.855180828582487
5363,-4.856768279417665
5364,1.8629514936301943
5365,-5.6116648411396906
5366,0.5088908810964625
5367,-0.07985444657359086
5368,-4.053707992645726
5369,2.031673653157174
5370,-2.041094244953568
5371,-4.296735203038214
5372,-5.326571365654311
5373,2.7458362362148336
5374,-0.6674832059825526
5375,-2.7907818588264783
5376,-4.584727801020837
5377,7.7092942069347625
5378,-5.218223144062017
5379,3.4042950580713027
5380,-6.0073342255558115
5381,-3.5342095781213647
5382,-5.24742607552799
5383,-0.238242948291433
5384,-4.306343045039499
5385,-7.647810122091464
5386,5.784168770849229
5387,-3.8112413000658547
5388,-2.3119371334803054
5389,-1.200798311919983
5390,2.1367055546096267
5391,0.05657915782295486
5392,-0.09714912796443378
5393,-1.5838115422420946
5394,-0.8263059963976733
5395,-3.3108748732020192
5396,-1.8453486723110077
5397,-0.9550605072252231
5398,-1.5459123277629092
5399,1.2167001058699214
5400,-8.119265215205205
5401,-5.6116648411396906
5402,-0.35823169369786356
5403,3.677737402040303
5404,-0.8410893058580515
5405,-0.9289726954211543
5406,-3.975639324336052
5407,-4.296735203038214
5408,2.6904719811947775
5409,-2.4698710700749524
5410,-4.347247383689593
5411,-1.8091395768124081
5412,-4.584727801020837
5413,8.316885799083497
5414,7.938058493685011
5415,-4.318928095494266
5416,-0.20818650049831566
5417,1.0417539219928924
5418,-2.820657210256889
5419,-3.156586174222169
5420,-6.024374113315586
5421,-7.854702876066828
5422,4.030215322474293
5423,3.7551501315432683
5424,4.421176434779808
5425,-4.102700658595756
5426,-2.771835640132303
5427,-4.601703535664784
5428,-1.8369182525761416
5429,5.233398729913239
5430,-3.4186812290087
5431,-3.552809152326698
5432,0.5102024743818745
5433,1.5136974977110997
5434,4.123928889019461
5435,-4.93669013285995
5436,-5.543705001838998
5437,4.009179513227347
5438,-2.658739647636852
5439,-1.4463653424452154
5440,-4.19918139873993
5441,-2.494464303573427
5442,6.345665451662617
5443,3.0047759338757687
5444,-0.7061898945710365
5445,2.960433177578314
5446,1.6944602662623307
5447,-2.8582693970088653
5448,-0.45328967096256745
5449,5.025205435988424
5450,-7.264677248655284
5451,5.324212735145173
5452,-2.8864703114872414
5453,-1.9937725019286792
5454,-5.041718920641104
5455,0.06170536584197572
5456,-1.8180380232080324
5457,-7.854702876066828
5458,9.033659935210483
5459,8.10967029203308
5460,-2.8876939265442214
5461,-1.761072710775025
5462,2.0655392879168635
5463,-1.2345670696444984
5464,1.127025295553539
5465,3.553413436853174
5466,1.3825457371753176
5467,-3.552809152326698
5468,-4.259096624898282
5469,-2.2706623953931313
5470,2.9863219311387916
5471,0.867025430138712
5472,-8.119265215205205
5473,-3.782757886309325
5474,-2.658739647636852
5475,2.2476807848147473
5476,-3.5845840030139136
5477,-0.15701359097776701
5478,-5.638132042253776
5479,-4.296735203038214
5480,2.4389370443486413
5481,-0.599302011496662
5482,-5.7195262704732155
5483,-3.336056205209374
5484,-2.9920698627557503
5485,4.716430341295463
5486,-1.2164311783700117
5487,-4.318928095494266
5488,-0.1162389188683216
5489,-1.8910772925369153
5490,4.210052686640127
5491,-2.537209258249077
5492,0.37719037648043435
5493,7.019917164338548
5494,-0.40331284140892354
5495,-2.9663888265078846
5496,-5.502219596493665
5497,-1.1698204743607912
5498,3.5496884842223526
5499,4.665158245535224
5500,-4.680310144776456
5501,2.2783408138207344
5502,0.22024355836255727
5503,2.6879950617180786
5504,-6.561237558953623
5505,-0.16012045840294578
5506,-5.89189780285746
5507,-1.6936000940540112
5508,-2.7746197555940904
5509,2.0445867529511785
5510,0.8744577230084194
5511,-1.9533042385189496
5512,-4.19918139873993
5513,-1.8960322775558187
5514,-0.30744802960890416
5515,4.555306103498725
5516,-1.9599184923552913
5517,0.8508210679961412
5518,0.8068408626592674
5519,-1.8419810629522693
5520,-2.1014620978670724
5521,-6.586496352827063
5522,-7.264677248655284
5523,1.7758875090356578
5524,-0.4723158451710878
5525,-0.3126520822603547
5526,4.174880040132784
5527,-5.600090761031803
5528,-1.5438080016931424
5529,-6.734659500953756
5530,-1.0763425421483586
5531,-3.8112413000658547
5532,-4.474831261156549
5533,-2.528178389687022
5534,-0.16308302688835985
5535,-4.601703535664784
5536,-4.324373466491991
5537,-4.823958611120832
5538,0.8692790224771944
5539,-3.552809152326698
5540,-2.2764133727285722
5541,1.9877973627592391
5542,4.8919731417406345
5543,-1.5352568610810948
5544,3.1700117264931436
5545,-0.8817129206800445
5546,4.025748440235596
5547,-5.935389916733878
5548,4.258540085877425
5549,-2.67614217645823
5550,1.3652222902856348
5551,-2.5147512624737773
5552,-3.764428249901599
5553,-5.015928748091672
5554,-0.19809089104975044
5555,5.496120294792395
5556,-1.9680847568994437
5557,-6.586496352827063
5558,-7.264677248655284
5559,1.630892164141993
5560,-0.47918441253654276
5561,-3.946398768101692
5562,-5.24742607552799
5563,-0.8468319989827728
5564,-0.6965165256746668
5565,-1.640745850964834
5566,-2.363344449098915
5567,-0.19939719217618812
5568,-5.502219596493665
5569,-0.20705094138290858
5570,-2.5470793128156446
5571,-2.157426905512222
5572,-0.5561059193621971
5573,0.12530486271950325
5574,3.050907887905195
5575,-1.2449516732521841
5576,-3.128604139447196
5577,2.717748794691109
5578,-7.855180828582487
5579,-1.9565377994990865
5580,-7.869056665837921
5581,-5.6116648411396906
5582,-1.4449048579858692
5583,2.797453478740273
5584,-1.1716342262634298
5585,-1.868307712599412
5586,6.496394786609775
5587,-4.529695310645403
5588,-0.49364938644966094
5589,-0.8740719875746503
5590,-4.057996745640736
5591,-3.336056205209374
5592,-1.2895399161841268
5593,-6.586496352827063
5594,6.090801463511994
5595,-4.318928095494266
5596,-0.28299423138398977
5597,0.11884596074014148
5598,-5.24742607552799
5599,-5.600090761031803
5600,-4.149430439968507
5601,-8.023461236139932
5602,-0.17358793814767282
5603,3.3931752426884025
5604,1.5978623459541526
5605,-4.102700658595756
5606,1.4645247913804194
5607,-2.6922928028455146
5608,-3.078384438821056
5609,-4.210863412021898
5610,-1.5831364066733458
5611,0.6441410555547442
5612,0.6780321494259697
5613,1.9862738137260134
5614,-1.4626331997652295
5615,4.073436901116932
5616,-1.758594644262413
5617,-0.6184098338891042
5618,1.228692894324472
5619,-2.0949574144009686
5620,0.5559982468709154
5621,-0.6123570671227496
5622,0.7991887033062985
5623,2.636491532325831
5624,-0.762502238785437
5625,-0.6706521167665294
5626,-5.7195262704732155
5627,3.8010034266498827
5628,-3.276332432223761
5629,-4.201230984737956
5630,1.0794978466593945
5631,-4.5512246620081855
5632,-1.3673966990162394
5633,1.2907159949744458
5634,2.081323214027578
5635,-2.1979364417084417
5636,-5.335215409694372
5637,0.8368885266558853
5638,-2.1686035196399787
5639,2.9915278691045133
5640,-2.6474124123619784
5641,2.816852643011099
5642,10.577780520361998
5643,0.8319355415941283
5644,-0.2435536869256968
5645,0.11468423827089858
5646,0.14396042077588533
5647,-3.552809152326698
5648,-7.950091817414355
5649,-1.1584098881313118
5650,-3.0225679510723538
5651,0.5872282684591257
5652,-5.820199207879257
5653,0.830262051227562
5654,4.266077418715394
5655,-2.312864833226381
5656,-4.19918139873993
5657,0.8813338366002543
5658,-1.419890970111461
5659,-4.971482315064776
5660,-4.9057502710428125
5661,5.997254447138644
5662,-2.7293222093426417
5663,-0.821159446700682
5664,-1.6450545777454562
5665,-0.8202721563363311
5666,1.6204566722447409
5667,-2.3850283496905864
5668,-6.0073342255558115
5669,-1.6083874446088051
5670,-0.5410104274586113
5671,-3.989013115677317
5672,3.816556244814773
5673,0.8215297125135111
5674,5.768432678552153
5675,5.847812255561175
5676,0.08210683486728113
5677,-1.1326685114913244
5678,-6.984316516256657
5679,-1.3328502547127619
5680,-4.929045209124525
5681,-2.635395354741932
5682,-1.1669897490210792
5683,1.1765858436535706
5684,1.982436118286585
5685,-0.5982451437853642
5686,-7.982690552807202
5687,-2.0351237555239634
5688,-8.119265215205205
5689,-2.4872633118267635
5690,-0.561257767779848
5691,-2.6807444880037603
5692,-1.3136327951107856
5693,-0.33416223199285366
5694,1.2581543102923551
5695,0.11242092266082371
5696,-4.644319919203536
5697,-1.6163233995933348
5698,-5.7195262704732155
5699,-2.566747313470742
5700,-0.18962020565604198
5701,-6.586496352827063
5702,1.171855953483611
5703,2.4580789499518914
5704,-6.059165022900147
5705,4.0478522837469395
5706,-2.4864061383277334
5707,2.606752890641353
5708,-5.899762526535056
5709,-8.023461236139932
5710,-1.2058946007278313
5711,2.86568144796677
5712,-4.119505968878555
5713,-4.102700658595756
5714,-6.984316516256657
5715,-3.0262159323850053
5716,0.5193568913138711
5717,-1.2263904954550089
5718,-1.3539699164195378
5719,4.464339226154806
5720,0.929861897291189
5721,5.68367892861332
5722,0.21330627862481855
5723,-5.391261366654355
5724,7.67484119597108
5725,-5.394171563196419
5726,-2.658739647636852
5727,2.7686996629110676
5728,-4.513840098180261
5729,0.6998741724111248
5730,-6.494643868346808
5731,1.120341237987483
5732,-1.8481675702966291
5733,-5.019985810430353
5734,-0.3667998808081119
5735,10.07567684212275
5736,1.8240552284274576
5737,-3.058009715419414
5738,-7.264677248655284
5739,2.771324828720969
5740,2.5045075496848535
5741,-0.3931296530624395
5742,2.971505353975714
5743,0.37905276422311074
5744,-3.238127450189368
5745,3.305127307807373
5746,-3.747008507388328
5747,-3.4834068631843276
5748,4.073123747828165
5749,-4.102700658595756
5750,-1.2954970361452935
5751,-3.3397068101337233
5752,-0.8569358223014859
5753,-4.949747815237554
5754,0.19092370189954783
5755,-1.1344281831488066
5756,4.707847067921714
5757,5.5401555210010365
5758,-2.2634685281045654
5759,0.027377028290016203
5760,-2.8359194061230006
5761,6.8813015568527165
5762,11.188977175048695
5763,-6.163686834254185
5764,-4.515932781339514
5765,-0.6385492682629188
5766,-0.6366614145899498
5767,1.9724464715870302
5768,-1.350601094605611
5769,-5.019985810430353
5770,-2.173422513440297
5771,1.5295496592251787
5772,0.6175940558281638
5773,-6.586496352827063
5774,2.493197876454328
5775,2.9196811647603047
5776,-1.993706276338652
5777,2.3798369372530166
5778,5.261384223826842
5779,0.10349704324326525
5780,-6.041569520722635
5781,-2.3926026819431048
5782,2.1784928331705418
5783,2.64416033476527
5784,3.5861922539733793
5785,9.317253520134251
5786,-0.17801454838222094
5787,-0.4581257615198927
5788,2.6305150625585956
5789,-3.737993888564246
5790,1.0790274069111727
5791,0.4570648961824981
5792,-5.109627394764988
5793,-2.7363562109305892
5794,-0.3212575538144251
5795,-1.2669056579052977
5796,2.100982902952649
5797,-5.6116648411396906
5798,0.9818295544842948
5799,-6.163686834254185
5800,-4.533828649586705
5801,-2.373540341566759
5802,-7.016024555823032
5803,-5.418798142743723
5804,5.716074235062867
5805,2.6236802084399633
5806,2.196887737698561
5807,-0.1038488702686502
5808,-4.438519978398077
5809,-1.7413321177525045
5810,-0.24939887233333308
5811,-4.5512246620081855
5812,6.153055635849728
5813,-4.198774174762349
5814,-5.24742607552799
5815,-3.939204450088688
5816,-3.308767846389487
5817,4.8796988382977045
5818,3.042893431730546
5819,-2.4397009732353405
5820,4.668269643471379
5821,5.524847581919869
5822,-6.984316516256657
5823,-1.8182616527894035
5824,2.6405639164413466
5825,-4.949747815237554
5826,-1.8697291175271116
5827,-2.5347148228288203
5828,-0.6149578599380685
5829,2.441391289229351
5830,2.0985595406094624
5831,0.88040634140932
5832,1.2753247536015464
5833,1.0083346721437105
5834,11.924735145634127
5835,-6.163686834254185
5836,0.8487150978910984
5837,-2.67614217645823
5838,-7.016024555823032
5839,-0.3786710041628405
5840,-5.310427560187691
5841,-3.929209099842211
5842,1.2823336791605016
5843,0.6558648933306728
5844,-4.584727801020837
5845,-6.586496352827063
5846,-7.139666871422451
5847,-0.8836933302860328
5848,-2.570143668533456
5849,-0.85702412729232
5850,-5.24742607552799
5851,-0.007596005776666637
5852,16.17200616750433
5853,2.2799164687052844
5854,3.7028982983704486
5855,-1.0046392558587405
5856,-5.502219596493665
5857,-1.8994162947499427
5858,-0.10913683759957093
5859,-1.1708683626693037
5860,1.8550098544037388
5861,-3.461346530223608
5862,0.6225089933137141
5863,-2.915179039347282
5864,-2.122774021044727
5865,-2.0053910236092283
5866,-7.982690552807202
5867,-0.9107791013867554
5868,4.098155748450576
5869,-2.504766515604051
5870,0.2893888178384665
5871,-0.5941155271098935
5872,-4.453151426674974
5873,4.595921709858044
5874,-7.016024555823032
5875,-1.8420002299769518
5876,-0.7726152108207396
5877,1.7554745774047609
5878,-3.152432168733113
5879,3.7135381461945616
5880,-0.17026317470796734
5881,-3.270509645899124
5882,2.1752993534408893
5883,-2.372416444118005
5884,8.06773743947147
5885,-4.1842279310160695
5886,0.44280179096510985
5887,-2.893992168996859
5888,4.0717752545651855
5889,-3.3843141497960407
5890,-3.747008507388328
5891,-3.8112413000658547
5892,1.726148730051055
5893,4.256438096153792
5894,-7.565237683350364
5895,-1.7395046428911831
5896,0.28844074795939084
5897,-2.8370367181081395
5898,3.9128589855448253
5899,-3.552809152326698
5900,-4.8717479378492
5901,4.164432820384116
5902,-7.982690552807202
5903,0.8128785315580539
5904,-8.119265215205205
5905,-1.2956869481945554
5906,-2.658739647636852
5907,-5.538018198678882
5908,-4.533828649586705
5909,6.449505105641513
5910,-6.879922165977478
5911,-0.25797634785074464
5912,-5.326571365654311
5913,2.2307192318420923
5914,4.309644549183668
5915,-1.7473560366964194
5916,-4.455198877367687
5917,5.355492972019512
5918,-2.036639346664257
5919,3.774282704909822
5920,-6.059165022900147
5921,-0.37854651961987484
5922,-2.5702182483862708
5923,-5.600090761031803
5924,-2.2752527162274867
5925,-0.33756137593977675
5926,-3.2775202907736514
5927,11.524183144098624
5928,-4.298365467959997
5929,-4.102700658595756
5930,-7.00595352010096
5931,-0.4838419042885125
5932,-1.7217196242674613
5933,-4.949747815237554
5934,4.62982792683962
5935,3.3088162489628385
5936,4.698848233657756
5937,0.8312126940242107
5938,-7.982690552807202
5939,-2.0491246543148365
5940,-0.9360622452543421
5941,-0.9007529906052927
5942,-2.658739647636852
5943,3.529313538168521
5944,-4.533828649586705
5945,6.130192070307476
5946,-4.977907353077302
5947,3.8093510455626505
5948,-1.1196320200648757
5949,-3.3153616437492963
5950,-3.5914373944922318
5951,-3.336056205209374
5952,-4.584727801020837
5953,-0.9585900649906045
5954,1.5714374117946892
5955,1.5590691153800635
5956,-2.6824127373101576
5957,-0.5290469363516164
5958,3.6232585360502494
5959,-2.7047246043815374
5960,-6.041569520722635
5961,-8.01630903201912
5962,0.38610721688445526
5963,2.398840482525386
5964,2.1403599783963188
5965,0.17137491855329534
5966,-7.327990147989807
5967,-4.873903946192255
5968,2.0998736745748263
5969,-1.898480577831078
5970,9.189737050516504
5971,-3.552809152326698
5972,-4.7635329173051195
5973,-3.100273131521804
5974,1.690631363874593
5975,1.1039686720493305
5976,5.289424406292924
5977,-5.6116648411396906
5978,-2.658739647636852
5979,9.231847422253022
5980,-1.8102247487189036
5981,-2.67614217645823
5982,1.0028481173175705
5983,2.8969205591564644
5984,-1.3360725857445617
5985,-5.019985810430353
5986,4.3335576767642925
5987,-3.336056205209374
5988,-0.9218464577808285
5989,-1.9516509844148002
5990,-2.71847016105332
5991,-4.5512246620081855
5992,7.162427640792685
5993,-4.1480546579018425
5994,-5.24742607552799
5995,-5.569960232527854
5996,4.862598068897773
5997,-2.6501310107075193
5998,-3.747008507388328
5999,-3.8112413000658547
6000,2.2407848584192305
6001,1.359458256773277
6002,0.8357904299822354
6003,-3.012597610016606
6004,5.296401373544228
6005,-4.949747815237554
6006,-5.057007544481366
6007,4.0599061229048665
6008,-7.4643311585532865
6009,-1.1737061268150004
6010,7.541391636533465
6011,-5.391261366654355
6012,7.4016076616506705
6013,-5.659224039789202
6014,5.242620188814781
6015,3.1462793333806918
6016,1.9495666171194421
6017,2.3591215699186634
6018,-3.366594827847016
6019,1.8940482041021882
6020,0.10920476828920944
6021,-5.019985810430353
6022,0.21066105336842633
6023,-3.336056205209374
6024,-1.7758273595117289
6025,-6.586496352827063
6026,-7.020337807444991
6027,-2.396414743462706
6028,-4.341011964156438
6029,4.469453152943984
6030,6.403394591931129
6031,-3.0014026067923183
6032,-0.6533552845278605
6033,-0.31262898885958346
6034,-3.747008507388328
6035,0.05532666009917442
6036,-4.6190205788724725
6037,-3.964782134249589
6038,-3.751796468072313
6039,2.251561938610066
6040,-2.102961070446928
6041,-1.847638966147928
6042,3.3633995384720166
6043,9.236220389487416
6044,-7.950091817414355
6045,-3.1613128941851696
6046,2.1747771259179354
6047,1.0594426224059945
6048,-5.900736963158099
6049,0.49238602988134805
6050,-4.29952691619296
6051,-0.805858926223914
6052,-4.533828649586705
6053,1.9827801021373164
6054,5.549936547824339
6055,-0.7818812309216194
6056,-0.6667929263490104
6057,-5.019985810430353
6058,5.41826976130426
6059,1.2090696893617436
6060,8.301793847650401
6061,-6.586496352827063
6062,-1.5129853843031336
6063,-2.363228225645773
6064,0.9073489068213796
6065,-4.198774174762349
6066,-0.6835494757102001
6067,0.1731960848831755
6068,-6.243776162972411
6069,-8.023461236139932
6070,0.19243966303263527
6071,1.3142983347418813
6072,7.098776003482596
6073,-0.3934695153094943
6074,-1.041061319181407
6075,0.6672072781077545
6076,-0.8599718608595326
6077,-0.6717957304206275
6078,3.5342344297489725
6079,-3.552809152326698
6080,-5.5981560714112835
6081,-3.32870744585499
6082,-6.164984491408328
6083,1.2759241486874293
6084,1.44548792327179
6085,-5.659224039789202
6086,-3.504459170181657
6087,-1.804618873096288
6088,-4.533828649586705
6089,-2.532746231155897
6090,-3.6962165515464376
6091,-0.1675747045700302
6092,0.24040852078919084
6093,-3.6265989068730478
6094,-3.748190174397239
6095,8.327101870904656
6096,-4.238283602366802
6097,4.176254357569332
6098,1.3271120106752359
6099,-4.5512246620081855
6100,-6.059165022900147
6101,-4.198774174762349
6102,-5.24742607552799
6103,-3.8466510868167862
6104,-3.246787987864451
6105,-8.023461236139932
6106,-3.6114908926627867
6107,-3.8112413000658547
6108,3.537584037631235
6109,4.123420580459065
6110,-7.565237683350364
6111,2.1966259353527633
6112,-1.3153436869764001
6113,-1.9945338803500066
6114,-5.057007544481366
6115,-3.552809152326698
6116,-3.6624259430776864
6117,2.1581637822323323
6118,-7.707923005996242
6119,-0.8257735379874309
6120,-0.9862023981414159
6121,-5.659224039789202
6122,3.3544347940286245
6123,3.5823787003225256
6124,0.571732817028844
6125,2.2686212840560396
6126,5.766388748045282
6127,5.274610799159502
6128,-5.326571365654311
6129,0.00234326511599825
6130,2.057888563372944
6131,0.864379338889437
6132,1.1494202541554865
6133,6.46288790391308
6134,4.6595386574386675
6135,2.2047727466950287
6136,-5.942126061703592
6137,2.84877822400398
6138,2.81508207552863
6139,-3.0999633107178965
6140,7.027575911456111
6141,0.8362821063146266
6142,2.1697282181531548
6143,-3.8112413000658547
6144,-1.8676951488824927
6145,-4.087272093829319
6146,-2.438290913605981
6147,-2.252752320289399
6148,0.8941361203834599
6149,1.3617767853982914
6150,-4.520926867944892
6151,-3.552809152326698
6152,-7.950091817414355
6153,-2.1386372173688586
6154,-7.942234946114158
6155,-5.391261366654355
6156,0.47478564425577147
6157,7.709238744325713
6158,6.674800167306812
6159,0.685595423521431
6160,-2.328072507982057
6161,2.94855131969779
6162,-4.150991490031624
6163,-1.0735437454314516
6164,-5.328328439389873
6165,5.513180732305113
6166,-5.7195262704732155
6167,0.7901350320716171
6168,1.4575580828801
6169,-0.8866718475366049
6170,-5.831137483430735
6171,-4.5512246620081855
6172,-0.8020472406871754
6173,1.222402563509888
6174,-5.24742607552799
6175,7.384743967622624
6176,-5.490805768145835
6177,1.336954941504166
6178,-3.747008507388328
6179,11.215887321063404
6180,-2.8709598913243575
6181,-4.102700658595756
6182,0.4531967471673439
6183,-1.6019845420054701
6184,-4.73674234501872
6185,-4.949747815237554
6186,1.3520718036081067
6187,-0.8572959110921605
6188,-7.950091817414355
6189,-0.32311581898164565
6190,-0.6190987863355866
6191,1.3518341052608775
6192,6.216013978009174
6193,-2.9748928960891368
6194,5.816725874501053
6195,-1.7323271310461978
6196,-2.510835642877645
6197,-1.4678204054801363
6198,2.8752758475289437
6199,2.771669934462804
6200,-5.328328439389873
6201,-5.019985810430353
6202,-5.7195262704732155
6203,2.269094955665392
6204,1.7437471725996334
6205,2.734684605603757
6206,0.8873781191286922
6207,-4.437488068520666
6208,8.644180884647163
6209,2.103985292883003
6210,-2.3419518122290466
6211,-5.600090761031803
6212,-6.243776162972411
6213,-4.964028084412655
6214,-3.747008507388328
6215,8.069537455871114
6216,1.7073691776519857
6217,-4.102700658595756
6218,-7.556382763243539
6219,-6.245018588145159
6220,-5.676005826680198
6221,-4.949747815237554
6222,-5.057007544481366
6223,0.5136493646642406
6224,-0.570127607554701
6225,0.5716032802836875
6226,1.5520147516854348
6227,-0.25646559370171323
6228,-2.454702844576085
6229,1.1618483850214036
6230,-2.734873222642883
6231,-3.38946129699618
6232,0.5969652785103399
6233,1.7142063476942473
6234,0.30953357579084173
6235,-1.9564691811026498
6236,7.22868776321234
6237,-2.6241185543934575
6238,-5.7195262704732155
6239,-0.446047015068028
6240,-2.0231435368756348
6241,-5.125127837699234
6242,3.7296716301682062
6243,2.44171383477299
6244,-4.933657645004494
6245,-2.4776819192970683
6246,-5.24742607552799
6247,0.16524177411227914
6248,-1.1569070000456132
6249,-8.023461236139932
6250,3.823640764699431
6251,-3.6158442359424905
6252,-2.5503810696474907
6253,-3.9904622440326762
6254,1.7678839075817936
6255,-6.245018588145159
6256,-5.676005826680198
6257,-4.949747815237554
6258,-0.339667477834372
6259,-0.0658199771919169
6260,0.17989701759733576
6261,-3.429256321858091
6262,4.031906437548699
6263,5.213321125271124
6264,-8.119265215205205
6265,-6.0467813143721525
6266,-4.29952691619296
6267,-6.163686834254185
6268,-1.4333155074206643
6269,-2.2004716104982687
6270,0.29720644377789673
6271,-2.6207208467256913
6272,2.43580223984541
6273,-5.019985810430353
6274,-2.164428200099729
6275,0.5094433305132653
6276,-3.7845296640282386
6277,2.0163019526904744
6278,-1.737261881293795
6279,-4.5512246620081855
6280,-6.059165022900147
6281,-4.198774174762349
6282,-4.377668880833035
6283,-0.018426499028183885
6284,-0.4046067000674052
6285,1.8325951163865966
6286,-3.747008507388328
6287,5.8538886382076605
6288,-5.502219596493665
6289,2.2539676614294666
6290,12.13199695776816
6291,-0.09203830051123907
6292,-5.643332662023717
6293,1.3540206783172355
6294,-3.5390835068173203
6295,1.393788207746657
6296,2.443231763650919
6297,3.2819888101614625
6298,-3.9024746815252263
6299,0.6372431385986099
6300,-7.643400059101318
6301,-2.4719868953018667
6302,2.1372801566492905
6303,1.463632211796591
6304,-2.189780750476563
6305,-0.3815454471733921
6306,2.3519349807580485
6307,0.1608289336209232
6308,0.15556206290936014
6309,-0.14856141516101246
6310,-2.2525113161075434
6311,-3.336056205209374
6312,-1.8851750171116028
6313,-5.415450937785358
6314,-7.264677248655284
6315,-2.952273883334783
6316,0.03731061635217854
6317,-4.198774174762349
6318,-2.075075364006783
6319,4.312419121480257
6320,1.6738494472009187
6321,-8.023461236139932
6322,-3.747008507388328
6323,0.7914838416817763
6324,-5.918441054770837
6325,-4.102700658595756
6326,0.3759876484591276
6327,-0.6230786749052167
6328,0.5692917808762397
6329,-0.6552479555822853
6330,-4.778409700218591
6331,-0.2867993261799445
6332,-0.45999899160015145
6333,-2.4946852894057203
6334,-6.193094428312407
6335,4.595760324705088
6336,-7.6197315281549205
6337,-4.675154860214233
6338,19.341407698884485
6339,-2.9313445844491657
6340,-4.533828649586705
6341,-2.67614217645823
6342,-1.4863427680564638
6343,-5.418798142743723
6344,-5.328328439389873
6345,2.2476062495471236
6346,-5.7195262704732155
6347,0.7051377886536678
6348,0.46306133278059036
6349,-2.5457682821745
6350,-0.7934426892738096
6351,-4.177053773894777
6352,-0.16229325691323604
6353,-3.5671491309674073
6354,-2.812693224759589
6355,10.525318290850244
6356,-0.23863570075821672
6357,-1.1747644882955641
6358,-3.747008507388328
6359,-0.7394617268792087
6360,-5.918441054770837
6361,-0.727157250638037
6362,-6.588076296973433
6363,-0.5043123228183233
6364,0.5459236531418716
6365,3.2602301540410186
6366,1.2505927154637164
6367,-0.8719860906857176
6368,-3.587268554253316
6369,-0.4274137991006405
6370,-0.1523754011200903
6371,-2.8260224827364704
6372,-8.119265215205205
6373,-0.6518687222293402
6374,-4.29952691619296
6375,1.47433456428658
6376,-3.823312967755023
6377,-2.67614217645823
6378,-2.1859829353229614
6379,-0.8301536253155373
6380,-1.6126805151153403
6381,0.5665347241824903
6382,-3.6167618448630896
6383,-1.6164421024335094
6384,-3.8846190726868253
6385,6.199266856273602
6386,-1.869463480210531
6387,0.3875564401289294
6388,-6.059165022900147
6389,-4.198774174762349
6390,-4.458268699080425
6391,-2.522968315117159
6392,-6.243776162972411
6393,-0.223728902061465
6394,-3.747008507388328
6395,3.3065270105483595
6396,-5.918441054770837
6397,-4.102700658595756
6398,2.376097685464817
6399,-6.245018588145159
6400,-3.415397080649885
6401,-3.0901842156267634
6402,-5.057007544481366
6403,-2.808555285074779
6404,-2.165169608979067
6405,-3.429256321858091
6406,-7.982690552807202
6407,-5.391261366654355
6408,-7.206929409816239
6409,-4.442382024266771
6410,3.1784419047715446
6411,0.4160780378324649
6412,-4.533828649586705
6413,-2.67614217645823
6414,-1.7467189438965758
6415,7.572634538904409
6416,-0.9248725000306629
6417,-1.242889971099189
6418,10.492557625504435
6419,-2.5807291560435246
6420,-1.8389987872753155
6421,-6.594312654763631
6422,1.6608491813936141
6423,-4.5512246620081855
6424,-1.748009027927655
6425,-1.7144015727939723
6426,0.058479200593715364
6427,-5.592255213114321
6428,2.409309822792373
6429,-8.023461236139932
6430,3.0287230013277098
6431,-3.8112413000658547
6432,1.206891775085598
6433,6.458295428028345
6434,-2.975956112964768
6435,-0.8942102274024677
6436,0.33462711073495555
6437,-1.5872105496197086
6438,1.5209689766191312
6439,-1.050670437100043
6440,-5.195674298376802
6441,8.27583555984131
6442,-7.982690552807202
6443,-4.406738433246686
6444,-7.702888635156268
6445,-2.322289704625405
6446,0.8570589581313751
6447,4.480989618756077
6448,-2.8422336556199204
6449,0.39448216316789886
6450,-7.016024555823032
6451,-5.194422525081037
6452,-1.7914623406293777
6453,-5.019985810430353
6454,7.6833202526077375
6455,-3.336056205209374
6456,-2.3617544435053306
6457,0.11781409346297966
6458,-3.110605556835446
6459,-2.905534248863314
6460,-3.8633213493388086
6461,-4.198774174762349
6462,-2.8013076008658016
6463,-5.600090761031803
6464,-2.408744329491586
6465,-7.4583511155511015
6466,6.778625831772898
6467,1.7128426367340934
6468,6.1814828859652495
6469,-1.0781559461737085
6470,-0.7941346166241074
6471,-1.9824691303908981
6472,1.4419144726121247
6473,-0.47018949043999136
6474,-5.057007544481366
6475,5.587867325401666
6476,-2.7424534721617393
6477,-1.3227945171443907
6478,-6.845940438183314
6479,1.195546334693305
6480,3.8897101425236906
6481,-6.0467813143721525
6482,2.5059916655211527
6483,-4.62032389265195
6484,-2.272239066797096
6485,7.31666229448638
6486,-7.016024555823032
6487,-5.418798142743723
6488,-5.328328439389873
6489,1.459189618606593
6490,-2.900745333145084
6491,-3.336056205209374
6492,0.3404471580843387
6493,3.675029612348979
6494,-2.048111217161877
6495,-4.789804074529666
6496,-6.059165022900147
6497,-4.126352615684899
6498,-1.6475820938462322
6499,6.69121549708887
6500,7.943588249307101
6501,-6.474852082023951
6502,-3.747008507388328
6503,4.708604799218008
6504,-5.585015625971288
6505,0.19783393752421669
6506,-7.540821978350735
6507,-0.9587675704001681
6508,2.7201447892917803
6509,-0.534681500360158
6510,2.133082851387473
6511,0.43437584688802056
6512,0.17510129401943608
6513,-3.429256321858091
6514,3.2646180500114825
6515,-2.8570574234013635
6516,-7.576126818211239
6517,-6.0467813143721525
6518,-1.475480182554728
6519,-6.163686834254185
6520,-4.548544561294801
6521,3.129873333578487
6522,-0.49125705169334777
6523,2.7802420478461727
6524,-3.9805279424386857
6525,1.9708980488175851
6526,-5.61246880608385
6527,-0.4933017649389886
6528,-4.461096088623226
6529,-6.594312654763631
6530,1.5494448270636394
6531,-4.789804074529666
6532,-6.059165022900147
6533,-0.43302331779702274
6534,0.5951413249723936
6535,-1.9695842472362441
6536,-6.243776162972411
6537,-4.388153486969916
6538,1.7562281033827454
6539,-3.8112413000658547
6540,0.26368864895405597
6541,-2.3431352373538736
6542,6.79939728754885
6543,4.939059094473832
6544,1.271509727170689
6545,0.015670440492247195
6546,-5.057007544481366
6547,-0.13388704154866593
6548,-5.752230450764829
6549,0.03135527941812277
6550,-1.5411578389898444
6551,-5.391261366654355
6552,-3.2780459588870876
6553,4.810733691403858
6554,-4.29952691619296
6555,-0.6354873583942314
6556,-4.548544561294801
6557,1.312394808036577
6558,2.098834498080545
6559,3.1498187195332767
6560,-2.9255173572002757
6561,-1.6969375398901256
6562,1.6835289366630888
6563,0.42474767692961946
6564,-2.686660761272435
6565,-6.594312654763631
6566,-1.7819753459324996
6567,-4.789804074529666
6568,-1.223625427740726
6569,-1.1841319022689847
6570,-3.1365322435333844
6571,1.9410079233518376
6572,-6.243776162972411
6573,4.485359835800672
6574,1.004039814238384
6575,-2.2027915309216892
6576,-1.4928792021328077
6577,-1.7415648363571146
6578,-7.728182025963578
6579,-6.245018588145159
6580,-5.676005826680198
6581,-0.0072048514339813075
6582,-5.057007544481366
6583,-3.552809152326698
6584,-0.6617337086862705
6585,-2.995159176686299
6586,-7.982690552807202
6587,-5.391261366654355
6588,-6.480144556838873
6589,-6.0467813143721525
6590,3.3047371363096136
6591,-6.163686834254185
6592,-2.17057810318004
6593,-0.2619944670335781
6594,-1.1162712906760015
6595,-0.9181463340570093
6596,-1.3910124200673972
6597,1.9853255889730603
6598,-4.640805328401351
6599,3.5461040874214538
6600,-2.444385285937345
6601,-2.181980654441842
6602,-2.707981209977753
6603,-4.789804074529666
6604,-2.6549764744280804
6605,-0.8240783665966223
6606,-5.1832444358207574
6607,-2.8980291512418317
6608,-1.214495149600297
6609,-1.4997365884594844
6610,-3.747008507388328
6611,-3.8112413000658547
6612,0.7570085282362946
6613,1.0830296322673834
6614,-5.755034162065192
6615,1.046744665990833
6616,3.2115357557113047
6617,-4.949747815237554
6618,-5.057007544481366
6619,4.2760131499548475
6620,-2.753298935350692
6621,-0.574647461627563
6622,1.99235229379037
6623,-2.5621110904072193
6624,-5.6192588662204574
6625,3.9508102436430947
6626,-4.29952691619296
6627,-1.0950820945210635
6628,-1.1108647519215422
6629,6.901887079498369
6630,-7.016024555823032
6631,0.11812649428164645
6632,-2.851422540452924
6633,1.6484067826164888
6634,2.6307335437848263
6635,1.7689533498417325
6636,-4.584727801020837
6637,-6.487489419940568
6638,-7.789152522925836
6639,-2.1009341685048355
6640,3.7516011170829593
6641,-0.45382887886094964
6642,-0.2331658444222171
6643,-3.909504632371346
6644,-6.358407962111205
6645,-8.023461236139932
6646,-3.747008507388328
6647,-0.9964239294128903
6648,-1.2131087769811808
6649,-0.9338066520113317
6650,0.5747604011013991
6651,-1.9798909503823943
6652,-2.309655861320217
6653,-3.322124448712181
6654,4.808839119856066
6655,1.6096701318911424
6656,-1.0913494235990358
6657,-2.1907098848179567
6658,1.6238502177519867
6659,-5.292947917103961
6660,2.579207816690445
6661,5.117137094685519
6662,-0.767751706037302
6663,-6.163686834254185
6664,-4.548544561294801
6665,-2.67614217645823
6666,-0.462715563023662
6667,-3.4788165709404826
6668,-0.923964526010987
6669,4.163305923040225
6670,-1.246191004586394
6671,0.9327063557523827
6672,-1.0202168292778893
6673,3.3591266714397228
6674,-1.3969389166263515
6675,1.7307656461432868
6676,9.298775450285923
6677,-2.463883286912848
6678,-5.328473367495749
6679,2.557216982504316
6680,-6.713858059083284
6681,-8.023461236139932
6682,-3.944593690456921
6683,7.769050877558657
6684,-3.4093536541658063
6685,4.233913948046452
6686,5.180304018387179
6687,-1.6979562713181244
6688,1.4831478699231155
6689,-4.949747815237554
6690,-5.0924523257598455
6691,0.7444845204182338
6692,2.9068421964800293
6693,-0.19012320469156052
6694,-3.0200693715317124
6695,-0.9411858371750199
6696,-0.908485094552854
6697,-6.0467813143721525
6698,-3.645800623950427
6699,0.15989708138381808
6700,8.80359007513
6701,1.8014338805468026
6702,-5.192483303511459
6703,-2.574777651933612
6704,-5.814410778680124
6705,-3.1509327057412113
6706,-5.5823664723642015
6707,-3.336056205209374
6708,-1.9997222510805894
6709,1.7466356939073706
6710,0.3414318465716534
6711,-3.8476367228061106
6712,-6.059165022900147
6713,-1.526983468292567
6714,-2.7853068938414256
6715,-5.380632646130569
6716,7.539729938783499
6717,-8.023461236139932
6718,3.3680915392250266
6719,2.052743760945318
6720,-5.918441054770837
6721,-4.119960606582277
6722,-1.4221106400256627
6723,-5.275243550630845
6724,3.1009805783492266
6725,-2.9434947166926015
6726,7.954909213077933
6727,-1.8719974233020618
6728,-7.950091817414355
6729,-0.9100702719730605
6730,-7.982690552807202
6731,0.7409080027650887
6732,-5.28744650220258
6733,-0.9837157971060528
6734,-2.54269645739428
6735,-1.012913751514846
6736,-2.910698463434085
6737,0.40704916891211274
6738,0.4048787886957128
6739,-5.418798142743723
6740,-4.334124548557907
6741,-1.4344020685244434
6742,-5.136523031425222
6743,-3.336056205209374
6744,-4.584727801020837
6745,-6.594312654763631
6746,-7.312400933683613
6747,2.2175552487350334
6748,-2.0610338193754107
6749,-2.0507461032229646
6750,-0.08966516090180487
6751,-2.366189166050961
6752,-6.713858059083284
6753,5.708468975344736
6754,6.7393476967390225
6755,12.319810296582911
6756,-1.1954006670542472
6757,1.757665046107963
6758,-0.8031313815498704
6759,4.230778183370785
6760,0.05866057505458433
6761,6.471746980704653
6762,-1.8611871758028147
6763,-0.5612672941377101
6764,-1.1295370765165718
6765,-1.4754276766261074
6766,2.638328599852629
6767,-4.697904104853261
6768,-1.419947187161109
6769,-6.0467813143721525
6770,4.237019842819934
6771,-6.163686834254185
6772,-0.3754969558147634
6773,0.3661342314534569
6774,-3.04302910121102
6775,-2.378096771047708
6776,-5.814410778680124
6777,2.871776052512962
6778,-1.1766070792577357
6779,9.532732820393125
6780,-1.1202482907466256
6781,3.85328521584439
6782,-0.9854321541555544
6783,-5.075442981992783
6784,-5.02551235457621
6785,-0.7391140017911954
6786,0.8729779063961853
6787,-4.744905866684741
6788,4.69622383612489
6789,-8.023461236139932
6790,5.547429255983614
6791,0.6686631153525502
6792,-5.918441054770837
6793,1.675717203329355
6794,-7.728182025963578
6795,1.5298702753808624
6796,-2.1895196844099187
6797,0.9620255386823274
6798,3.1627488492663356
6799,2.569574706636935
6800,4.508307573161186
6801,-1.3003737568486327
6802,-5.437074308256008
6803,3.525951039784609
6804,6.233237000038551
6805,-6.0467813143721525
6806,0.3071962857557029
6807,-6.163686834254185
6808,1.8335689983388521
6809,0.3582864807721866
6810,-4.446934827145285
6811,-4.717757898717441
6812,-5.749570840836571
6813,-5.049829057032113
6814,4.760145845948507
6815,1.3404424653521327
6816,-0.2232629753380495
6817,-6.594312654763631
6818,-6.445059547725432
6819,1.6450438211836942
6820,-1.3135885901548294
6821,-3.574112458464077
6822,5.183798819297428
6823,-3.1341845348800565
6824,-6.713858059083284
6825,-8.023461236139932
6826,-0.002587546675158592
6827,-3.5293912711061077
6828,-1.2874546268374683
6829,-1.7028805442731028
6830,-7.728182025963578
6831,-6.245018588145159
6832,1.407119339874856
6833,-4.949747815237554
6834,-5.0924523257598455
6835,-3.552809152326698
6836,-3.2187658718244956
6837,-3.429256321858091
6838,-7.055265761143768
6839,-5.391261366654355
6840,-3.1304722611524696
6841,-6.0467813143721525
6842,-1.3211692712778238
6843,5.332470378196449
6844,-2.8245819515984456
6845,4.114413752861477
6846,-4.148846966149886
6847,-4.668796871483289
6848,2.163911498066982
6849,-4.434958090252481
6850,4.565491815774362
6851,-0.32106500556161754
6852,0.6824679386002708
6853,-7.4023519544447
6854,-0.11136895684173698
6855,2.0722190912921827
6856,-6.059165022900147
6857,2.0698614654575547
6858,-1.223576023862221
6859,-4.6290650113881915
6860,-2.724321167551377
6861,-1.251562522349467
6862,3.6952320450946106
6863,-3.8112413000658547
6864,-0.206038149951466
6865,0.23388458583586536
6866,-7.619739559463346
6867,1.920282437738717
6868,3.667775699870372
6869,-0.8628719300499332
6870,-1.8202125433108622
6871,0.06862797584654201
6872,-7.950091817414355
6873,-1.7626369607733583
6874,1.0059589735075036
6875,0.3916132601817792
6876,-7.861531670434131
6877,-6.0467813143721525
6878,-4.29952691619296
6879,-6.163686834254185
6880,-4.391569866203136
6881,-1.0515916930470157
6882,4.194708245915935
6883,-2.878006156711385
6884,2.242284385629658
6885,3.071345507334403
6886,0.7352853793055295
6887,-3.336056205209374
6888,-2.560723461006709
6889,3.083849979014018
6890,-7.789152522925836
6891,8.54743500023911
6892,-2.1218668258887696
6893,2.4300500224877766
6894,-5.328473367495749
6895,-3.4051612182998903
6896,-3.6107475199429544
6897,-6.8161472889862305
6898,7.028698105266912
6899,12.686705477713677
6900,-3.408024399769354
6901,-4.119960606582277
6902,-7.603094579661979
6903,-6.245018588145159
6904,2.0934006349400667
6905,1.7061683622799715
6906,4.092615592276985
6907,1.166469188757797
6908,-3.7934738464512487
6909,3.302605392028914
6910,5.146096110726413
6911,-3.479616206436924
6912,0.8292376518752302
6913,1.9141280924284994
6914,0.8659568812625054
6915,-6.163686834254185
6916,-2.3533738066565864
6917,7.8219426264287595
6918,2.900841942542405
6919,4.581159868887334
6920,-5.814410778680124
6921,5.144898725656304
6922,0.16191604226719947
6923,4.081064444196745
6924,-4.584727801020837
6925,-5.471936799434957
6926,2.479298808682837
6927,-4.78172037123327
6928,1.3234583203582175
6929,-1.6351813747398993
6930,-5.328473367495749
6931,-4.090478483948808
6932,-0.36018909619249584
6933,4.093095689877028
6934,7.699257233164479
6935,-3.8112413000658547
6936,3.712565052421556
6937,-2.3170137908584345
6938,-1.924461435809302
6939,-6.245018588145159
6940,-5.676005826680198
6941,1.2439711561055828
6942,-4.7136883019413585
6943,0.5501856550457737
6944,-7.214085756751434
6945,0.479964877098507
6946,-7.982058179806744
6947,-5.391261366654355
6948,-7.648329934112921
6949,-1.056880285692717
6950,0.6858273377037989
6951,-6.1422804350620215
6952,3.305475953370047
6953,-0.07870583474475756
6954,-6.553694826906133
6955,-5.266340392510332
6956,6.3400507043569
6957,3.292132341900293
6958,-5.7195262704732155
6959,1.5667571140479688
6960,-0.33563975759421827
6961,0.9470218351530698
6962,-1.2140006206029883
6963,-5.075442981992783
6964,4.155809844657272
6965,-0.7906407259036562
6966,-1.5434884803835314
6967,-0.32239228066245784
6968,1.7921514471389774
6969,-7.1121545136681865
6970,-1.6812956264664878
6971,-1.6133151869214895
6972,-2.843495697668992
6973,-4.119960606582277
6974,-2.34908099535678
6975,-2.429245435945627
6976,4.219131916147404
6977,0.2626388818071328
6978,8.537169341950568
6979,4.729770775123967
6980,1.048135275465322
6981,-0.7801446359854491
6982,2.2098899462042034
6983,-5.391261366654355
6984,2.266146621193888
6985,-2.408936811732916
6986,-3.2388869409431487
6987,-6.177447787205126
6988,1.7307615299765937
6989,-2.6138821038030757
6990,-7.016024555823032
6991,7.137051497376532
6992,-3.291688971564959
6993,-5.049829057032113
6994,-3.647805117897925
6995,-2.5971122827255244
6996,-3.7693882433432084
6997,11.770903838524237
6998,-7.006289441164185
6999,-5.075442981992783
7000,-1.980559706519774
7001,2.049818266727129
7002,-1.94138901847404
7003,7.3002984645194395
7004,-6.846850673990017
7005,-0.6579559319457289
7006,1.383293381261694
7007,-1.2334791919043715
7008,-5.918441054770837
7009,-3.964165708211615
7010,-6.267257478263412
7011,2.8891114089231698
7012,4.519308866630547
7013,6.699700317370507
7014,0.7197712337542465
7015,4.7320368401861685
7016,0.7559919053586509
7017,-2.0642789971108804
7018,-7.982690552807202
7019,-2.9083946509047327
7020,-7.9802198857787525
7021,-5.849738097647764
7022,5.580138093902643
7023,0.9744832176308913
7024,-3.777581549647416
7025,-2.67614217645823
7026,2.4309670815849453
7027,-5.418798142743723
7028,-5.814410778680124
7029,-1.0547280426653391
7030,4.3171979451871785
7031,0.4778018271262665
7032,0.7792064027627407
7033,-0.5877698169791794
7034,-7.789152522925836
7035,-1.2587322565053027
7036,3.357669539542474
7037,-3.3439653067191277
7038,-2.141523512891658
7039,0.7084484941306934
7040,-6.846850673990017
7041,-1.295159648250233
7042,-3.563533146605888
7043,-3.8112413000658547
7044,-1.0646537348840415
7045,-4.119960606582277
7046,-1.7900067176724277
7047,-4.250216621440833
7048,1.3129355330285837
7049,1.9531371969339015
7050,-5.0924523257598455
7051,-3.552809152326698
7052,1.5696584238288316
7053,4.246329451982058
7054,-7.982690552807202
7055,-4.4815035541194534
7056,-7.933111613175758
7057,-1.081929739760284
7058,-0.5429132394670946
7059,-1.0738392464136863
7060,-4.409839100232217
7061,-3.3070698718494818
7062,-2.862504592149505
7063,-5.418798142743723
7064,0.943260666824405
7065,3.144255216279088
7066,-5.7195262704732155
7067,-2.886115449496915
7068,1.6474653088411286
7069,-3.240148005478898
7070,-5.581827741638767
7071,-3.7871767967224814
7072,2.4257152792353156
7073,-3.621120704216905
7074,6.777222734038846
7075,-1.9871642562128624
7076,-6.659348363877008
7077,-1.073074764623601
7078,-1.4079817633929639
7079,0.1857279924326014
7080,-1.49174115219872
7081,-1.2443879902196695
7082,1.9157870375407928
7083,1.3638993211355044
7084,-0.7425276002214674
7085,0.12144234185372493
7086,-3.7450451933679725
7087,0.3655862012482922
7088,-7.950091817414355
7089,-3.429256321858091
7090,-7.981814333210779
7091,2.7640167807414753
7092,-5.760912571827991
7093,3.2433879194624495
7094,-4.29952691619296
7095,0.6140382246009537
7096,-3.6201783529972253
7097,1.2099650347804545
7098,2.912466658560867
7099,6.2406751034553505
7100,-1.7496330086070029
7101,-1.8297030090462363
7102,-2.8607428897144747
7103,0.7962683628135752
7104,-4.584727801020837
7105,9.860667098846275
7106,2.973378636929387
7107,-0.8201139634474109
7108,-2.0466924774201978
7109,-4.198774174762349
7110,4.979853682694052
7111,1.908513345088008
7112,-2.0411663622590437
7113,-8.023461236139932
7114,-1.5755541596504345
7115,-2.991534164353295
7116,2.253538662524175
7117,-0.8474959199932113
7118,-1.5498249101095374
7119,-6.245018588145159
7120,0.8977158294713905
7121,1.456107995387787
7122,-3.1366004976147406
7123,1.7541518045941373
7124,-7.950091817414355
7125,-2.4900829299090512
7126,-0.7174667122401792
7127,1.466682657983997
7128,-3.1528415426595746
7129,6.946138140258963
7130,-4.29952691619296
7131,-2.431736606041614
7132,-4.462472871938932
7133,2.9517085025547694
7134,-3.941597638549124
7135,-5.799691249497008
7136,1.619185427556765
7137,-0.8778231081026706
7138,-5.7195262704732155
7139,7.657185979094773
7140,-2.2953349191985684
7141,-1.3836666204586674
7142,-7.789152522925836
7143,-5.075442981992783
7144,-2.5295716940305826
7145,-2.06335293510893
7146,2.020507525311627
7147,3.323591222584432
7148,0.4072950422514965
7149,-1.0686841064434995
7150,5.248441052221509
7151,4.14250168441041
7152,-1.7614307750018376
7153,2.6600221739438563
7154,-2.6293292698013246
7155,-0.7982395038662449
7156,-4.693290220161746
7157,-4.949747815237554
7158,-0.636769122236287
7159,0.5934774436366889
7160,-1.1382340062244247
7161,0.2883320419276516
7162,-5.196405525970594
7163,-5.391261366654355
7164,-8.119265215205205
7165,-6.0467813143721525
7166,-4.29952691619296
7167,-4.405849699517821
7168,0.3998061010973574
7169,-2.6696081222443078
7170,-7.016024555823032
7171,-4.986576345718907
7172,0.5903132167524983
7173,0.0415417670977285
7174,-5.7195262704732155
7175,-3.336056205209374
7176,-1.2685116474317317
7177,1.7022029467144788
7178,-7.789152522925836
7179,0.05087264294693092
7180,-2.891789407868353
7181,-4.198774174762349
7182,-0.2435119871431513
7183,0.3456145142394005
7184,-1.9857435680719253
7185,-1.5635022657810653
7186,-3.944593690456921
7187,-3.8112413000658547
7188,-0.42518109764757095
7189,-1.2539601916383165
7190,11.882419299830334
7191,-2.022412105400553
7192,-5.676005826680198
7193,-1.3748661527758372
7194,-2.0912626097754305
7195,-3.0881683121357235
7196,-0.5065802497405192
7197,-2.938388249417845
7198,1.7027351776268782
7199,0.2933529234745541
7200,-1.0647332421939635
7201,-6.0467813143721525
7202,2.1748007110282868
7203,-5.32580642521198
7204,2.1658909464492506
7205,4.801436715068524
7206,-7.016024555823032
7207,-2.424615150292655
7208,-2.038172852545466
7209,-1.6389803265843657
7210,-3.062269164574302
7211,-3.336056205209374
7212,-2.4770661654000183
7213,-1.3211420583212727
7214,-7.789152522925836
7215,-1.2151093957910712
7216,-2.3631008997263776
7217,-3.532382828976508
7218,2.2214702309603966
7219,-1.1552666034017878
7220,0.008184407043163366
7221,-4.338446272842782
7222,10.532255855475457
7223,3.0320939944905825
7224,0.38059091695000546
7225,1.3668304164041378
7226,-1.3121425683771502
7227,-0.8388133290601231
7228,-5.863202935456447
7229,0.9850765720314025
7230,-0.13469465583391943
7231,-3.552809152326698
7232,-3.447435819841749
7233,0.42174222587778903
7234,-7.42638999695455
7235,2.466025869613259
7236,-1.5307601091991518
7237,-1.7385822745008488
7238,3.6197910069598502
7239,0.07857629939438174
7240,3.8173187890530142
7241,-3.2658081839331023
7242,-5.151987598052655
7243,-5.732733149291278
7244,-4.103434268300846
7245,-1.9632597746851455
7246,1.4400406006713342
7247,-3.336056205209374
7248,-3.085622404483757
7249,5.850218673266182
7250,1.1186318489542946
7251,2.037448200104581
7252,-1.9190987286023182
7253,-2.190515631391527
7254,-5.771304551679005
7255,-2.511772481103802
7256,-6.725906564743399
7257,-3.1006550317362422
7258,-3.944593690456921
7259,6.365779341115368
7260,-0.32456449001184406
7261,-1.5593903713679858
7262,-7.728182025963578
7263,-1.3587614615902588
7264,2.3235666974364144
7265,-4.949747815237554
7266,-5.0924523257598455
7267,-3.552809152326698
7268,-3.8716503654191667
7269,3.7158698190204755
7270,-7.982690552807202
7271,-5.391261366654355
7272,-4.400117443173851
7273,-6.0467813143721525
7274,0.2359663547561066
7275,-6.177447787205126
7276,-2.4559738630353474
7277,-3.3070698718494818
7278,1.89566810018448
7279,-2.83920422195414
7280,-5.812978374204365
7281,-0.6194927883647101
7282,-5.694010278020786
7283,-1.0424493260316154
7284,2.717079842267629
7285,21.271479947248512
7286,-0.02157729379161677
7287,0.6430175862818235
7288,1.7131493031148588
7289,-0.2518114257775099
7290,-1.1151771345993786
7291,-5.600090761031803
7292,0.9118031089034592
7293,5.948552809149818
7294,3.2033892137769913
7295,-1.4166588716029445
7296,2.6385026877639515
7297,-4.119960606582277
7298,2.364944190558851
7299,0.5310615479346534
7300,-7.152190202422434
7301,4.7003198786002045
7302,-5.0924523257598455
7303,0.013165369226918293
7304,-5.889102458613916
7305,-3.429256321858091
7306,-3.274053641789627
7307,-5.739717894563012
7308,3.5272570854361174
7309,-5.990502321276009
7310,3.4417542908638508
7311,-3.040637495979868
7312,-2.055514603049438
7313,-0.6111996610221659
7314,12.468664125928349
7315,-4.950278052430713
7316,-5.814410778680124
7317,-5.049829057032113
7318,-3.2640553335232765
7319,-2.8156380276691837
7320,1.2669646046031284
7321,-1.1729645196251963
7322,-5.208430106701281
7323,-5.075442981992783
7324,-6.059165022900147
7325,-4.198774174762349
7326,-0.738254158679309
7327,0.25463782402661206
7328,4.562153015845084
7329,-1.6164233880330618
7330,5.504730542980528
7331,3.9541122387302003
7332,2.00523950061802
7333,-1.361976333602833
7334,-1.3643071759053909
7335,-0.3273568083559049
7336,-0.5740800828627843
7337,-4.949747815237554
7338,-2.517196766263454
7339,8.220327055109927
7340,-6.5894305911495685
7341,8.437122934343822
7342,-7.982690552807202
7343,1.524128772254101
7344,-1.63325466052716
7345,-6.0467813143721525
7346,2.822644764524
7347,-5.721647923295361
7348,0.7224566554096759
7349,-1.914112977356246
7350,-7.016024555823032
7351,-5.177955377042563
7352,-4.106706301994105
7353,-1.9272826931944769
7354,-4.443263006972421
7355,1.0244445871633
7356,-4.08903828936078
7357,0.8044799293251357
7358,-2.277801278681902
7359,-5.021773971724422
7360,1.5285093883350838
7361,-0.21930247458247787
7362,-5.771304551679005
7363,-2.747639513891291
7364,2.445319311421975
7365,-6.348270248969747
7366,3.5021206076912015
7367,-3.8112413000658547
7368,-5.918441054770837
7369,3.2472290212658175
7370,-7.728182025963578
7371,-3.37033382079095
7372,-7.152190202422434
7373,-1.233389985675394
7374,1.1888094256672055
7375,-2.852385376808444
7376,-7.950091817414355
7377,1.7798298431470199
7378,0.6725896410145742
7379,-5.739717894563012
7380,2.2079638924838965
7381,6.5241747652541395
7382,-4.29952691619296
7383,-6.177447787205126
7384,-4.10355484602505
7385,-3.3070698718494818
7386,2.056199977812835
7387,-2.36918407886003
7388,-5.814410778680124
7389,-3.740531635609013
7390,-0.16340135416835344
7391,-3.336056205209374
7392,16.23952474262086
7393,-2.674475532457615
7394,-1.9739247410225444
7395,-5.075442981992783
7396,-2.1060673770822356
7397,-4.198774174762349
7398,-0.857258249915355
7399,-0.5902685089189179
7400,10.833208131143946
7401,1.3974329743159184
7402,1.4015514233354263
7403,12.864625830463192
7404,-1.150108002745382
7405,-0.9649075257866739
7406,0.20014799167009917
7407,-3.3335286992406963
7408,-3.1895881737302085
7409,-4.949747815237554
7410,2.562932307859711
7411,0.5174095761144241
7412,-2.973447294469593
7413,-2.503870191040975
7414,-3.1645178392345383
7415,-0.2824893342401147
7416,6.482054086448548
7417,-6.0467813143721525
7418,6.912948283480923
7419,2.7947488770845816
7420,-4.56818029138142
7421,3.248621741613626
7422,0.3332708347755722
7423,-5.799691249497008
7424,-5.814410778680124
7425,-5.049829057032113
7426,-2.3541074097057564
7427,2.472577943242109
7428,-2.853187460311996
7429,5.542300379928315
7430,-0.35189432197621107
7431,-5.075442981992783
7432,-6.059165022900147
7433,-2.6091708844660277
7434,-1.231938153790917
7435,-1.554095289726503
7436,-6.846850673990017
7437,-8.023461236139932
7438,0.9347104413933922
7439,4.774764417045007
7440,-5.918441054770837
7441,2.064176105947187
7442,-7.841522115951381
7443,2.32087706361112
7444,5.725560237390435
7445,1.3274683979509612
7446,-1.5176428577143848
7447,3.38463894998904
7448,-3.6716609209341655
7449,-2.239737821451654
7450,-3.112199378997679
7451,-5.739717894563012
7452,-8.093786338648105
7453,0.18859248175769872
7454,-1.9874968003547369
7455,-3.9443034558396923
7456,-1.548428147057186
7457,0.0032844171836138303
7458,-1.042465915484136
7459,-3.331490438654858
7460,2.8300710804516913
7461,3.015920394868066
7462,-5.807915719526721
7463,0.7297006811118396
7464,-4.584727801020837
7465,-7.4023519544447
7466,-4.19343300326595
7467,-5.075442981992783
7468,0.23476689083383787
7469,3.8785813507870253
7470,1.5845747959826215
7471,-1.7194226345617811
7472,3.8375420903285886
7473,-8.023461236139932
7474,-0.1250794988932069
7475,-3.722056449886129
7476,-3.040842553894711
7477,6.588042323787881
7478,-4.868323281110493
7479,-2.2049491635778087
7480,0.542995975898876
7481,2.03971713383581
7482,0.6986201607395089
7483,0.05666824892503204
7484,-7.950091817414355
7485,-3.43594679654199
7486,-7.982690552807202
7487,-5.739717894563012
7488,-8.119265215205205
7489,7.158552291883012
7490,-4.29952691619296
7491,-0.23991481202751708
7492,-4.56818029138142
7493,-0.6108564838763049
7494,2.4025243779991508
7495,-5.258601237503873
7496,-1.952404510576046
7497,-3.1563215951016588
7498,-5.807915719526721
7499,1.2199053223001075
7500,7.613599436646913
7501,0.7545084627575198
7502,-3.9698370105570557
7503,-3.131024584735289
7504,8.872647574332666
7505,-1.4220673878444734
7506,-1.4603350234057646
7507,-1.7602225830162272
7508,0.4671907846308323
7509,-0.31053159446698175
7510,-1.9580905378299143
7511,-2.8671902285110487
7512,-2.5433875528371157
7513,-0.042284868166013734
7514,1.800669184520668
7515,-1.6226797465934253
7516,-3.9469021452164053
7517,-1.9344496238485007
7518,-4.611459355331023
7519,-1.0445571739098858
7520,2.972420570147995
7521,-0.32480045098145194
7522,-4.695662568636292
7523,-5.739717894563012
7524,-8.119265215205205
7525,2.5809027061294048
7526,9.581953403652985
7527,-6.177447787205126
7528,-0.5973995420106976
7529,1.6629762165817197
7530,-6.575239700835437
7531,-0.8476377868768272
7532,2.0066656547443555
7533,0.5094361653264481
7534,0.11083459408799157
7535,0.011153403181020427
7536,-2.077140601681821
7537,3.177560337802684
7538,-5.71001969590503
7539,-0.12548026731684767
7540,3.8971090638564503
7541,2.8619516907444087
7542,4.296585479590282
7543,-2.1419110335187304
7544,-5.796283058481216
7545,-3.255203902444486
7546,-3.944593690456921
7547,8.923205228044202
7548,-5.004773545396108
7549,-0.21737725276911735
7550,-7.841522115951381
7551,-1.6417817788898261
7552,-4.8249085298421
7553,-0.769690884250142
7554,-5.0924523257598455
7555,0.6085718987274139
7556,-1.625644606667307
7557,4.728060898086408
7558,-8.009753395325657
7559,-5.739717894563012
7560,7.032437683771641
7561,2.3448850940337356
7562,-3.9810681463390507
7563,1.5521796975025242
7564,0.29418092541744345
7565,1.3762715154775595
7566,-2.1651318085288684
7567,2.931369428138739
7568,0.4387319676356658
7569,0.2686633821013191
7570,-4.349961565312871
7571,8.003233376587454
7572,-0.33577529801219286
7573,-7.4023519544447
7574,0.6189941565502224
7575,-5.075442981992783
7576,-2.526384805759267
7577,-2.6955482997180416
7578,-5.478344797742162
7579,-4.55542433073602
7580,0.33382800256373146
7581,-1.762825482766348
7582,1.6099447706551717
7583,-1.8527685873484265
7584,3.000962531536037
7585,-4.119960606582277
7586,-3.6981111283067314
7587,-6.245018588145159
7588,-0.7496375419713708
7589,-1.9245807746575245
7590,-1.8536801256999929
7591,-0.6308638202484014
7592,1.8989612880259483
7593,-0.8766024164394611
7594,-8.009753395325657
7595,-7.079040989673462
7596,-7.092711607117505
7597,10.471138101101108
7598,-1.2406942816089845
7599,0.4032646982267156
7600,-2.8828544510449685
7601,0.9448531055798257
7602,4.232323199273171
7603,-0.7092945590095674
7604,1.808891634458778
7605,-3.540316447927412
7606,0.6304580306046219
7607,1.9081874092944773
7608,2.184168931289993
7609,-2.7627561801197804
7610,0.24124371795900762
7611,-0.5996321507847926
7612,-3.3956349514354125
7613,1.0647340076182186
7614,-0.17302381188177346
7615,1.3405185860683502
7616,4.512101488417267
7617,-3.654461925678026
7618,0.45539775300827556
7619,-1.7388041747884393
7620,-4.849683996611838
7621,4.814165555155024
7622,-4.061015936917517
7623,7.918619852675772
7624,-5.978662832848378
7625,-3.8168566058063567
7626,-2.410955466108928
7627,-0.6739703145637792
7628,-6.175547908283402
7629,-0.5642959743931426
7630,6.7638796150374265
7631,-1.0586651633154651
7632,-3.9690133783307617
7633,-6.0467813143721525
7634,4.6163891821033936
7635,-1.8853524397963706
7636,3.245419957890696
7637,5.166898405738303
7638,10.671051172465269
7639,-3.3370203185195537
7640,-2.898192723528009
7641,2.278074119394642
7642,6.3477775387241016
7643,0.7199128620297459
7644,0.5806344824039559
7645,-7.4023519544447
7646,-1.1725009054658275
7647,0.4101242611311203
7648,-0.8758206249109324
7649,-1.439810707042274
7650,6.481900999362403
7651,-1.9747135604421944
7652,-1.8704665826519378
7653,-8.023461236139932
7654,0.3186147688009071
7655,-3.8112413000658547
7656,-2.90054293738862
7657,-3.5731512437946527
7658,-7.841522115951381
7659,-4.422774794681249
7660,-2.6511791735951986
7661,-3.0526939133875484
7662,5.654368969454928
7663,6.398215236044068
7664,-4.14462359887711
7665,-2.3956213786978755
7666,-2.2274346199583475
7667,-1.9189735890755022
7668,-2.6646660470365493
7669,6.674833362636634
7670,2.479697416756007
7671,-6.177447787205126
7672,-4.56818029138142
7673,-0.7653661906536817
7674,-3.0619095399089002
7675,-5.8435389687454915
7676,1.512421044998577
7677,-4.320569775461182
7678,1.060705214562105
7679,2.1698679808865915
7680,-2.539544240573754
7681,0.5071294663913535
7682,-6.6558559986861345
7683,-5.075442981992783
7684,-0.626983621387888
7685,-4.198774174762349
7686,1.8197485169517185
7687,-1.196807787042729
7688,3.739744025354528
7689,3.0504408377189307
7690,2.0751836261208547
7691,4.634967341656331
7692,-5.180859092247875
7693,-3.871008505687328
7694,1.397336330315981
7695,-5.232368006835836
7696,1.6452693019793472
7697,1.6561917103984618
7698,-1.9410037546138472
7699,-1.216929882447508
7700,0.20428652614219334
7701,-3.43594679654199
7702,1.477963798497377
7703,0.5181392208973503
7704,4.364863255771744
7705,7.129750870992786
7706,2.032415289982898
7707,-1.9250571988453766
7708,-2.929018739802139
7709,2.311797025203535
7710,-7.016024555823032
7711,-5.8435389687454915
7712,-0.3806395273056865
7713,1.123346873983213
7714,-1.0259832204318435
7715,2.2193049666170834
7716,-1.38404161610064
7717,-1.8019384967988032
7718,-7.789152522925836
7719,-0.9036962741487293
7720,-5.8659181869333015
7721,1.8458549177441979
7722,-2.918722969904394
7723,-5.600090761031803
7724,-6.846850673990017
7725,-2.4553512442066916
7726,6.008618212038382
7727,-3.386277688507871
7728,-3.7517422850971642
7729,6.719463844042754
7730,2.0526896915115467
7731,-4.836310818417462
7732,-0.8320378337130789
7733,-0.9229375715687129
7734,-5.0924523257598455
7735,-0.048922067012765746
7736,-2.7406529396657584
7737,-3.3965652369685273
7738,-6.174954600461019
7739,5.817212627364828
7740,-3.200047032392825
7741,-0.479176176797786
7742,6.533120976381987
7743,-3.4598266906841544
7744,1.812792535985257
7745,-2.8562827282901004
7746,5.570407544008842
7747,-3.963952128746985
7748,-3.6124815546227866
7749,1.8351913794241592
7750,0.8534198135758312
7751,4.138739605623243
7752,0.05726864085149663
7753,6.917725869168926
7754,-0.23665796575625486
7755,-5.136854437716706
7756,-1.6157996635075027
7757,-0.08250127044641586
7758,-1.694638097137728
7759,0.9079552398944348
7760,3.1193241302521963
7761,-8.113582108622033
7762,-1.0615245452857542
7763,-2.8207268922134765
7764,1.6907096257802068
7765,-4.196691447258579
7766,-6.396644562276781
7767,-0.4728872128636006
7768,1.1540873576098356
7769,-4.949747815237554
7770,-2.5603877397956554
7771,4.234505022693743
7772,-7.950091817414355
7773,3.06005668756968
7774,1.6723296700008117
7775,-4.303795157111448
7776,-5.9140732114633785
7777,3.1621759066129833
7778,-0.11849950780483987
7779,-1.1263653819744932
7780,-4.280503153236228
7781,-3.3070698718494818
7782,-2.4445810914418327
7783,-5.058441070000255
7784,-5.814410778680124
7785,-2.6453088845422466
7786,-5.807915719526721
7787,-2.659963471975099
7788,-4.584727801020837
7789,-5.517565560945522
7790,13.83365682885432
7791,1.8346934609284504
7792,3.0729434864527034
7793,-3.559716028690536
7794,8.919284968567387
7795,6.337011614133798
7796,0.24558785155164564
7797,-7.038781704490234
7798,-3.7622208748714696
7799,-1.1206601855724498
7800,-5.918441054770837
7801,-4.196691447258579
7802,-0.1705546089858887
7803,-6.245018588145159
7804,2.040074993390199
7805,-1.2294137436589345
7806,-5.068412900938762
7807,3.1244308922536153
7808,6.648159636110224
7809,6.930014307750584
7810,3.0218672456407396
7811,-7.079040989673462
7812,-4.413705643883858
7813,-5.309522684471942
7814,8.384686950071877
7815,0.4546501871841273
7816,0.1793544196798793
7817,-0.7185732809032204
7818,-7.016024555823032
7819,-5.8435389687454915
7820,-5.814410778680124
7821,2.869960762604692
7822,0.36837283555904576
7823,1.9887768804707873
7824,-4.5891728270173635
7825,11.782812614084902
7826,-7.789152522925836
7827,-5.136854437716706
7828,-6.1600399046106515
7829,-1.353034163112138
7830,-5.771304551679005
7831,10.549598458939748
7832,-6.575721612003419
7833,-8.113582108622033
7834,-3.944593690456921
7835,-3.8112413000658547
7836,4.709018834811239
7837,-1.3462272448904202
7838,3.5908705801647565
7839,-2.790945259509102
7840,1.600289996352564
7841,-1.8246994972665156
7842,-2.689964885912874
7843,-3.08424702391618
7844,4.925319642104117
7845,-2.209509565855818
7846,-1.0345490101597186
7847,0.8391049067061136
7848,-7.710184082437598
7849,-1.3744344991397228
7850,1.0343223284273733
7851,-6.177447787205126
7852,5.900848373223924
7853,5.003214436577107
7854,4.150117885003404
7855,1.2959366789018225
7856,0.9656988331573375
7857,-5.049829057032113
7858,3.14464912703325
7859,-2.6021125104297984
7860,-1.1460831908609133
7861,5.487426245877554
7862,-7.2298283158673
7863,-0.8434824835395741
7864,-5.276322239926309
7865,-3.004601665100853
7866,6.297839510376776
7867,-3.4045794874234145
7868,-1.99338443007301
7869,-8.113582108622033
7870,5.693602254041119
7871,-3.8112413000658547
7872,-0.49628326987845695
7873,-0.922791631143089
7874,-7.079570187051209
7875,-2.8161309217089117
7876,1.372826861883743
7877,-3.407020199271383
7878,5.0807287476797445
7879,-0.15246490566883697
7880,5.223929184329292
7881,-3.43594679654199
7882,4.0455970088764825
7883,2.220170073297985
7884,-4.922648881835304
7885,-4.982782402674732
7886,4.954446100260968
7887,-0.3483200786601418
7888,-4.56818029138142
7889,-0.9241429539853805
7890,0.7908977107433448
7891,-4.948820683549691
7892,-4.704156500295525
7893,-1.2395254664570734
7894,1.320846486416825
7895,-3.336056205209374
7896,-2.125869296086355
7897,5.093709348720031
7898,-3.246464353668722
7899,-4.027819970324761
7900,1.6523378663425605
7901,-0.38558034658904294
7902,-1.6501501694457228
7903,-5.600090761031803
7904,0.15034606654256133
7905,-8.113582108622033
7906,-3.944593690456921
7907,-3.8112413000658547
7908,-0.9083060419749086
7909,-4.196691447258579
7910,-5.872387828139145
7911,3.3164543746746094
7912,-2.6040031146501184
7913,-3.433219964689787
7914,2.6946449157663865
7915,3.732513951154613
7916,-4.832759037513247
7917,-1.4821175377591742
7918,-0.2589075349384843
7919,-2.3952444236541797
7920,1.2051838469116543
7921,-6.0467813143721525
7922,-4.29952691619296
7923,-2.3725494284117095
7924,-2.6119957188136484
7925,-3.3070698718494818
7926,-7.016024555823032
7927,1.849559110734719
7928,-5.814410778680124
7929,-5.308299251645551
7930,0.35733305926537073
7931,6.3875046649273175
7932,5.5938734602999185
7933,-2.034585046130844
7934,-1.0663233463164814
7935,-2.6285569519216434
7936,2.1049767361375205
7937,-4.2494294951867415
7938,-1.6202925001610513
7939,-3.2669171136759374
7940,5.003777412675108
7941,2.7793210245621203
7942,-3.944593690456921
7943,-3.8112413000658547
7944,-3.858626370791807
7945,-3.4129462946581626
7946,-7.841522115951381
7947,-5.280551581120558
7948,-6.4142633728575165
7949,-4.949747815237554
7950,-2.8698454310455332
7951,-2.3670185850206247
7952,-7.836668167694661
7953,2.4378487433780918
7954,18.815631832270938
7955,-7.079040989673462
7956,-0.5242986687440194
7957,4.287898943491238
7958,-4.303019267683095
7959,-6.177447787205126
7960,-4.56818029138142
7961,4.276192359198926
7962,6.010965275612829
7963,-5.823512711659516
7964,2.4590206921738833
7965,-3.895902517096336
7966,6.380622994057084
7967,-3.28898615234165
7968,-4.5891728270173635
7969,-0.771393006292385
7970,1.1257398386047661
7971,0.18327493225826277
7972,-6.1600399046106515
7973,-2.063347241180542
7974,11.428174382222085
7975,-5.600090761031803
7976,-6.846850673990017
7977,-0.25480598406518684
7978,-2.6201496091626124
7979,-3.7785651187004516
7980,3.404268038614063
7981,0.5986070873553793
7982,-7.841522115951381
7983,-6.289823155563529
7984,3.272311926815358
7985,-4.949747815237554
7986,-0.22990785502875477
7987,-3.552809152326698
7988,-5.6110468491635865
7989,-2.037588212692362
7990,1.8720960646837157
7991,-7.079040989673462
7992,-8.119265215205205
7993,-6.0467813143721525
7994,-4.303019267683095
7995,-5.776721560707456
7996,-1.6495324156873516
7997,-4.670719170435812
7998,4.60627581645979
7999,-2.775800969354062
8000,-0.7341481092509841
8001,7.594099641993888
8002,0.390506917066037
8003,-3.336056205209374
8004,0.8944754046234452
8005,-0.7823694279815996
8006,-0.24356240548001007
8007,2.733205576481748
8008,-2.664975796202028
8009,-4.2494294951867415
8010,11.258665014654376
8011,1.4271704394879832
8012,2.1675344437851054
8013,1.2490945115010397
8014,-3.944593690456921
8015,-3.7258645556489958
8016,3.7690644215002505
8017,-2.382166230838265
8018,-1.4373377248766142
8019,-6.27314401535168
8020,-7.152190202422434
8021,9.066351571422043
8022,-3.155144401370972
8023,2.0324276303780344
8024,0.3657769875389004
8025,-0.7213245452383682
8026,-1.2534707084167862
8027,-5.529083617211122
8028,1.834849919742494
8029,-2.4344131191733585
8030,4.041335974930817
8031,-6.177447787205126
8032,3.4543610214076774
8033,-0.7720475488455132
8034,-1.5139711187250149
8035,-2.5693852618193738
8036,-5.814410778680124
8037,-5.308299251645551
8038,1.81572113070584
8039,-3.336056205209374
8040,-4.412342343980763
8041,-7.4023519544447
8042,-2.394452695214131
8043,-1.0532703113335122
8044,5.845988086581656
8045,-4.2494294951867415
8046,-5.28415353458996
8047,3.82074709061644
8048,-3.7901933549680313
8049,12.1621591258117
8050,-1.7428962698421206
8051,-0.542339331986704
8052,-3.0560093346318453
8053,-1.1936736197953344
8054,-0.5681755837011746
8055,-4.442238545886805
8056,-7.15998497956556
8057,-1.9429047249166609
8058,-2.5750217902559664
8059,-1.3492196944987116
8060,-7.950091817414355
8061,-2.435627793550629
8062,-8.009753395325657
8063,0.4022638926607276
8064,-7.302797840480509
8065,-0.08795140731562245
8066,5.280150488435698
8067,-6.177447787205126
8068,-2.528885925953847
8069,-1.4269220539606362
8070,-4.657393228504625
8071,-4.880184216000702
8072,-0.10512220201671774
8073,-2.396617168632931
8074,-3.6529080518457557
8075,1.4135030080547955
8076,-4.585565746224729
8077,-0.3311455585380818
8078,0.31807176586957103
8079,-0.7069503170983882
8080,-5.424743557458092
8081,-4.7230476576876255
8082,-4.004040306782842
8083,-5.600090761031803
8084,6.219483201656055
8085,-0.5843331245718258
8086,-3.944593690456921
8087,-3.8112413000658547
8088,-3.0657570604471767
8089,-2.5251572816640695
8090,-7.809738438780176
8091,-3.1099992788240134
8092,0.5294512002666248
8093,-1.7697120769034276
8094,1.0019431692949894
8095,0.5450831158144345
8096,-1.5054018904136737
8097,-2.975440641454658
8098,-8.009753395325657
8099,-5.679364524069564
8100,-0.16913891668893974
8101,1.9976036627874736
8102,1.8780186008631947
8103,2.793522297919613
8104,-0.794389735191227
8105,3.6584046884796235
8106,-6.5053873922400545
8107,-0.9164272992329592
8108,-5.814410778680124
8109,9.354860002013845
8110,-4.218698837524437
8111,1.3644005629493399
8112,-4.695679689948744
8113,-7.4023519544447
8114,-0.5251113122430644
8115,-0.07700973813014489
8116,-3.4594220801704916
8117,-4.7230476576876255
8118,-1.295921075837242
8119,-0.31035961333410444
8120,-1.2970985023842296
8121,2.1048413134425177
8122,-3.944593690456921
8123,-3.6988478418561543
8124,-3.708512600876208
8125,-4.196691447258579
8126,-4.011717339630412
8127,1.8532729475768361
8128,-7.15998497956556
8129,2.1893170125646373
8130,2.3179632579243687
8131,-1.1193069688659991
8132,-7.721128267032581
8133,3.2485912058202744
8134,-2.9983899400922267
8135,-5.510929885391217
8136,-1.8590436770926564
8137,-6.0467813143721525
8138,-4.303019267683095
8139,1.6865375716242847
8140,-1.6430515842248599
8141,-0.23584403014175825
8142,-2.1161104947071205
8143,-5.016954288253972
8144,-5.814410778680124
8145,-5.308299251645551
8146,-5.807915719526721
8147,-2.0261272093165448
8148,1.5684273837247615
8149,-1.0726811032769297
8150,-7.789152522925836
8151,0.0773303806757184
8152,0.7311355236063193
8153,2.414788473752745
8154,1.4431159537111815
8155,0.47458085835386044
8156,-6.846850673990017
8157,-0.7631194359261748
8158,-1.0135143511201548
8159,-2.3179167240373437
8160,1.827659595704739
8161,-4.196691447258579
8162,-7.841522115951381
8163,-3.809267095873966
8164,2.1993424645220694
8165,0.14340624367083393
8166,-2.984900874695139
8167,1.819429261551535
8168,-7.950091817414355
8169,-3.494898934822747
8170,-8.009753395325657
8171,1.9594732640926447
8172,-8.119265215205205
8173,-1.547601613217624
8174,2.1424441624065116
8175,4.540453699328145
8176,-4.56818029138142
8177,-4.670719170435812
8178,-3.811749578168812
8179,-1.8242355614002381
8180,2.895511570382805
8181,-0.8975106044744785
8182,1.3449285807462348
8183,4.33425130586398
8184,0.5982199378889819
8185,-7.333003551313075
8186,-5.472361690489654
8187,-1.3049247114169724
8188,1.0925602601454503
8189,-0.7286698131963198
8190,0.6126636256449192
8191,1.8372060662935132
8192,-5.635139203685149
8193,-8.113582108622033
8194,1.1093978839813934
8195,-0.8486655442772433
8196,-1.4576333683180374
8197,-4.196691447258579
8198,-7.7766760108173205
8199,4.072589867703516
8200,-0.6156828507069096
8201,-1.8178453401170598
8202,-1.7128603666871467
8203,-3.44144273292045
8204,3.9891162950502546
8205,-1.4734854992634039
8206,-8.009753395325657
8207,1.740273295827639
8208,-8.119265215205205
8209,3.1626841343636145
8210,-0.06429967134906178
8211,-1.3319420049549953
8212,-4.56818029138142
8213,-4.670719170435812
8214,-4.801055920076665
8215,-5.8435389687454915
8216,-5.790436142699121
8217,2.908846031985692
8218,-3.2640240062750956
8219,4.744888657681148
8220,-4.695679689948744
8221,-7.4023519544447
8222,-7.789152522925836
8223,-5.136854437716706
8224,0.7693117577519523
8225,-4.7230476576876255
8226,-5.3505902914106285
8227,-5.600090761031803
8228,3.7686409408524018
8229,-8.113582108622033
8230,-0.22669511283273702
8231,-2.1190162014794676
8232,-5.4011077444725455
8233,-2.3678247622669297
8234,-7.84295987036176
8235,-5.489599394014297
8236,0.2506085838976996
8237,-4.892341832333828
8238,-2.3868329571830205
8239,-1.87785064255572
8240,1.6878550937074603
8241,1.763061582266975
8242,0.14377059935414938
8243,0.23560337777886942
8244,-4.560030627135683
8245,7.395642465525081
8246,6.905987854011082
8247,-4.835614944466528
8248,-0.9576750588922429
8249,0.3297986435348482
8250,6.139143878303909
8251,-6.3920200771682225
8252,-0.5042799241875896
8253,-0.9182713587953919
8254,-1.3665958007386723
8255,0.04633567566055952
8256,-3.047812098124201
8257,-5.221309427505104
8258,1.727832098444633
8259,-5.136854437716706
8260,1.7017098162590591
8261,-4.098221898270679
8262,-0.557463384687679
8263,-5.600090761031803
8264,3.7685425163843864
8265,-4.258240109495558
8266,11.370223811731524
8267,-3.8112413000658547
8268,-5.918441054770837
8269,-2.0270026429451287
8270,-0.8332483454313206
8271,-6.289823155563529
8272,-5.533632733584287
8273,-1.919354240522163
8274,-5.0924523257598455
8275,2.5051918084040072
8276,-0.8084542210829532
8277,-2.6192788255595025
8278,-8.009753395325657
8279,-7.079040989673462
8280,-8.119265215205205
8281,-6.101934932458842
8282,0.21194231406016506
8283,-5.122158161100316
8284,-3.4219909320574846
8285,-4.670719170435812
8286,0.37079552957380635
8287,-0.28398896958774733
8288,2.8357027873478895
8289,-4.63025333634738
8290,-0.7892425266561979
8291,-4.244083628673992
8292,-4.695679689948744
8293,-2.0208359214444904
8294,-1.4638243244684261
8295,-5.105334261245748
8296,3.891151134999263
8297,-4.7230476576876255
8298,-5.443997315406956
8299,-0.37117467234064094
8300,-6.846850673990017
8301,-8.113582108622033
8302,-0.09272081810194716
8303,0.8593428979709578
8304,-3.9417630669480053
8305,-4.196691447258579
8306,-3.1790980683093597
8307,-1.4120981374531392
8308,3.279027383142595
8309,-4.949747815237554
8310,-0.7942684013518404
8311,3.405270249941794
8312,-2.0385111882765763
8313,1.3232166131428544
8314,-8.009753395325657
8315,-7.079040989673462
8316,-7.627379026386422
8317,-3.201859356880302
8318,3.5061827263283645
8319,-0.20030952197346094
8320,-2.8400475895170763
8321,-4.670719170435812
8322,-3.826191781301694
8323,-1.8256669906007303
8324,3.9183886675260466
8325,3.9045512067353734
8326,-0.20848084574405146
8327,-2.196791995614033
8328,-4.695679689948744
8329,-6.829427668183159
8330,-6.99392099374413
8331,-5.63945551313663
8332,-6.1600399046106515
8333,-4.7230476576876255
8334,4.175865416067972
8335,-0.6972543416362162
8336,-5.11361763534873
8337,0.8317608791337924
8338,0.4759435671085947
8339,2.8976423202093433
8340,-6.065999036314828
8341,-0.4968707100998433
8342,2.373464356987423
8343,0.1718192134369727
8344,-7.15998497956556
8345,2.778709693992769
8346,-0.9778236805794784
8347,0.8661933016965637
8348,-1.5113600070121993
8349,-3.494898934822747
8350,-6.661780283618235
8351,-7.079040989673462
8352,4.478335281450597
8353,1.8697186570500883
8354,-0.1280125818722455
8355,-5.392363863580738
8356,-4.4933926692273065
8357,-4.670719170435812
8358,-6.780901453087239
8359,-1.4654131741647998
8360,-5.518743886634045
8361,-5.308299251645551
8362,1.7685628577618187
8363,-3.3392353545486513
8364,-1.6649492267358112
8365,0.49611953141293774
8366,1.3711494475609076
8367,-3.462583417834086
8368,-2.276027438443305
8369,-0.7448221843720597
8370,-5.771304551679005
8371,0.22824808176138123
8372,0.14341309122304136
8373,-4.872497461750729
8374,0.5737196586904836
8375,-3.6780289466488867
8376,0.4418246867379194
8377,-2.033011527534299
8378,-7.84295987036176
8379,1.671638370473234
8380,-7.15998497956556
8381,5.252254650338924
8382,2.2242617868933556
8383,0.8664594604174309
8384,-5.583161954814947
8385,-3.494898934822747
8386,-0.8581904176340567
8387,-7.079040989673462
8388,1.1846939848569509
8389,-3.602213934038557
8390,-4.303019267683095
8391,2.1917169776942176
8392,-4.56818029138142
8393,-4.670719170435812
8394,-3.390132411762659
8395,-2.0343106672772815
8396,1.086317947012703
8397,-1.2523852005185345
8398,-3.7600092484233314
8399,-3.511107801215894
8400,-0.4475017979570404
8401,1.0259409162327437
8402,6.77665981695529
8403,-5.63945551313663
8404,-6.12597712238586
8405,0.7139841738746895
8406,1.0914693002090223
8407,8.698795098944567
8408,4.035266443696247
8409,-0.003952625556451319
8410,-3.914250353071604
8411,2.579197890129681
8412,-6.065999036314828
8413,-4.2554106781553305
8414,-7.84295987036176
8415,1.1226696972029004
8416,-7.15998497956556
8417,-0.5455323711416039
8418,-4.600893764620281
8419,-3.552809152326698
8420,2.897925006705261
8421,-2.8907891601414986
8422,3.816116256734165
8423,-7.079040989673462
8424,8.088091004742743
8425,-0.8170543467076361
8426,-3.8866266084308956
8427,4.488672943735791
8428,-0.3830443638258384
8429,-0.13128339086775576
8430,-0.6807691613756077
8431,-6.3920200771682225
8432,-0.17642861999051346
8433,-3.334822017196738
8434,-5.685581347691204
8435,-3.157208458561356
8436,5.020122098413405
8437,-7.4023519544447
8438,0.6974552235798583
8439,-2.877626328844389
8440,2.292663103491847
8441,-1.5775639386127767
8442,-5.771304551679005
8443,-3.0367566915283715
8444,-5.3029643278011775
8445,-3.653325236263386
8446,-0.4202514863054574
8447,-2.9913868077411285
8448,-6.065999036314828
8449,0.020423087809851026
8450,-3.6469260729596944
8451,-4.276433018000745
8452,-7.15998497956556
8453,-4.949747815237554
8454,-1.5746928209690891
8455,-3.552809152326698
8456,-7.4982479821159576
8457,-3.494898934822747
8458,-7.355828203469238
8459,-3.781415104284162
8460,-8.119265215205205
8461,-1.5974735824809145
8462,3.626437715954227
8463,2.928985880402001
8464,6.07683827654681
8465,-1.4509388606258073
8466,-1.2145169923321468
8467,-6.052124279724906
8468,0.8389845686568405
8469,1.4511935569422612
8470,-5.810448800964435
8471,-1.6717390044344609
8472,-4.155067416809876
8473,-1.1108745246422727
8474,-1.5314445264123937
8475,-4.2614905667731495
8476,-0.059683591623285334
8477,-3.359140345453474
8478,-1.4222403759644426
8479,-5.600090761031803
8480,6.56574556685932
8481,-7.289986840192338
8482,-0.08022498727842997
8483,2.970607472368333
8484,-2.0120751835242436
8485,1.9906361096006793
8486,-7.84295987036176
8487,-2.4411723208734526
8488,-7.6869161850962655
8489,-4.949747815237554
8490,-2.8999459908798912
8491,-2.4663223647642765
8492,-7.950091817414355
8493,-3.494898934822747
8494,-8.009753395325657
8495,1.605035094497269
8496,-3.071364157292048
8497,-2.8990075695486643
8498,0.8342243464500934
8499,-6.177447787205126
8500,10.128079779415703
8501,-4.670719170435812
8502,2.944607581599642
8503,-6.007382768115334
8504,5.7949801543239134
8505,-5.687406644846705
8506,-5.979359692908129
8507,-0.5015673242129611
8508,0.9863569513563769
8509,0.43467018013428593
8510,-7.789152522925836
8511,-0.565310568725268
8512,5.024772182753711
8513,-4.7230476576876255
8514,-2.9667526001364894
8515,-5.600090761031803
8516,-6.846850673990017
8517,4.624785773646892
8518,-0.24467306029632296
8519,-3.317288826013426
8520,-1.064919533656249
8521,-1.9847623432514117
8522,-0.16706650009361035
8523,2.31245425314813
8524,-7.6869161850962655
8525,0.9304008518246971
8526,-1.8735704593326705
8527,3.598573338036589
8528,-2.487787989217263
8529,4.415222786170014
8530,0.051985784929724055
8531,1.4281733347731105
8532,-7.95676514802868
8533,2.425393004709468
8534,0.897665311788006
8535,-5.90944578635352
8536,-4.57386009305384
8537,-4.670719170435812
8538,-3.022594625116304
8539,-1.736120230236879
8540,1.2095184160371852
8541,-0.5205682969740455
8542,0.7994605890385151
8543,4.021421823974615
8544,0.0899172437946647
8545,-2.9250092801967704
8546,-5.165168146864554
8547,0.2318647601497713
8548,1.942204037650681
8549,1.617284749971974
8550,2.99642550030213
8551,-4.41444296738368
8552,8.041698056157383
8553,-5.32888534616468
8554,-3.944593690456921
8555,2.07362087788931
8556,-3.5129550523249327
8557,-1.896944066743885
8558,1.4493498516529364
8559,-6.289823155563529
8560,1.8000636063193225
8561,-3.1090430523844947
8562,1.4147742756609543
8563,0.4123718468847404
8564,-3.31264363829927
8565,6.7108707770114195
8566,-1.042319266731722
8567,0.3111191489039968
8568,-2.700945193948627
8569,-4.561933977532934
8570,4.090017796625445
8571,-5.400565915966304
8572,5.65497260414316
8573,-0.009213989366818387
8574,-3.3670063438922013
8575,-6.3920200771682225
8576,-5.814410778680124
8577,-5.687406644846705
8578,-5.979359692908129
8579,-2.891166573702059
8580,-1.8822661195858252
8581,-3.06010930679913
8582,-1.4719930452670877
8583,-0.8542021661410784
8584,-6.1600399046106515
8585,-0.8073325186930943
8586,2.861002216113312
8587,-1.4747027298630966
8588,0.028350990323205094
8589,1.3206918897033393
8590,4.626756532051191
8591,3.583572091025811
8592,-5.621338309673821
8593,-3.7159078031718282
8594,2.276826354511104
8595,6.113549864496379
8596,-0.6172729321503487
8597,-5.0196862360204975
8598,4.921426046260546
8599,-0.7772164106812991
8600,-7.950091817414355
8601,-3.513836426893287
8602,-7.445398093616594
8603,-0.8299644060567519
8604,-8.119265215205205
8605,-6.449499313439877
8606,-1.1028326932355372
8607,-2.4652139197413354
8608,-0.5305497989335978
8609,-1.5941978816312334
8610,8.00486417288824
8611,-2.765147633561555
8612,0.8315631281193894
8613,3.007744655517935
8614,-5.356945555282719
8615,-1.5181958494735335
8616,1.5446774715039542
8617,0.6822254305505415
8618,-1.0412035769190546
8619,-5.63945551313663
8620,-2.524984121140357
8621,0.9213045906902342
8622,-2.3854238152536418
8623,1.1141907161139204
8624,-0.8866404300039541
8625,-6.752330048618688
8626,2.298222577272572
8627,-1.5116088343204577
8628,-6.301170337766203
8629,-4.2554106781553305
8630,-7.84295987036176
8631,-6.254318030747564
8632,1.4784380798910979
8633,-0.27944048552985024
8634,-4.857226453047522
8635,-4.408109365028389
8636,-1.4731850815989636
8637,-3.513836426893287
8638,1.8537690268731026
8639,-2.3550300859510465
8640,-0.13782185405385006
8641,0.006728496473020762
8642,-4.303019267683095
8643,-6.177447787205126
8644,-4.57386009305384
8645,-4.7508893062435655
8646,-7.016024555823032
8647,-1.8576019066296967
8648,-1.1475125601065195
8649,3.4425637899060604
8650,-1.3775551518059408
8651,-0.2767406444338696
8652,-4.695679689948744
8653,-4.11329451538999
8654,-7.789152522925836
8655,3.012455332997285
8656,2.5454221448711682
8657,-0.16321129529469092
8658,-5.722406776976766
8659,-0.45021294113708765
8660,-3.7865059327506136
8661,-8.029548448094546
8662,-2.4929705151668764
8663,-3.16060738220669
8664,-0.8589640442890791
8665,-1.179064141202772
8666,-7.84295987036176
8667,-2.581697494662409
8668,0.11793454333720765
8669,-4.378165407313091
8670,0.3591376984321437
8671,-2.129404000239316
8672,-2.449648994735638
8673,1.7691763849283397
8674,-8.009753395325657
8675,-3.5786317252211886
8676,-8.119265215205205
8677,-0.629815405813787
8678,2.5881456423640126
8679,7.408835287785729
8680,5.064187822950956
8681,-4.7508893062435655
8682,-6.8538223921324395
8683,0.4948959777715767
8684,-5.814410778680124
8685,-1.2895948646565603
8686,1.8910964814935973
8687,-2.7412257233463366
8688,3.8523474076026476
8689,-7.4023519544447
8690,4.992530740888703
8691,-2.6897794850343564
8692,1.4386281394209408
8693,-3.984045777950075
8694,-4.536259749156211
8695,-5.600090761031803
8696,-2.214425580489854
8697,1.7463051219159724
8698,-3.9801372085717177
8699,3.847072888443434
8700,-5.509944470081226
8701,-4.202238199404531
8702,-1.8377639938887682
8703,-6.289823155563529
8704,-7.6869161850962655
8705,2.06420403130576
8706,-5.935738770124055
8707,1.937072072937117
8708,-6.011937991927434
8709,3.250082009630192
8710,2.706473925641535
8711,-7.079040989673462
8712,-6.8686660679040425
8713,1.0573381257402428
8714,-0.6046885381709559
8715,-6.035193016394489
8716,-4.57386009305384
8717,-0.5870378849957738
8718,4.316419307793977
8719,-5.311584462543085
8720,-5.814410778680124
8721,5.673718236739073
8722,10.855772446027656
8723,-2.3241063218799276
8724,2.547987454077493
8725,-6.168161509682914
8726,1.752933665537244
8727,-2.857905171176861
8728,7.1388748999524
8729,-2.9714630293334996
8730,3.802438732181381
8731,-5.776512921955208
8732,-6.846850673990017
8733,4.990750357658518
8734,-3.9117126117252994
8735,3.0294183140075064
8736,9.948101421850804
8737,-4.2554106781553305
8738,0.8369230175547249
8739,2.304395571901238
8740,-0.9621751081744022
8741,-4.873914044380533
8742,4.132636172805217
8743,-3.3549757253538086
8744,2.733144785901697
8745,0.25520794276222847
8746,-7.987572271369087
8747,-7.079040989673462
8748,-8.119265215205205
8749,9.517088321632713
8750,-3.875090083053737
8751,-6.177447787205126
8752,-2.5156718600803125
8753,1.5637103590318056
8754,-7.016024555823032
8755,-6.3920200771682225
8756,-5.814410778680124
8757,0.14520252578869397
8758,-1.2435051221486446
8759,0.5929982416190382
8760,-0.8196092619737523
8761,-3.2348831285083564
8762,3.066911585802389
8763,0.7804826244665174
8764,-3.194116479006686
8765,3.042917109138802
8766,10.494007314545346
8767,-5.776512921955208
8768,5.774872862483419
8769,-3.773430506363193
8770,-0.20543894661251683
8771,-3.66363823959417
8772,9.605889611539192
8773,-4.2554106781553305
8774,-7.84295987036176
8775,-2.6001650943945527
8776,-0.18870547978848728
8777,-5.0196862360204975
8778,-5.935738770124055
8779,1.3349753811986598
8780,-1.7171522268113337
8781,-3.513836426893287
8782,3.8129546381190225
8783,-3.501189546338176
8784,-2.3628792987096556
8785,2.336745893104098
8786,5.557980069913298
8787,2.5013880702167093
8788,-0.7621299458053198
8789,6.515539085740242
8790,-0.6620251125767043
8791,2.1221373336097353
8792,5.294363893608966
8793,-5.421963457850357
8794,8.431139767331981
8795,-0.24638547371031194
8796,-1.558937291654538
8797,-7.3077368008910915
8798,-2.0843849523283424
8799,4.663448029986164
8800,-6.1600399046106515
8801,-5.347440035458091
8802,-5.97703477672037
8803,1.1381970440933047
8804,1.6198409190255696
8805,7.678919040385827
8806,-3.9801372085717177
8807,-1.9069418538644176
8808,-6.939964657228259
8809,-4.2554106781553305
8810,-7.428790687383542
8811,2.6183930276237937
8812,-5.1519690596527
8813,-0.5585107701235784
8814,0.9851962377882627
8815,2.707458309491313
8816,-7.950091817414355
8817,-1.6752871531845663
8818,1.996895626368745
8819,-7.079040989673462
8820,-3.3146721023926395
8821,-6.449499313439877
8822,0.19434656779547832
8823,1.9840919272805224
8824,6.353098508193355
8825,3.8950217950786277
8826,-4.747229895826332
8827,7.2057684417337
8828,-3.4990999478600573
8829,-0.4090544708212154
8830,4.30332987077184
8831,-4.244083628673992
8832,3.7350762137878464
8833,-0.8756971071108548
8834,1.151598876906237
8835,-5.63945551313663
8836,0.5628209112858644
8837,-6.75986056019831
8838,3.9986821984555476
8839,-4.357646427486622
8840,-2.3152041454478502
8841,0.14165801289155855
8842,-3.9801372085717177
8843,-2.1160111311159455
8844,2.384316965011418
8845,4.946022000722958
8846,-8.20053426463042
8847,-6.289823155563529
8848,3.3586047497713643
8849,-0.38671061749087887
8850,-5.28759211311728
8851,-0.8613584661465885
8852,-0.8683670493891881
8853,-1.7120466349104357
8854,0.3800961906580911
8855,-4.286710818134368
8856,1.3383895355364976
8857,-6.449499313439877
8858,3.8476973341652516
8859,-6.006951165311937
8860,-1.9165452072780635
8861,-1.7609505560358125
8862,0.44862668567632386
8863,0.11626718680521853
8864,-0.7136315902097781
8865,0.3231488742023174
8866,-5.979359692908129
8867,-2.1500846158347633
8868,-4.695679689948744
8869,-7.47885465941307
8870,-0.6942487077292885
8871,1.8227475912042916
8872,8.513976688253688
8873,-6.75986056019831
8874,5.869275162095519
8875,-5.776512921955208
8876,-6.846850673990017
8877,4.305643850786275
8878,2.4859792242768517
8879,1.88951763749711
8880,-6.939964657228259
8881,-3.1252277921396256
8882,1.1849252478016865
8883,1.1020288571941923
8884,-4.7336862216343185
8885,0.3755224714083347
8886,0.7562128173529201
8887,-4.408109365028389
8888,0.309966262604527
8889,2.2063231591400427
8890,-7.1448625699221555
8891,1.063697636764456
8892,-8.20053426463042
8893,-6.449499313439877
8894,3.8307366105284926
8895,-2.6074079621440642
8896,-2.898998519212416
8897,-4.7508893062435655
8898,-0.4519696767532686
8899,-6.3920200771682225
8900,-1.397607071967908
8901,1.037964167675804
8902,-1.8724253416572125
8903,0.7185291953872563
8904,1.647083849333609
8905,-3.570504191462487
8906,8.548826452507571
8907,-1.1893925114915278
8908,-1.6030161701106134
8909,-6.75986056019831
8910,-5.942180879608679
8911,7.825285875799241
8912,-1.0233268248875365
8913,-7.347015289737386
8914,0.29092691233274603
8915,-1.198351287585057
8916,3.233694652477662
8917,-4.2554106781553305
8918,2.511723946996062
8919,-2.84976291825915
8920,-2.6606850415929264
8921,-5.0196862360204975
8922,-4.951082831956107
8923,0.10446610512366972
8924,-7.950091817414355
8925,-3.13269611128766
8926,-3.6054182563941364
8927,-7.079040989673462
8928,10.293221771419532
8929,1.54749743296891
8930,2.8577194386664226
8931,2.6743832207288394
8932,-4.57386009305384
8933,-0.6664952671372391
8934,1.5464863983320307
8935,-0.44057844140589936
8936,-4.226243639149517
8937,0.2394345560396544
8938,-0.0137261386873333
8939,-2.135505797439748
8940,-0.46026802092876506
8941,4.18333919826631
8942,-1.5975336777018856
8943,-5.63945551313663
8944,0.4314424790114666
8945,-1.071223217512394
8946,2.6104839249865703
8947,2.0297167664853673
8948,6.3864289819981614
8949,-8.113582108622033
8950,12.672415000348455
8951,3.042674519456688
8952,2.0228085832503537
8953,-1.2146321609708082
8954,-0.19620659234716875
8955,1.6534336154216422
8956,-3.2419810349892124
8957,-4.9331303019729305
8958,-2.992444843045039
8959,-4.408109365028389
8960,-0.8991868692726586
8961,-0.7935077484960553
8962,-7.27159920262177
8963,-0.8431351116541035
8964,0.09055140924347604
8965,-2.397874121386967
8966,-0.10510080310133985
8967,-3.4682914646144196
8968,0.5744396256042816
8969,9.412963738966496
8970,-7.016024555823032
8971,-6.3920200771682225
8972,2.301400224549516
8973,4.128075797734791
8974,-5.979359692908129
8975,0.3862156019970898
8976,0.43828777088486737
8977,-7.47885465941307
8978,-2.517621608310982
8979,0.7372739356310678
8980,-3.0392980759806623
8981,0.8944318779227314
8982,-4.367175962647734
8983,0.5125804147307398
8984,-3.2330152565849475
8985,-1.6319088145048135
8986,1.1774467890859812
8987,11.973882047950923
8988,4.015784608358021
8989,-0.5261123701158028
8990,1.5469615376385335
8991,-4.109853413110777
8992,2.879765009866836
8993,2.540439914470687
8994,7.795154261484709
8995,2.283422219347702
8996,-1.9408518638384966
8997,-3.5087733239740886
8998,2.080639622003102
8999,-0.31724650184281566
9000,4.36165786233094
9001,-0.2661460304426394
9002,4.815089157311567
9003,-3.58634910810717
9004,-3.9256606740703903
9005,0.5202172275514041
9006,0.7381616264002034
9007,1.4487282541548343
9008,0.6982062673225862
9009,0.05601039707526079
9010,5.31456505045885
9011,0.17510444452537466
9012,-1.8829602222042823
9013,-3.3714810771424686
9014,-7.2890809054635195
9015,-1.1824008430320645
9016,4.026006579744738
9017,-0.2687340346547564
9018,-5.873753128245567
9019,2.4115337798383454
9020,-1.4425002087270529
9021,-4.336278261718886
9022,5.265864473836675
9023,-3.666265463277836
9024,-6.3411030287252075
9025,1.6102843241958125
9026,-1.6951054058042105
9027,-3.330576441857748
9028,-7.6869161850962655
9029,3.5086345556444836
9030,-6.086368034652661
9031,-4.408109365028389
9032,-7.950091817414355
9033,1.4348345783207188
9034,1.392705978573398
9035,1.4573869587221036
9036,-3.76919254564167
9037,-2.4273781026905517
9038,-3.7345326539514643
9039,0.9692730357826834
9040,-2.7506844611548527
9041,-4.7508893062435655
9042,2.8103095158656526
9043,2.753955570055118
9044,-5.814410778680124
9045,0.33426258067993686
9046,-3.472655670793186
9047,3.901648532202197
9048,-4.166193932073778
9049,0.37195247299600953
9050,4.1777352325039345
9051,-0.4513777774680961
9052,-6.916028708306249
9053,-6.75986056019831
9054,5.233614206228764
9055,-5.776512921955208
9056,-6.846850673990017
9057,0.7682105724646147
9058,5.021730994729406
9059,10.167106065838116
9060,-7.222105234011889
9061,0.1249217641250806
9062,-1.5967982317513745
9063,-4.625064826999184
9064,-5.982785660466252
9065,-5.0196862360204975
9066,0.558053595402185
9067,-4.408109365028389
9068,-3.8043663157836325
9069,-3.3163993238643545
9070,-8.009753395325657
9071,2.4739739790789512
9072,-1.244027651452078
9073,-6.449499313439877
9074,0.3817542658458315
9075,-6.177447787205126
9076,1.0466235826810093
9077,-0.5339899217914752
9078,-1.8539875834437034
9079,-2.177637665930015
9080,1.905468813179981
9081,1.9593129667120337
9082,-5.912826861781454
9083,2.353220124613794
9084,-0.9432544156831641
9085,-1.0484561397612686
9086,-1.7916923533127365
9087,-5.63945551313663
9088,-4.379949539872868
9089,-5.084375162709895
9090,-5.97703477672037
9091,-6.554371158357435
9092,-3.8104606359960758
9093,-1.778535098502723
9094,10.221339143478925
9095,-3.8112413000658547
9096,1.2128654850361902
9097,-1.7522001703699548
9098,-0.9515153202366857
9099,-0.7388346059140948
9100,-1.402467611047201
9101,-0.9546361720439707
9102,-4.0096990455729085
9103,-4.408109365028389
9104,-3.2911504497854107
9105,8.293893745326672
9106,1.9190883389243518
9107,-5.601886603295747
9108,5.250210937100768
9109,-0.8060420380816647
9110,6.5342246660204495
9111,-2.3254389500910606
9112,-1.1230797375931265
9113,-1.137515718538579
9114,-4.172347798662836
9115,3.304302017182546
9116,-5.814410778680124
9117,2.6214740865946906
9118,1.9900049839917828
9119,-2.381168958354084
9120,-4.713029822588696
9121,-7.47885465941307
9122,-3.3924010999785064
9123,-2.6237284092423314
9124,-1.0082726101795345
9125,-2.301885315079382
9126,1.119847189487694
9127,-0.4926669489846147
9128,1.1831091438846204
9129,2.3658662975915083
9130,4.182859038596279
9131,-3.8112413000658547
9132,-7.222105234011889
9133,-1.5392707332804725
9134,-4.415626952349274
9135,-1.1386733779377294
9136,-7.6869161850962655
9137,-0.11574820010228348
9138,-6.086368034652661
9139,2.3673502080721396
9140,-0.9188144127326852
9141,1.5772813417735088
9142,-0.7439500929374738
9143,-4.79755471973847
9144,-1.0682582235092832
9145,1.5858674422640326
9146,5.096778760914561
9147,1.315284767824808
9148,-4.57386009305384
9149,2.322037898955809
9150,-5.707085642876299
9151,0.5846352107433821
9152,-0.004441569933275387
9153,1.0925117537570177
9154,0.9092855543692513
9155,-0.642277009829761
9156,-4.713029822588696
9157,-0.7084349342600462
9158,-4.717285357199961
9159,-5.63945551313663
9160,0.8216031012138462
9161,-2.505410287523599
9162,0.31662545393474073
9163,1.0342759526360599
9164,0.09843609648702767
9165,2.3485291832053745
9166,5.6667205965730005
9167,0.24056477739658888
9168,0.8733395126739847
9169,-0.9343893331429274
9170,-0.5531572896617543
9171,-1.4097868637296744
9172,-6.855714725285611
9173,-5.0196862360204975
9174,-0.8938793285033064
9175,1.3707258082281202
9176,-8.19632376112347
9177,-3.246026484943918
9178,-0.6026206104360773
9179,2.1891307720666235
9180,-3.6229564493884983
9181,-0.10708770410738833
9182,4.563047653334037
9183,4.077530368071315
9184,-2.7030498353819916
9185,-0.12915811242201553
9186,-2.3723821797419826
9187,-5.322036073695684
9188,2.8800594941158115
9189,-4.4437747863287775
9190,0.7389640549373696
9191,-1.1788907257023276
9192,-2.905315882285077
9193,-2.5654497942790733
9194,-6.595500917898779
9195,-1.4530976401529414
9196,1.3937119698722567
9197,-2.228067861597226
9198,3.8378256904487644
9199,-4.0624637031602635
9200,5.481701219972678
9201,-1.3557940540611364
9202,-4.2385485923912904
9203,2.4558271370146607
9204,0.8834638619557278
9205,7.851208523758548
9206,1.2139922575861752
9207,0.38790683695220274
9208,-6.199136643895083
9209,-4.915082489777053
9210,-1.5033951497774993
9211,-4.408109365028389
9212,-3.5276617768604446
9213,-0.46703108943582894
9214,1.916275911541418
9215,2.3242033294762945
9216,-5.832651030618271
9217,-6.449499313439877
9218,-4.303019267683095
9219,-6.177447787205126
9220,-2.5399305664939704
9221,-4.7508893062435655
9222,1.7698561407263373
9223,-6.435547548058303
9224,-2.5196698636972785
9225,-2.506215446559699
9226,4.102158370317139
9227,2.5427813549273948
9228,-0.9085130912135133
9229,-2.46923570234946
9230,-0.8580747545498599
9231,0.21778222752666343
9232,-5.445641519286708
9233,-1.348950665181631
9234,-3.252782911925943
9235,0.12250053217261136
9236,-1.954818080535842
9237,4.458734470399166
9238,0.7221724711549564
9239,-1.4968741613804
9240,-4.14182013219431
9241,4.96759233360947
9242,-8.167333768496407
9243,4.9918654594406675
9244,-5.811853508032292
9245,-3.0554243213546983
9246,-0.6386713640206785
9247,0.7167218654451455
9248,11.794450548641926
9249,10.382420174863215
9250,0.840173326812943
9251,-3.170729473123033
9252,8.027018562889717
9253,-6.449499313439877
9254,8.19262043176822
9255,0.09223492051741444
9256,-4.57386009305384
9257,-1.4185172045470336
9258,-2.545044707854717
9259,-2.091466821321639
9260,3.859265034218566
9261,-1.031339739109002
9262,-0.9823804063398753
9263,3.8310516981647273
9264,-2.2375309445823963
9265,-4.705859393025129
9266,-1.8262480385094606
9267,1.0549763576926927
9268,-6.671776007864306
9269,0.7899659327294632
9270,2.33998607271805
9271,-3.2189080602843374
9272,7.702481846809667
9273,-3.144479104127657
9274,2.848286153665696
9275,0.2471895781105653
9276,-7.222105234011889
9277,-1.749311127373709
9278,-8.017154457978824
9279,-4.522573381019703
9280,3.236264574369197
9281,-1.3586607739957501
9282,-6.086368034652661
9283,-4.069870912478275
9284,-8.14582576887286
9285,-1.0480113888077105
9286,6.8316312851088075
9287,-4.313560706530978
9288,-5.297295939108493
9289,1.2092181666966897
9290,6.571366016258523
9291,-6.177447787205126
9292,-4.57386009305384
9293,-1.9199598380805867
9294,0.9752015232303907
9295,0.1701654851942056
9296,-5.272839826151733
9297,8.993642577131736
9298,-1.9974953673801543
9299,-4.1045469902076555
9300,4.585345149563673
9301,-6.575539242034839
9302,-7.789152522925836
9303,-3.1916080433797585
9304,8.61126790245357
9305,2.5828890354319505
9306,-1.4610901955183628
9307,1.7526561244516783
9308,13.88219115563019
9309,-4.812003896747008
9310,6.114389340928144
9311,-3.8112413000658547
9312,6.039758394135546
9313,-0.24170160091043857
9314,-7.672060336571155
9315,-6.289823155563529
9316,0.03694667212301317
9317,-4.958366171969628
9318,-0.9139881664084779
9319,-3.491534706938648
9320,-4.215849274312875
9321,-7.225219185278431
9322,3.448522042685897
9323,-0.1274431747062561
9324,-3.8135977893613613
9325,-5.951361736483896
9326,-4.303019267683095
9327,-0.2665209430412627
9328,-1.8987044905126955
9329,2.4322681299657503
9330,-1.513028584980101
9331,5.119136495818372
9332,-5.370439877480578
9333,2.6206091688768662
9334,-0.5240656583910259
9335,3.244903301236607
9336,-0.5188929602298361
9337,5.477888159530207
9338,-1.009898550394964
9339,-5.63945551313663
9340,-1.4985000900054577
9341,-1.900909431102058
9342,-2.9860001011427864
9343,-2.049522007457247
9344,-4.7754944812841265
9345,-0.07007759679741155
9346,-2.8114215605711577
9347,5.501847023260327
9348,5.323550807914794
9349,0.32627517552051
9350,-8.167333768496407
9351,-3.090842040898629
9352,-7.515785421151646
9353,-1.263202817217073
9354,2.0743413447288317
9355,1.540921509339285
9356,-8.070210885599469
9357,-7.225219185278431
9358,0.9427587191622847
9359,3.314185401718662
9360,-8.123482002663863
9361,-6.712722533270138
9362,5.770668082184537
9363,-4.474807404499053
9364,-2.8806356853639787
9365,-4.7508893062435655
9366,2.330429825443913
9367,-5.9618183802771565
9368,-0.3143641939419448
9369,5.995389175289515
9370,-7.7960777243380415
9371,9.540488066186388
9372,-4.713029822588696
9373,-2.0128063058518597
9374,-7.789152522925836
9375,2.578839096650812
9376,14.509454954100754
9377,4.477263395746134
9378,-0.9857681286644219
9379,-6.554371158357435
9380,7.2820833485902785
9381,-2.2137932356799452
9382,5.716075875645696
9383,-0.396943613168222
9384,-2.8509933756829224
9385,0.08082126521474597
9386,1.6723710249000594
9387,-0.8089462340938578
9388,-2.439520484469756
9389,-5.0196862360204975
9390,2.988066499773017
9391,-4.5305122827700774
9392,-8.228618906640465
9393,-7.225219185278431
9394,-7.840005160402448
9395,-7.079040989673462
9396,2.6156992451816574
9397,-3.6387481058749467
9398,4.194988326016199
9399,0.9746537632342058
9400,-4.57386009305384
9401,-2.4286179441610285
9402,-0.11711599712578469
9403,-6.435547548058303
9404,0.10523424921878011
9405,0.6518614465875956
9406,-5.527541055978085
9407,-1.810670020369831
9408,-4.713029822588696
9409,6.330916282830231
9410,1.836111130632038
9411,-0.0796377005068378
9412,2.670081355217482
9413,-6.75986056019831
9414,-5.97703477672037
9415,-1.4498180292091951
9416,-6.846850673990017
9417,-6.08370064413844
9418,1.8154557734539853
9419,-3.8112413000658547
9420,-0.648933652343263
9421,-2.5173407680685975
9422,-2.3916219403298737
9423,-0.8753485428664453
9424,-5.063666125331459
9425,-6.10175347775411
9426,5.3053909276823585
9427,-0.7046879139357198
9428,-7.990527010574404
9429,-7.225219185278431
9430,4.591238104040651
9431,-7.079040989673462
9432,-8.228618906640465
9433,-2.3850901393634745
9434,-0.5587158623071458
9435,-6.177447787205126
9436,-4.554172733374979
9437,-3.463684687519405
9438,-4.788181013869719
9439,-0.8566122561433563
9440,-5.104264520883512
9441,2.451338557872276
9442,-7.7960777243380415
9443,-0.6832522619403618
9444,2.5858609254337273
9445,-1.257425100305806
9446,2.578711061940121
9447,4.572014459906333
9448,5.821516651940907
9449,5.142250294596329
9450,1.4008810688495674
9451,-2.283209114346329
9452,-2.1110758379528547
9453,-3.2177911616608554
9454,-3.4000448470180795
9455,-3.8112413000658547
9456,-7.460093693985794
9457,1.1676226137334524
9458,-0.4116340472657465
9459,-6.2669917289257375
9460,-7.6869161850962655
9461,2.5877790475179645
9462,-0.18730729021183168
9463,3.3243407643156866
9464,-2.0829504841277964
9465,-0.04966608976854081
9466,-8.009753395325657
9467,-1.86826481868531
9468,-4.7546642230647915
9469,4.304151725440628
9470,-2.365087515440311
9471,-0.33939461158155027
9472,-3.7606639196005553
9473,-4.7508893062435655
9474,1.1997808090948499
9475,1.5806741245542657
9476,-5.814410778680124
9477,-5.699396450790236
9478,-7.7960777243380415
9479,0.7083149344803075
9480,-5.315878175955994
9481,7.140071685273499
9482,1.979771051989279
9483,-1.8504565523967382
9484,-0.7800671446099634
9485,4.710265311084723
9486,-0.8817073652819413
9487,-3.614541196177475
9488,10.645351655103918
9489,-2.756486150372859
9490,9.21330007513164
9491,-3.8112413000658547
9492,9.614049747513256
9493,-2.572477369062227
9494,-4.783876119265498
9495,-1.6658580122105011
9496,-2.7085783853947216
9497,-5.270584594692499
9498,-6.086368034652661
9499,-4.5305122827700774
9500,-8.195303637943814
9501,-7.225219185278431
9502,4.246945957830947
9503,-4.919480050496906
9504,-4.75455837083847
9505,-3.137054359736629
9506,-4.303019267683095
9507,-1.073690770252277
9508,-4.57386009305384
9509,0.47864315065727236
9510,-1.4656640548705988
9511,0.42675443824335774
9512,-1.5274247372266196
9513,-0.298926588100461
9514,-6.234748574238342
9515,-2.327498050627474
9516,-0.7894438508619208
9517,-0.49809592320133866
9518,-2.807250823557764
9519,-2.887777007250264
9520,-5.554211028441589
9521,-2.187976298988189
9522,3.6854959368535436
9523,-6.554371158357435
9524,-6.846850673990017
9525,2.1819831499973543
9526,0.1225832170761873
9527,-2.889466469498857
9528,2.5084408881641003
9529,2.559735418159513
9530,-5.608525263866769
9531,-4.73873935784229
9532,-0.8785091103155676
9533,-6.10175347775411
9534,-0.7976711093683465
9535,1.5741347863456259
9536,-8.20053426463042
9537,8.883655821761133
9538,0.8532587643157274
9539,-7.079040989673462
9540,0.9494262857991573
9541,-0.4997189447977082
9542,3.0802880168541162
9543,-1.5264829000434599
9544,-4.575374462086388
9545,-1.3851304112032623
9546,2.0834686330408654
9547,5.211203438077352
9548,1.1986486432589971
9549,0.8994450036088428
9550,0.4573542637477638
9551,0.22528276425454852
9552,-5.315878175955994
9553,7.106452502885438
9554,0.9302671936502555
9555,1.5746226411279332
9556,-6.299899197251402
9557,6.52244051302641
9558,-3.112863260720606
9559,7.138307691741046
9560,2.938107767019167
9561,-3.5459786704314515
9562,0.15512481671004408
9563,-1.0539200691935078
9564,-7.551468348878199
9565,-4.576328945815925
9566,1.7282531883131238
9567,-1.9369401978269924
9568,-2.696677155646741
9569,1.3970563686064172
9570,4.31369788425931
9571,-1.2598092788333846
9572,-0.4701816550334097
9573,-7.225219185278431
9574,-8.009753395325657
9575,3.0405561983345493
9576,-1.3354303406888604
9577,-6.897286979412252
9578,14.913777868450065
9579,5.552243501612657
9580,5.551087521152495
9581,7.097070512267977
9582,-0.8868850994667358
9583,2.242342628145219
9584,-5.814410778680124
9585,-2.7224170643243752
9586,1.656437332669833
9587,0.8058991747153006
9588,-5.315878175955994
9589,0.7563723328346745
9590,-3.302875712383442
9591,3.737998740208036
9592,-0.41576993537753304
9593,-6.75986056019831
9594,-5.97703477672037
9595,-6.554371158357435
9596,-2.1313073186487315
9597,-4.610934540385941
9598,0.35479958367211273
9599,-2.4283281989322973
9600,-1.8401353850566
9601,3.4572653708596492
9602,-0.6890430626587021
9603,-6.289823155563529
9604,-7.6869161850962655
9605,-2.7683266359332244
9606,-6.754862097835057
9607,3.743027617407898
9608,-1.2718660854333441
9609,-0.3136250131935099
9610,0.7323411437190652
9611,-7.079040989673462
9612,-3.534221363416614
9613,-1.4823284663835983
9614,5.287285209333187
9615,-6.177447787205126
9616,-3.447921525729441
9617,-0.9344034843704219
9618,-3.0531452841980324
9619,-1.1464088669966204
9620,3.676251885048493
9621,2.262848483797594
9622,2.8702627863794925
9623,-1.1525756541994105
9624,-2.139593372750653
9625,1.287399475243418
9626,4.531521027886151
9627,2.117186241435956
9628,-2.492851050047682
9629,-2.115099441713667
9630,3.0428611453942014
9631,-0.9880072149847918
9632,3.558827142525923
9633,7.318478589104689
9634,-4.2385485923912904
9635,-2.4806711271953232
9636,5.2515978896133415
9637,-3.005786217443635
9638,-3.3797584672105954
9639,4.166705560390613
9640,-3.6801940074684993
9641,0.22335064438251906
9642,-6.754862097835057
9643,-2.69186224266912
9644,-0.8856273031294593
9645,-7.992849170889012
9646,-5.212763554414859
9647,-7.079040989673462
9648,-1.93367922388109
9649,10.66204031072764
9650,4.665065080369776
9651,0.508631552783195
9652,-4.575374462086388
9653,3.6228165889728965
9654,2.724857300619626
9655,7.152208027688028
9656,-0.7234791219816981
9657,-3.3392707493076648
9658,0.16235492524584472
9659,-4.180215284907101
9660,-5.315878175955994
9661,-7.47885465941307
9662,4.293856413972749
9663,-5.251373542315005
9664,4.060250772963818
9665,0.06655170507253405
9666,0.12287031173011201
9667,-4.532404133385695
9668,0.7285058361374741
9669,-5.840658490220108
9670,-2.352585758391942
9671,-3.8112413000658547
9672,0.00524736260005354
9673,-1.3363722644111886
9674,-3.3054602300853837
9675,0.2787789730762873
9676,-7.429312693550202
9677,-1.6583651222909457
9678,-0.7602347307187252
9679,-4.282890244030393
9680,2.573669016634902
9681,0.7039935099768719
9682,1.244760231130684
9683,-4.489504916086833
9684,1.1233520887696116
9685,-1.2119957343348053
9686,-1.9620133818311247
9687,-5.787403835641715
9688,2.8523246734015406
9689,3.749407957778574
9690,1.1215448488047786
9691,4.128662712512126
9692,-2.965194281719268
9693,1.3173162684780304
9694,-7.7960777243380415
9695,9.437718552974198
9696,-5.315878175955994
9697,9.915610066643957
9698,-1.4387635913018952
9699,3.3960302594750713
9700,-4.920284409243108
9701,-7.219714589381532
9702,3.0837670731310216
9703,-0.8931155271176815
9704,-6.3741412901940615
9705,-0.7477355957856662
9706,-4.218364311215389
9707,-3.760425030005785
9708,-0.15890404655371
9709,-2.8650563467709933
9710,-1.5584457148848982
9711,-1.000047998482039
9712,-7.6869161850962655
9713,-6.10175347775411
9714,-3.673508068671647
9715,-3.056885394345965
9716,2.3499794023923046
9717,4.128448769149685
9718,6.3301633395144075
9719,4.505066064685392
9720,-8.221485285264315
9721,-4.702207958190112
9722,2.6091620503709847
9723,-5.4029483719548725
9724,-4.545404976070602
9725,12.522154329350968
9726,4.677990656173606
9727,-2.1056165488847
9728,-1.0766790465188947
9729,3.0928037975607467
9730,1.051504108130789
9731,3.7675628833854686
9732,4.205343308551913
9733,-6.1356310898849955
9734,-7.789152522925836
9735,0.5347400070242223
9736,1.7260340634391191
9737,2.1019534016585197
9738,-4.081715449052722
9739,-3.4234715730905023
9740,6.104306782454696
9741,-3.163346241894874
9742,-3.2957531761313072
9743,-3.137667778068699
9744,-1.7827396691346298
9745,5.61161243349339
9746,-8.167333768496407
9747,4.12617166613045
9748,-0.07941441346859435
9749,-4.840623632939935
9750,-5.9314134890165695
9751,8.974737576678445
9752,-4.25231642484365
9753,-1.539179377138737
9754,-2.059076002593881
9755,-6.574052473912411
9756,6.276882781579214
9757,1.5219969322379154
9758,5.6083588692707576
9759,-1.7989190864289857
9760,-3.3865560308550053
9761,-4.8308950906234935
9762,7.352837518222133
9763,4.291127109713553
9764,-5.814410778680124
9765,-1.2151089995796052
9766,-2.8358091671236174
9767,-2.3740831885362117
9768,3.7673644559154997
9769,-7.47885465941307
9770,4.935552416014344
9771,-0.8242819800734236
9772,-6.916028708306249
9773,-2.844904649384734
9774,-3.5453088867595857
9775,1.146791121179989
9776,-0.7906891496198165
9777,-4.000947720621141
9778,-0.6373914348652576
9779,6.935289109365586
9780,-7.557378174631628
9781,-2.8151874569555595
9782,-7.900970397819963
9783,2.2151581299312455
9784,5.228822377707209
9785,-6.10175347775411
9786,4.477472207936936
9787,14.588558221071997
9788,5.196082782199815
9789,-7.992849170889012
9790,3.2564320431846756
9791,-4.585087383594727
9792,-8.228618906640465
9793,-6.897286979412252
9794,1.7421549881082923
9795,-6.177447787205126
9796,-1.6171306151914335
9797,-1.4595787213164666
9798,-3.646277298924079
9799,2.431283278903619
9800,-1.9577189351528785
9801,-5.699396450790236
9802,-7.7960777243380415
9803,-4.244083628673992
9804,-4.0990531730889135
9805,0.4339352153022946
9806,-1.751181027617425
9807,-5.071360211499994
9808,-0.09185800223636703
9809,-1.1396410540581052
9810,-3.027279041997109
9811,-6.164235981508998
9812,-3.9409117638686113
9813,-7.5248782110344985
9814,-0.059202617983014516
9815,6.767756108094478
9816,-5.923135357895513
9817,-0.8887739712192446
9818,1.14077529963043
9819,-0.8050818921929933
9820,0.5499603001157582
9821,-6.10175347775411
9822,-2.8306601446514525
9823,-4.5305122827700774
9824,2.832032658225488
9825,1.3696752193019854
9826,2.1807014589219946
9827,-4.48343434688536
9828,2.028048966775458
9829,-6.897286979412252
9830,-4.303019267683095
9831,-5.730675144009822
9832,-2.026171192027393
9833,-0.13718868173056298
9834,-4.56209307845171
9835,4.831334914329509
9836,-2.034845173621984
9837,-5.699396450790236
9838,-4.16640562339835
9839,-4.244083628673992
9840,-1.8300016385647304
9841,3.750797275791073
9842,0.26715028002209484
9843,5.2842723759079995
9844,-1.1833851372945547
9845,-7.219714589381532
9846,-2.924000770219275
9847,0.12295096784232085
9848,-6.846850673990017
9849,3.060609564663736
9850,-0.23808198593280583
9851,-3.8112413000658547
9852,1.3557832376909609
9853,-3.3429350035475953
9854,-8.167333768496407
9855,1.134714830858139
9856,-5.550355903292063
9857,3.5934324529341737
9858,-2.677688052723653
9859,3.8938599767306834
9860,-3.4581688190495314
9861,-3.151150814386006
9862,-4.384306668099075
9863,-1.211886870605644
9864,10.806741088552748
9865,-6.897286979412252
9866,1.9886432261049147
9867,-1.6830285551322062
9868,-4.575374462086388
9869,-4.8308950906234935
9870,-4.842144812150866
9871,-6.083468683206637
9872,3.7657705825706262
9873,-2.402872212762883
9874,-2.719353100439331
9875,0.454101571166712
9876,3.946724423183161
9877,-2.744624304454535
9878,-6.478886338975409
9879,-3.6787357094881137
9880,2.8745205692030997
9881,-7.219714589381532
9882,6.604219531434238
9883,-0.47027507386288325
9884,6.612163249439303
9885,-3.6436686364521416
9886,-0.8167932065566124
9887,-0.5983835839199738
9888,-4.085603526342101
9889,4.309231539034391
9890,-5.216686929596823
9891,7.972967794197835
9892,-2.682383621335702
9893,5.65843620520088
9894,-1.0695988745570375
9895,-4.5305122827700774
9896,-2.988007913785215
9897,-7.992849170889012
9898,-0.7966065897504069
9899,-3.463265144542425
9900,-2.597138283751425
9901,-6.667477089989287
9902,-3.9828074405750478
9903,3.0778723980311815
9904,-2.051537406705834
9905,-4.8308950906234935
9906,-4.0077311972971446
9907,-2.111860440989203
9908,5.0758801597605725
9909,-5.699396450790236
9910,-7.120120712562868
9911,-4.244083628673992
9912,3.9659860506798057
9913,-4.209075394025361
9914,-7.789152522925836
9915,-5.54867096264599
9916,4.800561530003262
9917,0.8021408104127041
9918,-5.264410020812857
9919,3.912323852734839
9920,-6.846850673990017
9921,0.2589326388455404
9922,-4.2385485923912904
9923,-2.553219972671811
9924,1.7702610399148264
9925,-2.603610169986498
9926,-7.972514689094977
9927,-6.077522542425358
9928,3.687776605492694
9929,-5.59356724547185
9930,0.8217707217454497
9931,0.6495187419785369
9932,-4.886476401764617
9933,-7.992849170889012
9934,0.19959583709012874
9935,-0.1345822493725044
9936,-1.6346950117912158
9937,-1.577138915199664
9938,5.508737166955148
9939,1.7156140609940898
9940,3.2574734888719226
9941,4.465150983805966
9942,-4.830593131554404
9943,-6.435547548058303
9944,-2.8846389083948925
9945,2.7271849754898776
9946,-7.943596489678327
9947,-0.7445860921483272
9948,5.141608922659197
9949,-1.0770589663885688
9950,-7.204221949363345
9951,1.2330724674511355
9952,-6.916028708306249
9953,2.337065586497514
9954,2.1012705173983957
9955,-1.348352428750428
9956,-6.306716714002538
9957,-7.515404027207378
9958,-0.10106698123338587
9959,-1.2455463305816064
9960,-0.8185881195590613
9961,7.084883017139262
9962,-5.014274666192173
9963,-6.289823155563529
9964,-6.103871439085021
9965,-6.10175347775411
9966,-3.49965570303712
9967,-4.234123416843617
9968,-3.611696505271769
9969,-0.19516843452307864
9970,-1.22352226762197
9971,-1.089779159498967
9972,-0.5533972672755834
9973,2.500821637999934
9974,-4.303019267683095
9975,-6.177447787205126
9976,-4.129439265522269
9977,-4.580233154023394
9978,-7.016024555823032
9979,-6.435547548058303
9980,0.2474086172069976
9981,3.253273350019003
9982,1.247534477245468
9983,0.16119119371456758
9984,-5.315878175955994
9985,-5.9030042378197525
9986,-7.789152522925836
9987,-4.7759520405434905
9988,-1.4523296552366387
9989,-7.219714589381532
9990,-0.5715903639991332
9991,6.04641140434568
9992,-3.0436194430079095
9993,-8.113582108622033
9994,-2.3843755706230474
9995,-3.8112413000658547
9996,1.7519446327792774
9997,2.2029861085128277
9998,-8.167333768496407
9999,-6.016195456698258
10000,-7.6869161850962655
10001,-4.624818063677099
10002,-4.476869646773716
10003,6.017207161404215
10004,-8.20053426463042
10005,1.8573575575169063
10006,-8.009753395325657
10007,-7.079040989673462
10008,0.027173439072512018
10009,-1.352793389157783
10010,0.5002863947084872
10011,-3.0936697254727634
10012,-4.575374462086388
10013,-0.6471920200337751
10014,-7.016024555823032
10015,0.17866094613675937
10016,-4.695635478064327
10017,-5.699396450790236
10018,-6.32636036199609
10019,2.275894491026889
10020,0.8507425648920881
10021,-1.005368125145451
10022,-7.789152522925836
10023,-5.63945551313663
10024,-5.865842587804396
10025,-2.2085593321185235
10026,-5.97703477672037
10027,-0.07773643073258985
10028,-1.6022122586692258
10029,-0.33757879813494773
10030,-4.2385485923912904
10031,-3.8112413000658547
10032,-7.557378174631628
10033,-1.0709928536420472
10034,-6.6858267307366965
10035,-2.9046573590610465
10036,-1.7285868810449752
10037,-0.9606237230944803
10038,-1.0845973144837733
10039,-2.8244778254960945
10040,-7.329645624095584
10041,-7.436246979932871
10042,2.078488964439908
10043,-0.510930266410728
10044,-8.228618906640465
10045,3.5886990101043486
10046,2.704989171562236
10047,-6.173583009144825
10048,-3.446321460560953
10049,-4.8308950906234935
10050,-7.037811438829674
10051,6.492649649862934
10052,11.44736159305375
10053,2.2748102860195174
10054,-7.943596489678327
10055,1.6851344528278087
10056,-1.1078468129391243
10057,-7.47885465941307
10058,-6.831893175425284
10059,-3.922666868173375
10060,-2.2142467977572258
10061,-5.359164324702143
10062,-5.97703477672037
10063,5.698656485555631
10064,0.4677085079986867
10065,-8.12177515232899
10066,3.9916693826203327
10067,-3.8112413000658547
10068,3.575238145588851
10069,0.7353897230100965
10070,-5.908285568854885
10071,-3.963838143339013
10072,1.1120842676499203
10073,0.9453753964895157
10074,0.4522446540887515
10075,-2.9973156648925743
10076,-7.497081033649232
10077,7.563400517376101
10078,-6.133055847686153
10079,-2.722339842780372
10080,-8.228618906640465
10081,-6.897286979412252
10082,3.9913673776133614
10083,3.7289078949456864
10084,-2.23070913035576
10085,-1.105857759793074
10086,6.440621770618158
10087,-2.9872579661808447
10088,-5.814410778680124
10089,3.1836747949141238
10090,-7.943596489678327
10091,-3.9682919134607775
10092,-5.315878175955994
10093,3.4302064273404707
10094,-0.8678477100058608
10095,-5.63945551313663
10096,4.542463562841762
10097,-0.4714943595232022
10098,-5.936763596034376
10099,-6.395471001740346
10100,-6.329461561059459
10101,0.8177259916866624
10102,-0.08020917682070716
10103,2.9763331633650267
10104,-6.5489390920608255
10105,1.6395265826929664
10106,-8.167333768496407
10107,-2.9470193418727253
10108,3.668097632635619
10109,-6.10175347775411
10110,-6.754862097835057
10111,-2.4137173876515625
10112,0.47071872524981945
10113,-7.975530950317501
10114,-0.20953556390162076
10115,-7.068463431120654
10116,-8.029097534206926
10117,-1.772140763200318
10118,1.7111922327232993
10119,4.132465577367393
10120,1.6745932984034235
10121,-1.3002164843687698
10122,7.129346349089192
10123,-5.967553171269985
10124,-5.814410778680124
10125,-5.54554719768173
10126,-7.943596489678327
10127,-2.563694336972145
10128,-0.16347238933731978
10129,-3.2366995342315823
10130,2.1658434029055273
10131,3.034705088856473
10132,-6.916028708306249
10133,-5.977077571720719
10134,-5.97703477672037
10135,-6.554371158357435
10136,2.088992491316196
10137,-8.12177515232899
10138,0.6567289946553867
10139,-1.5221865627897966
10140,2.1693204747283557
10141,-2.4118263143671674
10142,-5.176402949351035
10143,-3.361224152319112
10144,0.412401038914179
10145,-6.10175347775411
10146,-0.4223040032732488
10147,1.1758151895399571
10148,-8.20053426463042
10149,1.0139841011960575
10150,-6.013941849010912
10151,-4.564568581885451
10152,0.884473537363883
10153,-0.3645952833535262
10154,0.41459334146225224
10155,4.419905898707846
10156,-4.575374462086388
10157,0.511930845417818
10158,7.867429409560247
10159,-5.845665460892604
10160,-5.814410778680124
10161,1.5361914413365803
10162,-7.943596489678327
10163,-1.4854842413740714
10164,-0.7979827851262442
10165,-2.76503176509524
10166,-1.3572351644263012
10167,1.9890092065884244
10168,1.985681046325185
10169,7.136491003650865
10170,-4.680890383186807
10171,-3.121872949261558
10172,2.1970683546771417
10173,-1.7457737889048772
10174,-4.2385485923912904
10175,-3.8112413000658547
10176,-7.557378174631628
10177,-2.9801343349354514
10178,10.818453477969975
10179,6.1384023938708765
10180,0.6923146547891812
10181,-3.0893128546685196
10182,3.6227410379726646
10183,0.8366029382997919
10184,-2.8444134697816654
10185,-8.020786223474197
10186,-0.2756264673014508
10187,0.22612082612070314
10188,-6.53666431831174
10189,-7.4906556208177015
10190,-4.303019267683095
10191,-5.4409607107818925
10192,-6.187023479144008
10193,-0.2541974967498918
10194,-2.8506077942954513
10195,-6.557708406719415
10196,0.32683287983616083
10197,-5.699396450790236
10198,-7.943596489678327
10199,1.1901536738771217
10200,4.27616791812776
10201,-6.600085054642706
10202,-2.500805192493978
10203,-5.63945551313663
10204,-4.409020389260464
10205,-2.731171835456036
10206,-5.97703477672037
10207,-3.240539063691428
10208,-6.846850673990017
10209,2.818289454036041
10210,-4.2385485923912904
10211,-1.873173245675058
10212,-0.11593736570766744
10213,-4.576328945815925
10214,-0.8132977759224467
10215,-4.387858029909151
10216,0.5160339203409398
10217,-6.10175347775411
10218,3.300180341626353
10219,0.21509146144204888
10220,-0.5080245338346743
10221,4.962034625584086
10222,-2.8694699835091093
10223,-2.8988750346845213
10224,-0.9085022431587177
10225,-4.604689293051192
10226,3.9716241239939594
10227,-6.177447787205126
10228,3.352069382295369
10229,-4.845546445024689
10230,0.1812202077396532
10231,2.3128458096607902
10232,-0.2710730329129236
10233,3.757756964223649
10234,-7.943596489678327
10235,-4.244083628673992
10236,-3.8413274526988506
10237,0.5231533804753726
10238,-6.999323561530289
10239,-0.17865326363766887
10240,-4.384264320504765
10241,4.4218947501135215
10242,0.18855542231612565
10243,0.1581707487450108
10244,-2.9603528858402797
10245,-8.12177515232899
10246,0.0017114420290350596
10247,-0.9990431232439234
10248,-8.115133230680785
10249,2.803934712888309
10250,-8.167333768496407
10251,3.917445187173236
10252,0.301193371860081
10253,-5.681723737668155
10254,-1.8734640407225247
10255,-2.367129056675427
10256,3.141283955373402
10257,-8.020786223474197
10258,-2.159634949405009
10259,-7.079040989673462
10260,-1.3086563989401956
10261,-0.01118535259225062
10262,-1.6611308602476766
10263,-5.738226660143151
10264,-6.187023479144008
10265,-4.845546445024689
10266,-3.207171807543892
10267,2.5243626170181943
10268,-5.814410778680124
10269,-2.5520805603562597
10270,-7.943596489678327
10271,7.872658853620736
10272,-1.1616204645324317
10273,2.8839463414002724
10274,0.554581400998474
10275,-0.28568547666788335
10276,-6.916028708306249
10277,-1.6274938732871944
10278,-5.075948161240488
10279,0.6467704382931412
10280,-6.846850673990017
10281,-1.4609467176780293
10282,-2.523987318912973
10283,-1.3900322641632257
10284,-8.115133230680785
10285,-0.9960677854800757
10286,11.191112440283455
10287,3.7298475392734924
10288,-1.7745792469024462
10289,-2.106418118549768
10290,-6.989649382464252
10291,3.921558956536275
10292,-7.113570028478772
10293,0.8234382081166158
10294,1.2701062880795406
10295,-4.9426213548565965
10296,-8.228618906640465
10297,-4.153141670091449
10298,-2.3558781210855604
10299,-0.1211197763974905
10300,-1.0613241896665135
10301,0.23236678173119674
10302,-0.7872036941271107
10303,4.892522076135515
10304,-1.7894485158288034
10305,3.594053679247634
10306,-7.943596489678327
10307,2.957741923627458
10308,-0.9724320899489418
10309,-6.765733309360831
10310,-8.022571267535822
10311,1.5456067600288887
10312,3.4003291433609
10313,-1.8021830225349837
10314,-3.2180388754937024
10315,1.4081199968404774
10316,-3.083993783362817
10317,1.0960621288791481
10318,-4.2385485923912904
10319,2.706503312518272
10320,1.4321201072524916
10321,-4.576328945815925
10322,-1.9697502497719264
10323,2.3259364634963364
10324,-2.9483534485513703
10325,-6.10175347775411
10326,-1.0150360634551268
10327,6.915589735971176
10328,3.060384600850349
10329,-5.668743157750602
10330,9.766115246448742
10331,-1.0324179860868394
10332,-4.233489923336971
10333,1.533084482702801
10334,-4.303019267683095
10335,0.021695365771147723
10336,-4.6180141234859615
10337,0.1724185869913164
10338,-7.037811438829674
10339,-1.866780924067537
10340,1.032714178877517
10341,-1.6479717881450275
10342,-6.491113699283721
10343,1.5957730957327405
10344,2.321570393743224
10345,-2.904833733003268
10346,-5.688181847773558
10347,5.238884597069273
10348,2.8264071032591422
10349,-1.4192254081295892
10350,-5.97703477672037
10351,-3.6485865000540425
10352,-6.846850673990017
10353,-8.12177515232899
10354,3.037410654733126
10355,-0.3949176758328795
10356,-5.960813679208375
10357,-2.298292561256858
10358,2.3544591061997915
10359,-3.43413578231001
10360,-2.3559687343273454
10361,6.1532750067563455
10362,-1.019021728212162
10363,-4.5305122827700774
10364,-4.168597660206946
10365,1.9152136211201831
10366,-8.07574031423655
10367,-0.6490550831175697
10368,-8.228618906640465
10369,-4.2413205740679345
10370,-1.5260147095678667
10371,-6.177447787205126
10372,1.0009151476165024
10373,8.843798956219867
10374,-7.037811438829674
10375,-6.557708406719415
10376,-0.20643214056827608
10377,-0.1098730662456524
10378,-6.791504204151272
10379,-4.42527543409951
10380,-3.3370306479185246
10381,1.0594075189009609
10382,-7.502283266851282
10383,-5.63945551313663
10384,9.341455799297641
10385,-0.3789756255277905
10386,-2.8455141428383843
10387,-4.735629502753481
10388,-6.846850673990017
10389,0.30230149960284664
10390,-2.5499159221920404
10391,11.280600881739314
10392,0.2192093598176273
10393,-4.576328945815925
10394,-7.402457399546043
10395,-6.289823155563529
10396,2.0819275437259224
10397,-0.6188982603933534
10398,-3.358730136497971
10399,-2.317147503163927
10400,-6.6229448056113185
10401,-7.831245957610541
10402,-2.3040065625652564
10403,-3.304629721518675
10404,-0.9836804979311159
10405,-1.004108851704135
10406,0.07938917585784969
10407,0.7852179508242512
10408,-3.709678500213321
10409,2.7154624025489764
10410,-7.037811438829674
10411,-2.3760388433560453
10412,-1.364230478014672
10413,1.0310914348492421
10414,-0.9440938454250398
10415,1.3945525103469167
10416,1.904123280300983
10417,-7.47885465941307
10418,1.425154214984917
10419,-4.760572099495333
10420,1.905941225433893
10421,-4.353099350483013
10422,-5.97703477672037
10423,3.8972582203295922
10424,-2.3536011962142265
10425,-0.148148225192564
10426,0.21792372122959036
10427,2.6386815347885286
10428,-8.115233488711926
10429,3.799473959226364
10430,-2.695968697652835
10431,1.1429355278939528
10432,1.1953421071229293
10433,-6.10175347775411
10434,-2.505164000095883
10435,-2.058360877262596
10436,-7.20802351582223
10437,-5.7231297276744355
10438,-1.7627887389547365
10439,-7.079040989673462
10440,-8.228618906640465
10441,-7.4906556208177015
10442,-0.010598367725624946
10443,-0.4686017786131651
10444,0.7428943598114459
10445,0.4006655123612646
10446,-1.3536726476980165
10447,-6.557708406719415
10448,0.011049698761370408
10449,0.9025179657457953
10450,-7.943596489678327
10451,0.5369748557554481
10452,2.7461325919452726
10453,-7.47885465941307
10454,-8.022571267535822
10455,-0.20622646197279204
10456,4.097313402567126
10457,-7.219714589381532
10458,-5.7027222171496055
10459,-6.554371158357435
10460,3.1396756069409206
10461,-7.036464412814395
10462,6.350565638316062
10463,-1.25950582420141
10464,2.2868426622398705
10465,0.5434118317972052
10466,-3.6938210513255214
10467,10.723486823277
10468,-1.9186030400238172
10469,-5.14752630266764
10470,-3.8509923960568306
10471,-1.4475269044284702
10472,0.8489253755456982
10473,-6.886060712236578
10474,-8.07574031423655
10475,-4.617706351175883
10476,-8.228618906640465
10477,-7.4906556208177015
10478,-4.303019267683095
10479,-6.177447787205126
10480,-2.2328412791334107
10481,2.5106633098007096
10482,-5.716841408697019
10483,-5.973621021602131
10484,16.21427779871256
10485,1.759586915058819
10486,-6.569434613457959
10487,2.0539771094891996
10488,-5.315878175955994
10489,-6.624282661398984
10490,-6.374162257069426
10491,5.399829353377525
10492,-6.916028708306249
10493,-6.892449497604941
10494,-0.6312165264744197
10495,-2.9125431765181773
10496,1.7841517299814913
10497,-0.495923590237326
10498,-4.2385485923912904
10499,-3.8112413000658547
10500,0.23060547116332963
10501,0.07508804010801667
10502,-0.5619884788160725
10503,-3.6566652667681687
10504,-7.7314085343078505
10505,-3.296200028870015
10506,-5.835027389921587
10507,-3.7561037953156227
10508,2.625966627681237
10509,-3.1904692732411637
10510,2.4374890051840654
10511,10.464859453396992
10512,-8.228618906640465
10513,-2.8152778702357297
10514,8.68226551509575
10515,0.7904897179295488
10516,-5.98809035995839
10517,-0.7732415529582914
10518,-7.037811438829674
10519,-6.596829915850432
10520,-0.444500103337353
10521,1.9385225830506392
10522,1.577972150451238
10523,4.536228240937998
10524,2.849209498033761
10525,-1.6744047969824756
10526,0.16156474234872897
10527,-5.026740730519507
10528,17.898830843826616
10529,-5.4784851214154315
10530,-5.97703477672037
10531,0.4776227054264577
10532,-6.846850673990017
10533,-8.12177515232899
10534,-4.2385485923912904
10535,4.073007420724908
10536,0.5593007926384324
10537,-3.340395786357175
10538,3.345151312141851
10539,-1.415221246911044
10540,-5.93638777942417
10541,3.759716646696959
10542,-6.925108936892073
10543,-4.5305122827700774
10544,0.813038174066697
10545,-8.020786223474197
10546,1.7275405390536693
10547,-2.2130249257222956
10548,1.6732834337204923
10549,-7.191925494982588
10550,0.4913939201708972
10551,-6.177447787205126
10552,-4.343528330526318
10553,-4.845546445024689
10554,-5.334353417408039
10555,-3.1234142134928775
10556,-1.5805984050877442
10557,-0.7993990077526774
10558,-1.6719054829639914
10559,-0.22115167243072698
10560,-0.9520585839857696
10561,-2.1351313863852743
10562,-1.9974558998867833
10563,0.1733577331499634
10564,-1.9633077323026837
10565,-2.8400041688035653
10566,-3.6828207682605427
10567,-2.4763616298188156
10568,-1.2741773977306647
10569,1.320468641193056
10570,2.3782015203267783
10571,3.546469949420807
10572,-3.0837822378846766
10573,3.35786149660768
10574,-1.572381216580042
10575,-5.533037797987126
10576,1.2694656388842107
10577,-3.943099129819804
10578,-6.989649382464252
10579,-4.5305122827700774
10580,-8.20053426463042
10581,3.372724059672051
10582,-0.36049975720205363
10583,2.3611130463663983
10584,-3.2107494092511493
10585,1.5480683765498036
10586,5.92922132452515
10587,-3.1698468380120772
10588,-1.7635276482664872
10589,-3.2682379868369047
10590,-7.037811438829674
10591,-2.746476598938833
10592,0.9800022797785108
10593,-5.699396450790236
10594,-1.5703513338674207
10595,-3.2590858373075657
10596,-4.2322980417167315
10597,6.715260980212929
10598,3.5264999995925943
10599,5.183931865149793
10600,-5.224330640316664
10601,-7.219714589381532
10602,1.7142577638502488
10603,-6.554371158357435
10604,1.1238230333412194
10605,1.89224840169236
10606,-2.988138458480372
10607,1.937864819978028
10608,0.7632177790386621
10609,-4.576328945815925
10610,1.5098109101428245
10611,-2.5556988292826817
10612,-7.7314085343078505
10613,2.6595170261978436
10614,-6.989649382464252
10615,2.511315288723228
10616,2.0870348451712246
10617,-8.020786223474197
10618,-4.12561503338782
10619,1.3385721689856678
10620,-8.228618906640465
10621,-1.0512062513450782
10622,-1.8285679206240355
10623,4.154404206101381
10624,-1.7153308679011823
10625,3.738423204639588
10626,-7.037811438829674
10627,1.8566417666399273
10628,1.5832467373347772
10629,-3.1588670386125517
10630,2.2907069989695965
10631,2.8670917490997536
10632,-1.216568170302379
10633,-2.484895953180497
10634,1.0105353125581935
10635,2.748801909674283
10636,3.526505149688871
10637,-1.7593921246420658
10638,-2.611338540686418
10639,-3.444430374903535
10640,0.25300879885962013
10641,0.878865423510421
10642,-1.8778479413408573
10643,4.932877791794269
10644,-6.903432514418727
10645,0.3292498373528849
10646,-8.167333768496407
10647,-6.1065696338784425
10648,0.012490334918460244
10649,-2.061273835602573
10650,-1.6798465472885464
10651,-0.7812348489265102
10652,-8.20053426463042
10653,-0.8487687246767561
10654,-0.5853187932662198
10655,-0.4729492189813099
10656,-8.228618906640465
10657,-7.737595596992867
10658,-0.5976676848236866
10659,-1.3109168220379226
10660,2.0170098443269913
10661,-4.845546445024689
10662,4.749695382157979
10663,-6.596829915850432
10664,1.903252329436434
10665,5.588064069042852
10666,-0.6080882364480389
10667,0.5722746883983676
10668,-5.733363968960615
10669,-7.47885465941307
10670,-4.741140640912309
10671,-5.63945551313663
10672,7.778206354713205
10673,-7.219714589381532
10674,-4.627016932654336
10675,-6.1327853304758255
10676,0.9553807454561776
10677,-8.12177515232899
10678,-4.2385485923912904
10679,-3.1946332175811474
10680,2.6646904285660944
10681,-4.837786193803338
10682,-8.05269131656059
10683,-3.656823673068303
10684,2.5419778758944367
10685,-6.10175347775411
10686,-6.989649382464252
10687,-2.6908841627466478
10688,-0.6285768508996471
10689,2.7393279183773855
10690,-7.855732699338779
10691,0.45321556463525625
10692,-4.284616438615875
10693,-0.050972191851240356
10694,-0.3244962743277524
10695,1.3948533513164825
10696,4.3726814898536785
10697,-1.17978893404286
10698,-1.839567478506174
10699,-6.0484651815145005
10700,-5.814410778680124
10701,2.0066493636464466
10702,-7.943596489678327
10703,-2.7457794212949347
10704,2.3739215899672965
10705,1.536872568721817
10706,-8.022571267535822
10707,-4.596857950680976
10708,1.0443149053867096
10709,2.6770692013985338
10710,-4.31809358380168
10711,-3.2629525644395088
10712,-6.846850673990017
10713,-8.12177515232899
10714,-4.2385485923912904
10715,-3.8112413000658547
10716,-8.115233488711926
10717,-1.0386914042755455
10718,7.755950178280453
10719,-2.562851585650096
10720,-7.7314085343078505
10721,1.7505361235578583
10722,4.378290177820821
10723,1.4950111330436144
10724,-7.565795877803738
10725,2.968108550328085
10726,-8.07574031423655
10727,7.534358660998851
10728,4.965762990105837
10729,-7.737595596992867
10730,-4.373753469191993
10731,5.987173510049068
10732,-0.7091799990940967
10733,2.289636679447928
10734,-1.609347171408209
10735,0.46877130950891044
10736,2.705769428810957
10737,0.10643674928834379
10738,3.2425413024946472
10739,-0.47628414374596983
10740,-0.6752315179989447
10741,-7.47885465941307
10742,-2.7154222849989593
10743,-1.280708225707392
10744,-6.916028708306249
10745,-1.3001886266511375
10746,-5.97703477672037
10747,2.059409070068627
10748,-1.4385619815890363
10749,4.177237558858539
10750,-0.6032575183150382
10751,-1.2539471784296143
10752,-8.211048574807878
10753,-3.4406734202452465
10754,-7.0837445210674765
10755,0.1653482014941413
10756,-1.5044131080669794
10757,-4.8843222986044985
10758,-2.5998847013194255
10759,1.5555882336320788
10760,-2.4762749263860293
10761,16.673360634518218
10762,-6.135016037279112
10763,5.603874395513989
10764,0.5516188521064949
10765,-0.16964255048822185
10766,14.434593322390995
10767,-0.7300772635220829
10768,-2.3702422483253276
10769,0.17897072732100638
10770,-7.395680509947434
10771,-6.596829915850432
10772,2.733512789463819
10773,4.212620762039673
10774,-7.943596489678327
10775,-4.42527543409951
10776,0.24834428436703382
10777,-1.657914983062557
10778,-4.27583059196718
10779,1.9318335687680928
10780,8.36134842695337
10781,-3.995301863506706
10782,0.011019779723079992
10783,-5.1561485092919686
10784,3.089709584400842
10785,-7.987466707212384
10786,-4.2385485923912904
10787,-0.366674339424252
10788,-8.090464285321234
10789,-4.91717152580232
10790,-5.89287579261598
10791,-6.244447885968196
10792,-7.7314085343078505
10793,-6.10175347775411
10794,-3.791871733634262
10795,6.034808900759252
10796,2.3584705384126576
10797,4.067115476334463
10798,-8.07574031423655
10799,-7.079040989673462
10800,-3.1689741372865483
10801,-0.23267493905505088
10802,2.5694155453642464
10803,-3.2780000112698806
10804,1.4778607289573644
10805,-2.602298900101253
10806,-4.221630048974742
10807,-6.596829915850432
10808,-5.814410778680124
10809,-0.010112613485739885
10810,4.5428347028970535
10811,-2.0774453964288573
10812,-1.3567465091844935
10813,-3.9475019895975665
10814,-7.968787621267407
10815,3.4670102856074045
10816,-6.916028708306249
10817,-7.136452563551937
10818,-1.9410874229833839
10819,1.1192528215082236
10820,0.7235787866000138
10821,-5.913398804196541
10822,0.37574952965387964
10823,-3.8112413000658547
10824,-3.8351368211840415
10825,5.726738807189362
10826,-4.9119201411668225
10827,-2.6763300854720438
10828,-4.795163264931684
10829,1.4938820555614853
10830,4.96569361077275
10831,0.4910069213766999
10832,-8.20053426463042
10833,-8.020786223474197
10834,-1.8929402928655288
10835,-1.1003383650440188
10836,-0.2778860820516553
10837,5.513783479001418
10838,-4.373753469191993
10839,2.9129106841982444
10840,-2.4098082316965397
10841,0.7896024692345032
10842,6.142253650098305
10843,-1.4123686675216787
10844,1.6687085830031363
10845,-5.699396450790236
10846,2.974715176197001
10847,0.20446376582218928
10848,1.9716322798390955
10849,6.2789932363305265
10850,-4.140073382081502
10851,-4.755541070869436
10852,-6.916028708306249
10853,3.582876045954123
10854,0.3719300006164299
10855,-4.906173048148487
10856,-2.514274659004366
10857,-8.12177515232899
10858,-2.233639466743908
10859,11.786925869799422
10860,-8.211048574807878
10861,-2.2504798098428824
10862,5.431257929058013
10863,-2.856195113844098
10864,-7.7314085343078505
10865,0.3830569496701226
10866,5.727523564658191
10867,-4.5305122827700774
10868,-8.20053426463042
10869,-8.020786223474197
10870,0.44842738643288604
10871,-2.5195274175696514
10872,1.8067349519927882
10873,3.4682542866218533
10874,1.2678580412760345
10875,-0.8370127197403332
10876,-7.054126599737379
10877,-2.12213438567564
10878,0.5570097476993898
10879,-6.596829915850432
10880,-4.597451146333444
10881,-6.136515399281639
10882,-8.243553760659507
10883,-1.1983013535329983
10884,-0.6284641289607624
10885,4.815883878349537
10886,0.9472421259909485
10887,-5.63945551313663
10888,-0.6529462021056645
10889,-7.219714589381532
10890,1.7138350940894895
10891,-6.554371158357435
10892,10.201963693780446
10893,-8.12177515232899
10894,5.565746245746897
10895,-1.5287328091854855
10896,-4.072804413762679
10897,-4.91717152580232
10898,0.3410355199102255
10899,-0.4993788735744244
10900,-7.7314085343078505
10901,6.465067235771503
10902,-5.196207551091184
10903,7.138720573322016
10904,-3.744360052699396
10905,2.213732785483978
10906,-8.07574031423655
10907,-3.301039886046784
10908,-0.3084020465478037
10909,-7.737595596992867
10910,0.5419956510951214
10911,-3.9805399293567816
10912,-6.648734232835411
10913,-2.4124931747932448
10914,-1.627541319947524
10915,-6.041042207067825
10916,-4.319803526620712
10917,2.366751326604555
10918,4.530815265612347
10919,-4.42527543409951
10920,-5.704783863066841
10921,0.9696641694312995
10922,-0.38267172878484157
10923,0.13169687937205588
10924,-6.916028708306249
10925,-6.245582276300323
10926,-1.2682531673817277
10927,-6.146994661452193
10928,3.357694648147314
10929,-1.1926174840905885
10930,-4.2385485923912904
10931,-0.4465305895173728
10932,-0.7030179746802289
10933,-1.2844327286759196
10934,-8.167333768496407
10935,0.7865250187996164
10936,1.9067819109711688
10937,-6.10175347775411
10938,-2.4477138616603282
10939,-0.4920271586600523
10940,-8.20053426463042
10941,-2.929754868895796
10942,-3.233342609541751
10943,-3.1508654414978117
10944,-8.173088878295482
10945,-0.49961878243784064
10946,6.431435022473194
10947,3.3219612353122647
10948,-2.375941866445842
10949,-1.8867425119497971
10950,-1.097903686157635
10951,-6.330259911293998
10952,2.75762548983182
10953,-6.215454246993344
10954,-3.4680150939203376
10955,-4.42527543409951
10956,-5.733363968960615
10957,-6.524340547280906
10958,-8.022571267535822
10959,1.4364895644616482
10960,-4.995877236709506
10961,-0.4651304286316813
10962,-5.97703477672037
10963,-2.2299520852243013
10964,-1.3802735214694504
10965,-2.8396346035633875
10966,2.0696674927536
10967,2.3691070020601854
10968,0.1964511070442767
10969,-4.91717152580232
10970,-8.167333768496407
10971,-4.155305074695072
10972,0.7674278348314314
10973,-5.61260882247045
10974,-3.9891261657895978
10975,-4.672045054636464
10976,-0.24884925194534357
10977,2.9754007116107473
10978,-8.07574031423655
10979,2.602412305177245
10980,9.913435992694877
10981,3.527333512711696
10982,4.628803238319023
10983,4.511542960829532
10984,2.946094182441458
10985,-4.845546445024689
10986,-7.395680509947434
10987,-6.596829915850432
10988,-1.3581976033393652
10989,2.5285782953970024
10990,2.467861874885215
10991,1.3898286895893592
10992,-5.733363968960615
10993,1.1490108874367384
10994,-1.0671169405913765
10995,4.832403624736355
10996,1.9912315126552507
10997,-0.857266592494514
10998,0.10176523753792655
10999,-6.554371158357435
11000,-2.794559796756657
11001,-1.235764421766228
11002,1.9821791657955514
11003,-2.8517551673249977
11004,-1.0538531681887664
11005,-1.546384214125064
11006,2.4468850948847667
11007,2.989131922213334
11008,0.010109120141803521
11009,-6.0441426428915
11010,-6.989649382464252
11011,-0.39557446927421325
11012,4.214229701071891
11013,-0.03610433410458613
11014,-5.787867647065849
11015,3.3603023634513507
11016,0.94819806889364
11017,-6.290777354469131
11018,1.6993312947954446
11019,-6.177447787205126
11020,0.6251032739626379
11021,1.1220103487732054
11022,1.7693724488856293
11023,4.117326085297332
11024,-4.672737912825185
11025,-3.7857806919290318
11026,-8.228618906640465
11027,0.3849716029533083
11028,-3.2113135548626075
11029,-2.534742835573308
11030,2.7069200842852896
11031,4.207855421300985
11032,-6.916028708306249
11033,-0.06772058518890245
11034,-5.97703477672037
11035,-2.3296171181881813
11036,0.2978539968177989
11037,-0.6248285909730269
11038,6.298765061452142
11039,-1.270273839676352
11040,-8.211048574807878
11041,-1.3445698547486744
11042,-5.466508074698675
11043,-6.289823155563529
11044,6.394326115367931
11045,2.2344801800720213
11046,-6.989649382464252
11047,-2.660291374919828
11048,-1.5332319973011603
11049,-7.694565663530144
11050,-8.07574031423655
11051,-0.20170449425944437
11052,1.0294949793967543
11053,-5.480645300717138
11054,7.409277669776126
11055,-0.6461607403557348
11056,-7.054126599737379
11057,-4.845546445024689
11058,-4.5377321554306915
11059,3.018104108443443
11060,-5.814410778680124
11061,3.1097513347197356
11062,-2.6734697914374186
11063,-4.42527543409951
11064,0.3773145739394955
11065,1.3149407714034171
11066,-8.022571267535822
11067,-2.324093726302758
11068,-1.9575175758291843
11069,-1.246906457256776
11070,6.9732313589947035
11071,-3.6729704687925633
11072,-6.374609070911116
11073,-2.725187541789733
11074,1.4096629538634422
11075,4.840279369974834
11076,1.1606577201978996
11077,-0.3774104387855073
11078,-7.60522420074372
11079,-5.997477673635895
11080,0.6823313871243073
11081,-3.969126999797108
11082,-6.989649382464252
11083,-3.8650808132177543
11084,1.8340545507562451
11085,-2.2363347375456324
11086,1.077443468260003
11087,-1.5773293658485406
11088,-3.585970023289966
11089,0.4318851148144117
11090,3.927663670263987
11091,-2.776097008965284
11092,-7.040421093252731
11093,-1.1517425854934755
11094,-6.100703817949214
11095,-0.7631528095610904
11096,-1.7942046969259993
11097,-5.797158400190996
11098,-8.228618906640465
11099,-0.9555031268880305
11100,6.431571584020244
11101,8.30006356537168
11102,2.04811186028132
11103,4.223222042930077
11104,-6.916028708306249
11105,-7.219714589381532
11106,15.042737536694931
11107,-2.0613133702744437
11108,-6.846850673990017
11109,-1.0530466375749725
11110,1.1334927692927796
11111,1.9781481636791574
11112,-8.211048574807878
11113,-4.330482464722228
11114,3.724592241875246
11115,-2.784375272504928
11116,3.3030673533216905
11117,7.144296211695826
11118,-3.638767263238046
11119,-4.672045054636464
11120,0.1944112964290472
11121,-2.3326159970652833
11122,-3.288024788293564
11123,-4.831839218614228
11124,-7.788407521349293
11125,-7.737595596992867
11126,1.4812139764745988
11127,-2.2574684177783153
11128,-6.617495906569729
11129,-4.845546445024689
11130,-7.395680509947434
11131,3.4528033739172095
11132,2.3105957873640532
11133,-5.576919404070023
11134,-3.596616609156048
11135,-4.42527543409951
11136,0.5357563814516519
11137,-7.47885465941307
11138,-8.022571267535822
11139,-2.3555472851950423
11140,-0.9146193366503752
11141,-7.219714589381532
11142,-3.0990288342996344
11143,1.4985229308925212
11144,-6.846850673990017
11145,-5.930913107880462
11146,-2.1624272851399473
11147,3.486160279682338
11148,-4.720279593993583
11149,4.452747431842031
11150,2.3564735113894937
11151,2.2351406594889167
11152,1.3511848867270992
11153,-3.4032488506724228
11154,-6.989649382464252
11155,-4.672045054636464
11156,-8.20053426463042
11157,0.7354265683932386
11158,2.829572335307125
11159,-5.520503295450903
11160,0.9501886036538136
11161,4.873062011195072
11162,5.618929871734709
11163,11.577295073408024
11164,-7.054126599737379
11165,-3.452760012589338
11166,0.4324369072861638
11167,-6.596829915850432
11168,2.0034255238262046
11169,-6.098317915332931
11170,-5.881998838052653
11171,-0.8542763489998318
11172,1.2701275088904302
11173,-7.132688693037401
11174,3.3437106843781415
11175,-1.3611568792285695
11176,-1.3712673053899442
11177,-1.2069528743340976
11178,6.144891897893609
11179,-1.7279276125726832
11180,3.7578688499104573
11181,-1.7023699602238893
11182,-2.373215524743364
11183,8.722000242964763
11184,3.127564972729714
11185,-1.6246673520227795
11186,5.811679041775192
11187,-3.598722681440882
11188,-2.34604141517662
11189,-2.0720465875457665
11190,-3.725198173494418
11191,-4.795453393851913
11192,1.3151727326492864
11193,-8.020786223474197
11194,-2.545078797513578
11195,0.14496173010458735
11196,-1.3131165128097662
11197,-7.737595596992867
11198,8.291801332334817
11199,-1.0732531652205957
11200,1.1556848315221204
11201,-0.016707818971176902
11202,0.6271510664980917
11203,2.6043378790647056
11204,-0.38641155828315865
11205,3.2766127525024413
11206,-3.5231792825499006
11207,-0.4257944577912318
11208,1.878476804764052
11209,-0.9060611701878372
11210,-5.032664152643635
11211,-5.63945551313663
11212,-1.6262769179991678
11213,-1.5478566468709578
11214,-5.986502778830831
11215,1.6678684712716996
11216,8.21860857408372
11217,0.10001933524394047
11218,-4.2385485923912904
11219,0.5194143336927608
11220,-8.211048574807878
11221,3.029254422352612
11222,-4.2477491385779675
11223,1.931030706905883
11224,1.0093106880826226
11225,7.1081034622187556
11226,-6.989649382464252
11227,-4.795453393851913
11228,-0.678867405478144
11229,-8.020786223474197
11230,-2.558220689293138
11231,-1.8829967030814616
11232,6.944569641929577
11233,-7.737595596992867
11234,0.9129453766650264
11235,-6.177447787205126
11236,7.106482115540597
11237,3.229968325673911
11238,-5.344966351628179
11239,-6.596829915850432
11240,0.061817709041871005
11241,4.725085461301075
11242,3.126168912993365
11243,-4.42527543409951
11244,3.3004198757712104
11245,-1.5730436709171747
11246,-0.10356318422837929
11247,-1.7096866961870074
11248,1.711098808267639
11249,-3.27279796602359
11250,-4.908330853967157
11251,-0.2452217860340118
11252,1.7609143648103722
11253,-2.4885470957720486
11254,-4.2385485923912904
11255,-2.286824750878009
11256,1.7906199854097742
11257,-1.6414733713589467
11258,-6.281712910827423
11259,-6.132362436675113
11260,-7.895382851556258
11261,-0.46285408194244415
11262,-6.989649382464252
11263,-2.1047862864146483
11264,-3.8640641598478345
11265,-8.020786223474197
11266,-0.17715407171190797
11267,-7.079040989673462
11268,4.010779283163776
11269,-0.7046209519034574
11270,1.3873214191409526
11271,1.6093033487513435
11272,1.2086974592815904
11273,1.2386811409125216
11274,-7.395680509947434
11275,-6.38206411906353
11276,-0.49124571270979156
11277,-1.014042393804703
11278,6.967099551577359
11279,-0.9651501516362737
11280,1.4758024105411105
11281,5.036704207677301
11282,4.048635554088713
11283,0.37003205570089276
11284,-6.916028708306249
11285,-1.5020320088466688
11286,2.858254748538787
11287,-0.3679320342335972
11288,1.9583177853410036
11289,-2.7568767329590083
11290,-4.2385485923912904
11291,5.335805308015397
11292,-2.6370283830096204
11293,-3.953711934281022
11294,-8.167333768496407
11295,-0.6386240656603375
11296,-7.895382851556258
11297,-0.7064007205631668
11298,-6.989649382464252
11299,-2.5869194799298585
11300,2.0898309798174655
11301,0.7635247481701262
11302,-0.6717177084714436
11303,7.390676567510116
11304,-8.243553760659507
11305,-2.8973642115887177
11306,3.0057194348553598
11307,0.07907682686272022
11308,-2.09115181314745
11309,4.673942426206501
11310,-3.0441124222259583
11311,2.6121767038178385
11312,1.0073134999377864
11313,4.192672436649039
11314,1.4881518403229168
11315,9.229733449779417
11316,4.872056606292
11317,-0.018571815829706795
11318,2.2064589659255267
11319,-5.194036679903818
11320,1.256945217145767
11321,-1.9101641603957284
11322,9.143527541694457
11323,5.941125619690061
11324,-6.846850673990017
11325,-1.8838717947335148
11326,-6.2327002244932235
11327,-3.8112413000658547
11328,-8.087565789489414
11329,-2.687684908179835
11330,-6.067937995731201
11331,-5.702665265328069
11332,0.18137720110711197
11333,-1.0663891106902597
11334,0.9052729830469817
11335,-0.8044604783016256
11336,3.5623606354381514
11337,1.5481108947951971
11338,-8.166898363017626
11339,-1.7811045675568824
11340,6.756668927912443
11341,4.305848017194013
11342,3.8523878858808365
11343,0.25360598807564805
11344,-0.8231589730421751
11345,-0.43322224406179366
11346,-2.932340815878858
11347,0.11899545530615363
11348,-0.36304771010756065
11349,0.8067409274165588
11350,0.518034094871706
11351,11.220724882988886
11352,-5.733363968960615
11353,0.24286016210277062
11354,-8.022571267535822
11355,0.180221727357467
11356,-1.647917955909866
11357,-6.2522668561089585
11358,1.7935390830627573
11359,-3.449174156309785
11360,-6.846850673990017
11361,0.22337313031713113
11362,-6.2327002244932235
11363,-0.6836409740927305
11364,-8.25729691418658
11365,-4.91717152580232
11366,-7.364243029200265
11367,-2.5977182509542667
11368,-0.43643706799426674
11369,2.9917347196720048
11370,-1.6855990820022067
11371,-1.0515836225227573
11372,-8.20053426463042
11373,-8.020786223474197
11374,-8.166898363017626
11375,-7.079040989673462
11376,-0.1994279622154448
11377,-2.514854056724504
11378,4.743220867451282
11379,-5.607363514793224
11380,2.2601185638561594
11381,3.8255044475201077
11382,1.1765527959995126
11383,-2.8852874612933923
11384,2.3668489362020964
11385,0.013362191927253075
11386,1.0363636047900224
11387,3.8889131415378624
11388,2.265590527997141
11389,-0.6904885990145639
11390,-0.9091479128461326
11391,1.3913998288184832
11392,1.9040944275763854
11393,2.1550055034808033
11394,-0.39102106508262235
11395,-7.028801091648951
11396,-6.846850673990017
11397,0.8274368622962691
11398,-3.033041126393119
11399,-1.5057636842626922
11400,-8.243553760659507
11401,-0.4561088039041574
11402,2.031280544227815
11403,-5.411377903754116
11404,1.7784124408614657
11405,-6.10175347775411
11406,-6.989649382464252
11407,1.9137763416256974
11408,-1.6913141487115269
11409,1.8764159706062198
11410,0.7326670182921768
11411,5.684345793151786
11412,-0.4109176745650711
11413,-2.9238996334943006
11414,-0.17831665190671053
11415,-0.5704308368901584
11416,-7.054126599737379
11417,0.20386262387088844
11418,-2.1383745112283976
11419,9.704992509895483
11420,-5.814410778680124
11421,-6.215454246993344
11422,-7.583173466918238
11423,1.3202846340006655
11424,-2.9691958116710726
11425,-5.337787899880449
11426,0.7568263717140653
11427,3.820950983683023
11428,6.1970769211591215
11429,-6.30470170637729
11430,6.841286772108497
11431,3.6515633160591596
11432,1.4253799454208858
11433,5.547498915629456
11434,-4.5768296662200365
11435,-3.8112413000658547
11436,-7.104190747913105
11437,-4.91717152580232
11438,-1.2284854312516815
11439,1.6811442766547895
11440,-7.785716417443623
11441,4.512756041544822
11442,4.5971018307742115
11443,-4.795453393851913
11444,-6.101302161367146
11445,-0.10540005662600649
11446,-3.0134726765590956
11447,-2.7496583754290853
11448,1.7696833328572457
11449,-7.737595596992867
11450,1.2157777035097406
11451,-1.9723584308638231
11452,-7.0805105105148805
11453,2.7428407221891433
11454,-1.0653944340258654
11455,1.6142529031559163
11456,-4.287439766159891
11457,-0.5518416127011112
11458,-3.2553720635498493
11459,-4.42527543409951
11460,-5.733363968960615
11461,0.029586437695207413
11462,-1.659290243308411
11463,-2.2126324435678666
11464,-4.395234788886035
11465,3.9912233914401876
11466,-4.722878469153717
11467,-4.851265629206397
11468,-2.008379006800091
11469,-3.2621778110496384
11470,-6.2327002244932235
11471,-3.527923725100284
11472,-2.3415638284708598
11473,-4.333673191006069
11474,5.22009419713818
11475,-4.538483880116565
11476,-4.337183418669039
11477,-6.10175347775411
11478,-3.9895775773133924
11479,-0.6665102275591939
11480,-0.9919569305644799
11481,-8.020786223474197
11482,-8.166898363017626
11483,-0.6541439947029737
11484,-3.644189175211683
11485,-7.737595596992867
11486,-0.888400855201394
11487,-0.06985407487636028
11488,0.1185210330405595
11489,-4.845546445024689
11490,-6.641497432969762
11491,-6.596829915850432
11492,-3.629047066560132
11493,-0.4848498049171439
11494,-8.201922120805863
11495,-4.42527543409951
11496,-2.1550219934133024
11497,4.629194684978352
11498,1.7350674713583514
11499,3.0400406587593287
11500,-3.6041433368354094
11501,-7.219714589381532
11502,-5.976489991438118
11503,-2.6621614473803703
11504,5.023461306253761
11505,2.1231779247550095
11506,-4.133006430231536
11507,-2.6457614279280164
11508,-5.106413741961181
11509,6.238730755360513
11510,-0.8370530513150856
11511,3.6219324696948836
11512,-0.1519885648397004
11513,-1.7454863820199185
11514,-2.4556281652327177
11515,0.2103812148559394
11516,-8.20053426463042
11517,0.06941204790008282
11518,-8.166898363017626
11519,-2.4894235962153646
11520,-8.25729691418658
11521,1.49811811577187
11522,0.6277865875170152
11523,4.667202959548748
11524,-0.7242208576210607
11525,-2.6953813005235303
11526,-3.676735936116474
11527,-5.28197522899546
11528,-2.8436398738060604
11529,-0.9563291582663305
11530,-8.228618906640465
11531,-0.6329093436776403
11532,-5.733363968960615
11533,-7.4040827823883415
11534,-2.1028504481087253
11535,-0.45564179464051646
11536,1.9205647474057932
11537,-1.0804801151546082
11538,-3.809493167247886
11539,-7.028801091648951
11540,-3.8713832416933216
11541,-8.12177515232899
11542,-1.7322845934279762
11543,6.982143646718721
11544,-8.243553760659507
11545,1.59033244899785
11546,4.122024865617521
11547,-4.7672474307998725
11548,-2.8772374215158907
11549,0.9130144740140391
11550,-5.243481529701162
11551,-4.795453393851913
11552,-8.327746564465409
11553,-2.5508181329565236
11554,-8.001847003213674
11555,2.0719873560228863
11556,-3.5655274895043876
11557,-5.345659771510449
11558,4.564240195236351
11559,-6.177447787205126
11560,-4.755437765866869
11561,-4.845546445024689
11562,7.399952936423795
11563,-2.6456395245100137
11564,-0.006441721971411907
11565,-3.049410144978993
11566,-1.3297476323442088
11567,0.3875708149733237
11568,0.5430692613848593
11569,-1.625885733586859
11570,-8.022571267535822
11571,0.7942538842294676
11572,0.555881794360908
11573,-7.219714589381532
11574,-5.986502778830831
11575,2.9104539488504644
11576,-6.846850673990017
11577,-4.650091693292284
11578,-4.175760179203198
11579,-2.175717525501087
11580,0.0015073980200486226
11581,-2.1993953842296836
11582,10.116949677226453
11583,-4.985500810047618
11584,-3.311434560986329
11585,1.7345748725343735
11586,-6.989649382464252
11587,-4.895950326631181
11588,-1.3146132319125103
11589,1.185841800018454
11590,-2.9409699567322556
11591,-2.7477623317702813
11592,-6.952384604551925
11593,-7.737595596992867
11594,2.7446787155225185
11595,-1.9262059549572716
11596,-6.170504045582536
11597,0.013054210972795799
11598,-7.395680509947434
11599,-2.3211460922519014
11600,-5.814410778680124
11601,-6.215454246993344
11602,2.7696340869505116
11603,-4.42527543409951
11604,-5.733363968960615
11605,-3.26018168872198
11606,-0.33462405967576325
11607,1.6454791074831925
11608,-4.272951573200196
11609,-7.219714589381532
11610,-2.3156598740256085
11611,-6.441604058558815
11612,0.5857997163872659
11613,2.373319827578253
11614,-0.6766912059296648
11615,-0.42417997724991213
11616,0.1345569424288513
11617,-4.91717152580232
11618,-0.26248934329610435
11619,3.293217891730051
11620,-0.132585076585996
11621,-0.059504034882664314
11622,-6.989649382464252
11623,0.9670052104805595
11624,-1.964714882997926
11625,-0.9931304323423946
11626,2.4250451702056637
11627,-7.155267284278803
11628,-6.828598634380258
11629,3.360447105472724
11630,-1.803253921968949
11631,-5.618316766669459
11632,-7.501727475118084
11633,-1.0683828484851925
11634,-1.7392811469912774
11635,-6.045279578738452
11636,-5.814410778680124
11637,0.687868566833826
11638,-7.532539190890421
11639,-3.9889463620411796
11640,1.6720528295468104
11641,-2.7773712120865346
11642,-7.755562233288714
11643,-4.557446767851809
11644,15.608443342129569
11645,-2.720904109172594
11646,-4.777109201425747
11647,5.0510293798532
11648,6.711090501113587
11649,-8.12177515232899
11650,-6.2327002244932235
11651,-3.8112413000658547
11652,-8.146664607499122
11653,1.9006405323247741
11654,-7.8275032559202335
11655,0.21838968450399643
11656,-7.895382851556258
11657,1.2975211459436458
11658,-6.772001343459511
11659,-4.895950326631181
11660,-8.101639316402133
11661,2.222819366123892
11662,-7.114847863804076
11663,-7.155267284278803
11664,-8.168854075566673
11665,0.7214695195856384
11666,0.05266231634881091
11667,2.54235193673218
11668,-7.501727475118084
11669,-5.736916367895384
11670,-0.833491931410816
11671,-5.922408981601533
11672,-5.814410778680124
11673,0.2674547500773311
11674,-0.749751318856507
11675,-1.8577211253934427
11676,-1.4136813341055285
11677,2.850794181331571
11678,-0.433506575419304
11679,1.211437900166839
11680,-5.674565271800542
11681,-2.793054402023529
11682,1.4077495856850752
11683,-4.033953614467129
11684,3.442440009367691
11685,0.635693047765194
11686,-3.9545244271038875
11687,1.9641044992577883
11688,-0.9078956193929224
11689,-1.1941470945976516
11690,-6.582958792736116
11691,5.91377310360988
11692,-6.171536225126578
11693,3.595580529321416
11694,4.802330182095805
11695,0.2590565976427325
11696,-8.25729691418658
11697,3.0104871127835136
11698,-6.400399367752836
11699,-5.356314447378127
11700,-1.1776753371853794
11701,1.8136088586266332
11702,-0.18347200150808485
11703,-1.802415072762125
11704,-7.575032604867566
11705,-0.39234113377234126
11706,7.466991220368617
11707,-0.2737880363573585
11708,-5.814410778680124
11709,3.5531751727856147
11710,-2.231049000933847
11711,-0.21900141117366023
11712,-4.414936417720778
11713,-7.47885465941307
11714,-1.365508239423677
11715,7.232667714653763
11716,-6.916028708306249
11717,-7.219714589381532
11718,1.4851582112133879
11719,-3.2449771928386424
11720,-1.060008104220397
11721,-8.12177515232899
11722,-3.6748222731009887
11723,-2.733164270185905
11724,-0.16179372908619227
11725,0.2064959623139424
11726,-1.1148850399649597
11727,-0.48298834517728273
11728,2.1858190227698
11729,2.7563650251610783
11730,-4.468657260647113
11731,5.270827415074397
11732,-3.2173887803985703
11733,-8.020786223474197
11734,-6.855640905303717
11735,0.32570521062290814
11736,3.1039839586400326
11737,10.460910049034368
11738,-1.1457506721207071
11739,-6.177447787205126
11740,-6.324066876003677
11741,-5.736916367895384
11742,3.0009872688612185
11743,-4.832958115963152
11744,-5.245728899916295
11745,-6.215454246993344
11746,-1.462500411290343
11747,0.5990597270539602
11748,-0.6932720832115302
11749,-4.798199621591953
11750,3.0481435732309268
11751,-1.2696454569441542
11752,9.290117697862526
11753,-3.850604135623123
11754,-5.986502778830831
11755,-5.344527101493309
11756,-2.785879230380324
11757,-8.12177515232899
11758,-6.2327002244932235
11759,-3.8112413000658547
11760,-4.713317191582741
11761,-4.91717152580232
11762,-1.1011780004968321
11763,-0.7689839086245251
11764,-2.579038169951598
11765,-6.10175347775411
11766,-1.4770985225786206
11767,-0.4567740843128401
11768,-7.496014603529894
11769,-8.020786223474197
11770,-8.166898363017626
11771,3.110279688365856
11772,-5.620236738304644
11773,2.0529516309684555
11774,-4.373753469191993
11775,-1.729960032851366
11776,-4.001007244917354
11777,-5.085328058315149
11778,-4.541170827945638
11779,-6.331709243076046
11780,-5.814410778680124
11781,-6.215454246993344
11782,-8.228618906640465
11783,2.1818356375130916
11784,-5.733363968960615
11785,-0.2771293776633834
11786,-2.065861521651434
11787,-4.184216370620383
11788,-6.916028708306249
11789,-2.3928590386850077
11790,-5.7619019625989205
11791,-5.851230528076883
11792,-6.846850673990017
11793,-2.5075833440722186
11794,-6.2327002244932235
11795,11.983347817572914
11796,0.9199021833473768
11797,4.773653950400215
11798,-7.196072694242405
11799,-5.304906649244193
11800,-0.09964173879926963
11801,-6.10175347775411
11802,-6.989649382464252
11803,-4.895950326631181
11804,-7.126626850658733
11805,-5.148828673333265
11806,-8.166898363017626
11807,4.140902622484878
11808,-8.29582759246078
11809,-5.1641190597771445
11810,-3.12253190470563
11811,-2.620344201774623
11812,0.5165579367571603
11813,-0.6192926208300533
11814,-7.395680509947434
11815,-6.257133194184861
11816,3.8274132248781356
11817,3.566754786793232
11818,-2.2416614380590167
11819,0.35663799614879976
11820,-5.733363968960615
11821,-3.3146717943392785
11822,0.8912751273058064
11823,-0.9666462590883549
11824,1.140814308362717
11825,-7.219714589381532
11826,-5.986502778830831
11827,-1.5303172339273838
11828,-6.959109473113951
11829,2.3706754637607865
11830,-0.14150207681255988
11831,-0.5245043709591779
11832,7.98088583311507
11833,-4.91717152580232
11834,-2.5882213670030296
11835,-2.706622746584534
11836,-7.895382851556258
11837,-5.520945359986894
11838,5.9042284269575855
11839,-1.295216967627621
11840,-2.4385126529167858
11841,-7.43197736513412
11842,0.3665792532655745
11843,-0.25477990817755913
11844,-2.768910991385834
11845,-2.7694438252180698
11846,11.269483496839214
11847,6.014627501292225
11848,-7.6104857614209225
11849,1.7164374378468765
11850,-7.341716263054704
11851,1.9042081533274549
11852,-5.814410778680124
11853,0.5301483719282669
11854,-7.847531009938613
11855,1.4251414271845475
11856,-5.400697336224489
11857,2.4986310719148617
11858,-7.622628252882212
11859,-5.031777038585352
11860,-6.916028708306249
11861,-7.219714589381532
11862,-4.079874143068144
11863,1.7865583992665965
11864,7.2281791490170235
11865,-1.6921717404875656
11866,-2.4016221886972664
11867,3.4693949553923877
11868,-0.49805194491358584
11869,-1.9191571711312942
11870,-2.6463056810029295
11871,-6.289823155563529
11872,-7.895382851556258
11873,-2.6251897382435154
11874,-6.4906417829119505
11875,5.611258347240621
11876,-8.25729691418658
11877,1.1536394406638149
11878,-8.166898363017626
11879,8.932107801693475
11880,0.6615039098241119
11881,4.388941892199266
11882,0.8692138183726437
11883,6.330746897968001
11884,-1.4487648240934545
11885,-3.4066851228616235
11886,-0.934766973380028
11887,-2.362695151559784
11888,1.6455859563835642
11889,-2.556310622684488
11890,0.16175062372508797
11891,-4.42527543409951
11892,-0.3544637794439809
11893,-7.47885465941307
11894,-2.478600188719229
11895,4.651129629350016
11896,-0.27893289540680866
11897,-6.239302943458228
11898,1.7302835863233224
11899,-7.028801091648951
11900,-6.959109473113951
11901,-8.12177515232899
11902,-6.2327002244932235
11903,-3.4323812956210324
11904,-8.179627688092722
11905,-2.9170917342063043
11906,2.4430114417529216
11907,-6.289823155563529
11908,-7.774074139857457
11909,-5.367321350573375
11910,3.0051611892773096
11911,3.353037202623489
11912,-3.8869446435707755
11913,13.25996135863518
11914,-8.249831605544182
11915,-0.8437085173774443
11916,-1.684107323649446
11917,-5.697726438740874
11918,4.93026896667539
11919,-6.177447787205126
11920,-4.119650036938491
11921,0.5321755744259609
11922,1.6014138296869538
11923,-1.0490668202527604
11924,0.6200303647086907
11925,4.280626485193083
11926,-0.667541922651149
11927,-4.42527543409951
11928,0.14143870378280532
11929,3.1512924233804016
11930,-4.41911824515846
11931,5.95614355731344
11932,2.252578750727998
11933,3.509334561421666
11934,-5.986502778830831
11935,-7.028801091648951
11936,-6.959109473113951
11937,-4.4157027313064345
11938,-5.67049573179643
11939,-3.539581807527904
11940,-5.111866510192787
11941,0.6519761065729519
11942,-4.214028571083001
11943,6.586686230388386
11944,-0.6346627970756038
11945,-6.10175347775411
11946,-2.5912253805288534
11947,-4.895950326631181
11948,2.7915189599996366
11949,1.3228904942566873
11950,2.225352773047121
11951,-1.9972627637486757
11952,-1.1128261628118685
11953,-2.4271609600009096
11954,1.088321187861439
11955,-1.778568690893094
11956,-7.865648025088342
11957,-2.769887561453081
11958,2.371831021155248
11959,-6.596829915850432
11960,-2.3123631762912793
11961,3.8137241437397575
11962,-8.228618906640465
11963,2.7793026150829374
11964,-3.550730868611123
11965,8.54849062974709
11966,-8.022571267535822
11967,5.202788597145229
11968,-6.79707051165812
11969,-3.553662003652296
11970,7.910630064036164
11971,1.9817023510112768
11972,4.3010994543728085
11973,1.0107025118743918
11974,-6.2327002244932235
11975,-3.226076734929232
11976,-1.6076658299791458
11977,-2.3670524033532767
11978,-8.167333768496407
11979,0.15613613024493578
11980,-7.895382851556258
11981,-6.10175347775411
11982,-0.07229460747776262
11983,-5.6621219008113455
11984,-0.8111748735853466
11985,3.9010522531316703
11986,-4.4801933314763644
11987,-1.614511623252143
11988,0.7716779021733369
11989,-2.327779985533729
11990,-0.4397942341501614
11991,0.010742541828650198
11992,-7.865648025088342
11993,-7.122430020924093
11994,0.21397450626143022
11995,-6.596829915850432
11996,-0.24997994348732222
11997,-1.9709531563260092
11998,-4.073324775576824
11999,2.447457081705887
12000,-5.849249508772858
12001,4.161873111190267
12002,-8.022571267535822
12003,-3.7060876063102186
12004,-6.916028708306249
12005,-0.49353244091839443
12006,-5.986502778830831
12007,-7.682285912757667
12008,3.6850166489816325
12009,-5.298826832337038
12010,-6.2327002244932235
12011,9.89294815468023
12012,-8.206592861596548
12013,-5.073687280312987
12014,-7.973771758374078
12015,0.48001217072490476
12016,-2.8684446290920738
12017,-6.266248173497596
12018,-6.989649382464252
12019,-5.6621219008113455
12020,-7.889801898133111
12021,-4.230244835987467
12022,-6.697503797855894
12023,7.591387852284324
12024,0.5722844057140348
12025,1.4428188382073455
12026,0.4796094849764314
12027,3.9200287740533986
12028,-2.274831411802347
12029,0.31157490317684355
12030,4.996922889526116
12031,-0.8244595147466139
12032,1.0157729353608789
12033,1.3143212551591514
12034,0.6831509261108274
12035,-2.9600187822540156
12036,-5.334523515054952
12037,-1.316351059771955
12038,-6.21284896920952
12039,3.0230046030181494
12040,1.8063377154494027
12041,2.0323020790041095
12042,-5.926140025560646
12043,4.229542730141982
12044,-1.4105422064696018
12045,-8.12177515232899
12046,-5.061743735294904
12047,2.1551628123095004
12048,-1.7967419569087009
12049,-0.46217014150838137
12050,-8.167333768496407
12051,-6.0008390569368615
12052,1.0618404123645777
12053,-4.724752727659195
12054,2.8135306913076747
12055,-5.6621219008113455
12056,-8.100245172876233
12057,-7.818110650816708
12058,1.600240254748293
12059,-1.811074339308667
12060,-8.327746564465409
12061,4.292471751087488
12062,-0.9030363041867508
12063,-5.47809710299339
12064,-7.865648025088342
12065,-1.3537656428862215
12066,-5.654447124810858
12067,-1.7736822282308136
12068,1.2059565676017159
12069,-6.215454246993344
12070,-5.460412263773154
12071,-2.876855620604959
12072,-5.849249508772858
12073,-2.8887238590746964
12074,-5.1280690808714295
12075,3.2183624807650477
12076,0.5941611846903045
12077,-4.041112159333153
12078,-5.986502778830831
12079,-3.356362191468931
12080,2.5097750700781885
12081,4.523390968578705
12082,0.33498625264131443
12083,4.144364676786502
12084,-1.41146131814539
12085,-5.073687280312987
12086,-0.3246282088328041
12087,0.2692610377396252
12088,-0.6425813759731873
12089,1.9566191538952316
12090,-6.989649382464252
12091,2.0463612090105325
12092,-8.037228387629584
12093,1.5797200855037108
12094,-2.208427905456661
12095,3.2891605260648302
12096,-8.327746564465409
12097,-2.0219019929952964
12098,-4.373753469191993
12099,-6.177447787205126
12100,1.2327046356900655
12101,-5.519221542677346
12102,-3.8577268518140055
12103,-4.740504811862525
12104,-2.486060463323351
12105,-2.2122972346286147
12106,0.20971521559344497
12107,3.1244052182974693
12108,-0.4180076988828292
12109,15.740343284861481
12110,-8.022571267535822
12111,-0.666980824006218
12112,5.53461341617462
12113,-7.576285961459309
12114,-5.567072686206954
12115,-7.682285912757667
12116,-3.501542087134399
12117,-1.234657555039313
12118,-6.2327002244932235
12119,2.668813360616979
12120,-8.243553760659507
12121,3.523149816757461
12122,1.0383117805478157
12123,2.736806283772233
12124,-7.895382851556258
12125,-6.266248173497596
12126,6.338804292928535
12127,-1.60964732815198
12128,0.23758439351544702
12129,2.6870349170574905
12130,-0.32214149605072784
12131,-1.5618321063350167
12132,0.9422691419466329
12133,-4.012712323636894
12134,2.181665103619678
12135,6.450707120771639
12136,-0.20896648850495336
12137,-0.43809697700290506
12138,-7.395680509947434
12139,-6.596829915850432
12140,-5.814410778680124
12141,3.3919907400099643
12142,0.3977028097404076
12143,-1.060434778509444
12144,1.6378037528176446
12145,1.7810697885960098
12146,-0.4136636168744421
12147,-5.63945551313663
12148,0.015528124082892003
12149,-7.576285961459309
12150,-5.986502778830831
12151,-0.10191087497306484
12152,-0.3094857806072846
12153,-4.943459479320104
12154,-1.9188125375942042
12155,9.793557640649226
12156,-3.3406020472898477
12157,-2.6370012081307905
12158,-0.6498432270952534
12159,-1.022701050476242
12160,-2.453922858249773
12161,-6.1804945798498405
12162,-2.337438451444519
12163,-2.681534770014733
12164,1.6909498302111547
12165,3.2771902230146956
12166,-8.249831605544182
12167,0.139251342756185
12168,-8.230099720398682
12169,-0.49696870985047314
12170,0.8930176845748545
12171,-6.177447787205126
12172,-7.806712109047665
12173,1.9160753529241383
12174,3.1003616958316798
12175,2.2126193523372173
12176,0.4646764585062204
12177,-0.6640177030469289
12178,-6.83046733081537
12179,0.5410498696758308
12180,-3.3966032152666896
12181,-2.7892265817900124
12182,-8.018289651541554
12183,-5.63945551313663
12184,3.024917688045332
12185,0.2680999823413166
12186,-5.986502778830831
12187,-1.2562007558568489
12188,3.6977749704873646
12189,9.766777874980221
12190,-6.71403441068691
12191,-0.6798617182031143
12192,9.060674517085381
12193,0.9413571790897666
12194,5.495445057169481
12195,-3.4637623646301487
12196,-7.895382851556258
12197,-6.871679579573287
12198,1.1970073620827324
12199,5.204239777079939
12200,-8.25729691418658
12201,-8.020786223474197
12202,0.8422260861871562
12203,-0.8469339618434466
12204,-4.711331811734416
12205,-3.8382804449690133
12206,4.57891054979409
12207,2.8766171212719174
12208,-7.865648025088342
12209,-7.122430020924093
12210,-0.32609511510440514
12211,1.2327815169818115
12212,-4.613179761734067
12213,-6.215454246993344
12214,-8.228618906640465
12215,-4.42527543409951
12216,2.4362058180199053
12217,0.8449385200884256
12218,-8.022571267535822
12219,-5.63945551313663
12220,6.206361084728245
12221,-7.584634911818322
12222,-5.986502778830831
12223,-4.932087365174943
12224,4.435063450837816
12225,-8.12177515232899
12226,-2.863173248362374
12227,0.02509600515971666
12228,-2.0375848148528153
12229,-5.073687280312987
12230,9.745371680114886
12231,-6.289823155563529
12232,1.8862190125072846
12233,-5.1985981463294975
12234,-0.7137814191487908
12235,-4.93580487358046
12236,-6.535651321721997
12237,-8.020786223474197
12238,-2.2109787900773874
12239,-6.995010148357804
12240,-1.1847629871674
12241,1.8212031253923884
12242,0.0965727126220024
12243,-6.096004205201853
12244,-7.760676890521726
12245,-7.122430020924093
12246,4.208057986243227
12247,-6.050839710536223
12248,-2.1579846519793255
12249,-6.215454246993344
12250,-6.854361758682946
12251,0.591848220357609
12252,-0.7514409859766569
12253,-6.908585256289578
12254,1.5016693615672057
12255,4.054046001982192
12256,0.4036366040678928
12257,-5.849631505557385
12258,-5.974308113360426
12259,-7.682285912757667
12260,-6.959109473113951
12261,-8.12177515232899
12262,-6.71403441068691
12263,-3.8112413000658547
12264,-0.8690889407357427
12265,-0.614648126925753
12266,6.165524426429735
12267,-6.289823155563529
12268,-7.895382851556258
12269,2.2413916727238536
12270,-3.6340913992664277
12271,-5.6621219008113455
12272,-8.25729691418658
12273,-8.020786223474197
12274,-8.249831605544182
12275,1.258628728951349
12276,-8.327746564465409
12277,4.896300690301016
12278,0.19834497519971794
12279,-6.177447787205126
12280,-7.822625841383263
12281,-7.122430020924093
12282,0.2467667090177409
12283,-2.2882184426826244
12284,-2.110836272628886
12285,4.299323069885797
12286,-2.219277727349336
12287,1.3180604713681046
12288,1.5988433240091373
12289,-7.47885465941307
12290,-8.022571267535822
12291,-0.011975058095924362
12292,12.492350985681355
12293,-0.7465144716309879
12294,-4.423338974483442
12295,-7.682285912757667
12296,-2.06042197204257
12297,2.1347507503257845
12298,-0.2405163634075378
12299,-0.6062364799096533
12300,-8.096193162104328
12301,3.927963947603227
12302,-2.2812060296319068
12303,-4.898914741243994
12304,-7.835218988976867
12305,-2.1918851419587604
12306,-6.650352495177481
12307,-2.045111400761611
12308,-8.290913755642473
12309,1.1034251082194522
12310,-1.3727242189673599
12311,-0.5789679452740781
12312,-5.843100234170084
12313,2.919929958560853
12314,-0.21710531373918673
12315,-6.177447787205126
12316,-6.046466558389286
12317,3.2000622231704927
12318,-1.7003966528120809
12319,-4.3803820796690704
12320,-5.814410778680124
12321,-0.14509228081133752
12322,-3.0776571464380167
12323,3.5287868984379385
12324,-5.849249508772858
12325,-7.484224056046987
12326,11.28672014072446
12327,4.247420969608101
12328,18.47758886135205
12329,-3.2802173657260156
12330,10.85229574803512
12331,2.345611659009015
12332,-4.439111732085354
12333,6.910401263328824
12334,0.294739490161253
12335,-2.936491253622864
12336,-1.084808257637466
12337,-4.826097432421098
12338,-7.451516727872044
12339,0.5115052343260289
12340,-4.3996811287725235
12341,-2.8089052292966983
12342,-6.989649382464252
12343,-4.127827171923318
12344,-8.276445206498233
12345,-8.020786223474197
12346,1.8479557906005661
12347,3.9987493335272686
12348,4.302978699945617
12349,2.6816753229889727
12350,-4.054137984954221
12351,2.0382126330807253
12352,-6.428672963900962
12353,3.0750816745008023
12354,-6.066539599469314
12355,-0.9257781579644153
12356,-5.112589841989241
12357,-5.902679149736804
12358,-8.228618906640465
12359,-4.42527543409951
12360,0.2320841691908757
12361,0.20051273512495182
12362,-1.9733179709869173
12363,3.707824638325749
12364,3.19822131857913
12365,1.900308644373129
12366,-4.2498170458289755
12367,-7.682285912757667
12368,3.987765741352587
12369,-6.066042958547159
12370,-6.71403441068691
12371,10.817249980917868
12372,1.3640739762111922
12373,-0.7013675889542382
12374,-3.1130951597669387
12375,1.042155511731546
12376,-7.895382851556258
12377,-1.675942339075689
12378,-2.863920845482369
12379,-3.391241921743448
12380,-8.290913755642473
12381,7.9166742799538365
12382,0.40208763607486153
12383,-3.3738427107051434
12384,3.634083929323348
12385,3.0442915427551567
12386,-4.639144143519637
12387,-5.664935324766317
12388,-7.917180189632083
12389,-1.1629780308037874
12390,-4.344635603877112
12391,-1.3279725890881218
12392,-2.2679411889090098
12393,-0.46510892977014173
12394,-3.394126537427634
12395,-2.5886936850859468
12396,4.5829285595753175
12397,-4.162025579893106
12398,-0.4642908699405295
12399,3.2969447321538796
12400,-6.916028708306249
12401,2.0389249323120566
12402,-0.963727474198308
12403,-8.034283974609057
12404,-2.5041144095483325
12405,1.5388760467989202
12406,-7.294878164690921
12407,-3.8112413000658547
12408,-8.243553760659507
12409,1.942632122431203
12410,-4.422767886692594
12411,-1.0927644019084475
12412,0.34794810527084963
12413,-6.871679579573287
12414,1.6143263452182175
12415,0.6777523814368607
12416,-0.8182519118405001
12417,-2.5987494765413643
12418,-6.701194496261184
12419,-0.1738466865049768
12420,2.793044209652143
12421,-6.850442598166902
12422,-0.18746445919347543
12423,-5.884681758618647
12424,-7.917180189632083
12425,-7.262382666667607
12426,1.9058889647381563
12427,-6.596829915850432
12428,-5.814410778680124
12429,-3.4554838409581996
12430,-8.152965184444664
12431,-2.8940446500259145
12432,3.8739970345274153
12433,-7.484224056046987
12434,-4.991283802365855
12435,0.5512531182229465
12436,-6.916028708306249
12437,10.848762144184995
12438,14.744283718567754
12439,-8.03220466642784
12440,-0.029869951377207937
12441,-3.210420683239928
12442,5.824342701077174
12443,-3.8395196395029734
12444,-6.042981496755924
12445,-0.5285162154361115
12446,-5.719692297320704
12447,-1.5727305443922794
12448,1.2101392653196419
12449,-1.4821042209507491
12450,0.6745454707725973
12451,-2.5706992980536203
12452,-7.802361628468122
12453,-8.020786223474197
12454,-3.2184180753581666
12455,-7.155267284278803
12456,-8.327746564465409
12457,-0.07855889382163095
12458,-4.741208686261081
12459,1.9445391961319118
12460,-1.238051117118025
12461,1.676127915598982
12462,4.8480541015995815
12463,1.16408085373223
12464,6.7035711578707975
12465,3.5045415853035635
12466,-0.6008802654570755
12467,7.377813953986372
12468,-5.849249508772858
12469,0.3982143079486881
12470,-7.343829361882965
12471,-5.631623459397927
12472,-1.372589354788421
12473,-7.8325717676014825
12474,-5.986502778830831
12475,2.9154703630408427
12476,2.9931357190085475
12477,0.0019165041827671203
12478,-2.6754402268082655
12479,4.845122818074673
12480,8.393083970338758
12481,0.8220039521277435
12482,-1.9107480352324133
12483,-1.1933271903534561
12484,0.10505098783716127
12485,-4.040091555785656
12486,-0.20497547303295272
12487,-5.18328627201828
12488,4.597430793134753
12489,-8.020786223474197
12490,-6.844917649451464
12491,-7.155267284278803
12492,-7.54498571672257
12493,4.643455293266699
12494,-3.6148299577122427
12495,-6.177447787205126
12496,4.542018290627599
12497,-2.3742717218365295
12498,-1.8362152655704174
12499,-3.2863310918992874
12500,1.4785675607315003
12501,2.3306829428022278
12502,-0.35490504358423214
12503,-0.7348730737366027
12504,-0.5923133863269374
12505,-0.916578237962222
12506,-1.364160556628377
12507,-5.63945551313663
12508,-2.6301084847490577
12509,-5.257769223112084
12510,-5.986502778830831
12511,-8.015108004334278
12512,-1.567240792766352
12513,-8.12177515232899
12514,-7.294878164690921
12515,-3.5934252633934713
12516,-8.243553760659507
12517,-5.279288438737569
12518,1.814883854037437
12519,-5.725351299403534
12520,-2.180493966668907
12521,-0.8945865458497959
12522,1.4638228692482185
12523,-8.092248336061648
12524,-7.35318802028961
12525,-7.312175026932421
12526,1.8389517397646866
12527,-3.8078505339309157
12528,1.3723075445448973
12529,2.006241136761555
12530,-7.67650429172726
12531,-6.177447787205126
12532,3.158675543827407
12533,-2.9443602258664647
12534,0.798801290890258
12535,-3.3128887371379694
12536,-5.814410778680124
12537,2.5384729646390087
12538,-8.228618906640465
12539,-0.9253802228633919
12540,-5.849249508772858
12541,-7.439950718293877
12542,-8.022571267535822
12543,5.18086363081183
12544,-2.599152794244748
12545,3.2372418964000635
12546,-5.986502778830831
12547,-6.195446613286381
12548,12.299756714450899
12549,-8.12177515232899
12550,0.4911514476153087
12551,2.51414228434871
12552,-7.409501803176552
12553,-5.279288438737569
12554,4.475937082048491
12555,-6.137956770161615
12556,-3.425583431270983
12557,-6.871679579573287
12558,-6.989649382464252
12559,-8.276627950341629
12560,-7.479036387099439
12561,-6.450077843038443
12562,1.1581253230069164
12563,-7.155267284278803
12564,-8.327746564465409
12565,-0.23778755648803118
12566,-1.2302104545515848
12567,-6.177447787205126
12568,-7.917180189632083
12569,-3.5873130292182234
12570,-7.740847543739828
12571,-6.375794523058911
12572,-3.713415751094908
12573,-5.28370695761647
12574,1.080932555999051
12575,-3.3675538093051416
12576,-1.3117410037467163
12577,1.1438139951166868
12578,-4.6256961315287
12579,-4.61316301978553
12580,6.024795033096417
12581,6.20923091172395
12582,7.294625530535049
12583,-3.1419853937090254
12584,-6.968769910853989
12585,-8.12177515232899
12586,0.6201856718512166
12587,4.716376376742241
12588,0.27701452087129086
12589,0.5572592015114637
12590,1.132215081246912
12591,7.5331134660133525
12592,-1.179619318099543
12593,-7.452222774210382
12594,5.645100904332464
12595,1.432108903186748
12596,3.2512338289261877
12597,-1.1918907969910872
12598,2.5368025158895104
12599,-1.2525249414517332
12600,-8.327746564465409
12601,-4.061405874279024
12602,-3.839768467872926
12603,2.8968998807213757
12604,-7.917180189632083
12605,-4.57565361779617
12606,-7.740847543739828
12607,-6.411086108607557
12608,-4.070043365475261
12609,3.0216512757990115
12610,0.9030770813944416
12611,-3.1803054964539794
12612,-5.849249508772858
12613,-2.8001700227661157
12614,-4.832952971492496
12615,3.9574512340221166
12616,-1.6092282077772535
12617,-7.8325717676014825
12618,-5.986502778830831
12619,-2.9257184501081035
12620,-1.0038650424962543
12621,-1.4896302467846736
12622,-4.466574393096003
12623,-3.8395196395029734
12624,3.3714409539342967
12625,-3.174341342303702
12626,-8.167333768496407
12627,-3.6476207648595103
12628,-3.1640860615826982
12629,-7.1417798829352
12630,-0.043750142352200205
12631,2.633088354406251
12632,-2.620616632639307
12633,-6.750921147621276
12634,-8.249831605544182
12635,1.728792087949649
12636,2.001148808150139
12637,6.935984002603961
12638,-7.83021781235326
12639,-6.177447787205126
12640,0.6106809001548648
12641,-5.90576789487898
12642,-7.740847543739828
12643,1.7039257688413616
12644,-1.5008070711025627
12645,4.222181319022148
12646,3.072918120320134
12647,0.603836158285805
12648,0.8209390841232325
12649,11.779921257473589
12650,-8.0496914182737
12651,-5.63945551313663
12652,-6.916028708306249
12653,-1.0026931948647062
12654,11.636723825631208
12655,5.250990485475831
12656,-0.45919284436430674
12657,16.40167495528958
12658,-1.039553413615716
12659,-1.1244259942230714
12660,-8.243553760659507
12661,-3.176887071111498
12662,-0.7946587894499664
12663,-4.452351123551035
12664,-7.895382851556258
12665,-7.452222774210382
12666,-7.79562841614643
12667,-8.276627950341629
12668,-8.146079624769897
12669,5.30673557071569
12670,-8.249831605544182
12671,-6.860812288984822
12672,-8.327746564465409
12673,-0.11345727008646345
12674,2.2821885762805576
12675,2.2271160787090833
12676,-4.957175100546997
12677,-6.571109864530095
12678,6.205833031478244
12679,-1.7534306403079292
12680,-5.814410778680124
12681,0.02880917858173504
12682,-7.814146838366968
12683,4.30342110587268
12684,-2.69709934735091
12685,-7.484224056046987
12686,-8.0496914182737
12687,1.5595633650840965
12688,-6.916028708306249
12689,-1.230642164257655
12690,-5.986502778830831
12691,2.551508943599479
12692,0.5151259200920042
12693,11.723942327230368
12694,-7.294878164690921
12695,-3.8395196395029734
12696,-1.5916494676828516
12697,1.8653112807220222
12698,-6.981256947950057
12699,-6.289823155563529
12700,0.13618313029218088
12701,-0.028822939316306473
12702,1.1473481727410597
12703,-4.301834327027703
12704,-6.455252142646222
12705,-0.5790926132026302
12706,-1.3231755765238087
12707,-7.155267284278803
12708,-8.327746564465409
12709,-6.106010462190727
12710,-2.8056651518531965
12711,3.8679593654096416
12712,-7.917180189632083
12713,-0.41815353227194546
12714,0.35062695844390057
12715,-1.9313950492986802
12716,-4.655984557629995
12717,-1.0406274960274944
12718,-8.228618906640465
12719,-4.42527543409951
12720,4.117073614916499
12721,0.737455877476201
12722,-1.7221575442814216
12723,2.7016602581468634
12724,5.407778679643321
12725,-7.8325717676014825
12726,-2.1089740676595747
12727,-8.405541949132159
12728,5.9878830368258855
12729,-8.12177515232899
12730,-7.25951666110179
12731,-2.876435845545269
12732,-8.243553760659507
12733,-4.902862780206982
12734,-8.167333768496407
12735,14.97427269780409
12736,-7.588203713608266
12737,-7.452222774210382
12738,-7.230600929524645
12739,-1.0559542843662908
12740,-8.290913755642473
12741,0.040949669881159334
12742,7.467441598133515
12743,-0.9354932265538798
12744,0.13356963434035585
12745,5.825740678364651
12746,-7.83021781235326
12747,-6.177447787205126
12748,-1.2595880285117027
12749,-2.4445403146803955
12750,-4.629804334804714
12751,-6.036875839055487
12752,-4.19324299120278
12753,-6.215454246993344
12754,1.9331971419468519
12755,0.45047195172113286
12756,-0.034785730102024875
12757,4.751062951422668
12758,-8.05698721650865
12759,-4.756961502235116
12760,6.425056180097139
12761,-6.4801654489255105
12762,-5.986502778830831
12763,-5.5376813928258235
12764,-7.058729197967839
12765,3.5346096263637095
12766,-7.294878164690921
12767,-3.8395196395029734
12768,4.417527472101743
12769,-5.171479338899091
12770,-1.1153339743425479
12771,-3.3814733980968055
12772,-0.04618675425771068
12773,-6.704195899152909
12774,-7.79562841614643
12775,-0.3814535858002084
12776,1.1195793367809108
12777,4.370824401464679
12778,-6.15589330466863
12779,-4.216538648960328
12780,-8.01548192791317
12781,-7.737595596992867
12782,-7.83021781235326
12783,-2.698109511792805
12784,-6.527682047800924
12785,2.162676357819131
12786,-1.6999791237342
12787,-6.596829915850432
12788,13.761704325575716
12789,0.9073016779124552
12790,-7.594228287875302
12791,2.1628006635897377
12792,1.6843193245493446
12793,-4.590285047794092
12794,0.018074526059846052
12795,-3.471805394338805
12796,-0.8520156694555059
12797,-6.209431426316479
12798,-5.950503315868928
12799,-8.327746564465409
12800,-1.2016504975725324
12801,1.8800080831699224
12802,0.7972976392463345
12803,-2.4472438285461773
12804,1.3243210161832348
12805,-3.5072567317453607
12806,-7.173809469715836
12807,-8.28595419852018
12808,3.1576288932962986
12809,1.846935204927294
12810,0.9530831175166231
12811,-8.276627950341629
12812,-3.479463812029932
12813,1.3195000366947562
12814,0.6386159410397831
12815,-4.223253547082644
12816,-8.405541949132159
12817,-7.6622349945295785
12818,-5.61685599521207
12819,4.486875313098782
12820,-3.2913335775732016
12821,-5.489246480504444
12822,5.144637344697526
12823,-6.487478373923071
12824,13.266209552632116
12825,-6.215454246993344
12826,-0.7352357545756247
12827,1.1979176332675978
12828,6.031462093502395
12829,-1.7156777846257323
12830,8.485643318065462
12831,1.3673394160197838
12832,-6.916028708306249
12833,-6.532847501201302
12834,-5.986502778830831
12835,-7.85822966949489
12836,0.38218511725945614
12837,3.41084595587383
12838,4.461843334645864
12839,-1.1055323534844261
12840,-3.6210451341187877
12841,4.665518556855275
12842,-8.141556477752852
12843,-1.479935689703551
12844,-6.202671741767362
12845,-7.452222774210382
12846,-7.79562841614643
12847,0.5569722790346455
12848,-8.332985214523168
12849,-4.233771329911101
12850,-2.768341335819063
12851,2.9223495484192825
12852,-1.539836413837926
12853,3.718335826548178
12854,-2.070540348063993
12855,0.0030078038105341154
12856,7.317887751844616
12857,-7.262382666667607
12858,-3.1202832438267323
12859,-6.03410974304944
12860,2.4453687240819195
12861,0.4096563124736208
12862,-5.326158175829487
12863,2.09534003873378
12864,1.0319480071232996
12865,-1.3412450386669295
12866,0.9347489527515285
12867,-1.1764172965457016
12868,-6.916028708306249
12869,0.8634423551737702
12870,0.9012578305505081
12871,-6.4275162164834425
12872,1.402773542565929
12873,1.7396965957019126
12874,0.461157297053598
12875,-1.3953463705584253
12876,-8.243553760659507
12877,-5.279288438737569
12878,-8.167333768496407
12879,-8.197910747685032
12880,-7.791364721568462
12881,2.0925925081383845
12882,-6.176507976209313
12883,-5.327194846763471
12884,-8.332985214523168
12885,-0.25995851288179583
12886,-8.228030100936774
12887,-6.678489132279093
12888,-8.405541949132159
12889,-7.737595596992867
12890,-7.403769205786578
12891,-0.5123765495347969
12892,-5.068744381785997
12893,-0.9888561628324897
12894,-3.3833665314667267
12895,-6.596829915850432
12896,2.7544940619288254
12897,1.3320470093292243
12898,4.288947364102157
12899,-1.9802725046902063
12900,-3.4060036348487004
12901,-2.5165388517742704
12902,0.7661605891952321
12903,-1.189460868206696
12904,0.1686197781901715
12905,3.603403128880413
12906,0.6546444397711956
12907,-2.212398485770166
12908,8.185793005801532
12909,1.5749035990780245
12910,0.6135758249332817
12911,-1.8919907309335295
12912,1.6586156897094504
12913,-5.279288438737569
12914,-7.512171095572727
12915,-3.3432410891057356
12916,-4.56112191345504
12917,-2.2654349453979705
12918,-4.18873401765773
12919,-3.1398758585956243
12920,2.6301079896393937
12921,0.35931501712006453
12922,-1.867630840194486
12923,-7.155267284278803
12924,-0.7711430074762013
12925,-7.737595596992867
12926,-0.8918674974913703
12927,2.9650759904614707
12928,-7.917180189632083
12929,-7.174443699993343
12930,0.2741127476304772
12931,-6.042085823143728
12932,0.7831152584071379
12933,1.8591186900881262
12934,-8.228618906640465
12935,4.244755397727827
12936,3.0608868406584366
12937,-6.217356000529383
12938,4.969445171937884
12939,3.4767464035117004
12940,1.033132043359131
12941,-5.440578760104568
12942,-2.420114437831404
12943,-0.9419255066809643
12944,0.38573489376796566
12945,-8.12177515232899
12946,-4.423175163903396
12947,9.112727725457935
12948,0.9938972671535717
12949,-5.4044676781972605
12950,-8.167333768496407
12951,5.844163385793272
12952,-5.22505125023506
12953,-7.531711368803876
12954,-7.824876623513618
12955,1.2283248344548556
12956,-2.2867110081681696
12957,-7.911460427560317
12958,-8.288565280281135
12959,0.24628893656144202
12960,-7.008532166935202
12961,-7.737595596992867
12962,0.5161232391200237
12963,-6.177447787205126
12964,6.578749500455283
12965,-6.459714789255392
12966,-2.5096011933920472
12967,-2.4633184466644886
12968,0.5071256891757456
12969,-5.727728941544797
12970,-8.228618906640465
12971,-4.42527543409951
12972,-1.1796588197346045
12973,-1.567746686193552
12974,-2.7698232127041935
12975,-5.641007372567473
12976,-6.916028708306249
12977,-2.688113780874147
12978,-5.986502778830831
12979,-0.4432385944987397
12980,5.983398162900409
12981,3.7248764233738845
12982,0.02977417257350068
12983,-3.8395196395029734
12984,-0.11130914993655294
12985,-1.3855757604681207
12986,1.2176984979871261
12987,-8.28595419852018
12988,-7.939427693871278
12989,-0.13283672908043415
12990,6.676994153004479
12991,-7.210836129434768
12992,-4.239793065381561
12993,3.5006455015869324
12994,-0.02230670617618502
12995,-0.9334262429882039
12996,-8.100972288691203
12997,-0.9478447580063865
12998,-2.850190462311771
12999,-1.8901284393419835
13000,-1.7980754090849396
13001,-0.8621408971525618
13002,4.733141204616722
13003,-2.2711360807310674
13004,-2.4552812948976017
13005,3.845819421927367
13006,-5.431861275057599
13007,4.830701748557717
13008,2.368966535520947
13009,-2.556354967107856
13010,-8.05698721650865
13011,-3.4759491641611806
13012,-0.9478659199213991
13013,-7.494964985156267
13014,0.151774332112127
13015,2.3750604598917393
13016,-7.058729197967839
13017,-4.587264036877556
13018,-5.0235119494052345
13019,-3.8395196395029734
13020,7.496263685027509
13021,-2.9848625182373887
13022,-8.167333768496407
13023,-6.027088068452422
13024,-4.457344140126785
13025,1.3633337220363364
13026,-7.824876623513618
13027,-8.153558182490478
13028,-8.173703887381608
13029,-3.791254020351988
13030,-1.7726332893908197
13031,-2.170567388117272
13032,-6.093620673199686
13033,-7.737595596992867
13034,-5.406790555636331
13035,4.603288059268769
13036,-6.520984118532434
13037,-6.371437488880216
13038,17.76402359492833
13039,2.2915783624732047
13040,6.514007461005878
13041,-3.269795248118574
13042,-8.228618906640465
13043,-4.343077699194917
13044,-5.849249508772858
13045,-0.7782802508162012
13046,0.3421854015156772
13047,-1.576927757610345
13048,0.25702879981015664
13049,-6.68683835099106
13050,-5.986502778830831
13051,2.5982282568198714
13052,-0.8924064265688095
13053,3.3527335389339283
13054,-2.639805850651773
13055,-3.8199326688150492
13056,0.07957609931906273
13057,4.1892934583356345
13058,-8.167333768496407
13059,-8.28595419852018
13060,0.06081929392216601
13061,-4.245499508641126
13062,-6.893245819692945
13063,-6.336267971657931
13064,-8.337307592301865
13065,1.6586887261338554
13066,6.723178670422549
13067,-7.155267284278803
13068,-1.1570889200987915
13069,-6.197205254442359
13070,-6.773191860912506
13071,-6.177447787205126
13072,0.47715282657546965
13073,-2.1122769782155437
13074,-3.9775010576095857
13075,0.6508176424646619
13076,-4.103804383496698
13077,3.807820372090674
13078,4.163969804241322
13079,-4.42527543409951
13080,0.7200279062178
13081,0.669637892006886
13082,-0.12275573103304716
13083,-1.2000752521801719
13084,-6.916028708306249
13085,-7.156137239199965
13086,-5.986502778830831
13087,-8.222059507103939
13088,3.3542123825907613
13089,-3.554230217794479
13090,-7.110570696264224
13091,-3.8395196395029734
13092,-8.157708239482526
13093,5.823290942864183
13094,-0.4740745892824466
13095,-8.258931956550509
13096,-1.2503131546133401
13097,-6.084025404669889
13098,-2.5611879691882833
13099,-1.9532094166802327
13100,4.554879702917965
13101,3.51941158497643
13102,1.8104522771860454
13103,-1.9508279567892541
13104,-8.405541949132159
13105,-1.26404994141145
13106,0.6198850268175404
13107,4.085874322493299
13108,-4.468659737237994
13109,-1.0031061020652716
13110,-7.740847543739828
13111,-6.272675555635308
13112,-4.838749024895419
13113,-6.215454246993344
13114,-8.199548267814396
13115,0.33203620405532874
13116,4.670150876326009
13117,-7.484224056046987
13118,-2.159080589619436
13119,0.5082992465332915
13120,4.663749229363075
13121,-3.6342543721089515
13122,-5.986502778830831
13123,-5.30599914106661
13124,1.8278565000004952
13125,-2.0800565209701105
13126,-7.294878164690921
13127,-2.3213875906154082
13128,-8.243553760659507
13129,-5.4044676781972605
13130,-2.115105962031957
13131,-7.12099006688859
13132,-2.3873253301774677
13133,1.4337189493487106
13134,-5.104525583877835
13135,-2.5758515359054392
13136,-8.337307592301865
13137,-8.020786223474197
13138,-8.291413872051704
13139,-3.210629140258364
13140,-2.465223208047613
13141,1.9350326094801553
13142,5.249237069126176
13143,2.171774277881507
13144,-7.917180189632083
13145,0.31639120303608237
13146,-7.740847543739828
13147,-6.596829915850432
13148,1.402625459988912
13149,0.6232436412601157
13150,-8.228618906640465
13151,-1.252330474078088
13152,-5.361731066614772
13153,-7.550356131322351
13154,-0.8777577654739406
13155,-5.641007372567473
13156,-1.8008036582698006
13157,-7.53414065574043
13158,0.14821485582718985
13159,-8.327746564465409
13160,-7.058729197967839
13161,-8.12177515232899
13162,-1.468657125753103
13163,-3.8395196395029734
13164,-2.7058336854112186
13165,6.601415435428793
13166,-8.167333768496407
13167,-8.28595419852018
13168,1.2199393453692222
13169,-7.904276090019409
13170,-2.433855657474239
13171,-8.276627950341629
13172,-7.154575232949537
13173,-1.02132951521095
13174,-0.4533486740223416
13175,-2.571752657939816
13176,-0.1785810339648788
13177,-7.737595596992867
13178,-1.0598063323575344
13179,-6.177447787205126
13180,0.02294018591418534
13181,-7.262382666667607
13182,-2.1349932276940007
13183,-6.596829915850432
13184,-5.814410778680124
13185,0.008204692302322347
13186,-8.228618906640465
13187,-2.7981555099164988
13188,-5.849249508772858
13189,1.0877623984330294
13190,1.5286127310077533
13191,-2.7178779526633092
13192,-5.808719384863742
13193,-7.844332827858987
13194,-5.018116945143627
13195,-7.214092555524369
13196,-2.9145683011351378
13197,-7.797819592737074
13198,-1.578007478253456
13199,-1.6774031707704822
13200,-6.981436773627457
13201,-2.6113701648121723
13202,-8.154455934106958
13203,-6.029446557029585
13204,-7.939427693871278
13205,-7.904276090019409
13206,-1.675448570457792
13207,6.808794764880975
13208,3.635514630711038
13209,-8.020786223474197
13210,1.1576056892594138
13211,-1.5294250466351123
13212,-8.381633719181671
13213,1.8549778528031644
13214,-4.079652954897791
13215,3.2608043168112424
13216,-8.394355094234331
13217,-1.5392448986817955
13218,0.11771003789829049
13219,-0.8157428772464119
13220,4.804191151324619
13221,0.5122312174089436
13222,-6.292793070590051
13223,4.254306412629111
13224,0.05978870135767661
13225,-7.843156803353095
13226,-8.149395111435005
13227,0.01715251181292432
13228,2.9014820965217023
13229,2.1525097058955995
13230,-1.8713161386230648
13231,-4.1025115526748674
13232,-7.058729197967839
13233,0.707155341871876
13234,-7.454914437990788
13235,-2.523120604469786
13236,2.2921743057690347
13237,-2.8729681632940034
13238,-7.400107321288589
13239,-0.775597346874852
13240,-6.732457966242846
13241,-7.904276090019409
13242,3.165532656161213
13243,-8.276627950341629
13244,-1.4202334927625282
13245,-8.01126086775988
13246,-8.206671752995465
13247,-1.5111362465227054
13248,-8.181003276565606
13249,-7.737595596992867
13250,-4.307677330444861
13251,-1.065105616786484
13252,-2.693433194180483
13253,-7.3364535475150285
13254,-0.5976787601752336
13255,-0.05585042878102442
13256,-5.814410778680124
13257,-6.215454246993344
13258,1.5127905951320493
13259,-2.818822808984085
13260,-2.6125834320789365
13261,-7.257397663000674
13262,-8.149395111435005
13263,-5.641007372567473
13264,0.5131325971317697
13265,-0.5631903922216988
13266,-1.0211393865120997
13267,-8.327746564465409
13268,-6.28928095092919
13269,-7.433485601626935
13270,-0.6342208349408063
13271,-3.8395196395029734
13272,-0.17343406913474793
13273,-2.5133192588979205
13274,-0.4694263721766667
13275,-2.5185823979116813
13276,-7.939427693871278
13277,-3.175186450460293
13278,-5.0931592824628895
13279,-5.3790023124782
13280,-8.363414608144051
13281,-8.020786223474197
13282,-2.3040701163004105
13283,-7.155267284278803
13284,-8.405541949132159
13285,-7.737595596992867
13286,0.729009931941923
13287,-6.205500296426491
13288,-0.0917044697871372
13289,5.24158277065454
13290,-7.740847543739828
13291,-6.596829915850432
13292,-3.008113473471786
13293,0.971283864100295
13294,0.7402951078271027
13295,-1.2124238751872454
13296,2.483487023003387
13297,13.961244946019468
13298,-5.009976191617257
13299,-3.8208163545702094
13300,1.5037569019876975
13301,-7.844332827858987
13302,0.00993368849609233
13303,-8.327746564465409
13304,-5.85841136880927
13305,6.869093602550636
13306,-7.454914437990788
13307,6.806082515779963
13308,-3.5512668785064943
13309,-5.4044676781972605
13310,2.404906337661678
13311,4.401743285110225
13312,-0.0210606676870142
13313,-2.195360800909088
13314,-0.1595874750064159
13315,-7.8694674838054635
13316,-8.145413514588302
13317,-2.381516810172225
13318,-7.2959870852522215
13319,1.8066351197664907
13320,-4.330813636405984
13321,1.3409886788423755
13322,-4.692173930039601
13323,2.370838436968179
13324,-7.502073940563426
13325,-1.4298752978488678
13326,-2.437432815522965
13327,-6.596829915850432
13328,-2.0225664061521167
13329,-6.215454246993344
13330,0.5980941541277821
13331,-0.26611835350248736
13332,1.9673134185064234
13333,-2.7252434469222044
13334,-8.060066327214999
13335,4.296530616593213
13336,-1.843180235038445
13337,-5.278454538267918
13338,4.925949308036332
13339,3.991256571871388
13340,4.461456513607596
13341,-8.12177515232899
13342,-7.454914437990788
13343,0.4615856497377073
13344,-8.243553760659507
13345,-3.8556058943632774
13346,-1.5479590403234358
13347,-6.973011769412777
13348,-0.48074770239326003
13349,3.599160967244594
13350,-1.340551551951832
13351,-6.999244866305177
13352,-8.101824164398039
13353,-1.801913807408419
13354,-8.291413872051704
13355,0.31299952017084237
13356,-7.468898936047416
13357,-7.737595596992867
13358,-6.085715050744206
13359,-6.004258245848019
13360,0.17131508301906173
13361,-7.3364535475150285
13362,-7.740847543739828
13363,-6.596829915850432
13364,-5.828857161907821
13365,4.709075054124574
13366,-8.228618906640465
13367,3.621426844447937
13368,1.4546273886470447
13369,1.424896103845169
13370,-3.1726052999621537
13371,-5.799219982626394
13372,-6.916028708306249
13373,-6.0755261896254735
13374,2.265276303494295
13375,-8.327746564465409
13376,10.14514065219789
13377,-2.6932075649476284
13378,-7.454914437990788
13379,1.4015170839426032
13380,-6.603803629372556
13381,2.5916650868921263
13382,-1.7155908383680927
13383,-8.330143454063617
13384,-0.6649897451928128
13385,4.119583785831556
13386,-7.824876623513618
13387,-3.4368871195197706
13388,-0.6826378269068618
13389,-8.020786223474197
13390,-8.147981667987716
13391,-2.9182640308449623
13392,-8.419145538135878
13393,-5.097026329975508
13394,-7.730259717261488
13395,-6.026456168738267
13396,-7.11099418832929
13397,0.2829575184054194
13398,1.355649928760403
13399,-1.7392713862210978
13400,-0.815571180024469
13401,-6.215454246993344
13402,-8.24995866370331
13403,-3.8476753035224585
13404,3.237751254356139
13405,-1.1011559885280557
13406,-8.149395111435005
13407,-3.11805778648241
13408,-6.916028708306249
13409,-4.160419008863444
13410,5.25826967033765
13411,-8.327746564465409
13412,-7.058729197967839
13413,-6.926594584172473
13414,-4.125902357719896
13415,-1.349832097837614
13416,-3.4914577107728837
13417,-5.4044676781972605
13418,-2.4331972067509597
13419,4.492763702264616
13420,0.11874230102412442
13421,-7.904276090019409
13422,-8.045855157138673
13423,-7.242616171955381
13424,-4.268994782438527
13425,1.4490622245370814
13426,-8.291413872051704
13427,2.3477801785611545
13428,-8.419145538135878
13429,-0.1608640880554898
13430,1.8480220383501846
13431,-6.205500296426491
13432,-0.7181058931888966
13433,-0.5357287283666863
13434,-7.740847543739828
13435,-6.596829915850432
13436,-0.7935147775053464
13437,-6.215454246993344
13438,-3.2350505024473883
13439,-1.1883562395313736
13440,-5.849249508772858
13441,-0.40124881607184326
13442,-8.149395111435005
13443,1.3014839689969229
13444,2.768155704262221
13445,0.3968637736753036
13446,3.4419452177858565
13447,-0.8437750562674657
13448,-3.337359189713344
13449,-0.4760130563084406
13450,-7.454914437990788
13451,-2.8451040311835847
13452,-5.659466647090623
13453,-3.215061004683893
13454,-8.167333768496407
13455,2.8167140476625505
13456,-0.05580189465547816
13457,-4.98806885782848
13458,-5.888643091537718
13459,-3.6992393159094754
13460,-3.2827619280969875
13461,-6.663012405660432
13462,-3.6253990247439294
13463,2.015750960149038
13464,-8.419145538135878
13465,-7.737595596992867
13466,-8.045532938390691
13467,-6.690475843608281
13468,-8.394355094234331
13469,-7.453875789316816
13470,-5.413852734009706
13471,-1.482895617543766
13472,-4.729090657114881
13473,0.07053170420490207
13474,-8.24995866370331
13475,0.32650990996703744
13476,0.7599523511935432
13477,-6.521713154378631
13478,-6.131472810533642
13479,0.5575956382281456
13480,-3.6572776270388276
13481,-7.747967270096082
13482,-5.986502778830831
13483,-4.359270677412218
13484,-3.0692326592549017
13485,6.581414279895902
13486,-4.289569471422519
13487,-3.8395196395029734
13488,5.433454599845626
13489,-5.4044676781972605
13490,11.965044864823264
13491,-3.265165862319066
13492,-6.165072011966011
13493,-7.810130335260148
13494,-8.045855157138673
13495,-8.276627950341629
13496,-0.9236943504623032
13497,6.276873761641676
13498,5.968518007346158
13499,-7.0412001897167835
13500,3.3169456164958318
13501,-3.842282424008242
13502,-4.644175869744429
13503,-3.5874476224178378
13504,-7.807553899176723
13505,-7.453875789316816
13506,-1.6650152339081594
13507,4.5710248716387145
13508,-5.29172425978391
13509,0.07693495514003035
13510,-8.24995866370331
13511,1.977853286317337
13512,1.562558943813546
13513,-6.448414450446553
13514,-3.689875481701786
13515,-5.854264248054917
13516,-0.2331847292183553
13517,5.222561473809941
13518,-1.1617295906774951
13519,4.112332720007036
13520,-7.058729197967839
13521,-8.12177515232899
13522,-7.547562068300038
13523,10.901262441046331
13524,-6.2730900472910385
13525,8.354820566341077
13526,-2.918671109503751
13527,-2.909881142527208
13528,-7.939427693871278
13529,4.848032122410932
13530,-6.193520608088256
13531,-7.101828831811348
13532,-8.363414608144051
13533,-7.812124821554554
13534,-0.6769381976324884
13535,-2.402845210384029
13536,-8.360936182250384
13537,-7.900818597683662
13538,-0.7743283507869552
13539,-6.656669998427338
13540,-8.394355094234331
13541,-1.5731158688778015
13542,-4.6120845652109494
13543,-1.9725253393592257
13544,-5.751973915713528
13545,-0.996068209117169
13546,-8.23788050939531
13547,-0.5233236876492003
13548,-5.849249508772858
13549,7.60594198372417
13550,7.4955061394439575
13551,-0.13379103903006864
13552,-2.9734476550639983
13553,-7.844332827858987
13554,-5.986502778830831
13555,4.937673224906206
13556,-7.058729197967839
13557,1.0450765207512809
13558,-6.103575710964327
13559,3.0873708411506477
13560,-5.389525192773505
13561,2.646216718751214
13562,-8.167333768496407
13563,-6.26450934185886
13564,-3.472236917486072
13565,1.762516723256032
13566,-0.008064353540986557
13567,-8.276627950341629
13568,-1.8992963809972885
13569,4.6383027686905205
13570,5.315579154981908
13571,0.412366383766283
13572,-0.6364919133765139
13573,0.6774749394903907
13574,-0.2900419676318693
13575,-0.338988813192139
13576,-8.394355094234331
13577,-7.695494312304434
13578,3.050834323597202
13579,-0.12257319488118412
13580,2.0137091972265444
13581,1.686421017437235
13582,-3.3136103420223875
13583,-4.360854327832926
13584,-5.83466281582029
13585,-5.422122374040156
13586,-8.036975603293905
13587,-5.854264248054917
13588,1.6029160935372295
13589,-7.747783626887304
13590,-2.4585657418767464
13591,-8.068866430050802
13592,-1.3171724421601099
13593,-2.389847813866926
13594,-0.27158037802245194
13595,0.7176030353253484
13596,-3.289302062589587
13597,-5.4044676781972605
13598,7.866498246209941
13599,-8.330143454063617
13600,-7.863351666599394
13601,-7.33393755233171
13602,-7.243125627016323
13603,3.353429020292719
13604,-7.3815363218103025
13605,-8.050988637204238
13606,-8.30722982891395
13607,-1.2564759161263046
13608,4.7640030310828365
13609,0.9879138880616691
13610,2.573642286093349
13611,-6.690475843608281
13612,-8.399171260676408
13613,3.625137905180565
13614,2.059472885627864
13615,-6.596829915850432
13616,-5.828857161907821
13617,0.540239804443114
13618,-8.24995866370331
13619,-0.8284594943368564
13620,1.8567048688515273
13621,-6.605720408278206
13622,-8.149395111435005
13623,-5.854264248054917
13624,-7.150548477831457
13625,-1.9577699729615219
13626,0.5575626484823566
13627,-6.0186852073104635
13628,1.3154261409469745
13629,0.22716418103304656
13630,-2.1201939641147662
13631,12.966545779177245
13632,-3.0662050679864206
13633,-0.05828003294824491
13634,1.004133958279264
13635,0.5494292433029142
13636,1.6237162512527363
13637,-7.904276090019409
13638,1.0848448286931394
13639,4.264122865477544
13640,-8.24876778066262
13641,-4.382068895083366
13642,-8.30722982891395
13643,-7.122891315922554
13644,-1.105197743827631
13645,-4.455289332692296
13646,-8.005538597505405
13647,-6.690475843608281
13648,1.1893308877537638
13649,-4.383459069469512
13650,-4.98313271662188
13651,-6.5492614474928175
13652,-1.561615736739748
13653,-5.743844955393124
13654,-8.269304026979903
13655,-0.2891759652024959
13656,1.260474603777261
13657,7.033664462562561
13658,-8.27955761529051
13659,3.6061259329822186
13660,6.736750433553704
13661,-1.7931571213677198
13662,-1.9987563152586034
13663,-7.697502266700832
13664,1.8778662955514855
13665,-0.7467012241532732
13666,-4.587892037377669
13667,1.6279079659924274
13668,-2.844382267512256
13669,3.1627216173225605
13670,-1.781424297751774
13671,-8.30682128909076
13672,3.1868465432230733
13673,-1.6391032846296865
13674,-5.4377395721983195
13675,-8.126418315853787
13676,-8.363414608144051
13677,-7.884571599842849
13678,22.946514723743896
13679,-7.155267284278803
13680,-8.208309977621393
13681,0.577242306726333
13682,1.4839841278133685
13683,-1.7225553244385456
13684,-8.399171260676408
13685,3.5288551750685615
13686,2.0474019194432778
13687,1.2111662452121996
13688,3.767093770639517
13689,-6.056433619711085
13690,-8.269304026979903
13691,0.10870775739970162
13692,-5.849249508772858
13693,-2.938853983276605
13694,3.904493895023317
13695,-2.7098877567163666
13696,2.2643569702424498
13697,-2.899683438293682
13698,-5.2498214105460566
13699,-0.5987706898728946
13700,-4.059353444198747
13701,-2.454799769449821
13702,-2.81433233183902
13703,-1.3190922912544547
13704,-6.986397411655076
13705,-0.3610782891539971
13706,-8.167333768496407
13707,-1.053140874296006
13708,-0.9907065266362852
13709,-7.904276090019409
13710,-5.592238797817982
13711,-7.343727806381921
13712,-8.363414608144051
13713,-0.5333514154023602
13714,-5.47156577407979
13715,-5.665362735753321
13716,-8.419145538135878
13717,-2.1614385902023656
13718,-8.045532938390691
13719,4.354975155369985
13720,-3.2269538131215514
13721,-7.695494312304434
13722,-7.740847543739828
13723,-6.573448071630394
13724,-5.828857161907821
13725,2.2093638951304575
13726,0.08127662826938342
13727,-0.3595075453512788
13728,2.226567435888323
13729,-4.508912458696044
13730,-0.09563935342901209
13731,-1.7425555301121451
13732,-1.6076732120022115
13733,6.125474975037579
13734,-0.7198088891253089
13735,-8.32708061430549
13736,6.2385530398058915
13737,-1.0677276501889668
13738,0.14670336226260494
13739,-0.5392114964109278
13740,0.9455265881715107
13741,0.6714437886198392
13742,0.11572710220985583
13743,-8.259715760830803
13744,-7.939427693871278
13745,-6.661299569066436
13746,-8.045855157138673
13747,-5.523862371048617
13748,3.83842136521993
13749,2.7799918660762812
13750,3.2681457490531702
13751,-2.4748077680887657
13752,-7.754702203408488
13753,2.272664893666041
13754,2.134447597087381
13755,-3.170439210597332
13756,-8.364987771172634
13757,-6.751422707598185
13758,-4.380016164390522
13759,-1.516913958672519
13760,-5.828857161907821
13761,-1.0995052037118647
13762,-8.269304026979903
13763,-1.6094437954296144
13764,-2.0774838818133317
13765,-0.3477840869050033
13766,-2.2038654214182736
13767,-2.0792405646209025
13768,-2.4691970782574115
13769,6.496379939529042
13770,-4.061784632383469
13771,0.859054007153755
13772,-4.920840374866927
13773,-2.4525970110589457
13774,-3.1946276212906355
13775,3.450446707374139
13776,5.011607228693042
13777,4.042121868613628
13778,-7.922736047710272
13779,-7.84363217447291
13780,-7.939427693871278
13781,1.0455573130486726
13782,-8.022601213388407
13783,-6.62980214098296
13784,-8.363414608144051
13785,2.2228322801490465
13786,0.2972893745922227
13787,4.947522080727883
13788,2.640019164613242
13789,-5.682382929098922
13790,-5.67833311224883
13791,1.2655926835779623
13792,1.31211838557368
13793,0.22929618514623673
13794,-7.740847543739828
13795,-5.8739436830250105
13796,-5.828857161907821
13797,0.15371980412557684
13798,-5.568460681081062
13799,-4.42527543409951
13800,2.467225851429173
13801,-7.843156803353095
13802,-6.95905940944235
13803,-1.4759551164167677
13804,-4.8798212278915445
13805,2.0970170982348253
13806,-5.986502778830831
13807,-8.327746564465409
13808,-4.129607843348632
13809,-7.392024849655458
13810,-4.993172692352934
13811,-3.8395196395029734
13812,-8.243553760659507
13813,2.824189735622526
13814,-8.158210310429405
13815,-1.3292585965301469
13816,-7.939427693871278
13817,-5.365061982330887
13818,-3.912491002146592
13819,-8.276627950341629
13820,-8.363414608144051
13821,2.9958962468524515
13822,5.581984698468593
13823,-0.8479217661591885
13824,-8.263056200996308
13825,-0.6059315187717005
13826,-8.045532938390691
13827,3.842983194760274
13828,-5.175608397259644
13829,-2.3066836931197563
13830,0.8237569140476063
13831,-5.1731229801588805
13832,1.1558813878510699
13833,-5.134586254296265
13834,-8.269304026979903
13835,2.206320893345739
13836,2.2999383469841224
13837,-2.1348511428093047
13838,-2.793129705182983
13839,-5.822577864137205
13840,3.4246416387239407
13841,-7.844332827858987
13842,-4.2653924151945874
13843,-7.985084824430013
13844,-7.107555599671
13845,2.196693257625077
13846,-7.62170677873922
13847,-1.0146961183065555
13848,0.34938915046503904
13849,1.9586250511573438
13850,-8.167333768496407
13851,-2.8807963081108543
13852,-7.939427693871278
13853,-7.458775768486986
13854,-8.045855157138673
13855,-1.1707121159776754
13856,-6.755297436797048
13857,-6.767238712464736
13858,1.0527053700794298
13859,-1.7906582751049336
13860,0.7358456570276983
13861,3.5365172180379965
13862,-4.49927009127277
13863,-6.690475843608281
13864,-0.21601813797011493
13865,-0.579574879051787
13866,0.7192078002883193
13867,-2.1911666891889205
13868,-4.837996936056933
13869,-6.215454246993344
13870,-2.750629817097848
13871,-1.328799494302363
13872,-2.0535245503095583
13873,-5.100440554835714
13874,-1.4528878458202155
13875,-1.1212851605017027
13876,-1.6354185490863178
13877,-7.839997745012877
13878,1.7415596180508297
13879,-8.26306919137079
13880,-0.6210683504148804
13881,-2.1951488010327354
13882,-2.802734617486737
13883,8.264895263226258
13884,-2.3665812035726805
13885,-1.2671059543618108
13886,-8.14512695107136
13887,-8.330143454063617
13888,-3.2072081116389883
13889,1.5846672081380389
13890,-8.045855157138673
13891,4.8565643888842445
13892,-6.756264516490246
13893,-5.503322113508352
13894,3.1222452797506652
13895,0.05648116375685408
13896,-8.419145538135878
13897,-8.021723103710826
13898,1.7769202360116694
13899,-1.7548351063796161
13900,-1.7254602315258705
13901,-0.30951141174519026
13902,-5.339768107834396
13903,-4.345402769058067
13904,1.5856404228700431
13905,1.4924668743792853
13906,-8.269304026979903
13907,-2.3703827302029477
13908,-0.09510605105704872
13909,-2.662950199555906
13910,0.4085846955366397
13911,-5.854264248054917
13912,-7.150548477831457
13913,-5.399828019938163
13914,5.1621258480231
13915,1.9338812469843156
13916,-5.08849286013313
13917,0.30994793901520057
13918,-7.462351407409211
13919,4.418425118268822
13920,-5.710927293944011
13921,-1.8573887941430567
13922,-1.9212858097479724
13923,-8.158352996809102
13924,-0.5808337684798606
13925,-3.011886177058237
13926,0.46172295939002783
13927,-7.7059876701056575
13928,-8.363414608144051
13929,-6.282377464248417
13930,-5.6396356590621615
13931,-7.155267284278803
13932,-7.700819963353874
13933,-3.8621132432944902
13934,-1.967249616535396
13935,1.7314949409086255
13936,-6.87481946255052
13937,-7.695494312304434
13938,-0.01770281580437194
13939,-4.11935470480725
13940,-1.2268402558733604
13941,-6.2782470373796935
13942,-2.079236870423918
13943,-4.42527543409951
13944,-1.4594715756113756
13945,0.3369708790077568
13946,0.5838495084790494
13947,1.7876459962046742
13948,-7.150548477831457
13949,-2.407255394138699
13950,-5.986502778830831
13951,-8.327746564465409
13952,0.5773976987571108
13953,-8.12177515232899
13954,-7.313438177090762
13955,4.585428674709879
13956,-8.209669130785118
13957,-1.4831211378950002
13958,-8.167333768496407
13959,0.7628501989319468
13960,-2.907491490041334
13961,-7.875577097009486
13962,-0.07598857683475313
13963,3.4181247642147903
13964,-5.33354244225263
13965,-4.348663102068931
13966,1.5321629593437613
13967,-2.5031016643740482
13968,-4.710399556063414
13969,-8.021723103710826
13970,3.6278140709453925
13971,0.8814007913429264
13972,-5.9437217955796555
13973,-0.6972650984921874
13974,-7.783350771958268
13975,-2.204877639205913
13976,0.829320704156395
13977,3.1224238112473244
13978,-8.269304026979903
13979,1.891921920246184
13980,-3.021077058304248
13981,-2.8978990372100206
13982,0.6385776617400116
13983,-0.4097980457245537
13984,0.054267331917034145
13985,-6.737938878824734
13986,4.131313133392895
13987,2.232845102437583
13988,-4.841724767349307
13989,6.078507015863548
13990,2.110206722134329
13991,-2.3228608310596677
13992,7.002810102551713
13993,-0.22250784347506958
13994,-2.816810931843162
13995,3.1628294447805594
13996,1.840285990307346
13997,-7.841342761430195
13998,7.284132326630786
13999,-1.3783515751290132
14000,0.7131439834732383
14001,0.8562167370205079
14002,0.12465667865627905
14003,-5.953832135715097
14004,-8.374725411204897
14005,2.797215391111411
14006,0.23269078552988232
14007,-6.690475843608281
14008,-8.387356811322146
14009,-1.2552242877834647
14010,-7.783350771958268
14011,-4.210458939359944
14012,14.80758760573069
14013,-2.8096261572633083
14014,-7.364342936987362
14015,-0.02150619989302749
14016,-5.849249508772858
14017,-7.843156803353095
14018,-6.782862182923777
14019,-1.2805546663818344
14020,-0.4823400967191609
14021,4.874415624969568
14022,3.943642030662942
14023,-8.247907321818325
14024,-7.107555599671
14025,-3.4879851418287977
14026,-7.541381333760142
14027,-4.121221337924846
14028,-8.030477828593591
14029,4.919774696230986
14030,4.580782660538816
14031,12.583659884881508
14032,-2.382320625555126
14033,3.2857768385752935
14034,-8.045855157138673
14035,4.1686850947687155
14036,-2.918574541330126
14037,-5.207501168721022
14038,-8.30722982891395
14039,-6.966049326203178
14040,-8.047585434217522
14041,2.700557312002724
14042,-5.343166581010727
14043,-3.7721028642602703
14044,-3.666484754141395
14045,5.731714036197902
14046,-0.2579520971530589
14047,-2.941155041858166
14048,-5.681928501087381
14049,-7.74189335726118
14050,-8.21980393584874
14051,0.9689515864603289
14052,-5.849249508772858
14053,-3.0222845224286807
14054,-3.3316858890508634
14055,4.1386104699492305
14056,5.28086428581519
14057,2.439253106304134
14058,-5.841824495098434
14059,-3.1858263344456565
14060,-2.0861199217056825
14061,3.021881668333056
14062,0.07432366577487914
14063,-4.121221337924846
14064,-7.404691604273764
14065,-5.3039218439925
14066,-7.702365128029566
14067,-7.254442636982413
14068,-7.939427693871278
14069,0.022724584431959363
14070,-1.0124175892545304
14071,-3.3761908252179857
14072,-0.3186125828639663
14073,-5.010500467954643
14074,6.730143589424695
14075,8.569372599277925
14076,6.45360925540831
14077,3.3862173545478917
14078,3.2948919354579624
14079,-6.690475843608281
14080,0.2629628938025751
14081,-2.1399131552331556
14082,3.0758959711641816
14083,-6.596829915850432
14084,-5.828857161907821
14085,-3.1894995492702183
14086,-4.038169598177947
14087,0.743154885757626
14088,2.612920844187274
14089,-2.3825696031111145
14090,2.4452280375712325
14091,-1.8043988603514216
14092,1.9895221875644082
14093,-3.2624647724472213
14094,-1.270547682442158
14095,-8.327746564465409
14096,-1.821457025158674
14097,-8.12177515232899
14098,-7.62170677873922
14099,1.7050704989062881
14100,-8.243553760659507
14101,-2.2315716172242963
14102,-0.7670001340639931
14103,-8.330143454063617
14104,-0.6900071349876864
14105,-0.9902638255644178
14106,-7.032139727344328
14107,-0.5320224788114001
14108,5.2148893386613535
14109,-8.03649928736727
14110,-8.30722982891395
14111,-7.155267284278803
14112,-5.008750896762345
14113,-0.3684589796464284
14114,2.0964619862214042
14115,2.9946498777386106
14116,-0.14241251112725306
14117,-2.0066319122527445
14118,0.16642553546901057
14119,2.486350690663076
14120,2.2242438342569617
14121,4.270490201095186
14122,-3.162901993402243
14123,1.759806911968682
14124,-5.849249508772858
14125,-5.281204081475781
14126,3.3286875854728053
14127,1.8926914646124495
14128,-7.150548477831457
14129,-5.467373242981147
14130,-5.954051916233256
14131,0.6604038448013112
14132,-2.710764150980769
14133,0.7197549616532193
14134,-7.62170677873922
14135,4.280942153868358
14136,1.2069300652546535
14137,1.6711376910071096
14138,-8.167333768496407
14139,-3.889909941852771
14140,-7.241244143124416
14141,0.8106029565883098
14142,-7.487870107188984
14143,1.3720609913397845
14144,-7.31024921444857
14145,-1.1183629269460074
14146,-1.602134927385459
14147,-7.222826856715167
14148,-8.419145538135878
14149,0.3046326719467273
14150,0.1442791242343212
14151,-0.044112475761325154
14152,-7.380879704033866
14153,-7.968428632368633
14154,-7.783350771958268
14155,3.691473176074376
14156,-5.795693373205111
14157,6.4651403170289
14158,-0.21996906437538355
14159,-4.42527543409951
14160,1.0194707652008492
14161,-7.843156803353095
14162,-5.951466958165354
14163,3.039827556819899
14164,-2.7262539039935607
14165,-7.748328636942443
14166,-0.025075818295327512
14167,-7.539514578511776
14168,-3.075271687515858
14169,-4.656554121531382
14170,-7.62170677873922
14171,-2.2888226477217843
14172,3.319380463126509
14173,-1.9312543094537462
14174,-8.096311185249794
14175,-8.330299757166179
14176,-0.5295719222868978
14177,-7.684985691036368
14178,-8.045855157138673
14179,0.44365057890660564
14180,2.0400707359661707
14181,-8.050988637204238
14182,-8.30722982891395
14183,0.49312081247498485
14184,4.265002196798399
14185,-0.20691213431064526
14186,1.4186292475751585
14187,0.659502551541683
14188,-0.5156200223207237
14189,-7.0512246319719
14190,6.743001883035962
14191,-1.3640464168252109
14192,4.823500611027908
14193,-7.74189335726118
14194,-8.269304026979903
14195,-4.42527543409951
14196,3.314319485305592
14197,1.1149659493652786
14198,-6.273749392970338
14199,-0.6081046722342607
14200,0.8074416052841075
14201,-7.844332827858987
14202,-5.986502778830831
14203,1.3820204913152998
14204,-3.6975460894736774
14205,-1.0264057068163357
14206,-7.62170677873922
14207,2.0754104319587765
14208,0.6796094414455878
14209,0.21632749125347184
14210,-7.8141068545513885
14211,-1.9872578421573013
14212,-6.849801146929362
14213,-2.8030511848922828
14214,-0.1265199644923719
14215,-3.569042552116322
14216,-8.363414608144051
14217,3.1894628235022062
14218,-0.9107252615747748
14219,2.331855183157995
14220,0.4456828949104321
14221,-7.67741569730577
14222,-0.9895733699987218
14223,-3.316601449954403
14224,-2.6687245233416066
14225,-6.991074010971898
14226,6.693446911023958
14227,-6.017371016176622
14228,-1.931957965062556
14229,1.8957001660741462
14230,-0.40995330192219814
14231,-1.1802912897356168
14232,-0.6522279346451819
14233,-0.6926150407595797
14234,1.4594277627777978
14235,1.8143947141783114
14236,6.20892092776551
14237,-3.6889300324866308
14238,-5.986502778830831
14239,-3.4934423329189475
14240,-7.107555599671
14241,-8.115288973529301
14242,-4.227943547260477
14243,1.2359648574806035
14244,2.0552615504071374
14245,5.190083186077267
14246,0.8921362130832455
14247,-8.323839590431444
14248,-7.939427693871278
14249,1.5290530234012025
14250,-7.600316639075035
14251,-7.997670739056837
14252,2.14535858890276
14253,2.497920516829118
14254,-0.1634569128957586
14255,1.2193161146914062
14256,-5.843006680367295
14257,-0.21219927790234827
14258,-7.715843306494454
14259,-2.3528502453601243
14260,-1.6149153839466766
14261,2.3159865973066145
14262,8.961441351327183
14263,-5.547002191856815
14264,-0.661064194353085
14265,7.8265213522154005
14266,-6.400552342570959
14267,-2.774442559381911
14268,-2.095766562415507
14269,3.982288446590816
14270,-5.047733502328759
14271,-4.265076017243306
14272,-7.044570029934926
14273,1.0228202755184266
14274,-5.404717119443053
14275,-0.035352636695367506
14276,-7.107555599671
14277,0.6577719910791969
14278,1.200610008000024
14279,1.9353541775686156
14280,-1.188056955082116
14281,-5.4044676781972605
14282,-2.7724171950101613
14283,-4.983684655250845
14284,-3.63008649279617
14285,4.476836416422814
14286,-1.9947649704832209
14287,3.101970833166452
14288,-8.363414608144051
14289,5.49828777111292
14290,-3.101688668796391
14291,-2.522464044472656
14292,-8.294499471512138
14293,-0.8019001315390168
14294,-1.4118004518640968
14295,1.0312548451013925
14296,-8.399171260676408
14297,-7.968428632368633
14298,-7.8103281921503545
14299,1.47864837379172
14300,-5.828857161907821
14301,-0.9227191646975395
14302,-7.837797465119532
14303,-4.42527543409951
14304,1.4584086606065576
14305,-5.62138491806683
14306,-7.259843284030989
14307,-5.8276441864644095
14308,1.9231720860580714
14309,-7.844332827858987
14310,1.267123221798324
14311,17.00548716947895
14312,-7.107555599671
14313,-7.141823373506725
14314,-7.62170677873922
14315,-4.134446793729724
14316,-8.20192840663541
14317,1.7234876929238598
14318,1.4610324499759832
14319,3.030502609627054
14320,-7.939427693871278
14321,2.6237882376800523
14322,-8.045855157138673
14323,2.412668287713273
14324,-8.363414608144051
14325,5.006795704399254
14326,-3.4874102073824407
14327,1.3492168160948999
14328,-4.029320608336306
14329,-7.552797110095888
14330,3.866125188406304
14331,1.1005420614960308
14332,0.788274401811128
14333,-1.8692727158063833
14334,-3.4123664914167
14335,-6.030303185929389
14336,-0.4630498175074438
14337,4.841524796789653
14338,-6.732188797469672
14339,-2.1968793711685164
14340,-5.849249508772858
14341,-7.843156803353095
14342,-0.03333008101856805
14343,-0.40002424693068733
14344,-2.067607809267832
14345,-7.844332827858987
14346,-4.8240867000474
14347,-0.8958083933084627
14348,-7.107555599671
14349,-8.12177515232899
14350,-1.4329802885299472
14351,-4.134446793729724
14352,-2.8528745294953004
14353,-3.8343250523801684
14354,-0.22068687097655415
14355,-4.009831773956624
14356,-5.810645143192703
14357,3.5148681825498085
14358,-1.5026562269405557
14359,1.525795168431082
14360,-7.998515598728808
14361,-1.6273608363296024
14362,-8.30722982891395
14363,-5.369437763136997
14364,2.3701063765137955
14365,-8.021723103710826
14366,1.3115733828376401
14367,-6.3343039748043015
14368,11.979820720013617
14369,0.7968078700751109
14370,-7.8103281921503545
14371,-5.959253414497711
14372,2.5113594060863846
14373,-7.679287043507807
14374,-8.269304026979903
14375,-2.798102259488625
14376,0.20057627174844794
14377,3.390293016506713
14378,-3.887200860578288
14379,0.901325271958404
14380,-4.650737849089294
14381,-7.844332827858987
14382,5.840435879934111
14383,-3.9234952542365806
14384,-4.632057168946001
14385,-1.8707605954411264
14386,3.403661492335677
14387,-4.134446793729724
14388,7.203494055995764
14389,-5.366179658034865
14390,-8.167333768496407
14391,-2.169432083470346
14392,-2.750798689874424
14393,1.0027529641347686
14394,-6.554496703582741
14395,-0.48694117081626986
14396,-8.363414608144051
14397,-5.352116827830615
14398,-4.26013850447989
14399,3.590141865435932
14400,-2.0109685436284446
14401,5.127033662651485
14402,-4.800496852212677
14403,0.20959349947029327
14404,-1.8536384974497522
14405,-2.103604960407229
14406,-7.8103281921503545
14407,-0.1356478870544299
14408,0.7648901506874402
14409,0.301336283674276
14410,-0.1149295238766822
14411,-2.944475710687156
14412,-4.689936344305686
14413,-7.843156803353095
14414,-8.27955761529051
14415,-1.8506463694067528
14416,-1.4678174553090462
14417,-7.844332827858987
14418,-3.471413753808029
14419,-8.327746564465409
14420,-7.107555599671
14421,-2.4643888669412637
14422,-1.289090062808349
14423,-4.184790184834985
14424,-8.218166581302082
14425,-1.6741833034198503
14426,3.5150403923489186
14427,-4.269808024669849
14428,-7.939427693871278
14429,-1.1726299819152046
14430,2.606529389377816
14431,-8.26643620529138
14432,-1.3149184592461873
14433,-8.214035407338251
14434,-6.367387309989663
14435,-7.222826856715167
14436,3.5333116882996984
14437,-0.7853850186366893
14438,-7.371642449596595
14439,0.8982332413685271
14440,-1.1250698430874313
14441,-2.2730228190939274
14442,13.324040013782536
14443,-1.9025723526388891
14444,-5.828857161907821
14445,-3.887075216809917
14446,-8.269304026979903
14447,-4.42527543409951
14448,7.635885824707682
14449,-0.02876702592365188
14450,-2.92843011593538
14451,-1.6850033814211778
14452,-7.150548477831457
14453,-7.844332827858987
14454,-5.986502778830831
14455,-3.0647606573662953
14456,-4.377327295116939
14457,-8.08468231007974
14458,-1.8211003242532373
14459,-0.7091342908002862
14460,3.2973045216752666
14461,2.678753731128649
14462,0.730465255062747
14463,-1.4439419774355684
14464,-7.939427693871278
14465,1.1466585346145592
14466,-6.513350213856722
14467,-8.163188318139277
14468,-2.314941222532239
14469,-8.214035407338251
14470,-8.30722982891395
14471,-2.167284517737973
14472,7.33066514308056
14473,-3.7725836337686802
14474,-8.045532938390691
14475,-3.4701076440799032
14476,-0.9130778501160786
14477,-1.2045632023081887
14478,0.4946430240996311
14479,-6.596829915850432
14480,-4.237537952224519
14481,1.8474419765806842
14482,-8.269304026979903
14483,-0.2960734183975917
14484,-3.4869981368812653
14485,-5.918759674831427
14486,-5.346520472406266
14487,-2.1895124333814726
14488,-3.909647228217322
14489,-7.844332827858987
14490,-1.741190893002671
14491,-8.327746564465409
14492,1.959762228342389
14493,1.7417265149833439
14494,-7.62170677873922
14495,2.1957556481953997
14496,-4.165853784600481
14497,-5.4044676781972605
14498,2.0602463998709717
14499,0.1956148333806167
14500,5.841293382342949
14501,0.8577337414217457
14502,-6.893210872065444
14503,0.5537431887272426
14504,-8.275868489440773
14505,2.642166951598358
14506,3.540674304159709
14507,-7.222826856715167
14508,-8.419145538135878
14509,-4.740840087617686
14510,-0.06192101854807597
14511,-1.6090837488302139
14512,2.093406490913305
14513,-0.6940857851288675
14514,0.5080397725304127
14515,-4.881373462778974
14516,-5.828857161907821
14517,-7.74189335726118
14518,-5.351338103880643
14519,0.5321263193018222
14520,-5.150244321546713
14521,-5.081320815125537
14522,-4.31432413294122
14523,0.14166304400773866
14524,-7.150548477831457
14525,-0.7673186320418129
14526,-7.1718271027692575
14527,-3.0034079215575598
14528,-0.7450576901389516
14529,3.681074260872713
14530,-7.3280634029759755
14531,-4.184790184834985
14532,-8.243553760659507
14533,-0.6803863258725434
14534,-5.185638607251029
14535,-3.011217747428071
14536,-3.019338449542733
14537,-4.628638153021962
14538,-8.045855157138673
14539,-8.276627950341629
14540,-6.26392139196764
14541,3.4033669197873624
14542,-3.50984787042853
14543,3.1852420092360405
14544,-8.419145538135878
14545,-8.021723103710826
14546,-4.3249156647343625
14547,1.2248317183750252
14548,-3.775049344604101
14549,5.2344701710015045
14550,-6.003252026116768
14551,2.882651775408425
14552,-3.548249314296595
14553,0.6730817534508143
14554,3.4754733255488297
14555,2.439810146403062
14556,-5.849249508772858
14557,0.16893568164143646
14558,-7.219666285227839
14559,-1.4346732678659573
14560,3.297942444213247
14561,-7.844332827858987
14562,5.427638841416805
14563,-2.8653596580307488
14564,-4.047357663440236
14565,-8.12177515232899
14566,1.2233863996324301
14567,-4.184790184834985
14568,-7.972969185873159
14569,-5.4044676781972605
14570,-8.167333768496407
14571,3.6298173512564675
14572,0.17902767788321372
14573,-5.1952033998688885
14574,2.2759726357761974
14575,0.32873483293663575
14576,-4.785695094686078
14577,-8.214035407338251
14578,1.7131827835122362
14579,-6.885886432879654
14580,4.779007945889661
14581,-7.00443105092531
14582,1.0519208059405138
14583,-7.830187320404533
14584,-0.34861275477730036
14585,-7.968428632368633
14586,-7.51358355094
14587,-6.596829915850432
14588,-1.3259753028345795
14589,3.77713952607192
14590,-1.895361838366195
14591,-1.2117213892458132
14592,-1.5395916735571862
14593,0.22006477999023932
14594,-0.0835287222351555
14595,-5.210434695770484
14596,-1.2151892148923322
14597,-1.149818579666238
14598,-6.745732188922933
14599,-6.3413556707595875
14600,1.5171131564997866
14601,-8.12177515232899
14602,-3.044325096508477
14603,-4.242318110889378
14604,3.808595665742446
14605,-1.7861676484305233
14606,-0.006254781188200109
14607,1.0979056207034412
14608,-1.4490751013013903
14609,-7.818217108423341
14610,1.1616041473352292
14611,-8.276627950341629
14612,5.087356857584338
14613,3.8793880447829254
14614,3.624977325137701
14615,-4.072234048866017
14616,-7.455570966739386
14617,-8.021723103710826
14618,-0.8780669261876415
14619,-7.830187320404533
14620,-8.307967447315013
14621,-0.35106134435989556
14622,-3.633068421132123
14623,-6.596829915850432
14624,-1.0259568004872854
14625,5.028146856382443
14626,-1.5941597130412872
14627,-4.42527543409951
14628,1.1403796616945394
14629,-7.5726684542575695
14630,0.2883175241154541
14631,-1.76265165526414
14632,-5.994503386701763
14633,-7.844332827858987
14634,0.4308955503167633
14635,-8.189517766730095
14636,10.314945201025454
14637,-8.12177515232899
14638,-1.5702163964980742
14639,-0.04351504408312645
14640,-0.22229761280735638
14641,-5.4044676781972605
14642,-8.167333768496407
14643,-8.314444776745912
14644,-7.842039033274294
14645,1.279526184837997
14646,-5.179746146962344
14647,-4.280222041570418
14648,-8.363414608144051
14649,4.944412017226443
14650,-8.30722982891395
14651,-4.115006251416
14652,0.19798302137185833
14653,-8.021723103710826
14654,-6.604485580756987
14655,1.0766015492238339
14656,-8.401044433977793
14657,2.1310907296656865
14658,0.8100882358341004
14659,3.455381759516489
14660,-0.7032121298334044
14661,5.373334086012543
14662,-8.269304026979903
14663,-4.42527543409951
14664,3.131629890198246
14665,-1.8388133735278553
14666,0.9699397886995178
14667,-5.854264248054917
14668,2.603775427508971
14669,-0.3013986525980015
14670,-4.524937558769258
14671,-3.240600063592066
14672,-6.690085827558382
14673,7.0649682883036595
14674,-1.5655534951011663
14675,-4.2974605791260965
14676,-7.060158307715639
14677,-3.9112957640196924
14678,3.0561208869265606
14679,-7.646336547221156
14680,-5.521835573005364
14681,-1.4448818839299364
14682,-7.8986306710744305
14683,0.505548386981361
14684,0.5799925666699854
14685,7.542592109635548
14686,-8.280659090209586
14687,-7.222826856715167
14688,-8.419145538135878
14689,-8.021723103710826
14690,-3.380904776749068
14691,-7.076852465039108
14692,-2.0199767229223293
14693,-2.3778743425732483
14694,-1.6558985977731022
14695,-2.5745819801882277
14696,0.023700065454656694
14697,-7.650194867049494
14698,-8.269304026979903
14699,1.2834841060272775
14700,-5.849249508772858
14701,-4.688445195103619
14702,-8.314493264424739
14703,-5.70353954240898
14704,3.3846853708848545
14705,-7.773448789581411
14706,-7.1718271027692575
14707,-1.1223005538804205
14708,-6.491777489271261
14709,-4.617468246324448
14710,2.397447848858716
14711,-4.035541927295934
14712,0.42973919410778777
14713,-3.055582691105823
14714,-3.878518593452389
14715,-0.48612752731478304
14716,-7.939427693871278
14717,-1.6813632938253027
14718,-0.0688613482229925
14719,2.096818987140812
14720,-2.44641920365253
14721,-8.223200645168898
14722,-3.011295792531733
14723,-6.26090504633107
14724,-8.419145538135878
14725,-7.970060112443998
14726,3.3103239138985687
14727,-7.86794730258605
14728,-1.5160282580476279
14729,0.5735027874391738
14730,0.2844529857606086
14731,-5.84285962126473
14732,-3.6399288537225645
14733,-4.940908749868052
14734,-1.6374870163491655
14735,4.030537963179905
14736,2.8230524521852933
14737,-2.2044723099572043
14738,-8.303615319393872
14739,-1.3585279871178033
14740,4.674730702224118
14741,-2.464861919441573
14742,-0.14591657184637263
14743,0.5889256913795378
14744,-5.381979999706492
14745,8.830040413835313
14746,-6.59421242673284
14747,-4.903292907685645
14748,-0.8103555944050542
14749,2.8657733639913188
14750,-8.146206614770524
14751,-8.330299757166179
14752,-7.939427693871278
14753,-2.833667103842321
14754,2.1834915649246134
14755,-4.647306927384051
14756,1.6558083568582882
14757,-3.7744965940500195
14758,-1.7814865346648658
14759,-1.011837342023131
14760,-1.1732549314631031
14761,1.897949160309298
14762,-8.045532938390691
14763,3.021274938910176
14764,-8.401044433977793
14765,-6.9895711747103775
14766,-1.1381541750206616
14767,-2.7469890961316685
14768,-3.1116275931256077
14769,-0.8871501042707712
14770,-7.574432889111946
14771,1.6614834396361282
14772,-6.0421432042289895
14773,-1.2222103459524642
14774,-7.27016463436285
14775,-2.3277746000067125
14776,-3.5975161800027875
14777,7.320764575574703
14778,-2.958947267046428
14779,-8.162993711318597
14780,-7.107555599671
14781,-8.077811060346491
14782,-7.524309732371554
14783,-1.001784978084388
14784,-3.123883359359913
14785,-5.049497162953938
14786,-8.13697181576031
14787,1.587342124587526
14788,-0.3353955717267044
14789,3.2731950734987074
14790,-7.972524448288542
14791,1.440737364358834
14792,-7.531306708338715
14793,5.120228694522595
14794,1.4819292869627705
14795,-7.222826856715167
14796,-8.296778090610239
14797,-5.784482506923692
14798,-1.516877271999093
14799,-3.960269358641078
14800,-4.359774014175686
14801,-6.730648354296455
14802,1.8723400226150204
14803,-3.72908800252668
14804,-5.842375023900754
14805,3.535906802047753
14806,-6.585332158877233
14807,-4.42527543409951
14808,-2.77881731500773
14809,-7.809613243955114
14810,-2.0792012389938015
14811,3.5207973181807106
14812,-5.295407798956075
14813,-6.171382577767569
14814,-7.1718271027692575
14815,-0.18678760119494453
14816,-1.3077518977648672
14817,-1.1810931565285803
14818,-7.62170677873922
14819,3.3825525046200235
14820,-8.243553760659507
14821,4.441160796286489
14822,-4.889721491634978
14823,-2.4419551814738942
14824,-7.939427693871278
14825,1.5903665740994621
14826,-0.34227966776159924
14827,-8.071944647630346
14828,-8.24508539106931
14829,-8.11080711260795
14830,-8.30722982891395
14831,-3.64226921726695
14832,-8.419145538135878
14833,-8.021723103710826
14834,-5.404710848826444
14835,-6.563278115793012
14836,-1.0158724729059831
14837,3.0956978170020366
14838,-7.8103281921503545
14839,-2.060015071008612
14840,3.262578410382326
14841,-1.0980239424163756
14842,-8.149791498613784
14843,1.9416562465570877
14844,2.845544518545043
14845,0.8703387632078508
14846,0.12857913205271032
14847,-5.854264248054917
14848,-2.507416185486656
14849,-6.674408968996916
14850,-0.1495476037885335
14851,-3.0309466685687125
14852,-7.107555599671
14853,-2.36008934306142
14854,0.16472515809679011
14855,1.9316239209459218
14856,0.9332686830371872
14857,0.7020479971395828
14858,-8.231681539578911
14859,-6.0388813403516135
14860,-0.8854342834396258
14861,-5.80022104115174
14862,-0.7032651484312731
14863,-8.276627950341629
14864,-8.363414608144051
14865,1.9765800361147845
14866,0.744390909599589
14867,-0.17965153740695294
14868,-6.99487187776696
14869,-7.4993055746396164
14870,-8.045532938390691
14871,-7.8529008295636205
14872,1.8365857206823475
14873,-1.3741516581003144
14874,-2.0982573467493015
14875,-6.596829915850432
14876,0.017024965747435505
14877,1.9376047547918613
14878,0.6952141834356337
14879,0.02239398984261054
14880,-6.0421432042289895
14881,4.548197151604363
14882,2.36497742155896
14883,-2.190496290211482
14884,2.1222365634883253
14885,-7.844332827858987
14886,-7.696824026097797
14887,-0.012054467395019586
14888,-4.707945197691507
14889,-1.190997383515746
14890,-7.62170677873922
14891,-5.8850273487409375
14892,-1.256503340073614
14893,-5.4044676781972605
14894,2.815929742854307
14895,-8.27150644487089
14896,-0.788271871959991
14897,1.1496324064155328
14898,-7.9968244486348
14899,-8.025557334689381
14900,-8.195953011086672
14901,-7.351144216964033
14902,-2.966233031738863
14903,-1.6477285866585363
14904,2.483190392963554
14905,1.8374961321266734
14906,-8.045532938390691
14907,0.08083834421369007
14908,-8.401044433977793
14909,-7.318832024887023
14910,-4.127450640294126
14911,-6.330474823348801
14912,-0.22994200390153585
14913,-7.556046394013317
14914,-3.8961274057933424
14915,-2.5962846619316617
14916,-3.3054244118529335
14917,-2.5601892553882015
14918,-1.0093846287950947
14919,-1.0053733930721807
14920,-6.556258785369092
14921,1.9083277881357004
14922,-7.9841308728988745
14923,2.5305838594584933
14924,-7.107555599671
14925,0.8015803908558496
14926,-3.354231377785264
14927,1.3335999564793288
14928,1.4149391944855292
14929,5.136149182345862
14930,-1.228858960052332
14931,-8.18419062996109
14932,-7.97904536216071
14933,-7.904276090019409
14934,-1.2171008193743083
14935,-1.072334694122612
14936,1.0528650522076823
14937,-5.657208010858832
14938,-0.46327496120751366
14939,-7.222826856715167
14940,-7.526785785771349
14941,-8.021723103710826
14942,-1.150122468787794
14943,-4.4587068494764335
14944,3.323450073499319
14945,-4.139909037773364
14946,-2.0346111069574357
14947,0.5915818550605325
14948,-0.19546632392348395
14949,-6.695702244446776
14950,-8.269304026979903
14951,-0.5101600704181108
14952,-3.2546680944637436
14953,-7.858180280706174
14954,-5.544288607428631
14955,1.485489018751943
14956,0.37262822354883884
14957,-6.357389774950294
14958,0.46531053336209216
14959,-8.327746564465409
14960,3.01976483017993
14961,-5.344561934210054
14962,-1.0218814823035647
14963,-5.8850273487409375
14964,-8.243553760659507
14965,-0.47535214462685005
14966,1.2657192276822953
14967,-8.338047731655351
14968,2.668556791967908
14969,-2.7860633813218163
14970,-6.3767068966447065
14971,-5.159500574810183
14972,-8.11271583321529
14973,-6.309202697946037
14974,-8.30722982891395
14975,-7.222826856715167
14976,-5.110563536833704
14977,-3.8783869108984703
14978,-8.045532938390691
14979,-2.0707324663339097
14980,-4.205826201879947
14981,-7.863772095423666
14982,-7.8103281921503545
14983,-4.2515375054988045
14984,2.143765250909143
14985,-3.810825374374499
14986,-4.281716782116568
14987,-4.42527543409951
14988,-6.0421432042289895
14989,2.796257774401171
14990,-7.970554645879696
14991,-0.3466208381537329
14992,1.2739217432867826
14993,-5.340096706712156
14994,-7.381753400498509
14995,-6.818283398068039
14996,1.179822107438566
14997,-6.328194866187822
14998,-0.37015547440192287
14999,0.24441993148488406
15000,-0.3002421719475752
15001,3.600385069290419
15002,-8.265382544644902
15003,-0.6465272489278435
15004,-1.098708662903784
15005,-5.657405941960718
15006,8.497995457220254
15007,2.573275036161915
15008,-8.413270260038848
15009,1.8178734987113985
15010,1.053663222708292
15011,-6.284966322828166
15012,5.134689665635927
15013,1.6265847262327755
15014,-1.4304856233475607
15015,-7.86794730258605
15016,-3.731616788841156
15017,9.695087898219196
15018,-1.377800804341807
15019,-6.596829915850432
15020,2.057584949974483
15021,-7.74189335726118
15022,-6.9154911144477875
15023,-4.42527543409951
15024,-0.8571947229727925
15025,-3.430494973588104
15026,-8.192559632851038
15027,-5.269787140129521
15028,11.990992138277855
15029,1.6309969488854419
15030,-7.9841308728988745
15031,-8.327746564465409
15032,-7.107555599671
15033,1.898349620152551
15034,7.480570099080827
15035,-5.8850273487409375
15036,-7.608694007991981
15037,0.890898668554875
15038,-8.262550240044545
15039,-6.287663815108462
15040,-7.97904536216071
15041,2.564542480202567
15042,-3.953902032937001
15043,-0.2455366244221162
15044,-2.4525711178058027
15045,-8.223200645168898
15046,3.9565038906927397
15047,-1.2154965287988433
15048,-0.7478339103093319
15049,-3.166320751978618
15050,-8.045532938390691
15051,-7.86794730258605
15052,-8.401044433977793
15053,-7.8003567904061715
15054,-0.9816652737256955
15055,-1.8966602483136539
15056,1.9334938593708173
15057,-3.124835476409405
15058,-6.442443677136122
15059,-4.42527543409951
15060,-3.200097608001412
15061,-4.922018529165934
15062,-6.189998449597843
15063,0.7032221892678248
15064,4.25583872189899
15065,-7.659837224152536
15066,2.3641575723195887
15067,-7.992625120324887
15068,-3.3028303984825103
15069,3.4713616410578205
15070,-7.62170677873922
15071,-5.8850273487409375
15072,-8.243553760659507
15073,-3.1560138578417143
15074,-8.289515096142317
15075,-7.854044118553527
15076,1.2046340541596878
15077,-5.944715616534748
15078,-5.453031898195965
15079,4.659534943863198
15080,-4.461764068358797
15081,-8.021507097939926
15082,-8.30722982891395
15083,6.356543526088691
15084,-0.5505395737593026
15085,-8.021723103710826
15086,-0.2572694113339577
15087,-7.86794730258605
15088,-4.804535875187298
15089,-7.872684343355806
15090,-1.3199386215224105
15091,-1.5760962525786075
15092,-5.842375023900754
15093,-7.74189335726118
15094,-7.444117227732382
15095,-4.42527543409951
15096,-6.0421432042289895
15097,-5.317413084532468
15098,-7.370038033762019
15099,-5.854264248054917
15100,-2.615746600637037
15101,-7.6393465356641155
15102,-7.9841308728988745
15103,-4.542574790710173
15104,-5.604928930496619
15105,-8.12177515232899
15106,1.7533512968286662
15107,-4.346525841325075
15108,-8.051492548816839
15109,0.05915478381710315
15110,-8.289515096142317
15111,-0.11184629766824039
15112,-7.97904536216071
15113,-6.412085076725858
15114,-0.18145704334460766
15115,-0.36758262128565533
15116,-2.5364950371858193
15117,-2.058095734097004
15118,2.158132358958781
15119,-3.38419911786413
15120,-0.9495301156448583
15121,4.950056331948849
15122,-8.045532938390691
15123,2.1088965483698576
15124,-8.401044433977793
15125,-7.968428632368633
15126,-1.2500114616312104
15127,-1.4396261203412604
15128,2.2339508631724874
15129,-7.43017444172902
15130,-8.269304026979903
15131,-1.0301988017876522
15132,0.47519199355429387
15133,-2.608747751982694
15134,-1.8410684829908444
15135,-1.4026236969401127
15136,18.436650718135176
15137,-4.31034098133526
15138,5.025904936929011
15139,0.3267588785562625
15140,-6.744995222679321
15141,7.0630875719577
15142,3.4546722885127408
15143,-1.1850733238306437
15144,-2.0008954099254828
15145,4.975757720968222
15146,3.6476986541134693
15147,-8.353806373264327
15148,1.7924695498809162
15149,-6.946867216755477
15150,-7.964014773718923
15151,-8.193661440258635
15152,2.845098446376517
15153,-8.223200645168898
15154,-8.30722982891395
15155,1.285761248208081
15156,-8.419145538135878
15157,-1.0364093484076806
15158,0.6639365948206684
15159,-7.86794730258605
15160,-7.528852890742498
15161,-5.557769893975763
15162,-1.19632935101905
15163,-0.18650732394179093
15164,-5.534760249414896
15165,0.32604878965165174
15166,-0.776455361969093
15167,5.67928182376113
15168,-5.668465258199834
15169,-7.413900990453163
15170,-8.314493264424739
15171,-1.0078875055911019
15172,8.765845950386424
15173,1.701491760959934
15174,-7.9011059944181845
15175,-8.282422297458801
15176,0.20393944564145228
15177,1.5009367331374928
15178,-7.62170677873922
15179,-0.8884558476108901
15180,-8.190355106392332
15181,-5.4044676781972605
15182,0.754346658008189
15183,-8.19381605385331
15184,2.0277607353915545
15185,-6.760444212569615
15186,-3.704819838184755
15187,-8.195854999443736
15188,0.04538097204448999
15189,5.271173687050393
15190,1.3293481307349593
15191,-1.256180702055979
15192,-8.32771253157026
15193,3.3641821608787046
15194,1.1634927654973695
15195,-5.834343388682729
15196,-7.5963319994931755
15197,3.392352471118007
15198,-7.8103281921503545
15199,-6.596829915850432
15200,3.3585739778594323
15201,-7.74189335726118
15202,-8.169760214091315
15203,-1.6738097978416537
15204,-6.0421432042289895
15205,-4.852606187408239
15206,-6.949118691568201
15207,-3.177226702788232
15208,-3.1954639409805483
15209,-1.1609707916104335
15210,-7.9841308728988745
15211,-8.327746564465409
15212,-0.39474861693582036
15213,0.3437115962672792
15214,-1.4483720308159118
15215,-5.8868228449375195
15216,-2.2038557307165654
15217,2.854812840748629
15218,6.317358692816047
15219,-8.353806373264327
15220,-1.6314341287553118
15221,-7.636104282992238
15222,1.4605369839589617
15223,-6.952350524027255
15224,1.9171296853682611
15225,3.334620944916563
15226,-3.7769127157521765
15227,-0.3811201768896222
15228,-8.419145538135878
15229,-8.021723103710826
15230,-7.96501834240956
15231,-8.342506263666072
15232,-8.401044433977793
15233,1.5726021413489244
15234,7.832412222205674
15235,-6.596829915850432
15236,6.095376398017475
15237,-6.533730314786495
15238,-8.269304026979903
15239,4.531074772891398
15240,0.4618367892285682
15241,-1.611029489115721
15242,-5.616851048376244
15243,-1.7493732171513672
15244,-0.7736776934255996
15245,5.437625684992904
15246,-7.9841308728988745
15247,-8.304734832898367
15248,-3.7048798031601025
15249,0.7565544395553582
15250,-7.684666369568049
15251,-5.8868228449375195
15252,0.18897946848015057
15253,-3.0513919949706843
15254,3.3027803814294034
15255,-8.283405055995807
15256,-3.3386227408368216
15257,0.9241771738001696
15258,-8.045855157138673
15259,2.6421403805270907
15260,-8.413270260038848
15261,-5.082237247334841
15262,-0.7551095694469794
15263,-7.222826856715167
15264,-6.303773235647186
15265,1.1962361655307812
15266,-7.759392372982367
15267,-6.387193019311192
15268,-3.132206084875728
15269,-7.968428632368633
15270,-3.3964544415556044
15271,0.6544422646731811
15272,-1.2700503767863833
15273,-2.1288419751468624
15274,-7.5159136780636455
15275,-1.6423196018492061
15276,-0.26273608219036215
15277,6.463830254197004
15278,-8.314493264424739
15279,3.5477470096659065
15280,-3.6026562483108613
15281,-4.855647789055818
15282,-3.7966519235211367
15283,5.214751803291452
15284,2.345127412980989
15285,-0.25768471811043536
15286,-0.6227476869795772
15287,0.25862384996121346
15288,-8.33927675325258
15289,7.034091961673274
15290,7.997484824027899
15291,-0.7222593375249464
15292,-6.855282221357063
15293,7.984160725860319
15294,-7.334120405741609
15295,-2.4023500339593955
15296,-3.055700043580823
15297,-8.223200645168898
15298,-1.309262562720072
15299,-7.222826856715167
15300,-3.5830375384328654
15301,-0.07622302680190973
15302,-1.306297531503538
15303,2.4232654105781086
15304,-4.082864390676104
15305,-2.569190065668368
15306,-1.7990296538487525
15307,-6.596829915850432
15308,-5.909123878327382
15309,-2.5237080768822766
15310,-8.269304026979903
15311,-1.4284581930519282
15312,-6.0421432042289895
15313,2.4540968079677827
15314,-1.2842338077872004
15315,-4.6974823632642035
15316,-7.150548477831457
15317,-5.120954243237776
15318,-5.099191328008196
15319,-8.327746564465409
15320,-2.151380864971632
15321,-2.7803475763980754
15322,-7.793446470244027
15323,0.8549988540803316
15324,-8.33927675325258
15325,-5.4044676781972605
15326,-8.289515096142317
15327,-8.221150924800101
15328,7.105227118683833
15329,-7.904276090019409
15330,-2.545484757299487
15331,2.895772343941619
15332,-0.3270021340732332
15333,3.6219744920924803
15334,0.29648293816127913
15335,3.611200837672901
15336,-8.403171916616552
15337,-6.998219001046644
15338,-6.349554412662821
15339,3.6808281614419225
15340,0.8772195141773232
15341,1.5029954955188924
15342,1.1065165957074177
15343,-6.693089644271716
15344,0.8716376079976637
15345,-2.054908075483321
15346,-8.123869069091693
15347,1.5782524617454718
15348,-6.0421432042289895
15349,3.7743857767231095
15350,-8.314493264424739
15351,-7.943564775517142
15352,-7.150548477831457
15353,-5.818268574246094
15354,-7.9841308728988745
15355,-8.327746564465409
15356,-5.473941128129338
15357,3.906553326258298
15358,6.065519138361211
15359,-5.025775185440283
15360,4.922270167897802
15361,-5.2214046211270295
15362,-0.008539404592310618
15363,-7.446399468564857
15364,-5.264700860215338
15365,2.7785380616413735
15366,1.5593871263204688
15367,-3.5802130584507523
15368,-8.413270260038848
15369,2.613393946630581
15370,-8.251610108497069
15371,-7.0749083599274165
15372,-8.445393037385156
15373,-1.1805989637794938
15374,-7.666834749050766
15375,3.648043515430878
15376,-8.35052570198395
15377,-7.313292711450548
15378,-7.8103281921503545
15379,-6.335527203590667
15380,-1.1484922602324108
15381,5.490151018470172
15382,-8.269304026979903
15383,-4.42527543409951
15384,5.769813643512028
15385,6.337589659915695
15386,-1.1179014193144532
15387,-8.050464024154559
15388,-0.3788648006093238
15389,-5.079654865914687
15390,-8.011479812289842
15391,-8.240748652425463
15392,-1.461798394186697
15393,3.7125778113444317
15394,-0.1949091302079644
15395,-5.8868228449375195
15396,0.08909334440628824
15397,0.42344848718266115
15398,-3.13788958369071
15399,-8.353806373264327
15400,0.7400711457060023
15401,-1.5845809165844973
15402,-7.7640562538129325
15403,0.8898039603735048
15404,-0.9178968124776856
15405,-8.139123165387028
15406,-8.30722982891395
15407,1.0360252472935723
15408,-8.381204292859284
15409,2.7895010089765013
15410,-0.5782808855094367
15411,3.7043870479372094
15412,-4.212605946056169
15413,-8.04280312209126
15414,-7.8103281921503545
15415,-2.491835939737663
15416,-0.2605473133174836
15417,-1.747269247148863
15418,-3.6364830382774627
15419,2.4835911196348945
15420,2.9009904255559764
15421,-5.6283809054619
15422,-8.314493264424739
15423,-8.050464024154559
15424,-7.150548477831457
15425,-6.25360863817593
15426,-7.262617254183651
15427,1.232949915408295
15428,1.2942759300259228
15429,-4.340594849461383
15430,-7.793446470244027
15431,-7.009651427142538
15432,7.475819527743279
15433,-0.28008446609351845
15434,-8.276095499192357
15435,2.7390472478211896
15436,7.53811649459244
15437,-7.815520872296548
15438,-6.1829809581095505
15439,-1.0326154795989417
15440,-8.398639317449303
15441,-8.223200645168898
15442,-6.39220966548697
15443,-2.228842706778384
15444,-7.954454136773194
15445,2.4714056665654
15446,-7.993809450272232
15447,-8.342506263666072
15448,-0.4613349201917406
15449,1.4705749134054082
15450,-3.058994364586582
15451,-6.693089644271716
15452,1.2868310051805487
15453,-3.8582456601461823
15454,-6.229211235395639
15455,-4.42527543409951
15456,-6.045258099925196
15457,-8.05964051530903
15458,-0.27412028896050544
15459,-8.043480277936666
15460,-0.10549188815672306
15461,3.2105349668339263
15462,4.1451700275511145
15463,-8.255012464126475
15464,-3.384572679445554
15465,-8.12177515232899
15466,-1.1753653908060067
15467,-7.074513223554705
15468,-8.391039690138191
15469,0.6254319476534613
15470,-0.2597852931097284
15471,-3.1004151589693105
15472,2.53904745801576
15473,0.9665323154347183
15474,0.012202005920963321
15475,5.40416526009308
15476,3.002500529612278
15477,1.6481787587634136
15478,-8.30722982891395
15479,-2.3507562758708573
15480,-8.445393037385156
15481,0.4779552774954945
15482,-8.045532938390691
15483,-7.47004811421024
15484,-8.401044433977793
15485,-7.761933627184925
15486,-3.1462590571900124
15487,-6.693089644271716
15488,-5.872978573501347
15489,-1.6620655134285764
15490,-7.387297388714058
15491,-2.6648631316086515
15492,0.9128287105147401
15493,2.633666751943672
15494,-7.803294390568664
15495,-6.378576734760051
15496,-4.011899704978786
15497,-2.3501380100990596
15498,-8.050462023019639
15499,3.900936153008138
15500,-5.544375259707732
15501,-0.7062032927718227
15502,0.3575154496768582
15503,-7.2034285791998505
15504,-5.742859918397315
15505,-0.14165460420371678
15506,-2.0558633950161775
15507,-5.8259521922575175
15508,-7.924145270690822
15509,0.43893099185341955
15510,-8.045855157138673
15511,-8.297244052008182
15512,-8.025215202293621
15513,-4.589906279596219
15514,-8.156962651386255
15515,0.8262532065711357
15516,-8.445393037385156
15517,5.834872777647362
15518,1.8735083877186967
15519,-8.122768308946558
15520,-0.5745120336673799
15521,-8.04280312209126
15522,-3.6226365348342857
15523,-2.0733133097201115
15524,2.919544471773228
15525,-1.8013189809125179
15526,-7.238093209860806
15527,4.483221916651454
15528,-4.311653440878025
15529,-4.500760193169607
15530,-1.209937068552935
15531,-4.423096222871135
15532,1.0268390223015595
15533,-7.844332827858987
15534,-1.3420354298416841
15535,-1.1364220711971678
15536,-3.555846505368038
15537,2.9044184337641767
15538,-4.947878780081373
15539,-2.3582106296052947
15540,0.7278679629392474
15541,-4.187910879283276
15542,-7.569631828335878
15543,-7.941038478523079
15544,1.5900084281490128
15545,-6.690457736471457
15546,-0.31579250563037586
15547,-2.246554374660298
15548,-6.442422862535223
15549,-8.20867620078949
15550,-8.305020555606184
15551,-4.08011742892322
15552,-0.517852903660287
15553,-8.021723103710826
15554,-0.06641732631701978
15555,-5.948423098969348
15556,-8.346347136198874
15557,-2.5161701285829805
15558,9.917994564678171
15559,1.537680419417059
15560,1.8075173476219248
15561,-7.74189335726118
15562,-3.836142027203245
15563,-4.42527543409951
15564,-6.045258099925196
15565,1.627751789178699
15566,-8.314493264424739
15567,-6.793817421441505
15568,-7.150548477831457
15569,-4.80078829930961
15570,-8.071550547530892
15571,-6.805324877167159
15572,3.2157910486871906
15573,-2.754539557043047
15574,-7.793446470244027
15575,-8.015276433438109
15576,-8.391039690138191
15577,6.60536494913127
15578,-8.289515096142317
15579,-5.01981114596825
15580,-0.5010758551814094
15581,-7.911111813892958
15582,-8.045855157138673
15583,-3.2722273998351272
15584,-7.847168940005504
15585,-0.7234055328819058
15586,-8.30722982891395
15587,0.22728917803117765
15588,9.4462944284981
15589,-8.021723103710826
15590,-0.7488301150384626
15591,-7.838222848768778
15592,-7.856309617008176
15593,-8.04280312209126
15594,-3.344805094134621
15595,4.912870967778127
15596,-5.909123878327382
15597,3.8988520564690794
15598,0.5239526023133226
15599,-2.516242563683616
15600,0.11497940078967961
15601,-7.848633571335544
15602,-8.314493264424739
15603,-0.22879243050650855
15604,1.728337149246614
15605,3.110197868706399
15606,-8.067580032871609
15607,-8.327746564465409
15608,2.8948125132966918
15609,-4.518637528208565
15610,-7.759834799763581
15611,-8.015276433438109
15612,-1.3883074130270927
15613,-2.9411265896281
15614,-8.289515096142317
15615,-8.166644184025142
15616,-7.97904536216071
15617,-3.5994109337513303
15618,-8.367780066583698
15619,-8.350613581472203
15620,-8.413270260038848
15621,-7.669277791053171
15622,-3.152309700794027
15623,-7.222826856715167
15624,-8.445393037385156
15625,-2.01623369694485
15626,-8.011839687707766
15627,-6.562327533553015
15628,-8.401044433977793
15629,-8.04280312209126
15630,-7.8103281921503545
15631,-6.693089644271716
15632,-2.4288687152283526
15633,3.5887986330153288
15634,-2.2052179199335473
15635,1.7404783785869773
15636,-0.29976200402736963
15637,-3.3239149226122686
15638,-6.824746943001724
15639,-8.050464024154559
15640,4.684147582682883
15641,-2.752012626180555
15642,-7.900721001903783
15643,-1.1205145549674023
15644,-4.956174379814252
15645,-3.1526937065805773
15646,-0.928543100180803
15647,-0.668665714514236
15648,-8.236061702626818
15649,-5.4044676781972605
15650,-2.652179228663871
15651,-8.175889755446244
15652,4.190627205477636
15653,-7.822841617942519
15654,-5.312399608362564
15655,-7.655590328668892
15656,-7.855301512791048
15657,-2.979960117398866
15658,2.5154214789355716
15659,-1.7533128378131753
15660,-8.31461677600105
15661,1.1150984592580295
15662,-0.564413179728386
15663,-8.342506263666072
15664,-0.7778920097191611
15665,-7.061975715103359
15666,-7.8103281921503545
15667,-6.449346577244853
15668,-5.804063098987017
15669,3.54060840915393
15670,-8.269304026979903
15671,0.5598229719163097
15672,-3.293834768846608
15673,7.29108594394539
15674,-1.1012984000143802
15675,-0.8252721736839962
15676,-1.4105316732405382
15677,-7.844332827858987
15678,-1.4480246065125861
15679,-8.38174984352731
15680,-2.1102985725431673
15681,-8.096265001421456
15682,-4.306126613527912
15683,-7.54686062131541
15684,-3.659001025736102
15685,4.219143457895609
15686,9.424908519291153
15687,-8.353806373264327
15688,-7.97904536216071
15689,-4.316320032341229
15690,1.2611633043749866
15691,-8.350613581472203
15692,-2.429225540576918
15693,-0.1419267095738332
15694,2.7165305138394555
15695,4.315753852056781
15696,-8.445393037385156
15697,5.714083974837935
15698,-1.0034180970697915
15699,-0.944676593282415
15700,6.3822586336085525
15701,3.5363996705603458
15702,4.450404858005042
15703,-6.693089644271716
15704,-5.909123878327382
15705,-0.3274982366264091
15706,-7.751073086415092
15707,1.3838474035397346
15708,-3.0816850704743652
15709,2.127850423383623
15710,-8.240629379973049
15711,2.1738149554587105
15712,12.120812175519216
15713,-2.384803828091826
15714,-8.071550547530892
15715,-8.38174984352731
15716,-6.842994601042852
15717,-4.5107453684936285
15718,-4.1365961380972385
15719,-8.015276433438109
15720,-0.8623213016446463
15721,-5.677178630677994
15722,-4.940038504367319
15723,-2.165004511459017
15724,-7.97904536216071
15725,-0.9033115896954198
15726,-8.367780066583698
15727,-0.1428152987265261
15728,-8.244437388887572
15729,-8.125952331944124
15730,-3.805992037846398
15731,-1.5134287505143367
15732,-8.369305048102598
15733,-8.021723103710826
15734,-8.045532938390691
15735,-0.060408987250703206
15736,-8.395336675519896
15737,-6.244827491925648
15738,1.0876248243490831
15739,-6.009508974121817
15740,2.6760411765042753
15741,-3.6918627697056863
15742,-5.4130720700792985
15743,2.0396632603866505
15744,2.3167690735518476
15745,-7.535840505946994
15746,-8.314493264424739
15747,-0.730078607721739
15748,-7.150548477831457
15749,-7.844332827858987
15750,9.578012040713748
15751,-8.146776173919244
15752,-1.7977786930642121
15753,-0.28234364130568856
15754,-2.3313708489103413
15755,-8.015276433438109
15756,-8.391039690138191
15757,-4.113962591474627
15758,1.5127213510107413
15759,0.24598322658778615
15760,2.2953024506203024
15761,-7.911111813892958
15762,-1.9310768594831427
15763,-8.20167194481354
15764,-8.413270260038848
15765,-0.5415411941227102
15766,-0.39306483195476905
15767,-1.7820898612302174
15768,-8.445393037385156
15769,-3.7215121827335462
15770,-8.045519952437973
15771,-7.7567490461674415
15772,-4.162187700002543
15773,4.250448444525759
15774,-3.366184620754991
15775,3.4737039551880438
15776,3.7504151070969622
15777,-7.74189335726118
15778,0.3049015434443392
15779,2.206721410158785
15780,4.096233678326785
15781,-5.125496049096237
15782,-8.314493264424739
15783,-2.1130294778539254
15784,7.713969753899027
15785,-3.8511568972610517
15786,-8.071550547530892
15787,0.06137852004143031
15788,2.2846727820728825
15789,4.844846439444418
15790,-7.220810022214522
15791,-2.7666761012612637
15792,-8.391039690138191
15793,-3.1513063185199215
15794,-8.289515096142317
15795,-0.3003119831868588
15796,1.7826030587875297
15797,-2.7089063352525953
15798,-8.367780066583698
15799,1.5362355125223686
15800,-2.9478060155468544
15801,-1.472135455605922
15802,-8.30722982891395
15803,-7.222826856715167
15804,-8.445393037385156
15805,0.702038692255671
15806,-6.1257901470158735
15807,0.5025824198521636
15808,-0.5413301734334562
15809,-8.04280312209126
15810,0.03053972945836847
15811,-5.754542335905088
15812,-5.909123878327382
15813,-7.7438969331241365
15814,-3.5642010945092717
15815,1.5190490132744938
15816,3.734354813958277
15817,-1.2807331345720152
15818,-0.6349366296436825
15819,-6.525532014744511
15820,-0.7429505548124313
15821,1.5213212613327647
15822,-6.639623798840846
15823,-3.5298640606536154
15824,-2.1709956009001483
15825,0.268241665239376
15826,-7.793446470244027
15827,-7.999172815759081
15828,-1.6565929712317649
15829,-4.182452964623196
15830,2.231729147717502
15831,-8.353806373264327
15832,-7.97904536216071
15833,-7.765340910417141
15834,-3.1546530645337154
15835,2.139623815713094
15836,-6.8245625009063495
15837,1.2017063280381586
15838,-2.705557397962659
15839,2.570986299779261
15840,-8.445393037385156
15841,2.988667422224831
15842,-0.9425215235536466
15843,-5.301417354500235
15844,3.417386045015721
15845,-5.40508127926218
15846,-4.238801002133707
15847,-6.116827299116038
15848,4.1191978681080545
15849,3.460055108073637
15850,-6.947023197259466
15851,-0.8213969512470506
15852,-0.405377050804125
15853,-8.040072092267723
15854,-8.314493264424739
15855,-8.075279368736092
15856,-1.6601785950689516
15857,-2.1654831669878893
15858,-8.071550547530892
15859,-8.38174984352731
15860,-2.7968146857834326
15861,-8.12177515232899
15862,-5.893334063938014
15863,-1.191380059358757
15864,-8.152912676452233
15865,-5.677178630677994
15866,-8.289515096142317
15867,-0.40926138200327644
15868,3.0588943266955084
15869,-7.89018486184149
15870,-4.787723355986483
15871,-8.350613581472203
15872,-8.275612438897477
15873,-8.223200645168898
15874,-8.30722982891395
15875,0.2799715185165952
15876,-8.365050999409704
15877,0.04944835158956806
15878,-8.155657563229106
15879,-6.36965298630912
15880,2.2700080984533626
15881,2.138565539635383
15882,-6.825341196503938
15883,-2.3911092002595615
15884,5.084033554155149
15885,-7.7438969331241365
15886,-8.269304026979903
15887,2.3006491586757414
15888,-4.765362925874317
15889,-8.05964051530903
15890,-8.28322176290975
15891,-7.8690447907523104
15892,5.354960219970938
15893,8.643974716179605
15894,-8.219099156331538
15895,-8.38174984352731
15896,-2.511654877315918
15897,-8.070977987700626
15898,1.5278424628142355
15899,-3.813559852604681
15900,-8.41113692211629
15901,-5.677178630677994
15902,-8.289515096142317
15903,2.715629647417625
15904,1.4732272167012284
15905,-7.908329399876573
15906,-1.9713101913590565
15907,-8.350613581472203
15908,-8.438266511039627
15909,4.92743326197105
15910,0.6850590088248486
15911,-2.06799568863332
15912,-3.799742959190665
15913,-7.555453218981242
15914,1.6698498875457513
15915,-8.356874139962644
15916,-8.401044433977793
15917,1.4683185574795972
15918,-2.794490283183478
15919,-6.230814961069171
15920,-2.0292281040586744
15921,-0.9526037853031267
15922,-4.65854319350289
15923,-5.2937883736662386
15924,4.8649449550321275
15925,-2.7471566155317415
15926,-2.335374842510554
15927,0.8463135926218304
15928,-7.150548477831457
15929,-6.32075836883528
15930,-3.199914146845623
15931,-8.38174984352731
15932,-7.107555599671
15933,-8.12177515232899
15934,0.3641125525335015
15935,-2.856921080869758
15936,10.30683497187508
15937,-2.9781037302322977
15938,1.797722356602859
15939,-5.860814042576948
15940,-7.97904536216071
15941,-2.9428425362273356
15942,-4.436329482532605
15943,-7.271671961924154
15944,-2.23075686960704
15945,-0.4279562147111262
15946,1.7609154377740748
15947,-1.501756087450626
15948,-6.893408457624523
15949,-8.021723103710826
15950,1.6457838589748217
15951,-1.7349250607676927
15952,-4.512299593539605
15953,-7.977718099343288
15954,1.6692408237311438
15955,3.3310578725592523
15956,-1.9819948508599698
15957,1.668764665511303
15958,-8.178045091200618
15959,-8.275993115488378
15960,-6.045258099925196
15961,-8.05964051530903
15962,2.5003675278040043
15963,-6.700388158880745
15964,0.24954533382456878
15965,2.6332170062242453
15966,4.367443338721484
15967,-8.38174984352731
15968,-1.6874667874739686
15969,-8.12177515232899
15970,-7.714728405903772
15971,-1.7876118080563375
15972,2.058071442288364
15973,-2.529389340986913
15974,-7.782626173893512
15975,0.6367468096007712
15976,5.267665650126899
15977,-6.49005801269975
15978,-7.522011942536676
15979,-8.350613581472203
15980,-8.438266511039627
15981,-0.3918806740166505
15982,2.0089557196055794
15983,-0.3753266398950499
15984,-5.315996413120106
15985,-8.021723103710826
15986,0.3480275347218862
15987,-8.1683631619806
15988,1.7182865548715724
15989,4.151227208905484
15990,-2.4270079568230933
15991,-6.693089644271716
15992,-1.0819897248135242
15993,1.4677684641667477
15994,-3.766560020549617
15995,-1.133824520181743
15996,-6.045258099925196
15997,3.1623565998975995
15998,-8.314493264424739
15999,-0.3068725462640982
16000,-0.0029135625496470308
16001,-7.844332827858987
16002,-8.219099156331538
16003,-8.38174984352731
16004,8.466905900861189
16005,-1.3042216325315383
16006,-7.8091758682730985
16007,-7.991194735400749
16008,0.8206102798758417
16009,-5.677178630677994
16010,-0.09550986203339906
16011,-8.353806373264327
16012,0.137660211678857
16013,-1.6634958131279016
16014,-0.34641833167870884
16015,2.2086707126307195
16016,-0.18145060716403294
16017,-8.223200645168898
16018,0.9853047066217777
16019,-7.222826856715167
16020,0.47922992546648513
16021,-8.021723103710826
16022,-0.6949252354565884
16023,-0.6946855148827842
16024,-5.161138006142057
16025,-5.767958375700904
16026,-5.771540295327251
16027,-6.133370919485508
16028,-5.909123878327382
16029,-7.7438969331241365
16030,-8.269304026979903
16031,-8.105700390917606
16032,2.5238279187898893
16033,-2.4202732911229132
16034,-8.314493264424739
16035,-7.846229491247758
16036,3.951987222942453
16037,-7.820434648997082
16038,-8.219099156331538
16039,-8.26084228244108
16040,-7.107555599671
16041,2.085268154023141
16042,-7.8091758682730985
16043,-4.387943443043319
16044,-5.568222207493196
16045,-5.677178630677994
16046,-8.227933449949706
16047,3.4524556163917888
16048,-2.081287139353722
16049,-0.12347563006069151
16050,-8.3714258890045
16051,-8.330094431785364
16052,-8.373773383879502
16053,-1.682286260664223
16054,1.4453526928428877
16055,-7.222826856715167
16056,-8.410915365713166
16057,0.06656192016365248
16058,-7.769164953288872
16059,-8.356874139962644
16060,-8.401044433977793
16061,-8.04280312209126
16062,-3.354247060202262
16063,-6.024918048067733
16064,-5.74663846362513
16065,-0.5225062691711648
16066,-8.172035148288401
16067,-7.566367043347402
16068,-2.065799846006674
16069,-6.059091342171964
16070,-8.314493264424739
16071,-8.075279368736092
16072,-1.5769427149667756
16073,-4.706434513632171
16074,-0.37985783294043074
16075,-8.368721353157646
16076,-7.107555599671
16077,5.5214557857999145
16078,-0.13879388717884944
16079,-2.0071035453249073
16080,-7.928458933269671
16081,-5.5437327726980445
16082,-8.289515096142317
16083,-8.155419043429362
16084,-7.97904536216071
16085,5.528754988686484
16086,-5.829054542603755
16087,-8.374449615611885
16088,3.7641156017035104
16089,1.2251255707905828
16090,-8.160394448086182
16091,-7.299088004224492
16092,2.3427339657737978
16093,-5.828940534295752
16094,-7.947113251172788
16095,1.5921058146772076
16096,-0.01237611915029424
16097,0.7852978524759533
16098,3.2599076422579483
16099,-6.372481994735479
16100,-5.909123878327382
16101,-0.5876472207711674
16102,-8.269304026979903
16103,-8.275993115488378
16104,-6.045258099925196
16105,0.9489866599997843
16106,-8.314493264424739
16107,-7.493068457123015
16108,1.4430325964700348
16109,-7.820931768744666
16110,0.533940257317685
16111,-8.38174984352731
16112,2.8485162172334837
16113,-7.500659316177822
16114,0.2954684341029922
16115,-0.6558192268628724
16116,-3.3778612774576287
16117,-5.751776113869192
16118,2.8924986650340405
16119,-0.5563977851659441
16120,-7.476024178364881
16121,-7.911111813892958
16122,0.16615434698474718
16123,-4.124311620340808
16124,-0.2672708668387197
16125,-8.230539253075063
16126,-6.968744461143495
16127,-3.2536267066227937
16128,-0.2149855555926674
16129,-3.4694384381539685
16130,1.5318299144545193
16131,-8.107415198841924
16132,-0.10110822636777295
16133,-0.9833766830594961
16134,-4.070790320600588
16135,0.14917884582803742
16136,-5.909123878327382
16137,6.891023818669099
16138,-8.108494050861497
16139,-1.8581573251574097
16140,4.659387560348686
16141,0.6663601120982495
16142,-7.845113991743391
16143,-3.382492100213617
16144,-2.7087436849215982
16145,-5.543150732093796
16146,-8.219099156331538
16147,-2.5824960652209885
16148,14.060637384354338
16149,2.1572089869272992
16150,-7.8091758682730985
16151,-7.456280666408443
16152,-8.41113692211629
16153,-3.039093754359879
16154,7.760182009013594
16155,-8.353806373264327
16156,1.3869691293010713
16157,-6.996822798877486
16158,-8.3714258890045
16159,-7.3414914465271295
16160,0.42033432420032923
16161,-4.544102475338589
16162,-0.626532037477237
16163,-2.408024720908226
16164,-8.445393037385156
16165,-5.632729068035512
16166,-8.09996213425581
16167,-7.845961451162639
16168,-8.401044433977793
16169,1.695686818242375
16170,-6.968069859468999
16171,-1.3387078912723522
16172,-0.8215763096406086
16173,-2.1172821108692474
16174,1.2027582137794997
16175,6.171249779926333
16176,-0.5731872027172169
16177,-8.05964051530903
16178,-8.135190678939262
16179,-1.6417954518049847
16180,-7.150548477831457
16181,-5.345991319883133
16182,-5.686793190811487
16183,-8.38174984352731
16184,3.2026748837265826
16185,11.894777640273057
16186,-7.8091758682730985
16187,-7.851289653199535
16188,5.588103860945534
16189,1.2100605512166434
16190,-8.289515096142317
16191,-6.180528044895133
16192,-7.97904536216071
16193,-5.282155615157565
16194,-1.2794592666793259
16195,-8.374449615611885
16196,-8.438266511039627
16197,-7.863018657370547
16198,0.5078694349311527
16199,-7.178766622101791
16200,-1.350108793499516
16201,-8.021723103710826
16202,-8.155657563229106
16203,0.5007262023295079
16204,-8.401044433977793
16205,-0.42024923839520567
16206,-7.8103281921503545
16207,-1.43556263315008
16208,2.5485113877807466
16209,0.46045391833936833
16210,-7.863692608161477
16211,-8.275993115488378
16212,12.515738070321163
16213,2.1355851788226703
16214,-8.314493264424739
16215,-7.786926804935249
16216,-2.357808530458506
16217,7.285159096615512
16218,-8.219099156331538
16219,-7.953111472301719
16220,-7.107555599671
16221,-4.739213778071145
16222,-7.8091758682730985
16223,-7.6521684459859065
16224,-8.04994531842454
16225,-1.3583765016540976
16226,3.5480698320878505
16227,-8.353806373264327
16228,-7.254187674020168
16229,-7.911111813892958
16230,-5.708292140208124
16231,-8.213126525320238
16232,-5.25829691383531
16233,-0.46598996877887
16234,1.0665911215130481
16235,-1.8474968761634858
16236,-8.234154284942859
16237,-8.021723103710826
16238,0.5579032802625724
16239,-8.356874139962644
16240,-8.328684862219157
16241,4.299380000796823
16242,1.5550672046045593
16243,-2.4497142856750824
16244,-5.9165884036996985
16245,-1.9188381586331997
16246,-3.6372016777192915
16247,-2.105053855081517
16248,-6.045258099925196
16249,-2.6342547726119436
16250,-2.8718865258489417
16251,-0.7738884894947835
16252,2.661380841068807
16253,-7.844332827858987
16254,-8.0549831058661
16255,-8.38174984352731
16256,2.114013300200583
16257,0.19500889130755272
16258,-7.74650839729185
16259,-0.06851937330229607
16260,-6.654394934813706
16261,-5.751776113869192
16262,-8.289515096142317
16263,-1.586897560779431
16264,-7.97904536216071
16265,-7.517021520133344
16266,4.745289889837775
16267,-8.374449615611885
16268,-1.6158991864849725
16269,-1.7955851350490672
16270,-0.11448238574928782
16271,-2.661571632135244
16272,2.6868718283854403
16273,0.6765390906430957
16274,-1.6414851307917817
16275,-3.82766451493816
16276,-8.401044433977793
16277,1.1367449183046174
16278,-1.4732356576997852
16279,-5.998461419318286
16280,2.832663785635168
16281,3.170727868968923
16282,2.1370088413179373
16283,-3.0487106723661253
16284,-1.0141292798543906
16285,-8.042604231868564
16286,-8.254329283093895
16287,3.3668599407727
16288,-7.150548477831457
16289,-2.3049412890218868
16290,-3.558640746638342
16291,-8.38174984352731
16292,0.519399018901484
16293,3.5952333373837275
16294,-7.778545089958911
16295,-2.9979337687005567
16296,3.92755563301324
16297,-4.884087626643043
16298,-0.3790349523268839
16299,-7.689915854111838
16300,-7.97904536216071
16301,-2.7627190879745678
16302,-8.3714258890045
16303,-5.806406504577028
16304,-8.44416670112253
16305,-7.895821862880562
16306,1.6189327051402824
16307,-5.71048178059337
16308,-8.445393037385156
16309,1.462690557938435
16310,-4.072210815417095
16311,-3.1265000981992164
16312,-3.7879346401605556
16313,14.061456395096881
16314,-7.438814813728261
16315,-6.730556100207239
16316,-0.21433932798601285
16317,2.8606350968805128
16318,0.3644945853682455
16319,-8.275993115488378
16320,4.684607425655527
16321,-4.642519866406297
16322,-5.852232368286202
16323,-8.078837703285306
16324,4.832507334734823
16325,-7.8092791957530325
16326,-0.5116139317863277
16327,2.844886653436097
16328,-0.5006004672646209
16329,13.157280125847567
16330,-7.831229231547725
16331,-7.0773679204169975
16332,-2.47094424741978
16333,-1.7989037850345644
16334,-8.139068690022558
16335,-7.349580805721043
16336,2.2385920700138486
16337,-4.418874242797181
16338,4.821508809881141
16339,4.693718918688344
16340,-8.403192589341263
16341,0.42800814380662255
16342,-7.598092933992572
16343,-1.088458776331335
16344,-7.85155614440079
16345,0.7958342915252785
16346,-0.2810992860211109
16347,-7.939768403824684
16348,2.6506366081055273
16349,-8.04280312209126
16350,5.265524600908327
16351,-6.730556100207239
16352,-0.3818329587296563
16353,-4.763362289212967
16354,-8.269304026979903
16355,-1.7543869408122297
16356,-3.298345045795241
16357,-2.8701287286957444
16358,-3.0570262250088676
16359,-0.553820332035312
16360,-1.5953166612757634
16361,-7.844332827858987
16362,-2.174619823577355
16363,-8.241765626726064
16364,-0.2625320514617301
16365,0.297487220720412
16366,-0.2366263948882073
16367,3.594567738163505
16368,-7.555297750469736
16369,-6.449924051421227
16370,-5.329750054493075
16371,-8.353806373264327
16372,-7.373610126855638
16373,-7.911111813892958
16374,-5.282986150537154
16375,-8.190075629451506
16376,0.10623348070441252
16377,1.7462686097692603
16378,0.3180644751673364
16379,-1.2287243181853449
16380,-1.2040086940061405
16381,-0.13394945551151327
16382,0.16942621493137033
16383,-7.968057139504048
16384,-2.741223567668393
16385,-8.04280312209126
16386,-4.106571743993238
16387,-2.063319443380638
16388,-5.30583366207809
16389,1.512144999896568
16390,-5.838041499964711
16391,-2.207631475618579
16392,-6.045258099925196
16393,-1.9710812980979828
16394,2.5816346024783865
16395,0.9018103965500955
16396,-7.173923559035933
16397,-1.1761421115453747
16398,0.07543754314731599
16399,-7.945653528537129
16400,-1.9425679946931438
16401,-8.12177515232899
16402,-2.5279694260221595
16403,-6.549286571916439
16404,-4.199728259819655
16405,4.940278070388984
16406,-5.687758102858398
16407,-8.353806373264327
16408,12.572271283872253
16409,-7.911111813892958
16410,-8.3714258890045
16411,-8.067341189844017
16412,-8.3759704539772
16413,-6.82346907077068
16414,-8.30722982891395
16415,-3.2977087495751443
16416,3.9251248163878634
16417,-0.09419676352569528
16418,-5.728840182989805
16419,-1.894789290191657
16420,-8.401044433977793
16421,-8.15373383471512
16422,-7.629233708396892
16423,4.025709960818303
16424,-0.33999303598691677
16425,4.6692613650072055
16426,-8.269304026979903
16427,2.3674674214962295
16428,-0.5450677524244889
16429,-8.050657301323488
16430,-8.314493264424739
16431,-8.078837703285306
16432,10.714814880949405
16433,-0.994975740845508
16434,-8.3211086308991
16435,-7.905153486077295
16436,-2.628758777323254
16437,-5.517126437387812
16438,-7.447208883299295
16439,-8.015276433438109
16440,-7.828964826969704
16441,-6.355760787088791
16442,-7.496046879081222
16443,-1.5198294271167563
16444,-0.33917903111565073
16445,-7.002652725197645
16446,-8.3714258890045
16447,2.3349818235050575
16448,-5.669921173453426
16449,-0.6908083948906542
16450,1.5420064154421098
16451,3.7444819803378717
16452,2.773496394548905
16453,2.39101825015693
16454,-3.102526059221748
16455,-6.593448337780039
16456,3.274321856864953
16457,-8.15373383471512
16458,-7.8103281921503545
16459,-6.200525960360219
16460,-2.979220509575514
16461,-1.8631053578389598
16462,0.5693935831228543
16463,-2.575403114300881
16464,5.847825539509037
16465,-7.971070081641786
16466,-8.314493264424739
16467,-3.6550814333150363
16468,7.658130763281873
16469,0.99073098620007
16470,-8.394826622778734
16471,-5.797102827496703
16472,5.735329504046261
16473,-0.7126743981360233
16474,-5.4483891294728455
16475,-1.8550384200583763
16476,-8.26300851559396
16477,-6.715407021732741
16478,-8.261727665149298
16479,5.110579956298187
16480,-1.0440797564179216
16481,-4.291782301440422
16482,1.2038290386858992
16483,-0.7103291451577356
16484,-0.42760626108741073
16485,0.30820431404294046
16486,-8.30722982891395
16487,-4.456298603039599
16488,-0.12674266293583958
16489,-8.021723103710826
16490,-8.027081911492852
16491,4.399238074296109
16492,5.057243604444747
16493,-8.15373383471512
16494,2.441183429453969
16495,-5.6795290223844095
16496,-5.1913673271191705
16497,2.2899070114783115
16498,-2.040557051732566
16499,-8.275993115488378
16500,-0.8902719594981487
16501,-8.05964051530903
16502,-8.209760956339036
16503,-8.078837703285306
16504,-1.0006708078665871
16505,-6.448445285913201
16506,-8.334842710980299
16507,-8.38174984352731
16508,-4.875232340167843
16509,-0.3443679406986009
16510,-0.08524024436139671
16511,-8.015276433438109
16512,3.885297193248189
16513,-3.2202991011364768
16514,-3.1748276441163616
16515,-8.353806373264327
16516,2.130528418754448
16517,3.007031994499981
16518,0.03407218109338028
16519,-8.374449615611885
16520,-1.9623302033788508
16521,1.7182378389747495
16522,-3.4856048453070727
16523,-7.299088004224492
16524,-3.5434168362736185
16525,4.541982519005438
16526,-8.057979936331119
16527,-8.328763919453774
16528,-8.198191983487296
16529,-7.82513659567493
16530,-7.8103281921503545
16531,-4.854107864513729
16532,-4.073724815995003
16533,-7.7292843832625575
16534,-1.817931772953938
16535,-7.343984381881634
16536,-4.942314923388677
16537,-8.05964051530903
16538,-3.1235535168849964
16539,-0.8665215317591503
16540,-7.173923559035933
16541,-7.904034411423421
16542,-8.300855510257097
16543,-8.38174984352731
16544,4.427850388204531
16545,-8.12177515232899
16546,-1.7328310348101938
16547,-0.8724191051766778
16548,-0.05114305023477428
16549,-3.604758480132572
16550,-6.721506539101686
16551,-8.343530312736974
16552,0.6013723922264586
16553,-7.911111813892958
16554,-0.7502881515361959
16555,-6.426860364220492
16556,0.40698528106730625
16557,-5.840202686517369
16558,-8.30722982891395
16559,-1.1433927381242657
16560,-7.419088329035045
16561,-6.7031051688242025
16562,1.3197871244342059
16563,-8.311989028782431
16564,-8.208398546000112
16565,0.8165546309393985
16566,-0.16375228431819977
16567,-4.872960328281539
16568,-2.1553156909537075
16569,-0.9920581291580848
16570,-8.269304026979903
16571,-4.037298396674192
16572,-6.045258099925196
16573,-8.05964051530903
16574,-7.856119329573783
16575,-0.6635431403807874
16576,-7.173923559035933
16577,-6.658410941491649
16578,-8.384527694593542
16579,-1.5870087253526963
16580,1.4375661797643202
16581,0.336074144574978
16582,-7.831229231547725
16583,1.9951812166562992
16584,-5.542356167132063
16585,-1.573170597972461
16586,-8.289515096142317
16587,-8.353806373264327
16588,-7.97904536216071
16589,-3.604997878651123
16590,-0.5214336584826622
16591,4.820779796830022
16592,0.03391512174785827
16593,-8.230539253075063
16594,1.1191760607831367
16595,-1.6928239763262738
16596,-7.845587649299798
16597,-7.877693418084255
16598,-3.483234122141714
16599,-0.9538439627730422
16600,-8.319094206218413
16601,-2.0646009086832207
16602,0.016067299507864466
16603,-2.891827491949386
16604,0.4122297422175367
16605,-7.7438969331241365
16606,5.333436696005613
16607,-8.275993115488378
16608,6.094977872281665
16609,-0.2491852807112218
16610,-3.08310215028546
16611,0.4700785129109555
16612,-2.886252249064802
16613,-2.5261655639557756
16614,2.193467702776982
16615,-8.38174984352731
16616,-6.317889544520416
16617,-0.04868648645494944
16618,-0.8220385316617328
16619,3.8847417165761233
16620,-7.304957550246256
16621,-6.8339457951136495
16622,-4.104929010458741
16623,-8.334677067839602
16624,-7.234416971212214
16625,-7.911111813892958
16626,2.2965313064408397
16627,-0.8369166265844061
16628,-8.44416670112253
16629,-8.230539253075063
16630,-8.291657281570746
16631,-7.299088004224492
16632,-8.445393037385156
16633,0.7048389423659844
16634,2.0707644449688405
16635,3.025019264675903
16636,-7.6637650487136035
16637,-1.0393934745483568
16638,-7.8103281921503545
16639,-4.162663903957049
16640,5.69127040708665
16641,-3.49140170114802
16642,-8.269304026979903
16643,-7.842216649496095
16644,3.273992104407962
16645,-8.05964051530903
16646,-3.761028475939428
16647,-7.4855724691357945
16648,0.34416987842906155
16649,-7.904034411423421
16650,-8.394826622778734
16651,-8.38174984352731
16652,-7.054282455519287
16653,5.227227607962689
16654,4.003916103045993
16655,-8.015276433438109
16656,-2.008610873165898
16657,-1.1483915315437843
16658,-8.289515096142317
16659,-8.238994047401123
16660,-4.62309477038968
16661,-7.911111813892958
16662,-5.085068401684884
16663,1.303011629138011
16664,-8.309556523818362
16665,-8.045566131482671
16666,1.9409948216396926
16667,3.8209552507332063
16668,1.610246544811024
16669,-8.021723103710826
16670,-5.868662331510099
16671,-8.404845335928126
16672,-2.1100284482756106
16673,-8.15373383471512
16674,3.484902152881435
16675,-1.9844021575100022
16676,-5.128560698381335
16677,-5.350803107593428
16678,4.070474303601793
16679,-2.676078081047932
16680,5.768829258667397
16681,0.1518464018312683
16682,-8.314493264424739
16683,-8.064553649593925
16684,1.4481732534525231
16685,-0.8556750293477426
16686,-8.192651859711827
16687,-8.38174984352731
16688,-7.107555599671
16689,-4.531598278458599
16690,3.614476115663909
16691,0.5418376122514315
16692,-3.028414849859703
16693,-7.0968088634110815
16694,-4.237416718607032
16695,-7.6861911748004825
16696,-0.5593463690411404
16697,-3.2908714264323486
16698,-2.626338906052875
16699,-8.345753192004198
16700,-6.170098930698913
16701,-1.4823425469506375
16702,-8.30722982891395
16703,-7.299088004224492
16704,-8.445393037385156
16705,-0.4448976357956024
16706,-8.155657563229106
16707,7.266032591134207
16708,-8.401044433977793
16709,-6.602008026754984
16710,-7.8103281921503545
16711,-6.730556100207239
16712,-0.9174821627164689
16713,1.8467280548523357
16714,-8.172324268916121
16715,-8.30965813947665
16716,-3.2945303610776664
16717,2.427792292952953
16718,3.1693970953630437
16719,2.815588367115258
16720,-6.860839343522331
16721,3.1341040628781203
16722,-8.059212887804321
16723,-8.365624871999524
16724,4.3354486032261965
16725,-1.7217665263408595
16726,-1.8427714628622576
16727,-0.1332548695592246
16728,-8.41113692211629
16729,-6.301916307906815
16730,3.3813902608960564
16731,-2.9999715839141823
16732,-0.5541045070897067
16733,-7.911111813892958
16734,-8.3714258890045
16735,-8.408353842787028
16736,-8.39705379346592
16737,-1.164216128393413
16738,-8.30722982891395
16739,4.89251897225303
16740,-8.445393037385156
16741,-8.021723103710826
16742,-8.057582724764487
16743,-8.277435108783894
16744,-8.401044433977793
16745,-2.18086689484538
16746,-7.14309371008155
16747,-3.7019279195178347
16748,-2.493181086772511
16749,-7.66054075573502
16750,3.4011849913737633
16751,-7.961494879472584
16752,1.2579609307450155
16753,-2.3677813952942492
16754,0.07084886186016948
16755,-5.421306961137688
16756,-4.764741283306828
16757,-6.772387006422479
16758,-8.394826622778734
16759,-3.5889198829286255
16760,1.7312535632896084
16761,6.102186957711824
16762,2.0677795154418694
16763,-8.015276433438109
16764,-8.41113692211629
16765,-7.334421480200815
16766,-8.289515096142317
16767,-7.678699673040091
16768,-7.541066666801034
16769,-4.34175873982751
16770,-0.638994200207954
16771,-8.408353842787028
16772,3.0642238974594926
16773,-0.5196480417718442
16774,-3.5310427727309524
16775,1.4391250747863675
16776,-8.380957253949576
16777,-8.021723103710826
16778,2.7831074873173893
16779,4.403612833346722
16780,-6.951583861411733
16781,-8.15373383471512
16782,-3.327594114361681
16783,2.1379511682244963
16784,-2.8147025461490287
16785,-1.6154827409177763
16786,-0.3060638407221262
16787,-0.6344200477113242
16788,2.1713151610034935
16789,-4.365449379866123
16790,-5.9573355193360165
16791,-8.078837703285306
16792,5.415858887844142
16793,-7.904034411423421
16794,-3.8599461968936017
16795,-0.6893131686313021
16796,-7.107555599671
16797,4.63807248183026
16798,2.4434116601702094
16799,4.135569968903401
16800,-7.019265488637101
16801,-2.2902310650776005
16802,-2.562519228259197
16803,-8.353806373264327
16804,-7.97904536216071
16805,-6.697292777826314
16806,0.20864148984346031
16807,-0.7318339256178301
16808,-0.029919256210817924
16809,-8.230539253075063
16810,7.129405038152125
16811,-3.044003823678966
16812,-8.434259188439057
16813,4.091947112049738
16814,-0.8970922009226379
16815,-0.8881226936261704
16816,-8.401044433977793
16817,6.352271455247877
16818,3.730927093796977
16819,4.119085341894459
16820,-4.435148796764902
16821,-7.7438969331241365
16822,-5.644212642767801
16823,-8.177077907100747
16824,0.10616844048657725
16825,7.2586642272682385
16826,-8.159668743669224
16827,-2.691397465389029
16828,-6.623686834927479
16829,-7.920767527501785
16830,-8.394826622778734
16831,-8.293864047014223
16832,3.053370648550088
16833,-0.5011295862012224
16834,-3.3425587972830186
16835,-3.6372104196526203
16836,-8.037630576101392
16837,2.053954706917516
16838,1.7219651933472746
16839,-3.852817597804351
16840,-6.689005727534006
16841,-2.137771051931992
16842,-7.466622185120869
16843,-8.409620169245345
16844,5.919660993229101
16845,-8.230539253075063
16846,-8.188231601015998
16847,4.961243785176642
16848,-3.340621087870507
16849,-0.18297297431252035
16850,-1.416426817958077
16851,-1.2523226087735315
16852,2.099885711904821
16853,2.2588014376892662
16854,-0.3548334847529162
16855,2.263212919381016
16856,-3.281158455446881
16857,1.4750709785131848
16858,4.098710901786096
16859,-0.49668643540695046
16860,1.1490703469480796
16861,-2.3490981594223577
16862,-8.314493264424739
16863,-0.5728143053913204
16864,-2.814495163446569
16865,5.288978202168177
16866,-7.293476638022386
16867,-8.38174984352731
16868,-1.6478000653517468
16869,-7.625867840636731
16870,-8.101478305838372
16871,-5.41487313609238
16872,10.378038975269838
16873,3.268403274607366
16874,2.7127833391673963
16875,0.3871838061813151
16876,-0.019632758086726154
16877,-7.911111813892958
16878,1.1368854102037993
16879,-7.96458907978587
16880,-8.343945527000052
16881,4.3412811253191315
16882,-0.8486864687683602
16883,-7.299088004224492
16884,-8.365099231570875
16885,-7.279384975890821
16886,1.1637982720935058
16887,-3.9139339232102697
16888,-6.257260603625844
16889,-6.446039679749457
16890,5.447607599311172
16891,-5.428349493546468
16892,-2.2155863068572104
16893,-1.939859287493804
16894,-7.340899641494982
16895,0.6743083703444412
16896,1.3875308847032986
16897,-3.1958325699710457
16898,-6.520323336446376
16899,2.4463896306646964
16900,15.766194239570211
16901,-7.920767527501785
16902,-2.4977249325049558
16903,-1.9108534870967397
16904,0.6568663576696342
16905,3.6928463860727065
16906,-7.274358038917175
16907,-8.102777820278362
16908,-8.41113692211629
16909,-7.653973755367888
16910,0.006449458573844713
16911,-4.178328193416055
16912,-7.2748015211467685
16913,-7.779242415544365
16914,-8.3714258890045
16915,-4.486630623479142
16916,-8.44416670112253
16917,-8.230539253075063
16918,0.26802661213780143
16919,-4.281531188890747
16920,-8.067144969858072
16921,-8.021723103710826
16922,-8.204839746080095
16923,-8.404845335928126
16924,-1.0901683695369666
16925,-8.15373383471512
16926,0.6311578657138162
16927,-1.5930557885036847
16928,-5.1407842700737545
16929,-5.035106345473952
16930,-8.314779595164843
16931,-1.7963724159073062
16932,3.357767523530295
16933,1.8146833631732613
16934,-1.1775501836157907
16935,-8.078837703285306
16936,-0.8712004588256924
16937,-6.496315899701185
16938,-1.327912845120557
16939,-8.38174984352731
16940,11.604784017671065
16941,3.5046528173788816
16942,-7.379296886797977
16943,1.9292437606796098
16944,-1.6055016338943515
16945,-7.474183917255715
16946,-7.083140205167435
16947,4.984163150165045
16948,1.4041922814731684
16949,-6.40514374221926
16950,5.154740634662537
16951,-5.137860880211079
16952,-8.25816599730784
16953,1.3828291884630521
16954,6.197329518583961
16955,-1.0110541147619112
16956,-6.936470308948656
16957,1.8401553999545137
16958,-8.204839746080095
16959,-8.243216407236275
16960,-6.3817079368352445
16961,-1.4983385587385265
16962,0.381241367747978
16963,-6.730556100207239
16964,0.13909649158976412
16965,3.2203785578670914
16966,-8.223722622398103
16967,-8.11349151466262
16968,-3.9814977710612354
16969,-8.05964051530903
16970,-0.6871087934574621
16971,-6.914093221402823
16972,1.5631976863289923
16973,0.07034031095455373
16974,-8.394826622778734
16975,-6.350607684847924
16976,-7.107555599671
16977,-1.0643875622760215
16978,-6.185720032726926
16979,-6.484682877897489
16980,3.8333053884141233
16981,4.820174813597005
16982,-7.155491518234161
16983,-7.822450803935849
16984,-8.066280375716447
16985,1.4514172262930916
16986,-8.370011538851363
16987,-8.409620169245345
16988,-7.71901313169531
16989,-8.230539253075063
16990,-8.30722982891395
16991,-4.924546159213377
16992,-7.160634380840757
16993,-8.021723103710826
16994,-0.2785049275647403
16995,0.22725389598093815
16996,-7.044647453503712
16997,7.23614906082396
16998,-1.950503242804241
16999,-1.6863145906062258
17000,-5.9165884036996985
17001,-7.561257432711617
17002,1.6441710718190148
17003,-8.028996132620836
17004,6.780436006543254
17005,-8.05964051530903
17006,-1.1244707442308024
17007,-3.447648289588605
17008,5.640590578821755
17009,-7.920767527501785
17010,1.2135761536519214
17011,2.0309378256049326
17012,-3.8036449912898744
17013,-8.12177515232899
17014,-7.814643595667734
17015,5.9668334746766245
17016,-1.947065778672332
17017,2.0110598728425684
17018,-8.355414242043926
17019,-8.353806373264327
17020,2.5568624322879723
17021,-6.022541844477564
17022,0.07677499782707442
17023,2.9431690167697346
17024,-7.756524200855959
17025,-0.06567471963184524
17026,-8.30722982891395
17027,-7.299088004224492
17028,-8.30800956822693
17029,-3.0129299033232897
17030,-4.579376924381285
17031,-7.795909080556169
17032,4.751600573712257
17033,-4.8732113763001745
17034,-1.390752402927503
17035,-5.442409025798701
17036,-0.6325423645928516
17037,7.424048989958969
17038,-8.314779595164843
17039,-8.30965813947665
17040,-2.6763926400918376
17041,-7.448076299927366
17042,-8.282444264615178
17043,4.615002806395157
17044,2.1693672531804533
17045,-7.920767527501785
17046,1.1855151684448773
17047,-1.730828787998604
17048,-7.107555599671
17049,-2.4598699957077446
17050,0.14469320852815748
17051,-7.993249471215145
17052,-8.41113692211629
17053,-7.653973755367888
17054,-8.355414242043926
17055,-1.3216946032292147
17056,-8.01401100235949
17057,-7.911111813892958
17058,-8.290763787778916
17059,-8.357237765825388
17060,-8.173066839401708
17061,-7.84406554157839
17062,-0.08039607274732541
17063,-2.8735743828294686
17064,-2.6820648790508064
17065,-7.017607046057127
17066,-0.6785801464719794
17067,-4.814426424673623
17068,-3.166554583999206
17069,-7.763027856696629
17070,-6.05888451240528
17071,-5.715196861252878
17072,-2.221354051243348
17073,-2.829159986658104
17074,-8.314779595164843
17075,-8.30965813947665
17076,-3.458533300863251
17077,2.9781188787269937
17078,-4.26876556866623
17079,-8.126024130271633
17080,-7.173923559035933
17081,-7.157284264255566
17082,-6.06182041733971
17083,-8.38174984352731
17084,-3.9993385034050943
17085,-2.718001872923232
17086,-2.132170084126563
17087,-0.10610087366535623
17088,-6.811492704926077
17089,-7.653973755367888
17090,6.48737423573255
17091,-2.8358805052829217
17092,-6.942530427157177
17093,2.0758587502714576
17094,-4.440554748392001
17095,-6.609372571599283
17096,-8.253633619904777
17097,-8.230539253075063
17098,2.057473455564939
17099,1.2005518167570606
17100,4.921470988047108
17101,3.3547685674138563
17102,-6.236242240339367
17103,-0.007802513631956831
17104,-8.29664493704431
17105,-7.505533577941101
17106,-3.1479532483321644
17107,1.1456199331655599
17108,6.756039963141285
17109,-1.874006383867049
17110,-0.2911530956298287
17111,-7.4179224886513175
17112,-0.18968956606538345
17113,-1.074101873258238
17114,-8.314493264424739
17115,-8.126024130271633
17116,-1.3453161882893505
17117,-4.069221860766371
17118,-7.9317994577298485
17119,-0.44575936338559313
17120,1.8310572996224777
17121,0.5939513083241283
17122,-4.796358614234684
17123,-8.102777820278362
17124,-8.41113692211629
17125,2.8796885122501275
17126,0.6667867793665367
17127,1.2115185609557335
17128,-8.238721487380642
17129,-6.3760983186950755
17130,1.2288149058961555
17131,1.984547656733796
17132,-3.108887408296198
17133,-8.230539253075063
17134,-3.7642938593794755
17135,-3.353166158397681
17136,-8.445393037385156
17137,4.200819653391277
17138,-1.1953571630936324
17139,-4.919384896859852
17140,-3.122389449181636
17141,-1.1045266340478213
17142,-2.5303916672029594
17143,-4.567779493505355
17144,4.551784464241
17145,-7.7438969331241365
17146,-6.657294902366209
17147,-2.7914430376549175
17148,0.7243247612918422
17149,-3.4695078038776037
17150,-7.493338841189136
17151,-7.581967312643432
17152,-1.9533621790137432
17153,0.014378737010757925
17154,-1.2761973151133943
17155,-8.285640653889432
17156,-4.951187414493029
17157,0.2711029075293163
17158,-8.101478305838372
17159,-3.4343560770917985
17160,-8.41113692211629
17161,2.5362509627341776
17162,-8.318948999281478
17163,-2.322835954653222
17164,0.6425129333715427
17165,-8.035478780654246
17166,1.0469242608325904
17167,2.7945292208146597
17168,2.1063221431762056
17169,-8.068414221694049
17170,0.1869586687283405
17171,0.9607270485154193
17172,-8.445393037385156
17173,4.824335175707741
17174,-8.204839746080095
17175,-0.20184213367174664
17176,-8.244960550440506
17177,-3.3322567819014313
17178,-7.8103281921503545
17179,-6.308434317272576
17180,-5.910571291026022
17181,0.05287021101686751
17182,-7.267953405572394
17183,-3.195568888380829
17184,-5.836169482924857
17185,-0.6055010242215181
17186,-8.314493264424739
17187,-0.7564971796936308
17188,-6.9557788046532085
17189,-7.828412020218771
17190,-8.10307037352976
17191,3.415835217543663
17192,-7.107555599671
17193,-0.1676350672127639
17194,-5.548722440342461
17195,-8.102777820278362
17196,-0.4858580426355237
17197,4.118486689656162
17198,-8.355414242043926
17199,-8.170372115389911
17200,-7.942152734768659
17201,-5.9212033110534446
17202,-8.3714258890045
17203,0.692024704964329
17204,-4.703446258219634
17205,-2.0542973742624495
17206,-0.7632570002169103
17207,-7.127687036186399
17208,-3.303302129995874
17209,-8.021723103710826
17210,2.4429960348603874
17211,-8.293352505563295
17212,-8.401044433977793
17213,-6.6172748505959325
17214,3.2129089998785294
17215,-6.555543317842324
17216,7.500565787300834
17217,-0.6376651520524392
17218,-8.149199018003676
17219,-7.880305243391488
17220,-1.7354736387789742
17221,-8.05964051530903
17222,-4.052910108315378
17223,-8.126024130271633
17224,-1.552091495820274
17225,-6.04841947174269
17226,-0.9168669786439916
17227,-8.322879213271749
17228,-7.107555599671
17229,-5.210293350645339
17230,-0.755389753689854
17231,-8.058438047423714
17232,-8.41113692211629
17233,-4.793162053934874
17234,0.10195406961576814
17235,0.7175538115078377
17236,-4.93879569839073
17237,-2.48828962912088
17238,1.2860985634203899
17239,1.6728153366529177
17240,-8.44416670112253
17241,-0.43055890749709524
17242,-3.4775918635204275
17243,-0.8387854705322045
17244,-2.3576240218567004
17245,3.9576074672712234
17246,0.884156040420333
17247,-7.836855212378291
17248,-4.193661627303216
17249,-7.777748135894605
17250,2.3414942727422985
17251,-1.5569964037857928
17252,9.89270772565758
17253,2.3225378035278528
17254,-2.4991528004849677
17255,3.625241647758449
17256,-6.032927436943222
17257,-0.11505181476556148
17258,-3.472443197722716
17259,-8.087035648746042
17260,-4.320877750074405
17261,1.3166395482542854
17262,-8.394826622778734
17263,-8.391374526759448
17264,-7.123672445906468
17265,0.5272504462942906
17266,3.6305343687066123
17267,0.4046921274354083
17268,-8.215416340453805
17269,2.064963654651515
17270,1.0128078663990823
17271,-8.345591767023617
17272,8.026583216053087
17273,-8.035478780654246
17274,-8.3714258890045
17275,-8.393388553832724
17276,-0.03868680200235186
17277,2.6096584622937566
17278,-8.159030598028393
17279,3.78602054265116
17280,-8.445393037385156
17281,-7.359248244980487
17282,-6.931479143032481
17283,-6.462202589429329
17284,-0.03563891746854608
17285,-6.229583332007024
17286,-7.8103281921503545
17287,-6.680413401910833
17288,2.428269554392375
17289,2.0086886539772992
17290,6.713213613269536
17291,-8.30965813947665
17292,1.6451908979687646
17293,-1.3736674756112812
17294,-5.816410605740149
17295,-7.366213754351055
17296,-5.230735107755004
17297,-7.190012377955598
17298,-0.5979551263658305
17299,-0.8079270029252988
17300,2.5476066877527797
17301,-8.114219471403478
17302,-8.101478305838372
17303,-1.4305476742226662
17304,-5.165469243621459
17305,-7.653973755367888
17306,0.0869187107269358
17307,-7.965235985493667
17308,-7.7707374023196145
17309,-6.2277958075060935
17310,-4.9752795461599035
17311,0.8176921582865239
17312,0.031004133672313028
17313,-7.754519879444165
17314,1.0022346613862188
17315,-0.8341248946525353
17316,-8.16716635675104
17317,0.48984586864978485
17318,-8.134031901069331
17319,-6.472734227922178
17320,-7.498673899933053
17321,-8.15373383471512
17322,-0.09624806523761564
17323,7.2011960145974285
17324,-5.93194113981736
17325,-7.897862192240118
17326,-5.598628992279854
17327,-8.159038349346558
17328,2.7411689075655428
17329,5.530815048961593
17330,-0.11787676678261017
17331,0.5086354172791746
17332,5.232146315696669
17333,5.726430103886482
17334,-8.258701419321298
17335,-7.773013507955041
17336,2.4967486972374853
17337,-4.660262244999564
17338,-7.838863338593125
17339,-8.01932904512912
17340,-3.0265179144975023
17341,-7.843747754857047
17342,-1.2850342710830138
17343,-3.084402166573234
17344,-0.4704443378843357
17345,-7.5559095309055815
17346,-3.1543008889332427
17347,-7.095593982478382
17348,-3.601674954825538
17349,-8.171807951389406
17350,-8.334007066945059
17351,2.349603038262276
17352,-8.410808756053356
17353,-3.280273160894128
17354,-8.135041867251486
17355,-2.6263586743652483
17356,-8.401044433977793
17357,-8.15373383471512
17358,0.6359382278016824
17359,-5.373635377035805
17360,-5.93194113981736
17361,-7.897862192240118
17362,-8.314779595164843
17363,-0.17095711702273658
17364,-1.3932368612750463
17365,-8.05964051530903
17366,-1.0713451150348936
17367,-8.126024130271633
17368,-7.173923559035933
17369,-7.928367689662467
17370,2.1698147129832814
17371,1.726075003090792
17372,2.2669992169355684
17373,-8.124482299146106
17374,-8.101478305838372
17375,-1.512871110520601
17376,-2.528263541316091
17377,-4.513064104494434
17378,-0.7790066010356846
17379,3.0984354252011013
17380,-5.464095471109493
17381,-7.417375151091999
17382,0.04226614651535432
17383,-7.791368478263685
17384,-8.44416670112253
17385,1.6395476726689378
17386,0.15606142668088985
17387,5.091825942242636
17388,-8.445393037385156
17389,-2.666970997821237
17390,-7.8871464229309955
17391,-0.31910819941691226
17392,-7.308454632530005
17393,-6.871445628343977
17394,0.3805627423323279
17395,0.7212313984439651
17396,-5.886460423469568
17397,-7.897862192240118
17398,-7.889004190126242
17399,0.8801508122771367
17400,-5.95557685526467
17401,-7.309101891182831
17402,-0.0858660930217845
17403,1.3067881316686072
17404,3.9175918467180844
17405,-6.204999971666775
17406,-2.4329022591402136
17407,-2.304973369612866
17408,-1.0679920009899022
17409,-2.814979319148864
17410,-4.987141981470884
17411,-8.102777820278362
17412,-7.412645254172556
17413,-6.491244724845991
17414,-0.1614873459393107
17415,-8.315750210789044
17416,1.5647577638614747
17417,0.7024065131420143
17418,-4.835409092975312
17419,-8.409620169245345
17420,-8.434501920195135
17421,-8.021891595847864
17422,0.5087698910938516
17423,-0.710984485999128
17424,-8.445393037385156
17425,-1.571210826600611
17426,-7.5981832140735275
17427,-8.357735981747016
17428,-8.332855827547093
17429,-1.9907247300206847
17430,-7.8103281921503545
17431,6.193970904467309
17432,0.18149838641838678
17433,-4.121010581128432
17434,-1.4967084696001858
17435,-8.008653741427365
17436,-6.045258099925196
17437,-7.917278266415769
17438,-0.4518687257879363
17439,-7.975346535559887
17440,-7.173923559035933
17441,-7.892076178540378
17442,-8.384310038667772
17443,0.5927367171775103
17444,3.069532480773722
17445,-0.8166517328768175
17446,-1.8492168246473348
17447,3.1783330353408132
17448,-0.8868520017411927
17449,-7.798600060570985
17450,-7.993272012517414
17451,-6.1606125650210055
17452,2.041151920642592
17453,-1.3290093319089429
17454,-8.383025349491835
17455,2.166700766498692
17456,4.767778114626271
17457,-5.0445571538005325
17458,-0.2760272952637094
17459,-0.017556341507534823
17460,-7.249367222112426
17461,-8.021723103710826
17462,-8.167567991869147
17463,-2.7627222675244063
17464,2.645868234320371
17465,-7.608310427213899
17466,-7.8103281921503545
17467,5.2717948972544955
17468,2.0382045721539974
17469,-7.897862192240118
17470,4.229299587615365
17471,2.996124364631555
17472,-0.6190715267660193
17473,-8.05964051530903
17474,-8.218339088411227
17475,-8.126024130271633
17476,-6.11767614519228
17477,1.334042914829607
17478,-1.9119601948435059
17479,0.7644456061899292
17480,6.7697496602322795
17481,-8.124482299146106
17482,-8.101478305838372
17483,0.6727442382744178
17484,-0.289184372750065
17485,-0.7346896198461383
17486,0.6456122379058322
17487,8.997377325231865
17488,-8.025438886833678
17489,-4.978880844857635
17490,-8.29208989191013
17491,-8.409620169245345
17492,-2.2440491898389676
17493,-1.1752988701731324
17494,-8.31790258582482
17495,-5.919557884916573
17496,3.320077790115233
17497,-7.288980850648309
17498,-7.7626703499224385
17499,-8.339452712633351
17500,-2.379148258496394
17501,-8.057936713959645
17502,0.9412664715729019
17503,-5.9327729653961025
17504,-0.5313816301475031
17505,-7.897862192240118
17506,-7.870473399571505
17507,-8.30965813947665
17508,-5.367164789788887
17509,3.2087624036489455
17510,-2.1236864479984696
17511,-8.080138658018715
17512,2.3224595008016773
17513,-3.243793902119295
17514,-7.875603685116101
17515,7.671213801404188
17516,0.4904464932816528
17517,-8.124482299146106
17518,0.800048890513859
17519,-8.102777820278362
17520,-7.927926252499079
17521,2.3202461168045714
17522,-8.355414242043926
17523,-1.0061713913949157
17524,3.9235216905751997
17525,-8.035478780654246
17526,-8.383025349491835
17527,1.9329676183623636
17528,-8.44416670112253
17529,-8.133584533145303
17530,0.10307675099934147
17531,-5.326152323558281
17532,3.0909116219111494
17533,-8.021723103710826
17534,-0.8358599476371096
17535,-8.002792410090816
17536,-0.1701251718740775
17537,-8.15373383471512
17538,-5.954480653465645
17539,3.2539502459352656
17540,-0.8616196651841084
17541,1.0315624410729654
17542,1.6058769330141733
17543,0.492513452880353
17544,5.154634772361292
17545,-6.203025891943092
17546,1.162784012659011
17547,-8.126024130271633
17548,-7.173923559035933
17549,-7.341348424169681
17550,0.5418974041136082
17551,-7.3585966978336925
17552,2.982528105039613
17553,-6.732356614187859
17554,-8.101478305838372
17555,-8.102777820278362
17556,-8.41113692211629
17557,1.678352477968571
17558,-8.249514277759141
17559,-1.0925300335974244
17560,-8.238721487380642
17561,-3.492910958058734
17562,-8.098940554000118
17563,-8.409620169245345
17564,-6.919082077319349
17565,-8.230539253075063
17566,-8.149776087136821
17567,-7.299088004224492
17568,-3.083793775688104
17569,1.8138826441738383
17570,-4.180537651905674
17571,-8.404845335928126
17572,5.035767859443467
17573,-8.185033530113653
17574,0.8913376406093666
17575,-6.666650181825172
17576,-1.322766874048729
17577,6.447324090691526
17578,-8.314779595164843
17579,-0.3823682669162902
17580,-3.034725625890842
17581,-3.8671511858444676
17582,-8.314493264424739
17583,-7.3136527578918376
17584,2.2069308952945366
17585,-7.448876699871004
17586,-1.6445231356223209
17587,-0.21950249268360045
17588,0.6994300694457656
17589,-8.124482299146106
17590,-8.09965688491917
17591,-1.3883615805405956
17592,-1.7863043196196144
17593,-4.400709659784704
17594,-2.718643982639903
17595,3.080447193344185
17596,-8.238721487380642
17597,0.6652501469519345
17598,4.688816730467636
17599,-8.205086802286774
17600,1.3253388180078511
17601,-8.230539253075063
17602,4.704309685214832
17603,-1.635149064523035
17604,-8.445393037385156
17605,8.864339574848083
17606,-8.034266195159246
17607,-8.361287773428291
17608,-0.4580249911695189
17609,3.4811512074236353
17610,-7.8103281921503545
17611,-1.1765228360081856
17612,-1.737109074688083
17613,2.7768104791966626
17614,-8.008673997125513
17615,-5.680655761699535
17616,-2.6934600123254127
17617,-8.05964051530903
17618,-8.23466669531264
17619,-0.3058582675023773
17620,-0.12546414423315366
17621,-3.2493290708890292
17622,3.4615604211587168
17623,-7.8472701766447335
17624,0.0014729204724336364
17625,-5.716104814136543
17626,1.1659311756194275
17627,-0.1633991223734823
17628,-2.607775068623882
17629,0.8200762020376828
17630,1.5293564322863311
17631,1.928974325341502
17632,1.5820831334364054
17633,-1.0492398742176587
17634,-8.383025349491835
17635,6.545584938229747
17636,-3.191136372736252
17637,-6.01858785131177
17638,-4.948849973259597
17639,-2.3768246946338873
17640,-1.6605392417031806
17641,-3.527075365107913
17642,-8.204839746080095
17643,-8.404845335928126
17644,1.0215439390924788
17645,-0.882985491865577
17646,5.072911521317222
17647,-6.730556100207239
17648,-5.928930519484471
17649,-4.229016538899401
17650,-7.129473023217764
17651,4.389953547416316
17652,-5.753545900225759
17653,-8.05964051530903
17654,8.30362046506627
17655,-6.827098152295617
17656,4.623741721443262
17657,-1.4047093428285327
17658,-0.6649179599698176
17659,2.30560044627821
17660,-7.123672445906468
17661,-8.124482299146106
17662,-7.877098886819006
17663,-6.575709058505873
17664,-8.41113692211629
17665,-5.356139590555781
17666,-5.7100003639454116
17667,-7.972886409114077
17668,-1.3999260445747912
17669,-3.44062429782717
17670,5.4478887644607035
17671,-8.094743849622846
17672,-2.898892922690315
17673,-8.14796198550867
17674,0.636347209141586
17675,-0.2514700205103684
17676,-8.445393037385156
17677,-1.2347386873353017
17678,-8.287005635609999
17679,-6.795045147023056
17680,-8.408693374222215
17681,-8.168373878557594
17682,-7.8103281921503545
17683,2.444799438241
17684,-0.8840424039385608
17685,-7.897862192240118
17686,-0.06619524426661605
17687,-8.362008406277516
17688,-2.2120648657778146
17689,-8.05964051530903
17690,-1.583271442660834
17691,-6.042707121724655
17692,-0.12970752029475174
17693,-7.930493473916002
17694,-3.690172829320078
17695,-8.246291411321868
17696,-7.123672445906468
17697,-8.124482299146106
17698,-8.101478305838372
17699,-3.8055067821265105
17700,-5.564860528063108
17701,1.3032741506143917
17702,-1.8110967017733213
17703,-8.14183710572987
17704,1.3080772119166537
17705,-7.969214131574198
17706,-3.5294991101217255
17707,-8.409620169245345
17708,-8.44416670112253
17709,-6.499110415107649
17710,0.34014048257260054
17711,-1.0577171930714777
17712,-8.342951699020043
17713,0.5797627335370756
17714,-8.103815488676034
17715,-2.702471826325536
17716,-8.408693374222215
17717,-7.6574929701696375
17718,-1.8947743445302
17719,0.2501012452882878
17720,-0.3505391072604356
17721,4.400658657524289
17722,-4.76309266259798
17723,-2.4001097977209493
17724,-0.24357979827231446
17725,-1.4503678585495177
17726,3.2131286030985846
17727,-1.1696414599399811
17728,3.8956746355454555
17729,0.8492227378530535
17730,-6.147644397184052
17731,-8.391374526759448
17732,-7.123672445906468
17733,1.55892894771326
17734,-8.101478305838372
17735,-0.7502618121618331
17736,2.7185616129364387
17737,0.7370182314691232
17738,0.7305440375252272
17739,-3.0634476784999065
17740,-8.20974530545433
17741,-3.661876031706812
17742,-8.266439748187265
17743,-8.409620169245345
17744,-8.388237008774627
17745,1.4534973869376715
17746,-1.6532598761429607
17747,-7.299088004224492
17748,-4.66466941928379
17749,-0.3103904194558482
17750,-8.287005635609999
17751,-8.404845335928126
17752,-6.8766649002099385
17753,0.7331231456087792
17754,0.3933401166725794
17755,0.7187838621628768
17756,-5.93194113981736
17757,-7.875437209121856
17758,-7.895208742948861
17759,1.5660598630258384
17760,-0.19628473252309908
17761,-1.2002231084168358
17762,2.2189399168032784
17763,-8.126024130271633
17764,4.748915494538701
17765,-7.825435583039924
17766,-2.4204528457511763
17767,-8.391374526759448
17768,-3.8858094025335492
17769,-8.124482299146106
17770,-2.662816663044571
17771,-8.161471070318829
17772,-1.706616304071745
17773,-0.6734631365892386
17774,-8.355414242043926
17775,0.07318241438427509
17776,-8.238721487380642
17777,-8.035478780654246
17778,-8.393223656455095
17779,-8.409620169245345
17780,-8.176578705426573
17781,-1.1799903815177275
17782,1.9289170035719214
17783,-0.17110963125171352
17784,-1.630920502589448
17785,3.068568963711568
17786,1.9795911498824834
17787,3.220913845577601
17788,2.162022550779017
17789,-5.653933505466556
17790,-7.8103281921503545
17791,-1.0971958398929582
17792,0.6098639578433387
17793,3.10338467329518
17794,1.65043165098615
17795,6.359800686064734
17796,0.6983858726952007
17797,2.8232342129812107
17798,-8.247789321029863
17799,-8.126024130271633
17800,-7.173923559035933
17801,-8.038890770801737
17802,2.521482068872431
17803,-8.39640557242528
17804,-7.1503543218062715
17805,0.9294093438004838
17806,-8.068596617422687
17807,-7.2152781467331755
17808,3.910679629633913
17809,-0.5390291693908278
17810,0.942655089900172
17811,2.588253623677305
17812,0.20015458895461613
17813,-7.054008133157997
17814,-7.690469902208825
17815,-7.85693183604769
17816,-0.7281067136857629
17817,-8.230539253075063
17818,0.6171090233584591
17819,-4.783070860742635
17820,3.280350506323024
17821,-0.2116712913078982
17822,-8.275845838720269
17823,-4.400877299581876
17824,0.9199816008586712
17825,-5.085363356950184
17826,-7.8103281921503545
17827,1.430286890212775
17828,-1.7054821518318195
17829,-0.8578227464758501
17830,1.4204679116290773
17831,-8.229808233465816
17832,-6.045258099925196
17833,-2.4964684554604726
17834,1.827586706950414
17835,-1.5362581080325781
17836,0.2803154135513788
17837,-4.802226538401957
17838,2.913315976939942
17839,-1.560956029874887
17840,7.36080205015767
17841,2.098306534942768
17842,-1.1664646128903893
17843,-8.08043180386953
17844,-0.4594539545791847
17845,-7.852570493085114
17846,-8.355414242043926
17847,-8.353806373264327
17848,-2.403653090593896
17849,-7.114881803777034
17850,-5.935248965667016
17851,8.067044321435754
17852,-8.438854183349822
17853,-8.24898978181548
17854,0.4322319944245442
17855,0.857632020816423
17856,0.7122943590904184
17857,0.7462000962621866
17858,-1.1954047123054043
17859,1.2328369467160436
17860,-7.65117873732
17861,-8.071825815608868
17862,-7.8103281921503545
17863,-5.368669667298441
17864,3.2064597987653776
17865,3.246467490243209
17866,1.7289664649440248
17867,-6.9876058914192125
17868,0.6742052239487952
17869,-1.0790632840083527
17870,-4.3724081825773204
17871,-7.91635214144226
17872,0.23207221579143544
17873,-0.6262343697277796
17874,-0.19909388122572758
17875,-0.06290962373575337
17876,-4.118011405980148
17877,2.80572631740688
17878,-8.101478305838372
17879,-8.148367605417873
17880,-6.599567845094927
17881,-2.078587719576581
17882,-8.205997815588736
17883,-8.353806373264327
17884,-0.7987382509068173
17885,-2.91577214862043
17886,-5.148490103235527
17887,-1.4154151226571505
17888,3.5081939988274566
17889,1.3983819562707194
17890,-1.1440250745060792
17891,-1.8286327718231188
17892,-8.265439398301265
17893,-2.743935414251248
17894,-0.47656947806822303
17895,5.955808853822736
17896,-4.399296572322575
17897,-8.157335827725369
17898,-7.8103281921503545
17899,-6.265531389545787
17900,5.136814834770226
17901,-6.345739369032707
17902,-8.291757737151391
17903,-8.331187053529016
17904,-0.1468667113931332
17905,-1.1686882508357064
17906,-7.022101585854692
17907,0.08560293986410206
17908,-6.525039029116393
17909,-7.268141995692458
17910,-8.394826622778734
17911,3.624996111615098
17912,-7.1503543218062715
17913,2.5535584074580147
17914,0.4016473982048736
17915,-8.27643729642045
17916,1.4150265936205977
17917,-0.7586860108816178
17918,-7.414245405429743
17919,5.045825452587051
17920,0.6474535144764211
17921,3.543728459679778
17922,-8.216386356850434
17923,0.44889810046634937
17924,-8.44416670112253
17925,4.781930914006988
17926,-4.4336812996803285
17927,-3.179997973821594
17928,-7.918843110131435
17929,-6.06550711532955
17930,-8.287005635609999
17931,-8.404845335928126
17932,-8.394711395544551
17933,-8.185033530113653
17934,-0.00985442081146548
17935,-6.484517663513778
17936,15.988164121036842
17937,-2.2550539417288578
17938,-6.084081085427719
17939,-7.199172206748068
17940,0.4168731891315969
17941,-2.7084147447599314
17942,1.9548877793660948
17943,-8.126024130271633
17944,-7.173923559035933
17945,-7.650864909496347
17946,-8.37962798764444
17947,-1.186008650747843
17948,-1.4477630847632499
17949,-2.850018773552444
17950,-8.101478305838372
17951,-7.917620807045313
17952,-8.447114011549955
17953,6.4324593449875636
17954,-1.3832120224324644
17955,-2.151592489300568
17956,-2.750196279723672
17957,-6.994392685134528
17958,-0.26378470025594725
17959,2.6147962642453715
17960,-5.861767479050453
17961,-8.16784099225588
17962,-6.17232628314916
17963,7.120428246309262
17964,1.0688054140594168
17965,-8.021723103710826
17966,-5.116930210987462
17967,-6.703640201776354
17968,9.097608845374644
17969,-8.187286806947505
17970,-2.490693879304745
17971,-1.910184124668981
17972,-1.4699391275238107
17973,1.9861707113512574
17974,3.6359614750953027
17975,-7.6368436305787
17976,-3.819074773206506
17977,-3.0419387737766774
17978,-6.587113206730417
17979,-8.200992752413324
17980,-1.622845212095314
17981,1.2933299768949253
17982,-8.394826622778734
17983,-2.8569665363849674
17984,-2.3833610083719043
17985,-8.124482299146106
17986,-0.32270653030541774
17987,3.3001260110680213
17988,-8.435265737086711
17989,2.177715470739243
17990,-2.4224664813083234
17991,-8.053797363128966
17992,-0.5950243977180371
17993,-1.3398301160738617
17994,5.242560445681413
17995,-8.458705795623695
17996,-8.44416670112253
17997,-8.2276871885149
17998,-8.196953494856832
17999,0.09654009719736992
18000,-8.33746326572583
18001,-0.08733450928872027
18002,-4.7641230384115945
18003,-0.5039301551547862
18004,-7.681957834495187
18005,-8.187286806947505
18006,1.375678778867341
18007,-6.730556100207239
18008,0.9469679153378241
18009,2.442164511444169
18010,-8.326116588546697
18011,-8.351777834477058
18012,-3.6403309787490317
18013,-8.05964051530903
18014,-1.928378931306038
18015,-0.6741253759071422
18016,-7.173923559035933
18017,-8.038890770801737
18018,-8.139830347277968
18019,-7.541643252435218
18020,-7.1503543218062715
18021,-8.124482299146106
18022,5.794259457624369
18023,0.33533102850599716
18024,-8.445393037385156
18025,-7.330797793143528
18026,3.3257105701671317
18027,3.4837973174921864
18028,0.9541729912275789
18029,-8.035478780654246
18030,-8.393223656455095
18031,3.979755790739365
18032,-3.3385063087006093
18033,-8.24898978181548
18034,-8.334007066945059
18035,-2.4713810388918698
18036,1.308438069523361
18037,9.67226881695883
18038,-4.905276888711683
18039,-8.404845335928126
18040,-8.241201085174191
18041,-8.170617520781228
18042,-7.8103281921503545
18043,-2.4138305660810655
18044,-5.93194113981736
18045,-0.8095145225739504
18046,-4.776607730385168
18047,3.6158718840672837
18048,-1.1877238668392767
18049,1.55554449587132
18050,-8.309069992523117
18051,-1.4717196061440598
18052,3.781241396226581
18053,0.22419336830532588
18054,3.934448849748173
18055,1.4819534779124042
18056,-7.1503543218062715
18057,-8.124482299146106
18058,-4.594667312945583
18059,-8.199284559276988
18060,-7.979430401337458
18061,4.333297610486921
18062,-2.163906165425251
18063,-0.810873961858445
18064,-8.238721487380642
18065,-8.035478780654246
18066,-8.393223656455095
18067,-0.8756807367268904
18068,-7.778740894604934
18069,-2.5999752031429995
18070,2.272151960664745
18071,2.170416009059786
18072,-4.892100012230295
18073,-3.4185685031944844
18074,2.4572575750719885
18075,-8.227578546143834
18076,-3.35679477337755
18077,-8.187286806947505
18078,4.128491682022552
18079,-6.730556100207239
18080,5.578020656891336
18081,4.633324446193542
18082,-7.3727061295175025
18083,-0.32697713899714503
18084,-6.164936916305942
18085,2.7575123507155426
18086,-4.806213049458926
18087,-3.467460175490409
18088,-7.173923559035933
18089,1.0425745008641782
18090,-8.394826622778734
18091,-0.9297593209028954
18092,5.476298808804351
18093,6.444801074346204
18094,-7.732873060717404
18095,-8.206511869374834
18096,-1.1288336375081158
18097,-7.752928968216254
18098,-8.197317255716731
18099,-7.845362484816909
18100,0.824754775707919
18101,0.22628414349898818
18102,-3.0089222866133727
18103,-4.445248697627116
18104,0.6618015225264122
18105,-8.24898978181548
18106,-8.334007066945059
18107,-1.79914930724688
18108,-2.810029221656774
18109,-0.8721988028964205
18110,-5.611544475108957
18111,-0.1822801946629049
18112,-3.6439062381125495
18113,-3.1284812677378913
18114,-7.8103281921503545
18115,-6.730556100207239
18116,0.7583797095140745
18117,-7.897862192240118
18118,-3.7532597469320716
18119,-8.193168224639306
18120,-6.164936916305942
18121,-7.510893272325839
18122,-7.201561599369607
18123,-4.8008582260939185
18124,6.43482203384314
18125,-7.51175333790504
18126,-8.394826622778734
18127,-8.39640557242528
18128,-0.30283211340615535
18129,5.899152681062154
18130,-6.126218735622576
18131,-8.27643729642045
18132,-8.30618163016685
18133,17.301164976718656
18134,-8.312851335088416
18135,-8.353806373264327
18136,-0.43791184030385444
18137,-1.449740354049802
18138,-8.286181026491885
18139,-0.42955462370240427
18140,0.985642517223207
18141,-8.24898978181548
18142,-3.126140492673375
18143,-3.577524914913648
18144,-8.326728791609503
18145,-1.211358941998541
18146,-8.15099265100734
18147,-5.064446673148875
18148,-8.408693374222215
18149,-0.19716585302599565
18150,-3.1088370484188843
18151,-0.5990615632183979
18152,-5.594318965931314
18153,-7.287221873504874
18154,3.6576027355773864
18155,-1.3341806472997984
18156,-3.013995770921911
18157,-8.05964051530903
18158,-1.0678451832389573
18159,-7.9241225939550235
18160,-6.195459273132654
18161,-8.038890770801737
18162,-8.394826622778734
18163,-8.39640557242528
18164,3.5744937374323715
18165,-8.15599404698111
18166,-1.0339148242500968
18167,-8.33228811200712
18168,0.9705511366483246
18169,-3.5218705448095347
18170,-8.355414242043926
18171,-8.28245405983185
18172,-7.212445847175408
18173,-2.1098905417675047
18174,-2.569655511661585
18175,-0.4418482138876143
18176,-8.44416670112253
18177,-6.816692592836596
18178,-8.334007066945059
18179,-4.956883311519997
18180,-1.7190615647752443
18181,-3.6697132968097392
18182,-1.18129090918708
18183,-8.294036334999682
18184,-8.283727014089068
18185,-7.959001632712033
18186,-3.618511051379621
18187,-0.028385999427104736
18188,-3.1695740655185727
18189,-0.9576284057565199
18190,-1.0568094696905206
18191,-0.41923420097223546
18192,3.6020795588756527
18193,5.573577604924368
18194,-8.314493264424739
18195,-7.703844703229281
18196,-5.409943752610685
18197,-5.600909961568091
18198,-8.394826622778734
18199,-0.14306133453073333
18200,-0.24082181986297102
18201,-7.928084783300173
18202,0.9378250734124536
18203,-7.037551383110673
18204,-8.33974388373199
18205,2.5827050152360447
18206,-0.5084628800235607
18207,-8.353806373264327
18208,-8.081731667091859
18209,-8.013723346414531
18210,-8.2567180959425
18211,-0.6392879229116012
18212,-1.1580167268177441
18213,-1.4594547134864635
18214,-3.0250260121793433
18215,-0.23801382804812343
18216,-7.906524373853362
18217,-7.263961424122576
18218,-4.727337089707492
18219,-0.9630128676536294
18220,2.8708428741947576
18221,2.0454846382690928
18222,-5.4546404260651
18223,-7.595551078977693
18224,-5.017289535032151
18225,-0.10597300622901895
18226,-8.326116588546697
18227,-0.4453788582666391
18228,-4.130999296158961
18229,4.612102711529143
18230,-6.481823693517992
18231,-3.682291144033219
18232,1.0051190855224417
18233,2.534411229579515
18234,-8.216012905642799
18235,-8.39640557242528
18236,-7.1503543218062715
18237,-0.46703098270494503
18238,-7.761047675704839
18239,-8.335205844147309
18240,-0.7321195422935881
18241,6.586002328493837
18242,-7.211547429237978
18243,-8.353806373264327
18244,-2.937400198927916
18245,-8.035478780654246
18246,0.5535019239738321
18247,-8.41831416156094
18248,4.612272304424058
18249,-2.042926174955636
18250,-3.305140706640207
18251,0.9378981244938157
18252,3.3979937975938586
18253,-0.031116359679014716
18254,-8.245709979819203
18255,-7.561433877701686
18256,-8.408693374222215
18257,-8.187286806947505
18258,-5.123449843149508
18259,6.675740996519173
18260,-1.217068437242629
18261,2.3884417427927502
18262,-3.6816391898565026
18263,-2.8065028762848905
18264,-1.723420068819853
18265,0.23981501140871853
18266,-6.64977840570862
18267,0.2770765688467553
18268,-7.173923559035933
18269,-7.656876967110534
18270,-8.383662500457316
18271,-2.0657109445773028
18272,6.230633084482195
18273,-7.861605554787115
18274,-1.2118518405649708
18275,-8.247908999502108
18276,-8.370045311335241
18277,6.771387006360011
18278,-4.766665324402676
18279,0.9661872514309228
18280,-0.3996729916333943
18281,-1.1661205492185518
18282,1.9940090334831038
18283,-4.022312861243253
18284,-8.244044604843094
18285,-1.963986935466959
18286,-8.334007066945059
18287,-5.699489762420132
18288,-8.458705795623695
18289,-0.07213874985986957
18290,1.4804601997422417
18291,0.4886564251742902
18292,-8.248985840130201
18293,1.3460811992016168
18294,-1.6392049391396175
18295,-7.595551078977693
18296,2.147157487007807
18297,2.8271750513364564
18298,-8.326116588546697
18299,2.7998447931237136
18300,-3.780791134161133
18301,10.311719139517896
18302,-2.7495938246964675
18303,-5.27796534154948
18304,-7.173923559035933
18305,-8.064960816241612
18306,-8.394826622778734
18307,-7.439704697399426
18308,2.9375979467498214
18309,12.083695559248074
18310,0.6523487013075088
18311,-8.38107832340482
18312,-0.6865381342033166
18313,-7.8370345280803155
18314,-7.547277950043149
18315,-8.087094132776684
18316,1.4434383573477558
18317,3.0489545317788105
18318,0.42117217863275286
18319,-0.09613999018374919
18320,-8.095539652681868
18321,-8.24898978181548
18322,-8.334007066945059
18323,-1.7967975509962508
18324,-8.451241025406606
18325,8.31457561190812
18326,-8.287005635609999
18327,1.988111748405497
18328,-1.6956451694892891
18329,-4.846183944272674
18330,-5.293076881178849
18331,-1.17099381931782
18332,-5.93194113981736
18333,-1.2120152452552673
18334,4.372879260623192
18335,-8.15075617918065
18336,0.6859735354842227
18337,5.933864605315714
18338,6.100026856375104
18339,-5.361401364367894
18340,6.61097044448891
18341,-8.034829704147684
18342,-8.36903057352335
18343,-8.169697245391339
18344,-2.1852046927698012
18345,0.9469968154739556
18346,-4.865027465842735
18347,-3.310249582414338
18348,-4.445173770134503
18349,-7.852570493085114
18350,5.972633300030492
18351,-6.4277367310475695
18352,5.246554961771656
18353,11.377389842447986
18354,-4.539342587459868
18355,-3.1439820933955107
18356,-8.318095849754718
18357,-4.683137531187537
18358,-7.774983078042176
18359,-3.195080493166582
18360,-0.10028923522826322
18361,-0.3062863683466832
18362,-2.7290394942332994
18363,5.205374503955951
18364,-8.408693374222215
18365,-8.187286806947505
18366,4.422125758670933
18367,-1.0603891410074826
18368,-1.8772938110884514
18369,4.132716699418603
18370,2.190421022846703
18371,-8.293728004972936
18372,-0.2840975100116476
18373,2.712067379357841
18374,-8.245214067318013
18375,1.855482512449766
18376,-4.8316436175334525
18377,1.0646126961658395
18378,-6.844915656846737
18379,-0.8853528819070734
18380,-5.449806836607082
18381,-8.15599404698111
18382,-7.338915367187767
18383,-8.38107832340482
18384,-8.445393037385156
18385,-7.852570493085114
18386,-3.5682400929813225
18387,-8.353806373264327
18388,-3.633730132609009
18389,-8.035478780654246
18390,-0.29481075867618267
18391,-1.1914967927515114
18392,-8.44416670112253
18393,-0.4700482832463887
18394,2.440144060642516
18395,-1.2027241258605461
18396,-5.8056903095200045
18397,-0.31533793315416725
18398,-8.057384014192102
18399,-8.404845335928126
18400,-7.414087927228535
18401,3.420795498400972
18402,-1.3449492721777325
18403,1.9721972501884568
18404,2.3509968027906645
18405,5.50403270029274
18406,-8.21974790353145
18407,-6.861722835095854
18408,6.097195639341429
18409,-2.7545105057496473
18410,-3.264898979362429
18411,-8.200992752413324
18412,4.168953848498688
18413,0.47889257151028897
18414,-8.01851870464065
18415,-6.99246033824694
18416,-3.9715589741267223
18417,6.056503409853603
18418,-6.537096409039738
18419,-8.38107832340482
18420,-7.461866453804981
18421,-1.2400263775690457
18422,-2.717750269093188
18423,-8.373148560795133
18424,1.1015194965854298
18425,-4.453861376616546
18426,-8.283377513468357
18427,-0.5327992970007569
18428,-8.44416670112253
18429,-8.24898978181548
18430,-1.3058965121950867
18431,-1.7900687731467038
18432,-3.6921858777249215
18433,1.346457515872676
18434,-3.8982577645574024
18435,-8.404845335928126
18436,-1.8645713930677739
18437,5.704203119061944
18438,-7.8103281921503545
18439,-7.595551078977693
18440,-3.156224102810885
18441,-7.897862192240118
18442,-7.122648586610994
18443,-7.590123182476205
18444,0.050510369002676914
18445,-2.5538857596776543
18446,-2.6943442891086042
18447,-7.041292453541783
18448,-2.7982862184591797
18449,-7.27665453175811
18450,-8.119047531497186
18451,-0.39034760938503765
18452,-7.1503543218062715
18453,3.1518212815000974
18454,0.7334497315618237
18455,-8.368561813089432
18456,-7.65832223520533
18457,5.896237371150294
18458,-8.336362937150806
18459,0.9379380436117476
18460,-7.452813572975666
18461,2.8821356034018706
18462,-3.445041906534174
18463,-0.5510338859982817
18464,-8.417174432613187
18465,-8.24898978181548
18466,2.867798573187155
18467,0.4285303287770892
18468,-8.458705795623695
18469,-8.021723103710826
18470,1.9705161014925443
18471,1.046647317681045
18472,-8.361775849400441
18473,-8.187286806947505
18474,-7.8103281921503545
18475,-3.78959526430532
18476,-5.804282589172498
18477,1.818745663454528
18478,-1.7436622600674538
18479,-8.308855779015449
18480,-1.1576314406082107
18481,-4.480060687713021
18482,-7.169902017956557
18483,-8.200992752413324
18484,-7.173923559035933
18485,0.5712634276329167
18486,-8.345388185966423
18487,-8.398768214194115
18488,-1.1901299656700048
18489,-8.15599404698111
18490,4.585214268057268
18491,-2.508494999824141
18492,-3.8512662001955063
18493,-7.759545326418619
18494,-8.138799429469628
18495,-0.09115681376189455
18496,-8.238721487380642
18497,-8.035478780654246
18498,-3.6353312209811226
18499,-3.401167748270783
18500,2.090809825966337
18501,-8.24898978181548
18502,-8.334007066945059
18503,-3.902433734950164
18504,-8.458705795623695
18505,-3.8158539147779296
18506,-7.725063007793726
18507,-7.726234270247886
18508,0.42867735682176233
18509,-1.4149769189782704
18510,-7.698404747467659
18511,-4.823554066267267
18512,-5.93194113981736
18513,-5.1054172919153
18514,-1.642356439583855
18515,-8.314639223855622
18516,-2.4084745417781517
18517,-6.032854688057298
18518,-6.458269728855682
18519,-7.401883035221948
18520,-3.7680639916202283
18521,-8.064960816241612
18522,-8.305230564074272
18523,-8.225495983633666
18524,-7.1503543218062715
18525,-7.134553252031608
18526,-3.0689331800270896
18527,-8.400041568102731
18528,0.18071838543654306
18529,-7.852570493085114
18530,-4.075469272312733
18531,0.1535894105976638
18532,-1.9385760643654677
18533,0.15630162234041223
18534,-0.051052703659368426
18535,-8.243951357222118
18536,-8.329734012959186
18537,-8.086287887298857
18538,-7.5014576292019175
18539,1.0104470267180583
18540,1.3678854452032914
18541,-7.037688526171516
18542,-3.1361155794014177
18543,3.1896302265677887
18544,1.0720876781340252
18545,-2.3989045905679403
18546,-7.8103281921503545
18547,9.1470605940806
18548,-0.8393144793622455
18549,-7.897862192240118
18550,1.6559107698131892
18551,1.4239417453533703
18552,-1.8298539397085887
18553,-8.139280516869459
18554,-0.8242062003259341
18555,-4.69773074975237
18556,-3.5830100110807512
18557,-8.05753943498502
18558,-8.394826622778734
18559,-8.300957660561547
18560,5.9223114933575935
18561,1.7289143308040276
18562,-8.101478305838372
18563,-8.259754742841132
18564,-8.445393037385156
18565,-7.536586845173923
18566,0.44610926288146513
18567,-8.30224971737096
18568,-6.525458916744332
18569,2.288582634583677
18570,-8.393223656455095
18571,-0.4925504862905492
18572,1.4646320450579522
18573,-8.252309033479296
18574,0.34672588611820454
18575,-1.1233544900134569
18576,-8.436972996435296
18577,2.6766392279675513
18578,-5.667597001564376
18579,1.1226966141265398
18580,-1.3867279002465178
18581,-8.187286806947505
18582,0.46152926634470415
18583,-7.339250110393438
18584,-5.798701060348613
18585,-3.760963647122486
18586,-8.326116588546697
18587,-3.3562039607652174
18588,5.337517387194305
18589,0.3185470555762324
18590,-0.5352319483072985
18591,0.5976749184856844
18592,-6.667131062812526
18593,7.127037142593709
18594,-2.8148182079448096
18595,-7.890734649019119
18596,-3.366062506015785
18597,2.548811052967891
18598,-8.101478305838372
18599,-7.314871972786102
18600,1.2043096496432215
18601,-7.852570493085114
18602,-6.618261916422462
18603,-6.784747101181702
18604,4.013724633502653
18605,-7.478908075016874
18606,-4.060524927235714
18607,-8.447114011549955
18608,12.151984081371863
18609,-8.048357330361728
18610,1.2808509908648111
18611,4.192582996308328
18612,-6.998228598417488
18613,-4.284291845392006
18614,-8.287005635609999
18615,-8.370746417598573
18616,-7.891341490011821
18617,-5.9265182901957925
18618,9.833102475347086
18619,-7.223159487895974
18620,-5.93194113981736
18621,-0.8478246348761593
18622,-8.348171343915372
18623,-8.192447032393638
18624,-6.164936916305942
18625,-7.280592987514596
18626,-8.314493264424739
18627,-5.851323808845187
18628,-7.173923559035933
18629,0.7950029929792102
18630,0.003835936618081792
18631,-3.820891512797938
18632,12.29382908591041
18633,3.2414933451171937
18634,-7.700041370106761
18635,3.1922072237270314
18636,1.0118024879529202
18637,-7.638803568927381
18638,-8.180970890332722
18639,-8.38153492815085
18640,-3.724089740074275
18641,-7.599280967120523
18642,-7.4581145073146535
18643,-0.659775078320747
18644,-7.413462714196157
18645,1.0155494290294906
18646,-3.4167584327513723
18647,-7.299088004224492
18648,-6.355130497297877
18649,2.3795736143967616
18650,-8.287005635609999
18651,-0.9718898911970917
18652,-6.088452072481717
18653,-8.187286806947505
18654,-1.9535844666352948
18655,-7.595551078977693
18656,-4.292349132980417
18657,8.294002932793884
18658,-8.196811379320952
18659,0.9331619081839158
18660,3.2526744477065574
18661,6.456692971258251
18662,-8.314493264424739
18663,-7.999567162615759
18664,-5.557610711536749
18665,-0.10699736547930616
18666,-7.670424850528978
18667,1.548743892165965
18668,-5.568333619423746
18669,-8.15599404698111
18670,-8.137157179541433
18671,-4.847580639190966
18672,-8.41843220276105
18673,-3.4671101371116566
18674,6.48987401061283
18675,-2.0320327894551062
18676,0.04573840180737809
18677,-8.035478780654246
18678,-8.165161844582974
18679,-2.3103322282983925
18680,-8.12178222736737
18681,-8.252309033479296
18682,-0.039120639644598776
18683,-6.524597916993784
18684,-2.733018925279186
18685,-8.055264781685372
18686,-8.287005635609999
18687,-3.272070836053298
18688,3.8898432107233303
18689,-6.9050793410824785
18690,4.798944427930907
18691,0.026167249636738776
18692,-6.437285644898504
18693,2.8278914990957382
18694,-8.348171343915372
18695,-8.101652931981313
18696,-4.9877669456240685
18697,-8.084884165724441
18698,-7.813056426734616
18699,-8.077857126138067
18700,-7.112980101991605
18701,2.321195959572709
18702,-8.394826622778734
18703,-8.107724801096161
18704,-2.645238561379129
18705,-5.163735351533523
18706,2.3265224977997865
18707,0.03857596609944269
18708,-6.850065138839874
18709,-3.958739605960674
18710,-8.355414242043926
18711,3.668713559705212
18712,3.2229207330736007
18713,1.2529597527542935
18714,-6.31245180052049
18715,1.388254450156885
18716,-8.24199577423044
18717,-8.252309033479296
18718,-7.759501089273992
18719,-3.708005625192346
18720,0.6247272216985862
18721,-8.147226383046593
18722,0.9538235081806148
18723,-7.888448065201992
18724,-7.0416375195225545
18725,-5.023423615494066
18726,6.615261923220281
18727,-7.450342002070125
18728,-3.9766632094254724
18729,2.8498620442439875
18730,-8.342537515254126
18731,0.018518514148373966
18732,-4.185132961523792
18733,-8.348759494001166
18734,-4.569913384366753
18735,-0.21159897662192617
18736,9.059739879301631
18737,-8.048374814592075
18738,-8.394826622778734
18739,-8.398768214194115
18740,-2.7787076169841063
18741,1.8926207700555167
18742,-7.247176575682393
18743,-8.00180589998985
18744,-8.13316999459529
18745,3.576078981048363
18746,-7.980144796656567
18747,-8.38153492815085
18748,-6.848835099347584
18749,1.6200466897612213
18750,-8.338037788638868
18751,0.7737276277237846
18752,5.931208226283054
18753,-8.252309033479296
18754,-8.334007066945059
18755,-1.6463471006261579
18756,-4.735225238295061
18757,-4.178154296785323
18758,-8.287005635609999
18759,-8.404845335928126
18760,0.5940779861960559
18761,-8.195093157991383
18762,0.7438450234478449
18763,-7.595551078977693
18764,3.528638605849814
18765,-7.897862192240118
18766,-7.978159090673743
18767,-0.7630779068327325
18768,-0.5192576456384046
18769,6.457255585018098
18770,-8.314493264424739
18771,-8.250654138277001
18772,-7.173923559035933
18773,-7.90206966340465
18774,-8.25751881942247
18775,-8.398768214194115
18776,1.9858148784284528
18777,2.4042173095761616
18778,-3.669501903439549
18779,-8.400041568102731
18780,-7.90576316526098
18781,-5.705882407212201
18782,-8.355414242043926
18783,-7.133427212203789
18784,-8.238721487380642
18785,-8.035478780654246
18786,0.1449067523122134
18787,-8.447114011549955
18788,-8.211459589723137
18789,-7.534242442621689
18790,8.424975680070764
18791,0.5373116247695097
18792,0.7449415809737336
18793,-2.604997994912728
18794,-0.24612230118466183
18795,-8.404845335928126
18796,-8.408693374222215
18797,-8.195093157991383
18798,-7.227353501721394
18799,-3.6838891089118775
18800,-6.437285644898504
18801,2.4857188576381746
18802,-3.2103091971565814
18803,4.573540782320117
18804,2.2469393853057475
18805,-8.348759494001166
18806,-6.047065731105055
18807,-8.250654138277001
18808,-1.582377104681608
18809,-6.620464638032224
18810,-8.303834657643316
18811,-2.063835027065619
18812,-2.224501712572523
18813,4.083967501349593
18814,-0.36302804868932237
18815,-1.8729510205090953
18816,-0.2771666774988586
18817,-8.104549631823625
18818,-3.8297293233225256
18819,-7.868487341495697
18820,-5.8909069865681385
18821,-8.027683136288884
18822,-7.727531238107473
18823,1.9951917806511317
18824,-8.062187463239281
18825,-8.274075652334595
18826,7.857158415531725
18827,3.093554415426426
18828,3.540325115782059
18829,2.0459279576137264
18830,-7.783578998118219
18831,-0.30761991959788704
18832,-8.408693374222215
18833,-8.195093157991383
18834,-2.6031037773044376
18835,-0.9376133144017161
18836,5.206158533033342
18837,-6.564986985205783
18838,-8.36734589908497
18839,-2.898696510210596
18840,-2.9813564081364965
18841,-8.169037280701895
18842,-8.289492961305468
18843,-2.6897462690365566
18844,-2.0342872297094927
18845,-7.799866941671052
18846,-8.394826622778734
18847,-5.417725043409431
18848,-8.331288583235406
18849,-1.0199169023141796
18850,-7.469049513080339
18851,0.40706841764281504
18852,-8.445393037385156
18853,0.32894959330795315
18854,-8.011178559169855
18855,-8.112472975954875
18856,0.38549473332213513
18857,-3.0542417937469493
18858,3.261409888913315
18859,5.857228169081024
18860,-0.3498349582537901
18861,-8.213177521309698
18862,-5.381447136418289
18863,4.011258313376516
18864,-4.906596895202675
18865,4.059220613239937
18866,-7.951118820840408
18867,1.027256113172676
18868,-8.408693374222215
18869,2.366768603024691
18870,-4.692777590626898
18871,-8.057005520569772
18872,-6.437285644898504
18873,2.9548250749520237
18874,-7.680067049306097
18875,2.277730545551968
18876,-6.164936916305942
18877,-0.0014917509107323923
18878,-8.314493264424739
18879,-7.409335773722933
18880,-1.3718139285894488
18881,-8.064960816241612
18882,-6.871419283116827
18883,-8.398768214194115
18884,3.7919651611506366
18885,-1.9376822665219517
18886,1.1210849424065816
18887,-8.347705280818385
18888,-1.8150922131907903
18889,-5.907845554117004
18890,-8.135752129917298
18891,-8.209729814436498
18892,2.553430361436408
18893,-7.950684754671452
18894,-8.131879306114916
18895,-7.783053276870924
18896,-8.44416670112253
18897,-8.13105997391743
18898,-8.188415518446602
18899,0.09436062867341288
18900,-8.458705795623695
18901,-1.4397614324924124
18902,-3.0208765824856196
18903,-3.221996343261468
18904,-8.30018007299909
18905,-7.949066995891159
18906,-7.8103281921503545
18907,-7.96968385980975
18908,-3.683448816897452
18909,1.6840319695381563
18910,-0.48989230061693406
18911,-8.05547177142023
18912,6.267703398353035
18913,2.7540569572172404
18914,-0.008982265926009259
18915,4.260713688037427
18916,-2.0914152369765615
18917,-8.064960816241612
18918,-7.990358206655941
18919,-3.7781768236774993
18920,-7.314634792300885
18921,4.9515069080159035
18922,-0.5866488101620992
18923,0.268101836661423
18924,-8.210349117039945
18925,-8.104549631823625
18926,-7.956297404358858
18927,-0.2583937397781926
18928,2.7039449581858386
18929,-7.715908072237147
18930,3.8550640210041207
18931,-8.364608032958149
18932,-8.233068012978714
18933,-8.15817669095636
18934,-4.585608910586283
18935,2.8592686992103538
18936,-3.432500372603604
18937,-1.2217303113693667
18938,-8.034297575622318
18939,-8.404845335928126
18940,-8.0823930319893
18941,-1.0917292345130076
18942,-4.71669246379871
18943,-7.0942983081261355
18944,-6.280681533262928
18945,2.07966635389338
18946,-0.6556355235300849
18947,-0.6423084663399878
18948,-3.7997462970280558
18949,6.50058154863455
18950,-7.083442084884448
18951,-2.5513327111663733
18952,-7.2004990231697725
18953,-3.7511385487202125
18954,-8.364666195141016
18955,5.30493988186518
18956,-8.29291879435419
18957,-8.15599404698111
18958,0.655696073916745
18959,-8.177221961682639
18960,0.2512197364140427
18961,-8.024847579285364
18962,-7.9665972812342245
18963,-8.38153492815085
18964,-0.09759153228397832
18965,-4.475066540774311
18966,1.2486957211067575
18967,-8.228707536165572
18968,-7.9849647169376405
18969,-2.9917093768571057
18970,-8.334007066945059
18971,-7.299088004224492
18972,-2.5626742752652065
18973,9.235153617564706
18974,2.898915225045437
18975,-8.404845335928126
18976,0.2857624580107201
18977,-1.4625112049075146
18978,-2.5396051792790666
18979,-1.0119237444218132
18980,-6.246293411942415
18981,0.8998059515805213
18982,-4.5582121637995225
18983,-8.240443797704707
18984,-5.3222326557367365
18985,-7.803017401947798
18986,-8.216656448512582
18987,-7.83029533469524
18988,7.711116603369261
18989,-7.832752571380784
18990,-8.25865038472803
18991,-8.398768214194115
18992,3.522171114910946
18993,12.194116598505465
18994,-8.207543971303418
18995,0.41367015232587645
18996,8.92639033047137
18997,-0.6744141019733902
18998,-7.458715492546409
18999,0.8196166797659741
19000,-8.191988476902353
19001,0.46823460061005856
19002,-6.574431117155782
19003,-8.442574600259501
19004,-8.44416670112253
19005,-8.134612042258473
19006,-1.0160475055258542
19007,-0.287366562070098
19008,-8.13353644199533
19009,-8.150830975006905
19010,-7.6266572560442665
19011,-8.096853720180977
19012,2.355988528699142
19013,-8.146838423282908
19014,-1.4300915760946873
19015,-1.9985098964817567
19016,1.188415786834876
19017,1.0835862320661076
19018,2.6678012034324095
19019,2.3917545196569368
19020,-6.164936916305942
19021,-1.8483594995956847
19022,-8.314493264424739
19023,-6.960924779067721
19024,3.6272738847235058
19025,-8.064960816241612
19026,6.458022038608247
19027,-8.21319277620876
19028,1.7819476870227944
19029,8.022006729878132
19030,-7.022691269340604
19031,-2.0123121317805115
19032,-8.133024440562888
19033,-8.14376220569748
19034,-5.310289029875088
19035,-6.760924379255265
19036,-5.822554699374619
19037,-8.035478780654246
19038,0.08506202420103981
19039,-8.447114011549955
19040,-6.851764348616851
19041,-8.274075652334595
19042,1.8808839533426867
19043,-1.3301511328074036
19044,-8.458705795623695
19045,2.8664564375149917
19046,3.456382497880453
19047,-8.404845335928126
19048,1.6893209559999929
19049,-1.7216621903324256
19050,-3.757384261517286
19051,-7.010989444417344
19052,-6.437285644898504
19053,-7.897862192240118
19054,-5.264757112135171
19055,-8.351002099989005
19056,-1.36543810150484
19057,3.656571208034908
19058,0.850276261869749
19059,-7.039894724004169
19060,1.602306326358009
19061,-8.064960816241612
19062,-8.394826622778734
19063,-3.435113249588755
19064,-8.302429885849095
19065,5.745429797754542
19066,3.867373284801573
19067,-8.244888202744242
19068,-8.445393037385156
19069,1.1537636332759686
19070,-8.299199715088385
19071,-8.38153492815085
19072,-1.1419747698357763
19073,-2.7581228298015814
19074,4.082843986862963
19075,2.367663170603732
19076,1.5378795402932623
19077,1.4029964196845048
19078,-8.334007066945059
19079,-3.481796903252362
19080,-8.388770390322575
19081,-8.150830975006905
19082,-8.289893596455734
19083,1.0684650972522873
19084,6.791096030588826
19085,-8.09516788386544
19086,-2.2313383074107995
19087,0.8182041098995196
19088,-6.11592762702919
19089,-1.5111351056633215
19090,-8.36734589908497
19091,-5.292445701136477
19092,-6.164936916305942
19093,-3.5192990577647407
19094,-8.342744613528685
19095,-8.250654138277001
19096,-5.548777504528587
19097,-0.07523643932547541
19098,-8.394826622778734
19099,-8.398768214194115
19100,-8.32663591274829
19101,-4.67572702047466
19102,-8.207543971303418
19103,-0.7701290508274332
19104,2.1823444236580958
19105,-8.14376220569748
19106,-8.355414242043926
19107,-8.38153492815085
19108,-8.238721487380642
19109,-7.685006532288452
19110,-0.21191611538788338
19111,5.181471392332693
19112,-8.44416670112253
19113,-8.218450636388209
19114,-8.334007066945059
19115,2.9927253136989904
19116,-8.2033045239369
19117,-2.7179778269606887
19118,-8.190749582102356
19119,-0.7128000556751157
19120,-8.396131322992366
19121,3.869834186984205
19122,-1.6972973629491928
19123,-5.543734561675894
19124,4.508477882130808
19125,-3.925990256938232
19126,-7.267335460802072
19127,-8.381680378652632
19128,-6.164936916305942
19129,-8.348759494001166
19130,-7.395340804495483
19131,-8.337370575152967
19132,-1.3161220279404189
19133,-7.910577605841857
19134,0.8571935734371632
19135,-7.406190347500535
19136,-0.2267106113250038
19137,-8.15599404698111
19138,-7.1675227435418005
19139,-8.374440925980124
19140,-8.445393037385156
19141,-3.558911733211921
19142,-8.355414242043926
19143,-8.339356061672916
19144,-8.030928156362366
19145,-7.5306424304333
19146,-8.387885124083127
19147,-8.42765250240145
19148,-8.031511790952068
19149,0.29619291672453524
19150,-0.0470070628038769
19151,-1.3707962601114785
19152,-8.458705795623695
19153,-8.150830975006905
19154,-3.8030101616951253
19155,-7.7841074799066465
19156,-4.592476092098689
19157,0.3870947824372736
19158,-2.148149705271021
19159,2.9471424010650136
19160,-5.592778396262876
19161,-6.572471037507588
19162,-7.652425627730663
19163,3.317696411878716
19164,-3.8719485185923648
19165,-1.4347494874291291
19166,-3.0623737024883106
19167,2.3573963047122106
19168,-5.496806927822002
19169,-7.953122826387509
19170,1.9245675178790882
19171,-8.220362348986962
19172,-8.331288583235406
19173,4.8875255988583435
19174,-2.8735184981753252
19175,-8.378906527649566
19176,-8.246175239731034
19177,5.241565088086249
19178,-5.166051762814837
19179,-1.4982791443486057
19180,-8.238721487380642
19181,-8.035478780654246
19182,-6.445108929825396
19183,-0.7285267584598507
19184,-7.9078024893844425
19185,-5.592511790951918
19186,-8.334007066945059
19187,-1.006032858078136
19188,-8.458705795623695
19189,-1.474098214015537
19190,-5.7964458318882865
19191,-8.404845335928126
19192,-8.408693374222215
19193,-0.5943067873815946
19194,-2.840719066195802
19195,-7.122242369498485
19196,-8.060250948158508
19197,-2.180402375101912
19198,-8.36734589908497
19199,-1.9616426612686144
19200,-0.42973056315507097
19201,-1.685854179356533
19202,-6.929328807530747
19203,-8.133260560022807
19204,-6.59136762857227
19205,4.88006747334227
19206,-7.713443751315336
19207,-6.646390746745783
19208,-2.751675664081734
19209,-3.621443764018667
19210,-6.0094829517473
19211,0.16147750726364102
19212,-1.2242921666055468
19213,-4.2002961510699945
19214,-8.221879000649315
19215,-8.34257940899931
19216,-8.11459488549214
19217,-0.8186642759095933
19218,-4.070224966583253
19219,-1.8386920940168543
19220,-8.44416670112253
19221,-1.833420809862448
19222,2.6714932729110292
19223,-1.1702766599408094
19224,-0.12679944967877277
19225,-8.150830975006905
19226,-8.312559016597376
19227,-8.343742418843984
19228,1.134238542045756
19229,-7.496090550005274
19230,-7.8103281921503545
19231,-7.520432715847633
19232,-8.153437043074238
19233,-7.897862192240118
19234,-7.899820022863104
19235,-8.381680378652632
19236,-6.164936916305942
19237,0.6370630977328724
19238,-8.218106131222603
19239,-8.349817038385478
19240,-7.2004990231697725
19241,-8.064960816241612
19242,4.85621822984171
19243,-8.398768214194115
19244,-8.377140285702577
19245,-7.285142930288703
19246,-8.07168521985012
19247,5.05755536398166
19248,-1.1172868947844525
19249,-1.0710796290575852
19250,-8.355414242043926
19251,-8.38153492815085
19252,-8.238721487380642
19253,-2.6329421189498783
19254,0.3310961884880197
19255,-6.298586526271086
19256,-8.198072307176794
19257,-7.067106507531897
19258,-1.3518497880795697
19259,-1.7909834511791836
19260,-2.5509183915550695
19261,-8.150830975006905
19262,-8.316212283291295
19263,-7.728506206786628
19264,5.384703414267062
19265,-5.115286675586683
19266,-2.503556910584748
19267,-8.057005520569772
19268,-2.4297443878286105
19269,-7.897862192240118
19270,-8.36734589908497
19271,0.5231396194453295
19272,-1.5919458748557025
19273,-8.348759494001166
19274,-2.4377645290216012
19275,0.2531723986967729
19276,-1.9721467263664176
19277,-8.064960816241612
19278,6.397843110315572
19279,2.968207410538756
19280,-8.390108180760684
19281,2.3817462112836374
19282,-1.8468501845055831
19283,-8.400041568102731
19284,-8.445393037385156
19285,-8.172263431874484
19286,0.8333874624587488
19287,-8.38153492815085
19288,-1.5196525980043627
19289,-8.058485534389288
19290,-7.315090076696845
19291,-4.256591674819248
19292,-8.44416670112253
19293,-8.248128466965733
19294,3.95925571321573
19295,3.596636995144889
19296,-8.458705795623695
19297,4.995333113961266
19298,-8.509699657789026
19299,-7.599384478297152
19300,2.924703733551098
19301,0.09929382456284896
19302,0.018104605017048803
19303,0.5758583893268505
19304,-7.987083679337532
19305,-0.04623768353710056
19306,-8.36734589908497
19307,-7.873923479570946
19308,-4.566812206588526
19309,-7.986474515345714
19310,-8.342744613528685
19311,1.5375538436419327
19312,2.1070044096357843
19313,-8.064960816241612
19314,-8.394826622778734
19315,-8.398768214194115
19316,-8.426329055698844
19317,-8.15599404698111
19318,-8.188858384063767
19319,-7.717432074994486
19320,-8.41447626800246
19321,-7.406822151699553
19322,-4.204569636274487
19323,-7.897229357611662
19324,1.0527923168473274
19325,-6.820072687794472
19326,3.759856864877411
19327,-8.461974649903244
19328,-8.32583561047823
19329,1.430233704667609
19330,-8.334007066945059
19331,-3.005537330179852
19332,2.562182903883599
19333,-5.801193766760189
19334,-7.895128366523366
19335,-8.415855065915002
19336,-5.889208810927393
19337,3.7888284324099555
19338,-7.8103281921503545
19339,-3.932975436625491
19340,4.458724069219183
19341,-5.569109487032827
19342,-7.398649897031105
19343,-7.500315178405156
19344,-0.2599994612556389
19345,1.3538273672881602
19346,-8.345641288645758
19347,-8.35450250696529
19348,-7.2004990231697725
19349,-8.064960816241612
19350,-4.6899739708586745
19351,-8.200976699156946
19352,-0.6695592533566741
19353,1.6319675528696522
19354,-8.192992831074191
19355,-7.098606304144715
19356,2.0940753747948726
19357,1.097068550930362
19358,-8.362216760237052
19359,-8.336752016802592
19360,0.05152323235204359
19361,-7.376583326428387
19362,-8.393223656455095
19363,0.7015464484730521
19364,-2.8984559369142495
19365,-0.5710776872196505
19366,1.4412217564427021
19367,-1.643905570649843
19368,-5.771387652122073
19369,-0.3020519890169704
19370,-8.407676555973651
19371,-8.415855065915002
19372,-8.306401412854823
19373,-0.006263009699884248
19374,-7.8103281921503545
19375,-3.2066253785517396
19376,-8.01254123407626
19377,7.052969292235649
19378,-6.622619545667001
19379,-8.381680378652632
19380,-7.218310653187066
19381,5.768390074663101
19382,-6.288029127828315
19383,-8.168867386667015
19384,-0.57320533461577
19385,0.8004748352564238
19386,-7.0530841711592975
19387,-0.09067784948698066
19388,-8.426329055698844
19389,-8.006775354806958
19390,-8.207543971303418
19391,-2.3442943315757523
19392,-4.713585114591948
19393,3.1014568691489726
19394,6.111735224406566
19395,-8.005108050634997
19396,-7.140120528147925
19397,-2.489230192656773
19398,2.1496209930374364
19399,-8.057495986009105
19400,-8.18641418066319
19401,-0.5294004391946872
19402,-1.8298308868524888
19403,-5.9918180394251745
19404,-8.200216477301119
19405,-8.150830975006905
19406,-4.053937222068107
19407,-8.029812014922477
19408,-8.333459314767339
19409,-8.195093157991383
19410,2.2887951933791366
19411,-5.578418435366111
19412,-6.9736289796179385
19413,-7.910360141044665
19414,-0.16032455677036384
19415,-7.0705004686131865
19416,1.7128105101743478
19417,-8.348759494001166
19418,-8.345641288645758
19419,0.6846817707762041
19420,-0.2199631646076024
19421,-8.064960816241612
19422,-2.174588596965351
19423,-7.296484212915784
19424,-8.430153933873006
19425,-5.76518180132229
19426,-8.207543971303418
19427,0.517949193530467
19428,-8.445393037385156
19429,3.665067462488142
19430,0.20562044332910012
19431,0.6077525223295825
19432,-7.8409764697058435
19433,-5.944994864350258
19434,-7.2558704236792595
19435,-0.586003264945985
19436,-8.44416670112253
19437,-4.7119292295045
19438,5.081493928355123
19439,-5.605304177748428
19440,-8.509699657789026
19441,-8.150830975006905
19442,-8.458705795623695
19443,-8.415855065915002
19444,-8.350893222479971
19445,-6.647804735350382
19446,5.190783645420637
19447,-5.075905416529544
19448,7.1130105624500555
19449,1.2402596831649584
19450,1.2325283460500414
19451,-5.536800188202681
19452,2.2660905283319974
19453,-4.864086500276903
19454,-8.345641288645758
19455,0.14906072390097203
19456,-7.2004990231697725
19457,-4.960499907465378
19458,-8.394826622778734
19459,1.6186535525995063
19460,7.342621421085203
19461,-8.15599404698111
19462,-8.207543971303418
19463,-8.400041568102731
19464,-7.606835042778131
19465,-8.322072498066163
19466,-8.362216760237052
19467,-2.9254508688199854
19468,0.18059406292306246
19469,1.3976412276377044
19470,-8.393223656455095
19471,-3.9293270213239477
19472,-0.43464487440395794
19473,-0.022534147900328927
19474,2.418895203160549
19475,-7.403723804523533
19476,-8.509699657789026
19477,-7.113489280888321
19478,-8.433181773310048
19479,-1.16170710767598
19480,2.1650931076977895
19481,1.0622618360080176
19482,5.178374722018779
19483,-8.141291597195668
19484,-1.1751833866307484
19485,-7.233532235169858
19486,-8.405648372641219
19487,-4.1692432960092525
19488,-8.123036097513383
19489,-6.0153958616446985
19490,-6.4321002504049165
19491,0.13197985662135492
19492,1.7812724785731495
19493,-8.064960816241612
19494,-2.2317300963349926
19495,3.626843721199069
19496,-8.430153933873006
19497,-8.15599404698111
19498,-8.123980825196064
19499,3.101453646262928
19500,-8.445393037385156
19501,-7.4425638733608
19502,-8.362216760237052
19503,-0.6869343634844549
19504,-3.269600793057153
19505,0.35360029133990256
19506,2.6054328683264716
19507,4.07833666682246
19508,-7.521065581515918
19509,0.2365360920401517
19510,-7.95096941320441
19511,-7.403723804523533
19512,-7.956151384150137
19513,8.634515351512828
19514,-7.565078812348652
19515,-8.287880984456661
19516,-5.320232551149188
19517,-8.13290022849325
19518,-5.300908861711569
19519,-5.338135912351113
19520,-8.012047923512304
19521,-1.0918549292823914
19522,-8.396346103801713
19523,-8.381680378652632
19524,1.8013527746547482
19525,-8.277818698699285
19526,-7.756161251464811
19527,-5.151817900666023
19528,-0.056593331325688334
19529,-7.0664263552757625
19530,-8.394826622778734
19531,0.646148050357521
19532,-8.329207026541484
19533,0.19121543775355176
19534,-8.207543971303418
19535,-0.6465398394649712
19536,-8.015764714217948
19537,-6.567616725167513
19538,-8.362216760237052
19539,-8.190963473671026
19540,-8.238721487380642
19541,-2.2605911773472505
19542,2.371643593259088
19543,-2.836167757138434
19544,-8.44416670112253
19545,-8.233904763267368
19546,-8.334007066945059
19547,-7.403723804523533
19548,-8.509699657789026
19549,-1.3225327126374693
19550,-8.458705795623695
19551,-8.164883100113336
19552,1.8229217822715231
19553,-7.639699860285616
19554,-4.570804091468555
19555,-1.0978618142374539
19556,-8.126232921970526
19557,-7.684097513510308
19558,-4.147632837865189
19559,-8.409742649697648
19560,-7.142597105056212
19561,-8.348759494001166
19562,-8.254420241108516
19563,-8.33314461043409
19564,-4.5366727953777755
19565,-8.019756126599216
19566,-5.455535791189819
19567,-4.70030584799837
19568,-8.359928089848388
19569,6.378435982599054
19570,-8.207543971303418
19571,-8.281217815283258
19572,-1.8334645134569922
19573,-8.322072498066163
19574,-7.9091808888814406
19575,-8.38153492815085
19576,-0.12242439333183519
19577,-0.7868099359642153
19578,-0.43486805833439957
19579,-4.853156436443881
19580,-8.092768406472533
19581,-8.254847702123648
19582,2.863109115305444
19583,-1.578012322064699
19584,-0.6085852924607908
19585,-7.911683688853305
19586,-0.3377738049512295
19587,-7.34971289484089
19588,-8.074429895492813
19589,3.475732114654308
19590,-7.8103281921503545
19591,-8.126539852943543
19592,-3.2639321406063777
19593,-2.2431428479059172
19594,-0.5192298693158808
19595,5.819386513521891
19596,0.28638000834143895
19597,-8.341970013773981
19598,-8.345641288645758
19599,-8.35450250696529
19600,1.8662903824301351
19601,-0.7493526095320457
19602,-8.061580361868414
19603,-8.322962531478769
19604,-5.68630385413931
19605,0.9943245973685066
19606,-3.769256791645353
19607,-5.213598022667396
19608,-8.405809001918184
19609,5.231967635251351
19610,-8.362216760237052
19611,-8.38153492815085
19612,-8.164988175280019
19613,-5.110845892699943
19614,-4.747649006055848
19615,-7.017235897209249
19616,-1.324873101403515
19617,-5.175825619741323
19618,-5.976490873909343
19619,-7.403723804523533
19620,-1.9075003182572516
19621,-3.047064279444986
19622,-8.339103441628279
19623,-0.5171189036196348
19624,-8.408693374222215
19625,-4.202318500881532
19626,-7.554429196625172
19627,-8.141291597195668
19628,-8.153437043074238
19629,2.9043879854758736
19630,-7.608255005322482
19631,4.579966973515798
19632,-8.123036097513383
19633,-8.348759494001166
19634,-7.731211902103057
19635,-8.205867674192403
19636,-7.2004990231697725
19637,-6.984049538674308
19638,-8.26298673607281
19639,-5.7142597199936205
19640,-3.246032241738514
19641,-5.826381379097736
19642,-0.18219557692743993
19643,-1.0047324200339336
19644,-8.403297417431283
19645,-1.6065081249111834
19646,-1.0266921512476044
19647,-0.9738106282593653
19648,1.4515841110099614
19649,-7.673435425939049
19650,-2.4669114594914734
19651,-7.809075778913994
19652,3.4403586689280155
19653,-2.2259209783638436
19654,3.3322256160082384
19655,-7.403723804523533
19656,-8.498889858274262
19657,-2.228177519857436
19658,-8.40682173698432
19659,-2.9074825952266545
19660,-8.408693374222215
19661,-8.213678616816397
19662,1.3651240616388902
19663,-3.4028924901162725
19664,-0.04376757819557642
19665,-7.910360141044665
19666,3.1784661246811803
19667,-1.6822272098530247
19668,-8.452451694167177
19669,6.045198470480454
19670,-8.345641288645758
19671,-8.242515571454375
19672,-6.2155907752657615
19673,-7.109761684197582
19674,-0.4148472197042532
19675,-7.4269330282539405
19676,-0.7162374331238728
19677,2.2165867026143427
19678,-0.43091445033964104
19679,-6.644951314521419
19680,3.9397400327040044
19681,0.26099271787882294
19682,-8.362216760237052
19683,-0.03017358476818144
19684,-6.055932156580622
19685,0.35832334723064596
19686,1.873760426227601
19687,0.8217030612975657
19688,-8.001349770644032
19689,-7.010853350365592
19690,-0.07464631084062723
19691,-4.599019931287787
19692,-8.509699657789026
19693,-3.5601693756371593
19694,-2.288313300549721
19695,-2.863054081619537
19696,-8.408693374222215
19697,-8.16891698940049
19698,2.680835383480886
19699,-3.635077446469483
19700,-8.153437043074238
19701,2.3949977840446866
19702,-0.3199907754558924
19703,-1.5654546785927077
19704,-8.516052430350182
19705,-1.1658635059407423
19706,-5.189406042101119
19707,-7.782562280564251
19708,-2.1362126107701647
19709,-0.04929276968554419
19710,-8.296788948682163
19711,-8.398768214194115
19712,-8.430153933873006
19713,-3.271282123625502
19714,0.89212091511233
19715,0.1855677760445688
19716,-0.24429748816580865
19717,-4.534812353078911
19718,-8.213708085606005
19719,-0.9565319221567163
19720,-0.48828668579856815
19721,-7.200883361974487
19722,-8.393223656455095
19723,-5.409653399297363
19724,-8.324300546745004
19725,-5.35148410496263
19726,0.3492149124957593
19727,-7.404243880815981
19728,-8.332902854685313
19729,-5.161496412616955
19730,-6.061953143435262
19731,-0.8003200327282372
19732,0.10114708987670684
19733,-0.43296361177782394
19734,-4.174254673965282
19735,4.988210152682468
19736,-7.801971602992965
19737,-6.007636660074225
19738,1.4784560103467175
19739,-8.35443733219903
19740,-8.530806333730741
19741,0.18042741701290588
19742,-0.3375424636192922
19743,-8.405962639625617
19744,2.0439300897523065
19745,-7.451799106520791
19746,-0.4405402649186373
19747,-2.2586281540850157
19748,-8.364570540742829
19749,12.945170001742753
19750,-4.047557473199716
19751,-8.287774469640942
19752,-8.445393037385156
19753,-8.322072498066163
19754,-8.06916200006152
19755,-7.073723686804644
19756,-8.286654744293232
19757,-8.0891319221678
19758,-8.1268864723856
19759,-4.756814261992847
19760,-7.268626238261189
19761,-8.274075652334595
19762,-8.284650953874497
19763,-2.4848217672776873
19764,-8.386398656800656
19765,-6.784343762736183
19766,-6.733188225364611
19767,-8.415855065915002
19768,1.7708453049149293
19769,-8.028210507046289
19770,1.0145214659172628
19771,-6.732439894398011
19772,3.4196276447663223
19773,-6.255657882900186
19774,-3.94004236628661
19775,-8.293335468533838
19776,-8.548373462930746
19777,2.726368510657172
19778,-8.105259673005415
19779,-8.24561359870846
19780,-7.2004990231697725
19781,-7.877455867229344
19782,-5.039983004323155
19783,-8.314089250837123
19784,-1.9167214372405426
19785,-6.287041451465722
19786,-7.526821992244519
19787,-6.858884506693383
19788,2.283734986611548
19789,-6.461901232652716
19790,-6.069849007005959
19791,-8.38153492815085
19792,-1.2044474807680041
19793,-1.5897320770639736
19794,-5.160385329267189
19795,-8.461974649903244
19796,0.341981343339703
19797,0.9102317941105338
19798,-8.334007066945059
19799,-3.5991953009386592
19800,-8.546249830595524
19801,-4.981986535893367
19802,-8.383134252572088
19803,-3.487650739117159
19804,-7.790508645659822
19805,-8.213678616816397
19806,-2.1570778974203892
19807,-4.138630656696124
19808,0.25018288919139775
19809,-7.910360141044665
19810,-8.405648372641219
19811,-8.270604412524913
19812,-0.6077347250754173
19813,-7.411791696233428
19814,-2.50305744184881
19815,-0.6992352768319479
19816,-4.764812377658887
19817,-3.9950619334493043
19818,-7.843757772692721
19819,-2.9582664117346384
19820,-8.432567212363683
19821,-1.2910863944657185
19822,-0.7200943278757597
19823,-8.291720785128263
19824,-4.028446759311901
19825,-8.322072498066163
19826,-8.362216760237052
19827,-8.38153492815085
19828,-0.5595137770056674
19829,-4.476857243492253
19830,-5.925297059098212
19831,-8.09652108185579
19832,-8.272650157126677
19833,-2.834793296830068
19834,-2.326721342330654
19835,-1.063984351534464
19836,-8.538069614291068
19837,-1.5900396300793345
19838,-6.860798856164203
19839,-8.38709973760922
19840,7.2788043029419
19841,-6.412265187753869
19842,0.6810931232272065
19843,-8.126360065388464
19844,0.8515697614168345
19845,1.877385095315164
19846,-8.405648372641219
19847,-4.69629571952883
19848,0.4884542209569078
19849,2.306538333824519
19850,-8.345641288645758
19851,-8.303533259817849
19852,-5.648984584468031
19853,-7.161735214831591
19854,-8.394826622778734
19855,-8.398768214194115
19856,3.581874973684479
19857,4.142166197560611
19858,-5.010787916064316
19859,-8.400041568102731
19860,1.8297861138087226
19861,-6.51850248403918
19862,-1.6763841492302818
19863,-0.8858307825450358
19864,0.37965006681606106
19865,-1.1923788012164314
19866,-8.393223656455095
19867,-3.7807530612614086
19868,-8.069951949277645
19869,-4.714714808572158
19870,2.130315322752745
19871,-7.404243880815981
19872,-1.9121229023548358
19873,2.1198043828739164
19874,-8.247650566647723
19875,-8.038991010359492
19876,-6.899679876903559
19877,-4.949650975774896
19878,-1.0092990620423123
19879,-0.023594580804316312
19880,-8.153437043074238
19881,2.598792735902561
19882,-2.686026811484693
19883,-8.30290629692228
19884,-8.454939712160979
19885,-8.020371054840226
19886,0.2117949130218788
19887,-8.423218848754143
19888,-1.9247339265265564
19889,-7.882958633404464
19890,-0.4940840816437061
19891,-0.2620170035859747
19892,1.007653062462016
19893,-0.33401448427095604
19894,-7.30847643067543
19895,-6.37689969339712
19896,-4.306941410621585
19897,-1.0573291943722152
19898,-8.362216760237052
19899,-8.38153492815085
19900,5.08168528451616
19901,-2.0744463930420665
19902,-8.360715591942707
19903,-8.522576204739758
19904,-7.921242961519185
19905,-1.3794909282557795
19906,0.10913174381414537
19907,-7.55155560522135
19908,-2.299890289765786
19909,-8.150830975006905
19910,-8.458705795623695
19911,-2.838896319760515
19912,-7.351125850280406
19913,-8.213678616816397
19914,-2.7052839359713694
19915,-8.141291597195668
19916,-7.939713662674013
19917,-7.910360141044665
19918,-7.82977869950863
19919,-8.351184175946186
19920,-7.253438681186865
19921,-1.0994619884123342
19922,-1.0929685660294681
19923,6.135943531916316
19924,-1.4826455004686339
19925,-8.057582581562201
19926,-7.609930505301965
19927,3.489519634871157
19928,-8.432567212363683
19929,-2.0113955982739826
19930,-6.603427186611551
19931,0.7006714685732707
19932,0.02801394031795046
19933,-8.322072498066163
19934,-6.318202055226883
19935,-8.38153492815085
19936,-4.903539638310583
19937,-6.231054574787207
19938,-0.08732540485272855
19939,-3.2731113304907495
19940,-7.4130030625729955
19941,0.29068237180439804
19942,4.943336262200292
19943,-7.55155560522135
19944,-8.542795180494558
19945,2.294653086386386
19946,-0.29386404338149164
19947,-6.853709232799133
19948,-7.631604116283493
19949,-3.473667906977546
19950,-0.529791286434767
19951,-8.130079997825156
19952,1.429562432821954
19953,-5.644325188933534
19954,0.547096965012532
19955,4.975336130569317
19956,-0.15638234666415962
19957,-8.348759494001166
19958,-8.131203353200851
19959,-0.8370710174794483
19960,-3.571195542131966
19961,-6.703303431019129
19962,-7.019988078763647
19963,0.5163014811603936
19964,4.904080219571598
19965,-4.912152558078509
19966,-8.157071028683562
19967,-8.258260744714626
19968,-7.4640207147106885
19969,-8.414612226085676
19970,0.7126425790398287
19971,-8.38153492815085
19972,-8.286939937834063
19973,-7.9095958711747985
19974,2.055132728804088
19975,-8.522576204739758
19976,6.439730471526435
19977,-8.024587127152843
19978,-7.09190078477286
19979,-4.627732934440965
19980,-8.281779696507027
19981,-1.7035980896548288
19982,0.5863771751013276
19983,-0.14047993106048584
19984,1.247934076582333
19985,-7.8214939902470215
19986,-1.390931169952906
19987,0.6028109390454166
19988,2.7839452718347495
19989,3.3196962658693567
19990,-0.33293566044434986
19991,1.195631805161765
19992,-8.523204789439381
19993,-8.290072421648077
19994,-8.168906838601798
19995,-3.4428697467756146
19996,-0.03015256630173413
19997,-8.064960816241612
19998,-8.349697351494328
19999,-6.17309072031451
20000,-4.7105515892355125
20001,-6.187140437922816
20002,1.5390487929658545
20003,-8.33649008259638
20004,-6.547877273078023
20005,-8.414612226085676
20006,-8.362216760237052
20007,-7.899622477979551
20008,-8.286939937834063
20009,-0.09713943885580889
20010,-5.796501401616995
20011,-8.490486146946957
20012,-8.430943237284815
20013,-8.274075652334595
20014,0.7618069190836918
20015,-7.55155560522135
20016,-8.549588559813406
20017,0.7589745694945462
20018,-0.558469011154419
20019,0.28841054084812157
20020,-6.201939307225146
20021,-1.4539249494416344
20022,-6.654945585105225
20023,-4.8114139710233115
20024,-8.153437043074238
20025,-2.20105682774078
20026,-4.011970829020579
20027,-8.389750887441062
20028,-8.530806333730741
20029,-8.26572605269565
20030,-6.226620517226118
20031,-2.1687731537504513
20032,-7.2004990231697725
20033,2.557175130377442
20034,-3.631612378121777
20035,-8.426089839535534
20036,1.0360512573920369
20037,-8.15599404698111
20038,0.5654867350473389
20039,-8.400041568102731
20040,-7.399518891362154
20041,-1.5895019111664757
20042,-8.35983303765721
20043,-8.38153492815085
20044,-8.063229376091545
20045,-3.141322030336398
20046,-4.527291449321666
20047,-2.1626967933114662
20048,-8.092402696238695
20049,-1.2731901741868596
20050,0.04890513405271402
20051,-4.908664333801901
20052,5.242573215307127
20053,-2.782367059952785
20054,-8.458705795623695
20055,5.062374562355206
20056,-8.408693374222215
20057,-5.703950210615417
20058,-1.1644136076365268
20059,1.079291422733332
20060,-7.354595626877881
20061,-2.0166988219001114
20062,-0.6283959355674384
20063,0.41451313026652703
20064,-8.411794568039298
20065,-3.708484797505526
20066,-7.602531259663795
20067,-8.216843859403129
20068,5.967459327109564
20069,-7.304256115873941
20070,-1.9583903307440302
20071,-8.426089839535534
20072,-8.299062756564743
20073,-6.9599513077136175
20074,4.130259118173157
20075,-5.892668056120394
20076,-8.327952234858518
20077,-1.6613058383228831
20078,-8.362216760237052
20079,2.112861615518842
20080,-8.284973409135247
20081,-6.021592849065396
20082,-3.02723825120394
20083,-7.556452672061034
20084,2.1647302567008415
20085,-7.209262060049241
20086,-7.922587031764171
20087,6.596015825017201
20088,-8.549588559813406
20089,-8.150830975006905
20090,-8.45302575537876
20091,-8.415855065915002
20092,-1.699539506864744
20093,-5.979308757453042
20094,-4.640380240944929
20095,-0.5085132499535898
20096,-0.3258377228437201
20097,2.578281639611026
20098,-4.206105782586592
20099,2.101121087732261
20100,-7.488250045186212
20101,-8.348759494001166
20102,-0.8032764917394084
20103,2.156714698845439
20104,-6.301060263519756
20105,-1.9808225486661566
20106,-7.031745666975394
20107,-8.426089839535534
20108,-3.430694948691672
20109,-4.9179216149400276
20110,0.2600671470743081
20111,-8.187890696973275
20112,-8.445393037385156
20113,-8.400938485407574
20114,-0.8520158287820981
20115,-8.098980957613808
20116,-8.313203910890085
20117,-4.408758369149257
20118,-8.323188843042436
20119,-8.522576204739758
20120,-3.0663626372721637
20121,-8.274075652334595
20122,-3.837329167144157
20123,-4.226803414193431
20124,-8.059631141187266
20125,-8.150830975006905
20126,-8.084460529158596
20127,-8.415855065915002
20128,3.715341173645241
20129,-6.567625286479519
20130,-2.049138559770953
20131,-0.06697613755338772
20132,5.5273580479825934
20133,-7.9254625017198785
20134,0.5269053537882813
20135,-8.409742649697648
20136,-7.774063589535295
20137,-8.348759494001166
20138,-4.7619343771367655
20139,0.017890153926980012
20140,-2.1428823923245943
20141,-7.703894121610901
20142,-3.8413556242380005
20143,0.8163294956267202
20144,0.21965146361932375
20145,-1.3876118137793956
20146,0.634087330228608
20147,-8.400041568102731
20148,-0.5556019652232085
20149,-7.202332284982762
20150,-7.010949558355872
20151,-8.347150984073433
20152,-8.313203910890085
20153,-0.7782091009089723
20154,-8.393223656455095
20155,-5.9962290581788125
20156,-8.437501945729583
20157,-1.1669903291008188
20158,-7.753933800503628
20159,-5.166100721221788
20160,-0.17887826482316838
20161,-0.9341719014636802
20162,-3.0206227877311074
20163,-1.0342458033892306
20164,-7.706313011628302
20165,-2.6291344533580467
20166,-7.8103281921503545
20167,-7.713214005727324
20168,-8.216262241909545
20169,-6.450478360368543
20170,5.580449348373609
20171,-8.409742649697648
20172,-8.530806333730741
20173,-3.271082033351105
20174,-8.345641288645758
20175,-8.293714671017696
20176,-0.7244360699923241
20177,-7.727949463358444
20178,-7.435124267499772
20179,-8.305047413553577
20180,-7.398726170608951
20181,-8.15599404698111
20182,0.05768983230554048
20183,-7.879559895548692
20184,-8.132417319688363
20185,1.3987032719959596
20186,0.936623150068894
20187,-1.654256218045791
20188,6.208750589777445
20189,-5.512946165331353
20190,-8.393223656455095
20191,-8.522576204739758
20192,-8.314589610880972
20193,-8.252808922497952
20194,0.4218998048803937
20195,-3.389671447228615
20196,-2.95365891201682
20197,0.947747041738964
20198,2.731631552607165
20199,0.9745119525607678
20200,-8.408693374222215
20201,-8.026795074068824
20202,-5.329389977282615
20203,8.66767673627525
20204,-8.419886408486468
20205,1.449914522959752
20206,-7.473734327094015
20207,-8.377781792305676
20208,4.678564973406771
20209,-1.4691604748740847
20210,-6.215168983220541
20211,4.427792010845719
20212,-1.78125814602184
20213,-0.7968421325201192
20214,-3.7935922064703593
20215,-1.0363455633078753
20216,-8.327999596444867
20217,3.3288694915686037
20218,-8.207543971303418
20219,-8.400041568102731
20220,2.9545262500339367
20221,1.8020776393636642
20222,-8.289375412160027
20223,-1.8889924613688949
20224,0.20176429745509872
20225,-8.00838286388179
20226,-8.257480603248537
20227,-0.49026144355905854
20228,-7.721153659398228
20229,0.24018140139555655
20230,-8.334007066945059
20231,-3.1804508669848524
20232,-8.215877057428798
20233,-0.14238178839932236
20234,-0.4084534810958138
20235,1.2416347687626434
20236,-8.408693374222215
20237,-8.213678616816397
20238,1.174703783734332
20239,-7.573835306023027
20240,-8.39190896338126
20241,-5.325250988413416
20242,-8.405648372641219
20243,-8.409742649697648
20244,-2.3178236715443647
20245,2.9810603255512595
20246,-8.316069636671616
20247,0.46248559980934384
20248,-4.40428460313595
20249,-8.067612414338175
20250,-8.394826622778734
20251,-8.151403391215812
20252,-8.416331355895316
20253,-5.093285179887423
20254,-7.253462314004068
20255,-5.935622842492849
20256,-7.386019691701432
20257,4.473613551964648
20258,-3.2040518289518802
20259,-6.050178079140288
20260,-8.3114859349641
20261,-7.567308530318621
20262,-0.21804918158162834
20263,-8.522576204739758
20264,-0.6501820004590133
20265,-8.274075652334595
20266,-8.334007066945059
20267,-0.48541846500729624
20268,-8.3086046423743
20269,-0.33838640927098196
20270,-8.441975423280386
20271,-8.332052973315013
20272,-8.408693374222215
20273,-8.211642091389557
20274,-0.39267197431432566
20275,-2.192813829241999
20276,-8.359317061502484
20277,-0.9914026575179938
20278,-4.883153476171634
20279,-8.409742649697648
20280,-1.842114313308561
20281,-8.348759494001166
20282,-8.345641288645758
20283,-8.164065207824402
20284,-0.640739815734394
20285,-7.763670711628301
20286,-8.37124047751002
20287,-8.426089839535534
20288,-8.129236455399827
20289,-8.15599404698111
20290,-8.177929941321032
20291,-8.400041568102731
20292,-7.242816736763832
20293,-8.202718338953416
20294,-8.362216760237052
20295,14.598462078080399
20296,-7.244854644379332
20297,-1.090007196923677
20298,6.252158268354311
20299,-8.522576204739758
20300,-6.54877610502744
20301,-8.274075652334595
20302,-1.0794542474942
20303,-1.8376695621989396
20304,0.12905719792954695
20305,-2.5991584047880676
20306,7.858313064889181
20307,-7.774957826570105
20308,0.4579934851573375
20309,-7.612073881143693
20310,-1.2095083103386688
20311,-6.8847306852248495
20312,-1.0968032330378392
20313,-6.79832737679201
20314,-0.3425716384304951
20315,3.32673384131754
20316,-8.530806333730741
20317,8.274474278760028
20318,-6.120833249168259
20319,-8.20989142558731
20320,-2.1517016565717086
20321,-2.3152004644825457
20322,-3.4643966084452287
20323,-8.426089839535534
20324,-8.432567212363683
20325,-3.1494515317355005
20326,0.9121718465945515
20327,-8.234257172747952
20328,0.811579783310167
20329,2.397453221003121
20330,-7.8958909537957105
20331,5.004709343888527
20332,-1.6310529037019925
20333,-8.0891319221678
20334,-5.4413721007665465
20335,-8.546342794779292
20336,-4.72105687280918
20337,3.4814954809041385
20338,-3.7910561343791853
20339,-7.55155560522135
20340,0.8744196448041174
20341,1.8409170488007225
20342,-8.266747177926304
20343,-8.496488335187301
20344,-7.6440819072829145
20345,-0.9147369307940225
20346,-5.872896923687308
20347,-8.110829193939486
20348,-0.5900580874918129
20349,3.525828044333797
20350,-7.824505166986417
20351,-8.158277712962258
20352,-8.412049640467718
20353,-1.540579340416357
20354,-7.720974130857014
20355,-8.423218848754143
20356,3.964392753307057
20357,0.41570228185029356
20358,-8.118418086463615
20359,-8.129491754259746
20360,-8.40412300376209
20361,2.7624912120102523
20362,-6.684910524032984
20363,-7.95090237720994
20364,-8.378121682434237
20365,-8.385499574773638
20366,-8.319105682370987
20367,-8.363849155341468
20368,-7.920029655939532
20369,-4.488177530082698
20370,-8.393223656455095
20371,-0.2409564424287598
20372,-8.209425493384886
20373,2.345084327025597
20374,0.4806251095479058
20375,-1.801685965249146
20376,-8.549588559813406
20377,-8.150830975006905
20378,-8.205425465925593
20379,-8.38390208523424
20380,-8.408693374222215
20381,-8.213678616816397
20382,0.21199302056650837
20383,-8.141291597195668
20384,-8.189844455401149
20385,-5.97930264418547
20386,-7.296335853508889
20387,-8.324848542799804
20388,0.5472791034988643
20389,6.650316292973337
20390,-6.976426784404014
20391,-6.329450543229746
20392,-7.2004990231697725
20393,-7.583753759547182
20394,-7.913287199243854
20395,-4.703855069615293
20396,-8.432567212363683
20397,-7.163970850052602
20398,-6.808090808741248
20399,-1.1448915248973652
20400,-8.306542123126897
20401,-8.414612226085676
20402,-8.220440148467762
20403,-0.6052400110533691
20404,-1.1145398327031266
20405,-8.060766319329632
20406,-8.366026959852515
20407,-8.453120355768904
20408,1.9064570010149964
20409,-8.274075652334595
20410,-0.6394252563505113
20411,-4.4154372498952394
20412,-0.46227176550552956
20413,0.04731801488780052
20414,-8.429226368301741
20415,-8.496488335187301
20416,1.201369704052154
20417,0.6934841277833458
20418,-0.5085016735452559
20419,-0.011571448290535122
20420,0.16074980900774394
20421,-1.6021748261502409
20422,-6.843681745626074
20423,-1.7104641816412176
20424,-8.530806333730741
20425,3.626853744699667
20426,-3.561324211398568
20427,-4.544749452351884
20428,-0.7529072501229219
20429,-7.421365243129906
20430,-5.892862418734939
20431,2.928508977985356
20432,-8.417637291130509
20433,-8.15599404698111
20434,-8.048711051875818
20435,3.5227914138690486
20436,-7.822045206453326
20437,-2.302557960544276
20438,-4.101919349608923
20439,0.7231856370622278
20440,-8.313203910890085
20441,-7.838781750668661
20442,0.3258645308249426
20443,-2.105469066782103
20444,2.3639723524016594
20445,-0.10764904868897673
20446,-0.2813779202072342
20447,-4.324005600034486
20448,-6.621092156998877
20449,-2.4234141098350714
20450,-2.962543342886592
20451,0.9964212079536967
20452,-7.493244733359234
20453,0.11703720001348472
20454,-7.8103281921503545
20455,-8.141291597195668
20456,-3.9970154439004153
20457,6.331064629263867
20458,-1.3320087840237909
20459,-7.176588620695899
20460,-8.530806333730741
20461,-0.7145126186840121
20462,-8.140652396662682
20463,-0.8010126968872433
20464,3.709274346333061
20465,0.013466714462273988
20466,-5.852460894430862
20467,-8.197431890650472
20468,-8.32585916634508
20469,-1.8201512519064167
20470,-7.838832327623121
20471,-7.257188151928156
20472,-8.445393037385156
20473,-8.133642921167855
20474,-8.129179651832116
20475,-2.2137342775330997
20476,-8.313203910890085
20477,-8.033520442208403
20478,-8.34961764909917
20479,-8.082254179742776
20480,-7.861160034690173
20481,-8.274075652334595
20482,3.625764727953288
20483,-7.55155560522135
20484,-3.2270186727622714
20485,-8.150830975006905
20486,-6.834135531989658
20487,1.4771712408020141
20488,-8.408693374222215
20489,-8.213678616816397
20490,7.7677619584333195
20491,1.988411873639265
20492,-7.802413763655166
20493,-0.8905246838376344
20494,-0.5549259818865893
20495,-8.237211632339402
20496,6.533752030102387
20497,2.3622618840730567
20498,0.29310446262707357
20499,-7.789606742337899
20500,-2.4114123010102344
20501,-8.067612414338175
20502,-8.394826622778734
20503,-3.43653020292782
20504,-8.432567212363683
20505,1.2709656876772568
20506,-6.195632353804943
20507,-4.594474599885581
20508,-8.445393037385156
20509,-8.414612226085676
20510,-8.362216760237052
20511,-6.652549708334025
20512,-8.117493405136008
20513,2.3176447608739115
20514,-5.387219630966994
20515,-8.56117918087376
20516,-0.4726518973164779
20517,-5.688103348104527
20518,-4.312208091915187
20519,-7.55155560522135
20520,-1.4218090377948924
20521,1.7773692632474458
20522,-8.099094574697663
20523,2.441733922366204
20524,-7.888851793308974
20525,-1.7386226529234667
20526,-0.6412932568282589
20527,-0.7933689647901216
20528,-8.419886408486468
20529,-7.9254625017198785
20530,-8.405648372641219
20531,1.522171100275041
20532,-8.530806333730741
20533,-7.358113652748084
20534,-3.2693274355066357
20535,-8.352092775126268
20536,-7.2004990231697725
20537,-4.307938416390716
20538,-8.394826622778734
20539,-8.426089839535534
20540,-7.2283557482258205
20541,-8.15599404698111
20542,-2.24345791133018
20543,-7.965201546574491
20544,-7.1232191986388615
20545,-5.5678805539071154
20546,-8.206470031953296
20547,1.5310457457806024
20548,-7.924199878005668
20549,-2.9570393035764004
20550,-8.096077494351311
20551,4.731989627223851
20552,-5.782006522862787
20553,-4.581423883937335
20554,-6.761828321896356
20555,-2.8883599821562775
20556,1.142344706187425
20557,0.6787136686256805
20558,-7.455815626082358
20559,-8.167212649336935
20560,4.270394396276746
20561,-3.0598337126228383
20562,-0.8482433962163121
20563,-8.0687430137898
20564,-5.146082441867789
20565,-1.070813889790176
20566,0.5361845692068476
20567,-6.369110738860812
20568,-8.530806333730741
20569,15.83797451533885
20570,-7.527127530337601
20571,-7.66543755698178
20572,11.626081960373744
20573,-1.2154292198239756
20574,-1.4135366914515732
20575,-8.426089839535534
20576,-7.177987779507996
20577,0.5421711255417142
20578,-1.9457973871243412
20579,-0.5445832255167545
20580,-7.456330421116471
20581,-8.389684293723969
20582,-8.362216760237052
20583,-7.564437465733828
20584,-8.313203910890085
20585,-8.097366437911939
20586,0.6223043791025159
20587,1.5025303702477997
20588,1.3050159088311342
20589,14.79657165389591
20590,-4.7035735190747525
20591,-2.5404223510110793
20592,-6.536211334362273
20593,-7.91838459711353
20594,-8.458705795623695
20595,-8.496488335187301
20596,-4.655766089408809
20597,-8.12751871833153
20598,-4.856394131007281
20599,2.072424867688984
20600,-8.327863635892168
20601,-7.46107641950025
20602,-8.302200787258535
20603,-3.7636676990249986
20604,-1.0792875466220866
20605,-8.124955236564368
20606,-8.345641288645758
20607,-7.358797829025667
20608,-3.9923784679048886
20609,4.767895498409536
20610,-7.2276098514038996
20611,-4.168101986067008
20612,-0.6124725446178143
20613,0.8076188275549409
20614,1.4254665170423504
20615,-6.101235949049532
20616,1.479551727845763
20617,-0.07765538091066904
20618,-4.00073732652756
20619,-8.38153492815085
20620,-5.736408925198152
20621,-1.921037031115756
20622,-8.383097467116425
20623,-3.935852222658867
20624,-3.1757428447643683
20625,-4.2425760057898225
20626,-7.31224607737513
20627,1.0572968038412658
20628,-8.56117918087376
20629,-1.4722808843599755
20630,2.229963429350405
20631,-8.34414279133184
20632,-0.5145671249494908
20633,-6.735460445874436
20634,-7.8103281921503545
20635,-3.992203833598112
20636,-2.302392894913587
20637,-0.3972452241907103
20638,-8.405648372641219
20639,6.5741405037871035
20640,1.3222477545405686
20641,-5.573864541090675
20642,-2.4336279555386255
20643,-2.2785163510562656
20644,-0.4717921584300807
20645,-1.6738666632502568
20646,-8.394826622778734
20647,-7.51841935032743
20648,-8.432567212363683
20649,-0.6053069069886623
20650,-7.623369905743225
20651,-1.0505649852618701
20652,-4.140274502204723
20653,-1.7133640828811971
20654,-1.1115603635334663
20655,-3.538092203653153
20656,-8.313203910890085
20657,0.8723723755953934
20658,-8.073724197902072
20659,-2.5698266328243475
20660,-7.844408555299866
20661,-0.17753589593349167
20662,-6.0307726569449525
20663,-1.2729043235680926
20664,1.1269988785980045
20665,-7.90585974095392
20666,-8.307372489514492
20667,-8.496488335187301
20668,-7.4408658815438695
20669,-7.736917160462266
20670,-6.048769855024224
20671,-8.006562423970488
20672,-3.316829910332382
20673,5.583975734453487
20674,-8.405648372641219
20675,1.1913326985843988
20676,-5.116825142009413
20677,-6.234293891572641
20678,-3.7869759665021716
20679,-2.867957121959612
20680,-7.2004990231697725
20681,0.6525880924414023
20682,-5.428018826817375
20683,-7.770708554418155
20684,1.7809654113466926
20685,-7.542005159977359
20686,-8.04918047947262
20687,-5.946818353750555
20688,-0.50770177275469
20689,-1.514996901243884
20690,-6.4329891043262295
20691,-8.357095154950988
20692,0.37441710798909633
20693,-7.700395595984271
20694,-1.85258387053624
20695,-8.233438447187948
20696,-8.167270809433521
20697,-8.274075652334595
20698,-0.061638302116843624
20699,5.505200849692246
20700,-6.415114736070427
20701,-4.839609970793907
20702,-5.5164384758169085
20703,3.4673424586721535
20704,-7.195426430618351
20705,-8.255008047737833
20706,8.3726688060203
20707,-7.7476331239952065
20708,-4.020656244953738
20709,2.579870611793965
20710,-7.666546383986225
20711,0.03945022663788511
20712,-8.379647967653941
20713,-8.348759494001166
20714,-4.948378801510534
20715,-6.561790224942169
20716,11.250936702217196
20717,-4.857380130212353
20718,5.046771548758587
20719,-0.5492801338302751
20720,-2.417445967788115
20721,-8.15599404698111
20722,-2.634996889109926
20723,-3.0844801566454843
20724,2.1465273692826154
20725,-5.930967812962219
20726,-7.568469880615344
20727,-8.166337352503529
20728,-8.313203910890085
20729,-8.097366437911939
20730,-1.0377678020837564
20731,-7.967109980397414
20732,-8.136291785521035
20733,-8.274075652334595
20734,-0.6854890834540925
20735,-7.55155560522135
20736,-6.286528247264657
20737,-4.440557177662276
20738,-8.458705795623695
20739,-0.5246029968667578
20740,-6.950196429357355
20741,-8.255008047737833
20742,-7.8103281921503545
20743,-8.141291597195668
20744,-1.2082452736148488
20745,-0.3202125903717392
20746,-8.200228501421226
20747,-3.760750827043026
20748,-4.6791048066009875
20749,-2.152958621357923
20750,-2.363351498828408
20751,-8.404506272790655
20752,4.529182888462593
20753,0.43025657757363933
20754,-3.5499976756812632
20755,-8.426089839535534
20756,-1.145405279680329
20757,2.4629826418733973
20758,-8.207543971303418
20759,-1.9514897171501357
20760,-5.453448460164216
20761,-8.414612226085676
20762,0.6637022535293108
20763,-4.7244122529840435
20764,-8.313203910890085
20765,0.44595102175170886
20766,-7.934080688272013
20767,-8.549588559813406
20768,-8.44416670112253
20769,5.396235963451274
20770,-3.5699365614251968
20771,-7.55155560522135
20772,-8.591899898022044
20773,4.068817649457004
20774,-8.45146015992114
20775,-8.496488335187301
20776,-2.9284094258609805
20777,-8.235538579671502
20778,-2.0846975693029166
20779,-7.730741851760021
20780,-8.419886408486468
20781,0.5965508093275633
20782,0.3895502747518971
20783,-8.409742649697648
20784,1.1896945266554317
20785,-0.364900415230152
20786,-5.278032175051473
20787,0.4462970269903521
20788,5.280851266650138
20789,5.748323713765224
20790,0.33369254783840196
20791,-8.426089839535534
20792,-6.508535064775993
20793,-2.035572459265796
20794,-7.144727520794923
20795,-7.925989363298924
20796,-8.119020747570126
20797,-8.414612226085676
20798,-1.3812700990456763
20799,-8.178691412876061
20800,-7.446416247407356
20801,-3.8032387590000454
20802,-7.823387953912376
20803,1.0158539307260426
20804,0.177663628430076
20805,-8.122182817203864
20806,0.48008065092771357
20807,-2.58914462716601
20808,-8.350149291973372
20809,-8.150830975006905
20810,-3.4608924233631244
20811,-7.142579579049591
20812,-6.608132504360659
20813,-5.739560979221399
20814,-7.718494276825723
20815,-2.953572574378833
20816,-7.583350515804219
20817,2.233734989117415
20818,-3.6152497580017555
20819,-8.409742649697648
20820,-6.1694138734873825
20821,-8.348759494001166
20822,-7.522000101799067
20823,-1.057436503239464
20824,-7.2004990231697725
20825,-3.0554670730597575
20826,-8.275994671203431
20827,-8.411672311382901
20828,0.03822011223992705
20829,1.195191021281129
20830,0.07112150498281045
20831,-5.236064885590743
20832,-4.922951183453821
20833,-7.3560056473659055
20834,2.467538398652828
20835,-0.4564176336879784
20836,-0.3319954721772038
20837,5.992124508085712
20838,-7.608892022887977
20839,-8.058523452899404
20840,-2.354723214873314
20841,1.610460860815845
20842,-0.1670428318641911
20843,-1.830371614146535
20844,-1.2141554565681094
20845,-8.140134794185425
20846,-2.5084691215358594
20847,-8.437038395888358
20848,0.383132142598851
20849,-8.001732766449454
20850,5.430855247050874
20851,-1.9907455388223756
20852,-7.609055883929698
20853,-7.9254625017198785
20854,-8.405648372641219
20855,-4.001936744145272
20856,-3.7013615253450216
20857,-2.6096755753317025
20858,-8.345641288645758
20859,-2.7195561769037733
20860,-0.9485105470210433
20861,-2.344437435790912
20862,0.5372979444335779
20863,-2.6402666738444895
20864,-7.944408373685878
20865,6.0135909288446285
20866,-8.207543971303418
20867,-5.054409343768282
20868,4.391051002818177
20869,-0.8054592538299816
20870,-0.1532894551102454
20871,-8.358526977751263
20872,-7.710018476342004
20873,-8.097366437911939
20874,-6.305611419095513
20875,-2.7572928146702367
20876,2.1833733982177113
20877,0.3676212082537189
20878,-0.17183501176487564
20879,0.6399545835701601
20880,-8.278651120982376
20881,-8.150830975006905
20882,-8.332360979673412
20883,-8.19304737376175
20884,-8.408693374222215
20885,-7.260266181982835
20886,-5.937035991120197
20887,-1.0765909901188824
20888,-0.8508024333164278
20889,-7.9254625017198785
20890,-8.405648372641219
20891,-1.7162618903634845
20892,-8.492892396460558
20893,0.017571365675052353
20894,-7.2131994456191375
20895,-2.74102211634666
20896,-4.243649352111605
20897,5.937316343903973
20898,-4.129380094831282
20899,-0.11547327938324425
20900,-8.432567212363683
20901,-0.2901339101379071
20902,-0.2221193524352092
20903,-5.824845647707463
20904,-7.753683843833285
20905,-6.987181763520842
20906,-8.124316044643134
20907,0.4848234180062354
20908,-3.5329884093108115
20909,-1.7980010166990925
20910,3.733922419141475
20911,2.6765297667480534
20912,-5.855142721573724
20913,-3.4850447339017157
20914,-1.8504513369645967
20915,-7.55155560522135
20916,5.1886927392387046
20917,-2.387901018999492
20918,-6.578407400274875
20919,3.5084804230604045
20920,-0.8247561510147481
20921,-8.255008047737833
20922,-5.97743053673016
20923,-0.14794939792155815
20924,-3.0108039206030623
20925,-7.9254625017198785
20926,2.3548500095568548
20927,-3.285578244670246
20928,-8.530806333730741
20929,3.022740218510027
20930,-7.784607479639734
20931,9.47616872354605
20932,4.25042433020176
20933,-7.9621327893908
20934,6.1354172165123355
20935,3.361792084333139
20936,-1.0245160305238414
20937,-8.15599404698111
20938,0.2557534989482846
20939,-7.905675048513837
20940,-0.5667459097897047
20941,-8.414612226085676
20942,-8.362216760237052
20943,-2.1238743132916063
20944,1.7581339122780815
20945,-8.097366437911939
20946,5.752438822208996
20947,-8.549588559813406
20948,-1.3925002517317437
20949,-4.759930349598303
20950,-3.0018599396165646
20951,-2.21768755249183
20952,-6.401695863323161
20953,-3.0140485532191734
20954,-7.196985529450862
20955,-8.281173481725578
20956,-0.5857773335176379
20957,-8.255008047737833
20958,3.02998995812064
20959,-8.141291597195668
20960,-8.253427830443835
20961,-0.38113633132020364
20962,8.662984747264156
20963,-8.409742649697648
20964,-8.285951585373647
20965,5.650079432152911
20966,-2.4225463175586617
20967,0.9570622302567666
20968,-1.9290051070309584
20969,4.388823040670304
20970,-0.23108654177515042
20971,-8.426089839535534
20972,2.455976012046757
20973,-3.3720897343294585
20974,-8.01256017416353
20975,-7.350173306692625
20976,-1.0679654182694707
20977,-8.414612226085676
20978,-3.362600917150733
20979,0.20406351750070328
20980,-8.313203910890085
20981,-7.156790713260499
20982,-8.32165213121454
20983,-1.0692865434786187
20984,-8.44416670112253
20985,-0.19641310404648715
20986,-8.334007066945059
20987,-5.226748245937208
20988,-0.48571235667284984
20989,-4.594069655599942
20990,-5.113084602293364
20991,-8.4951999687139
20992,-7.14165706913739
20993,1.2809526334400245
20994,2.644193618831821
20995,-7.439284336448944
20996,-3.123770927277415
20997,-7.883274504267716
20998,-8.165032522044456
20999,-5.435379701152084
21000,0.7624456049489645
21001,7.7802066709113715
21002,-8.345641288645758
21003,1.2595890739788185
21004,4.037462832111668
21005,-6.620844715710471
21006,-1.6614438969797463
21007,-7.410829340798029
21008,-1.113213705672171
21009,5.639106402769423
21010,1.0981350528565663
21011,-1.1203130828054753
21012,-8.445393037385156
21013,0.3108099802440131
21014,-6.501934059567315
21015,-8.38153492815085
21016,-2.061213479675289
21017,-2.1607419886084935
21018,-8.393223656455095
21019,0.4775051745915
21020,2.664304342671595
21021,0.4516515505621741
21022,-5.399785101415896
21023,-3.730247458476275
21024,-6.497416500612008
21025,0.949212019760677
21026,-8.458705795623695
21027,0.8772524507126688
21028,-0.6632689559498082
21029,-8.255008047737833
21030,0.043948692593546834
21031,-7.517854692930995
21032,-8.419886408486468
21033,3.6870859236655438
21034,-2.613555916574489
21035,-7.201106113129285
21036,-1.5276514845552414
21037,-0.6941085901931898
21038,-8.345641288645758
21039,-1.2319331095042707
21040,-1.9744986321068125
21041,-6.561467302039149
21042,0.9636343570018795
21043,0.20453224881355314
21044,-8.432567212363683
21045,6.261049970718089
21046,-0.40960972920921973
21047,-5.411127340195861
21048,-8.271652665116074
21049,-6.9273154968535025
21050,-8.362216760237052
21051,-5.277132011572274
21052,-8.313203910890085
21053,-1.9647544265460288
21054,-8.393223656455095
21055,-6.859631177328467
21056,-8.055075302772659
21057,-3.060555579671993
21058,-4.1274055167236785
21059,-7.538317231262572
21060,-7.866384515190815
21061,-0.34510083076222564
21062,-8.458705795623695
21063,-8.496488335187301
21064,-3.7489071017725837
21065,-0.7487773466543242
21066,-7.457469822741486
21067,-3.297910396202864
21068,-8.419886408486468
21069,-7.9254625017198785
21070,-7.996060112839935
21071,-4.443785105982248
21072,-0.4456494125343493
21073,-1.816683674269671
21074,-8.345641288645758
21075,-8.367451114379673
21076,-7.2004990231697725
21077,-7.501845706493153
21078,-7.138965774850337
21079,-3.104092520398666
21080,0.537182935913556
21081,-8.187815151415565
21082,-4.882738886099711
21083,-1.1822788047842276
21084,-8.25079423222958
21085,-8.414612226085676
21086,-8.362216760237052
21087,-8.325991298326251
21088,-7.158370954388833
21089,-8.058570668889093
21090,-2.1856170284987337
21091,-8.477059552046438
21092,-6.855360606174454
21093,-8.186755240994387
21094,1.5637809399364726
21095,-2.952059202752261
21096,-7.767217510897339
21097,-0.2063356298470398
21098,-2.6830093019271444
21099,-0.5480624859841057
21100,-8.168841257881606
21101,-6.2595860880589695
21102,-7.207561840008915
21103,-7.981999922653335
21104,-7.2392979864550036
21105,-7.9254625017198785
21106,-8.284861543800668
21107,-6.748361019431375
21108,-4.62586864790973
21109,6.587049300374191
21110,-7.0299149457420995
21111,-7.6208022866088525
21112,-4.860005772644871
21113,-1.6173795288867887
21114,-6.952937512137226
21115,1.2508010255049955
21116,-2.2361424659847975
21117,-4.199917765832288
21118,-7.824493702538133
21119,3.1417586087412435
21120,-5.973285418650867
21121,-8.414612226085676
21122,-2.162402800224859
21123,-8.38153492815085
21124,-8.313203910890085
21125,6.063036385107189
21126,-5.191552918927587
21127,-8.478433509757357
21128,-7.425034543011181
21129,-8.274075652334595
21130,-4.574931399947004
21131,-2.17092094606645
21132,-8.080124476260055
21133,-5.754664557119419
21134,2.139392395413444
21135,0.20180088786643235
21136,1.1223289021196514
21137,-8.127940608904693
21138,-7.8103281921503545
21139,1.4959625046763532
21140,-1.6195627957614223
21141,-0.7390887411180684
21142,-7.901485347707461
21143,-8.409742649697648
21144,-6.892604496063554
21145,-8.30003081486182
21146,-8.234439658852182
21147,-0.4372724586197254
21148,-7.106454499295901
21149,1.9346347113420905
21150,-7.1022954486741
21151,-3.7073494885535903
21152,-8.196125176940168
21153,-5.869021749790761
21154,-8.130851856037635
21155,-1.5086781986932665
21156,-7.4936077313575975
21157,-8.414612226085676
21158,-3.882980056782378
21159,-8.38153492815085
21160,-8.313203910890085
21161,-8.097366437911939
21162,-8.084099131550389
21163,-1.0318219347055408
21164,0.37056485802038175
21165,-8.274075652334595
21166,-1.9517673196862728
21167,0.18945642533265072
21168,-0.8806807290060257
21169,0.2926529069840105
21170,-7.034881908854944
21171,-8.496488335187301
21172,-7.782450852182543
21173,-8.219409958455586
21174,1.7286237188588642
21175,-4.972968539277346
21176,-5.92441440281465
21177,1.929516586144929
21178,-7.351559222120047
21179,-7.815911782493448
21180,-8.577485403658208
21181,1.2106580749676812
21182,-0.1783788760437929
21183,-0.8938704664052539
21184,9.09819170305931
21185,-6.968933216687698
21186,0.8258458232883381
21187,-3.7223890772635984
21188,1.5831117914233612
21189,-8.187815151415565
21190,-8.212383779187258
21191,-8.400041568102731
21192,-8.147539511308048
21193,5.154531424178193
21194,-7.962700896915717
21195,2.1266527325432643
21196,-3.773582699985049
21197,-6.326620453357256
21198,-7.344576634152661
21199,-6.972665260332726
21200,-1.6956985736534413
21201,-7.757853275108019
21202,0.7703590514497748
21203,-1.5064646310642105
21204,-8.36697764163397
21205,-1.3675124469220699
21206,-8.458705795623695
21207,-8.496488335187301
21208,-2.7559322066395153
21209,-8.049617677614846
21210,4.06811160709889
21211,-8.141291597195668
21212,-8.419886408486468
21213,2.0177391492875447
21214,-6.999208604811669
21215,-8.409742649697648
21216,-8.501481135908968
21217,-0.6818281270666078
21218,0.4477111329109913
21219,-5.7727714948122735
21220,1.3062930882039279
21221,-8.378869248452784
21222,-7.200064652996373
21223,-8.426089839535534
21224,-3.9329032881415817
21225,-2.3872654910721955
21226,-6.797044876106401
21227,-0.6390230066503089
21228,-7.963684706858185
21229,-8.414612226085676
21230,-1.6459021617220868
21231,2.0592188532687317
21232,0.744928939836857
21233,-7.936004718619049
21234,1.3872767080352089
21235,-8.549588559813406
21236,-6.42552607124826
21237,-8.006969025042096
21238,-0.4255161098141221
21239,-1.84758474872556
21240,-0.41328828129845263
21241,4.523307984499494
21242,-0.5766266498683383
21243,-8.496488335187301
21244,-6.218919730500036
21245,-8.125188385782517
21246,-1.9785648654335044
21247,3.6639088630178693
21248,0.9267395855672989
21249,-7.9254625017198785
21250,-8.238363345313221
21251,-8.409742649697648
21252,0.09401435825733051
21253,-5.626158362042442
21254,-8.345641288645758
21255,-8.423218848754143
21256,-1.3944482916738254
21257,-8.378869248452784
21258,2.7520768581582145
21259,-7.317823384419699
21260,-8.356898134040508
21261,-3.180994023413813
21262,-2.4392962708512043
21263,0.4734837339461704
21264,-1.6765200065740844
21265,-0.5157092899764928
21266,-8.235521095121593
21267,1.10021408423843
21268,0.5808851269079243
21269,-6.316248453902883
21270,-8.393223656455095
21271,-6.884676655586681
21272,-4.522169787913234
21273,-8.274075652334595
21274,-3.732840152929714
21275,2.537882184318571
21276,-8.579308981481631
21277,-8.150830975006905
21278,-7.9250878882753595
21279,-0.7814855295413144
21280,-0.42227630329075216
21281,-7.8144347201655115
21282,-7.8103281921503545
21283,-8.141291597195668
21284,0.06430800973383655
21285,1.0154667333062226
21286,-8.405648372641219
21287,0.5371336181775503
21288,-4.06754298058774
21289,8.035899705054172
21290,-8.045473229226994
21291,-8.371078568729969
21292,-7.2004990231697725
21293,-7.83207231953414
21294,-2.523578915336194
21295,-8.426089839535534
21296,-8.432567212363683
21297,-8.187815151415565
21298,-7.75770332800877
21299,-1.159942535035202
21300,-1.5475873915395804
21301,-3.9735454779914905
21302,-4.243265531544074
21303,0.7308997350329554
21304,-8.314138188582655
21305,-8.03091741909693
21306,-7.751242015270053
21307,-8.401801595122661
21308,-2.0278764369983473
21309,-3.3330501785720594
21310,-8.334007066945059
21311,-3.293204324632153
21312,-7.983411630243103
21313,2.5230448081777044
21314,-8.458705795623695
21315,-8.498560352553769
21316,-8.408693374222215
21317,-8.027416733496487
21318,-1.992173018894023
21319,-4.252641607534719
21320,-7.428275042643664
21321,4.2523935227002365
21322,-1.9734793009392093
21323,-2.247136792161503
21324,-6.32399516898882
21325,0.9282983645307112
21326,-6.784011545426131
21327,-5.636407306307291
21328,-0.8745366210008867
21329,-8.34915002913213
21330,-3.64194592465966
21331,-4.107578669483803
21332,-8.432567212363683
21333,-8.345855766595715
21334,-2.0692083652742275
21335,-0.9311643983825761
21336,-6.1572822826728615
21337,7.643754373782027
21338,5.429085146453364
21339,-8.38153492815085
21340,-8.314138188582655
21341,-2.308148179647513
21342,-7.831093819174537
21343,-1.4868477386906054
21344,-1.0087776490008769
21345,-8.274075652334595
21346,0.8835855547314224
21347,-3.7800943301726826
21348,-8.591899898022044
21349,-8.150830975006905
21350,-8.458705795623695
21351,-5.0230341249808586
21352,5.342608134555981
21353,-5.57554746972808
21354,-0.5671371773654323
21355,-5.520412838952208
21356,-8.419886408486468
21357,-0.10781818670804766
21358,-8.410415173718944
21359,-8.409742649697648
21360,-4.792618988940404
21361,-7.766875358523857
21362,-8.290090446227017
21363,-0.41216015062532363
21364,1.2165723315612567
21365,-5.878326980545585
21366,-7.683938394829387
21367,-8.278614703932416
21368,-4.434302463970381
21369,2.2216190790514623
21370,-0.15698351048768372
21371,-6.65121758338768
21372,-6.89683709646565
21373,-8.425007038676137
21374,-4.905839489355987
21375,-7.070598230146533
21376,-3.231251903125054
21377,0.7093018088818681
21378,-6.823620889669808
21379,1.7133906639957635
21380,-3.3040090140865077
21381,-3.3215994357479404
21382,-8.334007066945059
21383,1.9303131302532377
21384,-8.591899898022044
21385,-8.150830975006905
21386,-0.7640163659332899
21387,-8.406272996977558
21388,-6.567657300985424
21389,2.5855957808418952
21390,-4.754768476478895
21391,-7.694676968381899
21392,-8.417704940175891
21393,-0.03510077333945766
21394,-2.7402999353031827
21395,-8.409742649697648
21396,-0.8596076637439688
21397,14.756408177191387
21398,-6.235378907151198
21399,2.2311918406272055
21400,-6.973738890694528
21401,-8.435888829283384
21402,-8.394826622778734
21403,-8.153537609789293
21404,-1.988114067926682
21405,0.9191254590989628
21406,-8.212383779187258
21407,1.1972084413394317
21408,-6.667061413587157
21409,-5.5446127461858365
21410,2.3466334672931466
21411,0.5328549765391183
21412,4.063324558328219
21413,0.5630191392928592
21414,-7.243599091947174
21415,1.5989611122031704
21416,-8.44416670112253
21417,1.0090100968306879
21418,0.659480419135495
21419,-7.55155560522135
21420,-8.591899898022044
21421,-7.9527026893954265
21422,-5.07657074380013
21423,-0.2811185752915506
21424,-4.542370250131052
21425,-8.255008047737833
21426,-7.8103281921503545
21427,-8.038981485732492
21428,-8.375546373999422
21429,-1.5444322396114893
21430,-2.1007178077721975
21431,-8.409742649697648
21432,-6.432545686382282
21433,-6.164403594412659
21434,1.0320038076165043
21435,-2.6142439937525874
21436,-5.73364673723737
21437,21.409915578090136
21438,-8.394826622778734
21439,-7.220791006305646
21440,-8.432567212363683
21441,-0.9575042717453376
21442,-2.880695383628437
21443,-4.703386769865062
21444,-8.445393037385156
21445,-7.2019837461702565
21446,-7.906835455570229
21447,-8.016983985330517
21448,-8.30065099811595
21449,-8.097366437911939
21450,-4.648802676370815
21451,0.5238774443791554
21452,-3.308086820246075
21453,-8.274075652334595
21454,-4.53320515081518
21455,-1.6981063956557918
21456,-8.129023507068588
21457,0.4515331983156956
21458,-3.604391480666969
21459,-8.529916943492118
21460,-1.6524032210186064
21461,-8.255008047737833
21462,-6.01437293298773
21463,-8.141291597195668
21464,2.725134548530061
21465,-1.756183991217318
21466,-7.550705788541574
21467,-6.665298750003863
21468,0.11325876253935008
21469,-7.404505857410899
21470,-8.36935291710887
21471,-3.498369255004387
21472,2.521466065823054
21473,-8.274748286654514
21474,-1.9678615644832322
21475,-3.384224262842284
21476,-8.120619352432918
21477,2.382507306678395
21478,-4.6557515866111245
21479,-7.519068889461276
21480,0.5368386343198727
21481,-0.7633430396979219
21482,-1.5625763268656492
21483,-0.07030888904187549
21484,-8.314138188582655
21485,-5.459752426882831
21486,-7.567482431244893
21487,-7.912871588228145
21488,-8.44416670112253
21489,-7.889152148392249
21490,-3.2503252143256374
21491,3.4288030649015107
21492,-0.8477347973169864
21493,-8.150830975006905
21494,-8.029469510740062
21495,-8.12291649726845
21496,-8.408693374222215
21497,-7.403540830985816
21498,-1.0071341186254834
21499,-6.374378005648036
21500,-4.5707347433670815
21501,0.6827629768128881
21502,-6.4004209870692845
21503,-8.432672112712496
21504,3.9437122907769115
21505,0.17974431598238905
21506,-8.359362299273684
21507,-7.382246472853187
21508,-7.159787643923684
21509,-3.357719219925057
21510,0.8228853564344978
21511,-8.426089839535534
21512,-8.432567212363683
21513,-1.6970610250840668
21514,-8.209728109997416
21515,-5.371736124141309
21516,-0.664074889759066
21517,-6.012160908781906
21518,-7.331598693892428
21519,-8.38153492815085
21520,-5.703217137889336
21521,-2.15052223047467
21522,-1.1210591574156874
21523,-8.271893165549155
21524,-1.9891465382255968
21525,-8.274075652334595
21526,1.621399254659702
21527,-1.4995449946002912
21528,1.0739266236589446
21529,0.20830148695207673
21530,-2.1207184101325325
21531,-3.3896956794038076
21532,-8.166337151679471
21533,-6.551223120385394
21534,-7.35103522969399
21535,-8.141291597195668
21536,-4.648007866806067
21537,1.4596829445221449
21538,3.9129519066349845
21539,-7.082706237352366
21540,-8.509203811509433
21541,2.3652667430753813
21542,-8.164554662044415
21543,-0.7944112708946135
21544,-7.2004990231697725
21545,-8.056717123943855
21546,-8.394826622778734
21547,-7.648111451107875
21548,-5.4782241293354685
21549,5.300104377273916
21550,-2.5983566925145842
21551,-8.400041568102731
21552,-4.9602180613522195
21553,-8.425007038676137
21554,1.1583089822391592
21555,-8.38153492815085
21556,-7.414423834052068
21557,1.3046470132999206
21558,-8.393223656455095
21559,-8.187223870514536
21560,-0.15695285966600747
21561,-2.9102052742934825
21562,-0.7309308498439331
21563,1.525070269623153
21564,-8.591899898022044
21565,0.7826592303255095
21566,-8.419924038737198
21567,-6.74427808941079
21568,-7.933613147408567
21569,-7.604296843108467
21570,-0.8310908528672342
21571,-7.839080483168185
21572,-8.285545472841108
21573,1.4485826209945336
21574,-6.923420204975322
21575,-8.250229471083678
21576,-8.455761556547403
21577,-0.8406258333449883
21578,-6.645327533389326
21579,-8.423218848754143
21580,0.06069305478513032
21581,-3.1496479238839594
21582,-8.394826622778734
21583,0.6409852136454703
21584,3.800550210638141
21585,-8.345855766595715
21586,-7.092318951275265
21587,-0.22623591466849247
21588,-8.445393037385156
21589,-2.342031767732952
21590,-0.14184768087324054
21591,-2.2493245156757578
21592,-8.318450317475998
21593,-0.910399940335239
21594,-8.393223656455095
21595,-7.97533461117692
21596,1.428241417520534
21597,0.09358081441620003
21598,-3.143338637965119
21599,-3.806165685757442
21600,0.39595242303948774
21601,-7.194701282310198
21602,-1.1856115624282766
21603,-1.1595364231893723
21604,-8.408693374222215
21605,-5.700125464135703
21606,-1.984861238776335
21607,-0.9714570462647876
21608,-8.419886408486468
21609,-7.9254625017198785
21610,-8.410415173718944
21611,0.4281173863549012
21612,-7.244154652423681
21613,-0.677472564333189
21614,-8.197814872503605
21615,-8.423218848754143
21616,-5.205829386777647
21617,-5.853037580041667
21618,-6.96920629588191
21619,-7.845604612044086
21620,-3.7253978541698682
21621,-7.195770459740475
21622,-8.442488941419104
21623,-7.941427831998679
21624,-8.445393037385156
21625,-8.425007038676137
21626,-7.774747200735029
21627,3.031215784724408
21628,-8.313878697004647
21629,-8.097366437911939
21630,-7.5983857681710445
21631,-8.153445723964722
21632,1.913609685819203
21633,-8.274075652334595
21634,0.1004667208869714
21635,-4.285665054298788
21636,-8.566711428376301
21637,1.20951838421802
21638,-8.458705795623695
21639,-8.275328419187709
21640,-8.408693374222215
21641,-1.9073132812758111
21642,-7.6645592119900385
21643,-8.141291597195668
21644,-7.9426337567445655
21645,7.776357663002575
21646,-8.393510034593907
21647,-1.7047147705215555
21648,-8.577485403658208
21649,-4.274883482393507
21650,-2.0742306253789624
21651,-8.423218848754143
21652,-7.2004990231697725
21653,-0.27516526705300737
21654,-0.14787422759842528
21655,2.971940312374197
21656,1.0776383904519127
21657,1.7503858434909332
21658,-8.442488941419104
21659,-7.396970321646402
21660,-5.341286821094622
21661,1.3449762999945751
21662,-8.362216760237052
21663,-0.015232277620411239
21664,3.1863647351777655
21665,-5.5608919847640355
21666,-7.786320477869489
21667,-3.5376444817550343
21668,-8.44416670112253
21669,1.9626846021563786
21670,-0.6947992276621535
21671,-6.583216342191292
21672,-7.58463000323952
21673,-8.150830975006905
21674,-1.3578606179288681
21675,-8.529916943492118
21676,-7.8908939981522535
21677,-1.0203862918625632
21678,-7.108720248078746
21679,1.8859722785919462
21680,-8.216720582219718
21681,1.2613367625669762
21682,1.7460692699817668
21683,-2.099142115486654
21684,-8.437951384710246
21685,-0.6582417686504609
21686,-0.1493663472814748
21687,-0.6709239734844502
21688,-7.218571716808829
21689,-8.029606922420683
21690,5.166897167638512
21691,-2.464944778233926
21692,-7.332053423766906
21693,2.055018577683846
21694,-5.2716568347487485
21695,-8.003384652628764
21696,-8.445393037385156
21697,-8.341108374899502
21698,-8.362216760237052
21699,-8.110160084260741
21700,-2.743587786627875
21701,1.6299910674149443
21702,-5.727749044679465
21703,-8.549588559813406
21704,0.24736372221060943
21705,-8.274075652334595
21706,-6.31831526826724
21707,-3.0020219350524084
21708,-8.583330191348946
21709,-7.836464223269257
21710,0.23660746620266382
21711,-1.9686555448394754
21712,-8.333020554616976
21713,-8.255008047737833
21714,-0.8106373458864318
21715,-7.85852972129399
21716,-5.846277186412447
21717,-7.9254625017198785
21718,-8.339526930995845
21719,-5.662897243563763
21720,-0.03082987327287734
21721,-2.060823359370006
21722,-8.36935291710887
21723,-8.423218848754143
21724,2.539625628433387
21725,-0.17216231325780473
21726,-2.905079265491157
21727,-7.391298991006386
21728,1.4300047148044555
21729,-2.898190334596656
21730,-8.262878873315637
21731,-8.400041568102731
21732,-3.3028775838114712
21733,0.4014425076143402
21734,-7.620218122227266
21735,-8.38153492815085
21736,-6.355076059449129
21737,-8.097366437911939
21738,-6.3365457283609175
21739,-0.5318227612112038
21740,-6.660904284622659
21741,-2.0163394445244585
21742,-7.998598802490446
21743,-1.4133438759670787
21744,0.840058086643116
21745,-8.150830975006905
21746,-8.458705795623695
21747,-8.529916943492118
21748,-4.205927427667609
21749,-3.1533371809563855
21750,1.097266382192306
21751,-3.297872128757602
21752,-2.6767384344499905
21753,0.42276148331564856
21754,-8.410415173718944
21755,-1.9064936638311627
21756,-8.577485403658208
21757,2.147396570837576
21758,-7.8119364306046295
21759,-1.0641507980644878
21760,7.402089016617021
21761,-5.436524848111367
21762,-5.832196383546658
21763,-2.1822183020945065
21764,-8.432567212363683
21765,-8.345855766595715
21766,-2.4839154640928154
21767,-8.400041568102731
21768,-7.2664862518117435
21769,-1.2524596761051687
21770,-7.910019245595144
21771,-4.595718730825803
21772,-7.932137291745836
21773,-1.024253521571035
21774,4.87890086800815
21775,-0.5404330403502263
21776,-7.105109963912608
21777,-8.274075652334595
21778,-1.0624015386532721
21779,-2.799056469817009
21780,2.7827099946772567
21781,-2.728752368277683
21782,-8.003501886610037
21783,-0.39362986712382475
21784,-8.295962183009387
21785,-7.668271611372168
21786,-0.8788364089053984
21787,-3.728596788654066
21788,-7.719695333485015
21789,6.247467307150151
21790,2.0580889225639685
21791,-7.85636453864912
21792,1.0631434921764957
21793,0.077371897869843
21794,-3.152445628350256
21795,-1.8794074644443555
21796,6.952247522251544
21797,-8.435888829283384
21798,-7.717455738517989
21799,-8.426089839535534
21800,-2.9740094009372404
21801,-8.345855766595715
21802,-6.288019395407888
21803,-3.7991723718226464
21804,-7.143510197735898
21805,0.9322015305704268
21806,0.6744132559721401
21807,-8.38153492815085
21808,-8.318450317475998
21809,-7.945192598974622
21810,-8.254780832725432
21811,-2.9629626696280487
21812,-7.379079783073322
21813,1.8781519847001624
21814,1.2010164744225031
21815,-7.55155560522135
21816,-8.591899898022044
21817,0.6756301230104849
21818,-7.879247543088592
21819,-6.6267617501411955
21820,-7.984880224426713
21821,-1.5945812461905668
21822,-1.300914771826878
21823,-7.808440444757173
21824,-8.419886408486468
21825,-7.9274202309823405
21826,-0.45371102947109754
21827,-1.9336347027482694
21828,-4.063545695915384
21829,-0.862609614049631
21830,-8.158045687463305
21831,-8.167871407667107
21832,-7.18212060284668
21833,-5.575940035188127
21834,2.169469460290381
21835,-5.9007486690400714
21836,-4.501295651915544
21837,-2.975397487045159
21838,-4.314842738095942
21839,-7.110734337024494
21840,-8.102001436168127
21841,-8.425007038676137
21842,-4.397322922101541
21843,-6.275100523663379
21844,-8.01363667510334
21845,-7.8978012101947925
21846,-4.4457477311933555
21847,-1.37514888801228
21848,-7.734566489625479
21849,-8.140369115104708
21850,-0.6969180037269823
21851,-1.548591293312306
21852,-0.40691420945720413
21853,4.629184076869487
21854,-8.458705795623695
21855,-7.7776852259108455
21856,4.68304291977013
21857,-8.255008047737833
21858,-7.8103281921503545
21859,2.658717790133128
21860,-8.311019415961042
21861,1.1918667518155182
21862,-3.12710586637864
21863,-8.574897453342496
21864,-8.577485403658208
21865,-8.348759494001166
21866,3.492750473783511
21867,-8.209746397471847
21868,-3.1445221510748955
21869,-0.791663886957649
21870,-8.330163910680815
21871,-7.723387067349935
21872,2.071870185496438
21873,5.798078869541227
21874,-8.26433287166245
21875,-6.017739930771598
21876,-7.880049970489326
21877,-2.4145079430017646
21878,-8.094158447940124
21879,0.48259536666320013
21880,-8.318450317475998
21881,-8.097366437911939
21882,0.5055550654409768
21883,-0.7439978477814047
21884,-8.4059781932535
21885,-7.674665617457011
21886,-1.3193595533860074
21887,-7.55155560522135
21888,-0.5160470071451196
21889,-2.587597420333587
21890,-8.127604895860513
21891,0.9219008355504983
21892,-7.817414571225531
21893,-7.962417902067179
21894,-7.8103281921503545
21895,-7.2864385293556175
21896,-8.419886408486468
21897,-0.5993274303215278
21898,-0.6019319129888632
21899,-8.574897453342496
21900,-7.848334293039735
21901,-8.348759494001166
21902,-8.343691514357905
21903,-8.161581095282418
21904,-7.218571716808829
21905,-0.653451807495098
21906,-4.85651052847248
21907,1.5457164655765692
21908,-7.930220521979779
21909,-1.5567981254045278
21910,-3.256116333745026
21911,-0.6841614283678695
21912,-7.973291115306323
21913,-8.441734210252447
21914,0.19099797871851032
21915,-8.38153492815085
21916,-7.503968437872083
21917,-6.981476547488367
21918,-7.460758058964345
21919,1.6488788378348564
21920,-8.44416670112253
21921,-8.274075652334595
21922,-8.04767505678125
21923,-0.8933547394412917
21924,-0.9593981516071017
21925,0.4269098248213423
21926,-8.004413330648035
21927,-0.3266733901502814
21928,-0.7615857781683226
21929,-8.255008047737833
21930,2.794459559115605
21931,-8.141291597195668
21932,1.2095374270744208
21933,-7.9274202309823405
21934,-8.346350854579448
21935,-8.574897453342496
21936,-8.577485403658208
21937,-8.348759494001166
21938,0.32843620891512604
21939,-2.578498435235536
21940,-7.218571716808829
21941,1.9407618461028548
21942,-4.488337232783843
21943,-8.426089839535534
21944,-8.412475343691286
21945,-8.345855766595715
21946,-7.867291646288521
21947,-1.750529604493809
21948,-6.871083360832244
21949,-4.451809550935028
21950,-7.496933270656838
21951,1.5901969910741067
21952,-8.311524848418
21953,-5.084949693434228
21954,-8.393223656455095
21955,-8.207450105748324
21956,-4.051431692421675
21957,0.23073640352396452
21958,-8.334007066945059
21959,-7.47071674082058
21960,-8.52806853510147
21961,-7.985079816750507
21962,-6.651795603285603
21963,-7.186619231933185
21964,-5.886836552385171
21965,-8.191048990290437
21966,-2.624291460332503
21967,1.6404301139111057
21968,-8.307542820988145
21969,1.1982812358169805
21970,-0.5567634077422836
21971,-7.794232647208176
21972,-7.172286872143827
21973,-0.6921387719978263
21974,-8.36935291710887
21975,5.253553085750765
21976,-7.218571716808829
21977,-8.396856202005415
21978,0.6092089535220901
21979,-8.426089839535534
21980,0.23425958485722398
21981,2.83749787748083
21982,-2.5622754384638835
21983,-4.9856533878448746
21984,-8.445393037385156
21985,-7.82884539649044
21986,-5.727615769361612
21987,-8.16695796663615
21988,-6.272414632417917
21989,-1.883017400065918
21990,-8.393223656455095
21991,-7.2785085027706655
21992,-8.248125543239277
21993,-8.274075652334595
21994,-7.245415536185522
21995,2.379837193230112
21996,-3.8617963692309756
21997,-3.520922256573401
21998,-8.458705795623695
21999,-8.529916943492118
22000,1.7858130409901376
22001,-7.599419922671553
22002,-7.729674741100219
22003,-7.083176139996917
22004,-8.419886408486468
22005,-3.9434820378781366
22006,0.06877294000935652
22007,-8.553377612793595
22008,-5.04246316226878
22009,0.031156679641629825
22010,4.192657399968751
22011,1.8724731835832065
22012,-5.6402990985677945
22013,-8.454710189203455
22014,-7.198473272793992
22015,0.6136225180387473
22016,-7.8034217966363615
22017,1.7048699509896796
22018,-8.442488941419104
22019,-8.37339536675091
22020,-8.445393037385156
22021,-8.171629856575496
22022,-3.7644477600138186
22023,0.5681709910974128
22024,-6.845295209118629
22025,-1.4328329798396164
22026,-6.306104841717278
22027,-6.377860551354293
22028,-8.44416670112253
22029,3.2037826000005865
22030,0.8576525633738279
22031,-7.55155560522135
22032,-8.185971362394218
22033,-0.5195941373456949
22034,0.263280094009485
22035,-4.40089833037262
22036,-7.758938228715314
22037,-8.217675999631174
22038,0.021415836142689937
22039,-7.725572318167622
22040,-8.419886408486468
22041,0.9483706078575889
22042,-1.6754346843578403
22043,-8.574897453342496
22044,-8.577485403658208
22045,2.2194636287838594
22046,-8.11005819255885
22047,-7.97079870030909
22048,-7.218571716808829
22049,-8.150156439823917
22050,-7.400115984329683
22051,-4.040067633638283
22052,-2.285375236475801
22053,-0.9905274950396922
22054,-3.572329433021101
22055,2.1826397643774387
22056,-8.445393037385156
22057,-7.959849135888672
22058,-8.362216760237052
22059,-8.023165377986452
22060,-8.493809148489113
22061,-3.361406644700127
22062,-7.15814174386548
22063,-8.093524642179952
22064,-5.000761766998932
22065,-8.274075652334595
22066,-8.334007066945059
22067,-7.55155560522135
22068,-8.591899898022044
22069,-3.464712698891751
22070,-1.631993031167307
22071,-8.3018117935851
22072,-8.408693374222215
22073,-3.1111473743060385
22074,-7.8103281921503545
22075,-1.3131070844190393
22076,-2.8763746407328035
22077,1.1898607774193364
22078,8.168523701910557
22079,-8.574897453342496
22080,0.1580219267874759
22081,1.3700571648076625
22082,-8.340975133920043
22083,-7.112750626068426
22084,0.18011896757065537
22085,-8.475577309613257
22086,-2.4539337236265295
22087,-3.1645722551399107
22088,-8.432567212363683
22089,2.662676718966292
22090,-6.528613744537255
22091,-4.935103872407714
22092,-3.67466604609737
22093,-3.3689551450985937
22094,-8.360452886385909
22095,-4.963602674247148
22096,-8.493809148489113
22097,2.0836857622979097
22098,-6.3996200465046655
22099,-8.549588559813406
22100,-7.165602484152741
22101,-8.274075652334595
22102,3.7395998867771487
22103,9.276510216930674
22104,-8.585631817958149
22105,2.3641931972458208
22106,-6.630968746295425
22107,-0.5505190453097122
22108,0.521482745909886
22109,2.272201430870534
22110,0.664006322599602
22111,-8.141291597195668
22112,-1.6702651511947153
22113,-2.481778956524379
22114,-8.19310091650358
22115,-0.8392008824369181
22116,-7.922060470313105
22117,-3.718646210525753
22118,-8.168513706188849
22119,-1.4347771032948475
22120,10.326904281083838
22121,-6.0335444118155355
22122,-8.394826622778734
22123,-7.509630209868787
22124,-6.858338107788799
22125,-0.9472298675331512
22126,-8.442488941419104
22127,-7.5351362928255545
22128,-1.0439795328819033
22129,-7.838807113259656
22130,-5.006975328271139
22131,-3.247699880711453
22132,-4.512550142687849
22133,-8.079954262540385
22134,-6.769532294290455
22135,-8.080508733796924
22136,-8.053875703009194
22137,-8.274075652334595
22138,-8.334007066945059
22139,-7.55155560522135
22140,0.17744893778662663
22141,1.5107330319565433
22142,-6.477472009266683
22143,-8.388006349160047
22144,-7.726070329391063
22145,-8.255008047737833
22146,0.8557488741173764
22147,-4.205165781642261
22148,-8.419886408486468
22149,-7.9274202309823405
22150,-7.613740498086974
22151,2.250132488500432
22152,-8.495769333549386
22153,-8.371063418107648
22154,-8.36935291710887
22155,-8.07870851667963
22156,-7.1183260384144535
22157,-1.6721074222218304
22158,-1.2668180670703357
22159,-2.466563655902028
22160,-1.1485416607104244
22161,-8.345855766595715
22162,3.2124851207794296
22163,-8.400041568102731
22164,-8.445393037385156
22165,-1.128657188574456
22166,-6.685690587410431
22167,1.7358685878076077
22168,-2.948010142872878
22169,-2.149851719257587
22170,-1.9528509152816436
22171,-4.408195850139905
22172,-8.1591190585757
22173,2.002255409545444
22174,-1.4223303899389632
22175,-1.7307393506308069
22176,-8.57806962166984
22177,0.2230188107125094
22178,-1.310545610805346
22179,-8.529916943492118
22180,-8.079232162761194
22181,-5.2076944175106314
22182,-7.86700791143784
22183,6.864572271717076
22184,-7.207136377668151
22185,2.3839981078208443
22186,-8.410415173718944
22187,7.2958821170578325
22188,-5.814385913421809
22189,3.9626539537195122
22190,-7.365217876099554
22191,-7.793269159867106
22192,-7.218571716808829
22193,-8.475577309613257
22194,-3.4809847976041315
22195,-3.0812446382924548
22196,-8.431615013176293
22197,-8.168660923596299
22198,-4.320230799583029
22199,-1.4083706191165488
22200,-8.445393037385156
22201,-7.580373995467261
22202,-8.362216760237052
22203,-7.715453911469709
22204,-8.493809148489113
22205,-8.097366437911939
22206,-0.8497715974855534
22207,-7.441903486105349
22208,-0.37025361325304496
22209,0.3604959845615143
22210,-1.0586900515798479
22211,-3.462023089519265
22212,-8.591899898022044
22213,-2.837877158092645
22214,-8.458705795623695
22215,7.004532964383634
22216,-8.408693374222215
22217,-7.611978405119464
22218,-7.86700791143784
22219,-8.011316497146678
22220,-5.354518086581137
22221,-5.700830934986189
22222,-8.410415173718944
22223,-3.3072360083940113
22224,-7.095135197590617
22225,-5.792651882035
22226,-0.3153696975574143
22227,-6.331321073560358
22228,-5.4813792737805
22229,-0.6225498036991683
22230,-8.128921818351218
22231,-7.885474638186802
22232,-3.941534493957827
22233,-2.511644504006739
22234,-7.341215884673062
22235,-0.5886134309666549
22236,-8.117299879584849
22237,0.5024786650108797
22238,-8.362216760237052
22239,-8.38153492815085
22240,-8.493809148489113
22241,1.580271924482108
22242,-7.960601535110646
22243,-8.549588559813406
22244,-7.339538134617632
22245,1.028251003871091
22246,1.7790321715235269
22247,-1.179177023842819
22248,2.1965568614889173
22249,0.8857463496249212
22250,2.5359225306136848
22251,-8.529916943492118
22252,-8.381732185317535
22253,-8.188953075762083
22254,-0.992822828618088
22255,-7.674827526377712
22256,-8.419886408486468
22257,-5.608846517020648
22258,0.2688160923909656
22259,-8.574897453342496
22260,-4.279527007514534
22261,-7.777830257403179
22262,-8.387740711045682
22263,-1.7116075861054063
22264,4.2460555496693315
22265,-8.475577309613257
22266,-8.394826622778734
22267,-4.523053718550884
22268,-7.038681803199655
22269,-1.366258042113596
22270,0.21876866088185976
22271,-5.093789221575311
22272,-8.29608098112032
22273,-5.916249268625041
22274,-8.034163943285934
22275,-5.119864987335074
22276,0.9643779481636037
22277,-7.891084284158081
22278,-8.195344005061072
22279,-7.305022086050567
22280,-8.44416670112253
22281,-6.531262157504975
22282,-3.8024965500828487
22283,0.08329605928110029
22284,-8.56456061825383
22285,-0.14428388295227856
22286,1.8581350309796147
22287,-8.56710646078746
22288,-8.408693374222215
22289,-8.255008047737833
22290,4.2532914758916895
22291,-8.141291597195668
22292,-8.419886408486468
22293,-1.9553651965673007
22294,-8.410415173718944
22295,-2.9370912632237856
22296,-8.58640061103484
22297,-6.151540192585792
22298,-8.387740711045682
22299,-0.8808256825935263
22300,11.509361493945999
22301,-8.445611584743254
22302,-0.9862851453232804
22303,-8.426089839535534
22304,-7.682543644692262
22305,-8.364017446955573
22306,-6.540911331148198
22307,2.210395216744179
22308,-2.7936426040266684
22309,1.3936541767118924
22310,-6.115974007428499
22311,-8.037039320156708
22312,-8.493809148489113
22313,-6.342015955754161
22314,-4.244212715001473
22315,-7.7005970685407545
22316,-7.567238189307176
22317,-8.274075652334595
22318,1.0474765226695317
22319,-5.276980448267068
22320,0.710362033033489
22321,-1.1528764355032044
22322,1.3358232324448713
22323,0.10053297925908722
22324,-6.352754432982516
22325,-8.011813732321801
22326,0.4583441186558319
22327,-8.141291597195668
22328,-0.4277049620614741
22329,-6.9359152605943635
22330,-8.410415173718944
22331,-4.169052341385056
22332,-7.855153644023973
22333,-4.638407454028293
22334,-8.304710680772963
22335,0.9114290742760711
22336,-7.218571716808829
22337,-6.567706820019233
22338,-7.930357626106152
22339,-0.2869147038598492
22340,-8.432567212363683
22341,3.4526195995511513
22342,-6.452946430259536
22343,-8.234500647041026
22344,-4.297618444026776
22345,-2.558154814236718
22346,1.3273966076090955
22347,-8.402257184657072
22348,-8.493809148489113
22349,-7.958152767100178
22350,-8.073574013105194
22351,-3.691670716591706
22352,-7.099472940912383
22353,-8.274075652334595
22354,-0.8475900274855435
22355,-7.55155560522135
22356,-8.591899898022044
22357,-1.0062166639084897
22358,1.8560317136723121
22359,-8.56710646078746
22360,-7.672432216817279
22361,-7.577603648822999
22362,-5.977887028372617
22363,0.5880949233908268
22364,-8.419886408486468
22365,-7.9274202309823405
22366,-1.7778712833059065
22367,-8.465799196978239
22368,0.8734345778397898
22369,14.087932071621857
22370,-8.115975963038688
22371,-3.810019524134109
22372,0.41533530711130107
22373,-2.3671943778785796
22374,-4.014406072119617
22375,-8.274681502213522
22376,-0.506499912558845
22377,-8.309764269761336
22378,-8.442488941419104
22379,-8.400041568102731
22380,-7.06107710712932
22381,-0.4719450554949792
22382,-0.827255846107096
22383,-0.1286846660918095
22384,-0.2559825159672431
22385,0.3876366621350049
22386,-6.330021371829753
22387,-1.3195399627811135
22388,-3.225320976130793
22389,-8.274075652334595
22390,-1.8044036503150038
22391,-5.499295428528033
22392,-6.60123267570483
22393,0.3550111254315709
22394,-4.600904282532211
22395,-8.260708818088732
22396,-7.668515411426732
22397,-8.255008047737833
22398,1.3765690781306243
22399,2.116399723920854
22400,-8.095371769111926
22401,3.811328374202402
22402,0.1105990993187983
22403,-1.513157284420543
22404,-8.58640061103484
22405,0.2363250955741164
22406,0.7715644741085911
22407,-8.112636614565533
22408,-4.77650520210985
22409,0.07072809960322557
22410,0.3868458810375306
22411,-8.426089839535534
22412,-8.432567212363683
22413,-1.362351914215227
22414,3.5963548994959575
22415,-4.563304550583849
22416,-8.263191048548862
22417,2.5700001812222526
22418,-8.08642362511849
22419,-8.40418712467983
22420,-1.1260009300387428
22421,-3.629724422397771
22422,-8.194514724870771
22423,1.463832031861915
22424,-8.371762337443624
22425,1.666691164441164
22426,-0.4647440016884865
22427,-3.899792750960587
22428,4.441343323464632
22429,-6.648104194852338
22430,0.6238516569705891
22431,1.5358814771147287
22432,-8.165280352527201
22433,-0.8596064390895548
22434,-7.86700791143784
22435,1.4449689710017855
22436,-8.419886408486468
22437,-1.2285634763795628
22438,-8.310925646418097
22439,-7.960276628796194
22440,-5.9871463686971484
22441,-3.616117207416623
22442,-1.7909993515231877
22443,-8.080062764006755
22444,8.994621062284667
22445,-7.02692995320288
22446,-1.0116272815185623
22447,-8.426089839535534
22448,-1.6906276151322397
22449,-4.991217936552003
22450,-6.183509829289546
22451,-8.412501933447638
22452,-8.445393037385156
22453,-8.248466228127484
22454,-5.966121455740691
22455,-4.910892813110625
22456,-8.470723066231777
22457,-0.9809064287290645
22458,-8.393223656455095
22459,-8.445012892634974
22460,-8.44416670112253
22461,-7.867242417003934
22462,-8.334007066945059
22463,-1.2770440617431014
22464,1.179800865434871
22465,-3.587334203153917
22466,-7.806305898198404
22467,-6.972409780897696
22468,-8.408693374222215
22469,-4.709240879284852
22470,-0.33806259684054973
22471,-1.4896472693611693
22472,-8.414100926299792
22473,0.791266217021939
22474,-8.383530069998802
22475,-0.258031170535747
22476,0.07354546324423417
22477,-0.9146003104732402
22478,-1.0451607878785052
22479,-8.2601680545533
22480,-7.218571716808829
22481,-8.475577309613257
22482,0.8713520050930273
22483,-8.426089839535534
22484,-8.041400809219812
22485,3.1989789438712304
22486,-0.6053475185507114
22487,-8.412501933447638
22488,-7.327902509722088
22489,-8.243898377772142
22490,-3.8136260778588005
22491,-4.710874436032174
22492,-8.493809148489113
22493,-0.7270084389492772
22494,-8.393223656455095
22495,-6.080387626307946
22496,0.05101508348947453
22497,-1.0402327790570558
22498,0.7639609461206074
22499,-5.5851715656705005
22500,-8.591899898022044
22501,0.4016500913240759
22502,-3.6482520546989625
22503,-8.5999533901734
22504,-4.442706543289551
22505,-8.128573576403811
22506,-0.16463529563656332
22507,7.385205942641131
22508,-0.1770528058792002
22509,2.3568634507227717
22510,-3.7773985283210445
22511,-8.574897453342496
22512,-2.3826251605010067
22513,10.662149456316556
22514,-3.0077940027822336
22515,1.457666362141838
22516,4.379233301628835
22517,-5.6210310181593215
22518,-8.394826622778734
22519,-4.028817424234385
22520,3.8304133568743026
22521,-0.5068576658904942
22522,-8.37783722050479
22523,-3.4244336129900157
22524,-1.497342291526047
22525,-8.236933702545949
22526,8.413193502444845
22527,-7.962379753323101
22528,-8.216919780272583
22529,-8.089875126328746
22530,0.8281817251510021
22531,-8.33904951123343
22532,-0.7760577264482265
22533,-8.272590557796976
22534,-4.525039351762149
22535,6.413158067022316
22536,-0.7874354692507082
22537,0.05394452134695271
22538,-4.81837644348621
22539,3.4942128224310034
22540,-6.2544589202120955
22541,-8.262563351957308
22542,-7.86700791143784
22543,-2.8182129604484496
22544,-8.419886408486468
22545,-7.9274202309823405
22546,-8.365210663557605
22547,-4.9186124303889045
22548,-6.534686734090838
22549,5.405709618812807
22550,-1.4529277437855397
22551,-8.423218848754143
22552,-1.4368154542624434
22553,-7.538459400581589
22554,-3.4667016205256393
22555,-7.901321775116923
22556,4.396276879860686
22557,-0.21460030131056895
22558,-8.442488941419104
22559,-7.873119982987037
22560,-8.445393037385156
22561,-0.5750954701749869
22562,-7.310422754297817
22563,-8.298775992576054
22564,-1.7147496613222084
22565,-1.553450230074092
22566,-4.217260311531556
22567,3.167665313377592
22568,-8.378024857577996
22569,-8.099135799743124
22570,-8.119560254042351
22571,-7.55155560522135
22572,-8.5999533901734
22573,-0.23540921085632494
22574,-8.19172072991425
22575,-1.071932383868923
22576,-7.9228408630782425
22577,-3.526698376037008
22578,0.8503090436288829
22579,-0.42258733418162064
22580,1.5089704091147562
22581,3.015067035288282
22582,-4.102562437033356
22583,-6.578778812037797
22584,2.2485721323060037
22585,-5.498189050200298
22586,-5.367802811374662
22587,-0.8271820812044759
22588,-7.218571716808829
22589,3.2218198941847507
22590,-6.215825533185611
22591,0.013952059582890364
22592,-2.0435842199771908
22593,-8.364017446955573
22594,-6.90909624476144
22595,-6.941292265838775
22596,-7.944022619503658
22597,-8.394302322416955
22598,-8.359394000268141
22599,-8.385513701785928
22600,0.6784340888393395
22601,-5.935337308171315
22602,-6.269845665591041
22603,2.066397680658561
22604,-1.4739785388880522
22605,-8.064923767053832
22606,-8.284360919155427
22607,-6.894400439809721
22608,-8.5999533901734
22609,1.6459549300857965
22610,-8.3917472488104
22611,-5.662227255756487
22612,-5.355555261561598
22613,4.019045589358498
22614,-6.425143771533562
22615,-1.5812705449423508
22616,2.3765119722038524
22617,-7.9274202309823405
22618,-5.737944305479529
22619,-8.597292563068892
22620,0.7756901240149072
22621,-8.371063418107648
22622,-6.111431940305558
22623,-8.183250292972433
22624,-0.9539531807977082
22625,-8.03792949944149
22626,-6.208433404258267
22627,0.5825950226719314
22628,-2.3139300087832693
22629,-6.636182370324222
22630,-3.920850643302991
22631,-0.9477171061909386
22632,-8.445393037385156
22633,-2.7040322666563448
22634,-5.29239183120217
22635,-7.894507179815677
22636,0.2205190853463873
22637,-8.097366437911939
22638,2.6072487609600565
22639,-7.805160821956094
22640,-8.139630489607427
22641,-8.274075652334595
22642,0.3085191429737315
22643,0.1016283438687986
22644,-8.5999533901734
22645,1.2278768675228207
22646,-8.38743169939443
22647,-8.591899898022044
22648,-7.618333125472808
22649,-8.15715466638423
22650,-7.86700791143784
22651,-7.943036785533228
22652,-4.342514088610038
22653,-7.9274202309823405
22654,-3.304864661153064
22655,-6.029678196505312
22656,-0.6865572454111315
22657,-2.568620521985037
22658,-5.903891741772918
22659,-7.630751621177371
22660,-6.064894152605381
22661,-8.475577309613257
22662,2.057070358006027
22663,-4.304664554037689
22664,-8.432567212363683
22665,-0.4963765210984274
22666,-6.846424363054847
22667,5.647349837967611
22668,-8.293639321132336
22669,-7.752852323741369
22670,4.370770877181367
22671,-8.337606124028841
22672,-0.3521645526120212
22673,-5.257733821414862
22674,-5.466862707480881
22675,-7.976221021484167
22676,2.0189531525813855
22677,1.0358539887886704
22678,-0.16222470548913848
22679,-1.7771195513891183
22680,2.917027106332446
22681,4.1793911215925075
22682,-8.112938347218046
22683,-0.5589574493102951
22684,-7.703742965738738
22685,-3.7361324957458946
22686,-1.50371070941805
22687,-8.153179541051346
22688,-8.07281136534646
22689,2.354540013705257
22690,-8.365623843583771
22691,-8.324152111833891
22692,-8.528688252394621
22693,-2.603707824012308
22694,-7.6310927940182625
22695,-8.080362074834383
22696,-3.1050058430022824
22697,-3.4875368792984647
22698,1.4154509026133555
22699,-8.34057625669147
22700,-6.537299157622217
22701,3.197316831714225
22702,-7.022106668786398
22703,-0.07859555969826076
22704,-0.6181697075851253
22705,-8.302171280519428
22706,-7.24944038610857
22707,-6.754194687452192
22708,-8.159378393853723
22709,-7.830286743935288
22710,3.102001569219966
22711,-8.549588559813406
22712,5.356055177538595
22713,1.383430095416409
22714,-3.600104747243492
22715,-1.516926297778865
22716,-8.5999533901734
22717,4.592114057471455
22718,0.8030809915017046
22719,-7.374818416268518
22720,2.733514204568122
22721,-7.2491960054426485
22722,-7.86700791143784
22723,-6.920842448847446
22724,-7.467897702237063
22725,-1.21821256007694
22726,-8.404572589989527
22727,-0.34668290707236116
22728,-0.27279684677307037
22729,3.650941753686905
22730,-8.387740711045682
22731,-8.395641750028181
22732,-7.218571716808829
22733,-1.5814626153457665
22734,-8.366482716656975
22735,-8.422203945993486
22736,-6.465576527859242
22737,2.760864808054354
22738,0.7080364024990589
22739,-3.7671464223906854
22740,-8.166126533846219
22741,-8.404159046264366
22742,2.12795881771738
22743,-3.265126703473047
22744,-8.459428096800794
22745,-3.8735056139688067
22746,-8.393223656455095
22747,4.953570876809803
22748,-8.014061446851743
22749,-3.874915579149712
22750,-8.334007066945059
22751,-1.5241893999161493
22752,-8.580977694723886
22753,0.02193889879249078
22754,-8.295637179845585
22755,0.23995503574714938
22756,-8.408693374222215
22757,-0.7450091837961784
22758,-5.605708270506235
22759,-1.6375416515398296
22760,-8.413266336801158
22761,-7.701452880860184
22762,-7.592133636592004
22763,1.6601020591288695
22764,-8.58640061103484
22765,-0.9120342111062365
22766,-8.387740711045682
22767,-8.423218848754143
22768,-0.619557166871832
22769,-3.5646461241577034
22770,-6.435583224478647
22771,-7.798345772561755
22772,-8.432567212363683
22773,-2.6521238977784396
22774,3.285433172136212
22775,-8.27500973571913
22776,2.9913125063033803
22777,-8.252967663762362
22778,-8.252211575145044
22779,-8.318208188060229
22780,-8.384762845000147
22781,1.4887372264271763
22782,-8.393223656455095
22783,-8.549588559813406
22784,6.587426597247839
22785,-4.6823178502182525
22786,-0.21878607923438131
22787,6.436388795054642
22788,-4.798712806722166
22789,-6.9576782438339055
22790,-7.688855394933413
22791,-8.591899898022044
22792,-8.408693374222215
22793,-7.428855441814898
22794,-7.374565164525678
22795,-1.230437060929488
22796,-2.0269466633752233
22797,14.925414482683083
22798,-8.381568594263333
22799,-5.031856598945614
22800,-8.448226261416789
22801,-8.371063418107648
22802,-3.743031311848652
22803,-8.225603392456312
22804,-2.573218211513267
22805,-7.793099144686683
22806,-1.2291089137232123
22807,-8.426089839535534
22808,3.7498047563522645
22809,-8.364017446955573
22810,-8.351864048082918
22811,-3.4954753171170494
22812,-8.331547398961257
22813,-8.442019031440203
22814,-1.8752509061175637
22815,-8.17735142811753
22816,-7.171797390987839
22817,-6.159913406431114
22818,-7.610830575792004
22819,-8.51636063958012
22820,-0.18920615770952498
22821,-1.1448462739361434
22822,-8.155701426128173
22823,-7.55155560522135
22824,-8.5999533901734
22825,0.3314032935289897
22826,-8.458705795623695
22827,-8.065052160571637
22828,-0.9734974698855323
22829,-8.262563351957308
22830,-2.347016189358916
22831,-8.153179541051346
22832,-0.7986599072824612
22833,6.756133527115984
22834,-8.410415173718944
22835,-6.582425579991386
22836,-8.58640061103484
22837,-7.9005285764384725
22838,-7.955233315761765
22839,3.2612856237112466
22840,-5.362355500193749
22841,2.129759652133801
22842,-8.34603959155277
22843,-4.937163461970675
22844,-8.21211955352259
22845,-8.364017446955573
22846,2.2176659856179137
22847,2.5685850634998593
22848,-3.834329312598796
22849,-2.914938164681208
22850,-7.941138675710706
22851,2.4343670637537302
22852,-8.493809148489113
22853,1.5424624241046208
22854,-8.393223656455095
22855,0.016594028813865958
22856,-1.803746990294096
22857,-4.266071836931288
22858,-0.13588067729763376
22859,-3.8529040970014834
22860,-7.506720778893496
22861,-8.081965493272314
22862,-8.224994117629322
22863,-1.4988731525221404
22864,0.9347619962938299
22865,-3.695789467608493
22866,1.3499306645761957
22867,-8.1286173587084
22868,-8.581795684949295
22869,2.7282176285800066
22870,-8.410415173718944
22871,-8.125286555681603
22872,-7.867359818203745
22873,-1.2230682676223141
22874,1.1491980833559259
22875,-0.28613652247391963
22876,0.24844965948129238
22877,2.493724843427402
22878,-7.828617889712807
22879,-7.3418294133824435
22880,-7.382788185411951
22881,2.1380458618826124
22882,-8.442488941419104
22883,-7.15054151370338
22884,0.5171153601106444
22885,3.3772088378935545
22886,-8.362216760237052
22887,-0.9525422587976307
22888,0.3011079043150584
22889,-7.486683168639477
22890,1.4932647559891281
22891,-7.827351109990468
22892,-8.142558124071964
22893,-8.274075652334595
22894,4.084393766559145
22895,-0.9866329751580198
22896,-8.5999533901734
22897,-5.742422704353519
22898,7.055008451946352
22899,-2.022863606765737
22900,-7.904497950396774
22901,-8.262563351957308
22902,-1.258754417344812
22903,5.021792259254568
22904,-2.501230838248015
22905,-7.9274202309823405
22906,-8.410415173718944
22907,2.4853494918415566
22908,-3.2942673056502274
22909,2.720482609677596
22910,-4.1072605162791
22911,-8.423218848754143
22912,-7.218571716808829
22913,-6.669939208492844
22914,-5.8564984788227825
22915,-8.426089839535534
22916,-8.313214658409594
22917,-4.864452131420049
22918,-8.437668254197884
22919,1.2584528715452632
22920,-8.445393037385156
22921,-7.965701725534366
22922,-7.145122814936115
22923,-8.40418712467983
22924,3.6689771661032733
22925,-8.097366437911939
22926,2.324527863556632
22927,-8.248853688481288
22928,-3.633518886952839
22929,-8.125426954166292
22930,-8.241361743644582
22931,-1.3000538978457765
22932,-1.2421016391691229
22933,-1.3896531202948497
22934,0.6194292798314516
22935,0.8046642049913055
22936,-3.198927064255075
22937,-0.999124136299516
22938,1.1497008848037338
22939,-8.413329428578411
22940,-6.9954598224582405
22941,0.7311563425375476
22942,-0.3764684384747845
22943,-8.533121049442585
22944,-8.58640061103484
22945,-8.312747651362775
22946,-8.387740711045682
22947,-8.423218848754143
22948,1.6219980173156128
22949,-8.332562460072598
22950,-1.0328935833316806
22951,-0.49217769048991844
22952,-8.432567212363683
22953,-8.233095441492718
22954,-2.968875034316149
22955,-0.7887495241463367
22956,0.5599975853487187
22957,-2.1588848486646417
22958,-8.168560743343383
22959,-0.09215750565912362
22960,-8.493809148489113
22961,-7.968154679734388
22962,-8.393223656455095
22963,-1.802419326871024
22964,-8.44416670112253
22965,1.9888283684574468
22966,2.3261230321631046
22967,-1.4734226897011542
22968,4.577912136952008
22969,-8.150830975006905
22970,-1.3918221785603857
22971,-8.591899898022044
22972,-6.290656765245456
22973,-7.8867200290454385
22974,-7.400542502224799
22975,-0.012153242468423198
22976,-8.594843280862625
22977,3.06107635283121
22978,-6.10672645858122
22979,-8.263308274113172
22980,0.3588667721869717
22981,-0.1174735048882456
22982,-8.233695740532276
22983,2.9862969658196237
22984,7.299157822391433
22985,-1.3468169976677464
22986,2.134676917747423
22987,-8.426089839535534
22988,-2.8271577459876864
22989,-1.0377551920455266
22990,2.374975957458108
22991,-3.084644655069334
22992,3.10057002109997
22993,-8.444613076166085
22994,-8.362216760237052
22995,-8.40418712467983
22996,-8.24232128942511
22997,-7.513123323590959
22998,-4.328932534690933
22999,-8.549588559813406
23000,5.242642309541365
23001,-6.3499243050358976
23002,0.8665088068218024
23003,-7.55155560522135
23004,-8.490577705968972
23005,-6.495676674332124
23006,-0.5325905371493413
23007,-8.591899898022044
23008,-5.663794488768213
23009,-8.309934255975838
23010,-7.86700791143784
23011,-8.333334214103282
23012,-8.55582822651441
23013,-1.9545821793172107
23014,-7.442531076322758
23015,-8.585867403979034
23016,-8.576149816398239
23017,-1.9408370442670546
23018,-8.387740711045682
23019,-8.063197978103862
23020,-4.77855765279757
23021,-1.374182963080032
23022,2.143522498068777
23023,-5.731270307133496
23024,-8.410225527229663
23025,-8.364017446955573
23026,-6.99818993613922
23027,-3.463020183146104
23028,-8.445393037385156
23029,-8.465545744484318
23030,-8.082424704470892
23031,-8.422901316641633
23032,-8.493809148489113
23033,-8.097366437911939
23034,-6.207989527314872
23035,-7.947157667930864
23036,-0.10160684005177778
23037,-0.34131716111003063
23038,-8.023357044005557
23039,-2.820259609597082
23040,-3.595188342775104
23041,-8.150830975006905
23042,-8.272400612473502
23043,0.8692453656803032
23044,1.94191904986272
23045,-1.071728309434711
23046,4.394738014947581
23047,-5.385080148816621
23048,3.9318604306975686
23049,0.21940986814563157
23050,-4.193645463987541
23051,3.748069967020264
23052,2.4661115886106515
23053,5.640642928050696
23054,-8.387740711045682
23055,-8.360345597872119
23056,2.825151867203721
23057,-8.089583412027812
23058,-8.390828668451224
23059,-8.426089839535534
23060,0.01824358724044517
23061,3.5308237725620613
23062,1.1685804694824422
23063,-7.899774679598333
23064,0.3978701353238286
23065,-8.465545744484318
23066,-8.362216760237052
23067,-3.418801084944489
23068,-8.469823026645226
23069,-7.751893392159001
23070,-8.209421639844155
23071,-8.3653783889085
23072,-6.545990646934749
23073,-2.2961845742022486
23074,-8.273228813585172
23075,-7.274903199047481
23076,-6.249756813872463
23077,-6.996336243250219
23078,-8.458705795623695
23079,-8.586824837218575
23080,0.682754473820154
23081,-2.8050577526547418
23082,1.3314098205744762
23083,-7.491368682961138
23084,0.6352167948277485
23085,-4.846314943298179
23086,-6.516316371321839
23087,-8.595997265589636
23088,-8.064498574934941
23089,-0.022610187044456387
23090,-8.284146266048294
23091,-8.423218848754143
23092,-4.976357831726614
23093,-6.993418258305258
23094,-4.671853732953122
23095,-5.47131134990844
23096,-8.161243312497446
23097,0.061884720469630505
23098,-4.085932956736866
23099,-8.412501933447638
23100,-7.443505306261267
23101,-4.010741955643123
23102,-6.5158342815126264
23103,1.1491032458303139
23104,-7.376685834103305
23105,-4.405670799753493
23106,-0.06995254266676443
23107,-8.549588559813406
23108,4.918485206756572
23109,-6.793374313646139
23110,-6.2851676012503
23111,-1.4597670988412248
23112,-8.152294108783996
23113,-5.638296886006668
23114,-7.794250692807251
23115,-1.1961325204846056
23116,-8.339250564673273
23117,-1.667519453541182
23118,3.1475178818676692
23119,-8.17578571869505
23120,-8.08260369451958
23121,6.820101648782858
23122,-7.884739923377562
23123,-3.3079160496407267
23124,-8.253722334939962
23125,-8.371063418107648
23126,-1.8771940818910617
23127,-2.4966467128169296
23128,0.6177738616598432
23129,-8.134563160166731
23130,-0.6749205874990774
23131,-4.195605433157164
23132,0.3247692286034484
23133,-8.364017446955573
23134,-8.327115634824484
23135,-5.940303233966096
23136,-8.013342583806706
23137,-8.480707207201245
23138,-8.192987449700972
23139,-4.575297847094034
23140,-8.493809148489113
23141,-0.7440375313759453
23142,-2.328788272859417
23143,-8.58053239060614
23144,-8.44416670112253
23145,-8.047678962277509
23146,-8.142857336141784
23147,-2.8359188374235087
23148,-0.19170790531527115
23149,-4.504718155271482
23150,-8.458705795623695
23151,-2.1658645296473877
23152,2.3679866022473695
23153,4.700362805901038
23154,1.7278549993836456
23155,-8.413329428578411
23156,-8.594843280862625
23157,-0.19976036755948545
23158,-5.790436150917131
23159,-4.886868184240099
23160,-8.130581761637531
23161,-8.371063418107648
23162,-7.563058862575616
23163,-4.83881361201759
23164,-7.218571716808829
23165,2.5352469239127613
23166,-0.619553410366263
23167,-7.63488282546558
23168,0.08194761277881368
23169,2.155384635125194
23170,-8.428196311510689
23171,-8.280755049920216
23172,-1.9429509810766028
23173,1.7597699874069561
23174,0.7167438536932551
23175,-4.7870987143064525
23176,-7.970176485095091
23177,-4.623861395471735
23178,-8.393223656455095
23179,0.7111331638745015
23180,-8.133252543602891
23181,-8.274075652334595
23182,0.6979744664403553
23183,4.965712215683258
23184,-6.834323257372279
23185,1.3476043500071848
23186,-8.38544287091087
23187,-6.253813292991416
23188,-8.119176854863282
23189,1.934848222604486
23190,0.3255638362495539
23191,-8.395929409341278
23192,-8.545433210796809
23193,-7.9274202309823405
23194,-0.31805986225284655
23195,1.6782250838835422
23196,-2.7412234759226184
23197,0.13785363726707978
23198,-5.979401350827309
23199,-8.271747189354128
23200,-7.218571716808829
23201,-8.41024414544834
23202,-1.106063954265268
23203,-3.0205211301019332
23204,-8.390494510039112
23205,1.0223614324767367
23206,-8.442488941419104
23207,-8.412501933447638
23208,-8.428119384670053
23209,-8.382897941984872
23210,0.025056311472184234
23211,-2.1047143212579766
23212,-7.61616279888895
23213,-2.885113878400479
23214,0.3224885771460144
23215,-8.58053239060614
23216,-2.1259331584930017
23217,-8.001919195001788
23218,-7.010881181156641
23219,1.029074149699384
23220,-1.7437156991077867
23221,-0.9279390143068009
23222,1.1185619962631155
23223,-7.983133694929639
23224,-8.30570902403038
23225,-1.7912879351035538
23226,-5.5108144994509605
23227,-8.387156436917303
23228,-0.12661961014958434
23229,-5.7880211961327745
23230,-0.6488484032507587
23231,2.2951314751070893
23232,-2.025842676410147
23233,-0.3478172501192862
23234,-8.387740711045682
23235,-8.423218848754143
23236,1.1460858005664836
23237,-8.475577309613257
23238,-0.8326423816098347
23239,-5.5405112494137505
23240,-7.5599433451269125
23241,4.216165127155161
23242,-8.442488941419104
23243,-6.969408522966613
23244,-2.3224750894584036
23245,4.930035296549162
23246,-8.362216760237052
23247,-8.40787389700017
23248,-8.493809148489113
23249,-8.098019736808514
23250,-5.422658485648854
23251,-8.587257896685022
23252,7.518777529960901
23253,-8.091857802814618
23254,-0.569229457953278
23255,-5.2931221029177395
23256,2.1642121925828475
23257,-0.25317368786480476
23258,-8.458705795623695
23259,3.4313263524375905
23260,-7.952406198549039
23261,-8.476687341241924
23262,-1.386161364013006
23263,-8.377052186394309
23264,-4.83290929399967
23265,3.8808710337512844
23266,-5.5025461337870665
23267,-3.9772995629391974
23268,-8.174174484754609
23269,-8.179262141833462
23270,-0.6284512967345303
23271,-2.3059667492820592
23272,0.8712572562305057
23273,-7.738755850573652
23274,-8.075610536202742
23275,-8.161627940385243
23276,-0.5535813044733869
23277,2.0144553743694313
23278,-8.442488941419104
23279,-3.2339232107792597
23280,-8.445393037385156
23281,-7.799143468180432
23282,-6.964780038075128
23283,-8.264469638082039
23284,5.599589359481644
23285,-5.454815960282071
23286,-7.6714706134720485
23287,-8.587257896685022
23288,-7.885998873167003
23289,-8.274075652334595
23290,-5.013379286345264
23291,-5.12395274324081
23292,-6.2101282308942585
23293,-0.24845188631434223
23294,-8.46633765197771
23295,-1.0268537085716318
23296,-6.49459308222105
23297,-8.476687341241924
23298,0.7887907113217698
23299,2.3270526457495797
23300,-7.688044708518948
23301,2.7922606701137047
23302,-0.07853264917474695
23303,-1.9952427389257394
23304,-8.423676543991094
23305,-8.396016804667841
23306,-8.387740711045682
23307,-8.423218848754143
23308,-7.218571716808829
23309,-2.7746068052672226
23310,-9.298913400446196e-05
23311,-8.281532135860527
23312,0.2914521542653597
23313,-7.207820075086143
23314,-0.6429191681717834
23315,-8.278709183448434
23316,-8.445393037385156
23317,-6.743350396454756
23318,-8.312604442932127
23319,-8.422901316641633
23320,-1.6629417504504116
23321,-6.126995882946201
23322,-7.389413050587975
23323,-2.610200048884674
23324,2.5924171548935853
23325,-8.274075652334595
23326,0.14136489143980369
23327,3.441629819059816
23328,-8.233110263622471
23329,-4.50558445145393
23330,-6.923005005416728
23331,-0.8613492259228375
23332,5.920856129854567
23333,-8.370235227632673
23334,-0.2467055782390526
23335,-8.253064615172535
23336,-3.524738770932377
23337,-1.7916710359825736
23338,0.35312150451241975
23339,-6.351561565845671
23340,0.788139591708407
23341,4.21792419553992
23342,-8.387740711045682
23343,-8.09147878072688
23344,-7.218571716808829
23345,-4.946177842642622
23346,-4.482530057174855
23347,-7.868495130443409
23348,-8.432567212363683
23349,-7.320640737493617
23350,-2.6999550500661407
23351,-8.412501933447638
23352,-8.25467296499058
23353,-1.3360486899507413
23354,-8.37370957383578
23355,-1.6026626989343637
23356,-8.493809148489113
23357,-5.901952244005912
23358,-8.393223656455095
23359,-8.300673662731224
23360,0.1157554912298242
23361,-8.081574317209531
23362,-8.228265604481463
23363,-3.976734830745461
23364,0.8987718130144448
23365,-8.150830975006905
23366,-7.7843111721172065
23367,-5.6505540214973875
23368,-7.696427865143917
23369,-2.0923967536588544
23370,-2.561123744846998
23371,-8.352706594667508
23372,11.155115065741102
23373,5.436586406597381
23374,2.202765070169
23375,0.8547740722882641
23376,-1.2590311496423556
23377,-8.396016804667841
23378,3.376353595094041
23379,-3.9884486323193586
23380,0.06084725219702847
23381,1.2137720725913748
23382,-8.306679457803273
23383,-8.426089839535534
23384,-8.374122280917199
23385,1.6866817040547688
23386,-8.399809118925868
23387,-0.6002251201888497
23388,-6.185133480803687
23389,-0.28218932756399706
23390,-1.0484880852003722
23391,-8.046788347842512
23392,-7.3792486203245735
23393,-8.164591975593536
23394,-6.9739128045277
23395,-8.587257896685022
23396,0.2517585966323632
23397,-1.0473941647940208
23398,-2.1564602446192813
23399,3.317003695200437
23400,3.3495523057920114
23401,0.6415628703451051
23402,-0.9229885804231279
23403,-8.454854835010455
23404,-6.7757809490416445
23405,-7.850519081726024
23406,-7.86700791143784
23407,-8.413329428578411
23408,-8.594843280862625
23409,2.881681979192188
23410,-6.484779788830788
23411,-8.597292563068892
23412,-8.541780863258294
23413,-0.9438342622571235
23414,0.5782564988885078
23415,-7.75651746418736
23416,3.8329758031592407
23417,-8.386344330346706
23418,-3.78456507733078
23419,-8.424202729205245
23420,-7.071022176481917
23421,-8.32065675988018
23422,3.1274790250468585
23423,-0.5841709361908095
23424,-8.445393037385156
23425,-8.480707207201245
23426,-8.325318616971805
23427,1.631837934562381
23428,-3.5706326084087237
23429,-7.707321148301348
23430,-8.392439327089354
23431,-8.587257896685022
23432,-7.484551193108079
23433,0.9789715560584316
23434,-8.334007066945059
23435,4.118793206286528
23436,-8.5999533901734
23437,0.011345051590802013
23438,-8.207043676708938
23439,-8.01540207948256
23440,-6.21735167606799
23441,-8.476687341241924
23442,-5.802459368397767
23443,-7.743388928737009
23444,-0.571309309476475
23445,2.056555237782083
23446,-5.707826458551525
23447,-8.055586123897703
23448,-8.572297709457573
23449,4.6623763465293155
23450,-7.55067153696928
23451,-1.4790755035098377
23452,-2.8088352816076343
23453,-7.263553856749283
23454,-6.239224246735663
23455,-6.059629646189144
23456,-8.432567212363683
23457,-8.364017446955573
23458,-8.430616815372511
23459,1.2873483786396132
23460,0.4868496753364178
23461,1.6696133761650092
23462,-8.402757172015852
23463,-1.3077593716957239
23464,-7.530424526276652
23465,-2.60238769054898
23466,-0.22190495457914888
23467,-8.574109927680542
23468,-7.927590569578298
23469,-8.00872941793447
23470,-8.334007066945059
23471,-6.996581339308894
23472,-8.5999533901734
23473,-7.516053577310913
23474,-7.050858552557782
23475,-1.0685912708852094
23476,1.8356551753033
23477,-7.44566343520388
23478,-0.6446396013169329
23479,-8.404174421980446
23480,-5.894604452215675
23481,-1.8891377054709875
23482,-8.361251867832012
23483,-8.50168043341354
23484,0.30757427709535456
23485,-2.0720118431068286
23486,-8.387740711045682
23487,-8.109274712970286
23488,-7.218571716808829
23489,-0.27868156393478916
23490,0.37309491947323625
23491,-8.426089839535534
23492,2.508106710835296
23493,-0.7075898868554087
23494,-7.215565065686257
23495,-2.5636223983975492
23496,-6.376724744774004
23497,-8.388076838061876
23498,-8.415921067384595
23499,-0.9119694997582373
23500,-7.2533205019252245
23501,-5.545983916295657
23502,-4.02351572326349
23503,-0.9585310805754037
23504,-8.213887866883882
23505,3.2593432235214532
23506,-0.6680865180095799
23507,-5.151603374135554
23508,-7.044643112485875
23509,-0.21467197164212726
23510,0.8635593842598268
23511,-8.60334568395226
23512,-8.408693374222215
23513,-1.321829761505856
23514,-1.288334863355332
23515,-8.11019189883391
23516,-3.37857013108061
23517,-7.9274202309823405
23518,-7.476535104322652
23519,-8.513093309079922
23520,-8.58640061103484
23521,-7.596474864941603
23522,-1.2942671890399582
23523,-8.423218848754143
23524,-7.218571716808829
23525,2.8960690582382744
23526,-8.394826622778734
23527,-8.426089839535534
23528,-8.432567212363683
23529,-6.4632607182417505
23530,-0.8660570666199454
23531,-8.412501933447638
23532,-8.361226920382464
23533,-8.480707207201245
23534,-4.431440615806288
23535,-8.422901316641633
23536,-8.307689606885715
23537,-7.627736286197242
23538,-8.18586215423634
23539,-2.584396895501109
23540,-8.44416670112253
23541,1.7795815174865268
23542,-1.3845358554766332
23543,-0.42342212324456385
23544,-8.60334568395226
23545,4.548970038442858
23546,-7.647547337117229
23547,-8.237546205867188
23548,-7.4060092453182085
23549,-8.192331171480635
23550,-1.3279034884444352
23551,-2.9319520013830407
23552,-0.407806923546099
23553,-7.9274202309823405
23554,-2.6505754993389488
23555,-1.441864902072012
23556,-7.617119687685278
23557,-8.396016804667841
23558,-8.27657398288382
23559,-1.4778071928451184
23560,-6.837698209706267
23561,-8.475577309613257
23562,8.262656132611832
23563,-8.292427806850325
23564,-5.789036086368045
23565,0.8600084694523941
23566,1.8422636945327489
23567,-2.4352749134317113
23568,-0.21584103842406938
23569,-8.480707207201245
23570,-0.9038951708803922
23571,-8.32511987963931
23572,-8.493809148489113
23573,6.473015722173431
23574,-5.65430764572444
23575,-8.587257896685022
23576,-2.0976497024668945
23577,-8.243864440491176
23578,0.7861878053389155
23579,-6.531455516591143
23580,-8.57097375884471
23581,-2.5512504897628925
23582,-8.280474821567015
23583,4.085171645525799
23584,-8.408693374222215
23585,0.9242665632800513
23586,3.9242264234902886
23587,-3.01388730608342
23588,-8.59766195282922
23589,-0.8662105354943115
23590,-8.410415173718944
23591,-7.6402824775591025
23592,-8.58640061103484
23593,-0.17157443164105524
23594,-8.22814323740279
23595,1.1910651651686057
23596,-7.218571716808829
23597,10.563322804306775
23598,-8.054667225009366
23599,-8.426089839535534
23600,-7.739305576097376
23601,-4.1121463436030785
23602,-8.263446590208668
23603,-7.516822257982812
23604,0.16404222776913957
23605,-8.466832525331053
23606,-8.415921067384595
23607,-0.4358413654128447
23608,-8.172975873190897
23609,-8.164591975593536
23610,-7.4151694580165
23611,-6.715437178286296
23612,-7.5408392426048145
23613,-0.7568930802101502
23614,0.5627814816768931
23615,-4.812020149079846
23616,-0.6572831335806455
23617,-8.150830975006905
23618,-8.350808364564296
23619,-8.598171792058652
23620,-8.333384446436485
23621,-6.815431887934653
23622,-2.739590073876318
23623,-8.413329428578411
23624,-6.6863086182126406
23625,-4.050235757041451
23626,-6.871497127012633
23627,-2.364942940581528
23628,-5.268229317553401
23629,-0.4730384470537856
23630,-5.834625179800916
23631,-8.191207613692434
23632,-0.0742462173185241
23633,0.0787427343118634
23634,-8.366887529352784
23635,-6.003131597227342
23636,-0.5008778725013047
23637,-0.45676400744315826
23638,-8.442488941419104
23639,-8.288446458890807
23640,-0.8641170972502921
23641,-1.3599787521191447
23642,-7.544523185810188
23643,-8.267398101701945
23644,-2.1938426690398636
23645,-6.733072459852597
23646,-0.42362802631433616
23647,-0.6986938444268733
23648,-8.431021861885462
23649,8.325975790676159
23650,-8.334007066945059
23651,-1.0811016434110536
23652,2.7411675617067317
23653,-8.150830975006905
23654,-8.411443009731727
23655,-0.16390017294290482
23656,-0.264979720249616
23657,-8.476687341241924
23658,-2.595621074036136
23659,-1.0810716414951829
23660,-8.321173636015274
23661,-2.0471540954023055
23662,3.152729642682205
23663,2.557540444222765
23664,-3.0235531894204883
23665,-0.9225165472443227
23666,-7.574661493632344
23667,3.945158459738046
23668,18.62362419158154
23669,-0.5830588251083239
23670,0.22011796398754502
23671,2.0329082865623054
23672,-5.855217625960682
23673,2.641809619196865
23674,-8.425470894869969
23675,-2.7833017276087206
23676,2.663924911054433
23677,-8.480707207201245
23678,-8.390259741233683
23679,-3.2881261663209482
23680,-8.493809148489113
23681,2.710928659534545
23682,-0.058036186012553115
23683,-0.37613088909967307
23684,-8.44416670112253
23685,-8.274075652334595
23686,-0.8080657683915646
23687,-1.5621749277415746
23688,-8.063316254246693
23689,-8.150830975006905
23690,-0.7416496646105339
23691,3.187071500921268
23692,-1.526163653646492
23693,-0.13644587855507395
23694,-3.114908612346988
23695,0.17752742115107445
23696,-8.070506229671487
23697,-6.044185902461903
23698,1.1948822852065724
23699,-6.796782698962228
23700,-8.450299927810734
23701,7.210679415870052
23702,-7.631797191081703
23703,-8.423218848754143
23704,-6.8505047457146375
23705,-8.475577309613257
23706,-1.5252272607669575
23707,-8.20873875515255
23708,2.4519521905266397
23709,2.759333301900958
23710,0.19880032203391185
23711,-8.412501933447638
23712,-8.33522421703603
23713,-8.481922737147563
23714,-8.606613559702534
23715,1.9259773165631686
23716,-8.46296770762903
23717,0.8029624045450543
23718,-3.213709770874114
23719,-7.905759186470554
23720,-1.83434197834106
23721,-1.1090051525229954
23722,0.5227837981993534
23723,0.8265014686931831
23724,-8.61041098481721
23725,-8.150830975006905
23726,-3.7877165970016278
23727,-8.409490161231139
23728,-8.168116325676865
23729,-7.709993269119538
23730,-4.769197011945925
23731,-7.598903968616765
23732,0.6731907263023177
23733,-6.0915983894609855
23734,-7.456152751144462
23735,-1.068076075273954
23736,2.245624461818313
23737,-0.6239890829244772
23738,-8.387740711045682
23739,-8.236287899910252
23740,-2.0171551955528213
23741,-8.450138936957927
23742,-7.37503472306253
23743,-0.5169952344336771
23744,-7.652015139257229
23745,-7.328653969522132
23746,2.801271015016084
23747,-8.208147113101468
23748,-8.445393037385156
23749,-0.42723952872024573
23750,-8.60334568395226
23751,-8.422901316641633
23752,1.1094697718804816
23753,-7.849115201451979
23754,-8.393223656455095
23755,-0.3604929195316122
23756,-2.008451358336159
23757,-8.274075652334595
23758,-8.334007066945059
23759,-4.498296747896108
23760,-1.160298551418219
23761,-0.25293025470999186
23762,-7.134920121769902
23763,-2.189284860212669
23764,2.502058005044916
23765,1.2653515834856284
23766,-4.710398464325888
23767,-8.413329428578411
23768,-5.543429499701139
23769,1.2622501770491226
23770,-8.410415173718944
23771,-8.432172895902957
23772,-8.52440817287242
23773,-1.1470122187672476
23774,-2.2122570828898
23775,-1.2470110284708493
23776,3.4624130940076636
23777,-7.507049209321271
23778,-8.321829913257268
23779,-3.3384280407713622
23780,-8.432567212363683
23781,2.1071949337033296
23782,-7.422217830103848
23783,-8.400120764493554
23784,-8.40534431743029
23785,-8.330587142249751
23786,-8.60334568395226
23787,-8.34573849313233
23788,-8.493809148489113
23789,-8.164591975593536
23790,-8.393223656455095
23791,-0.4754360228822937
23792,-8.44416670112253
23793,-4.733505041024566
23794,-8.28672148430083
23795,-0.8262163004584357
23796,1.203666432238317
23797,-7.051470790872344
23798,4.6686220627122275
23799,-1.1352093305241477
23800,-8.408693374222215
23801,-3.1005071572713847
23802,-7.86700791143784
23803,-8.413329428578411
23804,0.21254962830460322
23805,3.1928422717052003
23806,-3.925299074946093
23807,-8.597292563068892
23808,-8.522422467048184
23809,-5.607967575694585
23810,-8.201331388430368
23811,-6.284453654294136
23812,-7.218571716808829
23813,0.821525244454544
23814,-8.347263314495315
23815,0.14527566754096066
23816,-8.401610720640846
23817,-7.842801623849571
23818,-8.442488941419104
23819,-7.218235692007503
23820,-6.6521193277846535
23821,-8.481922737147563
23822,1.1520864940391178
23823,-8.422901316641633
23824,-1.5199121718837896
23825,-0.013533061185089235
23826,0.40521052868356566
23827,0.8105862297653312
23828,-8.44416670112253
23829,-7.577479228433998
23830,-0.36518469452174135
23831,-4.677535887728851
23832,-8.24113190287155
23833,-4.869631153284448
23834,-8.42005526705772
23835,-8.5999533901734
23836,-7.388891171954948
23837,0.18710646175281376
23838,1.5105967763347148
23839,-1.0315281058949917
23840,-8.586816454800829
23841,1.219919212148708
23842,-6.402684687399662
23843,-2.966250611464606
23844,0.3076214190765345
23845,-8.396016804667841
23846,0.015639726804862475
23847,-0.22293945454696162
23848,-7.218571716808829
23849,-7.5470435295593825
23850,-8.394826622778734
23851,-1.486762219794989
23852,0.6166287518215312
23853,-8.365191007611674
23854,-8.229015794488049
23855,3.515511485073316
23856,-8.445393037385156
23857,-8.481922737147563
23858,-8.60334568395226
23859,-5.81611947584292
23860,-2.6710322211717337
23861,-8.164591975593536
23862,-8.393223656455095
23863,-8.55647312965751
23864,-8.267119865218772
23865,-7.956333273527925
23866,-7.452613773153665
23867,-4.29437196863341
23868,-1.738805989774598
23869,0.7124661431271604
23870,-3.0190383672634766
23871,1.0176539110158696
23872,-0.23411585236518717
23873,-1.124986827159248
23874,-3.900771425426492
23875,1.1726177543442202
23876,-8.478564409687728
23877,-1.0010880545232177
23878,0.3820486591180339
23879,-8.281343389108658
23880,-8.497778618792054
23881,-6.832785125560796
23882,-7.867131500496352
23883,-7.584749008382575
23884,-7.218571716808829
23885,1.0556393120015113
23886,-8.390749274237644
23887,-7.84453677170654
23888,0.6152526935700241
23889,0.20590704499394408
23890,1.9535011131330464
23891,-8.412501933447638
23892,-7.8809346431109875
23893,-8.37186625758687
23894,1.8135265922467028
23895,-8.24981902797173
23896,-0.277526307824835
23897,-2.4301815867169445
23898,-0.33439492065218823
23899,-0.38688134103151717
23900,-1.230983483574718
23901,0.6036630208858993
23902,-8.233922000843128
23903,-5.704962364069016
23904,-6.153353136429309
23905,-6.135841176352665
23906,2.8776607807313823
23907,2.346800188918665
23908,-8.295814716467936
23909,0.2561814625173222
23910,-2.620840414588535
23911,-6.419181230714382
23912,-7.069409530834479
23913,2.342770174165925
23914,-7.552528738408559
23915,-2.149923600506862
23916,2.3495871320363
23917,-8.396016804667841
23918,-8.387740711045682
23919,-8.423218848754143
23920,-6.809158370272419
23921,-0.4241545051647573
23922,4.385803846092978
23923,-5.936783266754019
23924,-8.425439712269664
23925,0.7588589381727043
23926,0.2146349978933717
23927,-8.304829252305014
23928,-8.298314350216334
23929,-8.440189009360022
23930,-8.439990158774362
23931,1.1453758300640196
23932,-8.390835844721343
23933,-5.455614632375362
23934,-7.155217974588548
23935,0.2706316001600553
23936,-6.009213723770349
23937,-1.1626408317011407
23938,0.5642930967536609
23939,-7.55155560522135
23940,-8.61041098481721
23941,-7.236700001857214
23942,-8.286298758074633
23943,-8.5999533901734
23944,-7.648356174379851
23945,-1.0521876922984434
23946,0.9866685936993493
23947,-1.9314056851363939
23948,-8.591329867285141
23949,-0.0092986989619106
23950,-5.352489724559648
23951,-8.055658579246916
23952,-8.553930682677809
23953,-0.5971024780129213
23954,-8.387740711045682
23955,-8.423218848754143
23956,-1.089337100060773
23957,-1.9366394207878448
23958,-2.606963071453583
23959,-8.426089839535534
23960,-7.5613807485094515
23961,-8.365346359721235
23962,-8.426752554686114
23963,-8.412501933447638
23964,-1.154404106350251
23965,-1.3000716675248027
23966,-7.090298446950778
23967,1.4280040672683918
23968,-1.3021461329917772
23969,-8.164591975593536
23970,-3.626304042179895
23971,-7.083224679661263
23972,-7.711801636523129
23973,-8.183128237179002
23974,-3.0778588147357464
23975,-2.621094265799096
23976,-8.61041098481721
23977,-0.4836439234596054
23978,-4.396690257565928
23979,-8.5999533901734
23980,-4.2340917483864535
23981,-5.501347728248826
23982,-0.4912974092546618
23983,-8.413329428578411
23984,-8.30353934312991
23985,6.542256231515495
23986,-5.0965332908647145
23987,-8.597292563068892
23988,2.5364327118280343
23989,-4.91051906020697
23990,-7.637355102445035
23991,-8.278422491303672
23992,-7.218571716808829
23993,-7.107012199951854
23994,-1.484985702554471
23995,-8.275340669292769
23996,-4.652320826828918
23997,-3.471329689966786
23998,-8.4070403589835
23999,-8.412501933447638
24000,4.504775389992039
24001,-8.430626194616792
24002,-8.179229837749014
24003,3.029726800450674
24004,-6.356280868480841
24005,3.401580077377785
24006,-8.393223656455095
24007,-7.772593063555061
24008,-8.278340873216433
24009,-7.740680097068954
24010,-1.0939037579699775
24011,-7.548151049900173
24012,-8.571012640830665
24013,-6.649842398509644
24014,4.225263181381321
24015,-7.9671898966042525
24016,-5.631770321604671
24017,-6.247881956365924
24018,-1.3150216571018007
24019,-8.244256322952465
24020,2.202479631188565
24021,9.754025519017848
24022,0.5933537934449346
24023,-5.576323194635952
24024,-0.4650937370494904
24025,-8.396016804667841
24026,-6.211815493845404
24027,-7.77057519724987
24028,-5.575511116579811
24029,-7.949273567033566
24030,-0.1685063807826006
24031,-8.463161685435669
24032,-5.265016911793536
24033,1.4350915101959199
24034,1.8696267775061033
24035,4.449792472752195
24036,-8.375902171078554
24037,-8.481922737147563
24038,-4.236217929597579
24039,-7.8942683986065045
24040,-2.8684522242375508
24041,-8.164591975593536
24042,2.1148590605555753
24043,-7.222634874426942
24044,-4.747723058049172
24045,-5.17771166322213
24046,-8.629181988409078
24047,-7.55155560522135
24048,-6.972526571245141
24049,-8.150830975006905
24050,-8.447081639046633
24051,-8.603882114423993
24052,-1.5210227808167651
24053,-4.904431458354937
24054,-2.257124557351615
24055,-4.515767214978691
24056,-2.5618104447689714
24057,-6.267945373887872
24058,-3.0947009770302314
24059,-6.466523280028888
24060,-8.58640061103484
24061,-8.396016804667841
24062,-4.7540985683199555
24063,1.9163565872462631
24064,-2.7270245211943314
24065,-4.40137039403404
24066,1.2282749347462645
24067,-7.899292210456407
24068,-8.434962037130116
24069,-4.726037992242371
24070,-0.28211796150518287
24071,-0.4476325737316795
24072,-8.285002363594732
24073,-8.541519871069568
24074,-8.364231524577797
24075,3.450452940615909
24076,-1.599234816805919
24077,-8.164591975593536
24078,0.09395704800486593
24079,-8.2731622933175
24080,0.6739852334664442
24081,-8.191690218173495
24082,-2.1592350789316344
24083,4.399677400506544
24084,-8.562869191178311
24085,-2.411644418469532
24086,-8.066341165688735
24087,-8.546941002489108
24088,-8.408693374222215
24089,-8.414591000975369
24090,-5.619386936741496
24091,-8.170063811452696
24092,-8.313755626864129
24093,2.7311684395372886
24094,-7.941260536265848
24095,-7.938627780448568
24096,-8.473343886943441
24097,-8.352780246296627
24098,-7.79313329988542
24099,2.1829652002043254
24100,-2.207352388676423
24101,1.2747118458760411
24102,3.604730784480033
24103,-8.470588195097037
24104,-6.870344104671533
24105,-8.35800117821749
24106,-8.264189678180658
24107,-0.27742769037624937
24108,0.3814907512614803
24109,8.0740819252131
24110,-8.60334568395226
24111,-0.04616031973925944
24112,-8.467736830648972
24113,6.9023604799780935
24114,-8.393223656455095
24115,-8.587257896685022
24116,-6.226118212265862
24117,2.449280498453321
24118,-8.534249495178416
24119,1.5010574904773684
24120,-8.448949283423842
24121,-3.733647842027237
24122,-8.46633765197771
24123,-2.9919147526397034
24124,0.15885800072611012
24125,-4.456180464741597
24126,-7.86700791143784
24127,-8.417346895649883
24128,-8.575169901044132
24129,-5.284121458610567
24130,-8.410415173718944
24131,-8.600708381464177
24132,-3.779635732554127
24133,-4.294416414610994
24134,-8.263155856550789
24135,-8.423218848754143
24136,-7.218571716808829
24137,-0.3442642844931709
24138,-7.737045913075544
24139,-0.9350281773630177
24140,-1.9483657861519212
24141,8.35684642032491
24142,-7.125744472064134
24143,-8.135850544547937
24144,-8.445393037385156
24145,-8.541519871069568
24146,-8.60334568395226
24147,-8.422901316641633
24148,-5.753278641929488
24149,-8.164591975593536
24150,-1.8610946038404501
24151,-8.587257896685022
24152,-0.0646558579723493
24153,1.5511591298059584
24154,1.2210954976101553
24155,-2.8193332208370157
24156,0.9148507931227229
24157,-1.4216280729004764
24158,-1.711785900677383
24159,-8.589359504323674
24160,-8.408693374222215
24161,-3.275596777633412
24162,-7.86700791143784
24163,3.3851276687559677
24164,1.290903250150837
24165,2.3280249918757367
24166,0.4865913984794045
24167,-1.246448396859642
24168,2.950514969278071
24169,2.6624386216831537
24170,-1.5762195932114842
24171,-8.251383231747585
24172,-1.5482843492139546
24173,-7.988136046209708
24174,-8.394826622778734
24175,-8.408784603445792
24176,-7.598959018390002
24177,-4.619280925210662
24178,-8.442488941419104
24179,-8.240467854458965
24180,-8.225308245826318
24181,-8.541519871069568
24182,-7.779797188557036
24183,-0.10614751328441574
24184,-6.6962803147782
24185,0.907107805689618
24186,-2.351614087053706
24187,-4.160622422578989
24188,-7.98637794569464
24189,-6.588106324247641
24190,-1.9135093822996612
24191,0.3730748980456585
24192,1.087965571743337
24193,-2.730461401483307
24194,1.9667954512167953
24195,-0.04417220791121579
24196,-7.340706983248117
24197,-8.476687341241924
24198,3.399015327078735
24199,2.327776198710973
24200,-3.77653002877615
24201,-5.778731951064721
24202,-8.410415173718944
24203,-3.5299340753236725
24204,1.6567634316563895
24205,-0.31962122228972945
24206,-2.223197701861481
24207,-8.423218848754143
24208,-2.5413520902524303
24209,-7.63905847594214
24210,-6.957532969404934
24211,-8.471705035249785
24212,-8.434962037130116
24213,-5.533808153607904
24214,-4.957720298566753
24215,-8.27224933862583
24216,-8.445393037385156
24217,-8.541519871069568
24218,-5.641844744104189
24219,0.10437828775024127
24220,-6.229049915025129
24221,1.036483781742934
24222,-4.5680473171050835
24223,0.1778218852452479
24224,-8.327462140638888
24225,-7.130352209750752
24226,-8.490634269434926
24227,-6.875275762858657
24228,-8.523862515886238
24229,-5.642422535740808
24230,-8.366343777747955
24231,-8.603882114423993
24232,-8.339512824710445
24233,-8.46174513832148
24234,3.031509728274688
24235,-8.227975793059844
24236,-5.9194073425558305
24237,-7.9274202309823405
24238,-6.971628624849229
24239,-7.029251223937424
24240,-4.445393640903113
24241,-8.396016804667841
24242,-7.5959793702395855
24243,-8.235311271577402
24244,-1.735361087569127
24245,-8.028844819524796
24246,-0.9412557473866265
24247,-6.925875898504178
24248,-8.434962037130116
24249,-8.365346359721235
24250,-8.442488941419104
24251,7.736655624679885
24252,-8.445393037385156
24253,0.06022127915992681
24254,-6.689885018689298
24255,-2.1185162905110904
24256,-8.43286702583017
24257,-7.181697126788179
24258,-7.537477880424806
24259,-3.5676665931424685
24260,-8.44416670112253
24261,-0.2873518489827944
24262,-8.193531716546154
24263,-7.55155560522135
24264,-1.3077814742641163
24265,3.9091925090260844
24266,-8.46633765197771
24267,-8.430802849853627
24268,-6.279673987801475
24269,-8.41152753718384
24270,1.33578721771906
24271,0.04967655731370488
24272,0.4588660226277619
24273,-1.5254142344057267
24274,-2.4856540245013736
24275,-1.4910945938675015
24276,-8.372422148929074
24277,1.6928092288512158
24278,-8.387740711045682
24279,-5.232564688393081
24280,4.684008786975092
24281,-8.475577309613257
24282,3.113766725750776
24283,-1.4022748611557447
24284,-8.354509378907476
24285,2.4962435498839692
24286,-8.034441720318402
24287,1.280161966951888
24288,-4.526296432698988
24289,-8.506249414236757
24290,1.0558977407492398
24291,-8.417055694581471
24292,1.1903661738322666
24293,0.3348622391172833
24294,-7.63833891007898
24295,-8.587257896685022
24296,-7.987876199445199
24297,2.3235506988526353
24298,2.694989481880402
24299,5.136445248526638
24300,-4.413905503909336
24301,-8.150830975006905
24302,-1.56168309697267
24303,-8.376124836061948
24304,-2.0984177424893558
24305,-8.476687341241924
24306,-0.05919281435945889
24307,-8.417346895649883
24308,-8.59766195282922
24309,5.416514985504358
24310,5.261321428505203
24311,-8.595905336916084
24312,1.4054198092606063
24313,-8.396016804667841
24314,-7.355231305747077
24315,-8.423218848754143
24316,-2.4185164685234017
24317,-3.5823202280287476
24318,-8.394826622778734
24319,-8.420393101852863
24320,-7.266951402881266
24321,-8.365346359721235
24322,-8.442488941419104
24323,-8.412501933447638
24324,-8.445393037385156
24325,-2.1484356606938566
24326,-0.4409915910076522
24327,0.5147477130404077
24328,-7.705282916130085
24329,-7.696004885686907
24330,0.1306675544377478
24331,-8.577428290981198
24332,-8.087821129358797
24333,-0.8188623040376234
24334,-7.769178187320239
24335,-3.095898238931623
24336,-7.494348843512924
24337,2.9163934648174807
24338,-7.343698040738536
24339,-8.603882114423993
24340,-2.9513131790370672
24341,-8.476687341241924
24342,-7.748363274985416
24343,-8.042018362793895
24344,-6.331268428065094
24345,-6.2718383258763595
24346,0.2548300527543258
24347,-8.583881891374112
24348,-7.527983899665241
24349,0.17602066988255616
24350,-8.260826083234766
24351,-6.137952374173043
24352,-7.218571716808829
24353,-1.7154013786590756
24354,-8.32713805271606
24355,-4.893315429622634
24356,-7.885998273221862
24357,-8.365346359721235
24358,-8.323119153876737
24359,0.5427147889412273
24360,-8.445393037385156
24361,-0.8294300877940607
24362,-8.61383276848961
24363,-8.383784494188403
24364,-8.331389928827067
24365,2.307009493351305
24366,-8.393223656455095
24367,-8.587257896685022
24368,-8.44416670112253
24369,-4.575713297942352
24370,-8.391704952664796
24371,-3.7305714957187677
24372,0.2562152538930258
24373,-6.695086810550812
24374,-8.099659223623298
24375,-8.549625182217474
24376,-8.408693374222215
24377,-8.476687341241924
24378,-5.606291811338683
24379,0.2842697040403732
24380,-8.55701340175762
24381,-7.9274202309823405
24382,-8.410415173718944
24383,-8.092928980969647
24384,-8.58640061103484
24385,2.0415293136022696
24386,-1.7725348206782687
24387,-8.343490683568657
24388,0.9340833443769947
24389,-8.475577309613257
24390,0.4093091386936668
24391,-1.3455429014229499
24392,-8.311611088526805
24393,3.442280728482088
24394,-8.297605758355022
24395,-1.315708458291363
24396,-8.378960266122505
24397,-8.541519871069568
24398,-0.06305358265300556
24399,-6.066955575999659
24400,-8.493809148489113
24401,-8.181811847674899
24402,-7.993419777077906
24403,-8.582767327279992
24404,-7.226860733624369
24405,2.1270374447001745
24406,-8.582263272911092
24407,-7.55155560522135
24408,0.508173715981052
24409,-4.210871457408622
24410,-8.40791237132375
24411,-7.635297490625891
24412,-8.152435618338211
24413,-8.357819435930802
24414,1.887680503955151
24415,2.9307618228923475
24416,-8.287076425134785
24417,-5.992373431281051
24418,1.0076773743468026
24419,-5.235351988528995
24420,-8.532649731272459
24421,-3.334468764626797
24422,-7.807197349326527
24423,-8.282152429884988
24424,-1.8241695884301663
24425,-8.475577309613257
24426,-8.199429948562488
24427,-7.598183867284071
24428,-8.121667538824811
24429,-0.9591667510765494
24430,-7.115921636319026
24431,-1.192573414182836
24432,-8.445393037385156
24433,1.024421945755651
24434,-8.61383276848961
24435,-8.10705498835671
24436,-8.493809148489113
24437,4.344685711492799
24438,-4.203380001151189
24439,3.7765589233757817
24440,-8.333590372818568
24441,-7.618822907601638
24442,-8.61041098481721
24443,-1.2396587406294275
24444,-8.627543151679385
24445,-6.050561961775545
24446,-1.5269665229048803
24447,-8.312817845589173
24448,-8.408693374222215
24449,-7.729176178146023
24450,-7.86700791143784
24451,0.06772193514184893
24452,-3.370617410687248
24453,1.3841704428398511
24454,-7.480881320406924
24455,-8.600708381464177
24456,-3.6417434574629857
24457,1.061103981253389
24458,-2.3987921256266933
24459,-8.375405013683393
24460,11.086557356034536
24461,-6.44637097822945
24462,-8.394826622778734
24463,-1.8553631488060947
24464,-7.150579514616766
24465,6.685315777589702
24466,-0.4141838100874905
24467,2.7486089948380084
24468,-6.7260163152569765
24469,-1.4892693431754247
24470,-8.508462164906799
24471,-8.422901316641633
24472,-0.40924527657689036
24473,-0.5448540628804822
24474,-8.399440613754118
24475,-8.549821953672328
24476,-8.136400951978874
24477,0.15623549017238014
24478,0.6900417794200798
24479,-2.2086046233430014
24480,-0.40267634796449076
24481,1.9405533714679795
24482,-8.32886288388589
24483,-8.603882114423993
24484,2.474481319678887
24485,0.05728168839275627
24486,-7.869880633282145
24487,-8.351120001499718
24488,-4.06186748603982
24489,-6.20676203393907
24490,-7.859022033986865
24491,-4.786473127292693
24492,-4.8525564109206165
24493,-4.950517627249614
24494,-8.256638830707395
24495,-1.4395714417818677
24496,1.8475875106701265
24497,-1.8421127782358515
24498,-8.394826622778734
24499,-1.313652812557255
24500,-1.369856404507423
24501,-0.1733792790849603
24502,0.8935509310294071
24503,-0.6191581618927043
24504,-8.294308085197462
24505,0.5957043009347376
24506,-8.61383276848961
24507,-0.8818972152118995
24508,-6.929704040276672
24509,-7.771601334648971
24510,0.5512320107342745
24511,-8.362687252957954
24512,-7.8994202133691
24513,-8.230541051246327
24514,-0.12265493009829143
24515,-3.112675133063807
24516,-8.13597655473989
24517,-3.378316262989484
24518,-8.46633765197771
24519,-2.131818778171684
24520,-8.156228730551284
24521,-7.834649816227412
24522,-7.869880633282145
24523,3.381651618010765
24524,-8.54238833595056
24525,-5.316151415488269
24526,-8.217462653555375
24527,4.108899529626896
24528,-8.54149317249314
24529,-0.5093739261052902
24530,-8.387740711045682
24531,-8.41066121084561
24532,-2.1872847602447543
24533,-0.7494579106878043
24534,0.727387870577824
24535,-8.471705035249785
24536,-8.434962037130116
24537,-8.365346359721235
24538,0.6939707435889078
24539,-8.293219479995338
24540,-8.231995875394105
24541,0.050018740046286564
24542,-8.61383276848961
24543,-8.400249329480229
24544,-7.831318167284929
24545,-1.5114602780799096
24546,-8.399440613754118
24547,-8.570847348286456
24548,-8.44416670112253
24549,-8.274075652334595
24550,-2.3121598883333645
24551,-1.4631193106209102
24552,-8.629181988409078
24553,-8.150830975006905
24554,-1.9311480269007486
24555,-7.672721507375047
24556,-7.823905870871161
24557,1.3535936252991196
24558,-4.860513270455205
24559,-8.356096825928622
24560,-0.1520222350303908
24561,-7.247136587524322
24562,-3.578695316082158
24563,-1.383947483475757
24564,-8.425387264672171
24565,-8.396016804667841
24566,-7.376461580216776
24567,-2.1814490070060475
24568,-1.1749856251510926
24569,-8.475577309613257
24570,-3.4741135801849437
24571,0.45672759826419296
24572,-3.2965451967979567
24573,1.0916409783900205
24574,-5.312665242900059
24575,0.15229109529848972
24576,-8.199764141916203
24577,-7.9476869224057864
24578,-8.61383276848961
24579,2.645573879276422
24580,-1.671755723362302
24581,-8.181811847674899
24582,5.828477966186927
24583,0.07277076647281183
24584,-8.365979743482537
24585,-8.274075652334595
24586,2.939157648034519
24587,-5.227017385674635
24588,-8.330658265503109
24589,-8.150830975006905
24590,-8.46633765197771
24591,-8.603882114423993
24592,-1.9246222898812324
24593,-0.06364419339275551
24594,-2.361207758517193
24595,-8.360961201252579
24596,-8.590836953945098
24597,-2.4002041726331615
24598,-1.3214606763665229
24599,2.6559079682202316
24600,-7.215689711238362
24601,2.221315540602722
24602,-8.196850279835578
24603,-8.423218848754143
24604,-7.218571716808829
24605,-7.7770483515594115
24606,-8.257692078401497
24607,-8.030521733853009
24608,0.2540146436680012
24609,7.68916078127754
24610,-8.32721271815452
24611,-7.301931964933407
24612,1.1559305200418801
24613,-8.41694471427101
24614,-8.605228598540766
24615,-8.159097721102983
24616,-2.241453941748377
24617,2.0399563163979466
24618,5.930585853683953
24619,-8.187857385276011
24620,-8.266081606176048
24621,-8.274075652334595
24622,-8.61041098481721
24623,-0.684016385626425
24624,-2.031290979878806
24625,-8.150830975006905
24626,-2.141221206771148
24627,-6.515191444275406
24628,-5.631277823645186
24629,-7.832939380600686
24630,-5.359824311379617
24631,-8.449360093310242
24632,-1.3704296421579496
24633,6.3829671567367186
24634,-8.378967880086588
24635,-7.469990583101557
24636,-0.4968117311445028
24637,8.178052890017884
24638,-7.324230762356654
24639,-8.41464726682542
24640,10.918710079427264
24641,-8.357703147247658
24642,3.7038152954272734
24643,-0.04293990175485529
24644,-8.434962037130116
24645,-1.2670444780546735
24646,2.0900510945745707
24647,1.0381417218181017
24648,-5.492669813178513
24649,-8.419763435667418
24650,-8.615415440793516
24651,1.0539783233645406
24652,-8.149013235703267
24653,-4.033450915837892
24654,-8.399440613754118
24655,-8.347535535730088
24656,-8.202995301533337
24657,-8.274075652334595
24658,-8.343298100894042
24659,-4.463750697293433
24660,-0.2534080649129915
24661,4.7692162662733315
24662,-0.4070810343405685
24663,-8.609171054532574
24664,-2.0861520064843524
24665,-2.5965994987365635
24666,-0.0024435779694800264
24667,-8.350872188517608
24668,-4.995910726851868
24669,1.5018164100588511
24670,-5.522496573242628
24671,0.7370424515196691
24672,-8.58640061103484
24673,0.7275604932180855
24674,-7.209205031767487
24675,0.9996186647081373
24676,-1.007343839823619
24677,-8.22975051071066
24678,2.5429927182319063
24679,-0.29175479255369335
24680,-8.47345035823395
24681,-1.063675539956189
24682,-8.402827856550841
24683,4.094121616489463
24684,-8.253116619049232
24685,-8.504017150160038
24686,0.8541331768941149
24687,-8.363934960425752
24688,-8.493809148489113
24689,-8.385215283331307
24690,-8.361158491598253
24691,0.7017254627153162
24692,-8.103806921199002
24693,0.8294082041343742
24694,-1.785034234784793
24695,0.46445087191451784
24696,-2.8829741626267054
24697,0.11847030659636634
24698,-8.369698049633953
24699,-3.6526915255212895
24700,-6.786666892484628
24701,-0.22899234522074918
24702,4.119882004260019
24703,-3.569156288446422
24704,-8.554231750238925
24705,-7.9274202309823405
24706,-8.411820703354982
24707,-5.663438366155598
24708,-8.58640061103484
24709,6.053758197099075
24710,-6.14843902849555
24711,-8.341219161656364
24712,-4.969937959865211
24713,-7.759768082369692
24714,0.4924725005207744
24715,-8.255719632845821
24716,-8.47345035823395
24717,2.932051619359358
24718,-8.396095352211864
24719,3.2589666805366297
24720,-8.267757323753296
24721,-8.53388840874919
24722,-8.612540615379977
24723,-4.432085466090598
24724,-8.493809148489113
24725,0.16239631208583072
24726,0.33509186808127
24727,-8.558595423897591
24728,0.7821302052471253
24729,-8.274075652334595
24730,-8.637791341972019
24731,-7.55155560522135
24732,-0.6960663483033618
24733,-6.360090604097785
24734,-0.8613824890628574
24735,6.011800917039399
24736,0.9212732294239928
24737,-0.8218814259708873
24738,-7.869880633282145
24739,1.4025042579047147
24740,-8.500255545604425
24741,0.8798795880122023
24742,-3.631322395382621
24743,2.1992978273907937
24744,-8.58640061103484
24745,-6.198383274345174
24746,-8.387740711045682
24747,-7.084432654696071
24748,-7.218571716808829
24749,-8.48671805699241
24750,-3.1015210366335553
24751,-8.471705035249785
24752,-8.338343706895236
24753,-0.023519420049258333
24754,-8.442488941419104
24755,-7.8470811893077865
24756,-8.322746570609503
24757,2.377077072103636
24758,-1.2402709537202914
24759,-8.342686434282939
24760,-8.493809148489113
24761,-8.385215283331307
24762,-7.649597547755857
24763,-8.590360387930343
24764,-4.08704479620501
24765,-4.686323354002094
24766,-7.111036620521014
24767,-3.930818364226161
24768,-4.274381551804892
24769,0.7310170289363369
24770,5.685514002232586
24771,-1.8121914151364766
24772,-4.044754171378184
24773,-7.955259741570929
24774,-7.9062139806627805
24775,-8.133802850397101
24776,5.441660261946696
24777,-4.385663588334132
24778,-8.121308951664536
24779,-8.600708381464177
24780,-8.551125307672757
24781,-0.3752524097389843
24782,-7.430323336742391
24783,-8.423218848754143
24784,-1.7247025976043755
24785,-8.485582919201999
24786,-8.162706656878893
24787,-8.466863468601064
24788,-3.225867439497331
24789,5.8702633640903725
24790,-8.425779493807426
24791,-7.931925692632916
24792,-8.316824183086545
24793,-8.541519871069568
24794,-5.686861003657718
24795,-8.063741010154557
24796,1.415098479325042
24797,-8.385215283331307
24798,1.2974528228056887
24799,-8.590360387930343
24800,-8.00479879961184
24801,2.4118213873380556
24802,-8.629181988409078
24803,-7.55155560522135
24804,-8.427933546010712
24805,-8.150830975006905
24806,1.9738944988985692
24807,-7.639670820074559
24808,-8.408693374222215
24809,-8.476687341241924
24810,-5.167772274892976
24811,-8.385876622931782
24812,-8.59766195282922
24813,3.6793039624432193
24814,0.35682624603082286
24815,-4.395515435792872
24816,0.5704187210576908
24817,-8.298675930700217
24818,-4.065372653915774
24819,-8.301829041976967
24820,-0.3141621773583736
24821,-8.501259372028747
24822,0.4917646231027805
24823,-8.473022620068125
24824,1.4569663100498826
24825,5.287928548984054
24826,-8.442488941419104
24827,-2.0675219233215385
24828,-8.286497039939018
24829,-8.60866610909383
24830,-8.615415440793516
24831,-8.309819447967353
24832,-6.912897894875672
24833,-5.9174490200220715
24834,-6.557944553987891
24835,-8.176321487338871
24836,-8.44416670112253
24837,-0.5552032540364227
24838,-7.617231116470217
24839,-1.9402191324496334
24840,0.09461945680341224
24841,-0.3259111327393074
24842,-1.5200171165440581
24843,-8.112522321813216
24844,-6.272095740046736
24845,4.362646670545502
24846,1.2159572516037038
24847,-8.33752978158937
24848,-8.484516954440785
24849,-7.927511199150606
24850,-0.7299409313258347
24851,-4.559774323311476
24852,3.1557684132955144
24853,2.8212580697525205
24854,-7.832668369912841
24855,-0.8011134017020403
24856,-7.218571716808829
24857,1.521242203389938
24858,-7.7689974392010175
24859,-8.465160624076272
24860,-8.493124396358779
24861,6.430541193182578
24862,-7.991166546621298
24863,-2.645277069025391
24864,-6.533326815465994
24865,-1.044721340825878
24866,-8.609687708227337
24867,-8.422901316641633
24868,-8.493809148489113
24869,-3.713976271552307
24870,-7.020818991145001
24871,-6.389385830083603
24872,-6.10806774847909
24873,-8.274075652334595
24874,5.011491039560863
24875,-5.815375607146539
24876,-6.580070902096167
24877,-5.538767228496198
24878,0.11814597907799618
24879,-8.537573772632992
24880,-8.390236348836407
24881,-8.394028166301363
24882,-7.9062139806627805
24883,-8.449360093310242
24884,0.6226680378417306
24885,-0.46097283052257687
24886,-0.6900863798124479
24887,-1.1961532232609287
24888,2.794889447735914
24889,-8.336944905037962
24890,-7.216630963568544
24891,-8.024942777558273
24892,1.9072180849397846
24893,-7.977993769657027
24894,-6.119797106536107
24895,-8.473022620068125
24896,-0.19038977698678083
24897,-1.8028016712020187
24898,-1.7577055668422819
24899,-6.90380953702732
24900,-8.31739824469712
24901,7.072694089043351
24902,0.6929744842037537
24903,0.7877575950379617
24904,-8.493809148489113
24905,5.014813814033079
24906,-5.18523029804561
24907,-8.339385077191054
24908,-8.305917647550107
24909,-6.69541085276646
24910,-1.6583370190285667
24911,0.4156165381066732
24912,-8.637791341972019
24913,-5.817917905282073
24914,-0.3753558222735114
24915,-8.606420900469455
24916,-8.593173218827193
24917,-8.476687341241924
24918,1.3495475205668341
24919,-8.31176609693316
24920,-8.520164358847445
24921,-1.9218521193893927
24922,1.1676837509756397
24923,-4.974286540002986
24924,-8.4963696612121
24925,3.689287116940053
24926,-4.483407011257272
24927,-8.290921823781366
24928,15.370134562955357
24929,1.9064700592386714
24930,-8.083088466662874
24931,-8.473022620068125
24932,-8.351205041979137
24933,-3.3210368070847074
24934,-8.183412390354906
24935,-6.645293813177188
24936,-8.033177515486038
24937,-8.226516253011585
24938,-0.17903660688512935
24939,-0.7097909294912508
24940,-7.810107986512248
24941,-8.073673739570062
24942,2.419945841328845
24943,-0.9818532359387044
24944,-3.0637268886696445
24945,-5.043846762047529
24946,-8.629181988409078
24947,-1.056866582660739
24948,-8.57381307387163
24949,-5.191022884860605
24950,-3.034126238002399
24951,-2.12077842150137
24952,-8.524476259540327
24953,-6.856227124420461
24954,0.3143407123429859
24955,-8.15093170718279
24956,-8.59766195282922
24957,-0.816929889192719
24958,-4.355763333784818
24959,-8.600708381464177
24960,-5.549778003388731
24961,-8.396016804667841
24962,-8.210147339314958
24963,5.796405215080281
24964,-4.407228298832091
24965,14.553477112037104
24966,-0.25808155679906686
24967,4.645599113250778
24968,-8.407344572981424
24969,-8.365346359721235
24970,-4.566272791039147
24971,-8.135062506502301
24972,-8.360157271635316
24973,-8.60866610909383
24974,-7.073098317657894
24975,-0.44132800449491677
24976,-8.475645275395827
24977,-8.385215283331307
24978,-8.157180234235751
24979,4.639268557542746
24980,-8.395398101293036
24981,-8.274075652334595
24982,-8.625200506300088
24983,-7.988451178712827
24984,-0.8595378580896287
24985,-8.150830975006905
24986,-6.3003451883240595
24987,3.4343131173460817
24988,-8.593173218827193
24989,-8.47483640035566
24990,0.6988977034043553
24991,-1.0042596941283521
24992,-8.259288586022903
24993,-7.927511199150606
24994,-0.22648000643036403
24995,-2.6668773986872685
24996,-8.58640061103484
24997,-7.789276966374828
24998,-5.834150705743495
24999,-5.528298369020839
25000,-2.049236097071461
25001,-8.501259372028747
25002,-8.394826622778734
25003,-8.473022620068125
25004,-8.493124396358779
25005,-5.246292088170154
25006,-8.442488941419104
25007,-0.9226452547756843
25008,4.294025174696337
25009,0.16193595880864858
25010,-8.615415440793516
25011,-8.418282043787878
25012,-7.968320762411523
25013,-8.406161433124263
25014,-5.416875555370711
25015,-8.55939112390324
25016,0.07384118391519645
25017,-7.392069928941888
25018,-5.153475083394731
25019,-1.5721080344579135
25020,-8.637791341972019
25021,-8.150830975006905
25022,-8.46633765197771
25023,-8.55267790002614
25024,-5.981750739904865
25025,-7.843483802680609
25026,-7.9062139806627805
25027,-1.03211898972107
25028,-8.37399775350461
25029,0.1370078497806071
25030,9.794201893223914
25031,-8.376631410690525
25032,1.6128077038784292
25033,3.403952458818764
25034,-7.88267181703244
25035,-8.412105997911734
25036,-1.0736137404661912
25037,-8.503281981497247
25038,0.7965808321048891
25039,-8.473022620068125
25040,-8.480540365669363
25041,-8.365346359721235
25042,-8.439873350420092
25043,-8.412501933447638
25044,-7.894739937788708
25045,-8.39580145266326
25046,-1.3368978538263168
25047,-8.347423935640416
25048,1.2422542156910676
25049,-3.5492088555937285
25050,-0.390890589610493
25051,-6.169393097233625
25052,-0.10284712761561243
25053,4.690829093064542
25054,-8.600946366966541
25055,1.6645984889075751
25056,0.13328781029374837
25057,-6.1100546040090915
25058,-8.161971913455613
25059,-8.16227264393979
25060,5.009652736698591
25061,-8.476687341241924
25062,1.2290668645942402
25063,-8.435361935151757
25064,-1.884706611553319
25065,8.83889972396991
25066,-8.411820703354982
25067,-8.600708381464177
25068,-8.527825403170384
25069,0.8475842210530822
25070,5.070368208575517
25071,-8.423218848754143
25072,4.004734911353629
25073,-8.379606762273081
25074,-3.7096143324402497
25075,-8.473022620068125
25076,-8.493124396358779
25077,0.9977594867773001
25078,-6.754155632695715
25079,-8.412501933447638
25080,-8.276919802127063
25081,-8.60866610909383
25082,0.6645505904909639
25083,3.1920571208165818
25084,-8.50641880406481
25085,-8.40666778658129
25086,-7.366270614939725
25087,-0.7572288161455651
25088,-8.268659919455702
25089,-7.650817355422222
25090,-0.1803405304293363
25091,-7.988451178712827
25092,-0.13540455001827878
25093,-5.616944084602171
25094,-7.473398445535196
25095,-8.609171054532574
25096,-1.5061832905486185
25097,-4.2440607664441945
25098,-0.5014217819485367
25099,1.287240833762316
25100,-4.117828372858842
25101,-7.927511199150606
25102,-1.8088215082985175
25103,-7.6577116676474155
25104,-8.58640061103484
25105,-7.113728247039448
25106,-7.548791801716543
25107,1.059856925924612
25108,-1.1663956879856672
25109,-8.479213505326213
25110,0.24529470608543402
25111,-8.473022620068125
25112,-0.57860341906356
25113,-1.492489780967884
25114,-4.51185575431807
25115,-7.959239688896707
25116,-8.445393037385156
25117,-0.7795568332494313
25118,-2.606574376599518
25119,-8.334876785150843
25120,-6.615450920615785
25121,-7.040463468001207
25122,-8.399440613754118
25123,-8.590360387930343
25124,-8.44416670112253
25125,-8.274075652334595
25126,-5.21319712513693
25127,-7.988451178712827
25128,-7.761320605186949
25129,-8.150830975006905
25130,-8.46633765197771
25131,-8.609171054532574
25132,-8.586215893862022
25133,-8.476687341241924
25134,-7.9062139806627805
25135,-2.1606458896440763
25136,-8.385136899090144
25137,4.141202690048225
25138,-8.411820703354982
25139,-6.933645082453362
25140,-8.58640061103484
25141,-1.6501887683946015
25142,-8.387740711045682
25143,-0.17240383335203258
25144,-1.203364833475681
25145,-8.503281981497247
25146,0.385409211766118
25147,1.130795026685812
25148,-7.6857449970827965
25149,-6.4956535545327085
25150,1.3664542924049365
25151,-1.0242706833148039
25152,-1.1228197983708126
25153,-8.60866610909383
25154,2.719745364042994
25155,-8.422901316641633
25156,-1.157879830879312
25157,-8.297785214795313
25158,3.7058179907679913
25159,-8.266803007779725
25160,-7.994798714836355
25161,4.62985159370095
25162,-6.312579204854176
25163,-0.5295200979452633
25164,-8.62209757001509
25165,-7.273981147239914
25166,-1.277288801594505
25167,2.913277821204515
25168,-8.593173218827193
25169,-0.5740400423856475
25170,-7.579174141723559
25171,-7.67419973757246
25172,-8.601735939493988
25173,5.114863327038517
25174,-8.411820703354982
25175,-8.38037968372847
25176,-8.451451027965645
25177,-8.396016804667841
25178,-8.280977210438243
25179,-8.423218848754143
25180,11.358724589898117
25181,-7.9732751962176796
25182,2.380690953440766
25183,-7.631960808236708
25184,-8.114270032861247
25185,2.7553070778811426
25186,-0.6412610567242822
25187,-8.412501933447638
25188,-5.473718253471846
25189,-1.1269259275161578
25190,-8.615415440793516
25191,-8.422901316641633
25192,-1.7222876539584202
25193,-8.424211932938702
25194,-6.894048649540623
25195,-8.566792444437677
25196,-0.5295204229079342
25197,-7.60241426256533
25198,-4.761842070115613
25199,-2.790013663819007
25200,-8.607595948340599
25201,2.9246614562845625
25202,-8.256743132349467
25203,-0.5658387136643942
25204,-8.604945526629205
25205,0.7428308308358267
25206,0.19249991593997517
25207,-2.6460595579218515
25208,-8.601735939493988
25209,3.3051825355977043
25210,-8.380532868657724
25211,-8.600708381464177
25212,-3.765052159484545
25213,-4.057221334884668
25214,-6.346537762115193
25215,-8.423218848754143
25216,-0.44224920962795844
25217,-8.479036293318408
25218,-8.394826622778734
25219,-8.154292519493096
25220,-8.493124396358779
25221,-7.720550059559528
25222,-8.442488941419104
25223,-4.447744415088653
25224,-7.926642171553141
25225,-8.601133674169288
25226,-8.548668756960586
25227,14.998866797207
25228,0.3460574066546269
25229,-5.304125192166714
25230,-8.399440613754118
25231,-8.452113981499616
25232,-8.44416670112253
25233,-7.521266173713142
25234,-8.629181988409078
25235,-2.3826596147978414
25236,-0.37261606761460786
25237,3.0289387184175602
25238,-7.636504287335591
25239,-8.609171054532574
25240,-5.202291854454893
25241,-8.32556520218447
25242,1.0516905704886452
25243,-1.052646685367944
25244,-8.601735939493988
25245,-5.841117645083621
25246,-4.764435819879589
25247,-6.411940241782451
25248,-8.52299431307823
25249,-5.863019245058324
25250,-8.387740711045682
25251,-8.226643239037314
25252,-0.08191520595271928
25253,-0.7771968494487557
25254,-8.099371856428064
25255,-7.8886575140306805
25256,-4.4591557397158255
25257,-0.32282630043421773
25258,-8.343227280965552
25259,-8.389822578536503
25260,1.8131502823389385
25261,-8.477269216158899
25262,-8.460803960772871
25263,-8.422901316641633
25264,-8.499988649187198
25265,-0.021026803673533045
25266,-8.399440613754118
25267,-8.47100943678589
25268,-8.126616093190231
25269,-7.133973996836526
25270,-2.559368446434756
25271,-4.651790749579974
25272,2.67973912972453
25273,-0.8698865550026614
25274,-7.850217679328244
25275,-8.609171054532574
25276,-8.604945526629205
25277,-8.302717553038827
25278,-2.2818271670142023
25279,-8.449360093310242
25280,-8.590466027704954
25281,-6.41722123211743
25282,-7.643490089925028
25283,0.02073416867409339
25284,-1.516984624506513
25285,-8.396016804667841
25286,-6.609556074202075
25287,-8.423218848754143
25288,-4.77797028957138
25289,0.04784321263508895
25290,-6.5659684466472
25291,-8.472162019243077
25292,-8.493124396358779
25293,0.7220071227881353
25294,-0.33550509136121687
25295,0.9651515751849801
25296,-8.445393037385156
25297,-1.3631377453558375
25298,-8.368426751660246
25299,4.182980114021257
25300,-8.50641880406481
25301,0.28514355297335636
25302,-2.502308654812709
25303,1.9836038189165195
25304,-8.44416670112253
25305,-4.212923819650397
25306,2.691533479527689
25307,-7.988451178712827
25308,-1.2210060046234823
25309,-7.438978437249515
25310,-8.46633765197771
25311,1.1419739900042574
25312,-8.337707408565583
25313,-8.33447773637052
25314,-0.7217380665267268
25315,-1.176438713767212
25316,-8.601735939493988
25317,-0.32134448258843384
25318,-7.29497711066051
25319,-4.425710080193859
25320,-6.76161705678705
25321,-0.9759979025867738
25322,-8.368400079369758
25323,4.169669531042764
25324,-7.218571716808829
25325,-1.2945938858555723
25326,-7.616425017306981
25327,-8.473022620068125
25328,-8.531591890313361
25329,-0.4211861923383907
25330,-8.255203264497252
25331,-8.412501933447638
25332,-8.351958260603489
25333,-7.831446188643744
25334,-0.9847911884846217
25335,2.204681285199963
25336,-2.2927399573898617
25337,-2.537864234360937
25338,0.9917114382840425
25339,1.4631291744999135
25340,-8.014490684142437
25341,4.6014068964317065
25342,0.4821748542401405
25343,1.7547004154554187
25344,-8.637791341972019
25345,-7.67167948180377
25346,-8.33975256866223
25347,-8.456495961701629
25348,0.7746012177478194
25349,-8.134146783391838
25350,5.643104315638971
25351,-7.682853453102558
25352,-8.479052854805557
25353,8.137182099146775
25354,-0.6012507116701009
25355,-1.6577678371818998
25356,-8.583155209105442
25357,1.0701987735105438
25358,-5.685400200519736
25359,-8.326580357041818
25360,-7.218571716808829
25361,-8.503281981497247
25362,0.5863056589884472
25363,-3.7251329003331994
25364,2.713903686026858
25365,-8.365346359721235
25366,-8.313404437881392
25367,-8.412501933447638
25368,-0.1080878882790155
25369,-8.60866610909383
25370,-8.615415440793516
25371,-8.422901316641633
25372,-8.462124627099065
25373,-6.293586329515764
25374,-8.124533654062752
25375,-8.579877210604833
25376,-7.766923216560562
25377,-8.359093564327921
25378,-8.595744747956891
25379,-0.9658088613115767
25380,-8.474076019563372
25381,-0.2673866664260389
25382,-8.46633765197771
25383,-8.279534787622097
25384,-8.604945526629205
25385,-1.306746779851656
25386,-7.9062139806627805
25387,-8.405399587032411
25388,-8.601735939493988
25389,6.1727588854384035
25390,-2.367398051552695
25391,-8.598993256359458
25392,0.5585804474362942
25393,5.797225435669612
25394,-1.3356184797535582
25395,-8.134927083398441
25396,2.2975048097965813
25397,-8.503699319599653
25398,-8.081863414047456
25399,-8.282761137612809
25400,-8.507190099488488
25401,-8.338809583294964
25402,-8.27082092188776
25403,1.9749368533256066
25404,-8.445393037385156
25405,-4.541215374618334
25406,-7.065340523118071
25407,-8.338120409766272
25408,1.6827068773309632
25409,-7.9214961726285384
25410,-5.04762217430137
25411,-8.590360387930343
25412,0.505508816252222
25413,-6.435074980914933
25414,1.4263746199957608
25415,-0.6494453898714971
25416,-8.637791341972019
25417,-8.150830975006905
25418,-8.422420422380773
25419,-8.60984129719767
25420,-8.604945526629205
25421,-0.8174506137699962
25422,-1.1598035005418577
25423,-8.449360093310242
25424,-7.988102906793216
25425,2.380517851267652
25426,0.4089018934959814
25427,-4.888241051966962
25428,-2.8741121665796006
25429,-1.058140825401485
25430,-1.1898874784234426
25431,-8.362431479127707
25432,1.459564131523281
25433,-8.432698992643232
25434,-8.308703538940344
25435,-8.35831747463811
25436,-8.105185963930333
25437,1.0290618269943939
25438,-8.442488941419104
25439,4.37135819753248
25440,-8.090573372965771
25441,-7.715533962346533
25442,-3.657195199308008
25443,-8.422901316641633
25444,0.6864624523311007
25445,-8.309925090541574
25446,-5.226050846680697
25447,-8.590360387930343
25448,-8.395121995319968
25449,-8.402803863664397
25450,8.744058102485653
25451,-0.9429561081757538
25452,-5.305181370514962
25453,-8.150830975006905
25454,7.003648112259015
25455,5.290987543041259
25456,-8.612178159115006
25457,-0.9824796404028242
25458,-1.3761891160736826
25459,-7.3019585900518145
25460,0.9349270046570312
25461,-7.337825912906528
25462,-7.409592215332654
25463,-8.300097508386832
25464,-6.181092479852806
25465,-0.32658905086567325
25466,0.791390778867165
25467,-8.423218848754143
25468,-3.921668403114521
25469,-8.503699319599653
25470,-4.661111794852975
25471,-8.276855049404032
25472,-8.531591890313361
25473,-5.942364005725115
25474,-8.315058241910982
25475,1.6932246989252384
25476,-8.339491313853767
25477,-8.598328020000848
25478,-7.208108658740377
25479,-7.979944632994291
25480,1.3581001851813368
25481,-8.37881998367424
25482,-8.261885768277704
25483,-8.590360387930343
25484,-8.40434138272885
25485,-3.1440173803469813
25486,-6.987938996781025
25487,-1.1343497698410743
25488,-0.7515266361702451
25489,-8.39252598822002
25490,-0.1314616922331313
25491,2.757784684084276
25492,2.228036689675049
25493,-4.511146483054928
25494,-1.331441625695195
25495,-1.4410836851428346
25496,-6.969078279556571
25497,1.6464871783858837
25498,-4.48214139244849
25499,-8.50231001849046
25500,-8.463916738688724
25501,2.6149672356285096
25502,-8.387740711045682
25503,-8.423218848754143
25504,-6.237867647768381
25505,-8.503699319599653
25506,-0.7736360586413971
25507,-8.436366212039555
25508,-8.528464341514093
25509,-8.365346359721235
25510,-8.371537695928543
25511,-8.31460594204213
25512,-8.445393037385156
25513,-8.588346389170775
25514,-5.179850885740311
25515,0.8682759823049734
25516,-7.937477870520623
25517,-8.319162773395597
25518,-8.399440613754118
25519,-0.4842172548069336
25520,-3.1645205850479154
25521,-8.402803863664397
25522,-7.238042598422207
25523,0.27588459971383017
25524,0.011576439942366346
25525,-8.490676836037089
25526,-8.46633765197771
25527,-7.771325192334353
25528,-8.612178159115006
25529,-8.026326637029682
25530,0.2943177431373738
25531,-3.468326689339852
25532,-8.532544849900788
25533,-7.270945068191518
25534,-6.5375825408508925
25535,-8.600708381464177
25536,-8.58640061103484
25537,-4.460928197486262
25538,-8.387740711045682
25539,-7.657425963919264
25540,-1.8817460030863595
25541,-8.054870449645472
25542,-2.300714042256504
25543,-5.291175616245925
25544,-8.531591890313361
25545,-7.479135843903835
25546,-6.162512665943986
25547,-8.412501933447638
25548,-8.445393037385156
25549,-8.590825677318092
25550,-8.615415440793516
25551,-8.324576280714087
25552,-7.90885058905635
25553,-8.424211932938702
25554,-8.348286406910345
25555,-8.590360387930343
25556,-2.339904568124001
25557,0.7266642295628327
25558,-8.54493298524478
25559,-3.166765601540275
25560,0.787463421721692
25561,-8.490676836037089
25562,-1.5498005671931825
25563,-0.4333869669541395
25564,-8.637710976011586
25565,-5.270293526353484
25566,-1.5275724281945005
25567,-8.415029608307545
25568,-8.605735758806642
25569,-4.361341438174872
25570,-6.8483272364418415
25571,-8.592871292695557
25572,-8.480684947943242
25573,-0.50541954761201
25574,0.24326536331059745
25575,3.465558461851276
25576,-4.151593113210417
25577,-3.3290789085122605
25578,-8.394826622778734
25579,-8.511206857610196
25580,-8.531591890313361
25581,1.8374387073923937
25582,-8.190711099285808
25583,-8.218119850608659
25584,-8.445393037385156
25585,2.022903805358264
25586,-4.732979760207448
25587,-8.422901316641633
25588,-8.31291106233924
25589,2.8869756618985782
25590,-4.418051964762586
25591,-8.64924018631606
25592,-0.5385865898326242
25593,-8.204529732947877
25594,-8.629181988409078
25595,-0.8409501179338035
25596,-7.553482390489418
25597,-6.7284197440753974
25598,0.8745128695171197
25599,-0.8796148515113793
25600,0.9183701367896311
25601,-7.1276253796327484
25602,-7.287255953357275
25603,-5.719190248176512
25604,4.422875509407248
25605,-7.920289189352884
25606,-8.409070808864517
25607,-6.115969318492059
25608,-4.652577995485279
25609,-4.358191375564369
25610,-7.796744815681547
25611,-8.423218848754143
25612,-5.978302783000809
25613,-1.2096499754412433
25614,-8.25910764522113
25615,-8.511206857610196
25616,-8.507237333180965
25617,-8.366049522753716
25618,3.8278974825606182
25619,-8.26419789023369
25620,-8.105310294436563
25621,5.252292354718022
25622,-7.422995193911434
25623,-8.209410017627173
25624,-5.305419165337103
25625,-8.424211932938702
25626,2.5591485239427776
25627,-5.7405022141813795
25628,-8.44416670112253
25629,-3.134132816483949
25630,-2.939759519151018
25631,-5.694816235677792
25632,-8.64924018631606
25633,-5.4895038664228135
25634,-8.23839900815305
25635,-8.60984129719767
25636,-0.9848192137974454
25637,-7.787216752897981
25638,-2.2954353214454897
25639,-8.378425805739342
25640,4.401815605966648
25641,-8.422555232067497
25642,-2.855249123618226
25643,-8.609942925362125
25644,-7.323579843355231
25645,-8.29957701895004
25646,-5.9906779171587985
25647,-0.16245678111158512
25648,-6.18336475331054
25649,1.6048955075761002
25650,-8.350923836740419
25651,-8.332358622304996
25652,4.831925897614694
25653,-8.441285163765432
25654,-6.873821687941626
25655,-8.133411097468917
25656,-8.201358472205191
25657,-8.60866610909383
25658,-8.597215716174773
25659,-8.117722492722754
25660,-8.396399742819153
25661,-8.400774586955635
25662,-8.399440613754118
25663,-8.576713992738743
25664,2.7512473435960625
25665,-7.923676828823076
25666,-8.021619227690575
25667,-3.016602646779486
25668,-8.449061171853561
25669,-8.463643152566636
25670,-8.307621879953176
25671,-0.19836432452090635
25672,-8.637710976011586
25673,-8.427011345416553
25674,-2.71700130014504
25675,-8.449360093310242
25676,1.2667611071735916
25677,-8.157485965445371
25678,-8.426500455435985
25679,-8.613499890950408
25680,-8.585509021026178
25681,-1.243847810348456
25682,-8.387740711045682
25683,4.977122541704084
25684,-6.422653632118168
25685,-8.31801767008437
25686,-0.12117715666525719
25687,-3.7929812634961264
25688,-8.481876823927774
25689,-8.441285163765432
25690,-6.517346263171287
25691,-8.412501933447638
25692,-8.340808518371341
25693,-3.576712716150227
25694,-7.888902420649698
25695,-8.422901316641633
25696,-8.49171945215962
25697,-6.54447905028255
25698,-6.912210738263029
25699,-8.508439024120452
25700,-8.44416670112253
25701,-2.8478725337276796
25702,-7.442838185174228
25703,0.8242858471439201
25704,-8.268191041396916
25705,-8.474648801088213
25706,4.0861717965644
25707,-7.324251760522003
25708,-8.37752262893331
25709,-8.329255561344203
25710,-1.4221752383649702
25711,-7.614117194093798
25712,5.393361307542856
25713,-8.019035200931107
25714,-3.1736865239342746
25715,-8.387773352664654
25716,6.407505130187657
25717,6.471117437508924
25718,-7.5436245986074235
25719,-0.23511815249242551
25720,8.959668810786244
25721,-7.37808297551917
25722,-8.426396837124898
25723,-8.511206857610196
25724,-8.492477414070017
25725,7.268143685320155
25726,-1.9031783696881255
25727,-8.301344875525787
25728,-8.08067655590498
25729,-1.0405072240300712
25730,-3.1879278444304493
25731,-2.2996970726367345
25732,-8.50641880406481
25733,-8.423368422290094
25734,0.40232463025694365
25735,-8.580540684981043
25736,-7.88984451571494
25737,2.5252514483390414
25738,-8.629181988409078
25739,-3.0347549667539075
25740,-1.6665164773487082
25741,-8.490676836037089
25742,0.013971417915026763
25743,-1.497890034802932
25744,-4.014475636249609
25745,-8.470736370938042
25746,3.470871563473009
25747,-1.9825657549464695
25748,-7.9005759958265545
25749,-1.675886771071759
25750,-1.262701237555624
25751,3.893729125579248
25752,-8.54469938140184
25753,-8.396016804667841
25754,-8.325951647328278
25755,-8.423218848754143
25756,1.403815413869876
25757,3.9448436716868436
25758,-1.7766964956963356
25759,-8.554821765600702
25760,-8.531591890313361
25761,1.647764276564664
25762,-8.442488941419104
25763,-8.330173796345893
25764,-7.725036446590681
25765,-0.7826594337078059
25766,1.4629006510613956
25767,-8.422901316641633
25768,-8.24309263925515
25769,-8.161998938428118
25770,-5.099995162133025
25771,-8.270499544370647
25772,-8.44416670112253
25773,-2.943259430870035
25774,-4.519760068727215
25775,-3.0558535007385585
25776,-8.64924018631606
25777,-1.065936421942376
25778,-8.405704344085516
25779,-7.459651422294219
25780,-2.840371613296618
25781,-8.476687341241924
25782,0.914518185941746
25783,-8.449360093310242
25784,-8.605735758806642
25785,-8.267291402284249
25786,-8.426500455435985
25787,-8.613499890950408
25788,3.789498839163049
25789,-0.44014877717077006
25790,-8.387740711045682
25791,-7.289688267252874
25792,-6.7099675829183925
25793,-2.324847001501552
25794,-8.394451312145105
25795,1.086711895104909
25796,-8.531591890313361
25797,-0.19298446798426122
25798,-8.442488941419104
25799,-8.412501933447638
25800,-8.264293926178686
25801,-6.768383245981037
25802,-8.322753151571177
25803,-8.422901316641633
25804,-4.169982854900152
25805,-0.8649377212428555
25806,-0.7109566938070244
25807,-6.620895716472187
25808,-8.195720980743822
25809,-3.276216290917723
25810,-0.2941747225495232
25811,-2.5101051424291385
25812,-0.7040450888210759
25813,-8.490676836037089
25814,-8.46633765197771
25815,-8.60984129719767
25816,-8.637710976011586
25817,-8.431259284084005
25818,-3.127769924544713
25819,-8.449360093310242
25820,-8.605735758806642
25821,-7.1046444497694425
25822,-8.392679387085984
25823,-0.7384810991912101
25824,-8.59827831439139
25825,1.4687002574405181
25826,-8.387740711045682
25827,-8.423218848754143
25828,-7.218571716808829
25829,-8.503699319599653
25830,-5.975648503949167
25831,-0.3914685956662659
25832,-8.341996947858508
25833,-6.334968282746043
25834,-8.442488941419104
25835,-4.846761285103633
25836,1.2851550824099975
25837,-8.60866610909383
25838,-6.45922115727763
25839,-7.507757291730452
25840,-6.7865631180083525
25841,3.0011691474879143
25842,-8.399440613754118
25843,-1.1005904840688014
25844,-8.132651254874036
25845,-8.36136373254531
25846,-8.397688257607786
25847,-4.5571199840651415
25848,-8.547563966621631
25849,1.3548044058194049
25850,1.6852968837937445
25851,-1.38343853809958
25852,-8.62932389284355
25853,-7.641292608537153
25854,-1.6013772682156175
25855,-8.447674477730247
25856,-6.704883398566461
25857,-8.422555232067497
25858,-7.40020183406435
25859,0.8748812756366091
25860,-8.571539489326923
25861,-8.502639002547193
25862,-6.981692016640662
25863,-8.282489523049522
25864,-2.9618291205972307
25865,1.5582337024007855
25866,-8.095605062853808
25867,-1.1700218119982133
25868,-8.531591890313361
25869,-1.4385443477129118
25870,-8.4014941158132
25871,-8.08921764398988
25872,-3.1092318805390353
25873,-8.60866610909383
25874,-8.611501397218461
25875,-8.3522635266481
25876,-8.50641880406481
25877,-8.315792689614423
25878,3.8289799735308567
25879,-8.637791341972019
25880,3.5690987277222344
25881,-0.012641787444324093
25882,-8.629181988409078
25883,-1.9672267433009152
25884,-7.999060165336011
25885,-3.088723615219851
25886,2.5212792730226554
25887,-8.609572668275574
25888,4.77167289972771
25889,-8.476687341241924
25890,-7.9062139806627805
25891,-8.446142272143033
25892,-8.605735758806642
25893,-8.40048560850154
25894,-8.426500455435985
25895,-8.598473642444194
25896,-8.52099419314436
25897,1.7324148059059097
25898,-6.923320856561468
25899,-1.9254189695618045
25900,-0.1645612943211996
25901,-1.5042882465253757
25902,-7.4844848300676405
25903,-8.5500162112164
25904,-8.52694132589619
25905,-5.6515833170384
25906,-8.268006607528807
25907,1.075474180449196
25908,-8.445393037385156
25909,-8.607338307434079
25910,2.735580622888534
25911,-8.19784156788207
25912,0.16336652672447852
25913,3.1415742608260975
25914,-1.8690878870077943
25915,1.688069568673358
25916,-8.004614315194097
25917,-0.9274902036030603
25918,-8.620773065381659
25919,-6.715445476177375
25920,-8.336535974164248
25921,-8.490676836037089
25922,-8.46633765197771
25923,-8.41998347243905
25924,-8.620208052450781
25925,-8.178010685029216
25926,0.3834843225549567
25927,-8.331600368170033
25928,-8.594525230224994
25929,-8.431855286445886
25930,-8.426500455435985
25931,-8.613499890950408
25932,-3.1215787238286405
25933,0.062398118961391025
25934,-8.289751545550265
25935,-7.028129876061505
25936,-4.030710626854177
25937,-0.558728074927755
25938,-7.878013427631798
25939,3.551856786298803
25940,-8.531591890313361
25941,-0.45550668056469934
25942,-7.396970997434199
25943,-8.412501933447638
25944,-8.445393037385156
25945,1.364646692590881
25946,-8.615415440793516
25947,-0.09030274670197391
25948,-8.098257073463547
25949,-8.424211932938702
25950,-1.7504812720991492
25951,-8.637791341972019
25952,-0.4812528904450102
25953,-8.332893124674435
25954,-7.042742083357417
25955,-7.988451178712827
25956,-8.626478661463644
25957,0.584044626369006
25958,-8.435413466007484
25959,-0.7173597007611989
25960,-0.6056147123638294
25961,-6.71444773821768
25962,-7.000193727038843
25963,-8.401741841943211
25964,-3.1493155385824907
25965,-7.58952764760544
25966,-1.5872984990926196
25967,-1.2533340077641206
25968,-8.59827831439139
25969,3.1016263897988963
25970,-8.387740711045682
25971,-8.252360277809576
25972,-1.8667050445635507
25973,-6.7526933931083155
25974,-8.378508815656849
25975,0.885797092555325
25976,-8.531591890313361
25977,2.1999470238437997
25978,-7.998946579446397
25979,-8.370091029480038
25980,-8.445393037385156
25981,-7.89899856992116
25982,-8.42550916835646
25983,-8.473136150863036
25984,0.43263964153398615
25985,-5.332622749205645
25986,0.49490836789690107
25987,-0.1836200430988737
25988,0.28410431497792077
25989,-8.402803863664397
25990,-8.285852425096648
25991,-2.7575067380194866
25992,-8.64924018631606
25993,-6.5122607469538725
25994,-1.0121581483959194
25995,-8.607618717162245
25996,-8.6380528704221
25997,0.6476314330998689
25998,-6.0564647230436455
25999,-8.363893108739656
26000,-8.4772536003797
26001,-7.879240158263601
26002,-8.426500455435985
26003,-3.3590532600411036
26004,-1.3904813226278123
26005,2.912637981848115
26006,-6.630771482888779
26007,-8.423218848754143
26008,1.376541090688829
26009,-7.936995394664303
26010,-7.781515363358725
26011,-0.8549724082073491
26012,-8.531591890313361
26013,-0.2613792838884742
26014,-8.356540733021601
26015,-8.442478452996754
26016,-6.589120575881877
26017,-8.60866610909383
26018,-8.599574094181419
26019,-8.473136150863036
26020,-8.25892513241806
26021,-7.268194288457131
26022,-5.047444874210785
26023,-8.628258261820212
26024,-8.292271397132577
26025,-8.352395559670073
26026,-8.638591833056775
26027,-7.988451178712827
26028,-6.783909006904356
26029,1.640676835575077
26030,0.8744186851594633
26031,-8.214085689584765
26032,-8.6380528704221
26033,-0.29288959968476425
26034,-7.9062139806627805
26035,-8.375329638797137
26036,-8.618357044369867
26037,-8.3010733384658
26038,-8.426500455435985
26039,-0.5681208820707004
26040,-7.841697122661081
26041,-8.502639002547193
26042,-8.149378961837037
26043,0.9141129915474107
26044,-4.312506517735194
26045,-4.6004279607895855
26046,-7.858389497002244
26047,-0.6651151638984016
26048,0.9487025545270537
26049,-8.45381856864176
26050,-1.2766695342869108
26051,-2.2532229109400603
26052,-8.196582794126687
26053,-0.25343632610076816
26054,-7.324664534989809
26055,-8.391547420304079
26056,-8.50641880406481
26057,-8.424211932938702
26058,-6.414482200576784
26059,-4.442086433921837
26060,-8.197002809624388
26061,-8.239914779960403
26062,-8.63789361866816
26063,1.9501591798572748
26064,-8.57644967131276
26065,-8.253734140189971
26066,2.007272680375586
26067,-8.55242878320493
26068,-8.590421743968509
26069,-6.709883425825858
26070,4.855860165426846
26071,-8.449360093310242
26072,-8.415731896619938
26073,-8.431855286445886
26074,-8.152027714539996
26075,-8.195294837696856
26076,-8.59827831439139
26077,-0.5873524198206006
26078,-8.376144443262644
26079,-8.423218848754143
26080,-0.11308023228585684
26081,-7.912997554228942
26082,-5.968302060004466
26083,-5.767430599275801
26084,-6.623145266093801
26085,3.5398184976331706
26086,-7.6346785353305595
26087,-7.84841134533085
26088,-8.342660860779082
26089,14.343953020943353
26090,-8.554934677954558
26091,-6.937006091864742
26092,1.6294741495954355
26093,-8.369009264416137
26094,-6.396037177542545
26095,-7.334555423414552
26096,6.971041824673868
26097,-8.402803863664397
26098,-8.638591833056775
26099,2.085046682938178
26100,-8.343537930212827
26101,-8.449953029906347
26102,-8.359145111220744
26103,-8.322353227599256
26104,-8.632526157982666
26105,-8.476687341241924
26106,-1.6026371222416171
26107,-8.354858570537766
26108,-8.495096769673639
26109,-8.431855286445886
26110,-6.967276787422076
26111,-8.04277026298894
26112,-8.59827831439139
26113,-2.024471271251752
26114,-7.5657127030678435
26115,-7.442433629867328
26116,-4.256119874462456
26117,-8.109034963229178
26118,-7.995271219693767
26119,-8.554821765600702
26120,-8.459839835674813
26121,1.9453840926092985
26122,-8.442488941419104
26123,-0.41254123011108956
26124,-8.26148586954571
26125,-8.60866610909383
26126,-6.722187581962196
26127,-4.1466273651089
26128,-7.922079474264341
26129,-1.7862988451014061
26130,-4.923790272921265
26131,-4.490418943052081
26132,-8.310553425255979
26133,-2.9628373281434053
26134,-1.940186970806457
26135,4.377007895359128
26136,-3.293076400944674
26137,-8.384057059903014
26138,5.884622711526443
26139,-8.60984129719767
26140,-8.6380528704221
26141,-8.476687341241924
26142,-1.1318665173491071
26143,-2.9915583347878916
26144,-8.520871845752039
26145,1.0487414941001627
26146,-8.379574598614747
26147,-8.455804566239463
26148,-8.59827831439139
26149,1.8952261583848464
26150,-0.3052255314322134
26151,-8.423218848754143
26152,2.284836870889446
26153,-5.867464431129195
26154,-8.425950549066366
26155,-8.554821765600702
26156,-8.531591890313361
26157,5.4384659549513295
26158,-0.21806615307537291
26159,-8.442478452996754
26160,-8.180294269606799
26161,-4.125210290925557
26162,1.073500039225564
26163,-8.640445003443299
26164,-8.421306014843953
26165,-7.785199041246991
26166,3.8129076021664985
26167,-0.16949921483458003
26168,-5.752593052747244
26169,-8.402803863664397
26170,-6.480283075128895
26171,-7.988451178712827
26172,-8.094206392700467
26173,-0.788059806243179
26174,0.5944626058452531
26175,-7.037745543521103
26176,-8.594869367859676
26177,-5.533840509474788
26178,-1.886833928817938
26179,-8.40211893018754
26180,1.7895103458921333
26181,-8.184545278362277
26182,-8.426500455435985
26183,-8.45973514831796
26184,-8.642696703524026
26185,-0.13576935158318304
26186,-4.289591140351678
26187,1.7116003708268077
26188,-7.218571716808829
26189,-8.496113516105718
26190,-5.735273050797121
26191,-6.975790362196234
26192,-8.531591890313361
26193,-5.99643522766598
26194,-7.5980934474627
26195,-8.442478452996754
26196,-5.057037632205093
26197,-8.60866610909383
26198,-0.3832452560973137
26199,-8.633233698745927
26200,-8.50641880406481
26201,-7.508084800189125
26202,-6.824675016821018
26203,-8.631746982147902
26204,-4.6918647506068885
26205,-8.402803863664397
26206,-8.280861246691774
26207,-2.486699274041755
26208,3.663916263349392
26209,-8.113201840072971
26210,-8.46633765197771
26211,-8.418648108096479
26212,-1.635757472035094
26213,-7.926199681072816
26214,-1.033883765781022
26215,-8.319001607158517
26216,-8.575918814092427
26217,-8.25871141265757
26218,-4.392032077740846
26219,-8.613499890950408
26220,-6.370801425170101
26221,-8.502639002547193
26222,-7.367175892485376
26223,-4.582461720629957
26224,-1.3925301017519391
26225,-8.459392097965171
26226,-8.32997468926999
26227,-8.42283857130676
26228,-8.531591890313361
26229,3.609779294544707
26230,-8.254457665119254
26231,-4.300160687226139
26232,-8.167899189415982
26233,-8.602964127283744
26234,-8.316798769455115
26235,-3.2969987257867612
26236,1.3780783084011026
26237,-8.379976592071245
26238,-7.539163909176136
26239,-8.637791341972019
26240,-8.052193212637551
26241,-3.5491100649361638
26242,-6.940092332352599
26243,4.067667025453421
26244,-8.645497478939086
26245,-8.380985301610336
26246,-8.46633765197771
26247,-8.590042341821992
26248,-8.637970393322831
26249,1.0750061904223374
26250,6.151785163275615
26251,-8.445294931170121
26252,-4.7399692439803465
26253,-6.778086795248331
26254,-5.996327804016442
26255,-8.613499890950408
26256,-8.642696703524026
26257,-1.2281850999448523
26258,-8.189066065325683
26259,-7.378500430209858
26260,4.106659430089187
26261,-8.503699319599653
26262,-8.426396837124898
26263,-8.554783862910682
26264,-8.430148750541797
26265,5.244849201190429
26266,-8.331680148321864
26267,-8.475756664973284
26268,-0.9648607914214455
26269,-0.3220758631445739
26270,-8.617631550895519
26271,-4.125332835364063
26272,-0.86957611133532
26273,-8.424211932938702
26274,-8.300212879189363
26275,-8.39963725415659
26276,-4.831584671393632
26277,-3.590783438382763
26278,-8.507710015376546
26279,-4.5319385114862305
26280,-1.6932206702162582
26281,-2.9930992481017187
26282,-8.453829671729343
26283,-8.527564624757568
26284,-3.983410226454386
26285,-7.604768030971229
26286,4.728394469320898
26287,9.453217179287583
26288,-6.008457834428359
26289,-8.431855286445886
26290,-8.369802262031703
26291,11.875411317645659
26292,-8.642696703524026
26293,-0.8223956667963797
26294,-4.079866950400369
26295,-8.431463617834662
26296,-1.2419092835810908
26297,-4.013070284375676
26298,1.2826277358258864
26299,-8.545342791186611
26300,-7.930959197287558
26301,-8.45381856864176
26302,-8.259775642073624
26303,-8.475756664973284
26304,4.916991935125427
26305,-6.130588847170344
26306,0.8335597428189996
26307,-3.299921422023769
26308,-8.50641880406481
26309,-8.372832305871164
26310,-8.231150490791908
26311,-3.314098659558323
26312,-7.773852947185366
26313,-7.02936905623168
26314,-7.875021324374662
26315,-4.843068142376041
26316,2.1822622563182366
26317,-0.6785876456568212
26318,-4.223219303222892
26319,-0.5599851564664187
26320,-0.6819589204540897
26321,0.4245997623859513
26322,-6.111616564875092
26323,-1.6156842760280776
26324,-8.433773483413146
26325,-0.7228607252468874
26326,-8.426500455435985
26327,-8.632435877641822
26328,-8.650474808353561
26329,1.4276155191037494
26330,-7.680767702165509
26331,-8.431463617834662
26332,-2.166251324811716
26333,-8.12139611167126
26334,-8.426396837124898
26335,-7.6182016965324415
26336,-8.531591890313361
26337,2.106714504091745
26338,-8.442488941419104
26339,-1.6482853565903937
26340,-0.46776146401974517
26341,-8.60866610909383
26342,-8.516637674413229
26343,-6.473875082239719
26344,-8.4906896189625
26345,-2.342693852140697
26346,4.095921439264239
26347,-8.057378996734535
26348,-7.549036305801944
26349,-8.372860749590313
26350,-5.483767564234771
26351,1.148293400565637
26352,-8.650474808353561
26353,-1.4699430167179377
26354,-8.42428148842987
26355,-8.07014698096673
26356,-8.467613248510107
26357,-7.719325103434147
26358,-5.417818446065743
26359,-8.44042161753572
26360,-1.0218350663001172
26361,-8.504849163082264
26362,1.627001529272258
26363,-0.4804742272942021
26364,-0.5334371262908797
26365,-8.492928010983588
26366,-7.678155566007753
26367,-3.3565817420067035
26368,1.786579419214274
26369,-2.9246591842918335
26370,-0.1812958392364239
26371,-3.7954319071690925
26372,-3.0824247820374273
26373,-0.5800152060743728
26374,-7.199370614040308
26375,-3.7118553396115495
26376,-8.277679600061358
26377,-8.603932432202019
26378,-8.617631550895519
26379,-8.640445003443299
26380,1.109997082169937
26381,-8.258359676195662
26382,-0.11973837065217968
26383,-8.613200840989924
26384,-7.19365406254973
26385,-8.281142416794028
26386,-8.617409823156441
26387,-0.14470992687987505
26388,-8.400049062947227
26389,-8.411026681175818
26390,-8.258323706458686
26391,10.884637928472575
26392,-6.059217350546878
26393,-8.476687341241924
26394,-1.6952946668430862
26395,-8.449360093310242
26396,-8.178985653324292
26397,-8.509648773108431
26398,-8.432143242201747
26399,-1.1933105841343303
26400,-8.64924018631606
26401,5.92348087978516
26402,0.5298877999005749
26403,5.551917118418588
26404,-0.039628483471267614
26405,-8.506902523672679
26406,-8.426396837124898
26407,2.539821811054641
26408,-7.839055160335631
26409,-8.45381856864176
26410,-7.0086004983589385
26411,-8.370279667628724
26412,-8.32726863630235
26413,-6.491676770247948
26414,-4.484368160056733
26415,-8.562960787148743
26416,-7.95081752509279
26417,-7.871359730457899
26418,-7.021164775295853
26419,-8.52556632633991
26420,-2.715507667602584
26421,-8.384751991398957
26422,-8.563257005206745
26423,-1.4606479672469566
26424,-8.598231697962607
26425,3.73104473399904
26426,-8.127224830105238
26427,3.7902233967370056
26428,-0.4219277215442038
26429,-7.553367987177892
26430,-6.68118358063678
26431,-8.449360093310242
26432,-8.618357044369867
26433,-0.10814758786784678
26434,-8.432143242201747
26435,-8.61318266833235
26436,-8.00318950170759
26437,1.9003171677792916
26438,-8.403112501098528
26439,-0.022896669862469632
26440,-3.926893304314048
26441,-8.432699631346232
26442,2.025824041304585
26443,-2.1802801844264277
26444,2.3538646223645863
26445,-8.45381856864176
26446,-8.442488941419104
26447,-0.845858506548594
26448,-8.207797242545041
26449,4.775223313299026
26450,-8.617631550895519
26451,-8.638517538224967
26452,-8.463986486016486
26453,-8.339459188575876
26454,-5.803759976583278
26455,-1.9068042940479448
26456,-8.44416670112253
26457,-8.414388521730737
26458,-8.258667077737897
26459,-5.733874050337912
26460,-8.559548774305377
26461,-8.464661561659687
26462,-8.217834441677871
26463,-8.439473318923486
26464,-7.17720725391012
26465,-6.968917400092467
26466,-7.9062139806627805
26467,-8.369896721120735
26468,-3.697858846574463
26469,1.790555818593102
26470,-7.470174528937112
26471,-8.632435877641822
26472,-2.930027669295161
26473,-8.502639002547193
26474,0.540028743346301
26475,-8.431463617834662
26476,1.9346126712316818
26477,-8.506902523672679
26478,-7.94557529789126
26479,4.787596925049818
26480,-4.434398187810408
26481,1.730638436360253
26482,-3.9914524742706927
26483,-0.8566127382154498
26484,-7.841768798889495
26485,-1.1238543788245687
26486,-2.9768787201094997
26487,1.7060675306274928
26488,-5.472087818777118
26489,-8.398334196708237
26490,-8.399440613754118
26491,-8.436549301659676
26492,-5.603996735988385
26493,-0.24648277293944387
26494,-8.638591833056775
26495,-2.8839790034614103
26496,-1.7073241618445154
26497,-8.32644642531655
26498,-2.63949449032272
26499,-8.631081955159342
26500,-8.6380528704221
26501,1.158324861294988
26502,-1.851161296331126
26503,2.358710530363411
26504,-8.618357044369867
26505,0.4746117930456377
26506,-8.369414738082886
26507,-8.632435877641822
26508,-8.64924018631606
26509,-8.502639002547193
26510,-4.387949930043817
26511,-8.43065378791459
26512,-7.218571716808829
26513,-8.386931182902398
26514,2.854419245694917
26515,-8.372135897605029
26516,-8.5768813291157
26517,1.9192611303012632
26518,-8.36288170714129
26519,-1.7700734797063071
26520,-2.1292887785765613
26521,-8.589735165635933
26522,-8.301921301394028
26523,-8.536964206125267
26524,-8.50641880406481
26525,3.308547895671027
26526,-4.4732361915957215
26527,-0.012013882080857297
26528,-8.157849769489252
26529,0.18036516207212483
26530,0.2795931287835858
26531,0.41294709569148935
26532,-8.650474808353561
26533,-1.122429761356058
26534,-8.192979237713061
26535,-8.601314376195011
26536,-7.527470414118053
26537,-8.280989128793243
26538,-0.8442198847714713
26539,-8.449360093310242
26540,-3.834455754891042
26541,0.293775454417706
26542,1.30677489167537
26543,3.6596509778440076
26544,-7.5355062712433085
26545,-0.43560177754035734
26546,-8.403112501098528
26547,-8.008909007026597
26548,1.022095009938767
26549,-8.510667920235633
26550,-0.7629367680559099
26551,-6.367475141478332
26552,-8.5768813291157
26553,-8.440782511928576
26554,-0.7682036558791813
26555,-8.271450311767781
26556,-0.2607276147436466
26557,-6.982159799399492
26558,-8.554564134222842
26559,-8.640445003443299
26560,1.5864657426428974
26561,-5.0318030167333685
26562,-1.397661811262405
26563,-8.635349931743017
26564,-8.142977895926714
26565,-8.453599339328203
26566,-8.626903912626483
26567,-1.0744994150242766
26568,-8.650474808353561
26569,-3.824269507289894
26570,-7.714734188126279
26571,5.268873867817406
26572,3.6268299793570042
26573,-8.476687341241924
26574,-1.6911636547225042
26575,-8.449360093310242
26576,-0.49068210970501314
26577,1.6556394283314697
26578,-8.646904029424611
26579,-8.632435877641822
26580,2.538183675920423
26581,-8.473634412642408
26582,-7.546218681950716
26583,6.077160713933512
26584,-0.10378249513402943
26585,-8.473958138222727
26586,-8.40524571252601
26587,-8.554821765600702
26588,-8.613055956680983
26589,-0.2711561567870211
26590,-5.626635489223279
26591,-8.479358635194844
26592,-8.39533534880124
26593,-8.560704892981319
26594,-8.588963956614704
26595,-0.4662705664519626
26596,-8.50641880406481
26597,-8.04248791776191
26598,-8.399440613754118
26599,-8.257358425501298
26600,2.1313791696754123
26601,-4.7373917928910085
26602,-0.6245915125149881
26603,-1.4704682537054192
26604,-8.56320656575459
26605,-8.490676836037089
26606,-8.46633765197771
26607,-8.631081955159342
26608,-8.564646651965791
26609,3.479765485693264
26610,-0.4766035993433646
26611,-8.34142651213512
26612,-8.038667465029228
26613,-8.509648773108431
26614,-0.3097059157329893
26615,-2.2982189195317506
26616,-3.666731796449877
26617,-6.43285346467426
26618,-7.6625552936632975
26619,-8.364590751631024
26620,-7.218571716808829
26621,-8.42468551262225
26622,-8.231424816830229
26623,-6.872146700847597
26624,-8.613055956680983
26625,3.648306376172249
26626,-7.859797276240313
26627,-8.479358635194844
26628,-8.409064905951007
26629,-0.5029858136453595
26630,-8.609317033171395
26631,-1.6977147810248505
26632,1.6159878361153215
26633,-8.320554462110003
26634,-5.790404837634384
26635,7.505470184055764
26636,-7.8450652019132
26637,-8.453599339328203
26638,-8.324236283825638
26639,1.7385198481506041
26640,-8.24420531815241
26641,-8.490676836037089
26642,-6.8275503696893605
26643,-8.589844947046483
26644,-8.6380528704221
26645,-8.249458442740286
26646,1.5330332393175767
26647,-1.531939646623269
26648,-3.8674233706173218
26649,-8.534435791012083
26650,-8.646904029424611
26651,-8.632435877641822
26652,2.6344915782187477
26653,-8.502639002547193
26654,-8.403112501098528
26655,-1.8910403859026805
26656,-3.888110656537386
26657,-8.510667920235633
26658,-8.345237601695004
26659,-7.534243317856707
26660,-8.613055956680983
26661,2.7152077604555926
26662,-0.06023876997638644
26663,-8.280151178428875
26664,-8.264172401787981
26665,-8.14551821568633
26666,-7.494517998531295
26667,-7.605708254615399
26668,-8.397253429693695
26669,-8.423238836746162
26670,1.7312541378272923
26671,-8.637791341972019
26672,-8.40834488239564
26673,-8.453599339328203
26674,3.421521126744058
26675,-4.28722871747472
26676,-8.587795712926413
26677,-8.490676836037089
26678,-8.46633765197771
26679,-8.552416437302556
26680,-0.2459546239068242
26681,-8.476687341241924
26682,1.995648369408363
26683,-8.446502026795782
26684,-8.618357044369867
26685,-8.411423819475011
26686,-8.30494218476823
26687,-8.632435877641822
26688,-8.64685780136946
26689,-6.160763315791849
26690,-6.7069271843789915
26691,-8.429424786662437
26692,-2.350343150011179
26693,-8.510667920235633
26694,-8.426396837124898
26695,-8.397019659946864
26696,-8.599119092786953
26697,-6.855037877786399
26698,-8.548331585099959
26699,-8.441491187477126
26700,-8.383827271453493
26701,-8.60866610909383
26702,-7.866043884279386
26703,-8.633232028597378
26704,-8.50641880406481
26705,-8.426582086446347
26706,-8.399440613754118
26707,-8.414613836299495
26708,-0.9444859221783519
26709,-6.039949295780807
26710,-8.641604000177468
26711,-1.197543020924411
26712,-8.651501326946727
26713,-8.315719284059973
26714,-7.933680077195495
26715,-8.513814795723373
26716,-8.625028657408373
26717,-7.655948328768639
26718,-1.7457705302438267
26719,-8.200655551915135
26720,-8.619766265565396
26721,-7.396167890202464
26722,-8.56154777093971
26723,-8.017712742591542
26724,-8.64924018631606
26725,0.09398778084347992
26726,-6.037916019036284
26727,-0.4263656542839852
26728,-4.809638924890237
26729,-8.153247416434398
26730,-8.23396499589888
26731,-8.215784068119111
26732,-8.585188128188943
26733,-8.45381856864176
26734,-8.542410696990785
26735,0.10019894377520566
26736,-1.3701494100997678
26737,-8.60866610909383
26738,-8.615228542345571
26739,-8.640445003443299
26740,-8.3096969008371
26741,-8.426582086446347
26742,-4.711534006739109
26743,-8.637791341972019
26744,-2.141439495860758
26745,-1.3115363865962602
26746,-6.333823385348499
26747,0.2739883200861455
26748,-0.42281387416675387
26749,-8.271116166459478
26750,-8.257476917569258
26751,-8.63153064181178
26752,-2.4860404490425525
26753,3.1330282630352064
26754,-5.762394625078834
26755,-2.8689615907478467
26756,-8.450514189378053
26757,-6.8232293125956955
26758,3.0408230442808644
26759,-8.632435877641822
26760,-3.3446271078316614
26761,-8.502639002547193
26762,-7.669122101251142
26763,-7.857221389600458
26764,-7.218571716808829
26765,-8.50333101917567
26766,3.466077942264237
26767,-8.554821765600702
26768,-8.394832318607667
26769,5.26487166860053
26770,-8.548331585099959
26771,-8.49444837188883
26772,-8.009950694399114
26773,-8.157233117856272
26774,-8.617631550895519
26775,-8.640445003443299
26776,-8.253690876817874
26777,-7.769014785052937
26778,3.7858267809571515
26779,-0.47312632997726123
26780,-8.387857905900798
26781,1.233532335400796
26782,-8.641604000177468
26783,-5.340899956991031
26784,-5.601017279588728
26785,-1.2462530819589657
26786,-6.6285729240831825
26787,-8.584033724794919
26788,0.11763703847805052
26789,-3.017109200953112
26790,-0.5130037748090643
26791,1.0615537337502807
26792,-2.286471077789356
26793,2.159505355378284
26794,-8.646904029424611
26795,-8.632435877641822
26796,-8.648982773907647
26797,-2.3831192673958
26798,-6.3098186560351985
26799,-8.431463617834662
26800,2.2752451185621476
26801,-8.02054957993802
26802,-2.5023406587176207
26803,-2.409564390107437
26804,-5.587919567367916
26805,1.30664264904854
26806,1.6077195562661775
26807,5.033568181251397
26808,-7.919359961780653
26809,-3.1556962450779413
26810,-0.5524487517954416
26811,-8.640445003443299
26812,-6.203809017421358
26813,-8.449662734189486
26814,-0.7455474986793954
26815,-8.637791341972019
26816,-8.034020359315846
26817,-8.26475719480578
26818,-8.468648629185056
26819,-6.019239797045191
26820,-8.582711420234913
26821,-8.490676836037089
26822,-8.46633765197771
26823,-8.530587139161277
26824,-8.51270914126123
26825,-7.401569584818156
26826,-2.8074566990425778
26827,-8.449360093310242
26828,0.8786104793056284
26829,-8.530845955529246
26830,-8.513179290898272
26831,-1.6867941178313806
26832,-8.64924018631606
26833,-8.488247655389003
26834,-7.764947386937742
26835,-8.311204192961338
26836,3.6861059594978043
26837,-8.510667920235633
26838,5.036125642801682
26839,-8.532494698291334
26840,-8.613055956680983
26841,-2.6832575721710885
26842,-8.548331585099959
26843,2.8702203141226814
26844,-7.820694017090992
26845,-8.620490943003801
26846,-8.579523160182898
26847,-8.627295383852088
26848,-8.40190602847226
26849,-8.449662734189486
26850,-8.302764795792438
26851,-1.627052168097282
26852,2.5587722719294086
26853,-8.458311541348401
26854,-8.641604000177468
26855,-3.5740537898143714
26856,-8.651629060974392
26857,1.090644888310629
26858,-8.134832872856856
26859,-7.5902099660748075
26860,-8.061690500520019
26861,1.3368286789167794
26862,-1.222904372361026
26863,-8.421142065462947
26864,-8.602575206044929
26865,-8.534435791012083
26866,-7.509830083457349
26867,-8.621187552761967
26868,-7.672123225636206
26869,-8.475713001747023
26870,-8.305352442069244
26871,-4.38859687798449
26872,-5.805131544538231
26873,-8.488242414150154
26874,-8.344046170138128
26875,-8.532376902363662
26876,-8.549066587209271
26877,-6.354766764959695
26878,-8.548331585099959
26879,-2.974980718186935
26880,-8.432048072470415
26881,-8.617310887846944
26882,-8.048496780243983
26883,-8.642104172211063
26884,-8.467660753157865
26885,-8.449662734189486
26886,-7.798403232317854
26887,-8.637791341972019
26888,1.4888861240138493
26889,-8.501948868639218
26890,-3.001164788185709
26891,-4.1496911189750945
26892,-8.607978625389684
26893,-3.47328077163079
26894,-7.726943359628198
26895,-1.40736160768797
26896,3.806414782245463
26897,-8.447167287829705
26898,-0.17764477827607816
26899,1.9916195899945461
26900,-7.828420482713196
26901,6.6727953235958815
26902,-4.3116362426961174
26903,-8.614928092962344
26904,-8.643893179396226
26905,-8.502639002547193
26906,-8.403112501098528
26907,-8.431463617834662
26908,-7.218571716808829
26909,-6.527262016021511
26910,-8.324804489342824
26911,-8.150028306394194
26912,-8.567512827451834
26913,-8.37644591853916
26914,-8.548346997292771
26915,4.6606275624693705
26916,-8.445393037385156
26917,-8.625581406368493
26918,3.7772793016455326
26919,-0.22848990074132353
26920,-2.2487441696375923
26921,-8.449662734189486
26922,-8.361917448828054
26923,-8.632371745343914
26924,-8.08886305976009
26925,-8.537380024428344
26926,-3.026869126966278
26927,2.3440561623808502
26928,-5.244814680068
26929,-8.490676836037089
26930,-8.02538227917908
26931,-8.63153064181178
26932,-8.351106198406967
26933,-1.7942197474357688
26934,-1.661303208149354
26935,-8.449360093310242
26936,-8.505324099735416
26937,-8.507578291807048
26938,-8.593449641591612
26939,-8.632435877641822
26940,-8.586234878486657
26941,-0.11827001307306184
26942,-8.403112501098528
26943,1.752239330340255
26944,-7.218571716808829
26945,-8.510667920235633
26946,-8.59969897908847
26947,-7.9423729142663495
26948,-8.599989778533658
26949,-8.45381856864176
26950,-8.594523749853714
26951,-8.473689179914256
26952,-8.445393037385156
26953,-8.52543494982589
26954,-8.617631550895519
26955,-8.507947655024202
26956,-8.166484454308467
26957,-8.449662734189486
26958,-8.139391583143892
26959,-8.150772486840768
26960,-0.4418240195594496
26961,-8.537380024428344
26962,-8.164468912442063
26963,5.623975508616481
26964,-5.7868769405581
26965,-8.480922609293476
26966,-8.368446381566747
26967,-0.3319880789346244
26968,-8.43102491302742
26969,-7.733091289747341
26970,-1.3102510336980642
26971,-8.449360093310242
26972,2.538276058233213
26973,-8.534435791012083
26974,-1.9551110922990964
26975,3.28663895617157
26976,0.40525904658333634
26977,-8.502639002547193
26978,-7.771502612359713
26979,-1.8106201292043242
26980,-0.3051147461061108
26981,-0.26308863289860307
26982,-8.59969897908847
26983,-8.554821765600702
26984,-8.525391326898703
26985,-8.45381856864176
26986,-0.6419151659765809
26987,-8.49444837188883
26988,-3.0746254904537467
26989,-8.621688106067454
26990,-1.058994354610912
26991,-8.602194727751224
26992,-8.394405881290922
26993,-8.436857606445244
26994,-4.170520078602113
26995,-8.637791341972019
26996,-3.981442113447561
26997,3.302428543593352
26998,-8.624031191543454
26999,-8.12458660491865
27000,-8.566946175693362
27001,-8.488831936508396
27002,1.4840433247989344
27003,-2.2855032250408645
27004,-8.6380528704221
27005,-7.960231264836187
27006,-0.32526894811024115
27007,-8.370176974826267
27008,-8.564898790213935
27009,0.5186823452129912
27010,-6.761450090797034
27011,-0.22999218878797673
27012,-8.64924018631606
27013,-8.502639002547193
27014,-8.403112501098528
27015,6.54621884081023
27016,3.7304102739436455
27017,-1.6055180016361734
27018,-1.8190610733418162
27019,-8.402834819482502
27020,-7.640808682894203
27021,-8.427291282566902
27022,3.122764434565865
27023,-4.647699228054664
27024,-8.4481249390701
27025,-8.625581406368493
27026,-8.617631550895519
27027,-2.610067577344432
27028,0.39294157951238284
27029,-8.46889659721445
27030,-8.269801550308948
27031,-0.6004193028930241
27032,-8.134169404632354
27033,-8.495826188088303
27034,-8.004555481983717
27035,-8.12458660491865
27036,-8.45080238993763
27037,-8.497938436266562
27038,-8.262956147283052
27039,-3.502421975269801
27040,-8.347381950174762
27041,-1.7494891721247166
27042,-2.12998238449656
27043,-8.21169233505285
27044,4.21539581906826
27045,-8.371540952288614
27046,-8.646904029424611
27047,-8.6107888399255
27048,-5.854838651384646
27049,-0.7152368250173011
27050,-8.403112501098528
27051,-8.132963886894666
27052,-7.218571716808829
27053,-8.175732920944837
27054,-8.435157716966227
27055,1.353868696149171
27056,-2.6699589349289483
27057,6.997967939027191
27058,-7.652435442671235
27059,-8.49444837188883
27060,-8.32127136971794
27061,2.266734003246374
27062,-8.617631550895519
27063,-8.627940907805437
27064,-0.6529092372516165
27065,-5.349564198725039
27066,-8.399440613754118
27067,-8.637326472199927
27068,-8.395322761219097
27069,-8.537380024428344
27070,-8.56371440214654
27071,-0.09656544695142721
27072,-8.110103935939986
27073,-8.497938436266562
27074,-8.46633765197771
27075,-1.0199767521437888
27076,-8.629379999576946
27077,-7.790407001565274
27078,-7.9062139806627805
27079,-1.523443911576472
27080,-8.584127444738387
27081,-6.4489157812893705
27082,-7.302588800076661
27083,-8.632435877641822
27084,-8.129663471026554
27085,3.778010336534022
27086,-7.796291341240939
27087,-7.67066735142945
27088,-7.218571716808829
27089,-8.490195441654498
27090,-8.544073213171366
27091,-6.593440046115792
27092,-0.6743286315184189
27093,3.92912004752291
27094,1.7276407319307316
27095,-8.463233966659788
27096,-8.4481249390701
27097,-8.625581406368493
27098,-8.617631550895519
27099,-8.619796165477181
27100,-7.757587520081575
27101,0.6816716581878566
27102,-8.399440613754118
27103,-8.554900579037135
27104,-8.306042365077403
27105,-2.935298202825603
27106,-8.631071533078618
27107,-1.4734888275332794
27108,1.2230200614588607
27109,-0.53808389884235
27110,-8.462037172376965
27111,-4.035538342058501
27112,-8.576484042304472
27113,-4.040465097446733
27114,-7.9062139806627805
27115,-8.417415332666183
27116,9.864781435018354
27117,-8.541966523344703
27118,-2.444398726741516
27119,-7.99798157180614
27120,-1.5474751048535402
27121,7.87422275336803
27122,-8.403112501098528
27123,-8.363478151578029
27124,0.8203892013183034
27125,-8.453920493139114
27126,-8.558324934493088
27127,-8.497922968928783
27128,-8.170331548222515
27129,1.996206483340607
27130,-8.577250689600069
27131,-8.430581419217168
27132,-8.4481249390701
27133,-8.606710717970378
27134,-8.617631550895519
27135,-3.942243057667871
27136,-4.3396399839818205
27137,-8.420113532585479
27138,-5.316550199100688
27139,-8.608385553146622
27140,-8.368933705639146
27141,-8.51735969124637
27142,-8.193699135790979
27143,0.4255290796764748
27144,-3.3801540516939625
27145,-1.1396639813371392
27146,-8.46633765197771
27147,0.28358184957669363
27148,-2.16617646107356
27149,-7.571098207910793
27150,-4.490397109641772
27151,-8.275154694074295
27152,-1.5749976726138273
27153,-8.229665107346749
27154,-8.646904029424611
27155,-8.580857548001164
27156,-1.4645006731883292
27157,2.993957581858422
27158,0.9204434703936315
27159,-8.363888599494286
27160,0.14743995101002594
27161,-7.769445158497105
27162,-8.424931145182633
27163,-8.547071670977816
27164,-8.447923251449907
27165,0.3382635153056504
27166,-3.7726581017263707
27167,0.09977356216842714
27168,4.263268462834011
27169,-8.625581406368493
27170,-8.617631550895519
27171,-8.495104199699867
27172,0.8284690938229842
27173,-8.46889659721445
27174,-8.077786416891962
27175,-8.637083275895574
27176,-8.44416670112253
27177,-5.169200849780486
27178,-8.117295118211006
27179,-8.12458660491865
27180,-8.651629060974392
27181,-8.421917879449733
27182,-8.36635944799934
27183,-8.63153064181178
27184,-8.030949025634305
27185,-6.956217214397984
27186,0.04488892976055103
27187,-8.476805195472826
27188,-8.607062976582451
27189,-1.77581510630231
27190,-8.594203176182349
27191,-8.517626880622615
27192,-8.608983774398288
27193,-8.502639002547193
27194,-1.6137252203031782
27195,0.6682913976803504
27196,-7.218571716808829
27197,-5.618271569880507
27198,-8.498546724974176
27199,-8.281330415157834
27200,-8.603252242672655
27201,13.343335030201555
27202,-8.594523749853714
27203,-5.2619731791912265
27204,-8.082859807688076
27205,0.12446062845841341
27206,-8.617631550895519
27207,0.47991773637722934
27208,-8.427148676422009
27209,-8.429203260459051
27210,-2.6793042504401186
27211,-0.08886817326510321
27212,-8.44416670112253
27213,-5.817980417281635
27214,-8.514381777010954
27215,-0.8158874297468932
27216,-2.2370593998370114
27217,-8.01350962117021
27218,2.909143615139768
27219,-2.029195011463167
27220,-8.630185102593066
27221,-8.476687341241924
27222,-7.9062139806627805
27223,-8.295760042062383
27224,-8.309197639190312
27225,-2.8192652435787444
27226,2.1109843775841695
27227,-8.54331367255204
27228,0.028117766705872183
27229,-0.6267419594511118
27230,-8.403112501098528
27231,-8.431463617834662
27232,-7.218571716808829
27233,4.928881106279153
27234,-8.323349524241781
27235,-7.188360840544005
27236,-8.347351951222084
27237,-8.45381856864176
27238,-8.517159238495381
27239,-8.49444837188883
27240,-8.469889687028655
27241,-8.631765020789182
27242,0.013662089058654316
27243,-8.413350673383588
27244,-8.50641880406481
27245,-1.7882860538887146
27246,-8.399440613754118
27247,-8.646802568237598
27248,-1.1867021467055943
27249,-8.334180946392609
27250,-8.59403405398686
27251,-1.5799794638078672
27252,-8.650888055693352
27253,-8.474379284714745
27254,-2.104811219534176
27255,-8.264330070448125
27256,-8.616472020932822
27257,-8.05883573350154
27258,-7.9062139806627805
27259,-8.482335910917238
27260,-8.612401136556823
27261,-7.900968832139532
27262,-8.64744478276961
27263,-1.3942827398695774
27264,-8.649388185621694
27265,-8.62919707848832
27266,-7.298622398365648
27267,-8.358355769205076
27268,-0.3140851469717605
27269,-4.636609677729755
27270,-0.8798574490160109
27271,-8.561097314965313
27272,-8.469876782333603
27273,1.9224089458050961
27274,4.2397148762861026
27275,-8.476035835465014
27276,-7.806511679735256
27277,-0.01638736743772906
27278,-8.617631550895519
27279,-8.633572200614559
27280,-8.541246493784167
27281,-8.412348690164528
27282,-8.115059353400706
27283,-8.605210571643065
27284,-8.44416670112253
27285,-8.614574232274878
27286,-8.63569951057435
27287,1.7667566537854626
27288,-8.651629060974392
27289,-8.497938436266562
27290,-3.5465351475445623
27291,-8.63153064181178
27292,-8.501735092448905
27293,-8.063516369755472
27294,-0.25546107281524133
27295,-8.490094422333513
27296,-8.139945800650018
27297,-0.5589917413605883
27298,-8.64744478276961
27299,-8.592118535754382
27300,-3.6776231407271234
27301,-8.613061809762527
27302,-1.208660107625657
27303,-8.444058454587024
27304,-6.771014803032254
27305,-8.508152888807691
27306,1.330283439309965
27307,-8.299959802317433
27308,3.829122565092891
27309,-0.8539123702745144
27310,-8.594523749853714
27311,-0.12613083991459795
27312,-6.6161650254259605
27313,-0.6889632232113736
27314,-8.617631550895519
27315,-8.623177318112063
27316,-7.547808285581129
27317,-8.382770443002224
27318,-8.183688535430429
27319,-8.646350723928698
27320,-7.878312947545247
27321,-8.614574232274878
27322,-8.40540033094576
27323,-5.299978710426335
27324,-8.518492001785502
27325,-8.50321219332151
27326,-7.141360634145769
27327,-8.603938682769746
27328,-7.929257034144216
27329,-8.476687341241924
27330,-1.650741442415918
27331,0.06281970810328863
27332,-8.48248658141143
27333,1.9174659260414306
27334,-8.63129866402126
27335,-0.5963345061966359
27336,-8.443323811841363
27337,-8.58352350803783
27338,2.9959084761594266
27339,3.8211413097164115
27340,-0.15967753903459414
27341,-8.510667920235633
27342,-7.3522472596255914
27343,-8.571332110739512
27344,-0.5491618665393334
27345,-3.752367519501821
27346,-8.529956303083557
27347,-8.49444837188883
27348,-6.565886682172536
27349,-8.550016264881394
27350,-8.617836587439205
27351,-7.75346848340504
27352,-8.18390262541131
27353,-8.446061458653002
27354,-5.764278916626283
27355,4.646993264573302
27356,-8.095941872837127
27357,-8.620046941148262
27358,-8.562139815500759
27359,-4.255642828265879
27360,-8.440466044933428
27361,-8.51780256101951
27362,-8.46633765197771
27363,-8.538848100055695
27364,-8.519172651242101
27365,-8.414062649810996
27366,-0.8700425776828231
27367,-0.7250576900569083
27368,-8.299808090727574
27369,-8.573572684620036
27370,-8.636085397064432
27371,-8.617812344169698
27372,-8.505227806997313
27373,-0.1572005044952538
27374,0.06466855082668665
27375,-8.357525666399509
27376,-2.152768279307451
27377,-7.532126294205728
27378,-8.59969897908847
27379,-5.9022895292811075
27380,-7.269472095814896
27381,-8.45381856864176
27382,-8.594523749853714
27383,-8.49444837188883
27384,-8.225923066365782
27385,-8.450537837807886
27386,-8.617502168705593
27387,-8.639460179906951
27388,-8.541246493784167
27389,-8.356416600033548
27390,-8.360979450308616
27391,-8.638013258306625
27392,-8.44416670112253
27393,-0.43796329620613594
27394,-8.561981910646326
27395,-6.79457870002752
27396,-8.651629060974392
27397,-1.4336849423616789
27398,-7.886174325664894
27399,-8.628132242927748
27400,-8.571106816627879
27401,-0.0808991821803432
27402,0.9139837650206073
27403,-8.490094422333513
27404,-8.619766265565396
27405,2.1164271607583784
27406,-8.477297783245042
27407,-8.632435877641822
27408,-7.825398122162253
27409,-6.446323829267778
27410,-6.7064563566147175
27411,-1.3285742536896479
27412,-1.840472840818078
27413,-8.50800700565304
27414,-7.710661593106445
27415,-8.536333695655864
27416,-8.583157063824924
27417,0.20095169412368374
27418,-8.556059433996584
27419,-8.49444837188883
27420,-8.469889687028655
27421,-7.588508993116098
27422,6.668955543348069
27423,-8.400840296856623
27424,-8.541246493784167
27425,-4.737787360114209
27426,-8.399440613754118
27427,-8.128511586748536
27428,2.104524043381865
27429,-8.612150261625217
27430,-8.630754775453614
27431,-0.3882966187526389
27432,-8.651629060974392
27433,-1.6004246584968516
27434,3.1186896180529877
27435,-8.63153064181178
27436,-8.290427748040141
27437,-6.09956237856769
27438,-6.5311715860436745
27439,-8.160574359839192
27440,-0.1611791324221694
27441,-8.573572684620036
27442,-8.647199050653931
27443,-8.613466780476903
27444,-0.12319848403238198
27445,-1.2262496373453924
27446,-7.919897841467457
27447,0.15197116690723744
27448,-2.1614312381770913
27449,-7.830745495540956
27450,-8.59969897908847
27451,-8.533290689360726
27452,-8.603721342756973
27453,0.4025254852555573
27454,-8.608066339197416
27455,-8.42312610391789
27456,-1.4607133465283668
27457,-8.636863213573847
27458,0.16349437876799522
27459,-8.642104172211063
27460,-8.541246493784167
27461,-8.436773395951166
27462,-8.399440613754118
27463,-8.644055448971082
27464,-8.44416670112253
27465,-1.9256542588585641
27466,-2.6033953382193915
27467,-8.12458660491865
27468,-8.501745246056307
27469,-1.4150783731995027
27470,-8.189877497715818
27471,-7.955525844017807
27472,-2.8269144033987432
27473,-6.63367109524061
27474,-7.073708502089555
27475,-8.525473140277876
27476,-8.619766265565396
27477,-8.469675202456317
27478,-8.551778886472588
27479,-8.632435877641822
27480,-8.568746474154713
27481,-1.2984443250066184
27482,-7.188825996612425
27483,-2.8506506143870087
27484,-0.925386044622328
27485,-7.834560499684986
27486,-7.613198445523276
27487,-8.571332110739512
27488,-1.4600779104464525
27489,-1.6317376788934927
27490,-8.608066339197416
27491,-8.45710079397634
27492,2.9896323374454994
27493,-8.64111276886852
27494,-8.565986676179886
27495,-8.604221693563693
27496,-2.23002412880432
27497,-5.632776679972231
27498,-8.399440613754118
27499,-8.646802568237598
27500,-8.226478120917243
27501,-8.633269124219522
27502,1.1660513648790929
27503,-4.676581396697227
27504,-3.7047528472838853
27505,-3.0853701365956305
27506,-8.46633765197771
27507,-8.499481456367288
27508,3.7293583974092113
27509,-8.023807320771137
27510,-1.3405473311249438
27511,-6.516545026863776
27512,-8.608188746957296
27513,-8.46295303461396
27514,-8.64744478276961
27515,-7.45914903535534
27516,-2.7531519860132
27517,0.9641148597400881
27518,-6.168547367058975
27519,-8.248343997973878
27520,-4.600329666910061
27521,-8.510667920235633
27522,-8.59969897908847
27523,3.2393591696319755
27524,2.042708235721052
27525,5.474465815426956
27526,-8.608066339197416
27527,-8.506083971556954
27528,2.91649741714617
27529,-5.407992140022968
27530,-8.608409607222832
27531,-8.63929533935759
27532,-8.541246493784167
27533,-8.488151141025309
27534,-8.399440613754118
27535,-8.550314295043172
27536,-8.34564175263021
27537,-8.633269124219522
27538,-8.635087476710702
27539,-8.12458660491865
27540,-8.481880660263323
27541,-8.532253710360786
27542,-8.46633765197771
27543,-8.63153064181178
27544,-8.629115407298476
27545,-8.476687341241924
27546,-0.34547641014505537
27547,-2.9293304306792454
27548,-8.619766265565396
27549,-8.46862475025263
27550,-8.451145758607957
27551,-8.607156741324022
27552,-5.735580886379074
27553,-8.54298616808509
27554,-8.376828582448534
27555,-8.35673553553476
27556,-7.036625789329966
27557,0.11213363050947289
27558,-8.53129020558174
27559,-8.152738121613897
27560,-8.61383506200511
27561,2.7226964074472155
27562,-8.620458481966867
27563,-8.56989035212587
27564,-8.613535688718883
27565,0.8400871557509761
27566,-8.193069893838121
27567,-8.476533504509252
27568,-8.541246493784167
27569,-8.361546984455655
27570,-8.399440613754118
27571,-0.15882403419704216
27572,-3.5741806363480157
27573,-1.9921277389386964
27574,-8.641604000177468
27575,-3.565670959560058
27576,-8.638255136375944
27577,-8.545788002197458
27578,-6.5234212904117905
27579,0.34063765356369613
27580,1.4433369723722087
27581,-0.41348580002874913
27582,-0.8111414015502427
27583,-8.362306798013599
27584,-8.524237313831048
27585,-8.557382120780373
27586,-3.913339348892476
27587,-0.4462322286192145
27588,-8.649388185621694
27589,-8.047858347131424
27590,-8.397185209323476
27591,8.989262789683686
27592,-7.218571716808829
27593,-8.500216415975153
27594,-8.567760864108745
27595,-1.57349954279896
27596,-0.34141841179641447
27597,5.4225658954279155
27598,-8.61790541830402
27599,-2.3211241608973885
27600,-8.613535688718883
27601,-8.626792617445128
27602,-8.482689466744072
27603,-8.642104172211063
27604,-0.3048093937683971
27605,-8.479272896385014
27606,-6.569992675057767
27607,-8.646802568237598
27608,-0.22334842549569167
27609,-5.211927437427365
27610,-2.3427842538769434
27611,2.4975261266138338
27612,-8.644083355858506
27613,-8.560016278218475
27614,-2.438296629571851
27615,-8.63153064181178
27616,-8.640448200224213
27617,-8.075455395047605
27618,-7.9062139806627805
27619,-8.559826931385532
27620,-6.636546580576806
27621,-3.341184071114279
27622,-8.64744478276961
27623,-7.835574607013821
27624,-8.619260538807042
27625,-8.62919707848832
27626,1.0609286070824777
27627,9.91928767639823
27628,-7.218571716808829
27629,-8.456928614332915
27630,-8.553855707560167
27631,-8.576890853431289
27632,-8.613495580434924
27633,0.5681798810269825
27634,-6.391710737039148
27635,-6.119109397842278
27636,-8.613535688718883
27637,-8.64111276886852
27638,-6.739604648358729
27639,-8.642361101278262
27640,-7.241368967923733
27641,-8.448633927091922
27642,-5.838996187430961
27643,-8.646802568237598
27644,-8.44416670112253
27645,-8.633269124219522
27646,-8.634947821647382
27647,-1.273188925201063
27648,-8.65458429646504
27649,-8.560016278218475
27650,-8.15550626426349
27651,-8.55235735641146
27652,-8.15581669737777
27653,-8.476687341241924
27654,-6.319456103583108
27655,3.8756914889168113
27656,-8.619766265565396
27657,-4.987985470784264
27658,-8.219715402321967
27659,-8.632435877641822
27660,2.3872063337389378
27661,-8.62919707848832
27662,-0.5663435916411933
27663,-8.283399222635643
27664,1.8046733565029767
27665,-8.504387056781026
27666,-8.069651247189896
27667,-8.549904904273973
27668,-8.652205756531623
27669,-5.934728728165739
27670,-8.563383975021779
27671,-3.6210618308963167
27672,-8.615629945625011
27673,-8.439371167889517
27674,-8.491102548161974
27675,0.7758977226407218
27676,-8.606436949848021
27677,-8.462354339691322
27678,-4.607736373157669
27679,-8.626500436625362
27680,-8.307409892459294
27681,-8.43399583753687
27682,-8.641135682801233
27683,1.8342410595338332
27684,-8.65458429646504
27685,-8.580230735027278
27686,-7.693138191422116
27687,-8.63340815416089
27688,-8.640448200224213
27689,-8.476687341241924
27690,0.6747712564482201
27691,-8.559826931385532
27692,-8.592130605790409
27693,-8.573572684620036
27694,-8.60611967932581
27695,-8.632435877641822
27696,-8.505592591779624
27697,-8.630539515810472
27698,-8.403112501098528
27699,-8.364733230966408
27700,-7.218571716808829
27701,1.361336478737436
27702,-8.655194045868901
27703,2.571667113472955
27704,-8.65065563049645
27705,-8.45381856864176
27706,-8.620458481966867
27707,-8.601016721012147
27708,-8.613132871655145
27709,-8.642935964781291
27710,-8.606675240836841
27711,-8.631622200095068
27712,-7.909500240578414
27713,-8.461764611129148
27714,-8.399440613754118
27715,-8.615410466754481
27716,-8.44416670112253
27717,-8.627254674151711
27718,-8.641604000177468
27719,4.171684854819353
27720,1.7977655512650144
27721,3.1032520105225663
27722,-0.4982795207079841
27723,-8.606570084174518
27724,-1.4296094486627653
27725,-0.6854362219292907
27726,-1.966908562278495
27727,-8.538909175694043
27728,1.380791179307205
27729,-8.514046241820822
27730,-8.64744478276961
27731,-8.570181056343166
27732,-7.43763899460205
27733,-8.630539515810472
27734,-8.347770909823133
27735,-8.444058454587024
27736,1.774934723075889
27737,-8.510667920235633
27738,-8.537716695205138
27739,-8.556522712624046
27740,-8.65321182721708
27741,2.817998591302022
27742,-7.0030060648125225
27743,-8.284756270996068
27744,-2.8724134157227805
27745,-8.471885587213606
27746,0.41743565638686575
27747,-1.1215627808630766
27748,0.08113140395620533
27749,-8.468831245367115
27750,-8.326308056718652
27751,-8.635608260975562
27752,-8.301715854416885
27753,-8.530264579180738
27754,-8.637332670533736
27755,-4.9912849719882715
27756,3.064802443036263
27757,-8.604977347105985
27758,-8.46633765197771
27759,0.40572617892175344
27760,-8.641862402376132
27761,-7.740499170852024
27762,-5.657942540444922
27763,-8.628581080813674
27764,-8.619766265565396
27765,-8.573572684620036
27766,-8.64744478276961
27767,-8.632435877641822
27768,-6.984351169737454
27769,-8.579603714139008
27770,-8.403112501098528
27771,-7.615647587902996
27772,10.888822060415253
27773,-8.159721352491594
27774,-8.467067536447919
27775,0.6860591448711635
27776,-4.710262275271878
27777,-8.292187152633378
27778,-0.058208683084519874
27779,-8.637684053079951
27780,-8.609819982280868
27781,-8.402259621608298
27782,-8.617836587439205
27783,-8.643246924058637
27784,-0.5466994117576465
27785,-8.448482943008047
27786,2.239964286433064
27787,-7.155880228468898
27788,-4.972082061105551
27789,-1.8944268708770104
27790,-8.582075671708877
27791,-2.985861244494426
27792,2.1533220569243223
27793,-5.339293819336801
27794,-8.189582377377194
27795,-1.1192775797346397
27796,-6.20570898441579
27797,-4.147010757179303
27798,-0.5944000867771422
27799,-8.627672706289344
27800,-8.028740517415056
27801,-8.50358667660649
27802,5.721810911868424
27803,6.357918771370924
27804,-8.651839115091468
27805,-8.60904447123826
27806,-8.403112501098528
27807,-8.444058454587024
27808,-2.0729157966164875
27809,-8.510667920235633
27810,-0.39488391347064566
27811,-8.529019551081063
27812,-8.646376822401713
27813,-8.45381856864176
27814,3.9922122525601957
27815,-8.637684053079951
27816,-8.494184733693833
27817,-8.642935964781291
27818,-8.617836587439205
27819,-8.643246924058637
27820,-8.537553552510891
27821,0.9655593828757221
27822,-8.20564686396227
27823,-0.9957058748870397
27824,-8.229043121357806
27825,0.214983183992564
27826,-7.757613478169261
27827,0.5874750299249913
27828,-8.655194045868901
27829,0.4938556892363519
27830,-8.146968075535307
27831,-8.631341423181558
27832,-8.642169537899155
27833,-7.879796137381779
27834,-6.0975210920500285
27835,-8.625291833272644
27836,-8.583270227188757
27837,-6.119711990787668
27838,1.5034241093482532
27839,-8.632533789777638
27840,-8.647929834990387
27841,-8.629366315154497
27842,11.204662894437693
27843,-8.30036303066148
27844,-7.218571716808829
27845,-8.510667920235633
27846,-8.65458429646504
27847,-8.520738512543005
27848,-8.609383637545148
27849,7.448639906414516
27850,2.231566618583291
27851,0.3211140783262776
27852,-8.620234579359165
27853,-8.607855864643376
27854,-8.613736100163274
27855,-8.63313463416224
27856,-8.624931043569598
27857,-8.457544057616008
27858,0.3780392587039648
27859,0.015399441712248052
27860,-8.44416670112253
27861,-8.638454276416521
27862,-8.641604000177468
27863,-4.421852702174393
27864,0.47155015545790757
27865,1.0710403338579697
27866,-7.871249040632177
27867,-8.523856118771931
27868,-8.600456748505565
27869,-8.412751572516697
27870,-7.9062139806627805
27871,-8.46167222354995
27872,-8.586447157058345
27873,-8.222618670395764
27874,-8.17520990059978
27875,-8.632533789777638
27876,-1.1848546879410629
27877,-8.636849682005819
27878,-8.403112501098528
27879,-8.444058454587024
27880,-4.202154840766932
27881,2.2616737783532668
27882,-8.653134870544456
27883,-8.576890853431289
27884,-8.599765940703065
27885,3.581077577599916
27886,-8.594253332985112
27887,-8.62954249292121
27888,-8.620234579359165
27889,-8.618895631936873
27890,-2.096606194874102
27891,-6.641025024473901
27892,3.038553458668309
27893,-8.535423920000783
27894,-7.663162334300631
27895,-6.344384377576115
27896,-8.44416670112253
27897,-1.9623224889267563
27898,-8.621122077097406
27899,-2.5358546866300333
27900,-8.655194045868901
27901,-7.11797043174516
27902,-8.41690171535561
27903,2.950453670802292
27904,-8.642169537899155
27905,-8.462266239490258
27906,-0.043575530084975334
27907,-8.611545630790655
27908,-8.620664052416007
27909,-8.570040041625953
27910,-8.64744478276961
27911,-8.632533789777638
27912,-8.602892381793952
27913,-8.6331419915953
27914,-8.403112501098528
27915,-8.444058454587024
27916,-6.387841586890579
27917,-8.268336896716473
27918,-8.65458429646504
27919,0.30067187003256024
27920,-8.65321182721708
27921,4.37463437622999
27922,-6.635431237933063
27923,-8.513926905874376
27924,-8.626805276174581
27925,-8.635689396677707
27926,-8.64719594541555
27927,-8.057332788977272
27928,-8.630295745551745
27929,-8.64553991181437
27930,-8.393624812043686
27931,-6.100056132691357
27932,1.6731145511881889
27933,-8.533096942387166
27934,-8.641604000177468
27935,-1.9156830106954157
27936,-2.0447991639929275
27937,-8.615850069941807
27938,-8.20236846846504
27939,-8.63340815416089
27940,-8.599457514499198
27941,7.053454308465994
27942,0.8629534322917866
27943,-8.491646186287031
27944,-8.620664052416007
27945,-8.549350606231505
27946,-5.411429710244916
27947,-2.0126013649793943
27948,-8.632835248749066
27949,-8.615987920938657
27950,-1.0682697397264138
27951,2.736087947458315
27952,-7.218571716808829
27953,-3.1914924913078964
27954,-6.888551418451796
27955,-8.545396256019455
27956,-8.649553663117938
27957,4.09233553784539
27958,-0.8022859606988881
27959,-8.643555673020956
27960,4.241365493382608
27961,-8.612195347795389
27962,-8.347071568368419
27963,-8.624236963913127
27964,1.3854069770451143
27965,-8.583125890225935
27966,-8.342719322530378
27967,-8.633029688702571
27968,-8.33569513892418
27969,-8.638454276416521
27970,-8.641604000177468
27971,2.4133028477062117
27972,-8.655194045868901
27973,-7.19943528725654
27974,-8.351390363529829
27975,-7.157321332439058
27976,-8.451492522059672
27977,-6.555859251530156
27978,-7.9062139806627805
27979,-1.3025741735685954
27980,-0.22224960643472008
27981,-8.573572684620036
27982,-4.401396415559689
27983,-8.632533789777638
27984,1.7041439850281521
27985,-8.623305474697892
27986,1.5418838779580861
27987,4.394119641859879
27988,1.6492215007280797
27989,-8.510667920235633
27990,-2.6496834041326407
27991,-1.8046026113848475
27992,-8.65321182721708
27993,-8.45381856864176
27994,-8.61461980579223
27995,-7.3341626498116055
27996,-8.597965217066523
27997,-8.616531398184573
27998,-8.603480485961304
27999,-4.11216605031494
28000,1.8966550159062336
28001,-2.7506774771250107
28002,-7.998149094830342
28003,-6.7660569056706095
28004,-8.44416670112253
28005,-8.610080200983123
28006,-8.641604000177468
28007,3.239054172127722
28008,-0.2561432817836298
28009,-7.448686837695833
28010,0.21634563284533115
28011,-7.020963143619481
28012,-8.638609512573403
28013,7.800967322458018
28014,-4.323097819118013
28015,7.214601522663344
28016,-8.607895209208266
28017,-8.528010273758378
28018,-7.907169631594374
28019,-8.389447807040218
28020,-8.524605233178356
28021,-8.636849682005819
28022,-8.230504573266973
28023,-8.147290667418662
28024,5.762728363343143
28025,-5.680755658828953
28026,3.254375476945125
28027,-0.0121890264440907
28028,-8.652067494030353
28029,-6.5905785027783015
28030,-8.571223595439951
28031,-8.642720463407997
28032,-8.087140811818324
28033,-5.79500493141602
28034,-8.409899506363367
28035,-8.643246924058637
28036,-8.625271150581748
28037,-0.43948376710647175
28038,-8.399440613754118
28039,-8.647766622666927
28040,-8.08071017928594
28041,-8.638454276416521
28042,1.0444009147821782
28043,-7.997767347867848
28044,-8.646914691362658
28045,-8.442427455499226
28046,-8.458132560631377
28047,1.3396931187172267
28048,-8.63324418786595
28049,-8.476687341241924
28050,-5.54159720594485
28051,-8.628581080813674
28052,-8.620664052416007
28053,2.9931280371500177
28054,-8.640032458523494
28055,-7.11910361524682
28056,-8.628345317212254
28057,-8.636849682005819
28058,-7.603215011289782
28059,0.7012423305050635
28060,8.660069552068288
28061,-7.905545309355231
28062,-8.638458973645399
28063,-8.534249013390333
28064,-8.64716584928296
28065,4.43407885641038
28066,0.2981615394172512
28067,-8.630405899529435
28068,-8.62040452554597
28069,-8.63976087422437
28070,1.1387035280863458
28071,-8.632762830645882
28072,-0.5306995398198082
28073,-8.644113127992632
28074,-8.643976628395466
28075,-8.622913803316518
28076,2.9514943990609677
28077,-2.8826233314050485
28078,-8.641154842053131
28079,-1.4491030196178927
28080,-8.655194045868901
28081,-8.179981488126458
28082,-8.426845752134742
28083,-8.63340815416089
28084,-5.865513557567862
28085,-7.706814340124564
28086,0.8364202277028185
28087,-8.60684835452821
28088,-8.579752548712792
28089,-8.579709100502763
28090,5.885980218030112
28091,-6.114700026122931
28092,-0.6984587534821094
28093,0.8654093974398765
28094,-7.286298669485298
28095,-8.340144822112945
28096,-1.513054463645242
28097,-8.510667920235633
28098,-8.605806884692628
28099,-8.576890853431289
28100,-8.27845970633624
28101,1.4644852809185007
28102,-0.9721633656839384
28103,-8.644324511009643
28104,-8.626805276174581
28105,-8.63967881721476
28106,-8.62818747331495
28107,-5.58762127990705
28108,-8.526687540349705
28109,-4.5841644148193454
28110,-8.643976628395466
28111,-8.442845484158125
28112,-8.383612207618224
28113,-8.639177262740123
28114,-8.636069935016073
28115,-8.175262573361788
28116,-8.584015041661285
28117,-8.626916768722907
28118,-7.77664547187653
28119,-5.559831366994134
28120,-8.609140448851388
28121,-5.891936403969845
28122,-1.135944860252212
28123,-8.628581080813674
28124,3.3568659836093335
28125,0.302504486600757
28126,-8.647275687667456
28127,-8.632533789777638
28128,-8.201095001992039
28129,-7.159337468182703
28130,-8.216640872181559
28131,-8.614789306603369
28132,-1.571110482381532
28133,-8.48842853930096
28134,-7.9924846547137625
28135,-8.173847455969389
28136,-8.623652287931069
28137,-6.54615700079561
28138,-8.62336441632757
28139,-3.2866324121793915
28140,-8.565902881312867
28141,1.2572033268278966
28142,-8.617101065208448
28143,-6.635811910293857
28144,-0.5771027349575886
28145,-8.64553991181437
28146,0.1000365694889844
28147,-8.597572911616306
28148,-8.16421605361023
28149,-8.534554208874514
28150,-8.641604000177468
28151,-8.175262573361788
28152,-1.4104560025561996
28153,-6.060160632428925
28154,-2.1415378835838172
28155,-8.60981908609797
28156,-8.574051920098118
28157,-6.286249997549139
28158,-7.9062139806627805
28159,-8.602022318883732
28160,-7.134660672894597
28161,-8.580633937502993
28162,-8.64744478276961
28163,-8.636239036006916
28164,4.056760571571722
28165,-8.636849682005819
28166,-8.39865114210782
28167,-8.614789306603369
28168,-1.0806496177437004
28169,-8.504160003212002
28170,-7.814362440370019
28171,-8.585011851300775
28172,-8.65021622921678
28173,-8.508772060321721
28174,-5.956878031194799
28175,-8.644052127662512
28176,-8.627386185468522
28177,-8.629412842980456
28178,-8.642303221476327
28179,-8.63896389328369
28180,-8.639333540585396
28181,-8.205878669670579
28182,2.0356597228143394
28183,-0.5743472519356887
28184,-7.683037709139356
28185,-8.621366908932691
28186,-8.61263916995847
28187,-8.175262573361788
28188,-3.821645673347027
28189,-8.626916768722907
28190,-8.46633765197771
28191,-8.63340815416089
28192,-8.645486667358915
28193,-8.476687341241924
28194,-7.9062139806627805
28195,-5.129429015675639
28196,-8.326941081619509
28197,-8.51118181724669
28198,-8.627066813361186
28199,-8.635832806556774
28200,-8.63831544196592
28201,-8.61313124452727
28202,-3.584722100101506
28203,-8.61376552702329
28204,-3.9168346047897584
28205,-8.510667920235633
28206,-4.9056995121517
28207,-8.609982635260408
28208,1.1843216760461281
28209,2.372678874375156
28210,0.790651338555497
28211,-0.4191520236861306
28212,-8.616395037533067
28213,3.2206554638257217
28214,-8.64719594541555
28215,3.4934651822886034
28216,-2.5697081831359716
28217,-8.63984421404103
28218,-8.60689064228509
28219,-8.641439288329583
28220,-7.998298422154386
28221,-8.649907931856927
28222,-8.641604000177468
28223,-0.19399526209015505
28224,-8.655194045868901
28225,-8.612016823206147
28226,-7.999137140652667
28227,-8.608292147330527
28228,-8.61074534745046
28229,-6.004078642011308
28230,-3.4974749407974213
28231,-8.610877312794504
28232,-8.567933129329596
28233,-5.2672422108287344
28234,-1.7556164393934945
28235,1.932802990827272
28236,-8.651839115091468
28237,-8.633131200612532
28238,-7.850877044211706
28239,-8.577179477378273
28240,-6.747972110397649
28241,-7.732260276171428
28242,-1.5198004910210912
28243,-8.556022319241203
28244,-8.648285815438852
28245,-2.583785893087567
28246,-8.625853496154603
28247,6.393885729909881
28248,-8.627386185468522
28249,-8.618033512265352
28250,-8.48124268777699
28251,-8.643246924058637
28252,-2.5795615892589305
28253,2.9007325764520338
28254,-0.24805381794532694
28255,2.3019004184656073
28256,-8.44416670112253
28257,-8.649907931856927
28258,-8.6277635168749
28259,-4.165046210982831
28260,-6.776092795548227
28261,-8.410151103164848
28262,-5.547915174423868
28263,-8.55242911068094
28264,-4.617151091438007
28265,1.1676158229575273
28266,-3.4617389912293555
28267,-4.228069921709549
28268,-8.62697068770114
28269,-8.580633937502993
28270,-8.64744478276961
28271,-8.620586156314934
28272,-0.4865118640773835
28273,3.0475614830849693
28274,1.4038899113970054
28275,-8.614789306603369
28276,0.21098832305221804
28277,-8.510667920235633
28278,3.122305673139842
28279,-8.553019006047872
28280,-8.65321182721708
28281,6.3319339498044815
28282,-8.625853496154603
28283,-6.587325336418102
28284,-3.479830871444512
28285,-8.630467518299513
28286,1.9782957819480111
28287,-8.639017424867266
28288,-8.06660854822946
28289,-8.607302612675937
28290,-6.552133986108922
28291,1.8005987201823945
28292,-8.204315210482982
28293,-8.641854878267933
28294,-8.641604000177468
28295,-2.299837760416518
28296,-8.654232389379988
28297,-8.372831200624098
28298,-8.46633765197771
28299,-8.62594167539228
28300,-0.8896082116999016
28301,-8.476687341241924
28302,-7.9062139806627805
28303,-8.628581080813674
28304,-8.62697068770114
28305,-3.580269696052225
28306,-8.62812365694881
28307,-8.636239036006916
28308,-8.651839115091468
28309,-8.6082407906431
28310,-7.717079461753394
28311,5.308900432250013
28312,-1.2044750586426334
28313,-8.510667920235633
28314,-8.655124469084445
28315,-8.610480354276406
28316,-8.65321182721708
28317,1.8344841814338841
28318,-8.514166262197659
28319,-1.001079302450408
28320,-8.62611769124365
28321,1.4816736515874422
28322,-8.547502588739718
28323,-7.971436539987531
28324,-8.635615572633824
28325,-8.601131658211226
28326,-8.640556834812292
28327,-8.645556387728075
28328,0.3938650840669411
28329,0.05204887918737855
28330,-6.543081336066209
28331,-1.2980678280229934
28332,-8.656583915618867
28333,-0.2496492375841719
28334,-7.941690255648574
28335,-8.592255967721949
28336,3.280750023667552
28337,-8.476687341241924
28338,-3.398097251698711
28339,-8.620906495168578
28340,0.4856443134827386
28341,-8.463157455051102
28342,-8.618362708748279
28343,2.0671569327832704
28344,-8.650536446866854
28345,-8.60894070977376
28346,-7.96839126922543
28347,-0.036863533346496724
28348,10.382849703355962
28349,-8.630272772438442
28350,-8.655124469084445
28351,-8.376912141883883
28352,-8.647985859955812
28353,-6.277017448105093
28354,-8.60591343313361
28355,-8.46407107023971
28356,-8.637484297960667
28357,-2.180919670289272
28358,-8.64719594541555
28359,-5.584556059022967
28360,-8.638498382718664
28361,-8.64553991181437
28362,-8.574683280694773
28363,-8.629550323361501
28364,-8.184304309254298
28365,-8.625193452161682
28366,-8.637041289644982
28367,-5.757051212927077
28368,-8.637042538958516
28369,-8.64395370671093
28370,-8.104885941623776
28371,5.026372160520084
28372,-8.645486667358915
28373,-5.7531352149162664
28374,-2.8874617157019493
28375,-4.076221265417757
28376,4.423113846786766
28377,-8.597530765941404
28378,-1.965029207630527
28379,-8.636239036006916
28380,-7.524996804389884
28381,-7.386989917288468
28382,-8.403112501098528
28383,-8.503028122808592
28384,-1.4222684204715281
28385,-5.7906318536973025
28386,-8.655124469084445
28387,-8.610480354276406
28388,-8.64790324302091
28389,-8.211514410034132
28390,-8.621216436628591
28391,-1.9980025018513337
28392,-8.61764893754042
28393,-8.402910401027546
28394,-1.230290557347722
28395,-8.643246924058637
28396,-7.895225331983052
28397,-8.629155297970327
28398,2.39806938870659
28399,-8.647766622666927
28400,-7.665519201403663
28401,-8.649907931856927
28402,-8.597564761266907
28403,-7.881418697787656
28404,-8.652998303372947
28405,-8.64395370671093
28406,-3.592846936202154
28407,-8.636292398911168
28408,6.015649100625792
28409,-6.17325541623011
28410,-1.392608277586519
28411,-8.624849068063094
28412,-8.586553655752065
28413,-8.597530765941404
28414,-7.433589999985936
28415,-8.616568420614486
28416,-8.626759718500214
28417,-8.579466301667695
28418,-7.855752886326566
28419,-8.614789306603369
28420,-1.3030829390703997
28421,-8.62875544670801
28422,-8.655124469084445
28423,-8.61630877550831
28424,-8.661749144291216
28425,-8.395784446598142
28426,-8.625853496154603
28427,-8.637471389360048
28428,-8.637484297960667
28429,-8.610675536063242
28430,-8.64719594541555
28431,-8.643246924058637
28432,-1.0512421722774392
28433,-3.065363484760142
28434,-8.643976628395466
28435,-8.646992381520093
28436,-8.19369137641714
28437,-8.632214589566395
28438,-8.36616542689239
28439,-8.175262573361788
28440,-1.756344784033653
28441,0.49946987103176355
28442,-7.4980226624704756
28443,-0.24518096684229918
28444,-8.578534288837993
28445,1.0543143329331333
28446,-0.6346619555129116
28447,-8.633228047396837
28448,-8.62697068770114
28449,-8.569412078257251
28450,-8.64744478276961
28451,-8.645765481660499
28452,-8.614411078206642
28453,-8.634777634545248
28454,-7.41605127023052
28455,-8.614789306603369
28456,-1.4650692795534996
28457,-8.594403860498737
28458,3.6911220987227953
28459,-8.580977367641298
28460,-8.656583915618867
28461,-5.882393494480841
28462,-8.625853496154603
28463,-8.601778654638547
28464,0.59745216653026
28465,0.9552342994638632
28466,-8.64719594541555
28467,-8.564919495936222
28468,-8.64026453869795
28469,-8.64553991181437
28470,-6.231338587461638
28471,-8.623482048643577
28472,-7.737216205601267
28473,0.5431859289402149
28474,-1.3244395754597338
28475,-2.039057499750991
28476,-8.661749144291216
28477,-8.62760994537783
28478,-8.42677370920626
28479,-8.62018276766445
28480,-8.5902851076964
28481,-8.476687341241924
28482,-3.3818192980369313
28483,-8.621691850637632
28484,-8.588848532383514
28485,3.4702533045935495
28486,-8.64732501459253
28487,-8.645765481660499
28488,-0.254865888289914
28489,-8.323487190198303
28490,-7.565500820218887
28491,6.714136350840064
28492,0.7773015843260462
28493,-8.630272772438442
28494,-8.644577403454882
28495,-8.61630877550831
28496,-2.14376287720662
28497,-3.549973960986297
28498,5.712231241273891
28499,-8.644324511009643
28500,-8.636717211232195
28501,-8.618300392541284
28502,-6.5307729213223595
28503,-8.626918382630102
28504,-8.64026453869795
28505,-8.64553991181437
28506,-3.555399946247638
28507,-8.647766622666927
28508,-2.7247429892307515
28509,-8.649379319135903
28510,2.292701945962448
28511,-8.016372413850677
28512,-8.654634549073233
28513,-8.64395370671093
28514,-8.009111324407646
28515,-8.649236060683132
28516,-8.030029379848905
28517,0.0822306628235614
28518,-0.6106737181886335
28519,-7.965255529709476
28520,0.043035851623557386
28521,-8.599961308532693
28522,-2.542320953585505
28523,-4.329444787132762
28524,-8.652651202846354
28525,-8.629282326384084
28526,-7.8522853869634135
28527,0.49931247602112616
28528,1.633631040761327
28529,-7.759696388020335
28530,-8.653786290508972
28531,-7.953210922371713
28532,-0.9912552113201267
28533,-8.508772060321721
28534,-8.64145466003869
28535,-2.6793379830773074
28536,-8.637484297960667
28537,-3.300431524455171
28538,-8.64719594541555
28539,-3.3722518369841707
28540,-8.62873756699403
28541,-8.642609822347891
28542,-8.652870635571874
28543,-8.589002034694584
28544,2.041181336546716
28545,-8.636978610961114
28546,-8.631844231726669
28547,-6.564174778015065
28548,4.094127530458265
28549,-7.991776566561412
28550,1.0318481512215758
28551,-8.64569375417056
28552,-8.627774405320906
28553,-7.796270239809491
28554,-0.4795920546772672
28555,-8.633228047396837
28556,-8.59022065942906
28557,-8.617106426969729
28558,-8.640845498765277
28559,-8.645765481660499
28560,-8.645179893065196
28561,-0.621524631678207
28562,-8.227428720428142
28563,-1.9285442838313767
28564,-3.305786786036013
28565,3.1888901923891
28566,-8.658964977161343
28567,-2.0897581625555075
28568,-6.7429727335561624
28569,1.5534871898740585
28570,-8.641813838716388
28571,-8.644324511009643
28572,-8.63219544988156
28573,-8.642935964781291
28574,-8.656982400683534
28575,-8.643246924058637
28576,-8.64026453869795
28577,-8.6530641757756
28578,-8.649430047222081
28579,-8.646226798770492
28580,-2.1840796356038865
28581,-8.649907931856927
28582,0.39135456883924075
28583,-0.9761002887551982
28584,-3.8111201952556892
28585,-8.636508885299245
28586,-8.390271079988915
28587,-8.649236060683132
28588,-0.2332339125553371
28589,-8.427230483243878
28590,-7.9062139806627805
28591,-8.632931323057157
28592,-8.58583344330611
28593,3.356742244327623
28594,2.3072231325417927
28595,-8.651179926721593
28596,-8.651009724974601
28597,-8.614455310704512
28598,-0.96885615601548
28599,-8.614789306603369
28600,7.377695850377696
28601,-8.630272772438442
28602,-2.550376149358624
28603,-8.638813431827618
28604,-8.656474516750212
28605,4.788949088318674
28606,-8.54995762935229
28607,-8.65011363611642
28608,-8.637484297960667
28609,-8.618857894519863
28610,-8.656982400683534
28611,-8.643246924058637
28612,-8.64026453869795
28613,2.095212380197537
28614,-8.656873712982385
28615,-8.635182056053448
28616,-8.086333944359778
28617,-3.4412277811046454
28618,-8.435369236097113
28619,-5.682139715437643
28620,-8.660518164430027
28621,-8.644266688898213
28622,-8.46633765197771
28623,-1.6404717854366333
28624,-7.904376945992258
28625,-5.878465495165905
28626,-7.9062139806627805
28627,-8.633228047396837
28628,-8.62697068770114
28629,3.9035718312805354
28630,-8.64744478276961
28631,-1.0636770517093133
28632,2.9994622870814394
28633,-5.491411210535793
28634,0.10163414697498907
28635,-8.614789306603369
28636,3.6106401735519666
28637,-8.630272772438442
28638,-8.152753037304471
28639,-8.470039871779194
28640,-8.6515031581629
28641,-8.508772060321721
28642,-6.501957111196064
28643,-0.5873680528662725
28644,-8.637484297960667
28645,-8.642935964781291
28646,-8.652565156648862
28647,-8.505974256284677
28648,0.6099817804836729
28649,-8.647137317652046
28650,-8.570323641005311
28651,-8.485527420502128
28652,-8.44416670112253
28653,-8.649907931856927
28654,-8.641604000177468
28655,-0.7473781357885084
28656,-8.661749144291216
28657,-8.646244675312982
28658,-8.300894366211322
28659,-8.649236060683132
28660,-8.643133741383124
28661,-8.476687341241924
28662,-7.9062139806627805
28663,-8.633228047396837
28664,-8.62697068770114
28665,-8.617106426969729
28666,-8.632548232228542
28667,-0.7781832114089515
28668,-8.652651202846354
28669,-3.1396697323017975
28670,-7.950113401750939
28671,-8.637247836204807
28672,-0.007607457106625137
28673,-8.556044360039369
28674,4.8961610969991245
28675,-8.63684798502746
28676,-8.649393059631572
28677,4.70277305309716
28678,-8.641813838716388
28679,-0.2517244875737862
28680,-8.637021113304964
28681,-8.643965459022157
28682,-6.506774666549344
28683,-8.643246924058637
28684,-8.638626603560976
28685,-4.988070608620508
28686,-8.656873712982385
28687,-8.647766622666927
28688,-8.34185069565668
28689,-8.644717237085256
28690,-8.641604000177468
28691,-8.175262573361788
28692,-2.2626086916771024
28693,0.19414966812131496
28694,-6.848480772218767
28695,-8.62649803673968
28696,-8.637096405321108
28697,-8.388595511181911
28698,-8.63396940270465
28699,-8.629524507986686
28700,-8.628542828303296
28701,-8.63788249232972
28702,-8.645790212909901
28703,0.027013192189851043
28704,-8.644286382387318
28705,-4.482068274671882
28706,-5.467727476771533
28707,0.0366660950571549
28708,2.4515768625067165
28709,3.3172678121007486
28710,-8.657741965056777
28711,-1.1261858600442836
28712,-8.656496817510249
28713,1.9310136844321275
28714,-8.641813838716388
28715,-8.633388445949706
28716,-4.0549765464046414
28717,-8.31826721913016
28718,-4.075643276370059
28719,-8.643246924058637
28720,-8.35798383650027
28721,-7.758160385458803
28722,-8.657102409857202
28723,-8.64400789733321
28724,-8.126014623123218
28725,-8.64652586168959
28726,-3.2454806008521517
28727,0.5269529969147491
28728,1.5577699330648747
28729,-8.637209189398302
28730,-3.070869900317313
28731,3.6758086781678023
28732,-2.533507971176139
28733,-8.332821197316063
28734,-8.63396940270465
28735,-8.633228047396837
28736,-8.632839072754097
28737,-8.340367668242317
28738,-8.630465862527391
28739,-8.600782888333288
28740,-0.9781486157394637
28741,-8.634213033460439
28742,-0.9468007633986949
28743,-1.2749626787697061
28744,-0.05056992543969541
28745,-8.630272772438442
28746,-8.65221858961763
28747,-6.3686443854488
28748,4.1683681622076225
28749,-6.055687789082011
28750,3.061604275101507
28751,0.934043515215697
28752,-1.586084578964143
28753,-7.005533098723845
28754,-8.628326526532568
28755,-8.643105845033357
28756,-8.480920295706541
28757,-8.6530641757756
28758,-4.140621654075891
28759,-8.62552778169274
28760,-7.712928970520837
28761,-8.649528032436457
28762,-8.641604000177468
28763,0.5551863701835966
28764,-8.661749144291216
28765,-8.648426164997163
28766,-8.349605107669806
28767,-8.642611722284322
28768,-1.4929642613505525
28769,-7.837882192660069
28770,-8.63396940270465
28771,-2.199766016040571
28772,-8.598144541252532
28773,-8.620219030737243
28774,-2.136300794908399
28775,-8.642470845110715
28776,-7.673527419563937
28777,-8.636849682005819
28778,-8.403112501098528
28779,-8.637247836204807
28780,-7.218571716808829
28781,-8.599596368347774
28782,-8.658964977161343
28783,-7.632027766805664
28784,-8.656583915618867
28785,-6.069904457592124
28786,-7.158490095737651
28787,-8.63795885541789
28788,-8.638169189672935
28789,-8.654865231719366
28790,-8.622676159434423
28791,-8.643246924058637
28792,-0.35564134747523946
28793,-8.658260014496598
28794,-8.658228923882021
28795,4.274659753542015
28796,2.351073049958807
28797,-8.41117133095306
28798,-8.6405752916112
28799,-5.810369403052376
28800,-8.661749144291216
28801,-8.283238741712086
28802,-8.445864140571581
28803,-6.804165841888382
28804,-8.61034747810448
28805,-7.842795798978977
28806,-2.002108158540949
28807,-1.23926368873083
28808,-7.209433733067878
28809,-8.63788249232972
28810,-7.498259024132481
28811,-8.632525416622046
28812,-1.6993551188220124
28813,-8.627675978896225
28814,-1.2260214648522099
28815,-8.636480218098244
28816,-7.218571716808829
28817,-8.532546295404131
28818,-8.635518202212465
28819,-8.638813431827618
28820,0.24568569305946997
28821,0.6699585643087469
28822,-8.61566671836974
28823,-8.634454936560836
28824,-8.64088687756726
28825,-2.3730081914463192
28826,-0.6939436967087547
28827,-8.48044182176556
28828,-8.64026453869795
28829,-7.686030630067465
28830,-8.593153942482932
28831,-8.647766622666927
28832,-8.44416670112253
28833,-8.649907931856927
28834,-8.646972141238445
28835,-2.676860276815175
28836,-8.63717904241981
28837,-8.65266655399871
28838,-8.46633765197771
28839,-7.0337285570599555
28840,-8.620209420505436
28841,-6.103892716891126
28842,-5.655967139392016
28843,-8.633228047396837
28844,-8.630618854099842
28845,0.5727050889036955
28846,-7.809955675373978
28847,-8.648274417020417
28848,0.6365420821232552
28849,-8.599228834043101
28850,1.4987405594822196
28851,-8.648584286596718
28852,2.1315751287691755
28853,-8.594460574156999
28854,-3.952560179127318
28855,-8.306244859733301
28856,-8.638414466646129
28857,0.9269027005905133
28858,-8.641813838716388
28859,-8.6293328629153
28860,-8.630078757461726
28861,-8.458897032100017
28862,-8.65190651606503
28863,-1.3059872434907285
28864,-0.06271859855345907
28865,-8.66080089715737
28866,-8.6359201655301
28867,-1.302863228389206
28868,-7.987268671417452
28869,-8.238083228493647
28870,-8.58937048279122
28871,-8.175262573361788
28872,-8.659844082111855
28873,-6.642283575964904
28874,-8.196612363916413
28875,-8.649236060683132
28876,-8.62326393137993
28877,-6.701045787821168
28878,-0.21729167025328205
28879,-8.097402751300605
28880,2.752476054012228
28881,-8.626533297885436
28882,-8.56911279366669
28883,-7.858503795326586
28884,-8.652651202846354
28885,-8.6078872700628
28886,-7.454633690573996
28887,-0.18029752602231186
28888,-1.348342036027697
28889,-8.294665336545156
28890,-7.655480417103885
28891,-5.03165253283407
28892,-8.65199279620695
28893,-7.680908366928731
28894,-1.4151582724121072
28895,-8.627334491851563
28896,-8.64088687756726
28897,-8.624820399089904
28898,-8.661086195986664
28899,-8.631645068903792
28900,-8.64026453869795
28901,-8.66080089715737
28902,-8.645828497062254
28903,-8.647766622666927
28904,-8.320871296041524
28905,-8.641908322616574
28906,-7.331610584478343
28907,-2.273245322296324
28908,-8.661749144291216
28909,2.4175639373987337
28910,1.5050575042016687
28911,-8.633267682807944
28912,-8.58864825424937
28913,-1.5270827235824451
28914,-6.263535248795894
28915,-8.62041877393614
28916,3.041734929560379
28917,-8.63788249232972
28918,-8.64744478276961
28919,-8.651179926721593
28920,-6.214634021846922
28921,-8.636849682005819
28922,-3.8710645770496717
28923,-6.428899409216641
28924,-0.9158338547856779
28925,-8.20295206179322
28926,-8.637532549398848
28927,-8.615793204323142
28928,-8.656583915618867
28929,-8.507963032517077
28930,-6.555463109459282
28931,-8.648277535922942
28932,-8.620280644699658
28933,-8.56869908928923
28934,-0.13007209637237294
28935,10.076172561696739
28936,-8.633484430656273
28937,-6.655931612378234
28938,-8.655487057304983
28939,-0.21837279864053682
28940,-4.430263063464792
28941,-8.628837079378735
28942,-8.646972141238445
28943,-3.384756027330348
28944,-8.653388898868396
28945,-3.2262665070635013
28946,-8.067802518813716
28947,-8.649236060683132
28948,-8.623673896484071
28949,-8.459645289506978
28950,-1.111335612868451
28951,-8.628090059405562
28952,-8.659669056243645
28953,-8.63788249232972
28954,-8.645369190878267
28955,-8.436723794154396
28956,-8.652651202846354
28957,-8.623980058237795
28958,-8.403112501098528
28959,-8.617251764891297
28960,12.282261300699675
28961,-8.62239158470406
28962,-8.6557323604861
28963,-8.638558301742314
28964,-8.656583915618867
28965,-8.508772060321721
28966,-8.641813838716388
28967,-8.645805169132878
28968,0.6190591477763823
28969,-8.654865231719366
28970,-2.2042917266635396
28971,-8.643246924058637
28972,-8.64026453869795
28973,-8.165612258446627
28974,3.687533061204864
28975,-7.741567359835056
28976,-8.371746593158646
28977,-5.259321576086415
28978,-8.62990742460635
28979,-1.1072497378686537
28980,-7.979718438193086
28981,-8.65266655399871
28982,-8.406078428925511
28983,-8.547286651845162
28984,-2.0263107446838484
28985,-8.476687341241924
28986,-0.1326881029550262
28987,4.654141324437594
28988,-8.66212243840365
28989,-8.607615753831306
28990,-8.64744478276961
28991,-8.651132651041117
28992,-8.63909527813551
28993,-8.618967547393238
28994,-8.403112501098528
28995,4.406747317973872
28996,2.4082921375401103
28997,-8.569891703738039
28998,-8.658964977161343
28999,-8.634132755836825
29000,-8.656583915618867
29001,-5.434220333156141
29002,-8.616379922405383
29003,0.33416269559009737
29004,-8.535534533648034
29005,-8.626142410394042
29006,-1.6819291911469012
29007,-8.639217252237689
29008,-7.991188273149426
29009,-8.651002507982653
29010,-8.658228923882021
29011,-7.928351451331658
29012,-8.44416670112253
29013,0.059589412046755386
29014,-8.582708412346808
29015,-4.735008672611044
29016,-8.66212243840365
29017,-8.620835802471738
29018,-8.234103032394497
29019,-8.61666967751139
29020,-6.070747255903814
29021,-8.476687341241924
29022,-8.63396940270465
29023,-8.628180028154722
29024,-8.646621218112863
29025,-8.653372217718921
29026,-8.253034790130673
29027,-8.651179926721593
29028,0.9642602528690342
29029,-8.596469293045136
29030,-8.403112501098528
29031,-8.631660421495136
29032,-6.37968362999895
29033,-8.261460107721309
29034,-0.3326184188054184
29035,-8.591388037411644
29036,-8.652511841345541
29037,4.863997228644365
29038,-0.6181425650419405
29039,-8.66559100797678
29040,7.744606217903475
29041,-8.639520406743543
29042,-8.661086195986664
29043,-1.5982027161658159
29044,-8.671619743552833
29045,3.139974142140935
29046,-8.658228923882021
29047,-7.165938739699877
29048,-7.88100503861149
29049,-8.649907931856927
29050,-5.9873519532526
29051,-8.175262573361788
29052,-1.0622923750426807
29053,-8.584139785575482
29054,-8.32577665148168
29055,-8.562400073418809
29056,-8.633868726428442
29057,-8.449974728478814
29058,-8.63396940270465
29059,2.9875530316984937
29060,-8.59623643329628
29061,-8.638343164902523
29062,-8.64744478276961
29063,-8.658228688226288
29064,-8.65054232557181
29065,-8.636849682005819
29066,-8.403112501098528
29067,-1.5632345613657326
29068,-7.218571716808829
29069,-8.60869045971538
29070,-8.137471100080562
29071,-8.638813431827618
29072,0.11185556012963538
29073,-8.508772060321721
29074,-8.641813838716388
29075,0.4183051514231728
29076,-8.64641128337414
29077,-8.382031378744811
29078,-8.661086195986664
29079,-2.694159458628895
29080,-8.657910538755765
29081,-8.642630011137351
29082,-8.642517635706946
29083,0.6476065399790163
29084,-7.922567973328388
29085,0.713130153023992
29086,-8.635183936101487
29087,0.933638478233348
29088,-8.663077128547993
29089,-8.652663508429983
29090,-8.025656996175327
29091,-3.5592804673735547
29092,-7.820012231182504
29093,-7.945936491936271
29094,-8.477144798751468
29095,-8.617222449803302
29096,-8.648327323740244
29097,-8.653219302507315
29098,-8.636519819750367
29099,-8.658228688226288
29100,-0.7443920145629569
29101,-8.63800710799409
29102,-8.403112501098528
29103,-8.636235240169226
29104,-0.030296944932993508
29105,1.0389739928504687
29106,-8.658964977161343
29107,-8.638813431827618
29108,-8.650587585132888
29109,-8.508772060321721
29110,-5.963464929853876
29111,-8.65179293968241
29112,-8.64641128337414
29113,-8.661420781191364
29114,-8.661086195986664
29115,-8.643246924058637
29116,-8.535634589457837
29117,2.98873135454775
29118,-1.598606187458536
29119,-0.024912059534810682
29120,3.808635472454858
29121,-8.473111139893666
29122,-8.636812358685493
29123,-2.094841436411092
29124,-8.676568531668291
29125,-8.638964375810241
29126,-1.7558557065231728
29127,-8.372417391680887
29128,-8.601278198843882
29129,1.397089345680099
29130,-8.53341128236875
29131,-8.62815567835196
29132,-8.634673256041864
29133,-3.2902115772328484
29134,-3.73659241825862
29135,-8.658228688226288
29136,-8.631672474019748
29137,-7.013603863546779
29138,-6.753100638172231
29139,-7.777853119798117
29140,-3.648740851564901
29141,-8.60198380822295
29142,-8.658964977161343
29143,-8.638813431827618
29144,-8.648051525115338
29145,-8.508772060321721
29146,-8.64233871082758
29147,-8.65772420894242
29148,-8.638704311530391
29149,-8.661420781191364
29150,-8.664885580058693
29151,-8.641673435044872
29152,-8.663210032230266
29153,-8.663128280291872
29154,-4.304760183206503
29155,-8.638405216213753
29156,-7.737609892059265
29157,-8.551164930970268
29158,-8.452932200243596
29159,-2.341953788756689
29160,-8.663452091166766
29161,-8.651909676274489
29162,-8.643282623749773
29163,-8.63880354834009
29164,-7.932871695864595
29165,-8.476687341241924
29166,-8.63396940270465
29167,-8.633228047396837
29168,-8.654328504649326
29169,-8.652820060801101
29170,-8.64744478276961
29171,-8.662257046661436
29172,-8.512851779972253
29173,-8.372006745449605
29174,-6.3460047917679265
29175,-8.653561578748889
29176,-7.218571716808829
29177,-8.634523441830254
29178,-8.578858005526063
29179,-8.612637388103302
29180,-0.2513891439198721
29181,-8.45170372027086
29182,-8.64233871082758
29183,-7.65971705604686
29184,-8.647594330332394
29185,-8.661420781191364
29186,-8.648164922813047
29187,-8.642644603523992
29188,-8.661121638002538
29189,-8.663128280291872
29190,-8.669131167308866
29191,-8.649297455450071
29192,-8.38646933314042
29193,-8.64491495408097
29194,-8.584171981194107
29195,-0.4721032798316015
29196,-8.502292659126336
29197,-8.646175850526465
29198,-8.643282623749773
29199,-0.5397528004760773
29200,-8.628566109401563
29201,-0.4889969102912103
29202,-2.324238140632376
29203,-8.635368067306803
29204,-8.653956392680412
29205,-8.669696350785083
29206,-8.64744478276961
29207,1.910423731711026
29208,-0.7829012374043418
29209,-8.621042813133299
29210,-8.376906253436262
29211,-8.658307830030633
29212,-5.75682642267817
29213,-1.471406538030307
29214,-8.650296951944645
29215,-8.638517101459042
29216,-8.656583915618867
29217,0.9663557483410898
29218,-8.63825384510224
29219,-8.657427052352617
29220,-0.06027481431348364
29221,-8.662452436390353
29222,0.30748533329017014
29223,-8.613639130462193
29224,-8.66559100797678
29225,-8.64749750273614
29226,-8.669131167308866
29227,-8.658729990835825
29228,3.3678892637532982
29229,-8.644588675356143
29230,-3.0704012690238383
29231,4.662780876072329
29232,-0.5647611342232175
29233,-8.655002118045177
29234,-8.643282623749773
29235,-8.649167497600942
29236,-8.645486667358915
29237,1.0857980369900335
29238,-8.417453473473167
29239,-8.631765533818623
29240,-8.661749144291216
29241,-8.669696350785083
29242,1.9996533662165177
29243,-2.9594977723267255
29244,-0.1780797975731705
29245,-8.63800710799409
29246,-8.403112501098528
29247,-8.650444093891434
29248,-7.218571716808829
29249,-8.634523441830254
29250,-8.639059617830068
29251,-8.643517622191153
29252,-8.319582908965343
29253,2.533799911190723
29254,-8.104425267457692
29255,-4.390782201886567
29256,-8.062699954072352
29257,-8.636835404648643
29258,-8.662374320976008
29259,-8.648087411637523
29260,9.689467488655618
29261,-8.663128280291872
29262,-8.670182445810411
29263,-8.62327205925199
29264,0.17850069030043536
29265,-8.640890426013211
29266,-8.619046691965572
29267,-4.528243803151684
29268,-8.676568531668291
29269,-8.647077208548188
29270,-8.63913771750429
29271,-8.649236060683132
29272,-8.443418301170055
29273,-7.982822677344192
29274,-2.848504576249844
29275,-8.639065012683968
29276,-8.661749144291216
29277,-8.639078342198733
29278,-8.206245196535054
29279,-8.662592919112809
29280,-8.650693529845988
29281,-8.631826976134185
29282,-8.403112501098528
29283,-8.66411131078986
29284,-7.218571716808829
29285,-0.23447745578985285
29286,-8.164031113443952
29287,-8.644403223915473
29288,-8.656583915618867
29289,4.992574138555769
29290,6.212871258804954
29291,-8.656220000196921
29292,-7.6863503507811135
29293,-8.64326824110946
29294,-8.664885580058693
29295,-8.635385722704132
29296,-8.175478176957474
29297,-8.647499140826813
29298,-1.7835081367770669
29299,-8.658729990835825
29300,-6.798981670584694
29301,-8.649907931856927
29302,-8.609191793580413
29303,-8.175262573361788
29304,-2.500680585264318
29305,-8.655002118045177
29306,-8.643282623749773
29307,-3.5506303679042635
29308,-8.640649992201565
29309,-8.476687341241924
29310,-8.63396940270465
29311,-8.60529558423234
29312,-8.659654421185817
29313,-8.669696350785083
29314,-8.64744478276961
29315,-8.65905916246004
29316,-8.652693350445857
29317,-8.58680649895008
29318,2.736785753979888
29319,-8.66411131078986
29320,12.405324230978527
29321,-4.091995133303659
29322,0.331928795712331
29323,-8.649598582420039
29324,-8.64411511240531
29325,1.0530332782912177
29326,-1.1030016957051667
29327,-8.67250932812531
29328,-8.647594330332394
29329,-8.65719550745836
29330,2.0703201264837743
29331,-8.648087411637523
29332,-8.66559100797678
29333,-2.927071971380358
29334,-6.583913515387981
29335,-5.618708179500893
29336,-7.673133937982491
29337,-8.65355415543387
29338,-8.6422653617364
29339,-8.175262573361788
29340,-8.67128271994608
29341,-8.56478712259542
29342,-8.632540437812183
29343,-8.649236060683132
29344,-8.645486667358915
29345,-5.173417999073231
29346,-8.63396940270465
29347,-3.109401280667923
29348,-8.661749144291216
29349,-8.66796246829497
29350,-8.647420561838747
29351,-8.660565575882572
29352,-8.653576243209729
29353,-8.63800710799409
29354,-7.878195909932548
29355,-8.66411131078986
29356,-5.060527319467402
29357,-8.640802381476323
29358,2.518327513575519
29359,-1.167398370903753
29360,-8.656583915618867
29361,-8.509578125562339
29362,-1.248577135493002
29363,-8.67250932812531
29364,-8.647594330332394
29365,-8.664074234660081
29366,-8.65344292924995
29367,-5.822145585279138
29368,-8.667931474592251
29369,-2.3523162222678717
29370,-8.63970422649642
29371,-8.026620969310224
29372,-7.87958995179593
29373,-8.61597328972593
29374,-0.05840298483647821
29375,-2.491242540162796
29376,-8.6583166108875
29377,-8.640447177934627
29378,-8.62349726123325
29379,-8.6206472533643
29380,2.645336462186949
29381,-3.6848786167641068
29382,-7.911273479930145
29383,3.2669750137386475
29384,-2.098074171255953
29385,-8.668895957983182
29386,-8.64744478276961
29387,-8.662592919112809
29388,-8.635526400375324
29389,-5.251173910597867
29390,-8.403112501098528
29391,-8.664374048771833
29392,-5.940107154912813
29393,-8.634428449612711
29394,-0.39422048331099835
29395,-8.6502868448622
29396,-5.014612150235907
29397,1.4233294239354106
29398,-8.626234740653219
29399,-8.669660919946356
29400,-1.4920945227506974
29401,-8.647256271666656
29402,-8.664239312656647
29403,-8.647514487430078
29404,-8.663203381830758
29405,-8.671046406380103
29406,-8.662164201332537
29407,-8.640041761500768
29408,-8.045536846573036
29409,-8.65355415543387
29410,-8.651375284666981
29411,-4.032063382609405
29412,-8.583003241325432
29413,-8.655002118045177
29414,-8.627500135465898
29415,-3.608740437943951
29416,-8.622044143656677
29417,-0.9157089186567264
29418,-8.616133667415925
29419,-8.639065012683968
29420,-8.661749144291216
29421,-8.407941095919437
29422,-8.650614892417272
29423,-8.662592919112809
29424,-4.91879852114447
29425,-8.642963953444928
29426,-7.900404304563164
29427,-8.667152088665093
29428,-6.1276862932993295
29429,-8.654078846705671
29430,-8.600223089663684
29431,-8.62676607822122
29432,-8.656424910716018
29433,-7.227082715908453
29434,-8.61658418538593
29435,-8.67250932812531
29436,-8.644705757493195
29437,-8.642903007987982
29438,-8.661146042390067
29439,4.720826102673825
29440,-8.652324310732041
29441,-0.40675089912637946
29442,-8.670182445810411
29443,9.902976793424251
29444,-1.8195752978891195
29445,-1.5173431165320013
29446,3.0802557209467976
29447,-8.067280424127908
29448,-6.258807205813205
29449,-8.650944040837452
29450,0.25414243474884857
29451,-8.628353593653237
29452,-8.627505253071398
29453,-8.476687341241924
29454,-8.643039006262644
29455,-8.639065012683968
29456,-8.629896690205975
29457,-8.651916826851194
29458,-8.650614892417272
29459,-8.662592919112809
29460,-8.64644791900948
29461,-8.642963953444928
29462,-6.461430646210263
29463,-8.661455650764974
29464,-7.218571716808829
29465,-8.654244669763308
29466,3.2912422346565102
29467,-8.630926631668306
29468,-8.645096117531047
29469,5.535043647367648
29470,-8.630080190520241
29471,-1.2848200489423363
29472,-8.652985975943649
29473,-4.8135982949419525
29474,-8.664885580058693
29475,-8.648791687440475
29476,3.843752311071671
29477,-8.668368136813688
29478,-8.632855364246858
29479,-8.64478489938876
29480,-8.236002144982972
29481,0.061080524681083936
29482,3.619629499421454
29483,-0.41822022552267835
29484,-8.664154170718332
29485,-8.638539165386687
29486,-8.643198159001706
29487,-8.649236060683132
29488,-8.643591445579007
29489,-8.459171298855999
29490,-8.631709391141055
29491,-8.56047287826308
29492,-0.24149940975241224
29493,-7.971347210915005
29494,-8.648399074789037
29495,-8.658138758245013
29496,-8.652405361431212
29497,-8.632818760444644
29498,-4.114804349016514
29499,-8.666336492708206
29500,5.646459148624199
29501,-8.649808299075595
29502,-8.658224959456117
29503,-0.4067521920870616
29504,-8.654321208901758
29505,-6.292177167385546
29506,-8.641748141986914
29507,-8.671743339529677
29508,-2.195989503218639
29509,-8.667962673405324
29510,-8.357136132640989
29511,-8.600344688561295
29512,-8.653913304625979
29513,-8.66168724342873
29514,-2.2593903189884257
29515,-8.658729990835825
29516,-8.44416670112253
29517,-8.244774807326795
29518,-8.611460522317723
29519,-4.0867505317539266
29520,-8.676568531668291
29521,-7.6568572676569
29522,2.7145485762071324
29523,-8.649236060683132
29524,-8.645486667358915
29525,-1.1934376205393809
29526,-8.633113701669402
29527,-8.631496079974537
29528,-8.661749144291216
29529,-1.9098048986410376
29530,-8.642820841729801
29531,-8.654289051012922
29532,-2.199931605141213
29533,-8.638139150809993
29534,0.09008752778742046
29535,-7.955343649003314
29536,2.3706260892263176
29537,-8.205552037087509
29538,-8.646462582080584
29539,-8.65272824481987
29540,-8.650367631267446
29541,-8.509578125562339
29542,-8.637464601982753
29543,-8.665081383067395
29544,-8.663870310417405
29545,-8.669657787646704
29546,-8.662891792505615
29547,-8.648357180649976
29548,-8.667931474592251
29549,-8.656171932781497
29550,-8.669304937420387
29551,-5.058780272566859
29552,-8.44416670112253
29553,-1.357678109146651
29554,-8.662348151986954
29555,-1.6323875374859282
29556,-8.659327665072263
29557,-8.655002118045177
29558,0.6504494368726825
29559,-8.651167190707366
29560,-8.649734067713531
29561,-1.794682827347228
29562,-8.64108437668373
29563,-8.486497290114942
29564,-8.653773729357132
29565,-8.669696350785083
29566,-8.652694683127521
29567,-8.662592919112809
29568,-8.656959270110839
29569,-8.66011216909579
29570,2.7966456895545395
29571,-8.666368398681026
29572,1.6052816206186624
29573,-8.66567244406224
29574,-8.65692523558533
29575,-5.200020408506692
29576,-8.655701402815316
29577,-6.411633289722628
29578,-8.635952740342775
29579,-1.5130662451597445
29580,-8.664194952631064
29581,-8.669657787646704
29582,-8.665083262113054
29583,-8.642878360396363
29584,-0.3090164452044404
29585,-8.671046406380103
29586,-8.670084041670535
29587,-8.657229918114092
29588,-2.474385728703072
29589,-8.633781676422824
29590,-7.160601627759963
29591,1.8899600380967887
29592,-7.880135960105557
29593,-8.662120759837723
29594,-8.643282623749773
29595,-7.373157584348514
29596,-8.621788385544642
29597,-1.955753531694596
29598,-8.637994442413587
29599,-8.631323505989906
29600,-8.630777559032715
29601,-8.671141381649647
29602,-8.643495044009287
29603,-8.663610525860314
29604,-8.657896408078061
29605,-8.66011216909579
29606,-6.241287066357452
29607,-8.65976358021244
29608,1.023863615858331
29609,-8.66567244406224
29610,-8.630482866213056
29611,-8.67154037535354
29612,-8.402658946716294
29613,-8.509578125562339
29614,-8.622727344450254
29615,-8.67250932812531
29616,-8.664194952631064
29617,-8.615054228729125
29618,-8.665083262113054
29619,-8.650093933829432
29620,-8.667931474592251
29621,5.037465707602709
29622,-3.484651454237193
29623,-8.644989459275664
29624,-6.660529003909098
29625,0.192279579501478
29626,-0.20630733171083082
29627,-1.5168250841377646
29628,-5.184162084950048
29629,-8.65767240870506
29630,-0.7325470694744398
29631,-8.627276086785493
29632,-8.60613096396862
29633,-0.8143530883847957
29634,-8.65229928773965
29635,-8.632481100917401
29636,0.8768539360174318
29637,-8.65850067691315
29638,-7.8026616668600495
29639,-8.656511854863965
29640,-8.658300739717829
29641,-8.642749595338486
29642,-8.403112501098528
29643,-8.666042647733098
29644,-7.218571716808829
29645,-6.408620825889503
29646,-8.663464533658566
29647,-8.666709068176033
29648,-8.656583915618867
29649,-8.509578125562339
29650,-8.63913333923805
29651,-8.645811656810222
29652,-8.656722403023512
29653,-8.649097792273029
29654,-8.665083262113054
29655,-8.650093933829432
29656,-8.559447541284715
29657,-8.671046406380103
29658,-8.666152591621495
29659,-8.335793787062165
29660,-6.274145516295035
29661,-8.65096417828719
29662,-8.658318131178682
29663,-1.6028378909310552
29664,-8.676568531668291
29665,-8.656427802273354
29666,-8.375828782169396
29667,-8.65011390124567
29668,-8.6443375041596
29669,-8.476687341241924
29670,-8.644552407161962
29671,-8.639065012683968
29672,-8.658365453673213
29673,-1.8686465851143006
29674,-8.650836269449366
29675,-8.628361467063755
29676,-8.642522046604658
29677,-8.643572616882023
29678,-8.403112501098528
29679,-8.655967626433966
29680,-6.82763774528925
29681,-1.0062974976712442
29682,-8.653158072990632
29683,0.13444868709313984
29684,0.13082005122873464
29685,0.6404382106994083
29686,-8.636849912436345
29687,-7.830417299033147
29688,-8.661956494295161
29689,-8.641790126631811
29690,-6.720762872582316
29691,-8.650093933829432
29692,-8.155009895387709
29693,-8.63406467121524
29694,-6.226224521095784
29695,-8.658729990835825
29696,-4.194619572413506
29697,-8.65355415543387
29698,-4.856293356677858
29699,-8.175262573361788
29700,-8.630136998887728
29701,-8.66142336340877
29702,-8.640828571699808
29703,-8.646085618900985
29704,-3.259892891449383
29705,-5.62084449205746
29706,-8.65075184624281
29707,-0.3517764562005783
29708,-0.08552581955454719
29709,-8.668182160519082
29710,-2.073131805978245
29711,-8.607718605540043
29712,0.02786390995634247
29713,-8.643025620532521
29714,1.3088902321719709
29715,-8.63439175222183
29716,-7.218571716808829
29717,-8.645799100841677
29718,-8.645343191855668
29719,-8.67154037535354
29720,-8.646736230349745
29721,-8.52124097611309
29722,-8.139920520120333
29723,-8.663001545165583
29724,-8.346064963123874
29725,-8.649807460408867
29726,-8.657524227098856
29727,1.5998468604393008
29728,3.2582209418912
29729,0.9167614266277797
29730,-8.670577958592053
29731,-1.6997675274790685
29732,-8.061295259383115
29733,-8.6272466914285
29734,-8.644186981300944
29735,-4.020431971596883
29736,-4.698500434022343
29737,-8.623635593633221
29738,-2.314244840169829
29739,0.14157057230937553
29740,-8.649734067713531
29741,-8.477248482411134
29742,-7.28713624526719
29743,-8.639065012683968
29744,-8.661749144291216
29745,-8.669731874216023
29746,-8.640775232576654
29747,-8.663610525860314
29748,-8.666297373452236
29749,-8.66011216909579
29750,-1.1973924739683974
29751,-8.63943377822987
29752,-7.163811545287965
29753,-8.649007382518088
29754,-8.339431068325826
29755,-1.6139995687449535
29756,-8.635716581416846
29757,-8.533912191524019
29758,-8.64233871082758
29759,-8.67250932812531
29760,-8.666343317226378
29761,-8.664254727695662
29762,-8.665083262113054
29763,-8.658023045667644
29764,-8.669399001292845
29765,-8.66291619222054
29766,-8.664349082425678
29767,-8.665574849387271
29768,-7.919640143937551
29769,1.2887579516075625
29770,-8.645679733157635
29771,-7.37259298036154
29772,-8.676568531668291
29773,-8.659708819957135
29774,-8.644054430970021
29775,-8.651167190707366
29776,-8.643283400375786
29777,0.18199482338674544
29778,-8.373701160267162
29779,-6.970664356933896
29780,-8.623931227334017
29781,-8.664704455572299
29782,-8.652694683127521
29783,-8.663574500321799
29784,-8.66377915845613
29785,0.2968027753506808
29786,-8.403112501098528
29787,0.3510687105147312
29788,-0.5360110656620642
29789,-8.66567244406224
29790,-8.666340613196935
29791,-1.705845610329853
29792,-8.644536879253979
29793,-8.533912191524019
29794,-8.629925412607816
29795,-8.67250932812531
29796,-8.184338973599633
29797,-8.66127405953998
29798,-8.664662724019774
29799,6.499649417132085
29800,-8.33490202474885
29801,-8.635406408953513
29802,-7.517659474744412
29803,-0.43167716052982374
29804,-8.332085423343734
29805,-8.651248263175644
29806,-2.116450535245047
29807,3.650191982592294
29808,-4.57119586161175
29809,-8.64828313672447
29810,-8.649784102971662
29811,-8.637288321310985
29812,-0.7213679763369264
29813,-6.02015892691541
29814,-8.65229928773965
29815,-0.49823801304928406
29816,-8.655468912799927
29817,-8.402458452747084
29818,2.0776862023300695
29819,-3.9277619623393862
29820,-2.429017622000662
29821,3.4183275522153664
29822,2.238135350920165
29823,-8.661697963649583
29824,-1.1848489864726561
29825,-8.62299143400314
29826,0.39806941424786757
29827,-8.63517192781255
29828,-8.656583915618867
29829,-6.191346793080839
29830,-8.643793798075835
29831,-8.663612360224223
29832,-8.665546865161552
29833,6.7434688891441255
29834,-8.210800527913433
29835,-7.405825443820726
29836,-8.649439889136676
29837,-8.408146870127018
29838,-1.3776440332452078
29839,-8.665574849387271
29840,-8.136455559528686
29841,-8.649995884453384
29842,-8.662997536310389
29843,-8.175262573361788
29844,-2.9013489690380023
29845,-8.662120759837723
29846,-8.639619900776067
29847,-8.651167190707366
29848,-0.4347857040141398
29849,-7.851182310706514
29850,-3.4008201152159208
29851,-8.639065012683968
29852,-8.660465709056956
29853,-8.667241364322848
29854,-8.647779985265993
29855,-8.65606503735058
29856,-8.206482736515257
29857,-8.659655395716321
29858,-8.127933866236353
29859,-8.667152088665093
29860,5.678193717847142
29861,-8.655181403739611
29862,-7.973806753721863
29863,-4.267928915915004
29864,-8.630277497204277
29865,-8.533912191524019
29866,-8.638575437384134
29867,-8.6678603106368
29868,-8.66495884319068
29869,0.6370491468305048
29870,-8.665083262113054
29871,0.946506481698973
29872,-7.882836372855501
29873,-1.4942436315553356
29874,-8.668385680005548
29875,-8.665574849387271
29876,-0.4015127446527824
29877,-6.13086048538794
29878,-8.65513651340656
29879,-8.175262573361788
29880,-8.676568531668291
29881,-8.662120759837723
29882,1.5126939092138798
29883,-8.636494585792798
29884,-8.133594371653976
29885,1.149814754132042
29886,-8.65229928773965
29887,-8.639065012683968
29888,-8.036634614119254
29889,-8.670517865287733
29890,-8.636507111467912
29891,-8.661172810480416
29892,-5.78217550497442
29893,-8.66132721502143
29894,-7.688650638744573
29895,-8.659766756297994
29896,-7.218571716808829
29897,-8.63626117738598
29898,1.3227938720676642
29899,-8.658915463752807
29900,-8.653161112954976
29901,5.478167803212921
29902,-8.564386786481062
29903,-8.67048537674665
29904,3.4521206844245365
29905,-7.731182570461872
29906,-8.659169827959236
29907,-8.658023045667644
29908,-8.423561526009134
29909,-8.653120350784816
29910,-6.368789009246326
29911,-8.664061632364449
29912,-8.206887711133605
29913,-8.651028137986529
29914,-8.66236428160256
29915,0.6877092769031843
29916,3.0826608450870356
29917,-8.649980369037623
29918,-8.665146749508423
29919,-8.63485188867568
29920,-8.617506915840742
29921,-8.477248482411134
29922,-8.644222134130102
29923,-8.625993035282361
29924,-8.647382506415726
29925,2.0340037318206794
29926,-8.641437831803607
29927,-8.668854748480108
29928,-8.661222333074134
29929,-8.66132721502143
29930,-5.053401340300668
29931,-8.664739313711642
29932,-7.155710048349052
29933,-0.841491905087632
29934,-8.670377820962795
29935,-8.67154037535354
29936,-8.65507225537277
29937,-6.084937716702109
29938,-8.646605919478215
29939,-8.666334140258318
29940,-6.630045160197763
29941,-0.6306054911985268
29942,-8.653373280626322
29943,0.901746779125252
29944,-8.665028526225552
29945,-8.661186724937131
29946,-2.9542469020992503
29947,-7.840284911518015
29948,-8.123476783389012
29949,-2.9717562896715544
29950,-8.658619365171127
29951,-5.9818588196818085
29952,-8.660671524339941
29953,-8.656588993301256
29954,-3.05864301095958
29955,-8.637690066576354
29956,-8.644795279701242
29957,2.453442102047884
29958,-2.782161528755279
29959,-8.639684669647187
29960,-8.655250284866145
29961,-1.9476078205570353
29962,-8.653619672668727
29963,-8.66896634960946
29964,-8.663040454524115
29965,-8.66132721502143
29966,-7.8004148803649445
29967,-3.145342661639887
29968,-6.328058823081744
29969,-8.662633052651215
29970,-8.669840682734481
29971,-8.668360235581533
29972,-8.65600113006503
29973,1.1889765968648909
29974,-8.629152321435082
29975,-8.633390369738784
29976,-8.667435784668415
29977,-8.666644808631101
29978,-8.663967371469157
29979,-8.650396974933859
29980,-7.730976871446156
29981,-8.671046406380103
29982,-8.66075077550288
29983,1.6191749120698917
29984,-2.2239480077362987
29985,-7.835744134945984
29986,-7.572449874929337
29987,1.8108572750143495
29988,-8.676568531668291
29989,-8.653789446385245
29990,-8.665146749508423
29991,-8.642279126310369
29992,-8.632321569491022
29993,-5.537324322678048
29994,-8.638290693443022
29995,-8.639331064548367
29996,-7.5652903461552725
29997,-8.555072201324359
29998,-8.653619672668727
29999,-8.663573172705778
30000,-8.656027399995065
30001,4.314189169997401
30002,-7.884236280888831
30003,9.451801449258777
30004,-1.0457959856262826
30005,-8.666852351921673
30006,-1.451836779032984
30007,-8.669697744114906
30008,-8.647361018049226
30009,0.7703695595641055
30010,-8.52699293578236
30011,-8.67250932812531
30012,-8.654265255300498
30013,-8.147348491250922
30014,-8.66432447078137
30015,-5.5167083047642365
30016,-8.669399001292845
30017,-8.673290832650236
30018,-8.552150673800938
30019,2.4343668235137237
30020,-8.230683296528316
30021,-8.65355415543387
30022,-8.652945992971796
30023,-7.364786397419623
30024,-8.66695931203094
30025,-8.67065574698642
30026,-8.665146749508423
30027,-8.642418578166172
30028,-2.40650775275853
30029,-8.477248482411134
30030,-8.65229928773965
30031,-8.465725356929214
30032,-2.5566488635791904
30033,-2.953669601036101
30034,-8.652274835766539
30035,-8.66896634960946
30036,-8.657471816621756
30037,-8.670415411117197
30038,1.172698706276925
30039,-2.4615511949243176
30040,10.632741306969098
30041,-8.666852351921673
30042,-8.659184533610244
30043,-8.670013206870404
30044,-8.656304301194785
30045,1.4544341901088633
30046,-8.641986924332357
30047,-8.663761262656932
30048,-8.667435784668415
30049,-8.62027923156311
30050,-8.664820290635623
30051,-8.664469785574473
30052,-8.664355506883307
30053,-8.234643349866522
30054,-7.807203328734708
30055,-8.650972197804837
30056,-8.318750215663265
30057,-8.66433585082438
30058,-8.669143260614153
30059,-4.014977043244419
30060,-8.676296833737787
30061,-8.672307899632523
30062,-7.300207106923743
30063,-0.23080746212347525
30064,-8.644260330518327
30065,-8.592841364593523
30066,-8.65229928773965
30067,-8.639684669647187
30068,-8.660626578170001
30069,-8.671978119186358
30070,-8.653619672668727
30071,-8.666677175584725
30072,-8.666353430071648
30073,2.8779794789360222
30074,-3.3369613602540786
30075,-8.655924824164998
30076,-7.218571716808829
30077,-8.666852351921673
30078,-8.669770377354606
30079,-8.301317799230581
30080,-8.656583915618867
30081,5.125753592209075
30082,-8.650145039793168
30083,-8.670861918629921
30084,-4.108138554615218
30085,-8.663003252670725
30086,-8.650480815428917
30087,-8.661760518873413
30088,-8.669435059939932
30089,-8.673290832650236
30090,-2.9296171668554907
30091,-8.65127456020613
30092,-8.369234332498808
30093,-8.600642788004015
30094,-8.669148561961293
30095,-7.3453635862560915
30096,-8.6709979382757
30097,-8.669879537340503
30098,-8.655515619594702
30099,-8.651167190707366
30100,-8.605672636408537
30101,-1.826259404917591
30102,1.5865913866827488
30103,-8.644052276472884
30104,-8.11911649067304
30105,-8.662147469474178
30106,-8.643843357436966
30107,-8.662377495399735
30108,-8.663678438767557
30109,2.6751202765374495
30110,-8.378163352050695
30111,-8.667152088665093
30112,-0.07055885971371101
30113,-8.621587895276052
30114,-8.657416767282523
30115,-8.669878465755511
30116,-8.654005555929505
30117,1.1107716454568997
30118,-8.66950722269384
30119,1.860173939186684
30120,-8.623142555099944
30121,-6.847551375426265
30122,-8.653794257092024
30123,-8.661722173123081
30124,-8.661836050195248
30125,-8.655030387576335
30126,-8.672247907914501
30127,-8.665574849387271
30128,-8.44416670112253
30129,-8.657671230415342
30130,-7.943804728988601
30131,-7.314152700644696
30132,-8.671527854102756
30133,-8.672307899632523
30134,-8.669614520893601
30135,-8.648160033691713
30136,-8.649734067713531
30137,-8.59766170904213
30138,-8.247510924642889
30139,-8.640696650506586
30140,4.451881220032538
30141,-8.662710124378851
30142,-5.287071115934782
30143,-8.66896634960946
30144,-8.666353430071648
30145,-8.670910743569543
30146,1.1580568185310092
30147,-7.139228427845343
30148,-1.3646203831204773
30149,-4.440200449764192
30150,-8.574892459408582
30151,-8.67154037535354
30152,-8.656583915618867
30153,-8.65791528823097
30154,-8.66950722269384
30155,-8.662346851009666
30156,-8.633064300768147
30157,-6.790701524828956
30158,-8.647842080730353
30159,-8.648224606356262
30160,-8.66937294120746
30161,-8.659967275296328
30162,-8.672247907914501
30163,-8.663065904108564
30164,-8.44416670112253
30165,-0.8849556414044804
30166,-8.669148561961293
30167,-0.3870818775954077
30168,-8.64707445400246
30169,-8.672307899632523
30170,-8.027559549315233
30171,-8.648861272233443
30172,-8.649734067713531
30173,-0.20319159511960388
30174,-8.643450684131754
30175,-3.9375675925819547
30176,-8.661749144291216
30177,-8.671733453781833
30178,-8.646775704282344
30179,-8.668645445764785
30180,-8.666383879587023
30181,-8.670965323211536
30182,-6.986446705095079
30183,-8.667152088665093
30184,-4.657916216717583
30185,-8.663817110987905
30186,-8.663262470061165
30187,-8.668052016152243
30188,-8.612907352833677
30189,-8.658653850825203
30190,-8.669869394880726
30191,-8.670168891888371
30192,-0.9435723953361821
30193,-8.669353516410077
30194,-8.645388909435484
30195,-8.664707360866624
30196,-8.669484217223648
30197,-8.663096552492954
30198,-8.672247907914501
30199,-8.66397885052673
30200,-8.188865682785686
30201,-8.66433585082438
30202,-8.659337916566276
30203,-8.175262573361788
30204,-8.661406814186561
30205,-8.66202274004678
30206,-8.666633025766982
30207,-8.651167190707366
30208,-8.640743216134316
30209,-8.601310521087484
30210,-7.507530045518761
30211,-8.64338491402129
30212,-8.660377898080766
30213,-8.660619838638695
30214,-8.65061447667088
30215,-8.646592205047092
30216,-8.665318801182007
30217,-8.00618063810488
30218,-7.621241692936035
30219,-8.662916202032235
30220,-7.218571716808829
30221,-8.666034483504715
30222,-8.670377820962795
30223,-8.67154037535354
30224,-8.65469867036256
30225,-8.653539996549622
30226,-8.659910306080642
30227,-8.668874662801214
30228,-8.667435784668415
30229,-7.553054064594695
30230,-8.666783079437472
30231,1.9930078095892045
30232,6.424826367912296
30233,-7.822441888261998
30234,-8.575808367888166
30235,-8.659454850878994
30236,-7.898820822195384
30237,-8.66433585082438
30238,-0.285452526419141
30239,-5.887432221200305
30240,-0.4271637579612979
30241,-8.671232130855463
30242,-5.518372941516629
30243,-0.002573157046407294
30244,-8.64640906595382
30245,-8.649680572157529
30246,-8.65229928773965
30247,-8.644052276472884
30248,-8.650339706106102
30249,-8.670944225165373
30250,-8.653619672668727
30251,-8.66377807057781
30252,-8.663604197698415
30253,-8.670965323211536
30254,-8.185524627585043
30255,-8.661250069708483
30256,0.49283198965645636
30257,-8.666852351921673
30258,-8.666502634176167
30259,-8.662344355439526
30260,-7.61093414268146
30261,-7.0964589686361945
30262,-8.67050464518266
30263,-1.8510684770570955
30264,-0.8608856935578986
30265,-8.670047990783317
30266,-8.666783079437472
30267,-5.1483443330797165
30268,-8.669484217223648
30269,-1.3403930149386225
30270,-8.672412422343665
30271,-8.665574849387271
30272,3.01838356642888
30273,1.6409201660299408
30274,-8.664603755566421
30275,-2.246566395908953
30276,0.12734895560948922
30277,-8.671894281828449
30278,-8.669614520893601
30279,-8.651167190707366
30280,-8.649750596263129
30281,-8.661174590350386
30282,-7.980055632582985
30283,-8.657739236875058
30284,-8.652259678370697
30285,-8.667527563426386
30286,-8.653639770597122
30287,-8.659983502843746
30288,-8.661262460878477
30289,-8.652105999509631
30290,-7.6500879103464445
30291,-8.66136718183282
30292,-7.218571716808829
30293,-8.427048720966852
30294,-8.670377820962795
30295,-8.656755029737846
30296,-8.654608897665819
30297,-8.658653850825203
30298,-8.662371222198757
30299,-8.65836601784107
30300,-8.667435784668415
30301,-8.670047990783317
30302,0.17284959589032922
30303,-8.664707360866624
30304,-8.669484217223648
30305,-8.673290832650236
30306,-8.668711188601929
30307,-8.665574849387271
30308,-8.283429878366642
30309,-8.664768313955634
30310,-8.663994417781279
30311,-8.175262573361788
30312,-8.664052870857493
30313,-8.662845990279102
30314,-8.666466454079105
30315,-8.578893095709077
30316,-8.650523120449066
30317,-0.5164883491839098
30318,-8.65229928773965
30319,-8.657739236875058
30320,-8.661749144291216
30321,-8.665055712586131
30322,-8.65119067211469
30323,-8.66896634960946
30324,-8.666383879587023
30325,-8.66343292257993
30326,-8.394466626663586
30327,-8.66668840387654
30328,11.989760061947237
30329,-8.666852351921673
30330,-8.663472008019426
30331,-8.668310434881718
30332,-8.60600317942511
30333,-8.663829395989186
30334,-8.669722572430688
30335,-7.155608012009808
30336,-8.347654982834563
30337,-8.653844907234829
30338,-8.666783079437472
30339,-8.663229961214657
30340,-2.6201199964292368
30341,-8.673290832650236
30342,-8.670352135512774
30343,-8.658829694319078
30344,-2.6957416859166052
30345,-8.66491891951567
30346,-8.658291805750123
30347,-6.903599691752603
30348,-8.67182637268556
30349,-0.003585004327338326
30350,-8.668930331002162
30351,2.040862455438366
30352,-8.659221830767438
30353,0.2632229030392039
30354,-8.65229928773965
30355,-8.656259205735953
30356,-8.248519731863674
30357,-8.671978119186358
30358,-8.65665273362193
30359,-8.66896634960946
30360,-8.64838431025555
30361,-8.670965323211536
30362,-7.577035982316499
30363,-8.439549153756708
30364,-7.218571716808829
30365,-8.666852351921673
30366,-8.668948708218538
30367,-8.657083961918323
30368,-8.605146672695188
30369,-8.66337711073373
30370,-8.66085681306965
30371,-7.284505313695506
30372,-8.665932225103235
30373,-8.674653728458711
30374,-8.663708197888647
30375,-2.811705643093754
30376,-1.5493224109182409
30377,-8.573416785019521
30378,-8.669925977389932
30379,-8.664132740224941
30380,-8.413619236946294
30381,-7.25615010146255
30382,-8.649331241708579
30383,-8.175262573361788
30384,-8.66357713841768
30385,-8.667048437012742
30386,-8.669614520893601
30387,-8.622304065423481
30388,-8.656576639448705
30389,0.6053617319998698
30390,-8.653733852623144
30391,-8.590755812649128
30392,-8.661749144291216
30393,-8.664973506347506
30394,-0.08067703638382934
30395,-5.6325090002912965
30396,-8.658111174114765
30397,-8.659793325532698
30398,-7.667038843365567
30399,-8.672394894752237
30400,2.2931519122668726
30401,-8.663170250172632
30402,0.2968365580108282
30403,-8.67154037535354
30404,1.6605297851255703
30405,-8.662650578150396
30406,-8.671669712607962
30407,-8.63861913880028
30408,-8.664269882270245
30409,2.9074327563749467
30410,-8.666783079437472
30411,-8.664439423411105
30412,-8.665152393401398
30413,-8.660606124703897
30414,-8.657065080777219
30415,-4.6153653458147135
30416,-7.885773086164263
30417,-8.66491891951567
30418,-8.668893598878
30419,-8.175262573361788
30420,-8.676568531668291
30421,-8.669652772744797
30422,-8.669614520893601
30423,-8.64398995554058
30424,-8.661449558584346
30425,-8.659439044088794
30426,-2.7652055048500257
30427,-8.247514533492785
30428,-8.637963839717484
30429,2.7167896603079025
30430,-8.658017962166399
30431,-8.655869246471811
30432,-8.666383879587023
30433,-8.670965323211536
30434,-8.403112501098528
30435,-8.666344891863542
30436,0.9701430750499547
30437,-8.666852351921673
30438,-8.670377820962795
30439,-8.666186125761989
30440,-8.653770826382837
30441,-8.666183345546633
30442,-3.854648597758381
30443,-8.665516792511076
30444,-7.746269931850145
30445,-8.666858594293137
30446,-8.651773722070857
30447,-8.626310221074366
30448,-8.669484217223648
30449,-3.30231841093358
30450,-7.843612242823626
30451,-8.665574849387271
30452,-8.44416670112253
30453,-8.666151678100077
30454,-8.668096930809785
30455,-2.9930969945646653
30456,-8.671352588515061
30457,-8.672905628507927
30458,-8.661483612455564
30459,-8.64398995554058
30460,-8.664698412614634
30461,-8.405125737313615
30462,0.3952370036850703
30463,-8.634437840658423
30464,-8.661749144291216
30465,-8.661651504289662
30466,-8.659478135313707
30467,-8.667160032102219
30468,-8.665912023263408
30469,-8.669784947813763
30470,-8.385738767092276
30471,-8.61669499731891
30472,-7.218571716808829
30473,-8.66383285467244
30474,-7.634182247757674
30475,-8.665297109504213
30476,-8.656583915618867
30477,3.9015873057555104
30478,-8.65371796111987
30479,-8.665556082595339
30480,-8.642910163099964
30481,-8.666633404623783
30482,-8.666783079437472
30483,-8.664707360866624
30484,-8.063975765275048
30485,-3.6560633838989056
30486,-0.5430917011472167
30487,-8.667927524504655
30488,-8.103206644112365
30489,-8.666151678100077
30490,-8.670346143963998
30491,-1.5211844755409072
30492,-8.67260188529709
30493,-8.672848786726634
30494,-8.66875660375404
30495,-8.648245740275893
30496,-8.667483901413194
30497,-8.653353036262422
30498,-8.6516487680112
30499,-8.659072629891508
30500,-8.65673521871841
30501,-8.674192983071041
30502,-8.659478135313707
30503,-8.66715486318094
30504,-8.666383879587023
30505,-8.670965323211536
30506,-8.403112501098528
30507,-8.672394894752237
30508,10.927880449171454
30509,-8.665296286285118
30510,-8.670004641275641
30511,-8.670537213558797
30512,-8.649742383477617
30513,-8.66781634581366
30514,-8.665297504624597
30515,-8.665959800673923
30516,-8.659466171144112
30517,-8.674653728458711
30518,-8.660666452297923
30519,-8.654156413966293
30520,-8.670501090480844
30521,-8.672184276791961
30522,-8.667603407231336
30523,-8.658894102721764
30524,-8.420215861853535
30525,-8.396991883152744
30526,-8.675375179057255
30527,-8.175262573361788
30528,-8.670820586407054
30529,-8.673250839009581
30530,-8.665069115238197
30531,-8.63360117855586
30532,-8.66285332125997
30533,-1.281822069221683
30534,-8.652103549550027
30535,-8.654325903485011
30536,-8.657259910395856
30537,-8.67073248721299
30538,-8.657075557854549
30539,-8.664359111646121
30540,-8.440852283369924
30541,-8.659811872101146
30542,-7.9229508803978215
30543,-7.779530626761712
30544,11.622096695411953
30545,-8.657710635137063
30546,-8.66693835193834
30547,-8.667320096335413
30548,-8.635726370303534
30549,-8.659937140576314
30550,5.839062677840159
30551,-0.31191030749595194
30552,-8.66688906145698
30553,-8.669340356664787
30554,-8.666530545868582
30555,-8.664325116545998
30556,-8.664893191794397
30557,-8.672778445477064
30558,-8.656044992202983
30559,-8.66059597529244
30560,-8.338756720899369
30561,-8.666151678100077
30562,-8.66543739029589
30563,-8.175262573361788
30564,-8.669612989209327
30565,-8.645575994150496
30566,-8.666892982004969
30567,-8.651167190707366
30568,-8.65945318878072
30569,-8.664783568831881
30570,-8.64040046636628
30571,-1.553592223661739
30572,-8.6418524102126
30573,-8.67339310465911
30574,-8.65531961496902
30575,-8.668759420330929
30576,-8.666383879587023
30577,-8.66345982987167
30578,-7.904780898230759
30579,-7.72711865964228
30580,-1.6204901841539299
30581,-8.66685037003071
30582,-8.670377820962795
30583,-8.663868237393825
30584,-8.65155695743807
30585,-7.868216874969522
30586,-8.671669712607962
30587,-8.666987341363368
30588,-8.66633439921222
30589,-8.462290723382264
30590,-8.66783049585095
30591,-8.670098466214656
30592,-8.670933350286772
30593,-8.664982271019344
30594,-8.658225591146161
30595,-8.664013063005225
30596,-8.021964120890448
30597,-8.667020745776464
30598,-8.673856426440018
30599,-4.527988449771793
30600,-8.676568531668291
30601,-8.653012772513728
30602,-8.657771224423888
30603,-8.651167190707366
30604,-8.665554953083925
30605,-8.664783568831881
30606,-8.651373868324264
30607,-8.657693961821929
30608,-8.662182624461918
30609,-8.674001939941817
30610,-8.659478135313707
30611,-8.653903918924076
30612,-8.660664235366317
30613,-8.670965323211536
30614,-4.564005624030865
30615,-8.672394894752237
30616,-5.268421593537764
30617,-8.667378097971499
30618,-8.670377820962795
30619,-8.67154037535354
30620,-8.656493091389304
30621,-8.665354460241755
30622,-1.2594165874351315
30623,-8.67250932812531
30624,-8.666833685582398
30625,-8.674653728458711
30626,-8.621549256466094
30627,-8.657577717786248
30628,-8.662474444729263
30629,-8.673290832650236
30630,-8.665367674749756
30631,-8.667927524504655
30632,-8.124528381961932
30633,-8.667308844981815
30634,-8.619206229095376
30635,-8.175262573361788
30636,0.18222241769962078
30637,-8.66934842028242
30638,-8.67138305616337
30639,-8.651167190707366
30640,-4.175652348670904
30641,-4.088562862699934
30642,-8.650611835068604
30643,-8.65873504300502
30644,-8.654308515765852
30645,-8.674192983071041
30646,-8.669131179645383
30647,-8.662963521466516
30648,-8.662693593198135
30649,-6.557818057386399
30650,-0.038013150794235395
30651,-7.292130432485227
30652,-7.218571716808829
30653,-8.667378097971499
30654,-8.669739828729433
30655,-8.648302440340403
30656,-8.644208695957882
30657,-8.66616237146789
30658,-8.668655999525948
30659,-8.666269774644642
30660,-8.667435784668415
30661,-8.66249768380007
30662,-8.65549865920509
30663,-8.021261709132064
30664,-8.655065251145233
30665,-1.175817394106998
30666,-8.672412422343665
30667,-8.667084239679616
30668,-8.44416670112253
30669,-8.667308844981815
30670,-8.676206028768961
30671,-2.5694069446035135
30672,-8.676418172275131
30673,3.6847169175856544
30674,-8.666347729539725
30675,-8.596204166273804
30676,-8.661010818868169
30677,-8.586134519419614
30678,-1.6596171962724378
30679,-8.660994315759952
30680,-5.666580265780162
30681,-8.674192983071041
30682,-8.67098028880052
30683,-8.659934028702816
30684,-8.66058218459866
30685,-8.669690568400416
30686,-8.403112501098528
30687,-8.672394894752237
30688,-0.48699200846902546
30689,-8.642888073763006
30690,-5.788164182070528
30691,-8.587654232618604
30692,-8.656583915618867
30693,-8.665466192035618
30694,-8.599735414691613
30695,-8.67029485070193
30696,-8.667435784668415
30697,-8.226158433829053
30698,-5.052357264219078
30699,-6.345995875555067
30700,-8.656348440071705
30701,-8.417963294128715
30702,-8.660453175194842
30703,-8.65831966769024
30704,-8.44416670112253
30705,-8.66270628684652
30706,2.13855134669096
30707,-8.175262573361788
30708,-8.374804006184736
30709,2.5166270646038615
30710,-8.672302264436983
30711,-8.638999918497664
30712,-8.67262654908633
30713,-8.664620041782856
30714,-8.487057806298482
30715,-8.64080417002256
30716,-8.20648876004447
30717,-8.670543388659045
30718,-8.670043823552913
30719,-8.66967663191615
30720,-8.671049666225013
30721,-8.652127464102216
30722,-0.8988408740887381
30723,-8.672730096551577
30724,1.6916583079764478
30725,-8.664795974053744
30726,-0.5374091252361959
30727,-8.671613376093022
30728,-8.656583915618867
30729,-8.664197911511518
30730,-8.671669712607962
30731,-8.251920868980674
30732,-8.667435784668415
30733,-8.674101444751448
30734,-8.476469541424427
30735,-8.670888223018435
30736,-8.670933350286772
30737,-4.451143891524851
30738,-8.111763062266894
30739,-8.667927524504655
30740,-8.44416670112253
30741,-8.667308844981815
30742,-8.676206028768961
30743,0.6976054538227774
30744,-8.668250007346078
30745,-8.650947438168334
30746,-8.661504459429434
30747,-8.641458952326015
30748,-8.657594447408712
30749,-8.664783568831881
30750,-8.653733852623144
30751,-8.663657544666751
30752,-8.6476706963781
30753,-8.669138303269113
30754,-8.439889020622585
30755,-8.66967663191615
30756,-8.671049666225013
30757,-8.670965323211536
30758,1.475964838717157
30759,-8.669856054539942
30760,11.545805187099376
30761,-8.65046655479734
30762,-8.66949805967442
30763,-8.668320109093619
30764,-8.668887275681525
30765,-8.666022135576089
30766,-8.665225217775527
30767,-8.668623558159647
30768,-8.664049837187509
30769,-8.656547909043816
30770,3.0188728277805557
30771,-8.670888223018435
30772,-8.66303571009903
30773,-8.66308999535479
30774,-8.672412422343665
30775,-8.24341001375324
30776,-8.292526866466622
30777,-8.667112300566009
30778,-8.667201831346866
30779,-8.175262573361788
30780,-8.676418172275131
30781,-5.782872012305765
30782,-1.5587939815435978
30783,-8.651167190707366
30784,-8.653821456075141
30785,-8.664783568831881
30786,-8.647279602010022
30787,-8.619960666623813
30788,-8.639386237946246
30789,-8.663473736385164
30790,-8.673878860491154
30791,-8.66967663191615
30792,-8.671049666225013
30793,-8.670965323211536
30794,-8.399693966245952
30795,-8.672730096551577
30796,-2.193588301108601
30797,-8.657585527517176
30798,-8.6675942818989
30799,-8.67077613936567
30800,-8.660667983233392
30801,-8.666501560734213
30802,-8.67276675052615
30803,-8.67250932812531
30804,-8.658189450509084
30805,-8.674055398376273
30806,-8.671486058014422
30807,-8.670888223018435
30808,-8.670933350286772
30809,-8.29910811719216
30810,-8.672412422343665
30811,-8.657584258712054
30812,-8.302269334136659
30813,-8.661021750658563
30814,-8.667735030842405
30815,-8.666668082979985
30816,-8.676568531668291
30817,-8.4953063174627
30818,-8.65736428981955
30819,-8.649975772777927
30820,-8.647701155179663
30821,-8.67215242925496
30822,-8.648807355055624
30823,-8.649076034271523
30824,-8.65398946317648
30825,-8.670968410883493
30826,-8.665707059436693
30827,-8.665973781057296
30828,-8.667684371256833
30829,-8.666218890101332
30830,-7.601070631383328
30831,-8.448539322962453
30832,-2.1226736780066053
30833,-8.639190363386687
30834,-8.665998945499469
30835,2.9855697480866876
30836,-8.666021644798777
30837,-8.663473005351426
30838,-8.657492223239087
30839,-8.671676089337087
30840,-8.667435784668415
30841,-8.665106469420657
30842,-8.665395502274603
30843,-8.670888223018435
30844,-8.668245372708022
30845,-8.664590383698524
30846,-8.659054549729547
30847,-8.635393737620895
30848,-8.321408797814657
30849,-8.66574659232828
30850,-8.676206028768961
30851,-8.671651382433645
30852,-8.666152432137878
30853,-8.665555792692526
30854,-8.672302264436983
30855,-8.651167190707366
30856,-8.670109371330105
30857,-8.66777532757699
30858,-8.64373819902612
30859,-8.663657544666751
30860,-8.662435331833015
30861,2.5213718808679357
30862,-8.673878860491154
30863,-2.148603977816439
30864,-8.669436910060313
30865,-8.670965323211536
30866,-8.403112501098528
30867,-8.671623279965281
30868,-2.8043001562246976
30869,-8.659128034188084
30870,-8.667117323122712
30871,-8.671613376093022
30872,-8.668887275681525
30873,-8.66781634581366
30874,-8.67276675052615
30875,-8.673977961456531
30876,-8.667814316770256
30877,-8.672350086334331
30878,-8.657405771145982
30879,-8.669726387293675
30880,-8.667562690543253
30881,-8.669765390144871
30882,-8.670395175557314
30883,-8.661281132095787
30884,-8.44416670112253
30885,-8.666601112626235
30886,-8.675912338751973
30887,-8.671651382433645
30888,-8.667747814839007
30889,-8.673250839009581
30890,-8.672302264436983
30891,-8.642220128118826
30892,-8.674777989986946
30893,-8.661157711050953
30894,-8.650239934569708
30895,-8.663741869135828
30896,-8.642637184763865
30897,-8.674192983071041
30898,-8.671604133184708
30899,-8.66967663191615
30900,-8.673527901260908
30901,-8.669958158298778
30902,-6.178967970189627
30903,-7.538027670433724
30904,-2.2393940023455365
30905,-8.44982709818766
30906,-8.670377820962795
30907,-8.32524078824421
30908,-0.22103302516605375
30909,-8.668072575057007
30910,-8.662340082993552
30911,-8.673977961456531
30912,-8.664033528877216
30913,-8.673282504526549
30914,-8.2082230452573
30915,-8.662310070938936
30916,-8.669477653020218
30917,-8.661290371323146
30918,-8.672412422343665
30919,-8.662260166278195
30920,-8.44416670112253
30921,-7.9928383236251195
30922,-8.673076475626255
30923,-8.660804280698708
30924,-8.672964908252663
30925,-8.65832342827219
30926,-8.668976418082917
30927,-8.643725702672162
30928,-8.666997110282505
30929,-8.648669419262735
30930,-8.653733852623144
30931,-8.639672207186521
30932,-8.665868095952074
30933,-8.671028380193235
30934,-8.667706433619573
30935,-8.655101157722449
30936,-8.298115120479826
30937,-8.665715587566572
30938,1.4329994651656004
30939,-8.669003313368894
30940,-0.009013479331205332
30941,-8.662430440454042
30942,-8.65581070480724
30943,-8.671613376093022
30944,-8.668887275681525
30945,-8.659244156696246
30946,-8.671625654197644
30947,-8.668952866595976
30948,-8.661225292453201
30949,-8.674653728458711
30950,-8.671486058014422
30951,-8.667999942742346
30952,-8.66825028410119
30953,-8.673290832650236
30954,-8.66913467857428
30955,-8.64419966474834
30956,-8.079715040239007
30957,-8.662721519742824
30958,-8.630583239008914
30959,0.15994301998131855
30960,-8.669910900272562
30961,-8.67211512501071
30962,-8.672302264436983
30963,-8.637249981674943
30964,-8.674777989986946
30965,-8.65616629579332
30966,-8.643619794369162
30967,-8.66269670103675
30968,-8.649691409157521
30969,-8.674192983071041
30970,-8.671754861060807
30971,-8.673152825790003
30972,-8.673527901260908
30973,-8.670147333424161
30974,-8.353351654960662
30975,-8.676010775506489
30976,-1.7175961848632997
30977,-8.66567244406224
30978,-8.656603720918604
30979,-8.671613376093022
30980,-8.668887275681525
30981,-8.65314437800614
30982,-8.661231100777211
30983,-8.673977961456531
30984,-8.673206887599603
30985,-8.65463416106052
30986,-8.673550799109048
30987,-8.672648657122268
30988,-8.651551139093279
30989,-8.665341026853294
30990,-8.667879706836104
30991,-8.671262515455792
30992,-8.11779903186755
30993,-8.666569714649418
30994,-8.664849907424081
30995,-8.66901971012599
30996,-8.66933823235177
30997,-8.658029495718424
30998,-8.656485005739494
30999,-8.615496344457593
31000,-8.674777989986946
31001,-8.669095793224184
31002,-8.638112872235023
31003,-8.663821673096825
31004,-8.66787398166251
31005,-8.671100654013161
31006,-8.662210060541803
31007,-8.652192157184313
31008,-8.665350622477238
31009,-8.661682768107463
31010,0.020381625828501337
31011,-8.647989573698618
31012,-7.218571716808829
31013,-8.644765999627133
31014,-8.670377820962795
31015,-8.671613376093022
31016,-4.085848823029613
31017,-7.780412316807575
31018,-8.663714875295454
31019,-8.652801903307905
31020,-8.661792661767496
31021,-8.65693913715802
31022,-6.253150908508103
31023,-8.666035251210815
31024,-8.652194620872748
31025,-8.650665288552455
31026,-8.670081107992425
31027,-8.674285602465524
31028,-8.150644940812718
31029,-8.663722108632765
31030,-8.676444331027017
31031,-8.671651382433645
31032,-4.044746919148995
31033,-8.673250839009581
31034,-8.671344378063411
31035,-8.642191078495905
31036,-8.62751565252354
31037,-8.67215242925496
31038,-8.653733852623144
31039,-8.653814387317672
31040,-8.66787398166251
31041,-1.6536648062764145
31042,-1.037569025684419
31043,-8.664536454198814
31044,-8.673527901260908
31045,-8.669750507725906
31046,-7.879438565933906
31047,-8.67754111640451
31048,-0.028478157344532518
31049,-8.666517877440299
31050,-8.667328872259027
31051,-8.671613376093022
31052,-8.669453531216494
31053,-8.66519947060635
31054,-8.66526750953321
31055,-8.673977961456531
31056,-8.661528624754013
31057,-7.081962327606211
31058,0.3208072149419976
31059,-8.667476906992112
31060,-8.670933350286772
31061,2.222958717298069
31062,-8.671529372256114
31063,-8.663790320153662
31064,-3.408802047389836
31065,-8.667308844981815
31066,-8.669020209654095
31067,-8.671651382433645
31068,-8.67754111640451
31069,-8.648443710929604
31070,-8.672302264436983
31071,-8.647309531743737
31072,-8.675624679176773
31073,-8.67215242925496
31074,-8.653733852623144
31075,-8.65959341782057
31076,-8.66227498183801
31077,-8.674192983071041
31078,-8.671144443096292
31079,-8.673152825790003
31080,-8.67005906575424
31081,-8.662861008736995
31082,1.3352057136288331
31083,-8.671395141282199
31084,-7.218571716808829
31085,-8.667378097971499
31086,-8.669520281107935
31087,-8.667420595813736
31088,-8.66747223042236
31089,-8.66949768335985
31090,-8.66605297346517
31091,-8.673352649715124
31092,-8.668978720250461
31093,-8.673933912241463
31094,-8.667064227324074
31095,-7.025021192074395
31096,-8.669184695726898
31097,-8.665803751910953
31098,-8.672033280977898
31099,-8.669433236772988
31100,-8.09888463930776
31101,-8.52889536666992
31102,-8.668183647485133
31103,-8.671651382433645
31104,-8.67754111640451
31105,-8.664188881946501
31106,-8.670830727196503
31107,-8.646394268815307
31108,-8.677341295489983
31109,-8.665642002385098
31110,-2.0199174216833513
31111,-8.664798086693194
31112,-8.66787398166251
31113,-8.674192983071041
31114,-8.668511666491192
31115,-0.5411404726729439
31116,-8.673103452253763
31117,-0.8950452678004854
31118,-8.348486689061238
31119,-8.676568531668291
31120,2.213325808914254
31121,-8.665211876030838
31122,-8.224191870025052
31123,2.7933385930216863
31124,-1.8862708598518054
31125,-8.66204483571406
31126,-8.656677717675112
31127,-8.6716068074663
31128,-8.669492437804859
31129,-8.648418640185591
31130,-8.663282421521599
31131,-8.671527251845596
31132,-8.670933350286772
31133,-8.665260167742819
31134,-8.672713689864109
31135,-8.673544457009285
31136,-7.9415545602992195
31137,-8.601299467265303
31138,-8.670386516078217
31139,-8.67012712469169
31140,-8.64582763640995
31141,-0.6018264329728357
31142,-1.1396441008771894
31143,-8.592793841943763
31144,-8.6729635323263
31145,-8.667178532201122
31146,-1.2817871799828484
31147,-8.65154643827248
31148,-8.664282549931729
31149,-8.671948858124637
31150,-0.3813696182186427
31151,-8.164128031244243
31152,-8.663246639703711
31153,-8.670733300117858
31154,-0.7108326493892089
31155,-8.664279401956843
31156,-7.218571716808829
31157,-8.667378097971499
31158,-4.984426690810141
31159,-8.671613376093022
31160,-8.668048600221455
31161,-8.67104049461677
31162,-8.644374050703325
31163,-8.670502111211523
31164,-8.671657958765334
31165,-8.66560509417573
31166,-8.673550799109048
31167,-8.670949538374998
31168,-8.668292509145243
31169,-8.649722786421563
31170,-8.672713689864109
31171,-8.6740346351041
31172,-8.125794432943506
31173,-8.313798277165155
31174,-0.989534578249879
31175,-8.671651382433645
31176,-8.660038035959566
31177,-8.66509637523462
31178,-8.672302264436983
31179,-8.651167190707366
31180,-8.666073019866962
31181,-8.665852915882319
31182,-8.644605646560953
31183,-8.660203879215597
31184,-4.848316268261392
31185,-8.662120475337517
31186,-8.675011421994764
31187,-8.66102093037992
31188,-8.657919319583216
31189,-8.66494699676992
31190,-8.388129491942548
31191,-8.67197401652837
31192,-0.9185063176162139
31193,-8.662016686177086
31194,-8.667960362998056
31195,-1.8713049777059245
31196,-1.9307420657157888
31197,-8.67104049461677
31198,-8.67276675052615
31199,-8.667976483749795
31200,-8.673206887599603
31201,-8.67106584722215
31202,-1.0054436769461166
31203,0.17769998769101936
31204,3.220757922826819
31205,-8.671946253523878
31206,-8.67261319689573
31207,-8.674285602465524
31208,-7.766104654424086
31209,-8.66874766944111
31210,-8.671725020410603
31211,1.4060311067608522
31212,0.8712863046435846
31213,-8.673250839009581
31214,-8.659023089024073
31215,-1.629711718556671
31216,-8.67548352269347
31217,-8.67215242925496
31218,-8.644413798699057
31219,-8.664015244280552
31220,-7.45215158363354
31221,-8.670247825622067
31222,-8.675051703063833
31223,-8.673152825790003
31224,-8.659822867670862
31225,-8.671053950720916
31226,-7.139822582315789
31227,-8.142751435038026
31228,3.620255540306582
31229,-8.656331923483238
31230,-8.666060623115001
31231,-8.669774934354166
31232,-8.669453531216494
31233,-8.65799289400826
31234,-8.66163258882036
31235,-8.66959258444464
31236,-8.673206887599603
31237,-8.665986577085215
31238,0.9526713060724756
31239,-8.671254395026665
31240,-8.397379512616915
31241,-8.668979725373324
31242,-8.672221286619461
31243,-8.666917392992806
31244,-8.207895372117946
31245,-8.674914093285684
31246,-8.667641075755993
31247,-8.6667813398929
31248,-8.676934224686837
31249,-8.673250839009581
31250,-8.672514911444049
31251,-8.651167190707366
31252,-8.676871876989527
31253,-8.544626416799025
31254,-8.64434301064184
31255,-8.249303861448949
31256,-8.673410357165446
31257,-8.660661212011066
31258,-8.674492392280738
31259,-8.66695315120763
31260,-8.670347264180652
31261,-8.666818467133501
31262,-8.302068461035125
31263,-8.665962621662585
31264,3.6422873061997603
31265,-8.654200162933334
31266,-8.669679672099893
31267,-7.737951722139789
31268,-8.669453531216494
31269,-8.66600608466668
31270,-8.6724142360645
31271,-8.672872550093109
31272,-8.673676226659042
31273,-8.671472485233355
31274,-7.942755706514745
31275,-8.617791192049836
31276,-8.668654991906717
31277,-8.662534880940509
31278,0.3953633105408052
31279,-8.664056851159037
31280,-8.045536846573036
31281,-8.674998263129844
31282,-8.673362178678783
31283,-8.668235762237906
31284,0.7787603032526378
31285,-8.671216511129728
31286,-8.513899520826849
31287,-8.646323982966777
31288,-8.647930607208533
31289,-8.664076482415327
31290,-8.653733852623144
31291,-8.664798086693194
31292,-8.673410357165446
31293,0.05317956975403326
31294,3.3090816116857376
31295,-8.672236147184556
31296,-8.673527901260908
31297,-8.661430783829319
31298,-0.4685655618660145
31299,-8.676568531668291
31300,-4.515327226381326
31301,-8.666852351921673
31302,-8.668376509123654
31303,-7.43512202142294
31304,-8.648387603786357
31305,-8.671290787190777
31306,-8.67276675052615
31307,-8.670753550684866
31308,-8.67144297104422
31309,-8.67258863916455
31310,-8.668535798981942
31311,-8.66981964637661
31312,-8.662828195744082
31313,-8.673449203000855
31314,-8.661781565854923
31315,-8.666515542658077
31316,2.474653877321122
31317,-8.67229778572782
31318,-8.66799512719177
31319,-8.665026953881778
31320,-8.67754111640451
31321,-8.459748317109849
31322,-8.644350810155624
31323,-8.647345350814806
31324,-8.66099186660131
31325,-8.671049921213369
31326,-8.650862902698165
31327,-8.664920895929722
31328,-8.673410357165446
31329,-8.673721571471091
31330,-6.151532976452163
31331,-8.673152825790003
31332,-8.670963408350842
31333,-8.669234970118806
31334,-8.403112501098528
31335,-8.672743014416557
31336,-0.9824995684699298
31337,-8.670853702427861
31338,-8.67184650332165
31339,-8.671613376093022
31340,-8.660395570906783
31341,-8.668798812156206
31342,-8.667286657789106
31343,-8.665505743696661
31344,-8.666151147961873
31345,-8.66236559283276
31346,-8.670828153756002
31347,-5.464557036580391
31348,-8.670933350286772
31349,-8.669255567053531
31350,-8.672713689864109
31351,-8.667735492054442
31352,-8.210515141416796
31353,-8.66194944877493
31354,-8.674972586196283
31355,-8.663490963266176
31356,-8.67754111640451
31357,1.7932039218080729
31358,-8.672514911444049
31359,-8.627714556019388
31360,-8.386112312048898
31361,-8.673215679141974
31362,-8.640651601726365
31363,-8.003608965414475
31364,-8.652663976455742
31365,-8.66819210072037
31366,-0.15927758396834157
31367,-8.66780972281964
31368,-8.672134796172209
31369,-8.666078323408536
31370,1.2346301189368487
31371,-8.673217367992233
31372,-0.49657845850720495
31373,-8.670853702427861
31374,-8.100243792604223
31375,-8.671613376093022
31376,-8.667195406621664
31377,-8.672229562902313
31378,-8.660252857176845
31379,-0.9804483754139937
31380,-8.672237346730004
31381,-8.673078635248466
31382,-8.673550799109048
31383,-8.672648657122268
31384,-8.670933350286772
31385,-8.673449203000855
31386,-8.672713689864109
31387,-8.663970200224455
31388,-8.205000338982053
31389,-8.670955127249293
31390,-8.653599654373577
31391,-8.670609737797674
31392,4.171912740958408
31393,-8.664834796206309
31394,-7.508881098855839
31395,-8.641821165698747
31396,-8.677341295489983
31397,-8.66393349818025
31398,-8.653404048732256
31399,-8.656013567295238
31400,-8.669438980547318
31401,-4.758929052573733
31402,-8.66457828079497
31403,-8.672419060848002
31404,-8.646039969045711
31405,-8.672601358299904
31406,-8.403112501098528
31407,0.008708106347612432
31408,-6.77172788392816
31409,-8.669561776528868
31410,-8.661800125652155
31411,-8.661130713221821
31412,-4.88067980786562
31413,-8.672992338121231
31414,-8.66485727175879
31415,-8.673530267710365
31416,-8.673676226659042
31417,-8.665582974718742
31418,-8.666303772767606
31419,-7.912220253444347
31420,-8.673507555791453
31421,-8.673449203000855
31422,-8.672615053360358
31423,2.9801344896828317
31424,-8.44416670112253
31425,-8.674504286305448
31426,-1.2012406127683977
31427,-8.666863890745248
31428,-8.667340136563974
31429,-8.67335316019808
31430,-8.667433826406567
31431,-8.638748178060444
31432,-8.673710896909792
31433,-8.673215679141974
31434,-8.653733852623144
31435,-8.66632387152492
31436,-0.4962416658008193
31437,-8.674192983071041
31438,-8.673812934489805
31439,-8.659985243806563
31440,-8.672788879081441
31441,-8.672690524446452
31442,-8.403112501098528
31443,-8.671480230930088
31444,10.822519450451395
31445,-8.667786397452822
31446,-8.67184650332165
31447,-8.66927971899352
31448,-8.669453531216494
31449,-8.672992338121231
31450,-8.67276675052615
31451,-8.669052102921494
31452,-6.028121531653214
31453,-8.674653728458711
31454,-8.673550799109048
31455,-8.672648657122268
31456,-8.57512608986942
31457,-8.67435081882158
31458,-8.6655760856195
31459,-8.674285602465524
31460,-8.162999704780884
31461,-8.66722173441994
31462,-8.670655429969917
31463,-0.5455283228040457
31464,-8.675181471117742
31465,-8.67335316019808
31466,-0.4253810227402771
31467,-8.654317671313418
31468,-8.677219741443851
31469,-8.664620705832625
31470,-2.1343744292215865
31471,-8.66388455836951
31472,-0.5514167950418796
31473,-8.668608782799293
31474,-8.675051703063833
31475,-8.657158597553895
31476,-8.669173662871044
31477,-8.665425115021552
31478,-8.403112501098528
31479,0.9577696742197661
31480,11.706515149767474
31481,-8.669318528523906
31482,-6.853999739064907
31483,-4.224519944027824
31484,-8.669241171689002
31485,-8.673847922712781
31486,-8.671432240703806
31487,-8.672710997673457
31488,-8.662985561570794
31489,-8.674653728458711
31490,-8.673550799109048
31491,-8.672648657122268
31492,-8.673507555791453
31493,-8.641393675079447
31494,-2.9237944810067407
31495,-8.671382991348063
31496,-8.164314700031968
31497,-8.672439257416169
31498,-8.676444331027017
31499,-8.669130174277871
31500,-0.7806515851977227
31501,-8.666827681113116
31502,-8.58817621445737
31503,-8.651029298842111
31504,-8.675575999521909
31505,-8.50847175621295
31506,-8.653733852623144
31507,-8.666121923026086
31508,-8.660187476060898
31509,-8.673579263656336
31510,-8.675051703063833
31511,-8.674361483308486
31512,-8.654342093320013
31513,-8.67076413413521
31514,-7.918417277122853
31515,-8.676568531668291
31516,-2.486312600207949
31517,-8.666525010653904
31518,-8.664452328804948
31519,-8.669941161973924
31520,-1.9248666415457434
31521,2.6611857033560766
31522,-8.66795565797776
31523,-8.673458253348494
31524,-8.668429023663254
31525,-8.663530708938595
31526,2.898182302286536
31527,-8.672648657122268
31528,-8.669540413680533
31529,0.5844116680097955
31530,-8.674875426782807
31531,-8.674285602465524
31532,-8.134372147565683
31533,-8.67410498818175
31534,-8.674647675611286
31535,-1.5822554984401425
31536,-8.67754111640451
31537,-8.652748568381664
31538,-8.673737848380217
31539,-2.0250989416627707
31540,-8.677554999534694
31541,-8.67060368498776
31542,-8.653733852623144
31543,-8.436706984967968
31544,-8.675402302981135
31545,-8.66519010394341
31546,-2.8990139852937578
31547,-8.633527317966779
31548,-8.673023274590129
31549,-8.668109091112735
31550,-8.669662842580435
31551,-8.66594417107916
31552,3.586449312731179
31553,-8.670333300015782
31554,-8.671888584563074
31555,-8.669797955467867
31556,-8.669442016497458
31557,-8.666952067344921
31558,-8.665064213757049
31559,-8.673977961456531
31560,-8.673676226659042
31561,0.6099573374894368
31562,-8.673550799109048
31563,-8.669752268622785
31564,-8.670693743849283
31565,-8.671191548769356
31566,-8.6730852217338
31567,-2.901951635834539
31568,-2.7263953080667482
31569,-8.6694682228122
31570,-8.674546296289789
31571,-8.669063663943023
31572,-2.245892771397317
31573,-8.6672503985719
31574,-8.636861306692515
31575,-8.491638305804944
31576,-8.67754111640451
31577,-8.673061412788417
31578,-8.642105198039431
31579,-8.670106680227551
31580,-8.675402302981135
31581,-8.670393507928955
31582,-8.675051703063833
31583,-8.670432768765776
31584,-8.658120242604742
31585,-8.664862217655033
31586,-8.67206158568839
31587,-4.3735482981860425
31588,-0.9945478999005459
31589,-8.67071979046647
31590,-8.665552851394827
31591,-8.668212792098995
31592,-8.660884973090733
31593,-0.5876015997752795
31594,-8.669363688340216
31595,-8.6694274382047
31596,-8.668705963243598
31597,-8.671593211090768
31598,-8.67156012695801
31599,-8.6727341501964
31600,-8.672019316575138
31601,-8.670849362408932
31602,-8.674137072983688
31603,-8.117575996808815
31604,-8.22547486905103
31605,-8.674210012085947
31606,-8.668336268456567
31607,-8.671651382433645
31608,-8.666044528232332
31609,-8.67335316019808
31610,-8.674254912215705
31611,-8.672458630169151
31612,-8.673940373664584
31613,-8.669729746405514
31614,-8.522060389031152
31615,-8.66990624782529
31616,-8.675402302981135
31617,-8.669274287934424
31618,-8.673822084114581
31619,-8.67416734994535
31620,0.23773855016513257
31621,-8.66936647089053
31622,-8.670217104173432
31623,-8.673643679392798
31624,2.0948905860916067
31625,-8.670227035485865
31626,-0.68103536118335
31627,-8.673663317042505
31628,-8.660217751906464
31629,-8.673847922712781
31630,-8.660983743085326
31631,-8.674427588961201
31632,-8.672806423831865
31633,8.316126185249603
31634,-8.672817221685271
31635,-8.670498795076583
31636,-8.666865296292466
31637,-0.15481008879395644
31638,-8.667134520549297
31639,-8.67433278811497
31640,-8.315348023845864
31641,-8.668120332744937
31642,-8.66595826540178
31643,-8.655191681131493
31644,-8.66461809778905
31645,-8.65556563681285
31646,-8.67058090638226
31647,-8.672458630169151
31648,-8.67754111640451
31649,-8.673215679141974
31650,-8.645374129257116
31651,-8.67306337020837
31652,-8.667716056128253
31653,-8.671688797900954
31654,-8.675137867646267
31655,-8.674361483308486
31656,-8.668566793551483
31657,-0.7041072767098842
31658,-8.671031405835956
31659,-8.675700610029608
31660,-1.6042247927475881
31661,-8.670853702427861
31662,-8.668556583259358
31663,-8.66651109210968
31664,-0.4680593219309672
31665,-8.670809344714245
31666,-8.665677651755065
31667,-8.673765018614509
31668,-8.670232719481973
31669,-8.674653728458711
31670,-8.673154738542188
31671,1.222150493394781
31672,-8.672922111008683
31673,-8.674255953099975
31674,-8.676187455707142
31675,-8.667411691391012
31676,-8.44416670112253
31677,-8.67500400616784
31678,-8.673657202132917
31679,-8.668201227153965
31680,-8.66083081075145
31681,-8.65349838152142
31682,-8.672104865854447
31683,-8.672458630169151
31684,-8.67754111640451
31685,-0.6122654190467702
31686,-8.63324678136894
31687,-8.675117604697855
31688,-8.653561003187585
31689,-8.670754624570003
31690,-8.670966616993221
31691,3.3661001829825383
31692,-8.673527901260908
31693,-8.648440085886499
31694,-8.665629806442926
31695,-8.670024294589966
31696,-7.218571716808829
31697,-8.19017688658166
31698,-8.66595792200764
31699,-8.661073098306053
31700,-8.225097450457408
31701,-8.669855169325714
31702,-8.673529895300351
31703,-8.65950793950246
31704,-8.664632255452524
31705,-8.668379170970077
31706,-8.673550799109048
31707,-8.663487466508421
31708,-8.66383857217804
31709,-8.650690870249207
31710,-8.673262985182388
31711,-8.67433278811497
31712,-5.821045260133849
31713,-8.671049962815777
31714,-8.675508559043651
31715,-8.671651382433645
31716,-8.674084363415947
31717,-8.665115694190572
31718,-8.672431481487674
31719,-8.673401020062755
31720,-8.67754111640451
31721,-8.673215679141974
31722,-8.643195594859966
31723,-8.670495933867844
31724,-7.377886510206756
31725,-8.6685812557524
31726,-8.672173504596973
31727,-8.674438513527665
31728,-8.6559588793257
31729,-8.671325099605465
31730,-8.274106416459809
31731,-8.676568531668291
31732,-0.5713551554510167
31733,-8.66938817900283
31734,-8.667554997404181
31735,-8.64918991187964
31736,-8.669453531216494
31737,-8.66691510544919
31738,-8.664279518671965
31739,-8.664296423718339
31740,-8.673676226659042
31741,-8.674917667328877
31742,-8.453339572629078
31743,-8.671196528814182
31744,-8.673507555791453
31745,-8.667818432076638
31746,-8.656476979439239
31747,-7.138764124502692
31748,-8.11086312673311
31749,-8.667238038346463
31750,-8.674079092815058
31751,-8.670836479272484
31752,-8.67129372355846
31753,-8.672991498136678
31754,-8.669455081220894
31755,-8.673401020062755
31756,-8.640460666801204
31757,-8.673215679141974
31758,-8.648060854348344
31759,-8.672747714464617
31760,-8.671973769707202
31761,-8.654035765112736
31762,-8.668580119817245
31763,-8.669838167695673
31764,-8.670222188718702
31765,-8.667996811253364
31766,-8.664103711215331
31767,-8.670993237832377
31768,11.170708256336402
31769,-8.665057626830848
31770,-8.671888584563074
31771,-8.666604931524704
31772,-8.669461100936847
31773,-8.67299230346744
31774,-8.673529895300351
31775,-8.66474277470504
31776,-8.673676226659042
31777,-8.674410043716046
31778,-8.66634529051241
31779,-8.665975989093104
31780,-8.418653166868928
31781,-8.670619178673064
31782,-8.669284047559014
31783,-8.663920237251016
31784,-7.794370454267277
31785,-8.674216762103397
31786,-8.673841620172857
31787,-8.671618116040928
31788,-8.677090673273808
31789,-0.7867850265501719
31790,-8.673152937406932
31791,-8.673179305487164
31792,-8.67754111640451
31793,-8.673263563903769
31794,-8.645172057712319
31795,-8.674984009927119
31796,-8.671025615689578
31797,-8.671708219638504
31798,-8.673333603463975
31799,-8.664188244672182
31800,-8.561724556075019
31801,-8.67187106097286
31802,-8.669381081098694
31803,-8.676568531668291
31804,-2.1530514464985537
31805,-8.670853702427861
31806,-8.66620884754143
31807,-8.669726912668951
31808,-8.6701548799334
31809,-8.673847922712781
31810,-8.670466253034634
31811,-8.671607874040866
31812,-8.677302212513363
31813,-8.669090404499473
31814,-8.67501790302745
31815,-8.671659598181563
31816,-8.664949095208213
31817,-8.666608752011278
31818,-8.674906830744368
31819,-8.669619212428406
31820,-8.234400309286144
31821,-7.645755990420389
31822,-0.920971585025959
31823,-8.671208291905648
31824,-8.676167214512175
31825,-8.67339480134165
31826,-8.671968634570415
31827,-8.670992295168524
31828,-8.67401952246022
31829,-8.671137540090287
31830,-8.653733852623144
31831,-8.674497001389168
31832,-8.666198332249555
31833,-8.674192983071041
31834,-8.671762330126715
31835,-8.600600816744382
31836,-8.670365123087295
31837,-8.671826980435826
31838,-8.676098429259621
31839,-8.674530462015149
31840,-1.6051177036427484
31841,-8.670853702427861
31842,-8.670814987183176
31843,-8.67326329784792
31844,-8.669743302131039
31845,-8.673339563073199
31846,-8.658718071318317
31847,-8.66493139418652
31848,1.6310736007964948
31849,-8.674965162124336
31850,-8.671048884080484
31851,-8.672210684757928
31852,-8.672696296714937
31853,-8.654890195102208
31854,-8.666833661954326
31855,-8.675713221996098
31856,-7.771128549241648
31857,-8.672175763930653
31858,-8.675197709539257
31859,-8.670408555733623
31860,-8.677084878680326
31861,-8.668345342175446
31862,-8.671422955650772
31863,-8.669726242977177
31864,-8.67754111640451
31865,-8.671305907262616
31866,-8.638956252972342
31867,-8.649983844750745
31868,-8.672678365354969
31869,-8.671823907486633
31870,-8.671774683051398
31871,-8.673454826013016
31872,-8.670281135843432
31873,-8.671651866706783
31874,-8.675714178270546
31875,-8.676568531668291
31876,-0.16704345600971315
31877,-8.664126401367723
31878,-8.671888584563074
31879,-8.670671399433328
31880,-7.557415652779487
31881,-8.674656494831126
31882,-8.661139259397032
31883,-8.674427588961201
31884,-8.677302212513363
31885,-8.673086991453339
31886,-8.67501790302745
31887,-8.659717434886726
31888,-8.662338770032743
31889,1.1516311106081094
31890,-8.675031273939586
31891,-8.675713221996098
31892,-7.902020468386288
31893,-8.676503554283034
31894,-8.676010220732405
31895,-8.66987416675877
31896,-8.669255355879645
31897,-8.671810015520553
31898,-8.670762067374394
31899,-8.673401020062755
31900,-8.66917465321444
31901,-8.65488160652324
31902,-8.651532109580518
31903,-4.406814111967258
31904,-8.353362887005384
31905,-8.673584130908733
31906,-8.675137867646267
31907,-8.674157288713745
31908,-8.673527901260908
31909,-8.669649295706812
31910,-8.670286046668146
31911,-8.672711987393154
31912,-1.5858787126709812
31913,-8.667465652939645
31914,-8.666471485270003
31915,-8.660252127725768
31916,-8.670891733477026
31917,-8.66467353103725
31918,-8.666516167349751
31919,-4.59360740892683
31920,-8.677302212513363
31921,-8.660051537716205
31922,-8.675359886983028
31923,-8.666455314103366
31924,-0.6061454047850954
31925,-8.67435081882158
31926,-8.663728240465286
31927,-8.675713221996098
31928,-8.325072637341759
31929,-8.676897678603034
31930,-8.676444331027017
31931,-8.670657435866342
31932,-8.665967261396233
31933,-8.666037603550908
31934,-8.672940619407859
31935,-8.672209456778717
31936,-8.677957963565527
31937,-8.671659449028965
31938,-8.645396991455138
31939,-8.657278347163007
31940,-8.668738764790135
31941,-8.6645169029164
31942,-8.674538470244164
31943,4.509190458302907
31944,-8.673339557065106
31945,-8.67044982356812
31946,-8.665622381266573
31947,-8.676568531668291
31948,-3.463905419967759
31949,-8.668576903416405
31950,-8.667932797682818
31951,-8.659323106882828
31952,-8.670891733477026
31953,-0.8758594087838101
31954,-8.671729447947635
31955,-8.674427588961201
31956,-8.675986362159875
31957,-8.675213465257812
31958,-8.675359886983028
31959,-8.670785812952325
31960,-8.673507555791453
31961,-8.664030716320639
31962,-8.672228039135733
31963,-8.678605866647594
31964,-8.191866499572921
31965,-8.677675737540099
31966,-8.675368533453902
31967,-8.671772017572474
31968,-8.678028678810135
31969,-8.668772131879464
31970,-8.675091374950108
31971,-8.673412901883314
31972,-8.666163072980462
31973,-8.667148277448746
31974,-8.666632464707568
31975,-8.674008702584512
31976,-8.669825319694343
31977,-8.671343162292988
31978,-0.3626511355743914
31979,-8.675070356361896
31980,-8.672305022794296
31981,-8.6704800221097
31982,-8.67470938143921
31983,-8.676568531668291
31984,2.3774102735390095
31985,-8.670853702427861
31986,-8.671233486020146
31987,-8.675055010475356
31988,-2.7306171609606427
31989,-8.67346349746726
31990,-8.671802298095528
31991,-8.674427588961201
31992,-8.66131801245865
31993,-8.657793481444028
31994,-8.675359886983028
31995,-8.6727341501964
31996,-8.671487213023608
31997,-8.667468825405063
31998,-8.674438838756855
31999,-2.138993989985519
32000,-8.13305545284
32001,-8.623540532529011
32002,-6.742601378172587
32003,-8.66732384081748
32004,-8.672803825996434
32005,-8.668401038133897
32006,-8.673638314520081
32007,-8.673412901883314
32008,-8.677554999534694
32009,-8.666145383503377
32010,-8.666632464707568
32011,-8.669912574943679
32012,-6.511017099802297
32013,-8.674192983071041
32014,-8.663393564605261
32015,-8.675070356361896
32016,-8.66778829545464
32017,-8.671110038993351
32018,-2.7250073411100577
32019,-8.672263836795945
32020,0.7018528565872362
32021,-8.667891282648762
32022,-8.66445288562039
32023,-8.673166008888629
32024,-0.7070079204899238
32025,-8.674179887835857
32026,-8.67122922109585
32027,-8.674427588961201
32028,-8.676250371471895
32029,-8.673881913656972
32030,-8.675997940427813
32031,-8.6727341501964
32032,-8.66884656706721
32033,-8.673787909989423
32034,-8.673931813747714
32035,-8.674631887881503
32036,-8.260429102228809
32037,-8.677751726964152
32038,-8.676444331027017
32039,-8.671772017572474
32040,-8.666728259788702
32041,-8.665252622351131
32042,-8.675091374950108
32043,-8.666932980833144
32044,-8.623697970399641
32045,-8.673263563903769
32046,-8.667723902589238
32047,-8.675117604697855
32048,-8.666997898079806
32049,-8.672490101312492
32050,-8.672555982657261
32051,-8.675070356361896
32052,-8.668838710869636
32053,-8.659281038120731
32054,-8.667386309627842
32055,-8.673855626070493
32056,-0.9733169492932956
32057,-8.670921530949746
32058,-8.671049960238136
32059,-8.673858443199295
32060,-8.670891733477026
32061,-8.671403039869856
32062,-8.673529895300351
32063,-8.672843332935201
32064,-8.677302212513363
32065,-8.661480271620157
32066,-8.656014690488194
32067,-0.8212308660206562
32068,-8.661185780893886
32069,-8.585934170175875
32070,-8.676187455707142
32071,-8.669249312800119
32072,-7.887904973593161
32073,-8.671732372428043
32074,-8.657762500536808
32075,-8.674399662501774
32076,-8.673676154852279
32077,-8.6592161395497
32078,-8.6753861552986
32079,-8.673412901883314
32080,-8.667614414059198
32081,2.8779877120723696
32082,-8.667585135442351
32083,-8.67579897069139
32084,-8.663828811092355
32085,-8.671067420830724
32086,-8.661262628723179
32087,-8.661892623721705
32088,-8.668773456533103
32089,-8.675357497437233
32090,-8.662018155766932
32091,-8.676568531668291
32092,-0.5267190752847357
32093,-8.670006963693451
32094,-8.67108771477297
32095,-8.672158565588447
32096,-8.664134611047105
32097,-8.674910707006001
32098,-8.669196530531016
32099,-8.674427588961201
32100,-8.674225465919388
32101,-8.666093700153782
32102,-8.675997940427813
32103,-8.6727341501964
32104,-8.661522473828928
32105,-8.66994034765006
32106,-8.676187455707142
32107,-8.66638884382465
32108,-8.088324953577498
32109,-8.677751726964152
32110,-1.6285128860620328
32111,-8.674399662501774
32112,-8.674546355415316
32113,-6.836768304241665
32114,-8.672389644679416
32115,-8.66913539681369
32116,-8.677236666105303
32117,-8.673263563903769
32118,-8.667723902589238
32119,-8.677960271941796
32120,-8.67353107710328
32121,-8.675082987166725
32122,-8.675137867646267
32123,-6.890419996657887
32124,-8.673172679581176
32125,-8.672352159782859
32126,-8.67380073017801
32127,-8.664032744582975
32128,-7.218571716808829
32129,-8.667568498530414
32130,-8.668970307533254
32131,-8.673104831157696
32132,-8.673459637937682
32133,-8.674910707006001
32134,-8.673529895300351
32135,-8.672691888812867
32136,-8.605812966431307
32137,-8.668779626683438
32138,-8.676637093083398
32139,-8.670634753718392
32140,-8.670609488783558
32141,-8.537419084362211
32142,-8.671671409020666
32143,-8.677893577799537
32144,-8.287668323684851
32145,-8.666826278930866
32146,-8.676444331027017
32147,-8.674619397499585
32148,-8.676312899626708
32149,-8.67217506660825
32150,-1.8266116549243248
32151,-8.669799222500831
32152,-8.677418909669898
32153,-8.672425111677114
32154,-8.675315761618617
32155,-8.676082138274161
32156,-8.67202417843107
32157,-8.67242105795276
32158,-8.65934477562051
32159,-8.672256629983488
32160,-8.665688301347126
32161,-8.671722631068329
32162,-8.67835014522938
32163,-8.665291261812708
32164,-3.746717224748993
32165,-8.670921530949746
32166,-8.671888584563074
32167,-8.675003107642382
32168,-8.674398125591612
32169,-8.670100381375699
32170,-8.663769138503243
32171,-8.672548695507023
32172,-8.670960766565063
32173,-8.675213465257812
32174,1.648368414560732
32175,-8.666027242816508
32176,-8.67230517323412
32177,-8.67435081882158
32178,-8.67627439436993
32179,-8.676346550166043
32180,-8.101948111590156
32181,-8.664836109471961
32182,-8.677607921280291
32183,-8.673320716828385
32184,-8.675792750750388
32185,-8.668550700795494
32186,-8.670632457695277
32187,-8.67222920698627
32188,-8.67340249506062
32189,-8.670605095522685
32190,-8.672148711394088
32191,-8.672591837635702
32192,-8.675402302981135
32193,-8.675082987166725
32194,-8.674761739494766
32195,-8.675070356361896
32196,-8.673527901260908
32197,-8.66613054636198
32198,-8.67639905593181
32199,-6.9531853795220435
32200,-1.5737343143684643
32201,-8.577753588922082
32202,-8.667191364435189
32203,-8.667498656620568
32204,-8.676881365146926
32205,-8.668657819905835
32206,-8.664624779618725
32207,-8.667030964650607
32208,-8.677729483453511
32209,-8.673058964189263
32210,-8.676637093083398
32211,-8.66611309686853
32212,-8.6697000799429
32213,-8.664971445609787
32214,-8.674993744759039
32215,-8.677734529529065
32216,-8.11185824504336
32217,-8.674546558564176
32218,-8.675446111996585
32219,-8.67593905711304
32220,-8.67851164262225
32221,-8.673469363505824
32222,-8.671191299149909
32223,-8.673802295082496
32224,-8.676944818419969
32225,4.535905858097231
32226,-8.669813055636313
32227,-8.670747790642046
32228,-8.675600839704776
32229,-8.67491663341179
32230,-8.671561424592745
32231,-8.675070356361896
32232,-8.672704290860592
32233,-2.742450000596281
32234,-8.677028048791291
32235,-8.675194562466036
32236,-3.7924403599843437
32237,-8.670939650319546
32238,-8.671888584563074
32239,-8.670976425730109
32240,-8.67739840867602
32241,-8.671312032288116
32242,-8.669098037732898
32243,-8.674244864411865
32244,-8.666519790781814
32245,-8.671780130445697
32246,-8.17184118828109
32247,-8.670910699048118
32248,-8.668600748900607
32249,-8.67435081882158
32250,-8.675378278061071
32251,-8.677957963565527
32252,-8.44416670112253
32253,-8.67595753130356
32254,-7.564443536572496
32255,-1.3821066081158033
32256,-8.673604324738216
32257,-8.672131710895677
32258,-8.6753861552986
32259,-8.673802295082496
32260,-8.669865055177157
32261,-8.668261836703534
32262,-8.666220560621396
32263,-8.673307376378975
32264,-8.67097734435182
32265,-8.672883801773125
32266,-8.675234376973847
32267,-8.673447675157568
32268,-8.676051624523343
32269,-8.675357497437233
32270,-8.672402152692133
32271,-8.674142445153858
32272,-2.1513082876372263
32273,-8.671759035464914
32274,-8.672621783346656
32275,-8.667279015903741
32276,-8.676422874497753
32277,0.019135772391243755
32278,-8.675318532469579
32279,-8.674427588961201
32280,-8.677496627012466
32281,-8.669520333218744
32282,2.5370497022010596
32283,-8.671243758964195
32284,-8.673507555791453
32285,-8.669430516327138
32286,-8.675287302689624
32287,-8.668547554107569
32288,-8.272953697355812
32289,-8.66975905484869
32290,-8.67360219082816
32291,-8.67593905711304
32292,-8.678605866647594
32293,-8.671296290166614
32294,-8.667319068707787
32295,-8.673802295082496
32296,-8.66685964042055
32297,-8.60031852217824
32298,-8.674865545168695
32299,-8.67156668416592
32300,-8.66223567357545
32301,-8.673280091445754
32302,-8.673158150414077
32303,-8.674595416989392
32304,-8.676051624523343
32305,-8.669631483231296
32306,-8.677864379538459
32307,-8.673134993616918
32308,-7.218571716808829
32309,-8.674079856052433
32310,-8.666824812329432
32311,-8.668409000375782
32312,-8.677032264438322
32313,-8.674910707006001
32314,-8.675318532469579
32315,-8.673496068635203
32316,-8.677729483453511
32317,-8.6733566040222
32318,-8.663642434445629
32319,-8.6727341501964
32320,-8.65705486816292
32321,-8.66935243377237
32322,-8.671654905637002
32323,-8.677892881261126
32324,-8.118494444566572
32325,-8.67696430987017
32326,-8.677466568343979
32327,-8.67593905711304
32328,-8.673082503461258
32329,-8.672135448840619
32330,-8.6753861552986
32331,-8.672407574625618
32332,-8.677554999534694
32333,-8.668508203654962
32334,-8.672743825611045
32335,-8.667453141963335
32336,-8.675175894714023
32337,-8.671685191260464
32338,-8.667932325018873
32339,-8.67499107384501
32340,-8.675335855382757
32341,-8.675357497437233
32342,-8.675892785515167
32343,-8.673584531684348
32344,2.4270746916475963
32345,-8.672291742635908
32346,-8.669257184639905
32347,-8.671303287250314
32348,-8.67739840867602
32349,-8.673469645816231
32350,-8.675832935492021
32351,-8.675422024924657
32352,-8.677729483453511
32353,-8.669023029039415
32354,-8.676930445809857
32355,-0.049847193554831803
32356,-8.676568369616799
32357,-8.67327120966473
32358,-8.674306100661427
32359,-8.663125339599073
32360,-7.904575824493159
32361,-8.677751726964152
32362,-8.675179916557441
32363,-8.675682411651287
32364,-8.678605866647594
32365,-8.67150366720862
32366,-8.671894538475419
32367,-8.674583258901487
32368,3.5323133356208882
32369,-8.673263563903769
32370,-8.666686887676745
32371,-6.589255536559275
32372,-8.65900813030691
32373,-8.674915269022968
32374,-8.672689171544997
32375,-8.675070356361896
32376,-8.676432332578702
32377,-8.672499487234319
32378,-8.674162347459799
32379,-8.668559328160015
32380,11.012144393467377
32381,-8.673097498960372
32382,-8.669016200698772
32383,-8.673402948705007
32384,-8.677145309694072
32385,-8.672984335375567
32386,-8.675573443396193
32387,-8.66955628629533
32388,3.605343800903416
32389,-8.668657395276067
32390,-8.674914277696134
32391,-8.6727341501964
32392,2.402341962419398
32393,-8.668273959672373
32394,-8.675174430560418
32395,-8.674891873700044
32396,-8.326784761124559
32397,-8.677751726964152
32398,-8.677607921280291
32399,2.8716143625025903
32400,-8.677539493710393
32401,-8.673469363505824
32402,-8.674262632545886
32403,-8.662183851638108
32404,-8.665441218770704
32405,-8.669894291544818
32406,-8.671009640889327
32407,-8.677960271941796
32408,-8.674344752259497
32409,-0.34650777000134836
32410,-0.5215022622826897
32411,-8.674474986882936
32412,-8.676499964351589
32413,-8.67240933102695
32414,-8.67450205108509
32415,-8.669785953590038
32416,-7.218571716808829
32417,-8.667852717185891
32418,-8.662617004254363
32419,-8.672344701324214
32420,-8.676011254010287
32421,-0.5324966603545422
32422,-8.675832935492021
32423,-8.674959788884335
32424,-8.671807857656207
32425,-8.66606192544512
32426,-8.67204598905821
32427,-8.6727341501964
32428,-8.665965581115758
32429,-8.67435081882158
32430,-8.67627439436993
32431,-8.677957963565527
32432,-8.44416670112253
32433,-8.506117040128757
32434,-8.677060457537733
32435,-8.67096913190533
32436,-8.678605866647594
32437,-8.673469363505824
32438,4.3791764659450445
32439,-8.67190733731654
32440,-8.672817621264858
32441,-8.669446944279274
32442,-8.650130605740273
32443,-8.673960997579655
32444,4.064418557845643
32445,-8.67596158371635
32446,-8.669770937110568
32447,-8.675070356361896
32448,-8.676499964351589
32449,-8.674147322949697
32450,-8.673190685698327
32451,-8.676568531668291
32452,-4.515956275858672
32453,-8.670162327586123
32454,-8.671574429490159
32455,-8.675060901699792
32456,-8.674003266308985
32457,-8.67594783400409
32458,-8.673688015052333
32459,-8.675422024924657
32460,-8.673505171231495
32461,-8.665343140858667
32462,-8.673763267288614
32463,-8.667654067259699
32464,-8.666897143571525
32465,-8.673508042258188
32466,-8.668368288718892
32467,-8.675278375278195
32468,-8.285380500470255
32469,-8.677751726964152
32470,-8.673402875049687
32471,-8.67593905711304
32472,-8.674137586709508
32473,-8.672354898277678
32474,-8.667596984165687
32475,-8.672882075152952
32476,-8.674022945861458
32477,-8.668408897007398
32478,-8.674117976413761
32479,-8.6689020323126
32480,-8.675895376799545
32481,-8.66697040679614
32482,-8.67482618245697
32483,-8.675934372078387
32484,-8.671304769962077
32485,-8.675357497437233
32486,-8.676527879063205
32487,-1.4850863705744555
32488,-5.822168598584968
32489,-8.65858230372469
32490,-8.672621783346656
32491,-8.672237393001902
32492,-8.672125830208598
32493,-8.66896528543669
32494,-8.675832935492021
32495,-8.67513075156047
32496,-8.678326509398385
32497,-8.675213465257812
32498,-8.671971579339527
32499,-8.672066634625969
32500,-8.67104299758503
32501,-8.67435081882158
32502,-8.672821406982452
32503,-8.675067882982155
32504,-8.042207872317242
32505,-8.300793744553136
32506,-8.677607921280291
32507,-8.676191998742052
32508,-8.66966216481805
32509,-8.672146104019987
32510,-2.274313624782521
32511,-8.66956007194623
32512,-8.675498098527052
32513,-8.672181566105518
32514,0.21811862115171315
32515,-8.66975992191454
32516,-8.674207118462451
32517,-8.674537274812689
32518,-8.66751119561649
32519,-8.671367530845254
32520,0.5889112877565488
32521,-8.675357497437233
32522,-8.675735126075722
32523,-8.676568531668291
32524,-5.669550196268347
32525,-8.66375220667517
32526,-4.245197639669571
32527,-8.670796443646376
32528,-8.673804320914595
32529,-8.67594783400409
32530,-8.67183441761761
32531,-8.671617177957932
32532,-8.669890221189327
32533,-8.675213465257812
32534,-8.671830330388023
32535,-8.66964289366262
32536,-8.672105510024863
32537,-1.8247654791035233
32538,-8.671742400284145
32539,-8.676515544899102
32540,-8.412317702478008
32541,-8.677751726964152
32542,-8.677607921280291
32543,-8.097813596804746
32544,-0.22164855224976532
32545,-8.673842601819423
32546,-8.66736306579069
32547,-8.66527860903341
32548,-8.677554999534694
32549,-8.668754704801914
32550,-8.675315761618617
32551,-8.677960271941796
32552,-8.675895376799545
32553,-8.667848055820162
32554,-8.672961114328936
32555,-8.673344413064639
32556,-8.676499964351589
32557,-8.673616482858034
32558,-8.656882208508392
32559,-8.676568531668291
32560,2.3284155619572724
32561,-8.664515466903048
32562,0.9132775228853034
32563,-8.670451986796351
32564,-8.674308704601987
32565,-8.672700916162922
32566,-8.674180369295922
32567,-8.675996246229722
32568,-8.678326509398385
32569,-8.6705393431831
32570,-8.669394452872574
32571,-8.673873428660501
32572,-8.669225184456709
32573,-8.664631618405384
32574,-8.67627439436993
32575,-8.668743676685702
32576,-8.041865348509523
32577,-8.534923408999031
32578,-8.668575300292668
32579,-5.767835045064485
32580,-8.669820143667184
32581,-8.667736236043744
32582,-8.667264034733607
32583,-8.675703858126429
32584,-8.6752679392659
32585,-8.662137184761965
32586,-8.675315761618617
32587,-8.675523317215209
32588,-8.411041250704471
32589,-8.424943328743268
32590,-8.672322216411823
32591,-8.671061412507502
32592,-8.664296873074818
32593,-8.664273604120178
32594,-8.667632126381259
32595,-8.668617854260994
32596,-7.218571716808829
32597,-3.7893344699865104
32598,-8.670377535421327
32599,-8.674162562356589
32600,-8.667958649063333
32601,-8.674645204018407
32602,-8.677280778154971
32603,-8.669636331786347
32604,-8.676725858941788
32605,-8.675213465257812
32606,-8.668847399051336
32607,-8.673873428660501
32608,-8.673329543331796
32609,-8.67435081882158
32610,-8.67626024092695
32611,-8.275919349438805
32612,-8.14250382836974
32613,-8.677760000541285
32614,-8.669230408095537
32615,-8.676191998742052
32616,-2.8424392193830013
32617,3.2080495008265553
32618,-8.668905055212528
32619,-8.675862486703004
32620,-8.670757900701544
32621,-1.598731522822502
32622,-8.671963409846615
32623,-8.678371746694287
32624,-8.675895376799545
32625,-8.67596158371635
32626,-8.67628497538659
32627,-8.675934372078387
32628,-8.67620813852647
32629,-1.5768025194190187
32630,-8.669026930972818
32631,-8.260321655864198
32632,-7.218571716808829
32633,-8.674079856052433
32634,-8.667567734470826
32635,-8.675060901699792
32636,-8.67739840867602
32637,-8.675804264005949
32638,-8.674173560109297
32639,-8.675996246229722
32640,-8.678326509398385
32641,-8.669872582702173
32642,-8.67649345346919
32643,-8.666692593996263
32644,-8.676568369616799
32645,-8.67520000560354
32646,-8.672396057469784
32647,-8.677957963565527
32648,-6.449374617155713
32649,-8.677760000541285
32650,-8.677607921280291
32651,-8.676606979550439
32652,-8.673042893339122
32653,-8.67391046772469
32654,-8.67413539692622
32655,-8.678086715701774
32656,-8.677554999534694
32657,-8.668412719648892
32658,-8.674809390921611
32659,-8.674346084465515
32660,-8.672666878105197
32661,-8.67596158371635
32662,-8.675817148386827
32663,-8.675934372078387
32664,-8.425197291582192
32665,-8.675357497437233
32666,-8.667422944879977
32667,-8.676568531668291
32668,-2.1538063742274898
32669,-8.674079856052433
32670,-8.659000889612605
32671,-3.696636084516882
32672,-8.673172010620185
32673,-8.675990095752718
32674,-8.675824282323902
32675,-8.669888882330595
32676,-8.677943316358812
32677,-8.674171253097018
32678,-8.676516636267213
32679,-8.673812420146344
32680,-8.674022212114751
32681,-8.67423327030823
32682,-8.67485799055755
32683,-8.668035183491744
32684,-8.44416670112253
32685,-8.670204292532881
32686,-8.676094927371164
32687,-8.678174683809377
32688,-8.670780085097153
32689,-8.667428692065078
32690,-8.669356448676831
32691,-8.676158825956488
32692,-8.665467106699714
32693,-8.673263563903769
32694,-8.665712981469298
32695,-8.673939533715377
32696,-8.677207937296433
32697,-8.670994598361789
32698,-8.667701045514624
32699,-8.674648816771974
32700,-8.672597690626539
32701,-8.675357497437233
32702,-8.67168873325518
32703,-8.675540456166289
32704,3.901444577739139
32705,-8.674079856052433
32706,-8.670142073562356
32707,-8.672087799862393
32708,-8.67739840867602
32709,-8.675990095752718
32710,-8.677026112644592
32711,-8.674129464817428
32712,-3.949893791674819
32713,-8.675441178019987
32714,-8.677709360677806
32715,-8.673029636753302
32716,-8.670148520285013
32717,-8.670584203982175
32718,-8.674418092153065
32719,-8.66245781989937
32720,-8.139148492827937
32721,-8.667831683954066
32722,-8.676173624870618
32723,-8.670838487434684
32724,-8.326279681532577
32725,-8.669274628632417
32726,-8.679499244494815
32727,-8.678086715701774
32728,-8.677554999534694
32729,-8.673263563903769
32730,-7.926035510959358
32731,-8.674784571604677
32732,-8.67730541988908
32733,3.7215039034394968
32734,-8.67674376403915
32735,-8.228605944020877
32736,-8.678366389212576
32737,-8.671345236543093
32738,-8.673835997528235
32739,9.616758054435174
32740,3.8327262157086146
32741,-8.665036326970712
32742,-8.665028519519081
32743,-8.67576892546429
32744,-8.675053528071206
32745,-8.67565569829947
32746,-8.677280778154971
32747,-8.675644633714384
32748,-8.673547465274789
32749,-8.673859258949534
32750,-2.2521570468152787
32751,-8.671474506073709
32752,-8.676741089160604
32753,-8.67261259448731
32754,-1.7543844323699034
32755,-8.674001946265053
32756,-7.889018033416775
32757,-8.677760000541285
32758,-8.677607921280291
32759,-8.667999635508762
32760,-8.677576565782168
32761,-8.667815506371548
32762,-8.669491438547636
32763,-8.674675962193133
32764,-8.676594150729596
32765,-8.669664710005726
32766,-8.67338781369696
32767,-8.677492103688841
32768,-8.674648988022996
32769,-8.675790191457724
32770,2.2350216341364284
32771,-8.673682187204562
32772,-8.67161422069282
32773,0.3464241265094157
32774,4.130814343526568
32775,-8.673851255905282
32776,-0.8881843999784512
32777,-8.486936480182157
32778,-8.668442759817651
32779,-8.673859602498899
32780,-8.241184051312722
32781,-8.671878212048188
32782,-8.673489105982403
32783,-8.675996246229722
32784,-8.162336468058616
32785,-3.2010551362752118
32786,-8.662904751343271
32787,-8.667734750858886
32788,-8.67724405133783
32789,-8.674748315364269
32790,-8.670151881163603
32791,-8.67673942001161
32792,-7.888746185032835
32793,-8.677760000541285
32794,-8.673368928740286
32795,-8.674423353835984
32796,-8.677185418164848
32797,-8.668151418114059
32798,0.7805090432558515
32799,-8.674888079995643
32800,-8.676867368189164
32801,-8.666711541797802
32802,-8.67452349371089
32803,-8.669697176534383
32804,-8.665638136056701
32805,-8.674815159818941
32806,-8.67000127022326
32807,-8.672871697272555
32808,-8.668187477378046
32809,-8.667892775069658
32810,-8.678850673422918
32811,-8.675081396289237
32812,-3.5985109647247664
32813,-8.671492368313494
32814,-0.14215909040591512
32815,-8.673436716337479
32816,-8.66629472405497
32817,-8.663146861222062
32818,-8.677280778154971
32819,-8.66143661932203
32820,-8.67774461957582
32821,-8.164638621071399
32822,-8.365542517253042
32823,-8.67361205472709
32824,-8.67724405133783
32825,-8.67520000560354
32826,4.283615288133358
32827,-8.670839318770152
32828,-8.44416670112253
32829,0.716558509375718
32830,-8.67220435925411
32831,-8.667636665556168
32832,-8.670479602274924
32833,-8.668411374654134
32834,-8.677574017120572
32835,-8.673386363859901
32836,-8.670056497145836
32837,-8.672265383368355
32838,-2.30856328371498
32839,-8.676071969067202
32840,-8.67730541988908
32841,-8.675880689688897
32842,-8.6690035417452
32843,-8.658319964122347
32844,-8.678366389212576
32845,-8.674622025624501
32846,-8.67817484174296
32847,-8.676568531668291
32848,-8.671587744697907
32849,-8.666655898359203
32850,-8.67080773153657
32851,-8.675299584641458
32852,-8.675627081859126
32853,-8.675806287121103
32854,-8.673688458182998
32855,-8.675996246229722
32856,-8.671094606425383
32857,-8.675441178019987
32858,-1.5325580760190431
32859,-8.673626039805171
32860,-8.677180642968226
32861,-8.257302131429881
32862,-8.672293348785491
32863,-8.67283956329862
32864,-8.44416670112253
32865,-8.677804726642028
32866,-8.669790888787208
32867,-8.676333222071062
32868,-8.673980543846257
32869,-8.67417283888682
32870,0.7851950326313661
32871,-8.66649966987037
32872,-8.670360239656059
32873,-8.658976941473185
32874,-8.671833496604094
32875,-8.673266334913864
32876,-8.669868559856152
32877,-8.669155065396666
32878,-8.676322421973495
32879,-7.935930571500333
32880,-8.66944602040606
32881,-8.673424678073362
32882,-8.678850673422918
32883,-8.675343467050375
32884,-8.671784375831486
32885,-8.674079856052433
32886,-8.659061051524372
32887,-8.67576892546429
32888,-8.669074622850964
32889,-8.673391495621248
32890,-8.175563652506444
32891,-0.6244542846449685
32892,-8.678326509398385
32893,-8.675441178019987
32894,-8.502629379668772
32895,-8.672039461891647
32896,-8.67724405133783
32897,-8.67520000560354
32898,-8.670354766576171
32899,-8.674099593468714
32900,-8.288901680826323
32901,-8.667846172555727
32902,-8.674899258385162
32903,-8.675780403211464
32904,-8.674740300685261
32905,-8.673394483991949
32906,-8.673335067038128
32907,-8.678086715701774
32908,-8.616099366530396
32909,-8.666887707926367
32910,-8.675260231345034
32911,-8.678202225599852
32912,-8.67730541988908
32913,-8.673579603903411
32914,-8.411242179024152
32915,-8.672255079502639
32916,-8.671441834057507
32917,-8.674618225914204
32918,-8.67717321668341
32919,-8.46842638744212
32920,-8.673919716419052
32921,-8.664917903028735
32922,-8.672621783346656
32923,-8.675461305416935
32924,-8.67739840867602
32925,-8.67413588063936
32926,-8.670642628464792
32927,-8.677239259310065
32928,-8.670809961627622
32929,-8.675441178019987
32930,-8.676920672633534
32931,-8.672031814730381
32932,-8.672043465381256
32933,-8.675165104822607
32934,-8.675723040582763
32935,-8.67476119621643
32936,-8.44416670112253
32937,-8.677804726642028
32938,-8.673819015268476
32939,-8.67767212502467
32940,-8.67394270995259
32941,-8.672455077599825
32942,-8.423216482115691
32943,-7.654244457060509
32944,-8.676944818419969
32945,-8.669939964204605
32946,-8.669881648801324
32947,-8.671878431931802
32948,-8.677376248104146
32949,-8.674520105134938
32950,-8.67674376403915
32951,-8.675934372078387
32952,-8.677609667876201
32953,-8.67301368904643
32954,-8.67839837328684
32955,-8.676568531668291
32956,-8.674957767548536
32957,-8.574916208629288
32958,-8.670998223929894
32959,-8.672290697320582
32960,-8.67946527853003
32961,-8.67237456373413
32962,-8.677617122781104
32963,-8.676396787060288
32964,-8.678326509398385
32965,-8.593600428740253
32966,-8.676524955647816
32967,-8.674081442454474
32968,-8.67724405133783
32969,-8.677105405737002
32970,-8.672050799484179
32971,-8.677957963565527
32972,-0.013436449827758434
32973,-8.672488626168287
32974,-8.677607921280291
32975,-8.672147218684003
32976,-8.679499244494815
32977,-8.669916480679003
32978,-8.678605866647594
32979,-8.673076982976994
32980,-8.664199390869577
32981,-8.665040595667492
32982,-8.46550490640106
32983,-8.678255824790595
32984,-8.676574858591367
32985,-8.675136310105543
32986,-8.675251397587333
32987,-8.672489081471069
32988,-8.24120369744386
32989,-8.675357497437233
32990,-8.673516972477483
32991,-8.674089175080058
32992,-8.674957767548536
32993,-8.674079856052433
32994,-8.666311823529078
32995,-8.67576892546429
32996,-8.6690282426482
32997,-8.674378702979102
32998,-8.67736760279574
32999,-8.380569938034302
33000,-8.674626882885029
33001,-8.672465156007688
33002,-8.675696072179187
33003,-8.675037945534728
33004,-8.675151331931627
33005,-8.675858254995244
33006,-8.673473451687293
33007,-8.677913949275377
33008,-8.130221189267356
33009,-8.677846474924474
33010,-8.676606594791448
33011,-8.672086874704663
33012,-8.679499244494815
33013,-8.675182188195205
33014,-8.678605866647594
33015,-2.7850113194532753
33016,-8.668373259552538
33017,-8.67093532812775
33018,-8.675064031646526
33019,-8.678371746694287
33020,-8.677376248104146
33021,-8.67596158371635
33022,-8.67674376403915
33023,-8.675934372078387
33024,-8.677266109581389
33025,-8.677065661054343
33026,-8.67839259312207
33027,-8.672167408569035
33028,-8.67234484529269
33029,-8.670569950524598
33030,-8.667086290330431
33031,-8.448932736766578
33032,-8.66883613672329
33033,-8.672124326162997
33034,-8.6750982482197
33035,-8.675651870185611
33036,-8.677729483453511
33037,-8.675441178019987
33038,-8.679175522985734
33039,-8.674724663825929
33040,-8.67117452508295
33041,-8.672655797482891
33042,-8.67424915818505
33043,-8.675071531211522
33044,-8.194469769558989
33045,-8.673353809470703
33046,-8.677607921280291
33047,-8.678174683809377
33048,-8.676618053110904
33049,-8.6753218980012
33050,-8.673503411828392
33051,-8.664065422358078
33052,-8.677339453347708
33053,-8.668560592865774
33054,3.981030401879166
33055,-8.672843095435526
33056,-8.669357052382287
33057,-8.67596158371635
33058,-8.675089477195982
33059,-8.669269001913175
33060,-8.674621930576418
33061,-8.677065661054343
33062,-8.678874491211918
33063,-8.676867103501856
33064,-8.67619780707172
33065,-8.671468134778994
33066,-8.65966528139234
33067,-8.67576892546429
33068,-8.675201435589035
33069,-8.251472671860057
33070,-8.666332132052606
33071,-8.66517950947864
33072,-8.678326509398385
33073,-8.674803071367187
33074,-8.677812909072989
33075,-8.672159044430979
33076,-8.676442626761952
33077,-8.677105405737002
33078,-8.67627439436993
33079,2.80701321794399
33080,-8.295379538447506
33081,-8.677846474924474
33082,-8.677607921280291
33083,-8.674540465430532
33084,-8.673040290715438
33085,-8.6753218980012
33086,-8.677880326142397
33087,-8.675079215395757
33088,-8.675395199850657
33089,-8.66596671207407
33090,-8.673970384408884
33091,-8.675518003211177
33092,-8.675954395475012
33093,-8.672120842704153
33094,-8.673554462489374
33095,-8.671732693833869
33096,-8.670309569635247
33097,-8.677065661054343
33098,-3.506702608444825
33099,-8.676867103501856
33100,-8.666619180419758
33101,-8.659361951122879
33102,-8.672621783346656
33103,-8.664226182562992
33104,-8.67946527853003
33105,-8.67326952337422
33106,-8.677617122781104
33107,-8.677239259310065
33108,-8.678357841264669
33109,-8.667049544132807
33110,-8.668651198985035
33111,-8.673421237950649
33112,-8.667737297162182
33113,-8.669716780630926
33114,-8.67237894655971
33115,-8.67237218069678
33116,-8.44416670112253
33117,-8.671360203368259
33118,-8.669447482256201
33119,-8.66714849620237
33120,-8.677192347068722
33121,-8.675136925894405
33122,-8.671593883567509
33123,-8.677606555295656
33124,-8.677922669673324
33125,-8.67089875773945
33126,-8.671279781593277
33127,-8.674939217789273
33128,-8.676069399663776
33129,-8.521452163986478
33130,-8.672340358519556
33131,-8.675934372078387
33132,-8.675062433233629
33133,-8.67880385035137
33134,-8.677613012668434
33135,-8.671783964386815
33136,-8.667242477420858
33137,-8.673538935972381
33138,-8.668746036698897
33139,-8.67576892546429
33140,-8.663019295589505
33141,-8.675990095752718
33142,-8.673915918892328
33143,-8.677239259310065
33144,-8.67780347646006
33145,-8.368246509515293
33146,-8.674274087965864
33147,-8.67037356029165
33148,-8.669794357947495
33149,-8.677105405737002
33150,-8.676748391054929
33151,-8.677957963565527
33152,-8.675347800783861
33153,-8.675287916591234
33154,-8.674994627998345
33155,-8.678174683809377
33156,-8.676690405377805
33157,-8.668697330622528
33158,-8.675257760698905
33159,-8.674181666803515
33160,-8.677464677696353
33161,-8.671937642576282
33162,-8.67181815103528
33163,-8.67885343096622
33164,-8.678036903878173
33165,-8.675477185824471
33166,-8.678006532527267
33167,-8.675934372078387
33168,-8.678721816772818
33169,-8.678204479711685
33170,-8.672609945741817
33171,-8.671769559106593
33172,-8.673686885401038
33173,-8.67181853905925
33174,-8.67719691026425
33175,-8.673088972693822
33176,-8.67946527853003
33177,-8.675990095752718
33178,-8.677372293772606
33179,-8.675459868449698
33180,-8.676747447633232
33181,-8.665986360314532
33182,-8.676620611187028
33183,-8.674554128377622
33184,-8.677597363714172
33185,-8.676871976830409
33186,-8.67049369305226
33187,-8.663570399356622
33188,-8.66993605070934
33189,-8.673184134600053
33190,-8.673601929659803
33191,-8.67485482722913
33192,-8.676242658938213
33193,-8.674380548347962
33194,-8.677291198742104
33195,-8.67203960726498
33196,-8.677922669673324
33197,-8.67136108990415
33198,-8.671086795285943
33199,-8.669942556900795
33200,-8.677455978047535
33201,-8.675674512966713
33202,-8.678570308595486
33203,-8.675934372078387
33204,-8.676929459468885
33205,-8.675032150692802
33206,-8.67814380173316
33207,-8.671466505218243
33208,-8.676313003486761
33209,-8.669825555537876
33210,-8.677674679996462
33211,-8.673406710797513
33212,-8.673695533049518
33213,-8.675990095752718
33214,-8.675116283622007
33215,-8.675746064709806
33216,-8.678357841264669
33217,-8.675441178019987
33218,-8.679175522985734
33219,-8.673429994966927
33220,-8.677340915934435
33221,-8.6750899575303
33222,-8.676452666964007
33223,-8.676062651027513
33224,-8.666011024089249
33225,-8.673202368853282
33226,-8.677238911951305
33227,-8.674381349336322
33228,-8.676005125042654
33229,-8.672990921301887
33230,-8.671271524553772
33231,-8.67330874744932
33232,-8.677568451990552
33233,-8.665822786469185
33234,-8.675521951500626
33235,-8.673637713584325
33236,-8.67107238224169
33237,-8.668983800329196
33238,-8.67583654120794
33239,-8.675934372078387
33240,-8.678721816772818
33241,-8.674072213013595
33242,-8.673498078179378
33243,-8.676867103501856
33244,-8.675944583511411
33245,-8.663813067711615
33246,-8.677674679996462
33247,-8.67576892546429
33248,-8.676207996478077
33249,-8.675990095752718
33250,-8.675258472877623
33251,-8.67532690576259
33252,-8.678447717085675
33253,-8.675159069666986
33254,-8.678673718760042
33255,-8.669859179375893
33256,-8.676886683720921
33257,-8.674260747672028
33258,-8.676748391054929
33259,-8.674883903402474
33260,-8.66639016478547
33261,-8.677608255229904
33262,-8.676904086773549
33263,-8.677882500916896
33264,-8.678718161921529
33265,-8.675264396192674
33266,-8.677085916105147
33267,-8.678776409500829
33268,-8.668508631524068
33269,-8.665680466464906
33270,-8.674520982858269
33271,-8.674219272861887
33272,-8.672565207491722
33273,-8.672582751117956
33274,-0.09286393546210692
33275,-8.673560176512527
33276,-8.671389751557959
33277,-8.665061071453449
33278,-8.67590701334101
33279,-8.67467910946413
33280,-8.674959712994587
33281,-8.663100582705603
33282,-8.675292271467466
33283,-8.670039861948888
33284,-8.672374810861237
33285,-8.675620263276922
33286,-8.671130980325357
33287,-8.677239259310065
33288,-8.678562751761369
33289,-8.674764368947192
33290,-8.678313455302032
33291,-8.675037945534728
33292,-8.673804079102837
33293,-8.677105405737002
33294,-8.677297576455604
33295,-8.670618211788515
33296,-8.675347800783861
33297,-8.677846474924474
33298,-8.671862136182062
33299,-8.678174683809377
33300,-8.6749863571986
33301,-8.670037005988439
33302,-8.678605866647594
33303,-8.675400693275995
33304,-8.677922669673324
33305,-8.673263563903769
33306,-8.67392020601718
33307,-8.67258266366299
33308,-8.677729745296867
33309,-8.668154369416396
33310,-8.675933701024135
33311,-8.676722590014297
33312,-8.678721816772818
33313,-8.670566493552256
33314,-8.677667810539896
33315,-8.669958900248982
33316,-8.677243295051184
33317,-8.673504136366507
33318,-8.677674679996462
33319,-8.675357368599371
33320,-8.675797416129193
33321,-8.673169325564093
33322,-8.677617122781104
33323,-8.676775550912842
33324,-8.677847172777318
33325,-8.675528188284698
33326,-8.678043378999746
33327,-8.674485609714694
33328,-8.672503811778892
33329,-8.677105405737002
33330,-8.677297576455604
33331,-8.67390379238282
33332,-8.671730434266424
33333,-8.678037519167104
33334,-8.676550906719534
33335,-8.678174683809377
33336,-8.679499244494815
33337,-8.674406307734051
33338,-8.673830153296542
33339,-8.676789019737274
33340,-8.671876715230804
33341,-8.673829464039336
33342,-8.67092258782675
33343,-8.67511917984633
33344,-8.677215818991408
33345,-8.67596158371635
33346,-8.67339389058638
33347,-8.673682308209225
33348,-8.676402727582307
33349,-8.67880385035137
33350,-8.675649153489998
33351,-8.67346863014493
33352,-8.676547242056111
33353,-8.666662272683897
33354,-8.676760289837366
33355,-8.674267134616983
33356,-8.67946527853003
33357,-8.674410431547782
33358,-8.67373882936663
33359,-8.677239259310065
33360,-8.669889717493664
33361,-8.67282830254722
33362,-8.679175522985734
33363,-8.677546590720919
33364,-8.674005390068862
33365,-8.677105405737002
33366,-8.674808693382847
33367,-8.66287138878878
33368,-8.672123012916177
33369,-8.678037519167104
33370,-8.67502601959565
33371,-8.676517756685282
33372,-8.675826300833574
33373,-8.672868606972777
33374,-8.67741717317232
33375,-8.672538553594485
33376,-8.675715348415926
33377,-8.675524991009267
33378,-8.676373840974923
33379,-8.677187940883048
33380,-8.676939570564887
33381,-8.668384130262345
33382,-8.673077643437066
33383,-8.673625482362201
33384,-8.676334857701296
33385,-8.671732459104655
33386,-8.674960812424336
33387,-8.676867103501856
33388,-8.671759585974476
33389,-8.674079856052433
33390,-8.676447474170914
33391,-8.670906430096608
33392,-8.668471258764718
33393,-8.671264644199566
33394,-8.667773342391627
33395,-8.673532853627442
33396,-8.678373556457577
33397,-8.665691212820938
33398,-8.679211666217846
33399,-8.6767874382113
33400,-8.669673699783438
33401,-8.677105405737002
33402,-8.677664516781297
33403,-8.674612795858167
33404,-8.675718498500258
33405,-8.672790907477939
33406,-8.676258600891522
33407,-8.67790266937076
33408,-8.677933760656767
33409,-8.676183059078006
33410,-8.67505891512825
33411,-8.671673459475743
33412,-8.677707280174872
33413,-8.67465381480209
33414,-8.675649941899195
33415,-8.672162667831758
33416,-8.675097845593585
33417,-8.67537400873355
33418,-8.676114733098288
33419,-8.677475697564667
33420,-8.672831060768793
33421,-8.67880385035137
33422,-8.675740973965205
33423,-8.675115737393025
33424,-8.667534120031066
33425,-8.667648666051717
33426,-8.67723202911397
33427,-8.674647365681325
33428,-8.671730002854527
33429,-8.672454920656422
33430,-8.676908297686065
33431,-8.6773323077466
33432,-8.67237268506413
33433,-8.674781182306864
33434,-8.677864982259067
33435,-8.677052405303911
33436,-8.675389196895964
33437,-8.672913961647204
33438,-8.673278187602174
33439,-8.675865825459134
33440,-8.669376306171511
33441,-8.674719010816899
33442,-8.67744439657719
33443,-8.678031192993487
33444,-8.675891845336995
33445,-8.676183059078006
33446,-8.678656304214892
33447,-8.67952651537199
33448,-8.677922669673324
33449,-8.675891282668495
33450,-8.674311510377661
33451,-8.670218618815015
33452,-8.67694066165837
33453,-8.676127476267773
33454,-8.676858832702608
33455,-8.674378299957166
33456,-8.677561307205497
33457,-8.678420614213001
33458,-8.678775311094133
33459,-8.66474603662634
33460,-8.673971385090972
33461,-8.670510994605197
33462,-8.676719401172448
33463,-8.670631890207504
33464,-8.679422210072984
33465,-8.667758079798384
33466,-8.677722572194224
33467,-8.67345708847712
33468,-8.679666029750924
33469,-8.67442439338842
33470,-8.67895562704577
33471,-8.673758090868333
33472,-8.677128779182357
33473,-8.674979703105704
33474,-8.677664516781297
33475,-8.677957963565527
33476,-8.670507398156477
33477,-8.67698172714682
33478,-8.676780313413161
33479,-8.6735864558728
33480,-4.968597033537365
33481,-8.676415341514682
33482,0.27459553034592965
33483,-8.679183196624724
33484,-8.67763104660796
33485,0.31846807564783663
33486,-8.676373840974923
33487,-8.677921158653538
33488,-8.666831766548714
33489,-8.671532175180099
33490,-8.676080401850783
33491,-8.675763192194685
33492,-5.983631883014624
33493,-8.670857635924706
33494,-8.672112323035474
33495,-8.666156939482871
33496,-8.677243295051184
33497,-8.674079856052433
33498,-8.665333149136792
33499,-8.648275757033376
33500,0.6978486129742076
33501,-8.675990095752718
33502,-8.676182223031029
33503,-8.676812895015367
33504,-8.676944735628851
33505,-8.675591979616843
33506,-8.675850769973891
33507,-8.68010091615628
33508,-8.677597363714172
33509,-8.223313388415292
33510,-8.672236176157217
33511,0.7684243771028398
33512,-8.657382405364856
33513,-8.677675171065331
33514,-8.677030738214512
33515,-4.785916476800352
33516,-8.68010091615628
33517,-8.674156547600962
33518,-8.66467455583995
33519,-5.291581307655116
33520,-8.677922669673324
33521,-8.673849360524851
33522,-8.668681839934404
33523,-8.674458024144236
33524,-8.678036903878173
33525,-8.676127476267773
33526,-8.678570308595486
33527,-8.67721289552256
33528,-8.67568579032206
33529,0.5321881335310865
33530,-8.67830946311429
33531,-8.66627680265946
33532,-8.67578490674595
33533,1.713373010937779
33534,-8.673971937822522
33535,-1.9468968998107845
33536,-4.031773881445869
33537,-8.669853878089967
33538,-0.7964730227471284
33539,-8.6773323077466
33540,-8.669774868334805
33541,-8.661116648484057
33542,-8.678223170364673
33543,-8.677526169007425
33544,-8.671725427133532
33545,3.65612696236001
33546,-8.676128173297176
33547,-8.661297593729387
33548,-1.7851993941449908
33549,-8.674708970483387
33550,-8.677607921280291
33551,-8.674714239271163
33552,-8.67822737234649
33553,-8.673875546169862
33554,3.9336051827937264
33555,-8.670321235121317
33556,3.4726381820401553
33557,-8.678921470870126
33558,-8.677938538904135
33559,-8.674552420574354
33560,-8.668177954366355
33561,-8.674409955204895
33562,-8.6706601806323
33563,-8.675949310863412
33564,-8.671657859573283
33565,-8.67880385035137
33566,-8.678874491211918
33567,-8.674624399196729
33568,-8.672071383804244
33569,-8.673422270840728
33570,-8.67777950666474
33571,-6.635354228093272
33572,-8.66411999848173
33573,-8.675039933941521
33574,-8.662595151876825
33575,-5.370148217369461
33576,-3.331889538039814
33577,-8.673945642225558
33578,-8.670019910630241
33579,-8.679666029750924
33580,-8.67659923475046
33581,-8.676266546105046
33582,-8.676444778454156
33583,-2.181640620709109
33584,-8.67586586005126
33585,-8.678939680108874
33586,-8.677607921280291
33587,-8.673544989713253
33588,-8.671078987896744
33589,-8.671573852677307
33590,-8.678656304214892
33591,-8.668298908663536
33592,-5.246844186805597
33593,-8.67238690852684
33594,-8.669867935049803
33595,-8.67694877187215
33596,-8.674064628257007
33597,-8.675955642790852
33598,-8.674004143947565
33599,-6.4280471731270685
33600,-8.670052869437496
33601,-8.67880385035137
33602,-8.679241178646707
33603,-8.676867103501856
33604,-8.673197998661944
33605,-8.674079856052433
33606,2.8473965975441136
33607,-8.673225614018216
33608,-8.660781586413869
33609,-8.675141375617915
33610,-8.674358676373311
33611,-6.73257565048738
33612,-8.67952651537199
33613,-8.663283252223343
33614,-8.675327281843245
33615,-8.677878244249792
33616,-8.677597363714172
33617,-8.673770919016594
33618,-8.677664516781297
33619,-8.666865765689952
33620,-8.663003150563842
33621,-3.501244160898229
33622,4.264098595974883
33623,-8.675456469813208
33624,-8.679110245260231
33625,-8.676415341514682
33626,-1.5827228927636892
33627,-8.671892875807446
33628,-8.677922669673324
33629,-8.678921470870126
33630,-8.670099347452156
33631,-8.67885343096622
33632,-8.67612718092671
33633,2.8529571557059112
33634,-8.674229805204739
33635,-8.667275033977264
33636,-8.674932244359114
33637,-8.67880385035137
33638,-8.67523522105289
33639,-8.67370853441867
33640,-8.676094377390365
33641,-8.655916946496117
33642,-8.67777950666474
33643,-8.670556088554783
33644,-8.67946527853003
33645,-8.677150772766188
33646,-8.658194122532178
33647,-8.675124191311218
33648,-8.67952651537199
33649,-8.676277075428883
33650,-8.674742498307449
33651,-8.679666029750924
33652,-8.675756228961083
33653,-8.666905834705764
33654,-8.677826630215408
33655,-8.674586692936206
33656,-8.677090620596589
33657,-8.678657203400277
33658,-8.675568517190774
33659,-8.674753921281757
33660,-8.679853154800277
33661,-8.676415341514682
33662,-4.697029165650433
33663,-1.5911752323934794
33664,-8.674340344602136
33665,-8.675879378172596
33666,-8.67008311934358
33667,-8.67885343096622
33668,-8.676805032316647
33669,-8.674817631805345
33670,-8.666953495042103
33671,-8.67422360926905
33672,-8.678721816772818
33673,-8.67880385035137
33674,-8.679241178646707
33675,-8.676867103501856
33676,-8.675074621231952
33677,-8.672638836159836
33678,-6.6365866198193215
33679,-8.675071779278943
33680,3.907427170274061
33681,-8.677861896055196
33682,-8.67564105401942
33683,-8.67510967487035
33684,-8.67952651537199
33685,-5.767095662306369
33686,-8.674718213279862
33687,-8.679666029750924
33688,-8.673905930425832
33689,-8.665973017903084
33690,-8.676043437928557
33691,-8.67192689035798
33692,-8.677090620596589
33693,-8.669570900634042
33694,-8.673394364430223
33695,1.8171540629263843
33696,-8.666253491598463
33697,-8.676472124815144
33698,-0.6963979298995047
33699,-8.67536568894483
33700,-8.676751447938326
33701,-8.675361439167691
33702,-8.675336342309713
33703,-8.672249522574198
33704,-8.678036903878173
33705,-8.675519375791133
33706,-8.671980270949348
33707,-8.67494989517326
33708,-8.67128510895687
33709,3.751478319348926
33710,3.5882131296699518
33711,-8.676867103501856
33712,-8.675259766295168
33713,-8.665981485950601
33714,-8.67777950666474
33715,-8.6747206382911
33716,-8.677007284789648
33717,-8.676608912920557
33718,-8.677065555016545
33719,-8.6773323077466
33720,-8.67946443907583
33721,-8.67480991665394
33722,-8.673734300088888
33723,-8.673075614354339
33724,-8.67236522526817
33725,3.8844907076389332
33726,-8.674766789245204
33727,-8.672587719762888
33728,-8.676226498931635
33729,-8.66766280576177
33730,-8.67284564805555
33731,-8.665716581085716
33732,-8.676016638104528
33733,-8.671727581117556
33734,-8.67270080827526
33735,-8.675417788180908
33736,-8.677069769571164
33737,-8.679075457054696
33738,-0.22953194545365557
33739,-8.67762275084315
33740,-8.678036903878173
33741,-8.674020686311842
33742,-8.671777229851791
33743,-4.549230899246495
33744,-8.666238299936756
33745,-8.67880385035137
33746,-8.670942224017216
33747,-8.676527509157841
33748,-8.674519544285669
33749,-8.670154304597242
33750,-8.674111271823211
33751,-8.678784757580395
33752,-1.923043613640981
33753,-8.677861896055196
33754,-8.67445332999737
33755,-8.676561892271787
33756,-8.677968231292407
33757,2.8028056089415134
33758,-8.6751074529964
33759,-8.67461926887525
33760,-8.676604726168247
33761,-8.674035487244762
33762,-8.671157843898428
33763,-8.662856531673981
33764,1.7800992692750226
33765,-8.67618487390476
33766,-8.677607921280291
33767,-8.671470864927452
33768,-8.68010091615628
33769,-8.673874443121344
33770,-8.669840860012727
33771,-0.6063386541832143
33772,-8.673149133415977
33773,-8.678440617930368
33774,-8.6721161537161
33775,-8.677459553996398
33776,-8.676110818188723
33777,-8.676127476267773
33778,-8.672270372180932
33779,-8.676401806043112
33780,-8.677759503629584
33781,0.6728028217134305
33782,-8.675593619069685
33783,-8.676867103501856
33784,-2.0776813183606326
33785,-8.673504136366507
33786,-8.676724097554281
33787,-8.678403155569747
33788,-8.67840432656456
33789,0.16189970810191362
33790,-8.673937294565492
33791,-8.675641272868763
33792,-8.677596435747889
33793,-8.659708938558188
33794,-8.674660118434392
33795,-7.604148348422008
33796,-7.693539127701251
33797,-8.677105405737002
33798,-8.678176102299696
33799,0.16031595087157458
33800,-8.664362897100082
33801,-8.6780630869738
33802,-8.677607921280291
33803,-8.672964565213807
33804,-8.68010091615628
33805,-8.675936220231414
33806,-8.678656304214892
33807,-8.676283902865455
33808,-8.677922669673324
33809,-8.675064819101667
33810,-8.672649394634547
33811,-8.677293863101841
33812,-8.678036903878173
33813,-8.676127476267773
33814,-8.67806658012193
33815,-8.677910542543806
33816,-8.670927117158667
33817,-8.665349424626825
33818,-8.670035186495431
33819,-8.675628067993138
33820,-8.677698586775275
33821,-8.664130442245169
33822,-8.674775927135729
33823,1.9569990526131698
33824,-8.67946527853003
33825,-8.676142422517799
33826,-8.676025013988495
33827,2.283449789405342
33828,-8.67098460069537
33829,-1.3802824905710658
33830,-8.679211666217846
33831,-8.674158545571391
33832,-8.621068323045613
33833,-8.677105405737002
33834,-8.67472124502676
33835,-8.665036843138113
33836,-8.675939434535792
33837,-8.674898292468896
33838,-8.674504847931132
33839,-8.674938635008804
33840,-0.5329741551692586
33841,-8.675344737714441
33842,-8.678656304214892
33843,-8.679343633259228
33844,-8.677922669673324
33845,-8.679075457054696
33846,0.6321404449310242
33847,-8.669515752570323
33848,-8.675290429545807
33849,-8.672390329837441
33850,-8.665625189406846
33851,-8.670059384069434
33852,-8.678721816772818
33853,-8.667924347300135
33854,-8.677310780236402
33855,-8.663113283578586
33856,-7.67944887378317
33857,-8.673545554881454
33858,-8.673078577751816
33859,-8.67257561857164
33860,-8.6679969069076
33861,-8.674577541581618
33862,-8.658780158349426
33863,-8.675482418957678
33864,-8.67925456005404
33865,-1.8288511529941336
33866,-8.66432136468936
33867,-8.679163658865557
33868,-8.668443390050431
33869,-8.677105405737002
33870,-8.673870702854316
33871,-8.67193358269788
33872,-8.677090620596589
33873,-8.678366947761404
33874,-0.23642798652887576
33875,-8.666908941981282
33876,-8.677944469935872
33877,-8.671732660014113
33878,-8.677936892408843
33879,-8.679612993810098
33880,-8.673969741692451
33881,-8.67413097747463
33882,-8.677938538904135
33883,-8.67782690527882
33884,-8.677396551216013
33885,-8.67356531060331
33886,-8.66776149971671
33887,-8.674999194583258
33888,-8.674410796190944
33889,-8.673672950892762
33890,-8.672968267048503
33891,-3.9700635836987033
33892,-8.676605988634837
33893,-8.669360010799219
33894,-8.67777950666474
33895,-8.677031597508993
33896,-8.67946527853003
33897,-8.677130425965423
33898,-8.675163100969348
33899,-1.7384230364585365
33900,-8.670916043617256
33901,-8.676277075428883
33902,-8.673230653846167
33903,-8.674602841024686
33904,-8.677597363714172
33905,-8.674283804653028
33906,-8.672199955612344
33907,-8.677957963565527
33908,-8.665141121398461
33909,-8.674345477829512
33910,-0.5458439828748451
33911,-8.676370717683028
33912,-8.678512351157638
33913,-8.676472124815144
33914,-8.673476100278565
33915,-8.66360609435458
33916,-7.1404660335321735
33917,-8.667535536121246
33918,-8.676429993008423
33919,2.9109895471671545
33920,-8.673799531373637
33921,-8.676127476267773
33922,-8.67629906421774
33923,-8.665683428995939
33924,-8.671996709894907
33925,-8.67880385035137
33926,-8.677739012772037
33927,-8.669363676877028
33928,-8.677698586775275
33929,-8.674079856052433
33930,-8.678186288375455
33931,-8.676486345717672
33932,-8.67412536391906
33933,-8.677861896055196
33934,-8.677722572194224
33935,-8.675535376731514
33936,-8.67952651537199
33937,-8.676277075428883
33938,-4.451974405394848
33939,-8.667679660081497
33940,-8.66969987289107
33941,-8.673900923744341
33942,-8.678176102299696
33943,-8.662986887343191
33944,-8.674360384735717
33945,-8.676873636591813
33946,-8.676364014821461
33947,-8.677255561089927
33948,-0.23497403457372895
33949,-8.676472124815144
33950,-8.678416613322122
33951,-8.6715089614308
33952,-8.66251770283636
33953,-8.675959929510178
33954,-0.17683712330916856
33955,-8.667657636827427
33956,-8.676891602240868
33957,-1.8346852507621203
33958,-8.664255503948992
33959,-8.677910542543806
33960,-8.678721816772818
33961,-8.67880385035137
33962,-8.664612981826693
33963,-8.67088528371647
33964,-8.674434505184296
33965,-8.67323822756468
33966,-8.677739355828017
33967,-8.676994962671486
33968,-8.66850839856018
33969,-8.671258358219799
33970,-8.319273344270682
33971,-8.668277760646163
33972,-8.673718583085224
33973,-8.659596962383858
33974,-8.676612603465976
33975,-8.677323384230096
33976,-8.672080425032796
33977,-8.674825699040253
33978,-8.674607786377402
33979,-8.661905358519437
33980,-8.671807896575299
33981,-7.814723750276218
33982,-8.673789248689216
33983,-8.672918600759717
33984,-8.67519082629281
33985,-8.631549062286933
33986,-8.678656304214892
33987,-0.7807309663196432
33988,-8.677758204991884
33989,0.6283379613724616
33990,-8.670591736992906
33991,-8.677890278884618
33992,-3.977438110746118
33993,-8.676127476267773
33994,-8.674006773539102
33995,-8.677910542543806
33996,-8.680262119705262
33997,-8.667880991289081
33998,-8.678687802913084
33999,-8.669890643383157
34000,-8.67015029723888
34001,-8.665494004110498
34002,-8.678186288375455
34003,-8.672096952671959
34004,-8.668402480955839
34005,-8.677861896055196
34006,-8.677722572194224
34007,-8.6773323077466
34008,-8.67985288902355
34009,-8.676417906011926
34010,-8.679211666217846
34011,-8.670920322168078
34012,-8.674349470069087
34013,-8.672029637471567
34014,-8.669466052722301
34015,-8.669992257522633
34016,-8.677544616696204
34017,-8.673932701297714
34018,-8.67304844798006
34019,-8.678174683809377
34020,-8.677760673055548
34021,-8.674182164283524
34022,-8.672607657135867
34023,-8.676998523207473
34024,-8.677916823185225
34025,-8.667604790963486
34026,-8.676280068353261
34027,-8.677633316401343
34028,-8.676088833444418
34029,-8.672335257464066
34030,-8.673826250368903
34031,-8.678350122553994
34032,-8.671649640767155
34033,-8.67880385035137
34034,-8.675625131772225
34035,-8.668812874295403
34036,-8.676380546138327
34037,-8.670640086963061
34038,-8.678186288375455
34039,-8.675443373096213
34040,-8.666993595694848
34041,-8.67522721472385
34042,-8.672353940010904
34043,-8.674720288399588
34044,-8.676792670007657
34045,-8.67459090413582
34046,-8.673678636756197
34047,-8.677133654380809
34048,-8.6753374626648
34049,-8.677105405737002
34050,-8.677387332653593
34051,-8.677957963565527
34052,-8.656496013822284
34053,-8.678939680108874
34054,-8.67351875081319
34055,-8.676770562166162
34056,-8.673115070093393
34057,-8.669456518411652
34058,-8.678656304214892
34059,-8.677088173372018
34060,-8.677922669673324
34061,-8.679075457054696
34062,-8.6699173978841
34063,-8.677045702064357
34064,-8.672101556794502
34065,-8.677058304194473
34066,-8.671567137138858
34067,-8.663884260359845
34068,-8.68010091615628
34069,-8.67880385035137
34070,-8.67802214769303
34071,-8.676867103501856
34072,-8.676913357607116
34073,-8.671418173373425
34074,-8.67608159786478
34075,-8.674132691618764
34076,-8.678615505002767
34077,-8.675743136652372
34078,-8.674934301165939
34079,-8.675455110030452
34080,-8.67985288902355
34081,-8.667291841617553
34082,-8.674835497329763
34083,-8.679666029750924
34084,-8.599601976423498
34085,-8.671425850223704
34086,-8.67491331655298
34087,-8.662034515175936
34088,-8.677042623837787
34089,-8.677488063135165
34090,-8.677351960790247
34091,-8.671798370211551
34092,-8.680262119705262
34093,-8.671135358046918
34094,-8.674174875246734
34095,-8.668262859459665
34096,-8.676189799023629
34097,-8.677461618073503
34098,-8.675468070361346
34099,-8.674986531134778
34100,-8.674682439769182
34101,-8.678053745526388
34102,-8.677610866943102
34103,-8.676607870661845
34104,-8.677449377644246
34105,-8.67448375491852
34106,-8.67483362411728
34107,-8.669975272710754
34108,-8.676457406320855
34109,-8.669731333905967
34110,-8.672655512694163
34111,-8.678784757580395
34112,-8.66533748209632
34113,-8.670671742648564
34114,-8.675993571257097
34115,-8.67049302147786
34116,-8.677027666948298
34117,-8.662010442282998
34118,-8.679175522985734
34119,-8.671308151105325
34120,-8.676757566883548
34121,-8.674850098574339
34122,-8.673417381328035
34123,-8.677806195307465
34124,-8.67534318547413
34125,-8.6760524810191
34126,-8.677607921280291
34127,-8.677191606289917
34128,-8.679591945931119
34129,-8.673030544916358
34130,-8.665139384989505
34131,-8.67682048027523
34132,-8.677922669673324
34133,-8.673958440026885
34134,-8.666475977728917
34135,-8.678074799862488
34136,-8.676408668702438
34137,-8.677412062609957
34138,-8.673353449510222
34139,-8.672790174202419
34140,-8.671678452480467
34141,-8.203435930797182
34142,-8.671597436498569
34143,-8.671672022307693
34144,-8.676850586279295
34145,-8.674042744062545
34146,-8.671512349721226
34147,-8.671923224646873
34148,-8.675218937338418
34149,-8.664779924314487
34150,-2.4446923441756137
34151,-8.67486771184969
34152,-8.675022496562292
34153,-8.6695250175894
34154,-8.673051167354886
34155,-8.664394492637161
34156,-8.675713047831122
34157,-8.677105405737002
34158,-8.678176102299696
34159,-8.674817670038255
34160,-8.674265626736462
34161,-8.672652617101129
34162,-8.677607921280291
34163,-8.670270190287573
34164,-8.67276060695419
34165,-0.2304241002023626
34166,-8.675401148702205
34167,-8.676091857646359
34168,-8.67511239887697
34169,-8.678962100039413
34170,-8.674725057389669
34171,-8.132404990445234
34172,-8.673746242889528
34173,-8.677779027506402
34174,-8.677627612817693
34175,-0.48497015903445134
34176,-8.67906478267297
34177,-8.670771272758566
34178,-8.664850060817104
34179,-0.48362341856723373
34180,-8.67304847034015
34181,-8.674079856052433
34182,2.898223262580777
34183,-8.669866388653467
34184,-8.67801498105203
34185,-8.677861896055196
34186,-8.677722572194224
34187,-8.677239259310065
34188,-8.671840849775409
34189,-8.6769433714078
34190,-8.679211666217846
34191,-8.669419643751482
34192,-0.2928338662370308
34193,-8.672967483663983
34194,-8.67428699370217
34195,-8.667871799929115
34196,3.0325751317196126
34197,-8.67166521430905
34198,-8.676722426672038
34199,-8.675293045572587
34200,-8.680262119705262
34201,-8.676055494878502
34202,-8.668814461917066
34203,-8.673102070078443
34204,-8.674954678033131
34205,-8.679075457054696
34206,-8.677938538904135
34207,-8.67885343096622
34208,-8.672291715853143
34209,-8.675861305068402
34210,-8.669199448198736
34211,-8.669336494616946
34212,-8.675981794929497
34213,-8.674672375197595
34214,-8.676263308230695
34215,-8.669131139068025
34216,-8.668774995548214
34217,-8.669624306673088
34218,-8.672342771354353
34219,-8.673622035027261
34220,-8.67946527853003
34221,-8.67255187784254
34222,-8.676349095112993
34223,-8.667724027414728
34224,-8.676410234160489
34225,-8.674254586594385
34226,-8.669889800255062
34227,-8.677535147196785
34228,-8.674303422220394
34229,-8.677105405737002
34230,-8.678176102299696
34231,-8.675663847703294
34232,-8.677544616696204
34233,-8.678939680108874
34234,-8.673226466896411
34235,-8.673673799212962
34236,-8.673686751068994
34237,-8.673177373366073
34238,-8.67222903098054
34239,-8.67430233981295
34240,-8.677746261960404
34241,-8.675227183621775
34242,-8.664747650411565
34243,-8.675876682507736
34244,-8.676099594987395
34245,-8.674588986028123
34246,-8.673329217976383
34247,-8.674088881048085
34248,-8.674331726687162
34249,-8.678524067521034
34250,-8.679241178646707
34251,-8.674551973918733
34252,-8.677698586775275
34253,-8.672359044849243
34254,-8.673467697770969
34255,-8.522501256747741
34256,-8.667720394880298
34257,-8.672423494980546
34258,-8.659424829836041
34259,-8.674856029681933
34260,-8.67985288902355
34261,-8.676001068348214
34262,-8.669204487313003
34263,-8.671783032227165
34264,-8.677597363714172
34265,-8.677105405737002
34266,-8.675581909989852
34267,-8.669070548245633
34268,-8.667456320116578
34269,-8.671252534789733
34270,-8.673979606153805
34271,-8.677255069432341
34272,-8.673997179046737
34273,-8.674900467143507
34274,-8.675809828993804
34275,-8.675393266523047
34276,-8.677922669673324
34277,-8.672079448495229
34278,-8.671147437299236
34279,-8.677068957452612
34280,-8.672106991926684
34281,-8.675700659908848
34282,-8.676887896507854
34283,-8.668756787568775
34284,-8.669977524597444
34285,-8.67448375491852
34286,-8.674923772437943
34287,-8.672263184052381
34288,-8.6726939434809
34289,-8.67714474620226
34290,-8.674323086507382
34291,-8.676899058709347
34292,-8.674077047002761
34293,-8.676287349583491
34294,-8.670560533540554
34295,-8.67357008107366
34296,-8.673878418491828
34297,-8.661345880107309
34298,-8.674556328073823
34299,-8.677329065403299
34300,-8.677597363714172
34301,-8.677105405737002
34302,-8.675788238184346
34303,-8.67784167508723
34304,-8.636208474648855
34305,-8.669185834039455
34306,-8.677661378153145
34307,-8.675779123787546
34308,-8.6801626783789
34309,-8.674186105979295
34310,-8.678656304214892
34311,-8.679612993810098
34312,-8.677922669673324
34313,-8.674890341839294
34314,-8.665519567045873
34315,-8.67638503240665
34316,-8.678183846687192
34317,-8.670850987945485
34318,-8.671959693479167
34319,-8.67301744920235
34320,-0.3062883307819063
34321,-8.67880385035137
34322,-8.679241178646707
34323,-8.673749431088746
34324,-8.675903100076436
34325,-8.676222888307581
34326,-8.678186288375455
34327,-8.674329848571196
34328,-8.67609170545237
34329,-8.675197548515081
34330,-8.672467080540954
34331,-0.04068313668550161
34332,-8.67985288902355
34333,-8.671109234882616
34334,-8.673617458540747
34335,-8.6733222180532
34336,-8.674838999191552
34337,-1.3836553570808925
34338,-8.635981834110336
34339,-8.66548254020368
34340,-8.66552516473215
34341,-8.676990493280819
34342,-8.674153536466267
34343,-8.66342156079284
34344,-8.677704378880895
34345,-8.676472124815144
34346,-8.676177791333336
34347,-8.674272804101028
34348,-8.671434064985363
34349,-8.676730187730566
34350,-7.994889387301586
34351,-8.67885343096622
34352,-8.678183846687192
34353,-8.678053745526388
34354,-8.677282568979127
34355,-8.665772818506005
34356,-8.678548830815874
34357,-8.6720644732705
34358,-8.675286835435527
34359,-8.67388820169264
34360,-8.676096237582334
34361,-8.67715133741189
34362,-8.6703228158795
34363,-8.6754739627652
34364,-8.67946527853003
34365,-8.673697217733025
34366,-8.669487923357861
34367,-8.67683133186698
34368,-8.673815888583505
34369,-8.676430520165765
34370,-8.665250635390501
34371,-8.671161572450199
34372,-8.677597363714172
34373,-8.676975272192278
34374,-8.677816901867255
34375,-8.673977355802593
34376,-8.677544616696204
34377,-8.678167303326973
34378,-8.675618006004447
34379,-8.678174683809377
34380,-8.674328811165287
34381,-8.672736298273872
34382,-8.677861400305607
34383,-8.679612993810098
34384,-8.670542981573803
34385,-8.672771982741311
34386,-8.670990860540748
34387,-8.67885343096622
34388,-8.678183846687192
34389,-8.676672186864614
34390,-8.666930654166048
34391,-8.666227409602488
34392,-8.671924041268822
34393,-8.67471864514135
34394,-8.675553542046865
34395,-8.678670544409648
34396,-8.675910178475382
34397,-8.67715133741189
34398,-8.675877688222895
34399,-8.666784186137301
34400,-8.6780073726136
34401,-8.677861896055196
34402,-8.677722572194224
34403,-8.6773323077466
34404,-8.679484802552409
34405,-8.67490188437577
34406,-8.674632435303026
34407,-8.676717127880723
34408,-8.677172933468059
34409,-8.67723171344874
34410,-8.676749710511649
34411,-8.677957963565527
34412,-8.672017519557293
34413,-8.672850403985736
34414,-8.674204953612863
34415,-8.676921673201035
34416,-8.680262119705262
34417,-8.676472124815144
34418,-8.671116957622235
34419,-8.674265900740853
34420,-8.672366298966914
34421,-8.679075457054696
34422,-8.667012649889546
34423,-8.672669178329173
34424,0.45010240499919607
34425,-8.675416236595726
34426,-8.67114015369934
34427,-8.671463368427716
34428,-8.68010091615628
34429,-8.678680996816412
34430,-8.67783761425391
34431,-8.671329025823686
34432,-8.677698586775275
34433,-8.676119080640987
34434,-8.677613048054987
34435,-8.678784757580395
34436,0.3050873671733626
34437,-8.676262839766682
34438,-8.677690666126342
34439,-8.674002054067278
34440,-8.671834063426278
34441,-8.671858440785007
34442,-8.679407084052722
34443,-8.679666029750924
34444,-8.676291435506949
34445,-8.674040903241346
34446,-8.678176102299696
34447,-8.67722202408716
34448,-8.677544616696204
34449,-8.67176695036735
34450,-8.669437681499964
34451,-8.668747966618929
34452,-8.676996723747461
34453,-8.666885451268849
34454,-8.672834789566567
34455,-8.671368278996772
34456,-8.675708669095835
34457,-8.678329707917138
34458,-8.675169325755519
34459,-8.672874682085816
34460,-8.678647711237705
34461,-8.673641779535787
34462,-8.6680325149825
34463,-8.673081499088848
34464,-8.68010091615628
34465,-8.67709658356373
34466,-8.674970200438151
34467,-8.677534316272354
34468,-8.677698586775275
34469,-8.676392761201338
34470,-8.672848451211031
34471,-8.678281610266115
34472,-8.666650929790814
34473,-8.677279284244326
34474,-8.675126864169108
34475,-8.672675511962764
34476,-8.678447421696779
34477,-8.667797548857445
34478,-8.676488505007026
34479,-8.673281729847334
34480,-8.67690700876613
34481,-8.671392792001981
34482,-8.675511080300323
34483,-8.677957963565527
34484,-8.67005026748085
34485,-8.674252227318826
34486,-8.674793099713916
34487,-8.665321782883984
34488,-8.678322974510953
34489,-8.676472124815144
34490,-8.678656304214892
34491,-8.675478006340699
34492,-8.677988754297068
34493,-8.677240651915973
34494,-8.668328654902094
34495,-8.677854649629404
34496,-8.675606081835474
34497,-8.677026705884263
34498,0.21541154698869203
34499,-8.676754768057785
34500,-8.67464494670884
34501,-8.67880385035137
34502,-8.670696880620374
34503,-8.67433247138559
34504,-8.675583832279008
34505,-8.66967385819628
34506,-8.675159017513623
34507,-8.677326796255757
34508,-8.673555296644427
34509,-8.672998160555323
34510,-8.66435676738448
34511,-8.67273710675549
34512,-8.67985288902355
34513,-8.667965094307604
34514,-8.669947369112181
34515,-8.676537645335914
34516,-8.676704848244537
34517,-8.676399684683535
34518,-8.676038759359274
34519,-8.671263848581987
34520,-8.677544616696204
34521,-8.672867600046542
34522,-8.674141003841042
34523,-8.67268517185038
34524,-8.680262119705262
34525,-8.67262236548529
34526,-0.5509582027099684
34527,-8.679612993810098
34528,-8.67538921948116
34529,-8.679075457054696
34530,-8.674393023876558
34531,-8.67141384399493
34532,-4.4329655430407575
34533,-8.675151171680458
34534,-8.678570308595486
34535,-8.678350122553994
34536,-8.68010091615628
34537,-8.67880385035137
34538,-8.676186860552628
34539,-8.678799273153288
34540,-8.674970354766755
34541,-8.67715133741189
34542,-8.678186288375455
34543,-8.676385212428091
34544,-8.667647373733587
34545,-8.677861896055196
34546,-8.66731910407793
34547,-8.67192634272326
34548,-8.67555285169205
34549,-8.674348982683865
34550,-8.679407084052722
34551,-8.678298487703442
34552,-8.677597363714172
34553,-8.675238291363627
34554,-8.671751147664724
34555,-8.66826064531286
34556,-8.664554043126289
34557,-8.67303700979106
34558,-8.675727528813317
34559,-8.6758806771841
34560,-8.676747638805182
34561,-8.676472124815144
34562,-8.676455808433499
34563,-8.665033321113892
34564,-8.672772267702648
34565,-8.679075457054696
34566,-8.673570942557305
34567,-8.67854001069026
34568,-8.673601291803308
34569,-8.67414106254997
34570,-8.676611916589376
34571,-8.678350122553994
34572,-8.670637099215494
34573,-8.67880385035137
34574,-8.679241178646707
34575,-8.67792729015896
34576,-8.676756781059426
34577,-8.674931314788864
34578,-8.678186288375455
34579,-8.678440724150173
34580,-8.676388202880991
34581,-8.666544031018624
34582,-8.672755606122713
34583,-8.672975286451011
34584,-8.676911908530395
34585,-8.671050330797938
34586,-8.677153836667689
34587,-8.677261949335008
34588,-8.67417844595318
34589,-8.676836935478681
34590,-8.67791299761318
34591,-8.676356987380874
34592,-8.673608712913428
34593,-8.678939680108874
34594,-8.67187826499276
34595,-8.678174683809377
34596,-8.678073028021558
34597,-8.666022814578303
34598,-8.67373308016042
34599,-8.679612993810098
34600,-8.677988754297068
34601,-8.66486187003448
34602,-2.9994868732576188
34603,-8.675093604224003
34604,-8.678647711237705
34605,-8.678371682593431
34606,-8.678570308595486
34607,-8.678621516322414
34608,-8.68010091615628
34609,-8.678505354755234
34610,-8.678149716751754
34611,-8.674162076925585
34612,-8.669326586410996
34613,-8.671763542435007
34614,-8.678186288375455
34615,-8.67677298471503
34616,-4.49486310386639
34617,-8.673864461794393
34618,-8.677843953927518
34619,-8.66972591012903
34620,-8.679757238006538
34621,-8.6769433714078
34622,-8.672284933884505
34623,-8.676657017510717
34624,-8.677597363714172
34625,-8.671038448680632
34626,-8.677757434589834
34627,-8.668290577059226
34628,-8.677544616696204
34629,-8.673272631415898
34630,-8.677661378153145
34631,-8.670995740818462
34632,-8.673301312932459
34633,-8.661823972156327
34634,-8.6779034308868
34635,-8.677932970047989
34636,-8.673374861862985
34637,-8.677203210423627
34638,-8.675926487231331
34639,-8.67885343096622
34640,-8.677720136862469
34641,-8.673219857583577
34642,-8.677532872642649
34643,-0.1638749985480077
34644,-8.676629391701027
34645,-8.672787170831574
34646,-8.678046456386191
34647,-8.67564754789351
34648,-8.672968746240445
34649,-8.675986196510479
34650,-8.663799597039977
34651,-8.675782278309136
34652,-8.676790286851165
34653,-8.675974958369995
34654,-8.67691216523389
34655,-8.676397621576164
34656,0.7579264977678204
34657,-8.668525552068761
34658,-8.670264808852858
34659,-8.679666029750924
34660,-8.676676356362343
34661,-8.671038322809757
34662,-8.674773006500633
34663,-8.677957963565527
34664,-8.677741542756856
34665,-8.678939680108874
34666,-8.677661378153145
34667,-8.676904704758721
34668,-8.67761869765004
34669,-8.676472124815144
34670,-8.678423360079451
34671,-8.67822787063267
34672,-8.677988754297068
34673,-8.675017689959612
34674,-8.67296870298752
34675,-8.671255663676488
34676,-8.678647711237705
34677,-8.671628659966842
34678,-8.678570308595486
34679,-8.666254715362731
34680,-8.676516281445444
34681,-8.67716643811542
34682,-8.666619513891472
34683,-8.678799273153288
34684,-8.676167400782493
34685,-8.675356737367437
34686,-8.678186288375455
34687,-8.675925968123284
34688,-8.672626235039237
34689,-8.678157165116048
34690,-8.677843953927518
34691,-8.6773323077466
34692,-8.680133314915071
34693,-8.675332191914475
34694,-8.67793034062695
34695,-8.677544680880947
34696,-8.669768852715231
34697,-8.676625738848367
34698,-8.674900391308986
34699,-8.66857767046426
34700,-8.677474721245238
34701,-8.675133766054076
34702,-8.674869049930702
34703,-8.677487089700412
34704,-8.680019343932555
34705,-8.676472124815144
34706,-8.677946565740385
34707,-8.674222967746811
34708,-8.670655354406199
34709,-8.679075457054696
34710,-8.674836965928652
34711,-8.676296288859277
34712,-8.670203906415423
34713,-8.670554022586542
34714,-8.675851145813294
34715,-8.67506443163911
34716,-8.68010091615628
34717,-8.670894468800954
34718,-8.663918221585593
34719,-8.668338061998345
34720,-8.672082077889264
34721,-8.673280693112138
34722,-8.67701268713582
34723,-8.671774849601094
34724,-8.676784838409747
34725,-7.562662606415413
34726,-8.674861842207099
34727,-8.673431839185952
34728,-8.680133314915071
34729,-8.666741762171034
34730,-8.663544767695205
34731,-8.679666029750924
34732,-8.677597363714172
34733,-8.669591862933064
34734,-8.678176102299696
34735,-8.677957963565527
34736,-8.674131243625064
34737,-8.673503845267724
34738,-8.674847826386985
34739,-8.677020312662876
34740,-8.680262119705262
34741,-8.675771356480562
34742,-8.677404326509293
34743,-8.679612993810098
34744,-8.673979090367379
34745,-8.6731999380743
34746,-8.666932544415237
34747,-8.675503129042458
34748,-8.671705333249122
34749,-8.678371682593431
34750,-0.4320939125389006
34751,-8.667533418863098
34752,-8.676263872399735
34753,-8.51285235400426
34754,-8.679241178646707
34755,-8.675771335272255
34756,-8.67332878158355
34757,-8.677259011085798
34758,-8.677540101482288
34759,-8.675409582997068
34760,-8.67161922627527
34761,-8.672341380842393
34762,-8.67254748935242
34763,-8.66537643014184
34764,-8.680133314915071
34765,-8.67204752895611
34766,-8.670557501671276
34767,-8.679666029750924
34768,-8.664873960518431
34769,-8.676635252736641
34770,-8.677544044467753
34771,3.3719125439628366
34772,-8.676760543812964
34773,-8.675594896960108
34774,-8.677053021893668
34775,-8.669739853186217
34776,-8.678380411539411
34777,-8.669845345556572
34778,-8.672017162440508
34779,-8.679612993810098
34780,-8.669307761546236
34781,-8.679075457054696
34782,-8.671988489319867
34783,-8.67885343096622
34784,-8.675854853744609
34785,-8.675116363451112
34786,0.17622729681712457
34787,-8.676912311113405
34788,-8.67560060977656
34789,-8.674644723596531
34790,-8.673279067270437
34791,-8.67593517492688
34792,-8.678112168262052
34793,-8.676302696598327
34794,-8.669577169258552
34795,-8.675474200266246
34796,-8.673527634904403
34797,-8.673181220294016
34798,-8.677690666126342
34799,-8.667347350558936
34800,-8.673136685366236
34801,-8.668783243374074
34802,-8.677067421805585
34803,-8.679413332636752
34804,-8.677590378597849
34805,-8.677117094034287
34806,-8.677371941341852
34807,-8.668832339776687
34808,-8.673212201356307
34809,-8.678037519167104
34810,-8.671901825618402
34811,-8.678031941876563
34812,-8.679654887733303
34813,-8.668253287548332
34814,-8.678656304214892
34815,-8.67316332791742
34816,-8.672281895486972
34817,-8.666484958280355
34818,-8.670055571381972
34819,-8.672198279082833
34820,-8.668634273874206
34821,-8.678371682593431
34822,-8.679219384020016
34823,-8.669917321399089
34824,-8.67145589240466
34825,-8.67299791519076
34826,-8.668757128125755
34827,-8.675904394031072
34828,-8.678112168262052
34829,-8.665718089259208
34830,-8.678186288375455
34831,-8.678784757580395
34832,-8.678670293398303
34833,-8.679346778490139
34834,-8.676981027612287
34835,-8.667320036190862
34836,-8.679555719816799
34837,-8.6769433714078
34838,-8.677059525768714
34839,-8.674850112190033
34840,-8.675934900722561
34841,-8.674716302140745
34842,-8.674681245613279
34843,-8.672887912888637
34844,-8.675540685504387
34845,-8.674461248932833
34846,-8.67520852622075
34847,-8.669182493794489
34848,-8.672199487525608
34849,-8.673865903130196
34850,-8.662835584121504
34851,-8.674913373243582
34852,-8.677570323535628
34853,-8.669561799823265
34854,-8.677938538904135
34855,-8.67885343096622
34856,-8.675901155817336
34857,-8.678371682593431
34858,-8.676633050203662
34859,-8.678621516322414
34860,-8.676554612235876
34861,-8.678094142319893
34862,-8.678366124613639
34863,-8.676057745613651
34864,-8.674128935252728
34865,-8.676028157263138
34866,-8.674105424064361
34867,-8.673911370474295
34868,-8.668864902946112
34869,-8.679346778490139
34870,-8.676866556360581
34871,-8.666529134888627
34872,-8.680133314915071
34873,-8.6769433714078
34874,-8.668794663598653
34875,-8.67910168626852
34876,-8.676676356362343
34877,-8.676508523844316
34878,-8.676889597542724
34879,-8.671875656984351
34880,-8.677741542756856
34881,-8.670389592966899
34882,-8.674161912518356
34883,-8.676775909721206
34884,-8.675964960933088
34885,-8.675457583228761
34886,-8.677515726726028
34887,-8.672488939522392
34888,-8.67576742894333
34889,-8.67495136910745
34890,-8.671261620205676
34891,-8.672460248903372
34892,-3.8392144088782874
34893,-8.672103551186515
34894,-8.671866053107957
34895,-8.672288442317548
34896,-8.672013250918312
34897,-8.674523737225284
34898,-8.678271975709627
34899,-8.675805874157607
34900,-8.678112168262052
34901,-8.678352634556447
34902,-8.674365058747076
34903,-8.671786796922932
34904,-8.67946527853003
34905,-8.679346778490139
34906,-8.675665790357243
34907,-8.67635848612016
34908,-8.679358987792732
34909,-8.674348982683865
34910,-6.2719784380266494
34911,-8.679666029750924
34912,-8.674466618926754
34913,-8.082900231531704
34914,-8.67426118592599
34915,-8.668962757436173
34916,-8.670361963207416
34917,-8.678939680108874
34918,-8.668824948621456
34919,-8.678174683809377
34920,-8.680262119705262
34921,-8.674600647763002
34922,-8.671667793728087
34923,-8.678801257939407
34924,-8.678567055875618
34925,-8.675844900144522
34926,-8.677938538904135
34927,-8.674417338419321
34928,-8.670504098547257
34929,-8.675289614662956
34930,-8.674676024760679
34931,-8.674924554838976
34932,-8.67204994722688
34933,-8.675233789321
34934,-8.679241178646707
34935,-8.678424297935113
34936,-8.678112168262052
34937,-8.678352634556447
34938,-8.678186288375455
34939,-8.667979514990211
34940,-8.67946527853003
34941,-8.676680487465854
34942,-8.668949107464261
34943,-8.6773323077466
34944,-8.676368683187668
34945,-8.672584901844386
34946,-8.675518919408898
34947,-8.675535617597163
34948,-8.675412897789995
34949,-8.667049654226876
34950,-8.676233396088628
34951,-8.669689636406597
34952,-8.67203499417268
34953,-8.675335546980019
34954,-8.677661378153145
34955,-8.678174683809377
34956,-8.680262119705262
34957,-8.676096839658316
34958,0.2597814939530886
34959,-8.679612993810098
34960,-8.678567055875618
34961,-8.675532807303954
34962,-8.669672749250438
34963,-8.675763510252617
34964,-8.670930259980464
34965,-8.674712347915813
34966,-8.670401329863129
34967,-8.668424193512434
34968,-8.68010091615628
34969,-8.676029254959424
34970,-8.678420679602732
34971,-8.678799273153288
34972,-8.67775638485087
34973,-8.67433616631239
34974,-8.677922437639062
34975,-8.674781024427482
34976,-8.67946527853003
34977,-8.673510128275288
34978,-8.671742852272915
34979,-8.669459706123114
34980,-8.680133314915071
34981,-8.67387002165987
34982,-8.673310454005172
34983,-8.657239065824234
34984,-8.672363255401912
34985,-8.66434633080381
34986,-8.677494318106742
34987,-8.677957963565527
34988,-8.677741542756856
34989,-0.6112963613510406
34990,-8.486985519413711
34991,-8.66789802899774
34992,-8.680262119705262
34993,-8.62946076717755
34994,-8.678656304214892
34995,-8.672823548331953
34996,-8.678528546765955
34997,-8.677227302541517
34998,-8.66780109421298
34999,-8.676970369002152
35000,-8.677329839242725
35001,-8.66896625355522
35002,-8.679364866464917
35003,-8.678621516322414
35004,-8.67471924828609
35005,-8.67880385035137
35006,0.19718170392611478
35007,-8.660010437427928
35008,-8.661246562381546
35009,-8.67437311177696
35010,-8.676836134966598
35011,-8.677055206509687
35012,-8.675607455164469
35013,-8.679346778490139
35014,-8.677843953927518
35015,-8.668800940683864
35016,-8.675027190054198
35017,-8.6769433714078
35018,-8.679407084052722
35019,-8.678694827348204
35020,-8.678298172273037
35021,-8.666281059480415
35022,-8.673863149238795
35023,-8.673613589718281
35024,-8.672801930465589
35025,-8.67777139985903
35026,-8.674204953612863
35027,-8.67689077618066
35028,-0.8448994615855869
35029,-8.676472124815144
35030,-8.675058525223468
35031,-8.667931624074377
35032,-8.678567055875618
35033,-8.672866497382957
35034,-8.677938538904135
35035,-8.672908869528742
35036,-8.670720770900015
35037,-8.676104336780748
35038,-8.679547034491476
35039,-8.678621516322414
35040,-8.672548717723148
35041,-8.672796741822513
35042,-8.678341000147249
35043,-8.66753374968267
35044,-8.672935999687288
35045,-8.67352405833319
35046,-8.67849083635438
35047,-8.671214610466276
35048,-8.678670293398303
35049,-8.679110249674226
35050,0.028400513236969682
35051,-8.675065877573434
35052,-8.669690616499816
35053,-8.667099957540568
35054,-8.676991432089938
35055,-8.675429863621524
35056,-8.674033945556907
35057,-8.677027072872487
35058,-8.673897626122226
35059,-8.677297576231467
35060,-8.677741542756856
35061,-8.678939680108874
35062,-8.672511890104714
35063,-8.67726589705107
35064,-8.677107078525635
35065,-8.055041157466443
35066,-8.678656304214892
35067,-8.673934452108014
35068,-8.671312805144057
35069,-8.674656042555036
35070,-8.674280528030009
35071,-8.678381526276198
35072,-8.678647711237705
35073,-8.672295484334935
35074,-8.677445704291685
35075,-8.677848136694758
35076,-8.68010091615628
35077,-8.675841807561822
35078,-8.676188913313904
35079,-8.67749703375554
35080,-8.6766173129116
35081,-8.67609558905953
35082,-8.677745489092965
35083,-8.677310602046584
35084,-8.676119687522673
35085,-8.670792685836016
35086,-8.6773338773067
35087,-8.67999508032597
35088,-8.674136777434486
35089,-8.670260751859113
35090,-8.675261824663895
35091,-8.679666029750924
35092,-8.672519855570911
35093,-8.675248198869884
35094,-8.676178063396462
35095,-8.677957963565527
35096,-8.677741542756856
35097,-8.672587610258121
35098,-8.673124843425027
35099,-8.671696111983756
35100,-8.67552759773767
35101,-8.676472124815144
35102,-0.189744990513518
35103,-8.666525582820716
35104,-8.673999781316143
35105,-8.679075457054696
35106,-8.677938538904135
35107,-8.67885343096622
35108,-8.678647711237705
35109,-8.678371682593431
35110,-8.67302026505526
35111,-8.674135673245079
35112,-8.673712340173637
35113,-8.673682702614725
35114,-8.676073972648322
35115,-8.67570696602077
35116,-8.67775638485087
35117,-8.676290405335283
35118,-8.67849083635438
35119,-8.678784757580395
35120,-8.67946527853003
35121,-8.678552517616072
35122,-8.666118010753543
35123,-8.678097078847678
35124,-8.680133314915071
35125,-8.677584696798608
35126,-8.670845460432904
35127,-8.678664968547777
35128,-8.676690824740454
35129,-8.67723171344874
35130,-8.678176102299696
35131,-8.677957963565527
35132,-8.668212666995473
35133,-8.678939680108874
35134,-8.675910169629722
35135,-8.678174683809377
35136,-8.680262119705262
35137,-8.676472124815144
35138,-8.673280261667554
35139,-8.678662876466529
35140,-8.677054526837377
35141,-8.656696547877946
35142,-8.668340005128027
35143,-8.67385921293448
35144,-8.667064463581166
35145,-8.673149284048234
35146,-8.677741652229185
35147,-8.678753387167317
35148,-8.68010091615628
35149,-8.676740913954468
35150,-8.673069637892874
35151,-8.673057331014016
35152,-8.678138603122434
35153,-8.675920959991771
35154,-8.676794432821575
35155,-8.674174252434158
35156,-8.673411594609005
35157,-8.679346778490139
35158,-8.674583942024015
35159,-8.67999508032597
35160,-8.680133314915071
35161,-8.67534590266161
35162,-8.678135132263002
35163,-8.679666029750924
35164,-8.67494163567208
35165,-8.677104237054731
35166,-8.67803402505462
35167,-8.66510932077915
35168,-8.676247016185515
35169,-8.678174175317954
35170,-8.675551010115257
35171,-8.678174683809377
35172,-8.67807302802156
35173,-8.676472124815144
35174,-8.67160540251702
35175,-8.676217778013916
35176,-8.678567055875618
35177,-8.67330565333832
35178,-8.677938538904135
35179,-8.67302713718611
35180,-8.674301085455683
35181,-8.675167372333393
35182,-8.679547034491476
35183,-8.672926700661133
35184,-8.677465342780968
35185,-8.673376659227065
35186,-8.67157444869536
35187,-8.675817871688622
35188,-8.67853551713544
35189,-8.674259965437047
35190,-8.67849083635438
35191,-8.678673658583527
35192,-8.674422157033122
35193,-8.671544453981454
35194,-8.674033305368168
35195,-8.677669133214616
35196,-8.67687710094638
35197,-8.677669968114179
35198,-8.677023445251127
35199,-8.679666029750924
35200,-8.679244472178917
35201,-8.674393106421805
35202,-8.675529796408211
35203,-8.67543914168188
35204,-8.675120757767154
35205,-8.671597358907402
35206,-8.673412823878142
35207,-8.678174683809377
35208,-8.675504785514672
35209,-8.676472124815144
35210,-8.677752928037416
35211,-8.675825984084275
35212,0.143198835845758
35213,-8.677010367616308
35214,-8.675029747008198
35215,-8.674627175467624
35216,-8.674346687676454
35217,-8.673849503636134
35218,-8.679479339416478
35219,-8.673105019509551
35220,-8.678907972204104
35221,-8.675683313228124
35222,-8.674619460440478
35223,-8.669380956296433
35224,-8.678363825853458
35225,-8.670972286932262
35226,-8.67193355908588
35227,-8.670035274124732
35228,-8.67946527853003
35229,-8.673692394691018
35230,-8.6656050593885
35231,-8.676651187255088
35232,-8.680133314915071
35233,-8.67366198474026
35234,-2.0557311740124056
35235,-8.67781255382609
35236,-8.67898008436236
35237,-8.67563058833261
35238,-8.678176102299696
35239,-8.672719464844874
35240,-8.677741542756856
35241,-8.67343658303102
35242,-8.675135224207125
35243,-8.676399424264387
35244,-8.676683021382043
35245,-8.675744236842105
35246,-8.674158693250279
35247,-8.672959885148224
35248,-8.671210670009284
35249,-8.6695452131095
35250,-8.671295958073145
35251,-8.676703391945711
35252,-8.677252303597651
35253,-8.678371682593431
35254,-8.679547034491476
35255,-8.667447468977597
35256,-8.646858843458382
35257,-8.676874190386892
35258,-8.679241178646707
35259,-8.674265532834804
35260,-8.678201902014305
35261,-8.673555126337344
35262,-8.672389203969345
35263,-8.678784757580395
35264,-8.673580069079511
35265,-8.679346778490139
35266,-8.677843953927518
35267,-8.675003063713667
35268,-8.674876512623529
35269,-8.677669968114179
35270,-8.668965701911464
35271,-8.679666029750924
35272,-8.673724915930784
35273,-8.67723171344874
35274,-8.671925913396098
35275,-8.677957963565527
35276,-8.677741542756856
35277,-8.673535242956019
35278,-8.677661378153145
35279,-8.67309428355687
35280,-8.676494840321904
35281,-8.674136913366466
35282,-8.672463121023224
35283,-8.67605398231925
35284,-8.678431448866586
35285,-8.679075457054696
35286,-8.677938538904135
35287,-8.673748303794122
35288,-8.677471131443845
35289,-8.673629729426231
35290,-8.677103468349241
35291,-8.676801522308672
35292,-8.68010091615628
35293,-8.674185369792273
35294,-8.67591317049541
35295,-8.678799273153288
35296,-8.675746722190999
35297,-8.671798833626028
35298,-8.67849083635438
35299,-8.678358872680057
35300,-8.673881359393777
35301,-8.67896929039815
35302,-8.677843953927518
35303,-8.677756748412683
35304,-8.679944550704104
35305,-8.67726995711326
35306,-8.679500249411484
35307,-8.66873509897918
35308,-8.67479035890304
35309,-8.67723171344874
35310,-8.670552737982833
35311,-8.665048489154174
35312,-8.675464516042737
35313,-8.67711540807657
35314,-8.675428908530382
35315,-8.676566366200321
35316,-8.6801626783789
35317,-8.67494429883313
35318,-8.678316419032855
35319,-8.674082634200126
35320,-8.676164342158069
35321,-8.677565186638375
35322,-8.668166360868296
35323,-8.676815240307445
35324,-8.678647711237705
35325,-8.678371682593431
35326,-8.673531353425751
35327,-8.67825082164075
35328,-8.679130235520551
35329,-8.67880385035137
35330,-8.673367302807456
35331,-8.677992547051945
35332,-8.678835669404329
35333,-8.674653450499811
35334,-8.673866634447778
35335,-8.675820161387621
35336,-8.673134684585087
35337,-8.676302693293595
35338,-8.670202964543913
35339,-8.672397714710376
35340,-8.671873370468955
35341,-8.678030441224653
35342,-8.675383628407534
35343,-8.671954372423365
35344,-8.675969670017473
35345,-8.675023195643536
35346,-8.678176102299696
35347,-8.672717823849108
35348,-8.67563808388117
35349,-8.677864565317138
35350,-8.677661378153145
35351,-8.677825282879295
35352,-8.680262119705262
35353,-8.673028586810052
35354,-8.674203590469787
35355,-8.672245062352406
35356,-8.678055425572813
35357,-8.679075457054696
35358,-8.670660271769965
35359,-8.672467478433708
35360,-8.676843121000372
35361,-8.674810941826589
35362,-8.677963287825214
35363,-8.669817390577672
35364,-8.6722884962914
35365,-8.671814606908484
35366,-8.672413368849487
35367,-8.67320536858595
35368,-8.677242030734405
35369,-1.8215167566700026
35370,-8.67803307103249
35371,-8.673975633978978
35372,-8.67946527853003
35373,-8.67814398049483
35374,-8.665594215933126
35375,-8.677151373092912
35376,-8.678026363048836
35377,-8.669429270315334
35378,-8.679500249411484
35379,-8.672466002992966
35380,-0.29789111451264594
35381,-8.673614896663599
35382,-8.672219186567428
35383,-8.673580469851835
35384,-8.677741542756856
35385,-8.677780380743345
35386,-8.672870459739212
35387,-8.674679415781036
35388,-8.677891459945819
35389,-8.672153742646243
35390,-8.678656304214892
35391,-8.67496227272012
35392,-8.674396982094377
35393,-8.679075457054696
35394,-8.677938538904135
35395,-8.677582405063756
35396,-8.677720136862469
35397,-8.674727179777962
35398,-8.67867089165864
35399,-8.674592825260916
35400,-8.675608929268076
35401,-8.67880385035137
35402,-8.678612745213105
35403,-8.678799273153288
35404,-8.676953931957613
35405,-8.67724869005934
35406,-0.27979797874982204
35407,-8.675735811303154
35408,-8.677585192371707
35409,-8.672735726079601
35410,-8.665302729397483
35411,-8.67358955188625
35412,-8.679911474879674
35413,-8.671957207029848
35414,-8.678653890532049
35415,-8.669714057627964
35416,-8.678237546686224
35417,-8.67150977735147
35418,-8.676070501055401
35419,-8.677957963565527
35420,-8.67774517278497
35421,-8.671544001624925
35422,-8.676681151954105
35423,-8.676696243298318
35424,-8.674908318734696
35425,-8.673861943461652
35426,-8.672879880540236
35427,-8.679612993810098
35428,-8.675177639324525
35429,-8.671274698116354
35430,-8.666440284922814
35431,-8.674811478596439
35432,-8.677173186585899
35433,-8.674665676115747
35434,-8.673202248159981
35435,-8.673307141471762
35436,-8.679273612433366
35437,-8.67880385035137
35438,-8.679241178646707
35439,-8.675127190671606
35440,-8.673656110992551
35441,-8.674875137468913
35442,-8.67849083635438
35443,-8.668126799645673
35444,-8.677153400220305
35445,-8.675588811623344
35446,-8.666133848569277
35447,-8.679660274691807
35448,-8.678578055328229
35449,-8.671765352966462
35450,-8.670804146259211
35451,-8.677120040156849
35452,-8.674657071324162
35453,-8.668558325099344
35454,-8.670657408066193
35455,-8.676056725981159
35456,-8.673223821648211
35457,-8.667842375903401
35458,-8.672355267406228
35459,-8.679723161758366
35460,-8.676338592832955
35461,-8.676472124815144
35462,-8.678656304214892
35463,-8.676211836914455
35464,-8.678567055875618
35465,-8.67409259690001
35466,-8.676893569775947
35467,-8.677990001668753
35468,-8.674244909736654
35469,-8.674336671085166
35470,-8.67547527818316
35471,-8.675464602137993
35472,-8.671839068755112
35473,-8.67880385035137
35474,-8.677474177680583
35475,-8.677587439032397
35476,-8.678835669404329
35477,-8.672295260681489
35478,-8.678225830847184
35479,-8.676983765985497
35480,-8.668348601736865
35481,-8.677241685038185
35482,-8.66949573975712
35483,-8.676346005875734
35484,-8.678636030348326
35485,-8.6776422064786
35486,-8.679500249411484
35487,-8.679220236299901
35488,-8.673153380665727
35489,-8.67723171344874
35490,-8.677418348564471
35491,-8.670201056201794
35492,-8.67774517278497
35493,-8.67694888621066
35494,-8.671524729953328
35495,-8.675999183983475
35496,-8.670249976115572
35497,-8.676472124815144
35498,-8.678423360079451
35499,-8.679612993810098
35500,-8.674194101778424
35501,-0.2275884716206648
35502,-8.677938538904135
35503,-8.675731267438263
35504,-8.676809684296702
35505,-8.668253175767516
35506,-8.679547034491476
35507,-8.67006590322831
35508,-8.674750892961816
35509,-8.67880385035137
35510,-8.67913989322853
35511,-8.675950443373154
35512,-8.674398627000285
35513,-8.66582321080343
35514,-8.674816455493277
35515,-8.678784757580395
35516,-0.2834644652010532
35517,-8.67397746667849
35518,-8.672344472029982
35519,-8.67999508032597
35520,-8.674511345429638
35521,-0.29429022258392545
35522,-8.679500249411484
35523,-8.679666029750924
35524,-8.673773647492938
35525,-8.66748203558365
35526,-8.671104330914401
35527,-8.66890462529583
35528,-8.675945793262217
35529,-8.669927084621575
35530,-8.675696826763188
35531,-0.14235333289688445
35532,-8.676458879438972
35533,-8.657619987741866
35534,-8.673331894640592
35535,-7.449276337366712
35536,-8.678567055875618
35537,-8.674887341787109
35538,-8.677938538904135
35539,-8.675905064260375
35540,-8.678790876064662
35541,-8.673301429191646
35542,-8.66719504901397
35543,-8.676048958982049
35544,-8.67216475927748
35545,-8.665713786740103
35546,-8.679241178646707
35547,-8.678894405028712
35548,-8.677040999933029
35549,-8.67813672742031
35550,-8.677472660987496
35551,-8.67506297129315
35552,-8.678369807018898
35553,-8.679346778490139
35554,-8.675468128274966
35555,-8.676397384294987
35556,-8.675042979745754
35557,-8.675738645149583
35558,-8.6740064751141
35559,-8.677492367310332
35560,-8.677617273276743
35561,-8.667057941187037
35562,-8.677757434589834
35563,-8.674059786788622
35564,-8.672157490821876
35565,-8.67345820132524
35566,-8.67283666347531
35567,-8.675443121544163
35568,-8.67882880481733
35569,-8.66732024942342
35570,-8.675409308272412
35571,-8.676195689602247
35572,-8.677632884657887
35573,-8.67018108059508
35574,-8.67147593543626
35575,-8.670531676290548
35576,-8.67546046312952
35577,-8.678371682593431
35578,-8.668651396278243
35579,-8.67872384474291
35580,-8.674259949097358
35581,-8.676065158901146
35582,-8.679241178646707
35583,-8.67539124403752
35584,-8.677125532650482
35585,-8.676181719827026
35586,-8.67849083635438
35587,-8.678784757580395
35588,-8.67946527853003
35589,-8.678188419928853
35590,-8.673531348630696
35591,-8.675798886390515
35592,-8.668068270742836
35593,-8.670744991924398
35594,-0.10085830376593097
35595,-8.679002540594398
35596,-8.66430472419
35597,-8.672582884633766
35598,-8.672941965412024
35599,-8.676395656650902
35600,-8.67774517278497
35601,-8.676350002576292
35602,-8.67620644597706
35603,-8.672855655228316
35604,-8.671238630754274
35605,-8.674278179395474
35606,-8.11901963720432
35607,-8.673826651196201
35608,-8.675119798702276
35609,-8.679075457054696
35610,-8.662338678972894
35611,-8.675633779976542
35612,-8.67826137555814
35613,-8.67681354990367
35614,-8.67946406956882
35615,-8.678753387167317
35616,-8.67558165044744
35617,-8.668791733332887
35618,-8.679241178646707
35619,-8.67507716723347
35620,-8.678835669404329
35621,-8.678352634556447
35622,-8.67849083635438
35623,-8.670668367770038
35624,-8.679422210072984
35625,-8.666198106111308
35626,-8.677764187313608
35627,-8.673855550286461
35628,-8.676217573925275
35629,-8.678450305450037
35630,-8.677453939597422
35631,-8.67677184738933
35632,-8.670543977005334
35633,-8.672340654226266
35634,-8.67268234680661
35635,-8.678146232499275
35636,-8.439980572897527
35637,-8.674936054811326
35638,-8.67479674738375
35639,-8.672535385271349
35640,-8.67506226371219
35641,-8.671069738781814
35642,-8.678656304214892
35643,-8.679612993810098
35644,-8.664836232064397
35645,-8.673169251945072
35646,-8.669575357360587
35647,-7.119127852040498
35648,-8.670517471694195
35649,-8.676594298640365
35650,-8.679547034491476
35651,-8.673660504390591
35652,-8.679543004408218
35653,-8.67880385035137
35654,-8.677715228383489
35655,-8.663905911595467
35656,-8.676958909902227
35657,-8.678352634556447
35658,-8.676451050905154
35659,-8.668778932644466
35660,-8.675924191022878
35661,-8.673879073244663
35662,-8.675291610026417
35663,-8.67999508032597
35664,-8.676093434972998
35665,-8.678450305450037
35666,-8.679500249411484
35667,-8.677779103415318
35668,-8.673158911944169
35669,-8.67723171344874
35670,-8.677471100815993
35671,-8.673918250845958
35672,-8.665140290404917
35673,-8.678042948800044
35674,-0.3299300104217666
35675,-8.678836236084729
35676,-8.666521820188475
35677,-8.67175844576639
35678,-8.676435048582551
35679,-8.67350808447606
35680,-8.673711985003553
35681,-8.679075457054696
35682,-8.677938538904135
35683,-8.670729168335042
35684,-8.674912324444016
35685,-8.673588556867411
35686,-8.67719064896085
35687,-8.674705844502496
35688,-0.4883911870016418
35689,-8.67880385035137
35690,-8.671881777805254
35691,-8.675569017569668
35692,-8.677632098225724
35693,-8.67403845464277
35694,-8.677708817836795
35695,-8.676301308719014
35696,-8.67946527853003
35697,-8.674882238186845
35698,-8.677843953927518
35699,-8.678998088584068
35700,-8.680133314915071
35701,-8.676734199562091
35702,-8.677959139362482
35703,-8.678286541103239
35704,-8.679244472178917
35705,-8.67723171344874
35706,-8.669727153344956
35707,-8.67751112452038
35708,-8.668098325193919
35709,-8.673952511070283
35710,-8.614751399663268
35711,-8.675665538320823
35712,-8.680537508688166
35713,-8.676472124815144
35714,-8.677346312868965
35715,-8.679612993810098
35716,-8.674888002425991
35717,-6.095475465197925
35718,-8.65756713903842
35719,-8.676033410046076
35720,-8.677960231249346
35721,-8.67273635034887
35722,-8.677460773388244
35723,-8.678753387167317
35724,-8.68010091615628
35725,-8.66612308674219
35726,-8.665962696172105
35727,-8.67651817343709
35728,-8.67515330147276
35729,-8.678352634556447
35730,-8.67849083635438
35731,-8.325835035967996
35732,-8.671954574479098
35733,-8.678020725826968
35734,-8.675160722465488
35735,-8.677167386666804
35736,-8.674989587363692
35737,-8.675763082291795
35738,-8.675768230429567
35739,-8.675333257823974
35740,-8.677217390311252
35741,-1.0373927483611811
35742,-8.678176102299696
35743,-8.670635117114548
35744,-8.665256444529179
35745,-8.66188884984033
35746,-8.677661378153145
35747,-8.66973124078271
35748,-8.679800408778062
35749,-8.639383962260046
35750,-8.677345223338648
35751,-8.679612993810098
35752,-8.677183181685475
35753,-0.23088100420436775
35754,-8.677938538904135
35755,-8.678220098818603
35756,-8.67754775496453
35757,-8.672527345459816
35758,-8.672511910988739
35759,-3.610406816992981
35760,-8.673647366066595
35761,-8.672496373987187
35762,-8.676900796566647
35763,-8.673650332089693
35764,-8.661704124366775
35765,-8.676728107921631
35766,-8.670620782924246
35767,-8.678114953467524
35768,-8.675289372904533
35769,-8.677450984553165
35770,-8.674447299478725
35771,-8.667798653239494
35772,-8.680133314915071
35773,-8.678450305450037
35774,-8.669567793291
35775,-8.67910168626852
35776,-8.673946978805246
35777,-8.671294787304996
35778,-8.677657352276647
35779,-5.985434070285723
35780,-8.678440475444004
35781,-8.676071931452306
35782,-8.672135833035828
35783,-8.674594442290527
35784,-8.671326241834207
35785,-8.671504389560711
35786,-8.678326607690732
35787,-8.673845726973237
35788,-8.67792247359052
35789,-8.673216091912941
35790,-8.676660250942394
35791,-8.675455025617124
35792,-8.674824608880847
35793,-8.673187164794582
35794,-8.674524138837521
35795,-8.678116352292772
35796,-8.674834467181203
35797,-8.67880385035137
35798,-8.673926275696136
35799,-8.678600240843696
35800,-8.676089007214856
35801,-8.678352634556447
35802,-8.6725268001075
35803,-8.677260203208322
35804,-8.678305868409847
35805,-8.678430165155167
35806,-8.671475031337547
35807,-8.67106597067665
35808,-8.679032993952978
35809,-8.674961492949324
35810,-8.669695043703799
35811,-8.674200962907797
35812,-8.678537004477025
35813,-8.677006367047394
35814,-8.675781452435396
35815,-8.668707351230683
35816,-8.677446114874442
35817,-8.675050427756023
35818,-8.676406549277697
35819,-8.675569970229768
35820,-8.680537508688166
35821,-8.677959801243965
35822,-8.671522294323413
35823,-8.67287865651939
35824,-8.67696704858509
35825,-8.674221838898362
35826,-8.66811477034004
35827,-8.678220098818603
35828,-8.67606095477607
35829,-8.673831685911614
35830,-8.679438503732161
35831,-8.673292347334783
35832,-8.674934234480775
35833,-8.669797284077447
35834,-8.669942438797051
35835,-8.67664124649268
35836,-8.676943367215282
35837,-8.674462500736844
35838,-8.67849083635438
35839,-8.674918484801056
35840,-8.679108842463048
35841,-8.669077043914603
35842,-8.673337896710825
35843,-8.67050779724006
35844,-8.67525586644755
35845,-8.677343659294195
35846,-8.677513637666339
35847,-8.676994018825617
35848,-8.673514527355808
35849,-8.676541655521117
35850,-8.671682139890743
35851,-8.664560879687523
35852,-8.675553867903925
35853,-8.678939680108874
35854,-8.677661378153145
35855,-8.673524293787212
35856,-8.673859400093885
35857,-8.673765095156199
35858,-8.677998400657739
35859,-8.672545317351153
35860,-8.678567055875618
35861,-8.676414618290702
35862,-8.669835543973004
35863,-8.67354321653668
35864,-8.678790876064662
35865,-8.675009574200695
35866,-8.672528514862096
35867,-8.678753387167317
35868,-8.676495665985666
35869,2.9270663317196868
35870,-8.668368699148926
35871,-8.678748318989772
35872,-8.680234503971175
35873,-8.67541127317443
35874,-8.672030395268205
35875,-8.675595487839091
35876,-8.67391250014506
35877,-8.678726458848569
35878,-8.67742794694145
35879,-8.674385218963762
35880,-8.673086554296914
35881,-8.670531279894782
35882,-8.677505951903823
35883,-8.6754352533496
35884,-8.679244472178917
35885,0.49797515896845174
35886,-8.677078076358942
35887,-8.678665212893925
35888,-8.663411688277668
35889,-8.67083527587555
35890,-8.672617060587218
35891,-0.13922674032449456
35892,-8.676369173959477
35893,-8.674079144297338
35894,-8.678656304214892
35895,-8.672666562179094
35896,-0.2786752499753552
35897,-8.678821698163585
35898,-0.23654652641332508
35899,-8.67885343096622
35900,-8.67779927265905
35901,-8.675758263551613
35902,-8.679404571716942
35903,-8.66920089190176
35904,-8.675856678795416
35905,-8.6699295472533
35906,-8.678984908770776
35907,-8.678894405028712
35908,-8.669570927999196
35909,-8.675207991214988
35910,-8.676220910564842
35911,-8.676893802386317
35912,-8.671821642196061
35913,-8.67237882755308
35914,-8.670470666819522
35915,-8.676156117765093
35916,-8.674449384275984
35917,-8.672033872782285
35918,-8.676692521054465
35919,-8.673964630196357
35920,-8.675155944036021
35921,-8.675821964115348
35922,-8.678176102299696
35923,-8.675061130604417
35924,-8.675651747992287
35925,-8.675900408768916
35926,-8.674415544009062
35927,-8.68009334557499
35928,-8.678184522016004
35929,-8.673439992514938
35930,-8.671999405153935
35931,-8.671625119734319
35932,-8.675114032626382
35933,-8.669123035363617
35934,-8.677805096433731
35935,-8.677112556302257
35936,-8.678790876064662
35937,-8.678371682593431
35938,-8.679547034491476
35939,-8.678708576456993
35940,-8.68010091615628
35941,-8.677692462780579
35942,-8.67162467996059
35943,-8.678851294879115
35944,-8.673730152910565
35945,-8.675903919044268
35946,-8.675328259543999
35947,-8.672936084599211
35948,-8.664078641217005
35949,-8.678227960160902
35950,-8.67157617410228
35951,-8.67999508032597
35952,-8.680133314915071
35953,-8.678450305450037
35954,-8.671094056007924
35955,-8.677118663846171
35956,-8.676994302321605
35957,-8.673250540682282
35958,-8.676786879220682
35959,-8.669837394322364
35960,-8.674092897747881
35961,-8.677272102697975
35962,-8.676864679922376
35963,-8.664643064585979
35964,-8.674236539295922
35965,-8.677425408810585
35966,-8.678656304214892
35967,-8.672711694943397
35968,-8.676126636876544
35969,-8.679075457054696
35970,-8.671958374356263
35971,-1.7032891861208532
35972,-8.678790876064662
35973,-8.672048031119148
35974,-8.678267796893795
35975,-8.677524540064404
35976,-8.67224216045522
35977,-8.677096688836558
35978,-8.679241178646707
35979,-8.664513325196696
35980,-8.679815495245396
35981,-8.67464436172485
35982,-8.67849083635438
35983,-8.678647186271608
35984,-8.678666625005656
35985,-8.675154336263372
35986,-8.677327954862244
35987,-8.67711953198911
35988,-8.680021362285933
35989,-8.676781831369617
35990,-8.679264670245937
35991,-8.671742106018154
35992,-8.67327093290492
35993,-8.676976503259413
35994,-8.677569229868103
35995,-8.674310179120353
35996,-8.673077690146965
35997,-8.672594347036535
35998,-8.676363632412917
35999,-8.674660849133074
36000,-8.675928981230475
36001,-8.673318522866087
36002,-8.671651313811564
36003,-8.669066784924066
36004,-8.678567055875618
36005,-0.3538168884313242
36006,-8.677938538904135
36007,-8.677143171284046
36008,-8.674986103095408
36009,-8.668869229842551
36010,-8.679547034491476
36011,-8.674927485650777
36012,-8.676294734712473
36013,-8.678841247903417
36014,-8.676229077400066
36015,-8.673784630860824
36016,-8.680029209099825
36017,-8.678352634556447
36018,-8.678232284054046
36019,-8.674623455531593
36020,-0.2265259514339315
36021,-8.677720754155546
36022,-8.668445727667025
36023,-8.67633455694443
36024,-8.673362539181692
36025,-8.678450305450037
36026,-8.673723084756011
36027,-8.679666029750924
36028,-8.679244472178917
36029,-8.67723171344874
36030,-8.678176102299696
36031,-8.678665212893925
36032,-8.676496128399801
36033,-8.67571641147667
36034,-8.67485145406195
36035,-8.676991359468603
36036,-8.680537508688166
36037,-8.680537508688166
36038,-8.680537508688166
36039,-8.680537508688166
36040,-8.680537508688166
36041,-8.680537508688166
36042,-8.680537508688166
36043,-8.680537508688166
36044,-8.680537508688166
36045,-8.680537508688166
36046,-8.680537508688166
36047,-8.680537508688166
36048,-8.680537508688166
