iteracion,valor_coste
0,3.0105595867377466
1,3.4282162826014906
2,4.847965667486801
3,5.218909571257661
4,12.193666532463935
5,3.8111504239511795
6,1.6945610963649578
7,0.5022675062589497
8,1.5775889366956308
9,1.5197521926633901
10,0.3039834406710371
11,2.9912696884722325
12,5.632073019551774
13,-0.32079892114227293
14,1.660001715158175
15,-0.6341037811855502
16,2.1864136350887935
17,-3.010352847707302
18,4.040590284775202
19,4.737207576246542
20,7.498324019232835
21,11.457189846838373
22,3.138520567695732
23,5.353193682638598
24,0.9569531284920125
25,1.0382400042399897
26,3.1357608247845015
27,5.891353125701307
28,3.061315686053044
29,-2.0564051115011823
30,-1.1987242913379206
31,-0.09043199803118564
32,0.7550160172369645
33,3.8238042640572156
34,0.9602801674734642
35,1.3137030960074925
36,6.756936505488768
37,3.4282162826014906
38,4.847965667486801
39,5.218909571257661
40,12.193666532463935
41,3.4857275641851295
42,1.6945610963649578
43,1.7305685001897058
44,0.04604380511254816
45,0.3491431937831324
46,-0.25908273567668383
47,1.8230310584342828
48,-2.4912700008055655
49,3.6485958083918346
50,2.7601216826185957
51,-0.5288448143047709
52,9.680488374133006
53,5.475366330152873
54,1.150877732346859
55,4.737207576246542
56,6.757025196598955
57,11.457189846838373
58,-0.38064676266175423
59,7.04770001164593
60,-0.9908467565029557
61,1.0382400042399897
62,3.1357608247845015
63,3.3776880313940643
64,3.698073946328835
65,0.4136284561040013
66,4.218193910660777
67,1.397269147558058
68,-1.4537318644161554
69,1.8021818445317421
70,0.9602801674734642
71,1.4397155456908965
72,4.014342766476592
73,3.4489032042496817
74,1.171524186333916
75,5.218909571257661
76,-1.4428872594290483
77,3.4857275641851295
78,2.3188566577055796
79,5.666133336879575
80,-2.5105841154039803
81,-3.4802105155944743
82,-2.312010501504208
83,3.320311856966321
84,-2.421024851010392
85,-0.32079892114227293
86,1.660001715158175
87,1.7641396555179156
88,2.1864136350887935
89,3.0105595867377466
90,1.150877732346859
91,4.993794675344098
92,6.757025196598955
93,-0.09385119310678736
94,-0.9562153419251824
95,5.353193682638598
96,2.2999733461303937
97,-1.5190902321195985
98,1.8203111558968015
99,6.283007499013913
100,4.703014080405627
101,0.929885949426239
102,3.8915185604618334
103,0.5842708170977595
104,0.015515138754589472
105,3.5513290252191285
106,1.5308069840088434
107,1.3438932957065985
108,-3.4802105155944743
109,2.2202029845748568
110,0.5161431795091433
111,5.403701434585066
112,1.2848444418259355
113,1.5421714431070828
114,-0.5140083602411597
115,0.39774401089570255
116,-2.5105841154039803
117,-2.3484212053031905
118,-0.4105675702024906
119,-0.8744524463259986
120,-0.6932702171624923
121,-0.1986799353014349
122,1.5471816873385444
123,7.223543940197285
124,5.1462972928020045
125,-3.6555231846016154
126,0.2420985668617043
127,4.737207576246542
128,6.757025196598955
129,1.0055925910416912
130,3.081022933146218
131,-0.14925615654379198
132,-0.9908467565029557
133,-1.274839999807295
134,0.38992699105957057
135,-0.51813050491026
136,6.066885342611592
137,-2.0564051115011823
138,-1.2198002627564186
139,-0.09043199803118564
140,0.9822716774284902
141,4.4812277967445695
142,1.6158862658680775
143,0.9879380664757889
144,0.09777699498700476
145,2.2202029845748568
146,0.421780451218149
147,0.7955009225226286
148,1.8363736162655195
149,0.8505107254583582
150,2.4418978582105466
151,1.6201408295367332
152,4.383254336993672
153,5.428649695983681
154,-2.043155022857015
155,-0.3605183364369988
156,6.689805358382582
157,10.83719269175895
158,-0.03446274644787772
159,-0.6341037811855502
160,5.769226650990413
161,-2.338601939542904
162,0.31102962954698865
163,-0.5470941512888339
164,1.9878666639664337
165,0.1502344004664864
166,4.936387052303354
167,-0.14925615654379198
168,-0.9513202628294253
169,-0.4093635897723429
170,0.38992699105957057
171,-2.7870491602971343
172,3.7490083668917453
173,-1.0749823480785743
174,-1.1787511358671483
175,0.35172403792429224
176,3.3866673603921242
177,0.6341635094578618
178,-0.3519469267151535
179,2.9997094682145935
180,0.2966541300052956
181,0.47244046052270594
182,2.4088962549816086
183,1.1597544510746092
184,-1.0138256807177553
185,0.8505107254583582
186,-2.3671196242926986
187,3.142681653323529
188,4.381605402530796
189,1.7583695283439877
190,1.427343307187344
191,-1.5883835370062773
192,-4.602467154839951
193,3.4838313697266394
194,0.8854891668362834
195,-0.6341037811855502
196,-1.498921267616092
197,-3.6988930961454396
198,0.13826416797095115
199,-1.5027208057586474
200,2.2062973377789836
201,-2.3926919953899817
202,-0.40424056352165594
203,3.6203781653185105
204,1.888527599497344
205,-1.5190902321195985
206,1.3103810270780518
207,-2.7870491602971343
208,1.1946282396750834
209,0.3320044029766422
210,1.2077939302680996
211,0.24291943845273783
212,-1.4537318644161554
213,0.6341635094578618
214,0.4144294078425796
215,2.5258035788682536
216,2.348363252564756
217,3.8852519878046614
218,2.2574825944329904
219,1.3751807701501697
220,0.3380123530191967
221,4.084523397854254
222,3.326193201367829
223,5.766785445199334
224,-2.5105841154039803
225,-3.010352847707302
226,6.3583541559468895
227,-1.3572513131595496
228,-0.6913966758895839
229,3.1366581446682753
230,1.9294005628131026
231,-0.6023606376000379
232,0.2258501981174991
233,-3.6988930961454396
234,-0.3947765288130094
235,0.40493005985397856
236,1.9878666639664337
237,-2.18341560396851
238,-0.9562153419251824
239,1.5305929746415194
240,-0.9908467565029557
241,-0.23831394692566354
242,2.579563060966465
243,-3.128245157782305
244,4.636281720191514
245,1.1894006758021867
246,7.242297188519241
247,7.794333755087972
248,1.7209101050579179
249,1.2942105165537496
250,7.456988622673884
251,1.2395349863863498
252,-4.602467154839951
253,9.425422468307751
254,6.8586150063716
255,0.7040978977326262
256,-2.4730278963220096
257,4.237188859359303
258,5.608324778639838
259,1.7630725122860058
260,-1.2345543648568431
261,-0.4869752628111998
262,0.5252490566162935
263,9.319225618896247
264,-2.3745282292993846
265,-0.32079892114227293
266,8.352834546980901
267,1.135692172077807
268,3.1404983454832944
269,-1.560295611447311
270,-0.3947765288130094
271,-1.3458974795876215
272,3.1188055355696656
273,-2.3926919953899817
274,-0.49368407158043404
275,4.190159307902793
276,-0.8139465262729897
277,-1.5190902321195985
278,5.203205212223842
279,8.94391509142092
280,-2.6191620999194964
281,-2.346035091607513
282,4.007628771440029
283,0.4759405624156348
284,-1.090246548262186
285,3.0234919376326435
286,-0.3519469267151535
287,0.9879380664757889
288,5.925104266589519
289,4.877975082558802
290,2.498690373910182
291,0.07460745356985377
292,0.8012130775960999
293,3.0425007486723965
294,-3.5523333781506876
295,2.376408611719042
296,-0.9129021327472974
297,-0.7209618532818229
298,2.519222849273105
299,1.2474720249224667
300,0.34933923906778513
301,-2.8977471283216785
302,-0.576773075752405
303,-0.6061227764981397
304,-0.25243759009800565
305,8.586094942471888
306,-0.04639306491047357
307,-1.3998305948692766
308,1.7362583478914502
309,1.93762172009305
310,1.8567791927582271
311,4.460071202648299
312,1.7123069982800456
313,2.7015202848883
314,0.49064644662316814
315,-2.3241768606374267
316,-2.6191620999194964
317,0.3111919954026588
318,3.624852817186307
319,6.848810667975899
320,-0.04300189955117377
321,1.3398290729156104
322,-1.9965739316626838
323,3.1767243306509836
324,-0.2068871773882761
325,0.47244046052270594
326,0.4883679766630147
327,8.779930920650855
328,-2.4730278963220096
329,4.1298217908732315
330,4.343475400494282
331,1.0681762353507462
332,2.8441473841543323
333,-1.8996790111287862
334,-0.30086691720574743
335,2.251450733118017
336,-1.9497360277840143
337,-3.33862865083641
338,-0.46953356781438105
339,0.2555976350835596
340,0.48953972787361655
341,-3.6988930961454396
342,-0.22046189145791306
343,3.191142097587572
344,1.7362583478914502
345,10.95786317131704
346,4.445322754782978
347,6.978009881753975
348,-0.10464092132555483
349,-1.5190902321195985
350,0.38992699105957057
351,3.1636405712337408
352,-2.6191620999194964
353,-1.5259483052287859
354,0.10954603314405043
355,1.8548087073485444
356,-1.4537318644161554
357,4.757994180250341
358,0.3104083838397478
359,0.9879380664757889
360,-4.602467154839951
361,0.23172249071999362
362,0.421780451218149
363,1.9323687608874764
364,-1.6524401338394117
365,0.8505107254583582
366,4.8329416314309945
367,1.1760124546013087
368,-2.6172849281920176
369,-2.7063040306948944
370,-1.5029234327992258
371,2.7845232396782387
372,0.8166430220808412
373,-2.035739914517609
374,0.26854694630978815
375,-0.6341037811855502
376,-1.1589096834355896
377,-0.1505377959734937
378,5.224504499963511
379,-0.496040011574284
380,4.951380500131368
381,1.0971513890324631
382,-0.9562153419251824
383,3.7398329129025765
384,-0.9908467565029557
385,2.5906779457421876
386,-0.05194876895551537
387,-3.128245157782305
388,-2.796914067698994
389,-2.105532208117615
390,1.7061268665038458
391,0.33314522708619054
392,-1.2165765087608955
393,3.077482458421683
394,-1.9965739316626838
395,-1.8879281606067175
396,0.18998675326363568
397,0.25100937036898796
398,-1.8512962822692745
399,-0.339387850470972
400,-0.16641888401450308
401,0.5863704092514181
402,1.2269248156251205
403,2.778732426337675
404,-2.6833897453869078
405,-3.1542895890002605
406,2.893397934690091
407,3.418848020784872
408,-3.6555231846016154
409,1.3633767123818916
410,-0.7002000194432734
411,-0.8054511467734832
412,-1.248788902059948
413,3.285809625522141
414,-0.6765316880509191
415,0.12670306584360902
416,1.7362583478914502
417,-2.7021382112651318
418,2.7382643549065686
419,-1.397657710963689
420,2.824280310831496
421,-1.8666339679652284
422,-0.05194876895551537
423,-0.1333057446985062
424,1.5136417454023479
425,-0.8768020792363581
426,-1.1173700403776734
427,0.6897614721662357
428,-1.4537318644161554
429,0.6286404363122408
430,-1.9965739316626838
431,-2.140020969628492
432,-2.82040766368285
433,0.23172249071999362
434,0.9318528901533214
435,-0.4547281570264455
436,2.1679707295998347
437,-1.1466778213107898
438,2.3573477193472825
439,3.467037252562619
440,1.272109870762265
441,-3.1542895890002605
442,0.2772912647443033
443,0.36988657641377065
444,10.346531808410074
445,-0.3424363479215903
446,-0.7002000194432734
447,-0.8054511467734832
448,8.294235473634709
449,0.1097804772353882
450,0.37113275274694135
451,-1.5027208057586474
452,-2.7268542238102365
453,-2.7021382112651318
454,1.1790164046043596
455,-1.9890869280709482
456,1.7802354381209353
457,-0.07854230825980568
458,0.6613006047076788
459,0.5603367066474255
460,0.353396510967682
461,-0.5107189141015934
462,2.8407891449888445
463,0.2075632990390424
464,-0.822432859874858
465,0.6286404363122408
466,0.9237984315189551
467,-2.140020969628492
468,-4.602467154839951
469,0.23172249071999362
470,0.22152053733340193
471,2.123471763590132
472,-0.07485077666139173
473,-0.11096270845102629
474,-2.317372539219467
475,0.39774401089570255
476,3.3422267183170966
477,3.5097676028326763
478,-2.312010501504208
479,0.7965482045320631
480,-2.865595609081325
481,-1.7137563934560445
482,3.6178242780867462
483,-0.7351912567057205
484,-0.1280336835537197
485,2.5055518535539125
486,-0.4115282401892286
487,3.066334007244534
488,1.1203473146799487
489,-2.7021382112651318
490,0.4562802855863968
491,-1.3297551828340963
492,-0.6968556980766353
493,-2.582081496525297
494,1.6596593426444315
495,1.4952265171994947
496,-2.796914067698994
497,3.0853735192919753
498,-1.2198002627564186
499,2.3359850640862736
500,5.220192772732403
501,0.6286404363122408
502,3.710182162657513
503,-2.504236064090938
504,-2.4421286648079903
505,0.23172249071999362
506,7.655387938676146
507,-0.14452855254116903
508,-1.1037426554406367
509,1.9096137447095785
510,-2.708089014154739
511,0.39774401089570255
512,-2.6833897453869078
513,-0.8804916662632676
514,-2.312010501504208
515,-1.5883835370062773
516,6.604165350996663
517,-1.7745552596174683
518,-0.7002000194432734
519,-0.8054511467734832
520,-0.30210997889707586
521,-0.7870163753978731
522,-3.760433807451484
523,-1.392891056669357
524,2.111033352555247
525,9.823975509015494
526,1.615512910839755
527,3.6158169197576786
528,-0.897503630285199
529,0.43660846207320436
530,0.8616970720416468
531,0.046450296591361406
532,-3.183042788205195
533,-2.225014509477931
534,1.281814822749055
535,0.3981625474537943
536,-0.7986778585943866
537,-0.4410315687147881
538,4.3599955337746295
539,-2.504236064090938
540,-0.9573290972520441
541,-0.06581228306720965
542,5.130873994562977
543,0.22038220909159484
544,3.801581544655467
545,0.45811548201501795
546,-0.6173167814535168
547,0.821374688355274
548,5.242249246622192
549,-3.1542895890002605
550,-2.312010501504208
551,0.0979464156033647
552,-3.5709781060806707
553,1.6412411162787777
554,6.569954682167523
555,-0.6832040929617914
556,-0.8510385113352739
557,-2.60130231773365
558,5.785244912742588
559,0.4892428768816363
560,0.3889152491208656
561,-0.8511534732342455
562,3.805462152178825
563,-0.03567535181898829
564,-0.9908467565029557
565,-0.22680294592907901
566,-0.05194876895551537
567,-2.7001460538979236
568,-0.7005781781842046
569,-1.4487668766071777
570,6.917936390852632
571,0.7197051788723559
572,-0.5742450629947489
573,-0.594736787098039
574,-1.9965739316626838
575,-2.5473698897100823
576,-5.339937499586525
577,1.4588845669399821
578,-1.8512962822692745
579,-1.2181045872717453
580,-3.013120013703876
581,0.28012404892415255
582,-3.5523333781506876
583,2.5446598839179804
584,-1.6999450805064436
585,-3.97275873059933
586,0.7797397686857495
587,-1.5883835370062773
588,-3.6434401680905277
589,-1.2380525097063637
590,0.15174545409985818
591,-1.1030181318978955
592,-0.9581158245833991
593,-2.7114026636549404
594,-3.760433807451484
595,5.14555982071014
596,-0.5697962401074061
597,-1.1638740942985413
598,-0.0012923282138438408
599,-1.664319462531596
600,1.8788613957260223
601,-2.241205021091074
602,-0.05194876895551537
603,1.2017636267995577
604,-2.8429776489986494
605,-1.4057002091756594
606,1.7028335868707924
607,0.04225521970807439
608,-0.009878404537545404
609,0.1489851960432415
610,-1.9965739316626838
611,-4.136082952911161
612,-1.8436300627650097
613,-1.0548432460481503
614,-0.09061100088851237
615,-1.003408093720615
616,-3.013120013703876
617,-1.1466778213107898
618,6.507217455954972
619,1.0135273717742834
620,-2.6833897453869078
621,-0.7015501320290971
622,-0.7514864190518349
623,6.315367466688364
624,-0.21717958714356378
625,-0.7467099687595218
626,-3.278237931959595
627,1.461814372848134
628,-2.460935732205175
629,-3.6988930961454396
630,1.4075534623906756
631,-0.6037064536700517
632,0.3377309439916715
633,-2.7021382112651318
634,6.294744113216158
635,5.360691439303315
636,1.6218472058311777
637,0.8664008933146503
638,1.1605420247834792
639,-3.128245157782305
640,2.6717477343957285
641,0.775143505396177
642,-1.1517818444023349
643,-0.09043199803118564
644,-1.4785689827865982
645,1.1087316083423688
646,3.0520747535971253
647,2.6838486655638736
648,-2.331562200238248
649,-0.2802866505482198
650,2.933398342340896
651,0.536079151873903
652,0.5617959550825289
653,1.9421168761038905
654,-3.5523333781506876
655,-1.002560395290173
656,-2.6833897453869078
657,-3.97275873059933
658,1.3713712290940052
659,2.3545490559984166
660,-1.1684845620258852
661,1.8040601764381803
662,0.855939916015616
663,-1.370208246995442
664,0.7359744804722107
665,-0.6847726222434928
666,2.4409695034165733
667,-1.3741227412693002
668,9.214410393215868
669,-3.427218639468763
670,2.724892171829336
671,4.356705698361325
672,-0.515494141823359
673,-0.5233614979097974
674,-0.05194876895551537
675,4.49125587530424
676,2.033517960225656
677,-3.57623634899846
678,-1.2198002627564186
679,-1.6131399467162735
680,-0.4309854993811495
681,2.0718334204475792
682,0.7810592462036794
683,-4.136082952911161
684,-1.503399935283955
685,0.6258427046578718
686,-0.8358272262601076
687,-0.9802988997930788
688,-3.013120013703876
689,1.6755341875113992
690,1.2282196228425915
691,-0.6123894148894574
692,-1.2871908792630449
693,0.08246376888253859
694,0.12979482752917537
695,-1.5883835370062773
696,-0.35470801111810335
697,0.9009522230355222
698,-3.557246032563387
699,1.1698915612384284
700,-1.8793277614575528
701,-2.3196928818374434
702,-2.471721732523584
703,-0.4807118298542877
704,-0.5929479341986795
705,-3.427218639468763
706,7.407813430325564
707,-0.8859936572857976
708,-0.36538142913893396
709,2.700588228762874
710,3.9781679670894916
711,2.7093683535448925
712,-0.20809856695010387
713,-2.631567015884711
714,0.24247915050017288
715,-1.6505910161865747
716,2.540582136873773
717,-0.594736787098039
718,6.881687747660424
719,-0.7688184210601043
720,-5.339937499586525
721,-2.8102837595171914
722,3.734695848113052
723,2.5563785664413903
724,-2.9504131396103803
725,3.349290355009129
726,-0.08770619871395757
727,-1.771657669692982
728,-2.045192285446698
729,-3.97275873059933
730,-2.312010501504208
731,-0.22589424876827602
732,-3.2131632495134403
733,-0.06892482760328827
734,8.978305194029947
735,-0.41933554531677897
736,0.5499358148744493
737,2.7864495817853143
738,11.00716908056453
739,0.5441499775909563
740,1.6662927948568793
741,1.6850327452229095
742,-0.06335296664596968
743,2.9102115481514375
744,-0.9961897992467363
745,1.0803721405202633
746,0.09561592210431558
747,-3.52618678244653
748,-3.3339541507338124
749,-2.7253744487718174
750,-0.3657155401361426
751,-2.080590485701746
752,-1.4294159461202702
753,-0.594736787098039
754,3.103651983555822
755,-4.136082952911161
756,2.938222821486998
757,-2.8102837595171914
758,-3.7418423570975055
759,0.4606130903998116
760,-1.5065837115876528
761,1.9225523930385087
762,0.7412839196785055
763,3.4754472988367784
764,-3.674662882229339
765,-2.5412493665399327
766,0.12068458166973794
767,2.257302729032874
768,0.768299085522155
769,-3.33862865083641
770,-3.557246032563387
771,2.5670817414384937
772,3.0653149321618773
773,5.699091282462412
774,-1.8804185762945425
775,0.35240645471229126
776,-0.3157643229187621
777,-3.427218639468763
778,0.5370731066538519
779,-2.0694158874990913
780,-0.9961897992467363
781,-1.0814676783256667
782,0.9302548839257169
783,-3.1762714902467457
784,0.8177432595693792
785,-3.5027133549024683
786,1.3052578314617072
787,-0.7944444748983548
788,-0.39008075890941374
789,-0.594736787098039
790,-1.767708434091432
791,2.467177782160049
792,-2.008192525992647
793,-2.5939790516365377
794,6.614235206394849
795,-1.438503130089634
796,-3.977437628562242
797,0.1300581293896892
798,-1.1319863663438654
799,-1.771657669692982
800,-3.8536318193072137
801,-3.97275873059933
802,-2.2535902793535714
803,-1.5883835370062773
804,-3.6555231846016154
805,-2.547813962271337
806,1.725254261633439
807,13.01032457875231
808,4.031544767812316
809,-0.342166192873405
810,1.9716689615191512
811,-1.8418977884758279
812,4.517890235183126
813,-3.427218639468763
814,-0.9562153419251824
815,0.7443622063128874
816,3.248326122921613
817,0.9934111672002209
818,0.3053892751123204
819,6.184083358266874
820,2.2426731820824255
821,-3.877386863950753
822,3.124578359201148
823,0.019496253156456693
824,0.05090209037605141
825,-0.594736787098039
826,-1.6953462745861758
827,-4.136082952911161
828,-0.8015590716600487
829,1.596691348952198
830,3.1028460654098233
831,-1.438503130089634
832,-3.3434361719081496
833,0.7393055703713887
834,0.11780137634065468
835,0.6599997412229186
836,-3.196660998096193
837,-3.97275873059933
838,0.006126138438134809
839,-1.5883835370062773
840,2.0486141658419497
841,-3.33862865083641
842,-0.51593746211931
843,-1.370208246995442
844,-1.061746514298347
845,2.179057024484942
846,1.7625226587465208
847,1.515074767452391
848,0.7259359939872989
849,-3.427218639468763
850,-0.9562153419251824
851,-0.48091457336653787
852,-1.1896562966716915
853,-0.999135850108798
854,-0.27424135119371196
855,-3.52618678244653
856,2.5930560544201584
857,1.2292671078446322
858,0.07616051275573121
859,-2.080590485701746
860,1.559274901621419
861,1.3733320696611924
862,-1.9965739316626838
863,1.6371632332946702
864,0.34140832479331906
865,-2.8102837595171914
866,-0.8547499526422855
867,4.299461418873325
868,2.0670733586176464
869,5.23409843268671
870,-0.6174033548955529
871,2.7930229529951425
872,-2.5868758743674554
873,-0.6635413334516634
874,-0.5277532915063757
875,4.284383727730119
876,7.992682416156484
877,-3.33862865083641
878,-3.557246032563387
879,-0.027018127524940483
880,1.2362267062397125
881,-0.9771855982704221
882,-4.85227959800136
883,0.4207467972141302
884,-2.7268542238102365
885,1.6006843839677616
886,0.15297729752835304
887,0.6306614620586908
888,0.567509067775307
889,-2.582081496525297
890,1.9359590693489173
891,-3.8504681876949447
892,-2.647429598750688
893,2.1911630921365504
894,-1.2198002627564186
895,-2.2241878085342908
896,-1.3604323755609027
897,-0.594736787098039
898,-1.4717772828607822
899,-4.136082952911161
900,-4.791098922533001
901,-4.224092747601944
902,7.928378348261267
903,5.74490460148672
904,-3.2853546717160422
905,9.411758877904559
906,5.626348899506045
907,0.9156333822057476
908,5.372814837235838
909,-2.819077403344434
910,3.6300400813774356
911,0.37893017220870684
912,0.3935638170307221
913,-1.3594624885946693
914,-3.557246032563387
915,2.6050672470246248
916,2.7299575615050347
917,2.2095921610107854
918,-5.0837500066565955
919,-0.8200088591080664
920,-1.381124099033392
921,4.020696002391501
922,2.7647630825629905
923,-2.0694158874990913
924,-0.9856088113699235
925,-2.759920607282808
926,3.66172557046439
927,-3.8504681876949447
928,2.0658938752341833
929,-3.877386863950753
930,-0.3980083641036384
931,-2.2241878085342908
932,-0.17718516263373707
933,-0.23789432620752304
934,-1.420336153190055
935,1.7647731877914339
936,1.6581278839646878
937,0.43541801261786794
938,-3.7418423570975055
939,2.0008053333684304
940,1.8093915428815863
941,1.1744502584884302
942,1.3010948875227952
943,1.5094237031141677
944,-2.2564887423680324
945,-1.0245447060823265
946,2.6706988413111845
947,1.268595228411534
948,-3.6555231846016154
949,2.620791495652342
950,-3.557246032563387
951,-1.370208246995442
952,-0.6433308084122996
953,-3.929841196227381
954,-4.073306724996067
955,-1.6378016539885927
956,9.181414428376586
957,-3.427218639468763
958,-0.351895270163025
959,1.9268505789384474
960,-0.7405269167338311
961,-2.7856599207320576
962,2.450205074379987
963,-5.278272328079418
964,-1.9949160632177434
965,-0.7478533135423695
966,-1.2198002627564186
967,-2.967117389512093
968,-2.1353713519514086
969,0.5223477883316922
970,-3.4965520260079677
971,3.9592686052151533
972,-5.339937499586525
973,-4.224092747601944
974,-0.34910068902209335
975,1.325617493981556
976,-3.977437628562242
977,-1.1466778213107898
978,0.5318284494392054
979,-2.386089025670674
980,-3.8906493940439697
981,-1.86715925041619
982,-2.312010501504208
983,-1.5883835370062773
984,4.5913315744509475
985,3.6948312883356533
986,3.4029132260259436
987,5.989142991155729
988,4.126106370871855
989,3.052022595784524
990,0.19456670158572198
991,2.9732430404326355
992,-1.7844064918757547
993,-0.140229305800727
994,-1.5611529973012563
995,-2.0694158874990913
996,-1.1896562966716915
997,-2.481922850949418
998,-0.19842984166133826
999,2.691038144404293
1000,4.374816019379131
1001,6.277364893312096
1002,-1.2198002627564186
1003,3.5452256317115447
1004,1.705688293817132
1005,1.141815382887772
1006,6.665674150878503
1007,-0.5528032645716525
1008,-1.6703698269422982
1009,-4.224092747601944
1010,8.995139234638984
1011,5.603682985260191
1012,-0.9541407559466286
1013,3.6693898050351046
1014,3.316747197465503
1015,6.223186754337256
1016,-3.8906493940439697
1017,1.0593065216903335
1018,-0.5972839525697667
1019,6.314237514037596
1020,-0.17609763156669356
1021,1.5636049384411268
1022,-3.557246032563387
1023,-0.10154922085938611
1024,-2.460935732205175
1025,-3.644583203773458
1026,1.2770929224536207
1027,-1.0814474688569278
1028,-2.7268542238102365
1029,-3.8654101419592273
1030,1.9883497917596649
1031,-2.0694158874990913
1032,0.05141039255102342
1033,3.9847679102739324
1034,0.633015568743035
1035,-4.915542800736301
1036,2.496853092161971
1037,-0.18647300847556636
1038,4.578353280019899
1039,1.0350146836457905
1040,1.185281499073538
1041,3.7435235160207916
1042,1.4941984650597653
1043,1.2168066635647172
1044,-5.339937499586525
1045,-4.095117603264489
1046,7.576493303971964
1047,-2.987345687080278
1048,-3.92988528476638
1049,0.49746559424993775
1050,5.471571498647866
1051,-2.386089025670674
1052,2.0218128330041574
1053,-4.350892090594282
1054,-2.312010501504208
1055,-0.8235132966208543
1056,-0.27729597819908386
1057,0.322424711409146
1058,-1.0685917725580554
1059,-0.7793132111029222
1060,-0.6380951634858198
1061,-2.0655796136639264
1062,4.043875009723868
1063,0.808342342762306
1064,4.437542645802234
1065,-3.8654101419592273
1066,0.9537877559464292
1067,-2.0694158874990913
1068,7.150896047453829
1069,-0.22289100128025874
1070,1.045474225604794
1071,-2.4325238831990803
1072,-3.2747390620840617
1073,-2.709446311529453
1074,1.7365031424927313
1075,-3.103350790953136
1076,-2.1353713519514086
1077,-0.060200475414538546
1078,-3.327880756532752
1079,-4.136082952911161
1080,-2.134103029007355
1081,-1.4144486327527028
1082,-0.5632513172843083
1083,-3.368873996019028
1084,0.03083548895718974
1085,-1.1466778213107898
1086,0.5872145960796105
1087,-5.121627994221539
1088,-2.7571549194109686
1089,-2.1049174658617176
1090,1.120519410470958
1091,3.965762012934203
1092,-3.688851165151999
1093,-0.9594064882678026
1094,1.7149404233548997
1095,-1.0192742560350312
1096,-1.0240005302173105
1097,3.0698468087252104
1098,5.593771842769787
1099,-1.5247964496093287
1100,-2.7268542238102365
1101,0.050367992154480845
1102,4.506511595468494
1103,-2.0694158874990913
1104,-1.1970574710753183
1105,-2.806371171231751
1106,0.3450698751241853
1107,-5.48226786469456
1108,-3.3339541507338124
1109,-1.5911207278507067
1110,-1.2198002627564186
1111,-0.13126942513308915
1112,0.679991419941009
1113,-0.09935731432499499
1114,-1.0950872446212054
1115,5.113135874437384
1116,1.4683648401868707
1117,-1.0994706449259757
1118,3.2708835702936327
1119,-0.2099236676517438
1120,1.2349118973989257
1121,4.983165306293762
1122,-3.2144271026231634
1123,-4.406737349620575
1124,4.574703939560207
1125,-4.981724448980462
1126,1.2225808505950697
1127,-1.5883835370062773
1128,-3.9827403968110207
1129,-1.056368828222639
1130,2.467781632358806
1131,-0.6060421814858521
1132,-2.460935732205175
1133,-1.6964355646589229
1134,1.4535548457757936
1135,-1.8418977884758279
1136,8.617007443005193
1137,-0.008809044503994334
1138,0.4787203471060013
1139,0.9459192415032704
1140,1.9825210940349627
1141,-2.7186297577558114
1142,-0.7414751991376286
1143,8.905798321104788
1144,-2.560835629129794
1145,0.2846036972246899
1146,7.563914829752068
1147,0.2808604442410558
1148,1.1912251394755873
1149,2.2344934002668735
1150,-3.8255294603983443
1151,-4.136082952911161
1152,-4.880994376069762
1153,-2.1251443865320594
1154,1.3090975873564172
1155,0.15962040591704507
1156,-4.112465150460418
1157,-1.1466778213107898
1158,-3.5523333781506876
1159,-0.11565733627597402
1160,-3.8906493940439697
1161,-4.981724448980462
1162,-2.312010501504208
1163,-1.5554833611478194
1164,-1.9892686393029795
1165,-0.08333525288184851
1166,3.4620981518860328
1167,-2.0692903735438684
1168,0.8751430027199671
1169,-3.9330923242974554
1170,7.370341962103487
1171,0.8095845391962871
1172,0.1210601883403105
1173,-3.8654101419592273
1174,1.028814925816266
1175,-2.0694158874990913
1176,-0.45136514872550604
1177,-2.806371171231751
1178,-0.7643965531514849
1179,-3.0354507349769895
1180,0.057987172793381614
1181,1.4960015651646719
1182,-1.2198002627564186
1183,-0.6168460148398709
1184,12.0600880575189
1185,1.3188911633193017
1186,-3.8255294603983443
1187,0.6562004561529091
1188,-5.48226786469456
1189,2.0154794688091577
1190,-3.7418423570975055
1191,-3.368873996019028
1192,4.369393462597317
1193,1.6085837609719515
1194,0.408145254217097
1195,0.30894652211161666
1196,-3.9511001800524057
1197,-1.9357978852715607
1198,-2.312010501504208
1199,1.012471931422138
1200,5.588105232837706
1201,-1.6171817724403776
1202,-3.557246032563387
1203,-1.4442573264966647
1204,-0.8214146500781343
1205,-3.9330923242974554
1206,0.1275565096741993
1207,2.0343794571682188
1208,-0.01426824842605523
1209,-0.8352427371574267
1210,-1.3040591909586876
1211,16.591903003017855
1212,-1.1778712457421756
1213,6.7249015859509225
1214,-0.5601495886062509
1215,0.2146613630109444
1216,4.813736093864314
1217,-4.117508612240108
1218,-1.1312914527345774
1219,-2.647943458666442
1220,-2.3853317978415087
1221,-0.594736787098039
1222,-0.6192426132429034
1223,-1.3818347012793613
1224,-5.48226786469456
1225,4.173749174496601
1226,-2.862805679948739
1227,-0.28635846932597936
1228,-4.112465150460418
1229,-1.1466778213107898
1230,2.9208415409164763
1231,0.7774569515547525
1232,-3.563683255115741
1233,-4.981724448980462
1234,6.3796927372550325
1235,2.8357538635608055
1236,-3.9760111892736156
1237,-0.9789863462427977
1238,1.3370959444562458
1239,-1.464146738773596
1240,-2.460935732205175
1241,-3.9330923242974554
1242,0.0374019050047496
1243,0.8644383427285849
1244,-2.7268542238102365
1245,0.4854510998077722
1246,1.1682356451401255
1247,-2.0694158874990913
1248,2.564505181137421
1249,1.8439298325874032
1250,3.835202536039002
1251,-0.5075647935478613
1252,-3.3339541507338124
1253,-4.117508612240108
1254,-1.4322676972319102
1255,-3.5208816948827844
1256,3.247311556174381
1257,1.4355351644295633
1258,-1.115235524220504
1259,3.540316296332735
1260,2.3264650388074264
1261,-4.224092747601944
1262,-2.3861390172551404
1263,0.2929937156374593
1264,-3.252114553591011
1265,-1.1466778213107898
1266,2.221903483711812
1267,-1.993665614728985
1268,0.03751874810579038
1269,2.0888000089782914
1270,-2.366573492859735
1271,-1.5883835370062773
1272,0.3411851902588825
1273,0.9485789628027004
1274,1.4975674030076236
1275,-2.4012345264487727
1276,7.038360250031266
1277,1.1987708449658814
1278,0.9505938092544788
1279,6.90639679173365
1280,1.1060526231560863
1281,-3.727127018408741
1282,-1.5611529973012563
1283,0.9220319461544517
1284,5.301545742443603
1285,-1.4082489554654027
1286,4.386998096860358
1287,-5.339937499586525
1288,-2.214362786803982
1289,-5.692418772075888
1290,0.23231995382235318
1291,0.05053931650639885
1292,-0.8198942120961648
1293,-0.12639820518365627
1294,-3.8255294603983443
1295,5.355972323401698
1296,-1.9734256058368922
1297,-2.52763729105034
1298,-3.7418423570975055
1299,-3.368873996019028
1300,4.377274857728178
1301,4.0770221859581754
1302,-3.5523333781506876
1303,-2.69417575237319
1304,-2.3104565318883203
1305,-4.981724448980462
1306,-0.18715489486083603
1307,-2.2596143230650014
1308,8.163976974277503
1309,1.764092853428672
1310,-3.557246032563387
1311,-2.4012345264487727
1312,-2.460935732205175
1313,5.788087429634702
1314,-0.20802961910851425
1315,-2.329194098347723
1316,-0.21092197357799147
1317,-1.0284138637102103
1318,-1.1133950160030532
1319,-1.1587675438105882
1320,0.655044334400495
1321,7.016470057507856
1322,1.1780914122895756
1323,1.2837514757580863
1324,-3.622791601242357
1325,1.664738612541792
1326,-1.5244744036058886
1327,-3.5208816948827844
1328,-1.8338929946823685
1329,0.7800376122689406
1330,2.53657522003998
1331,0.12730762751267788
1332,1.9584568451097433
1333,5.341345234153721
1334,-3.7418423570975055
1335,1.1767310423317574
1336,1.8118945552629298
1337,-0.5368450984314848
1338,-3.1264721911790194
1339,-5.305470586883748
1340,-1.6798076111605948
1341,-3.3236215092679147
1342,-1.4644122159207962
1343,6.458940901325435
1344,6.223604038939147
1345,-2.203702412071648
1346,-0.7842420756593071
1347,-2.4012345264487727
1348,0.5978307971043437
1349,-2.147236109479353
1350,-4.501390927351916
1351,-1.6112959106509848
1352,-0.10594404935595425
1353,-3.8481167625885813
1354,-1.5611529973012563
1355,2.4454996921985828
1356,0.01702940829564037
1357,-2.074091765392745
1358,0.2661329909088998
1359,-5.339937499586525
1360,2.0556746349428447
1361,-2.4331000326560672
1362,5.156293829757974
1363,0.5956075098257154
1364,-2.3853317978415087
1365,0.7669697341449636
1366,-0.9037305333515411
1367,-2.817126139161676
1368,4.253055897177616
1369,-4.224092747601944
1370,-3.7418423570975055
1371,-3.466745161648213
1372,1.6267463563642826
1373,-4.055660165288556
1374,5.962062831894771
1375,-0.03046770486269096
1376,-0.8000367690948114
1377,-0.9027595867247922
1378,0.005027775787850852
1379,-0.21048784606644855
1380,0.09384718589717655
1381,-0.8922470393984724
1382,-1.1499427327040586
1383,6.194494740864391
1384,3.829779392768469
1385,-1.7973488330715566
1386,-1.5145048277057478
1387,-2.329194098347723
1388,2.0122213946556684
1389,-0.2058345384696858
1390,-1.5611529973012563
1391,-0.041312747067751676
1392,-1.1970574710753183
1393,-2.806371171231751
1394,-1.0588894134803044
1395,-5.339937499586525
1396,-3.1061810178151905
1397,-5.48226786469456
1398,-1.540627311906291
1399,-2.5975477671123155
1400,-1.7163976497875129
1401,0.06093740643608831
1402,-2.153585770420082
1403,3.155660161228157
1404,5.883486310006021
1405,-0.8444703936176242
1406,-1.0620703502346966
1407,4.584329604538562
1408,3.1646206568962523
1409,2.013612392132986
1410,-2.3926479142718744
1411,-5.305470586883748
1412,-2.416047785704349
1413,-1.5647905014802919
1414,-1.0685475870449377
1415,-2.2596143230650014
1416,-3.9827403968110207
1417,6.609082450693952
1418,0.4763623695122445
1419,-0.5222739131058778
1420,-2.460935732205175
1421,-3.9330923242974554
1422,-0.5502027090577775
1423,-2.7968126010871455
1424,0.24279655912680465
1425,4.447371401673458
1426,4.31771444354717
1427,4.380533304338617
1428,2.1010962933360378
1429,0.4750415822935959
1430,-0.6240271626793789
1431,-2.9158829523485528
1432,2.719247704159474
1433,-5.48226786469456
1434,-1.540627311906291
1435,-3.3191235828838663
1436,1.1828288187690144
1437,0.08625543241803968
1438,-3.583451377800051
1439,0.03505869253798466
1440,1.6837379043373708
1441,2.241367832666569
1442,-3.7418423570975055
1443,-2.460736115676409
1444,-4.112465150460418
1445,-4.055660165288556
1446,-2.1320133133543733
1447,-4.637812292777328
1448,-3.9511001800524057
1449,-1.0905008254997741
1450,-0.18303623757533538
1451,-0.42622361774443285
1452,5.188013897827172
1453,-2.9247148491519614
1454,2.877337521748258
1455,3.2710605784220372
1456,-2.5775817156958567
1457,-3.9330923242974554
1458,-5.0837500066565955
1459,2.9074129111486466
1460,4.692755395083788
1461,1.4350690550225473
1462,-0.676299053996371
1463,3.1449480758401656
1464,4.914779300984866
1465,4.026695235812033
1466,1.6208603959700765
1467,-5.339937499586525
1468,-3.622791601242357
1469,-5.48226786469456
1470,-1.540627311906291
1471,-3.5208816948827844
1472,-2.3853317978415087
1473,5.862881582220135
1474,8.358207305380615
1475,-4.136082952911161
1476,2.0341494596767964
1477,-2.1816291047217806
1478,-2.525330615609045
1479,-0.78865905594925
1480,-0.8563352101930275
1481,-3.9552812628274614
1482,1.7421823459557935
1483,-5.305470586883748
1484,0.5359727992826169
1485,0.864746056894168
1486,-0.01908567952146356
1487,6.444174839872019
1488,1.1821531163688466
1489,-3.33862865083641
1490,0.1609655656233393
1491,10.745562933675826
1492,-1.2218797143984497
1493,8.487207956135308
1494,1.5763294641424055
1495,-2.7968126010871455
1496,-2.583222341459777
1497,1.1022081467597866
1498,-1.5611529973012563
1499,2.2679188240792403
1500,0.7487881752974239
1501,0.17892649685064804
1502,2.4856432936882227
1503,-0.24694705137070194
1504,-3.0035820910658324
1505,-0.7487878781774985
1506,-1.4347701426305686
1507,2.23155624580791
1508,1.7198192090378002
1509,-0.594736787098039
1510,-0.9070499840729755
1511,-4.136082952911161
1512,-5.792503205535826
1513,-4.224092747601944
1514,6.867413040739509
1515,-0.8631238635462559
1516,-3.444366647661987
1517,-1.1809346479901592
1518,0.4226919227446082
1519,-0.18106043986011244
1520,-3.7744073354030774
1521,0.7073678640563419
1522,1.725390717498441
1523,-2.2596143230650014
1524,0.9093652366660634
1525,0.33821940203121403
1526,-2.0668859932860153
1527,-1.5858065490210076
1528,4.8270476391901695
1529,-1.7337401515804465
1530,2.690947638495873
1531,0.45417362118690163
1532,3.6185335258777327
1533,-3.8654101419592273
1534,4.68325091705678
1535,2.2875148566697185
1536,-0.3707134084138972
1537,-2.7634106042242905
1538,1.9195029019762084
1539,-4.4123311724249525
1540,-3.622791601242357
1541,-3.2560496677721082
1542,-1.7139452797814179
1543,-0.7392994790020769
1544,2.7667796224514976
1545,-0.594736787098039
1546,-3.8255294603983443
1547,4.910336409727011
1548,-5.778896616304274
1549,-4.224092747601944
1550,-3.647450012541691
1551,-2.509050295426466
1552,-4.1214237822866435
1553,0.6789557713141114
1554,-2.8354274124670633
1555,-5.305470586883748
1556,-1.520816594879167
1557,-0.08712015041659704
1558,2.5307789571287063
1559,3.2867749710847813
1560,-3.3933990095358997
1561,1.0845022622804223
1562,-3.82511677392657
1563,2.5946459127866457
1564,0.4106541368170043
1565,12.61726980014407
1566,3.5334040674616634
1567,-0.8785868451832031
1568,-2.7268542238102365
1569,-3.8654101419592273
1570,-1.5611529973012563
1571,3.155876354764755
1572,-1.1970574710753183
1573,-3.22692988410594
1574,3.9047460808642516
1575,1.519283412762615
1576,3.2956129344363574
1577,7.207311584055326
1578,-1.7139452797814179
1579,-0.9704086237934677
1580,1.927518812000697
1581,2.352883457437988
1582,5.034825822965594
1583,-1.3133420637351083
1584,-5.792503205535826
1585,-4.224092747601944
1586,0.3325910120778328
1587,2.6715890959117417
1588,-4.1214237822866435
1589,-4.055660165288556
1590,5.647575581791814
1591,-5.305470586883748
1592,-0.47306917070591636
1593,-4.675932041060005
1594,9.083479333503835
1595,-2.2596143230650014
1596,-3.9827403968110207
1597,-3.33862865083641
1598,0.9570604401529805
1599,-2.4012345264487727
1600,5.530890651284098
1601,-0.2784044023309661
1602,-5.0837500066565955
1603,-2.8104646572766354
1604,-0.5053500626050856
1605,0.8114748509714218
1606,0.02921815861012622
1607,-1.8446506076618459
1608,1.875404651712069
1609,-0.3037449347491217
1610,0.5809742200847499
1611,-5.339937499586525
1612,-5.192953421908754
1613,8.142984106194403
1614,2.0248086846426254
1615,-0.7827282153940047
1616,-2.450205181650626
1617,1.1180877297100882
1618,0.33042654503207936
1619,-4.136082952911161
1620,-3.2640059284326663
1621,-4.224092747601944
1622,6.3403908712668855
1623,1.267103564623729
1624,-1.917119754430514
1625,3.4244260003582103
1626,1.1401016348246236
1627,-5.171521233537809
1628,-2.2464620895720264
1629,-3.0170703371325716
1630,2.4514686704150206
1631,-4.324379192110131
1632,-2.721554930658395
1633,-3.3382897774525646
1634,3.284250569544284
1635,7.167430762277364
1636,-0.4863645857074038
1637,0.543139693888878
1638,4.493595748379801
1639,-2.4336044200097944
1640,5.213406442943828
1641,-3.8654101419592273
1642,-1.3302637165272075
1643,-1.7802319696606554
1644,-0.8116738874090796
1645,-1.9474497161458024
1646,-1.0214875123239673
1647,-3.4439172742400745
1648,-5.192953421908754
1649,-1.6947071087953711
1650,-1.7139452797814179
1651,-4.0832429869880515
1652,-0.41345681498915543
1653,-0.594736787098039
1654,8.295284821140804
1655,-2.154002903228214
1656,1.9922693651903431
1657,-4.786146357167677
1658,1.4587368550351392
1659,3.181156305458452
1660,-4.151474802745991
1661,-2.5143481861768993
1662,0.059538165449437574
1663,-5.305470586883748
1664,-4.404903554257181
1665,-4.981724448980462
1666,-0.3062156105924557
1667,-3.370361996926007
1668,-3.0949766366527793
1669,-3.3537071725482392
1670,-3.82511677392657
1671,-2.4012345264487727
1672,-0.14265448932034142
1673,-3.9330923242974554
1674,0.9309993996224382
1675,-0.34598017562252115
1676,-1.7395858690402881
1677,1.443329977503188
1678,-1.5611529973012563
1679,-2.0694158874990913
1680,1.6252526129978933
1681,1.6765572467960717
1682,0.4918625048710028
1683,3.008218548135149
1684,-5.192953421908754
1685,-5.48226786469456
1686,1.2001813559580636
1687,1.764874003955022
1688,-0.4076681986615798
1689,-0.594736787098039
1690,5.959815455190379
1691,-4.527912348159088
1692,-0.9863381540541201
1693,-2.6681777169632293
1694,-0.6192350488894021
1695,-3.2617273929242825
1696,0.409796620661499
1697,-4.19756262426677
1698,-0.5740916966108136
1699,-0.8489700716298265
1700,-4.404903554257181
1701,0.3879264284141077
1702,1.7112302654945402
1703,-3.4055476958262583
1704,-0.49204062904706986
1705,-3.0428254166247637
1706,3.5253299792091566
1707,-2.4012345264487727
1708,-2.5775817156958567
1709,-3.9330923242974554
1710,10.371017605505564
1711,-1.4768690869858627
1712,2.74994088202169
1713,-0.4267592869582666
1714,-1.5611529973012563
1715,4.542674451134264
1716,5.101976268812194
1717,7.295719403395592
1718,-1.0588894134803044
1719,0.46544441951926196
1720,-2.1988621904825676
1721,-5.710330203685647
1722,-1.2794685385970357
1723,-0.6637841665435993
1724,3.815874560856501
1725,-0.594736787098039
1726,-3.8255294603983443
1727,3.7571930061379932
1728,-6.291450863003392
1729,3.0372880929812083
1730,4.825778111194212
1731,-0.7470972480177689
1732,-4.151474802745991
1733,-4.19756262426677
1734,7.430172710366223
1735,-5.305470586883748
1736,0.5540108974013269
1737,-1.8724927273035592
1738,-2.366573492859735
1739,-4.324379192110131
1740,3.559839725765621
1741,5.123640800675346
1742,-3.82511677392657
1743,-2.9777880246789254
1744,1.035035597891842
1745,-3.9330923242974554
1746,-1.5154859515375305
1747,0.29138135235029794
1748,-0.8645445164660469
1749,-3.8654101419592273
1750,0.4160173327270181
1751,-1.9902348867988313
1752,-1.1970574710753183
1753,0.0667234800279819
1754,-0.02122747996652813
1755,-2.2589532515192223
1756,-3.0545261046839087
1757,-4.647229183236912
1758,0.3117889882043552
1759,3.4832410788590322
1760,-1.402980888403765
1761,1.692155863059538
1762,-0.3806177831101265
1763,-2.3149707606401257
1764,0.6477153403074727
1765,-4.786146357167677
1766,0.1694772306521548
1767,-3.466745161648213
1768,-4.020313930183908
1769,2.0628054473357618
1770,1.1447095063272654
1771,-5.305470586883748
1772,-3.4626292603748623
1773,-4.981724448980462
1774,2.1823567963069332
1775,-4.324379192110131
1776,-1.2250127208144213
1777,-3.3537071725482392
1778,2.948242756621798
1779,-2.9777880246789254
1780,-0.31481253572299783
1781,-0.13853193247390871
1782,6.180785282367619
1783,-0.37835517259925633
1784,-2.6794451409943774
1785,-0.9412523695442387
1786,-0.1261082369296853
1787,16.869374318781492
1788,-0.9814838784332548
1789,6.438366960136994
1790,-0.5339091088082928
1791,-5.339937499586525
1792,-4.747024357155563
1793,-1.055056170148838
1794,2.0447904210866024
1795,-3.4308291375677267
1796,-1.0886425150572185
1797,0.6490869351071199
1798,-0.32811550922981847
1799,-0.6029990487244711
1800,-1.0704948991924121
1801,-2.421601612294384
1802,4.822950541754839
1803,-0.501186523504868
1804,9.127993218032147
1805,-1.1537783013658771
1806,-3.352903912900969
1807,-5.275370616397994
1808,-4.143350022555005
1809,-4.981724448980462
1810,4.088484300791226
1811,-0.918852325370489
1812,-0.3102362848897138
1813,-0.9542188659897499
1814,2.222387292332545
1815,9.857270015699518
1816,-2.5775817156958567
1817,2.719243778348523
1818,-5.0837500066565955
1819,0.28938774748721297
1820,-2.7268542238102365
1821,-0.8347366157200689
1822,-0.5529463423364507
1823,-0.8608129887981839
1824,0.7961934505961462
1825,-3.2918093232191605
1826,0.5002338307102226
1827,0.37243157715905717
1828,0.33058558097961077
1829,-3.2607462819335473
1830,-0.9957974652403894
1831,14.259870626294036
1832,-1.7614379193059588
1833,1.2574591053504873
1834,16.051364682001626
1835,-4.527912348159088
1836,-1.7839381485133003
1837,5.3317831904938755
1838,-1.6066705447766214
1839,-3.106569810720341
1840,1.6276104522098809
1841,-2.0476673441219226
1842,3.542365898615418
1843,-5.305470586883748
1844,8.820652817537052
1845,-2.293142025576098
1846,0.46080927510264036
1847,-1.8552130337500703
1848,2.971146091206311
1849,2.6496841186467748
1850,11.0181373862817
1851,-2.9777880246789254
1852,-0.6719424136061962
1853,1.3555013308010349
1854,-0.16951412644246133
1855,2.4446249092265537
1856,-2.765835660482615
1857,-0.4045899536484103
1858,-0.9444681686397307
1859,-2.0694158874990913
1860,-1.1970574710753183
1861,-3.2918093232191605
1862,-1.0588894134803044
1863,4.1244635071824005
1864,-5.192953421908754
1865,6.686118113760618
1866,-1.7139452797814179
1867,-4.0832429869880515
1868,-2.450205181650626
1869,-0.12220500913294632
1870,-3.8255294603983443
1871,-4.527912348159088
1872,0.4254375912491173
1873,0.02839814603431634
1874,4.1505888141951806
1875,-1.6111188924740163
1876,-4.151474802745991
1877,-4.19756262426677
1878,-0.01765039114691458
1879,-5.305470586883748
1880,0.04140382811090052
1881,-1.2358213542452314
1882,4.720774967679984
1883,0.8272604704297026
1884,1.8540974034977071
1885,-0.162550155068938
1886,-0.1302132388377193
1887,-2.7469719501782524
1888,-2.5775817156958567
1889,1.5811969419751795
1890,-1.2286651189337214
1891,-2.8104646572766354
1892,5.834522964144952
1893,-0.8543665651778519
1894,-1.5611529973012563
1895,-2.0694158874990913
1896,-1.1970574710753183
1897,-4.588649791743639
1898,-0.3954758432637385
1899,2.5059684153869313
1900,4.583998297353378
1901,-4.752902013013558
1902,-1.7214973083424203
1903,1.643098465735903
1904,-2.450205181650626
1905,-0.0256554505020972
1906,6.407387058301247
1907,-4.527912348159088
1908,5.1461754892678115
1909,3.8610585291114776
1910,1.255929355866015
1911,2.5773757554104115
1912,0.9344661874647113
1913,8.261908864070692
1914,-0.6661470997938894
1915,-2.2894966555440233
1916,4.4413194912385965
1917,-4.981724448980462
1918,0.9823576181250316
1919,0.1272295638001132
1920,-0.9107376214705311
1921,-2.640622339443748
1922,-3.82511677392657
1923,6.643450832447668
1924,-2.101317987648496
1925,2.2334146853576358
1926,3.1652070225474502
1927,-2.1223753791151743
1928,-0.865034815848114
1929,5.282063002194698
1930,-1.1549947884481884
1931,3.007230272069444
1932,-1.1970574710753183
1933,-4.805882907060907
1934,-1.0588894134803044
1935,-1.2872107841141163
1936,2.0555115837369495
1937,0.7244948624156047
1938,-1.8937607572031132
1939,-4.0832429869880515
1940,3.4340442554988053
1941,-0.7721160685157386
1942,0.6107760258210322
1943,-2.7536660330258202
1944,0.6163749111928429
1945,1.2996334804253777
1946,-0.8384509612290678
1947,-3.1059300492794866
1948,-3.7305533534854938
1949,-4.19756262426677
1950,-0.85293987644216
1951,-5.305470586883748
1952,-4.404903554257181
1953,-1.638074026030234
1954,-2.366573492859735
1955,-4.324379192110131
1956,15.159409126354745
1957,-3.2698311478843953
1958,-1.1526590697796602
1959,1.1719353931517817
1960,-2.2993748265377802
1961,0.3483796878584946
1962,-1.0796318881763907
1963,-0.09698546871166414
1964,-2.577076833143539
1965,-2.7907087055717095
1966,1.8679969684762068
1967,-0.18169245368944642
1968,-0.12643238190061623
1969,-5.587103472465044
1970,5.044476737230893
1971,2.030153828052475
1972,1.4912059522698253
1973,-1.2812701380197038
1974,0.14052404505858995
1975,5.714089282911073
1976,1.4763002019371718
1977,-0.6879207682518763
1978,2.473712891479443
1979,5.2681478168675415
1980,-6.291450863003392
1981,1.9260059789520203
1982,5.830714705204574
1983,-1.2571094598283534
1984,8.656062922153696
1985,2.725945603884561
1986,-3.5523333781506876
1987,-4.646627658397825
1988,-5.204726062652115
1989,0.29756018944236085
1990,8.68011711519152
1991,-3.1681729610720586
1992,-0.7547459032853611
1993,-3.81725964785329
1994,-3.177679162555123
1995,-2.9777880246789254
1996,-2.5775817156958567
1997,1.5411188122151374
1998,0.5773819167376477
1999,-0.699006802024047
2000,-0.9719430472032288
2001,-3.8654101419592273
2002,-1.0980128627771002
2003,4.52801492691249
2004,-1.1970574710753183
2005,-0.9045589223204122
2006,-1.8756462324803362
2007,-5.339937499586525
2008,5.309120474150987
2009,-1.8579555088306345
2010,0.5620248456892811
2011,5.772924742692396
2012,4.156439876112587
2013,-0.7721160685157386
2014,-1.807136047835896
2015,-1.4976420216973918
2016,-6.278955099620119
2017,-2.737226085137415
2018,2.045910040249797
2019,-2.6605564206653796
2020,-4.151474802745991
2021,2.1969269188554565
2022,3.814412050441844
2023,0.42805826752068876
2024,0.15117189443403944
2025,-0.2636954029722266
2026,-1.1140615932088238
2027,-2.869374394960942
2028,-2.710525238917849
2029,4.867786490921004
2030,-2.4536893394522674
2031,2.9688070828301525
2032,-2.462067974241829
2033,2.8162709557023593
2034,6.364406889348643
2035,-1.4120903300584478
2036,-0.4392497707563796
2037,-3.818694644855693
2038,-1.5611529973012563
2039,-2.0694158874990913
2040,-1.1970574710753183
2041,0.8712298946839105
2042,-1.8756462324803362
2043,1.078998524059514
2044,-5.192953421908754
2045,-3.065332398287999
2046,-1.9122253040871404
2047,0.6472487598687628
2048,-0.16269849619721466
2049,-0.22267712204660642
2050,-3.8255294603983443
2051,-2.9622217323921607
2052,5.786927803748172
2053,-4.786146357167677
2054,1.7083577637401843
2055,14.478944387231786
2056,-2.096731202834241
2057,4.0851870001529
2058,-1.0764369815262413
2059,5.167324881635974
2060,-3.3079274026477594
2061,1.997820038112351
2062,-2.366573492859735
2063,1.850820230051439
2064,-3.9827403968110207
2065,-3.4581561764673268
2066,0.7861919066674194
2067,-2.9777880246789254
2068,-0.5832162472593858
2069,-0.33984881086431495
2070,1.2098377590603906
2071,0.9545168564518118
2072,2.6601684338435967
2073,-1.1708354398441143
2074,-1.1752534819073939
2075,-1.4004165110047677
2076,0.645243196722114
2077,-4.1364307015552715
2078,-1.9081776664298966
2079,1.6423323682527542
2080,-2.606125470930408
2081,-5.710330203685647
2082,-1.6996415983055537
2083,-4.0832429869880515
2084,-0.7545825645303281
2085,-0.7721160685157386
2086,0.9683358933290827
2087,-4.527912348159088
2088,-6.291450863003392
2089,-2.908360202036041
2090,1.9612818666240628
2091,-0.1645399674517828
2092,0.11223030315555982
2093,9.194159266740716
2094,-1.8244585853430135
2095,-5.063668727444327
2096,0.7596901297020247
2097,-1.1792123347909511
2098,0.8676911268261609
2099,-4.324379192110131
2100,-3.9827403968110207
2101,-2.572613595127298
2102,-4.618252892050886
2103,-3.4609976303655516
2104,-2.627471808566499
2105,7.56703497063491
2106,-5.753082400816304
2107,4.89738946480475
2108,-0.20754578370554416
2109,-2.11652330176558
2110,1.0579405410181506
2111,3.23702041153877
2112,-1.1970574710753183
2113,-4.641805083398756
2114,5.375590088214021
2115,-1.2101703534249644
2116,-2.4300499270667464
2117,1.7744242177792182
2118,1.3780847318993286
2119,-3.69815351789307
2120,0.8596807400324398
2121,-0.9680836216457666
2122,7.014534024597188
2123,-2.162041603501331
2124,-3.388937788558475
2125,-3.70562737040531
2126,2.865639347249631
2127,-0.3893465854971457
2128,-3.2389045729227885
2129,-1.4487732036871743
2130,-1.942193195487638
2131,-5.305470586883748
2132,-2.665241378962736
2133,-4.057460668922332
2134,0.981846362968099
2135,0.2841066384968603
2136,-1.105537531962916
2137,-3.81725964785329
2138,-4.618252892050886
2139,1.2402635389853722
2140,-2.627471808566499
2141,-2.300630215496149
2142,-2.4009330459688476
2143,-2.8104646572766354
2144,-0.25114958715949554
2145,-5.6973923966456415
2146,0.07090059450025499
2147,-0.18131373700234255
2148,0.18839298285846517
2149,1.974606356705023
2150,-0.8534519068333409
2151,-0.17299176576976172
2152,-5.192953421908754
2153,-5.710330203685647
2154,-1.9122253040871404
2155,0.10268275079621669
2156,0.8469011658031262
2157,0.24619764984869058
2158,0.935497055963763
2159,2.317478083966367
2160,-1.6057402079035943
2161,-1.6786476515762812
2162,0.03154481203547821
2163,-3.1528963832238643
2164,18.7143538498794
2165,2.56928018823166
2166,2.050083158038718
2167,-1.397990960692722
2168,2.3571001371369404
2169,4.57766712778666
2170,1.6759497673985486
2171,-4.123193901665422
2172,-3.9827403968110207
2173,-3.336723137619584
2174,1.7809561491516508
2175,-2.3307985031967755
2176,7.35689039496042
2177,-3.9330923242974554
2178,3.720164929908792
2179,-2.8104646572766354
2180,1.8396891727138533
2181,15.697216976473058
2182,4.781903477405248
2183,-2.0694158874990913
2184,-1.188256342058298
2185,-1.7635141207032752
2186,1.1896651063973298
2187,-0.8616848876048421
2188,-5.192953421908754
2189,-5.710330203685647
2190,0.4504950729093413
2191,10.848027509654937
2192,-2.3139405329020093
2193,0.00849448288980776
2194,0.3899931578450164
2195,-4.527912348159088
2196,-6.291450863003392
2197,-0.32346161716577376
2198,0.9656822323429193
2199,5.068845122419072
2200,0.037913390483587654
2201,4.369022057438718
2202,-3.5523333781506876
2203,-3.361925489856899
2204,-2.4593363390475442
2205,-3.50150342048732
2206,1.4199824305853803
2207,-2.5909777950888047
2208,4.764640268926815
2209,0.14730660686157115
2210,-4.618252892050886
2211,7.375680488686111
2212,-0.5499341345450519
2213,-2.1110877522009823
2214,2.8775680039630793
2215,1.7546479547886251
2216,-2.765835660482615
2217,0.41420365221606026
2218,0.3463360714454965
2219,-2.0694158874990913
2220,-1.1970574710753183
2221,3.861410335854991
2222,-1.9081776664298966
2223,-0.46014862469312173
2224,-5.053875463888732
2225,1.4299151243950718
2226,-1.9122253040871404
2227,0.6822279581774922
2228,1.8333776194926603
2229,-0.35077098933290196
2230,2.300227444999626
2231,-1.3054057031472288
2232,0.5299403221279841
2233,2.0106735896183268
2234,4.080496689609371
2235,2.1300547893598805
2236,-4.151474802745991
2237,-1.9253772956427442
2238,-3.5523333781506876
2239,-0.8732361086296565
2240,-5.204726062652115
2241,-1.7059720405464405
2242,4.539985626648376
2243,6.914124438911351
2244,-2.7392805621863867
2245,-3.81725964785329
2246,-4.618252892050886
2247,1.1452810894871557
2248,-2.627471808566499
2249,-0.45082199507092785
2250,-5.753082400816304
2251,-2.742814801291577
2252,4.074248848076136
2253,3.975642329229145
2254,-1.098419982794299
2255,6.443725050272809
2256,-1.1970574710753183
2257,1.2130355757279725
2258,-2.225262344621259
2259,-3.399840518219457
2260,-0.3076469120733236
2261,-3.2188850187430367
2262,0.769856759621693
2263,5.0368150735615105
2264,5.290928543462669
2265,-0.4409117333363449
2266,1.9498052256958838
2267,-0.1078261073146427
2268,-6.291450863003392
2269,2.088847970190805
2270,-1.2160543143365312
2271,-0.09926830372896711
2272,0.6217258356917523
2273,-4.19756262426677
2274,1.4167209276682773
2275,-5.305470586883748
2276,-0.8162469140225743
2277,0.6722973940682925
2278,12.0465627276774
2279,-1.961641939119004
2280,-3.9827403968110207
2281,1.1251797306934936
2282,8.328174928444565
2283,1.320888257728995
2284,-2.3061973022893323
2285,1.3420642904533522
2286,3.367522151924761
2287,-2.8104646572766354
2288,9.058296547537328
2289,0.28117204146258756
2290,-1.5611529973012563
2291,-2.0694158874990913
2292,-1.1970574710753183
2293,-5.587103472465044
2294,-4.048908601627267
2295,-3.329340502892685
2296,-0.3053573132020263
2297,-0.08908629593401152
2298,1.9558701173716675
2299,-0.7764347075565182
2300,-0.16628847806403063
2301,-0.6332178294396177
2302,6.639002001565023
2303,-2.695764314292161
2304,-6.3668615548466745
2305,-2.6237444862667676
2306,0.6637717295408052
2307,-2.986805299173848
2308,-4.151474802745991
2309,6.17574118958804
2310,-0.7163778932124467
2311,3.595007134281063
2312,3.8320441240163516
2313,-1.603234824628589
2314,7.085426737528124
2315,-4.324379192110131
2316,0.09268408951800917
2317,-1.2577935220014824
2318,0.16862178351647084
2319,0.4809432990397049
2320,0.7159250744272945
2321,1.7294921261685896
2322,1.1903638805102421
2323,-1.8167137076151572
2324,0.6163127819488261
2325,-0.007050482801457036
2326,-0.9467814484844861
2327,1.9261555218931372
2328,1.152575686962391
2329,-4.455501701742051
2330,5.544213084736706
2331,-2.690226298792467
2332,-5.192953421908754
2333,-5.710330203685647
2334,0.9735267468049119
2335,-0.992810481301172
2336,0.20446649993413002
2337,-0.39821504029404503
2338,2.055343961823874
2339,-5.26787447346199
2340,-6.3668615548466745
2341,1.34705419717819
2342,-3.6389749493514056
2343,-0.4939666168368478
2344,-2.683840759539969
2345,-4.19756262426677
2346,0.5692545042836146
2347,-5.305470586883748
2348,-3.094309395360626
2349,-0.35414005285827554
2350,1.4746880678278722
2351,10.483399324062244
2352,1.3451929696637106
2353,-3.81725964785329
2354,-4.618252892050886
2355,3.2605327695515265
2356,3.861309744849468
2357,-1.8307469869225974
2358,-3.776838775655361
2359,-0.1593652579928268
2360,2.918290988622255
2361,-5.6973923966456415
2362,5.845138444781222
2363,-0.33309656880403793
2364,-1.1970574710753183
2365,0.013253113445195641
2366,-4.048908601627267
2367,1.6378656632047999
2368,-5.192953421908754
2369,0.7660392008977613
2370,-2.231692968778714
2371,-4.0832429869880515
2372,1.8981794500931888
2373,-1.0999537084254585
2374,-3.2256157617334917
2375,1.1944701732691205
2376,2.403795624161427
2377,-2.620185168173733
2378,4.2780334132831115
2379,2.4172626617374147
2380,-4.151474802745991
2381,1.0564228457578397
2382,-3.5523333781506876
2383,3.807678196393833
2384,-4.765728535199683
2385,-4.852817707331364
2386,-2.4409620541759303
2387,-2.543698591390611
2388,-0.7295885379489431
2389,-2.653620729707221
2390,-4.618252892050886
2391,-3.4609976303655516
2392,0.6221232450765424
2393,4.700360915203735
2394,3.6334982015221007
2395,-2.581079770985874
2396,0.7861787070055706
2397,-5.6973923966456415
2398,-1.5611529973012563
2399,0.5575966324278365
2400,-0.5218589427070702
2401,3.305445079550132
2402,-4.048908601627267
2403,1.4605538369393964
2404,9.661354346962565
2405,11.428971422187919
2406,0.4292870832080458
2407,2.2853905459373505
2408,1.946331933898384
2409,1.904972544855016
2410,-3.8255294603983443
2411,-5.143473606506761
2412,-6.3668615548466745
2413,-4.786146357167677
2414,4.343621368731947
2415,-2.874775822836854
2416,-1.7406640495382963
2417,-0.14434065672277185
2418,-2.3169952433487975
2419,-1.5161285539539975
2420,-2.6099606563377074
2421,0.41626509051323896
2422,-2.773486931637733
2423,-4.324379192110131
2424,-3.9827403968110207
2425,-0.5330502015594437
2426,1.931025346478318
2427,-3.4609976303655516
2428,3.765394734417724
2429,3.6030087800185107
2430,3.8090134776729303
2431,-2.8104646572766354
2432,3.7349714341163036
2433,4.5004519394759654
2434,-1.3351342728834246
2435,2.7777585563214187
2436,0.5381642242847375
2437,-6.787828967722099
2438,-4.090506266486328
2439,-5.339937499586525
2440,-5.192953421908754
2441,1.849738997419717
2442,-2.624729750148279
2443,-2.833664186692009
2444,10.694551024867778
2445,0.4996691250027615
2446,-4.096923864344789
2447,-5.26787447346199
2448,-3.093192938529884
2449,4.578242695253602
2450,2.1803792379834146
2451,0.8548968884222243
2452,-2.9672805388349146
2453,-4.19756262426677
2454,-0.6303253970853594
2455,5.892807529058712
2456,-0.41021585478691147
2457,-5.034288620631305
2458,1.0825784655822956
2459,-4.324379192110131
2460,-0.650007384943354
2461,-3.81725964785329
2462,-1.6900194233807149
2463,-4.461887707119566
2464,-1.106109006358881
2465,-3.9330923242974554
2466,5.260131900511114
2467,-0.04261040756500689
2468,-0.6468079800815532
2469,-5.6973923966456415
2470,5.663237620134067
2471,1.5175778872248733
2472,-0.4951286074621908
2473,-4.868897723084682
2474,-0.48052758221480074
2475,-1.9925700526943266
2476,4.084648135938749
2477,-2.6148214680034116
2478,1.3348734508300986
2479,12.103606637426328
2480,-1.0425596923864766
2481,-1.3377935036781712
2482,-3.907448151527204
2483,2.1926502916058834
2484,-6.787828967722099
2485,3.9396263693523754
2486,-3.1250811931833313
2487,-1.727885647622873
2488,-0.6881080227864578
2489,0.40524832950319944
2490,2.826425643981148
2491,1.8798402526024627
2492,-0.5987715228296899
2493,-4.7361986548951815
2494,8.95844691479936
2495,-4.324379192110131
2496,-3.9827403968110207
2497,-3.4499076581438928
2498,2.4807751689965607
2499,-4.461887707119566
2500,0.34408959623428337
2501,-3.9353634159239474
2502,7.133139667368788
2503,-2.8104646572766354
2504,1.69520264798076
2505,-4.271300173181791
2506,-0.7431770045793428
2507,2.343651611962735
2508,-1.1970574710753183
2509,-5.561973381329402
2510,-0.8517829750473326
2511,-3.47616858917183
2512,-5.192953421908754
2513,-5.3762161705932705
2514,-2.7149469262697083
2515,-4.0832429869880515
2516,4.76102306244207
2517,2.5488368827129766
2518,0.9499851909319876
2519,-1.2353966660584876
2520,-4.2100037343163805
2521,7.165214322551423
2522,0.4394532054396425
2523,-0.950279636359666
2524,-3.3267503691706
2525,1.9885072084574564
2526,0.21338251661172647
2527,-0.9931730628704157
2528,-2.4419219332536204
2529,-0.9642275258813015
2530,-2.773486931637733
2531,3.2672736061294976
2532,4.909937476718956
2533,0.9744729007711833
2534,1.9853845283400449
2535,2.5980261704347116
2536,2.056797944030311
2537,-2.030593719441522
2538,4.558149879221922
2539,-2.5938962505360466
2540,2.9271538489867694
2541,0.3133902873472061
2542,-0.6596640575859063
2543,-0.5305475858584952
2544,-1.2707950498197351
2545,-2.9028558696926514
2546,10.460833845277897
2547,-5.339937499586525
2548,1.2196760005749514
2549,0.6918350697591419
2550,3.167884608684046
2551,-2.343057563172198
2552,-2.450205181650626
2553,0.9722544405048739
2554,7.299689716100099
2555,1.0743951252784822
2556,-0.8445619693382986
2557,-1.1744677195266306
2558,2.340085768289554
2559,0.7428507703538565
2560,-4.151474802745991
2561,-1.1401799845728793
2562,-0.8748275308684574
2563,2.420300552436301
2564,-1.906781332650441
2565,-5.034288620631305
2566,-0.892678185438589
2567,1.0192817833426304
2568,-1.256420771770336
2569,0.7210935356724888
2570,4.8098584507312685
2571,-4.461887707119566
2572,-0.8542189570427641
2573,-0.84978336948909
2574,-1.2154039087073218
2575,-2.8104646572766354
2576,-2.3559188210605218
2577,-2.7568466487185286
2578,4.8168889745535655
2579,-0.3224446701150345
2580,3.0504309653364476
2581,0.8253805804499855
2582,1.4802725074847896
2583,-5.339937499586525
2584,0.42611350617605614
2585,-0.9182474724351573
2586,-2.7149469262697083
2587,2.4153456089216387
2588,-2.450205181650626
2589,-1.2597410508147189
2590,-4.096923864344789
2591,0.9611205442697557
2592,-7.236028032106466
2593,3.3227301877277955
2594,-0.2923150568856894
2595,1.6500398527025903
2596,-4.151474802745991
2597,3.1969558882260913
2598,-3.5523333781506876
2599,-5.305470586883748
2600,1.7994672661471653
2601,0.6735312400144806
2602,-2.773486931637733
2603,-3.8249607471561458
2604,0.21129923143863127
2605,-1.9215658456139932
2606,-4.618252892050886
2607,-2.607552024551451
2608,-3.0927849455715135
2609,-1.9952095128195375
2610,-1.3642868399577717
2611,1.7355431734728983
2612,-2.454528549010023
2613,-5.6973923966456415
2614,-0.911939983917206
2615,2.2992100079959954
2616,12.222643169578227
2617,-4.689988168366018
2618,0.9768277695734944
2619,-5.339937499586525
2620,-1.8168867586817181
2621,6.094921156023737
2622,-0.11320840365763307
2623,-0.1305916811990655
2624,-2.310318768918834
2625,1.7530495597383735
2626,0.03060927605058117
2627,-5.26787447346199
2628,0.5852378916875574
2629,-4.786146357167677
2630,5.592818653396644
2631,8.902550237285869
2632,0.002119568424489987
2633,6.014781853840949
2634,2.5934578119295804
2635,-5.305470586883748
2636,-5.232061777442747
2637,-0.08141055595164404
2638,3.0247301199697443
2639,4.6618458420863025
2640,-3.9827403968110207
2641,-1.2413529888826114
2642,-4.618252892050886
2643,7.521199669965563
2644,0.016192154877201936
2645,-1.9213336913195889
2646,1.9763172269485454
2647,0.5614246562369172
2648,1.7752718584429703
2649,-6.004327065164628
2650,-0.7064530827368917
2651,-2.2813795020769017
2652,0.491989008818398
2653,-1.880053537618398
2654,1.3950599814357383
2655,-3.3201980767496813
2656,7.412413651158904
2657,-5.632090470971009
2658,-2.677799518997438
2659,7.843867161434011
2660,0.23366128103147688
2661,1.4108437813329795
2662,9.376749507146911
2663,-5.26787447346199
2664,-0.7654550748617104
2665,0.9455629309484095
2666,-3.7418423570975055
2667,-2.4302502014427954
2668,4.903798373089412
2669,-0.2546688984829615
2670,-1.2292247586267075
2671,2.231359499612452
2672,-2.026179053453105
2673,-5.034288620631305
2674,1.6609257228497065
2675,0.19012145522709734
2676,-0.9672200203869759
2677,-3.81725964785329
2678,-2.730321019826208
2679,-2.8294286450816966
2680,3.0265152245456703
2681,7.174464584054687
2682,-5.753082400816304
2683,-0.9220709571049344
2684,-0.09048305143392232
2685,-6.004327065164628
2686,8.488357364168163
2687,2.1877764928938657
2688,-3.006801451051672
2689,-5.695233111962834
2690,3.4824731183515225
2691,-5.339937499586525
2692,-2.282372804741455
2693,2.1226780482636247
2694,0.43068875714827315
2695,-4.0832429869880515
2696,1.6603366786513956
2697,3.2000261745316214
2698,-1.4919134593440253
2699,-6.47243403505171
2700,-5.480352883350914
2701,-4.776817578412185
2702,2.8599321741956785
2703,0.726897610141737
2704,7.006080479265453
2705,-4.19756262426677
2706,-3.6480680555830545
2707,-5.305470586883748
2708,19.85957884603431
2709,-5.034288620631305
2710,0.3911188280464488
2711,3.605895410184657
2712,-3.9827403968110207
2713,-1.2192228953183104
2714,2.9184513242336774
2715,3.193257051511679
2716,0.7017411589096008
2717,-1.8839739492068328
2718,7.571948875937396
2719,4.1250858926918665
2720,-1.9894088973599682
2721,-2.4014547288322214
2722,0.011717950893943143
2723,0.36134803017181627
2724,1.5251459889459977
2725,-1.899270160444322
2726,-2.8094986043549435
2727,2.779591059791964
2728,5.57592367079482
2729,-5.710330203685647
2730,0.8363433218207617
2731,-2.2624155540003033
2732,8.025212420531442
2733,0.07715744011180693
2734,6.212331991436481
2735,-0.9460915657688689
2736,-0.30105003370845296
2737,1.8974315232805834
2738,4.088586408934566
2739,0.005583523498888909
2740,0.7271734208234715
2741,2.0393149194361833
2742,-3.6480680555830545
2743,0.54302404503511
2744,-5.232061777442747
2745,-1.0131506713453047
2746,-2.997827625844316
2747,2.6286386489500524
2748,2.8776694636025377
2749,-3.81725964785329
2750,5.1040652290367365
2751,-0.16714346892291587
2752,4.940442649584563
2753,3.11420988124051
2754,9.750391062512723
2755,-0.9881505445016623
2756,0.7507598510093634
2757,-3.5718189141820083
2758,-2.9623886387246694
2759,2.258583571242739
2760,2.890812765022595
2761,0.7108613544875935
2762,-4.090506266486328
2763,1.1188734879212319
2764,5.995383348089959
2765,-5.710330203685647
2766,-2.105354187972596
2767,-2.164774951839461
2768,-2.1014924356249773
2769,6.130990767895138
2770,-3.3457788060222895
2771,1.2498038493150343
2772,3.7119235348584105
2773,-1.295445241757154
2774,17.49150575186192
2775,-0.517999774617099
2776,-4.151474802745991
2777,-4.19756262426677
2778,-2.1199443147231354
2779,-3.39634199169571
2780,0.05328576976721422
2781,1.696845737314091
2782,5.27752436710509
2783,-0.8613552949737548
2784,0.4812518227729399
2785,-2.717594302263822
2786,2.343192623317629
2787,-0.8684137042233515
2788,1.2158775378781144
2789,8.535297155638032
2790,1.2449342824615164
2791,-2.8104646572766354
2792,-2.066119802647838
2793,0.8747203434993793
2794,2.4008935105227223
2795,-1.9010618865722448
2796,-3.006801451051672
2797,-6.3668615548466745
2798,-1.2633477485788718
2799,-2.9081710872365383
2800,-0.47369100802257
2801,-5.710330203685647
2802,5.218689852176112
2803,-0.622090589181153
2804,-4.007787926236285
2805,0.42129960426380686
2806,-3.6267514832694547
2807,-3.963894899605787
2808,-2.563882952560956
2809,0.7072739088653562
2810,-0.6338349669926213
2811,1.8279425513659606
2812,1.5166616339731038
2813,-0.3633035005222527
2814,-2.138514885170256
2815,2.0096272405258127
2816,4.753575958253852
2817,-2.9571790418986192
2818,5.182275747286692
2819,2.8933477529577143
2820,2.6370753910589033
2821,7.4856864330719155
2822,-4.618252892050886
2823,6.992420625796866
2824,-3.0927849455715135
2825,3.246344078989093
2826,-3.4521907789255524
2827,-0.1601667457038839
2828,0.8076067658613248
2829,0.29774704540061103
2830,4.5008428969925856
2831,0.7094121900905705
2832,-3.006801451051672
2833,5.077271057859674
2834,-0.7854641212253626
2835,-0.6717056178515887
2836,1.2800254618589584
2837,6.241183214319429
2838,-2.7149469262697083
2839,-0.5148356193343526
2840,-4.5324295682076
2841,-1.3377935036781712
2842,4.10005635138385
2843,1.2010884853883206
2844,5.321216699376427
2845,-4.786146357167677
2846,5.300886231740473
2847,-3.466745161648213
2848,2.457188053023942
2849,7.095110372658662
2850,-3.6480680555830545
2851,-2.865666670600055
2852,1.6917401729567105
2853,1.8538288957768398
2854,-0.07398558641961839
2855,-4.324379192110131
2856,5.4252443789526446
2857,3.6679729858036865
2858,7.510717678973148
2859,-4.461887707119566
2860,4.120751061580368
2861,1.9211182639588495
2862,-5.753082400816304
2863,-2.8104646572766354
2864,5.135167432680859
2865,1.7286711847302727
2866,1.9401858931815414
2867,-1.1165443219770526
2868,0.20334579108563766
2869,-4.5121738822180895
2870,4.7135072904584465
2871,-3.66774994954095
2872,5.841886058538089
2873,-1.7850515497533501
2874,0.3142370730583939
2875,-4.0832429869880515
2876,-4.5324295682076
2877,6.035782595954653
2878,-0.2036634427359677
2879,6.058015791851537
2880,-7.236028032106466
2881,-1.0823296665843376
2882,5.028500003512078
2883,0.2639497518122679
2884,-1.6082371042453754
2885,-4.19756262426677
2886,-2.4808142133560227
2887,-5.27813869651334
2888,-2.1882265177274243
2889,5.20794922507701
2890,1.185233308684373
2891,-4.324379192110131
2892,-0.9621422036278788
2893,-3.81725964785329
2894,3.606413317528641
2895,-2.5121034645119393
2896,-3.0927849455715135
2897,-3.9353634159239474
2898,5.2858373044785525
2899,-0.9465518433744456
2900,4.363666592364305
2901,0.4202518301620827
2902,-3.2174961141470817
2903,-2.2813795020769017
2904,-3.006801451051672
2905,-0.9819806484950133
2906,13.733446614818465
2907,-5.339937499586525
2908,-0.5730156416874778
2909,3.4301811416428745
2910,-2.7149469262697083
2911,-4.0832429869880515
2912,-4.5324295682076
2913,1.7629621646299007
2914,-4.096923864344789
2915,-3.2381821179889103
2916,4.04433326616744
2917,-0.17482050382582637
2918,-2.3440155957126305
2919,0.9501371365865059
2920,-1.0220597105234723
2921,3.3329292304329203
2922,2.4708348232042785
2923,0.8271701472646653
2924,-5.338694266930965
2925,-2.316794870579139
2926,8.562626526093927
2927,-4.324379192110131
2928,-3.9827403968110207
2929,-2.81598842000576
2930,-4.618252892050886
2931,-1.3541094646262022
2932,5.809552645930944
2933,-3.9353634159239474
2934,2.967877451628504
2935,-1.6776488996738959
2936,5.630025243985186
2937,-2.5307279456590615
2938,2.60120898072834
2939,2.3094506468551517
2940,-3.006801451051672
2941,-6.3668615548466745
2942,1.9935725240973303
2943,-1.8299383119999977
2944,6.224048944380907
2945,-5.710330203685647
2946,2.9012985180493533
2947,-4.0832429869880515
2948,5.8123907257686405
2949,-1.3377935036781712
2950,-3.224726588308825
2951,-6.570477214157244
2952,-4.9123705344795585
2953,-4.786146357167677
2954,2.171100817895274
2955,4.615964386579737
2956,3.353513181133761
2957,1.7348293631095921
2958,-2.928184483411963
2959,-5.725834537900859
2960,4.474366122091177
2961,-4.976132875370007
2962,-3.7911322867817536
2963,1.7501618760319833
2964,-2.5536841253782057
2965,-3.81725964785329
2966,3.8298318886171723
2967,2.077864700819708
2968,0.8809192445959835
2969,4.6141202422528425
2970,2.4315494145969963
2971,-2.8104646572766354
2972,7.783311836511901
2973,-6.004327065164628
2974,-0.5444088293237381
2975,2.542944623622496
2976,-0.006290055672086292
2977,-6.412243778171396
2978,-3.997418300111467
2979,-1.1371779487317248
2980,-5.192953421908754
2981,6.663558689123747
2982,9.03360956185814
2983,-4.0832429869880515
2984,1.1343609941175208
2985,-2.6764122467077853
2986,-4.175790102479858
2987,-3.385090694891423
2988,0.2447976518269428
2989,-0.7443852912255516
2990,4.639250915982895
2991,4.284439250124383
2992,-4.151474802745991
2993,6.859112167405654
2994,-0.09678192361767435
2995,0.5592891310257295
2996,1.544929219668941
2997,-5.034288620631305
2998,-3.7911322867817536
2999,-4.324379192110131
3000,-1.1034900800417895
3001,-3.81725964785329
3002,1.9496011461055907
3003,0.9932386159975417
3004,-3.0927849455715135
3005,-3.9778114826150994
3006,-5.753082400816304
3007,-2.018726568424057
3008,2.3827301161211136
3009,-1.3326697125402405
3010,-1.0970455228689135
3011,8.08140324461995
3012,2.9765421422669824
3013,1.1903523220662398
3014,-1.6135839573609616
3015,-5.339937499586525
3016,1.6160143791309074
3017,-2.4673878209979905
3018,8.525348596568499
3019,-1.2739173526414667
3020,-2.185935134718965
3021,-2.248284777884352
3022,0.8212099328573569
3023,-3.3052979981857495
3024,-7.205829416865361
3025,-0.16077175421333506
3026,-0.30424215454119397
3027,-3.0257815843181466
3028,-4.151474802745991
3029,-5.989506688874743
3030,4.5504925759797485
3031,3.7998351377954656
3032,-1.537153522098929
3033,-5.034288620631305
3034,-1.3631433097781587
3035,-0.5146330601626179
3036,-3.1651356422989103
3037,-0.6393682629902597
3038,3.114509598703137
3039,-4.461887707119566
3040,-3.9019392547033145
3041,-1.5270750962006128
3042,5.371663660558739
3043,-2.8104646572766354
3044,-2.765835660482615
3045,-6.004327065164628
3046,-1.9237036449573715
3047,0.613785530373867
3048,0.6243285842441226
3049,0.06155798395464185
3050,-4.090506266486328
3051,0.2696661495042607
3052,-5.684303410439254
3053,-4.667333517684493
3054,3.2172162954472645
3055,-4.0832429869880515
3056,-4.5324295682076
3057,-0.23266505588472564
3058,-3.415762075835926
3059,1.6221010171387604
3060,7.138756243938808
3061,-3.5448913229068086
3062,-0.6288683740063353
3063,-3.466745161648213
3064,-2.3372217840802025
3065,0.6535492679854684
3066,-3.6406300993845013
3067,-3.652206383687321
3068,1.6149376503378048
3069,-1.0425575429071134
3070,-3.7911322867817536
3071,-0.4262560461186373
3072,-3.9827403968110207
3073,-5.398737482134363
3074,-2.4944975251140735
3075,-4.461887707119566
3076,-1.9136712999241325
3077,-3.9778114826150994
3078,6.55335070292447
3079,-2.8104646572766354
3080,-1.9556072371129205
3081,-6.004327065164628
3082,-0.2641240072613984
3083,4.884936178314097
3084,0.0708966366644459
3085,0.5557792084030323
3086,-0.13127666839774343
3087,-2.604612949215935
3088,-1.7632237144276908
3089,-2.4259712049682944
3090,-2.7149469262697083
3091,-0.9741929132667069
3092,-2.8867555872973356
3093,-2.6764122467077853
3094,4.132920141109708
3095,1.873682003244065
3096,6.011603092726549
3097,-2.658460995702298
3098,8.994110796592768
3099,5.7582736916314765
3100,-2.065707084371867
3101,-6.098819303922929
3102,8.87286886567715
3103,-5.725834537900859
3104,-0.9653852868377512
3105,-3.373486566579887
3106,3.184785317267857
3107,0.3252015176731202
3108,-4.039919276487854
3109,-7.187584617064619
3110,4.901165250475344
3111,7.295226086071304
3112,1.1818555339400414
3113,24.21923557979399
3114,4.616915642917011
3115,-2.552757679304299
3116,-2.765835660482615
3117,-6.004327065164628
3118,5.278614443714692
3119,0.5453757381778064
3120,0.2481088380741039
3121,-6.412243778171396
3122,-4.090506266486328
3123,0.7208107807949737
3124,6.24521110554171
3125,0.2799730245415062
3126,2.325983235099785
3127,2.879020941291763
3128,-3.432989106431702
3129,0.9167459027334813
3130,-0.011907612204419937
3131,-6.570477214157244
3132,-7.4671897226633295
3133,-1.080312043937007
3134,5.606029844308605
3135,-2.8735511936437135
3136,5.907241789049721
3137,-6.098819303922929
3138,1.9587708309027123
3139,-2.041740265108193
3140,-5.338694266930965
3141,0.5962878696746521
3142,1.0752106463323885
3143,15.334420932260201
3144,0.1222727705160358
3145,-7.187584617064619
3146,-5.17227479487433
3147,-4.461887707119566
3148,1.813571566130431
3149,-3.9778114826150994
3150,3.4765281601165405
3151,5.794258440215978
3152,4.017859083134598
3153,2.252357281711792
3154,-3.2989248103924527
3155,-1.6089674879500526
3156,8.606957938123061
3157,3.978288353056123
3158,-3.4271122773506275
3159,3.318299110966624
3160,-0.30162254668732075
3161,-1.1811716377255292
3162,4.037473644079984
3163,-1.5919056317571063
3164,-0.49321104857082165
3165,1.0224317484483887
3166,9.747385060135105
3167,-6.570477214157244
3168,-2.5824277793626607
3169,7.247268521308232
3170,-3.7418423570975055
3171,-0.11835882913926776
3172,0.4380834588219785
3173,-6.098819303922929
3174,-3.625756955189143
3175,-5.725834537900859
3176,-2.6541668793004427
3177,-2.9172969964017557
3178,5.617586963445837
3179,-4.324379192110131
3180,-3.415694603509155
3181,15.9337525055011
3182,-5.17227479487433
3183,1.0220873531870778
3184,-3.9019392547033145
3185,4.390289932453176
3186,-2.62486448521652
3187,4.24863912235342
3188,-1.3470877500849336
3189,1.3900574683485016
3190,7.662745819955742
3191,7.085382632890416
3192,-3.006801451051672
3193,-0.15301940074463638
3194,0.5273200520585977
3195,-1.0102515009235336
3196,0.037487755047693305
3197,-4.766860434141778
3198,-2.7149469262697083
3199,-2.551880801075831
3200,-2.3031156233612435
3201,5.351246735000809
3202,2.1019516166769767
3203,-4.273012689410155
3204,7.779006785406985
3205,-5.621844046510855
3206,0.35060698910463106
3207,-1.4452925479705154
3208,-4.151474802745991
3209,5.404711480217162
3210,-3.6480680555830545
3211,4.4396558718440895
3212,3.687539556778466
3213,2.076089893301277
3214,-3.7911322867817536
3215,-4.324379192110131
3216,-4.034310834169647
3217,0.05655900242456857
3218,-3.043619706579377
3219,-3.3391823710637247
3220,0.048839497483797345
3221,-3.9778114826150994
3222,-5.753082400816304
3223,-0.5646636610300477
3224,0.06265130225867255
3225,-1.5987994190424568
3226,-1.6751320994825742
3227,2.238908995174806
3228,1.7888614680780468
3229,-5.785478042257597
3230,-3.289694604919565
3231,-5.339937499586525
3232,1.6713285973701761
3233,-1.6756877745810559
3234,5.737831390472793
3235,0.36930524370352935
3236,-1.2509087015937155
3237,0.2579026054055262
3238,-3.499493507863198
3239,3.581892670089796
3240,-1.9946526581462103
3241,2.5174171654323696
3242,-1.8517164982323715
3243,-3.466745161648213
3244,-0.8876546781082615
3245,-6.325462958180988
3246,-3.6480680555830545
3247,-1.2045306693726299
3248,-1.3559584136318845
3249,-0.7783637426011456
3250,-3.5477949493599525
3251,-4.324379192110131
3252,7.440065309545959
3253,-3.1609069791554916
3254,5.887798580602652
3255,4.756888992899939
3256,-1.3324809807113938
3257,0.814183786322048
3258,-5.753082400816304
3259,-2.8104646572766354
3260,-1.0441991162529907
3261,-6.004327065164628
3262,-3.2989248103924527
3263,-0.04630455458827765
3264,1.0084022155188035
3265,8.383980773772807
3266,-2.977854541194558
3267,0.19443643622298656
3268,0.9959706906860109
3269,-0.7345802059066094
3270,-2.7149469262697083
3271,-3.2306729289455953
3272,7.371210964842787
3273,-2.6764122467077853
3274,1.6379713745519313
3275,-0.1517631096750176
3276,-0.9494760645277407
3277,10.713571471544292
3278,7.116252465827948
3279,-3.466745161648213
3280,-3.6718297821894486
3281,-2.261014667067138
3282,-3.6480680555830545
3283,-5.725834537900859
3284,-4.5699892847270265
3285,-2.1493509877853905
3286,1.9202841317602433
3287,0.38343619124494555
3288,-2.1147043338239127
3289,-7.187584617064619
3290,3.8691591190074
3291,3.496805525205805
3292,-3.9019392547033145
3293,-3.9778114826150994
3294,-5.753082400816304
3295,3.1498987609532394
3296,7.794970292734527
3297,0.07058749418199617
3298,1.0067154303395247
3299,-2.2813795020769017
3300,2.0651527799399934
3301,-6.412243778171396
3302,0.6837429473303616
3303,-0.6553806153861483
3304,-2.1331718285370975
3305,-5.710330203685647
3306,0.2577458783042681
3307,-0.9756858590253863
3308,2.1780811097785495
3309,0.2917152640850418
3310,1.3702724833387476
3311,-1.2936715288476157
3312,12.01785861992367
3313,-5.621844046510855
3314,-3.7418423570975055
3315,-3.466745161648213
3316,3.605947374976475
3317,5.412805138412132
3318,-1.393172452100947
3319,4.551935144635011
3320,-5.613276090474521
3321,-3.1394249590398258
3322,0.3100314013598564
3323,0.6213274455854114
3324,3.3144434655807737
3325,2.6313208473399916
3326,3.0852635627511815
3327,-2.336463515283163
3328,0.5996400405431892
3329,-3.9778114826150994
3330,5.053830262589916
3331,-2.747892699849075
3332,0.22062997345944257
3333,-3.346770441432266
3334,-2.47020705026849
3335,-0.47504356495204014
3336,7.516028280017329
3337,-4.799892251236376
3338,-4.090506266486328
3339,-2.204237068912384
3340,1.5718250279357506
3341,-3.0567829940566345
3342,-0.65163264206878
3343,-1.0130700344139854
3344,-4.5324295682076
3345,-1.3855083471274519
3346,-4.175790102479858
3347,0.912740386198462
3348,-7.4671897226633295
3349,-4.718110863603939
3350,-3.7418423570975055
3351,4.118193393540693
3352,-2.1971838700342334
3353,0.4809086719829323
3354,-3.6480680555830545
3355,0.7086835396387186
3356,-0.3877808988527367
3357,-3.975030093875721
3358,2.7912583287819537
3359,1.0183894967889995
3360,2.9271964880833776
3361,-7.187584617064619
3362,1.264866271452918
3363,7.232317234554962
3364,-0.04423854771585667
3365,-3.486684939965002
3366,6.934818273211396
3367,3.693866572017948
3368,-2.694119533010327
3369,-6.007799022923829
3370,-3.2989248103924527
3371,-2.2813795020769017
3372,-3.006801451051672
3373,2.91306994429055
3374,1.5746149624009722
3375,-2.2314295260051
3376,-4.67127220774437
3377,0.060305190420849364
3378,-2.7149469262697083
3379,1.799295397805654
3380,-4.5324295682076
3381,6.187848698111946
3382,-1.8652892289442693
3383,-6.4058458367814435
3384,1.1404978019653456
3385,6.238176402611139
3386,0.06803960532274012
3387,3.5131342769127887
3388,-3.3228507452837275
3389,5.665030126529613
3390,-3.6480680555830545
3391,-3.044818434704907
3392,-5.319560339460112
3393,0.4072815966260346
3394,11.017403972643766
3395,9.660493702609964
3396,1.797553306183017
3397,-3.0042263482890865
3398,0.1798084488768338
3399,-3.8714561043234563
3400,-0.5340824140127616
3401,0.29204833233146665
3402,-5.596200570221326
3403,-1.8912413329812487
3404,1.6482151171891606
3405,-3.0822852734737336
3406,-3.2989248103924527
3407,0.013669844248494378
3408,0.9752584668912659
3409,-6.412243778171396
3410,-1.9735259688306972
3411,-0.6897578768385195
3412,2.456752846320871
3413,0.8676599851322808
3414,3.1072367143434136
3415,-1.6829159792049135
3416,2.568335780773945
3417,2.3931226660195017
3418,1.954672681480803
3419,-6.570477214157244
3420,0.22705201102028516
3421,-4.110417703952365
3422,-0.007021106058686222
3423,-0.9423744285700868
3424,-1.6027648029837107
3425,1.5967722428639761
3426,-0.34300826125210226
3427,-5.725834537900859
3428,-5.1013456984741445
3429,-2.3883457728157413
3430,-2.7783678198989517
3431,9.452015572842502
3432,4.692484519735748
3433,-7.187584617064619
3434,6.59589554453915
3435,-4.461887707119566
3436,0.5917699104807239
3437,3.4556371852086682
3438,3.7472756977526687
3439,2.1998368169953086
3440,6.151759587621195
3441,3.4545417213765344
3442,-3.2989248103924527
3443,0.09310569103396693
3444,1.2633425932899986
3445,-1.3066038241345939
3446,-1.016377035921775
3447,-4.48057267404221
3448,-5.684303410439254
3449,0.8356356104015978
3450,-2.3130132513827606
3451,-2.911902137164511
3452,5.669460254903115
3453,-2.6764122467077853
3454,-3.4785733488761226
3455,-4.598475538564313
3456,-0.9578122074807416
3457,5.450190768364905
3458,5.835495795725308
3459,-2.4745319014508866
3460,-0.9412884951887377
3461,-0.6911345884963431
3462,-0.4073457515090366
3463,-3.1169586936953815
3464,0.9368042277625093
3465,-4.548667428233098
3466,-3.7911322867817536
3467,-4.324379192110131
3468,-2.6635158015147624
3469,1.9015100011518813
3470,-0.06484951621715807
3471,4.4629761945097375
3472,-3.780433167797832
3473,2.2805417456900217
3474,1.133565454666043
3475,0.5383530057840291
3476,-2.765835660482615
3477,-6.007799022923829
3478,-3.2989248103924527
3479,-2.2813795020769017
3480,0.20138742793318756
3481,4.062282765729948
3482,1.1377339655265373
3483,2.4611983143011638
3484,-3.393300662179392
3485,-0.9971355743326065
3486,2.8637105594132826
3487,-5.095877754129727
3488,-1.1927741477091272
3489,-2.6764122467077853
3490,4.463348350412799
3491,3.7206412501522923
3492,-0.972930852766348
3493,7.490784538437675
3494,3.4681584110434436
3495,-0.8658024456897149
3496,5.177868259324869
3497,-4.484789648674453
3498,-3.6480680555830545
3499,0.40292412865528693
3500,-5.613276090474521
3501,-2.6866751887153684
3502,-3.7911322867817536
3503,2.460535607902642
3504,-4.039919276487854
3505,-3.3861554898759216
3506,-1.6576576124556528
3507,2.1046881890825566
3508,1.550740146515702
3509,0.038589731306665695
3510,8.174046204942652
3511,0.7674557560756616
3512,-2.765835660482615
3513,-6.007799022923829
3514,-3.2989248103924527
3515,-2.2813795020769017
3516,-3.006801451051672
3517,-6.412243778171396
3518,1.5636436933207591
3519,0.9562332237084714
3520,-2.000501209372972
3521,-5.710330203685647
3522,0.8616481920677748
3523,0.8650827994950481
3524,-1.9445949778080327
3525,-2.1316761072354353
3526,1.2972893317086642
3527,0.31904557977641973
3528,10.122086701404303
3529,6.141760300172461
3530,4.961782798031876
3531,-3.466745161648213
3532,0.19646435169808218
3533,3.8978112980700685
3534,-2.18257511312293
3535,-4.42299929607036
3536,1.3533317939352154
3537,-3.1826928843820967
3538,2.167969817663559
3539,0.7582966158424109
3540,2.76441246512777
3541,-6.523681175430411
3542,0.9605353231763869
3543,-4.592305650512804
3544,-3.9019392547033145
3545,0.7318977041410784
3546,6.322349409226767
3547,3.7016252147646176
3548,3.742192259247142
3549,2.910741547692633
3550,2.9477529880876054
3551,-2.2813795020769017
3552,-3.7800136452201185
3553,-4.1758924497456515
3554,1.6028130881398293
3555,-5.339937499586525
3556,-5.684303410439254
3557,0.4207065429944272
3558,-2.7149469262697083
3559,9.074635093908668
3560,-4.5324295682076
3561,0.8255894078732985
3562,-4.175790102479858
3563,-6.0852803287657835
3564,-7.4671897226633295
3565,1.1253774063667585
3566,3.6150920894974656
3567,-3.100263543350616
3568,3.4953693455865524
3569,-6.325462958180988
3570,-1.2080358442896282
3571,2.3090611323007173
3572,-5.613276090474521
3573,-2.2003032991942977
3574,-1.817186314146755
3575,-2.3896181403735666
3576,-2.2990049765432
3577,-2.1193120705618416
3578,4.24882008702882
3579,-1.67474499435311
3580,-3.9019392547033145
3581,3.3430377979965797
3582,-0.6060421924815875
3583,1.1232532405276612
3584,-2.765835660482615
3585,-5.276241807699127
3586,-0.2874139024799526
3587,-2.2380958358509555
3588,-0.675192464454094
3589,-4.962899854964856
3590,-0.7001864184947336
3591,-4.089240740171905
3592,0.6271710103471426
3593,-1.028462624397942
3594,-1.557631607844045
3595,2.329805918811854
3596,-3.914602167436977
3597,-0.5643163302549866
3598,5.10667294676795
3599,4.06407918697
3600,4.215655957129878
3601,-5.621844046510855
3602,-3.7418423570975055
3603,-2.6111418344751502
3604,-0.7717304727334284
3605,-6.325462958180988
3606,-0.6189185438631764
3607,-4.102233268124689
3608,-1.2942891694970342
3609,8.665230939443761
3610,1.1359814960582093
3611,-1.8956604995817727
3612,-1.3787642343185034
3613,3.696254446367741
3614,-5.17227479487433
3615,-4.203784926303909
3616,-3.9019392547033145
3617,-0.5146046979691062
3618,5.452689876317239
3619,0.9739774899985363
3620,15.115706098997697
3621,1.4401692325549238
3622,-4.168483351338987
3623,2.27047670048964
3624,-3.7800136452201185
3625,0.6669230989411278
3626,-2.0072772126403158
3627,-5.339937499586525
3628,-2.123458043921507
3629,-5.710330203685647
3630,2.9835332000977575
3631,-5.233833030990463
3632,-0.0023750737493015706
3633,0.09111015381224208
3634,-4.175790102479858
3635,0.5904941468584
3636,-0.7191509553906972
3637,5.880517399477855
3638,0.41932007746150834
3639,-2.7719595021777117
3640,5.05022944404915
3641,1.5409006245087808
3642,0.8172629847124202
3643,-0.3154288570261944
3644,5.998910181849185
3645,-0.14381917015869267
3646,2.3373964929625957
3647,-4.324379192110131
3648,0.9906416353481315
3649,-7.187584617064619
3650,1.353930790998491
3651,1.2247179759844997
3652,-3.9019392547033145
3653,-1.2722407368025606
3654,5.338840879959367
3655,-2.443168652586907
3656,2.005129746386845
3657,-4.659809310890015
3658,-3.116564318440081
3659,-2.2813795020769017
3660,5.993372377397069
3661,0.6805566478244773
3662,-4.09295350879345
3663,-1.8755782273570136
3664,-0.8673115518264205
3665,-3.286717214120646
3666,-2.9033641973163515
3667,2.944990515251179
3668,-4.5324295682076
3669,13.013436738171539
3670,0.4854356834587512
3671,-3.707382291669528
3672,-7.4671897226633295
3673,0.6698889497389495
3674,1.2268912337107638
3675,-2.8700576414312273
3676,-0.3287859431661074
3677,-1.537931951369469
3678,-3.6480680555830545
3679,-1.287732727357033
3680,-5.613276090474521
3681,-1.3851683887027848
3682,7.088428664056559
3683,4.574466643332105
3684,-0.8231493407452056
3685,-0.9099726983149703
3686,2.4318629084936925
3687,2.0337629955303465
3688,-4.191942540115045
3689,4.490749581548956
3690,3.2712301001365893
3691,-2.8104646572766354
3692,3.009236112638935
3693,-0.7515754555520738
3694,-4.168483351338987
3695,-0.4703469304565837
3696,0.497289362947371
3697,4.268304115603879
3698,14.487277626787519
3699,-1.7177506132712925
3700,0.26518643321412616
3701,-0.26378160618969776
3702,3.626965064356542
3703,5.205131132512674
3704,-4.591313504395902
3705,-2.458877471575698
3706,-4.175790102479858
3707,-1.9489698572475689
3708,-7.4671897226633295
3709,-5.621844046510855
3710,-3.7418423570975055
3711,-3.466745161648213
3712,-4.060190068136324
3713,1.3501929339737384
3714,-0.9564505919058415
3715,-1.2114108870954117
3716,-4.7393224988319
3717,1.7618891119801523
3718,-1.136795689889929
3719,6.439245420799695
3720,8.14800867526721
3721,-7.187584617064619
3722,-5.196457671913129
3723,-5.2851756041770654
3724,-4.191942540115045
3725,-3.9741776680673047
3726,4.402882869856325
3727,0.8950641138993644
3728,-0.4499649303158182
3729,-3.6832130718250724
3730,-4.49386519484608
3731,-1.143036162189078
3732,-3.7800136452201185
3733,1.0937338019688938
3734,-0.6595744966455023
3735,-6.087790920104414
3736,-5.089966039241209
3737,-5.710330203685647
3738,-3.3115096681037417
3739,5.545624968938792
3740,7.731553639896516
3741,1.355657910760976
3742,10.34003107136499
3743,4.453520596095322
3744,-7.4671897226633295
3745,6.253652159899205
3746,3.898154398021978
3747,-3.3843300168009476
3748,-2.982956925967168
3749,7.875614696220524
3750,0.2636181003587086
3751,-0.1331664631982045
3752,-2.3238733272170187
3753,-4.961249896262023
3754,-3.7911322867817536
3755,2.678293066543542
3756,-4.039919276487854
3757,-3.8600368498026794
3758,-4.942432085503167
3759,-2.4819608683240473
3760,-4.191942540115045
3761,-2.7434015926179653
3762,-4.36579901275992
3763,4.870582535362886
3764,1.0012465456989186
3765,-4.642885844736647
3766,-4.49386519484608
3767,-2.2112129990565337
3768,-2.376071733600338
3769,-1.2916366654444231
3770,-4.09295350879345
3771,-1.0853993785799467
3772,-5.572967898860647
3773,-5.710330203685647
3774,-3.3115096681037417
3775,0.03833221666828801
3776,-1.198366321465887
3777,0.14194626647603203
3778,-4.175790102479858
3779,-3.9768536811585067
3780,-1.4182461799673258
3781,-5.621844046510855
3782,11.251457067976427
3783,-0.36675144186335334
3784,-0.18051848848472052
3785,5.068364195552712
3786,2.302606039204038
3787,-1.5072920124103697
3788,4.71016527119104
3789,0.8275354121338014
3790,2.7547774171243034
3791,0.06579716985441397
3792,-3.205772351209155
3793,0.5348494441780296
3794,1.499125056146042
3795,-5.2851756041770654
3796,1.895764307942645
3797,-3.8098205260928566
3798,-5.753082400816304
3799,1.5759016644855064
3800,-1.1248104094977784
3801,-6.007799022923829
3802,-4.49386519484608
3803,0.49297349577669447
3804,-2.067973678142242
3805,2.140119509018761
3806,6.593332884018349
3807,-6.235857055882429
3808,-0.40790226711832545
3809,3.3298408912736996
3810,3.5047162481883016
3811,7.001463337656926
3812,4.869515655558625
3813,-0.23964371041881494
3814,-4.646428422223414
3815,-0.9597070047113622
3816,-7.4671897226633295
3817,6.631944966160091
3818,-3.069624705239323
3819,-3.466745161648213
3820,2.8884107691383454
3821,-6.325462958180988
3822,5.26239047867348
3823,-5.83564102591014
3824,-5.1458695717882685
3825,-2.0782680151755826
3826,-3.7911322867817536
3827,-3.7216097752297053
3828,1.7542382471772187
3829,-2.9755499581416105
3830,-0.04461984515396106
3831,-5.338330235913034
3832,-2.117392823302777
3833,-1.1627156522312156
3834,-5.753082400816304
3835,-1.3715454120754018
3836,2.953237406312822
3837,-4.1423244695737855
3838,4.7919913829629355
3839,3.5260979982556515
3840,0.601251083133734
3841,0.6901700350719301
3842,0.0001683748251637418
3843,-1.5969173542303037
3844,-6.407524321322993
3845,0.3025570815198789
3846,-2.5650253022993246
3847,-5.368157381920337
3848,5.850622129939422
3849,3.179428151600331
3850,-3.70417197913455
3851,-0.6964550084345846
3852,-7.196296524801449
3853,2.309873064996465
3854,-3.7418423570975055
3855,6.7342925828486875
3856,0.1380722055648027
3857,-6.325462958180988
3858,3.8627336261048852
3859,6.845260068327792
3860,5.121011820856329
3861,-2.4246940582001266
3862,-1.3869917972245165
3863,1.4712105148860344
3864,4.65685394200728
3865,-3.0926000671025125
3866,-3.973614724571245
3867,-3.404628525356747
3868,-0.3995294676415866
3869,-3.540868820690722
3870,-5.753082400816304
3871,1.3464004646870045
3872,7.742492616865643
3873,4.691630790071158
3874,-3.115491344108613
3875,7.542528603313894
3876,-0.7528864497658851
3877,-0.7460606417222442
3878,1.4367798811667851
3879,-6.235857055882429
3880,-1.1370896018533656
3881,-0.9741474644718169
3882,0.883281149071177
3883,0.1199345036983992
3884,0.27085101995054917
3885,-2.322215135222382
3886,3.66379260357641
3887,-4.341000602398181
3888,7.364358208192101
3889,9.776444823962645
3890,2.0592731990703816
3891,-2.997257655871741
3892,9.299588919450676
3893,-6.260934036008715
3894,4.950759985503154
3895,-3.610264378967738
3896,1.6018543397389196
3897,-1.559641759244485
3898,3.4303988861923815
3899,0.06678562338762162
3900,-4.039919276487854
3901,-4.764282662241942
3902,-5.196457671913129
3903,-2.9890576117872967
3904,-2.209971737162376
3905,-3.9778114826150994
3906,0.48185615898689793
3907,-1.417380694895301
3908,-2.765835660482615
3909,-3.781242862985118
3910,-4.49386519484608
3911,6.302241221581925
3912,-3.7800136452201185
3913,-7.540557658927713
3914,-4.09295350879345
3915,5.557235580020541
3916,-6.407524321322993
3917,0.7926557793542472
3918,-3.3115096681037417
3919,-4.541401001781379
3920,-2.058746645134063
3921,-1.0508873703324129
3922,-4.646428422223414
3923,-4.49597314789073
3924,-7.540557658927713
3925,-5.621844046510855
3926,2.228420063197804
3927,-0.5454601110422485
3928,-4.151474802745991
3929,1.5630222888060414
3930,-3.6480680555830545
3931,-6.385816164757173
3932,5.500192780707388
3933,0.7873923278103874
3934,10.700694115412253
3935,0.5795154907868918
3936,-2.5060401425531555
3937,2.6970390052576647
3938,-5.248743381530167
3939,6.953460583698572
3940,-4.191942540115045
3941,1.9843433054083404
3942,2.6437168783317886
3943,0.06775350914713907
3944,-2.765835660482615
3945,0.2820173524295182
3946,-0.9351519979819131
3947,-2.281973633158537
3948,3.6708437385108956
3949,6.096029774572805
3950,-4.09295350879345
3951,0.23162158078933526
3952,4.0989117599499005
3953,-1.7378150775181265
3954,2.6089105042711154
3955,7.350620875453933
3956,5.606681252331576
3957,-1.53582028386972
3958,-5.891924588152925
3959,-6.570477214157244
3960,-1.7424075916558257
3961,6.358551893361313
3962,2.7077469771116367
3963,-3.220684746798935
3964,-0.9589419635606873
3965,-6.325462958180988
3966,-3.6480680555830545
3967,-6.385816164757173
3968,-0.5579855473199204
3969,-5.034288620631305
3970,-3.698145209671096
3971,-4.324379192110131
3972,-3.2936993380230546
3973,-7.187584617064619
3974,-5.248743381530167
3975,-3.190426146165224
3976,-4.191942540115045
3977,0.347551213091179
3978,2.1834058376434933
3979,-2.6298280674847008
3980,1.0794970764161165
3981,-5.626358667467246
3982,1.8032017726167635
3983,-1.0727583814855821
3984,-0.4333995009147067
3985,-7.602994308575838
3986,-4.09295350879345
3987,0.40485946579244336
3988,-1.5010380589024523
3989,-7.1214863885880035
3990,-3.3115096681037417
3991,10.783434206720083
3992,2.6446017984317445
3993,0.5551981013087289
3994,-5.356895129147448
3995,1.309162958880098
3996,3.9983575617820075
3997,-0.6998905558386135
3998,5.276695639987647
3999,-0.7487863520167886
4000,3.512790465868798
4001,3.0838332715722765
4002,-3.6480680555830545
4003,5.01770562884921
4004,0.5385116370900751
4005,-0.898788884985976
4006,-1.3400475742377203
4007,-4.324379192110131
4008,-4.039919276487854
4009,-3.2014501481937656
4010,1.0623349366664934
4011,-5.218800858747428
4012,-4.191942540115045
4013,-3.9778114826150994
4014,0.24080970211205255
4015,-0.44822271630473853
4016,7.059242201422373
4017,0.5794744113699322
4018,-4.295457457647833
4019,-2.160862867396298
4020,-3.7800136452201185
4021,-1.1245469372675019
4022,0.4473479380933966
4023,-4.669396237673846
4024,6.5286436700020944
4025,0.11927895401466393
4026,-4.702105580387828
4027,-1.2595896432754938
4028,0.2818066816175735
4029,-3.0553598538999087
4030,-5.891924588152925
4031,-3.335295091514193
4032,-1.17978298646235
4033,-5.419504797142306
4034,1.3020134465444637
4035,8.194799231941134
4036,4.805721972976317
4037,1.4814012111530364
4038,2.3501653159440443
4039,3.691135501797418
4040,2.8407694219180133
4041,2.857063657232345
4042,-3.7911322867817536
4043,-4.324379192110131
4044,5.361446662217505
4045,-7.187584617064619
4046,-1.3225527678137001
4047,-5.338330235913034
4048,3.6061339330269484
4049,5.724591824189394
4050,-0.4743533585332893
4051,-2.515127130593805
4052,3.2838231275745993
4053,-4.374030012358648
4054,-3.139795136135469
4055,0.7227256049509112
4056,1.5963884861182787
4057,5.193387656400931
4058,5.118366021979362
4059,-2.0378533897903
4060,2.721590298314774
4061,-0.558090330452853
4062,-4.400348205066525
4063,0.2505043146361725
4064,-2.693936891918745
4065,-1.6587145863548378
4066,-5.7688272414665835
4067,-6.570477214157244
4068,-7.602994308575838
4069,-1.2132804901089422
4070,-3.7418423570975055
4071,-3.2147742603908447
4072,-2.935086557031532
4073,-6.325462958180988
4074,-2.9825857495188615
4075,1.6825768631079039
4076,-4.687922264666851
4077,0.7810901342048726
4078,-3.6952485560299926
4079,-4.324379192110131
4080,-0.4442800095061443
4081,0.8502457809673951
4082,1.1806478299749663
4083,4.6278423741002195
4084,-4.722633578792888
4085,3.473160258721372
4086,3.783945842981204
4087,-1.9278739513592886
4088,-3.2695242519876158
4089,-0.4836400807126394
4090,-1.6905757483781576
4091,-2.281973633158537
4092,-2.4228936920342754
4093,-7.540557658927713
4094,-4.09295350879345
4095,0.3239049423846724
4096,-2.9414307634068497
4097,-0.2089029419303442
4098,-5.464376622412369
4099,-5.368157381920337
4100,-0.9353153732776658
4101,0.3040519376771185
4102,1.150647784923066
4103,-3.712614898709945
4104,1.997828655606562
4105,1.1521878069910063
4106,12.608041056229055
4107,1.8994661718721368
4108,1.8746809943366833
4109,2.0679837590592074
4110,1.8879846160022216
4111,0.2809420495081387
4112,-3.9491316523149522
4113,-1.372176628569933
4114,0.9790037879183384
4115,-4.324379192110131
4116,1.5948939552413464
4117,1.0650545128469393
4118,1.8218138835103665
4119,-4.038689050515909
4120,7.166783908479488
4121,-3.6939093866815287
4122,8.17012753627511
4123,1.294610955389731
4124,-3.2695242519876158
4125,-0.016797737118222633
4126,-1.7013139924340073
4127,-2.401301219889024
4128,3.6054482442134854
4129,-7.540557658927713
4130,11.0940549004766
4131,-1.760414540761862
4132,-4.1664364034968635
4133,1.9867908673962957
4134,-0.2922803340997835
4135,6.445240053642056
4136,-4.591313504395902
4137,-0.4657486530723343
4138,-0.6705083392505751
4139,2.7614723380592623
4140,-2.2195578283384556
4141,2.6566748591194607
4142,-3.7418423570975055
4143,-3.466745161648213
4144,-0.12476373582225012
4145,-2.5688719568003684
4146,1.6472329625545805
4147,1.3998432591041858
4148,-4.632493670472067
4149,-5.034288620631305
4150,1.1740693078320457
4151,2.583099848815916
4152,0.12453049846526998
4153,-2.1959616667600024
4154,-5.357151555657092
4155,-4.627210824934818
4156,4.258616980056699
4157,-1.3560669202053766
4158,1.6726782336616748
4159,-1.6238987417774335
4160,-3.2695242519876158
4161,-6.007799022923829
4162,0.4933164403346633
4163,3.344358770796943
4164,-3.7800136452201185
4165,0.15548739422519198
4166,0.5514493075974015
4167,2.711002162250928
4168,2.632608972459503
4169,-3.131905912531903
4170,-0.7929225337296986
4171,-5.368157381920337
4172,8.303861196532008
4173,-3.0553598538999087
4174,-5.891924588152925
4175,4.875505150664676
4176,1.3399580534510291
4177,3.4145708925247202
4178,2.061462685684386
4179,-3.466745161648213
4180,-1.775092098525966
4181,4.845842277192764
4182,7.723343244421541
4183,4.404771607546047
4184,-4.710161025525366
4185,0.8058127817022404
4186,-0.9516814842047625
4187,-4.324379192110131
4188,-2.596184794826632
4189,-4.618097012096581
4190,-5.357151555657092
4191,-1.761695426846948
4192,-4.722633578792888
4193,3.336787067267217
4194,-5.753082400816304
4195,-2.8104646572766354
4196,-3.929192889407482
4197,-3.552018698923519
4198,-4.49386519484608
4199,0.20521559979533327
4200,-3.3369397768433697
4201,3.234722001639957
4202,-0.9269322712392335
4203,-0.25902227250863064
4204,-1.966640626023834
4205,-6.96437069088639
4206,-5.450435911693663
4207,3.173532848241062
4208,-4.591313504395902
4209,-2.9305734168304394
4210,-1.983412931433673
4211,-6.570477214157244
4212,6.689238562799779
4213,-3.4519891948689807
4214,-0.9764781109788885
4215,3.555316635213811
4216,-4.290193460554825
4217,0.4770394063487906
4218,-0.7359030769207311
4219,-6.385816164757173
4220,-0.28665147237292254
4221,-1.8739907473255686
4222,-3.7911322867817536
4223,1.4436683931121477
4224,19.52672157178191
4225,5.008856759124365
4226,-4.894225654727409
4227,-4.58428692959169
4228,-4.904807189900248
4229,-0.5161094293116757
4230,-5.8052155097570335
4231,-0.37761290327888586
4232,-0.6247637853126905
4233,1.4624294860517573
4234,0.0028279562802279723
4235,-2.1013925121525294
4236,-3.7800136452201185
4237,-7.540557658927713
4238,-1.759756142794387
4239,-0.7211892229266655
4240,-4.631928111150924
4241,0.21509789203056662
4242,-0.2197603190078643
4243,-5.257961123616173
4244,-4.591313504395902
4245,1.1587562441605233
4246,-0.9631056617203799
4247,-6.423086765844016
4248,-1.0289331169734321
4249,6.0880638661694135
4250,4.522783590052004
4251,0.319577651960679
4252,-3.7964494948143894
4253,-0.26107333106164554
4254,0.5269612105900983
4255,1.5096081242205772
4256,-5.613276090474521
4257,-0.6906779117926114
4258,-3.7911322867817536
4259,-0.10532833487550497
4260,2.712035274351422
4261,2.0026469501794573
4262,7.603880444902472
4263,2.736833035186468
4264,-1.826673435122689
4265,-1.1372029310232878
4266,-6.101525671623031
4267,-0.3528931945428887
4268,-2.4696508905811125
4269,-6.007799022923829
4270,4.550815694644326
4271,-1.5592250841163744
4272,3.131104435502298
4273,7.2863408736896975
4274,-4.09295350879345
4275,-5.778703940591308
4276,-6.407524321322993
4277,-0.0545672270430102
4278,0.657494760376923
4279,3.9431764901707362
4280,2.0581295705573885
4281,1.7159124658338334
4282,-5.891924588152925
4283,1.538737563796087
4284,-1.9805239171707654
4285,0.847517571527133
4286,0.748247111198074
4287,2.9776740703614157
4288,-1.4492868550354379
4289,-1.2220422136276032
4290,-1.5968010044013892
4291,0.471410724851699
4292,1.1178420717821917
4293,3.501605657052373
4294,0.1439018527618785
4295,1.2943643942722574
4296,-1.1035854514925365
4297,1.9218079713681537
4298,-5.357151555657092
4299,-4.835133288864041
4300,-1.6541985692920242
4301,-4.088518473587593
4302,5.223705756816958
4303,-1.0926659463145747
4304,4.344679554555799
4305,-3.980207978331553
4306,-1.8292329913053709
4307,0.512898629959843
4308,-0.9441044765818757
4309,-0.1863993271077904
4310,10.912659383493157
4311,1.8283377843064619
4312,-6.407524321322993
4313,-7.1214863885880035
4314,-7.720205551300719
4315,-0.03779065456344588
4316,-3.768299684395661
4317,-0.06902152487394275
4318,5.342429485473104
4319,-6.570477214157244
4320,-4.495718978042713
4321,-5.621844046510855
4322,2.6046411068763176
4323,6.725907103031439
4324,-4.290193460554825
4325,-6.325462958180988
4326,-0.5175752970797667
4327,-2.2262466183204634
4328,-3.340469804112612
4329,-2.058260416537502
4330,-1.1705739782741982
4331,7.292320790436082
4332,9.785643796539548
4333,-3.766664157304409
4334,4.481423330921723
4335,-0.16233157164673573
4336,-5.149253249404154
4337,4.06060345205089
4338,6.372483593414685
4339,0.03457337022494622
4340,1.0518527793728853
4341,2.9324304857573322
4342,-0.21096433034060474
4343,-2.6509337667061086
4344,-1.4791246604049282
4345,-5.6912327416511905
4346,10.189429492283498
4347,-6.213650028354742
4348,-1.1359259735762297
4349,-0.5508316901047656
4350,0.6472266145955361
4351,9.634132652643876
4352,4.4265663627029435
4353,-3.0553598538999087
4354,-5.891924588152925
4355,-6.570477214157244
4356,-1.428758344017057
4357,-5.621844046510855
4358,-1.7207679074968418
4359,1.3159103893926098
4360,-0.4184910007090883
4361,3.8895593022877017
4362,-0.9062252110387425
4363,-1.0699269957237314
4364,3.0687853076245633
4365,-1.0973093411664672
4366,-1.307331209893577
4367,-3.502034638598412
4368,5.482347546486679
4369,-1.5654010763172348
4370,-5.357151555657092
4371,-0.6288154325095318
4372,-3.552000762699411
4373,0.45788466618523704
4374,-6.101525671623031
4375,0.8835721408293067
4376,-3.956501943899441
4377,-0.4480667225300389
4378,1.4990998115469405
4379,-0.502758812925749
4380,4.385715771887611
4381,-7.540557658927713
4382,0.16052003978342255
4383,-0.43755720118443897
4384,-6.424405782762041
4385,-1.5959252199615295
4386,4.356084069823972
4387,1.5967003091347332
4388,-3.327759287405991
4389,8.971447676070905
4390,2.1006836885540054
4391,-6.570477214157244
4392,-1.4089193259312933
4393,-5.621844046510855
4394,-3.7418423570975055
4395,-2.419924712409796
4396,-0.3068046066361566
4397,-6.325462958180988
4398,-0.4644062907812172
4399,-6.249024668864438
4400,-1.2174583136635744
4401,-2.5687360554004703
4402,-2.608165085647219
4403,1.9273642619917908
4404,-2.4968830182603514
4405,0.5407721006289294
4406,0.1786882979870743
4407,-2.5505544394566018
4408,4.213183321351269
4409,-4.088518473587593
4410,-5.921300756362111
4411,-1.9333211836054611
4412,5.388048436493838
4413,-0.0054207064989437725
4414,1.503853798937726
4415,1.0921983171968856
4416,13.935260150324098
4417,3.698235606717227
4418,6.766042278572632
4419,-6.188658680729136
4420,10.723160511373312
4421,-5.320807080842484
4422,-7.602994308575838
4423,-4.528445857737456
4424,3.502488280655621
4425,4.927860868866503
4426,7.847386421783666
4427,-6.570477214157244
4428,3.181388281548371
4429,-3.305068561312306
4430,-1.414078988993258
4431,-2.410532411970642
4432,-1.2999539786866032
4433,-6.325462958180988
4434,1.7130571943770225
4435,-6.421604782410402
4436,-2.6676751595844816
4437,-5.034288620631305
4438,-1.4350822244988661
4439,0.2723391606936767
4440,-3.5775503913571947
4441,-7.319534905423481
4442,13.031873440885569
4443,3.7430638275127395
4444,6.407814479659477
4445,7.909944023998595
4446,-6.101525671623031
4447,-0.03150582737326957
4448,-3.830530942983986
4449,0.7606973878716015
4450,-4.49386519484608
4451,-2.6509337667061086
4452,0.09700998982214082
4453,1.5472970140512907
4454,-4.09295350879345
4455,-2.377580409617357
4456,-0.6284637704429112
4457,-0.1688469391518288
4458,-7.602994308575838
4459,2.392672390030565
4460,5.6641591777622615
4461,0.7317732911842052
4462,-3.261531499497128
4463,-6.570477214157244
4464,-5.377249587606146
4465,-0.5091268484571957
4466,-3.7418423570975055
4467,-2.4731670824145664
4468,1.9333003999949407
4469,-0.6151363487774337
4470,0.16717872943302314
4471,-3.4960789239457695
4472,4.210396197681568
4473,-1.4054600898472458
4474,-1.3022718118706524
4475,0.5411047336805417
4476,4.0542163843553185
4477,1.9785672508538417
4478,-1.0791160186089264
4479,1.0915672660809392
4480,-2.7325704455558526
4481,10.276377812617335
4482,2.699541109707061
4483,-2.9699526879154026
4484,3.485840334170924
4485,-3.8572057861574285
4486,3.9684597352391893
4487,-1.9425145213249704
4488,-2.9784596737846742
4489,-5.614361226663332
4490,-2.7880971110258503
4491,-6.026313772526003
4492,-3.937727605897617
4493,-7.1214863885880035
4494,-7.602994308575838
4495,-5.99344454264936
4496,-2.912457421734844
4497,-0.778735294890758
4498,0.039060432504586906
4499,1.8419945139910276
4500,-0.3732263875661024
4501,-4.466386330158206
4502,-3.7418423570975055
4503,2.1719164212941777
4504,-0.7830945051678091
4505,2.8975093969344474
4506,3.3641257424730107
4507,2.8732621947011356
4508,-4.573567983410964
4509,-5.034288620631305
4510,-3.7911322867817536
4511,4.385951763034901
4512,-1.2563459486304769
4513,-7.4445973557426175
4514,1.5494292912934875
4515,-2.21023446675361
4516,-2.1327425095368477
4517,-0.8447716839994017
4518,3.338640183071357
4519,-0.8951871720171014
4520,0.9087763297786815
4521,-5.791136077482131
4522,-4.49386519484608
4523,-2.6509337667061086
4524,5.521204590617284
4525,-2.994053363396767
4526,6.112260832178875
4527,-3.1567766963945427
4528,-6.424405782762041
4529,0.8258298905204264
4530,0.9468474417885859
4531,4.320161491329062
4532,6.927256575474118
4533,-0.763036179137915
4534,-5.891924588152925
4535,2.736913820241449
4536,-7.720205551300719
4537,-1.0963629604814071
4538,0.607286532383442
4539,-4.828813053627051
4540,-4.290193460554825
4541,-0.14815516470751133
4542,5.286803691739671
4543,-2.564493858923178
4544,3.9708900129642535
4545,0.13874993835915894
4546,4.018805567464237
4547,7.190001153370417
4548,1.090981519081093
4549,4.914114076661391
4550,-0.22542580662500217
4551,3.8146047731876087
4552,-5.149253249404154
4553,-1.3635088064430938
4554,0.24848167037717328
4555,1.0080240790007093
4556,-2.38719997237238
4557,-6.007799022923829
4558,0.5651563618747191
4559,-3.2360298568248163
4560,-0.7235070042099081
4561,-1.701562064344464
4562,-4.09295350879345
4563,-0.55360576281333
4564,-4.126359393829858
4565,3.1550065684068525
4566,-3.1324587296162734
4567,-0.7369399855750948
4568,-0.4284543494740638
4569,0.3723672187231405
4570,-5.891924588152925
4571,-3.1568501235945763
4572,-6.741700253206796
4573,-0.34102351159122724
4574,-2.453739751251357
4575,-1.909143146544702
4576,2.4650175890928425
4577,-6.325462958180988
4578,-1.717703956832111
4579,3.374139590619625
4580,-0.23698610992640234
4581,-1.4718829718640205
4582,3.9809788232781043
4583,-2.5454903760344387
4584,-2.971616242001008
4585,-0.6158705077318469
4586,1.7638918947975863
4587,-5.338330235913034
4588,-0.14492553161304245
4589,1.0214669777766652
4590,-3.793655572475022
4591,-0.5079338074468358
4592,14.678676184357712
4593,-6.007799022923829
4594,-1.9352051891542232
4595,3.080848593120252
4596,-0.17099221149472515
4597,-1.7576746998190211
4598,1.1305071565573197
4599,3.1210414679597207
4600,3.560210070899475
4601,-0.5735176414502494
4602,-3.6595994019234466
4603,-1.1084358763191111
4604,5.336953198218485
4605,-3.0553598538999087
4606,-3.309673119449616
4607,-6.570477214157244
4608,-2.8298851017294813
4609,-5.027965000520383
4610,2.819544580574061
4611,-3.1496142167385193
4612,-2.839865594961876
4613,1.8726221192817079
4614,-3.565327632128487
4615,10.395475407043932
4616,-2.764649165899742
4617,-4.312083069247169
4618,-0.9027837235285463
4619,7.3491459854681835
4620,-3.249770156238659
4621,1.2429065927003216
4622,-5.357151555657092
4623,4.696952102687169
4624,2.441688198814217
4625,10.692798725817637
4626,6.000087629623208
4627,3.7792172220068236
4628,-3.956501943899441
4629,0.691699479050941
4630,-4.631653592002115
4631,-0.9542532311960368
4632,0.003145381107525386
4633,-7.472520133000081
4634,-1.6811775789699035
4635,-0.8337931836589454
4636,2.8496009728666873
4637,-4.968778228282124
4638,0.4774139901437877
4639,3.5633635311103027
4640,2.2056724560204577
4641,0.7000183534689626
4642,-1.4929168181528736
4643,-6.183419154248998
4644,-2.1271837200671593
4645,-5.621844046510855
4646,2.034551430477648
4647,-4.828813053627051
4648,-4.290193460554825
4649,-4.286615843120861
4650,-3.6480680555830545
4651,-0.1204953240267973
4652,3.725371734911982
4653,-2.1085838900549496
4654,2.2133740112035816
4655,3.0561355956555873
4656,2.44893827244005
4657,5.730686663422492
4658,-5.357151555657092
4659,-2.173686670943331
4660,-5.149253249404154
4661,-1.1818548764912182
4662,-6.101525671623031
4663,-0.8202443598484064
4664,-3.956501943899441
4665,-0.8447561258525241
4666,-2.1485902633734684
4667,-0.9265111292163047
4668,-4.185940884653701
4669,4.443319747964254
4670,-1.416216985369462
4671,0.5106346322281551
4672,4.824900761024147
4673,-0.9762483372934214
4674,0.20008259079075108
4675,1.2978704759069315
4676,-4.591313504395902
4677,-3.0553598538999087
4678,-5.891924588152925
4679,3.4194620757311163
4680,-0.2674879689636205
4681,-0.5448551546446643
4682,5.1936588509078225
4683,-4.828813053627051
4684,-2.6440288917700436
4685,-0.3475136853714482
4686,-1.8178194939229124
4687,-6.368615846553539
4688,-5.049977991817949
4689,-1.9587692370561083
4690,0.04527156129934573
4691,0.36522659268223867
4692,1.5566310099068195
4693,-5.4041229737827905
4694,-5.357151555657092
4695,-5.338330235913034
4696,1.083049326199908
4697,2.2362083338290213
4698,0.22462465922342822
4699,2.622224614136646
4700,-4.455232068381063
4701,-0.9915367883463775
4702,-3.9839158566157273
4703,-3.263059089461609
4704,-4.185940884653701
4705,-2.3943814664998686
4706,8.235436054277177
4707,-6.235857055882429
4708,-3.9392147886868276
4709,-1.4825345599319242
4710,1.5960863183979366
4711,10.633399477855118
4712,-4.745556312365466
4713,-0.09009920992349141
4714,-2.145026647647973
4715,2.7771900213251217
4716,-7.776218096532164
4717,-1.9830077128105201
4718,0.353583811351053
4719,-3.433598522373889
4720,4.888683595450676
4721,-6.325462958180988
4722,-0.4234272178557271
4723,-6.421604782410402
4724,-4.23481358520653
4725,2.199542486024894
4726,2.3203747422899603
4727,6.6280523194547944
4728,4.670256923183503
4729,1.4078867054694202
4730,4.382455933582168
4731,-5.338330235913034
4732,3.2774983732606406
4733,-1.9301982576004975
4734,-6.003429296816956
4735,-2.9699526879154026
4736,0.8947748288134273
4737,-6.007799022923829
4738,-5.773476723341346
4739,1.6283507410883453
4740,-3.797349614823224
4741,-4.760471323474391
4742,3.561709537978865
4743,-0.012508034406485735
4744,-6.424405782762041
4745,6.1718394013698585
4746,5.184244335803077
4747,0.32223102411231186
4748,-4.557145470361675
4749,-3.0553598538999087
4750,-5.891924588152925
4751,-3.4448531447064235
4752,-3.1730453616690113
4753,-0.49684837196621334
4754,4.341431991599754
4755,-5.12064956343915
4756,-1.9028249816343807
4757,6.588371891250937
4758,-3.624067432776747
4759,-6.40382666566279
4760,-5.613276090474521
4761,-1.389277758496392
4762,2.243928025046472
4763,-4.324379192110131
4764,-3.3615090847169453
4765,-7.4445973557426175
4766,4.903007913282654
4767,1.3343337299872242
4768,2.148790831404785
4769,-1.4911869284187391
4770,-6.101525671623031
4771,-0.33721335804515884
4772,-4.455232068381063
4773,-0.6331478948508125
4774,-0.08179057177932414
4775,0.35400125721344256
4776,-4.185940884653701
4777,5.125697917315099
4778,2.8398129771122065
4779,-6.235857055882429
4780,-6.424405782762041
4781,-1.1503266807694985
4782,-7.602994308575838
4783,-5.99344454264936
4784,-4.745556312365466
4785,-1.4912230148229044
4786,-5.891924588152925
4787,-0.019308822022932604
4788,-1.0931415763339882
4789,-0.4777126156853523
4790,3.0281163578220505
4791,-1.1728406540597185
4792,2.1959583141853285
4793,3.246246796292153
4794,-0.17975597975634217
4795,2.25132574997806
4796,1.971536971225856
4797,4.329932382295217
4798,-1.313473296782022
4799,-1.3948916717956035
4800,-0.15439577290650908
4801,4.004912422075872
4802,-0.9838066945967391
4803,-2.496379834087129
4804,-5.149253249404154
4805,-0.8347468340029907
4806,1.4756881390285188
4807,1.853304026870093
4808,-0.44965087320747976
4809,-4.88507227957389
4810,-5.686722514347507
4811,-1.967157750305944
4812,7.013671052031033
4813,-7.644346322098006
4814,-0.3894517920010544
4815,-5.095307818058891
4816,-3.987474786867753
4817,1.544990035159761
4818,-7.602994308575838
4819,-0.048820055360651815
4820,1.5433953047760425
4821,-3.0553598538999087
4822,-5.891924588152925
4823,-0.1169405796246143
4824,-0.41124066386732094
4825,-3.7936518124037555
4826,0.5480211190354565
4827,-5.12064956343915
4828,4.412402881204898
4829,2.022710092752777
4830,6.0850494424229735
4831,-2.2062761528416543
4832,1.5162681878481952
4833,-0.4397794358729604
4834,-3.7911322867817536
4835,2.128227876928066
4836,3.127904685369563
4837,-7.4445973557426175
4838,7.184541990430642
4839,-2.9417807341160764
4840,-5.496401982297927
4841,-0.1332381915770315
4842,-5.648392987450235
4843,-1.4914760055124174
4844,-3.392565860537021
4845,4.137943895460941
4846,-5.665688122277995
4847,-3.128706964077502
4848,2.891694119688447
4849,9.29328237168896
4850,7.790109593144478
4851,-3.940193341161281
4852,6.0443960872655085
4853,-7.1214863885880035
4854,1.346593066675395
4855,8.42923067928057
4856,-4.745556312365466
4857,6.234324020774358
4858,3.6844899047789754
4859,0.8232733725201559
4860,2.046478892658694
4861,1.5038999704277998
4862,0.5561240306896669
4863,-1.43107934869271
4864,-4.290193460554825
4865,0.47898555568853074
4866,-1.5947458968869739
4867,-6.421604782410402
4868,-5.402966798697207
4869,0.36865079122447364
4870,3.914328400655037
4871,-0.484689472984292
4872,0.2813446925432541
4873,-7.4445973557426175
4874,-3.173503768820315
4875,7.298291706095179
4876,-5.496401982297927
4877,0.13077296975361485
4878,1.1846360006306744
4879,7.81942836806364
4880,-0.013551742358623109
4881,-2.8000353327080427
4882,-1.456015449070272
4883,1.3158494419568056
4884,2.176728895698393
4885,-4.239009098176481
4886,-4.09295350879345
4887,-0.2228771514283004
4888,0.19369555598359067
4889,-7.1214863885880035
4890,2.342067842228227
4891,0.3979905331027993
4892,-2.5396734223888378
4893,-3.0553598538999087
4894,-5.569000740066561
4895,-2.1882394870908604
4896,2.7492783443920454
4897,3.9760831072431255
4898,2.844955510689429
4899,3.7172639304878796
4900,-4.290193460554825
4901,-1.3310448466942848
4902,1.7119561002688914
4903,-1.4394026460283584
4904,-4.731883096992824
4905,-5.107392513559857
4906,-1.364712529636713
4907,10.965015737670885
4908,-4.039919276487854
4909,-0.8233883028429134
4910,12.919323161310931
4911,4.879962860311768
4912,-3.4811214033990376
4913,-3.8849944488418453
4914,-4.226930181657219
4915,-2.4466281352877157
4916,5.125496012645015
4917,-5.9960153744469995
4918,5.105660486443286
4919,0.6373259819562282
4920,-4.185940884653701
4921,-7.644346322098006
4922,0.7897546371662436
4923,-2.1318106280294438
4924,-3.4438512578266196
4925,-6.234739910437187
4926,-0.524671762539318
4927,-0.4363187566786728
4928,-2.1263224699068877
4929,6.085604969193593
4930,-1.7420607726993507
4931,-6.570477214157244
4932,-7.9098370389072805
4933,-0.28144052120322705
4934,-1.2759236705588632
4935,-5.101615195922314
4936,0.271746844226459
4937,-3.8699529582885863
4938,-3.6480680555830545
4939,-6.379239530743874
4940,7.945251791035191
4941,2.7122356963599756
4942,-3.7911322867817536
4943,-2.2716956077577075
4944,-2.8237273773764904
4945,3.5405088996814174
4946,3.003535882481879
4947,-1.9358385365157034
4948,3.429528894145802
4949,6.4472125503862046
4950,2.9575736786193625
4951,-2.9699526879154026
4952,-0.6412917232299942
4953,-6.007799022923829
4954,-0.9679880162391412
4955,-1.9106378933028347
4956,2.6938496844461395
4957,-3.3570781159688625
4958,-1.5450577940624943
4959,-1.7556200821512409
4960,-6.424405782762041
4961,-7.1214863885880035
4962,7.28367809510606
4963,-0.4987545225259361
4964,3.387412216725822
4965,-0.13687459144694242
4966,-5.891924588152925
4967,-1.296354280642194
4968,-7.9098370389072805
4969,-1.390894014261701
4970,1.1027853416141924
4971,-1.3939648581415498
4972,-4.290193460554825
4973,-5.272106634777385
4974,-0.2215959799706798
4975,0.9050626218564495
4976,2.6085694454871247
4977,3.867084552583807
4978,-3.7911322867817536
4979,1.6793094975775051
4980,-4.039919276487854
4981,0.913830803175363
4982,12.992211765023171
4983,0.7368256289320249
4984,4.585535213455865
4985,4.212333988553307
4986,1.9159845827964008
4987,1.7841926668226429
4988,-3.3394834712826533
4989,-6.007799022923829
4990,-0.24302406650191877
4991,-1.826729856922993
4992,-4.185940884653701
4993,-2.2288865260029924
4994,0.0804220350007061
4995,-0.5391905942329102
4996,-0.4985110048130943
4997,-0.726039190792718
4998,-7.602994308575838
4999,0.353279786136792
5000,0.56696553482331
5001,-3.0553598538999087
5002,-5.761660102640017
5003,-0.18560356159076408
5004,-7.9098370389072805
5005,-4.547156717299207
5006,4.947092403766201
5007,-3.63067988701351
5008,-4.290193460554825
5009,-5.696007697050529
5010,-2.556885747839878
5011,-6.421604782410402
5012,-5.613276090474521
5013,-5.107392513559857
5014,1.6684900997458727
5015,5.478188727127774
5016,5.0713330641756205
5017,-5.659807543177252
5018,3.8050111817855132
5019,-5.338330235913034
5020,-1.78582397444834
5021,2.4829892781871417
5022,-5.574227964013307
5023,1.8258304050728769
5024,-3.571255624879986
5025,-6.007799022923829
5026,5.657634481279421
5027,-0.945895462610848
5028,2.9682426150099466
5029,0.12684192132505023
5030,2.273773102194681
5031,0.6711791184170997
5032,-0.5260634672420134
5033,-2.0577907919679603
5034,0.6703990149842642
5035,-5.99344454264936
5036,4.057397064532842
5037,-3.0553598538999087
5038,6.476582328403795
5039,-0.6560996206384023
5040,-6.0647228442257965
5041,1.5532645291819256
5042,1.6229072044270403
5043,-3.108779054098154
5044,-0.3564060012189709
5045,-6.325462958180988
5046,-3.6480680555830545
5047,-6.238141637875001
5048,-6.125756625777664
5049,-3.8716009524185524
5050,-3.2789946715437237
5051,0.44907266881292696
5052,-2.531839762805038
5053,-7.3675334704645845
5054,-5.357151555657092
5055,4.61226407785399
5056,-0.08636939600260729
5057,-4.088518473587593
5058,-1.220040258131134
5059,-0.29741420176623795
5060,-4.221308512114774
5061,-3.135758254958572
5062,-5.773476723341346
5063,-1.2550249727698235
5064,-1.3281236057532713
5065,-6.87945554906529
5066,1.0484800827486338
5067,-0.9846369314525893
5068,3.4205229121478675
5069,-0.04064668497439716
5070,-7.602994308575838
5071,2.666789071860505
5072,6.214691337911504
5073,4.422583294705719
5074,10.08019545805601
5075,-6.570477214157244
5076,-0.16339503607579298
5077,2.613742166696402
5078,4.956616721816189
5079,-5.587433294085252
5080,1.229154821842088
5081,-6.325462958180988
5082,-1.0082742753987184
5083,3.379818597236712
5084,1.6311494707555272
5085,-1.695397503418182
5086,5.66847284271315
5087,3.526022636821583
5088,4.665278660788797
5089,2.419257548289291
5090,2.672433103939449
5091,6.321793594750874
5092,-1.1151903536842758
5093,-4.078663266136887
5094,2.64629775557356
5095,-1.3505919205997419
5096,-4.455232068381063
5097,-0.6484452734587007
5098,-5.589686835654095
5099,1.9832315888937666
5100,-0.5964391444877576
5101,5.287883155787512
5102,-2.4627013991925955
5103,0.26343357091944675
5104,-6.424405782762041
5105,0.09105232079386205
5106,-3.283792608650537
5107,0.7386050330426412
5108,-4.745556312365466
5109,3.2671557909086086
5110,-5.891924588152925
5111,-1.9004495693673602
5112,-7.9098370389072805
5113,10.32059031176639
5114,0.9647603403907015
5115,8.493708811376273
5116,-1.069445855853904
5117,-1.1954428752107615
5118,-0.864478904505046
5119,-5.834686702302237
5120,2.6623871621974877
5121,0.9019420940004002
5122,-4.600338182218239
5123,3.7281400836207874
5124,0.5202194255877202
5125,-5.60200655101519
5126,0.33119614330494707
5127,0.693762484041617
5128,-5.496401982297927
5129,-3.982047217166583
5130,11.311582323347405
5131,-1.1198643444635437
5132,-3.441303002214969
5133,3.0876115839668534
5134,-5.773476723341346
5135,-3.263059089461609
5136,-2.3421892895054617
5137,1.5050302429106512
5138,1.8839820328146186
5139,-5.708855711059748
5140,-5.064267299920555
5141,0.3009522485963845
5142,4.628991477272601
5143,0.9083202362220664
5144,7.985796244291581
5145,-1.5660436141269707
5146,-5.891924588152925
5147,-0.7609629307357766
5148,-7.9098370389072805
5149,-2.4988553547732657
5150,-0.11837185869722422
5151,4.171470405613297
5152,-3.509717095380351
5153,-6.355889740715951
5154,-3.6480680555830545
5155,-5.84310582259661
5156,-2.242523733459868
5157,-3.2561702738105502
5158,2.595571947715074
5159,-0.3379992782180774
5160,6.636659726003463
5161,-3.2379857632124125
5162,-5.357151555657092
5163,-1.0069795249371283
5164,-5.496401982297927
5165,3.387740234089098
5166,-6.101525671623031
5167,0.15714542765883327
5168,-4.455232068381063
5169,3.57142184977594
5170,2.5527866676519277
5171,0.07958185978631531
5172,4.123646200327645
5173,-7.644346322098006
5174,-2.3179115876188003
5175,-6.246853042134974
5176,-6.424405782762041
5177,-0.8456802668190877
5178,-6.765816220888356
5179,-1.6148482589630027
5180,1.7539189152048182
5181,-1.2659682033079052
5182,1.9963092635774693
5183,-6.570477214157244
5184,-7.9098370389072805
5185,-1.5567186857129909
5186,-3.1959562291485786
5187,-5.587433294085252
5188,-4.1478644941965594
5189,2.3874318196230844
5190,-3.6480680555830545
5191,3.108793622988634
5192,-0.9783705156978393
5193,-4.367812725581212
5194,-4.682918584863695
5195,3.143108889306136
5196,-0.44962430855890634
5197,-7.4445973557426175
5198,-5.357151555657092
5199,1.7148999954278836
5200,-3.8304279981274285
5201,-0.989138547019958
5202,6.1551351866807495
5203,0.4550903685995482
5204,4.101223479371729
5205,6.081110734273792
5206,2.8443292413765713
5207,-3.263059089461609
5208,-3.118726345331048
5209,-0.6892191567487165
5210,-2.1248849458944825
5211,0.47568959233864483
5212,2.0360684414462797
5213,0.905048741912538
5214,0.9994952309063578
5215,5.266911159816892
5216,-4.745556312365466
5217,2.6600354577687275
5218,-1.236183926458657
5219,-2.4167311820680597
5220,2.523779813900661
5221,-1.8204236197637305
5222,-3.7418423570975055
5223,-3.0768238976087687
5224,4.3347033496384375
5225,-0.10101152732291041
5226,4.446490193972561
5227,-6.115204891963842
5228,-6.125756625777664
5229,4.894942279857967
5230,1.88649127996761
5231,-4.324379192110131
5232,-4.039919276487854
5233,2.1592812277819236
5234,-1.6478916246236501
5235,1.3177522382645706
5236,7.750460204689293
5237,-0.9393594026910062
5238,-2.3203865598305757
5239,-1.6637430189559665
5240,5.840923406601326
5241,1.2646652347940721
5242,-4.564926624118152
5243,0.6337113211084002
5244,-4.185940884653701
5245,-6.92785078352862
5246,0.3688324622332464
5247,0.19168875952769615
5248,-2.201965523325305
5249,-6.943231540257419
5250,-7.602994308575838
5251,4.036450674216626
5252,-0.7224423452989348
5253,-0.3913340463787073
5254,-4.840009650326987
5255,1.131999284910655
5256,0.48788555249722565
5257,-5.621844046510855
5258,4.066120071258199
5259,-0.7262548146334047
5260,-0.5289736556521933
5261,0.5954141375207047
5262,5.268420715562812
5263,-6.421604782410402
5264,2.398646187750011
5265,-5.107392513559857
5266,0.21446730855951301
5267,-0.9721627894570752
5268,-0.6695122891003348
5269,1.5913058841606205
5270,2.6982443386972994
5271,-3.5834565386509714
5272,-5.496401982297927
5273,-4.088518473587593
5274,0.9400864590242854
5275,6.288704911245353
5276,7.810507511888771
5277,-6.007799022923829
5278,-2.4790545815093386
5279,-3.263059089461609
5280,5.0063809364730085
5281,-0.48438833797283376
5282,-2.845717072409244
5283,4.543125523090385
5284,-0.15406206759549423
5285,-2.0833520363678626
5286,2.8624877765582144
5287,-4.841532987394389
5288,-4.745556312365466
5289,0.7958877967440656
5290,-0.6620389586815596
5291,1.5421699349629168
5292,-7.9098370389072805
5293,3.098990975736204
5294,2.40290016087822
5295,-5.587433294085252
5296,-4.290193460554825
5297,5.129750703784018
5298,-0.4613661270307725
5299,-6.421604782410402
5300,1.1981906915355436
5301,4.921226533949556
5302,-1.1698070697347815
5303,1.0077768260498843
5304,0.408604166501247
5305,-7.4445973557426175
5306,-5.357151555657092
5307,1.9896163025916995
5308,7.27498502567517
5309,-4.088518473587593
5310,4.318051647729741
5311,6.181789282292261
5312,-2.2506716570850926
5313,-0.8798607963079337
5314,-1.4406856550184308
5315,1.908437370204281
5316,-1.3431571105840816
5317,4.8754986474776825
5318,-1.3708705771528753
5319,-3.669621521320161
5320,-6.424405782762041
5321,-2.7703952237492424
5322,0.6246590363771473
5323,-2.2139910276840373
5324,-0.18167382864926096
5325,-3.0553598538999087
5326,-5.891924588152925
5327,-0.5344673510352443
5328,-3.4729573762837447
5329,-5.621844046510855
5330,-1.7303249523278146
5331,5.102064473180834
5332,-1.430464258148354
5333,-5.520732983481412
5334,-3.6480680555830545
5335,-4.326266858539183
5336,2.0063614277595976
5337,-0.8210203282721813
5338,3.796964141117248
5339,2.79152032604852
5340,0.479246399100172
5341,-7.307835567850638
5342,0.3560217594099562
5343,-5.338330235913034
5344,-0.9519758968334984
5345,-4.088518473587593
5346,0.4783149054436997
5347,3.1408965265695206
5348,-3.404198604953318
5349,-6.007799022923829
5350,-5.773476723341346
5351,-2.3545118727314045
5352,-4.185940884653701
5353,2.629805409414738
5354,1.1449869702074218
5355,6.152012802969429
5356,-5.160681984005278
5357,-3.527026562958799
5358,4.8248834089715595
5359,-3.330410674018693
5360,-2.6484531701310567
5361,-3.0553598538999087
5362,-0.19777240396348983
5363,-0.524230484106034
5364,-7.878339980834765
5365,-2.9161033991724477
5366,10.404699584796923
5367,2.7448450992124735
5368,-0.32806174290920254
5369,-6.355889740715951
5370,4.484288841788906
5371,-6.421604782410402
5372,-3.0213387367748856
5373,-5.107392513559857
5374,-4.682918584863695
5375,2.643722880431074
5376,5.134333995644708
5377,0.17598194280974672
5378,1.4192284087979683
5379,-0.9356591908428167
5380,3.0972540743236285
5381,7.947447886220944
5382,5.834455530661405
5383,-2.9699526879154026
5384,-0.18559161650775235
5385,7.739852688495453
5386,-3.338021360074145
5387,-2.1188627843018897
5388,-1.222336963236144
5389,-5.371964276335246
5390,-3.8742646016211437
5391,-2.7543132994060286
5392,-1.3994208611357952
5393,-7.120528302380011
5394,-2.7692774517362677
5395,1.0632893623107187
5396,-4.745556312365466
5397,15.050725024894543
5398,-0.48683832932977533
5399,-6.570477214157244
5400,-3.5353547889740122
5401,-2.9687855443100974
5402,-4.189962633499637
5403,2.569324905169514
5404,-4.290193460554825
5405,1.4423261153141813
5406,-3.6480680555830545
5407,1.2340553304444004
5408,4.822845123091172
5409,-4.670843885693763
5410,5.174323511042481
5411,0.2128172570953787
5412,0.6098761325302806
5413,-6.874720110325317
5414,-1.6948224582099622
5415,-5.481875900130081
5416,-1.8686621743372536
5417,-4.088518473587593
5418,3.805971563836626
5419,-1.5325015980084105
5420,-4.553851037106231
5421,-0.7270885779966672
5422,-1.7345494187508308
5423,-2.751324154624149
5424,-4.17413990568643
5425,-3.921980421827023
5426,-3.7667966433954687
5427,-3.8310048296180885
5428,6.879107729858919
5429,-5.541700295897142
5430,-3.8730299521332445
5431,-0.04703495522735768
5432,-3.142603524201167
5433,-2.5940949224162866
5434,11.995838688604614
5435,2.0563641346232133
5436,-2.9798509578767094
5437,-2.2952602268908784
5438,-4.189962633499637
5439,-0.72863564371405
5440,-4.140512544768242
5441,-1.5285575595348182
5442,-1.5864639411547556
5443,-7.0107311868595925
5444,3.618606765229668
5445,-1.7720888380721431
5446,-0.33100199683291365
5447,2.1134194297395474
5448,-2.960726667630014
5449,4.983964022384386
5450,4.325917547825783
5451,-5.416193738637144
5452,-6.32193600997054
5453,-0.772156305623942
5454,-6.101525671623031
5455,2.3677545228992587
5456,2.6121172919437043
5457,1.1236561409607966
5458,-2.041894715803441
5459,4.729401325859387
5460,1.9107215666559332
5461,-7.644346322098006
5462,-4.09295350879345
5463,-2.922261523228447
5464,-4.020636117462359
5465,1.5626773494876351
5466,5.37607062370997
5467,0.6930788568229658
5468,9.12758457018949
5469,-2.9072731923211026
5470,-0.1681684333534903
5471,1.6186823389501268
5472,-5.94947835789352
5473,-4.935903050052733
5474,1.1311835948936984
5475,-2.913260245354587
5476,-4.23802301769886
5477,2.947723195957731
5478,1.7878757417502054
5479,-3.28054481909568
5480,-0.4465749004825619
5481,0.803271132408721
5482,1.4569179549913551
5483,-1.1788405684731984
5484,1.515417343898419
5485,-1.5089147610312368
5486,2.5259326846162793
5487,-2.2919052676919116
5488,-1.294050356809703
5489,-0.7258554861304386
5490,-0.2939518704999107
5491,-2.9699526879154026
5492,-0.4584647093540638
5493,1.5560273199101973
5494,-2.423350926537772
5495,-3.263059089461609
5496,-0.3736304638885162
5497,0.902561808937081
5498,5.241892566046359
5499,-1.3576854347382254
5500,-2.507644153863478
5501,0.41942651081187354
5502,-6.718378559442789
5503,0.05185271852580636
5504,-1.8072835568519778
5505,-3.0553598538999087
5506,-1.0827243015843302
5507,-4.292280871917163
5508,1.81245245767217
5509,-0.2000888575077875
5510,-0.7467254795247196
5511,2.086210402867296
5512,-0.9617297687187856
5513,-0.20359682879582341
5514,-0.6485635876191065
5515,0.605527473984153
5516,-4.324672365125295
5517,-1.9685620369315489
5518,-4.682918584863695
5519,2.535220531173665
5520,5.7734480008478855
5521,-1.6764983547273395
5522,-5.644016650193679
5523,-0.9371184663214547
5524,-1.8057277811439976
5525,-0.48662414674672977
5526,0.8223901982002806
5527,-2.9699526879154026
5528,-2.47854655267413
5529,-1.3636441076517656
5530,2.84067594325395
5531,1.16860215274542
5532,-4.185940884653701
5533,-7.644346322098006
5534,0.6944417893292818
5535,-6.246853042134974
5536,3.9801119366785622
5537,0.6646058146216833
5538,-1.741150835195409
5539,-5.99344454264936
5540,1.68221289215528
5541,0.16911310833230964
5542,-5.891924588152925
5543,-6.570477214157244
5544,-7.52969968266178
5545,-4.1611197129382
5546,4.535328216087879
5547,-5.898745997446762
5548,6.492550562669727
5549,0.3651017883091827
5550,-3.6480680555830545
5551,-7.06446239394931
5552,-1.9603504437869985
5553,1.937175884955401
5554,-4.682918584863695
5555,2.2145754836606435
5556,-1.1308304849668862
5557,-7.4445973557426175
5558,0.13792213117553284
5559,-5.481875900130081
5560,3.5163395681092537
5561,-3.2553973169305506
5562,-0.9556722613355861
5563,2.1483941175801524
5564,0.36919820498587275
5565,-2.9741962269728517
5566,-2.1160350922062316
5567,-3.263059089461609
5568,-4.185940884653701
5569,-7.644346322098006
5570,-3.700628206035299
5571,-6.246853042134974
5572,-5.806657795383161
5573,-4.871226919260717
5574,4.555662451846086
5575,3.230127974568375
5576,6.263463896954644
5577,2.5752604165158086
5578,0.1599663859785938
5579,-3.091020125924046
5580,2.621703964072696
5581,-5.621844046510855
5582,-4.189962633499637
5583,0.024119068724362203
5584,11.610631104806778
5585,-6.355889740715951
5586,1.4748506824472742
5587,-0.19776438308892974
5588,-4.15610513651162
5589,-5.107392513559857
5590,2.8220092801108785
5591,4.093224012672985
5592,-0.586134227190576
5593,-7.4445973557426175
5594,-5.388657363824389
5595,-5.481875900130081
5596,-0.5782743751965562
5597,1.5724561105759132
5598,6.321725506134467
5599,-2.0996681738191154
5600,-3.9080928045105643
5601,-5.367919553992966
5602,1.355611279553425
5603,-3.176736166924295
5604,0.9473968180595351
5605,1.6325805239755145
5606,0.18006781152633022
5607,-2.4128342547076063
5608,-2.2378423111580563
5609,8.512014972559697
5610,2.862155921961926
5611,3.586350908580784
5612,3.927660833102685
5613,5.639489319543632
5614,2.8913110964687503
5615,-6.570477214157244
5616,-6.171341026548098
5617,-2.4802258697062145
5618,8.133505231913405
5619,-5.898745997446762
5620,-4.290193460554825
5621,1.430723050940828
5622,-3.560025444088455
5623,-7.06446239394931
5624,1.4064664355761405
5625,-1.003493485681561
5626,-0.32157278669783684
5627,-4.324379192110131
5628,-2.5744641189808553
5629,-7.456968174400799
5630,-5.644016650193679
5631,4.560410002333521
5632,4.122345713245492
5633,0.3815850855469526
5634,1.7465508703768493
5635,-1.0069537740081653
5636,-4.553851037106231
5637,-1.7794519211153683
5638,0.285192487865229
5639,-3.263059089461609
5640,-0.683918316863301
5641,-6.754637508848276
5642,-4.09295350879345
5643,2.731653262131248
5644,-5.953112941172572
5645,2.260632591063402
5646,-2.795863298727558
5647,-5.99344454264936
5648,-4.745556312365466
5649,1.413120095367223
5650,-5.972744621148966
5651,-6.570477214157244
5652,-7.9098370389072805
5653,-0.14278685608036168
5654,1.1313903377228458
5655,-5.8261587612305314
5656,-4.000410774498209
5657,3.6733724569178605
5658,2.5260251564440543
5659,-2.4680860325630976
5660,-2.744487365993403
5661,-1.948983298455404
5662,-0.48221717508790607
5663,0.49420366124001736
5664,0.8458040317009927
5665,-7.483112164274238
5666,1.2723788880375664
5667,-2.9553384367510422
5668,-6.32193600997054
5669,-0.3043480852840669
5670,-2.0428227371632506
5671,-1.7331105274580572
5672,12.720537092399411
5673,1.510085932048241
5674,-5.773476723341346
5675,-2.9881962371222714
5676,-1.4338674573202692
5677,-3.7914160970103588
5678,-4.09295350879345
5679,-0.3879009194889398
5680,-1.6554741142162075
5681,6.912459692513749
5682,-0.6562467288867497
5683,2.4398981649970546
5684,-2.514778764480403
5685,5.78387196604598
5686,-0.39683178663427726
5687,-2.6469869315880317
5688,-7.9098370389072805
5689,-0.23080408379005435
5690,-4.189962633499637
5691,3.208311847784158
5692,-3.7997458812961344
5693,-0.054376945121187625
5694,-2.9729466245815828
5695,-7.06446239394931
5696,-6.125756625777664
5697,-0.42303404974428305
5698,3.5089448224086732
5699,-0.3021094762364571
5700,-3.1881075388775075
5701,-1.2501084531796511
5702,-2.770609333414824
5703,0.11011806487247622
5704,6.554880934084649
5705,-0.6301661979083311
5706,-6.101525671623031
5707,-0.7061532326085446
5708,3.961489480446065
5709,-0.6534848828316733
5710,-5.554312712221531
5711,3.0429909268528252
5712,1.9990477259426838
5713,3.7632429272312695
5714,3.6040482221921573
5715,-1.4900372118058072
5716,-4.337192505115372
5717,-1.0837845024815795
5718,-7.602994308575838
5719,-2.863087169885686
5720,-1.7326278951589704
5721,-3.0014935254052753
5722,1.644193679717315
5723,2.4750167746959413
5724,2.7340350344939988
5725,-3.097984395336909
5726,0.1905808313938646
5727,-1.5367139005243418
5728,-4.290193460554825
5729,-6.355889740715951
5730,-0.21315591823228264
5731,-1.7282551226396579
5732,-4.851190399381613
5733,-0.3635195038048602
5734,-4.667136156985055
5735,-4.324379192110131
5736,4.440831394674632
5737,0.6660303130866526
5738,0.19573938779356193
5739,2.0138329364760823
5740,-2.7687637821302666
5741,2.7183974562681277
5742,3.9467476841226423
5743,-0.8259646290531218
5744,-4.553851037106231
5745,0.8135177990478956
5746,-1.4138342675974123
5747,-1.9417185459881714
5748,2.4128848263375136
5749,0.2573666473942984
5750,5.983527700015432
5751,-6.246853042134974
5752,-1.6313656520710906
5753,-2.613315809650734
5754,1.353613513870755
5755,-5.99344454264936
5756,-0.699920877334522
5757,-0.0496767371632193
5758,-5.960271841012641
5759,9.831874292146475
5760,-7.503083896410233
5761,2.0294450394487633
5762,-0.4637769046048237
5763,0.24224924819499316
5764,-4.290193460554825
5765,-0.33690837610764524
5766,-0.1216116902669876
5767,-1.5375215077580069
5768,-0.5599712043255818
5769,5.100088137332805
5770,2.766694759481491
5771,0.6487755441675038
5772,-2.8374933947473466
5773,-0.1695758360053068
5774,-0.3069431752762805
5775,0.18322986072663583
5776,-2.4610677981313263
5777,0.008161320278078588
5778,-1.149310757427135
5779,5.780095530457195
5780,-0.42060868026831155
5781,-2.210668702700645
5782,-5.773476723341346
5783,0.7613208665157842
5784,-0.5264537353690224
5785,-3.571297293403651
5786,-2.917959014281501
5787,-4.198367795510159
5788,4.201785141168987
5789,0.7860974984330598
5790,3.8219859802201146
5791,0.860103769726644
5792,1.8875171249039737
5793,3.8209977487057754
5794,3.2940618652005442
5795,1.5309416010456385
5796,4.88573202832357
5797,1.9641167167641336
5798,-2.9060193194958943
5799,1.9989181189196406
5800,-2.834903468063393
5801,-2.271790785036747
5802,-0.5045617679829908
5803,-5.275011946917433
5804,-0.24225882513703256
5805,-5.699003016190607
5806,-2.5317290129640857
5807,-4.324379192110131
5808,1.5592700936340846
5809,0.6709079546212469
5810,-2.039551054383597
5811,-0.05722697953717493
5812,-6.32193600997054
5813,2.5400117270982174
5814,-2.767701800092974
5815,6.389524264201787
5816,0.04531460131954179
5817,0.5469030723709158
5818,-5.6034435396381745
5819,1.476583286582844
5820,-3.9911759620314937
5821,0.5870802006174225
5822,2.9126313818020764
5823,-6.246853042134974
5824,3.571316259011981
5825,-2.6146818706237074
5826,-3.0130233483146145
5827,1.1643685031924342
5828,1.858525135728018
5829,0.7803446059238301
5830,2.8258309710246694
5831,-6.570477214157244
5832,-4.6097682476487805
5833,3.041760624434712
5834,2.36958812871299
5835,-5.898745997446762
5836,2.1561176661925656
5837,3.7815295249146823
5838,3.675049419600051
5839,3.7091932243552055
5840,-6.125756625777664
5841,-1.2079599692602199
5842,2.3147491944528578
5843,1.3006334166586087
5844,-4.039919276487854
5845,1.2660095390607131
5846,0.1558919950375469
5847,-2.836206271555128
5848,-6.288304522683138
5849,1.7253475156009073
5850,3.822660404251287
5851,1.8517119453872515
5852,12.758344549295959
5853,1.1170216811744018
5854,-5.773476723341346
5855,-0.4946361590635893
5856,1.2827089900870943
5857,0.8078554890558871
5858,1.4863402096503324
5859,-3.180576000479465
5860,4.296989149053036
5861,2.2122567139158056
5862,-7.602994308575838
5863,0.5365310727983498
5864,-4.463948202160108
5865,-3.0574734789669287
5866,-6.984792301120079
5867,-6.570477214157244
5868,-2.948925495805953
5869,7.441318517207849
5870,-4.189962633499637
5871,-0.904290610243708
5872,2.691388120982197
5873,-0.763351378929725
5874,-2.5415408299844056
5875,-1.1539200110294523
5876,-4.7082111126873905
5877,-5.117793226300024
5878,-1.466890859722337
5879,0.16990978589379147
5880,-4.090589763520931
5881,-2.90383133706149
5882,0.0609103827376094
5883,-5.558952672386507
5884,3.1811552347121577
5885,-4.088518473587593
5886,2.232412917927134
5887,-1.914815365771504
5888,13.074761706263015
5889,-0.7392500331635949
5890,0.3578594436582111
5891,3.685787546968917
5892,-3.620161607049142
5893,-7.644346322098006
5894,4.128645003624361
5895,-3.7183127182549622
5896,-6.424405782762041
5897,6.086499066935497
5898,-7.602994308575838
5899,-5.557536770300323
5900,-4.745556312365466
5901,-3.0574734789669287
5902,6.072737880896577
5903,-1.7499757546228634
5904,3.9284288322187115
5905,2.1803662626136
5906,1.1340566331757322
5907,2.9423155979032414
5908,2.705665348522124
5909,2.158242168482672
5910,-0.4907132541782109
5911,-1.8080241323206645
5912,-4.215875536394529
5913,-3.927294239202622
5914,-0.14792138177073633
5915,-0.6808717200731111
5916,1.5694582646917445
5917,-1.1987026725947316
5918,-1.521079027310432
5919,-1.9630652982343544
5920,-1.1591077772622154
5921,-4.088518473587593
5922,10.328596995628246
5923,2.133184161451322
5924,6.1429524647484195
5925,1.8669384955076591
5926,-5.773476723341346
5927,3.1156835629315784
5928,-3.9145980988979687
5929,-0.9385762750062017
5930,0.3290246689127833
5931,-2.2736823979788756
5932,-6.424405782762041
5933,-0.1846464735847435
5934,-1.325316919467179
5935,-0.7487588721455436
5936,-4.521696684049056
5937,2.0928103507201032
5938,-6.392868232844689
5939,-6.570477214157244
5940,-5.219079464945381
5941,-5.5675604050826495
5942,0.48490127774396985
5943,1.1751445950141364
5944,-4.290193460554825
5945,-2.180533212589305
5946,-1.2632193163531311
5947,8.0001965466601
5948,5.322415363868743
5949,-5.699003016190607
5950,9.648497351302769
5951,1.0784522455469094
5952,-0.42172169227484024
5953,2.8624177537335473
5954,-3.6596626036691022
5955,-5.558952672386507
5956,-2.007081361324048
5957,0.580668581984156
5958,11.181202488547676
5959,-0.21619763363547173
5960,-4.553851037106231
5961,-1.5545057665042474
5962,-1.6089525539308078
5963,2.197400056599455
5964,1.4358626073830065
5965,0.8135555643576562
5966,-1.3828934929085064
5967,-6.246853042134974
5968,-5.234555835580531
5969,4.689883404027623
5970,0.009468695464402987
5971,-1.4392261180891412
5972,-2.6893953149427645
5973,1.801189959808831
5974,-0.4357465576184829
5975,4.99393208723911
5976,-7.9098370389072805
5977,5.354564854371675
5978,0.015446092761273622
5979,-1.7059363401807939
5980,-3.778390497017502
5981,-6.355889740715951
5982,-3.6480680555830545
5983,-1.9873331242045111
5984,1.9827172557285937
5985,-1.7133686453556356
5986,-1.3763630279653398
5987,-0.3648082687232055
5988,2.707590355666869
5989,0.4451189471997646
5990,-5.644016650193679
5991,6.179511773549374
5992,3.0400672022633994
5993,-3.631929713473961
5994,5.173633052760228
5995,4.280671197478848
5996,1.37760714840876
5997,-0.5676668784367938
5998,-5.595295946142835
5999,5.9161994364854
6000,-4.185940884653701
6001,11.798747560223191
6002,1.8061858695541901
6003,5.325461513746701
6004,6.307943628820478
6005,1.5463716239322158
6006,-7.602994308575838
6007,-0.6853720144606159
6008,-4.172816349180758
6009,-3.0574734789669287
6010,-3.961022003775159
6011,-6.570477214157244
6012,-5.716174698972544
6013,-2.503923832357235
6014,-1.0917899130454929
6015,3.365118448585932
6016,4.371455844858929
6017,3.1504568579177055
6018,-3.6480680555830545
6019,-0.0019795834222042785
6020,-3.9962289171809067
6021,-5.699003016190607
6022,-4.682918584863695
6023,-2.304851326564399
6024,1.4958840114161989
6025,7.3543850886348405
6026,-5.537049240582276
6027,1.7952902003172853
6028,-3.0523410611451594
6029,-3.0352480560582533
6030,-5.514868524421161
6031,-2.8590638900523433
6032,-4.539682393731068
6033,-6.007799022923829
6034,-1.3272027280803593
6035,3.518505977493694
6036,-1.4408145823541394
6037,3.3979063372739273
6038,-0.9695180449345759
6039,0.9069248173357893
6040,4.164555721932796
6041,0.0617258142813899
6042,-7.602994308575838
6043,2.4067926678550844
6044,0.5926081006919639
6045,1.5341153716978984
6046,-2.6238099536852366
6047,-6.549932681407214
6048,-0.08327922339309857
6049,-0.9263600831499164
6050,9.00700970467851
6051,-1.2373510046771063
6052,-2.6423719149858726
6053,-0.9940332852115287
6054,-3.6480680555830545
6055,1.4568241608113335
6056,-6.537956770565506
6057,1.7769792624988374
6058,-2.0563888912406028
6059,4.2773483345142544
6060,-3.9288189031552294
6061,-0.7439649790462988
6062,-0.4832656774140541
6063,2.6484835557054045
6064,7.632784622004396
6065,1.7097053424349635
6066,-2.3975901478229082
6067,-2.1584049982923337
6068,-0.5720806881825586
6069,1.990006218214301
6070,3.151750432794257
6071,-3.2638185852812907
6072,19.122450684698595
6073,-7.644346322098006
6074,-4.09295350879345
6075,-2.52021459833691
6076,-6.099141139322641
6077,-0.2819400924123491
6078,-2.1177278009850102
6079,-4.1491321217914425
6080,-0.2942944997070023
6081,1.4193588881735435
6082,-6.984792301120079
6083,-4.923919352338604
6084,-7.940362566987642
6085,-4.745078829247218
6086,6.019337262993279
6087,-5.087576716843257
6088,-4.290193460554825
6089,4.2168187112948665
6090,9.593556015584
6091,-6.48971704754047
6092,-6.537956770565506
6093,-5.699003016190607
6094,4.707725658328235
6095,1.6653865067791105
6096,-4.090589763520931
6097,2.251156917844492
6098,-5.644016650193679
6099,-5.558952672386507
6100,-2.954825392323835
6101,3.582151033141443
6102,1.2985231721051838
6103,0.9827672101390253
6104,1.2810141050319883
6105,-5.848573963816666
6106,-2.554855432528422
6107,5.354385704630734
6108,-3.622665447237936
6109,-7.468274166742833
6110,-4.09295350879345
6111,-6.246853042134974
6112,-6.424405782762041
6113,-7.1214863885880035
6114,-7.709769026373229
6115,-5.99344454264936
6116,-0.9946388485082001
6117,-3.0574734789669287
6118,-4.2127384685943845
6119,-0.9235768718493338
6120,-7.072568279888763
6121,-0.4491960881140393
6122,-0.42141619923122153
6123,8.330547485929422
6124,-4.242756897812824
6125,-4.720117439405733
6126,2.0364665929051213
6127,-7.06446239394931
6128,0.7548658599940292
6129,-0.44130792856960205
6130,-3.303157511751079
6131,1.7148161189409779
6132,-2.576758902155972
6133,-7.483112164274238
6134,1.8854421701349628
6135,0.7260274233832198
6136,1.7141244959881645
6137,-4.088518473587593
6138,-5.079277622568644
6139,5.472979099493736
6140,3.611218332974976
6141,-3.007221162190291
6142,-5.773476723341346
6143,1.6210489762783027
6144,-2.440953883396653
6145,1.381221599554411
6146,6.345950819945339
6147,-1.4583433303597242
6148,-6.206197736514374
6149,-7.1214863885880035
6150,-2.739381212263893
6151,-2.6344771110476217
6152,-2.01590801015612
6153,3.2433746426043455
6154,-1.4011856279507575
6155,3.3744610528177565
6156,-2.406174590819938
6157,-5.621844046510855
6158,2.9466393354421743
6159,-3.590600204759952
6160,-3.16690170293791
6161,0.2530795997389017
6162,0.5977339649557756
6163,-5.291276242379547
6164,-5.829052988940247
6165,2.6991998067257237
6166,-2.492213917377392
6167,4.6565097757363825
6168,3.0456976443991173
6169,0.9402000593934376
6170,-0.579264900039081
6171,2.3305659145461872
6172,-5.481492588251859
6173,-4.101798345871937
6174,-1.8481411351692327
6175,2.456403582226243
6176,0.4117152634416468
6177,-5.913350250150623
6178,-1.5634534408474643
6179,-1.7466705773390057
6180,1.5683143229521925
6181,3.773159894962019
6182,1.9718971362588178
6183,-0.10491415889047484
6184,-6.417369474000037
6185,-7.0767335518161385
6186,-0.13155095832411856
6187,-5.99344454264936
6188,-0.7702085784838335
6189,-0.4592446509555293
6190,4.924318674665197
6191,0.5892399979044303
6192,-4.217774406637035
6193,2.7828016572555185
6194,-0.7080354703309326
6195,1.6800367712501907
6196,-4.237666728062296
6197,-0.11067145575955983
6198,-3.6480680555830545
6199,1.3453458181214384
6200,5.848264804763511
6201,-4.288725684577159
6202,1.3309192608118436
6203,10.685039210301904
6204,-4.062757346795987
6205,-7.483112164274238
6206,2.353412312782474
6207,2.620999017104682
6208,0.6735428027592646
6209,-2.444829412481406
6210,-6.101525671623031
6211,-2.6577971556738627
6212,-3.886451734406938
6213,0.34279259721761624
6214,2.0500629919769264
6215,1.7776976192631073
6216,-3.468111575939521
6217,5.229197340514281
6218,-4.09295350879345
6219,-6.246853042134974
6220,-1.5138212730079363
6221,-6.038645048743584
6222,-2.784563071906926
6223,1.554483627128341
6224,0.9912125556397108
6225,-3.7370629720652984
6226,6.519139808368104
6227,-6.570477214157244
6228,7.112576049305351
6229,-1.1823186062079194
6230,-1.2098099537940814
6231,1.3771312684536163
6232,-2.8699902634091132
6233,4.664070624526135
6234,3.8788212482916586
6235,4.753875904327391
6236,-0.09744213995835249
6237,-3.452623580336011
6238,-2.5529229602091426
6239,0.23818654224607982
6240,-3.8035456191433
6241,-7.483112164274238
6242,-0.6094051630578248
6243,1.3439317162760183
6244,-6.33869522681839
6245,-0.6357516512619314
6246,-1.6145562351368041
6247,-3.279522547305085
6248,1.4025105264641036
6249,-4.114379151998824
6250,7.181859259026236
6251,-1.3435409514238843
6252,-5.299483342263641
6253,-0.15099255451005966
6254,3.017923892001915
6255,4.17204319476897
6256,-5.10175048125966
6257,2.39577052694991
6258,-4.727645550617353
6259,-5.99344454264936
6260,-4.745556312365466
6261,1.2299231306335057
6262,2.46058144050817
6263,5.185778971974056
6264,2.4623082123747753
6265,-2.6041896708489167
6266,2.3748567089276698
6267,0.6408207163129134
6268,1.92107736051882
6269,2.2489218836878937
6270,0.36971772016846866
6271,-6.6130799726410805
6272,-2.513486927086769
6273,-5.699003016190607
6274,-4.682918584863695
6275,0.9070042432261816
6276,-2.6796255244277516
6277,6.379068248699992
6278,2.5323902297142493
6279,1.9000267128796855
6280,-5.731742666690289
6281,5.869361951538878
6282,0.7552353418913733
6283,3.717481504405579
6284,1.5100167465154548
6285,-6.007799022923829
6286,-1.8945858880388542
6287,-3.151828904413404
6288,-2.355356993622941
6289,-7.801308745512706
6290,-4.09295350879345
6291,2.8059759249907197
6292,-6.424405782762041
6293,-5.992680787505344
6294,-7.510463508843929
6295,8.255002257199742
6296,3.4636855998242844
6297,1.0683084814174497
6298,0.892816150984752
6299,-2.1118827772015587
6300,-7.940362566987642
6301,-3.710803161571372
6302,-3.9294251843426773
6303,3.4572799815184374
6304,-0.3684340399864494
6305,-0.5633481971694354
6306,0.26662837683783513
6307,1.7824251346150186
6308,-3.297684183940399
6309,-0.8429640828700342
6310,-0.5016221987744931
6311,5.129723293718838
6312,6.191576023790185
6313,10.510886449379491
6314,0.7286587228257217
6315,-5.558952672386507
6316,-0.9063349621596248
6317,0.9423979694209309
6318,-5.004967370219902
6319,0.6873157312171463
6320,-0.7347475035445752
6321,-5.759658660658161
6322,-5.773476723341346
6323,0.6368332164163379
6324,8.4334274900948
6325,-7.801308745512706
6326,0.8137078264850505
6327,-0.30707269090822287
6328,-6.044926571702692
6329,-7.1214863885880035
6330,-6.332004186974515
6331,1.0439945272441264
6332,1.6275325558591793
6333,-3.7370629720652984
6334,-4.806647691039053
6335,-5.123611794245036
6336,-4.097795334603845
6337,-5.260607170508891
6338,4.9374406731373455
6339,5.658967018902704
6340,-2.228733272449369
6341,-0.6570506427051148
6342,4.051223628561884
6343,-2.4312342069436914
6344,-6.537956770565506
6345,8.38169586326388
6346,3.2191211823628656
6347,6.930674868850772
6348,-2.9141032027781324
6349,-7.483112164274238
6350,-1.1661566058576311
6351,-1.7100037009099247
6352,-6.33869522681839
6353,-1.3529837929471693
6354,-6.101525671623031
6355,-3.279522547305085
6356,-2.2799137367441022
6357,-6.007799022923829
6358,-6.218430379242146
6359,3.8335212272103747
6360,-5.299483342263641
6361,2.172361452311759
6362,-4.09295350879345
6363,-6.246853042134974
6364,-2.869502312840793
6365,-4.667706836733877
6366,0.6069895880756402
6367,-0.22354941709251852
6368,-1.638776697866815
6369,-3.7370629720652984
6370,5.089130022822772
6371,-2.153366540521866
6372,2.7753524252088972
6373,-3.889656454313476
6374,2.895087296508036
6375,4.661441293738523
6376,2.6116152116958022
6377,-0.27035568518588016
6378,-1.811693107862445
6379,3.825787527724576
6380,-2.3925745642309257
6381,-1.8909143213550585
6382,1.2505100922061423
6383,2.24853765683632
6384,0.5029094075706331
6385,3.1094775236640304
6386,4.837627105629531
6387,-2.122299976759942
6388,0.9801451960351868
6389,1.6179203385734964
6390,-4.149698025558281
6391,2.143213298791224
6392,2.460712346975815
6393,2.916506682246548
6394,-1.71242897864995
6395,1.4354652763737155
6396,-5.348682550272452
6397,-7.788839666408565
6398,-4.09295350879345
6399,-0.7342328281598216
6400,-1.1484130578115175
6401,1.0149682499904273
6402,-2.879563964435505
6403,9.45203545912765
6404,3.6213526600902317
6405,-2.697814919253594
6406,-6.984792301120079
6407,-6.570477214157244
6408,-2.1793516477629264
6409,-5.621844046510855
6410,2.4568889427439675
6411,-5.960851185291082
6412,-4.290193460554825
6413,-6.355889740715951
6414,-3.076768606205616
6415,2.5892530329641428
6416,6.454087888259487
6417,-5.699003016190607
6418,-4.682918584863695
6419,-1.1346251513917887
6420,-2.653397197013182
6421,5.46379735078341
6422,-5.060732746104271
6423,20.501590185737854
6424,-6.33869522681839
6425,-0.36302881799181724
6426,0.24146868653282727
6427,-3.279522547305085
6428,3.9917973946362455
6429,2.0092062512094135
6430,-5.816719194745184
6431,-3.2638185852812907
6432,-5.348682550272452
6433,0.4585766861663821
6434,-3.6570712101707077
6435,0.19665187353516922
6436,-6.424405782762041
6437,1.147544447260208
6438,-5.962411181989486
6439,-5.99344454264936
6440,-4.405604283711176
6441,0.09821838894086529
6442,13.823362284041686
6443,0.14108917572423407
6444,1.2396158037448335
6445,3.110825762323652
6446,-4.189962633499637
6447,-0.8869635219878158
6448,-4.279117425928066
6449,5.510717700318465
6450,-2.5747734006015652
6451,-0.4729299753236166
6452,-6.662397637054442
6453,-5.699003016190607
6454,0.10303758990057776
6455,-4.453281270328014
6456,1.2279787423624402
6457,-2.2836088220171566
6458,1.5653355226900807
6459,2.9051218137359998
6460,3.6221443902731885
6461,-3.170886183878038
6462,-1.2758375310648757
6463,-1.68143569848528
6464,-4.553851037106231
6465,-5.904739564077456
6466,-0.9757405534194943
6467,-3.1714599755060995
6468,4.0487595367473945
6469,4.275964415009694
6470,0.1982528001257302
6471,-0.5561771950706798
6472,3.6462020126312265
6473,2.195013153592044
6474,1.1924386776012552
6475,-0.8832295388113174
6476,8.287504192242713
6477,-3.7903433829390414
6478,-2.6703262584948977
6479,-2.1971787747459373
6480,-5.363273976719036
6481,0.8254731584598006
6482,0.7407252210557989
6483,-5.960851185291082
6484,-3.2132632024571315
6485,-4.419830028571825
6486,4.226305397941373
6487,1.9826401911716922
6488,-1.5938915407464156
6489,-5.699003016190607
6490,-4.83441420324002
6491,-0.35205993431670124
6492,5.547347017385329
6493,-7.483112164274238
6494,0.9223129922650838
6495,3.458830288535611
6496,-7.265946316185513
6497,-4.101798345871937
6498,-0.5954501831243824
6499,3.5669751526522138
6500,8.066916590418366
6501,-4.242039307837953
6502,-5.826309884322183
6503,9.56460354016129
6504,-4.37454603678825
6505,-7.801308745512706
6506,-2.604481037052303
6507,1.0073778940771312
6508,-5.50379876005387
6509,-0.4950550666930893
6510,-2.0876517306843287
6511,4.2861211489060596
6512,-1.8975306931495037
6513,-3.7274262668697706
6514,-1.9707747617210378
6515,-4.2386137421103065
6516,-3.6421729391046123
6517,6.082105674650032
6518,-4.189962633499637
6519,-4.172554908722194
6520,0.28885674319122506
6521,-4.264452417371026
6522,-2.6730125680650567
6523,1.5286561317520113
6524,-6.662397637054442
6525,4.841279499928816
6526,-0.27639952084158426
6527,5.575795883994548
6528,-4.090589763520931
6529,2.487904147817331
6530,-1.8732158085033175
6531,-1.5564442466359485
6532,-5.163485041397248
6533,-1.548992886237534
6534,5.786687423515872
6535,-0.09101075077921383
6536,-0.06491778206018994
6537,4.822851448960202
6538,1.891061058627221
6539,-2.9800349576408736
6540,-1.9995718795093036
6541,-6.913027358814064
6542,6.329513258218611
6543,-6.246853042134974
6544,-6.424405782762041
6545,1.23807994197522
6546,3.5499933323814767
6547,1.4528536150626676
6548,4.6452340226888085
6549,-1.5932302976001456
6550,6.655885600790856
6551,-0.012696504913245032
6552,-7.940362566987642
6553,-5.621844046510855
6554,-4.189962633499637
6555,-2.517889806343831
6556,0.764338433118636
6557,-1.200184847349044
6558,-3.6480680555830545
6559,4.007009333995931
6560,12.317543366319484
6561,-5.699003016190607
6562,-2.106673799278814
6563,-0.01966426655553466
6564,-1.4842376550586411
6565,5.722431194331458
6566,-5.644016650193679
6567,-1.8830154630301006
6568,-5.9541638767253975
6569,-0.9706191116848573
6570,3.6422297580578316
6571,3.6793183604518997
6572,-1.0717337532787208
6573,1.765449838393248
6574,-6.1356738073474215
6575,-3.2638185852812907
6576,-2.0179227999367293
6577,2.4055972189789396
6578,-4.09295350879345
6579,-3.391434057337297
6580,0.46271313552858756
6581,2.613479847476181
6582,-5.99225259582566
6583,-5.99344454264936
6584,-3.1765386447503996
6585,-0.357687687149589
6586,-0.5291823787974917
6587,4.265298572784227
6588,-7.940362566987642
6589,-1.9256262152072972
6590,-1.2792276690661493
6591,-2.8092878817936233
6592,-2.7876119234410703
6593,0.08386172180174056
6594,-2.9703573720042677
6595,-1.9246923741629276
6596,-5.661149473325134
6597,1.2653788139680775
6598,-2.7996507470934646
6599,-3.4760073116063084
6600,-2.9720926156746623
6601,-3.8174481669730143
6602,2.594447242343838
6603,-5.558952672386507
6604,-2.870379925151374
6605,-3.3395235923510307
6606,-6.101525671623031
6607,-0.49908534358254264
6608,4.843125990719546
6609,0.7258507911136087
6610,-1.3989129518770964
6611,-3.2638185852812907
6612,2.6786720497183105
6613,9.216943922983607
6614,1.7375017753395632
6615,-6.246853042134974
6616,2.582002825292159
6617,1.6516766229486963
6618,-2.8317381609897723
6619,0.7635416595179104
6620,-3.3095914804201625
6621,-1.954207583784059
6622,-6.984792301120079
6623,0.32682302473602115
6624,-7.940362566987642
6625,0.3558075209881766
6626,2.3143488316917593
6627,-5.960851185291082
6628,-4.968439498200835
6629,-6.355889740715951
6630,-3.6480680555830545
6631,-2.9817372367024015
6632,-1.471652667050095
6633,-5.030060687335121
6634,3.858100476291099
6635,2.0124398808655837
6636,-3.7382347232382447
6637,-7.483112164274238
6638,-0.10553113228423117
6639,-5.558952672386507
6640,-3.6437361899272114
6641,-0.4099272516134618
6642,-2.1663911646279983
6643,-0.1617721201159381
6644,-0.7547955759412373
6645,-0.09892811304126406
6646,4.672379627656837
6647,0.5370682830934275
6648,-5.348682550272452
6649,-7.450851178259981
6650,-3.966251121752549
6651,-6.116878211004355
6652,-0.7312653477002794
6653,-6.325267347668904
6654,-1.7815738245043224
6655,-2.593747578969456
6656,0.03662476045191543
6657,-0.367272504680663
6658,2.7781576159037478
6659,-6.570477214157244
6660,0.5790115854676725
6661,-5.621844046510855
6662,-4.189962633499637
6663,0.5434429697689269
6664,-4.968439498200835
6665,-3.681117449856725
6666,1.0354681159557464
6667,-6.765433704271722
6668,1.6598347981866
6669,-0.7757886483561298
6670,0.5183451739438025
6671,-4.453281270328014
6672,-4.090589763520931
6673,-5.324176982109989
6674,-5.644016650193679
6675,0.4042542793538435
6676,-7.343341105213463
6677,-4.101798345871937
6678,-0.6562118862916284
6679,-1.1444065928647489
6680,5.217517530373196
6681,1.044166157306072
6682,-1.1711147214136455
6683,-0.27233480910862257
6684,4.197650886498512
6685,-4.327806615130221
6686,-1.0201626706548974
6687,-0.7340903171491048
6688,-4.426004188321009
6689,-2.3142866952167207
6690,6.63424003172415
6691,10.400576192979859
6692,-4.745556312365466
6693,1.6532853286041367
6694,-6.984792301120079
6695,-6.570477214157244
6696,1.9633288145527383
6697,0.6796770898324092
6698,-0.9928004735775762
6699,0.02261248339053401
6700,-4.803231993115874
6701,-6.355889740715951
6702,-4.642891849458425
6703,2.0131238786142003
6704,-6.662397637054442
6705,2.590013027358048
6706,-4.65388498163931
6707,-1.449763295820412
6708,1.4134903499835543
6709,6.228153962293527
6710,-5.644016650193679
6711,0.16798291916420272
6712,-4.978401085573676
6713,-0.7905544995791522
6714,0.30603519870095397
6715,-2.0061667728922257
6716,-2.3578924345706533
6717,-4.864409028921721
6718,-1.0853506941445703
6719,-3.2638185852812907
6720,0.14959976634970418
6721,0.16767912704349708
6722,-1.8615978477870676
6723,2.541535683255054
6724,-2.4349780962331575
6725,-6.222674885964114
6726,-7.709769026373229
6727,6.590347121188984
6728,-3.2926387523594487
6729,4.19556453898055
6730,-6.686249148756502
6731,-6.736348277702911
6732,-7.167058224250114
6733,2.0562959090887913
6734,10.739679364587591
6735,0.22269319815880206
6736,-0.05680183883943024
6737,2.715609578127204
6738,0.8258341920944201
6739,-1.4485343660137249
6740,-6.662397637054442
6741,-1.4466877098309858
6742,-4.83441420324002
6743,3.191457307009828
6744,-2.5093463619901044
6745,-1.0319356635138897
6746,-5.6540575815845315
6747,1.6723508146500803
6748,-0.9599255123614514
6749,-1.280759706736389
6750,0.6016474567737407
6751,-3.412830328359924
6752,0.8680139182222382
6753,1.0568859258466647
6754,-6.218430379242146
6755,-3.2638185852812907
6756,-5.348682550272452
6757,-7.801308745512706
6758,-3.821961396296228
6759,5.254455452335352
6760,-2.3815348090392754
6761,1.681336950337544
6762,0.6660509932938067
6763,1.1382137551638682
6764,-4.745556312365466
6765,3.6829156767342113
6766,-0.48223474532754074
6767,-6.736348277702911
6768,-1.7536940000188475
6769,-5.481320633321614
6770,1.9577847619834592
6771,3.608632984776391
6772,4.002282245436179
6773,3.3065302673433647
6774,-0.9840983895141853
6775,-1.9416265711836496
6776,-6.662397637054442
6777,-7.040854229845052
6778,-0.6723216372230664
6779,-4.453281270328014
6780,6.420190375114089
6781,-7.483112164274238
6782,0.5829137306918428
6783,2.7053737028723237
6784,6.405154879478038
6785,-2.906710859149935
6786,0.6443267756945454
6787,-0.9732916522885608
6788,3.6018174642714595
6789,-6.007799022923829
6790,0.5472744125092345
6791,-3.2638185852812907
6792,-5.286951277978835
6793,-0.18179919675474654
6794,2.0952712394076487
6795,-2.688437110792487
6796,-2.987104658044928
6797,2.3301636607217535
6798,-2.9928482078759524
6799,8.84289566787177
6800,5.929708087665842
6801,4.559553636121623
6802,-6.871270907542614
6803,-3.3972890839570544
6804,3.3483497904062025
6805,-0.6800137638032709
6806,8.342286973669486
6807,1.9456609599990453
6808,1.940145519196946
6809,2.060155192282723
6810,0.5226812264412145
6811,8.950792365687422
6812,-6.662397637054442
6813,-0.12132014325992863
6814,0.4072499639036107
6815,5.7326947838040265
6816,2.2304442719357627
6817,-7.483112164274238
6818,-5.6540575815845315
6819,-2.0106258649140702
6820,-1.4380900476209022
6821,-3.0554040290093902
6822,5.074583841865202
6823,-1.6090034070163228
6824,-4.449379452476058
6825,-0.9353273184134193
6826,-6.218430379242146
6827,-3.2638185852812907
6828,-5.348682550272452
6829,-5.011855540430721
6830,1.6502290816126868
6831,-6.246853042134974
6832,-4.570240300643151
6833,-7.1214863885880035
6834,-7.709769026373229
6835,-5.888080923172279
6836,8.83853301243343
6837,-0.2582470137728626
6838,-6.984792301120079
6839,-6.736348277702911
6840,-7.940362566987642
6841,-5.462520567220066
6842,-0.633413290903881
6843,-7.479313315455972
6844,0.4528794046114802
6845,-2.662992495848939
6846,-6.007037368882226
6847,-7.06446239394931
6848,8.024585081529091
6849,-7.040854229845052
6850,-4.83441420324002
6851,-4.453281270328014
6852,-4.10324383823165
6853,-7.483112164274238
6854,-1.421366471624879
6855,0.9087068537569798
6856,-7.343341105213463
6857,2.9916520458282907
6858,1.1774850515758062
6859,0.11153047257510335
6860,-2.795189684976609
6861,-6.007799022923829
6862,-6.218430379242146
6863,-2.899862913642224
6864,-4.862859040624392
6865,0.04617378544541939
6866,1.637022910488251
6867,4.222962167176492
6868,-3.9591018076513858
6869,-0.9564876874423198
6870,3.5641998068518896
6871,4.920881783574822
6872,2.3033928059520985
6873,-5.154510164020424
6874,4.077487809958734
6875,-6.736348277702911
6876,-2.394812513964487
6877,1.6541925863410092
6878,5.441476670297545
6879,-6.012906581109965
6880,3.5319055931782346
6881,-0.8948014999051654
6882,0.9227334171941919
6883,0.821242698591973
6884,-3.3713835521923206
6885,3.542455690546405
6886,-0.3479348074899596
6887,-4.453281270328014
6888,-4.10324383823165
6889,-7.483112164274238
6890,-1.5469944312933874
6891,-1.9283993599386635
6892,1.8275523082619203
6893,-4.101798345871937
6894,-2.092998026353611
6895,-2.2869450225119876
6896,4.908307833445139
6897,-5.845577818428314
6898,2.3150514971482927
6899,1.4204838035990184
6900,0.353796204312395
6901,3.756757236998121
6902,-4.09295350879345
6903,-0.9876514794167758
6904,-4.953337227927102
6905,-7.1214863885880035
6906,1.3447591870073898
6907,-1.4305920646329473
6908,-0.6714055027286534
6909,1.7672410373703755
6910,-5.694156145288538
6911,-6.736348277702911
6912,-7.940362566987642
6913,-1.21232994265957
6914,-2.1024164043104347
6915,4.321607502784726
6916,-3.4947360342972718
6917,-1.1244076702107673
6918,-5.9581030837332545
6919,1.5583718343225401
6920,6.487968546704803
6921,-4.966623249162153
6922,0.051607848576580684
6923,-4.453281270328014
6924,-4.10324383823165
6925,-7.483112164274238
6926,-5.6540575815845315
6927,-1.014042386178768
6928,2.5316563731663857
6929,-0.32603100805314017
6930,-2.6054952417498276
6931,0.07505066415604326
6932,6.667074639939588
6933,3.6397857990769795
6934,-2.5305923282160383
6935,-2.8930401964527794
6936,0.8877539208190994
6937,-7.801308745512706
6938,-4.09295350879345
6939,3.914168352527368
6940,-6.424405782762041
6941,-2.147298276670507
6942,-7.709769026373229
6943,1.1023503226172964
6944,5.85124400499963
6945,3.6916537095456525
6946,0.8262007422631956
6947,-6.736348277702911
6948,4.939537379949846
6949,1.094806182135755
6950,2.9821251717797796
6951,-7.586657287954412
6952,-4.968439498200835
6953,0.5364118087202807
6954,-1.4801143566769888
6955,2.7379262445154264
6956,-2.4664772108638253
6957,-6.398116692727328
6958,2.577000716420852
6959,-0.1513859008306193
6960,-2.7267835750342706
6961,0.9545879821597865
6962,-5.6540575815845315
6963,-5.343518879525458
6964,-1.3894578407205322
6965,-1.6246727229349427
6966,-1.9636904836102245
6967,6.348760749222692
6968,-6.657693615406339
6969,-5.763727117545179
6970,5.632559293927969
6971,7.191074494173243
6972,-3.915433791799959
6973,-0.787689827960389
6974,-4.09295350879345
6975,2.8514914538634994
6976,-1.2806389656885204
6977,-7.362471246418682
6978,1.6292011960499653
6979,-0.1830785040823522
6980,-4.745556312365466
6981,-4.603035994564907
6982,-6.984792301120079
6983,-2.197892889018967
6984,-7.9510437786714405
6985,-2.6249158695730292
6986,-4.189962633499637
6987,-1.53875106488825
6988,3.6370404856918186
6989,-3.6649055310890604
6990,0.7849298590930464
6991,-2.6239328965196345
6992,-6.078256432011301
6993,-3.916683736098887
6994,-5.379706296487168
6995,-0.32548419275081386
6996,-4.10324383823165
6997,2.1851099460088452
6998,3.677367002072585
6999,1.9727739915781537
7000,1.0021985261332285
7001,9.6995814846451
7002,0.7635748558458024
7003,-3.412830328359924
7004,2.289623143871642
7005,2.1774787759812892
7006,-6.281105998443184
7007,1.1199560648060338
7008,-5.348682550272452
7009,2.5923176613035945
7010,-1.1755125991025948
7011,-6.245560067642004
7012,1.7418920011582677
7013,0.18953001477474565
7014,3.297940027515545
7015,-5.99344454264936
7016,-4.745556312365466
7017,3.3302100822974823
7018,-0.6894086574241389
7019,-0.4086707936031233
7020,-5.031772031247913
7021,-4.283717511798912
7022,-4.189962633499637
7023,-7.586657287954412
7024,-4.968439498200835
7025,1.2690366627168088
7026,2.805929821700254
7027,-2.215952099832555
7028,-5.9949385158745905
7029,-2.755465986331399
7030,-0.31341471886919564
7031,2.0625317732335526
7032,3.796226463652198
7033,-6.981588065573649
7034,-1.1028355206464489
7035,1.56226969885596
7036,-7.343341105213463
7037,2.0780574245094847
7038,-6.101525671623031
7039,2.610875635673884
7040,-6.419453321174561
7041,-2.2482343428426685
7042,0.9173612100013502
7043,1.3285662052951752
7044,-4.550968921623402
7045,5.655780769448698
7046,0.1550646607022248
7047,0.0693262697795255
7048,-1.899633445991788
7049,-1.0464679544457696
7050,-1.3481490548998245
7051,-2.016856724323958
7052,-1.4521132575899882
7053,-3.3124483803162583
7054,-3.0486684564844593
7055,-1.2701189314312191
7056,-7.752727292265495
7057,0.4302819983240336
7058,1.215941640373667
7059,-7.586657287954412
7060,-0.26891307252189645
7061,-3.6344642858197402
7062,-3.0105824137227613
7063,1.6236955591700855
7064,-0.6379364360560722
7065,-7.040854229845052
7066,2.046041340955884
7067,5.804379481535385
7068,-0.3968764691822453
7069,-1.1310255608666278
7070,-5.513858985349472
7071,-1.204450249528389
7072,-7.343341105213463
7073,-2.4120020277035525
7074,-6.101525671623031
7075,1.4813905078252345
7076,-1.6490574039332762
7077,-1.1520656722798537
7078,-4.352416062607818
7079,-0.08410409291117271
7080,1.174247380871803
7081,-5.471893366330935
7082,-7.578494083447419
7083,-5.816348927226485
7084,-0.42188351460146434
7085,-2.6817860752313427
7086,-1.6685201139465935
7087,-0.8079825556566537
7088,5.551955367161424
7089,1.5282368681129839
7090,-6.5442820975095115
7091,5.842014594154747
7092,-0.8443833731266084
7093,-5.621844046510855
7094,6.464071927726198
7095,7.209712859460989
7096,6.832482004822347
7097,-6.355889740715951
7098,0.37146208868319297
7099,-5.410982381050268
7100,1.4550543836401486
7101,-7.040854229845052
7102,-5.379706296487168
7103,-1.0256279504839465
7104,-4.10324383823165
7105,-7.483112164274238
7106,5.736134811527856
7107,-1.0505782590838766
7108,-7.343341105213463
7109,4.808696322547943
7110,3.46825917965573
7111,-1.641805471782092
7112,-6.657693615406339
7113,-5.812715936324542
7114,1.7068546355108443
7115,6.565855064996315
7116,-3.665653165449956
7117,-7.321645688836635
7118,-5.307328469716095
7119,-4.227440009469562
7120,8.873896699863185
7121,-7.362471246418682
7122,-3.3922343644990156
7123,0.9876651102031839
7124,6.019168749549147
7125,-5.154510164020424
7126,-1.5747154721978252
7127,-1.046651489444889
7128,-2.4292181036367553
7129,6.57887664956851
7130,5.506270463036271
7131,-1.0468550271216097
7132,-1.2852008002906552
7133,0.05718862962614191
7134,1.983885280579166
7135,0.9110867900539075
7136,-6.662397637054442
7137,-7.040854229845052
7138,-4.058523962884396
7139,-1.838099567859191
7140,1.2250584698301992
7141,-1.0091544907626933
7142,-5.6540575815845315
7143,-1.6754576016808982
7144,5.150016049249193
7145,-2.042028370172021
7146,1.9435068091757186
7147,-3.412830328359924
7148,0.9888556582929828
7149,-6.007799022923829
7150,-6.281105998443184
7151,3.4321740154819627
7152,2.4433097602325176
7153,1.1501793448536508
7154,2.053673411052694
7155,2.3863462298250813
7156,-6.424405782762041
7157,3.8918703352634205
7158,-3.014899387324449
7159,1.6485379761481926
7160,-4.2861264326800885
7161,-5.154510164020424
7162,-3.1980455895443494
7163,-3.270203522351652
7164,-7.204870125193844
7165,2.724738434247486
7166,-1.1717266922396163
7167,2.8928829622458014
7168,-3.2693936803118318
7169,-6.355889740715951
7170,-2.330375582035856
7171,2.8566746301107484
7172,-0.3909210546541218
7173,-6.79101527282198
7174,-5.379706296487168
7175,-1.8604438585464973
7176,6.371501228844615
7177,0.0894290979326322
7178,-1.7608362598345948
7179,-5.558952672386507
7180,-7.4712255514159915
7181,-2.955716813000759
7182,3.980677277601816
7183,2.3880489015170223
7184,1.9695640683624438
7185,-6.007799022923829
7186,-0.6784545934473327
7187,-0.1929291199079236
7188,5.777518980502588
7189,-7.801308745512706
7190,0.662844783578675
7191,-5.849923253199736
7192,-6.424405782762041
7193,-1.6541958853795817
7194,3.126943309938582
7195,-3.0544360746588715
7196,-0.43192456078797514
7197,-5.154510164020424
7198,8.702734597578928
7199,-6.734529845377442
7200,5.792147086052909
7201,1.7983615603649046
7202,0.08404355615546599
7203,3.025882824951049
7204,-4.878020533528998
7205,-2.239188123558157
7206,-6.007037368882226
7207,-7.06446239394931
7208,-0.07661726138374192
7209,-6.271265613213933
7210,-5.379706296487168
7211,-3.1992116701491993
7212,-0.32466983250852277
7213,-0.31333659939762715
7214,-5.11929426994857
7215,-3.746616515016359
7216,-6.4191044790736065
7217,0.16222495633409828
7218,0.9158398615405411
7219,-1.0047836767242602
7220,0.04833209633777402
7221,-2.6844377324629174
7222,-5.8438768755961
7223,-2.055561402098627
7224,1.1412031680902843
7225,6.988138388324065
7226,-6.7058811033369645
7227,-4.250259957737634
7228,-4.017696594952955
7229,-4.865139108169405
7230,-7.719284342629512
7231,-5.99344454264936
7232,6.972282356975576
7233,2.277443355488514
7234,-0.7880507255048381
7235,-2.124589773248806
7236,-7.9510437786714405
7237,-3.4088986321137194
7238,2.154007936382451
7239,-6.907643518057305
7240,0.3290306329326059
7241,-6.355889740715951
7242,0.26886976833060605
7243,-7.166867317077394
7244,-6.310621125643512
7245,1.315580938908469
7246,-1.0032313115507092
7247,2.617760410763077
7248,-4.10324383823165
7249,3.7698347309441425
7250,3.1343066927884315
7251,0.6364853462773128
7252,-2.9259567455925453
7253,1.4192706390121683
7254,-6.101525671623031
7255,5.0514465260308485
7256,-0.8144086395039571
7257,-5.2422232667759046
7258,1.8859030346107217
7259,-1.5181481594733368
7260,3.0069818608573264
7261,-0.2073568703346691
7262,-3.631652227768641
7263,-6.246853042134974
7264,4.221334969455242
7265,-1.7183531082545598
7266,-7.719284342629512
7267,-5.188393485362504
7268,3.345539725083451
7269,1.7756045683644066
7270,-6.202802939544232
7271,-6.7219273689800945
7272,-7.785718472497945
7273,-1.3486923837525189
7274,-4.189962633499637
7275,2.7728931167435844
7276,-4.968439498200835
7277,-6.355889740715951
7278,1.6929094461361778
7279,-1.581590212101248
7280,3.363489032344538
7281,-3.8119920198755763
7282,-1.9269659268371262
7283,3.032156295051396
7284,-2.4388588657416173
7285,5.688226821760083
7286,1.2362323085615299
7287,-5.558952672386507
7288,-4.247686220333903
7289,-3.0037650923106454
7290,-5.914006298911829
7291,4.985987109954574
7292,0.5180417068059056
7293,5.390777245497008
7294,-6.771793844957252
7295,-2.1415559511812168
7296,-4.679865906957186
7297,3.8881418789993343
7298,0.5633885906036213
7299,4.202256572502748
7300,-6.424405782762041
7301,8.133563639933477
7302,2.9504647063642984
7303,4.66529220060111
7304,-1.144391998795427
7305,0.3806343220902809
7306,1.6611591842459845
7307,-6.70784488414265
7308,-4.3696393219422855
7309,0.2539505044355965
7310,8.873126860952828
7311,2.748859318452104
7312,6.6347826725639685
7313,5.451912446911816
7314,-1.6559271712666292
7315,6.600557352623511
7316,-6.662397637054442
7317,-0.2243831661359531
7318,-5.596278663794753
7319,-4.453281270328014
7320,2.5776398359440726
7321,-2.1641558539736625
7322,-5.6540575815845315
7323,-4.16676403954617
7324,2.2242346582266928
7325,-0.014121779839138648
7326,5.915698884811182
7327,-2.299055928352093
7328,-3.243791461779893
7329,-1.3493173912094314
7330,-1.6866110593632928
7331,-0.5498508434930136
7332,1.0567975707026183
7333,0.4847764041738998
7334,-0.2779307305386762
7335,-6.132465465840562
7336,-6.424405782762041
7337,-7.442511502614852
7338,-4.746118207449616
7339,-5.99344454264936
7340,-0.4415006887933499
7341,3.7956597754293684
7342,0.9089423316338467
7343,4.145915461758998
7344,1.9458337339766838
7345,0.40437642443480915
7346,2.426336880679977
7347,-7.586657287954412
7348,-0.34469676277571715
7349,-6.355889740715951
7350,-4.947116680482541
7351,-0.7192495652806228
7352,-3.3233358461104188
7353,-6.927637357231388
7354,-5.596278663794753
7355,-4.453281270328014
7356,2.8583379409503875
7357,6.9038141312336005
7358,1.414115715652189
7359,-1.7290127903591492
7360,-3.2190897289776927
7361,-4.111855409995917
7362,-6.101525671623031
7363,-3.8225871463756507
7364,8.468369562293049
7365,-5.724523039765927
7366,3.956014509414476
7367,6.115051885470206
7368,-0.8555434565827
7369,-2.4714814878579237
7370,2.1297146182383395
7371,4.717340191024
7372,-6.280014535170725
7373,-2.9399963783629444
7374,-1.4031778675917905
7375,-5.99344454264936
7376,9.043449637234676
7377,-5.04232210862867
7378,0.07937115513669318
7379,-2.9447354846955296
7380,-2.468068079694593
7381,0.17296149994255172
7382,1.7308614264990294
7383,-0.6806610401664757
7384,-4.478906060837415
7385,-6.355889740715951
7386,-1.6491117826092272
7387,-4.632934057024306
7388,0.8938774566216812
7389,-7.040854229845052
7390,2.1579049319793278
7391,-4.453281270328014
7392,-4.10324383823165
7393,-2.282412581444629
7394,0.1390205175468675
7395,-1.7324879808729232
7396,2.1876920114389984
7397,-3.7093474091894123
7398,1.6801529032169333
7399,1.5134377542289106
7400,0.7540796584172136
7401,-6.007799022923829
7402,-6.563045763548567
7403,-2.986435666789981
7404,-5.348682550272452
7405,0.24773768377651972
7406,-5.651450532654624
7407,0.6728513768973687
7408,-6.424405782762041
7409,5.978702572994501
7410,-7.167107489846772
7411,4.984332731936208
7412,-0.8617971438954708
7413,1.6202108718948156
7414,2.124531563873019
7415,2.2734931857146146
7416,0.9374183426118825
7417,-2.2632999702261936
7418,4.369969393007679
7419,-3.41369445324169
7420,2.7717325610062007
7421,-4.157572724677868
7422,-1.1272825206272004
7423,-7.109976363013485
7424,-3.3700475005082478
7425,1.722505863884431
7426,-0.9890262106965511
7427,-0.38417775072451743
7428,0.06825886820356969
7429,-3.770186327879596
7430,-5.6540575815845315
7431,-3.102790516119944
7432,-1.0121414577965226
7433,-3.728906940080437
7434,-1.4837430013153219
7435,0.4328559083462129
7436,-6.657693615406339
7437,-5.948153034326246
7438,-6.771793844957252
7439,5.688753172518552
7440,-5.348682550272452
7441,2.9948536891227002
7442,-7.578494083447419
7443,-0.8570087726843206
7444,1.0418150936872206
7445,-7.442511502614852
7446,4.211624400356033
7447,7.70241803672918
7448,-0.39000189789760065
7449,-5.154510164020424
7450,-2.7952608802572962
7451,-1.9341404764114498
7452,8.628770163648126
7453,1.4551172670419077
7454,4.247440467875473
7455,3.4243167425287777
7456,-0.9514595875817946
7457,6.461605652986563
7458,-6.007037368882226
7459,-0.7222606992512481
7460,0.20654462188776868
7461,1.8312627544820694
7462,-5.596278663794753
7463,1.1665315789063402
7464,-0.3877338262373182
7465,-2.3252789338559596
7466,-1.1049024285939275
7467,-2.840303779374133
7468,1.1588296805371705
7469,5.691026128711826
7470,-5.121871704591811
7471,-3.8225871463756507
7472,-1.9617935918316518
7473,-5.8725325207558265
7474,-6.771793844957252
7475,5.2039226373747836
7476,2.6156714915628196
7477,4.51669588431562
7478,-7.578494083447419
7479,3.1126230312679164
7480,1.8296794948497994
7481,2.542364798838868
7482,2.9184365865355124
7483,-5.736695719699689
7484,6.287346560516193
7485,1.7304932424979715
7486,-6.984792301120079
7487,-0.5133999669447038
7488,-7.943339570576656
7489,1.6302117191138212
7490,6.108091370635136
7491,5.980182111862565
7492,1.5818703550398778
7493,0.3225429134819293
7494,1.436792582588991
7495,-7.141203074310424
7496,-5.785665425356317
7497,10.525840890519655
7498,5.945260017486543
7499,-3.1029684300296623
7500,-4.10324383823165
7501,-5.6037347626635245
7502,-2.0529478326451533
7503,1.9217886798055601
7504,4.383229854787862
7505,4.806274634824375
7506,-0.2987151500646785
7507,-1.0384185888435815
7508,0.9504837223854121
7509,-6.114299223249664
7510,-6.771793844957252
7511,2.720421589758405
7512,-6.868467732032419
7513,2.9514587400477095
7514,-2.280577608428393
7515,-5.104524775682684
7516,-1.6299811937115694
7517,-7.442511502614852
7518,-7.620056965682089
7519,4.009756856787218
7520,4.780214388188025
7521,-5.154510164020424
7522,-4.116882241069511
7523,3.870292347128392
7524,-6.674468976575827
7525,0.7958008675385942
7526,0.8027229906798015
7527,-7.586657287954412
7528,0.32423784905224884
7529,-0.6732953549540399
7530,-2.714085121108991
7531,0.9370838998032954
7532,-1.1472423410937895
7533,2.5256422295491436
7534,9.248737899524281
7535,-4.5473702279555575
7536,14.102011303930285
7537,-7.469507086080883
7538,-5.6540575815845315
7539,2.833585776689798
7540,-7.4712255514159915
7541,6.541497642241443
7542,-4.1190392930589415
7543,0.32633321255599235
7544,0.8814403082678117
7545,1.0729132963374197
7546,-2.828136112579141
7547,4.415936418353671
7548,2.0987403933875077
7549,-2.8013636685688352
7550,-3.779196523597787
7551,9.017319787123498
7552,1.7337149668246679
7553,-6.215309778658408
7554,-7.719284342629512
7555,-0.5104135663552328
7556,0.7245776741550198
7557,-0.6210761113474277
7558,-0.12524279943464045
7559,2.682638293674428
7560,-7.840414534490477
7561,-5.746879798058483
7562,3.182458099640203
7563,6.131256656895125
7564,-4.968439498200835
7565,-6.355889740715951
7566,2.608898029885466
7567,-7.166867317077394
7568,-6.148976882789195
7569,-1.167848577954489
7570,-5.596278663794753
7571,2.4621774087073254
7572,-2.037242684759372
7573,-3.4948574341740297
7574,-5.6540575815845315
7575,-4.62956752788868
7576,5.914951142144556
7577,3.7518662736372708
7578,2.9390198571298254
7579,2.2521092184337004
7580,2.603587286244068
7581,-0.7200073498406574
7582,-2.630424926950197
7583,-2.89198339512512
7584,-6.6685004331357325
7585,-0.43155153569332505
7586,-0.23721116810518939
7587,-6.246853042134974
7588,-6.424405782762041
7589,-4.652362660952255
7590,3.914838921716428
7591,-4.703864177498895
7592,-4.745556312365466
7593,3.69573617208824
7594,-6.7259341552395835
7595,-6.736348277702911
7596,-1.506211689755259
7597,5.258123572955369
7598,-4.189962633499637
7599,1.4189922571375653
7600,-3.6889960509404034
7601,-1.1473237948110602
7602,-0.555984596549512
7603,3.0778306196742
7604,-1.4576037927896794
7605,-2.840678346147871
7606,-0.2635862434154743
7607,-0.6115606170891672
7608,-4.0470264835440055
7609,-6.6918992059099125
7610,-2.658225807689127
7611,-3.1526590566052404
7612,1.1710638460873297
7613,-4.111855409995917
7614,-6.21291822236494
7615,-0.36738913287263386
7616,0.4194392536014684
7617,-6.114299223249664
7618,0.0864267866827435
7619,-1.7256019733394377
7620,-6.868467732032419
7621,-7.801308745512706
7622,-7.610755111367755
7623,-5.439367446504361
7624,4.6623723784607565
7625,-5.6774842227282445
7626,0.032426393187512115
7627,-5.253530068368634
7628,-4.137462698876855
7629,4.182701659460843
7630,0.52862215369964
7631,4.564219684082289
7632,-2.746242089957145
7633,-0.46144140865130545
7634,-4.189962633499637
7635,2.64148868915629
7636,-3.6199074596732705
7637,1.6860799814516705
7638,-6.007037368882226
7639,-7.166867317077394
7640,-6.662397637054442
7641,-7.040854229845052
7642,-5.596278663794753
7643,-4.5473702279555575
7644,1.601196609910035
7645,-2.774893095362272
7646,-1.7867798107334179
7647,3.732155118820108
7648,-6.891609682011255
7649,-4.111855409995917
7650,6.71954545918632
7651,4.609697654903731
7652,5.010370254231142
7653,-6.030360778780256
7654,-6.771793844957252
7655,5.589087725084859
7656,-1.41339996755003
7657,7.275306908575314
7658,-7.30540286601328
7659,2.94279572230701
7660,-3.951494344631903
7661,0.5485775687964727
7662,-6.408525191476924
7663,-1.4151827228444573
7664,5.6896815797292914
7665,-2.2743942995805666
7666,-5.839087004697111
7667,3.9899700359279016
7668,-3.8547933127474425
7669,-2.334969814991951
7670,-4.189962633499637
7671,2.334932597374484
7672,2.7969371893547392
7673,2.837530044763083
7674,4.3319795247803
7675,3.6579655496697034
7676,-6.662397637054442
7677,3.939774417841894
7678,-5.560300010093719
7679,-2.5030517617258954
7680,11.38558677608155
7681,-1.9526610066238714
7682,12.854384969146082
7683,0.5425752948188838
7684,0.39004107271941213
7685,-0.3358755144863914
7686,-6.403689819832495
7687,-4.5306036427241505
7688,-1.1662662702818496
7689,4.976922337194842
7690,-4.916798563092803
7691,-3.2638185852812907
7692,3.265749336070665
7693,-0.4436418942098188
7694,-0.9052782270589286
7695,5.1723033557607
7696,-6.424405782762041
7697,-7.442511502614852
7698,3.947419672935713
7699,1.9838250378400133
7700,-0.20048935728453
7701,4.954830891216587
7702,3.5935348095214366
7703,-6.736348277702911
7704,-7.947394592713589
7705,0.8029601406706764
7706,0.4839014711091778
7707,-7.586657287954412
7708,-1.6975371017221224
7709,4.598788572644354
7710,-6.007037368882226
7711,-6.827361798871097
7712,-5.323672382306395
7713,-0.9327998794159
7714,1.103176624678058
7715,0.7896685771304373
7716,-3.128630196122495
7717,4.33049400930942
7718,-5.6540575815845315
7719,-5.558891119161938
7720,-2.7765784616971487
7721,0.7721395566670333
7722,2.9374383621437445
7723,-4.5306036427241505
7724,0.3984222908380173
7725,-1.2181883230952395
7726,-6.508670923825427
7727,-3.0099599774338452
7728,-7.065002896864114
7729,-3.0151696789952878
7730,9.85460701761358
7731,3.799437286675149
7732,-6.253592298274729
7733,-5.485346927165011
7734,-1.7463249268787713
7735,0.38643088712715823
7736,-0.5029502152150922
7737,-4.979496696327995
7738,-6.072614529464563
7739,-0.3616018209865446
7740,2.7534290151041607
7741,-3.0149607047803277
7742,-2.8871937932549105
7743,2.5187681826938064
7744,-5.0939653710095225
7745,8.21149921678378
7746,3.5568660762295234
7747,0.840984758775204
7748,-6.662397637054442
7749,3.931310012636345
7750,0.811492120225739
7751,-4.624911591126984
7752,3.8225837846986113
7753,8.190848424341524
7754,-2.4528989698383206
7755,2.3338649843017647
7756,2.4374247519135097
7757,-6.811877736614359
7758,6.498961712480586
7759,-4.5306036427241505
7760,-6.657693615406339
7761,0.7542596244599983
7762,-0.25831024700117333
7763,1.4937360034836271
7764,-7.065002896864114
7765,7.320108264002233
7766,2.413770790408229
7767,-6.246853042134974
7768,-4.159701372605898
7769,4.109022340126611
7770,-7.2846778718995395
7771,-6.22374960952219
7772,13.017753952086391
7773,-0.8643853306735578
7774,-4.330515901867646
7775,1.9879792142586732
7776,1.058207118299972
7777,-5.746690762501738
7778,-3.295230881614614
7779,0.07276577894718428
7780,4.292888956657678
7781,1.522478573951567
7782,1.8886880201062555
7783,-3.676543567651861
7784,-6.662397637054442
7785,-2.11997443905909
7786,3.265233561728343
7787,11.628825015983828
7788,-3.8670359144240427
7789,1.0920441014204838
7790,-0.4630517392921337
7791,-5.760735958937073
7792,-7.4712255514159915
7793,2.5340112239917896
7794,-2.8938389270579385
7795,-4.8434521380229345
7796,-0.40776714219459176
7797,6.873233813358098
7798,-1.6623397224393255
7799,1.6956953636902323
7800,-7.065002896864114
7801,-1.2044710456584244
7802,-2.359881474987862
7803,-6.246853042134974
7804,-6.424405782762041
7805,4.176162174722796
7806,-7.719284342629512
7807,4.8688471758265885
7808,0.6548274873570099
7809,1.823237517102657
7810,-6.984792301120079
7811,2.758177350253227
7812,-7.9510437786714405
7813,-5.112529127019714
7814,5.533055347726096
7815,-7.586657287954412
7816,3.6232718465816727
7817,5.117806447266843
7818,-4.064005648880998
7819,-1.6752825115916519
7820,2.8508986693510745
7821,-6.00187377442534
7822,-5.596278663794753
7823,0.8899034579605403
7824,-4.10324383823165
7825,-7.483112164274238
7826,2.381563217735559
7827,-5.591611188117171
7828,6.058387407825691
7829,-2.475259168297552
7830,-1.1943932791329117
7831,-0.17897369103189878
7832,1.2155972972788176
7833,-3.0274715566075696
7834,-6.690582942549887
7835,-3.2638185852812907
7836,-7.065002896864114
7837,0.5875937942330021
7838,-1.8465841312230082
7839,1.6023971218559652
7840,-6.424405782762041
7841,-7.442511502614852
7842,-4.3334815122466335
7843,-5.989317826636139
7844,-2.066594059454263
7845,2.3489791810344327
7846,-6.984792301120079
7847,1.5564332005903823
7848,-7.9510437786714405
7849,-5.746879798058483
7850,2.486082209716889
7851,3.6755331402273335
7852,-3.783721390266946
7853,-2.9681831634024474
7854,-1.4765365666594208
7855,4.231513676226569
7856,-6.662397637054442
7857,-1.6975159620807343
7858,3.328016364407574
7859,4.94635665858169
7860,0.21665823446778268
7861,-2.2879702521303225
7862,-0.05715380785606072
7863,-5.760735958937073
7864,-1.6841211726372656
7865,-6.811877736614359
7866,0.694683524363642
7867,4.955278234303003
7868,11.754168478688655
7869,-3.8254274456725668
7870,4.058928880626872
7871,6.192420162657355
7872,1.695493260675973
7873,-1.758598329027675
7874,-2.1907712747301993
7875,-2.8294835464413666
7876,-4.864572068425893
7877,-3.705529461808716
7878,-1.4782128285369716
7879,-6.22374960952219
7880,-5.014084515719422
7881,-5.362422271195397
7882,-6.984792301120079
7883,-0.23023323544095453
7884,-1.6632501440989262
7885,-0.5467240253085575
7886,1.0155672527479243
7887,4.855405446522026
7888,-5.0939653710095225
7889,-3.5594809399172935
7890,6.228008155672161
7891,-6.596731630457685
7892,-3.5387545103291473
7893,-7.040854229845052
7894,0.020501887743906266
7895,-4.624911591126984
7896,-3.66538321781384
7897,-7.483443074402977
7898,-3.1702883361473644
7899,-5.760735958937073
7900,1.5130101122396216
7901,4.82220142554494
7902,4.758330040296441
7903,-2.0853945924957347
7904,-7.0106484602690875
7905,4.543055242065655
7906,-0.6863222081756966
7907,5.855606989648245
7908,3.112171790210085
7909,-2.4554200000535036
7910,5.575630381884929
7911,-6.246853042134974
7912,-5.569791156002605
7913,-3.9595766365613234
7914,2.383107547965904
7915,-3.823802506984424
7916,7.77534873403336
7917,-4.868769160487696
7918,-6.984792301120079
7919,-1.4387911410354595
7920,-7.616378381939608
7921,-5.4088063709170235
7922,-4.189962633499637
7923,-0.2501723172969712
7924,9.69844423090159
7925,-3.4318089773452813
7926,-2.6795138847008033
7927,-3.078560338866237
7928,1.880656080779032
7929,-7.040854229845052
7930,7.632342414817058
7931,-4.624911591126984
7932,-2.763204796705748
7933,5.776358435543974
7934,0.6439150298456477
7935,1.4331080060854882
7936,-7.4712255514159915
7937,-6.811877736614359
7938,-6.403689819832495
7939,-1.7495159307664467
7940,-7.98840879116341
7941,-3.024176826247719
7942,3.0397157669042127
7943,1.960865620638446
7944,3.3794718488094015
7945,-7.801308745512706
7946,-7.610755111367755
7947,0.04936943438448327
7948,-6.424405782762041
7949,5.710226940498697
7950,-7.719284342629512
7951,-1.0542241748291432
7952,-1.897020510028591
7953,0.8857342327390808
7954,4.132565307594438
7955,-2.3023741207042416
7956,-2.7386391043101983
7957,-5.746879798058483
7958,-1.8092862973941042
7959,-2.4744563056336615
7960,-4.872853155021695
7961,0.48724473233751403
7962,1.2700933396349021
7963,12.259097349640118
7964,-2.428273312858804
7965,-1.054743168265329
7966,2.437611218797312
7967,-2.951847674659986
7968,-3.3472861460871814
7969,4.577237044358522
7970,3.448750774099962
7971,-5.760735958937073
7972,-1.0495169723274702
7973,-6.811877736614359
7974,-6.403689819832495
7975,-4.8434521380229345
7976,5.115223002272079
7977,-6.114299223249664
7978,-4.237902697440988
7979,-0.6329155733866966
7980,3.3353163561401864
7981,10.708454823287752
7982,-0.8214512952198103
7983,-6.246853042134974
7984,3.809996249344314
7985,0.05833542449349081
7986,-7.700140872480608
7987,-6.22374960952219
7988,2.0632528174291296
7989,2.1173464626633245
7990,-6.984792301120079
7991,-6.736348277702911
7992,-7.98840879116341
7993,-5.327296207704672
7994,2.9762066569429466
7995,-5.4952162211342195
7996,-1.121702474679012
7997,8.646264135836613
7998,1.837522911543524
7999,-7.166867317077394
8000,-6.719135583066979
8001,-6.642389539269817
8002,-5.596278663794753
8003,-1.4121021250608394
8004,2.9826753602237597
8005,-0.8252416898621844
8006,1.2773084511387074
8007,1.4183075710831403
8008,5.119017448154381
8009,-6.178156856911331
8010,-6.403689819832495
8011,0.8294109556655977
8012,-7.9510437786714405
8013,4.004298154352265
8014,-6.521470774763667
8015,-3.2638185852812907
8016,-7.109374141747939
8017,-1.8440964092425203
8018,2.8725325831715196
8019,0.5735470231516593
8020,-1.784491890481965
8021,-7.563113233672054
8022,-7.122564676851622
8023,3.7668975094796524
8024,2.8224260027258374
8025,-5.362422271195397
8026,-6.946436371614418
8027,-4.436807945226474
8028,-7.98840879116341
8029,-2.594634128600923
8030,0.382408722060003
8031,-7.586657287954412
8032,-2.2215238148987595
8033,2.9290943140641232
8034,-2.517124921211547
8035,1.2200879084178446
8036,4.741333818711613
8037,-6.757430545398124
8038,3.7235883892499357
8039,-4.222243479372397
8040,1.078895039471175
8041,-5.98243474390977
8042,-5.6540575815845315
8043,-1.78805318614272
8044,5.784352785980344
8045,-1.7737093910838575
8046,-1.759102726573511
8047,-4.8434521380229345
8048,5.817858848759051
8049,-6.114299223249664
8050,1.908785155827733
8051,-0.15895482516864612
8052,-7.109374141747939
8053,-4.06792297190363
8054,-4.909367660412665
8055,-6.246853042134974
8056,1.440782050264903
8057,-3.6012654460897933
8058,-7.719284342629512
8059,-6.22374960952219
8060,-4.737895161421849
8061,-5.217570711874577
8062,-6.984792301120079
8063,0.8372673059284399
8064,-2.620974164523784
8065,2.0219258022313973
8066,-1.96032997752523
8067,-7.586657287954412
8068,1.4426791176262381
8069,14.561974202416984
8070,-4.778071931205176
8071,-7.112360901112863
8072,0.4280229537663572
8073,-4.183642686872305
8074,-2.8149217495458903
8075,-4.624911591126984
8076,4.010282473589724
8077,-1.474807026916982
8078,-2.9507073196976634
8079,5.73646210297813
8080,-0.12122807499615895
8081,3.6143289178755476
8082,-6.403689819832495
8083,-4.921407792589463
8084,-0.5563380283364772
8085,-0.8019575230796521
8086,4.6652059114673925
8087,-2.6839871115104397
8088,-0.23993249072100875
8089,-7.7589350120684095
8090,-1.3284458069835983
8091,-3.1895006273375714
8092,2.450227693853594
8093,2.9144603567476
8094,-1.4094828497656593
8095,-3.513731247701578
8096,-5.03552165427284
8097,-2.206537248357364
8098,-2.5265219565918793
8099,-6.626518976488496
8100,2.1934144025761384
8101,3.0579411975858077
8102,3.898295073155217
8103,-0.7473015397329533
8104,-4.441320573698677
8105,1.6495587509473186
8106,4.355139228939535
8107,-0.5986819688847572
8108,-0.35013425229395523
8109,0.6159007234286871
8110,-3.995506394217799
8111,5.658551293092685
8112,-4.10324383823165
8113,-3.4953173672799203
8114,3.036089030660092
8115,-5.760735958937073
8116,4.60442331128456
8117,1.3626933071070386
8118,1.6778993082677975
8119,0.7721039817933079
8120,5.841561229597254
8121,-6.005632266834299
8122,1.4686254433897072
8123,2.864426855911538
8124,-7.109374141747939
8125,-0.2286262135835686
8126,0.168536881980077
8127,-5.764983604977063
8128,-5.005762324931324
8129,-2.7686703212222215
8130,2.5015000530327
8131,-6.22374960952219
8132,-0.2923282651717449
8133,0.3094297751929611
8134,-1.8088211358214763
8135,4.936045242590096
8136,5.736559099917934
8137,2.6986275734899556
8138,0.7101110791974574
8139,-7.848191076129168
8140,-5.0939653710095225
8141,0.2483402433842149
8142,-0.20710518777779924
8143,6.948217475045337
8144,-6.478944527422549
8145,-7.040854229845052
8146,2.6147442698448726
8147,-1.0311156497979455
8148,-4.10324383823165
8149,0.13809314638532427
8150,0.3918396617299211
8151,-5.346717576070994
8152,0.1823766898224206
8153,4.900990838285943
8154,1.925736599688594
8155,-3.2384909086126354
8156,-4.247228496647284
8157,-5.545584032986782
8158,-3.0525182407472617
8159,3.8370771664802716
8160,3.3915603938073224
8161,2.8861900203501154
8162,-3.885490868908017
8163,-6.246853042134974
8164,-6.359881414660481
8165,-7.563113233672054
8166,0.3163171133174343
8167,10.199125885677615
8168,0.026710582207751354
8169,-2.1350368098257917
8170,4.55160023912094
8171,-6.736348277702911
8172,2.167358359708769
8173,-5.746879798058483
8174,6.426439443357106
8175,-7.848191076129168
8176,-4.65581308435685
8177,-6.355889740715951
8178,-5.90864684917987
8179,-0.4970911554678523
8180,3.175993122313904
8181,-0.4060515529406308
8182,-5.596278663794753
8183,0.28466545909310437
8184,-2.390667467950348
8185,-1.0077973240135276
8186,2.4486620286740597
8187,-5.760735958937073
8188,-1.4535499254075677
8189,-6.811877736614359
8190,5.013694201237261
8191,-4.729926559843522
8192,-7.9510437786714405
8193,-6.114299223249664
8194,-5.985947924763713
8195,5.561338488116621
8196,4.0193521301534805
8197,-1.7864914836047676
8198,3.6545870780832583
8199,-6.246853042134974
8200,0.8412018147994254
8201,-1.0186392296803226
8202,-7.719284342629512
8203,4.617180352816102
8204,-0.9564571642154218
8205,-1.4663692445200902
8206,-6.498382996733701
8207,1.7041672775559296
8208,-7.916152477393568
8209,-1.4427318746769455
8210,-4.189962633499637
8211,-0.6787579821990306
8212,-1.588875872111639
8213,-6.355889740715951
8214,-6.007037368882226
8215,-1.792335838250641
8216,1.9647539010464972
8217,-0.7166901437954998
8218,2.496927087780816
8219,-4.624911591126984
8220,-2.6187316152183215
8221,5.931705463504086
8222,1.8433737912682622
8223,-0.7108520295306139
8224,-3.060064852738857
8225,-0.3801264719855726
8226,4.102375752814288
8227,-1.3735855991755883
8228,1.0919689503326957
8229,-3.069328583149612
8230,-1.9544496391578472
8231,-0.13952061637422747
8232,-0.5342401856312824
8233,0.1595897781902582
8234,-1.3689896844297733
8235,-4.2277308503322555
8236,-2.9146529542275226
8237,-7.563113233672054
8238,-0.7069251640322858
8239,7.090418122171544
8240,1.7843558878636592
8241,3.50518536534201
8242,-3.666889639652631
8243,6.386761402413031
8244,0.21628947740823745
8245,3.1536640802781113
8246,10.802573884130563
8247,9.924300474870757
8248,-4.647007690357631
8249,-6.355889740715951
8250,-6.007037368882226
8251,-1.6692548142710786
8252,-6.719135583066979
8253,-6.945770608665006
8254,-0.4014421203482321
8255,-4.392440527816811
8256,1.4258537976011594
8257,4.936940334796227
8258,3.0044276834813486
8259,2.704203341999022
8260,-7.0749982649763545
8261,4.3557085188889335
8262,10.286817495831144
8263,-4.921407792589463
8264,1.5407541371805304
8265,3.4961053539078613
8266,4.77602780551941
8267,1.9233230712554883
8268,-4.779909129199744
8269,-0.38089733108690593
8270,3.827717045989896
8271,0.8068613689628585
8272,-6.424405782762041
8273,-7.683000819965245
8274,-0.40947702793971086
8275,0.6826348403722262
8276,-5.03552165427284
8277,-3.526925990074183
8278,-6.683704776505638
8279,0.5730057221651121
8280,-6.2428658762096365
8281,-5.4530321702716344
8282,0.7350561563023561
8283,-7.445570074662861
8284,-4.272880373465129
8285,-4.294966068329286
8286,-6.007037368882226
8287,-2.1425088102567904
8288,-0.4903340303349568
8289,-5.018944739149201
8290,0.18695898929126908
8291,-4.624911591126984
8292,-2.16135205085508
8293,-4.344681799406629
8294,0.6932991596451605
8295,-5.760735958937073
8296,1.321724577986043
8297,-4.177571224124183
8298,4.348808539061467
8299,0.5831416428828675
8300,-5.457755597096753
8301,-6.114299223249664
8302,-6.771793844957252
8303,0.15814869625103634
8304,3.249797524385216
8305,-7.801308745512706
8306,5.498192897646054
8307,-0.6138498715088856
8308,-6.424405782762041
8309,-7.683000819965245
8310,-2.4823641496419793
8311,-0.3423989086991106
8312,-0.11854911646971988
8313,-0.430440907595785
8314,-6.9472427099131195
8315,-6.584839107054477
8316,0.29066217710740094
8317,-5.746879798058483
8318,-4.189962633499637
8319,-7.848191076129168
8320,-4.842297241054517
8321,-4.015966646537985
8322,2.17946972377372
8323,-7.5402152213627485
8324,-3.404664538896108
8325,-6.931362083763406
8326,-0.025505277648012692
8327,1.2206571671808588
8328,0.11810605178689138
8329,2.984518856171725
8330,4.745979629772362
8331,-1.7662265799785293
8332,-7.67039335463056
8333,2.2831524341606837
8334,-0.10602270822750892
8335,3.385536191851542
8336,0.1532162911811077
8337,-4.043951447579955
8338,0.10233486152162152
8339,-2.525746649947678
8340,-0.8797421959611249
8341,4.082544311725
8342,2.2856395740648225
8343,-0.1907188615220634
8344,-6.424405782762041
8345,-7.683000819965245
8346,2.939858016688613
8347,4.287773922497812
8348,-5.021021962850314
8349,-5.362422271195397
8350,-6.984792301120079
8351,-0.3980499656422145
8352,1.2213633098229373
8353,1.5807923149240404
8354,-4.189962633499637
8355,-7.852021262581239
8356,0.791606146506271
8357,1.5969129864827987
8358,4.331728999757232
8359,-7.5402152213627485
8360,0.40777203781835203
8361,0.02075717256847076
8362,0.5864949366258081
8363,1.206545003295807
8364,1.9698881148303282
8365,3.337073275423466
8366,2.3150837461354765
8367,1.2389028499648378
8368,-7.688632006563647
8369,-6.811877736614359
8370,-6.049269622169191
8371,-3.834627565068639
8372,-4.421873445425662
8373,-0.5609213362490589
8374,-6.834134150428511
8375,5.566839890870677
8376,5.283826051968062
8377,4.1388347619464065
8378,-2.0830879294765126
8379,0.418363813677326
8380,3.3404832939186724
8381,0.7486219101533351
8382,-7.338161642701504
8383,5.4823249447530085
8384,2.23153688082776
8385,-1.4048805550876082
8386,-6.984792301120079
8387,-6.736348277702911
8388,-6.913942459319607
8389,-1.0631544153761154
8390,0.3049956425808693
8391,-5.8979957287390725
8392,4.71979837902124
8393,-2.4522089386413612
8394,7.4467805189353635
8395,-7.5402152213627485
8396,0.6155179340677801
8397,-1.8670607133162322
8398,1.7797806463904082
8399,-1.6233408884741758
8400,0.607760110035692
8401,-7.483443074402977
8402,-5.6540575815845315
8403,-5.760735958937073
8404,3.33939550434443
8405,-4.863224536436792
8406,-6.403689819832495
8407,-2.317643808158316
8408,-7.9510437786714405
8409,0.8455867473870127
8410,1.4246508415138741
8411,0.28436809072198543
8412,-7.314269538353354
8413,0.8409834374466846
8414,2.9173813539275013
8415,5.47875079621574
8416,-2.4271018242682585
8417,-7.683000819965245
8418,3.6552047756441626
8419,-1.6300269733477775
8420,1.9954018722101425
8421,-5.362422271195397
8422,-0.4472686838813953
8423,0.542817932956316
8424,-7.98840879116341
8425,-5.874974327894103
8426,0.15119619289030695
8427,-3.46317272521026
8428,-3.9409332536159947
8429,-6.411011322347241
8430,-6.007037368882226
8431,-1.9714300507283906
8432,5.3655806828863515
8433,-7.237727799070097
8434,3.9542021784603176
8435,-4.624911591126984
8436,15.670131144196572
8437,0.46258175472641905
8438,-5.6540575815845315
8439,0.8476695435650763
8440,1.997578223069942
8441,-4.144236355261661
8442,8.958346541131975
8443,5.5696303421404805
8444,-7.9510437786714405
8445,-4.9953905874928655
8446,4.936994793683371
8447,-3.2638185852812907
8448,-5.493726283471441
8449,-7.105093320396572
8450,6.1610352022243875
8451,-2.0025645028720294
8452,0.5144498907033253
8453,-7.683000819965245
8454,0.3336827780931815
8455,2.6125171441408916
8456,-0.3070082890237851
8457,0.05923191098574572
8458,-3.844100136726706
8459,-3.0896672446252036
8460,-2.1258524159433874
8461,-5.850644009991668
8462,-0.1698309086862091
8463,-1.6516250218855055
8464,6.612501361441203
8465,5.910139387935699
8466,-6.007037368882226
8467,0.7976303636453225
8468,14.475804158455666
8469,-7.237727799070097
8470,0.7166534088163328
8471,-1.0734304013947429
8472,5.9841000670493045
8473,-7.483443074402977
8474,2.0720145665386935
8475,-5.760735958937073
8476,-7.688632006563647
8477,3.017700641992888
8478,-1.8487614238227175
8479,-5.600848534047012
8480,2.0668258351319664
8481,-6.114299223249664
8482,0.3666284812656866
8483,1.2841165518195368
8484,0.774612241501679
8485,-7.801308745512706
8486,-0.39116146896632453
8487,-6.246853042134974
8488,-1.0275813555205795
8489,4.268405203239537
8490,-1.6085779776667857
8491,6.9484442978794325
8492,-5.03552165427284
8493,-5.362422271195397
8494,4.549455985414989
8495,-1.3111942710330045
8496,0.8709517732028609
8497,-0.3703554838818639
8498,1.4206618782893377
8499,5.686657403633584
8500,-3.7285597063511986
8501,3.6645825310144913
8502,-6.007037368882226
8503,-7.478478852207377
8504,-6.719135583066979
8505,-1.988550473307472
8506,0.6092063096740511
8507,-4.624911591126984
8508,-4.10324383823165
8509,-7.216240137739647
8510,1.6847305677857154
8511,0.13616944515784102
8512,-2.6102432621312253
8513,-0.08627000376941263
8514,2.037175541356718
8515,-5.541834070384871
8516,0.2639472403572054
8517,-5.743453340603593
8518,-5.567302299055773
8519,-3.2638185852812907
8520,-6.8235755378051905
8521,-6.88620932786251
8522,2.9655402322497713
8523,-6.246853042134974
8524,-2.7779975097659504
8525,2.6034811163441995
8526,-1.1454347421003157
8527,1.6083559771438767
8528,-2.7273214450016083
8529,-5.362422271195397
8530,0.7061896984102374
8531,-6.736348277702911
8532,0.5566907022281404
8533,-5.874974327894103
8534,-0.33826103030621013
8535,-7.852021262581239
8536,0.5171658694508005
8537,0.2766555468136369
8538,2.3552516431347525
8539,-7.597096406247019
8540,-1.4993738614506165
8541,-0.15072578824228966
8542,-5.639889947685667
8543,-2.1308120950334533
8544,-2.5149194383505478
8545,-7.483443074402977
8546,3.969094625024311
8547,-5.760735958937073
8548,-3.8627792058573416
8549,-1.6272001411288708
8550,-2.242557182359722
8551,-2.5459608153123248
8552,-7.925676123299159
8553,-5.856442231541801
8554,-6.834134150428511
8555,-3.2638185852812907
8556,3.232309977875312
8557,3.616391876009908
8558,-7.610755111367755
8559,-5.830088080633432
8560,0.6987381330362383
8561,-2.4078407522837586
8562,-7.726652773992562
8563,3.616996538203543
8564,-1.4451372625773287
8565,-5.62945408426808
8566,0.5659759678496501
8567,-6.736348277702911
8568,-0.8462190377989329
8569,-5.874974327894103
8570,-4.189962633499637
8571,-7.852021262581239
8572,-2.6081222769199157
8573,-2.921021130671236
8574,-6.007037368882226
8575,-0.38754457667152514
8576,-2.382877476770731
8577,4.61020841440689
8578,-5.691351020632209
8579,-4.624911591126984
8580,-4.008192012418522
8581,-1.9031612982628394
8582,-4.386496931876763
8583,-1.9578436166624604
8584,1.3709674591236132
8585,-6.455038847082502
8586,6.4873571285344935
8587,4.75982347999059
8588,-2.04723985455914
8589,-3.5003322084433393
8590,6.05840005897004
8591,3.7405018218680453
8592,-6.294006950639773
8593,4.308861378968114
8594,-7.610755111367755
8595,-2.833205555922324
8596,-6.424405782762041
8597,-7.683000819965245
8598,-5.473101000213558
8599,-3.4410656401522033
8600,2.5694966432341055
8601,-5.62945408426808
8602,-1.7045764684097024
8603,-6.736348277702911
8604,-1.1867947912486585
8605,-2.429838296481317
8606,1.2245111956216115
8607,0.5912403108852158
8608,5.956628025611868
8609,-6.411011322347241
8610,-6.007037368882226
8611,5.5738626387850365
8612,-3.663137009080722
8613,5.488808395432967
8614,1.9499306131938403
8615,-4.624911591126984
8616,0.019585279941726652
8617,-0.0647685473753582
8618,-5.6540575815845315
8619,-1.4468747306925855
8620,8.430933160495421
8621,5.956719380485889
8622,0.04472809548360379
8623,-5.920003826652426
8624,-5.068789709277076
8625,-2.3654390788192208
8626,-4.281642279937625
8627,-3.004119471576637
8628,-7.514082596590186
8629,3.230580837237687
8630,-0.37300902552402126
8631,-6.219260393846905
8632,1.5621972204870325
8633,-6.92537519614825
8634,-5.472528286896387
8635,-6.133360412335387
8636,-5.0296474438515135
8637,-0.40936741700168033
8638,-6.984792301120079
8639,-2.3434125014235123
8640,5.901094984198904
8641,0.5938484922148974
8642,6.739229104342292
8643,-6.479857430717048
8644,-3.6040349739327535
8645,-0.9803495895524876
8646,0.2447708213814655
8647,-7.334681082769821
8648,4.176118647621096
8649,-6.875339096626394
8650,-1.4699933647752297
8651,0.9142852801810348
8652,0.6639321906194255
8653,0.0009472153186020904
8654,-5.539935995436261
8655,-3.782557955104572
8656,-1.6072900772695498
8657,-3.3093814623862223
8658,-6.403689819832495
8659,4.393371397218351
8660,-7.9510437786714405
8661,1.6657332330576629
8662,-3.253709539928824
8663,-3.362506548029816
8664,0.421334274368391
8665,-0.5305442149186193
8666,1.0496969423532532
8667,4.610949945748813
8668,2.065553078573887
8669,-1.3091901981249916
8670,-7.049805572893225
8671,-2.0122954242377227
8672,3.0853014757897217
8673,-4.519087838629419
8674,0.19680472996702636
8675,1.1870987174910406
8676,1.1413667850008578
8677,0.2323630409197912
8678,3.5311254618187604
8679,5.552170072025561
8680,-0.7991727509562987
8681,-6.411011322347241
8682,-6.007037368882226
8683,-7.597096406247019
8684,4.30225412991301
8685,1.6910809963284845
8686,5.6108329216236825
8687,-4.624911591126984
8688,1.2511688262484284
8689,-7.547463586535336
8690,0.22231057538977095
8691,-6.452061704722824
8692,-5.476713512533944
8693,3.5487848321499564
8694,-1.729993568250299
8695,1.7649269814737132
8696,-7.9510437786714405
8697,-2.88460380478467
8698,-0.19212949356337172
8699,4.1855968573828335
8700,-3.138719253709929
8701,-7.801308745512706
8702,-0.8399965979466565
8703,0.5930885884447694
8704,-6.424405782762041
8705,1.2723317687074938
8706,-5.138518536771557
8707,-1.8628627537219262
8708,-3.649298246239292
8709,-0.8452643494587108
8710,0.9070673964054883
8711,0.12845074986172378
8712,-7.913201532044413
8713,-2.344376855868445
8714,-4.189962633499637
8715,12.671850099697334
8716,0.3614720222365819
8717,-2.3901898987338694
8718,-6.007037368882226
8719,-7.597096406247019
8720,-0.9447098078506726
8721,-0.7524557858122519
8722,-1.7210762290241557
8723,-2.4468542274440943
8724,2.330158458056291
8725,-7.338371391562358
8726,7.44400999704961
8727,-1.5468436856738599
8728,-7.212450596724364
8729,0.10040079457179174
8730,-6.403689819832495
8731,-5.818566269622529
8732,-7.9510437786714405
8733,-6.114299223249664
8734,-6.834134150428511
8735,-4.990887930103243
8736,5.279683514589708
8737,-6.780651966467746
8738,-7.610755111367755
8739,1.1150968958590828
8740,-6.424405782762041
8741,-7.683000819965245
8742,-7.710226515567658
8743,3.8877185712571416
8744,3.6310959489175194
8745,5.967482326068502
8746,-6.547701191330515
8747,-4.262570162061651
8748,3.6341014973135306
8749,-2.7205100892856424
8750,0.3150983626088806
8751,3.2242113950874542
8752,-5.225886812923916
8753,0.10942120847170456
8754,-1.073099978767866
8755,0.13014580817685384
8756,-2.864658534470415
8757,-0.7319001558152791
8758,-0.6943494242777932
8759,-1.3778982907155177
8760,15.572550572323536
8761,6.400351174920834
8762,-3.7294168815169026
8763,-2.8688315146936545
8764,0.6850853258993725
8765,0.23371169371046435
8766,-6.403689819832495
8767,-5.920003826652426
8768,-0.16236753059341846
8769,-2.945102795097153
8770,1.1388827587559058
8771,-0.3476078076006951
8772,-0.6994992182080693
8773,-3.179854359887267
8774,1.1134309308264818
8775,3.1636647106142863
8776,-6.043164029334507
8777,1.4519798694965689
8778,-7.726652773992562
8779,2.1741526883423092
8780,-5.03552165427284
8781,1.6566421694826
8782,-6.891854330233295
8783,-3.1267307685586236
8784,-4.108916913171793
8785,2.381904022053285
8786,0.8208862811144573
8787,-7.852021262581239
8788,-0.08407681783473636
8789,-6.411011322347241
8790,-4.844673543785521
8791,0.15822120956766494
8792,-0.2617321814541165
8793,-1.269905447723922
8794,2.074805085941205
8795,-0.37827988533290036
8796,-2.9655768686903157
8797,-7.547463586535336
8798,-5.6540575815845315
8799,0.6189627366857198
8800,-3.7197390090115077
8801,-2.818457812357544
8802,-1.9180315928172362
8803,-2.5450691124890668
8804,-6.727834241849992
8805,8.179828132278224
8806,-1.8659540420076466
8807,3.715776997143905
8808,-7.494471004843138
8809,3.5520844709337833
8810,2.4632365373857015
8811,-3.2108007770485676
8812,3.4348211582623627
8813,1.7825922503583964
8814,-2.5511076270565622
8815,2.1210019291999522
8816,-0.8875029219474386
8817,-5.514182794409642
8818,2.56396714528728
8819,-1.5412351390754413
8820,0.07277100527010072
8821,-1.2127588307822728
8822,-4.189962633499637
8823,1.6404591122646304
8824,-2.0015371269829663
8825,2.4841238698849932
8826,0.7528509817101838
8827,1.4858541357469588
8828,2.626989898814808
8829,-7.237727799070097
8830,-1.4360444657440177
8831,-1.0361431968941046
8832,4.510815441415392
8833,-7.643016677598408
8834,13.991829040668645
8835,-6.452061704722824
8836,1.9949521238502796
8837,-6.811877736614359
8838,-6.007694780492399
8839,1.5235541058634734
8840,-7.9510437786714405
8841,-0.6584031861912198
8842,-6.834134150428511
8843,-1.0443846503249914
8844,-2.159506628298617
8845,-1.8677472234286054
8846,-5.687469283506042
8847,1.1616065201153638
8848,-2.6085860208315417
8849,-7.482314884318432
8850,-0.4442484440424045
8851,1.4087611760925085
8852,-1.139341624990063
8853,5.169259868960149
8854,10.39244110763339
8855,-2.192138596172621
8856,-5.073745048122706
8857,2.155936904833149
8858,0.9710189984469859
8859,-6.038324818597042
8860,-3.050807738479126
8861,-1.5807017001687607
8862,1.7351755053400613
8863,-0.9176021929291962
8864,-6.719135583066979
8865,-7.237727799070097
8866,-1.8961566227332451
8867,-0.6828736092154024
8868,4.095891260574
8869,0.9186025940725482
8870,1.3567277176992378
8871,-6.044589145231297
8872,-7.688632006563647
8873,1.8106174335356182
8874,2.7904690318152623
8875,0.30577759806958527
8876,-7.9510437786714405
8877,2.6653082105606645
8878,-2.603308833560709
8879,0.06778817939280568
8880,5.414076111563227
8881,-7.0713075496335085
8882,-7.610755111367755
8883,-6.246853042134974
8884,-0.971961770413634
8885,-1.5844763201238212
8886,1.057516012151915
8887,7.12733173895609
8888,-5.057711184676144
8889,-5.62945408426808
8890,-6.984792301120079
8891,3.0524555651385965
8892,-7.98840879116341
8893,-3.9359465697637095
8894,-4.189962633499637
8895,-5.678312777933632
8896,-5.225886812923916
8897,-6.411011322347241
8898,-6.111326713303283
8899,-1.3514706586958618
8900,-1.2253692199466861
8901,-7.237727799070097
8902,1.0093000460546264
8903,-4.624911591126984
8904,-4.10324383823165
8905,-7.032783917254772
8906,-4.202662366540558
8907,2.2616102069281077
8908,3.5674795482575337
8909,-6.441461317742048
8910,-2.7621739691960627
8911,-5.920003826652426
8912,-1.6487015637637636
8913,-4.114395890467449
8914,1.4300867847958374
8915,-4.282066419125377
8916,-6.391338470912784
8917,0.2964923214736923
8918,6.715206614254664
8919,-5.199246730058428
8920,-6.424405782762041
8921,-2.459802236317435
8922,2.193657022513887
8923,-1.4687700994322421
8924,2.0323854851318757
8925,-2.0003162275882236
8926,-0.20948569913515502
8927,-1.2689236879674786
8928,-0.6073377163913487
8929,-1.2791798929298266
8930,-4.189962633499637
8931,-7.852021262581239
8932,-5.225886812923916
8933,1.013881353338077
8934,-6.111326713303283
8935,-0.6937003144108115
8936,-6.719135583066979
8937,-2.675919348917371
8938,-4.872249392872086
8939,0.589612021053098
8940,-0.5116898267119733
8941,2.542596737791827
8942,5.84521952403677
8943,-1.4364062946512943
8944,2.27597121816037
8945,-6.811877736614359
8946,-6.403689819832495
8947,-5.920003826652426
8948,1.0212828809628038
8949,-6.114299223249664
8950,-6.834134150428511
8951,0.9110211898039173
8952,-3.121339754718025
8953,5.633437295722024
8954,-3.3054845696280215
8955,0.05738533523149569
8956,-1.0077043671499974
8957,-1.5248985667637212
8958,-7.71020477454805
8959,0.8462785736632884
8960,-5.057711184676144
8961,-0.33080274517589103
8962,-6.984792301120079
8963,-6.736348277702911
8964,-6.91459046555508
8965,-5.874974327894103
8966,9.154257045909782
8967,2.3893215517506627
8968,-3.2215990762539857
8969,0.1214720074900173
8970,-1.1736444664800292
8971,4.695770631468775
8972,-6.719135583066979
8973,-5.867408449950635
8974,-4.306228575581886
8975,-2.323930513061973
8976,-2.4909580118495263
8977,-0.8275724978314831
8978,-5.6540575815845315
8979,0.7239753663777612
8980,-1.7215431989695702
8981,-6.909843263234133
8982,-6.403689819832495
8983,-0.6998154514032736
8984,1.3447568709520485
8985,3.581569748408042
8986,-6.691892100255911
8987,-4.990887930103243
8988,5.431254886271446
8989,-7.295848318638141
8990,-0.32679383585170996
8991,-6.246853042134974
8992,-4.43458040892064
8993,0.9676182369591462
8994,3.357409090491632
8995,-6.347702666654641
8996,2.970386945801153
8997,1.0521818564428214
8998,-6.746184752081525
8999,-1.641347968134145
9000,2.417595128729152
9001,-1.4350370738350409
9002,-1.2916243012957809
9003,-3.8684085291407726
9004,3.3087625513153247
9005,-4.593394283234883
9006,-6.2623084677633205
9007,7.291397283468855
9008,-1.2680774434811817
9009,-7.237727799070097
9010,-2.270188953536716
9011,3.5047231808358084
9012,-4.10324383823165
9013,-6.996045384359051
9014,1.147425140907011
9015,3.448148444168636
9016,-7.320880424449113
9017,-2.2101425538227666
9018,-4.916458314176299
9019,-4.450148989023688
9020,-4.9920602561288785
9021,1.139321689673885
9022,-0.5525802747134845
9023,-3.2705007315472954
9024,2.912871141949159
9025,-0.7350800858056594
9026,-7.610755111367755
9027,-6.233347357527178
9028,-0.16761068303940796
9029,0.31262756869854513
9030,-7.726652773992562
9031,1.637010341192171
9032,-4.610656945626383
9033,4.703889368363594
9034,0.3129392130037525
9035,0.5675210592589628
9036,-2.3682518041519796
9037,1.7262652971049306
9038,1.1426084413001871
9039,-0.3067348485956958
9040,0.20805520020230417
9041,-3.4816116456421766
9042,7.35438332174356
9043,-7.604118514757308
9044,-6.719135583066979
9045,-1.0267504222288781
9046,-5.691351020632209
9047,-4.624911591126984
9048,7.150682945724338
9049,-7.504214567689184
9050,9.604155870932921
9051,6.295173519690838
9052,-0.7377662000022753
9053,-0.8111493249218681
9054,-6.403689819832495
9055,-3.4388520594544225
9056,-1.6771032536691366
9057,4.485610162373017
9058,4.214660246046286
9059,-2.200133905574635
9060,1.595879915164846
9061,2.8347706963789716
9062,-5.0866823253085505
9063,-6.109838361503132
9064,-6.424405782762041
9065,-7.683000819965245
9066,5.535524636376415
9067,-6.347702666654641
9068,3.9285756508461933
9069,2.9055395756132327
9070,-0.5270256913748099
9071,-3.674442414242403
9072,0.8448181053541668
9073,-3.362260578313604
9074,1.319492444018762
9075,-7.852021262581239
9076,-1.9704196475007747
9077,-6.411011322347241
9078,-4.924527352462095
9079,-7.720119335439797
9080,-6.484814470693331
9081,-7.237727799070097
9082,-5.691351020632209
9083,-0.09559986753667737
9084,-2.8858889925614286
9085,-2.6569157338688925
9086,2.155464472469765
9087,-2.4455383508770585
9088,1.5880914702425906
9089,1.8455413109252086
9090,1.4025948646470188
9091,-5.920003826652426
9092,5.949129648220691
9093,-1.302767169047222
9094,-6.169797072369309
9095,-5.0158316693132265
9096,1.5352865160828344
9097,-0.6820506537011959
9098,3.4931124272508742
9099,2.757088088461754
9100,-6.424405782762041
9101,1.5338724364331229
9102,-0.8717923944062218
9103,-1.8780858123222046
9104,-0.2467837651194862
9105,-1.4685427255548884
9106,-6.386219009588634
9107,-3.5065795968423155
9108,8.373486789682941
9109,2.037859999875338
9110,0.39116600621320163
9111,-7.852021262581239
9112,-3.2295992285041994
9113,0.3390695800402882
9114,-5.108025647158071
9115,6.934764130082252
9116,-5.995858113895088
9117,-7.237727799070097
9118,3.3645375875552737
9119,-4.624911591126984
9120,-4.10324383823165
9121,2.6306119177133245
9122,6.088202896248929
9123,-1.748231594282238
9124,2.2378878366519244
9125,1.2093544160493375
9126,1.7359730834150215
9127,-2.9164751944463427
9128,-2.224973366003481
9129,8.849309503123731
9130,-1.4417149489641878
9131,-5.0158316693132265
9132,-3.5690492925659196
9133,2.189222539692877
9134,-5.369641516860046
9135,-6.246853042134974
9136,-1.1764477754819924
9137,-3.213264030676396
9138,-7.726652773992562
9139,1.7316838005304445
9140,-4.483963177343685
9141,-1.9222363363886157
9142,4.927741625740896
9143,-6.736348277702911
9144,-8.004334274892036
9145,-5.967285911678708
9146,-3.680300936558134
9147,6.8269975487795005
9148,4.065795836052929
9149,-0.5582686324615042
9150,0.22282413638060905
9151,5.731715655110222
9152,-4.594769949119106
9153,2.018755087570092
9154,3.908470585117654
9155,-1.2020668474211917
9156,11.700820103129619
9157,-7.643016677598408
9158,-0.6559894619882396
9159,-6.452061704722824
9160,-7.608703999926249
9161,0.47231556859897883
9162,0.17908889690991758
9163,-1.566821365890456
9164,-7.847829298353949
9165,-6.114299223249664
9166,-3.400801223875381
9167,-0.9685035044166463
9168,-7.022573321682779
9169,-7.801308745512706
9170,3.3070278727120708
9171,-6.246853042134974
9172,-0.8885697037121777
9173,-4.356031839168578
9174,-0.7130389688652263
9175,1.945218701365253
9176,-4.3874950468739495
9177,-2.9210265911121103
9178,-6.984792301120079
9179,6.828566033607956
9180,3.5831190503459736
9181,4.0760472304738835
9182,15.108881928182516
9183,3.2877784220106685
9184,3.3421691076050632
9185,-6.176649738726669
9186,-0.43146371951914153
9187,-2.978062415328429
9188,-1.5606637717674166
9189,0.5528203627364017
9190,-5.691351020632209
9191,-1.166174419586652
9192,3.0096283146490608
9193,-2.056136913993451
9194,-5.6540575815845315
9195,-6.452061704722824
9196,-7.688632006563647
9197,-0.5702636204815748
9198,-3.002165592831298
9199,-6.9263345052434895
9200,-0.5264211394511991
9201,-1.5656079709718025
9202,2.8811687353121127
9203,0.16340447014133153
9204,-3.577380642476841
9205,4.767157168273947
9206,-7.610755111367755
9207,3.9793727716122187
9208,-5.602408351596838
9209,-7.683000819965245
9210,-7.54975055051971
9211,1.5080465593533403
9212,-5.057711184676144
9213,0.6387458510847842
9214,-6.849590951494678
9215,-6.736348277702911
9216,-8.004334274892036
9217,-2.8920284889748915
9218,6.481382917854271
9219,-1.0968735061834027
9220,-0.5866262001708373
9221,5.55784906473472
9222,1.5106715148909522
9223,-7.753850911608645
9224,-1.0923297337711
9225,-5.6957284865139455
9226,-2.911378646687882
9227,3.182401259767304
9228,-0.31481657243108496
9229,0.34662714538402173
9230,-1.127498414986877
9231,-6.452061704722824
9232,2.1245495984519116
9233,0.9685551382795667
9234,-2.8234770330212235
9235,-5.530764873589285
9236,-7.9510437786714405
9237,4.195247506244327
9238,-6.834134150428511
9239,-2.1824663969479667
9240,-3.9530320131568737
9241,-7.142663107528824
9242,1.1874279614114949
9243,-0.7953127436407799
9244,-4.812660415356099
9245,-5.012231865038989
9246,1.8435388650398687
9247,-0.3623819468132372
9248,1.6478979170421448
9249,1.6389082993919992
9250,-1.7108083571280284
9251,-3.467262580060196
9252,-8.177261603128496
9253,-1.2216781140640474
9254,1.0892078520175783
9255,3.9653931971908603
9256,-5.225886812923916
9257,-2.9525043343609347
9258,1.2319293725341773
9259,6.81960546984495
9260,-0.5897605520039195
9261,2.959220729600084
9262,4.002739395077885
9263,-4.8750039121147495
9264,-3.9208927672961753
9265,-7.643016677598408
9266,-5.672157164877403
9267,4.238269467293579
9268,-7.316477145617629
9269,-6.804145404133727
9270,-5.879984807708786
9271,0.3626920832518371
9272,-7.9510437786714405
9273,-0.9482540659733507
9274,-1.5746344525806488
9275,0.9203174870686892
9276,0.04527508965397509
9277,-0.9934269468856893
9278,-7.610755111367755
9279,2.919718004508586
9280,-6.424405782762041
9281,7.412751652344916
9282,3.1560019637940586
9283,-1.2966903477282448
9284,7.3435002593212975
9285,-5.661221635601814
9286,-6.984792301120079
9287,-2.619792984036608
9288,-2.865274235707301
9289,-0.23509332607508737
9290,2.6544031799826087
9291,-6.41597395777589
9292,2.53596847984976
9293,0.20335964028925974
9294,-0.6033362536302445
9295,-0.6927444929997997
9296,-5.678072309010767
9297,2.8085876339080964
9298,-1.2779704694682552
9299,-4.8750039121147495
9300,-3.435669996577222
9301,10.524330453648398
9302,-3.163811983998019
9303,-0.07705215021496625
9304,-7.527886460991186
9305,-6.909843263234133
9306,-1.2871317630897492
9307,-6.657249444584682
9308,-0.2529324958629793
9309,-2.5700293385082844
9310,-0.8366600879531074
9311,-3.8761799536602326
9312,-6.52645416245099
9313,-0.8564403547048627
9314,1.8071027777331303
9315,-6.246853042134974
9316,6.244081049968645
9317,-7.683000819965245
9318,-3.817574108139949
9319,-2.5002840271955105
9320,-5.057711184676144
9321,-3.1357603245776065
9322,9.531827131883535
9323,-6.6775544498479915
9324,3.349765471944309
9325,0.40786448618811777
9326,-2.1642159185208945
9327,-7.852021262581239
9328,-1.4818489761034144
9329,-6.411011322347241
9330,4.584059918572027
9331,-1.8018783886953507
9332,3.897558929250164
9333,-2.861969718344172
9334,1.7545325964872571
9335,-1.2075101505407435
9336,-3.1856481889702475
9337,-2.863325519155932
9338,-3.8328438924956854
9339,-6.452061704722824
9340,1.0268561204461526
9341,5.668190966130181
9342,-3.269739602116455
9343,-2.393682573620131
9344,0.912244315538737
9345,0.7409726578125513
9346,-0.8151227620993557
9347,4.976732734151432
9348,0.11377051307578828
9349,-7.758189835979065
9350,-7.610755111367755
9351,2.6620955258893577
9352,-0.8174952005778362
9353,0.9971478374569173
9354,-2.6083134791770095
9355,1.2858257506833797
9356,-5.057711184676144
9357,-5.661221635601814
9358,-3.3877342482202573
9359,-6.7656203477421855
9360,5.10283262888315
9361,1.4115253578220779
9362,0.17810319892312076
9363,-7.852021262581239
9364,1.8119674071841003
9365,-4.235367855973428
9366,6.758362006620811
9367,6.737127156573184
9368,-2.7014784940192285
9369,-0.205887888884658
9370,2.647408038293003
9371,-1.9811949585316788
9372,0.5946795762482342
9373,-4.427097196176156
9374,6.062206884467443
9375,-2.1327157595515143
9376,-7.688632006563647
9377,1.8750483499988735
9378,-5.899403869478283
9379,-1.4484674485804394
9380,1.4383570588817554
9381,0.9840238578341776
9382,6.57256273483797
9383,0.4012635754345351
9384,1.2611468146089133
9385,14.442296516040798
9386,-7.5976657642881715
9387,-6.22795383747289
9388,-4.798171381878109
9389,1.8709918262848406
9390,2.7925311632107026
9391,-6.347702666654641
9392,0.488428663537385
9393,-5.926284882979563
9394,1.7141137088159044
9395,-4.452430039232893
9396,-3.5705541315261438
9397,-5.967285911678708
9398,4.329464529309383
9399,1.5792465431583826
9400,-4.15662671827583
9401,-3.233194415953066
9402,2.61065597522996
9403,1.1311935218580262
9404,1.5258653285628858
9405,-7.388768240167536
9406,-3.7672812739785635
9407,4.803791592016795
9408,-4.10324383823165
9409,1.5827137723784401
9410,-1.803503616595019
9411,-0.07368156551847682
9412,-7.688632006563647
9413,-3.8393085122814368
9414,-6.403689819832495
9415,0.796699512885692
9416,-8.251440183326402
9417,-6.114299223249664
9418,-7.96262176977989
9419,-3.1988566461728447
9420,4.001685568944602
9421,-7.801308745512706
9422,3.836921809314523
9423,-6.246853042134974
9424,-3.0280689688976477
9425,-7.683000819965245
9426,-7.281959224190161
9427,-2.042953479201418
9428,1.9770941589814393
9429,-5.926284882979563
9430,2.2558000698943896
9431,0.0757372814902535
9432,-2.634498563802567
9433,0.26202039608822414
9434,0.8430102876289585
9435,-7.852021262581239
9436,-0.6102051993108264
9437,-6.411011322347241
9438,-6.269327747771808
9439,-7.485701862490579
9440,2.7304678267340554
9441,-7.388768240167536
9442,-1.290040822721186
9443,-0.11701770000382339
9444,-4.10324383823165
9445,0.7553153811688252
9446,-4.607535540757584
9447,-1.0725647357065107
9448,-3.5696472940595916
9449,9.009523591879123
9450,-4.692433583683612
9451,-0.6124212902726185
9452,-1.0139960890167943
9453,-2.66808684832137
9454,-1.417138896798258
9455,4.416428953096178
9456,-7.514082596590186
9457,-6.31835329192221
9458,-0.199428922678353
9459,-1.1099808825006066
9460,0.7477622428838546
9461,-7.683000819965245
9462,-1.4766113288827458
9463,1.3497291822726194
9464,2.6759540547838596
9465,0.39263821249860253
9466,-3.262864552096844
9467,-6.7656203477421855
9468,-2.8519645679849717
9469,10.992558755274445
9470,-0.25931258929277323
9471,-6.025274075050203
9472,-0.3191874061317781
9473,4.159977819800638
9474,-6.269327747771808
9475,-5.813922395411282
9476,-1.6277453588325068
9477,-3.4305221661369174
9478,6.651694723307519
9479,-0.8237745040765019
9480,-4.10324383823165
9481,-7.2118990356396075
9482,0.25538741948719174
9483,0.19733314728930407
9484,0.4692540765365032
9485,5.524787266961038
9486,-6.136093560304977
9487,-1.9729011615403202
9488,-6.582626795795111
9489,-3.7562239328480995
9490,-3.567099283764274
9491,0.6575355122402298
9492,-7.514082596590186
9493,-7.8169667912812075
9494,-2.828611543736802
9495,2.395242800431472
9496,-6.613020040911487
9497,-7.683000819965245
9498,-7.76981300583788
9499,-6.394437094515718
9500,-5.057711184676144
9501,-5.262461379800599
9502,1.2058275003290295
9503,2.4355983755860153
9504,0.17779713685286594
9505,4.418489351545229
9506,1.3093005317449704
9507,-2.007999246322007
9508,0.3060293107763013
9509,6.576629096664275
9510,9.10642727623728
9511,-3.677469446085984
9512,5.337956866686811
9513,-4.18495542996344
9514,2.2636122945664385
9515,-4.8750039121147495
9516,-1.1714087671256337
9517,-4.9200381619396065
9518,-5.277421114997778
9519,1.1817146334241875
9520,-2.8102079654408403
9521,-6.909843263234133
9522,-0.8674956537034899
9523,8.731701955631927
9524,-8.177261603128496
9525,-5.58206654110294
9526,-6.4265965800979545
9527,-5.0158316693132265
9528,2.494406551635328
9529,5.639659689397371
9530,5.13588902768021
9531,-5.8834518439416446
9532,-6.613020040911487
9533,-4.719331465579552
9534,-1.1875224390331574
9535,4.168730739352523
9536,3.7158662020850173
9537,1.7260548315387327
9538,-6.984792301120079
9539,0.8542926353337252
9540,-1.6797674057995011
9541,2.9606161897935186
9542,-4.189962633499637
9543,-4.665739387878755
9544,3.3329958857967688
9545,1.607639670168482
9546,8.37573705171737
9547,1.6307973219262464
9548,-6.719135583066979
9549,-1.8976177899309123
9550,8.124290107180588
9551,5.270839819535503
9552,-4.10324383823165
9553,-7.529494000888911
9554,-5.672157164877403
9555,-5.2745460837454
9556,-4.763047456472682
9557,-4.9835101655134135
9558,9.44923815698317
9559,-3.823673509718184
9560,-7.375365966182908
9561,-6.126951170151534
9562,-7.974077196674063
9563,-2.8072921481992172
9564,15.46591401091846
9565,-3.4264489914496092
9566,2.571804336522912
9567,-2.8276128923335424
9568,-1.848489658237666
9569,-3.8529355059331114
9570,-7.76981300583788
9571,3.7617443963819768
9572,-5.057711184676144
9573,1.7414527685710455
9574,-6.984792301120079
9575,-1.6706468562724353
9576,-7.353294817858905
9577,0.07224797337837074
9578,5.365192723869983
9579,-7.852021262581239
9580,-4.1300171805356385
9581,2.373281875724184
9582,-6.182799369870914
9583,2.3249362189508296
9584,-2.726625334343341
9585,-0.9021618014750609
9586,-5.691351020632209
9587,1.9733393224188427
9588,-4.10324383823165
9589,1.7057274446463606
9590,2.736874514760782
9591,3.0616992939919094
9592,2.9259992045034147
9593,-0.24767872657112244
9594,-0.40494890541259876
9595,6.532003460329806
9596,-8.177261603128496
9597,-6.126951170151534
9598,-7.295265144639704
9599,-0.9571165152261687
9600,-0.05315364485938989
9601,-0.5112333031902727
9602,2.406319244858395
9603,-6.2451626104639315
9604,1.6177314413764585
9605,-0.20381781817685063
9606,-7.165039560979638
9607,-0.905578931628674
9608,-1.853284777855356
9609,-3.96406258238136
9610,-5.670902840322718
9611,1.743861997747271
9612,-8.251440183326402
9613,-5.9757687625208495
9614,0.9162637263092348
9615,-0.1844571735054449
9616,3.8156520102767715
9617,0.40625485832002317
9618,-3.678272497170912
9619,1.3029326372504664
9620,-6.719135583066979
9621,-3.9107896549661847
9622,0.9816118464864961
9623,-2.5310109503137097
9624,-4.10324383823165
9625,2.993147038022696
9626,8.537933484417898
9627,-6.452061704722824
9628,2.1029567658198594
9629,1.2234976428089193
9630,-4.849692418720629
9631,-6.9263345052434895
9632,-2.206208862302188
9633,-6.126951170151534
9634,11.324793777713726
9635,-5.0158316693132265
9636,-1.9582384664840424
9637,4.27346770867741
9638,1.8316012579808791
9639,4.122114158066213
9640,2.458395432382657
9641,4.652301527202702
9642,-2.8829836403807896
9643,4.114620519652593
9644,-0.986563702606241
9645,-1.3822560386992522
9646,-6.984792301120079
9647,3.6976407046818536
9648,4.958721227654791
9649,-4.777405356395079
9650,4.670067256464622
9651,1.7189096192911668
9652,2.3267687067565284
9653,3.1526349980948734
9654,0.49357656244137615
9655,-0.6824241243082194
9656,3.443034167377853
9657,1.071120389692855
9658,-0.9340042074705764
9659,2.696165572300704
9660,-0.8131228614525156
9661,1.9073902350685517
9662,-2.2553486138601997
9663,5.560096137691391
9664,-7.688632006563647
9665,-5.83300442680432
9666,-6.403689819832495
9667,1.0664609685334305
9668,-0.5794581301222191
9669,-6.126951170151534
9670,-7.955513587367833
9671,-2.034718650978667
9672,-0.6289547318778891
9673,0.33466095316008354
9674,-7.610755111367755
9675,-6.246853042134974
9676,-3.818730073359001
9677,0.22157454624599104
9678,-2.60319621120471
9679,3.6780257034018855
9680,-2.092025939853987
9681,-5.9088534073763785
9682,3.5394761659701386
9683,5.610934322777904
9684,1.6393747747338812
9685,-5.9757687625208495
9686,-2.699057973163942
9687,-7.852021262581239
9688,1.1058673898462712
9689,0.49419884349330967
9690,1.6415938792533096
9691,-7.753850911608645
9692,-0.6070796171998136
9693,-0.746829440160384
9694,0.02251596024012925
9695,-4.608620621941789
9696,6.819136510814749
9697,-6.059989794354944
9698,-0.5469856688924892
9699,3.552022630146613
9700,-7.9415016272555325
9701,0.656190047426355
9702,-2.2947668028408277
9703,-2.4329722757643344
9704,0.8387846826752319
9705,1.2128314051992541
9706,-0.103084699043273
9707,-0.1921486637011749
9708,-7.514082596590186
9709,1.9036052618787869
9710,-6.837504833859075
9711,-4.617828418645576
9712,-1.6014729006004789
9713,3.2330235665992584
9714,-7.752939655593745
9715,0.26514099345508946
9716,8.076638029021424
9717,2.341539982564374
9718,-2.878025599363003
9719,10.946535097481734
9720,-4.0904628152311515
9721,-5.933924438856893
9722,16.646786852759817
9723,4.743099554961546
9724,-0.22400638551775276
9725,-2.3456070869084202
9726,2.0575482978930255
9727,-5.914214853105305
9728,-1.5473869828281839
9729,-6.593451698571725
9730,-1.0394482586177838
9731,3.48599312654469
9732,0.31918039243714097
9733,-7.643016677598408
9734,-5.672157164877403
9735,3.4544061302002547
9736,2.2507105022108664
9737,5.360159234432415
9738,-5.222471646531078
9739,-2.4546606567908102
9740,0.5705424302242192
9741,-6.126951170151534
9742,1.9429562666611535
9743,3.0368244948981955
9744,-7.207044790648688
9745,-7.8169667912812075
9746,-6.627599241961161
9747,-0.8083864038305635
9748,-4.478192389596003
9749,-0.982788481649984
9750,4.406791077629768
9751,5.39382571662436
9752,-0.765322388508495
9753,2.6359608882076664
9754,-6.984792301120079
9755,-6.7656203477421855
9756,-7.896655605819809
9757,-5.9757687625208495
9758,-0.46279639226194547
9759,7.499612803185593
9760,-4.56968868439179
9761,-0.45879826506916466
9762,0.3260948672589359
9763,-1.3779770525251545
9764,-0.27168936352675344
9765,-4.27454560125777
9766,-5.691351020632209
9767,4.967830803466126
9768,-3.6372019143863605
9769,-7.389243962476991
9770,-0.18939636065806065
9771,1.8720161656825618
9772,-7.9415016272555325
9773,-4.5831794546070315
9774,-1.9504652594410825
9775,-0.8933121856141306
9776,-1.1296222499611162
9777,4.570830116044375
9778,-7.067804121467343
9779,3.641970685719933
9780,1.343416491912485
9781,-2.1979228219314786
9782,1.329978707661769
9783,7.384723591221221
9784,-2.067393541531762
9785,1.864629969216827
9786,-0.8075110936237064
9787,-6.394437094515718
9788,-2.9258909780633986
9789,6.21895966249602
9790,-6.984792301120079
9791,-6.7656203477421855
9792,-7.9990360033101116
9793,-5.9757687625208495
9794,9.305096301587193
9795,-3.2125312889730093
9796,-0.3319116153274344
9797,1.5110669607634837
9798,1.5469988632333291
9799,-0.46638794300638553
9800,-6.719135583066979
9801,-7.618305299681967
9802,-6.208966481369485
9803,-4.391895838475389
9804,-4.10324383823165
9805,4.363444761706219
9806,-5.672157164877403
9807,-5.062310530277616
9808,4.397528072774774
9809,-1.8915814141954044
9810,3.069031414199903
9811,-6.944185437622553
9812,5.910460522144191
9813,-2.718669485077025
9814,-7.974077196674063
9815,-0.20343202811601913
9816,-3.8174434986088652
9817,-7.8169667912812075
9818,-2.099420476134365
9819,2.803512259337369
9820,0.4875174559307953
9821,2.448151582376528
9822,1.4155721181696705
9823,1.0570178540826016
9824,2.3554548068506915
9825,-6.041303449503352
9826,-6.99614783422472
9827,-1.3914521465997822
9828,7.596458376722101
9829,-5.9757687625208495
9830,2.466611054027128
9831,-2.377694016836458
9832,-2.33347582604636
9833,4.939184855630369
9834,1.2038837960322306
9835,-7.753850911608645
9836,-6.719135583066979
9837,-7.618305299681967
9838,1.7364079982259715
9839,-4.8750039121147495
9840,-2.4244886794338107
9841,-3.3587814744613462
9842,3.443776005158189
9843,2.3824595521045446
9844,-1.840877010853677
9845,0.31609460337708395
9846,0.6584039808294155
9847,-1.5608920403760043
9848,1.797312413367963
9849,3.404743645461458
9850,-7.974077196674063
9851,-0.8052271975525978
9852,1.2071091487144554
9853,6.814608886639214
9854,-7.170213490931556
9855,-4.1230908927370455
9856,-4.828290304556847
9857,-7.683000819965245
9858,-0.31722269400793657
9859,3.047928802323537
9860,1.4584460855078534
9861,-5.136042099964709
9862,-3.2550590068721386
9863,1.7233156577260833
9864,6.69567317181122
9865,-5.941124022344497
9866,9.66582932529183
9867,-7.852021262581239
9868,-4.655557032928378
9869,-6.411011322347241
9870,-0.4936474688030131
9871,2.9427341967137757
9872,2.285323091763755
9873,1.9914778708292427
9874,-6.208966481369485
9875,-0.7160236891668288
9876,-2.8244794460225666
9877,2.054070311095416
9878,1.8111359215108624
9879,11.690717250140475
9880,-1.3123027697052982
9881,-6.674443322441791
9882,5.655791905707598
9883,0.5701932352379915
9884,-0.768470454913097
9885,-3.5804017014902514
9886,-7.974077196674063
9887,-0.13144926982001293
9888,-7.147060685508341
9889,-7.8169667912812075
9890,-7.610755111367755
9891,-2.3741731162047186
9892,2.6238786118087107
9893,-5.017298388581057
9894,-7.573897122556956
9895,0.10453332348221422
9896,-5.005884161858942
9897,-6.041303449503352
9898,-2.298597022860422
9899,0.3984990160384285
9900,-7.894953009015683
9901,4.09245798220047
9902,5.603123319026112
9903,-3.3400560718517585
9904,-1.249618358357613
9905,-1.86032156062008
9906,-2.486163231584618
9907,0.6074955207529094
9908,-2.3769167110913703
9909,-3.6308187025863647
9910,-4.8312510633137595
9911,5.033259222783219
9912,-0.9431224582547761
9913,2.8899942197636532
9914,-5.672157164877403
9915,-6.452061704722824
9916,-2.58004224450956
9917,-6.909843263234133
9918,8.86156086777817
9919,-6.944185437622553
9920,-0.04495597019901232
9921,-5.840398297391086
9922,3.5878271962792296
9923,-5.0158316693132265
9924,1.584778921069209
9925,3.5874509444865317
9926,-7.610755111367755
9927,-6.246853042134974
9928,-1.7707789565492849
9929,-4.318444972033021
9930,-1.4699329875817004
9931,4.29737349295234
9932,-3.761636608789316
9933,-1.173319268456793
9934,0.9068116623641673
9935,1.0648170783145798
9936,1.6067664502833279
9937,-1.3218634631647905
9938,-4.189962633499637
9939,-3.4288124427001794
9940,-1.688815256126527
9941,1.9980217739115234
9942,2.7641083606092725
9943,-5.2942685306249535
9944,-4.967680267309053
9945,0.5856612313516114
9946,-6.208966481369485
9947,5.3231765214952125
9948,-1.14543970756154
9949,-1.1946932975311677
9950,-5.663008693040819
9951,-5.524995632074551
9952,-2.2241186930377226
9953,-5.087956498164312
9954,-6.403689819832495
9955,3.8040881587048063
9956,2.057739107573954
9957,0.1889748893125237
9958,-7.974077196674063
9959,1.6322633670965634
9960,-5.664738006934203
9961,-1.8669747149240012
9962,-5.276881526805623
9963,3.2821325565114083
9964,-6.613020040911487
9965,0.7771862806315569
9966,-0.9805020003781482
9967,-6.202787658459034
9968,-1.0213276314220638
9969,3.3906564034919615
9970,10.048243464122255
9971,-0.6509675313297751
9972,4.852510044761925
9973,-5.9757687625208495
9974,5.413919419783181
9975,4.405650528372808
9976,-2.9559707759356972
9977,-2.862140289049468
9978,-6.269327747771808
9979,4.415816662991602
9980,-3.930522839335027
9981,-6.591820308184673
9982,0.2905033080870951
9983,8.7202693804438
9984,-4.10324383823165
9985,-7.643016677598408
9986,3.5816818283243608
9987,-6.970553614737036
9988,-0.21701502169315723
9989,-0.3244552398719913
9990,-5.284457240877793
9991,-6.944185437622553
9992,-0.5252717922789838
9993,2.908781194589838
9994,-4.206906235053511
9995,-3.2909534424596525
9996,2.8584580393147023
9997,3.4358027460798892
9998,7.4452926656096095
9999,-1.4813834180177081
10000,-2.2290805516801977
10001,-7.683000819965245
10002,-5.435225729436347
10003,4.390279873188383
10004,-1.1811745493520562
10005,5.018626764555227
10006,-4.573187775205984
10007,-1.4525790910754157
10008,-0.970197752489564
10009,-4.009981260032136
10010,3.8989793042866006
10011,-7.852021262581239
10012,0.6599319905112598
10013,3.345651307657002
10014,4.184155983862215
10015,-0.6991652736464776
10016,1.1119770477402595
10017,-1.9272003146366157
10018,-5.464213872011573
10019,6.602703344568891
10020,1.698013214500644
10021,-7.643016677598408
10022,6.837887619181084
10023,-2.5722091760364774
10024,-7.9415016272555325
10025,6.008579755982195
10026,-2.427624953461652
10027,-0.5059206281795143
10028,2.634362533297414
10029,-0.14677862939444608
10030,3.1310793165227393
10031,-5.0158316693132265
10032,-7.514082596590186
10033,-0.7481686080576093
10034,1.2549340387730274
10035,-6.246853042134974
10036,-5.571806447222215
10037,-5.775132106385848
10038,2.2339781944919
10039,-2.4061312489801705
10040,0.9458488463228416
10041,-0.0333453988421758
10042,1.4526463273759527
10043,-2.8817640866138396
10044,-8.251440183326402
10045,-5.016238130420223
10046,-4.060304168778748
10047,-0.2697931165439038
10048,-5.225886812923916
10049,-3.301829346193945
10050,8.153689939592592
10051,12.083185598009038
10052,3.7653548542965343
10053,-7.618305299681967
10054,-1.0673332027229545
10055,3.413304520985582
10056,-3.5905353586706688
10057,-7.639477073542153
10058,3.0128282959538684
10059,-6.970553614737036
10060,-7.922417480646444
10061,4.972976637564024
10062,0.1631026096838606
10063,-6.944185437622553
10064,5.847120763774152
10065,-3.070720415130757
10066,1.2160124189847172
10067,1.9208857603877936
10068,-4.8642598008073055
10069,-6.57201462778342
10070,-4.298467311505117
10071,-6.246853042134974
10072,-5.741774953392491
10073,-7.683000819965245
10074,-6.947435337170609
10075,-1.103125307351593
10076,0.9726884601966139
10077,0.8018048076075418
10078,-5.998586688866189
10079,0.698364750692497
10080,-8.251440183326402
10081,-4.764763525079995
10082,-0.4551086788255616
10083,-7.852021262581239
10084,-0.5389046804559015
10085,-2.3436942205126985
10086,-6.269327747771808
10087,-7.753850911608645
10088,-0.2729851525798894
10089,-5.946199578733642
10090,-6.211671151318525
10091,-4.8750039121147495
10092,-3.9410252707160183
10093,-7.438332666563283
10094,-5.672157164877403
10095,-6.970553614737036
10096,-7.9415016272555325
10097,-2.2008775926094635
10098,0.28021290044161296
10099,-3.0020526486845256
10100,-8.110303149622549
10101,0.775362182800877
10102,0.2624595767427089
10103,-0.539624773230623
10104,-7.392332934656283
10105,-7.778678772209671
10106,-7.610755111367755
10107,5.8545207875154155
10108,-6.613020040911487
10109,-7.683000819965245
10110,-4.717537231585822
10111,-6.452883258300978
10112,-5.057711184676144
10113,1.5803236555292173
10114,-6.99614783422472
10115,5.078038504315417
10116,1.0478921644002894
10117,0.6844877408237431
10118,-0.2978346569947927
10119,-8.012974757854645
10120,-5.1171246302639
10121,0.06481689434600557
10122,-0.5146880849139569
10123,3.701609265271644
10124,-5.990579200136241
10125,-3.342218919882293
10126,1.6185325457991242
10127,-3.835194297361365
10128,-4.10324383823165
10129,-1.932394291943885
10130,-5.672157164877403
10131,2.315418889753539
10132,-7.04064939123705
10133,-2.5867668170149525
10134,4.752267760328593
10135,-6.714024110309397
10136,-8.177261603128496
10137,0.9192931841308922
10138,-1.5830704081675275
10139,3.8202328452318213
10140,1.6650484463778874
10141,-2.5114217124464178
10142,-0.9033109502259797
10143,-6.203190537128072
10144,-6.613020040911487
10145,-2.4532433487791674
10146,-7.76981300583788
10147,-1.9495765030515442
10148,1.8623465426816503
10149,1.1032592267293284
10150,8.050471031879505
10151,-6.7656203477421855
10152,-8.251440183326402
10153,-3.0650133562589943
10154,-4.189962633499637
10155,-0.7976050163677407
10156,1.7310709416387078
10157,1.1465675016531005
10158,4.6160362908910155
10159,-2.576863768085281
10160,4.488585484397234
10161,-7.358614570090476
10162,-6.211671151318525
10163,-5.4154460509185895
10164,-1.0428570479618782
10165,-0.33055483431409094
10166,4.803738863640423
10167,3.5958038052759695
10168,-0.9129650903926672
10169,0.2746621651700953
10170,3.395151395173344
10171,-4.018034593795937
10172,1.9667179024730914
10173,0.33135683003420396
10174,-6.424236329728435
10175,-3.5816245075326103
10176,-7.408261132750684
10177,-7.816152189878476
10178,-1.0579125412375647
10179,-0.5850952939231162
10180,-6.613020040911487
10181,-0.8000018623260836
10182,-4.648159078433039
10183,-6.452883258300978
10184,0.902128108253156
10185,-6.139782548119076
10186,0.5354793309820252
10187,-6.7656203477421855
10188,-8.251440183326402
10189,-0.5340833707876584
10190,6.25857730195165
10191,-7.910793631097084
10192,9.383144270645635
10193,-0.4012358571866962
10194,-6.269327747771808
10195,2.3436908062394886
10196,-6.719135583066979
10197,1.1963465161363809
10198,-6.211671151318525
10199,-0.47877331001383894
10200,-0.7022167194730712
10201,-0.5054915702938896
10202,1.5551964603795096
10203,-6.970553614737036
10204,-6.756263882383145
10205,-4.495113149545421
10206,-6.403689819832495
10207,-6.944185437622553
10208,2.1982684195744167
10209,-6.126951170151534
10210,-7.974077196674063
10211,5.468730700606972
10212,-7.514082596590186
10213,-2.616356092090525
10214,-0.7212837042368612
10215,-1.2917853059620008
10216,-3.5533130560844164
10217,-5.424384142572725
10218,-0.35318820030163334
10219,3.5591069211650708
10220,-2.825594695332974
10221,0.12776856932606973
10222,9.005053801656306
10223,-2.6631473606520126
10224,-0.16903578169624423
10225,-3.2352637478908393
10226,-4.189962633499637
10227,-3.4153001960411222
10228,-1.2349395183025755
10229,1.1639388636717736
10230,0.5703257591924115
10231,-7.753850911608645
10232,-6.719135583066979
10233,-7.618305299681967
10234,-6.211671151318525
10235,1.2979847943065361
10236,-2.55917803525044
10237,-2.5972977049724344
10238,3.6957727722767277
10239,4.190690177659826
10240,-0.11810629553795193
10241,-6.688090195789379
10242,-2.074101548956326
10243,-4.362691246417557
10244,0.9318216505825108
10245,-0.4675319244832641
10246,-3.2996167154256426
10247,5.997705345430018
10248,6.345963198053413
10249,5.7628944749138675
10250,2.0820741465883987
10251,-2.500615086920747
10252,3.0396712218614717
10253,-3.2066772317347993
10254,-7.76981300583788
10255,8.241084232043304
10256,-5.057711184676144
10257,-2.5543187838211745
10258,-6.99614783422472
10259,-6.7656203477421855
10260,-6.195834329234884
10261,-1.577923888234829
10262,3.0930494156436232
10263,1.257288964185491
10264,-5.126092559525699
10265,0.6429209067246409
10266,-7.0902924287309
10267,-2.2218598997185284
10268,-4.212689135081535
10269,-7.618305299681967
10270,-6.211671151318525
10271,3.2718967280957654
10272,-0.3342422876920231
10273,-7.643016677598408
10274,-5.672157164877403
10275,-5.6770200988783035
10276,0.044548466131374864
10277,-6.909843263234133
10278,-6.675729736136648
10279,-6.944185437622553
10280,3.713870529865736
10281,4.6084133197769335
10282,0.3287648486563606
10283,-2.1513000387130714
10284,-7.763529142662858
10285,-7.8169667912812075
10286,-7.610755111367755
10287,1.7924441102728168
10288,-6.3625341157923545
10289,1.4437515270971677
10290,-7.76981300583788
10291,-1.3292156847854995
10292,-2.066564649360855
10293,-1.4978339386840933
10294,-3.23122461356441
10295,-6.7656203477421855
10296,-0.7203466049160054
10297,3.6948155062805856
10298,-2.27260798516656
10299,0.037120555461029214
10300,1.5222623068062493
10301,3.5732522172994785
10302,-7.357024313972914
10303,-7.681764126023765
10304,-3.960444606486899
10305,-3.6254377110118563
10306,4.415579975519682
10307,0.99504400974875
10308,-3.0735311766843796
10309,2.779404556037493
10310,-5.400374647405988
10311,0.4118471235918314
10312,-3.9987397674906604
10313,4.989575118244188
10314,-6.675729736136648
10315,-4.265712164609008
10316,-8.177261603128496
10317,-0.4048917585588456
10318,17.487192827459797
10319,0.314196015286202
10320,-1.9413605474439013
10321,0.1336757143832954
10322,-7.610755111367755
10323,-6.246853042134974
10324,0.5156927056648652
10325,-7.683000819965245
10326,-7.512246030269916
10327,-0.8628498836400178
10328,-0.17035643055804686
10329,9.557488931822121
10330,-6.99614783422472
10331,-6.3444922639703885
10332,0.3541632149957356
10333,3.0441211892513786
10334,4.776366752542076
10335,-3.728932182349619
10336,-0.42922569696872465
10337,-0.05519475416331021
10338,-7.357024313972914
10339,-6.715629642556842
10340,-5.687840397578979
10341,-7.618305299681967
10342,-4.839700204975806
10343,-3.0063306120020927
10344,1.5166368669664014
10345,-7.643016677598408
10346,1.9366137763301436
10347,-4.272754120084032
10348,1.8183296817442345
10349,-5.822084151051178
10350,-0.263229563272966
10351,-0.8256954816239069
10352,-0.6488297712943054
10353,3.0618851732688808
10354,-8.04380672559535
10355,-5.015312575966136
10356,-1.5241576139582254
10357,-1.6363918693096646
10358,3.506037491238301
10359,-5.696173504845822
10360,-4.044704011448961
10361,-2.1343379179073203
10362,-4.113620224393148
10363,-6.452883258300978
10364,-2.5914043877209636
10365,-0.07595702252087255
10366,-4.594121805538507
10367,-3.1552347679199397
10368,1.2496161247039839
10369,-5.9757687625208495
10370,-4.189962633499637
10371,5.546519906225649
10372,-5.170497015161575
10373,-2.0513678553259487
10374,0.8581501969274321
10375,-7.753850911608645
10376,3.7782620688741364
10377,-2.7590582451769605
10378,0.1674390024390804
10379,-5.4154460509185895
10380,0.5218809956290821
10381,3.87940979052427
10382,3.147336276044453
10383,-1.4260038988175303
10384,-0.42856202718263814
10385,-1.0324966718758866
10386,6.345369414902312
10387,-6.944185437622553
10388,-2.5551350238799735
10389,-0.5840436592658658
10390,-8.04380672559535
10391,0.7258669576996266
10392,-1.8443877912033015
10393,-7.3489168425980544
10394,-4.385018200190132
10395,-6.046220016227387
10396,-1.2101837919948482
10397,-3.631819107218837
10398,1.272507084391001
10399,-2.5834266366115166
10400,0.7975218761215981
10401,-1.3997856345171007
10402,-6.99614783422472
10403,5.290244986815189
10404,-6.685280871963369
10405,4.77671025348169
10406,-1.0461005844696765
10407,-8.012974757854645
10408,-4.054324684691163
10409,3.419223928049703
10410,2.306682190968189
10411,0.6532539395004218
10412,-6.719135583066979
10413,3.8517796868645697
10414,-6.211671151318525
10415,0.2834713812285852
10416,7.941383089398796
10417,4.678768882884123
10418,3.5967967820463995
10419,-6.970553614737036
10420,-7.9415016272555325
10421,-1.6164217747825247
10422,-6.215122888886031
10423,0.689092947793513
10424,4.74017664666806
10425,-2.237100322874001
10426,-1.2144902864675677
10427,-5.009669646822674
10428,0.11403448362551294
10429,3.708541257238392
10430,3.605291208708067
10431,-2.310869052428901
10432,4.730377387005636
10433,2.8845942445174577
10434,5.626048910678837
10435,-6.354695064969522
10436,0.869600713042271
10437,-5.589490577364245
10438,-6.474637081531684
10439,-1.6690796011463709
10440,-6.0216423437289714
10441,-6.069256102970518
10442,2.840557298765777
10443,1.288471409486169
10444,-5.225886812923916
10445,-0.6069960904725744
10446,5.147760477582915
10447,1.0093772246284045
10448,4.795547672807622
10449,-7.4870786252129475
10450,0.276642918072023
10451,0.19424759559607907
10452,-3.71395088664162
10453,-2.6805635071295164
10454,-5.672157164877403
10455,-6.297830297509392
10456,2.09278531344643
10457,-3.261517488107585
10458,-5.358611756576851
10459,-6.944185437622553
10460,-0.8835666373599778
10461,-6.126951170151534
10462,0.6368865355749576
10463,-5.0158316693132265
10464,0.14171565432462963
10465,4.600299385027606
10466,2.9199260654968446
10467,-1.1661524368417104
10468,-2.5828294601049278
10469,4.254751454042237
10470,-7.364881189609238
10471,-1.921514311106701
10472,-2.6101039556967813
10473,2.5733856641864215
10474,2.4374692629984875
10475,-6.7656203477421855
10476,-8.251440183326402
10477,3.6753444945110334
10478,0.2155586852084015
10479,-6.0462099965447464
10480,0.8394892640123512
10481,6.145686653925868
10482,4.451842378300113
10483,2.8333472004343823
10484,-6.719135583066979
10485,1.6849649468621348
10486,0.7101678537188572
10487,6.067320367997027
10488,1.5388143097884228
10489,2.3113083417144806
10490,1.1067292625026823
10491,0.37667722743099263
10492,1.7186579727935691
10493,-6.909843263234133
10494,0.2396803181022984
10495,-6.51279097256318
10496,-1.0437143906392956
10497,-0.40103509505241797
10498,-7.7519177057372
10499,4.7475877669076
10500,-0.09973038772267101
10501,0.8290112299214831
10502,1.340500525480165
10503,-6.246853042134974
10504,0.44682865833360413
10505,-7.683000819965245
10506,1.550698994774622
10507,0.22456280380808305
10508,-1.1589385442725244
10509,3.478887312994593
10510,-2.809358077699094
10511,7.1769624781986
10512,2.2643188450654588
10513,-2.8423946470656416
10514,5.211861259849325
10515,-6.40322469863674
10516,-5.225886812923916
10517,2.5166241590113794
10518,-1.6049688534870197
10519,1.2644104345378175
10520,-3.750264725252946
10521,-7.618305299681967
10522,1.0691846643230927
10523,-5.4154460509185895
10524,-4.10324383823165
10525,0.9186813202189723
10526,-4.718831320038669
10527,3.11913130027387
10528,-5.2043835538409295
10529,-4.802321308652194
10530,9.950638346347162
10531,-2.5357059066917267
10532,-4.886938588298037
10533,4.374833718626997
10534,2.6315830757661
10535,-1.5253357079251764
10536,5.6195787380152185
10537,-7.8169667912812075
10538,4.485960573808557
10539,1.1286333966064541
10540,3.3845412722041335
10541,-5.702702950563212
10542,-0.46407506187780334
10543,-0.5596408186943362
10544,10.03709130676586
10545,-2.6495900899667477
10546,-6.99614783422472
10547,-6.466016541095901
10548,-0.011604643183938446
10549,-2.9098230997524692
10550,2.4238127132096094
10551,-2.6970664934688697
10552,-5.225886812923916
10553,-6.411011322347241
10554,-7.357024313972914
10555,-2.9702891553871305
10556,-0.5290125345242003
10557,-0.3746701392572547
10558,-1.348589751137544
10559,-5.4154460509185895
10560,3.7719088202116846
10561,4.634537288300724
10562,0.8474261303144393
10563,-6.970553614737036
10564,-7.27494221623677
10565,-3.86704127833064
10566,-2.948445333701465
10567,10.114010985294994
10568,2.4697579907263947
10569,0.8951354783893729
10570,3.867354973385432
10571,-4.669469847453446
10572,-7.763529142662858
10573,-0.4219515965692153
10574,0.6180338517796042
10575,-3.2548726090406306
10576,-1.3842480468113034
10577,0.3573925556356716
10578,-7.5064255775194875
10579,-6.419936897294848
10580,-5.057711184676144
10581,-2.3537647410686997
10582,0.4782114465271164
10583,2.7371546381641636
10584,-0.03960800790157326
10585,-6.069256102970518
10586,3.96440884249249
10587,10.73774030286518
10588,-2.8594106665630363
10589,0.1970174165602278
10590,-3.974600911794772
10591,-1.497191560826122
10592,4.813986181825557
10593,1.2733870001267058
10594,-1.1854989357065358
10595,-0.4399030252532513
10596,0.01992939529967286
10597,4.651593347630943
10598,-5.672157164877403
10599,4.516144316471049
10600,-7.9415016272555325
10601,3.6880011894812066
10602,-4.48166554018883
10603,-1.7773079789206956
10604,-3.1959610573420516
10605,-3.009986050734981
10606,7.939759297401005
10607,-2.026026828639767
10608,-2.216437345063881
10609,6.106618147221746
10610,-7.7335407706253365
10611,-2.5899195933535495
10612,-4.896116691242716
10613,-7.682146180888003
10614,-1.2296234779238877
10615,-1.0530821016448466
10616,-2.174030752420586
10617,2.212786968556297
10618,-6.678102389589969
10619,2.639231591918065
10620,-3.7963164312855424
10621,-3.620590453918247
10622,-4.189962633499637
10623,1.230361467428919
10624,-5.225886812923916
10625,0.5436951640170711
10626,-7.357024313972914
10627,2.7470057970208765
10628,-2.3410791221367795
10629,-5.730072043506979
10630,-6.211671151318525
10631,-2.4465000423400785
10632,-3.104308005944812
10633,-2.578098780678042
10634,0.35199520676736695
10635,1.0068301634330241
10636,-7.96763689650202
10637,0.83103718248335
10638,9.464858591763358
10639,-0.751364351343093
10640,-6.604442226907551
10641,-0.47303620709955607
10642,-8.248399364908122
10643,-5.0158316693132265
10644,6.553994495537273
10645,-7.430416590438419
10646,4.821403775780419
10647,-5.645132544733137
10648,-2.268152005496972
10649,1.4746329514539362
10650,-0.30391076980028475
10651,2.019759638220192
10652,8.472792124951773
10653,0.7656508117053098
10654,-3.0405156865022853
10655,-0.6580583770133162
10656,-8.145562746934402
10657,-0.4446276650950918
10658,0.12329185287223021
10659,-8.012974757854645
10660,-5.225886812923916
10661,-2.0054429872993245
10662,-3.8667182961591235
10663,-3.7790292402337906
10664,-0.830110811044626
10665,-1.451962898628292
10666,0.24018246787896658
10667,-0.9190735409952104
10668,-4.10324383823165
10669,3.448643595219173
10670,-0.6546155484115834
10671,4.329166733999229
10672,-7.224697613639417
10673,-1.2596801769303108
10674,6.577571283493691
10675,-1.9927324192808458
10676,-8.177261603128496
10677,-6.2465602329872025
10678,7.89084476387209
10679,-0.2933263471816403
10680,-0.2547350475116093
10681,-1.3782664970017664
10682,1.7395794022079443
10683,-5.80729269333042
10684,-6.613020040911487
10685,-7.683000819965245
10686,-7.67305490510231
10687,-2.735774144649614
10688,1.4592457997450492
10689,0.4099818446955695
10690,-6.99614783422472
10691,-0.8194458821254077
10692,-8.251440183326402
10693,-1.6715806416831525
10694,-4.189962633499637
10695,1.114876088028263
10696,-6.168829355641763
10697,-3.857457201679021
10698,-7.357024313972914
10699,-5.394844889827989
10700,0.5051406522621757
10701,-3.727642148664695
10702,6.036415806386147
10703,7.00526901417278
10704,-0.40426157455144596
10705,-7.699263016105732
10706,-5.692829510631208
10707,2.7956302340496757
10708,-7.96763689650202
10709,3.049797012447005
10710,-3.5446367538747
10711,-6.944185437622553
10712,-4.36746329358902
10713,-4.745939774658132
10714,-2.135464413506054
10715,4.139804188403849
10716,-1.1666665004656744
10717,-7.8169667912812075
10718,-7.7335407706253365
10719,2.388986812337298
10720,-0.9846224451778172
10721,-7.869064972386665
10722,-5.348271830431383
10723,4.296726735392839
10724,-5.057711184676144
10725,-6.139782548119076
10726,-6.99614783422472
10727,-0.15582294873966018
10728,-8.098315099274494
10729,-2.1707221027697248
10730,1.6187412901995573
10731,-3.481611416133911
10732,-0.9139268735337627
10733,-6.411011322347241
10734,-7.357024313972914
10735,-7.753850911608645
10736,-6.719135583066979
10737,-1.0771580273526014
10738,-1.5658644147427412
10739,5.590878044320588
10740,-2.342050954049313
10741,1.626922273218072
10742,-0.5818237044084822
10743,-6.327595945763678
10744,-0.5864994478443359
10745,-2.6343934608014954
10746,3.6736363989454075
10747,-6.944185437622553
10748,2.01573539340824
10749,-6.2465602329872025
10750,4.433995804624223
10751,-0.2901242588392341
10752,2.9518395313088632
10753,2.089003446159669
10754,-7.141815821230846
10755,-0.86246074933422
10756,-0.6159764336219544
10757,0.5894357185876383
10758,0.24295234974220703
10759,2.599729118192127
10760,-5.024907600942347
10761,-6.139782548119076
10762,-1.7274550579603787
10763,-6.7656203477421855
10764,-0.15681439834767064
10765,-5.226742470609477
10766,0.8652711148740304
10767,0.3479557970762376
10768,7.267401229108316
10769,3.191935923178324
10770,1.1172790618610877
10771,-4.945380650005018
10772,-1.1191388224605463
10773,-7.187938553174169
10774,2.415929558411755
10775,-1.3647198710793593
10776,5.371706543816124
10777,-7.699263016105732
10778,9.987134706600004
10779,0.42698741332986134
10780,2.578409655421602
10781,2.8344209270224185
10782,-1.457609913537009
10783,-3.2507768244883692
10784,-8.1793288662426
10785,1.243908199501386
10786,8.914220709945058
10787,1.0305189058788673
10788,-7.763529142662858
10789,-7.8169667912812075
10790,-1.9641138713630055
10791,0.529414779251473
10792,-5.4180648923622075
10793,-7.869064972386665
10794,6.518257021525317
10795,-6.056208790975827
10796,-2.8258127108464937
10797,2.8114862967356475
10798,1.7083445935431039
10799,-0.8339215942552685
10800,-1.4643369721203119
10801,-6.069256102970518
10802,5.383931225156101
10803,-4.330501988531288
10804,1.9163130012855056
10805,-2.6901840243185937
10806,2.8682382600771392
10807,-7.753850911608645
10808,-0.40547886070055394
10809,-5.008990450212867
10810,-6.211671151318525
10811,3.3969351551907665
10812,2.111789080799358
10813,0.8608830455321499
10814,-5.504488837237406
10815,-7.098136527463332
10816,3.393485031053536
10817,-1.4246656673710754
10818,-6.675729736136648
10819,-6.219901521710473
10820,-0.9964486388644391
10821,-5.976496518012469
10822,-4.107521820705205
10823,9.905495779221077
10824,1.1191697740957869
10825,-2.93544716781545
10826,-6.639982360057331
10827,-3.6040356182811792
10828,-6.642526788499146
10829,1.0683114434996321
10830,8.914970666085242
10831,3.6505451276045604
10832,-5.057711184676144
10833,0.7910690505776896
10834,-1.0498220993800098
10835,-6.7656203477421855
10836,-7.953279616522822
10837,-6.069256102970518
10838,5.3101085110965744
10839,1.6206264397978665
10840,-6.168829355641763
10841,-5.434844870122217
10842,-7.357024313972914
10843,-7.753850911608645
10844,-3.8360119693110786
10845,3.8169394637508747
10846,-6.210966567840307
10847,0.8672314987769649
10848,-2.323767951607185
10849,-7.699263016105732
10850,1.7048277123220408
10851,2.3429338511700886
10852,2.587526582037662
10853,-6.909843263234133
10854,-6.675729736136648
10855,-0.9833172559769219
10856,-0.10992416149189044
10857,-6.2465602329872025
10858,4.497068540268894
10859,3.5833015070395406
10860,-0.6741101159935585
10861,1.8641175900545102
10862,-4.963869080041577
10863,2.277752518790989
10864,-4.912106977958213
10865,-3.280301502198439
10866,-7.76981300583788
10867,-7.8423109456262825
10868,-4.235884771253653
10869,4.749926602930392
10870,-2.877219024523672
10871,-4.314814860390676
10872,-5.945469918905049
10873,0.1491498789855248
10874,0.29827210579575736
10875,-8.012974757854645
10876,-0.9867179323046393
10877,-1.1490910685701974
10878,-5.740356516204839
10879,-1.032646416842169
10880,-0.4098711753160962
10881,-3.568698738505525
10882,-6.211671151318525
10883,3.0060219016892544
10884,-4.10324383823165
10885,-7.699263016105732
10886,-2.5337251886559837
10887,-7.098136527463332
10888,2.3778034077533565
10889,-4.761198855384511
10890,-2.271310883549282
10891,-0.45816157879103964
10892,0.2635273249407093
10893,7.7153524613865105
10894,-8.248399364908122
10895,-0.9498898328448764
10896,2.566073619583032
10897,8.897897672544492
10898,2.3862089197198
10899,-6.246853042134974
10900,-4.884759316782746
10901,-7.869064972386665
10902,-3.861155259049653
10903,-2.347670314344179
10904,0.8242327529959315
10905,-6.139782548119076
10906,-6.99614783422472
10907,2.6240119218613644
10908,-4.0156826616731385
10909,-6.069256102970518
10910,-3.5593312104150243
10911,-8.012974757854645
10912,6.373009547480672
10913,-6.411011322347241
10914,-4.967766586009777
10915,-7.471019792892542
10916,-2.0945160736894772
10917,-3.1061379488141223
10918,-1.4593646543047123
10919,0.4745949434728338
10920,-3.407540197068616
10921,-2.4017395324854833
10922,8.678031749610934
10923,-7.098136527463332
10924,-3.764502292582284
10925,-6.909843263234133
10926,-4.376741003794638
10927,3.9257363601301027
10928,-2.976786695223093
10929,4.972692718574102
10930,1.5322516094531409
10931,-2.2940850788219818
10932,-1.8270325174342879
10933,2.8239271235169197
10934,1.6715397723680263
10935,-0.31115326226579165
10936,-1.9814856372521208
10937,-7.869064972386665
10938,-7.76981300583788
10939,1.0745303922222513
10940,2.294037301115864
10941,-6.139782548119076
10942,1.6596776205694832
10943,1.3556985931712917
10944,4.205671179742304
10945,-6.069256102970518
10946,3.6804786766357465
10947,-8.012974757854645
10948,-4.448538701652024
10949,-5.62143260775743
10950,-6.161314144842088
10951,2.6797389471974595
10952,-5.824514147495599
10953,-7.618305299681967
10954,-0.6255783869469105
10955,6.611227288051896
10956,-4.10324383823165
10957,-0.5929268191518422
10958,-5.692829510631208
10959,-0.3967431586666077
10960,-3.871301473945413
10961,7.79727570042147
10962,-2.0492790089464066
10963,-3.386771066713991
10964,-2.753401299817544
10965,-6.2465602329872025
10966,-8.254472269361749
10967,-0.3003830100020921
10968,-1.8992236432674705
10969,-2.2943595761730067
10970,-7.7335407706253365
10971,-6.988078469270282
10972,-6.642526788499146
10973,3.7134397716368754
10974,-7.648963228485033
10975,0.9462520662274274
10976,-5.057711184676144
10977,-6.139782548119076
10978,-6.99614783422472
10979,1.0990723185135247
10980,-0.8448844574806286
10981,-4.811635182520073
10982,1.1638047403241043
10983,-3.8095799023077563
10984,-5.9599353151980345
10985,-4.894014975402969
10986,-6.759477590200776
10987,-0.7155862023000656
10988,-5.332331798878062
10989,-0.8966039391715324
10990,2.108167303469008
10991,4.740200131151863
10992,-2.5692773002380194
10993,-7.699263016105732
10994,-2.503585383940883
10995,-7.098136527463332
10996,-7.080938054123039
10997,-2.700125447954301
10998,7.169443782864684
10999,-5.760671702423534
11000,4.801444837809912
11001,-6.2465602329872025
11002,-0.19396011275886998
11003,-3.8104111814712955
11004,5.122370853477163
11005,-7.8169667912812075
11006,1.2973678336677612
11007,0.7308391703035536
11008,2.087325696129893
11009,-2.276787026166677
11010,3.6776999580034615
11011,-1.5616980316467204
11012,-4.368110317101301
11013,-1.5573147405937324
11014,-5.223308312354911
11015,0.4884573165625903
11016,4.5911907391011795
11017,-1.4413193838354714
11018,-4.157967182258519
11019,4.663445055470683
11020,2.9107807672583466
11021,-2.1566288733131334
11022,0.9503270299301341
11023,-4.0716206432403315
11024,-2.2907228887471645
11025,-6.40648940735933
11026,5.733928119762364
11027,2.8460469393364503
11028,0.7801249835985609
11029,2.4052433383417027
11030,4.9033521054061495
11031,-4.892115489936703
11032,-0.4377772360883849
11033,-6.965320052596598
11034,0.7023723055368134
11035,-5.737641231117556
11036,-0.9008779166706944
11037,-6.2465602329872025
11038,-8.251440183326402
11039,9.774008657496026
11040,-7.763529142662858
11041,2.5465019077427664
11042,0.47753417837603784
11043,-1.1891324007599262
11044,-6.642526788499146
11045,3.710004862031107
11046,1.4125124563698659
11047,-0.27327673543710285
11048,-4.956941032888713
11049,1.0220596320515787
11050,-0.6561759392098038
11051,-4.942502194673411
11052,1.6797167622712208
11053,-1.0860457444856801
11054,-4.189962633499637
11055,-6.685183987623242
11056,-3.6590953276276235
11057,-6.411011322347241
11058,3.2621035111033745
11059,2.118632464527617
11060,3.2339519018833323
11061,1.2267120588825011
11062,-6.211671151318525
11063,3.04109611909866
11064,-4.10324383823165
11065,-7.579296385318925
11066,-5.692829510631208
11067,2.1804437251857696
11068,-2.0508371260352996
11069,4.524434603954921
11070,-6.584654380568129
11071,3.3481524050832756
11072,-8.1793288662426
11073,-4.117245664650852
11074,6.002561994480848
11075,7.124446290854017
11076,2.2241837819003054
11077,-0.5087205704187632
11078,1.875119510820814
11079,-6.988078469270282
11080,-0.8598437030471191
11081,8.541454510446009
11082,-0.5400941468353981
11083,1.5598785842222758
11084,3.3334098748968106
11085,-0.9227202015496628
11086,-6.99614783422472
11087,-3.0280952454153596
11088,-0.5496468222925996
11089,-2.0841112872614924
11090,-4.189962633499637
11091,-0.7633079623975341
11092,3.43927376838751
11093,-6.690995980132119
11094,-4.108291254370503
11095,-7.753850911608645
11096,-1.604685209595559
11097,-3.1961654786281795
11098,1.2757183952744688
11099,-2.4787329540571807
11100,-2.8489004407405942
11101,-6.180838561577067
11102,-0.8311597725258619
11103,-7.098136527463332
11104,6.077458198613861
11105,-4.28859736721321
11106,0.05712527256378852
11107,-6.777461853305876
11108,-5.6530542878264685
11109,-6.2465602329872025
11110,8.89998254959577
11111,-0.23329178698888065
11112,-7.830131856304138
11113,2.6244162943669362
11114,5.878340545210801
11115,-6.988078469270282
11116,7.458551455499599
11117,-1.7359711397356816
11118,3.239512284141494
11119,-7.128829052091078
11120,6.193526528220097
11121,1.4146021135581224
11122,-0.5373347726037325
11123,1.2178726497041037
11124,2.591658559300415
11125,0.33138450667051544
11126,-3.3189632494775574
11127,-8.012974757854645
11128,0.8963864628588081
11129,3.524198732577484
11130,1.2471145472505456
11131,6.412491262946114
11132,1.4506968113728
11133,-0.7776706196082787
11134,-6.211671151318525
11135,-0.5077889174515363
11136,-2.1203222472248187
11137,2.482572792264941
11138,10.220060969544782
11139,-7.098136527463332
11140,-7.96763689650202
11141,-2.015394316167228
11142,0.1973730999629335
11143,-6.84626042924045
11144,-8.173180481545508
11145,-5.207370452102715
11146,-8.251440183326402
11147,1.3894145162694551
11148,-2.894082745266049
11149,-7.060689738686779
11150,-7.7335407706253365
11151,-6.988078469270282
11152,1.7094224631042327
11153,-7.743143121247733
11154,-5.832333763143314
11155,-0.9957185784981691
11156,-2.022495036114073
11157,1.3382789811756752
11158,-6.99614783422472
11159,-4.6199533742786665
11160,0.5115676855870721
11161,-6.069256102970518
11162,-4.189962633499637
11163,17.788859135826492
11164,-5.259149911955723
11165,-6.620094252830768
11166,-0.7897127823560595
11167,-2.315926871216403
11168,-0.5162621781990744
11169,-7.618305299681967
11170,0.6396383898872922
11171,7.7229586345727474
11172,-1.491369984360489
11173,-6.561859984425453
11174,2.4566644419749544
11175,-7.098136527463332
11176,-2.356791019964108
11177,-6.965320052596598
11178,-2.2957416793577123
11179,-1.6516516360245184
11180,2.07518174613372
11181,-2.227813032364673
11182,-2.8214683408882704
11183,1.0191970469507654
11184,1.6961964828248264
11185,-7.8169667912812075
11186,-7.8460028318055635
11187,3.032724667676221
11188,-6.642526788499146
11189,-7.869064972386665
11190,1.3524413678135572
11191,1.8288010813969955
11192,-4.2467800599772305
11193,-0.7108077440240141
11194,-6.99614783422472
11195,0.45309658115651696
11196,-8.254472269361749
11197,-6.1833300238358495
11198,-1.1607521696263436
11199,3.9184624254826685
11200,-6.168829355641763
11201,2.4491065986888603
11202,2.4731273933205187
11203,2.4957240013643816
11204,-6.719135583066979
11205,-5.975910109735753
11206,-4.99521759206911
11207,-5.4154460509185895
11208,-4.10324383823165
11209,0.3972758319598016
11210,3.762739812667606
11211,2.861809786548492
11212,-7.96763689650202
11213,-6.820054952940902
11214,-4.119055572770534
11215,-7.000102885454971
11216,-3.5894736751932803
11217,-6.225782335218502
11218,6.377533517667256
11219,-0.0361038256942392
11220,-7.830131856304138
11221,-7.8169667912812075
11222,2.73131265721642
11223,0.611960104385793
11224,-6.642526788499146
11225,-6.949248704263907
11226,-7.76981300583788
11227,4.577223270690427
11228,8.097409846315816
11229,3.747368211783191
11230,-1.268731285343328
11231,5.327564309853601
11232,0.006392873834456303
11233,2.050566187270777
11234,0.753255522420214
11235,-8.018523663278675
11236,-5.859206343222345
11237,3.7975514374792847
11238,-0.9824190535695414
11239,-7.753850911608645
11240,-2.1358917209830417
11241,-7.618305299681967
11242,1.9538285319851334
11243,-6.296345295630077
11244,-4.10324383823165
11245,-2.6014816370877965
11246,0.27538219172052925
11247,-7.098136527463332
11248,-7.96763689650202
11249,-6.965320052596598
11250,-6.675729736136648
11251,-0.422248577872649
11252,5.4117447014201625
11253,-2.8251287298240566
11254,-8.251440183326402
11255,-0.020295561384575778
11256,0.8538666321085677
11257,-1.1714892604890452
11258,2.1106559616340417
11259,-2.423773251840268
11260,-6.642526788499146
11261,-7.1989588343149595
11262,1.6112138460610117
11263,-8.05000085790483
11264,-5.057711184676144
11265,1.728044369067959
11266,-3.438844637281303
11267,-6.7656203477421855
11268,-8.254472269361749
11269,9.825156876202351
11270,-2.3895720961332634
11271,1.8220329227201129
11272,0.6737268772001335
11273,-3.6497028168903123
11274,-6.203513948891558
11275,5.14826853480737
11276,1.0868743377611432
11277,4.891159394251897
11278,-5.043241138098535
11279,-6.296345295630077
11280,-4.10324383823165
11281,-7.699263016105732
11282,-4.4479982543738155
11283,-7.098136527463332
11284,0.04904009034789633
11285,-4.2445523600079476
11286,-6.178866183409601
11287,-1.1233998928784998
11288,-8.1793288662426
11289,-0.5139819923972937
11290,2.883126140753142
11291,2.67457988444546
11292,1.3437437404726036
11293,-0.29712243042249453
11294,-7.19591014905379
11295,-6.121553329461619
11296,-6.642526788499146
11297,11.749101405633363
11298,-7.76981300583788
11299,-3.005901864764976
11300,2.384258186199809
11301,3.0853336506850084
11302,-4.93367425955114
11303,-2.7285330402744363
11304,-8.254472269361749
11305,-4.754413881218643
11306,1.3344369687628683
11307,-8.018523663278675
11308,3.329626916248328
11309,-6.690995980132119
11310,-7.357024313972914
11311,-7.753850911608645
11312,-6.719135583066979
11313,-3.3366477322074783
11314,-5.578677228736037
11315,-6.061055246733669
11316,-4.10324383823165
11317,0.5395593218436856
11318,-5.451051167444906
11319,-7.098136527463332
11320,-2.967303173817838
11321,-0.324521939921927
11322,-2.6137087481907852
11323,2.8013741965987284
11324,-6.788465577255957
11325,-5.433359160075686
11326,-6.545039529442884
11327,-5.0158316693132265
11328,-7.369581532754243
11329,1.2047507046667958
11330,-1.0812186097464829
11331,-0.5246643423553878
11332,1.814377910375348
11333,-3.247017178641845
11334,-0.9047445590057427
11335,6.088151384176428
11336,1.2433443082409665
11337,-0.03357435812137155
11338,5.212345148174072
11339,-1.3987442079854793
11340,-8.254472269361749
11341,-1.1137940431632853
11342,-0.23310696489749816
11343,-2.011419280179388
11344,-6.42943490677631
11345,0.09402786278334013
11346,3.1274110383200737
11347,-7.753850911608645
11348,2.144103142008168
11349,-3.1844758123272956
11350,5.673673213628503
11351,-6.346567007163662
11352,0.6890851625065326
11353,4.870562989416538
11354,-5.57528931211235
11355,-7.098136527463332
11356,-2.1560486144829665
11357,-0.49296214770410085
11358,-1.8622946377891365
11359,-6.431110720773181
11360,2.6967947681264928
11361,2.8951124327561395
11362,-8.248882131510829
11363,-3.527161429148685
11364,5.176063423835853
11365,-3.951433896679574
11366,-7.8460028318055635
11367,-6.670915211833009
11368,-1.098764213372974
11369,-7.508532257664467
11370,-2.5908231330279876
11371,1.7659206347862602
11372,4.481491082374667
11373,0.3716896969042034
11374,0.34959526075956016
11375,-1.1698264343235774
11376,-7.860772813295696
11377,-0.532289803880577
11378,6.071853981856792
11379,-0.2127668736146765
11380,9.32813514062277
11381,6.316636770275195
11382,-7.357024313972914
11383,-7.753850911608645
11384,0.020538156175145428
11385,2.786669606843849
11386,-0.5598701144300733
11387,-6.069542606815272
11388,1.0584209088674144
11389,2.458742959419828
11390,-5.692829510631208
11391,4.819090805225003
11392,-7.95873425442274
11393,-2.1893602642039385
11394,0.9649888768336699
11395,-7.000102885454971
11396,-8.1793288662426
11397,-6.2465602329872025
11398,-8.251440183326402
11399,-0.5976096378991693
11400,5.050016888505915
11401,6.155879981769996
11402,1.4473021936992392
11403,0.8805313745962469
11404,-5.097854441360517
11405,1.3939643787202909
11406,-7.774221186214325
11407,1.311441760103598
11408,-0.3287498676382823
11409,-0.24063303524290547
11410,0.9635706664086436
11411,-0.06908430577509961
11412,-2.6643447476915365
11413,5.930537079844873
11414,-2.733571747945198
11415,2.2279355720461043
11416,2.166214558272414
11417,-5.0097376812278185
11418,-6.119087881661414
11419,0.14974107070831183
11420,-3.139106940800459
11421,-4.117792867992204
11422,-1.4048119599060191
11423,2.39490668933316
11424,3.499468344843051
11425,1.002340254643973
11426,3.5869369897631795
11427,0.7014026507257223
11428,-2.7522389891594083
11429,-1.968621934552674
11430,-6.675729736136648
11431,-7.000102885454971
11432,-0.32617067835908786
11433,-4.1086345365571635
11434,-6.463084354642391
11435,4.119330706177258
11436,-0.701869272302913
11437,-7.8169667912812075
11438,-7.8460028318055635
11439,-6.988078469270282
11440,1.9352008767436883
11441,-2.1134592872952838
11442,-0.5429076028014482
11443,-8.05000085790483
11444,-5.057711184676144
11445,-0.4012553185392743
11446,-6.149819776436358
11447,1.1792837704711325
11448,4.533466150403389
11449,11.993435685398158
11450,-4.189962633499637
11451,-7.698552739013101
11452,0.8255673622235187
11453,1.617533369142492
11454,-1.3497716535705302
11455,2.103452145507755
11456,-0.0958570080529988
11457,0.6449339268166083
11458,2.227729933797744
11459,-6.312057513497013
11460,0.1564590796133185
11461,3.945292138696685
11462,11.59881973960752
11463,-7.228716177919596
11464,3.759627389339726
11465,0.0261231143947267
11466,-6.675729736136648
11467,-6.838844940477676
11468,-3.286391979940057
11469,-5.669201617856762
11470,9.07534450319592
11471,-0.5213451026408742
11472,-7.830131856304138
11473,1.1893611392321024
11474,2.1475056584779013
11475,1.300931457114861
11476,2.970724117798082
11477,-0.7695476214656397
11478,1.3424072996037166
11479,-8.056019989639882
11480,7.257235680888338
11481,-6.139782548119076
11482,-6.99614783422472
11483,-6.7656203477421855
11484,-5.228241587597882
11485,-3.522953562891005
11486,1.895358655664726
11487,0.9692465381302847
11488,-4.4369075423991005
11489,6.334464315754424
11490,-7.357024313972914
11491,3.168831204043749
11492,-6.705970104785742
11493,-7.097815090450895
11494,-0.5078642477521346
11495,3.945745517249284
11496,-0.9444406339425785
11497,-0.873401133689196
11498,-5.692829510631208
11499,2.8277922216010087
11500,-7.96763689650202
11501,4.554315163349855
11502,1.20552746593726
11503,-2.612652515521468
11504,-5.699650003347127
11505,-6.2465602329872025
11506,-8.251440183326402
11507,-0.30510344798293365
11508,3.85205655411442
11509,2.6567723242740384
11510,-3.611894557108106
11511,2.181202089537482
11512,-5.4340128074045015
11513,-7.542853972370274
11514,-2.9211685487365218
11515,-3.121715027052523
11516,4.288955320908498
11517,6.6740261231364775
11518,-4.855284097026351
11519,-6.795865783682742
11520,-1.5334697099718546
11521,-6.1833300238358495
11522,-4.189962633499637
11523,-2.794687451891755
11524,-1.0596735917830382
11525,-6.690995980132119
11526,-3.3782941525283707
11527,-0.40144302744601956
11528,-6.719135583066979
11529,-0.7643975973137289
11530,6.390211316479202
11531,2.1651228028370344
11532,-1.3786462712624181
11533,6.022853731230597
11534,-5.692829510631208
11535,-7.228716177919596
11536,-7.96763689650202
11537,-6.965320052596598
11538,-6.675729736136648
11539,-6.927883154199516
11540,2.521191552702889
11541,0.03959734039694646
11542,-7.102813682021992
11543,-5.0158316693132265
11544,2.748286256934892
11545,0.01626103240553234
11546,-2.6293142504633003
11547,-6.988078469270282
11548,-0.7888099781272672
11549,9.578292873782006
11550,-0.9707837181111503
11551,-0.8175075808093681
11552,0.3519783788763853
11553,0.12769692371097763
11554,0.08393350131001345
11555,1.6416112877755873
11556,3.252256790891874
11557,-0.960274344724996
11558,9.381650409931437
11559,3.6470498843952943
11560,-5.753617008824527
11561,-6.589672541579626
11562,1.80731787262581
11563,-0.0635746314674307
11564,-6.719135583066979
11565,-7.558730271281606
11566,-0.204979832610941
11567,-2.9937320130836467
11568,3.812552378782069
11569,1.978832947305362
11570,-0.7738921251208788
11571,6.285671905845165
11572,-7.869684544775432
11573,-1.2003434032192732
11574,-0.558124145018768
11575,5.780968774837721
11576,-8.07896482387939
11577,1.4544231433924508
11578,-2.9377785326109818
11579,-5.0158316693132265
11580,1.8585907067578988
11581,-0.04728689205217318
11582,0.5600000337017116
11583,-6.988078469270282
11584,-6.642526788499146
11585,1.6572878267128905
11586,-3.6373675525985596
11587,-0.9497772328789785
11588,-3.4473016389256643
11589,-6.0820073452686465
11590,0.4792109313797275
11591,-3.523341435589912
11592,-8.254472269361749
11593,-3.082519846372083
11594,-4.189962633499637
11595,-6.274141056125241
11596,-3.2755945608876234
11597,-5.216795513763205
11598,-2.7295935693748135
11599,1.8884745979099016
11600,3.912127733499605
11601,0.8518325884684959
11602,-1.2280087391716443
11603,0.27495242084972027
11604,-2.669134676948755
11605,-2.5067428599110766
11606,1.4056611626192963
11607,0.14493898578695497
11608,-7.96763689650202
11609,-6.965320052596598
11610,7.9044347542966635
11611,6.137392436901406
11612,-7.174250331697736
11613,-6.2465602329872025
11614,-7.122842824082502
11615,5.254654119689172
11616,-7.830131856304138
11617,-7.648479724193363
11618,-7.8460028318055635
11619,-0.1980144651898148
11620,1.1081665330397366
11621,-7.869064972386665
11622,-7.323025187108698
11623,-8.056019989639882
11624,-5.057711184676144
11625,-0.3260123223448881
11626,-6.99614783422472
11627,-6.795865783682742
11628,-8.14034579240808
11629,0.2318779246875048
11630,3.0358725710861587
11631,1.4122264577853465
11632,-6.210434198677045
11633,0.4227680666632294
11634,-7.111021934598989
11635,9.698499260955446
11636,-0.340134102165667
11637,0.8403050012605568
11638,-3.025583123450473
11639,-6.305163864775325
11640,-0.5191608344267624
11641,-7.624838541936248
11642,-5.692829510631208
11643,-7.228716177919596
11644,-7.96763689650202
11645,-2.4631522993352735
11646,-6.675729736136648
11647,1.8436021271485048
11648,-6.201212202942465
11649,-6.3294570006645605
11650,-7.675299393851141
11651,-3.456762677028559
11652,-7.830131856304138
11653,-1.883507515210059
11654,-1.4993891120145668
11655,0.02927459110117947
11656,-0.7680966224150299
11657,1.9635480812774087
11658,1.2896338676400914
11659,1.0540230709529805
11660,-5.057711184676144
11661,-1.0122724123796378
11662,-2.8670101012607057
11663,-0.4364535589555638
11664,0.13510210609858486
11665,2.9504877828799754
11666,-4.189962633499637
11667,0.9920622471728651
11668,-6.42943490677631
11669,-6.690995980132119
11670,1.582476458275481
11671,-1.082476279876399
11672,-6.719135583066979
11673,-7.618305299681967
11674,-6.211671151318525
11675,-4.209513574682473
11676,-2.938496131513754
11677,-7.610939032570413
11678,3.6687370929277896
11679,-7.228716177919596
11680,-1.4903667576532453
11681,-1.8344358201735123
11682,-2.9195576600146773
11683,-5.262333122862803
11684,3.669897686895849
11685,2.9410518940768924
11686,-1.0806189693240238
11687,4.91456072928436
11688,3.8386116325601027
11689,-1.3631164415131782
11690,-7.8460028318055635
11691,-1.481551492993722
11692,-6.642526788499146
11693,1.7991310375746867
11694,4.451924126260901
11695,-3.365114852539519
11696,7.759322002252805
11697,0.4872950379636469
11698,3.8615931472243803
11699,-1.135554942666507
11700,-8.125072498802997
11701,-1.7714276730418828
11702,5.599676396648264
11703,-6.499059087348933
11704,-6.260855839525565
11705,6.452914553745634
11706,-5.8317770494593955
11707,-0.7170469333476116
11708,5.565431901921796
11709,-2.1520194968590816
11710,-6.211671151318525
11711,1.870760362013821
11712,5.530617314671845
11713,-5.649744246122677
11714,-4.833585479218708
11715,-6.115225585901804
11716,2.6678308307387075
11717,5.550878511922223
11718,5.089544660706411
11719,-1.1370650414686103
11720,-8.261375079725607
11721,-2.984551113668687
11722,-1.9073617337919457
11723,-5.0158316693132265
11724,-0.6734333304188622
11725,-2.589705406663904
11726,-7.8460028318055635
11727,-6.318911764049143
11728,-1.588651545510702
11729,1.1696689266633267
11730,3.7518537573307538
11731,-3.481599284299241
11732,-1.219302371094099
11733,-6.139782548119076
11734,1.246737252149504
11735,-1.7170721177802446
11736,-6.197310699835912
11737,-6.1833300238358495
11738,2.807762061414385
11739,12.961928831970448
11740,-5.318671371291281
11741,2.394780504600346
11742,-5.968147838124963
11743,0.8997577871821982
11744,-6.719135583066979
11745,-4.284914613836749
11746,-0.3641716441209616
11747,3.871789812621939
11748,18.694760245773566
11749,8.318541885047637
11750,-2.2986150153285747
11751,6.792767890833402
11752,0.8954451072882799
11753,-6.950711545102838
11754,0.4903093017369806
11755,-1.9922755473907414
11756,-4.913925368596201
11757,1.1974172173303752
11758,1.5319089884301387
11759,0.8742759763779406
11760,-2.5035648264692165
11761,3.5744291786563767
11762,5.188985758670627
11763,-1.9243782480134528
11764,-6.642526788499146
11765,7.869773638744869
11766,1.7614239267884606
11767,-2.8223823783132973
11768,-1.1587515098098367
11769,1.2556216249448442
11770,-1.9073584172614495
11771,-4.394860972800654
11772,1.3911557679259658
11773,-1.8248415906861908
11774,-4.189962633499637
11775,-3.547388144074276
11776,-0.34127479959876883
11777,-6.690995980132119
11778,1.0115331556451226
11779,-4.258784557017941
11780,1.8975950010404696
11781,-7.093698135878628
11782,-1.4193588821930696
11783,5.893696768444018
11784,0.15554817058733905
11785,-0.6902145238686868
11786,3.4839980001011135
11787,3.87989940313991
11788,0.9511768362596225
11789,-2.689024081658688
11790,-6.675729736136648
11791,-3.250599193964314
11792,-8.254472269361749
11793,0.002297506789172593
11794,-2.025233109605444
11795,-5.076886904971039
11796,-7.830131856304138
11797,0.8467943861193645
11798,2.545631336904662
11799,3.628922598574081
11800,-4.216956689987567
11801,2.754984957959909
11802,3.43855609046753
11803,-8.056019989639882
11804,-5.057711184676144
11805,-6.139782548119076
11806,-6.99614783422472
11807,-3.5319509009441648
11808,-4.735116177314265
11809,-5.665421957994728
11810,-4.189962633499637
11811,-8.018523663278675
11812,0.45890513482084994
11813,2.255096516048957
11814,1.8390512553617038
11815,0.6392896535556893
11816,-1.89490713761746
11817,0.5973261195993502
11818,0.7206525503941184
11819,1.962112965138878
11820,-4.10324383823165
11821,-7.699263016105732
11822,-5.692829510631208
11823,-7.226084122979049
11824,-3.794133413383485
11825,3.51280271962196
11826,-0.6795615315841075
11827,-0.4113834149603469
11828,-5.933801373688963
11829,-6.610016794899077
11830,-0.6619870389941026
11831,1.5293028369773176
11832,-3.307565349955071
11833,-7.173006607675602
11834,1.7017622669716728
11835,-1.0989298182976337
11836,-0.6208053027522262
11837,-0.9476666466381574
11838,-6.454194881961702
11839,-2.2693609345724224
11840,4.629188322874775
11841,1.1151498560227713
11842,2.581668090646238
11843,-1.3642891328160736
11844,-2.2520686801546796
11845,-4.890009773868932
11846,0.830809387662891
11847,1.1291413366211418
11848,-5.9651588579426456
11849,-2.970366207536577
11850,-1.3557789287372417
11851,-7.753850911608645
11852,-0.35988062689141165
11853,-5.20586585907315
11854,-6.211671151318525
11855,-0.2756687527736088
11856,-3.4444420059421734
11857,-5.448914317764495
11858,-4.824141879782106
11859,14.41847738906713
11860,2.056263373875993
11861,-5.588010145101277
11862,-3.907495506224725
11863,-3.5863032855193726
11864,-8.254472269361749
11865,-2.838061430253215
11866,-8.251440183326402
11867,-3.964954886767874
11868,3.865405155530305
11869,1.4686736914807192
11870,-7.8460028318055635
11871,-6.717684569452635
11872,-0.05017590752792511
11873,-3.838956447220639
11874,-0.6600769780465707
11875,-8.056019989639882
11876,-4.789479698510131
11877,5.413806611241003
11878,-2.769410659644158
11879,-2.489129301456419
11880,-1.5273355374265247
11881,-6.1833300238358495
11882,3.2621073177870485
11883,-8.018523663278675
11884,2.404256709115907
11885,0.43225797191336457
11886,-3.7701772843882106
11887,-6.791880185715231
11888,-1.0383789774624332
11889,3.409122008236134
11890,-0.04822205362635945
11891,-6.334670296235409
11892,-2.670240319746089
11893,-7.440652146130126
11894,2.911616516494977
11895,3.961814360485285
11896,-7.96763689650202
11897,0.04752915302245597
11898,2.9067645190798523
11899,-1.6975622521804965
11900,-6.007952099256186
11901,-6.610016794899077
11902,9.199238344165531
11903,-2.838489783666261
11904,0.3740024485392015
11905,1.381442471928012
11906,-7.438294825251178
11907,1.9192811320905907
11908,4.585495877429886
11909,-2.3960152710742424
11910,-7.774221186214325
11911,2.011921569526476
11912,-3.7200106670728994
11913,2.933810167808022
11914,1.3216146755277702
11915,-5.859354271087413
11916,-7.701105090499547
11917,0.5522952220354992
11918,-0.25318479587041853
11919,-6.533329195085574
11920,-0.1666310470294552
11921,-6.690995980132119
11922,-7.357024313972914
11923,-7.753850911608645
11924,-6.719135583066979
11925,1.3449032918676478
11926,-6.211671151318525
11927,-2.460588053129196
11928,-2.257957214447835
11929,3.0560702625960596
11930,-5.692829510631208
11931,2.309266751938395
11932,-1.1401305392424057
11933,-1.0016817320967715
11934,2.2314546920945606
11935,0.5263954886029958
11936,-8.254472269361749
11937,-0.6239851103206839
11938,-5.194406467444761
11939,3.8492947902267067
11940,-1.539780996666205
11941,4.262630233566199
11942,-7.8460028318055635
11943,-0.27122457507140085
11944,4.081951764871845
11945,-7.869064972386665
11946,-0.4404721332716326
11947,-8.056019989639882
11948,-1.7201413006775836
11949,0.2748132736053961
11950,-4.159835092215886
11951,-6.795865783682742
11952,2.715264842028306
11953,-2.411907367719768
11954,-0.6942935226238882
11955,-1.523664461229124
11956,-6.42943490677631
11957,-3.2617445046708817
11958,4.509772848894932
11959,-7.753850911608645
11960,4.772321336373719
11961,-0.11748794755024888
11962,-0.017603317098199955
11963,-6.220375455959081
11964,13.161317255468433
11965,4.086372325235309
11966,-3.9107919928894583
11967,13.913851919031698
11968,-1.9315498404525324
11969,-3.789275662594383
11970,-5.11390503921658
11971,2.393864453218988
11972,-0.6364039084965418
11973,0.9077537829958112
11974,-1.8978949557825393
11975,-3.2879061399302483
11976,-7.464850587682145
11977,-7.90249560805775
11978,3.0996445876959404
11979,12.75393595479321
11980,-6.642526788499146
11981,-0.1913453273009994
11982,9.951657150901465
11983,-8.056019989639882
11984,-3.528695440937338
11985,-6.139782548119076
11986,-1.370919611493254
11987,-1.3663908069668604
11988,-2.9674936003851817
11989,-1.4179757004638907
11990,3.5964311990926054
11991,0.727750688915838
11992,-1.4944024708284656
11993,1.6094256348253109
11994,-1.1070313742403597
11995,7.03295077406948
11996,-5.210785257298713
11997,0.019808977618039125
11998,-3.039264812844502
11999,5.2829389921074466
12000,-0.5358530890993256
12001,3.9217047255124946
12002,-5.692829510631208
12003,0.018671807139793994
12004,-3.166442229626897
12005,0.40317514891380335
12006,8.609743767828345
12007,8.626502845520122
12008,-2.9240629376733005
12009,-6.194422236350861
12010,5.156743341295342
12011,-0.5130525390757699
12012,3.242062071923498
12013,-0.43581668261551765
12014,0.5892048812128192
12015,4.27964541011408
12016,-2.341154462168391
12017,-7.184015303380507
12018,-4.336535051827953
12019,-8.056019989639882
12020,-0.3403830487846009
12021,-2.5042170862539557
12022,2.440913902254393
12023,-6.795865783682742
12024,-8.261375079725607
12025,-2.594343458626598
12026,5.274928462304816
12027,-0.10845478828722221
12028,5.223982674564321
12029,-1.1903901454596677
12030,-0.2072433658823889
12031,5.004444793765911
12032,-2.374956856794026
12033,-7.618305299681967
12034,0.12055796364099847
12035,0.4953855991332583
12036,-4.10324383823165
12037,-5.999378896875461
12038,-5.692829510631208
12039,0.4378793743103526
12040,-4.498156523554032
12041,4.332328582396463
12042,-1.1853626012540328
12043,-1.7911839709238762
12044,-8.254472269361749
12045,-2.0361011794464057
12046,-5.946539225589723
12047,0.10675899066523797
12048,-0.3721469891019048
12049,-8.129075036272708
12050,0.548626699977243
12051,-0.04628233620297717
12052,-6.642526788499146
12053,-7.804459904448147
12054,1.5642535776678799
12055,2.095090824719946
12056,-2.1355423807589275
12057,4.711052633049249
12058,-7.095824301909908
12059,4.062084018241496
12060,-1.1437959779193259
12061,-6.1833300238358495
12062,5.921037781420846
12063,2.014203041620954
12064,2.4734965578117536
12065,-6.690995980132119
12066,2.4581816593915335
12067,2.6017467173660584
12068,-1.0350102279876399
12069,1.1609004191667571
12070,-2.5680441326239682
12071,-2.099293409870268
12072,-4.10324383823165
12073,3.8124463337185275
12074,-5.692829510631208
12075,1.8911712677118877
12076,2.771617069402625
12077,-6.965320052596598
12078,3.100516924745385
12079,-0.8361860405633733
12080,-2.638112089477681
12081,-6.610016794899077
12082,-7.055708996981852
12083,5.225515232181792
12084,-0.6976514936015493
12085,-1.7190409370426447
12086,-1.838963983622592
12087,-6.988078469270282
12088,2.635484950474381
12089,-7.869064972386665
12090,0.08226079248297902
12091,0.9293319409971693
12092,2.587455881159297
12093,-0.6509400625754949
12094,1.1918503946922574
12095,0.7254626850234467
12096,-2.6423202249042865
12097,-6.1833300238358495
12098,-4.189962633499637
12099,-8.018523663278675
12100,-2.9888792576500656
12101,8.630616510437413
12102,7.052288563171146
12103,2.626441139501514
12104,-0.7546648716913311
12105,-7.618305299681967
12106,-6.211671151318525
12107,0.06644752956850042
12108,1.4096085880016134
12109,-3.4052592500626684
12110,4.1351043305175645
12111,-7.228716177919596
12112,-0.13605522517103807
12113,-6.837247064317744
12114,-3.998973265489088
12115,0.7006806114034787
12116,1.3753496501497695
12117,-6.610016794899077
12118,-8.251440183326402
12119,-0.5197542186504593
12120,-7.830131856304138
12121,1.5517847299485252
12122,-7.8460028318055635
12123,-6.988078469270282
12124,-6.642526788499146
12125,0.9788911630238551
12126,3.946668094536361
12127,-8.056019989639882
12128,-1.3697588340076075
12129,-2.950187940640127
12130,-7.095824301909908
12131,3.934366082477829
12132,-8.261375079725607
12133,1.135204677801867
12134,-1.1060102155465983
12135,-3.4376120154453718
12136,-1.4143746933655068
12137,3.315616671614495
12138,0.8531749963365043
12139,3.2581647359891432
12140,-4.622228207360911
12141,1.632475195270105
12142,-6.211671151318525
12143,-6.346567007163662
12144,3.503161241809289
12145,-7.699263016105732
12146,-5.282219224313081
12147,-3.562609114826778
12148,1.2796986128401269
12149,-6.965320052596598
12150,1.061680181603787
12151,-4.719597534018562
12152,-8.254472269361749
12153,-3.667246493693547
12154,-4.401615743037803
12155,-0.31289192722501946
12156,4.257068651469548
12157,-8.129075036272708
12158,-7.8460028318055635
12159,-6.988078469270282
12160,-6.642526788499146
12161,3.1574160756085425
12162,-0.4581576538130152
12163,-8.056019989639882
12164,5.44972171075381
12165,-6.1065873907388335
12166,0.010893286686148862
12167,-2.0780647045645484
12168,2.0383663324797543
12169,-5.079068091704887
12170,-4.189962633499637
12171,5.043142384256363
12172,-1.1029905677991518
12173,-4.635862073132267
12174,1.1484962100625857
12175,-4.427410700300383
12176,1.9080860600857827
12177,-4.04931351592755
12178,-6.211671151318525
12179,-6.346567007163662
12180,-4.10324383823165
12181,-7.699263016105732
12182,-5.692829510631208
12183,-1.818449377326488
12184,-7.96763689650202
12185,-2.947127133565558
12186,4.624060756763752
12187,-7.000102885454971
12188,-8.254472269361749
12189,-6.071559085308687
12190,-1.303317780806128
12191,-5.076886904971039
12192,-1.1313918717069908
12193,0.4202479472041354
12194,-6.552539786603447
12195,0.603245386689637
12196,-0.8471163428883951
12197,-7.898800956751095
12198,-0.6527237684152112
12199,-0.1366502921430226
12200,-1.63718006674312
12201,-6.158104683140716
12202,-7.364342572675286
12203,-6.795865783682742
12204,-5.600887763888396
12205,-5.930696075250056
12206,-4.189962633499637
12207,-7.973217505652743
12208,-6.42943490677631
12209,2.2554742459083945
12210,-1.1861810354910656
12211,0.2350180230843868
12212,-0.4112768990344504
12213,-3.771093574042758
12214,-4.956473767029815
12215,3.272068412260757
12216,5.290238340516584
12217,-7.426141893625607
12218,-0.6667638915617022
12219,-1.0077831335180578
12220,-7.96763689650202
12221,-6.965320052596598
12222,15.586994358990939
12223,-2.6158741381248785
12224,-0.723595563914716
12225,4.005413868008776
12226,-1.8938465952733758
12227,-5.44220006359801
12228,-2.153424721862545
12229,-1.526080502153495
12230,1.0557730015672768
12231,-6.866664298722517
12232,-2.3880285830324395
12233,-7.898800956751095
12234,-7.774221186214325
12235,-8.056019989639882
12236,0.30362549949469386
12237,-6.158104683140716
12238,-7.364342572675286
12239,-6.795865783682742
12240,-0.9664850805987317
12241,0.9416797878190013
12242,-4.189962633499637
12243,1.8084947107815026
12244,-6.373783064522552
12245,-6.690995980132119
12246,-3.3820435814385603
12247,2.9120782241582703
12248,-6.386245200760063
12249,4.532865109635347
12250,2.5009319027366894
12251,-6.346567007163662
12252,-0.08591901784340461
12253,-7.699263016105732
12254,5.322436500073394
12255,1.180658724583921
12256,-0.6168275873573554
12257,-6.965320052596598
12258,2.4041471769655525
12259,-5.271810510888352
12260,0.7976782760542085
12261,-6.624514563245549
12262,-8.183982730979952
12263,0.485499339936754
12264,-7.830131856304138
12265,-2.1256916816803693
12266,-7.8460028318055635
12267,1.138930470176573
12268,-6.642526788499146
12269,0.892363852973515
12270,-0.23546758762207176
12271,-1.249056438829888
12272,2.476753406662557
12273,0.6813816510578004
12274,0.5946494877445931
12275,-3.356776931407235
12276,6.127295259444379
12277,2.6193222331695734
12278,-0.638065589590315
12279,-1.0966529834238499
12280,-0.6629472701330347
12281,-2.0083694035494313
12282,-1.5553373368037735
12283,-7.753850911608645
12284,-2.0161753686429758
12285,2.206506239714856
12286,-4.019156788030109
12287,-6.346567007163662
12288,13.512015693846324
12289,-7.629971289833449
12290,-5.7065818972762195
12291,-7.228716177919596
12292,-7.96763689650202
12293,-6.965320052596598
12294,9.924685229230272
12295,-7.000102885454971
12296,6.389014830221075
12297,6.0508091801929735
12298,-8.250908939323432
12299,8.074297926164181
12300,-0.4384718600765143
12301,1.5162743864521064
12302,2.6691132066716894
12303,-6.988078469270282
12304,4.750396089165125
12305,-7.898800956751095
12306,-7.774221186214325
12307,-8.056019989639882
12308,-5.057711184676144
12309,3.6630073706002255
12310,-7.364342572675286
12311,0.1815216567529344
12312,2.8470092907005213
12313,-6.1833300238358495
12314,-0.07906260430363066
12315,2.3708249660515044
12316,-6.42943490677631
12317,1.4878851860968592
12318,2.8033572539226848
12319,-7.753850911608645
12320,-6.719135583066979
12321,6.268874519028987
12322,-4.647441287689703
12323,1.6803820998130852
12324,0.5880465414269238
12325,4.972840091837535
12326,-5.7065818972762195
12327,-5.729135728638664
12328,0.39025673273532724
12329,-0.1147721738608034
12330,1.7666775847810527
12331,5.4869081820736065
12332,7.841255733198842
12333,-3.5168304346981496
12334,-7.7170772226215245
12335,-5.44220006359801
12336,0.17279833406572537
12337,3.208648665962819
12338,0.7101374532235142
12339,0.5998347519122618
12340,-1.5426954824213848
12341,-7.205218610790449
12342,-2.06838362785619
12343,0.2331619511810753
12344,-5.057711184676144
12345,1.5185483906678985
12346,-7.364342572675286
12347,-2.677069186269421
12348,-8.146089049860668
12349,-1.2757152930864049
12350,-4.189962633499637
12351,-3.736869998794374
12352,-2.4270691202281145
12353,-0.8046185872727818
12354,-7.357024313972914
12355,-7.243054686479795
12356,-1.2759812905618357
12357,-4.169282877037869
12358,0.4883903975862447
12359,-6.368126007019907
12360,-4.10324383823165
12361,-7.699263016105732
12362,-1.0723024982044587
12363,-7.228716177919596
12364,5.893507286115687
12365,-0.4795198177433937
12366,3.8538267347060966
12367,-6.947439721688633
12368,0.9169658327646921
12369,-4.370936415991978
12370,0.14132879792854994
12371,3.642737767884295
12372,-7.830131856304138
12373,-2.21498248513248
12374,0.8203403516321766
12375,2.1261134786192706
12376,-1.3078564553949614
12377,1.7456887497802274
12378,-5.210340077499925
12379,3.9874398880565702
12380,-5.057711184676144
12381,-6.158104683140716
12382,-7.364342572675286
12383,-1.3674224823285699
12384,-7.080452590383855
12385,-2.5843456595896805
12386,-0.46144906115353734
12387,-8.018523663278675
12388,3.4836288017368537
12389,-6.690995980132119
12390,-1.9355650239391458
12391,6.23867220008829
12392,1.0258122300605121
12393,-3.0024693060838876
12394,1.4757454087409603
12395,-6.368126007019907
12396,7.93595020279624
12397,-3.0471030957611425
12398,4.127740187269543
12399,-7.228716177919596
12400,5.957803413622252
12401,-0.013131475921452918
12402,-0.0028626941061828948
12403,7.582146460163904
12404,1.0924741728335794
12405,-1.2452317934936232
12406,-7.106707720939008
12407,-5.44220006359801
12408,-3.661298652477737
12409,-8.086622734199759
12410,1.1269672026997084
12411,-5.287849911408779
12412,-2.362728913431514
12413,-0.6607850294600435
12414,0.1188794167591225
12415,5.036497849851532
12416,-0.2186073591066373
12417,2.050594920477718
12418,5.413958546869576
12419,-3.363418415449646
12420,2.564952122581966
12421,-2.187194630571101
12422,6.915234538190796
12423,-2.7912200077962885
12424,1.7902354985398854
12425,4.89954468011601
12426,-0.847168723711889
12427,-1.905175572526009
12428,2.507391303927995
12429,-2.2149402608331124
12430,-4.476444190740257
12431,-6.580979053874154
12432,-4.10324383823165
12433,-7.699263016105732
12434,4.736913658974788
12435,-0.9111659937097256
12436,-3.1257746235443222
12437,-6.965320052596598
12438,-6.675729736136648
12439,-6.571269458420055
12440,-6.7416615359545204
12441,0.2806924080800064
12442,1.8726884247373778
12443,4.430158006707274
12444,4.567898470933299
12445,-8.129075036272708
12446,-3.4764180441772057
12447,-6.988078469270282
12448,-3.351571726321559
12449,0.012333830910869148
12450,-4.448980374185684
12451,-3.925853307562936
12452,4.841212248843731
12453,-1.2747704288302368
12454,-3.6410981016866595
12455,-6.795865783682742
12456,3.923837661797759
12457,-2.106585944492377
12458,5.345055440114483
12459,0.24271901915440375
12460,7.3295268898587995
12461,-0.03724404770475065
12462,-6.105634296383873
12463,-7.46338635440775
12464,-1.5492442711706278
12465,3.334660511771082
12466,-0.4736803973279968
12467,4.841349881453996
12468,1.4902262674211646
12469,-1.590784509010466
12470,2.2904897210321162
12471,-7.228716177919596
12472,0.5950119887242371
12473,-6.14908441558259
12474,6.875648227736191
12475,0.23480455920866872
12476,-1.3112017598015955
12477,-3.3470986164254137
12478,-2.1889959515616115
12479,-0.3547864491933743
12480,-7.279570486561753
12481,-8.12313404253475
12482,-6.359296649797722
12483,3.710013918882876
12484,-6.642526788499146
12485,4.294623797686712
12486,7.5083747632454685
12487,4.047013666464238
12488,1.1594962407416096
12489,-6.158104683140716
12490,-3.204859977317251
12491,-1.7217501019950083
12492,-0.3791443949099603
12493,-1.2232751233623875
12494,-4.189962633499637
12495,0.5332428025845699
12496,-6.42943490677631
12497,-2.7531463252899373
12498,3.6081259017930662
12499,-0.5268112240206657
12500,13.799717431597891
12501,2.6182053450232248
12502,-1.663480747057772
12503,-6.580979053874154
12504,2.807524061845605
12505,1.9081875268413868
12506,13.024404310538522
12507,-2.2333047248867617
12508,-0.6196250682542013
12509,-5.37194817060897
12510,3.430767090766927
12511,-7.000102885454971
12512,-8.254472269361749
12513,3.0210940591177833
12514,0.9410397625511155
12515,-5.550624408379335
12516,-7.830131856304138
12517,-0.38910525775849436
12518,-0.2209867233753039
12519,-0.7578471045878125
12520,-4.053908334071646
12521,1.7971199942843448
12522,-7.57299357108241
12523,-3.494839573868208
12524,-3.2565421068077827
12525,4.891494590928614
12526,-7.364342572675286
12527,6.560852657513785
12528,1.992599156755442
12529,-4.8235946296134635
12530,1.2478608338971848
12531,2.7082112390865527
12532,-5.7095457535064185
12533,-1.1664108262978767
12534,-7.357024313972914
12535,-0.8734433918411781
12536,0.7827639353538547
12537,-7.3372900612620455
12538,-4.453402307277146
12539,10.920540886633987
12540,-3.5930599372457057
12541,-2.141286839394711
12542,-3.947095279224227
12543,2.3809265518916796
12544,2.5643361580079693
12545,-6.551745502821978
12546,11.162264808356383
12547,2.2454814669338914
12548,1.445645660228577
12549,3.344889502989071
12550,-5.554307088105692
12551,-3.862317494151016
12552,1.9861672664884429
12553,-0.26765451980645394
12554,-7.800862347448695
12555,-6.988078469270282
12556,5.831576941111912
12557,-7.898800956751095
12558,8.905296039890292
12559,0.5021963256132111
12560,0.27754559575649296
12561,4.041496542660333
12562,-7.143101825232967
12563,-1.319672372758815
12564,-2.260120489282296
12565,0.5475371975590688
12566,0.6982232609187147
12567,-1.2959574953792108
12568,1.7831583934459454
12569,-6.690995980132119
12570,4.187731870812259
12571,-5.923960563066026
12572,-3.2899900307158116
12573,1.8244586435111378
12574,-0.10594656146356951
12575,-6.580979053874154
12576,-4.10324383823165
12577,3.8110184836096206
12578,1.6784202676158908
12579,3.468291658337038
12580,3.363110156884062
12581,-6.2964979047869924
12582,1.6475732446403002
12583,2.1557173887402636
12584,-3.9503155839749327
12585,-4.662397126940989
12586,-4.519148762801375
12587,-5.610313760923519
12588,-7.830131856304138
12589,-6.152600380645848
12590,0.16173336660350457
12591,-7.001084872204817
12592,-1.467159371541678
12593,-7.748745081813658
12594,-3.738934982589821
12595,-7.092197204461292
12596,4.838848305250286
12597,-6.158104683140716
12598,6.086022994962488
12599,-2.9984327971202496
12600,-5.035038717478311
12601,-3.0970022723787367
12602,-1.3119586518703674
12603,-8.018523663278675
12604,-5.434240133228811
12605,5.717030426759137
12606,-5.9600512132443875
12607,-0.7832417670645798
12608,-5.56314828218366
12609,2.3107048035921767
12610,3.0623710102109927
12611,5.415092149726964
12612,-3.0878332550181824
12613,-1.3519190258027776
12614,0.004706324849362176
12615,-3.134028041219934
12616,0.5152275814860963
12617,-2.3890163711316763
12618,3.3129997294784053
12619,0.2973669578054715
12620,-8.254472269361749
12621,3.865063238873332
12622,-1.943871544778344
12623,-2.543532045548079
12624,-7.830131856304138
12625,-5.230933468923219
12626,2.187724605116897
12627,-1.0020418732982745
12628,-2.250040884494045
12629,7.522604522795518
12630,-7.469185987553445
12631,-8.056019989639882
12632,-4.549305947515039
12633,-6.158104683140716
12634,0.5415502613742788
12635,4.0349618551118365
12636,-4.929352221938874
12637,-6.1833300238358495
12638,-4.189962633499637
12639,5.071861960699754
12640,-2.2020977272273647
12641,-6.716483226718109
12642,-0.48291048894817296
12643,-7.2639909042701065
12644,-6.719135583066979
12645,0.5130064346692159
12646,-2.1900176986915354
12647,-2.1833565633503125
12648,-4.083611002421083
12649,-7.614292497369235
12650,-0.6373359923837068
12651,1.8225646756158629
12652,2.9818518846486852
12653,-3.399732983186787
12654,1.0365341646395612
12655,-1.4730136842181663
12656,-8.254472269361749
12657,-0.27298366778623695
12658,-5.264128808695818
12659,-0.7273337488713414
12660,-7.293976313929351
12661,-8.129075036272708
12662,-7.708882386981939
12663,-7.001084872204817
12664,0.7165543510159484
12665,12.017717967848249
12666,-6.026013325333045
12667,-4.633909431507817
12668,4.700866244837564
12669,-1.133703273659088
12670,5.971757315179255
12671,-6.795865783682742
12672,-8.261375079725607
12673,-5.377364668761977
12674,-2.994205028725858
12675,-1.7410712827816346
12676,11.785662122613342
12677,3.3517280597551506
12678,6.037673259505051
12679,-7.753850911608645
12680,2.6662591403828215
12681,-6.9496958650673495
12682,5.614061523501956
12683,-5.998051226967225
12684,-4.10324383823165
12685,-3.331012506618609
12686,-5.7065818972762195
12687,1.934249644593478
12688,6.145105904430805
12689,-6.965320052596598
12690,-6.392471885723281
12691,1.055770305929003
12692,7.222613449596732
12693,-1.8512524272498554
12694,-0.7555504418355969
12695,-1.350514261286424
12696,0.15651968360857715
12697,0.6066835092768825
12698,-7.373846769742304
12699,-4.268392035298529
12700,-2.9452078198842635
12701,-7.446017854114432
12702,4.3493770739212865
12703,-8.056019989639882
12704,-5.057711184676144
12705,-6.158104683140716
12706,-1.4768879341543295
12707,-3.5361686158440566
12708,2.25298999702129
12709,-1.2850183953929037
12710,4.317019652073336
12711,3.105826687428279
12712,5.7083307663946625
12713,-5.293408381995051
12714,-0.9343473739995778
12715,-1.7177324254875224
12716,-0.725573546370005
12717,-0.7989600858683148
12718,-6.211671151318525
12719,-6.580979053874154
12720,2.219646319015344
12721,4.173413733590023
12722,0.06249231392882737
12723,1.6727796732671658
12724,-1.8020500368544012
12725,0.5662391050087527
12726,-6.042816646522766
12727,0.6677985552639043
12728,-0.6724095658023999
12729,-6.624514563245549
12730,-8.233273438221516
12731,3.0746009235098315
12732,-0.9757216829741173
12733,-0.08085039491128976
12734,-7.8460028318055635
12735,-3.999631315688778
12736,6.741481610573988
12737,-0.5279854000284755
12738,-7.774221186214325
12739,-0.8164798873046994
12740,-1.4115930538186308
12741,-6.158104683140716
12742,-6.916367349161662
12743,-6.795865783682742
12744,-4.2936240742508645
12745,-6.1833300238358495
12746,2.1104590686080344
12747,1.6599337374639656
12748,-4.663712780754713
12749,4.853288589545786
12750,0.7201888291495289
12751,6.021389391333167
12752,-3.7167406294669663
12753,1.6818926314072895
12754,-6.211671151318525
12755,-3.830804925815489
12756,-2.491630571410379
12757,-7.69368541239031
12758,5.129652395130181
12759,2.0106031181129422
12760,-2.7992150903994504
12761,-3.270541759446719
12762,-6.675729736136648
12763,-5.927925124975948
12764,-0.9180396498381704
12765,-6.445513811551605
12766,-8.251440183326402
12767,-5.080815987095488
12768,-5.0946182323435165
12769,-6.6193237880470015
12770,-6.0839413395153965
12771,-6.955747513799775
12772,-6.642526788499146
12773,6.698541935298043
12774,-7.126363718788145
12775,-0.07758957622326078
12776,-1.1293775824434134
12777,-1.701256836026324
12778,1.131900236343682
12779,-1.1875386953011522
12780,-0.9259525721431383
12781,2.4588496115811243
12782,0.3106493299582258
12783,2.644128538099526
12784,1.2756192316632633
12785,1.2491870685535145
12786,-7.357024313972914
12787,-7.753850911608645
12788,3.448914304484962
12789,-7.614811013516802
12790,-0.7915883107831335
12791,1.6270333237393229
12792,-0.8883614264098059
12793,-1.5440472057487091
12794,-5.447077442351029
12795,12.95970287870177
12796,-7.96763689650202
12797,-6.965320052596598
12798,-6.675729736136648
12799,-0.18065177115673559
12800,1.0123246807445554
12801,1.0880032813250855
12802,-2.406446945520165
12803,-3.607507624697379
12804,-0.19236346972560803
12805,-7.297585998366218
12806,3.372800427452958
12807,1.7784205352608702
12808,5.670178918618504
12809,-7.853237159203111
12810,-7.183330208752652
12811,3.027146050278261
12812,-2.965582421494955
12813,1.7077797506106582
12814,4.8603959346316055
12815,-0.6128324920611803
12816,7.174801069991865
12817,-4.211362456080776
12818,-4.189962633499637
12819,2.919151445523621
12820,6.110132976181326
12821,-6.716483226718109
12822,4.621902153265401
12823,4.56804667396165
12824,-2.3100109045049297
12825,6.936610032685789
12826,-6.211671151318525
12827,-6.231349152780956
12828,-4.10324383823165
12829,-1.9721039953169477
12830,7.918159225776415
12831,2.7115997252483823
12832,-7.96763689650202
12833,-0.963576818767343
12834,5.801543017980721
12835,7.768272328740084
12836,-5.478143237906359
12837,-3.685595559140098
12838,-8.122177594244652
12839,1.2276490566487726
12840,2.8388137747803106
12841,-7.728099787838968
12842,-4.05180212264617
12843,-0.6369226454605548
12844,-6.642526788499146
12845,-1.240402555840477
12846,-7.194013612301131
12847,4.143709068195606
12848,-1.8741046390053553
12849,4.5394584308272545
12850,0.31426922660554524
12851,2.013719240703879
12852,-6.525075382777704
12853,-5.2560246108266995
12854,-0.8990942079806934
12855,-8.018523663278675
12856,-1.278538173125381
12857,3.885378352446568
12858,4.1872193564735465
12859,-0.11058982997527989
12860,0.6432233705632904
12861,-7.618305299681967
12862,1.495074986695505
12863,0.9864780902459729
12864,-2.543401764367368
12865,-4.906853640721329
12866,6.627115284594845
12867,13.91548313454448
12868,0.7778148869981947
12869,-6.965320052596598
12870,2.6806063919066636
12871,-7.000102885454971
12872,0.14882689892163137
12873,-0.4407889844303899
12874,-0.0884071238404387
12875,-0.9109235975665735
12876,0.8891403716308575
12877,-8.129075036272708
12878,-0.3425356854503938
12879,0.790628396883152
12880,-6.642526788499146
12881,1.9926559744112518
12882,-7.6082922490517335
12883,-1.2630489661975761
12884,3.2534932713994884
12885,-1.6867484137031261
12886,6.60781142591
12887,4.544525576021241
12888,4.288744303817545
12889,-5.370582746716169
12890,5.109764500738273
12891,4.1580116162683565
12892,1.9845222779994176
12893,5.21026567171875
12894,-6.581827388601723
12895,-1.4436083305671785
12896,-2.2939006996403952
12897,2.896136178391465
12898,-6.536988478965729
12899,-0.16174056177056517
12900,0.6971251097175317
12901,-7.699263016105732
12902,-5.7065818972762195
12903,17.475114702049567
12904,2.5418209229489555
12905,1.8265205523193413
12906,-4.12482427355049
12907,2.356183398871094
12908,0.009340496043865887
12909,-6.624514563245549
12910,-2.053887420155746
12911,-2.639985389634343
12912,-7.645531619645398
12913,-7.84797945655297
12914,-7.407919414253447
12915,-0.22057955006789653
12916,-6.642526788499146
12917,-2.4851398977988017
12918,5.165795901252771
12919,-1.9944898402589601
12920,-1.4608462010914107
12921,1.6296959363443073
12922,-2.6502930254063646
12923,0.1416033122795522
12924,-7.377212841510643
12925,-3.8825607135947027
12926,1.1975760613319437
12927,3.9939621814481336
12928,-5.69504449452428
12929,-1.9732350885040235
12930,1.72725871815913
12931,-7.753850911608645
12932,-2.1054952120951222
12933,-7.618305299681967
12934,-6.536988478965729
12935,-6.580979053874154
12936,0.8553067149402449
12937,-7.699263016105732
12938,-6.117598970632028
12939,-2.5082984156013937
12940,-0.26980196065381534
12941,-6.941500279583476
12942,0.9840941470898523
12943,-0.6777909867643475
12944,9.680715916108266
12945,-6.624514563245549
12946,-8.251440183326402
12947,-5.470532374855573
12948,-7.060457287936163
12949,1.05085753567
12950,6.454686342677441
12951,2.751719299295119
12952,-6.642526788499146
12953,-3.5632088016043078
12954,-0.13820018728749983
12955,-8.056019989639882
12956,-5.057711184676144
12957,-5.999964849756097
12958,2.4179866819360067
12959,-2.4124278260791545
12960,-8.261375079725607
12961,-6.1833300238358495
12962,-4.189962633499637
12963,-0.9003342587205503
12964,-2.125413486243223
12965,5.207952904634844
12966,-5.987846766987714
12967,1.0416316568143797
12968,-6.719135583066979
12969,-7.618305299681967
12970,3.464182706579321
12971,2.900573737392479
12972,-1.020076001842114
12973,0.2727577256832858
12974,0.9511685737394947
12975,-1.4958506498268629
12976,-1.268700813519882
12977,-6.965320052596598
12978,2.222271877715683
12979,1.3024038455341147
12980,-1.6160639231925833
12981,-6.624514563245549
12982,-0.35924610138805013
12983,-4.663738981202368
12984,-3.482756361713595
12985,-8.129075036272708
12986,-1.735488180882079
12987,3.46625577389249
12988,10.316215805405847
12989,3.8049957489457285
12990,5.219952664253455
12991,2.5834482058316928
12992,-0.37765252075603906
12993,-4.09525308589754
12994,-7.364342572675286
12995,-6.706524974656603
12996,-8.263578598248195
12997,1.858458906089777
12998,3.391031528482647
12999,2.8297226976693475
13000,-5.484994935493794
13001,5.486338798425434
13002,-7.357024313972914
13003,-7.753850911608645
13004,5.694267960943826
13005,4.370268367777509
13006,-2.478730702287316
13007,-6.580979053874154
13008,-2.4628087604741498
13009,0.8482420706086109
13010,3.5084823026053593
13011,14.30033307987359
13012,-3.876952351463633
13013,-3.0273780115668565
13014,0.42942459945807787
13015,3.631545012973613
13016,-8.191356442825931
13017,-0.9399534883062111
13018,3.1291743147497644
13019,4.659920545189596
13020,2.770831210729579
13021,-0.16015678024504876
13022,0.4691922818397516
13023,-3.1644732138724434
13024,0.35253488269268374
13025,4.639428978106484
13026,0.19139579242529325
13027,5.301147677406467
13028,7.381032944862614
13029,-6.158104683140716
13030,-2.3979081097661514
13031,0.43461432272104866
13032,-8.134588595731323
13033,2.1326963394593346
13034,8.987639070316163
13035,-8.018523663278675
13036,-6.225255290336142
13037,3.003450832722745
13038,-7.357024313972914
13039,-1.3215095123229772
13040,-5.275184311185665
13041,-7.618305299681967
13042,-1.9054281182268764
13043,0.05465276067410896
13044,-4.10324383823165
13045,-3.1988506092190714
13046,0.2805889818631262
13047,-7.4052960537817425
13048,-3.7626893703337156
13049,-0.4380241032535219
13050,-0.7434239498396171
13051,-4.170988769107341
13052,0.8584834403895646
13053,-6.624514563245549
13054,-1.8497472300972686
13055,-0.8090025559344726
13056,2.2358041289177857
13057,5.846024508070379
13058,0.842339628318551
13059,0.18561062781322857
13060,2.275003199756877
13061,-6.633102995392007
13062,-3.928573795589724
13063,-8.056019989639882
13064,-1.2895188482553772
13065,6.666049353652897
13066,-1.2961454134670978
13067,3.0146822547605137
13068,-8.263578598248195
13069,-6.1833300238358495
13070,-1.6391753276673922
13071,2.9132051100555088
13072,4.968807669986239
13073,-3.9409154813152263
13074,4.137921885098526
13075,-2.807982120990105
13076,-2.5520523589782775
13077,-7.618305299681967
13078,-6.536988478965729
13079,-6.199622020680414
13080,-0.4500379254003466
13081,-1.342801588346505
13082,-2.114056603456311
13083,0.4234928995433793
13084,2.674219695518068
13085,-1.3298124672474128
13086,1.0697065683441294
13087,-7.000102885454971
13088,-0.19109554317621424
13089,2.006944338228835
13090,-8.251440183326402
13091,-2.4316516500941803
13092,-0.9967366851840355
13093,-3.9117712869549197
13094,-7.8460028318055635
13095,-2.06666849750687
13096,-1.515570968988476
13097,0.8378696906858941
13098,-7.774221186214325
13099,-1.4569705596669873
13100,0.9456648508372423
13101,0.9021024234222096
13102,-7.364342572675286
13103,-0.17978139302398
13104,-4.328062201057877
13105,-2.4527525044836453
13106,-4.189962633499637
13107,1.3153086622348389
13108,6.320560078474983
13109,1.2413044725128746
13110,-7.384914066095767
13111,4.3075739734141125
13112,10.699854604938794
13113,1.827136649949946
13114,-5.858681049570864
13115,-5.1963036856683065
13116,-4.10324383823165
13117,0.5332609626868849
13118,-6.117598970632028
13119,-7.4052960537817425
13120,-7.964708193501895
13121,-1.1029815950304926
13122,-1.2911802223921525
13123,0.7252792652001014
13124,-8.254472269361749
13125,1.0392531601300639
13126,0.49839868138737664
13127,4.118560789295504
13128,-7.830131856304138
13129,0.7459331527663705
13130,-3.638734056586713
13131,-7.001084872204817
13132,7.266254550292844
13133,0.6365248453613468
13134,-1.8397905111032609
13135,-1.2155662118810866
13136,3.151572664609633
13137,0.12308971491613624
13138,-6.921728984352207
13139,-5.508681075433391
13140,-6.229689643410534
13141,-0.8795798808753886
13142,-1.2014681692641567
13143,2.0399361613510605
13144,3.3764552430112156
13145,-6.716483226718109
13146,-2.716742245149766
13147,-7.560379651440293
13148,-6.762717796430497
13149,-3.081047630976315
13150,-1.1195405006242352
13151,-0.7019397739982387
13152,-2.5188007570626647
13153,3.404288209235262
13154,-6.117598970632028
13155,-7.4052960537817425
13156,-7.96763689650202
13157,-5.628996936563878
13158,-0.3440612011918036
13159,4.8887585571002745
13160,0.5357090945406633
13161,0.023520892560521256
13162,-1.4078583233324145
13163,-3.199422208589648
13164,-7.830131856304138
13165,-1.3131333711859055
13166,-7.8460028318055635
13167,-7.001084872204817
13168,-4.9551238812844
13169,-7.898800956751095
13170,0.23437572343830393
13171,-8.056019989639882
13172,-4.92645014351236
13173,0.08037229034438709
13174,-4.936754041210735
13175,-0.7270710145248194
13176,-4.633751608314039
13177,-5.914205774537086
13178,-4.189962633499637
13179,-8.018523663278675
13180,-6.42943490677631
13181,0.9631476268065958
13182,3.9541624190908715
13183,-7.753850911608645
13184,0.246244958278533
13185,-7.626327053859503
13186,2.9392092146327555
13187,-6.517853021536499
13188,-0.5576484303286982
13189,-2.086524225640904
13190,-6.533141050476963
13191,-1.6317308286964827
13192,4.312174115958536
13193,-1.0812840466467688
13194,5.073596007058266
13195,-6.705537361669118
13196,-7.421497257539827
13197,-1.1372350297465443
13198,-8.251440183326402
13199,-3.835716022809009
13200,-0.6811334038883907
13201,-1.748756509478833
13202,1.3200543778554388
13203,-6.9796384182474736
13204,0.5887308542045935
13205,-7.898800956751095
13206,2.5352628433342934
13207,-6.996081007394166
13208,-0.7421965380529729
13209,1.320195428937245
13210,-7.364342572675286
13211,-6.004248144280615
13212,-8.263578598248195
13213,-0.4054786021386454
13214,-0.5411286406986973
13215,-0.12204347579084862
13216,6.3347137387089605
13217,-0.8442330778973142
13218,-2.377796326867604
13219,0.6642449389843867
13220,0.43562722531936093
13221,-1.847853412549274
13222,0.18297159402539018
13223,-0.762005615216309
13224,1.1522974112115034
13225,3.827813310057055
13226,-5.112221411279217
13227,0.5681530979102842
13228,-2.2582804932295932
13229,2.787645335263246
13230,1.0256089017586394
13231,-6.972965345318621
13232,-8.196022862347688
13233,-5.779079228213493
13234,0.5185408321629339
13235,-1.672386210344737
13236,-4.878884222320991
13237,-1.685319283210462
13238,-7.8460028318055635
13239,0.8679597437702553
13240,-5.120439723152225
13241,16.05221145954327
13242,-2.9439087043072423
13243,-0.5654111316851688
13244,-5.057711184676144
13245,-0.9569103599650357
13246,-6.370010420233478
13247,0.17998957481819366
13248,-7.181863536841098
13249,6.223088472326933
13250,-1.9043088357738494
13251,-3.4100011428593695
13252,-2.7678100403215877
13253,3.8756610572580827
13254,1.6919740923471664
13255,8.390892044089991
13256,-0.68280510043473
13257,-2.2457630371929707
13258,2.238720638456761
13259,-6.275810948583844
13260,-4.10324383823165
13261,-3.1787897902057294
13262,0.2371047237463073
13263,0.3745682658081497
13264,-7.17216175010984
13265,-6.960954762310317
13266,-4.721710516502812
13267,-4.4331737691682225
13268,-5.982994896174638
13269,-0.2127257847438545
13270,-8.251440183326402
13271,-5.598747223841199
13272,-7.843468329949962
13273,-8.096719288978335
13274,0.6031118184416924
13275,-7.001084872204817
13276,-6.642526788499146
13277,1.6461072766021734
13278,-7.71168366080408
13279,-3.1112678078523266
13280,-4.333737519041488
13281,-6.158104683140716
13282,2.5191157032987617
13283,0.14989892467099197
13284,-8.263578598248195
13285,7.473247490843219
13286,-4.189962633499637
13287,5.70291787841969
13288,-1.49779963022331
13289,1.5641483502236904
13290,-7.384914066095767
13291,4.234343343835525
13292,-5.338529730091494
13293,-6.4467749616032854
13294,0.5998760769381508
13295,-6.580979053874154
13296,-3.8162373237362512
13297,-7.699263016105732
13298,-0.6388837757156471
13299,-2.459259502181812
13300,-7.96763689650202
13301,-0.8759740799864537
13302,-6.675729736136648
13303,5.688532338979618
13304,-1.2319214614116707
13305,0.8291421652204081
13306,10.92710137200619
13307,-1.2976022779207206
13308,-1.7799059248222797
13309,-8.129075036272708
13310,2.7376264248392923
13311,2.2899808088970435
13312,-6.642526788499146
13313,-7.898800956751095
13314,-2.9504702037448354
13315,-7.573488798729315
13316,-0.20973826004055107
13317,7.766879418655504
13318,-1.0739332643615094
13319,2.4993383504923163
13320,-8.263578598248195
13321,-3.477551220533977
13322,0.7148108032112641
13323,5.7489962137115915
13324,-7.026326198643779
13325,-6.716483226718109
13326,4.431015621213445
13327,6.202177518612975
13328,-6.762717796430497
13329,0.7792811262205306
13330,-5.175502621622226
13331,-0.15245203802319085
13332,-4.10324383823165
13333,-7.151377115089137
13334,-5.924546934159576
13335,6.543220562082547
13336,1.3307375303095768
13337,-6.965320052596598
13338,1.728435299952602
13339,-7.000102885454971
13340,-3.2369686907969046
13341,-3.246622917664637
13342,-8.251440183326402
13343,-1.4243900033528294
13344,-0.7663144744924593
13345,-7.7642161901103215
13346,-8.199051747594073
13347,3.944767887727142
13348,-6.1172562161728115
13349,-7.583740906809
13350,3.7019803815042334
13351,-8.056019989639882
13352,-2.1923139072392654
13353,4.067311715963049
13354,-6.942969411585878
13355,-6.795865783682742
13356,4.485357333230715
13357,0.6294656486037356
13358,-4.189962633499637
13359,-8.018523663278675
13360,1.0599891558043328
13361,-1.5914135396480846
13362,-7.384914066095767
13363,-2.1544221790919322
13364,-6.206721936182194
13365,-6.069504818992016
13366,-6.111796292004609
13367,-3.5322275012772364
13368,-1.0463036715402165
13369,1.13996200615655
13370,-6.357426160775679
13371,0.7051719587778154
13372,-7.96763689650202
13373,-2.4918084712095383
13374,1.014190827631332
13375,0.35703032888414704
13376,-8.254472269361749
13377,-6.450710918113397
13378,-4.110491479844377
13379,-5.610313760923519
13380,-7.843468329949962
13381,-8.129075036272708
13382,5.176232517446503
13383,-2.075760240152636
13384,-3.667353738066015
13385,-0.8586766027058232
13386,-3.3282204887918665
13387,1.1715179012417145
13388,-0.08283892171886631
13389,1.6569826992541423
13390,-0.4670753057918604
13391,-3.77978151238122
13392,-8.263578598248195
13393,-6.1833300238358495
13394,-4.189962633499637
13395,12.320977155929327
13396,-7.026326198643779
13397,-2.206358437810926
13398,3.787926827551713
13399,-4.573828790451033
13400,-0.5571040318298373
13401,-5.823460417133386
13402,9.338086827287878
13403,-6.580979053874154
13404,-3.632535226304535
13405,-7.699263016105732
13406,0.18659440754192613
13407,-7.4052960537817425
13408,-7.778088011598103
13409,-3.3423342093701915
13410,-1.5842902742168212
13411,-0.23163490350719385
13412,-3.2539685563971537
13413,-6.624514563245549
13414,3.769517423456222
13415,-5.610313760923519
13416,-4.168417709249417
13417,5.918872623097736
13418,-8.1993923907553
13419,-1.015972029018863
13420,-6.642526788499146
13421,-7.898800956751095
13422,0.9681168322638749
13423,0.06133795822740584
13424,1.3077733265176128
13425,0.4588008564724313
13426,-7.3101170020756525
13427,-2.6966739799652166
13428,-8.263578598248195
13429,-5.393833095406396
13430,-1.8797102101719765
13431,4.102985615242742
13432,-2.422900126832042
13433,4.887229840415632
13434,4.595694677795908
13435,0.34360929691002684
13436,-4.82475584924787
13437,1.1165341469221035
13438,-3.886078470256073
13439,-6.580979053874154
13440,-0.8236733518011402
13441,-7.699263016105732
13442,-1.3897414453894352
13443,-2.435848139481856
13444,-3.523785097934333
13445,-3.919161314407502
13446,-4.287487928911047
13447,0.14031875706310926
13448,-8.254472269361749
13449,-5.941867662000272
13450,5.560882901018006
13451,-1.4698713962171195
13452,1.2579472861073908
13453,-8.129075036272708
13454,-6.978780478199981
13455,-4.868980909405631
13456,-3.858062566529225
13457,-2.1583202103588155
13458,-7.813896300903197
13459,-8.056019989639882
13460,-5.057711184676144
13461,-0.7889754067670623
13462,-1.457656338569778
13463,-1.0739801518854033
13464,-5.3952819429755365
13465,-1.2982909425394586
13466,2.5576230800908233
13467,2.9992409129718833
13468,-4.458622975719447
13469,-0.5972359661036073
13470,1.301146223852316
13471,-6.132552499265238
13472,4.401622828120363
13473,5.252564779820206
13474,-2.619068841716791
13475,-6.143821243622632
13476,-2.6092547169370772
13477,1.757848404636019
13478,-3.6625096833378326
13479,-1.6070124762919553
13480,-6.070583490718861
13481,4.881532750431221
13482,7.7267986534634625
13483,-7.000102885454971
13484,-8.254472269361749
13485,1.1521816829706955
13486,-7.081640867046865
13487,-0.07627515716879207
13488,2.429751273977157
13489,-8.129075036272708
13490,5.946549784455195
13491,-6.943833279001084
13492,3.2096863520591947
13493,2.1929627970596517
13494,0.5599708977464208
13495,2.1441161992706013
13496,1.9550710681989674
13497,-0.5978739273022728
13498,-7.135917619001646
13499,5.685688467376897
13500,-7.3633570472994965
13501,-6.1833300238358495
13502,0.5401075199277221
13503,-8.018523663278675
13504,9.430650815264528
13505,-2.6439021390733353
13506,-7.384914066095767
13507,-7.753850911608645
13508,-6.005658486975914
13509,-3.491322156519625
13510,2.444214520399706
13511,-1.1534933965509635
13512,-2.208284913099429
13513,-7.090444546034474
13514,0.785040315103414
13515,4.401170506130224
13516,-7.96763689650202
13517,-3.3487294184464904
13518,-6.268765435259772
13519,0.6816588208414791
13520,-8.254472269361749
13521,3.895077119224025
13522,-5.67739534925917
13523,-1.5481248913667771
13524,-1.9328146981337067
13525,3.551026349670358
13526,-8.1993923907553
13527,-7.192575218933127
13528,2.119069814722687
13529,-7.9232656923298554
13530,-5.718616001822855
13531,-8.056019989639882
13532,-3.490608069969455
13533,2.7208228187045753
13534,-0.8258149845651074
13535,1.0464199503663443
13536,-8.26050745197785
13537,2.8843144935402387
13538,3.9781257395425387
13539,-4.873146921741425
13540,-6.359321900510628
13541,4.024165997049237
13542,4.3458625586121915
13543,1.59730787981285
13544,-6.234393276497918
13545,-2.563299104459292
13546,-4.213046034789601
13547,-5.6504450121067915
13548,-0.6104256974222135
13549,4.0474290485243065
13550,-2.051010944512509
13551,-7.4052960537817425
13552,-6.461171397756235
13553,-6.965320052596598
13554,2.034823299467643
13555,-7.000102885454971
13556,10.353953909184625
13557,-6.624514563245549
13558,-7.560317330077892
13559,-1.0846623931828347
13560,-1.1945851387540527
13561,0.7012801872334933
13562,-8.1993923907553
13563,-1.5104348408223838
13564,9.071473020486703
13565,-7.187536199862578
13566,1.8663662224499484
13567,-7.9999529694443074
13568,-2.9465992773965253
13569,-4.507254149754064
13570,-1.2394142317289678
13571,-6.795865783682742
13572,0.48327659733637374
13573,-6.1833300238358495
13574,0.760014329567924
13575,-6.410439185836344
13576,0.5773914967038998
13577,-4.983703132590859
13578,-7.384914066095767
13579,-0.7560571663332339
13580,-0.7936818951376639
13581,-4.318678484084556
13582,-6.536988478965729
13583,-3.4650779373713254
13584,7.087482615467988
13585,-3.2512251143993094
13586,0.03617649461525696
13587,-7.4052960537817425
13588,0.5262233796394193
13589,-4.412878228957354
13590,-0.46957502915236327
13591,10.754837648711165
13592,-8.254472269361749
13593,2.2228575419537315
13594,-0.5306193411295757
13595,-4.471653108185209
13596,-7.843468329949962
13597,-5.766639439193376
13598,-0.2956997083991957
13599,-7.192575218933127
13600,1.5023218125491247
13601,5.282256608549242
13602,-1.1161081847912906
13603,0.8090970609805175
13604,-1.029389873986028
13605,1.459004298369317
13606,-1.0466099118125567
13607,-6.795865783682742
13608,-8.263578598248195
13609,-2.5227782677723853
13610,-4.189962633499637
13611,0.08438199531007617
13612,-3.5888487294465854
13613,1.7452648091018819
13614,0.06465077769967376
13615,-2.5452789022235605
13616,-6.762717796430497
13617,0.0929509856318591
13618,-6.536988478965729
13619,-6.52924387531092
13620,-2.0153070876197328
13621,0.5579354414713471
13622,5.390847809939329
13623,-0.6034618674853296
13624,-0.06025928381396373
13625,4.567374909169462
13626,-2.0023506840683902
13627,-7.000102885454971
13628,-3.5052920946494366
13629,-6.483119054868891
13630,-8.248429336452011
13631,-5.610313760923519
13632,-4.017981748378045
13633,4.309522633541444
13634,4.060826823414294
13635,-7.192575218933127
13636,12.550759033369836
13637,-7.422055759289734
13638,0.08790827473101115
13639,2.481417564824202
13640,0.9769565527788701
13641,-6.158104683140716
13642,-7.364342572675286
13643,-6.795865783682742
13644,-8.243150723555832
13645,-6.032628065529071
13646,-0.6739333341794922
13647,-2.1613198659441393
13648,4.233795592252801
13649,3.6677602535914104
13650,-7.384914066095767
13651,-2.913985416820508
13652,-4.686604448323047
13653,-4.506256452835238
13654,-3.3423727614277388
13655,-6.580979053874154
13656,3.7607831251915145
13657,-7.663887281477446
13658,-3.3824550182548228
13659,9.711140745361355
13660,3.5934756551490055
13661,-2.3960395753509305
13662,-1.6312758427308305
13663,-7.000102885454971
13664,3.0429653788748543
13665,0.7380120581101526
13666,-0.20844677190000072
13667,9.793030679494233
13668,-3.345127510125075
13669,-7.901778844711725
13670,-4.373007041662979
13671,4.078984540827617
13672,-3.0998581511279104
13673,3.0773486946577515
13674,-7.813896300903197
13675,-2.141634254279992
13676,-5.057711184676144
13677,1.2558099684178465
13678,-0.650759271572906
13679,-6.795865783682742
13680,3.4941634488793243
13681,-6.1833300238358495
13682,3.133530079304093
13683,-7.010174500160761
13684,-0.4047671875254012
13685,-2.8451220742805527
13686,4.361677961247578
13687,0.029326326755363397
13688,-0.38919801384501884
13689,-7.626327053859503
13690,-2.9482686599043997
13691,-6.201192376804578
13692,-4.10324383823165
13693,-6.404627313362217
13694,1.0070235873324371
13695,10.068194731672369
13696,-0.7683454773689692
13697,-6.965320052596598
13698,2.1521626683322506
13699,-7.000102885454971
13700,2.4102638685506106
13701,0.4444258111569647
13702,0.15161843070349645
13703,0.8736908189839382
13704,4.259851788289456
13705,-8.129075036272708
13706,8.791431487907024
13707,-2.5519935736823
13708,4.390469751261335
13709,1.3416543511732677
13710,-7.813896300903197
13711,-8.056019989639882
13712,3.1903507191705835
13713,-6.158104683140716
13714,-7.08973737377673
13715,-0.8956753395389474
13716,5.173301339036872
13717,-2.110184212841362
13718,1.5662769196635327
13719,-0.6318114336084124
13720,-6.61615384108913
13721,1.5107913684346985
13722,-6.291203627599349
13723,6.244189731304596
13724,1.0468673329635807
13725,-1.1053463398091596
13726,-6.3555408921490075
13727,-3.2403944700887024
13728,5.000319034394442
13729,2.58195915197616
13730,-0.17426599690178546
13731,-7.4052960537817425
13732,-7.96763689650202
13733,-2.708182412379316
13734,-6.505799110899332
13735,-1.2534920619362082
13736,-7.773511267489059
13737,-6.1433509777095745
13738,-8.251440183326402
13739,-0.08306832712641476
13740,4.762353843078139
13741,-1.1987582275328923
13742,-7.244385567906862
13743,-7.184926136566502
13744,-6.642526788499146
13745,5.586875695990896
13746,1.902360789801962
13747,3.446090364362574
13748,-5.057711184676144
13749,3.1278556736531136
13750,-2.693818641057767
13751,-6.795865783682742
13752,-0.4053871481029159
13753,1.8036714268543976
13754,-1.4450345218635214
13755,0.4152568821944651
13756,-7.026326198643779
13757,0.8038600344147553
13758,-7.342086308778011
13759,-6.852997231368807
13760,-6.284639230599895
13761,-3.4527378404920896
13762,-6.536988478965729
13763,-6.580979053874154
13764,-1.0794153007902392
13765,-1.2991886016231229
13766,-1.7575038480065466
13767,5.146783171443977
13768,0.14214247804244445
13769,-3.722417337483021
13770,-6.675729736136648
13771,-7.085104240555043
13772,-1.8733083704549753
13773,-6.786996150810865
13774,2.739121180076019
13775,-2.8698728378804015
13776,2.3949445982805755
13777,4.833536179661564
13778,3.6328993282312028
13779,1.7136987204442196
13780,-4.990930972584893
13781,3.7470666613503747
13782,-0.28220122225869004
13783,-7.8407581113021525
13784,9.009766891546828
13785,-2.8999081146403576
13786,-1.3779429578440066
13787,0.11253570129907964
13788,-8.263578598248195
13789,1.7078930652764606
13790,1.252179588459739
13791,-3.093366626544778
13792,-4.822451539891318
13793,-2.376041878710469
13794,-6.495985018274304
13795,-3.9301721920807635
13796,5.1221403120086615
13797,-1.0909790451789305
13798,-2.4559684269412094
13799,-1.4875972599970546
13800,7.21769499161601
13801,-6.774755133762464
13802,-2.3681424629978753
13803,-7.356344433342503
13804,-2.8339182972866315
13805,-6.957752786071649
13806,3.7217741713587134
13807,-2.8667399681075705
13808,-8.254472269361749
13809,-2.78182257776936
13810,-4.966779454566465
13811,-4.037368767263452
13812,-7.843468329949962
13813,-4.026934970162991
13814,-0.3767507640689449
13815,0.3366223447548697
13816,-4.102792572999649
13817,4.115493895526161
13818,-7.824909201304745
13819,-8.056019989639882
13820,-1.1132342925930285
13821,10.826275920401216
13822,-5.862705254210281
13823,-6.795865783682742
13824,-7.031188651007623
13825,6.677107293813789
13826,1.2793911735892924
13827,1.173102890550973
13828,-2.250496628766867
13829,1.0252063664910978
13830,2.6365212814518704
13831,-1.9309108699872033
13832,1.3707670127111966
13833,-0.013787278216684351
13834,3.02242380526414
13835,5.376708801481541
13836,-1.846229746379059
13837,-7.6003769789414
13838,2.0475011704926276
13839,-6.5445709634863825
13840,1.7755612594708992
13841,-3.7782054955934186
13842,-6.230885401300376
13843,-7.085104240555043
13844,14.953640142676797
13845,3.3973422397645994
13846,-8.251440183326402
13847,-0.4733933397282717
13848,1.2620182410055953
13849,-6.21528923494478
13850,1.542152845364907
13851,0.45889613901514914
13852,5.164765708396481
13853,8.232701937742718
13854,-7.589752663158948
13855,0.6466550672958573
13856,-5.057711184676144
13857,-6.028669215892681
13858,3.6451893942681535
13859,-6.795865783682742
13860,0.27489480370558894
13861,-0.09899282022084321
13862,-4.189962633499637
13863,4.742283716499521
13864,-1.5359930480455093
13865,1.4119030456208939
13866,-0.7164585331065361
13867,-7.753850911608645
13868,-4.637620022476079
13869,-3.555014790017711
13870,4.407119372546812
13871,-2.926011106844958
13872,-4.126851353316805
13873,-4.2163999770964224
13874,-5.796759264987442
13875,-7.4052960537817425
13876,2.8553241227410364
13877,-2.6773994603909825
13878,-2.1639976755446204
13879,-0.02533084999000289
13880,-2.677826551742621
13881,-3.909301805464395
13882,4.2085918621920175
13883,-4.194058378753781
13884,2.2884667435623873
13885,0.5357642054165028
13886,-8.199605217150289
13887,-7.192575218933127
13888,-2.6121550393025696
13889,-0.5215840633548027
13890,0.3324854868920958
13891,5.603538096090777
13892,-5.057711184676144
13893,-6.752433424571355
13894,-7.364342572675286
13895,-6.795865783682742
13896,-2.8673767795293656
13897,-1.9832928746216103
13898,0.7528081312601875
13899,-8.018523663278675
13900,0.41740979766262065
13901,-6.716483226718109
13902,3.6245903917521787
13903,3.225188882191286
13904,0.39221314301976573
13905,2.4669149807232063
13906,0.03427521473296924
13907,-7.758832612672007
13908,-2.6400891951926746
13909,-1.0808593236312265
13910,-1.0047791722088784
13911,3.1233328252735406
13912,-7.96763689650202
13913,0.6703017797496265
13914,-0.8545512702447868
13915,-7.085104240555043
13916,6.5556194361383495
13917,-6.534017050515463
13918,-0.007266220916914978
13919,-0.8991325320415398
13920,-3.42769409600902
13921,3.986317731725871
13922,-2.138042464720313
13923,-7.192575218933127
13924,-6.642526788499146
13925,-2.4697656899320513
13926,-1.1182976511892857
13927,-5.3861059764222725
13928,0.07015245110876256
13929,-3.1834044165706312
13930,-0.016265785903921248
13931,-6.795865783682742
13932,-7.873090459882012
13933,-5.969868808633571
13934,3.8729079051723376
13935,8.998097477745869
13936,-7.026326198643779
13937,-4.92600234041382
13938,-7.384914066095767
13939,10.12803940106589
13940,2.8172916559441368
13941,-2.6452661426408137
13942,1.7766177742539593
13943,2.192356064077937
13944,0.27481903148883946
13945,-3.271573921677662
13946,-4.401416407307002
13947,-5.52739109324658
13948,-7.597162881376062
13949,-3.4284846636217536
13950,9.884567232805699
13951,-5.2233654777681595
13952,-8.254472269361749
13953,-6.786996150810865
13954,-5.986800691597831
13955,1.2726272254492919
13956,2.036642096200573
13957,-2.7668078188423166
13958,-8.199605217150289
13959,-7.192575218933127
13960,-6.642526788499146
13961,-6.870158116816466
13962,-7.294032966556083
13963,3.0926024195369557
13964,1.999567924052468
13965,3.453074629854332
13966,-7.364342572675286
13967,-3.479493988880539
13968,-8.263578598248195
13969,-0.0723056659066561
13970,4.438291962827119
13971,-7.7094283808459565
13972,3.1603077608207846
13973,-1.8341103818139421
13974,2.042230116277356
13975,-1.088477170744361
13976,3.22996630076413
13977,-7.626327053859503
13978,-6.536988478965729
13979,-7.758832612672007
13980,0.5273457696565813
13981,-7.690674787839338
13982,-6.533141050476963
13983,-7.4052960537817425
13984,-1.0425427783189423
13985,9.092390322772246
13986,2.953208902266914
13987,1.6252229320727252
13988,-4.954444175224804
13989,0.010048602999405826
13990,-7.866063479257527
13991,-1.0009776916632334
13992,-7.742782729381253
13993,5.466221837002728
13994,-8.199605217150289
13995,-1.697792365665482
13996,-4.824512310707289
13997,0.13029838463600307
13998,0.9456674614430918
13999,1.086536922641711
14000,1.400161704221544
14001,-6.752433424571355
14002,-3.9768408295111355
14003,-1.3818352737061408
14004,-2.467406667255239
14005,3.7382239079429294
14006,0.12331181021703053
14007,0.2767254041586398
14008,5.211631825804917
14009,-6.716483226718109
14010,-7.384914066095767
14011,-5.012285318721205
14012,1.2109706991736344
14013,-2.1923860273480043
14014,-6.536988478965729
14015,2.964516946309314
14016,2.2013495998919246
14017,-1.2555480923016646
14018,-6.533141050476963
14019,-7.4052960537817425
14020,-7.826684520705704
14021,0.7979605733256869
14022,4.750015582853193
14023,-2.886158002726481
14024,-6.917405146504236
14025,-4.118998632973787
14026,-8.207016070645805
14027,0.8321341407748921
14028,-7.843468329949962
14029,-1.9057082455966392
14030,1.4329678144244482
14031,3.88840625548779
14032,5.005207214258532
14033,6.437543755744231
14034,4.566861850603691
14035,-6.26491728356351
14036,2.4030520430270172
14037,-4.768645721026138
14038,-7.23469482008122
14039,4.854245747780251
14040,6.366979597971355
14041,-4.785274109061698
14042,0.4397559259408581
14043,-0.40140525053766574
14044,-1.2776496218546884
14045,2.0106971684279102
14046,-0.6872661016477988
14047,6.934055425927117
14048,4.455517605288468
14049,-1.0318442150728373
14050,-0.2763217684851206
14051,8.076798299026613
14052,-3.632098212835062
14053,1.6250060394593198
14054,-3.0877718062035804
14055,0.2088847235251201
14056,-7.96763689650202
14057,-3.8285430179184883
14058,-6.675729736136648
14059,-6.995701331582243
14060,4.701508938764727
14061,2.66119718641141
14062,-7.896046532666479
14063,-5.610313760923519
14064,-1.8193324648542166
14065,-7.829672098571605
14066,-8.199605217150289
14067,-7.192575218933127
14068,-2.0033429094157675
14069,-4.369491819593202
14070,-2.9960640823701614
14071,-8.056019989639882
14072,-5.057711184676144
14073,0.874753708622134
14074,5.432814433427977
14075,-7.428365103809363
14076,0.8552193127053926
14077,-2.7256849772597445
14078,-3.2548906760637326
14079,0.8673601883561028
14080,-3.4597989860504006
14081,-1.232349591544584
14082,-7.384914066095767
14083,0.2014524876735746
14084,-2.4165832872410613
14085,-2.0416543277498165
14086,-1.813364046224804
14087,-0.24573441388947126
14088,-4.0414295625536045
14089,-7.699263016105732
14090,-6.533141050476963
14091,-7.4052960537817425
14092,-0.3636760093506525
14093,-6.965320052596598
14094,0.30405607851773175
14095,-1.49850464724498
14096,-2.5567871963913866
14097,3.105035009093065
14098,0.6610093609506738
14099,-5.610313760923519
14100,-2.3920988544831454
14101,-5.328816281599975
14102,-8.199605217150289
14103,-5.6403582831151144
14104,-0.3210044790999578
14105,0.13126827725175638
14106,-7.824909201304745
14107,-0.6717861957377127
14108,-5.057711184676144
14109,0.46065190912133147
14110,-2.8867396321981835
14111,-7.428365103809363
14112,3.4451610198938782
14113,-2.662511387677985
14114,0.3010529002512041
14115,-3.6949066134414696
14116,-5.39829576016014
14117,4.055238314641478
14118,6.932588108066298
14119,3.3666920950238013
14120,-6.762717796430497
14121,-7.626327053859503
14122,-6.330808391113523
14123,-3.6632384088389616
14124,-4.126851353316805
14125,2.5548281958806056
14126,0.4368065710542952
14127,-0.9676080704568175
14128,-7.21014329863552
14129,-1.2074682450038003
14130,-6.675729736136648
14131,-7.085104240555043
14132,-8.254472269361749
14133,0.9738210537543592
14134,-8.251440183326402
14135,3.3575985648955697
14136,-2.4763098978530946
14137,-8.129075036272708
14138,-2.8922928305518356
14139,2.5048245967440104
14140,-6.642526788499146
14141,3.7487860032026687
14142,-1.2483614963894487
14143,3.339535438168112
14144,-4.246197778075277
14145,-0.8380367202815655
14146,-7.364342572675286
14147,1.0274945175268164
14148,5.818561477592471
14149,2.935068831120554
14150,1.3201664767794399
14151,9.411489855524657
14152,-6.93202554820029
14153,-6.714105785221667
14154,-7.384914066095767
14155,1.9826601129132073
14156,-1.274556341235307
14157,-1.1216353377592376
14158,0.848558447212033
14159,0.10411620809940425
14160,0.9817621664617844
14161,-7.699263016105732
14162,-3.14549013462533
14163,-7.155429492502185
14164,5.8817776500019106
14165,-1.7262016838556742
14166,-4.793577012592355
14167,-7.165875847754468
14168,-8.220054081520919
14169,-1.9369462054421271
14170,2.1508587304558215
14171,-0.9238224944668538
14172,-7.843468329949962
14173,-0.05388498880949
14174,-0.0328840925896976
14175,2.404878844378614
14176,1.8254505499439964
14177,0.8515209548326286
14178,-7.6215969335345015
14179,-4.9753257153596095
14180,2.8024104042009013
14181,-5.6641456707965485
14182,-6.544056725590977
14183,5.583036284208933
14184,7.290438527316969
14185,-1.9250464190668237
14186,-4.189962633499637
14187,1.95638311987358
14188,-5.037530219219605
14189,-5.3187302548063755
14190,2.3497611831277476
14191,-7.753850911608645
14192,-2.5684413073562276
14193,-7.626327053859503
14194,2.601124962877579
14195,-7.758832612672007
14196,-1.5625358620017784
14197,-2.4901827109880914
14198,-3.0250640621407494
14199,-7.4052960537817425
14200,0.4788564661562319
14201,-2.160000571341291
14202,-6.675729736136648
14203,-2.2876520792194053
14204,-8.254472269361749
14205,-6.786996150810865
14206,0.9444527639463338
14207,-5.379760707504694
14208,0.7127691052713638
14209,-1.9431894559508374
14210,2.7389512904175746
14211,-7.192575218933127
14212,-6.642526788499146
14213,-1.0726785102466811
14214,0.914065765662277
14215,-7.211471850917054
14216,-4.819323049895506
14217,0.36797156449666524
14218,1.7191225926753166
14219,-3.1117305330272034
14220,0.7173515012240227
14221,4.293031088594089
14222,-4.189962633499637
14223,3.291975222784134
14224,-0.17713000430139303
14225,3.5791470607030447
14226,-1.219965305228503
14227,-7.752994529348318
14228,-5.667913780021582
14229,-7.700535754392444
14230,-6.536988478965729
14231,-2.7578922046850027
14232,-0.8380942789158448
14233,-1.6428325786502462
14234,0.5648936507214434
14235,2.5657642711078275
14236,5.998261279685628
14237,0.44482091641470767
14238,-6.927278790372849
14239,-7.165875847754468
14240,2.157599206947307
14241,-1.1359398954696567
14242,2.578888536816057
14243,-5.610313760923519
14244,3.2761875006638785
14245,2.290114549314528
14246,0.5014494085492909
14247,-0.1042735340335312
14248,-4.859214876651187
14249,1.4535678045363838
14250,3.0663261459714932
14251,-0.6953465307795694
14252,-5.057711184676144
14253,3.929771494590203
14254,0.5551565573122046
14255,-3.0697370428727844
14256,4.0586736531465055
14257,-4.909081054854553
14258,-1.4959025301617372
14259,-8.018523663278675
14260,4.139923881519417
14261,8.143754500604539
14262,0.7062688778010652
14263,-1.09091830879434
14264,-2.8653064384651956
14265,-7.700535754392444
14266,-6.536988478965729
14267,-7.758832612672007
14268,-0.8124261438818181
14269,-1.6596055030217132
14270,-3.3898671373473745
14271,6.121577879193977
14272,-1.295790330989425
14273,-6.965320052596598
14274,-6.556694934286005
14275,-7.165875847754468
14276,-8.254472269361749
14277,-4.48928528857726
14278,-8.041857391788815
14279,-3.0675708091304985
14280,0.11684406372132913
14281,-8.129075036272708
14282,-8.199605217150289
14283,-7.192575218933127
14284,-6.657029941759476
14285,0.9640993450953299
14286,-7.824909201304745
14287,-0.4457573056775286
14288,2.7000531078803207
14289,1.1944955725862525
14290,1.226372412681112
14291,-7.114307376785857
14292,-2.7242229393925186
14293,2.561602667316971
14294,-4.189962633499637
14295,-1.8290605137551612
14296,2.598350821776836
14297,-5.819742145007745
14298,-7.384914066095767
14299,1.1643963709802816
14300,-4.27504615947305
14301,-2.549421169927881
14302,0.9302361261254353
14303,-7.758832612672007
14304,-3.729162237131943
14305,2.8810473083797774
14306,-1.425133808170601
14307,-7.4052960537817425
14308,1.2512787551821876
14309,-6.965320052596598
14310,10.327772489589668
14311,5.732181009337655
14312,7.094269099554032
14313,-3.3169985276165046
14314,-8.251440183326402
14315,-0.5272051321942508
14316,-5.76188021210673
14317,-6.581683820289177
14318,0.4314389963022247
14319,2.5549139051840797
14320,2.588148353370181
14321,-7.895425961997764
14322,1.0035070650850466
14323,-7.806989482185722
14324,-1.125570036539826
14325,-2.4301455584564513
14326,0.2602231206850138
14327,-2.2670756516703294
14328,2.8764033026774065
14329,-0.4295677090953003
14330,5.7998702073551645
14331,11.981488936673442
14332,1.0532766689146458
14333,-5.013152955465157
14334,-1.9380217794648582
14335,-7.753850911608645
14336,-6.762717796430497
14337,-7.700535754392444
14338,-1.7904358026394478
14339,-1.319975542654832
14340,-4.126851353316805
14341,2.0847939640705735
14342,-6.533141050476963
14343,3.619356003179183
14344,-3.4566106487902193
14345,0.22189834200577163
14346,-6.927278790372849
14347,0.8863757344509056
14348,-0.9020571396615251
14349,0.8779849135304633
14350,-6.859778566935143
14351,-6.175730028938512
14352,-7.843468329949962
14353,1.3136260192416187
14354,1.0320387223139327
14355,-4.3153002874541455
14356,-6.657029941759476
14357,1.0066246039385278
14358,0.2511394666582498
14359,-7.369846382013389
14360,-1.729004898815425
14361,-5.130945652394135
14362,-7.364342572675286
14363,-5.1467600061977095
14364,-6.669192689595612
14365,1.9819928487397704
14366,-4.189962633499637
14367,-8.018523663278675
14368,8.877614758078984
14369,4.843804006684328
14370,-4.386986262489868
14371,-7.753850911608645
14372,-5.902384200825294
14373,0.4980047857495613
14374,1.8188443286356164
14375,5.4388934660699935
14376,-0.3302857759495458
14377,-7.699263016105732
14378,-3.2682217600218415
14379,-7.4052960537817425
14380,-7.96763689650202
14381,-2.7180005543025034
14382,4.2699012301698644
14383,-0.17024347222891034
14384,-6.935374248684303
14385,-1.7895997660989091
14386,0.8139903227793159
14387,-6.3121227293409
14388,-7.843468329949962
14389,-8.129075036272708
14390,4.749527911109556
14391,1.327310097586421
14392,3.9814317807819672
14393,-6.947142125877468
14394,1.096755205147291
14395,1.755618771870885
14396,-4.37038064260078
14397,5.354511971434794
14398,0.29409906757607196
14399,3.967991937006394
14400,-8.263578598248195
14401,-6.1833300238358495
14402,4.641384520972581
14403,-8.018523663278675
14404,-1.9342915826560194
14405,4.921469589393185
14406,-0.37015049309705517
14407,1.5077440929526014
14408,-0.7671910208158699
14409,1.4578059620367967
14410,2.0334017846874826
14411,-7.758832612672007
14412,-4.126851353316805
14413,-1.055361494339735
14414,-6.533141050476963
14415,-7.4052960537817425
14416,-7.96763689650202
14417,0.9363141540879747
14418,-4.5331879461642695
14419,-6.45827527233924
14420,-8.254472269361749
14421,-5.298065017931448
14422,-0.8602917320499297
14423,-6.3121227293409
14424,-2.80636427365158
14425,-6.893718465832231
14426,-8.16842718227109
14427,-7.192575218933127
14428,-1.9336452694766875
14429,8.098918902993454
14430,-3.4199242929381906
14431,-0.004863427238717799
14432,0.7470190323336533
14433,-6.020990253182552
14434,-6.471447106115691
14435,0.550686425308419
14436,-2.4342523303630843
14437,-3.0831760834832873
14438,-4.189962633499637
14439,7.418577667398635
14440,0.5541912161886505
14441,-0.8721741185569414
14442,-0.39018457049904764
14443,-7.9119534758628065
14444,-6.61880448347876
14445,-7.700535754392444
14446,1.2801518596345707
14447,-7.758832612672007
14448,-1.6357892328694519
14449,-2.513763413996746
14450,9.400041121340529
14451,1.1943895309369559
14452,-6.696172217090467
14453,-6.124333895587856
14454,5.067705423710006
14455,-2.9280230660937216
14456,-8.254472269361749
14457,2.0859003282866193
14458,-0.40689615286859926
14459,-6.3121227293409
14460,-7.759669170788
14461,0.6358814278755496
14462,-0.46731671284497445
14463,-7.192575218933127
14464,-6.657029941759476
14465,7.078247430523133
14466,0.26766774061546617
14467,-8.056019989639882
14468,-1.7099558178095755
14469,-6.752433424571355
14470,-0.6091581905147919
14471,-0.011285703501870303
14472,-3.007587245966202
14473,3.396389634875492
14474,-4.189962633499637
14475,0.6077050368247021
14476,-0.5443517916889182
14477,0.6303369473543707
14478,-0.3758589353618045
14479,-0.6789061183492011
14480,6.212342490868597
14481,-7.700535754392444
14482,-5.43425921848565
14483,8.428569261420742
14484,4.936059040134524
14485,3.5830453541464875
14486,2.351200391291952
14487,0.5797474224724088
14488,-7.818802637471466
14489,-6.212969910859707
14490,-2.674111950595862
14491,-5.678775029236757
14492,5.331726057305747
14493,-6.786996150810865
14494,-3.4970788635595476
14495,-5.425926924520093
14496,-0.8512557363958788
14497,-7.100828333184992
14498,-8.224287822573178
14499,-0.4093726081926614
14500,-0.6675716352051282
14501,-6.134861108504882
14502,3.4850357953082494
14503,-8.056019989639882
14504,-4.384298949793559
14505,1.8926396426195926
14506,-6.806128862826182
14507,-4.455745238388591
14508,-7.96861117851083
14509,5.458999876362351
14510,-1.6159296364513127
14511,0.4163429515766459
14512,6.824714209943682
14513,2.78136952051519
14514,0.1830417381914291
14515,1.1132525382501124
14516,2.9582786412604345
14517,0.2435847335110113
14518,-6.536988478965729
14519,4.769517837295159
14520,-4.102236135785869
14521,-1.322522302075421
14522,-1.7842304084195044
14523,-4.756764929706607
14524,0.4336070821377124
14525,5.359974452352358
14526,1.6975603503612022
14527,-7.165875847754468
14528,-8.254472269361749
14529,-4.554269166288685
14530,-4.7060825390709295
14531,4.069519160265267
14532,-7.382110897079125
14533,4.136979266803263
14534,0.756035693822298
14535,-3.119395299972914
14536,0.8957717847614965
14537,-7.880500377883346
14538,-7.824909201304745
14539,-0.09787378102051536
14540,0.6183652443407066
14541,6.206981127189595
14542,-2.6367415463715393
14543,4.0336578727711165
14544,-8.263578598248195
14545,6.711059937783241
14546,-4.944764357820119
14547,-7.587153834531672
14548,1.960609178097664
14549,-1.2391578424844352
14550,-5.890919122505042
14551,0.3317478511869274
14552,-4.246201426708147
14553,-7.252771616715565
14554,-6.536988478965729
14555,-0.8296577100207614
14556,3.4535638603134853
14557,4.435686065164597
14558,-6.533141050476963
14559,-0.8119277707107306
14560,3.5805037539760693
14561,-5.358482915424644
14562,-3.5536251293849883
14563,-7.182917517753226
14564,-7.326249901346735
14565,9.776838788490942
14566,-0.2590937953643839
14567,-0.25528267112847947
14568,-7.843468329949962
14569,-2.82609295180862
14570,-4.509250983299797
14571,2.4628132877503113
14572,3.011634663378276
14573,-7.938852224674051
14574,-2.280336423691216
14575,-6.27087193456039
14576,4.137645203293336
14577,9.415157722959165
14578,-7.364342572675286
14579,-7.428365103809363
14580,1.6736753270829663
14581,-5.212883612576418
14582,-5.1530550721373425
14583,-0.025780173534724282
14584,-7.026326198643779
14585,-4.225845352372614
14586,-0.07598783744680215
14587,-2.1927447280763888
14588,-6.164841262556004
14589,6.984106947096275
14590,-1.6462016936969341
14591,-3.988503831974741
14592,-4.126851353316805
14593,-7.340089235903252
14594,-0.5759456203074063
14595,0.24905807332285623
14596,-1.9484176671880762
14597,-3.0961915042703554
14598,1.5860244503834409
14599,-7.182917517753226
14600,-8.254472269361749
14601,-6.786996150810865
14602,-0.510202965773888
14603,-6.012954491743508
14604,-4.465004527008104
14605,-6.900380397918443
14606,1.3605859295493479
14607,-4.144815360875077
14608,-4.645267235896966
14609,3.3172018636742355
14610,-7.900881250129336
14611,2.345956190140696
14612,5.949071639375994
14613,5.65723544868517
14614,3.311277403983775
14615,-4.920143374678566
14616,3.206956473449755
14617,2.6739085512455443
14618,-3.385576408290234
14619,-4.109917980775188
14620,-7.026326198643779
14621,0.5469583977669488
14622,-7.031406291982243
14623,4.061097948683454
14624,-6.762717796430497
14625,3.1943746031347438
14626,1.3288102130082446
14627,2.0927641880321364
14628,0.1662868776260069
14629,-7.5221116918526585
14630,-4.51618718658712
14631,-7.4052960537817425
14632,-2.7707181170994843
14633,5.19947944126509
14634,-4.5910640721548095
14635,-7.279814333884559
14636,-8.154035997008604
14637,-6.786996150810865
14638,-7.94607711430251
14639,-6.702650037192974
14640,-7.3217754739191365
14641,-4.447738106316931
14642,-1.0474339917214746
14643,2.718414964881025
14644,-6.657029941759476
14645,1.517000188869767
14646,-6.4443037757152
14647,-2.7519745256200725
14648,-0.9707472458353906
14649,-2.194380416922944
14650,2.52516673195666
14651,0.28367608737486094
14652,2.0827916346970134
14653,2.029146562871838
14654,-2.8018955318934347
14655,0.32147713456876753
14656,-7.1958463136778565
14657,-5.454632650225791
14658,-7.384914066095767
14659,0.9107865224170971
14660,-6.762717796430497
14661,1.7181688634840853
14662,-6.536988478965729
14663,-7.758832612672007
14664,-0.2543899208160918
14665,2.139342082124307
14666,1.9576836555257602
14667,2.3376143743840707
14668,-1.4020411703512943
14669,-2.012061567371487
14670,2.992587709244035
14671,2.0573634641952863
14672,0.8820137371277486
14673,-0.7304997113656613
14674,2.1882841246669757
14675,0.45054827446548035
14676,2.915091819814812
14677,1.9755157697689727
14678,1.6470847497124317
14679,-3.0872126399245605
14680,3.026527124790515
14681,-7.938852224674051
14682,-7.900881250129336
14683,-8.056019989639882
14684,-3.6309190498784503
14685,-0.5262516217880195
14686,-7.364342572675286
14687,-7.428365103809363
14688,-1.720077186098575
14689,-0.668641542627773
14690,-4.192849519843616
14691,-8.018523663278675
14692,2.5505602662133495
14693,-0.5905013532278978
14694,-0.6313926319020484
14695,2.703597600261682
14696,-0.04870751563906195
14697,2.3261338757940573
14698,-6.536988478965729
14699,-7.740139518764036
14700,-1.3866155006191767
14701,7.593538857963054
14702,-6.533141050476963
14703,1.470132632557413
14704,-7.96763689650202
14705,-6.965320052596598
14706,2.2609123402870255
14707,-7.608787795447816
14708,6.398120505607208
14709,-3.181476244582942
14710,-4.437532382746703
14711,-3.5490970406988382
14712,3.8972250472403074
14713,-1.1311716930410853
14714,-8.224287822573178
14715,1.0496123082645128
14716,4.636362845615004
14717,1.286261671466307
14718,2.785238434850819
14719,-2.7751932738288208
14720,3.1955737262699797
14721,0.9099411849601107
14722,-0.3391525075678238
14723,-2.9271761242975733
14724,0.1659783952000864
14725,-2.6954614727805097
14726,-4.712880177073351
14727,1.572913635047243
14728,-6.717529264700634
14729,0.2547957702493188
14730,3.811052125145774
14731,1.2022594203125985
14732,0.9735641771621655
14733,6.650573975512517
14734,1.3790288971329683
14735,-6.9714370029933965
14736,-2.845949577212535
14737,0.24670060699374702
14738,4.352652801385475
14739,-7.4052960537817425
14740,-7.96763689650202
14741,-0.5149353484320035
14742,-6.8541761109221095
14743,-2.59463903096792
14744,1.2368859787350823
14745,0.6233095839410836
14746,-7.627236061083826
14747,-6.702650037192974
14748,0.33817806011017604
14749,5.20978117935661
14750,-0.5515289401314605
14751,-0.9574706413332758
14752,-6.657029941759476
14753,1.6784322091771497
14754,-7.900881250129336
14755,2.569866406860158
14756,-4.754481748918177
14757,5.596845053597491
14758,-3.2017317009401127
14759,-0.021037374035699052
14760,1.4583241083803637
14761,-1.7962499407111348
14762,-5.422196957685524
14763,-0.9119594664906989
14764,2.218280327189068
14765,-6.716483226718109
14766,2.3862310181014164
14767,-7.9119534758628065
14768,-1.84468399023856
14769,-7.700535754392444
14770,-6.819565565590566
14771,3.8009626745116596
14772,-0.5909934018769154
14773,-7.699263016105732
14774,0.9900342303419002
14775,6.493182097490431
14776,-4.503400937296225
14777,6.254685951720099
14778,3.2830636919976843
14779,-4.187299940704228
14780,-8.254472269361749
14781,-6.437153545425234
14782,-2.227920604243368
14783,0.6832239427013858
14784,-5.866228243991861
14785,-8.034069814934114
14786,-8.224287822573178
14787,0.2862626903190624
14788,-1.9744980953232547
14789,-7.938852224674051
14790,-5.429760432738613
14791,4.630820491911033
14792,3.7497545389235687
14793,-1.823741515664758
14794,-0.5451729428667846
14795,-7.131208578071606
14796,-1.1425591239898811
14797,-4.530284074712968
14798,-5.422196957685524
14799,5.40753371636354
14800,-7.1958463136778565
14801,-1.7275282510389094
14802,1.5288755311362752
14803,2.0786137461636924
14804,0.3543644211322019
14805,-0.5313014584262977
14806,0.8685302523791076
14807,1.2227456089232698
14808,0.19125574263218553
14809,-7.52145244232992
14810,2.154132771948294
14811,-4.843325821798121
14812,-1.5204214761911905
14813,-1.1986567460389512
14814,-3.4615628708932142
14815,0.0415847089528254
14816,-7.83316861018489
14817,0.46108457074864306
14818,2.881175766522232
14819,3.0535583034562057
14820,-7.737442619001069
14821,-8.129075036272708
14822,0.6289644895765278
14823,3.832860519160554
14824,-5.117779250675838
14825,-3.334197174873721
14826,-7.867590894614053
14827,-2.9420067899570395
14828,-0.25329540089515357
14829,1.965347398721875
14830,-0.9171436576690435
14831,-7.428365103809363
14832,-0.4807942399639509
14833,-5.370386621148365
14834,5.959312189723205
14835,-8.06533919639136
14836,7.827860824739336
14837,4.801742730667334
14838,2.0013450024452712
14839,-7.668218057352426
14840,2.853825863720854
14841,-7.700535754392444
14842,2.7334548744771006
14843,-7.900210870663345
14844,-4.126851353316805
14845,2.895034075061675
14846,1.4944209978175844
14847,-7.402823000158736
14848,-7.96763689650202
14849,-6.965320052596598
14850,4.166575496118166
14851,-7.608787795447816
14852,-2.600424392160555
14853,0.7097161789942803
14854,-5.0204051985071985
14855,0.23505276935589647
14856,-7.843468329949962
14857,-6.271714808681853
14858,-3.6703142176560744
14859,-3.665993204986384
14860,-5.64587865038421
14861,5.979384842080346
14862,-7.900881250129336
14863,-8.011057773148389
14864,1.306230395308241
14865,4.402784911202793
14866,1.0086830271782934
14867,0.5726760367162403
14868,0.12300993000100213
14869,-0.653020710037072
14870,-5.585298126595733
14871,0.8006684491056143
14872,-5.277428471617407
14873,1.4507955578599434
14874,3.7495486817583012
14875,-7.137902972087697
14876,1.1574085449255962
14877,5.3699956762915315
14878,-6.819565565590566
14879,-1.7360566606350412
14880,-4.083625661071942
14881,-7.699263016105732
14882,-6.533141050476963
14883,4.563778338257409
14884,-1.033828606830524
14885,2.4240955855212025
14886,-6.927278790372849
14887,-3.72546882338972
14888,8.664452143756751
14889,2.435709286614205
14890,-8.070587494073193
14891,-5.6417260262026625
14892,2.4644628787020055
14893,8.641152668159052
14894,-2.758787670856592
14895,-2.686305198971937
14896,-2.086851599706857
14897,-3.508783388183044
14898,-1.4479314890023733
14899,3.07280512099541
14900,3.602325693052217
14901,-6.111026354764121
14902,2.1109217020083735
14903,-2.9534791039039137
14904,1.0390716898691603
14905,3.3049254011907108
14906,5.730079738523249
14907,4.463023503683022
14908,-7.165541226806547
14909,-6.716483226718109
14910,-1.4558352184045815
14911,-7.9119534758628065
14912,0.057949354271817466
14913,-0.20470163620017257
14914,-6.819565565590566
14915,0.10583580370405449
14916,1.1080010685694273
14917,-7.372320566339286
14918,0.019432682047617833
14919,-1.0391817542378163
14920,1.1889835318758175
14921,-6.273410617262329
14922,-2.514668965888642
14923,-1.5470048091710535
14924,0.3927890478290068
14925,2.0094565080424323
14926,-2.555723443760636
14927,-6.702650037192974
14928,1.5501013772118069
14929,-6.692990978489397
14930,-8.224287822573178
14931,-3.257598167571982
14932,-6.657029941759476
14933,-5.026612148614644
14934,-7.900881250129336
14935,-3.060769786600485
14936,-5.057711184676144
14937,-1.831633250836468
14938,-7.264200662098232
14939,-1.52041220256153
14940,0.29563385946426024
14941,1.6859830178638229
14942,-5.587523895247636
14943,-8.06533919639136
14944,-5.037415503989552
14945,1.3965147240739475
14946,-7.384914066095767
14947,0.7532906134973043
14948,-6.762717796430497
14949,-7.700535754392444
14950,-6.390128902103419
14951,-7.900210870663345
14952,-2.8303833932692877
14953,-7.699263016105732
14954,-3.399800782809856
14955,2.121199597636322
14956,-5.815409808033807
14957,-6.817549105715438
14958,-6.927278790372849
14959,-0.16116206358246032
14960,-1.0161515595320534
14961,-4.700658568675562
14962,-8.251715425782763
14963,2.7591997295766557
14964,-7.6328583788734825
14965,2.405006214139629
14966,-8.224287822573178
14967,-3.3508419900771242
14968,1.20724552132878
14969,-7.234059393619559
14970,-6.512690874621599
14971,1.870593914056922
14972,1.652132053316877
14973,-2.0671993065408083
14974,3.3316369839142
14975,7.142648604555314
14976,-6.182859088095803
14977,-6.1903754116467065
14978,-5.580338457130681
14979,3.092220123840458
14980,6.827337276091944
14981,0.8729550340351611
14982,-6.868655977718265
14983,-7.9119534758628065
14984,6.5613925011457574
14985,3.5645247453494466
14986,-6.680428320033727
14987,6.2606712334654
14988,0.16670093502850236
14989,3.933182179813644
14990,-3.660955752020846
14991,-7.4052960537817425
14992,-1.7575765555302276
14993,14.124097743971728
14994,2.625537208278462
14995,-5.920464368853087
14996,-8.254472269361749
14997,-6.786996150810865
14998,6.766632071545568
14999,-4.440386403872003
15000,-0.021024887401326575
15001,-5.6743544772474905
15002,-7.698231233162448
15003,-3.9978512629400567
15004,-5.4434599418935905
15005,-7.688309839150415
15006,-2.158365859331924
15007,-2.066021607903673
15008,1.8917235134377712
15009,-0.39048686378201936
15010,-2.8102001542111035
15011,-7.383320425179664
15012,3.646763441168321
15013,-6.1903754116467065
15014,0.13731124765209962
15015,-8.06533919639136
15016,-7.308985192715858
15017,-6.423324016071546
15018,-6.923314231899019
15019,2.8870617987409255
15020,-3.4290053913683245
15021,-0.21473684797277154
15022,-7.537536269347677
15023,0.42486987974547724
15024,-4.132967621142866
15025,5.2343256969951595
15026,-6.533141050476963
15027,-7.17288876315109
15028,-1.0338054553571137
15029,0.9920039259379618
15030,-6.711819150780398
15031,5.312170976091219
15032,-8.07876638611049
15033,-3.1481160869196794
15034,-1.5107486274024828
15035,-6.702650037192974
15036,-4.220790993856076
15037,-0.45496334489520485
15038,2.238187913632336
15039,7.218643576498548
15040,0.6280858928945634
15041,5.2178174588830455
15042,-7.900881250129336
15043,1.9774789829708523
15044,-4.150061402122614
15045,-0.4076977800272209
15046,-3.047713581600934
15047,-7.428365103809363
15048,-8.263578598248195
15049,3.843695019967428
15050,-5.587523895247636
15051,-8.06533919639136
15052,-2.3428645921787816
15053,2.888746268351504
15054,-7.384914066095767
15055,-7.9119534758628065
15056,-6.762717796430497
15057,3.4977395678862955
15058,-7.537536269347677
15059,2.986421603237676
15060,-3.7696993511694106
15061,-7.699263016105732
15062,2.9535577623950378
15063,-0.5756289716056602
15064,1.7630474954579356
15065,-6.965320052596598
15066,-6.927278790372849
15067,1.6544758990009505
15068,-7.596659686330003
15069,-0.10687693334656545
15070,-8.251715425782763
15071,-6.702650037192974
15072,2.7692315221953483
15073,3.221468698496037
15074,-7.294938188733443
15075,-0.43141454983608696
15076,-6.657029941759476
15077,1.5733609371655888
15078,-7.8242140512801495
15079,-1.8853419953507926
15080,1.3697610937489004
15081,-6.752433424571355
15082,-3.1935753527584274
15083,-2.0372349655465958
15084,-4.864254779214104
15085,2.5856328324986957
15086,-6.843789191379696
15087,-8.06533919639136
15088,-3.2629713935115183
15089,3.6443046179912217
15090,2.0131278322344492
15091,1.4309096631111078
15092,2.4282655439408876
15093,-2.040467693287403
15094,-2.5975055662562068
15095,6.570585403448126
15096,-0.057518035726946026
15097,-1.8563651431561774
15098,-5.772539162924323
15099,-7.4052960537817425
15100,-7.411356575823982
15101,-2.275828865761127
15102,-6.927278790372849
15103,1.2779672407258067
15104,-8.27587949471218
15105,4.510009546037788
15106,-8.251715425782763
15107,-4.271282785436369
15108,-2.1486093928405423
15109,-8.129075036272708
15110,-8.224287822573178
15111,-6.981379256111437
15112,-0.9460767158515446
15113,-7.938852224674051
15114,-7.270370738500937
15115,3.8515229993591813
15116,-4.8678414663498355
15117,0.9928981337305208
15118,-7.364342572675286
15119,-7.428365103809363
15120,-0.35076179637702465
15121,-6.1903754116467065
15122,-6.627889248221009
15123,-0.81286537183897
15124,-7.308985192715858
15125,-4.953405912597846
15126,-0.7661201513149469
15127,1.662430513242153
15128,0.18575629115308
15129,0.43463888734750533
15130,1.5763697358883968
15131,-7.900210870663345
15132,5.165554886763322
15133,2.463213132429473
15134,-6.533141050476963
15135,-2.4158250442702127
15136,-2.0641407600498827
15137,0.6930728370845705
15138,-6.927278790372849
15139,1.9549374694852029
15140,-8.165954815544266
15141,0.82164906324169
15142,1.1453928613012385
15143,-6.702650037192974
15144,-2.7247388833599393
15145,0.3879124681232469
15146,-2.7207034946751203
15147,-3.5126125711263967
15148,-0.4354371035711022
15149,-6.384419882673559
15150,-3.5110248763152354
15151,0.010058057065970377
15152,2.507240195932982
15153,0.47155465799689544
15154,5.1981279512507905
15155,-6.729635135301627
15156,-7.09310873369823
15157,-4.479481052471792
15158,2.281651742139747
15159,-8.06533919639136
15160,-7.89356681171957
15161,3.422722134734844
15162,-7.384914066095767
15163,1.8087437916949634
15164,-0.4494467473349353
15165,-7.700535754392444
15166,-7.537536269347677
15167,-4.019210364536356
15168,-4.067980436818004
15169,-0.04054379325181057
15170,4.003831601850506
15171,-0.45670078658258184
15172,-1.158233981086767
15173,5.247534725190906
15174,7.8388257176606855
15175,-5.1647918430429405
15176,7.07682814968708
15177,-0.8868188927906457
15178,-8.055610771773042
15179,-6.702650037192974
15180,-7.843468329949962
15181,-7.97676732433956
15182,-8.224287822573178
15183,-4.363694642386933
15184,1.3319369186570134
15185,-2.2947042254803174
15186,-4.64211773883756
15187,1.9257772621897247
15188,-5.057711184676144
15189,1.8340391012705939
15190,-7.3177476958566325
15191,1.1513372309979193
15192,2.928045125445752
15193,-6.1903754116467065
15194,4.002503434829738
15195,6.374240125732861
15196,5.3126163577608825
15197,-6.716483226718109
15198,-7.384914066095767
15199,-7.9119534758628065
15200,-5.327477078733977
15201,-4.004490494524443
15202,5.665832309780942
15203,4.575643903961057
15204,0.43175412645410427
15205,6.631294175147112
15206,4.816195883263211
15207,-7.791814930371444
15208,3.3817084611931736
15209,-2.6681538172315795
15210,8.009258214139825
15211,-3.692599711333486
15212,-5.197082670808804
15213,5.1686426698494445
15214,0.4461754722815666
15215,2.9230895447885863
15216,-7.843468329949962
15217,-2.5595723378256947
15218,-0.48198377361027567
15219,-7.0558804150045225
15220,1.5322798357641223
15221,-7.938852224674051
15222,-3.530034874905475
15223,0.7655924759549106
15224,-5.057711184676144
15225,-6.752433424571355
15226,-0.9167267855838006
15227,-3.2444690396263507
15228,9.781216238701873
15229,-6.1903754116467065
15230,-0.1769851625454499
15231,1.030763597437303
15232,2.05342608166249
15233,-3.798873323434158
15234,-1.5043845472110962
15235,0.39054362957449207
15236,-6.686756400551435
15237,-7.700535754392444
15238,-1.0702168830730223
15239,1.2310920594979433
15240,-2.9570666807367627
15241,-1.5570671216235452
15242,6.082765887881586
15243,5.3524419718066465
15244,-1.0693789766508766
15245,-6.965320052596598
15246,-0.16304018230020567
15247,-7.608787795447816
15248,-8.263578598248195
15249,0.7163823292186233
15250,-7.325939091589192
15251,-6.702650037192974
15252,-6.414400354085675
15253,1.836373678927488
15254,-8.224287822573178
15255,-3.527398829039752
15256,-6.657029941759476
15257,-5.3530305922730665
15258,-6.920773156577643
15259,-1.1678952738520967
15260,6.926447847754647
15261,-2.8488834847776325
15262,-7.364342572675286
15263,8.286805092865471
15264,9.752931308498678
15265,-3.79489698950159
15266,-6.843789191379696
15267,2.4257792986441684
15268,14.055559948770647
15269,-5.180366735049747
15270,-4.940089530639527
15271,2.0076746770428735
15272,0.5300928842465481
15273,-7.700535754392444
15274,-7.537536269347677
15275,4.537651608987693
15276,-4.075327735493818
15277,-2.1104991985442787
15278,-1.8957795887504694
15279,13.309259635385692
15280,0.47781051002237507
15281,-6.965320052596598
15282,-6.927278790372849
15283,2.2654482647800585
15284,-8.263578598248195
15285,-6.786996150810865
15286,6.887071833152753
15287,1.4007566827415143
15288,3.2664737322863155
15289,2.2701072757413643
15290,-2.4133431418943347
15291,-7.192575218933127
15292,-6.657029941759476
15293,7.93782937386405
15294,-7.045629204849325
15295,1.0832073959512774
15296,-1.5252943465676085
15297,4.57829463859888
15298,-7.16916460639721
15299,-2.821690353732215
15300,-8.103824059625765
15301,-2.0211256430718674
15302,-6.843789191379696
15303,1.2919341667456767
15304,-7.616026172995653
15305,-6.716483226718109
15306,2.1207870418299417
15307,-6.661857772397449
15308,3.4339997862418867
15309,-0.6024368870988842
15310,-7.537536269347677
15311,5.15891162989703
15312,2.295423826274656
15313,-0.4261616734681499
15314,0.13849841211909997
15315,-2.4145829746073004
15316,-3.020764950066377
15317,-6.965320052596598
15318,-6.617583261453369
15319,-5.609843096490883
15320,0.3394426106204458
15321,1.8681423869174643
15322,-8.251715425782763
15323,-4.922010390147113
15324,-0.8208038387495041
15325,-8.129075036272708
15326,-3.5071250567178534
15327,-6.777584586361233
15328,2.885250884520916
15329,1.4902990446131215
15330,-2.4028942594638476
15331,-7.544785687866231
15332,0.5545710891032236
15333,2.8143622608582453
15334,5.350825510033361
15335,-7.428365103809363
15336,-8.035959985466038
15337,2.471067007558618
15338,-4.688781653123448
15339,-5.562605806836617
15340,-5.906384343587207
15341,5.195359995803461
15342,0.9234123374655479
15343,-3.402191435501208
15344,-0.466463987895537
15345,4.092626037588324
15346,-7.537536269347677
15347,3.2984615079402877
15348,1.1155909064110046
15349,-7.699263016105732
15350,-6.533141050476963
15351,-7.791814930371444
15352,-7.96763689650202
15353,-1.0775581239184087
15354,2.4742950289170436
15355,-0.7558863289834141
15356,-1.8972452772989774
15357,4.19993538757528
15358,-7.044929889353252
15359,-2.6306733875580197
15360,-0.7023609101050008
15361,1.747757611041699
15362,0.5263802234167452
15363,-3.593764831536401
15364,1.324811109140451
15365,-0.12668427066282828
15366,-2.4371908982149133
15367,-8.056019989639882
15368,0.12693602742275445
15369,4.409819270766576
15370,6.132082110335154
15371,-2.0797274815813607
15372,-8.27587949471218
15373,-4.831561974247145
15374,-2.2149727565618704
15375,4.719758055537733
15376,-0.607020170537161
15377,5.93058117524085
15378,-0.8760559107078111
15379,8.943489514409407
15380,-6.786200984071302
15381,-3.377060713301391
15382,-7.537536269347677
15383,2.6533033680931344
15384,-3.94330367918789
15385,-5.0719654121051
15386,-1.6388805676018565
15387,-7.341494786382895
15388,1.5654729339651405
15389,-2.1568736097790806
15390,-5.189651002952077
15391,0.10221070465810511
15392,-5.637221867069471
15393,-6.786996150810865
15394,5.10495768950596
15395,-6.702650037192974
15396,1.165420636050695
15397,-6.933546888013155
15398,-4.403211622877148
15399,4.60180807626094
15400,-4.321848943900621
15401,5.873841192936778
15402,3.493031454701818
15403,0.47376113231256856
15404,-2.952264603591618
15405,-2.85352968518722
15406,-2.716361033955196
15407,-7.192485779445933
15408,-8.27587949471218
15409,-2.857079685373937
15410,-1.225056618492172
15411,1.2708766493201678
15412,-1.5405245264363119
15413,6.09262166840779
15414,-7.384914066095767
15415,2.1705481553935564
15416,-2.4297046383245577
15417,-7.700535754392444
15418,-3.2533480041501086
15419,-0.2453436903676089
15420,5.530543195088768
15421,-6.605551221645517
15422,1.2416983335372498
15423,-2.1498270567775175
15424,-3.7099973476343155
15425,0.5909701987485678
15426,1.8809283967550487
15427,2.4355301362369572
15428,-3.6090903138698485
15429,1.6064923300183667
15430,-4.660550752009595
15431,-2.4504814548170373
15432,-7.843468329949962
15433,1.8969713552017915
15434,0.9027472264126146
15435,0.8830830910903005
15436,-4.864225408503039
15437,0.04810570143084114
15438,0.964072565331231
15439,-8.056019989639882
15440,-5.057711184676144
15441,-7.0192065524330705
15442,-1.7386479106399213
15443,-2.346396461359154
15444,-8.273222281250035
15445,-2.3709398896964387
15446,3.0871301191791685
15447,6.700189661479495
15448,-7.958486931801396
15449,4.5459365684335475
15450,-5.938154822562624
15451,-4.573126997682249
15452,-4.85351546823294
15453,-1.560917699785171
15454,-2.1084485919065807
15455,-7.900431105649652
15456,-4.132967621142866
15457,-4.279043836403526
15458,-6.609275539835117
15459,13.244066620812207
15460,-3.7731347816206187
15461,-6.671026213296346
15462,0.6378906250811021
15463,5.443843532814489
15464,-7.271001469527778
15465,-6.786996150810865
15466,-8.251715425782763
15467,-5.738159878776471
15468,-4.441061711990522
15469,-6.266874275992372
15470,0.7216397829867947
15471,-6.899640179609249
15472,2.154646700847746
15473,-7.938852224674051
15474,7.525790634260257
15475,-0.12350332867097813
15476,0.265966636158563
15477,-7.0192065524330705
15478,-7.364342572675286
15479,-2.8241790327540253
15480,-8.27587949471218
15481,-6.1903754116467065
15482,1.6642263356225353
15483,2.7410254136431877
15484,6.8521917558951335
15485,7.884691664806366
15486,-7.384914066095767
15487,1.6360619695016814
15488,-5.695636912442394
15489,2.6971681133260432
15490,-1.9939868369509657
15491,-7.900431105649652
15492,-3.283469526491199
15493,-2.46889531831855
15494,-6.609275539835117
15495,11.119261956554654
15496,-2.8016022754477166
15497,-1.0096561421324353
15498,-1.4194445510041904
15499,-2.1232385092715678
15500,-0.34879722803886204
15501,-6.760447024341836
15502,-6.41976152596623
15503,-1.407573998863135
15504,-7.599969363115806
15505,2.7164857232735944
15506,-8.224287822573178
15507,1.7778239856835796
15508,1.5978566994990493
15509,-6.061703824412367
15510,5.863565880535755
15511,-8.056019989639882
15512,5.601640186797555
15513,-0.3301660345260677
15514,-6.073297757812046
15515,-7.785858177605662
15516,-2.071855678561655
15517,-5.292463075705392
15518,-0.49009799858392383
15519,-6.694404267074638
15520,-7.958486931801396
15521,-6.716483226718109
15522,3.2185970168041536
15523,-7.702285856989684
15524,3.862339706205282
15525,3.2558940288666633
15526,-0.8178854208177113
15527,-0.06572487629575535
15528,2.4884623936151016
15529,3.2608942354223833
15530,10.609941379831806
15531,10.19014943256162
15532,0.9844815772469555
15533,-3.6859595916086425
15534,3.8400329329872402
15535,-2.9717035370283362
15536,-8.263578598248195
15537,3.103781180399226
15538,-5.057395331254911
15539,-7.186049445824136
15540,3.914225300004363
15541,2.9094087666096846
15542,-4.666031128179804
15543,-1.8028127129768448
15544,-6.540214865560226
15545,-7.938852224674051
15546,4.252824176318223
15547,14.702484825520136
15548,-0.5879073621285471
15549,-6.299258558834117
15550,-7.364342572675286
15551,-3.408550641581632
15552,10.715664863893153
15553,-2.5604309383136807
15554,-0.0555465373203462
15555,-8.06533919639136
15556,-7.958486931801396
15557,0.4277936210123346
15558,-1.5558683133946696
15559,-0.7901192587177911
15560,-6.568652824958448
15561,-2.314874729992318
15562,-7.2476088134120555
15563,1.9156053787956757
15564,4.22974460238847
15565,5.159143043612277
15566,0.9326637570018476
15567,0.19991929709982315
15568,-7.96763689650202
15569,-6.965320052596598
15570,-6.927278790372849
15571,-7.612948581707047
15572,6.371778951001798
15573,2.7016267233953597
15574,1.0685912678211618
15575,-7.14789360443711
15576,-2.2416682913506434
15577,-3.3572715620988056
15578,-1.684032876322864
15579,-7.192575218933127
15580,-0.8120212772341893
15581,-3.516105460872944
15582,1.7922927020161472
15583,5.5722623663675295
15584,-3.4632499415523936
15585,-7.0192065524330705
15586,4.203434255385418
15587,-3.583776641342368
15588,-8.27587949471218
15589,-6.1903754116467065
15590,-4.612957837548482
15591,-0.19174350892406156
15592,-0.741680298626541
15593,1.8976648913236844
15594,0.04365572591682465
15595,-2.1538875796191066
15596,3.636798288740098
15597,5.73419912903139
15598,6.325066536099728
15599,-3.462114299548949
15600,-1.2311605665013992
15601,-6.52212095565378
15602,2.591825627406313
15603,-7.791814930371444
15604,-0.22694741710024613
15605,-3.0815818346660957
15606,-0.8250967117160777
15607,-2.7045364179856133
15608,1.477177613781648
15609,-6.512879894711091
15610,-3.742679299524947
15611,-3.398031672999423
15612,3.0948381382596075
15613,-4.346087347163278
15614,-8.224287822573178
15615,-7.086273183464927
15616,-6.657029941759476
15617,-0.6137046103684332
15618,3.3595719984056664
15619,1.6075877032024835
15620,2.3528187619585266
15621,-0.4931598440607021
15622,5.260407464678548
15623,-3.014665290219143
15624,-2.5438628540451456
15625,-5.874320162259867
15626,-2.5029791391970404
15627,5.155313855017696
15628,-7.958486931801396
15629,3.2361214677857206
15630,-7.485332612536562
15631,-1.3726203309094085
15632,-6.732612900694241
15633,-7.700535754392444
15634,2.461863375234884
15635,1.2001373552164638
15636,-4.132967621142866
15637,-7.699263016105732
15638,0.9376577063988942
15639,4.311228418944848
15640,-7.96763689650202
15641,-0.5007706498646798
15642,4.887655460922536
15643,-5.669162444652743
15644,1.7109965586578164
15645,3.5109855123414455
15646,-6.690360161568731
15647,2.1982489032556174
15648,1.132267803332609
15649,-6.606283663930337
15650,2.398474711117216
15651,7.465981351196975
15652,-0.9592792244201189
15653,-0.3251518223540374
15654,7.563470791264123
15655,0.3995213137109983
15656,3.881496736692617
15657,-4.092078127445051
15658,-4.926252599898859
15659,-2.15356617929529
15660,0.5028574476569927
15661,-1.0734128313832934
15662,-0.6290509695888044
15663,-8.036863785474498
15664,1.3605829244714052
15665,0.45579978773948754
15666,-7.485332612536562
15667,-0.3960808929205619
15668,6.617503040098676
15669,0.7097564363214862
15670,-7.2266609876588195
15671,2.7817671844423004
15672,-1.369606746915876
15673,-0.0934856463349849
15674,1.5390626667531588
15675,0.7461138301997308
15676,-7.96763689650202
15677,-6.0664907128316
15678,-0.39891934486785985
15679,-7.612948581707047
15680,-1.2452382315941908
15681,0.7263680348172417
15682,-4.343388386972734
15683,-3.2512062146854
15684,-7.843468329949962
15685,-2.962199910805002
15686,-3.408818675984411
15687,-7.192575218933127
15688,5.619362429585265
15689,-7.884088906970638
15690,2.0940933890854403
15691,0.2815455526782296
15692,-5.057711184676144
15693,3.626741017795182
15694,12.981838882869656
15695,10.877686146223256
15696,-8.27587949471218
15697,-3.4260591266693172
15698,-6.352708512611525
15699,-8.06533919639136
15700,-0.5792874518194719
15701,-3.398513249583726
15702,-0.05573560306508152
15703,0.5290039820593371
15704,2.021349654429753
15705,-3.062229947805242
15706,-2.1057660932841706
15707,-3.5648963579274753
15708,-2.2329536160437327
15709,-1.7533101892299348
15710,-0.1852715013785815
15711,-0.11726110211776275
15712,-4.046386266576254
15713,3.364345582912171
15714,-4.0131603119284565
15715,-7.599298797994934
15716,-0.2185764716795866
15717,4.188586521687297
15718,7.876145995818682
15719,6.425010535019396
15720,-7.843468329949962
15721,-6.906178892990098
15722,-1.0810747351309402
15723,-0.9490154915478636
15724,-5.350206643391582
15725,-2.916184892128878
15726,-0.391198340209028
15727,1.2329615520118262
15728,1.3407045484006435
15729,-7.0192065524330705
15730,-7.364342572675286
15731,5.905091227924055
15732,3.206681041186984
15733,2.510153907515881
15734,-1.9970578352065742
15735,-1.626494253889569
15736,-3.1340089969088973
15737,1.7650379288385847
15738,-7.485332612536562
15739,0.9382989798698018
15740,-6.786200984071302
15741,-7.700535754392444
15742,-6.831165281145698
15743,-2.458083945759851
15744,2.0618353691880973
15745,-7.699263016105732
15746,-5.89241903384591
15747,7.400972025408764
15748,1.7623217919457697
15749,-1.6292291360758024
15750,-2.515608023462859
15751,-7.612948581707047
15752,7.543766352778647
15753,-6.786996150810865
15754,2.9452935929685533
15755,-5.1972717306006935
15756,6.824522448664466
15757,3.9316612256800543
15758,2.7391065755470994
15759,-1.293989682916056
15760,-5.105731380516365
15761,-7.960653648140501
15762,0.32093111224075876
15763,3.6922934849311795
15764,-1.3720282749884471
15765,-7.039840112176583
15766,-6.243906856257264
15767,1.2007760054395558
15768,-3.425917422178938
15769,2.5585645250157607
15770,-1.336932836425684
15771,-8.02511247719556
15772,-7.958486931801396
15773,-0.12574989079156107
15774,-4.12923701610438
15775,-7.9119534758628065
15776,3.6139502435442092
15777,-7.700535754392444
15778,3.774449739158828
15779,2.043939709108942
15780,-2.6370292958854598
15781,-7.699263016105732
15782,-6.609275539835117
15783,9.870696227920519
15784,-0.24859516951380534
15785,5.776091838646138
15786,-1.1832800515687354
15787,-7.612948581707047
15788,-6.776538032568648
15789,-4.045438638866678
15790,-1.8569296640611528
15791,-7.186049445824136
15792,-0.7242240477631213
15793,-0.19747701813692187
15794,5.0158406118888275
15795,-7.192575218933127
15796,-6.258671690339677
15797,3.0950515434777914
15798,-7.747631405984795
15799,-2.971529622088239
15800,2.1400291164407648
15801,0.9388272303180093
15802,-0.914913813929716
15803,3.45734579562565
15804,-8.27587949471218
15805,4.306792241360614
15806,-7.4256569694979575
15807,-0.07427184054600566
15808,-7.958486931801396
15809,-1.5333960218574654
15810,0.38162428894653544
15811,3.662144843796057
15812,-0.3382365746263669
15813,-0.6338647185841284
15814,-7.523195598981049
15815,2.824989345873683
15816,-1.4951707275894968
15817,-7.699263016105732
15818,-6.2043805584437175
15819,-7.791814930371444
15820,-4.2624063704639665
15821,-5.704904014539844
15822,2.7814173246807874
15823,2.9871205855605476
15824,-2.984425090563897
15825,-6.009549163250743
15826,2.054908438684233
15827,-6.334125355930572
15828,-7.843468329949962
15829,-5.778820345628497
15830,-1.015979173284126
15831,1.9872179999649608
15832,-6.4993846326912745
15833,-6.9205569835115295
15834,2.6828308173158697
15835,0.481002800664441
15836,-0.3744654261422529
15837,5.05911293212387
15838,-7.364342572675286
15839,4.326690911615768
15840,-8.102783218991577
15841,-6.1903754116467065
15842,-7.4256569694979575
15843,2.239742575007226
15844,13.481142492704379
15845,-6.716483226718109
15846,-4.342991042965753
15847,-3.3041906226686555
15848,-2.145506020917039
15849,-6.524859620668196
15850,-5.423150079870253
15851,-6.081003025403972
15852,-3.461220816207977
15853,2.0966755615089037
15854,0.18400624150829117
15855,-7.791814930371444
15856,-3.6608563071618305
15857,3.407995782723484
15858,-6.927278790372849
15859,-5.908017742632768
15860,5.6470282463731785
15861,-0.4228664711198004
15862,-1.5464420590933925
15863,-6.542189647039905
15864,-7.843468329949962
15865,-6.277327297169416
15866,3.861483279358708
15867,-0.8244031667269001
15868,1.4035222996515273
15869,1.2013023504893825
15870,-7.747100324726849
15871,8.022247032576162
15872,2.3857537843564973
15873,2.0215852123133384
15874,-0.5220044038256002
15875,1.0204793728094423
15876,-0.042825349388907474
15877,0.4842182039326722
15878,3.2754324982915346
15879,4.513902418973011
15880,-1.6626578445649778
15881,-2.764861728980898
15882,7.023322464630599
15883,0.32771436512663055
15884,1.7539557276238762
15885,-2.6810075908596933
15886,-7.537536269347677
15887,-8.095147182282966
15888,-4.132967621142866
15889,-2.5758949487148604
15890,1.5905642908388584
15891,-7.791814930371444
15892,-6.383546337528246
15893,-1.3309700144848822
15894,-6.008320968806988
15895,-3.6041676700053427
15896,-8.263578598248195
15897,-5.383286266449551
15898,-8.251715425782763
15899,-0.6300027959389826
15900,-7.432219514951805
15901,-0.912541904840706
15902,6.121263952531986
15903,-7.049718378263616
15904,6.005892725613264
15905,4.7972901394530325
15906,2.6235777270371896
15907,-0.3632419532300868
15908,-1.8092438666243025
15909,-2.666886971372007
15910,1.9051259799055362
15911,-7.785858177605662
15912,-7.004565778201059
15913,-0.3540055547699763
15914,2.0169858634760907
15915,-8.06533919639136
15916,2.3472762458466367
15917,-1.6284111833897121
15918,-6.2143949815531485
15919,-6.197494143887297
15920,-6.786200984071302
15921,0.8562292768915256
15922,4.088725240131468
15923,4.302108084601181
15924,9.35148495479139
15925,-2.0662166502215396
15926,9.629971976915511
15927,-4.405387631773627
15928,-7.517872696793905
15929,1.442963548365483
15930,-2.4810185035858785
15931,1.0368791075751178
15932,-6.350954777465859
15933,4.7541716150895095
15934,-8.251715425782763
15935,0.5943295113413735
15936,-0.9153271090432172
15937,3.5898718435395196
15938,0.3568084296242353
15939,-1.0134127373989754
15940,-2.349706956763817
15941,6.426596634563856
15942,-7.900881250129336
15943,1.6847326026704192
15944,-0.3055761981110563
15945,-6.758520270279223
15946,-6.057693709497698
15947,-7.785858177605662
15948,4.728423265360658
15949,-3.9555581655200784
15950,-4.1934439311232925
15951,4.975764521642482
15952,-7.958486931801396
15953,-1.1989908753754408
15954,1.2907177673365933
15955,0.612542397336332
15956,-0.022886227814253035
15957,-7.886960485810813
15958,2.8907552703551893
15959,-0.847577142600879
15960,-4.132967621142866
15961,-3.1198217614284642
15962,0.3859766246189431
15963,2.694401248820622
15964,-6.101680105543451
15965,-6.965320052596598
15966,-6.927278790372849
15967,-0.1408569181211492
15968,-3.447078481595657
15969,-3.896550527591113
15970,0.7824676089089952
15971,-0.8406361877053854
15972,-5.077524940072012
15973,-1.1281169890078955
15974,-0.861635088080551
15975,3.108557093028542
15976,-4.933994143898205
15977,0.26717076388382266
15978,-7.615003558252908
15979,1.4434178947803455
15980,-4.240847029180337
15981,-7.052196713680619
15982,-7.364342572675286
15983,-7.27140274299402
15984,-7.864250733574117
15985,-6.1903754116467065
15986,-7.4256569694979575
15987,5.2404424453668526
15988,-7.958486931801396
15989,3.51953067846627
15990,9.395998443303082
15991,3.7825330052298196
15992,-6.786200984071302
15993,5.598179214968697
15994,-7.537536269347677
15995,4.300586179169338
15996,-3.6496267758078638
15997,-5.6502766824941775
15998,3.925015666349374
15999,-2.474355881732458
16000,-0.9370513112371848
16001,-4.273849419629254
16002,-3.2198381762500725
16003,-6.953318550629689
16004,-0.24234883847374866
16005,1.6118865467315155
16006,-6.434552861452017
16007,3.2816391989499962
16008,-5.004404758108751
16009,-7.815876673452418
16010,3.3600133754925947
16011,-7.192575218933127
16012,-6.657029941759476
16013,1.5978473632773729
16014,-7.311497332628054
16015,-2.056386251277393
16016,-5.057711184676144
16017,5.963567510563399
16018,0.7826646351530255
16019,-7.475712846667822
16020,-1.379597029554577
16021,2.2079922789086757
16022,-0.7432988663265339
16023,10.2703256593467
16024,3.9104154484716247
16025,-6.653244559090843
16026,2.3351687271721
16027,-0.17618394310394697
16028,-6.786200984071302
16029,-0.976844449120892
16030,2.7915030070409896
16031,-2.355269205763667
16032,-1.9258494936771484
16033,-7.699263016105732
16034,-6.609275539835117
16035,-5.9572061784080015
16036,-7.384327021812177
16037,-1.0420233171894524
16038,-5.564106848093303
16039,2.110850798092143
16040,-5.140059812709306
16041,-3.2427284748588474
16042,-1.2357797872720115
16043,-7.420117890575202
16044,0.06518601766256271
16045,1.5010646727950077
16046,-7.242974954951079
16047,1.6703949352351901
16048,-6.657029941759476
16049,3.2242312071128953
16050,-1.8102474135355848
16051,-8.056019989639882
16052,-5.057711184676144
16053,2.5219421322823625
16054,-7.364342572675286
16055,-2.0869020411920953
16056,-8.27587949471218
16057,-0.25006692192172153
16058,-7.4256569694979575
16059,-1.6972886350754313
16060,-7.958486931801396
16061,-5.13811974705567
16062,-3.333326704030479
16063,-2.9274600261989647
16064,4.90143761054231
16065,-0.2714354530920794
16066,-7.537536269347677
16067,-0.5421779001441016
16068,6.7129428847512695
16069,-7.699263016105732
16070,-0.49807152443100833
16071,11.800679242988693
16072,7.70682734063148
16073,-1.9206563599323219
16074,-2.3085044207813685
16075,-3.290791527560848
16076,-1.3696746438884224
16077,5.04890666549642
16078,-7.236409012097342
16079,-4.194079697864185
16080,-7.843468329949962
16081,-8.139738378547973
16082,1.910711755443825
16083,-7.192575218933127
16084,-0.04219935731411084
16085,-6.88414127509716
16086,-1.860783037617654
16087,-8.056019989639882
16088,8.059920023644905
16089,-1.0247124271830566
16090,-7.518192807980389
16091,-1.2246352739960167
16092,-8.27587949471218
16093,-6.1903754116467065
16094,-6.8060079307013135
16095,-8.06533919639136
16096,2.529689026038591
16097,-3.2346961130237646
16098,7.058781556575023
16099,-7.9119534758628065
16100,-6.086431299358294
16101,-5.074214418547616
16102,-7.267180298736449
16103,-7.927411897815949
16104,-3.4046114368198133
16105,-0.8198109607777148
16106,-4.757156685631324
16107,-7.560341626590587
16108,0.6830420826827688
16109,-2.1959672602134614
16110,2.6575719353737184
16111,2.92790115678947
16112,-8.263578598248195
16113,-2.5135341939481233
16114,-8.251715425782763
16115,-7.420117890575202
16116,-3.334636450002608
16117,3.405552985762129
16118,-4.016629495286833
16119,-1.9261227971441932
16120,-3.306032017439241
16121,-0.25850414025229673
16122,0.4635592861907494
16123,-1.434833097390357
16124,-2.820492828036238
16125,-7.052196713680619
16126,-0.8472084652976704
16127,-0.33286554854746475
16128,-8.27587949471218
16129,-4.094477529703014
16130,-6.015856312487159
16131,1.0427988254567297
16132,14.15038582756991
16133,-6.653870942044242
16134,-7.485332612536562
16135,1.7774452877771436
16136,1.1839039418804944
16137,-1.8692539157869408
16138,-3.499488181256926
16139,-8.038639314480148
16140,-4.132967621142866
16141,-7.699263016105732
16142,-0.1279066131045996
16143,-2.9407944686868746
16144,-7.96763689650202
16145,6.791421822040308
16146,3.5384241496684607
16147,0.5848987283012144
16148,-8.263578598248195
16149,-5.645289526141531
16150,4.568986979086264
16151,-7.420117890575202
16152,-7.5612186847714895
16153,-7.881917138247199
16154,0.5294717821329404
16155,-6.893373512874405
16156,-6.784408848489987
16157,-0.0015026080546498566
16158,0.6239929329969824
16159,-8.056019989639882
16160,4.2723599032949195
16161,-3.380683595511423
16162,-4.257296905098359
16163,-7.785858177605662
16164,-3.482200897237819
16165,7.405203935501367
16166,-7.4256569694979575
16167,-3.8618851172080224
16168,-3.6213933363430324
16169,-0.7318419064224817
16170,-5.362685659613324
16171,3.943764699605545
16172,-1.8342014258817667
16173,3.405250393550435
16174,-4.703886323076654
16175,-7.5871727464721275
16176,-3.066365655207876
16177,8.497643871493413
16178,-0.4234347534293436
16179,-7.791814930371444
16180,-5.516576800842973
16181,-2.4804866768818448
16182,-1.923667296449622
16183,4.92103849398493
16184,3.0006204965937555
16185,-6.786996150810865
16186,-0.16105226780653137
16187,2.0600536909476417
16188,-7.843468329949962
16189,-7.640289262604404
16190,-4.247031076477514
16191,-7.1850866929596275
16192,0.48269318679144835
16193,-4.999157835256103
16194,-3.642248472150994
16195,-8.056019989639882
16196,-1.7028875319688686
16197,0.8742609730407361
16198,0.06725948435034046
16199,-0.4199762386082312
16200,6.259518507160788
16201,0.9201493177369822
16202,-6.618310279641771
16203,-1.96377364807896
16204,-7.958486931801396
16205,-0.7852485063132251
16206,-0.7062876758235932
16207,2.6674465823067792
16208,-5.112703921521956
16209,-3.476816403797268
16210,-2.1038707495242073
16211,-8.095147182282966
16212,-7.558716822429261
16213,-1.8892843294078359
16214,-6.609275539835117
16215,0.8083729683472805
16216,1.4142877856780693
16217,-2.177840977916845
16218,-6.175491244905953
16219,-7.191648914081269
16220,-5.044169901500812
16221,1.6877328567849061
16222,-7.57517363115562
16223,0.584433487065029
16224,-2.8972697617699623
16225,-8.139738378547973
16226,-8.224287822573178
16227,1.952338034155631
16228,-0.38069131019275954
16229,-3.7670856982203285
16230,-7.923908220959293
16231,0.8919000626611271
16232,-5.057711184676144
16233,2.998799554321612
16234,-7.4075408064346195
16235,7.057654393832216
16236,-8.27587949471218
16237,0.5334790986141209
16238,6.179646518033678
16239,3.5431357063886106
16240,0.1673335964719449
16241,-6.716483226718109
16242,-6.799084694445019
16243,-7.9119534758628065
16244,-3.4341521299942452
16245,-0.18990466434067055
16246,3.654843898043376
16247,4.817019478166959
16248,-7.451517494146597
16249,21.292962598048796
16250,-3.6800638838010333
16251,2.864143575107422
16252,0.8025890700787759
16253,-6.965320052596598
16254,0.2376433710571464
16255,-7.612948581707047
16256,-8.263578598248195
16257,-5.072599455567207
16258,-6.45163773571239
16259,-7.420117890575202
16260,-7.843468329949962
16261,0.8119644062761462
16262,-8.224287822573178
16263,-7.192575218933127
16264,-1.2880115114628006
16265,5.36905040123954
16266,0.0648367473761009
16267,-4.036126758714024
16268,-1.007019781220099
16269,-7.052196713680619
16270,-7.518192807980389
16271,6.240279428087865
16272,-8.275501148819398
16273,-6.293889485835135
16274,-3.638311240778809
16275,8.973955688184466
16276,7.276279042267903
16277,-0.15187998161768934
16278,5.692102227560692
16279,4.103597060378435
16280,-4.097669511229496
16281,0.4568097490490073
16282,-1.819820178241764
16283,-8.095147182282966
16284,-7.718530758229115
16285,-4.36858411858175
16286,6.593861831863263
16287,-1.2818381715292406
16288,2.3434699597465833
16289,0.9276830761415694
16290,-5.63751050594339
16291,-6.71181304877789
16292,-7.489450198589277
16293,-0.9226892637780769
16294,-0.11152665178757387
16295,2.5036816080439905
16296,-7.843468329949962
16297,4.072388672283693
16298,-2.328086292808008
16299,-7.192575218933127
16300,2.2147662129494083
16301,-7.960653648140501
16302,-7.923908220959293
16303,-4.5551487279221945
16304,-4.157756646645819
16305,2.257385138249248
16306,-6.9928366729581795
16307,-6.664890353514596
16308,-8.27587949471218
16309,-6.293889485835135
16310,-7.4256569694979575
16311,-1.4911034067796625
16312,-7.958486931801396
16313,-3.24938356086477
16314,-7.500651963372396
16315,-2.528282563608534
16316,4.7373024422340775
16317,0.5603984810826823
16318,0.6659946725958397
16319,2.1553119113604624
16320,-7.127913249479602
16321,-3.4207997303454
16322,-6.609275539835117
16323,3.9623620375904642
16324,-2.3655675030379855
16325,2.288786437075336
16326,0.45525905430457525
16327,2.024038333535752
16328,2.0750913749355613
16329,-4.383561879325664
16330,0.3000412555628653
16331,-0.9161218860345632
16332,-0.6847168139701098
16333,-8.125606845246333
16334,2.375296099659328
16335,2.9062576862617537
16336,5.16547084187231
16337,3.97695978199629
16338,-7.923908220959293
16339,-3.1840112138719157
16340,0.3221572082564723
16341,1.5665794269246207
16342,-6.459872688074409
16343,3.2356990890840285
16344,2.945626549928961
16345,-2.786914922141151
16346,3.0189408869327288
16347,1.9170614386040785
16348,-1.7904537431942917
16349,4.127445571533416
16350,-7.500651963372396
16351,3.789207222999465
16352,-0.4941989570085181
16353,-3.726701073577136
16354,3.502905499818064
16355,-7.454415892925697
16356,-7.718530758229115
16357,-3.1961015077047334
16358,3.097827608037092
16359,-7.791814930371444
16360,-7.96763689650202
16361,-4.4167797081510995
16362,-2.633147638071661
16363,-6.3519462694480175
16364,-1.132350949680053
16365,-3.7844151525156495
16366,-0.03422463859755065
16367,-0.9776745129958787
16368,5.340090381019951
16369,5.729033829354551
16370,-2.0136445041566495
16371,-1.8440820968365361
16372,-0.8594347610953696
16373,-7.959790543105485
16374,-7.923908220959293
16375,-8.056019989639882
16376,3.7238249379926036
16377,-1.1947643947685067
16378,1.2755321489682414
16379,-7.002452528044331
16380,5.546793506672423
16381,0.03595070230377084
16382,6.25531107890309
16383,-8.06533919639136
16384,2.978286556727664
16385,-6.694816249457398
16386,2.087906124072168
16387,-7.9119534758628065
16388,4.930675933100162
16389,-4.869539699016748
16390,-3.4497812043035494
16391,-7.583890569741795
16392,-1.0563128501792693
16393,-2.724988846309505
16394,-6.609275539835117
16395,2.2440085360415267
16396,-7.96763689650202
16397,5.024037242424481
16398,-6.927278790372849
16399,6.813988161326508
16400,0.6138275638364843
16401,5.045228888295077
16402,-7.8642742049359775
16403,-4.111585338980499
16404,-7.843468329949962
16405,-5.177958408584732
16406,-8.224287822573178
16407,-2.360782941658544
16408,-6.722704676244528
16409,-0.4668031520351419
16410,-7.923908220959293
16411,2.491232971068226
16412,7.394424281196814
16413,-6.4047639548277875
16414,-4.672980189494213
16415,-2.0067279568584553
16416,-8.27587949471218
16417,-0.4395038660072291
16418,-0.8764282754785802
16419,1.143943486442839
16420,-4.465728807231221
16421,-6.716483226718109
16422,2.337631966961233
16423,4.922143732960623
16424,0.5813677691860466
16425,0.06816526113633681
16426,-6.533719888050269
16427,-1.8627406518992364
16428,-1.2432888944409264
16429,4.087873578007001
16430,-6.609275539835117
16431,1.8130247465833094
16432,2.795093825808532
16433,-6.965320052596598
16434,1.696057494571508
16435,-7.612948581707047
16436,8.00303388621193
16437,-6.786996150810865
16438,1.371606943727789
16439,-3.7383640843684534
16440,0.9432313343525157
16441,-2.388617090831252
16442,2.0359106213268587
16443,-1.175047302282079
16444,-6.988568422375719
16445,-0.7660031367212543
16446,0.8164465028635592
16447,-7.780133460305443
16448,-1.256871833983053
16449,-7.052196713680619
16450,-1.7194461530876188
16451,8.407199158295871
16452,0.4007954397524869
16453,2.0128245081525193
16454,2.7212435366845944
16455,-8.06533919639136
16456,13.930494861311
16457,-6.716483226718109
16458,-1.2059043471829554
16459,-0.7305402575372427
16460,2.11143146256585
16461,-1.314099219302567
16462,-3.025398539521179
16463,-2.8550373424264333
16464,-5.885957270842411
16465,-2.8234700358886062
16466,-6.609275539835117
16467,-7.791814930371444
16468,-2.745830472879211
16469,-6.504362287397663
16470,1.2052871734382848
16471,-1.47222189781028
16472,-8.274388876063302
16473,-2.907312714119419
16474,-8.251715425782763
16475,-0.7989382209112423
16476,-7.843468329949962
16477,-5.23154676873118
16478,-1.1312188999784394
16479,11.48850727671391
16480,-0.11849702220307012
16481,0.22922050984220935
16482,-0.07153001450069138
16483,-8.056019989639882
16484,4.016190657905086
16485,4.753802448881326
16486,-2.565021337769871
16487,1.4922011279688472
16488,-3.3589747299225765
16489,-6.293889485835135
16490,-7.668093815063919
16491,-2.963404852133653
16492,3.4146081515912976
16493,2.563031618397491
16494,-7.163464451665506
16495,0.21482147044314784
16496,-6.786200984071302
16497,3.9091567463503516
16498,3.6636135862342005
16499,1.1468152662625073
16500,-7.718530758229115
16501,-3.075416187225735
16502,-3.8542025123662045
16503,-0.41798442485785536
16504,-7.96763689650202
16505,-0.8179354346189649
16506,-6.927278790372849
16507,1.4050313149170748
16508,-6.301219361521084
16509,-1.5048729794557008
16510,-3.0458988214961487
16511,-3.8213354902763808
16512,-7.843468329949962
16513,2.3228126805811415
16514,3.26339829964633
16515,0.4352386650356978
16516,-6.988568422375719
16517,-4.24616542364676
16518,-7.639851705404938
16519,-7.755261172486081
16520,-3.315867341083306
16521,-3.1569159421478634
16522,1.0732213056249007
16523,-7.648183367483968
16524,4.933070027957954
16525,7.585682600682852
16526,1.6408426391591435
16527,1.8042489156090764
16528,0.1970966262810131
16529,-3.7961836325089946
16530,-7.114452208170282
16531,3.222357690137745
16532,-6.7833311084236545
16533,-7.886960485810813
16534,-7.4907602701911316
16535,-7.650025270864528
16536,2.8723209594504637
16537,-2.337688020837835
16538,5.22520663020952
16539,-0.2342539446755496
16540,-7.96763689650202
16541,-2.400351166411612
16542,-1.791644757196334
16543,0.1983633258172266
16544,-8.274388876063302
16545,-6.786996150810865
16546,-4.802198199899511
16547,0.2833829583385503
16548,-7.643961683612918
16549,3.56001795118642
16550,-6.997506381618793
16551,-7.219784582197768
16552,-6.988568422375719
16553,5.068257995111984
16554,-6.382600672106481
16555,-2.934160443584425
16556,-0.6639421969152788
16557,-1.7643681933628665
16558,-6.2003658453680135
16559,-6.055902551546737
16560,-8.27587949471218
16561,-0.9822080252505772
16562,-7.668093815063919
16563,7.911330633662397
16564,-0.953356094328921
16565,-6.716483226718109
16566,-6.424618223115146
16567,-7.9119534758628065
16568,-3.9764041378943094
16569,-7.886960485810813
16570,-2.776793301258345
16571,-8.095147182282966
16572,-7.718530758229115
16573,-7.699263016105732
16574,-4.067370447887609
16575,3.3693241763845085
16576,-6.599778948438463
16577,0.7283407681770135
16578,-1.4939974656899462
16579,-1.5733588064850572
16580,-8.274388876063302
16581,-0.22406531608891633
16582,-1.898939811625103
16583,-7.420117890575202
16584,-0.5629854830573283
16585,4.0497795872026545
16586,2.731822347781801
16587,-4.847335553955503
16588,-6.988568422375719
16589,-1.6883914223400414
16590,2.9309927728856207
16591,-8.056019989639882
16592,11.330355063321607
16593,-7.052196713680619
16594,-3.8242849320839785
16595,0.8798230903858831
16596,5.290358908323133
16597,8.220379361774022
16598,-7.686811124736964
16599,-2.808523938119725
16600,-0.7108929290894234
16601,-4.76995429140624
16602,-7.500651963372396
16603,-0.9023720846916374
16604,3.5160798758562177
16605,0.27798367979868077
16606,-1.8579487020041838
16607,-8.095147182282966
16608,2.3642067761159153
16609,-4.408021581696052
16610,0.03626364873567489
16611,1.3246981016730004
16612,1.9075912621837752
16613,-5.68046705787836
16614,-6.927278790372849
16615,-7.612948581707047
16616,-8.250336560712036
16617,-5.847855838616643
16618,11.241891856434927
16619,-7.420117890575202
16620,-1.7058430397126552
16621,3.034052605888272
16622,-4.5130895602425944
16623,-7.219784582197768
16624,-3.917975290971472
16625,-5.634721248285616
16626,-3.3890101626470788
16627,-8.056019989639882
16628,-0.583985352973327
16629,0.2769643883183457
16630,2.959360803279851
16631,-0.20474519641060707
16632,6.02879630200848
16633,-2.613939962226611
16634,-7.686811124736964
16635,-6.9429023805950445
16636,3.8799681035299134
16637,4.66485573386198
16638,-6.85013017048726
16639,-7.797349379810653
16640,-0.37692213247836026
16641,0.20227456246348008
16642,-7.537536269347677
16643,3.535659689627888
16644,-0.8789889938491551
16645,-7.699263016105732
16646,6.598360099549088
16647,-7.791814930371444
16648,-6.34320493678662
16649,1.391309760944412
16650,-6.927278790372849
16651,-1.346820753498596
16652,-7.461868160191037
16653,-6.786996150810865
16654,-8.251715425782763
16655,-7.141690858269673
16656,-7.989421600373484
16657,0.5596925769961186
16658,-4.376336146487969
16659,-1.1393230403469918
16660,4.470400227149483
16661,-7.960653648140501
16662,-7.923908220959293
16663,7.810910178916599
16664,1.162378795973524
16665,9.15591151605111
16666,-1.7198295312030734
16667,-7.785858177605662
16668,10.788549889598356
16669,-5.663923657788476
16670,5.003268304488726
16671,-3.4399551946148024
16672,-1.4615020064792965
16673,4.74470857265209
16674,0.26805205412182476
16675,5.537876706364299
16676,2.1852496210410512
16677,-7.886960485810813
16678,-7.234846172939398
16679,-7.941692136641601
16680,-7.718530758229115
16681,1.2158597481321256
16682,4.976495682012368
16683,-7.791814930371444
16684,-0.4366106339196832
16685,-1.527432422678333
16686,-2.1231531773426062
16687,-7.612948581707047
16688,-6.8190486593076844
16689,3.2167559147780125
16690,-8.133053711257364
16691,-7.420117890575202
16692,-2.4919838535317265
16693,-8.139738378547973
16694,4.200740027992918
16695,-0.8105426500909008
16696,3.5057290091191
16697,-7.960653648140501
16698,6.594841209567281
16699,1.9185003284619206
16700,5.464762156193114
16701,-2.541192325211151
16702,5.347562374876375
16703,-7.785858177605662
16704,-8.27587949471218
16705,-5.4925852313677375
16706,0.08225214441199832
16707,-1.7246720169001009
16708,-7.958486931801396
16709,-1.74808795771526
16710,-7.500651963372396
16711,-0.8351167367551608
16712,-5.97953823485509
16713,-2.468354886877199
16714,-0.7184768620586697
16715,5.018424079687111
16716,-6.6422230485904405
16717,-6.848672512364212
16718,3.9793713856971147
16719,-2.9738650675844505
16720,3.4777672886661133
16721,-5.728704462538631
16722,2.547336698673771
16723,9.598290126328271
16724,-8.274388876063302
16725,-0.04107850203068186
16726,-8.165461943032335
16727,-0.9283792548763008
16728,-7.63825343543555
16729,-8.120427394011394
16730,-0.28246700585091467
16731,4.231440119496438
16732,-7.5640822270201244
16733,-6.337295662181406
16734,-7.923908220959293
16735,6.038237094053226
16736,-0.5203356069356531
16737,-7.052196713680619
16738,0.16881463309395273
16739,-2.59005613274467
16740,-0.9270636630400462
16741,-1.7477816576303191
16742,-7.490709238554629
16743,2.2733050786176485
16744,-4.043556050601746
16745,-1.6857414313479533
16746,-1.5478682904343264
16747,-2.6581912684619207
16748,1.7361662366764479
16749,-5.269984133039895
16750,5.34429307907479
16751,-8.095147182282966
16752,-7.718530758229115
16753,1.5152372542877912
16754,0.15082752381965636
16755,-7.791814930371444
16756,-1.4271189124439507
16757,-5.851528755013857
16758,-6.927278790372849
16759,-7.612948581707047
16760,-6.833235527919964
16761,2.614790783860129
16762,-8.251715425782763
16763,-7.59986625145871
16764,-7.989421600373484
16765,-3.567475059218746
16766,1.0548018824367138
16767,-0.7037419451235791
16768,-7.151121360331853
16769,-6.810329955467926
16770,-3.3686928288724767
16771,-8.056019989639882
16772,-4.364582992019168
16773,-0.21983213796786139
16774,-1.035090425060065
16775,1.6520941693393558
16776,-8.27587949471218
16777,-2.035865511931859
16778,5.0060212269670314
16779,0.2739812307680105
16780,6.2411158923192955
16781,-2.3409764320151525
16782,-7.083077905929757
16783,-3.5739469078749986
16784,6.040881364411808
16785,-0.9833989767674208
16786,-1.2839583554500005
16787,-8.066667676666926
16788,1.0137440796362482
16789,-7.699263016105732
16790,-0.4335069696322438
16791,1.3758963031621199
16792,-6.074658206012863
16793,-1.300574043146467
16794,-2.006241227692449
16795,-4.104935034987281
16796,-8.274388876063302
16797,-6.678661719871456
16798,-4.254501149599898
16799,-7.57396000939833
16800,0.7985411388719599
16801,-8.139738378547973
16802,5.339036932674888
16803,-7.219784582197768
16804,3.326850600938653
16805,-7.1334809720242225
16806,-7.923908220959293
16807,8.513255100369275
16808,1.291734319576182
16809,-2.103620367472358
16810,-7.518192807980389
16811,-7.59091796605749
16812,-8.179486219731777
16813,-6.293889485835135
16814,-2.4537348545892015
16815,5.310444986354318
16816,2.9896724183421837
16817,0.33320263473143386
16818,0.5009158112981685
16819,3.902866047723671
16820,-1.304773236993079
16821,-7.886960485810813
16822,-1.4301144400514247
16823,-2.5722928239574547
16824,2.248280188011681
16825,-3.4312110728003447
16826,1.441890662535962
16827,12.32374415976063
16828,-1.8567737093770487
16829,-6.717422481256875
16830,7.919519096032937
16831,-0.22780559928122027
16832,-8.266516601598044
16833,1.7601955008598216
16834,8.44252559184794
16835,-6.262302244043454
16836,3.6462738090075293
16837,-6.906989989350436
16838,1.3634394330790278
16839,-0.31597340582009026
16840,-0.521037675038311
16841,6.730348778540886
16842,2.188904401656232
16843,-7.610073107919268
16844,-1.5432582990265797
16845,1.4033809453338282
16846,-4.581452378791305
16847,-2.437650242941923
16848,3.34078591701098
16849,3.363895816145208
16850,-7.780696435574619
16851,2.851878647069527
16852,3.329137417619281
16853,-4.611263921177467
16854,-7.500651963372396
16855,0.9067518118671825
16856,-1.3081729827347925
16857,-4.330865450913366
16858,-6.6696187198798045
16859,-0.8520990670527908
16860,-7.718530758229115
16861,-7.699263016105732
16862,-6.609275539835117
16863,1.5870495778324858
16864,-3.780892001280388
16865,-2.204830948346066
16866,-6.927278790372849
16867,-0.9261583710199144
16868,-3.7510276147884434
16869,2.9759620440769927
16870,-8.251715425782763
16871,0.13676651101316462
16872,-2.9836575320246754
16873,-8.139738378547973
16874,1.1100478053345544
16875,4.8023239443627
16876,-7.680945639707395
16877,2.2526995004684705
16878,-8.048543009776784
16879,-1.0913283958946987
16880,3.162011352947515
16881,7.4772160213699586
16882,-6.933743633493881
16883,1.47623344347882
16884,-3.2787858561354843
16885,-5.454905073333039
16886,6.232643782999737
16887,-8.06533919639136
16888,-7.958486931801396
16889,-0.463079989726076
16890,8.277612306795266
16891,-7.9119534758628065
16892,-1.3994219912438064
16893,-3.853169452020266
16894,-6.381065787898122
16895,-7.963793992462776
16896,-7.648477427981157
16897,-3.0301169550493126
16898,2.121257112668697
16899,-5.747774295094333
16900,-0.8230244998489096
16901,-2.72077483758061
16902,0.9314268831848884
16903,-0.934182577834304
16904,-0.6234457293062048
16905,-6.786996150810865
16906,-8.251715425782763
16907,-4.453110229347736
16908,-2.2073029528162564
16909,-4.794351532891122
16910,1.6070024800999054
16911,-0.16477203264224904
16912,-0.13307035755101881
16913,-4.8075326056035435
16914,-8.048543009776784
16915,1.784440720711493
16916,-4.227819373975232
16917,3.4657698090570315
16918,-0.03130324471066093
16919,-7.785858177605662
16920,-5.443850721969747
16921,-6.293889485835135
16922,0.7563329350318575
16923,5.681223929059739
16924,0.4229309118686131
16925,-6.716483226718109
16926,-0.8660618414923275
16927,0.03509901601336507
16928,3.090941487535863
16929,1.9911528835961956
16930,-4.88855194652594
16931,1.6559543739896618
16932,12.401621676366783
16933,8.289300611117678
16934,-6.508115912773736
16935,3.469533680826334
16936,-7.96763689650202
16937,-3.5190522146153214
16938,5.418266747393153
16939,1.425054470585322
16940,-8.274388876063302
16941,-1.087893551447123
16942,-1.3515058311095967
16943,-0.9287129970932674
16944,0.8973041905762047
16945,1.121559642853573
16946,-3.4951268266785958
16947,-7.219784582197768
16948,7.4887221258470555
16949,-6.705230864590679
16950,-8.048543009776784
16951,2.745824405238443
16952,3.946998845679844
16953,-4.672232180954046
16954,-1.473065473467163
16955,-2.071269196232955
16956,9.542567123459142
16957,5.643779202777083
16958,-1.0375522686511063
16959,-0.3748535996318245
16960,-7.958486931801396
16961,-0.22196417416998315
16962,-2.3165649949802996
16963,-7.705334260573889
16964,0.5879863673968182
16965,-7.691533129219132
16966,-7.537536269347677
16967,0.24686933993980142
16968,-3.441285949529168
16969,2.554470033990961
16970,1.8988132332981913
16971,2.6807339967462465
16972,2.8212319409122957
16973,-2.3311597223349736
16974,3.99577863352504
16975,-7.612948581707047
16976,-6.674202867818996
16977,-0.5882477905585397
16978,-8.206848811005399
16979,-7.59986625145871
16980,-6.872418648857722
16981,-8.089667077224005
16982,2.870245638669701
16983,3.1129342097810038
16984,4.259075622517177
16985,6.431764183679258
16986,9.816204795625188
16987,0.047274225556977356
16988,-5.304333380362631
16989,3.174410170284685
16990,-1.3456798618213575
16991,-7.305736802320977
16992,4.799000380999292
16993,-6.293889485835135
16994,-7.780696435574619
16995,-8.06533919639136
16996,-1.8212964305564583
16997,-6.716483226718109
16998,1.5699178262106397
16999,0.4573264643265274
17000,-0.969627158249116
17001,2.202702292316337
17002,-6.319543884340301
17003,6.328607260609736
17004,3.7529954527951834
17005,0.05409596067636069
17006,-2.903556380083153
17007,1.5780168078854206
17008,-0.5732916989927126
17009,-6.965320052596598
17010,-6.927278790372849
17011,-7.166677753069253
17012,2.7182575425026787
17013,-6.786996150810865
17014,-8.251715425782763
17015,1.2043798733088702
17016,-7.989421600373484
17017,0.563768409627603
17018,-0.23300473221415707
17019,6.959985739877863
17020,0.9359279806787876
17021,-7.566405161482925
17022,1.157114598002569
17023,-1.0090191496735703
17024,4.919877912810922
17025,1.7035744689992036
17026,-7.518192807980389
17027,-7.785858177605662
17028,3.2873911812547636
17029,2.053917329343175
17030,-7.683707975207449
17031,-8.06533919639136
17032,-2.7122129372581476
17033,0.9352823293300674
17034,-4.668997866454454
17035,7.95868057821926
17036,-1.4150577141336498
17037,5.038998774453139
17038,0.07901061854882707
17039,2.833481649068455
17040,-7.605893584193081
17041,1.4313428819959761
17042,1.5836066435791882
17043,-0.4133132292859134
17044,1.897660197595619
17045,2.36636766953025
17046,1.937461683981667
17047,-3.3791790838091234
17048,-8.274388876063302
17049,-3.334488765987149
17050,-8.243499570816748
17051,-7.442556742935693
17052,1.4326753816202138
17053,-8.139738378547973
17054,-0.30371970839335916
17055,-6.873020744814152
17056,-7.680945639707395
17057,0.06535152313636416
17058,-2.8099012997122657
17059,-8.098015818756982
17060,3.3484706282923082
17061,-6.915403196424691
17062,-6.8800391655468704
17063,-2.2663249345083445
17064,-1.0919957343241453
17065,0.6945004396014878
17066,1.419245565485165
17067,-8.06533919639136
17068,-0.2719722442209216
17069,1.5410974108174642
17070,-1.1593367584114636
17071,1.079945543671734
17072,-3.38966604833295
17073,-7.630164115500413
17074,-7.537536269347677
17075,-8.095147182282966
17076,-0.7676306758654098
17077,-2.8888363832840995
17078,-0.39172401999289297
17079,-5.680623077102505
17080,-7.96763689650202
17081,-1.1286268833396114
17082,9.12942372656602
17083,4.615736166725598
17084,5.592879114810875
17085,-6.786996150810865
17086,-8.251715425782763
17087,-2.75560617387523
17088,-7.989421600373484
17089,-6.878532312604065
17090,-4.5838625834459545
17091,-5.709688451946068
17092,-6.789912802330468
17093,0.5965493731295983
17094,-7.859374047450079
17095,4.911115776743796
17096,-1.1237672209269507
17097,7.205503931986138
17098,-3.2856056655876786
17099,0.29119038356856364
17100,-6.843985750831755
17101,-2.0945139834665043
17102,-7.780696435574619
17103,-7.195200209119712
17104,-4.245424134470589
17105,-6.716483226718109
17106,-0.9383410136141669
17107,-6.653659895069755
17108,-6.730579174999226
17109,-3.4155969881111607
17110,-2.3149476876415305
17111,-1.9918490643360574
17112,3.267223602215366
17113,0.8382867084595149
17114,-6.609275539835117
17115,3.351925020585579
17116,-7.592407695991719
17117,-5.0587880381365755
17118,-2.342302919445043
17119,-7.612948581707047
17120,1.0207707308268934
17121,3.381007822763158
17122,-8.239203409737978
17123,-7.708136876992723
17124,-0.4265973007594033
17125,-3.1709515635834977
17126,3.38485243350593
17127,-1.040393987962303
17128,-6.921480475498211
17129,-0.6707590205815788
17130,3.512257661152563
17131,-1.3874296999525098
17132,-5.304333380362631
17133,-5.7571911737255235
17134,-3.4523542158370955
17135,-7.785858177605662
17136,-8.269152905765992
17137,-6.293889485835135
17138,4.083188729822941
17139,4.699770433339627
17140,-0.3203884958880492
17141,3.5100049247626486
17142,-0.1333369204052698
17143,10.119411478842366
17144,-2.14047813578078
17145,-0.18117630921063643
17146,-7.533921686526494
17147,4.551293727969801
17148,-7.718530758229115
17149,-7.636844944951993
17150,-6.609275539835117
17151,-0.3654126233408883
17152,2.6232842107692873
17153,1.7777300592885736
17154,-1.24132898452893
17155,2.9659161872511235
17156,-8.274388876063302
17157,12.876918221829545
17158,-7.89146887391289
17159,0.7952994190603568
17160,-6.7066348166799274
17161,1.693071210177735
17162,0.03549479004339551
17163,-5.194305604591949
17164,-1.4504397098732493
17165,-0.02447849649480216
17166,3.8234886605194642
17167,-7.916362551737174
17168,-4.603833513650514
17169,1.8103594877567555
17170,-0.9450835873889518
17171,-2.471165673455793
17172,1.093542673476192
17173,3.6967353596360093
17174,-1.173547462212488
17175,-5.897118835742868
17176,-1.0856017677713155
17177,-4.334668705185403
17178,-6.811249471035853
17179,3.2191675724898685
17180,-1.7560014877339365
17181,-2.825796731328696
17182,-0.5060439893396351
17183,-8.095147182282966
17184,-1.494870085104934
17185,-7.699263016105732
17186,-3.276686867709685
17187,1.1914760685063828
17188,-4.162275461203745
17189,-6.965320052596598
17190,-6.927278790372849
17191,-7.612948581707047
17192,-8.274388876063302
17193,-6.786996150810865
17194,-8.251715425782763
17195,-0.6429279868675171
17196,-1.4649285145077418
17197,-1.7969926588190968
17198,2.142732588419581
17199,-0.8089791710852167
17200,-4.759096897686352
17201,-7.960653648140501
17202,1.679777420118719
17203,-8.098015818756982
17204,8.92754027103463
17205,-3.332777675304893
17206,-1.8954220960639185
17207,-1.2476117840698682
17208,-8.27587949471218
17209,-0.17797739269489077
17210,1.8898491398039023
17211,-1.563302068750511
17212,-7.958486931801396
17213,5.016249162337782
17214,4.690197170048479
17215,-6.623876546300119
17216,0.8507143502672019
17217,-6.779354839632447
17218,0.5500883722603727
17219,4.092279772523354
17220,-0.8614364405943098
17221,-0.013530597615066364
17222,-6.609275539835117
17223,1.6045187013886255
17224,-1.4520321887586414
17225,-1.0573019829507029
17226,10.43458347486918
17227,4.729253244155046
17228,-1.353336794450013
17229,-5.85584813567475
17230,1.0096962714778164
17231,-2.9561727807881373
17232,-7.989421600373484
17233,1.5380745432214071
17234,4.000701995968155
17235,-7.014311484017757
17236,-7.680945639707395
17237,-1.3688993307046557
17238,0.017170878209988416
17239,-2.2745562259111556
17240,-4.430459020952464
17241,-6.8783187729127535
17242,-0.7812035321331607
17243,-7.785858177605662
17244,0.9751133849286765
17245,7.324199845927506
17246,-0.5458224971774854
17247,7.535155898516608
17248,-7.958486931801396
17249,-3.5462174953453234
17250,-7.500651963372396
17251,-7.9119534758628065
17252,-2.145035241341568
17253,2.2996416347296265
17254,-7.537536269347677
17255,-8.08230279201696
17256,2.9220190641684534
17257,6.786458301288449
17258,2.5863079236851805
17259,-0.2881852982530628
17260,-7.96763689650202
17261,0.9350420510464558
17262,-6.5342041057632425
17263,-1.191916094743513
17264,1.2713228547813071
17265,-1.5334138242401176
17266,5.223708452986782
17267,-7.710688518092405
17268,-1.2163503614430504
17269,-4.832231328306662
17270,-8.224287822573178
17271,3.689067460429206
17272,4.84816960428867
17273,-1.8754111105438476
17274,-1.256500653554649
17275,7.216435859980757
17276,-3.5769101992214907
17277,-0.7788375107473358
17278,-7.332966480234876
17279,-7.785858177605662
17280,-0.38916052497701115
17281,-5.788359860628978
17282,4.385497235995079
17283,-0.21053040294889347
17284,-3.2636066141195905
17285,3.5339142578511784
17286,-6.405144910323877
17287,-1.2293444116151413
17288,-2.1590118759051746
17289,2.15541600330814
17290,-7.729357578441339
17291,-8.095147182282966
17292,-7.718530758229115
17293,-2.262338714113871
17294,-0.09097873268928003
17295,2.311457599116273
17296,0.9219554262614812
17297,-0.8158382826391506
17298,-2.389188089902209
17299,-3.7748341344727407
17300,-8.274388876063302
17301,-0.4715155053265878
17302,-2.6445433983748976
17303,-7.710688518092405
17304,-7.989421600373484
17305,-8.139738378547973
17306,-8.224287822573178
17307,2.1202758625834712
17308,-0.6547600059300671
17309,-2.159287267037282
17310,-0.08109211616649814
17311,-2.1291027121238857
17312,0.8463326114309491
17313,-6.843158365585479
17314,-0.6250559352849325
17315,1.9176364598237718
17316,-8.27587949471218
17317,7.353392359474348
17318,-3.1915580435016815
17319,-2.8606700314575138
17320,-7.879726450486021
17321,-4.461801347142842
17322,-7.500651963372396
17323,-3.4513605588507983
17324,-2.35318168646305
17325,-6.489124814181604
17326,1.9416700468406785
17327,-8.095600674091857
17328,-7.718530758229115
17329,-7.699263016105732
17330,-0.2885174111466706
17331,1.5402110094616528
17332,-2.8847941046774075
17333,2.9743680149098273
17334,3.7621475006574325
17335,-6.312598913655423
17336,-0.14724028332549244
17337,-2.671210078572954
17338,-8.251715425782763
17339,-5.43770757497524
17340,2.905884925788434
17341,-0.7354836776933149
17342,-7.292444565575375
17343,3.7253334273209218
17344,2.0196456707740165
17345,-7.960653648140501
17346,-5.585337904441907
17347,-4.855480319301025
17348,-5.304333380362631
17349,-7.052196713680619
17350,-0.8441323854562706
17351,-1.5500239960654314
17352,-8.27587949471218
17353,-2.1982758139576983
17354,-7.738995269757298
17355,-7.176244793738652
17356,-0.33530469772517435
17357,-6.918865026909462
17358,-7.500651963372396
17359,-7.9119534758628065
17360,0.3320763763961301
17361,-7.886960485810813
17362,-7.729357578441339
17363,-3.0381714712841954
17364,-5.878842573233071
17365,-7.5184308413798195
17366,3.9543850480810514
17367,-0.24315282494381574
17368,-7.52284330507224
17369,0.8662347830966199
17370,-6.812797994014872
17371,-7.643771403381082
17372,-8.098299838778223
17373,6.130235311982172
17374,2.1960497696728503
17375,-6.718281691033525
17376,-7.000776951316943
17377,-3.8091803723141684
17378,-7.334730186717683
17379,0.6425231116626655
17380,1.1278085803918354
17381,-7.960653648140501
17382,5.923917250148875
17383,-3.1587646877085125
17384,0.14984544943901446
17385,0.9818713293797989
17386,-1.5951265709012286
17387,4.871291564691633
17388,3.2997585977705794
17389,2.0078970817386708
17390,-6.50091463878135
17391,-8.06533919639136
17392,-6.599432269190871
17393,6.49906694146086
17394,-7.500651963372396
17395,-7.9119534758628065
17396,3.9993177849964407
17397,-7.764744054210638
17398,-5.951076487317367
17399,-1.1437117253108018
17400,-0.1765142381317928
17401,-7.601155599384011
17402,11.03574848812005
17403,12.812835791029332
17404,-7.96763689650202
17405,-6.965320052596598
17406,2.44812612990846
17407,0.31701477216592977
17408,-8.263697198972338
17409,-6.761500917935513
17410,-8.251715425782763
17411,2.908976100953388
17412,-7.985409061916305
17413,-8.139738378547973
17414,-2.828491271303209
17415,-7.219784582197768
17416,1.86528091964642
17417,-6.196329730159474
17418,-8.048543009776784
17419,-8.098015818756982
17420,2.7341159745357477
17421,-2.310220137752492
17422,-6.4628471903397315
17423,5.285645132314405
17424,-8.272205401718915
17425,-6.293889485835135
17426,-2.041597735129893
17427,0.9692719783763314
17428,1.5006565983628604
17429,-6.918865026909462
17430,-7.500651963372396
17431,-7.9119534758628065
17432,-6.786200984071302
17433,-3.539825288916367
17434,-0.9970974321050906
17435,-3.6386420895893616
17436,-6.71472809305215
17437,2.137123436412093
17438,-0.4119713119345061
17439,6.453339820364945
17440,-7.207434306828164
17441,-6.965320052596598
17442,6.096999662144476
17443,0.9848741712010725
17444,-0.4196302994791228
17445,-0.7697167146741145
17446,4.426956525707405
17447,-7.710688518092405
17448,5.039475058606193
17449,-2.358340228477338
17450,1.4411294090775595
17451,-5.749172052211939
17452,-6.321789864086434
17453,-0.13059673783321432
17454,-6.82232121371363
17455,-7.6349338719297615
17456,3.4238073461793137
17457,2.8235808018825805
17458,2.2368675729432304
17459,-1.6397355161669103
17460,2.657802234865845
17461,2.2432285185717236
17462,4.3894558947173685
17463,-5.780643251037129
17464,0.9020900836835991
17465,1.3180509968777188
17466,-2.8783972960125563
17467,-7.614380520098582
17468,9.310606302594929
17469,0.48898588116807995
17470,-7.729357578441339
17471,-1.4437675160379655
17472,-2.2745067830118284
17473,-5.277528358899857
17474,-6.609275539835117
17475,-7.810392027915982
17476,-7.96763689650202
17477,-6.921277947109603
17478,9.277521235536032
17479,1.694919140212106
17480,0.18209459127021121
17481,1.8240667181951398
17482,8.672035867927605
17483,-0.2448410622820263
17484,7.783177833813884
17485,3.154061782776129
17486,-8.224287822573178
17487,4.888316549260845
17488,-7.6680578855566575
17489,3.1257004928760694
17490,-8.048543009776784
17491,-0.553569891461785
17492,2.15742472703365
17493,-7.052196713680619
17494,-3.6800492951536468
17495,-1.685391846092121
17496,-8.27587949471218
17497,-6.293889485835135
17498,-6.359932029172085
17499,-5.626901978441342
17500,0.1768132553816848
17501,-6.918865026909462
17502,-7.500651963372396
17503,-6.207659150935938
17504,-5.490629920292925
17505,-2.212311567803985
17506,0.13794791893964503
17507,0.7188441814172395
17508,-5.1190267895571235
17509,-0.8540390010269984
17510,-6.521843282512546
17511,0.07805918540729184
17512,-4.832247438202412
17513,-6.965320052596598
17514,2.445585415897725
17515,-7.108117274394079
17516,-1.1722986839653824
17517,6.456099918118396
17518,-8.251715425782763
17519,-7.710688518092405
17520,0.6169285562973148
17521,4.132477488515175
17522,-2.0801494383775734
17523,1.7838898463159698
17524,-7.680945639707395
17525,-1.7186781091939283
17526,2.176148051593452
17527,-0.5494703843222057
17528,-3.430920314780075
17529,3.2456528829763878
17530,-3.337203660985062
17531,-0.9090537141478756
17532,-1.0332536554156206
17533,0.7196366467082156
17534,-7.780696435574619
17535,-3.8509650207209347
17536,0.07103488447763183
17537,-0.4998910438579852
17538,3.1217625817207377
17539,-6.979305462302479
17540,-6.786200984071302
17541,-7.886960485810813
17542,2.6848205398892047
17543,-8.095600674091857
17544,-7.683951074067887
17545,-1.2249250428545415
17546,-6.6939626887233645
17547,-2.821110699042249
17548,-1.7273926658163192
17549,-5.115097079578563
17550,6.8864463580256965
17551,-1.7215393688293157
17552,-1.225424332019033
17553,-4.766709098502261
17554,-8.313654909565507
17555,3.7923758235597727
17556,-1.269902773717039
17557,-0.4471214541864912
17558,-0.6742320592151414
17559,-6.870963113293533
17560,-7.680945639707395
17561,-4.980511728467377
17562,-7.2259324988542595
17563,-8.098015818756982
17564,3.128062072544008
17565,-0.05065975467184858
17566,-1.7150614683677943
17567,-7.59002548497414
17568,2.724943917025881
17569,10.639360572890066
17570,-7.780696435574619
17571,-3.997072124254332
17572,2.0922579592795163
17573,-6.910864328757795
17574,-0.0962897774380248
17575,-7.9119534758628065
17576,2.251075953419808
17577,-7.954004063542383
17578,-1.827071700262973
17579,-8.095600674091857
17580,-7.718530758229115
17581,-7.699263016105732
17582,-0.30577002917904883
17583,1.7526475372035892
17584,-6.265811157305982
17585,-6.965320052596598
17586,2.6094755346299014
17587,6.483042870745882
17588,-8.02527573017451
17589,-3.6016257987594917
17590,-1.7531726363630813
17591,1.8052143054873107
17592,-0.549681368928103
17593,-2.555230352663714
17594,-2.7141433649023354
17595,3.968146914157463
17596,2.9470637604787115
17597,3.7419711422862942
17598,-1.6937667373713476
17599,-0.6108958518650232
17600,1.6245945169804594
17601,-0.47494664896241545
17602,0.9161626100083078
17603,-2.5961359618130437
17604,-8.117511410542466
17605,-3.8551682554473787
17606,-7.862410667755413
17607,-5.931041994649171
17608,-1.7775266883764114
17609,1.6834705349025594
17610,0.0728187624382203
17611,5.631703664276966
17612,-1.58269503058228
17613,2.0999611753139362
17614,-0.7559682971662083
17615,9.937468571389413
17616,-7.978326347405484
17617,-0.3360680987985175
17618,-1.3479140458628942
17619,-6.4674758405845605
17620,-7.96763689650202
17621,-1.00370998662757
17622,4.601555537953729
17623,3.7676364052537545
17624,-1.8014125533359207
17625,-2.0952154470394024
17626,5.648997881226312
17627,-0.26644840788682933
17628,-7.989421600373484
17629,-8.139738378547973
17630,3.487408709264732
17631,2.576068878874306
17632,-1.4395711072739108
17633,-2.1897896657758653
17634,5.879970020041327
17635,-8.098015818756982
17636,-5.304333380362631
17637,-5.834345438091054
17638,-1.6182575416105214
17639,-7.785858177605662
17640,-6.328576806845479
17641,-5.902294919945895
17642,-7.862410667755413
17643,-1.5208446086822023
17644,-1.3285890475257855
17645,-6.918865026909462
17646,-2.7702662479997167
17647,2.6319761679969575
17648,-3.370985786152792
17649,-3.374036352341647
17650,-7.729357578441339
17651,-1.4839516808804745
17652,0.44253346600644217
17653,-5.590249286793437
17654,-6.754809141515308
17655,-0.3462885902434403
17656,-7.96763689650202
17657,7.4466969158326535
17658,-6.927278790372849
17659,-2.559156463404075
17660,6.31462839387651
17661,-6.786996150810865
17662,-8.22920146448982
17663,-4.605699412508335
17664,4.052929953704535
17665,2.0687974996735266
17666,-5.593432101731624
17667,3.4564946652913804
17668,-3.5593115538708116
17669,-7.960653648140501
17670,4.011892904348644
17671,0.651452377649127
17672,-3.7879972436236313
17673,-2.7930693255644754
17674,-2.6718744750176175
17675,0.3917014298032937
17676,-6.960441799831088
17677,2.543826897499155
17678,-7.862410667755413
17679,-2.5074664897671575
17680,1.9358929693397735
17681,-6.918865026909462
17682,-4.73916457921101
17683,1.7856184716606962
17684,-5.027035646010738
17685,2.320969721577649
17686,0.7800024134608086
17687,-8.095600674091857
17688,-6.438439605377695
17689,-7.699263016105732
17690,-6.754809141515308
17691,2.4700018325471707
17692,3.0776913504625005
17693,-2.5287888026144283
17694,-6.927278790372849
17695,4.815611084474352
17696,-8.274388876063302
17697,-4.496612160531088
17698,-8.120491971739947
17699,-0.0009629367857026949
17700,-7.989421600373484
17701,-0.8165869118849942
17702,-8.204731821505403
17703,-3.475265579769345
17704,-7.680945639707395
17705,-7.187730408398059
17706,-0.06839592124109717
17707,-2.816253605170831
17708,8.213944287677858
17709,-6.897594493217859
17710,-7.518192807980389
17711,1.7683806864028448
17712,-1.3586818321626508
17713,1.113544626075795
17714,0.9368274425193028
17715,5.585487193709371
17716,-7.958486931801396
17717,-0.03461133923288395
17718,-1.5010051902538197
17719,-7.896673005227107
17720,-3.6776256670446954
17721,4.187351155906269
17722,-1.71760481682155
17723,-2.7409566616271244
17724,1.99271329158676
17725,-7.699263016105732
17726,-6.754809141515308
17727,2.726162621237116
17728,0.40524075812157734
17729,1.0909235552728929
17730,6.055080350641702
17731,2.1169557053589245
17732,-8.274388876063302
17733,-6.245380537586916
17734,-8.27587949471218
17735,-7.799598511373239
17736,1.6375927271481792
17737,9.318471827600574
17738,-1.283798625143442
17739,-3.8967877615651294
17740,4.004659157003398
17741,0.6100151564651417
17742,-8.048543009776784
17743,-0.31004255808093717
17744,-0.7989031792976826
17745,1.03074905254577
17746,-0.5547676860167197
17747,-7.860882815732092
17748,-0.5269774966508058
17749,-6.293889485835135
17750,-7.9076132807751645
17751,12.6803542325376
17752,-7.958486931801396
17753,0.2843588643505768
17754,-7.500651963372396
17755,-6.614659815429073
17756,-3.052035841216123
17757,-7.954004063542383
17758,-7.729357578441339
17759,-8.095600674091857
17760,0.07870351622393268
17761,-6.969202287561469
17762,-6.291148584021021
17763,-7.810392027915982
17764,-1.6210055662951264
17765,0.7838940325731515
17766,1.9876793657312783
17767,-7.935119508687956
17768,-8.274388876063302
17769,-5.828255217451424
17770,-0.8496250822882194
17771,-7.816332325781267
17772,-0.2878710618853282
17773,-2.5000458853737797
17774,-0.6004534125003802
17775,-7.219784582197768
17776,2.3882867304493045
17777,-2.7065967124415864
17778,4.0220521778244205
17779,0.3534883682039275
17780,-4.207917417906954
17781,-7.052196713680619
17782,-0.09266170329017276
17783,1.2629156661089675
17784,-8.312368320689714
17785,-4.079153684486615
17786,2.6506523877082317
17787,3.8016698581056656
17788,6.031883353898637
17789,-6.918865026909462
17790,4.352915171500474
17791,9.846542945832311
17792,-6.627102523050119
17793,-2.1908951464223514
17794,0.11042457719390246
17795,3.414358718915005
17796,0.04650417781350891
17797,2.9064342095410836
17798,0.30885433418879726
17799,-7.849282996409764
17800,3.5708410615113655
17801,-1.680208114759116
17802,-1.8821909145954567
17803,-3.3954072772989456
17804,1.7484835852652763
17805,-3.887377070838055
17806,-5.975274339555225
17807,3.3572592065447595
17808,-1.1155237772028102
17809,-8.198608177963468
17810,4.625246998545291
17811,-1.2433097880092143
17812,-7.26454371880103
17813,2.184464971828478
17814,0.7738534816501835
17815,11.43592276137742
17816,1.8048138666638407
17817,10.144495764791817
17818,-6.9248639783812855
17819,-6.938191504592504
17820,2.146646404907601
17821,-0.025018355829230288
17822,-3.817459504019083
17823,3.7915938284755653
17824,-5.992180170471875
17825,2.2276251488981753
17826,-5.0301096816655075
17827,-7.648071013790318
17828,-4.673808116588196
17829,4.305987979203765
17830,4.266895683452833
17831,2.535924047819215
17832,-7.859039624438862
17833,-2.1569997497973565
17834,0.728814211029869
17835,-1.5012558827494016
17836,-2.2239916923190752
17837,2.7592518611819905
17838,1.7605187401123892
17839,-7.935119508687956
17840,-1.4362353978628057
17841,6.552643493789476
17842,-7.920630697525047
17843,1.9645240623493117
17844,-4.137955748774526
17845,-8.068348136142394
17846,-4.485816892611744
17847,-7.219784582197768
17848,-5.508201501590772
17849,-7.960653648140501
17850,-1.7423784887165463
17851,-8.085046252440899
17852,-0.13621395453599838
17853,-6.1554611736921085
17854,-6.600640171917718
17855,-1.3503122749176546
17856,1.9792095461775598
17857,-6.293889485835135
17858,-3.269555089979398
17859,-8.06533919639136
17860,-7.958486931801396
17861,-6.88237971103838
17862,4.005969810868336
17863,-2.9029944628249007
17864,-4.161287257456397
17865,0.6984011683125405
17866,0.33724427595361384
17867,11.521432188077375
17868,-4.899581456545144
17869,-1.381235267262564
17870,1.3085104857771448
17871,-0.8771424020601855
17872,-2.4651724951604166
17873,-6.66814109255233
17874,2.291322873230693
17875,9.681907149254355
17876,-7.092770877118612
17877,0.2371934462507055
17878,11.091174598767168
17879,-7.816332325781267
17880,2.9487683319374294
17881,10.592424611925084
17882,-8.122937706563638
17883,-5.008296235464927
17884,2.9840812882356467
17885,-0.4121294943481013
17886,-3.4066885132665012
17887,-7.798216971624604
17888,-2.519346550239249
17889,0.9522305452318798
17890,3.9356604596874734
17891,4.049205743550518
17892,-1.4076800385530475
17893,-6.300267129496501
17894,2.804951556983814
17895,-8.06533919639136
17896,-7.865721973604293
17897,-1.8132202317306967
17898,3.10793003445566
17899,-1.1382072726258357
17900,-6.786200984071302
17901,-4.452348138340248
17902,0.1200332529790728
17903,5.210366046120337
17904,-7.113426183745398
17905,-7.716930383218671
17906,-3.733231237343206
17907,7.911652020688832
17908,-7.96763689650202
17909,-1.7018990937222838
17910,9.268937753629853
17911,-7.773180625440104
17912,7.634943652100697
17913,-5.836893558552708
17914,-8.27587949471218
17915,-8.15269986654067
17916,-7.989421600373484
17917,7.984822352309279
17918,1.4594074061762496
17919,0.6113693839881695
17920,-6.943051218897813
17921,-0.5365397048464577
17922,-7.664061897802618
17923,2.367507178208966
17924,-5.15257389339602
17925,1.058275994159518
17926,2.6840499716166777
17927,-7.860882815732092
17928,-3.661037996847573
17929,7.179487738157525
17930,-4.73667559574395
17931,-1.9256652740750566
17932,-7.958486931801396
17933,3.537862751395659
17934,1.3979704607333507
17935,-7.4027798476457525
17936,-6.760489758481477
17937,2.2952100548394823
17938,-7.729357578441339
17939,-8.095600674091857
17940,-8.080275585702083
17941,-0.47403085253982213
17942,-3.91887772990681
17943,4.938962126670779
17944,5.999377248706817
17945,0.3976493903086413
17946,0.856480990843524
17947,-7.935119508687956
17948,-4.39493738550316
17949,4.62690139045499
17950,-6.85088492875368
17951,-8.119539512643463
17952,3.618815255306462
17953,-3.4173557911681014
17954,1.6953204395297048
17955,-3.585335677789749
17956,-5.429326943458343
17957,-2.420639667066594
17958,-8.03504110381225
17959,-8.098015818756982
17960,-5.380459154486097
17961,3.515493065773385
17962,-7.346884794421759
17963,-7.653335248836724
17964,0.07045238040032764
17965,-3.919761197036508
17966,-7.9076132807751645
17967,17.375489874310535
17968,13.819719774131205
17969,0.7647755084586325
17970,2.0432869746498006
17971,0.783956519354236
17972,7.016628650160247
17973,6.161202080962024
17974,-0.09406957263138405
17975,2.89175909449131
17976,18.212561429831002
17977,7.52191426328527
17978,4.2375318602571586
17979,0.8005986648338486
17980,-0.7217100695918146
17981,8.530831073349344
17982,-6.097706124026788
17983,-7.046192807136207
17984,0.3665256889467499
17985,3.732745149694466
17986,-8.0832753658909
17987,-8.217149534487083
17988,-7.385114194250656
17989,5.533160916766335
17990,1.2032167333707366
17991,0.026973543918272003
17992,-3.4144671315511577
17993,-6.968206056775109
17994,7.055689522855312
17995,8.412494913112056
17996,2.157665825038091
17997,3.971062176620165
17998,-0.8457640392548232
17999,2.105832241474345
18000,-3.161544897342634
18001,-6.300267129496501
18002,0.45907993869395847
18003,-8.074880843605856
18004,-1.961731389853075
18005,-2.866028086112015
18006,-1.5294747760528435
18007,-2.8576569667208522
18008,-2.0455822789900027
18009,-8.09766609843411
18010,2.6506254449219635
18011,-8.095600674091857
18012,7.106010358964004
18013,4.414750881609682
18014,3.417502745677053
18015,3.222586217415844
18016,-7.96763689650202
18017,-6.910768535453283
18018,-6.927278790372849
18019,-7.935119508687956
18020,6.124969580426051
18021,0.0570447807142761
18022,-8.27587949471218
18023,-1.6641222504304638
18024,-7.985523235351707
18025,-8.198608177963468
18026,-5.074192460877641
18027,-1.858992325122368
18028,-6.284599445037332
18029,-2.226154791289334
18030,-3.0830791094071635
18031,-8.098015818756982
18032,-2.8073088686506456
18033,-7.052196713680619
18034,0.772299745063646
18035,1.7790393221143372
18036,-0.8331974211310418
18037,2.017695528614029
18038,-7.9076132807751645
18039,0.9709870441326247
18040,-3.6512182348593956
18041,-6.918865026909462
18042,-5.610967584859789
18043,-2.9480813287257295
18044,-6.786200984071302
18045,-8.09766609843411
18046,-6.866955622718051
18047,-2.7382797248218576
18048,-2.0005920053722406
18049,4.507764776367701
18050,-6.671983175579296
18051,-4.533085038002645
18052,-7.96763689650202
18053,-1.944268315953923
18054,-1.1604458211709239
18055,-6.126627510485306
18056,2.5968858427208628
18057,-6.786996150810865
18058,-1.094090803197438
18059,-8.011032063598938
18060,1.887095150526382
18061,-8.198608177963468
18062,-6.502605614980556
18063,-0.8678489877702295
18064,-3.8665748555648225
18065,3.687847707186914
18066,-0.9535183586745413
18067,3.2874678780450175
18068,16.52115060486348
18069,5.4044675054538995
18070,-3.4246944914352633
18071,3.86806515656407
18072,-1.998746782191188
18073,1.0726786546151967
18074,-1.3397286680479281
18075,0.1923422141210085
18076,-0.44646507750402087
18077,-5.864366783437146
18078,-4.504163827265579
18079,-7.9119534758628065
18080,-6.786200984071302
18081,0.25713047576036674
18082,3.5296130994853003
18083,6.017273935230045
18084,-3.2007257081058844
18085,-1.4580227245610966
18086,2.9861029065428015
18087,2.182936985129447
18088,-7.1751808955331
18089,-6.301364152927335
18090,-1.0569574304964378
18091,0.6777758924093715
18092,-4.390892724459443
18093,-2.8255036420615953
18094,-8.27587949471218
18095,3.827648863849169
18096,-7.931252442177709
18097,-7.481489417313317
18098,-7.662803123443428
18099,7.392275906855296
18100,3.303247544134248
18101,3.1176886062349327
18102,-7.9346909714173215
18103,0.7074043042959959
18104,-1.2317382324393098
18105,-7.052196713680619
18106,-1.1035740682065118
18107,0.49264960070111724
18108,-0.05928894536624085
18109,-0.33966971924028055
18110,-2.9832736523529153
18111,0.125698575815683
18112,2.4444406996510533
18113,2.790650388781634
18114,2.7582852170665006
18115,4.698420073885435
18116,-6.559648839758426
18117,-4.0083407546436005
18118,0.11358102668958137
18119,-8.095600674091857
18120,0.8167215704614844
18121,0.421096671111138
18122,3.6209457276511157
18123,-2.9853475379763807
18124,3.7919814226648785
18125,-6.483243976619352
18126,2.843664043605528
18127,-0.9233588351070017
18128,-8.274388876063302
18129,-0.3820368125627321
18130,2.840506434378844
18131,5.564029150648882
18132,4.939349413510639
18133,3.4061060118733844
18134,2.044970115708718
18135,-7.219784582197768
18136,-7.680945639707395
18137,6.53988702845786
18138,-2.93792725981546
18139,-1.1600709012892874
18140,0.9980732373638297
18141,-7.052196713680619
18142,1.1005744656106025
18143,0.6015646922473378
18144,-8.125987778868689
18145,-0.980767654987054
18146,-1.8209555382830855
18147,-8.069217612157326
18148,-7.958486931801396
18149,-6.918865026909462
18150,-7.048219552131606
18151,-6.7559159107384215
18152,-2.5778069644474866
18153,7.885691042414318
18154,4.706947686608573
18155,-8.095600674091857
18156,2.5160992570908864
18157,-5.2303396852859905
18158,-6.521391707526022
18159,-7.475377908637048
18160,-7.591660166253478
18161,-4.362385378117738
18162,2.8609102149765837
18163,2.1846410610708578
18164,-3.4831068139124257
18165,-6.786996150810865
18166,-8.27587949471218
18167,-7.52835830139105
18168,1.6797591699974226
18169,-2.431492925844464
18170,-7.9954131056853495
18171,-7.219784582197768
18172,-7.680945639707395
18173,4.84936193154892
18174,8.102899146354522
18175,-8.098015818756982
18176,2.864052972437735
18177,1.0771151482744419
18178,-2.1356668544279303
18179,4.292667020160977
18180,7.506875503877031
18181,-2.313354552522215
18182,-7.9076132807751645
18183,0.2392813462035348
18184,9.362785064348808
18185,-6.918865026909462
18186,-3.2282587294614076
18187,-1.75584463518696
18188,2.7779159866785834
18189,-3.3085767217302355
18190,-7.5993863639085895
18191,-1.1853369048182008
18192,-8.132681209199546
18193,-2.8478705323735944
18194,-6.715779332046296
18195,0.7302923495840735
18196,-5.736025971417647
18197,-6.206098447115284
18198,-6.927278790372849
18199,-0.7645604112029133
18200,0.15808496012734852
18201,-8.294311902076442
18202,-0.5727926845941942
18203,-6.657398842859352
18204,-7.989421600373484
18205,-6.566593491418663
18206,-3.381687771350626
18207,-3.8247941564493324
18208,-2.7065881662725855
18209,1.3497270536750636
18210,-7.924423416408654
18211,1.560678814149954
18212,-5.380459154486097
18213,-2.224807233531428
18214,5.061563902191628
18215,-6.061714319720547
18216,-8.080534923421554
18217,-5.803308592341888
18218,-2.626241047317904
18219,-7.884573543585309
18220,-3.670944884116784
18221,-2.075635687291635
18222,-1.9404638424389862
18223,1.3392648539836676
18224,-2.1674639988954443
18225,-0.23029733828269106
18226,-7.729357578441339
18227,-8.095600674091857
18228,-0.6353294142108346
18229,-7.716930383218671
18230,2.7292436118459267
18231,-6.529775189025134
18232,-0.7603596639343666
18233,-4.032264507612348
18234,-6.927278790372849
18235,-7.935119508687956
18236,-0.5317061804487215
18237,7.347588461816924
18238,-8.27587949471218
18239,-8.217149534487083
18240,-3.3007805423590275
18241,-7.809015391272754
18242,-8.224287822573178
18243,-0.8921761825473365
18244,-7.680945639707395
18245,6.752748822603197
18246,-3.1935609394914266
18247,2.654902614044341
18248,3.281224223370833
18249,0.31390691915519175
18250,-7.518192807980389
18251,-5.952657479680278
18252,-1.1354359732445092
18253,4.115710263333543
18254,-2.46504288874659
18255,-8.074880843605856
18256,-7.958486931801396
18257,3.20066875067498
18258,2.42868357514135
18259,-1.390163166940531
18260,-6.520845146981201
18261,-3.6712759311674703
18262,-1.4732994662276555
18263,-8.071183602678067
18264,3.9891181440370596
18265,-1.5334086916010916
18266,-0.43485032907421983
18267,-0.0199076460760097
18268,2.958748620794098
18269,-0.8436708840314351
18270,-6.8330367448218094
18271,-7.527431074462715
18272,-4.60881493740127
18273,-7.855200869157702
18274,4.520553977780147
18275,4.848789746910379
18276,-7.951388775733729
18277,-1.1683671591317628
18278,-1.467426633425369
18279,-0.2496664245816751
18280,7.2937970396616
18281,-0.05542483104582889
18282,-8.048543009776784
18283,-0.8989674716664565
18284,-5.380459154486097
18285,-1.3453278089476353
18286,0.39903910203375914
18287,-7.710161882628328
18288,-8.313654909565507
18289,1.4397213098081854
18290,-0.6250074347455683
18291,-5.943094260780775
18292,4.159194792157029
18293,-1.0327008869992786
18294,0.6652557106862079
18295,1.6556336879654947
18296,-6.786200984071302
18297,-6.598047009715387
18298,-0.023583358933524257
18299,-3.6296316483871145
18300,-3.1801491906920343
18301,-7.716930383218671
18302,-6.754809141515308
18303,0.92793260668165
18304,4.3786944705298385
18305,-6.965320052596598
18306,-2.2948519271419183
18307,-1.7543151219833493
18308,-8.274388876063302
18309,9.210529164877318
18310,-8.139095076244137
18311,-0.4452848967700318
18312,-7.989421600373484
18313,-2.743613063565707
18314,-2.178717283083748
18315,-0.86077277155411
18316,2.0942792585167327
18317,-6.1065282061754536
18318,6.093201886192633
18319,-8.098015818756982
18320,-5.380459154486097
18321,-0.977836159818064
18322,-8.028164622666392
18323,-0.4399159712695653
18324,3.2535626326909317
18325,0.5342173473536833
18326,1.5394176037072103
18327,5.666535927466905
18328,9.55402463215651
18329,1.7349396980138123
18330,0.03460228026407974
18331,-1.0602865004392552
18332,-3.109611905451202
18333,5.1300137799322565
18334,-7.696454538953835
18335,-0.44419508820157105
18336,11.143381527583143
18337,4.832430899011542
18338,0.40797091839433763
18339,3.1628688850543836
18340,-7.505498841651321
18341,-2.771335029687359
18342,3.0244064796300965
18343,-7.737953723735708
18344,4.044232260193197
18345,-8.214447388459446
18346,5.100760921196496
18347,-4.3194944882579875
18348,-7.989421600373484
18349,-6.41677259986471
18350,5.6082873456522755
18351,-7.215487492065796
18352,-7.763139341788153
18353,-6.712437486939455
18354,1.2716181314235402
18355,-0.48846185017859844
18356,-5.380459154486097
18357,2.0382209000699407
18358,0.1376571409071019
18359,4.104070412392153
18360,2.7405048387694677
18361,-6.300267129496501
18362,-6.649558117656302
18363,-8.074880843605856
18364,-7.958486931801396
18365,-2.1674294534150156
18366,-5.05047973680062
18367,-7.9119534758628065
18368,-6.786200984071302
18369,-6.198486692156797
18370,3.1970126916115023
18371,-7.774909371324105
18372,0.7718769348862239
18373,-7.716930383218671
18374,-6.859096413913614
18375,2.2181884570045947
18376,-7.96763689650202
18377,-1.987404287601465
18378,-2.203212402725862
18379,-7.935119508687956
18380,-8.228093897963172
18381,5.396866585643945
18382,2.790970712758588
18383,-6.895534329867098
18384,-7.989421600373484
18385,-7.193393714738268
18386,-1.4751104540641644
18387,-7.219784582197768
18388,-6.975414104054192
18389,-0.4874937603504621
18390,-8.093340009100572
18391,-8.098015818756982
18392,5.189001272361709
18393,3.928719105141145
18394,-7.851169541406098
18395,-7.908483823336241
18396,-7.484397820560663
18397,-1.623733809127449
18398,-7.8320415289905245
18399,3.258580170341143
18400,-7.958486931801396
18401,-6.918865026909462
18402,-6.960856670392625
18403,-7.9119534758628065
18404,2.708479799041455
18405,-7.534342994084208
18406,-7.729357578441339
18407,-8.095600674091857
18408,-7.709476404334652
18409,-7.716930383218671
18410,-1.129113845448812
18411,2.003857657884897
18412,4.700973387117405
18413,5.779610577225336
18414,1.657070128666926
18415,-7.894655351694161
18416,-3.558333269541418
18417,-8.059308780793927
18418,2.1240338679240076
18419,-2.7792803272438187
18420,1.2259856855326183
18421,-5.266795582749635
18422,4.796740603497578
18423,-0.2386399583222418
18424,-0.9619991843067419
18425,0.15541041516592413
18426,-0.872201018908052
18427,-2.5528496163287855
18428,1.8796017900808384
18429,-7.052196713680619
18430,-0.4576719807405194
18431,-7.908483823336241
18432,-7.959687478423893
18433,-6.300267129496501
18434,-7.9076132807751645
18435,-7.443493474151179
18436,0.00551086032535375
18437,-6.918865026909462
18438,-4.011025609775789
18439,2.9767806256399694
18440,-1.7756936431491226
18441,-0.053338634472639646
18442,-1.0368519172178967
18443,0.577306338458133
18444,-0.34105658368201797
18445,0.92167822849779
18446,-3.643950212350948
18447,10.145440284851402
18448,-0.8861867251583377
18449,4.619457453300808
18450,2.912911893017835
18451,-7.935119508687956
18452,0.6853327348990988
18453,5.367741998814579
18454,-8.27587949471218
18455,-7.543924092966957
18456,-0.27840895064750226
18457,-6.245197215070674
18458,-7.8499321666560355
18459,-7.219784582197768
18460,-0.3664035363119613
18461,2.1521728044000903
18462,0.06592983170241307
18463,-8.098015818756982
18464,7.649408104352657
18465,-5.626291763272108
18466,-8.028164622666392
18467,-4.116133429811001
18468,-7.188942746876217
18469,4.115780541242009
18470,-7.196608524928769
18471,1.3074601065144602
18472,-0.006859052021339185
18473,-6.918865026909462
18474,-7.500651963372396
18475,6.517127518195593
18476,-1.6950387814574526
18477,-2.925135025281919
18478,-7.729357578441339
18479,1.0107049888106707
18480,-8.132681209199546
18481,-2.9209255904290736
18482,-0.6948782840348569
18483,0.14175547813547107
18484,-0.8970653297366407
18485,4.9972610653094325
18486,-6.927278790372849
18487,-6.948909863913632
18488,-8.103238398979466
18489,-2.571339444079161
18490,-8.27587949471218
18491,-8.217149534487083
18492,-6.572005580225236
18493,2.013400142466698
18494,-4.702546062725103
18495,-2.5992975486490124
18496,-7.763139341788153
18497,-7.960653648140501
18498,8.821618003433354
18499,-8.098015818756982
18500,-0.30888409185369525
18501,-7.033045215219066
18502,-0.4093523753787234
18503,-1.6424126996453405
18504,-4.077086859335639
18505,3.1045191585564744
18506,-7.9076132807751645
18507,-4.3145713437201785
18508,3.844868864288758
18509,0.4793832394883544
18510,-7.500651963372396
18511,-4.565777573278023
18512,10.108758065033935
18513,-7.925809944969706
18514,-7.640062872914994
18515,-8.095600674091857
18516,5.198947236241509
18517,3.7376837140568173
18518,-4.653691386409423
18519,-7.857210860363656
18520,-0.5894076374258865
18521,-0.8092708608517709
18522,3.0532204543128656
18523,-4.72654565936844
18524,7.8888825791564265
18525,-8.182144185563406
18526,9.556883857061088
18527,-2.4938443760697044
18528,2.5308208351458483
18529,-8.198608177963468
18530,-7.262173206783173
18531,-6.825340100315053
18532,1.5386282793720016
18533,2.6102055425669284
18534,-8.093340009100572
18535,4.041468822222667
18536,-5.315525872252223
18537,-7.052196713680619
18538,-0.27131149995752474
18539,-1.7829204623077837
18540,-5.389753909830566
18541,0.8029148502848268
18542,3.163787272611256
18543,-0.47200008379138114
18544,-1.103771111276738
18545,1.3859155815112465
18546,0.7957592376919377
18547,0.22847512767484213
18548,-6.242423387472309
18549,4.016454862836451
18550,-7.750965019909205
18551,-6.724655006009551
18552,-7.40873621495021
18553,-1.481234210923673
18554,-6.859096413913614
18555,-7.7250316629166225
18556,-1.1515119169622186
18557,-5.695590016966566
18558,4.185540224532196
18559,1.6326041922791419
18560,-2.3295731210016353
18561,-2.898128662753718
18562,-1.0509643093237884
18563,-0.344162135017418
18564,-3.095413087662433
18565,1.4745383671948566
18566,3.4680021881902467
18567,-5.646776539038273
18568,-3.5653241760495384
18569,6.5260318689667685
18570,-8.093340009100572
18571,-2.9161199533430238
18572,3.162469875860385
18573,-7.039259265940714
18574,-8.028164622666392
18575,-1.9426602674930895
18576,3.919579436943497
18577,-6.300267129496501
18578,-7.9076132807751645
18579,-0.9470114096625515
18580,-8.018211280672828
18581,2.9119337510529752
18582,3.949348247109722
18583,9.391593377775258
18584,-6.786200984071302
18585,-7.0161002277547775
18586,-3.2553092234079206
18587,-8.095600674091857
18588,5.829738000913659
18589,-7.750686056248443
18590,-6.859096413913614
18591,-2.688626539066875
18592,-1.5610118843403415
18593,-4.735021619393786
18594,-6.927278790372849
18595,-7.734193769366002
18596,-8.274388876063302
18597,8.498255057417229
18598,-6.459661052207283
18599,-6.727519287667165
18600,-7.989421600373484
18601,-8.198608177963468
18602,-2.148078561191192
18603,0.2609395619681074
18604,1.1377189561178613
18605,-5.665775659004116
18606,2.547050285335826
18607,1.5045984105872228
18608,-0.42384521754764637
18609,-1.873854416384728
18610,-8.08501388029147
18611,-7.908483823336241
18612,0.31778700509159996
18613,-2.347993999404404
18614,-7.9076132807751645
18615,-7.322426031846099
18616,1.057796288130655
18617,-1.073192897716963
18618,5.95732511776537
18619,1.9998010626645955
18620,-2.753188597193448
18621,4.969368497154291
18622,-4.063471927296533
18623,0.39038182379615116
18624,-0.6412769876281978
18625,1.5869878677052063
18626,-6.859096413913614
18627,-7.847039971671689
18628,-7.966015622446819
18629,-6.965320052596598
18630,1.3080707642313414
18631,-7.762340397650247
18632,-8.274388876063302
18633,-7.640126962530258
18634,2.7770682027921247
18635,-8.217149534487083
18636,-7.989421600373484
18637,-8.092030657081978
18638,-8.224287822573178
18639,-6.977671527590869
18640,-7.763139341788153
18641,-1.5274846338621424
18642,-0.4391675667957502
18643,16.89114284575472
18644,-6.76582640112241
18645,-6.760656504044671
18646,-5.670562789497503
18647,-2.945656928040214
18648,-1.8219893169635355
18649,8.06435042598424
18650,-7.9076132807751645
18651,0.46646523633507275
18652,-7.447874097714785
18653,3.6012097306875095
18654,-0.5306154973371284
18655,1.897195633286389
18656,-3.464378966752828
18657,-6.735481323525228
18658,-7.129708435182601
18659,4.90627367812114
18660,3.0604653130981747
18661,-7.221788920192956
18662,1.597306884343459
18663,-7.857210860363656
18664,-2.8229135766829314
18665,-6.965320052596598
18666,-6.875233366595469
18667,11.556160178725749
18668,-6.929682112588255
18669,0.987712548458044
18670,6.592579866784692
18671,-8.217149534487083
18672,-0.4179417749009693
18673,-8.198608177963468
18674,-8.224287822573178
18675,0.3276748879523297
18676,-7.763139341788153
18677,-7.960653648140501
18678,-6.934930377119074
18679,7.907110764050648
18680,2.140079250487064
18681,5.659146728159665
18682,-1.0347679278599449
18683,1.1263820666073205
18684,8.356569986210863
18685,-2.359810745467075
18686,1.9544945931811024
18687,-8.074880843605856
18688,-6.273032195807122
18689,-0.42529415692051753
18690,11.692106828074198
18691,1.5999696569438144
18692,-6.786200984071302
18693,-8.09766609843411
18694,-7.750965019909205
18695,-0.7447749692592811
18696,-4.911039819475321
18697,-1.2350506415168367
18698,-2.978524977663998
18699,-7.857210860363656
18700,3.005084191202376
18701,-6.316308637977109
18702,-2.33718980260911
18703,-2.9557347329761354
18704,4.332788586666092
18705,-3.178042917044402
18706,-8.27587949471218
18707,-3.2718587988079912
18708,-5.138253560328765
18709,-7.960035376398362
18710,3.016390922262963
18711,-0.5157043263391361
18712,-7.370694687314286
18713,-1.918058920438548
18714,-8.093340009100572
18715,1.943871370378019
18716,-7.146586218649414
18717,-1.1334436144579576
18718,-5.5386465265041
18719,-0.6546742880192865
18720,-8.313654909565507
18721,6.5742154923403096
18722,-2.147798789868009
18723,-1.4072556710357926
18724,-3.9300513225566167
18725,2.9727046420772893
18726,-7.500651963372396
18727,-7.9119534758628065
18728,-2.2239798128032913
18729,-7.495125300278924
18730,-2.1680475715650203
18731,-8.095600674091857
18732,0.4003696355621216
18733,4.575666277655969
18734,-4.740660340737306
18735,-0.09327564188601123
18736,-5.366180335032448
18737,-2.7386657781055574
18738,-2.9953171647001566
18739,-4.4785633275909875
18740,-3.672163639343962
18741,-8.294311902076442
18742,-4.019280226879815
18743,-0.9929191037903022
18744,-0.10358757089224913
18745,4.515018008727921
18746,-6.36333718691596
18747,2.0873745285108987
18748,-4.459486789343001
18749,-2.7246158572251185
18750,-3.113406071507201
18751,-8.098015818756982
18752,3.794186967006648
18753,-4.166337671501601
18754,-1.800731494571381
18755,1.4961703473431984
18756,-8.316708257457252
18757,1.1161833574081457
18758,7.074608173569606
18759,9.617106305611772
18760,-8.018211280672828
18761,3.285748763354576
18762,2.328696801549028
18763,-7.9119534758628065
18764,-5.6378045720545185
18765,7.408222411199476
18766,-7.750965019909205
18767,-8.095600674091857
18768,4.044064584040085
18769,3.2064542543341448
18770,-6.859096413913614
18771,-7.857210860363656
18772,-7.96763689650202
18773,-6.965320052596598
18774,-5.367319077226407
18775,-3.035999056033359
18776,-4.313272326747285
18777,9.715074471705215
18778,-8.27587949471218
18779,-3.0261312456503986
18780,6.036383407720082
18781,-7.5339111469342654
18782,-5.6862339629940495
18783,-5.016978335617055
18784,-3.813469502568102
18785,4.760595452667263
18786,-8.093340009100572
18787,2.7077321870014566
18788,-7.068951976851073
18789,8.232192449290029
18790,-8.08501388029147
18791,-5.845770281306423
18792,0.6071660551736151
18793,1.1754737164529474
18794,-1.5048575340939703
18795,-8.074880843605856
18796,-7.6666643203774125
18797,-1.5315591166103597
18798,2.1713463257621535
18799,-2.0072983164228844
18800,5.933458431024614
18801,2.3906122504243887
18802,-1.9856526504980971
18803,2.1402515901272343
18804,-0.0428138140147869
18805,-1.7579784321856695
18806,-6.859096413913614
18807,-7.744357081424387
18808,0.6248891575031195
18809,-6.965320052596598
18810,-6.927278790372849
18811,-7.934131676469
18812,-3.479225075794992
18813,-7.866917210437153
18814,3.3175278422509784
18815,4.450856201888798
18816,0.4966007463988049
18817,-6.184456969144655
18818,1.3766890812983226
18819,-2.799782294300985
18820,-1.0989338957498007
18821,1.7893984728849297
18822,11.745929163414784
18823,-2.633628216052445
18824,-2.2260637725244283
18825,1.6756064042206598
18826,0.19911563083052186
18827,-7.908483823336241
18828,5.724027697612507
18829,-4.793032981545073
18830,1.3744275036549638
18831,-0.8838375804234744
18832,1.4626917179246464
18833,-6.047022108676583
18834,-6.483930679925398
18835,3.5316967155799768
18836,0.6363432248068767
18837,-6.982695722189545
18838,-8.048713225427866
18839,0.7856226824611469
18840,3.9345354046338064
18841,-3.1459400061906853
18842,-6.859096413913614
18843,-7.857210860363656
18844,1.667995356326302
18845,-2.8323269646111853
18846,-6.927278790372849
18847,0.7941189267343255
18848,6.53211509671665
18849,-2.646456899288731
18850,-8.27587949471218
18851,-1.417144106431599
18852,0.1558137590527011
18853,-8.012102766771314
18854,-7.257754866467656
18855,1.108991970841874
18856,-2.0351657042668942
18857,-7.960653648140501
18858,2.7241731727861365
18859,-2.926127755622118
18860,0.8154712642556375
18861,-7.052196713680619
18862,-8.08501388029147
18863,2.329892286293661
18864,-8.316708257457252
18865,-7.501552069953032
18866,-0.8668306130969943
18867,-5.847628566723301
18868,1.9942414725378013
18869,-6.918865026909462
18870,-1.3289869085469643
18871,-3.040145852216205
18872,0.3179753565751977
18873,2.0595716419264036
18874,-8.048713225427866
18875,-1.4270042887925918
18876,-0.2753019067029303
18877,0.4718576067780148
18878,3.305759937369823
18879,-1.5754369290916024
18880,3.0897484981051297
18881,-0.4897079536963824
18882,-6.927278790372849
18883,-7.935119508687956
18884,-8.274388876063302
18885,-1.6748493320076872
18886,2.8477963185110964
18887,4.747346381888152
18888,1.1736152533630437
18889,-6.805044960025167
18890,-4.202917831037253
18891,-7.219784582197768
18892,1.0873871902255599
18893,-7.960653648140501
18894,0.15070685982912113
18895,-3.063420968089069
18896,-7.146586218649414
18897,2.953624447416508
18898,0.5520782595005269
18899,-7.908483823336241
18900,-0.661021114554486
18901,-7.5859448031943275
18902,-7.9076132807751645
18903,2.7188908052826726
18904,-5.383099799955349
18905,10.16321145200153
18906,-7.500651963372396
18907,-3.2126980483327108
18908,-6.786200984071302
18909,-1.659063953659723
18910,-8.131428421739313
18911,-0.588526063771049
18912,-6.0781299153672155
18913,0.12774538325485552
18914,15.619679823485676
18915,0.26807284844042756
18916,-6.973647648501369
18917,-1.8258090236970435
18918,-5.05804119516754
18919,-3.9424959223979767
18920,-8.274388876063302
18921,-8.294311902076442
18922,2.8212367188772824
18923,3.931422960763636
18924,0.5341893363408845
18925,5.566844233990537
18926,1.0697368176027484
18927,-2.701983850298697
18928,-7.763139341788153
18929,0.6585232414248017
18930,1.5976080719551542
18931,-8.094429300669265
18932,-5.50131335480586
18933,3.027477882729757
18934,-2.028274237891946
18935,-2.5513058497670142
18936,10.188047082345633
18937,2.8952915130898744
18938,-7.9076132807751645
18939,-8.074880843605856
18940,-8.018211280672828
18941,-2.1214649297559696
18942,-7.500651963372396
18943,2.1430854777395205
18944,-6.786200984071302
18945,3.878536504984718
18946,-8.110070026323768
18947,1.2466813009303013
18948,-7.4266120955773145
18949,-4.680707891306497
18950,-6.859096413913614
18951,-3.13914014127624
18952,-7.977085537059516
18953,1.5365505726613256
18954,-6.803393602868862
18955,-3.840880625601134
18956,-0.44425282058452076
18957,-8.294311902076442
18958,-3.167474411398924
18959,2.180409630316996
18960,3.1638876893971055
18961,-7.844274775892237
18962,0.3179536585554187
18963,1.4432382700378068
18964,-7.763139341788153
18965,-0.7019042026955213
18966,-5.771567422051876
18967,2.0329690105334923
18968,5.0050610277549445
18969,0.6419504972241481
18970,0.1777058722945446
18971,-5.098595851676175
18972,1.7254814515892005
18973,5.263213787710492
18974,-7.674989634237939
18975,-8.074880843605856
18976,11.086316815369948
18977,-4.178198928086003
18978,-0.43978745475993514
18979,-1.0113968711505905
18980,-6.786200984071302
18981,-2.9964609747517343
18982,3.6331300245583105
18983,4.216334433619274
18984,-7.968012466322932
18985,-1.9837620967010867
18986,-6.859096413913614
18987,0.1483648996275022
18988,-7.977085537059516
18989,-6.965320052596598
18990,1.7733030716657852
18991,-7.642767936116231
18992,9.331590983644766
18993,1.355941381375264
18994,1.136438946782597
18995,-6.0582027588927465
18996,-0.46374795982257644
18997,4.676416411322439
18998,-1.4567957399889322
18999,-5.54491604309512
19000,-7.763139341788153
19001,7.04126974708209
19002,-1.1590730420396862
19003,-2.9529689935231493
19004,-7.307912932900061
19005,4.390155394862264
19006,3.402501327837888
19007,-7.30583852267815
19008,-3.137034378765338
19009,-6.507597935282137
19010,-7.527372955912057
19011,6.450250965577284
19012,-4.926007480526261
19013,4.059261327752572
19014,1.3171536873449323
19015,1.4475396437480181
19016,-1.6526152080847694
19017,-6.8329598290703455
19018,-7.919197429204585
19019,4.145424025413114
19020,4.301666776913892
19021,-3.9568135756993104
19022,0.379422974452851
19023,-1.0563710046680321
19024,3.603725639054672
19025,5.301462814718764
19026,-2.4360653524898925
19027,0.37602498220749325
19028,3.1366266562372926
19029,3.6428047282446574
19030,11.3348434044632
19031,-8.084929358058876
19032,8.347059113035538
19033,0.08075615338593645
19034,5.606793253103539
19035,0.39768892899219677
19036,-2.758401013812199
19037,-7.8242520843664485
19038,0.3108656606494151
19039,-8.061544619590968
19040,-7.307912932900061
19041,-7.052196713680619
19042,2.199920923654799
19043,4.115852719820597
19044,-6.535132363023365
19045,1.5404272678928796
19046,-7.88303553249725
19047,-4.629173903227501
19048,-7.934590558790852
19049,-6.665884168609592
19050,0.3585841240387354
19051,-7.9119534758628065
19052,-5.374515038298017
19053,-7.3346898099588
19054,-0.6905868625994125
19055,0.7487863179343144
19056,-7.4844033645192045
19057,-7.750686056248443
19058,-6.859096413913614
19059,1.593593850298932
19060,-1.151805721289874
19061,-6.965320052596598
19062,6.071817094322353
19063,5.95072244915411
19064,-3.806442479860824
19065,-8.294311902076442
19066,-8.27587949471218
19067,-2.1043708566787283
19068,-7.989421600373484
19069,4.981977399759181
19070,1.8280607310939205
19071,3.9402750644755793
19072,-4.15896215568737
19073,-5.175172480588288
19074,2.272869847473855
19075,2.9614802489955334
19076,-7.063504864144002
19077,1.7765273410265214
19078,1.305974691823701
19079,-7.908483823336241
19080,-2.6645664205759654
19081,-7.253997285486902
19082,-1.9624828045671636
19083,-8.069125828253986
19084,-1.1346522837744284
19085,-5.594285353567379
19086,-7.500651963372396
19087,-1.0960840693080007
19088,-1.488591941558802
19089,0.10884120747867457
19090,-7.240672577023631
19091,-6.792802285332949
19092,-2.602534488411396
19093,-2.4973097319798114
19094,-0.1468263152113709
19095,0.08206309463653128
19096,-3.252558364878716
19097,-6.965320052596598
19098,2.810499712409874
19099,-4.141985207884743
19100,10.756115631974474
19101,-0.6547800611257271
19102,0.279028124849261
19103,-1.9834689612760834
19104,-0.3762471465329028
19105,4.0304807670961305
19106,-0.2836171677670952
19107,2.5113335531655565
19108,-1.5428218756825658
19109,-0.912684817497545
19110,-0.6888073295068609
19111,4.515689228742428
19112,-7.292678407535633
19113,4.651345128914811
19114,-7.890273818530095
19115,-0.06501929301941034
19116,-3.428003071153935
19117,-7.5859448031943275
19118,-0.5575617496328489
19119,4.1269312087457335
19120,0.7186463899886093
19121,-6.918865026909462
19122,-2.715260288413037
19123,-0.7658802236402162
19124,-5.93576604389788
19125,-2.9795662807473793
19126,3.215746877413797
19127,-8.091794430580475
19128,0.5836067805751233
19129,-2.102117660688882
19130,2.4331046058622294
19131,-7.835256396574218
19132,3.841532501239512
19133,-2.340240904118694
19134,7.968127672531961
19135,-7.470876881345198
19136,-1.2506021557396274
19137,-8.294311902076442
19138,1.925343512370428
19139,2.612236021240344
19140,-0.03224814557632584
19141,-8.043797069057625
19142,-0.516370654656922
19143,7.212403899026467
19144,-0.4258057841310521
19145,4.829644967848755
19146,-3.942506298617351
19147,-5.429442962230012
19148,6.774137752147627
19149,0.8590545928123662
19150,0.6865416039767325
19151,-0.7991577896384949
19152,2.1719483191063453
19153,-4.997643851982635
19154,2.660431781404011
19155,6.056324148921637
19156,1.0138386763899943
19157,-1.6300552746387567
19158,3.459445816119702
19159,-1.1623425263642326
19160,0.15741082082458158
19161,-7.783428838194778
19162,-7.276412877217787
19163,-4.372059327457354
19164,-8.194336558702144
19165,-7.750686056248443
19166,-1.5146850167703287
19167,1.2812479337009492
19168,3.630855965478327
19169,-0.46777749384859235
19170,-6.927278790372849
19171,6.142883391561934
19172,-0.9229854956303822
19173,-1.3883433570700732
19174,-8.27587949471218
19175,1.5467027281975732
19176,-0.4983582538189846
19177,-3.555983106994459
19178,5.14038069729005
19179,-6.811012133254438
19180,-7.270037979255607
19181,0.4969481388340069
19182,11.918009424808854
19183,-8.098015818756982
19184,-2.579517372878362
19185,2.880658195737148
19186,-8.08501388029147
19187,-4.356336272436343
19188,-8.316708257457252
19189,-7.247709395577666
19190,-0.173232492941511
19191,2.4421625383728554
19192,-7.165685723797734
19193,-6.918865026909462
19194,-6.208380259105289
19195,2.4684852458827633
19196,-4.781619864150208
19197,3.3738682655104872
19198,-8.131428421739313
19199,0.8673412013291314
19200,-8.194336558702144
19201,0.14500650297675133
19202,0.7551351089243293
19203,5.352852229369638
19204,-7.977085537059516
19205,-1.9391419724794252
19206,-2.8981236807125366
19207,-7.001751056314804
19208,-0.35956860288740833
19209,-6.911640010750652
19210,-8.27587949471218
19211,3.056046000913973
19212,1.4242240169252631
19213,-7.296366984354991
19214,-0.7973957553192801
19215,1.0880953806521578
19216,-7.194213362672385
19217,6.2070232165335
19218,1.9550876822824805
19219,3.7522345650466598
19220,-7.170030517309557
19221,2.114668425805403
19222,-5.547735977825819
19223,5.722024570934062
19224,-1.6407207218170803
19225,-1.0935754625778662
19226,-7.9076132807751645
19227,9.510559050569285
19228,5.675931658074467
19229,-5.774146777098111
19230,-6.4014632795718915
19231,0.9054202109338103
19232,-6.786200984071302
19233,-8.09766609843411
19234,-4.879439190723169
19235,5.1597530775759495
19236,-0.8862651493665195
19237,-7.680663080388871
19238,9.024674637837638
19239,0.6883789681343715
19240,-4.294087917526886
19241,-5.39002923673592
19242,6.436375498633479
19243,-0.983097554956931
19244,-0.49527708355941513
19245,10.778326371978716
19246,2.5816699121116224
19247,-8.217149534487083
19248,-0.48500674868020144
19249,4.370244175207208
19250,-7.442135112032565
19251,-7.219784582197768
19252,-7.823893479410163
19253,-7.960385737264608
19254,-8.093340009100572
19255,-8.102203381791247
19256,-6.540790894294299
19257,1.816426649545798
19258,-3.487258001008083
19259,0.0007837779010411161
19260,4.331271624668469
19261,-7.477665974234053
19262,-7.955568590190424
19263,-7.303361289680593
19264,-1.821417921744759
19265,3.3943759119790253
19266,5.700699541957798
19267,0.8145412138486638
19268,1.0737480607145091
19269,-8.072687083351939
19270,-7.744306062710433
19271,-4.961087353043178
19272,-8.194336558702144
19273,-7.750686056248443
19274,4.638151470402111
19275,-1.1970810530119413
19276,3.3810138890659553
19277,-6.815533301426167
19278,5.527798781993262
19279,-7.864753503204169
19280,-7.840635846440229
19281,-6.538452633452616
19282,-8.206300924015771
19283,-8.217149534487083
19284,-1.0520230957675074
19285,-6.741407057168527
19286,-4.11446546080021
19287,-7.219784582197768
19288,2.1280127723012012
19289,3.132979631337654
19290,-7.827683005546622
19291,2.0645079467325997
19292,0.8876781954317325
19293,-5.447901469068428
19294,-8.08501388029147
19295,-8.086993742473854
19296,-3.595577709546321
19297,-7.6988751858388
19298,3.1242495879126526
19299,0.7866530172660253
19300,-7.757542544434601
19301,1.2346307378476968
19302,-7.500651963372396
19303,0.17382002312190253
19304,-1.6651537095296245
19305,-0.6367187992384643
19306,-8.131428421739313
19307,-8.095600674091857
19308,-8.24308859230872
19309,-4.97141940396006
19310,3.215747611608214
19311,3.8407354511195164
19312,-3.91550609587517
19313,-1.9300242919248312
19314,2.7861885170121656
19315,-3.4739442095776543
19316,-4.100945127310339
19317,0.6144061624076812
19318,-8.27587949471218
19319,5.284314469344114
19320,-7.989421600373484
19321,-7.696616995745297
19322,-1.950807145918128
19323,-3.4722608494662337
19324,-4.620207713398479
19325,-7.960653648140501
19326,-8.093340009100572
19327,-1.8409317553535067
19328,-7.307912932900061
19329,-7.052196713680619
19330,1.3380455560830993
19331,6.569659966508299
19332,6.962204550772077
19333,2.2460779979244228
19334,0.823861079685482
19335,-8.074880843605856
19336,-8.018211280672828
19337,3.3753590366136814
19338,-7.012530370232753
19339,4.998866035179972
19340,-6.786200984071302
19341,-1.35903328262712
19342,-0.8151743488423838
19343,5.08891688829266
19344,0.765249977242155
19345,-4.3689571149474435
19346,2.8824550332542507
19347,7.241869652096208
19348,-4.042881549711315
19349,-6.965320052596598
19350,-6.927278790372849
19351,1.8658189977926127
19352,4.029069109901979
19353,4.779121403554106
19354,5.38505886981034
19355,-7.613795894307311
19356,-7.015470420140953
19357,5.285896934461592
19358,4.871813625388235
19359,-7.219784582197768
19360,3.163864303114358
19361,-1.6639710865466335
19362,-6.450404147253863
19363,1.2460054796433502
19364,-4.021042529968664
19365,-0.9632806070978229
19366,-1.0335557080725024
19367,-8.086993742473854
19368,2.9871697539218465
19369,0.0029380690486110472
19370,3.754443481390004
19371,0.8222342259057749
19372,-8.020630874015279
19373,-1.2658459591972462
19374,1.3019361995599628
19375,-6.399524555991868
19376,-0.3910746591248353
19377,-4.2461593527428985
19378,-3.9369399486926184
19379,-1.5721351049072974
19380,-0.5523077182993956
19381,6.42811793711666
19382,0.8839086091427177
19383,0.528401668202064
19384,0.34769962937500865
19385,-6.965320052596598
19386,0.302285144941596
19387,-6.814892214045887
19388,-8.274388876063302
19389,0.0030272294730820937
19390,-6.152052878698678
19391,0.12931862371676583
19392,-7.9025092816366564
19393,-1.1679095267456767
19394,-5.1113200639359535
19395,-7.135093357954124
19396,-0.03503698669625832
19397,7.593040453130062
19398,-8.093340009100572
19399,4.664538935940669
19400,-7.307912932900061
19401,-4.60207703977379
19402,-6.662378938819652
19403,-0.6094560746010191
19404,-8.316708257457252
19405,4.919362134390066
19406,-7.754553870975217
19407,9.763403353816738
19408,3.3663659120745564
19409,3.088114881461707
19410,-0.06999579014408597
19411,-1.6500686997782474
19412,-0.7000135043188827
19413,-8.09766609843411
19414,-7.526777058963518
19415,-2.388263430896483
19416,-8.21704609280485
19417,-7.750686056248443
19418,2.6948146002868
19419,0.010784878487232863
19420,0.36215088444801513
19421,-6.151749648289849
19422,11.31474120763286
19423,7.378149846562724
19424,2.006459612580976
19425,-0.05594699170082773
19426,-0.6801746915666826
19427,-8.217149534487083
19428,-7.35396490982741
19429,-1.5066641182878886
19430,-8.224287822573178
19431,1.5101373542230832
19432,-2.307030876035912
19433,-3.062339842485592
19434,-3.104725134368774
19435,-0.33124786421298547
19436,4.65190497560431
19437,6.309570503222265
19438,3.0005193366398633
19439,0.06337863924036558
19440,-1.1585205463612225
19441,3.990029094479296
19442,2.977747230710898
19443,-5.405064391929106
19444,-6.865617069622801
19445,2.261990768621798
19446,-4.494056035086863
19447,1.5827445304696866
19448,-6.786200984071302
19449,-0.9325583826292299
19450,-8.131428421739313
19451,-8.095600674091857
19452,-8.24308859230872
19453,-2.8932457301026315
19454,6.74881306867831
19455,-5.431150056786947
19456,2.062089838022274
19457,-6.965320052596598
19458,3.8358068149490574
19459,-7.5618795366666856
19460,-8.006301494619095
19461,-0.8514692365509577
19462,-0.6900469225417072
19463,-8.230949092089766
19464,-2.0842557852828674
19465,-8.198608177963468
19466,1.4963916179689751
19467,-7.219784582197768
19468,-4.8736416648149445
19469,-2.4875215367745076
19470,-8.093340009100572
19471,-8.102203381791247
19472,-7.307912932900061
19473,-7.052196713680619
19474,-8.28997265910329
19475,-0.8247372074656476
19476,-7.783055713422329
19477,-6.205124678865506
19478,2.83769366553362
19479,-2.9642621624877545
19480,-5.844313491495079
19481,-6.918865026909462
19482,-4.234024061030444
19483,-1.841015046566719
19484,-3.9985213952053265
19485,-4.060549438832961
19486,-0.13502963907862342
19487,-7.692221300203862
19488,-8.24308859230872
19489,-7.750686056248443
19490,-2.8876486684296383
19491,-1.8637313023089979
19492,-7.922996725349834
19493,-6.221110618800853
19494,-0.26026954498632726
19495,-7.935119508687956
19496,-8.274388876063302
19497,-1.4001642381972692
19498,-0.4168676601009029
19499,0.22621611269586506
19500,-1.5696709802056366
19501,-5.390358012084832
19502,-8.224287822573178
19503,-4.9195047792645745
19504,-3.686319865375033
19505,-7.960653648140501
19506,-8.093340009100572
19507,0.4518766628901978
19508,-0.8603590908734614
19509,-7.052196713680619
19510,7.4835945235295975
19511,-4.167771610547625
19512,-8.316708257457252
19513,8.400134882906496
19514,-7.098930119297527
19515,-1.4937953584713959
19516,-8.020630874015279
19517,-1.4783135923647133
19518,4.247975754444378
19519,-7.914902527332229
19520,-6.786200984071302
19521,4.021507148244757
19522,-3.6886188510188713
19523,-1.2209295683893278
19524,-8.092870485042399
19525,-7.487196871744966
19526,-2.472241920216982
19527,-3.3435932003401434
19528,-7.977085537059516
19529,1.0493633665042004
19530,-1.5588098112314979
19531,-2.814375352013254
19532,6.201943696222514
19533,-0.7248001728576483
19534,7.390398573049913
19535,-4.191026600920643
19536,-6.664378513612456
19537,-8.040641028250423
19538,-7.126519156406175
19539,-7.219784582197768
19540,4.717075904767861
19541,3.5880844681185478
19542,-0.49620945843820263
19543,-8.102203381791247
19544,-1.1128534017298295
19545,-0.31396440605546827
19546,6.0648816473478595
19547,-8.086993742473854
19548,5.561932856626754
19549,-7.6988751858388
19550,0.38143585734618934
19551,-7.4504666175530065
19552,-8.020630874015279
19553,-6.918865026909462
19554,-7.500651963372396
19555,-7.3322019628499175
19556,-6.786200984071302
19557,-8.09766609843411
19558,-8.119261821716758
19559,-4.707436721721285
19560,-7.7568403594267945
19561,1.216354100445862
19562,1.9409343021055676
19563,6.445059283477379
19564,-0.9082835353938488
19565,-2.5481367184672252
19566,4.313398340208755
19567,-2.1742753577280935
19568,-6.974800767550623
19569,-7.98523999144004
19570,-8.27587949471218
19571,-7.098063908089829
19572,-7.112045196794661
19573,-8.110018725312342
19574,-6.508284123132622
19575,-0.515531320487794
19576,2.740940163132741
19577,3.2092292630651214
19578,-5.949516256721768
19579,-8.102203381791247
19580,7.372935866993107
19581,-7.052196713680619
19582,3.0133133464954005
19583,-4.686487713128869
19584,-7.802318835758454
19585,-6.273700810895087
19586,-1.3259957089445562
19587,-8.065033219594532
19588,-3.787600764472042
19589,1.5946477151954959
19590,-5.823659804983244
19591,-0.6655870692134329
19592,7.10390836619602
19593,0.3319578949238322
19594,-8.08112982293258
19595,-7.457015629547886
19596,2.582777442371598
19597,-0.34013162782383066
19598,10.119894344926639
19599,-7.857210860363656
19600,6.107108398379825
19601,-6.965320052596598
19602,-2.3577430600504266
19603,-7.58432779314966
19604,-8.274388876063302
19605,-8.294311902076442
19606,-0.11236093293678251
19607,1.4437653905062033
19608,-7.989421600373484
19609,-0.28019462338597956
19610,-1.2767484128109197
19611,1.9407918372339845
19612,-1.1840097125054785
19613,-2.249429866638316
19614,0.3354343522056624
19615,-8.091257925372485
19616,-2.0018259982255184
19617,0.833828424768298
19618,-8.271700929859435
19619,-3.5029866568696786
19620,7.273144667001542
19621,-1.1380498883686951
19622,-8.29394717359297
19623,-3.0807654059940766
19624,-8.020630874015279
19625,-6.918865026909462
19626,-2.9222550682582544
19627,-7.914902527332229
19628,-1.9715751035740645
19629,-8.09766609843411
19630,7.111828118753023
19631,-7.048251320448427
19632,-0.8690379255564219
19633,-4.479593333090717
19634,-0.19369302678639677
19635,-7.857210860363656
19636,-7.720133543934469
19637,-6.965320052596598
19638,-6.927278790372849
19639,4.9369655955075125
19640,-0.9296765941544088
19641,0.9194181568953624
19642,2.2549556626313207
19643,-8.230949092089766
19644,-0.7473331786521372
19645,-7.9622660349830845
19646,-8.224287822573178
19647,-7.218148729877368
19648,-3.8407343728054286
19649,4.869517731857178
19650,-8.093340009100572
19651,8.841017364439491
19652,-1.0812647243036109
19653,5.007212676814615
19654,-0.6589962100424958
19655,-0.23157686679664868
19656,2.2194389164394446
19657,1.2065174331749027
19658,6.709674476623116
19659,-3.206672481169992
19660,5.4918169575402125
19661,-6.918865026909462
19662,1.8059051676382225
19663,-7.914902527332229
19664,-6.526454657498772
19665,-7.288277688094778
19666,2.258219530429744
19667,-0.7928688338636041
19668,-8.258098198945513
19669,0.7884351063260131
19670,-6.859096413913614
19671,-7.940176186984245
19672,-7.972241383639784
19673,-2.155345711650907
19674,1.2188423626338776
19675,0.48726203910361265
19676,6.70992914952045
19677,-7.336783651819022
19678,5.514228877240775
19679,-0.6378137857167601
19680,-7.3828371900331975
19681,-8.198608177963468
19682,-7.893372479011712
19683,-6.84870617823165
19684,1.509116836050935
19685,-0.005139585327457397
19686,-8.093340009100572
19687,4.404392168997131
19688,-7.307912932900061
19689,3.146811390041478
19690,-0.11093766602436972
19691,-3.592076797237208
19692,-8.316708257457252
19693,-1.4404372883285272
19694,0.7827829734491896
19695,0.477813739843838
19696,-8.020630874015279
19697,0.18444983318486674
19698,5.161311418618753
19699,1.5126139494865098
19700,-5.11677300941988
19701,-7.921003770490982
19702,3.4051476426359124
19703,-1.111200331482511
19704,-2.6543292977679838
19705,-7.750686056248443
19706,-2.158981671862526
19707,-0.9475451351001967
19708,-7.977085537059516
19709,-0.579627661583455
19710,-2.120344634000816
19711,-6.860037333014745
19712,-0.33254810505715326
19713,6.139190756894346
19714,-7.65243394837616
19715,-1.8022625343482228
19716,-7.989421600373484
19717,-2.9202104183876383
19718,-4.4472993523496696
19719,4.522169365980233
19720,1.0432386124083326
19721,-6.152024980853467
19722,-6.344768934796239
19723,0.8990157898402757
19724,-1.7112036792719345
19725,-0.5239444589700035
19726,1.1488881723736362
19727,-1.4534975173367148
19728,-1.3701508135698575
19729,0.5486488925702713
19730,-8.218008055755451
19731,-8.074880843605856
19732,-8.020630874015279
19733,-6.918865026909462
19734,-3.240577133346193
19735,1.7984794205172039
19736,-6.786200984071302
19737,1.196403172394512
19738,-0.3110009039465852
19739,2.0829660621733477
19740,-6.013408046808719
19741,0.03941034265538568
19742,-6.850785129606989
19743,2.3440311037090855
19744,-7.977085537059516
19745,0.43701905935360963
19746,1.6965276365316546
19747,-7.882132877741542
19748,6.183149494805022
19749,3.293539355008816
19750,-2.7206628547879315
19751,4.52706042021369
19752,-7.3208392855594715
19753,4.1343496908298505
19754,-0.5787349886393969
19755,-6.994233310875368
19756,-5.395764495139395
19757,3.4072879445049513
19758,-7.7876184437196745
19759,-8.078354120203583
19760,-0.6929190050163243
19761,-0.4461120592210528
19762,0.18423428899451677
19763,-3.9178856599225544
19764,-7.520464302190331
19765,-7.542809945809616
19766,-8.29394717359297
19767,-1.2354788906388245
19768,1.1068389073196343
19769,1.4838283726090054
19770,3.216438921733574
19771,-7.914902527332229
19772,-2.1564096802889066
19773,-8.09766609843411
19774,-8.125773485460543
19775,-2.7482671114508594
19776,-8.374713259050234
19777,-7.750686056248443
19778,-3.1777252265312086
19779,1.6125634254078083
19780,-7.11196207803234
19781,0.6912594736675894
19782,-0.593702922546703
19783,-7.794323035660848
19784,-8.274388876063302
19785,9.064377145877955
19786,-8.27587949471218
19787,0.9063764669550873
19788,-1.8539368276868942
19789,-1.007989701111895
19790,-8.224287822573178
19791,-0.6095212970560413
19792,-7.823893479410163
19793,-1.3343300598523262
19794,-2.950617279692471
19795,0.23934763441324525
19796,-1.3743623711190498
19797,7.152831052581976
19798,-8.28997265910329
19799,3.687688444347666
19800,-8.3656148388301
19801,-7.6988751858388
19802,-5.673541507332406
19803,0.23701539895360435
19804,-6.23713600177404
19805,0.15366170592066086
19806,-7.500651963372396
19807,4.0287462055124905
19808,-2.13959365638855
19809,-2.3670997474188575
19810,4.40448398990627
19811,4.157124344699065
19812,4.550989484398555
19813,-7.514359774116946
19814,-0.4159404811119056
19815,1.3281207755597357
19816,-7.977085537059516
19817,1.9959164819939503
19818,3.865044851652076
19819,0.5906376108346362
19820,3.086614231560077
19821,-7.755670199179106
19822,3.778887034336415
19823,0.5918780776112946
19824,-7.989421600373484
19825,-8.055969388646828
19826,-4.0247221912313424
19827,1.297043679677482
19828,-2.1553283706509943
19829,-1.9620256956350028
19830,-8.093340009100572
19831,1.3522805685045403
19832,-7.307912932900061
19833,-2.196214396497631
19834,-3.5664065485245064
19835,2.4472318837555758
19836,4.57671527573033
19837,6.920117298615309
19838,-8.29394717359297
19839,-8.074880843605856
19840,7.332832092151841
19841,3.066187103180418
19842,-0.3990524044080028
19843,2.8232100190174254
19844,2.8242932190698804
19845,-3.013934692244489
19846,-4.803459389128617
19847,-8.095600674091857
19848,-4.928557359709625
19849,-3.6028877906899552
19850,-6.479713490583292
19851,1.8764642257892414
19852,3.5644487023619504
19853,-6.965320052596598
19854,-6.107420720869707
19855,-7.935119508687956
19856,-0.29341522576903767
19857,1.168748951949139
19858,-0.9167590985410543
19859,-1.5719938400110913
19860,0.8011306489913927
19861,1.036352656405575
19862,-7.430376236919829
19863,-7.139945225307871
19864,3.8053470832259046
19865,-3.8845918058785696
19866,1.4989485747928142
19867,-3.190467985080253
19868,5.168410290560262
19869,5.098508612574282
19870,-4.568665100960724
19871,-0.8267726020343059
19872,7.449098494443322
19873,-7.6988751858388
19874,1.205277637284549
19875,0.32853887379039515
19876,2.572822780111352
19877,-3.1689689633111913
19878,-7.500651963372396
19879,-2.2192629652114237
19880,-1.711627605583308
19881,-6.923279686119116
19882,5.059683638248032
19883,-8.095600674091857
19884,4.607020594291681
19885,-0.383537186715567
19886,-2.635286564032918
19887,-7.940176186984245
19888,-0.6490659286849843
19889,0.4326392006427209
19890,3.344442721243672
19891,1.275952359925029
19892,-6.815741517794791
19893,-8.282161262425987
19894,1.1577573715967466
19895,0.4416571642538758
19896,-3.126485024774306
19897,-1.7022065220452296
19898,-2.1091092704884993
19899,-7.219784582197768
19900,1.9949622905429372
19901,-4.469875953535132
19902,1.0566653376110309
19903,2.3083753181168656
19904,3.7341514362354813
19905,-0.4990223536959468
19906,0.6473001585480795
19907,-2.2619889314087946
19908,-7.515823843015321
19909,-5.819805239468055
19910,-5.713321733573049
19911,0.979196789301151
19912,-8.020630874015279
19913,-6.918865026909462
19914,-7.500651963372396
19915,3.722403565114898
19916,-6.786200984071302
19917,1.79765316703353
19918,-0.7562575978995677
19919,-7.6356220173281955
19920,1.3560024334610672
19921,-1.5204300369473676
19922,-3.9781934621269586
19923,-7.940176186984245
19924,-7.977085537059516
19925,13.400338141654593
19926,-6.927278790372849
19927,-7.717648190929663
19928,-8.274388876063302
19929,1.7727543678333433
19930,0.5134253986166863
19931,-4.942049826480633
19932,-4.0108432095931486
19933,3.422037436258807
19934,-0.996464709409544
19935,1.3682126342016212
19936,2.1989529982040374
19937,-6.174598114622194
19938,-7.476823899958581
19939,-0.704670561613314
19940,1.9138560573826155
19941,2.232461503002834
19942,-7.982098435549158
19943,-1.8138995450774489
19944,12.555364863128606
19945,5.261294531876583
19946,1.680256901167046
19947,-6.520302398948711
19948,-8.020630874015279
19949,-6.002218690256848
19950,-4.442707576555071
19951,-1.6591744293583357
19952,-6.599135833598943
19953,2.970076856792428
19954,0.11128026701986254
19955,0.5278613236491505
19956,-8.317146528838707
19957,-0.06784471751017307
19958,-6.859096413913614
19959,-4.561486911142908
19960,-2.76195808196094
19961,-5.495732405978599
19962,3.321363841771003
19963,-7.798588153971424
19964,-8.274388876063302
19965,-8.216205699731773
19966,-8.27587949471218
19967,0.8508111742239608
19968,5.15969115719144
19969,-8.124027646643455
19970,-2.8650801832115933
19971,-6.533980912509467
19972,-4.450221014843992
19973,0.3635795365304262
19974,1.3761731889210582
19975,-1.6196883354153906
19976,-7.307912932900061
19977,-2.1896404942446974
19978,-3.670546750532003
19979,-1.099653491367898
19980,4.773170143161188
19981,-7.6988751858388
19982,-8.29394717359297
19983,-8.060517883448393
19984,-4.5135620866626
19985,3.039210167630431
19986,13.252093895382732
19987,-0.03299946334734627
19988,0.683527757135981
19989,-8.09766609843411
19990,-2.0427590974292813
19991,-6.529251078782678
19992,4.129973162905337
19993,-3.3614553298333605
19994,-6.466441909895513
19995,-3.8623520084258516
19996,2.2063538412233594
19997,4.0925592334487195
19998,-6.253719879940772
19999,-1.3893172313130926
20000,-3.3630435293333134
20001,-1.7984481936270935
20002,1.4911715637603358
20003,2.395605789337057
20004,-1.242637822090444
20005,5.699891616205679
20006,-2.0213730574986526
20007,-6.41907087363925
20008,-7.823893479410163
20009,-7.960653648140501
20010,2.6016286754242475
20011,3.161355890432287
20012,2.5064571928206814
20013,3.2871253312711746
20014,5.995756738667235
20015,-8.086993742473854
20016,-3.666675572003601
20017,-3.966243135839602
20018,-8.29394717359297
20019,-2.3112641595774637
20020,-8.020630874015279
20021,-6.742659605838795
20022,-7.282026925143677
20023,-7.914902527332229
20024,6.766379130901614
20025,-7.846392204621402
20026,-1.1119227133403922
20027,-8.095600674091857
20028,9.303539331910427
20029,-7.697198251132368
20030,-1.0392908860309593
20031,-7.244703255944446
20032,-6.837432798432101
20033,-1.936088979836483
20034,-2.4766924132994705
20035,-1.1620369964587922
20036,-3.0239487048973066
20037,7.49651539373407
20038,-8.27587949471218
20039,-8.181761343638943
20040,-0.09228405248386418
20041,0.08180545732163425
20042,3.122890138916431
20043,-4.636376590026085
20044,-7.823893479410163
20045,1.1632999258039916
20046,5.9157428484597325
20047,0.16101557500375366
20048,-7.307912932900061
20049,-0.6131708782428609
20050,0.4387060132090417
20051,1.5572471969990236
20052,5.8280726189156535
20053,-0.0684166129157493
20054,7.754154384793285
20055,2.5649037069970366
20056,3.1242034954599642
20057,-6.918865026909462
20058,-1.450033480335745
20059,-1.1839613337313697
20060,-4.933685691545706
20061,-0.6260908474814566
20062,-2.90191278761207
20063,-8.095600674091857
20064,-8.308016894735793
20065,-1.0581535272213631
20066,8.326808083970949
20067,6.029686092220917
20068,-7.758088473666407
20069,4.7568898879095425
20070,-6.927278790372849
20071,-7.935119508687956
20072,-8.274388876063302
20073,5.648964466975613
20074,-8.27587949471218
20075,-3.986392345664245
20076,-4.717862204456795
20077,-6.611408722028319
20078,-8.224287822573178
20079,-2.4638168628043005
20080,1.2075845723318626
20081,6.3295818376826105
20082,-2.8333628788930216
20083,-8.102203381791247
20084,-0.7083597101221899
20085,4.697034960658614
20086,-3.6257741870768703
20087,-7.607835641573197
20088,-5.935835118396772
20089,-0.23416077373804756
20090,1.2769439616639524
20091,3.924907625227307
20092,2.442237054188696
20093,-6.3500343410629885
20094,-7.500651963372396
20095,-3.0529169438210753
20096,-6.786200984071302
20097,3.849234473018839
20098,0.6563483692398153
20099,7.024920802588348
20100,-1.351223738161004
20101,-2.489495254653137
20102,-6.676716073852073
20103,5.712027176390862
20104,2.342593233254515
20105,-6.965320052596598
20106,4.632419476594609
20107,6.668073631480557
20108,-1.8591723799622155
20109,-7.872620216446827
20110,-3.230428886277526
20111,10.829206179852623
20112,-0.9659521206019979
20113,-3.7469095979884277
20114,3.5937095015136666
20115,-7.229644594240437
20116,3.5978329991395337
20117,-7.018091832772374
20118,-0.4643965161705659
20119,-8.102203381791247
20120,-7.307912932900061
20121,3.974265034819739
20122,-1.1303925915186768
20123,4.820186426994189
20124,-8.374713259050234
20125,-7.6988751858388
20126,1.0487760988763064
20127,-2.5865935987031135
20128,2.1073426827153976
20129,3.110737030302702
20130,-7.500651963372396
20131,-1.6456655548329087
20132,-6.786200984071302
20133,0.563485640166242
20134,0.5011892942407703
20135,-0.6798492727057273
20136,-8.317146528838707
20137,-7.7703712300810075
20138,-6.859096413913614
20139,1.7435600005017005
20140,-1.1419203354830831
20141,-2.4798189104241435
20142,-6.927278790372849
20143,-2.210531253815779
20144,-0.8272375818167195
20145,3.193561051983682
20146,-8.27587949471218
20147,2.5986953325544806
20148,-1.5235465286009786
20149,-1.8517290916845295
20150,-4.826792823634878
20151,1.1047730386194927
20152,-7.456735539072006
20153,-7.751607383580013
20154,-2.361919563984171
20155,0.27083929591334566
20156,-0.5252261151014492
20157,10.645044408615886
20158,-7.921653515444305
20159,6.244166564712561
20160,-1.481601270469553
20161,-1.623532985159211
20162,0.793721745959439
20163,-8.074880843605856
20164,4.10868196025676
20165,-5.301373566364504
20166,-1.9076880294894543
20167,-7.805258183448196
20168,10.516230988153435
20169,-1.417613356571715
20170,-7.760925449979085
20171,-8.095600674091857
20172,3.1775330344510917
20173,4.050084001557797
20174,-3.8707218124326737
20175,4.262821368588089
20176,-7.977085537059516
20177,-6.439305872388133
20178,1.8778189415285627
20179,-1.0188925412411605
20180,-8.274388876063302
20181,-8.294311902076442
20182,-8.27587949471218
20183,7.284428913748916
20184,-7.989421600373484
20185,-1.0960069693501802
20186,1.7147234067530333
20187,-7.197255396491885
20188,-1.413704648492998
20189,-1.422071898311214
20190,-7.626020213318077
20191,-4.793640850999237
20192,3.221582883393781
20193,0.6504852458587195
20194,-8.28997265910329
20195,-2.9240497478017926
20196,-8.080045292819044
20197,-7.6988751858388
20198,-8.29394717359297
20199,-4.339800268128234
20200,-0.30117084418592743
20201,-6.855803214532566
20202,-4.517918006007232
20203,-5.001075150259767
20204,-5.797331836066587
20205,0.4294922713204321
20206,-3.649237309153052
20207,-0.4685749625250777
20208,-2.8574255748944144
20209,4.664635344756683
20210,-1.277411632804554
20211,-5.910375454506157
20212,-7.977085537059516
20213,0.6461684360240534
20214,5.852071313698823
20215,-3.025211445785825
20216,2.365854428350871
20217,-0.8455522104011924
20218,-8.27587949471218
20219,1.3119935027467156
20220,-1.6276364795987392
20221,-6.953026399911106
20222,-1.6807971267072486
20223,-7.229644594240437
20224,-7.823893479410163
20225,-4.122233334697711
20226,-3.135963649921595
20227,4.5287355953581665
20228,0.20672814221757774
20229,-4.567178579473332
20230,-1.5024386838290347
20231,0.23820545174268723
20232,-0.40277704050533325
20233,-3.7210024006950357
20234,-4.273289409103979
20235,0.2139348912320851
20236,4.66275294599847
20237,-2.9377422429773987
20238,1.4590872590659245
20239,-7.182424288007658
20240,-1.517007561135592
20241,-8.09766609843411
20242,3.4354494559026505
20243,-6.328380532727918
20244,-4.051669923975393
20245,-4.575231301285909
20246,-6.63500569721668
20247,-5.192415030336608
20248,-7.977085537059516
20249,0.39732792585029353
20250,-6.927278790372849
20251,-2.8802129482127383
20252,-2.3671026255771452
20253,-7.725461730556586
20254,-4.637296201196213
20255,5.423063914679162
20256,-1.2055774739434488
20257,3.7740034515117764
20258,-2.23339775306946
20259,-6.4885934431592815
20260,-7.823893479410163
20261,-7.960653648140501
20262,-7.187176162601441
20263,-7.629408739741084
20264,-7.498513270961229
20265,-6.8833037678559315
20266,-0.8399804679884741
20267,7.761861457388252
20268,1.1034939705489903
20269,1.6213496706179105
20270,0.6584557724395116
20271,1.847178906078117
20272,-0.43572276548625755
20273,-2.1496120112489554
20274,-0.40585173735366586
20275,-3.939652934427032
20276,-0.23285229898026372
20277,-6.464197991546958
20278,1.3218034097711624
20279,3.8578950847701803
20280,-8.317146528838707
20281,4.140119199656867
20282,-6.867248828090512
20283,-7.940176186984245
20284,-7.977085537059516
20285,-2.4628983900332537
20286,6.7950492740297275
20287,-7.935119508687956
20288,-8.286229728067461
20289,-0.18786319380938932
20290,-8.27587949471218
20291,5.468725304196951
20292,1.2155365234036155
20293,-6.759812487895701
20294,-8.224287822573178
20295,-2.108985711739872
20296,4.288255119258549
20297,-5.966482076386077
20298,-6.968479776663787
20299,-3.1386628594058843
20300,-7.498513270961229
20301,-0.6391028386205821
20302,-8.28997265910329
20303,-3.1831182970760183
20304,-6.767563544579068
20305,-0.6090187751447327
20306,-2.4605151752851113
20307,-7.526211981267861
20308,0.40556327761958755
20309,-2.1144385514585213
20310,-7.500651963372396
20311,-7.914902527332229
20312,2.0912427533605924
20313,3.636014792533839
20314,0.9762545557841804
20315,-2.3782337169080527
20316,-8.317146528838707
20317,-7.465032455862265
20318,4.343463105676395
20319,-0.2657799455185743
20320,-0.7787211141524484
20321,-6.965320052596598
20322,3.595189579933911
20323,-7.652997629478486
20324,-4.5005734140830125
20325,3.250762882299179
20326,1.8909525226499748
20327,-2.09106582368266
20328,-2.2799936850052585
20329,-8.075353477406727
20330,5.062566347156298
20331,-7.229644594240437
20332,-6.941968163867438
20333,1.655726740850734
20334,-0.47634422954921085
20335,-1.16609538206594
20336,-3.2969159709779254
20337,-6.035428655574105
20338,-2.1857321474952114
20339,-1.0302246955830747
20340,-8.337316810486069
20341,3.7194184761657763
20342,1.467174426583134
20343,2.176490925849359
20344,-8.00928871556319
20345,-1.5190194949594393
20346,-7.500651963372396
20347,-7.914902527332229
20348,-2.2813598599806237
20349,-5.324598024490391
20350,0.8456910731514076
20351,4.362536034268836
20352,-8.317146528838707
20353,-7.761501986085374
20354,-2.591937069432659
20355,4.607440417758614
20356,-4.657640815006051
20357,-5.152030818093337
20358,-6.927278790372849
20359,-3.0575807666059873
20360,3.7454829398481455
20361,-6.961094951196626
20362,-0.7942911082985553
20363,-3.3402641425696373
20364,-7.943262689641841
20365,0.7187018847420444
20366,-0.5959375661715414
20367,-7.229644594240437
20368,-7.823893479410163
20369,4.161731619044304
20370,-1.0910380472898922
20371,2.030970644214725
20372,0.14998872792162254
20373,-6.923472166748607
20374,-7.471083774026471
20375,-8.086993742473854
20376,-7.859756775426458
20377,-7.6988751858388
20378,6.302667639407354
20379,3.6953836651298397
20380,-0.23951686540573425
20381,-0.7598107577027409
20382,4.809008841642461
20383,8.731056402694966
20384,3.607104367958905
20385,-8.22937906001593
20386,-1.410370224662152
20387,-8.095600674091857
20388,-2.095942858564578
20389,2.563296391896412
20390,-2.44030714416398
20391,-1.664895388991496
20392,-1.6758866293988592
20393,0.6818866722108479
20394,-6.927278790372849
20395,-4.951542440076956
20396,0.5724697110679262
20397,5.284232364568326
20398,-8.27587949471218
20399,-1.314018465664536
20400,-0.36334032081292
20401,-2.8523298057756894
20402,6.090752898753706
20403,-7.229644594240437
20404,3.802427744207166
20405,-3.3015701620280087
20406,0.7388103988064796
20407,-8.102203381791247
20408,-7.480561800669091
20409,-7.045241296610518
20410,-3.2093180870643425
20411,-6.4278891579975195
20412,-0.3676231540030611
20413,0.14163494590682435
20414,-8.296211032136139
20415,-1.4852804125322598
20416,-8.020630874015279
20417,-1.579019684927487
20418,-7.482718117880828
20419,-0.26125479904319676
20420,-1.5515315769147748
20421,5.698208894135615
20422,-8.36948392417637
20423,3.654284180765913
20424,5.899108879402568
20425,3.113392262924067
20426,-6.867248828090512
20427,1.1566291309965373
20428,3.0492137199570597
20429,-1.0945246936427426
20430,-6.618266825951967
20431,1.1898254850105519
20432,-0.8817207760890706
20433,-8.294311902076442
20434,4.244682618805974
20435,-6.602577665486246
20436,-6.307469764268408
20437,-6.280300745421888
20438,0.08423036692227526
20439,-0.4897194377323373
20440,-1.5348746978780898
20441,-0.5376593137590273
20442,-8.02694129874054
20443,2.3216037589464547
20444,3.8183679154115167
20445,1.103668194579857
20446,-8.28997265910329
20447,3.610154291611635
20448,-1.260924761249826
20449,8.821126708127675
20450,-8.296211032136139
20451,0.3817355608551638
20452,-2.0603807232100975
20453,-2.1106685428906276
20454,-5.760325113158022
20455,-0.1352277676990079
20456,-2.887820541526694
20457,2.215895707734577
20458,-8.36948392417637
20459,-7.647976904174033
20460,-6.247761678254891
20461,-7.7703712300810075
20462,-4.966331947752158
20463,-4.814688542474084
20464,-7.977085537059516
20465,1.494290000499566
20466,-6.927278790372849
20467,5.312555510885059
20468,0.4031317828972245
20469,-0.05194662866425026
20470,0.13577377368513616
20471,12.357268604719923
20472,4.7830960773612485
20473,2.8255899150231656
20474,2.2821028904973573
20475,1.0460856514885999
20476,-1.4841361995099907
20477,-3.247953221071504
20478,-0.1534762959831788
20479,5.067237318291111
20480,-7.357318896119795
20481,-6.648068572182954
20482,6.319414233695281
20483,0.008349542745808458
20484,-8.374713259050234
20485,-2.017946066511468
20486,-1.7644448438208251
20487,1.2408646531733276
20488,5.625744961931
20489,-0.12311055268419002
20490,0.9407702442826454
20491,-7.914902527332229
20492,-6.786200984071302
20493,-1.7182561681300312
20494,3.7159714452890937
20495,-8.095600674091857
20496,-8.317146528838707
20497,1.4160702747706726
20498,-6.867248828090512
20499,-5.444046508698061
20500,-3.0837862757479364
20501,3.016948120489632
20502,-6.049817472051819
20503,-7.935119508687956
20504,1.4630318669082516
20505,-8.294311902076442
20506,-0.45811683413539495
20507,-0.5435833594150701
20508,-1.8945843206357218
20509,-6.52583239124293
20510,-8.224287822573178
20511,-3.612904126029049
20512,2.683664838283665
20513,-0.926484561356568
20514,-8.093340009100572
20515,-1.6757734796534542
20516,-6.643919191689319
20517,4.418085375037208
20518,-8.28997265910329
20519,-8.086993742473854
20520,-8.374713259050234
20521,-3.281205424351124
20522,-8.296211032136139
20523,-1.7537172383088677
20524,-1.8035983640948379
20525,-7.351675024542225
20526,-3.1035526723629556
20527,3.1057529805308524
20528,0.2103128034023629
20529,1.196394186324751
20530,2.648935336914163
20531,-8.095600674091857
20532,-5.529334903251572
20533,-7.129550734307907
20534,2.8395916462404562
20535,10.42003724180206
20536,3.601824968323101
20537,1.31562462740798
20538,1.6078108308072747
20539,-7.935119508687956
20540,-3.731748234200167
20541,0.6305477950087243
20542,4.1652958747429505
20543,-8.230949092089766
20544,-0.27444875101899535
20545,-3.9598807623482823
20546,-0.37243647240987876
20547,-7.229644594240437
20548,-7.823893479410163
20549,1.3731451306461615
20550,2.2052445853219096
20551,-8.102203381791247
20552,2.8809582651626666
20553,-7.052196713680619
20554,0.19923771478123165
20555,1.205023866065808
20556,-8.374713259050234
20557,-2.469306856234203
20558,-7.758624592439288
20559,-1.9417131482655048
20560,-2.224348355437931
20561,-7.351675024542225
20562,4.756829415247603
20563,-1.1851001080193795
20564,-1.938309135365977
20565,2.3408220675534355
20566,0.6334705140199486
20567,4.84676714102218
20568,-8.317146528838707
20569,-7.792676628571468
20570,2.005970942098992
20571,-1.986665336668655
20572,-1.1833853018318148
20573,0.49268370659817157
20574,6.081294729710038
20575,-5.451144011392609
20576,-7.1281841111330655
20577,-3.381215843529084
20578,-1.3820393623467648
20579,-1.1512823008961077
20580,-2.5398780345548104
20581,-0.7531965289546352
20582,4.685486926659534
20583,2.075888441381685
20584,-3.1903114372815855
20585,5.330346453811821
20586,1.1869106765521733
20587,-2.5918290627770446
20588,-7.498513270961229
20589,2.385844041122655
20590,1.0088745464771294
20591,-7.8067440101130705
20592,-0.5720336235019956
20593,-7.6988751858388
20594,-7.610644172267968
20595,-0.7743420225985664
20596,-6.214123606394206
20597,6.002730203168594
20598,-1.151178761065955
20599,-2.4173443816582023
20600,4.2141463805212585
20601,2.998518711472373
20602,-2.2232920861549728
20603,-8.095600674091857
20604,-3.5246863894527527
20605,0.8442264319022083
20606,-0.8131355721744704
20607,-7.940176186984245
20608,-7.792097368613005
20609,-6.9293746305216795
20610,-3.900264407083337
20611,-6.902384395073169
20612,-7.200631382590804
20613,-2.357541749572893
20614,-0.30609382811701347
20615,1.0533396354137374
20616,-7.732279863783647
20617,-4.618410670177235
20618,-8.224287822573178
20619,2.2728381872632704
20620,11.325515281031262
20621,0.2173727528368996
20622,1.363661459718462
20623,-8.20417977719338
20624,-2.820743903761742
20625,7.303132436418613
20626,-8.28997265910329
20627,6.799015212063528
20628,-8.374713259050234
20629,5.135007629421816
20630,3.4761765943531877
20631,-5.936562591846417
20632,-5.636304863802029
20633,-5.874449398778664
20634,-3.7184456748250083
20635,3.5013646172646835
20636,0.38981549528804127
20637,-4.918553358416812
20638,0.8172695514306783
20639,-0.097193234616469
20640,3.4516371309691043
20641,0.02106580038951078
20642,1.1223380634248286
20643,3.797770258859521
20644,-7.812823078836338
20645,-0.6128116115401254
20646,-0.4687038730897428
20647,-7.935119508687956
20648,-8.286229728067461
20649,-1.7774326536421654
20650,-3.122719299947683
20651,-2.449658188709563
20652,-0.43561566528894424
20653,3.910370286675616
20654,-0.26651783731511836
20655,-7.229644594240437
20656,-7.823893479410163
20657,-7.960653648140501
20658,-2.7918286312726703
20659,2.230633522738344
20660,2.5471747831007043
20661,-7.053586651460722
20662,3.932161686555005
20663,-3.9621719181759616
20664,0.38752433398099084
20665,9.649775000400329
20666,0.599970748012574
20667,1.4145585506818894
20668,-2.4131055276426148
20669,-1.796601536733046
20670,-7.0101926720308265
20671,5.255857279562408
20672,-1.0954167223390339
20673,4.66774615222627
20674,2.467046562271036
20675,-8.095600674091857
20676,-8.070841511766268
20677,-0.8432974524116907
20678,9.418975852525577
20679,0.2941323592821101
20680,-7.9368485531791535
20681,-0.6031569082402983
20682,2.6578522340132116
20683,-2.5618730972984247
20684,-7.864162797738663
20685,-8.294311902076442
20686,-6.893815360053588
20687,-7.969913512178177
20688,3.294962532649773
20689,1.8896491813385292
20690,-0.7569858191081394
20691,-7.082993571913991
20692,5.225401504095613
20693,-0.7279117703778234
20694,-0.09149610968863509
20695,0.7315742359808164
20696,0.48974699657082943
20697,-1.2795113480448592
20698,8.445062495205171
20699,-8.086993742473854
20700,-1.2528699395026264
20701,-2.8907479062853243
20702,-0.7233101185453833
20703,0.9062098645552343
20704,2.0250404236197186
20705,3.8802401300715927
20706,11.912439755195438
20707,-7.914902527332229
20708,3.0105948748160047
20709,-8.22937906001593
20710,-8.36948392417637
20711,-8.095600674091857
20712,-7.8737961540853965
20713,-7.792676628571468
20714,-6.867248828090512
20715,-7.940176186984245
20716,2.962793059800557
20717,0.5638986803016524
20718,-6.858000416211226
20719,-2.059051164415589
20720,-8.286229728067461
20721,7.322829718722209
20722,8.521312704956133
20723,-8.230949092089766
20724,-2.3993980355774207
20725,-6.133933048528072
20726,2.40832301832551
20727,-7.226988014373939
20728,-1.1868753235600593
20729,-1.3130452957262866
20730,0.1292431608804976
20731,-1.7815903910761044
20732,-0.06684225029355836
20733,4.94133728980553
20734,3.3834787112704077
20735,-8.086993742473854
20736,-1.099768665032232
20737,-6.7989088953111825
20738,-8.296211032136139
20739,-3.3321456485817604
20740,-0.8016217229810829
20741,-7.351675024542225
20742,0.5073076401352896
20743,-6.452357107269215
20744,-0.37232579888311057
20745,-8.217048216749152
20746,0.40341401939000265
20747,2.243498932198013
20748,5.080485950395501
20749,8.350924940031796
20750,-3.288348939040865
20751,-0.8091791916916578
20752,1.8275952821897028
20753,-4.735459676859669
20754,0.37854376342534124
20755,-7.935119508687956
20756,-0.013989593292377034
20757,0.42018725592526573
20758,4.0052827290081865
20759,0.8711867048643914
20760,-7.871442085135841
20761,2.659702586998329
20762,3.420966983057365
20763,-7.229644594240437
20764,-7.440183385272786
20765,-5.261060634430244
20766,-7.71585811879924
20767,1.7389268602785832
20768,-7.498513270961229
20769,-7.053586651460722
20770,-3.6323059349575884
20771,9.845733088940836
20772,-8.374713259050234
20773,-1.494101981988699
20774,0.5964561020291046
20775,0.11682722796158784
20776,-8.020630874015279
20777,0.8690526441705471
20778,-3.9832243234504467
20779,-7.914902527332229
20780,-6.786200984071302
20781,0.4127594434185442
20782,3.2258638298051374
20783,-8.097272030693007
20784,-8.317146528838707
20785,-0.9798838441227018
20786,-2.7177710661137167
20787,1.8743312596375021
20788,-0.7226328407703949
20789,-0.17137163939407785
20790,-0.19044074106523645
20791,0.9463680958571867
20792,0.08059538795730958
20793,7.46437293516009
20794,4.330131997815661
20795,1.1449702994621458
20796,-7.989421600373484
20797,-8.198608177963468
20798,-0.9136496665228524
20799,-7.229644594240437
20800,3.5935616386651392
20801,-7.960653648140501
20802,5.852357300193377
20803,-7.363574071485081
20804,-0.21141533331429185
20805,-4.177589235463589
20806,4.216286233991952
20807,4.916922558626818
20808,-2.8860061224475957
20809,-7.6988751858388
20810,-2.3889642081856883
20811,-7.272997925147848
20812,6.034302099767162
20813,-7.351675024542225
20814,-0.9271279504758453
20815,-7.8786150230121885
20816,5.648719231743732
20817,1.3647059165078261
20818,-3.0290309977216823
20819,2.6657269125368988
20820,-0.920654006530531
20821,0.6162976068595443
20822,0.3524239605612792
20823,-7.307625365054183
20824,1.0056009760012605
20825,3.939586434344519
20826,-6.927278790372849
20827,-2.1041830596847286
20828,-8.286229728067461
20829,1.7608490362417675
20830,-0.11042037872268275
20831,-8.230949092089766
20832,-7.989421600373484
20833,0.4562780640642937
20834,2.912740803170585
20835,-0.4811728353905569
20836,8.763036141776155
20837,5.742932563671237
20838,1.796608702396856
20839,0.8631528291136906
20840,-7.825712943994395
20841,0.04365870899871882
20842,-0.43680261482285443
20843,-0.5179433533476483
20844,1.0677873646858123
20845,13.273833888129388
20846,-3.3990475683336463
20847,2.193615160196214
20848,-6.5908198458310014
20849,2.9377134643002134
20850,-7.500651963372396
20851,-1.448613830335597
20852,4.288203279101218
20853,-7.1231051954922915
20854,-8.329770620216111
20855,-0.2389254539396548
20856,8.101810132085253
20857,-7.67924987026171
20858,-0.07101944080704703
20859,-0.9599337573942517
20860,2.4052876770766534
20861,-6.965320052596598
20862,-6.927278790372849
20863,-2.4444681732656397
20864,-0.7915465120998286
20865,5.7643124679182485
20866,5.455078303041882
20867,-1.1984775480168595
20868,-7.724424460182981
20869,-1.5441168477467808
20870,-8.224287822573178
20871,2.43230113116495
20872,-7.712875819024448
20873,-7.960653648140501
20874,-0.4270649052666071
20875,-2.8493199330250287
20876,-4.649013258210359
20877,-3.3759778655892294
20878,-0.8165571914154801
20879,1.940622621598223
20880,-3.7765059885226124
20881,0.2993849551040776
20882,-6.3200162586775255
20883,2.1958614846228164
20884,0.38589911501296115
20885,4.918903530741431
20886,-0.6118651991669266
20887,-7.914902527332229
20888,-6.786200984071302
20889,-0.6174703011595964
20890,-0.7975173685842321
20891,-1.686023582158998
20892,-7.423673686463834
20893,-0.4299021237575791
20894,2.768621000016168
20895,-0.2766355845232254
20896,-7.977085537059516
20897,-1.0604335968154899
20898,-6.927278790372849
20899,-7.935119508687956
20900,-4.946555231356266
20901,-8.273546401331544
20902,-8.27587949471218
20903,3.2409369892428606
20904,-5.0518183083153385
20905,-7.460575905000217
20906,3.4440725915812256
20907,1.0799920686136109
20908,2.715987413743429
20909,-7.960653648140501
20910,-8.093340009100572
20911,3.2930753551157954
20912,-7.825712943994395
20913,0.20856375259334314
20914,-8.102930161364185
20915,-1.407639327128965
20916,-5.835841580130101
20917,-7.25962616281754
20918,8.34067880534651
20919,-6.7334524684050425
20920,-8.020630874015279
20921,-1.3066179809793386
20922,-7.500651963372396
20923,-7.8050973429558885
20924,-0.42684002292858136
20925,-8.22937906001593
20926,-2.269651717496645
20927,-8.034508262946597
20928,-7.322617547387072
20929,1.0072315106581515
20930,-6.867248828090512
20931,-2.832552418109442
20932,-3.7357855483845204
20933,-2.3394910562277595
20934,-6.2130348090761505
20935,-7.6085933456889006
20936,3.0763929784311235
20937,1.0858494266839076
20938,4.487466353837673
20939,-1.7494830097144423
20940,-0.32917617530928056
20941,-8.198608177963468
20942,2.382085524587493
20943,-7.063012274013202
20944,-6.310706770039604
20945,-2.2623911210958676
20946,-7.176307418455366
20947,5.312832929592496
20948,7.001414589824278
20949,0.36751520501330504
20950,-1.1889037032249385
20951,-1.076085811687606
20952,-8.374713259050234
20953,-0.6283880999622116
20954,-8.250265154252228
20955,5.7221673402157425
20956,-7.60197651031905
20957,-0.8633397300319733
20958,1.9250612649231544
20959,0.5257012752118251
20960,-6.786200984071302
20961,-8.305887237904523
20962,2.9804406771358254
20963,-8.096316857810654
20964,0.8579854411778204
20965,2.5854858080853305
20966,8.046349773784177
20967,-4.269572001515683
20968,-1.2197757417477155
20969,-6.965320052596598
20970,3.5801595037000085
20971,-1.9731425875025508
20972,-8.267135616316786
20973,-6.762408964870975
20974,9.058967867254076
20975,5.796105267373986
20976,-7.2488562323058305
20977,1.3182868438563695
20978,4.708579203821671
20979,-5.089328474809665
20980,-7.823893479410163
20981,3.3360084942575248
20982,-8.025593035416176
20983,-8.20417977719338
20984,-7.857932836588233
20985,-2.0830981532201926
20986,-8.28997265910329
20987,0.770531996181721
20988,-1.0863186566977543
20989,9.614821816040134
20990,-8.296211032136139
20991,-5.971278755056218
20992,4.054952642875838
20993,-0.16124590922546433
20994,0.9321639441121014
20995,2.2862949278357734
20996,-4.358980615296033
20997,-8.305887237904523
20998,2.947202927495889
20999,-8.097272030693007
21000,-1.375730891454594
21001,-7.485347908247641
21002,-5.931492003444246
21003,-0.14221219289923326
21004,-2.5566851798067702
21005,0.014148969522516985
21006,-1.1474771836589253
21007,-1.783635759645755
21008,-8.286229728067461
21009,0.6835021755636966
21010,8.960232653729326
21011,0.21886897145475048
21012,0.24616272385718518
21013,-2.8865973966032277
21014,-0.34585152842159106
21015,-0.017001360157553602
21016,12.308501568410282
21017,-7.281434018784541
21018,3.078649517122602
21019,-0.024503943193932676
21020,-7.830466152881177
21021,-7.053586651460722
21022,4.710035779005988
21023,-8.086993742473854
21024,-8.374713259050234
21025,5.704892559908058
21026,-8.291508778709183
21027,1.8869526856400824
21028,-8.020630874015279
21029,1.6478152863376738
21030,-0.885439032941529
21031,-6.930036959177233
21032,-6.786200984071302
21033,2.9906119496463743
21034,0.23660116594941272
21035,-8.097272030693007
21036,1.184819785398972
21037,2.353068421968
21038,-6.295941287184522
21039,0.9639460270485806
21040,-7.682447178223655
21041,6.941012507877522
21042,-6.927278790372849
21043,2.2979522049173924
21044,1.5079162681040288
21045,3.853867742465577
21046,-0.5398268875011346
21047,-3.7214374651861144
21048,-7.68067996817299
21049,-7.652800801476483
21050,-8.224287822573178
21051,3.6838774708041826
21052,8.868314086129187
21053,-2.234350178040409
21054,4.483983966060219
21055,8.268468191435629
21056,-6.158785404859422
21057,-6.49748935781232
21058,-3.8710853391583746
21059,-8.094890801546223
21060,3.9842702063824933
21061,-1.7760955120692916
21062,-8.296211032136139
21063,5.932371984198655
21064,1.9374358349400023
21065,4.717834918129142
21066,2.2972227019234626
21067,-2.9663206851325317
21068,-6.702698850739782
21069,-2.4790407658648332
21070,4.279667273347959
21071,1.8001961001743294
21072,-8.317146528838707
21073,-3.314998711168373
21074,-6.867248828090512
21075,-7.940176186984245
21076,-5.631917412849894
21077,-6.965320052596598
21078,-2.1069107010072448
21079,0.8580960640248103
21080,-8.286229728067461
21081,-5.861814491910439
21082,-8.27587949471218
21083,-8.230949092089766
21084,-1.961052504536735
21085,-0.1060704364027012
21086,-0.7048843155373652
21087,2.6009827268045758
21088,-7.823893479410163
21089,1.0318421117470784
21090,-2.6095082580455258
21091,1.821890614503931
21092,0.7463071220313824
21093,-7.053586651460722
21094,-3.8267756752942383
21095,-2.0287166890774078
21096,-8.374713259050234
21097,-4.304019186051926
21098,0.23516358443604918
21099,-2.5501972842116922
21100,-8.020630874015279
21101,-0.4924163774239306
21102,-5.174151461461246
21103,8.244759854261234
21104,3.4419089247508654
21105,-3.001264219829685
21106,-2.0333584745702895
21107,1.6987034655351385
21108,-5.7074314928587775
21109,-7.792676628571468
21110,-3.5185225478188116
21111,-3.6819940516630467
21112,-7.977085537059516
21113,-0.41311194552293173
21114,-6.927278790372849
21115,-6.9755694462351565
21116,-0.06996921999893213
21117,-7.907964614463591
21118,-7.99156909579117
21119,1.975349963903417
21120,-0.31371315462577276
21121,-0.4013976745999104
21122,-2.024399030704542
21123,-7.229644594240437
21124,7.752010279981184
21125,-4.258473535552334
21126,-8.093340009100572
21127,-7.802728405852461
21128,-2.8279291026092377
21129,-7.053586651460722
21130,-0.22389804968937366
21131,-1.5836373814747282
21132,-0.7578093054305334
21133,6.277618105526447
21134,-3.0254887456459856
21135,-8.014656498270968
21136,-8.020630874015279
21137,0.8274328693566011
21138,-7.500651963372396
21139,1.651489079950763
21140,-6.778273482175844
21141,-2.6839857043204125
21142,-0.5791136080128301
21143,-1.47403873336216
21144,-8.317146528838707
21145,3.513690218133927
21146,5.627888276030022
21147,1.0139691151676309
21148,-7.977085537059516
21149,3.0547261828959917
21150,-6.927278790372849
21151,-2.2973856456138884
21152,-8.286229728067461
21153,5.017184939695005
21154,-0.10079798223137537
21155,2.6863530020596422
21156,-7.88272586275633
21157,-8.198608177963468
21158,-8.224287822573178
21159,2.5887407019006172
21160,3.11531761519953
21161,-6.838714639966827
21162,1.8812656729098243
21163,1.4557606181609581
21164,1.0370014664714369
21165,-7.053586651460722
21166,0.5063162932977834
21167,-2.201019194571545
21168,-8.374713259050234
21169,-7.6988751858388
21170,-8.29261083100238
21171,0.2923345541212825
21172,-8.020630874015279
21173,3.9037969503140593
21174,-7.500651963372396
21175,-0.09153080367825545
21176,-1.4473682282362126
21177,-1.121427540199814
21178,-8.353411257566666
21179,-8.097272030693007
21180,-7.975648222638155
21181,-0.9496618774679114
21182,-6.867248828090512
21183,-8.00299337627611
21184,2.65024372472101
21185,-6.965320052596598
21186,1.0138776205668178
21187,-7.093314569448864
21188,-2.0737620883172214
21189,-8.294311902076442
21190,-4.90601742128762
21191,-6.279160602391442
21192,-0.47104321410128464
21193,-8.198608177963468
21194,4.288050141343691
21195,-4.064649534291681
21196,-4.027245580164513
21197,-1.305532063471746
21198,-7.38906877794799
21199,1.7581740157416212
21200,4.611433219022385
21201,-6.910194227092399
21202,-0.7530968601369612
21203,3.4287101159118016
21204,7.389061526224671
21205,1.2387985259755858
21206,-8.296211032136139
21207,1.2587318076628038
21208,-7.482015448006415
21209,-4.261434444972041
21210,-7.500651963372396
21211,-7.8464030522860515
21212,-6.774121940628671
21213,4.93683077114059
21214,-8.36948392417637
21215,-7.931678544771909
21216,7.02833866730932
21217,-7.792676628571468
21218,-6.867248828090512
21219,-2.7764565193365636
21220,-7.977085537059516
21221,-6.917870932907337
21222,0.7025378680409418
21223,-7.935119508687956
21224,6.293842486890014
21225,-2.976307363636169
21226,-8.27587949471218
21227,-1.597689173407498
21228,-7.989421600373484
21229,-0.30975687253553663
21230,-8.114029166558312
21231,0.0032380357952713906
21232,-7.823893479410163
21233,-3.3246549357941673
21234,-8.093340009100572
21235,2.9271493687772914
21236,-7.560699554199788
21237,-2.368053209742335
21238,-1.6991820957110604
21239,3.97582692172808
21240,4.449679843390745
21241,-7.137672988855595
21242,-8.143343700759495
21243,-2.890642927555761
21244,3.381087389330843
21245,-3.268461046135428
21246,-4.193987422751902
21247,-5.923862973707504
21248,-1.5318984657862207
21249,9.47117082540578
21250,-8.36948392417637
21251,-0.7422543834710488
21252,-6.380103237370079
21253,-7.792676628571468
21254,1.8954806446153416
21255,-3.108672707719422
21256,-1.9767557154328785
21257,-6.965320052596598
21258,-6.806912817331461
21259,0.48183987457086025
21260,-1.46698114564989
21261,-0.9009343696934735
21262,2.6045364262424
21263,-1.3360969369292297
21264,-1.1819953410583461
21265,-2.8966647300660546
21266,-0.08756407429658863
21267,-2.3577832658222375
21268,-7.823893479410163
21269,2.622724231898334
21270,-7.012488125556115
21271,-1.4240847480931174
21272,2.841901587498584
21273,-0.48292822691906245
21274,-2.7872945381128296
21275,-0.32157889291312713
21276,1.8678233839278648
21277,-4.409254585562604
21278,-7.828482911176877
21279,-2.13183826321207
21280,-0.5498366870065752
21281,-4.849377429466918
21282,0.5604806367658105
21283,-1.8127122139151999
21284,2.673153780243109
21285,-0.9574415760149656
21286,1.1098752860894283
21287,11.04452001296797
21288,-6.176666237572462
21289,-7.4989958236722325
21290,1.9868138258929438
21291,-8.00299337627611
21292,-7.977085537059516
21293,-6.227012876314182
21294,5.941806553672782
21295,0.3906444960537909
21296,-8.286229728067461
21297,-8.294311902076442
21298,-8.24325332697491
21299,-8.230949092089766
21300,-7.989421600373484
21301,-7.944508428654914
21302,-0.9227560097939316
21303,-7.229644594240437
21304,2.292839372029714
21305,-6.061752075101726
21306,10.378051510046664
21307,1.9436956838710588
21308,-1.5705774087169977
21309,7.458077757757858
21310,-3.057960114421576
21311,-1.78092487226228
21312,-7.449940042193441
21313,-7.6988751858388
21314,-8.296211032136139
21315,-8.074880843605856
21316,-8.020630874015279
21317,1.7194804891699331
21318,-6.266619721968903
21319,-3.5762108384538864
21320,-6.786200984071302
21321,-8.292537086901191
21322,-8.36948392417637
21323,2.012025665848772
21324,-0.5142110853005146
21325,-2.5806236216443317
21326,-0.10617775754010739
21327,-1.377040859925094
21328,-0.6661169421972706
21329,-6.965320052596598
21330,-0.14353855819674477
21331,11.43951517882494
21332,-4.676639521406335
21333,1.5495189800801423
21334,-5.325068637994058
21335,2.1347919524427885
21336,-0.06710607505206978
21337,-8.17448592381922
21338,-8.224287822573178
21339,-3.099290771878097
21340,-4.728269070522935
21341,-7.960653648140501
21342,0.8713589923239363
21343,-8.20417977719338
21344,-4.5433432997362555
21345,-2.1025193355712823
21346,-8.28997265910329
21347,1.2272879215541561
21348,0.9708888054731954
21349,-3.4942365074531927
21350,1.4534672129563537
21351,-8.074880843605856
21352,0.7813296077036354
21353,-0.7160077402007294
21354,-7.500651963372396
21355,-7.914902527332229
21356,-6.786200984071302
21357,-0.8256255131866805
21358,-4.848600382154922
21359,-8.097272030693007
21360,-8.317146528838707
21361,-0.044443473463242844
21362,3.139226956372251
21363,-8.00299337627611
21364,-1.1926490452671341
21365,-1.9177241923861887
21366,-6.633293785345607
21367,-1.2196741243386695
21368,-4.689983432138961
21369,-8.01653909876564
21370,8.994373330647399
21371,-3.372591466121416
21372,1.670605011405611
21373,-8.198608177963468
21374,2.344900821368123
21375,-7.229644594240437
21376,1.0239617064392874
21377,0.6769453604478137
21378,-8.093340009100572
21379,-0.9576803912089145
21380,-7.857932836588233
21381,-1.601335906172694
21382,-0.7174142501325675
21383,-8.094890801546223
21384,-0.9836332259714622
21385,-7.6988751858388
21386,-8.296211032136139
21387,3.581446667100582
21388,3.3757580315050317
21389,0.9200918101562838
21390,-5.97071199707595
21391,0.08884434667772345
21392,8.718008839490027
21393,3.8148417130103898
21394,-2.0525030816466723
21395,-0.2886991274544206
21396,8.302332528717406
21397,-0.7051222424155175
21398,-6.867248828090512
21399,-4.918124566620314
21400,-2.05742667791146
21401,-0.5598431571972033
21402,-3.352523061439597
21403,-1.363768955666742
21404,-8.286229728067461
21405,-8.294311902076442
21406,-4.080867655839034
21407,-8.230949092089766
21408,0.3274944601572053
21409,-8.198608177963468
21410,-2.5574767194291623
21411,-1.3014055588779336
21412,-4.96002147603344
21413,-7.779320207695459
21414,-7.163263140365167
21415,-4.115102837634429
21416,1.114343290912656
21417,-6.6149886738137385
21418,-8.28997265910329
21419,4.180265017189957
21420,6.513693856924427
21421,2.635364149366425
21422,-4.2600245230997515
21423,-2.3997086350859855
21424,3.435825048571732
21425,-7.344094732694652
21426,-3.697310616353921
21427,-4.697096357114662
21428,-1.4415646518214702
21429,-8.305887237904523
21430,-8.36948392417637
21431,-8.097272030693007
21432,-4.840124617294341
21433,1.5072285924842732
21434,-1.680238850283583
21435,-7.244428873846942
21436,-8.159358867674111
21437,-5.639498778448569
21438,1.8174439224881382
21439,-2.5669711742302574
21440,4.868660491969745
21441,-5.289757695942158
21442,3.51114562790019
21443,-8.230949092089766
21444,-7.251849457612439
21445,-7.156271587391824
21446,-8.224287822573178
21447,-5.591782421499042
21448,-5.995888374151274
21449,-4.494134981420235
21450,-5.9003834829979604
21451,-8.20417977719338
21452,3.685862375815934
21453,-6.578248067587017
21454,-8.28997265910329
21455,-6.206774568660917
21456,-8.371656951352843
21457,-0.8120400520494813
21458,0.113453372017851
21459,2.347388633162793
21460,-1.601812404008296
21461,-7.351675024542225
21462,0.8733442063664167
21463,1.3847672081058557
21464,-7.066420574657634
21465,-5.224553273338389
21466,0.055043688689981995
21467,-8.097272030693007
21468,-4.436080207236341
21469,-6.612394363241419
21470,0.13361318212117723
21471,-1.1564435559534436
21472,-2.642449995864748
21473,0.2717281254922965
21474,-6.927278790372849
21475,-1.1083316036356425
21476,-1.0378304567464254
21477,-7.527598699536735
21478,2.853309535560409
21479,-4.0186054969499
21480,-3.2809984985061313
21481,5.321649513176568
21482,-8.224287822573178
21483,-7.462554050814044
21484,-7.801099830633856
21485,-7.960653648140501
21486,-1.9137972226130255
21487,-6.37266565144321
21488,-3.41945659210221
21489,-1.1603601437666704
21490,0.1056755209728748
21491,-0.9738702046467445
21492,0.19636959723269115
21493,-7.6988751858388
21494,2.665885968988251
21495,2.5491449106343573
21496,-6.280363584365719
21497,-5.003269260463761
21498,-3.8878961993341092
21499,-7.136680992727728
21500,-6.9693283605358065
21501,-7.190945487519244
21502,-8.36948392417637
21503,3.560206599380635
21504,-7.601257722898204
21505,-6.687112647868621
21506,-4.869811486794127
21507,-6.7033723449903775
21508,2.612866062703867
21509,4.320062165538798
21510,-4.659495340103549
21511,-7.9287412832682955
21512,-2.278676659630211
21513,-1.7455694256983576
21514,-5.564550743306371
21515,-8.229117877662631
21516,-7.465353378967866
21517,-8.198608177963468
21518,1.3029291164902448
21519,-4.165821850242497
21520,1.4145982216133708
21521,-6.7792673082861015
21522,1.996580353480724
21523,3.185765971176255
21524,-7.857932836588233
21525,-7.053586651460722
21526,-2.7714439327725606
21527,-8.094890801546223
21528,4.483385796297409
21529,5.731074901539457
21530,-8.100002175827985
21531,-0.6067608177478063
21532,-7.916058322922806
21533,0.9176811036956294
21534,-7.500651963372396
21535,-7.8286316727804035
21536,2.538655589595602
21537,-3.9620341277656745
21538,3.4800745375401547
21539,-6.110702282182151
21540,-2.212739033445199
21541,3.408332290393627
21542,9.173047976368279
21543,-2.605591830333407
21544,-2.5651229958518336
21545,3.766743231909912
21546,-3.694759196727838
21547,0.23114588414431747
21548,-3.792855507983398
21549,-7.369089915780429
21550,-7.596527192728288
21551,-8.230949092089766
21552,-0.28540644335259224
21553,-8.192291905679886
21554,-0.4559020001407461
21555,-4.592597651586894
21556,-7.823893479410163
21557,-0.051431511055456736
21558,-8.093340009100572
21559,-4.780418259849806
21560,-7.857932836588233
21561,6.324692477712709
21562,-0.2881342904469762
21563,-8.094890801546223
21564,-7.523287245078356
21565,-7.6988751858388
21566,4.138272078043461
21567,-1.1199075692782356
21568,1.1655551861607436
21569,-1.5779940262155168
21570,-4.069871667021096
21571,-7.441180030564104
21572,-0.9390133633296762
21573,-8.305887237904523
21574,1.4919619392398051
21575,0.7184582359918767
21576,8.08708664953355
21577,-1.3001879308012845
21578,-6.867248828090512
21579,5.20708048900397
21580,3.1684744395961664
21581,-2.401093565133299
21582,0.7044563965663873
21583,4.02896091239567
21584,-1.456193202610712
21585,3.992473023255072
21586,-8.27938145791051
21587,2.7681474518317346
21588,4.554169746868138
21589,-0.21164972249093905
21590,-8.224287822573178
21591,2.33688302481338
21592,-7.624901225300751
21593,-0.7150139826494104
21594,5.101268427510449
21595,1.9681923860604815
21596,-7.857932836588233
21597,-7.053586651460722
21598,-8.47782888399066
21599,-8.094890801546223
21600,2.9146144818830924
21601,-7.6988751858388
21602,-0.518725122537655
21603,-6.363530207138571
21604,-4.65209261744626
21605,-7.351675024542225
21606,3.816467683287563
21607,0.5421837839870802
21608,2.477563894852034
21609,-8.305887237904523
21610,0.19149825219922012
21611,-8.087989163369546
21612,-1.1510290908076475
21613,-7.792676628571468
21614,-6.867248828090512
21615,2.4138458310700637
21616,-7.718669046628378
21617,-1.659551589850565
21618,-6.927278790372849
21619,-0.7167436281533911
21620,-8.286229728067461
21621,-8.086117741455736
21622,0.33088419794388113
21623,-2.679431229865098
21624,-4.35394658298447
21625,3.2068005978069114
21626,4.007681474680592
21627,2.7930352080599445
21628,2.073792399745655
21629,-1.5966571990537464
21630,-2.212929603095757
21631,-8.055079802131448
21632,-7.857932836588233
21633,-0.15817078464662837
21634,-1.449117530854434
21635,1.3754214681475465
21636,-0.9187106081802201
21637,9.214462324940163
21638,-8.296211032136139
21639,-7.857731697829783
21640,-0.5443692554380641
21641,-7.351675024542225
21642,-7.500651963372396
21643,-7.8283022709670895
21644,-0.11046557855914685
21645,-2.636017914729725
21646,-2.2571333513831724
21647,-7.79320335280469
21648,4.320965986340733
21649,-4.752970152950211
21650,-0.6139455698887109
21651,-8.027905286684607
21652,2.778771404955283
21653,-3.7339882838952043
21654,2.2807459182470384
21655,6.898279745002601
21656,-8.286229728067461
21657,0.05444822597756582
21658,-8.27938145791051
21659,-8.180472049449373
21660,1.6791372667873747
21661,-8.198608177963468
21662,5.846409843831408
21663,4.548919436250967
21664,2.926640636670003
21665,-1.3038839062675887
21666,1.8233387457007968
21667,1.234517229167686
21668,-7.749838989950613
21669,-7.010111085871106
21670,2.0062616775666524
21671,2.305929402502776
21672,2.6944955275558673
21673,-0.6453612569629099
21674,-6.080852619979761
21675,0.8079244279056257
21676,4.229804928501981
21677,5.879967303672274
21678,1.0120054420478877
21679,-7.352518737364829
21680,-7.0559343641495165
21681,2.972100719979257
21682,3.1064770279812084
21683,2.882801683006522
21684,-7.403587264499006
21685,-7.270089901749727
21686,-6.867248828090512
21687,11.104911153260268
21688,-8.134215450360164
21689,15.503626189438254
21690,1.9421101439755981
21691,8.576878086273043
21692,-8.02013872979258
21693,4.664623193246149
21694,-8.27938145791051
21695,-8.230949092089766
21696,0.7929403521444924
21697,-4.830730869982251
21698,-7.476802721510141
21699,-7.462554050814044
21700,-7.823893479410163
21701,-1.5893121527192153
21702,-8.093340009100572
21703,-1.302079812279918
21704,-7.348075025604488
21705,7.254332187370562
21706,-6.611977752776533
21707,-8.094890801546223
21708,3.6933769176750326
21709,2.7818080970716745
21710,-8.296211032136139
21711,0.9870287628882664
21712,-1.7522438969452585
21713,2.782915828224229
21714,1.1828611761887644
21715,-6.518690319138175
21716,3.8192518464979104
21717,-0.4918532136754815
21718,-8.36948392417637
21719,4.330661069864403
21720,-2.2913978130075545
21721,0.9647786853423612
21722,1.0172874489502242
21723,-7.964448174052005
21724,1.140691720171441
21725,-6.965320052596598
21726,-6.927278790372849
21727,0.7346697737523984
21728,-8.286229728067461
21729,1.3375137039154836
21730,3.554907569805555
21731,0.3409409662437975
21732,1.411503638079651
21733,-7.145685658637801
21734,-6.37188442033482
21735,0.9563495417374992
21736,-4.826687192780716
21737,-7.960653648140501
21738,0.7471344598806648
21739,0.42986927767067784
21740,-0.3723623359145675
21741,5.114692519423238
21742,5.290084606612657
21743,-1.3790451772299592
21744,-8.455988312914801
21745,2.995893167226397
21746,-1.8135861007623317
21747,-8.074880843605856
21748,-1.4333948444306825
21749,-7.351675024542225
21750,-3.454868044190096
21751,-7.914902527332229
21752,0.5143727098910134
21753,-8.305887237904523
21754,3.856165251916126
21755,-8.097272030693007
21756,-8.317146528838707
21757,3.112054099693384
21758,-1.2532498563132044
21759,-8.027905286684607
21760,2.649871996926299
21761,7.9290179536409715
21762,4.1069721906250205
21763,-6.190465367988104
21764,0.8906421424241395
21765,1.142396596381663
21766,0.21394382511042886
21767,-8.230949092089766
21768,-1.5602607729941225
21769,-8.198608177963468
21770,1.966818932447005
21771,-6.153300405068334
21772,-7.823893479410163
21773,-8.078197255666296
21774,5.365931559380677
21775,8.054866670611535
21776,-5.263462089697685
21777,-0.31284571854229604
21778,0.3327517762943153
21779,-0.2436276568271849
21780,-7.256254705447786
21781,-2.86647994495625
21782,-3.1494702449572856
21783,-8.074880843605856
21784,2.205489933994305
21785,-1.7164883800865791
21786,-6.682625419619076
21787,-0.7526233372367827
21788,-1.5221455342628105
21789,-1.234575460979272
21790,-8.348053992319233
21791,-8.097272030693007
21792,0.4914195454518204
21793,0.10190656606728954
21794,-2.515696951315022
21795,4.510760525646263
21796,4.668014341041854
21797,0.45734085103805966
21798,-0.1622422922401774
21799,-0.31935720962967584
21800,3.316778556536157
21801,2.8690125678058074
21802,-0.03743958582418022
21803,-3.8570987129855308
21804,-6.857820604962723
21805,1.4334332884049021
21806,-8.224287822573178
21807,-7.462554050814044
21808,-1.1225542033832794
21809,-8.078197255666296
21810,-8.093340009100572
21811,-5.211605298412004
21812,-0.693607367414801
21813,3.452793136493044
21814,-8.25565135479015
21815,-0.16184168165473167
21816,-8.47782888399066
21817,1.4494749777494886
21818,-0.08780773431761335
21819,2.3896206526018693
21820,-2.0800466704294314
21821,-3.672079038564733
21822,-7.500651963372396
21823,0.06523144118119051
21824,3.3545721283445475
21825,-0.6262430840345836
21826,-4.671967408317914
21827,2.1850413739844643
21828,2.1341965614728533
21829,-7.792676628571468
21830,2.838243479541386
21831,-0.6546699761783598
21832,1.9103774822434938
21833,-1.2734175097525138
21834,0.797344199218443
21835,-7.059368325474954
21836,3.4107391893308057
21837,-0.5948323641011442
21838,-8.27938145791051
21839,-4.857948744975747
21840,5.338597888083919
21841,-0.8602453682001512
21842,-8.224287822573178
21843,3.473848404276132
21844,2.0841270591914345
21845,2.262342985135394
21846,-8.093340009100572
21847,-1.1278809328478063
21848,-0.11836332821977147
21849,-0.3050671688179387
21850,9.136990915506708
21851,-1.3402382355913252
21852,-2.2197783093144694
21853,-6.786168167819428
21854,-1.1671812234703178
21855,-4.596157490712082
21856,0.36020296673863994
21857,-1.014591281379122
21858,-3.425081769646587
21859,-7.914902527332229
21860,0.24449078496418863
21861,-2.4758138543193215
21862,-0.317016630376563
21863,-8.097272030693007
21864,-8.317146528838707
21865,-0.8799239301451687
21866,0.02995083296841594
21867,7.422714969449235
21868,0.48165562937196293
21869,-1.7736744197116359
21870,4.6141512203047785
21871,-7.771778786163665
21872,6.372042482867255
21873,3.149673312386558
21874,-0.3174175962242134
21875,-7.689590293132641
21876,1.4668572776101678
21877,1.253663493776252
21878,0.26545875519278317
21879,-2.0616946611528015
21880,-7.823893479410163
21881,-8.078197255666296
21882,3.169007081210641
21883,-0.39471908972641323
21884,-0.6542989300245141
21885,-7.053586651460722
21886,-8.374713259050234
21887,-8.094890801546223
21888,1.5993830015243264
21889,1.5844956784832602
21890,4.189640217622924
21891,-2.253769519159695
21892,10.271765371369534
21893,0.19787229967391728
21894,-1.2286501025662673
21895,-0.3848935434005058
21896,-6.346006201289837
21897,-2.4069240358889368
21898,3.6822790094731164
21899,2.09135325676034
21900,-6.809119441795708
21901,-1.289884011635218
21902,-1.956107822794963
21903,7.211772607353262
21904,-8.159358867674111
21905,-4.85374525438812
21906,-5.6166498091697505
21907,-5.408123693206548
21908,2.994463754818085
21909,-8.294311902076442
21910,-1.5637538948441114
21911,-0.4417287355180375
21912,-5.056481906808776
21913,-8.198608177963468
21914,-1.7953942797420843
21915,1.3108233825969708
21916,-7.823893479410163
21917,4.020816443359568
21918,-1.4078070169424701
21919,-8.20417977719338
21920,-2.5695665983766096
21921,6.679399258884947
21922,-2.6850618607396948
21923,-6.542962032957846
21924,-3.8232184802191918
21925,-2.7164246297800707
21926,-3.9978750787859063
21927,2.508838751656214
21928,-8.020630874015279
21929,-0.9628196366341892
21930,-1.6038597206862764
21931,-0.07309477135086928
21932,-7.719322032039464
21933,-0.3144515226044635
21934,-8.108651753805622
21935,1.8241279830324209
21936,-5.053968099583496
21937,1.2539813931606307
21938,-6.800615431461899
21939,10.116161742521987
21940,4.278550925544719
21941,-6.965320052596598
21942,-6.341756990632776
21943,-7.935119508687956
21944,-8.286229728067461
21945,-8.292167277716155
21946,8.117919857884944
21947,2.5535349042832785
21948,-7.391734114033462
21949,-6.263552396500356
21950,4.431740537614463
21951,3.1180093676248135
21952,0.37433746190408235
21953,-1.753736294724837
21954,-8.093340009100572
21955,0.8182271151470959
21956,-7.857932836588233
21957,3.6332961385939964
21958,8.87908271990259
21959,1.947068706048514
21960,6.802289556404094
21961,-0.6547918465708813
21962,-1.7099557136965782
21963,4.909430263090762
21964,-2.7456405252902405
21965,-0.6373873864042605
21966,3.2277110926436112
21967,-6.1605899202477925
21968,-0.32245389839931593
21969,-8.305887237904523
21970,-7.464307654402362
21971,6.875918441408183
21972,1.0311622602076465
21973,7.648923789498266
21974,-6.867248828090512
21975,2.2556776552258997
21976,-8.159358867674111
21977,-6.965320052596598
21978,0.3665812289838244
21979,-0.11792512531482857
21980,1.6183861229570762
21981,-8.294311902076442
21982,-2.0634180573014893
21983,-8.135925795408768
21984,-7.989421600373484
21985,-1.5031341862467182
21986,2.4960486840576657
21987,-4.694502419883211
21988,4.087937685565634
21989,-8.078197255666296
21990,-3.862667843234085
21991,3.8118199163385276
21992,-0.1747431098417378
21993,2.733942723635911
21994,-7.278796642450469
21995,-7.2614944981494025
21996,4.939285010554168
21997,14.233700777462174
21998,1.9908172296303464
21999,-0.5457926529360804
22000,1.9487760467819855
22001,3.6255899031066816
22002,-2.5546267661590822
22003,-6.967661480032092
22004,2.1935441519328456
22005,-8.305887237904523
22006,-6.4895856956075475
22007,5.042144455527536
22008,-0.7686160628388186
22009,-6.600934903553421
22010,-0.7879021462149028
22011,-3.207354493986621
22012,-4.935966680633151
22013,-6.119751343050133
22014,1.7716381869731022
22015,-2.5133389618650286
22016,6.5718839120783645
22017,-0.7613768803319325
22018,-7.787431152768865
22019,-0.012194211632383156
22020,-7.989421600373484
22021,5.591205111746998
22022,0.9548076948359695
22023,2.1505777744713357
22024,3.6825037593931502
22025,-6.811098548696085
22026,-7.809533006120601
22027,12.369159191414166
22028,1.6075391560958665
22029,-1.0618498756102759
22030,-8.374713259050234
22031,-4.100238266789107
22032,-8.47782888399066
22033,-0.7673135053324176
22034,6.539605444262538
22035,-2.1125635040170883
22036,6.435142378166782
22037,-7.351675024542225
22038,-6.856871249008708
22039,-1.8866309548068383
22040,-7.719322032039464
22041,-8.305887237904523
22042,0.6904364219782309
22043,-5.498597783265825
22044,-8.217743110290868
22045,3.466565326774204
22046,-5.215301874704788
22047,8.667005289010708
22048,-2.087349218905711
22049,-6.866229960531415
22050,1.061719875926718
22051,2.137260220890897
22052,0.22791405939846254
22053,-0.2593763874608265
22054,-1.2200037299710407
22055,-3.1461283555497346
22056,2.0537725389611032
22057,-7.6264855746064715
22058,-3.714445976329129
22059,-3.723251243693527
22060,11.232481086970113
22061,5.160432189816252
22062,-7.831468452545992
22063,-0.8709894213496059
22064,3.377257791561232
22065,4.532295559085612
22066,-0.3467209432966252
22067,7.269001569663195
22068,-8.47782888399066
22069,-2.0551278339116665
22070,6.570204234566008
22071,5.20123321781488
22072,0.11128746725620609
22073,-7.037361153974117
22074,-7.500651963372396
22075,-7.91835468584034
22076,-5.453120149372958
22077,-1.7872697017962418
22078,-8.36948392417637
22079,-1.7144041900064968
22080,-1.119524479074657
22081,4.861586692511472
22082,1.548820764042034
22083,-7.804950239955082
22084,-8.090502409869147
22085,-6.908515836357071
22086,9.299569078080694
22087,0.510867927293077
22088,4.420191870137173
22089,-8.294311902076442
22090,0.437632317403446
22091,-7.456284904726831
22092,-7.474941712995689
22093,-8.198608177963468
22094,2.3128048365419205
22095,3.1562435529362673
22096,-7.823893479410163
22097,-0.4709657695579579
22098,5.07281248267379
22099,-3.0918777344319435
22100,-7.959793816440969
22101,-5.8439693102359485
22102,-0.5143910829773667
22103,1.56645794728263
22104,-0.4913632774195058
22105,-7.671291489561657
22106,-0.5748193023380033
22107,-7.880474967275471
22108,-8.020630874015279
22109,1.2100309593337664
22110,-7.162680355048084
22111,6.715780906434797
22112,-0.3963183499722419
22113,-8.305887237904523
22114,-0.0017811928741383598
22115,-1.537994178810294
22116,-6.346190399093734
22117,3.4147159563936307
22118,-0.277673089111397
22119,-8.027905286684607
22120,-5.966185435264531
22121,-6.965320052596598
22122,-6.927278790372849
22123,-0.8424611216489413
22124,-3.3171639184906416
22125,2.8077802882975234
22126,-0.023484061262690314
22127,-8.230949092089766
22128,-2.420954793872303
22129,-3.964230285613997
22130,8.422947477209952
22131,-1.0007621689283648
22132,-0.807929042145124
22133,5.011240650865578
22134,6.983994835717932
22135,0.7248396194498213
22136,-7.077240128446221
22137,-7.035419418771901
22138,-8.374713259050234
22139,3.243431108965585
22140,-8.47782888399066
22141,-7.6988751858388
22142,3.531015978625145
22143,0.3058927608814086
22144,-4.467205011120333
22145,-7.351675024542225
22146,1.980346254610534
22147,-6.912004225847813
22148,-4.554910960788296
22149,-8.305887237904523
22150,-8.36948392417637
22151,1.4349773727155188
22152,-8.317146528838707
22153,1.6783533406311097
22154,-0.001888745874106701
22155,-4.199062964605597
22156,8.342045165408216
22157,-6.819117907827055
22158,-2.5656575621365048
22159,7.045664670753016
22160,1.8724092888847335
22161,-1.478233582637072
22162,-5.546687802187164
22163,-6.968620858263424
22164,-5.94126801812793
22165,-4.587417225751314
22166,-7.095035587719554
22167,-3.906198012867078
22168,0.6982935397396114
22169,-2.9554613417705715
22170,2.482340200558535
22171,-1.8396846808729417
22172,-1.9742032225383128
22173,-7.053586651460722
22174,7.240153655436733
22175,-8.094890801546223
22176,-8.219836600927382
22177,2.697325479256009
22178,-8.084414975461495
22179,2.165833761975713
22180,-0.5124786300903683
22181,-7.351675024542225
22182,0.8914060503374153
22183,2.3925122797610037
22184,-4.065978544112831
22185,-0.6936865189037734
22186,-8.36948392417637
22187,0.2442359524488964
22188,-8.317146528838707
22189,-2.3277575774969494
22190,-0.44736948267533183
22191,-0.2410509360734019
22192,3.733120011783
22193,1.9328367711259489
22194,13.666602170995493
22195,-3.6237819860284133
22196,3.192000552619177
22197,-5.179365745109814
22198,-5.426596046178474
22199,-8.24158390282846
22200,-7.989421600373484
22201,-5.324357440627007
22202,-5.905864844125068
22203,2.854089889135733
22204,-0.6921355404283509
22205,-3.9437116253511135
22206,5.294647842655627
22207,-8.20417977719338
22208,-3.2726883442974994
22209,-7.053586651460722
22210,-8.374713259050234
22211,1.0575939340316851
22212,-8.47782888399066
22213,1.2950762486513785
22214,0.26313430432550877
22215,-1.826431739465391
22216,-8.03650168439514
22217,2.004306384579181
22218,4.474238021890797
22219,1.3551638018786776
22220,5.26482197375905
22221,3.4403322300458656
22222,-1.1444756474141498
22223,-8.097272030693007
22224,-3.053746202424965
22225,3.2961817395753767
22226,0.8717569261579006
22227,0.7661482195820264
22228,-7.526500692177051
22229,-6.909111872918123
22230,-3.427570034350549
22231,-0.39366893673978964
22232,-8.286229728067461
22233,-8.068440917581178
22234,0.32662361499444814
22235,-0.6292677647564502
22236,0.5387239799401209
22237,-7.435540084115055
22238,-2.1330372265295887
22239,1.774088035584381
22240,-7.823893479410163
22241,-0.7010006533487496
22242,-2.9070655475091405
22243,-1.9603114753753363
22244,0.441529310165507
22245,-5.894798250693484
22246,7.292368617076772
22247,-8.094890801546223
22248,-1.2337817524510841
22249,-7.662891734945298
22250,5.429162693543033
22251,-8.074880843605856
22252,-0.45183806162918794
22253,-5.549887677468683
22254,2.8687521986433904
22255,-7.559368354767632
22256,-8.21717479176461
22257,-8.06119786897695
22258,-0.043157585927857234
22259,-0.792406858592227
22260,-1.4420302356390717
22261,3.9822973588118704
22262,-6.112979253223097
22263,0.25799152142735093
22264,-8.016043740703328
22265,-2.029358268740565
22266,6.396834885952851
22267,-7.935119508687956
22268,-8.286229728067461
22269,6.424483611695548
22270,-3.115787078301789
22271,1.2857177919664344
22272,-0.32588450977723293
22273,2.9870331075806593
22274,-5.50072408677237
22275,-3.200994737428953
22276,-7.823893479410163
22277,-8.078197255666296
22278,1.9855908046665425
22279,-1.858999649725462
22280,-3.6135345000846604
22281,-2.6526601691676923
22282,-0.106082473276022
22283,-8.021191993699047
22284,-7.878729502229213
22285,4.539845222125438
22286,-0.49976225678601427
22287,2.567793392318359
22288,-8.03650168439514
22289,-6.350652661341726
22290,-3.913480005329997
22291,-1.968050005663737
22292,-5.2491428679160155
22293,1.377708141343944
22294,-2.340219684239787
22295,-1.0389877420533726
22296,2.247140933598571
22297,-1.1949924293647178
22298,0.8037739596306048
22299,8.763877042042816
22300,2.16884026549963
22301,6.221632113104879
22302,3.5072168029322697
22303,1.8328748965400834
22304,3.858284724717004
22305,-0.07135395026661318
22306,-7.514023563209885
22307,0.6900726717644197
22308,-7.989421600373484
22309,4.770035859393174
22310,5.227071071360042
22311,2.2128059114141454
22312,-0.6640845721044846
22313,-8.078197255666296
22314,-1.1664173802760802
22315,-4.558348569722429
22316,13.70253046956736
22317,-6.8092929745752375
22318,12.362318227785892
22319,-0.9581866827544582
22320,0.3940503545461842
22321,-6.981277195455932
22322,3.085833946823656
22323,-8.074880843605856
22324,9.67757005005896
22325,-6.524737188929617
22326,-0.0795121217709821
22327,-7.821306605518263
22328,4.956913399472261
22329,0.5825201725246743
22330,-2.3815294999075274
22331,-0.47270125256425466
22332,-8.317146528838707
22333,2.5218691535303046
22334,-6.867248828090512
22335,6.022325015674687
22336,-8.159358867674111
22337,3.869275803759753
22338,1.209431310272695
22339,-4.727393529497175
22340,-7.367529721875773
22341,-0.6026131420327947
22342,-8.27938145791051
22343,-8.24158390282846
22344,-1.4600892728007895
22345,-6.9007234543177205
22346,-7.943300879085133
22347,4.178582169372115
22348,-8.006811095391887
22349,1.5862063157443145
22350,-8.093340009100572
22351,-4.088967259683631
22352,-1.0319087532126399
22353,-7.053586651460722
22354,-7.756646740797173
22355,3.3153855508521506
22356,-8.47782888399066
22357,-7.6988751858388
22358,-2.302830298715987
22359,-5.496769341767806
22360,7.401928542398906
22361,-2.3711630376165003
22362,-1.9739487473575248
22363,-7.91835468584034
22364,-1.387651666158897
22365,-8.305887237904523
22366,-8.36948392417637
22367,-7.354519584426864
22368,-0.004275036218753581
22369,6.482325957234457
22370,-0.382799312743757
22371,-8.027905286684607
22372,-8.159358867674111
22373,-6.965320052596598
22374,3.537554980466897
22375,2.6516716357199837
22376,-1.9878029031584687
22377,-0.8449620017085295
22378,-0.2656887704883609
22379,-0.3350681803874447
22380,-1.346840854545741
22381,3.5722734826754383
22382,0.6929959960046173
22383,-5.020531660899831
22384,0.8303605785392945
22385,-8.078197255666296
22386,7.304820890975637
22387,-3.2032714671816067
22388,-2.1232970220775167
22389,-0.10292371476420614
22390,-1.364957135324905
22391,-4.569474506056863
22392,-1.0697724491219953
22393,2.8663537554375687
22394,-8.296211032136139
22395,-8.000610758594593
22396,-2.9253807759275734
22397,-4.375634010248858
22398,6.286246419522774
22399,-7.91835468584034
22400,0.18548886425216282
22401,4.6452069205107485
22402,-3.5386111130279727
22403,-7.67022497656081
22404,-7.250275058114776
22405,7.576875419972824
22406,1.4000553051893394
22407,-0.5603264747928192
22408,-8.159358867674111
22409,-1.445724150882857
22410,-3.3358102412716932
22411,-0.9977738000757357
22412,-6.9276853327616585
22413,1.692314169018658
22414,-8.27938145791051
22415,-0.9892210293935402
22416,-1.1222204731016099
22417,-2.275988029797971
22418,-7.551432717826967
22419,-0.6313645144379871
22420,6.3246783372902495
22421,-1.6721565020822007
22422,-2.8608438301052557
22423,-5.3387735414810935
22424,3.4199913673207165
22425,2.663713601961086
22426,-6.746872016761599
22427,4.552720718652269
22428,-8.473598402620329
22429,-3.155797042424328
22430,6.381353868850971
22431,-1.1181668214839942
22432,-1.8475859776298043
22433,6.006834362931922
22434,-2.906677866520602
22435,-0.8205369937870293
22436,-0.28202881514379197
22437,1.8008864980734414
22438,-8.208613761834979
22439,-7.667530677681794
22440,-8.317146528838707
22441,-7.792676628571468
22442,2.1478050850685446
22443,-8.027905286684607
22444,-1.3952613343529294
22445,-4.496048177248962
22446,-4.29860158067617
22447,-3.002064636555566
22448,-8.286229728067461
22449,11.10293847030772
22450,-2.6136207134477485
22451,4.800858094863882
22452,-6.363556227442323
22453,-7.653904318287233
22454,1.5931521653341898
22455,-1.3456216074048792
22456,-1.4589241518297138
22457,5.353581739839472
22458,-7.573767758313647
22459,-4.856414891668562
22460,-3.2367837360662737
22461,-3.110408845745245
22462,5.023066740849298
22463,-8.094890801546223
22464,3.0000069585116034
22465,-7.342975432396361
22466,-0.4810981822439646
22467,-1.710736148029179
22468,-8.03650168439514
22469,2.2155259458146004
22470,-7.500651963372396
22471,3.5366589458127162
22472,-8.21717479176461
22473,2.9501030117465463
22474,-7.505068726015118
22475,3.1497812679613273
22476,-1.2172865542586822
22477,-7.792676628571468
22478,-6.867248828090512
22479,-6.785501916298227
22480,-7.667719030417382
22481,-0.8102407041713021
22482,-0.33964982473522376
22483,-0.708992290734218
22484,-1.821058779837995
22485,1.4259154672226302
22486,0.10604575576996522
22487,3.252847303671216
22488,1.79381301530935
22489,-1.8511590438195218
22490,-8.224287822573178
22491,2.203477722238465
22492,-3.2711143979879336
22493,4.9682798413502445
22494,8.60833329691769
22495,-8.20417977719338
22496,3.1078816404429954
22497,-4.882270902109195
22498,-1.8766907129043495
22499,-8.094890801546223
22500,2.710663447385016
22501,2.1830387687820894
22502,-1.3137617945918925
22503,-0.36397195589619735
22504,-8.03650168439514
22505,-7.351675024542225
22506,0.051943154540181606
22507,-7.90646080068172
22508,0.3978433982234618
22509,1.2413142679294342
22510,3.495143172633213
22511,-5.380932181513958
22512,-8.317146528838707
22513,-5.55927226143625
22514,-2.106053959553579
22515,0.36774524066002345
22516,-3.6432009950095354
22517,-6.186683258145356
22518,-6.615105573115507
22519,-1.5650274791054175
22520,-1.8422354558401919
22521,1.4615807640041658
22522,-8.299668685171286
22523,0.0033654406711400853
22524,-7.209005291410851
22525,-6.785206310583334
22526,1.3951923447709986
22527,-5.050188867199683
22528,3.492035717088271
22529,-4.2184040830286875
22530,-6.683923473837847
22531,-8.20417977719338
22532,-0.1831415466573192
22533,-7.053586651460722
22534,-1.9970778491713506
22535,10.051232510335035
22536,-1.2213684422438706
22537,0.15148867005936428
22538,-6.806049222776285
22539,-3.760559410879382
22540,-6.6369360877176025
22541,4.28331150386607
22542,-3.531648737521594
22543,-1.4672325579456333
22544,-8.21717479176461
22545,-1.667441483893517
22546,-4.864717829665451
22547,-7.950146606964753
22548,-1.3077104631449612
22549,-7.768630290774772
22550,8.681521341811788
22551,5.719356183412302
22552,1.6621851697341041
22553,2.958531212685756
22554,3.798805607538447
22555,-2.814156300604306
22556,-3.967501176136891
22557,0.8355467864027672
22558,-8.299668685171286
22559,3.434936192470291
22560,0.43789356208523156
22561,-3.229902201190316
22562,-0.16019981549984186
22563,-7.230800239995483
22564,3.318665978221624
22565,-8.078197255666296
22566,-1.3673304496065235
22567,-8.20417977719338
22568,1.8298132966704785
22569,-0.1219336620930275
22570,-8.374713259050234
22571,3.1027540479114006
22572,-8.47782888399066
22573,-7.6988751858388
22574,-7.023143088729128
22575,-5.591404789182946
22576,-5.336394645374582
22577,3.4377057147728385
22578,-3.4047954332404524
22579,-7.773846360148249
22580,-3.4226214715986614
22581,1.3801961779372753
22582,-3.1605244656380678
22583,-6.79742628343277
22584,-0.9395318424484067
22585,-7.485969006659326
22586,-6.867248828090512
22587,-8.027905286684607
22588,-4.416574100793994
22589,-4.412592896728289
22590,0.7458579978856092
22591,-0.47614231908986515
22592,-5.830977246481366
22593,-8.17409251354168
22594,-8.258159637874
22595,0.05236716206708536
22596,-2.9792192951081855
22597,-1.9278514203683998
22598,2.2278970967201643
22599,-5.411152203793708
22600,-1.3878823265104243
22601,4.883956131467657
22602,-3.793514250989454
22603,-8.20417977719338
22604,-7.959793816440969
22605,-0.6470038750453413
22606,-4.144308771507831
22607,4.88274033434803
22608,2.932959041142973
22609,-4.107247789529224
22610,-2.439396891967003
22611,-3.7429804261784145
22612,1.975231771291957
22613,-7.281735849292957
22614,-6.938914715044988
22615,4.025135328488352
22616,-3.3758000566049544
22617,-0.8461473491326736
22618,-2.656304835583294
22619,-1.064581707901917
22620,-7.432075718853479
22621,-2.23175732741151
22622,2.9546474894423422
22623,2.6442469038539835
22624,-0.10573233312106775
22625,-0.24443568994040138
22626,-6.582868122641305
22627,-6.903436975253499
22628,-7.470572660972071
22629,-0.1028161840763914
22630,4.19599330436565
22631,-7.688496440303954
22632,-0.39224459659424327
22633,3.79888658291293
22634,-4.568001883464663
22635,-4.710990860342089
22636,-8.006811095391887
22637,-0.9887785290762469
22638,-1.554549677223192
22639,-8.20417977719338
22640,-7.428587466244978
22641,-7.054025247592461
22642,-8.374713259050234
22643,0.13441669729836603
22644,-6.108436070624047
22645,-7.6988751858388
22646,-5.885773375963273
22647,-8.074880843605856
22648,-5.197132912220846
22649,7.101589098650348
22650,-7.204879599886245
22651,8.480279737137007
22652,-3.187360554799305
22653,-8.3059700259
22654,-8.380976426857135
22655,-7.08800697194257
22656,-8.317146528838707
22657,0.4307691031175559
22658,-6.867248828090512
22659,-3.027395312370657
22660,-4.539923059825918
22661,0.3855329155848024
22662,-5.425847599117385
22663,-2.4936643621881665
22664,-8.232749492367063
22665,-0.8056570588612049
22666,-8.068394407604698
22667,-6.941258603855536
22668,-7.989421600373484
22669,-2.722818115161372
22670,4.185651452194605
22671,-7.123007038649685
22672,-6.073015860507176
22673,-5.399702343904444
22674,-8.093340009100572
22675,-0.1353784731014629
22676,6.42939050360085
22677,1.5934282622577007
22678,-8.374713259050234
22679,-5.299830158946206
22680,0.46588588761780314
22681,2.1793489839430142
22682,-8.296211032136139
22683,0.4807130413860734
22684,-7.321149471845973
22685,-1.157814977750442
22686,-3.4064351895094203
22687,-7.711127292043055
22688,-8.21717479176461
22689,-1.076058652133497
22690,-7.195228831194498
22691,-0.5381534102431353
22692,1.6408443830134956
22693,-7.792676628571468
22694,0.4805251775652469
22695,-0.4787539200280051
22696,-1.827227685693357
22697,-7.4857507463051896
22698,-7.948102782258351
22699,1.8170943121691143
22700,-0.5009310349564124
22701,-4.510957775808907
22702,-2.3840504223668546
22703,-0.821105629777374
22704,-0.9666360419093611
22705,0.8559139085500238
22706,-1.799433589500891
22707,-7.182530422052317
22708,-8.006811095391887
22709,4.257663439917989
22710,-8.093340009100572
22711,0.5477494307122138
22712,-1.092626408701718
22713,5.967379880371366
22714,-5.237686920720968
22715,-1.0754304588565569
22716,1.8774906555486948
22717,4.073609219076185
22718,-6.888112456692568
22719,-4.281373160775412
22720,7.618479784155912
22721,-7.351675024542225
22722,-7.500651963372396
22723,-1.0277516352469305
22724,3.7322715928719195
22725,-8.3059700259
22726,-2.3913816235665095
22727,1.0061813906732369
22728,-0.3295547486916155
22729,-7.792676628571468
22730,-0.7780937659918579
22731,-0.4197922525255595
22732,-5.507811451375057
22733,4.448541027738207
22734,0.20200416653850284
22735,-7.935119508687956
22736,-5.015446626250758
22737,-8.294311902076442
22738,-0.7959335582266575
22739,-8.24158390282846
22740,-3.4360679253635995
22741,0.8014069448766048
22742,0.8613351959014169
22743,-0.09186296609899036
22744,0.24295519084549566
22745,-3.1686197985326734
22746,6.172171633015772
22747,-8.140798577779181
22748,5.990833826693054
22749,-6.907167429377905
22750,-1.738014465517199
22751,-7.091918415437382
22752,-8.499203561291294
22753,-0.6267759604413452
22754,-0.9076409288636896
22755,-3.6340735495602825
22756,4.277706888726863
22757,-3.402441439604101
22758,0.6467455639757134
22759,-3.953884771560428
22760,-4.593429640985362
22761,1.07748601421634
22762,-8.380976426857135
22763,-0.6199877473025865
22764,-1.8117513841889412
22765,-7.792676628571468
22766,0.5485485549323805
22767,2.709080732319246
22768,-0.013711116105891819
22769,5.184921256223878
22770,-3.449247496351868
22771,-2.5703273627031797
22772,-0.9379612877643644
22773,-4.401815157441742
22774,-6.003325966159299
22775,2.200797272309658
22776,-7.989421600373484
22777,-2.1291254701635944
22778,0.5493252857513413
22779,-2.253778204001687
22780,0.4910917299776223
22781,-0.1080588685074595
22782,-2.977577542040327
22783,-3.112740281380297
22784,3.0444567350254745
22785,-7.054025247592461
22786,-8.374713259050234
22787,-7.44402324032421
22788,6.5548571719421975
22789,-7.6988751858388
22790,-8.296211032136139
22791,0.3948162035578353
22792,1.019175044956061
22793,0.5438275623319169
22794,-3.3066848911961904
22795,-6.369971283148849
22796,-8.16158277029766
22797,-6.730722285193512
22798,-8.157185359912596
22799,-6.014635271863318
22800,-0.4076693573019384
22801,-7.788778784683061
22802,3.6544776847839415
22803,-8.027905286684607
22804,-8.159358867674111
22805,3.102223785602039
22806,-7.948102782258351
22807,-3.581559832687927
22808,2.2836076887725216
22809,-8.294311902076442
22810,-6.441740129038648
22811,-1.4088157067350593
22812,-0.24641610229498223
22813,-0.926524408366407
22814,0.6951895441779417
22815,-7.379432058702043
22816,3.5637162909397984
22817,-1.1199996813993065
22818,-8.093340009100572
22819,-2.8096144764545365
22820,-6.795805982320294
22821,-6.779417466003496
22822,-7.619887134290196
22823,-1.0738547543638508
22824,-1.7508344171946324
22825,-7.214752498820304
22826,-3.3073258876392044
22827,-8.012692082689158
22828,-3.7097318201864464
22829,-6.556849695218816
22830,-1.5745562799115334
22831,2.2707596201115816
22832,-3.26608996532694
22833,-2.6294553852116294
22834,-8.380976426857135
22835,1.7131219004384863
22836,-8.317146528838707
22837,-3.2481328715319373
22838,-6.3356096700160816
22839,-8.027905286684607
22840,-4.508198565813693
22841,0.9040575825557535
22842,-7.702332644891921
22843,-0.10653648608069721
22844,-0.2129522551642351
22845,0.4843134321584689
22846,-8.299668685171286
22847,-4.827520306356487
22848,-7.989421600373484
22849,2.6512675057983843
22850,-4.298883470514181
22851,7.449296614473868
22852,-7.264574527909774
22853,-6.158342819099218
22854,4.6558499346022
22855,1.7853124486299552
22856,0.8758056998749675
22857,-7.054025247592461
22858,6.977944621887009
22859,-2.159532762734956
22860,-0.1966472388673145
22861,-7.6988751858388
22862,-8.296211032136139
22863,0.2328425754065382
22864,-6.025495022920399
22865,-3.560754365817668
22866,-0.04506807306952321
22867,1.2743289973287477
22868,-8.21717479176461
22869,0.33580555965976977
22870,0.834529066487938
22871,2.1813659324313166
22872,-0.580123802549974
22873,-7.360148147184549
22874,-6.867248828090512
22875,-1.8487059517587805
22876,-8.159358867674111
22877,-4.685513270761741
22878,-2.363487601955666
22879,-7.915367892518957
22880,-8.286229728067461
22881,6.231473850871469
22882,-2.4796517412804953
22883,-2.0618173958791868
22884,-7.193611919637201
22885,-7.990792466915852
22886,7.598768737185376
22887,-1.9168049494803827
22888,-6.857674539448009
22889,5.017492138769772
22890,-7.8402068370889095
22891,-1.8173101313487743
22892,-7.959793816440969
22893,-5.681930439068037
22894,-3.3730397963306054
22895,-0.12442806284922225
22896,-1.0924503821194864
22897,-2.6261409582100104
22898,-7.982051815717471
22899,-0.39453619248344207
22900,-6.816941450711667
22901,0.012158195268141297
22902,1.6229037536230564
22903,-7.301582481330755
22904,-8.21717479176461
22905,10.728952447702103
22906,-8.380976426857135
22907,-8.097272030693007
22908,-8.317146528838707
22909,2.28924821623351
22910,-6.867248828090512
22911,-3.316460074140462
22912,-8.159358867674111
22913,0.3245156052881484
22914,-7.663253871877232
22915,-1.7461494388469596
22916,-8.286229728067461
22917,-8.171946861025505
22918,-8.299668685171286
22919,-2.811756686652016
22920,-3.7770668642496457
22921,-6.906551388513036
22922,-1.5415170079188532
22923,-7.474836120556249
22924,1.8204697497313604
22925,-5.682335726309889
22926,3.7119458381978228
22927,-7.83559078376613
22928,4.728714904979608
22929,0.2755573537863403
22930,3.9766453828550823
22931,-3.0412231545621706
22932,1.0955974981850434
22933,-2.207829014139139
22934,-7.540438471841905
22935,8.88971768667227
22936,-1.1098458493029622
22937,0.09047267476635146
22938,-7.500651963372396
22939,-5.55879082160794
22940,1.5443589088254268
22941,-8.3059700259
22942,-5.92845961385713
22943,-7.260679562461671
22944,-0.4021487540265646
22945,-0.4627686030307369
22946,-6.867248828090512
22947,-3.3833970441716414
22948,4.276595105202308
22949,-1.10068585730408
22950,-4.8366992201590975
22951,-4.322701412045705
22952,8.173843826536803
22953,-0.7582981085666867
22954,2.866621926283643
22955,-8.24158390282846
22956,-1.0185314221444264
22957,5.535588001184076
22958,-1.679533866384657
22959,-7.474836120556249
22960,0.8641353236220833
22961,-1.4427298875990977
22962,0.158601343928382
22963,-8.20417977719338
22964,-7.811260726914577
22965,-7.054025247592461
22966,0.6789031784946424
22967,-0.3935208519572019
22968,-3.09077308728891
22969,12.075114760306906
22970,-8.296211032136139
22971,5.396836676696983
22972,6.112710531270936
22973,-1.683693133760241
22974,2.9770133901766793
22975,1.986567862643217
22976,-0.32413186944464245
22977,-8.3059700259
22978,1.2938937862009707
22979,1.5490997887832547
22980,1.0787204933040957
22981,-7.792676628571468
22982,-6.867248828090512
22983,0.7309037773770771
22984,-8.159358867674111
22985,-6.014698613938392
22986,-7.948102782258351
22987,-0.5797961520887516
22988,-3.264246016881891
22989,8.882456687782096
22990,-3.4418691470349403
22991,-8.24158390282846
22992,6.046466639294704
22993,-6.5334943116405375
22994,-8.224287822573178
22995,-7.474836120556249
22996,-3.203136153085324
22997,-8.078197255666296
22998,-6.667712612242158
22999,-8.20417977719338
23000,-0.20550423204388868
23001,-7.054025247592461
23002,-8.342891561777698
23003,-7.984186012840891
23004,-8.499203561291294
23005,-6.693487916219881
23006,3.0664820216279063
23007,-7.626861819153888
23008,4.396889770632647
23009,-1.2978846043481327
23010,2.4412149166545865
23011,-7.91835468584034
23012,-8.21717479176461
23013,-5.670787716128487
23014,-5.611020230405617
23015,-1.4542107972206697
23016,-7.715957036564245
23017,2.95357472981937
23018,1.0999253121336803
23019,-8.027905286684607
23020,-1.3794866160968855
23021,-7.680859387444561
23022,-7.948102782258351
23023,-6.627715461530685
23024,-1.306146116760082
23025,-3.93091013356117
23026,-5.477072123906111
23027,-8.24158390282846
23028,-7.989421600373484
23029,-1.4015356307005882
23030,-7.9993269035230705
23031,2.075808757454503
23032,1.1634979164776698
23033,-8.078197255666296
23034,-2.932195039247063
23035,-7.902688365301277
23036,-4.423482075530618
23037,2.9798803393889832
23038,8.864523029121951
23039,3.7402387140747786
23040,1.610207637398445
23041,1.1127869093045761
23042,10.211032999595439
23043,-6.662104456032303
23044,-7.033781212172501
23045,6.564963010145095
23046,3.8411035820434876
23047,0.7591490867779196
23048,-8.21717479176461
23049,-8.3059700259
23050,-2.254645379637745
23051,-8.097272030693007
23052,-1.3684834835277515
23053,2.087578926826246
23054,-6.663102715980116
23055,-2.442691800459898
23056,-8.108457401173148
23057,-7.680859387444561
23058,-2.256260004530249
23059,-7.935119508687956
23060,-3.1683155012231126
23061,0.2611121443735862
23062,-8.299668685171286
23063,-8.24158390282846
23064,-1.3052174545803013
23065,2.6554115582859197
23066,-8.224287822573178
23067,-4.503575916838668
23068,1.470779959468461
23069,-0.40607298720585844
23070,-7.595581793296784
23071,-4.3727535984314265
23072,-7.9297196400638335
23073,-1.1674129984210193
23074,0.26877461742526243
23075,-7.9635323712943915
23076,1.1230247507573523
23077,-2.5618599521715044
23078,-8.296211032136139
23079,-8.074880843605856
23080,-0.7259064054294528
23081,-7.351675024542225
23082,2.678099251520619
23083,-7.91835468584034
23084,0.5679924099682754
23085,-8.01202059701732
23086,-1.5497350989274075
23087,-2.3032446405079603
23088,-8.317146528838707
23089,0.4506894869357445
23090,0.6321441028474916
23091,-8.04027316820515
23092,-8.14125653925216
23093,-5.023337963339765
23094,1.465475605521871
23095,-1.0194016230945722
23096,-5.722966376687253
23097,-8.294311902076442
23098,-8.299668685171286
23099,-6.091537866854182
23100,-6.106183216931374
23101,1.5758206953869067
23102,-7.375210485975231
23103,-0.8596671898225601
23104,-0.09877935822808606
23105,-0.6643872230824469
23106,6.247468206386083
23107,-1.9617382674220785
23108,-8.007410115516244
23109,-6.7547838898571975
23110,-8.029017822536618
23111,-8.03179438249003
23112,1.213398381327377
23113,-7.32268175022684
23114,-1.5064942917043516
23115,4.837059157907843
23116,-6.370098563692221
23117,-2.1494124360939333
23118,3.9224063077962086
23119,2.0824099013123307
23120,2.2477772872053796
23121,-8.3059700259
23122,3.3649360238861235
23123,3.23039079662773
23124,-6.98049800841029
23125,-7.521350178454649
23126,-6.640044829053233
23127,-0.3993923845239866
23128,-3.2611839578330946
23129,-1.106491091869394
23130,0.9229217154425196
23131,-7.790648172084078
23132,-2.365574709545934
23133,-0.8620081957519652
23134,-7.016646429536864
23135,3.1519810215307236
23136,5.127475063663417
23137,-8.198608177963468
23138,-8.224287822573178
23139,-2.7462819727362504
23140,0.21681589135579393
23141,-8.101837892359686
23142,-8.093340009100572
23143,1.2923077000304697
23144,2.0052722407584493
23145,-7.054025247592461
23146,0.5674499403846314
23147,1.1067879618976821
23148,-8.499203561291294
23149,-5.330098152479898
23150,-0.4567945129337557
23151,-1.1772451828433514
23152,-1.8523936984180172
23153,0.23666724836615227
23154,5.9129138381989685
23155,-7.7289381022015
23156,-8.21717479176461
23157,-7.53957235609836
23158,-7.395231720954132
23159,-0.26576468909154327
23160,-1.0346813015558003
23161,-7.792676628571468
23162,7.8889149410771715
23163,0.9578854709924274
23164,0.7172092200157452
23165,0.9070866263400191
23166,-7.641303861732521
23167,-7.935119508687956
23168,-7.061092795238438
23169,5.949273593280603
23170,1.1635826377144962
23171,-8.24158390282846
23172,2.2310582022420977
23173,-4.084446493769967
23174,-8.224287822573178
23175,-7.474836120556249
23176,3.3063295944438686
23177,-6.510514777576953
23178,2.558506805889783
23179,1.0277780494141646
23180,-8.007410115516244
23181,-5.877230209684583
23182,-8.374713259050234
23183,-1.1747917458987334
23184,-8.16663279694493
23185,-6.651078846875862
23186,-0.3286485146076499
23187,-8.074880843605856
23188,-5.504295725906112
23189,5.295251484556692
23190,-4.949673851775899
23191,-7.317870534285616
23192,-6.167474372542264
23193,-8.3059700259
23194,2.060682524311762
23195,-8.097272030693007
23196,-0.3263391931538643
23197,-2.5403120139620383
23198,0.028275870864533204
23199,-2.289378230115968
23200,-3.9085282515885464
23201,-2.1517063352811445
23202,-2.0334036980874344
23203,-0.8462887754682784
23204,-0.6383010045853224
23205,12.08635146860964
23206,3.5486523631202838
23207,-8.24158390282846
23208,-0.331229520638739
23209,-8.198608177963468
23210,-3.187873675019887
23211,-4.3059222759680305
23212,-3.5165947110590103
23213,-8.062954347672758
23214,-3.891214723306839
23215,-2.8893522928069517
23216,-8.007410115516244
23217,0.21129518042968587
23218,-1.3428932510485438
23219,-0.7725889514013167
23220,11.142659346071525
23221,-7.6988751858388
23222,5.728868789323638
23223,-8.01750132245232
23224,0.26949863161211796
23225,-6.68229542179505
23226,-6.866018495776466
23227,-4.663873024217662
23228,-4.960215537947558
23229,0.43752001633006365
23230,1.362904828524589
23231,-8.097272030693007
23232,-8.317146528838707
23233,-7.792676628571468
23234,-6.867248828090512
23235,-8.04027316820515
23236,1.3039084119439028
23237,-7.680859387444561
23238,-0.2552740339528108
23239,-5.910788492923182
23240,-8.286229728067461
23241,3.8266183852908107
23242,-7.907823683850451
23243,4.81434815624283
23244,-7.875004228420819
23245,-3.0909345984432437
23246,-1.3559631565649013
23247,-1.3162208481206898
23248,-8.006811095391887
23249,3.629275952571091
23250,-3.872869527273612
23251,-2.1356899339449957
23252,3.598933009883155
23253,-3.2210515012432093
23254,-7.994958295737096
23255,-2.375449232774444
23256,-0.880314079166344
23257,2.069090364580433
23258,-0.43453300582319887
23259,-2.9217100320233795
23260,-3.3539748685688173
23261,-1.7874147037519645
23262,-7.500651963372396
23263,1.8399877424519206
23264,-1.438000161707715
23265,2.6942921373243096
23266,2.1644724574978023
23267,-2.8701859815716153
23268,3.9412069569795256
23269,-1.0416479175334195
23270,7.128767017269496
23271,0.5605488557057567
23272,-5.811256464693022
23273,-0.5343569429338848
23274,-7.977749231746346
23275,-7.935119508687956
23276,-0.5656011549187696
23277,-8.272692983612306
23278,0.9121312566090645
23279,-0.851348131102236
23280,-7.989421600373484
23281,0.4070444690292403
23282,4.320539888840434
23283,-5.13092457997999
23284,-0.8734700719199215
23285,-8.101837892359686
23286,-3.188791608755476
23287,9.435745048209295
23288,2.2977381617672332
23289,-1.55500900287492
23290,-8.374713259050234
23291,-1.3487786533328958
23292,4.154318880701661
23293,2.0247425054586925
23294,13.911136452686478
23295,5.2263223188764005
23296,3.460648004127488
23297,-5.896505324696559
23298,-3.996758538339373
23299,-7.91835468584034
23300,-8.21717479176461
23301,-8.3059700259
23302,2.936503557483955
23303,-2.820889535998761
23304,-8.143799708469468
23305,-3.7734350478560703
23306,7.555417490463358
23307,-8.04027316820515
23308,-2.3089158368356446
23309,0.9738953390359808
23310,1.8906121974396186
23311,-7.935119508687956
23312,-1.5703229129699667
23313,-8.294311902076442
23314,7.394240609428594
23315,10.826619655265976
23316,-0.6492756151273209
23317,-7.883014893017695
23318,-1.6001885090401125
23319,3.8209663827970624
23320,-6.059897465431276
23321,-3.6711676343963515
23322,-2.374976156069164
23323,-0.02247682387850018
23324,-1.6908908424278504
23325,-1.3057810706050663
23326,-5.8988330937397695
23327,-3.3354845470906023
23328,4.477967717611464
23329,-2.8122437597172416
23330,-6.112055711776044
23331,-7.379213265102165
23332,-8.03650168439514
23333,-6.647872871735613
23334,12.111206240663304
23335,3.117983767231541
23336,-4.2426581010883355
23337,-8.3059700259
23338,5.824683696530775
23339,-1.5717466792444812
23340,-0.4538448174772678
23341,0.7672472456286727
23342,1.6530383832138922
23343,-0.31411952452435554
23344,-2.2509660284330235
23345,-7.680859387444561
23346,6.323346616202127
23347,-2.9231220322372273
23348,-7.752967520516332
23349,0.7646440184098097
23350,-6.737839175693281
23351,0.8511274828887467
23352,5.497971560358663
23353,-8.198608177963468
23354,-1.1833833532877684
23355,-7.096181441769795
23356,-2.5135982807845996
23357,-8.101837892359686
23358,0.3632740028138135
23359,-5.380237997999325
23360,-8.007410115516244
23361,5.310746262544923
23362,4.403656821546796
23363,-2.789437332553374
23364,-8.499203561291294
23365,-1.365072712246591
23366,-7.618826673898442
23367,1.700024192336176
23368,-6.924650928526486
23369,-0.7098981377237394
23370,3.2213369729736945
23371,-7.91835468584034
23372,0.1342329114895069
23373,-8.3059700259
23374,-8.380976426857135
23375,-8.0455833848357
23376,-7.75809709622909
23377,-7.446716673094053
23378,2.418894493290097
23379,-8.04027316820515
23380,5.5611722655810585
23381,-0.9709189174586379
23382,-7.977749231746346
23383,-7.935119508687956
23384,2.0044483647159534
23385,0.260324331362323
23386,0.5598324391653272
23387,7.262573962986913
23388,-7.989421600373484
23389,-8.198608177963468
23390,-5.40319186722264
23391,0.566808462270689
23392,-5.143722962620429
23393,-0.5928464055689561
23394,-7.469596788937194
23395,1.4730256046053065
23396,-8.007410115516244
23397,0.0325618068538922
23398,1.285992712171512
23399,-1.0608490712234415
23400,-7.100926576222746
23401,-2.844886413539821
23402,-8.209374604735821
23403,-0.5952966432033264
23404,9.560557182529822
23405,-7.367898243453833
23406,-7.103444523682469
23407,-7.91835468584034
23408,-8.21717479176461
23409,-1.0929146192114048
23410,2.8729874250420715
23411,-5.944781192381792
23412,-7.825872132573004
23413,-7.345937781594577
23414,-2.973318933256043
23415,-1.2876319153192934
23416,-8.159358867674111
23417,-2.8308883561444937
23418,-7.951296372643217
23419,0.07136009988234071
23420,-5.730428768906844
23421,-1.6237635574046623
23422,0.1789018088230594
23423,0.6185093865977465
23424,2.09659859867355
23425,2.946081957173577
23426,1.7119179890069622
23427,-7.474836120556249
23428,-1.4419986789410655
23429,-8.101837892359686
23430,-3.3644274936867724
23431,-1.5441368881359332
23432,-0.22992274368014254
23433,14.328314418255982
23434,-8.249526490442364
23435,-1.7113433271634946
23436,-0.27540891538403955
23437,-4.807878577319159
23438,7.337120317288575
23439,-3.5026831103079825
23440,-1.1601816419562159
23441,-5.54245298913674
23442,-1.2414845183933563
23443,-5.851604358921837
23444,-8.21717479176461
23445,-7.040977326932225
23446,-2.724870804352309
23447,2.9700472710582217
23448,6.01324602956238
23449,2.4805622549003337
23450,-0.5956253361436725
23451,-7.274467464283516
23452,-7.448666916023858
23453,-1.3962385423591817
23454,-7.331763179143684
23455,0.6175878183542864
23456,4.781344802607837
23457,-7.788566734857768
23458,2.408236794296218
23459,3.565347220607311
23460,-7.989421600373484
23461,-3.1835162434076225
23462,2.075656468906825
23463,10.720064755009087
23464,8.675859170404689
23465,-8.101837892359686
23466,-8.093340009100572
23467,-1.7615864536162156
23468,-2.280570181582137
23469,1.2937396557864873
23470,4.634541615863929
23471,8.94248140030799
23472,-8.499203561291294
23473,1.0642339510694412
23474,-6.6003644591176664
23475,0.5490207639707574
23476,1.9629664558517392
23477,6.288994394009594
23478,0.20858173885088038
23479,-3.761929986086037
23480,-7.847726263130289
23481,-2.4720409997506696
23482,2.713772379230449
23483,-8.097272030693007
23484,-5.409298937006838
23485,-5.9899695082455935
23486,-6.861042684114267
23487,-0.4314007951845049
23488,-2.3231526881768922
23489,0.2499640181635877
23490,-2.959285004030048
23491,0.31133628288586507
23492,6.709346892017569
23493,-7.345558658567985
23494,-8.137614738859723
23495,8.285469422435646
23496,4.511095153667908
23497,1.427499896513214
23498,3.9928626190201264
23499,-1.3255843931065407
23500,4.387912791258394
23501,-8.101837892359686
23502,-8.093340009100572
23503,1.3022778154038166
23504,-5.1977242003614474
23505,-1.0135458190458952
23506,-8.374713259050234
23507,5.147224035590503
23508,-0.8235887939242899
23509,-7.6988751858388
23510,5.693974182693503
23511,-1.5014258888305432
23512,0.367339705285076
23513,-7.367898243453833
23514,-1.6241117191702892
23515,9.581670309560677
23516,-3.0209957629527997
23517,-5.586707445162849
23518,-2.367442115847895
23519,-7.986212061251344
23520,-5.101969477873176
23521,-0.6196437807376576
23522,-0.11473557136703644
23523,-0.8831809676287641
23524,-8.159358867674111
23525,2.490797284919288
23526,-7.977749231746346
23527,-0.6062927072092378
23528,-1.9538778642977488
23529,-6.4663536865589295
23530,-6.5967494985239075
23531,-7.778370103931588
23532,-0.7253127786176727
23533,-8.198608177963468
23534,-1.3157640508288582
23535,-2.9784810922029545
23536,-3.5128046510167334
23537,-2.7564763852032645
23538,-4.5090121949671165
23539,-3.101803516748531
23540,-3.7935246456415728
23541,0.2126517014669762
23542,0.9609969369627221
23543,-8.094890801546223
23544,-8.499203561291294
23545,-7.6988751858388
23546,-8.296211032136139
23547,-7.577466887578346
23548,-0.2373306355234983
23549,4.1008720405734325
23550,-5.077538226330122
23551,-7.909606082769776
23552,-7.471892543283019
23553,-8.3059700259
23554,-3.643981171231877
23555,1.662201662577514
23556,-2.707772905726294
23557,-1.9671173521742364
23558,-0.7876765043492708
23559,-3.0028478970562733
23560,-0.6662356611446586
23561,-7.597477087777539
23562,6.797820367397775
23563,2.050260527376637
23564,-7.840953695448337
23565,0.30331585280643214
23566,-8.299668685171286
23567,3.291898850072697
23568,-1.6492321654245103
23569,-0.7105182011283749
23570,-7.893627993483094
23571,0.9820766024492951
23572,-0.6141404287356327
23573,2.1239749685992266
23574,-0.9112639572430202
23575,-8.262872855534033
23576,-8.007410115516244
23577,2.5386205967161874
23578,5.222518092235759
23579,0.9922442511234867
23580,1.8194574245684887
23581,3.0322299178692873
23582,-2.580366571429689
23583,-5.183590788187461
23584,-8.03650168439514
23585,-5.024766319184273
23586,3.1943542794700663
23587,2.6634883380198824
23588,1.3046147306208111
23589,-5.822903167337436
23590,-8.380976426857135
23591,-0.6863284847796658
23592,1.0142378640326253
23593,-7.7925399931106725
23594,-6.867248828090512
23595,-8.04027316820515
23596,-8.159358867674111
23597,-7.680859387444561
23598,-1.1050272888014392
23599,-2.609570922375841
23600,-4.14817799851048
23601,-8.294311902076442
23602,0.877273448290483
23603,-5.617192727804159
23604,-3.356009160463785
23605,2.917583894169515
23606,-7.4465929885454685
23607,2.5459197903820323
23608,-8.006811095391887
23609,-8.101837892359686
23610,-4.416870613464174
23611,-0.1758996321904196
23612,5.449164665783959
23613,2.775401299663041
23614,-8.375329341228642
23615,-8.094890801546223
23616,-8.479117258968339
23617,0.7369017544983532
23618,0.6231494687473358
23619,1.1549706503163448
23620,-2.196909915067947
23621,1.8424926842668439
23622,-4.257169619976207
23623,1.4476746424048081
23624,-8.21717479176461
23625,-8.3059700259
23626,-1.607006146195934
23627,-8.097272030693007
23628,0.37257764750635514
23629,-7.792676628571468
23630,-6.867248828090512
23631,-0.8553825004172291
23632,-8.083721704691593
23633,-1.6443280821323556
23634,-0.6620332904795615
23635,-6.127643800270625
23636,-8.286229728067461
23637,2.678945263363663
23638,1.3900219257666744
23639,-7.9962842470893625
23640,1.1770768376267922
23641,-8.201681175419639
23642,1.4534936641021223
23643,-7.474836120556249
23644,3.325464438737197
23645,-4.895277085249438
23646,-8.093340009100572
23647,0.6543026998932184
23648,-8.007410115516244
23649,2.2955580938134332
23650,-8.328446050943713
23651,-8.094890801546223
23652,-7.789246302720961
23653,-3.224405224860162
23654,-8.183417194787665
23655,1.7487883700179903
23656,-7.815079577639608
23657,-7.121034969613617
23658,-2.684433965532909
23659,0.3181536578817426
23660,-1.4343811449936887
23661,2.4637212484120985
23662,-0.8872413327787111
23663,3.3604578257075963
23664,-8.092429435582826
23665,-0.6981971354392931
23666,-0.1673772566748557
23667,-2.3527137995581477
23668,-8.127835397062565
23669,1.1279725028709757
23670,-7.825195200700388
23671,-7.651933242901566
23672,-6.755872084360618
23673,-3.428529223299554
23674,3.843048191760243
23675,-7.666753334230175
23676,-3.207213400464145
23677,1.8387557303659765
23678,3.158618800072108
23679,-4.699089206389222
23680,-2.347470380163795
23681,-1.9488217930946348
23682,-2.6691269444852432
23683,2.2551769386436176
23684,-2.1121887177764576
23685,3.8901346140420747
23686,-8.375329341228642
23687,-0.9956930002090837
23688,1.8053098265110332
23689,1.9477883882556641
23690,-8.296211032136139
23691,-8.074880843605856
23692,9.993790944692222
23693,0.01900056698867597
23694,-5.785183616108499
23695,2.3246362460491397
23696,3.464332210221101
23697,3.7584512333257023
23698,-3.6851990599251034
23699,-8.035164330255979
23700,-4.309888529005245
23701,-3.5597334039303004
23702,-6.867248828090512
23703,-3.192751386424706
23704,-1.6893670948705348
23705,-0.8759213562944819
23706,-7.882021620938966
23707,-7.935119508687956
23708,2.9767807687023886
23709,2.218978124589219
23710,-8.194528587264573
23711,2.3050276271128616
23712,-2.176491482681494
23713,-8.201681175419639
23714,10.36413726749525
23715,-0.5067746244004008
23716,-1.0116573811301541
23717,3.090064917063597
23718,-3.167588779777504
23719,1.350820822270192
23720,-4.313158289538764
23721,0.12556659019990013
23722,-3.349955473866921
23723,-1.0248349747995964
23724,-3.014092193914147
23725,-7.6988751858388
23726,-2.061644088443641
23727,-0.674062630317367
23728,1.0520367429633501
23729,-7.367898243453833
23730,-4.991341465648803
23731,3.095184836538484
23732,-8.240876539784178
23733,1.3431234990495933
23734,0.533460613969027
23735,-2.696596056559242
23736,7.670926313079595
23737,-7.792676628571468
23738,-6.867248828090512
23739,-1.0102107169064212
23740,8.988370593751254
23741,0.5372779125007929
23742,2.428538505426466
23743,3.3853012036133148
23744,-0.5776945600611958
23745,2.0377406684689148
23746,9.336243416650227
23747,-0.5752998629639582
23748,7.418709245292177
23749,-8.197575771905672
23750,-1.1333809469403222
23751,-3.5540018558638145
23752,-6.666232174344907
23753,-7.438798640754369
23754,-8.093340009100572
23755,-8.30819965045425
23756,1.3221603749501714
23757,-1.0028979348896998
23758,2.4715959334496365
23759,-0.8527897751736888
23760,-1.2452863234057174
23761,2.3079014473987205
23762,-2.1848021154231088
23763,-8.074880843605856
23764,-8.03650168439514
23765,-7.367898243453833
23766,-2.5296649680279226
23767,0.13393801678437756
23768,-7.724923154093623
23769,-1.0667383543103495
23770,-8.060658761045095
23771,-2.060922246002228
23772,-8.294735808034305
23773,-3.060880190638502
23774,-6.867248828090512
23775,-6.322418905448391
23776,-7.672402154185184
23777,0.9480803416210657
23778,-3.2391463864641525
23779,-7.935119508687956
23780,-8.286229728067461
23781,-8.294311902076442
23782,-8.291394118524913
23783,-8.24158390282846
23784,2.607794224723394
23785,-6.782806501703427
23786,-1.4572076711244428
23787,-7.261306315368562
23788,0.3901218949761809
23789,-4.33669378502265
23790,9.527317135595304
23791,-8.30819965045425
23792,13.300446699011905
23793,-7.054025247592461
23794,-8.375329341228642
23795,1.5902278215473458
23796,-1.5890648231206081
23797,-1.185438134277354
23798,-2.487397984264667
23799,-7.888724462783367
23800,-1.488846000439536
23801,-7.367898243453833
23802,-6.917543433692274
23803,-1.3789425228834695
23804,-8.240876539784178
23805,-7.296697322802926
23806,-7.520051925254792
23807,-8.018315309809777
23808,7.346022006608514
23809,-7.792676628571468
23810,2.146129322332435
23811,6.469188245012793
23812,2.735668982568969
23813,-0.5451289122042213
23814,0.19530002810697544
23815,-1.058693237496589
23816,-8.286229728067461
23817,-8.294311902076442
23818,0.027529509187035117
23819,-3.6357993971985576
23820,-2.655380229280235
23821,-3.0960141445524596
23822,5.455950886695972
23823,-0.41469815690117207
23824,-1.1199689775946036
23825,-7.815068005530048
23826,-8.093340009100572
23827,-0.23393145353953332
23828,-8.007410115516244
23829,-2.2924281152104733
23830,-8.375329341228642
23831,-7.9575737443693315
23832,-8.499203561291294
23833,-5.0256790589407085
23834,-8.296211032136139
23835,-1.776524755441233
23836,3.8830234158466466
23837,-7.308331471621976
23838,0.2404392424736845
23839,-6.021713412184395
23840,1.836346621379628
23841,3.0072447484080573
23842,-8.380976426857135
23843,9.521194581767467
23844,-3.8936060417761262
23845,-0.05088231376400687
23846,-2.322123767024909
23847,-7.79209428665251
23848,-8.159358867674111
23849,7.289190042955903
23850,-7.786999145979585
23851,0.3141125100107831
23852,3.455665393534556
23853,0.13308848473356116
23854,1.222974062964684
23855,-0.46789272705592744
23856,-4.80387893412776
23857,-7.333941014145695
23858,-8.224287822573178
23859,0.38412296897925247
23860,-7.997082541861506
23861,-1.8348251637129325
23862,7.85309495150373
23863,-0.008743071069933328
23864,-8.007410115516244
23865,1.6254721524537936
23866,13.045912964738699
23867,-7.537566737727357
23868,-7.747616353111211
23869,-3.7134244546593287
23870,5.143422728326039
23871,-1.3034309212690145
23872,2.3214893537452985
23873,1.1235515668927827
23874,-0.5704373933747697
23875,3.9084562412377823
23876,-8.022124126168807
23877,-1.6000559450556529
23878,-1.6018902524804688
23879,-7.575931911037911
23880,-8.317146528838707
23881,-7.792676628571468
23882,-6.867248828090512
23883,0.19575480843736848
23884,1.5308811761121353
23885,-7.607905404456888
23886,2.9583526471751447
23887,1.2299769350988101
23888,5.895847853768826
23889,-8.294311902076442
23890,-2.634391664518797
23891,-1.4921631733511689
23892,3.0188632730886984
23893,-0.3283916298617431
23894,-0.8365373244764553
23895,-7.474836120556249
23896,-0.15775478715081584
23897,-2.1097296477594782
23898,-7.90584994088325
23899,-3.3181775881743976
23900,-8.007410115516244
23901,3.025145588894532
23902,-5.167211179642312
23903,0.16719259768431155
23904,1.2542048231926621
23905,-2.5643094714854304
23906,0.3937837837072571
23907,2.920438584438754
23908,-7.3919995480503085
23909,-6.86145539198365
23910,-1.4450903585205368
23911,-5.475695188028202
23912,3.1480067633341724
23913,-7.632108092908455
23914,-0.9584395598982451
23915,-7.105158252804861
23916,-8.054244167670166
23917,2.814207420533431
23918,-1.5132281523616393
23919,-7.9424935537316
23920,5.605354171936455
23921,-5.0191465822331995
23922,-6.978720621972703
23923,-0.1869835708178489
23924,-5.478508777840873
23925,5.512144677622602
23926,2.109652344173673
23927,-3.6152372301799462
23928,-7.989421600373484
23929,-2.581139304102056
23930,-8.224287822573178
23931,2.098511498400092
23932,-6.525804919543981
23933,-7.47490805094907
23934,-6.912681964298411
23935,-8.17683590176524
23936,-8.007410115516244
23937,-7.054025247592461
23938,-7.478728877292733
23939,-3.24257891716051
23940,-6.241929122377519
23941,-0.37251405967694423
23942,-0.009892109465972965
23943,1.4635419083099435
23944,-8.03650168439514
23945,3.793870750133994
23946,2.9785375827996394
23947,0.2451066588651866
23948,-5.918299093526434
23949,0.9306113732475016
23950,-4.926302689421835
23951,-3.723968181629262
23952,-8.317146528838707
23953,1.031618055342008
23954,0.4790562989803243
23955,-0.6781739921141066
23956,6.6513378172409965
23957,2.385112432364807
23958,-7.977749231746346
23959,0.9280424268599272
23960,-0.5309496624987662
23961,0.8691446081402175
23962,-6.147963824056752
23963,-4.163805862722284
23964,2.46623730250667
23965,2.5276771811648775
23966,2.858352908957678
23967,-2.806485614622458
23968,0.5680554031725795
23969,-1.7419382194913786
23970,-6.769382331095869
23971,-7.666568578257813
23972,-3.168088307606916
23973,-4.744225762735564
23974,-7.23221027557035
23975,0.27225703420523
23976,-7.604428805384982
23977,-4.64929265182551
23978,1.7942979897670424
23979,1.8559547091864759
23980,-3.3170666050118545
23981,0.4776897506095677
23982,-7.500651963372396
23983,-2.7490081080218443
23984,-2.18738093847216
23985,-5.700846190042943
23986,0.8196768778129089
23987,-5.950760458058001
23988,-8.215506551219928
23989,-7.792676628571468
23990,-6.867248828090512
23991,-1.6360978139373694
23992,-2.9189868997718174
23993,-7.125749431425795
23994,-2.705619345891022
23995,-2.80700677293675
23996,-0.9625535180510703
23997,-3.308725697067695
23998,-7.494910825075509
23999,5.55832523518947
24000,-4.850497006870092
24001,-8.201681175419639
24002,-8.143012470258071
24003,-3.3047977113168203
24004,-0.3321218294069025
24005,1.7921086477858745
24006,-6.862845347981665
24007,7.264818776688406
24008,-5.688841295190411
24009,-0.21100715347221177
24010,11.771175300067027
24011,-1.1700616408586708
24012,-3.2566022441649536
24013,-0.6759805995143652
24014,-8.077485441662402
24015,2.90904722873383
24016,-8.03650168439514
24017,1.1238236778820083
24018,-5.659445451750203
24019,1.5466491325862024
24020,0.026250736718557044
24021,-2.187230466819571
24022,0.5430922054657457
24023,-7.985275952669167
24024,-2.204064334536865
24025,-7.792676628571468
24026,6.497205372572208
24027,1.0609712298769438
24028,-8.159358867674111
24029,-1.389364683469061
24030,-7.666376444136419
24031,-0.703604758208187
24032,0.07962827902897907
24033,-1.5474014303341033
24034,1.1788472161547099
24035,0.5302797865931479
24036,-1.8356982692567068
24037,1.24363188703097
24038,-8.224287822573178
24039,-7.237213838905995
24040,-8.006811095391887
24041,3.3200006963168756
24042,-8.038880105506921
24043,0.5524514479247065
24044,-0.4445625275551154
24045,1.8454781047159678
24046,2.167397358450188
24047,-2.2044512393107487
24048,1.8875526245752932
24049,-4.869554067626573
24050,-4.40695902840286
24051,0.8667563735313366
24052,-6.009893205354708
24053,2.3302905502070894
24054,-4.882918475007459
24055,6.146536638367256
24056,0.4128252464200546
24057,-8.3059700259
24058,4.798521309353356
24059,-8.097272030693007
24060,-7.871307421148254
24061,-7.792676628571468
24062,7.251684777012613
24063,5.533910569606757
24064,-4.465481776426163
24065,-7.680859387444561
24066,-7.5179603778575474
24067,0.8982662523248766
24068,2.939728507925808
24069,-0.436166094475992
24070,1.434073053788055
24071,0.6290148420097756
24072,-2.1326848570559775
24073,5.333661491609933
24074,-5.540869362129523
24075,-5.810146624163829
24076,3.7035332764203597
24077,-8.101837892359686
24078,0.4720113518621143
24079,-0.9066113743266753
24080,-8.007410115516244
24081,-6.871268669992467
24082,4.20322404454214
24083,1.3662138822496472
24084,1.1032592542792306
24085,-7.6988751858388
24086,-8.296211032136139
24087,1.7825883978184178
24088,7.382972492567836
24089,-0.9127872519317836
24090,-3.705653411557056
24091,0.5058797646373244
24092,-6.132309576004843
24093,-8.3059700259
24094,-5.8438088606446446
24095,0.6287408392216975
24096,-8.279013089206886
24097,-0.6448719832020948
24098,0.1561132820774373
24099,-7.67919983018137
24100,-0.011662763263104114
24101,-7.680859387444561
24102,-5.891529464363399
24103,-1.351298314639756
24104,-7.950017594033485
24105,0.7022130496562898
24106,-2.106805710451381
24107,-8.24158390282846
24108,-7.989421600373484
24109,-8.201681175419639
24110,-1.2936681533571415
24111,2.5045718321824055
24112,-7.703919723107883
24113,6.305922967628042
24114,-7.542583013787424
24115,-0.49110711481215386
24116,-7.954474684012229
24117,0.25040920868621974
24118,-8.104853787320412
24119,-3.654588709385997
24120,-8.488312352491523
24121,-3.880954873563523
24122,-7.80068682672239
24123,-2.125073076891913
24124,-7.45290293292059
24125,-7.367898243453833
24126,-5.846424982097209
24127,2.8187322184990657
24128,-2.085624077593231
24129,0.5856293095768201
24130,0.22951803776074237
24131,3.8041894063594777
24132,-8.182946566774383
24133,-3.840250353969268
24134,-6.867248828090512
24135,-8.04027316820515
24136,-0.649043493376565
24137,-7.680859387444561
24138,-7.06086413269845
24139,-7.361938311040188
24140,-8.286229728067461
24141,4.590878088946214
24142,-0.772608012561605
24143,-0.1653576270203551
24144,1.0565171831714764
24145,0.793726978664212
24146,-0.264645137999149
24147,0.7825392512371774
24148,-7.570371978125899
24149,-8.101837892359686
24150,-4.858319952639877
24151,-8.30819965045425
24152,0.14836662490780006
24153,3.64276155519663
24154,-1.9583915369709755
24155,1.8133879021208092
24156,2.8681499082106097
24157,-7.6988751858388
24158,1.5905872838940134
24159,-4.970649689331353
24160,4.772095136934187
24161,-7.086673655645513
24162,-1.8312714240614223
24163,-7.91835468584034
24164,-8.240876539784178
24165,2.314320505882065
24166,-8.380976426857135
24167,3.8475169990336178
24168,0.42160582916030315
24169,0.027790008751630034
24170,-1.258113796634206
24171,0.8917409356206247
24172,-0.04479409829126868
24173,1.5602613945524288
24174,-3.5403158438830804
24175,-0.8504564819999907
24176,-8.286229728067461
24177,-8.294311902076442
24178,-8.299668685171286
24179,-6.042077880051904
24180,-1.6518655450605948
24181,5.728402617957228
24182,-7.262819073549843
24183,-3.8952209884310967
24184,-6.511822901756167
24185,-1.3463176165708097
24186,-7.261580330386347
24187,-6.825871683767234
24188,-8.007410115516244
24189,-6.9126702517869205
24190,2.8546797631035736
24191,-3.913603571081495
24192,-6.6700236671255
24193,3.2248612125818847
24194,6.875149206521395
24195,0.8355565257938151
24196,4.928949323430793
24197,4.752705911980168
24198,-5.031969619155999
24199,6.252007057420228
24200,-3.2849813184304137
24201,3.9563783066479887
24202,-8.380976426857135
24203,-7.68117964037841
24204,0.34456794990740924
24205,-7.792676628571468
24206,-0.41925406636744333
24207,-1.0641694710468903
24208,0.5244858602623936
24209,-7.371565770052742
24210,-0.6210540196288155
24211,-1.9077322146884628
24212,-2.0219786463479155
24213,0.9122095569512984
24214,-7.287020427955271
24215,-1.4755799656578865
24216,2.211734758776048
24217,0.35506228686137
24218,-6.64499576719043
24219,-6.7788765855394075
24220,6.024289136055846
24221,-8.132730869867515
24222,-2.7622992591403346
24223,-8.30819965045425
24224,0.8842743881264401
24225,0.09636673180687705
24226,-8.375329341228642
24227,-2.088566439164431
24228,-8.487726645137672
24229,0.9797107190289185
24230,-8.296211032136139
24231,0.7005615701992496
24232,-7.658716579781087
24233,-1.083256262863629
24234,2.4723213054841313
24235,-3.4004863557528915
24236,-8.026138809596386
24237,1.4206495511087212
24238,-8.380976426857135
24239,-8.097272030693007
24240,1.4019356106898209
24241,-7.792676628571468
24242,1.2922954514983496
24243,-5.834718053526521
24244,1.6569025418454038
24245,-3.862787932293595
24246,-7.950099963418264
24247,-7.935119508687956
24248,-1.3467659264067535
24249,-7.996159093028577
24250,-8.299668685171286
24251,-8.24158390282846
24252,0.27187486049512044
24253,-6.247112297382965
24254,-1.3572633602502746
24255,2.496778175751517
24256,-2.3097536389835507
24257,4.046712501488855
24258,-0.2529796821307971
24259,-0.3063407638792861
24260,-1.7222573943902302
24261,-1.1216015577031688
24262,-8.34352346466222
24263,-8.094890801546223
24264,0.5655064146596313
24265,5.289187736858777
24266,0.5524373548050121
24267,-7.565275293749471
24268,-4.16178881336849
24269,0.8453370848512991
24270,-7.500651963372396
24271,-2.7527847698486245
24272,-3.2315616291253084
24273,-8.3059700259
24274,-5.686988475243525
24275,-8.097272030693007
24276,-3.499343671318277
24277,-7.792676628571468
24278,-2.2150202661841196
24279,-8.04027316820515
24280,-2.224878618617034
24281,-5.473988795925861
24282,0.13479575080031836
24283,1.3021733693775552
24284,-8.286229728067461
24285,-0.8459023862853376
24286,8.222992950410084
24287,0.037324301208227356
24288,0.4192055013409215
24289,-7.253252288126799
24290,-1.0293209321147927
24291,-6.268105701289755
24292,-3.691796342377793
24293,-8.132730869867515
24294,7.932961117152151
24295,-8.272304566025916
24296,-6.18275142620317
24297,10.309540041047525
24298,-7.836541462262414
24299,-5.222595477746309
24300,1.2394179093972013
24301,2.4406894371913763
24302,-1.5523312561887754
24303,-7.518817953640237
24304,1.4298634215739394
24305,-6.705847511913029
24306,-5.643499490897899
24307,-3.6280632086493676
24308,-8.282488657857309
24309,-7.87015455222191
24310,1.3829782018587662
24311,5.964102552332426
24312,-0.20433517747482643
24313,-7.792676628571468
24314,0.11489536982885395
24315,5.651388407014873
24316,0.19725973987364404
24317,0.872129876185261
24318,-7.0295413134293625
24319,1.7868228851456407
24320,-1.1024331655385275
24321,-7.39052330422338
24322,-7.940551440902939
24323,-7.994826533590079
24324,-0.2827102102104708
24325,-8.201681175419639
24326,1.1292920365807875
24327,6.296592238654732
24328,-0.42734232137499695
24329,-8.132730869867515
24330,1.4224936501207932
24331,-0.08085106871855698
24332,-8.007410115516244
24333,-7.054025247592461
24334,4.520589480297492
24335,-8.094890801546223
24336,6.5102350005097325
24337,3.253674514821318
24338,-0.9023376790692819
24339,0.3986340315071102
24340,-6.122639413656282
24341,2.105526252507575
24342,-6.826044033251613
24343,-7.578257122630094
24344,0.7859364366858645
24345,-8.3059700259
24346,-6.843564310056103
24347,-3.6029763426622736
24348,-8.142247746496752
24349,-7.324931476184263
24350,-6.867248828090512
24351,0.2555991780047493
24352,-8.159358867674111
24353,-7.680859387444561
24354,1.089927483139842
24355,-2.854143719981361
24356,0.06723811406788871
24357,-8.294311902076442
24358,3.7107376130496688
24359,-0.9341844933211385
24360,-0.12318361380945975
24361,-8.201681175419639
24362,-8.224287822573178
24363,1.4449230057287425
24364,-7.226431251884099
24365,3.0124420930182643
24366,0.19144753290018013
24367,0.3089363853330189
24368,2.958922671924218
24369,-2.450433995195306
24370,13.699538273304146
24371,-0.396625550637852
24372,-1.8737176995937954
24373,6.57571407033255
24374,-2.1900009454792615
24375,-2.601111906976306
24376,0.21537049862487467
24377,1.0439375106917432
24378,-3.801576637744057
24379,-7.50173818385222
24380,-8.282488657857309
24381,-0.800969190915783
24382,1.4675939581667987
24383,-0.36506248910570305
24384,6.034275933098247
24385,-7.37009866075401
24386,-0.48277810155542944
24387,-1.6405749893372465
24388,-8.159358867674111
24389,-7.680859387444561
24390,-7.5917875067518725
24391,0.4647284283388933
24392,-1.8305772203627486
24393,1.9117480881274487
24394,-1.532545142242975
24395,2.58823665327409
24396,-2.9393292522798125
24397,-2.2432794207774025
24398,-8.224287822573178
24399,-6.4371726964004825
24400,-5.910119128621535
24401,3.3873149336063237
24402,1.1579321236961286
24403,3.7949907984916553
24404,8.85767887267098
24405,-4.018650434894301
24406,-0.08349670165028522
24407,-7.83690234887248
24408,-8.499203561291294
24409,-7.6988751858388
24410,-1.083067254479905
24411,-7.877553912080539
24412,-8.03650168439514
24413,-7.367898243453833
24414,-5.09136834783219
24415,-7.916683001544777
24416,-3.711784794244182
24417,0.6416806945777198
24418,-8.380976426857135
24419,-3.690486678775173
24420,-8.317146528838707
24421,-1.6558188941153151
24422,-0.711927139732179
24423,-8.044825157347475
24424,2.31861017898375
24425,0.7185171088879456
24426,0.501861927675539
24427,-7.673792538963991
24428,-2.911207783952721
24429,-8.24575461482082
24430,-5.069594987410009
24431,-3.4902811734126513
24432,-6.312783990071654
24433,-5.001011556459514
24434,-8.224287822573178
24435,-7.161208558184914
24436,-1.348065786823593
24437,-8.132730869867515
24438,7.722879497528367
24439,-8.234531746163164
24440,-5.281637664804137
24441,-7.054025247592461
24442,-8.375329341228642
24443,-8.094890801546223
24444,-7.787438996277819
24445,-7.6988751858388
24446,-2.971687423603538
24447,-0.039202291740229045
24448,0.7982628542832961
24449,-7.367898243453833
24450,-7.500651963372396
24451,7.16334120595632
24452,-3.7162907578888027
24453,-1.244337067285028
24454,1.9634080457933238
24455,-8.097272030693007
24456,-8.104518092489046
24457,-7.72824638006007
24458,0.9293211958532521
24459,7.328322061404069
24460,5.124890194965392
24461,0.29729501507562595
24462,-3.2537953534549255
24463,10.123630803786373
24464,-2.101657027183366
24465,-8.13271220182348
24466,0.023613848434794082
24467,-6.280560929930081
24468,1.9835297807173944
24469,-4.011709181639359
24470,-8.224287822573178
24471,-0.9095108686110895
24472,-6.978034836065612
24473,3.424051316668942
24474,1.9729717112050562
24475,1.2997879948421147
24476,-7.8737630894900645
24477,2.45100975266561
24478,3.1211888194733186
24479,-5.645346238909775
24480,-7.923205519498739
24481,-4.9921998219209165
24482,6.753533854246813
24483,9.950259798948723
24484,0.9317580279598674
24485,-7.367898243453833
24486,-3.26673174261951
24487,-4.3802609544381195
24488,-8.282488657857309
24489,-3.003167383188245
24490,1.1816749151042807
24491,-3.969629138827483
24492,-1.1466575450120504
24493,-7.792676628571468
24494,0.8402684971553724
24495,8.045533559810615
24496,-1.124487489233493
24497,-1.497985389507074
24498,1.1436661069112621
24499,2.1949967928828418
24500,1.5388141548708618
24501,-8.294311902076442
24502,-8.299668685171286
24503,-8.24158390282846
24504,-7.989421600373484
24505,-7.12143843101088
24506,-0.48234662179048754
24507,-0.6352256166473733
24508,2.3566729446180523
24509,-1.7390440514442653
24510,-8.093340009100572
24511,0.2926339017701395
24512,-4.083029720870913
24513,1.541631188091693
24514,-8.375329341228642
24515,3.7789657007181754
24516,3.730955789828598
24517,-7.6988751858388
24518,-8.296211032136139
24519,2.297102616102186
24520,-1.3304948106496362
24521,-7.038651636172288
24522,-2.461374145438171
24523,-0.5389461046949267
24524,-8.282488657857309
24525,-8.3059700259
24526,2.713345330287214
24527,-8.041260151146206
24528,-6.492564322189649
24529,-7.689436990015342
24530,-0.9219585217354926
24531,1.8891407702650818
24532,-8.159358867674111
24533,-7.690442645140654
24534,-5.5452806115890745
24535,-2.133461222194934
24536,-0.02823691211423407
24537,-7.650564202163615
24538,-0.2068347262438589
24539,-5.605238505236929
24540,0.06079917550274272
24541,4.754499716633741
24542,5.485892429678174
24543,-7.460391468036556
24544,-8.006811095391887
24545,-8.132730869867515
24546,8.157862893119061
24547,-3.0635263494716254
24548,2.160168058166616
24549,-0.07172032168172304
24550,-1.2019934391845721
24551,-3.2148441786873767
24552,-2.168016786325879
24553,-7.6988751858388
24554,-0.6701523527348525
24555,-8.074880843605856
24556,6.151216664250757
24557,-1.117029303859852
24558,3.1431441924360595
24559,-0.5882615540346597
24560,-5.880707995622998
24561,-5.5062935337846115
24562,0.3426295882124446
24563,-6.933214256818763
24564,-0.010479129788828145
24565,-4.093112866427103
24566,-0.026601055226009307
24567,-8.044825157347475
24568,-8.159358867674111
24569,1.6517009201495845
24570,-7.570428584581469
24571,-0.7909202493624196
24572,-0.08890760662874286
24573,-4.692853291471588
24574,-8.299668685171286
24575,-7.858202178315064
24576,-7.8742789368081585
24577,-0.9731222401619335
24578,-8.224287822573178
24579,-2.70476393947169
24580,4.261253327799132
24581,-1.8807291802287418
24582,-6.342331341539152
24583,-8.30819965045425
24584,3.327620394288106
24585,3.9082562687763955
24586,8.321735610530066
24587,-1.6441649983221645
24588,2.1847191765378065
24589,3.5399307015525823
24590,3.6238012936283335
24591,0.9264061420953091
24592,-5.587775461286541
24593,1.3710994065725477
24594,-5.73328925316059
24595,-4.865562342183606
24596,-8.282488657857309
24597,-1.2246133013751033
24598,-8.380976426857135
24599,-8.026012117366221
24600,-8.138935219440459
24601,-2.657361606689083
24602,1.7299445966177502
24603,4.265886898510122
24604,-7.8105549066208235
24605,-6.164408661768329
24606,-7.977749231746346
24607,-7.935119508687956
24608,-2.734727121612829
24609,-3.0718786783581873
24610,-4.864723127996852
24611,-8.24158390282846
24612,-5.375560976439235
24613,-8.129185851058494
24614,4.585582752444986
24615,-0.7631442625527429
24616,-7.996976061672815
24617,-8.060755037781522
24618,2.6073804188284795
24619,3.5915796768870116
24620,3.1102485635030948
24621,1.3465575150032163
24622,4.763781988349738
24623,-8.094890801546223
24624,-8.499203561291294
24625,-4.48653240332474
24626,3.9763034783772775
24627,-1.5832933587612568
24628,-8.03650168439514
24629,-7.132277546381948
24630,-6.56777907193584
24631,-7.91835468584034
24632,-8.107722727392572
24633,-5.085762335675124
24634,0.5058664512167198
24635,-3.7288159075597287
24636,0.37568005400425125
24637,-7.788453157477422
24638,1.8453383861692476
24639,-0.09153311557801858
24640,-5.525917479175777
24641,3.446252763284533
24642,0.8042101626861411
24643,0.060396376505350347
24644,-8.05814347598962
24645,-3.6995938489256077
24646,2.8196241550779835
24647,-6.805443047718232
24648,1.9361222250637387
24649,-8.201681175419639
24650,-8.224287822573178
24651,-0.7308311507495366
24652,-0.21252858158925203
24653,-2.602630816326081
24654,-5.812791191568149
24655,-0.7382429026008279
24656,-1.8244651053541134
24657,7.339389328237997
24658,1.9029191677787707
24659,0.24026315545521726
24660,-7.070028514432892
24661,-1.3646899190783592
24662,-8.296211032136139
24663,-7.647758341949935
24664,-3.231971179499034
24665,-7.367898243453833
24666,0.12869768134592258
24667,0.35975217462535425
24668,3.8234925048377324
24669,-1.008356492472667
24670,0.8159327638013563
24671,0.8351202827233197
24672,1.1892835808605284
24673,-7.673356229468752
24674,-6.867248828090512
24675,-6.238829061106317
24676,-0.11285436912924426
24677,-7.805257178905011
24678,-7.977749231746346
24679,-0.16567057873522972
24680,-1.3118394315463715
24681,-8.294311902076442
24682,-2.7665488528851636
24683,-8.24158390282846
24684,-3.625138057897758
24685,-3.840236837815233
24686,-3.560270696247479
24687,-1.1696148223481995
24688,0.5264042033146479
24689,2.405663575236063
24690,-0.5176171666193041
24691,2.9194570545632246
24692,-8.007410115516244
24693,-7.054025247592461
24694,-8.382450756838242
24695,-7.964280238173034
24696,4.722139543156038
24697,-5.410141332566199
24698,-7.236758297525043
24699,-8.074880843605856
24700,2.920011743423945
24701,1.68396083350332
24702,-5.898098966878626
24703,0.8882045396940867
24704,-8.282488657857309
24705,-5.675608099221256
24706,-2.1178430590559687
24707,-0.6885847148728301
24708,-8.317146528838707
24709,4.596607330923195
24710,9.64267406771023
24711,1.7730692430062651
24712,-8.159358867674111
24713,-0.11754041289695616
24714,-7.685412511047265
24715,0.2718412783481754
24716,4.1541384414133535
24717,-8.275611388110855
24718,7.5811696934317805
24719,1.9532298161692543
24720,-4.042906258247087
24721,-7.31748870350102
24722,2.9946419772424413
24723,-7.464726259811761
24724,-6.010289110553364
24725,-8.132730869867515
24726,-3.2270546012175236
24727,2.2301256825044655
24728,-8.007410115516244
24729,-6.8926433905803215
24730,-8.382450756838242
24731,-5.7483217309987715
24732,-8.279100891801086
24733,-3.05176357766578
24734,-6.344478510419784
24735,-6.9317793631693805
24736,-8.03650168439514
24737,-3.328508961511934
24738,-0.3613178086853363
24739,1.919480272030274
24740,-2.6115508956437443
24741,2.8010389831277993
24742,-8.380976426857135
24743,3.415112018598935
24744,-6.112524498618718
24745,-7.792676628571468
24746,-0.24732501822460695
24747,0.1702536819599311
24748,3.5359767245129614
24749,8.210179506753033
24750,1.7045122453850143
24751,1.553800849636549
24752,-0.3063292441486898
24753,-8.294311902076442
24754,-6.205287009618948
24755,-6.347562963882186
24756,4.0227255406247515
24757,1.1595447032476922
24758,2.9128668014701633
24759,-7.085930298648579
24760,-0.07902615251655543
24761,-6.1158056626708515
24762,0.10356318206467652
24763,-8.271467390272809
24764,-0.4427190930179159
24765,2.618011365152106
24766,-1.3317075657184487
24767,-0.6441658970465256
24768,2.6609481755016757
24769,-7.6988751858388
24770,4.135155357409302
24771,-8.074880843605856
24772,1.7371300814791981
24773,6.0218732839646805
24774,-7.500651963372396
24775,-7.91835468584034
24776,-7.2815009516527365
24777,-3.7976936436516135
24778,-8.34196385814234
24779,-2.955796981924976
24780,2.5556809027951175
24781,0.25682315545377343
24782,-3.653226292937241
24783,-1.357209650100625
24784,-7.953040575924045
24785,-7.805257178905011
24786,-6.414134994725876
24787,1.7281452194583138
24788,1.5688694190062604
24789,-8.294311902076442
24790,-1.1400736836620835
24791,-8.24158390282846
24792,-6.8602594186154615
24793,3.3660742968105963
24794,3.6327270098789235
24795,-7.474836120556249
24796,-7.60829274826684
24797,-8.132730869867515
24798,-0.5274619061115507
24799,10.24082794701511
24800,-8.007410115516244
24801,-7.054025247592461
24802,4.460774089303107
24803,1.9439405508535121
24804,1.5465071370274994
24805,-7.6988751858388
24806,-7.502004583677344
24807,-8.074880843605856
24808,-6.492709916045243
24809,1.1903943585205865
24810,7.830562188191137
24811,-4.994845318206222
24812,2.5800568159772563
24813,-0.7901050097527902
24814,1.7656612582267417
24815,-0.8896298178879447
24816,-3.0499919292853885
24817,-0.3681331969496169
24818,-0.27173205809619494
24819,-0.9754047055702961
24820,0.9828778879253679
24821,3.693125519437431
24822,-7.977749231746346
24823,-3.136334219777207
24824,6.357018977408895
24825,-7.16598047112945
24826,-6.663789659568211
24827,-5.941780785367273
24828,-7.989421600373484
24829,-1.3240671673474882
24830,4.474895967143636
24831,-3.6305769142922557
24832,-8.006811095391887
24833,-8.132730869867515
24834,1.6439091172520635
24835,-1.2480673720719269
24836,1.620499170229953
24837,1.3488380455902322
24838,-0.009632425846291759
24839,-8.094890801546223
24840,-4.928095637071934
24841,-7.6988751858388
24842,-0.8412740112168269
24843,1.6313589514043534
24844,-8.03650168439514
24845,-1.487524064706795
24846,-7.500651963372396
24847,-7.91835468584034
24848,-8.264144519040075
24849,3.485019389573846
24850,2.9980251350085374
24851,-8.097272030693007
24852,-1.4654541799171186
24853,-2.6703499574729443
24854,-6.867248828090512
24855,-6.529113418361243
24856,-7.391000745423513
24857,-0.3965562954510804
24858,-7.977749231746346
24859,-2.093606072968781
24860,-4.279321508187853
24861,1.1704433547433297
24862,-5.469767556272707
24863,-4.601003869625378
24864,-7.989421600373484
24865,-6.759358556040891
24866,-4.991354937856362
24867,-7.474836120556249
24868,-0.0682088502085545
24869,-2.7533322935145192
24870,-8.093340009100572
24871,3.0620336925537974
24872,1.0816097506219067
24873,7.189660547624726
24874,-8.382450756838242
24875,8.064469822119769
24876,-6.6443909865241295
24877,-1.6583650673599162
24878,-5.268520050760429
24879,-0.527152296522893
24880,-6.796437968686477
24881,-6.83108622625194
24882,-1.66185508942637
24883,-3.3550914368114513
24884,-8.319440228559495
24885,0.5600338709353501
24886,-8.380976426857135
24887,-0.5331058624443837
24888,0.37313845644247134
24889,0.12001716863148573
24890,0.3401071848600208
24891,-0.23274296864499533
24892,-8.142240324452349
24893,0.3941854316467963
24894,-1.8332383853851482
24895,-2.564623286656828
24896,-2.07007731180936
24897,4.123294805951477
24898,-7.362271356477599
24899,0.11248926423877648
24900,-7.92490418754455
24901,-3.3384608902143285
24902,-0.09508534743345054
24903,-7.474836120556249
24904,2.0185666577642523
24905,-0.6907469465073637
24906,1.1227517627380965
24907,-8.30819965045425
24908,-1.9660069434642344
24909,6.983652147360786
24910,-3.1488058212468664
24911,-1.0581348358529663
24912,-0.07963062675289911
24913,-7.6988751858388
24914,-1.7746682068706048
24915,2.385816835741241
24916,6.435737327432543
24917,-7.367898243453833
24918,-2.85218363435603
24919,1.3010595485965006
24920,-0.3742180685757654
24921,-8.3059700259
24922,-8.270898673927013
24923,2.140908829806715
24924,7.631166503253954
24925,-6.409208992308866
24926,2.389187271255529
24927,-7.778557899687017
24928,-0.801600580723558
24929,-7.805257178905011
24930,3.7595680423747684
24931,-2.090348663182586
24932,6.415938995008865
24933,-3.4183399862176014
24934,-7.652441584112492
24935,2.024271179750484
24936,-7.989421600373484
24937,-5.1987995587123965
24938,-0.7349031743619994
24939,-6.500141695190269
24940,-7.944484364849399
24941,-1.7282132842149043
24942,-2.4023873385039205
24943,1.7319462563999597
24944,0.48487440549627214
24945,0.33682641824317405
24946,-8.382450756838242
24947,-8.094890801546223
24948,-0.6540815460576757
24949,-7.9176477705354005
24950,1.4469359996807767
24951,-8.074880843605856
24952,-6.389044448660629
24953,-1.1706154020771673
24954,5.129374025016409
24955,1.5158957159806206
24956,0.3768900361347325
24957,6.687520154773159
24958,-7.5927671980913525
24959,-5.198633510518727
24960,-7.066402491604746
24961,-7.780005874627873
24962,1.8468685452148863
24963,-2.883077439917569
24964,-8.15685259823605
24965,-7.805257178905011
24966,-7.969597450267268
24967,-0.33718844661746616
24968,-2.4576796333337496
24969,-8.148491382068954
24970,-2.9199942631944538
24971,3.7416594479303136
24972,-5.546799598913294
24973,0.8723014329569333
24974,-3.2240089064005533
24975,-7.474836120556249
24976,0.7742922513251694
24977,-2.095776305459057
24978,-8.10466517429311
24979,5.165069367919792
24980,-6.723449617460407
24981,-7.054025247592461
24982,-3.5585563435562904
24983,-8.094890801546223
24984,3.5029157024904958
24985,-2.4548975850036117
24986,-1.3993815052520475
24987,-1.1369237556786151
24988,0.8428752541104534
24989,-1.4708054480410557
24990,4.103153437984118
24991,2.6361601834606554
24992,-4.0829279401462655
24993,-0.35809341954453966
24994,0.6573929820219946
24995,0.2293974549605695
24996,-8.317146528838707
24997,-1.3763858586372608
24998,-6.867248828090512
24999,-8.044825157347475
25000,-6.959554264991599
25001,-7.805257178905011
25002,-7.977749231746346
25003,-7.935119508687956
25004,-2.704012823891773
25005,6.128865915986006
25006,-8.299668685171286
25007,-8.24158390282846
25008,-1.9822987089150843
25009,-0.17487313793218218
25010,-2.3968314185144624
25011,-7.474836120556249
25012,5.298807926036826
25013,-6.659882986667382
25014,0.5790291882637479
25015,-8.30819965045425
25016,-7.412522025457152
25017,-7.038209422828439
25018,-3.266309492918483
25019,-2.775584904713158
25020,3.984362205767882
25021,-2.1242149106602763
25022,-8.297945143878502
25023,10.695987033426995
25024,0.8353598157939452
25025,-5.905149870821594
25026,-5.192235632295592
25027,-2.553977849480745
25028,-5.816018089865946
25029,0.040302322897384224
25030,-3.5959664144102588
25031,-7.309037562165723
25032,-0.14311849900792906
25033,5.221215655804959
25034,-0.8716199757797812
25035,1.9755890715966216
25036,-8.147437584471147
25037,-0.9276789700797763
25038,-7.958724220137197
25039,-7.536595298110377
25040,3.2060499079836657
25041,-7.808486324720014
25042,2.7948901673773943
25043,-3.090357398477197
25044,-3.3907689089698874
25045,0.010062127891534711
25046,-5.374798402781614
25047,-2.802703969578911
25048,-3.111021002830825
25049,2.341308341347011
25050,-6.2346025082674235
25051,-4.819307656820861
25052,-6.186559437833331
25053,-7.054025247592461
25054,-8.382450756838242
25055,-1.7322029380481851
25056,-8.073659219978783
25057,5.054452857347974
25058,-0.10402164145703942
25059,5.585201113507548
25060,6.000385642729446
25061,-7.367898243453833
25062,-4.5198289333827875
25063,-2.41009336752878
25064,-7.85294545378161
25065,3.251692186018683
25066,-0.9475039892748756
25067,7.886958632722365
25068,8.781897813514224
25069,3.8217206029124267
25070,-5.6117445982398815
25071,-2.285921802208497
25072,-4.868814743643046
25073,-3.331197600066056
25074,-7.817667741208138
25075,-0.4966988742387539
25076,-2.2822853105008143
25077,-8.294311902076442
25078,-8.299668685171286
25079,3.8491789277462765
25080,-0.41086553684476057
25081,-0.4298387669180319
25082,-8.224287822573178
25083,1.4001549418548687
25084,-2.1704442302113316
25085,-7.480450649120299
25086,-8.10466517429311
25087,1.8069239778295225
25088,4.151863300538883
25089,-7.054025247592461
25090,-7.387771747450831
25091,-8.094890801546223
25092,4.955263153801415
25093,3.2082479220761213
25094,0.818627613489672
25095,2.2029719797799974
25096,-3.403168480977472
25097,3.592599740508898
25098,-1.7853805963320812
25099,1.3614476225810712
25100,-8.28087865014592
25101,-1.951215943471104
25102,-3.1260887227829386
25103,-3.859303787084517
25104,0.02289434334362994
25105,-0.9099511755733196
25106,-6.867248828090512
25107,6.706382716018529
25108,1.4364086693754246
25109,-4.804349391659818
25110,-7.977749231746346
25111,-2.9161550686334365
25112,-8.27206778597042
25113,-0.785382506663266
25114,-0.562057532922521
25115,-8.24158390282846
25116,-7.989421600373484
25117,-8.201681175419639
25118,-1.2510927085557124
25119,3.2405347882062934
25120,-3.14274527859425
25121,-8.132730869867515
25122,0.4198587253544155
25123,2.657106769590931
25124,-8.007410115516244
25125,7.989051194047921
25126,0.9903119211041872
25127,-1.4889118474833998
25128,1.7138797965589678
25129,8.567925249779222
25130,-8.204161317078853
25131,-8.074880843605856
25132,0.31895788718188295
25133,-4.241503822179489
25134,0.3146437609227273
25135,2.960343466721886
25136,3.736266816039728
25137,3.122189160929846
25138,-1.4137265674216968
25139,2.0462186388884773
25140,-8.317146528838707
25141,-1.3837607412843282
25142,-1.11834092702652
25143,2.830179221110974
25144,-7.649679173467836
25145,2.6426218137116844
25146,2.701087139357853
25147,-2.6396952771607287
25148,3.51472201206935
25149,-8.294311902076442
25150,-8.299668685171286
25151,-1.3629898702042347
25152,1.9872516266496096
25153,-4.1957981721590984
25154,-3.0069146737580654
25155,-7.474836120556249
25156,-5.990657418336323
25157,-4.824943365801824
25158,-5.692641654200501
25159,-8.30819965045425
25160,-3.0379030727345215
25161,-7.07234306474002
25162,-8.382450756838242
25163,1.0719987649129874
25164,-3.244003657147983
25165,-7.516792062583088
25166,-8.297945143878502
25167,-0.8899530836435128
25168,-8.03650168439514
25169,6.497320773892517
25170,0.9308955145148824
25171,-7.91835468584034
25172,-8.309776368012631
25173,1.752774671839732
25174,-6.919039312688945
25175,-5.0799911791424375
25176,-8.317146528838707
25177,-7.743011820818223
25178,-6.867248828090512
25179,-5.919628696462667
25180,0.14697675655994624
25181,0.9047728126768663
25182,1.862615519224835
25183,3.0738200131019475
25184,-8.286229728067461
25185,7.50886906236247
25186,-8.299668685171286
25187,-6.700611516019864
25188,-6.240392862317359
25189,1.3826706303444427
25190,-1.3786341561581188
25191,-2.6997883768923567
25192,-0.05941217103631824
25193,-5.0156451908129345
25194,0.1500265539547998
25195,-8.30819965045425
25196,-0.09696342453130402
25197,2.390285436800006
25198,-0.569090745504879
25199,0.20130087573124178
25200,2.372490114457944
25201,-5.706186718056555
25202,-8.127568109396005
25203,-8.074880843605856
25204,-1.1144270160400378
25205,-1.1076940836618303
25206,-3.9041943746480503
25207,-7.91835468584034
25208,-0.4274107135148819
25209,-5.049239111204296
25210,-7.892407228997844
25211,-8.097272030693007
25212,3.6791741891180014
25213,-7.792676628571468
25214,-5.4759169574831414
25215,-1.2277021095310368
25216,2.9699850843182016
25217,-0.04273201021567008
25218,4.55817683822047
25219,-7.935119508687956
25220,-1.914200419419537
25221,-8.294311902076442
25222,0.7970993609965643
25223,-8.24158390282846
25224,-2.6738126664437383
25225,10.308190589300155
25226,4.237345920409925
25227,-6.607350006436015
25228,-8.006811095391887
25229,-4.524306621541655
25230,-6.857275948330197
25231,-1.9280333190306829
25232,-5.80262036033138
25233,-7.07234306474002
25234,-4.381196222758067
25235,-3.7302585764130036
25236,-2.422603551245757
25237,6.113064977827808
25238,8.29266497946835
25239,-8.074880843605856
25240,4.052038848742918
25241,4.282274933235757
25242,-0.29159564216530603
25243,-3.7379681363905517
25244,-1.8642446873085508
25245,-2.0368148335930742
25246,-2.018719412849384
25247,2.9498503968875442
25248,-8.317146528838707
25249,2.799488135167149
25250,3.202369852968596
25251,-2.0200584717870065
25252,-1.0108601996681894
25253,-7.805257178905011
25254,3.3906023403098686
25255,-7.935119508687956
25256,-8.286229728067461
25257,-8.294311902076442
25258,-4.646383847272072
25259,-7.51631156106628
25260,0.21862466321921548
25261,4.3141937937352495
25262,-8.224287822573178
25263,-7.474836120556249
25264,1.620385681383029
25265,5.688166617373346
25266,-0.9424294216591123
25267,-8.30819965045425
25268,-7.079529295335091
25269,4.760317355241707
25270,-8.382450756838242
25271,6.211582988395837
25272,-7.381791846509447
25273,0.7003558755723462
25274,-8.260105942873716
25275,-7.108104058298338
25276,7.39760754396022
25277,-7.367898243453833
25278,-7.500651963372396
25279,-3.898179936287751
25280,-2.1455206905033695
25281,-8.3059700259
25282,-7.665500206714022
25283,-8.097272030693007
25284,-5.221834924576763
25285,-0.4930898017982742
25286,-1.4380666551971792
25287,-8.044825157347475
25288,-8.159358867674111
25289,-7.805257178905011
25290,-7.977749231746346
25291,0.9456069665498643
25292,2.141659254926724
25293,0.06446885018011761
25294,-8.299668685171286
25295,-0.7345735036751512
25296,-3.1257119808822984
25297,-1.8770658204803912
25298,6.304586185433218
25299,-7.429503498741116
25300,-7.783259893561226
25301,4.131917845439002
25302,-8.10466517429311
25303,0.4890731066460389
25304,1.0316405082010722
25305,-1.0612524449206127
25306,-8.382450756838242
25307,3.0027658230395784
25308,-6.262328588538873
25309,-2.658155615580444
25310,-4.892924529468166
25311,-8.074880843605856
25312,1.6370378717363874
25313,-3.067195017282421
25314,-7.101496471623139
25315,1.1994777407522272
25316,2.6795182144004697
25317,-8.3059700259
25318,-7.210551592261609
25319,-8.097272030693007
25320,8.944698754586208
25321,-3.2101812649177353
25322,-4.16690128401938
25323,1.1514880252163713
25324,6.272563285086043
25325,-1.5774173766383472
25326,2.7840950951433383
25327,-0.19841694328107196
25328,-7.328291901946672
25329,-8.294311902076442
25330,-8.299668685171286
25331,-5.956214037422932
25332,-0.5121610876117432
25333,-1.3936819739601862
25334,-8.224287822573178
25335,-7.474836120556249
25336,-1.5618102286166775
25337,5.953388618827049
25338,-1.9308326989105011
25339,-2.4696816908338635
25340,-2.7984942529679895
25341,-2.926069157463049
25342,-1.0043734289532864
25343,-3.5857189097267987
25344,4.993764224430457
25345,2.727525224433929
25346,-7.079706782990615
25347,9.063048297208494
25348,4.05129099197968
25349,-5.855708627814265
25350,-7.500651963372396
25351,-7.764769921077798
25352,-8.319440228559495
25353,-0.8818727096623502
25354,-0.8687798595044334
25355,-8.319540887907252
25356,-0.0696027636768265
25357,2.1565047333328575
25358,-6.88924762027643
25359,0.5604779354886595
25360,2.0174834461297793
25361,2.785724227385443
25362,6.141101065389873
25363,2.346299593008345
25364,8.635164661588103
25365,-1.0369812884263854
25366,4.258412779554481
25367,3.295837662127385
25368,-7.989421600373484
25369,-0.2505396904243944
25370,-7.71787369320372
25371,-7.474836120556249
25372,4.032052911960005
25373,-3.855956319167904
25374,-6.587552136488684
25375,4.205083524173367
25376,-0.8424077608721654
25377,-0.3241155210125206
25378,-8.382450756838242
25379,0.3645511625821345
25380,5.124458201471253
25381,9.787103835366736
25382,-0.566772865001009
25383,2.230040609080098
25384,-8.03650168439514
25385,1.8153631536731867
25386,-7.299042367541068
25387,4.62419975302495
25388,4.822129466352024
25389,-5.4176480817547406
25390,-8.2568554563361
25391,-7.720795749618908
25392,-0.40732182361357605
25393,-6.500611295515916
25394,-1.531765428374412
25395,-2.4286924834197037
25396,-0.5569210633468835
25397,-7.805257178905011
25398,-3.804426998319654
25399,-3.8919187165761446
25400,-4.226257111890247
25401,-8.294311902076442
25402,-1.6726823771788053
25403,-2.868426317992518
25404,8.729900757313407
25405,1.253363010527662
25406,-4.568751736447301
25407,0.5648778708128408
25408,-0.15787807151608013
25409,-0.5549009545143385
25410,-8.10466517429311
25411,-8.205604055973792
25412,-8.007410115516244
25413,3.575358140691091
25414,-8.382450756838242
25415,-1.819523725872386
25416,1.0400715168231436
25417,-4.874944710472505
25418,1.4026271394127048
25419,-0.003939042108926927
25420,-0.6696633289938108
25421,1.898736498411242
25422,-6.510185741130741
25423,-4.198719034335295
25424,-8.021675530148244
25425,-4.924730535536488
25426,-8.380976426857135
25427,0.36878940020691764
25428,-4.814993937822877
25429,-5.163211856601461
25430,4.434907295572352
25431,-0.08961739743094066
25432,-3.9829949393602644
25433,-0.7779788193985655
25434,-0.3177013950462667
25435,-4.422037573318611
25436,-2.9599339385279704
25437,-8.294311902076442
25438,8.765037465694226
25439,-8.24158390282846
25440,-7.5025664667582
25441,-7.839838093136254
25442,-6.416442869420872
25443,-1.4245567971705693
25444,-8.006811095391887
25445,-7.379943958528211
25446,0.7816177765162484
25447,-7.754602094306547
25448,-7.941610032573165
25449,6.56913800382057
25450,-8.382450756838242
25451,0.47307598683954144
25452,-8.012743956578165
25453,-7.459109039037784
25454,-8.297945143878502
25455,-8.074880843605856
25456,7.475977677854866
25457,-3.3670560083190586
25458,-6.7060500525790605
25459,3.913161392711557
25460,1.5208737260373986
25461,-4.486378898093828
25462,-8.380976426857135
25463,-7.02082729813918
25464,-2.8666252323172534
25465,-7.792676628571468
25466,-2.928563237437116
25467,-7.76912264548183
25468,3.8706215951759733
25469,-1.1537317625918213
25470,-4.037448899987096
25471,-3.364082926119408
25472,7.249257858188361
25473,-8.294311902076442
25474,-2.812483576104993
25475,12.691469084887778
25476,-7.989421600373484
25477,6.001316408078523
25478,-8.224287822573178
25479,-0.6577754746508315
25480,-8.006811095391887
25481,-0.656820630673302
25482,-7.04760588170785
25483,-8.283157569632667
25484,0.6816473189426018
25485,5.117894326227692
25486,-2.490798775780475
25487,-8.094890801546223
25488,-8.499203561291294
25489,-3.5014149680680364
25490,0.20770940541695293
25491,11.327679145292384
25492,-8.03650168439514
25493,-7.367898243453833
25494,-5.760067014911906
25495,4.322098148034066
25496,6.119248569727739
25497,-7.095858061326113
25498,-3.009764897145752
25499,-8.319540887907252
25500,-8.204300993153923
25501,-3.105413823044259
25502,-6.88924762027643
25503,-7.920313837522811
25504,-0.5704015812052288
25505,2.7523873334406925
25506,0.3749992872777298
25507,-2.8182322655555794
25508,-4.662790539006796
25509,-8.202091662427787
25510,0.553893172622844
25511,-2.1335398131861965
25512,-0.6977991409205735
25513,3.887502220220835
25514,-4.5447964763675035
25515,-8.022306233925084
25516,-6.985360218301798
25517,-1.2072634630148187
25518,-6.383206667187263
25519,-1.806657507849224
25520,0.3650491857118027
25521,-0.34652433800519056
25522,-0.8844375546609492
25523,-0.2544974295662614
25524,6.686372516282955
25525,2.5090880560335607
25526,-8.297945143878502
25527,0.1851552981974285
25528,4.961804282160435
25529,-5.752952265148351
25530,-0.312560770514704
25531,-5.256543272940505
25532,-1.0716590388824425
25533,-2.1134383271456945
25534,-0.6639701153315412
25535,-8.319540887907252
25536,-1.4275244325327774
25537,-7.528329398057515
25538,-6.88924762027643
25539,-2.4629175259564144
25540,-8.159358867674111
25541,-2.1105550635495978
25542,-0.3961767150124327
25543,-2.546996826110831
25544,1.4579885205579206
25545,4.39068868251408
25546,2.8741035183267347
25547,2.3000204099479955
25548,-7.989421600373484
25549,-7.49833141239161
25550,-5.067865401846048
25551,-7.58060637877202
25552,-2.9109400867550925
25553,-0.593442011451758
25554,3.1273489882413386
25555,0.7312396452026686
25556,-0.9946451813015752
25557,5.969253068180944
25558,-8.382450756838242
25559,4.940810443616682
25560,-8.201627692390447
25561,0.767680199345443
25562,-8.297945143878502
25563,-6.59850497485624
25564,-2.6619007631648683
25565,0.3426415540685954
25566,-6.764276384051445
25567,0.8390807943248997
25568,-8.319440228559495
25569,-7.971817750356995
25570,-8.380976426857135
25571,-1.8035266328983592
25572,-8.169393033281114
25573,-7.792676628571468
25574,-5.616982567567157
25575,6.707874244354341
25576,1.4863847790589708
25577,-7.82410540436617
25578,-6.22033655467109
25579,1.2167796752996531
25580,-8.286229728067461
25581,-4.197327293170349
25582,-2.18626900999117
25583,-1.0523885334649739
25584,-2.556029279075929
25585,-0.21605041825290747
25586,-3.021684231758168
25587,-7.305436824695903
25588,13.209919061812686
25589,-1.061663195518653
25590,10.563524249193295
25591,-3.540047138997104
25592,8.872501533789785
25593,-4.83875453065028
25594,-3.5413741513017984
25595,-7.4719584181903365
25596,-6.7454352858644
25597,-0.9205834514915519
25598,0.9482139634516228
25599,2.7635732435426736
25600,-8.03650168439514
25601,1.7372228061330268
25602,0.07483414061920857
25603,-4.695956709421265
25604,-8.319440228559495
25605,-6.5097492029822615
25606,-2.1122630654964523
25607,-8.319540887907252
25608,-8.317146528838707
25609,-7.792676628571468
25610,-3.6335542157931435
25611,-7.644187030147355
25612,-0.3229308589979638
25613,-0.46229264970973394
25614,2.270468518700893
25615,0.4130212171360253
25616,-8.286229728067461
25617,-0.6520377362151577
25618,1.9787679273816714
25619,-1.4336692438141907
25620,-7.989421600373484
25621,-6.639948821748426
25622,3.4987843492851525
25623,-8.022306233925084
25624,-6.908818653865217
25625,1.353348278652572
25626,0.6562349318972043
25627,-8.30819965045425
25628,-6.855232733631039
25629,0.607745561676463
25630,-0.5158135473320693
25631,-0.6587368222942585
25632,-7.0775759850540805
25633,7.7187277782524175
25634,-8.297945143878502
25635,1.738956958372846
25636,6.817213606251107
25637,-7.367898243453833
25638,9.877724856543757
25639,3.952024731515034
25640,10.857343733361173
25641,-3.5483969601254532
25642,-8.345837028559346
25643,7.294190416988931
25644,-7.648442186268661
25645,2.0998744884666642
25646,-5.797868605338233
25647,-8.044825157347475
25648,1.6519477766062123
25649,-7.628163525392273
25650,-6.546259129321656
25651,-7.935119508687956
25652,-1.979719060194102
25653,-0.7366141779167641
25654,-5.828089330241616
25655,-1.3446249037125906
25656,-0.7242884478245474
25657,-2.670833352939818
25658,-8.052626819947916
25659,-7.357727682697506
25660,-5.88393303350746
25661,-8.132730869867515
25662,6.724590839865537
25663,1.05716686260706
25664,-7.988558771119216
25665,5.946090386257702
25666,4.306982333149511
25667,2.4619217682381516
25668,1.01549040078162
25669,0.24592315013124422
25670,-1.8453640556835622
25671,-8.074880843605856
25672,5.513220624109172
25673,-7.367898243453833
25674,2.310983749063494
25675,-3.356257138420111
25676,-8.319440228559495
25677,-7.185231329732602
25678,-3.4558540375141926
25679,-8.319540887907252
25680,-8.127153171472663
25681,1.9176759020831977
25682,-6.631121564033916
25683,-2.8386799354161116
25684,2.91239610001861
25685,-7.82410540436617
25686,-7.9820081362906015
25687,-7.845605418027034
25688,1.462256026751894
25689,3.8170855127230245
25690,-7.431561957140904
25691,-7.588403049200155
25692,-7.553443748285542
25693,-7.868309148952586
25694,-8.224287822573178
25695,-8.022306233925084
25696,2.9304675262502418
25697,1.2922060716774477
25698,-8.031329712525233
25699,-3.0633279397972717
25700,-0.9898092962038557
25701,-2.3274735810480243
25702,-0.966053339722527
25703,-8.094890801546223
25704,1.3578871847969385
25705,-7.9176477705354005
25706,-7.550063979338836
25707,-8.074880843605856
25708,-8.02231880591673
25709,-0.5854545697928912
25710,-1.7583962601874616
25711,-0.814551440972632
25712,-8.319440228559495
25713,-2.6598772438893135
25714,-0.7485728922561543
25715,1.8797629644626965
25716,3.1882400720606685
25717,0.8649373865984922
25718,-1.1160906851231864
25719,0.07045576689139177
25720,-2.8676971140968823
25721,-7.82410540436617
25722,3.200755118251246
25723,0.29337492586021874
25724,2.5856354621466497
25725,0.41507234705230256
25726,-3.359579311288283
25727,-7.520441548077184
25728,-0.17003943747425954
25729,-8.201681175419639
25730,-2.3196592527678095
25731,-1.29279320627021
25732,-2.6812352041380088
25733,-6.640039234899736
25734,-2.2040711787762977
25735,6.6775727838182215
25736,0.4303058872159644
25737,9.37273601865894
25738,-8.334690837640407
25739,-8.094890801546223
25740,-7.874063192574608
25741,-2.686151260804843
25742,-4.543300002073421
25743,-6.872098774443264
25744,-0.297190795415756
25745,1.99607650392639
25746,-1.1522072547695614
25747,-6.158864031445201
25748,-3.5561724464830573
25749,-3.3996701657434962
25750,0.8246856061238903
25751,-7.447251212566763
25752,-8.15741046378139
25753,-7.792676628571468
25754,-0.4864748244121009
25755,3.79515288336371
25756,-0.18790646667835587
25757,-7.78162580728831
25758,-7.9820081362906015
25759,-0.8829686105544468
25760,-8.286229728067461
25761,1.6884898108049091
25762,2.144729395173938
25763,3.855398419381113
25764,-7.989421600373484
25765,-8.201681175419639
25766,3.0890048615217425
25767,-0.34182937723399154
25768,-8.079058641241296
25769,0.9870600865108703
25770,-3.0079632788743975
25771,-1.7639027780483278
25772,2.6588338435043575
25773,-4.925604570643548
25774,-8.02503458664302
25775,-8.094890801546223
25776,3.253006099609942
25777,-3.8135084392689373
25778,-8.297945143878502
25779,-8.074880843605856
25780,-8.03650168439514
25781,-2.61108760386767
25782,-5.7685850927292925
25783,-1.5062332354419372
25784,-0.8426145824812106
25785,-8.3059700259
25786,-3.398389647167324
25787,-8.319540887907252
25788,-8.317146528838707
25789,-7.79204665865449
25790,-3.655095566058717
25791,-7.7951533057097215
25792,-8.159358867674111
25793,-7.82410540436617
25794,5.416517235963756
25795,0.3804491218746786
25796,3.0531230303488037
25797,-8.294311902076442
25798,-1.5354080846733904
25799,-8.191601027828545
25800,-1.2804521854054327
25801,1.3755745112351576
25802,-0.4503679922183992
25803,-8.022306233925084
25804,5.468810084181172
25805,-8.132730869867515
25806,-8.096650613407016
25807,-7.557189345836945
25808,1.4911660301173202
25809,-2.113969773168444
25810,-8.382450756838242
25811,-2.847112953572452
25812,1.3553885627565325
25813,-7.426029210772777
25814,-5.976356485737532
25815,-7.000543570675739
25816,-3.1910254895240624
25817,0.8993474424331251
25818,-1.8896755301085235
25819,-7.254677087058063
25820,-4.809384447414004
25821,4.165381515695078
25822,0.8643515155611252
25823,0.38330750658919477
25824,-8.317146528838707
25825,-2.895353811839898
25826,-5.062757277345036
25827,-8.044825157347475
25828,-2.716606676905642
25829,0.4354424446167032
25830,0.020387384946199738
25831,1.8681676694658442
25832,-0.8286504564353777
25833,-1.4895263722155518
25834,-1.3897131309757302
25835,-0.7972796518901188
25836,-3.275797530110758
25837,-8.186651394518725
25838,4.3936836600735
25839,-0.32955812557749464
25840,-5.118038090186676
25841,0.3971827978171346
25842,-3.0335929226556795
25843,-7.42725732802154
25844,-8.007410115516244
25845,-1.2242697349220828
25846,-0.16853082303024536
25847,-8.094890801546223
25848,-0.9947529854598152
25849,3.1890630516907326
25850,-8.236340710260805
25851,-8.074880843605856
25852,-5.33983927537236
25853,-1.401088702959577
25854,-3.9276756241266355
25855,-6.739326630435176
25856,0.5917460128778049
25857,-7.157924476186759
25858,1.5718837673408674
25859,-1.2487404653373126
25860,8.782572682528826
25861,-7.792676628571468
25862,-0.4711286023524204
25863,-1.0613302580977795
25864,-0.6093593093387197
25865,-7.8166085311830775
25866,-7.942829194275902
25867,-7.935119508687956
25868,3.0059473637899567
25869,-7.953076365460821
25870,-8.149198027176608
25871,-2.9855959504827667
25872,-0.33423260936194976
25873,-7.5091261357598675
25874,0.8912034591133711
25875,-4.685516480230862
25876,-8.079058641241296
25877,-2.965148909836656
25878,-8.10466517429311
25879,-8.36524057233232
25880,1.9286589289109455
25881,-7.07234306474002
25882,-2.7413602769323617
25883,0.6214643705321496
25884,1.1330033903637244
25885,3.122052043834061
25886,-6.71912707744644
25887,-0.41374114032359155
25888,-4.765764081259575
25889,-2.3612804258832574
25890,1.2514270765493556
25891,2.637144653306499
25892,0.6798414228171183
25893,-8.3059700259
25894,-8.380976426857135
25895,0.544724975007834
25896,1.6989532221891834
25897,-7.1321464859943005
25898,2.030965561257931
25899,4.75353803275311
25900,4.564258694891071
25901,-0.4129126512899244
25902,-2.8173883486780786
25903,-7.935119508687956
25904,-8.286229728067461
25905,-7.460757080407312
25906,4.167445178082508
25907,-8.231605000982633
25908,-7.989421600373484
25909,-8.201681175419639
25910,0.22611140641997973
25911,-6.5366928093660706
25912,-3.2867982014119113
25913,-3.5536178745355835
25914,5.582251999039825
25915,1.2043640558721727
25916,2.615055336827221
25917,-6.889392975019614
25918,-8.382450756838242
25919,-4.471518979435615
25920,-3.652792373901075
25921,-7.646445442845133
25922,-8.297945143878502
25923,-8.074880843605856
25924,-2.5310627595190165
25925,-0.34661059366764735
25926,1.904889023027408
25927,1.7624171803116326
25928,2.960964447358605
25929,2.99259173005796
25930,-2.9201458500607513
25931,-7.832912777797901
25932,-8.317146528838707
25933,1.99289042362945
25934,-6.88924762027643
25935,3.3134253744505204
25936,-2.907972860540001
25937,-7.834382602532601
25938,-1.052272523009611
25939,-0.2822473146691908
25940,-2.11312123067437
25941,-7.624632867561377
25942,0.7190948169928578
25943,-8.24158390282846
25944,4.162981992616105
25945,4.241038996026466
25946,0.7194351644054122
25947,2.39064329959018
25948,0.2894334335918156
25949,2.5285952251361414
25950,8.572644769755897
25951,-7.699992707648157
25952,-8.334920381988473
25953,0.6730849652647585
25954,-3.959353179437138
25955,-0.7562382816807438
25956,-8.499203561291294
25957,8.840766556005496
25958,-4.915091948539716
25959,-1.0833203677360166
25960,-0.8096551241013248
25961,1.6342131439271879
25962,5.428093093681671
25963,4.911678602715852
25964,-6.206868197845399
25965,-1.9763463875661604
25966,1.7977705068339271
25967,2.4220225294977262
25968,-2.4687473241541755
25969,1.0184030054262638
25970,-6.88924762027643
25971,0.18115602085080296
25972,-8.123732612876317
25973,1.688121528209544
25974,1.0938214620586564
25975,-2.6554361638839605
25976,2.945122884320882
25977,-1.1154478618722905
25978,-1.337940126717493
25979,2.056619904457177
25980,-5.451001060384501
25981,-4.463498183175307
25982,-0.766343927934331
25983,-0.710790528371391
25984,-1.4934819865738707
25985,-8.114275180876671
25986,2.8965115797087595
25987,-8.36524057233232
25988,-8.334920381988473
25989,-1.5311010895934527
25990,-8.382450756838242
25991,-8.094890801546223
25992,-0.3828882846509316
25993,3.8545090010031915
25994,-7.174748939260027
25995,12.491392151831725
25996,-1.1642878896999005
25997,-3.0058986403991708
25998,-7.553891502240233
25999,3.018607715859556
26000,-8.319440228559495
26001,-5.157309264877288
26002,0.1576726015197828
26003,4.900882245884849
26004,3.890585628957412
26005,-0.8545412795207045
26006,-2.863850065057106
26007,-2.117451569664831
26008,-8.159358867674111
26009,-3.5093601228301905
26010,-1.1416218986303421
26011,4.5258323691227105
26012,-8.060691319436248
26013,2.1012212552270473
26014,-8.350518503552383
26015,-8.24158390282846
26016,-4.081467376659569
26017,-1.7239256857578646
26018,-8.224287822573178
26019,-8.022306233925084
26020,-8.079058641241296
26021,-7.729955929379261
26022,1.351732791546911
26023,-7.947156127668827
26024,0.3018877776304102
26025,-7.07234306474002
26026,-8.382450756838242
26027,-2.2990169688500846
26028,1.6067961336583643
26029,7.157658903637216
26030,-0.9882354687461921
26031,-0.8935890032933334
26032,-2.1452389519949016
26033,0.07362793965495484
26034,-7.553891502240233
26035,-6.835239987869388
26036,-1.1040206461490296
26037,-8.3059700259
26038,2.446632024004867
26039,-5.517555895170613
26040,-6.406197335392274
26041,1.4775203765562084
26042,9.399619859787535
26043,2.4895754160615335
26044,-8.159358867674111
26045,-7.834382602532601
26046,2.5642835242840816
26047,-7.935119508687956
26048,0.8231139680632471
26049,3.181129472736978
26050,11.765747527276613
26051,3.522351378954548
26052,-7.9274177831633255
26053,-7.1096535183760725
26054,-4.82647656308468
26055,-6.121044334142651
26056,-4.2930584083117544
26057,-7.395776118671433
26058,8.46809541546751
26059,-8.36524057233232
26060,3.6392488365475053
26061,-7.07234306474002
26062,-6.845015543297083
26063,2.32265925153027
26064,-8.499203561291294
26065,-7.688984130552078
26066,-2.2173494859609475
26067,3.6642060056285852
26068,2.42884327172937
26069,-3.2921975537756665
26070,-7.553891502240233
26071,-7.134675187845355
26072,-2.5984303423689807
26073,-5.669797896878659
26074,-8.380976426857135
26075,-6.2895746377464015
26076,8.23854599290606
26077,-7.792676628571468
26078,0.5539006627327174
26079,-0.7213275957885763
26080,-3.732107779794598
26081,6.089696867117669
26082,4.05576449393749
26083,-7.935119508687956
26084,-6.562217857482732
26085,2.92940288304763
26086,-7.104710243794913
26087,9.73566046727774
26088,-5.219805626416945
26089,-8.201681175419639
26090,-7.506596401597519
26091,1.296022236841151
26092,-8.128112421524353
26093,1.2448913667015753
26094,2.0260399903093522
26095,-8.36524057233232
26096,-2.5010143195665133
26097,-7.07234306474002
26098,-6.620011522619644
26099,-8.094890801546223
26100,2.578383637388952
26101,7.245889789257203
26102,0.20152930574003358
26103,-8.074880843605856
26104,-5.449131600034849
26105,-5.5490029523531135
26106,-7.553891502240233
26107,-5.567869780418514
26108,-7.798264002487973
26109,-3.7626253692926355
26110,3.9113485576954443
26111,-8.403399038918232
26112,-8.317146528838707
26113,-1.7189344938131468
26114,-0.2702073410901175
26115,-0.005319494233163802
26116,-2.814940079344832
26117,-6.410285987374354
26118,-0.2306051499989374
26119,-7.935119508687956
26120,-8.286229728067461
26121,-5.279474267977873
26122,-4.6377798104009305
26123,7.304102704900968
26124,3.8017192492534067
26125,-8.03779740569416
26126,-7.008236245888309
26127,5.44561864455986
26128,-0.9794051429124793
26129,-8.161573067684387
26130,0.9764582436260083
26131,-5.1505388513682275
26132,-3.4717873214286477
26133,-6.987241480175903
26134,-3.011952158230442
26135,1.0845186644246163
26136,0.8193565350340593
26137,-7.9176477705354005
26138,-8.297945143878502
26139,1.2283753467992424
26140,3.3420362828886008
26141,-7.379083380514297
26142,1.8331362501706217
26143,3.8156868530980046
26144,-2.8365007799907676
26145,-8.3059700259
26146,-8.380976426857135
26147,-0.3506169324133843
26148,2.3862950775594696
26149,6.306300679523032
26150,10.779439787964412
26151,4.6481628095025105
26152,-7.7348610915805445
26153,4.452302079545831
26154,3.3892726865978764
26155,0.2411127898953519
26156,3.28025950028063
26157,-8.226240958669555
26158,-0.2764364049453838
26159,-8.24158390282846
26160,-3.794367893935481
26161,-5.258799825333908
26162,1.578320315902523
26163,-6.2021465913542055
26164,-2.100527605293917
26165,-8.161573067684387
26166,-0.7001808480684807
26167,-8.36524057233232
26168,-8.334920381988473
26169,1.5648326340393148
26170,9.819292489321057
26171,-2.082338930364046
26172,-8.178163392908429
26173,-7.8885170361821455
26174,3.753357823221031
26175,12.334454609407036
26176,-1.1673994782371713
26177,1.3153494788574194
26178,-1.0331840647199302
26179,3.294125112283118
26180,-2.2488008605935805
26181,-8.3059700259
26182,0.29086683314149014
26183,1.3370996795903194
26184,-4.09719145999745
26185,-3.0055276634771055
26186,-1.5971465025497436
26187,-3.2262424742734614
26188,1.2050549956973235
26189,-6.914872938377439
26190,1.351580455715226
26191,1.961540220547766
26192,-2.4920249844313234
26193,-1.1047102576286199
26194,-8.31144318197016
26195,-8.23114831953493
26196,-7.989421600373484
26197,4.2810119817288825
26198,-7.2628174121895075
26199,0.6392931660882426
26200,-8.128112421524353
26201,-4.975470509626281
26202,-8.10466517429311
26203,1.3098924827714087
26204,-5.916251673191891
26205,4.660182280310423
26206,-8.266700409680134
26207,-3.231398527962911
26208,-1.826675505189112
26209,0.32042892410613494
26210,-2.724811854516494
26211,-8.074880843605856
26212,-5.380435187696604
26213,-5.410377753935856
26214,-2.878161997111616
26215,-7.8386143795646195
26216,-1.4183532674981036
26217,-2.2436457359619224
26218,-6.973170967492488
26219,-1.88200270146569
26220,-1.1234165154839544
26221,-6.45190907883024
26222,3.573755005032165
26223,1.1285856367674474
26224,-6.345082681341776
26225,-7.834382602532601
26226,4.547448039068236
26227,-1.6804204321345562
26228,-8.286229728067461
26229,-0.22320845005621542
26230,-8.350518503552383
26231,2.1875795013579866
26232,-0.44870981496024476
26233,-3.8803656346481623
26234,-8.20904649849452
26235,-7.742407624438868
26236,-2.9046328083578636
26237,-1.028205288740774
26238,-7.11070449217085
26239,6.787771583451646
26240,-8.237770363715235
26241,-7.07234306474002
26242,1.3918103921870828
26243,-1.5296024440913336
26244,-8.165381255484094
26245,3.4360914380954997
26246,-3.076495619818809
26247,-8.074880843605856
26248,-8.03650168439514
26249,-6.128921050636107
26250,-7.553891502240233
26251,0.29349022152171816
26252,2.2072327972262493
26253,-3.49867249601071
26254,-2.3082080831654483
26255,-8.1910985739289
26256,-8.317146528838707
26257,-7.489466780069005
26258,0.14337171919872083
26259,1.6714954465543954
26260,-8.159358867674111
26261,-0.9129422909973636
26262,-7.9820081362906015
26263,-7.432288032300302
26264,-8.082759043810528
26265,-4.05572385139728
26266,-1.0980543943259327
26267,-1.72781469238857
26268,6.70395089796891
26269,-8.201681175419639
26270,-7.647466110479163
26271,-0.9542736712985307
26272,1.3501432640937536
26273,-8.161573067684387
26274,-1.9889451723561016
26275,0.8842971805005767
26276,0.7916778571476132
26277,0.5961715350845356
26278,-8.382450756838242
26279,-8.094890801546223
26280,1.3610195010299815
26281,-7.920915829349122
26282,3.096733305432276
26283,0.05539419600455178
26284,4.675329823113939
26285,1.7224153996417337
26286,-7.553891502240233
26287,4.531057865917496
26288,-4.070520559110301
26289,6.670843219171219
26290,-8.380976426857135
26291,-7.704169421658612
26292,9.247910231622015
26293,-2.980570243232517
26294,-6.88924762027643
26295,-6.931529358355189
26296,-8.004763314000074
26297,12.139358435889996
26298,-1.132324148226507
26299,-0.16796089161777294
26300,6.091610093571515
26301,-8.295668116112871
26302,-7.109428953794515
26303,3.6244405842780965
26304,0.9435090615145868
26305,0.6021132644283972
26306,3.361706148671729
26307,-7.931833828228298
26308,-7.1481500359485635
26309,-7.808534411575036
26310,-8.10466517429311
26311,-8.36524057233232
26312,1.2541924227457488
26313,6.01592617856145
26314,-8.375735710735793
26315,-1.0252936171249238
26316,-8.295892772101496
26317,-7.920915829349122
26318,-0.30979623560410996
26319,-8.074880843605856
26320,-1.4756534230534069
26321,-7.192167361211875
26322,-7.479418200360256
26323,-7.91835468584034
26324,-8.346591481275295
26325,-3.1723348720023963
26326,4.810360663620852
26327,1.5662310034515627
26328,1.380416175793317
26329,-7.792676628571468
26330,-2.9965397008047656
26331,0.5057260030008119
26332,2.3195744268234386
26333,0.8426643580314392
26334,3.1414610658055784
26335,-7.130536966751729
26336,-3.2089599261812753
26337,-8.295668116112871
26338,-7.902352034311338
26339,0.9363785414057804
26340,-0.15675643191094202
26341,4.679303912272739
26342,-1.9026875632692097
26343,-6.5450053421425185
26344,-0.6434002069362327
26345,-8.161055783372126
26346,-4.992211728030588
26347,-2.344482499810736
26348,-3.4150282990980263
26349,-1.1757421211230823
26350,-3.580810439428639
26351,-8.110788643024678
26352,4.375229726213637
26353,-5.122214946230429
26354,-7.756545375354173
26355,1.216243704934805
26356,-2.1369373537279595
26357,8.432034817497367
26358,-6.21049371005315
26359,8.062873436044946
26360,-0.9319541572013268
26361,-7.551075068113243
26362,6.5428961671695856
26363,-8.210278457233596
26364,-8.317146528838707
26365,-7.792676628571468
26366,-0.8972847129169006
26367,-8.013169079892133
26368,3.632381178790177
26369,1.147106830289249
26370,-7.9820081362906015
26371,1.5235264718339359
26372,8.387342571808926
26373,-2.604362982261885
26374,-1.256721397672801
26375,-8.24158390282846
26376,3.827423999890785
26377,-3.053231927364462
26378,2.727815298561091
26379,-8.022306233925084
26380,9.297616862859165
26381,-8.161573067684387
26382,0.7712384564601718
26383,-7.6809281531494085
26384,-8.005448062445762
26385,-2.0217309306512448
26386,-2.251425407504928
26387,-2.16820718009504
26388,1.6751991863158109
26389,-7.920915829349122
26390,-3.3164690911037518
26391,13.476565304791762
26392,-8.03650168439514
26393,-1.6173024579144415
26394,5.435972670751456
26395,1.8387957087392717
26396,3.6610333263158763
26397,-4.357077612627811
26398,-8.380976426857135
26399,-7.823155266769075
26400,0.6137468599446301
26401,-7.792676628571468
26402,-6.88924762027643
26403,0.8184062669466035
26404,-8.165248177061056
26405,4.647608803978585
26406,-0.32985928693568006
26407,0.3384343421746392
26408,3.010442798270642
26409,0.8267302714552343
26410,-8.350518503552383
26411,-1.7707041683785278
26412,-5.028838975634856
26413,-1.502785931522792
26414,-2.471329474105221
26415,-8.022306233925084
26416,-4.207700959974394
26417,-0.7933453660070576
26418,3.891690954521691
26419,-2.0826801283361474
26420,0.9599925665179043
26421,1.7580438909097176
26422,2.454191967262625
26423,-2.027195837166176
26424,0.11573861861282375
26425,-5.8441058824632695
26426,-7.8347144665200945
26427,-8.002451086775555
26428,4.968657335018831
26429,-0.4292250767666501
26430,-7.579513709028287
26431,6.08368523465847
26432,0.7404604269585171
26433,-0.5111228959962685
26434,1.7794139417328176
26435,-8.257900230356402
26436,7.801375621222271
26437,2.476143310199418
26438,-0.915824856697276
26439,3.029959943135923
26440,3.6195947994737367
26441,-6.63853450255613
26442,-7.89518745132467
26443,-0.07237222660635978
26444,1.0326407229597432
26445,1.2143620793496224
26446,2.740291679303091
26447,1.102949564652683
26448,-7.070044230887476
26449,5.65858852818773
26450,2.524569532870136
26451,-8.022306233925084
26452,-7.909365027996918
26453,-7.951729295623959
26454,0.32166198708625715
26455,-2.8583804035760827
26456,-8.334920381988473
26457,-0.15558103222729824
26458,-8.382450756838242
26459,-1.367835148196123
26460,-8.499203561291294
26461,-2.9549831988035518
26462,-8.297945143878502
26463,4.25699713170558
26464,-7.471445348435447
26465,-7.379083380514297
26466,-7.579513709028287
26467,-0.5332227060573661
26468,-4.702418469178164
26469,-3.1727484663892827
26470,-4.243564821766138
26471,3.079875942901835
26472,-0.1898203477178857
26473,-3.529437881088965
26474,2.2568499956859096
26475,-7.698764096219493
26476,-7.961072357791917
26477,-5.605830617282741
26478,-1.0278623866396566
26479,-7.935119508687956
26480,2.0870243237079613
26481,-3.894283431597012
26482,3.0956656583401214
26483,2.8039120707440963
26484,-2.1210785533476177
26485,1.0617718808061753
26486,3.0443657470203114
26487,-4.901698713167477
26488,0.5214394370406858
26489,-3.497396953060605
26490,-2.5065985974729474
26491,-8.183350663802425
26492,-8.216189885930003
26493,8.292205085667298
26494,-7.918106153764335
26495,-1.8876997271427047
26496,-5.0320887192543395
26497,2.0096610509267814
26498,-5.372001468520036
26499,-7.352846906825135
26500,-8.03650168439514
26501,-7.379083380514297
26502,-0.24998036065414553
26503,-2.259155474573991
26504,3.1548245161268067
26505,-1.305055139669997
26506,-8.380976426857135
26507,-8.231441952391597
26508,0.2527521112066211
26509,-3.0787882385707848
26510,-2.17776979723709
26511,4.139360102527497
26512,-8.165248177061056
26513,-1.3805933476383059
26514,2.913501487197254
26515,0.7369114450889711
26516,-8.286229728067461
26517,-8.295668116112871
26518,3.2061417919684847
26519,-8.24158390282846
26520,5.229589457200358
26521,-8.201681175419639
26522,4.086333980896628
26523,-4.8245017447937775
26524,-0.20176153610361602
26525,-8.161573067684387
26526,7.313035340920264
26527,-7.490302872158358
26528,2.5123929600201
26529,-3.0252035086585236
26530,0.19516009929869416
26531,-2.562848221414491
26532,-8.037278119692521
26533,1.981383592321671
26534,-8.299155005373644
26535,-8.074880843605856
26536,-0.048819878867736755
26537,-6.283513073687496
26538,2.825072040034983
26539,-0.12229632375615074
26540,-0.028267283742874127
26541,-8.3059700259
26542,2.5105395883107837
26543,-7.578321233713632
26544,-6.738379460538959
26545,-7.792676628571468
26546,-6.4003618860224085
26547,1.7030373968958905
26548,-2.7111501334179433
26549,-4.1926453544288815
26550,6.019748305735234
26551,2.1008277849606016
26552,-2.6844236196243454
26553,-8.295668116112871
26554,0.5961115743737295
26555,-8.241545381959856
26556,-7.989421600373484
26557,-0.6399684152352156
26558,3.185873703481451
26559,-8.022306233925084
26560,-0.1496912989563094
26561,-0.9247697053638465
26562,-8.089030108058743
26563,-2.895519250891228
26564,-7.987919557830103
26565,0.23009931922047377
26566,5.364685365805616
26567,-6.168581723003242
26568,0.30787246939302104
26569,-7.916009828284388
26570,-1.2351137266018695
26571,-7.484432063265614
26572,-5.822823091112221
26573,-1.8184135516416555
26574,-0.45444961485668156
26575,-7.108835463237148
26576,-6.863822958003171
26577,-1.4462744207940839
26578,-1.0983096989528234
26579,-2.301192894671843
26580,4.878061177888772
26581,6.002824560592492
26582,-0.2890820602256393
26583,-4.244454969485111
26584,-8.165248177061056
26585,1.5388126490531615
26586,-8.026734862265958
26587,-3.233950485971918
26588,-2.529434252560975
26589,1.4940248547940453
26590,0.6153475507839693
26591,-0.40729139863513614
26592,5.704369412076038
26593,-4.151385042109627
26594,-3.764890840026319
26595,-6.106598380261839
26596,-4.131656183857202
26597,-4.971762240658381
26598,-6.0344156058319625
26599,1.127644263265927
26600,1.9631824521642292
26601,3.5384428456983215
26602,4.428673733745553
26603,-0.81596138352024
26604,-8.446019582338504
26605,-2.1316667356878636
26606,-0.5066022867837217
26607,-7.175581773467114
26608,-8.033269408749021
26609,-7.156285570707831
26610,-0.7828875463115674
26611,-7.903732211889174
26612,0.3966742959291969
26613,1.3145107426593385
26614,-8.380976426857135
26615,-0.6246908996027731
26616,-1.0678125552924782
26617,7.668966810112216
26618,-0.36637924088109686
26619,8.77611344162485
26620,-3.838569476154799
26621,4.949064449972159
26622,-8.026734862265958
26623,-7.658691532562328
26624,2.2170124938985527
26625,-0.7070135056504747
26626,-2.36339934533465
26627,1.086278282502543
26628,-3.240747298012836
26629,-8.201681175419639
26630,-1.3424692791771304
26631,-7.841471478800746
26632,-1.7705540421089718
26633,3.1042907361348244
26634,-3.1080774651719674
26635,-8.36524057233232
26636,-8.334920381988473
26637,5.0634569833897904
26638,-8.382450756838242
26639,-7.954466577301005
26640,-4.457889250192724
26641,10.22381420951652
26642,1.5027433042593463
26643,-7.614676745129153
26644,-7.636396201038459
26645,1.281214229707155
26646,-7.579513709028287
26647,1.661620403104522
26648,5.011570558895834
26649,2.8976956028295864
26650,-7.320941838823691
26651,-7.505598924542859
26652,-6.817765845931136
26653,5.601935511851839
26654,-6.88924762027643
26655,-0.540937095330297
26656,-7.114341438783395
26657,1.4019568179216657
26658,-7.777933528264356
26659,0.3862834288286201
26660,4.545583351104124
26661,-8.295668116112871
26662,6.200220045337338
26663,-8.24158390282846
26664,-7.989421600373484
26665,0.5731011936042272
26666,0.8927473072854075
26667,-0.32682609929562134
26668,-8.084302126308565
26669,-1.129508359767341
26670,8.988670937691934
26671,0.8827905043648967
26672,0.5513704795499503
26673,0.7595098895862098
26674,-3.1663456168322397
26675,7.425172606423397
26676,-4.441811683576901
26677,5.11467455882295
26678,-3.4536469324475245
26679,18.358274733528813
26680,-7.407397366153111
26681,0.09605296077367176
26682,-3.7175019726499663
26683,4.167305719626983
26684,-0.7787856301906144
26685,-2.7803845742330138
26686,-8.380976426857135
26687,-8.383938603777331
26688,-0.8040387642304887
26689,-1.4870724193454634
26690,11.563463875091436
26691,-8.044825157347475
26692,0.6401385761227025
26693,-2.5374673672699504
26694,0.6939749557751085
26695,1.8332132004358124
26696,-1.6357626742542193
26697,-7.430555059711599
26698,-8.350518503552383
26699,2.8967844865674452
26700,5.155380738568493
26701,-7.7120172206800035
26702,-0.4527217530391394
26703,-8.022306233925084
26704,4.939606694283584
26705,0.8513864040073801
26706,-2.35317092956801
26707,-8.36524057233232
26708,-8.334920381988473
26709,7.491147171036782
26710,-8.419248776004467
26711,-8.110788643024678
26712,-0.2845411982031196
26713,-1.5639058653341391
26714,-1.1136223871431108
26715,-0.8252676055639875
26716,8.84014905922415
26717,-7.379083380514297
26718,-7.579513709028287
26719,-0.672826298850759
26720,-8.177509816731853
26721,-8.3059700259
26722,-3.06835396253617
26723,-8.403399038918232
26724,-7.711890975333633
26725,-7.792676628571468
26726,7.050600223452594
26727,-1.3861193265086171
26728,-7.624064377424858
26729,-0.14953155526690587
26730,9.856385149561312
26731,-7.935119508687956
26732,-0.7028751185948636
26733,-0.00019769320926066314
26734,2.303281203062484
26735,6.924534363274049
26736,-7.989421600373484
26737,1.9043060084189192
26738,-2.4137421511101027
26739,-7.274758631218113
26740,-8.128112421524353
26741,-3.8206518205345605
26742,2.7753331136334762
26743,3.349592208174391
26744,-8.334920381988473
26745,-3.33552174466509
26746,-2.7200280109325825
26747,-8.110788643024678
26748,-8.499203561291294
26749,-7.920915829349122
26750,-6.602583744866562
26751,-8.074880843605856
26752,7.052078901100719
26753,-0.8782961027792484
26754,-7.579513709028287
26755,-7.91835468584034
26756,2.73967301204087
26757,-7.899569783015712
26758,-8.378854758926668
26759,-3.519042185916095
26760,0.7236916290237174
26761,-5.768635750417146
26762,3.659853449818593
26763,-7.368572482487791
26764,3.3642697174689595
26765,-7.6689340615014725
26766,1.367191729828495
26767,-7.935119508687956
26768,1.3336769239491701
26769,5.995520102377789
26770,-5.623296141827391
26771,-8.24158390282846
26772,-2.7134229336976485
26773,-7.937815028974634
26774,-6.97641032290544
26775,1.4143419227362442
26776,5.510599506036203
26777,5.178143748397674
26778,-8.10466517429311
26779,-8.36524057233232
26780,1.1089126872436026
26781,-5.832646193663512
26782,-6.536654660196908
26783,6.282152222849383
26784,5.321266331647486
26785,3.4953551919812202
26786,-0.5159840836193919
26787,-1.3727696065406088
26788,-7.725718261234638
26789,2.224898176906037
26790,-7.579513709028287
26791,-3.4558443581394993
26792,5.588421023410873
26793,-7.789934258849525
26794,2.2944164088211365
26795,2.9349089655437117
26796,-7.161890392405819
26797,-2.6226379101174087
26798,4.140829046011418
26799,-1.508222118446703
26800,-0.7680852655547041
26801,-7.200044279525299
26802,-7.1261662187410195
26803,-7.87560873245022
26804,-6.752423872972959
26805,-8.290873104499825
26806,-2.3246894360822434
26807,-0.3425920956424986
26808,-1.372644573788006
26809,-6.17291101183734
26810,0.8889187102731604
26811,-8.12119783998852
26812,-7.982466392429844
26813,2.5809135715943934
26814,2.5157494982172373
26815,-8.36524057233232
26816,-8.146494661645889
26817,-7.07234306474002
26818,2.458155780105947
26819,2.5359296961224977
26820,0.6481370667025312
26821,-4.700394355871833
26822,-5.902146155759027
26823,1.141448832519602
26824,4.94944174997642
26825,-1.7251641326665026
26826,-7.579513709028287
26827,-3.741231517557369
26828,-8.346591481275295
26829,-8.3059700259
26830,-4.338634005554214
26831,-8.403399038918232
26832,-0.8474614944832073
26833,-7.627425276954222
26834,-0.0013080487567886934
26835,-0.283216880562585
26836,-1.5882900477520558
26837,-7.158287474105801
26838,0.5851607943787567
26839,-4.519835145225912
26840,-8.29121974998637
26841,-7.843408800474954
26842,11.05349054049572
26843,-8.208513595154946
26844,-6.52430349023827
26845,-2.596170097761457
26846,-8.224287822573178
26847,-8.063707458382815
26848,3.445641323421584
26849,-0.7230000202650472
26850,-8.10358263904737
26851,0.8334091673219242
26852,-4.40055232731447
26853,-2.4961619884682626
26854,-2.251423419224232
26855,8.918220235387542
26856,5.824436247078273
26857,3.175286856492621
26858,-4.672396627778013
26859,2.687131171488165
26860,-4.063747228572073
26861,-7.379083380514297
26862,1.2362387202174405
26863,1.7566746630183803
26864,-8.327326331234499
26865,0.06639937252088401
26866,-7.963751472835279
26867,-2.355958811918496
26868,1.5818990926798082
26869,3.8420978983177307
26870,-0.04845185067994073
26871,1.235305807573566
26872,4.65581294937462
26873,-1.4071716723920304
26874,-7.950374252927672
26875,-7.935119508687956
26876,-0.39333855397841955
26877,-8.230194732531332
26878,-1.557447933856785
26879,-3.315072044299683
26880,-7.989421600373484
26881,-1.8510482600169333
26882,-5.929113057544126
26883,-2.7056220552681807
26884,0.750234551436165
26885,-4.164989684774579
26886,4.7231704822430585
26887,-7.488757790385982
26888,-2.1918517102431956
26889,6.008966207161821
26890,-8.033074434498467
26891,-2.0332371447393074
26892,-8.499203561291294
26893,-6.366680245547487
26894,12.682036626590698
26895,-8.074880843605856
26896,1.830032675176216
26897,-0.3608659240092398
26898,-3.899118112719345
26899,-6.645926254060563
26900,0.813744766658235
26901,0.371967195321822
26902,-0.7258200373811348
26903,-8.403399038918232
26904,-3.733930310654245
26905,11.546321808283807
26906,-1.769487521911162
26907,-8.044825157347475
26908,-0.6449810063976655
26909,-0.5366273844242402
26910,-8.026734862265958
26911,2.805550933238866
26912,3.228678719675886
26913,-1.8003933516318678
26914,-8.332492496473582
26915,-8.242302836664098
26916,-7.989421600373484
26917,-2.172168405854828
26918,1.4947842774014444
26919,5.70128949460685
26920,-8.128112421524353
26921,-3.2151465924320357
26922,3.8357836067156668
26923,-8.36524057233232
26924,0.8502658971276399
26925,-7.07234306474002
26926,-8.310299674814509
26927,-1.9014134848053779
26928,-6.667354038491531
26929,-3.0949374496785147
26930,-6.514951641347228
26931,-7.264231705495202
26932,-1.0212265061883046
26933,3.290641502025138
26934,-0.8026442085867904
26935,1.5252654205405847
26936,-8.346591481275295
26937,0.659844729316601
26938,-8.380976426857135
26939,2.5067820250377824
26940,-7.539768353512542
26941,2.742157655569152
26942,0.0453757750900563
26943,-8.044825157347475
26944,1.3509680331530796
26945,-4.265180814055592
26946,-8.026734862265958
26947,2.6852651772635876
26948,-5.938652239210031
26949,10.142085682216255
26950,-8.345282677964708
26951,-7.878642434095746
26952,-7.926572114530483
26953,3.8001996592431833
26954,-8.224287822573178
26955,-8.150414341710562
26956,-8.126117467037654
26957,-0.047551786616025854
26958,4.590194612377811
26959,-8.36524057233232
26960,-0.8449847506411562
26961,2.7712748909884257
26962,-1.08466280946217
26963,2.982540780494759
26964,2.6747461291869934
26965,-7.4065181885517895
26966,4.745014300150588
26967,4.749327095485981
26968,-7.611035141153802
26969,-5.962944982594726
26970,-5.5236554855893845
26971,2.437600011526713
26972,-8.346591481275295
26973,-8.3059700259
26974,2.817758076041136
26975,3.1549614342516445
26976,3.130724000895592
26977,-0.4468360901615981
26978,3.9658913477702127
26979,-0.5965803535206213
26980,-0.5595498354815274
26981,-4.63322453238284
26982,-7.243506755440586
26983,-2.3316479068585836
26984,-8.29121974998637
26985,-8.294761784544606
26986,-8.350518503552383
26987,-1.1568470053738615
26988,-1.4290788704795483
26989,-2.6948321415994982
26990,-5.8610117463109965
26991,-1.37691247389643
26992,-8.128112421524353
26993,-1.0634521436421698
26994,-7.146276975542965
26995,1.610134711952143
26996,-8.334920381988473
26997,-7.07234306474002
26998,5.147711391811676
26999,-3.692393340205186
27000,-8.499203561291294
27001,-6.81669618139886
27002,4.977374282289647
27003,-7.750169524094966
27004,-5.930586920538696
27005,-0.5499317859777954
27006,-3.5237830183158243
27007,-6.236132616698251
27008,-8.346591481275295
27009,-8.3059700259
27010,0.48816927758228157
27011,-7.756600523116996
27012,10.903757669194663
27013,-1.1491089569634607
27014,-6.354253703286261
27015,2.0488826540462206
27016,-6.325135292291332
27017,-7.634514205479825
27018,-8.0646134056801
27019,-7.925897099162922
27020,0.7030173377398947
27021,-8.097293209155385
27022,-8.349587798641744
27023,-8.242302836664098
27024,0.141664774511443
27025,-0.3655588841030534
27026,3.9328664212954143
27027,-8.21636556410725
27028,-1.0853078278634178
27029,-8.161573067684387
27030,0.9377525053884672
27031,-8.36524057233232
27032,-3.581441902408554
27033,-7.07234306474002
27034,-8.357472792076072
27035,-6.870324240688264
27036,-8.510069692267283
27037,-2.4963892591427173
27038,-8.243699638305406
27039,1.9140080168568367
27040,-7.426606129972835
27041,4.6605272556533475
27042,-3.98550532492057
27043,-0.718607328027848
27044,-5.1673284050751445
27045,-7.963385208374195
27046,-3.0586477593538492
27047,-6.208893933970405
27048,-8.31525685396856
27049,-7.792676628571468
27050,-6.88924762027643
27051,-1.6377633634404059
27052,-8.165248177061056
27053,1.4255245531010987
27054,-7.911707658014176
27055,7.84655790267785
27056,-3.5851744992234305
27057,-0.37024581380803356
27058,0.5519496429292932
27059,1.3447634606210261
27060,-1.0297483343178073
27061,0.5649723267999012
27062,-8.224287822573178
27063,-8.169752150574828
27064,-8.128112421524353
27065,5.276932040334223
27066,-1.3878489879981384
27067,-8.36524057233232
27068,0.24282196241316978
27069,-7.07234306474002
27070,3.7828922227713093
27071,-3.6558907367916165
27072,-0.05584107362375135
27073,-3.808131095691138
27074,-0.489672516362444
27075,5.6042220164184275
27076,6.969814051824914
27077,3.5085057144834275
27078,1.3830826172264854
27079,-3.4476415874074475
27080,-8.14848849326952
27081,-8.3059700259
27082,-0.5215217463848042
27083,-1.1286492243032358
27084,-1.4910129445279776
27085,-7.792676628571468
27086,-4.4790671454047715
27087,6.947968385230479
27088,5.921906898103736
27089,-7.815075393026717
27090,-2.11407202476288
27091,-0.8542974633157128
27092,-7.640935205928961
27093,-8.151186866581433
27094,-8.350518503552383
27095,1.5108958763151
27096,-4.583718804128658
27097,-8.201681175419639
27098,2.1348935096540265
27099,-8.215833602009985
27100,-8.128112421524353
27101,-3.875622758813342
27102,-0.6423108902583584
27103,0.6298195374005366
27104,-8.334920381988473
27105,-5.791805976231328
27106,-1.9087433231730295
27107,1.4722379484682597
27108,-0.8120706059231275
27109,-1.1425984397018722
27110,-8.223093942146729
27111,-7.706124913109143
27112,-1.9042960968489973
27113,-7.379083380514297
27114,1.838707434703005
27115,-1.3418301180110577
27116,-8.346591481275295
27117,-1.5639249762058944
27118,3.3029010002371377
27119,-8.403399038918232
27120,-1.1376748185400531
27121,-7.792676628571468
27122,2.261946782482439
27123,-8.044825157347475
27124,-8.165248177061056
27125,-7.835092162436713
27126,-7.9339816124
27127,-7.6659455597182475
27128,-7.37006135141314
27129,-2.133155694275184
27130,2.9649207025336226
27131,-0.8480469384317227
27132,-0.6033146970317449
27133,-6.97581197299618
27134,1.2753962809968347
27135,-3.8584441938900205
27136,-8.128112421524353
27137,2.670797808237092
27138,-8.10466517429311
27139,-0.0030140256713913627
27140,-6.774604003394627
27141,-0.8730983127401676
27142,-7.756145907594453
27143,-4.421250392057648
27144,-6.9271845176720355
27145,-6.623426483873118
27146,-2.195348465628032
27147,-1.3314262178860896
27148,-0.32458274214449667
27149,-0.4471236002383072
27150,-6.383719591769518
27151,-7.91835468584034
27152,4.496386200610579
27153,-3.168923531939751
27154,-8.380976426857135
27155,-0.34614056792130654
27156,0.5930944956056494
27157,-0.5420106396483889
27158,-0.011006938606899497
27159,-6.772816081089093
27160,5.881693955691827
27161,-7.8301151690400275
27162,-7.609722457038541
27163,-2.858024051535434
27164,-2.5563964204776686
27165,0.6690833464645449
27166,-3.6095850568492347
27167,-8.242302836664098
27168,-1.9893137239819154
27169,0.02598742101259885
27170,-8.224287822573178
27171,-8.21636556410725
27172,-1.830861880633445
27173,-3.7325050251581295
27174,-5.380422497066625
27175,-4.570656147613907
27176,-8.334920381988473
27177,-1.9278157975202728
27178,-3.400801981101684
27179,10.285234001048288
27180,4.042780522209839
27181,-5.508721812812951
27182,-1.2184566099679282
27183,-7.588263501718107
27184,-0.9399433494486262
27185,2.7237666304926806
27186,0.08438707899195916
27187,-7.91835468584034
27188,1.098857309102737
27189,2.3443934569847964
27190,4.880478675494358
27191,-8.400650006646403
27192,-8.317146528838707
27193,-7.792676628571468
27194,-1.8373878908738255
27195,-5.387619610822242
27196,5.357831180673619
27197,-7.834265051231968
27198,-7.562684740239396
27199,1.4514325066613458
27200,-6.914007656265454
27201,-8.250494154086805
27202,-8.350518503552383
27203,-8.242302836664098
27204,0.6390717030355693
27205,1.3240048871164416
27206,7.078904035895677
27207,-8.21636556410725
27208,-6.486996844205845
27209,-0.6849989084112205
27210,-2.853338267448362
27211,2.2587937774051414
27212,-7.960503423484718
27213,-1.1178636270649385
27214,4.129979844082212
27215,-8.110788643024678
27216,-8.189500124167544
27217,-0.21981694167177945
27218,-7.058334401133857
27219,5.387093658328988
27220,-1.785415832865056
27221,2.3151250652131963
27222,-7.579513709028287
27223,-4.593290312657691
27224,2.8644850936123487
27225,-7.695953766687903
27226,-0.7574388336866564
27227,-8.403399038918232
27228,-1.2295256550893439
27229,-7.4686910840655925
27230,-6.232895264389898
27231,3.48229149587913
27232,-0.3446535976637618
27233,-0.5845415248187097
27234,2.6757162387244033
27235,3.47015253958312
27236,-7.888992242182413
27237,-8.359734280470915
27238,-0.6101579675223412
27239,3.0895059706737347
27240,-7.989421600373484
27241,-0.9245105277642884
27242,3.999443714655262
27243,1.039525498493132
27244,-1.341504007920199
27245,2.4187800097422376
27246,2.841975077060441
27247,2.3363939383312657
27248,-1.2980177835263351
27249,0.7076240589892588
27250,-1.7196846382197999
27251,2.0432644769367854
27252,0.42363640901921035
27253,-7.920915829349122
27254,1.0528100084960288
27255,-5.438522696351273
27256,0.3073445589245982
27257,-6.455298058562355
27258,-3.3610722397388386
27259,0.8915006067568092
27260,2.9414477180544596
27261,-8.3059700259
27262,0.2071260319612882
27263,2.933772051136521
27264,2.8704028772291164
27265,-3.8443768724836844
27266,2.3608264750843
27267,-7.3985578424892395
27268,-8.165248177061056
27269,-0.8416474163389207
27270,-8.04955260492265
27271,0.47926472745412063
27272,1.0357292197617043
27273,-8.359734280470915
27274,-6.4444598462644755
27275,-3.0429744506609007
27276,0.13186409574628266
27277,-8.201681175419639
27278,-7.895664406430246
27279,-1.66708409459633
27280,-8.128112421524353
27281,-3.6706044518112404
27282,2.5913508462306796
27283,-2.0106835741044167
27284,-8.000211954123685
27285,5.464228383484576
27286,-0.1874558026063613
27287,-8.110788643024678
27288,4.46253114952515
27289,0.9389854689162629
27290,1.0738869356094671
27291,4.829635750032862
27292,-7.610825800651585
27293,-0.5559042399024365
27294,4.471033148978777
27295,-7.8789238804362505
27296,1.9172488980534568
27297,-8.3059700259
27298,2.982071651571952
27299,-8.312993106933655
27300,1.3289987305287387
27301,14.24899072674558
27302,-6.88924762027643
27303,-1.8601416996467246
27304,0.20707317462245922
27305,-5.182457347542963
27306,-2.47716399160154
27307,-1.6513769125901563
27308,-8.29339872884153
27309,-0.46903665078994194
27310,-8.2637335189484
27311,-5.067888840635517
27312,-6.425974202973146
27313,-8.201681175419639
27314,-0.6214948637888092
27315,-4.389831525003613
27316,5.434676116884985
27317,-1.2289172149099992
27318,3.8235564501921004
27319,0.5481293593979066
27320,-8.07679957543141
27321,-7.07234306474002
27322,1.9394444448924435
27323,-1.6438178354483335
27324,-6.938438252889065
27325,4.018663472282539
27326,1.973770676088685
27327,1.9279528228005547
27328,-1.3240784530492735
27329,-2.287950919188653
27330,4.726536035729005
27331,-1.2279202017179291
27332,-0.44008180380997397
27333,-7.985982221472955
27334,-1.6985761841555822
27335,3.35617334912846
27336,-8.259255637830858
27337,-2.781517914337337
27338,-6.644336885904792
27339,-2.1888432471608734
27340,-8.165248177061056
27341,1.6993587682056468
27342,-8.0646134056801
27343,-5.519997047537089
27344,0.10128394258124662
27345,-8.359734280470915
27346,-8.350518503552383
27347,2.3319980353249123
27348,-3.9540733875045135
27349,-8.201681175419639
27350,-8.224287822573178
27351,-1.1766215598127134
27352,-7.836055055271382
27353,-8.161573067684387
27354,-1.8867404679867845
27355,-2.431650543387488
27356,4.424870435229339
27357,4.426407882259672
27358,-0.5701409866466212
27359,-8.110788643024678
27360,-8.510069692267283
27361,-6.519735848612824
27362,-8.299155005373644
27363,-4.483250016383211
27364,-0.1886796800476831
27365,-0.05850661604230867
27366,4.636998613021953
27367,-7.830534771001406
27368,-8.346591481275295
27369,0.3957579011944874
27370,-0.6824246177699809
27371,-8.29916866910823
27372,-8.317146528838707
27373,1.0560340221482638
27374,-6.820043323884633
27375,-8.051150914000202
27376,-6.887142492467131
27377,-1.6482231347048746
27378,-3.629236258345098
27379,-0.7329511693140425
27380,4.947261837033042
27381,-1.6753588747751287
27382,5.9981400989179665
27383,-1.50854726382941
27384,-7.989421600373484
27385,1.886311394563993
27386,2.6256491805929927
27387,-7.0993043179893895
27388,0.9359441992650853
27389,4.829929836901641
27390,2.843110740675251
27391,-0.5902148713799837
27392,-0.2216557093923065
27393,-6.911133253413993
27394,-1.9345068186198202
27395,-1.6117879823244647
27396,-8.510069692267283
27397,-7.893784561956396
27398,-1.7270157265194235
27399,-8.074880843605856
27400,-5.269354700317296
27401,-6.896694896079386
27402,-4.234646005497984
27403,2.4997855378007463
27404,-3.109662608588029
27405,3.5318467643230784
27406,-0.8666686116600455
27407,-3.5041402071102485
27408,0.2799093796594565
27409,-2.5706771509385313
27410,1.4691305703992261
27411,0.8616933405657099
27412,-0.15542326373792953
27413,0.7305941782228511
27414,2.373190152384713
27415,-7.935119508687956
27416,-3.673873969911339
27417,-8.384965727009481
27418,-2.7785060420191354
27419,-8.242302836664098
27420,-0.4428265337161603
27421,-1.3259492343225963
27422,1.1738577512421942
27423,-7.812305573133598
27424,-5.365399945960041
27425,10.190896163933818
27426,10.022731752678824
27427,0.7964621848281283
27428,-7.457915700680577
27429,0.7191664843210548
27430,-8.419248776004467
27431,-2.8203705016947005
27432,-0.4044353919832313
27433,-7.915359315770584
27434,2.834312252192522
27435,0.5457600585772464
27436,2.2902185980418563
27437,-1.6513014926246772
27438,1.3498941608593846
27439,-2.3654700458915343
27440,-8.346591481275295
27441,-7.654954640433997
27442,-7.702221850649982
27443,-8.418297700637524
27444,-8.317146528838707
27445,7.043204141398318
27446,5.058100081507925
27447,5.7158515117694595
27448,-5.46313800472943
27449,-7.825872539193039
27450,-8.0646134056801
27451,1.891429001966951
27452,6.489566014410858
27453,3.6752909886773555
27454,-8.350518503552383
27455,-8.22871970583545
27456,-7.989421600373484
27457,4.172856361184111
27458,2.163461632810529
27459,0.3757179523953143
27460,-8.128112421524353
27461,-8.155077423547793
27462,-5.142189292457806
27463,-0.14391541564329147
27464,0.10046032629721635
27465,-7.07234306474002
27466,4.408947130477032
27467,-6.265113716715234
27468,-7.990796499163853
27469,1.170139151829538
27470,-7.272358736968943
27471,-8.074880843605856
27472,-7.854829131858698
27473,-7.379083380514297
27474,-3.926669758073804
27475,-5.393097075728377
27476,-0.3155515240049216
27477,-6.791437810828764
27478,-7.492471674231616
27479,-8.418297700637524
27480,-8.26810804871823
27481,-7.792676628571468
27482,-4.12054025353387
27483,-1.0126089722668268
27484,0.11875517218346077
27485,-0.9255640716821283
27486,-3.8582430471665554
27487,8.45897211272748
27488,-1.2672420555400943
27489,-1.821265340429147
27490,1.1243003440010366
27491,4.15479113962572
27492,-5.812326792160466
27493,4.185952564066317
27494,-1.767168281676764
27495,-8.21636556410725
27496,4.064716850585033
27497,1.709208942175752
27498,-8.046693938175684
27499,-8.412741053168526
27500,-8.328946797566505
27501,-7.07234306474002
27502,-8.419248776004467
27503,-6.021058404264825
27504,0.5762951816755058
27505,-3.002837072774248
27506,-0.26704935004894276
27507,-0.5930857103992611
27508,-0.6868700767982732
27509,-7.379083380514297
27510,-5.199533559010212
27511,-4.382190203033535
27512,-1.9631326405686238
27513,-4.407702929775975
27514,-8.275343185011325
27515,-8.418297700637524
27516,1.9338071761562294
27517,-7.114116515830958
27518,-6.88924762027643
27519,1.4570451873137857
27520,-8.165248177061056
27521,-7.835092162436713
27522,-8.0646134056801
27523,-1.1439122146927532
27524,-1.189735104339
27525,1.0107462267338276
27526,-1.5382227836706912
27527,-2.353632287514302
27528,-7.989421600373484
27529,2.1124606001838213
27530,2.550552771220718
27531,-1.2876093001702977
27532,-7.055504736238417
27533,-8.161573067684387
27534,1.7818976877200605
27535,-2.007907714598372
27536,5.20345479093774
27537,9.687162215081436
27538,-8.419248776004467
27539,-2.620549179589005
27540,1.129646173379826
27541,0.812730484216657
27542,-8.299155005373644
27543,3.2390365050747114
27544,1.246058103643202
27545,1.4360207225902484
27546,-7.579513709028287
27547,-0.4747762846950694
27548,-8.346591481275295
27549,-2.0341032989746086
27550,0.8104947044242661
27551,0.06133213220232303
27552,-1.1203455902670383
27553,-7.792676628571468
27554,0.9793957885820304
27555,8.234206364205725
27556,6.581208984514989
27557,-3.8945897954060515
27558,2.552169019516756
27559,1.0395875987457397
27560,-8.29339872884153
27561,-8.384965727009481
27562,6.266250324918165
27563,1.8296114527602603
27564,2.4039308125641794
27565,-7.856941735509919
27566,5.08158075259151
27567,1.1192978722825697
27568,-2.569197875964508
27569,-2.8219319930051205
27570,-8.10466517429311
27571,-7.891104647606555
27572,-4.087366039790979
27573,-7.07234306474002
27574,1.0251039344116126
27575,-1.080854674455527
27576,-0.6911707154138778
27577,-1.2481132633529777
27578,-8.299155005373644
27579,-5.460850698680803
27580,0.945017803938261
27581,-7.379083380514297
27582,5.528594821276514
27583,-1.2945631634192418
27584,-3.8723436917113934
27585,3.8749799931169786
27586,-8.380976426857135
27587,1.3349423460293022
27588,0.3250127528351108
27589,1.0556500485500893
27590,-6.88924762027643
27591,2.5827476238864255
27592,1.8324726455807023
27593,-0.007185236988293431
27594,-7.121144537462226
27595,-7.935119508687956
27596,-3.5224970028118654
27597,-8.384965727009481
27598,-3.65335268960619
27599,-1.641261899537788
27600,-7.421451282830784
27601,-8.201681175419639
27602,-7.642489316181246
27603,-7.842540818590202
27604,-8.128112421524353
27605,-0.1299798105105446
27606,-3.693575270140289
27607,4.203008544801637
27608,-8.334920381988473
27609,-7.07234306474002
27610,-7.115898208497958
27611,-1.3128749202031678
27612,2.899022307596734
27613,-5.2755263059181114
27614,-3.263658645733452
27615,-8.074880843605856
27616,-5.544759632429575
27617,-5.568089126701807
27618,-7.537453417578331
27619,0.2289140432757497
27620,1.8061645434180282
27621,-8.3059700259
27622,-7.2281153620936625
27623,-1.519241716513473
27624,3.714784228290606
27625,-1.7036217426366702
27626,-6.88924762027643
27627,-0.9588248329716322
27628,1.2355575325978874
27629,-7.835092162436713
27630,-2.939014659843825
27631,-0.6047969304255878
27632,6.055927795123532
27633,-8.384965727009481
27634,-8.350518503552383
27635,-0.08003710705629463
27636,-7.989421600373484
27637,-8.201681175419639
27638,4.940597138962532
27639,-8.21636556410725
27640,-0.7290398344907039
27641,3.880300218029819
27642,8.1188404163077
27643,-4.906404029172134
27644,1.6364130445643692
27645,-6.571423529269651
27646,-3.9263470135855996
27647,-2.603354909737888
27648,-8.510069692267283
27649,-1.0152225243203827
27650,-1.5687207097870184
27651,1.1577726224138618
27652,-7.535759859602543
27653,2.038943849120436
27654,-7.609409665150253
27655,-7.91835468584034
27656,-1.8020676210673419
27657,-3.0002071009843267
27658,-7.973571900773422
27659,-2.443344677473128
27660,-0.298617790738116
27661,-3.1606992962678655
27662,-6.88924762027643
27663,-2.545203403191598
27664,2.4849074818371797
27665,-7.0751792625140055
27666,-7.907768199676357
27667,-2.8469389861554166
27668,-8.29339872884153
27669,-8.384965727009481
27670,-8.350518503552383
27671,0.48307728718633564
27672,-7.989421600373484
27673,-6.829350221689928
27674,-8.224287822573178
27675,2.7768248052437845
27676,1.3829320468067743
27677,-3.9802358128683073
27678,5.194979762561822
27679,16.434299660861228
27680,-8.334920381988473
27681,-4.184107650643025
27682,-8.419248776004467
27683,-1.584239378072183
27684,-6.364493809001358
27685,-4.812218000192833
27686,5.736650459721387
27687,-8.074880843605856
27688,3.209891519284983
27689,-1.416761808880071
27690,-7.299238803934034
27691,-7.91835468584034
27692,-8.346591481275295
27693,-3.844730265325711
27694,-8.380976426857135
27695,-8.418297700637524
27696,-8.113028169267125
27697,-2.803796948001438
27698,0.3126162798711418
27699,7.150080888971553
27700,0.15448897202933032
27701,-7.835092162436713
27702,-8.0646134056801
27703,-0.700605130838299
27704,-5.645152155226874
27705,-8.384965727009481
27706,2.949779157706927
27707,0.19422606779104057
27708,-7.989421600373484
27709,-7.749971482799823
27710,1.3676944191072
27711,-3.609939513290418
27712,4.453005064455004
27713,4.84798717697085
27714,2.2000613805077136
27715,-2.7799051270212916
27716,2.854270104719586
27717,-7.07234306474002
27718,5.918547479271817
27719,-8.110788643024678
27720,4.625537617185953
27721,-4.186044626141478
27722,-8.299155005373644
27723,-2.042955196271032
27724,-4.964065048579353
27725,-6.006942134520677
27726,-7.706065209405484
27727,1.5239119847456153
27728,-8.346591481275295
27729,-2.8151393707405656
27730,-1.7083092713972137
27731,-1.1679831836147816
27732,-7.265617901997276
27733,-3.561617599754286
27734,-1.4061633948934942
27735,-0.5201841229338406
27736,-6.407402025692761
27737,0.11628164827275911
27738,-3.342480784684876
27739,-6.717963908486336
27740,3.1227546526909644
27741,7.335545959215034
27742,6.163412651801805
27743,-8.242302836664098
27744,-7.989421600373484
27745,2.9036087166870113
27746,-8.224287822573178
27747,-2.23657374471535
27748,-7.658863013161863
27749,-0.6099176706103376
27750,5.292483111837232
27751,-1.5682017770702017
27752,-7.50734637951857
27753,-1.6248850498333274
27754,-1.9584068187226076
27755,-1.302449744921507
27756,2.8896225818535943
27757,-1.0418434195942896
27758,5.838285509086787
27759,-8.074880843605856
27760,-2.0566721700414936
27761,-7.379083380514297
27762,-7.441976244503412
27763,-7.028702436094065
27764,-2.905282097641998
27765,-8.3059700259
27766,1.0797698340490973
27767,-1.7136995950316662
27768,2.194919601879814
27769,0.647035108766687
27770,3.249014556647389
27771,-6.333945819615646
27772,3.5979617644288795
27773,-7.835092162436713
27774,-8.0646134056801
27775,-7.8782816877117705
27776,3.90914562259643
27777,-8.353933784955487
27778,-6.781110569842922
27779,-8.242302836664098
27780,-1.3210554255605675
27781,-3.8309420617100325
27782,1.3448292132928077
27783,-3.7164261245390646
27784,-0.9893623993825662
27785,-8.161573067684387
27786,9.773232068984381
27787,-8.412741053168526
27788,-2.8545293839385035
27789,1.6243167398128797
27790,-8.462451274440188
27791,-2.5380285711355954
27792,-8.510069692267283
27793,-7.595558710164701
27794,-1.51446322052112
27795,3.0670519212261373
27796,-6.631066623440626
27797,-0.3182668077558891
27798,-7.691015043667145
27799,-3.100989275800601
27800,-7.464502538595652
27801,-8.3059700259
27802,0.9648839027426808
27803,-8.418297700637524
27804,0.9440680821774801
27805,-2.8241709635613117
27806,3.1832417123001324
27807,-8.025683877481692
27808,-7.677623051483053
27809,1.1068711082480107
27810,-7.941654208920175
27811,-7.935119508687956
27812,-8.29339872884153
27813,-8.384965727009481
27814,-8.350518503552383
27815,3.175679358711853
27816,-7.989421600373484
27817,2.356966626602942
27818,3.1701530455148568
27819,-8.21636556410725
27820,-2.6772715088341683
27821,2.4021567210017594
27822,-1.5453081454278164
27823,-8.414132960722819
27824,-3.7517178939304774
27825,-7.07234306474002
27826,-0.5952566200458598
27827,1.3479506259323224
27828,-8.566515256115148
27829,7.312817391954532
27830,-2.5795899194233534
27831,-8.074880843605856
27832,2.8889418648103224
27833,-7.379083380514297
27834,-7.706065209405484
27835,3.0259515936006722
27836,-2.167006818435782
27837,-1.5229349644746053
27838,4.877087860045141
27839,-6.241366633575277
27840,-1.5063154283675524
27841,-7.792676628571468
27842,9.467416666057407
27843,-0.08046735615375777
27844,-3.9157514889059355
27845,-5.18683829977292
27846,-2.9399419115356666
27847,-5.842506192240372
27848,-5.179193763793483
27849,1.1198195156471886
27850,5.7647425651137745
27851,-6.756752308148975
27852,4.816081569280979
27853,-8.201681175419639
27854,-1.8811789821406881
27855,-8.163269831457644
27856,-3.526444688069954
27857,-8.161573067684387
27858,0.37214046493958997
27859,0.6097107774192342
27860,0.7540471640287711
27861,2.8366421158526913
27862,1.3756896897892958
27863,2.166132453415466
27864,-3.7572906431721496
27865,2.891107402321415
27866,-3.601390973459152
27867,-8.074880843605856
27868,-8.03650168439514
27869,3.3968763910131794
27870,-7.706065209405484
27871,-7.635149600627492
27872,0.030211375347501734
27873,2.183064550164648
27874,-8.050883164661334
27875,8.34436707983808
27876,-8.324023844592748
27877,-3.886782797875401
27878,-6.88924762027643
27879,-0.25359085026107575
27880,-4.140333937297225
27881,-3.2484389720609688
27882,-0.6460195719963432
27883,-0.895544361399681
27884,-5.192304053406463
27885,1.419526270429639
27886,-3.1827280758652625
27887,-8.242302836664098
27888,-7.483454868033828
27889,-8.201681175419639
27890,-2.76383523520738
27891,-8.221245579478575
27892,-5.733957361227367
27893,-2.632047090460393
27894,-1.0033862029220084
27895,2.700643797645558
27896,4.390302818026452
27897,-7.07234306474002
27898,-0.3722574391896276
27899,-0.5701952421149559
27900,-7.983587244360992
27901,0.6967491992342633
27902,-4.155769496440261
27903,-7.235941914896104
27904,-8.03650168439514
27905,-7.379083380514297
27906,2.4975417760640286
27907,-0.5239638999338545
27908,-8.346591481275295
27909,-0.5083066695596388
27910,-1.6740235533824985
27911,-1.3502633475951413
27912,-8.324023844592748
27913,-7.165231849947268
27914,4.628371237279959
27915,3.0338057970968215
27916,4.314675742324091
27917,2.823934656248526
27918,7.130139512430189
27919,0.42454011480955023
27920,3.833635066873896
27921,-6.537429819872896
27922,-8.233968000706678
27923,1.144734834329011
27924,-0.33643359385492977
27925,1.247886443560197
27926,8.01203664040565
27927,-8.133036281828872
27928,-0.036941113273846526
27929,2.3645781899300786
27930,-8.0439017914317
27931,5.402609824997533
27932,-1.9961420242231727
27933,-7.086793213964335
27934,-3.9097350737732675
27935,0.8662910704310565
27936,0.9328736062091527
27937,4.214870459271279
27938,-7.680567217470797
27939,-0.6017563744229022
27940,-7.976874353833984
27941,-2.0648264027598304
27942,0.22916695844375545
27943,2.9261922964430926
27944,-5.993065509427316
27945,-5.040437622953008
27946,-0.03880794586342323
27947,-8.418297700637524
27948,-8.324023844592748
27949,-5.459975775099892
27950,-5.091177657329477
27951,-2.6590924249221066
27952,-8.165248177061056
27953,0.7339156031770333
27954,-8.0646134056801
27955,-7.935119508687956
27956,-3.3303149539247068
27957,8.40286951208396
27958,-6.571776433437274
27959,2.715612963904817
27960,-7.994037420811777
27961,-2.7566334145630558
27962,-8.224287822573178
27963,-1.4605267853290493
27964,-8.128112421524353
27965,-1.5476018393148285
27966,-7.785811311182624
27967,-8.414132960722819
27968,-0.370681749662777
27969,5.33765554851105
27970,-8.462451274440188
27971,-3.6266066255681957
27972,-8.347561906785945
27973,-7.483790333133324
27974,-8.301624629888517
27975,-8.074880843605856
27976,-0.8367240001530494
27977,-1.8883701532061092
27978,-7.706065209405484
27979,-7.976512259022703
27980,-8.346591481275295
27981,2.921707855536282
27982,-8.3460506174359
27983,-8.408256053823369
27984,-8.324023844592748
27985,-2.433441328333322
27986,-6.759475551767276
27987,-0.5328375868205744
27988,-5.411775268569148
27989,-7.835092162436713
27990,2.278697364085817
27991,-7.842641825765444
27992,-8.29339872884153
27993,-8.19230109027621
27994,-8.161316588041762
27995,2.705663275809245
27996,-7.095149763428234
27997,-8.201681175419639
27998,0.5222166200277345
27999,-4.281549492590609
28000,-0.05764716890390731
28001,2.8232748770347333
28002,-8.10466517429311
28003,3.421330718749446
28004,1.549555552070578
28005,-7.086793213964335
28006,-8.462451274440188
28007,-3.6499885326293775
28008,-1.766342913726335
28009,2.0049213105138235
28010,-1.1066272039165828
28011,-2.9567998462782796
28012,-8.03650168439514
28013,-7.379083380514297
28014,4.212971755221275
28015,-6.794890427266736
28016,3.129149333782678
28017,-7.985876170449961
28018,0.10025053573712794
28019,1.0164825198352294
28020,-1.7367874025600438
28021,3.472147658471941
28022,0.588353634608755
28023,1.9552350625223043
28024,-5.9341126307014616
28025,-1.1651404064891757
28026,-6.812280101353416
28027,-5.239011729424829
28028,-8.293533882068525
28029,-8.384965727009481
28030,1.0382616025227804
28031,-3.177618074909858
28032,-3.812289498475171
28033,-0.790846992654505
28034,-1.6334612618735709
28035,-8.13287992612762
28036,-3.247323920266631
28037,-8.161573067684387
28038,1.9815420875990646
28039,-7.400451798683161
28040,-8.334920381988473
28041,-1.3120124109872888
28042,-7.866419107138706
28043,-7.490960141812299
28044,7.758704915887906
28045,2.8680809182421765
28046,-8.270959125847845
28047,-4.813898388758024
28048,10.528668257383757
28049,-7.379083380514297
28050,-7.673510959121382
28051,-6.16671326788006
28052,-8.220450852128767
28053,-8.3059700259
28054,-8.380976426857135
28055,-7.5754907760870855
28056,-1.402280928225464
28057,-7.792676628571468
28058,0.3132975367510791
28059,-8.051150914000202
28060,-1.1498633445244675
28061,1.7781443475234833
28062,-5.506257041968241
28063,-2.8026440644869623
28064,-1.9663891053897085
28065,0.7285868076150377
28066,-3.8568804281479734
28067,-0.8293535233530844
28068,-7.75653113489797
28069,4.717714883240556
28070,-3.5319365609291578
28071,-4.353930575218806
28072,-0.952355520279961
28073,-8.161573067684387
28074,-8.060416148735767
28075,-8.414132960722819
28076,-8.334920381988473
28077,3.0420090391054773
28078,-0.695763660523613
28079,-7.69216775840208
28080,-8.034971739962906
28081,3.151961309839218
28082,-5.361443934086102
28083,-8.074880843605856
28084,8.720864024499202
28085,-7.111182154089029
28086,-7.706065209405484
28087,5.690693125995277
28088,-8.346591481275295
28089,5.268672743269228
28090,-7.121599950900908
28091,-8.418297700637524
28092,2.3570115365264797
28093,-0.7485762261428356
28094,0.5238124549305287
28095,-5.300696787637754
28096,5.317707469269825
28097,-2.541960861688455
28098,-8.0646134056801
28099,4.318881435066956
28100,0.09595978961047869
28101,3.5987052438055223
28102,-8.051717683135058
28103,0.7329288184047413
28104,-0.5158764542893751
28105,-8.201681175419639
28106,2.2223365141871327
28107,-7.913436824837563
28108,-0.3630307233384026
28109,-8.161573067684387
28110,-1.2335904544643714
28111,2.2305453218086946
28112,5.450994587697966
28113,-0.5221407951026571
28114,-0.9695352968223956
28115,-2.61034211480412
28116,-8.566515256115148
28117,2.1712425189014977
28118,0.007496716420209826
28119,4.009586026707732
28120,-5.617350156087234
28121,2.5874863510268318
28122,2.872746562764611
28123,5.413859017086343
28124,3.5591397593352996
28125,-3.3945280689279937
28126,-5.762882107236088
28127,3.2349540315529084
28128,1.3404582906277658
28129,6.939211835064331
28130,-6.88924762027643
28131,-2.4623779259139504
28132,-8.165248177061056
28133,-7.835092162436713
28134,5.3881297706678835
28135,2.283759260679138
28136,-1.8783968242372118
28137,-8.416717666982153
28138,-3.7200760911675235
28139,-7.613642079856724
28140,-0.7753931915470242
28141,-8.182292238201619
28142,-8.224287822573178
28143,-8.21424155608494
28144,-3.354130241030526
28145,1.5066893262057577
28146,3.753637914427492
28147,0.9290905095917227
28148,0.416634101643502
28149,1.0236577078736018
28150,-0.8981748150853603
28151,0.03448868217753209
28152,-7.962832416630399
28153,-4.614296614359439
28154,-1.58152858380183
28155,10.78795730571168
28156,7.069707516218298
28157,1.995091368187429
28158,-3.8754037537898185
28159,-5.7017018417513645
28160,6.089397694143514
28161,-2.345910177977221
28162,-8.380976426857135
28163,1.8384689051785217
28164,-7.336166718325982
28165,-7.792676628571468
28166,-1.2776547393405995
28167,0.21263731597748348
28168,4.091681771885909
28169,-7.614211886921724
28170,1.2113949912632662
28171,-7.769285544884527
28172,-1.5459144819016817
28173,-8.45242965343561
28174,-8.298857121794821
28175,-8.21024746644771
28176,-7.994037420811777
28177,2.5971160792457293
28178,-1.7250330127803015
28179,-1.6904119842946952
28180,-3.853288657278034
28181,7.307011171357707
28182,-0.9496307797219945
28183,-2.0116939083182093
28184,4.945681190948092
28185,1.0774354325451574
28186,-3.98831070799373
28187,-8.110788643024678
28188,-8.566515256115148
28189,-7.920915829349122
28190,-7.952071343431385
28191,-5.29617455712787
28192,-7.524424500739419
28193,-6.869137801233611
28194,-1.0902684892214154
28195,5.4450749817581645
28196,0.9493306659415726
28197,-5.767205592403199
28198,-1.8769572154419512
28199,-8.166030854495162
28200,-8.32523425889715
28201,2.763014043233283
28202,5.018688203278671
28203,-0.8989481140375195
28204,-0.2826114704524374
28205,-7.006267906241071
28206,5.8889659586008865
28207,-7.573875383223939
28208,-3.7600693933835885
28209,1.80103024203984
28210,2.5178166537864612
28211,-8.242302836664098
28212,-0.42286507534426143
28213,-8.071295723982551
28214,-2.4997882356156453
28215,-4.971321254499126
28216,-8.128112421524353
28217,-0.04331928959361697
28218,-7.6756016819574375
28219,-8.414132960722819
28220,-8.334920381988473
28221,-6.896391181520222
28222,0.5498529851124748
28223,0.8683651188978965
28224,1.236822877422454
28225,-7.898689335787805
28226,-6.926519871493472
28227,-2.2447706510502035
28228,-7.623952973856651
28229,4.207896325850117
28230,-7.706065209405484
28231,-7.976512259022703
28232,-8.346591481275295
28233,-0.4658522877751519
28234,4.23783021511779
28235,4.653967903317241
28236,-0.39415161934731635
28237,-7.709778164952558
28238,-0.4045712195504233
28239,3.7938987212378086
28240,-2.54863517295113
28241,-7.415663661893715
28242,-7.8145322312850745
28243,-7.892551419782746
28244,-8.014718652480736
28245,-8.45242965343561
28246,1.5777756035768686
28247,-8.242302836664098
28248,0.7562738136443987
28249,5.2912454392182
28250,4.817857591428061
28251,-7.108383947004742
28252,-8.128112421524353
28253,-8.279339157542516
28254,-7.850398418366638
28255,1.9312529857020222
28256,0.5117075319330697
28257,2.082016257876684
28258,-8.462451274440188
28259,0.9569992792128542
28260,0.4640626488317249
28261,-7.115626667620903
28262,-7.7337602257839375
28263,-7.413623999799082
28264,-8.03650168439514
28265,-1.6744255944198505
28266,-2.7216922337452654
28267,2.23841546264717
28268,-0.09996088950887394
28269,0.7949851135662573
28270,-8.164632128453768
28271,-8.418297700637524
28272,2.0060526846347266
28273,-1.034956302626155
28274,-6.88924762027643
28275,-8.051150914000202
28276,2.3626546193160847
28277,-3.279600263473375
28278,-0.4947490769438264
28279,-2.9327872161165818
28280,-5.344648121878003
28281,5.065882786252778
28282,-8.350518503552383
28283,-7.233510530334677
28284,1.3702396237557695
28285,1.1989648807892792
28286,5.415950423891725
28287,-8.221245579478575
28288,-7.435526110918512
28289,2.6574580845330327
28290,0.262837284362857
28291,-8.414132960722819
28292,-6.715869803062335
28293,-7.086793213964335
28294,-7.6206158298576945
28295,0.3253569113611353
28296,0.8179176071500198
28297,0.6826664450866616
28298,-7.837725138543988
28299,0.6919533852010575
28300,-6.994377320633724
28301,-7.379083380514297
28302,-3.108937973481666
28303,0.7797943960952098
28304,2.3720437660620526
28305,-0.7060148940127187
28306,-4.98520039188658
28307,-3.0989371256022205
28308,-7.227290286818946
28309,-2.1076449650527276
28310,0.4706359724453373
28311,-2.3845747914555044
28312,0.5189245567555059
28313,8.57207801083504
28314,5.048555149696263
28315,-2.1896933869975017
28316,-8.293533882068525
28317,-8.009007190257442
28318,-5.671337868550914
28319,3.0650940089232988
28320,-5.891056306441366
28321,-8.201681175419639
28322,-7.288938815347432
28323,-0.04633732792620915
28324,-8.231861576614
28325,-8.279339157542516
28326,-8.10466517429311
28327,1.4711617004672162
28328,-7.921325666277104
28329,4.139943257031462
28330,-2.5930458949937822
28331,-8.110788643024678
28332,-3.1907998909478206
28333,10.669383737773238
28334,7.794257478738546
28335,-3.840309797745638
28336,-5.030596382895791
28337,-6.445043069347053
28338,-7.706065209405484
28339,8.94824356929962
28340,3.802157905146501
28341,-7.4221198740914955
28342,1.2213843774280586
28343,-0.9857428788917435
28344,7.81638436617965
28345,-7.792676628571468
28346,-0.5253932286616225
28347,1.675562944161833
28348,-3.9039291998396792
28349,-0.23753874608382164
28350,-3.2345486377365336
28351,-7.935119508687956
28352,-7.220969501687682
28353,-3.9035353003736564
28354,2.172233317145798
28355,-3.302558975831735
28356,0.8346773712784594
28357,-3.9045675360673
28358,0.8506347674518664
28359,-2.6220710472778412
28360,-7.491723236268626
28361,-0.8953138778585414
28362,-8.164294134275352
28363,-8.414132960722819
28364,-1.1140377561567747
28365,-7.086907061403438
28366,-8.193906085737083
28367,-8.110788643024678
28368,5.6847987302025125
28369,4.435330832879195
28370,-1.3586436568078288
28371,1.1899999828294996
28372,-1.4943753036102567
28373,-2.17746725953679
28374,1.6744465160698745
28375,1.5333771579779654
28376,2.5653173808486542
28377,-3.098177665189001
28378,-5.971126678744593
28379,3.6840428000081555
28380,-1.4172267683191784
28381,-1.3060663873879457
28382,-2.7798377029827117
28383,-4.167562191578847
28384,1.343903337451243
28385,-0.21582314349603404
28386,1.1624732341060355
28387,-7.099953857228809
28388,-4.809891440449532
28389,1.3371167029255013
28390,-8.011825020151218
28391,-8.242302836664098
28392,7.70844746900633
28393,-7.904085454863996
28394,-3.6025846437859856
28395,1.0391463813329702
28396,2.0330183613506
28397,-8.279339157542516
28398,-8.164294134275352
28399,-8.414132960722819
28400,-1.5007940556800863
28401,-7.086907061403438
28402,-4.738629000270436
28403,-8.110788643024678
28404,-8.39979597915534
28405,-2.8977958061041957
28406,0.37927907531666527
28407,-1.8381976791706998
28408,1.1268485456507897
28409,-4.741950565989733
28410,-7.706065209405484
28411,2.6420341824745117
28412,-4.079128192755357
28413,-8.3059700259
28414,2.105955265242536
28415,4.013571699280425
28416,-8.32523425889715
28417,2.3431185015032794
28418,4.4731406462599
28419,-8.051150914000202
28420,-2.3790990585186016
28421,-6.358527042920018
28422,2.7288305692285415
28423,1.4965087302043676
28424,1.1463367851205706
28425,-0.9771439006568934
28426,1.5520801794027337
28427,-8.241559723731456
28428,4.750107883518491
28429,5.502992400846278
28430,0.2673069616963948
28431,4.404799017995485
28432,-7.580643783392374
28433,-0.678302663425407
28434,-8.164294134275352
28435,-3.459679856403977
28436,4.868774444393118
28437,-2.0348192246592904
28438,-3.5162807984275237
28439,-2.2623542031719346
28440,-8.396016078302543
28441,3.9847672602979314
28442,1.8139365548633288
28443,3.7639952528248872
28444,-3.6577638985256815
28445,-7.379083380514297
28446,-6.096311252079692
28447,14.81295781031375
28448,-8.279313522694412
28449,-8.3059700259
28450,3.026076359965618
28451,-8.411153360464992
28452,-8.32523425889715
28453,-0.6729317328793033
28454,0.05613498495623448
28455,-8.051150914000202
28456,-8.165248177061056
28457,-7.835092162436713
28458,4.099992871110306
28459,0.7069026969663033
28460,5.192583750451397
28461,-8.45242965343561
28462,-0.8544873749616573
28463,-8.242302836664098
28464,3.578425067505955
28465,-1.4435039867888668
28466,-0.0816569545174517
28467,-8.221245579478575
28468,-1.7926352669090249
28469,-7.325135764007814
28470,1.6378092874281858
28471,-8.414132960722819
28472,-5.6643863406905135
28473,3.7478781320560293
28474,0.021443682282591636
28475,1.810805205983578
28476,-8.566515256115148
28477,-2.971666736143786
28478,6.88957906478639
28479,-8.075202815119887
28480,-0.5581762210701391
28481,-7.379083380514297
28482,-0.2230882939562967
28483,7.074890213376887
28484,-7.849180311959855
28485,-8.3059700259
28486,2.1493990539084837
28487,2.5631815713025947
28488,-7.594349407906854
28489,-7.261580202226832
28490,-8.065115896786056
28491,-2.414405892164401
28492,-1.8425517753603287
28493,3.8905779368347844
28494,3.8997159638761314
28495,0.23742613182373162
28496,-5.122658434926765
28497,-8.45242965343561
28498,-4.901291969830894
28499,-4.882808725772291
28500,1.8786551686402668
28501,-8.201681175419639
28502,-7.364333743402044
28503,-7.020840172428178
28504,-4.609034537419053
28505,6.12906975261442
28506,-8.164294134275352
28507,-7.16378408738488
28508,1.5032239962416003
28509,-7.086907061403438
28510,-5.416446130481695
28511,-0.8510702851694281
28512,-8.56517637059038
28513,-7.920915829349122
28514,-8.28198074158217
28515,-8.075202815119887
28516,-5.414909238418073
28517,0.6437445046021344
28518,-3.868222938145548
28519,-4.136282250636886
28520,6.845393564349745
28521,-0.21114508946963484
28522,-5.410168040144372
28523,-7.815184342829126
28524,-8.286887596282273
28525,-3.1780253031864403
28526,-1.4384570441732507
28527,-7.680572992415255
28528,-7.767325178246416
28529,1.543165061054452
28530,-8.0646134056801
28531,-1.945087971215866
28532,-7.153094517937031
28533,-6.419562960302851
28534,2.221710428420246
28535,-8.242302836664098
28536,-0.4308776334694837
28537,-4.9799941032507595
28538,-8.224287822573178
28539,-8.221245579478575
28540,-0.20632330272767718
28541,-7.334171671167129
28542,-6.552103192332564
28543,-3.6109115847892697
28544,-8.334920381988473
28545,-7.086907061403438
28546,-8.390418355264181
28547,0.3167195485549724
28548,-8.225245518126064
28549,-0.3052038213079751
28550,-8.301624629888517
28551,1.5305461691131086
28552,7.149673687315159
28553,2.0813136333137123
28554,-7.213314568231626
28555,2.4715837731403
28556,1.0262038082670193
28557,-2.645249451090131
28558,-7.142751625923658
28559,-5.45325621673048
28560,-8.32523425889715
28561,2.7754297744194254
28562,-8.065115896786056
28563,-8.051150914000202
28564,-6.94005279314959
28565,-0.07971826584707353
28566,-3.0431197962965486
28567,-7.935119508687956
28568,-8.293533882068525
28569,-2.033233733679786
28570,4.821252466225804
28571,3.5857900749418246
28572,-0.2149004916204943
28573,-8.201681175419639
28574,-6.168865639276299
28575,-8.221245579478575
28576,-8.231861576614
28577,-6.179654954426166
28578,-3.1569461731721415
28579,-8.414132960722819
28580,6.448608525283287
28581,2.5664694533949604
28582,5.134284426008733
28583,-1.877526875149194
28584,-0.4552770569061443
28585,-0.3096399277387061
28586,10.0473212475817
28587,3.494517211829981
28588,-8.03650168439514
28589,7.87609055679402
28590,4.3818488954842545
28591,0.27196756425025004
28592,0.583575909856203
28593,-6.071564195251012
28594,-1.5839601566336334
28595,1.2400571177795099
28596,-5.818259236967765
28597,3.992752536259623
28598,0.6218949301098069
28599,2.4908335144965688
28600,6.3287818436913055
28601,-7.835092162436713
28602,0.8429835130827522
28603,-1.3889998548167668
28604,-6.169449529694491
28605,0.5172895052037371
28606,5.705523059875878
28607,-8.242302836664098
28608,3.8099008887505073
28609,-1.4252197183128654
28610,2.5862808049948542
28611,1.4503732159871658
28612,-6.637263989737883
28613,-0.43102992052413575
28614,-2.963910115523579
28615,-0.5866733622921695
28616,-0.14072454637431975
28617,-6.229201904975338
28618,-3.9656508716311034
28619,-3.6536273201694027
28620,-8.566515256115148
28621,-2.5089055963987223
28622,-4.292796546389057
28623,6.304994700328747
28624,-4.949314960903555
28625,-7.130679287415562
28626,-0.6136607054244595
28627,0.12259502837886949
28628,2.2298705186809227
28629,-3.729370524008598
28630,-5.695594603402261
28631,-8.418297700637524
28632,-7.061120708866491
28633,-7.792676628571468
28634,-8.065115896786056
28635,-8.051150914000202
28636,-7.805602931993998
28637,-7.0430873902740725
28638,-6.8857381215518005
28639,5.102952431200192
28640,-8.293533882068525
28641,-8.45242965343561
28642,-5.495938193772574
28643,-8.097018076525767
28644,-7.994037420811777
28645,-8.201681175419639
28646,3.5737824935542086
28647,-8.221245579478575
28648,-7.445928386837142
28649,-5.499842014671875
28650,-0.027253048042108485
28651,-3.0438432399040622
28652,-0.9578487327536825
28653,-6.952967305183167
28654,-8.462451274440188
28655,-8.110788643024678
28656,-8.370246859244366
28657,-4.140958194855932
28658,-1.8258972449082038
28659,-2.519076885190967
28660,1.5772168890909335
28661,-2.3779794051408403
28662,2.010463967748042
28663,7.099263229952054
28664,-0.5346600859360464
28665,10.362667742817745
28666,-8.105445953746507
28667,-8.418297700637524
28668,-1.4400086333290738
28669,-7.792676628571468
28670,-7.451414455263073
28671,-4.722053547963253
28672,-5.887817789227471
28673,-7.835092162436713
28674,-7.718792705841474
28675,2.685493077276943
28676,2.473208456384735
28677,1.0164132364684821
28678,-8.350518503552383
28679,-5.640094648225294
28680,-2.8639399762016127
28681,-8.201681175419639
28682,2.956264708169166
28683,-2.591228232496931
28684,-2.3561625198693568
28685,-2.0827119102681673
28686,0.45491828676930113
28687,-3.0843094352685307
28688,3.61740288630318
28689,-6.902178855116499
28690,0.225930437638851
28691,4.234609920348798
28692,3.066915545899411
28693,-3.197382491729649
28694,-4.301084705282873
28695,-4.6259705385475
28696,7.591951590289382
28697,4.479266028379766
28698,2.8733490524001692
28699,-0.5408288975830907
28700,-2.250382048929649
28701,-8.184020755257183
28702,-0.21142760126486093
28703,7.443933961993805
28704,1.209096197668675
28705,8.731162161418403
28706,0.1721598131944857
28707,-8.051150914000202
28708,-8.165248177061056
28709,-5.6586387990737785
28710,-0.08689835836824944
28711,12.336856699200982
28712,-1.1170404403051846
28713,4.5527496568992065
28714,-8.350518503552383
28715,-8.222997787330332
28716,-0.4930370812719067
28717,-3.7625696644983946
28718,1.5865090531048978
28719,0.4580865859253598
28720,-1.4475058487872705
28721,-2.976270209108513
28722,-8.164294134275352
28723,-8.414132960722819
28724,0.0029890707609394607
28725,-1.9171748935530502
28726,1.498890523027085
28727,0.5669414919680984
28728,8.87508485129622
28729,-0.19864033897396682
28730,-8.280346401736807
28731,-6.609233784042843
28732,-1.795751742675569
28733,-5.66008748588518
28734,-2.09971153965875
28735,-7.9745409905073465
28736,-5.624408248351946
28737,-1.1050422339553894
28738,-0.6473858700944837
28739,0.19022893516946915
28740,3.677090226117619
28741,1.4042483260225382
28742,-8.065115896786056
28743,2.3388961008069717
28744,-7.7596268125810415
28745,-7.5662761874130116
28746,-6.280633097590089
28747,-7.058722525260299
28748,-1.3646816998152866
28749,0.033141131022190684
28750,-2.957538016494496
28751,-5.188391997626242
28752,-7.994037420811777
28753,-7.8702830940395625
28754,-8.224287822573178
28755,0.25448862146020657
28756,1.4511556351237989
28757,-2.858743589585635
28758,6.515581102844412
28759,0.4451680026030571
28760,-0.30903825983942523
28761,-7.086907061403438
28762,3.2123795753418416
28763,-2.0850641248688677
28764,-8.563361743128144
28765,-0.4943713943231871
28766,-5.214346653878422
28767,0.2611344582368311
28768,-7.528323008760703
28769,-3.7795478436212693
28770,-7.706065209405484
28771,-0.20508715273056133
28772,-7.534357340399505
28773,-7.901481453831758
28774,3.3888378484054016
28775,0.2589751716810076
28776,-1.9350439155205714
28777,-2.158459011406534
28778,1.5358948833771509
28779,6.012128462855721
28780,-8.032828822216176
28781,0.7095648514848965
28782,-0.3954593821777855
28783,-7.314980541386154
28784,-8.293533882068525
28785,-8.223132942661596
28786,-6.315339991879973
28787,2.2059243817575567
28788,-2.4555909598946926
28789,-1.9998498421543234
28790,0.549511585541862
28791,-7.867058634575349
28792,-1.4497744494531706
28793,-0.7837894482537037
28794,4.280523356996881
28795,-3.2435312343607943
28796,2.127017687166043
28797,11.22938256947904
28798,-2.775827740079453
28799,6.371704844335759
28800,-4.995543529520604
28801,0.754175697922542
28802,-7.7748935317525145
28803,-7.845957986950215
28804,0.8503872097867543
28805,-7.257194268675558
28806,1.0903811708921287
28807,-8.005192437498462
28808,-8.346591481275295
28809,-5.813506773053677
28810,-7.173995077910579
28811,-8.418297700637524
28812,1.0443535517792346
28813,-6.131850263804637
28814,2.3963934587348747
28815,-0.6468697267284491
28816,3.490930708749712
28817,3.6110094664057613
28818,-8.0646134056801
28819,-0.5729090623663722
28820,-8.011260357272203
28821,-1.959039429254475
28822,-7.345337900893861
28823,-3.5445629776173093
28824,-6.596910580893906
28825,-5.601061269586211
28826,-6.47808239623806
28827,-8.221245579478575
28828,-5.385917305090069
28829,-1.8541243250930433
28830,-2.682016670662452
28831,-8.414132960722819
28832,-6.193921082660681
28833,-7.086907061403438
28834,-8.462451274440188
28835,-2.4981849775842555
28836,0.15235238086755748
28837,2.722945365708573
28838,-6.262924686449328
28839,-7.52236717653361
28840,-8.03650168439514
28841,-2.002720936196321
28842,-3.869813189436632
28843,-0.94742708462585
28844,3.1537458558456577
28845,-2.410319783086729
28846,-3.2857242883499986
28847,-0.2852067203575571
28848,2.029084959990508
28849,-5.398552038427859
28850,-8.065115896786056
28851,1.0505808740543696
28852,-4.5537363129282316
28853,-7.835092162436713
28854,2.753459432939071
28855,5.019062749696246
28856,-3.1276145916937503
28857,1.7636588103385065
28858,-0.3500488460202418
28859,3.0220317210642484
28860,-0.39416904249180806
28861,-8.201681175419639
28862,-8.224287822573178
28863,-7.63345722657702
28864,-3.358707326402768
28865,-1.4999274794749065
28866,0.4467339727935014
28867,3.1530206896679283
28868,-0.9745775157813565
28869,1.5949140872419176
28870,5.089126685791175
28871,-8.110788643024678
28872,-3.1868623042742477
28873,0.0020481726282528534
28874,5.6076678650035605
28875,-2.7119336194414245
28876,-8.03650168439514
28877,-6.22310291782364
28878,-4.355181710977603
28879,-4.9664792343633
28880,6.655980284373449
28881,-7.298410569269475
28882,2.382129022579424
28883,3.606178242035716
28884,2.5076893953999977
28885,-7.792676628571468
28886,0.7058351615495804
28887,-6.787389068968286
28888,-6.3251808062390475
28889,-7.835092162436713
28890,1.2261972184896517
28891,1.1154924521373326
28892,-7.875743646918275
28893,11.135807409812926
28894,1.7454888277795146
28895,-7.972222827273221
28896,-7.994037420811777
28897,4.109633127490697
28898,3.9537026601103014
28899,-5.292021595001656
28900,-6.255953641045846
28901,4.256824916943785
28902,0.1173025789084916
28903,0.10355494525363418
28904,-0.7701673646909512
28905,3.077785144807814
28906,-8.123714468403717
28907,-4.510691262362354
28908,-8.30098260341699
28909,0.15049259499526668
28910,-8.301624629888517
28911,-2.634578187190419
28912,-8.03650168439514
28913,2.7483319173562633
28914,4.718616207588466
28915,-0.20755999107735068
28916,0.8837006556034033
28917,2.862402021486332
28918,1.135781816804919
28919,-8.263253913725269
28920,1.6312484269150187
28921,-7.736952037173939
28922,-8.10556798098664
28923,0.18718402455457117
28924,-8.165248177061056
28925,-0.7547607566657621
28926,-6.527264997603155
28927,-7.935119508687956
28928,7.105062358460971
28929,-6.139773229935374
28930,-1.8508059788185873
28931,4.1786376929364675
28932,-7.994037420811777
28933,0.17406516591355237
28934,-8.224287822573178
28935,-0.17982143819316576
28936,3.325932492043702
28937,-7.695816582147353
28938,0.5559973869294068
28939,3.3196704829574797
28940,-7.234302215137668
28941,3.179005534260216
28942,1.3532403199805527
28943,-0.9782109570452509
28944,-3.38203622391414
28945,7.6978395739441225
28946,4.056771732651498
28947,1.811093132270448
28948,8.222147040570462
28949,-7.379083380514297
28950,-7.281214969687585
28951,11.02121384468652
28952,3.6733726908236077
28953,0.5800606895801285
28954,-8.180575311038002
28955,-0.5328934919672527
28956,1.012822600308096
28957,-2.5375397373743422
28958,-8.10556798098664
28959,3.233159717325949
28960,-8.165248177061056
28961,-1.534254222312792
28962,4.888302471303707
28963,-7.823867755323953
28964,-1.0738890650136066
28965,-1.7371798264953426
28966,-1.6955868023408125
28967,-8.242302836664098
28968,-7.994037420811777
28969,-4.033464917101311
28970,-8.224287822573178
28971,-8.221245579478575
28972,-7.6842911819242135
28973,-8.279339157542516
28974,0.19270025089806087
28975,-8.414132960722819
28976,-8.334920381988473
28977,1.5313031487464805
28978,-4.073299307433098
28979,-2.486909023117569
28980,-8.521841708787049
28981,-7.520268800342009
28982,-0.19344019610206997
28983,-5.127108280344298
28984,0.48997890879771244
28985,1.9598718261206374
28986,1.6105077245604869
28987,-1.5986081668475496
28988,-7.5221350278835235
28989,-6.706572048242393
28990,1.4722953031122852
28991,1.5725762791095834
28992,-0.5283614566106205
28993,-7.792676628571468
28994,-8.062234372845534
28995,-8.051150914000202
28996,-0.17875993150912006
28997,-3.0849454838871893
28998,-8.0646134056801
28999,-2.2824858551072844
29000,-8.293533882068525
29001,-5.878424374426567
29002,0.15326404422865147
29003,-5.70731300218283
29004,6.74203859627948
29005,3.559948446878222
29006,-2.262946840555755
29007,1.240272535998616
29008,-3.8698104728710776
29009,-7.591505332190533
29010,-8.164294134275352
29011,-7.544760103509775
29012,1.9802246160107981
29013,5.403929886465404
29014,-8.46417314851223
29015,2.1702847241647607
29016,-4.929779077700532
29017,-1.1496795117303054
29018,-0.3008206662493187
29019,-1.2118747393596727
29020,9.021345518483582
29021,-0.4690877416063634
29022,-2.762032321933698
29023,-8.005192437498462
29024,-8.346591481275295
29025,1.73519937760477
29026,-2.147459347243905
29027,1.816840135741609
29028,1.0575085676550784
29029,-7.792676628571468
29030,-7.880556191824987
29031,-8.051150914000202
29032,1.4088691407948415
29033,-7.717826039017867
29034,9.44587008027464
29035,-7.580792522800706
29036,-0.4161957705174979
29037,8.442109532961515
29038,5.112462125034621
29039,-7.465207958108215
29040,0.5153120360027759
29041,4.2552003021020575
29042,-6.5154591780170446
29043,-5.14772207509343
29044,-8.231861576614
29045,-4.581895717127964
29046,1.555045230037832
29047,-8.414132960722819
29048,-0.7011545332709308
29049,-7.086907061403438
29050,-8.46417314851223
29051,-0.37414341680437
29052,-4.606684108465875
29053,-0.21251870384064075
29054,-0.5161224180093209
29055,5.047703676234171
29056,-7.951357224998969
29057,-7.2232469623365265
29058,3.9491519401249366
29059,9.649112117751216
29060,3.743373318185365
29061,-5.134230091125167
29062,4.385945522211948
29063,-3.2771691731472816
29064,-8.32523425889715
29065,7.913854260189936
29066,13.73720605395642
29067,-3.5116070958646253
29068,-3.0480084977362965
29069,-3.3111186799581986
29070,-6.938476120505424
29071,0.225377645172218
29072,-5.189378108667064
29073,-8.013451790925881
29074,-8.350518503552383
29075,-6.789109832554852
29076,-7.277610905774683
29077,-3.6385554418063766
29078,1.4462209182712984
29079,3.161000330039233
29080,3.0566072583687327
29081,0.7018710332323462
29082,-3.09872781613456
29083,-2.970987836906937
29084,-1.581152069230252
29085,-4.862373695506651
29086,2.4417169079771606
29087,-8.110788643024678
29088,-7.607176608308227
29089,2.183756700945248
29090,4.746766225360128
29091,-7.853727717551471
29092,-3.2471045783661627
29093,-0.16266029604752852
29094,-6.89901128211262
29095,-0.7107571645718391
29096,-6.655869565040905
29097,6.434279474658286
29098,-8.263660628883356
29099,-5.2182492110932905
29100,-8.01504213962843
29101,-2.272539785924496
29102,-8.10556798098664
29103,-7.0813424149924025
29104,-1.3075315894679838
29105,0.28719276676343686
29106,-4.2675235009894
29107,-0.8544873106381337
29108,4.572120562837712
29109,-1.2337934746320955
29110,-8.350518503552383
29111,1.572683324133553
29112,-7.994037420811777
29113,-8.201681175419639
29114,-3.595303747602053
29115,-8.151637816494533
29116,4.239105409226359
29117,3.226924266469732
29118,-1.9490775889813714
29119,-7.867339595498827
29120,-8.334920381988473
29121,-2.1659185309960765
29122,4.642715989240541
29123,-6.107819153732967
29124,-8.566515256115148
29125,3.284556816717202
29126,4.244110687139651
29127,-1.7451287192018028
29128,0.7501376187709115
29129,0.7673163939201751
29130,-5.040529541229844
29131,-4.901004485268567
29132,-8.346591481275295
29133,0.4213011355147914
29134,-8.380976426857135
29135,-2.8011038509985546
29136,-8.32523425889715
29137,-7.792676628571468
29138,-1.4853748234344313
29139,0.2261630771751899
29140,-6.738331551168344
29141,-7.8380827677323595
29142,-8.096104505173393
29143,-5.732693509654573
29144,-0.3364713411776884
29145,-0.6628833203403046
29146,-7.32671756672263
29147,-4.268635694971191
29148,-1.3976943634240893
29149,-4.3498940983810535
29150,-8.224287822573178
29151,1.8467478513601614
29152,1.0678264664336214
29153,-0.30851370191031124
29154,-3.1229134876173865
29155,4.3995131943706625
29156,-8.334920381988473
29157,-6.179819228249856
29158,1.592155986359956
29159,1.4061791779366795
29160,-3.166441892937947
29161,-6.929621217203752
29162,-7.800287496843766
29163,-8.062900438709486
29164,10.611166664343
29165,2.8036274728496395
29166,-2.3298562333306734
29167,-3.4831229519879283
29168,0.7094480854764162
29169,-4.414179132613903
29170,0.01389831256764218
29171,-8.418297700637524
29172,-0.9916270956270141
29173,-6.731179047936112
29174,1.359082274815515
29175,7.549384881398309
29176,-8.165248177061056
29177,-7.8380827677323595
29178,-1.6113547253082583
29179,-4.014560354894872
29180,-8.293533882068525
29181,-8.45242965343561
29182,-1.5046263738800807
29183,-8.242302836664098
29184,-3.2461531577291582
29185,2.7707134690274278
29186,-8.098744824844205
29187,-5.579788732670504
29188,-1.7536240974907495
29189,-8.279339157542516
29190,4.825104156469734
29191,-8.414132960722819
29192,-7.802908963096153
29193,-3.820860997879022
29194,1.0636065408072883
29195,-7.654404521555773
29196,-4.865027837667282
29197,-7.27955703401736
29198,-8.268292776412418
29199,-8.075202815119887
29200,4.6850413432651985
29201,-7.379083380514297
29202,1.784109997441496
29203,-2.084811947954895
29204,-5.943545410770748
29205,-6.708582880798015
29206,-8.380976426857135
29207,1.0568603757195667
29208,-3.986917159008117
29209,-6.6927700639605
29210,-6.913267304181012
29211,6.20910290868045
29212,-8.167963122899115
29213,-7.8380827677323595
29214,-3.0871255803925357
29215,-7.470571776115945
29216,-3.774036299011969
29217,-8.45242965343561
29218,-3.938298977267359
29219,-0.38823879758863433
29220,-6.484381512421384
29221,0.16723609124996863
29222,1.9134614977013813
29223,-0.17241207775495893
29224,-0.24461820728793982
29225,-1.102620082227884
29226,-0.5473614792678374
29227,5.118051625602308
29228,-2.8008163738453504
29229,-0.04148935330599457
29230,-8.46417314851223
29231,-2.9545047194006995
29232,-8.566515256115148
29233,-7.920915829349122
29234,-8.222340922344337
29235,-8.011453109178822
29236,-8.03650168439514
29237,-7.20506183621397
29238,-6.158588998799063
29239,-2.488201223949114
29240,-7.60851806579521
29241,1.6206558816266143
29242,3.4149981332796226
29243,-2.9567577972436148
29244,3.8348138877296583
29245,-1.3614419593482197
29246,0.1498665791028655
29247,0.0018476454515810037
29248,-6.512189176098449
29249,-7.537776834824229
29250,-7.169228107997818
29251,-6.149566330890142
29252,4.077769436929991
29253,-8.45242965343561
29254,2.3548761023082596
29255,-1.4262467639167145
29256,-7.994037420811777
29257,-8.201681175419639
29258,-2.9256302209208283
29259,-2.6406745232559463
29260,-8.231861576614
29261,4.163162680591741
29262,-7.613478968888857
29263,-8.414132960722819
29264,-8.334920381988473
29265,1.8907309977995954
29266,-8.46417314851223
29267,-0.677966373866862
29268,-0.1469523095136105
29269,5.5760477076814166
29270,-8.301624629888517
29271,-8.075202815119887
29272,-0.32307597345058037
29273,1.663773993751113
29274,-7.706065209405484
29275,-8.005192437498462
29276,-8.346591481275295
29277,-1.688899636361568
29278,-8.380976426857135
29279,-8.418297700637524
29280,-8.307418450284693
29281,-7.818280297166385
29282,1.9269924421153517
29283,-5.12488974757106
29284,0.9384339543402236
29285,6.690803128858066
29286,-8.096104505173393
29287,-0.8816091936996695
29288,5.552490089062413
29289,2.037650217612355
29290,-8.262556713276421
29291,-5.365219162190884
29292,0.7522796364139678
29293,-4.887712253289676
29294,-5.9062032120477586
29295,4.545126238734477
29296,-3.2927931449079124
29297,-7.190634253578785
29298,4.631889462900855
29299,-8.414132960722819
29300,-6.273892595646197
29301,-7.086907061403438
29302,-2.5313118488906854
29303,-0.7777476476099834
29304,-2.1415970390269483
29305,-2.6429693059838035
29306,6.191341623580328
29307,-8.075202815119887
29308,-7.1029434433364385
29309,-7.379083380514297
29310,-2.1962077981187766
29311,-8.005192437498462
29312,1.9594014498800885
29313,-6.91791611086818
29314,-3.3978416756816348
29315,-8.418297700637524
29316,-0.22910990867573977
29317,-7.818280297166385
29318,-8.10556798098664
29319,-0.16023912650949362
29320,-8.167963122899115
29321,2.1066858652369462
29322,-8.280340314803341
29323,0.9674297739765363
29324,-8.293533882068525
29325,-2.242461811466721
29326,2.4006710742495065
29327,-8.242302836664098
29328,2.453002800932903
29329,-1.5473907835947567
29330,-7.61229084361891
29331,-0.3831651336726741
29332,-1.780803372069895
29333,-6.158168643822466
29334,-7.984899999711091
29335,-7.037321862385232
29336,-8.308444585159648
29337,1.0915969503334222
29338,0.18142046954587454
29339,-2.019249241442438
29340,-2.7445090970737884
29341,-2.076212358805545
29342,-1.8108849966514289
29343,-2.457609022864716
29344,-1.9164808455791502
29345,2.0004639412093246
29346,-0.4030927391626571
29347,-7.7804454952343765
29348,-0.49227125816456424
29349,-4.69609259069243
29350,-3.9041392148500877
29351,-8.418297700637524
29352,-8.32523425889715
29353,0.5644136761625015
29354,-2.7793149127898267
29355,4.450283212412732
29356,-7.9002520581151225
29357,3.9394874304753666
29358,-8.169671140745464
29359,1.4468051164527838
29360,-7.14991522912657
29361,-2.054841739318551
29362,1.9665430060580953
29363,-0.272604550758184
29364,-3.673198189380048
29365,-8.025813011848935
29366,4.390737926013166
29367,-5.969715295144408
29368,-1.9563039510682434
29369,3.3261134391738247
29370,13.45918070785187
29371,-8.329554273422655
29372,-7.803644987161933
29373,-7.1744962282560145
29374,-0.4127738646954504
29375,2.2584144549144556
29376,-7.6943786042293265
29377,0.7371471006019453
29378,-8.301624629888517
29379,-5.941075149343407
29380,2.478250220783721
29381,3.766091055548585
29382,-7.262576391337654
29383,-4.518468826832432
29384,-2.2199690570841897
29385,-8.022032720927207
29386,-0.44121258119135787
29387,-8.105922989925332
29388,-6.495331863106385
29389,-1.6392287928192433
29390,-6.148810433306066
29391,-5.4247445939610035
29392,5.840812533529409
29393,0.04201584629881677
29394,-8.201215460253541
29395,2.0910052928975773
29396,-3.1515591304020347
29397,-7.898979387727793
29398,-7.060459729431614
29399,0.655873820201942
29400,-7.994037420811777
29401,-7.839063556999944
29402,0.15933572951980057
29403,-8.075191765078376
29404,-1.2274806233781137
29405,-8.076449033536065
29406,7.670123238050953
29407,-8.414132960722819
29408,-8.334920381988473
29409,0.9711558403201479
29410,2.1282592763724155
29411,-6.053520412490757
29412,-1.6722304278317957
29413,-7.920915829349122
29414,-4.2868701348837535
29415,2.2350983838910414
29416,0.7873343231557659
29417,-5.124592792588425
29418,-7.604166760265436
29419,-8.005192437498462
29420,-6.740923466645775
29421,-6.654985391534353
29422,-4.05590552726432
29423,-5.7853606673237765
29424,-8.32523425889715
29425,4.703289726942156
29426,-8.10556798098664
29427,1.076971243849607
29428,-2.2790637104341185
29429,-7.8380827677323595
29430,-6.464803670635938
29431,1.295583620772554
29432,-2.7777428230870322
29433,-8.45242965343561
29434,-0.4041824258604514
29435,-8.184922402602416
29436,-7.687380168844179
29437,0.5583848650431744
29438,-0.6935109781085581
29439,-1.7289442687015306
29440,-8.204180895678787
29441,-7.920112617302617
29442,-7.6766499703209465
29443,-8.414132960722819
29444,1.304053266917806
29445,3.7344782341824203
29446,-0.7281120892862376
29447,4.387470067255929
29448,-2.418146316875902
29449,-3.4112828443590297
29450,-6.653782059314562
29451,2.0465569104411316
29452,-5.564742908337405
29453,-7.379083380514297
29454,-7.706065209405484
29455,-5.204213107832981
29456,2.6033201006782463
29457,-0.2271389351850832
29458,-0.798430491677629
29459,-6.89289811306228
29460,-8.204138630838212
29461,2.8648517511539526
29462,-8.194346301465231
29463,-8.051150914000202
29464,-4.64519733527357
29465,-0.017514802120098594
29466,2.5908677381628276
29467,-7.935119508687956
29468,-4.193128807589568
29469,0.33056832643040895
29470,-7.706907744804922
29471,-7.045826726325569
29472,-7.2115893520031245
29473,-8.201681175419639
29474,2.1306868903726066
29475,-0.00892482443981768
29476,0.29566530726876783
29477,-8.279339157542516
29478,1.1386776700762025
29479,8.090768043692368
29480,-1.1551130442409874
29481,-0.6699532963950576
29482,-8.462397022666456
29483,-7.905413068951316
29484,-8.566515256115148
29485,0.43043173005568985
29486,-8.301624629888517
29487,-1.4445449093596627
29488,-5.971094156060782
29489,5.335022735114694
29490,-7.382953441998463
29491,6.1392134314333315
29492,1.0721405656088188
29493,-4.691775042307135
29494,-8.243971412834656
29495,1.031333868496573
29496,11.748622181129548
29497,2.054841048570013
29498,-0.15532904054873864
29499,4.7338416568788695
29500,-8.167963122899115
29501,5.1707548348719765
29502,-2.8159772337354223
29503,-7.866391242654033
29504,-6.752263307052037
29505,0.289712990949734
29506,-8.350518503552383
29507,-7.610122954119254
29508,0.32299879089442946
29509,-6.83144800545517
29510,0.9613260319657493
29511,-6.7527164198908975
29512,-4.317928579880758
29513,-0.0870824635187152
29514,-8.164294134275352
29515,0.9531332811431956
29516,-8.198541290539172
29517,2.763558891110197
29518,-1.23364240565744
29519,6.636565074564262
29520,4.003075001140838
29521,2.3023240278179062
29522,-8.301624629888517
29523,-6.624082647930277
29524,5.228971217283186
29525,1.8853823388643935
29526,2.608246304937367
29527,2.861761723671034
29528,1.2525226692547922
29529,-5.340489445936739
29530,-8.380976426857135
29531,-8.406916906471176
29532,-8.32523425889715
29533,-7.5604437345910664
29534,-1.9575773676873973
29535,-1.5346415971493492
29536,-8.167963122899115
29537,-7.290441839144094
29538,-8.04194031331997
29539,4.532405015835961
29540,6.608663548025436
29541,3.125289260051848
29542,1.2702319100443937
29543,-8.242302836664098
29544,-7.994037420811777
29545,1.727480137865687
29546,-8.261273624336207
29547,3.7285168383461604
29548,-1.388974753639845
29549,3.1929948141134687
29550,-8.164294134275352
29551,-8.418425665552999
29552,-7.870966550140606
29553,-0.47367085812964116
29554,-6.997232671402694
29555,-2.3263882998700627
29556,-6.541360610455023
29557,11.87755621083472
29558,-0.15576518498142744
29559,-2.159468543685424
29560,-0.5691846508718172
29561,-6.351665476164278
29562,0.015589675775996348
29563,1.1627614291862165
29564,5.379385537742051
29565,-8.304017289393471
29566,-6.786149792610483
29567,-6.852532054370105
29568,-6.989978216720642
29569,-4.462763357317902
29570,-8.194346301465231
29571,2.0955409593859726
29572,-0.5132779548622003
29573,0.3177946063251026
29574,-8.280340314803341
29575,8.11464360732072
29576,-3.8693107788231798
29577,-8.45242965343561
29578,0.5134437114739514
29579,14.475093199907914
29580,3.400005493521731
29581,-6.747899969821976
29582,2.2052100927425196
29583,1.5804172562931167
29584,-0.20628079901873475
29585,-2.7660166894119174
29586,-7.471221336605837
29587,0.28747371232279717
29588,-8.22371472162873
29589,-6.772020309852071
29590,1.8604398348693252
29591,-8.110788643024678
29592,-0.5214995312268728
29593,-6.61652316696671
29594,-8.301624629888517
29595,-5.364163407985657
29596,6.358293142131728
29597,-0.07106982979013221
29598,2.2476731906791083
29599,-8.005192437498462
29600,-6.531580326319214
29601,-3.483230520825822
29602,-6.469727098909745
29603,-1.3240736140647476
29604,-7.240991168878697
29605,-0.20062556333428017
29606,1.4551066589123796
29607,-1.4411496161655077
29608,-8.167963122899115
29609,-6.212098937442209
29610,2.255672539644683
29611,0.8960842730237073
29612,-0.74551629819566
29613,-8.45242965343561
29614,-8.350518503552383
29615,-5.94740638357529
29616,-1.456951457169327
29617,-1.6664324085837066
29618,-0.2433899078193864
29619,-1.6086897465853296
29620,-8.231861576614
29621,-3.3144937856003245
29622,-8.164294134275352
29623,-2.577037206495075
29624,2.8048029049164307
29625,-0.10937914732238707
29626,-7.859998918381812
29627,-0.5342602797632195
29628,-8.578896869038175
29629,-7.209688554019172
29630,-0.5302705269584366
29631,4.344575836097911
29632,-7.772017513273501
29633,4.251107192131727
29634,-7.706065209405484
29635,4.7332544725230425
29636,-8.346591481275295
29637,-3.347752921121048
29638,-2.651879042104324
29639,-8.418297700637524
29640,4.53621376639853
29641,-3.4474068985163755
29642,-7.95594467310476
29643,-8.051150914000202
29644,-6.109212396375568
29645,-7.277391684624445
29646,2.3361464517595216
29647,-2.9482531847544413
29648,-7.092476105022847
29649,-1.8455072090715052
29650,6.0292596146991775
29651,-2.942049588828916
29652,-1.5775594247127067
29653,-8.201681175419639
29654,-0.7581821645172955
29655,-8.140133877647
29656,-8.231861576614
29657,-8.279339157542516
29658,12.9188104460791
29659,0.29782367510487306
29660,1.5412027768608305
29661,1.0198622770390977
29662,-8.46417314851223
29663,-2.2898434885233527
29664,-1.5258074185846864
29665,6.4110292568363425
29666,-8.301624629888517
29667,-8.075202815119887
29668,-7.004236492341272
29669,-7.004131209210594
29670,0.1845673029358738
29671,-0.9305386935764813
29672,-1.2183293725932085
29673,-5.290623005260369
29674,-0.7449185174534174
29675,-8.415682428270365
29676,-8.32523425889715
29677,8.709829013621679
29678,2.5819917090121263
29679,-7.862051579503075
29680,3.5086293895531373
29681,-1.8904619793002762
29682,-8.280340314803341
29683,4.443775386557306
29684,-1.1769295717925725
29685,-8.45242965343561
29686,-7.73765277541088
29687,-2.9733451558650814
29688,-4.416341668296649
29689,4.356242389665235
29690,4.116365272482085
29691,3.338831968744015
29692,-8.231861576614
29693,-2.2966084994057594
29694,2.9613225608268645
29695,-8.19998758974004
29696,-3.3845850378284688
29697,-7.1744962282560145
29698,4.678537228789958
29699,0.41938437184122956
29700,-8.578896869038175
29701,3.9700153650958248
29702,-6.386814889315781
29703,-0.4991497515506991
29704,-8.03650168439514
29705,3.5390650256405403
29706,-1.4352837916084638
29707,-8.005192437498462
29708,-8.346591481275295
29709,-1.4471322498078014
29710,2.1809647876457756
29711,-8.418297700637524
29712,2.651482161757319
29713,-4.245320854053551
29714,-1.5268900543653876
29715,-5.994107997353238
29716,2.7789238611826046
29717,-7.8380827677323595
29718,2.4733307762805885
29719,-4.731724346313866
29720,-7.935508917103775
29721,-7.594730959860441
29722,-8.350518503552383
29723,-8.242302836664098
29724,-0.9501487913746626
29725,2.017066843827023
29726,3.264852755926676
29727,-3.6059327231732197
29728,2.0074651491724147
29729,-8.279339157542516
29730,-1.6964072191893667
29731,1.5922801392849384
29732,-8.334920381988473
29733,4.288850469287035
29734,-2.437555092961823
29735,-6.994465396851336
29736,1.2057257035802111
29737,-7.920915829349122
29738,-7.386774035103768
29739,0.7426187419433217
29740,-5.49828728434179
29741,-3.5277574775619964
29742,-7.695833247382118
29743,-7.811664594774378
29744,-1.366402971651394
29745,9.804200725144979
29746,-1.066607837018365
29747,4.4112342534289075
29748,-7.812267191642835
29749,-7.818280297166385
29750,3.21050191822499
29751,-7.306047884707114
29752,-1.1350640949024662
29753,3.3597931126669156
29754,-1.7443315230293686
29755,-7.935119508687956
29756,-1.2332113648551435
29757,-8.45242965343561
29758,-7.58882755755684
29759,0.6603214853469233
29760,-4.605975665952472
29761,-3.899894398292867
29762,-6.78733114913172
29763,-8.221245579478575
29764,1.8766749066133088
29765,-8.11197394640766
29766,-5.777367482899489
29767,-1.4253980038961058
29768,1.9388237380118074
29769,-4.485161171615384
29770,3.338545447680252
29771,6.659590912287772
29772,-8.456199114643356
29773,-3.9846925322281486
29774,-5.584359105079638
29775,-6.8859785387873185
29776,-4.106146514194789
29777,3.626822080565102
29778,-6.598668818073097
29779,1.1100775866925683
29780,-0.3704053093070595
29781,-0.2977875056479574
29782,-1.1406653834229945
29783,0.8203069809912407
29784,9.003460871023664
29785,-7.800677381435096
29786,-4.951960153666757
29787,-1.6767553089100975
29788,-2.9387189326218337
29789,4.822860060983084
29790,-1.6797153293857425
29791,-1.0337296983852102
29792,1.0690998608887958
29793,-8.45242965343561
29794,-8.350518503552383
29795,1.0541231821439205
29796,2.763402765458589
29797,-8.201681175419639
29798,-0.09932653115235923
29799,2.5597460171090174
29800,-1.3540648828837323
29801,-1.1913790042609163
29802,-0.24683708817715178
29803,-8.431267915220687
29804,-8.279428544578849
29805,5.285588770293884
29806,-7.062443919655138
29807,3.111792546036626
29808,-1.7168399695830336
29809,-1.358040432243233
29810,-8.301624629888517
29811,4.827802809481321
29812,-6.8741531655219
29813,-6.241247778649411
29814,3.0594044998336596
29815,-1.2688730921169675
29816,-6.957221402367114
29817,2.848665735960629
29818,-8.380976426857135
29819,-2.9093704824114415
29820,-1.2477532626075605
29821,1.5565327106815616
29822,-8.194346301465231
29823,3.5332492271055944
29824,5.4433559373473255
29825,1.4997805962502961
29826,3.6015030919666984
29827,-7.935119508687956
29828,-3.04522813119039
29829,-8.331324960955138
29830,-6.660613368693182
29831,-5.952091996121118
29832,-5.6308242845511005
29833,-4.31647419982649
29834,-2.5432050511061064
29835,-4.374360470423468
29836,-0.11409820881838861
29837,-1.3513031838643275
29838,-0.9013129004118468
29839,5.257828469083002
29840,-0.7068004415544245
29841,7.563673375271772
29842,-8.455547261972669
29843,-2.3401674899954705
29844,0.08237593752934647
29845,-3.0706618441029576
29846,-8.284255365507052
29847,-8.075202815119887
29848,9.527283841430902
29849,3.4903133652317164
29850,0.9796106674475362
29851,6.948715966454001
29852,-8.346591481275295
29853,-7.853017939052189
29854,7.542194228352513
29855,-8.42014221133634
29856,-1.4181557155527509
29857,-3.1731955392199804
29858,-8.194346301465231
29859,-8.051150914000202
29860,-2.4577331629351833
29861,0.9505960533212323
29862,-8.280340314803341
29863,-0.5440536408348873
29864,-8.293533882068525
29865,6.95324722873422
29866,-1.517178138163727
29867,-7.678692071289552
29868,-5.297740949033116
29869,-8.201681175419639
29870,1.3530901155278645
29871,2.7566561017487823
29872,-7.421648281551881
29873,-2.2088053664292215
29874,6.565831228825553
29875,1.5789002054643626
29876,-6.881104840191847
29877,-0.1929412708879399
29878,-0.18445058615929483
29879,4.924360652807067
29880,-8.387318537256938
29881,-6.614323956139328
29882,-0.3188713593092062
29883,-2.212408034730757
29884,-0.20116739549416174
29885,-4.278504310058822
29886,-2.251425776214079
29887,-0.0246058347425695
29888,-3.961752613676803
29889,-5.162582690017425
29890,-2.712980742854249
29891,-8.42014221133634
29892,-8.32523425889715
29893,6.7658311991443245
29894,3.6184415219298884
29895,-6.840462698437097
29896,-8.167963122899115
29897,1.9023330103670966
29898,-8.187192762313868
29899,-0.2783889877444259
29900,1.3379928420415417
29901,-8.41483672710185
29902,-7.639189865899279
29903,-4.008063532233287
29904,-3.7767991803174943
29905,3.241585395487259
29906,-1.5191220160405554
29907,1.5136629496391336
29908,-6.272404574591238
29909,3.378645390429994
29910,-8.164294134275352
29911,-1.408646816474736
29912,-8.326763405668471
29913,1.0573593579656921
29914,5.214286282972019
29915,-2.122942079870657
29916,-2.9885149121824215
29917,3.8687060163649463
29918,-4.282481475258786
29919,-8.075202815119887
29920,-4.7702362456685
29921,-4.740456780252968
29922,2.821223041811078
29923,-3.0720634999637007
29924,3.704257380744421
29925,2.4355379642189168
29926,2.9562830585404734
29927,1.14720193353104
29928,-8.32523425889715
29929,4.233018582419039
29930,-8.194346301465231
29931,-7.963723035949216
29932,-8.167963122899115
29933,-1.0736008351043405
29934,-0.332079327601937
29935,-2.3363015092540493
29936,-8.293533882068525
29937,0.7423293495841183
29938,-8.35005605237479
29939,2.5069025594466554
29940,-3.991210913144642
29941,-8.201681175419639
29942,0.9818309307764186
29943,-6.718203747184884
29944,9.450108091422166
29945,-8.279339157542516
29946,-0.0010238103619070182
29947,-8.431267915220687
29948,5.417065758776693
29949,-1.0681459562592108
29950,-8.46417314851223
29951,-2.545888368048243
29952,4.3754065894188
29953,-3.679438995757259
29954,4.205172362092356
29955,4.5515025019476365
29956,-1.0894917706676708
29957,-6.539662191329724
29958,6.205728764767915
29959,-7.744180532474025
29960,-1.0366905337029948
29961,0.5741276411647358
29962,1.24370190519031
29963,0.7821601193952044
29964,-7.347553952351047
29965,-7.240797402731765
29966,2.481909156906632
29967,-7.7852293535388
29968,-8.038962857272264
29969,1.3178593364771882
29970,-0.6308386523036185
29971,0.024646800193265594
29972,-6.072271468016402
29973,4.293746632569625
29974,-7.346495899090964
29975,7.2200205313260755
29976,-0.40663621835954045
29977,-0.1122712616290551
29978,0.39948018190762413
29979,-0.9626277076450747
29980,8.116803635643585
29981,-8.258367877365377
29982,-6.576734689965406
29983,-8.202213827576408
29984,-7.100971632720899
29985,-3.668367865021328
29986,-8.46417314851223
29987,-2.4472714215775144
29988,-8.517316742433582
29989,0.7548500308217565
29990,-4.354868942626752
29991,-6.1264495410870525
29992,3.967224463412299
29993,3.655487958116197
29994,-0.15927010495790583
29995,-4.001587109576132
29996,1.5970230465638187
29997,-8.3059700259
29998,-8.380976426857135
29999,-8.42014221133634
30000,-4.75781924824692
30001,-7.767951354473493
30002,-8.194346301465231
30003,-7.759532764871988
30004,-1.527675917587767
30005,0.7809173346311942
30006,-8.061223946840796
30007,-7.935119508687956
30008,-5.522892959931423
30009,-7.839197792055675
30010,5.017170663354247
30011,-3.6565048868482246
30012,3.9028250785368535
30013,-5.725415320683929
30014,-4.349298564341466
30015,-6.485962716665874
30016,-2.6108284343437176
30017,-1.5821750278376494
30018,5.782007442081509
30019,-8.431267915220687
30020,0.8556157961558373
30021,-2.199833231269239
30022,2.508688145023095
30023,-8.110788643024678
30024,0.46816459560252743
30025,2.024226350732894
30026,-8.301624629888517
30027,1.5032071363222301
30028,-0.15402544362722237
30029,-7.379083380514297
30030,-7.706065209405484
30031,-7.473302190391278
30032,-0.5814912226985076
30033,-2.8349005878651203
30034,-2.74329241163938
30035,-8.42014221133634
30036,-0.2721681967419731
30037,0.7010127688567642
30038,-2.288207209419296
30039,-8.051150914000202
30040,-8.189309043031498
30041,-6.229234568183391
30042,-8.280340314803341
30043,-4.525570727030292
30044,3.480592431002508
30045,-8.45242965343561
30046,-2.257672624141244
30047,-7.33137402633111
30048,5.0833858941502825
30049,-8.201681175419639
30050,0.39121643709960097
30051,0.3274485340216658
30052,-0.26910321553220395
30053,-8.279339157542516
30054,-7.250481715129066
30055,1.9221887606544565
30056,0.8497004515917073
30057,1.5312033345124747
30058,2.291970016152155
30059,-0.27179564469206174
30060,4.592734702753601
30061,-3.4809267462544145
30062,-8.301624629888517
30063,-2.063881448207413
30064,-7.986374734045193
30065,0.6010745288306464
30066,-1.8219591660682253
30067,5.532391398846701
30068,-8.346591481275295
30069,-4.2339251986558555
30070,-8.182457688528828
30071,-4.0918454796976516
30072,-8.445029051620809
30073,1.4416605960762934
30074,-2.989591563438094
30075,-0.682115951556959
30076,0.30428925859379896
30077,-7.8380827677323595
30078,-5.9311463749497975
30079,-0.6230366753210193
30080,-0.8377514403160031
30081,-7.275655585642051
30082,3.2178272998137216
30083,-7.234920841239238
30084,4.8574554566342565
30085,0.1059563810136932
30086,-7.823344818511356
30087,-8.221245579478575
30088,0.40670846711146214
30089,-7.382595155153783
30090,-0.8611780159189206
30091,-5.835909338225021
30092,-8.334920381988473
30093,-0.21288824123373007
30094,-6.944858216368614
30095,-1.4179244282639831
30096,-8.578896869038175
30097,-7.920915829349122
30098,-1.5908312509952807
30099,1.4648861939547744
30100,-7.503745608187234
30101,16.365312306407144
30102,3.4533881745507324
30103,0.1781315763735435
30104,-4.31381786028218
30105,5.590245032463589
30106,0.5875095569821154
30107,-2.115014819665924
30108,-8.456490521591496
30109,-7.818280297166385
30110,-8.194346301465231
30111,0.6618574812147273
30112,-6.9850470002953085
30113,1.2046891185099255
30114,-7.939445872003802
30115,-7.179585798496068
30116,-8.203607950823466
30117,-7.794211888107276
30118,4.969131633348075
30119,3.776603425775228
30120,-5.680254090140884
30121,-4.173856548763056
30122,0.03987062545273057
30123,1.866050148168911
30124,-2.6927248911895876
30125,-5.261745051818402
30126,1.3001137942875092
30127,-2.1990845413043294
30128,-2.5839077730315316
30129,12.073531185697629
30130,-1.2413142867217042
30131,4.813514891612719
30132,-6.256674434761544
30133,-2.18460921469417
30134,-4.6160878863610275
30135,13.363089260013377
30136,-7.466049370802512
30137,4.313540696380674
30138,-0.3747936998869762
30139,-8.005192437498462
30140,-3.843051398929619
30141,-0.6410381593877236
30142,-0.6891616646286022
30143,-8.38934079262551
30144,-8.419636102113303
30145,-1.387702448696631
30146,-8.194346301465231
30147,-2.8169778544959336
30148,-8.189309043031498
30149,1.3327566392295513
30150,-6.6745010217334135
30151,-7.836131762243768
30152,-8.293533882068525
30153,-1.819997950632981
30154,-6.798597030112951
30155,-2.4747863504247887
30156,-0.3943404446802041
30157,-1.4443491115065077
30158,4.77653922019808
30159,-7.9915181283982815
30160,-6.849662114239008
30161,1.3944228752655756
30162,-4.206597353907452
30163,-8.431267915220687
30164,-6.116443231949818
30165,-0.4490061005209913
30166,-0.7114456037288126
30167,-1.2104710852579919
30168,1.3210665628755256
30169,2.1763639177906557
30170,-5.886307286626227
30171,-2.198121313840287
30172,-8.03650168439514
30173,-0.920856098604639
30174,-7.706065209405484
30175,-6.082727686316405
30176,-6.89594625513038
30177,3.6143346572625368
30178,-8.380976426857135
30179,-1.9556695983386274
30180,-6.90837183043222
30181,-5.959306047309276
30182,-1.6139743480808795
30183,1.2408549170685872
30184,-8.031021695433862
30185,-0.2182963539675576
30186,1.867542639167802
30187,-2.738435227807976
30188,2.4191254308247627
30189,-1.5933132972416044
30190,8.365881402357651
30191,-0.5703726737308459
30192,-4.586573327279949
30193,3.4923196758695414
30194,2.2571619299172183
30195,0.710764145830609
30196,2.3580562809510663
30197,-8.32395980738335
30198,-8.164294134275352
30199,0.026972851135727817
30200,-8.334920381988473
30201,-2.3610008516836674
30202,-2.830247947565096
30203,-8.104511816252554
30204,-1.7170444191666574
30205,3.1648344094978986
30206,-8.301624629888517
30207,-7.0427717519823
30208,-7.975927427558391
30209,2.3883923674999212
30210,0.6310906031113261
30211,6.274677895962523
30212,-0.6033747747281041
30213,-7.633799167701448
30214,0.3478461072577832
30215,-8.42014221133634
30216,-7.97275543710715
30217,-2.2643282855539866
30218,-1.570727352140008
30219,2.5764122681822084
30220,-8.189309043031498
30221,-5.174286437087655
30222,2.0346940997579903
30223,-6.98522993767701
30224,-1.1995946118788403
30225,-8.45242965343561
30226,-8.350518503552383
30227,-7.089531197971593
30228,-7.8825035366357294
30229,-5.665942992160827
30230,-8.261273624336207
30231,-0.6349122767339007
30232,-8.231861576614
30233,-2.1580462761976973
30234,-2.118854701320526
30235,3.108021634035725
30236,-0.6347465746424553
30237,5.608233276296303
30238,6.984138976114572
30239,-8.110788643024678
30240,-1.3432641649083843
30241,-2.8040569376480184
30242,-0.4286063943252071
30243,-8.02864050608202
30244,-4.3847583167489645
30245,1.275906170969408
30246,0.2841929084300483
30247,-2.11835618435041
30248,-8.346591481275295
30249,-1.9408991507954276
30250,-8.380976426857135
30251,-8.42014221133634
30252,-2.035939956107778
30253,-7.818280297166385
30254,4.118458347614778
30255,-1.4448902237890402
30256,-8.189309043031498
30257,-7.8380827677323595
30258,0.6581864638667004
30259,-0.9928805947878807
30260,-8.293533882068525
30261,-0.549469116962015
30262,-4.553961941829247
30263,-8.242302836664098
30264,-2.639171317909679
30265,-7.492920246968113
30266,-7.975581967854286
30267,1.9006897416840034
30268,-8.231861576614
30269,-8.32395980738335
30270,-0.5669514052487821
30271,-8.215565035469014
30272,3.3489913519704078
30273,2.6116255911488766
30274,-8.251065340757506
30275,1.8134473264486022
30276,-1.5895673691700414
30277,-7.920915829349122
30278,-8.301624629888517
30279,-0.31865082533191147
30280,8.829757375835758
30281,-7.379083380514297
30282,-1.0900140615074245
30283,-1.2667050913728735
30284,-1.2152698045330295
30285,-3.7016206927138438
30286,0.7746037212633139
30287,7.389156941577825
30288,-8.456490521591496
30289,-2.1997685299831224
30290,-2.006181252231392
30291,-3.7578641489716196
30292,-2.3614212288331533
30293,-7.712441164982015
30294,-8.228696482236986
30295,-0.8729523522659475
30296,-8.293533882068525
30297,-5.1945012227428675
30298,3.1599536505691304
30299,-8.242302836664098
30300,4.238942788673789
30301,-8.201681175419639
30302,-0.31420770419333693
30303,-0.3667882774818838
30304,3.2184081270662848
30305,3.7460258374085997
30306,-4.686022482784705
30307,-8.431267915220687
30308,-8.334920381988473
30309,0.6060570360779685
30310,-8.043830529471883
30311,-4.270376235224416
30312,-1.1759391039338407
30313,-7.920915829349122
30314,6.379413326312402
30315,-8.075202815119887
30316,-0.7958934705518903
30317,-7.311084510893966
30318,0.13682364355378251
30319,1.2353801583510513
30320,-3.9081844525738805
30321,-6.059827563828401
30322,0.23548844346393705
30323,-8.096427581834602
30324,-8.456490521591496
30325,-7.818280297166385
30326,-0.7633538351897498
30327,-5.399972617951408
30328,-8.189309043031498
30329,-7.8380827677323595
30330,0.30402151962650725
30331,-6.956122329576316
30332,10.088389923319708
30333,8.03291116032335
30334,-8.350518503552383
30335,3.3852472289550737
30336,-1.2261994971144214
30337,-8.201681175419639
30338,-5.341905818473112
30339,-6.835836479504587
30340,-8.231861576614
30341,-8.090107966769395
30342,-7.792607005999747
30343,-2.359415895145719
30344,-0.899022316952437
30345,1.120964864542612
30346,-7.004064578393428
30347,-1.1326101261792063
30348,5.2184895612347075
30349,-7.920915829349122
30350,4.051689063203107
30351,-7.964674528117607
30352,-5.413140193909909
30353,9.800673526095286
30354,-6.842388788201895
30355,-8.005192437498462
30356,-8.346591481275295
30357,-0.6945880195116629
30358,-8.380976426857135
30359,-2.1187956874560068
30360,-8.37139678931154
30361,-7.818280297166385
30362,-2.2273659675065858
30363,-7.964388888281263
30364,-3.8880112798447373
30365,-7.8380827677323595
30366,-5.920757316734786
30367,0.4859394949962654
30368,3.314233388624188
30369,0.9863664302812274
30370,0.0032184438622074223
30371,0.8296770115436316
30372,-2.326605429131277
30373,-2.6777626048277337
30374,-8.215565838684018
30375,-8.221245579478575
30376,-8.198921701357076
30377,-8.330956959367118
30378,-3.722685693798377
30379,-8.431267915220687
30380,-7.649281942604998
30381,-7.121197124316963
30382,-1.0234006363298178
30383,-6.355252286700881
30384,4.534345652172146
30385,-7.920915829349122
30386,-4.558526380105892
30387,-2.3133605376057114
30388,-3.3781097554508035
30389,-7.379083380514297
30390,-7.04569267647062
30391,-7.671321855189145
30392,-1.5577561265284
30393,-4.0533072329991695
30394,5.010507101841883
30395,-8.42014221133634
30396,-1.2076112239067047
30397,-7.818280297166385
30398,-3.446691550738455
30399,1.9005886361009547
30400,-3.260705731281033
30401,-7.8380827677323595
30402,-2.6481872858509234
30403,0.33417764846101905
30404,-1.213869215798474
30405,4.382451871234506
30406,-8.182048378878841
30407,-8.242302836664098
30408,-7.9029054858506615
30409,-0.7176893131426096
30410,0.7904566232723669
30411,-2.8941271252568237
30412,-5.989770804727292
30413,-7.010354571101956
30414,8.71084461601972
30415,0.7261926720929824
30416,-7.788218216177754
30417,1.2006651664237047
30418,10.442212940182465
30419,0.4834942367141213
30420,0.16817359513282493
30421,1.704583786698183
30422,-3.699398999323273
30423,-6.0682726578510655
30424,-7.000400642783216
30425,-7.379083380514297
30426,-3.777017254201154
30427,-8.005192437498462
30428,-1.122189920056527
30429,-5.829011443995221
30430,-0.7884313202756226
30431,3.1532083545736276
30432,1.4894481050261552
30433,-7.818280297166385
30434,-7.537851708331205
30435,7.111239462844091
30436,-2.6481607141009578
30437,0.4767287144257313
30438,-8.306212836430467
30439,-7.935119508687956
30440,10.286085814484402
30441,-8.45242965343561
30442,-8.350518503552383
30443,-8.31973014455072
30444,0.3856913083056896
30445,-8.201681175419639
30446,-0.11248227673878874
30447,5.808010078008561
30448,7.05073593999399
30449,-6.61307784321308
30450,-1.1090726717733457
30451,1.7241469457322662
30452,-3.367718383000004
30453,-0.07406849708945773
30454,-8.46417314851223
30455,2.872582235909937
30456,-8.293672608747727
30457,3.1479246890792476
30458,6.433136220229183
30459,5.551591175250505
30460,-6.572726666542798
30461,-4.5653785430630744
30462,4.981581274032422
30463,3.231827646216089
30464,-6.506844484677739
30465,-4.912929047981595
30466,-5.81443389293044
30467,-8.413668309536764
30468,-5.273970605079761
30469,-5.994099222688616
30470,3.2906379179977163
30471,4.877000855510776
30472,-4.027237218088948
30473,-0.5128102546602857
30474,-5.624728251445637
30475,-4.958954956124519
30476,-8.042015324470755
30477,-0.9279870291512301
30478,-1.8601802417085334
30479,-5.764050175620145
30480,1.6177798352582669
30481,0.9901398971114883
30482,-8.261273624336207
30483,-6.54861834173354
30484,-6.590383837599232
30485,-7.112594407267711
30486,-3.1779364953345595
30487,3.8053052133349117
30488,-0.09792768136273877
30489,5.757055693241696
30490,11.469005613693227
30491,-1.6051923413372444
30492,-0.599863834619619
30493,3.13771113778336
30494,-8.092814776277345
30495,-2.009658264695145
30496,-1.543651406625815
30497,-1.2749875647061244
30498,-6.826251176677127
30499,0.857472858708107
30500,2.763529608767567
30501,0.7143919430339489
30502,-8.137423282516886
30503,3.082186896343944
30504,5.153581310729463
30505,-1.2836453460495716
30506,1.8433503623848388
30507,3.098387823451091
30508,-3.066594544849509
30509,-2.9146104961271293
30510,1.7497731230767792
30511,1.7982958109522085
30512,0.9091219568593287
30513,2.458649303873553
30514,3.094274161595209
30515,4.321371293368373
30516,-4.240327664811993
30517,-8.201681175419639
30518,0.5213082303171015
30519,-3.296055341815177
30520,3.5815058211847126
30521,-3.1715977310548475
30522,2.70334902378726
30523,0.5897474817367545
30524,6.863757991802354
30525,-7.1744962282560145
30526,3.555114345097672
30527,4.112903109074811
30528,-8.578896869038175
30529,-1.5193889658715167
30530,2.482396787258551
30531,-8.075202815119887
30532,-5.558507193533732
30533,0.5140324964232188
30534,5.580036948362748
30535,-0.7094550066211052
30536,-8.215207661290847
30537,-8.3059700259
30538,-3.3272618046962337
30539,-4.403278346081954
30540,0.014349800182262618
30541,-7.4268729870823
30542,0.3317324985544592
30543,-8.051150914000202
30544,-8.06858390375988
30545,-0.1984280706557131
30546,-1.0516543691973554
30547,-3.2479071461516176
30548,0.7248135914115839
30549,-6.1902864176113575
30550,0.8607963648492544
30551,-8.31973014455072
30552,-3.7848895988581535
30553,5.272687105303492
30554,-8.261273624336207
30555,0.08817838310398832
30556,14.68257759816427
30557,-8.320487421457214
30558,-3.906368367005058
30559,-1.2206557032632175
30560,-8.255299620338445
30561,1.1438362973278242
30562,-8.46417314851223
30563,-8.110788643024678
30564,-0.8944733326358167
30565,5.19384322843191
30566,-8.063326579487711
30567,-8.075202815119887
30568,-3.363475136858609
30569,-0.2625544006545246
30570,-2.302725839799271
30571,-8.005192437498462
30572,-8.346591481275295
30573,-8.3059700259
30574,-6.062083712465782
30575,-7.221991677735565
30576,-8.421800559248869
30577,-7.818280297166385
30578,-8.194346301465231
30579,-0.6984263455279618
30580,-5.710941772220998
30581,-2.1292205870689607
30582,-7.80729408519913
30583,6.137691573982409
30584,-6.627387109806392
30585,-5.707010393289541
30586,4.867040955284767
30587,-0.23186094467098162
30588,-7.96117569118942
30589,-8.201681175419639
30590,0.7992830409265033
30591,1.9607938916576944
30592,-1.7823875378988725
30593,2.2288284496482875
30594,-5.076466309732719
30595,-1.441641192901964
30596,8.368062458914771
30597,-0.15064316074765327
30598,-8.46417314851223
30599,1.0573864801642445
30600,5.55006363286415
30601,3.2393397474237755
30602,-3.563000387858953
30603,0.8440874069236579
30604,3.77895834688635
30605,-6.3367519584423375
30606,-7.706065209405484
30607,1.5369734836579196
30608,1.0456765209406087
30609,-0.8157338112887933
30610,-3.9909250386185144
30611,-7.475610083392785
30612,0.10323728673258481
30613,-7.818280297166385
30614,-0.09384105991644046
30615,-3.3721682669910846
30616,-0.3421273066321202
30617,0.15368501459658934
30618,0.2864714256616505
30619,-7.935119508687956
30620,0.8227013448369215
30621,-8.45242965343561
30622,-8.350518503552383
30623,1.3671531752405333
30624,-2.570111124118412
30625,5.33908579519845
30626,3.016292936670383
30627,-8.221245579478575
30628,-3.4481798740106875
30629,-8.330956959367118
30630,-3.0281892307491827
30631,1.1368356882252428
30632,2.331755346150372
30633,1.3779938386993364
30634,-8.46417314851223
30635,1.580434171146848
30636,3.2269523593169676
30637,-7.920915829349122
30638,-2.7435220293919738
30639,-8.075202815119887
30640,-8.03650168439514
30641,0.26040865838459226
30642,-3.2786799524713235
30643,-8.038693940473483
30644,-4.543177292529939
30645,-8.3059700259
30646,3.709188959449385
30647,-8.42014221133634
30648,-8.456490521591496
30649,-7.818280297166385
30650,-6.965408167400255
30651,-0.4358112685410568
30652,-8.189309043031498
30653,5.18041632008371
30654,-8.306212836430467
30655,-0.13131666503692246
30656,-2.9757369371038416
30657,-8.45242965343561
30658,-0.4696454885034935
30659,4.08231755432257
30660,-7.994037420811777
30661,0.043431584690968875
30662,4.563570525606616
30663,-8.221245579478575
30664,-4.53313129893739
30665,0.6723997712826675
30666,-8.164294134275352
30667,0.5330631612241561
30668,-1.4246429483919398
30669,-1.6284341376002498
30670,-8.46417314851223
30671,-7.225754403053513
30672,4.5185840755825115
30673,0.0522230676939488
30674,7.741170359420324
30675,-3.2385263990058317
30676,-8.03650168439514
30677,-7.166113175530082
30678,-7.706065209405484
30679,-0.3600380123114962
30680,-8.346591481275295
30681,-1.8896348901201883
30682,-8.380976426857135
30683,-8.421761484095063
30684,-0.6843672477056684
30685,-7.004434367975316
30686,-3.351534037521953
30687,-8.051150914000202
30688,1.2316890388839608
30689,-7.8380827677323595
30690,1.7538671330380688
30691,-3.671249900034054
30692,-8.293533882068525
30693,-8.45242965343561
30694,-8.350518503552383
30695,-8.31973014455072
30696,-1.2568321104529678
30697,-8.201681175419639
30698,0.8912117401064318
30699,5.331224920107591
30700,-1.7565540270686837
30701,-8.344673363002489
30702,5.216407086937585
30703,-8.431267915220687
30704,-8.073146463427793
30705,-0.7262705197152295
30706,-8.46417314851223
30707,-3.2120951855838475
30708,-4.207497751026647
30709,3.697160029947935
30710,4.968544534901186
30711,-0.2527778416906683
30712,7.071505659421835
30713,2.0162605670317078
30714,-2.1486904112005183
30715,-8.053752336954481
30716,-2.369183495545917
30717,-0.22961722733133294
30718,1.5859616879273672
30719,-3.7467592702774257
30720,-7.90088924173022
30721,-2.4016732589374126
30722,-8.194346301465231
30723,-8.051150914000202
30724,-7.142914506037273
30725,-0.5794207601890198
30726,-8.306212836430467
30727,-7.935119508687956
30728,-5.629076795276866
30729,-8.403172021838113
30730,0.49861254627952123
30731,-5.327584550500561
30732,-7.994037420811777
30733,-0.19860606046099827
30734,-4.536893207884182
30735,-0.17505336639954883
30736,-8.231861576614
30737,-2.879177574344676
30738,-1.3151946589226777
30739,-8.386912403523384
30740,-8.317434105189225
30741,-1.8457145728380473
30742,-8.37768012097482
30743,-4.080662555160713
30744,-3.9862759524526257
30745,2.888437755730851
30746,-6.1518894802752255
30747,0.41281115693757353
30748,-8.03650168439514
30749,0.033703325418973584
30750,-2.59504306232694
30751,5.114754569864029
30752,3.5518437364034456
30753,0.25188648361081767
30754,-8.380976426857135
30755,2.0083333631805997
30756,-6.1188078054389
30757,-2.650343609607777
30758,-7.63500974045733
30759,-0.6789527973281388
30760,-0.39694749654858863
30761,-7.844654403275017
30762,-5.2078923035198015
30763,10.649556798537777
30764,-1.888826788338525
30765,2.1980058346331117
30766,5.101445447746948
30767,-8.31973014455072
30768,-7.994037420811777
30769,-7.353383249384529
30770,-8.261273624336207
30771,1.2201697021215796
30772,-3.1696469641978586
30773,-5.021184628836928
30774,1.7036300953376724
30775,-8.431267915220687
30776,-8.338156615824172
30777,-1.7680082858627395
30778,-7.663920239685825
30779,-8.110788643024678
30780,-2.8874010441268414
30781,7.459677871551085
30782,-1.4284741111507921
30783,1.1305621119435565
30784,-4.510078850849395
30785,-7.06226932118247
30786,-5.341985156776818
30787,-8.053752336954481
30788,-6.146859622025216
30789,2.623838024356526
30790,-8.380976426857135
30791,-7.39564531840934
30792,-8.456490521591496
30793,5.790720148799327
30794,2.799968549420389
30795,-5.570873335931409
30796,-3.949032836351172
30797,-7.462568522093438
30798,-4.600282997761016
30799,-7.935119508687956
30800,-7.349261370162741
30801,-8.001451554199932
30802,-8.350518503552383
30803,-4.655055807266234
30804,0.2094475316464537
30805,0.8755229997544474
30806,0.8770116428820094
30807,-8.221245579478575
30808,-1.8230880912275529
30809,4.355381826910107
30810,4.849670436449938
30811,-0.8912569873763733
30812,-7.496503884259283
30813,-1.0607087954876269
30814,-4.085105239330415
30815,-3.053003607280521
30816,-0.9217654214031756
30817,-0.9059721161988907
30818,-3.180459397036689
30819,1.7469804724529383
30820,7.041794825729232
30821,-7.379083380514297
30822,-7.282280695459556
30823,8.057823713721515
30824,-8.346591481275295
30825,-5.387025021490617
30826,-8.043843164970195
30827,-8.421761484095063
30828,-5.722540941305479
30829,-2.6568042786236292
30830,-8.194346301465231
30831,-2.413975537441481
30832,-8.04131980027132
30833,-7.844654403275017
30834,-0.20057569183796442
30835,-3.9092910416503948
30836,-8.293533882068525
30837,-8.45242965343561
30838,-8.350518503552383
30839,2.0330940441235237
30840,4.342978560924308
30841,-3.629313558466821
30842,-6.02561446057206
30843,2.6745172213195034
30844,-3.1973235951823726
30845,-8.344673363002489
30846,-8.164294134275352
30847,4.747399174750514
30848,-0.269050986542945
30849,-7.1744962282560145
30850,-8.46417314851223
30851,0.4962410139451334
30852,-1.6919841697941402
30853,-0.10718444359198376
30854,6.010743679101985
30855,-8.075202815119887
30856,-6.689949345664406
30857,-1.587818026299833
30858,2.251193293565637
30859,-4.870232693973722
30860,-1.3733736365201092
30861,-6.9584540298466475
30862,0.7755009584358046
30863,-8.383180461401482
30864,-2.5303702612510794
30865,8.706532177723124
30866,-0.10531853582645116
30867,9.005305644840247
30868,-8.189309043031498
30869,-7.844654403275017
30870,5.24700259272375
30871,-7.177792705490966
30872,-1.0713735665051316
30873,-1.618150695841004
30874,-8.350518503552383
30875,3.355619798122884
30876,-7.994037420811777
30877,-8.201681175419639
30878,3.0858844012491478
30879,-8.221245579478575
30880,-1.7166260362898007
30881,-4.247294343041248
30882,1.4486360196254575
30883,2.4211229933006884
30884,0.047307774753641674
30885,-0.12516403773298856
30886,-8.089671094765087
30887,-2.442963234163264
30888,-8.490090764892672
30889,-7.920915829349122
30890,-0.5208402878324616
30891,3.7647272346165606
30892,11.155564862334032
30893,2.3098158419147987
30894,-7.706065209405484
30895,-8.053752336954481
30896,-5.984149420795355
30897,-1.6060616861876238
30898,-4.019704103430769
30899,8.325638994153351
30900,-8.456490521591496
30901,-7.818280297166385
30902,3.284040253458779
30903,-7.289159646200342
30904,-8.189309043031498
30905,1.5278019662868676
30906,-1.696906525203906
30907,-0.3132400505502826
30908,0.7773009354948647
30909,4.694445884527107
30910,0.8278364114634963
30911,-5.238229192580752
30912,-0.4536548787753423
30913,-8.201681175419639
30914,-8.261273624336207
30915,-3.685172944372714
30916,-7.272374893922013
30917,-7.329478413425023
30918,-8.166818631412204
30919,-8.347682998544924
30920,-4.006529128371356
30921,1.497763986717552
30922,5.705352842845352
30923,-7.400489680008872
30924,5.53415788539268
30925,1.7361622564165393
30926,-8.301624629888517
30927,1.6227152346373575
30928,6.6440108982941775
30929,5.28496105776492
30930,-0.7830532564169377
30931,-1.2062242057158206
30932,3.648956012200088
30933,-8.3059700259
30934,-8.380976426857135
30935,-7.658991932633857
30936,2.2388637235277598
30937,6.675001726067791
30938,-6.058648259625894
30939,-8.051150914000202
30940,-7.045921630201089
30941,-0.4180997827905846
30942,-0.7760134495333417
30943,-7.935119508687956
30944,3.505166035279994
30945,5.355735747385461
30946,-2.3532239357956177
30947,0.6767790157730752
30948,3.051616277999163
30949,-1.9603131891761225
30950,0.46804771831040826
30951,5.219147226466315
30952,1.5518979941970232
30953,0.8125607609292578
30954,-8.166818631412204
30955,-8.431267915220687
30956,1.0229992320201675
30957,-2.562808654981527
30958,-0.9251309112608039
30959,2.3757432794189155
30960,-2.2118555589852207
30961,3.2042929745194813
30962,-8.269306066925001
30963,-1.4851697249123141
30964,-8.03650168439514
30965,-4.29392280902284
30966,-7.694226637122564
30967,4.214407392971941
30968,0.9174453980273718
30969,-5.436898549181035
30970,10.078010196598637
30971,1.5899098542240284
30972,-8.456490521591496
30973,-7.818280297166385
30974,-0.6053526994054976
30975,-8.051150914000202
30976,-7.334442553191267
30977,1.4057176460302332
30978,2.898463213595842
30979,-6.805891990176456
30980,-8.293533882068525
30981,-8.45242965343561
30982,-0.5726028585940939
30983,-8.31973014455072
30984,-3.180294721827347
30985,-8.167880114612702
30986,-3.7976960687806436
30987,-8.221245579478575
30988,-8.231861576614
30989,1.3043011343954563
30990,-0.11586836403049183
30991,-1.2618132722420952
30992,3.2695704648423036
30993,-7.1744962282560145
30994,-8.46417314851223
30995,-7.1979446638624545
30996,0.40178381939243746
30997,2.319401381604357
30998,-6.671748307684162
30999,-1.262674935637674
31000,-6.859292407849081
31001,2.031385222199262
31002,-6.355885348073696
31003,-3.816711093838388
31004,5.216843352062265
31005,1.1360871970138824
31006,2.67328890185956
31007,-8.421761484095063
31008,1.929542559385975
31009,5.86088814822713
31010,-8.194346301465231
31011,-0.14962851960168333
31012,-7.494876713885012
31013,-7.858043047707558
31014,-6.7396288173636565
31015,-7.935119508687956
31016,0.09523720461951707
31017,-7.010617724505363
31018,-0.7552574066777866
31019,-7.309230752132594
31020,4.8687794011802525
31021,-0.9872486326662913
31022,-1.0032401806243734
31023,-8.221245579478575
31024,-8.231861576614
31025,-1.1100822755976458
31026,5.698376755394503
31027,-8.431267915220687
31028,0.8461530139974691
31029,-7.1744962282560145
31030,5.202843442851626
31031,2.04017163657174
31032,5.33539585792183
31033,-5.456510883946083
31034,3.339701120365669
31035,0.5859981747166502
31036,6.88785488385462
31037,-2.4796124530962524
31038,-7.706065209405484
31039,-6.297192090343018
31040,3.483202717878302
31041,-1.9807800040875652
31042,0.6079341544593985
31043,-5.971711290798335
31044,-1.0054833329518202
31045,-0.9324423774356561
31046,0.31844504605843166
31047,3.4823681332376566
31048,4.385092680526066
31049,1.0026966245677007
31050,-0.9266538230570047
31051,-7.0241186809470495
31052,-2.1008937122727236
31053,-2.043434217647574
31054,-8.350518503552383
31055,0.3248751665154877
31056,-7.536837520664364
31057,-5.077693885590433
31058,0.8601103177212301
31059,1.5944256500628229
31060,3.8419157363943275
31061,-8.24610671691359
31062,-8.166818631412204
31063,-8.431267915220687
31064,-8.318651770450874
31065,-7.1744962282560145
31066,-8.46417314851223
31067,-8.110788643024678
31068,-8.104492087170224
31069,-7.781886327451693
31070,-8.02927145149892
31071,-3.539394729050698
31072,-2.7835726192894734
31073,-1.9240648021727516
31074,-2.923870341969698
31075,-5.854238320681044
31076,0.1314978757462757
31077,2.6195135629715
31078,-1.969220702208033
31079,8.13455109159613
31080,-7.919997061702779
31081,-2.9340175791210426
31082,4.174977259021879
31083,0.12504879241615896
31084,-1.2147174915062178
31085,-7.961210729030977
31086,-3.715491105552963
31087,-7.444881656585095
31088,-7.176956069180434
31089,9.641015489922719
31090,-1.746118130767183
31091,-5.827464962443852
31092,-7.994037420811777
31093,-0.6553254861763718
31094,-2.734519694716475
31095,-8.221245579478575
31096,-1.401847805987492
31097,-2.1997288400914026
31098,-0.489177487636953
31099,-6.10219121252941
31100,0.4815629596851823
31101,-7.1744962282560145
31102,-8.42207041542404
31103,8.734203794324014
31104,1.8944325522380938
31105,-7.920915829349122
31106,-8.301624629888517
31107,-8.075202815119887
31108,-7.621567801686831
31109,-0.9944298896228791
31110,-7.267242616542355
31111,1.5908173085520194
31112,-4.029614213246129
31113,3.684457720752869
31114,-8.148410452859228
31115,-5.161522871096006
31116,-8.456490521591496
31117,-7.818280297166385
31118,-5.715809078870853
31119,-8.051150914000202
31120,-8.189309043031498
31121,-0.8067727582424349
31122,-7.9286098668779035
31123,-7.935119508687956
31124,-2.1742020564212714
31125,-0.1209962627624197
31126,1.9758855237866013
31127,-0.15830717374752384
31128,-7.994037420811777
31129,-8.201681175419639
31130,-2.248611240231056
31131,1.9638887706690829
31132,0.9468069681511393
31133,-3.7325171878220647
31134,-8.166818631412204
31135,-2.9773337733930836
31136,2.510556747137939
31137,-0.47169350131312693
31138,5.200141451390132
31139,5.527533758056242
31140,-1.825401813145611
31141,6.843167307567992
31142,4.682049747271574
31143,-1.3511423114468748
31144,0.4024322386990013
31145,-0.731981916406673
31146,-7.214770497071603
31147,-8.037691508963697
31148,-8.346591481275295
31149,-8.3059700259
31150,-8.380976426857135
31151,-0.8330776205002048
31152,-8.453379090047601
31153,0.5307647076753181
31154,-8.114178211695016
31155,0.9672939929643098
31156,0.20793502693352772
31157,-7.961210729030977
31158,-2.021317870446964
31159,5.150763951618488
31160,3.165906544638863
31161,-8.059434465441363
31162,-7.151932404091306
31163,-8.31973014455072
31164,1.5270253095025457
31165,-2.5682449933195546
31166,7.7016800068966145
31167,-8.221245579478575
31168,-3.0535700743470944
31169,-1.1486844753102112
31170,-8.166818631412204
31171,4.502733006884337
31172,1.147072730323829
31173,-7.1744962282560145
31174,-8.00526134455798
31175,-8.110788643024678
31176,-8.38467511733449
31177,-1.650192116850436
31178,4.206572393927164
31179,-7.895747161186344
31180,-6.588489452060079
31181,-8.506949766571472
31182,5.363383054947797
31183,-0.7025529436648744
31184,-1.0493832568419306
31185,-8.3059700259
31186,-8.380976426857135
31187,-8.421761484095063
31188,-7.222119426679264
31189,-1.3608608705127032
31190,-7.280588574213038
31191,8.945790403882977
31192,-5.5219748016464045
31193,-7.541678603070686
31194,-1.0984474703507572
31195,-0.5322685200622566
31196,-3.5576578160524526
31197,-1.6221390963203999
31198,-8.350518503552383
31199,0.7839342662407955
31200,-0.5229437983466276
31201,1.2570491536897688
31202,0.27336212459341325
31203,-5.264930209646728
31204,2.6364767868383057
31205,0.7762544414095605
31206,-7.202097500797112
31207,-4.031074256304805
31208,1.411776225497073
31209,-2.226823167222087
31210,-2.8035538017568316
31211,-8.110788643024678
31212,4.342837184551781
31213,-4.5950322387716875
31214,7.1636994521306345
31215,-8.009450158109713
31216,-4.34571398480991
31217,-8.506949766571472
31218,-1.6390847004336857
31219,8.001032691315263
31220,-8.269049334161828
31221,-7.381887153560422
31222,-8.05812659280615
31223,-8.24259226093257
31224,8.179707499940918
31225,-7.817774658780601
31226,-3.9422756707421374
31227,3.3184897661254937
31228,-0.08297641630338592
31229,1.007482600850264
31230,-7.251753627436629
31231,-0.7172278766838407
31232,-4.1237559298926865
31233,-7.7205195034475
31234,-8.350518503552383
31235,-3.7919024406445274
31236,1.8488798921235121
31237,2.434683665274218
31238,-3.0511203937279507
31239,-8.221245579478575
31240,-8.231861576614
31241,-7.423489136574205
31242,-3.0298003874550457
31243,-8.112254871656491
31244,-2.578541523702186
31245,-7.1744962282560145
31246,-8.46417314851223
31247,0.01583912376635027
31248,-2.237108652702811
31249,-3.4416853144652775
31250,-8.301624629888517
31251,2.5409936170631555
31252,-7.858241190589595
31253,-0.9335363081153067
31254,-4.746110916137688
31255,0.39554682480110465
31256,2.769803409524681
31257,-2.98233049549768
31258,2.045293244017026
31259,-8.397811822846569
31260,-2.551959578538564
31261,2.275416388395409
31262,-2.159394455562098
31263,-8.051150914000202
31264,2.887048468405003
31265,-7.777632041481829
31266,-8.306212836430467
31267,-7.010811141974527
31268,-8.293533882068525
31269,2.555022230231259
31270,-8.350518503552383
31271,-2.927416913911512
31272,-1.742182981016521
31273,-8.201681175419639
31274,-8.261273624336207
31275,0.2951500018534152
31276,-3.0394273050579947
31277,-4.316781571521865
31278,-8.138206217037666
31279,-3.9908732608758295
31280,-3.744252053361773
31281,-4.185737934389678
31282,-8.510505665283159
31283,-8.110788643024678
31284,-4.862442109382585
31285,-2.048491247669448
31286,-7.299472522995096
31287,-8.075202815119887
31288,-6.493506929196438
31289,0.6394913724142246
31290,-7.706065209405484
31291,-5.141827343729346
31292,3.4496119879084306
31293,1.796499309770212
31294,2.3029978082067375
31295,-1.295728033361577
31296,-8.449855525843153
31297,-3.4488135411857765
31298,-8.194346301465231
31299,-2.4274694075464796
31300,3.6889582112452786
31301,2.5336456056848617
31302,-8.306212836430467
31303,5.5371298855689135
31304,-8.293533882068525
31305,1.3187139370997059
31306,0.27068516580824786
31307,-2.257807475187417
31308,0.08055028618988291
31309,-7.919026915091852
31310,-7.727690193071841
31311,-8.221245579478575
31312,-8.231861576614
31313,0.6585555731895496
31314,-8.165196702519069
31315,0.7746036752687178
31316,1.9669670808107869
31317,6.725237187494415
31318,-8.510505665283159
31319,-7.76788391530028
31320,-7.625559117996287
31321,12.335724275157649
31322,-0.9369418581395477
31323,-4.756675470783328
31324,4.401990651433765
31325,-0.3975900025407051
31326,-7.706065209405484
31327,-8.053752336954481
31328,-4.447078058828526
31329,-0.0873317845801529
31330,1.2715078562041604
31331,-1.4915842210086818
31332,-6.572394252342454
31333,-4.533927435160047
31334,-7.75040931194847
31335,-1.8234118782294644
31336,-4.024880751090315
31337,-2.7863503870783415
31338,0.31994526663039236
31339,2.425916817274557
31340,-7.074124827624633
31341,-0.7248678856579099
31342,-8.356622583550577
31343,-6.995209299770158
31344,-0.9212870551125723
31345,-8.122882149414302
31346,4.53880777310377
31347,-0.30740156257396634
31348,0.8175847340987012
31349,-8.344673363002489
31350,-8.138537403340548
31351,-3.36359625531914
31352,-7.878480373538221
31353,-7.1744962282560145
31354,0.9905155814285287
31355,-8.110788643024678
31356,-8.532415063552707
31357,-4.5528309213600675
31358,-3.414128231460378
31359,-1.2846992713261485
31360,-8.03650168439514
31361,-6.5050922873054
31362,0.12049133821315683
31363,-8.053752336954481
31364,2.217509414521743
31365,-8.3059700259
31366,-3.047034988575143
31367,-2.3465855980709835
31368,-0.5775380868324247
31369,3.037384423359128
31370,-8.202102199760896
31371,-6.5041956283988185
31372,-3.0375226929930808
31373,-2.2186326317866385
31374,0.9003154297911755
31375,-7.0792048165599715
31376,-2.0525396659786277
31377,-6.797876171490736
31378,-0.2873935118519291
31379,-5.089525915810686
31380,7.451398751005284
31381,-8.201681175419639
31382,-1.3099742957501506
31383,-7.973788570753686
31384,4.947695598133041
31385,-8.344673363002489
31386,-0.1558923049069496
31387,-0.44023979179734973
31388,1.942101329581676
31389,1.5745101021815844
31390,-8.510505665283159
31391,-0.6175514803525881
31392,-8.475755459571348
31393,-7.370607251920452
31394,-7.920015027411213
31395,-8.074070061636887
31396,-6.770029025539166
31397,-4.0328568685341395
31398,-7.684145273496503
31399,-8.053752336954481
31400,0.6681670086884435
31401,-8.3059700259
31402,-2.419103551172001
31403,-1.9502767955377052
31404,0.2801826801508327
31405,0.957260048548616
31406,-8.199832327281646
31407,-8.051150914000202
31408,4.5264445535329845
31409,0.7585644954390676
31410,-7.850098558949191
31411,4.772647244305052
31412,-7.525908678870431
31413,-7.7547146210760545
31414,-0.6594272274451332
31415,-2.653937462751866
31416,-0.5702565482017583
31417,4.922523853084745
31418,-5.442198497803595
31419,-1.054467699654623
31420,1.1115734014331675
31421,-8.344673363002489
31422,-7.540312681578989
31423,-7.016770057541407
31424,-8.141420455703575
31425,0.8177641837640408
31426,-1.6705049795249542
31427,1.7750554470302395
31428,-7.581978673644504
31429,3.2262643910989492
31430,-8.209484250683536
31431,4.64473124641152
31432,2.17623206414097
31433,-8.324346242078622
31434,3.004161606327825
31435,-6.0570758116420595
31436,-3.163779245687183
31437,-2.9814700646041543
31438,0.5183399196410492
31439,-7.871424025056392
31440,-8.487834090106027
31441,5.219979153027342
31442,-0.7961556085086748
31443,-8.042077467877927
31444,-1.4198328455811084
31445,-7.961210729030977
31446,1.2497203117957425
31447,5.09179985896583
31448,-8.293533882068525
31449,0.9569586368215938
31450,-8.356622583550577
31451,-1.2237197298255091
31452,-3.3245267697476657
31453,-8.201681175419639
31454,-7.099872787530152
31455,-8.221245579478575
31456,-4.344288776228919
31457,-8.344673363002489
31458,-8.166818631412204
31459,-8.433347195907892
31460,-8.300869939146837
31461,-7.1744962282560145
31462,-6.546114838226146
31463,0.1720073841136167
31464,-8.457597341337449
31465,2.419531980452636
31466,3.4008160844206237
31467,1.4996936576129012
31468,2.429638150854002
31469,3.2689916654203865
31470,-6.731827829487837
31471,1.5667612343718638
31472,-0.8230693368275348
31473,-8.3059700259
31474,-2.525212555481384
31475,-6.448499932983385
31476,0.9674217434414953
31477,-7.818280297166385
31478,-6.621793795030658
31479,7.525429875865707
31480,-1.0114518983759047
31481,-8.335479302237935
31482,-8.306212836430467
31483,-7.830694559485496
31484,-0.4360585307673266
31485,-3.4561660366642073
31486,-8.356622583550577
31487,1.990458399570602
31488,-4.67198950030639
31489,-0.99162093328837
31490,-8.261273624336207
31491,-1.5729065939662485
31492,1.5652872608302444
31493,-5.382313161220017
31494,-8.359189577112806
31495,0.4426489309765469
31496,4.821520937172937
31497,-0.35344940906958944
31498,3.7902200136456417
31499,-8.110788643024678
31500,-7.90180598015691
31501,-3.576257592033877
31502,1.9396497319097885
31503,0.5027771818848348
31504,-7.776531718142689
31505,-8.096122931529019
31506,1.1744834092885754
31507,4.647478579468683
31508,-8.346591481275295
31509,0.6351343429054351
31510,3.7731629389472934
31511,-1.1728168810881785
31512,5.1365430826852
31513,-0.0464359790610791
31514,-6.095867609020516
31515,3.254688361564181
31516,-0.4133686736615212
31517,2.1808357708291033
31518,-7.972230983407952
31519,2.508418982028452
31520,4.400664451815992
31521,-8.456158693289048
31522,-8.356622583550577
31523,-1.6505800397649313
31524,-7.994037420811777
31525,6.0420596099211155
31526,-1.3804251912864012
31527,-8.221245579478575
31528,-6.615143214958941
31529,4.960559675109966
31530,4.231727576232313
31531,2.790481503752339
31532,1.3334053448709224
31533,-4.421189900673283
31534,-3.493586292701381
31535,0.510147404823412
31536,-1.366079551177554
31537,-3.0184440362153335
31538,-6.224139898316562
31539,-8.075202815119887
31540,-4.541254153837506
31541,-5.97644603771447
31542,-7.0039513582365425
31543,0.9191076914177738
31544,-2.1329145052491354
31545,-7.059540546466128
31546,-1.1651988213792939
31547,-4.197738348062085
31548,-8.342958467352815
31549,8.46289255470994
31550,2.819282837871967
31551,-0.9186722871100765
31552,-4.165405810166629
31553,2.545202542989673
31554,-8.306212836430467
31555,0.35418965564542393
31556,-8.261741602192059
31557,11.63157519897258
31558,-5.511950478374583
31559,-2.6118568137522153
31560,-0.5998862227905697
31561,-7.03188161450106
31562,1.663147052317656
31563,-7.976189471436329
31564,-5.0648627636298125
31565,-8.038598694102278
31566,-8.359189577112806
31567,-8.311862018360111
31568,-6.474667035316147
31569,-6.906676144311849
31570,-8.408631726612779
31571,-8.110788643024678
31572,-1.7642091086379663
31573,-7.201147120246997
31574,-8.301624629888517
31575,-0.8338918615201605
31576,-7.670246278639381
31577,-2.939232530798786
31578,-7.706065209405484
31579,1.0230091933930405
31580,-7.340893552683229
31581,-8.3059700259
31582,-8.380976426857135
31583,-0.45325867770524053
31584,0.4683194513207092
31585,4.735534940399853
31586,-8.202102199760896
31587,0.14735563796168982
31588,-2.428742759348671
31589,-8.335479302237935
31590,-8.306212836430467
31591,-2.798351321701144
31592,-4.4967177360500035
31593,-0.2457309574991342
31594,0.28695859257355005
31595,-5.890439449115058
31596,1.6319214400165265
31597,-7.58926982253243
31598,5.250798692289949
31599,-3.090655250482494
31600,4.443137810354113
31601,4.315570717570997
31602,-8.475725773001287
31603,-8.433347195907892
31604,-8.173822623592793
31605,-7.1744962282560145
31606,-8.041244233003992
31607,-4.314869584515886
31608,4.232095999460297
31609,3.0797166433031946
31610,-8.301624629888517
31611,0.9470485437726746
31612,5.896607511188083
31613,-8.339850915024579
31614,-3.5627846555463676
31615,-5.273413808522394
31616,-2.31955306673712
31617,-6.376281808914891
31618,-2.4639780402473
31619,-4.550104499962115
31620,0.2646416740901092
31621,1.3314582107691322
31622,-8.202102199760896
31623,2.279362404063253
31624,-8.189309043031498
31625,0.3025346360965214
31626,-2.6955172740123166
31627,-0.20819494226221769
31628,1.3391203945368217
31629,1.0491718122487421
31630,0.5343864195342871
31631,-0.28239202982452205
31632,1.3927641607578085
31633,-3.2866431113207843
31634,2.6018457558396033
31635,-7.9191764375887725
31636,-4.418271216131952
31637,-4.227482644843398
31638,4.942202032861237
31639,-8.433347195907892
31640,-8.338156615824172
31641,-7.1744962282560145
31642,-8.510505665283159
31643,2.1330038829660785
31644,-8.578896869038175
31645,1.72877188235612
31646,-7.77838046237869
31647,2.0654236799320143
31648,-3.206459166567019
31649,-8.506949766571472
31650,-2.1895183578589186
31651,1.593271977052506
31652,-8.346591481275295
31653,1.290939490306672
31654,-7.504268575576866
31655,-8.421761484095063
31656,-8.487834090106027
31657,-7.767704436864788
31658,4.636007366484635
31659,-0.4941755323756625
31660,-3.8832773812821255
31661,-8.335479302237935
31662,7.360036155039063
31663,-7.935119508687956
31664,-7.466020613292636
31665,1.779814639699877
31666,-8.356622583550577
31667,0.5145986550271999
31668,1.8352012029562472
31669,-2.735732418181941
31670,-8.261273624336207
31671,-7.050640332271098
31672,-7.337453031968586
31673,0.3358765875018196
31674,-3.175854173763231
31675,-0.2599256019909988
31676,0.7827558664325083
31677,7.0161678130956044
31678,0.1529760913052154
31679,-7.932302582346362
31680,-7.993289508636073
31681,-1.0580938064085093
31682,-8.301624629888517
31683,-7.382422192603421
31684,2.539391457897565
31685,-8.506949766571472
31686,-3.793298072038904
31687,-3.2743023184290077
31688,3.1974632926026065
31689,-1.2925743724327594
31690,0.4724748584413606
31691,-7.5629458396696165
31692,-8.487834090106027
31693,3.768811279779439
31694,-5.070361425907974
31695,9.159473787606865
31696,-2.9102892070029616
31697,5.984124477048211
31698,-8.306212836430467
31699,-7.869036632039941
31700,-3.6321189703569776
31701,-3.653787676541761
31702,0.1748905854010454
31703,0.5161127543596316
31704,-7.765263123687199
31705,-3.0310753502002905
31706,-0.8591096134873907
31707,1.949889182008178
31708,-1.3326179980259854
31709,1.33729528644989
31710,-7.868911865372715
31711,-8.408772349108768
31712,-8.338156615824172
31713,2.8384582602636157
31714,-1.8128269895849853
31715,-0.003392373013900024
31716,3.958672882374728
31717,0.2542217188234841
31718,-0.5757592816489894
31719,-0.1572978125290314
31720,-8.030061570880186
31721,-8.506949766571472
31722,1.5026126472032941
31723,4.041403573404557
31724,-7.496154070668334
31725,-3.789552024587833
31726,2.6726599399207682
31727,7.36326270023295
31728,-8.487834090106027
31729,-7.818280297166385
31730,-8.202102199760896
31731,-8.051150914000202
31732,2.5375586640294965
31733,0.37894927899770825
31734,-1.2659374874440668
31735,-7.935119508687956
31736,-2.799614259975347
31737,-1.482640925499977
31738,-0.7315306836336325
31739,-1.0553514957967747
31740,5.130304535247625
31741,-8.201681175419639
31742,4.619448641393995
31743,-0.3792601945215872
31744,-0.6582073945189364
31745,1.06727091685736
31746,1.2685367377651695
31747,-3.856548946912395
31748,-1.7842611707613147
31749,-1.0503859801713935
31750,-2.293890914584371
31751,-0.47867345754924767
31752,-7.549905061424527
31753,-0.7470117226889994
31754,-8.301624629888517
31755,-7.363364733438964
31756,-6.400287192388613
31757,-3.3643200886352327
31758,-0.6296907128645537
31759,-8.038675647237799
31760,1.6679079515640507
31761,-8.3059700259
31762,-8.380976426857135
31763,-6.756618302107962
31764,-8.487834090106027
31765,5.826738880826899
31766,-7.963476916655587
31767,-7.141126078313047
31768,-3.451741624378147
31769,4.288607113044757
31770,3.9193097198341804
31771,-3.801861635762103
31772,3.8619138176644654
31773,-7.358954561268863
31774,7.875419294128816
31775,-5.529769921899325
31776,1.1819046915517868
31777,8.169503984407903
31778,4.66491032463032
31779,-0.35693232096866134
31780,-8.231861576614
31781,-8.344673363002489
31782,-3.3867591588141854
31783,2.1877375820947282
31784,-4.135595726341266
31785,-0.3308522803293592
31786,10.057940207924506
31787,1.8081476465183977
31788,-4.570109002724168
31789,-7.8534363469392146
31790,1.1994094591908722
31791,-1.0361545515710575
31792,-2.2517422132670784
31793,-7.655130069155464
31794,-7.706065209405484
31795,-0.29776282824017786
31796,4.356733336949981
31797,-5.043017640964186
31798,-7.3658549040426236
31799,-8.421761484095063
31800,-8.487834090106027
31801,4.42164413106905
31802,-2.0625684326319775
31803,-8.051150914000202
31804,-8.189309043031498
31805,-3.699843748920718
31806,2.3552050185177937
31807,0.3101579437620492
31808,-1.0219962230933823
31809,4.803689487297029
31810,-7.797086859844125
31811,-6.0304230661041895
31812,-5.758391057963015
31813,2.5840578675783457
31814,2.831983280570638
31815,0.5730589450282954
31816,-2.073022059171586
31817,-2.2333945377240187
31818,-8.475725773001287
31819,-3.3850168747064457
31820,3.2580335766739332
31821,5.962137547501609
31822,-8.390537075736741
31823,-7.253618178177733
31824,-8.578896869038175
31825,3.0051411317479806
31826,-3.0240003199979055
31827,-1.1704799827621355
31828,-6.11903005259504
31829,-8.246690785032072
31830,-1.5873152656450573
31831,-5.258188985269249
31832,-5.723969326706166
31833,-2.717617207064965
31834,-8.380976426857135
31835,-0.21136125009020118
31836,1.0362284418364807
31837,-3.4306063570780543
31838,-8.202102199760896
31839,-4.001634398058815
31840,0.8779288615531462
31841,-8.33241203474633
31842,-0.9102286490976232
31843,-1.670184594131622
31844,-4.569457445731194
31845,-2.6621532695217036
31846,-8.356622583550577
31847,-5.986552335877557
31848,-7.872309050008195
31849,-2.2634081531652646
31850,-7.332813538027327
31851,-1.0657826875672174
31852,-6.89173552818342
31853,-0.29764302043537394
31854,1.1080886345198047
31855,-0.47068677648663493
31856,-8.338156615824172
31857,1.349387401520302
31858,2.9223845247656133
31859,-0.8347566965847788
31860,1.5661479763127089
31861,4.910018002288266
31862,-8.301624629888517
31863,-7.84606263891161
31864,-7.988575755789521
31865,5.281991115689312
31866,-0.3342107080782193
31867,-6.278608473553773
31868,-7.524946941158017
31869,4.919585809093843
31870,-8.380976426857135
31871,-2.498981173676832
31872,-2.5067387619787835
31873,-7.818280297166385
31874,-8.305151044224655
31875,-3.602004272661034
31876,5.697241580671705
31877,3.367263829901276
31878,-2.469728773066619
31879,-7.935119508687956
31880,-2.9322359775060565
31881,-8.456158693289048
31882,-8.373658126846378
31883,-7.089910303538826
31884,-7.994037420811777
31885,1.2264755004802428
31886,-2.8631870629765865
31887,-6.903983479556134
31888,6.170326852067782
31889,-8.306291649044628
31890,-8.475725773001287
31891,-2.6158953181285587
31892,1.8611573753296264
31893,-6.99886254246699
31894,-8.210582654526217
31895,-0.020601508301117732
31896,-7.336973257900003
31897,-7.920915829349122
31898,-8.297648064683566
31899,-0.04836064458239786
31900,-2.3462215596645164
31901,-8.506949766571472
31902,-6.275436500091052
31903,2.8249550076659316
31904,-8.346591481275295
31905,-0.35103230664209273
31906,2.994857836885199
31907,-8.421761484095063
31908,0.8332581065784868
31909,5.03420590888818
31910,-8.305151044224655
31911,-4.905566626508922
31912,-7.373544541618983
31913,4.43439574862643
31914,0.37857659397154486
31915,-7.886747068255195
31916,-0.13035168315799162
31917,-7.3593200400927765
31918,7.193722385739032
31919,7.331139737361475
31920,-7.926745642460828
31921,-8.201681175419639
31922,-8.261273624336207
31923,8.300701693208499
31924,-7.092577317248489
31925,0.8175972119653077
31926,-8.475725773001287
31927,-8.13137053060317
31928,-8.338156615824172
31929,3.1244975465371034
31930,-8.510505665283159
31931,5.573887207450319
31932,7.7675617267930885
31933,-6.566817660149478
31934,-7.952722754024019
31935,-7.533241721623806
31936,-0.3780390900714896
31937,-7.544837048726006
31938,3.2264917932470585
31939,-7.981880242921481
31940,-7.297152667207307
31941,-8.3059700259
31942,-3.3081409426279595
31943,-8.132110473718422
31944,-8.487834090106027
31945,9.766884228359817
31946,9.87060136664998
31947,-1.3024751173957112
31948,0.7072002304613095
31949,-6.915543028994997
31950,-0.6432083013350105
31951,0.49713509550406676
31952,4.072438164069207
31953,-8.340158781440842
31954,6.91699192634047
31955,-2.0309677905521717
31956,-2.0455912295779246
31957,2.1503139551459047
31958,-2.8994087237144015
31959,2.652520072966175
31960,-0.9269671543924729
31961,-5.776405083706777
31962,-8.475725773001287
31963,-8.429279464773357
31964,-8.140917757623257
31965,-2.6110589378985445
31966,4.945394962496721
31967,-0.2526189737629322
31968,-2.539619037671567
31969,-0.3826275893484805
31970,-7.006893837971628
31971,1.2821903516754265
31972,2.7753934564283513
31973,0.7818867544986552
31974,-4.800048978147378
31975,-2.906568856377219
31976,-2.4100833770327785
31977,3.824645216054608
31978,-2.677988463732069
31979,-7.9638060544919345
31980,-8.18756753568207
31981,-3.3006842212381997
31982,-8.305151044224655
31983,-5.1859567599213605
31984,-8.139778130313738
31985,-3.751688132409118
31986,-8.306212836430467
31987,1.4642444575951767
31988,-7.779853247953858
31989,-8.185343130996243
31990,-8.373658126846378
31991,0.5872268863585939
31992,-3.125913512455474
31993,-2.816791286943963
31994,10.339139323192285
31995,-4.294374908448557
31996,4.629913091360436
31997,-8.344673363002489
31998,3.048825965690578
31999,-2.7131864207448464
32000,3.2752039023966475
32001,5.055735529444385
32002,-8.475992984302717
32003,-8.110788643024678
32004,2.8539441310520623
32005,-2.4003678093617125
32006,1.5474836154679756
32007,-8.075202815119887
32008,-8.040219184649601
32009,-8.515945171280077
32010,-7.706065209405484
32011,-5.62401142572381
32012,-1.245931712080485
32013,5.785338586305246
32014,-5.089313281276047
32015,-7.859601539862664
32016,-1.3300238745876234
32017,-7.80009042155514
32018,1.0138816335804934
32019,1.9886339487660556
32020,-3.074564315692462
32021,-8.3325271436327
32022,2.398092188646013
32023,4.274324653963346
32024,-1.9776248848891451
32025,-8.456158693289048
32026,-8.376077902026584
32027,-7.81705443772119
32028,-1.9081545739252497
32029,-8.201681175419639
32030,-7.079121641535807
32031,2.234965482756236
32032,3.432854301191644
32033,-0.5712095867105524
32034,-1.1855805689977057
32035,-8.384410843479962
32036,-0.1840539063685711
32037,-0.4818234936258827
32038,0.21132423667087585
32039,-8.110788643024678
32040,0.009388440834494645
32041,-7.667242992333497
32042,2.828987406704898
32043,-3.444340372935393
32044,-3.9550211728209246
32045,-8.510046885670898
32046,-1.672780056655663
32047,-8.038950340806002
32048,-8.346591481275295
32049,-8.3059700259
32050,-0.5413677397223318
32051,-8.421761484095063
32052,-8.056267237116819
32053,-7.786849035586723
32054,-8.501331211978735
32055,-8.051150914000202
32056,3.1337028073413196
32057,0.9541534325829879
32058,3.6174740937261722
32059,-7.214169493629807
32060,1.3094745989125265
32061,-2.0405792212958715
32062,-8.263293202574147
32063,-8.31973014455072
32064,-7.994037420811777
32065,4.743080325312541
32066,-4.121919235552939
32067,-0.8627288490725176
32068,-8.231861576614
32069,-7.309677634822626
32070,-8.469308359484947
32071,-0.69444327369595
32072,-5.923144622010696
32073,-0.9733109932954463
32074,-8.510505665283159
32075,-1.391534988559843
32076,-8.413324059328172
32077,-0.6575580409265676
32078,-4.438479104479381
32079,5.0835125393664145
32080,-8.040219184649601
32081,-0.8644879088087234
32082,-6.4950053512287695
32083,-8.053752336954481
32084,-3.889134064532475
32085,-3.7199327765797467
32086,0.2918525571939312
32087,-8.102201786532067
32088,4.648741616010951
32089,-6.1446070398061385
32090,-7.248243520255254
32091,3.057497070614927
32092,-6.487346458009531
32093,-5.545826889095084
32094,1.881605608106268
32095,1.203846101344772
32096,1.3981054549459757
32097,1.453018995739175
32098,-8.376077902026584
32099,0.3818044300855148
32100,-7.994037420811777
32101,1.3587771231284087
32102,-2.9937442672935357
32103,-6.841066029043762
32104,-1.6211179090936743
32105,3.158239272366547
32106,-2.1241502117520294
32107,-4.876583044289746
32108,-8.254603838164922
32109,-5.489263055462711
32110,4.985512418835552
32111,0.3673035640581487
32112,6.615979643720855
32113,3.2329377179137593
32114,-0.3097739260373662
32115,-7.828422789819136
32116,-2.0929514165628134
32117,-7.842560601828747
32118,-7.706065209405484
32119,11.278138279774016
32120,-3.8083985748052203
32121,4.164543446255422
32122,0.66860742213809
32123,2.5808692258394554
32124,1.8518523037966435
32125,-1.4742150542545138
32126,-3.7427586449912154
32127,-1.3148477369908544
32128,-2.559088700524696
32129,-8.233107379457758
32130,1.7388439458708513
32131,-6.4097121492289055
32132,-2.189400176281358
32133,4.908977473411852
32134,3.9433542248169173
32135,-8.31973014455072
32136,-7.994037420811777
32137,8.37128586243827
32138,-6.232853719799028
32139,-0.6357885861828593
32140,-8.231861576614
32141,-2.651509894721307
32142,-8.132661518573714
32143,3.350338813556564
32144,-0.9208553104945425
32145,-0.9302878683246525
32146,-1.6037519417219452
32147,-1.93088793416164
32148,0.5821179156830003
32149,-2.4952088481672163
32150,-8.20009781242087
32151,11.345481101077747
32152,-7.702737481656495
32153,1.7775317648149862
32154,1.4868158596080325
32155,-8.053752336954481
32156,1.2722430766040027
32157,6.210329992778519
32158,2.4544490306974174
32159,1.0387808779492933
32160,-8.487834090106027
32161,-7.797319965989923
32162,-8.503234867368695
32163,-4.434003481798727
32164,5.131957632363744
32165,-8.335479302237935
32166,-5.952184618313487
32167,3.4689949105480387
32168,-5.272952457326334
32169,-8.456158693289048
32170,-3.0448960196650248
32171,-8.31973014455072
32172,-2.6735984769487366
32173,-8.201681175419639
32174,0.81494092561914
32175,-8.221245579478575
32176,1.5844020678890265
32177,-1.6487107414587885
32178,-8.475725773001287
32179,-7.640150058938843
32180,-8.276899401649237
32181,-1.7789689765032393
32182,4.607072009005373
32183,-3.7113454251950655
32184,-8.578896869038175
32185,5.892099894540925
32186,-7.691635988233653
32187,-7.06862932885136
32188,-7.755357936386511
32189,5.182188149779398
32190,-6.253604783088335
32191,-3.553743007523063
32192,-8.346591481275295
32193,-1.737255393466316
32194,-8.380976426857135
32195,0.18034705671971984
32196,-7.437999341331095
32197,-6.4805436580242795
32198,8.468551691311472
32199,-3.025949668620003
32200,0.8323002592014876
32201,-6.423288244571063
32202,0.5711474141607662
32203,-6.027612324187536
32204,-7.890094100292222
32205,-8.456158693289048
32206,-0.677561922032214
32207,-6.203989136726149
32208,1.3923523485319835
32209,-7.611996070426151
32210,4.5552617544149125
32211,-8.221245579478575
32212,-6.19458991168834
32213,0.7696374640774486
32214,-8.475725773001287
32215,-8.41145532499937
32216,2.1617709718203204
32217,1.035084771125208
32218,-8.499843900237572
32219,4.975417651696812
32220,-7.887103063051671
32221,4.8492307456549035
32222,-2.0180733918563174
32223,11.87314605738862
32224,-8.040219184649601
32225,-8.525809045074029
32226,0.8363074604098397
32227,-0.7838391049103659
32228,-7.993083531343714
32229,0.0053313367483627805
32230,-1.972343845664292
32231,3.7861275106604024
32232,-8.487834090106027
32233,1.0179712608444353
32234,2.4297652920506243
32235,-0.13217379073790092
32236,-3.7467670552951247
32237,2.609942462215142
32238,-8.23900324585539
32239,-3.0993242660343503
32240,-8.293533882068525
32241,-7.66358188019403
32242,3.789964605368186
32243,-7.076379228839004
32244,1.8317023519272937
32245,0.21587646004022076
32246,-7.809587662923029
32247,-6.606510778418072
32248,-8.231861576614
32249,-1.1308767748257806
32250,0.42875648894340257
32251,-6.209826736169701
32252,-1.784828704798177
32253,-7.1744962282560145
32254,-5.397144481821337
32255,-8.110788643024678
32256,-8.578896869038175
32257,-0.9671629106400272
32258,-1.479088176763936
32259,-0.6403248763377705
32260,-3.4922339501278126
32261,-8.497174037215812
32262,-7.490937099164687
32263,1.0178947405944938
32264,-1.4201543019082077
32265,-3.164815075611007
32266,0.9714705839138906
32267,-1.6757119503259719
32268,-8.487834090106027
32269,5.857122716827213
32270,3.6227685294950582
32271,-2.162815839235624
32272,-8.189309043031498
32273,-8.335479302237935
32274,-5.181351163487091
32275,-7.935119508687956
32276,1.9669577963281437
32277,-1.2579672196023086
32278,1.695560127070182
32279,2.325415003012513
32280,12.637187360143606
32281,0.04441996799891279
32282,-5.3629031391374244
32283,-0.801848235754563
32284,-7.214171836037676
32285,-7.8880399149049385
32286,-8.273946444887505
32287,-8.435671930981835
32288,3.2466618195839843
32289,2.9045397751274447
32290,-8.510505665283159
32291,-3.553432080400046
32292,-8.578896869038175
32293,-1.30303658705652
32294,-1.202391678501954
32295,-2.0348076437112805
32296,-7.9389007069399655
32297,0.813925949494458
32298,-7.706065209405484
32299,-6.488133700509612
32300,2.452873323249384
32301,-8.026084427976441
32302,-6.517493498641182
32303,-8.275172580986043
32304,-8.487834090106027
32305,-3.058759934187978
32306,0.13788437360898342
32307,-8.051150914000202
32308,2.2325639298394355
32309,3.963424954714882
32310,-3.5121595609783185
32311,-7.6249268983951595
32312,-8.293533882068525
32313,-1.7087354146038378
32314,-1.0813608294151191
32315,2.060168546445703
32316,-3.144316575588764
32317,1.3941111740790522
32318,-5.333043754150234
32319,-8.221245579478575
32320,-4.856657381373283
32321,-5.674002890326238
32322,12.46950357669754
32323,-0.6361397434509544
32324,-7.8975287760334405
32325,-5.062912433542459
32326,-8.361568065451058
32327,-0.8339040060806164
32328,-7.563465894726504
32329,-2.6357503775193343
32330,-7.233039735133206
32331,-8.075202815119887
32332,-8.040219184649601
32333,-0.22166776264946766
32334,-2.307518862701192
32335,1.7077663554359797
32336,1.980882581839309
32337,3.745879264489092
32338,-6.480774868944396
32339,-7.0299896412552965
32340,-5.541637328055712
32341,-7.818280297166385
32342,-6.82576032495875
32343,-1.0071380277698254
32344,7.7758160728213195
32345,-2.643092124594263
32346,-4.772421804778973
32347,16.112750583826546
32348,-4.478209230831921
32349,-8.456158693289048
32350,-2.0901707882431912
32351,0.41537109998261446
32352,5.43537883427776
32353,-0.4534693331455424
32354,4.667079396308316
32355,-8.221245579478575
32356,-4.056988001815254
32357,2.2985925100835987
32358,0.739720482119044
32359,-0.2837193167497376
32360,-8.323281286962759
32361,-7.1744962282560145
32362,1.0691879792259633
32363,-8.110788643024678
32364,-8.578916971081998
32365,11.140894382539628
32366,-8.301624629888517
32367,4.430941031113529
32368,-7.317467574714755
32369,-8.525809045074029
32370,-1.6164520809384815
32371,-1.5371137288392323
32372,-5.711855258739822
32373,-4.355357732193971
32374,5.048785890888687
32375,-4.6143878490184
32376,-0.28147526271146606
32377,8.444272139312066
32378,-1.5539221137109267
32379,-8.051150914000202
32380,-0.42057294074185536
32381,-4.458717213144857
32382,0.5367298539945995
32383,-1.1263793484236186
32384,2.8633203719054334
32385,-8.194868802935023
32386,-8.0093893030472
32387,0.5555271655430472
32388,-0.38429226739560407
32389,-8.201681175419639
32390,9.335356865712699
32391,-8.221245579478575
32392,-8.231861576614
32393,-8.001594739659044
32394,2.9011528316888517
32395,-8.250382517937979
32396,1.699175996544334
32397,2.804059617054338
32398,-1.7614986214310693
32399,-0.7352001346179877
32400,-8.578916971081998
32401,-2.9283823180975483
32402,-0.06282354219176511
32403,-0.3636266100516351
32404,4.846893442876612
32405,0.5373149204627434
32406,-7.706065209405484
32407,-8.053752336954481
32408,6.414501407369876
32409,0.7646183967786568
32410,-8.380976426857135
32411,1.597990756879561
32412,-7.744581028534306
32413,-7.818280297166385
32414,-0.6695035860361009
32415,-8.051150914000202
32416,-2.6805837521431504
32417,-1.3423053651705237
32418,-8.204452272043687
32419,-3.2645209871980407
32420,-8.293533882068525
32421,-7.953276816348365
32422,-8.344643977695707
32423,-5.046153900884707
32424,-7.8346329110106225
32425,2.1170734973112975
32426,-8.261273624336207
32427,-2.1510425371564423
32428,-1.360062724518762
32429,-6.98659169248945
32430,1.916201812825851
32431,-1.968817459561035
32432,-8.338156615824172
32433,-7.1744962282560145
32434,-0.6757937897895556
32435,-3.138193804190501
32436,-6.069249381263831
32437,3.376509087886263
32438,2.9018848012847283
32439,-1.8883253041592314
32440,-7.240195971614341
32441,-8.525809045074029
32442,-7.706065209405484
32443,0.6716172896241235
32444,-8.346591481275295
32445,-6.903718847786443
32446,-8.380976426857135
32447,-8.421761484095063
32448,-8.487834090106027
32449,-6.771326463025346
32450,-8.503234867368695
32451,1.6502239540786623
32452,-1.491242777943295
32453,-8.335479302237935
32454,-2.834597391957161
32455,-0.462539746865403
32456,-5.0007051246898175
32457,0.5801185030381972
32458,-2.1034475864230453
32459,-8.31973014455072
32460,-7.994037420811777
32461,3.4277923668572514
32462,-8.261273624336207
32463,-1.3904081545237856
32464,-6.907685901128902
32465,-1.3827259375848013
32466,-0.20533864592473883
32467,-0.6378953521901651
32468,-8.338156615824172
32469,0.42109918883422537
32470,-7.09657471045953
32471,1.3396115882679243
32472,-1.0341065644558536
32473,-7.920915829349122
32474,2.5641470268878703
32475,-6.663597553576125
32476,-3.9499227996795416
32477,-7.527473790108471
32478,-7.706065209405484
32479,-1.560152184980362
32480,-7.3440250750056935
32481,-8.1156366141544
32482,-2.6223259788527566
32483,-5.681922891952747
32484,-8.395431919386313
32485,8.22049428994289
32486,8.15608774612723
32487,3.126331589671343
32488,-1.6434584635214478
32489,3.839744202537962
32490,0.9631801299663717
32491,-1.5227430463933023
32492,-8.293533882068525
32493,5.744639295409645
32494,3.4396978680461108
32495,2.725177595030123
32496,4.856628017112403
32497,-7.698940771156042
32498,-5.879627702596928
32499,-0.8508850165331759
32500,8.984276657751352
32501,-0.8980968182036009
32502,1.3497766667483222
32503,-4.5038096808016
32504,-8.182392981567078
32505,0.6195211940666212
32506,-4.994684366349889
32507,-3.1692615433041373
32508,-8.578916971081998
32509,5.19322292624389
32510,-8.301624629888517
32511,-8.075202815119887
32512,-7.970755817359514
32513,-8.525414218487253
32514,-7.082141602563509
32515,-8.058505647677764
32516,-7.4636397664694165
32517,-8.3059700259
32518,-6.517733846384737
32519,0.490586169540568
32520,-3.103887169642685
32521,7.907248102834856
32522,0.33226101084331544
32523,-6.176154208323729
32524,2.6474336863284837
32525,-7.453502923099868
32526,0.8135056780331906
32527,-2.497254033311697
32528,-8.293533882068525
32529,-8.456158693289048
32530,1.26285259149769
32531,-0.7769064501375023
32532,7.104756782141335
32533,-8.201681175419639
32534,-1.428575552774932
32535,-8.221245579478575
32536,-4.367918308091303
32537,2.587336732632717
32538,-6.492930324756474
32539,-8.435671930981835
32540,-7.789331857837018
32541,-7.1744962282560145
32542,-7.806151544994593
32543,0.8169364819122897
32544,-8.578916971081998
32545,-5.040722065795081
32546,-0.12758015694262603
32547,-1.8628164876059705
32548,-1.6342408690340986
32549,-8.525809045074029
32550,3.5260916911046465
32551,2.158661165798801
32552,1.3023989416476978
32553,0.8332794464069341
32554,-1.3041948871620768
32555,0.6349467336187313
32556,2.5663584572244185
32557,-3.0654051676552196
32558,2.2631908320146836
32559,2.9819265262809953
32560,-8.189309043031498
32561,1.739599107481002
32562,-8.312763981397877
32563,-7.94882927124414
32564,-2.4899344877736826
32565,-7.765585310642896
32566,0.4268461257850751
32567,-8.325577266103934
32568,-6.679949454191234
32569,-0.7446953804531091
32570,4.593241716138453
32571,-8.221245579478575
32572,-8.231861576614
32573,-3.805910738476361
32574,4.204133496472442
32575,2.412519291869234
32576,-7.9633918061661575
32577,-7.1744962282560145
32578,1.931564514759911
32579,-8.110788643024678
32580,0.7614589955655344
32581,-1.7457299580905534
32582,-5.204340550855107
32583,-8.075202815119887
32584,-0.31239829963618515
32585,-3.7000800943470624
32586,5.556318807610558
32587,-1.0358940806500532
32588,3.988156843665905
32589,1.4050870140855984
32590,-0.5888188618822985
32591,-2.998695821934085
32592,1.007382757006152
32593,-7.10986008969718
32594,-5.331673745778525
32595,-7.181522900964638
32596,-7.8908483048339
32597,-8.335479302237935
32598,4.778292007221167
32599,-7.94882927124414
32600,-3.0415381060520996
32601,-8.357582170664895
32602,-6.368088827730883
32603,-0.2975814732953488
32604,-1.8046224078621795
32605,-8.201681175419639
32606,2.042158085165097
32607,-1.325211612894568
32608,5.602468776195629
32609,2.862665928559248
32610,-1.555145581315747
32611,-8.435671930981835
32612,-1.0013761768084892
32613,-7.000545788941965
32614,-1.4497368195537035
32615,1.0635731234834491
32616,-8.451060866136672
32617,-7.397921886891445
32618,-1.590298998547849
32619,-2.1650807238813385
32620,7.460453322412635
32621,4.3610418597981155
32622,-3.659293855420869
32623,-3.1651967639934595
32624,1.4637243025595867
32625,-7.5565756335346475
32626,-8.349394370556489
32627,1.156769486393876
32628,-1.3410678989244533
32629,-1.0905636887301102
32630,5.9753594355705015
32631,-5.888220342833852
32632,-7.649447470038338
32633,-1.3691679191788078
32634,-8.309802416964288
32635,1.3781125108163619
32636,-6.331646888248911
32637,-8.456158693289048
32638,0.6228832790259808
32639,-3.907978718580657
32640,1.9461320764294623
32641,-6.826491221256433
32642,4.369427159546823
32643,2.5060619943278164
32644,5.9242157534501425
32645,-8.344673363002489
32646,4.733818665632388
32647,-7.853758789071273
32648,-3.4027125321806206
32649,-7.1744962282560145
32650,-8.510505665283159
32651,-8.110788643024678
32652,-8.578916971081998
32653,-7.920915829349122
32654,-8.301624629888517
32655,-8.075202815119887
32656,-8.040219184649601
32657,-2.983466736409155
32658,2.4810053591761694
32659,2.4297401178227838
32660,-0.13909536969170055
32661,3.168055368380469
32662,-5.3698287093719985
32663,0.5835132547026723
32664,-4.713416643908062
32665,4.9448645972198495
32666,-8.536415277953571
32667,1.0251870590669858
32668,-8.21401020781711
32669,-1.849620041852325
32670,1.448738955686812
32671,-4.010389660872234
32672,-8.293533882068525
32673,-8.308023444390015
32674,5.518497602414606
32675,2.1530314708235605
32676,2.012264049553081
32677,-8.201681175419639
32678,0.19405462207255653
32679,-8.225769264039235
32680,3.140955861445566
32681,-8.344673363002489
32682,4.021593590877359
32683,1.3327485782674657
32684,1.775821492153662
32685,-7.011321033946689
32686,-8.510505665283159
32687,-7.837407967073165
32688,-1.1024938099224495
32689,-7.920915829349122
32690,-2.9100970843988185
32691,0.9833931188876217
32692,-7.754319402381785
32693,-8.07659649661279
32694,-3.1550378071104506
32695,-7.000112593370039
32696,-8.346591481275295
32697,2.2063461155467814
32698,3.0162816577787734
32699,-7.406613741008652
32700,6.069950150622807
32701,1.6372234321452037
32702,-8.536415277953571
32703,-8.051150914000202
32704,-0.16924334516100425
32705,-8.316596270142005
32706,-4.107516327514399
32707,-1.1618878355823132
32708,-8.293533882068525
32709,-8.456158693289048
32710,9.845538675475773
32711,-8.325577266103934
32712,-7.994037420811777
32713,3.145305567429342
32714,-3.713183840372194
32715,-0.03178456492177539
32716,1.5736383364770423
32717,3.042801448282985
32718,-7.579115841075265
32719,-6.129052621185059
32720,-5.775562203634432
32721,-7.1744962282560145
32722,-8.510505665283159
32723,-8.110788643024678
32724,-2.388980198930315
32725,-7.920915829349122
32726,-0.7064351749009559
32727,-8.075202815119887
32728,-4.09165957239914
32729,-8.525809045074029
32730,-7.1804035803607125
32731,-5.3929629494834845
32732,0.367628111303278
32733,-1.565232509335114
32734,0.5270056663737039
32735,-8.421761484095063
32736,-2.3340885087191605
32737,-2.5339229790411424
32738,-8.047841254748091
32739,-3.729993735446674
32740,-8.172037655635382
32741,0.642480225487026
32742,4.012566219381723
32743,-2.1310126014494704
32744,-8.293533882068525
32745,-8.456158693289048
32746,3.2474253825908477
32747,2.018594486253071
32748,-6.410293085535983
32749,-8.201681175419639
32750,-0.1866039448939657
32751,-6.029193683663696
32752,-8.231861576614
32753,-6.989885953822903
32754,-0.12081530287701925
32755,1.231796624009412
32756,-8.338156615824172
32757,-3.823309379012721
32758,4.811218885829273
32759,-4.962507788032932
32760,-8.578916971081998
32761,-2.0469475549596403
32762,-6.511144233289795
32763,-8.075202815119887
32764,-8.040219184649601
32765,-1.8722609922150086
32766,4.328036795649779
32767,-8.058505647677764
32768,5.5869040871535525
32769,2.0983698199046783
32770,-7.633252131250918
32771,0.9505385799943538
32772,-7.8483116865834575
32773,-7.818280297166385
32774,-8.536415277953571
32775,-8.051150914000202
32776,0.9728099884681589
32777,7.307174516191992
32778,-8.215457375986464
32779,-7.94882927124414
32780,-8.293533882068525
32781,-0.6054703326648487
32782,-1.5687904029740418
32783,-7.570985241802035
32784,-7.994037420811777
32785,-6.813219399204145
32786,-1.373874122533187
32787,3.8302801122616836
32788,-6.678716010904619
32789,1.9863445006013287
32790,-4.146409681477647
32791,-8.189897892924737
32792,-0.012262466344723277
32793,-0.6783770580679742
32794,-8.510505665283159
32795,0.3309443494596276
32796,-7.81369958289161
32797,4.147955172040386
32798,-8.301624629888517
32799,0.6770241711432918
32800,3.2669706013604136
32801,-3.9670026949544246
32802,-2.236426502869822
32803,-6.486220333465194
32804,-2.012466098378539
32805,-8.3059700259
32806,-0.19206361871410654
32807,-1.3675940102689026
32808,-2.621382531995571
32809,-0.5928679682372041
32810,-2.480401613261328
32811,-5.352874190087333
32812,-6.683538122663868
32813,-8.319630291340582
32814,0.096641431905511
32815,-3.4485121648464516
32816,1.7331301376938173
32817,-3.260805338388058
32818,13.833609615182358
32819,-7.859423053718803
32820,-7.994037420811777
32821,3.1457671531050275
32822,-0.8996556456760062
32823,-8.225769264039235
32824,1.5740670855107135
32825,1.6090947071336437
32826,-8.475725773001287
32827,-3.0563383723652118
32828,-8.338156615824172
32829,0.11498936533228454
32830,-8.486326872422909
32831,-1.6859063425022098
32832,-2.5758770894402376
32833,-1.4724494650744515
32834,-8.224197109902097
32835,-8.075202815119887
32836,-1.0315617415483311
32837,-6.420078866808754
32838,-7.2403697150026005
32839,-0.558221148956205
32840,-8.209281048991983
32841,-0.1263777576887004
32842,-1.5099080772737152
32843,3.4422348507687244
32844,0.7015116489037523
32845,-7.818280297166385
32846,-7.883210190219271
32847,3.2287171398444077
32848,-0.6845296332840415
32849,-3.350049260930697
32850,-1.329564401414423
32851,-7.94882927124414
32852,1.6105867989110145
32853,-3.1704053861274346
32854,-8.376077902026584
32855,-5.407267908119328
32856,-7.994037420811777
32857,-5.735750002594956
32858,-0.6525869949261338
32859,-8.225769264039235
32860,-7.604910041791119
32861,-8.344673363002489
32862,4.890591129536016
32863,0.7155046784384433
32864,-5.740075145869284
32865,-2.716022075524264
32866,-7.8793950648874524
32867,2.3315441971967736
32868,-8.578916971081998
32869,-2.0458950690983158
32870,-8.301624629888517
32871,-7.691909114997497
32872,-0.2854675109963032
32873,0.14806351149818153
32874,-5.423110211088147
32875,6.048412865975059
32876,-8.346591481275295
32877,2.583582476002004
32878,-0.6054799715142931
32879,-3.8003930547361175
32880,-7.014394757956372
32881,-2.3724454175312566
32882,-8.536415277953571
32883,-8.051150914000202
32884,-8.21401020781711
32885,2.255983135378429
32886,9.189274915029586
32887,10.710324828390958
32888,4.791418744216633
32889,0.6423372789538686
32890,-8.219941478331371
32891,-3.263811187673047
32892,-7.51462597196974
32893,-8.201681175419639
32894,-7.9872686890940106
32895,-1.3727775615373856
32896,-8.229394128344998
32897,-0.5671692657627263
32898,1.5626764768222858
32899,-5.062368688551162
32900,-0.5013242758443432
32901,-1.5945153953506357
32902,0.8261045518664787
32903,-2.008928346485213
32904,-6.842529967820754
32905,-6.6625532348622665
32906,5.447905633013127
32907,0.711446780910062
32908,-8.040219184649601
32909,-0.482100008192233
32910,-2.284226207924549
32911,-7.049390002227025
32912,-4.237035266590354
32913,-5.521057162565041
32914,-8.380976426857135
32915,-8.414238503818849
32916,-6.188975572692832
32917,2.2105923756149624
32918,-8.536415277953571
32919,-7.980331664778849
32920,-2.5958254449422955
32921,3.5538948976040707
32922,-0.9336773980109201
32923,-7.94882927124414
32924,-3.8917687160635053
32925,-5.788888895563068
32926,-5.170471577516752
32927,-1.0013973282890074
32928,-0.325176896579198
32929,-1.0439802867424521
32930,0.03144430566207146
32931,-8.198444603020418
32932,-8.231861576614
32933,-0.7895256598370628
32934,4.2750699611512095
32935,-2.037128989324998
32936,-3.8200052827145248
32937,6.773669324713147
32938,-0.5668214015584001
32939,-7.180444838048115
32940,-8.392416927316507
32941,-7.920915829349122
32942,-7.9046182965735055
32943,-7.876591733585798
32944,-7.091251468434744
32945,8.709708482640497
32946,4.347194043967688
32947,1.7495933208361227
32948,7.161249378569954
32949,-6.228329711624653
32950,-1.1131399734601335
32951,-8.421761484095063
32952,-2.970090775133788
32953,-0.6859005925195755
32954,-2.463511307161277
32955,-8.062009605933051
32956,-7.876728076342398
32957,-7.688285354693859
32958,0.6961185559601646
32959,-7.94882927124414
32960,-0.9186140840355868
32961,-6.011672713164809
32962,-8.376077902026584
32963,-3.691094036857282
32964,0.26701090723847876
32965,-8.201681175419639
32966,-0.8351568307007688
32967,-8.252107629441863
32968,-8.064530307942725
32969,-3.740130959234485
32970,5.238257393406438
32971,-2.1313739872893005
32972,-8.338156615824172
32973,2.7830826200494307
32974,-8.510505665283159
32975,-0.9780003744003527
32976,4.9751162938442475
32977,-0.3371536239680938
32978,-8.301624629888517
32979,0.7681153491971162
32980,-7.055721313071266
32981,-7.491650057191827
32982,-7.706065209405484
32983,-7.884901901057623
32984,3.954589044792435
32985,-3.36721425220773
32986,-6.204315004188722
32987,-3.9570677136090904
32988,-8.487834090106027
32989,-7.818280297166385
32990,-8.544105860364933
32991,-6.512333594629408
32992,2.864643622499091
32993,-8.335479302237935
32994,-8.322559314702735
32995,-2.600002320122252
32996,-3.298776759470808
32997,1.941005855088166
32998,1.4212260361121691
32999,-2.833883843891611
33000,-5.289069370148853
33001,-1.55813251069537
33002,-8.261273624336207
33003,1.2052860613134062
33004,2.1996725364682126
33005,-3.9652441435662658
33006,-8.475725773001287
33007,2.5868713247700064
33008,-7.4249654584420615
33009,1.3258751950409646
33010,2.0121615942097186
33011,-8.110788643024678
33012,2.361022648172006
33013,11.29886274326466
33014,-8.252931193650092
33015,-1.4714577129750688
33016,-3.595116486843157
33017,-8.525809045074029
33018,5.262154887777813
33019,-5.49867068697109
33020,-8.379316639264042
33021,11.061682537115233
33022,-7.430179375085891
33023,-1.5690871022495574
33024,9.848808875931663
33025,0.029291521635084417
33026,-8.544105860364933
33027,2.7390607982266917
33028,3.359619100754281
33029,-8.335479302237935
33030,-1.2282525696009703
33031,-7.94882927124414
33032,-7.921219023990005
33033,-1.1165307863316962
33034,5.68174280698525
33035,3.9492115438826696
33036,-7.994037420811777
33037,-3.1449929143707367
33038,-8.206335300182008
33039,-8.252107629441863
33040,-3.327837469167107
33041,-8.344673363002489
33042,-8.48994175841174
33043,0.1823273082300334
33044,-7.5045378589226175
33045,-0.4016385040565066
33046,-3.3478174776369403
33047,2.2220869562703793
33048,-0.3112693185236648
33049,-7.920915829349122
33050,0.3058127773238034
33051,-2.3499843390147603
33052,6.269416390502329
33053,-8.531747103837176
33054,0.9049974064312455
33055,1.0033630466577734
33056,0.06737198419413726
33057,-0.9701495941096171
33058,-1.6817798046854537
33059,-8.421761484095063
33060,6.385812129035761
33061,8.605450594569772
33062,-8.510375330233046
33063,6.599076468089994
33064,-5.249444451966005
33065,2.223746558861819
33066,1.8367746757793362
33067,-1.8207052989708497
33068,-1.447866227838232
33069,1.2265503834338263
33070,-0.10149190906567607
33071,2.9048118609438642
33072,0.011851476177419329
33073,-4.047757332375882
33074,1.0545388941305833
33075,-7.690881512320336
33076,-4.979051700576512
33077,-7.972077739667107
33078,-8.122654193360747
33079,-7.2308362751876265
33080,-7.774251953772357
33081,-5.639016171379078
33082,-8.510505665283159
33083,-8.110788643024678
33084,-0.06275635276447827
33085,9.630143322253561
33086,-1.7793762442662864
33087,-8.075202815119887
33088,-6.4603105394599325
33089,-8.531747103837176
33090,0.4926921882517591
33091,4.340175180097498
33092,1.3529124751599126
33093,-0.18598519008680936
33094,-8.380976426857135
33095,-8.421761484095063
33096,-0.6410647646427063
33097,-0.19366993257273768
33098,-0.13768343790151605
33099,2.106894115993295
33100,1.5801628322344725
33101,-7.914988483227804
33102,-1.187865074712433
33103,-5.235000091939816
33104,-7.949476502093221
33105,1.702483484180801
33106,-8.376077902026584
33107,3.085643515395863
33108,-6.775017824984149
33109,0.7326028998935137
33110,4.62504106098573
33111,-6.53839426269232
33112,-8.231861576614
33113,-4.3590432581588345
33114,-8.48994175841174
33115,-0.3515028785195522
33116,-3.5561307500223185
33117,4.595165708141948
33118,4.232219301636423
33119,-2.3753761770024897
33120,-8.578916971081998
33121,0.5786310921214963
33122,-8.298203339928161
33123,-8.073168937370902
33124,-4.236424251396858
33125,0.3589660593491709
33126,6.739871485003221
33127,0.688164643437185
33128,-8.379316639264042
33129,3.3509219931329177
33130,-1.9658312454099955
33131,-8.157430066832145
33132,-8.487834090106027
33133,8.332202687364296
33134,12.758047637296968
33135,-6.545848755785096
33136,0.10792674102852651
33137,0.19460851595425432
33138,2.3839730272562876
33139,0.8311771493197275
33140,-8.293533882068525
33141,-0.1652821704260683
33142,-3.662851918449348
33143,-4.280168709713449
33144,-6.856338434009938
33145,-6.325781462068441
33146,-8.261273624336207
33147,-8.292697766124403
33148,4.60434433746828
33149,-1.0436304570399315
33150,-1.191477882789362
33151,3.2368199152908605
33152,-8.313285909435143
33153,2.236119745385437
33154,-8.442104488303519
33155,-8.110788643024678
33156,5.371346775480991
33157,-0.9789307904342799
33158,-8.53907333325119
33159,0.05121145437240493
33160,-2.6644293624406528
33161,3.6117551380406705
33162,-1.2140434366308617
33163,0.8335820738770068
33164,-8.379316639264042
33165,1.0228614385567711
33166,2.348883607183479
33167,-8.421761484095063
33168,5.001737796107946
33169,-5.995366675931439
33170,0.4316634633001836
33171,-7.3087888602485
33172,-3.574867521099984
33173,3.437628717262545
33174,-8.192386476027732
33175,4.544842948046911
33176,19.176245006891797
33177,-7.651658278807016
33178,3.5763947422488536
33179,-8.31276488828899
33180,-1.6988178302783457
33181,-7.888826124812231
33182,1.3529973543112457
33183,1.1018814556129393
33184,-8.231861576614
33185,-8.344673363002489
33186,-8.361731036677748
33187,-1.431389652089206
33188,1.9555670321627958
33189,8.307498394132207
33190,0.658250533294402
33191,-6.896138643176078
33192,-8.52808830981095
33193,-7.920915829349122
33194,-7.3546680691416135
33195,-0.04857553074435206
33196,-6.148402378193687
33197,-0.22588053774871075
33198,-4.798371836290105
33199,-8.058505647677764
33200,0.9727028503182872
33201,-7.9675543852862685
33202,3.302863894824667
33203,-8.318857826966049
33204,4.524196744816757
33205,-0.3122955067012263
33206,-8.544105860364933
33207,5.065768553552469
33208,1.6580913756281408
33209,2.79636631510264
33210,-8.322559314702735
33211,-7.94882927124414
33212,-5.247836816107359
33213,-3.719234869315265
33214,-6.644398056158232
33215,-5.593652905853739
33216,2.0344723257272888
33217,-8.201681175419639
33218,-6.309887209180443
33219,-7.55117114592222
33220,-8.231861576614
33221,-3.565566053060217
33222,-0.3169128699684839
33223,-8.435671930981835
33224,1.0943518172808502
33225,-7.1744962282560145
33226,-8.510505665283159
33227,-3.2014364237004638
33228,-1.7180525113678016
33229,-0.6514355805977752
33230,-8.53907333325119
33231,-8.075202815119887
33232,-5.84663435242989
33233,-7.538918887184064
33234,-7.741710744400893
33235,-8.058505647677764
33236,6.444002383982417
33237,-6.982272004667563
33238,0.196811316607091
33239,-1.6575049953727945
33240,-7.586943302260143
33241,-7.818280297166385
33242,-8.544105860364933
33243,-8.062009605933051
33244,5.280856497020869
33245,-8.335479302237935
33246,-1.7602171167582563
33247,1.9598209932636466
33248,-2.300792587801588
33249,-5.432006875533832
33250,4.969061000700899
33251,-6.883756326180695
33252,1.2734664047476154
33253,-1.1044752293516567
33254,-6.883425162191893
33255,2.550023830440225
33256,-8.22007293706591
33257,-7.473645138223544
33258,-2.499225191592392
33259,-5.971801498518759
33260,-8.32403269391382
33261,-2.791491435023116
33262,6.156101337174713
33263,-5.320693951685729
33264,4.14762504041234
33265,-7.920915829349122
33266,-8.53907333325119
33267,1.173347564458536
33268,9.41905128139189
33269,2.8662356256572985
33270,-7.741710744400893
33271,6.898492326503595
33272,-2.6774066070516818
33273,3.679743163958738
33274,-0.8544736029287976
33275,-4.7342564597903545
33276,-3.4546780207148307
33277,-1.342214903144539
33278,-5.996923736521453
33279,-8.062009605933051
33280,-7.9994280341760975
33281,-1.2217016660330522
33282,-4.310631268188255
33283,-7.94882927124414
33284,-0.7548275930795119
33285,-8.472696108711498
33286,-7.008568866851752
33287,-8.325577266103934
33288,-7.949136631126107
33289,5.972812577037943
33290,1.6027860606916122
33291,-8.03716280182705
33292,-1.090472036284737
33293,-7.999433951046172
33294,-8.48994175841174
33295,2.665528923108223
33296,4.732242158769198
33297,-7.1744962282560145
33298,-8.491022381193062
33299,3.1121917347795067
33300,0.4195030075408175
33301,-2.546328133210192
33302,-7.881153030305384
33303,-0.2841422942048679
33304,-7.80653062611165
33305,-8.165831286500678
33306,-1.5126536004256814
33307,-8.058505647677764
33308,-8.20522565813654
33309,-3.103383093094501
33310,8.63023730753666
33311,4.482006538566912
33312,-1.6347650902111528
33313,-2.488659697010684
33314,-3.1981590011349943
33315,3.5424065215080067
33316,-3.078246240243314
33317,-8.335479302237935
33318,-1.1483670865824982
33319,3.669460443561134
33320,-1.6703171891584054
33321,7.083606380318321
33322,-3.8913932234028956
33323,-5.1473007517933365
33324,-6.930985810385688
33325,-4.590630764950834
33326,3.0938534462092555
33327,-8.292697766124403
33328,-8.205084693676088
33329,3.9870019300943196
33330,-8.425338516965192
33331,2.6967738695326386
33332,-5.337515375965044
33333,0.0832233237211426
33334,-2.9231821773705873
33335,-1.175035649460828
33336,-8.498006839317227
33337,-2.5109042483949264
33338,0.4726344145284036
33339,-8.075202815119887
33340,0.22780412546999895
33341,-8.53559939854196
33342,-7.637774991529672
33343,-5.678492199963915
33344,-7.357049675844797
33345,1.595560711829113
33346,-0.025520726509138836
33347,-5.642613967840372
33348,4.82209971585469
33349,-0.9185593446472167
33350,-0.13007248395185278
33351,-8.000841469725145
33352,-8.21401020781711
33353,2.9261234146887345
33354,-6.310186662905954
33355,-6.883509862237839
33356,2.5756789452127755
33357,-8.472696108711498
33358,-8.376077902026584
33359,-5.560702796632188
33360,-1.4710903709839487
33361,-5.81120296767498
33362,-0.3387247515706836
33363,-1.082084275042314
33364,-3.9781221660254653
33365,-8.344673363002489
33366,2.777566909494185
33367,2.867797693081935
33368,-8.338156615824172
33369,-7.1744962282560145
33370,-0.3293699196055766
33371,7.0564660472773
33372,-8.545875383311838
33373,-5.331204441609742
33374,-2.9804534775951246
33375,0.7757084402178056
33376,2.6203010806499836
33377,-8.530983518030741
33378,-2.0280196976195084
33379,-4.991272626109159
33380,-0.4821117685823604
33381,-5.089602154161735
33382,-8.380976426857135
33383,-7.366606039798321
33384,-8.487834090106027
33385,-7.818280297166385
33386,3.5713079463772863
33387,-4.149833113224769
33388,0.3596251031902516
33389,1.0773481908184999
33390,-2.2009994388291947
33391,-2.110960859603123
33392,0.5783777883861299
33393,5.055601569587424
33394,-7.953425887180584
33395,-1.9286312981197504
33396,-6.9506901317076375
33397,-1.838766610883535
33398,1.3791626646835895
33399,-8.292697766124403
33400,-3.5448889638317618
33401,-3.2947842422541846
33402,-0.04028429623052254
33403,0.18336195346737283
33404,-7.415135793613514
33405,-7.1744962282560145
33406,-1.9216658192277936
33407,2.163434317181545
33408,-4.093962146127934
33409,10.962443198097633
33410,-2.312205808616522
33411,-8.075202815119887
33412,-8.040219184649601
33413,-1.043094970270531
33414,-4.317642139627718
33415,-2.274094085642696
33416,0.20729944291920455
33417,-7.319648572936904
33418,1.403944004651153
33419,-6.664733342389055
33420,4.401817117079892
33421,-1.8040747034418312
33422,-8.49128760730145
33423,-8.062009605933051
33424,-8.21401020781711
33425,1.2664632801255027
33426,-2.9139165955314215
33427,-7.672269283491099
33428,0.2684801310413238
33429,-1.3460729391439359
33430,-2.9017434655480954
33431,-8.325577266103934
33432,4.390035758754128
33433,-3.2534681967438894
33434,-8.261273624336207
33435,-4.344287738301608
33436,4.088171694162368
33437,4.060828365071231
33438,-5.898772822289578
33439,-2.5927917747636737
33440,1.0242668808297006
33441,3.3423354178580427
33442,-8.510505665283159
33443,-7.355687978696471
33444,-7.000638333745052
33445,-7.911516077317076
33446,0.10467167982937209
33447,2.217589894271907
33448,0.778047394372007
33449,-8.53559939854196
33450,-5.1346497747855615
33451,-1.0969512377539252
33452,1.0262318245900508
33453,2.4980345774238586
33454,-8.380976426857135
33455,1.9774237289909433
33456,-7.819294469101973
33457,-7.818014440130839
33458,-8.544105860364933
33459,-0.04443180838035077
33460,1.2463972062071274
33461,-8.335479302237935
33462,-8.322559314702735
33463,-7.94882927124414
33464,2.856865858956755
33465,-7.728592480073788
33466,-0.9752981167584307
33467,-4.067207764861222
33468,-1.2420117486646394
33469,-8.201681175419639
33470,-7.295881056634197
33471,-8.331484895227662
33472,-6.482503549765743
33473,4.637327253245842
33474,2.693758265427477
33475,5.504983294089442
33476,-8.338156615824172
33477,7.776964359921561
33478,-8.50270774058338
33479,-0.5302155030711077
33480,-1.1967414921748694
33481,-7.920915829349122
33482,-8.606241890407167
33483,-0.5248879114648191
33484,6.251228742120972
33485,3.128654206427999
33486,-0.36811611180497883
33487,1.431809374401782
33488,-8.038857216361112
33489,4.815604798444
33490,1.3984573987274869
33491,0.04914595444284897
33492,2.7046900800219356
33493,-7.7804778619213675
33494,-7.644521152085336
33495,-7.479403063237671
33496,-0.24122335998524036
33497,1.8025753950006513
33498,-8.322559314702735
33499,4.81146304876206
33500,-4.455498839726573
33501,4.5850130062223124
33502,0.4072626788932361
33503,-6.16417695385333
33504,-2.123436540248957
33505,-1.7107659483509297
33506,-5.640511261647356
33507,-8.331484895227662
33508,-3.9511308795861506
33509,-8.344673363002489
33510,1.3433514842337897
33511,-0.49997446567884385
33512,-8.338156615824172
33513,-0.17234342458523444
33514,-0.16386203608547745
33515,-2.5068042663154673
33516,2.688462364613135
33517,1.5530778854423035
33518,-8.578916971081998
33519,13.112563756961693
33520,11.868212968957799
33521,4.081236370461786
33522,4.718982743691229
33523,2.456961490698208
33524,5.733138982982196
33525,-2.9312677315368583
33526,-8.380976426857135
33527,-3.239522926058719
33528,8.627630225561004
33529,1.6113076747566708
33530,-8.19305031292962
33531,2.1289088550347293
33532,2.6570411525975874
33533,-1.877112244137193
33534,-8.318929780331999
33535,-6.708236514253915
33536,-1.242940411336504
33537,-0.4467610224228875
33538,-5.92557872533499
33539,-0.8914529389646461
33540,-0.766660768393114
33541,0.016528956562007924
33542,2.6492777828995617
33543,-8.331884473392378
33544,-8.231861576614
33545,-1.5034455007165972
33546,0.2606596466708571
33547,1.0800770848313388
33548,-4.271581712036691
33549,-7.1744962282560145
33550,-2.5000659249353894
33551,-0.6284648190353136
33552,0.7186470401863796
33553,-7.920915829349122
33554,-8.578916971081998
33555,-8.075202815119887
33556,2.7378978357554784
33557,5.036354019013334
33558,-0.18604385090741093
33559,-5.918933554755003
33560,-3.4126863212112872
33561,3.891101289898262
33562,-8.336581841981008
33563,4.811884211310382
33564,-8.294278396778445
33565,0.21507166388857168
33566,-8.544105860364933
33567,-8.062009605933051
33568,-8.21401020781711
33569,-8.335479302237935
33570,-6.527692578607139
33571,-1.3516294934854547
33572,-4.235593399343389
33573,-7.691529469708992
33574,4.04918871668329
33575,-7.019470974786322
33576,2.175934829136429
33577,1.9024603457533718
33578,-1.352723752936046
33579,-6.613507761570937
33580,-8.231861576614
33581,-0.14716309200644462
33582,-0.13687174505695698
33583,0.5231588350071817
33584,2.4606606944963474
33585,-7.1744962282560145
33586,-8.405894954639479
33587,4.373453926070957
33588,-8.606241890407167
33589,-0.21069812339916028
33590,-1.0310221010053475
33591,-8.00920603567433
33592,0.9168543371372005
33593,3.425975483878065
33594,-7.39866498272215
33595,-2.3139962958500444
33596,-1.456053667490805
33597,-8.117615167702716
33598,-8.380976426857135
33599,-8.121928612421062
33600,-8.487834090106027
33601,-7.777262968138243
33602,4.7924534067305435
33603,7.459017133077527
33604,0.7329815842922611
33605,6.692423334812069
33606,-7.091125429221252
33607,-3.767121163286516
33608,1.6521151191806296
33609,0.7023902401843798
33610,-2.779026178553319
33611,-8.325577266103934
33612,5.459410309924311
33613,-4.765994757548614
33614,-0.5192687843835382
33615,1.8262166916211313
33616,0.9933269714015416
33617,-7.381578424018295
33618,-7.468234291027108
33619,4.38603870416504
33620,2.598417002868037
33621,-0.6331996855697286
33622,0.3197720792503036
33623,-3.0627201880477286
33624,4.32551323896361
33625,-4.286603984635146
33626,3.853770154886868
33627,2.4926011590107593
33628,3.7751790222025554
33629,-4.599718389384426
33630,0.3820193680050141
33631,9.658578940184217
33632,-8.379316639264042
33633,-1.9548988699096697
33634,3.0800698767323946
33635,-1.370571920334652
33636,-1.212466890961969
33637,-1.0081307759104994
33638,-8.546142245524019
33639,-0.6034987815698266
33640,-8.21401020781711
33641,-1.7351453397263716
33642,-1.8871882300384735
33643,-0.5243710196667426
33644,-3.282130253288488
33645,7.766037818578818
33646,5.578576851378276
33647,-8.325577266103934
33648,-6.6539977990955865
33649,0.342691411241844
33650,-8.261273624336207
33651,-7.770702886607094
33652,-2.429454886458523
33653,-1.1455934042911298
33654,-2.8104628647203485
33655,4.004122761101385
33656,-6.695081943788914
33657,-0.8821490231186675
33658,0.9993488061607416
33659,-8.110788643024678
33660,-8.606241890407167
33661,-1.5111019411086606
33662,5.322466241436706
33663,-2.7921853451883636
33664,-3.6756943497708283
33665,2.6646962886013252
33666,-2.8583986304815063
33667,-7.309936511861541
33668,1.372834821584748
33669,-2.2751627885349808
33670,2.1618076822830448
33671,-1.567142684812116
33672,-2.1639653817081363
33673,5.2975491061173585
33674,1.9332404270197194
33675,-5.9140584093536805
33676,-7.2134031538732675
33677,4.392725653474869
33678,3.1372574101147688
33679,0.6440152433369446
33680,3.1435970137015277
33681,-8.2894691486543
33682,-0.2504557937235057
33683,-8.325577266103934
33684,-7.994037420811777
33685,1.9211172511569385
33686,1.3451495126223785
33687,-2.7009815526619896
33688,-1.312809866730093
33689,1.2787984246175637
33690,-7.1182555181786125
33691,-2.976148751299034
33692,-8.338156615824172
33693,-0.46995593179165107
33694,-7.505870650867928
33695,-3.6416495260606814
33696,-7.749938169740902
33697,-0.2952404593018968
33698,-2.1133207653542705
33699,-2.0395693122847876
33700,-8.040219184649601
33701,-8.488786825791992
33702,6.759072232581498
33703,-2.1218406934195095
33704,2.116028670494297
33705,2.379266561649244
33706,2.6908793825294555
33707,-8.21411572393703
33708,1.449052797768838
33709,-0.2348363787630694
33710,-8.546142245524019
33711,-8.083728680126006
33712,-2.7216768888137204
33713,0.046709142775985146
33714,-8.311328523730511
33715,0.025479879330626475
33716,-6.874972502745586
33717,1.2106672882307141
33718,4.578992697590063
33719,0.42291858935497395
33720,-7.994037420811777
33721,-8.20197229951207
33722,-5.256089038299711
33723,-1.1760032498553863
33724,-5.759538073590494
33725,-4.682992694857489
33726,2.880553660866645
33727,-8.428278003699987
33728,1.2053081987255154
33729,6.821087350819649
33730,1.1055667000302722
33731,-1.1699232111075903
33732,-5.496945917381152
33733,2.308115147652904
33734,-1.540362353587512
33735,5.304372995912996
33736,6.586262317678421
33737,-2.8729498282635526
33738,-7.395242928548283
33739,-3.048294921834941
33740,0.038640361456671046
33741,4.045315626777237
33742,-2.5440399968586904
33743,2.970824475747432
33744,6.482520217322342
33745,-7.647229074304162
33746,2.2254861666855255
33747,-8.10346229668109
33748,1.088869903259697
33749,-8.385500318196462
33750,-6.979377877708896
33751,-7.94882927124414
33752,5.0889061526933155
33753,-8.472696108711498
33754,0.7379091519915608
33755,-8.325577266103934
33756,-4.003662673423889
33757,-8.20197229951207
33758,2.086891847549942
33759,0.40720142686647853
33760,-3.3544686781587676
33761,0.7724910499671386
33762,-8.261089237885926
33763,-1.6564516313869813
33764,1.2475072187595502
33765,-7.1744962282560145
33766,-2.9433391660246913
33767,-8.010905104164886
33768,2.6537398807258166
33769,-2.4248319182754168
33770,-1.5961841016492075
33771,5.648772667277849
33772,-5.864275261098495
33773,-8.076455861570404
33774,-1.7181144846038356
33775,3.0703901068227357
33776,-8.381017543182999
33777,-8.3059700259
33778,-8.380976426857135
33779,-8.421761484095063
33780,-8.487834090106027
33781,3.8223742980072952
33782,-4.086111625073108
33783,2.0693557060813887
33784,2.8292252939355134
33785,-8.022156737219142
33786,-1.2707639459633975
33787,-7.94882927124414
33788,4.193009911938475
33789,-8.450811583350408
33790,0.6764514758553877
33791,-3.746026301830047
33792,3.429258486704258
33793,2.6507458953364034
33794,-7.301283659736169
33795,-5.241123215669663
33796,-0.5116756233146014
33797,-2.117615343719393
33798,2.0518001999461064
33799,-2.780461434050914
33800,-8.127727141482408
33801,1.0076711301116246
33802,2.0686839027520643
33803,-8.110788643024678
33804,-6.844174196495516
33805,2.2404318898178337
33806,-8.578916971081998
33807,-7.288888896600275
33808,3.893878580102
33809,-8.31456250965276
33810,-5.108218439144626
33811,-7.194679928186695
33812,-8.381017543182999
33813,-5.92820796823895
33814,2.8606191212909624
33815,2.359816957738767
33816,-8.487834090106027
33817,-2.5784963129273297
33818,-0.4073227913191917
33819,-4.173187193510962
33820,1.775626348146749
33821,-7.549069318546824
33822,-4.167168605037347
33823,-1.6149366000481182
33824,-2.8515492092789234
33825,-8.09013130156239
33826,-8.376077902026584
33827,-8.325577266103934
33828,-1.5950545446539621
33829,-8.11806305175128
33830,-5.893252803385077
33831,0.6522028704039986
33832,-8.231861576614
33833,3.6034350295876005
33834,-4.190339134709797
33835,-8.46390995565266
33836,-0.7740334536931781
33837,6.202787997984954
33838,-8.510505665283159
33839,-0.6192895212075291
33840,-8.281948094101908
33841,3.2185461621080442
33842,1.53659956666886
33843,5.08637429520501
33844,1.9245930370076145
33845,-8.53559939854196
33846,-7.741710744400893
33847,9.795840684050848
33848,-1.8743135778752236
33849,-7.542355496287662
33850,1.3212761099082604
33851,1.9273281731963077
33852,4.446836422162959
33853,-3.2037297375166798
33854,-8.420327935303268
33855,8.497054409402555
33856,-5.402117231198201
33857,3.484612890188599
33858,-8.2455762298214
33859,-2.2145299704470105
33860,1.36327900183375
33861,-8.472696108711498
33862,-8.376077902026584
33863,-8.28370062527669
33864,-0.6900369240334716
33865,-8.035409635236899
33866,-8.261273624336207
33867,-8.331884473392378
33868,-0.7325609649636645
33869,-8.344673363002489
33870,-8.48994175841174
33871,0.7816733474288651
33872,3.0959163096111886
33873,0.9172101170677247
33874,3.04182800127165
33875,-1.7166941087392993
33876,-8.58459520045422
33877,2.697323688281992
33878,-7.081181524391294
33879,-8.075202815119887
33880,-8.040219184649601
33881,-7.8323403197737855
33882,-1.7980029936968656
33883,-8.058505647677764
33884,-0.5319531425201283
33885,-8.149453379502258
33886,-8.380976426857135
33887,3.065673174403159
33888,-3.4790160253119833
33889,-7.818280297166385
33890,-8.443252835305245
33891,4.546857513993521
33892,-3.9789335450614747
33893,0.4125529523564724
33894,-8.331810440180103
33895,-2.896731048053303
33896,2.830238573093377
33897,-5.645635127282069
33898,-1.5801787006393493
33899,4.679655138282409
33900,-7.263361862820656
33901,-1.8883340352343758
33902,1.9315649263561656
33903,-5.182079773817344
33904,-2.8823785447077395
33905,2.5300649677275517
33906,-2.3757092232878
33907,-1.0663956692983565
33908,-5.852035753406966
33909,1.8673169915123808
33910,-8.060913033572236
33911,-7.283006841979324
33912,-1.0523486225134762
33913,-7.920915829349122
33914,4.910923509083987
33915,-8.075202815119887
33916,4.598850885102141
33917,5.233032940623969
33918,3.8132832555195195
33919,2.004275569122008
33920,-8.078579472311304
33921,-8.3059700259
33922,-8.380976426857135
33923,3.078817220971229
33924,-8.377044210721891
33925,-7.818280297166385
33926,-8.456003907019195
33927,-8.10346229668109
33928,-8.21401020781711
33929,0.5165909186569401
33930,-7.927853913830201
33931,-3.349421344453068
33932,-0.23352024549530004
33933,-6.6171419348393306
33934,-5.342055746285118
33935,-8.105607309758849
33936,-7.994037420811777
33937,1.2730070196266337
33938,4.675386395322546
33939,-8.180803260942572
33940,-8.231861576614
33941,-1.7326115888972575
33942,-8.278853414267367
33943,-1.9248805672275933
33944,-6.035289254618991
33945,-1.0020344842423698
33946,-6.814189141777964
33947,-2.5843039592532673
33948,-7.523203807540382
33949,-7.899969145257289
33950,-8.578916971081998
33951,-7.398596656762603
33952,-2.345273649404282
33953,-8.600011335048956
33954,0.3660496129141769
33955,-6.433353123706161
33956,0.4217997056463929
33957,5.081554865716754
33958,-5.93914382328969
33959,-8.201267541245711
33960,-3.268654347532599
33961,-3.5352238830010374
33962,1.595410200662794
33963,-8.10346229668109
33964,-8.21401020781711
33965,-8.385500318196462
33966,1.896241553168223
33967,3.7245362661318615
33968,-1.0413779784050474
33969,-3.401139247536842
33970,-7.605890795182737
33971,3.5151193687375235
33972,-7.4053880699373
33973,-8.20197229951207
33974,-2.350081747969571
33975,-7.789681192829985
33976,-8.231861576614
33977,-7.7033583620139465
33978,-8.48994175841174
33979,-4.242009854323383
33980,-8.338156615824172
33981,-1.510389349376668
33982,-8.515243956600619
33983,-3.2868080154691786
33984,-8.619995796701708
33985,4.049429199157368
33986,-8.578430808506717
33987,-2.347683138697033
33988,-8.040219184649601
33989,-1.832113116094121
33990,-7.741710744400893
33991,2.671791798653544
33992,-0.9475751260877033
33993,-7.862048067044688
33994,0.1682102220138757
33995,-8.421761484095063
33996,-8.336609539053674
33997,-1.131168350843459
33998,0.8158645628558963
33999,5.11858462336507
34000,-6.8294970907439705
34001,-8.385500318196462
34002,0.7001727945081999
34003,2.0734520015522446
34004,-6.182026134605374
34005,4.365943979776803
34006,5.515964471791116
34007,4.797291680146149
34008,-2.533999195023191
34009,0.5095136921796941
34010,-0.8318638739217917
34011,-5.927522307513034
34012,-0.44899409268041685
34013,-8.303655466687225
34014,-1.5698493100278812
34015,2.6062172690287846
34016,-7.594863519661135
34017,6.992797132800362
34018,-8.515243956600619
34019,3.0600809185562214
34020,-8.617039061944512
34021,-3.0255954934133764
34022,2.909528232892862
34023,4.630954269723078
34024,-8.040219184649601
34025,-0.15510649368771712
34026,-7.4782572523947834
34027,-3.510901127557263
34028,-8.39213207207591
34029,-4.179016326989085
34030,-0.8662217813451393
34031,2.293873200153034
34032,2.1248958778626883
34033,2.983644169611436
34034,-8.546142245524019
34035,-5.846255709837919
34036,6.529384277798553
34037,-8.385500318196462
34038,-7.991295538007977
34039,2.943339640299888
34040,-0.4431528697846634
34041,-2.6197384178763556
34042,-8.174594727154249
34043,-8.325577266103934
34044,5.797290073529007
34045,-7.662758859156531
34046,-0.5973982765975039
34047,-1.0791594051126285
34048,-7.015542421755624
34049,-1.4829121012417836
34050,-5.342630005434157
34051,-0.9519625824982567
34052,-8.338156615824172
34053,4.675585710410097
34054,1.151570307800307
34055,-4.002042953821889
34056,-8.619995796701708
34057,-7.920915829349122
34058,-8.381905399161845
34059,-7.074543950330972
34060,5.909322515767321
34061,-1.1850367363701904
34062,-6.432913254194535
34063,-8.058505647677764
34064,1.8456200472424722
34065,-0.28305002008473323
34066,-8.360011349564052
34067,0.2478952120933251
34068,-1.7842065071166433
34069,0.18081651101190221
34070,-8.511624736215012
34071,-1.1670572223181481
34072,-4.729117095029041
34073,-1.2417343086926984
34074,-6.142388261137976
34075,-3.909738523102412
34076,6.239993780812085
34077,-8.472696108711498
34078,3.03085730217061
34079,-3.8560396335929825
34080,2.966137882466626
34081,-6.664441970708918
34082,-8.028873316113877
34083,-8.331884473392378
34084,3.3294707584243906
34085,-1.4544761827901551
34086,-6.053936477306866
34087,0.2628164558629763
34088,4.948457103936907
34089,1.056896933147074
34090,1.0858733699853815
34091,-0.10576961150070452
34092,0.37077567880012574
34093,-7.920915829349122
34094,-8.507981933282881
34095,2.5556135554546993
34096,10.696501588202711
34097,-8.600011335048956
34098,-6.271718888472917
34099,6.272502012512661
34100,-5.365477549903787
34101,-1.3994794467015117
34102,-8.380748986560835
34103,2.4732339977113442
34104,-8.454971419939664
34105,-0.5368603698292903
34106,3.297546563273664
34107,1.79120241541042
34108,-5.810171078289179
34109,0.4885791045869463
34110,9.858833958958737
34111,6.230978873791313
34112,-8.114756521846994
34113,-7.881508559032524
34114,12.919834665964434
34115,-2.981240283385617
34116,0.9804968086117748
34117,-8.15339909717198
34118,-8.261273624336207
34119,-8.158252068261833
34120,1.5552081491742913
34121,-2.45750378134439
34122,-8.468152363013441
34123,-0.9919832984670527
34124,-8.394003796510354
34125,3.787380798816786
34126,-8.515243956600619
34127,-8.110788643024678
34128,-8.619995796701708
34129,-7.920915829349122
34130,-8.578916971081998
34131,-1.0001223520651366
34132,-3.352595447386164
34133,-8.5062540974109
34134,-0.9529494780789111
34135,7.58520407015692
34136,5.401148163763695
34137,2.437946179707939
34138,-8.380976426857135
34139,-2.4821242062419735
34140,-6.826146816104359
34141,-6.58254794994121
34142,-8.513515209210448
34143,1.0020023118251968
34144,-5.944078552258189
34145,2.854478339518722
34146,3.838813557534886
34147,-0.8869768166978225
34148,0.7380658973796268
34149,6.635094829286137
34150,-8.212852355155452
34151,-8.325577266103934
34152,2.075672461728423
34153,-8.007153248462979
34154,1.7119726314373809
34155,-7.695209531404692
34156,0.0072644835051095535
34157,-7.282766494929901
34158,0.8323598385599669
34159,1.6564258889413148
34160,-8.394003796510354
34161,-7.1744962282560145
34162,1.9854042046031095
34163,-8.110788643024678
34164,-3.982183592783337
34165,12.29531768598833
34166,-8.578916971081998
34167,-1.2945921789954213
34168,-6.97983283502627
34169,-7.178795693093637
34170,-6.902393013326169
34171,-8.058505647677764
34172,-8.39213207207591
34173,-1.3586249272126085
34174,-8.380972632905086
34175,-8.431169021781303
34176,1.15436032467227
34177,-7.818280297166385
34178,-0.032791146206787025
34179,-1.1068187683556805
34180,0.9699134610903685
34181,-0.4819578722122242
34182,-8.331810440180103
34183,2.432525612065229
34184,-5.770606489301638
34185,-2.6776523153930945
34186,-8.376077902026584
34187,-5.87950966558396
34188,-7.994037420811777
34189,-2.45295796073655
34190,-1.579594242090907
34191,-5.89732344444414
34192,-8.231861576614
34193,-8.344673363002489
34194,3.936278491738046
34195,-1.5258797911994504
34196,0.29014792196421935
34197,5.521310606838968
34198,-1.5121695607869785
34199,3.2584526829962517
34200,-2.501142277729886
34201,3.416729653389668
34202,-2.825888196789708
34203,-8.075202815119887
34204,3.5764460391309205
34205,-8.067746400114846
34206,3.5363318569279905
34207,5.870950243686417
34208,-1.9116470511008175
34209,-8.3059700259
34210,-8.380976426857135
34211,-8.431169021781303
34212,-7.182332819524378
34213,-7.818280297166385
34214,-3.087467992680277
34215,-1.457622230898476
34216,-2.021057920455166
34217,-2.44951333511085
34218,-7.784733170401295
34219,-1.1973321482921835
34220,-1.0349095769796
34221,4.441652308182073
34222,-8.376077902026584
34223,0.47617879236888944
34224,-1.1945322914615706
34225,4.531988458775922
34226,5.110246819369026
34227,1.4819673646178275
34228,-8.231861576614
34229,-8.344673363002489
34230,-1.4283511567290923
34231,-8.46390995565266
34232,-8.394003796510354
34233,-2.0964808561280237
34234,-5.640144238081071
34235,-5.639956857404834
34236,-8.620179503077084
34237,-7.920915829349122
34238,-8.578916971081998
34239,0.3010827473217814
34240,-7.98308005409079
34241,-8.22262914735031
34242,-3.5737785917204326
34243,2.064047205822857
34244,1.9105135830839335
34245,-8.3059700259
34246,10.022988565559825
34247,-8.431169021781303
34248,-8.459156877860947
34249,4.244669896472956
34250,-7.749830331120942
34251,2.621901949529271
34252,1.2528783701713775
34253,-0.5039976443043321
34254,3.206954387954663
34255,-4.344024122733667
34256,-8.293533882068525
34257,-8.472696108711498
34258,2.9993198352270154
34259,-0.01965639736121716
34260,-3.8554148027548467
34261,1.4540279358449173
34262,0.1546429988647291
34263,-8.331884473392378
34264,-7.141442363510094
34265,-8.344673363002489
34266,-8.258884253318941
34267,2.047040521332301
34268,-8.327058405779022
34269,-7.138007266177531
34270,0.6937668539222546
34271,-2.0087456217161472
34272,2.1476387531842476
34273,1.6387680815830776
34274,3.431124309668731
34275,-7.745100328296464
34276,7.4317994014356685
34277,-4.767546305943639
34278,-0.34785821814395157
34279,0.1374125806885904
34280,-7.6952473445108245
34281,-5.197168402436024
34282,-5.5376329540470115
34283,-8.001052006881725
34284,-8.305686955871677
34285,-5.601703492235137
34286,-8.546142245524019
34287,-8.10346229668109
34288,9.081724784658315
34289,-3.7167104839303895
34290,1.640006672208665
34291,10.652834294292585
34292,-8.293533882068525
34293,4.238396217909423
34294,-7.673184846527236
34295,4.864679422242742
34296,-6.037721610659002
34297,-0.7857410088128041
34298,-8.261273624336207
34299,0.5117797580008109
34300,1.3491637262465577
34301,0.8672394506141887
34302,-7.7679914172699345
34303,-3.1698384583625225
34304,-8.400715206340749
34305,2.1634412453692726
34306,-4.80420911923725
34307,-3.43499459088895
34308,-7.250089889601114
34309,4.669434589791505
34310,0.4214296735049716
34311,-0.8599850454643714
34312,-7.203998668160426
34313,-8.588894680616482
34314,7.679420217842204
34315,-7.452352355677375
34316,-7.830438907012134
34317,-5.862437826383554
34318,-8.380976426857135
34319,0.9716708541798058
34320,-1.9464516652751762
34321,-7.818280297166385
34322,-8.282758549130586
34323,-0.07841410354750811
34324,2.436247661001587
34325,-2.397393447095505
34326,-8.331810440180103
34327,9.4480007716705
34328,-8.2089116986046
34329,-2.6107077294542367
34330,-8.122694107217495
34331,-8.325577266103934
34332,-7.994037420811777
34333,-8.20197229951207
34334,-6.564666388236966
34335,-5.260487052833332
34336,-8.231861576614
34337,-5.02801603876969
34338,-8.435111696722151
34339,5.538055671927919
34340,5.948472352911674
34341,-7.1744962282560145
34342,-7.0277697136922646
34343,-1.607543841128027
34344,0.22849273977309548
34345,-1.8442639229431377
34346,-8.578916971081998
34347,-0.6319443422475086
34348,-3.1534549076944316
34349,-7.692570638627018
34350,-3.9518565318711194
34351,3.1183401902458754
34352,0.5982205209405159
34353,-8.3059700259
34354,-1.3938023925897207
34355,-8.424366999987097
34356,-1.916296799272776
34357,-2.4215011320015405
34358,0.11688967306050091
34359,-2.056549277899477
34360,-3.935917968508487
34361,-8.500176328683759
34362,-8.331810440180103
34363,-6.373369066306615
34364,4.67030948711451
34365,-8.472696108711498
34366,-6.585099966930153
34367,-3.6401462328317207
34368,-0.4148166154029742
34369,-7.703613662919419
34370,1.086246389458013
34371,-8.331884473392378
34372,3.724414891027867
34373,-1.6855403641693858
34374,-4.089621713085242
34375,-6.474672433600153
34376,-7.461623163139542
34377,-4.854742177352694
34378,-1.8491484996561358
34379,0.16694167150530492
34380,-1.2929345823893483
34381,-2.7111789879152544
34382,7.120868320323526
34383,1.9064391040247768
34384,-7.390348762861604
34385,5.149972626564801
34386,-5.816635426544728
34387,4.148633471932415
34388,1.1581749482573152
34389,3.0598346824548974
34390,-8.331810506979213
34391,-8.431169021781303
34392,-2.312353413147099
34393,-6.666185655706733
34394,-8.546142245524019
34395,-3.8445288578276835
34396,-0.44261664940683776
34397,-8.020776403316734
34398,-8.362459372617398
34399,-1.7166747830303057
34400,-3.1357823654763255
34401,0.3126226474986852
34402,-1.526261475705997
34403,2.234232194442286
34404,-1.9627502809743431
34405,0.04767577609388729
34406,-3.9162168906329597
34407,-2.938644013514202
34408,3.890819889026436
34409,-0.6894632706159394
34410,0.03618865382202077
34411,-8.465369332133609
34412,-7.563540130273314
34413,-1.2763309759303676
34414,-7.3761087183412215
34415,-3.3488341324750484
34416,-8.620179503077084
34417,2.3656857776284133
34418,-8.177054426949429
34419,-8.075202815119887
34420,-8.040219184649601
34421,2.2464431186852756
34422,4.0332420242722575
34423,0.9070478348509368
34424,3.2878632830944388
34425,2.1847558372431592
34426,-8.00610425574207
34427,7.074955172910556
34428,2.877867150876216
34429,-2.546330158304526
34430,-3.007801868026548
34431,-8.10346229668109
34432,1.3366054959633176
34433,-8.504312890637921
34434,-8.35315969349669
34435,-2.95188334351334
34436,-0.37051802080612406
34437,4.75715503180108
34438,-7.096867010003822
34439,1.4788987185312004
34440,1.5455508401474782
34441,2.515483453482361
34442,1.6384611198414918
34443,4.516924111695992
34444,0.9772745714557767
34445,-7.483850780789513
34446,-8.319609185221957
34447,4.447033779710899
34448,-8.21939451913562
34449,-3.2495014719570516
34450,-8.407456454790927
34451,-1.8732730949535283
34452,4.6487193934209765
34453,-0.7920279101283585
34454,-8.578916971081998
34455,1.7381083164312336
34456,7.111359154029262
34457,-8.600011335048956
34458,4.7413515627458525
34459,0.7281099720081399
34460,-0.08205491488015593
34461,-8.3059700259
34462,-8.162579127322118
34463,-3.058350873164284
34464,-8.320480274033516
34465,-7.818280297166385
34466,-8.546142245524019
34467,-8.10346229668109
34468,1.3439411639918006
34469,-8.449988562957738
34470,-8.362459372617398
34471,-3.7612824296722582
34472,-8.293533882068525
34473,-8.428617016115997
34474,1.270379619595726
34475,-8.325577266103934
34476,-4.03653686717184
34477,-8.20450660387406
34478,-6.636322116125053
34479,1.2814143956206216
34480,-3.8163074099504346
34481,-7.2436909892345955
34482,4.129511975228617
34483,-8.465369332133609
34484,-8.400715206340749
34485,-7.1744962282560145
34486,0.7054535538607491
34487,-8.110788643024678
34488,-5.99967242331304
34489,-7.920915829349122
34490,-7.760347195065333
34491,-8.0731310415118
34492,-8.040219184649601
34493,-5.32165862888617
34494,-3.129555534025936
34495,-8.058505647677764
34496,-8.43045830978293
34497,-8.234798170364902
34498,1.580443480465484
34499,-2.4203688884778636
34500,1.5888041764718022
34501,5.558614515949033
34502,-8.135437178466251
34503,-8.086549480317156
34504,-7.1538343850745685
34505,-7.45697941352096
34506,3.3116110295623784
34507,-0.5499236051967724
34508,-5.311611206477172
34509,-6.885763734418713
34510,-8.548986250848932
34511,0.7962855091376577
34512,7.825625846915218
34513,-4.979360077216182
34514,-8.261273624336207
34515,-8.331884473392378
34516,-6.2948695738521385
34517,-6.339860480815693
34518,-8.385399824516067
34519,2.6865898461224758
34520,-0.8795044475311501
34521,6.587255004347801
34522,-8.515243956600619
34523,-8.11506464497571
34524,4.075031605796878
34525,-7.920915829349122
34526,3.4509305193683826
34527,-7.896510446504095
34528,-3.0576169012494443
34529,2.9380363348741607
34530,1.4269525464536617
34531,-8.058505647677764
34532,-7.9218502282579335
34533,2.2490442900265206
34534,-8.380976426857135
34535,-8.438407756996849
34536,-3.226607763468235
34537,-2.1361045871488957
34538,-4.181540197390564
34539,2.092354891083765
34540,-1.2487376318972867
34541,0.08664908615402922
34542,-2.865894463307382
34543,0.25789938748128893
34544,-7.517571158814235
34545,-2.306194224495845
34546,-3.357172510590739
34547,-7.867521830726807
34548,-0.4378554121015007
34549,-8.20450660387406
34550,1.0192566087790773
34551,-4.658102445251275
34552,-2.6814660997888344
34553,2.627911115944126
34554,-8.48994175841174
34555,-6.997978266731941
34556,-8.138743929746923
34557,-2.285716631968943
34558,-8.515243956600619
34559,10.805527086784625
34560,-6.478346454236572
34561,-5.738694234727729
34562,1.7298081393621263
34563,1.0188754459401466
34564,-7.2379509409246845
34565,2.53650457854815
34566,-7.71607080840178
34567,2.892332632632243
34568,-1.1699204174882816
34569,-4.272422419826686
34570,-0.5791405446628193
34571,-8.438407756996849
34572,0.4463399037573722
34573,-7.818280297166385
34574,-8.451910373250099
34575,10.215898975675993
34576,1.5707439837415385
34577,2.883542021523863
34578,-5.48754689423345
34579,1.067119134345881
34580,-8.293533882068525
34581,3.498338057703156
34582,-8.548986250848932
34583,-5.140812600265385
34584,0.038344332421933705
34585,-2.948424580460709
34586,-4.1873433384773735
34587,-1.1684526275477274
34588,-8.121463106478355
34589,-8.344673363002489
34590,-5.626486698167525
34591,1.6272706825273677
34592,1.0038812901935175
34593,-7.1744962282560145
34594,-0.7740811662082595
34595,-1.8005523868306104
34596,-8.51575970919729
34597,-4.4521280194329
34598,-8.508526686939337
34599,-8.075202815119887
34600,6.868617024339159
34601,-0.18687846714227474
34602,4.80179128374882
34603,-2.4013583608798785
34604,-8.43045830978293
34605,-3.6329072135740423
34606,2.937565119083954
34607,-4.366906752949492
34608,-8.487834090106027
34609,1.1868727365559628
34610,-0.7054840195122551
34611,-8.10346229668109
34612,-0.873626193099525
34613,-8.504312890637921
34614,-8.350339033818821
34615,-2.2079893795464542
34616,-2.840147429966683
34617,-0.5160815545059196
34618,-8.320699353829278
34619,0.21208730695264255
34620,-7.994037420811777
34621,-8.20450660387406
34622,-3.764038716401455
34623,-3.382211730919037
34624,-7.534208462826875
34625,-1.3751027579019608
34626,-3.202838996407178
34627,-2.8072935395925582
34628,-0.8717175772231192
34629,-1.157532246881987
34630,-8.515243956600619
34631,2.2580588344360755
34632,-7.77045335950811
34633,2.519124014297626
34634,-2.1325788126727945
34635,-1.1140279124605903
34636,-7.918952818158805
34637,-8.404518167771728
34638,-0.2048812748816814
34639,-3.0955775495312716
34640,2.525170336934699
34641,-2.925612452384246
34642,1.451551021016436
34643,-0.3697092754079505
34644,0.9757334041704094
34645,1.5505855742139092
34646,-8.546142245524019
34647,0.8509262012887011
34648,-8.21401020781711
34649,6.980525259910565
34650,-2.1305061704520467
34651,4.335256998547799
34652,-2.0775155063278166
34653,-4.05825446810974
34654,-7.811618226951089
34655,1.065698032872658
34656,-0.04869808353454674
34657,-2.190341255215507
34658,-8.261273624336207
34659,-8.252368411058802
34660,0.1804315527936664
34661,1.6591092107990022
34662,-8.48994175841174
34663,5.085100148577093
34664,3.285402914533071
34665,-7.1744962282560145
34666,-1.351364709208242
34667,-0.6711041076026913
34668,14.399549298654396
34669,-3.9553507934304615
34670,-7.842266411498589
34671,2.015211413365571
34672,-7.709463282459479
34673,-0.5000184363172919
34674,-7.36241370114046
34675,-8.058505647677764
34676,-7.604160829516091
34677,-5.352980778906655
34678,-0.15419166897313996
34679,-8.438407756996849
34680,5.837157065428889
34681,-0.4534411762971394
34682,-8.518191154288973
34683,-8.0840122629818
34684,-3.815263430293033
34685,-1.7439039574348376
34686,3.1548239754265746
34687,3.458951290604422
34688,4.152637228180474
34689,-0.6760289813029736
34690,1.1224371778835147
34691,-4.13308123617872
34692,2.7471521951567013
34693,-8.20450660387406
34694,-5.050058902919855
34695,-6.663492007637255
34696,-8.231861576614
34697,-8.344673363002489
34698,-3.10147042354823
34699,0.7293356736093232
34700,-8.381026008081113
34701,-0.24165785706214182
34702,-8.515243956600619
34703,-8.11506464497571
34704,-5.988158120503936
34705,3.0281647252311297
34706,-8.478466075611859
34707,4.718590395340353
34708,3.745983070627473
34709,-8.600011335048956
34710,-3.7816167833957843
34711,-8.014991690867753
34712,-8.43045830978293
34713,-3.2931552123811323
34714,0.9797865122224243
34715,0.47862243269779314
34716,1.8668202721017404
34717,-2.942485502207099
34718,-3.9722933174315203
34719,-4.553462865584331
34720,-8.21401020781711
34721,-1.6024416800656456
34722,-0.6392678760618424
34723,-5.49444641362216
34724,-4.540497678981326
34725,-5.721633879405993
34726,0.19288731815944204
34727,-7.287509597054277
34728,-6.19265935291978
34729,-8.20450660387406
34730,-7.079600767174183
34731,-8.26049501784372
34732,-3.349638162146465
34733,-3.079465821062981
34734,-8.48994175841174
34735,0.7545263220417967
34736,-8.097802070561537
34737,1.0560376714004645
34738,-7.10218548149437
34739,-7.191014018175881
34740,-2.567481238591621
34741,2.6970204229528556
34742,-7.5670160902194565
34743,-0.7799271650758286
34744,3.196298081780772
34745,5.05705086514995
34746,-7.741710744400893
34747,-8.058505647677764
34748,1.6183163859678735
34749,-2.9585913356839866
34750,-6.126814766711299
34751,-5.292946168040113
34752,-1.0137791646155252
34753,-2.6721854022941858
34754,-1.097865278431602
34755,-8.10346229668109
34756,-3.787840362294413
34757,-8.381863326763877
34758,1.0935144802805035
34759,1.4181299368412508
34760,-7.9596073158132885
34761,-5.770714582321505
34762,-1.2817709314522392
34763,-5.705655962877045
34764,-0.2990521126633249
34765,0.8701803028989052
34766,-2.3053402374463907
34767,3.2441781150659104
34768,-2.5844701156586813
34769,-7.395078547169245
34770,-8.48994175841174
34771,0.010134018376961484
34772,-7.637639367899199
34773,1.6527093684128973
34774,-6.829663272292676
34775,-0.2211473666167295
34776,6.025601792699935
34777,-2.8668170924492107
34778,-3.2262923077658114
34779,2.408616861021703
34780,-0.3930946093425285
34781,3.318464532757492
34782,-7.47505337073491
34783,-0.0939803565278956
34784,-8.43045830978293
34785,2.0993314088009862
34786,-0.22253640747896652
34787,-8.438407756996849
34788,-7.879022004773488
34789,2.357683558463405
34790,-8.546142245524019
34791,2.8846389211641346
34792,0.26118279163083036
34793,-1.2215507324084924
34794,-1.5130770058729093
34795,-7.94882927124414
34796,5.104101094345699
34797,7.688012180844556
34798,-8.534636135086398
34799,-8.325577266103934
34800,-1.9111501788770662
34801,-5.383206011367761
34802,5.210131599691486
34803,-8.331884473392378
34804,-3.1420423590345665
34805,0.735048056055944
34806,0.6424496272753497
34807,-2.3055886020233984
34808,-8.347818201423614
34809,-7.081904094062402
34810,-8.515243956600619
34811,-1.5924465832519554
34812,-8.092520097526162
34813,2.6587005009424116
34814,-1.555686651301897
34815,-1.2431167784118071
34816,-7.966114654091246
34817,-8.599825615153275
34818,-1.2935741880736864
34819,4.441291481159753
34820,-7.156037015553847
34821,-0.3369466095437248
34822,3.060146976267814
34823,-7.3963472192239434
34824,9.902191017707555
34825,-7.818280297166385
34826,3.2871387659267133
34827,-8.10346229668109
34828,-7.210392251403643
34829,-2.6748444554433295
34830,-6.776918136257718
34831,-7.466632599596926
34832,-8.293533882068525
34833,0.49556788850847977
34834,-8.548986250848932
34835,-7.856194957829821
34836,-0.39835858912732725
34837,-7.2717504087433795
34838,-8.261273624336207
34839,0.8012949341262487
34840,-8.231861576614
34841,-7.953841379049978
34842,-8.48994175841174
34843,0.8510167442441363
34844,1.7592601674123327
34845,-7.1744962282560145
34846,-0.15368487845912404
34847,-7.946143374856286
34848,-2.7304648099299977
34849,-7.920915829349122
34850,1.3251544639349708
34851,-8.075202815119887
34852,-0.3283595501103762
34853,-3.1123846944284206
34854,-7.741710744400893
34855,-8.058505647677764
34856,-0.16919630388167617
34857,-1.2356063919204319
34858,-4.20372733693279
34859,0.5624487109645155
34860,6.1065859870088675
34861,-2.5855704865693543
34862,1.07916027231948
34863,-6.847297042033497
34864,2.008439207268375
34865,2.9667459052579908
34866,-8.362459372617398
34867,-0.8276564212085338
34868,-8.028431534053302
34869,0.29905526287067796
34870,-2.781007571439071
34871,4.377232512727209
34872,-6.785970731475598
34873,-8.20450660387406
34874,5.963460690086337
34875,-0.6085412415342013
34876,-1.628231179642766
34877,0.24378459437385175
34878,7.889159507684365
34879,-3.3255915071194773
34880,0.5045847042235468
34881,-7.1744962282560145
34882,-7.561020923819033
34883,-2.292263001545064
34884,3.946741257418666
34885,-5.578245901680951
34886,-8.578916971081998
34887,-8.075202815119887
34888,1.0461729649511984
34889,-5.4510640759060145
34890,-1.4243845351060642
34891,-7.603583106465372
34892,-8.234632579412546
34893,2.6630941641763353
34894,-4.601137953353228
34895,0.9924665326936449
34896,-7.8728325002039465
34897,-7.668681710346986
34898,-8.546142245524019
34899,-8.143750283801152
34900,-7.649958561181113
34901,0.39914002986735597
34902,-4.5551306093833155
34903,0.389672781372552
34904,-0.6596040403450871
34905,-0.13323039658178615
34906,-8.494829940642113
34907,-8.294561449094678
34908,2.0794270092445695
34909,2.6502801346527836
34910,7.688525350118841
34911,-5.8475962604738445
34912,4.07228524717582
34913,-5.800553839822045
34914,2.546024762064401
34915,-3.3436854367532063
34916,-8.400715206340749
34917,1.22893119990789
34918,-1.4094758358997752
34919,0.7001016371907086
34920,6.116512569835886
34921,-4.012117757762342
34922,-8.578916971081998
34923,2.13734232370934
34924,-7.681081730348357
34925,-5.191518302572049
34926,-3.233475759957587
34927,-8.058505647677764
34928,-0.06432605899820176
34929,-1.1556553796645932
34930,-8.346482814333466
34931,-7.845137977977523
34932,-8.487834090106027
34933,-7.818280297166385
34934,-5.632583021788322
34935,-8.143750283801152
34936,1.9122761024056651
34937,1.3502914524473293
34938,-4.118192147675623
34939,13.700468924831643
34940,3.1327700874436175
34941,-4.6934060172631655
34942,-8.548986250848932
34943,-8.325577266103934
34944,-7.994037420811777
34945,-8.20450660387406
34946,0.37213832833610816
34947,-8.331884473392378
34948,-8.231861576614
34949,-3.331885436225215
34950,-8.481657930939033
34951,-8.046419686792088
34952,0.6875862323711708
34953,10.475530432965677
34954,-0.44514793001023034
34955,-4.596969018516614
34956,-1.9138483944393774
34957,-7.8776156721365815
34958,-4.946580101993096
34959,0.14959732128305148
34960,-6.327757039430955
34961,2.1326510231529636
34962,1.030466130489848
34963,-5.121472144238244
34964,-8.43045830978293
34965,-8.3059700259
34966,-8.380976426857135
34967,-8.246730682292375
34968,-3.224206286695167
34969,-7.818280297166385
34970,-1.852550949329712
34971,-8.143750283801152
34972,-7.540124822942933
34973,-5.862418113765563
34974,-8.366474247813578
34975,-7.94882927124414
34976,1.6859078244692527
34977,-6.709755242479282
34978,-8.361168268442517
34979,0.3832019036287714
34980,-7.994037420811777
34981,-7.8563848889535
34982,-1.3371393935412221
34983,-7.3898101147551625
34984,-6.821734440313458
34985,-8.221090962289837
34986,-6.380804206018906
34987,-0.06623059952962712
34988,-1.2733122141922313
34989,-7.1744962282560145
34990,-8.515243956600619
34991,-0.2943239716875077
34992,-0.08419347894350492
34993,-4.996458551969896
34994,4.498650105629553
34995,-2.237579181267802
34996,-5.156642732875506
34997,-8.600011335048956
34998,-7.741710744400893
34999,-1.9601474012248017
35000,-5.5790591226101425
35001,3.844941257029026
35002,-0.48363576012153037
35003,-8.438407756996849
35004,1.556778801992329
35005,-2.8170197208194696
35006,-1.2140120133702474
35007,-1.2465076047976162
35008,2.038373085250902
35009,-8.504312890637921
35010,1.486436305502198
35011,-3.220333022654341
35012,-3.278823449966529
35013,-8.432263742120966
35014,-8.46718938263639
35015,-8.325577266103934
35016,2.2005648570116407
35017,-0.3255897499776865
35018,1.1622059220633538
35019,-8.331884473392378
35020,-2.335846066250611
35021,0.24082827393902628
35022,0.7662479965331845
35023,-8.376249144495416
35024,-0.8282168979015347
35025,-1.2351162103134787
35026,-8.515243956600619
35027,3.8488678418375977
35028,-8.620179503077084
35029,0.20864089360205207
35030,0.04723984348291488
35031,3.6544697453824444
35032,0.8432540271114135
35033,-3.427290003547575
35034,6.210447684462822
35035,-5.73528810026174
35036,-1.5434980756907541
35037,-4.200999427955633
35038,0.2087642445215998
35039,-3.194046359574057
35040,-5.9039694061343635
35041,-3.0840652947571705
35042,-2.8997362749898814
35043,-3.834929431058149
35044,-1.1021462625193814
35045,-8.504312890637921
35046,-7.249053239657194
35047,4.150278875780788
35048,-2.545510734619638
35049,-8.472696108711498
35050,-6.1557071811166795
35051,-4.720067216550667
35052,-3.444965764227941
35053,-4.8249067328305495
35054,-8.233734049509726
35055,2.234967319373522
35056,-1.831755874829144
35057,-1.1265655973266804
35058,3.136133078524413
35059,-8.465369332133609
35060,1.3313812098833295
35061,-7.1744962282560145
35062,-3.179397293923831
35063,5.445395833157298
35064,1.1708036766421361
35065,-7.898390124832285
35066,-1.316300056962592
35067,-4.5220794798691335
35068,0.8367415757277258
35069,-7.334101281069965
35070,-1.8348109801501327
35071,-1.9009286366966758
35072,-2.0440503649303157
35073,-8.3059700259
35074,-8.05842168885777
35075,1.6853661203801875
35076,-7.519459303820499
35077,-5.03545383536223
35078,-0.8920902001034512
35079,11.982280342546268
35080,-1.4718475159049627
35081,7.889178447346875
35082,-8.366474247813578
35083,-7.3932315939250755
35084,1.5260658543968435
35085,-3.3791945911972006
35086,-3.4353276701470232
35087,-6.1382973462420045
35088,-7.9842337309766975
35089,-7.270619541264752
35090,-8.262314656740214
35091,-8.331884473392378
35092,-1.7135555524099393
35093,-8.344673363002489
35094,-8.42747825720216
35095,-5.443940479866187
35096,-6.795752431008906
35097,-0.05723656556366685
35098,-1.3486108522089069
35099,5.27455215434566
35100,-8.581690272774106
35101,-7.6263608058307515
35102,-8.346011890802458
35103,-8.075202815119887
35104,-8.040219184649601
35105,-7.7292329430449564
35106,2.165922613067263
35107,0.788068303208478
35108,-8.43045830978293
35109,-8.3059700259
35110,-8.368186750791844
35111,0.2108579414002425
35112,-0.9372044250294869
35113,0.3616766557123926
35114,-8.546265841664914
35115,-8.143750283801152
35116,3.055387864524914
35117,-7.952495279131364
35118,5.002317774573446
35119,1.2946643601272392
35120,5.175213814029391
35121,-1.8478104861823912
35122,-8.435999993980651
35123,3.296701454447679
35124,3.5201961435939735
35125,5.008216414100888
35126,-8.13344218528502
35127,-5.9584509767879
35128,-6.810920326695084
35129,-6.086134982049641
35130,-8.456442360747277
35131,-8.465369332133609
35132,-0.20184941708463766
35133,-7.1744962282560145
35134,7.271489310397547
35135,8.223640520850601
35136,1.7673902696128727
35137,-7.8794084176590555
35138,-2.7529180523881145
35139,3.741062089262342
35140,-7.152858114650449
35141,4.953430020881301
35142,5.3243708826062885
35143,0.6160866795462139
35144,-8.43045830978293
35145,-0.7273094034194529
35146,-8.380976426857135
35147,0.942672652488822
35148,1.7005065156676773
35149,-0.0451163136766104
35150,-0.4697369955114774
35151,1.5960818279052422
35152,-8.21401020781711
35153,-7.405403004182949
35154,-8.366474247813578
35155,7.552165245163549
35156,-6.027614269196846
35157,2.0597947453202368
35158,3.9187074451530464
35159,-8.325577266103934
35160,2.073956670975776
35161,-7.097293916475492
35162,-0.7616798977455885
35163,7.150493735794619
35164,4.628635011344065
35165,-2.4952620598704023
35166,-1.0294864481991377
35167,2.2592708314871373
35168,-8.400715206340749
35169,-0.5595559367786496
35170,2.4478439925496716
35171,-1.0784642300727894
35172,-7.602856293801899
35173,2.7094005096407647
35174,-7.731929750166735
35175,-7.442323453222738
35176,-6.710261117654209
35177,1.1698975676112338
35178,-0.9070784107124491
35179,-0.9209903830990713
35180,2.3122680421268953
35181,-0.8671907166281643
35182,-8.39597401311732
35183,-8.438407756996849
35184,4.900416474846114
35185,-2.966099943969692
35186,-8.546265841664914
35187,7.7151689443499425
35188,2.8254775430855306
35189,-8.504312890637921
35190,-6.132047165502623
35191,-7.94882927124414
35192,2.413621217416025
35193,-1.0351035235146115
35194,-8.486985177139157
35195,-4.932695228445772
35196,1.0020708904993794
35197,-0.8764515512421993
35198,-6.125212691288288
35199,-0.9938755616460525
35200,-8.212532757460796
35201,2.035693548740464
35202,3.7512575522744327
35203,0.029177000633272776
35204,-7.182271728735536
35205,-2.7001397902514612
35206,1.2042952050973796
35207,1.7321297151512114
35208,1.5586597773970472
35209,-5.766963591785238
35210,3.4553364348026947
35211,1.8777335755863387
35212,2.7718033474964745
35213,-8.600011335048956
35214,3.2623962067602346
35215,-8.058505647677764
35216,-7.664949689095472
35217,-8.3059700259
35218,-8.313246585417884
35219,1.6878014310792953
35220,-8.394466210085087
35221,0.596643335624835
35222,-3.1007651993537877
35223,-8.071705381318132
35224,0.37419795622145574
35225,0.7534915424365631
35226,3.133009617017447
35227,-7.920341882870832
35228,0.19205130038440887
35229,-3.069434273096726
35230,-8.548986250848932
35231,-3.8101090872983407
35232,-4.379206417196232
35233,-8.160199637475316
35234,4.7532179636378995
35235,-3.583232191418256
35236,-3.0717350267833785
35237,-6.617076370567675
35238,-8.48994175841174
35239,-1.533796006636502
35240,2.008153713747752
35241,6.192691962178992
35242,-0.011484711331754993
35243,-8.11506464497571
35244,2.4767236917869546
35245,-1.776698907457312
35246,4.958380710701521
35247,5.149371196814208
35248,-8.040219184649601
35249,-0.02556202774935379
35250,-1.2368919705040518
35251,-4.76020480664352
35252,1.9494261194201328
35253,-3.0766926198401814
35254,-8.39679109401448
35255,-7.751182118053696
35256,-8.487834090106027
35257,-5.108218609737849
35258,-8.163005248024414
35259,0.13419023478488867
35260,-0.9083148980868658
35261,-8.504312890637921
35262,-4.448911061283883
35263,-7.94882927124414
35264,1.5341642535964648
35265,3.67298050560854
35266,-8.546590046521944
35267,-5.672792022598001
35268,0.6320338286920816
35269,-2.6152444530230774
35270,-0.7555735004449665
35271,-4.63756382334527
35272,0.6848963062826363
35273,3.2809294481546707
35274,2.185080486625541
35275,-2.0849003707798426
35276,-8.505203474793223
35277,2.959588648280241
35278,5.858131925636497
35279,-0.7388422966648882
35280,4.253401216940927
35281,-7.920915829349122
35282,-1.5407097021673097
35283,-0.47296060630623415
35284,-1.7757285463196264
35285,0.39691896348991185
35286,-2.3836105601509923
35287,2.705331031111664
35288,-8.43045830978293
35289,-8.3059700259
35290,-1.1755420916212114
35291,-5.7570478385334924
35292,-7.991013382333282
35293,-2.100175773321955
35294,4.1668013642290465
35295,4.229042095186422
35296,-8.121089917703955
35297,0.14456901709691294
35298,-2.3781493949073282
35299,5.611713485960109
35300,-5.143959472121491
35301,6.153351464269442
35302,-8.524929845219427
35303,-0.6826898781103595
35304,-1.6377858099197407
35305,-8.20450660387406
35306,-4.748916957695242
35307,1.1532785255045366
35308,2.983767679618475
35309,2.3502189074061164
35310,3.0356094223513397
35311,-8.465369332133609
35312,2.1185095047920774
35313,5.6229178860740685
35314,-7.3096385510285975
35315,-1.5300508856340975
35316,-8.078313899752455
35317,-7.920915829349122
35318,-8.578916971081998
35319,-2.4036334509504593
35320,-8.040219184649601
35321,-1.6738406514029975
35322,0.1320023365701729
35323,-8.058505647677764
35324,-7.857635013024337
35325,2.1519486356245583
35326,-8.317826180840083
35327,1.0138438362612605
35328,-8.401800720296325
35329,-2.853379340837155
35330,-7.731452546587308
35331,2.139295505593279
35332,-7.950346044519059
35333,-8.504312890637921
35334,3.1446439975614826
35335,5.728205496912043
35336,-0.7768687782580839
35337,3.3155436643443803
35338,-0.22208429922748207
35339,-7.258154955046743
35340,-7.618967353510894
35341,-7.4047849490663165
35342,3.3426546837250655
35343,1.4201297240817388
35344,-2.6464048948281897
35345,-8.175188868297573
35346,-8.465203747518819
35347,4.067605672398717
35348,-8.183999752964501
35349,-1.7757130546394475
35350,-8.446462690427996
35351,-1.2752482351179326
35352,-4.039746899904885
35353,-7.920915829349122
35354,-8.517189519839153
35355,0.3545857204134064
35356,-5.7440510158048035
35357,-8.58271136686514
35358,-3.2017159718959745
35359,-6.8798749880413475
35360,-8.100771219893428
35361,1.7346576645128209
35362,-8.395047192104295
35363,-8.438407756996849
35364,-8.487834090106027
35365,-6.063767156675812
35366,-3.1403957441214536
35367,-1.6947356165212506
35368,-8.21401020781711
35369,-8.498856947172992
35370,3.7711736948485206
35371,3.516355891294978
35372,-0.9076508117027391
35373,-8.472696108711498
35374,5.164953108906614
35375,0.2917228648674328
35376,0.7353957413246803
35377,1.2750413818935846
35378,-0.789586994367131
35379,-7.519657479712631
35380,-1.0835254345145935
35381,-0.9444871848750187
35382,-1.7407103456058566
35383,-3.7411475053879553
35384,-1.0336711504364877
35385,1.8185600176067789
35386,-8.188907849084341
35387,-1.133657380758111
35388,0.8081344071008234
35389,-1.252885367634925
35390,-8.578916971081998
35391,0.8287887244956671
35392,-8.040219184649601
35393,-7.82990158977373
35394,-3.2003825509094597
35395,-4.338480961978508
35396,-8.43045830978293
35397,2.395315195699324
35398,0.3068157541872152
35399,-2.9503524962545464
35400,-3.094834011412564
35401,-4.988253036298808
35402,-6.264112970295015
35403,-8.143750283801152
35404,-6.656606918116102
35405,-0.9423110147061518
35406,2.8572629508812177
35407,1.0321177194367341
35408,5.514040800470818
35409,6.085973279802706
35410,-0.9775523450313761
35411,0.43294377662110284
35412,-3.269285779326541
35413,-1.9175973767292096
35414,-8.262314656740214
35415,-8.085261515421607
35416,-4.546341101364334
35417,-8.344673363002489
35418,9.083547549479121
35419,1.8432359175024033
35420,6.163002198269311
35421,0.7356913004249253
35422,-0.7151185303251792
35423,8.5231876486377
35424,-8.620360229672851
35425,-4.67058027422654
35426,-8.578916971081998
35427,7.564187281905909
35428,2.039734212998216
35429,-7.540058899147668
35430,7.81446084218104
35431,-2.6929695638927154
35432,-0.7266325490851562
35433,-5.933566417564272
35434,4.7319003296027065
35435,-8.447194942459175
35436,-8.444546240017647
35437,0.4409883674408241
35438,-8.461032152251828
35439,-8.143750283801152
35440,-8.21401020781711
35441,4.11871706760002
35442,-8.366474247813578
35443,-4.086203497953891
35444,-6.779825659828642
35445,-0.22256579991554837
35446,-8.57870702079607
35447,-8.325577266103934
35448,-7.287590148388632
35449,-2.736658804872908
35450,1.8550925985958557
35451,-6.184408268577361
35452,-6.744994589309112
35453,-6.8467909748818405
35454,-8.02993326253587
35455,0.9547063926597155
35456,2.7801918965628043
35457,2.4698589269092173
35458,-0.32410820897139747
35459,-8.11506464497571
35460,-8.620360229672851
35461,2.2063761190079045
35462,-8.578916971081998
35463,-2.9265160904743697
35464,-7.788478832174579
35465,1.5663899861456685
35466,1.2506507731955534
35467,-3.4510694712800034
35468,6.439655325731238
35469,2.4720268318159935
35470,3.375103205332384
35471,-8.447194942459175
35472,-7.17162495044537
35473,-7.408176482610108
35474,-8.25993346429503
35475,2.3243469957910152
35476,-0.12681548712851098
35477,-8.241372511133198
35478,5.963215258809319
35479,-7.611442916562613
35480,3.8735647716887693
35481,8.135604205742226
35482,0.7070304593340015
35483,-8.189074508638189
35484,-7.833221622026503
35485,-4.428276868704332
35486,-4.650495121851921
35487,-6.6424905008145245
35488,1.025403240527331
35489,-4.075981487829545
35490,-8.48994175841174
35491,1.0496194104111596
35492,-8.507095460673368
35493,10.26857195440939
35494,-6.830356446505025
35495,1.682947360439656
35496,-7.590395748691228
35497,-2.9345699418357563
35498,-6.4219469219590515
35499,-8.075202815119887
35500,-1.350623907824127
35501,-8.600011335048956
35502,-1.209130289408781
35503,0.29936380467816376
35504,9.117308581765336
35505,-8.005963360606483
35506,5.649005671831336
35507,-8.447194942459175
35508,-6.7882863444011905
35509,-2.3330268299943073
35510,5.263176632344871
35511,-2.463068743841594
35512,-0.8146690832849025
35513,4.0045373872777
35514,-5.864391504573505
35515,1.3116856679555278
35516,-8.293533882068525
35517,11.914948203914221
35518,2.334850680249497
35519,-8.325577266103934
35520,-5.182992837799329
35521,-0.44687343343990044
35522,6.376687426949398
35523,-2.5918604020115987
35524,-8.231861576614
35525,-6.043057096887601
35526,3.9469689836560717
35527,4.879461540248506
35528,4.938971721206172
35529,-5.728437093005196
35530,-8.381898595865675
35531,0.49670533115673854
35532,-8.620360229672851
35533,-7.920915829349122
35534,-8.243088322755945
35535,-8.075202815119887
35536,3.1327285626226606
35537,4.932019845047578
35538,-0.659684407614048
35539,0.664838798979011
35540,1.001262225382936
35541,-2.7252816507710236
35542,-0.5507442770346961
35543,-8.447194942459175
35544,-8.160059936327183
35545,0.4829640103834949
35546,-3.0838460740763565
35547,0.11529051571944748
35548,-8.21401020781711
35549,-4.271116357904237
35550,-3.0808793430572137
35551,-7.362749958261981
35552,2.0046131058831085
35553,2.5083824635259084
35554,-0.658481643959667
35555,1.0059147541542368
35556,-7.738486177234801
35557,0.365123530934366
35558,3.463045077691313
35559,-5.843487665618565
35560,-8.231861576614
35561,-7.770242443465626
35562,1.4053717314660514
35563,-1.2684865179247515
35564,-7.402885052891927
35565,5.286751757994724
35566,-8.259093139534176
35567,-8.11506464497571
35568,3.362911715034723
35569,-3.1741354348102515
35570,3.7724802880098727
35571,6.768678207389078
35572,-7.62972584234774
35573,-8.486415101254742
35574,-7.741710744400893
35575,0.34677701976261965
35576,-8.382189578939565
35577,-8.3059700259
35578,-8.372836287371396
35579,-5.488379892128602
35580,1.2431490016936448
35581,-7.818280297166385
35582,-8.478540072837886
35583,2.250629329391045
35584,-2.1009137053912377
35585,0.6733224929369702
35586,-7.845178283712707
35587,-7.94882927124414
35588,-4.887114910801638
35589,-8.472696108711498
35590,-8.57870702079607
35591,-1.821764291002634
35592,-0.40323278183702005
35593,-8.20450660387406
35594,-7.845811981415739
35595,7.208437967288081
35596,-8.02826915831267
35597,-5.642127117011614
35598,0.05445045964688987
35599,-8.465369332133609
35600,-2.1804007143323805
35601,1.8903002452157684
35602,-8.515674652645062
35603,-0.9019390015397846
35604,-8.620360229672851
35605,2.8205818958529516
35606,-4.419134608705795
35607,3.8857944612912094
35608,0.554089620598111
35609,-7.4599530789367074
35610,-7.564541749498155
35611,0.5658774055183242
35612,-0.573988995970727
35613,-2.570493646604265
35614,-8.383682455628872
35615,-2.5179227385830174
35616,-1.848558963839664
35617,-3.1321141460889863
35618,1.6123069562851566
35619,-8.126496406001138
35620,-7.269363496559711
35621,3.507363299401279
35622,-5.908234894098693
35623,-1.6762340289698474
35624,-8.293533882068525
35625,-8.472696108711498
35626,-0.749737541738376
35627,-8.325577266103934
35628,0.16451513788435834
35629,0.7059491185763288
35630,1.481748836904769
35631,-7.830239402398898
35632,-3.8710531338901006
35633,8.5088449049343
35634,3.215448294163329
35635,-1.8577020823582346
35636,-8.40656436318753
35637,-1.501363471785164
35638,-8.515674652645062
35639,-2.8612534770316724
35640,-2.118211209555712
35641,0.14282185104374767
35642,-8.578434206972542
35643,-2.0786669707806
35644,-8.040219184649601
35645,-8.378631644263052
35646,-7.741710744400893
35647,-8.058505647677764
35648,-4.142269092201413
35649,-4.184391958942624
35650,-5.109621549099082
35651,-0.4000127594250076
35652,-8.487834090106027
35653,-7.818280297166385
35654,2.7043012763704266
35655,-8.069141342195968
35656,-0.8690521307834991
35657,-8.50714195207753
35658,4.075061804288309
35659,-7.002126387433133
35660,-4.764318989851502
35661,-0.39831385140400544
35662,-3.4039278741135526
35663,3.7949177005205135
35664,-7.994037420811777
35665,-3.5058089633416474
35666,1.719578309298674
35667,-5.010047567543556
35668,-1.2329066995700562
35669,0.5821166216561435
35670,-2.3705112097687326
35671,-8.357676567355321
35672,0.026393407111777067
35673,0.759938224346612
35674,0.16493174461052185
35675,2.8900341645492986
35676,2.316398061685973
35677,1.5869759901675304
35678,0.04705436716430267
35679,3.226609497392509
35680,9.00781309286138
35681,4.150671595239629
35682,3.3249106357329152
35683,-8.058505647677764
35684,2.4680865791376996
35685,-7.604016310563474
35686,3.1153725416171034
35687,-8.447194942459175
35688,-8.487834090106027
35689,-7.49341290004985
35690,9.149998841418704
35691,-8.143750283801152
35692,-2.526104573360084
35693,-3.3746550078834865
35694,-8.366474247813578
35695,4.552129714740975
35696,1.5732379661714364
35697,-7.649795576483044
35698,-4.434108429869308
35699,-4.408347117373441
35700,-8.142167894827649
35701,-8.20450660387406
35702,2.8890642776648763
35703,-8.276914476882974
35704,5.603594700394993
35705,-8.228796745026099
35706,8.354348508962271
35707,1.1077299655665183
35708,2.9834735771914307
35709,-6.9359653429716674
35710,1.1765050871549518
35711,2.819668417813718
35712,-7.458123996312687
35713,-2.9002797133016838
35714,-2.568982214434879
35715,0.11460070923416721
35716,2.5030286883750077
35717,-1.2527120091682917
35718,-7.054109128545335
35719,-8.058505647677764
35720,0.23525285124791617
35721,-5.56316434382879
35722,-7.724453501880157
35723,3.39771111323942
35724,5.511281733790449
35725,-7.818280297166385
35726,1.6881947076609451
35727,-7.427249970764308
35728,4.159849222680856
35729,-8.50714195207753
35730,-7.693340742835157
35731,-7.118756393180279
35732,-8.293533882068525
35733,-0.31411288708529606
35734,4.330215109145033
35735,0.8252161707167609
35736,-8.051184579773834
35737,-1.5086858262394776
35738,-7.619530941306818
35739,-8.176577420940314
35740,1.1799729629476985
35741,-2.5152407002032238
35742,3.928469746651201
35743,-8.45628351878544
35744,0.8786719424558899
35745,-7.171878998810951
35746,-2.87430354436731
35747,0.7407323187524186
35748,6.7781744640641595
35749,-0.40890827916230954
35750,-8.578916971081998
35751,0.6672683036434328
35752,-1.2577748126692923
35753,-8.378650821762557
35754,1.363501058354145
35755,-8.058505647677764
35756,-8.43045830978293
35757,-8.3059700259
35758,-0.9142419559492619
35759,-0.7295846491130202
35760,-8.487834090106027
35761,-7.818280297166385
35762,-8.361458224283556
35763,-1.3780327298903163
35764,0.22720530405172656
35765,-1.2503010962240473
35766,-2.999932804124432
35767,0.533405499009382
35768,-6.9813757320989716
35769,0.2696012149325141
35770,-7.506421386381212
35771,2.520956412152627
35772,1.8531129975934248
35773,-8.20450660387406
35774,4.857941348917049
35775,-7.928544304572586
35776,-8.231861576614
35777,-8.344673363002489
35778,2.184760913511089
35779,0.6678370697882101
35780,-2.1030131181090383
35781,-7.1744962282560145
35782,-6.780619005764723
35783,-6.946416617496892
35784,-8.57241452171953
35785,6.234254331137811
35786,-8.54448907996663
35787,-8.075202815119887
35788,6.389343524307166
35789,-3.7159143817992115
35790,-7.741710744400893
35791,-3.007358201887514
35792,-0.7045583547818328
35793,0.360210910018411
35794,-8.074035685160041
35795,2.388029611666962
35796,-8.469491137724832
35797,-5.971854856976423
35798,1.91772371086454
35799,3.358555809035853
35800,-8.21401020781711
35801,-2.355097948303248
35802,-7.244983812374011
35803,3.080214768441603
35804,5.313981401440126
35805,1.176850126247715
35806,-2.3776754084121805
35807,-7.687290079022269
35808,-8.146365741483272
35809,-8.20450660387406
35810,3.6001512890609755
35811,-4.324015643209828
35812,-3.4353820636241466
35813,-2.5311845886581876
35814,0.639299075889183
35815,-8.420408881194536
35816,-8.507095460673368
35817,-3.1792520366927786
35818,-1.2999411178289288
35819,5.278398042356027
35820,-0.4153179937108038
35821,-1.5540841029345682
35822,-8.03138866239387
35823,-1.6508429062272327
35824,3.1230628347798444
35825,-8.545066190530491
35826,1.9773460564449805
35827,2.096392523383773
35828,-3.4342297933500356
35829,3.0028400873781003
35830,-0.8646967272207569
35831,5.541495495226016
35832,-6.521416864327313
35833,-0.8791876791253193
35834,2.627750475822413
35835,-8.143750283801152
35836,0.5424693145733149
35837,1.869951533376096
35838,-4.354985246634824
35839,-5.249897376745955
35840,-0.5505528102402597
35841,2.6318799234233876
35842,4.678686602384285
35843,1.944493047634979
35844,-8.146365741483272
35845,-1.242764191642812
35846,-8.262314656740214
35847,2.0044232364983188
35848,-6.128284347364278
35849,-1.2474427877990677
35850,-0.05076677757708942
35851,0.85913072484197
35852,1.0020045953861716
35853,-7.1744962282560145
35854,-8.515674652645062
35855,2.210802915672686
35856,4.456579037217233
35857,5.825853872316771
35858,0.6148186575188608
35859,-4.831205584857386
35860,-3.599622527441347
35861,-8.600011335048956
35862,-6.740479796932585
35863,8.476634578314558
35864,-1.5292474050705027
35865,-6.302478985536345
35866,-2.274470108881869
35867,-8.186577050882674
35868,-2.3239047945902596
35869,-7.818280297166385
35870,-7.796461350186022
35871,-0.725670005065872
35872,-3.8212202983804233
35873,-8.50714195207753
35874,-8.366474247813578
35875,10.528321268884234
35876,-5.1499721034956805
35877,2.2566403032805775
35878,-7.148889460074644
35879,-0.5986521625815231
35880,-7.715103861753633
35881,-3.933875309063083
35882,-2.183260397517987
35883,-7.92312921676547
35884,-8.231861576614
35885,0.10859794378316656
35886,0.33719895679948575
35887,3.0073490345046183
35888,-8.483285967628827
35889,1.5035470279071999
35890,-8.47553676040207
35891,0.4396893619482223
35892,-8.039366416535755
35893,7.178178711590952
35894,-0.43842589245233854
35895,-8.075202815119887
35896,-7.164358140907491
35897,-8.600011335048956
35898,-7.741710744400893
35899,-2.69619059654729
35900,-8.43045830978293
35901,1.1080626674486753
35902,-8.122172932883986
35903,-7.472000130842602
35904,-5.950528015985803
35905,-7.771398184015797
35906,-8.546265841664914
35907,-7.020420493737143
35908,2.307856106027145
35909,-8.50714195207753
35910,-8.366474247813578
35911,-7.94882927124414
35912,-8.293533882068525
35913,0.35642512561187867
35914,-2.0740737778968077
35915,5.367310236699401
35916,5.631703588075565
35917,-5.145798607222501
35918,3.872178566149154
35919,-1.2586494683604037
35920,-0.35434595018815784
35921,0.18167115165136155
35922,-2.571539168023136
35923,-8.465369332133609
35924,1.9088441881900584
35925,1.7865171768204888
35926,-6.465259517897248
35927,15.805527044709756
35928,-6.189062550232536
35929,11.107819533579915
35930,-8.578916971081998
35931,-1.4701271631145065
35932,-0.610034921207367
35933,-8.600011335048956
35934,-7.523232067237985
35935,0.16526302622514122
35936,-5.852896420908538
35937,-8.115226473224004
35938,-3.13684535090734
35939,-7.8611005123940485
35940,-4.250459243988632
35941,-7.818280297166385
35942,-3.303534035797826
35943,10.228791052836923
35944,4.456503942306769
35945,-8.50714195207753
35946,-3.3047016578433603
35947,-1.1309713144750413
35948,3.691351812219118
35949,-0.669142080771894
35950,-3.185901404386648
35951,-8.325577266103934
35952,-2.0638135043115655
35953,1.301166827178557
35954,-1.536639528929077
35955,-8.265726615550255
35956,1.5580798935532407
35957,-5.655174633631632
35958,-8.48994175841174
35959,-1.4374681504937286
35960,-4.036487095297071
35961,7.378456992754051
35962,-8.515674652645062
35963,4.746250922499362
35964,1.8155197092726838
35965,-7.920915829349122
35966,-8.578916971081998
35967,2.4687257339331516
35968,-5.786161638045168
35969,-3.4559678798398794
35970,-7.741710744400893
35971,-1.9615111454184193
35972,3.271724268304041
35973,-0.5376420468251861
35974,-2.462727327528871
35975,2.8586036362699976
35976,-8.280713211983278
35977,6.181580829386972
35978,-0.5543608522634034
35979,-8.143750283801152
35980,-5.208144044400311
35981,-7.395264482210115
35982,-8.120463995994056
35983,-7.94882927124414
35984,5.991253452357453
35985,0.4608301401149536
35986,2.3967093503252763
35987,5.631012792369933
35988,-7.7903815439400175
35989,-0.21936321553108584
35990,8.296795637740384
35991,-3.2659240051248206
35992,-3.2709435627702077
35993,-6.911161713262611
35994,-8.502908069885681
35995,-0.04230577585484396
35996,0.6894642197245378
35997,-7.1744962282560145
35998,-8.515674652645062
35999,0.07641080885437024
36000,3.391755402223962
36001,-7.920915829349122
36002,3.5769952518250183
36003,0.3157019350721735
36004,-8.040219184649601
36005,3.141363565675531
36006,-7.101050281271864
36007,-8.041065772311741
36008,9.232573766283302
36009,-6.337511302707329
36010,-7.524727239798288
36011,-8.274383016363275
36012,-8.487834090106027
36013,0.7905222731873094
36014,-8.546265841664914
36015,9.411681106467398
36016,-0.45852682184020344
36017,-7.42128657274496
36018,1.736961250630856
36019,1.0621317777094808
36020,-4.53784987405262
36021,-0.9480367416276057
36022,-8.483985066030641
36023,-7.605211683026047
36024,1.721036702529898
36025,0.41072298356204273
36026,-4.957239709868192
36027,-0.9141992120731828
36028,-8.231861576614
36029,-6.8814178873067675
36030,-2.450364294813827
36031,-0.9689244362516908
36032,-0.17561854409631295
36033,7.005768739328456
36034,-3.016555426401596
36035,-7.447212693934367
36036,-8.620360229672851
36037,-8.620360229672851
36038,-8.620360229672851
36039,-8.620360229672851
36040,-8.620360229672851
36041,-8.620360229672851
36042,-8.620360229672851
36043,-8.620360229672851
36044,-8.620360229672851
36045,-8.620360229672851
36046,-8.620360229672851
36047,-8.620360229672851
36048,-8.620360229672851
