iteracion,valor_coste
0,14956312.605325507
1,14956312.605325526
2,14956312.605325522
3,14956312.605325522
4,14956312.605325513
5,14956312.605325516
6,14956312.605325533
7,14956312.605325516
8,14956312.605325516
9,14956312.605325516
10,14956312.605325514
11,14956312.619435467
12,14956312.61676801
13,14956312.616971867
14,14956312.60563062
15,14956312.61422267
16,14956312.613789592
17,14956312.571867306
18,14956312.61100075
19,14956312.624747789
20,14956312.606163021
21,14956312.582180487
22,14956312.61560605
23,14956312.589049514
24,14956312.627321193
25,14956312.590953624
26,14956312.611763177
27,14956312.634619161
28,14956312.633394511
29,14956312.623481832
30,14956312.615626212
31,14956312.601596314
32,14956312.623030134
33,14956312.606488775
34,14956312.59622255
35,14956312.643414715
36,14956312.62449996
37,14956312.55088553
38,14956312.556778396
39,14956312.655696666
40,14956312.641945876
41,14956312.594772983
42,14956312.567080494
43,14956312.615415348
44,14956312.588959048
45,14956312.612678314
46,14956312.656689242
47,14956312.587306146
48,14956312.613892283
49,14956312.623781089
50,14956312.581672749
51,14956312.538017567
52,14956312.627594646
53,14956312.61244199
54,14956312.60136617
55,14956312.587054983
56,14956312.575901218
57,14956312.598762544
58,14956312.602652073
59,14956312.603892224
60,14956312.588382252
61,14956312.617805611
62,14956312.601024086
63,14956312.595736299
64,14956312.614337243
65,14956312.555601265
66,14956312.589568831
67,14956312.622066826
68,14956312.57510193
69,14956312.554696692
70,14956312.602974797
71,14956312.615336921
72,14956312.636848489
73,14956312.585651351
74,14956312.647651564
75,14956312.547442155
76,14956312.609658428
77,14956312.631211437
78,14956312.603843931
79,14956312.625346333
80,14956312.579391632
81,14956312.563058712
82,14956312.569620939
83,14956312.609489083
84,14956312.589578535
85,14956312.598211592
86,14956312.62226287
87,14956312.572735671
88,14956312.582371254
89,14956312.612384627
90,14956312.597449629
91,14956312.544440687
92,14956312.61709085
93,14956312.599960458
94,14956312.630975133
95,14956312.597447619
96,14956312.607388407
97,14956312.563619835
98,14956312.630316705
99,14956312.568372965
100,14956312.591823071
101,14956312.603203734
102,14956312.56237486
103,14956312.581228256
104,14956312.590290574
105,14956312.594002856
106,14956312.580690885
107,14956312.5656064
108,14956312.576124303
109,14956312.608751334
110,14956312.592641005
111,14956312.620681815
112,14956312.656119809
113,14956312.608098105
114,14956312.580655657
115,14956312.60694954
116,14956312.63493286
117,14956312.596481357
118,14956312.544263696
119,14956312.563280893
120,14956312.64245461
121,14956312.61671709
122,14956312.582043579
123,14956312.594691856
124,14956312.582720958
125,14956312.627638863
126,14956312.644108891
127,14956312.596194401
128,14956312.56293517
129,14956312.61423867
130,14956312.621183844
131,14956312.631240793
132,14956312.586730562
133,14956312.609927967
134,14956312.597907012
135,14956312.660499826
136,14956312.59681934
137,14956312.610836975
138,14956312.624301752
139,14956312.621220447
140,14956312.63176553
141,14956312.633860402
142,14956312.630874967
143,14956312.617394522
144,14956312.64773581
145,14956312.577046297
146,14956312.583316341
147,14956312.579495616
148,14956312.564139599
149,14956312.57385074
150,14956312.607685914
151,14956312.578073272
152,14956312.561522242
153,14956312.605757097
154,14956312.589258093
155,14956312.57637838
156,14956312.56266543
157,14956312.622782316
158,14956312.584032277
159,14956312.616993908
160,14956312.628229547
161,14956312.582274098
162,14956312.694271056
163,14956312.637771994
164,14956312.615896689
165,14956312.576077743
166,14956312.610196581
167,14956312.597901355
168,14956312.64225057
169,14956312.643163241
170,14956312.603512185
171,14956312.62546765
172,14956312.569605106
173,14956312.58084241
174,14956312.619495835
175,14956312.633877272
176,14956312.59187566
177,14956312.564744266
178,14956312.634585228
179,14956312.587139113
180,14956312.578048777
181,14956312.556665251
182,14956312.627927
183,14956312.571677683
184,14956312.595687736
185,14956312.640133003
186,14956312.643058194
187,14956312.591909746
188,14956312.646947222
189,14956312.615369612
190,14956312.587187221
191,14956312.659877473
192,14956312.598959146
193,14956312.61123881
194,14956312.538184114
195,14956312.593889399
196,14956312.575508026
197,14956312.646576362
198,14956312.616232188
199,14956312.521449482
200,14956312.61226333
201,14956312.624765633
202,14956312.568805056
203,14956312.610208197
204,14956312.594420863
205,14956312.596863704
206,14956312.625469403
207,14956312.563307276
208,14956312.618670568
209,14956312.63157106
210,14956312.58636829
211,14956312.56092644
212,14956312.606660476
213,14956312.608068
214,14956312.625622869
215,14956312.598744987
216,14956312.571004707
217,14956312.580852855
218,14956312.558950065
219,14956312.578171184
220,14956312.587517297
221,14956312.571245598
222,14956312.603850285
223,14956312.6106917
224,14956312.669675138
225,14956312.604939522
226,14956312.60712556
227,14956312.574888187
228,14956312.640442265
229,14956312.54751111
230,14956312.614118556
231,14956312.626170723
232,14956312.59304204
233,14956312.599894745
234,14956312.655668093
235,14956312.624154018
236,14956312.615666026
237,14956312.618007887
238,14956312.614495173
239,14956312.608170738
240,14956312.578406246
241,14956312.616026526
242,14956312.632268082
243,14956312.61185097
244,14956312.586642593
245,14956312.627387896
246,14956312.606771225
247,14956312.686282946
248,14956312.619030371
249,14956312.682433724
250,14956312.631487634
251,14956312.628074
252,14956312.59811781
253,14956312.60829289
254,14956312.606412942
255,14956312.64136064
256,14956312.639526082
257,14956312.631387284
258,14956312.6386861
259,14956312.553699547
260,14956312.661470428
261,14956312.644622788
262,14956312.619485157
263,14956312.597658528
264,14956312.666652625
265,14956312.655008156
266,14956312.605401354
267,14956312.620173512
268,14956312.61278133
269,14956312.597738206
270,14956312.609908622
271,14956312.613536317
272,14956312.58922402
273,14956312.614369111
274,14956312.582750715
275,14956312.651590714
276,14956312.614291612
277,14956312.63933191
278,14956312.638389546
279,14956312.57377696
280,14956312.576958066
281,14956312.544575498
282,14956312.616285006
283,14956312.624062873
284,14956312.574121434
285,14956312.626110194
286,14956312.626491835
287,14956312.588006
288,14956312.624434734
289,14956312.583151024
290,14956312.60183733
291,14956312.62382678
292,14956312.594416501
293,14956312.619266972
294,14956312.573666595
295,14956312.62186015
296,14956312.601335175
297,14956312.574145183
298,14956312.646056345
299,14956312.612117331
300,14956312.571575692
301,14956312.622710783
302,14956312.592949051
303,14956312.60131717
304,14956312.60628961
305,14956312.580841376
306,14956312.61946999
307,14956312.597436398
308,14956312.580419293
309,14956312.626440592
310,14956312.62353655
311,14956312.62224213
312,14956312.597620886
313,14956312.603243485
314,14956312.617727183
315,14956312.629753549
316,14956312.591730425
317,14956312.654977368
318,14956312.606503045
319,14956312.639760511
320,14956312.603494316
321,14956312.607008774
322,14956312.598907074
323,14956312.62314996
324,14956312.603160005
325,14956312.622163989
326,14956312.627606792
327,14956312.583050579
328,14956312.607194234
329,14956312.61522072
330,14956312.588812454
331,14956312.586937519
332,14956312.632394647
333,14956312.616327666
334,14956312.571959792
335,14956312.611988358
336,14956312.642538048
337,14956312.586775465
338,14956312.60403474
339,14956312.616166133
340,14956312.573375572
341,14956312.625292853
342,14956312.618423985
343,14956312.590698153
344,14956312.636289798
345,14956312.555773785
346,14956312.578097625
347,14956312.655938929
348,14956312.6357936
349,14956312.582618168
350,14956312.638768772
351,14956312.636008287
352,14956312.606432434
353,14956312.580979297
354,14956312.608733468
355,14956312.638292782
356,14956312.606489684
357,14956312.638037069
358,14956312.622703755
359,14956312.640789693
360,14956312.619445128
361,14956312.625386456
362,14956312.577937862
363,14956312.598982198
364,14956312.56094708
365,14956312.629924932
366,14956312.612170193
367,14956312.582326585
368,14956312.635338057
369,14956312.607721064
370,14956312.595392881
371,14956312.57709392
372,14956312.646953631
373,14956312.63843049
374,14956312.639315737
375,14956312.626343764
376,14956312.58456619
377,14956312.613153376
378,14956312.57936287
379,14956312.601548258
380,14956312.619980881
381,14956312.603190582
382,14956312.628351122
383,14956312.620874241
384,14956312.604284493
385,14956312.59149614
386,14956312.594587682
387,14956312.627451167
388,14956312.622647919
389,14956312.611297749
390,14956312.599097103
391,14956312.623273043
392,14956312.61603392
393,14956312.612803426
394,14956312.609778585
395,14956312.598287694
396,14956312.578004748
397,14956312.643221367
398,14956312.603949921
399,14956312.62476585
400,14956312.645335907
401,14956312.626013214
402,14956312.623234931
403,14956312.64191413
404,14956312.610493518
405,14956312.653765628
406,14956312.609855024
407,14956312.60998806
408,14956312.631688306
409,14956312.618866146
410,14956312.59505467
411,14956312.590729892
412,14956312.577927105
413,14956312.607470391
414,14956312.614041327
415,14956312.65207289
416,14956312.608327813
417,14956312.612715403
418,14956312.602899903
419,14956312.663537337
420,14956312.661127118
421,14956312.625045167
422,14956312.610458368
423,14956312.608968137
424,14956312.602278266
425,14956312.59824754
426,14956312.573006094
427,14956312.611416265
428,14956312.621318841
429,14956312.5898733
430,14956312.593387222
431,14956312.578994483
432,14956312.575594734
433,14956312.585370228
434,14956312.62387125
435,14956312.665518755
436,14956312.614707157
437,14956312.594769698
438,14956312.576077225
439,14956312.63122327
440,14956312.58403898
441,14956312.589482343
442,14956312.561873637
443,14956312.564977814
444,14956312.608674822
445,14956312.607839212
446,14956312.566202674
447,14956312.59321495
448,14956312.583572168
449,14956312.594672631
450,14956312.585138336
451,14956312.576141719
452,14956312.596313674
453,14956312.568682067
454,14956312.61659574
455,14956312.626987616
456,14956312.580085805
457,14956312.663459554
458,14956312.60800181
459,14956312.611902026
460,14956312.57459099
461,14956312.650908781
462,14956312.618438005
463,14956312.605499854
464,14956312.65636031
465,14956312.619799858
466,14956312.578091335
467,14956312.619495632
468,14956312.596945953
469,14956312.603052713
470,14956312.604001569
471,14956312.621130364
472,14956312.644106315
473,14956312.604641223
474,14956312.60287591
475,14956312.626283014
476,14956312.590015922
477,14956312.636061192
478,14956312.591259018
479,14956312.583763855
480,14956312.618061353
481,14956312.593653733
482,14956312.591784012
483,14956312.620052041
484,14956312.63808807
485,14956312.652713612
486,14956312.593258565
487,14956312.611384947
488,14956312.599133566
489,14956312.651932266
490,14956312.581097282
491,14956312.593026172
492,14956312.621075118
493,14956312.626934292
494,14956312.636831898
495,14956312.657838931
496,14956312.587311246
497,14956312.636147998
498,14956312.641030649
499,14956312.60667507
500,14956312.615150623
501,14956312.628617328
502,14956312.580009367
503,14956312.654320331
504,14956312.596528895
505,14956312.588465238
506,14956312.62641957
507,14956312.639307462
508,14956312.613067128
509,14956312.58615436
510,14956312.603906557
511,14956312.589327322
512,14956312.605701255
513,14956312.572561376
514,14956312.620476203
515,14956312.62367556
516,14956312.66391348
517,14956312.628219936
518,14956312.664709723
519,14956312.605399266
520,14956312.613412905
521,14956312.594668565
522,14956312.627595015
523,14956312.589110939
524,14956312.630343683
525,14956312.56216758
526,14956312.604954662
527,14956312.631437993
528,14956312.602724757
529,14956312.575466927
530,14956312.587716645
531,14956312.587753015
532,14956312.6053909
533,14956312.598362459
534,14956312.627584528
535,14956312.581241472
536,14956312.634012938
537,14956312.63276366
538,14956312.623972666
539,14956312.665304694
540,14956312.608674238
541,14956312.595408756
542,14956312.615735779
543,14956312.60090789
544,14956312.590031225
545,14956312.5826829
546,14956312.621784993
547,14956312.606467776
548,14956312.566515105
549,14956312.621448819
550,14956312.591040619
551,14956312.613889555
552,14956312.58053006
553,14956312.568609249
554,14956312.577824488
555,14956312.593333699
556,14956312.583597379
557,14956312.632690778
558,14956312.613010703
559,14956312.597435158
560,14956312.639634896
561,14956312.606828082
562,14956312.650449805
563,14956312.604911314
564,14956312.601515466
565,14956312.621752063
566,14956312.632498596
567,14956312.628363604
568,14956312.633700933
569,14956312.599997997
570,14956312.591608364
571,14956312.62790259
572,14956312.59999673
573,14956312.63422086
574,14956312.61853101
575,14956312.624605436
576,14956312.584713966
577,14956312.592704788
578,14956312.5773785
579,14956312.549150888
580,14956312.601845292
581,14956312.620295545
582,14956312.591973707
583,14956312.604007378
584,14956312.563332906
585,14956312.633307487
586,14956312.621495698
587,14956312.596615162
588,14956312.578876922
589,14956312.60052657
590,14956312.61883762
591,14956312.602133771
592,14956312.563410517
593,14956312.603306461
594,14956312.618455121
595,14956312.625530167
596,14956312.635182675
597,14956312.6060763
598,14956312.552210534
599,14956312.602515658
600,14956312.620370613
601,14956312.579210633
602,14956312.65313782
603,14956312.63103045
604,14956312.624401575
605,14956312.62502086
606,14956312.643048862
607,14956312.636092126
608,14956312.643140927
609,14956312.628014991
610,14956312.60355079
611,14956312.618452433
612,14956312.544456173
613,14956312.63918681
614,14956312.625089988
615,14956312.610855326
616,14956312.567656916
617,14956312.589125661
618,14956312.605787184
619,14956312.632152319
620,14956312.644419653
621,14956312.592527697
622,14956312.638949037
623,14956312.566732801
624,14956312.621108616
625,14956312.6347346
626,14956312.607561382
627,14956312.621828478
628,14956312.611605074
629,14956312.596250739
630,14956312.598776724
631,14956312.571277099
632,14956312.610834576
633,14956312.556717413
634,14956312.55755174
635,14956312.587314142
636,14956312.628380239
637,14956312.558790738
638,14956312.579234311
639,14956312.618101332
640,14956312.580095204
641,14956312.652978595
642,14956312.637633145
643,14956312.615416987
644,14956312.636126583
645,14956312.582777103
646,14956312.57587138
647,14956312.57387004
648,14956312.593770938
649,14956312.58885222
650,14956312.665742643
651,14956312.631659769
652,14956312.567320542
653,14956312.600199347
654,14956312.617127892
655,14956312.629804352
656,14956312.627313243
657,14956312.596769392
658,14956312.605139535
659,14956312.606229428
660,14956312.630068138
661,14956312.603559133
662,14956312.559384126
663,14956312.647344315
664,14956312.578668531
665,14956312.569193011
666,14956312.580955155
667,14956312.603423212
668,14956312.619849194
669,14956312.584566474
670,14956312.645497376
671,14956312.6098541
672,14956312.6345679
673,14956312.630505886
674,14956312.611297138
675,14956312.58849719
676,14956312.62134397
677,14956312.647150137
678,14956312.601016093
679,14956312.58054382
680,14956312.59022731
681,14956312.60505009
682,14956312.582011433
683,14956312.612563362
684,14956312.596171753
685,14956312.61350453
686,14956312.567085788
687,14956312.590456324
688,14956312.575273465
689,14956312.616772333
690,14956312.611113738
691,14956312.650808405
692,14956312.65665136
693,14956312.606476884
694,14956312.594765292
695,14956312.579976289
696,14956312.632760026
697,14956312.572210642
698,14956312.601691414
699,14956312.605545936
700,14956312.572223764
701,14956312.604681913
702,14956312.608375866
703,14956312.598844387
704,14956312.626934856
705,14956312.58700861
706,14956312.625011774
707,14956312.541890562
708,14956312.612425843
709,14956312.583829202
710,14956312.571283689
711,14956312.655797997
712,14956312.588366728
713,14956312.628207508
714,14956312.619756509
715,14956312.607131569
716,14956312.616625212
717,14956312.636003561
718,14956312.646138404
719,14956312.615522228
720,14956312.616604649
721,14956312.605540263
722,14956312.658779377
723,14956312.579313453
724,14956312.594866237
725,14956312.621930001
726,14956312.594221521
727,14956312.612832414
728,14956312.61405941
729,14956312.605325501
730,14956312.605325503
731,143577803.75
732,143577803.75
733,143577803.75000003
734,143577803.75000003
735,143577803.75
736,143577803.75
737,143577803.75
738,143577803.75000003
739,143577803.75
740,143577803.75
741,143577803.75
742,143577803.75
743,143577803.75000003
744,143577803.75
745,143577803.75
746,143577803.75000003
747,143577803.74999997
748,143577803.75
749,143577803.75000003
750,143577803.75
751,143577803.75000003
752,143577803.75000003
753,143577803.75
754,143577803.75
755,143577803.75000003
756,143577803.75
757,143577803.75
758,143577803.75
759,143577803.75
760,143577803.75
761,143577803.75
762,143577803.75
763,143577803.75
764,143577803.75000003
765,143577803.75
766,143577803.75000003
767,143577803.75
768,143577803.75
769,143577803.75000003
770,143577803.75
771,143577803.75000003
772,143577803.75000003
773,143577803.75
774,143577803.75
775,143577803.75000003
776,143577803.75
777,143577803.75
778,143577803.75000003
779,143577803.75
780,143577803.75
781,143577803.75000003
782,143577803.75000003
783,143577803.75
784,143577803.75
785,143577803.75000003
786,143577803.75000003
787,143577803.75000003
788,143577803.75000003
789,143577803.75
790,143577803.75000003
791,143577803.75
792,143577803.74999997
793,143577803.75
794,143577803.75
795,143577803.75
796,143577803.75000003
797,143577803.75000003
798,143577803.75
799,143577803.75
800,143577803.75000003
801,143577803.75
802,143577803.75
803,143577803.75
804,143577803.75000003
805,143577803.75
806,143577803.75000003
807,143577803.75
808,143577803.75
809,143577803.75
810,143577803.75000003
811,143577803.75000003
812,143577803.75
813,143577803.75
814,143577803.75000003
815,143577803.75
816,143577803.75000003
817,143577803.75000003
818,143577803.75000003
819,143577803.75000003
820,143577803.75000003
821,143577803.75000003
822,143577803.75000003
823,143577803.75
824,143577803.75000003
825,143577803.75
826,143577803.75000003
827,143577803.75
828,143577803.75000003
829,143577803.75
830,143577803.75000003
831,143577803.75000003
832,143577803.75
833,143577803.75
834,143577803.75
835,143577803.75000003
836,143577803.75
837,143577803.75000003
838,143577803.75
839,143577803.75
840,143577803.75
841,143577803.75000003
842,143577803.75000003
843,143577803.75
844,143577803.75
845,143577803.75000003
846,143577803.75
847,143577803.75
848,143577803.75000003
849,143577803.75000003
850,143577803.75000003
851,143577803.75
852,143577803.75
853,143577803.75
854,143577803.75
855,143577803.75
856,143577803.75000003
857,143577803.75
858,143577803.75
859,143577803.75000003
860,143577803.75
861,143577803.75000003
862,143577803.75
863,143577803.75
864,143577803.75
865,143577803.75
866,143577803.75
867,143577803.75000003
868,143577803.75
869,143577803.75
870,143577803.75
871,143577803.75
872,143577803.75
873,143577803.75
874,143577803.75
875,143577803.75
876,143577803.75000003
877,143577803.75000003
878,143577803.75
879,143577803.75000003
880,143577803.75000003
881,143577803.75000003
882,143577803.75000003
883,143577803.75
884,143577803.75000003
885,143577803.75
886,143577803.75000003
887,143577803.75000003
888,143577803.75
889,143577803.75
890,143577803.75000003
891,143577803.75
892,143577803.75000003
893,143577803.75
894,143577803.75
895,143577803.75
896,143577803.75000003
897,143577803.75
898,143577803.75
899,143577803.75000003
900,143577803.75000003
901,143577803.75000003
902,143577803.75
903,143577803.75
904,143577803.75000003
905,143577803.75
906,143577803.75000003
907,143577803.75
908,143577803.75000003
909,143577803.75000003
910,143577803.75000003
911,143577803.75000003
912,143577803.75000003
913,143577803.75
914,143577803.75000003
915,143577803.75000003
916,143577803.75
917,143577803.75
918,143577803.75000003
919,143577803.75
920,143577803.75
921,143577803.75000003
922,143577803.75000003
923,143577803.75
924,143577803.75
925,143577803.75
926,143577803.75
927,143577803.75000003
928,143577803.75
929,143577803.75000003
930,143577803.75
931,143577803.75000003
932,143577803.75000003
933,143577803.75000003
934,143577803.75
935,143577803.75000003
936,143577803.75
937,143577803.75
938,143577803.75000003
939,143577803.75
940,143577803.75
941,143577803.75000003
942,143577803.75
943,143577803.75
944,143577803.75000003
945,143577803.75000003
946,143577803.75000003
947,143577803.75
948,143577803.75
949,143577803.75000003
950,143577803.75
951,143577803.75000003
952,143577803.75
953,143577803.75000003
954,143577803.75
955,143577803.75
956,143577803.75000003
957,143577803.75
958,143577803.75000003
959,143577803.75
960,143577803.75000003
961,143577803.75
962,143577803.75
963,143577803.75000003
964,143577803.75000003
965,143577803.75
966,143577803.75
967,143577803.75
968,143577803.75000003
969,143577803.75000003
970,143577803.75000003
971,143577803.75000003
972,143577803.74999997
973,143577803.75
974,143577803.75000003
975,143577803.75
976,143577803.75000003
977,143577803.75000003
978,143577803.75
979,143577803.75
980,143577803.75000003
981,143577803.75
982,143577803.75
983,143577803.75000003
984,143577803.75
985,143577803.75
986,143577803.75
987,143577803.75
988,143577803.75
989,143577803.75000003
990,143577803.75
991,143577803.75000003
992,143577803.75
993,143577803.75
994,143577803.75000003
995,143577803.75
996,143577803.75000003
997,143577803.75
998,143577803.75000003
999,143577803.75000003
1000,143577803.75000003
1001,143577803.75000003
1002,143577803.75
1003,143577803.75000003
1004,143577803.75
1005,143577803.75000003
1006,143577803.75
1007,143577803.75
1008,143577803.75
1009,143577803.75
1010,143577803.75000003
1011,143577803.75000003
1012,143577803.75
1013,143577803.75
1014,143577803.75000003
1015,143577803.75
1016,143577803.75
1017,143577803.74999997
1018,143577803.75
1019,143577803.75000003
1020,143577803.75
1021,143577803.75000003
1022,143577803.75000003
1023,143577803.75000003
1024,143577803.75
1025,143577803.75000003
1026,143577803.75
1027,143577803.75000003
1028,143577803.75000003
1029,143577803.75
1030,143577803.75
1031,143577803.75000003
1032,143577803.75
1033,143577803.75
1034,143577803.75
1035,143577803.75000003
1036,143577803.75000003
1037,143577803.75
1038,143577803.75
1039,143577803.75000003
1040,143577803.75
1041,143577803.75000003
1042,143577803.75
1043,143577803.75000003
1044,143577803.75
1045,143577803.75
1046,143577803.75
1047,143577803.75000003
1048,143577803.75
1049,143577803.75
1050,143577803.75
1051,143577803.75000003
1052,143577803.75
1053,143577803.75000003
1054,143577803.75
1055,143577803.75000003
1056,143577803.75
1057,143577803.75000003
1058,143577803.75000003
1059,143577803.75
1060,143577803.75000003
1061,143577803.75000003
1062,143577803.75000003
1063,143577803.75
1064,143577803.75000003
1065,143577803.75
1066,143577803.75000003
1067,143577803.75000003
1068,143577803.75000003
1069,143577803.75
1070,143577803.75000003
1071,143577803.75
1072,143577803.75
1073,143577803.75
1074,143577803.75000003
1075,143577803.75
1076,143577803.75000003
1077,143577803.75
1078,143577803.75
1079,143577803.75000003
1080,143577803.75
1081,143577803.75000003
1082,143577803.75
1083,143577803.75
1084,143577803.75000003
1085,143577803.75
1086,143577803.75000003
1087,143577803.75000003
1088,143577803.75000003
1089,143577803.75
1090,143577803.75000003
1091,143577803.75000003
1092,143577803.75
1093,143577803.75000003
1094,143577803.75000003
1095,143577803.75000003
1096,143577803.75
1097,143577803.75
1098,143577803.75000003
1099,143577803.75
1100,143577803.75
1101,143577803.75000003
1102,143577803.75
1103,143577803.75
1104,143577803.75000003
1105,143577803.75
1106,143577803.75000003
1107,143577803.75000003
1108,143577803.75
1109,143577803.75
1110,143577803.75
1111,143577803.75000003
1112,143577803.75000003
1113,143577803.75
1114,143577803.75
1115,143577803.75000003
1116,143577803.75
1117,143577803.75000003
1118,143577803.75
1119,143577803.75
1120,143577803.75
1121,143577803.75000003
1122,143577803.75
1123,143577803.75
1124,143577803.75000003
1125,143577803.75000003
1126,143577803.75000003
1127,143577803.75
1128,143577803.75
1129,143577803.75000003
1130,143577803.75
1131,143577803.75000003
1132,143577803.75
1133,143577803.75
1134,143577803.75
1135,143577803.75
1136,143577803.75
1137,143577803.75
1138,143577803.75
1139,143577803.75
1140,143577803.75
1141,143577803.75000003
1142,143577803.75000003
1143,143577803.75000003
1144,143577803.75
1145,143577803.75
1146,143577803.75
1147,143577803.75000003
1148,143577803.75000003
1149,143577803.75
1150,143577803.75000003
1151,143577803.75
1152,143577803.74999997
1153,143577803.75
1154,143577803.75000003
1155,143577803.75
1156,143577803.75000003
1157,143577803.75000003
1158,143577803.75
1159,143577803.75
1160,143577803.75000003
1161,143577803.75
1162,143577803.75000003
1163,143577803.75000003
1164,143577803.75000003
1165,143577803.75
1166,143577803.75
1167,143577803.75
1168,143577803.75
1169,143577803.75
1170,143577803.75000003
1171,143577803.75000003
1172,143577803.75
1173,143577803.75
1174,143577803.75000003
1175,143577803.75
1176,143577803.75000003
1177,143577803.75000003
1178,143577803.75
1179,143577803.75000003
1180,143577803.75
1181,143577803.75000003
1182,143577803.75000003
1183,143577803.75000003
1184,143577803.75000003
1185,143577803.75
1186,143577803.75
1187,143577803.75000003
1188,143577803.75
1189,143577803.75
1190,143577803.75
1191,143577803.75000003
1192,143577803.75
1193,143577803.75000003
1194,143577803.75
1195,143577803.75
1196,143577803.75000003
1197,143577803.75000003
1198,143577803.75
1199,143577803.75
1200,143577803.75
1201,143577803.75000003
1202,143577803.75000003
1203,143577803.75
1204,143577803.75
1205,143577803.75000003
1206,143577803.75
1207,143577803.75000003
1208,143577803.75
1209,143577803.75000003
1210,143577803.75000003
1211,143577803.75
1212,143577803.75
1213,143577803.75
1214,143577803.75000003
1215,143577803.75000003
1216,143577803.75000003
1217,143577803.75
1218,143577803.75
1219,143577803.75000003
1220,143577803.75
1221,143577803.75000003
1222,143577803.75000003
1223,143577803.75
1224,143577803.75
1225,143577803.75
1226,143577803.75
1227,143577803.75000003
1228,143577803.75
1229,143577803.75
1230,143577803.75
1231,143577803.75
1232,143577803.75
1233,143577803.75000003
1234,143577803.75
1235,143577803.75000003
1236,143577803.75000003
1237,143577803.75000003
1238,143577803.75
1239,143577803.75000003
1240,143577803.75000003
1241,143577803.75
1242,143577803.75000003
1243,143577803.75
1244,143577803.75
1245,143577803.75
1246,143577803.75000003
1247,143577803.75000003
1248,143577803.75
1249,143577803.75
1250,143577803.75000003
1251,143577803.75
1252,143577803.75000003
1253,143577803.75
1254,143577803.75000003
1255,143577803.75
1256,143577803.75000003
1257,143577803.75
1258,143577803.75
1259,143577803.75
1260,143577803.75
1261,143577803.75000003
1262,143577803.75
1263,143577803.75
1264,143577803.75000003
1265,143577803.75
1266,143577803.75000003
1267,143577803.75000003
1268,143577803.75
1269,143577803.75000003
1270,143577803.75000003
1271,143577803.75000003
1272,143577803.75000003
1273,143577803.75
1274,143577803.75000003
1275,143577803.75000003
1276,143577803.75000003
1277,143577803.75
1278,143577803.75
1279,143577803.75000003
1280,143577803.75
1281,143577803.75000003
1282,143577803.75
1283,143577803.75
1284,143577803.75
1285,143577803.75000003
1286,143577803.75
1287,143577803.75000003
1288,143577803.75
1289,143577803.75000003
1290,143577803.75
1291,143577803.75000003
1292,143577803.75000003
1293,143577803.75
1294,143577803.75
1295,143577803.75000003
1296,143577803.75
1297,143577803.75
1298,143577803.75
1299,143577803.75
1300,143577803.75000003
1301,143577803.75000003
1302,143577803.75
1303,143577803.75
1304,143577803.75000003
1305,143577803.75000003
1306,143577803.75000003
1307,143577803.75
1308,143577803.75
1309,143577803.75000003
1310,143577803.75
1311,143577803.75000003
1312,143577803.75
1313,143577803.75
1314,143577803.75000003
1315,143577803.75
1316,143577803.75
1317,143577803.75
1318,143577803.75000003
1319,143577803.75000003
1320,143577803.75000003
1321,143577803.75
1322,143577803.75000003
1323,143577803.75000003
1324,143577803.75000003
1325,143577803.75
1326,143577803.75
1327,143577803.75000003
1328,143577803.75000003
1329,143577803.75000003
1330,143577803.75000003
1331,143577803.75000003
1332,143577803.75000003
1333,143577803.75
1334,143577803.75000003
1335,143577803.75
1336,143577803.75000003
1337,143577803.75000003
1338,143577803.75
1339,143577803.75
1340,143577803.75000003
1341,143577803.75
1342,143577803.75
1343,143577803.75000003
1344,143577803.75
1345,143577803.75
1346,143577803.75
1347,143577803.75
1348,143577803.75
1349,143577803.75000003
1350,143577803.75000003
1351,143577803.75000003
1352,143577803.75
1353,143577803.75
1354,143577803.75000003
1355,143577803.75
1356,143577803.75000003
1357,143577803.75000003
1358,143577803.75000003
1359,143577803.75000003
1360,143577803.75000003
1361,143577803.75000003
1362,143577803.75000003
1363,143577803.75
1364,143577803.75000003
1365,143577803.75000003
1366,143577803.75000003
1367,143577803.75
1368,143577803.75000003
1369,143577803.75000003
1370,143577803.75
1371,143577803.75000003
1372,143577803.75000003
1373,143577803.75
1374,143577803.75
1375,143577803.75000003
1376,143577803.75
1377,143577803.75000003
1378,143577803.75
1379,143577803.75
1380,143577803.75
1381,143577803.75000003
1382,143577803.75000003
1383,143577803.75000003
1384,143577803.75
1385,143577803.75000003
1386,143577803.75
1387,143577803.75
1388,143577803.75000003
1389,143577803.75000003
1390,143577803.75
1391,143577803.75
1392,143577803.75
1393,143577803.75
1394,143577803.75000003
1395,143577803.75
1396,143577803.75000003
1397,143577803.75
1398,143577803.75
1399,143577803.75000003
1400,143577803.75
1401,143577803.75000003
1402,143577803.75
1403,143577803.75
1404,143577803.75
1405,143577803.75
1406,143577803.75000003
1407,143577803.75
1408,143577803.75
1409,143577803.75000003
1410,143577803.75000003
1411,143577803.75000003
1412,143577803.75000003
1413,143577803.75000003
1414,143577803.75
1415,143577803.75000003
1416,143577803.75
1417,143577803.75000003
1418,143577803.75
1419,143577803.75000003
1420,143577803.75000003
1421,143577803.75000003
1422,143577803.74999997
1423,143577803.75
1424,143577803.75000003
1425,143577803.75
1426,143577803.75000003
1427,143577803.75000003
1428,143577803.75000003
1429,143577803.75
1430,143577803.75000003
1431,143577803.75
1432,143577803.75000003
1433,143577803.75
1434,143577803.75000003
1435,143577803.75
1436,143577803.75000003
1437,143577803.75
1438,143577803.75
1439,143577803.75000003
1440,143577803.75
1441,143577803.75000003
1442,143577803.75
1443,143577803.75
1444,143577803.75000003
1445,143577803.75
1446,143577803.75000003
1447,143577803.75
1448,143577803.75000003
1449,143577803.75000003
1450,143577803.75000003
1451,143577803.75000003
1452,143577803.75
1453,143577803.75
1454,143577803.75000003
1455,143577803.75000003
1456,143577803.75
1457,143577803.75000003
1458,143577803.75
1459,143577803.75
1460,143577803.75
1461,143577803.75
1462,83647550.97581017
1463,83647550.9758102
1464,83647550.97581021
1465,83647550.97581014
1466,83647550.9758102
1467,83647550.9758102
1468,83647550.97581019
1469,83647550.9758102
1470,83647550.97581019
1471,83647550.9758102
1472,83647550.97581014
1473,83647550.96536152
1474,83647550.97118174
1475,83647550.87286529
1476,83647550.88984783
1477,83647551.06800549
1478,83647550.93320023
1479,83647550.8261818
1480,83647550.98914923
1481,83647550.92101395
1482,83647551.10698186
1483,83647550.92437212
1484,83647551.01305585
1485,83647550.79706132
1486,83647550.89464754
1487,83647550.9538551
1488,83647551.14155246
1489,83647550.97203743
1490,83647550.83536477
1491,83647550.71858294
1492,83647550.89988339
1493,83647551.05767646
1494,83647550.8884469
1495,83647551.07834385
1496,83647550.79081295
1497,83647550.89423177
1498,83647550.97658749
1499,83647551.00112204
1500,83647550.9892134
1501,83647551.01357332
1502,83647551.15653618
1503,83647550.8257276
1504,83647550.92147295
1505,83647550.95732768
1506,83647550.92563345
1507,83647550.94731833
1508,83647550.84714015
1509,83647550.91080602
1510,83647550.97421002
1511,83647550.98133911
1512,83647551.0270406
1513,83647551.0088501
1514,83647551.02797121
1515,83647551.17872997
1516,83647551.03915888
1517,83647551.06299736
1518,83647550.82969908
1519,83647550.9486184
1520,83647550.94215767
1521,83647550.93775046
1522,83647550.9434986
1523,83647551.02941304
1524,83647550.9733733
1525,83647550.99952894
1526,83647550.82623573
1527,83647550.96493903
1528,83647550.91635339
1529,83647550.9178452
1530,83647550.81887941
1531,83647550.91502163
1532,83647550.97716661
1533,83647550.8198775
1534,83647551.1833074
1535,83647551.0054965
1536,83647550.90082444
1537,83647550.91143602
1538,83647550.94007114
1539,83647550.93842053
1540,83647551.05972363
1541,83647550.92945275
1542,83647550.98354323
1543,83647551.05523722
1544,83647551.06257844
1545,83647550.93840164
1546,83647551.04850046
1547,83647551.0282137
1548,83647551.00567712
1549,83647550.86469805
1550,83647550.8672926
1551,83647550.91695113
1552,83647551.02104956
1553,83647550.97413585
1554,83647551.06762333
1555,83647551.02935877
1556,83647551.11171103
1557,83647551.14749777
1558,83647550.98861447
1559,83647550.9192008
1560,83647550.77223869
1561,83647551.011053
1562,83647551.07187171
1563,83647550.81484444
1564,83647550.88155614
1565,83647550.93501413
1566,83647551.06997086
1567,83647550.9875618
1568,83647550.87883134
1569,83647550.94978125
1570,83647550.92006011
1571,83647550.98193021
1572,83647551.02707356
1573,83647550.89548129
1574,83647551.11264849
1575,83647550.87701926
1576,83647550.95246312
1577,83647550.95070466
1578,83647550.90986115
1579,83647551.00747861
1580,83647551.01462789
1581,83647550.89511536
1582,83647550.94842781
1583,83647550.94263594
1584,83647550.94579008
1585,83647551.05518405
1586,83647550.8992322
1587,83647550.9492362
1588,83647550.96361665
1589,83647550.84303391
1590,83647550.85415515
1591,83647551.0223578
1592,83647551.00833556
1593,83647551.01575865
1594,83647550.84944141
1595,83647550.87043777
1596,83647550.9664478
1597,83647551.21250665
1598,83647550.83466363
1599,83647550.89986551
1600,83647550.90573916
1601,83647550.93669778
1602,83647550.88861321
1603,83647551.04188284
1604,83647551.13089864
1605,83647550.89906985
1606,83647551.066206
1607,83647550.69993669
1608,83647551.0220337
1609,83647550.9781424
1610,83647550.74760021
1611,83647550.94618131
1612,83647551.06832294
1613,83647551.02547966
1614,83647550.92219628
1615,83647550.86119798
1616,83647551.15301129
1617,83647550.90711991
1618,83647551.03073153
1619,83647551.14594397
1620,83647551.01344603
1621,83647551.07265243
1622,83647550.95391294
1623,83647550.99970005
1624,83647550.88720532
1625,83647551.02178253
1626,83647550.91724826
1627,83647550.95845878
1628,83647550.91577515
1629,83647551.054044
1630,83647550.91189486
1631,83647550.90498303
1632,83647550.87082191
1633,83647550.87345086
1634,83647550.98214766
1635,83647551.01902276
1636,83647551.02760804
1637,83647550.7842449
1638,83647550.97946087
1639,83647551.02560216
1640,83647550.95599785
1641,83647550.87014173
1642,83647551.01698658
1643,83647550.81011532
1644,83647550.91565314
1645,83647550.8905854
1646,83647551.00580692
1647,83647550.96204941
1648,83647551.03273208
1649,83647550.85617149
1650,83647551.04639497
1651,83647550.83319157
1652,83647550.86278069
1653,83647551.076973
1654,83647551.00173959
1655,83647551.05085549
1656,83647550.93977454
1657,83647550.965704
1658,83647551.05553718
1659,83647550.98688732
1660,83647550.95252022
1661,83647551.16000685
1662,83647551.10530883
1663,83647550.8498021
1664,83647551.05023775
1665,83647551.01302756
1666,83647551.1747286
1667,83647551.0456473
1668,83647551.05361518
1669,83647550.90430354
1670,83647551.18247719
1671,83647551.0574553
1672,83647550.97282465
1673,83647550.95336401
1674,83647550.9966632
1675,83647551.05997366
1676,83647551.02770334
1677,83647550.93400803
1678,83647551.05900791
1679,83647551.03516237
1680,83647551.10875195
1681,83647550.95252337
1682,83647550.95795856
1683,83647550.90451579
1684,83647550.93240811
1685,83647550.96475005
1686,83647550.89522637
1687,83647550.98014255
1688,83647550.97784716
1689,83647550.9702981
1690,83647550.97274606
1691,83647551.10429414
1692,83647550.98729587
1693,83647551.07390136
1694,83647551.03345129
1695,83647551.00016002
1696,83647550.84142138
1697,83647551.2855554
1698,83647551.07375917
1699,83647550.96803287
1700,83647550.97637826
1701,83647550.91618161
1702,83647550.91856796
1703,83647551.1301009
1704,83647551.04831532
1705,83647551.12511617
1706,83647550.99349937
1707,83647550.93255469
1708,83647550.98717892
1709,83647550.94949055
1710,83647550.90000355
1711,83647550.93763149
1712,83647551.02296732
1713,83647551.0208703
1714,83647550.96564849
1715,83647551.06640421
1716,83647550.88976304
1717,83647551.00866744
1718,83647550.99804616
1719,83647550.95617117
1720,83647550.93236746
1721,83647550.89043736
1722,83647550.87719394
1723,83647550.99325714
1724,83647551.10908023
1725,83647550.84429313
1726,83647550.7639292
1727,83647551.015127
1728,83647550.90834574
1729,83647550.9760458
1730,83647550.92142597
1731,83647551.11224553
1732,83647551.18362474
1733,83647550.98510666
1734,83647550.91356012
1735,83647550.94968857
1736,83647550.85434932
1737,83647551.03469992
1738,83647551.0406102
1739,83647550.90737075
1740,83647550.95295693
1741,83647551.08557017
1742,83647550.93583772
1743,83647551.09145719
1744,83647550.91309468
1745,83647550.91732311
1746,83647550.89088532
1747,83647550.97197777
1748,83647550.99523833
1749,83647550.9759004
1750,83647551.07775629
1751,83647551.01666732
1752,83647551.02570772
1753,83647550.9400005
1754,83647550.9707704
1755,83647551.01495223
1756,83647551.07772507
1757,83647551.0194108
1758,83647550.9054258
1759,83647550.94736092
1760,83647551.02534327
1761,83647551.07563768
1762,83647551.03021471
1763,83647550.95016178
1764,83647550.85768974
1765,83647551.0098687
1766,83647550.86215903
1767,83647550.89058204
1768,83647550.98067284
1769,83647551.11267819
1770,83647551.0172669
1771,83647550.90719225
1772,83647551.03893913
1773,83647551.06198785
1774,83647550.7819451
1775,83647551.02411829
1776,83647551.02157855
1777,83647550.86794323
1778,83647551.05343436
1779,83647550.96498103
1780,83647550.79814738
1781,83647551.03481568
1782,83647551.11456317
1783,83647550.93274343
1784,83647550.864561
1785,83647550.80438463
1786,83647550.96932694
1787,83647550.85660301
1788,83647550.95417184
1789,83647551.0365687
1790,83647551.07983711
1791,83647550.99854606
1792,83647550.97479406
1793,83647550.9855885
1794,83647550.96255724
1795,83647551.01009643
1796,83647551.09611525
1797,83647550.84563497
1798,83647551.0506004
1799,83647550.89602576
1800,83647550.92057669
1801,83647550.99073285
1802,83647551.01607534
1803,83647551.06865181
1804,83647550.86788893
1805,83647550.98985365
1806,83647551.09979515
1807,83647550.87902904
1808,83647550.9188315
1809,83647550.94886643
1810,83647550.90624312
1811,83647550.88765559
1812,83647550.9759091
1813,83647550.88406394
1814,83647550.89250699
1815,83647550.89213188
1816,83647550.7479964
1817,83647550.99984851
1818,83647550.93475486
1819,83647551.06715086
1820,83647550.85738169
1821,83647551.01268843
1822,83647551.0658897
1823,83647550.99646726
1824,83647550.95257525
1825,83647550.98970376
1826,83647551.10569856
1827,83647551.01615116
1828,83647550.84239143
1829,83647551.1113299
1830,83647550.96337277
1831,83647551.10287593
1832,83647550.85086103
1833,83647550.94383465
1834,83647550.97910324
1835,83647550.92687358
1836,83647550.9590021
1837,83647550.9760161
1838,83647550.9064951
1839,83647550.97043164
1840,83647550.92548892
1841,83647550.97344752
1842,83647550.94636564
1843,83647550.95003708
1844,83647551.0192564
1845,83647551.06381178
1846,83647550.96323577
1847,83647550.91044314
1848,83647550.83346136
1849,83647550.86842173
1850,83647550.93794224
1851,83647551.01215865
1852,83647551.01293255
1853,83647551.02804773
1854,83647550.9771186
1855,83647551.0282303
1856,83647550.97823964
1857,83647550.96519235
1858,83647551.07780413
1859,83647550.86354685
1860,83647551.05269577
1861,83647551.01278763
1862,83647551.01518846
1863,83647551.00692734
1864,83647550.8313102
1865,83647551.03294286
1866,83647551.04467998
1867,83647550.92430614
1868,83647550.99271378
1869,83647551.02005301
1870,83647550.85603602
1871,83647551.0330678
1872,83647550.89814056
1873,83647551.03522897
1874,83647551.10714795
1875,83647551.11765547
1876,83647550.94266838
1877,83647550.80766493
1878,83647550.90447415
1879,83647550.96348706
1880,83647550.90192479
1881,83647550.9898764
1882,83647550.84124127
1883,83647550.89863704
1884,83647550.908117
1885,83647550.97024637
1886,83647551.01083076
1887,83647550.8800629
1888,83647550.85439454
1889,83647550.98052362
1890,83647550.9790344
1891,83647551.03014576
1892,83647551.01865527
1893,83647550.94734758
1894,83647550.98407663
1895,83647550.94996276
1896,83647550.95044667
1897,83647551.0406631
1898,83647550.93479806
1899,83647550.94681007
1900,83647551.01804967
1901,83647551.1080075
1902,83647550.81245545
1903,83647550.98367387
1904,83647551.10901177
1905,83647551.10269675
1906,83647550.98897883
1907,83647550.954757
1908,83647551.10657266
1909,83647550.9050617
1910,83647551.14793453
1911,83647550.99203402
1912,83647551.00392273
1913,83647551.03617878
1914,83647550.98674844
1915,83647551.14748277
1916,83647550.92857783
1917,83647551.02015391
1918,83647551.12244202
1919,83647550.99580231
1920,83647550.89343108
1921,83647550.98547174
1922,83647551.14310375
1923,83647550.94764937
1924,83647550.95359825
1925,83647550.93655674
1926,83647550.95824635
1927,83647550.96614686
1928,83647551.04920876
1929,83647551.04533641
1930,83647550.90745535
1931,83647551.0546181
1932,83647551.00330356
1933,83647551.04008
1934,83647550.96990232
1935,83647551.05185078
1936,83647550.96839067
1937,83647551.14217637
1938,83647550.94800068
1939,83647551.17049985
1940,83647550.88614881
1941,83647550.98395427
1942,83647551.02605236
1943,83647551.00668813
1944,83647550.88764644
1945,83647550.93718657
1946,83647550.8833261
1947,83647551.08294284
1948,83647550.94940157
1949,83647550.99056132
1950,83647550.86137025
1951,83647551.04516523
1952,83647550.97263452
1953,83647550.99105737
1954,83647551.04291141
1955,83647551.10122442
1956,83647550.91247837
1957,83647551.03807269
1958,83647550.9686677
1959,83647550.8372595
1960,83647550.98206823
1961,83647550.91310751
1962,83647551.07335293
1963,83647551.10828386
1964,83647550.93493924
1965,83647550.9725094
1966,83647550.89622076
1967,83647550.97252688
1968,83647551.15640992
1969,83647550.95818746
1970,83647550.96770102
1971,83647550.93004373
1972,83647550.9274622
1973,83647550.94758789
1974,83647550.9174621
1975,83647550.89823547
1976,83647550.86499666
1977,83647550.92360583
1978,83647550.96533623
1979,83647550.88239245
1980,83647550.97856703
1981,83647550.91197401
1982,83647551.11073358
1983,83647550.93482013
1984,83647551.04646234
1985,83647550.95334332
1986,83647551.05124752
1987,83647550.91821922
1988,83647551.04475693
1989,83647551.14164849
1990,83647551.01934366
1991,83647550.91336922
1992,83647550.97562285
1993,83647550.91467687
1994,83647551.12565337
1995,83647551.02486384
1996,83647550.92809851
1997,83647551.04909992
1998,83647551.08272816
1999,83647550.95450023
2000,83647550.97428381
2001,83647551.00802211
2002,83647551.01375468
2003,83647551.02024293
2004,83647550.91863446
2005,83647550.97727749
2006,83647550.96002457
2007,83647550.84294665
2008,83647550.99959435
2009,83647550.90672703
2010,83647550.99208114
2011,83647551.00372158
2012,83647550.97772878
2013,83647550.95075278
2014,83647551.11486045
2015,83647551.00147006
2016,83647550.95965149
2017,83647551.018319
2018,83647551.10569012
2019,83647551.04029176
2020,83647550.9258531
2021,83647550.98248352
2022,83647551.0615416
2023,83647551.0221616
2024,83647551.06743135
2025,83647550.92226432
2026,83647550.90610506
2027,83647550.97810091
2028,83647550.97326931
2029,83647550.98768738
2030,83647550.9160804
2031,83647551.13633488
2032,83647550.90392812
2033,83647550.96086276
2034,83647550.91061726
2035,83647551.09175321
2036,83647550.93559627
2037,83647551.06293455
2038,83647551.00030342
2039,83647551.0289171
2040,83647550.88444732
2041,83647550.93373206
2042,83647550.94354124
2043,83647551.1244976
2044,83647550.96726954
2045,83647550.94665551
2046,83647550.76812913
2047,83647550.9864301
2048,83647550.87262373
2049,83647551.07654421
2050,83647550.9203189
2051,83647551.00728887
2052,83647551.00376536
2053,83647550.87422745
2054,83647550.98423514
2055,83647550.9836992
2056,83647550.85283548
2057,83647550.82448833
2058,83647551.11102703
2059,83647550.96149483
2060,83647550.9136716
2061,83647550.93895543
2062,83647550.92736295
2063,83647551.09020585
2064,83647550.95946108
2065,83647551.04677106
2066,83647551.05147162
2067,83647551.04172857
2068,83647551.03024063
2069,83647550.89027983
2070,83647550.93460037
2071,83647550.95186009
2072,83647550.92778334
2073,83647550.94067132
2074,83647551.01161312
2075,83647550.88749368
2076,83647551.0122385
2077,83647551.12607993
2078,83647551.00297509
2079,83647551.12039554
2080,83647550.94555661
2081,83647550.92090708
2082,83647550.861387
2083,83647550.9712338
2084,83647551.01016548
2085,83647550.96147345
2086,83647551.01599945
2087,83647551.07828978
2088,83647551.10001446
2089,83647550.89895393
2090,83647551.04949567
2091,83647550.93310742
2092,83647551.0562496
2093,83647550.94967544
2094,83647550.82810123
2095,83647550.83766244
2096,83647550.93048932
2097,83647551.04788865
2098,83647551.0089667
2099,83647550.94985686
2100,83647550.85849534
2101,83647550.90359028
2102,83647550.91485995
2103,83647550.82279682
2104,83647550.97791183
2105,83647550.91901973
2106,83647551.01160297
2107,83647550.96573007
2108,83647550.79836166
2109,83647550.9021875
2110,83647550.91937749
2111,83647551.00814238
2112,83647551.09535068
2113,83647551.11071867
2114,83647551.00871703
2115,83647550.96253075
2116,83647550.95873581
2117,83647550.9275757
2118,83647551.01436846
2119,83647550.93522683
2120,83647551.01451848
2121,83647551.08260857
2122,83647551.21085118
2123,83647551.11924237
2124,83647550.91583003
2125,83647550.91813149
2126,83647550.957191
2127,83647551.03632246
2128,83647551.12172633
2129,83647550.99691005
2130,83647550.9343805
2131,83647550.99567631
2132,83647551.01793362
2133,83647550.9754085
2134,83647550.96571527
2135,83647550.98448004
2136,83647550.86564656
2137,83647551.08270307
2138,83647550.76180953
2139,83647550.89936103
2140,83647550.8321346
2141,83647551.05941509
2142,83647551.02796906
2143,83647550.94187197
2144,83647550.87744448
2145,83647550.95776781
2146,83647550.9927094
2147,83647550.91681331
2148,83647550.99831012
2149,83647550.89393185
2150,83647551.00264624
2151,83647550.80893819
2152,83647550.97607154
2153,83647550.96818054
2154,83647550.86715385
2155,83647550.88673714
2156,83647550.93910193
2157,83647550.92896822
2158,83647551.13117081
2159,83647551.04408543
2160,83647551.03549168
2161,83647550.95872271
2162,83647550.99461661
2163,83647551.00303124
2164,83647550.92763337
2165,83647550.88223377
2166,83647550.99255764
2167,83647551.17870167
2168,83647550.73279949
2169,83647551.06034449
2170,83647550.85142435
2171,83647550.9393706
2172,83647551.08777711
2173,83647551.01415294
2174,83647550.90593903
2175,83647550.9975373
2176,83647550.95581862
2177,83647550.9877279
2178,83647550.84432799
2179,83647551.03106411
2180,83647551.00780159
2181,83647551.08745143
2182,83647550.92861249
2183,83647551.00648993
2184,83647551.04489656
2185,83647550.88640319
2186,83647550.97541751
2187,83647551.06318618
2188,83647551.03089786
2189,83647551.02626467
2190,83647550.88460128
2191,83647550.97581019
2192,83647550.97581014
2193,88912414.5854445
2194,88912414.5854444
2195,88912414.58544451
2196,88912414.5854445
2197,88912414.58544451
2198,88912414.58544444
2199,88912414.58544451
2200,88912414.58544451
2201,88912414.58544447
2202,88912414.58544444
2203,88912414.58544442
2204,88912414.73203894
2205,88912414.63462335
2206,88912414.43658933
2207,88912414.69340052
2208,88912414.35015602
2209,88912414.70389874
2210,88912414.75226893
2211,88912414.52715473
2212,88912414.50094093
2213,88912414.55005682
2214,88912414.57021773
2215,88912414.49124067
2216,88912414.48586567
2217,88912414.65586728
2218,88912414.5258816
2219,88912414.50060695
2220,88912414.66453235
2221,88912414.6462481
2222,88912414.62299466
2223,88912414.58718361
2224,88912414.58777697
2225,88912414.72344929
2226,88912414.67142814
2227,88912414.58733249
2228,88912414.64111097
2229,88912414.58527893
2230,88912414.67541692
2231,88912414.45014872
2232,88912414.6974473
2233,88912414.72099167
2234,88912414.57130398
2235,88912414.6492283
2236,88912414.53198433
2237,88912414.5932405
2238,88912414.68057448
2239,88912414.56896523
2240,88912414.51626463
2241,88912414.41057792
2242,88912414.7337824
2243,88912414.56466821
2244,88912414.60075288
2245,88912414.4154894
2246,88912414.5754053
2247,88912414.7204244
2248,88912414.54661955
2249,88912414.4882696
2250,88912414.57283959
2251,88912414.5168757
2252,88912414.54469037
2253,88912414.6588047
2254,88912414.48006046
2255,88912414.73962669
2256,88912414.46027261
2257,88912414.7567104
2258,88912414.49585743
2259,88912414.4443677
2260,88912414.48639661
2261,88912414.58568579
2262,88912414.62667163
2263,88912414.6523113
2264,88912414.51786152
2265,88912414.49150208
2266,88912414.60875668
2267,88912414.6575446
2268,88912414.577359
2269,88912414.56616981
2270,88912414.61431807
2271,88912414.65714349
2272,88912414.4437314
2273,88912414.61548898
2274,88912414.55807903
2275,88912414.78334057
2276,88912414.57649367
2277,88912414.46316534
2278,88912414.4897236
2279,88912414.62975585
2280,88912414.46080598
2281,88912414.46649045
2282,88912414.62481445
2283,88912414.59584977
2284,88912414.61115654
2285,88912414.34736688
2286,88912414.67972352
2287,88912414.59356928
2288,88912414.57282169
2289,88912414.46367422
2290,88912414.66554175
2291,88912414.54337242
2292,88912414.64698818
2293,88912414.6322829
2294,88912414.63714801
2295,88912414.54648241
2296,88912414.60148299
2297,88912414.50905296
2298,88912414.59235674
2299,88912414.50765112
2300,88912414.44765054
2301,88912414.58399627
2302,88912414.55878958
2303,88912414.76482446
2304,88912414.67005995
2305,88912414.4343016
2306,88912414.54371303
2307,88912414.43264413
2308,88912414.59903848
2309,88912414.64857744
2310,88912414.4843327
2311,88912414.60959405
2312,88912414.62124063
2313,88912414.42625383
2314,88912414.55797648
2315,88912414.73468879
2316,88912414.62324475
2317,88912414.59435458
2318,88912414.6126074
2319,88912414.62044534
2320,88912414.54385208
2321,88912414.5247423
2322,88912414.50757118
2323,88912414.75613737
2324,88912414.59272917
2325,88912414.70251286
2326,88912414.66010617
2327,88912414.68115835
2328,88912414.57697783
2329,88912414.56493355
2330,88912414.58090724
2331,88912414.67599095
2332,88912414.57550049
2333,88912414.39354874
2334,88912414.73889697
2335,88912414.51940653
2336,88912414.6602695
2337,88912414.54480794
2338,88912414.58876678
2339,88912414.6139288
2340,88912414.63307722
2341,88912414.6246243
2342,88912414.55961375
2343,88912414.66324678
2344,88912414.5329915
2345,88912414.63257213
2346,88912414.52553578
2347,88912414.42557392
2348,88912414.65689524
2349,88912414.652491
2350,88912414.5295289
2351,88912414.44055681
2352,88912414.56454994
2353,88912414.64020029
2354,88912414.48339257
2355,88912414.459488
2356,88912414.55263111
2357,88912414.54455863
2358,88912414.5786905
2359,88912414.54168695
2360,88912414.51629755
2361,88912414.56669651
2362,88912414.45990217
2363,88912414.63889635
2364,88912414.46576756
2365,88912414.64482269
2366,88912414.67167589
2367,88912414.50952037
2368,88912414.44487071
2369,88912414.7416011
2370,88912414.63316543
2371,88912414.68372878
2372,88912414.58701952
2373,88912414.68263802
2374,88912414.55793184
2375,88912414.67996705
2376,88912414.5258987
2377,88912414.51034282
2378,88912414.48048617
2379,88912414.56840497
2380,88912414.6347255
2381,88912414.65519577
2382,88912414.68125515
2383,88912414.6899795
2384,88912414.73301281
2385,88912414.60126172
2386,88912414.50048615
2387,88912414.50168738
2388,88912414.52773875
2389,88912414.42107627
2390,88912414.6975255
2391,88912414.65870576
2392,88912414.55200987
2393,88912414.66817085
2394,88912414.67971832
2395,88912414.5468647
2396,88912414.59638835
2397,88912414.56881501
2398,88912414.60780123
2399,88912414.56346218
2400,88912414.62878123
2401,88912414.52405529
2402,88912414.51913366
2403,88912414.72053675
2404,88912414.66108873
2405,88912414.64825028
2406,88912414.53402065
2407,88912414.59164414
2408,88912414.51927832
2409,88912414.45864984
2410,88912414.71320266
2411,88912414.62383704
2412,88912414.80507566
2413,88912414.6048015
2414,88912414.5234033
2415,88912414.74057977
2416,88912414.61090079
2417,88912414.73083635
2418,88912414.56807229
2419,88912414.56646274
2420,88912414.56973977
2421,88912414.656739
2422,88912414.69599563
2423,88912414.5406329
2424,88912414.60464413
2425,88912414.50893784
2426,88912414.64770971
2427,88912414.62985432
2428,88912414.46713439
2429,88912414.47185056
2430,88912414.58443528
2431,88912414.6600209
2432,88912414.51407577
2433,88912414.5778459
2434,88912414.72202258
2435,88912414.6546001
2436,88912414.56757951
2437,88912414.54918541
2438,88912414.63427067
2439,88912414.63026096
2440,88912414.56302293
2441,88912414.58332598
2442,88912414.37941626
2443,88912414.53096628
2444,88912414.52175036
2445,88912414.65440036
2446,88912414.4996048
2447,88912414.6914998
2448,88912414.43282393
2449,88912414.59002036
2450,88912414.57121198
2451,88912414.53549103
2452,88912414.60511398
2453,88912414.62122901
2454,88912414.58609936
2455,88912414.63918673
2456,88912414.74560098
2457,88912414.61627363
2458,88912414.45106082
2459,88912414.54913409
2460,88912414.57671489
2461,88912414.56249475
2462,88912414.61299601
2463,88912414.52743836
2464,88912414.53287084
2465,88912414.64952062
2466,88912414.65992056
2467,88912414.61259663
2468,88912414.49285735
2469,88912414.53075413
2470,88912414.59444085
2471,88912414.58194402
2472,88912414.8087407
2473,88912414.58928771
2474,88912414.66815913
2475,88912414.58889665
2476,88912414.63379948
2477,88912414.59897506
2478,88912414.59913532
2479,88912414.62046045
2480,88912414.58402409
2481,88912414.73596326
2482,88912414.65897875
2483,88912414.57276042
2484,88912414.52652095
2485,88912414.67130715
2486,88912414.70158051
2487,88912414.62265588
2488,88912414.46060583
2489,88912414.57846983
2490,88912414.67479819
2491,88912414.571049
2492,88912414.52858157
2493,88912414.62686007
2494,88912414.70558198
2495,88912414.57734054
2496,88912414.42407106
2497,88912414.58729815
2498,88912414.50765817
2499,88912414.53024139
2500,88912414.6449527
2501,88912414.58586544
2502,88912414.53289656
2503,88912414.55885026
2504,88912414.54911889
2505,88912414.56160949
2506,88912414.6135897
2507,88912414.61943358
2508,88912414.7157711
2509,88912414.4740939
2510,88912414.57184167
2511,88912414.624304
2512,88912414.53218535
2513,88912414.67563812
2514,88912414.5533496
2515,88912414.67451862
2516,88912414.5159193
2517,88912414.5307981
2518,88912414.59393954
2519,88912414.73490602
2520,88912414.69145554
2521,88912414.5969363
2522,88912414.59693085
2523,88912414.69899996
2524,88912414.58518016
2525,88912414.59556286
2526,88912414.62882097
2527,88912414.61504139
2528,88912414.54303873
2529,88912414.66157359
2530,88912414.56079379
2531,88912414.43626282
2532,88912414.64684291
2533,88912414.64842503
2534,88912414.7455785
2535,88912414.57147275
2536,88912414.54131581
2537,88912414.70009443
2538,88912414.5695416
2539,88912414.40280004
2540,88912414.6170436
2541,88912414.73750769
2542,88912414.57111104
2543,88912414.54300694
2544,88912414.58745319
2545,88912414.55655928
2546,88912414.67163058
2547,88912414.59827565
2548,88912414.60238543
2549,88912414.64530027
2550,88912414.51644184
2551,88912414.5755988
2552,88912414.42757256
2553,88912414.49251339
2554,88912414.69255783
2555,88912414.52928951
2556,88912414.71605703
2557,88912414.64491229
2558,88912414.59238312
2559,88912414.5156639
2560,88912414.59795783
2561,88912414.66909651
2562,88912414.43709017
2563,88912414.5050466
2564,88912414.56451859
2565,88912414.54780371
2566,88912414.63162917
2567,88912414.49694218
2568,88912414.42167366
2569,88912414.62765348
2570,88912414.5780737
2571,88912414.58064975
2572,88912414.57156755
2573,88912414.5344876
2574,88912414.59887604
2575,88912414.60574539
2576,88912414.58590338
2577,88912414.6879979
2578,88912414.64423084
2579,88912414.60339256
2580,88912414.36177771
2581,88912414.70676987
2582,88912414.54584795
2583,88912414.70186481
2584,88912414.671932
2585,88912414.4595759
2586,88912414.63390996
2587,88912414.54906103
2588,88912414.6199738
2589,88912414.6641921
2590,88912414.55385947
2591,88912414.50151905
2592,88912414.66974407
2593,88912414.50242285
2594,88912414.53378905
2595,88912414.63041507
2596,88912414.58269511
2597,88912414.54218279
2598,88912414.65267903
2599,88912414.56196351
2600,88912414.65812884
2601,88912414.50084655
2602,88912414.59039412
2603,88912414.58260877
2604,88912414.58431791
2605,88912414.5447851
2606,88912414.56308043
2607,88912414.58616039
2608,88912414.46440066
2609,88912414.84119497
2610,88912414.50516418
2611,88912414.63401134
2612,88912414.50509119
2613,88912414.61880888
2614,88912414.56405494
2615,88912414.63686536
2616,88912414.53985776
2617,88912414.52757487
2618,88912414.59952167
2619,88912414.51407148
2620,88912414.61633053
2621,88912414.50514784
2622,88912414.5233227
2623,88912414.61364573
2624,88912414.4884546
2625,88912414.46857238
2626,88912414.7704822
2627,88912414.57857628
2628,88912414.68968922
2629,88912414.51528856
2630,88912414.53239045
2631,88912414.63694966
2632,88912414.5268794
2633,88912414.56080611
2634,88912414.62663297
2635,88912414.73674078
2636,88912414.35480474
2637,88912414.59629236
2638,88912414.58173548
2639,88912414.53873302
2640,88912414.56493035
2641,88912414.5934186
2642,88912414.55394417
2643,88912414.38548005
2644,88912414.63760024
2645,88912414.59823278
2646,88912414.5300579
2647,88912414.52667992
2648,88912414.65986973
2649,88912414.52075559
2650,88912414.62889062
2651,88912414.6047324
2652,88912414.57376815
2653,88912414.58526064
2654,88912414.6828937
2655,88912414.63337895
2656,88912414.4524868
2657,88912414.64271107
2658,88912414.6990797
2659,88912414.6753221
2660,88912414.64024335
2661,88912414.64475816
2662,88912414.44303197
2663,88912414.63009332
2664,88912414.64605941
2665,88912414.62073635
2666,88912414.55279407
2667,88912414.528292
2668,88912414.58787256
2669,88912414.56537573
2670,88912414.47957443
2671,88912414.5916706
2672,88912414.51632291
2673,88912414.51872854
2674,88912414.57748424
2675,88912414.72506356
2676,88912414.5358344
2677,88912414.44787042
2678,88912414.64027031
2679,88912414.67022112
2680,88912414.55154319
2681,88912414.61354965
2682,88912414.66101524
2683,88912414.54785709
2684,88912414.73694582
2685,88912414.69395205
2686,88912414.59355201
2687,88912414.51174639
2688,88912414.65200844
2689,88912414.57972263
2690,88912414.74046613
2691,88912414.54939698
2692,88912414.56013578
2693,88912414.49777935
2694,88912414.7044955
2695,88912414.7283938
2696,88912414.55874902
2697,88912414.547652
2698,88912414.60773858
2699,88912414.64109449
2700,88912414.51215322
2701,88912414.57781833
2702,88912414.62209721
2703,88912414.66780901
2704,88912414.64063625
2705,88912414.6006571
2706,88912414.67912169
2707,88912414.4932842
2708,88912414.41652739
2709,88912414.68309052
2710,88912414.45994033
2711,88912414.58765504
2712,88912414.38830344
2713,88912414.59575519
2714,88912414.46184368
2715,88912414.62192766
2716,88912414.52766767
2717,88912414.49433458
2718,88912414.65836129
2719,88912414.47594036
2720,88912414.55629255
2721,88912414.64051162
2722,88912414.62331122
2723,88912414.58478975
2724,88912414.51377435
2725,88912414.75566915
2726,88912414.59805332
2727,88912414.55287254
2728,88912414.57761092
2729,88912414.53382462
2730,88912414.6285524
2731,88912414.58208285
2732,88912414.5659343
2733,88912414.55389501
2734,88912414.70040947
2735,88912414.70166872
2736,88912414.72955257
2737,88912414.5396801
2738,88912414.62986085
2739,88912414.65863697
2740,88912414.50988026
2741,88912414.56815869
2742,88912414.40738942
2743,88912414.6927315
2744,88912414.42521274
2745,88912414.56569245
2746,88912414.6541078
2747,88912414.50483093
2748,88912414.45323068
2749,88912414.47054373
2750,88912414.58330743
2751,88912414.65295959
2752,88912414.64604403
2753,88912414.60081482
2754,88912414.70499206
2755,88912414.46721865
2756,88912414.55211315
2757,88912414.67043576
2758,88912414.5513535
2759,88912414.75574389
2760,88912414.52556954
2761,88912414.66098392
2762,88912414.52166186
2763,88912414.51378329
2764,88912414.66621852
2765,88912414.5174612
2766,88912414.60305357
2767,88912414.59707662
2768,88912414.50689286
2769,88912414.65602687
2770,88912414.54420911
2771,88912414.52793449
2772,88912414.83186693
2773,88912414.58405647
2774,88912414.63725863
2775,88912414.52151638
2776,88912414.61254615
2777,88912414.74985011
2778,88912414.49626617
2779,88912414.52582347
2780,88912414.57010238
2781,88912414.69569032
2782,88912414.57910347
2783,88912414.62173243
2784,88912414.53376618
2785,88912414.6709897
2786,88912414.79669288
2787,88912414.56065792
2788,88912414.69390132
2789,88912414.55292964
2790,88912414.6248643
2791,88912414.37152316
2792,88912414.64667945
2793,88912414.57577763
2794,88912414.50952639
2795,88912414.52881958
2796,88912414.55801731
2797,88912414.5763526
2798,88912414.50357682
2799,88912414.46708925
2800,88912414.66729075
2801,88912414.6432414
2802,88912414.46469407
2803,88912414.63174015
2804,88912414.65195702
2805,88912414.48875111
2806,88912414.62228248
2807,88912414.53903393
2808,88912414.70382603
2809,88912414.60468279
2810,88912414.59847094
2811,88912414.64365079
2812,88912414.59498654
2813,88912414.46136068
2814,88912414.62420157
2815,88912414.59634097
2816,88912414.59104712
2817,88912414.53783423
2818,88912414.36141469
2819,88912414.56169024
2820,88912414.68816926
2821,88912414.62914768
2822,88912414.6083069
2823,88912414.66897607
2824,88912414.4504716
2825,88912414.68260339
2826,88912414.53188129
2827,88912414.5486094
2828,88912414.67421186
2829,88912414.69474873
2830,88912414.5308381
2831,88912414.5858711
2832,88912414.58257298
2833,88912414.64813074
2834,88912414.73167358
2835,88912414.58822213
2836,88912414.61668359
2837,88912414.53345643
2838,88912414.553723
2839,88912414.72837357
2840,88912414.52257593
2841,88912414.66778317
2842,88912414.44732045
2843,88912414.53152399
2844,88912414.55631833
2845,88912414.64832807
2846,88912414.64020741
2847,88912414.70274594
2848,88912414.58175567
2849,88912414.543657
2850,88912414.74026729
2851,88912414.59316273
2852,88912414.51363875
2853,88912414.63744359
2854,88912414.57004625
2855,88912414.6356061
2856,88912414.68603311
2857,88912414.43810648
2858,88912414.5602504
2859,88912414.45741539
2860,88912414.39025755
2861,88912414.55718632
2862,88912414.57937665
2863,88912414.72228324
2864,88912414.65029222
2865,88912414.49853972
2866,88912414.57949904
2867,88912414.60519758
2868,88912414.45808434
2869,88912414.51461694
2870,88912414.57068685
2871,88912414.65853867
2872,88912414.5492103
2873,88912414.68455522
2874,88912414.62743956
2875,88912414.59693168
2876,88912414.57561605
2877,88912414.52495661
2878,88912414.55703351
2879,88912414.46347633
2880,88912414.61776038
2881,88912414.5485626
2882,88912414.67320055
2883,88912414.61996374
2884,88912414.74971129
2885,88912414.70167108
2886,88912414.65764076
2887,88912414.47774178
2888,88912414.68409517
2889,88912414.46349311
2890,88912414.48864572
2891,88912414.65036252
2892,88912414.62764966
2893,88912414.5924956
2894,88912414.4459119
2895,88912414.59089163
2896,88912414.63404086
2897,88912414.52316329
2898,88912414.56799278
2899,88912414.58227493
2900,88912414.64194682
2901,88912414.57475731
2902,88912414.63675548
2903,88912414.60742232
2904,88912414.48462573
2905,88912414.67779738
2906,88912414.48230296
2907,88912414.5786275
2908,88912414.62798378
2909,88912414.59403494
2910,88912414.50366503
2911,88912414.69149633
2912,88912414.5594143
2913,88912414.72532894
2914,88912414.62601821
2915,88912414.45560528
2916,88912414.56351465
2917,88912414.65801382
2918,88912414.56308572
2919,88912414.57367161
2920,88912414.62217629
2921,88912414.57483016
2922,88912414.5854445
2923,88912414.5854445
2924,87020311.41233893
2925,87020311.41233882
2926,87020311.41233882
2927,87020311.41233887
2928,87020311.4123389
2929,87020311.4123389
2930,87020311.41233893
2931,87020311.41233888
2932,87020311.41233888
2933,87020311.4123389
2934,87020311.41233885
2935,87020311.33432835
2936,87020311.49994774
2937,87020311.31114362
2938,87020311.4696955
2939,87020311.3510645
2940,87020311.31792663
2941,87020311.40056734
2942,87020311.34737603
2943,87020311.31797592
2944,87020311.36930549
2945,87020311.39778359
2946,87020311.3940828
2947,87020311.43785329
2948,87020311.65211672
2949,87020311.57566325
2950,87020311.43253952
2951,87020311.33466896
2952,87020311.40803955
2953,87020311.24086791
2954,87020311.29298131
2955,87020311.47793703
2956,87020311.36807606
2957,87020311.37135991
2958,87020311.54434727
2959,87020311.3007913
2960,87020311.48875526
2961,87020311.39131582
2962,87020311.48928541
2963,87020311.69753508
2964,87020311.51174238
2965,87020311.63138644
2966,87020311.34321938
2967,87020311.36609392
2968,87020311.46563601
2969,87020311.30937923
2970,87020311.4927567
2971,87020311.46118717
2972,87020311.32933474
2973,87020311.58496994
2974,87020311.25349495
2975,87020311.38756056
2976,87020311.50616226
2977,87020311.41567332
2978,87020311.47712359
2979,87020311.67949544
2980,87020311.5755351
2981,87020311.40713051
2982,87020311.23738846
2983,87020311.3650311
2984,87020311.37754439
2985,87020311.37565951
2986,87020311.16477711
2987,87020311.35918434
2988,87020311.27202335
2989,87020311.32037781
2990,87020311.4983628
2991,87020311.47408223
2992,87020311.45837604
2993,87020311.48959051
2994,87020311.51909629
2995,87020311.41454174
2996,87020311.39114326
2997,87020311.53018959
2998,87020311.39388892
2999,87020311.27558608
3000,87020311.52222776
3001,87020311.34856474
3002,87020311.48823534
3003,87020311.37988634
3004,87020311.53878626
3005,87020311.3657364
3006,87020311.42984797
3007,87020311.36585023
3008,87020311.18139583
3009,87020311.56437011
3010,87020311.33095083
3011,87020311.44423077
3012,87020311.5084722
3013,87020311.33301523
3014,87020311.59239332
3015,87020311.40103017
3016,87020311.551591
3017,87020311.30416633
3018,87020311.2474094
3019,87020311.33652821
3020,87020311.26339346
3021,87020311.4730182
3022,87020311.2618594
3023,87020311.40181714
3024,87020311.49070604
3025,87020311.4898296
3026,87020311.40870926
3027,87020311.27064368
3028,87020311.41241945
3029,87020311.52286792
3030,87020311.49227126
3031,87020311.49627212
3032,87020311.40712045
3033,87020311.48315352
3034,87020311.39587376
3035,87020311.5650913
3036,87020311.29748519
3037,87020311.30143388
3038,87020311.41498703
3039,87020311.56110185
3040,87020311.4225567
3041,87020311.4044123
3042,87020311.52900861
3043,87020311.63608001
3044,87020311.52722013
3045,87020311.50118972
3046,87020311.54045661
3047,87020311.33759606
3048,87020311.41973849
3049,87020311.43412852
3050,87020311.49932097
3051,87020311.3215967
3052,87020311.57618862
3053,87020311.38301814
3054,87020311.33730638
3055,87020311.53786759
3056,87020311.25727299
3057,87020311.36411631
3058,87020311.44483809
3059,87020311.28389841
3060,87020311.31051403
3061,87020311.46989165
3062,87020311.4625082
3063,87020311.48756303
3064,87020311.36422908
3065,87020311.31706074
3066,87020311.42821102
3067,87020311.57709342
3068,87020311.19255318
3069,87020311.32104984
3070,87020311.48340106
3071,87020311.4941352
3072,87020311.63327788
3073,87020311.54331632
3074,87020311.33874138
3075,87020311.40943575
3076,87020311.37660636
3077,87020311.534097
3078,87020311.61674678
3079,87020311.54646266
3080,87020311.25041115
3081,87020311.49368612
3082,87020311.5560065
3083,87020311.39962438
3084,87020311.45803963
3085,87020311.64745416
3086,87020311.43951717
3087,87020311.48666492
3088,87020311.32429868
3089,87020311.41729937
3090,87020311.6140542
3091,87020311.39453246
3092,87020311.39341365
3093,87020311.4242816
3094,87020311.23196642
3095,87020311.55209811
3096,87020311.38424003
3097,87020311.53334734
3098,87020311.40276209
3099,87020311.35966016
3100,87020311.37718984
3101,87020311.51433523
3102,87020311.63509093
3103,87020311.41365826
3104,87020311.35556553
3105,87020311.46625054
3106,87020311.42049275
3107,87020311.56808242
3108,87020311.63208246
3109,87020311.36624561
3110,87020311.56455576
3111,87020311.43131621
3112,87020311.48039435
3113,87020311.28731371
3114,87020311.52955164
3115,87020311.2610537
3116,87020311.52250172
3117,87020311.46712962
3118,87020311.44515653
3119,87020311.1483064
3120,87020311.55719274
3121,87020311.46029493
3122,87020311.43193987
3123,87020311.39353098
3124,87020311.42430685
3125,87020311.56689642
3126,87020311.39128809
3127,87020311.28907077
3128,87020311.50458094
3129,87020311.5172275
3130,87020311.42579842
3131,87020311.21138953
3132,87020311.37450895
3133,87020311.3438339
3134,87020311.59215318
3135,87020311.32923485
3136,87020311.46175994
3137,87020311.23893085
3138,87020311.4384074
3139,87020311.50665349
3140,87020311.25701447
3141,87020311.49516469
3142,87020311.27391234
3143,87020311.55028547
3144,87020311.58705267
3145,87020311.41312078
3146,87020311.36253995
3147,87020311.27507526
3148,87020311.50094266
3149,87020311.30568543
3150,87020311.30895807
3151,87020311.28292274
3152,87020311.2656855
3153,87020311.4476353
3154,87020311.42038624
3155,87020311.26821558
3156,87020311.41632648
3157,87020311.4855876
3158,87020311.31299014
3159,87020311.51275061
3160,87020311.33435929
3161,87020311.46516088
3162,87020311.38560139
3163,87020311.38222575
3164,87020311.45754877
3165,87020311.4248101
3166,87020311.40283231
3167,87020311.51332673
3168,87020311.48589931
3169,87020311.21271133
3170,87020311.50474656
3171,87020311.34435137
3172,87020311.50032179
3173,87020311.36315389
3174,87020311.44601412
3175,87020311.49876344
3176,87020311.37051193
3177,87020311.54148196
3178,87020311.29343216
3179,87020311.505683
3180,87020311.27041884
3181,87020311.33792791
3182,87020311.21114583
3183,87020311.37262785
3184,87020311.1976136
3185,87020311.36917435
3186,87020311.43869975
3187,87020311.54588673
3188,87020311.27834466
3189,87020311.29017717
3190,87020311.5666412
3191,87020311.1964559
3192,87020311.36298898
3193,87020311.31938308
3194,87020311.43116218
3195,87020311.45095055
3196,87020311.38771577
3197,87020311.37299675
3198,87020311.48641762
3199,87020311.4233701
3200,87020311.48598239
3201,87020311.33897841
3202,87020311.47333238
3203,87020311.45273137
3204,87020311.20398484
3205,87020311.41580406
3206,87020311.28446539
3207,87020311.27587795
3208,87020311.53825946
3209,87020311.45126612
3210,87020311.28674039
3211,87020311.47198172
3212,87020311.49916127
3213,87020311.44165961
3214,87020311.4245122
3215,87020311.38486433
3216,87020311.42307313
3217,87020311.27385665
3218,87020311.45600574
3219,87020311.38726285
3220,87020311.43038498
3221,87020311.45714022
3222,87020311.62692857
3223,87020311.4756736
3224,87020311.4442616
3225,87020311.29173236
3226,87020311.4574324
3227,87020311.34985048
3228,87020311.27271971
3229,87020311.42298199
3230,87020311.44897667
3231,87020311.40392233
3232,87020311.5271825
3233,87020311.37082125
3234,87020311.41464558
3235,87020311.40837228
3236,87020311.4162331
3237,87020311.53233624
3238,87020311.25804712
3239,87020311.41972539
3240,87020311.58388422
3241,87020311.43254915
3242,87020311.45497246
3243,87020311.30946921
3244,87020311.49489284
3245,87020311.4407839
3246,87020311.46183586
3247,87020311.52247222
3248,87020311.52335842
3249,87020311.3913319
3250,87020311.45262772
3251,87020311.27872606
3252,87020311.47380681
3253,87020311.39234854
3254,87020311.56008992
3255,87020311.27939655
3256,87020311.27805912
3257,87020311.19253653
3258,87020311.32654533
3259,87020311.48939152
3260,87020311.40868142
3261,87020311.3750595
3262,87020311.4119251
3263,87020311.50261474
3264,87020311.29151358
3265,87020311.38696022
3266,87020311.49486639
3267,87020311.35775702
3268,87020311.5267653
3269,87020311.45582032
3270,87020311.44150443
3271,87020311.49930646
3272,87020311.31749766
3273,87020311.43121587
3274,87020311.31106454
3275,87020311.39061154
3276,87020311.46702614
3277,87020311.36212468
3278,87020311.3650825
3279,87020311.57094596
3280,87020311.46051127
3281,87020311.35847735
3282,87020311.33651963
3283,87020311.47328795
3284,87020311.44747916
3285,87020311.1656194
3286,87020311.4923207
3287,87020311.53938235
3288,87020311.58571316
3289,87020311.47451892
3290,87020311.40700917
3291,87020311.49173647
3292,87020311.28808787
3293,87020311.37916064
3294,87020311.4278536
3295,87020311.49078442
3296,87020311.35999924
3297,87020311.383067
3298,87020311.51788734
3299,87020311.44588213
3300,87020311.24350183
3301,87020311.28539853
3302,87020311.33350433
3303,87020311.52308886
3304,87020311.33574337
3305,87020311.36305024
3306,87020311.53948042
3307,87020311.40307598
3308,87020311.31155084
3309,87020311.49808794
3310,87020311.4419745
3311,87020311.46884006
3312,87020311.65416992
3313,87020311.44831629
3314,87020311.49155559
3315,87020311.41735822
3316,87020311.34667936
3317,87020311.3574903
3318,87020311.39822891
3319,87020311.41980258
3320,87020311.42379811
3321,87020311.33787212
3322,87020311.42359585
3323,87020311.28997289
3324,87020311.45979849
3325,87020311.38872355
3326,87020311.34393546
3327,87020311.37117207
3328,87020311.28738311
3329,87020311.45475566
3330,87020311.54135276
3331,87020311.39488073
3332,87020311.42925203
3333,87020311.42167029
3334,87020311.45405868
3335,87020311.39312288
3336,87020311.31384154
3337,87020311.32649387
3338,87020311.45174609
3339,87020311.46531287
3340,87020311.54086243
3341,87020311.41014072
3342,87020311.3940863
3343,87020311.26033793
3344,87020311.36713208
3345,87020311.46287744
3346,87020311.44182652
3347,87020311.38929158
3348,87020311.65858527
3349,87020311.40052685
3350,87020311.46510729
3351,87020311.44020104
3352,87020311.47973101
3353,87020311.45222053
3354,87020311.60199414
3355,87020311.43298459
3356,87020311.2932246
3357,87020311.50594832
3358,87020311.236579
3359,87020311.43613859
3360,87020311.45260677
3361,87020311.40252125
3362,87020311.52833761
3363,87020311.3140493
3364,87020311.48074368
3365,87020311.34225462
3366,87020311.54002471
3367,87020311.5412244
3368,87020311.22736841
3369,87020311.37218335
3370,87020311.48397315
3371,87020311.2831177
3372,87020311.22890577
3373,87020311.38145348
3374,87020311.3922828
3375,87020311.4146696
3376,87020311.34771784
3377,87020311.52963094
3378,87020311.47360443
3379,87020311.43780528
3380,87020311.49728532
3381,87020311.3181794
3382,87020311.54322526
3383,87020311.4057899
3384,87020311.442022
3385,87020311.36565608
3386,87020311.3006618
3387,87020311.41353154
3388,87020311.42794555
3389,87020311.36727129
3390,87020311.57148896
3391,87020311.45162557
3392,87020311.41059169
3393,87020311.70205858
3394,87020311.3708165
3395,87020311.39913374
3396,87020311.23317385
3397,87020311.45561525
3398,87020311.5404123
3399,87020311.28216766
3400,87020311.5098538
3401,87020311.40804492
3402,87020311.2860328
3403,87020311.29088305
3404,87020311.40426219
3405,87020311.52585399
3406,87020311.29229742
3407,87020311.33349666
3408,87020311.3426097
3409,87020311.30774254
3410,87020311.46888995
3411,87020311.51292819
3412,87020311.41275634
3413,87020311.49200185
3414,87020311.42372642
3415,87020311.50926766
3416,87020311.34819993
3417,87020311.4517485
3418,87020311.35987312
3419,87020311.35918364
3420,87020311.45425095
3421,87020311.4479587
3422,87020311.28915778
3423,87020311.55138709
3424,87020311.22492756
3425,87020311.35959081
3426,87020311.36370715
3427,87020311.43973804
3428,87020311.5131127
3429,87020311.39188628
3430,87020311.29837786
3431,87020311.22847329
3432,87020311.42233372
3433,87020311.20944554
3434,87020311.50973634
3435,87020311.49106573
3436,87020311.57071258
3437,87020311.44355866
3438,87020311.49062753
3439,87020311.49049819
3440,87020311.36393173
3441,87020311.38823491
3442,87020311.40387172
3443,87020311.56745787
3444,87020311.49504752
3445,87020311.45989835
3446,87020311.37516975
3447,87020311.51371275
3448,87020311.42432183
3449,87020311.40024559
3450,87020311.38754526
3451,87020311.30171287
3452,87020311.43128504
3453,87020311.48394236
3454,87020311.47148578
3455,87020311.40364452
3456,87020311.2806979
3457,87020311.42705987
3458,87020311.29434714
3459,87020311.46345763
3460,87020311.3859865
3461,87020311.63492478
3462,87020311.37167975
3463,87020311.32117131
3464,87020311.38671675
3465,87020311.40446717
3466,87020311.46789092
3467,87020311.43017285
3468,87020311.66796064
3469,87020311.25774015
3470,87020311.39564185
3471,87020311.29973228
3472,87020311.47234045
3473,87020311.37691586
3474,87020311.46246472
3475,87020311.4340327
3476,87020311.43790033
3477,87020311.25601926
3478,87020311.4468428
3479,87020311.42148225
3480,87020311.35734302
3481,87020311.31647083
3482,87020311.32773618
3483,87020311.38306169
3484,87020311.20197143
3485,87020311.48927948
3486,87020311.51942185
3487,87020311.43800908
3488,87020311.36715822
3489,87020311.3717181
3490,87020311.42047353
3491,87020311.33216539
3492,87020311.52594283
3493,87020311.49223788
3494,87020311.35398774
3495,87020311.40660848
3496,87020311.45479842
3497,87020311.44029029
3498,87020311.25421934
3499,87020311.5629685
3500,87020311.44603457
3501,87020311.37264957
3502,87020311.28245573
3503,87020311.41513227
3504,87020311.34397233
3505,87020311.38880004
3506,87020311.23872137
3507,87020311.36121377
3508,87020311.37581256
3509,87020311.31154749
3510,87020311.62106
3511,87020311.6207321
3512,87020311.35472141
3513,87020311.4459094
3514,87020311.28518352
3515,87020311.30855629
3516,87020311.38880736
3517,87020311.38835822
3518,87020311.37510231
3519,87020311.34924102
3520,87020311.4165695
3521,87020311.55470948
3522,87020311.30345777
3523,87020311.34161708
3524,87020311.47901818
3525,87020311.43301135
3526,87020311.48031133
3527,87020311.40856592
3528,87020311.32169352
3529,87020311.47145595
3530,87020311.305921
3531,87020311.31604946
3532,87020311.56775123
3533,87020311.36714557
3534,87020311.44944902
3535,87020311.30832657
3536,87020311.56020795
3537,87020311.32624406
3538,87020311.35636525
3539,87020311.25349858
3540,87020311.29645744
3541,87020311.33132628
3542,87020311.40178342
3543,87020311.29359159
3544,87020311.24246976
3545,87020311.50423083
3546,87020311.3644612
3547,87020311.33053584
3548,87020311.38538952
3549,87020311.50823511
3550,87020311.58566101
3551,87020311.53362384
3552,87020311.33202247
3553,87020311.3327451
3554,87020311.38159949
3555,87020311.39235985
3556,87020311.53709209
3557,87020311.39463061
3558,87020311.44608118
3559,87020311.39399023
3560,87020311.3039523
3561,87020311.33823736
3562,87020311.5541667
3563,87020311.45773411
3564,87020311.51983635
3565,87020311.28508095
3566,87020311.44425547
3567,87020311.38856778
3568,87020311.53593494
3569,87020311.55615327
3570,87020311.29613194
3571,87020311.24542357
3572,87020311.47274157
3573,87020311.34188257
3574,87020311.41853409
3575,87020311.32977751
3576,87020311.4757159
3577,87020311.49613518
3578,87020311.38421266
3579,87020311.31445105
3580,87020311.31352198
3581,87020311.46075767
3582,87020311.32849288
3583,87020311.48132187
3584,87020311.61363783
3585,87020311.37735136
3586,87020311.59674825
3587,87020311.46706878
3588,87020311.48665406
3589,87020311.51655324
3590,87020311.5186297
3591,87020311.46187764
3592,87020311.45183243
3593,87020311.45383982
3594,87020311.30352141
3595,87020311.44854549
3596,87020311.47116682
3597,87020311.27287664
3598,87020311.59748338
3599,87020311.40252665
3600,87020311.46909457
3601,87020311.26270725
3602,87020311.3285264
3603,87020311.53997603
3604,87020311.40589252
3605,87020311.37410508
3606,87020311.30957665
3607,87020311.46541168
3608,87020311.43776903
3609,87020311.35922593
3610,87020311.31325774
3611,87020311.39595059
3612,87020311.42640583
3613,87020311.29365833
3614,87020311.42228451
3615,87020311.38534927
3616,87020311.33192916
3617,87020311.15587404
3618,87020311.42587271
3619,87020311.38423097
3620,87020311.35116567
3621,87020311.43296908
3622,87020311.60039005
3623,87020311.44001997
3624,87020311.43159586
3625,87020311.47707446
3626,87020311.40539764
3627,87020311.40499246
3628,87020311.23492944
3629,87020311.50861719
3630,87020311.511039
3631,87020311.5786476
3632,87020311.3764521
3633,87020311.62461667
3634,87020311.48712352
3635,87020311.45660833
3636,87020311.36317998
3637,87020311.45298836
3638,87020311.39945243
3639,87020311.43237025
3640,87020311.32142366
3641,87020311.41898431
3642,87020311.4838476
3643,87020311.29831235
3644,87020311.2387494
3645,87020311.4581781
3646,87020311.4025037
3647,87020311.59731764
3648,87020311.42007764
3649,87020311.37693115
3650,87020311.4160443
3651,87020311.4971962
3652,87020311.2419208
3653,87020311.41233896
3654,87020311.41233893
3655,9621041.216956142
3656,9621041.216956139
3657,9621041.216956142
3658,9621041.216956114
3659,9621041.216956137
3660,9621041.216956137
3661,9621041.216956144
3662,9621041.216956133
3663,9621041.21695613
3664,9621041.216956142
3665,9621041.216956137
3666,9621041.208004022
3667,9621041.20023064
3668,9621041.197322836
3669,9621041.247828348
3670,9621041.203990312
3671,9621041.21500986
3672,9621041.269460294
3673,9621041.17052182
3674,9621041.231844619
3675,9621041.208676424
3676,9621041.232762637
3677,9621041.203076083
3678,9621041.214186314
3679,9621041.214894088
3680,9621041.221176159
3681,9621041.225761928
3682,9621041.205648262
3683,9621041.224704612
3684,9621041.212193683
3685,9621041.17727958
3686,9621041.23093226
3687,9621041.252823822
3688,9621041.249566164
3689,9621041.21373422
3690,9621041.20250661
3691,9621041.201457398
3692,9621041.227896031
3693,9621041.214702168
3694,9621041.19480343
3695,9621041.215683434
3696,9621041.229885587
3697,9621041.214286666
3698,9621041.21149185
3699,9621041.214211442
3700,9621041.181973442
3701,9621041.184521435
3702,9621041.243905403
3703,9621041.199743485
3704,9621041.211235274
3705,9621041.188059831
3706,9621041.230962988
3707,9621041.206799753
3708,9621041.197129076
3709,9621041.24137084
3710,9621041.227999672
3711,9621041.219115451
3712,9621041.192566697
3713,9621041.23269284
3714,9621041.213333149
3715,9621041.201675506
3716,9621041.220616285
3717,9621041.237144789
3718,9621041.2350931
3719,9621041.184624875
3720,9621041.201165654
3721,9621041.203538064
3722,9621041.20551353
3723,9621041.246691113
3724,9621041.233494123
3725,9621041.211231386
3726,9621041.213838626
3727,9621041.183604365
3728,9621041.233090583
3729,9621041.19111342
3730,9621041.22114847
3731,9621041.240521632
3732,9621041.211198773
3733,9621041.22727241
3734,9621041.186056145
3735,9621041.212954935
3736,9621041.211225254
3737,9621041.218197605
3738,9621041.202854568
3739,9621041.218266696
3740,9621041.235007284
3741,9621041.211246725
3742,9621041.194481809
3743,9621041.23427849
3744,9621041.20467195
3745,9621041.234333932
3746,9621041.258654652
3747,9621041.21213165
3748,9621041.193706423
3749,9621041.164307557
3750,9621041.201247307
3751,9621041.199650494
3752,9621041.222595539
3753,9621041.195547381
3754,9621041.238221077
3755,9621041.194461346
3756,9621041.214295497
3757,9621041.230564252
3758,9621041.201941032
3759,9621041.233924467
3760,9621041.239252668
3761,9621041.206128264
3762,9621041.235632783
3763,9621041.21039831
3764,9621041.208719557
3765,9621041.237881629
3766,9621041.199236255
3767,9621041.2177543
3768,9621041.21213698
3769,9621041.23415527
3770,9621041.2200502
3771,9621041.1947197
3772,9621041.264276184
3773,9621041.208360622
3774,9621041.241531974
3775,9621041.211079871
3776,9621041.240010923
3777,9621041.189061416
3778,9621041.217432998
3779,9621041.250822604
3780,9621041.222470358
3781,9621041.189810144
3782,9621041.225253917
3783,9621041.212474894
3784,9621041.229030456
3785,9621041.197773132
3786,9621041.228135427
3787,9621041.229662247
3788,9621041.191551536
3789,9621041.249561155
3790,9621041.20821795
3791,9621041.248220196
3792,9621041.228859967
3793,9621041.19365262
3794,9621041.197855284
3795,9621041.19506485
3796,9621041.19663412
3797,9621041.203095071
3798,9621041.232103843
3799,9621041.220358692
3800,9621041.19663689
3801,9621041.237720985
3802,9621041.18888574
3803,9621041.228521159
3804,9621041.221625093
3805,9621041.227384169
3806,9621041.19793109
3807,9621041.236503737
3808,9621041.177306652
3809,9621041.218562178
3810,9621041.250232155
3811,9621041.24400852
3812,9621041.205945255
3813,9621041.19752237
3814,9621041.220620925
3815,9621041.173941746
3816,9621041.23342458
3817,9621041.232191907
3818,9621041.23510766
3819,9621041.215172255
3820,9621041.233278986
3821,9621041.260327015
3822,9621041.242725465
3823,9621041.197310256
3824,9621041.156682665
3825,9621041.228700487
3826,9621041.223737301
3827,9621041.24397222
3828,9621041.204584
3829,9621041.207752021
3830,9621041.197288617
3831,9621041.18658075
3832,9621041.214822665
3833,9621041.234517582
3834,9621041.213137629
3835,9621041.196846066
3836,9621041.20689291
3837,9621041.20565453
3838,9621041.198026191
3839,9621041.206837429
3840,9621041.189561894
3841,9621041.200270807
3842,9621041.21021781
3843,9621041.218504831
3844,9621041.221522672
3845,9621041.198613005
3846,9621041.205444263
3847,9621041.202535516
3848,9621041.224175263
3849,9621041.266677283
3850,9621041.23286242
3851,9621041.197522428
3852,9621041.226435397
3853,9621041.200755488
3854,9621041.197943619
3855,9621041.204624519
3856,9621041.200010978
3857,9621041.243786419
3858,9621041.2130969
3859,9621041.19552875
3860,9621041.216198668
3861,9621041.238393452
3862,9621041.197528232
3863,9621041.234060848
3864,9621041.19131158
3865,9621041.16252522
3866,9621041.21989183
3867,9621041.243188456
3868,9621041.241707904
3869,9621041.213713018
3870,9621041.222056743
3871,9621041.223126393
3872,9621041.214510886
3873,9621041.200390775
3874,9621041.222176867
3875,9621041.235149477
3876,9621041.234085009
3877,9621041.224888526
3878,9621041.18597035
3879,9621041.206247386
3880,9621041.186112178
3881,9621041.137556132
3882,9621041.221425135
3883,9621041.193989098
3884,9621041.2304252
3885,9621041.224337006
3886,9621041.21341457
3887,9621041.213040996
3888,9621041.231191617
3889,9621041.226828929
3890,9621041.20501386
3891,9621041.207011225
3892,9621041.219748436
3893,9621041.220227823
3894,9621041.230912145
3895,9621041.202788426
3896,9621041.204414317
3897,9621041.190550964
3898,9621041.176952396
3899,9621041.245149763
3900,9621041.20193162
3901,9621041.211631589
3902,9621041.191536242
3903,9621041.215185696
3904,9621041.188068176
3905,9621041.237981183
3906,9621041.242358753
3907,9621041.26723466
3908,9621041.233851645
3909,9621041.190375654
3910,9621041.194055432
3911,9621041.210897792
3912,9621041.229664063
3913,9621041.208083393
3914,9621041.18019326
3915,9621041.22623193
3916,9621041.203191783
3917,9621041.225268384
3918,9621041.229376258
3919,9621041.190614816
3920,9621041.225003937
3921,9621041.214175284
3922,9621041.207677467
3923,9621041.174277598
3924,9621041.21653964
3925,9621041.21033076
3926,9621041.226028869
3927,9621041.19639013
3928,9621041.209738212
3929,9621041.145102154
3930,9621041.22668632
3931,9621041.252992844
3932,9621041.201486507
3933,9621041.243101787
3934,9621041.226923162
3935,9621041.208470836
3936,9621041.273128426
3937,9621041.182729654
3938,9621041.19798824
3939,9621041.246985089
3940,9621041.217851462
3941,9621041.210815199
3942,9621041.217795484
3943,9621041.177047355
3944,9621041.229905013
3945,9621041.187754786
3946,9621041.188340986
3947,9621041.191375537
3948,9621041.18905627
3949,9621041.239360604
3950,9621041.207609322
3951,9621041.245781641
3952,9621041.250350213
3953,9621041.237957405
3954,9621041.240741154
3955,9621041.247191787
3956,9621041.220642673
3957,9621041.207779739
3958,9621041.236663282
3959,9621041.176847642
3960,9621041.189246522
3961,9621041.245673079
3962,9621041.23561984
3963,9621041.231933864
3964,9621041.20638047
3965,9621041.235389132
3966,9621041.192268038
3967,9621041.2353788
3968,9621041.234996974
3969,9621041.219925426
3970,9621041.21303235
3971,9621041.24693276
3972,9621041.201254457
3973,9621041.200988516
3974,9621041.23650897
3975,9621041.250071762
3976,9621041.201683583
3977,9621041.195691193
3978,9621041.231923064
3979,9621041.25776898
3980,9621041.219846563
3981,9621041.217303716
3982,9621041.193414884
3983,9621041.238542426
3984,9621041.20788715
3985,9621041.192169728
3986,9621041.196660219
3987,9621041.189288154
3988,9621041.201384947
3989,9621041.188381966
3990,9621041.189595705
3991,9621041.241354104
3992,9621041.235893471
3993,9621041.206100177
3994,9621041.20140962
3995,9621041.171523342
3996,9621041.199425152
3997,9621041.24075171
3998,9621041.191581978
3999,9621041.20162269
4000,9621041.207568228
4001,9621041.25942675
4002,9621041.219041862
4003,9621041.216653237
4004,9621041.206442669
4005,9621041.236982815
4006,9621041.168766009
4007,9621041.208655031
4008,9621041.204374779
4009,9621041.179140495
4010,9621041.26841616
4011,9621041.194637762
4012,9621041.264988137
4013,9621041.217134176
4014,9621041.200350355
4015,9621041.270946737
4016,9621041.202632278
4017,9621041.221382016
4018,9621041.204409037
4019,9621041.20655289
4020,9621041.236714022
4021,9621041.18123292
4022,9621041.242685411
4023,9621041.215123655
4024,9621041.200364966
4025,9621041.227316992
4026,9621041.205836603
4027,9621041.235435683
4028,9621041.228818718
4029,9621041.226286635
4030,9621041.211253623
4031,9621041.193046624
4032,9621041.194606347
4033,9621041.264119126
4034,9621041.254286341
4035,9621041.222313447
4036,9621041.220250309
4037,9621041.19580665
4038,9621041.221268767
4039,9621041.20024823
4040,9621041.237167625
4041,9621041.212117353
4042,9621041.210940301
4043,9621041.211798672
4044,9621041.22397153
4045,9621041.172329023
4046,9621041.19844527
4047,9621041.207386402
4048,9621041.236770203
4049,9621041.16303249
4050,9621041.236380996
4051,9621041.246930324
4052,9621041.18685844
4053,9621041.232037276
4054,9621041.20649835
4055,9621041.237445064
4056,9621041.214983752
4057,9621041.21462774
4058,9621041.17715694
4059,9621041.242496928
4060,9621041.193621319
4061,9621041.25102399
4062,9621041.182798507
4063,9621041.232627349
4064,9621041.195679016
4065,9621041.207029276
4066,9621041.226330627
4067,9621041.228879197
4068,9621041.214410175
4069,9621041.222583147
4070,9621041.276955593
4071,9621041.224951303
4072,9621041.235852497
4073,9621041.229984645
4074,9621041.226467106
4075,9621041.201502882
4076,9621041.224750556
4077,9621041.248509048
4078,9621041.181173034
4079,9621041.249659605
4080,9621041.237188194
4081,9621041.248537708
4082,9621041.191692397
4083,9621041.22171632
4084,9621041.260244053
4085,9621041.21418224
4086,9621041.183454407
4087,9621041.205798138
4088,9621041.197843906
4089,9621041.202435637
4090,9621041.214963544
4091,9621041.201517917
4092,9621041.245827438
4093,9621041.223177288
4094,9621041.181772372
4095,9621041.172853824
4096,9621041.202471253
4097,9621041.236245358
4098,9621041.206500808
4099,9621041.20139073
4100,9621041.199375771
4101,9621041.202641271
4102,9621041.185441066
4103,9621041.248313637
4104,9621041.25902109
4105,9621041.212501418
4106,9621041.20062416
4107,9621041.236788372
4108,9621041.228364088
4109,9621041.26095714
4110,9621041.190937202
4111,9621041.246333238
4112,9621041.214646453
4113,9621041.215523416
4114,9621041.245693114
4115,9621041.214727623
4116,9621041.184934843
4117,9621041.216512
4118,9621041.21187338
4119,9621041.211435186
4120,9621041.186360527
4121,9621041.254772792
4122,9621041.20351926
4123,9621041.210096318
4124,9621041.21148106
4125,9621041.21270778
4126,9621041.198530452
4127,9621041.224441115
4128,9621041.20001315
4129,9621041.238698052
4130,9621041.209493622
4131,9621041.215997202
4132,9621041.229633473
4133,9621041.162854442
4134,9621041.198982492
4135,9621041.235123193
4136,9621041.213618392
4137,9621041.228190884
4138,9621041.198397828
4139,9621041.195360381
4140,9621041.218742158
4141,9621041.228534102
4142,9621041.199069822
4143,9621041.217440793
4144,9621041.208769333
4145,9621041.201836212
4146,9621041.24782423
4147,9621041.20601251
4148,9621041.196089502
4149,9621041.223959208
4150,9621041.209863422
4151,9621041.197718754
4152,9621041.229444519
4153,9621041.229614383
4154,9621041.19703923
4155,9621041.230128497
4156,9621041.200010102
4157,9621041.239035966
4158,9621041.204221766
4159,9621041.242257796
4160,9621041.216304496
4161,9621041.217877302
4162,9621041.234010173
4163,9621041.183106838
4164,9621041.154137328
4165,9621041.204266237
4166,9621041.232559737
4167,9621041.238751246
4168,9621041.231581565
4169,9621041.20027065
4170,9621041.254537858
4171,9621041.20178119
4172,9621041.239981474
4173,9621041.218346918
4174,9621041.201007126
4175,9621041.246862572
4176,9621041.212654788
4177,9621041.217604326
4178,9621041.250649512
4179,9621041.173318863
4180,9621041.202450667
4181,9621041.21409504
4182,9621041.223637309
4183,9621041.221840281
4184,9621041.243913071
4185,9621041.20648599
4186,9621041.200510655
4187,9621041.227459196
4188,9621041.186918464
4189,9621041.192356598
4190,9621041.232566329
4191,9621041.21142393
4192,9621041.211401701
4193,9621041.178517962
4194,9621041.1915925
4195,9621041.240661573
4196,9621041.189413441
4197,9621041.18421874
4198,9621041.22758467
4199,9621041.198650748
4200,9621041.208135087
4201,9621041.193919268
4202,9621041.212324336
4203,9621041.22097299
4204,9621041.223184539
4205,9621041.201085387
4206,9621041.22813073
4207,9621041.225051848
4208,9621041.260048395
4209,9621041.171975445
4210,9621041.214240225
4211,9621041.247501398
4212,9621041.216453277
4213,9621041.180661848
4214,9621041.188738562
4215,9621041.206817994
4216,9621041.1831274
4217,9621041.205169583
4218,9621041.218969144
4219,9621041.197503518
4220,9621041.229545956
4221,9621041.210040689
4222,9621041.180271557
4223,9621041.2000056
4224,9621041.249886723
4225,9621041.20297715
4226,9621041.21461567
4227,9621041.241649894
4228,9621041.217916252
4229,9621041.21694048
4230,9621041.22889687
4231,9621041.18795135
4232,9621041.181248045
4233,9621041.209718069
4234,9621041.211896915
4235,9621041.22581594
4236,9621041.204129046
4237,9621041.25410479
4238,9621041.221401267
4239,9621041.192763235
4240,9621041.217773503
4241,9621041.183209999
4242,9621041.198616646
4243,9621041.197556732
4244,9621041.25141634
4245,9621041.208830103
4246,9621041.240173653
4247,9621041.186346382
4248,9621041.202008005
4249,9621041.198913092
4250,9621041.221647853
4251,9621041.213477688
4252,9621041.241164388
4253,9621041.234994553
4254,9621041.238993375
4255,9621041.209083803
4256,9621041.243580591
4257,9621041.175977426
4258,9621041.194657858
4259,9621041.231318181
4260,9621041.243380576
4261,9621041.218790855
4262,9621041.222848982
4263,9621041.189563725
4264,9621041.225124914
4265,9621041.236952113
4266,9621041.20342833
4267,9621041.166750353
4268,9621041.234015916
4269,9621041.211461976
4270,9621041.19941441
4271,9621041.230038892
4272,9621041.21698174
4273,9621041.181950634
4274,9621041.199786322
4275,9621041.227154886
4276,9621041.234205808
4277,9621041.214454597
4278,9621041.18203639
4279,9621041.210411336
4280,9621041.205388865
4281,9621041.19015543
4282,9621041.221700685
4283,9621041.226468896
4284,9621041.214838339
4285,9621041.168110488
4286,9621041.250711735
4287,9621041.223523099
4288,9621041.218733532
4289,9621041.231966292
4290,9621041.23206578
4291,9621041.209083648
4292,9621041.22999306
4293,9621041.202791426
4294,9621041.210154379
4295,9621041.215651527
4296,9621041.209317813
4297,9621041.19981261
4298,9621041.206991086
4299,9621041.254707972
4300,9621041.256285556
4301,9621041.224453317
4302,9621041.218130026
4303,9621041.22077873
4304,9621041.201122828
4305,9621041.221313393
4306,9621041.206653884
4307,9621041.225365296
4308,9621041.248425199
4309,9621041.2216118
4310,9621041.220161583
4311,9621041.21552515
4312,9621041.235328997
4313,9621041.212937398
4314,9621041.227557125
4315,9621041.216199582
4316,9621041.246607784
4317,9621041.230265196
4318,9621041.212415876
4319,9621041.210902238
4320,9621041.224640207
4321,9621041.214183316
4322,9621041.245165847
4323,9621041.184938706
4324,9621041.202452222
4325,9621041.189451154
4326,9621041.196845276
4327,9621041.21977101
4328,9621041.205826635
4329,9621041.25488328
4330,9621041.21088751
4331,9621041.198241554
4332,9621041.208294155
4333,9621041.193202008
4334,9621041.20880809
4335,9621041.253672102
4336,9621041.211570775
4337,9621041.22216833
4338,9621041.250923043
4339,9621041.239119492
4340,9621041.204749577
4341,9621041.209816437
4342,9621041.212921305
4343,9621041.218284804
4344,9621041.23476096
4345,9621041.21029391
4346,9621041.22291324
4347,9621041.23843875
4348,9621041.182669716
4349,9621041.239255186
4350,9621041.22230827
4351,9621041.214866154
4352,9621041.231909085
4353,9621041.244324274
4354,9621041.220495254
4355,9621041.215144213
4356,9621041.201303491
4357,9621041.215506949
4358,9621041.196596663
4359,9621041.237125486
4360,9621041.238424463
4361,9621041.20602946
4362,9621041.21826518
4363,9621041.190817745
4364,9621041.22442862
4365,9621041.228994567
4366,9621041.22575266
4367,9621041.236346222
4368,9621041.20508653
4369,9621041.20937011
4370,9621041.182141112
4371,9621041.185421605
4372,9621041.215565005
4373,9621041.231396856
4374,9621041.19120116
4375,9621041.231035534
4376,9621041.24311597
4377,9621041.242205098
4378,9621041.233692339
4379,9621041.197704472
4380,9621041.179166602
4381,9621041.222352311
4382,9621041.207902174
4383,9621041.209153915
4384,9621041.21695614
4385,9621041.216956144
4386,5750410.128678676
4387,5750410.1286786795
4388,5750410.128678679
4389,5750410.128678678
4390,5750410.128678674
4391,5750410.128678682
4392,5750410.128678676
4393,5750410.128678677
4394,5750410.128678673
4395,5750410.128678672
4396,5750410.128678675
4397,5750410.117939248
4398,5750410.123948494
4399,5750410.133288849
4400,5750410.128094279
4401,5750410.137644904
4402,5750410.123857749
4403,5750410.144791407
4404,5750410.128362368
4405,5750410.13616493
4406,5750410.135408825
4407,5750410.146605526
4408,5750410.125022218
4409,5750410.139206648
4410,5750410.117994802
4411,5750410.12498826
4412,5750410.132211173
4413,5750410.123109672
4414,5750410.126628919
4415,5750410.13421774
4416,5750410.109855749
4417,5750410.134502087
4418,5750410.143681167
4419,5750410.131237373
4420,5750410.119868584
4421,5750410.132861957
4422,5750410.132394294
4423,5750410.114400889
4424,5750410.123523453
4425,5750410.119423637
4426,5750410.118552444
4427,5750410.125610451
4428,5750410.134932356
4429,5750410.120454819
4430,5750410.139994313
4431,5750410.111838055
4432,5750410.1215885505
4433,5750410.145873659
4434,5750410.130539181
4435,5750410.136130168
4436,5750410.126218727
4437,5750410.136156145
4438,5750410.136847035
4439,5750410.121636103
4440,5750410.143843803
4441,5750410.128239076
4442,5750410.1340114325
4443,5750410.121754732
4444,5750410.136796821
4445,5750410.119114421
4446,5750410.127288545
4447,5750410.128103798
4448,5750410.1430288255
4449,5750410.12127224
4450,5750410.129155533
4451,5750410.12830665
4452,5750410.139793893
4453,5750410.138264833
4454,5750410.127086661
4455,5750410.132949859
4456,5750410.122216454
4457,5750410.1370109385
4458,5750410.125605646
4459,5750410.132887256
4460,5750410.116753332
4461,5750410.140535091
4462,5750410.140295254
4463,5750410.1301485635
4464,5750410.120517306
4465,5750410.117582824
4466,5750410.132021035
4467,5750410.138369832
4468,5750410.137074652
4469,5750410.138721365
4470,5750410.140187148
4471,5750410.133252061
4472,5750410.12294067
4473,5750410.09927496
4474,5750410.138259191
4475,5750410.125888941
4476,5750410.1263194345
4477,5750410.142035622
4478,5750410.118441171
4479,5750410.12090072
4480,5750410.124310429
4481,5750410.122650557
4482,5750410.113378561
4483,5750410.126713786
4484,5750410.14406488
4485,5750410.133308432
4486,5750410.1206678795
4487,5750410.136408969
4488,5750410.142019394
4489,5750410.125126794
4490,5750410.131778605
4491,5750410.123050327
4492,5750410.128889519
4493,5750410.132842662
4494,5750410.133296434
4495,5750410.120621874
4496,5750410.147963699
4497,5750410.110521904
4498,5750410.131285081
4499,5750410.142075336
4500,5750410.135514265
4501,5750410.129770192
4502,5750410.109115938
4503,5750410.139048331
4504,5750410.133667721
4505,5750410.126396727
4506,5750410.136147842
4507,5750410.129246839
4508,5750410.125748606
4509,5750410.121496916
4510,5750410.134994137
4511,5750410.138556473
4512,5750410.113258177
4513,5750410.137937365
4514,5750410.123095358
4515,5750410.126450331
4516,5750410.138443285
4517,5750410.132652533
4518,5750410.134534093
4519,5750410.117134399
4520,5750410.125536825
4521,5750410.128688859
4522,5750410.138115373
4523,5750410.13778176
4524,5750410.130396347
4525,5750410.119611513
4526,5750410.12100532
4527,5750410.110582439
4528,5750410.117528018
4529,5750410.116056569
4530,5750410.1363870865
4531,5750410.118173768
4532,5750410.145697473
4533,5750410.133708664
4534,5750410.139186349
4535,5750410.136588807
4536,5750410.132366965
4537,5750410.122514931
4538,5750410.139949011
4539,5750410.121550269
4540,5750410.120252234
4541,5750410.119161584
4542,5750410.140643753
4543,5750410.118916446
4544,5750410.135757042
4545,5750410.128316683
4546,5750410.112780293
4547,5750410.123857813
4548,5750410.147203883
4549,5750410.118538365
4550,5750410.133222302
4551,5750410.122781796
4552,5750410.136253064
4553,5750410.141726134
4554,5750410.114509492
4555,5750410.114286093
4556,5750410.139777981
4557,5750410.140384379
4558,5750410.143322918
4559,5750410.130171307
4560,5750410.129306699
4561,5750410.128141297
4562,5750410.135418185
4563,5750410.129403847
4564,5750410.118039166
4565,5750410.114740499
4566,5750410.133541951
4567,5750410.12898585
4568,5750410.127323475
4569,5750410.122234484
4570,5750410.114588559
4571,5750410.142547917
4572,5750410.121115492
4573,5750410.133390256
4574,5750410.140353703
4575,5750410.129452135
4576,5750410.125061442
4577,5750410.133298153
4578,5750410.119116203
4579,5750410.123938993
4580,5750410.13733322
4581,5750410.142640183
4582,5750410.124056962
4583,5750410.148627541
4584,5750410.123904553
4585,5750410.110629722
4586,5750410.125106402
4587,5750410.124321314
4588,5750410.144555928
4589,5750410.129046914
4590,5750410.119521136
4591,5750410.124310524
4592,5750410.131764824
4593,5750410.116531958
4594,5750410.145222131
4595,5750410.11804496
4596,5750410.121985903
4597,5750410.138669846
4598,5750410.142839492
4599,5750410.133574905
4600,5750410.13175819
4601,5750410.136700305
4602,5750410.117495063
4603,5750410.129370639
4604,5750410.119334089
4605,5750410.137065075
4606,5750410.129076966
4607,5750410.142788546
4608,5750410.132933888
4609,5750410.119820498
4610,5750410.13560189
4611,5750410.115495259
4612,5750410.10679313
4613,5750410.135490674
4614,5750410.117724548
4615,5750410.138322079
4616,5750410.132227054
4617,5750410.133144656
4618,5750410.133452481
4619,5750410.130852582
4620,5750410.137839833
4621,5750410.11943542
4622,5750410.128953469
4623,5750410.124766919
4624,5750410.135446783
4625,5750410.117038208
4626,5750410.12938149
4627,5750410.121156745
4628,5750410.120834821
4629,5750410.117956906
4630,5750410.126116106
4631,5750410.133061003
4632,5750410.131379202
4633,5750410.122361946
4634,5750410.128512922
4635,5750410.118143729
4636,5750410.150473623
4637,5750410.156307489
4638,5750410.136948138
4639,5750410.129668624
4640,5750410.125464647
4641,5750410.109706045
4642,5750410.13563047
4643,5750410.1364592975
4644,5750410.116965022
4645,5750410.122500157
4646,5750410.136610157
4647,5750410.127575494
4648,5750410.122700975
4649,5750410.128375202
4650,5750410.12426664
4651,5750410.133514385
4652,5750410.123822069
4653,5750410.134846076
4654,5750410.12541131
4655,5750410.141874503
4656,5750410.127796114
4657,5750410.137012649
4658,5750410.113914036
4659,5750410.141334584
4660,5750410.10821087
4661,5750410.1325103855
4662,5750410.141060355
4663,5750410.116879401
4664,5750410.141539573
4665,5750410.137098233
4666,5750410.136497493
4667,5750410.142552504
4668,5750410.129546925
4669,5750410.119846707
4670,5750410.120890638
4671,5750410.146892889
4672,5750410.110214743
4673,5750410.127462991
4674,5750410.121955312
4675,5750410.131572246
4676,5750410.136842582
4677,5750410.120220632
4678,5750410.127735661
4679,5750410.108625203
4680,5750410.137707435
4681,5750410.1435415605
4682,5750410.132821487
4683,5750410.129359456
4684,5750410.12879807
4685,5750410.1395375505
4686,5750410.139854951
4687,5750410.115338226
4688,5750410.124414701
4689,5750410.1351161115
4690,5750410.12673353
4691,5750410.115609876
4692,5750410.152695211
4693,5750410.13473689
4694,5750410.140000577
4695,5750410.1150571
4696,5750410.116560416
4697,5750410.121885973
4698,5750410.149694865
4699,5750410.146682974
4700,5750410.129920546
4701,5750410.120792007
4702,5750410.141441431
4703,5750410.128577996
4704,5750410.136602286
4705,5750410.132371439
4706,5750410.136505065
4707,5750410.132955159
4708,5750410.124144142
4709,5750410.147426288
4710,5750410.143407621
4711,5750410.121809758
4712,5750410.130779861
4713,5750410.124724701
4714,5750410.123526823
4715,5750410.126592084
4716,5750410.114021134
4717,5750410.12331954
4718,5750410.11178175
4719,5750410.133111357
4720,5750410.119296835
4721,5750410.130221158
4722,5750410.136591654
4723,5750410.128535361
4724,5750410.125443959
4725,5750410.133126054
4726,5750410.124836838
4727,5750410.115394602
4728,5750410.129312694
4729,5750410.117134846
4730,5750410.11480146
4731,5750410.141779753
4732,5750410.134744555
4733,5750410.138400109
4734,5750410.124456649
4735,5750410.129236061
4736,5750410.146995083
4737,5750410.11534887
4738,5750410.123163247
4739,5750410.119884961
4740,5750410.110550171
4741,5750410.1362425415
4742,5750410.136915443
4743,5750410.14499311
4744,5750410.125433913
4745,5750410.130266104
4746,5750410.139199328
4747,5750410.128762301
4748,5750410.137028736
4749,5750410.145507055
4750,5750410.119444949
4751,5750410.118801444
4752,5750410.113956578
4753,5750410.121724704
4754,5750410.118839886
4755,5750410.140609733
4756,5750410.14538108
4757,5750410.134582478
4758,5750410.146510631
4759,5750410.121859498
4760,5750410.127597859
4761,5750410.115083493
4762,5750410.124367137
4763,5750410.110429135
4764,5750410.150748009
4765,5750410.126958813
4766,5750410.1453202665
4767,5750410.128590651
4768,5750410.116689526
4769,5750410.122424187
4770,5750410.134346996
4771,5750410.137340811
4772,5750410.120930687
4773,5750410.116061721
4774,5750410.12786105
4775,5750410.134377457
4776,5750410.1101724105
4777,5750410.124399781
4778,5750410.117881695
4779,5750410.117734595
4780,5750410.121162313
4781,5750410.122941101
4782,5750410.132136875
4783,5750410.126005011
4784,5750410.137346268
4785,5750410.132332681
4786,5750410.129778956
4787,5750410.12391996
4788,5750410.127984815
4789,5750410.132240487
4790,5750410.143035211
4791,5750410.125077728
4792,5750410.140914184
4793,5750410.105926346
4794,5750410.131303374
4795,5750410.1277314685
4796,5750410.107130679
4797,5750410.127988478
4798,5750410.134201242
4799,5750410.106777957
4800,5750410.151146365
4801,5750410.154405509
4802,5750410.120881004
4803,5750410.120994534
4804,5750410.142967435
4805,5750410.136688574
4806,5750410.132926624
4807,5750410.147156339
4808,5750410.138892015
4809,5750410.148399497
4810,5750410.113463006
4811,5750410.120829808
4812,5750410.139457532
4813,5750410.13051313
4814,5750410.132847324
4815,5750410.155025721
4816,5750410.120384776
4817,5750410.11735937
4818,5750410.121081506
4819,5750410.113506911
4820,5750410.129746654
4821,5750410.1476744
4822,5750410.135456516
4823,5750410.15643213
4824,5750410.131670991
4825,5750410.1183808325
4826,5750410.112666389
4827,5750410.12708801
4828,5750410.107637318
4829,5750410.122131894
4830,5750410.103845098
4831,5750410.121302311
4832,5750410.120008327
4833,5750410.129324801
4834,5750410.135250124
4835,5750410.142940376
4836,5750410.139857005
4837,5750410.133438641
4838,5750410.127111863
4839,5750410.11806721
4840,5750410.140870868
4841,5750410.14055168
4842,5750410.136714484
4843,5750410.140201119
4844,5750410.115187821
4845,5750410.141683936
4846,5750410.13719282
4847,5750410.130000423
4848,5750410.136522241
4849,5750410.1263244515
4850,5750410.1428577965
4851,5750410.120208599
4852,5750410.128351683
4853,5750410.1258454025
4854,5750410.14099064
4855,5750410.114092061
4856,5750410.136873671
4857,5750410.117055496
4858,5750410.139243489
4859,5750410.141924707
4860,5750410.1548060095
4861,5750410.125661563
4862,5750410.124498561
4863,5750410.13500491
4864,5750410.116898006
4865,5750410.120292947
4866,5750410.135521375
4867,5750410.142262027
4868,5750410.1238242155
4869,5750410.132637157
4870,5750410.126452571
4871,5750410.133311183
4872,5750410.13030204
4873,5750410.124243615
4874,5750410.126381112
4875,5750410.121878661
4876,5750410.13103824
4877,5750410.123827549
4878,5750410.1380084595
4879,5750410.133586653
4880,5750410.132159078
4881,5750410.137169843
4882,5750410.144026153
4883,5750410.137088092
4884,5750410.12480827
4885,5750410.123689717
4886,5750410.158630496
4887,5750410.11711656
4888,5750410.129771767
4889,5750410.111636321
4890,5750410.142200619
4891,5750410.108898216
4892,5750410.136615887
4893,5750410.128077281
4894,5750410.115532527
4895,5750410.107625864
4896,5750410.123712833
4897,5750410.135002616
4898,5750410.140552801
4899,5750410.11780297
4900,5750410.127194992
4901,5750410.136875121
4902,5750410.121607065
4903,5750410.131052575
4904,5750410.127869219
4905,5750410.134322136
4906,5750410.139172747
4907,5750410.123034748
4908,5750410.140549526
4909,5750410.152025814
4910,5750410.129448934
4911,5750410.119288109
4912,5750410.120330276
4913,5750410.131386035
4914,5750410.134045411
4915,5750410.146914619
4916,5750410.135326873
4917,5750410.121362023
4918,5750410.1341719115
4919,5750410.1187302405
4920,5750410.110006511
4921,5750410.12972074
4922,5750410.129523824
4923,5750410.123820291
4924,5750410.112138811
4925,5750410.122678575
4926,5750410.13610969
4927,5750410.122678268
4928,5750410.127925398
4929,5750410.117693176
4930,5750410.130772625
4931,5750410.130462261
4932,5750410.12602107
4933,5750410.1240802435
4934,5750410.130192553
4935,5750410.131281489
4936,5750410.126411814
4937,5750410.133452918
4938,5750410.134531314
4939,5750410.118600281
4940,5750410.120062002
4941,5750410.13400575
4942,5750410.135774911
4943,5750410.129353873
4944,5750410.107795163
4945,5750410.123847094
4946,5750410.141750944
4947,5750410.114808171
4948,5750410.121496967
4949,5750410.131056282
4950,5750410.104678756
4951,5750410.125045161
4952,5750410.121875531
4953,5750410.111826385
4954,5750410.131833885
4955,5750410.129591687
4956,5750410.1385426065
4957,5750410.128997759
4958,5750410.13504198
4959,5750410.14743697
4960,5750410.129273
4961,5750410.141374923
4962,5750410.1314136265
4963,5750410.113231387
4964,5750410.125957377
4965,5750410.125586739
4966,5750410.1269687535
4967,5750410.129380701
4968,5750410.128517084
4969,5750410.138665712
4970,5750410.124388682
4971,5750410.142545158
4972,5750410.119630501
4973,5750410.119306156
4974,5750410.1055307565
4975,5750410.1299718395
4976,5750410.1151135685
4977,5750410.125389341
4978,5750410.110394007
4979,5750410.137785655
4980,5750410.107775317
4981,5750410.125845134
4982,5750410.121399548
4983,5750410.138499893
4984,5750410.143871823
4985,5750410.125306756
4986,5750410.121972156
4987,5750410.1201122375
4988,5750410.130888958
4989,5750410.126916245
4990,5750410.138379315
4991,5750410.150170287
4992,5750410.119668952
4993,5750410.138945711
4994,5750410.122881477
4995,5750410.133640947
4996,5750410.129764894
4997,5750410.121239153
4998,5750410.106505228
4999,5750410.132847069
5000,5750410.129155063
5001,5750410.108589344
5002,5750410.1276957365
5003,5750410.131262253
5004,5750410.109654435
5005,5750410.130640985
5006,5750410.137057577
5007,5750410.128650597
5008,5750410.127304897
5009,5750410.11062666
5010,5750410.135131517
5011,5750410.120918214
5012,5750410.114234867
5013,5750410.132458164
5014,5750410.124600863
5015,5750410.118625782
5016,5750410.111643082
5017,5750410.126589547
5018,5750410.126902641
5019,5750410.11871428
5020,5750410.12466945
5021,5750410.122286288
5022,5750410.127075772
5023,5750410.1228789
5024,5750410.118814523
5025,5750410.112869537
5026,5750410.131175054
5027,5750410.131219063
5028,5750410.135074985
5029,5750410.133345665
5030,5750410.146592637
5031,5750410.125058125
5032,5750410.123856441
5033,5750410.127011219
5034,5750410.129669881
5035,5750410.130474708
5036,5750410.134536946
5037,5750410.12541492
5038,5750410.128125709
5039,5750410.137306498
5040,5750410.135660645
5041,5750410.116783718
5042,5750410.138075009
5043,5750410.135867731
5044,5750410.123992392
5045,5750410.129676073
5046,5750410.132319152
5047,5750410.142332119
5048,5750410.112550906
5049,5750410.143068361
5050,5750410.125537918
5051,5750410.108938873
5052,5750410.126603005
5053,5750410.143426852
5054,5750410.106599065
5055,5750410.129212965
5056,5750410.139195671
5057,5750410.111983915
5058,5750410.129186039
5059,5750410.124491039
5060,5750410.135180616
5061,5750410.116720362
5062,5750410.128312548
5063,5750410.1332001705
5064,5750410.123620439
5065,5750410.1156964535
5066,5750410.138396301
5067,5750410.137332226
5068,5750410.118531622
5069,5750410.141799429
5070,5750410.131534619
5071,5750410.120075063
5072,5750410.116728572
5073,5750410.1218854
5074,5750410.128686908
5075,5750410.13509736
5076,5750410.127793601
5077,5750410.114206789
5078,5750410.141329197
5079,5750410.122340748
5080,5750410.130922276
5081,5750410.1211984595
5082,5750410.130225975
5083,5750410.133118014
5084,5750410.137668832
5085,5750410.136536383
5086,5750410.113867244
5087,5750410.108745257
5088,5750410.132131171
5089,5750410.130032311
5090,5750410.1263203425
5091,5750410.131818146
5092,5750410.125734788
5093,5750410.121598
5094,5750410.112159745
5095,5750410.131681161
5096,5750410.116518477
5097,5750410.138790592
5098,5750410.12546256
5099,5750410.123612431
5100,5750410.130216278
5101,5750410.125019731
5102,5750410.117295537
5103,5750410.136243846
5104,5750410.132023855
5105,5750410.120858464
5106,5750410.133041844
5107,5750410.136538226
5108,5750410.146632766
5109,5750410.133342363
5110,5750410.127732035
5111,5750410.129345972
5112,5750410.13290393
5113,5750410.131800132
5114,5750410.133596809
5115,5750410.128678676
5116,5750410.128678675
5117,4110092.9906937433
5118,4110092.99069375
5119,4110092.9906937447
5120,4110092.9906937517
5121,4110092.990693749
5122,4110092.9906937485
5123,4110092.9906937494
5124,4110092.9906937503
5125,4110092.9906937433
5126,4110092.9906937527
5127,4110092.9906937475
5128,4110092.98600705
5129,4110092.994618197
5130,4110092.9969527726
5131,4110092.9824567586
5132,4110092.994247017
5133,4110092.9888400855
5134,4110092.9889179156
5135,4110092.9989741417
5136,4110092.988406687
5137,4110092.98238217
5138,4110092.9864179865
5139,4110092.9902460137
5140,4110092.9915217767
5141,4110092.995975325
5142,4110092.981602442
5143,4110092.9917693366
5144,4110092.9853238855
5145,4110092.985074758
5146,4110093.0064186174
5147,4110092.980341987
5148,4110092.9895293564
5149,4110092.991460897
5150,4110092.987421229
5151,4110092.9912712816
5152,4110092.9955817023
5153,4110092.9830791894
5154,4110092.987995545
5155,4110092.9865735173
5156,4110092.991684974
5157,4110092.998219117
5158,4110092.9820880843
5159,4110092.996566816
5160,4110092.985444425
5161,4110092.998377196
5162,4110092.9881933853
5163,4110092.992763776
5164,4110092.994207679
5165,4110092.9957903707
5166,4110092.996335389
5167,4110092.9900575406
5168,4110092.993761365
5169,4110092.9865158666
5170,4110092.9895536075
5171,4110092.994879057
5172,4110092.98436747
5173,4110092.9960420183
5174,4110092.997572933
5175,4110092.9982057316
5176,4110092.988052349
5177,4110092.988047691
5178,4110092.9920805725
5179,4110092.9896727093
5180,4110092.9828076325
5181,4110092.9823920014
5182,4110092.9940781784
5183,4110092.9911038666
5184,4110092.9937613206
5185,4110092.9852384194
5186,4110092.992145994
5187,4110092.9917001217
5188,4110092.982541636
5189,4110092.9863745924
5190,4110092.9989994923
5191,4110092.986116337
5192,4110092.9843486473
5193,4110092.991260206
5194,4110092.9959131754
5195,4110092.9899610924
5196,4110092.9910164108
5197,4110092.984737193
5198,4110092.994510769
5199,4110092.9930252815
5200,4110092.99349516
5201,4110092.995102875
5202,4110092.984214647
5203,4110092.997744838
5204,4110092.9917190536
5205,4110092.9882679973
5206,4110092.99930416
5207,4110092.9760819394
5208,4110092.9913236187
5209,4110092.9931622096
5210,4110092.996555563
5211,4110092.982715409
5212,4110092.9859337634
5213,4110092.982028327
5214,4110092.9867506083
5215,4110092.999478565
5216,4110092.9906270825
5217,4110092.995798492
5218,4110092.993481923
5219,4110093.0011530016
5220,4110092.989703589
5221,4110093.0015321802
5222,4110092.982746714
5223,4110092.9909045217
5224,4110092.9878596966
5225,4110092.9894833867
5226,4110092.9740017597
5227,4110092.997459334
5228,4110092.979643138
5229,4110093.0033319076
5230,4110092.9985596393
5231,4110092.9908326785
5232,4110092.9904348035
5233,4110092.9862310584
5234,4110092.982599946
5235,4110092.981023045
5236,4110092.9831476905
5237,4110092.983046207
5238,4110092.9886055393
5239,4110092.994532292
5240,4110092.995347046
5241,4110092.99834012
5242,4110092.9957951657
5243,4110092.9849356413
5244,4110092.998925761
5245,4110092.9935978986
5246,4110092.9919035914
5247,4110092.997694824
5248,4110092.9958203635
5249,4110092.9977634586
5250,4110092.9768361617
5251,4110092.985075788
5252,4110092.997649032
5253,4110092.9833566076
5254,4110092.9964698707
5255,4110092.9961011857
5256,4110092.983117785
5257,4110092.992092806
5258,4110092.9936365304
5259,4110092.9904996324
5260,4110092.9837544365
5261,4110093.006115033
5262,4110092.9924958837
5263,4110092.9922032803
5264,4110092.9866236765
5265,4110092.9900865764
5266,4110092.9867219618
5267,4110092.9845710993
5268,4110092.9911572235
5269,4110092.980366791
5270,4110092.993337608
5271,4110092.991013561
5272,4110092.9854374593
5273,4110092.9969827137
5274,4110092.9809873146
5275,4110092.9919039514
5276,4110092.996044485
5277,4110092.998312766
5278,4110092.994332751
5279,4110092.99584498
5280,4110092.9850238203
5281,4110092.9941679556
5282,4110092.979964343
5283,4110092.9800751307
5284,4110093.000124723
5285,4110092.9930379
5286,4110092.9908748753
5287,4110092.992107802
5288,4110092.9877660912
5289,4110092.9977196148
5290,4110092.990558976
5291,4110092.984135101
5292,4110092.9856996145
5293,4110092.999668228
5294,4110092.9865435995
5295,4110092.987250846
5296,4110092.985208845
5297,4110092.9915970275
5298,4110092.992117605
5299,4110093.0042130444
5300,4110092.990061346
5301,4110092.977478308
5302,4110093.000519749
5303,4110092.9873994826
5304,4110092.9902372006
5305,4110093.005050439
5306,4110092.9916464733
5307,4110092.998536413
5308,4110092.984627955
5309,4110092.9843999026
5310,4110092.9957218617
5311,4110092.9859807366
5312,4110092.9944314323
5313,4110092.9881152143
5314,4110093.005631611
5315,4110092.992955958
5316,4110092.991329199
5317,4110092.986396945
5318,4110092.9936560034
5319,4110092.9991120673
5320,4110092.990568985
5321,4110092.9947029
5322,4110092.9933021804
5323,4110092.990726524
5324,4110092.9838352446
5325,4110092.9857058884
5326,4110092.9852353376
5327,4110092.9820846394
5328,4110092.989549721
5329,4110093.0024523963
5330,4110092.9874621076
5331,4110092.9847442713
5332,4110092.995045903
5333,4110092.9925360167
5334,4110092.988490631
5335,4110092.976769056
5336,4110092.9815996243
5337,4110092.995914816
5338,4110093.0004462493
5339,4110092.997004503
5340,4110092.996396313
5341,4110092.989289443
5342,4110092.9910385045
5343,4110092.996223563
5344,4110092.9920177097
5345,4110092.9840134555
5346,4110093.0003222534
5347,4110092.9982252577
5348,4110092.988804533
5349,4110092.9921783963
5350,4110092.9787520836
5351,4110092.992506937
5352,4110092.9868641933
5353,4110092.9944559033
5354,4110092.9897062765
5355,4110093.002334605
5356,4110092.990033237
5357,4110092.997080968
5358,4110092.9899380384
5359,4110092.984623333
5360,4110092.991868386
5361,4110092.9851500415
5362,4110092.991911521
5363,4110092.9927258575
5364,4110093.0006187023
5365,4110092.9939034805
5366,4110092.9920458375
5367,4110092.99567761
5368,4110092.9997317824
5369,4110092.9945621537
5370,4110092.989728065
5371,4110092.981579818
5372,4110092.9954809523
5373,4110092.9944064533
5374,4110092.9947676705
5375,4110092.9860530216
5376,4110092.9927023016
5377,4110092.999739249
5378,4110092.990768358
5379,4110092.9898938895
5380,4110092.98461256
5381,4110092.992824673
5382,4110092.9900144385
5383,4110092.9916940564
5384,4110092.987698953
5385,4110092.9867440155
5386,4110092.9996077428
5387,4110092.9838320995
5388,4110092.994788721
5389,4110092.985612003
5390,4110092.9956546943
5391,4110092.988384292
5392,4110092.9933490977
5393,4110092.9940816094
5394,4110092.9881227277
5395,4110092.997786233
5396,4110092.993242223
5397,4110092.9918353697
5398,4110092.99953896
5399,4110092.993456685
5400,4110092.9962513377
5401,4110092.9866363257
5402,4110093.002943786
5403,4110092.981784961
5404,4110092.9888548166
5405,4110092.9836141146
5406,4110092.9949195893
5407,4110092.994584832
5408,4110092.990690353
5409,4110092.999263818
5410,4110092.998221994
5411,4110092.9989066757
5412,4110092.9902688344
5413,4110092.992251466
5414,4110092.9931708756
5415,4110092.9871867984
5416,4110092.99271711
5417,4110092.988178409
5418,4110092.9771904475
5419,4110092.981646802
5420,4110092.995200895
5421,4110092.994451607
5422,4110092.991784356
5423,4110092.9952789973
5424,4110092.988721146
5425,4110092.986349448
5426,4110092.9813937712
5427,4110092.984203563
5428,4110092.9870812
5429,4110092.9905366367
5430,4110093.0021565184
5431,4110092.987642904
5432,4110092.9809447555
5433,4110092.989843892
5434,4110092.981626922
5435,4110092.9982129177
5436,4110092.9860291295
5437,4110092.990988457
5438,4110092.9907748555
5439,4110092.997717526
5440,4110093.002028129
5441,4110092.9903253163
5442,4110092.9859966002
5443,4110092.994068053
5444,4110092.990868927
5445,4110092.9918032736
5446,4110093.0009383787
5447,4110092.983413668
5448,4110092.992464756
5449,4110092.982000938
5450,4110092.995304903
5451,4110093.0028488417
5452,4110092.9971789047
5453,4110092.995231547
5454,4110092.9874607264
5455,4110092.9954827707
5456,4110092.987490866
5457,4110092.9889384503
5458,4110092.977999896
5459,4110092.99071478
5460,4110093.0004015267
5461,4110092.9815497054
5462,4110092.9966052845
5463,4110092.9863421805
5464,4110092.996869064
5465,4110092.9787535267
5466,4110092.9943660093
5467,4110092.9923075573
5468,4110092.98297438
5469,4110092.989175913
5470,4110092.9810518497
5471,4110092.9868522575
5472,4110092.991625032
5473,4110093.0046437667
5474,4110092.9901267667
5475,4110092.982923239
5476,4110092.9882493955
5477,4110092.989711093
5478,4110092.9941692036
5479,4110092.9996386524
5480,4110092.997128573
5481,4110092.9944343944
5482,4110092.9934033626
5483,4110092.9924025824
5484,4110092.977129325
5485,4110092.9909739275
5486,4110092.9860596703
5487,4110092.9975702935
5488,4110092.995743898
5489,4110093.006019888
5490,4110092.98704017
5491,4110092.987749884
5492,4110092.985443176
5493,4110092.9915003954
5494,4110092.982536647
5495,4110093.0007899795
5496,4110092.9829784716
5497,4110092.9979430693
5498,4110092.9896156797
5499,4110092.994039711
5500,4110092.9878206053
5501,4110092.987190863
5502,4110092.9936420354
5503,4110092.986769295
5504,4110092.983317268
5505,4110092.980460571
5506,4110092.9944726136
5507,4110092.9851162992
5508,4110092.9893142846
5509,4110092.9835480093
5510,4110092.9905896285
5511,4110092.994923456
5512,4110092.9864883916
5513,4110092.987129737
5514,4110092.994736157
5515,4110093.00087384
5516,4110092.992554628
5517,4110092.98642262
5518,4110092.993638289
5519,4110092.9850571114
5520,4110092.98862046
5521,4110092.994641136
5522,4110092.99020074
5523,4110092.9923302494
5524,4110092.9861578275
5525,4110092.984869094
5526,4110092.986190427
5527,4110092.9825780345
5528,4110092.9900920507
5529,4110092.9899800606
5530,4110092.97188894
5531,4110092.995462167
5532,4110093.0081601273
5533,4110092.9873980265
5534,4110092.986492443
5535,4110092.991343471
5536,4110092.9957324197
5537,4110092.9966707965
5538,4110093.000886766
5539,4110092.987974552
5540,4110093.003233138
5541,4110092.9838058837
5542,4110092.9923683293
5543,4110092.995901958
5544,4110092.9891053014
5545,4110092.9875338655
5546,4110092.99725745
5547,4110092.985355501
5548,4110092.9971644934
5549,4110092.9890133203
5550,4110092.985264383
5551,4110092.988158962
5552,4110092.9963842146
5553,4110093.000440355
5554,4110092.995138914
5555,4110092.995315242
5556,4110092.9883837947
5557,4110092.9848892605
5558,4110092.9973691315
5559,4110092.98777275
5560,4110092.9848807035
5561,4110092.9774092226
5562,4110092.980372998
5563,4110092.992844153
5564,4110092.9962034966
5565,4110092.9979473855
5566,4110092.9950451334
5567,4110092.9910329925
5568,4110092.9944141465
5569,4110092.9904130627
5570,4110092.9813768854
5571,4110092.9947418645
5572,4110092.9898633403
5573,4110092.9861295186
5574,4110093.000834696
5575,4110092.98191017
5576,4110092.993810914
5577,4110092.991329377
5578,4110092.988780247
5579,4110092.9892139216
5580,4110092.989342213
5581,4110092.997563121
5582,4110092.9977760646
5583,4110092.979999662
5584,4110092.988536228
5585,4110092.988356056
5586,4110092.99317975
5587,4110092.996234364
5588,4110092.985468759
5589,4110092.9843076114
5590,4110093.0008691573
5591,4110092.997531964
5592,4110092.982458672
5593,4110092.985037804
5594,4110092.9901156723
5595,4110093.0052134106
5596,4110092.9823660078
5597,4110092.9909000397
5598,4110093.003618914
5599,4110092.986134367
5600,4110092.987551677
5601,4110092.986060756
5602,4110092.9983397163
5603,4110092.985690912
5604,4110092.98995083
5605,4110092.9954960677
5606,4110092.9889052836
5607,4110092.989986495
5608,4110092.980811016
5609,4110092.995405489
5610,4110092.991366952
5611,4110092.985734371
5612,4110092.988625981
5613,4110093.0018575196
5614,4110092.9816431124
5615,4110092.9926428716
5616,4110092.9927821704
5617,4110093.000922762
5618,4110092.9942937233
5619,4110092.982871153
5620,4110092.9805831956
5621,4110093.0001212987
5622,4110092.98651647
5623,4110092.985930783
5624,4110092.9910822106
5625,4110092.9849606855
5626,4110092.9830380087
5627,4110092.981201381
5628,4110092.983746723
5629,4110092.993878136
5630,4110092.9845684785
5631,4110092.9950316176
5632,4110092.9860593034
5633,4110092.979594802
5634,4110092.9951373166
5635,4110092.994621828
5636,4110092.990193903
5637,4110092.991212361
5638,4110092.9854712035
5639,4110092.996512026
5640,4110092.995044513
5641,4110092.998839083
5642,4110092.9970686072
5643,4110092.986104863
5644,4110092.9886623155
5645,4110092.9933443307
5646,4110092.9916952737
5647,4110092.9853522596
5648,4110092.9803638738
5649,4110092.993719625
5650,4110092.997359336
5651,4110092.993377685
5652,4110092.99324731
5653,4110092.9952133223
5654,4110092.9925088407
5655,4110092.9885192267
5656,4110092.9930663016
5657,4110092.994218972
5658,4110092.99142387
5659,4110092.9945176304
5660,4110092.9871562514
5661,4110092.998138549
5662,4110092.983717369
5663,4110092.9984414773
5664,4110092.987711904
5665,4110092.988179553
5666,4110092.990180413
5667,4110092.984423486
5668,4110092.992517117
5669,4110092.994348521
5670,4110092.9844960584
5671,4110092.9901226424
5672,4110092.990207874
5673,4110093.0014395886
5674,4110092.983522565
5675,4110092.9825826543
5676,4110092.985788476
5677,4110092.9885341506
5678,4110092.9887018013
5679,4110092.9891690924
5680,4110092.9899984924
5681,4110092.988609622
5682,4110092.980786314
5683,4110092.990745593
5684,4110092.984437324
5685,4110092.997493883
5686,4110092.992533495
5687,4110092.999834194
5688,4110093.000661716
5689,4110092.9875165927
5690,4110093.0042147893
5691,4110092.995136016
5692,4110093.005617038
5693,4110092.9962672503
5694,4110092.9792163977
5695,4110092.9859886323
5696,4110092.9907840095
5697,4110092.9965592823
5698,4110092.9974133004
5699,4110092.9918178003
5700,4110092.986937969
5701,4110093.0033000256
5702,4110092.99874214
5703,4110092.980278787
5704,4110092.9811715474
5705,4110092.976305248
5706,4110092.994350311
5707,4110092.9837270197
5708,4110092.9860513206
5709,4110092.983665988
5710,4110092.9953758162
5711,4110092.9838783164
5712,4110092.9922359646
5713,4110092.9832156645
5714,4110092.994434385
5715,4110092.998274545
5716,4110092.9893388813
5717,4110092.983582593
5718,4110092.9840314607
5719,4110092.995291814
5720,4110092.9973870586
5721,4110092.9962223284
5722,4110092.9981673313
5723,4110092.982549531
5724,4110093.0012879083
5725,4110092.9896586165
5726,4110093.0012866873
5727,4110092.9921718957
5728,4110092.993163077
5729,4110092.990075658
5730,4110092.987567594
5731,4110092.975403619
5732,4110092.982289827
5733,4110092.9917872245
5734,4110093.000179677
5735,4110092.974189352
5736,4110092.9923857497
5737,4110092.9840688906
5738,4110092.983493708
5739,4110092.9896086925
5740,4110092.9870580477
5741,4110092.9924359117
5742,4110092.9819957344
5743,4110092.987036562
5744,4110092.9958023615
5745,4110092.993760494
5746,4110092.9884315706
5747,4110092.990653208
5748,4110092.98453999
5749,4110092.984284218
5750,4110092.9874662794
5751,4110092.9895067704
5752,4110092.9807624742
5753,4110092.9971611095
5754,4110092.9848302277
5755,4110092.980997893
5756,4110092.975021395
5757,4110092.9873107355
5758,4110092.984257942
5759,4110092.9928080915
5760,4110092.9946138617
5761,4110092.996472277
5762,4110092.987021033
5763,4110092.988961527
5764,4110092.9999378594
5765,4110092.9880929408
5766,4110092.9856445347
5767,4110093.0044388566
5768,4110092.991809988
5769,4110092.9893081747
5770,4110092.9909156747
5771,4110092.984832779
5772,4110092.986309753
5773,4110092.989993468
5774,4110092.9882087875
5775,4110092.986902578
5776,4110092.987332928
5777,4110092.99156166
5778,4110092.9909830447
5779,4110092.976636516
5780,4110092.9948208346
5781,4110092.9973678607
5782,4110092.985188431
5783,4110092.979925475
5784,4110092.995448521
5785,4110092.975573586
5786,4110092.9890907244
5787,4110092.991075937
5788,4110092.9850027524
5789,4110092.996561139
5790,4110092.9960605735
5791,4110092.994507591
5792,4110092.986539766
5793,4110092.9898952185
5794,4110092.9943860895
5795,4110092.9838133045
5796,4110092.985602616
5797,4110092.9876796203
5798,4110092.991415408
5799,4110092.985114248
5800,4110092.9942777865
5801,4110092.9887340986
5802,4110092.985660061
5803,4110092.988742391
5804,4110092.9916440574
5805,4110092.9920288627
5806,4110092.9961445127
5807,4110092.9952741168
5808,4110092.984949773
5809,4110092.9893743577
5810,4110092.995070578
5811,4110092.9913762165
5812,4110092.9846058935
5813,4110092.987932106
5814,4110092.987432778
5815,4110092.9882091
5816,4110092.9912299174
5817,4110092.986011524
5818,4110092.9793053507
5819,4110092.99203504
5820,4110092.9917429755
5821,4110092.9880113695
5822,4110092.999064229
5823,4110092.984872382
5824,4110092.9911396685
5825,4110092.9850671957
5826,4110092.9912231658
5827,4110092.982245157
5828,4110092.994196958
5829,4110092.9893030063
5830,4110092.9869842734
5831,4110092.9888062705
5832,4110092.98551843
5833,4110092.994406991
5834,4110092.992535628
5835,4110092.9933234192
5836,4110092.9905552366
5837,4110092.9956660448
5838,4110093.001523389
5839,4110092.9921876932
5840,4110092.988474764
5841,4110092.993141493
5842,4110092.9991151337
5843,4110092.9942054274
5844,4110092.9940689425
5845,4110092.9975831783
5846,4110092.9906937433
5847,4110092.9906937424
5848,2918068.875951723
5849,2918068.8759517237
5850,2918068.8759517265
5851,2918068.875951725
5852,2918068.8759517246
5853,2918068.8759517292
5854,2918068.8759517292
5855,2918068.8759517265
5856,2918068.875951729
5857,2918068.8759517297
5858,2918068.875951726
5859,2918068.874630831
5860,2918068.8769151634
5861,2918068.8793768585
5862,2918068.8681542184
5863,2918068.874024817
5864,2918068.8757487508
5865,2918068.873105533
5866,2918068.880818063
5867,2918068.872747447
5868,2918068.8670257702
5869,2918068.8709985632
5870,2918068.8745360863
5871,2918068.8739211727
5872,2918068.8811442773
5873,2918068.8707373906
5874,2918068.875050007
5875,2918068.87098368
5876,2918068.8738333234
5877,2918068.8856587824
5878,2918068.8698175624
5879,2918068.8728482653
5880,2918068.8749098345
5881,2918068.8750526877
5882,2918068.879185189
5883,2918068.875479054
5884,2918068.872336874
5885,2918068.8751431946
5886,2918068.8746096487
5887,2918068.880834556
5888,2918068.8841112833
5889,2918068.8740828573
5890,2918068.8802760825
5891,2918068.875201079
5892,2918068.878033718
5893,2918068.8789233407
5894,2918068.877917771
5895,2918068.8747510505
5896,2918068.8781271614
5897,2918068.877905512
5898,2918068.8761165515
5899,2918068.8738339744
5900,2918068.873149772
5901,2918068.8770338707
5902,2918068.875974057
5903,2918068.872111006
5904,2918068.8809380746
5905,2918068.880144366
5906,2918068.878387226
5907,2918068.878214288
5908,2918068.8751127133
5909,2918068.8767698673
5910,2918068.871337873
5911,2918068.87156385
5912,2918068.871577011
5913,2918068.8779424974
5914,2918068.8763812426
5915,2918068.8781724935
5916,2918068.8728323057
5917,2918068.8741110032
5918,2918068.8787690946
5919,2918068.871451735
5920,2918068.8715710654
5921,2918068.8812743183
5922,2918068.876840569
5923,2918068.872928205
5924,2918068.873496964
5925,2918068.8804357937
5926,2918068.8754558754
5927,2918068.8774981927
5928,2918068.8754643076
5929,2918068.8722831127
5930,2918068.8748504734
5931,2918068.8799084206
5932,2918068.87637525
5933,2918068.8730976996
5934,2918068.88046369
5935,2918068.878973106
5936,2918068.8736278424
5937,2918068.880977146
5938,2918068.863325043
5939,2918068.87355431
5940,2918068.8787918556
5941,2918068.877960497
5942,2918068.875390837
5943,2918068.8717994825
5944,2918068.8712016176
5945,2918068.8733363007
5946,2918068.880288413
5947,2918068.8727455838
5948,2918068.8818067163
5949,2918068.8787018834
5950,2918068.879100484
5951,2918068.8758002403
5952,2918068.880531694
5953,2918068.8735044682
5954,2918068.877451661
5955,2918068.8734746203
5956,2918068.8737972113
5957,2918068.8700694316
5958,2918068.877447299
5959,2918068.8710549735
5960,2918068.8811800675
5961,2918068.8776512584
5962,2918068.873383059
5963,2918068.878420547
5964,2918068.875742825
5965,2918068.8700223262
5966,2918068.8674962856
5967,2918068.869993737
5968,2918068.869983462
5969,2918068.8766206065
5970,2918068.87929492
5971,2918068.877605285
5972,2918068.878167471
5973,2918068.880037705
5974,2918068.875221119
5975,2918068.8755435543
5976,2918068.877561247
5977,2918068.876868558
5978,2918068.87729296
5979,2918068.8789029066
5980,2918068.879198788
5981,2918068.8696271637
5982,2918068.8755370374
5983,2918068.8766129143
5984,2918068.870214544
5985,2918068.878902654
5986,2918068.877756258
5987,2918068.8749878
5988,2918068.876532745
5989,2918068.8759214706
5990,2918068.8787068017
5991,2918068.8719098084
5992,2918068.885760949
5993,2918068.8785701143
5994,2918068.8748853956
5995,2918068.8727967897
5996,2918068.873825239
5997,2918068.872313142
5998,2918068.8714656895
5999,2918068.878131944
6000,2918068.8667619657
6001,2918068.876775858
6002,2918068.8741977196
6003,2918068.8726828634
6004,2918068.87702367
6005,2918068.874642358
6006,2918068.8776269793
6007,2918068.880515395
6008,2918068.8842957173
6009,2918068.8756148885
6010,2918068.877286838
6011,2918068.8739307234
6012,2918068.877505865
6013,2918068.8666173667
6014,2918068.865491799
6015,2918068.881501944
6016,2918068.878560345
6017,2918068.87739224
6018,2918068.878269312
6019,2918068.875623226
6020,2918068.8745156643
6021,2918068.8749587107
6022,2918068.8705775095
6023,2918068.873336054
6024,2918068.8798715025
6025,2918068.8709742036
6026,2918068.875607236
6027,2918068.871666526
6028,2918068.8771087183
6029,2918068.8718555644
6030,2918068.8867004835
6031,2918068.8729058863
6032,2918068.87125361
6033,2918068.883145316
6034,2918068.8781344895
6035,2918068.873285892
6036,2918068.880799214
6037,2918068.87576295
6038,2918068.8804656942
6039,2918068.87456691
6040,2918068.8743141014
6041,2918068.8802241785
6042,2918068.870758926
6043,2918068.8788232505
6044,2918068.8771407804
6045,2918068.8830300993
6046,2918068.8751112614
6047,2918068.8767416985
6048,2918068.876502942
6049,2918068.8749237363
6050,2918068.875879691
6051,2918068.875295679
6052,2918068.876376603
6053,2918068.877412321
6054,2918068.8772919234
6055,2918068.8743756516
6056,2918068.87305108
6057,2918068.8755910248
6058,2918068.870079211
6059,2918068.872307688
6060,2918068.881170258
6061,2918068.8767167963
6062,2918068.8698684666
6063,2918068.8783147377
6064,2918068.879207069
6065,2918068.8781207236
6066,2918068.8701281995
6067,2918068.8680930263
6068,2918068.881346074
6069,2918068.882158501
6070,2918068.8782841386
6071,2918068.8807277908
6072,2918068.8768710415
6073,2918068.8765433994
6074,2918068.8852829123
6075,2918068.875946254
6076,2918068.872151477
6077,2918068.8813538705
6078,2918068.8754832074
6079,2918068.8738258
6080,2918068.872906173
6081,2918068.870329514
6082,2918068.8783754315
6083,2918068.8793732016
6084,2918068.8762655295
6085,2918068.8753288398
6086,2918068.880962045
6087,2918068.8798527005
6088,2918068.875021894
6089,2918068.8744566953
6090,2918068.872645387
6091,2918068.8759749467
6092,2918068.8730572877
6093,2918068.8795431284
6094,2918068.875888115
6095,2918068.885203236
6096,2918068.876823393
6097,2918068.878162233
6098,2918068.878752425
6099,2918068.8794151875
6100,2918068.8759284294
6101,2918068.875705427
6102,2918068.871211705
6103,2918068.880181158
6104,2918068.877043171
6105,2918068.8772529103
6106,2918068.873477366
6107,2918068.8815560085
6108,2918068.880372483
6109,2918068.8767055813
6110,2918068.8800652516
6111,2918068.876033293
6112,2918068.875835763
6113,2918068.874156823
6114,2918068.879037
6115,2918068.876554886
6116,2918068.873851267
6117,2918068.8802651996
6118,2918068.870577204
6119,2918068.877984623
6120,2918068.875124243
6121,2918068.8771740394
6122,2918068.872806747
6123,2918068.87841018
6124,2918068.8753085444
6125,2918068.872038689
6126,2918068.8782362174
6127,2918068.879474285
6128,2918068.874437137
6129,2918068.8822393157
6130,2918068.879254664
6131,2918068.876702264
6132,2918068.874977094
6133,2918068.880773908
6134,2918068.8737482093
6135,2918068.874999801
6136,2918068.872035165
6137,2918068.874980677
6138,2918068.87861837
6139,2918068.8758883956
6140,2918068.879312845
6141,2918068.8819318367
6142,2918068.880435749
6143,2918068.8745362675
6144,2918068.8760983315
6145,2918068.878830306
6146,2918068.8778149337
6147,2918068.8783388147
6148,2918068.871309552
6149,2918068.8704534573
6150,2918068.87338744
6151,2918068.8786929296
6152,2918068.878535622
6153,2918068.8759677825
6154,2918068.873712437
6155,2918068.8756527468
6156,2918068.8708784175
6157,2918068.8709990717
6158,2918068.872879227
6159,2918068.8758119335
6160,2918068.877881894
6161,2918068.8815470706
6162,2918068.8744266303
6163,2918068.868433931
6164,2918068.873954685
6165,2918068.869899986
6166,2918068.880846493
6167,2918068.877101022
6168,2918068.874982756
6169,2918068.8772847983
6170,2918068.878951639
6171,2918068.879347989
6172,2918068.8726475
6173,2918068.873666562
6174,2918068.879702197
6175,2918068.8759686323
6176,2918068.8742821245
6177,2918068.880655096
6178,2918068.8750398597
6179,2918068.8812817927
6180,2918068.872959777
6181,2918068.877094353
6182,2918068.881465043
6183,2918068.877693888
6184,2918068.88103883
6185,2918068.8735442855
6186,2918068.881209368
6187,2918068.8724750555
6188,2918068.872609209
6189,2918068.86644789
6190,2918068.874712527
6191,2918068.881373833
6192,2918068.8701309147
6193,2918068.87998428
6194,2918068.8712181146
6195,2918068.8780961353
6196,2918068.869823646
6197,2918068.877963148
6198,2918068.8724648603
6199,2918068.871747998
6200,2918068.871963138
6201,2918068.8720616954
6202,2918068.876221665
6203,2918068.876744114
6204,2918068.8854033523
6205,2918068.8730452107
6206,2918068.872687842
6207,2918068.8763416004
6208,2918068.8725250796
6209,2918068.882534868
6210,2918068.8762917384
6211,2918068.8782885466
6212,2918068.8746746187
6213,2918068.876705819
6214,2918068.876583847
6215,2918068.8677644474
6216,2918068.8806474153
6217,2918068.8732314184
6218,2918068.878180823
6219,2918068.8788519045
6220,2918068.8855770356
6221,2918068.8793126205
6222,2918068.8746082406
6223,2918068.8737422926
6224,2918068.875791961
6225,2918068.8721895576
6226,2918068.8755836203
6227,2918068.873620949
6228,2918068.8748068935
6229,2918068.874101433
6230,2918068.878143748
6231,2918068.8723646826
6232,2918068.8760795253
6233,2918068.8741044444
6234,2918068.874081742
6235,2918068.871102095
6236,2918068.8690455374
6237,2918068.873130327
6238,2918068.873037364
6239,2918068.8712176885
6240,2918068.8754394636
6241,2918068.8779574214
6242,2918068.8807396065
6243,2918068.8729170975
6244,2918068.8743440737
6245,2918068.880103244
6246,2918068.8809786304
6247,2918068.8772647874
6248,2918068.8702414865
6249,2918068.878213899
6250,2918068.871886428
6251,2918068.8741086307
6252,2918068.879445283
6253,2918068.8765660264
6254,2918068.876437433
6255,2918068.877647288
6256,2918068.877458128
6257,2918068.869838357
6258,2918068.876907793
6259,2918068.8739874256
6260,2918068.87557717
6261,2918068.8646659423
6262,2918068.878187392
6263,2918068.8844933924
6264,2918068.8771520457
6265,2918068.8724110927
6266,2918068.8755428814
6267,2918068.880335212
6268,2918068.881126212
6269,2918068.877694411
6270,2918068.8777540084
6271,2918068.8778799414
6272,2918068.874023081
6273,2918068.872622538
6274,2918068.8765773172
6275,2918068.8775881394
6276,2918068.8722529584
6277,2918068.8767833454
6278,2918068.8742935075
6279,2918068.879824617
6280,2918068.876403574
6281,2918068.872951464
6282,2918068.874659742
6283,2918068.87904756
6284,2918068.8788453243
6285,2918068.875542999
6286,2918068.8777253414
6287,2918068.8760924484
6288,2918068.8759181644
6289,2918068.879103167
6290,2918068.875363527
6291,2918068.870637408
6292,2918068.8721076506
6293,2918068.8701277752
6294,2918068.874836429
6295,2918068.878781482
6296,2918068.874581191
6297,2918068.878543054
6298,2918068.87141758
6299,2918068.876732011
6300,2918068.8765172395
6301,2918068.8687766893
6302,2918068.8782789162
6303,2918068.877017252
6304,2918068.874311395
6305,2918068.8825038443
6306,2918068.8684005328
6307,2918068.8757283418
6308,2918068.8728780737
6309,2918068.8740699375
6310,2918068.873173853
6311,2918068.879302368
6312,2918068.8798179687
6313,2918068.8810817385
6314,2918068.872463723
6315,2918068.8749693995
6316,2918068.869748083
6317,2918068.880197347
6318,2918068.875841206
6319,2918068.873926688
6320,2918068.873478621
6321,2918068.8786820415
6322,2918068.8772644307
6323,2918068.8700721045
6324,2918068.874380298
6325,2918068.8756260797
6326,2918068.884478134
6327,2918068.8733684365
6328,2918068.874301102
6329,2918068.8814463266
6330,2918068.872747725
6331,2918068.874477698
6332,2918068.8766061002
6333,2918068.880775201
6334,2918068.8718654374
6335,2918068.878835387
6336,2918068.8788749655
6337,2918068.8812557915
6338,2918068.873144572
6339,2918068.867377153
6340,2918068.8793928185
6341,2918068.876021187
6342,2918068.8713990194
6343,2918068.8766443217
6344,2918068.878724996
6345,2918068.8739702003
6346,2918068.881469467
6347,2918068.8783973334
6348,2918068.875862161
6349,2918068.877424123
6350,2918068.871474697
6351,2918068.86981442
6352,2918068.882130295
6353,2918068.8745503556
6354,2918068.874008817
6355,2918068.8743437612
6356,2918068.8747695237
6357,2918068.8779939474
6358,2918068.872292633
6359,2918068.873817403
6360,2918068.876903035
6361,2918068.8717322852
6362,2918068.8819408203
6363,2918068.8720110497
6364,2918068.872648165
6365,2918068.8769232826
6366,2918068.8802482323
6367,2918068.876603649
6368,2918068.8729047365
6369,2918068.874277775
6370,2918068.877712321
6371,2918068.875915347
6372,2918068.878896443
6373,2918068.8745226897
6374,2918068.873806552
6375,2918068.876837569
6376,2918068.874056928
6377,2918068.875944669
6378,2918068.8723788215
6379,2918068.8681200263
6380,2918068.876186115
6381,2918068.882469343
6382,2918068.880516943
6383,2918068.880450946
6384,2918068.8753259354
6385,2918068.879333743
6386,2918068.88059569
6387,2918068.873312464
6388,2918068.876063913
6389,2918068.8822096186
6390,2918068.8766547022
6391,2918068.874197521
6392,2918068.8804874644
6393,2918068.869794701
6394,2918068.8825066127
6395,2918068.8746860847
6396,2918068.872766766
6397,2918068.8738470785
6398,2918068.8774877684
6399,2918068.874290831
6400,2918068.876926036
6401,2918068.875344599
6402,2918068.876513977
6403,2918068.8728044545
6404,2918068.883369487
6405,2918068.874468684
6406,2918068.875056645
6407,2918068.877319862
6408,2918068.870675389
6409,2918068.8761972524
6410,2918068.876164452
6411,2918068.8755958243
6412,2918068.8772310256
6413,2918068.8734334083
6414,2918068.874011529
6415,2918068.8775879014
6416,2918068.881491084
6417,2918068.876109371
6418,2918068.8829375547
6419,2918068.877432891
6420,2918068.8741319007
6421,2918068.877563832
6422,2918068.8762995224
6423,2918068.8836513776
6424,2918068.8769655186
6425,2918068.8741667774
6426,2918068.8716197624
6427,2918068.8728978154
6428,2918068.8785944832
6429,2918068.878584644
6430,2918068.880257621
6431,2918068.871975731
6432,2918068.8815327506
6433,2918068.879364781
6434,2918068.8703779923
6435,2918068.8717070892
6436,2918068.868348663
6437,2918068.87228353
6438,2918068.8705564677
6439,2918068.872400432
6440,2918068.872909084
6441,2918068.8790631257
6442,2918068.874261438
6443,2918068.8759728647
6444,2918068.874240182
6445,2918068.877355002
6446,2918068.8807540685
6447,2918068.8746595676
6448,2918068.875000555
6449,2918068.871347919
6450,2918068.8780943234
6451,2918068.8817680613
6452,2918068.8767832355
6453,2918068.8808543147
6454,2918068.8701672913
6455,2918068.879269051
6456,2918068.87895193
6457,2918068.8815963496
6458,2918068.8772157687
6459,2918068.88017281
6460,2918068.8747595344
6461,2918068.8706407007
6462,2918068.8670788878
6463,2918068.8714132654
6464,2918068.87756772
6465,2918068.879736424
6466,2918068.868604862
6467,2918068.8804206257
6468,2918068.8719038973
6469,2918068.8721915055
6470,2918068.8741343967
6471,2918068.878249585
6472,2918068.8785453737
6473,2918068.874833516
6474,2918068.8767551347
6475,2918068.8780526407
6476,2918068.875668518
6477,2918068.8742815796
6478,2918068.879586329
6479,2918068.87423015
6480,2918068.8713247185
6481,2918068.8751921877
6482,2918068.8745551324
6483,2918068.8688792796
6484,2918068.8812714536
6485,2918068.8736850107
6486,2918068.872571797
6487,2918068.8676417996
6488,2918068.8704990405
6489,2918068.8683784185
6490,2918068.877109797
6491,2918068.8785693273
6492,2918068.876484568
6493,2918068.8744212566
6494,2918068.8767969664
6495,2918068.8804345303
6496,2918068.8720579855
6497,2918068.8802033607
6498,2918068.8828206854
6499,2918068.878305368
6500,2918068.874787729
6501,2918068.8742189864
6502,2918068.8744419464
6503,2918068.872308221
6504,2918068.8730876828
6505,2918068.876054715
6506,2918068.8733719
6507,2918068.877148011
6508,2918068.8735848153
6509,2918068.8764018933
6510,2918068.867059619
6511,2918068.874378823
6512,2918068.880344651
6513,2918068.8711514724
6514,2918068.8691579415
6515,2918068.8805426885
6516,2918068.872259635
6517,2918068.8725578245
6518,2918068.877889861
6519,2918068.87480756
6520,2918068.8802337158
6521,2918068.8763193777
6522,2918068.8788085673
6523,2918068.8763876404
6524,2918068.8719324265
6525,2918068.8786339606
6526,2918068.870480011
6527,2918068.8736931966
6528,2918068.871201508
6529,2918068.875822073
6530,2918068.874441402
6531,2918068.8756619478
6532,2918068.8732024464
6533,2918068.8734970884
6534,2918068.874294644
6535,2918068.8783766003
6536,2918068.876238311
6537,2918068.879713794
6538,2918068.8774814513
6539,2918068.875949076
6540,2918068.8733547106
6541,2918068.8794528604
6542,2918068.8744104607
6543,2918068.8697626484
6544,2918068.8735518823
6545,2918068.875972209
6546,2918068.873467146
6547,2918068.8764381204
6548,2918068.8756468645
6549,2918068.8693842464
6550,2918068.877080225
6551,2918068.8764692866
6552,2918068.874337533
6553,2918068.881550631
6554,2918068.8719944376
6555,2918068.8775276286
6556,2918068.874323943
6557,2918068.876557569
6558,2918068.8713157396
6559,2918068.8782469956
6560,2918068.8747825134
6561,2918068.874751423
6562,2918068.8750229054
6563,2918068.87255776
6564,2918068.8799016755
6565,2918068.876811599
6566,2918068.879308715
6567,2918068.8769199485
6568,2918068.879082381
6569,2918068.8806793075
6570,2918068.8763545826
6571,2918068.8743641735
6572,2918068.878472344
6573,2918068.884543458
6574,2918068.8781085857
6575,2918068.8783993484
6576,2918068.8807377215
6577,2918068.8759517246
6578,2918068.8759517237
6579,2228131.444214256
6580,2228131.444214259
6581,2228131.4442142565
6582,2228131.4442142583
6583,2228131.4442142597
6584,2228131.4442142555
6585,2228131.4442142583
6586,2228131.444214258
6587,2228131.4442142555
6588,2228131.4442142565
6589,2228131.4442142565
6590,2228131.4447992975
6591,2228131.4428116893
6592,2228131.4487403873
6593,2228131.440138971
6594,2228131.441424801
6595,2228131.4439239856
6596,2228131.4441731633
6597,2228131.445796244
6598,2228131.4439032185
6599,2228131.440881578
6600,2228131.441781149
6601,2228131.4423769396
6602,2228131.444004764
6603,2228131.4452282656
6604,2228131.4407542064
6605,2228131.443918364
6606,2228131.441963187
6607,2228131.441444682
6608,2228131.4446906038
6609,2228131.4420517753
6610,2228131.4431039854
6611,2228131.444693696
6612,2228131.442857817
6613,2228131.445729895
6614,2228131.4410225996
6615,2228131.4415620067
6616,2228131.4449123815
6617,2228131.448277703
6618,2228131.447227437
6619,2228131.445137566
6620,2228131.446275181
6621,2228131.4477723674
6622,2228131.4457980525
6623,2228131.4429704403
6624,2228131.445907042
6625,2228131.445314741
6626,2228131.4430910735
6627,2228131.446009536
6628,2228131.4440018735
6629,2228131.4444154934
6630,2228131.442371878
6631,2228131.4408092764
6632,2228131.44604475
6633,2228131.4423721796
6634,2228131.441085371
6635,2228131.443697884
6636,2228131.444724914
6637,2228131.443214601
6638,2228131.44352708
6639,2228131.443084756
6640,2228131.4452055926
6641,2228131.4416704313
6642,2228131.4385241116
6643,2228131.443210885
6644,2228131.4457053435
6645,2228131.4404230434
6646,2228131.441440346
6647,2228131.4398146314
6648,2228131.4432962695
6649,2228131.443323973
6650,2228131.4426266737
6651,2228131.44257703
6652,2228131.444030758
6653,2228131.4447955783
6654,2228131.442972263
6655,2228131.4425246688
6656,2228131.4427046655
6657,2228131.446083578
6658,2228131.4431564966
6659,2228131.4433429567
6660,2228131.443258768
6661,2228131.4430094613
6662,2228131.4447795535
6663,2228131.4455021885
6664,2228131.4428825723
6665,2228131.4453592175
6666,2228131.4449164574
6667,2228131.442977211
6668,2228131.447571189
6669,2228131.4438954266
6670,2228131.443715182
6671,2228131.4451237894
6672,2228131.4445922654
6673,2228131.4441946545
6674,2228131.4428601875
6675,2228131.4436412556
6676,2228131.4440625315
6677,2228131.445911341
6678,2228131.442860137
6679,2228131.44447651
6680,2228131.442108789
6681,2228131.4421601864
6682,2228131.443497803
6683,2228131.4458571076
6684,2228131.444170504
6685,2228131.4466004646
6686,2228131.445311225
6687,2228131.443577756
6688,2228131.4461080832
6689,2228131.4413266964
6690,2228131.444102969
6691,2228131.444664665
6692,2228131.445661926
6693,2228131.4444247195
6694,2228131.4442925975
6695,2228131.4466463476
6696,2228131.441675382
6697,2228131.4419909306
6698,2228131.4446095796
6699,2228131.4406839185
6700,2228131.447502803
6701,2228131.443156753
6702,2228131.441859924
6703,2228131.4424640764
6704,2228131.4458013126
6705,2228131.4444180285
6706,2228131.4435196137
6707,2228131.444244564
6708,2228131.44377224
6709,2228131.445139609
6710,2228131.4492617864
6711,2228131.4441017825
6712,2228131.4399216184
6713,2228131.4427181343
6714,2228131.441625289
6715,2228131.4441495826
6716,2228131.4442147026
6717,2228131.443952747
6718,2228131.446979684
6719,2228131.4458419364
6720,2228131.4469605708
6721,2228131.4453987926
6722,2228131.4425035957
6723,2228131.4446890857
6724,2228131.4426378687
6725,2228131.443489382
6726,2228131.44363807
6727,2228131.4398508403
6728,2228131.444931758
6729,2228131.4409693237
6730,2228131.446370442
6731,2228131.4411351066
6732,2228131.4451821377
6733,2228131.44049283
6734,2228131.447413803
6735,2228131.444527016
6736,2228131.444957937
6737,2228131.4462604076
6738,2228131.443519237
6739,2228131.4462416563
6740,2228131.4463526914
6741,2228131.4434830616
6742,2228131.445421799
6743,2228131.444910307
6744,2228131.4452582593
6745,2228131.442011447
6746,2228131.4432220766
6747,2228131.4421935366
6748,2228131.442053762
6749,2228131.4420620752
6750,2228131.4427743163
6751,2228131.44609967
6752,2228131.442338381
6753,2228131.4433798655
6754,2228131.4429102857
6755,2228131.446646741
6756,2228131.4405358564
6757,2228131.447064187
6758,2228131.4446795518
6759,2228131.4459464885
6760,2228131.443656028
6761,2228131.444373557
6762,2228131.4470127234
6763,2228131.4463588
6764,2228131.44242852
6765,2228131.445539824
6766,2228131.441893174
6767,2228131.445308204
6768,2228131.4451982346
6769,2228131.445473643
6770,2228131.443985445
6771,2228131.4427194092
6772,2228131.445926001
6773,2228131.4433005755
6774,2228131.44434273
6775,2228131.445868522
6776,2228131.446856831
6777,2228131.4448212185
6778,2228131.443587671
6779,2228131.4431032217
6780,2228131.442248298
6781,2228131.446794806
6782,2228131.4457782125
6783,2228131.4464003104
6784,2228131.444718511
6785,2228131.447840398
6786,2228131.4436414046
6787,2228131.4439744167
6788,2228131.442855103
6789,2228131.4442452183
6790,2228131.438860845
6791,2228131.441830664
6792,2228131.442969109
6793,2228131.439677893
6794,2228131.445023987
6795,2228131.4463279746
6796,2228131.443703615
6797,2228131.444214167
6798,2228131.4392912206
6799,2228131.446087457
6800,2228131.4440935915
6801,2228131.440709702
6802,2228131.448985736
6803,2228131.4446833725
6804,2228131.4412032724
6805,2228131.4464302054
6806,2228131.4419549075
6807,2228131.4421767266
6808,2228131.4480586085
6809,2228131.442173713
6810,2228131.4415067774
6811,2228131.44170481
6812,2228131.4443634627
6813,2228131.4426365267
6814,2228131.4445390906
6815,2228131.4419595604
6816,2228131.441373945
6817,2228131.4417037372
6818,2228131.445492912
6819,2228131.4444667627
6820,2228131.44117704
6821,2228131.447140528
6822,2228131.444997079
6823,2228131.445736485
6824,2228131.44350787
6825,2228131.4451636313
6826,2228131.4436909813
6827,2228131.4431398003
6828,2228131.4453593534
6829,2228131.444181742
6830,2228131.4468380525
6831,2228131.4443773674
6832,2228131.44410219
6833,2228131.4392896076
6834,2228131.448130363
6835,2228131.4405246787
6836,2228131.442720795
6837,2228131.441703501
6838,2228131.4486774625
6839,2228131.446166301
6840,2228131.447531821
6841,2228131.4468634473
6842,2228131.443486603
6843,2228131.4416673
6844,2228131.441182047
6845,2228131.447816538
6846,2228131.4453649726
6847,2228131.444229106
6848,2228131.445323612
6849,2228131.4444064493
6850,2228131.4463213463
6851,2228131.446140586
6852,2228131.4463794203
6853,2228131.442575068
6854,2228131.4468608517
6855,2228131.439269877
6856,2228131.445360825
6857,2228131.4441332733
6858,2228131.4441378633
6859,2228131.445999763
6860,2228131.4449562295
6861,2228131.4418355175
6862,2228131.4432522757
6863,2228131.443700553
6864,2228131.4447672875
6865,2228131.4469041955
6866,2228131.4456530954
6867,2228131.445475329
6868,2228131.4463661704
6869,2228131.4439177974
6870,2228131.4446074176
6871,2228131.4454841213
6872,2228131.4457071368
6873,2228131.446275614
6874,2228131.443413213
6875,2228131.4432564764
6876,2228131.444967602
6877,2228131.446678035
6878,2228131.443379436
6879,2228131.4454156836
6880,2228131.441131678
6881,2228131.446168587
6882,2228131.4437380955
6883,2228131.442788322
6884,2228131.4448218644
6885,2228131.4428929863
6886,2228131.446745749
6887,2228131.443671171
6888,2228131.4438186283
6889,2228131.443595783
6890,2228131.4469636735
6891,2228131.4418719187
6892,2228131.44832327
6893,2228131.4467920186
6894,2228131.443515674
6895,2228131.4414294744
6896,2228131.443403464
6897,2228131.447319828
6898,2228131.442551549
6899,2228131.4418421513
6900,2228131.4429545016
6901,2228131.4452988505
6902,2228131.4428093517
6903,2228131.4420850477
6904,2228131.442398851
6905,2228131.4456863776
6906,2228131.444196365
6907,2228131.4457159415
6908,2228131.4467167836
6909,2228131.443843854
6910,2228131.445912957
6911,2228131.4423366035
6912,2228131.4438659796
6913,2228131.4426815575
6914,2228131.445618622
6915,2228131.448414613
6916,2228131.446224136
6917,2228131.441588059
6918,2228131.4408071213
6919,2228131.443230256
6920,2228131.441286703
6921,2228131.44454124
6922,2228131.4488314944
6923,2228131.4441030286
6924,2228131.44851904
6925,2228131.439726992
6926,2228131.4438565443
6927,2228131.4396336772
6928,2228131.4455076386
6929,2228131.4391072057
6930,2228131.446151015
6931,2228131.443141287
6932,2228131.445636991
6933,2228131.4412227706
6934,2228131.444149899
6935,2228131.4467591923
6936,2228131.443156957
6937,2228131.44727527
6938,2228131.4423689903
6939,2228131.438494465
6940,2228131.4459737227
6941,2228131.44644123
6942,2228131.442862038
6943,2228131.448735288
6944,2228131.449841158
6945,2228131.441941578
6946,2228131.439695819
6947,2228131.4449054054
6948,2228131.442391514
6949,2228131.4443345554
6950,2228131.443420769
6951,2228131.4420320946
6952,2228131.448775769
6953,2228131.444160728
6954,2228131.4443945256
6955,2228131.443556993
6956,2228131.4422810883
6957,2228131.44140101
6958,2228131.446226989
6959,2228131.440314651
6960,2228131.4435601383
6961,2228131.444540507
6962,2228131.44744945
6963,2228131.444037249
6964,2228131.4461232126
6965,2228131.445497997
6966,2228131.4437405323
6967,2228131.441186955
6968,2228131.4391297465
6969,2228131.443550429
6970,2228131.4413024397
6971,2228131.4445325523
6972,2228131.4426371614
6973,2228131.4442310254
6974,2228131.4415162443
6975,2228131.443081741
6976,2228131.44561434
6977,2228131.4436816396
6978,2228131.446748377
6979,2228131.4413949717
6980,2228131.439357961
6981,2228131.4394879956
6982,2228131.4422301617
6983,2228131.444530561
6984,2228131.4463487016
6985,2228131.4423247618
6986,2228131.445232309
6987,2228131.4419101984
6988,2228131.4448921094
6989,2228131.447765666
6990,2228131.443302517
6991,2228131.4480390837
6992,2228131.443606492
6993,2228131.4441960193
6994,2228131.447998917
6995,2228131.446779828
6996,2228131.4422674817
6997,2228131.443851998
6998,2228131.4438543194
6999,2228131.4444915475
7000,2228131.445411014
7001,2228131.445193237
7002,2228131.445194326
7003,2228131.4458192713
7004,2228131.444930479
7005,2228131.444742744
7006,2228131.446246573
7007,2228131.4447721853
7008,2228131.4473545225
7009,2228131.4419415933
7010,2228131.4461572915
7011,2228131.4483117284
7012,2228131.4429896586
7013,2228131.445378704
7014,2228131.442281497
7015,2228131.44356107
7016,2228131.4461161364
7017,2228131.4493281567
7018,2228131.4464421347
7019,2228131.4486663453
7020,2228131.4445532598
7021,2228131.4452130655
7022,2228131.44177859
7023,2228131.4462666395
7024,2228131.4423998306
7025,2228131.438627273
7026,2228131.4459657436
7027,2228131.44163909
7028,2228131.447129659
7029,2228131.440415572
7030,2228131.446399586
7031,2228131.4482298563
7032,2228131.44429507
7033,2228131.44797858
7034,2228131.4445745554
7035,2228131.4431308964
7036,2228131.450761481
7037,2228131.4447314763
7038,2228131.443456264
7039,2228131.4456713162
7040,2228131.444195465
7041,2228131.4421122647
7042,2228131.4442205233
7043,2228131.4422113886
7044,2228131.446635596
7045,2228131.4429795537
7046,2228131.4405731414
7047,2228131.4432316665
7048,2228131.4483533185
7049,2228131.4489643658
7050,2228131.4429926006
7051,2228131.4412666913
7052,2228131.442514767
7053,2228131.4442703873
7054,2228131.442937502
7055,2228131.445315192
7056,2228131.4384047375
7057,2228131.447259876
7058,2228131.4452700857
7059,2228131.444092679
7060,2228131.4465281446
7061,2228131.4457002897
7062,2228131.441589846
7063,2228131.4455812383
7064,2228131.4465496256
7065,2228131.440547475
7066,2228131.4456574568
7067,2228131.44426384
7068,2228131.4477867046
7069,2228131.445438039
7070,2228131.443676379
7071,2228131.447907573
7072,2228131.4409525986
7073,2228131.441235966
7074,2228131.446148792
7075,2228131.4454209283
7076,2228131.4418270206
7077,2228131.4439355973
7078,2228131.445568838
7079,2228131.44195091
7080,2228131.4442909784
7081,2228131.4412676203
7082,2228131.4437328577
7083,2228131.445015079
7084,2228131.4400415355
7085,2228131.439906852
7086,2228131.445067199
7087,2228131.4430650305
7088,2228131.4446134283
7089,2228131.440472504
7090,2228131.447633288
7091,2228131.443135349
7092,2228131.4465481145
7093,2228131.442719785
7094,2228131.439125273
7095,2228131.441505798
7096,2228131.443939336
7097,2228131.4477198063
7098,2228131.4455335503
7099,2228131.441694672
7100,2228131.4403913245
7101,2228131.4436887167
7102,2228131.4413691857
7103,2228131.444640772
7104,2228131.442768629
7105,2228131.443274249
7106,2228131.442360003
7107,2228131.4500646484
7108,2228131.441246987
7109,2228131.4441656787
7110,2228131.442667872
7111,2228131.4477155167
7112,2228131.4477423225
7113,2228131.44463529
7114,2228131.4458254683
7115,2228131.4432918266
7116,2228131.4457877604
7117,2228131.446275826
7118,2228131.438833903
7119,2228131.445077803
7120,2228131.448312774
7121,2228131.445480931
7122,2228131.4401741596
7123,2228131.4466375564
7124,2228131.4412616226
7125,2228131.444811944
7126,2228131.4450919414
7127,2228131.441630046
7128,2228131.4448035555
7129,2228131.4464690983
7130,2228131.4397679837
7131,2228131.4407192823
7132,2228131.4454031377
7133,2228131.4441990703
7134,2228131.441301166
7135,2228131.441646964
7136,2228131.441183181
7137,2228131.4453758276
7138,2228131.441074135
7139,2228131.445315398
7140,2228131.4449117156
7141,2228131.4464773205
7142,2228131.443847021
7143,2228131.4420295944
7144,2228131.443662298
7145,2228131.441209366
7146,2228131.4451456047
7147,2228131.4517660337
7148,2228131.4427430183
7149,2228131.4469906283
7150,2228131.442721127
7151,2228131.442161945
7152,2228131.450091353
7153,2228131.4436449525
7154,2228131.4462575717
7155,2228131.445421813
7156,2228131.4431291507
7157,2228131.4426916237
7158,2228131.4427068504
7159,2228131.44499488
7160,2228131.4451210205
7161,2228131.446199271
7162,2228131.4449694455
7163,2228131.443426961
7164,2228131.4474540036
7165,2228131.439802525
7166,2228131.441725851
7167,2228131.4452213943
7168,2228131.4452632717
7169,2228131.4429081315
7170,2228131.4399104547
7171,2228131.4448532197
7172,2228131.445273457
7173,2228131.4448680882
7174,2228131.446020517
7175,2228131.445198141
7176,2228131.4468358383
7177,2228131.4420238985
7178,2228131.442784306
7179,2228131.4430208905
7180,2228131.443966276
7181,2228131.4459798774
7182,2228131.4522660887
7183,2228131.4433061206
7184,2228131.447629358
7185,2228131.442136773
7186,2228131.4451816296
7187,2228131.446557553
7188,2228131.445493345
7189,2228131.4451904674
7190,2228131.447979719
7191,2228131.4427078175
7192,2228131.444243987
7193,2228131.4384804177
7194,2228131.444544549
7195,2228131.446499175
7196,2228131.448710976
7197,2228131.4433458378
7198,2228131.443713981
7199,2228131.4459385443
7200,2228131.4400977935
7201,2228131.4479865283
7202,2228131.446550394
7203,2228131.4480428374
7204,2228131.4436502573
7205,2228131.444474421
7206,2228131.4467303953
7207,2228131.443899924
7208,2228131.4415073367
7209,2228131.444925331
7210,2228131.445203842
7211,2228131.4458177253
7212,2228131.4485051692
7213,2228131.4415621758
7214,2228131.4453854077
7215,2228131.447153883
7216,2228131.444565387
7217,2228131.4432069305
7218,2228131.4440868613
7219,2228131.440176223
7220,2228131.4408138297
7221,2228131.4401552724
7222,2228131.447522018
7223,2228131.4469932886
7224,2228131.44439414
7225,2228131.444446867
7226,2228131.4469889514
7227,2228131.4436873207
7228,2228131.445619506
7229,2228131.443853363
7230,2228131.445679198
7231,2228131.4459905303
7232,2228131.443938988
7233,2228131.443614795
7234,2228131.4461015803
7235,2228131.4478187934
7236,2228131.4421223914
7237,2228131.443335467
7238,2228131.4482541275
7239,2228131.4460094315
7240,2228131.443027905
7241,2228131.4425902795
7242,2228131.438974706
7243,2228131.4462606567
7244,2228131.4423599243
7245,2228131.439779407
7246,2228131.4479197394
7247,2228131.4431062154
7248,2228131.446807849
7249,2228131.4442825094
7250,2228131.4426700734
7251,2228131.444189801
7252,2228131.441399229
7253,2228131.446257715
7254,2228131.4435126446
7255,2228131.442785408
7256,2228131.4432633882
7257,2228131.44197043
7258,2228131.4464258803
7259,2228131.4429064253
7260,2228131.4426009147
7261,2228131.4421780515
7262,2228131.4424260356
7263,2228131.444675362
7264,2228131.444568729
7265,2228131.4456600565
7266,2228131.4450769825
7267,2228131.44281475
7268,2228131.4447562615
7269,2228131.4410130642
7270,2228131.4447041843
7271,2228131.4409210193
7272,2228131.44564434
7273,2228131.4452549377
7274,2228131.443185442
7275,2228131.4419409647
7276,2228131.4442897444
7277,2228131.44412005
7278,2228131.444392987
7279,2228131.442239036
7280,2228131.439722507
7281,2228131.443736095
7282,2228131.445072942
7283,2228131.446762149
7284,2228131.4446106306
7285,2228131.4408365875
7286,2228131.4470705274
7287,2228131.4430031213
7288,2228131.443743811
7289,2228131.443037282
7290,2228131.446411131
7291,2228131.4443773776
7292,2228131.4447987573
7293,2228131.4428903866
7294,2228131.4445368503
7295,2228131.44511337
7296,2228131.4484438277
7297,2228131.4466701513
7298,2228131.443744453
7299,2228131.4468630017
7300,2228131.439815181
7301,2228131.446521925
7302,2228131.4430346014
7303,2228131.44654785
7304,2228131.444017603
7305,2228131.444901653
7306,2228131.446676067
7307,2228131.444296814
7308,2228131.4442142555
7309,2228131.444214256
7310,1874287.3563331352
7311,1874287.3563331356
7312,1874287.3563331356
7313,1874287.3563331384
7314,1874287.3563331366
7315,1874287.3563331375
7316,1874287.3563331375
7317,1874287.356333136
7318,1874287.3563331366
7319,1874287.3563331366
7320,1874287.3563331363
7321,1874287.3574850522
7322,1874287.355962637
7323,1874287.3572612293
7324,1874287.3569153626
7325,1874287.3540072865
7326,1874287.3574845402
7327,1874287.3560952013
7328,1874287.356168436
7329,1874287.3549911638
7330,1874287.35441811
7331,1874287.3569592
7332,1874287.3558830698
7333,1874287.3573477087
7334,1874287.3572658498
7335,1874287.3550492579
7336,1874287.3552259617
7337,1874287.3567272415
7338,1874287.3533539977
7339,1874287.3584802
7340,1874287.3551306424
7341,1874287.3537660067
7342,1874287.355934069
7343,1874287.3586247307
7344,1874287.3580779799
7345,1874287.355020964
7346,1874287.3598655825
7347,1874287.354056751
7348,1874287.3579003534
7349,1874287.358923945
7350,1874287.3582077948
7351,1874287.3559588883
7352,1874287.3583716268
7353,1874287.3565425358
7354,1874287.3566023356
7355,1874287.3593316018
7356,1874287.3560249836
7357,1874287.3540194232
7358,1874287.3550976352
7359,1874287.3564235223
7360,1874287.355758018
7361,1874287.3552844794
7362,1874287.3595525415
7363,1874287.3565064082
7364,1874287.3547780325
7365,1874287.3546795524
7366,1874287.3568546725
7367,1874287.3580467673
7368,1874287.358041726
7369,1874287.3581464377
7370,1874287.3588889271
7371,1874287.3559740302
7372,1874287.355342293
7373,1874287.356251693
7374,1874287.357649585
7375,1874287.3547795624
7376,1874287.3553266027
7377,1874287.354886337
7378,1874287.3546034226
7379,1874287.354602777
7380,1874287.3569746134
7381,1874287.3596609298
7382,1874287.3585171825
7383,1874287.3581030327
7384,1874287.356981046
7385,1874287.3557089856
7386,1874287.354118751
7387,1874287.3572042342
7388,1874287.3561796534
7389,1874287.3578642593
7390,1874287.3572431048
7391,1874287.3569601632
7392,1874287.3557322605
7393,1874287.3574227456
7394,1874287.3566082413
7395,1874287.3558475275
7396,1874287.3577555956
7397,1874287.3574743418
7398,1874287.3551001283
7399,1874287.3568513521
7400,1874287.355764716
7401,1874287.356743886
7402,1874287.357263213
7403,1874287.3576587122
7404,1874287.3590214315
7405,1874287.3540508666
7406,1874287.3539470271
7407,1874287.358460581
7408,1874287.3572115463
7409,1874287.3546992275
7410,1874287.3565663865
7411,1874287.3546067192
7412,1874287.3572687183
7413,1874287.3542464625
7414,1874287.3556344577
7415,1874287.3564695069
7416,1874287.3559328911
7417,1874287.3569874116
7418,1874287.3563106868
7419,1874287.3577335447
7420,1874287.3574349768
7421,1874287.3551843704
7422,1874287.3560101013
7423,1874287.3566870063
7424,1874287.3563520259
7425,1874287.3568319993
7426,1874287.3561636163
7427,1874287.356860476
7428,1874287.355891087
7429,1874287.3543891385
7430,1874287.3554585334
7431,1874287.3582662847
7432,1874287.3565600272
7433,1874287.3578514277
7434,1874287.354053689
7435,1874287.3582603184
7436,1874287.3577143594
7437,1874287.3551641756
7438,1874287.355454395
7439,1874287.3568675043
7440,1874287.3545794943
7441,1874287.358154853
7442,1874287.3531428548
7443,1874287.357572139
7444,1874287.3561750713
7445,1874287.3565061945
7446,1874287.357609012
7447,1874287.356910971
7448,1874287.3566251297
7449,1874287.358256458
7450,1874287.3544264727
7451,1874287.3555205502
7452,1874287.3566723736
7453,1874287.355280385
7454,1874287.358840842
7455,1874287.3550898794
7456,1874287.354231954
7457,1874287.3565712222
7458,1874287.354624865
7459,1874287.3580208113
7460,1874287.3558042026
7461,1874287.3570302813
7462,1874287.3548768936
7463,1874287.356613086
7464,1874287.353898939
7465,1874287.3559671226
7466,1874287.3559468517
7467,1874287.3569288356
7468,1874287.3573544307
7469,1874287.3566168959
7470,1874287.356569917
7471,1874287.3556254131
7472,1874287.3573773182
7473,1874287.3554257683
7474,1874287.3556669266
7475,1874287.3543258014
7476,1874287.3520662629
7477,1874287.3553551543
7478,1874287.357069232
7479,1874287.357277543
7480,1874287.35824122
7481,1874287.3573984893
7482,1874287.3559884606
7483,1874287.3548142123
7484,1874287.3565126727
7485,1874287.356683034
7486,1874287.3578397948
7487,1874287.354808048
7488,1874287.3586453272
7489,1874287.354487198
7490,1874287.3577060252
7491,1874287.3534887172
7492,1874287.3574992456
7493,1874287.3560951902
7494,1874287.355669145
7495,1874287.3581605686
7496,1874287.35747293
7497,1874287.3565317523
7498,1874287.354133638
7499,1874287.3538272795
7500,1874287.3549813398
7501,1874287.3584864095
7502,1874287.3549928302
7503,1874287.3577918038
7504,1874287.3555602988
7505,1874287.3566061473
7506,1874287.3546659702
7507,1874287.3541929475
7508,1874287.354326592
7509,1874287.3562843145
7510,1874287.3561435353
7511,1874287.3578375347
7512,1874287.356899114
7513,1874287.3566770735
7514,1874287.3551147236
7515,1874287.3578948642
7516,1874287.3564875459
7517,1874287.3559285766
7518,1874287.3573285015
7519,1874287.357722878
7520,1874287.3569329148
7521,1874287.354879682
7522,1874287.3534120363
7523,1874287.3583021539
7524,1874287.356189614
7525,1874287.3561055744
7526,1874287.358056811
7527,1874287.3546922896
7528,1874287.3578640441
7529,1874287.353444577
7530,1874287.356756658
7531,1874287.3578162096
7532,1874287.3561163086
7533,1874287.3574920779
7534,1874287.3585687738
7535,1874287.3580779594
7536,1874287.359286254
7537,1874287.354782866
7538,1874287.3565515652
7539,1874287.3565496353
7540,1874287.3550620803
7541,1874287.3533411827
7542,1874287.3554955707
7543,1874287.3566798656
7544,1874287.356640516
7545,1874287.359558131
7546,1874287.354606027
7547,1874287.355715341
7548,1874287.354725252
7549,1874287.3590506213
7550,1874287.3545212368
7551,1874287.354080142
7552,1874287.3589475735
7553,1874287.358266965
7554,1874287.35428262
7555,1874287.3576578374
7556,1874287.357198295
7557,1874287.3546655308
7558,1874287.357580717
7559,1874287.3587461961
7560,1874287.3571075432
7561,1874287.3570437464
7562,1874287.357294796
7563,1874287.356455896
7564,1874287.355944944
7565,1874287.3561134636
7566,1874287.3574616842
7567,1874287.3549775048
7568,1874287.3570397226
7569,1874287.3576030901
7570,1874287.3583813976
7571,1874287.3575760948
7572,1874287.3561835403
7573,1874287.3570068274
7574,1874287.3566824943
7575,1874287.3600043647
7576,1874287.3567074568
7577,1874287.357227073
7578,1874287.3554891935
7579,1874287.3573234237
7580,1874287.3544552592
7581,1874287.3575290595
7582,1874287.3574950972
7583,1874287.358000598
7584,1874287.3550333753
7585,1874287.3573849832
7586,1874287.3542480483
7587,1874287.3571288881
7588,1874287.356706907
7589,1874287.3583152923
7590,1874287.3564039671
7591,1874287.357923628
7592,1874287.3557667115
7593,1874287.3577129587
7594,1874287.355794041
7595,1874287.3557885836
7596,1874287.3592495231
7597,1874287.3556220783
7598,1874287.357609359
7599,1874287.3546041814
7600,1874287.3564268604
7601,1874287.357294695
7602,1874287.3571222331
7603,1874287.3568928696
7604,1874287.3540637111
7605,1874287.3574259288
7606,1874287.3558352182
7607,1874287.3554469433
7608,1874287.356203687
7609,1874287.3561057386
7610,1874287.3574282809
7611,1874287.3560919263
7612,1874287.3586163316
7613,1874287.3589534538
7614,1874287.3583148373
7615,1874287.355205265
7616,1874287.3549533847
7617,1874287.3580541266
7618,1874287.3564116128
7619,1874287.356064332
7620,1874287.3576084026
7621,1874287.3580104944
7622,1874287.3578439758
7623,1874287.3565334564
7624,1874287.3555851334
7625,1874287.3559159266
7626,1874287.356613845
7627,1874287.3565982636
7628,1874287.3572345031
7629,1874287.3578252483
7630,1874287.3551564077
7631,1874287.3593357292
7632,1874287.3568033164
7633,1874287.3578061047
7634,1874287.3542309683
7635,1874287.3570308224
7636,1874287.358014834
7637,1874287.3564208425
7638,1874287.3555872354
7639,1874287.3553943296
7640,1874287.3544184032
7641,1874287.3582425397
7642,1874287.3578895102
7643,1874287.3557151773
7644,1874287.3563712987
7645,1874287.355293676
7646,1874287.3570155362
7647,1874287.3559736582
7648,1874287.3558203266
7649,1874287.3555329642
7650,1874287.3573722967
7651,1874287.3547726767
7652,1874287.3548093338
7653,1874287.357793738
7654,1874287.3570924117
7655,1874287.3572175773
7656,1874287.3544492924
7657,1874287.3566089272
7658,1874287.356843049
7659,1874287.3568687788
7660,1874287.357043012
7661,1874287.3547727424
7662,1874287.3553589503
7663,1874287.3559630162
7664,1874287.3576759798
7665,1874287.3550956694
7666,1874287.3585048039
7667,1874287.354149545
7668,1874287.3570867765
7669,1874287.3574310625
7670,1874287.356262056
7671,1874287.358910983
7672,1874287.3551043987
7673,1874287.3567627799
7674,1874287.3558422304
7675,1874287.355363794
7676,1874287.3563748854
7677,1874287.3540642983
7678,1874287.3555466533
7679,1874287.3558301236
7680,1874287.3558800463
7681,1874287.3563858035
7682,1874287.3564372384
7683,1874287.3595744187
7684,1874287.3571833896
7685,1874287.3580331483
7686,1874287.3549718712
7687,1874287.3579916293
7688,1874287.3538185726
7689,1874287.3569266722
7690,1874287.3572306922
7691,1874287.3512121905
7692,1874287.3565665975
7693,1874287.3565112944
7694,1874287.355761041
7695,1874287.3582755234
7696,1874287.35619745
7697,1874287.3557459482
7698,1874287.355078173
7699,1874287.3540363482
7700,1874287.3560559195
7701,1874287.351947062
7702,1874287.3577926406
7703,1874287.3561119488
7704,1874287.3583172613
7705,1874287.3554579467
7706,1874287.356436755
7707,1874287.3576382468
7708,1874287.356840393
7709,1874287.3576914074
7710,1874287.357078738
7711,1874287.357388256
7712,1874287.3555720649
7713,1874287.3566175636
7714,1874287.3555615523
7715,1874287.3572664696
7716,1874287.3573808186
7717,1874287.359316401
7718,1874287.356310666
7719,1874287.3539252586
7720,1874287.3560433146
7721,1874287.3527509489
7722,1874287.35689043
7723,1874287.356405467
7724,1874287.3574182906
7725,1874287.3555787879
7726,1874287.3557935392
7727,1874287.3551189313
7728,1874287.3546844944
7729,1874287.3578138268
7730,1874287.3553724152
7731,1874287.3567222552
7732,1874287.3601913236
7733,1874287.3553276893
7734,1874287.3582578423
7735,1874287.35404495
7736,1874287.3563824599
7737,1874287.3558168767
7738,1874287.3578365769
7739,1874287.3570300713
7740,1874287.3572425875
7741,1874287.3555183716
7742,1874287.356972346
7743,1874287.3568512057
7744,1874287.3577472933
7745,1874287.358549378
7746,1874287.3547009332
7747,1874287.3546648424
7748,1874287.3566233795
7749,1874287.3576637467
7750,1874287.3561641597
7751,1874287.3557273478
7752,1874287.3562631148
7753,1874287.354024426
7754,1874287.3570460824
7755,1874287.3562171294
7756,1874287.3537239262
7757,1874287.3580457792
7758,1874287.3545909298
7759,1874287.3565950005
7760,1874287.3559441438
7761,1874287.3581262818
7762,1874287.3578482815
7763,1874287.352979855
7764,1874287.3578162387
7765,1874287.3580044918
7766,1874287.3549261286
7767,1874287.355892263
7768,1874287.356064111
7769,1874287.3548132912
7770,1874287.355732709
7771,1874287.3556696658
7772,1874287.3562526319
7773,1874287.358548882
7774,1874287.3579881648
7775,1874287.3581261863
7776,1874287.355792725
7777,1874287.3564243917
7778,1874287.3544466808
7779,1874287.3605313986
7780,1874287.3561548288
7781,1874287.3538784734
7782,1874287.3556870162
7783,1874287.3557647038
7784,1874287.3563613705
7785,1874287.3554720639
7786,1874287.3556774722
7787,1874287.355273754
7788,1874287.3580736443
7789,1874287.3549359438
7790,1874287.355095881
7791,1874287.3571605848
7792,1874287.355027455
7793,1874287.3563814766
7794,1874287.3560627021
7795,1874287.3567257498
7796,1874287.3540698593
7797,1874287.3567962532
7798,1874287.355706965
7799,1874287.3572463552
7800,1874287.3557802318
7801,1874287.3550923064
7802,1874287.3558516002
7803,1874287.355456446
7804,1874287.3537679443
7805,1874287.3563935962
7806,1874287.3579134243
7807,1874287.3565205107
7808,1874287.3597187106
7809,1874287.3570466314
7810,1874287.357272104
7811,1874287.3554999258
7812,1874287.3555286336
7813,1874287.3563340632
7814,1874287.356260937
7815,1874287.355881265
7816,1874287.354611178
7817,1874287.3570274091
7818,1874287.3562187569
7819,1874287.357554443
7820,1874287.3565115293
7821,1874287.3582967222
7822,1874287.35626284
7823,1874287.3553913007
7824,1874287.3576231287
7825,1874287.3553340787
7826,1874287.3560257656
7827,1874287.3548066893
7828,1874287.359556633
7829,1874287.3577810063
7830,1874287.3566195369
7831,1874287.358196218
7832,1874287.3544947226
7833,1874287.3562771613
7834,1874287.3563753928
7835,1874287.3548118705
7836,1874287.3554520188
7837,1874287.357775487
7838,1874287.355856215
7839,1874287.3564858686
7840,1874287.3567790408
7841,1874287.3555990157
7842,1874287.3554437628
7843,1874287.3582568136
7844,1874287.3583180248
7845,1874287.357812723
7846,1874287.3553713034
7847,1874287.3587991567
7848,1874287.3559164724
7849,1874287.3551243695
7850,1874287.3555627703
7851,1874287.3567823865
7852,1874287.3550507398
7853,1874287.3548727299
7854,1874287.3567580336
7855,1874287.3578206983
7856,1874287.3557601843
7857,1874287.357017383
7858,1874287.354420542
7859,1874287.3557399032
7860,1874287.3559312264
7861,1874287.358194219
7862,1874287.3564759842
7863,1874287.358504431
7864,1874287.3580032138
7865,1874287.3542840902
7866,1874287.3562060709
7867,1874287.3565860663
7868,1874287.3585394681
7869,1874287.3563179781
7870,1874287.3550470956
7871,1874287.3576817964
7872,1874287.358422972
7873,1874287.3571244173
7874,1874287.3559193744
7875,1874287.3562318413
7876,1874287.35468503
7877,1874287.3558961577
7878,1874287.3589015412
7879,1874287.3558384087
7880,1874287.3577519886
7881,1874287.3562809909
7882,1874287.3568091549
7883,1874287.356057092
7884,1874287.3565102438
7885,1874287.352579231
7886,1874287.356068356
7887,1874287.357764417
7888,1874287.354041187
7889,1874287.3528137996
7890,1874287.3549474464
7891,1874287.3568970948
7892,1874287.3587509252
7893,1874287.3573905495
7894,1874287.3578806035
7895,1874287.3579308349
7896,1874287.3529325796
7897,1874287.3580786188
7898,1874287.356305303
7899,1874287.3548676278
7900,1874287.3544280208
7901,1874287.3550299904
7902,1874287.3554095486
7903,1874287.3561025362
7904,1874287.3585330548
7905,1874287.3575090563
7906,1874287.357625961
7907,1874287.3544665903
7908,1874287.3570536168
7909,1874287.3561199754
7910,1874287.3548599335
7911,1874287.3577046818
7912,1874287.357293035
7913,1874287.359025772
7914,1874287.3566919765
7915,1874287.3551860019
7916,1874287.355618184
7917,1874287.3557221508
7918,1874287.357719942
7919,1874287.3566243586
7920,1874287.3576141528
7921,1874287.3564210532
7922,1874287.3556285147
7923,1874287.352400125
7924,1874287.3556592516
7925,1874287.3561467987
7926,1874287.3592261786
7927,1874287.3559732765
7928,1874287.3564930575
7929,1874287.3565817648
7930,1874287.3559272932
7931,1874287.354131911
7932,1874287.359052066
7933,1874287.3616245533
7934,1874287.357871678
7935,1874287.3581050006
7936,1874287.358500824
7937,1874287.3571441267
7938,1874287.3551367864
7939,1874287.354377399
7940,1874287.356823415
7941,1874287.358274507
7942,1874287.3553181419
7943,1874287.356712186
7944,1874287.3562545371
7945,1874287.3563668279
7946,1874287.3572006654
7947,1874287.356519692
7948,1874287.3557751523
7949,1874287.3573658308
7950,1874287.3551689887
7951,1874287.354986587
7952,1874287.3549063012
7953,1874287.354626379
7954,1874287.357716657
7955,1874287.3577461059
7956,1874287.3573304396
7957,1874287.3558112818
7958,1874287.3548606685
7959,1874287.3593371497
7960,1874287.3553169274
7961,1874287.356715808
7962,1874287.3545557687
7963,1874287.3545644986
7964,1874287.3559369456
7965,1874287.357320902
7966,1874287.3575262388
7967,1874287.3571170846
7968,1874287.3567779297
7969,1874287.358479985
7970,1874287.3559506082
7971,1874287.356428475
7972,1874287.357534151
7973,1874287.355280101
7974,1874287.35829279
7975,1874287.3531469984
7976,1874287.355297822
7977,1874287.3580314482
7978,1874287.3558172986
7979,1874287.3552725138
7980,1874287.356908299
7981,1874287.3562596838
7982,1874287.358627671
7983,1874287.355091708
7984,1874287.3565134238
7985,1874287.3547286207
7986,1874287.3556192308
7987,1874287.354770295
7988,1874287.355750777
7989,1874287.3555912059
7990,1874287.3557321895
7991,1874287.3560506015
7992,1874287.3578236706
7993,1874287.3534746731
7994,1874287.3546799712
7995,1874287.3566011817
7996,1874287.3549112985
7997,1874287.3558774246
7998,1874287.353610123
7999,1874287.3576680184
8000,1874287.356148797
8001,1874287.3553562993
8002,1874287.3561058657
8003,1874287.355969003
8004,1874287.358579113
8005,1874287.3539240104
8006,1874287.3556795514
8007,1874287.3579924104
8008,1874287.3542832995
8009,1874287.3561024722
8010,1874287.3564130524
8011,1874287.3582856196
8012,1874287.3564454291
8013,1874287.3574457157
8014,1874287.3587233375
8015,1874287.3561134662
8016,1874287.3537617514
8017,1874287.3578867915
8018,1874287.356746248
8019,1874287.355787268
8020,1874287.3541914388
8021,1874287.3574206033
8022,1874287.3547212332
8023,1874287.3562447068
8024,1874287.3559537698
8025,1874287.3549612921
8026,1874287.3563732598
8027,1874287.3580737226
8028,1874287.35899427
8029,1874287.3563723445
8030,1874287.3568909017
8031,1874287.3533761245
8032,1874287.3577002366
8033,1874287.3558044427
8034,1874287.357300644
8035,1874287.3588906035
8036,1874287.3580355262
8037,1874287.3571758962
8038,1874287.3572276097
8039,1874287.3563331356
8040,1874287.3563331352
8041,1641158.0630035142
8042,1641158.0630035126
8043,1641158.063003513
8044,1641158.0630035128
8045,1641158.0630035126
8046,1641158.063003512
8047,1641158.0630035135
8048,1641158.0630035126
8049,1641158.0630035116
8050,1641158.0630035135
8051,1641158.0630035126
8052,1641158.0629496041
8053,1641158.0621220646
8054,1641158.0621932524
8055,1641158.0645327051
8056,1641158.0611214219
8057,1641158.0650720396
8058,1641158.0641631868
8059,1641158.063438837
8060,1641158.0633345717
8061,1641158.0624611424
8062,1641158.0637933246
8063,1641158.062515588
8064,1641158.0642757392
8065,1641158.0646238208
8066,1641158.0619368625
8067,1641158.062290385
8068,1641158.0641233108
8069,1641158.063392298
8070,1641158.0638427045
8071,1641158.06326896
8072,1641158.0617191473
8073,1641158.06312856
8074,1641158.065981311
8075,1641158.0627666814
8076,1641158.0623924402
8077,1641158.0648517981
8078,1641158.0637900045
8079,1641158.0651186754
8080,1641158.066446833
8081,1641158.0650284372
8082,1641158.0611343472
8083,1641158.0647143195
8084,1641158.0636049546
8085,1641158.0617779796
8086,1641158.0644949412
8087,1641158.0606338782
8088,1641158.0624982354
8089,1641158.060906312
8090,1641158.0628368594
8091,1641158.062447794
8092,1641158.0631613634
8093,1641158.0645698423
8094,1641158.0632208462
8095,1641158.061266372
8096,1641158.061916812
8097,1641158.0639019879
8098,1641158.0633024094
8099,1641158.064434985
8100,1641158.064817888
8101,1641158.0680540297
8102,1641158.0615783217
8103,1641158.0611229592
8104,1641158.0635878467
8105,1641158.0607744546
8106,1641158.0617217633
8107,1641158.0622840715
8108,1641158.0614953157
8109,1641158.059877148
8110,1641158.0611563288
8111,1641158.0645925524
8112,1641158.0652098726
8113,1641158.0634153183
8114,1641158.062315614
8115,1641158.0627292579
8116,1641158.0625276007
8117,1641158.0628389474
8118,1641158.0633737685
8119,1641158.0632737158
8120,1641158.0652236955
8121,1641158.0641301922
8122,1641158.0636670536
8123,1641158.0629883723
8124,1641158.0628607187
8125,1641158.0624396838
8126,1641158.0623100258
8127,1641158.0632345008
8128,1641158.0644900713
8129,1641158.0625791962
8130,1641158.0623190852
8131,1641158.0631765786
8132,1641158.0640856267
8133,1641158.0631800997
8134,1641158.0646349804
8135,1641158.0626661447
8136,1641158.0612331186
8137,1641158.062465758
8138,1641158.0628006882
8139,1641158.0637331165
8140,1641158.0616701741
8141,1641158.0625996157
8142,1641158.062221696
8143,1641158.0612643792
8144,1641158.0594815041
8145,1641158.065125334
8146,1641158.0615401324
8147,1641158.0633820503
8148,1641158.0638463646
8149,1641158.0633281153
8150,1641158.063543179
8151,1641158.064359539
8152,1641158.0615361123
8153,1641158.06271844
8154,1641158.0644372068
8155,1641158.0623062225
8156,1641158.0622057638
8157,1641158.0642593403
8158,1641158.0645550431
8159,1641158.0616046954
8160,1641158.0631334507
8161,1641158.0626827222
8162,1641158.0669561294
8163,1641158.0650961387
8164,1641158.063279692
8165,1641158.0638389715
8166,1641158.0655383386
8167,1641158.062023495
8168,1641158.0623026092
8169,1641158.0616721457
8170,1641158.0627504243
8171,1641158.0610608205
8172,1641158.062182084
8173,1641158.0577701768
8174,1641158.061561705
8175,1641158.063803985
8176,1641158.0623423795
8177,1641158.063484477
8178,1641158.0638201048
8179,1641158.0642471034
8180,1641158.0640474826
8181,1641158.0621104331
8182,1641158.061926915
8183,1641158.0626954238
8184,1641158.0610268335
8185,1641158.0625853818
8186,1641158.0614829476
8187,1641158.0603877828
8188,1641158.0623081045
8189,1641158.064206757
8190,1641158.0641206992
8191,1641158.0620084046
8192,1641158.06449845
8193,1641158.0609477828
8194,1641158.0647448457
8195,1641158.0633097112
8196,1641158.0630139422
8197,1641158.0646079385
8198,1641158.0634972153
8199,1641158.0634731196
8200,1641158.0627560588
8201,1641158.0615361312
8202,1641158.0619817937
8203,1641158.0628014996
8204,1641158.0617645879
8205,1641158.0642195821
8206,1641158.0630204612
8207,1641158.061485788
8208,1641158.0614935353
8209,1641158.0625236463
8210,1641158.0643793677
8211,1641158.0633114073
8212,1641158.0639985797
8213,1641158.0638149695
8214,1641158.0622194177
8215,1641158.0602999486
8216,1641158.0654225936
8217,1641158.0653269952
8218,1641158.063094425
8219,1641158.065480264
8220,1641158.0635037592
8221,1641158.0638294537
8222,1641158.0605324374
8223,1641158.0630000022
8224,1641158.063817417
8225,1641158.0623951922
8226,1641158.0645086914
8227,1641158.0613233512
8228,1641158.062353238
8229,1641158.0598647173
8230,1641158.0603038322
8231,1641158.061700077
8232,1641158.0618925926
8233,1641158.0620218758
8234,1641158.0634345512
8235,1641158.0627007962
8236,1641158.0629422842
8237,1641158.0633701705
8238,1641158.0612957834
8239,1641158.0637212677
8240,1641158.0644792423
8241,1641158.0607910594
8242,1641158.0640230237
8243,1641158.064984255
8244,1641158.0647218174
8245,1641158.0615290173
8246,1641158.0641463485
8247,1641158.0645050392
8248,1641158.0634548585
8249,1641158.0605097946
8250,1641158.0627763171
8251,1641158.063991474
8252,1641158.0608729564
8253,1641158.059773506
8254,1641158.0627259652
8255,1641158.061904985
8256,1641158.062098806
8257,1641158.0648402134
8258,1641158.0617613934
8259,1641158.0663168016
8260,1641158.062511352
8261,1641158.059250906
8262,1641158.0629635865
8263,1641158.06204309
8264,1641158.0634832536
8265,1641158.0652343188
8266,1641158.06361779
8267,1641158.0637493662
8268,1641158.0629929206
8269,1641158.0631183959
8270,1641158.0616405234
8271,1641158.0619149809
8272,1641158.0613971953
8273,1641158.06133434
8274,1641158.063480381
8275,1641158.063833824
8276,1641158.0650219708
8277,1641158.0613854218
8278,1641158.0616542867
8279,1641158.0600515085
8280,1641158.0620396752
8281,1641158.0637640534
8282,1641158.061429921
8283,1641158.0659911712
8284,1641158.0635645597
8285,1641158.062507473
8286,1641158.063957719
8287,1641158.0645450472
8288,1641158.0608297673
8289,1641158.0612823528
8290,1641158.063410362
8291,1641158.06343523
8292,1641158.0630540552
8293,1641158.0637089515
8294,1641158.063979052
8295,1641158.0609586122
8296,1641158.0623994635
8297,1641158.062980603
8298,1641158.061813435
8299,1641158.0630442018
8300,1641158.0629759184
8301,1641158.0633484186
8302,1641158.0640700646
8303,1641158.063415608
8304,1641158.0635425404
8305,1641158.064177597
8306,1641158.0658178742
8307,1641158.0616917077
8308,1641158.064374631
8309,1641158.0641808163
8310,1641158.062505286
8311,1641158.063543874
8312,1641158.0631920127
8313,1641158.0619296427
8314,1641158.0643201664
8315,1641158.0643828546
8316,1641158.065923683
8317,1641158.0601269607
8318,1641158.065011049
8319,1641158.0628967495
8320,1641158.0641162642
8321,1641158.0664537456
8322,1641158.0640170295
8323,1641158.062716252
8324,1641158.0629130814
8325,1641158.06367479
8326,1641158.0631841815
8327,1641158.062049396
8328,1641158.0622030844
8329,1641158.064725951
8330,1641158.0631117283
8331,1641158.0623364833
8332,1641158.066124022
8333,1641158.0628464276
8334,1641158.0639419665
8335,1641158.06036936
8336,1641158.0645953831
8337,1641158.0641462526
8338,1641158.0610433018
8339,1641158.062236101
8340,1641158.0633450786
8341,1641158.0654913199
8342,1641158.060633446
8343,1641158.0632003276
8344,1641158.0636174108
8345,1641158.0644566328
8346,1641158.0626314643
8347,1641158.060803087
8348,1641158.0662583967
8349,1641158.0642910919
8350,1641158.0651105503
8351,1641158.0633231103
8352,1641158.064695879
8353,1641158.0634392048
8354,1641158.0635274607
8355,1641158.0633764456
8356,1641158.0637709724
8357,1641158.063728574
8358,1641158.0650966808
8359,1641158.0644825753
8360,1641158.0618656976
8361,1641158.0609858432
8362,1641158.0654658917
8363,1641158.0620779654
8364,1641158.0623677014
8365,1641158.0612899738
8366,1641158.0630381762
8367,1641158.0638915703
8368,1641158.062903047
8369,1641158.0633473974
8370,1641158.0629036934
8371,1641158.0607224456
8372,1641158.0634443772
8373,1641158.0636543017
8374,1641158.0614523573
8375,1641158.0635774059
8376,1641158.0614399954
8377,1641158.0661268465
8378,1641158.065125225
8379,1641158.0614954035
8380,1641158.0603866875
8381,1641158.065359698
8382,1641158.0615090406
8383,1641158.0616150373
8384,1641158.0618515697
8385,1641158.06500245
8386,1641158.065250074
8387,1641158.0591312896
8388,1641158.0653669355
8389,1641158.0640795145
8390,1641158.0635704454
8391,1641158.064530074
8392,1641158.063693386
8393,1641158.0613217049
8394,1641158.0646106044
8395,1641158.0622470086
8396,1641158.0617197307
8397,1641158.0637521222
8398,1641158.061408516
8399,1641158.0630072209
8400,1641158.0640064129
8401,1641158.0625495773
8402,1641158.065643527
8403,1641158.063014431
8404,1641158.0648357174
8405,1641158.0625467584
8406,1641158.0608900252
8407,1641158.060459854
8408,1641158.0636667153
8409,1641158.062327017
8410,1641158.0637318704
8411,1641158.0647173212
8412,1641158.0623566853
8413,1641158.062796627
8414,1641158.0651936587
8415,1641158.065486421
8416,1641158.0623475597
8417,1641158.0632599592
8418,1641158.0641492074
8419,1641158.0607138379
8420,1641158.0624330852
8421,1641158.06442299
8422,1641158.0580992305
8423,1641158.06129739
8424,1641158.0638989536
8425,1641158.0631755453
8426,1641158.0661463705
8427,1641158.0640839303
8428,1641158.063801893
8429,1641158.0622241537
8430,1641158.0596925376
8431,1641158.063259602
8432,1641158.0630140486
8433,1641158.0651586084
8434,1641158.0618486546
8435,1641158.063538542
8436,1641158.0621601697
8437,1641158.0626470814
8438,1641158.0629712034
8439,1641158.0617306735
8440,1641158.0631098894
8441,1641158.0635831275
8442,1641158.0643050957
8443,1641158.0622107873
8444,1641158.0623066507
8445,1641158.0636576996
8446,1641158.0624607918
8447,1641158.0651203918
8448,1641158.0658002796
8449,1641158.0610362093
8450,1641158.0590096996
8451,1641158.0628507796
8452,1641158.0586451935
8453,1641158.0640104867
8454,1641158.0643911099
8455,1641158.0643031758
8456,1641158.0633862528
8457,1641158.0617711314
8458,1641158.0613193116
8459,1641158.0628939322
8460,1641158.0641958057
8461,1641158.0615542748
8462,1641158.0631764866
8463,1641158.06437064
8464,1641158.063841408
8465,1641158.0634339561
8466,1641158.0603903506
8467,1641158.0634145765
8468,1641158.0652121974
8469,1641158.0634301286
8470,1641158.063610003
8471,1641158.0644627141
8472,1641158.063598026
8473,1641158.0642957287
8474,1641158.0616045129
8475,1641158.0640981735
8476,1641158.0632293026
8477,1641158.0639082436
8478,1641158.060789808
8479,1641158.06469693
8480,1641158.0631650984
8481,1641158.061731972
8482,1641158.0629333341
8483,1641158.0630785655
8484,1641158.0605224138
8485,1641158.0640769221
8486,1641158.0631222283
8487,1641158.0606354927
8488,1641158.0655409356
8489,1641158.060986442
8490,1641158.0618250407
8491,1641158.0635947268
8492,1641158.064396067
8493,1641158.0641786328
8494,1641158.062242154
8495,1641158.0635603375
8496,1641158.0649954183
8497,1641158.0638167397
8498,1641158.0618342904
8499,1641158.0621921048
8500,1641158.062398985
8501,1641158.062079819
8502,1641158.0629611653
8503,1641158.063218346
8504,1641158.0632276498
8505,1641158.062731618
8506,1641158.0619298003
8507,1641158.0611266699
8508,1641158.0644090332
8509,1641158.0635281336
8510,1641158.0647122997
8511,1641158.0622800556
8512,1641158.0621470558
8513,1641158.0631167379
8514,1641158.060641659
8515,1641158.06275507
8516,1641158.0637763836
8517,1641158.0633665156
8518,1641158.063750505
8519,1641158.0634026646
8520,1641158.062999816
8521,1641158.0636202719
8522,1641158.0639194422
8523,1641158.0627603158
8524,1641158.0644670613
8525,1641158.063923316
8526,1641158.0638190405
8527,1641158.0632434278
8528,1641158.0630825986
8529,1641158.0626803874
8530,1641158.061532847
8531,1641158.0620980756
8532,1641158.0642298495
8533,1641158.0610798807
8534,1641158.0607013453
8535,1641158.0616797924
8536,1641158.062926891
8537,1641158.0636799028
8538,1641158.0628689493
8539,1641158.0633118907
8540,1641158.0638299203
8541,1641158.0633189222
8542,1641158.062300095
8543,1641158.0648042816
8544,1641158.065535234
8545,1641158.062310668
8546,1641158.060208315
8547,1641158.0609340637
8548,1641158.0630964017
8549,1641158.060846142
8550,1641158.0625290454
8551,1641158.0619978658
8552,1641158.0631278178
8553,1641158.0623721469
8554,1641158.063574846
8555,1641158.0659297395
8556,1641158.063850029
8557,1641158.0603490353
8558,1641158.0612168116
8559,1641158.0638236606
8560,1641158.0634303794
8561,1641158.0652620522
8562,1641158.063145337
8563,1641158.0621777552
8564,1641158.0640157203
8565,1641158.0642746077
8566,1641158.0612929964
8567,1641158.0602797656
8568,1641158.0646700722
8569,1641158.0639327716
8570,1641158.0613972642
8571,1641158.0637924483
8572,1641158.0625663665
8573,1641158.063641067
8574,1641158.0613741097
8575,1641158.0650913953
8576,1641158.0618328664
8577,1641158.0631493295
8578,1641158.0645218394
8579,1641158.064461406
8580,1641158.0637472868
8581,1641158.063358479
8582,1641158.0627160473
8583,1641158.0621155417
8584,1641158.0612357429
8585,1641158.0641010932
8586,1641158.0631710775
8587,1641158.0645502496
8588,1641158.063318158
8589,1641158.061371946
8590,1641158.0620426394
8591,1641158.0637526826
8592,1641158.0637487953
8593,1641158.0638945072
8594,1641158.0632882759
8595,1641158.0658373644
8596,1641158.061627227
8597,1641158.0630596818
8598,1641158.0633475368
8599,1641158.0655736674
8600,1641158.0618442376
8601,1641158.0632750022
8602,1641158.0610018729
8603,1641158.065260713
8604,1641158.0618814602
8605,1641158.0628694952
8606,1641158.0626392441
8607,1641158.0633361114
8608,1641158.0625642762
8609,1641158.0640076003
8610,1641158.060760592
8611,1641158.0631605652
8612,1641158.0644754977
8613,1641158.0627945468
8614,1641158.0638478757
8615,1641158.062832223
8616,1641158.0611575274
8617,1641158.0637223423
8618,1641158.0635668482
8619,1641158.0647534989
8620,1641158.060220598
8621,1641158.062165244
8622,1641158.062698354
8623,1641158.0644264482
8624,1641158.065189644
8625,1641158.0623274802
8626,1641158.065933815
8627,1641158.0616900267
8628,1641158.0657592718
8629,1641158.0648282764
8630,1641158.062759821
8631,1641158.0625815045
8632,1641158.0614269949
8633,1641158.0616710419
8634,1641158.0608880308
8635,1641158.0643668422
8636,1641158.0624966722
8637,1641158.0645712884
8638,1641158.0617862483
8639,1641158.0623983073
8640,1641158.0652044034
8641,1641158.0624533158
8642,1641158.0616231018
8643,1641158.0634349342
8644,1641158.0650247745
8645,1641158.0628214579
8646,1641158.0623941515
8647,1641158.06005018
8648,1641158.0634242725
8649,1641158.063049391
8650,1641158.062812812
8651,1641158.0614671411
8652,1641158.0639738846
8653,1641158.0618881183
8654,1641158.0622008552
8655,1641158.063122107
8656,1641158.062633648
8657,1641158.0625620938
8658,1641158.0607807
8659,1641158.0657119125
8660,1641158.0641260229
8661,1641158.0643456317
8662,1641158.061965881
8663,1641158.0655776237
8664,1641158.0670111913
8665,1641158.0646498802
8666,1641158.0641647982
8667,1641158.0625699682
8668,1641158.0641292767
8669,1641158.060959273
8670,1641158.0638297724
8671,1641158.0619719462
8672,1641158.0615767627
8673,1641158.0622250682
8674,1641158.0640933828
8675,1641158.0624770245
8676,1641158.0611712355
8677,1641158.0635017625
8678,1641158.0622718106
8679,1641158.0623173306
8680,1641158.0634692933
8681,1641158.0621272032
8682,1641158.0612309407
8683,1641158.061844921
8684,1641158.0624549007
8685,1641158.0627936937
8686,1641158.0634555067
8687,1641158.062072989
8688,1641158.0626980038
8689,1641158.063197655
8690,1641158.0646935331
8691,1641158.0635625771
8692,1641158.0629626599
8693,1641158.0638154736
8694,1641158.0619996006
8695,1641158.0628069015
8696,1641158.0630675706
8697,1641158.0647001183
8698,1641158.0617962193
8699,1641158.0634378463
8700,1641158.065306032
8701,1641158.0648518754
8702,1641158.0618727144
8703,1641158.065239041
8704,1641158.0618210882
8705,1641158.0628959576
8706,1641158.060993042
8707,1641158.0641840575
8708,1641158.063402658
8709,1641158.0615357794
8710,1641158.0617838057
8711,1641158.0625248768
8712,1641158.0627146082
8713,1641158.064495707
8714,1641158.0623607915
8715,1641158.0631472657
8716,1641158.0628328144
8717,1641158.0627969808
8718,1641158.06180249
8719,1641158.0643096722
8720,1641158.063381862
8721,1641158.0609263184
8722,1641158.0626044176
8723,1641158.0633378655
8724,1641158.061223976
8725,1641158.0624429234
8726,1641158.0627793728
8727,1641158.0613725386
8728,1641158.0629093882
8729,1641158.0636090436
8730,1641158.0635468254
8731,1641158.0624557792
8732,1641158.0626989221
8733,1641158.0631168326
8734,1641158.0631579545
8735,1641158.0640057654
8736,1641158.060533837
8737,1641158.0632056533
8738,1641158.063283645
8739,1641158.0624154534
8740,1641158.0628055383
8741,1641158.0645881412
8742,1641158.0643761063
8743,1641158.0632813845
8744,1641158.0651340394
8745,1641158.0642227265
8746,1641158.0626000965
8747,1641158.0610122269
8748,1641158.063259109
8749,1641158.0632986207
8750,1641158.0624340028
8751,1641158.060518392
8752,1641158.0638870283
8753,1641158.0632818323
8754,1641158.06390133
8755,1641158.0627458543
8756,1641158.0625391183
8757,1641158.0629858067
8758,1641158.0640557567
8759,1641158.0625781864
8760,1641158.0631677895
8761,1641158.062634972
8762,1641158.0624250846
8763,1641158.0639893743
8764,1641158.0623476813
8765,1641158.0636870177
8766,1641158.0662412345
8767,1641158.0639322342
8768,1641158.0641872352
8769,1641158.0623223993
8770,1641158.0630035137
8771,1641158.0630035135
8772,1465846.3962307128
8773,1465846.3962307167
8774,1465846.3962307163
8775,1465846.396230715
8776,1465846.3962307153
8777,1465846.3962307158
8778,1465846.3962307144
8779,1465846.396230714
8780,1465846.3962307149
8781,1465846.3962307146
8782,1465846.3962307142
8783,1465846.397096338
8784,1465846.393927078
8785,1465846.3970922523
8786,1465846.3963208392
8787,1465846.3970060553
8788,1465846.3985806587
8789,1465846.3922942018
8790,1465846.3947411096
8791,1465846.3973995072
8792,1465846.3961000792
8793,1465846.3960254258
8794,1465846.3939156746
8795,1465846.3979064112
8796,1465846.391222374
8797,1465846.3975147135
8798,1465846.3968188316
8799,1465846.3947740633
8800,1465846.397244957
8801,1465846.3924907334
8802,1465846.4026554797
8803,1465846.397333647
8804,1465846.394827213
8805,1465846.3972035854
8806,1465846.394703719
8807,1465846.3965398537
8808,1465846.395668609
8809,1465846.3987407712
8810,1465846.3968668056
8811,1465846.394839637
8812,1465846.3927890027
8813,1465846.3958898408
8814,1465846.3974432317
8815,1465846.3968744075
8816,1465846.3967026994
8817,1465846.3959643329
8818,1465846.3991492065
8819,1465846.3957590917
8820,1465846.3944709888
8821,1465846.3935471945
8822,1465846.3988270466
8823,1465846.3964736261
8824,1465846.3948654917
8825,1465846.3989616858
8826,1465846.3913535578
8827,1465846.3959695245
8828,1465846.3980362567
8829,1465846.394572191
8830,1465846.3942076408
8831,1465846.397442034
8832,1465846.398543803
8833,1465846.3933257726
8834,1465846.396205568
8835,1465846.3952913366
8836,1465846.3987208537
8837,1465846.3986124368
8838,1465846.3961222
8839,1465846.3955778978
8840,1465846.3955226748
8841,1465846.3929527847
8842,1465846.3930827703
8843,1465846.3978972433
8844,1465846.394523506
8845,1465846.3941228145
8846,1465846.3979353707
8847,1465846.393170892
8848,1465846.3963100286
8849,1465846.3935393465
8850,1465846.394609918
8851,1465846.401847162
8852,1465846.3948126587
8853,1465846.3980611197
8854,1465846.3973481264
8855,1465846.3985144147
8856,1465846.40021181
8857,1465846.3979790143
8858,1465846.394942599
8859,1465846.392647595
8860,1465846.3953828455
8861,1465846.3976331225
8862,1465846.3965581
8863,1465846.3917611071
8864,1465846.3977447145
8865,1465846.393674642
8866,1465846.395341856
8867,1465846.397360012
8868,1465846.39827478
8869,1465846.3950357472
8870,1465846.3955663259
8871,1465846.3950965223
8872,1465846.3936215944
8873,1465846.3973969067
8874,1465846.3948340102
8875,1465846.398006744
8876,1465846.394067636
8877,1465846.3935226714
8878,1465846.3955593694
8879,1465846.394526914
8880,1465846.3980118216
8881,1465846.392161563
8882,1465846.393441387
8883,1465846.3959342295
8884,1465846.3941976845
8885,1465846.3939999482
8886,1465846.3998328717
8887,1465846.395973957
8888,1465846.395861537
8889,1465846.400733205
8890,1465846.3950650408
8891,1465846.3906831506
8892,1465846.39692033
8893,1465846.395211108
8894,1465846.394595788
8895,1465846.3966772014
8896,1465846.3989905668
8897,1465846.3956114864
8898,1465846.3959635722
8899,1465846.3962784924
8900,1465846.3968448932
8901,1465846.3956854194
8902,1465846.3965793387
8903,1465846.3964335392
8904,1465846.3953952347
8905,1465846.3986347357
8906,1465846.3975939394
8907,1465846.3935779529
8908,1465846.3926631133
8909,1465846.3963552334
8910,1465846.4031384736
8911,1465846.3962994518
8912,1465846.4005476604
8913,1465846.3973180384
8914,1465846.3972912268
8915,1465846.3948761625
8916,1465846.3936939521
8917,1465846.396458452
8918,1465846.3939559287
8919,1465846.3959027426
8920,1465846.3948206664
8921,1465846.395664444
8922,1465846.3995138286
8923,1465846.394790663
8924,1465846.3948861256
8925,1465846.3966815884
8926,1465846.3994725416
8927,1465846.3965044785
8928,1465846.3958812691
8929,1465846.3971250204
8930,1465846.4007952344
8931,1465846.395637634
8932,1465846.3961762711
8933,1465846.3968749172
8934,1465846.394088144
8935,1465846.3943138088
8936,1465846.3964101935
8937,1465846.400357996
8938,1465846.3957262011
8939,1465846.3957241063
8940,1465846.4007463641
8941,1465846.4020129056
8942,1465846.3977956483
8943,1465846.3963099236
8944,1465846.397168049
8945,1465846.3959664411
8946,1465846.3946126343
8947,1465846.3989333739
8948,1465846.3946980145
8949,1465846.3962391955
8950,1465846.39471919
8951,1465846.3939571474
8952,1465846.3938164075
8953,1465846.4017548477
8954,1465846.3975601553
8955,1465846.3939722273
8956,1465846.3950477028
8957,1465846.3962921416
8958,1465846.3957152187
8959,1465846.393115871
8960,1465846.3948191945
8961,1465846.3954877765
8962,1465846.3978668433
8963,1465846.3934553314
8964,1465846.3943147333
8965,1465846.3968037828
8966,1465846.3941267242
8967,1465846.3979347174
8968,1465846.3939663956
8969,1465846.3998832726
8970,1465846.397997325
8971,1465846.4011841575
8972,1465846.3963106575
8973,1465846.4005559592
8974,1465846.396585698
8975,1465846.3947845178
8976,1465846.3936771292
8977,1465846.3905645248
8978,1465846.3941608174
8979,1465846.4010130994
8980,1465846.3932174018
8981,1465846.3966369915
8982,1465846.3932337638
8983,1465846.3951834638
8984,1465846.3969401873
8985,1465846.4030925215
8986,1465846.3972971716
8987,1465846.3990910891
8988,1465846.396292781
8989,1465846.3973234636
8990,1465846.3969453885
8991,1465846.3968068217
8992,1465846.390593259
8993,1465846.3942676887
8994,1465846.3931851932
8995,1465846.3970417504
8996,1465846.3959929212
8997,1465846.398294871
8998,1465846.399801824
8999,1465846.39860378
9000,1465846.3963429774
9001,1465846.3909792362
9002,1465846.3952420126
9003,1465846.3945657834
9004,1465846.3919442815
9005,1465846.3981896348
9006,1465846.393083069
9007,1465846.395528922
9008,1465846.3957568821
9009,1465846.3930478261
9010,1465846.3955731585
9011,1465846.3976032713
9012,1465846.3968693088
9013,1465846.3981482617
9014,1465846.398781663
9015,1465846.392629195
9016,1465846.3944847523
9017,1465846.3957535676
9018,1465846.3950547872
9019,1465846.39468649
9020,1465846.391323922
9021,1465846.3968492472
9022,1465846.3943166567
9023,1465846.3987660096
9024,1465846.3896971482
9025,1465846.3938034584
9026,1465846.3955883572
9027,1465846.3965397528
9028,1465846.3984148537
9029,1465846.3988638907
9030,1465846.3988459439
9031,1465846.396556087
9032,1465846.3977543616
9033,1465846.3921859653
9034,1465846.3983411617
9035,1465846.3971137684
9036,1465846.4002564508
9037,1465846.398730343
9038,1465846.3959226755
9039,1465846.3974863528
9040,1465846.3962752721
9041,1465846.391839151
9042,1465846.3983649272
9043,1465846.3972988448
9044,1465846.398790859
9045,1465846.4002329707
9046,1465846.3999671936
9047,1465846.391813216
9048,1465846.3946343279
9049,1465846.3970541568
9050,1465846.3921334478
9051,1465846.3974999983
9052,1465846.3991534524
9053,1465846.3930284418
9054,1465846.3979642594
9055,1465846.397109868
9056,1465846.3939360306
9057,1465846.3954128085
9058,1465846.398555119
9059,1465846.3959981012
9060,1465846.3939469482
9061,1465846.3944582054
9062,1465846.3935962894
9063,1465846.4015600854
9064,1465846.3985787053
9065,1465846.3957068962
9066,1465846.3907729099
9067,1465846.397343479
9068,1465846.391775025
9069,1465846.3957400098
9070,1465846.3965099433
9071,1465846.3995260876
9072,1465846.3983922813
9073,1465846.3979189915
9074,1465846.3966451676
9075,1465846.393735057
9076,1465846.398174063
9077,1465846.3948040772
9078,1465846.3938592372
9079,1465846.401179613
9080,1465846.3994226928
9081,1465846.397293714
9082,1465846.3944323023
9083,1465846.3962993356
9084,1465846.3985501102
9085,1465846.3941900998
9086,1465846.396961488
9087,1465846.3975350177
9088,1465846.3961869369
9089,1465846.400933423
9090,1465846.3935742308
9091,1465846.3962081263
9092,1465846.395786234
9093,1465846.395275672
9094,1465846.398465193
9095,1465846.3952932823
9096,1465846.3937582658
9097,1465846.3944924877
9098,1465846.394777491
9099,1465846.4012408673
9100,1465846.397717271
9101,1465846.3945682957
9102,1465846.3948753672
9103,1465846.3968250877
9104,1465846.3959688696
9105,1465846.3964148818
9106,1465846.3948404742
9107,1465846.3939230216
9108,1465846.3960718478
9109,1465846.4026120151
9110,1465846.3961725635
9111,1465846.397572871
9112,1465846.3972970538
9113,1465846.3981416684
9114,1465846.3912121097
9115,1465846.3919616658
9116,1465846.3965774023
9117,1465846.3982101537
9118,1465846.397320467
9119,1465846.3974331156
9120,1465846.4034611192
9121,1465846.398904093
9122,1465846.3945827282
9123,1465846.396086486
9124,1465846.3986423456
9125,1465846.397682245
9126,1465846.394793333
9127,1465846.3911724614
9128,1465846.3944569174
9129,1465846.3974084905
9130,1465846.3986206038
9131,1465846.3959933247
9132,1465846.3992162987
9133,1465846.397305091
9134,1465846.3960696973
9135,1465846.3954828475
9136,1465846.3944866278
9137,1465846.3986059388
9138,1465846.3981689303
9139,1465846.4033061084
9140,1465846.3929822755
9141,1465846.4009375114
9142,1465846.3968705672
9143,1465846.3965943975
9144,1465846.39335536
9145,1465846.395358346
9146,1465846.4036016457
9147,1465846.3949964645
9148,1465846.4003825027
9149,1465846.3924775037
9150,1465846.3937356865
9151,1465846.3909867683
9152,1465846.3968761927
9153,1465846.3938948803
9154,1465846.4003801192
9155,1465846.396075578
9156,1465846.3922027894
9157,1465846.3928426437
9158,1465846.3932376984
9159,1465846.4006484938
9160,1465846.393793521
9161,1465846.395979077
9162,1465846.3965627362
9163,1465846.3963081357
9164,1465846.3956580127
9165,1465846.3939455636
9166,1465846.3975938777
9167,1465846.3968867597
9168,1465846.3920435198
9169,1465846.3926434151
9170,1465846.3960099665
9171,1465846.3970970074
9172,1465846.394012957
9173,1465846.3921095296
9174,1465846.3981851055
9175,1465846.3924216935
9176,1465846.3976693968
9177,1465846.3925054856
9178,1465846.3926119185
9179,1465846.3946276829
9180,1465846.3947429399
9181,1465846.39197861
9182,1465846.3964485335
9183,1465846.3949419265
9184,1465846.3947655703
9185,1465846.3992999315
9186,1465846.392608403
9187,1465846.394955726
9188,1465846.3932782682
9189,1465846.3945338433
9190,1465846.3975018987
9191,1465846.3990885478
9192,1465846.3918319854
9193,1465846.3968517298
9194,1465846.397428097
9195,1465846.397519438
9196,1465846.3965938713
9197,1465846.399224927
9198,1465846.3908111884
9199,1465846.3976761184
9200,1465846.3966028306
9201,1465846.3954913332
9202,1465846.3942739232
9203,1465846.3975586286
9204,1465846.3956143132
9205,1465846.3974232743
9206,1465846.3959991613
9207,1465846.399630046
9208,1465846.3930306146
9209,1465846.3934999635
9210,1465846.3964220097
9211,1465846.394321762
9212,1465846.3990297923
9213,1465846.4016179584
9214,1465846.3971559964
9215,1465846.4008544136
9216,1465846.397188778
9217,1465846.3986951679
9218,1465846.397718765
9219,1465846.4005326137
9220,1465846.3915017464
9221,1465846.3928177997
9222,1465846.3979708117
9223,1465846.3913396455
9224,1465846.3957095405
9225,1465846.400693545
9226,1465846.3910764903
9227,1465846.3956991485
9228,1465846.3939460297
9229,1465846.3983543194
9230,1465846.398183108
9231,1465846.3930405315
9232,1465846.3990907301
9233,1465846.3935481738
9234,1465846.3949110603
9235,1465846.3980764595
9236,1465846.40063168
9237,1465846.3943829483
9238,1465846.3984515143
9239,1465846.395469786
9240,1465846.3956606383
9241,1465846.3938393616
9242,1465846.396925966
9243,1465846.4021618622
9244,1465846.3950207077
9245,1465846.3948043582
9246,1465846.3950114893
9247,1465846.3970461136
9248,1465846.395417224
9249,1465846.3944487362
9250,1465846.3956836523
9251,1465846.3916977085
9252,1465846.3975841077
9253,1465846.3900299894
9254,1465846.3966331272
9255,1465846.3980639903
9256,1465846.4015245123
9257,1465846.3973801988
9258,1465846.4026445379
9259,1465846.393991354
9260,1465846.395023078
9261,1465846.3959925273
9262,1465846.3995960883
9263,1465846.3958732144
9264,1465846.3896865437
9265,1465846.4006832414
9266,1465846.3949217969
9267,1465846.3952444042
9268,1465846.39232527
9269,1465846.4010094358
9270,1465846.3925510924
9271,1465846.398382251
9272,1465846.395310279
9273,1465846.401896735
9274,1465846.394235943
9275,1465846.3989338654
9276,1465846.3910080702
9277,1465846.3987953474
9278,1465846.3960694089
9279,1465846.3999224426
9280,1465846.3942806781
9281,1465846.396358556
9282,1465846.3914603533
9283,1465846.3956843186
9284,1465846.3962961305
9285,1465846.3978176706
9286,1465846.3936094595
9287,1465846.3952647054
9288,1465846.3961812481
9289,1465846.3914586445
9290,1465846.3993192501
9291,1465846.398921784
9292,1465846.3970584767
9293,1465846.3995598913
9294,1465846.3950899402
9295,1465846.3945529498
9296,1465846.3940352423
9297,1465846.3969100576
9298,1465846.3998728949
9299,1465846.3997411455
9300,1465846.3942504264
9301,1465846.3954141827
9302,1465846.3990459712
9303,1465846.3973605826
9304,1465846.397793652
9305,1465846.393745676
9306,1465846.3964643262
9307,1465846.3948232094
9308,1465846.3985874592
9309,1465846.3943264748
9310,1465846.3971658547
9311,1465846.3954371684
9312,1465846.3976590352
9313,1465846.4017852999
9314,1465846.3966782975
9315,1465846.3938435935
9316,1465846.3952275126
9317,1465846.3987627616
9318,1465846.3908039993
9319,1465846.4004292188
9320,1465846.3921550396
9321,1465846.3957084112
9322,1465846.3949466394
9323,1465846.39801621
9324,1465846.397384272
9325,1465846.3959882688
9326,1465846.4002115976
9327,1465846.3978017988
9328,1465846.395184699
9329,1465846.4009857618
9330,1465846.3976890375
9331,1465846.3946500919
9332,1465846.390961208
9333,1465846.3928596019
9334,1465846.3953761565
9335,1465846.3960300917
9336,1465846.3963083078
9337,1465846.395884918
9338,1465846.3969099945
9339,1465846.3980006634
9340,1465846.3944482713
9341,1465846.3943957214
9342,1465846.3950711791
9343,1465846.3912093502
9344,1465846.3975419276
9345,1465846.3959159441
9346,1465846.3975949734
9347,1465846.392735606
9348,1465846.394068224
9349,1465846.394757971
9350,1465846.398236691
9351,1465846.3961935984
9352,1465846.3993641243
9353,1465846.3955772927
9354,1465846.397031375
9355,1465846.396291623
9356,1465846.3943020627
9357,1465846.3962519194
9358,1465846.3992911237
9359,1465846.3969115352
9360,1465846.3969181364
9361,1465846.3984701615
9362,1465846.3928374602
9363,1465846.3894380298
9364,1465846.3965989735
9365,1465846.3954255627
9366,1465846.396747656
9367,1465846.3958491914
9368,1465846.3978653501
9369,1465846.3958882215
9370,1465846.398972587
9371,1465846.3987171568
9372,1465846.3940903372
9373,1465846.3953611478
9374,1465846.3970836876
9375,1465846.396300859
9376,1465846.3968326906
9377,1465846.3915752403
9378,1465846.397878379
9379,1465846.391268782
9380,1465846.395562708
9381,1465846.397995346
9382,1465846.3975438413
9383,1465846.3980896834
9384,1465846.396825466
9385,1465846.395618234
9386,1465846.3939789117
9387,1465846.3991874054
9388,1465846.3923703309
9389,1465846.392463943
9390,1465846.39843792
9391,1465846.396891453
9392,1465846.3980637866
9393,1465846.391806814
9394,1465846.3970739217
9395,1465846.3949558567
9396,1465846.393110018
9397,1465846.3966399236
9398,1465846.3909889716
9399,1465846.3945653753
9400,1465846.397488681
9401,1465846.3969672583
9402,1465846.3961383726
9403,1465846.395415457
9404,1465846.3973939524
9405,1465846.3942020151
9406,1465846.394189753
9407,1465846.396854307
9408,1465846.3941935662
9409,1465846.3987154977
9410,1465846.3959954234
9411,1465846.3978187
9412,1465846.3950975507
9413,1465846.3963622672
9414,1465846.3957784972
9415,1465846.396370344
9416,1465846.3960243429
9417,1465846.3937445378
9418,1465846.3967632488
9419,1465846.3969987317
9420,1465846.396533326
9421,1465846.394662936
9422,1465846.3949960668
9423,1465846.4000696805
9424,1465846.396225961
9425,1465846.3988223488
9426,1465846.3938708992
9427,1465846.400145897
9428,1465846.3948942209
9429,1465846.3968562107
9430,1465846.3990951865
9431,1465846.3959852757
9432,1465846.3971776585
9433,1465846.393606594
9434,1465846.397665611
9435,1465846.3983618906
9436,1465846.3959355429
9437,1465846.3945383958
9438,1465846.398318886
9439,1465846.4006095799
9440,1465846.3951268534
9441,1465846.3957180895
9442,1465846.3983768777
9443,1465846.395052349
9444,1465846.3943509227
9445,1465846.3952029147
9446,1465846.3943131706
9447,1465846.3979567615
9448,1465846.3968331453
9449,1465846.3979617432
9450,1465846.4002563788
9451,1465846.3983631998
9452,1465846.395193594
9453,1465846.3947943829
9454,1465846.3979373213
9455,1465846.3987927618
9456,1465846.3987696404
9457,1465846.3955765914
9458,1465846.3959095986
9459,1465846.3963879328
9460,1465846.3978637704
9461,1465846.396499663
9462,1465846.3982875175
9463,1465846.4019750538
9464,1465846.3972235646
9465,1465846.3978036137
9466,1465846.3971834704
9467,1465846.3960441765
9468,1465846.400055216
9469,1465846.400464939
9470,1465846.3971608651
9471,1465846.3961152341
9472,1465846.3939830305
9473,1465846.396945372
9474,1465846.3952401115
9475,1465846.4007605158
9476,1465846.3965989202
9477,1465846.3935440714
9478,1465846.3937679713
9479,1465846.396791585
9480,1465846.398387611
9481,1465846.3945262427
9482,1465846.3971250323
9483,1465846.3982496087
9484,1465846.3957020584
9485,1465846.4005147528
9486,1465846.3966714218
9487,1465846.396124807
9488,1465846.3965319186
9489,1465846.3939227858
9490,1465846.3944756158
9491,1465846.39352794
9492,1465846.3924025819
9493,1465846.3953796795
9494,1465846.3955429252
9495,1465846.3952605962
9496,1465846.397657771
9497,1465846.3979223631
9498,1465846.3978630146
9499,1465846.4004073064
9500,1465846.3923105502
9501,1465846.3962307132
9502,1465846.3962307132
9503,1162481.543471439
9504,1162481.543471438
9505,1162481.5434714397
9506,1162481.543471439
9507,1162481.5434714393
9508,1162481.5434714383
9509,1162481.5434714393
9510,1162481.543471439
9511,1162481.5434714393
9512,1162481.5434714395
9513,1162481.5434714383
9514,1162481.5417697786
9515,1162481.5432644053
9516,1162481.5461787146
9517,1162481.5437637267
9518,1162481.543386833
9519,1162481.5449722398
9520,1162481.5420586248
9521,1162481.5441023698
9522,1162481.5449273821
9523,1162481.5441743268
9524,1162481.5436799924
9525,1162481.5422711712
9526,1162481.543037235
9527,1162481.5417691222
9528,1162481.544840112
9529,1162481.5440596754
9530,1162481.5426753438
9531,1162481.543490795
9532,1162481.5422275837
9533,1162481.5448325526
9534,1162481.5441081221
9535,1162481.5411407521
9536,1162481.5424642912
9537,1162481.541806114
9538,1162481.543911332
9539,1162481.5441228799
9540,1162481.5428539019
9541,1162481.5433340853
9542,1162481.545366325
9543,1162481.5429153852
9544,1162481.5430061743
9545,1162481.5446703585
9546,1162481.5443809135
9547,1162481.5441565407
9548,1162481.5399124755
9549,1162481.541636301
9550,1162481.544645854
9551,1162481.543955642
9552,1162481.5427073482
9553,1162481.544971369
9554,1162481.5424910292
9555,1162481.5439605115
9556,1162481.5441158214
9557,1162481.542329932
9558,1162481.54358207
9559,1162481.5429194905
9560,1162481.540863267
9561,1162481.542582605
9562,1162481.5447247047
9563,1162481.5443323958
9564,1162481.5423315759
9565,1162481.5429099968
9566,1162481.543555308
9567,1162481.5437360578
9568,1162481.545343928
9569,1162481.5430771713
9570,1162481.5434148018
9571,1162481.5437094297
9572,1162481.5407543345
9573,1162481.5426567222
9574,1162481.5448844426
9575,1162481.5423858517
9576,1162481.5436836868
9577,1162481.5398999653
9578,1162481.5425427821
9579,1162481.5449849402
9580,1162481.5432234597
9581,1162481.5428466378
9582,1162481.543951489
9583,1162481.5441072811
9584,1162481.5430952413
9585,1162481.5432390731
9586,1162481.5441527714
9587,1162481.5435169574
9588,1162481.5439369094
9589,1162481.5441490936
9590,1162481.5420139227
9591,1162481.543464725
9592,1162481.5447529522
9593,1162481.5445252033
9594,1162481.5441441166
9595,1162481.5445583393
9596,1162481.5426250258
9597,1162481.5432902006
9598,1162481.5445058711
9599,1162481.5434368122
9600,1162481.543910059
9601,1162481.5424511975
9602,1162481.541547456
9603,1162481.5425677074
9604,1162481.54479516
9605,1162481.5429634834
9606,1162481.5412220536
9607,1162481.543853079
9608,1162481.541925805
9609,1162481.5432123896
9610,1162481.5434295107
9611,1162481.5442581624
9612,1162481.5420317838
9613,1162481.5423628932
9614,1162481.5427918404
9615,1162481.542303537
9616,1162481.5420413397
9617,1162481.5436625155
9618,1162481.5440711156
9619,1162481.5431962316
9620,1162481.5462741808
9621,1162481.5439381928
9622,1162481.5433173766
9623,1162481.5437370094
9624,1162481.5464950989
9625,1162481.5437120278
9626,1162481.5413161425
9627,1162481.5444791536
9628,1162481.5446579785
9629,1162481.542889565
9630,1162481.5417567692
9631,1162481.5427688044
9632,1162481.5427476894
9633,1162481.542974283
9634,1162481.54251666
9635,1162481.5416569114
9636,1162481.5422148064
9637,1162481.5438882983
9638,1162481.5439084345
9639,1162481.5439334712
9640,1162481.543508288
9641,1162481.5456509655
9642,1162481.542581548
9643,1162481.545557148
9644,1162481.5420545568
9645,1162481.5443586565
9646,1162481.5447206758
9647,1162481.5420604453
9648,1162481.5437295558
9649,1162481.5422455673
9650,1162481.5441483401
9651,1162481.5443097278
9652,1162481.5426826095
9653,1162481.545135147
9654,1162481.5441506782
9655,1162481.5429580486
9656,1162481.544552464
9657,1162481.5428890907
9658,1162481.544250102
9659,1162481.543927063
9660,1162481.5449665715
9661,1162481.544581779
9662,1162481.5432908032
9663,1162481.5417854034
9664,1162481.54354198
9665,1162481.5458157628
9666,1162481.54507543
9667,1162481.5438799632
9668,1162481.5455204651
9669,1162481.5442865945
9670,1162481.543227741
9671,1162481.542521643
9672,1162481.5454839189
9673,1162481.5431155185
9674,1162481.545413745
9675,1162481.5420537603
9676,1162481.5430946494
9677,1162481.5437667833
9678,1162481.5444799368
9679,1162481.5448031935
9680,1162481.5437740916
9681,1162481.543087083
9682,1162481.5448134998
9683,1162481.5422941889
9684,1162481.5412603423
9685,1162481.5426862647
9686,1162481.542653695
9687,1162481.5419427925
9688,1162481.542976413
9689,1162481.5432264057
9690,1162481.5420777688
9691,1162481.5422274522
9692,1162481.5408868096
9693,1162481.542857654
9694,1162481.54297304
9695,1162481.5437338578
9696,1162481.544662138
9697,1162481.5446878946
9698,1162481.5425475547
9699,1162481.543248403
9700,1162481.5432118909
9701,1162481.5430819513
9702,1162481.543869327
9703,1162481.5440848626
9704,1162481.543028384
9705,1162481.541946461
9706,1162481.5428845515
9707,1162481.5420676197
9708,1162481.5399015404
9709,1162481.5421796036
9710,1162481.546392825
9711,1162481.54344211
9712,1162481.5424864562
9713,1162481.5440609707
9714,1162481.5427250625
9715,1162481.5434802745
9716,1162481.5443914158
9717,1162481.5464650986
9718,1162481.5433324813
9719,1162481.5432229433
9720,1162481.544551333
9721,1162481.5430797972
9722,1162481.5432636505
9723,1162481.5394572574
9724,1162481.543581416
9725,1162481.5439937743
9726,1162481.5411232314
9727,1162481.5453863186
9728,1162481.5427836457
9729,1162481.5432613662
9730,1162481.5442910807
9731,1162481.542384319
9732,1162481.5412471609
9733,1162481.5426752237
9734,1162481.5423978237
9735,1162481.54217447
9736,1162481.5443247398
9737,1162481.542731375
9738,1162481.5424421919
9739,1162481.5439055103
9740,1162481.541841038
9741,1162481.5424886628
9742,1162481.5430010073
9743,1162481.5446770345
9744,1162481.5431226422
9745,1162481.5440746285
9746,1162481.5430970076
9747,1162481.5415625887
9748,1162481.5421168918
9749,1162481.543281229
9750,1162481.5430892992
9751,1162481.5413694514
9752,1162481.5433769808
9753,1162481.5414374522
9754,1162481.5444476567
9755,1162481.5414342042
9756,1162481.5421387437
9757,1162481.5435947133
9758,1162481.5432246127
9759,1162481.5434693648
9760,1162481.5444071458
9761,1162481.5428092326
9762,1162481.542325879
9763,1162481.5438978025
9764,1162481.5428275445
9765,1162481.5442075287
9766,1162481.5446229363
9767,1162481.5440704843
9768,1162481.5463738006
9769,1162481.5432446562
9770,1162481.5438883265
9771,1162481.543043433
9772,1162481.5415869565
9773,1162481.5438108412
9774,1162481.5449535393
9775,1162481.5424006127
9776,1162481.5449322248
9777,1162481.54469771
9778,1162481.5439299294
9779,1162481.5435004646
9780,1162481.5427108235
9781,1162481.5420700335
9782,1162481.543542622
9783,1162481.5447485803
9784,1162481.5440246728
9785,1162481.5439043292
9786,1162481.543191225
9787,1162481.5437402504
9788,1162481.5425872654
9789,1162481.5432286484
9790,1162481.5432234833
9791,1162481.5425842192
9792,1162481.5431328763
9793,1162481.544536182
9794,1162481.5444416422
9795,1162481.542314561
9796,1162481.5434918057
9797,1162481.5414740646
9798,1162481.54322052
9799,1162481.542314617
9800,1162481.5435798583
9801,1162481.5440751358
9802,1162481.5452563947
9803,1162481.5446622989
9804,1162481.5457004274
9805,1162481.5438671776
9806,1162481.5432454797
9807,1162481.544767417
9808,1162481.5423955126
9809,1162481.5426961135
9810,1162481.5458519752
9811,1162481.5421948165
9812,1162481.543963644
9813,1162481.5434270152
9814,1162481.545141683
9815,1162481.5464205001
9816,1162481.5416977475
9817,1162481.5447895785
9818,1162481.544279257
9819,1162481.5445633666
9820,1162481.5450315797
9821,1162481.5448006557
9822,1162481.5433510314
9823,1162481.5442070554
9824,1162481.544689512
9825,1162481.5417812625
9826,1162481.5431317608
9827,1162481.5416011186
9828,1162481.5437667063
9829,1162481.543231343
9830,1162481.5459883753
9831,1162481.545585894
9832,1162481.541603392
9833,1162481.539413636
9834,1162481.5435542313
9835,1162481.5429425698
9836,1162481.5427766629
9837,1162481.5430233553
9838,1162481.5428293685
9839,1162481.543986383
9840,1162481.5454252122
9841,1162481.5429183482
9842,1162481.5448822877
9843,1162481.5455686708
9844,1162481.5444967647
9845,1162481.5426106371
9846,1162481.5409902176
9847,1162481.5449738628
9848,1162481.5441447156
9849,1162481.5446240655
9850,1162481.5446725155
9851,1162481.5459437533
9852,1162481.5437951582
9853,1162481.5424824199
9854,1162481.5425874086
9855,1162481.5416799686
9856,1162481.5421247354
9857,1162481.5434108723
9858,1162481.5425739163
9859,1162481.5417969374
9860,1162481.543097584
9861,1162481.5451678243
9862,1162481.5435827351
9863,1162481.5441876464
9864,1162481.5435839947
9865,1162481.5438868927
9866,1162481.5447324638
9867,1162481.5427696435
9868,1162481.5439719993
9869,1162481.5431719532
9870,1162481.5460751269
9871,1162481.5442836152
9872,1162481.54437141
9873,1162481.542591889
9874,1162481.542950975
9875,1162481.54238279
9876,1162481.542274287
9877,1162481.5466425433
9878,1162481.543432132
9879,1162481.5428862826
9880,1162481.5420920954
9881,1162481.5412648853
9882,1162481.5406350363
9883,1162481.5430493897
9884,1162481.5419366637
9885,1162481.5434170254
9886,1162481.5430481464
9887,1162481.5418577972
9888,1162481.5448525443
9889,1162481.5433844887
9890,1162481.5450546434
9891,1162481.5420943466
9892,1162481.5466604722
9893,1162481.542632522
9894,1162481.5439236024
9895,1162481.5451872093
9896,1162481.5425413423
9897,1162481.5432164047
9898,1162481.5420468082
9899,1162481.5432201591
9900,1162481.5434170726
9901,1162481.5460300331
9902,1162481.5423169509
9903,1162481.5437172214
9904,1162481.5429354862
9905,1162481.5447061656
9906,1162481.5422547
9907,1162481.5454617972
9908,1162481.542683581
9909,1162481.5455206723
9910,1162481.5431552522
9911,1162481.5461208185
9912,1162481.54060107
9913,1162481.5438932108
9914,1162481.5426157832
9915,1162481.5415343111
9916,1162481.5461167265
9917,1162481.5430735962
9918,1162481.542973911
9919,1162481.5416238979
9920,1162481.5431295433
9921,1162481.5438857877
9922,1162481.5423172729
9923,1162481.5427889666
9924,1162481.5449519902
9925,1162481.543195627
9926,1162481.5435498152
9927,1162481.5440167466
9928,1162481.5431261072
9929,1162481.5419428304
9930,1162481.5441277735
9931,1162481.5443394461
9932,1162481.5445691652
9933,1162481.544986361
9934,1162481.5445443464
9935,1162481.5425037637
9936,1162481.5432916866
9937,1162481.5420311815
9938,1162481.5451090233
9939,1162481.5436670964
9940,1162481.5428806846
9941,1162481.5423353233
9942,1162481.542067438
9943,1162481.5457669909
9944,1162481.5445675766
9945,1162481.5430626213
9946,1162481.5438858
9947,1162481.5448294086
9948,1162481.5442662993
9949,1162481.5444873986
9950,1162481.542939872
9951,1162481.541960291
9952,1162481.5422271937
9953,1162481.545744611
9954,1162481.5435395495
9955,1162481.5437089223
9956,1162481.5464465248
9957,1162481.5416608986
9958,1162481.5437865139
9959,1162481.543393974
9960,1162481.5434933086
9961,1162481.543412854
9962,1162481.5433312554
9963,1162481.542425779
9964,1162481.541450376
9965,1162481.5422662352
9966,1162481.544928769
9967,1162481.5443622598
9968,1162481.543430339
9969,1162481.5444428364
9970,1162481.5423779231
9971,1162481.5441942564
9972,1162481.5422124907
9973,1162481.5431319808
9974,1162481.5440757158
9975,1162481.5443913818
9976,1162481.541317559
9977,1162481.54336403
9978,1162481.542487173
9979,1162481.542107386
9980,1162481.54289807
9981,1162481.5431245635
9982,1162481.5421452038
9983,1162481.5445694013
9984,1162481.5434395224
9985,1162481.544432646
9986,1162481.5429055707
9987,1162481.544528973
9988,1162481.5427294327
9989,1162481.544747886
9990,1162481.5432616153
9991,1162481.5430312185
9992,1162481.5420005794
9993,1162481.543243753
9994,1162481.5429100262
9995,1162481.5404632199
9996,1162481.5436464513
9997,1162481.543189119
9998,1162481.54308751
9999,1162481.54247821
10000,1162481.5454561797
10001,1162481.5435623957
10002,1162481.542814823
10003,1162481.542459567
10004,1162481.5442818392
10005,1162481.5435883433
10006,1162481.5456379708
10007,1162481.5443328703
10008,1162481.5435840185
10009,1162481.5437082555
10010,1162481.5437399466
10011,1162481.5443065157
10012,1162481.5415066492
10013,1162481.543045999
10014,1162481.5445419794
10015,1162481.545395489
10016,1162481.5456754675
10017,1162481.543102941
10018,1162481.544116513
10019,1162481.5436853878
10020,1162481.5421147253
10021,1162481.5465297943
10022,1162481.5433339882
10023,1162481.5441785008
10024,1162481.545498872
10025,1162481.5428404664
10026,1162481.5437944583
10027,1162481.5425382874
10028,1162481.5446299375
10029,1162481.5428495319
10030,1162481.5427665086
10031,1162481.54236078
10032,1162481.5435402945
10033,1162481.5453258029
10034,1162481.544667478
10035,1162481.5428521384
10036,1162481.5393828263
10037,1162481.5452028753
10038,1162481.5438793642
10039,1162481.5442681292
10040,1162481.5435169125
10041,1162481.542059152
10042,1162481.5442106705
10043,1162481.5430516184
10044,1162481.5446495684
10045,1162481.5414727665
10046,1162481.5417889587
10047,1162481.5428032507
10048,1162481.543526755
10049,1162481.5405148228
10050,1162481.5435567442
10051,1162481.541522493
10052,1162481.5440179373
10053,1162481.545535421
10054,1162481.5450378703
10055,1162481.5439141293
10056,1162481.5437269057
10057,1162481.5461284579
10058,1162481.544186545
10059,1162481.5432604677
10060,1162481.5434329414
10061,1162481.5443232534
10062,1162481.5421233997
10063,1162481.5400002871
10064,1162481.5425167186
10065,1162481.5433870375
10066,1162481.5406994654
10067,1162481.5451749677
10068,1162481.5429103589
10069,1162481.5441709491
10070,1162481.5428570705
10071,1162481.5425671765
10072,1162481.5424772468
10073,1162481.5440289665
10074,1162481.5412439755
10075,1162481.5447460455
10076,1162481.5437031372
10077,1162481.5421280868
10078,1162481.5406908283
10079,1162481.5452784603
10080,1162481.5432027031
10081,1162481.5428119306
10082,1162481.5416403108
10083,1162481.5430383629
10084,1162481.5431625792
10085,1162481.5449817923
10086,1162481.5437347388
10087,1162481.5416720677
10088,1162481.5442294138
10089,1162481.5427113427
10090,1162481.5452352124
10091,1162481.543577628
10092,1162481.544501318
10093,1162481.541062896
10094,1162481.5404950147
10095,1162481.5420832785
10096,1162481.5424790324
10097,1162481.5419938758
10098,1162481.5426466088
10099,1162481.544116994
10100,1162481.5422713603
10101,1162481.5453288907
10102,1162481.5446037794
10103,1162481.5435567594
10104,1162481.5436898759
10105,1162481.5462776292
10106,1162481.5441680152
10107,1162481.5417982952
10108,1162481.5401604874
10109,1162481.5422221147
10110,1162481.541227235
10111,1162481.545977334
10112,1162481.5442734193
10113,1162481.5444609376
10114,1162481.543407506
10115,1162481.5436938377
10116,1162481.5435723732
10117,1162481.5442892665
10118,1162481.5438064595
10119,1162481.5428325161
10120,1162481.5424511184
10121,1162481.544553356
10122,1162481.5433884726
10123,1162481.5438467544
10124,1162481.540508853
10125,1162481.5439313743
10126,1162481.5430521702
10127,1162481.544200001
10128,1162481.5446330062
10129,1162481.542279009
10130,1162481.5412813828
10131,1162481.543360615
10132,1162481.5441223609
10133,1162481.5430886603
10134,1162481.544790154
10135,1162481.5414006887
10136,1162481.5422948597
10137,1162481.542434772
10138,1162481.5430189094
10139,1162481.5431072759
10140,1162481.5449187653
10141,1162481.54315457
10142,1162481.544468018
10143,1162481.5435555584
10144,1162481.543749346
10145,1162481.5403656599
10146,1162481.5435111017
10147,1162481.5426649167
10148,1162481.5425964775
10149,1162481.5437906052
10150,1162481.544300835
10151,1162481.5446518608
10152,1162481.5455903276
10153,1162481.54288815
10154,1162481.5433643179
10155,1162481.5428336002
10156,1162481.5418411463
10157,1162481.5419028054
10158,1162481.543540558
10159,1162481.5427721504
10160,1162481.5452021197
10161,1162481.5433460933
10162,1162481.542558048
10163,1162481.5442124149
10164,1162481.5446780997
10165,1162481.5450525002
10166,1162481.5443528672
10167,1162481.543522454
10168,1162481.5438829854
10169,1162481.542520541
10170,1162481.5448364879
10171,1162481.5430442526
10172,1162481.5417749605
10173,1162481.5430156074
10174,1162481.5436317937
10175,1162481.5423200468
10176,1162481.5454748033
10177,1162481.5412704565
10178,1162481.543899376
10179,1162481.5462413835
10180,1162481.5424130256
10181,1162481.5448348566
10182,1162481.5446399099
10183,1162481.5426747636
10184,1162481.542941453
10185,1162481.5443726485
10186,1162481.5423074057
10187,1162481.5461210522
10188,1162481.5426604336
10189,1162481.5428163598
10190,1162481.544270634
10191,1162481.545262974
10192,1162481.5443764813
10193,1162481.5437899716
10194,1162481.543882032
10195,1162481.5427941065
10196,1162481.543222669
10197,1162481.5431719832
10198,1162481.541624287
10199,1162481.5445484426
10200,1162481.5457992095
10201,1162481.5431946989
10202,1162481.54324646
10203,1162481.543640302
10204,1162481.5444268645
10205,1162481.542913219
10206,1162481.5449209928
10207,1162481.5436859888
10208,1162481.5431459192
10209,1162481.5424605035
10210,1162481.5433037714
10211,1162481.5441765122
10212,1162481.5427216892
10213,1162481.5434148042
10214,1162481.5427254809
10215,1162481.541414989
10216,1162481.544562447
10217,1162481.543705052
10218,1162481.54381669
10219,1162481.5452750737
10220,1162481.5436229142
10221,1162481.541593967
10222,1162481.54206997
10223,1162481.5413070542
10224,1162481.5430683747
10225,1162481.543541997
10226,1162481.5441236454
10227,1162481.544260557
10228,1162481.5452385496
10229,1162481.5452782786
10230,1162481.5463568573
10231,1162481.5422367775
10232,1162481.5434714393
10233,1162481.5434714388
10234,1007368.6118399402
10235,1007368.6118399418
10236,1007368.6118399409
10237,1007368.6118399416
10238,1007368.6118399419
10239,1007368.6118399423
10240,1007368.6118399412
10241,1007368.6118399422
10242,1007368.6118399409
10243,1007368.6118399414
10244,1007368.6118399411
10245,1007368.6112021446
10246,1007368.6125538864
10247,1007368.6120380731
10248,1007368.6124190349
10249,1007368.6111468263
10250,1007368.6120903887
10251,1007368.6120812502
10252,1007368.6123611344
10253,1007368.6146361124
10254,1007368.6124754801
10255,1007368.611782778
10256,1007368.6117311799
10257,1007368.6102505919
10258,1007368.6126824326
10259,1007368.6126027814
10260,1007368.6124781125
10261,1007368.6121508421
10262,1007368.6130660233
10263,1007368.6092537323
10264,1007368.6112637568
10265,1007368.6125850182
10266,1007368.6110903352
10267,1007368.6110003556
10268,1007368.6093120435
10269,1007368.6130494721
10270,1007368.6135981806
10271,1007368.6107609189
10272,1007368.6101473111
10273,1007368.6143465844
10274,1007368.6114688903
10275,1007368.6112713548
10276,1007368.6111334029
10277,1007368.6120362551
10278,1007368.6112152525
10279,1007368.609461148
10280,1007368.6104287242
10281,1007368.6127921259
10282,1007368.6127535977
10283,1007368.611347321
10284,1007368.6137142276
10285,1007368.6099453425
10286,1007368.6135807377
10287,1007368.6117360882
10288,1007368.6125121844
10289,1007368.6128005311
10290,1007368.6102327482
10291,1007368.6089638665
10292,1007368.6095885731
10293,1007368.611203414
10294,1007368.6123861232
10295,1007368.6114344782
10296,1007368.6111419486
10297,1007368.6125845509
10298,1007368.6124160576
10299,1007368.613583675
10300,1007368.6118278714
10301,1007368.6126153226
10302,1007368.6124888406
10303,1007368.6113093087
10304,1007368.6129789444
10305,1007368.6130105963
10306,1007368.6114332408
10307,1007368.6117708068
10308,1007368.609646334
10309,1007368.611066175
10310,1007368.6135078244
10311,1007368.6126118227
10312,1007368.6112353859
10313,1007368.6110055216
10314,1007368.6118946305
10315,1007368.6102748347
10316,1007368.611641208
10317,1007368.6112787361
10318,1007368.6097904176
10319,1007368.6129275168
10320,1007368.6123632087
10321,1007368.6107318229
10322,1007368.6110759276
10323,1007368.6113917507
10324,1007368.6136589582
10325,1007368.6131356094
10326,1007368.6124397699
10327,1007368.6116580986
10328,1007368.6115150552
10329,1007368.6139175256
10330,1007368.6129247522
10331,1007368.6117274312
10332,1007368.6112682946
10333,1007368.6111501771
10334,1007368.6135700893
10335,1007368.61416611
10336,1007368.6106683288
10337,1007368.6098260502
10338,1007368.6113508313
10339,1007368.6106144937
10340,1007368.6113107937
10341,1007368.6123408213
10342,1007368.6126181762
10343,1007368.6118333777
10344,1007368.6111354572
10345,1007368.6112619187
10346,1007368.6107553771
10347,1007368.6102207676
10348,1007368.6099709823
10349,1007368.6114274429
10350,1007368.611862422
10351,1007368.6132138544
10352,1007368.6127009077
10353,1007368.6114404683
10354,1007368.6138241999
10355,1007368.6135335471
10356,1007368.6120282497
10357,1007368.6100642282
10358,1007368.6125286109
10359,1007368.6127796252
10360,1007368.6126347487
10361,1007368.6102322092
10362,1007368.6130616842
10363,1007368.6104639629
10364,1007368.6119471834
10365,1007368.6099207157
10366,1007368.6097809112
10367,1007368.611250997
10368,1007368.6114182702
10369,1007368.6126510792
10370,1007368.6114523251
10371,1007368.6132662726
10372,1007368.6118692781
10373,1007368.6109794851
10374,1007368.6139178209
10375,1007368.6102867236
10376,1007368.6129963907
10377,1007368.6141868987
10378,1007368.6093033806
10379,1007368.6120990082
10380,1007368.6130519627
10381,1007368.6129021546
10382,1007368.6126739802
10383,1007368.6094256592
10384,1007368.6115458421
10385,1007368.6119280051
10386,1007368.6125297281
10387,1007368.6121494923
10388,1007368.6113382209
10389,1007368.6114198329
10390,1007368.6105357112
10391,1007368.613382967
10392,1007368.6116048729
10393,1007368.6107287797
10394,1007368.6102537643
10395,1007368.6130445917
10396,1007368.6153022909
10397,1007368.6130120183
10398,1007368.6125789195
10399,1007368.6129618724
10400,1007368.6125043607
10401,1007368.6116783306
10402,1007368.6111164778
10403,1007368.6114579833
10404,1007368.6118198349
10405,1007368.6139537168
10406,1007368.6087301426
10407,1007368.6125987085
10408,1007368.6111675688
10409,1007368.6104826268
10410,1007368.6131370813
10411,1007368.6116894141
10412,1007368.611244076
10413,1007368.6133882394
10414,1007368.6113005369
10415,1007368.6113876473
10416,1007368.6103087227
10417,1007368.6113411367
10418,1007368.6106087858
10419,1007368.6119510697
10420,1007368.61323388
10421,1007368.6124560075
10422,1007368.6130913927
10423,1007368.6120163681
10424,1007368.6104520721
10425,1007368.6121237341
10426,1007368.6113277697
10427,1007368.6134496232
10428,1007368.6126380789
10429,1007368.6107652033
10430,1007368.6112138237
10431,1007368.6118979029
10432,1007368.6109569172
10433,1007368.6100035715
10434,1007368.6129307434
10435,1007368.6101225346
10436,1007368.6091881093
10437,1007368.609627998
10438,1007368.61104048
10439,1007368.6117218033
10440,1007368.61157923
10441,1007368.6132710545
10442,1007368.6129590092
10443,1007368.6089038455
10444,1007368.6124073773
10445,1007368.6122156426
10446,1007368.6120617121
10447,1007368.6123581543
10448,1007368.613788464
10449,1007368.6111388108
10450,1007368.6112754483
10451,1007368.6118513446
10452,1007368.6109879595
10453,1007368.6136642337
10454,1007368.6099340061
10455,1007368.6117127304
10456,1007368.6124027905
10457,1007368.6110180526
10458,1007368.6119730345
10459,1007368.6111334816
10460,1007368.6097458969
10461,1007368.6123446709
10462,1007368.6115035351
10463,1007368.6104603206
10464,1007368.6105021276
10465,1007368.6134226737
10466,1007368.612285164
10467,1007368.6098887147
10468,1007368.6113297853
10469,1007368.611625602
10470,1007368.6110568366
10471,1007368.611334255
10472,1007368.6118106007
10473,1007368.6113413778
10474,1007368.6126598219
10475,1007368.6125195347
10476,1007368.6116565601
10477,1007368.6124211634
10478,1007368.6109025375
10479,1007368.6113400228
10480,1007368.6113915232
10481,1007368.6135943446
10482,1007368.6122364842
10483,1007368.6119187159
10484,1007368.6103746338
10485,1007368.6125765608
10486,1007368.6112331784
10487,1007368.6126993768
10488,1007368.6131377479
10489,1007368.6121540673
10490,1007368.6112695094
10491,1007368.6132466148
10492,1007368.6119484719
10493,1007368.6099023914
10494,1007368.6119998188
10495,1007368.6124039354
10496,1007368.6117657926
10497,1007368.6125629109
10498,1007368.6095346247
10499,1007368.611776029
10500,1007368.6106559461
10501,1007368.6106759765
10502,1007368.6118801115
10503,1007368.6106247847
10504,1007368.6110537902
10505,1007368.6116216322
10506,1007368.6113979508
10507,1007368.6119888467
10508,1007368.6111972904
10509,1007368.6128108901
10510,1007368.6124604857
10511,1007368.6117267834
10512,1007368.6108182133
10513,1007368.6117781969
10514,1007368.6106089635
10515,1007368.6121043961
10516,1007368.6098419903
10517,1007368.610803876
10518,1007368.6122536655
10519,1007368.6099407375
10520,1007368.6114811564
10521,1007368.6119867167
10522,1007368.611247871
10523,1007368.6118584445
10524,1007368.6124890313
10525,1007368.612606001
10526,1007368.611523704
10527,1007368.6119172826
10528,1007368.6124942434
10529,1007368.6114156579
10530,1007368.6098485028
10531,1007368.6118902527
10532,1007368.612041213
10533,1007368.6122906605
10534,1007368.6122162829
10535,1007368.6138586816
10536,1007368.6112468324
10537,1007368.61194315
10538,1007368.6121444404
10539,1007368.6109745088
10540,1007368.6112505195
10541,1007368.6121223737
10542,1007368.6109639056
10543,1007368.6118658064
10544,1007368.6111774854
10545,1007368.6115460017
10546,1007368.6142445051
10547,1007368.6109590759
10548,1007368.6143008224
10549,1007368.6119871436
10550,1007368.612034295
10551,1007368.6129334319
10552,1007368.6125864923
10553,1007368.6122893892
10554,1007368.6130218029
10555,1007368.6116158416
10556,1007368.6112009374
10557,1007368.6132450013
10558,1007368.6114434543
10559,1007368.6115693509
10560,1007368.6111139716
10561,1007368.6133763032
10562,1007368.6125494171
10563,1007368.6114897341
10564,1007368.6113038658
10565,1007368.6111097599
10566,1007368.6114036995
10567,1007368.6120135565
10568,1007368.610812609
10569,1007368.6122201076
10570,1007368.6132861953
10571,1007368.612141941
10572,1007368.6121436382
10573,1007368.6120585545
10574,1007368.6139299358
10575,1007368.6107759977
10576,1007368.6122058219
10577,1007368.6105188907
10578,1007368.6116293052
10579,1007368.6135015993
10580,1007368.6131981222
10581,1007368.6127880922
10582,1007368.6132498509
10583,1007368.6105676156
10584,1007368.6117663068
10585,1007368.6117917671
10586,1007368.6106007415
10587,1007368.609645228
10588,1007368.6111165743
10589,1007368.6126139221
10590,1007368.6093543218
10591,1007368.6122465619
10592,1007368.612381165
10593,1007368.6120577815
10594,1007368.6130866547
10595,1007368.6113070443
10596,1007368.6122929497
10597,1007368.6116269514
10598,1007368.6102683549
10599,1007368.6130363283
10600,1007368.611124363
10601,1007368.6119782797
10602,1007368.6116983036
10603,1007368.6110144681
10604,1007368.609380949
10605,1007368.6115497749
10606,1007368.610912274
10607,1007368.6096729087
10608,1007368.6148222566
10609,1007368.6112126857
10610,1007368.610514167
10611,1007368.611097979
10612,1007368.6107130295
10613,1007368.6093829675
10614,1007368.6112531621
10615,1007368.6115281692
10616,1007368.6117649347
10617,1007368.6114474986
10618,1007368.6102844436
10619,1007368.6129242723
10620,1007368.6117608601
10621,1007368.6126808211
10622,1007368.6119569934
10623,1007368.6139178148
10624,1007368.6102467548
10625,1007368.6111069393
10626,1007368.6121571603
10627,1007368.6113475247
10628,1007368.6108541181
10629,1007368.6112500682
10630,1007368.612080144
10631,1007368.614000643
10632,1007368.6138771011
10633,1007368.6096590745
10634,1007368.6126520192
10635,1007368.6112128544
10636,1007368.6132060362
10637,1007368.6124775473
10638,1007368.6137470996
10639,1007368.6104357104
10640,1007368.6132109105
10641,1007368.6110036118
10642,1007368.6136434705
10643,1007368.6101687587
10644,1007368.6127266621
10645,1007368.6106389809
10646,1007368.6101011855
10647,1007368.613769227
10648,1007368.6101657265
10649,1007368.6128678735
10650,1007368.6111265284
10651,1007368.6111109969
10652,1007368.6133223575
10653,1007368.6109769517
10654,1007368.6121071748
10655,1007368.6124227971
10656,1007368.6125890414
10657,1007368.6117620725
10658,1007368.6114281351
10659,1007368.6135465862
10660,1007368.6107901154
10661,1007368.611958705
10662,1007368.6132648963
10663,1007368.6122271329
10664,1007368.6125920805
10665,1007368.6112772102
10666,1007368.6114405742
10667,1007368.6122107045
10668,1007368.6114028611
10669,1007368.6123065766
10670,1007368.6131907062
10671,1007368.6116169252
10672,1007368.611305885
10673,1007368.6113861364
10674,1007368.6125157652
10675,1007368.6117656023
10676,1007368.6113776985
10677,1007368.6119922462
10678,1007368.612927489
10679,1007368.6116645947
10680,1007368.611144035
10681,1007368.6116828136
10682,1007368.6122062657
10683,1007368.6122386389
10684,1007368.6133879726
10685,1007368.6111819922
10686,1007368.6110932973
10687,1007368.6133957326
10688,1007368.6118504024
10689,1007368.6103582451
10690,1007368.6114889458
10691,1007368.611820947
10692,1007368.6116706765
10693,1007368.6116123273
10694,1007368.6110110852
10695,1007368.6120409106
10696,1007368.6103639209
10697,1007368.6126674411
10698,1007368.6113117908
10699,1007368.6110696127
10700,1007368.611107799
10701,1007368.6112066997
10702,1007368.6133272465
10703,1007368.6102717246
10704,1007368.6120833156
10705,1007368.6121339189
10706,1007368.613974194
10707,1007368.6110996307
10708,1007368.6116821377
10709,1007368.6111138279
10710,1007368.611202348
10711,1007368.6121405762
10712,1007368.6116392219
10713,1007368.6111351037
10714,1007368.6122663254
10715,1007368.6115207815
10716,1007368.6124804548
10717,1007368.612617434
10718,1007368.6127842515
10719,1007368.6128321853
10720,1007368.6108021798
10721,1007368.6118154478
10722,1007368.61151309
10723,1007368.6125900556
10724,1007368.6116058779
10725,1007368.6120080119
10726,1007368.6109559111
10727,1007368.6111875003
10728,1007368.6117879925
10729,1007368.6131433373
10730,1007368.6120395825
10731,1007368.6123030565
10732,1007368.6117464667
10733,1007368.6111220642
10734,1007368.6107135975
10735,1007368.6126772487
10736,1007368.6122329744
10737,1007368.6123878773
10738,1007368.6122063239
10739,1007368.6123387306
10740,1007368.6124780154
10741,1007368.6118709277
10742,1007368.6123465468
10743,1007368.6116320625
10744,1007368.6127153026
10745,1007368.6112014245
10746,1007368.6127625754
10747,1007368.6123097712
10748,1007368.6107320904
10749,1007368.612493162
10750,1007368.6139280591
10751,1007368.611767258
10752,1007368.6131524246
10753,1007368.6108183911
10754,1007368.6114816004
10755,1007368.6119077816
10756,1007368.6114828355
10757,1007368.6114218662
10758,1007368.6117822871
10759,1007368.612528638
10760,1007368.6113374087
10761,1007368.6108057686
10762,1007368.6117786284
10763,1007368.6116008848
10764,1007368.6136942739
10765,1007368.6127802159
10766,1007368.6115010425
10767,1007368.6094009477
10768,1007368.6134472825
10769,1007368.6126229714
10770,1007368.613317831
10771,1007368.6112335223
10772,1007368.6129436252
10773,1007368.6121603218
10774,1007368.6128148999
10775,1007368.6119806904
10776,1007368.6105480891
10777,1007368.6124179601
10778,1007368.6128745398
10779,1007368.6110571744
10780,1007368.6105254459
10781,1007368.6113976421
10782,1007368.6111425868
10783,1007368.6116834683
10784,1007368.613823047
10785,1007368.6130039671
10786,1007368.6118298848
10787,1007368.6111446639
10788,1007368.6144931222
10789,1007368.6123118246
10790,1007368.610764926
10791,1007368.6111409678
10792,1007368.6124959303
10793,1007368.6119821104
10794,1007368.6106918411
10795,1007368.6101706449
10796,1007368.6115839503
10797,1007368.6103681219
10798,1007368.6130707848
10799,1007368.6126005783
10800,1007368.6124487618
10801,1007368.6122975751
10802,1007368.6103559472
10803,1007368.6119965226
10804,1007368.6121186077
10805,1007368.6124774384
10806,1007368.6117668626
10807,1007368.611710689
10808,1007368.6114346845
10809,1007368.610967277
10810,1007368.6133710741
10811,1007368.6113796805
10812,1007368.6108417048
10813,1007368.6103501405
10814,1007368.6124727526
10815,1007368.6111624668
10816,1007368.6129083997
10817,1007368.6111214706
10818,1007368.6106017961
10819,1007368.6112610528
10820,1007368.612411194
10821,1007368.6132327478
10822,1007368.6130980647
10823,1007368.6116754598
10824,1007368.6105044209
10825,1007368.6101282841
10826,1007368.6106693244
10827,1007368.6110130912
10828,1007368.6124118161
10829,1007368.6105351516
10830,1007368.6128599455
10831,1007368.6112628158
10832,1007368.611709296
10833,1007368.6127314033
10834,1007368.6118794758
10835,1007368.6114658223
10836,1007368.6143987194
10837,1007368.6116454414
10838,1007368.6111762174
10839,1007368.6110140388
10840,1007368.6109588799
10841,1007368.6104650233
10842,1007368.6128697977
10843,1007368.6110850268
10844,1007368.6124548827
10845,1007368.611828772
10846,1007368.6135315496
10847,1007368.6115061182
10848,1007368.6135284479
10849,1007368.6120009713
10850,1007368.6111800313
10851,1007368.6118778947
10852,1007368.6131449264
10853,1007368.6125656815
10854,1007368.6129514027
10855,1007368.6116441264
10856,1007368.612178131
10857,1007368.6114472713
10858,1007368.6126463771
10859,1007368.6132470823
10860,1007368.6112159787
10861,1007368.6113849268
10862,1007368.611534556
10863,1007368.6121155702
10864,1007368.6111259421
10865,1007368.6121319717
10866,1007368.6096216316
10867,1007368.6128998225
10868,1007368.6116223837
10869,1007368.612085164
10870,1007368.6115795494
10871,1007368.6122571091
10872,1007368.6130606821
10873,1007368.6126751485
10874,1007368.6105089932
10875,1007368.6110619355
10876,1007368.6105164062
10877,1007368.6111301095
10878,1007368.6111773375
10879,1007368.6118612961
10880,1007368.6121274095
10881,1007368.6124321402
10882,1007368.6141523847
10883,1007368.6130686374
10884,1007368.6119369868
10885,1007368.6110378102
10886,1007368.6106163372
10887,1007368.6104951903
10888,1007368.6112335995
10889,1007368.6112091223
10890,1007368.6102731877
10891,1007368.6132195934
10892,1007368.611318836
10893,1007368.6106617587
10894,1007368.6121659977
10895,1007368.6144118467
10896,1007368.6118263424
10897,1007368.610638295
10898,1007368.6112352659
10899,1007368.6108304362
10900,1007368.6120410659
10901,1007368.6114378367
10902,1007368.6123368558
10903,1007368.6112649803
10904,1007368.6101928562
10905,1007368.6116245594
10906,1007368.6106718204
10907,1007368.6133143166
10908,1007368.6108372592
10909,1007368.61064711
10910,1007368.613497676
10911,1007368.6110772076
10912,1007368.6127543405
10913,1007368.613354271
10914,1007368.6117119343
10915,1007368.6115908289
10916,1007368.6115430162
10917,1007368.6112903393
10918,1007368.6123751476
10919,1007368.6109386723
10920,1007368.6119020463
10921,1007368.6121521397
10922,1007368.6140735048
10923,1007368.6121017134
10924,1007368.6119127425
10925,1007368.6123224723
10926,1007368.6118992424
10927,1007368.6092791103
10928,1007368.6111770505
10929,1007368.6111999977
10930,1007368.6130210004
10931,1007368.6129638655
10932,1007368.6125586388
10933,1007368.6117634424
10934,1007368.61358187
10935,1007368.6125708049
10936,1007368.6118684183
10937,1007368.6114505805
10938,1007368.6128717152
10939,1007368.610837667
10940,1007368.6129139169
10941,1007368.6105461176
10942,1007368.6126934835
10943,1007368.6129323269
10944,1007368.6119387617
10945,1007368.6107440941
10946,1007368.6104036592
10947,1007368.6126961121
10948,1007368.6118251857
10949,1007368.6120022044
10950,1007368.612157252
10951,1007368.6130571108
10952,1007368.6107287958
10953,1007368.6102248224
10954,1007368.610796353
10955,1007368.6115663112
10956,1007368.6130620961
10957,1007368.6140643324
10958,1007368.6128122282
10959,1007368.6130894163
10960,1007368.6126904818
10961,1007368.6133916281
10962,1007368.6107881918
10963,1007368.6118399405
10964,1007368.611839941
10965,855499.4546014166
10966,855499.454601417
10967,855499.4546014175
10968,855499.4546014172
10969,855499.4546014178
10970,855499.4546014172
10971,855499.4546014173
10972,855499.4546014168
10973,855499.4546014164
10974,855499.4546014164
10975,855499.4546014171
10976,855499.4527708086
10977,855499.4537418316
10978,855499.4550785822
10979,855499.4545416608
10980,855499.4536691362
10981,855499.455060518
10982,855499.455083598
10983,855499.4543058433
10984,855499.4558677763
10985,855499.4549515055
10986,855499.4541819609
10987,855499.4555429944
10988,855499.4553152843
10989,855499.4543371778
10990,855499.4525632756
10991,855499.4549375572
10992,855499.4544193941
10993,855499.4564959274
10994,855499.454265362
10995,855499.4534788681
10996,855499.4549113626
10997,855499.4552057917
10998,855499.4536849551
10999,855499.4535110975
11000,855499.4547875153
11001,855499.4550010408
11002,855499.4524755641
11003,855499.455000079
11004,855499.4546907947
11005,855499.4542027839
11006,855499.4557616386
11007,855499.4547177121
11008,855499.4550706064
11009,855499.4529503613
11010,855499.454369396
11011,855499.4539343021
11012,855499.4562461369
11013,855499.4554158379
11014,855499.4536985467
11015,855499.4535472194
11016,855499.4536182997
11017,855499.455197955
11018,855499.4551279163
11019,855499.4542811669
11020,855499.4529614159
11021,855499.4543355881
11022,855499.4538349326
11023,855499.454937966
11024,855499.4530131653
11025,855499.454409856
11026,855499.4543645808
11027,855499.4539326325
11028,855499.45548366
11029,855499.4543941596
11030,855499.4534667531
11031,855499.4539436878
11032,855499.454662379
11033,855499.4528736077
11034,855499.4546723242
11035,855499.4541631985
11036,855499.4561754818
11037,855499.4553221641
11038,855499.4530660693
11039,855499.4546668164
11040,855499.4541611314
11041,855499.4551914879
11042,855499.4550900216
11043,855499.454412276
11044,855499.4542596987
11045,855499.4548575481
11046,855499.4532957801
11047,855499.4541079203
11048,855499.4537374694
11049,855499.4555122287
11050,855499.4542346898
11051,855499.4541995635
11052,855499.4536991087
11053,855499.4551133873
11054,855499.455340616
11055,855499.4550161345
11056,855499.4549141844
11057,855499.4552979445
11058,855499.4539768052
11059,855499.4541769902
11060,855499.4535885497
11061,855499.453567148
11062,855499.4537145552
11063,855499.4555801633
11064,855499.4551360153
11065,855499.4546681915
11066,855499.4545947512
11067,855499.4524087935
11068,855499.455564321
11069,855499.4529102381
11070,855499.4550694886
11071,855499.4541310539
11072,855499.4546965096
11073,855499.4550218425
11074,855499.4551360153
11075,855499.455363019
11076,855499.4546232676
11077,855499.456216844
11078,855499.4559760415
11079,855499.4544146168
11080,855499.4543763612
11081,855499.4545762744
11082,855499.453809485
11083,855499.4530096508
11084,855499.4545250356
11085,855499.4554554585
11086,855499.4555857987
11087,855499.4552399614
11088,855499.4526748393
11089,855499.4550170556
11090,855499.4557976278
11091,855499.454522183
11092,855499.4538105533
11093,855499.4543028991
11094,855499.4546500064
11095,855499.4549883619
11096,855499.4543233055
11097,855499.454524164
11098,855499.4554894915
11099,855499.4557092892
11100,855499.4543515376
11101,855499.4547618639
11102,855499.4559890471
11103,855499.4545167263
11104,855499.4549058881
11105,855499.4540671944
11106,855499.4533550106
11107,855499.4540657214
11108,855499.4541872867
11109,855499.453526233
11110,855499.4534627189
11111,855499.4554163275
11112,855499.4548513826
11113,855499.4548196598
11114,855499.4551620539
11115,855499.4551171203
11116,855499.4548760315
11117,855499.4532714363
11118,855499.4543329186
11119,855499.4537795578
11120,855499.4549221436
11121,855499.4549632879
11122,855499.4555244165
11123,855499.4538452316
11124,855499.4538733659
11125,855499.4550494852
11126,855499.4556230403
11127,855499.4558310842
11128,855499.455873582
11129,855499.4542413338
11130,855499.4558479168
11131,855499.4553627679
11132,855499.4543676908
11133,855499.4530231804
11134,855499.4540076986
11135,855499.4553627478
11136,855499.4556614036
11137,855499.4544183975
11138,855499.4539043789
11139,855499.4537525957
11140,855499.4541273871
11141,855499.4559795193
11142,855499.4535303258
11143,855499.4545298233
11144,855499.4553487599
11145,855499.4536271802
11146,855499.4540678574
11147,855499.4548335414
11148,855499.4546856149
11149,855499.4549311006
11150,855499.4546797739
11151,855499.455226627
11152,855499.4541120152
11153,855499.455594991
11154,855499.4552344958
11155,855499.4537604253
11156,855499.4567128669
11157,855499.4543326688
11158,855499.4533481798
11159,855499.4550777798
11160,855499.453650262
11161,855499.4550134222
11162,855499.4571243281
11163,855499.4530823575
11164,855499.4533493866
11165,855499.4554117885
11166,855499.4537826995
11167,855499.4550670796
11168,855499.4547064402
11169,855499.4555400994
11170,855499.4553668716
11171,855499.4552334427
11172,855499.4546650143
11173,855499.4537090515
11174,855499.4531202632
11175,855499.4542098395
11176,855499.4535449268
11177,855499.4558861355
11178,855499.4542866849
11179,855499.4547810203
11180,855499.4551523835
11181,855499.4545714756
11182,855499.4537365782
11183,855499.4543823365
11184,855499.4558741484
11185,855499.4535903931
11186,855499.4549041556
11187,855499.4541472505
11188,855499.4565857103
11189,855499.4545244656
11190,855499.4531507293
11191,855499.4535009856
11192,855499.4532694288
11193,855499.4541954934
11194,855499.4544991539
11195,855499.453807201
11196,855499.4551379605
11197,855499.4536380273
11198,855499.4538905418
11199,855499.4553656171
11200,855499.4542069203
11201,855499.4546295234
11202,855499.4545090131
11203,855499.4540774461
11204,855499.4540907035
11205,855499.4542074805
11206,855499.4548699828
11207,855499.4534758343
11208,855499.4556443823
11209,855499.4552346446
11210,855499.4553038682
11211,855499.4537666935
11212,855499.4543422796
11213,855499.4516157323
11214,855499.4542885787
11215,855499.4538062889
11216,855499.4551741976
11217,855499.454550629
11218,855499.4541755016
11219,855499.4569220894
11220,855499.4542561884
11221,855499.4540534271
11222,855499.4546959727
11223,855499.4545032263
11224,855499.4535745848
11225,855499.4548388064
11226,855499.4548530144
11227,855499.4559048846
11228,855499.4535725393
11229,855499.4539661527
11230,855499.4542599433
11231,855499.453856045
11232,855499.4557061292
11233,855499.4561626731
11234,855499.4541362788
11235,855499.4548891542
11236,855499.4543438689
11237,855499.4552318432
11238,855499.4535546305
11239,855499.4539234136
11240,855499.4546923945
11241,855499.4550814232
11242,855499.4551403915
11243,855499.455074674
11244,855499.4536264933
11245,855499.4548471028
11246,855499.453203069
11247,855499.4535313952
11248,855499.4547474599
11249,855499.4567971585
11250,855499.455281385
11251,855499.4548724313
11252,855499.4552784913
11253,855499.4533388529
11254,855499.4549624722
11255,855499.4558930673
11256,855499.4544230908
11257,855499.455410968
11258,855499.4547637615
11259,855499.4538956101
11260,855499.4543240722
11261,855499.4535854524
11262,855499.4535252581
11263,855499.4553856343
11264,855499.4550748636
11265,855499.4552838033
11266,855499.4548204459
11267,855499.4536081458
11268,855499.4544837043
11269,855499.4535990226
11270,855499.4528883809
11271,855499.4548470082
11272,855499.4552389802
11273,855499.4561080504
11274,855499.4552516175
11275,855499.4527370938
11276,855499.4547696874
11277,855499.4565721251
11278,855499.4538632134
11279,855499.4551881598
11280,855499.4545190604
11281,855499.454770896
11282,855499.4548094134
11283,855499.4552659391
11284,855499.4546200999
11285,855499.4559046559
11286,855499.4531870375
11287,855499.4552508212
11288,855499.4529634396
11289,855499.454946246
11290,855499.4538145325
11291,855499.4535701146
11292,855499.4542140076
11293,855499.4553941347
11294,855499.4545358171
11295,855499.4542827527
11296,855499.4549338038
11297,855499.4541729827
11298,855499.4540774273
11299,855499.4535662165
11300,855499.4543851445
11301,855499.4548570666
11302,855499.4550316177
11303,855499.4537290756
11304,855499.4545948395
11305,855499.4533459074
11306,855499.454102573
11307,855499.4555458658
11308,855499.4537002981
11309,855499.4531889476
11310,855499.4544637809
11311,855499.4550447451
11312,855499.4571043729
11313,855499.4546248935
11314,855499.4546614048
11315,855499.453712679
11316,855499.4541773489
11317,855499.4553126113
11318,855499.4566061052
11319,855499.4535370771
11320,855499.4545679681
11321,855499.4533029892
11322,855499.4548332844
11323,855499.4549147467
11324,855499.454143569
11325,855499.4548625909
11326,855499.4542191902
11327,855499.4541326532
11328,855499.4540958838
11329,855499.4543575948
11330,855499.4544526262
11331,855499.4538374617
11332,855499.4531204422
11333,855499.454814728
11334,855499.4546068867
11335,855499.4538489167
11336,855499.4543202257
11337,855499.4541221609
11338,855499.4525351061
11339,855499.4549584871
11340,855499.4546878057
11341,855499.4545331171
11342,855499.4547453306
11343,855499.454067604
11344,855499.4544187032
11345,855499.4536977842
11346,855499.4551774403
11347,855499.4536320656
11348,855499.4544941237
11349,855499.4552408886
11350,855499.4550790275
11351,855499.4562125945
11352,855499.4543066877
11353,855499.4543589946
11354,855499.4547028904
11355,855499.4536234227
11356,855499.4543265587
11357,855499.4547674082
11358,855499.4544463287
11359,855499.4541773254
11360,855499.4533186274
11361,855499.4567842945
11362,855499.4553013293
11363,855499.4532980893
11364,855499.4537002001
11365,855499.4537361604
11366,855499.4542192196
11367,855499.4549585825
11368,855499.4551668017
11369,855499.4557787275
11370,855499.4530571247
11371,855499.4537968314
11372,855499.4536827145
11373,855499.4546323597
11374,855499.454871844
11375,855499.4558240689
11376,855499.4545024249
11377,855499.4549612002
11378,855499.4557776646
11379,855499.4559877306
11380,855499.4574465883
11381,855499.4547132206
11382,855499.4552857536
11383,855499.4543534142
11384,855499.4536262314
11385,855499.4561593382
11386,855499.4542392767
11387,855499.4564270116
11388,855499.4542377001
11389,855499.4535812626
11390,855499.4547661389
11391,855499.4562386074
11392,855499.4559397701
11393,855499.4535925188
11394,855499.454050493
11395,855499.4541444309
11396,855499.4549818422
11397,855499.4553559625
11398,855499.4538145916
11399,855499.4539363539
11400,855499.4549535715
11401,855499.4546065982
11402,855499.4562310743
11403,855499.4552890275
11404,855499.4555908978
11405,855499.4550463808
11406,855499.4530285588
11407,855499.4544747663
11408,855499.4555040972
11409,855499.4541146285
11410,855499.4531935224
11411,855499.4543029927
11412,855499.4532927251
11413,855499.4551227643
11414,855499.4557439911
11415,855499.455278988
11416,855499.4534519215
11417,855499.4545881134
11418,855499.454989788
11419,855499.4545669006
11420,855499.4550062945
11421,855499.4556738096
11422,855499.4552730166
11423,855499.4548580855
11424,855499.454393998
11425,855499.4566595901
11426,855499.456057216
11427,855499.4551310107
11428,855499.4541790824
11429,855499.4548946372
11430,855499.4544349922
11431,855499.4545125444
11432,855499.4532756555
11433,855499.4548842157
11434,855499.4538523491
11435,855499.4546881147
11436,855499.4534825258
11437,855499.4553433671
11438,855499.4542001034
11439,855499.4558249881
11440,855499.4526783717
11441,855499.4550575342
11442,855499.4560654007
11443,855499.453816021
11444,855499.456809136
11445,855499.4548185494
11446,855499.454167716
11447,855499.454225615
11448,855499.4540681583
11449,855499.4550931093
11450,855499.4555363195
11451,855499.4524946599
11452,855499.4568308512
11453,855499.4549856997
11454,855499.4547818124
11455,855499.4566595926
11456,855499.4549620461
11457,855499.4546740655
11458,855499.4549332218
11459,855499.4557021104
11460,855499.4569677202
11461,855499.4542774536
11462,855499.4556114072
11463,855499.4553605027
11464,855499.4537573379
11465,855499.4540253613
11466,855499.453803326
11467,855499.4548802858
11468,855499.4562862049
11469,855499.4528854524
11470,855499.4546010465
11471,855499.4550530481
11472,855499.4543323762
11473,855499.4551174337
11474,855499.4542554972
11475,855499.4540561712
11476,855499.4538710321
11477,855499.4543414342
11478,855499.454817002
11479,855499.4543303316
11480,855499.4545584959
11481,855499.4550545661
11482,855499.4546757506
11483,855499.4549927544
11484,855499.4543428809
11485,855499.4544538555
11486,855499.4533158483
11487,855499.4562196871
11488,855499.4549619464
11489,855499.4524422882
11490,855499.4555756763
11491,855499.4556929562
11492,855499.4559597134
11493,855499.4541312417
11494,855499.4536889073
11495,855499.4549188149
11496,855499.4555294473
11497,855499.4537086957
11498,855499.4535664215
11499,855499.4541607938
11500,855499.45471339
11501,855499.454792953
11502,855499.4536660821
11503,855499.4552915726
11504,855499.454539203
11505,855499.4547913215
11506,855499.4559549378
11507,855499.4557105191
11508,855499.4547181122
11509,855499.4549963634
11510,855499.4534763589
11511,855499.4544721822
11512,855499.453679343
11513,855499.4544413151
11514,855499.4566059255
11515,855499.4557577269
11516,855499.4536396324
11517,855499.4548354996
11518,855499.4558006476
11519,855499.4558944645
11520,855499.4547315311
11521,855499.4542888185
11522,855499.4558337309
11523,855499.4552038027
11524,855499.4558417917
11525,855499.4549317128
11526,855499.4521442658
11527,855499.4554645523
11528,855499.4552581538
11529,855499.4551001359
11530,855499.452868496
11531,855499.4557389533
11532,855499.4551227946
11533,855499.452793926
11534,855499.4546815569
11535,855499.4548461137
11536,855499.4548088218
11537,855499.452773414
11538,855499.4547156963
11539,855499.4557113639
11540,855499.4552813567
11541,855499.4560127084
11542,855499.4548429606
11543,855499.4546549983
11544,855499.4546482898
11545,855499.4554018029
11546,855499.4541917129
11547,855499.4563675299
11548,855499.4539315025
11549,855499.4528444211
11550,855499.4542074236
11551,855499.4544476636
11552,855499.4544734587
11553,855499.4556774229
11554,855499.4534339771
11555,855499.4544671
11556,855499.4529765253
11557,855499.452840024
11558,855499.4550268487
11559,855499.4536937026
11560,855499.4550852296
11561,855499.4546685996
11562,855499.4525313731
11563,855499.4542386283
11564,855499.4545144716
11565,855499.4544517315
11566,855499.4547001478
11567,855499.4541158014
11568,855499.4548773431
11569,855499.4554917226
11570,855499.4558275088
11571,855499.4552438359
11572,855499.4554671713
11573,855499.4538657821
11574,855499.4552524497
11575,855499.452620881
11576,855499.457167707
11577,855499.4564623685
11578,855499.455449563
11579,855499.4552543743
11580,855499.45364643
11581,855499.4542576667
11582,855499.4540509178
11583,855499.4558405891
11584,855499.4557243321
11585,855499.455380529
11586,855499.4546905182
11587,855499.4548598408
11588,855499.4554898804
11589,855499.4554485168
11590,855499.4550721165
11591,855499.4558864853
11592,855499.4535465208
11593,855499.4534182933
11594,855499.4544915908
11595,855499.4547726446
11596,855499.4542577477
11597,855499.4534282704
11598,855499.4534061216
11599,855499.4537226522
11600,855499.4556370723
11601,855499.4551706362
11602,855499.452735337
11603,855499.4558673486
11604,855499.4536851705
11605,855499.4556176099
11606,855499.4536623651
11607,855499.4546350485
11608,855499.4547097844
11609,855499.4554735367
11610,855499.4535598871
11611,855499.4553280452
11612,855499.4545999648
11613,855499.4552246212
11614,855499.4551895312
11615,855499.45569919
11616,855499.4550920848
11617,855499.4542120912
11618,855499.4527347111
11619,855499.4540626919
11620,855499.4545411126
11621,855499.4534995063
11622,855499.4546898175
11623,855499.4546953127
11624,855499.4543067939
11625,855499.4529818094
11626,855499.454707928
11627,855499.4551361317
11628,855499.4556313037
11629,855499.4540379657
11630,855499.4531920776
11631,855499.4547721951
11632,855499.4536400771
11633,855499.4552167086
11634,855499.4549979395
11635,855499.453881833
11636,855499.4538394146
11637,855499.4544587297
11638,855499.4549466784
11639,855499.4545776027
11640,855499.4546931067
11641,855499.4566003828
11642,855499.4561117283
11643,855499.4547777495
11644,855499.4538109582
11645,855499.454387846
11646,855499.4548244532
11647,855499.4524015349
11648,855499.4533753901
11649,855499.4551633346
11650,855499.4546993668
11651,855499.4538743664
11652,855499.4543489227
11653,855499.4556062608
11654,855499.4541041427
11655,855499.4534581378
11656,855499.4563497892
11657,855499.4548019567
11658,855499.4526380863
11659,855499.4544527875
11660,855499.454908111
11661,855499.4553721255
11662,855499.4538036787
11663,855499.4533050623
11664,855499.4541970886
11665,855499.4549250549
11666,855499.454266343
11667,855499.454520415
11668,855499.455231583
11669,855499.4554233436
11670,855499.4527669585
11671,855499.4547578604
11672,855499.4537418254
11673,855499.4539409117
11674,855499.4550000784
11675,855499.4546816475
11676,855499.4552354395
11677,855499.4546879184
11678,855499.4540773577
11679,855499.454529426
11680,855499.4558880883
11681,855499.4547622722
11682,855499.4557351083
11683,855499.4535177085
11684,855499.4533789994
11685,855499.4543824441
11686,855499.4540507833
11687,855499.4556075622
11688,855499.4573556011
11689,855499.4545300448
11690,855499.4551264461
11691,855499.4544121012
11692,855499.4562281125
11693,855499.4544805152
11694,855499.4546014164
11695,855499.4546014166
11696,791683.5940871668
11697,791683.5940871666
11698,791683.5940871666
11699,791683.5940871662
11700,791683.5940871661
11701,791683.5940871666
11702,791683.594087166
11703,791683.5940871667
11704,791683.5940871661
11705,791683.5940871668
11706,791683.5940871662
11707,791683.5948538928
11708,791683.5943217375
11709,791683.5936488477
11710,791683.5942817406
11711,791683.5936863802
11712,791683.5935327357
11713,791683.5943318964
11714,791683.5947369781
11715,791683.5949817017
11716,791683.5940220254
11717,791683.5943970766
11718,791683.5948793626
11719,791683.5936890946
11720,791683.594160045
11721,791683.5944419086
11722,791683.5940668818
11723,791683.5938594644
11724,791683.5939535509
11725,791683.593633218
11726,791683.592529182
11727,791683.5939054561
11728,791683.5946562167
11729,791683.5951933083
11730,791683.5933706594
11731,791683.5938037875
11732,791683.5943152267
11733,791683.594424132
11734,791683.5935510607
11735,791683.5934575924
11736,791683.5943003319
11737,791683.5924163697
11738,791683.5943741984
11739,791683.5942086178
11740,791683.5938419855
11741,791683.5934787035
11742,791683.5946531063
11743,791683.5933875461
11744,791683.5926129587
11745,791683.595092281
11746,791683.5933212215
11747,791683.5936308182
11748,791683.5938049102
11749,791683.5942327675
11750,791683.5941447106
11751,791683.5946548214
11752,791683.5933419437
11753,791683.5937768763
11754,791683.593923652
11755,791683.594841896
11756,791683.5947953245
11757,791683.5949639258
11758,791683.5958135026
11759,791683.594082613
11760,791683.5938179867
11761,791683.5934409557
11762,791683.593173953
11763,791683.5931582979
11764,791683.594850862
11765,791683.5947883006
11766,791683.5952353305
11767,791683.5943976816
11768,791683.5935586387
11769,791683.5944424747
11770,791683.5934294886
11771,791683.59433286
11772,791683.5950581388
11773,791683.5945039536
11774,791683.5937548147
11775,791683.5928275946
11776,791683.5939488387
11777,791683.5940523664
11778,791683.5938486587
11779,791683.593790558
11780,791683.5940486579
11781,791683.5949608062
11782,791683.5946063568
11783,791683.5940319628
11784,791683.5942768465
11785,791683.5933536368
11786,791683.5937795255
11787,791683.594479661
11788,791683.5932427924
11789,791683.5943913067
11790,791683.5952175914
11791,791683.5945118283
11792,791683.5944720621
11793,791683.5948376674
11794,791683.5933852693
11795,791683.5948327485
11796,791683.5955473544
11797,791683.5931523251
11798,791683.594674843
11799,791683.5933455293
11800,791683.5955623141
11801,791683.5946345048
11802,791683.5931379384
11803,791683.5938714781
11804,791683.5932093039
11805,791683.5935057113
11806,791683.593867668
11807,791683.5947831466
11808,791683.5944124073
11809,791683.5934612369
11810,791683.594886098
11811,791683.5948930923
11812,791683.5929539745
11813,791683.5947894031
11814,791683.5949138658
11815,791683.5942927648
11816,791683.5937610273
11817,791683.5939338056
11818,791683.5922348666
11819,791683.595251397
11820,791683.593606588
11821,791683.5945877834
11822,791683.5936903808
11823,791683.5943906892
11824,791683.594469701
11825,791683.5951137455
11826,791683.593591483
11827,791683.5951558499
11828,791683.5940995021
11829,791683.593091348
11830,791683.5948390148
11831,791683.5945842128
11832,791683.5947251124
11833,791683.5938624141
11834,791683.593233814
11835,791683.5936531672
11836,791683.5943849563
11837,791683.5951333852
11838,791683.5935850947
11839,791683.5951327418
11840,791683.5937514179
11841,791683.5933334145
11842,791683.5951302752
11843,791683.5944031762
11844,791683.594023573
11845,791683.5940358283
11846,791683.5947860033
11847,791683.5942801607
11848,791683.5953204077
11849,791683.5926826141
11850,791683.593985031
11851,791683.5937698139
11852,791683.5945985338
11853,791683.5939068221
11854,791683.5934032523
11855,791683.5939746246
11856,791683.5934478204
11857,791683.59321867
11858,791683.5933760299
11859,791683.5940477558
11860,791683.5940159977
11861,791683.5931624551
11862,791683.5948162519
11863,791683.593514531
11864,791683.5944096764
11865,791683.5934592565
11866,791683.5943525033
11867,791683.5933226752
11868,791683.593995795
11869,791683.5933792545
11870,791683.5944780532
11871,791683.5943931096
11872,791683.592713829
11873,791683.5940191203
11874,791683.5943749675
11875,791683.5942646031
11876,791683.5952350287
11877,791683.5940440467
11878,791683.5936334417
11879,791683.5926095549
11880,791683.5939936262
11881,791683.5942536697
11882,791683.5935403554
11883,791683.593847243
11884,791683.5951512152
11885,791683.5950085399
11886,791683.5926678998
11887,791683.5939805649
11888,791683.5942136471
11889,791683.5940496086
11890,791683.5939800646
11891,791683.595287072
11892,791683.5925604361
11893,791683.5937056424
11894,791683.5946544339
11895,791683.5950959573
11896,791683.5932703683
11897,791683.5929002789
11898,791683.5941660474
11899,791683.5940347763
11900,791683.5944254493
11901,791683.593905107
11902,791683.594730106
11903,791683.5944185748
11904,791683.5950227465
11905,791683.5937647048
11906,791683.5930121592
11907,791683.5950772999
11908,791683.5936587747
11909,791683.5946659166
11910,791683.594118714
11911,791683.5934007847
11912,791683.5952237283
11913,791683.594216352
11914,791683.5928636402
11915,791683.5939185114
11916,791683.5939373967
11917,791683.5928864841
11918,791683.5937250798
11919,791683.5949220599
11920,791683.594349305
11921,791683.5944314821
11922,791683.5925309422
11923,791683.5947188785
11924,791683.5941672832
11925,791683.5940960746
11926,791683.5953850395
11927,791683.5941319399
11928,791683.5942406824
11929,791683.5941569362
11930,791683.5940328026
11931,791683.593523587
11932,791683.5938918364
11933,791683.5933737743
11934,791683.5941890146
11935,791683.5956750909
11936,791683.5947221237
11937,791683.5947946473
11938,791683.5944434876
11939,791683.5929435366
11940,791683.5943728329
11941,791683.5941720202
11942,791683.593145788
11943,791683.5935985956
11944,791683.5939304301
11945,791683.5942971121
11946,791683.5957415431
11947,791683.5945716503
11948,791683.5940322144
11949,791683.5944909843
11950,791683.5920558468
11951,791683.5944989272
11952,791683.5944073986
11953,791683.5943604073
11954,791683.5944479211
11955,791683.5938181268
11956,791683.5943350802
11957,791683.5947577858
11958,791683.594448646
11959,791683.5934898185
11960,791683.5937623231
11961,791683.5942583964
11962,791683.5947559959
11963,791683.593048339
11964,791683.59271648
11965,791683.5935636619
11966,791683.5935051511
11967,791683.5940228102
11968,791683.5946599173
11969,791683.5949460068
11970,791683.5932370999
11971,791683.5929867596
11972,791683.5954027876
11973,791683.5938904487
11974,791683.5945048969
11975,791683.5941715691
11976,791683.5926190391
11977,791683.5944794931
11978,791683.5931208456
11979,791683.5916188316
11980,791683.5935732226
11981,791683.593061564
11982,791683.5951739768
11983,791683.5953986723
11984,791683.594098957
11985,791683.594891273
11986,791683.5933534536
11987,791683.5942622096
11988,791683.5941055907
11989,791683.5936308656
11990,791683.5938600751
11991,791683.5949799748
11992,791683.5936394318
11993,791683.5955324355
11994,791683.5934501768
11995,791683.5934576856
11996,791683.594442256
11997,791683.5945695072
11998,791683.5949917785
11999,791683.5943435553
12000,791683.5939941328
12001,791683.5953456433
12002,791683.5938994465
12003,791683.5939689712
12004,791683.5932099316
12005,791683.5935810944
12006,791683.5936223208
12007,791683.5951003775
12008,791683.5942230402
12009,791683.5936424991
12010,791683.592544918
12011,791683.5932274205
12012,791683.5936862613
12013,791683.5944634953
12014,791683.5938316018
12015,791683.5936212775
12016,791683.5955001218
12017,791683.5924533224
12018,791683.5941811984
12019,791683.5941251916
12020,791683.5943444582
12021,791683.595943789
12022,791683.5944429195
12023,791683.5937818302
12024,791683.5948960679
12025,791683.5946169148
12026,791683.5938737438
12027,791683.5938304255
12028,791683.5940085587
12029,791683.594473006
12030,791683.5938033015
12031,791683.5939289305
12032,791683.5932242677
12033,791683.5940067653
12034,791683.5932619688
12035,791683.5949357484
12036,791683.593665263
12037,791683.592532471
12038,791683.5941967268
12039,791683.5951750553
12040,791683.5927826904
12041,791683.5935860756
12042,791683.5958512011
12043,791683.5930334914
12044,791683.5940392909
12045,791683.593395643
12046,791683.593510277
12047,791683.593625712
12048,791683.5950528635
12049,791683.5939569714
12050,791683.5951947639
12051,791683.5937476755
12052,791683.593860762
12053,791683.594580716
12054,791683.5937003782
12055,791683.5938834129
12056,791683.5950271767
12057,791683.5942006514
12058,791683.5935075184
12059,791683.5945105602
12060,791683.5942530095
12061,791683.5958500569
12062,791683.5950857557
12063,791683.593533667
12064,791683.5946803313
12065,791683.5952736767
12066,791683.5926855912
12067,791683.5938629849
12068,791683.5936964633
12069,791683.5952008279
12070,791683.5935079595
12071,791683.59305054
12072,791683.5928627172
12073,791683.5934224547
12074,791683.5943384864
12075,791683.5947874992
12076,791683.593902002
12077,791683.5950175821
12078,791683.5947463554
12079,791683.5945423181
12080,791683.5935882922
12081,791683.5946248925
12082,791683.5947851683
12083,791683.5947619142
12084,791683.5954991806
12085,791683.5940592933
12086,791683.5943325575
12087,791683.5933622909
12088,791683.5950248368
12089,791683.5947493471
12090,791683.5929358558
12091,791683.5949642651
12092,791683.5936157999
12093,791683.5934752764
12094,791683.5947443129
12095,791683.5949872184
12096,791683.5936423712
12097,791683.593901771
12098,791683.595297548
12099,791683.5955994844
12100,791683.5943399257
12101,791683.5927632494
12102,791683.5940678443
12103,791683.5936531097
12104,791683.59414004
12105,791683.5932663399
12106,791683.5942606556
12107,791683.5951793247
12108,791683.5948825122
12109,791683.5947980522
12110,791683.5935716855
12111,791683.5937541532
12112,791683.5938941429
12113,791683.5934628048
12114,791683.5936626414
12115,791683.5952169189
12116,791683.5949631803
12117,791683.594223395
12118,791683.5950933282
12119,791683.5944474344
12120,791683.5942269502
12121,791683.5946138285
12122,791683.5948991234
12123,791683.5933169571
12124,791683.5934068066
12125,791683.5950303231
12126,791683.5949821221
12127,791683.5926798093
12128,791683.5933133774
12129,791683.5936998896
12130,791683.5949293678
12131,791683.5929040369
12132,791683.5944044434
12133,791683.5943506729
12134,791683.5950528621
12135,791683.5928778123
12136,791683.593091019
12137,791683.5941262791
12138,791683.5946845687
12139,791683.5955939968
12140,791683.5943197919
12141,791683.5943221783
12142,791683.5937006831
12143,791683.5952889681
12144,791683.5946080391
12145,791683.5939398679
12146,791683.5938414508
12147,791683.5947855378
12148,791683.5941076188
12149,791683.5934304076
12150,791683.594518086
12151,791683.5940209224
12152,791683.5937297888
12153,791683.59406986
12154,791683.5937601002
12155,791683.5941246799
12156,791683.5934749589
12157,791683.5944987994
12158,791683.593891194
12159,791683.5948642457
12160,791683.5933559203
12161,791683.5923675132
12162,791683.5951603479
12163,791683.5939205717
12164,791683.5945809312
12165,791683.5947152955
12166,791683.5934747211
12167,791683.5929267901
12168,791683.5946596771
12169,791683.5939385532
12170,791683.5946916367
12171,791683.5930367712
12172,791683.5952972234
12173,791683.5939708103
12174,791683.5941044565
12175,791683.5932536601
12176,791683.5941906181
12177,791683.5947426257
12178,791683.5941750301
12179,791683.5949335982
12180,791683.5941417784
12181,791683.5947624753
12182,791683.5943973691
12183,791683.5939132624
12184,791683.593206073
12185,791683.5944069645
12186,791683.5938221721
12187,791683.5931402493
12188,791683.594076379
12189,791683.5934603567
12190,791683.5932111992
12191,791683.5949111367
12192,791683.5945100837
12193,791683.594690239
12194,791683.5940487015
12195,791683.5948518182
12196,791683.5947363211
12197,791683.5940768097
12198,791683.5939768038
12199,791683.5932929098
12200,791683.5936084802
12201,791683.5949753072
12202,791683.5954851182
12203,791683.5947088657
12204,791683.5928732967
12205,791683.5942984426
12206,791683.5951901682
12207,791683.5952075259
12208,791683.5939277892
12209,791683.5940236617
12210,791683.5938096474
12211,791683.5936270774
12212,791683.5949500446
12213,791683.5950477005
12214,791683.5940335164
12215,791683.5939424479
12216,791683.5943781727
12217,791683.5935414521
12218,791683.5929133323
12219,791683.5938665228
12220,791683.5931796746
12221,791683.5932388454
12222,791683.5941245783
12223,791683.5931712639
12224,791683.5933991541
12225,791683.5941174886
12226,791683.5938681072
12227,791683.5929807584
12228,791683.5945886069
12229,791683.5940484937
12230,791683.5924727819
12231,791683.5946124063
12232,791683.5943489445
12233,791683.5936503854
12234,791683.5947190744
12235,791683.5947857307
12236,791683.5947088036
12237,791683.5934354942
12238,791683.5945526237
12239,791683.5942763538
12240,791683.5950323574
12241,791683.5932267722
12242,791683.5931630351
12243,791683.5945166583
12244,791683.593539195
12245,791683.5923284768
12246,791683.5944330599
12247,791683.5939272551
12248,791683.5941506492
12249,791683.5943166841
12250,791683.5945087061
12251,791683.5951558774
12252,791683.5939271722
12253,791683.5935420037
12254,791683.5929437488
12255,791683.5937498107
12256,791683.5937451035
12257,791683.593398839
12258,791683.59498651
12259,791683.5946755414
12260,791683.5931912415
12261,791683.594819446
12262,791683.5941452228
12263,791683.5945051105
12264,791683.5931991704
12265,791683.5946923809
12266,791683.5949566321
12267,791683.5939299603
12268,791683.59346243
12269,791683.5935142678
12270,791683.5940499544
12271,791683.5950860879
12272,791683.5930656542
12273,791683.5940027051
12274,791683.594957864
12275,791683.5947607413
12276,791683.593612694
12277,791683.5947512173
12278,791683.5935372304
12279,791683.5939532627
12280,791683.5938559348
12281,791683.5937163037
12282,791683.5942563807
12283,791683.5949368676
12284,791683.5926727589
12285,791683.5945553058
12286,791683.5934657332
12287,791683.5939552824
12288,791683.5939075251
12289,791683.5936202519
12290,791683.5957120535
12291,791683.5928973885
12292,791683.5952050851
12293,791683.594545973
12294,791683.5939759844
12295,791683.5943202637
12296,791683.5943691902
12297,791683.5955747786
12298,791683.5934953354
12299,791683.593212607
12300,791683.5940184857
12301,791683.5956533458
12302,791683.5942056824
12303,791683.5943150709
12304,791683.5935395748
12305,791683.5923584872
12306,791683.5940950656
12307,791683.5936406627
12308,791683.59411894
12309,791683.5947840412
12310,791683.5950295397
12311,791683.5941476913
12312,791683.5940561336
12313,791683.5946777357
12314,791683.5927173316
12315,791683.5945907412
12316,791683.5937692733
12317,791683.5937138603
12318,791683.5944176485
12319,791683.5937980829
12320,791683.5935034774
12321,791683.5945535748
12322,791683.5940104751
12323,791683.5946754699
12324,791683.5942772853
12325,791683.5937001801
12326,791683.5940702627
12327,791683.5949961125
12328,791683.5933736105
12329,791683.5947347054
12330,791683.5947968503
12331,791683.5940195335
12332,791683.5934963204
12333,791683.5942727064
12334,791683.5935502817
12335,791683.5948051073
12336,791683.5944739326
12337,791683.593985398
12338,791683.5941231623
12339,791683.5937210992
12340,791683.5932456406
12341,791683.5954385313
12342,791683.593827896
12343,791683.5933987626
12344,791683.593755414
12345,791683.5933807498
12346,791683.5946411388
12347,791683.5947992416
12348,791683.5946158083
12349,791683.5944534985
12350,791683.5935406551
12351,791683.5929263206
12352,791683.5936296694
12353,791683.5942742756
12354,791683.594003667
12355,791683.5934991366
12356,791683.5940593102
12357,791683.5945224668
12358,791683.5939885761
12359,791683.5935211908
12360,791683.593535404
12361,791683.5933962303
12362,791683.5936201928
12363,791683.5940250058
12364,791683.59336444
12365,791683.5948602854
12366,791683.5938571186
12367,791683.5940640131
12368,791683.5939052704
12369,791683.5938273022
12370,791683.5949349282
12371,791683.5942127743
12372,791683.59359585
12373,791683.5930035685
12374,791683.5945754695
12375,791683.5945584269
12376,791683.5949694825
12377,791683.5948617905
12378,791683.593742735
12379,791683.5943634366
12380,791683.5933976282
12381,791683.5935267183
12382,791683.5932039946
12383,791683.5934151079
12384,791683.5941194978
12385,791683.5945180195
12386,791683.5938894381
12387,791683.5935684564
12388,791683.5947302043
12389,791683.5938807536
12390,791683.5939030078
12391,791683.5935119009
12392,791683.5935465298
12393,791683.5939816061
12394,791683.5956955829
12395,791683.5938450623
12396,791683.5949606999
12397,791683.594689709
12398,791683.5944268408
12399,791683.5934393511
12400,791683.5948060859
12401,791683.5937732335
12402,791683.5952045226
12403,791683.5940733822
12404,791683.593620598
12405,791683.5948453462
12406,791683.5935237997
12407,791683.5947269988
12408,791683.5953091516
12409,791683.5937585888
12410,791683.5942790728
12411,791683.5929118177
12412,791683.5935449434
12413,791683.59322505
12414,791683.5941484846
12415,791683.5935360912
12416,791683.5936305531
12417,791683.594150339
12418,791683.5947652763
12419,791683.5936211155
12420,791683.5939195087
12421,791683.5940540085
12422,791683.5940779716
12423,791683.5933021064
12424,791683.5936699281
12425,791683.5940871668
12426,791683.594087167
12427,756584.760923955
12428,756584.7609239554
12429,756584.7609239551
12430,756584.7609239554
12431,756584.7609239549
12432,756584.7609239547
12433,756584.7609239551
12434,756584.7609239543
12435,756584.7609239549
12436,756584.760923955
12437,756584.7609239543
12438,756584.7608810309
12439,756584.7610038631
12440,756584.7612909569
12441,756584.7608400015
12442,756584.7605635814
12443,756584.7610528736
12444,756584.7610904159
12445,756584.7610832464
12446,756584.7611551454
12447,756584.7612519275
12448,756584.7609075749
12449,756584.7615156805
12450,756584.7612113717
12451,756584.761003891
12452,756584.7606851349
12453,756584.7608739585
12454,756584.7608641399
12455,756584.7612236995
12456,756584.7605366479
12457,756584.7599195204
12458,756584.7608143403
12459,756584.7611579184
12460,756584.7614007784
12461,756584.7605389503
12462,756584.7614752175
12463,756584.761004861
12464,756584.760370146
12465,756584.760479209
12466,756584.7606293211
12467,756584.760964309
12468,756584.7601726095
12469,756584.7612935835
12470,756584.7610834481
12471,756584.7607656805
12472,756584.7609937644
12473,756584.7607933689
12474,756584.7609704842
12475,756584.7604702662
12476,756584.7611152083
12477,756584.7606119029
12478,756584.7608368667
12479,756584.7607710334
12480,756584.7614454941
12481,756584.7607209198
12482,756584.7606977477
12483,756584.7604015822
12484,756584.7610468371
12485,756584.7605801707
12486,756584.7611295416
12487,756584.7612692082
12488,756584.7609908015
12489,756584.7612194374
12490,756584.7610895456
12491,756584.760751758
12492,756584.7606889275
12493,756584.7606349558
12494,756584.7607503249
12495,756584.7611638672
12496,756584.7612297186
12497,756584.7610537414
12498,756584.761246236
12499,756584.760732911
12500,756584.7611047731
12501,756584.761076539
12502,756584.760361113
12503,756584.7611090974
12504,756584.7610565776
12505,756584.7608549853
12506,756584.7602495064
12507,756584.7604372549
12508,756584.7612134798
12509,756584.7607688914
12510,756584.7606061343
12511,756584.7611722006
12512,756584.7610614575
12513,756584.7610814484
12514,756584.7605601893
12515,756584.7607985819
12516,756584.760546336
12517,756584.761410213
12518,756584.7612883934
12519,756584.760849532
12520,756584.7608623648
12521,756584.7612129572
12522,756584.760699687
12523,756584.7607055947
12524,756584.761104665
12525,756584.7608075188
12526,756584.7612177809
12527,756584.7612418658
12528,756584.7606387062
12529,756584.7611689479
12530,756584.7604924842
12531,756584.7615049281
12532,756584.7606574532
12533,756584.7605577233
12534,756584.7605229053
12535,756584.7605162265
12536,756584.7608708709
12537,756584.7613892325
12538,756584.7607802785
12539,756584.7618316741
12540,756584.7611849821
12541,756584.7614814468
12542,756584.7610623682
12543,756584.7601717486
12544,756584.7610513137
12545,756584.7611925219
12546,756584.7607187082
12547,756584.760672273
12548,756584.7606279735
12549,756584.7605414174
12550,756584.7614253486
12551,756584.76071907
12552,756584.7609989675
12553,756584.760489351
12554,756584.7614793583
12555,756584.7609194214
12556,756584.7614325434
12557,756584.7609737926
12558,756584.7614282565
12559,756584.7605542433
12560,756584.7603148753
12561,756584.7605683192
12562,756584.7611835968
12563,756584.761421443
12564,756584.7606631522
12565,756584.7603861644
12566,756584.7606999723
12567,756584.7607264299
12568,756584.7611714929
12569,756584.7605950133
12570,756584.7612707127
12571,756584.7612439778
12572,756584.7605050282
12573,756584.7611408944
12574,756584.7611278468
12575,756584.7606204967
12576,756584.761301041
12577,756584.7614024483
12578,756584.7606378231
12579,756584.7613096138
12580,756584.7601279435
12581,756584.7609999948
12582,756584.7606767939
12583,756584.7614014549
12584,756584.7604931728
12585,756584.7603235908
12586,756584.7606823818
12587,756584.7609186593
12588,756584.7606327614
12589,756584.7611686989
12590,756584.760293679
12591,756584.7609190337
12592,756584.7610089162
12593,756584.7605801784
12594,756584.7610502641
12595,756584.761120504
12596,756584.7605668013
12597,756584.7615053519
12598,756584.7606957034
12599,756584.7609893129
12600,756584.7606898706
12601,756584.7608547707
12602,756584.7607263025
12603,756584.7608548999
12604,756584.7611331975
12605,756584.7608289588
12606,756584.7609156386
12607,756584.7615529506
12608,756584.7611502182
12609,756584.7610243519
12610,756584.7601061218
12611,756584.7608080067
12612,756584.7608148173
12613,756584.7606850247
12614,756584.7610655011
12615,756584.7615138729
12616,756584.7613599906
12617,756584.7604920449
12618,756584.7606952903
12619,756584.761230438
12620,756584.7606499403
12621,756584.7608188854
12622,756584.761168576
12623,756584.7604109773
12624,756584.7610797517
12625,756584.7609261601
12626,756584.7609890549
12627,756584.7607671795
12628,756584.7602100793
12629,756584.7610559915
12630,756584.7607259551
12631,756584.7610683722
12632,756584.760849856
12633,756584.7615502792
12634,756584.7606637408
12635,756584.7609621059
12636,756584.7609132039
12637,756584.760456217
12638,756584.7618305882
12639,756584.7610293045
12640,756584.7613024033
12641,756584.7610164211
12642,756584.7603721858
12643,756584.7608341989
12644,756584.7606039327
12645,756584.7603164779
12646,756584.7605830552
12647,756584.7607122583
12648,756584.7605075415
12649,756584.7609676783
12650,756584.7619555235
12651,756584.7608383304
12652,756584.76097941
12653,756584.7608478952
12654,756584.7611757445
12655,756584.7611479484
12656,756584.7610073565
12657,756584.7611119582
12658,756584.7612637534
12659,756584.7611099703
12660,756584.760518811
12661,756584.7610897057
12662,756584.7607900911
12663,756584.761557318
12664,756584.7607297548
12665,756584.761484982
12666,756584.761417145
12667,756584.7612276485
12668,756584.7610600452
12669,756584.7607684969
12670,756584.7608605352
12671,756584.7611438923
12672,756584.7613488996
12673,756584.7606268051
12674,756584.7609588886
12675,756584.760621232
12676,756584.761273706
12677,756584.7614405949
12678,756584.7615016723
12679,756584.7603415042
12680,756584.7612503095
12681,756584.7602801732
12682,756584.7608684452
12683,756584.7611852903
12684,756584.7608647667
12685,756584.7612385415
12686,756584.7603117445
12687,756584.760656819
12688,756584.7616009362
12689,756584.7606418345
12690,756584.7604717865
12691,756584.7612001408
12692,756584.7611493391
12693,756584.7609700812
12694,756584.761288342
12695,756584.7608012927
12696,756584.7613433092
12697,756584.7609015952
12698,756584.7610040058
12699,756584.7608238786
12700,756584.7610894317
12701,756584.7602915952
12702,756584.7602640502
12703,756584.7620467381
12704,756584.7609836822
12705,756584.7612449204
12706,756584.7609404882
12707,756584.7606158204
12708,756584.7613512512
12709,756584.760640455
12710,756584.7602169039
12711,756584.7606932028
12712,756584.760420195
12713,756584.7614250971
12714,756584.7611701923
12715,756584.761112072
12716,756584.7613765543
12717,756584.7607940714
12718,756584.7603997989
12719,756584.7614093202
12720,756584.7605843338
12721,756584.7609461471
12722,756584.7614984654
12723,756584.7601946774
12724,756584.7612366084
12725,756584.7605543484
12726,756584.7606676966
12727,756584.7605413415
12728,756584.761166665
12729,756584.7608670606
12730,756584.761294572
12731,756584.7607293085
12732,756584.7612945135
12733,756584.7612713678
12734,756584.7606244321
12735,756584.7607272035
12736,756584.7609130271
12737,756584.7598845053
12738,756584.7615098527
12739,756584.7615704722
12740,756584.7609280292
12741,756584.7607255944
12742,756584.7605155151
12743,756584.7607662391
12744,756584.7611819771
12745,756584.7606831334
12746,756584.7606569411
12747,756584.7618557222
12748,756584.7605742963
12749,756584.7612270761
12750,756584.7607240448
12751,756584.7611770272
12752,756584.7621465254
12753,756584.7614337673
12754,756584.7614074331
12755,756584.7616678682
12756,756584.7610987044
12757,756584.7610000761
12758,756584.7614816839
12759,756584.7608589783
12760,756584.7609582952
12761,756584.7609882241
12762,756584.7610241357
12763,756584.7603946498
12764,756584.7609067417
12765,756584.760766239
12766,756584.760884948
12767,756584.7617801486
12768,756584.7608065591
12769,756584.7612381133
12770,756584.761290122
12771,756584.7603578356
12772,756584.7609260469
12773,756584.7617514677
12774,756584.7610204376
12775,756584.7608003668
12776,756584.7601211728
12777,756584.7609012964
12778,756584.7609746787
12779,756584.7610941009
12780,756584.7610706788
12781,756584.7616541939
12782,756584.7596596121
12783,756584.7604962584
12784,756584.7612406106
12785,756584.7614055268
12786,756584.7610235874
12787,756584.7616926673
12788,756584.761339807
12789,756584.7604448367
12790,756584.7613151647
12791,756584.7606499817
12792,756584.7611895192
12793,756584.7613623436
12794,756584.7599787274
12795,756584.7609930346
12796,756584.7613445414
12797,756584.7602842718
12798,756584.7610061176
12799,756584.7608131537
12800,756584.7606220904
12801,756584.760375181
12802,756584.7606996237
12803,756584.7606824107
12804,756584.7610701774
12805,756584.7606892793
12806,756584.7613617158
12807,756584.7610729614
12808,756584.7616097942
12809,756584.7611002512
12810,756584.7607600747
12811,756584.7608086931
12812,756584.7613605198
12813,756584.7617080966
12814,756584.7610026102
12815,756584.7617580619
12816,756584.7614153171
12817,756584.7610098914
12818,756584.7608416576
12819,756584.7619313009
12820,756584.7609368938
12821,756584.7607480029
12822,756584.7608933565
12823,756584.7607839351
12824,756584.7614526165
12825,756584.7612902338
12826,756584.7609509433
12827,756584.7602282483
12828,756584.7611166163
12829,756584.7618190335
12830,756584.7617950148
12831,756584.7610039435
12832,756584.7605794092
12833,756584.7604119895
12834,756584.7610679767
12835,756584.7607278147
12836,756584.7607640546
12837,756584.7608159794
12838,756584.7615658981
12839,756584.7610953702
12840,756584.760772294
12841,756584.7608049178
12842,756584.7603019564
12843,756584.7604826668
12844,756584.7605064161
12845,756584.7609990023
12846,756584.7613287143
12847,756584.7614094724
12848,756584.7612231785
12849,756584.7612031436
12850,756584.761601602
12851,756584.7610245227
12852,756584.7607526218
12853,756584.7609732609
12854,756584.7611602673
12855,756584.7603889351
12856,756584.7612420334
12857,756584.7614620124
12858,756584.7603159713
12859,756584.7603426408
12860,756584.7605425538
12861,756584.7608726295
12862,756584.7606499685
12863,756584.7613181721
12864,756584.7610072519
12865,756584.7611227651
12866,756584.7609781415
12867,756584.760639041
12868,756584.7608818556
12869,756584.7607787946
12870,756584.7620428862
12871,756584.7608871837
12872,756584.7613370809
12873,756584.7605039772
12874,756584.761425199
12875,756584.761227916
12876,756584.7609096662
12877,756584.7613698699
12878,756584.7619691291
12879,756584.7612550146
12880,756584.7604413885
12881,756584.7607495137
12882,756584.7614458128
12883,756584.7601747216
12884,756584.7606735347
12885,756584.7605820756
12886,756584.7611965192
12887,756584.7608960016
12888,756584.7615052026
12889,756584.7608748988
12890,756584.7608843915
12891,756584.7607475567
12892,756584.7606280537
12893,756584.7609576834
12894,756584.7609542324
12895,756584.7613328779
12896,756584.7613382228
12897,756584.7608528236
12898,756584.7610226173
12899,756584.7608032022
12900,756584.7613146162
12901,756584.7607913777
12902,756584.7602483667
12903,756584.7613226776
12904,756584.760849412
12905,756584.761361523
12906,756584.76040628
12907,756584.7616834303
12908,756584.7615217858
12909,756584.7608912389
12910,756584.7613190264
12911,756584.7612386903
12912,756584.7612334033
12913,756584.7606117465
12914,756584.7612836871
12915,756584.760474732
12916,756584.7608877708
12917,756584.7610954138
12918,756584.7598463304
12919,756584.7610268702
12920,756584.7607849697
12921,756584.7600612533
12922,756584.7617205019
12923,756584.7620295729
12924,756584.7613200143
12925,756584.7604656937
12926,756584.7610858066
12927,756584.7616845993
12928,756584.7618247631
12929,756584.7606435762
12930,756584.7605793494
12931,756584.7605557413
12932,756584.7603671252
12933,756584.7614124239
12934,756584.761409832
12935,756584.7611551029
12936,756584.7617452939
12937,756584.7611322022
12938,756584.762017066
12939,756584.760832512
12940,756584.7608592174
12941,756584.760760986
12942,756584.7604380208
12943,756584.7605706919
12944,756584.7608088931
12945,756584.7610996597
12946,756584.760573798
12947,756584.7616224824
12948,756584.7610251459
12949,756584.760629381
12950,756584.7613218456
12951,756584.7608442354
12952,756584.7608821854
12953,756584.7610395884
12954,756584.7612916642
12955,756584.759912852
12956,756584.7614687168
12957,756584.761019596
12958,756584.7604534696
12959,756584.760833478
12960,756584.7605498376
12961,756584.7607414268
12962,756584.7611832266
12963,756584.7609049887
12964,756584.7603752777
12965,756584.7616836622
12966,756584.7615523788
12967,756584.7609261742
12968,756584.7611601517
12969,756584.7612718376
12970,756584.7603451937
12971,756584.7617418215
12972,756584.7599988878
12973,756584.7606475974
12974,756584.7611861022
12975,756584.7603809442
12976,756584.760900072
12977,756584.761357732
12978,756584.7607564112
12979,756584.7609252894
12980,756584.7608318457
12981,756584.7616594941
12982,756584.7613013365
12983,756584.7613206434
12984,756584.7615099315
12985,756584.7599471785
12986,756584.7611240698
12987,756584.7610149023
12988,756584.7606624572
12989,756584.7613516534
12990,756584.7610156415
12991,756584.7609039689
12992,756584.7609479312
12993,756584.7607019929
12994,756584.7616941232
12995,756584.7604775655
12996,756584.7606777025
12997,756584.76101186
12998,756584.760796218
12999,756584.7603473162
13000,756584.760426874
13001,756584.7606190876
13002,756584.7614645323
13003,756584.7608107054
13004,756584.7611245565
13005,756584.7612928872
13006,756584.7608273196
13007,756584.7603124189
13008,756584.7618228077
13009,756584.7607305392
13010,756584.7612548952
13011,756584.7608607898
13012,756584.7608615354
13013,756584.7608716954
13014,756584.761136881
13015,756584.7595240609
13016,756584.7605262443
13017,756584.760973194
13018,756584.7603653765
13019,756584.7606284255
13020,756584.7608284351
13021,756584.7612986827
13022,756584.7604412661
13023,756584.7610438643
13024,756584.760894477
13025,756584.7608444521
13026,756584.7609304934
13027,756584.760547628
13028,756584.7617702849
13029,756584.7614275207
13030,756584.7604129312
13031,756584.7606082377
13032,756584.7619272242
13033,756584.7612895287
13034,756584.7603600124
13035,756584.7606605301
13036,756584.7608801698
13037,756584.760367437
13038,756584.7611131084
13039,756584.7613099621
13040,756584.7608487732
13041,756584.7607907011
13042,756584.7606729838
13043,756584.7608847395
13044,756584.760584163
13045,756584.7600515507
13046,756584.7614046789
13047,756584.7609650869
13048,756584.7605394701
13049,756584.7610684445
13050,756584.7615869805
13051,756584.7612521749
13052,756584.7617218563
13053,756584.7614200321
13054,756584.7611775527
13055,756584.76113619
13056,756584.7604252162
13057,756584.7608333341
13058,756584.7613459885
13059,756584.7603268868
13060,756584.7615247978
13061,756584.7611739687
13062,756584.7605697218
13063,756584.7606985221
13064,756584.760832181
13065,756584.76055955
13066,756584.7606882796
13067,756584.7611793476
13068,756584.7612669116
13069,756584.7611709611
13070,756584.7605399428
13071,756584.760469361
13072,756584.7611986982
13073,756584.7605633305
13074,756584.7613659233
13075,756584.760901264
13076,756584.761132619
13077,756584.7616893619
13078,756584.761794007
13079,756584.7610802329
13080,756584.7606461436
13081,756584.7602771911
13082,756584.7606182446
13083,756584.7604646588
13084,756584.761685019
13085,756584.7609115543
13086,756584.7609701738
13087,756584.7607443616
13088,756584.761020993
13089,756584.7606867291
13090,756584.7604374432
13091,756584.7605312013
13092,756584.7597639746
13093,756584.7604424878
13094,756584.7607637867
13095,756584.7603977957
13096,756584.7607935434
13097,756584.7606780583
13098,756584.7603824412
13099,756584.7607863261
13100,756584.761189177
13101,756584.7612356122
13102,756584.7614591557
13103,756584.7616497907
13104,756584.760514914
13105,756584.7611965188
13106,756584.7616671094
13107,756584.7613701579
13108,756584.761010438
13109,756584.7609221751
13110,756584.760778465
13111,756584.7602002705
13112,756584.7607993034
13113,756584.7603567232
13114,756584.759879427
13115,756584.7607690784
13116,756584.7608253786
13117,756584.7614787503
13118,756584.760317919
13119,756584.7614843836
13120,756584.7607786664
13121,756584.7606084709
13122,756584.7602118594
13123,756584.7611118023
13124,756584.7608939144
13125,756584.7606757317
13126,756584.7604162375
13127,756584.7615256296
13128,756584.7615553685
13129,756584.761158771
13130,756584.7608535639
13131,756584.761248914
13132,756584.7602709227
13133,756584.7610336415
13134,756584.7609535079
13135,756584.7610846021
13136,756584.7619182816
13137,756584.7603506653
13138,756584.7612879327
13139,756584.7614300078
13140,756584.7610616512
13141,756584.7611801794
13142,756584.7612058799
13143,756584.7602623043
13144,756584.7607971744
13145,756584.7604421219
13146,756584.7609801921
13147,756584.7610218235
13148,756584.7607558442
13149,756584.7613165004
13150,756584.7609936302
13151,756584.7610816894
13152,756584.7613077018
13153,756584.760838118
13154,756584.7606956545
13155,756584.7612594983
13156,756584.7609239551
13157,756584.760923955
13158,703338.5745563703
13159,703338.57455637
13160,703338.574556371
13161,703338.5745563705
13162,703338.5745563705
13163,703338.5745563701
13164,703338.5745563707
13165,703338.5745563703
13166,703338.5745563707
13167,703338.5745563703
13168,703338.57455637
13169,703338.573206853
13170,703338.57442021
13171,703338.5751322255
13172,703338.5741780247
13173,703338.5740417688
13174,703338.5747561747
13175,703338.5750064946
13176,703338.5749084556
13177,703338.5744898466
13178,703338.5763982361
13179,703338.5743874637
13180,703338.5747809237
13181,703338.5754121669
13182,703338.5755071387
13183,703338.5742058546
13184,703338.5743317872
13185,703338.5753309607
13186,703338.574176932
13187,703338.5742874356
13188,703338.5739061396
13189,703338.574621416
13190,703338.5745729193
13191,703338.5745335856
13192,703338.5741516218
13193,703338.575413583
13194,703338.5729359562
13195,703338.5747386472
13196,703338.5735278848
13197,703338.5738440384
13198,703338.5747057141
13199,703338.5740510931
13200,703338.5754513879
13201,703338.5756147836
13202,703338.5749516153
13203,703338.5750067465
13204,703338.5735196088
13205,703338.5756995132
13206,703338.5746712208
13207,703338.5742155398
13208,703338.5729558124
13209,703338.5751463408
13210,703338.5728831408
13211,703338.5759765671
13212,703338.5756488194
13213,703338.5743276093
13214,703338.573923655
13215,703338.5751596567
13216,703338.5743795084
13217,703338.5738912732
13218,703338.5745824106
13219,703338.5742716019
13220,703338.5737936979
13221,703338.5746236036
13222,703338.5749418344
13223,703338.5730223503
13224,703338.5740104235
13225,703338.5747547967
13226,703338.5758514192
13227,703338.5753246268
13228,703338.5749078755
13229,703338.573352956
13230,703338.5733695739
13231,703338.5758611858
13232,703338.5747357467
13233,703338.5739520767
13234,703338.5744421313
13235,703338.5740044911
13236,703338.5742774775
13237,703338.5746391563
13238,703338.5740747461
13239,703338.575014619
13240,703338.5742909171
13241,703338.5740881714
13242,703338.5746139074
13243,703338.5739533034
13244,703338.5753754716
13245,703338.5749730472
13246,703338.5745747769
13247,703338.5741839812
13248,703338.5766817218
13249,703338.5756852856
13250,703338.5748328734
13251,703338.5733177247
13252,703338.5749769302
13253,703338.5730884158
13254,703338.5734959862
13255,703338.5751318394
13256,703338.5735641498
13257,703338.5755487625
13258,703338.574840093
13259,703338.5749962807
13260,703338.5758778593
13261,703338.5736892996
13262,703338.5745374731
13263,703338.5745145932
13264,703338.5750771267
13265,703338.5739901607
13266,703338.5746375108
13267,703338.575158867
13268,703338.575940203
13269,703338.5746347976
13270,703338.5759446509
13271,703338.5743748442
13272,703338.5754653602
13273,703338.5745038848
13274,703338.5745204627
13275,703338.5743582454
13276,703338.5744813369
13277,703338.5738326764
13278,703338.573233601
13279,703338.5743110281
13280,703338.5749455333
13281,703338.5737826934
13282,703338.5742408275
13283,703338.5748740694
13284,703338.5733319678
13285,703338.5753659401
13286,703338.5746387972
13287,703338.5743925896
13288,703338.5748324523
13289,703338.5752029311
13290,703338.5738004415
13291,703338.5745527884
13292,703338.5746640846
13293,703338.5746690402
13294,703338.575357915
13295,703338.5739246164
13296,703338.5745168165
13297,703338.5749793502
13298,703338.5732413112
13299,703338.5751656996
13300,703338.5746727701
13301,703338.5750517165
13302,703338.5759255175
13303,703338.5743097577
13304,703338.5745743193
13305,703338.5750001073
13306,703338.5741013151
13307,703338.5745496193
13308,703338.5757093448
13309,703338.5738129037
13310,703338.5744892239
13311,703338.5736203013
13312,703338.5749260986
13313,703338.5743110491
13314,703338.5758699777
13315,703338.5737090822
13316,703338.5734421377
13317,703338.5740467063
13318,703338.5753495223
13319,703338.5743233758
13320,703338.5742423594
13321,703338.5742042903
13322,703338.5748790759
13323,703338.5752906356
13324,703338.573925722
13325,703338.5745933858
13326,703338.5744708796
13327,703338.5745905563
13328,703338.5759579956
13329,703338.5739379489
13330,703338.5742026755
13331,703338.574209088
13332,703338.5747107564
13333,703338.5741284511
13334,703338.575391019
13335,703338.5745180448
13336,703338.5745286761
13337,703338.5754720231
13338,703338.5752836821
13339,703338.5743735179
13340,703338.5751569713
13341,703338.5736520295
13342,703338.5745538647
13343,703338.5744761865
13344,703338.5736180976
13345,703338.5740162429
13346,703338.5746838055
13347,703338.5751033508
13348,703338.574785113
13349,703338.5742520887
13350,703338.5752447767
13351,703338.5745223246
13352,703338.5753154599
13353,703338.5743336091
13354,703338.5750926944
13355,703338.5751364359
13356,703338.5750521776
13357,703338.5743102286
13358,703338.5745767554
13359,703338.5743104306
13360,703338.5744798247
13361,703338.5740628348
13362,703338.5746120046
13363,703338.5745125606
13364,703338.5754171755
13365,703338.5734990173
13366,703338.5743340276
13367,703338.5755176711
13368,703338.5749796568
13369,703338.5755687056
13370,703338.5746710985
13371,703338.5748412699
13372,703338.5746906119
13373,703338.5744034552
13374,703338.5740817089
13375,703338.5746778169
13376,703338.5739696154
13377,703338.5732259671
13378,703338.5753387383
13379,703338.5743053124
13380,703338.5756442053
13381,703338.5753737245
13382,703338.5755125692
13383,703338.5739839467
13384,703338.5751861961
13385,703338.5741047522
13386,703338.5751779914
13387,703338.5748136118
13388,703338.5749386749
13389,703338.5745105057
13390,703338.5739422892
13391,703338.5746913513
13392,703338.574069102
13393,703338.5736280527
13394,703338.57487536
13395,703338.5740744347
13396,703338.5761518636
13397,703338.5745781708
13398,703338.5749346463
13399,703338.5753052421
13400,703338.5747668053
13401,703338.5747826986
13402,703338.5754062725
13403,703338.575462473
13404,703338.574631896
13405,703338.5747538414
13406,703338.574417949
13407,703338.5756732116
13408,703338.5744801273
13409,703338.5744558935
13410,703338.5747511631
13411,703338.5752444017
13412,703338.5742281699
13413,703338.5734766764
13414,703338.5741538514
13415,703338.574193596
13416,703338.5749224429
13417,703338.574079146
13418,703338.5742210355
13419,703338.5757840794
13420,703338.5750794767
13421,703338.5739938122
13422,703338.5744211371
13423,703338.574069345
13424,703338.5749153167
13425,703338.5754123769
13426,703338.5745848203
13427,703338.574664857
13428,703338.5730962612
13429,703338.575014297
13430,703338.5735418255
13431,703338.5743535996
13432,703338.5742641838
13433,703338.5741720457
13434,703338.5763395588
13435,703338.5750069005
13436,703338.5747640027
13437,703338.5740841113
13438,703338.5740490728
13439,703338.575527208
13440,703338.5749201651
13441,703338.5735894021
13442,703338.5741591104
13443,703338.573371604
13444,703338.5754315577
13445,703338.5732844513
13446,703338.5751466644
13447,703338.5746427655
13448,703338.5743029976
13449,703338.5744874426
13450,703338.5751511748
13451,703338.5746788721
13452,703338.5743563785
13453,703338.5745686756
13454,703338.5728319238
13455,703338.5743703259
13456,703338.5743057518
13457,703338.5748982646
13458,703338.5734124976
13459,703338.574213323
13460,703338.5749504943
13461,703338.5757375491
13462,703338.5733595724
13463,703338.5745249739
13464,703338.5756265536
13465,703338.5745944665
13466,703338.5741508241
13467,703338.5742477725
13468,703338.5726588183
13469,703338.5765170412
13470,703338.5750984225
13471,703338.5753927117
13472,703338.5741812466
13473,703338.5749328318
13474,703338.5743359689
13475,703338.5746891827
13476,703338.5744666685
13477,703338.5743901212
13478,703338.575905005
13479,703338.5753134805
13480,703338.5751060824
13481,703338.5748396484
13482,703338.575841807
13483,703338.5752727657
13484,703338.5755508416
13485,703338.5757294365
13486,703338.5757696673
13487,703338.574956461
13488,703338.5748492017
13489,703338.5754829812
13490,703338.5742573391
13491,703338.5747943657
13492,703338.5743683674
13493,703338.5747655845
13494,703338.5736359484
13495,703338.5755126824
13496,703338.5750749994
13497,703338.5736137346
13498,703338.5768283848
13499,703338.5739458629
13500,703338.5748948534
13501,703338.574915696
13502,703338.5741326429
13503,703338.5744140298
13504,703338.5750168655
13505,703338.5752781953
13506,703338.5738308245
13507,703338.5737476258
13508,703338.5746100256
13509,703338.5747007417
13510,703338.5748279373
13511,703338.5741508718
13512,703338.575750884
13513,703338.5728332106
13514,703338.5741660699
13515,703338.5753153358
13516,703338.5748994969
13517,703338.5754821752
13518,703338.5752630513
13519,703338.5750472578
13520,703338.5744093242
13521,703338.5753335544
13522,703338.5736249462
13523,703338.575019023
13524,703338.5744712143
13525,703338.5735826393
13526,703338.5747940204
13527,703338.5740341295
13528,703338.5739645009
13529,703338.574471212
13530,703338.5746782594
13531,703338.5738818514
13532,703338.573523391
13533,703338.5749825208
13534,703338.575317544
13535,703338.574239054
13536,703338.5746837619
13537,703338.5746299226
13538,703338.5755452334
13539,703338.574694132
13540,703338.5746177593
13541,703338.5744771288
13542,703338.5737918328
13543,703338.5740799926
13544,703338.5761772483
13545,703338.5746037608
13546,703338.5759281069
13547,703338.5762536449
13548,703338.5745695886
13549,703338.5753026182
13550,703338.576009606
13551,703338.573454928
13552,703338.5746516288
13553,703338.5741920186
13554,703338.574863154
13555,703338.5757478491
13556,703338.5754049447
13557,703338.5742155496
13558,703338.5739025631
13559,703338.5742013275
13560,703338.5754295475
13561,703338.5749615926
13562,703338.5750467172
13563,703338.5743812075
13564,703338.5736899675
13565,703338.5756810947
13566,703338.5737626876
13567,703338.5741043922
13568,703338.5737714866
13569,703338.5748229029
13570,703338.574908146
13571,703338.5740063097
13572,703338.5742442461
13573,703338.5739133894
13574,703338.5741011297
13575,703338.5742473154
13576,703338.5756874317
13577,703338.5746939467
13578,703338.5746386915
13579,703338.5758058606
13580,703338.5731852825
13581,703338.5766607204
13582,703338.5751501146
13583,703338.5741591814
13584,703338.5743636698
13585,703338.5752477527
13586,703338.5739081891
13587,703338.5749033059
13588,703338.5754447395
13589,703338.5733973957
13590,703338.5737404887
13591,703338.5738595376
13592,703338.5748649384
13593,703338.5730984235
13594,703338.575207732
13595,703338.5740251701
13596,703338.5749854266
13597,703338.5753049942
13598,703338.5747149049
13599,703338.5737209525
13600,703338.5745633419
13601,703338.5763760592
13602,703338.5741581793
13603,703338.5752560005
13604,703338.5746389301
13605,703338.5751728911
13606,703338.5740120892
13607,703338.573268777
13608,703338.5749048395
13609,703338.5766947499
13610,703338.5764954974
13611,703338.5741252376
13612,703338.5744251837
13613,703338.5756618659
13614,703338.572714134
13615,703338.5743186212
13616,703338.5745743712
13617,703338.5750799578
13618,703338.5736967699
13619,703338.5754111185
13620,703338.5739980504
13621,703338.5738435867
13622,703338.5733365043
13623,703338.5740589793
13624,703338.573969783
13625,703338.5750940384
13626,703338.5758472531
13627,703338.576042795
13628,703338.5746495732
13629,703338.5754903388
13630,703338.5741768713
13631,703338.5759445595
13632,703338.5742894824
13633,703338.57369916
13634,703338.5749800194
13635,703338.573960227
13636,703338.5741289227
13637,703338.5734211028
13638,703338.5774524463
13639,703338.5754530702
13640,703338.5753210824
13641,703338.574374942
13642,703338.5754232565
13643,703338.5752210473
13644,703338.5750883748
13645,703338.5745241974
13646,703338.5738181619
13647,703338.5737658098
13648,703338.5739543624
13649,703338.5734125193
13650,703338.5753948522
13651,703338.5735881238
13652,703338.5740310582
13653,703338.5746001091
13654,703338.5762420789
13655,703338.5744361394
13656,703338.572736651
13657,703338.5742280065
13658,703338.5760712896
13659,703338.5770302697
13660,703338.5741556981
13661,703338.5748257829
13662,703338.5740573817
13663,703338.5739606466
13664,703338.5747248399
13665,703338.5752039955
13666,703338.5752332984
13667,703338.5756213521
13668,703338.5734393697
13669,703338.576915936
13670,703338.5738987894
13671,703338.5750247244
13672,703338.5746789777
13673,703338.5733733156
13674,703338.5728311784
13675,703338.5739439145
13676,703338.5753654232
13677,703338.5740815345
13678,703338.5762362569
13679,703338.5738957677
13680,703338.5742580803
13681,703338.5753716421
13682,703338.5742843762
13683,703338.5754173449
13684,703338.5738235544
13685,703338.5752138831
13686,703338.5736167477
13687,703338.5751017818
13688,703338.5742230602
13689,703338.5744311066
13690,703338.5747039389
13691,703338.5734050694
13692,703338.5750783082
13693,703338.575295803
13694,703338.573919668
13695,703338.5740767154
13696,703338.5757610495
13697,703338.575513265
13698,703338.5746027097
13699,703338.5758443091
13700,703338.5747201081
13701,703338.5733925385
13702,703338.575574556
13703,703338.572965292
13704,703338.5735860858
13705,703338.5752470543
13706,703338.5734749241
13707,703338.574035101
13708,703338.5744608004
13709,703338.574516239
13710,703338.5747558605
13711,703338.5752601941
13712,703338.5755426349
13713,703338.574709122
13714,703338.575485684
13715,703338.5754227609
13716,703338.5734905605
13717,703338.5757005607
13718,703338.5751711822
13719,703338.5739403389
13720,703338.5753732973
13721,703338.5738872992
13722,703338.5744641006
13723,703338.5741327966
13724,703338.5735653811
13725,703338.5756151909
13726,703338.5738142082
13727,703338.5733267531
13728,703338.5754414086
13729,703338.5736658436
13730,703338.573600688
13731,703338.5756711477
13732,703338.5743399694
13733,703338.5761076661
13734,703338.5758852571
13735,703338.5754426065
13736,703338.5746129998
13737,703338.5745371311
13738,703338.5741116299
13739,703338.5773309396
13740,703338.5745245544
13741,703338.5752024613
13742,703338.574395987
13743,703338.5751261116
13744,703338.5740413277
13745,703338.5729176658
13746,703338.5727630454
13747,703338.5736582616
13748,703338.5747033019
13749,703338.5733318905
13750,703338.5744030584
13751,703338.5747972279
13752,703338.5742771294
13753,703338.5741287196
13754,703338.5741981306
13755,703338.5734764587
13756,703338.5756917218
13757,703338.5748752493
13758,703338.5736579479
13759,703338.5757897865
13760,703338.5765491511
13761,703338.5753568124
13762,703338.574224228
13763,703338.576791332
13764,703338.5744853541
13765,703338.5739323468
13766,703338.5746337342
13767,703338.5748941846
13768,703338.5734128838
13769,703338.5751631999
13770,703338.5749320296
13771,703338.5746006045
13772,703338.5736969187
13773,703338.5743655304
13774,703338.5752019925
13775,703338.5750773461
13776,703338.5733922173
13777,703338.5749507587
13778,703338.5748254226
13779,703338.5734222197
13780,703338.5743720602
13781,703338.576726466
13782,703338.5755747214
13783,703338.5757095409
13784,703338.5761108258
13785,703338.5742395261
13786,703338.575127079
13787,703338.5734339084
13788,703338.5745728436
13789,703338.5749555506
13790,703338.5735564032
13791,703338.5749294126
13792,703338.5753491374
13793,703338.5737432517
13794,703338.5748233006
13795,703338.5749594274
13796,703338.573535736
13797,703338.5739642659
13798,703338.5737248125
13799,703338.5752018277
13800,703338.5743222764
13801,703338.5737510689
13802,703338.5741300007
13803,703338.5748969981
13804,703338.5746036965
13805,703338.5764410119
13806,703338.5750212856
13807,703338.5740265992
13808,703338.575530637
13809,703338.5756117298
13810,703338.5742113685
13811,703338.5736830271
13812,703338.5718493046
13813,703338.5746016266
13814,703338.5739060779
13815,703338.5759947314
13816,703338.5746119599
13817,703338.5745309409
13818,703338.5736481387
13819,703338.5740544109
13820,703338.5729975834
13821,703338.5737924591
13822,703338.5743756384
13823,703338.57291985
13824,703338.5739266349
13825,703338.5747605639
13826,703338.5739366772
13827,703338.5745556735
13828,703338.5744962371
13829,703338.5743151377
13830,703338.5739390439
13831,703338.5751324627
13832,703338.5755977689
13833,703338.5758057856
13834,703338.576424115
13835,703338.5744666851
13836,703338.5754968383
13837,703338.5761490525
13838,703338.5755693952
13839,703338.5737028762
13840,703338.5755093185
13841,703338.573813485
13842,703338.573706137
13843,703338.5744542304
13844,703338.5740767508
13845,703338.5724189806
13846,703338.5741055897
13847,703338.5746118431
13848,703338.5757379867
13849,703338.5736867934
13850,703338.5754383521
13851,703338.5739341315
13852,703338.5735054718
13853,703338.5738432581
13854,703338.5746734637
13855,703338.5752508465
13856,703338.573786693
13857,703338.5730231233
13858,703338.5752692069
13859,703338.5760509127
13860,703338.5748338132
13861,703338.5747142503
13862,703338.574864929
13863,703338.5737786795
13864,703338.5745438943
13865,703338.5750646899
13866,703338.5756035419
13867,703338.5780746441
13868,703338.5738463289
13869,703338.5747284984
13870,703338.5748558316
13871,703338.5751276846
13872,703338.5750712116
13873,703338.5759211276
13874,703338.5737920814
13875,703338.5746701612
13876,703338.5725993912
13877,703338.5746845864
13878,703338.5749813205
13879,703338.5741107682
13880,703338.5747632716
13881,703338.574688965
13882,703338.5747317327
13883,703338.5747439478
13884,703338.5743899684
13885,703338.5743258263
13886,703338.5749778867
13887,703338.5745563701
13888,703338.57455637
13889,591412.6496054139
13890,591412.6496054134
13891,591412.6496054141
13892,591412.6496054141
13893,591412.6496054141
13894,591412.6496054127
13895,591412.6496054139
13896,591412.6496054142
13897,591412.649605413
13898,591412.649605415
13899,591412.6496054141
13900,591412.6472825577
13901,591412.6471131803
13902,591412.6473227579
13903,591412.6489470324
13904,591412.6484264086
13905,591412.6509015947
13906,591412.6522096372
13907,591412.6511693927
13908,591412.6469409101
13909,591412.653385978
13910,591412.6470971692
13911,591412.6493972363
13912,591412.649596904
13913,591412.6502399791
13914,591412.6482392306
13915,591412.648868203
13916,591412.6506001655
13917,591412.652412965
13918,591412.649251555
13919,591412.648392247
13920,591412.648348671
13921,591412.6516152445
13922,591412.6432742927
13923,591412.6520820357
13924,591412.647950197
13925,591412.6484403238
13926,591412.6484909035
13927,591412.6481275904
13928,591412.6465078092
13929,591412.6476909834
13930,591412.6531950642
13931,591412.6497176496
13932,591412.6499859882
13933,591412.6507892811
13934,591412.6546173723
13935,591412.6470186443
13936,591412.6518722286
13937,591412.65545235
13938,591412.6471051762
13939,591412.6488848759
13940,591412.6516439427
13941,591412.6495106412
13942,591412.650439005
13943,591412.6537734377
13944,591412.6496673893
13945,591412.6498366612
13946,591412.6493276597
13947,591412.6511850385
13948,591412.6455299016
13949,591412.6483727915
13950,591412.6462546118
13951,591412.6472063642
13952,591412.6497923017
13953,591412.6527164506
13954,591412.6488717172
13955,591412.6496366466
13956,591412.650100662
13957,591412.6531189543
13958,591412.6535610785
13959,591412.6486422783
13960,591412.6487255752
13961,591412.6511532888
13962,591412.6532974571
13963,591412.6527367957
13964,591412.6501775387
13965,591412.6465624527
13966,591412.6487317338
13967,591412.6511055882
13968,591412.6508396345
13969,591412.6510985661
13970,591412.6496219975
13971,591412.6487735144
13972,591412.6499016373
13973,591412.6511987753
13974,591412.6505775694
13975,591412.6475159783
13976,591412.6493443323
13977,591412.6487386662
13978,591412.6508799491
13979,591412.6526585392
13980,591412.6506274416
13981,591412.65047478
13982,591412.6477217955
13983,591412.647933225
13984,591412.6481695932
13985,591412.6474026638
13986,591412.6476197712
13987,591412.646101956
13988,591412.6548855241
13989,591412.6483187216
13990,591412.6516896252
13991,591412.6528266766
13992,591412.6517682322
13993,591412.6433383421
13994,591412.6523191304
13995,591412.6503043206
13996,591412.6475441509
13997,591412.6500159113
13998,591412.6512555837
13999,591412.6504683712
14000,591412.6502255797
14001,591412.6526574731
14002,591412.6478712627
14003,591412.6513572327
14004,591412.6499469072
14005,591412.6507983368
14006,591412.6476223227
14007,591412.6461154443
14008,591412.6492755254
14009,591412.650439087
14010,591412.6492122227
14011,591412.6518107312
14012,591412.6445082226
14013,591412.6513285852
14014,591412.6505464338
14015,591412.6521403996
14016,591412.6494208215
14017,591412.6491686181
14018,591412.6452298873
14019,591412.6480591331
14020,591412.6518589216
14021,591412.6497610557
14022,591412.6535643678
14023,591412.6495317471
14024,591412.6479956991
14025,591412.6492804923
14026,591412.6485632702
14027,591412.648949899
14028,591412.6500919001
14029,591412.6471197677
14030,591412.6481310015
14031,591412.6500473538
14032,591412.6505313527
14033,591412.651520635
14034,591412.6482197312
14035,591412.6509486639
14036,591412.6486057615
14037,591412.6484508687
14038,591412.6493204804
14039,591412.6504157761
14040,591412.6480690357
14041,591412.6470361784
14042,591412.6529612647
14043,591412.6507265854
14044,591412.6513115459
14045,591412.6477061767
14046,591412.6496688895
14047,591412.64876681
14048,591412.6483365843
14049,591412.6511685959
14050,591412.6509351487
14051,591412.650588995
14052,591412.6491680708
14053,591412.649231457
14054,591412.6486952873
14055,591412.6474124243
14056,591412.6519907876
14057,591412.6475191035
14058,591412.6475707327
14059,591412.6511186493
14060,591412.6484569352
14061,591412.6509322085
14062,591412.6504395173
14063,591412.6500293749
14064,591412.64740741
14065,591412.6499963019
14066,591412.648075666
14067,591412.6502754455
14068,591412.6485605953
14069,591412.6458638514
14070,591412.6485854773
14071,591412.6496001999
14072,591412.6551910605
14073,591412.6501907007
14074,591412.6495757443
14075,591412.6529527188
14076,591412.6489439257
14077,591412.6497251892
14078,591412.6490185129
14079,591412.650043833
14080,591412.6518780497
14081,591412.6469134375
14082,591412.6500517282
14083,591412.6518292084
14084,591412.6476342744
14085,591412.6509293963
14086,591412.6520553282
14087,591412.6489002454
14088,591412.6475060919
14089,591412.652526754
14090,591412.6517371475
14091,591412.6493275038
14092,591412.6495049236
14093,591412.6498529506
14094,591412.6533008837
14095,591412.6520647116
14096,591412.6488149452
14097,591412.6481289747
14098,591412.6539010209
14099,591412.6517364383
14100,591412.6474881289
14101,591412.6525076673
14102,591412.6487806394
14103,591412.6472020175
14104,591412.6485855066
14105,591412.6512990376
14106,591412.6511152401
14107,591412.6484302413
14108,591412.649469305
14109,591412.6558880432
14110,591412.6510314622
14111,591412.651694721
14112,591412.6489254426
14113,591412.6496742398
14114,591412.6467391924
14115,591412.6522752815
14116,591412.6471894215
14117,591412.6528926234
14118,591412.6504674469
14119,591412.6461395501
14120,591412.6517007551
14121,591412.650145585
14122,591412.6495282145
14123,591412.6490444577
14124,591412.6487065022
14125,591412.6486527317
14126,591412.6509837635
14127,591412.6513956975
14128,591412.6494046486
14129,591412.6477031725
14130,591412.6533347988
14131,591412.6468651159
14132,591412.6530273256
14133,591412.6511580589
14134,591412.6522968934
14135,591412.652627943
14136,591412.6494600013
14137,591412.6495812923
14138,591412.6505267688
14139,591412.6465410047
14140,591412.6489126282
14141,591412.6536849705
14142,591412.6499709169
14143,591412.6524972923
14144,591412.646386623
14145,591412.651129505
14146,591412.650847569
14147,591412.6526207594
14148,591412.6499423147
14149,591412.6482505454
14150,591412.6495845257
14151,591412.647750135
14152,591412.6505036523
14153,591412.6503870522
14154,591412.6468281538
14155,591412.649807294
14156,591412.6517202122
14157,591412.6510446565
14158,591412.6488576735
14159,591412.6481175472
14160,591412.6465356126
14161,591412.6487790281
14162,591412.6476105318
14163,591412.6493758077
14164,591412.6497071409
14165,591412.64897639
14166,591412.6492435501
14167,591412.6499193837
14168,591412.6487157737
14169,591412.6446185226
14170,591412.6469777062
14171,591412.6511037287
14172,591412.6493189959
14173,591412.6521092262
14174,591412.6507018853
14175,591412.6503417765
14176,591412.6450463356
14177,591412.6529889017
14178,591412.6487782325
14179,591412.6510298611
14180,591412.6519751074
14181,591412.648177886
14182,591412.6524638585
14183,591412.6474332323
14184,591412.6460810322
14185,591412.6500482343
14186,591412.6495084397
14187,591412.6486757234
14188,591412.6522422234
14189,591412.6485581218
14190,591412.6484041904
14191,591412.6491659109
14192,591412.6517964168
14193,591412.6472165516
14194,591412.646081226
14195,591412.6492823255
14196,591412.6498462541
14197,591412.6517774363
14198,591412.6498780246
14199,591412.6470125713
14200,591412.6519066491
14201,591412.6511562149
14202,591412.652168572
14203,591412.6489595318
14204,591412.6508532553
14205,591412.651410317
14206,591412.6493284628
14207,591412.6455552399
14208,591412.64973152
14209,591412.6511920198
14210,591412.6497686673
14211,591412.6486686623
14212,591412.6510233065
14213,591412.652210586
14214,591412.6477155738
14215,591412.6504927425
14216,591412.6511819906
14217,591412.6503198087
14218,591412.6521415683
14219,591412.6509067697
14220,591412.650770217
14221,591412.6481645743
14222,591412.651979454
14223,591412.6474823152
14224,591412.6477925488
14225,591412.6517465657
14226,591412.6483274137
14227,591412.6518765414
14228,591412.6460988757
14229,591412.6487500705
14230,591412.6483697757
14231,591412.647455778
14232,591412.6454058593
14233,591412.64779955
14234,591412.6500973412
14235,591412.6500065918
14236,591412.65045034
14237,591412.6498668749
14238,591412.6492590097
14239,591412.648618915
14240,591412.6495704218
14241,591412.6489248686
14242,591412.6507483886
14243,591412.6502699993
14244,591412.6490258392
14245,591412.6502248556
14246,591412.6483601058
14247,591412.6463575612
14248,591412.6505905967
14249,591412.6523537926
14250,591412.6485610559
14251,591412.6499293068
14252,591412.6493024755
14253,591412.6459918238
14254,591412.6470651471
14255,591412.6440305063
14256,591412.6493572152
14257,591412.6477159639
14258,591412.6445429319
14259,591412.6523974395
14260,591412.6485419238
14261,591412.64945044
14262,591412.6471384288
14263,591412.6486127162
14264,591412.6507598283
14265,591412.6528035965
14266,591412.648141312
14267,591412.6484460875
14268,591412.6475869595
14269,591412.6506896239
14270,591412.6502405751
14271,591412.6495677263
14272,591412.6477666913
14273,591412.6509209414
14274,591412.6457820499
14275,591412.6475844478
14276,591412.6471964467
14277,591412.6506634785
14278,591412.6519061633
14279,591412.6494374374
14280,591412.6483037829
14281,591412.6471255354
14282,591412.6481304002
14283,591412.6460959337
14284,591412.6483773792
14285,591412.6528668039
14286,591412.6516346107
14287,591412.6469428184
14288,591412.6485554415
14289,591412.6496553295
14290,591412.65003643
14291,591412.6471031497
14292,591412.6469480011
14293,591412.6521627057
14294,591412.6456285643
14295,591412.6488701846
14296,591412.6465225073
14297,591412.6482712171
14298,591412.6523340506
14299,591412.648687982
14300,591412.6499210343
14301,591412.6492462194
14302,591412.6477449785
14303,591412.6512529955
14304,591412.6543167884
14305,591412.6488278162
14306,591412.6527323115
14307,591412.6519539232
14308,591412.6500962799
14309,591412.6493337586
14310,591412.6478127834
14311,591412.6466324565
14312,591412.65035314
14313,591412.6491092753
14314,591412.648376141
14315,591412.6483473035
14316,591412.6497140497
14317,591412.6504044568
14318,591412.647297886
14319,591412.6483280812
14320,591412.6490511784
14321,591412.6507720451
14322,591412.6503261111
14323,591412.6495484976
14324,591412.6493549406
14325,591412.6454028968
14326,591412.6523490065
14327,591412.649655977
14328,591412.6538978665
14329,591412.6503120648
14330,591412.6446081161
14331,591412.650661544
14332,591412.6474427063
14333,591412.6482663935
14334,591412.649304577
14335,591412.6520841103
14336,591412.647732145
14337,591412.647649867
14338,591412.6523155262
14339,591412.6494852973
14340,591412.6464741722
14341,591412.6490224082
14342,591412.6503544132
14343,591412.6488873613
14344,591412.6509183928
14345,591412.6515563257
14346,591412.6489581846
14347,591412.6520191277
14348,591412.6490731926
14349,591412.6499922287
14350,591412.6496928066
14351,591412.6506238154
14352,591412.6482201813
14353,591412.6494505461
14354,591412.6519744378
14355,591412.6501608695
14356,591412.6481853677
14357,591412.6514105411
14358,591412.6496337939
14359,591412.6485977184
14360,591412.6532730545
14361,591412.6489769357
14362,591412.6523892247
14363,591412.6493529921
14364,591412.6489854795
14365,591412.6500678987
14366,591412.6528201464
14367,591412.6455146646
14368,591412.6492361906
14369,591412.6513557786
14370,591412.6450139357
14371,591412.6487618145
14372,591412.6498634545
14373,591412.651296341
14374,591412.6519973299
14375,591412.645852408
14376,591412.6496687265
14377,591412.6483619644
14378,591412.64859209
14379,591412.6499288188
14380,591412.652023585
14381,591412.6543310327
14382,591412.6478878828
14383,591412.6504167198
14384,591412.6513980252
14385,591412.6493206501
14386,591412.6462354545
14387,591412.6475545862
14388,591412.6479034475
14389,591412.6488177569
14390,591412.6489940045
14391,591412.648536798
14392,591412.648554649
14393,591412.6521342007
14394,591412.6507216779
14395,591412.6507761211
14396,591412.6501854787
14397,591412.6515855211
14398,591412.6488541727
14399,591412.6501689097
14400,591412.6492563819
14401,591412.6504199156
14402,591412.6492535901
14403,591412.6518884259
14404,591412.6494041263
14405,591412.6482987143
14406,591412.6483911272
14407,591412.645793753
14408,591412.650066226
14409,591412.6484408611
14410,591412.6470248593
14411,591412.6526147898
14412,591412.6496715485
14413,591412.6489504142
14414,591412.651881466
14415,591412.6518920402
14416,591412.6514235223
14417,591412.6506629072
14418,591412.6475932117
14419,591412.6501021499
14420,591412.6512789653
14421,591412.6503717762
14422,591412.6503313548
14423,591412.6513879079
14424,591412.6498583587
14425,591412.6492612644
14426,591412.649107358
14427,591412.6507909735
14428,591412.6477814148
14429,591412.6506994283
14430,591412.6516669127
14431,591412.6502636817
14432,591412.6478982933
14433,591412.6498121356
14434,591412.6508187175
14435,591412.6510113922
14436,591412.651937052
14437,591412.6535425832
14438,591412.6494981898
14439,591412.651702668
14440,591412.6505888825
14441,591412.650009657
14442,591412.6482687916
14443,591412.6501491122
14444,591412.6479160703
14445,591412.6488282505
14446,591412.6506431382
14447,591412.6521434506
14448,591412.6497287789
14449,591412.6511088879
14450,591412.646681446
14451,591412.6489310544
14452,591412.6492739907
14453,591412.6492680759
14454,591412.6477787088
14455,591412.6461651155
14456,591412.6519923195
14457,591412.6485274668
14458,591412.644694405
14459,591412.6510029348
14460,591412.6482607619
14461,591412.6478337436
14462,591412.6525452908
14463,591412.6510457718
14464,591412.6518458361
14465,591412.6549739835
14466,591412.6509422892
14467,591412.6493455924
14468,591412.6487269189
14469,591412.6505717168
14470,591412.6515932098
14471,591412.6469811309
14472,591412.6499939731
14473,591412.649589429
14474,591412.6510548454
14475,591412.648608188
14476,591412.645389365
14477,591412.6507244172
14478,591412.6492948837
14479,591412.6513764681
14480,591412.6500269892
14481,591412.6466680577
14482,591412.6480761472
14483,591412.6472320969
14484,591412.6520711102
14485,591412.6487015823
14486,591412.6495001329
14487,591412.653871773
14488,591412.6512617795
14489,591412.6472561614
14490,591412.6469558296
14491,591412.6535797765
14492,591412.6533435937
14493,591412.6515491991
14494,591412.652193621
14495,591412.6467881551
14496,591412.6510744919
14497,591412.6485946592
14498,591412.650505018
14499,591412.6480864299
14500,591412.6514447356
14501,591412.6509281029
14502,591412.6503695309
14503,591412.6499907821
14504,591412.6483589858
14505,591412.6509973871
14506,591412.6497341325
14507,591412.6518617172
14508,591412.6476538549
14509,591412.6496017192
14510,591412.6485276312
14511,591412.6503625051
14512,591412.6500598019
14513,591412.6527256516
14514,591412.6486422298
14515,591412.6537067533
14516,591412.6448016856
14517,591412.6488769944
14518,591412.6472038466
14519,591412.6519850243
14520,591412.645930046
14521,591412.6518274968
14522,591412.6463538375
14523,591412.6521035926
14524,591412.6509511527
14525,591412.6500790827
14526,591412.6497406639
14527,591412.6505212229
14528,591412.6491450536
14529,591412.647720999
14530,591412.6500751922
14531,591412.6485570923
14532,591412.6475846866
14533,591412.649510151
14534,591412.6508662947
14535,591412.6506179804
14536,591412.6538400378
14537,591412.6488255772
14538,591412.6486856255
14539,591412.6522743904
14540,591412.6495897241
14541,591412.6470749619
14542,591412.6501130034
14543,591412.6476055111
14544,591412.6506652917
14545,591412.6495394721
14546,591412.6453308447
14547,591412.6525430446
14548,591412.6500842093
14549,591412.6484731509
14550,591412.6499912688
14551,591412.6494551604
14552,591412.650890687
14553,591412.6501325219
14554,591412.6495235733
14555,591412.652339683
14556,591412.649605555
14557,591412.6518350373
14558,591412.6484260616
14559,591412.6500536065
14560,591412.6502065092
14561,591412.6491542106
14562,591412.6527037057
14563,591412.6543241839
14564,591412.6512709149
14565,591412.6566714953
14566,591412.6514073875
14567,591412.6487978165
14568,591412.6497443174
14569,591412.6517230137
14570,591412.6482284334
14571,591412.6512308755
14572,591412.6517582252
14573,591412.6493923615
14574,591412.6511303034
14575,591412.650153212
14576,591412.6494930399
14577,591412.6493657691
14578,591412.6469545548
14579,591412.6488861704
14580,591412.6502383735
14581,591412.6510037153
14582,591412.6501467036
14583,591412.6494801984
14584,591412.6502582727
14585,591412.649808928
14586,591412.6496212009
14587,591412.6450513728
14588,591412.6491657265
14589,591412.648494344
14590,591412.6495514717
14591,591412.6491286808
14592,591412.6489699446
14593,591412.6482591662
14594,591412.6481001874
14595,591412.6517877453
14596,591412.6493851885
14597,591412.6498937536
14598,591412.653672994
14599,591412.6491081519
14600,591412.6501058617
14601,591412.6492580893
14602,591412.6491499764
14603,591412.6499677412
14604,591412.6524719225
14605,591412.6504097016
14606,591412.6526551035
14607,591412.6485628636
14608,591412.6486274904
14609,591412.6513802212
14610,591412.648371302
14611,591412.6501662042
14612,591412.650031785
14613,591412.648501595
14614,591412.6478520648
14615,591412.6486857468
14616,591412.6486841693
14617,591412.6506489378
14618,591412.649605414
14619,591412.6496054137
14620,608262.7433635792
14621,608262.7433635781
14622,608262.7433635769
14623,608262.7433635773
14624,608262.7433635781
14625,608262.7433635779
14626,608262.7433635772
14627,608262.7433635783
14628,608262.7433635776
14629,608262.7433635781
14630,608262.7433635783
14631,608262.7400362664
14632,608262.742482916
14633,608262.7437645746
14634,608262.7425221415
14635,608262.7422322982
14636,608262.7438259963
14637,608262.7445563185
14638,608262.7441847923
14639,608262.7427298274
14640,608262.748056511
14641,608262.7426010915
14642,608262.7433747973
14643,608262.7447503918
14644,608262.746049178
14645,608262.7425419758
14646,608262.7427866923
14647,608262.7458565417
14648,608262.7424117519
14649,608262.7433554134
14650,608262.7427537417
14651,608262.7434607688
14652,608262.7435947981
14653,608262.7420439277
14654,608262.7430436505
14655,608262.7441879372
14656,608262.7393954638
14657,608262.7444867727
14658,608262.7409584151
14659,608262.7413352544
14660,608262.7439009545
14661,608262.7434645504
14662,608262.7456116173
14663,608262.7459400676
14664,608262.744687598
14665,608262.7448395512
14666,608262.740856796
14667,608262.7462633724
14668,608262.744670056
14669,608262.7420715443
14670,608262.739535844
14671,608262.7451053566
14672,608262.7397269126
14673,608262.746338672
14674,608262.7471819058
14675,608262.7432563003
14676,608262.7423993574
14677,608262.7443622249
14678,608262.7439663681
14679,608262.7407766413
14680,608262.7424557887
14681,608262.741925343
14682,608262.7412479465
14683,608262.7435735962
14684,608262.7451116173
14685,608262.7393642924
14686,608262.7418509971
14687,608262.7435245446
14688,608262.747015748
14689,608262.7457240745
14690,608262.7445007415
14691,608262.7399741425
14692,608262.741261911
14693,608262.7472119859
14694,608262.7438658563
14695,608262.7428633765
14696,608262.7424755536
14697,608262.7419951513
14698,608262.7428500062
14699,608262.7444431309
14700,608262.7431852602
14701,608262.7439878773
14702,608262.742460432
14703,608262.7426392405
14704,608262.743350527
14705,608262.7419174563
14706,608262.744718085
14707,608262.7454047147
14708,608262.7436330564
14709,608262.7431621979
14710,608262.7479671886
14711,608262.7457008807
14712,608262.7437324832
14713,608262.7407893375
14714,608262.7438166719
14715,608262.7400727026
14716,608262.7407737011
14717,608262.7444731562
14718,608262.7403758281
14719,608262.7464914044
14720,608262.7440497945
14721,608262.7449780126
14722,608262.7470341364
14723,608262.7424934482
14724,608262.7413739531
14725,608262.7442874422
14726,608262.7450701755
14727,608262.7418647592
14728,608262.7443571264
14729,608262.7447196099
14730,608262.7464660354
14731,608262.7442141254
14732,608262.7460146034
14733,608262.7421190755
14734,608262.7450692292
14735,608262.7435195671
14736,608262.7443145288
14737,608262.7422825258
14738,608262.7422720876
14739,608262.7420237266
14740,608262.7407860843
14741,608262.7431957903
14742,608262.7451081051
14743,608262.7405210023
14744,608262.7431885317
14745,608262.7444738628
14746,608262.7415941618
14747,608262.7443396935
14748,608262.7440184269
14749,608262.7417723924
14750,608262.7439511495
14751,608262.7449169176
14752,608262.7425799535
14753,608262.7452096434
14754,608262.7441034252
14755,608262.7431780663
14756,608262.744222496
14757,608262.7419336508
14758,608262.7439192159
14759,608262.7445327793
14760,608262.7397174396
14761,608262.7447683646
14762,608262.743917079
14763,608262.7440610435
14764,608262.7466663105
14765,608262.7431458356
14766,608262.7435385496
14767,608262.7439099426
14768,608262.742614932
14769,608262.74279519
14770,608262.745496966
14771,608262.7418367543
14772,608262.7426775689
14773,608262.7428040766
14774,608262.7443986024
14775,608262.7435299738
14776,608262.7454986096
14777,608262.7421233
14778,608262.7412266321
14779,608262.7424052288
14780,608262.745873755
14781,608262.7430389106
14782,608262.7419430618
14783,608262.7437454577
14784,608262.7439570497
14785,608262.7442725163
14786,608262.7421518131
14787,608262.7436549113
14788,608262.7427011187
14789,608262.743484454
14790,608262.7464305797
14791,608262.7415315162
14792,608262.7424697428
14793,608262.7429152977
14794,608262.7440028673
14795,608262.7423681617
14796,608262.7455038993
14797,608262.7425653194
14798,608262.7434344417
14799,608262.7455591772
14800,608262.7437068243
14801,608262.7426329792
14802,608262.7444497391
14803,608262.7434077251
14804,608262.7434721696
14805,608262.7433894663
14806,608262.7419584835
14807,608262.741647907
14808,608262.742796402
14809,608262.7441770579
14810,608262.7441858968
14811,608262.7437635366
14812,608262.743400197
14813,608262.743638309
14814,608262.7455560343
14815,608262.7424178801
14816,608262.7453288372
14817,608262.7448376872
14818,608262.7445481535
14819,608262.7428465541
14820,608262.7440762186
14821,608262.7440969241
14822,608262.7428918422
14823,608262.7425211477
14824,608262.7432664761
14825,608262.743913781
14826,608262.7451287038
14827,608262.7410426134
14828,608262.74279791
14829,608262.7463908603
14830,608262.7453215087
14831,608262.7445227143
14832,608262.7441485851
14833,608262.7435736443
14834,608262.7432993093
14835,608262.7436125788
14836,608262.7429695374
14837,608262.7446925491
14838,608262.7426273809
14839,608262.7405716316
14840,608262.7464992035
14841,608262.7435260075
14842,608262.7459446763
14843,608262.7435941275
14844,608262.7457683731
14845,608262.7415827131
14846,608262.7451517977
14847,608262.7419047962
14848,608262.7451885266
14849,608262.7443405982
14850,608262.7439767295
14851,608262.7431698189
14852,608262.7413946188
14853,608262.7442345116
14854,608262.7418375821
14855,608262.7410792874
14856,608262.7427041822
14857,608262.7423721873
14858,608262.7468244002
14859,608262.7427130326
14860,608262.743617086
14861,608262.7458668469
14862,608262.7435054028
14863,608262.744307763
14864,608262.7453102083
14865,608262.7455989664
14866,608262.7443036266
14867,608262.7435263852
14868,608262.7432388797
14869,608262.7457882736
14870,608262.7417867796
14871,608262.7424783905
14872,608262.7456644676
14873,608262.7441044854
14874,608262.7439958905
14875,608262.7405043654
14876,608262.7425163774
14877,608262.7431484952
14878,608262.7444885854
14879,608262.7434350703
14880,608262.7432247745
14881,608262.7453002023
14882,608262.7453150986
14883,608262.7427857135
14884,608262.7425905596
14885,608262.7411994741
14886,608262.7441836464
14887,608262.7447171885
14888,608262.743667574
14889,608262.7425237445
14890,608262.7394332426
14891,608262.7434373703
14892,608262.7408377727
14893,608262.7425757473
14894,608262.7434983012
14895,608262.7434021006
14896,608262.746170947
14897,608262.7439756421
14898,608262.7432712422
14899,608262.7420553446
14900,608262.7413879713
14901,608262.7445298862
14902,608262.7450350435
14903,608262.7415635888
14904,608262.7435918718
14905,608262.7414992561
14906,608262.7450724477
14907,608262.7392488852
14908,608262.7451054144
14909,608262.7426975297
14910,608262.7428867745
14911,608262.7442046057
14912,608262.7437255095
14913,608262.7447950024
14914,608262.7423797067
14915,608262.7415703479
14916,608262.7401617878
14917,608262.7429492861
14918,608262.7428717647
14919,608262.745090971
14920,608262.7415227303
14921,608262.7418930993
14922,608262.7441983428
14923,608262.7457632783
14924,608262.7402340359
14925,608262.7424505012
14926,608262.7450979872
14927,608262.7440998908
14928,608262.7429240897
14929,608262.7426141897
14930,608262.7400702245
14931,608262.7479995346
14932,608262.7442936487
14933,608262.7457164143
14934,608262.7420851889
14935,608262.7448478579
14936,608262.7431245516
14937,608262.7434533508
14938,608262.7425395865
14939,608262.7433538698
14940,608262.746030196
14941,608262.7450911344
14942,608262.7438397033
14943,608262.7444119063
14944,608262.7468320219
14945,608262.7434489407
14946,608262.7450962138
14947,608262.74563891
14948,608262.7453027477
14949,608262.744957982
14950,608262.7443389404
14951,608262.7449039688
14952,608262.7422078429
14953,608262.7441621945
14954,608262.7421580456
14955,608262.7430330027
14956,608262.7424433996
14957,608262.7454982526
14958,608262.7448710437
14959,608262.7405695387
14960,608262.7471247015
14961,608262.7412346201
14962,608262.743464248
14963,608262.7430270349
14964,608262.7424541373
14965,608262.7428063522
14966,608262.7434493008
14967,608262.7450486553
14968,608262.7420867421
14969,608262.7424887371
14970,608262.7430488585
14971,608262.7432341948
14972,608262.7434555657
14973,608262.7425675776
14974,608262.7455780932
14975,608262.7409396444
14976,608262.7432454844
14977,608262.7442583366
14978,608262.7423659164
14979,608262.7453563443
14980,608262.7447403528
14981,608262.7437600864
14982,608262.7438178834
14983,608262.7448004826
14984,608262.7408038563
14985,608262.7438579663
14986,608262.7415482118
14987,608262.7422785249
14988,608262.744028254
14989,608262.7410444953
14990,608262.7432797749
14991,608262.7424886816
14992,608262.7439593276
14993,608262.742462607
14994,608262.7411646715
14995,608262.7447556965
14996,608262.745559392
14997,608262.7414005978
14998,608262.7440556795
14999,608262.7426419796
15000,608262.7453189911
15001,608262.7432434608
15002,608262.743038311
15003,608262.7432805082
15004,608262.7416534885
15005,608262.7408992884
15006,608262.7454303756
15007,608262.7430344882
15008,608262.7455567438
15009,608262.7468636775
15010,608262.7433550742
15011,608262.744933991
15012,608262.7449806991
15013,608262.7403937441
15014,608262.7423844894
15015,608262.742619988
15016,608262.745292996
15017,608262.7456555342
15018,608262.7443110577
15019,608262.7424967716
15020,608262.7427692724
15021,608262.742291724
15022,608262.7438352107
15023,608262.7425057983
15024,608262.7448760702
15025,608262.7419619086
15026,608262.742520489
15027,608262.7451733841
15028,608262.7417840743
15029,608262.7429173426
15030,608262.7417297926
15031,608262.7436942136
15032,608262.7441553156
15033,608262.7419894796
15034,608262.7430191291
15035,608262.74351529
15036,608262.7427204064
15037,608262.7440275274
15038,608262.7464873109
15039,608262.7433000762
15040,608262.7428539277
15041,608262.745593783
15042,608262.7392173208
15043,608262.7477328014
15044,608262.7443589868
15045,608262.7424907958
15046,608262.7428795823
15047,608262.7443855338
15048,608262.742264853
15049,608262.7436102369
15050,608262.744371308
15051,608262.7408564114
15052,608262.7423403957
15053,608262.7424325361
15054,608262.7446062774
15055,608262.739853656
15056,608262.7432646248
15057,608262.7424981418
15058,608262.7441970847
15059,608262.7454651808
15060,608262.744085974
15061,608262.7402917724
15062,608262.7437788338
15063,608262.7458597193
15064,608262.741991962
15065,608262.7443293692
15066,608262.7447429219
15067,608262.7439170356
15068,608262.741130108
15069,608262.7405859425
15070,608262.7432204584
15071,608262.7464552361
15072,608262.7473612623
15073,608262.7434926546
15074,608262.743270888
15075,608262.7452059351
15076,608262.7408025273
15077,608262.7432588137
15078,608262.7440900432
15079,608262.7440355633
15080,608262.7410661577
15081,608262.7441498095
15082,608262.7420758584
15083,608262.7416833176
15084,608262.7405030212
15085,608262.742413321
15086,608262.7425736233
15087,608262.7443795163
15088,608262.7467714894
15089,608262.7462102718
15090,608262.7430252734
15091,608262.7457276696
15092,608262.7427257648
15093,608262.7467059675
15094,608262.7433972358
15095,608262.7422182651
15096,608262.7441105426
15097,608262.7428539491
15098,608262.7406081137
15099,608262.7413184518
15100,608262.7495994008
15101,608262.7438879575
15102,608262.7451735962
15103,608262.7426467426
15104,608262.7452839131
15105,608262.7452678618
15106,608262.7447141956
15107,608262.7427283155
15108,608262.742064421
15109,608262.7414493932
15110,608262.7413736058
15111,608262.7423548081
15112,608262.7464341434
15113,608262.7406385702
15114,608262.7433795242
15115,608262.742412005
15116,608262.7454105469
15117,608262.7417298129
15118,608262.7390895177
15119,608262.7419256312
15120,608262.7457351488
15121,608262.747328357
15122,608262.7428034456
15123,608262.7440197062
15124,608262.7429948212
15125,608262.743746858
15126,608262.743843247
15127,608262.7443510536
15128,608262.7445964885
15129,608262.7440034893
15130,608262.7408063451
15131,608262.7477035212
15132,608262.7420638071
15133,608262.7449363597
15134,608262.7442457987
15135,608262.7412431276
15136,608262.7395569196
15137,608262.742060623
15138,608262.7443183253
15139,608262.7432140767
15140,608262.7465127499
15141,608262.7404077145
15142,608262.7435135106
15143,608262.7445212979
15144,608262.7422767605
15145,608262.7459602122
15146,608262.7417099235
15147,608262.7444209685
15148,608262.7427819984
15149,608262.7431782701
15150,608262.7422902773
15151,608262.7439136574
15152,608262.7441624656
15153,608262.7413044057
15154,608262.7445499309
15155,608262.7447537123
15156,608262.7418605584
15157,608262.7429318443
15158,608262.7451070525
15159,608262.7440968872
15160,608262.7440204183
15161,608262.746245211
15162,608262.7435084218
15163,608262.7407773911
15164,608262.7445802372
15165,608262.740273867
15166,608262.7413122444
15167,608262.7451355181
15168,608262.7421886906
15169,608262.7418860686
15170,608262.7428312523
15171,608262.7435188625
15172,608262.7437800444
15173,608262.7451897459
15174,608262.7446164361
15175,608262.7432051988
15176,608262.7446501213
15177,608262.744321159
15178,608262.7427597112
15179,608262.7458217323
15180,608262.7448772324
15181,608262.7415739971
15182,608262.7446259672
15183,608262.7415201765
15184,608262.7426563167
15185,608262.742075592
15186,608262.7406597296
15187,608262.7447587426
15188,608262.7419978483
15189,608262.739672384
15190,608262.7457402439
15191,608262.7409314247
15192,608262.7413673073
15193,608262.7474901354
15194,608262.743642978
15195,608262.747340212
15196,608262.7476017163
15197,608262.7452076519
15198,608262.7433308345
15199,608262.7436103293
15200,608262.7433260758
15201,608262.7492190019
15202,608262.7430681635
15203,608262.7447676896
15204,608262.7429352276
15205,608262.7451353759
15206,608262.7419905153
15207,608262.7384635869
15208,608262.7410332833
15209,608262.7419598876
15210,608262.7440175285
15211,608262.7417591054
15212,608262.742595371
15213,608262.7438265475
15214,608262.7418984363
15215,608262.743226011
15216,608262.742566182
15217,608262.7409154671
15218,608262.7472721114
15219,608262.7446276379
15220,608262.7415687705
15221,608262.7446839693
15222,608262.7479157944
15223,608262.7468997331
15224,608262.7434639675
15225,608262.748112533
15226,608262.7421035337
15227,608262.7430324142
15228,608262.7434611067
15229,608262.7438396057
15230,608262.741137139
15231,608262.7448346297
15232,608262.7437720139
15233,608262.7442862053
15234,608262.7418293772
15235,608262.7431307903
15236,608262.74544079
15237,608262.745581411
15238,608262.7420999197
15239,608262.7433795466
15240,608262.7440166976
15241,608262.7410819682
15242,608262.7427268033
15243,608262.7474924158
15244,608262.7454321702
15245,608262.7449355482
15246,608262.7473686292
15247,608262.7410135283
15248,608262.7438381673
15249,608262.7408835026
15250,608262.7439698852
15251,608262.7431448338
15252,608262.7422667965
15253,608262.7426233625
15254,608262.7458926643
15255,608262.7422890882
15256,608262.7443558885
15257,608262.7442601057
15258,608262.7415397997
15259,608262.7425550389
15260,608262.7408056582
15261,608262.7448303851
15262,608262.7420387559
15263,608262.7416893401
15264,608262.7428337289
15265,608262.7442667377
15266,608262.7443469068
15267,608262.7477442855
15268,608262.7445356394
15269,608262.7411000283
15270,608262.7453559593
15271,608262.7443095425
15272,608262.7419228816
15273,608262.7418199666
15274,608262.7369906938
15275,608262.7439373825
15276,608262.7422966086
15277,608262.7447706917
15278,608262.7441570811
15279,608262.7428816655
15280,608262.7411256132
15281,608262.742496303
15282,608262.7401383535
15283,608262.74230907
15284,608262.7436491925
15285,608262.7411000102
15286,608262.7432170445
15287,608262.7439542691
15288,608262.7429060026
15289,608262.7437551834
15290,608262.7436049576
15291,608262.7438324295
15292,608262.7420084167
15293,608262.7449510295
15294,608262.7466131803
15295,608262.7460269798
15296,608262.7475348716
15297,608262.7438569482
15298,608262.7454902804
15299,608262.7459305928
15300,608262.745637023
15301,608262.7411252123
15302,608262.7455556323
15303,608262.7423481334
15304,608262.7426727489
15305,608262.7434643076
15306,608262.742707012
15307,608262.7398225556
15308,608262.7427023106
15309,608262.743516118
15310,608262.7450261584
15311,608262.741903935
15312,608262.7450723643
15313,608262.7420297416
15314,608262.741457075
15315,608262.7431193204
15316,608262.74325518
15317,608262.7449650748
15318,608262.741169639
15319,608262.740275132
15320,608262.7440892296
15321,608262.7460398345
15322,608262.7435067522
15323,608262.7436667517
15324,608262.7434246968
15325,608262.7422861345
15326,608262.7439971975
15327,608262.7445643236
15328,608262.7461074675
15329,608262.7513474583
15330,608262.7424733855
15331,608262.7434846145
15332,608262.7434674677
15333,608262.7445402662
15334,608262.7443097732
15335,608262.7462593771
15336,608262.7428091811
15337,608262.7437535261
15338,608262.7392895594
15339,608262.7433071504
15340,608262.7443176495
15341,608262.7425365619
15342,608262.7435932201
15343,608262.7436000574
15344,608262.7430134004
15345,608262.7427507539
15346,608262.7429047152
15347,608262.7429051201
15348,608262.743915339
15349,608262.7433635794
15350,608262.7433635794
15351,578272.3730322822
15352,578272.3730322823
15353,578272.3730322801
15354,578272.3730322813
15355,578272.373032281
15356,578272.3730322807
15357,578272.3730322812
15358,578272.3730322822
15359,578272.373032282
15360,578272.3730322798
15361,578272.3730322821
15362,578272.3701459833
15363,578272.3712261921
15364,578272.3719302432
15365,578272.3722888837
15366,578272.3718599756
15367,578272.3739800607
15368,578272.3749581438
15369,578272.3743144241
15370,578272.3712206541
15371,578272.3772715701
15372,578272.371226258
15373,578272.3729376034
15374,578272.3736688504
15375,578272.374597559
15376,578272.371875368
15377,578272.3723152626
15378,578272.374718768
15379,578272.3741581249
15380,578272.372808541
15381,578272.3720387117
15382,578272.3723385461
15383,578272.3742017191
15384,578272.3688002095
15385,578272.3743013818
15386,578272.3724913928
15387,578272.3705978593
15388,578272.3729341839
15389,578272.3711175683
15390,578272.3703019144
15391,578272.3722335696
15392,578272.3750956055
15393,578272.3742300211
15394,578272.3744762549
15395,578272.3742792653
15396,578272.3766019789
15397,578272.370461991
15398,578272.3756598813
15399,578272.3769757954
15400,578272.3710067292
15401,578272.3709155819
15402,578272.3749807794
15403,578272.371392957
15404,578272.374836477
15405,578272.3771364606
15406,578272.3730323226
15407,578272.3727140261
15408,578272.3732500542
15409,578272.3741906466
15410,578272.3694716387
15411,578272.3718502149
15412,578272.3704297914
15413,578272.370740999
15414,578272.3731959078
15415,578272.3755555234
15416,578272.3708315481
15417,578272.3722588153
15418,578272.3732926172
15419,578272.3767698046
15420,578272.3763813793
15421,578272.3730365763
15422,578272.3710622403
15423,578272.373022962
15424,578272.3768813355
15425,578272.3750756504
15426,578272.3730755401
15427,578272.3708217365
15428,578272.3719084627
15429,578272.3736522805
15430,578272.374158034
15431,578272.3737593873
15432,578272.3733204001
15433,578272.3721004898
15434,578272.3728712581
15435,578272.3739496582
15436,578272.3729794836
15437,578272.3724280463
15438,578272.3738722848
15439,578272.3726325291
15440,578272.3736932179
15441,578272.3768191654
15442,578272.3746319129
15443,578272.3736565487
15444,578272.3709709335
15445,578272.372238267
15446,578272.3708363044
15447,578272.3706747517
15448,578272.3724279942
15449,578272.3696420656
15450,578272.3774768574
15451,578272.3726817776
15452,578272.3749243817
15453,578272.3764963154
15454,578272.3739361296
15455,578272.3685971255
15456,578272.3749631108
15457,578272.3741727041
15458,578272.3710645469
15459,578272.3737268031
15460,578272.3744584457
15461,578272.3749771006
15462,578272.3737777122
15463,578272.3759522522
15464,578272.3714350447
15465,578272.3748138229
15466,578272.3734278876
15467,578272.3741560939
15468,578272.3713193799
15469,578272.3705627121
15470,578272.3722726845
15471,578272.3724129532
15472,578272.3726935241
15473,578272.3750778502
15474,578272.3689817059
15475,578272.3739635838
15476,578272.3741127286
15477,578272.3737240894
15478,578272.3733181189
15479,578272.3731935781
15480,578272.3698635333
15481,578272.3724366614
15482,578272.375004527
15483,578272.3728553749
15484,578272.3760914741
15485,578272.3731840563
15486,578272.3720310533
15487,578272.3733041155
15488,578272.3717128142
15489,578272.3729367438
15490,578272.3736948638
15491,578272.3699610252
15492,578272.3729134436
15493,578272.3735043851
15494,578272.3738875007
15495,578272.3756057249
15496,578272.3721490598
15497,578272.3738930791
15498,578272.3726440216
15499,578272.3720547652
15500,578272.3724837163
15501,578272.3744235475
15502,578272.3715401817
15503,578272.371330921
15504,578272.3747978137
15505,578272.3741745314
15506,578272.3740807443
15507,578272.3728731268
15508,578272.372567244
15509,578272.371637289
15510,578272.3718358653
15511,578272.3751178018
15512,578272.3736076376
15513,578272.3729662354
15514,578272.373030156
15515,578272.3730312403
15516,578272.3728064501
15517,578272.3711855836
15518,578272.374534197
15519,578272.371689721
15520,578272.3719467738
15521,578272.375264213
15522,578272.3714948073
15523,578272.3733267469
15524,578272.3733601106
15525,578272.3736386584
15526,578272.3713394805
15527,578272.3742484176
15528,578272.371843425
15529,578272.3734510759
15530,578272.3734011734
15531,578272.3710308352
15532,578272.3720828502
15533,578272.3734428595
15534,578272.3763939684
15535,578272.373337798
15536,578272.3730170621
15537,578272.3742887819
15538,578272.3718793106
15539,578272.3728818395
15540,578272.3730704868
15541,578272.3735816511
15542,578272.3745535928
15543,578272.3714162498
15544,578272.3734011647
15545,578272.3752394412
15546,578272.3714916166
15547,578272.3746490441
15548,578272.3751568296
15549,578272.3732006156
15550,578272.3716147179
15551,578272.3750985053
15552,578272.3745952802
15553,578272.3725501429
15554,578272.3725955689
15555,578272.3732127391
15556,578272.3754029624
15557,578272.3752677989
15558,578272.3715358364
15559,578272.3719609709
15560,578272.3769043958
15561,578272.3751397826
15562,578272.3723519985
15563,578272.3750948509
15564,578272.372624298
15565,578272.3716975272
15566,578272.3725515773
15567,578272.3737986477
15568,578272.3745547328
15569,578272.371976388
15570,578272.3717031421
15571,578272.3780563499
15572,578272.373922844
15573,578272.3753632377
15574,578272.3726016715
15575,578272.3741444022
15576,578272.3707285773
15577,578272.3753875395
15578,578272.3710033859
15579,578272.3758232996
15580,578272.3740490986
15581,578272.37136804
15582,578272.374167771
15583,578272.372439121
15584,578272.3733046683
15585,578272.3719890912
15586,578272.3715235334
15587,578272.3721311738
15588,578272.3733785274
15589,578272.3755734153
15590,578272.3725670099
15591,578272.3721262777
15592,578272.376307888
15593,578272.3714361556
15594,578272.3754572731
15595,578272.374805316
15596,578272.3755963314
15597,578272.3751464767
15598,578272.3730568131
15599,578272.3729670972
15600,578272.374671576
15601,578272.3704687798
15602,578272.3722703474
15603,578272.376443619
15604,578272.373461869
15605,578272.3750449374
15606,578272.3699812469
15607,578272.3736310897
15608,578272.373681106
15609,578272.375374505
15610,578272.3733143776
15611,578272.3722637873
15612,578272.3738866034
15613,578272.3728957702
15614,578272.3733076621
15615,578272.3730753472
15616,578272.3704985328
15617,578272.3735124748
15618,578272.3748353554
15619,578272.3740213051
15620,578272.3722624024
15621,578272.3703477667
15622,578272.3712058613
15623,578272.3713730666
15624,578272.3715250175
15625,578272.3730656233
15626,578272.3731568606
15627,578272.3739166689
15628,578272.3730250313
15629,578272.3731287444
15630,578272.3719121547
15631,578272.3692016817
15632,578272.3720636414
15633,578272.3746597776
15634,578272.3720600159
15635,578272.3746085637
15636,578272.3728232776
15637,578272.3742468324
15638,578272.3684899035
15639,578272.3757344942
15640,578272.3722230301
15641,578272.3736219816
15642,578272.3746931559
15643,578272.3723558827
15644,578272.3753771142
15645,578272.3714063984
15646,578272.3701209256
15647,578272.3719041378
15648,578272.3728423805
15649,578272.372306158
15650,578272.375347
15651,578272.3716581049
15652,578272.3716222405
15653,578272.3730583284
15654,578272.3752979601
15655,578272.3701966481
15656,578272.3706451813
15657,578272.3736183685
15658,578272.3734551647
15659,578272.374037235
15660,578272.3729113872
15661,578272.3701898356
15662,578272.3764410748
15663,578272.3743065901
15664,578272.3755733769
15665,578272.3721012729
15666,578272.3742975028
15667,578272.3739570674
15668,578272.37283224
15669,578272.3702744581
15670,578272.3730790184
15671,578272.3751439876
15672,578272.3738828808
15673,578272.3727175537
15674,578272.374291694
15675,578272.3760729023
15676,578272.3720070058
15677,578272.3743441122
15678,578272.3749686425
15679,578272.374305602
15680,578272.3752411044
15681,578272.3742346969
15682,578272.3744267449
15683,578272.371652409
15684,578272.3746701092
15685,578272.3711360691
15686,578272.3717878454
15687,578272.3739026019
15688,578272.3731786804
15689,578272.3750653943
15690,578272.3698037704
15691,578272.3742266151
15692,578272.3712830204
15693,578272.3718577522
15694,578272.3704615658
15695,578272.3715186481
15696,578272.3729857503
15697,578272.3732392776
15698,578272.3743278949
15699,578272.3725795486
15700,578272.3724754436
15701,578272.3723151064
15702,578272.372902576
15703,578272.3726811163
15704,578272.3733260614
15705,578272.3744047066
15706,578272.3716945699
15707,578272.3733895029
15708,578272.3726937701
15709,578272.3707170782
15710,578272.3744752951
15711,578272.375300928
15712,578272.3725662635
15713,578272.3734742197
15714,578272.3735373891
15715,578272.369791769
15716,578272.3718004886
15717,578272.3690376183
15718,578272.3723467966
15719,578272.3722959402
15720,578272.3690665916
15721,578272.374617371
15722,578272.37200874
15723,578272.3732604776
15724,578272.3712364918
15725,578272.3713320018
15726,578272.3743621021
15727,578272.3757603526
15728,578272.3712123667
15729,578272.3726724571
15730,578272.3715611754
15731,578272.3744961307
15732,578272.3733609703
15733,578272.3729290036
15734,578272.3719087547
15735,578272.3729863912
15736,578272.3697160261
15737,578272.3726775022
15738,578272.3715190424
15739,578272.3744843332
15740,578272.3759180474
15741,578272.3729579295
15742,578272.3729667565
15743,578272.3723209217
15744,578272.3708516519
15745,578272.3705231204
15746,578272.3720012493
15747,578272.3757937705
15748,578272.3752972713
15749,578272.3719152121
15750,578272.3720426101
15751,578272.3728645444
15752,578272.372777837
15753,578272.3718005222
15754,578272.3710321314
15755,578272.3752390966
15756,578272.3700724673
15757,578272.3723733778
15758,578272.3720876826
15759,578272.3715881722
15760,578272.3743917929
15761,578272.371779514
15762,578272.3734303314
15763,578272.3731842908
15764,578272.3713146164
15765,578272.3737972463
15766,578272.3758295686
15767,578272.3722713586
15768,578272.3751906741
15769,578272.3758714896
15770,578272.3732334059
15771,578272.3725933816
15772,578272.3728774851
15773,578272.3694534985
15774,578272.3753396593
15775,578272.3732028032
15776,578272.3719243096
15777,578272.3720779594
15778,578272.3734678472
15779,578272.3729937571
15780,578272.3718292938
15781,578272.3726403012
15782,578272.3715725113
15783,578272.3732404646
15784,578272.3730301133
15785,578272.3735640462
15786,578272.3713249746
15787,578272.370480095
15788,578272.3741962889
15789,578272.3734601396
15790,578272.376378906
15791,578272.3737788611
15792,578272.368726312
15793,578272.3737625363
15794,578272.3727925587
15795,578272.3716218487
15796,578272.3733142702
15797,578272.3750529647
15798,578272.3721187069
15799,578272.3707733905
15800,578272.3733236159
15801,578272.372868337
15802,578272.3725593123
15803,578272.3744744963
15804,578272.3736316179
15805,578272.372610155
15806,578272.3745899462
15807,578272.3729943958
15808,578272.3726468482
15809,578272.3747292182
15810,578272.3730325545
15811,578272.3721618057
15812,578272.3733877765
15813,578272.3729361715
15814,578272.3715560103
15815,578272.3716948857
15816,578272.3740369823
15817,578272.3731082013
15818,578272.3726725054
15819,578272.3756108974
15820,578272.3743064065
15821,578272.3722523204
15822,578272.3761397359
15823,578272.3723529299
15824,578272.3761381478
15825,578272.3729580567
15826,578272.3722987678
15827,578272.3736907494
15828,578272.3746388877
15829,578272.3694205557
15830,578272.371912754
15831,578272.3768720638
15832,578272.3705989517
15833,578272.3734137348
15834,578272.372844861
15835,578272.374881973
15836,578272.3752294333
15837,578272.3714527255
15838,578272.3727308839
15839,578272.3717908455
15840,578272.371652251
15841,578272.3722310484
15842,578272.3739992959
15843,578272.3771925126
15844,578272.3708016914
15845,578272.3735105551
15846,578272.3736018739
15847,578272.3736204429
15848,578272.3702789601
15849,578272.3699719101
15850,578272.3714143742
15851,578272.3736328551
15852,578272.3744106052
15853,578272.3721384265
15854,578272.3727035953
15855,578272.3743892361
15856,578272.3739284459
15857,578272.3739789391
15858,578272.3738021555
15859,578272.3747746754
15860,578272.3727474731
15861,578272.3723061262
15862,578272.3747961979
15863,578272.3729655123
15864,578272.3736317247
15865,578272.3747344954
15866,578272.3720536412
15867,578272.3705730127
15868,578272.3717511893
15869,578272.3711885173
15870,578272.3733488425
15871,578272.3738019709
15872,578272.370142514
15873,578272.3747624086
15874,578272.3735589138
15875,578272.3721708363
15876,578272.3755287435
15877,578272.3735177289
15878,578272.3744931864
15879,578272.373419628
15880,578272.37170242
15881,578272.3728894588
15882,578272.3742615955
15883,578272.3738801739
15884,578272.3725701418
15885,578272.3745056905
15886,578272.3737846041
15887,578272.3722077283
15888,578272.3726499117
15889,578272.3744623024
15890,578272.3722472454
15891,578272.3739352591
15892,578272.3754572802
15893,578272.3734055154
15894,578272.3708941219
15895,578272.3736180812
15896,578272.3709239669
15897,578272.3728887943
15898,578272.3751493633
15899,578272.3748764978
15900,578272.3723683275
15901,578272.374022318
15902,578272.3737477243
15903,578272.3733866247
15904,578272.3730741458
15905,578272.3738258795
15906,578272.3720153283
15907,578272.3731180924
15908,578272.3739578294
15909,578272.3742692858
15910,578272.3741951601
15911,578272.3745934502
15912,578272.3706333633
15913,578272.3731919341
15914,578272.3720272339
15915,578272.3724587498
15916,578272.3714459772
15917,578272.3698542918
15918,578272.3749360719
15919,578272.3718536624
15920,578272.3685177648
15921,578272.3748622736
15922,578272.3711609456
15923,578272.3711435404
15924,578272.3765875823
15925,578272.3739419236
15926,578272.3761331243
15927,578272.3780183413
15928,578272.3745173421
15929,578272.3728706895
15930,578272.3726095648
15931,578272.3735700264
15932,578272.3767542206
15933,578272.3713905035
15934,578272.3739255074
15935,578272.3729177751
15936,578272.3746562587
15937,578272.3718591166
15938,578272.3684396404
15939,578272.372632686
15940,578272.3722584099
15941,578272.3743358699
15942,578272.3726350338
15943,578272.3709584592
15944,578272.3723572986
15945,578272.3709924778
15946,578272.3744137039
15947,578272.3721818347
15948,578272.3719258962
15949,578272.3771576352
15950,578272.374570025
15951,578272.3708702889
15952,578272.3721299665
15953,578272.3774404994
15954,578272.3768065872
15955,578272.3741503782
15956,578272.3765830175
15957,578272.3707816821
15958,578272.3737144324
15959,578272.3724438032
15960,578272.3737500167
15961,578272.3712062165
15962,578272.3746972679
15963,578272.3739206712
15964,578272.3739231132
15965,578272.3725764353
15966,578272.3721981212
15967,578272.3748612247
15968,578272.3741544029
15969,578272.3737849545
15970,578272.3718942681
15971,578272.3732878059
15972,578272.3713865227
15973,578272.3731780198
15974,578272.3750702555
15975,578272.3756882552
15976,578272.3731912366
15977,578272.3772157059
15978,578272.3692370864
15979,578272.3727906394
15980,578272.3705743694
15981,578272.3746688815
15982,578272.3707847632
15983,578272.3737923392
15984,578272.3708174084
15985,578272.3756561367
15986,578272.3732937326
15987,578272.3737073599
15988,578272.3734859508
15989,578272.3727424111
15990,578272.3724757057
15991,578272.3708013542
15992,578272.3740632934
15993,578272.3717584314
15994,578272.3711218389
15995,578272.3727936705
15996,578272.3741992783
15997,578272.3741914005
15998,578272.3774836019
15999,578272.3730791977
16000,578272.371484936
16001,578272.3754540907
16002,578272.3733605142
16003,578272.3709672033
16004,578272.3727325315
16005,578272.3690189135
16006,578272.3739269895
16007,578272.3725907342
16008,578272.3711182417
16009,578272.3750901837
16010,578272.3730690847
16011,578272.3714301541
16012,578272.3729758994
16013,578272.3715294047
16014,578272.3732872102
16015,578272.3735356833
16016,578272.3719775993
16017,578272.3745559269
16018,578272.373250296
16019,578272.3740634235
16020,578272.3725660047
16021,578272.3733847007
16022,578272.3736256841
16023,578272.3721812135
16024,578272.3755586084
16025,578272.3771688455
16026,578272.3751234872
16027,578272.378926665
16028,578272.3741572659
16029,578272.3735041465
16030,578272.374249115
16031,578272.3752904374
16032,578272.3712482888
16033,578272.374928867
16034,578272.3738923686
16035,578272.3727150749
16036,578272.3739606921
16037,578272.3730087606
16038,578272.3714521674
16039,578272.3726944239
16040,578272.3715784183
16041,578272.3733271508
16042,578272.3726920771
16043,578272.3745541213
16044,578272.372714313
16045,578272.3721508182
16046,578272.3732723825
16047,578272.3730859989
16048,578272.3736997123
16049,578272.3694383337
16050,578272.3714381633
16051,578272.3726757843
16052,578272.3742057815
16053,578272.3727803878
16054,578272.3727662765
16055,578272.3722689938
16056,578272.3716328094
16057,578272.3746341411
16058,578272.3734895567
16059,578272.3744749046
16060,578272.3788792542
16061,578272.3723545093
16062,578272.3733273373
16063,578272.3728936743
16064,578272.3733722378
16065,578272.3736373353
16066,578272.3759670042
16067,578272.3732768585
16068,578272.3749167556
16069,578272.3707578941
16070,578272.3724210006
16071,578272.3744560636
16072,578272.37195994
16073,578272.3734241849
16074,578272.3733707751
16075,578272.3721543079
16076,578272.3716619019
16077,578272.3723048733
16078,578272.372298055
16079,578272.3738571039
16080,578272.3730322822
16081,578272.3730322819
16082,14956312.605325507
