iteracion,valor_coste
0,66062.02412093624
1,66062.02412093626
2,66062.02412093637
3,66062.02412093627
4,66062.02412093629
5,66062.02412093633
6,66062.02412093636
7,66062.0241209363
8,66062.02412093627
9,66062.02422430922
10,66062.02346270184
11,66062.02412246952
12,66062.0243506623
13,66062.02467611461
14,66062.0249234513
15,66062.02440256446
16,66062.02440644558
17,66062.02413259812
18,66062.02427343058
19,66062.02440054706
20,66062.02408901099
21,66062.02453240562
22,66062.0245287711
23,66062.02407490573
24,66062.0241568433
25,66062.0246080733
26,66062.0242988936
27,66062.02382459491
28,66062.02401204886
29,66062.02408954348
30,66062.02423683624
31,66062.02415107057
32,66062.02399150202
33,66062.0237020567
34,66062.02403963241
35,66062.02385519572
36,66062.02430539229
37,66062.02402207357
38,66062.02341621455
39,66062.02384710895
40,66062.02447447731
41,66062.02401254005
42,66062.02399430293
43,66062.02429297805
44,66062.02403632204
45,66062.0237766607
46,66062.02406167705
47,66062.02538270132
48,66062.02442243023
49,3449026.25
50,3449026.25
51,3449026.25
52,3449026.25
53,3449026.25
54,3449026.25
55,3449026.25
56,3449026.25
57,3449026.25
58,3449026.25
59,3449026.25
60,3449026.25
61,3449026.25
62,3449026.25
63,3449026.25
64,3449026.25
65,3449026.25
66,3449026.25
67,3449026.25
68,3449026.25
69,3449026.25
70,3449026.25
71,3449026.25
72,3449026.25
73,3449026.25
74,3449026.25
75,3449026.25
76,3449026.25
77,3449026.2499999995
78,3449026.25
79,3449026.25
80,3449026.25
81,3449026.25
82,3449026.25
83,3449026.25
84,3449026.25
85,3449026.25
86,3449026.25
87,3449026.25
88,3449026.25
89,3449026.25
90,3449026.25
91,3449026.25
92,3449026.25
93,3449026.25
94,3449026.25
95,3449026.25
96,3449026.25
97,3449026.25
98,1718407.9475179568
99,1718407.9475179564
100,1718407.9475179564
101,1718407.9475179568
102,1718407.9475179568
103,1718407.9475179564
104,1718407.9475179566
105,1718407.9475179568
106,1718407.9475179568
107,1718407.9476999748
108,1718407.955303878
109,1718407.9481753586
110,1718407.948767794
111,1718407.9497098892
112,1718407.949162311
113,1718407.945344567
114,1718407.948563271
115,1718407.9510974714
116,1718407.9507469141
117,1718407.954360318
118,1718407.9474396245
119,1718407.9426695614
120,1718407.9448431311
121,1718407.9385615147
122,1718407.9405850475
123,1718407.9431860931
124,1718407.9517451609
125,1718407.9483416223
126,1718407.9469213558
127,1718407.947385957
128,1718407.9479329146
129,1718407.943187993
130,1718407.946209245
131,1718407.9458837546
132,1718407.945259561
133,1718407.9467651837
134,1718407.9556420073
135,1718407.9486218689
136,1718407.9478003082
137,1718407.945058678
138,1718407.945010476
139,1718407.9433597454
140,1718407.9465648339
141,1718407.9491926152
142,1718407.9460106727
143,1718407.9489151705
144,1718407.9448154848
145,1718407.9469992113
146,1718407.946125529
147,57739.86761743073
148,57739.8676174307
149,57739.8676174307
150,57739.867617430675
151,57739.867617430726
152,57739.86761743068
153,57739.86761743068
154,57739.86761743071
155,57739.86761743078
156,57739.86796000597
157,57739.86733666555
158,57739.86761019107
159,57739.86785887241
160,57739.86790042683
161,57739.86842121295
162,57739.86763688309
163,57739.86746699094
164,57739.86762252481
165,57739.86774465283
166,57739.867796482176
167,57739.8675232757
168,57739.867419520044
169,57739.86787957077
170,57739.86761279672
171,57739.86765046604
172,57739.867928009124
173,57739.86825082404
174,57739.86758454185
175,57739.867617207005
176,57739.8675642962
177,57739.867709576174
178,57739.867567658046
179,57739.86756083973
180,57739.86755526867
181,57739.867518743406
182,57739.86735723992
183,57739.86834749172
184,57739.86761255354
185,57739.867585892585
186,57739.867386528684
187,57739.867970913474
188,57739.8675865361
189,57739.86753106346
190,57739.867706990415
191,57739.86754571378
192,57739.86762526644
193,57739.86760255737
194,57739.868686701535
195,57739.867547077585
196,47442.59933813648
197,47442.59933813643
198,47442.59933813641
199,47442.599338136395
200,47442.599338136395
201,47442.599338136395
202,47442.59933813641
203,47442.59933813639
204,47442.59933813645
205,47442.5995504475
206,47442.59987996926
207,47442.59931862308
208,47442.59940575742
209,47442.59916294318
210,47442.59993814054
211,47442.59917386127
212,47442.5990616122
213,47442.59925838077
214,47442.59939923362
215,47442.59918935698
216,47442.59912000768
217,47442.59926957264
218,47442.599536988935
219,47442.59946736691
220,47442.59886746776
221,47442.59856445573
222,47442.59994332343
223,47442.59960407292
224,47442.599347373114
225,47442.59925586215
226,47442.599399923405
227,47442.59900766283
228,47442.599534963156
229,47442.59966590254
230,47442.59921417478
231,47442.599169476816
232,47442.599580554495
233,47442.59944313096
234,47442.5993582818
235,47442.59900366182
236,47442.599654023354
237,47442.59940844599
238,47442.59940853583
239,47442.59914145895
240,47442.59977482497
241,47442.59966824216
242,47442.599490741835
243,47442.59826817813
244,47442.59923831142
245,41163.45199113588
246,41163.451991135946
247,41163.45199113587
248,41163.45199113592
249,41163.45199113593
250,41163.45199113587
251,41163.451991135924
252,41163.45199113588
253,41163.45199113585
254,41163.45225549286
255,41163.45237347581
256,41163.45197024492
257,41163.45208802045
258,41163.452078985574
259,41163.45231309016
260,41163.45189739019
261,41163.45178075556
262,41163.45189894542
263,41163.45203109496
264,41163.45198900677
265,41163.45191645156
266,41163.45201447766
267,41163.45208098721
268,41163.45204518197
269,41163.451831321785
270,41163.45179317213
271,41163.452406567936
272,41163.45215947405
273,41163.45193805207
274,41163.45191113674
275,41163.452067814265
276,41163.45185608652
277,41163.45205180291
278,41163.452241237326
279,41163.45191798518
280,41163.45182738849
281,41163.452166913856
282,41163.45199407645
283,41163.45202672296
284,41163.45167616586
285,41163.452278080214
286,41163.45203777355
287,41163.45197601395
288,41163.45201567016
289,41163.45212676579
290,41163.4522023179
291,41163.45203257413
292,41163.451948621914
293,41163.452107844525
294,34000.139375397805
295,34000.13937539788
296,34000.13937539788
297,34000.13937539786
298,34000.13937539787
299,34000.13937539788
300,34000.139375397885
301,34000.13937539785
302,34000.13937539785
303,34000.13943840401
304,34000.1396146587
305,34000.13935501108
306,34000.139367248936
307,34000.13941592253
308,34000.13938328281
309,34000.139334917934
310,34000.13921290401
311,34000.13918178628
312,34000.13937947783
313,34000.13939927806
314,34000.13947043748
315,34000.13953790586
316,34000.13927096952
317,34000.13938120212
318,34000.13928405626
319,34000.13927697477
320,34000.139580811214
321,34000.13945351184
322,34000.139286768506
323,34000.13928133373
324,34000.13946884612
325,34000.139351535516
326,34000.13938766393
327,34000.139523177975
328,34000.13937585644
329,34000.13928407899
330,34000.13933111216
331,34000.13933930878
332,34000.139353829065
333,34000.13912807623
334,34000.139620714566
335,34000.1394090798
336,34000.139297788555
337,34000.139568115526
338,34000.13947875024
339,34000.139415287376
340,34000.139322520154
341,34000.13935382351
342,34000.13966847882
343,27234.49701485692
344,27234.49701485692
345,27234.49701485694
346,27234.497014856915
347,27234.497014856926
348,27234.497014856956
349,27234.49701485695
350,27234.49701485693
351,27234.497014856915
352,27234.496609859038
353,27234.496764941578
354,27234.497018193175
355,27234.497057517714
356,27234.49669036639
357,27234.497340645637
358,27234.4968063724
359,27234.497009685558
360,27234.49687964062
361,27234.49703622913
362,27234.496961031804
363,27234.496982589095
364,27234.496898881687
365,27234.496939434986
366,27234.497057832472
367,27234.496958136966
368,27234.49713802941
369,27234.496937083448
370,27234.49704760392
371,27234.49716153025
372,27234.496960690773
373,27234.497066827673
374,27234.49686380791
375,27234.497144034034
376,27234.49658016374
377,27234.497033159987
378,27234.49687166029
379,27234.49720104355
380,27234.497215180923
381,27234.49658131871
382,27234.49720233721
383,27234.49704742332
384,27234.497027352503
385,27234.49698859302
386,27234.497039033686
387,27234.49722269745
388,27234.4970128334
389,27234.497024013952
390,27234.49694008168
391,27234.496843190835
392,23369.9677040304
393,23369.967704030387
394,23369.96770403039
395,23369.9677040304
396,23369.967704030387
397,23369.967704030372
398,23369.96770403041
399,23369.967704030372
400,23369.967704030394
401,23369.96755182147
402,23369.967715007013
403,23369.96770921001
404,23369.967702943206
405,23369.967487582468
406,23369.96776989597
407,23369.967367184447
408,23369.967764080222
409,23369.96764846753
410,23369.96772176245
411,23369.967629548202
412,23369.96774878944
413,23369.96755361563
414,23369.967690373396
415,23369.967736875973
416,23369.967681198967
417,23369.96772821868
418,23369.96774913151
419,23369.967902422723
420,23369.967876230792
421,23369.967679483758
422,23369.967750897642
423,23369.967632111395
424,23369.967785299912
425,23369.96757027928
426,23369.96771103663
427,23369.967607748404
428,23369.967751372955
429,23369.96775889219
430,23369.9675686472
431,23369.96760774085
432,23369.967539424666
433,23369.967731074565
434,23369.967656222707
435,23369.9677939542
436,23369.967875423597
437,23369.967721526293
438,23369.967684056464
439,23369.967617434653
440,23369.967536932316
441,21426.00983474892
442,21426.009834748926
443,21426.009834748926
444,21426.009834748907
445,21426.00983474892
446,21426.009834748926
447,21426.009834748937
448,21426.00983474893
449,21426.009834748904
450,21426.009820134183
451,21426.009899320678
452,21426.009839970116
453,21426.009855402863
454,21426.009992287967
455,21426.009740182595
456,21426.01022299603
457,21426.009870851714
458,21426.009773365186
459,21426.009854994623
460,21426.00972945781
461,21426.009908964275
462,21426.01044668698
463,21426.010029155535
464,21426.009838875107
465,21426.009922863403
466,21426.009871608225
467,21426.00949639715
468,21426.009528144525
469,21426.009629955865
470,21426.00982294574
471,21426.00987341138
472,21426.009794326405
473,21426.009900222987
474,21426.009692276508
475,21426.009822767977
476,21426.00975459585
477,21426.00939808803
478,21426.009791009365
479,21426.009485017992
480,21426.009786444407
481,21426.01020416974
482,21426.009805294376
483,21426.00980839437
484,21426.009882798833
485,21426.009936523755
486,21426.00969096148
487,21426.009783006317
488,21426.00989622114
489,21426.010488314387
490,19013.778045402567
491,19013.77804540255
492,19013.77804540254
493,19013.77804540259
494,19013.778045402552
495,19013.778045402556
496,19013.778045402567
497,19013.778045402567
498,19013.778045402567
499,19013.778011138107
500,19013.777972839936
501,19013.77806256201
502,19013.778032963048
503,19013.77802123594
504,19013.77790748201
505,19013.777918553587
506,19013.778241449178
507,19013.778099890034
508,19013.77806351746
509,19013.777949199146
510,19013.77813321835
511,19013.778200082204
512,19013.778154506854
513,19013.778065094
514,19013.77809888155
515,19013.778099359424
516,19013.777927053456
517,19013.778041084795
518,19013.77812227114
519,19013.778054021263
520,19013.77808179774
521,19013.778058389107
522,19013.778062548983
523,19013.777813957357
524,19013.778028942746
525,19013.77800264241
526,19013.777907196814
527,19013.77802657111
528,19013.777890769994
529,19013.77798176276
530,19013.777931185057
531,19013.77803160625
532,19013.77802160932
533,19013.778109441548
534,19013.77814215027
535,19013.777991502422
536,19013.77800158582
537,19013.778025899643
538,19013.77818395143
539,18046.911887455826
540,18046.911887455848
541,18046.911887455837
542,18046.91188745582
543,18046.911887455826
544,18046.911887455833
545,18046.91188745584
546,18046.91188745582
547,18046.911887455848
548,18046.911876646875
549,18046.91181994853
550,18046.91190705038
551,18046.911875534493
552,18046.91187474822
553,18046.911779104146
554,18046.911773687054
555,18046.912036089503
556,18046.91196125514
557,18046.911904910157
558,18046.911814067516
559,18046.911963336977
560,18046.911973345803
561,18046.912000391072
562,18046.911907874055
563,18046.91192860413
564,18046.91192939525
565,18046.9118290592
566,18046.91188187788
567,18046.911946889362
568,18046.91189754207
569,18046.91192526149
570,18046.91191825442
571,18046.91188142707
572,18046.911778185877
573,18046.911862824312
574,18046.911860833832
575,18046.911799239548
576,18046.911853383343
577,18046.911783615888
578,18046.91182613941
579,18046.911799910697
580,18046.911874166413
581,18046.911873388824
582,18046.911947712702
583,18046.911949306636
584,18046.91183914295
585,18046.911843750204
586,18046.911894573775
587,18046.91197533695
588,16695.816377365332
589,16695.81637736531
590,16695.816377365325
591,16695.816377365336
592,16695.816377365314
593,16695.8163773653
594,16695.816377365318
595,16695.816377365332
596,16695.816377365325
597,16695.816390454387
598,16695.816394235877
599,16695.816399276628
600,16695.816409586863
601,16695.816461587427
602,16695.816366279596
603,16695.81640427479
604,16695.816436610534
605,16695.81645683792
606,16695.816379778782
607,16695.816331001683
608,16695.816364092763
609,16695.81645197504
610,16695.816496986256
611,16695.816416499543
612,16695.816407589766
613,16695.816443434527
614,16695.81632120966
615,16695.81631265111
616,16695.81635741127
617,16695.816384767088
618,16695.8164093715
619,16695.816399498177
620,16695.816358787477
621,16695.81641241292
622,16695.81634153835
623,16695.816353716258
624,16695.81633144933
625,16695.81633917026
626,16695.816290318056
627,16695.816417533035
628,16695.816437435125
629,16695.81635551906
630,16695.816411208172
631,16695.816364140195
632,16695.816368763855
633,16695.816322371727
634,16695.81638729389
635,16695.816498764536
636,16695.816483258954
637,16013.185804472982
638,16013.18580447299
639,16013.185804473018
640,16013.185804473014
641,16013.185804472998
642,16013.185804473003
643,16013.18580447301
644,16013.185804472996
645,16013.185804472998
646,16013.185826250905
647,16013.185812281541
648,16013.185823837608
649,16013.185824603663
650,16013.1858718611
651,16013.18580427414
652,16013.185837156412
653,16013.185835459984
654,16013.185855963748
655,16013.185806984264
656,16013.185787524622
657,16013.185795057449
658,16013.185830351169
659,16013.185881605687
660,16013.185835179185
661,16013.185810195704
662,16013.185861631282
663,16013.185822695752
664,16013.185743951253
665,16013.185773232388
666,16013.185805231758
667,16013.185838781093
668,16013.185836834815
669,16013.185769520625
670,16013.18591315741
671,16013.185779657177
672,16013.185797503338
673,16013.185794337665
674,16013.185768456613
675,16013.185772708399
676,16013.185788897992
677,16013.185878335187
678,16013.185781854598
679,16013.185827176325
680,16013.18581141366
681,16013.185770600649
682,16013.18577144515
683,16013.185806127198
684,16013.185939034396
685,16013.18587627806
686,15201.424191231497
687,15201.42419123149
688,15201.424191231492
689,15201.424191231505
690,15201.424191231501
691,15201.424191231483
692,15201.424191231488
693,15201.42419123149
694,15201.424191231506
695,15201.42421252895
696,15201.42421289768
697,15201.42420681887
698,15201.424201647755
699,15201.424266365382
700,15201.424239350697
701,15201.424092231498
702,15201.42419491417
703,15201.424150782375
704,15201.42417113944
705,15201.424218174323
706,15201.424150189936
707,15201.424043665394
708,15201.424020984268
709,15201.424230787827
710,15201.424147173031
711,15201.424242461422
712,15201.424221531399
713,15201.42424833568
714,15201.424247507523
715,15201.424164996622
716,15201.424227462918
717,15201.424215476318
718,15201.424145203251
719,15201.424204351903
720,15201.424200967685
721,15201.42420161353
722,15201.424257021225
723,15201.424167200743
724,15201.424164052369
725,15201.42428390173
726,15201.42415969208
727,15201.424176864002
728,15201.42421835096
729,15201.424192443385
730,15201.424145439189
731,15201.424184303894
732,15201.424221740299
733,15201.424315029071
734,15201.424066400068
735,14694.149828468879
736,14694.149828468922
737,14694.149828468922
738,14694.149828468913
739,14694.149828468902
740,14694.149828468906
741,14694.149828468911
742,14694.149828468895
743,14694.149828468904
744,14694.14983817004
745,14694.149828688824
746,14694.149842226281
747,14694.149828973077
748,14694.149832501533
749,14694.149839827829
750,14694.149758231659
751,14694.149834953061
752,14694.149801711312
753,14694.14981836882
754,14694.149831376633
755,14694.149815163622
756,14694.149728765737
757,14694.149721234333
758,14694.149860738411
759,14694.14980024728
760,14694.149867198252
761,14694.149887539423
762,14694.149853195468
763,14694.149853755787
764,14694.14980751146
765,14694.149862641416
766,14694.149844933763
767,14694.149801410871
768,14694.149874263214
769,14694.149834295129
770,14694.149831182016
771,14694.14987332801
772,14694.1498054491
773,14694.149812389564
774,14694.149841503968
775,14694.14982806424
776,14694.14981308221
777,14694.149839920909
778,14694.149846036296
779,14694.149812397716
780,14694.149831988929
781,14694.149844021844
782,14694.149900497883
783,14694.14975900182
784,13756.420158388246
785,13756.420158388244
786,13756.420158388253
787,13756.42015838824
788,13756.420158388242
789,13756.420158388273
790,13756.420158388239
791,13756.420158388253
792,13756.420158388253
793,13756.420154343574
794,13756.420160995825
795,13756.4201707636
796,13756.420142792897
797,13756.420116502699
798,13756.420109842424
799,13756.420112750835
800,13756.420164478313
801,13756.420145094415
802,13756.420150479402
803,13756.420130545368
804,13756.420174861967
805,13756.420086939508
806,13756.420130832777
807,13756.420188655686
808,13756.420147354303
809,13756.420172824062
810,13756.420229916812
811,13756.420164887382
812,13756.420159200323
813,13756.420146560631
814,13756.420190408626
815,13756.42018769955
816,13756.420133580057
817,13756.42021274507
818,13756.420162366914
819,13756.420171299622
820,13756.420207076277
821,13756.42016764971
822,13756.420181412703
823,13756.420167204216
824,13756.420176006819
825,13756.420140453001
826,13756.420157148048
827,13756.4201914013
828,13756.420149302268
829,13756.420155444754
830,13756.420164560797
831,13756.420150685517
832,13756.420135886701
833,13267.6900854756
834,13267.690085475606
835,13267.690085475599
836,13267.69008547562
837,13267.690085475613
838,13267.690085475597
839,13267.690085475602
840,13267.6900854756
841,13267.690085475615
842,13267.690109451807
843,13267.69030272018
844,13267.690093744244
845,13267.690066831838
846,13267.69017242528
847,13267.690093919296
848,13267.689950928687
849,13267.690090447912
850,13267.690056670368
851,13267.690071539744
852,13267.690016421724
853,13267.690107515293
854,13267.690078064603
855,13267.690117701419
856,13267.690124431236
857,13267.690079650176
858,13267.689818871451
859,13267.690048801893
860,13267.69018453369
861,13267.690106495287
862,13267.690081392819
863,13267.690112835675
864,13267.690110512413
865,13267.69007652341
866,13267.690114715027
867,13267.690094857973
868,13267.690103091625
869,13267.69006477889
870,13267.690263196035
871,13267.690277080022
872,13267.69015006099
873,13267.690023294579
874,13267.690095861175
875,13267.690079167622
876,13267.69011952254
877,13267.690096199474
878,13267.690049914561
879,13267.690107472794
880,13267.689962870429
881,13267.689999405527
882,12529.951302330624
883,12529.951302330632
884,12529.95130233062
885,12529.951302330628
886,12529.951302330628
887,12529.95130233064
888,12529.951302330635
889,12529.951302330626
890,12529.951302330632
891,12529.951294708824
892,12529.95125394515
893,12529.951310707704
894,12529.95129290448
895,12529.95122441127
896,12529.951300714885
897,12529.951269240655
898,12529.951317994848
899,12529.951299709925
900,12529.951308851361
901,12529.951258568653
902,12529.951319091115
903,12529.951295257008
904,12529.951333391937
905,12529.951323266296
906,12529.951287446043
907,12529.951304059503
908,12529.95139443953
909,12529.951276297244
910,12529.951281244901
911,12529.951297504449
912,12529.951328633342
913,12529.951297235662
914,12529.951314494874
915,12529.95134553532
916,12529.951303727026
917,12529.951300389585
918,12529.951289941471
919,12529.95132072784
920,12529.95133630313
921,12529.951218553237
922,12529.951327502555
923,12529.951288036684
924,12529.951287250085
925,12529.951329335388
926,12529.951308814198
927,12529.951296985091
928,12529.951310174056
929,12529.951264215357
930,12529.95127032877
931,12234.205996417077
932,12234.205996417068
933,12234.20599641707
934,12234.205996417086
935,12234.205996417097
936,12234.205996417077
937,12234.205996417091
938,12234.205996417077
939,12234.20599641708
940,12234.205986241896
941,12234.205937890136
942,12234.206005399998
943,12234.20600516845
944,12234.205975927645
945,12234.206022411421
946,12234.206003910287
947,12234.206014137828
948,12234.205995472115
949,12234.20600460442
950,12234.205959013023
951,12234.205995942568
952,12234.206010412712
953,12234.206039537132
954,12234.206014037212
955,12234.205985068698
956,12234.205997575738
957,12234.206028069148
958,12234.205940897515
959,12234.205972981801
960,12234.20599343536
961,12234.206021309747
962,12234.205985507037
963,12234.20600917577
964,12234.205985598144
965,12234.205995988203
966,12234.205990459102
967,12234.205978488599
968,12234.206031888798
969,12234.206008142033
970,12234.20599464243
971,12234.20604505071
972,12234.20597644219
973,12234.205987770145
974,12234.206007092513
975,12234.205980832485
976,12234.205972446429
977,12234.206009498186
978,12234.20600902768
979,12234.205976613115
980,11864.416845556903
981,11864.416845556865
982,11864.416845556905
983,11864.416845556905
984,11864.416845556905
985,11864.416845556887
986,11864.416845556885
987,11864.41684555691
988,11864.416845556909
989,11864.416878265252
990,11864.416804279437
991,11864.416854193529
992,11864.416872427482
993,11864.416907007508
994,11864.416911344377
995,11864.416771382781
996,11864.416868978042
997,11864.416846068996
998,11864.41685884886
999,11864.416851896243
1000,11864.416806825222
1001,11864.416696929935
1002,11864.41687508774
1003,11864.416857269622
1004,11864.416792832584
1005,11864.416774962754
1006,11864.416874750295
1007,11864.416859817224
1008,11864.41692246981
1009,11864.416851937576
1010,11864.416868947614
1011,11864.416818436399
1012,11864.416856066086
1013,11864.416829075431
1014,11864.416845324313
1015,11864.416841394806
1016,11864.416834191788
1017,11864.416900351696
1018,11864.416948784892
1019,11864.41685758425
1020,11864.41676578651
1021,11864.416843311363
1022,11864.416845000706
1023,11864.41683677779
1024,11864.41680694541
1025,11864.416833342575
1026,11864.416872332997
1027,11864.416863370721
1028,11864.416665983277
1029,11723.617306530952
1030,11723.617306530943
1031,11723.617306530927
1032,11723.617306530945
1033,11723.617306530936
1034,11723.617306530963
1035,11723.617306530952
1036,11723.617306530945
1037,11723.617306530947
1038,11723.617310096579
1039,11723.617384423982
1040,11723.617312468023
1041,11723.617352496782
1042,11723.617471480937
1043,11723.61735452973
1044,11723.617538934519
1045,11723.617289490932
1046,11723.61727696151
1047,11723.617314143763
1048,11723.617284448652
1049,11723.617278790785
1050,11723.617505909495
1051,11723.617388013354
1052,11723.617313019953
1053,11723.617317935337
1054,11723.617299237114
1055,11723.61709694289
1056,11723.617180534891
1057,11723.617197712972
1058,11723.617298957563
1059,11723.617326107655
1060,11723.61728301868
1061,11723.617323034583
1062,11723.617189846467
1063,11723.617310212136
1064,11723.617289583495
1065,11723.617195675479
1066,11723.61735880437
1067,11723.617260057628
1068,11723.617460973788
1069,11723.617516406783
1070,11723.617270059907
1071,11723.61730470544
1072,11723.617294051099
1073,11723.617249082508
1074,11723.617199158505
1075,11723.617325148683
1076,11723.617428430356
1077,11723.617486012201
1078,11418.475149884827
1079,11418.475149884816
1080,11418.4751498848
1081,11418.475149884805
1082,11418.475149884804
1083,11418.47514988482
1084,11418.475149884816
1085,11418.475149884802
1086,11418.475149884815
1087,11418.475172684331
1088,11418.475172176924
1089,11418.475155656455
1090,11418.47517266504
1091,11418.475228460917
1092,11418.475185985304
1093,11418.475230665677
1094,11418.475151853245
1095,11418.475129512855
1096,11418.475160949945
1097,11418.475141856954
1098,11418.475132806227
1099,11418.475211607416
1100,11418.475188447333
1101,11418.47515852147
1102,11418.47513034556
1103,11418.475164304915
1104,11418.475071747453
1105,11418.475108740146
1106,11418.4751148443
1107,11418.475145394488
1108,11418.475171784008
1109,11418.475125042081
1110,11418.475166632565
1111,11418.475093229952
1112,11418.475154619724
1113,11418.475138099491
1114,11418.475068784841
1115,11418.475160495116
1116,11418.475141567793
1117,11418.475182018165
1118,11418.47523059108
1119,11418.475129711896
1120,11418.475140757426
1121,11418.475151065199
1122,11418.475117984033
1123,11418.475101452568
1124,11418.4751646554
1125,11418.475199213339
1126,11418.475195364726
1127,11264.252033013721
1128,11264.252033013705
1129,11264.252033013729
1130,11264.252033013707
1131,11264.25203301372
1132,11264.252033013734
1133,11264.252033013712
1134,11264.252033013714
1135,11264.252033013718
1136,11264.252077738589
1137,11264.252041208503
1138,11264.252038301096
1139,11264.252037899383
1140,11264.2520711033
1141,11264.252039317042
1142,11264.252023097415
1143,11264.252046056386
1144,11264.252015533462
1145,11264.25204640338
1146,11264.252038592742
1147,11264.252026937218
1148,11264.251991722065
1149,11264.25204285233
1150,11264.252041092966
1151,11264.251991188603
1152,11264.252053698208
1153,11264.252031283962
1154,11264.25205406134
1155,11264.252053457156
1156,11264.252031313667
1157,11264.25205715756
1158,11264.252013102976
1159,11264.252045105739
1160,11264.252016987824
1161,11264.252039570052
1162,11264.252030044103
1163,11264.251968485005
1164,11264.252016145758
1165,11264.252067375208
1166,11264.251989837681
1167,11264.252021616945
1168,11264.252024539759
1169,11264.252016387956
1170,11264.25204469154
1171,11264.252012414097
1172,11264.252022085395
1173,11264.252041656639
1174,11264.25202954371
1175,11264.252002102043
1176,11146.923933240214
1177,11146.923933240212
1178,11146.923933240227
1179,11146.92393324021
1180,11146.923933240205
1181,11146.923933240212
1182,11146.923933240214
1183,11146.923933240208
1184,11146.9239332402
1185,11146.923981610596
1186,11146.923941326226
1187,11146.923937866093
1188,11146.923927465055
1189,11146.923948590273
1190,11146.9239024736
1191,11146.923912510178
1192,11146.923947429488
1193,11146.923914984727
1194,11146.923946831816
1195,11146.92393570788
1196,11146.923941114763
1197,11146.923884922036
1198,11146.923935334757
1199,11146.923940469307
1200,11146.923891583934
1201,11146.92396908129
1202,11146.923953182968
1203,11146.92396600594
1204,11146.923956786275
1205,11146.923931125417
1206,11146.923958630661
1207,11146.92391938311
1208,11146.923943879701
1209,11146.92392771249
1210,11146.923941086668
1211,11146.92393415197
1212,11146.92387021961
1213,11146.923902453584
1214,11146.92397195318
1215,11146.923861501806
1216,11146.923911529688
1217,11146.923925808078
1218,11146.923910627218
1219,11146.923951711804
1220,11146.923920359513
1221,11146.923932708134
1222,11146.923935153673
1223,11146.923905315081
1224,11146.92392057518
1225,10814.728977633313
1226,10814.728977633324
1227,10814.728977633324
1228,10814.728977633316
1229,10814.728977633327
1230,10814.728977633324
1231,10814.728977633327
1232,10814.728977633315
1233,10814.728977633313
1234,10814.72900988217
1235,10814.728959691198
1236,10814.728980673495
1237,10814.728975596012
1238,10814.728972460058
1239,10814.728938692484
1240,10814.728956669867
1241,10814.728982731296
1242,10814.728951681169
1243,10814.72899115909
1244,10814.728972115792
1245,10814.728981829168
1246,10814.728915095719
1247,10814.728973163925
1248,10814.728981149225
1249,10814.728941747842
1250,10814.729007170923
1251,10814.728987675786
1252,10814.729003158762
1253,10814.729005956304
1254,10814.728973895175
1255,10814.72900063973
1256,10814.728955311848
1257,10814.728996514546
1258,10814.728948889173
1259,10814.728986050162
1260,10814.728968456264
1261,10814.728929801051
1262,10814.728959563656
1263,10814.72899572018
1264,10814.728939602559
1265,10814.72895865647
1266,10814.728973981533
1267,10814.72895873371
1268,10814.728987826848
1269,10814.72898491797
1270,10814.728987264369
1271,10814.728983524128
1272,10814.728931458245
1273,10814.728959653497
1274,10330.884704344695
1275,10330.884704344706
1276,10330.88470434468
1277,10330.884704344671
1278,10330.884704344702
1279,10330.884704344695
1280,10330.88470434469
1281,10330.884704344699
1282,10330.884704344695
1283,10330.884694065444
1284,10330.884757503005
1285,10330.884703939075
1286,10330.884712437299
1287,10330.884738694587
1288,10330.884623912394
1289,10330.884722118284
1290,10330.88468777926
1291,10330.884660399624
1292,10330.884713980384
1293,10330.884687971711
1294,10330.884727870365
1295,10330.8847171881
1296,10330.884725643575
1297,10330.884700674127
1298,10330.884731402748
1299,10330.88472624103
1300,10330.884673991372
1301,10330.884746150206
1302,10330.884694122135
1303,10330.884698991666
1304,10330.884727067943
1305,10330.88471943988
1306,10330.884703761156
1307,10330.884649462008
1308,10330.884713143776
1309,10330.884721951612
1310,10330.884685835725
1311,10330.884745853726
1312,10330.884788316911
1313,10330.884697669106
1314,10330.884712930809
1315,10330.884713809102
1316,10330.884672700975
1317,10330.88471896925
1318,10330.88465386109
1319,10330.884711549581
1320,10330.884694923445
1321,10330.88478395863
1322,10330.884797269922
1323,9824.312325095041
1324,9824.312325095032
1325,9824.31232509503
1326,9824.312325095036
1327,9824.312325095038
1328,9824.312325095036
1329,9824.312325095048
1330,9824.312325095028
1331,9824.312325095041
1332,9824.312289989799
1333,9824.312294918534
1334,9824.31232535289
1335,9824.312320658883
1336,9824.312312353863
1337,9824.312302908897
1338,9824.312305030366
1339,9824.312319059274
1340,9824.312312148108
1341,9824.312336438026
1342,9824.312321431726
1343,9824.312335641176
1344,9824.31233130488
1345,9824.312302599043
1346,9824.31232334901
1347,9824.312323021622
1348,9824.312367124807
1349,9824.312290556845
1350,9824.31234502155
1351,9824.312319344182
1352,9824.31232122191
1353,9824.312343859845
1354,9824.312323851493
1355,9824.312328573506
1356,9824.312249602708
1357,9824.312326227555
1358,9824.312327459882
1359,9824.312330269559
1360,9824.31234852167
1361,9824.31230244659
1362,9824.312387570622
1363,9824.31234616679
1364,9824.31232209138
1365,9824.312309314406
1366,9824.312332982485
1367,9824.312317597589
1368,9824.31235165787
1369,9824.312323188264
1370,9824.312348830827
1371,9824.31235537952
1372,9511.340115543373
1373,9511.340115543368
1374,9511.340115543377
1375,9511.340115543373
1376,9511.340115543377
1377,9511.340115543373
1378,9511.340115543368
1379,9511.340115543358
1380,9511.340115543362
1381,9511.340101144586
1382,9511.340115272094
1383,9511.34011690642
1384,9511.340123206424
1385,9511.340078881592
1386,9511.34012194621
1387,9511.340068368088
1388,9511.340116232439
1389,9511.34012656002
1390,9511.340130437313
1391,9511.340118707541
1392,9511.340097292543
1393,9511.34001803366
1394,9511.3401174373
1395,9511.340109431578
1396,9511.340096806769
1397,9511.34014552783
1398,9511.340133292628
1399,9511.340142411143
1400,9511.340145396174
1401,9511.340121846806
1402,9511.34012671912
1403,9511.34010438995
1404,9511.34011744751
1405,9511.340116255844
1406,9511.340106709375
1407,9511.340107853572
1408,9511.34013514555
1409,9511.340126656685
1410,9511.340129556376
1411,9511.340114611961
1412,9511.340070604603
1413,9511.340119810753
1414,9511.340119981982
1415,9511.340105461117
1416,9511.340122867912
1417,9511.34015716795
1418,9511.34012849605
1419,9511.340105126032
1420,9511.340045860099
1421,9359.14569054799
1422,9359.145690548008
1423,9359.145690547999
1424,9359.145690547999
1425,9359.14569054799
1426,9359.145690547988
1427,9359.145690547994
1428,9359.145690547999
1429,9359.14569054799
1430,9359.145674019735
1431,9359.145710584598
1432,9359.145692224893
1433,9359.145700418932
1434,9359.145667677212
1435,9359.145698849541
1436,9359.145685317802
1437,9359.145680630632
1438,9359.145710962315
1439,9359.145704623339
1440,9359.145698294471
1441,9359.145668214376
1442,9359.145636678944
1443,9359.145698966235
1444,9359.145683290366
1445,9359.14567784444
1446,9359.145727423256
1447,9359.145690903173
1448,9359.145695078401
1449,9359.145692603926
1450,9359.145698206736
1451,9359.145700953915
1452,9359.145682950404
1453,9359.1456865908
1454,9359.145696359134
1455,9359.145677426413
1456,9359.145685463733
1457,9359.14570491065
1458,9359.145695398614
1459,9359.145690901101
1460,9359.145693722732
1461,9359.14568222409
1462,9359.14569064634
1463,9359.14570064186
1464,9359.14567632417
1465,9359.145691945036
1466,9359.145715471064
1467,9359.145702696904
1468,9359.14569831533
1469,9359.145663398363
1470,9221.042833202831
1471,9221.042833202835
1472,9221.042833202831
1473,9221.04283320284
1474,9221.042833202833
1475,9221.042833202824
1476,9221.042833202828
1477,9221.042833202831
1478,9221.04283320282
1479,9221.04281514224
1480,9221.042874326307
1481,9221.042835124059
1482,9221.042836617966
1483,9221.042827969173
1484,9221.042845361831
1485,9221.042846004962
1486,9221.042821802532
1487,9221.04285643113
1488,9221.04284285515
1489,9221.04283663952
1490,9221.042821533327
1491,9221.042832827388
1492,9221.042843119068
1493,9221.042829037091
1494,9221.042825063807
1495,9221.042855564623
1496,9221.042810652632
1497,9221.042834219983
1498,9221.04281384231
1499,9221.042840957138
1500,9221.042845920403
1501,9221.042832005809
1502,9221.042826615654
1503,9221.042839740223
1504,9221.042818933423
1505,9221.042833088248
1506,9221.042830773022
1507,9221.042843989953
1508,9221.042828325302
1509,9221.042835360648
1510,9221.042846207665
1511,9221.04283303433
1512,9221.042843032657
1513,9221.042822852296
1514,9221.042837438396
1515,9221.04284030268
1516,9221.042838875215
1517,9221.042838804811
1518,9221.042839046295
1519,9106.416543873373
1520,9106.41654387338
1521,9106.416543873387
1522,9106.41654387338
1523,9106.416543873394
1524,9106.416543873385
1525,9106.416543873383
1526,9106.41654387338
1527,9106.416543873374
1528,9106.416518803411
1529,9106.416543119696
1530,9106.416545926428
1531,9106.416543694872
1532,9106.416552709496
1533,9106.416563947128
1534,9106.416576271831
1535,9106.416529293634
1536,9106.416563414261
1537,9106.416552968054
1538,9106.416552719034
1539,9106.416533786236
1540,9106.416575266345
1541,9106.416544373362
1542,9106.41653635259
1543,9106.41654593551
1544,9106.416568381708
1545,9106.4165168063
1546,9106.41652453786
1547,9106.41651197646
1548,9106.416550835964
1549,9106.416557865425
1550,9106.416542438794
1551,9106.416536987446
1552,9106.416533864784
1553,9106.416529582879
1554,9106.416546078568
1555,9106.416539954429
1556,9106.41654497497
1557,9106.416520560195
1558,9106.416555317686
1559,9106.41657378409
1560,9106.416542541709
1561,9106.416553051069
1562,9106.416531979463
1563,9106.41655308324
1564,9106.416532398362
1565,9106.416546995271
1566,9106.416572465465
1567,9106.41656663514
1568,9065.62617647246
1569,9065.626176472473
1570,9065.626176472466
1571,9065.62617647247
1572,9065.626176472475
1573,9065.62617647247
1574,9065.62617647246
1575,9065.626176472468
1576,9065.626176472464
1577,9065.626162895609
1578,9065.626200757502
1579,9065.626178663417
1580,9065.626147691517
1581,9065.626196163104
1582,9065.626180063367
1583,9065.626147414698
1584,9065.626185842608
1585,9065.626183714523
1586,9065.626174282721
1587,9065.626162038476
1588,9065.626200530272
1589,9065.626193826896
1590,9065.626161480284
1591,9065.626180981504
1592,9065.626156056012
1593,9065.626127641142
1594,9065.626181428946
1595,9065.626207192217
1596,9065.626166550357
1597,9065.626182010274
1598,9065.626196862362
1599,9065.626186844025
1600,9065.62617465057
1601,9065.62619564727
1602,9065.626168875704
1603,9065.62619532134
1604,9065.626154357838
1605,9065.626200705348
1606,9065.626203363841
1607,9065.626146022989
1608,9065.626149885433
1609,9065.626183874285
1610,9065.62617651476
1611,9065.626185361278
1612,9065.626210387887
1613,9065.62616800971
1614,9065.626168154977
1615,9065.626115364705
1616,9065.626166005868
1617,8983.590579922202
1618,8983.590579922184
1619,8983.590579922198
1620,8983.590579922195
1621,8983.590579922198
1622,8983.590579922202
1623,8983.59057992221
1624,8983.590579922204
1625,8983.590579922206
1626,8983.590558437334
1627,8983.590584563182
1628,8983.590581768218
1629,8983.590570738685
1630,8983.590599400912
1631,8983.59057944048
1632,8983.590591932485
1633,8983.59057580123
1634,8983.59058336276
1635,8983.590583980218
1636,8983.590572729147
1637,8983.590587511713
1638,8983.590606764754
1639,8983.590572507135
1640,8983.590575314363
1641,8983.590579936872
1642,8983.590565685849
1643,8983.590564522474
1644,8983.590580054884
1645,8983.590558815089
1646,8983.590584699403
1647,8983.590595259471
1648,8983.590584425587
1649,8983.590577736282
1650,8983.590574600785
1651,8983.590571794846
1652,8983.590588281655
1653,8983.590568277912
1654,8983.590595473514
1655,8983.590585118858
1656,8983.590577688514
1657,8983.59058494855
1658,8983.59058310857
1659,8983.590581000271
1660,8983.59057798358
1661,8983.59059922457
1662,8983.59056670198
1663,8983.59057835055
1664,8983.590574024685
1665,8983.59059825942
1666,8942.26909707243
1667,8942.269097072429
1668,8942.269097072422
1669,8942.26909707243
1670,8942.269097072422
1671,8942.269097072432
1672,8942.26909707244
1673,8942.269097072434
1674,8942.269097072425
1675,8942.269080254902
1676,8942.269077438676
1677,8942.269098898854
1678,8942.269090521606
1679,8942.26910969851
1680,8942.26909732458
1681,8942.269095281084
1682,8942.269095898684
1683,8942.26909747847
1684,8942.26910465539
1685,8942.269099147255
1686,8942.269098263383
1687,8942.269079096179
1688,8942.269081492756
1689,8942.26908802279
1690,8942.269097123548
1691,8942.269098404358
1692,8942.269111027384
1693,8942.269100009165
1694,8942.269093345587
1695,8942.269102045975
1696,8942.26911073258
1697,8942.269100323456
1698,8942.269093761373
1699,8942.269097705383
1700,8942.269089662064
1701,8942.26910607684
1702,8942.269102211387
1703,8942.269097233491
1704,8942.26910993517
1705,8942.26908754238
1706,8942.269075650654
1707,8942.269102099644
1708,8942.269097034641
1709,8942.269092862522
1710,8942.269110399275
1711,8942.26909285058
1712,8942.269097932709
1713,8942.269106875636
1714,8942.269086712542
1715,8904.176740394058
1716,8904.176740394063
1717,8904.176740394063
1718,8904.176740394063
1719,8904.176740394058
1720,8904.176740394068
1721,8904.176740394054
1722,8904.176740394058
1723,8904.176740394054
1724,8904.176724830533
1725,8904.17670630962
1726,8904.17674260218
1727,8904.176749324371
1728,8904.176752415677
1729,8904.17671018869
1730,8904.176800039491
1731,8904.176726704603
1732,8904.176738014678
1733,8904.176751614026
1734,8904.176734386732
1735,8904.176733242695
1736,8904.176748152953
1737,8904.1767423842
1738,8904.176726111895
1739,8904.176754530912
1740,8904.176761077866
1741,8904.17673486879
1742,8904.176696154484
1743,8904.17671864128
1744,8904.176744224147
1745,8904.17674907286
1746,8904.17673751698
1747,8904.176742730213
1748,8904.176720794161
1749,8904.176733893564
1750,8904.17673754316
1751,8904.176744798066
1752,8904.176732654236
1753,8904.176726955659
1754,8904.176756495031
1755,8904.17677173533
1756,8904.176735826952
1757,8904.176739827108
1758,8904.176730097393
1759,8904.17674696986
1760,8904.176724025945
1761,8904.176747400244
1762,8904.176767714498
1763,8904.176786991715
1764,8847.175932130976
1765,8847.175932130973
1766,8847.17593213098
1767,8847.175932130986
1768,8847.175932130967
1769,8847.17593213098
1770,8847.175932130976
1771,8847.175932130984
1772,8847.175932130984
1773,8847.175923875217
1774,8847.17589602624
1775,8847.175934533352
1776,8847.175935407993
1777,8847.175941374642
1778,8847.175913095176
1779,8847.175947320095
1780,8847.175932284406
1781,8847.175928587221
1782,8847.175943242115
1783,8847.17593048967
1784,8847.175926594175
1785,8847.175892274136
1786,8847.17591973496
1787,8847.175918762103
1788,8847.175936570213
1789,8847.175941699026
1790,8847.175953299758
1791,8847.175916805149
1792,8847.1759379855
1793,8847.17593660879
1794,8847.175940846915
1795,8847.175931552676
1796,8847.175933547449
1797,8847.175929985817
1798,8847.175926841228
1799,8847.175934470339
1800,8847.175945793337
1801,8847.175922594584
1802,8847.175938804856
1803,8847.175935793937
1804,8847.175912705216
1805,8847.17593363993
1806,8847.175930429526
1807,8847.175925492507
1808,8847.17594026811
1809,8847.175931695929
1810,8847.17593842405
1811,8847.175943368376
1812,8847.175927789094
1813,8772.162660632319
1814,8772.162660632297
1815,8772.162660632308
1816,8772.162660632315
1817,8772.162660632304
1818,8772.162660632306
1819,8772.162660632319
1820,8772.162660632304
1821,8772.162660632306
1822,8772.162660912321
1823,8772.162635295208
1824,8772.162663545623
1825,8772.16265725989
1826,8772.162673961466
1827,8772.162654232394
1828,8772.162639222042
1829,8772.162676840713
1830,8772.162657727918
1831,8772.162669663796
1832,8772.162658493051
1833,8772.162659272955
1834,8772.162602770724
1835,8772.162634561095
1836,8772.162651001863
1837,8772.162657169969
1838,8772.162652992898
1839,8772.16268630178
1840,8772.162673817518
1841,8772.162686163982
1842,8772.162665166317
1843,8772.16266890881
1844,8772.16266296317
1845,8772.162662562267
1846,8772.162670596055
1847,8772.162656869918
1848,8772.162667449562
1849,8772.162673759964
1850,8772.162651955403
1851,8772.162673084245
1852,8772.16266508573
1853,8772.162605547597
1854,8772.162666013035
1855,8772.162658610769
1856,8772.162659843072
1857,8772.16267195244
1858,8772.162674207571
1859,8772.16266564806
1860,8772.162647118555
1861,8772.162622977616
1862,8719.987955358096
1863,8719.987955358085
1864,8719.987955358081
1865,8719.987955358087
1866,8719.987955358076
1867,8719.987955358087
1868,8719.987955358085
1869,8719.987955358081
1870,8719.987955358089
1871,8719.987960892811
1872,8719.987950909115
1873,8719.987958592314
1874,8719.98795182438
1875,8719.987968118943
1876,8719.987947762555
1877,8719.987935633453
1878,8719.987974467
1879,8719.987953644519
1880,8719.987962232502
1881,8719.987948245156
1882,8719.98795954973
1883,8719.987917373419
1884,8719.987933216858
1885,8719.98794917119
1886,8719.987956404999
1887,8719.987952508412
1888,8719.987973169893
1889,8719.987973501753
1890,8719.9879753576
1891,8719.987959282638
1892,8719.987963094785
1893,8719.987960960247
1894,8719.987957472587
1895,8719.987971092707
1896,8719.987952420688
1897,8719.987962049094
1898,8719.987960757586
1899,8719.987943497383
1900,8719.987963419091
1901,8719.987951763227
1902,8719.987908075858
1903,8719.987959849517
1904,8719.98795201082
1905,8719.987958826927
1906,8719.987960341296
1907,8719.987971520479
1908,8719.987957897018
1909,8719.987941877951
1910,8719.987931192492
1911,8655.090416081453
1912,8655.090416081446
1913,8655.090416081446
1914,8655.090416081443
1915,8655.090416081443
1916,8655.090416081446
1917,8655.090416081446
1918,8655.090416081446
1919,8655.090416081443
1920,8655.090414931954
1921,8655.090410650584
1922,8655.090419625125
1923,8655.090420518445
1924,8655.090428900656
1925,8655.090428789932
1926,8655.090419175827
1927,8655.090430788794
1928,8655.090412913414
1929,8655.090422327272
1930,8655.090409634417
1931,8655.09041377284
1932,8655.090415601844
1933,8655.090407513859
1934,8655.090410269535
1935,8655.0904215626
1936,8655.090416107534
1937,8655.090397977237
1938,8655.090419304583
1939,8655.090425320199
1940,8655.090418458181
1941,8655.090421262437
1942,8655.090418954063
1943,8655.090419770651
1944,8655.090412592734
1945,8655.090413473337
1946,8655.090416776247
1947,8655.090416587916
1948,8655.090416135059
1949,8655.090395211026
1950,8655.090447134491
1951,8655.090400357258
1952,8655.090418337115
1953,8655.090415413948
1954,8655.09041761079
1955,8655.090414824599
1956,8655.090430210388
1957,8655.090420788985
1958,8655.090412390444
1959,8655.090403966486
1960,8615.26563060145
1961,8615.26563060145
1962,8615.265630601447
1963,8615.26563060145
1964,8615.265630601458
1965,8615.265630601454
1966,8615.265630601454
1967,8615.265630601452
1968,8615.265630601447
1969,8615.265630690184
1970,8615.265642225524
1971,8615.265634257154
1972,8615.265636009715
1973,8615.265634599504
1974,8615.265636807339
1975,8615.265653086857
1976,8615.265637248172
1977,8615.265628582554
1978,8615.265634514779
1979,8615.265620073551
1980,8615.26563194266
1981,8615.265659590219
1982,8615.265635980864
1983,8615.265627127375
1984,8615.265638825444
1985,8615.265642264538
1986,8615.26561668644
1987,8615.265620465303
1988,8615.265620655911
1989,8615.265632164783
1990,8615.265635816088
1991,8615.265635484411
1992,8615.265634303923
1993,8615.265636596145
1994,8615.265627842364
1995,8615.265630465583
1996,8615.265624891294
1997,8615.26562918051
1998,8615.265609442298
1999,8615.265636930366
2000,8615.26564439793
2001,8615.265630194926
2002,8615.265629814397
2003,8615.265634134277
2004,8615.26562201204
2005,8615.265640066344
2006,8615.26563303728
2007,8615.265633768133
2008,8615.265645693553
2009,8585.479244874003
2010,8585.479244873997
2011,8585.479244873997
2012,8585.479244874
2013,8585.479244874008
2014,8585.479244873997
2015,8585.479244873994
2016,8585.479244873997
2017,8585.479244874
2018,8585.479242674432
2019,8585.479250926179
2020,8585.479248499563
2021,8585.479253882004
2022,8585.479243473728
2023,8585.479252393536
2024,8585.479274398875
2025,8585.479247486956
2026,8585.479241885116
2027,8585.479248833979
2028,8585.479235636018
2029,8585.479242797193
2030,8585.479280471893
2031,8585.47925661709
2032,8585.479240536366
2033,8585.479253528227
2034,8585.47926036822
2035,8585.47923502745
2036,8585.479227155913
2037,8585.479230315621
2038,8585.479245981425
2039,8585.47924930892
2040,8585.479248248983
2041,8585.479249453318
2042,8585.479248335365
2043,8585.47924196418
2044,8585.479242914533
2045,8585.479241867673
2046,8585.479246951147
2047,8585.479223135684
2048,8585.479250121427
2049,8585.479269150575
2050,8585.479244097984
2051,8585.47924497598
2052,8585.479246935221
2053,8585.47923277791
2054,8585.479253140662
2055,8585.479248287435
2056,8585.479255347884
2057,8585.47926375
2058,8516.6532391957
2059,8516.6532391957
2060,8516.653239195706
2061,8516.653239195708
2062,8516.653239195704
2063,8516.65323919569
2064,8516.653239195692
2065,8516.6532391957
2066,8516.653239195697
2067,8516.653232910703
2068,8516.653239712281
2069,8516.653242622226
2070,8516.653252376023
2071,8516.653232692555
2072,8516.65324343878
2073,8516.653274347564
2074,8516.65323496065
2075,8516.653233347748
2076,8516.653241948085
2077,8516.653233986137
2078,8516.653232776755
2079,8516.653274167094
2080,8516.653258381735
2081,8516.653233918665
2082,8516.653247754528
2083,8516.653254905876
2084,8516.653241640546
2085,8516.653216790106
2086,8516.653220487888
2087,8516.653239867659
2088,8516.653243322513
2089,8516.653241712338
2090,8516.6532438766
2091,8516.653240322288
2092,8516.653236215345
2093,8516.653237083554
2094,8516.653242374985
2095,8516.653247703907
2096,8516.653228218724
2097,8516.653242907354
2098,8516.653272266998
2099,8516.653239811989
2100,8516.653240985168
2101,8516.653239890855
2102,8516.653222144352
2103,8516.653245254565
2104,8516.653242826234
2105,8516.653258333985
2106,8516.653262008807
2107,8444.131632245437
2108,8444.13163224544
2109,8444.131632245448
2110,8444.131632245444
2111,8444.131632245448
2112,8444.131632245444
2113,8444.13163224545
2114,8444.131632245446
2115,8444.131632245451
2116,8444.131646489053
2117,8444.131588062373
2118,8444.13163534672
2119,8444.131629573152
2120,8444.131608975316
2121,8444.131654917343
2122,8444.131631708104
2123,8444.131631892935
2124,8444.131626043642
2125,8444.1316305713
2126,8444.131636366197
2127,8444.131625128335
2128,8444.131625987677
2129,8444.131647499227
2130,8444.131631178716
2131,8444.131615471953
2132,8444.131641262773
2133,8444.13166880679
2134,8444.131623817186
2135,8444.131627944571
2136,8444.131632625324
2137,8444.13163799232
2138,8444.13162552411
2139,8444.13164317676
2140,8444.131643613233
2141,8444.131630056929
2142,8444.131627770294
2143,8444.131629707746
2144,8444.131624785074
2145,8444.13161928244
2146,8444.131612691528
2147,8444.13164161343
2148,8444.13163681109
2149,8444.13163951136
2150,8444.131635070393
2151,8444.13164205731
2152,8444.13164694279
2153,8444.131634929601
2154,8444.131610288892
2155,8444.131609603719
2156,8383.449646057521
2157,8383.449646057506
2158,8383.44964605752
2159,8383.449646057506
2160,8383.449646057503
2161,8383.449646057521
2162,8383.44964605751
2163,8383.449646057508
2164,8383.449646057506
2165,8383.449642233141
2166,8383.449626468207
2167,8383.449648467204
2168,8383.449656490291
2169,8383.4496418746
2170,8383.449648899099
2171,8383.449679992491
2172,8383.44962359366
2173,8383.449633545628
2174,8383.449642366717
2175,8383.449659628912
2176,8383.449631704427
2177,8383.44968078489
2178,8383.449667703258
2179,8383.44964286542
2180,8383.449657560066
2181,8383.449658172769
2182,8383.449645932746
2183,8383.449630270537
2184,8383.44961658206
2185,8383.4496457242
2186,8383.449651529736
2187,8383.449642284439
2188,8383.44965045922
2189,8383.44962775923
2190,8383.449643071825
2191,8383.449641681276
2192,8383.449645938159
2193,8383.449646218862
2194,8383.449634976632
2195,8383.44966953953
2196,8383.44969286583
2197,8383.449651404042
2198,8383.449655564129
2199,8383.449645395998
2200,8383.4496389924
2201,8383.449641370233
2202,8383.44964714295
2203,8383.449671389051
2204,8383.44968093356
2205,8336.252292015808
2206,8336.252292015799
2207,8336.252292015799
2208,8336.252292015797
2209,8336.252292015808
2210,8336.252292015797
2211,8336.252292015797
2212,8336.252292015795
2213,8336.252292015799
2214,8336.25229943224
2215,8336.252292157895
2216,8336.252294351323
2217,8336.252294100648
2218,8336.252292583536
2219,8336.252295077837
2220,8336.25228671802
2221,8336.252288619262
2222,8336.252283261088
2223,8336.252287691932
2224,8336.252302440413
2225,8336.25228535232
2226,8336.252289287517
2227,8336.252296600507
2228,8336.252291206565
2229,8336.252299910091
2230,8336.252293212754
2231,8336.252303415002
2232,8336.252310256315
2233,8336.252284456325
2234,8336.252293134103
2235,8336.252298202571
2236,8336.2522919867
2237,8336.252295697843
2238,8336.252292986683
2239,8336.252289480233
2240,8336.252291277975
2241,8336.252285137525
2242,8336.252285707813
2243,8336.252299783488
2244,8336.252294899865
2245,8336.252290691087
2246,8336.252301203394
2247,8336.252300358767
2248,8336.252295944949
2249,8336.252293597305
2250,8336.25229928986
2251,8336.252291126872
2252,8336.252296273726
2253,8336.25229755924
2254,8320.418226194353
2255,8320.418226194362
2256,8320.418226194362
2257,8320.418226194353
2258,8320.418226194353
2259,8320.418226194355
2260,8320.41822619435
2261,8320.418226194352
2262,8320.418226194353
2263,8320.418238407969
2264,8320.418226861299
2265,8320.418228548322
2266,8320.418224216532
2267,8320.418227960097
2268,8320.418229308088
2269,8320.418213395971
2270,8320.418228518934
2271,8320.41822009834
2272,8320.418221737998
2273,8320.418234422088
2274,8320.418222667866
2275,8320.418214250534
2276,8320.418223088629
2277,8320.41822646082
2278,8320.41823169474
2279,8320.41822349325
2280,8320.418234342025
2281,8320.418248981408
2282,8320.418225285195
2283,8320.418227703432
2284,8320.418232525284
2285,8320.418226541964
2286,8320.418230324914
2287,8320.418229856881
2288,8320.418223826953
2289,8320.418225613015
2290,8320.418215411724
2291,8320.418216233453
2292,8320.41823134738
2293,8320.418228954959
2294,8320.41821500424
2295,8320.418234646859
2296,8320.418234211027
2297,8320.418231541167
2298,8320.418233673552
2299,8320.418236615478
2300,8320.418224941879
2301,8320.418217884653
2302,8320.418224761564
2303,8293.553967421183
2304,8293.553967421176
2305,8293.553967421183
2306,8293.553967421187
2307,8293.553967421176
2308,8293.553967421181
2309,8293.553967421183
2310,8293.553967421194
2311,8293.553967421194
2312,8293.55397853049
2313,8293.553971121399
2314,8293.553969815941
2315,8293.553963960645
2316,8293.55396867153
2317,8293.55396710819
2318,8293.553960348836
2319,8293.553970294804
2320,8293.553963706054
2321,8293.553962476311
2322,8293.553971398023
2323,8293.553968249736
2324,8293.553953017567
2325,8293.553961481359
2326,8293.553968535993
2327,8293.553972601861
2328,8293.553961370271
2329,8293.553967555708
2330,8293.553983798329
2331,8293.553968164199
2332,8293.553969426808
2333,8293.553974075452
2334,8293.553970184752
2335,8293.55397115536
2336,8293.553970327781
2337,8293.553965206287
2338,8293.55396729672
2339,8293.553955412859
2340,8293.553961767659
2341,8293.553970990168
2342,8293.553974514045
2343,8293.553957914784
2344,8293.5539737779
2345,8293.553974510278
2346,8293.553973898268
2347,8293.553976643414
2348,8293.553975219364
2349,8293.55396512133
2350,8293.553951097938
2351,8293.553968286715
2352,8318.962287995771
2353,8318.962287995775
2354,8318.962287995782
2355,8318.962287995773
2356,8318.962287995771
2357,8318.962287995773
2358,8318.962287995777
2359,8318.96228799578
2360,8318.962287995779
2361,8318.962307183507
2362,8318.962263752765
2363,8318.96229118743
2364,8318.962274478372
2365,8318.962271827198
2366,8318.962340830818
2367,8318.962197638853
2368,8318.962329615326
2369,8318.962300532083
2370,8318.962281703509
2371,8318.96230979095
2372,8318.962297279728
2373,8318.96215541205
2374,8318.962242133231
2375,8318.962293210676
2376,8318.962276913764
2377,8318.962283840965
2378,8318.962333637703
2379,8318.96234139947
2380,8318.962351041251
2381,8318.96229400995
2382,8318.96229708071
2383,8318.962302474372
2384,8318.962283963572
2385,8318.962320219496
2386,8318.962290403562
2387,8318.962302539869
2388,8318.962305715162
2389,8318.962280165906
2390,8318.962313669097
2391,8318.962276283004
2392,8318.962167542079
2393,8318.962299560266
2394,8318.9622925503
2395,8318.962302702046
2396,8318.962284265788
2397,8318.962320125034
2398,8318.962278093126
2399,8318.962267048591
2400,8318.962153873359
2401,8267.86374345421
2402,8267.863743454216
2403,8267.863743454216
2404,8267.86374345422
2405,8267.863743454218
2406,8267.863743454216
2407,8267.863743454216
2408,8267.863743454214
2409,8267.863743454216
2410,8267.86375921315
2411,8267.863735232224
2412,8267.86374617819
2413,8267.86373522275
2414,8267.863736809708
2415,8267.863765044316
2416,8267.863699255735
2417,8267.863763723688
2418,8267.863747252422
2419,8267.863738144826
2420,8267.8637546778
2421,8267.863747893673
2422,8267.863679050924
2423,8267.863720287573
2424,8267.863746298282
2425,8267.863741248993
2426,8267.86373805796
2427,8267.863765414899
2428,8267.863776686425
2429,8267.86377144812
2430,8267.86374727342
2431,8267.863751064055
2432,8267.86375090669
2433,8267.863744181495
2434,8267.86376019246
2435,8267.863741208483
2436,8267.86374947277
2437,8267.863743163103
2438,8267.863735985977
2439,8267.863757808344
2440,8267.863740139588
2441,8267.863685646977
2442,8267.863751915917
2443,8267.86374931226
2444,8267.863753594214
2445,8267.863747671914
2446,8267.863762590732
2447,8267.863738083955
2448,8267.863724074828
2449,8267.86368713832
2450,8220.905475628322
2451,8220.905475628344
2452,8220.90547562834
2453,8220.905475628344
2454,8220.905475628337
2455,8220.905475628337
2456,8220.905475628326
2457,8220.905475628331
2458,8220.905475628326
2459,8220.90548393471
2460,8220.905465715006
2461,8220.905478480781
2462,8220.90546948941
2463,8220.905465123527
2464,8220.90548399609
2465,8220.90546609104
2466,8220.905485252326
2467,8220.905482876715
2468,8220.90546939522
2469,8220.90548003794
2470,8220.905484831828
2471,8220.90543511645
2472,8220.905457918376
2473,8220.905478923396
2474,8220.905477645256
2475,8220.905472800217
2476,8220.905479741865
2477,8220.90547722348
2478,8220.905490993438
2479,8220.905479868516
2480,8220.905483479497
2481,8220.905485931951
2482,8220.90547617024
2483,8220.905481180756
2484,8220.90547814452
2485,8220.905479855355
2486,8220.90547343494
2487,8220.905478079349
2488,8220.905479944026
2489,8220.905479981977
2490,8220.905450261613
2491,8220.905477971564
2492,8220.905480301479
2493,8220.905485216856
2494,8220.905478212899
2495,8220.905479116544
2496,8220.905468962697
2497,8220.905458217394
2498,8220.905449483615
2499,8197.056977156264
2500,8197.05697715627
2501,8197.056977156259
2502,8197.056977156266
2503,8197.056977156259
2504,8197.056977156251
2505,8197.05697715626
2506,8197.056977156259
2507,8197.05697715626
2508,8197.05697804839
2509,8197.05697341929
2510,8197.056979927667
2511,8197.056976911928
2512,8197.056966611264
2513,8197.056977185894
2514,8197.056988907578
2515,8197.056979414056
2516,8197.05698625003
2517,8197.056971634562
2518,8197.05697766577
2519,8197.056984518636
2520,8197.05697222487
2521,8197.056967446382
2522,8197.056979520981
2523,8197.056986067559
2524,8197.056977237153
2525,8197.056969883059
2526,8197.056964945408
2527,8197.056978230925
2528,8197.056981372467
2529,8197.056983959756
2530,8197.056987278356
2531,8197.05697824549
2532,8197.05697382013
2533,8197.056980493957
2534,8197.05697843893
2535,8197.056972397944
2536,8197.056987252632
2537,8197.056976321413
2538,8197.056984496694
2539,8197.056978492003
2540,8197.056976804917
2541,8197.056981519014
2542,8197.056984666862
2543,8197.056975335063
2544,8197.05697189876
2545,8197.056971969036
2546,8197.056970941863
2547,8197.056979850375
2548,8175.078215920486
2549,8175.078215920478
2550,8175.078215920481
2551,8175.0782159204755
2552,8175.078215920471
2553,8175.078215920472
2554,8175.0782159204755
2555,8175.078215920477
2556,8175.0782159204755
2557,8175.078211896398
2558,8175.078213692761
2559,8175.078218573098
2560,8175.078221349626
2561,8175.078203169098
2562,8175.078213766301
2563,8175.078237483725
2564,8175.078214444056
2565,8175.0782287208285
2566,8175.078211582835
2567,8175.078215170866
2568,8175.078219168688
2569,8175.0782387042345
2570,8175.078213905961
2571,8175.078217417099
2572,8175.078228148857
2573,8175.078218903649
2574,8175.078207575645
2575,8175.078196182396
2576,8175.078207015951
2577,8175.078220477182
2578,8175.078221211235
2579,8175.078224374654
2580,8175.07821806998
2581,8175.07820891208
2582,8175.07822048689
2583,8175.078214110488
2584,8175.07820946712
2585,8175.0782316578725
2586,8175.078212411245
2587,8175.078218534822
2588,8175.078233748629
2589,8175.078214150215
2590,8175.078220448002
2591,8175.078221101614
2592,8175.0782100768465
2593,8175.078205536602
2594,8175.078213227596
2595,8175.07821978007
2596,8175.078233408476
2597,8150.819152483486
2598,8150.819152483501
2599,8150.819152483496
2600,8150.81915248349
2601,8150.819152483495
2602,8150.819152483481
2603,8150.819152483491
2604,8150.819152483486
2605,8150.8191524834865
2606,8150.819147940849
2607,8150.819151937583
2608,8150.819154978004
2609,8150.819160809794
2610,8150.819139861114
2611,8150.81915123593
2612,8150.819173078884
2613,8150.8191510215165
2614,8150.819167719093
2615,8150.819149330435
2616,8150.819153400538
2617,8150.819151443217
2618,8150.819180548475
2619,8150.819153621997
2620,8150.819153439095
2621,8150.819163970036
2622,8150.8191551251875
2623,8150.819147344164
2624,8150.819133326992
2625,8150.819142270849
2626,8150.8191575120245
2627,8150.819156341807
2628,8150.819158739523
2629,8150.819155077546
2630,8150.819147039054
2631,8150.8191580072
2632,8150.819148591432
2633,8150.819144382982
2634,8150.819169317945
2635,8150.819149708026
2636,8150.819149355893
2637,8150.819170755022
2638,8150.819151058353
2639,8150.819157633486
2640,8150.819155742851
2641,8150.819146685962
2642,8150.819140513486
2643,8150.819152543572
2644,8150.819159065516
2645,8150.8191688594725
2646,8062.195567796928
2647,8062.1955677969145
2648,8062.195567796922
2649,8062.195567796912
2650,8062.195567796927
2651,8062.19556779692
2652,8062.195567796923
2653,8062.195567796924
2654,8062.195567796925
2655,8062.1955610682935
2656,8062.195552721206
2657,8062.1955696759
2658,8062.195572616562
2659,8062.195567284965
2660,8062.195563519018
2661,8062.195606971348
2662,8062.195557983138
2663,8062.19558006393
2664,8062.195566404918
2665,8062.195584864115
2666,8062.19556388782
2667,8062.195619534362
2668,8062.195576505908
2669,8062.1955708171545
2670,8062.195573251196
2671,8062.195581101645
2672,8062.195558088536
2673,8062.195532869239
2674,8062.195548987613
2675,8062.195571739854
2676,8062.195570589078
2677,8062.195572963821
2678,8062.195565727879
2679,8062.195551635468
2680,8062.195574278537
2681,8062.19556765399
2682,8062.195559042342
2683,8062.195569645231
2684,8062.195547619256
2685,8062.195566948575
2686,8062.195606921363
2687,8062.195565228523
2688,8062.195571541164
2689,8062.195572066731
2690,8062.1955565652215
2691,8062.195543845352
2692,8062.19556837169
2693,8062.195588948309
2694,8062.195598419103
2695,8030.678068931145
2696,8030.67806893114
2697,8030.678068931153
2698,8030.6780689311545
2699,8030.678068931151
2700,8030.678068931149
2701,8030.678068931142
2702,8030.6780689311545
2703,8030.678068931149
2704,8030.678054106231
2705,8030.678140682089
2706,8030.678069881846
2707,8030.678079161241
2708,8030.678076735672
2709,8030.678068112134
2710,8030.678061962934
2711,8030.678069683913
2712,8030.678070245632
2713,8030.678068712133
2714,8030.678080925408
2715,8030.678060767201
2716,8030.6780660688855
2717,8030.678085399003
2718,8030.678074016043
2719,8030.678063828087
2720,8030.678044856044
2721,8030.67806021664
2722,8030.678081902983
2723,8030.6780684809255
2724,8030.678072744211
2725,8030.678067303597
2726,8030.678073494977
2727,8030.678067703506
2728,8030.678081059672
2729,8030.678075300123
2730,8030.67806541762
2731,8030.678059157375
2732,8030.678105023764
2733,8030.678090016931
2734,8030.678062334491
2735,8030.678052137793
2736,8030.678077913342
2737,8030.678074993244
2738,8030.678071984057
2739,8030.67806863302
2740,8030.678048402309
2741,8030.678077750206
2742,8030.678064656102
2743,8030.678052139716
2744,7976.746809023145
2745,7976.746809023146
2746,7976.74680902314
2747,7976.746809023148
2748,7976.74680902313
2749,7976.74680902315
2750,7976.746809023151
2751,7976.7468090231505
2752,7976.746809023142
2753,7976.746809118546
2754,7976.746824632279
2755,7976.746810179429
2756,7976.74680959918
2757,7976.746811388757
2758,7976.746806293273
2759,7976.746800764085
2760,7976.7468131999485
2761,7976.746813124328
2762,7976.746809179338
2763,7976.746820892256
2764,7976.746806550497
2765,7976.746806229011
2766,7976.746814896805
2767,7976.746814356693
2768,7976.746803714344
2769,7976.746802516445
2770,7976.746821607638
2771,7976.746816087
2772,7976.7468086807075
2773,7976.746811341042
2774,7976.7468093195985
2775,7976.746812080866
2776,7976.746810235337
2777,7976.746820033331
2778,7976.746814072579
2779,7976.746806958574
2780,7976.746800515472
2781,7976.746810884185
2782,7976.746809077664
2783,7976.746792211942
2784,7976.746799710951
2785,7976.74681403196
2786,7976.74681265286
2787,7976.74681515388
2788,7976.74681131567
2789,7976.746803539803
2790,7976.746813816837
2791,7976.746801594927
2792,7976.746796466263
2793,7958.382656045176
2794,7958.382656045165
2795,7958.382656045165
2796,7958.382656045175
2797,7958.382656045168
2798,7958.382656045181
2799,7958.382656045177
2800,7958.382656045183
2801,7958.382656045176
2802,7958.382654879666
2803,7958.382652674244
2804,7958.38265714265
2805,7958.382658507578
2806,7958.382661397447
2807,7958.3826534528835
2808,7958.382657777633
2809,7958.382658848148
2810,7958.382657649568
2811,7958.382657931299
2812,7958.382672483656
2813,7958.382650126552
2814,7958.382661851856
2815,7958.3826577426125
2816,7958.382660294193
2817,7958.382654910318
2818,7958.38265659586
2819,7958.382656597792
2820,7958.3826528799855
2821,7958.382655849632
2822,7958.38265655573
2823,7958.382655536421
2824,7958.382656934789
2825,7958.382656867914
2826,7958.382649995495
2827,7958.38266058356
2828,7958.3826526404055
2829,7958.382655170393
2830,7958.38265039278
2831,7958.382637783495
2832,7958.382662975597
2833,7958.3826589464
2834,7958.3826588305155
2835,7958.382658797772
2836,7958.382660998962
2837,7958.382655491693
2838,7958.382653853402
2839,7958.382662139864
2840,7958.382658497736
2841,7958.382652311904
2842,7943.689980201465
2843,7943.689980201468
2844,7943.689980201468
2845,7943.689980201461
2846,7943.689980201463
2847,7943.689980201457
2848,7943.689980201461
2849,7943.689980201462
2850,7943.689980201463
2851,7943.68998137075
2852,7943.68996495254
2853,7943.689981180399
2854,7943.689975667806
2855,7943.689982853769
2856,7943.6899706632
2857,7943.689976330762
2858,7943.689984627691
2859,7943.689977286047
2860,7943.6899818552365
2861,7943.689991910196
2862,7943.6899818092625
2863,7943.689971499476
2864,7943.689980175869
2865,7943.689985572638
2866,7943.689974415603
2867,7943.689977605602
2868,7943.689990615128
2869,7943.689978856593
2870,7943.689982939839
2871,7943.689979527202
2872,7943.6899809262995
2873,7943.689982016277
2874,7943.68998299785
2875,7943.6899756773355
2876,7943.689983398569
2877,7943.689977958056
2878,7943.689981079608
2879,7943.689972456941
2880,7943.689964009598
2881,7943.689982564921
2882,7943.689978048348
2883,7943.689982884311
2884,7943.689980934212
2885,7943.689987399747
2886,7943.689987249217
2887,7943.689978745862
2888,7943.689983720188
2889,7943.689970881945
2890,7943.689973869731
2891,7921.823457699736
2892,7921.823457699742
2893,7921.823457699746
2894,7921.823457699729
2895,7921.823457699738
2896,7921.823457699735
2897,7921.82345769974
2898,7921.823457699733
2899,7921.823457699733
2900,7921.823453773843
2901,7921.8234714272185
2902,7921.823458542361
2903,7921.823457996878
2904,7921.823457949162
2905,7921.823436673025
2906,7921.823462987745
2907,7921.823458451283
2908,7921.823449981601
2909,7921.823459122966
2910,7921.823457238182
2911,7921.823465950586
2912,7921.823458963512
2913,7921.823459568566
2914,7921.823463177604
2915,7921.823465878342
2916,7921.823456029934
2917,7921.823461009304
2918,7921.823456455855
2919,7921.823454763053
2920,7921.823455808378
2921,7921.823458828569
2922,7921.8234657072035
2923,7921.823460310437
2924,7921.823456058715
2925,7921.823460109295
2926,7921.823454985897
2927,7921.823458739279
2928,7921.823457928856
2929,7921.823451114196
2930,7921.823460793839
2931,7921.823464265228
2932,7921.823460081503
2933,7921.823456010136
2934,7921.823466076824
2935,7921.823456875875
2936,7921.823455495395
2937,7921.823458424632
2938,7921.823452460114
2939,7921.823471015488
2940,7894.336781243199
2941,7894.336781243201
2942,7894.336781243198
2943,7894.3367812432025
2944,7894.336781243193
2945,7894.336781243193
2946,7894.3367812431925
2947,7894.336781243191
2948,7894.336781243201
2949,7894.336773491584
2950,7894.336792833897
2951,7894.336782024438
2952,7894.336780995807
2953,7894.33677365967
2954,7894.336770254016
2955,7894.3367721683735
2956,7894.33678873635
2957,7894.336772927001
2958,7894.336782096265
2959,7894.336779193721
2960,7894.336796363378
2961,7894.336753055582
2962,7894.3367758816985
2963,7894.336787502148
2964,7894.336790937875
2965,7894.336781355053
2966,7894.336794284924
2967,7894.33678447605
2968,7894.336790369453
2969,7894.3367792389145
2970,7894.336783901623
2971,7894.336795101712
2972,7894.336781784266
2973,7894.3367828676355
2974,7894.336783246515
2975,7894.336782974338
2976,7894.336795476024
2977,7894.336789513559
2978,7894.336784727585
2979,7894.336782560809
2980,7894.33676612784
2981,7894.336784362304
2982,7894.336776735602
2983,7894.336791004654
2984,7894.336773624728
2985,7894.33677909345
2986,7894.336777396984
2987,7894.336779440428
2988,7894.336767197186
2989,7861.029416106277
2990,7861.029416106285
2991,7861.029416106291
2992,7861.029416106288
2993,7861.0294161062875
2994,7861.0294161062775
2995,7861.029416106282
2996,7861.029416106282
2997,7861.029416106275
2998,7861.029400640292
2999,7861.02943523713
3000,7861.029416755827
3001,7861.02941995086
3002,7861.029405567053
3003,7861.02940306674
3004,7861.029431502428
3005,7861.029414366814
3006,7861.029403470623
3007,7861.029416353801
3008,7861.029408307678
3009,7861.0294335852695
3010,7861.029413721673
3011,7861.029415144395
3012,7861.0294221347995
3013,7861.029434008494
3014,7861.029417913511
3015,7861.029409976547
3016,7861.029400082241
3017,7861.0294151386615
3018,7861.029412872852
3019,7861.0294189554015
3020,7861.029432488705
3021,7861.029416239379
3022,7861.02940568572
3023,7861.029418327129
3024,7861.029416530242
3025,7861.029428861133
3026,7861.029436124611
3027,7861.029415689328
3028,7861.029426888463
3029,7861.029425345841
3030,7861.029415830897
3031,7861.029410719671
3032,7861.029423839222
3033,7861.029404726504
3034,7861.02939935607
3035,7861.029411065345
3036,7861.029421431117
3037,7861.029424038992
3038,7811.303293858372
3039,7811.303293858367
3040,7811.303293858378
3041,7811.303293858366
3042,7811.303293858371
3043,7811.303293858371
3044,7811.303293858383
3045,7811.30329385838
3046,7811.303293858373
3047,7811.303281018247
3048,7811.3032977695675
3049,7811.303294396957
3050,7811.303296441795
3051,7811.303277346744
3052,7811.30330008686
3053,7811.3032964002705
3054,7811.30329788502
3055,7811.303283050197
3056,7811.303293412953
3057,7811.303286192467
3058,7811.303312643056
3059,7811.303278930785
3060,7811.303284971064
3061,7811.303300465741
3062,7811.303309937402
3063,7811.303297421189
3064,7811.303294465289
3065,7811.303279886519
3066,7811.30329960574
3067,7811.303290088517
3068,7811.303297054717
3069,7811.303309916905
3070,7811.303294400644
3071,7811.303285167503
3072,7811.303296688146
3073,7811.303294509813
3074,7811.303307748563
3075,7811.303313229379
3076,7811.303291920181
3077,7811.303296015721
3078,7811.30329048706
3079,7811.303292997435
3080,7811.303288033294
3081,7811.303300259733
3082,7811.303283264209
3083,7811.303276979197
3084,7811.303287643108
3085,7811.303297335489
3086,7811.303274890048
3087,7725.041273856331
3088,7725.041273856336
3089,7725.041273856337
3090,7725.041273856338
3091,7725.041273856341
3092,7725.041273856334
3093,7725.04127385633
3094,7725.041273856337
3095,7725.041273856332
3096,7725.041266017785
3097,7725.04126128214
3098,7725.041274253181
3099,7725.041278470846
3100,7725.041261970102
3101,7725.041280832036
3102,7725.041295644065
3103,7725.041271232929
3104,7725.0412642249385
3105,7725.041273229155
3106,7725.041265908842
3107,7725.0412883940935
3108,7725.041296466936
3109,7725.041265489961
3110,7725.041279714594
3111,7725.04129265708
3112,7725.041283337343
3113,7725.0412654582615
3114,7725.041244963046
3115,7725.041266137808
3116,7725.041267993676
3117,7725.04127630925
3118,7725.041285451921
3119,7725.041276132485
3120,7725.041254604044
3121,7725.041277909431
3122,7725.041270992058
3123,7725.041276090686
3124,7725.041282148401
3125,7725.041258147525
3126,7725.04127600671
3127,7725.041297717517
3128,7725.041267352541
3129,7725.041268778245
3130,7725.041276640491
3131,7725.041264078317
3132,7725.041251431667
3133,7725.041269486334
3134,7725.0412805711785
3135,7725.041278169745
3136,7644.792049707622
3137,7644.792049707632
3138,7644.792049707632
3139,7644.792049707629
3140,7644.792049707634
3141,7644.792049707628
3142,7644.792049707637
3143,7644.792049707633
3144,7644.792049707635
3145,7644.792053914751
3146,7644.792031414739
3147,7644.792050035199
3148,7644.792051689347
3149,7644.79204749936
3150,7644.792074283685
3151,7644.792042092289
3152,7644.792057591759
3153,7644.7920469871015
3154,7644.792048266666
3155,7644.7920478257765
3156,7644.792061771739
3157,7644.7920406403755
3158,7644.792032003377
3159,7644.792055906542
3160,7644.792060255006
3161,7644.792062508958
3162,7644.792061865626
3163,7644.79204512607
3164,7644.79205504779
3165,7644.792043521742
3166,7644.792052282073
3167,7644.792058037963
3168,7644.792051357297
3169,7644.792041310974
3170,7644.792054888854
3171,7644.79205095464
3172,7644.792050503924
3173,7644.792040806413
3174,7644.79204293749
3175,7644.792038599229
3176,7644.792043938551
3177,7644.792044030061
3178,7644.792044351048
3179,7644.792050928678
3180,7644.792038224865
3181,7644.792040570404
3182,7644.79204487785
3183,7644.792051958747
3184,7644.792018304234
3185,7602.174052285189
3186,7602.174052285196
3187,7602.174052285189
3188,7602.174052285185
3189,7602.174052285187
3190,7602.174052285191
3191,7602.174052285191
3192,7602.174052285192
3193,7602.174052285192
3194,7602.174057466045
3195,7602.1740565074
3196,7602.174052524906
3197,7602.174062237411
3198,7602.1740546642595
3199,7602.174060611827
3200,7602.174058008744
3201,7602.174057633393
3202,7602.1740570397615
3203,7602.174051933671
3204,7602.174046340427
3205,7602.174051748525
3206,7602.1740752878295
3207,7602.174046334708
3208,7602.174055862306
3209,7602.174065399478
3210,7602.17406112513
3211,7602.174054233813
3212,7602.174051429792
3213,7602.174043594978
3214,7602.174046969583
3215,7602.17405175925
3216,7602.1740556938985
3217,7602.174055725725
3218,7602.174043162626
3219,7602.1740592022725
3220,7602.17404475003
3221,7602.174038390868
3222,7602.174045215832
3223,7602.1740483140475
3224,7602.174044207157
3225,7602.174066216958
3226,7602.174043822292
3227,7602.174052369597
3228,7602.174050993341
3229,7602.174044968751
3230,7602.174047805048
3231,7602.174056703673
3232,7602.174049740588
3233,7602.174056868844
3234,7578.037309192897
3235,7578.037309192888
3236,7578.037309192892
3237,7578.037309192892
3238,7578.037309192899
3239,7578.037309192886
3240,7578.03730919289
3241,7578.037309192892
3242,7578.037309192898
3243,7578.037309718461
3244,7578.037323440108
3245,7578.037309450034
3246,7578.03731740002
3247,7578.0373155488805
3248,7578.037320439773
3249,7578.037314472911
3250,7578.037313394019
3251,7578.037315467413
3252,7578.037307975092
3253,7578.037309431964
3254,7578.037306476019
3255,7578.037319655301
3256,7578.037306815991
3257,7578.037312740022
3258,7578.037312251072
3259,7578.037314123943
3260,7578.037307141089
3261,7578.037310070603
3262,7578.037302645977
3263,7578.037303535419
3264,7578.037308837304
3265,7578.037311002023
3266,7578.037310803415
3267,7578.037297272014
3268,7578.037316531616
3269,7578.037306135527
3270,7578.037302810577
3271,7578.037309128732
3272,7578.037312388285
3273,7578.037311101524
3274,7578.037320665324
3275,7578.037299822831
3276,7578.037309426281
3277,7578.037306818514
3278,7578.037300644121
3279,7578.037305283518
3280,7578.037313466015
3281,7578.037305523516
3282,7578.037311008537
3283,7547.643558132084
3284,7547.643558132069
3285,7547.643558132069
3286,7547.643558132077
3287,7547.643558132085
3288,7547.64355813207
3289,7547.64355813207
3290,7547.643558132081
3291,7547.643558132078
3292,7547.6435766619925
3293,7547.643535192807
3294,7547.6435587273245
3295,7547.643560062088
3296,7547.643569795122
3297,7547.643547179957
3298,7547.643561300034
3299,7547.643565209899
3300,7547.643571565243
3301,7547.643557525451
3302,7547.643563303358
3303,7547.643554055678
3304,7547.643564649299
3305,7547.643560058352
3306,7547.643560477989
3307,7547.643553499588
3308,7547.643571191208
3309,7547.64358901036
3310,7547.643556854369
3311,7547.64355687874
3312,7547.643552768003
3313,7547.643557624266
3314,7547.643556397832
3315,7547.643560214431
3316,7547.643560949172
3317,7547.643565949886
3318,7547.643557268242
3319,7547.643557951431
3320,7547.643524563411
3321,7547.6435479785605
3322,7547.643546990506
3323,7547.6435664699075
3324,7547.643547183305
3325,7547.643558467739
3326,7547.643556823207
3327,7547.64355345655
3328,7547.6435695208165
3329,7547.643563209923
3330,7547.6435504282135
3331,7547.643565923105
3332,7520.133764118966
3333,7520.1337641189675
3334,7520.133764118963
3335,7520.133764118957
3336,7520.1337641189675
3337,7520.13376411896
3338,7520.133764118973
3339,7520.133764118968
3340,7520.1337641189675
3341,7520.133767450436
3342,7520.133789664401
3343,7520.133764589436
3344,7520.133765139245
3345,7520.133762433309
3346,7520.1337667019425
3347,7520.133745452438
3348,7520.133779637554
3349,7520.1337775752845
3350,7520.133762924661
3351,7520.133764742921
3352,7520.133758413737
3353,7520.133733847468
3354,7520.133769285897
3355,7520.133766509811
3356,7520.133752061042
3357,7520.13375410088
3358,7520.133785508149
3359,7520.133783116382
3360,7520.133773034326
3361,7520.133760447384
3362,7520.13376232345
3363,7520.133762689248
3364,7520.133766461047
3365,7520.133777409716
3366,7520.133772493295
3367,7520.133762509582
3368,7520.133769264197
3369,7520.133770123784
3370,7520.133776971228
3371,7520.133756915382
3372,7520.133746825837
3373,7520.133759927455
3374,7520.133767344113
3375,7520.13376286681
3376,7520.133769403148
3377,7520.133777823468
3378,7520.133772319494
3379,7520.133738213789
3380,7520.133745860517
3381,7497.611024899016
3382,7497.611024899012
3383,7497.611024899009
3384,7497.611024899013
3385,7497.61102489901
3386,7497.611024899008
3387,7497.61102489901
3388,7497.611024899012
3389,7497.611024899006
3390,7497.611022265097
3391,7497.611047353306
3392,7497.611025512038
3393,7497.611024842838
3394,7497.6110218737385
3395,7497.611022929676
3396,7497.611022985619
3397,7497.611034098817
3398,7497.611035162818
3399,7497.611022942398
3400,7497.611026035422
3401,7497.6110222633615
3402,7497.611016967754
3403,7497.611033640562
3404,7497.61102726652
3405,7497.611018185666
3406,7497.611018384104
3407,7497.61103144935
3408,7497.611027883537
3409,7497.6110252842445
3410,7497.611020267815
3411,7497.611024367637
3412,7497.611024509042
3413,7497.611027100763
3414,7497.611028959363
3415,7497.611033189379
3416,7497.611025496565
3417,7497.611033176056
3418,7497.611035114884
3419,7497.611031630264
3420,7497.611026658604
3421,7497.61102509705
3422,7497.611018490076
3423,7497.61102622997
3424,7497.611023534023
3425,7497.611026872828
3426,7497.611030241058
3427,7497.611029494815
3428,7497.611011555771
3429,7497.611028149717
3430,7475.987906646759
3431,7475.98790664675
3432,7475.987906646771
3433,7475.987906646752
3434,7475.98790664676
3435,7475.987906646756
3436,7475.987906646752
3437,7475.987906646751
3438,7475.987906646751
3439,7475.98790389938
3440,7475.987913615195
3441,7475.987907491957
3442,7475.987904789721
3443,7475.987900927156
3444,7475.9879037069495
3445,7475.987911518842
3446,7475.987914858963
3447,7475.987915042264
3448,7475.987903991247
3449,7475.987907749741
3450,7475.987906677125
3451,7475.987917518019
3452,7475.987915651462
3453,7475.987908712599
3454,7475.987907836443
3455,7475.987904767115
3456,7475.9879064092
3457,7475.98789897345
3458,7475.987902831483
3459,7475.987901931105
3460,7475.987907252128
3461,7475.987906204449
3462,7475.987910217252
3463,7475.987906631263
3464,7475.987914986006
3465,7475.987906595391
3466,7475.987914208325
3467,7475.987914425488
3468,7475.987904569627
3469,7475.9879082612915
3470,7475.987914708441
3471,7475.987900306148
3472,7475.987907060299
3473,7475.98790576938
3474,7475.9879096853165
3475,7475.9879070405905
3476,7475.987908543515
3477,7475.987905124454
3478,7475.987920184042
3479,7458.999465350505
3480,7458.999465350503
3481,7458.9994653505055
3482,7458.999465350504
3483,7458.999465350511
3484,7458.999465350503
3485,7458.999465350506
3486,7458.999465350505
3487,7458.9994653505
3488,7458.9994659244285
3489,7458.999462561393
3490,7458.999466369629
3491,7458.999460572219
3492,7458.999461552823
3493,7458.999469758673
3494,7458.999461354417
3495,7458.999476100004
3496,7458.999472720978
3497,7458.999461748559
3498,7458.999469304583
3499,7458.999466616714
3500,7458.999467423549
3501,7458.999470864101
3502,7458.99946715674
3503,7458.999467592827
3504,7458.999466365417
3505,7458.999470152654
3506,7458.999461174165
3507,7458.999465994215
3508,7458.999461102345
3509,7458.999466998859
3510,7458.999464020859
3511,7458.999469202818
3512,7458.999468271177
3513,7458.999473709554
3514,7458.999466832281
3515,7458.999471894026
3516,7458.999467938091
3517,7458.999464085748
3518,7458.999462417096
3519,7458.999463310469
3520,7458.999461596904
3521,7458.99946539111
3522,7458.999464515307
3523,7458.999469829622
3524,7458.999465873272
3525,7458.999465310391
3526,7458.999469646758
3527,7458.999466159774
3528,7438.502882430941
3529,7438.502882430943
3530,7438.502882430947
3531,7438.502882430952
3532,7438.502882430945
3533,7438.502882430942
3534,7438.502882430939
3535,7438.502882430945
3536,7438.502882430943
3537,7438.502885082043
3538,7438.502882579234
3539,7438.50288363019
3540,7438.502877587151
3541,7438.50288420401
3542,7438.502889003515
3543,7438.502880598868
3544,7438.502888183735
3545,7438.502885302364
3546,7438.502878006839
3547,7438.502888627241
3548,7438.502881392976
3549,7438.502887840186
3550,7438.502886503371
3551,7438.502882710158
3552,7438.502889362062
3553,7438.502886425973
3554,7438.502882312732
3555,7438.502878047341
3556,7438.502879760779
3557,7438.50287811905
3558,7438.50288451518
3559,7438.502879405358
3560,7438.50288632661
3561,7438.502885587075
3562,7438.502890828516
3563,7438.502883025495
3564,7438.502881725069
3565,7438.502881140122
3566,7438.502881137792
3567,7438.5028809441
3568,7438.502883209619
3569,7438.502881100475
3570,7438.502883829829
3571,7438.502880555499
3572,7438.502889060982
3573,7438.502879241444
3574,7438.502882696653
3575,7438.502895932797
3576,7438.502888003523
3577,7421.2390149055855
3578,7421.239014905594
3579,7421.239014905579
3580,7421.239014905586
3581,7421.239014905588
3582,7421.239014905582
3583,7421.239014905584
3584,7421.239014905587
3585,7421.239014905579
3586,7421.239021302411
3587,7421.23898377991
3588,7421.239016086608
3589,7421.239000205338
3590,7421.239011549404
3591,7421.239045830437
3592,7421.238984069391
3593,7421.239033107022
3594,7421.239019077537
3595,7421.239009074517
3596,7421.239023080043
3597,7421.2390202879105
3598,7421.238986810482
3599,7421.239002843855
3600,7421.239015756738
3601,7421.239006993223
3602,7421.239011609625
3603,7421.239029158529
3604,7421.239022134058
3605,7421.239029703305
3606,7421.239011680462
3607,7421.239019057543
3608,7421.239012419481
3609,7421.23901767246
3610,7421.239020391388
3611,7421.2390228884
3612,7421.239022832153
3613,7421.239017270821
3614,7421.239015974262
3615,7421.239015585782
3616,7421.239005403365
3617,7421.238985631989
3618,7421.239018106442
3619,7421.239014361173
3620,7421.239014319761
3621,7421.239026408044
3622,7421.239020919549
3623,7421.239010437928
3624,7421.239007984524
3625,7421.238971106593
3626,7404.10600929816
3627,7404.106009298179
3628,7404.106009298178
3629,7404.106009298176
3630,7404.1060092981725
3631,7404.106009298167
3632,7404.106009298171
3633,7404.106009298168
3634,7404.106009298175
3635,7404.106014171137
3636,7404.105990813236
3637,7404.1060103944155
3638,7404.105998305842
3639,7404.106008839351
3640,7404.106023340687
3641,7404.1059983876885
3642,7404.106017832735
3643,7404.106011039013
3644,7404.106004498388
3645,7404.106014246224
3646,7404.106012433539
3647,7404.106004513446
3648,7404.106001707304
3649,7404.10600899581
3650,7404.106005627565
3651,7404.1060068078505
3652,7404.106014091954
3653,7404.106007993509
3654,7404.106012276359
3655,7404.106005129695
3656,7404.106012580146
3657,7404.10600738167
3658,7404.106011661876
3659,7404.106010391933
3660,7404.106017152847
3661,7404.106015146579
3662,7404.106007429109
3663,7404.106010072347
3664,7404.106005409636
3665,7404.1060070625135
3666,7404.106002749855
3667,7404.106009819583
3668,7404.106009327918
3669,7404.106008045331
3670,7404.106018771197
3671,7404.106010538826
3672,7404.106006655022
3673,7404.106003779741
3674,7404.105998484905
3675,7391.0636166965305
3676,7391.0636166965205
3677,7391.063616696521
3678,7391.063616696521
3679,7391.063616696532
3680,7391.063616696529
3681,7391.063616696522
3682,7391.063616696535
3683,7391.063616696525
3684,7391.063618070077
3685,7391.0636118584025
3686,7391.063617630514
3687,7391.063608593906
3688,7391.063617678488
3689,7391.063614852645
3690,7391.0636246969325
3691,7391.063615251646
3692,7391.063614896474
3693,7391.063613022974
3694,7391.063617677139
3695,7391.063619367191
3696,7391.063628906625
3697,7391.063611049407
3698,7391.063615246691
3699,7391.06361492502
3700,7391.063613427294
3701,7391.063612954454
3702,7391.063607269411
3703,7391.063609935269
3704,7391.063611478971
3705,7391.063619344979
3706,7391.063616599988
3707,7391.063617831506
3708,7391.063613137438
3709,7391.06362410798
3710,7391.0636225874305
3711,7391.063613194844
3712,7391.063620400673
3713,7391.063609869339
3714,7391.063622723379
3715,7391.063630842749
3716,7391.063615072251
3717,7391.063616202605
3718,7391.063614771585
3719,7391.0636226624165
3720,7391.063613281551
3721,7391.063614677279
3722,7391.06360899395
3723,7391.063634663424
3724,7384.3619115882775
3725,7384.361911588272
3726,7384.3619115882675
3727,7384.361911588275
3728,7384.361911588283
3729,7384.361911588275
3730,7384.361911588273
3731,7384.361911588274
3732,7384.361911588274
3733,7384.361911458763
3734,7384.361913944929
3735,7384.361912438385
3736,7384.361905099915
3737,7384.361912603716
3738,7384.361907040083
3739,7384.361920518894
3740,7384.3619088308305
3741,7384.361908455938
3742,7384.361908489114
3743,7384.361911353357
3744,7384.3619143934675
3745,7384.361918104952
3746,7384.361904449366
3747,7384.361909554917
3748,7384.3619109684305
3749,7384.36190927383
3750,7384.361909560593
3751,7384.361903028883
3752,7384.361906131831
3753,7384.361906352759
3754,7384.361914063256
3755,7384.361912882063
3756,7384.361911803465
3757,7384.361909065186
3758,7384.36191879954
3759,7384.361918475758
3760,7384.361909503035
3761,7384.361916701984
3762,7384.361908864909
3763,7384.361917549755
3764,7384.36192449014
3765,7384.361910585759
3766,7384.361910237096
3767,7384.361909162646
3768,7384.361913986858
3769,7384.361908049441
3770,7384.361909311373
3771,7384.3619052776785
3772,7384.361929988631
3773,7367.432215396439
3774,7367.43221539644
3775,7367.432215396441
3776,7367.432215396452
3777,7367.432215396442
3778,7367.432215396449
3779,7367.432215396441
3780,7367.432215396444
3781,7367.432215396443
3782,7367.432211444164
3783,7367.43222588752
3784,7367.432216020217
3785,7367.43221573734
3786,7367.432212826503
3787,7367.432208044689
3788,7367.43222435974
3789,7367.432211788628
3790,7367.432212755467
3791,7367.432214334266
3792,7367.432212432544
3793,7367.432213961043
3794,7367.432217299349
3795,7367.432207864
3796,7367.432211174553
3797,7367.432217186859
3798,7367.432211921504
3799,7367.4322135100065
3800,7367.432207754831
3801,7367.43221197063
3802,7367.432210868608
3803,7367.432216060342
3804,7367.432217565629
3805,7367.432215077608
3806,7367.43221184404
3807,7367.432223017984
3808,7367.432218375912
3809,7367.432215619222
3810,7367.43222734776
3811,7367.432217439225
3812,7367.4322206824
3813,7367.432226460962
3814,7367.432215735325
3815,7367.432214728013
3816,7367.432211527152
3817,7367.432214828879
3818,7367.432213005001
3819,7367.432216631094
3820,7367.432210143446
3821,7367.432232762916
3822,7355.165359446155
3823,7355.165359446142
3824,7355.165359446146
3825,7355.165359446148
3826,7355.165359446144
3827,7355.165359446153
3828,7355.165359446154
3829,7355.1653594461495
3830,7355.165359446151
3831,7355.165369102106
3832,7355.165367212531
3833,7355.165359954901
3834,7355.16535991564
3835,7355.165367385869
3836,7355.1653542237655
3837,7355.165349702632
3838,7355.165359607149
3839,7355.165358353672
3840,7355.165359711642
3841,7355.165362253324
3842,7355.165360719355
3843,7355.165325907764
3844,7355.165353136212
3845,7355.165355051056
3846,7355.165360128863
3847,7355.165369187442
3848,7355.165382676565
3849,7355.165362896926
3850,7355.165370733546
3851,7355.165356595283
3852,7355.165360050809
3853,7355.165363233886
3854,7355.165357219532
3855,7355.165371399601
3856,7355.165367480175
3857,7355.165365795207
3858,7355.165361921487
3859,7355.165345200463
3860,7355.165364588071
3861,7355.165347270788
3862,7355.165343798008
3863,7355.165365743957
3864,7355.165355176866
3865,7355.165355838567
3866,7355.165349954733
3867,7355.165365837309
3868,7355.165358528138
3869,7355.165364573552
3870,7355.165345153717
3871,7339.974949200016
3872,7339.97494920002
3873,7339.974949200025
3874,7339.974949200025
3875,7339.974949200027
3876,7339.974949200017
3877,7339.974949200022
3878,7339.974949200017
3879,7339.9749492000155
3880,7339.974948435929
3881,7339.974958179246
3882,7339.974949612815
3883,7339.974952122853
3884,7339.974948200275
3885,7339.974950497581
3886,7339.974941362649
3887,7339.97495008353
3888,7339.974949428765
3889,7339.9749496691875
3890,7339.974948757272
3891,7339.974948219848
3892,7339.974931138275
3893,7339.974944355337
3894,7339.9749440362575
3895,7339.974950711821
3896,7339.974950918042
3897,7339.974956168541
3898,7339.974950550524
3899,7339.974956072172
3900,7339.974946726617
3901,7339.974949078345
3902,7339.974952368062
3903,7339.974948121587
3904,7339.97495260267
3905,7339.974957906175
3906,7339.9749513343395
3907,7339.974951313194
3908,7339.974954059109
3909,7339.974954346141
3910,7339.974942638188
3911,7339.974940103145
3912,7339.97495533508
3913,7339.974946703812
3914,7339.974945414835
3915,7339.974943887488
3916,7339.97495342484
3917,7339.974950312796
3918,7339.974950055614
3919,7339.974939261589
3920,7334.4872687230345
3921,7334.4872687230445
3922,7334.487268723035
3923,7334.487268723035
3924,7334.487268723031
3925,7334.487268723032
3926,7334.487268723023
3927,7334.48726872302
3928,7334.4872687230245
3929,7334.48727053498
3930,7334.487261267786
3931,7334.487269148658
3932,7334.487270903902
3933,7334.487270228554
3934,7334.487266384805
3935,7334.487269265915
3936,7334.487264941979
3937,7334.487270178821
3938,7334.487269049963
3939,7334.487270307703
3940,7334.487267748148
3941,7334.48727274706
3942,7334.487266670955
3943,7334.4872638676825
3944,7334.487268876886
3945,7334.487271742228
3946,7334.487269949497
3947,7334.487261582037
3948,7334.487267950713
3949,7334.487265876668
3950,7334.487268735315
3951,7334.487270453914
3952,7334.487268360165
3953,7334.487264894746
3954,7334.487277740625
3955,7334.487269355193
3956,7334.487269143792
3957,7334.487267520374
3958,7334.487261727139
3959,7334.487265979276
3960,7334.487274553883
3961,7334.487272404898
3962,7334.487266411335
3963,7334.487265385915
3964,7334.487265222331
3965,7334.487270103637
3966,7334.487269818044
3967,7334.487270195286
3968,7334.487271755827
3969,7330.998628044252
3970,7330.998628044267
3971,7330.998628044263
3972,7330.9986280442645
3973,7330.998628044264
3974,7330.998628044265
3975,7330.998628044261
3976,7330.998628044261
3977,7330.998628044262
3978,7330.998629168616
3979,7330.998623876775
3980,7330.998628476943
3981,7330.998629488521
3982,7330.9986302950465
3983,7330.998629727913
3984,7330.998625929427
3985,7330.998625083189
3986,7330.998629928245
3987,7330.998628062302
3988,7330.998630236927
3989,7330.9986269061665
3990,7330.9986333442075
3991,7330.998628958163
3992,7330.998623566253
3993,7330.998627512409
3994,7330.998629009737
3995,7330.998625405945
3996,7330.998624025115
3997,7330.998626514378
3998,7330.9986254351
3999,7330.99862795406
4000,7330.998628831898
4001,7330.998628399736
4002,7330.998624694883
4003,7330.998637285957
4004,7330.998627463987
4005,7330.998626124543
4006,7330.99862865154
4007,7330.998621216075
4008,7330.998625474458
4009,7330.998632435331
4010,7330.998632600001
4011,7330.9986264650925
4012,7330.998625146072
4013,7330.998627714664
4014,7330.998629406723
4015,7330.998629598788
4016,7330.998628395162
4017,7330.998628810072
4018,7324.641860545724
4019,7324.6418605457175
4020,7324.641860545719
4021,7324.641860545719
4022,7324.6418605457175
4023,7324.641860545726
4024,7324.64186054572
4025,7324.641860545719
4026,7324.64186054572
4027,7324.641859918738
4028,7324.641858090779
4029,7324.641860992853
4030,7324.641860325072
4031,7324.641864085614
4032,7324.641863220578
4033,7324.641857623117
4034,7324.641858153843
4035,7324.641862632458
4036,7324.641860132222
4037,7324.641863307479
4038,7324.641861755197
4039,7324.641866874047
4040,7324.641864045223
4041,7324.641856874125
4042,7324.641859940537
4043,7324.641861969081
4044,7324.641855620853
4045,7324.641858353643
4046,7324.641858595731
4047,7324.641858081422
4048,7324.641861091218
4049,7324.641861532238
4050,7324.641860988773
4051,7324.641857131984
4052,7324.641869755736
4053,7324.641861561323
4054,7324.641859114145
4055,7324.641861289731
4056,7324.641855317692
4057,7324.641858432604
4058,7324.641864289267
4059,7324.641865368776
4060,7324.641857873642
4061,7324.641858249763
4062,7324.641859418998
4063,7324.641860919427
4064,7324.641860244759
4065,7324.641862407447
4066,7324.641861514573
4067,7333.238937124504
4068,7333.238937124502
4069,7333.238937124502
4070,7333.238937124506
4071,7333.23893712451
4072,7333.238937124505
4073,7333.238937124511
4074,7333.238937124504
4075,7333.238937124508
4076,7333.238949775076
4077,7333.238926146632
4078,7333.2389376444935
4079,7333.238936940672
4080,7333.238941293232
4081,7333.238929770798
4082,7333.238918795168
4083,7333.23895066309
4084,7333.238946843128
4085,7333.2389378907
4086,7333.2389370200135
4087,7333.238930302816
4088,7333.2389383225345
4089,7333.2389455769535
4090,7333.238933343577
4091,7333.2389301828
4092,7333.238924282089
4093,7333.238945848537
4094,7333.2389522171225
4095,7333.238942420696
4096,7333.238935834579
4097,7333.238934196965
4098,7333.238930071202
4099,7333.2389443685315
4100,7333.2389462526135
4101,7333.238947029358
4102,7333.238923203679
4103,7333.238932279923
4104,7333.238929849884
4105,7333.238929264341
4106,7333.238924087833
4107,7333.238924693058
4108,7333.238941291414
4109,7333.2389423856175
4110,7333.238937025451
4111,7333.238962113158
4112,7333.238948224627
4113,7333.238947893846
4114,7333.238913901587
4115,7333.238931129902
4116,7314.923396453931
4117,7314.923396453925
4118,7314.923396453922
4119,7314.923396453925
4120,7314.923396453921
4121,7314.9233964539235
4122,7314.923396453922
4123,7314.923396453928
4124,7314.923396453929
4125,7314.923401168413
4126,7314.923391135064
4127,7314.923396930082
4128,7314.923396121821
4129,7314.9233999661665
4130,7314.923394126652
4131,7314.923387563301
4132,7314.923400649462
4133,7314.923401844992
4134,7314.923396615622
4135,7314.923397614378
4136,7314.923394611225
4137,7314.9234015770635
4138,7314.923402710076
4139,7314.92339279701
4140,7314.923393567926
4141,7314.923392022086
4142,7314.923397093051
4143,7314.923401770674
4144,7314.923397069117
4145,7314.923394512011
4146,7314.923395551418
4147,7314.923394279396
4148,7314.923399712952
4149,7314.923398343713
4150,7314.923405931199
4151,7314.923391349026
4152,7314.923393434008
4153,7314.923393864628
4154,7314.923390084647
4155,7314.923389811627
4156,7314.923394125978
4157,7314.9234008911135
4158,7314.9233969555
4159,7314.923395221532
4160,7314.923405968926
4161,7314.923401318259
4162,7314.923400573547
4163,7314.923387679439
4164,7314.923395989679
4165,7301.661775869818
4166,7301.6617758698185
4167,7301.661775869827
4168,7301.6617758698285
4169,7301.6617758698285
4170,7301.661775869819
4171,7301.661775869814
4172,7301.661775869818
4173,7301.661775869821
4174,7301.661768439998
4175,7301.661784261763
4176,7301.661776358351
4177,7301.661777494158
4178,7301.6617779363005
4179,7301.6617713759015
4180,7301.661780487591
4181,7301.661773428892
4182,7301.661778111368
4183,7301.66177539224
4184,7301.661777322233
4185,7301.661775426993
4186,7301.661788272765
4187,7301.66178817059
4188,7301.661772849297
4189,7301.661777566405
4190,7301.661773390228
4191,7301.661763371667
4192,7301.661774827659
4193,7301.661770368091
4194,7301.661773223797
4195,7301.661775673339
4196,7301.661774581902
4197,7301.661778538108
4198,7301.661772757059
4199,7301.661784778773
4200,7301.6617720819
4201,7301.661780137655
4202,7301.661782369852
4203,7301.661774180275
4204,7301.661781492885
4205,7301.661786171916
4206,7301.661778287151
4207,7301.661774956776
4208,7301.661774117502
4209,7301.661779557697
4210,7301.661771950623
4211,7301.661777828991
4212,7301.661777420834
4213,7301.661790749769
4214,7295.031317370336
4215,7295.0313173703325
4216,7295.03131737033
4217,7295.0313173703435
4218,7295.031317370346
4219,7295.03131737034
4220,7295.031317370337
4221,7295.031317370342
4222,7295.03131737034
4223,7295.031307029523
4224,7295.031308972387
4225,7295.031317846826
4226,7295.031311965036
4227,7295.0313131783005
4228,7295.031328818035
4229,7295.031303240202
4230,7295.031326849927
4231,7295.0313207324125
4232,7295.031315581345
4233,7295.031320385198
4234,7295.031323612563
4235,7295.031300383162
4236,7295.03132073491
4237,7295.031316298713
4238,7295.031308332839
4239,7295.03131122252
4240,7295.031314051
4241,7295.031324769299
4242,7295.031326422388
4243,7295.031315445969
4244,7295.031318910734
4245,7295.031317112576
4246,7295.031318936131
4247,7295.031318002456
4248,7295.031325434119
4249,7295.031320559421
4250,7295.031332397633
4251,7295.03132839635
4252,7295.031322504502
4253,7295.031319959052
4254,7295.0313030627285
4255,7295.031321857346
4256,7295.031313826288
4257,7295.031316866611
4258,7295.031320914397
4259,7295.031318957657
4260,7295.03131449194
4261,7295.031306797781
4262,7295.0312960819865
4263,7288.070216830869
4264,7288.07021683086
4265,7288.070216830874
4266,7288.070216830866
4267,7288.07021683087
4268,7288.070216830876
4269,7288.070216830873
4270,7288.070216830871
4271,7288.070216830869
4272,7288.070209013105
4273,7288.070214062794
4274,7288.070217286639
4275,7288.070214263218
4276,7288.070215649429
4277,7288.070215447392
4278,7288.070216754533
4279,7288.070218622598
4280,7288.070217939063
4281,7288.070215650576
4282,7288.07021794559
4283,7288.070220950323
4284,7288.070211718927
4285,7288.070221117452
4286,7288.070214982787
4287,7288.070212312299
4288,7288.070212797754
4289,7288.070212318147
4290,7288.070216735323
4291,7288.070218948902
4292,7288.070213996661
4293,7288.070217774497
4294,7288.070216867706
4295,7288.070218193891
4296,7288.070215468073
4297,7288.070224534092
4298,7288.070218257095
4299,7288.070228694544
4300,7288.07022345653
4301,7288.070217787111
4302,7288.070223933397
4303,7288.07021789344
4304,7288.070218698866
4305,7288.0702139919895
4306,7288.0702156581265
4307,7288.070218819942
4308,7288.070214334403
4309,7288.0702155407125
4310,7288.070208826395
4311,7288.070216646873
4312,7283.323636638236
4313,7283.323636638231
4314,7283.323636638234
4315,7283.323636638234
4316,7283.323636638224
4317,7283.32363663823
4318,7283.323636638235
4319,7283.323636638237
4320,7283.323636638233
4321,7283.323630297337
4322,7283.3236360079845
4323,7283.32363705741
4324,7283.323636236097
4325,7283.323635983772
4326,7283.323630436964
4327,7283.323641501167
4328,7283.323635793811
4329,7283.323636722656
4330,7283.32363589305
4331,7283.323636264314
4332,7283.32363882904
4333,7283.323636619373
4334,7283.323639726742
4335,7283.323634150245
4336,7283.323635026371
4337,7283.323633118172
4338,7283.32363157187
4339,7283.323634243984
4340,7283.3236362333155
4341,7283.323633547075
4342,7283.323637027391
4343,7283.323636548619
4344,7283.3236382067935
4345,7283.323634487255
4346,7283.323644234093
4347,7283.323635888816
4348,7283.323645868637
4349,7283.323641954659
4350,7283.323636150806
4351,7283.323644683456
4352,7283.323643147636
4353,7283.32363762271
4354,7283.3236347282855
4355,7283.323635106104
4356,7283.323638885166
4357,7283.3236326140795
4358,7283.323636948789
4359,7283.323629365117
4360,7283.3236441768595
4361,7273.873335484411
4362,7273.87333548441
4363,7273.873335484408
4364,7273.873335484413
4365,7273.873335484411
4366,7273.873335484403
4367,7273.873335484404
4368,7273.873335484411
4369,7273.87333548441
4370,7273.873333930649
4371,7273.873334396865
4372,7273.8733358742165
4373,7273.873337449377
4374,7273.8733373039995
4375,7273.873326264914
4376,7273.873342243324
4377,7273.8733332237325
4378,7273.87333396943
4379,7273.8733349640515
4380,7273.873334062939
4381,7273.873335695715
4382,7273.8733394184965
4383,7273.873334225678
4384,7273.873332529078
4385,7273.873339426985
4386,7273.873335177876
4387,7273.873331837458
4388,7273.87333293415
4389,7273.873333673346
4390,7273.873332290757
4391,7273.8733354790265
4392,7273.873334858259
4393,7273.8733376750515
4394,7273.873333950188
4395,7273.873342845365
4396,7273.873331704839
4397,7273.873338947001
4398,7273.87333461367
4399,7273.873333927214
4400,7273.873341464383
4401,7273.873343806222
4402,7273.873336067525
4403,7273.87333472909
4404,7273.873333857159
4405,7273.873338130783
4406,7273.873329473183
4407,7273.87333731575
4408,7273.873332585068
4409,7273.873346732677
4410,7265.204672960204
4411,7265.204672960197
4412,7265.2046729602025
4413,7265.204672960206
4414,7265.204672960201
4415,7265.204672960207
4416,7265.204672960206
4417,7265.204672960213
4418,7265.204672960205
4419,7265.204672206752
4420,7265.204674004537
4421,7265.204673280648
4422,7265.204674880388
4423,7265.20467429732
4424,7265.204666432446
4425,7265.204677148505
4426,7265.20467210841
4427,7265.204671734552
4428,7265.2046721081615
4429,7265.2046708211965
4430,7265.204673484225
4431,7265.2046770560955
4432,7265.204669502167
4433,7265.204670566087
4434,7265.204678216029
4435,7265.204673952522
4436,7265.204669784567
4437,7265.204673918324
4438,7265.204672053578
4439,7265.20467028493
4440,7265.2046731477585
4441,7265.204672634613
4442,7265.204675025232
4443,7265.204673733542
4444,7265.2046803957755
4445,7265.204669536235
4446,7265.204672619677
4447,7265.204671543813
4448,7265.204674005421
4449,7265.2046757722965
4450,7265.204678179314
4451,7265.204674031911
4452,7265.2046723986805
4453,7265.2046721211045
4454,7265.204674168111
4455,7265.204667004698
4456,7265.2046742824405
4457,7265.204670945886
4458,7265.2046806021835
4459,7267.184789286315
4460,7267.184789286322
4461,7267.184789286322
4462,7267.184789286316
4463,7267.184789286325
4464,7267.184789286317
4465,7267.184789286322
4466,7267.184789286316
4467,7267.184789286319
4468,7267.184808670367
4469,7267.184763668493
4470,7267.184789698211
4471,7267.184793826031
4472,7267.184801204726
4473,7267.184787832405
4474,7267.184786293867
4475,7267.1847890168765
4476,7267.184792244914
4477,7267.184788061152
4478,7267.184799364354
4479,7267.184782940795
4480,7267.184781672458
4481,7267.184784517007
4482,7267.184786406488
4483,7267.18479063393
4484,7267.184804837712
4485,7267.184805414546
4486,7267.184786241627
4487,7267.184795013016
4488,7267.184788180957
4489,7267.184788704108
4490,7267.184785326805
4491,7267.184790445162
4492,7267.184797514019
4493,7267.184797872687
4494,7267.184783815625
4495,7267.184788153802
4496,7267.184756218388
4497,7267.184781290831
4498,7267.184782992243
4499,7267.184784930513
4500,7267.184790930985
4501,7267.184790905361
4502,7267.184788259207
4503,7267.184786750482
4504,7267.184789569225
4505,7267.184794034544
4506,7267.184803534018
4507,7267.18477595365
4508,7261.082539813497
4509,7261.082539813494
4510,7261.082539813496
4511,7261.082539813498
4512,7261.082539813502
4513,7261.082539813499
4514,7261.082539813492
4515,7261.082539813496
4516,7261.082539813497
4517,7261.082548156399
4518,7261.082528958984
4519,7261.082540173727
4520,7261.082542924589
4521,7261.082545929874
4522,7261.082535490052
4523,7261.082540844542
4524,7261.0825391655135
4525,7261.082540513416
4526,7261.082538821329
4527,7261.08254315722
4528,7261.082537226929
4529,7261.082538706353
4530,7261.082535854108
4531,7261.082537193382
4532,7261.082543407099
4533,7261.082547431782
4534,7261.082545337094
4535,7261.082538952055
4536,7261.082541847376
4537,7261.0825378374975
4538,7261.082539642677
4539,7261.082537858277
4540,7261.08254147275
4541,7261.082544021159
4542,7261.082547761982
4543,7261.082535443891
4544,7261.082539082031
4545,7261.082524091373
4546,7261.082536713844
4547,7261.082538542347
4548,7261.082540809585
4549,7261.08254112223
4550,7261.082540235703
4551,7261.082538905448
4552,7261.082539310517
4553,7261.082536694632
4554,7261.0825426834435
4555,7261.082545202178
4556,7261.082538111446
4557,7255.606729309857
4558,7255.60672930986
4559,7255.606729309856
4560,7255.606729309884
4561,7255.606729309866
4562,7255.606729309861
4563,7255.606729309864
4564,7255.606729309866
4565,7255.606729309866
4566,7255.606731144664
4567,7255.6067253147285
4568,7255.606729545487
4569,7255.606731940632
4570,7255.60672954803
4571,7255.6067318771165
4572,7255.606729036255
4573,7255.606730167368
4574,7255.606731221736
4575,7255.606727868738
4576,7255.606731673073
4577,7255.606726723063
4578,7255.60672787017
4579,7255.606726145129
4580,7255.606727345859
4581,7255.606729837718
4582,7255.606733411125
4583,7255.606729621073
4584,7255.606731322916
4585,7255.606732128804
4586,7255.6067280322995
4587,7255.606729169649
4588,7255.606728009716
4589,7255.606730202204
4590,7255.606733607671
4591,7255.6067376041965
4592,7255.606726493175
4593,7255.606728609713
4594,7255.6067245669055
4595,7255.606730947578
4596,7255.606729373618
4597,7255.606728669305
4598,7255.60673109941
4599,7255.606730135134
4600,7255.606729173371
4601,7255.6067273977715
4602,7255.60672703572
4603,7255.606731866255
4604,7255.606730564417
4605,7255.60672312427
4606,7252.168516877564
4607,7252.168516877559
4608,7252.1685168775575
4609,7252.168516877565
4610,7252.168516877565
4611,7252.168516877551
4612,7252.1685168775575
4613,7252.168516877558
4614,7252.168516877559
4615,7252.168516681148
4616,7252.1685203623365
4617,7252.168517057506
4618,7252.168518400793
4619,7252.168515433077
4620,7252.168520899377
4621,7252.168515393986
4622,7252.168518217823
4623,7252.1685191370325
4624,7252.168515388325
4625,7252.168518315891
4626,7252.168515236372
4627,7252.168513072584
4628,7252.168515856356
4629,7252.16851539959
4630,7252.168516238295
4631,7252.16851953611
4632,7252.168516841291
4633,7252.168521464917
4634,7252.168520201319
4635,7252.168515876556
4636,7252.168516795579
4637,7252.168516466282
4638,7252.1685172402795
4639,7252.168523143871
4640,7252.16852523052
4641,7252.16851581127
4642,7252.168515051822
4643,7252.168516260486
4644,7252.168521351845
4645,7252.168516046968
4646,7252.168514307564
4647,7252.168519350346
4648,7252.1685174249305
4649,7252.16851726347
4650,7252.168514131803
4651,7252.168515564172
4652,7252.16851887828
4653,7252.168516252269
4654,7252.1685092455755
4655,7249.030471242988
4656,7249.030471242985
4657,7249.030471242989
4658,7249.030471242983
4659,7249.030471242983
4660,7249.030471242984
4661,7249.030471242984
4662,7249.030471242977
4663,7249.030471242978
4664,7249.030470703814
4665,7249.030464274073
4666,7249.030471344185
4667,7249.030467681456
4668,7249.030467963811
4669,7249.030468810476
4670,7249.030482506583
4671,7249.030465732474
4672,7249.030475753628
4673,7249.030469215356
4674,7249.030473760875
4675,7249.030473664633
4676,7249.0304909375645
4677,7249.030477730988
4678,7249.030471732084
4679,7249.030464064739
4680,7249.030472726881
4681,7249.030465253129
4682,7249.03046467348
4683,7249.030465878726
4684,7249.030469989558
4685,7249.030472027278
4686,7249.03047178277
4687,7249.030470608075
4688,7249.030470915574
4689,7249.03047975096
4690,7249.030475263828
4691,7249.030471259985
4692,7249.030470428901
4693,7249.030463938345
4694,7249.030476651458
4695,7249.030489081493
4696,7249.03047020506
4697,7249.030470274785
4698,7249.030473720409
4699,7249.030466667066
4700,7249.03046894595
4701,7249.030470297074
4702,7249.0304668924355
4703,7249.030481484424
4704,7243.809106401353
4705,7243.8091064013515
4706,7243.809106401347
4707,7243.8091064013515
4708,7243.809106401356
4709,7243.809106401355
4710,7243.809106401357
4711,7243.809106401344
4712,7243.809106401353
4713,7243.809105682301
4714,7243.809111840625
4715,7243.809106476224
4716,7243.809103593691
4717,7243.809102972904
4718,7243.809106107539
4719,7243.80911004464
4720,7243.809104556716
4721,7243.809109850253
4722,7243.809104900143
4723,7243.809107537692
4724,7243.809108024025
4725,7243.809109434936
4726,7243.809111462058
4727,7243.809106431869
4728,7243.809101346684
4729,7243.809107270652
4730,7243.809105823788
4731,7243.809107373816
4732,7243.809106458655
4733,7243.809105361492
4734,7243.809106675146
4735,7243.809107473794
4736,7243.809105735141
4737,7243.809111579031
4738,7243.809114581992
4739,7243.809110009071
4740,7243.809105125529
4741,7243.8091079838505
4742,7243.809107144321
4743,7243.809107609054
4744,7243.809111455982
4745,7243.809107692392
4746,7243.809105764876
4747,7243.809108455877
4748,7243.809102542887
4749,7243.809106489415
4750,7243.80910667103
4751,7243.809102617115
4752,7243.809106716995
4753,7240.642089430814
4754,7240.642089430812
4755,7240.642089430814
4756,7240.642089430821
4757,7240.642089430815
4758,7240.642089430806
4759,7240.642089430814
4760,7240.642089430805
4761,7240.642089430808
4762,7240.642089308418
4763,7240.642096022627
4764,7240.642089499249
4765,7240.642086941301
4766,7240.642086028994
4767,7240.642088898939
4768,7240.642090728517
4769,7240.642088900747
4770,7240.642092175249
4771,7240.642088252667
4772,7240.642090279129
4773,7240.642090714637
4774,7240.6420860305825
4775,7240.642092737025
4776,7240.642089222506
4777,7240.642085858644
4778,7240.642090570358
4779,7240.642091486747
4780,7240.642091855187
4781,7240.642091795552
4782,7240.642088349507
4783,7240.642089487961
4784,7240.642090520618
4785,7240.642088910499
4786,7240.642095253616
4787,7240.642097251888
4788,7240.642092570338
4789,7240.642088924597
4790,7240.642090727014
4791,7240.6420923836995
4792,7240.642089842375
4793,7240.642090006169
4794,7240.642091181855
4795,7240.642088891422
4796,7240.642091269638
4797,7240.6420862174755
4798,7240.642090238515
4799,7240.642090352552
4800,7240.64208710412
4801,7240.6420864180145
4802,7234.652625495317
4803,7234.6526254953205
4804,7234.652625495316
4805,7234.652625495324
4806,7234.652625495323
4807,7234.6526254953205
4808,7234.652625495323
4809,7234.652625495322
4810,7234.652625495322
4811,7234.652625352974
4812,7234.652633252592
4813,7234.652625517872
4814,7234.65262453807
4815,7234.652622624875
4816,7234.6526218427825
4817,7234.652627696965
4818,7234.652624417721
4819,7234.652626521429
4820,7234.652625147703
4821,7234.6526256979
4822,7234.652625434028
4823,7234.6526215432095
4824,7234.652627567344
4825,7234.652624711741
4826,7234.652627146807
4827,7234.652627225516
4828,7234.652626834872
4829,7234.652627011862
4830,7234.652627642656
4831,7234.652624082635
4832,7234.652624953091
4833,7234.65262604893
4834,7234.652625913941
4835,7234.652627863612
4836,7234.652632666947
4837,7234.652626063933
4838,7234.6526255889075
4839,7234.652627239179
4840,7234.652629528329
4841,7234.652627296015
4842,7234.652625845138
4843,7234.652627069479
4844,7234.652625471736
4845,7234.6526269064125
4846,7234.652624485022
4847,7234.65262520715
4848,7234.652628390408
4849,7234.652629640813
4850,7234.652625980234
4851,7316.775797407406
4852,7316.775797407411
4853,7316.775797407411
4854,7316.775797407407
4855,7316.775797407411
4856,7316.775797407403
4857,7316.775797407412
4858,7316.775797407404
4859,7316.775797407407
4860,7316.775813470453
4861,7316.775736849078
4862,7316.77579721677
4863,7316.775770814482
4864,7316.775778105742
4865,7316.775838870008
4866,7316.77572193589
4867,7316.775843462739
4868,7316.775807423024
4869,7316.775795820804
4870,7316.775802294555
4871,7316.775813055582
4872,7316.775703189464
4873,7316.775766345759
4874,7316.7758025881485
4875,7316.775757768336
4876,7316.775779328349
4877,7316.775844152493
4878,7316.775831947652
4879,7316.7758510534895
4880,7316.775799798812
4881,7316.775798620976
4882,7316.775798085352
4883,7316.775797921224
4884,7316.775818529379
4885,7316.775802924751
4886,7316.775812408084
4887,7316.7758141183385
4888,7316.775798300414
4889,7316.775807411498
4890,7316.775767942992
4891,7316.775703867112
4892,7316.775808728607
4893,7316.775794911975
4894,7316.77580576599
4895,7316.775816097106
4896,7316.775831957605
4897,7316.775795120651
4898,7316.775750636665
4899,7316.775672665969
4900,7233.520346002717
4901,7233.52034600273
4902,7233.520346002723
4903,7233.520346002722
4904,7233.520346002728
4905,7233.520346002728
4906,7233.52034600273
4907,7233.520346002733
4908,7233.520346002726
4909,7233.520347618477
4910,7233.520346777142
4911,7233.520346001531
4912,7233.52034244475
4913,7233.520341350056
4914,7233.520347233354
4915,7233.520339367809
4916,7233.520350181248
4917,7233.520348045707
4918,7233.520345538829
4919,7233.52034668068
4920,7233.520347639886
4921,7233.520331898939
4922,7233.520344550209
4923,7233.520345828007
4924,7233.520343555666
4925,7233.520345835423
4926,7233.520352423729
4927,7233.520351551304
4928,7233.520353883085
4929,7233.520345007643
4930,7233.520345660881
4931,7233.520346587198
4932,7233.520346436693
4933,7233.520350374128
4934,7233.520352986649
4935,7233.520348006408
4936,7233.520347768124
4937,7233.520347596788
4938,7233.520350991108
4939,7233.520344215354
4940,7233.52033569151
4941,7233.520348712146
4942,7233.520345656204
4943,7233.520348137657
4944,7233.5203469732305
4945,7233.5203496999475
4946,7233.520348291496
4947,7233.520345091088
4948,7233.520332691072
4949,7230.908892767744
4950,7230.90889276775
4951,7230.908892767747
4952,7230.908892767747
4953,7230.908892767743
4954,7230.908892767742
4955,7230.908892767749
4956,7230.9088927677485
4957,7230.908892767743
4958,7230.908894537843
4959,7230.908891058666
4960,7230.908892718222
4961,7230.908889701452
4962,7230.908888601804
4963,7230.908890818014
4964,7230.908890247127
4965,7230.9088948100725
4966,7230.908894284222
4967,7230.908892635292
4968,7230.908893245923
4969,7230.908894081481
4970,7230.908886657522
4971,7230.908891727391
4972,7230.908892562225
4973,7230.908892824102
4974,7230.9088930635435
4975,7230.908895951256
4976,7230.908895030188
4977,7230.908897681671
4978,7230.908891555022
4979,7230.908892239188
4980,7230.90889295766
4981,7230.908893783905
4982,7230.908892931703
4983,7230.90889951232
4984,7230.9088934741
4985,7230.908894113187
4986,7230.908893951379
4987,7230.908895056493
4988,7230.908893243253
4989,7230.908888279801
4990,7230.90889445277
4991,7230.90889262385
4992,7230.908895020117
4993,7230.908894781223
4994,7230.908894846965
4995,7230.908895763148
4996,7230.908895488474
4997,7230.908886997451
4998,7229.1358344873515
4999,7229.135834487355
5000,7229.135834487364
5001,7229.135834487352
5002,7229.135834487355
5003,7229.135834487355
5004,7229.135834487353
5005,7229.135834487354
5006,7229.135834487355
5007,7229.135836241958
5008,7229.135831216333
5009,7229.135834382843
5010,7229.135831279626
5011,7229.135830634894
5012,7229.135831136013
5013,7229.135834983748
5014,7229.135834815535
5015,7229.135835830363
5016,7229.135834405286
5017,7229.135834716068
5018,7229.135836061959
5019,7229.135835594563
5020,7229.135834171103
5021,7229.1358345102035
5022,7229.135835080506
5023,7229.135834451138
5024,7229.135834602818
5025,7229.135834660093
5026,7229.13583677558
5027,7229.135833197734
5028,7229.135833935511
5029,7229.135834527143
5030,7229.135835788395
5031,7229.13583196244
5032,7229.135841158715
5033,7229.1358347382975
5034,7229.135834672852
5035,7229.135835773814
5036,7229.135834221981
5037,7229.135836382915
5038,7229.135834911911
5039,7229.135835492069
5040,7229.135834446805
5041,7229.135837049964
5042,7229.135837201433
5043,7229.135835450692
5044,7229.135837583453
5045,7229.135837890647
5046,7229.135833993563
5047,7227.094932330474
5048,7227.0949323304785
5049,7227.0949323304785
5050,7227.094932330471
5051,7227.094932330476
5052,7227.09493233047
5053,7227.094932330472
5054,7227.094932330475
5055,7227.094932330477
5056,7227.094934095772
5057,7227.094928376191
5058,7227.094932161666
5059,7227.094928869603
5060,7227.0949291602665
5061,7227.094928659504
5062,7227.094935035238
5063,7227.09493109716
5064,7227.094933378405
5065,7227.094932175283
5066,7227.0949322694705
5067,7227.094934343227
5068,7227.0949395937405
5069,7227.094932718431
5070,7227.094932661913
5071,7227.094932780434
5072,7227.094931583443
5073,7227.09492960974
5074,7227.09493123641
5075,7227.094932260773
5076,7227.094931011934
5077,7227.094931794553
5078,7227.094932301944
5079,7227.094933813809
5080,7227.094927926775
5081,7227.094938959788
5082,7227.094932293891
5083,7227.094930778152
5084,7227.094933744057
5085,7227.09492979498
5086,7227.094935104918
5087,7227.094936726357
5088,7227.094932977914
5089,7227.094932418028
5090,7227.094935192842
5091,7227.094935751623
5092,7227.094932244545
5093,7227.094935366203
5094,7227.094935277439
5095,7227.094935567165
5096,7223.413769836054
5097,7223.413769836054
5098,7223.413769836046
5099,7223.413769836044
5100,7223.413769836048
5101,7223.413769836048
5102,7223.413769836047
5103,7223.413769836048
5104,7223.413769836051
5105,7223.4137713094515
5106,7223.41376647799
5107,7223.413769575294
5108,7223.413766136061
5109,7223.4137681926695
5110,7223.413766770975
5111,7223.413774489662
5112,7223.4137667307705
5113,7223.413770149109
5114,7223.41376948307
5115,7223.413769342416
5116,7223.413772545693
5117,7223.413782477855
5118,7223.413771052998
5119,7223.413770585789
5120,7223.413769732925
5121,7223.413767953585
5122,7223.413764236676
5123,7223.413767949487
5124,7223.41376735051
5125,7223.413768499613
5126,7223.413769356963
5127,7223.413769922909
5128,7223.413771346261
5129,7223.413763891226
5130,7223.413776374984
5131,7223.41376967883
5132,7223.4137659561065
5133,7223.413771485268
5134,7223.413765399371
5135,7223.413773294527
5136,7223.413777746854
5137,7223.413770450712
5138,7223.413770056921
5139,7223.413772901345
5140,7223.413773808205
5141,7223.413768338776
5142,7223.413772621714
5143,7223.41377164887
5144,7223.41377595061
5145,7216.37446043423
5146,7216.374460434245
5147,7216.374460434229
5148,7216.3744604342355
5149,7216.3744604342355
5150,7216.374460434228
5151,7216.374460434233
5152,7216.374460434232
5153,7216.374460434227
5154,7216.374462798973
5155,7216.374456541071
5156,7216.374460042021
5157,7216.374457260183
5158,7216.374462331386
5159,7216.37445823686
5160,7216.3744662877325
5161,7216.374455517616
5162,7216.374460057322
5163,7216.374459778104
5164,7216.374459843442
5165,7216.374463566531
5166,7216.374475546142
5167,7216.374461903981
5168,7216.374461596355
5169,7216.374459533066
5170,7216.374458700545
5171,7216.374455158191
5172,7216.374457738555
5173,7216.37445666486
5174,7216.3744593820375
5175,7216.374460033337
5176,7216.374460958345
5177,7216.374461450651
5178,7216.37445407857
5179,7216.374466936617
5180,7216.374460431106
5181,7216.374454280214
5182,7216.374459156769
5183,7216.374454852227
5184,7216.374462811802
5185,7216.37446989981
5186,7216.374461322757
5187,7216.374460782552
5188,7216.374463340631
5189,7216.374463070048
5190,7216.374457912637
5191,7216.374462828783
5192,7216.37446215706
5193,7216.3744671447375
5194,7241.221737286843
5195,7241.2217372868445
5196,7241.221737286852
5197,7241.221737286843
5198,7241.221737286847
5199,7241.221737286846
5200,7241.221737286839
5201,7241.221737286842
5202,7241.22173728685
5203,7241.221695003118
5204,7241.22178683972
5205,7241.221736298103
5206,7241.221741156541
5207,7241.2217159903275
5208,7241.221753543438
5209,7241.221749108556
5210,7241.221732796432
5211,7241.221734294838
5212,7241.221736713506
5213,7241.221722149921
5214,7241.221736334553
5215,7241.2217477081895
5216,7241.221743455131
5217,7241.221737346117
5218,7241.22173759771
5219,7241.221709131214
5220,7241.221699826959
5221,7241.221742987083
5222,7241.22173179922
5223,7241.221736276021
5224,7241.221735301226
5225,7241.221740768788
5226,7241.221737392669
5227,7241.22172421221
5228,7241.221743639662
5229,7241.221734117353
5230,7241.221738631697
5231,7241.221802296215
5232,7241.221758098672
5233,7241.221758553793
5234,7241.221748099622
5235,7241.221739936429
5236,7241.221740672151
5237,7241.221737319463
5238,7241.221740429006
5239,7241.221730753257
5240,7241.221743105588
5241,7241.221717829381
5242,7241.2217475494945
5243,7214.079042460637
5244,7214.07904246063
5245,7214.079042460635
5246,7214.079042460635
5247,7214.079042460634
5248,7214.0790424606375
5249,7214.07904246064
5250,7214.079042460637
5251,7214.079042460633
5252,7214.0790348659875
5253,7214.079050839712
5254,7214.079041938296
5255,7214.0790409726915
5256,7214.0790392281
5257,7214.079044161577
5258,7214.079049911217
5259,7214.079037499344
5260,7214.079041410068
5261,7214.079041834986
5262,7214.079038579401
5263,7214.079044652313
5264,7214.079056720046
5265,7214.079045047998
5266,7214.07904337193
5267,7214.079041864421
5268,7214.0790348612845
5269,7214.079029869139
5270,7214.0790415139945
5271,7214.079038137671
5272,7214.0790413902505
5273,7214.079041698264
5274,7214.079043689008
5275,7214.079043271135
5276,7214.079034517872
5277,7214.079048920128
5278,7214.079041688708
5279,7214.079037946018
5280,7214.0790559439665
5281,7214.079042643577
5282,7214.079049223423
5283,7214.079052559128
5284,7214.079043693258
5285,7214.0790434922765
5286,7214.079044715795
5287,7214.079045176224
5288,7214.079038926325
5289,7214.079045644533
5290,7214.079039580055
5291,7214.0790503657745
5292,7206.86726401478
5293,7206.8672640147915
5294,7206.867264014792
5295,7206.867264014776
5296,7206.867264014769
5297,7206.867264014778
5298,7206.8672640147815
5299,7206.867264014772
5300,7206.867264014772
5301,7206.867260517481
5302,7206.86726866661
5303,7206.867263445002
5304,7206.867264406225
5305,7206.867265697532
5306,7206.867264935477
5307,7206.867270556682
5308,7206.86725877595
5309,7206.867262993398
5310,7206.867263181592
5311,7206.867260782581
5312,7206.867265234596
5313,7206.867274116359
5314,7206.867265368664
5315,7206.867264713506
5316,7206.867263179605
5317,7206.867259100674
5318,7206.867258214478
5319,7206.867262397316
5320,7206.867261294751
5321,7206.867263422237
5322,7206.867263217606
5323,7206.867265477828
5324,7206.867264093427
5325,7206.867258491402
5326,7206.867270641929
5327,7206.86726282101
5328,7206.867258925156
5329,7206.867268955752
5330,7206.867263623575
5331,7206.867267002788
5332,7206.867271424344
5333,7206.867265623129
5334,7206.867265294764
5335,7206.867265337715
5336,7206.867263947853
5337,7206.867261227573
5338,7206.867267341144
5339,7206.867262478045
5340,7206.867268839572
5341,7201.228184864612
5342,7201.228184864607
5343,7201.228184864605
5344,7201.228184864607
5345,7201.2281848646035
5346,7201.228184864611
5347,7201.228184864607
5348,7201.228184864609
5349,7201.228184864614
5350,7201.228182729246
5351,7201.228187447311
5352,7201.228184348053
5353,7201.228187385652
5354,7201.228188376355
5355,7201.228186976717
5356,7201.228187378529
5357,7201.228182005132
5358,7201.228184084237
5359,7201.228183790253
5360,7201.228182154011
5361,7201.228184966425
5362,7201.228186149085
5363,7201.2281839819825
5364,7201.228185136886
5365,7201.228185348825
5366,7201.228182392621
5367,7201.228185122628
5368,7201.22818498887
5369,7201.228185839771
5370,7201.228184620814
5371,7201.228184148398
5372,7201.228186441684
5373,7201.228184507235
5374,7201.228182501409
5375,7201.228191635122
5376,7201.228182867373
5377,7201.228181767108
5378,7201.228185103826
5379,7201.228186975875
5380,7201.228184632611
5381,7201.228185234995
5382,7201.228187197965
5383,7201.228186288453
5384,7201.228185107954
5385,7201.228182339532
5386,7201.228183562174
5387,7201.228188224772
5388,7201.228185682344
5389,7201.228183190838
5390,7197.428969405597
5391,7197.428969405597
5392,7197.42896940559
5393,7197.428969405595
5394,7197.428969405593
5395,7197.428969405596
5396,7197.428969405597
5397,7197.428969405584
5398,7197.4289694055915
5399,7197.428969217619
5400,7197.428964347389
5401,7197.428969042697
5402,7197.428972513586
5403,7197.428972994557
5404,7197.428968067609
5405,7197.428973243636
5406,7197.428967192144
5407,7197.428969732531
5408,7197.428967818208
5409,7197.42896701646
5410,7197.428969371198
5411,7197.428969462795
5412,7197.428967898877
5413,7197.428969440667
5414,7197.42896838563
5415,7197.428967807897
5416,7197.428974099417
5417,7197.428966489283
5418,7197.428971417641
5419,7197.428968964767
5420,7197.42896903538
5421,7197.428970991785
5422,7197.428968589247
5423,7197.428968659651
5424,7197.428976434543
5425,7197.428967596707
5426,7197.428970654046
5427,7197.428964693607
5428,7197.428967992718
5429,7197.428969198716
5430,7197.428971115336
5431,7197.428970482466
5432,7197.428970674764
5433,7197.42896885731
5434,7197.428965269797
5435,7197.428969525307
5436,7197.428972005688
5437,7197.428966935921
5438,7197.428969330048
5439,7201.1160902866195
5440,7201.116090286623
5441,7201.116090286614
5442,7201.116090286629
5443,7201.116090286621
5444,7201.116090286618
5445,7201.116090286621
5446,7201.116090286626
5447,7201.11609028662
5448,7201.116085240295
5449,7201.116100086967
5450,7201.11609002389
5451,7201.116095272599
5452,7201.11609114091
5453,7201.116100048545
5454,7201.1160703682635
5455,7201.116101239755
5456,7201.116089808636
5457,7201.116088494617
5458,7201.116086871229
5459,7201.116091303709
5460,7201.116054700126
5461,7201.116081706176
5462,7201.116090303492
5463,7201.116098881828
5464,7201.116092355437
5465,7201.116104507019
5466,7201.11610688292
5467,7201.116105999696
5468,7201.116090805631
5469,7201.116090553764
5470,7201.11609290418
5471,7201.11608989209
5472,7201.116100349748
5473,7201.116096865212
5474,7201.116087577661
5475,7201.116094684153
5476,7201.116089692845
5477,7201.116109399181
5478,7201.116080111757
5479,7201.116056776899
5480,7201.116096704531
5481,7201.11609077205
5482,7201.116089060876
5483,7201.1160839315835
5484,7201.116094030507
5485,7201.116091397863
5486,7201.116098568427
5487,7201.116061585595
5488,7195.075449906302
5489,7195.07544990632
5490,7195.075449906318
5491,7195.07544990632
5492,7195.0754499063205
5493,7195.075449906318
5494,7195.075449906321
5495,7195.075449906314
5496,7195.075449906315
5497,7195.075447969274
5498,7195.0754504949
5499,7195.075449582336
5500,7195.075453703554
5501,7195.075452514936
5502,7195.075452833801
5503,7195.075444428245
5504,7195.0754529426995
5505,7195.07544998139
5506,7195.075448254366
5507,7195.075447169129
5508,7195.075450282877
5509,7195.075436043131
5510,7195.075445576205
5511,7195.075449933409
5512,7195.075452512378
5513,7195.075449757682
5514,7195.075458433824
5515,7195.075454621978
5516,7195.075457380889
5517,7195.075449866435
5518,7195.075449781271
5519,7195.075451890278
5520,7195.07544924362
5521,7195.075453421025
5522,7195.075456766732
5523,7195.075447782784
5524,7195.075452252153
5525,7195.075446629743
5526,7195.075456472288
5527,7195.075445631539
5528,7195.07543779183
5529,7195.075453064975
5530,7195.075450858611
5531,7195.075449117789
5532,7195.075444909454
5533,7195.075451617558
5534,7195.0754519312595
5535,7195.075451597102
5536,7195.075438661568
5537,7192.53581971697
5538,7192.535819716966
5539,7192.535819716966
5540,7192.535819716969
5541,7192.535819716968
5542,7192.535819716969
5543,7192.535819716972
5544,7192.535819716967
5545,7192.535819716971
5546,7192.53581704347
5547,7192.535821120489
5548,7192.53581943011
5549,7192.535823182076
5550,7192.535821529731
5551,7192.535820469066
5552,7192.535816630516
5553,7192.535821931751
5554,7192.535819834369
5555,7192.535818008426
5556,7192.535816661508
5557,7192.5358206282
5558,7192.535810341586
5559,7192.535816703858
5560,7192.535819856285
5561,7192.535823395918
5562,7192.535819619546
5563,7192.535825633684
5564,7192.535823387028
5565,7192.535825304765
5566,7192.5358194507235
5567,7192.535819763604
5568,7192.535821664612
5569,7192.535819314818
5570,7192.53582215837
5571,7192.535826572614
5572,7192.535817530185
5573,7192.535822134138
5574,7192.535817331793
5575,7192.535824990554
5576,7192.5358170252675
5577,7192.535811256161
5578,7192.535822196654
5579,7192.535820462455
5580,7192.535819162378
5581,7192.535815097415
5582,7192.535820526174
5583,7192.53582128903
5584,7192.535821915347
5585,7192.535813919213
5586,7186.698524954257
5587,7186.6985249542495
5588,7186.6985249542495
5589,7186.698524954258
5590,7186.698524954255
5591,7186.698524954254
5592,7186.698524954256
5593,7186.6985249542495
5594,7186.698524954255
5595,7186.698521915736
5596,7186.6985170989155
5597,7186.698524756094
5598,7186.698522995518
5599,7186.698520465272
5600,7186.698528426617
5601,7186.698516777131
5602,7186.698531963628
5603,7186.698527380942
5604,7186.698522317416
5605,7186.698521962839
5606,7186.698530981857
5607,7186.698519301446
5608,7186.698520963493
5609,7186.698526883532
5610,7186.698524545824
5611,7186.698521346426
5612,7186.698525831131
5613,7186.698530884656
5614,7186.698531380479
5615,7186.698524902108
5616,7186.698526094761
5617,7186.6985263831575
5618,7186.698525846841
5619,7186.698526578677
5620,7186.698531876825
5621,7186.698524252706
5622,7186.698529986714
5623,7186.698526255412
5624,7186.698524825318
5625,7186.698523230172
5626,7186.698514457965
5627,7186.698526632539
5628,7186.698524696081
5629,7186.69852671965
5630,7186.698525779399
5631,7186.698528252537
5632,7186.69852342925
5633,7186.6985196735895
5634,7186.698516961809
5635,7210.17284164975
5636,7210.172841649758
5637,7210.172841649747
5638,7210.172841649744
5639,7210.172841649742
5640,7210.172841649746
5641,7210.172841649746
5642,7210.172841649752
5643,7210.172841649749
5644,7210.172830451855
5645,7210.17286300749
5646,7210.172841451922
5647,7210.172851437615
5648,7210.172848413569
5649,7210.172808610847
5650,7210.172891363027
5651,7210.172818371536
5652,7210.172839244179
5653,7210.172839564262
5654,7210.172838400278
5655,7210.1728405524955
5656,7210.172906245422
5657,7210.172864170449
5658,7210.1728410741225
5659,7210.172864242109
5660,7210.172848654989
5661,7210.172807912126
5662,7210.172817199987
5663,7210.172812940873
5664,7210.172839204207
5665,7210.172842466853
5666,7210.172842094022
5667,7210.1728430867315
5668,7210.172822378838
5669,7210.172849253047
5670,7210.172832418275
5671,7210.172839193828
5672,7210.172840671923
5673,7210.17282715761
5674,7210.172865030423
5675,7210.1729017264015
5676,7210.172833809088
5677,7210.172842573578
5678,7210.172840192505
5679,7210.172835094362
5680,7210.172822215586
5681,7210.172842634395
5682,7210.172868660839
5683,7210.1729298192395
5684,7184.719404799209
5685,7184.719404799214
5686,7184.719404799208
5687,7184.719404799216
5688,7184.719404799212
5689,7184.719404799213
5690,7184.719404799209
5691,7184.719404799207
5692,7184.719404799217
5693,7184.7194000169375
5694,7184.719403465502
5695,7184.71940460521
5696,7184.719405458872
5697,7184.719402693507
5698,7184.719400317443
5699,7184.719408786341
5700,7184.719405239131
5701,7184.719406179959
5702,7184.719402291328
5703,7184.719401683566
5704,7184.719409331681
5705,7184.719414066522
5706,7184.719406241214
5707,7184.719406195149
5708,7184.719409636898
5709,7184.719403629995
5710,7184.71939839417
5711,7184.719404433475
5712,7184.719403579704
5713,7184.719404228348
5714,7184.719405872274
5715,7184.71940604548
5716,7184.719405819029
5717,7184.719402048915
5718,7184.71941184587
5719,7184.719402224563
5720,7184.7194082175665
5721,7184.71940555507
5722,7184.719401694019
5723,7184.719408484758
5724,7184.7194092228765
5725,7184.71940447393
5726,7184.719404765708
5727,7184.719405880467
5728,7184.719403906292
5729,7184.719403183454
5730,7184.719403765145
5731,7184.719406863067
5732,7184.71941734099
5733,7183.439312771645
5734,7183.4393127716585
5735,7183.4393127716485
5736,7183.439312771653
5737,7183.439312771653
5738,7183.4393127716485
5739,7183.43931277165
5740,7183.439312771638
5741,7183.439312771652
5742,7183.439309234166
5743,7183.439310964774
5744,7183.439312543922
5745,7183.4393136095905
5746,7183.439312134584
5747,7183.43930897869
5748,7183.439315999908
5749,7183.439313045988
5750,7183.439314129444
5751,7183.4393101890055
5752,7183.439310172416
5753,7183.439317166047
5754,7183.439320784089
5755,7183.439313977246
5756,7183.439314205421
5757,7183.43931692819
5758,7183.439311955712
5759,7183.439307589851
5760,7183.439312645323
5761,7183.439311860945
5762,7183.439312421443
5763,7183.4393138122405
5764,7183.439313946001
5765,7183.439313672061
5766,7183.439310645486
5767,7183.439319885899
5768,7183.43931007218
5769,7183.439315440985
5770,7183.43931159188
5771,7183.439309334861
5772,7183.439315642181
5773,7183.4393160764575
5774,7183.439312736909
5775,7183.439312867398
5776,7183.439313768737
5777,7183.439311770615
5778,7183.4393112999205
5779,7183.439311848003
5780,7183.439315057128
5781,7183.439323547984
5782,7177.422022457253
5783,7177.422022457255
5784,7177.42202245726
5785,7177.422022457253
5786,7177.422022457251
5787,7177.422022457252
5788,7177.422022457248
5789,7177.422022457254
5790,7177.422022457247
5791,7177.4220212044775
5792,7177.422027340102
5793,7177.422022149751
5794,7177.422023012491
5795,7177.422025512754
5796,7177.422022668713
5797,7177.422023301288
5798,7177.422020927357
5799,7177.422022982457
5800,7177.422019336971
5801,7177.422023345464
5802,7177.422025482036
5803,7177.42202102284
5804,7177.422025259788
5805,7177.422023723029
5806,7177.4220206307145
5807,7177.422020998221
5808,7177.422020157141
5809,7177.422024104486
5810,7177.422022402257
5811,7177.422022604962
5812,7177.422023316369
5813,7177.422023027856
5814,7177.422022411345
5815,7177.422024567179
5816,7177.42202988572
5817,7177.42202027966
5818,7177.422023107645
5819,7177.422019341351
5820,7177.422019909306
5821,7177.422024926076
5822,7177.4220210448575
5823,7177.422024047877
5824,7177.4220233860315
5825,7177.422022967683
5826,7177.422022115081
5827,7177.422020845187
5828,7177.422022479554
5829,7177.422023591071
5830,7177.422025442107
5831,7173.143605526276
5832,7173.143605526277
5833,7173.143605526273
5834,7173.143605526268
5835,7173.1436055262675
5836,7173.143605526269
5837,7173.143605526273
5838,7173.143605526276
5839,7173.143605526274
5840,7173.143605848143
5841,7173.143608617784
5842,7173.143605155441
5843,7173.143606626267
5844,7173.143608265549
5845,7173.143606961188
5846,7173.143604945621
5847,7173.143604077489
5848,7173.14360725622
5849,7173.143602440535
5850,7173.143608047138
5851,7173.143606890404
5852,7173.143601518068
5853,7173.143607796212
5854,7173.143606350389
5855,7173.143600654537
5856,7173.143603727569
5857,7173.143605028391
5858,7173.143606452109
5859,7173.143606321177
5860,7173.143606504633
5861,7173.1436062009925
5862,7173.143605484297
5863,7173.1436052296995
5864,7173.143608619595
5865,7173.143613474138
5866,7173.143602786026
5867,7173.143606686577
5868,7173.143601726919
5869,7173.143602286619
5870,7173.143607270651
5871,7173.143602241407
5872,7173.143607003287
5873,7173.143607008961
5874,7173.143605777943
5875,7173.14360558663
5876,7173.14360523513
5877,7173.143606660818
5878,7173.143606235189
5879,7173.14360502019
5880,7163.919955834089
5881,7163.919955834089
5882,7163.919955834088
5883,7163.919955834078
5884,7163.919955834092
5885,7163.9199558340915
5886,7163.919955834094
5887,7163.919955834089
5888,7163.919955834089
5889,7163.919961221027
5890,7163.919957943786
5891,7163.9199554696315
5892,7163.919955255007
5893,7163.919958297709
5894,7163.91995429024
5895,7163.919953291205
5896,7163.919953891452
5897,7163.919958874554
5898,7163.91995312902
5899,7163.919958892748
5900,7163.919956733767
5901,7163.919949460168
5902,7163.919957813544
5903,7163.919956141024
5904,7163.91994920972
5905,7163.919955199979
5906,7163.91996128037
5907,7163.919956070179
5908,7163.919956716296
5909,7163.919957649994
5910,7163.91995675936
5911,7163.919955973238
5912,7163.919954997271
5913,7163.919962243449
5914,7163.919964252331
5915,7163.919954920659
5916,7163.91995479453
5917,7163.919948515947
5918,7163.919952012873
5919,7163.919953860946
5920,7163.91995057546
5921,7163.919956780648
5922,7163.919956805732
5923,7163.919956240957
5924,7163.919955462301
5925,7163.919956811444
5926,7163.919957071785
5927,7163.9199558155115
5928,7163.9199536151855
5929,7185.746665644319
5930,7185.746665644319
5931,7185.746665644319
5932,7185.746665644318
5933,7185.746665644329
5934,7185.746665644316
5935,7185.74666564432
5936,7185.746665644321
5937,7185.746665644321
5938,7185.746629667232
5939,7185.746703384234
5940,7185.746664904358
5941,7185.746671789619
5942,7185.746639928133
5943,7185.746695000899
5944,7185.746662635053
5945,7185.746663424795
5946,7185.746669473628
5947,7185.74666369839
5948,7185.746663386607
5949,7185.7466562567815
5950,7185.746647692826
5951,7185.746668800901
5952,7185.746661801291
5953,7185.746656708259
5954,7185.746646592194
5955,7185.746642293634
5956,7185.746666861727
5957,7185.746666386618
5958,7185.74666889183
5959,7185.7466656634615
5960,7185.746666451967
5961,7185.746662297812
5962,7185.7466655860035
5963,7185.746675336766
5964,7185.746662978014
5965,7185.746681066356
5966,7185.746721015236
5967,7185.74668823568
5968,7185.746679605814
5969,7185.746657158506
5970,7185.74666720228
5971,7185.746669037124
5972,7185.746661725584
5973,7185.74666220352
5974,7185.746665038743
5975,7185.746671782841
5976,7185.746654926123
5977,7185.746650364794
5978,7160.43949670422
5979,7160.439496704224
5980,7160.439496704226
5981,7160.439496704224
5982,7160.439496704219
5983,7160.439496704223
5984,7160.439496704225
5985,7160.439496704225
5986,7160.439496704225
5987,7160.439491179765
5988,7160.439508182773
5989,7160.439496250579
5990,7160.439497980497
5991,7160.4394920473915
5992,7160.439503068982
5993,7160.439494362028
5994,7160.439494466063
5995,7160.439499745885
5996,7160.439494136159
5997,7160.439498453932
5998,7160.439494893317
5999,7160.439487667783
6000,7160.439499209246
6001,7160.439495976331
6002,7160.439489473428
6003,7160.439491282701
6004,7160.439494654918
6005,7160.439497031776
6006,7160.439497337322
6007,7160.439498781452
6008,7160.439497393786
6009,7160.439497052442
6010,7160.439495182911
6011,7160.43950128059
6012,7160.439505407513
6013,7160.439495345152
6014,7160.439499749511
6015,7160.439505730585
6016,7160.43949966127
6017,7160.43949927358
6018,7160.439490982196
6019,7160.439497798554
6020,7160.439498344712
6021,7160.439495937998
6022,7160.439495429799
6023,7160.439497020857
6024,7160.439499243143
6025,7160.439494123452
6026,7160.439491386163
6027,7153.475635035788
6028,7153.475635035786
6029,7153.475635035801
6030,7153.47563503579
6031,7153.4756350357875
6032,7153.475635035789
6033,7153.475635035794
6034,7153.475635035791
6035,7153.475635035796
6036,7153.475633299964
6037,7153.475638586617
6038,7153.475634735628
6039,7153.475635202998
6040,7153.475629897326
6041,7153.475637516775
6042,7153.475632939491
6043,7153.4756326998995
6044,7153.475638581117
6045,7153.475633052163
6046,7153.475636149309
6047,7153.475633310991
6048,7153.475630344748
6049,7153.47563629086
6050,7153.475633779639
6051,7153.4756310974135
6052,7153.475632516136
6053,7153.47563604126
6054,7153.475632730211
6055,7153.475634701357
6056,7153.475636842952
6057,7153.47563614832
6058,7153.475635605882
6059,7153.475633618382
6060,7153.475638951708
6061,7153.475643603906
6062,7153.475634757926
6063,7153.475637142199
6064,7153.475639617858
6065,7153.475636017085
6066,7153.475635231585
6067,7153.475631449934
6068,7153.475634782253
6069,7153.4756356722955
6070,7153.4756343385
6071,7153.475632859297
6072,7153.475635521843
6073,7153.475637100266
6074,7153.475634999451
6075,7153.475632555786
6076,7148.181966201729
6077,7148.181966201717
6078,7148.181966201722
6079,7148.181966201721
6080,7148.181966201714
6081,7148.1819662017215
6082,7148.18196620173
6083,7148.181966201726
6084,7148.181966201727
6085,7148.181966212047
6086,7148.181967182833
6087,7148.181966045135
6088,7148.181965367845
6089,7148.181961983228
6090,7148.181966368859
6091,7148.181964552485
6092,7148.181963833085
6093,7148.181968529348
6094,7148.18196479154
6095,7148.181965165321
6096,7148.1819652366785
6097,7148.1819669117485
6098,7148.181966247949
6099,7148.181964617225
6100,7148.181967141993
6101,7148.181964892473
6102,7148.181966749595
6103,7148.1819639091955
6104,7148.181964119462
6105,7148.181966881424
6106,7148.181967638223
6107,7148.18196698507
6108,7148.181965344331
6109,7148.181968563928
6110,7148.1819740029105
6111,7148.181966292006
6112,7148.181965260671
6113,7148.181968794476
6114,7148.181966553743
6115,7148.181964721603
6116,7148.1819648166
6117,7148.18196538102
6118,7148.181965985976
6119,7148.1819655548425
6120,7148.1819647518605
6121,7148.181965682446
6122,7148.181967743249
6123,7148.181966844344
6124,7148.181967685781
6125,7144.657008464434
6126,7144.657008464434
6127,7144.657008464437
6128,7144.657008464441
6129,7144.657008464443
6130,7144.657008464437
6131,7144.657008464448
6132,7144.657008464444
6133,7144.657008464438
6134,7144.657011022726
6135,7144.656998716897
6136,7144.657008484745
6137,7144.657007290624
6138,7144.657007830534
6139,7144.6570082780745
6140,7144.657009994678
6141,7144.657005325123
6142,7144.65701020758
6143,7144.657007164388
6144,7144.65700980908
6145,7144.657007027852
6146,7144.657013559541
6147,7144.657006695179
6148,7144.657006336338
6149,7144.657008888415
6150,7144.657009283858
6151,7144.65700829287
6152,7144.657001699359
6153,7144.657005527209
6154,7144.657008372853
6155,7144.657010141883
6156,7144.657008794435
6157,7144.65700751805
6158,7144.657007245443
6159,7144.657015797524
6160,7144.657008748633
6161,7144.657008967887
6162,7144.65700501846
6163,7144.657004389946
6164,7144.657008629663
6165,7144.657011257518
6166,7144.657006356502
6167,7144.6570078404
6168,7144.657007357759
6169,7144.657006897684
6170,7144.657007891523
6171,7144.657010064837
6172,7144.657010870808
6173,7144.65701206319
6174,7142.25846671098
6175,7142.258466710982
6176,7142.258466710993
6177,7142.258466710983
6178,7142.258466710982
6179,7142.25846671098
6180,7142.258466710978
6181,7142.258466710984
6182,7142.258466710976
6183,7142.258466935508
6184,7142.258465794985
6185,7142.258466834921
6186,7142.2584648868815
6187,7142.258466904101
6188,7142.2584690321255
6189,7142.258462102414
6190,7142.2584677882705
6191,7142.258467232258
6192,7142.258465889527
6193,7142.258466196451
6194,7142.25846680179
6195,7142.258462867197
6196,7142.258461377529
6197,7142.258464522716
6198,7142.2584721692565
6199,7142.258468272971
6200,7142.258466468381
6201,7142.25846775926
6202,7142.2584669376865
6203,7142.258466130041
6204,7142.25846876066
6205,7142.258467596088
6206,7142.2584662438385
6207,7142.258467153121
6208,7142.258473065331
6209,7142.258467470244
6210,7142.258466454527
6211,7142.258465516266
6212,7142.258470352397
6213,7142.25846412291
6214,7142.258459439141
6215,7142.258466083624
6216,7142.258465000199
6217,7142.258465518244
6218,7142.258465236942
6219,7142.258466626918
6220,7142.2584672704525
6221,7142.258471184137
6222,7142.258465104141
6223,7139.488536930477
6224,7139.488536930485
6225,7139.488536930485
6226,7139.488536930478
6227,7139.488536930472
6228,7139.48853693047
6229,7139.4885369304775
6230,7139.488536930482
6231,7139.488536930479
6232,7139.488538766377
6233,7139.488535641359
6234,7139.488537005653
6235,7139.488534617852
6236,7139.488540257039
6237,7139.488536738067
6238,7139.48853669962
6239,7139.488536262508
6240,7139.488537292666
6241,7139.488536308803
6242,7139.488536233961
6243,7139.488537276588
6244,7139.488539132121
6245,7139.488533012785
6246,7139.488534812614
6247,7139.4885396774725
6248,7139.488536915951
6249,7139.488534995073
6250,7139.488536142732
6251,7139.488535041991
6252,7139.488536283326
6253,7139.488538758578
6254,7139.48853758366
6255,7139.488536549399
6256,7139.488535652681
6257,7139.488543155184
6258,7139.488537669613
6259,7139.488534897852
6260,7139.488533424712
6261,7139.488536776922
6262,7139.488535497402
6263,7139.48853517066
6264,7139.488535626132
6265,7139.4885353285235
6266,7139.488535960176
6267,7139.488536723351
6268,7139.488536930334
6269,7139.488537800342
6270,7139.4885370282655
6271,7139.48854085562
6272,7137.792515830706
6273,7137.792515830706
6274,7137.792515830709
6275,7137.79251583071
6276,7137.792515830704
6277,7137.792515830698
6278,7137.7925158307
6279,7137.792515830703
6280,7137.792515830706
6281,7137.792519552013
6282,7137.79250978464
6283,7137.7925158885
6284,7137.792511058509
6285,7137.792519405078
6286,7137.792521678173
6287,7137.792506991274
6288,7137.792519575081
6289,7137.7925168230295
6290,7137.792514997374
6291,7137.792516542176
6292,7137.792517454399
6293,7137.792504877071
6294,7137.792507688705
6295,7137.792514284039
6296,7137.792510452019
6297,7137.792512533957
6298,7137.792519744091
6299,7137.792519985029
6300,7137.792520042569
6301,7137.792515769052
6302,7137.792517542941
6303,7137.792516147264
6304,7137.792515433465
6305,7137.792518245957
6306,7137.792521867016
6307,7137.792518092444
6308,7137.792516072794
6309,7137.7925115748985
6310,7137.792516464775
6311,7137.792511396824
6312,7137.792502744086
6313,7137.79251623481
6314,7137.792514293171
6315,7137.792515501768
6316,7137.792518162427
6317,7137.792520326118
6318,7137.792516639543
6319,7137.792507161304
6320,7137.792503300369
6321,7135.181498985402
6322,7135.181498985403
6323,7135.181498985403
6324,7135.1814989854
6325,7135.1814989854065
6326,7135.181498985405
6327,7135.181498985408
6328,7135.1814989854
6329,7135.181498985404
6330,7135.18150098558
6331,7135.181500498187
6332,7135.181498991081
6333,7135.181495548319
6334,7135.1815038435125
6335,7135.181498732912
6336,7135.181498974366
6337,7135.181499324158
6338,7135.181499906317
6339,7135.181498690825
6340,7135.181499103977
6341,7135.181499741974
6342,7135.181497285565
6343,7135.181495686128
6344,7135.18149699213
6345,7135.181494898558
6346,7135.18149572286
6347,7135.181497850051
6348,7135.181500116258
6349,7135.181498857835
6350,7135.181498965328
6351,7135.181500433053
6352,7135.1814991939755
6353,7135.181498676175
6354,7135.181498497701
6355,7135.181505041866
6356,7135.181500266624
6357,7135.181498352014
6358,7135.181496055159
6359,7135.181498605509
6360,7135.181498011409
6361,7135.181495481474
6362,7135.18149803193
6363,7135.18149747293
6364,7135.181498503731
6365,7135.181500719951
6366,7135.181501756163
6367,7135.18150038332
6368,7135.181491954009
6369,7135.181500519471
6370,7132.702971070943
6371,7132.702971070956
6372,7132.7029710709485
6373,7132.702971070953
6374,7132.702971070953
6375,7132.702971070944
6376,7132.70297107095
6377,7132.702971070953
6378,7132.7029710709485
6379,7132.702971905585
6380,7132.702975860339
6381,7132.702971084061
6382,7132.702968417627
6383,7132.702975555785
6384,7132.702967645789
6385,7132.7029748046
6386,7132.702970345166
6387,7132.702972244497
6388,7132.702971171273
6389,7132.7029714968985
6390,7132.702971270593
6391,7132.702971853247
6392,7132.702970286995
6393,7132.702968741036
6394,7132.702967648973
6395,7132.702968606628
6396,7132.702968349133
6397,7132.702970829549
6398,7132.70296967477
6399,7132.702971208498
6400,7132.702972435047
6401,7132.702971152648
6402,7132.7029708588
6403,7132.702969482292
6404,7132.702977117518
6405,7132.702971868001
6406,7132.702971536131
6407,7132.70296906317
6408,7132.702971166366
6409,7132.7029717358
6410,7132.702971001229
6411,7132.702969446944
6412,7132.702969374445
6413,7132.702970517769
6414,7132.702972083503
6415,7132.702973498173
6416,7132.702972754318
6417,7132.70296659676
6418,7132.702978380433
6419,7127.949759702922
6420,7127.949759702915
6421,7127.949759702913
6422,7127.9497597029185
6423,7127.949759702915
6424,7127.949759702922
6425,7127.9497597029185
6426,7127.949759702912
6427,7127.949759702918
6428,7127.94975873757
6429,7127.9497660074485
6430,7127.949759780318
6431,7127.949757838841
6432,7127.949762263149
6433,7127.949753760742
6434,7127.949766599302
6435,7127.949758308541
6436,7127.94976095658
6437,7127.949760376512
6438,7127.9497607294215
6439,7127.949759515207
6440,7127.949761735724
6441,7127.949762088791
6442,7127.9497569774585
6443,7127.949756909467
6444,7127.949758431848
6445,7127.949755782701
6446,7127.949758134003
6447,7127.949757503386
6448,7127.949759772768
6449,7127.94976107523
6450,7127.949759454833
6451,7127.949759920048
6452,7127.949756903949
6453,7127.949765458184
6454,7127.949759836229
6455,7127.949762891898
6456,7127.94975952473
6457,7127.9497608071915
6458,7127.949762176539
6459,7127.949762522878
6460,7127.9497575433525
6461,7127.949757515975
6462,7127.949759149244
6463,7127.949760153321
6464,7127.94976220532
6465,7127.949761561377
6466,7127.949758729843
6467,7127.9497710659025
6468,7120.82150705039
6469,7120.821507050391
6470,7120.821507050385
6471,7120.82150705039
6472,7120.821507050386
6473,7120.821507050387
6474,7120.821507050387
6475,7120.821507050391
6476,7120.821507050386
6477,7120.821506591854
6478,7120.821512748641
6479,7120.821507157957
6480,7120.8215067932815
6481,7120.8215086995415
6482,7120.82150116005
6483,7120.821515298291
6484,7120.821503966201
6485,7120.821507723169
6486,7120.821508337447
6487,7120.821507884997
6488,7120.82150667718
6489,7120.821510869122
6490,7120.821513056786
6491,7120.821503977826
6492,7120.821506170821
6493,7120.821507701213
6494,7120.821503174364
6495,7120.821504623511
6496,7120.821503154951
6497,7120.821507030782
6498,7120.8215085108395
6499,7120.821506320039
6500,7120.821508204678
6501,7120.821503943987
6502,7120.821512398483
6503,7120.821505235706
6504,7120.821509956739
6505,7120.821506087168
6506,7120.82150755552
6507,7120.821509744334
6508,7120.821512154809
6509,7120.821505175584
6510,7120.821504361956
6511,7120.821506443973
6512,7120.821507596749
6513,7120.821509319114
6514,7120.82150900883
6515,7120.82150965151
6516,7120.821518702697
6517,7117.4282265123475
6518,7117.428226512356
6519,7117.428226512356
6520,7117.428226512355
6521,7117.428226512359
6522,7117.428226512346
6523,7117.428226512349
6524,7117.428226512357
6525,7117.428226512358
6526,7117.428205982011
6527,7117.428236979429
6528,7117.42822661542
6529,7117.428226457416
6530,7117.428212046447
6531,7117.428231357382
6532,7117.428238709944
6533,7117.428222805052
6534,7117.428226181959
6535,7117.4282281917785
6536,7117.42822204393
6537,7117.428227625702
6538,7117.4282361727255
6539,7117.428237168972
6540,7117.428224073709
6541,7117.428225342401
6542,7117.428220475913
6543,7117.428208433059
6544,7117.428223394236
6545,7117.428219681242
6546,7117.428225388287
6547,7117.428228239993
6548,7117.428226366916
6549,7117.4282282448985
6550,7117.428216873276
6551,7117.428230664864
6552,7117.4282257304485
6553,7117.428239508588
6554,7117.4282527350315
6555,7117.428234776156
6556,7117.428237274198
6557,7117.428239470041
6558,7117.428224474685
6559,7117.428222844626
6560,7117.428225654655
6561,7117.428224720791
6562,7117.4282275048345
6563,7117.428226795891
6564,7117.428222489269
6565,7117.428238384425
6566,7107.1857603782355
6567,7107.1857603782355
6568,7107.185760378233
6569,7107.185760378239
6570,7107.185760378234
6571,7107.185760378243
6572,7107.185760378239
6573,7107.185760378232
6574,7107.1857603782355
6575,7107.185758847903
6576,7107.185752273394
6577,7107.185760577549
6578,7107.185759975627
6579,7107.185756421386
6580,7107.185758766425
6581,7107.18576440288
6582,7107.18575931162
6583,7107.18576138881
6584,7107.185762251665
6585,7107.1857571304445
6586,7107.185764486128
6587,7107.185765895869
6588,7107.185766700628
6589,7107.185759057578
6590,7107.185761026853
6591,7107.185762958015
6592,7107.18576072631
6593,7107.185758475386
6594,7107.185757441925
6595,7107.185760739139
6596,7107.185762582902
6597,7107.18576008687
6598,7107.185763415044
6599,7107.1857574564865
6600,7107.185764696309
6601,7107.185758537855
6602,7107.185765631342
6603,7107.185759545496
6604,7107.185760479062
6605,7107.185759505882
6606,7107.18576412649
6607,7107.185759028003
6608,7107.185755572568
6609,7107.18576042374
6610,7107.185758560303
6611,7107.185764515314
6612,7107.185759138737
6613,7107.185762047311
6614,7107.1857627553
6615,7103.172015750058
6616,7103.172015750041
6617,7103.172015750054
6618,7103.172015750071
6619,7103.172015750058
6620,7103.172015750059
6621,7103.172015750059
6622,7103.172015750058
6623,7103.1720157500595
6624,7103.172015914704
6625,7103.172007465519
6626,7103.1720159357665
6627,7103.172014975038
6628,7103.172012919802
6629,7103.172017899097
6630,7103.172012699832
6631,7103.172017096229
6632,7103.17201640994
6633,7103.172017141276
6634,7103.172011855785
6635,7103.1720206122955
6636,7103.172014708097
6637,7103.172018128393
6638,7103.1720148994245
6639,7103.172017448565
6640,7103.172018770661
6641,7103.172019885935
6642,7103.172018326034
6643,7103.172015542394
6644,7103.172016061742
6645,7103.172018083372
6646,7103.172015790267
6647,7103.172018781222
6648,7103.172015973983
6649,7103.172019967096
6650,7103.172014168664
6651,7103.172018361413
6652,7103.172012959119
6653,7103.172017960332
6654,7103.172010987052
6655,7103.1720112383
6656,7103.172015939479
6657,7103.172011105623
6658,7103.1720158301305
6659,7103.172013953879
6660,7103.172020387857
6661,7103.172013964449
6662,7103.172017052864
6663,7103.17200927679
6664,7096.224228760813
6665,7096.22422876081
6666,7096.224228760811
6667,7096.22422876081
6668,7096.224228760809
6669,7096.224228760809
6670,7096.224228760808
6671,7096.224228760814
6672,7096.224228760808
6673,7096.224230153183
6674,7096.224220855613
6675,7096.224228900792
6676,7096.224228057834
6677,7096.224227561934
6678,7096.224234422932
6679,7096.224220080862
6680,7096.224232029262
6681,7096.224228911102
6682,7096.224229694845
6683,7096.224222530217
6684,7096.224234787092
6685,7096.224225153807
6686,7096.22422694353
6687,7096.224228692657
6688,7096.2242322404145
6689,7096.224231828399
6690,7096.224235322257
6691,7096.22423554332
6692,7096.224229970448
6693,7096.224229139424
6694,7096.22423117285
6695,7096.224229306119
6696,7096.224231986542
6697,7096.2242312291355
6698,7096.224232735491
6699,7096.224227091085
6700,7096.224226806528
6701,7096.224224274754
6702,7096.224232532393
6703,7096.224220030885
6704,7096.224218356092
6705,7096.224230171951
6706,7096.224224326462
6707,7096.22422883256
6708,7096.224226498301
6709,7096.2242331638045
6710,7096.224226062946
6711,7096.224228112361
6712,7096.224215741922
6713,7083.527765911499
6714,7083.527765911514
6715,7083.527765911506
6716,7083.527765911507
6717,7083.52776591151
6718,7083.527765911504
6719,7083.527765911505
6720,7083.5277659115
6721,7083.5277659115
6722,7083.527770099943
6723,7083.52775239756
6724,7083.527766067018
6725,7083.527766544592
6726,7083.52776690181
6727,7083.527773447075
6728,7083.5277559393835
6729,7083.527769179247
6730,7083.527765468081
6731,7083.527765900869
6732,7083.527760652888
6733,7083.527770827966
6734,7083.527763307245
6735,7083.527760601051
6736,7083.527765920661
6737,7083.527767539757
6738,7083.527769484599
6739,7083.527774117892
6740,7083.527771758121
6741,7083.5277671310205
6742,7083.5277661706505
6743,7083.527768165959
6744,7083.5277661519885
6745,7083.527769188548
6746,7083.527768772925
6747,7083.527769889462
6748,7083.527762769304
6749,7083.527760988797
6750,7083.5277576593635
6751,7083.52776698462
6752,7083.527756187468
6753,7083.527755173937
6754,7083.527767333435
6755,7083.52776271237
6756,7083.5277655480495
6757,7083.5277640610675
6758,7083.527769277569
6759,7083.527763770005
6760,7083.52776407136
6761,7083.5277492411415
6762,7293.011353290563
6763,7293.011353290565
6764,7293.011353290565
6765,7293.011353290565
6766,7293.011353290559
6767,7293.011353290562
6768,7293.011353290561
6769,7293.011353290567
6770,7293.011353290562
6771,7293.011336137071
6772,7293.011442377358
6773,7293.0113531678635
6774,7293.011356849652
6775,7293.01131327748
6776,7293.011382775498
6777,7293.011267258451
6778,7293.011397964302
6779,7293.011367553298
6780,7293.01136196411
6781,7293.011300787472
6782,7293.011360651419
6783,7293.011258034549
6784,7293.011291664709
6785,7293.011354890565
6786,7293.011383250845
6787,7293.0113382658255
6788,7293.011377276554
6789,7293.011427387227
6790,7293.011393287365
6791,7293.011381512974
6792,7293.0113524972385
6793,7293.011351177
6794,7293.011362713428
6795,7293.011391980566
6796,7293.0113602290485
6797,7293.0113469033795
6798,7293.011338313778
6799,7293.0114069589645
6800,7293.011420939734
6801,7293.01131440366
6802,7293.011243040697
6803,7293.011362968951
6804,7293.011348498625
6805,7293.011353505785
6806,7293.011354047927
6807,7293.011373194067
6808,7293.011345951507
6809,7293.011312867976
6810,7293.011261794674
6811,7073.445242218782
6812,7073.44524221878
6813,7073.445242218779
6814,7073.445242218779
6815,7073.445242218786
6816,7073.445242218778
6817,7073.445242218775
6818,7073.4452422187705
6819,7073.445242218772
6820,7073.44524009674
6821,7073.445251592062
6822,7073.4452422990125
6823,7073.445244148664
6824,7073.445236913189
6825,7073.445256530702
6826,7073.44521816429
6827,7073.445252529674
6828,7073.445242686545
6829,7073.445243226557
6830,7073.445230354103
6831,7073.445247084659
6832,7073.44521929237
6833,7073.445228127197
6834,7073.445242199377
6835,7073.445249215089
6836,7073.445243158374
6837,7073.445252796621
6838,7073.445262602303
6839,7073.445250380575
6840,7073.445244207877
6841,7073.445244080317
6842,7073.445242825728
6843,7073.445246302157
6844,7073.445252281765
6845,7073.445245557982
6846,7073.4452380920575
6847,7073.445234819925
6848,7073.445246993458
6849,7073.445259178345
6850,7073.445227248118
6851,7073.445211245933
6852,7073.445246597856
6853,7073.445239008275
6854,7073.445241526129
6855,7073.445240337334
6856,7073.445247428901
6857,7073.445239856471
6858,7073.445237228615
6859,7073.4452097549665
6860,7048.551734984432
6861,7048.5517349844295
6862,7048.551734984425
6863,7048.551734984431
6864,7048.551734984429
6865,7048.55173498443
6866,7048.551734984428
6867,7048.551734984428
6868,7048.551734984429
6869,7048.551737139811
6870,7048.551735321003
6871,7048.551735143976
6872,7048.551740162564
6873,7048.551729607023
6874,7048.551741050832
6875,7048.5517205583255
6876,7048.551742536569
6877,7048.551736887936
6878,7048.551735645161
6879,7048.55172433382
6880,7048.551736561934
6881,7048.551726378599
6882,7048.551721212166
6883,7048.5517340106535
6884,7048.5517382973285
6885,7048.5517366746035
6886,7048.551743704201
6887,7048.551745422448
6888,7048.55173874724
6889,7048.551739008561
6890,7048.551736186987
6891,7048.5517343229185
6892,7048.55173954239
6893,7048.5517416472085
6894,7048.551739167241
6895,7048.551727235959
6896,7048.551725880102
6897,7048.551735570022
6898,7048.551742696239
6899,7048.551723982153
6900,7048.551717700669
6901,7048.551735570108
6902,7048.551733453414
6903,7048.551733750935
6904,7048.551734595088
6905,7048.551737401116
6906,7048.551734538433
6907,7048.55172773461
6908,7048.551714629206
6909,7029.983636374729
6910,7029.983636374739
6911,7029.983636374739
6912,7029.98363637474
6913,7029.98363637474
6914,7029.983636374738
6915,7029.983636374733
6916,7029.983636374732
6917,7029.98363637473
6918,7029.983633901127
6919,7029.9836395836155
6920,7029.983636738099
6921,7029.983641886998
6922,7029.98363257023
6923,7029.983643580392
6924,7029.983634600944
6925,7029.983637749053
6926,7029.983635353323
6927,7029.983634348625
6928,7029.983636422367
6929,7029.983634332985
6930,7029.983629340939
6931,7029.983624907471
6932,7029.983634349592
6933,7029.983630828323
6934,7029.983639128455
6935,7029.9836350117685
6936,7029.983637216911
6937,7029.98363569308
6938,7029.983637895288
6939,7029.983637336665
6940,7029.983636074956
6941,7029.983638977854
6942,7029.983637623198
6943,7029.9836403082645
6944,7029.983629465054
6945,7029.98363239804
6946,7029.983641656796
6947,7029.983642623313
6948,7029.983638666172
6949,7029.983631105978
6950,7029.983635640962
6951,7029.983637308785
6952,7029.983633383823
6953,7029.983635247955
6954,7029.983631954112
6955,7029.983638517527
6956,7029.983634860017
6957,7029.9836241242365
6958,7024.755302384147
6959,7024.755302384151
6960,7024.755302384146
6961,7024.755302384145
6962,7024.755302384138
6963,7024.75530238414
6964,7024.75530238414
6965,7024.7553023841465
6966,7024.755302384137
6967,7024.755303619225
6968,7024.75530805255
6969,7024.7553028579605
6970,7024.75530493048
6971,7024.755297974367
6972,7024.755285639685
6973,7024.755324532591
6974,7024.755297515576
6975,7024.755305791081
6976,7024.755303159915
6977,7024.755294726865
6978,7024.75530532361
6979,7024.755326789651
6980,7024.755310013719
6981,7024.755302389741
6982,7024.755300865956
6983,7024.755308719419
6984,7024.755296032889
6985,7024.7552896816405
6986,7024.7552900898045
6987,7024.755311545212
6988,7024.755302910542
6989,7024.755302620245
6990,7024.755306541261
6991,7024.75529841862
6992,7024.755307570933
6993,7024.7552982432435
6994,7024.755295271023
6995,7024.755302195132
6996,7024.755298805352
6997,7024.75530956063
6998,7024.755325843243
6999,7024.755295282772
7000,7024.755301185936
7001,7024.755300579245
7002,7024.755298469882
7003,7024.755293866596
7004,7024.7553013979605
7005,7024.755298587683
7006,7024.755328322696
7007,7012.862723536166
7008,7012.862723536157
7009,7012.862723536166
7010,7012.862723536165
7011,7012.86272353616
7012,7012.862723536164
7013,7012.8627235361655
7014,7012.862723536167
7015,7012.862723536167
7016,7012.862723175163
7017,7012.862724624351
7018,7012.862724103537
7019,7012.862724397454
7020,7012.8627198935465
7021,7012.862719321312
7022,7012.8627324753925
7023,7012.86272292692
7024,7012.862724674216
7025,7012.862722489681
7026,7012.862722605005
7027,7012.862726179967
7028,7012.862726269066
7029,7012.862721098559
7030,7012.8627234154355
7031,7012.862717045792
7032,7012.86272942653
7033,7012.862721300136
7034,7012.862717727827
7035,7012.8627190709585
7036,7012.862727981533
7037,7012.862724515432
7038,7012.862724337091
7039,7012.862726656642
7040,7012.862722749324
7041,7012.862727665433
7042,7012.8627211601415
7043,7012.862722028933
7044,7012.862724556494
7045,7012.862725052521
7046,7012.862729482267
7047,7012.862729982673
7048,7012.862719908819
7049,7012.86272298177
7050,7012.86272143876
7051,7012.862720568846
7052,7012.86271810522
7053,7012.862723304148
7054,7012.862722082043
7055,7012.862726655824
7056,7005.754711167927
7057,7005.754711167933
7058,7005.754711167927
7059,7005.7547111679305
7060,7005.754711167932
7061,7005.75471116792
7062,7005.754711167927
7063,7005.754711167925
7064,7005.754711167925
7065,7005.754711219817
7066,7005.754714854545
7067,7005.754711775718
7068,7005.754710061183
7069,7005.7547095079235
7070,7005.754707976091
7071,7005.754716569298
7072,7005.754711660421
7073,7005.754711497596
7074,7005.754709743024
7075,7005.754711270149
7076,7005.7547150682785
7077,7005.754709306813
7078,7005.754707167082
7079,7005.754711612966
7080,7005.75470486457
7081,7005.754717530386
7082,7005.754709847247
7083,7005.754708890788
7084,7005.754707979218
7085,7005.754714485559
7086,7005.754712269152
7087,7005.754712477909
7088,7005.754714187532
7089,7005.754711809398
7090,7005.75471482053
7091,7005.754710530149
7092,7005.754709422532
7093,7005.754710957908
7094,7005.754714601971
7095,7005.754715953127
7096,7005.754713005705
7097,7005.754708758852
7098,7005.754710566538
7099,7005.754709351706
7100,7005.754708601516
7101,7005.754705927512
7102,7005.754710470909
7103,7005.754711230626
7104,7005.754711479178
7105,6996.748642530994
7106,6996.748642530985
7107,6996.748642530985
7108,6996.748642530991
7109,6996.748642530991
7110,6996.748642530987
7111,6996.74864253098
7112,6996.748642530988
7113,6996.748642530987
7114,6996.748647212431
7115,6996.7486225343255
7116,6996.748643636414
7117,6996.748629555071
7118,6996.748634527161
7119,6996.748663289893
7120,6996.748597640259
7121,6996.748669336538
7122,6996.748645863311
7123,6996.74864015394
7124,6996.748647067547
7125,6996.748655470978
7126,6996.748580376152
7127,6996.74860389676
7128,6996.748647050192
7129,6996.748620982565
7130,6996.748643781075
7131,6996.748663447181
7132,6996.748666161602
7133,6996.748668508652
7134,6996.748647570709
7135,6996.748643599638
7136,6996.74864506726
7137,6996.748646825485
7138,6996.748658622723
7139,6996.7486452457615
7140,6996.748651203892
7141,6996.74865678266
7142,6996.748641128793
7143,6996.748652996861
7144,6996.74863372191
7145,6996.748587005967
7146,6996.748646891553
7147,6996.748641668501
7148,6996.748643239206
7149,6996.748648444212
7150,6996.7486556411
7151,6996.748639116908
7152,6996.748624428912
7153,6996.74857274567
7154,6975.690924305415
7155,6975.690924305408
7156,6975.690924305408
7157,6975.690924305405
7158,6975.690924305416
7159,6975.69092430542
7160,6975.690924305415
7161,6975.690924305415
7162,6975.690924305416
7163,6975.690928795388
7164,6975.690918178496
7165,6975.690925170068
7166,6975.690911740579
7167,6975.690928438921
7168,6975.690923256251
7169,6975.690913266055
7170,6975.690932754696
7171,6975.690923698697
7172,6975.690922084627
7173,6975.690926180618
7174,6975.6909372848495
7175,6975.690913561664
7176,6975.690914407829
7177,6975.690928803233
7178,6975.690915859582
7179,6975.690930397225
7180,6975.690927397748
7181,6975.69093402171
7182,6975.690926459812
7183,6975.69092566656
7184,6975.690925589603
7185,6975.690927487924
7186,6975.690928635737
7187,6975.690927831477
7188,6975.690926486826
7189,6975.690932396768
7190,6975.690925701456
7191,6975.690914859777
7192,6975.6909257476345
7193,6975.690922663251
7194,6975.690911258155
7195,6975.69092568627
7196,6975.6909231093705
7197,6975.690925203746
7198,6975.690927237806
7199,6975.690923604729
7200,6975.690920309924
7201,6975.690921744477
7202,6975.690913340466
7203,6966.9194143422155
7204,6966.9194143422155
7205,6966.919414342211
7206,6966.919414342217
7207,6966.919414342224
7208,6966.919414342214
7209,6966.9194143422155
7210,6966.919414342215
7211,6966.919414342211
7212,6966.919416983415
7213,6966.919415809667
7214,6966.919415099334
7215,6966.919403100793
7216,6966.919417788527
7217,6966.91940859493
7218,6966.919409149414
7219,6966.9194205627
7220,6966.91941399196
7221,6966.919412930351
7222,6966.919411457975
7223,6966.919427109855
7224,6966.919416535535
7225,6966.919408427992
7226,6966.919418885669
7227,6966.919410098017
7228,6966.919418818789
7229,6966.919411399043
7230,6966.919422756067
7231,6966.919411517038
7232,6966.919417163472
7233,6966.919415110625
7234,6966.919417165542
7235,6966.919419233117
7236,6966.9194151541915
7237,6966.919416680785
7238,6966.919421036246
7239,6966.919411285744
7240,6966.919408003583
7241,6966.919414860342
7242,6966.9194137465365
7243,6966.919410175409
7244,6966.919414609637
7245,6966.919413402082
7246,6966.919415301548
7247,6966.919417631685
7248,6966.9194110775825
7249,6966.919410116534
7250,6966.919409477619
7251,6966.919416754715
7252,6952.6272384078875
7253,6952.627238407879
7254,6952.627238407894
7255,6952.627238407883
7256,6952.627238407884
7257,6952.62723840788
7258,6952.627238407886
7259,6952.627238407891
7260,6952.6272384078875
7261,6952.627233343592
7262,6952.627247893554
7263,6952.627239026062
7264,6952.627228275492
7265,6952.627236804896
7266,6952.627234719579
7267,6952.627233378891
7268,6952.627245592066
7269,6952.627238218341
7270,6952.62723779866
7271,6952.6272314749
7272,6952.627249067239
7273,6952.627247936568
7274,6952.627233032958
7275,6952.627242001767
7276,6952.62723635723
7277,6952.627236784823
7278,6952.627225467571
7279,6952.627248784715
7280,6952.6272333720535
7281,6952.627242998469
7282,6952.627238100974
7283,6952.62724047823
7284,6952.627243577095
7285,6952.627234895573
7286,6952.627240724729
7287,6952.627243659582
7288,6952.627237083109
7289,6952.627243700763
7290,6952.627240533755
7291,6952.627240659095
7292,6952.627238334895
7293,6952.627238867687
7294,6952.6272386197925
7295,6952.627239278418
7296,6952.6272447619485
7297,6952.627235024838
7298,6952.627235404046
7299,6952.627227050622
7300,6952.627246956039
7301,6933.777979392696
7302,6933.777979392698
7303,6933.7779793926975
7304,6933.777979392694
7305,6933.777979392695
7306,6933.777979392691
7307,6933.777979392686
7308,6933.7779793926875
7309,6933.777979392689
7310,6933.777988779655
7311,6933.777970006491
7312,6933.777979971751
7313,6933.777973254532
7314,6933.777986426038
7315,6933.777962348476
7316,6933.777976255172
7317,6933.777985907158
7318,6933.777980700074
7319,6933.777980704494
7320,6933.777970295134
7321,6933.777987148655
7322,6933.777999007241
7323,6933.77797479196
7324,6933.777981420762
7325,6933.777980199846
7326,6933.777982391444
7327,6933.777981178474
7328,6933.777983339828
7329,6933.777973321824
7330,6933.7779900883725
7331,6933.777977879774
7332,6933.777980843973
7333,6933.7779846066605
7334,6933.777979504483
7335,6933.777982365089
7336,6933.777980797944
7337,6933.777971019848
7338,6933.7779615314475
7339,6933.777969344684
7340,6933.777972501055
7341,6933.777983702734
7342,6933.777978075475
7343,6933.777980181182
7344,6933.777979448473
7345,6933.777986169401
7346,6933.777978357671
7347,6933.777978165105
7348,6933.777969945853
7349,6933.777993995181
7350,6902.4185967666945
7351,6902.41859676669
7352,6902.418596766685
7353,6902.418596766689
7354,6902.418596766688
7355,6902.418596766691
7356,6902.418596766689
7357,6902.418596766694
7358,6902.418596766698
7359,6902.418585144608
7360,6902.418614937296
7361,6902.418596859828
7362,6902.418600000308
7363,6902.4185944266965
7364,6902.418593776693
7365,6902.418596930166
7366,6902.418597960848
7367,6902.418593078846
7368,6902.41859808329
7369,6902.418588553735
7370,6902.418587753914
7371,6902.41860731477
7372,6902.418597804586
7373,6902.418589074596
7374,6902.41860385062
7375,6902.418591346457
7376,6902.418584140798
7377,6902.418601005564
7378,6902.418588462412
7379,6902.418601187107
7380,6902.418593548001
7381,6902.4185973768
7382,6902.418599059356
7383,6902.418594302149
7384,6902.4185975395485
7385,6902.418589822634
7386,6902.418597826621
7387,6902.4186064178175
7388,6902.418600936619
7389,6902.418598610888
7390,6902.418603671169
7391,6902.418599944392
7392,6902.418600780717
7393,6902.418592684667
7394,6902.418606028659
7395,6902.418593083543
7396,6902.4186049834025
7397,6902.418593488808
7398,6902.418609672533
7399,6889.344399956166
7400,6889.344399956166
7401,6889.344399956166
7402,6889.344399956169
7403,6889.344399956161
7404,6889.3443999561705
7405,6889.3443999561605
7406,6889.344399956168
7407,6889.3443999561705
7408,6889.34439384024
7409,6889.344397568597
7410,6889.344400349191
7411,6889.3443989556035
7412,6889.344400597543
7413,6889.344399987129
7414,6889.344397016075
7415,6889.344403279252
7416,6889.344396383899
7417,6889.344400776614
7418,6889.344396824846
7419,6889.34439577955
7420,6889.344398674319
7421,6889.344396880786
7422,6889.344394503085
7423,6889.344401213074
7424,6889.344399848753
7425,6889.34439764277
7426,6889.344399441656
7427,6889.344397149158
7428,6889.344404792084
7429,6889.344396846291
7430,6889.344402836497
7431,6889.344401592716
7432,6889.344400911733
7433,6889.344400441963
7434,6889.344397952684
7435,6889.344407794657
7436,6889.344398619156
7437,6889.344398202764
7438,6889.344400356265
7439,6889.34440100256
7440,6889.344403188574
7441,6889.344403671126
7442,6889.344395280555
7443,6889.344406183031
7444,6889.344399256078
7445,6889.344406432783
7446,6889.344399518685
7447,6889.344398577086
7448,6880.125771163743
7449,6880.125771163743
7450,6880.125771163738
7451,6880.125771163738
7452,6880.125771163747
7453,6880.12577116374
7454,6880.125771163737
7455,6880.125771163743
7456,6880.1257711637345
7457,6880.125768347021
7458,6880.125762302962
7459,6880.1257717482285
7460,6880.125766688324
7461,6880.1257748781845
7462,6880.125772069346
7463,6880.125769877358
7464,6880.125773247805
7465,6880.125766781353
7466,6880.125771867228
7467,6880.125769225437
7468,6880.125771510007
7469,6880.1257611838655
7470,6880.125768934224
7471,6880.125768032186
7472,6880.125771818394
7473,6880.125776717176
7474,6880.12577676475
7475,6880.125766128841
7476,6880.125770524008
7477,6880.12577546207
7478,6880.125768150555
7479,6880.125776254628
7480,6880.12577225347
7481,6880.125776642141
7482,6880.125770942957
7483,6880.125773808432
7484,6880.125780698725
7485,6880.125762579377
7486,6880.125767860666
7487,6880.125770401086
7488,6880.125770147107
7489,6880.1257748357175
7490,6880.125774483728
7491,6880.125765356254
7492,6880.1257718630195
7493,6880.125770215044
7494,6880.125775285123
7495,6880.125775856606
7496,6880.125762883563
7497,6867.460656583361
7498,6867.4606565833565
7499,6867.460656583349
7500,6867.460656583354
7501,6867.46065658335
7502,6867.460656583349
7503,6867.460656583354
7504,6867.460656583358
7505,6867.460656583364
7506,6867.46065638602
7507,6867.4606457228165
7508,6867.46065724455
7509,6867.460650322334
7510,6867.460662159514
7511,6867.460658970811
7512,6867.4606560012435
7513,6867.46065799829
7514,6867.460651170658
7515,6867.460657062928
7516,6867.460654937418
7517,6867.46065955236
7518,6867.4606431424545
7519,6867.460654945633
7520,6867.460654886778
7521,6867.4606564313235
7522,6867.460663707767
7523,6867.460665461525
7524,6867.460649945471
7525,6867.460656722503
7526,6867.460659035813
7527,6867.460653576363
7528,6867.460662567381
7529,6867.460657511466
7530,6867.460664788324
7531,6867.460657614993
7532,6867.460661470125
7533,6867.460664126991
7534,6867.460644772416
7535,6867.460651565442
7536,6867.460654404874
7537,6867.460654707976
7538,6867.460660864111
7539,6867.460659854508
7540,6867.460650407121
7541,6867.460655637614
7542,6867.460655469831
7543,6867.460659312644
7544,6867.460661586939
7545,6867.460644447233
7546,6820.662723390156
7547,6820.66272339016
7548,6820.662723390158
7549,6820.662723390156
7550,6820.662723390154
7551,6820.662723390157
7552,6820.662723390159
7553,6820.6627233901545
7554,6820.662723390159
7555,6820.662725281095
7556,6820.6627114988305
7557,6820.662724271416
7558,6820.662711403531
7559,6820.662727526815
7560,6820.662729969157
7561,6820.662721091527
7562,6820.662730126508
7563,6820.662716670923
7564,6820.662724421547
7565,6820.662721635702
7566,6820.662733845104
7567,6820.662699315575
7568,6820.662718865968
7569,6820.662726453129
7570,6820.662719736625
7571,6820.6627312668115
7572,6820.662739962303
7573,6820.662717299814
7574,6820.662730030986
7575,6820.662720269329
7576,6820.662720043147
7577,6820.662731004633
7578,6820.662724131207
7579,6820.662736254069
7580,6820.662727481685
7581,6820.662736113079
7582,6820.662728807589
7583,6820.662714701961
7584,6820.662719756914
7585,6820.662715954893
7586,6820.662714809978
7587,6820.662728402225
7588,6820.662726348021
7589,6820.662715917293
7590,6820.662717669163
7591,6820.662725878192
7592,6820.662721908377
7593,6820.662725566708
7594,6820.6627004799975
7595,6821.851144818094
7596,6821.851144818091
7597,6821.851144818092
7598,6821.851144818098
7599,6821.851144818097
7600,6821.851144818096
7601,6821.851144818094
7602,6821.851144818096
7603,6821.851144818099
7604,6821.851158110339
7605,6821.851103150927
7606,6821.851145337023
7607,6821.851139872162
7608,6821.851163534999
7609,6821.851154815107
7610,6821.8511561604855
7611,6821.851137045748
7612,6821.8511344514945
7613,6821.851142094705
7614,6821.851157364057
7615,6821.851152135356
7616,6821.8511593592675
7617,6821.851152419595
7618,6821.85114560137
7619,6821.8511380726495
7620,6821.851166291421
7621,6821.851156586726
7622,6821.851121730209
7623,6821.851136613672
7624,6821.851134798095
7625,6821.8511437915895
7626,6821.851155994249
7627,6821.851144670802
7628,6821.851143109224
7629,6821.851147311899
7630,6821.851147745491
7631,6821.851130003968
7632,6821.851116780342
7633,6821.851126945301
7634,6821.85113621844
7635,6821.851155913177
7636,6821.851147923747
7637,6821.851147465666
7638,6821.851138887285
7639,6821.851133036417
7640,6821.851133680393
7641,6821.851147073723
7642,6821.851176353652
7643,6821.8511391656475
7644,6799.5203296945365
7645,6799.520329694538
7646,6799.520329694539
7647,6799.52032969454
7648,6799.520329694542
7649,6799.520329694537
7650,6799.520329694537
7651,6799.520329694536
7652,6799.520329694536
7653,6799.520337919235
7654,6799.520304505464
7655,6799.520330366511
7656,6799.520321318954
7657,6799.520341560907
7658,6799.520336436934
7659,6799.52033534606
7660,6799.520328761184
7661,6799.520321161205
7662,6799.520329049281
7663,6799.520334044194
7664,6799.520338567998
7665,6799.520327276154
7666,6799.520332397586
7667,6799.520331669795
7668,6799.520325269195
7669,6799.520343957144
7670,6799.520343512363
7671,6799.520315452607
7672,6799.520328030432
7673,6799.520322722145
7674,6799.52032749121
7675,6799.520338777591
7676,6799.52033012439
7677,6799.520335625725
7678,6799.520333200418
7679,6799.520337426006
7680,6799.520323317767
7681,6799.5203105391065
7682,6799.520318266985
7683,6799.520321448528
7684,6799.520332374144
7685,6799.520333591211
7686,6799.520332409567
7687,6799.520323177947
7688,6799.520321631631
7689,6799.520325170488
7690,6799.520329907518
7691,6799.520345437587
7692,6799.520317952116
7693,6774.060820516991
7694,6774.060820516988
7695,6774.060820516988
7696,6774.0608205169865
7697,6774.060820516983
7698,6774.060820516984
7699,6774.060820516996
7700,6774.060820516985
7701,6774.060820516993
7702,6774.060825847016
7703,6774.060827700927
7704,6774.060821085253
7705,6774.060811591667
7706,6774.060826808847
7707,6774.06083886674
7708,6774.060800822332
7709,6774.060835413005
7710,6774.060813032167
7711,6774.060821215539
7712,6774.060812885344
7713,6774.060832114028
7714,6774.060799789327
7715,6774.060802473041
7716,6774.060825849485
7717,6774.060820464504
7718,6774.060819258938
7719,6774.060832442348
7720,6774.060832803746
7721,6774.060830249354
7722,6774.060811811176
7723,6774.060817227547
7724,6774.060826306188
7725,6774.06082281412
7726,6774.060834247049
7727,6774.060826310528
7728,6774.060829448652
7729,6774.060800808245
7730,6774.060822538053
7731,6774.060823748122
7732,6774.060802364024
7733,6774.060796984675
7734,6774.060828277211
7735,6774.060823615028
7736,6774.060814468788
7737,6774.060819281809
7738,6774.060824664693
7739,6774.060816456429
7740,6774.060814849303
7741,6774.060788024767
7742,6768.409749996279
7743,6768.409749996277
7744,6768.409749996277
7745,6768.409749996278
7746,6768.409749996279
7747,6768.409749996279
7748,6768.409749996279
7749,6768.409749996281
7750,6768.409749996283
7751,6768.409742082174
7752,6768.409776309247
7753,6768.409750015506
7754,6768.40974497503
7755,6768.409760206478
7756,6768.40972524074
7757,6768.409796683454
7758,6768.4097368736975
7759,6768.409742523424
7760,6768.409752522228
7761,6768.409741549814
7762,6768.409755608089
7763,6768.409824218455
7764,6768.409786481268
7765,6768.409751838984
7766,6768.40975493464
7767,6768.409748815855
7768,6768.409718506351
7769,6768.409730428326
7770,6768.409718536352
7771,6768.409741108715
7772,6768.409746408564
7773,6768.409754454911
7774,6768.409751532996
7775,6768.409731226239
7776,6768.409755349516
7777,6768.409754160728
7778,6768.409723852181
7779,6768.409760640302
7780,6768.4097386157055
7781,6768.409761333493
7782,6768.409805709213
7783,6768.409744643271
7784,6768.409752461708
7785,6768.409744259711
7786,6768.409745596753
7787,6768.409731883406
7788,6768.409748750774
7789,6768.409753164733
7790,6768.409827758447
7791,6745.466803895155
7792,6745.466803895171
7793,6745.466803895171
7794,6745.4668038951695
7795,6745.46680389517
7796,6745.4668038951595
7797,6745.466803895164
7798,6745.466803895159
7799,6745.466803895154
7800,6745.466798912014
7801,6745.466826754913
7802,6745.466804121874
7803,6745.4667990391445
7804,6745.46681048284
7805,6745.466801997605
7806,6745.466812441751
7807,6745.466807292616
7808,6745.4667976827695
7809,6745.466805350012
7810,6745.466799145543
7811,6745.466808234674
7812,6745.46682896935
7813,6745.466809114925
7814,6745.466804604248
7815,6745.466805644724
7816,6745.466800820559
7817,6745.466789607948
7818,6745.466805333999
7819,6745.466793839971
7820,6745.466796047936
7821,6745.466800644013
7822,6745.466808939108
7823,6745.46680541951
7824,6745.466797183464
7825,6745.466808940126
7826,6745.466806837224
7827,6745.4667835500895
7828,6745.466816222135
7829,6745.466805612515
7830,6745.466803833905
7831,6745.466816110677
7832,6745.466805149257
7833,6745.466806632047
7834,6745.466798781907
7835,6745.466802113029
7836,6745.466798312951
7837,6745.466804364151
7838,6745.466805850012
7839,6745.466827175826
7840,6734.013106142712
7841,6734.0131061427155
7842,6734.0131061427155
7843,6734.013106142712
7844,6734.013106142707
7845,6734.013106142708
7846,6734.013106142715
7847,6734.013106142716
7848,6734.013106142717
7849,6734.013103354018
7850,6734.013120130748
7851,6734.013106445278
7852,6734.013102179174
7853,6734.013110934435
7854,6734.013109577405
7855,6734.013102735849
7856,6734.0131159681205
7857,6734.013101562742
7858,6734.013107667206
7859,6734.013103023195
7860,6734.013109555544
7861,6734.013117476381
7862,6734.013101025383
7863,6734.01310617733
7864,6734.013105922162
7865,6734.013102535827
7866,6734.013098860751
7867,6734.013112480387
7868,6734.01310336824
7869,6734.013099761219
7870,6734.013102918151
7871,6734.013111104675
7872,6734.013107528517
7873,6734.013101496933
7874,6734.013110934834
7875,6734.013107933155
7876,6734.013089803094
7877,6734.013116890165
7878,6734.013108622616
7879,6734.013103187293
7880,6734.013105612207
7881,6734.013108177903
7882,6734.01310881986
7883,6734.013101158478
7884,6734.013106199911
7885,6734.013106063187
7886,6734.013107471581
7887,6734.01310681869
7888,6734.013113143023
7889,6707.774761852896
7890,6707.774761852904
7891,6707.7747618528965
7892,6707.7747618529
7893,6707.774761852903
7894,6707.774761852901
7895,6707.774761852896
7896,6707.774761852898
7897,6707.774761852899
7898,6707.774763062574
7899,6707.774751759419
7900,6707.774762300896
7901,6707.774760863345
7902,6707.774762403771
7903,6707.774769487895
7904,6707.774742679267
7905,6707.774782765434
7906,6707.774762161691
7907,6707.774764263343
7908,6707.774762553828
7909,6707.774762511784
7910,6707.774756005331
7911,6707.7747417850405
7912,6707.774759909201
7913,6707.774757490016
7914,6707.774758133631
7915,6707.774766578894
7916,6707.774771578706
7917,6707.774770032766
7918,6707.774759770793
7919,6707.774758709291
7920,6707.774766672619
7921,6707.774762501256
7922,6707.774755732804
7923,6707.774765985772
7924,6707.774760438917
7925,6707.774756592763
7926,6707.774768779024
7927,6707.774761380122
7928,6707.774758291731
7929,6707.7747455654035
7930,6707.774762296563
7931,6707.77476392384
7932,6707.774756729284
7933,6707.77476474196
7934,6707.774771936267
7935,6707.774765344148
7936,6707.774761878454
7937,6707.774748899106
7938,6686.997484478762
7939,6686.997484478765
7940,6686.997484478765
7941,6686.997484478765
7942,6686.997484478762
7943,6686.997484478763
7944,6686.997484478761
7945,6686.997484478767
7946,6686.997484478765
7947,6686.997485202825
7948,6686.9974708295895
7949,6686.99748493562
7950,6686.997485399552
7951,6686.997482870137
7952,6686.997490441003
7953,6686.997464525975
7954,6686.997506978023
7955,6686.997487492528
7956,6686.997487555333
7957,6686.997485960756
7958,6686.997483001957
7959,6686.997474069063
7960,6686.997463258407
7961,6686.997481059265
7962,6686.997479963271
7963,6686.997480400592
7964,6686.99749241915
7965,6686.997493040676
7966,6686.997494210782
7967,6686.997484675121
7968,6686.997481471144
7969,6686.997489295706
7970,6686.997484377447
7971,6686.99747619181
7972,6686.997488340188
7973,6686.997481381559
7974,6686.99748440839
7975,6686.997493110055
7976,6686.99748437293
7977,6686.9974850276285
7978,6686.9974672774615
7979,6686.99748290943
7980,6686.997485971341
7981,6686.997478666255
7982,6686.99748662782
7983,6686.997497002925
7984,6686.997488977939
7985,6686.997486013283
7986,6686.997471559778
7987,6654.62028768416
7988,6654.620287684158
7989,6654.6202876841535
7990,6654.62028768416
7991,6654.620287684156
7992,6654.6202876841635
7993,6654.620287684158
7994,6654.620287684158
7995,6654.620287684156
7996,6654.620311635746
7997,6654.620261551874
7998,6654.620288061889
7999,6654.620293678085
8000,6654.620289830498
8001,6654.620292899152
8002,6654.620252181377
8003,6654.620309660833
8004,6654.620294032848
8005,6654.620289712743
8006,6654.620276711341
8007,6654.620285521113
8008,6654.620242042572
8009,6654.620260226346
8010,6654.620285656293
8011,6654.620288692109
8012,6654.620278845685
8013,6654.620333604772
8014,6654.620301543127
8015,6654.620304575835
8016,6654.6202915284875
8017,6654.620285309846
8018,6654.620288901924
8019,6654.620287884694
8020,6654.620311068074
8021,6654.620289982549
8022,6654.6202831689025
8023,6654.620278492099
8024,6654.620271568318
8025,6654.6202769264855
8026,6654.620268018201
8027,6654.620252640564
8028,6654.6202874905985
8029,6654.620288938289
8030,6654.620280684168
8031,6654.620298885848
8032,6654.620305619726
8033,6654.620286629149
8034,6654.620268437091
8035,6654.620242547496
8036,6621.860958869976
8037,6621.8609588699765
8038,6621.8609588699765
8039,6621.860958869985
8040,6621.860958869983
8041,6621.860958869981
8042,6621.860958869975
8043,6621.860958869973
8044,6621.860958869982
8045,6621.860962267242
8046,6621.860966650106
8047,6621.860958753079
8048,6621.860966682779
8049,6621.8609613437375
8050,6621.8609651438455
8051,6621.860955163103
8052,6621.860952544016
8053,6621.860963380783
8054,6621.860956159831
8055,6621.8609652066225
8056,6621.860948689744
8057,6621.86093460769
8058,6621.860962629691
8059,6621.860947655507
8060,6621.8609541711985
8061,6621.860950727769
8062,6621.860964915899
8063,6621.860954059925
8064,6621.860952372021
8065,6621.860959990405
8066,6621.860959084005
8067,6621.86096506604
8068,6621.860956462747
8069,6621.8609570533135
8070,6621.860957355809
8071,6621.860945386034
8072,6621.860961508131
8073,6621.860967501545
8074,6621.860955652515
8075,6621.86098125418
8076,6621.86096071088
8077,6621.860955444872
8078,6621.8609593900255
8079,6621.860953386002
8080,6621.860963897471
8081,6621.860956726628
8082,6621.860966843629
8083,6621.860962929153
8084,6621.860956417267
8085,6592.393543417114
8086,6592.3935434171135
8087,6592.3935434171035
8088,6592.393543417111
8089,6592.393543417115
8090,6592.393543417113
8091,6592.393543417113
8092,6592.3935434171135
8093,6592.393543417113
8094,6592.393546572825
8095,6592.393545883491
8096,6592.393543542958
8097,6592.393541105153
8098,6592.393543532662
8099,6592.393543363857
8100,6592.3935495350925
8101,6592.393541715443
8102,6592.393548083316
8103,6592.393542941271
8104,6592.393542660914
8105,6592.393545099056
8106,6592.393537798951
8107,6592.393550229456
8108,6592.393542163872
8109,6592.393542778561
8110,6592.39353698825
8111,6592.393543090106
8112,6592.393536754443
8113,6592.39353635582
8114,6592.393544151962
8115,6592.39354299426
8116,6592.393548371139
8117,6592.393542323767
8118,6592.393536973032
8119,6592.393543086797
8120,6592.393544228689
8121,6592.393543912394
8122,6592.393553963291
8123,6592.393533489395
8124,6592.393564914032
8125,6592.39355569954
8126,6592.393536551736
8127,6592.393543892275
8128,6592.39353756292
8129,6592.393544007587
8130,6592.393544857484
8131,6592.393542699926
8132,6592.393536477961
8133,6592.393555690786
8134,6561.647050331836
8135,6561.647050331847
8136,6561.647050331845
8137,6561.647050331844
8138,6561.6470503318415
8139,6561.6470503318415
8140,6561.647050331841
8141,6561.647050331839
8142,6561.647050331839
8143,6561.647052189661
8144,6561.647067385487
8145,6561.6470503295905
8146,6561.647048895706
8147,6561.647056602561
8148,6561.647038545728
8149,6561.647048869697
8150,6561.6470524358665
8151,6561.647053747223
8152,6561.64705102802
8153,6561.647042726195
8154,6561.647051327503
8155,6561.647051130377
8156,6561.64705452761
8157,6561.647049909108
8158,6561.647057483981
8159,6561.647046393292
8160,6561.647061605494
8161,6561.6470561542355
8162,6561.647043804944
8163,6561.647051985019
8164,6561.647048889547
8165,6561.647053927625
8166,6561.647052118321
8167,6561.647055354669
8168,6561.647050902835
8169,6561.6470500658215
8170,6561.647040860809
8171,6561.647053399226
8172,6561.647052995599
8173,6561.647051444125
8174,6561.647054847429
8175,6561.6470466910805
8176,6561.647051318682
8177,6561.647044541744
8178,6561.647046533462
8179,6561.647051171725
8180,6561.647048663305
8181,6561.6470501621
8182,6561.647069033535
8183,6510.386003591976
8184,6510.386003591966
8185,6510.38600359197
8186,6510.386003591967
8187,6510.386003591971
8188,6510.3860035919715
8189,6510.386003591972
8190,6510.386003591968
8191,6510.386003591973
8192,6510.386003667856
8193,6510.386007529478
8194,6510.386003660673
8195,6510.385999866423
8196,6510.386008776644
8197,6510.385998018551
8198,6510.386003586779
8199,6510.386003065354
8200,6510.386007127464
8201,6510.386002150653
8202,6510.385995126656
8203,6510.386008823572
8204,6510.3860107641185
8205,6510.386012314702
8206,6510.386006482563
8207,6510.386012063487
8208,6510.386002292584
8209,6510.38601245835
8210,6510.386004637798
8211,6510.385995316577
8212,6510.386006909
8213,6510.386003484746
8214,6510.386007763609
8215,6510.3860069753555
8216,6510.386009972146
8217,6510.386001061819
8218,6510.386005565155
8219,6510.386000691551
8220,6510.386004165594
8221,6510.386000942061
8222,6510.386003283986
8223,6510.386012222849
8224,6510.3859999222495
8225,6510.3860046032005
8226,6510.385998957815
8227,6510.385997447462
8228,6510.3860018270225
8229,6510.385998070675
8230,6510.386004183341
8231,6510.386019552786
8232,6532.339991444483
8233,6532.33999144448
8234,6532.33999144448
8235,6532.33999144448
8236,6532.339991444477
8237,6532.339991444476
8238,6532.339991444479
8239,6532.339991444474
8240,6532.339991444483
8241,6532.339974491888
8242,6532.340075797791
8243,6532.339991477033
8244,6532.339980982872
8245,6532.339975337358
8246,6532.340010791335
8247,6532.339982986983
8248,6532.340003785086
8249,6532.339997499078
8250,6532.339986201461
8251,6532.33997723937
8252,6532.3399860934915
8253,6532.339974351491
8254,6532.339993276508
8255,6532.33999098779
8256,6532.339999200604
8257,6532.339971676392
8258,6532.339966449658
8259,6532.340021670596
8260,6532.339991835697
8261,6532.339995243435
8262,6532.339992839892
8263,6532.339986958593
8264,6532.33999365453
8265,6532.340004960173
8266,6532.339985571109
8267,6532.3400003844345
8268,6532.3399957430065
8269,6532.340043883088
8270,6532.340010256608
8271,6532.3399897501895
8272,6532.339986523601
8273,6532.3399908735555
8274,6532.33999293881
8275,6532.339990280702
8276,6532.339992716748
8277,6532.339997223426
8278,6532.339983809934
8279,6532.339962169565
8280,6532.339996099074
8281,6479.295930346856
8282,6479.295930346846
8283,6479.295930346844
8284,6479.295930346842
8285,6479.295930346848
8286,6479.295930346854
8287,6479.295930346854
8288,6479.295930346854
8289,6479.295930346851
8290,6479.295922115418
8291,6479.295973465103
8292,6479.295930313106
8293,6479.295925392918
8294,6479.295927593488
8295,6479.295932458088
8296,6479.295926482433
8297,6479.295934630105
8298,6479.295934736443
8299,6479.295927618168
8300,6479.295918130992
8301,6479.295929887921
8302,6479.295929833881
8303,6479.295937098149
8304,6479.295930943739
8305,6479.295939085412
8306,6479.295918520085
8307,6479.2959234150185
8308,6479.29594550028
8309,6479.295924267683
8310,6479.295933638801
8311,6479.295930539744
8312,6479.295930780405
8313,6479.2959335347
8314,6479.295940495518
8315,6479.2959268699315
8316,6479.295932861338
8317,6479.295927103022
8318,6479.295953712637
8319,6479.295938657113
8320,6479.295929495007
8321,6479.295933860183
8322,6479.295928198427
8323,6479.295931653651
8324,6479.2959273350425
8325,6479.295929273077
8326,6479.2959307436595
8327,6479.295924663292
8328,6479.2959171874545
8329,6479.295945313745
8330,6476.464151363657
8331,6476.464151363654
8332,6476.464151363662
8333,6476.464151363657
8334,6476.46415136366
8335,6476.464151363654
8336,6476.464151363654
8337,6476.464151363653
8338,6476.464151363653
8339,6476.464173147867
8340,6476.4641138200595
8341,6476.464152134412
8342,6476.464149839266
8343,6476.46417003079
8344,6476.464122119014
8345,6476.464178629675
8346,6476.464144553504
8347,6476.464155487817
8348,6476.46414793304
8349,6476.464153806258
8350,6476.4641561340595
8351,6476.464206132358
8352,6476.464180915976
8353,6476.464154020103
8354,6476.464151513386
8355,6476.464164125695
8356,6476.46415176021
8357,6476.464131664862
8358,6476.4641364296185
8359,6476.464158805901
8360,6476.464154869251
8361,6476.464156087624
8362,6476.464154482314
8363,6476.464151928351
8364,6476.464143286181
8365,6476.464150491178
8366,6476.464153962148
8367,6476.464113123184
8368,6476.464118751164
8369,6476.464143125031
8370,6476.464189247398
8371,6476.464139436917
8372,6476.4641500670305
8373,6476.464152666815
8374,6476.464148363063
8375,6476.464149720696
8376,6476.464147319307
8377,6476.464155339458
8378,6476.464202681918
8379,6459.69553222722
8380,6459.695532227221
8381,6459.69553222722
8382,6459.69553222722
8383,6459.695532227226
8384,6459.695532227224
8385,6459.695532227221
8386,6459.695532227224
8387,6459.69553222722
8388,6459.695539462393
8389,6459.695533296959
8390,6459.695532588549
8391,6459.695528913769
8392,6459.695540229956
8393,6459.69551837757
8394,6459.695543927086
8395,6459.695530643492
8396,6459.695536492867
8397,6459.69552916859
8398,6459.695527604022
8399,6459.69553442856
8400,6459.69555979071
8401,6459.6955503391255
8402,6459.695533885877
8403,6459.695536313312
8404,6459.695533307684
8405,6459.695529949612
8406,6459.6955298829935
8407,6459.695521479195
8408,6459.695537652947
8409,6459.69553405359
8410,6459.695534821449
8411,6459.695535389388
8412,6459.695537768558
8413,6459.695526458903
8414,6459.695533034512
8415,6459.6955319464105
8416,6459.695523419813
8417,6459.695518911682
8418,6459.695527262945
8419,6459.695553182999
8420,6459.695525199569
8421,6459.695532232628
8422,6459.695531469275
8423,6459.695530229175
8424,6459.695531744419
8425,6459.695527391299
8426,6459.695527845792
8427,6459.695565428181
8428,6449.227241454026
8429,6449.227241454029
8430,6449.227241454033
8431,6449.22724145403
8432,6449.22724145403
8433,6449.227241454035
8434,6449.227241454034
8435,6449.227241454031
8436,6449.227241454034
8437,6449.227245638916
8438,6449.227236483607
8439,6449.2272419397
8440,6449.227236232364
8441,6449.22724420293
8442,6449.227249981581
8443,6449.227232773227
8444,6449.227253820307
8445,6449.227246971721
8446,6449.227237840803
8447,6449.227242731801
8448,6449.227245273449
8449,6449.227237893134
8450,6449.227241495789
8451,6449.227243253943
8452,6449.227241102545
8453,6449.227243656018
8454,6449.227244258314
8455,6449.227247634072
8456,6449.227245276887
8457,6449.2272465351725
8458,6449.227243744465
8459,6449.227245558396
8460,6449.227245002894
8461,6449.227250636842
8462,6449.227235718858
8463,6449.2272426153095
8464,6449.227254662702
8465,6449.227238277341
8466,6449.227237165368
8467,6449.227230713437
8468,6449.227235509981
8469,6449.227239038315
8470,6449.227241134098
8471,6449.227241463326
8472,6449.227239994743
8473,6449.227247536224
8474,6449.22723809226
8475,6449.2272403573925
8476,6449.227236245635
8477,6440.062933589833
8478,6440.062933589835
8479,6440.062933589835
8480,6440.0629335898375
8481,6440.062933589841
8482,6440.0629335898375
8483,6440.0629335898375
8484,6440.062933589831
8485,6440.062933589832
8486,6440.062943369085
8487,6440.062925030679
8488,6440.062934096872
8489,6440.062929658004
8490,6440.062938374817
8491,6440.062944017096
8492,6440.062922692385
8493,6440.062947520299
8494,6440.06293930474
8495,6440.062930337616
8496,6440.062935895279
8497,6440.062936444867
8498,6440.062921856069
8499,6440.06293043363
8500,6440.062934798578
8501,6440.0629315971155
8502,6440.062936478958
8503,6440.062941760672
8504,6440.0629393863765
8505,6440.062940875456
8506,6440.0629383541
8507,6440.0629359050035
8508,6440.062937504413
8509,6440.062936427254
8510,6440.062944994582
8511,6440.062928541738
8512,6440.062934418468
8513,6440.062945071699
8514,6440.062925502362
8515,6440.062926861689
8516,6440.06292082612
8517,6440.062922611083
8518,6440.062931637191
8519,6440.06293293201
8520,6440.062933466625
8521,6440.062934165127
8522,6440.062941654868
8523,6440.062930896525
8524,6440.062931063227
8525,6440.062919615899
8526,6409.413371257548
8527,6409.413371257556
8528,6409.413371257556
8529,6409.413371257547
8530,6409.413371257552
8531,6409.41337125755
8532,6409.4133712575485
8533,6409.413371257555
8534,6409.413371257553
8535,6409.413383275498
8536,6409.413371280936
8537,6409.413371548148
8538,6409.413375990847
8539,6409.413379820125
8540,6409.413379320706
8541,6409.413372589367
8542,6409.413376171227
8543,6409.413373982538
8544,6409.41336969142
8545,6409.413378330382
8546,6409.413365424957
8547,6409.413360501886
8548,6409.4133762676265
8549,6409.4133652171295
8550,6409.413362259413
8551,6409.413372942057
8552,6409.413375603182
8553,6409.413365102502
8554,6409.413376345992
8555,6409.413373031909
8556,6409.413373268299
8557,6409.413374839449
8558,6409.413371798415
8559,6409.413377634992
8560,6409.41337000627
8561,6409.413363678786
8562,6409.413377191584
8563,6409.4133633472175
8564,6409.413361480218
8565,6409.413362701123
8566,6409.413367290232
8567,6409.413369681208
8568,6409.413368923526
8569,6409.4133705730665
8570,6409.4133776305935
8571,6409.413373101505
8572,6409.413374916974
8573,6409.413374538611
8574,6409.413361776681
8575,6396.229363778421
8576,6396.229363778426
8577,6396.229363778431
8578,6396.229363778426
8579,6396.229363778432
8580,6396.229363778424
8581,6396.2293637784205
8582,6396.229363778427
8583,6396.229363778422
8584,6396.229382334041
8585,6396.229348074914
8586,6396.229364270095
8587,6396.229363673624
8588,6396.229367351336
8589,6396.229384578198
8590,6396.229357961855
8591,6396.229381841136
8592,6396.229367772662
8593,6396.2293649417725
8594,6396.229367832136
8595,6396.229363773868
8596,6396.229324830536
8597,6396.2293531502255
8598,6396.229366162788
8599,6396.229359700153
8600,6396.229369714667
8601,6396.229382304567
8602,6396.229356989168
8603,6396.229386558207
8604,6396.2293656351285
8605,6396.229365858241
8606,6396.2293651260325
8607,6396.2293638327465
8608,6396.229371720221
8609,6396.229364659894
8610,6396.229370616655
8611,6396.229378690759
8612,6396.229356239071
8613,6396.2293532667545
8614,6396.229348044387
8615,6396.229341659369
8616,6396.229362710976
8617,6396.22936074876
8618,6396.229360212572
8619,6396.229365668579
8620,6396.229376108753
8621,6396.229360789701
8622,6396.229357694667
8623,6396.2293221925465
8624,6357.911166758244
8625,6357.911166758242
8626,6357.911166758235
8627,6357.911166758235
8628,6357.911166758236
8629,6357.911166758244
8630,6357.911166758245
8631,6357.911166758242
8632,6357.911166758243
8633,6357.9111670373595
8634,6357.911165808073
8635,6357.911166807769
8636,6357.911170090899
8637,6357.911170140078
8638,6357.911175286919
8639,6357.911171694667
8640,6357.91116950015
8641,6357.9111664935845
8642,6357.91116817651
8643,6357.911170904166
8644,6357.911163666466
8645,6357.911162125165
8646,6357.911170528128
8647,6357.911164504753
8648,6357.911161227519
8649,6357.911167714941
8650,6357.911167692588
8651,6357.911157442848
8652,6357.91117102514
8653,6357.911165369166
8654,6357.911168045241
8655,6357.911169587707
8656,6357.911168044391
8657,6357.911162355018
8658,6357.911169263816
8659,6357.911164514652
8660,6357.911177129633
8661,6357.911173011507
8662,6357.911163530852
8663,6357.911161493411
8664,6357.911167994304
8665,6357.911165757036
8666,6357.911163727347
8667,6357.911163494333
8668,6357.9111681844215
8669,6357.911165689134
8670,6357.911167447418
8671,6357.91117298531
8672,6357.911161545668
8673,6339.214145048778
8674,6339.214145048782
8675,6339.214145048782
8676,6339.21414504878
8677,6339.214145048784
8678,6339.214145048778
8679,6339.214145048778
8680,6339.214145048782
8681,6339.214145048783
8682,6339.214138536498
8683,6339.214150510861
8684,6339.214144867055
8685,6339.2141490346075
8686,6339.214148993536
8687,6339.214144895896
8688,6339.214152206198
8689,6339.21414205844
8690,6339.214143052855
8691,6339.214146522146
8692,6339.214148397395
8693,6339.214140437134
8694,6339.214156743058
8695,6339.214152507118
8696,6339.214141539202
8697,6339.214140341818
8698,6339.214144780638
8699,6339.214141364313
8700,6339.214139062547
8701,6339.214141497104
8702,6339.2141426523285
8703,6339.214146196812
8704,6339.214147534495
8705,6339.214147147479
8706,6339.214136494546
8707,6339.214147961933
8708,6339.214140408287
8709,6339.214153255638
8710,6339.214154303068
8711,6339.21414581795
8712,6339.2141409709675
8713,6339.214156088593
8714,6339.214144057399
8715,6339.214141897123
8716,6339.21414250063
8717,6339.214145162939
8718,6339.2141405046605
8719,6339.214146438567
8720,6339.214154591993
8721,6339.21415742297
8722,6321.608147241752
8723,6321.608147241757
8724,6321.608147241757
8725,6321.60814724175
8726,6321.608147241748
8727,6321.608147241749
8728,6321.608147241757
8729,6321.608147241746
8730,6321.608147241748
8731,6321.608140729881
8732,6321.608151764165
8733,6321.6081468402035
8734,6321.608150709125
8735,6321.608153265647
8736,6321.608145283734
8737,6321.608146126941
8738,6321.608143773423
8739,6321.608143798295
8740,6321.608148461844
8741,6321.608149652848
8742,6321.608142779021
8743,6321.6081594638235
8744,6321.608147864169
8745,6321.608144298698
8746,6321.608143788474
8747,6321.608146909255
8748,6321.608148140074
8749,6321.608149402394
8750,6321.608142358053
8751,6321.608143414474
8752,6321.608148449297
8753,6321.608149375554
8754,6321.608150082946
8755,6321.608139784911
8756,6321.608150448097
8757,6321.608142534183
8758,6321.608151823958
8759,6321.6081530381
8760,6321.608150955605
8761,6321.608139422422
8762,6321.608155505175
8763,6321.608148075908
8764,6321.608144136203
8765,6321.6081454622645
8766,6321.608147161479
8767,6321.60814397841
8768,6321.608148009005
8769,6321.608155891334
8770,6321.608157865567
8771,6297.754929447
8772,6297.754929446995
8773,6297.754929446997
8774,6297.754929446998
8775,6297.754929447001
8776,6297.754929447004
8777,6297.754929447003
8778,6297.754929446997
8779,6297.7549294470045
8780,6297.754913825545
8781,6297.754928537698
8782,6297.754928919136
8783,6297.754928329327
8784,6297.754926817935
8785,6297.754932849777
8786,6297.754933798574
8787,6297.754918327736
8788,6297.754924218031
8789,6297.754929430645
8790,6297.754933066935
8791,6297.754927765639
8792,6297.754953838147
8793,6297.7549339582565
8794,6297.754928584756
8795,6297.754925845467
8796,6297.754928527915
8797,6297.754913388344
8798,6297.754926421317
8799,6297.7549178662275
8800,6297.754924491154
8801,6297.7549319158925
8802,6297.754931831795
8803,6297.754932496346
8804,6297.75491060276
8805,6297.754931299214
8806,6297.754927484586
8807,6297.754942563427
8808,6297.754947114245
8809,6297.754929872845
8810,6297.754935542422
8811,6297.754952093197
8812,6297.7549291565865
8813,6297.754925946759
8814,6297.754929215983
8815,6297.754926659529
8816,6297.754922742606
8817,6297.754928892607
8818,6297.754936455038
8819,6297.754947923525
8820,6265.604008795345
8821,6265.604008795348
8822,6265.604008795343
8823,6265.604008795339
8824,6265.6040087953415
8825,6265.60400879534
8826,6265.604008795343
8827,6265.604008795346
8828,6265.604008795352
8829,6265.60401045011
8830,6265.604007130509
8831,6265.604008326331
8832,6265.604006682172
8833,6265.604014166259
8834,6265.604011710569
8835,6265.603996075557
8836,6265.604005707424
8837,6265.604004627309
8838,6265.604007826584
8839,6265.6040102795705
8840,6265.604006341485
8841,6265.604010942701
8842,6265.603996885669
8843,6265.604008504739
8844,6265.604007443687
8845,6265.604009775209
8846,6265.604007950028
8847,6265.604016633051
8848,6265.6040054431
8849,6265.604004385769
8850,6265.604011808738
8851,6265.604010402439
8852,6265.604012498132
8853,6265.604001520909
8854,6265.604010111754
8855,6265.604007366375
8856,6265.60400907244
8857,6265.604007989261
8858,6265.604010005158
8859,6265.60400545059
8860,6265.604010059348
8861,6265.60401113021
8862,6265.604005278424
8863,6265.604010124723
8864,6265.604008126627
8865,6265.60400833683
8866,6265.604007439928
8867,6265.604008600914
8868,6265.604005236008
8869,6249.875157772871
8870,6249.875157772875
8871,6249.875157772875
8872,6249.875157772871
8873,6249.875157772878
8874,6249.875157772877
8875,6249.875157772877
8876,6249.87515777288
8877,6249.875157772876
8878,6249.8751651113835
8879,6249.8751579198815
8880,6249.875157587565
8881,6249.875154109968
8882,6249.875162369427
8883,6249.875160441356
8884,6249.875148077351
8885,6249.875156624884
8886,6249.875155698336
8887,6249.875156717722
8888,6249.875157514954
8889,6249.8751550577845
8890,6249.875151250557
8891,6249.875147089495
8892,6249.875158013959
8893,6249.875157913763
8894,6249.875158832373
8895,6249.875156145035
8896,6249.875160949963
8897,6249.875157995328
8898,6249.875155615818
8899,6249.87516114389
8900,6249.875158781268
8901,6249.875161302151
8902,6249.875152439348
8903,6249.875158378207
8904,6249.875158317818
8905,6249.875156049724
8906,6249.8751554635455
8907,6249.87515658333
8908,6249.875158237321
8909,6249.875156122723
8910,6249.875158769664
8911,6249.875154067312
8912,6249.875159112693
8913,6249.875156449346
8914,6249.8751580298795
8915,6249.875155667221
8916,6249.875153235556
8917,6249.875150144593
8918,6240.792143862855
8919,6240.792143862852
8920,6240.792143862856
8921,6240.792143862856
8922,6240.792143862853
8923,6240.792143862849
8924,6240.792143862851
8925,6240.792143862856
8926,6240.792143862847
8927,6240.792164501161
8928,6240.79210535453
8929,6240.792144366059
8930,6240.792141992275
8931,6240.792150927112
8932,6240.7921303759085
8933,6240.792145012849
8934,6240.792145673519
8935,6240.792144895794
8936,6240.792144382632
8937,6240.792147323785
8938,6240.792144188257
8939,6240.792142680216
8940,6240.792138606977
8941,6240.792146928251
8942,6240.792143943896
8943,6240.792156613063
8944,6240.792157613876
8945,6240.792127730601
8946,6240.792150342176
8947,6240.792147271288
8948,6240.79214809715
8949,6240.792146183751
8950,6240.792147017446
8951,6240.792139638515
8952,6240.792143242368
8953,6240.7921460505
8954,6240.792149720439
8955,6240.792115747057
8956,6240.792131445168
8957,6240.792138502359
8958,6240.792146032691
8959,6240.79213954836
8960,6240.792138899628
8961,6240.792145223213
8962,6240.7921368224615
8963,6240.792147667582
8964,6240.792141720749
8965,6240.792147376038
8966,6240.792138842096
8967,6232.729989300164
8968,6232.729989300158
8969,6232.729989300166
8970,6232.729989300159
8971,6232.729989300153
8972,6232.729989300157
8973,6232.729989300156
8974,6232.729989300159
8975,6232.729989300158
8976,6232.729990729553
8977,6232.729977373851
8978,6232.729989910092
8979,6232.729983790414
8980,6232.729979955628
8981,6232.730000425901
8982,6232.729970880416
8983,6232.730008195474
8984,6232.7299932252145
8985,6232.729989106879
8986,6232.729989802842
8987,6232.729987110499
8988,6232.729952136743
8989,6232.72996847435
8990,6232.729990282394
8991,6232.729988089242
8992,6232.729991390167
8993,6232.7299968231755
8994,6232.729988389745
8995,6232.730009228373
8996,6232.729993193496
8997,6232.729992940298
8998,6232.7299901743445
8999,6232.729992989431
9000,6232.72999352519
9001,6232.729989131641
9002,6232.729992050341
9003,6232.730003931223
9004,6232.729994585725
9005,6232.729999821582
9006,6232.729983393113
9007,6232.729961470843
9008,6232.729989920568
9009,6232.729985005033
9010,6232.729990026865
9011,6232.729983680191
9012,6232.729996997278
9013,6232.729987525954
9014,6232.72998649176
9015,6232.729951967022
9016,6223.419065751187
9017,6223.419065751179
9018,6223.419065751186
9019,6223.419065751186
9020,6223.419065751181
9021,6223.41906575119
9022,6223.419065751188
9023,6223.419065751185
9024,6223.41906575119
9025,6223.419066215607
9026,6223.419067378458
9027,6223.419066208555
9028,6223.419061963114
9029,6223.419062778155
9030,6223.419060930525
9031,6223.419064231463
9032,6223.419070628577
9033,6223.419067629239
9034,6223.419065813894
9035,6223.419063820501
9036,6223.419061995903
9037,6223.419056898229
9038,6223.419063067357
9039,6223.419065749012
9040,6223.419066502286
9041,6223.419066404402
9042,6223.419068040764
9043,6223.41906102358
9044,6223.419071852353
9045,6223.419068793402
9046,6223.41906873422
9047,6223.419066037821
9048,6223.4190690049445
9049,6223.41906580251
9050,6223.419065920605
9051,6223.419067417399
9052,6223.419071213388
9053,6223.419069776011
9054,6223.419071220873
9055,6223.4190634009965
9056,6223.419062023777
9057,6223.419063985054
9058,6223.419061937446
9059,6223.4190658498765
9060,6223.419059599474
9061,6223.419065846778
9062,6223.419063798676
9063,6223.41906404049
9064,6223.419062326137
9065,6218.679241057931
9066,6218.679241057927
9067,6218.679241057932
9068,6218.679241057932
9069,6218.679241057933
9070,6218.679241057931
9071,6218.679241057929
9072,6218.679241057931
9073,6218.679241057936
9074,6218.679240398726
9075,6218.6792411865845
9076,6218.679241502945
9077,6218.679237429443
9078,6218.679239011785
9079,6218.67923125839
9080,6218.6792431652975
9081,6218.679242636101
9082,6218.679242266063
9083,6218.679241301413
9084,6218.679239307947
9085,6218.679237713341
9086,6218.679240504882
9087,6218.679242302537
9088,6218.679241525516
9089,6218.679242171393
9090,6218.679242574723
9091,6218.679243774922
9092,6218.679234617981
9093,6218.679244063707
9094,6218.679244036585
9095,6218.679244025497
9096,6218.679241411726
9097,6218.67924426502
9098,6218.6792399968135
9099,6218.679241278722
9100,6218.679242849611
9101,6218.679245683452
9102,6218.679243471181
9103,6218.679245873123
9104,6218.679238603197
9105,6218.679243258458
9106,6218.679238706922
9107,6218.679237217639
9108,6218.679241135479
9109,6218.679233643173
9110,6218.679239278828
9111,6218.6792389642615
9112,6218.679241163152
9113,6218.6792454573115
9114,6208.929722506866
9115,6208.929722506856
9116,6208.929722506856
9117,6208.929722506862
9118,6208.929722506864
9119,6208.92972250686
9120,6208.92972250686
9121,6208.929722506862
9122,6208.929722506866
9123,6208.929718525729
9124,6208.929725054209
9125,6208.929722935989
9126,6208.929719036274
9127,6208.929720572675
9128,6208.929709836126
9129,6208.929726788586
9130,6208.929720158665
9131,6208.929722749181
9132,6208.929722626932
9133,6208.929720578458
9134,6208.929719242979
9135,6208.929730396941
9136,6208.929728454772
9137,6208.929723123245
9138,6208.929723192864
9139,6208.929722506021
9140,6208.929724304883
9141,6208.929715891694
9142,6208.929721462555
9143,6208.929725126144
9144,6208.929725347913
9145,6208.929722891197
9146,6208.929725329233
9147,6208.929722432394
9148,6208.929722815868
9149,6208.92972358869
9150,6208.929723639086
9151,6208.929726322757
9152,6208.929727895331
9153,6208.929719984333
9154,6208.929729912031
9155,6208.92972050631
9156,6208.929718871597
9157,6208.92972280252
9158,6208.929715684257
9159,6208.92971738868
9160,6208.929720444438
9161,6208.929722474554
9162,6208.929732932591
9163,6198.759842711419
9164,6198.759842711419
9165,6198.759842711413
9166,6198.759842711418
9167,6198.759842711417
9168,6198.759842711421
9169,6198.759842711417
9170,6198.759842711418
9171,6198.759842711419
9172,6198.759844275963
9173,6198.759829754465
9174,6198.759843171459
9175,6198.759839496732
9176,6198.75984213694
9177,6198.759838453396
9178,6198.75984186406
9179,6198.7598422898955
9180,6198.759842277808
9181,6198.759842894032
9182,6198.759843714576
9183,6198.759841998687
9184,6198.759852537833
9185,6198.759844048871
9186,6198.759845963723
9187,6198.759841245989
9188,6198.759844701996
9189,6198.759846528325
9190,6198.75983701235
9191,6198.759842989885
9192,6198.759845422988
9193,6198.7598455531825
9194,6198.759843378568
9195,6198.759843657114
9196,6198.759845809356
9197,6198.759842582074
9198,6198.759844942346
9199,6198.759841619744
9200,6198.759838234873
9201,6198.759839072898
9202,6198.75983581353
9203,6198.759847789926
9204,6198.75984173159
9205,6198.759839475466
9206,6198.759844019444
9207,6198.759841274792
9208,6198.759841452688
9209,6198.759840219153
9210,6198.75983754835
9211,6198.759840540271
9212,6192.102092745983
9213,6192.102092745983
9214,6192.102092745994
9215,6192.102092745985
9216,6192.102092745988
9217,6192.102092745987
9218,6192.102092745994
9219,6192.102092745989
9220,6192.102092745987
9221,6192.102089568968
9222,6192.102100856305
9223,6192.102093106749
9224,6192.102090842132
9225,6192.102094146825
9226,6192.102093277694
9227,6192.102094430647
9228,6192.102086408079
9229,6192.102091092003
9230,6192.1020916946145
9231,6192.102094342228
9232,6192.102089903314
9233,6192.102105777749
9234,6192.102101969573
9235,6192.102092298078
9236,6192.1020872756835
9237,6192.102087808198
9238,6192.102083389582
9239,6192.102088333109
9240,6192.102086670692
9241,6192.102094060439
9242,6192.102095026501
9243,6192.10209455994
9244,6192.102093443572
9245,6192.102096532684
9246,6192.102093063102
9247,6192.102088464562
9248,6192.102082653073
9249,6192.102095907937
9250,6192.102089556245
9251,6192.102094433327
9252,6192.102101340534
9253,6192.102093920725
9254,6192.102090147415
9255,6192.102095315337
9256,6192.102098793897
9257,6192.10208442633
9258,6192.102092996012
9259,6192.102085155701
9260,6192.102095282359
9261,6179.89446182836
9262,6179.894461828354
9263,6179.894461828355
9264,6179.894461828357
9265,6179.894461828356
9266,6179.894461828356
9267,6179.89446182836
9268,6179.89446182836
9269,6179.8944618283585
9270,6179.894460827793
9271,6179.894465939023
9272,6179.894462220538
9273,6179.894457868136
9274,6179.894464015306
9275,6179.894462410362
9276,6179.894459564608
9277,6179.8944615253295
9278,6179.894460710193
9279,6179.894461948286
9280,6179.89446516085
9281,6179.89446208473
9282,6179.894464170446
9283,6179.894462923898
9284,6179.894464803752
9285,6179.894459294166
9286,6179.894463538237
9287,6179.894460944271
9288,6179.894459991299
9289,6179.894462838649
9290,6179.894463756201
9291,6179.894463854894
9292,6179.894463702984
9293,6179.8944627699575
9294,6179.894466724034
9295,6179.894462719401
9296,6179.89446235986
9297,6179.894456253527
9298,6179.894459640967
9299,6179.894463325166
9300,6179.894459036639
9301,6179.894460968901
9302,6179.894463344005
9303,6179.894459229873
9304,6179.8944636415035
9305,6179.894462750345
9306,6179.894459013251
9307,6179.894461035066
9308,6179.894459052561
9309,6179.894456621049
9310,6169.757557783497
9311,6169.7575577835
9312,6169.757557783498
9313,6169.757557783494
9314,6169.757557783492
9315,6169.757557783494
9316,6169.757557783496
9317,6169.7575577835005
9318,6169.757557783497
9319,6169.7575586785
9320,6169.757562722889
9321,6169.757558112504
9322,6169.757553470988
9323,6169.757561759818
9324,6169.7575568496595
9325,6169.7575584159185
9326,6169.757558569487
9327,6169.757556544282
9328,6169.757558870913
9329,6169.757561882867
9330,6169.757559357831
9331,6169.75755877245
9332,6169.757557390288
9333,6169.757562198321
9334,6169.757557278019
9335,6169.757563352038
9336,6169.757557894509
9337,6169.757556297352
9338,6169.757560487792
9339,6169.757559812634
9340,6169.757559124728
9341,6169.757559806738
9342,6169.757558621597
9343,6169.757559992877
9344,6169.757559357878
9345,6169.7575605482325
9346,6169.757554796903
9347,6169.7575523573905
9348,6169.75755858084
9349,6169.757556161766
9350,6169.757557531226
9351,6169.757558468976
9352,6169.757555530137
9353,6169.757558840023
9354,6169.757556371867
9355,6169.7575584362785
9356,6169.757556710345
9357,6169.7575580993525
9358,6169.757556116465
9359,6157.470735010926
9360,6157.47073501093
9361,6157.47073501093
9362,6157.4707350109275
9363,6157.470735010931
9364,6157.470735010932
9365,6157.470735010922
9366,6157.470735010932
9367,6157.47073501093
9368,6157.4707276301115
9369,6157.47072535782
9370,6157.470735360421
9371,6157.47073224254
9372,6157.470725986901
9373,6157.470737444174
9374,6157.470728366243
9375,6157.470744440768
9376,6157.470735481906
9377,6157.470736453814
9378,6157.4707372126095
9379,6157.470735513676
9380,6157.47073276924
9381,6157.470724902027
9382,6157.47073861292
9383,6157.470733322067
9384,6157.470737345451
9385,6157.470735134521
9386,6157.470737185547
9387,6157.470742604822
9388,6157.47073828228
9389,6157.470735656951
9390,6157.470736918013
9391,6157.470735168073
9392,6157.470734242403
9393,6157.470736669842
9394,6157.470736703055
9395,6157.470746096463
9396,6157.470740014336
9397,6157.470738384312
9398,6157.470734762409
9399,6157.470729639099
9400,6157.470734684612
9401,6157.470733272798
9402,6157.470735257604
9403,6157.470733895375
9404,6157.470743515421
9405,6157.470733916098
9406,6157.470734823215
9407,6157.470727570693
9408,6152.512956806892
9409,6152.512956806893
9410,6152.512956806894
9411,6152.512956806895
9412,6152.512956806896
9413,6152.512956806891
9414,6152.512956806893
9415,6152.512956806891
9416,6152.512956806891
9417,6152.512962026636
9418,6152.512958920675
9419,6152.512956918043
9420,6152.512956588598
9421,6152.512958532369
9422,6152.51295232811
9423,6152.512944204154
9424,6152.512966058273
9425,6152.512956786266
9426,6152.512957801879
9427,6152.512956105214
9428,6152.512955170754
9429,6152.512945484266
9430,6152.512943413404
9431,6152.5129589050275
9432,6152.51295650579
9433,6152.512957819032
9434,6152.512968215684
9435,6152.5129667110405
9436,6152.512964199681
9437,6152.512958115878
9438,6152.512956446026
9439,6152.51295890254
9440,6152.51295703334
9441,6152.512964195357
9442,6152.512959295292
9443,6152.512955783474
9444,6152.512952959254
9445,6152.512948917483
9446,6152.512959269054
9447,6152.512950457877
9448,6152.512943519022
9449,6152.512958646422
9450,6152.512956102972
9451,6152.512956596973
9452,6152.512960485619
9453,6152.512966443947
9454,6152.51295571614
9455,6152.5129530804425
9456,6152.512947646635
9457,6147.39789491752
9458,6147.397894917529
9459,6147.397894917527
9460,6147.397894917525
9461,6147.397894917528
9462,6147.397894917523
9463,6147.3978949175225
9464,6147.397894917524
9465,6147.397894917523
9466,6147.397893576071
9467,6147.397895550705
9468,6147.397894911905
9469,6147.397894811176
9470,6147.39789485964
9471,6147.397890841674
9472,6147.397894917067
9473,6147.397894338579
9474,6147.397893296635
9475,6147.3978954318945
9476,6147.397895289487
9477,6147.397894631056
9478,6147.397896478347
9479,6147.397894444774
9480,6147.3978971936485
9481,6147.3978942840895
9482,6147.397895692411
9483,6147.397895156413
9484,6147.397895404427
9485,6147.397894933665
9486,6147.397895151418
9487,6147.397894763063
9488,6147.397898068522
9489,6147.397894968197
9490,6147.397894249674
9491,6147.3978971558
9492,6147.397893381834
9493,6147.397895502169
9494,6147.397893069044
9495,6147.3978933247445
9496,6147.397900085578
9497,6147.397897883311
9498,6147.3978954060785
9499,6147.397894236462
9500,6147.39789450919
9501,6147.397897127679
9502,6147.397897585772
9503,6147.397893942286
9504,6147.3978950257315
9505,6147.397899000574
9506,6145.753746865241
9507,6145.753746865237
9508,6145.753746865239
9509,6145.7537468652445
9510,6145.753746865239
9511,6145.753746865238
9512,6145.753746865236
9513,6145.753746865241
9514,6145.753746865242
9515,6145.753743581223
9516,6145.753746958542
9517,6145.753746810371
9518,6145.753746720711
9519,6145.7537458038105
9520,6145.7537433934685
9521,6145.753748271584
9522,6145.753743910421
9523,6145.75374486189
9524,6145.753746959949
9525,6145.753746879629
9526,6145.7537466784925
9527,6145.753750407398
9528,6145.753749263626
9529,6145.753749141233
9530,6145.753746231851
9531,6145.753746679109
9532,6145.753745886002
9533,6145.753745746222
9534,6145.753745149826
9535,6145.753746523595
9536,6145.753746902439
9537,6145.753750118962
9538,6145.753746879381
9539,6145.753745751122
9540,6145.753748894257
9541,6145.753745244946
9542,6145.753747844391
9543,6145.75374734501
9544,6145.753745392412
9545,6145.753753467993
9546,6145.753752426885
9547,6145.75374750227
9548,6145.753746192611
9549,6145.753746348357
9550,6145.753748868481
9551,6145.753747160944
9552,6145.753745602746
9553,6145.753746936336
9554,6145.753751918801
9555,6142.931407812852
9556,6142.9314078128455
9557,6142.9314078128455
9558,6142.931407812851
9559,6142.931407812857
9560,6142.931407812857
9561,6142.931407812853
9562,6142.931407812852
9563,6142.93140781285
9564,6142.931402397888
9565,6142.931408241233
9566,6142.931407687655
9567,6142.931406988077
9568,6142.931404124945
9569,6142.931410566788
9570,6142.931405660794
9571,6142.931406932753
9572,6142.931405964066
9573,6142.93140722855
9574,6142.93140740732
9575,6142.931407818611
9576,6142.931404282443
9577,6142.93140768324
9578,6142.9314103352835
9579,6142.931407382435
9580,6142.931406579843
9581,6142.9314069552765
9582,6142.93140792125
9583,6142.9314087325765
9584,6142.931406736395
9585,6142.931407957423
9586,6142.931410978061
9587,6142.931407812292
9588,6142.931408291399
9589,6142.9314096525395
9590,6142.931406996303
9591,6142.931410236996
9592,6142.931412750291
9593,6142.931409622517
9594,6142.931413919758
9595,6142.931407542161
9596,6142.931409827939
9597,6142.931407360793
9598,6142.931407032982
9599,6142.931409485157
9600,6142.931407678079
9601,6142.931406034972
9602,6142.931406971762
9603,6142.93140393497
9604,6140.193407324576
9605,6140.193407324576
9606,6140.193407324574
9607,6140.19340732458
9608,6140.193407324574
9609,6140.1934073245675
9610,6140.193407324572
9611,6140.193407324572
9612,6140.193407324571
9613,6140.193406428014
9614,6140.193406321807
9615,6140.193407031631
9616,6140.193408490571
9617,6140.1934084405375
9618,6140.193402818813
9619,6140.193414031544
9620,6140.1933973484265
9621,6140.1934043119945
9622,6140.19340562749
9623,6140.193404240879
9624,6140.193405577755
9625,6140.1934155852305
9626,6140.1934183074845
9627,6140.193408760468
9628,6140.193409226144
9629,6140.193405574069
9630,6140.193407853589
9631,6140.193401274346
9632,6140.193401395823
9633,6140.1934052093475
9634,6140.193407544476
9635,6140.193410409948
9636,6140.193407132229
9637,6140.193406414478
9638,6140.193408551969
9639,6140.19340572777
9640,6140.193403189489
9641,6140.1934070653615
9642,6140.193404453232
9643,6140.193413123531
9644,6140.1934194705755
9645,6140.1934082561465
9646,6140.193407268649
9647,6140.193405922244
9648,6140.1934075552845
9649,6140.193401228093
9650,6140.193404649776
9651,6140.19340679788
9652,6140.1934159701195
9653,6137.152440727148
9654,6137.152440727146
9655,6137.152440727153
9656,6137.152440727152
9657,6137.152440727152
9658,6137.152440727154
9659,6137.152440727148
9660,6137.152440727153
9661,6137.152440727151
9662,6137.152439870872
9663,6137.1524392589145
9664,6137.152440482616
9665,6137.152441079942
9666,6137.152438657228
9667,6137.152445295051
9668,6137.152438991875
9669,6137.152439539604
9670,6137.152439029105
9671,6137.152438907874
9672,6137.152438217685
9673,6137.152438992167
9674,6137.152434981091
9675,6137.15244142471
9676,6137.15244224933
9677,6137.152442141291
9678,6137.152439221864
9679,6137.152442479325
9680,6137.152439303149
9681,6137.152442596259
9682,6137.152439170115
9683,6137.152440766529
9684,6137.152443555862
9685,6137.152440574046
9686,6137.152442446629
9687,6137.152442000059
9688,6137.1524400006465
9689,6137.152439418372
9690,6137.152443131479
9691,6137.1524419788275
9692,6137.152443428247
9693,6137.152438723046
9694,6137.152443156033
9695,6137.152440896205
9696,6137.152439422673
9697,6137.15244131886
9698,6137.152439277356
9699,6137.152438252786
9700,6137.152438964889
9701,6137.152433432215
9702,6135.078407741066
9703,6135.078407741066
9704,6135.078407741063
9705,6135.078407741063
9706,6135.0784077410635
9707,6135.078407741064
9708,6135.078407741067
9709,6135.0784077410635
9710,6135.078407741061
9711,6135.078408833291
9712,6135.078406013016
9713,6135.078407561508
9714,6135.078408211511
9715,6135.078405821095
9716,6135.0784139434945
9717,6135.078404119675
9718,6135.07841049584
9719,6135.07840674817
9720,6135.078406102397
9721,6135.0784057299825
9722,6135.078405604055
9723,6135.078398384438
9724,6135.078404385395
9725,6135.078408943136
9726,6135.0784091702235
9727,6135.078407513083
9728,6135.078409951927
9729,6135.078407819443
9730,6135.078412855906
9731,6135.078407078236
9732,6135.078407514975
9733,6135.078410429865
9734,6135.0784076084055
9735,6135.07840963144
9736,6135.078409083877
9737,6135.078407149025
9738,6135.078406789148
9739,6135.078408451123
9740,6135.078409602887
9741,6135.078408469601
9742,6135.078401093393
9743,6135.078410143573
9744,6135.07840806399
9745,6135.0784065993785
9746,6135.078408029793
9747,6135.078409063552
9748,6135.078405749419
9749,6135.078406404618
9750,6135.078397084151
9751,6132.688063216195
9752,6132.688063216189
9753,6132.688063216191
9754,6132.6880632161965
9755,6132.688063216191
9756,6132.688063216192
9757,6132.688063216196
9758,6132.688063216201
9759,6132.688063216199
9760,6132.688064038856
9761,6132.688064047996
9762,6132.688063097812
9763,6132.688063969672
9764,6132.688061415999
9765,6132.6880674350305
9766,6132.688060262213
9767,6132.688067773663
9768,6132.688062785559
9769,6132.68806175751
9770,6132.688061309436
9771,6132.6880599764045
9772,6132.688056345663
9773,6132.68805894678
9774,6132.688063356548
9775,6132.688064735327
9776,6132.688063537618
9777,6132.688064571596
9778,6132.688064819874
9779,6132.688068913693
9780,6132.688063624444
9781,6132.68806262515
9782,6132.688065598139
9783,6132.688063202408
9784,6132.688063921114
9785,6132.68806463396
9786,6132.688062236878
9787,6132.688062215126
9788,6132.688063984981
9789,6132.688066935149
9790,6132.688062403509
9791,6132.68805641225
9792,6132.688065036573
9793,6132.6880637271115
9794,6132.6880622445115
9795,6132.68806225072
9796,6132.688065758073
9797,6132.688061987346
9798,6132.688063310967
9799,6132.688056676498
9800,6130.303312111516
9801,6130.303312111511
9802,6130.303312111511
9803,6130.303312111518
9804,6130.303312111517
9805,6130.3033121115095
9806,6130.303312111514
9807,6130.303312111513
9808,6130.303312111514
9809,6130.303318076931
9810,6130.303299631868
9811,6130.303312226371
9812,6130.303313714052
9813,6130.303311263662
9814,6130.303314421502
9815,6130.303310548403
9816,6130.303318834976
9817,6130.303312724553
9818,6130.303310934513
9819,6130.303312898633
9820,6130.303309435221
9821,6130.303310328828
9822,6130.303306555118
9823,6130.30331268999
9824,6130.3033129770365
9825,6130.303316874908
9826,6130.303314662714
9827,6130.303309908539
9828,6130.303319254404
9829,6130.303315105039
9830,6130.303311644817
9831,6130.303314696711
9832,6130.303311513178
9833,6130.3033107651945
9834,6130.303312761309
9835,6130.303311274327
9836,6130.303312493731
9837,6130.303303980489
9838,6130.303310685452
9839,6130.303308311677
9840,6130.303306851678
9841,6130.30331212543
9842,6130.303312537027
9843,6130.303311980044
9844,6130.303310386516
9845,6130.3033172437945
9846,6130.303311824235
9847,6130.303314197486
9848,6130.303306296881
9849,6126.52533399806
9850,6126.525333998058
9851,6126.52533399805
9852,6126.525333998054
9853,6126.525333998054
9854,6126.525333998059
9855,6126.525333998061
9856,6126.5253339980645
9857,6126.525333998063
9858,6126.525336908617
9859,6126.52533034436
9860,6126.525334034673
9861,6126.525335555561
9862,6126.525333353367
9863,6126.525334610551
9864,6126.525334370417
9865,6126.525338020219
9866,6126.5253344656585
9867,6126.525332399349
9868,6126.525334566004
9869,6126.5253300673085
9870,6126.525337558192
9871,6126.525331756028
9872,6126.525333014584
9873,6126.525334269574
9874,6126.525336561773
9875,6126.525332854706
9876,6126.525334331072
9877,6126.525337547484
9878,6126.525336845537
9879,6126.5253331261765
9880,6126.525336297034
9881,6126.525333386116
9882,6126.525331311058
9883,6126.525334622066
9884,6126.525332105397
9885,6126.525332277043
9886,6126.525330234836
9887,6126.525334831447
9888,6126.525331661411
9889,6126.525332609952
9890,6126.525334118836
9891,6126.525334885853
9892,6126.525334052778
9893,6126.525332516422
9894,6126.525336828264
9895,6126.525334512135
9896,6126.525335731276
9897,6126.525335988538
9898,6122.208471255621
9899,6122.208471255612
9900,6122.208471255619
9901,6122.2084712556225
9902,6122.208471255617
9903,6122.208471255618
9904,6122.208471255618
9905,6122.208471255618
9906,6122.208471255621
9907,6122.208471382919
9908,6122.208473319382
9909,6122.208471186363
9910,6122.208472351894
9911,6122.208470681977
9912,6122.208471581458
9913,6122.208472638949
9914,6122.208471100232
9915,6122.208471453992
9916,6122.208468988199
9917,6122.208472491079
9918,6122.208467248935
9919,6122.208479202205
9920,6122.20847295052
9921,6122.20846962195
9922,6122.208470425026
9923,6122.208471806258
9924,6122.2084671960865
9925,6122.208473371898
9926,6122.208470447166
9927,6122.2084736471825
9928,6122.208470203166
9929,6122.208473521945
9930,6122.208470355405
9931,6122.208467874076
9932,6122.208471522608
9933,6122.208468712553
9934,6122.20846776824
9935,6122.20847112352
9936,6122.208472824797
9937,6122.208471118423
9938,6122.208474070523
9939,6122.208471795368
9940,6122.208472605344
9941,6122.208471623952
9942,6122.208470985723
9943,6122.208470938938
9944,6122.208472365466
9945,6122.208471749314
9946,6122.208478158552
9947,6117.972877243652
9948,6117.972877243655
9949,6117.97287724365
9950,6117.972877243652
9951,6117.97287724365
9952,6117.972877243651
9953,6117.972877243647
9954,6117.972877243645
9955,6117.972877243649
9956,6117.972876465034
9957,6117.972881255251
9958,6117.972877095799
9959,6117.972877477995
9960,6117.972876769774
9961,6117.972877919326
9962,6117.972877467847
9963,6117.972874769746
9964,6117.972877588336
9965,6117.972874471232
9966,6117.972879595461
9967,6117.97287417291
9968,6117.972884457568
9969,6117.9728802898635
9970,6117.972876110914
9971,6117.972875834563
9972,6117.972877376198
9973,6117.972873683778
9974,6117.972880905122
9975,6117.972874508996
9976,6117.972879313369
9977,6117.972876114365
9978,6117.972879562072
9979,6117.972876086558
9980,6117.972874572666
9981,6117.97287709133
9982,6117.972875117659
9983,6117.972873235738
9984,6117.972878111463
9985,6117.972879366807
9986,6117.97287798329
9987,6117.972880482016
9988,6117.972878304612
9989,6117.972878983077
9990,6117.972877768685
9991,6117.9728778322515
9992,6117.972875192616
9993,6117.972878557967
9994,6117.972876745403
9995,6117.97288374242
9996,6110.009865346595
9997,6110.009865346599
9998,6110.009865346598
9999,6110.009865346591
10000,6110.009865346593
10001,6110.009865346594
10002,6110.009865346594
10003,6110.009865346594
10004,6110.009865346594
10005,6110.009856638815
10006,6110.009869114492
10007,6110.009865110524
10008,6110.009863603327
10009,6110.009858199358
10010,6110.009869162309
10011,6110.009873266328
10012,6110.009859082547
10013,6110.009866268116
10014,6110.009862098064
10015,6110.009869227185
10016,6110.009863951113
10017,6110.009874308664
10018,6110.009874956517
10019,6110.009865112581
10020,6110.009863679403
10021,6110.009864786189
10022,6110.009852932455
10023,6110.009864689697
10024,6110.00986079886
10025,6110.009867383001
10026,6110.009863845321
10027,6110.009867394412
10028,6110.00986402319
10029,6110.009856640243
10030,6110.0098645664875
10031,6110.009865388964
10032,6110.00987115462
10033,6110.009876976483
10034,6110.009866979935
10035,6110.009875760754
10036,6110.009876415948
10037,6110.0098648231715
10038,6110.009867833405
10039,6110.009865446064
10040,6110.009863938154
10041,6110.009860199748
10042,6110.009866881552
10043,6110.009865610808
10044,6110.009877343455
10045,6107.293335180021
10046,6107.293335180019
10047,6107.293335180023
10048,6107.293335180023
10049,6107.293335180022
10050,6107.293335180024
10051,6107.293335180027
10052,6107.293335180024
10053,6107.29333518002
10054,6107.2933398850655
10055,6107.293343404772
10056,6107.293334863184
10057,6107.293331712886
10058,6107.2933326513285
10059,6107.293330942892
10060,6107.293326185103
10061,6107.293337088293
10062,6107.293339376553
10063,6107.293331988425
10064,6107.293336882202
10065,6107.293332309019
10066,6107.293321170683
10067,6107.29332966
10068,6107.2933359725075
10069,6107.293335938691
10070,6107.293334505614
10071,6107.293346518047
10072,6107.293347013978
10073,6107.2933374999875
10074,6107.293337025492
10075,6107.293332917059
10076,6107.293335087698
10077,6107.293333565743
10078,6107.293339923413
10079,6107.293334256076
10080,6107.293338216954
10081,6107.293332751237
10082,6107.2933355548175
10083,6107.293340109254
10084,6107.293329807687
10085,6107.293325025019
10086,6107.29333566064
10087,6107.293338521618
10088,6107.293334661146
10089,6107.2933361535315
10090,6107.2933372127045
10091,6107.29333556496
10092,6107.293327006517
10093,6107.293330349354
10094,6100.077663838467
10095,6100.077663838464
10096,6100.077663838456
10097,6100.077663838467
10098,6100.0776638384705
10099,6100.077663838469
10100,6100.0776638384705
10101,6100.0776638384705
10102,6100.077663838472
10103,6100.077666561825
10104,6100.077666776027
10105,6100.077663588757
10106,6100.077662067247
10107,6100.077664127048
10108,6100.07765380959
10109,6100.07767061476
10110,6100.07765724159
10111,6100.077665545166
10112,6100.0776616391095
10113,6100.077666556686
10114,6100.077662591728
10115,6100.077668182963
10116,6100.077671846342
10117,6100.077665050065
10118,6100.077663659034
10119,6100.077664803331
10120,6100.077664351308
10121,6100.077663985001
10122,6100.077659563498
10123,6100.077665522096
10124,6100.077662093984
10125,6100.077665483508
10126,6100.077662751162
10127,6100.077660384154
10128,6100.077663365768
10129,6100.07766469036
10130,6100.0776638802945
10131,6100.077661313365
10132,6100.077659889705
10133,6100.077668491569
10134,6100.077673748474
10135,6100.077661739397
10136,6100.077666233102
10137,6100.07766351665
10138,6100.0776647664625
10139,6100.0776617593865
10140,6100.077664523112
10141,6100.077660969393
10142,6100.077678552858
10143,6097.94449509022
10144,6097.944495090229
10145,6097.94449509023
10146,6097.944495090222
10147,6097.944495090222
10148,6097.944495090221
10149,6097.944495090218
10150,6097.9444950902225
10151,6097.944495090219
10152,6097.944496886655
10153,6097.944493606739
10154,6097.944494940868
10155,6097.944493015615
10156,6097.944492221364
10157,6097.94449002165
10158,6097.944498329614
10159,6097.944493654397
10160,6097.944497644088
10161,6097.94449309813
10162,6097.944498339024
10163,6097.944494142738
10164,6097.944494485031
10165,6097.944497696725
10166,6097.944496623377
10167,6097.944494496116
10168,6097.944496707913
10169,6097.944494890236
10170,6097.944495938528
10171,6097.944495072876
10172,6097.944497494703
10173,6097.9444933687255
10174,6097.944496643242
10175,6097.944494076665
10176,6097.944491917706
10177,6097.94449458525
10178,6097.944496432693
10179,6097.944499292904
10180,6097.944494216447
10181,6097.944492159639
10182,6097.944498602607
10183,6097.944498794013
10184,6097.944493111472
10185,6097.944497410976
10186,6097.944494910523
10187,6097.944495721304
10188,6097.944495634353
10189,6097.944495884118
10190,6097.944492493924
10191,6097.9445020668945
10192,6094.703896357318
10193,6094.703896357309
10194,6094.70389635731
10195,6094.703896357313
10196,6094.703896357312
10197,6094.703896357318
10198,6094.703896357316
10199,6094.703896357319
10200,6094.703896357318
10201,6094.703898604931
10202,6094.703888633718
10203,6094.703896282886
10204,6094.703894126322
10205,6094.703891049065
10206,6094.703895629435
10207,6094.703895547429
10208,6094.703900485403
10209,6094.70389973591
10210,6094.703894683348
10211,6094.703899395724
10212,6094.703895718247
10213,6094.703890003803
10214,6094.703893118121
10215,6094.703898481841
10216,6094.703895909543
10217,6094.703898654249
10218,6094.703897091182
10219,6094.703897421365
10220,6094.7039011212555
10221,6094.703899070324
10222,6094.703894707923
10223,6094.703897844805
10224,6094.703895584014
10225,6094.703894364833
10226,6094.703895907952
10227,6094.703898243464
10228,6094.7039044662815
10229,6094.703895471792
10230,6094.703893538613
10231,6094.703897389281
10232,6094.703893113671
10233,6094.703894383577
10234,6094.7038985062945
10235,6094.703896165984
10236,6094.703896803118
10237,6094.703899822738
10238,6094.703896795091
10239,6094.7038938076275
10240,6094.703894363402
10241,6089.852690554494
10242,6089.852690554491
10243,6089.852690554491
10244,6089.85269055448
10245,6089.85269055448
10246,6089.852690554481
10247,6089.852690554486
10248,6089.852690554496
10249,6089.85269055449
10250,6089.852692951465
10251,6089.852678148483
10252,6089.852690458786
10253,6089.85268828456
10254,6089.852684012846
10255,6089.852694267407
10256,6089.852686038865
10257,6089.852698652234
10258,6089.852694341401
10259,6089.852689019406
10260,6089.852693024444
10261,6089.852690283791
10262,6089.852680034181
10263,6089.852683169658
10264,6089.852693162846
10265,6089.852690417692
10266,6089.852692949699
10267,6089.852691724564
10268,6089.852692001172
10269,6089.852698662979
10270,6089.852692746001
10271,6089.852688919007
10272,6089.852692142525
10273,6089.852690178203
10274,6089.85268996806
10275,6089.852690242331
10276,6089.852692502699
10277,6089.852701242564
10278,6089.852689730151
10279,6089.852687726694
10280,6089.852688985356
10281,6089.852681535639
10282,6089.852688871688
10283,6089.852692618528
10284,6089.852690384154
10285,6089.852691224785
10286,6089.85269542771
10287,6089.852690536012
10288,6089.852688141635
10289,6089.852680663906
10290,6081.32979271092
10291,6081.32979271091
10292,6081.329792710908
10293,6081.329792710904
10294,6081.3297927109115
10295,6081.329792710903
10296,6081.329792710912
10297,6081.329792710908
10298,6081.329792710913
10299,6081.329794389956
10300,6081.329778804273
10301,6081.329792419103
10302,6081.329790721487
10303,6081.329787481548
10304,6081.3298008644515
10305,6081.32978588491
10306,6081.329801821085
10307,6081.329796122591
10308,6081.329791091352
10309,6081.329794218252
10310,6081.329792977381
10311,6081.329781659978
10312,6081.329784685455
10313,6081.32979553519
10314,6081.329793193971
10315,6081.329794498835
10316,6081.329792821689
10317,6081.3297943786965
10318,6081.329801499136
10319,6081.329792994511
10320,6081.329790924559
10321,6081.329794781072
10322,6081.329793123821
10323,6081.329793542882
10324,6081.329792767967
10325,6081.329793683566
10326,6081.329803537383
10327,6081.329791913308
10328,6081.329789865949
10329,6081.329788456262
10330,6081.329780409713
10331,6081.32979170973
10332,6081.329794830423
10333,6081.329792684842
10334,6081.329794026551
10335,6081.329795938569
10336,6081.329792253928
10337,6081.3297914537225
10338,6081.329777770727
10339,6070.130640651692
10340,6070.130640651685
10341,6070.130640651685
10342,6070.130640651701
10343,6070.130640651699
10344,6070.1306406516915
10345,6070.130640651697
10346,6070.130640651693
10347,6070.130640651695
10348,6070.130633615199
10349,6070.130641038846
10350,6070.130640063442
10351,6070.130638534993
10352,6070.130635100468
10353,6070.130652891445
10354,6070.130632386023
10355,6070.130649317365
10356,6070.130643317133
10357,6070.130639490835
10358,6070.130641266699
10359,6070.130640165795
10360,6070.130629579345
10361,6070.13063298618
10362,6070.130641845669
10363,6070.130641300076
10364,6070.130639399568
10365,6070.130636899827
10366,6070.130646431917
10367,6070.130648591472
10368,6070.130639050361
10369,6070.130638171837
10370,6070.1306426153205
10371,6070.130642261269
10372,6070.130642331397
10373,6070.130641989356
10374,6070.130640108662
10375,6070.130650724268
10376,6070.130649324854
10377,6070.1306460081005
10378,6070.130635971508
10379,6070.130625423435
10380,6070.130641128809
10381,6070.130642823407
10382,6070.130640726547
10383,6070.1306409332565
10384,6070.13064095546
10385,6070.1306408722085
10386,6070.130642058692
10387,6070.130625958877
10388,6061.959253204737
10389,6061.959253204739
10390,6061.959253204736
10391,6061.959253204736
10392,6061.959253204738
10393,6061.959253204737
10394,6061.9592532047345
10395,6061.959253204737
10396,6061.959253204738
10397,6061.959253565017
10398,6061.959244076639
10399,6061.959252846575
10400,6061.959254585794
10401,6061.959257649031
10402,6061.959247869072
10403,6061.95926042711
10404,6061.959253035962
10405,6061.959255541841
10406,6061.959253656905
10407,6061.959256780843
10408,6061.959251697338
10409,6061.959266841993
10410,6061.9592586452745
10411,6061.959253201152
10412,6061.9592547949
10413,6061.959257992819
10414,6061.959251654515
10415,6061.959246433015
10416,6061.9592537417675
10417,6061.959253621137
10418,6061.959250241474
10419,6061.959255101352
10420,6061.959254710853
10421,6061.959250202912
10422,6061.959254382053
10423,6061.959250240071
10424,6061.959257033383
10425,6061.959243472388
10426,6061.9592492054635
10427,6061.959244852669
10428,6061.959257887515
10429,6061.959249470382
10430,6061.959255187417
10431,6061.959254411281
10432,6061.959249591671
10433,6061.959250725546
10434,6061.959255995921
10435,6061.959262195553
10436,6061.959263275505
10437,6052.171396216449
10438,6052.171396216449
10439,6052.171396216449
10440,6052.171396216452
10441,6052.171396216447
10442,6052.171396216444
10443,6052.171396216446
10444,6052.171396216448
10445,6052.171396216445
10446,6052.171391308379
10447,6052.17140021695
10448,6052.171395563405
10449,6052.171395645382
10450,6052.171398445598
10451,6052.1714010459655
10452,6052.17139220965
10453,6052.17139726581
10454,6052.171398144208
10455,6052.171396537575
10456,6052.171399819094
10457,6052.171395806685
10458,6052.171394943344
10459,6052.171394419513
10460,6052.17139670255
10461,6052.171396497181
10462,6052.171397147253
10463,6052.171396289844
10464,6052.171398177514
10465,6052.171398239039
10466,6052.171394968519
10467,6052.171393087596
10468,6052.1713979169435
10469,6052.171397619434
10470,6052.171398678168
10471,6052.171398218382
10472,6052.171393506005
10473,6052.171397801718
10474,6052.171395701471
10475,6052.171399406146
10476,6052.171388925066
10477,6052.171388459989
10478,6052.171396044162
10479,6052.171398134588
10480,6052.171397555569
10481,6052.171395788364
10482,6052.171393719315
10483,6052.17139891431
10484,6052.1714014391955
10485,6052.1713896282245
10486,6046.873749482576
10487,6046.873749482568
10488,6046.873749482568
10489,6046.873749482575
10490,6046.873749482575
10491,6046.873749482573
10492,6046.873749482575
10493,6046.873749482581
10494,6046.873749482574
10495,6046.87374543576
10496,6046.873757347636
10497,6046.873748878892
10498,6046.873748452401
10499,6046.873752322352
10500,6046.873750125183
10501,6046.873748342862
10502,6046.873746125511
10503,6046.873750745741
10504,6046.873750146063
10505,6046.873753258515
10506,6046.87374913825
10507,6046.873750837094
10508,6046.873751069395
10509,6046.8737501627
10510,6046.873748981279
10511,6046.873749480234
10512,6046.873749639914
10513,6046.87375028606
10514,6046.873748198997
10515,6046.873748439461
10516,6046.8737465763115
10517,6046.8737510350975
10518,6046.873750213403
10519,6046.873751435039
10520,6046.873751521085
10521,6046.873746794265
10522,6046.873748329115
10523,6046.873748503318
10524,6046.87375015844
10525,6046.873746166438
10526,6046.873747815592
10527,6046.873749058455
10528,6046.873751077897
10529,6046.873750864274
10530,6046.87375063867
10531,6046.873746978543
10532,6046.873752217015
10533,6046.873752372901
10534,6046.873748435525
10535,6041.832817489244
10536,6041.832817489243
10537,6041.832817489238
10538,6041.832817489242
10539,6041.832817489243
10540,6041.832817489245
10541,6041.832817489242
10542,6041.832817489243
10543,6041.832817489247
10544,6041.832810246533
10545,6041.832823568806
10546,6041.832817055528
10547,6041.832814746786
10548,6041.832813661051
10549,6041.832821247937
10550,6041.83281449762
10551,6041.832815159862
10552,6041.8328198748795
10553,6041.832818610991
10554,6041.832821009279
10555,6041.832817242061
10556,6041.832814573712
10557,6041.832815670477
10558,6041.832818660758
10559,6041.832816668994
10560,6041.832815589187
10561,6041.832816396737
10562,6041.832818061514
10563,6041.832817507902
10564,6041.832817434144
10565,6041.832814720582
10566,6041.832817721025
10567,6041.832817452842
10568,6041.832819321211
10569,6041.83281918226
10570,6041.832816631334
10571,6041.832820796357
10572,6041.832823392306
10573,6041.832818065599
10574,6041.832816887169
10575,6041.832814585164
10576,6041.832816406753
10577,6041.832818834421
10578,6041.8328191048
10579,6041.8328185259425
10580,6041.832817590612
10581,6041.832820128215
10582,6041.832816670461
10583,6041.832811276958
10584,6037.764545243782
10585,6037.7645452437755
10586,6037.7645452437755
10587,6037.764545243775
10588,6037.764545243778
10589,6037.764545243781
10590,6037.764545243781
10591,6037.764545243783
10592,6037.764545243783
10593,6037.764548684005
10594,6037.764545333789
10595,6037.764545068122
10596,6037.764541867633
10597,6037.764545738799
10598,6037.764541630955
10599,6037.764541617613
10600,6037.764544729603
10601,6037.764548090119
10602,6037.764547361736
10603,6037.764547406372
10604,6037.764545147045
10605,6037.7645391770975
10606,6037.764539809834
10607,6037.764547899589
10608,6037.764546067944
10609,6037.764546437829
10610,6037.764551504042
10611,6037.764543781344
10612,6037.764547075456
10613,6037.764546094057
10614,6037.7645428852775
10615,6037.764545222268
10616,6037.764545146314
10617,6037.764549537628
10618,6037.764546906892
10619,6037.7645453053065
10620,6037.764544339147
10621,6037.76453864181
10622,6037.764539894645
10623,6037.764541547382
10624,6037.764540387077
10625,6037.764543092286
10626,6037.7645458814195
10627,6037.764546998684
10628,6037.764546726399
10629,6037.764548790009
10630,6037.764546980516
10631,6037.764542836716
10632,6037.764538164687
10633,6037.320743689399
10634,6037.320743689404
10635,6037.320743689399
10636,6037.320743689396
10637,6037.320743689397
10638,6037.320743689399
10639,6037.320743689395
10640,6037.3207436893945
10641,6037.320743689393
10642,6037.320739240368
10643,6037.320743961964
10644,6037.320743676637
10645,6037.320740770647
10646,6037.320742546833
10647,6037.320732935006
10648,6037.320762490922
10649,6037.320733569253
10650,6037.320744652861
10651,6037.320746705201
10652,6037.320744127125
10653,6037.320744094073
10654,6037.320763268169
10655,6037.320756161766
10656,6037.320746044974
10657,6037.320745585548
10658,6037.320744145034
10659,6037.320733370418
10660,6037.3207299032265
10661,6037.320737361008
10662,6037.320744410735
10663,6037.320741861888
10664,6037.320744318016
10665,6037.320744302089
10666,6037.320735801301
10667,6037.320745367039
10668,6037.3207432457575
10669,6037.320747306049
10670,6037.320744650347
10671,6037.320733117183
10672,6037.320753184983
10673,6037.320766528181
10674,6037.320737647606
10675,6037.320743505262
10676,6037.3207451204635
10677,6037.320741718369
10678,6037.320743134823
10679,6037.320744690944
10680,6037.320745459344
10681,6037.320767517307
10682,6035.419872468119
10683,6035.41987246813
10684,6035.41987246813
10685,6035.419872468124
10686,6035.419872468126
10687,6035.419872468124
10688,6035.419872468128
10689,6035.419872468124
10690,6035.419872468125
10691,6035.4198718907355
10692,6035.41987252596
10693,6035.419872379591
10694,6035.419869330479
10695,6035.419872102447
10696,6035.4198651326515
10697,6035.419880338074
10698,6035.419867029877
10699,6035.4198743205425
10700,6035.419875051455
10701,6035.419873718141
10702,6035.419872620332
10703,6035.419879586405
10704,6035.419876190626
10705,6035.419874966183
10706,6035.419873840049
10707,6035.419873273877
10708,6035.419870250691
10709,6035.419864672348
10710,6035.419870149986
10711,6035.419873269649
10712,6035.419870388426
10713,6035.419872784423
10714,6035.419872738275
10715,6035.419870524693
10716,6035.419874136409
10717,6035.419872263677
10718,6035.419873934868
10719,6035.419869710153
10720,6035.4198644011385
10721,6035.419875503996
10722,6035.419881836747
10723,6035.419868315987
10724,6035.419872676612
10725,6035.419874055339
10726,6035.419872169161
10727,6035.419873943124
10728,6035.419873815
10729,6035.41987221309
10730,6035.419881259289
10731,6032.836716947257
10732,6032.836716947254
10733,6032.836716947258
10734,6032.83671694725
10735,6032.836716947257
10736,6032.8367169472585
10737,6032.8367169472585
10738,6032.836716947255
10739,6032.836716947254
10740,6032.836716443795
10741,6032.836715325982
10742,6032.836716893649
10743,6032.83671336225
10744,6032.836715949376
10745,6032.836712194692
10746,6032.836721690426
10747,6032.836714956624
10748,6032.836719280847
10749,6032.8367195728115
10750,6032.836717610844
10751,6032.836717471006
10752,6032.836720456895
10753,6032.836716678748
10754,6032.836719841286
10755,6032.836719037268
10756,6032.836718251047
10757,6032.836715102597
10758,6032.836710761155
10759,6032.836717097811
10760,6032.836717739637
10761,6032.836714886056
10762,6032.8367171933805
10763,6032.836717623653
10764,6032.836715871752
10765,6032.836718614104
10766,6032.836717197929
10767,6032.836719524956
10768,6032.836714658113
10769,6032.836710575273
10770,6032.836718069262
10771,6032.836720919117
10772,6032.836713092525
10773,6032.836717104451
10774,6032.836718605553
10775,6032.836715940277
10776,6032.836719247894
10777,6032.83671795913
10778,6032.8367171371665
10779,6032.836720873338
10780,6027.459254923018
10781,6027.459254923024
10782,6027.459254923021
10783,6027.459254923023
10784,6027.459254923022
10785,6027.459254923022
10786,6027.459254923025
10787,6027.459254923025
10788,6027.459254923023
10789,6027.4592550259995
10790,6027.459252486697
10791,6027.4592548573055
10792,6027.459250701346
10793,6027.459254304605
10794,6027.459253119647
10795,6027.459254994759
10796,6027.459257417148
10797,6027.459257511138
10798,6027.459257017008
10799,6027.459253538815
10800,6027.459255786271
10801,6027.459254536482
10802,6027.45925014618
10803,6027.459258062944
10804,6027.459258556652
10805,6027.459256068289
10806,6027.459253259802
10807,6027.459252877529
10808,6027.459257402204
10809,6027.459254918788
10810,6027.459253024072
10811,6027.459255399915
10812,6027.459256507596
10813,6027.459254767825
10814,6027.459256404767
10815,6027.459255561292
10816,6027.459257140583
10817,6027.459253887473
10818,6027.459251801273
10819,6027.459253435274
10820,6027.459251564413
10821,6027.459251930368
10822,6027.459255101184
10823,6027.459256476112
10824,6027.4592532703045
10825,6027.459256804405
10826,6027.459254802224
10827,6027.459255229782
10828,6027.459254212328
10829,6021.758379029552
10830,6021.758379029547
10831,6021.758379029552
10832,6021.758379029552
10833,6021.758379029552
10834,6021.758379029552
10835,6021.7583790295475
10836,6021.758379029548
10837,6021.758379029552
10838,6021.758378291559
10839,6021.758378863531
10840,6021.7583789100845
10841,6021.7583745632055
10842,6021.7583790179415
10843,6021.758378541701
10844,6021.758376433645
10845,6021.758382324626
10846,6021.758381269361
10847,6021.758380431793
10848,6021.758376231853
10849,6021.758379980447
10850,6021.758376558543
10851,6021.7583733292595
10852,6021.758381803884
10853,6021.758383355656
10854,6021.758378836077
10855,6021.758377405591
10856,6021.758380662395
10857,6021.758381055673
10858,6021.7583779052065
10859,6021.758377415669
10860,6021.75837973181
10861,6021.758381268529
10862,6021.758379003772
10863,6021.758380279687
10864,6021.758379559063
10865,6021.7583796713425
10866,6021.758380952026
10867,6021.75837941096
10868,6021.758377726328
10869,6021.758372544777
10870,6021.758377113548
10871,6021.758379128641
10872,6021.758380420094
10873,6021.758377297092
10874,6021.758378947983
10875,6021.758378123166
10876,6021.75837897119
10877,6021.758377314471
10878,6014.640814704453
10879,6014.640814704457
10880,6014.640814704455
10881,6014.640814704457
10882,6014.640814704455
10883,6014.640814704455
10884,6014.640814704453
10885,6014.640814704453
10886,6014.640814704453
10887,6014.640813079286
10888,6014.640805978158
10889,6014.640814809914
10890,6014.640810699162
10891,6014.640810777084
10892,6014.6408251791045
10893,6014.64080278473
10894,6014.640824135848
10895,6014.640816921344
10896,6014.640815241117
10897,6014.6408127045715
10898,6014.640816618413
10899,6014.640800280077
10900,6014.640800201641
10901,6014.640817608199
10902,6014.640817048665
10903,6014.640813674362
10904,6014.640812030187
10905,6014.640819470749
10906,6014.640821366935
10907,6014.640813378714
10908,6014.640814214449
10909,6014.640815890488
10910,6014.640817517743
10911,6014.6408155966255
10912,6014.640815088835
10913,6014.6408147523825
10914,6014.640819509632
10915,6014.640820531409
10916,6014.640818034011
10917,6014.6408154942255
10918,6014.6407959397775
10919,6014.640815108348
10920,6014.640814088758
10921,6014.64081604196
10922,6014.64081417008
10923,6014.640815790025
10924,6014.640813341349
10925,6014