iteracion,valor_coste
0,206653.6569859437
1,206653.65698594364
2,206653.65698594353
3,206653.65698594373
4,206653.65698594358
5,206653.65698594367
6,206653.6569859437
7,206653.65698594367
8,206653.65698594396
9,206653.657113646
10,206653.65798261826
11,206653.65674082213
12,206653.65765686633
13,206653.65720993016
14,206653.65791585896
15,206653.65745813254
16,206653.659110607
17,206653.65804685926
18,206653.65576008486
19,206653.65749553154
20,206653.65827722097
21,206653.6577666242
22,206653.65932839748
23,206653.65733134144
24,206653.65653574452
25,206653.65686668098
26,206653.65653887548
27,206653.65856155413
28,206653.65726150913
29,206653.65652082852
30,206653.6555780268
31,206653.65625967676
32,206653.65830520866
33,206653.6577750542
34,206653.65693153653
35,206653.65714896025
36,206653.65754129493
37,206653.65708702788
38,206653.65661792067
39,206653.65743194942
40,206653.65836210438
41,206653.65715726817
42,206653.65726824792
43,206653.65783446594
44,206653.6572464563
45,206653.65599044014
46,206653.65688310692
47,206653.65693765675
48,206653.6577051601
49,6870453.921874031
50,6870453.921874031
51,6870453.921874031
52,6870453.921874031
53,6870453.921874031
54,6870453.921874031
55,6870453.921874031
56,6870453.921874031
57,6870453.921874031
58,6870453.921874031
59,6870453.921874031
60,6870453.921874031
61,6870453.921874032
62,6870453.921874031
63,6870453.921874031
64,6870453.921874031
65,6870453.921874031
66,6870453.921874031
67,6870453.921874031
68,6870453.921874031
69,6870453.921874031
70,6870453.921874031
71,6870453.921874031
72,6870453.921874031
73,6870453.921874031
74,6870453.921874031
75,6870453.921874031
76,6870453.921874031
77,6870453.921874031
78,6870453.921874031
79,6870453.921874031
80,6870453.921874031
81,6870453.921874031
82,6870453.921874031
83,6870453.921874031
84,6870453.921874031
85,6870453.921874031
86,6870453.921874031
87,6870453.921874031
88,6870453.921874031
89,6870453.921874031
90,6870453.921874031
91,6870453.921874031
92,6870453.921874031
93,6870453.921874031
94,6870453.921874031
95,6870453.921874031
96,6870453.921874031
97,6870453.921874031
98,2731779.3830800937
99,2731779.3830800937
100,2731779.3830800937
101,2731779.3830800927
102,2731779.3830800937
103,2731779.3830800937
104,2731779.3830800937
105,2731779.3830800937
106,2731779.3830800937
107,2731779.3864971604
108,2731779.3751221416
109,2731779.384428071
110,2731779.3864295296
111,2731779.3832939044
112,2731779.379671377
113,2731779.3976323996
114,2731779.3842240623
115,2731779.384158735
116,2731779.379272184
117,2731779.388820558
118,2731779.3829794466
119,2731779.3858116134
120,2731779.3875403907
121,2731779.384770281
122,2731779.381961196
123,2731779.3845502683
124,2731779.3860610053
125,2731779.3751370073
126,2731779.383623747
127,2731779.3775837626
128,2731779.3806012487
129,2731779.379440595
130,2731779.381410021
131,2731779.380339138
132,2731779.384308678
133,2731779.3855972947
134,2731779.3817919614
135,2731779.3800220713
136,2731779.385772911
137,2731779.385948995
138,2731779.384650382
139,2731779.380125112
140,2731779.383896725
141,2731779.386942937
142,2731779.3786303983
143,2731779.3785682144
144,2731779.387428363
145,2731779.3853925066
146,2731779.369367881
147,178201.08572180476
148,178201.0857218047
149,178201.08572180482
150,178201.08572180482
151,178201.08572180482
152,178201.0857218047
153,178201.08572180464
154,178201.08572180476
155,178201.08572180482
156,178201.0849337574
157,178201.0844683316
158,178201.08554929195
159,178201.0867594703
160,178201.08456039437
161,178201.0860838226
162,178201.08604002066
163,178201.08460893127
164,178201.08560482945
165,178201.08532250253
166,178201.08423089574
167,178201.08684035865
168,178201.085712949
169,178201.0882079708
170,178201.08518106106
171,178201.08604995304
172,178201.08821185728
173,178201.08633895498
174,178201.08498007993
175,178201.08635485586
176,178201.08620989166
177,178201.0852046609
178,178201.08613696453
179,178201.08512754473
180,178201.08521887098
181,178201.08619149693
182,178201.08658155528
183,178201.0855907614
184,178201.08474689536
185,178201.0858952849
186,178201.0845870858
187,178201.08486211908
188,178201.0852172832
189,178201.08584908702
190,178201.08486993966
191,178201.08384593946
192,178201.08565974294
193,178201.08564510127
194,178201.08732285493
195,178201.08495169104
196,137823.27115549197
197,137823.27115549194
198,137823.27115549208
199,137823.27115549208
200,137823.2711554921
201,137823.2711554921
202,137823.27115549202
203,137823.27115549214
204,137823.27115549205
205,137823.2708883303
206,137823.27123793904
207,137823.27103129376
208,137823.27176135418
209,137823.27094779117
210,137823.2716561718
211,137823.27096738952
212,137823.27079886734
213,137823.27124008426
214,137823.27069951242
215,137823.27085004517
216,137823.27223560962
217,137823.27099709839
218,137823.27242957367
219,137823.27100844152
220,137823.271144358
221,137823.27184650567
222,137823.27111906803
223,137823.2711678329
224,137823.2714502716
225,137823.27133188592
226,137823.2708142238
227,137823.27098685317
228,137823.27147212697
229,137823.2712035191
230,137823.27131744774
231,137823.2715926445
232,137823.27071533859
233,137823.27099571604
234,137823.27107629043
235,137823.270570771
236,137823.27055953248
237,137823.271044489
238,137823.27125155943
239,137823.27120457418
240,137823.2708002245
241,137823.2711173945
242,137823.27107994462
243,137823.2716439634
244,137823.2710896624
245,112775.4878016478
246,112775.48780164763
247,112775.48780164763
248,112775.48780164782
249,112775.48780164777
250,112775.48780164783
251,112775.48780164783
252,112775.48780164769
253,112775.48780164775
254,112775.48764519478
255,112775.48809372903
256,112775.48775964069
257,112775.48817913135
258,112775.48763496838
259,112775.48815903805
260,112775.48774157156
261,112775.48755686801
262,112775.48787412925
263,112775.48740594146
264,112775.48786190894
265,112775.48826557327
266,112775.48786561495
267,112775.48854337583
268,112775.48769616443
269,112775.48786074558
270,112775.48789672791
271,112775.48775021432
272,112775.48782574019
273,112775.48801484014
274,112775.48789183733
275,112775.48769491872
276,112775.48747815182
277,112775.48800029275
278,112775.48782062226
279,112775.48780469366
280,112775.48813396282
281,112775.48708233621
282,112775.48779038273
283,112775.48766083703
284,112775.48756715866
285,112775.48734145929
286,112775.48778600646
287,112775.4877938074
288,112775.48808355277
289,112775.48771374921
290,112775.48777032938
291,112775.4877194614
292,112775.48801334613
293,112775.48766681876
294,92793.35398638304
295,92793.35398638304
296,92793.35398638304
297,92793.35398638307
298,92793.353986383
299,92793.35398638301
300,92793.35398638296
301,92793.35398638285
302,92793.35398638286
303,92793.35468712762
304,92793.3535330823
305,92793.35405039781
306,92793.35421656542
307,92793.35481127365
308,92793.35283204264
309,92793.3535487456
310,92793.35396578608
311,92793.35385883831
312,92793.3536272786
313,92793.35384462426
314,92793.35409921427
315,92793.35368071307
316,92793.3545771467
317,92793.35373837681
318,92793.35360742736
319,92793.35345153995
320,92793.35380408564
321,92793.3540015597
322,92793.35388390846
323,92793.35406466067
324,92793.35409666308
325,92793.3537902407
326,92793.35451672022
327,92793.35394487319
328,92793.35396595547
329,92793.35425877379
330,92793.35403744964
331,92793.3538711742
332,92793.35371376984
333,92793.35383867682
334,92793.3539316076
335,92793.3538702156
336,92793.35388035052
337,92793.35401001778
338,92793.3549740485
339,92793.3538095029
340,92793.35398096452
341,92793.35313033513
342,92793.3547020371
343,77899.30544742123
344,77899.30544742136
345,77899.30544742124
346,77899.30544742134
347,77899.30544742133
348,77899.30544742139
349,77899.3054474213
350,77899.30544742117
351,77899.3054474212
352,77899.30543325987
353,77899.30527194802
354,77899.30557212552
355,77899.30556281266
356,77899.30540381011
357,77899.30543895763
358,77899.30525117871
359,77899.30552276732
360,77899.30524533386
361,77899.30523214326
362,77899.30548211621
363,77899.30512615376
364,77899.30574529676
365,77899.30546346134
366,77899.30531665386
367,77899.30544272874
368,77899.30522434507
369,77899.30555602115
370,77899.30557644712
371,77899.30545847418
372,77899.30565206146
373,77899.30568763756
374,77899.30519724528
375,77899.30538926234
376,77899.30538045336
377,77899.30534032593
378,77899.30558544805
379,77899.30525278956
380,77899.30543805915
381,77899.30529325535
382,77899.30544327183
383,77899.30540309637
384,77899.30539873688
385,77899.30533195756
386,77899.30559957911
387,77899.30548499893
388,77899.30564572416
389,77899.30533948672
390,77899.30553894842
391,77899.30538260542
392,74274.59775810302
393,74274.59775810297
394,74274.59775810296
395,74274.59775810299
396,74274.59775810306
397,74274.59775810291
398,74274.59775810302
399,74274.59775810296
400,74274.59775810296
401,74274.59769531364
402,74274.59767963819
403,74274.59786455738
404,74274.5978612306
405,74274.5976855306
406,74274.59782233702
407,74274.5974980165
408,74274.59786037377
409,74274.59757584897
410,74274.59755872135
411,74274.59775964424
412,74274.59748565096
413,74274.59803237824
414,74274.59772050832
415,74274.59766176458
416,74274.59775131421
417,74274.59767742948
418,74274.59784558958
419,74274.59792889835
420,74274.59774885078
421,74274.59796214098
422,74274.5979788742
423,74274.59754033464
424,74274.59767620475
425,74274.59773747143
426,74274.59766288975
427,74274.59782932462
428,74274.59775265501
429,74274.59771851354
430,74274.59763443461
431,74274.59773704216
432,74274.59773247171
433,74274.59774290344
434,74274.59766698077
435,74274.59789784082
436,74274.59772813745
437,74274.59800131005
438,74274.5976516975
439,74274.59794137858
440,74274.5977450486
441,64611.50023628722
442,64611.5002362873
443,64611.50023628731
444,64611.50023628731
445,64611.500236287386
446,64611.50023628732
447,64611.50023628723
448,64611.500236287284
449,64611.50023628726
450,64611.500176365145
451,64611.500523509996
452,64611.5001404423
453,64611.500295080376
454,64611.50003813014
455,64611.50006108718
456,64611.50063728445
457,64611.500093653965
458,64611.50022616668
459,64611.500089859255
460,64611.50007566874
461,64611.50002381033
462,64611.500384072584
463,64611.50034345019
464,64611.50026707238
465,64611.50028226822
466,64611.50008924181
467,64611.5003619422
468,64611.49997721246
469,64611.50026916387
470,64611.50026231343
471,64611.50031801854
472,64611.50021612097
473,64611.500238127956
474,64611.500178090886
475,64611.500053120435
476,64611.499957332744
477,64611.500416819006
478,64611.50030313924
479,64611.500244859184
480,64611.50033828231
481,64611.50019764745
482,64611.50044518409
483,64611.50024627267
484,64611.50037035661
485,64611.50021177021
486,64611.500331136456
487,64611.500053603406
488,64611.500234194325
489,64611.49995005326
490,63715.34634471607
491,63715.34634471601
492,63715.34634471598
493,63715.34634471601
494,63715.34634471607
495,63715.34634471607
496,63715.34634471616
497,63715.346344716105
498,63715.346344716134
499,63715.346351930944
500,63715.34616854467
501,63715.34642276066
502,63715.34617845555
503,63715.34655472129
504,63715.34598811179
505,63715.34553333259
506,63715.346644095516
507,63715.34655854315
508,63715.34630674334
509,63715.34615288933
510,63715.34653590913
511,63715.34560825405
512,63715.34626736914
513,63715.346429198195
514,63715.346248291535
515,63715.346184757414
516,63715.34638198649
517,63715.346850196285
518,63715.345977519864
519,63715.346362651544
520,63715.346123636766
521,63715.34639536374
522,63715.346437360306
523,63715.34684745513
524,63715.3464435267
525,63715.34615220981
526,63715.34629913737
527,63715.34635459368
528,63715.34627985432
529,63715.34584461898
530,63715.34659387783
531,63715.34616233841
532,63715.346574277486
533,63715.346292048824
534,63715.34635474863
535,63715.34607559113
536,63715.3464270678
537,63715.34621831898
538,63715.34680967098
539,61906.98215749456
540,61906.98215749462
541,61906.982157494516
542,61906.98215749456
543,61906.98215749453
544,61906.982157494545
545,61906.982157494574
546,61906.9821574946
547,61906.982157494596
548,61906.98212652502
549,61906.98220389474
550,61906.98211239207
551,61906.98211171439
552,61906.98215207678
553,61906.98193663343
554,61906.98202265979
555,61906.982237786455
556,61906.98219835802
557,61906.982060888186
558,61906.98199044105
559,61906.982144725975
560,61906.98193694082
561,61906.98221925136
562,61906.982200610044
563,61906.98213341366
564,61906.98200731396
565,61906.98222914869
566,61906.98225719819
567,61906.98200858666
568,61906.98219172459
569,61906.98211741634
570,61906.98217077598
571,61906.98220923957
572,61906.98232698318
573,61906.98209813592
574,61906.981926335204
575,61906.9822449382
576,61906.9821871714
577,61906.98213191744
578,61906.98201038798
579,61906.98225950049
580,61906.982215912336
581,61906.98226825315
582,61906.98220470298
583,61906.98215824051
584,61906.98212288387
585,61906.98202330533
586,61906.98210489273
587,61906.98222098755
588,60345.27281180988
589,60345.2728118099
590,60345.27281180988
591,60345.27281180987
592,60345.27281180988
593,60345.272811809824
594,60345.27281180979
595,60345.272811809824
596,60345.2728118099
597,60345.2727180838
598,60345.27277930101
599,60345.27277153463
600,60345.27275711762
601,60345.27273711639
602,60345.27277909518
603,60345.27265997517
604,60345.27290241524
605,60345.272841290156
606,60345.27271983816
607,60345.27275768153
608,60345.27289271981
609,60345.27264249196
610,60345.27293061871
611,60345.272814938486
612,60345.272810604256
613,60345.27273359974
614,60345.272875405644
615,60345.27295897346
616,60345.272656312365
617,60345.27282933005
618,60345.2727371803
619,60345.272792124575
620,60345.27289033304
621,60345.27295352333
622,60345.27278037389
623,60345.27269464449
624,60345.2728579526
625,60345.272822188366
626,60345.272791709554
627,60345.27263931551
628,60345.27291008905
629,60345.27283973434
630,60345.2729479147
631,60345.27287359113
632,60345.27276104004
633,60345.272730204284
634,60345.27292481673
635,60345.272835102296
636,60345.27286282082
637,57447.977902202285
638,57447.97790220233
639,57447.977902202314
640,57447.97790220238
641,57447.9779022023
642,57447.977902202314
643,57447.97790220225
644,57447.97790220228
645,57447.97790220233
646,57447.97780995991
647,57447.9778375884
648,57447.97788955099
649,57447.97785450493
650,57447.97791828849
651,57447.97795615552
652,57447.97773145674
653,57447.97788976443
654,57447.977819777145
655,57447.97782310253
656,57447.977860867664
657,57447.978107831856
658,57447.977772364386
659,57447.977859177285
660,57447.97787378877
661,57447.97789144321
662,57447.97780905458
663,57447.97783715473
664,57447.978092568555
665,57447.97777024094
666,57447.977984656565
667,57447.977761436596
668,57447.97791287316
669,57447.97801794875
670,57447.97798040475
671,57447.97792637984
672,57447.97784504257
673,57447.97780131054
674,57447.97791829264
675,57447.977954990536
676,57447.977775620544
677,57447.977988069964
678,57447.9779225163
679,57447.97804029452
680,57447.97790759088
681,57447.97788537842
682,57447.977901838174
683,57447.97805288456
684,57447.97782672265
685,57447.97796089167
686,54923.74422944272
687,54923.744229442746
688,54923.74422944274
689,54923.744229442804
690,54923.74422944282
691,54923.74422944283
692,54923.744229442826
693,54923.7442294427
694,54923.74422944272
695,54923.744192125756
696,54923.744229149816
697,54923.744252815544
698,54923.74425651975
699,54923.74430037566
700,54923.74433303399
701,54923.744323799896
702,54923.74409755406
703,54923.744245830785
704,54923.744180041016
705,54923.744130752115
706,54923.74436055816
707,54923.74419167221
708,54923.74423629138
709,54923.74411049456
710,54923.74423898278
711,54923.74440772335
712,54923.74419529534
713,54923.74431126368
714,54923.744172450584
715,54923.744219907705
716,54923.744119962364
717,54923.744260804495
718,54923.744171212915
719,54923.74421595194
720,54923.74428789223
721,54923.744287891044
722,54923.74428741181
723,54923.74410597688
724,54923.744357955955
725,54923.74418141326
726,54923.74429178903
727,54923.74432009123
728,54923.74432689169
729,54923.74408512104
730,54923.74420335467
731,54923.74413443507
732,54923.74437002092
733,54923.74426915814
734,54923.74417870079
735,52841.826203053635
736,52841.82620305363
737,52841.82620305364
738,52841.82620305365
739,52841.82620305367
740,52841.826203053635
741,52841.82620305371
742,52841.826203053686
743,52841.82620305361
744,52841.826227100864
745,52841.82605396476
746,52841.826189408464
747,52841.82621836496
748,52841.82618245291
749,52841.82633936568
750,52841.826303242386
751,52841.82606359868
752,52841.82609276961
753,52841.826199906325
754,52841.826214405926
755,52841.82626357379
756,52841.82628235716
757,52841.82621673906
758,52841.82612747187
759,52841.82621420778
760,52841.82622843343
761,52841.826135068106
762,52841.82624158525
763,52841.826171881476
764,52841.82625278517
765,52841.826180736774
766,52841.82618141853
767,52841.82618745487
768,52841.82612192288
769,52841.82626985166
770,52841.82624625729
771,52841.826298719534
772,52841.8261215272
773,52841.82628105748
774,52841.826235136425
775,52841.826232616775
776,52841.826290831516
777,52841.82625517847
778,52841.82619912882
779,52841.826231260704
780,52841.82618485227
781,52841.826316863866
782,52841.826216038724
783,52841.82617559087
784,50722.1447511419
785,50722.144751141874
786,50722.14475114189
787,50722.14475114186
788,50722.14475114186
789,50722.144751141874
790,50722.14475114194
791,50722.14475114184
792,50722.14475114191
793,50722.14484557677
794,50722.14491347661
795,50722.14482552885
796,50722.14470206409
797,50722.14474989714
798,50722.14476033899
799,50722.144754017674
800,50722.14466739679
801,50722.14479690523
802,50722.14475730785
803,50722.144795716864
804,50722.144738761985
805,50722.14466277598
806,50722.144701697616
807,50722.14472205451
808,50722.14472959886
809,50722.14463822772
810,50722.144691203444
811,50722.1448926888
812,50722.14488811995
813,50722.14478659505
814,50722.144770646206
815,50722.14471234167
816,50722.14471799263
817,50722.1447331277
818,50722.14480560391
819,50722.14475628395
820,50722.144748992396
821,50722.144740676544
822,50722.14473387805
823,50722.14465045022
824,50722.14466275237
825,50722.14483893809
826,50722.144757737566
827,50722.14480551588
828,50722.1448012053
829,50722.144730895976
830,50722.14486136431
831,50722.14467604563
832,50722.14475125277
833,49449.153226396
834,49449.15322639605
835,49449.15322639608
836,49449.15322639605
837,49449.15322639605
838,49449.15322639603
839,49449.15322639599
840,49449.15322639598
841,49449.15322639603
842,49449.15326951184
843,49449.15308474595
844,49449.15325443579
845,49449.153208339296
846,49449.153156710854
847,49449.15315528719
848,49449.153313801224
849,49449.15319969225
850,49449.153183983166
851,49449.153246234164
852,49449.15326851512
853,49449.15312680502
854,49449.15331555977
855,49449.153190571655
856,49449.153182767084
857,49449.15322165039
858,49449.15311080246
859,49449.153247411596
860,49449.15325884065
861,49449.15329939081
862,49449.15326018302
863,49449.15327912503
864,49449.15320166741
865,49449.153145602635
866,49449.15317168905
867,49449.1532723218
868,49449.15324659329
869,49449.153281462386
870,49449.15320374664
871,49449.15321730172
872,49449.15322394157
873,49449.15319841582
874,49449.15327238876
875,49449.15320716267
876,49449.15326594537
877,49449.15327726582
878,49449.15316413101
879,49449.15331008303
880,49449.1531673861
881,49449.153200790264
882,48443.592649990715
883,48443.59264999069
884,48443.59264999069
885,48443.592649990715
886,48443.592649990685
887,48443.592649990635
888,48443.59264999066
889,48443.592649990635
890,48443.59264999065
891,48443.59265466359
892,48443.5925311529
893,48443.59266250976
894,48443.59263225516
895,48443.59259254358
896,48443.592612468405
897,48443.59272423423
898,48443.59266323179
899,48443.592579021264
900,48443.59265786352
901,48443.59269356002
902,48443.59257835132
903,48443.59274752002
904,48443.592628604565
905,48443.59261961618
906,48443.592650689876
907,48443.59256075318
908,48443.59263539318
909,48443.59268145453
910,48443.59268766792
911,48443.59267409408
912,48443.5926990433
913,48443.59263758058
914,48443.59255303702
915,48443.592605999744
916,48443.59268632206
917,48443.59266940971
918,48443.59262148809
919,48443.59263631346
920,48443.59264892579
921,48443.5926894003
922,48443.592643334414
923,48443.59264487967
924,48443.592630776555
925,48443.59268884773
926,48443.59269108209
927,48443.592600553944
928,48443.59272579113
929,48443.59258099961
930,48443.59266642599
931,47253.75709385888
932,47253.7570938589
933,47253.7570938589
934,47253.75709385887
935,47253.757093858905
936,47253.75709385886
937,47253.75709385886
938,47253.75709385889
939,47253.75709385885
940,47253.75696765954
941,47253.75704974807
942,47253.75710345933
943,47253.75710085857
944,47253.75691641518
945,47253.757040926605
946,47253.75704864985
947,47253.757127381665
948,47253.75704608488
949,47253.75709125591
950,47253.75712111036
951,47253.7570880131
952,47253.75717783731
953,47253.757021962985
954,47253.75710140687
955,47253.7571845956
956,47253.75722122401
957,47253.75724182158
958,47253.75713360621
959,47253.75708053912
960,47253.75710849251
961,47253.75709596871
962,47253.75710290714
963,47253.75697611091
964,47253.75709541172
965,47253.75712772469
966,47253.7571122642
967,47253.75713664879
968,47253.75702273211
969,47253.75713775143
970,47253.756980594684
971,47253.757062060395
972,47253.75700381581
973,47253.75708277385
974,47253.757102199685
975,47253.75695648422
976,47253.75703536581
977,47253.75714511433
978,47253.75726894769
979,47253.75694929854
980,47589.27296657026
981,47589.27296657024
982,47589.2729665703
983,47589.27296657024
984,47589.272966570265
985,47589.27296657026
986,47589.27296657025
987,47589.27296657028
988,47589.27296657025
989,47589.27320181145
990,47589.272914080066
991,47589.27293068246
992,47589.272960563394
993,47589.27323251969
994,47589.27261173722
995,47589.27302437121
996,47589.27296328903
997,47589.272945474324
998,47589.2729217859
999,47589.2729596854
1000,47589.27311299879
1001,47589.272797228965
1002,47589.27307608345
1003,47589.27297830165
1004,47589.27286578288
1005,47589.27284145109
1006,47589.27290334291
1007,47589.27289150556
1008,47589.27287881293
1009,47589.272870324094
1010,47589.272958672744
1011,47589.27299635025
1012,47589.27310148219
1013,47589.2729507403
1014,47589.27295064566
1015,47589.27297224382
1016,47589.272979317495
1017,47589.272937640504
1018,47589.272936107904
1019,47589.27307062301
1020,47589.273030680415
1021,47589.27279927314
1022,47589.272951356004
1023,47589.27295261354
1024,47589.27321478044
1025,47589.2728282918
1026,47589.27303335003
1027,47589.27259249631
1028,47589.273259466405
1029,46796.902774262555
1030,46796.90277426254
1031,46796.902774262555
1032,46796.90277426254
1033,46796.90277426254
1034,46796.90277426254
1035,46796.90277426251
1036,46796.902774262526
1037,46796.902774262555
1038,46796.902800125965
1039,46796.90272664738
1040,46796.90276383038
1041,46796.902774044516
1042,46796.90279616643
1043,46796.90259678091
1044,46796.902764685554
1045,46796.902790342436
1046,46796.90273333804
1047,46796.902753550195
1048,46796.90278834967
1049,46796.902836204325
1050,46796.90274307526
1051,46796.90278283857
1052,46796.902784100406
1053,46796.90277605946
1054,46796.90278510193
1055,46796.90282267695
1056,46796.90277262559
1057,46796.90272782617
1058,46796.9027438858
1059,46796.90277102197
1060,46796.902791292145
1061,46796.902769000066
1062,46796.90276996445
1063,46796.90278816586
1064,46796.90278768795
1065,46796.90279443518
1066,46796.90272528895
1067,46796.90277973994
1068,46796.90274822353
1069,46796.90278271998
1070,46796.90265084922
1071,46796.90276129579
1072,46796.90277448363
1073,46796.90280992469
1074,46796.90268288681
1075,46796.902830965024
1076,46796.90270271411
1077,46796.902828910796
1078,46508.83871806966
1079,46508.83871806968
1080,46508.83871806969
1081,46508.8387180697
1082,46508.8387180697
1083,46508.838718069754
1084,46508.83871806969
1085,46508.83871806973
1086,46508.8387180697
1087,46508.83872437623
1088,46508.838762704
1089,46508.838721525746
1090,46508.838717523366
1091,46508.83873292516
1092,46508.83863686492
1093,46508.838730388845
1094,46508.83871189473
1095,46508.83867752381
1096,46508.83869678635
1097,46508.83872878267
1098,46508.838799309386
1099,46508.838676962565
1100,46508.838715128455
1101,46508.8387234543
1102,46508.83872404628
1103,46508.838740264575
1104,46508.83872038111
1105,46508.83872011111
1106,46508.83869938269
1107,46508.83869912164
1108,46508.83871861204
1109,46508.83872904767
1110,46508.838718494124
1111,46508.83869891182
1112,46508.83873446444
1113,46508.838726468224
1114,46508.838709063035
1115,46508.83867953354
1116,46508.83872165288
1117,46508.83869521164
1118,46508.838698558604
1119,46508.83863781427
1120,46508.838712330275
1121,46508.838723877125
1122,46508.83872787439
1123,46508.83866086146
1124,46508.83878316069
1125,46508.83867197718
1126,46508.83875426227
1127,46139.356709852866
1128,46139.356709853004
1129,46139.35670985302
1130,46139.356709852924
1131,46139.3567098529
1132,46139.356709852866
1133,46139.35670985287
1134,46139.35670985289
1135,46139.356709852895
1136,46139.35669656864
1137,46139.35678140582
1138,46139.356722490345
1139,46139.356715992304
1140,46139.35672384106
1141,46139.35670925969
1142,46139.35673110879
1143,46139.35670861667
1144,46139.35667484596
1145,46139.35668375112
1146,46139.3567038053
1147,46139.35678678852
1148,46139.35668263719
1149,46139.356685509854
1150,46139.35671087331
1151,46139.35670937865
1152,46139.356731208456
1153,46139.356682884
1154,46139.356718368275
1155,46139.356701517165
1156,46139.35669511784
1157,46139.35671446651
1158,46139.35672162455
1159,46139.35671582494
1160,46139.35667841242
1161,46139.356720785916
1162,46139.35671185972
1163,46139.35669714458
1164,46139.35668412377
1165,46139.35670234062
1166,46139.35670042254
1167,46139.3566791978
1168,46139.35666406048
1169,46139.356704341575
1170,46139.35670648755
1171,46139.35669864956
1172,46139.35668499135
1173,46139.356783322226
1174,46139.35668182526
1175,46139.35673572236
1176,45557.52768240904
1177,45557.52768240899
1178,45557.527682409054
1179,45557.527682409025
1180,45557.52768240909
1181,45557.527682409076
1182,45557.527682409025
1183,45557.52768240902
1184,45557.527682409025
1185,45557.527658610714
1186,45557.52774556332
1187,45557.52770495427
1188,45557.52769944126
1189,45557.527688475006
1190,45557.5277399169
1191,45557.52771780543
1192,45557.527682852524
1193,45557.527676013604
1194,45557.52766690244
1195,45557.52764751692
1196,45557.52772362157
1197,45557.52766923288
1198,45557.52764362327
1199,45557.52768747264
1200,45557.527670509066
1201,45557.52767579431
1202,45557.52764738673
1203,45557.52768476899
1204,45557.52768465813
1205,45557.52766512988
1206,45557.52768566436
1207,45557.52769452915
1208,45557.52769522426
1209,45557.52763718957
1210,45557.5276850628
1211,45557.527670374475
1212,45557.527689386196
1213,45557.527682965745
1214,45557.527651974764
1215,45557.52766978146
1216,45557.52764166408
1217,45557.527693049495
1218,45557.52767760613
1219,45557.52766840725
1220,45557.527647448
1221,45557.5276808764
1222,45557.52776747136
1223,45557.52767620147
1224,45557.527677647646
1225,45096.186825229335
1226,45096.18682522934
1227,45096.18682522934
1228,45096.18682522933
1229,45096.186825229364
1230,45096.18682522937
1231,45096.18682522937
1232,45096.18682522939
1233,45096.18682522938
1234,45096.18681306746
1235,45096.18681826442
1236,45096.18684116061
1237,45096.18684848603
1238,45096.18684256055
1239,45096.186935549056
1240,45096.18676002355
1241,45096.18684567933
1242,45096.186791587985
1243,45096.186860371476
1244,45096.18679087961
1245,45096.186851967024
1246,45096.18680773057
1247,45096.18677552334
1248,45096.186853883824
1249,45096.1868285511
1250,45096.186837074514
1251,45096.18676736199
1252,45096.186877737215
1253,45096.186791551845
1254,45096.18684869454
1255,45096.1868183589
1256,45096.18683197264
1257,45096.18681774231
1258,45096.18679855833
1259,45096.18686720734
1260,45096.18682322536
1261,45096.186809224964
1262,45096.186835440145
1263,45096.18682780748
1264,45096.186796471135
1265,45096.18681232679
1266,45096.18680658291
1267,45096.186829706
1268,45096.18680832865
1269,45096.186771696994
1270,45096.1868762474
1271,45096.18690602901
1272,45096.18686209063
1273,45096.186835946246
1274,45192.49162138392
1275,45192.491621383924
1276,45192.491621383924
1277,45192.49162138397
1278,45192.491621383895
1279,45192.49162138391
1280,45192.49162138389
1281,45192.491621383946
1282,45192.49162138396
1283,45192.49165565668
1284,45192.49163949808
1285,45192.49160940613
1286,45192.49166889038
1287,45192.49152927595
1288,45192.49160638192
1289,45192.491906520016
1290,45192.491523853496
1291,45192.491607790435
1292,45192.491631149154
1293,45192.49160675044
1294,45192.49155635467
1295,45192.49174750659
1296,45192.49166950615
1297,45192.49162671302
1298,45192.49166525833
1299,45192.49165317129
1300,45192.49166808688
1301,45192.49141021667
1302,45192.49167640027
1303,45192.49158379174
1304,45192.49162944421
1305,45192.49159646724
1306,45192.491568113874
1307,45192.491527398684
1308,45192.49157420239
1309,45192.4916351574
1310,45192.49174973646
1311,45192.49160543797
1312,45192.49167427201
1313,45192.491750946145
1314,45192.4915717702
1315,45192.49171615366
1316,45192.49160313255
1317,45192.4916421284
1318,45192.491553161955
1319,45192.49160784135
1320,45192.49170989993
1321,45192.49175460334
1322,45192.49144581964
1323,44923.555631559415
1324,44923.5556315594
1325,44923.5556315594
1326,44923.55563155946
1327,44923.555631559415
1328,44923.55563155943
1329,44923.555631559415
1330,44923.55563155937
1331,44923.555631559415
1332,44923.555638240614
1333,44923.55563437493
1334,44923.55563394448
1335,44923.55566569171
1336,44923.55559918337
1337,44923.555689252455
1338,44923.55572784441
1339,44923.555607157585
1340,44923.55560999573
1341,44923.55565399247
1342,44923.55560655702
1343,44923.55561685071
1344,44923.55568351423
1345,44923.555629984854
1346,44923.55564845562
1347,44923.555652700205
1348,44923.555649933194
1349,44923.555620877436
1350,44923.555573153746
1351,44923.55563525257
1352,44923.55562516574
1353,44923.555632982585
1354,44923.55562422838
1355,44923.55560510033
1356,44923.555573973994
1357,44923.55563063282
1358,44923.55563724872
1359,44923.555678987366
1360,44923.55563028332
1361,44923.555654171025
1362,44923.5556758673
1363,44923.55560424439
1364,44923.55566348236
1365,44923.55562575477
1366,44923.55563170586
1367,44923.55557260901
1368,44923.555651435665
1369,44923.55571541251
1370,44923.5557093495
1371,44923.5555605243
1372,44776.021407086526
1373,44776.02140708654
1374,44776.021407086526
1375,44776.02140708654
1376,44776.021407086584
1377,44776.0214070865
1378,44776.02140708654
1379,44776.021407086504
1380,44776.02140708649
1381,44776.021441375444
1382,44776.021389074755
1383,44776.02141086167
1384,44776.02143004756
1385,44776.02139672928
1386,44776.021418232755
1387,44776.02143436372
1388,44776.021409350746
1389,44776.021403923754
1390,44776.021432903835
1391,44776.021393928386
1392,44776.02139560159
1393,44776.021424384875
1394,44776.02141640415
1395,44776.02143166425
1396,44776.021421207945
1397,44776.021405718915
1398,44776.02140897088
1399,44776.02139828284
1400,44776.021396607546
1401,44776.02139888729
1402,44776.021400644066
1403,44776.02139741716
1404,44776.02138692535
1405,44776.02137288565
1406,44776.02141155117
1407,44776.02141934112
1408,44776.02144255229
1409,44776.0214116541
1410,44776.02142946122
1411,44776.021420498895
1412,44776.02140102709
1413,44776.02141826733
1414,44776.021402223596
1415,44776.02141108856
1416,44776.02137521166
1417,44776.0214119279
1418,44776.021485089055
1419,44776.021452059875
1420,44776.02137312661
1421,44668.58138894236
1422,44668.58138894233
1423,44668.58138894233
1424,44668.58138894237
1425,44668.58138894241
1426,44668.58138894236
1427,44668.58138894233
1428,44668.58138894236
1429,44668.58138894235
1430,44668.58144032223
1431,44668.58137303697
1432,44668.58139304851
1433,44668.581400306866
1434,44668.581395754256
1435,44668.581351674526
1436,44668.58138298904
1437,44668.58140681909
1438,44668.58139626454
1439,44668.58140113614
1440,44668.58138967001
1441,44668.58138601768
1442,44668.58138253945
1443,44668.58140543416
1444,44668.58141236591
1445,44668.581396712514
1446,44668.58136599715
1447,44668.581400494564
1448,44668.581409948834
1449,44668.58137509863
1450,44668.58137742838
1451,44668.58138049645
1452,44668.581376262075
1453,44668.58137664142
1454,44668.58137060195
1455,44668.58138469817
1456,44668.58140869073
1457,44668.5814040217
1458,44668.58139782797
1459,44668.58140709352
1460,44668.58138733605
1461,44668.58139290772
1462,44668.58139088987
1463,44668.58138126365
1464,44668.58140043462
1465,44668.58138682349
1466,44668.58138203714
1467,44668.58146210337
1468,44668.58139447158
1469,44668.58138454301
1470,44574.5605403456
1471,44574.560540345585
1472,44574.560540345585
1473,44574.560540345585
1474,44574.56054034557
1475,44574.5605403456
1476,44574.56054034561
1477,44574.56054034558
1478,44574.56054034556
1479,44574.56058728303
1480,44574.56051982132
1481,44574.56053981031
1482,44574.560548668145
1483,44574.560558947145
1484,44574.56048450943
1485,44574.56052542508
1486,44574.56055175381
1487,44574.56053728445
1488,44574.560542557934
1489,44574.56054553132
1490,44574.56054463965
1491,44574.56052735041
1492,44574.56055603972
1493,44574.56055842754
1494,44574.56054622487
1495,44574.560512141645
1496,44574.56055201687
1497,44574.560560094746
1498,44574.56052398916
1499,44574.56053693711
1500,44574.560532383424
1501,44574.56052797027
1502,44574.56053020618
1503,44574.560528678056
1504,44574.56053193174
1505,44574.56056699151
1506,44574.5605381801
1507,44574.56054777812
1508,44574.56055526564
1509,44574.560538956604
1510,44574.560548906615
1511,44574.560536704535
1512,44574.56052825721
1513,44574.56055235141
1514,44574.56055406569
1515,44574.56054264396
1516,44574.560608806256
1517,44574.56052557435
1518,44574.56055126381
1519,44428.21713088767
1520,44428.21713088749
1521,44428.21713088766
1522,44428.21713088766
1523,44428.21713088764
1524,44428.217130887606
1525,44428.217130887606
1526,44428.21713088765
1527,44428.21713088763
1528,44428.21713591195
1529,44428.21716234019
1530,44428.217143022004
1531,44428.21713085137
1532,44428.217152036945
1533,44428.217085603246
1534,44428.217092125094
1535,44428.217156929066
1536,44428.21717952803
1537,44428.21711456078
1538,44428.21713798704
1539,44428.21714099756
1540,44428.21708743421
1541,44428.21716677945
1542,44428.21713403533
1543,44428.217132378806
1544,44428.21710871846
1545,44428.21714920548
1546,44428.217182327164
1547,44428.217118419
1548,44428.21710210166
1549,44428.21712299984
1550,44428.21712536657
1551,44428.21711887331
1552,44428.217135472885
1553,44428.21710924982
1554,44428.21716372292
1555,44428.217125858624
1556,44428.21713205425
1557,44428.2171143732
1558,44428.21710143512
1559,44428.21713725133
1560,44428.21714456572
1561,44428.21711290487
1562,44428.21713565256
1563,44428.217144551156
1564,44428.21709597326
1565,44428.21719002988
1566,44428.21711352252
1567,44428.21715752487
1568,44349.17312141131
1569,44349.173121411244
1570,44349.173121411244
1571,44349.17312141126
1572,44349.1731214112
1573,44349.17312141127
1574,44349.173121411295
1575,44349.173121411244
1576,44349.173121411244
1577,44349.17309952373
1578,44349.17306269937
1579,44349.173099262145
1580,44349.17312917315
1581,44349.17311645621
1582,44349.1731081627
1583,44349.17315065637
1584,44349.173079760345
1585,44349.1730762703
1586,44349.17310989218
1587,44349.17313755653
1588,44349.173129159026
1589,44349.17314626522
1590,44349.17314986235
1591,44349.17311672897
1592,44349.173122823224
1593,44349.173080579436
1594,44349.17311333245
1595,44349.173079314554
1596,44349.17312036201
1597,44349.17314542711
1598,44349.17312734751
1599,44349.173114321275
1600,44349.17311323363
1601,44349.17311393188
1602,44349.173110137715
1603,44349.17315663661
1604,44349.17311902146
1605,44349.17311735463
1606,44349.173110418895
1607,44349.17316182995
1608,44349.17314490619
1609,44349.17311290716
1610,44349.17309453213
1611,44349.17314027037
1612,44349.17314640755
1613,44349.17315302086
1614,44349.17317391664
1615,44349.173095332895
1616,44349.173148853195
1617,44270.27325919198
1618,44270.27325919191
1619,44270.27325919193
1620,44270.27325919194
1621,44270.27325919192
1622,44270.27325919197
1623,44270.27325919192
1624,44270.273259191985
1625,44270.273259191985
1626,44270.27321665774
1627,44270.273253202795
1628,44270.27325609696
1629,44270.273262394454
1630,44270.27324771608
1631,44270.27327885947
1632,44270.2732535241
1633,44270.27324511194
1634,44270.2732470555
1635,44270.273251715385
1636,44270.273264674055
1637,44270.27326918922
1638,44270.273275023006
1639,44270.27326409785
1640,44270.27325896189
1641,44270.27326853147
1642,44270.27324233502
1643,44270.273251080354
1644,44270.273258965266
1645,44270.273262520794
1646,44270.27327483465
1647,44270.27326061405
1648,44270.27325915263
1649,44270.2732401296
1650,44270.27325392321
1651,44270.27325328805
1652,44270.27328594582
1653,44270.27325127607
1654,44270.273255236156
1655,44270.27324485698
1656,44270.27326510725
1657,44270.273263391005
1658,44270.273264635965
1659,44270.27323764
1660,44270.27326751767
1661,44270.273251217666
1662,44270.27328224083
1663,44270.27331601204
1664,44270.27326600019
1665,44270.27326518772
1666,44206.59108798782
1667,44206.591087987836
1668,44206.59108798774
1669,44206.59108798779
1670,44206.591087987756
1671,44206.59108798778
1672,44206.59108798779
1673,44206.59108798781
1674,44206.59108798781
1675,44206.59105252165
1676,44206.59111122188
1677,44206.59109577618
1678,44206.591089543566
1679,44206.59109068656
1680,44206.59110612288
1681,44206.591073431046
1682,44206.59107926675
1683,44206.59110388968
1684,44206.591086031476
1685,44206.59107612728
1686,44206.5911013857
1687,44206.59108865189
1688,44206.59108474477
1689,44206.59109030604
1690,44206.59108843458
1691,44206.591077276724
1692,44206.59107880776
1693,44206.59109473386
1694,44206.59110038165
1695,44206.59109254015
1696,44206.59108551857
1697,44206.59109673492
1698,44206.59107579077
1699,44206.59108090591
1700,44206.59108530471
1701,44206.59110357035
1702,44206.5910923936
1703,44206.591086579
1704,44206.59106570258
1705,44206.591085768036
1706,44206.59108286565
1707,44206.591108023946
1708,44206.59107000015
1709,44206.59108478096
1710,44206.59107848256
1711,44206.59109817924
1712,44206.5911507344
1713,44206.591089133675
1714,44206.59109520148
1715,44128.11782987045
1716,44128.11782987039
1717,44128.11782987034
1718,44128.11782987046
1719,44128.117829870505
1720,44128.11782987039
1721,44128.11782987042
1722,44128.11782987047
1723,44128.11782987044
1724,44128.11776149463
1725,44128.11785919379
1726,44128.11784001706
1727,44128.117827382084
1728,44128.117792871184
1729,44128.11788965792
1730,44128.11780832107
1731,44128.11783808777
1732,44128.11785648366
1733,44128.11784717254
1734,44128.11781196181
1735,44128.1178366328
1736,44128.11786680572
1737,44128.117816176746
1738,44128.1178366984
1739,44128.117856445846
1740,44128.11786861157
1741,44128.117836122656
1742,44128.11785154532
1743,44128.11785413274
1744,44128.11783837734
1745,44128.117825361966
1746,44128.1178458805
1747,44128.117787269664
1748,44128.11782665726
1749,44128.117842195425
1750,44128.117836513724
1751,44128.11785090938
1752,44128.11781874182
1753,44128.117827373484
1754,44128.11781198391
1755,44128.11781923831
1756,44128.11784994551
1757,44128.11782177861
1758,44128.11782115809
1759,44128.117766878546
1760,44128.11783450821
1761,44128.117891765265
1762,44128.11790701821
1763,44128.11778155468
1764,44038.252722527046
1765,44038.252722526966
1766,44038.25272252704
1767,44038.25272252704
1768,44038.25272252703
1769,44038.252722527024
1770,44038.25272252705
1771,44038.25272252703
1772,44038.25272252706
1773,44038.25269048719
1774,44038.25273377766
1775,44038.25272520629
1776,44038.25271678839
1777,44038.25271135577
1778,44038.252742408156
1779,44038.252714131006
1780,44038.25272349678
1781,44038.25275160322
1782,44038.2527427495
1783,44038.252696721356
1784,44038.252738921175
1785,44038.25274364854
1786,44038.2527241891
1787,44038.252729562
1788,44038.25273032214
1789,44038.252746200764
1790,44038.25272594491
1791,44038.25272939629
1792,44038.25274903502
1793,44038.25272242629
1794,44038.25271827053
1795,44038.2527442522
1796,44038.252699737204
1797,44038.25272075477
1798,44038.25273576768
1799,44038.252722124584
1800,44038.25275140642
1801,44038.25271742183
1802,44038.25271854774
1803,44038.252724960104
1804,44038.25272585205
1805,44038.252731547946
1806,44038.25271795507
1807,44038.25271303395
1808,44038.25269108374
1809,44038.25271147573
1810,44038.25278684892
1811,44038.25275518212
1812,44038.25270463739
1813,43944.69791377261
1814,43944.697913772616
1815,43944.697913772645
1816,43944.69791377263
1817,43944.697913772674
1818,43944.69791377264
1819,43944.69791377268
1820,43944.697913772674
1821,43944.697913772674
1822,43944.697926058274
1823,43944.697906543915
1824,43944.69790364659
1825,43944.69790268449
1826,43944.69792283282
1827,43944.69788820383
1828,43944.69791840704
1829,43944.69790072346
1830,43944.69792799234
1831,43944.69793281134
1832,43944.69788936955
1833,43944.697939389735
1834,43944.697925097695
1835,43944.69792206846
1836,43944.6979222972
1837,43944.6979072662
1838,43944.69792123776
1839,43944.6979121718
1840,43944.69790243225
1841,43944.69794719225
1842,43944.69791737391
1843,43944.69791033298
1844,43944.69793601732
1845,43944.69790564273
1846,43944.69791658413
1847,43944.697926515764
1848,43944.69791215895
1849,43944.697932025396
1850,43944.69791724191
1851,43944.69792002151
1852,43944.6979410511
1853,43944.69793149909
1854,43944.697904696346
1855,43944.6979125598
1856,43944.69791226929
1857,43944.69791553879
1858,43944.69790493676
1859,43944.69797932564
1860,43944.69790341388
1861,43944.6979223696
1862,43875.2073738552
1863,43875.20737385528
1864,43875.20737385528
1865,43875.20737385529
1866,43875.20737385524
1867,43875.20737385522
1868,43875.20737385524
1869,43875.20737385523
1870,43875.207373855286
1871,43875.20740449916
1872,43875.207357924555
1873,43875.20735884765
1874,43875.20735878705
1875,43875.207387136914
1876,43875.207339395856
1877,43875.20736915372
1878,43875.20736719337
1879,43875.20738017536
1880,43875.20738686727
1881,43875.20735608794
1882,43875.2074026362
1883,43875.20737355402
1884,43875.20738186635
1885,43875.20738323501
1886,43875.20736031101
1887,43875.20736861467
1888,43875.20736715448
1889,43875.207372665136
1890,43875.20739898146
1891,43875.20737703465
1892,43875.207372158344
1893,43875.20739343263
1894,43875.20737212058
1895,43875.20738250842
1896,43875.20738417536
1897,43875.207374593825
1898,43875.20737508636
1899,43875.2073852348
1900,43875.20738043937
1901,43875.207403707354
1902,43875.207401768486
1903,43875.20735003261
1904,43875.2073747131
1905,43875.20738027878
1906,43875.20738902272
1907,43875.2073676636
1908,43875.20743841037
1909,43875.20734450787
1910,43875.2074029336
1911,43757.605320464165
1912,43757.605320464165
1913,43757.60532046409
1914,43757.605320464165
1915,43757.605320464216
1916,43757.60532046422
1917,43757.6053204642
1918,43757.6053204642
1919,43757.60532046415
1920,43757.60536730873
1921,43757.60533127191
1922,43757.60530143561
1923,43757.60530836355
1924,43757.60531155638
1925,43757.605265906735
1926,43757.605381427056
1927,43757.60529760221
1928,43757.60531883853
1929,43757.605310147934
1930,43757.60531342508
1931,43757.605329230246
1932,43757.60532572987
1933,43757.60533156414
1934,43757.60531694705
1935,43757.60530915891
1936,43757.60531126901
1937,43757.605331631385
1938,43757.605288599094
1939,43757.60536616909
1940,43757.605313632375
1941,43757.60533250309
1942,43757.60532473422
1943,43757.60530906257
1944,43757.605321364754
1945,43757.60529899084
1946,43757.605328215584
1947,43757.605315312554
1948,43757.60533365061
1949,43757.60532667765
1950,43757.6053709324
1951,43757.60533162397
1952,43757.605316817586
1953,43757.60531936986
1954,43757.60534297721
1955,43757.60533944049
1956,43757.60530858432
1957,43757.60538705077
1958,43757.60529637008
1959,43757.605323603704
1960,43758.17376775026
1961,43758.17376775024
1962,43758.17376775031
1963,43758.17376775031
1964,43758.17376775024
1965,43758.17376775025
1966,43758.17376775032
1967,43758.17376775027
1968,43758.173767750304
1969,43758.17380957615
1970,43758.17373367277
1971,43758.173758791454
1972,43758.173738174744
1973,43758.1737991763
1974,43758.1737861222
1975,43758.17361140166
1976,43758.17383773306
1977,43758.17375542075
1978,43758.173770298294
1979,43758.173759753256
1980,43758.17378211552
1981,43758.173693305274
1982,43758.173726568355
1983,43758.173782333746
1984,43758.17374217755
1985,43758.173756993165
1986,43758.17375180957
1987,43758.17389655111
1988,43758.17371553195
1989,43758.173779553355
1990,43758.17377140729
1991,43758.17377205687
1992,43758.17375796101
1993,43758.17380785778
1994,43758.173791784175
1995,43758.1737808371
1996,43758.17368053301
1997,43758.17379469719
1998,43758.17374548774
1999,43758.17371415473
2000,43758.17380767449
2001,43758.173705801615
2002,43758.17378465883
2003,43758.173780429715
2004,43758.17378736587
2005,43758.17379265611
2006,43758.1738243232
2007,43758.1737253774
2008,43758.173868781836
2009,43686.97283749272
2010,43686.97283749274
2011,43686.97283749283
2012,43686.972837492714
2013,43686.97283749279
2014,43686.972837492736
2015,43686.97283749269
2016,43686.972837492736
2017,43686.97283749278
2018,43686.97288070854
2019,43686.972825350014
2020,43686.97282297756
2021,43686.972817412614
2022,43686.9728471111
2023,43686.97281915819
2024,43686.972794513465
2025,43686.97285868841
2026,43686.97282920575
2027,43686.97283312238
2028,43686.97283077278
2029,43686.97284957784
2030,43686.97280435981
2031,43686.972822925425
2032,43686.97284250867
2033,43686.97281879627
2034,43686.972825810066
2035,43686.972834793654
2036,43686.97288246097
2037,43686.97283623928
2038,43686.972840266615
2039,43686.97284588031
2040,43686.97284167084
2041,43686.972827835976
2042,43686.972857283305
2043,43686.97283777547
2044,43686.972848079735
2045,43686.97279280325
2046,43686.972858011126
2047,43686.97282957734
2048,43686.97283805718
2049,43686.97286357771
2050,43686.972804416604
2051,43686.972844879056
2052,43686.972856055145
2053,43686.97285681576
2054,43686.97284486278
2055,43686.972899060645
2056,43686.97280384886
2057,43686.97288817633
2058,43620.936562384704
2059,43620.93656238474
2060,43620.93656238475
2061,43620.936562384726
2062,43620.936562384806
2063,43620.936562384755
2064,43620.93656238471
2065,43620.93656238477
2066,43620.936562384755
2067,43620.93658426563
2068,43620.93656121569
2069,43620.93655095821
2070,43620.93654639791
2071,43620.936556084336
2072,43620.93656425993
2073,43620.9365394754
2074,43620.93657663645
2075,43620.936557098765
2076,43620.93655404094
2077,43620.93655734994
2078,43620.93656436737
2079,43620.93653569995
2080,43620.93654778618
2081,43620.93656326097
2082,43620.936550401726
2083,43620.93655693337
2084,43620.936567878336
2085,43620.93659423239
2086,43620.93656208397
2087,43620.93656018549
2088,43620.936575204774
2089,43620.936561160335
2090,43620.936546979465
2091,43620.93657512437
2092,43620.93655478576
2093,43620.93657308435
2094,43620.9365348735
2095,43620.93657673953
2096,43620.93654498549
2097,43620.93656129134
2098,43620.936576182954
2099,43620.93654748867
2100,43620.93656822461
2101,43620.936583215764
2102,43620.93656772095
2103,43620.93656722522
2104,43620.93662379032
2105,43620.936551701234
2106,43620.936592059414
2107,43534.937441010814
2108,43534.93744101079
2109,43534.93744101078
2110,43534.937441010756
2111,43534.93744101081
2112,43534.93744101075
2113,43534.93744101075
2114,43534.93744101073
2115,43534.93744101082
2116,43534.937432236075
2117,43534.937447073455
2118,43534.93743193768
2119,43534.937431879036
2120,43534.93742090205
2121,43534.937467947355
2122,43534.93744577584
2123,43534.93743912448
2124,43534.937439434485
2125,43534.93743476213
2126,43534.93743130536
2127,43534.93742635251
2128,43534.93742462728
2129,43534.937425935634
2130,43534.937438491
2131,43534.937438811765
2132,43534.93745360439
2133,43534.93746025537
2134,43534.93744418981
2135,43534.93744146872
2136,43534.937433543324
2137,43534.93745631797
2138,43534.9374337527
2139,43534.93741629053
2140,43534.937442633614
2141,43534.93742940439
2142,43534.93745001094
2143,43534.93744590886
2144,43534.93744367924
2145,43534.93741418523
2146,43534.93743512137
2147,43534.937436598484
2148,43534.93745212772
2149,43534.93744831365
2150,43534.93745895301
2151,43534.937424626136
2152,43534.93744268205
2153,43534.93750279494
2154,43534.937466298856
2155,43534.93743614164
2156,43475.86259796983
2157,43475.86259796983
2158,43475.86259796985
2159,43475.86259796986
2160,43475.86259796981
2161,43475.862597969826
2162,43475.86259796981
2163,43475.86259796978
2164,43475.862597969826
2165,43475.86257964532
2166,43475.86260253958
2167,43475.86258787681
2168,43475.86259141109
2169,43475.86257760781
2170,43475.86262970139
2171,43475.86260917777
2172,43475.862590136014
2173,43475.86259685535
2174,43475.862595467006
2175,43475.862586918774
2176,43475.86258177522
2177,43475.862586802
2178,43475.86258355502
2179,43475.86259746152
2180,43475.86259797342
2181,43475.8626132548
2182,43475.86261858264
2183,43475.86258859056
2184,43475.86259739904
2185,43475.862589879885
2186,43475.862609981974
2187,43475.86258888074
2188,43475.86257688417
2189,43475.862595728766
2190,43475.86258812336
2191,43475.8626061565
2192,43475.86261279438
2193,43475.86259816232
2194,43475.86257110767
2195,43475.862588842596
2196,43475.86258693339
2197,43475.86261617646
2198,43475.86260823465
2199,43475.86261562548
2200,43475.86257555953
2201,43475.862598639265
2202,43475.86266012741
2203,43475.862631263386
2204,43475.86258298086
2205,43324.189594298114
2206,43324.18959429803
2207,43324.18959429803
2208,43324.189594298085
2209,43324.18959429813
2210,43324.18959429812
2211,43324.189594298114
2212,43324.189594298085
2213,43324.18959429811
2214,43324.18956566916
2215,43324.18961139602
2216,43324.18958972849
2217,43324.189587115274
2218,43324.18959145443
2219,43324.189618769866
2220,43324.18959214014
2221,43324.18960796883
2222,43324.18961153006
2223,43324.18958870308
2224,43324.18957977244
2225,43324.18957647225
2226,43324.18959798629
2227,43324.18958256087
2228,43324.18959612835
2229,43324.189602055114
2230,43324.18961886427
2231,43324.18961397935
2232,43324.18959782968
2233,43324.18959254983
2234,43324.18958019219
2235,43324.18959454728
2236,43324.189584275715
2237,43324.189577870486
2238,43324.18959355089
2239,43324.18958036822
2240,43324.1896047127
2241,43324.189610486035
2242,43324.18958932032
2243,43324.18958328597
2244,43324.189569881404
2245,43324.189571572264
2246,43324.189620703604
2247,43324.18960944631
2248,43324.18960335569
2249,43324.18956417029
2250,43324.18958222042
2251,43324.18965619509
2252,43324.18963768798
2253,43324.18956828801
2254,43801.867799404135
2255,43801.86779940402
2256,43801.86779940405
2257,43801.86779940408
2258,43801.86779940402
2259,43801.86779940411
2260,43801.8677994041
2261,43801.86779940414
2262,43801.867799404055
2263,43801.86774245903
2264,43801.86756204945
2265,43801.86771617315
2266,43801.86782511272
2267,43801.86769193419
2268,43801.867929334614
2269,43801.86796762993
2270,43801.86769719476
2271,43801.867602045495
2272,43801.86783713373
2273,43801.86784818928
2274,43801.86779829605
2275,43801.86794367983
2276,43801.86785197761
2277,43801.86779841832
2278,43801.86783310991
2279,43801.86774161013
2280,43801.86773033412
2281,43801.86758736015
2282,43801.867820486754
2283,43801.86786038598
2284,43801.86782348768
2285,43801.86777338631
2286,43801.86783339545
2287,43801.867781851346
2288,43801.86783051891
2289,43801.86782186283
2290,43801.86783536487
2291,43801.86778024359
2292,43801.867855095916
2293,43801.86790329974
2294,43801.867872535375
2295,43801.86769610632
2296,43801.86780715154
2297,43801.86786333935
2298,43801.867779505184
2299,43801.867878385885
2300,43801.86784217666
2301,43801.86786140931
2302,43801.867754639185
2303,43291.24907232897
2304,43291.24907232903
2305,43291.24907232901
2306,43291.24907232911
2307,43291.24907232912
2308,43291.2490723291
2309,43291.24907232903
2310,43291.249072328996
2311,43291.24907232897
2312,43291.24903795012
2313,43291.2490384008
2314,43291.24905107681
2315,43291.24907190763
2316,43291.24904872253
2317,43291.24911729914
2318,43291.24910697948
2319,43291.2490611007
2320,43291.24904556513
2321,43291.24907494914
2322,43291.249070230704
2323,43291.249057409674
2324,43291.2491058305
2325,43291.249073213665
2326,43291.249073437895
2327,43291.24908501872
2328,43291.24907982311
2329,43291.24907424622
2330,43291.24903111021
2331,43291.24907575245
2332,43291.24907443972
2333,43291.249077785265
2334,43291.24905884109
2335,43291.24906611285
2336,43291.24906787724
2337,43291.24906638818
2338,43291.24908547857
2339,43291.24909271154
2340,43291.24906530952
2341,43291.24907464507
2342,43291.249075383355
2343,43291.24906749528
2344,43291.249073129235
2345,43291.24908587198
2346,43291.249092747836
2347,43291.24904417841
2348,43291.24907910762
2349,43291.24913049351
2350,43291.24911876649
2351,43291.24904331883
2352,43231.28920730461
2353,43231.2892073046
2354,43231.28920730453
2355,43231.28920730459
2356,43231.289207304566
2357,43231.28920730457
2358,43231.28920730455
2359,43231.28920730453
2360,43231.289207304566
2361,43231.28919430778
2362,43231.289200384
2363,43231.28919500405
2364,43231.289204662906
2365,43231.28920746366
2366,43231.28921771079
2367,43231.28921606053
2368,43231.28920732662
2369,43231.28919732812
2370,43231.28920534177
2371,43231.28920459407
2372,43231.28920837648
2373,43231.28922551973
2374,43231.28920784096
2375,43231.28921097415
2376,43231.28920757189
2377,43231.289196505386
2378,43231.28919583814
2379,43231.28918536034
2380,43231.28921090856
2381,43231.2892070662
2382,43231.28920551154
2383,43231.289199485385
2384,43231.289225962
2385,43231.28920493809
2386,43231.2891990943
2387,43231.289221685394
2388,43231.28921408381
2389,43231.28920664701
2390,43231.289215683486
2391,43231.28920452286
2392,43231.28919890452
2393,43231.28920924465
2394,43231.28921907102
2395,43231.28922563571
2396,43231.28919633234
2397,43231.28920843202
2398,43231.28926736578
2399,43231.289219175655
2400,43231.28920309189
2401,43199.82904869239
2402,43199.82904869242
2403,43199.82904869237
2404,43199.82904869237
2405,43199.82904869236
2406,43199.829048692394
2407,43199.82904869239
2408,43199.82904869235
2409,43199.82904869243
2410,43199.82904733438
2411,43199.8290489529
2412,43199.82904184428
2413,43199.82904148613
2414,43199.82906282942
2415,43199.82904498824
2416,43199.82904025916
2417,43199.829057567316
2418,43199.829042301244
2419,43199.829048004154
2420,43199.82904073794
2421,43199.829045836654
2422,43199.82906451074
2423,43199.82904668656
2424,43199.82905128262
2425,43199.82905172616
2426,43199.8290466044
2427,43199.829034814735
2428,43199.82904224079
2429,43199.82905541672
2430,43199.82905301995
2431,43199.82904593973
2432,43199.82904494864
2433,43199.829059685704
2434,43199.82905187345
2435,43199.82904451082
2436,43199.82906458823
2437,43199.8290419795
2438,43199.82904407153
2439,43199.82906968217
2440,43199.82903944081
2441,43199.829042985366
2442,43199.829044210266
2443,43199.82905938441
2444,43199.82905728895
2445,43199.82904188059
2446,43199.82905041794
2447,43199.82910769381
2448,43199.829058088486
2449,43199.82904828483
2450,43159.63842047013
2451,43159.63842047016
2452,43159.63842047016
2453,43159.63842047017
2454,43159.63842047013
2455,43159.63842047012
2456,43159.63842047012
2457,43159.63842047013
2458,43159.638420470066
2459,43159.638452532585
2460,43159.63841271356
2461,43159.63841824857
2462,43159.63841656897
2463,43159.638450997474
2464,43159.63836957435
2465,43159.63841144864
2466,43159.6384193598
2467,43159.638419524825
2468,43159.63841762905
2469,43159.638408941755
2470,43159.63842192846
2471,43159.63840391761
2472,43159.63843451788
2473,43159.638414005974
2474,43159.63839458832
2475,43159.638390982334
2476,43159.638405227124
2477,43159.638409652194
2478,43159.63842118634
2479,43159.638418116105
2480,43159.638423853634
2481,43159.63842584711
2482,43159.63845546521
2483,43159.638425093246
2484,43159.63841457964
2485,43159.638439668604
2486,43159.638416973205
2487,43159.638420448
2488,43159.63842883927
2489,43159.63842363466
2490,43159.638433951084
2491,43159.638406346676
2492,43159.638422353055
2493,43159.63842466175
2494,43159.6384494087
2495,43159.63840849598
2496,43159.638478128916
2497,43159.63837499236
2498,43159.638465123986
2499,43119.7263364646
2500,43119.726336464526
2501,43119.72633646455
2502,43119.726336464584
2503,43119.7263364646
2504,43119.726336464584
2505,43119.72633646458
2506,43119.7263364646
2507,43119.72633646454
2508,43119.72635795542
2509,43119.72634304344
2510,43119.726342853166
2511,43119.72632923538
2512,43119.7263513307
2513,43119.72631181869
2514,43119.72632157855
2515,43119.7263379948
2516,43119.72633861867
2517,43119.726339000095
2518,43119.72632675258
2519,43119.72633323373
2520,43119.7263265488
2521,43119.72634232516
2522,43119.72632975205
2523,43119.72632415691
2524,43119.72631644738
2525,43119.72631901559
2526,43119.7263362585
2527,43119.726340062785
2528,43119.72634017545
2529,43119.72634453788
2530,43119.72634593593
2531,43119.72635571245
2532,43119.726341414374
2533,43119.72633581602
2534,43119.7263515356
2535,43119.72632683534
2536,43119.7263313962
2537,43119.72634800857
2538,43119.726333407096
2539,43119.72634949007
2540,43119.726324948504
2541,43119.726334687206
2542,43119.72633797183
2543,43119.726352050704
2544,43119.72633039686
2545,43119.72639289414
2546,43119.72631713912
2547,43119.72636332971
2548,43078.52421840356
2549,43078.524218403494
2550,43078.524218403494
2551,43078.52421840359
2552,43078.52421840356
2553,43078.52421840356
2554,43078.52421840355
2555,43078.524218403596
2556,43078.524218403596
2557,43078.52422064268
2558,43078.52422364253
2559,43078.524231591546
2560,43078.52421092853
2561,43078.52421172442
2562,43078.524222667955
2563,43078.52421058397
2564,43078.524218207756
2565,43078.52422384699
2566,43078.52422522162
2567,43078.524210835996
2568,43078.524206473776
2569,43078.52421620432
2570,43078.524220798085
2571,43078.52420969269
2572,43078.52421665647
2573,43078.52420961109
2574,43078.524211384676
2575,43078.52421740394
2576,43078.52421914173
2577,43078.52422255
2578,43078.52423312751
2579,43078.52423077716
2580,43078.524220979816
2581,43078.524221165695
2582,43078.52422015786
2583,43078.52422760306
2584,43078.524218682425
2585,43078.52420655625
2586,43078.52422254274
2587,43078.52421242242
2588,43078.524232740056
2589,43078.524214985344
2590,43078.52421161306
2591,43078.52421894622
2592,43078.52421972429
2593,43078.52421232225
2594,43078.52427327778
2595,43078.52422819806
2596,43078.52422257436
2597,43050.25012271751
2598,43050.2501227175
2599,43050.2501227175
2600,43050.250122717516
2601,43050.25012271749
2602,43050.25012271753
2603,43050.25012271753
2604,43050.25012271749
2605,43050.25012271746
2606,43050.25011569694
2607,43050.250136065784
2608,43050.250139586395
2609,43050.25011631112
2610,43050.250107078915
2611,43050.25013975817
2612,43050.250123983365
2613,43050.250117311014
2614,43050.25012821076
2615,43050.250129342836
2616,43050.25011781752
2617,43050.2501120485
2618,43050.25012459062
2619,43050.25011867792
2620,43050.250115397175
2621,43050.250124666454
2622,43050.25011988677
2623,43050.250122509
2624,43050.25011678809
2625,43050.25012407659
2626,43050.2501279594
2627,43050.25013929902
2628,43050.25013550757
2629,43050.25012083963
2630,43050.25012065412
2631,43050.25012290804
2632,43050.250126112536
2633,43050.25012547401
2634,43050.250109485154
2635,43050.25012095295
2636,43050.25011777957
2637,43050.25012928042
2638,43050.250132255394
2639,43050.25011348148
2640,43050.25012724832
2641,43050.25011679031
2642,43050.250121485784
2643,43050.250179151924
2644,43050.2501451113
2645,43050.25010930421
2646,43011.813820071075
2647,43011.81382007103
2648,43011.81382007103
2649,43011.813820071104
2650,43011.81382007111
2651,43011.81382007111
2652,43011.8138200711
2653,43011.8138200711
2654,43011.81382007107
2655,43011.81380380432
2656,43011.8138111225
2657,43011.81383532229
2658,43011.81381399965
2659,43011.81380967456
2660,43011.81384685117
2661,43011.81380488051
2662,43011.813827613696
2663,43011.813824991266
2664,43011.81382593542
2665,43011.81381709655
2666,43011.813816651564
2667,43011.81382069816
2668,43011.81381530695
2669,43011.81381948475
2670,43011.81381912905
2671,43011.81382699999
2672,43011.81383096936
2673,43011.81382740016
2674,43011.813801959
2675,43011.813823784
2676,43011.81383090646
2677,43011.813834627246
2678,43011.81381749446
2679,43011.81382163564
2680,43011.813826175465
2681,43011.8138180079
2682,43011.81382272263
2683,43011.813808311366
2684,43011.81380995552
2685,43011.813808824125
2686,43011.81382964528
2687,43011.81382803052
2688,43011.81381229701
2689,43011.81382718101
2690,43011.81381084289
2691,43011.81381815625
2692,43011.81387694565
2693,43011.81384471204
2694,43011.81380806011
2695,43063.60864053051
2696,43063.60864053045
2697,43063.60864053048
2698,43063.60864053045
2699,43063.60864053047
2700,43063.60864053045
2701,43063.608640530496
2702,43063.60864053048
2703,43063.60864053044
2704,43063.60862158691
2705,43063.60869287286
2706,43063.60865238505
2707,43063.608650651695
2708,43063.60860904245
2709,43063.60862276162
2710,43063.60877994959
2711,43063.60858770432
2712,43063.6086440692
2713,43063.608620627325
2714,43063.60864011913
2715,43063.60862500483
2716,43063.608687111475
2717,43063.60864954384
2718,43063.60862832102
2719,43063.60864924821
2720,43063.60866745798
2721,43063.608687377586
2722,43063.60854849968
2723,43063.60868822538
2724,43063.608628991635
2725,43063.608656216406
2726,43063.60864411414
2727,43063.60861906339
2728,43063.60860416776
2729,43063.608598806444
2730,43063.60862870746
2731,43063.608676305135
2732,43063.60862383058
2733,43063.608646345405
2734,43063.60868764217
2735,43063.60859569531
2736,43063.60871628802
2737,43063.60862238261
2738,43063.60866334057
2739,43063.608626463596
2740,43063.608633205295
2741,43063.608710132656
2742,43063.60868250787
2743,43063.608532523314
2744,42994.99980992901
2745,42994.999809929024
2746,42994.999809929024
2747,42994.99980992897
2748,42994.99980992902
2749,42994.999809929
2750,42994.999809929
2751,42994.99980992902
2752,42994.99980992902
2753,42994.9997928299
2754,42994.99982021486
2755,42994.999823832026
2756,42994.99980935585
2757,42994.99979306596
2758,42994.9998216227
2759,42994.99984723528
2760,42994.999797283774
2761,42994.999814114526
2762,42994.99980681915
2763,42994.999807550026
2764,42994.99980221057
2765,42994.999826388754
2766,42994.9998102889
2767,42994.999805243235
2768,42994.99981189063
2769,42994.99982336755
2770,42994.99983262729
2771,42994.99978358169
2772,42994.99981400753
2773,42994.99980880911
2774,42994.99982238397
2775,42994.99982085365
2776,42994.99980118147
2777,42994.99979895466
2778,42994.9997999654
2779,42994.999804978564
2780,42994.99982369093
2781,42994.999796435506
2782,42994.99980501086
2783,42994.999819153745
2784,42994.99980220283
2785,42994.99983965874
2786,42994.99979852535
2787,42994.999822011276
2788,42994.999799341
2789,42994.999806049935
2790,42994.99987101484
2791,42994.99983979242
2792,42994.99976667187
2793,42969.497402409725
2794,42969.49740240965
2795,42969.49740240973
2796,42969.49740240975
2797,42969.49740240969
2798,42969.49740240976
2799,42969.4974024097
2800,42969.49740240968
2801,42969.497402409695
2802,42969.49739363134
2803,42969.49740085634
2804,42969.49741112146
2805,42969.497402291316
2806,42969.49740089195
2807,42969.49740715342
2808,42969.497422290966
2809,42969.49739806249
2810,42969.49740081966
2811,42969.4973971175
2812,42969.49740014871
2813,42969.497404190195
2814,42969.49741212742
2815,42969.49740395817
2816,42969.49740370417
2817,42969.49739642901
2818,42969.49741286955
2819,42969.497419452055
2820,42969.49738774818
2821,42969.4973965154
2822,42969.497403483445
2823,42969.49740768412
2824,42969.497413785735
2825,42969.49740142737
2826,42969.497395450206
2827,42969.497397782
2828,42969.49739769719
2829,42969.49740236301
2830,42969.49739529104
2831,42969.49739878729
2832,42969.497411080636
2833,42969.49739824235
2834,42969.49742075146
2835,42969.497394389764
2836,42969.49741654971
2837,42969.49739881408
2838,42969.49740227193
2839,42969.497464807624
2840,42969.49741447816
2841,42969.49737792104
2842,42944.88251568952
2843,42944.88251568957
2844,42944.8825156896
2845,42944.8825156896
2846,42944.88251568961
2847,42944.88251568956
2848,42944.8825156896
2849,42944.882515689475
2850,42944.882515689525
2851,42944.88251885879
2852,42944.88250645108
2853,42944.88251822141
2854,42944.8825159551
2855,42944.88253015783
2856,42944.88250896683
2857,42944.88251779642
2858,42944.88251933943
2859,42944.88251030583
2860,42944.88250775095
2861,42944.88251330782
2862,42944.88252445356
2863,42944.882518963874
2864,42944.88252137324
2865,42944.88252369654
2866,42944.882502624794
2867,42944.882521365296
2868,42944.88252298866
2869,42944.882513899334
2870,42944.882503830995
2871,42944.88251922286
2872,42944.88251234078
2873,42944.88252688413
2874,42944.882520767846
2875,42944.88251357709
2876,42944.88251716001
2877,42944.882512441465
2878,42944.882499473395
2879,42944.88251519355
2880,42944.88251887821
2881,42944.88252428958
2882,42944.882514666955
2883,42944.882518342834
2884,42944.88251155622
2885,42944.88253116758
2886,42944.88252067907
2887,42944.882517830796
2888,42944.88257958006
2889,42944.88250759193
2890,42944.88251260837
2891,42924.40036819377
2892,42924.40036819379
2893,42924.40036819373
2894,42924.400368193776
2895,42924.40036819377
2896,42924.400368193805
2897,42924.40036819382
2898,42924.40036819386
2899,42924.40036819382
2900,42924.40037674115
2901,42924.400363429646
2902,42924.4003687527
2903,42924.40036834242
2904,42924.40038928686
2905,42924.40035587368
2906,42924.40035834705
2907,42924.40037652906
2908,42924.40036730094
2909,42924.40035886415
2910,42924.40036479168
2911,42924.40037611322
2912,42924.40036554306
2913,42924.40037662774
2914,42924.4003803018
2915,42924.40035266134
2916,42924.40037248182
2917,42924.400370570744
2918,42924.40037729501
2919,42924.40035536215
2920,42924.40037144592
2921,42924.40035988918
2922,42924.40037853891
2923,42924.400371999334
2924,42924.40036908067
2925,42924.400373582444
2926,42924.40036562059
2927,42924.4003456383
2928,42924.40037070371
2929,42924.4003752136
2930,42924.40037341787
2931,42924.4003656768
2932,42924.40036384634
2933,42924.40036626889
2934,42924.4003830651
2935,42924.40037648995
2936,42924.40036864323
2937,42924.40043318834
2938,42924.400351459946
2939,42924.40037605144
2940,42886.512570168095
2941,42886.51257016805
2942,42886.51257016805
2943,42886.5125701681
2944,42886.512570168066
2945,42886.512570168015
2946,42886.51257016807
2947,42886.51257016805
2948,42886.5125701681
2949,42886.51257478154
2950,42886.51254048113
2951,42886.51255989294
2952,42886.51257414671
2953,42886.51257750083
2954,42886.512566419326
2955,42886.51256970275
2956,42886.512572977335
2957,42886.51255709122
2958,42886.51256287792
2959,42886.51257124754
2960,42886.51256888564
2961,42886.51257995007
2962,42886.51259110035
2963,42886.51258412005
2964,42886.51255899474
2965,42886.51256868672
2966,42886.51256407719
2967,42886.51256967661
2968,42886.51256427728
2969,42886.51257903814
2970,42886.512560821786
2971,42886.51257624308
2972,42886.51256754801
2973,42886.5125715682
2974,42886.51258408487
2975,42886.51257039703
2976,42886.51255577653
2977,42886.512572231055
2978,42886.51258925767
2979,42886.512583922224
2980,42886.51257447378
2981,42886.51254318077
2982,42886.51256905848
2983,42886.51258762204
2984,42886.512579176706
2985,42886.512573694934
2986,42886.51263405889
2987,42886.51255465311
2988,42886.512583353746
2989,42885.7916367934
2990,42885.79163679336
2991,42885.79163679329
2992,42885.791636793365
2993,42885.791636793416
2994,42885.79163679332
2995,42885.791636793336
2996,42885.7916367934
2997,42885.79163679339
2998,42885.79164175872
2999,42885.79173349028
3000,42885.79165535889
3001,42885.79163060837
3002,42885.79165229254
3003,42885.791639881
3004,42885.79155695453
3005,42885.791666558755
3006,42885.79168726551
3007,42885.79162511481
3008,42885.79163050573
3009,42885.791627210005
3010,42885.79160429566
3011,42885.791618017705
3012,42885.79166670868
3013,42885.791634856076
3014,42885.79165202798
3015,42885.791627104416
3016,42885.791720838024
3017,42885.791635522604
3018,42885.79164160499
3019,42885.79161832854
3020,42885.79164084661
3021,42885.79161112316
3022,42885.79164680252
3023,42885.791656658796
3024,42885.79162372514
3025,42885.79160455619
3026,42885.791641464435
3027,42885.791650059444
3028,42885.791597786985
3029,42885.79159066534
3030,42885.79165085624
3031,42885.79163885247
3032,42885.791645914425
3033,42885.791630397056
3034,42885.79164053867
3035,42885.79170866154
3036,42885.79163446383
3037,42885.79164681102
3038,42860.1946665501
3039,42860.194666550175
3040,42860.19466655009
3041,42860.19466655018
3042,42860.1946665502
3043,42860.19466655018
3044,42860.19466655012
3045,42860.19466655013
3046,42860.194666550124
3047,42860.19467148898
3048,42860.1946976336
3049,42860.194670012694
3050,42860.19466549509
3051,42860.19467803037
3052,42860.19466566968
3053,42860.19462774351
3054,42860.19468267338
3055,42860.19468451812
3056,42860.194657147375
3057,42860.194663866
3058,42860.194661113535
3059,42860.19465565623
3060,42860.194668819306
3061,42860.194688018186
3062,42860.19465950262
3063,42860.19467273596
3064,42860.194658831395
3065,42860.19470699862
3066,42860.19466310682
3067,42860.194673262864
3068,42860.19465276343
3069,42860.194671891055
3070,42860.19465298198
3071,42860.19467205085
3072,42860.194683247544
3073,42860.19466074751
3074,42860.19464347207
3075,42860.1946700344
3076,42860.1946826246
3077,42860.1946546249
3078,42860.19464670333
3079,42860.19465889873
3080,42860.19466700535
3081,42860.194679809836
3082,42860.194668400436
3083,42860.19466970707
3084,42860.19473433007
3085,42860.19465682107
3086,42860.19467866579
3087,42827.43499949391
3088,42827.434999493955
3089,42827.43499949395
3090,42827.43499949402
3091,42827.43499949396
3092,42827.4349994939
3093,42827.4349994939
3094,42827.434999493824
3095,42827.434999493926
3096,42827.434995132964
3097,42827.435018829376
3098,42827.4349999542
3099,42827.435000729645
3100,42827.434994027484
3101,42827.43500583678
3102,42827.43497941984
3103,42827.435007147316
3104,42827.435013223425
3105,42827.43499193832
3106,42827.434998174154
3107,42827.43498424627
3108,42827.43499645217
3109,42827.43500714791
3110,42827.435014621915
3111,42827.43499603727
3112,42827.435001972466
3113,42827.434995108546
3114,42827.43502444128
3115,42827.43500321326
3116,42827.43500554254
3117,42827.43499221489
3118,42827.435002269805
3119,42827.43498283105
3120,42827.43500184708
3121,42827.43501452922
3122,42827.434996214266
3123,42827.434997190234
3124,42827.43499928112
3125,42827.435013955655
3126,42827.43499311254
3127,42827.43498167201
3128,42827.43499128147
3129,42827.43499782658
3130,42827.4350123319
3131,42827.434998998615
3132,42827.43500062382
3133,42827.435065355494
3134,42827.434997607634
3135,42827.435005682986
3136,42773.762577984235
3137,42773.762577984344
3138,42773.76257798426
3139,42773.76257798422
3140,42773.762577984264
3141,42773.76257798429
3142,42773.76257798422
3143,42773.76257798422
3144,42773.76257798422
3145,42773.76256072459
3146,42773.76258617697
3147,42773.76257653252
3148,42773.76258281666
3149,42773.76254621418
3150,42773.76259478749
3151,42773.76259047765
3152,42773.76256777841
3153,42773.7625824362
3154,42773.76257375257
3155,42773.76257840497
3156,42773.76255311073
3157,42773.762579882015
3158,42773.76258628997
3159,42773.76258021753
3160,42773.762577794914
3161,42773.762573176304
3162,42773.76258163988
3163,42773.76257616072
3164,42773.76259070566
3165,42773.76258340407
3166,42773.76258461854
3167,42773.76257864805
3168,42773.76256188094
3169,42773.762573033135
3170,42773.76258695475
3171,42773.76257674603
3172,42773.762607231874
3173,42773.762573263404
3174,42773.762581819894
3175,42773.76258052845
3176,42773.76255943457
3177,42773.76258035393
3178,42773.7625717792
3179,42773.762590603445
3180,42773.76257405198
3181,42773.76258127594
3182,42773.762641562185
3183,42773.762586069424
3184,42773.76257097653
3185,42730.44229346618
3186,42730.44229346625
3187,42730.44229346617
3188,42730.44229346624
3189,42730.442293466105
3190,42730.442293466185
3191,42730.442293466105
3192,42730.442293466185
3193,42730.442293466185
3194,42730.44227468949
3195,42730.44229453887
3196,42730.4422911245
3197,42730.44229719087
3198,42730.442256402814
3199,42730.44230824882
3200,42730.442319991365
3201,42730.4422768444
3202,42730.44229142306
3203,42730.44229005215
3204,42730.44229197949
3205,42730.44226801157
3206,42730.44229187827
3207,42730.44229860176
3208,42730.442287327765
3209,42730.44229462708
3210,42730.44228845593
3211,42730.442303479016
3212,42730.44228140502
3213,42730.442306568446
3214,42730.44229807196
3215,42730.44230698999
3216,42730.44229503645
3217,42730.44227872964
3218,42730.442286474216
3219,42730.44229735645
3220,42730.44229430256
3221,42730.44233361453
3222,42730.44228738836
3223,42730.44229136842
3224,42730.4422990636
3225,42730.442275732916
3226,42730.44230298162
3227,42730.442285662386
3228,42730.44230229533
3229,42730.442288681654
3230,42730.44229850665
3231,42730.44235566486
3232,42730.44230273032
3233,42730.44228022774
3234,42645.07798487752
3235,42645.07798487752
3236,42645.07798487751
3237,42645.07798487751
3238,42645.077984877506
3239,42645.077984877455
3240,42645.07798487753
3241,42645.07798487748
3242,42645.0779848775
3243,42645.077963257245
3244,42645.07798577743
3245,42645.07798096184
3246,42645.07798494919
3247,42645.07793516423
3248,42645.07801081856
3249,42645.07802697688
3250,42645.077972639316
3251,42645.077977447014
3252,42645.07797993659
3253,42645.0779884157
3254,42645.07797768856
3255,42645.07798743515
3256,42645.077982726485
3257,42645.07797141039
3258,42645.077999676796
3259,42645.077981049115
3260,42645.07799566629
3261,42645.07797397487
3262,42645.077996673936
3263,42645.077986895194
3264,42645.078000978334
3265,42645.07798901992
3266,42645.0779776205
3267,42645.077979398935
3268,42645.07797901211
3269,42645.07798487133
3270,42645.07802051711
3271,42645.07798076541
3272,42645.07798506626
3273,42645.07799187897
3274,42645.07796937638
3275,42645.07799961687
3276,42645.07797830097
3277,42645.07799353548
3278,42645.07796859691
3279,42645.07798943515
3280,42645.07804467043
3281,42645.078006027936
3282,42645.07795078831
3283,42941.16526719498
3284,42941.16526719505
3285,42941.16526719505
3286,42941.16526719499
3287,42941.165267195065
3288,42941.16526719498
3289,42941.165267194956
3290,42941.165267194985
3291,42941.16526719502
3292,42941.165418576486
3293,42941.16525451703
3294,42941.16526639029
3295,42941.165232089494
3296,42941.165400502265
3297,42941.16503037311
3298,42941.16531744926
3299,42941.16520094486
3300,42941.16529226881
3301,42941.16525181057
3302,42941.165199656025
3303,42941.16521555939
3304,42941.165110906586
3305,42941.16530119912
3306,42941.16522824208
3307,42941.16517255436
3308,42941.1652125877
3309,42941.16528816269
3310,42941.1652120675
3311,42941.16526020334
3312,42941.16522185462
3313,42941.16528722966
3314,42941.16527600321
3315,42941.16528265381
3316,42941.165270064696
3317,42941.16523757093
3318,42941.16530585664
3319,42941.165308560805
3320,42941.165280976544
3321,42941.165230160135
3322,42941.16531052494
3323,42941.16530204845
3324,42941.165272711136
3325,42941.165250566795
3326,42941.16521776123
3327,42941.16536583451
3328,42941.16520462268
3329,42941.16532742342
3330,42941.165072935066
3331,42941.1653949686
3332,42621.28031648853
3333,42621.28031648848
3334,42621.280316488504
3335,42621.280316488504
3336,42621.2803164885
3337,42621.28031648845
3338,42621.28031648849
3339,42621.280316488504
3340,42621.280316488504
3341,42621.28033098761
3342,42621.28031190693
3343,42621.28031251934
3344,42621.28031179151
3345,42621.28030441417
3346,42621.2802863712
3347,42621.28035965069
3348,42621.28029314864
3349,42621.28031492265
3350,42621.280309412985
3351,42621.28030575426
3352,42621.280303291234
3353,42621.28028538419
3354,42621.28032278631
3355,42621.280296998026
3356,42621.28030602928
3357,42621.280299670485
3358,42621.28032911523
3359,42621.28029625901
3360,42621.28032452887
3361,42621.28030899003
3362,42621.28033302321
3363,42621.28032349468
3364,42621.28031900488
3365,42621.28031305127
3366,42621.28030629863
3367,42621.28032462232
3368,42621.28035269408
3369,42621.28031675716
3370,42621.28030801106
3371,42621.28033126958
3372,42621.28031217086
3373,42621.280328116474
3374,42621.28030811034
3375,42621.28031400707
3376,42621.28032716408
3377,42621.28030669627
3378,42621.2803761366
3379,42621.28028891315
3380,42621.28031902568
3381,42573.52450116306
3382,42573.52450116303
3383,42573.524501163105
3384,42573.52450116306
3385,42573.524501163025
3386,42573.52450116297
3387,42573.52450116301
3388,42573.524501162974
3389,42573.524501163
3390,42573.52451247488
3391,42573.52449673661
3392,42573.52449750863
3393,42573.52448899346
3394,42573.52449304039
3395,42573.524489523195
3396,42573.524527564325
3397,42573.524496389546
3398,42573.52449796732
3399,42573.52449381124
3400,42573.524493421646
3401,42573.52450393692
3402,42573.52447824165
3403,42573.524496591584
3404,42573.52448838851
3405,42573.524506094305
3406,42573.5244956457
3407,42573.52450548498
3408,42573.52450357652
3409,42573.52450223693
3410,42573.524497279985
3411,42573.52451042367
3412,42573.52450838416
3413,42573.52450163086
3414,42573.52450471084
3415,42573.52449279363
3416,42573.52450485019
3417,42573.524514009194
3418,42573.524503301924
3419,42573.524504541034
3420,42573.52450766305
3421,42573.52450003274
3422,42573.52450641963
3423,42573.524497637874
3424,42573.524497473365
3425,42573.524497941435
3426,42573.52449484511
3427,42573.52455928026
3428,42573.524487064235
3429,42573.5244912157
3430,42535.46954795287
3431,42535.46954795298
3432,42535.46954795298
3433,42535.46954795291
3434,42535.469547952925
3435,42535.4695479529
3436,42535.46954795287
3437,42535.469547952875
3438,42535.46954795288
3439,42535.469559282355
3440,42535.46954023167
3441,42535.469544233194
3442,42535.469532290044
3443,42535.46955132093
3444,42535.46954465623
3445,42535.46955641414
3446,42535.4695520895
3447,42535.46954117709
3448,42535.46954419685
3449,42535.469541757106
3450,42535.46956132965
3451,42535.469532504474
3452,42535.469537436176
3453,42535.469544059386
3454,42535.46955698272
3455,42535.46954694848
3456,42535.46954325982
3457,42535.469561040976
3458,42535.469544225816
3459,42535.46954947589
3460,42535.46954951596
3461,42535.46955452979
3462,42535.46955098423
3463,42535.46955618062
3464,42535.46954656198
3465,42535.46955007277
3466,42535.46954381567
3467,42535.469550769005
3468,42535.46955745826
3469,42535.4695501952
3470,42535.4695516706
3471,42535.469544926345
3472,42535.46954932463
3473,42535.46954533405
3474,42535.46954104655
3475,42535.46954543121
3476,42535.4696042344
3477,42535.46953370577
3478,42535.46953881067
3479,42484.13343421089
3480,42484.13343421091
3481,42484.13343421093
3482,42484.13343421091
3483,42484.13343421092
3484,42484.133434210846
3485,42484.13343421082
3486,42484.133434210846
3487,42484.1334342108
3488,42484.133438609206
3489,42484.13344554914
3490,42484.133434742325
3491,42484.13341596975
3492,42484.1334475311
3493,42484.133435378244
3494,42484.1334404191
3495,42484.13344070252
3496,42484.13343511404
3497,42484.133434517025
3498,42484.13342917276
3499,42484.13344600216
3500,42484.133436499396
3501,42484.13341952518
3502,42484.133440753816
3503,42484.13345116848
3504,42484.13344825314
3505,42484.13342993123
3506,42484.13344659349
3507,42484.13343579301
3508,42484.13343598902
3509,42484.13342653481
3510,42484.13343316445
3511,42484.13342726569
3512,42484.13344292584
3513,42484.133433680494
3514,42484.133430559916
3515,42484.13342378367
3516,42484.13343148203
3517,42484.13344916246
3518,42484.133433479794
3519,42484.1334323147
3520,42484.13343843602
3521,42484.13344063667
3522,42484.13343381895
3523,42484.13342034194
3524,42484.133427032095
3525,42484.133488433836
3526,42484.1334285721
3527,42484.13340688092
3528,42564.34773167784
3529,42564.347731677866
3530,42564.3477316779
3531,42564.34773167786
3532,42564.34773167787
3533,42564.3477316778
3534,42564.347731677844
3535,42564.34773167787
3536,42564.347731677815
3537,42564.34772999342
3538,42564.34767314526
3539,42564.34773683382
3540,42564.34771693282
3541,42564.34777563849
3542,42564.34778555259
3543,42564.34755654288
3544,42564.347806452424
3545,42564.34773920041
3546,42564.34774948311
3547,42564.347741372105
3548,42564.34777204076
3549,42564.347706321016
3550,42564.34770948705
3551,42564.34777150895
3552,42564.34771743275
3553,42564.34770075934
3554,42564.34768174493
3555,42564.34785364314
3556,42564.347661020074
3557,42564.34774536767
3558,42564.34770632258
3559,42564.34773713989
3560,42564.34776931254
3561,42564.34777803697
3562,42564.347785322505
3563,42564.3477262161
3564,42564.34768792716
3565,42564.34774295094
3566,42564.347716214594
3567,42564.34767076882
3568,42564.347781209
3569,42564.347659408675
3570,42564.3477510313
3571,42564.34774473678
3572,42564.34773054208
3573,42564.3477279659
3574,42564.34776725513
3575,42564.34768024754
3576,42564.347826835954
3577,42465.335949092834
3578,42465.335949092856
3579,42465.335949092856
3580,42465.33594909287
3581,42465.335949092885
3582,42465.335949092885
3583,42465.335949092856
3584,42465.3359490929
3585,42465.3359490929
3586,42465.33595201405
3587,42465.3359385268
3588,42465.33595090987
3589,42465.33593184077
3590,42465.33597216168
3591,42465.335966151266
3592,42465.33590115482
3593,42465.335976479015
3594,42465.33595188088
3595,42465.33595463302
3596,42465.335948585394
3597,42465.335969881606
3598,42465.33594340385
3599,42465.335933094604
3600,42465.33596519589
3601,42465.33595609722
3602,42465.33594857388
3603,42465.33593056313
3604,42465.33599450782
3605,42465.33592895563
3606,42465.33595426056
3607,42465.33593607077
3608,42465.33595004884
3609,42465.33595637527
3610,42465.33596917327
3611,42465.33596469107
3612,42465.335945264356
3613,42465.335928057946
3614,42465.33595070747
3615,42465.335954535614
3616,42465.335931358364
3617,42465.3359634683
3618,42465.335929566885
3619,42465.33595936864
3620,42465.33595273002
3621,42465.335939673
3622,42465.3359423857
3623,42465.33599770875
3624,42465.33592865422
3625,42465.335960444034
3626,42434.727105401216
3627,42434.72710540123
3628,42434.72710540123
3629,42434.72710540126
3630,42434.72710540123
3631,42434.72710540123
3632,42434.727105401245
3633,42434.72710540126
3634,42434.72710540123
3635,42434.7271042533
3636,42434.72710667441
3637,42434.72710879522
3638,42434.727093220994
3639,42434.727124954035
3640,42434.727117725
3641,42434.72707997212
3642,42434.72711721988
3643,42434.72710892852
3644,42434.727113414396
3645,42434.727106473336
3646,42434.72711657442
3647,42434.72711028189
3648,42434.727093806054
3649,42434.72711978887
3650,42434.72711034404
3651,42434.72710538717
3652,42434.72709359993
3653,42434.727127178085
3654,42434.727095645554
3655,42434.72710834684
3656,42434.72709374438
3657,42434.72710097521
3658,42434.727108459
3659,42434.72711903364
3660,42434.72711611907
3661,42434.72710038458
3662,42434.72709706195
3663,42434.727101924225
3664,42434.727106489976
3665,42434.72709628677
3666,42434.72711370591
3667,42434.72709681096
3668,42434.72711433537
3669,42434.72711401491
3670,42434.72709878902
3671,42434.72709561911
3672,42434.727152993866
3673,42434.72708559791
3674,42434.72710675581
3675,42404.20293139093
3676,42404.20293139102
3677,42404.20293139103
3678,42404.20293139101
3679,42404.202931390995
3680,42404.202931390995
3681,42404.20293139098
3682,42404.202931390966
3683,42404.20293139095
3684,42404.2029244354
3685,42404.20293998588
3686,42404.202937285794
3687,42404.20292338801
3688,42404.202942321666
3689,42404.202941699856
3690,42404.20292742635
3691,42404.20292689855
3692,42404.20293411905
3693,42404.20294099298
3694,42404.20293267602
3695,42404.20292485623
3696,42404.20294204567
3697,42404.202924292884
3698,42404.20293910802
3699,42404.20293416043
3700,42404.2029303812
3701,42404.202928410334
3702,42404.202930033214
3703,42404.20292961052
3704,42404.20293178572
3705,42404.20292596417
3706,42404.202921301934
3707,42404.20292559453
3708,42404.20293820661
3709,42404.20293516576
3710,42404.20292575929
3711,42404.202940838455
3712,42404.202922063734
3713,42404.20292432105
3714,42404.20292864123
3715,42404.20293389089
3716,42404.20293379719
3717,42404.202935944035
3718,42404.20294210958
3719,42404.20292860932
3720,42404.2029202357
3721,42404.202976717635
3722,42404.20291408634
3723,42404.202927317885
3724,42373.27629157426
3725,42373.2762915742
3726,42373.276291574155
3727,42373.276291574184
3728,42373.27629157426
3729,42373.27629157421
3730,42373.27629157421
3731,42373.27629157424
3732,42373.27629157424
3733,42373.27628299988
3734,42373.27629134401
3735,42373.27629388142
3736,42373.27629427812
3737,42373.276285709384
3738,42373.27629813542
3739,42373.27631770763
3740,42373.2762702677
3741,42373.27628271656
3742,42373.27629990634
3743,42373.276300027006
3744,42373.2762826459
3745,42373.27631091609
3746,42373.27629666038
3747,42373.27628818085
3748,42373.27629076146
3749,42373.27627776339
3750,42373.27629375439
3751,42373.276262017986
3752,42373.27629527842
3753,42373.27628983334
3754,42373.276293799616
3755,42373.27628099283
3756,42373.276292448056
3757,42373.276292208335
3758,42373.276285592576
3759,42373.276286595246
3760,42373.276314559516
3761,42373.27628149471
3762,42373.27627985668
3763,42373.27630259687
3764,42373.27629450147
3765,42373.276295031406
3766,42373.27629054444
3767,42373.276312119546
3768,42373.276294928255
3769,42373.27628142413
3770,42373.276333927795
3771,42373.2762728058
3772,42373.27628783274
3773,42330.68887121416
3774,42330.688871214195
3775,42330.68887121419
3776,42330.68887121418
3777,42330.68887121417
3778,42330.688871214144
3779,42330.68887121415
3780,42330.688871214144
3781,42330.68887121416
3782,42330.688862704934
3783,42330.688897184926
3784,42330.688883004885
3785,42330.688876342014
3786,42330.68885923183
3787,42330.68887189495
3788,42330.68889371242
3789,42330.688844549804
3790,42330.68886827599
3791,42330.688876073546
3792,42330.68887985039
3793,42330.68884830494
3794,42330.68887842383
3795,42330.68887105116
3796,42330.688859708294
3797,42330.68887364188
3798,42330.68886020015
3799,42330.68888151628
3800,42330.688843064236
3801,42330.688874865285
3802,42330.68886765255
3803,42330.68888093056
3804,42330.688857876296
3805,42330.688859875074
3806,42330.688867897516
3807,42330.68885288638
3808,42330.688858853304
3809,42330.68889744467
3810,42330.688859149464
3811,42330.688853333515
3812,42330.68887083336
3813,42330.68885745646
3814,42330.68889325477
3815,42330.688863215786
3816,42330.68889131721
3817,42330.688875877204
3818,42330.68886442718
3819,42330.68891113069
3820,42330.6888606204
3821,42330.688864250624
3822,42292.2072173799
3823,42292.20721737995
3824,42292.20721737995
3825,42292.207217379946
3826,42292.207217379946
3827,42292.2072173799
3828,42292.20721737991
3829,42292.207217379895
3830,42292.2072173799
3831,42292.207208856555
3832,42292.2071485665
3833,42292.207204491235
3834,42292.207223678735
3835,42292.20718391327
3836,42292.207211652676
3837,42292.207288486556
3838,42292.20718184573
3839,42292.20716789298
3840,42292.20721882077
3841,42292.207233716
3842,42292.207185753105
3843,42292.20725822426
3844,42292.207254647554
3845,42292.20718683579
3846,42292.20722805671
3847,42292.20720209237
3848,42292.207236303664
3849,42292.207145769215
3850,42292.2072125354
3851,42292.20721521359
3852,42292.20723855804
3853,42292.207206382715
3854,42292.207200686076
3855,42292.2072170144
3856,42292.20718889622
3857,42292.20720924443
3858,42292.2072562298
3859,42292.207203517864
3860,42292.207217787196
3861,42292.20724486378
3862,42292.207232532724
3863,42292.207200486286
3864,42292.20720124545
3865,42292.20724008153
3866,42292.2072275026
3867,42292.20721830048
3868,42292.20724673331
3869,42292.20721700278
3870,42292.207215696704
3871,42234.34994134897
3872,42234.34994134905
3873,42234.34994134905
3874,42234.34994134891
3875,42234.34994134897
3876,42234.34994134893
3877,42234.34994134894
3878,42234.34994134893
3879,42234.34994134897
3880,42234.34994736572
3881,42234.349917214866
3882,42234.349938997715
3883,42234.34994950716
3884,42234.349924794464
3885,42234.34992772886
3886,42234.34996166
3887,42234.34992005873
3888,42234.3499132139
3889,42234.34993958024
3890,42234.349956661456
3891,42234.349931821685
3892,42234.34995045265
3893,42234.3499625452
3894,42234.349921846435
3895,42234.349950111144
3896,42234.349925584815
3897,42234.349950385804
3898,42234.349910399964
3899,42234.34993010409
3900,42234.34994052848
3901,42234.34995451205
3902,42234.34993974832
3903,42234.34993713008
3904,42234.34994431272
3905,42234.34991895399
3906,42234.34992819993
3907,42234.349953493045
3908,42234.349936818275
3909,42234.34994178237
3910,42234.34994052415
3911,42234.34993842469
3912,42234.3499354996
3913,42234.34992860429
3914,42234.34996518653
3915,42234.34995194367
3916,42234.34994439604
3917,42234.34997365483
3918,42234.349934530175
3919,42234.34995032175
3920,42185.878405125535
3921,42185.878405125535
3922,42185.87840512555
3923,42185.878405125426
3924,42185.878405125535
3925,42185.878405125535
3926,42185.87840512555
3927,42185.87840512553
3928,42185.87840512553
3929,42185.87841938658
3930,42185.87841427059
3931,42185.87841007292
3932,42185.87840651241
3933,42185.878408316996
3934,42185.87839753382
3935,42185.87837077489
3936,42185.878410250014
3937,42185.87839636607
3938,42185.87840002537
3939,42185.87841795788
3940,42185.87841414574
3941,42185.878398165805
3942,42185.87840914601
3943,42185.87840331771
3944,42185.8784256442
3945,42185.87840638878
3946,42185.87840186523
3947,42185.8784221146
3948,42185.87838627366
3949,42185.87840834026
3950,42185.87840528314
3951,42185.87841076763
3952,42185.8783988592
3953,42185.87841508748
3954,42185.87839286942
3955,42185.87838218284
3956,42185.87838334014
3957,42185.878406810945
3958,42185.87841866017
3959,42185.87837332052
3960,42185.87838723493
3961,42185.87840382518
3962,42185.8783987412
3963,42185.87842350914
3964,42185.87840557101
3965,42185.878411941994
3966,42185.878439259366
3967,42185.878409964935
3968,42185.87840821224
3969,42151.80053443658
3970,42151.800534436676
3971,42151.80053443664
3972,42151.800534436654
3973,42151.800534436654
3974,42151.80053443664
3975,42151.80053443657
3976,42151.800534436596
3977,42151.800534436574
3978,42151.80055889236
3979,42151.80054277529
3980,42151.80053756723
3981,42151.800530159875
3982,42151.80055122704
3983,42151.800521017685
3984,42151.80048476019
3985,42151.80054951484
3986,42151.8005311849
3987,42151.800526375955
3988,42151.80054278718
3989,42151.80055163538
3990,42151.80052145387
3991,42151.80053874496
3992,42151.800538414085
3993,42151.80055429666
3994,42151.80053855486
3995,42151.800526681815
3996,42151.80056497755
3997,42151.800511228386
3998,42151.800536728944
3999,42151.80052872063
4000,42151.80054646196
4001,42151.80053100644
4002,42151.80054800859
4003,42151.80052644372
4004,42151.80051281773
4005,42151.80050133938
4006,42151.800541645534
4007,42151.800553040295
4008,42151.80049790823
4009,42151.800517596355
4010,42151.80052838609
4011,42151.80053041368
4012,42151.80054728429
4013,42151.800535884366
4014,42151.80054000502
4015,42151.8005689944
4016,42151.80053446243
4017,42151.80054471875
4018,42038.24532518398
4019,42038.24532518395
4020,42038.24532518398
4021,42038.24532518394
4022,42038.24532518396
4023,42038.24532518398
4024,42038.24532518395
4025,42038.24532518398
4026,42038.24532518398
4027,42038.245344415634
4028,42038.24534995639
4029,42038.24532817035
4030,42038.245311094084
4031,42038.245341870126
4032,42038.24534589524
4033,42038.24524417112
4034,42038.24536483256
4035,42038.245336537795
4036,42038.245313401545
4037,42038.24532917734
4038,42038.245351188576
4039,42038.2453246819
4040,42038.24531746222
4041,42038.245346670934
4042,42038.24536456957
4043,42038.24534990798
4044,42038.24530647555
4045,42038.245385154856
4046,42038.245298230104
4047,42038.24533194357
4048,42038.2453066819
4049,42038.245346833646
4050,42038.245313258456
4051,42038.24534253432
4052,42038.24533021451
4053,42038.24528828252
4054,42038.245281167015
4055,42038.245337529836
4056,42038.245360355504
4057,42038.24527633787
4058,42038.245298899084
4059,42038.245322590614
4060,42038.245324918214
4061,42038.24532704393
4062,42038.24530413534
4063,42038.24533937184
4064,42038.245360565204
4065,42038.24536035916
4066,42038.24531252819
4067,41948.74399905256
4068,41948.7439990526
4069,41948.7439990526
4070,41948.74399905255
4071,41948.74399905257
4072,41948.74399905256
4073,41948.743999052596
4074,41948.743999052596
4075,41948.74399905257
4076,41948.74409914424
4077,41948.74403762733
4078,41948.74399901838
4079,41948.74394999274
4080,41948.74408581861
4081,41948.743925733004
4082,41948.74392313482
4083,41948.74403344164
4084,41948.74405898473
4085,41948.74397677587
4086,41948.743964993264
4087,41948.74400546073
4088,41948.74394753757
4089,41948.744002000356
4090,41948.7440320552
4091,41948.74399675475
4092,41948.744005631524
4093,41948.74399486474
4094,41948.74404492095
4095,41948.74396988124
4096,41948.74397336119
4097,41948.74396874598
4098,41948.744024439926
4099,41948.743985291825
4100,41948.744008564194
4101,41948.74400358353
4102,41948.743978580285
4103,41948.74395386621
4104,41948.744042282815
4105,41948.74401959004
4106,41948.74398107509
4107,41948.74398390928
4108,41948.74401204638
4109,41948.7439947555
4110,41948.743959623826
4111,41948.74401528257
4112,41948.74398249723
4113,41948.74404614793
4114,41948.74395703654
4115,41948.74405483928
4116,41811.30753483834
4117,41811.30753483839
4118,41811.30753483841
4119,41811.30753483841
4120,41811.307534838365
4121,41811.307534838365
4122,41811.307534838365
4123,41811.307534838365
4124,41811.30753483836
4125,41811.307579221626
4126,41811.307550755606
4127,41811.3075304709
4128,41811.30750849813
4129,41811.30756163646
4130,41811.30753410273
4131,41811.30750309931
4132,41811.307562025424
4133,41811.30756463737
4134,41811.30752477592
4135,41811.30751955324
4136,41811.30756821304
4137,41811.307529558304
4138,41811.30754429229
4139,41811.30755040361
4140,41811.30754157331
4141,41811.30753067914
4142,41811.307529507336
4143,41811.30756262498
4144,41811.30751672208
4145,41811.307522166164
4146,41811.30751795866
4147,41811.3075730781
4148,41811.307551838894
4149,41811.30754439099
4150,41811.30754269943
4151,41811.307518799134
4152,41811.30752400389
4153,41811.307565375995
4154,41811.30754398001
4155,41811.30754083528
4156,41811.307523236836
4157,41811.307540889
4158,41811.30753089484
4159,41811.307521602575
4160,41811.307529678605
4161,41811.30752883088
4162,41811.30757497066
4163,41811.307528379475
4164,41811.30756220903
4165,41697.75281631367
4166,41697.7528163138
4167,41697.7528163138
4168,41697.75281631375
4169,41697.75281631373
4170,41697.75281631374
4171,41697.75281631373
4172,41697.75281631373
4173,41697.75281631373
4174,41697.75280221796
4175,41697.75282283018
4176,41697.75281773536
4177,41697.75278228913
4178,41697.752793841784
4179,41697.75289311145
4180,41697.75279243516
4181,41697.752829507575
4182,41697.752823630166
4183,41697.752823149196
4184,41697.752809898135
4185,41697.752795340486
4186,41697.752854858474
4187,41697.752804129166
4188,41697.75283593088
4189,41697.752855853585
4190,41697.752837719345
4191,41697.752819354966
4192,41697.75282358826
4193,41697.75280261606
4194,41697.7528295925
4195,41697.752810740916
4196,41697.75282121539
4197,41697.75278137542
4198,41697.75282189005
4199,41697.752839037836
4200,41697.75276733065
4201,41697.752839848254
4202,41697.752823661845
4203,41697.752823172894
4204,41697.752817756875
4205,41697.752793721724
4206,41697.752830427286
4207,41697.75280586166
4208,41697.75279482179
4209,41697.75277424857
4210,41697.752844500435
4211,41697.75285287323
4212,41697.75288291617
4213,41697.75278696693
4214,41589.69954147772
4215,41589.69954147768
4216,41589.699541477705
4217,41589.69954147771
4218,41589.69954147776
4219,41589.69954147771
4220,41589.69954147769
4221,41589.69954147772
4222,41589.69954147766
4223,41589.69953919957
4224,41589.6995288832
4225,41589.699540970316
4226,41589.69951175741
4227,41589.69951640815
4228,41589.69959017401
4229,41589.69954391245
4230,41589.69953502386
4231,41589.69954880937
4232,41589.69955710378
4233,41589.69953527984
4234,41589.699524726966
4235,41589.69956940399
4236,41589.699543104
4237,41589.69955248475
4238,41589.69954922776
4239,41589.69952817061
4240,41589.69956137893
4241,41589.69952223788
4242,41589.699531334154
4243,41589.69954728467
4244,41589.699544175586
4245,41589.69955070451
4246,41589.699532010905
4247,41589.69954556812
4248,41589.699566456366
4249,41589.69951345371
4250,41589.699581432804
4251,41589.69955775417
4252,41589.69951941799
4253,41589.69956801902
4254,41589.6995310679
4255,41589.69955042108
4256,41589.699527639474
4257,41589.6995273562
4258,41589.69952346195
4259,41589.69956050664
4260,41589.6995770481
4261,41589.69956285593
4262,41589.69955507404
4263,41438.40392358779
4264,41438.403923587866
4265,41438.40392358788
4266,41438.403923587735
4267,41438.40392358784
4268,41438.40392358784
4269,41438.40392358779
4270,41438.4039235878
4271,41438.403923587786
4272,41438.40394718243
4273,41438.40393107399
4274,41438.40392833798
4275,41438.4038974749
4276,41438.40390509629
4277,41438.403921675344
4278,41438.403953598165
4279,41438.403889409805
4280,41438.40394606847
4281,41438.40394760391
4282,41438.40391984014
4283,41438.403909803295
4284,41438.403923360405
4285,41438.40393044682
4286,41438.40393086384
4287,41438.403904713254
4288,41438.40388577477
4289,41438.40396532462
4290,41438.40387123968
4291,41438.4039310004
4292,41438.40391983654
4293,41438.403932517125
4294,41438.4039261545
4295,41438.40392888733
4296,41438.40391704965
4297,41438.40394881672
4298,41438.40391019117
4299,41438.40396763274
4300,41438.40394941522
4301,41438.403878491015
4302,41438.40396831366
4303,41438.4039059427
4304,41438.40394690945
4305,41438.40390623128
4306,41438.40391471303
4307,41438.40392873697
4308,41438.403930045824
4309,41438.40396415583
4310,41438.40390265939
4311,41438.403966361024
4312,41186.13535212752
4313,41186.135352127574
4314,41186.135352127574
4315,41186.13535212756
4316,41186.135352127516
4317,41186.135352127516
4318,41186.1353521275
4319,41186.13535212753
4320,41186.13535212752
4321,41186.13539779292
4322,41186.13531731799
4323,41186.13535681537
4324,41186.13533350842
4325,41186.13534469003
4326,41186.13528421827
4327,41186.135387169525
4328,41186.135313934465
4329,41186.13537194994
4330,41186.13538565249
4331,41186.135363655194
4332,41186.13536146914
4333,41186.13531502038
4334,41186.13538344239
4335,41186.135344456816
4336,41186.135285675045
4337,41186.1352729766
4338,41186.135418536556
4339,41186.13530291442
4340,41186.13536258526
4341,41186.13533883061
4342,41186.13537834073
4343,41186.13535774709
4344,41186.13539048999
4345,41186.13536021153
4346,41186.135374824014
4347,41186.13538831381
4348,41186.13538638799
4349,41186.13539060476
4350,41186.13527700709
4351,41186.135406481975
4352,41186.13536239273
4353,41186.13533139731
4354,41186.13533291596
4355,41186.13536916837
4356,41186.13540648001
4357,41186.135337944164
4358,41186.13538288666
4359,41186.13525234919
4360,41186.13547281841
4361,41982.10908418245
4362,41982.109084182455
4363,41982.10908418248
4364,41982.10908418241
4365,41982.109084182455
4366,41982.10908418241
4367,41982.10908418243
4368,41982.10908418244
4369,41982.10908418249
4370,41982.109211619
4371,41982.10910128466
4372,41982.109111818994
4373,41982.10938179934
4374,41982.10932225734
4375,41982.10891856627
4376,41982.1090576201
4377,41982.109078422785
4378,41982.10917466476
4379,41982.109108687706
4380,41982.109160245804
4381,41982.10891560464
4382,41982.10895496501
4383,41982.10906017158
4384,41982.10908961754
4385,41982.10905127616
4386,41982.10919150408
4387,41982.10918460947
4388,41982.109058832844
4389,41982.109147666655
4390,41982.109062127194
4391,41982.10910036781
4392,41982.10884358969
4393,41982.10884740107
4394,41982.10905607472
4395,41982.10911869883
4396,41982.10918021617
4397,41982.1090615038
4398,41982.109082207855
4399,41982.10901203186
4400,41982.109071761384
4401,41982.10908257091
4402,41982.10909466437
4403,41982.10906187069
4404,41982.10879504213
4405,41982.10916214987
4406,41982.10904303813
4407,41982.10913503996
4408,41982.108959068486
4409,41982.10920143588
4410,41137.71288140893
4411,41137.71288140889
4412,41137.712881408894
4413,41137.7128814089
4414,41137.71288140886
4415,41137.71288140893
4416,41137.7128814089
4417,41137.71288140889
4418,41137.7128814089
4419,41137.71293669852
4420,41137.71285339034
4421,41137.712889696784
4422,41137.712824105234
4423,41137.712905214
4424,41137.712798782086
4425,41137.71290493601
4426,41137.71284917653
4427,41137.71291260294
4428,41137.71291350282
4429,41137.71287866559
4430,41137.71286308475
4431,41137.7128299884
4432,41137.71290411042
4433,41137.712878842394
4434,41137.712819969354
4435,41137.712825758
4436,41137.71295248216
4437,41137.71283811826
4438,41137.71289861849
4439,41137.712866895
4440,41137.7129058329
4441,41137.71285842603
4442,41137.71287979341
4443,41137.71288653936
4444,41137.71290648731
4445,41137.71292604895
4446,41137.712904298816
4447,41137.71291546286
4448,41137.712807075215
4449,41137.71292482481
4450,41137.71289096837
4451,41137.712862630935
4452,41137.712861981025
4453,41137.71285909785
4454,41137.71293847536
4455,41137.712863332075
4456,41137.712914019416
4457,41137.712777782515
4458,41137.71300200308
4459,40871.98704357679
4460,40871.98704357682
4461,40871.987043576824
4462,40871.98704357683
4463,40871.987043576846
4464,40871.98704357681
4465,40871.98704357679
4466,40871.987043576824
4467,40871.9870435768
4468,40871.98709504366
4469,40871.987105811284
4470,40871.98706392212
4471,40871.98700162466
4472,40871.9870740202
4473,40871.98696218728
4474,40871.987098291465
4475,40871.987000999354
4476,40871.98707489902
4477,40871.98706451768
4478,40871.9870559668
4479,40871.98706314622
4480,40871.98697272253
4481,40871.98704431813
4482,40871.98703423351
4483,40871.98701258771
4484,40871.98700767558
4485,40871.98709044566
4486,40871.98698739989
4487,40871.987097609795
4488,40871.98704226283
4489,40871.987065717956
4490,40871.987014694365
4491,40871.98704222233
4492,40871.987031198885
4493,40871.98704781818
4494,40871.98708066378
4495,40871.98702840896
4496,40871.98706657493
4497,40871.98698725775
4498,40871.98706918715
4499,40871.98700955534
4500,40871.987057926344
4501,40871.98702530341
4502,40871.98703937809
4503,40871.987077790036
4504,40871.98702464651
4505,40871.98707955473
4506,40871.98696765662
4507,40871.987100036764
4508,41288.480429300005
4509,41288.48042930002
4510,41288.48042930002
4511,41288.480429299976
4512,41288.48042930006
4513,41288.48042930001
4514,41288.48042929998
4515,41288.480429300005
4516,41288.480429300056
4517,41288.48048809433
4518,41288.48033894071
4519,41288.48042179093
4520,41288.48069724986
4521,41288.48060821283
4522,41288.48032339634
4523,41288.48038992972
4524,41288.48045801366
4525,41288.480452535674
4526,41288.480416327184
4527,41288.48037480613
4528,41288.48032932838
4529,41288.48038414449
4530,41288.48043202492
4531,41288.48044199087
4532,41288.480438683866
4533,41288.48051530618
4534,41288.48048584096
4535,41288.48045013661
4536,41288.48044213464
4537,41288.48042604488
4538,41288.48043251834
4539,41288.480243752834
4540,41288.4802332426
4541,41288.48047335238
4542,41288.480447426344
4543,41288.48052348694
4544,41288.48037006013
4545,41288.48041090475
4546,41288.48039520275
4547,41288.48041075281
4548,41288.48048238973
4549,41288.48033021509
4550,41288.480410531
4551,41288.48020206806
4552,41288.48046253617
4553,41288.4804139006
4554,41288.480439673636
4555,41288.48035965949
4556,41288.48049799545
4557,40831.386896245574
4558,40831.38689624555
4559,40831.38689624551
4560,40831.38689624552
4561,40831.386896245574
4562,40831.38689624554
4563,40831.38689624552
4564,40831.38689624554
4565,40831.38689624551
4566,40831.38694548741
4567,40831.386918079865
4568,40831.38690836428
4569,40831.38681087152
4570,40831.38695171202
4571,40831.38681220697
4572,40831.38693133475
4573,40831.38687062877
4574,40831.38692313476
4575,40831.386909713525
4576,40831.38689602521
4577,40831.386892256334
4578,40831.38683437295
4579,40831.386900352125
4580,40831.38689290114
4581,40831.38687446412
4582,40831.38688217754
4583,40831.38694436361
4584,40831.38685733361
4585,40831.38693825006
4586,40831.38689469622
4587,40831.386914252565
4588,40831.38684183051
4589,40831.38685759391
4590,40831.38689864743
4591,40831.38690369158
4592,40831.38694466624
4593,40831.38687128705
4594,40831.38691129511
4595,40831.38684599963
4596,40831.38691367422
4597,40831.386885310036
4598,40831.38688029703
4599,40831.38687825695
4600,40831.38685218673
4601,40831.38692920828
4602,40831.386878367804
4603,40831.38692536593
4604,40831.38682286359
4605,40831.386955928836
4606,40814.14618335465
4607,40814.14618335467
4608,40814.14618335465
4609,40814.14618335474
4610,40814.14618335464
4611,40814.1461833547
4612,40814.14618335471
4613,40814.14618335468
4614,40814.14618335467
4615,40814.14621830996
4616,40814.146163932666
4617,40814.14618784196
4618,40814.14633332311
4619,40814.146279029424
4620,40814.14612058964
4621,40814.14616825266
4622,40814.146196126334
4623,40814.14620629699
4624,40814.14617970069
4625,40814.146167386
4626,40814.14615528031
4627,40814.14613392312
4628,40814.146175646005
4629,40814.14619377786
4630,40814.14619215395
4631,40814.146214299115
4632,40814.14621730731
4633,40814.14618860406
4634,40814.14621461545
4635,40814.1461890531
4636,40814.146189633866
4637,40814.14608209019
4638,40814.14608376787
4639,40814.14620512147
4640,40814.146199608855
4641,40814.14623466816
4642,40814.14613230381
4643,40814.14618223861
4644,40814.14614981498
4645,40814.146167002735
4646,40814.14619889369
4647,40814.14612744144
4648,40814.1461686145
4649,40814.14607507103
4650,40814.146194328016
4651,40814.14617257941
4652,40814.1462025154
4653,40814.146136772964
4654,40814.14621934617
4655,40573.01571615057
4656,40573.01571615058
4657,40573.01571615059
4658,40573.015716150585
4659,40573.01571615058
4660,40573.01571615056
4661,40573.01571615057
4662,40573.01571615054
4663,40573.015716150556
4664,40573.01571265986
4665,40573.01569095672
4666,40573.01571354859
4667,40573.01577386262
4668,40573.015744191296
4669,40573.01570817827
4670,40573.01570702704
4671,40573.01573287439
4672,40573.01571497802
4673,40573.015707764105
4674,40573.0157365382
4675,40573.01575765235
4676,40573.015701201766
4677,40573.01571643916
4678,40573.01572804414
4679,40573.015736976304
4680,40573.01571095472
4681,40573.015721399395
4682,40573.01573046841
4683,40573.015730468105
4684,40573.01573112781
4685,40573.015720329124
4686,40573.01568648337
4687,40573.0156929533
4688,40573.0157521481
4689,40573.015728787694
4690,40573.01573309066
4691,40573.01566702198
4692,40573.01572116839
4693,40573.01569706026
4694,40573.01570720028
4695,40573.01573102016
4696,40573.01564823556
4697,40573.01570596924
4698,40573.0157098788
4699,40573.01569926013
4700,40573.01571855425
4701,40573.01572811814
4702,40573.015704577316
4703,40573.015723622295
4704,40464.449018757994
4705,40464.44901875793
4706,40464.44901875798
4707,40464.44901875806
4708,40464.44901875799
4709,40464.449018757994
4710,40464.44901875799
4711,40464.44901875798
4712,40464.449018757994
4713,40464.449007839685
4714,40464.44902643667
4715,40464.44902266467
4716,40464.44904805024
4717,40464.44901915579
4718,40464.449017512576
4719,40464.449038079474
4720,40464.4490358015
4721,40464.44902808868
4722,40464.449009890035
4723,40464.449043292785
4724,40464.44906473245
4725,40464.44900990243
4726,40464.44901292673
4727,40464.449020558895
4728,40464.44903913822
4729,40464.4490087521
4730,40464.4490349207
4731,40464.449017191175
4732,40464.449041077554
4733,40464.44902727287
4734,40464.44902272774
4735,40464.44900425499
4736,40464.449010621516
4737,40464.44903711737
4738,40464.449016766914
4739,40464.44901767912
4740,40464.448996930936
4741,40464.44902408206
4742,40464.44899776422
4743,40464.449024128364
4744,40464.44901721867
4745,40464.44899354433
4746,40464.44900859829
4747,40464.44903282719
4748,40464.44899252527
4749,40464.44900859884
4750,40464.44903882205
4751,40464.44902437673
4752,40464.44900231021
4753,40319.21876722067
4754,40319.21876722074
4755,40319.21876722074
4756,40319.21876722071
4757,40319.21876722064
4758,40319.218767220686
4759,40319.21876722065
4760,40319.21876722062
4761,40319.21876722066
4762,40319.218747168175
4763,40319.21877914182
4764,40319.21876759882
4765,40319.21877993726
4766,40319.218752697874
4767,40319.21878192429
4768,40319.21878909409
4769,40319.218789771825
4770,40319.218769960244
4771,40319.21875763746
4772,40319.21878690235
4773,40319.21881073715
4774,40319.218774039546
4775,40319.21875387601
4776,40319.218771487256
4777,40319.21878667002
4778,40319.218760574484
4779,40319.21877867892
4780,40319.21875605654
4781,40319.21877878878
4782,40319.21878018534
4783,40319.2187655284
4784,40319.21877057013
4785,40319.21876165342
4786,40319.21877672871
4787,40319.21876312228
4788,40319.21875368705
4789,40319.21876929242
4790,40319.218769721425
4791,40319.218758070216
4792,40319.21878675537
4793,40319.218761948934
4794,40319.21877159863
4795,40319.21876314393
4796,40319.2187898805
4797,40319.21873626868
4798,40319.21876619038
4799,40319.218791869156
4800,40319.21878997623
4801,40319.21873594366
4802,40175.69775689504
4803,40175.697756894995
4804,40175.697756894995
4805,40175.69775689504
4806,40175.69775689502
4807,40175.697756895
4808,40175.69775689504
4809,40175.69775689504
4810,40175.69775689502
4811,40175.697761042116
4812,40175.69777883046
4813,40175.69775915285
4814,40175.697778125956
4815,40175.69776018802
4816,40175.69773703977
4817,40175.69775474857
4818,40175.69779769114
4819,40175.697781136565
4820,40175.697748682636
4821,40175.69776103604
4822,40175.69778569697
4823,40175.69771583887
4824,40175.69775927756
4825,40175.69775439221
4826,40175.697749417384
4827,40175.697744564815
4828,40175.69775993304
4829,40175.69777389194
4830,40175.69776263415
4831,40175.69774251638
4832,40175.69775675183
4833,40175.69777667071
4834,40175.69774682447
4835,40175.69775795809
4836,40175.69774123736
4837,40175.697757574184
4838,40175.697759893
4839,40175.69776565041
4840,40175.69775384807
4841,40175.6977599428
4842,40175.69775326488
4843,40175.69777455685
4844,40175.69776257495
4845,40175.69776637971
4846,40175.6977572296
4847,40175.697728896215
4848,40175.69778191679
4849,40175.69774810366
4850,40175.69776789611
4851,40102.596419497124
4852,40102.596419497124
4853,40102.59641949712
4854,40102.59641949709
4855,40102.5964194971
4856,40102.596419497124
4857,40102.5964194971
4858,40102.59641949713
4859,40102.59641949709
4860,40102.59642445535
4861,40102.59638036021
4862,40102.59639144986
4863,40102.596468417214
4864,40102.59640731043
4865,40102.59639498856
4866,40102.596471819204
4867,40102.59639964721
4868,40102.59639492411
4869,40102.59641995353
4870,40102.59641271903
4871,40102.59641135089
4872,40102.596420520116
4873,40102.596449605546
4874,40102.596425908465
4875,40102.59641442473
4876,40102.59641293197
4877,40102.59642174209
4878,40102.596358530194
4879,40102.59640122851
4880,40102.59642160721
4881,40102.59642121815
4882,40102.596430482314
4883,40102.59637676294
4884,40102.59642909735
4885,40102.59640981607
4886,40102.596434390376
4887,40102.59644075916
4888,40102.59640998141
4889,40102.59643851016
4890,40102.59645993701
4891,40102.596426169344
4892,40102.59642058155
4893,40102.59642657643
4894,40102.5964080861
4895,40102.59642793245
4896,40102.596432005324
4897,40102.596437948516
4898,40102.59641737069
4899,40102.59641578642
4900,40026.53819884672
4901,40026.53819884677
4902,40026.53819884677
4903,40026.53819884675
4904,40026.53819884675
4905,40026.53819884675
4906,40026.53819884676
4907,40026.53819884674
4908,40026.53819884677
4909,40026.53820215478
4910,40026.53818166463
4911,40026.53818400839
4912,40026.538257597684
4913,40026.53820392504
4914,40026.538203248296
4915,40026.53818733023
4916,40026.53819903456
4917,40026.53818738207
4918,40026.5382014753
4919,40026.53818620694
4920,40026.53818555292
4921,40026.53817275686
4922,40026.538208968996
4923,40026.538215582696
4924,40026.53819899552
4925,40026.538198370436
4926,40026.538176924005
4927,40026.538182666925
4928,40026.53819433237
4929,40026.53820756969
4930,40026.53819826015
4931,40026.53820436967
4932,40026.53814661388
4933,40026.53820432703
4934,40026.53820824916
4935,40026.53820457056
4936,40026.53819842212
4937,40026.53819255197
4938,40026.53821853324
4939,40026.538190662985
4940,40026.53819690659
4941,40026.538197441514
4942,40026.53820953083
4943,40026.53817275263
4944,40026.53820046885
4945,40026.53821705456
4946,40026.53821647715
4947,40026.53820235765
4948,40026.53819906033
4949,39946.546285821365
4950,39946.546285821394
4951,39946.546285821394
4952,39946.54628582141
4953,39946.546285821394
4954,39946.54628582142
4955,39946.54628582144
4956,39946.54628582139
4957,39946.54628582138
4958,39946.54629333561
4959,39946.54627555506
4960,39946.54628120743
4961,39946.5463628459
4962,39946.54629485896
4963,39946.54629006791
4964,39946.5462396086
4965,39946.546297108056
4966,39946.54628699689
4967,39946.54628520265
4968,39946.54626916118
4969,39946.54626434498
4970,39946.546243935336
4971,39946.546287101046
4972,39946.54630097414
4973,39946.54627935071
4974,39946.546277420486
4975,39946.54626624277
4976,39946.54629813612
4977,39946.5462938564
4978,39946.546290210616
4979,39946.546286470024
4980,39946.546282463954
4981,39946.54623401871
4982,39946.546290712184
4983,39946.54629893139
4984,39946.5462990649
4985,39946.546278628906
4986,39946.5462835877
4987,39946.546296407934
4988,39946.546249253224
4989,39946.54628532304
4990,39946.5462753808
4991,39946.54629308222
4992,39946.54624332173
4993,39946.54629110777
4994,39946.546296645036
4995,39946.546299678914
4996,39946.54627780517
4997,39946.54630049125
4998,39838.11099822812
4999,39838.11099822814
5000,39838.110998228105
5001,39838.11099822808
5002,39838.11099822813
5003,39838.110998228105
5004,39838.110998228076
5005,39838.1109982281
5006,39838.11099822811
5007,39838.11101076413
5008,39838.1109929686
5009,39838.11100006003
5010,39838.11108940121
5011,39838.111003270045
5012,39838.11100342125
5013,39838.11094350793
5014,39838.111015291186
5015,39838.11100378722
5016,39838.11099041956
5017,39838.1109821357
5018,39838.11097963984
5019,39838.11096257126
5020,39838.11099528467
5021,39838.11100425696
5022,39838.11098728687
5023,39838.11097833191
5024,39838.110984809966
5025,39838.11102713509
5026,39838.11101415592
5027,39838.11099751858
5028,39838.111001428784
5029,39838.11098768339
5030,39838.11096003799
5031,39838.111003574246
5032,39838.111002765836
5033,39838.1110194854
5034,39838.11099335467
5035,39838.11099854891
5036,39838.11100467291
5037,39838.110959626356
5038,39838.11100222533
5039,39838.11098209859
5040,39838.11099957288
5041,39838.110946362205
5042,39838.1110017511
5043,39838.11100097258
5044,39838.111008181964
5045,39838.11098277417
5046,39838.111021461205
5047,39664.38277477906
5048,39664.38277477906
5049,39664.38277477905
5050,39664.38277477907
5051,39664.382774779035
5052,39664.38277477906
5053,39664.38277477906
5054,39664.382774779086
5055,39664.38277477906
5056,39664.38281792306
5057,39664.38285447597
5058,39664.382786530405
5059,39664.38287025071
5060,39664.382817993675
5061,39664.38278379223
5062,39664.38271132314
5063,39664.38276643817
5064,39664.382790705786
5065,39664.382778333216
5066,39664.38276590386
5067,39664.382777943094
5068,39664.382728445635
5069,39664.38275088397
5070,39664.382792140816
5071,39664.38278460925
5072,39664.38277428063
5073,39664.38274119982
5074,39664.382786285445
5075,39664.38283552951
5076,39664.38279156008
5077,39664.38277529776
5078,39664.382745567236
5079,39664.38274629262
5080,39664.38275026421
5081,39664.38279136599
5082,39664.38277867037
5083,39664.382746431955
5084,39664.38276269531
5085,39664.38279877271
5086,39664.382707123266
5087,39664.38273683846
5088,39664.382800317515
5089,39664.38278375077
5090,39664.38271833903
5091,39664.382758795284
5092,39664.38278670337
5093,39664.3827889431
5094,39664.382776937215
5095,39664.382753109174
5096,39529.19926746197
5097,39529.19926746199
5098,39529.19926746199
5099,39529.199267462005
5100,39529.199267462034
5101,39529.19926746197
5102,39529.19926746197
5103,39529.19926746199
5104,39529.199267462005
5105,39529.19931783023
5106,39529.19921975077
5107,39529.1992608038
5108,39529.1993602035
5109,39529.19928823067
5110,39529.19920950345
5111,39529.19920425852
5112,39529.19927707262
5113,39529.19926649033
5114,39529.19926483019
5115,39529.19927190176
5116,39529.19931264693
5117,39529.19929474106
5118,39529.1992888176
5119,39529.199259603054
5120,39529.19922480853
5121,39529.199223578704
5122,39529.1992935394
5123,39529.19932334564
5124,39529.19926356669
5125,39529.19925407868
5126,39529.199280156354
5127,39529.199278014516
5128,39529.199322749264
5129,39529.199296333376
5130,39529.19925649118
5131,39529.19932031255
5132,39529.19927790276
5133,39529.199256703854
5134,39529.19928485238
5135,39529.199271003046
5136,39529.199308334304
5137,39529.19922625024
5138,39529.199272212434
5139,39529.19925208283
5140,39529.199284680035
5141,39529.19924710162
5142,39529.199259566085
5143,39529.1992093726
5144,39529.19933539688
5145,39417.34621002931
5146,39417.34621002926
5147,39417.34621002923
5148,39417.34621002932
5149,39417.34621002928
5150,39417.34621002929
5151,39417.34621002929
5152,39417.34621002934
5153,39417.34621002931
5154,39417.346229072886
5155,39417.346199404914
5156,39417.34620355002
5157,39417.34627262559
5158,39417.346216544036
5159,39417.34622415483
5160,39417.34619660106
5161,39417.34620123421
5162,39417.34620493998
5163,39417.34621436883
5164,39417.3462279018
5165,39417.34625052983
5166,39417.34625387388
5167,39417.34622497642
5168,39417.34620699898
5169,39417.346220817184
5170,39417.346190525626
5171,39417.34621972966
5172,39417.34622327538
5173,39417.34621554357
5174,39417.34620945478
5175,39417.34622032484
5176,39417.34620977427
5177,39417.346234775236
5178,39417.34622141285
5179,39417.34620106101
5180,39417.34619944244
5181,39417.34622688414
5182,39417.34618745942
5183,39417.34623286197
5184,39417.34621373602
5185,39417.346217873106
5186,39417.34620757626
5187,39417.34621744611
5188,39417.34621434073
5189,39417.34618168778
5190,39417.346199461936
5191,39417.346209078074
5192,39417.34622851585
5193,39417.346189387725
5194,39349.01809193643
5195,39349.01809193645
5196,39349.018091936385
5197,39349.018091936436
5198,39349.018091936385
5199,39349.0180919364
5200,39349.01809193643
5201,39349.01809193637
5202,39349.018091936414
5203,39349.01811658591
5204,39349.01810383593
5205,39349.018083130526
5206,39349.018149033625
5207,39349.01810453702
5208,39349.018103905975
5209,39349.01810321083
5210,39349.01806441374
5211,39349.01808595085
5212,39349.01810235881
5213,39349.01810949726
5214,39349.01811600655
5215,39349.018126252915
5216,39349.01810578206
5217,39349.018091938306
5218,39349.01810449105
5219,39349.01808421912
5220,39349.018094859595
5221,39349.01807269334
5222,39349.0181019691
5223,39349.01809606298
5224,39349.018101368005
5225,39349.018087174016
5226,39349.0180954933
5227,39349.01808863349
5228,39349.01808163936
5229,39349.01806908084
5230,39349.01810524649
5231,39349.018058880334
5232,39349.01811990265
5233,39349.01809546254
5234,39349.01807902213
5235,39349.01811792111
5236,39349.01810368421
5237,39349.01809802501
5238,39349.018071779145
5239,39349.01808696186
5240,39349.01808806272
5241,39349.01811669658
5242,39349.01805410037
5243,39226.33469838866
5244,39226.33469838861
5245,39226.33469838864
5246,39226.33469838861
5247,39226.3346983886
5248,39226.33469838863
5249,39226.3346983886
5250,39226.33469838863
5251,39226.334698388615
5252,39226.33472258307
5253,39226.33470023218
5254,39226.33468714872
5255,39226.33476097174
5256,39226.33472235027
5257,39226.33471610633
5258,39226.334720356164
5259,39226.33466146443
5260,39226.33468510926
5261,39226.33470904689
5262,39226.33471640624
5263,39226.3346892341
5264,39226.3347348076
5265,39226.334706282905
5266,39226.334698866754
5267,39226.33470993697
5268,39226.33470602535
5269,39226.33469668166
5270,39226.33466003155
5271,39226.33469675862
5272,39226.33470878654
5273,39226.33470660138
5274,39226.33467690268
5275,39226.33466560619
5276,39226.33469365645
5277,39226.33468736433
5278,39226.33466074109
5279,39226.334704192726
5280,39226.33465363078
5281,39226.33472562158
5282,39226.33470334556
5283,39226.3346820396
5284,39226.334734864715
5285,39226.33471022244
5286,39226.334699984516
5287,39226.334694571015
5288,39226.334700722306
5289,39226.33469444268
5290,39226.33472716855
5291,39226.334655322826
5292,39002.62514768927
5293,39002.62514768937
5294,39002.62514768935
5295,39002.625147689316
5296,39002.62514768931
5297,39002.62514768931
5298,39002.62514768931
5299,39002.62514768931
5300,39002.625147689294
5301,39002.62518346132
5302,39002.62519320651
5303,39002.62513893918
5304,39002.625194973654
5305,39002.62515628401
5306,39002.625118055665
5307,39002.62521190503
5308,39002.62508674284
5309,39002.6251474636
5310,39002.62515637088
5311,39002.62517201508
5312,39002.62512224427
5313,39002.62514486492
5314,39002.62514094911
5315,39002.625138986776
5316,39002.62511197774
5317,39002.62514268444
5318,39002.62517958576
5319,39002.62506105833
5320,39002.62514865447
5321,39002.62514989764
5322,39002.6251541146
5323,39002.62514063478
5324,39002.6251226282
5325,39002.62511939233
5326,39002.625119563156
5327,39002.62512025022
5328,39002.62515371751
5329,39002.62510782165
5330,39002.62515445182
5331,39002.625157243165
5332,39002.62511413432
5333,39002.62522651678
5334,39002.62515553204
5335,39002.62517690874
5336,39002.62519877228
5337,39002.62513933594
5338,39002.62513800997
5339,39002.62512630223
5340,39002.625135980576
5341,38801.61326643111
5342,38801.613266431166
5343,38801.61326643113
5344,38801.61326643113
5345,38801.613266431115
5346,38801.613266431115
5347,38801.61326643114
5348,38801.6132664311
5349,38801.61326643111
5350,38801.6132771563
5351,38801.61322971798
5352,38801.61325146068
5353,38801.613336213784
5354,38801.61332138878
5355,38801.613312189285
5356,38801.61323093524
5357,38801.613228895825
5358,38801.61322969767
5359,38801.613258598554
5360,38801.613290036425
5361,38801.61320010096
5362,38801.61327864567
5363,38801.613233299184
5364,38801.61327599682
5365,38801.613270600494
5366,38801.6133097711
5367,38801.61321075257
5368,38801.613233413846
5369,38801.613232770425
5370,38801.613306928346
5371,38801.613259769714
5372,38801.613235701494
5373,38801.6131954108
5374,38801.61329279003
5375,38801.613272359
5376,38801.613196977385
5377,38801.61321955986
5378,38801.61322247818
5379,38801.61329096516
5380,38801.613244375294
5381,38801.61325595008
5382,38801.61328866684
5383,38801.6132724866
5384,38801.61328210581
5385,38801.6133202816
5386,38801.61330243925
5387,38801.61327171472
5388,38801.61327961474
5389,38801.613266412016
5390,38594.95220687796
5391,38594.95220687801
5392,38594.952206878
5393,38594.952206878035
5394,38594.952206877984
5395,38594.952206878
5396,38594.95220687801
5397,38594.95220687796
5398,38594.952206877984
5399,38594.9521732552
5400,38594.952171169985
5401,38594.95220297316
5402,38594.95228649448
5403,38594.95217617511
5404,38594.95226661365
5405,38594.952175107486
5406,38594.9522001326
5407,38594.95219871604
5408,38594.95218897633
5409,38594.95221703524
5410,38594.95216333779
5411,38594.95217791428
5412,38594.95217785024
5413,38594.95219534123
5414,38594.952210356234
5415,38594.952189308766
5416,38594.95222194121
5417,38594.95221076897
5418,38594.95218705989
5419,38594.95221076776
5420,38594.95220449087
5421,38594.952196536906
5422,38594.95218276701
5423,38594.952244772
5424,38594.95219644225
5425,38594.95217096715
5426,38594.95219215682
5427,38594.95220133333
5428,38594.95219121892
5429,38594.95216394576
5430,38594.952218729086
5431,38594.95221698753
5432,38594.95220345675
5433,38594.95220918325
5434,38594.95221992517
5435,38594.95219802267
5436,38594.952216110876
5437,38594.95221574037
5438,38594.95221182462
5439,38455.85732817743
5440,38455.857328177415
5441,38455.85732817743
5442,38455.85732817745
5443,38455.857328177444
5444,38455.85732817744
5445,38455.85732817742
5446,38455.85732817745
5447,38455.857328177444
5448,38455.85733177811
5449,38455.85734033977
5450,38455.85732453655
5451,38455.85742443718
5452,38455.85732587575
5453,38455.857315015295
5454,38455.8573508788
5455,38455.85730694988
5456,38455.85734423528
5457,38455.85733733358
5458,38455.857327077596
5459,38455.857298882576
5460,38455.85729088474
5461,38455.85731094206
5462,38455.85729622461
5463,38455.85730992249
5464,38455.857321057316
5465,38455.85735624514
5466,38455.857318906776
5467,38455.857354455155
5468,38455.8573168289
5469,38455.85735102672
5470,38455.85732290881
5471,38455.857346826204
5472,38455.85735746277
5473,38455.85729118726
5474,38455.85733475496
5475,38455.85731101637
5476,38455.857336096335
5477,38455.85731282071
5478,38455.85731194737
5479,38455.85731982982
5480,38455.85736511226
5481,38455.85731919134
5482,38455.85731831714
5483,38455.857355715845
5484,38455.85728155208
5485,38455.857334414184
5486,38455.85729407584
5487,38455.85737531917
5488,38331.3804022585
5489,38331.38040225846
5490,38331.38040225841
5491,38331.380402258415
5492,38331.38040225844
5493,38331.380402258495
5494,38331.38040225845
5495,38331.380402258495
5496,38331.380402258495
5497,38331.38039870852
5498,38331.38040101029
5499,38331.380380917166
5500,38331.38049087764
5501,38331.38041792758
5502,38331.380403970186
5503,38331.38038479889
5504,38331.38037607121
5505,38331.38039332978
5506,38331.38041179936
5507,38331.38040115312
5508,38331.38041039376
5509,38331.380388552905
5510,38331.380388865546
5511,38331.38040352228
5512,38331.38040363078
5513,38331.380397047826
5514,38331.38039883217
5515,38331.38039085169
5516,38331.38040366647
5517,38331.38041520096
5518,38331.38041159475
5519,38331.380418622735
5520,38331.38044760795
5521,38331.38044917166
5522,38331.38040246123
5523,38331.38041133635
5524,38331.38037238362
5525,38331.38041205147
5526,38331.38040352365
5527,38331.38039122518
5528,38331.380399859896
5529,38331.38041020506
5530,38331.38040363565
5531,38331.38040695292
5532,38331.38040698696
5533,38331.38040011181
5534,38331.38040925222
5535,38331.38038048659
5536,38331.38044244739
5537,38170.67332724003
5538,38170.67332724
5539,38170.673327239994
5540,38170.67332723999
5541,38170.67332724009
5542,38170.67332724001
5543,38170.67332724005
5544,38170.67332724001
5545,38170.67332723999
5546,38170.673320222064
5547,38170.67332616024
5548,38170.67328809139
5549,38170.6734161129
5550,38170.67335520239
5551,38170.67333148458
5552,38170.673298805836
5553,38170.67329889719
5554,38170.673305040604
5555,38170.67333570921
5556,38170.673319657435
5557,38170.673353110054
5558,38170.673333995925
5559,38170.67332012595
5560,38170.673356543426
5561,38170.6733489663
5562,38170.673333630344
5563,38170.673316769346
5564,38170.673300025395
5565,38170.67331644533
5566,38170.67335253863
5567,38170.67332280609
5568,38170.67335477128
5569,38170.673382991576
5570,38170.67338501977
5571,38170.67335094713
5572,38170.673340017114
5573,38170.67329869061
5574,38170.67333657925
5575,38170.67333927078
5576,38170.67332840195
5577,38170.67332709368
5578,38170.67331985976
5579,38170.673336233274
5580,38170.67333167428
5581,38170.673314308966
5582,38170.67335387319
5583,38170.67332994455
5584,38170.673320868584
5585,38170.67334765175
5586,37744.56228856749
5587,37744.56228856746
5588,37744.56228856745
5589,37744.56228856751
5590,37744.56228856746
5591,37744.56228856746
5592,37744.56228856749
5593,37744.56228856751
5594,37744.5622885675
5595,37744.56228547586
5596,37744.562300196565
5597,37744.56222022745
5598,37744.56238008036
5599,37744.562344422615
5600,37744.562296843105
5601,37744.56225651491
5602,37744.562263728934
5603,37744.56224908414
5604,37744.56228918563
5605,37744.56226184385
5606,37744.56232517386
5607,37744.562350005006
5608,37744.56229232741
5609,37744.562360950265
5610,37744.56234853492
5611,37744.56232435436
5612,37744.56226499804
5613,37744.56222555885
5614,37744.5622705073
5615,37744.56232966989
5616,37744.56225721601
5617,37744.56233034906
5618,37744.56235123327
5619,37744.56236801578
5620,37744.56233823192
5621,37744.56230036053
5622,37744.562266857814
5623,37744.56229244778
5624,37744.56232777039
5625,37744.56232681471
5626,37744.56228141493
5627,37744.56226696227
5628,37744.56230490365
5629,37744.562280405655
5630,37744.56224862507
5631,37744.562361865996
5632,37744.56227566488
5633,37744.5623153845
5634,37744.56227201665
5635,52050.1453945745
5636,52050.14539457459
5637,52050.14539457459
5638,52050.145394574436
5639,52050.145394574596
5640,52050.14539457453
5641,52050.14539457465
5642,52050.145394574545
5643,52050.14539457459
5644,52050.1454598702
5645,52050.14602433819
5646,52050.145022267876
5647,52050.14584352036
5648,52050.14704759475
5649,52050.144824498646
5650,52050.14590272588
5651,52050.145436949984
5652,52050.14527866085
5653,52050.145502253006
5654,52050.14505380964
5655,52050.14487878555
5656,52050.14606967484
5657,52050.145522616374
5658,52050.146171809
5659,52050.14543908501
5660,52050.14683399414
5661,52050.14424354576
5662,52050.143831431196
5663,52050.14555996445
5664,52050.145546782915
5665,52050.145031116714
5666,52050.14509126557
5667,52050.14497899514
5668,52050.14421073274
5669,52050.14635654569
5670,52050.145775458026
5671,52050.14525603337
5672,52050.1457001953
5673,52050.14546291125
5674,52050.145529528665
5675,52050.14517265877
5676,52050.144969988134
5677,52050.14544039786
5678,52050.14492532023
5679,52050.145556676325
5680,52050.146579928514
5681,52050.1453022925
5682,52050.145419648376
5683,52050.145156947816
5684,37308.93387153145
5685,37308.933871531524
5686,37308.93387153153
5687,37308.93387153141
5688,37308.93387153151
5689,37308.93387153144
5690,37308.933871531466
5691,37308.93387153148
5692,37308.93387153145
5693,37308.933898023744
5694,37308.93391778268
5695,37308.93377051117
5696,37308.93398120474
5697,37308.93400763991
5698,37308.933852502756
5699,37308.9338512089
5700,37308.93382320394
5701,37308.93380883984
5702,37308.933868311644
5703,37308.93381776388
5704,37308.933886009945
5705,37308.93400878471
5706,37308.93387262393
5707,37308.93401053756
5708,37308.93395585883
5709,37308.93398594589
5710,37308.93380690183
5711,37308.933688692654
5712,37308.93385471921
5713,37308.93394537604
5714,37308.93379934354
5715,37308.933905021186
5716,37308.93391520884
5717,37308.93394155726
5718,37308.93398184858
5719,37308.933897606345
5720,37308.933850150526
5721,37308.93387277974
5722,37308.93394342562
5723,37308.933954842054
5724,37308.93383389213
5725,37308.93384475834
5726,37308.93388853952
5727,37308.93383283423
5728,37308.93383105034
5729,37308.9340428307
5730,37308.93383908181
5731,37308.93391502775
5732,37308.93381847657
5733,190410.9582286759
5734,190410.9582286752
5735,190410.95822867542
5736,190410.95822867553
5737,190410.95822867576
5738,190410.95822867544
5739,190410.95822867527
5740,190410.95822867562
5741,190410.95822867594
5742,190410.9573552058
5743,190410.95827292398
5744,190410.95597089044
5745,190410.95939086765
5746,190410.9612713944
5747,190410.95714626255
5748,190410.96459318578
5749,190410.9621761
5750,190410.95881255035
5751,190410.95973641775
5752,190410.95722042606
5753,190410.9572667575
5754,190410.96070662898
5755,190410.96260796938
5756,190410.960123247
5757,190410.95807412296
5758,190410.96077548183
5759,190410.95638023375
5760,190410.9528126943
5761,190410.95995100413
5762,190410.95639349238
5763,190410.95810412918
5764,190410.9578146567
5765,190410.9575478446
5766,190410.95004490594
5767,190410.96165378892
5768,190410.9601542955
5769,190410.9580082406
5770,190410.96016568487
5771,190410.95860714713
5772,190410.95735363904
5773,190410.9584442339
5774,190410.9519157922
5775,190410.95855008552
5776,190410.95717510875
5777,190410.95916159952
5778,190410.9611178749
5779,190410.95783007896
5780,190410.95783397474
5781,190410.95934261655
5782,36964.9569858252
5783,36964.95698582516
5784,36964.95698582518
5785,36964.95698582519
5786,36964.956985825105
5787,36964.95698582513
5788,36964.956985825185
5789,36964.95698582517
5790,36964.95698582519
5791,36964.957060679095
5792,36964.95709961909
5793,36964.9568342685
5794,36964.95712086948
5795,36964.95718806902
5796,36964.956926099294
5797,36964.957087425646
5798,36964.956916458956
5799,36964.956904884515
5800,36964.95699034252
5801,36964.956887085464
5802,36964.956981282114
5803,36964.95726563249
5804,36964.9570113913
5805,36964.95723018899
5806,36964.957086792776
5807,36964.95717307706
5808,36964.95691044066
5809,36964.95654944986
5810,36964.95697235484
5811,36964.957068238255
5812,36964.9568511253
5813,36964.957008945144
5814,36964.95701025493
5815,36964.95692185698
5816,36964.95721477061
5817,36964.957053180864
5818,36964.956994753324
5819,36964.95698112237
5820,36964.957112906
5821,36964.95714481102
5822,36964.95689916766
5823,36964.956932405985
5824,36964.95700205058
5825,36964.95690507057
5826,36964.95693990807
5827,36964.95732121371
5828,36964.95692731348
5829,36964.95703968159
5830,36964.95686708836
5831,36150.8243213842
5832,36150.824321384236
5833,36150.82432138431
5834,36150.8243213842
5835,36150.82432138422
5836,36150.82432138428
5837,36150.82432138422
5838,36150.824321384236
5839,36150.82432138419
5840,36150.82437084788
5841,36150.82432651653
5842,36150.82419476089
5843,36150.824418599135
5844,36150.8242907109
5845,36150.82436283537
5846,36150.824436035335
5847,36150.82429205858
5848,36150.82426288976
5849,36150.82431412973
5850,36150.82423861402
5851,36150.82432892956
5852,36150.824568416705
5853,36150.824391253205
5854,36150.82447528837
5855,36150.824422525984
5856,36150.82434521276
5857,36150.824405265965
5858,36150.824066097375
5859,36150.82428363896
5860,36150.824335479076
5861,36150.824227996076
5862,36150.82437485713
5863,36150.824352498785
5864,36150.82435415919
5865,36150.82442798892
5866,36150.82434156126
5867,36150.82439457741
5868,36150.82427731276
5869,36150.82445450661
5870,36150.82448615791
5871,36150.824266312135
5872,36150.824266316806
5873,36150.824332748525
5874,36150.82426501801
5875,36150.82424010549
5876,36150.824502264666
5877,36150.82426246027
5878,36150.82440343825
5879,36150.82422903165
5880,33531.70796922849
5881,33531.70796922846
5882,33531.70796922852
5883,33531.707969228475
5884,33531.70796922849
5885,33531.707969228475
5886,33531.70796922852
5887,33531.70796922849
5888,33531.707969228475
5889,33531.7080162619
5890,33531.7078209007
5891,33531.70785350122
5892,33531.70811760176
5893,33531.70805702568
5894,33531.7079980248
5895,33531.70788705838
5896,33531.70794979651
5897,33531.70793171062
5898,33531.70794970607
5899,33531.70786888783
5900,33531.70783749153
5901,33531.70821237728
5902,33531.70808118253
5903,33531.70806498657
5904,33531.7080434991
5905,33531.7081216608
5906,33531.707903270486
5907,33531.70797799166
5908,33531.7078942565
5909,33531.707954515616
5910,33531.707907851356
5911,33531.70796869652
5912,33531.70788438831
5913,33531.708157700516
5914,33531.70801305293
5915,33531.70800015718
5916,33531.70799893928
5917,33531.707931572135
5918,33531.708096407536
5919,33531.708131702515
5920,33531.70792838627
5921,33531.70783370333
5922,33531.7079550794
5923,33531.70785148838
5924,33531.70795984711
5925,33531.70807576353
5926,33531.70792832421
5927,33531.70804238901
5928,33531.70804302503
5929,45455.75203666101
5930,45455.752036661026
5931,45455.752036661004
5932,45455.75203666099
5933,45455.75203666093
5934,45455.75203666099
5935,45455.752036661004
5936,45455.75203666093
5937,45455.75203666104
5938,45455.75145532198
5939,45455.75140087885
5940,45455.7517597051
5941,45455.752427989515
5942,45455.75307713778
5943,45455.75221388062
5944,45455.752482789714
5945,45455.75237431302
5946,45455.75210770238
5947,45455.752160144286
5948,45455.75183535328
5949,45455.75119313602
5950,45455.75217123348
5951,45455.75258025066
5952,45455.752216292305
5953,45455.75210603487
5954,45455.753241248174
5955,45455.75094071009
5956,45455.75219855201
5957,45455.752169446154
5958,45455.751736369486
5959,45455.75204651753
5960,45455.75161782111
5961,45455.75119854873
5962,45455.751063868294
5963,45455.75227949449
5964,45455.75212293728
5965,45455.7518662389
5966,45455.75209725958
5967,45455.75205468506
5968,45455.75206055278
5969,45455.751876547714
5970,45455.75132580061
5971,45455.75196072602
5972,45455.751587184444
5973,45455.75218048604
5974,45455.75222098345
5975,45455.75198852129
5976,45455.75227815122
5977,45455.75217675369
5978,32285.08614374953
5979,32285.086143749515
5980,32285.086143749515
5981,32285.086143749573
5982,32285.086143749555
5983,32285.086143749602
5984,32285.086143749573
5985,32285.086143749566
5986,32285.086143749544
5987,32285.086139885527
5988,32285.086003981083
5989,32285.08603212822
5990,32285.086316115572
5991,32285.086302968302
5992,32285.086211702717
5993,32285.08615596944
5994,32285.086129908937
5995,32285.086135595204
5996,32285.086135113
5997,32285.086029952705
5998,32285.08590186056
5999,32285.086357775584
6000,32285.086291117706
6001,32285.086229182318
6002,32285.086241560544
6003,32285.08640297253
6004,32285.08598333243
6005,32285.086161565985
6006,32285.08615266805
6007,32285.086084608523
6008,32285.086094164028
6009,32285.086084753704
6010,32285.08595093139
6011,32285.086216630058
6012,32285.0861777674
6013,32285.086155130393
6014,32285.086166688958
6015,32285.086106542723
6016,32285.086252481935
6017,32285.086272804027
6018,32285.0860634271
6019,32285.085993453078
6020,32285.086110299297
6021,32285.085978530766
6022,32285.08613353744
6023,32285.086220371166
6024,32285.0861029086
6025,32285.086266748796
6026,32285.08620989832
6027,32413.92502948832
6028,32413.92502948837
6029,32413.925029488346
6030,32413.925029488317
6031,32413.925029488375
6032,32413.92502948838
6033,32413.92502948836
6034,32413.925029488328
6035,32413.92502948829
6036,32413.925071856243
6037,32413.925435863974
6038,32413.925199179765
6039,32413.925182667503
6040,32413.92489973682
6041,32413.92443937968
6042,32413.925055100997
6043,32413.9249414117
6044,32413.92520004539
6045,32413.9249305785
6046,32413.92491623157
6047,32413.92476235122
6048,32413.924846085974
6049,32413.925006281395
6050,32413.92484529514
6051,32413.92457564906
6052,32413.925028540405
6053,32413.925316354493
6054,32413.925339624308
6055,32413.925572390923
6056,32413.924883964184
6057,32413.92506278656
6058,32413.925160145827
6059,32413.925019237977
6060,32413.9252249582
6061,32413.92462225178
6062,32413.925321325976
6063,32413.925083451944
6064,32413.92502301271
6065,32413.924969616266
6066,32413.92485521193
6067,32413.925006930313
6068,32413.925218552627
6069,32413.92492204394
6070,32413.924937022657
6071,32413.925538004012
6072,32413.92466187312
6073,32413.925005786754
6074,32413.924620196412
6075,32413.92563424575
6076,30352.96767526395
6077,30352.96767526399
6078,30352.96767526399
6079,30352.967675263953
6080,30352.96767526397
6081,30352.967675264
6082,30352.96767526392
6083,30352.967675263997
6084,30352.967675263946
6085,30352.96769454985
6086,30352.967854705836
6087,30352.967704655206
6088,30352.96782651782
6089,30352.967647470785
6090,30352.96744497841
6091,30352.967740828964
6092,30352.9676345693
6093,30352.96774535302
6094,30352.967615455455
6095,30352.9675690525
6096,30352.967448093612
6097,30352.96772491683
6098,30352.9677261257
6099,30352.967612546832
6100,30352.967510753417
6101,30352.967771226
6102,30352.967755586546
6103,30352.967828850018
6104,30352.967940671224
6105,30352.967576039322
6106,30352.967670453112
6107,30352.967719316905
6108,30352.967588837346
6109,30352.967798858514
6110,30352.96747847944
6111,30352.96780731666
6112,30352.967727942945
6113,30352.9676550432
6114,30352.967698698674
6115,30352.967678492452
6116,30352.96761196301
6117,30352.967731382665
6118,30352.96760608063
6119,30352.967558461463
6120,30352.967909461862
6121,30352.96751095152
6122,30352.96764071676
6123,30352.96754142686
6124,30352.96798736072
6125,28974.577012463335
6126,28974.57701246327
6127,28974.57701246327
6128,28974.57701246337
6129,28974.577012463287
6130,28974.577012463324
6131,28974.577012463335
6132,28974.577012463382
6133,28974.577012463396
6134,28974.57690675533
6135,28974.576825358177
6136,28974.577018782642
6137,28974.57707685069
6138,28974.576883467635
6139,28974.5771016565
6140,28974.576940880346
6141,28974.576987483113
6142,28974.57704097858
6143,28974.57695444344
6144,28974.576965495486
6145,28974.5768512968
6146,28974.577121320344
6147,28974.577057950155
6148,28974.5769993394
6149,28974.577033030448
6150,28974.577010253262
6151,28974.576997855667
6152,28974.577269220143
6153,28974.577049502997
6154,28974.576946842295
6155,28974.576977035864
6156,28974.57705770712
6157,28974.57690435103
6158,28974.577059265408
6159,28974.576928067985
6160,28974.57696403603
6161,28974.577057151462
6162,28974.57694980572
6163,28974.577081574986
6164,28974.57704209491
6165,28974.57699661264
6166,28974.577000452842
6167,28974.57695013292
6168,28974.576969796104
6169,28974.577016854928
6170,28974.57695881052
6171,28974.576991761103
6172,28974.577105377808
6173,28974.57705120507
6174,28096.993218283875
6175,28096.993218283827
6176,28096.993218283827
6177,28096.99321828385
6178,28096.993218283875
6179,28096.993218283835
6180,28096.993218283867
6181,28096.993218283857
6182,28096.99321828387
6183,28096.993166534925
6184,28096.993257903778
6185,28096.99323771534
6186,28096.99320956449
6187,28096.99323537678
6188,28096.993431196108
6189,28096.99320348313
6190,28096.993099091556
6191,28096.993261702402
6192,28096.993155962547
6193,28096.9932033253
6194,28096.993121226
6195,28096.993069773296
6196,28096.993162564828
6197,28096.993294397806
6198,28096.993387071758
6199,28096.99327956725
6200,28096.99325382869
6201,28096.99316630135
6202,28096.99350476109
6203,28096.993220866843
6204,28096.993115057616
6205,28096.993268852766
6206,28096.993125642322
6207,28096.99336904995
6208,28096.993245091588
6209,28096.993006983317
6210,28096.993209069195
6211,28096.99318541561
6212,28096.993216221017
6213,28096.992987126
6214,28096.993149273443
6215,28096.993275966597
6216,28096.993204421764
6217,28096.993218150456
6218,28096.993055401577
6219,28096.993242599732
6220,28096.99319091719
6221,28096.993478069635
6222,28096.992838705355
6223,27497.13789459981
6224,27497.137894599753
6225,27497.137894599753
6226,27497.137894599728
6227,27497.13789459973
6228,27497.13789459974
6229,27497.137894599764
6230,27497.13789459975
6231,27497.137894599768
6232,27497.137887204877
6233,27497.13807108771
6234,27497.137846362635
6235,27497.137934477436
6236,27497.137881186234
6237,27497.137587294204
6238,27497.137751104914
6239,27497.137852517903
6240,27497.137870780214
6241,27497.137855605277
6242,27497.137856174366
6243,27497.13799173062
6244,27497.138102824414
6245,27497.137845844278
6246,27497.138030119128
6247,27497.13773393405
6248,27497.137871799074
6249,27497.13800808556
6250,27497.13783128755
6251,27497.13790625514
6252,27497.137953490535
6253,27497.13776366452
6254,27497.138081941368
6255,27497.138071392706
6256,27497.137899011515
6257,27497.138077442538
6258,27497.13804775415
6259,27497.13795415064
6260,27497.1378533014
6261,27497.137966257345
6262,27497.13795874654
6263,27497.137892868857
6264,27497.137860109608
6265,27497.137886847893
6266,27497.13795716149
6267,27497.138051383383
6268,27497.138101441768
6269,27497.1378665398
6270,27497.13771082575
6271,27497.137979147807
6272,26726.476819834523
6273,26726.47681983447
6274,26726.476819834494
6275,26726.476819834486
6276,26726.476819834472
6277,26726.476819834494
6278,26726.4768198345
6279,26726.476819834505
6280,26726.476819834512
6281,26726.47676966667
6282,26726.476831792614
6283,26726.47679860658
6284,26726.476833079683
6285,26726.47679667895
6286,26726.47674873415
6287,26726.476718853035
6288,26726.47676126723
6289,26726.476820361822
6290,26726.476795978848
6291,26726.476807745414
6292,26726.47685637284
6293,26726.476902495317
6294,26726.47679372152
6295,26726.476906925327
6296,26726.47678674703
6297,26726.476819430787
6298,26726.4768652059
6299,26726.476856274054
6300,26726.476864351418
6301,26726.476837586226
6302,26726.476729244834
6303,26726.476945737173
6304,26726.476889261245
6305,26726.476869068087
6306,26726.476922235437
6307,26726.476827644376
6308,26726.476847527694
6309,26726.476774892973
6310,26726.476863693682
6311,26726.47681698995
6312,26726.476815434533
6313,26726.47681465102
6314,26726.476807542676
6315,26726.476872403146
6316,26726.476841505424
6317,26726.476919567584
6318,26726.47680004676
6319,26726.47681067444
6320,26726.476761883678
6321,26136.120939456152
6322,26136.120939456152
6323,26136.120939456137
6324,26136.120939456152
6325,26136.12093945615
6326,26136.120939456116
6327,26136.120939456112
6328,26136.120939456156
6329,26136.120939456127
6330,26136.120891026712
6331,26136.120906922766
6332,26136.12093952344
6333,26136.120933716404
6334,26136.120887385594
6335,26136.120987325558
6336,26136.120957636067
6337,26136.12088897956
6338,26136.120958764943
6339,26136.12094428735
6340,26136.120948126136
6341,26136.120954666865
6342,26136.120940632405
6343,26136.12093275754
6344,26136.12099109714
6345,26136.120956442497
6346,26136.12093114539
6347,26136.12098177152
6348,26136.12098228063
6349,26136.121031125836
6350,26136.120922761926
6351,26136.120886172128
6352,26136.12103036664
6353,26136.120964610338
6354,26136.120996734146
6355,26136.120983437962
6356,26136.120877857302
6357,26136.120956036542
6358,26136.12089692137
6359,26136.12097417947
6360,26136.120898255656
6361,26136.120928486744
6362,26136.12097091851
6363,26136.120929156146
6364,26136.120993781937
6365,26136.12089853909
6366,26136.12096194038
6367,26136.120920546302
6368,26136.12100548367
6369,26136.120819750522
6370,25224.843122919425
6371,25224.843122919334
6372,25224.843122919352
6373,25224.8431229193
6374,25224.843122919352
6375,25224.84312291933
6376,25224.843122919334
6377,25224.843122919337
6378,25224.843122919337
6379,25224.843102295858
6380,25224.84301375582
6381,25224.84314114499
6382,25224.84313779259
6383,25224.843100918235
6384,25224.843241144838
6385,25224.843193867528
6386,25224.843080765666
6387,25224.843146485597
6388,25224.843179090945
6389,25224.843155783918
6390,25224.84312919396
6391,25224.84303417693
6392,25224.843140748555
6393,25224.84313723962
6394,25224.843146456056
6395,25224.843141834106
6396,25224.843099901624
6397,25224.843227758654
6398,25224.84320136324
6399,25224.843086012173
6400,25224.843123340317
6401,25224.843168056294
6402,25224.84311033501
6403,25224.843215544763
6404,25224.843120057016
6405,25224.843025747552
6406,25224.84308734051
6407,25224.843087656584
6408,25224.843158762655
6409,25224.843081422798
6410,25224.843120371377
6411,25224.84317897116
6412,25224.843119189158
6413,25224.843180832668
6414,25224.843059312192
6415,25224.843086690682
6416,25224.84310966042
6417,25224.843213156084
6418,25224.843024448117
6419,24473.109882674387
6420,24473.109882674366
6421,24473.109882674366
6422,24473.109882674362
6423,24473.109882674373
6424,24473.109882674362
6425,24473.10988267441
6426,24473.109882674413
6427,24473.10988267437
6428,24473.109905359524
6429,24473.109930594088
6430,24473.1099441141
6431,24473.109857135263
6432,24473.10976201646
6433,24473.109936101966
6434,24473.1103062993
6435,24473.109913410994
6436,24473.109940955994
6437,24473.109929748174
6438,24473.109888492116
6439,24473.10981162884
6440,24473.109791749754
6441,24473.109872557998
6442,24473.109837675354
6443,24473.109839565204
6444,24473.109877701605
6445,24473.110010607972
6446,24473.109733251444
6447,24473.110073310767
6448,24473.109806820572
6449,24473.10990843563
6450,24473.109868684358
6451,24473.10981764491
6452,24473.109888507544
6453,24473.109775902918
6454,24473.109847241332
6455,24473.109938855596
6456,24473.109863784426
6457,24473.109889520318
6458,24473.109804935528
6459,24473.109870652246
6460,24473.110000309174
6461,24473.1098479271
6462,24473.109883075147
6463,24473.109866350384
6464,24473.109784413267
6465,24473.109909390623
6466,24473.109916471683
6467,24473.109796321914
6468,23786.02789265749
6469,23786.0278926575
6470,23786.027892657472
6471,23786.027892657483
6472,23786.02789265745
6473,23786.0278926575
6474,23786.02789265749
6475,23786.027892657447
6476,23786.027892657447
6477,23786.027903128273
6478,23786.02782732834
6479,23786.02793868334
6480,23786.02794774467
6481,23786.027856521716
6482,23786.0278824546
6483,23786.02805703735
6484,23786.027902594113
6485,23786.027926381954
6486,23786.02792458964
6487,23786.027889972403
6488,23786.027826898746
6489,23786.027856576755
6490,23786.027870360685
6491,23786.027853274834
6492,23786.0278254773
6493,23786.027932578323
6494,23786.027893243903
6495,23786.027901043468
6496,23786.027920570665
6497,23786.027847288766
6498,23786.027913297574
6499,23786.027850538856
6500,23786.02781423629
6501,23786.02793845179
6502,23786.027818431638
6503,23786.02790431059
6504,23786.02790216723
6505,23786.02786245004
6506,23786.02790119345
6507,23786.027892858066
6508,23786.02790543945
6509,23786.027966075697
6510,23786.027844644737
6511,23786.027876578057
6512,23786.027902594098
6513,23786.027842066957
6514,23786.027907727028
6515,23786.027887301727
6516,23786.027885499818
6517,23336.726388978273
6518,23336.726388978266
6519,23336.7263889783
6520,23336.726388978306
6521,23336.72638897826
6522,23336.726388978306
6523,23336.726388978328
6524,23336.726388978288
6525,23336.726388978306
6526,23336.726412043936
6527,23336.726355298095
6528,23336.726417130398
6529,23336.726436543333
6530,23336.726403692377
6531,23336.726332652226
6532,23336.72644903572
6533,23336.726387233048
6534,23336.726399053277
6535,23336.726404473644
6536,23336.726390256565
6537,23336.726389073807
6538,23336.72641812419
6539,23336.726332782637
6540,23336.726375498314
6541,23336.726327938875
6542,23336.72641797718
6543,23336.726322858132
6544,23336.726395660397
6545,23336.726343545444
6546,23336.72638693193
6547,23336.726384723937
6548,23336.726346045674
6549,23336.72636095338
6550,23336.7264591285
6551,23336.726370875393
6552,23336.726428516664
6553,23336.726364146212
6554,23336.726369037857
6555,23336.72640198404
6556,23336.726415818634
6557,23336.726386721934
6558,23336.726441233626
6559,23336.726339505516
6560,23336.72639230348
6561,23336.726389667594
6562,23336.726412253425
6563,23336.72640281284
6564,23336.726358104665
6565,23336.72638640182
6566,22921.898797427082
6567,22921.89879742709
6568,22921.8987974271
6569,22921.89879742707
6570,22921.898797427064
6571,22921.898797427093
6572,22921.898797427093
6573,22921.898797427115
6574,22921.89879742713
6575,22921.898801537507
6576,22921.898736256277
6577,22921.89879431285
6578,22921.89886124649
6579,22921.898823681146
6580,22921.89866946485
6581,22921.898756521856
6582,22921.898789807965
6583,22921.89881173954
6584,22921.898821509083
6585,22921.898786275757
6586,22921.898820945076
6587,22921.898867724492
6588,22921.898774471734
6589,22921.898801828247
6590,22921.8987256673
6591,22921.898820422346
6592,22921.898720788337
6593,22921.898853846553
6594,22921.898681147573
6595,22921.898790253363
6596,22921.89879182032
6597,22921.898752780944
6598,22921.898800879408
6599,22921.898838058994
6600,22921.898821031285
6601,22921.89888911906
6602,22921.898800692252
6603,22921.89876611823
6604,22921.898802079
6605,22921.898860828525
6606,22921.89880371881
6607,22921.898797502963
6608,22921.898751544104
6609,22921.8987940094
6610,22921.89881874627
6611,22921.898831921088
6612,22921.898807513415
6613,22921.898733654678
6614,22921.898831284136
6615,22197.512096907543
6616,22197.51209690758
6617,22197.512096907554
6618,22197.512096907514
6619,22197.512096907572
6620,22197.512096907547
6621,22197.51209690756
6622,22197.512096907554
6623,22197.512096907547
6624,22197.512134236786
6625,22197.512058300148
6626,22197.512062651145
6627,22197.51216054246
6628,22197.512147401467
6629,22197.512006996418
6630,22197.51201301258
6631,22197.51207573803
6632,22197.512116015147
6633,22197.51211871423
6634,22197.51207279739
6635,22197.51216025461
6636,22197.512123504253
6637,22197.512108114293
6638,22197.51212244897
6639,22197.512066233663
6640,22197.512101409116
6641,22197.512006614426
6642,22197.512145384004
6643,22197.511964108635
6644,22197.512090747212
6645,22197.512082362482
6646,22197.51203985514
6647,22197.51213763051
6648,22197.51219892726
6649,22197.512149055645
6650,22197.51218940756
6651,22197.51207873073
6652,22197.512088236872
6653,22197.512096379076
6654,22197.5121311666
6655,22197.5120736528
6656,22197.512026440087
6657,22197.51205905124
6658,22197.51208061728
6659,22197.51207837511
6660,22197.512164565785
6661,22197.512108728668
6662,22197.51205532726
6663,22197.51211772694
6664,21259.20946771993
6665,21259.20946771988
6666,21259.20946771992
6667,21259.20946771993
6668,21259.209467719935
6669,21259.209467719942
6670,21259.20946771994
6671,21259.209467719913
6672,21259.20946771991
6673,21259.209337618628
6674,21259.20956046361
6675,21259.20941841157
6676,21259.209500982124
6677,21259.20956576444
6678,21259.209386391693
6679,21259.2092699396
6680,21259.20948831341
6681,21259.209416051308
6682,21259.209431544794
6683,21259.209467710465
6684,21259.209614868243
6685,21259.2097645191
6686,21259.20938840372
6687,21259.20953500109
6688,21259.20947693713
6689,21259.20948910563
6690,21259.20924141513
6691,21259.209543515753
6692,21259.20920478295
6693,21259.209550922864
6694,21259.209393884343
6695,21259.209419907602
6696,21259.209546509417
6697,21259.209368600426
6698,21259.209626192354
6699,21259.209604858082
6700,21259.209433241867
6701,21259.20947480205
6702,21259.209523855054
6703,21259.209662901165
6704,21259.209326003293
6705,21259.2094184583
6706,21259.20940626481
6707,21259.209508464737
6708,21259.20946421779
6709,21259.209693719426
6710,21259.209487744833
6711,21259.209429919596
6712,21259.209543468896
6713,19826.486402045342
6714,19826.48640204532
6715,19826.48640204532
6716,19826.486402045284
6717,19826.48640204531
6718,19826.486402045313
6719,19826.48640204533
6720,19826.48640204532
6721,19826.486402045313
6722,19826.486373638636
6723,19826.48649120298
6724,19826.48638909911
6725,19826.48645358721
6726,19826.486345993406
6727,19826.486184000358
6728,19826.48632245779
6729,19826.486413457096
6730,19826.48641344369
6731,19826.486375424356
6732,19826.486392061892
6733,19826.486458086085
6734,19826.486485905218
6735,19826.48639380744
6736,19826.48638872679
6737,19826.486316533894
6738,19826.48631117059
6739,19826.48641737423
6740,19826.48645356591
6741,19826.48629930744
6742,19826.486396045453
6743,19826.48638303798
6744,19826.486384061544
6745,19826.48649721093
6746,19826.48639694282
6747,19826.48639463641
6748,19826.48655687272
6749,19826.486461950157
6750,19826.486420274647
6751,19826.486379899306
6752,19826.486512497686
6753,19826.48635828786
6754,19826.486351959637
6755,19826.48634066985
6756,19826.486420730464
6757,19826.486493365443
6758,19826.486467561594
6759,19826.486412468224
6760,19826.486308251224
6761,19826.486547790242
6762,19574.880106789165
6763,19574.88010678923
6764,19574.88010678923
6765,19574.880106789224
6766,19574.88010678921
6767,19574.880106789205
6768,19574.880106789242
6769,19574.88010678923
6770,19574.880106789227
6771,19574.8799461644
6772,19574.880216991387
6773,19574.880129765537
6774,19574.880112695588
6775,19574.880092551408
6776,19574.880228881477
6777,19574.880259204594
6778,19574.880031481694
6779,19574.880092442978
6780,19574.880080091476
6781,19574.880101610936
6782,19574.880072092696
6783,19574.880068122748
6784,19574.88001295471
6785,19574.880111855997
6786,19574.880188837364
6787,19574.880073507273
6788,19574.88013361335
6789,19574.87990393779
6790,19574.880285493342
6791,19574.880137937584
6792,19574.880066561105
6793,19574.880075167323
6794,19574.880121014347
6795,19574.88016659535
6796,19574.880119886304
6797,19574.880073315995
6798,19574.880128490866
6799,19574.880170963126
6800,19574.880037503764
6801,19574.880037993764
6802,19574.88003831051
6803,19574.88010300316
6804,19574.880076228634
6805,19574.88009427184
6806,19574.880027010182
6807,19574.88019196659
6808,19574.88011111513
6809,19574.880255186534
6810,19574.879972583236
6811,18805.4292546135
6812,18805.42925461351
6813,18805.42925461353
6814,18805.429254613508
6815,18805.429254613497
6816,18805.429254613508
6817,18805.429254613508
6818,18805.429254613486
6819,18805.42925461345
6820,18805.42918260996
6821,18805.42924659742
6822,18805.42926652138
6823,18805.42928822545
6824,18805.42920275796
6825,18805.429238897566
6826,18805.42922685962
6827,18805.42922598914
6828,18805.429262239024
6829,18805.429268587082
6830,18805.429255917254
6831,18805.429225139873
6832,18805.429205790646
6833,18805.429267438696
6834,18805.429231056383
6835,18805.429260029145
6836,18805.42921071172
6837,18805.429287647945
6838,18805.429308380844
6839,18805.42923217174
6840,18805.42924481642
6841,18805.42926803443
6842,18805.42920993028
6843,18805.429267598298
6844,18805.42928792839
6845,18805.429221438422
6846,18805.42928081537
6847,18805.429305207548
6848,18805.42927436591
6849,18805.42919368388
6850,18805.429272368492
6851,18805.429237666318
6852,18805.429219509842
6853,18805.429222731815
6854,18805.429246494255
6855,18805.429241049686
6856,18805.42926343512
6857,18805.429258171138
6858,18805.42930646111
6859,18805.429270563007
6860,18575.430286630562
6861,18575.430286630595
6862,18575.430286630566
6863,18575.430286630566
6864,18575.430286630544
6865,18575.430286630566
6866,18575.430286630577
6867,18575.430286630584
6868,18575.43028663056
6869,18575.43024150407
6870,18575.43026148849
6871,18575.430302938104
6872,18575.430330108225
6873,18575.4302637955
6874,18575.430161303717
6875,18575.430258154873
6876,18575.43026013525
6877,18575.430295696828
6878,18575.430320506784
6879,18575.43028441831
6880,18575.43026170179
6881,18575.430235100986
6882,18575.430307552902
6883,18575.430257525473
6884,18575.430237548066
6885,18575.430251629776
6886,18575.430321342687
6887,18575.43036153632
6888,18575.430300245087
6889,18575.430270004985
6890,18575.430314902544
6891,18575.43026147869
6892,18575.430305632315
6893,18575.430306704384
6894,18575.430243749277
6895,18575.430350645373
6896,18575.430342280386
6897,18575.430306832364
6898,18575.43023355837
6899,18575.43031690471
6900,18575.4303056898
6901,18575.430267227508
6902,18575.430264109404
6903,18575.430286699357
6904,18575.430340818948
6905,18575.430272605117
6906,18575.430286731887
6907,18575.43027436263
6908,18575.430354249722
6909,18271.91896078762
6910,18271.918960787585
6911,18271.91896078759
6912,18271.91896078761
6913,18271.918960787603
6914,18271.91896078759
6915,18271.9189607876
6916,18271.9189607876
6917,18271.918960787614
6918,18271.918965426936
6919,18271.918958526465
6920,18271.918990644088
6921,18271.918975441993
6922,18271.918978928046
6923,18271.91892379849
6924,18271.918876313648
6925,18271.91893989176
6926,18271.918949631898
6927,18271.91902822586
6928,18271.91898347942
6929,18271.91891116117
6930,18271.918911045952
6931,18271.918991658484
6932,18271.918935875223
6933,18271.918937819486
6934,18271.91897001232
6935,18271.918906753417
6936,18271.91907881117
6937,18271.91892981713
6938,18271.91897824618
6939,18271.919010132
6940,18271.91891167784
6941,18271.918920285025
6942,18271.91899219981
6943,18271.91892052379
6944,18271.918946688544
6945,18271.91896606932
6946,18271.91898608616
6947,18271.91892777653
6948,18271.918979225316
6949,18271.91898191208
6950,18271.91895465797
6951,18271.91896208929
6952,18271.918976292494
6953,18271.91899306826
6954,18271.918945507543
6955,18271.9189638068
6956,18271.91898917413
6957,18271.91904231945
6958,17932.903125806977
6959,17932.90312580702
6960,17932.903125807024
6961,17932.90312580704
6962,17932.903125807024
6963,17932.90312580702
6964,17932.903125807006
6965,17932.903125806984
6966,17932.903125806966
6967,17932.903112508753
6968,17932.903037829292
6969,17932.903123561606
6970,17932.903095021175
6971,17932.9031394077
6972,17932.903200706627
6973,17932.903027476594
6974,17932.903124501696
6975,17932.903088228413
6976,17932.903172929604
6977,17932.903167528635
6978,17932.903154358377
6979,17932.90320781216
6980,17932.9031468996
6981,17932.90312167087
6982,17932.90313690289
6983,17932.903127036134
6984,17932.903000299673
6985,17932.903255011763
6986,17932.90304858206
6987,17932.90315009715
6988,17932.90314671469
6989,17932.90311411919
6990,17932.90311921158
6991,17932.903147144687
6992,17932.90314449881
6993,17932.90306118606
6994,17932.903094006375
6995,17932.903125511897
6996,17932.9031242149
6997,17932.903202956768
6998,17932.903146216486
6999,17932.90313026119
7000,17932.903128282105
7001,17932.903189860466
7002,17932.903106587095
7003,17932.90317195045
7004,17932.903128827777
7005,17932.90318398447
7006,17932.903133709624
7007,17698.02263389693
7008,17698.02263389687
7009,17698.02263389687
7010,17698.022633896882
7011,17698.022633896886
7012,17698.022633896897
7013,17698.022633896886
7014,17698.02263389691
7015,17698.022633896904
7016,17698.022654373246
7017,17698.022841878428
7018,17698.02264390478
7019,17698.02264338399
7020,17698.02263039324
7021,17698.022550369806
7022,17698.022852792896
7023,17698.022720052697
7024,17698.02262986645
7025,17698.022640467774
7026,17698.022641333162
7027,17698.022681092345
7028,17698.02279295507
7029,17698.02260568073
7030,17698.022622167675
7031,17698.02255656604
7032,17698.022601667955
7033,17698.022615200414
7034,17698.02244827497
7035,17698.022795043427
7036,17698.022662666062
7037,17698.022619848452
7038,17698.022679119957
7039,17698.022670133003
7040,17698.022594939277
7041,17698.022624156038
7042,17698.02269102147
7043,17698.02266312016
7044,17698.022686219083
7045,17698.02263627313
7046,17698.02266642254
7047,17698.022656837653
7048,17698.0226584692
7049,17698.022628542687
7050,17698.02269270786
7051,17698.022719361532
7052,17698.022687214376
7053,17698.022650067185
7054,17698.022576073767
7055,17698.022756267208
7056,17379.99199228021
7057,17379.99199228022
7058,17379.99199228022
7059,17379.99199228021
7060,17379.99199228022
7061,17379.991992280222
7062,17379.991992280215
7063,17379.991992280233
7064,17379.99199228023
7065,17379.99202135657
7066,17379.992064638238
7067,17379.99199247865
7068,17379.991998456007
7069,17379.991975313435
7070,17379.991965805275
7071,17379.992032195358
7072,17379.992029878675
7073,17379.991996347664
7074,17379.992014262978
7075,17379.992003565083
7076,17379.992016673583
7077,17379.9920623258
7078,17379.992017114422
7079,17379.99198453907
7080,17379.991957326245
7081,17379.991977800255
7082,17379.991973743825
7083,17379.99196667888
7084,17379.99201954682
7085,17379.992003345484
7086,17379.991993039246
7087,17379.992009293404
7088,17379.9920029833
7089,17379.992004120824
7090,17379.991982206906
7091,17379.99200056874
7092,17379.99202363115
7093,17379.99201732354
7094,17379.99197120869
7095,17379.9920048097
7096,17379.992029859568
7097,17379.99198265955
7098,17379.991995899283
7099,17379.992031791102
7100,17379.992022515962
7101,17379.992008275876
7102,17379.992003303254
7103,17379.991989704275
7104,17379.99206180441
7105,17217.553026007197
7106,17217.55302600718
7107,17217.55302600718
7108,17217.55302600719
7109,17217.553026007205
7110,17217.553026007154
7111,17217.553026007197
7112,17217.553026007186
7113,17217.55302600717
7114,17217.5530488369
7115,17217.553041954267
7116,17217.553020782907
7117,17217.55302684154
7118,17217.553016597307
7119,17217.553035084813
7120,17217.553016794507
7121,17217.553046532994
7122,17217.55303493166
7123,17217.55304319928
7124,17217.553033203167
7125,17217.553036707344
7126,17217.5530722935
7127,17217.553063125884
7128,17217.553025239507
7129,17217.553015450845
7130,17217.553038697297
7131,17217.55300588702
7132,17217.553035507226
7133,17217.553012434437
7134,17217.553030299536
7135,17217.553020641117
7136,17217.553033362205
7137,17217.55301348014
7138,17217.553051430466
7139,17217.553022680007
7140,17217.553010629905
7141,17217.55306226839
7142,17217.55304114454
7143,17217.55299556665
7144,17217.553013246994
7145,17217.553069564154
7146,17217.55300073866
7147,17217.5530193069
7148,17217.553048651527
7149,17217.553028569648
7150,17217.553030464172
7151,17217.553035709705
7152,17217.55305164339
7153,17217.55305429256
7154,16997.684575680105
7155,16997.6845756801
7156,16997.684575680094
7157,16997.684575680116
7158,16997.684575680105
7159,16997.684575680098
7160,16997.684575680087
7161,16997.684575680094
7162,16997.684575680098
7163,16997.68458688056
7164,16997.684557458735
7165,16997.684572250775
7166,16997.684564500967
7167,16997.68458451869
7168,16997.68460167051
7169,16997.684541717095
7170,16997.684576842807
7171,16997.684591334768
7172,16997.6845719183
7173,16997.684571672737
7174,16997.68457678184
7175,16997.68460517364
7176,16997.68460333316
7177,16997.6845804751
7178,16997.684586658263
7179,16997.684622917215
7180,16997.68455226573
7181,16997.6845921134
7182,16997.68453852124
7183,16997.684576748925
7184,16997.684552604893
7185,16997.68457849713
7186,16997.684538626607
7187,16997.684605424
7188,16997.68457224957
7189,16997.6845512964
7190,16997.684618640484
7191,16997.684587651795
7192,16997.684539266455
7193,16997.684533985066
7194,16997.68461646321
7195,16997.684541496696
7196,16997.68457455407
7197,16997.68457531765
7198,16997.684556726803
7199,16997.684569241737
7200,16997.684585309464
7201,16997.684618693886
7202,16997.684565611813
7203,16601.40103355265
7204,16601.401033552713
7205,16601.401033552695
7206,16601.401033552705
7207,16601.40103355269
7208,16601.40103355264
7209,16601.401033552676
7210,16601.40103355269
7211,16601.40103355268
7212,16601.40104784133
7213,16601.40101467108
7214,16601.401046230716
7215,16601.40101779246
7216,16601.401048282136
7217,16601.401044585204
7218,16601.400964768178
7219,16601.400995268683
7220,16601.40103782528
7221,16601.401006653967
7222,16601.401015561416
7223,16601.40104680726
7224,16601.401054875496
7225,16601.401021353748
7226,16601.401043095688
7227,16601.40105485227
7228,16601.40108094996
7229,16601.400994890617
7230,16601.40104979457
7231,16601.400977527013
7232,16601.40105287439
7233,16601.40098915687
7234,16601.40105268705
7235,16601.400999589187
7236,16601.40107126094
7237,16601.40103121035
7238,16601.40101054812
7239,16601.401067444585
7240,16601.401050394805
7241,16601.400999417903
7242,16601.400965819328
7243,16601.4010436592
7244,16601.400999790087
7245,16601.4010421616
7246,16601.40102245022
7247,16601.40100635628
7248,16601.401024830815
7249,16601.40104579678
7250,16601.401071399792
7251,16601.401019494784
7252,36815.536925293825
7253,36815.53692529407
7254,36815.53692529407
7255,36815.53692529397
7256,36815.536925294
7257,36815.53692529398
7258,36815.53692529402
7259,36815.53692529392
7260,36815.53692529387
7261,36815.538523455165
7262,36815.53808958627
7263,36815.537271819645
7264,36815.53693944935
7265,36815.537045030054
7266,36815.53714658162
7267,36815.538355038916
7268,36815.53655916956
7269,36815.53728371176
7270,36815.53673111487
7271,36815.53674894872
7272,36815.536416640934
7273,36815.535694737075
7274,36815.53677386779
7275,36815.53689284108
7276,36815.5364709061
7277,36815.53699266939
7278,36815.53726424842
7279,36815.53547091463
7280,36815.53821109009
7281,36815.536857640735
7282,36815.53674516968
7283,36815.53696941057
7284,36815.536512766594
7285,36815.53590453598
7286,36815.53659693141
7287,36815.5367656135
7288,36815.53540568432
7289,36815.53653947978
7290,36815.53704590647
7291,36815.53565225983
7292,36815.5374094177
7293,36815.536556552164
7294,36815.53704962925
7295,36815.53660884101
7296,36815.53747060217
7297,36815.536520355854
7298,36815.537054078384
7299,36815.5367326642
7300,36815.53771670256
7301,15689.350587217123
7302,15689.35058721709
7303,15689.35058721712
7304,15689.350587217103
7305,15689.35058721711
7306,15689.350587217097
7307,15689.350587217108
7308,15689.35058721712
7309,15689.350587217094
7310,15689.350588345776
7311,15689.3505969722
7312,15689.350640561888
7313,15689.350574708622
7314,15689.350553756789
7315,15689.350565756571
7316,15689.350620865633
7317,15689.350495813416
7318,15689.350594419007
7319,15689.350533324028
7320,15689.35054911743
7321,15689.35056711879
7322,15689.350562582697
7323,15689.350509568403
7324,15689.350592493456
7325,15689.350619537823
7326,15689.350599273002
7327,15689.35052340188
7328,15689.350470954541
7329,15689.35061922421
7330,15689.350626956297
7331,15689.35051716624
7332,15689.350619095145
7333,15689.350533234798
7334,15689.350687990083
7335,15689.35055900546
7336,15689.350542999107
7337,15689.350649241427
7338,15689.350608067836
7339,15689.35056080894
7340,15689.350424177688
7341,15689.350500660395
7342,15689.350550591438
7343,15689.350614322728
7344,15689.35054868224
7345,15689.350556252246
7346,15689.350546425168
7347,15689.35060886607
7348,15689.350612451713
7349,15689.35058857851
7350,14298.684939754261
7351,14298.68493975434
7352,14298.684939754308
7353,14298.684939754341
7354,14298.684939754334
7355,14298.68493975428
7356,14298.684939754312
7357,14298.684939754286
7358,14298.684939754308
7359,14298.6849850727
7360,14298.685067362208
7361,14298.685044975084
7362,14298.684924701349
7363,14298.68480471507
7364,14298.684846568034
7365,14298.685055711312
7366,14298.68482144739
7367,14298.684977571076
7368,14298.684850747199
7369,14298.684872141901
7370,14298.684817793004
7371,14298.684826087128
7372,14298.684796590424
7373,14298.684941604064
7374,14298.684955199986
7375,14298.684878118745
7376,14298.684885891123
7377,14298.684629549043
7378,14298.685069436242
7379,14298.684999559076
7380,14298.68483614945
7381,14298.68497831371
7382,14298.684844107844
7383,14298.685133367067
7384,14298.684866570717
7385,14298.684881632691
7386,14298.684975334447
7387,14298.684957931151
7388,14298.684928723647
7389,14298.684613199539
7390,14298.684810438755
7391,14298.684875290051
7392,14298.684992705896
7393,14298.684853910692
7394,14298.684949832463
7395,14298.684863556507
7396,14298.684976178585
7397,14298.684926912441
7398,14298.685021177651
7399,14076.418175308167
7400,14076.418175308117
7401,14076.41817530809
7402,14076.418175308143
7403,14076.418175308167
7404,14076.418175308152
7405,14076.41817530817
7406,14076.418175308178
7407,14076.418175308201
7408,14076.41825719156
7409,14076.418347432897
7410,14076.418292949498
7411,14076.418157859938
7412,14076.418025208677
7413,14076.418070443691
7414,14076.41831303569
7415,14076.418060482896
7416,14076.418227165575
7417,14076.418079241095
7418,14076.418100223775
7419,14076.418023112583
7420,14076.418029070506
7421,14076.418025974508
7422,14076.418174965916
7423,14076.418176699086
7424,14076.418101301064
7425,14076.418142464945
7426,14076.417816906733
7427,14076.418335694061
7428,14076.418234626233
7429,14076.418066457956
7430,14076.418214468766
7431,14076.418066946138
7432,14076.41836207512
7433,14076.41808747164
7434,14076.41811777095
7435,14076.418174876082
7436,14076.418193281446
7437,14076.418167343598
7438,14076.417802821506
7439,14076.418068339644
7440,14076.41809943161
7441,14076.418234296376
7442,14076.418076332053
7443,14076.418205085518
7444,14076.418087982309
7445,14076.418215244792
7446,14076.418151290081
7447,14076.418283721236
7448,13985.657510530918
7449,13985.657510530855
7450,13985.65751053085
7451,13985.657510530871
7452,13985.657510530862
7453,13985.657510530862
7454,13985.657510530895
7455,13985.657510530918
7456,13985.657510530924
7457,13985.657651595233
7458,13985.657739807919
7459,13985.657642021954
7460,13985.657489671006
7461,13985.657358166045
7462,13985.657401349896
7463,13985.65768305694
7464,13985.657400754271
7465,13985.657580336196
7466,13985.657407494748
7467,13985.657427236669
7468,13985.657325928141
7469,13985.657320814576
7470,13985.657358506982
7471,13985.657507074338
7472,13985.657490195152
7473,13985.657430674653
7474,13985.657509898778
7475,13985.657095318122
7476,13985.657714666384
7477,13985.657566341803
7478,13985.657397500572
7479,13985.657549865571
7480,13985.657386845522
7481,13985.657662465215
7482,13985.657405039054
7483,13985.657455404122
7484,13985.657450322746
7485,13985.657528164222
7486,13985.657505664163
7487,13985.657084498127
7488,13985.657443569533
7489,13985.657419702262
7490,13985.65757589112
7491,13985.657396465975
7492,13985.65756654822
7493,13985.657409118023
7494,13985.657554307967
7495,13985.657473620964
7496,13985.65765206785
7497,50703.87077486329
7498,50703.870774863295
7499,50703.870774863295
7500,50703.870774863426
7501,50703.8707748633
7502,50703.87077486335
7503,50703.87077486327
7504,50703.87077486319
7505,50703.87077486328
7506,50703.87290056792
7507,50703.871972106805
7508,50703.87120691833
7509,50703.870943275746
7510,50703.87057395947
7511,50703.87114809617
7512,50703.87305986043
7513,50703.870516954375
7514,50703.87124354461
7515,50703.87059403216
7516,50703.870581921576
7517,50703.87023686008
7518,50703.86927632568
7519,50703.87055900077
7520,50703.87075821452
7521,50703.87023376833
7522,50703.87072462995
7523,50703.870751965456
7524,50703.86866778627
7525,50703.872683237
7526,50703.8707175791
7527,50703.870556252805
7528,50703.870859001785
7529,50703.870280991876
7530,50703.869694834684
7531,50703.87039515976
7532,50703.870288398626
7533,50703.86857950777
7534,50703.86958862164
7535,50703.87124419382
7536,50703.86915078426
7537,50703.870975531085
7538,50703.87043358726
7539,50703.87089173515
7540,50703.87039556193
7541,50703.87157511092
7542,50703.87033496397
7543,50703.87096161332
7544,50703.87058010675
7545,50703.871852184486
7546,13944.333784480757
7547,13944.33378448066
7548,13944.33378448066
7549,13944.333784480701
7550,13944.333784480692
7551,13944.333784480757
7552,13944.333784480756
7553,13944.33378448075
7554,13944.333784480743
7555,13944.33394638095
7556,13944.334028967589
7557,13944.333919650768
7558,13944.33376305281
7559,13944.333636007683
7560,13944.333679927782
7561,13944.333975872854
7562,13944.333679665999
7563,13944.333858871081
7564,13944.333681209531
7565,13944.333699283005
7566,13944.333591058195
7567,13944.333582609872
7568,13944.33363384057
7569,13944.33377940192
7570,13944.33375614557
7571,13944.333705874044
7572,13944.333794125198
7573,13944.333351688858
7574,13944.334007438389
7575,13944.333838231822
7576,13944.333672351413
7577,13944.333823679728
7578,13944.333655727527
7579,13944.333915924331
7580,13944.33367370064
7581,13944.333729534796
7582,13944.333699545728
7583,13944.33380103224
7584,13944.333782878588
7585,13944.333344103206
7586,13944.333733149744
7587,13944.333690339929
7588,13944.333851519592
7589,13944.333666252958
7590,13944.333849460978
7591,13944.333680112622
7592,13944.333829094829
7593,13944.33374433095
7594,13944.333935034187
7595,13798.58409713036
7596,13798.584097130377
7597,13798.584097130377
7598,13798.58409713041
7599,13798.584097130428
7600,13798.58409713037
7601,13798.584097130386
7602,13798.584097130351
7603,13798.584097130348
7604,13798.583927708181
7605,13798.583796700295
7606,13798.5842228632
7607,13798.584042528944
7608,13798.583995062883
7609,13798.584292609028
7610,13798.584984656762
7611,13798.58414542947
7612,13798.584121324675
7613,13798.584121875598
7614,13798.584061653712
7615,13798.583997619424
7616,13798.584069041159
7617,13798.583953075704
7618,13798.584059655952
7619,13798.584120131465
7620,13798.584034246695
7621,13798.583958445963
7622,13798.583506646108
7623,13798.584748414005
7624,13798.584144579087
7625,13798.584095536786
7626,13798.584140624182
7627,13798.584017440859
7628,13798.584030534066
7629,13798.584004808861
7630,13798.583942595285
7631,13798.584113994815
7632,13798.584073233105
7633,13798.584264549181
7634,13798.583849286772
7635,13798.583874260301
7636,13798.584136686963
7637,13798.584131673175
7638,13798.584031886598
7639,13798.584091779416
7640,13798.584055882144
7641,13798.584125327989
7642,13798.584140331819
7643,13798.584066788751
7644,13049.772334711519
7645,13049.772334711497
7646,13049.772334711492
7647,13049.77233471148
7648,13049.772334711477
7649,13049.772334711504
7650,13049.772334711504
7651,13049.77233471151
7652,13049.772334711475
7653,13049.77231805727
7654,13049.772309862423
7655,13049.772456809156
7656,13049.772351194038
7657,13049.772202650647
7658,13049.772375844545
7659,13049.77285664061
7660,13049.772313305206
7661,13049.77237159471
7662,13049.772301391153
7663,13049.772275563631
7664,13049.772191226282
7665,13049.77223350917
7666,13049.772197250119
7667,13049.772311002711
7668,13049.772335691301
7669,13049.772265868061
7670,13049.772267958793
7671,13049.77184765389
7672,13049.772757010822
7673,13049.772381888555
7674,13049.772286025594
7675,13049.772376371093
7676,13049.772231404544
7677,13049.772387771349
7678,13049.772238006766
7679,13049.772230420393
7680,13049.772304442962
7681,13049.772326848935
7682,13049.772416581416
7683,13049.772008239144
7684,13049.772205524621
7685,13049.772317932082
7686,13049.772384109077
7687,13049.77224682602
7688,13049.772362343818
7689,13049.772274048302
7690,13049.772367376683
7691,13049.772338952158
7692,13049.77238063155
7693,12467.414071337187
7694,12467.41407133717
7695,12467.414071337176
7696,12467.414071337162
7697,12467.41407133718
7698,12467.41407133721
7699,12467.414071337147
7700,12467.41407133718
7701,12467.414071337187
7702,12467.414273407623
7703,12467.414141764053
7704,12467.414124307932
7705,12467.414148059735
7706,12467.414051315827
7707,12467.41380459165
7708,12467.413696128559
7709,12467.414023696268
7710,12467.414023888025
7711,12467.414085878985
7712,12467.414001631103
7713,12467.413963142257
7714,12467.413879603218
7715,12467.414133155897
7716,12467.414041238566
7717,12467.413959135924
7718,12467.414010237468
7719,12467.414052358235
7720,12467.414427819216
7721,12467.41386561189
7722,12467.414090250779
7723,12467.41410573771
7724,12467.414118798015
7725,12467.41402535856
7726,12467.414062261945
7727,12467.414018632813
7728,12467.414138917866
7729,12467.41385877097
7730,12467.414054006269
7731,12467.414125755091
7732,12467.414108043615
7733,12467.414139943949
7734,12467.414027478795
7735,12467.414122334632
7736,12467.413994871928
7737,12467.414225997814
7738,12467.41403055984
7739,12467.414076008175
7740,12467.41394673025
7741,12467.414342559345
7742,11625.921378675099
7743,11625.921378675093
7744,11625.921378675115
7745,11625.921378675108
7746,11625.921378675104
7747,11625.92137867511
7748,11625.921378675119
7749,11625.921378675099
7750,11625.921378675093
7751,11625.921390620075
7752,11625.921366685054
7753,11625.92142529583
7754,11625.921411059539
7755,11625.921273783844
7756,11625.921262179785
7757,11625.921204644163
7758,11625.921394074272
7759,11625.921333940782
7760,11625.92138379444
7761,11625.921337134072
7762,11625.921304654035
7763,11625.921353522956
7764,11625.92138888486
7765,11625.921356351731
7766,11625.921366075043
7767,11625.92132189742
7768,11625.921303236395
7769,11625.921541305039
7770,11625.921250117517
7771,11625.92141610547
7772,11625.921389287143
7773,11625.921413224136
7774,11625.921326676806
7775,11625.921458119665
7776,11625.921345567858
7777,11625.921380667265
7778,11625.921318216937
7779,11625.921365428834
7780,11625.921423776617
7781,11625.921359947939
7782,11625.921318562063
7783,11625.921371724608
7784,11625.921428344212
7785,11625.921330289071
7786,11625.921432073766
7787,11625.921370403341
7788,11625.921392569016
7789,11625.921336002375
7790,11625.921491478863
7791,11233.977937497235
7792,11233.977937497211
7793,11233.977937497195
7794,11233.977937497235
7795,11233.977937497242
7796,11233.97793749724
7797,11233.977937497235
7798,11233.977937497213
7799,11233.977937497217
7800,11233.977904860212
7801,11233.977927331802
7802,11233.977989577888
7803,11233.977941542338
7804,11233.97783921882
7805,11233.977981074373
7806,11233.978094365342
7807,11233.978010815788
7808,11233.977922639326
7809,11233.977933688746
7810,11233.977914217012
7811,11233.97788229379
7812,11233.977974775162
7813,11233.977924685978
7814,11233.97791017142
7815,11233.977958200641
7816,11233.977925458412
7817,11233.97791256825
7818,11233.97784423381
7819,11233.978007556407
7820,11233.977966222972
7821,11233.977938733588
7822,11233.977958809837
7823,11233.977874187087
7824,11233.977907519107
7825,11233.977892234469
7826,11233.977905569007
7827,11233.977900211472
7828,11233.977927812683
7829,11233.977968562227
7830,11233.977821343102
7831,11233.977856292218
7832,11233.977944798244
7833,11233.977990640915
7834,11233.977899556705
7835,11233.97794585815
7836,11233.977933834587
7837,11233.977958602653
7838,11233.977949641265
7839,11233.977955815199
7840,10967.684014903632
7841,10967.684014903616
7842,10967.684014903616
7843,10967.684014903609
7844,10967.68401490361
7845,10967.684014903634
7846,10967.684014903638
7847,10967.68401490364
7848,10967.684014903656
7849,10967.683958231442
7850,10967.683990039532
7851,10967.684053784962
7852,10967.684017628648
7853,10967.683918567353
7854,10967.684054016054
7855,10967.684135453823
7856,10967.684090294728
7857,10967.683999894156
7858,10967.684011635858
7859,10967.684001533633
7860,10967.683991426504
7861,10967.68407554761
7862,10967.684019908065
7863,10967.683987459488
7864,10967.6840497569
7865,10967.684014028704
7866,10967.684005658548
7867,10967.683958961687
7868,10967.684046979251
7869,10967.684036095605
7870,10967.684019564627
7871,10967.684036276778
7872,10967.683969752006
7873,10967.683986421513
7874,10967.683977098606
7875,10967.683993305636
7876,10967.684020005596
7877,10967.684003930372
7878,10967.684024272876
7879,10967.683926093283
7880,10967.683930008463
7881,10967.684025971037
7882,10967.684066620846
7883,10967.683993795936
7884,10967.684005390129
7885,10967.684011736033
7886,10967.68403230836
7887,10967.684035291008
7888,10967.68401267975
7889,10403.98007084332
7890,10403.980070843312
7891,10403.98007084332
7892,10403.980070843318
7893,10403.980070843318
7894,10403.980070843327
7895,10403.980070843305
7896,10403.980070843316
7897,10403.98007084332
7898,10403.980024910963
7899,10403.980007899776
7900,10403.980090507284
7901,10403.980066175714
7902,10403.980052035819
7903,10403.980086226467
7904,10403.980159646435
7905,10403.980073417213
7906,10403.980044609068
7907,10403.980070758716
7908,10403.98007793544
7909,10403.98013720481
7910,10403.980095511239
7911,10403.9800862279
7912,10403.980051829118
7913,10403.980118497317
7914,10403.98009952986
7915,10403.980055457449
7916,10403.980061217786
7917,10403.980092541151
7918,10403.98008575768
7919,10403.980076195654
7920,10403.98010118839
7921,10403.980078468396
7922,10403.980029833958
7923,10403.980057259027
7924,10403.980069049361
7925,10403.980122438808
7926,10403.980049591048
7927,10403.980069340794
7928,10403.980045981541
7929,10403.979956450048
7930,10403.980070794503
7931,10403.980110710387
7932,10403.980091065685
7933,10403.980039387163
7934,10403.980066794431
7935,10403.98007764385
7936,10403.980089307248
7937,10403.980067517794
7938,9935.613341885886
7939,9935.613341885879
7940,9935.613341885886
7941,9935.613341885864
7942,9935.61334188587
7943,9935.613341885872
7944,9935.613341885875
7945,9935.613341885875
7946,9935.613341885872
7947,9935.613318700887
7948,9935.61334672577
7949,9935.613346074999
7950,9935.613351353217
7951,9935.61331088949
7952,9935.613320542136
7953,9935.6133050792
7954,9935.613377152695
7955,9935.613315080722
7956,9935.613335672788
7957,9935.613354065446
7958,9935.613384464266
7959,9935.613404758937
7960,9935.613383113181
7961,9935.613328171208
7962,9935.61338054993
7963,9935.613383401589
7964,9935.613357021211
7965,9935.613399232594
7966,9935.613285675543
7967,9935.613347483293
7968,9935.613343392304
7969,9935.613360756757
7970,9935.613335948223
7971,9935.613344593748
7972,9935.613335306289
7973,9935.613361841977
7974,9935.613379791166
7975,9935.61333497379
7976,9935.61331565842
7977,9935.613324903088
7978,9935.61331225946
7979,9935.613346907832
7980,9935.613379836477
7981,9935.613366499962
7982,9935.613325062364
7983,9935.613351890506
7984,9935.613343025934
7985,9935.613351168677
7986,9935.613327758761
7987,9662.88729628329
7988,9662.887296283307
7989,9662.887296283321
7990,9662.887296283287
7991,9662.887296283297
7992,9662.887296283297
7993,9662.887296283297
7994,9662.887296283297
7995,9662.887296283297
7996,9662.887280544533
7997,9662.887278384886
7998,9662.887301182196
7999,9662.887309197462
8000,9662.887312869674
8001,9662.887287065383
8002,9662.887334457755
8003,9662.88728026259
8004,9662.88727739316
8005,9662.887292360185
8006,9662.88730832998
8007,9662.887314722679
8008,9662.887291748884
8009,9662.887321783495
8010,9662.887287247902
8011,9662.887312960824
8012,9662.887345026083
8013,9662.887324433423
8014,9662.887291169
8015,9662.887325009086
8016,9662.887296954887
8017,9662.887295400442
8018,9662.88729861742
8019,9662.887281076424
8020,9662.887284673961
8021,9662.887290610377
8022,9662.887313043388
8023,9662.88732273242
8024,9662.887300082843
8025,9662.887272680873
8026,9662.88727649278
8027,9662.88730084494
8028,9662.887296536366
8029,9662.8873238194
8030,9662.887311113582
8031,9662.887293132697
8032,9662.887300414266
8033,9662.887291168141
8034,9662.887294603664
8035,9662.887289676413
8036,9568.873800408584
8037,9568.873800408588
8038,9568.873800408583
8039,9568.873800408577
8040,9568.873800408574
8041,9568.873800408588
8042,9568.873800408579
8043,9568.873800408595
8044,9568.873800408595
8045,9568.873814260494
8046,9568.873796611117
8047,9568.873808519138
8048,9568.873803132074
8049,9568.873832908428
8050,9568.87382081469
8051,9568.873736521417
8052,9568.873781854156
8053,9568.8737580173
8054,9568.873791631486
8055,9568.873818760236
8056,9568.873825386838
8057,9568.873841771903
8058,9568.873787922015
8059,9568.873807435073
8060,9568.87382300487
8061,9568.873840601438
8062,9568.873776205079
8063,9568.873839836633
8064,9568.873753093718
8065,9568.873830246224
8066,9568.873785403195
8067,9568.87379702834
8068,9568.873782401293
8069,9568.8738127104
8070,9568.873825312283
8071,9568.873798234348
8072,9568.87375249832
8073,9568.873811088632
8074,9568.873797724702
8075,9568.87380097824
8076,9568.87379608553
8077,9568.873794740213
8078,9568.873823682019
8079,9568.873823522283
8080,9568.873793615212
8081,9568.873842480261
8082,9568.873805885823
8083,9568.873803770372
8084,9568.873775342692
8085,9512.37292697256
8086,9512.372926972555
8087,9512.372926972546
8088,9512.372926972554
8089,9512.372926972543
8090,9512.372926972545
8091,9512.372926972546
8092,9512.372926972552
8093,9512.372926972543
8094,9512.37295796871
8095,9512.372928478506
8096,9512.372937252308
8097,9512.37292785022
8098,9512.372926340866
8099,9512.372914245178
8100,9512.372920977461
8101,9512.372926663329
8102,9512.37292845407
8103,9512.372922411942
8104,9512.372942356622
8105,9512.372930969508
8106,9512.372908897207
8107,9512.372947153604
8108,9512.372917825409
8109,9512.37290724915
8110,9512.372919491783
8111,9512.372951557618
8112,9512.372936988324
8113,9512.372940118743
8114,9512.37293316989
8115,9512.3729259917
8116,9512.372928486351
8117,9512.372930386757
8118,9512.372931361073
8119,9512.372912747944
8120,9512.372930422347
8121,9512.372900592532
8122,9512.372950342553
8123,9512.372914937067
8124,9512.372927354962
8125,9512.372975061553
8126,9512.372927472392
8127,9512.372952232074
8128,9512.37294612815
8129,9512.372941806829
8130,9512.372917772169
8131,9512.372931167578
8132,9512.372901607041
8133,9512.372955389832
8134,9483.685958430808
8135,9483.6859584308
8136,9483.685958430797
8137,9483.685958430797
8138,9483.685958430797
8139,9483.6859584308
8140,9483.6859584308
8141,9483.6859584308
8142,9483.685958430804
8143,9483.685979945685
8144,9483.685947859016
8145,9483.685969408545
8146,9483.685956812269
8147,9483.6859518637
8148,9483.685952234488
8149,9483.685950876781
8150,9483.685963383801
8151,9483.685958382192
8152,9483.685954827693
8153,9483.685974349493
8154,9483.685967394267
8155,9483.685952203768
8156,9483.685974848519
8157,9483.68594920599
8158,9483.685944478131
8159,9483.68594683318
8160,9483.68597133505
8161,9483.6859728397
8162,9483.685964935376
8163,9483.685967451167
8164,9483.68595794876
8165,9483.685961343654
8166,9483.685964720658
8167,9483.685968332253
8168,9483.685946547941
8169,9483.685958138416
8170,9483.685935996196
8171,9483.685979356123
8172,9483.685951902258
8173,9483.685966211233
8174,9483.685991401879
8175,9483.685960886964
8176,9483.685984215357
8177,9483.685978581316
8178,9483.685967576897
8179,9483.685951183012
8180,9483.685961648076
8181,9483.685937211167
8182,9483.685982047722
8183,9415.402029064606
8184,9415.402029064617
8185,9415.402029064608
8186,9415.40202906462
8187,9415.402029064617
8188,9415.402029064615
8189,9415.402029064611
8190,9415.402029064613
8191,9415.40202906461
8192,9415.402031813936
8193,9415.40202492746
8194,9415.402043071092
8195,9415.402031329713
8196,9415.402009711013
8197,9415.402050823111
8198,9415.402057089133
8199,9415.402030728374
8200,9415.402031912832
8201,9415.402024702455
8202,9415.402041925025
8203,9415.402029911702
8204,9415.402029882056
8205,9415.402022162447
8206,9415.402023866953
8207,9415.402027382834
8208,9415.402010500342
8209,9415.402019969748
8210,9415.401994609732
8211,9415.40203893402
8212,9415.402047883095
8213,9415.40202204351
8214,9415.402026198748
8215,9415.402027078746
8216,9415.402048772467
8217,9415.402024780378
8218,9415.402019547282
8219,9415.402017783788
8220,9415.4020432908
8221,9415.402037631837
8222,9415.402027887565
8223,9415.402016309234
8224,9415.402037061123
8225,9415.402053871017
8226,9415.402038056483
8227,9415.402026433214
8228,9415.4020257647
8229,9415.402026342337
8230,9415.402019073388
8231,9415.40204161309
8232,9382.14782117405
8233,9382.147821174054
8234,9382.147821174058
8235,9382.147821174043
8236,9382.147821174043
8237,9382.147821174052
8238,9382.147821174045
8239,9382.147821174047
8240,9382.14782117405
8241,9382.147807096333
8242,9382.147788896635
8243,9382.14783162855
8244,9382.14780929392
8245,9382.147816356628
8246,9382.147842243707
8247,9382.147826281618
8248,9382.147823955109
8249,9382.147822079934
8250,9382.147823345873
8251,9382.147825879556
8252,9382.147804827297
8253,9382.147821417057
8254,9382.14782306584
8255,9382.147816278653
8256,9382.147826228125
8257,9382.14782015375
8258,9382.147811081635
8259,9382.147826016078
8260,9382.147819835278
8261,9382.147835881955
8262,9382.147821972747
8263,9382.147807542711
8264,9382.147800488377
8265,9382.14782252279
8266,9382.14781987517
8267,9382.147815411618
8268,9382.147814288772
8269,9382.147831162501
8270,9382.147830863534
8271,9382.14783001849
8272,9382.147815344051
8273,9382.147829200392
8274,9382.147843778686
8275,9382.147811541507
8276,9382.147818045132
8277,9382.147814868093
8278,9382.147821534172
8279,9382.14781929157
8280,9382.147820775888
8281,9345.341097048127
8282,9345.341097048118
8283,9345.341097048125
8284,9345.341097048122
8285,9345.341097048118
8286,9345.341097048129
8287,9345.341097048122
8288,9345.341097048125
8289,9345.341097048125
8290,9345.341083294377
8291,9345.341080988333
8292,9345.341104799829
8293,9345.341086857716
8294,9345.34109113916
8295,9345.341112149204
8296,9345.34110488592
8297,9345.341091503902
8298,9345.341099082361
8299,9345.341098817016
8300,9345.341103910647
8301,9345.341086521586
8302,9345.341097143062
8303,9345.341095198975
8304,9345.34109440574
8305,9345.341103972754
8306,9345.341095619027
8307,9345.341088731853
8308,9345.341089115867
8309,9345.341093640607
8310,9345.341112341725
8311,9345.341095342354
8312,9345.34108506466
8313,9345.341081620882
8314,9345.341096157537
8315,9345.341099451025
8316,9345.341094481855
8317,9345.341106083417
8318,9345.341100926535
8319,9345.341108578228
8320,9345.341107008417
8321,9345.341080876044
8322,9345.34110746716
8323,9345.341117212716
8324,9345.341092457335
8325,9345.34109161628
8326,9345.341091490716
8327,9345.341097072986
8328,9345.341096106575
8329,9345.341094749312
8330,9317.047381537148
8331,9317.047381537135
8332,9317.04738153715
8333,9317.047381537153
8334,9317.047381537152
8335,9317.047381537153
8336,9317.047381537153
8337,9317.047381537153
8338,9317.047381537148
8339,9317.04741418282
8340,9317.047410311745
8341,9317.047382775354
8342,9317.04739855931
8343,9317.04738224187
8344,9317.047348506168
8345,9317.047302590408
8346,9317.047379279054
8347,9317.047383514982
8348,9317.04738243458
8349,9317.047382839435
8350,9317.04738056831
8351,9317.047377806395
8352,9317.047401271297
8353,9317.047382677776
8354,9317.047380484857
8355,9317.047378833804
8356,9317.047376312546
8357,9317.047441571114
8358,9317.047331059297
8359,9317.047393063975
8360,9317.047380131262
8361,9317.047379980577
8362,9317.047376827295
8363,9317.047378714009
8364,9317.047385216685
8365,9317.047394614807
8366,9317.047378134166
8367,9317.047382401583
8368,9317.047390880381
8369,9317.047392989349
8370,9317.04738369321
8371,9317.047378205401
8372,9317.047400802345
8373,9317.047380002967
8374,9317.047384853438
8375,9317.04737105424
8376,9317.047383166706
8377,9317.047367995187
8378,9317.047399000041
8379,9292.182827673356
8380,9292.182827673369
8381,9292.182827673365
8382,9292.182827673374
8383,9292.182827673376
8384,9292.18282767336
8385,9292.182827673369
8386,9292.182827673356
8387,9292.182827673369
8388,9292.182843443514
8389,9292.182848983277
8390,9292.182828268235
8391,9292.182840302077
8392,9292.182833849969
8393,9292.182821935821
8394,9292.182810329668
8395,9292.182816231747
8396,9292.182829135787
8397,9292.182829357977
8398,9292.182832667182
8399,9292.182831039456
8400,9292.182818850535
8401,9292.182842153947
8402,9292.182828587565
8403,9292.182830809697
8404,9292.182831248218
8405,9292.182828384413
8406,9292.182839694831
8407,9292.18281713668
8408,9292.182835852951
8409,9292.182825335642
8410,9292.18282462868
8411,9292.182823144503
8412,9292.182814507887
8413,9292.182832741613
8414,9292.182835727801
8415,9292.182830271655
8416,9292.182828803847
8417,9292.182834787898
8418,9292.1828290458
8419,9292.182828608526
8420,9292.18282694853
8421,9292.182844680763
8422,9292.18283008619
8423,9292.182825264592
8424,9292.18282147963
8425,9292.182830450894
8426,9292.182822058407
8427,9292.18282888009
8428,9278.134244416573
8429,9278.134244416555
8430,9278.134244416546
8431,9278.134244416557
8432,9278.134244416546
8433,9278.134244416564
8434,9278.134244416562
8435,9278.13424441655
8436,9278.134244416562
8437,9278.134251430743
8438,9278.134258950668
8439,9278.1342440046
8440,9278.13425441598
8441,9278.13424680657
8442,9278.134247111255
8443,9278.134249225974
8444,9278.134234066667
8445,9278.134247028796
8446,9278.134246595904
8447,9278.13425015885
8448,9278.134251719512
8449,9278.134235436875
8450,9278.134261577316
8451,9278.134244299981
8452,9278.134249192583
8453,9278.134245446588
8454,9278.134246733978
8455,9278.134242868555
8456,9278.134250067902
8457,9278.134249054885
8458,9278.134242679733
8459,9278.134243922092
8460,9278.134244318264
8461,9278.134232389963
8462,9278.134248391749
8463,9278.134249885676
8464,9278.134251357542
8465,9278.134246540045
8466,9278.134250918092
8467,9278.134242636392
8468,9278.134247124783
8469,9278.13424317348
8470,9278.134261065505
8471,9278.134249501987
8472,9278.134238727735
8473,9278.134238036428
8474,9278.134247822403
8475,9278.134241233034
8476,9278.134239246046
8477,9252.903219195514
8478,9252.903219195507
8479,9252.90321919552
8480,9252.90321919551
8481,9252.903219195514
8482,9252.903219195518
8483,9252.903219195516
8484,9252.903219195518
8485,9252.903219195514
8486,9252.903212908415
8487,9252.90322268465
8488,9252.90321700131
8489,9252.903227600718
8490,9252.903213177724
8491,9252.903231336779
8492,9252.903242634377
8493,9252.903215528162
8494,9252.90322128882
8495,9252.903221016224
8496,9252.903222436604
8497,9252.903230155001
8498,9252.90321606965
8499,9252.903239793974
8500,9252.903218650648
8501,9252.903227037928
8502,9252.903213383335
8503,9252.903218791525
8504,9252.903208028554
8505,9252.903240382158
8506,9252.90321974321
8507,9252.903217215457
8508,9252.903224319012
8509,9252.90322553402
8510,9252.90321591891
8511,9252.903223331801
8512,9252.903221775254
8513,9252.903228151636
8514,9252.903223853607
8515,9252.903227777773
8516,9252.903213694697
8517,9252.903224523563
8518,9252.903213711234
8519,9252.903236354345
8520,9252.903224761234
8521,9252.903209175442
8522,9252.903215442757
8523,9252.90322306478
8524,9252.90321808094
8525,9252.90320547232
8526,9225.781906826873
8527,9225.781906826878
8528,9225.78190682689
8529,9225.781906826882
8530,9225.781906826887
8531,9225.781906826882
8532,9225.78190682687
8533,9225.781906826875
8534,9225.781906826876
8535,9225.781898235742
8536,9225.781907858764
8537,9225.781905179163
8538,9225.781919023393
8539,9225.781906126951
8540,9225.781920840247
8541,9225.78194236402
8542,9225.781901521425
8543,9225.78190601385
8544,9225.781905760556
8545,9225.781903802093
8546,9225.781913900659
8547,9225.781900506521
8548,9225.781920362067
8549,9225.7819069822
8550,9225.781910596537
8551,9225.78189860866
8552,9225.781905377446
8553,9225.781885310085
8554,9225.781939299786
8555,9225.781907322225
8556,9225.781902621027
8557,9225.78191494252
8558,9225.781913764611
8559,9225.781902388313
8560,9225.781911884098
8561,9225.781913117633
8562,9225.781911238737
8563,9225.781912293014
8564,9225.781918986668
8565,9225.781901022816
8566,9225.78191176888
8567,9225.78189781757
8568,9225.781925444246
8569,9225.781906381395
8570,9225.781900192907
8571,9225.781907286475
8572,9225.781910038988
8573,9225.781900828417
8574,9225.781899003534
8575,9207.169399317705
8576,9207.169399317725
8577,9207.169399317725
8578,9207.169399317729
8579,9207.169399317712
8580,9207.169399317703
8581,9207.169399317709
8582,9207.169399317705
8583,9207.169399317709
8584,9207.16936421991
8585,9207.169389227869
8586,9207.169397298227
8587,9207.169408583854
8588,9207.169356854112
8589,9207.169406138244
8590,9207.169361259508
8591,9207.16942262971
8592,9207.169393598371
8593,9207.169384680103
8594,9207.169394091014
8595,9207.169393705453
8596,9207.169443821207
8597,9207.1693982292
8598,9207.16939985175
8599,9207.169412602554
8600,9207.169373696785
8601,9207.169397992111
8602,9207.169405540166
8603,9207.16937326153
8604,9207.169403959762
8605,9207.169385512618
8606,9207.169409844268
8607,9207.169404472304
8608,9207.169453916089
8609,9207.169406228802
8610,9207.169394776807
8611,9207.169412179806
8612,9207.169409183078
8613,9207.169399377854
8614,9207.169396817048
8615,9207.16941390451
8616,9207.169393612048
8617,9207.169423600848
8618,9207.169398308924
8619,9207.169385698671
8620,9207.16941140747
8621,9207.169401482677
8622,9207.169401310002
8623,9207.169364017138
8624,9178.406182827252
8625,9178.406182827253
8626,9178.40618282724
8627,9178.406182827255
8628,9178.406182827253
8629,9178.406182827246
8630,9178.406182827252
8631,9178.406182827259
8632,9178.406182827257
8633,9178.406180893415
8634,9178.406186594928
8635,9178.40618426672
8636,9178.406198806299
8637,9178.406168429796
8638,9178.406177657265
8639,9178.406201402286
8640,9178.406188577654
8641,9178.406197228463
8642,9178.406171503713
8643,9178.406170610417
8644,9178.406171832283
8645,9178.40615607463
8646,9178.406195323625
8647,9178.406174715978
8648,9178.40616926729
8649,9178.406157092513
8650,9178.40620393643
8651,9178.406170050066
8652,9178.406208602886
8653,9178.406173894038
8654,9178.4061805901
8655,9178.406195704774
8656,9178.406191948287
8657,9178.406185907725
8658,9178.40616774896
8659,9178.406190926615
8660,9178.406191503615
8661,9178.40618713068
8662,9178.406179708905
8663,9178.406172631656
8664,9178.406202996239
8665,9178.406176447807
8666,9178.406208827568
8667,9178.406172169949
8668,9178.406185341839
8669,9178.406165043367
8670,9178.406183730915
8671,9178.406167365367
8672,9178.406198708852
8673,9164.759677025711
8674,9164.759677025711
8675,9164.759677025711
8676,9164.759677025715
8677,9164.759677025722
8678,9164.75967702571
8679,9164.759677025711
8680,9164.759677025706
8681,9164.7596770257
8682,9164.759675218658
8683,9164.75966895664
8684,9164.759679431856
8685,9164.759692223271
8686,9164.759689495715
8687,9164.759685180567
8688,9164.759666898306
8689,9164.75967249017
8690,9164.759671856913
8691,9164.759666789998
8692,9164.759669523086
8693,9164.75967683733
8694,9164.75967336817
8695,9164.75967376376
8696,9164.759674870165
8697,9164.759677076012
8698,9164.759674418103
8699,9164.759676594662
8700,9164.75968726674
8701,9164.759676789514
8702,9164.759680320232
8703,9164.759671495447
8704,9164.759683297554
8705,9164.759676208878
8706,9164.759671490445
8707,9164.759677981305
8708,9164.759681173115
8709,9164.759670342664
8710,9164.759677780035
8711,9164.759679459381
8712,9164.759682484651
8713,9164.759677829163
8714,9164.759670971844
8715,9164.759700623052
8716,9164.759669955762
8717,9164.759673625078
8718,9164.759677457803
8719,9164.75967971317
8720,9164.759672275517
8721,9164.759675030717
8722,9158.693231095756
8723,9158.693231095764
8724,9158.693231095764
8725,9158.693231095767
8726,9158.693231095742
8727,9158.69323109575
8728,9158.69323109575
8729,9158.69323109575
8730,9158.69323109575
8731,9158.693229655393
8732,9158.693227318103
8733,9158.693234252782
8734,9158.693244353883
8735,9158.693239373428
8736,9158.693239446133
8737,9158.693219828509
8738,9158.693229192535
8739,9158.693227329097
8740,9158.693219295386
8741,9158.693225373565
8742,9158.693229947221
8743,9158.693230482362
8744,9158.693225545294
8745,9158.693227958685
8746,9158.693230525063
8747,9158.693227495089
8748,9158.693234560886
8749,9158.693236844172
8750,9158.693226950434
8751,9158.693234529688
8752,9158.693224814571
8753,9158.69323710988
8754,9158.693229871902
8755,9158.693228727518
8756,9158.693230440002
8757,9158.693233640506
8758,9158.693226625106
8759,9158.693231615403
8760,9158.693229510325
8761,9158.693234800428
8762,9158.693232492498
8763,9158.693228260761
8764,9158.69325529783
8765,9158.693226079402
8766,9158.693227752849
8767,9158.693230785317
8768,9158.693233265662
8769,9158.693227159974
8770,9158.693228712495
8771,9142.192091781777
8772,9142.192091781775
8773,9142.192091781775
8774,9142.192091781779
8775,9142.192091781788
8776,9142.19209178179
8777,9142.192091781792
8778,9142.1920917818
8779,9142.192091781782
8780,9142.192088390932
8781,9142.192087935066
8782,9142.19209556661
8783,9142.192100192095
8784,9142.192098532978
8785,9142.19209893102
8786,9142.192080712348
8787,9142.192091468336
8788,9142.192089042863
8789,9142.192080124229
8790,9142.192089653936
8791,9142.192094715963
8792,9142.192095079574
8793,9142.192081746705
8794,9142.19208732612
8795,9142.192094279844
8796,9142.192090061157
8797,9142.192095460936
8798,9142.192093140633
8799,9142.192082921103
8800,9142.192095441762
8801,9142.192086047957
8802,9142.192098698533
8803,9142.192091991654
8804,9142.192093802443
8805,9142.192090439765
8806,9142.192089301137
8807,9142.192095604809
8808,9142.192088256752
8809,9142.192085557486
8810,9142.192095638376
8811,9142.192083978844
8812,9142.192093085767
8813,9142.192115843382
8814,9142.192092127249
8815,9142.192085327122
8816,9142.192089459266
8817,9142.192092894353
8818,9142.19209205242
8819,9142.19208779682
8820,9168.140115350894
8821,9168.1401153509
8822,9168.140115350894
8823,9168.140115350883
8824,9168.14011535089
8825,9168.140115350896
8826,9168.140115350896
8827,9168.140115350905
8828,9168.14011535089
8829,9168.140115481572
8830,9168.14013591585
8831,9168.14011651417
8832,9168.14013393999
8833,9168.140107711799
8834,9168.140107069341
8835,9168.140127956243
8836,9168.140150658051
8837,9168.140133496605
8838,9168.1401177238
8839,9168.140113524685
8840,9168.140067619694
8841,9168.14010389403
8842,9168.140136163594
8843,9168.140103287613
8844,9168.140090037752
8845,9168.140116686245
8846,9168.14016570769
8847,9168.140100388422
8848,9168.140128290828
8849,9168.140101248338
8850,9168.140124942722
8851,9168.14010580831
8852,9168.140087579328
8853,9168.140103388807
8854,9168.140097659882
8855,9168.140125365351
8856,9168.14012027492
8857,9168.14012663674
8858,9168.14009021709
8859,9168.14009632102
8860,9168.140175219858
8861,9168.140129266869
8862,9168.140136071175
8863,9168.140103398917
8864,9168.140138134853
8865,9168.140096909641
8866,9168.14011588182
8867,9168.14010206908
8868,9168.140136336677
8869,9132.957038908547
8870,9132.957038908535
8871,9132.957038908535
8872,9132.95703890854
8873,9132.957038908544
8874,9132.957038908553
8875,9132.957038908542
8876,9132.957038908542
8877,9132.957038908542
8878,9132.957036620635
8879,9132.957043303935
8880,9132.957041739095
8881,9132.957050820607
8882,9132.957040832323
8883,9132.95704100431
8884,9132.957035001806
8885,9132.957051081088
8886,9132.957043047521
8887,9132.957032110464
8888,9132.957036917931
8889,9132.957024619836
8890,9132.957037986595
8891,9132.95703974517
8892,9132.95703191831
8893,9132.95703209595
8894,9132.957038350552
8895,9132.957058460664
8896,9132.957035852516
8897,9132.957037092292
8898,9132.957036544061
8899,9132.95703854474
8900,9132.957040197312
8901,9132.957029629199
8902,9132.957035787786
8903,9132.957032044313
8904,9132.957040859354
8905,9132.95704259091
8906,9132.957040653122
8907,9132.957026004588
8908,9132.957035088448
8909,9132.95705495463
8910,9132.957044517365
8911,9132.957061862591
8912,9132.957035176856
8913,9132.957042175844
8914,9132.957031327822
8915,9132.957039934025
8916,9132.95703483728
8917,9132.95704288038
8918,9121.005843528043
8919,9121.005843528052
8920,9121.005843528044
8921,9121.005843528057
8922,9121.00584352803
8923,9121.00584352804
8924,9121.005843528043
8925,9121.005843528052
8926,9121.005843528053
8927,9121.005844450117
8928,9121.005852846987
8929,9121.005846645256
8930,9121.005849775458
8931,9121.005847673898
8932,9121.00584687257
8933,9121.005850305788
8934,9121.005852990176
8935,9121.005845120804
8936,9121.005840507116
8937,9121.005844266507
8938,9121.005837933673
8939,9121.005844992247
8940,9121.005837877718
8941,9121.005839223664
8942,9121.005840586282
8943,9121.005842389926
8944,9121.005851277567
8945,9121.00582783379
8946,9121.005845835665
8947,9121.005845365647
8948,9121.005842240294
8949,9121.005848108529
8950,9121.005839334155
8951,9121.00584544702
8952,9121.005843351786
8953,9121.005840429985
8954,9121.005844935895
8955,9121.005841728627
8956,9121.005837404115
8957,9121.005837999883
8958,9121.005844108166
8959,9121.005846799686
8960,9121.005864154702
8961,9121.005845923428
8962,9121.005844091007
8963,9121.005839403822
8964,9121.005842613222
8965,9121.005840823684
8966,9121.005847996466
8967,9116.75606490369
8968,9116.756064903684
8969,9116.75606490369
8970,9116.756064903693
8971,9116.756064903706
8972,9116.756064903699
8973,9116.756064903684
8974,9116.756064903693
8975,9116.756064903691
8976,9116.756070714879
8977,9116.756062903798
8978,9116.756064242654
8979,9116.756070927548
8980,9116.756071581638
8981,9116.75604340787
8982,9116.756031757655
8983,9116.756069228919
8984,9116.756063800394
8985,9116.756068425959
8986,9116.756065396428
8987,9116.756068959898
8988,9116.756062465343
8989,9116.756071622287
8990,9116.756061943091
8991,9116.756063863815
8992,9116.756061729833
8993,9116.7560645752
8994,9116.756092472622
8995,9116.756051743643
8996,9116.756065385252
8997,9116.756068678531
8998,9116.756073998728
8999,9116.756069985182
9000,9116.756074554003
9001,9116.756067069124
9002,9116.75606348375
9003,9116.756069675715
9004,9116.756062950793
9005,9116.756061873759
9006,9116.756072899212
9007,9116.756067688746
9008,9116.756061890996
9009,9116.756082804333
9010,9116.756071595986
9011,9116.75606458609
9012,9116.756058330828
9013,9116.756065878493
9014,9116.756058788022
9015,9116.75607248736
9016,9112.698771088808
9017,9112.698771088815
9018,9112.69877108882
9019,9112.69877108882
9020,9112.698771088837
9021,9112.698771088815
9022,9112.698771088819
9023,9112.69877108882
9024,9112.698771088812
9025,9112.698766369842
9026,9112.698762925782
9027,9112.698771423002
9028,9112.698775818986
9029,9112.698779816472
9030,9112.698768915576
9031,9112.698780072087
9032,9112.698773756261
9033,9112.698770006595
9034,9112.69877638517
9035,9112.698772592388
9036,9112.698773827664
9037,9112.698768057884
9038,9112.698772903039
9039,9112.69876847041
9040,9112.698772931639
9041,9112.698770635281
9042,9112.698769724548
9043,9112.698766533558
9044,9112.698781517254
9045,9112.698771674652
9046,9112.698774312068
9047,9112.698777378386
9048,9112.698772621397
9049,9112.69877403528
9050,9112.698775507622
9051,9112.698765950157
9052,9112.698776512898
9053,9112.698770558984
9054,9112.698771102228
9055,9112.698770809484
9056,9112.69876797302
9057,9112.698769073051
9058,9112.698787933141
9059,9112.698776326093
9060,9112.69876756431
9061,9112.698767010721
9062,9112.698771443029
9063,9112.698769641778
9064,9112.698771391257
9065,9111.329939261272
9066,9111.32993926129
9067,9111.32993926129
9068,9111.329939261259
9069,9111.32993926128
9070,9111.329939261277
9071,9111.329939261286
9072,9111.329939261277
9073,9111.32993926127
9074,9111.329936034575
9075,9111.329933789319
9076,9111.329939696529
9077,9111.329945400306
9078,9111.329948143753
9079,9111.329938000501
9080,9111.329948282975
9081,9111.329942497729
9082,9111.329938554609
9083,9111.329944229676
9084,9111.32993968062
9085,9111.329939154793
9086,9111.32993487202
9087,9111.32994137806
9088,9111.329936853981
9089,9111.329940056678
9090,9111.329938927583
9091,9111.329938686222
9092,9111.329934269788
9093,9111.329949948917
9094,9111.32993973303
9095,9111.329942303326
9096,9111.3299446116
9097,9111.329938787043
9098,9111.329940666057
9099,9111.329943288663
9100,9111.32993498737
9101,9111.329941378546
9102,9111.329939230749
9103,9111.329939456058
9104,9111.329937140104
9105,9111.32993860695
9106,9111.329936706317
9107,9111.329956376332
9108,9111.329942337803
9109,9111.329937035955
9110,9111.32993521876
9111,9111.329939498662
9112,9111.329937300145
9113,9111.329940455755
9114,9105.13201963484
9115,9105.13201963484
9116,9105.132019634833
9117,9105.132019634832
9118,9105.132019634832
9119,9105.13201963485
9120,9105.132019634832
9121,9105.132019634839
9122,9105.132019634853
9123,9105.132019301822
9124,9105.132019847504
9125,9105.13201982085
9126,9105.132029226832
9127,9105.13202748224
9128,9105.132019089868
9129,9105.132025816964
9130,9105.13202343808
9131,9105.13201915453
9132,9105.13202416457
9133,9105.13201749475
9134,9105.132012885444
9135,9105.13201296785
9136,9105.132023099395
9137,9105.13201816013
9138,9105.132018923297
9139,9105.132019207178
9140,9105.13202052806
9141,9105.132016437414
9142,9105.132029155202
9143,9105.13201987662
9144,9105.132022274234
9145,9105.132022499638
9146,9105.132014494613
9147,9105.132017836218
9148,9105.13202311582
9149,9105.132017338294
9150,9105.132013564078
9151,9105.132021571435
9152,9105.132020582187
9153,9105.132013498098
9154,9105.132025732766
9155,9105.132015401326
9156,9105.132037273126
9157,9105.132017637241
9158,9105.132020022535
9159,9105.132016319434
9160,9105.132019702944
9161,9105.132016983775
9162,9105.13202127694
9163,9094.18904894297
9164,9094.189048942972
9165,9094.189048942977
9166,9094.189048942968
9167,9094.189048942977
9168,9094.18904894297
9169,9094.189048942975
9170,9094.189048942942
9171,9094.189048942952
9172,9094.189052034431
9173,9094.189057058056
9174,9094.189048769986
9175,9094.189061721134
9176,9094.189053227787
9177,9094.189046506868
9178,9094.189051634165
9179,9094.18905261985
9180,9094.189048758488
9181,9094.189052313068
9182,9094.189044522838
9183,9094.189035536034
9184,9094.189040764046
9185,9094.189052369396
9186,9094.189048484355
9187,9094.18904686773
9188,9094.189047373817
9189,9094.189052105681
9190,9094.189047059028
9191,9094.189055507562
9192,9094.189049077007
9193,9094.1890507366
9194,9094.189049284603
9195,9094.189039802824
9196,9094.189043176193
9197,9094.189051139396
9198,9094.189049034414
9199,9094.18903509894
9200,9094.18905265438
9201,9094.189050666966
9202,9094.189039214963
9203,9094.189061153182
9204,9094.18904379257
9205,9094.189067675175
9206,9094.18904238401
9207,9094.189052174555
9208,9094.189046525924
9209,9094.189048317057
9210,9094.189045556059
9211,9094.189051853025
9212,9079.882480584687
9213,9079.882480584689
9214,9079.882480584689
9215,9079.882480584676
9216,9079.88248058471
9217,9079.882480584678
9218,9079.882480584687
9219,9079.882480584702
9220,9079.882480584698
9221,9079.882482447263
9222,9079.882488236875
9223,9079.882479810849
9224,9079.882494162472
9225,9079.882478570838
9226,9079.882475570284
9227,9079.88248365608
9228,9079.882483921965
9229,9079.882482166086
9230,9079.882482416191
9231,9079.88247631316
9232,9079.882464699898
9233,9079.882471552464
9234,9079.882484497919
9235,9079.882479514028
9236,9079.88247856702
9237,9079.882476617184
9238,9079.88248761237
9239,9079.882480536267
9240,9079.882485563712
9241,9079.882478726562
9242,9079.882482727335
9243,9079.882478655461
9244,9079.88247116057
9245,9079.882470603105
9246,9079.882478714762
9247,9079.882481543364
9248,9079.882466799769
9249,9079.882486265535
9250,9079.882481549655
9251,9079.882471400382
9252,9079.882495627777
9253,9079.882476618335
9254,9079.88250098576
9255,9079.882472771917
9256,9079.88248382941
9257,9079.882476776564
9258,9079.882479367532
9259,9079.882478182997
9260,9079.882483634561
9261,9303.459756481065
9262,9303.459756481046
9263,9303.459756481036
9264,9303.459756481052
9265,9303.45975648103
9266,9303.459756481045
9267,9303.459756481046
9268,9303.459756481054
9269,9303.459756481061
9270,9303.459763328074
9271,9303.459785085683
9272,9303.459757628063
9273,9303.459774000603
9274,9303.45981523347
9275,9303.459803016347
9276,9303.459552707829
9277,9303.459766974644
9278,9303.459663309988
9279,9303.45974485545
9280,9303.459759195317
9281,9303.459748277104
9282,9303.45993190215
9283,9303.459663067
9284,9303.459803601096
9285,9303.459813937343
9286,9303.459828484572
9287,9303.459639604285
9288,9303.459835658869
9289,9303.459582078214
9290,9303.459837644663
9291,9303.459711038227
9292,9303.459726295378
9293,9303.459688234347
9294,9303.459797971178
9295,9303.459855723633
9296,9303.45973876089
9297,9303.459639049985
9298,9303.459748186517
9299,9303.459799071234
9300,9303.459783089063
9301,9303.459691894024
9302,9303.45973088563
9303,9303.459773562816
9304,9303.459748812205
9305,9303.459745891405
9306,9303.459867028629
9307,9303.459752309907
9308,9303.459792335698
9309,9303.459658649512
9310,9078.092565552273
9311,9078.092565552266
9312,9078.092565552284
9313,9078.092565552275
9314,9078.092565552277
9315,9078.092565552279
9316,9078.092565552284
9317,9078.09256555227
9318,9078.09256555228
9319,9078.092567280411
9320,9078.092574739872
9321,9078.092564875411
9322,9078.092579320668
9323,9078.092568156371
9324,9078.09256525407
9325,9078.092551883634
9326,9078.092569747729
9327,9078.092559315062
9328,9078.092566429877
9329,9078.09256208592
9330,9078.092550519892
9331,9078.092571666459
9332,9078.09256180327
9333,9078.09256808566
9334,9078.092568917891
9335,9078.092567884596
9336,9078.09256264353
9337,9078.09257263822
9338,9078.09255546922
9339,9078.092569952853
9340,9078.092564221208
9341,9078.092561216214
9342,9078.092551244
9343,9078.092559406812
9344,9078.092571492285
9345,9078.09256488448
9346,9078.092543550298
9347,9078.092570315215
9348,9078.092569751521
9349,9078.092559483335
9350,9078.09257401677
9351,9078.092560351397
9352,9078.092585676179
9353,9078.09255798158
9354,9078.092567265636
9355,9078.092571010206
9356,9078.09256413644
9357,9078.092566819787
9358,9078.092560241648
9359,9067.797783176762
9360,9067.79778317674
9361,9067.797783176758
9362,9067.797783176755
9363,9067.79778317674
9364,9067.797783176737
9365,9067.79778317676
9366,9067.797783176751
9367,9067.797783176751
9368,9067.797786015537
9369,9067.79779099799
9370,9067.797782312176
9371,9067.797794636812
9372,9067.797781799229
9373,9067.79777700413
9374,9067.79777474981
9375,9067.797784467208
9376,9067.797780359762
9377,9067.797783034088
9378,9067.797781868036
9379,9067.797772212638
9380,9067.79778376499
9381,9067.797779308656
9382,9067.797784256505
9383,9067.797786180536
9384,9067.797782556923
9385,9067.797783117943
9386,9067.79778846364
9387,9067.797775292196
9388,9067.797785198378
9389,9067.79778284727
9390,9067.797779463126
9391,9067.797774082848
9392,9067.797774840807
9393,9067.797784253442
9394,9067.79778198425
9395,9067.79776752121
9396,9067.79778640444
9397,9067.79778614592
9398,9067.797779690682
9399,9067.797787505646
9400,9067.797779628676
9401,9067.797804492931
9402,9067.797778905362
9403,9067.79778366475
9404,9067.79778422574
9405,9067.79778081661
9406,9067.797784321005
9407,9067.797782499088
9408,9057.971146033646
9409,9057.971146033633
9410,9057.971146033638
9411,9057.971146033642
9412,9057.971146033638
9413,9057.97114603364
9414,9057.971146033642
9415,9057.97114603364
9416,9057.971146033646
9417,9057.971141003343
9418,9057.971144834435
9419,9057.971144883131
9420,9057.97115335433
9421,9057.971137444281
9422,9057.9711390841
9423,9057.971148436345
9424,9057.971148983137
9425,9057.971143949553
9426,9057.971143641407
9427,9057.97114906741
9428,9057.971144357834
9429,9057.971153818686
9430,9057.971140798174
9431,9057.971144961853
9432,9057.971148713103
9433,9057.971139932817
9434,9057.971149513787
9435,9057.971142205242
9436,9057.971143044935
9437,9057.97114604986
9438,9057.971145147807
9439,9057.971145997066
9440,9057.971147503764
9441,9057.971143144858
9442,9057.971144469895
9443,9057.971146646058
9444,9057.971149980654
9445,9057.971152881746
9446,9057.971148734036
9447,9057.971149922412
9448,9057.971144017336
9449,9057.971146746355
9450,9057.971168095935
9451,9057.971149997773
9452,9057.971142086979
9453,9057.971146929007
9454,9057.971143779352
9455,9057.971145278672
9456,9057.971145898122
9457,9051.55659077131
9458,9051.556590771312
9459,9051.556590771304
9460,9051.556590771303
9461,9051.5565907713
9462,9051.556590771293
9463,9051.556590771312
9464,9051.556590771323
9465,9051.556590771304
9466,9051.55660336725
9467,9051.556603780495
9468,9051.55658907464
9469,9051.556598366302
9470,9051.556589573931
9471,9051.556576773673
9472,9051.556595041413
9473,9051.556590291386
9474,9051.556592368928
9475,9051.55659066851
9476,9051.556595165188
9477,9051.55659123746
9478,9051.556582982721
9479,9051.556589305448
9480,9051.556589892121
9481,9051.556587713954
9482,9051.556588883435
9483,9051.55659538198
9484,9051.556586186274
9485,9051.556591202449
9486,9051.556587335812
9487,9051.556592485815
9488,9051.55659011985
9489,9051.556593739813
9490,9051.55658349037
9491,9051.556586066727
9492,9051.556594248676
9493,9051.556590628092
9494,9051.556591794151
9495,9051.556593361998
9496,9051.556591389235
9497,9051.556587705185
9498,9051.556589518175
9499,9051.55661192504
9500,9051.556596520895
9501,9051.556591879478
9502,9051.556587123256
9503,9051.556587410756
9504,9051.556585775377
9505,9051.556604787758
9506,9045.910695694107
9507,9045.910695694118
9508,9045.910695694107
9509,9045.910695694096
9510,9045.910695694101
9511,9045.910695694098
9512,9045.910695694116
9513,9045.910695694107
9514,9045.910695694114
9515,9045.91068981205
9516,9045.910677550391
9517,9045.910693805828
9518,9045.910702356561
9519,9045.91069813003
9520,9045.910694374423
9521,9045.910692163843
9522,9045.9106946864
9523,9045.910693633678
9524,9045.910695763312
9525,9045.910702218604
9526,9045.910701933637
9527,9045.910695864197
9528,9045.910696110192
9529,9045.91069367983
9530,9045.910702929115
9531,9045.910700102891
9532,9045.910696689714
9533,9045.910705362716
9534,9045.910692460991
9535,9045.910690685276
9536,9045.910699124872
9537,9045.910691713098
9538,9045.910696920742
9539,9045.910695134484
9540,9045.91069199482
9541,9045.910692025916
9542,9045.910706972287
9543,9045.910701647115
9544,9045.910694126342
9545,9045.910701277746
9546,9045.910687603035
9547,9045.910694714734
9548,9045.910716240642
9549,9045.910702142643
9550,9045.910685337409
9551,9045.910692741658
9552,9045.91069529558
9553,9045.910701246483
9554,9045.910689308897
9555,9041.648628885732
9556,9041.648628885729
9557,9041.648628885721
9558,9041.648628885725
9559,9041.648628885718
9560,9041.648628885729
9561,9041.648628885743
9562,9041.648628885745
9563,9041.64862888574
9564,9041.64862587418
9565,9041.648618293975
9566,9041.64862755644
9567,9041.648636504877
9568,9041.648629436886
9569,9041.648630108537
9570,9041.648629218309
9571,9041.64862929368
9572,9041.64862700938
9573,9041.64862796464
9574,9041.648634532505
9575,9041.648633021166
9576,9041.648629234307
9577,9041.648627765211
9578,9041.64862749456
9579,9041.64863387463
9580,9041.648632001188
9581,9041.648630839603
9582,9041.648630933232
9583,9041.648627363518
9584,9041.648624327197
9585,9041.648630820333
9586,9041.648625038455
9587,9041.648629541247
9588,9041.648630128573
9589,9041.648625627578
9590,9041.648626957052
9591,9041.648637511209
9592,9041.648635081592
9593,9041.64862810304
9594,9041.648630704167
9595,9041.648622173703
9596,9041.648627905766
9597,9041.648649597926
9598,9041.648634128576
9599,9041.648620405518
9600,9041.648627344699
9601,9041.648627990033
9602,9041.648632464588
9603,9041.648624347068
9604,9036.778671017515
9605,9036.77867101751
9606,9036.778671017493
9607,9036.778671017517
9608,9036.77867101751
9609,9036.778671017515
9610,9036.77867101751
9611,9036.778671017499
9612,9036.778671017506
9613,9036.778685821555
9614,9036.778679834557
9615,9036.778669802698
9616,9036.778685250352
9617,9036.778667727829
9618,9036.778656211056
9619,9036.778634053318
9620,9036.778673969646
9621,9036.778668303943
9622,9036.77866765367
9623,9036.77866975807
9624,9036.778669846624
9625,9036.778666127831
9626,9036.778673022389
9627,9036.778671745704
9628,9036.778667451186
9629,9036.77866860355
9630,9036.778672972781
9631,9036.77869651527
9632,9036.778653777585
9633,9036.778667405391
9634,9036.778671465529
9635,9036.77867068456
9636,9036.778673633144
9637,9036.77868261046
9638,9036.778667181692
9639,9036.778678988565
9640,9036.778667600505
9641,9036.778674420117
9642,9036.778672163186
9643,9036.778673054687
9644,9036.778675584874
9645,9036.77866572548
9646,9036.77869279397
9647,9036.778670351136
9648,9036.778671689932
9649,9036.778670115376
9650,9036.778670162601
9651,9036.77866412586
9652,9036.778680609017
9653,9034.319838251886
9654,9034.319838251902
9655,9034.319838251888
9656,9034.319838251888
9657,9034.319838251886
9658,9034.319838251875
9659,9034.319838251893
9660,9034.319838251893
9661,9034.319838251879
9662,9034.319844295127
9663,9034.319845033218
9664,9034.319839773681
9665,9034.319852103865
9666,9034.319840450338
9667,9034.319850986434
9668,9034.319854922423
9669,9034.31983739582
9670,9034.319836958473
9671,9034.319835201562
9672,9034.319837586903
9673,9034.319834397711
9674,9034.31982750703
9675,9034.319832156016
9676,9034.319839265872
9677,9034.319837133446
9678,9034.319841171147
9679,9034.31983966304
9680,9034.319819429464
9681,9034.319849760168
9682,9034.319834235432
9683,9034.319837004292
9684,9034.319833232383
9685,9034.31983447869
9686,9034.319838875732
9687,9034.319835625569
9688,9034.31984096721
9689,9034.319831324929
9690,9034.319840073567
9691,9034.319841209362
9692,9034.319826469955
9693,9034.31983500993
9694,9034.319834669628
9695,9034.319859374029
9696,9034.319833922273
9697,9034.31983617692
9698,9034.31983913231
9699,9034.319836299037
9700,9034.319837393014
9701,9034.31984007177
9702,9032.707048092061
9703,9032.70704809207
9704,9032.70704809207
9705,9032.707048092076
9706,9032.70704809207
9707,9032.707048092072
9708,9032.70704809206
9709,9032.707048092068
9710,9032.707048092074
9711,9032.707052592616
9712,9032.707049539602
9713,9032.7070487177
9714,9032.707061238374
9715,9032.707049254066
9716,9032.707053545551
9717,9032.70705001417
9718,9032.707048324784
9719,9032.707045961268
9720,9032.70704543968
9721,9032.707047803018
9722,9032.7070464527
9723,9032.707040939085
9724,9032.707044701914
9725,9032.707048480324
9726,9032.707047993792
9727,9032.707049817065
9728,9032.707049174645
9729,9032.707044053861
9730,9032.707051991447
9731,9032.70704413366
9732,9032.707047979071
9733,9032.707044842557
9734,9032.707046653672
9735,9032.707050986752
9736,9032.707045287083
9737,9032.70705112976
9738,9032.707044804203
9739,9032.707051362846
9740,9032.707050175579
9741,9032.70704240471
9742,9032.707046140593
9743,9032.70704448425
9744,9032.70706926973
9745,9032.707045758389
9746,9032.707045041363
9747,9032.707048268077
9748,9032.707046862684
9749,9032.707046957936
9750,9032.707049687813
9751,9031.339535621591
9752,9031.33953562159
9753,9031.33953562159
9754,9031.339535621577
9755,9031.339535621579
9756,9031.339535621588
9757,9031.339535621584
9758,9031.339535621599
9759,9031.3395356216
9760,9031.339540050258
9761,9031.339535728626
9762,9031.339535982212
9763,9031.339548704907
9764,9031.339536742666
9765,9031.339536920226
9766,9031.339529741632
9767,9031.339536324367
9768,9031.339532892227
9769,9031.339533296547
9770,9031.339535202806
9771,9031.339535206476
9772,9031.33952987175
9773,9031.339533095575
9774,9031.33953600778
9775,9031.339536212165
9776,9031.339537485854
9777,9031.339535418881
9778,9031.339539078785
9779,9031.339535791209
9780,9031.33953198104
9781,9031.339536013636
9782,9031.339533457542
9783,9031.33953521484
9784,9031.33953945171
9785,9031.339533026296
9786,9031.339539002838
9787,9031.339533001295
9788,9031.339537890235
9789,9031.339537750311
9790,9031.339532793818
9791,9031.339533629747
9792,9031.339531793057
9793,9031.339556813424
9794,9031.33953406526
9795,9031.339532611762
9796,9031.339535649968
9797,9031.339534564031
9798,9031.339534292558
9799,9031.339538010727
9800,9027.611422886053
9801,9027.611422886053
9802,9027.611422886053
9803,9027.611422886057
9804,9027.611422886053
9805,9027.611422886064
9806,9027.61142288606
9807,9027.611422886066
9808,9027.61142288607
9809,9027.61142319296
9810,9027.611419421304
9811,9027.611423265991
9812,9027.611435751154
9813,9027.611422900345
9814,9027.61141815729
9815,9027.611406839778
9816,9027.611425852414
9817,9027.611418332854
9818,9027.61142120151
9819,9027.611422001903
9820,9027.611425162868
9821,9027.611423264761
9822,9027.611420375277
9823,9027.611423294908
9824,9027.611425735084
9825,9027.611425211868
9826,9027.611419314342
9827,9027.611436389732
9828,9027.611418853316
9829,9027.611420569327
9830,9027.611423814484
9831,9027.611423960852
9832,9027.611424691431
9833,9027.611427828693
9834,9027.611421626001
9835,9027.611427210719
9836,9027.611422971017
9837,9027.611422668873
9838,9027.611425895278
9839,9027.611425772138
9840,9027.611419857747
9841,9027.611419611387
9842,9027.611444091752
9843,9027.61142320553
9844,9027.611419735804
9845,9027.611423964958
9846,9027.611422047179
9847,9027.611421572585
9848,9027.611426080583
9849,9024.17188478443
9850,9024.171884784428
9851,9024.171884784433
9852,9024.171884784433
9853,9024.17188478442
9854,9024.171884784431
9855,9024.171884784424
9856,9024.171884784424
9857,9024.171884784422
9858,9024.17188279653
9859,9024.17188257522
9860,9024.171885565036
9861,9024.171897643622
9862,9024.171881631384
9863,9024.17187739316
9864,9024.17187399009
9865,9024.171889862575
9866,9024.171882760982
9867,9024.171884105446
9868,9024.17188342137
9869,9024.171886457776
9870,9024.171883187457
9871,9024.171884646448
9872,9024.171883829946
9873,9024.171886427408
9874,9024.17188626681
9875,9024.171884703328
9876,9024.17189593311
9877,9024.17188617076
9878,9024.171880452472
9879,9024.171887392928
9880,9024.17188819497
9881,9024.171887759283
9882,9024.171886708113
9883,9024.171881138438
9884,9024.17189030246
9885,9024.171888415736
9886,9024.171882339013
9887,9024.171886203092
9888,9024.171886591437
9889,9024.171885305754
9890,9024.171883645244
9891,9024.17190584048
9892,9024.171885799236
9893,9024.171883391304
9894,9024.171883253914
9895,9024.171883965793
9896,9024.17188275833
9897,9024.17189175015
9898,9026.899480045868
9899,9026.899480045873
9900,9026.89948004588
9901,9026.899480045882
9902,9026.899480045855
9903,9026.899480045868
9904,9026.899480045882
9905,9026.89948004588
9906,9026.89948004588
9907,9026.899479787078
9908,9026.899489768033
9909,9026.89948286251
9910,9026.899489734164
9911,9026.899485323813
9912,9026.89948606359
9913,9026.899452005959
9914,9026.899482559951
9915,9026.899463526799
9916,9026.89947892807
9917,9026.899480918963
9918,9026.899486725197
9919,9026.899506144897
9920,9026.89946065032
9921,9026.899488446521
9922,9026.89949437977
9923,9026.899496934546
9924,9026.899452218695
9925,9026.899486753498
9926,9026.89946162449
9927,9026.899492297392
9928,9026.899473593701
9929,9026.899482576082
9930,9026.899473279089
9931,9026.899484759024
9932,9026.899495548749
9933,9026.899475076762
9934,9026.899459430651
9935,9026.899458355701
9936,9026.899489797683
9937,9026.899480914197
9938,9026.89946048499
9939,9026.899475781636
9940,9026.899499197445
9941,9026.899484724
9942,9026.899478656122
9943,9026.899498285195
9944,9026.899477487961
9945,9026.89948777473
9946,9026.89947056868
9947,9021.750882496273
9948,9021.750882496272
9949,9021.750882496272
9950,9021.750882496272
9951,9021.75088249626
9952,9021.750882496262
9953,9021.750882496272
9954,9021.75088249627
9955,9021.750882496268
9956,9021.750880011054
9957,9021.750883907082
9958,9021.75088404066
9959,9021.750893989347
9960,9021.750882731782
9961,9021.750881042251
9962,9021.750864846206
9963,9021.750886871272
9964,9021.75087444791
9965,9021.750881670714
9966,9021.750882167638
9967,9021.750886429249
9968,9021.750893164804
9969,9021.750874604331
9970,9021.750885183723
9971,9021.750889513749
9972,9021.7508900363
9973,9021.75087153105
9974,9021.750892088838
9975,9021.750875876709
9976,9021.750884759547
9977,9021.750881534042
9978,9021.750885670077
9979,9021.750881693102
9980,9021.7508855606
9981,9021.75088664085
9982,9021.750884046953
9983,9021.750877492139
9984,9021.750873931382
9985,9021.750887206295
9986,9021.750884398
9987,9021.750874909158
9988,9021.750880373527
9989,9021.750902750086
9990,9021.750885241874
9991,9021.75088048026
9992,9021.750889051531
9993,9021.750881092194
9994,9021.750884594365
9995,9021.75088226731
9996,9017.393878877707
9997,9017.393878877725
9998,9017.393878877705
9999,9017.39387887772
10000,9017.393878877723
10001,9017.393878877723
10002,9017.393878877718
10003,9017.393878877716
10004,9017.393878877709
10005,9017.39387136397
10006,9017.393879312614
10007,9017.393881055841
10008,9017.39388928834
10009,9017.393874332203
10010,9017.393881860777
10011,9017.393879169236
10012,9017.39388380851
10013,9017.393874787253
10014,9017.393878523511
10015,9017.393878932617
10016,9017.39388062831
10017,9017.393887206934
10018,9017.393872465598
10019,9017.393879587165
10020,9017.393882686876
10021,9017.393882525157
10022,9017.393876356662
10023,9017.393873931993
10024,9017.39388363774
10025,9017.393878414472
10026,9017.393878965246
10027,9017.393883749886
10028,9017.393878923136
10029,9017.393876811893
10030,9017.393879941656
10031,9017.393880866117
10032,9017.393880343072
10033,9017.393874336127
10034,9017.393880681457
10035,9017.393876652171
10036,9017.393876735634
10037,9017.393880618118
10038,9017.39389859467
10039,9017.393882556913
10040,9017.393877622746
10041,9017.393882713543
10042,9017.393877886745
10043,9017.393880273674
10044,9017.39387972996
10045,9014.055043854298
10046,9014.055043854281
10047,9014.055043854301
10048,9014.055043854289
10049,9014.055043854301
10050,9014.055043854294
10051,9014.05504385429
10052,9014.055043854281
10053,9014.055043854276
10054,9014.055038593899
10055,9014.055045605064
10056,9014.055046285035
10057,9014.055053850421
10058,9014.05503972604
10059,9014.055050105198
10060,9014.055049719727
10061,9014.05504550594
10062,9014.055041904609
10063,9014.055043838755
10064,9014.055044053976
10065,9014.055043573117
10066,9014.05504706464
10067,9014.05503821399
10068,9014.055044286522
10069,9014.055044523688
10070,9014.055046250447
10071,9014.05504580166
10072,9014.055033120516
10073,9014.05505217752
10074,9014.055042331694
10075,9014.055044323186
10076,9014.05504828083
10077,9014.055042694996
10078,9014.05503780439
10079,9014.055043581393
10080,9014.055045117946
10081,9014.05504437961
10082,9014.055040910585
10083,9014.055043436681
10084,9014.055038205806
10085,9014.055045277635
10086,9014.05504692971
10087,9014.05506272071
10088,9014.055047195656
10089,9014.055044144889
10090,9014.055046059035
10091,9014.055043408713
10092,9014.055044841249
10093,9014.055045208124
10094,9009.880825449303
10095,9009.880825449321
10096,9009.880825449321
10097,9009.880825449301
10098,9009.88082544929
10099,9009.880825449305
10100,9009.880825449305
10101,9009.880825449303
10102,9009.880825449298
10103,9009.880823491347
10104,9009.880826131368
10105,9009.880827559777
10106,9009.880834133355
10107,9009.880822602017
10108,9009.880833090065
10109,9009.880832444727
10110,9009.880822111212
10111,9009.880825675451
10112,9009.880826209275
10113,9009.88082658206
10114,9009.880824438898
10115,9009.880823633348
10116,9009.880820492202
10117,9009.880826235596
10118,9009.880823416559
10119,9009.880825584016
10120,9009.88082944746
10121,9009.880812137819
10122,9009.880833676663
10123,9009.88082375461
10124,9009.880826168888
10125,9009.880828957157
10126,9009.880824007532
10127,9009.880818040798
10128,9009.880824656218
10129,9009.880824747706
10130,9009.880825359216
10131,9009.880824845999
10132,9009.880823564146
10133,9009.880818776244
10134,9009.880827567222
10135,9009.880829136038
10136,9009.880843009243
10137,9009.880829281252
10138,9009.880826370052
10139,9009.88082592847
10140,9009.880825468317
10141,9009.88082590475
10142,9009.880826703387
10143,9003.719660080456
10144,9003.71966008044
10145,9003.71966008046
10146,9003.719660080456
10147,9003.719660080431
10148,9003.719660080455
10149,9003.71966008044
10150,9003.719660080458
10151,9003.719660080456
10152,9003.719660778575
10153,9003.719662374837
10154,9003.719660950774
10155,9003.71967042347
10156,9003.719657440084
10157,9003.719667120638
10158,9003.719661366475
10159,9003.719657031139
10160,9003.7196636019
10161,9003.719662364501
10162,9003.719660680554
10163,9003.71965380207
10164,9003.719655348308
10165,9003.719659048824
10166,9003.719662033278
10167,9003.719656152234
10168,9003.719659905699
10169,9003.719663521959
10170,9003.719650362797
10171,9003.719663876129
10172,9003.719657843767
10173,9003.719661590065
10174,9003.71965971754
10175,9003.719654349985
10176,9003.719653973518
10177,9003.719658759968
10178,9003.719658760907
10179,9003.719656489817
10180,9003.719660273848
10181,9003.719657425412
10182,9003.719651899262
10183,9003.719664558132
10184,9003.719662955753
10185,9003.719676436793
10186,9003.719660546702
10187,9003.7196631903
10188,9003.719658775557
10189,9003.719660083549
10190,9003.719660411665
10191,9003.719661534658
10192,9001.457051531537
10193,9001.457051531566
10194,9001.45705153157
10195,9001.457051531554
10196,9001.457051531555
10197,9001.457051531563
10198,9001.45705153157
10199,9001.45705153155
10200,9001.457051531552
10201,9001.457049488583
10202,9001.457043244309
10203,9001.457051791462
10204,9001.457055533661
10205,9001.457051081072
10206,9001.457057440339
10207,9001.457077490722
10208,9001.457039506762
10209,9001.457058305332
10210,9001.457054549328
10211,9001.457056690806
10212,9001.457058937569
10213,9001.457045661293
10214,9001.457047369637
10215,9001.457053804705
10216,9001.4570468342
10217,9001.457042047225
10218,9001.457048287693
10219,9001.457021026372
10220,9001.45706733139
10221,9001.45705095644
10222,9001.457051554597
10223,9001.457056671914
10224,9001.457060187142
10225,9001.457050423303
10226,9001.457051180352
10227,9001.457049292212
10228,9001.45706464953
10229,9001.457056926176
10230,9001.45705492724
10231,9001.457054471399
10232,9001.457036108684
10233,9001.457055663803
10234,9001.457065857036
10235,9001.45706138965
10236,9001.457048615013
10237,9001.457049299735
10238,9001.457050524721
10239,9001.457046698795
10240,9001.457058065547
10241,8995.620659845454
10242,8995.62065984546
10243,8995.620659845481
10244,8995.620659845463
10245,8995.620659845476
10246,8995.620659845457
10247,8995.62065984546
10248,8995.620659845465
10249,8995.62065984547
10250,8995.620665214832
10251,8995.620662676249
10252,8995.620658638327
10253,8995.620670714145
10254,8995.620658500347
10255,8995.620654378037
10256,8995.620649255381
10257,8995.62065595
10258,8995.620665257851
10259,8995.620663128027
10260,8995.62066039231
10261,8995.62065784434
10262,8995.620654759918
10263,8995.620663475596
10264,8995.62066330248
10265,8995.620655333973
10266,8995.620656470794
10267,8995.620655850456
10268,8995.62066115445
10269,8995.620656905914
10270,8995.62065878452
10271,8995.620661603622
10272,8995.62066072091
10273,8995.620659609282
10274,8995.620661664338
10275,8995.620658623475
10276,8995.62066137738
10277,8995.620659393806
10278,8995.620658687023
10279,8995.62066079648
10280,8995.62066139079
10281,8995.620656791225
10282,8995.620660515295
10283,8995.6206751725
10284,8995.620661620678
10285,8995.620663028862
10286,8995.620657595118
10287,8995.620659262555
10288,8995.620655566567
10289,8995.620667919085
10290,8994.030602937153
10291,8994.030602937182
10292,8994.030602937173
10293,8994.03060293717
10294,8994.030602937173
10295,8994.030602937166
10296,8994.03060293717
10297,8994.03060293716
10298,8994.030602937168
10299,8994.03060014636
10300,8994.030598477735
10301,8994.030601143642
10302,8994.03061572097
10303,8994.03060100383
10304,8994.030598982465
10305,8994.030587602065
10306,8994.030605232345
10307,8994.030606860171
10308,8994.030605863976
10309,8994.030602865992
10310,8994.030600281994
10311,8994.030605130236
10312,8994.030609764492
10313,8994.030605144097
10314,8994.030601336934
10315,8994.030601125427
10316,8994.030601034876
10317,8994.030612510389
10318,8994.030598483325
10319,8994.030600293776
10320,8994.030605830478
10321,8994.030602949664
10322,8994.030601486587
10323,8994.03060592432
10324,8994.03060104111
10325,8994.030606972448
10326,8994.030607354844
10327,8994.030610326872
10328,8994.030602716422
10329,8994.03060635495
10330,8994.030603685384
10331,8994.030603220472
10332,8994.03061919648
10333,8994.03060340121
10334,8994.030602592973
10335,8994.03060143185
10336,8994.030603230603
10337,8994.030600581864
10338,8994.030606188424
10339,8991.16470902682
10340,8991.16470902682
10341,8991.16470902682
10342,8991.164709026807
10343,8991.164709026812
10344,8991.164709026827
10345,8991.164709026816
10346,8991.164709026823
10347,8991.164709026822
10348,8991.164707064992
10349,8991.164711572392
10350,8991.164707847185
10351,8991.164723595344
10352,8991.164709881594
10353,8991.164708749857
10354,8991.164702572074
10355,8991.164712925154
10356,8991.164712111195
10357,8991.164711637257
10358,8991.164707889933
10359,8991.164705567075
10360,8991.164710441211
10361,8991.164715011653
10362,8991.164711955054
10363,8991.16471019733
10364,8991.16471318022
10365,8991.16470347725
10366,8991.164712677542
10367,8991.164709646266
10368,8991.164706868933
10369,8991.164711267445
10370,8991.164707534648
10371,8991.16470401145
10372,8991.164707519463
10373,8991.164707742131
10374,8991.164712497717
10375,8991.164705858242
10376,8991.164707886957
10377,8991.164710067014
10378,8991.16470860066
10379,8991.16470760278
10380,8991.164708164417
10381,8991.164725850256
10382,8991.164707054571
10383,8991.164709938528
10384,8991.164709333256
10385,8991.1647085031
10386,8991.164709154875
10387,8991.164711513396
10388,8987.758854796588
10389,8987.758854796593
10390,8987.758854796593
10391,8987.758854796592
10392,8987.758854796582
10393,8987.758854796575
10394,8987.758854796572
10395,8987.758854796588
10396,8987.758854796575
10397,8987.758853950458
10398,8987.7588612249
10399,8987.758853896165
10400,8987.758868362984
10401,8987.758853577849
10402,8987.758844937276
10403,8987.758835638042
10404,8987.75885783871
10405,8987.758855067783
10406,8987.758856046905
10407,8987.758853061081
10408,8987.758858092213
10409,8987.758860408549
10410,8987.758860914726
10411,8987.75885861001
10412,8987.758859853337
10413,8987.758858477257
10414,8987.758843459309
10415,8987.758868225575
10416,8987.758849229767
10417,8987.758855998729
10418,8987.758855554337
10419,8987.758858556845
10420,8987.75885532287
10421,8987.758859093046
10422,8987.758854887063
10423,8987.758858206596
10424,8987.758850634022
10425,8987.758846461991
10426,8987.758857051815
10427,8987.758860625752
10428,8987.75884832943
10429,8987.758853161995
10430,8987.758871872971
10431,8987.758856349132
10432,8987.758854740709
10433,8987.75885797721
10434,8987.758854129803
10435,8987.758854471154
10436,8987.75885755025
10437,8983.176361600285
10438,8983.176361600286
10439,8983.176361600274
10440,8983.176361600274
10441,8983.176361600264
10442,8983.176361600275
10443,8983.176361600275
10444,8983.176361600263
10445,8983.176361600274
10446,8983.176357122882
10447,8983.176368334422
10448,8983.17636136064
10449,8983.176374839197
10450,8983.176360615613
10451,8983.17636219425
10452,8983.176367827038
10453,8983.176362472092
10454,8983.176364774145
10455,8983.176361990281
10456,8983.176360444544
10457,8983.176363902157
10458,8983.176361776737
10459,8983.176367832155
10460,8983.176364448263
10461,8983.1763671444
10462,8983.176365042507
10463,8983.176355429554
10464,8983.176355173871
10465,8983.176369231105
10466,8983.176360830399
10467,8983.17636181747
10468,8983.176363108465
10469,8983.176360671125
10470,8983.176362210466
10471,8983.176359323097
10472,8983.17636265814
10473,8983.176358499128
10474,8983.176356300384
10475,8983.176361524349
10476,8983.176360588432
10477,8983.176354230436
10478,8983.176361285281
10479,8983.176378541197
10480,8983.176361739685
10481,8983.176359051758
10482,8983.176363377166
10483,8983.176360744246
10484,8983.176363975661
10485,8983.176359769399
10486,8980.278130135019
10487,8980.278130135022
10488,8980.278130135019
10489,8980.278130135024
10490,8980.278130135033
10491,8980.278130135022
10492,8980.278130135037
10493,8980.278130135017
10494,8980.278130135024
10495,8980.278123975237
10496,8980.27813316607
10497,8980.278130151773
10498,8980.278142425914
10499,8980.278129220758
10500,8980.278132425674
10501,8980.278139642294
10502,8980.278128194632
10503,8980.278133664664
10504,8980.278129376169
10505,8980.278129259683
10506,8980.278133366795
10507,8980.278128248996
10508,8980.278136923389
10509,8980.27813181258
10510,8980.278134359025
10511,8980.278130268243
10512,8980.278130166698
10513,8980.278121522562
10514,8980.278140226223
10515,8980.27812863438
10516,8980.278130303239
10517,8980.27813255383
10518,8980.278131228915
10519,8980.278130332545
10520,8980.278126213652
10521,8980.278131347837
10522,8980.278130679812
10523,8980.278132995314
10524,8980.278127315472
10525,8980.278129331196
10526,8980.278125019051
10527,8980.278130892008
10528,8980.278147039622
10529,8980.278131240648
10530,8980.278125368233
10531,8980.27813108926
10532,8980.278130153445
10533,8980.278132329151
10534,8980.278126012381
10535,8976.166074992097
10536,8976.166074992123
10537,8976.166074992123
10538,8976.166074992121
10539,8976.166074992123
10540,8976.16607499212
10541,8976.16607499212
10542,8976.166074992114
10543,8976.166074992101
10544,8976.166071816539
10545,8976.166076845933
10546,8976.166075674768
10547,8976.166087757914
10548,8976.166079152214
10549,8976.16607770686
10550,8976.166078973583
10551,8976.166068816465
10552,8976.16607553131
10553,8976.166072983386
10554,8976.166073341836
10555,8976.166076496878
10556,8976.166071712698
10557,8976.166077795315
10558,8976.166078155631
10559,8976.166077527481
10560,8976.16607629405
10561,8976.166074072351
10562,8976.166068032187
10563,8976.166081433814
10564,8976.16607718209
10565,8976.166073469336
10566,8976.16607579283
10567,8976.166074019708
10568,8976.166074136843
10569,8976.166073438544
10570,8976.16607528118
10571,8976.166068085702
10572,8976.16607594213
10573,8976.166072375614
10574,8976.166076064152
10575,8976.16606844679
10576,8976.166074586345
10577,8976.166091631381
10578,8976.16607423139
10579,8976.166072448672
10580,8976.166079843797
10581,8976.16607518234
10582,8976.166076892243
10583,8976.166069117635
10584,8972.697637580566
10585,8972.697637580559
10586,8972.697637580573
10587,8972.697637580557
10588,8972.697637580564
10589,8972.697637580579
10590,8972.697637580553
10591,8972.697637580553
10592,8972.697637580553
10593,8972.697645044536
10594,8972.69765523683
10595,8972.69763938182
10596,8972.697652345729
10597,8972.69762997393
10598,8972.697625345563
10599,8972.69765740565
10600,8972.697632513631
10601,8972.697649443297
10602,8972.697633314317
10603,8972.697632380638
10604,8972.69762708476
10605,8972.697609633859
10606,8972.69764579663
10607,8972.697634884966
10608,8972.69762113779
10609,8972.697624265555
10610,8972.69766226504
10611,8972.697619836463
10612,8972.697656913468
10613,8972.697633492344
10614,8972.697639340962
10615,8972.697642082161
10616,8972.697642421528
10617,8972.697628468643
10618,8972.69762307287
10619,8972.697647936517
10620,8972.697633708289
10621,8972.697634869006
10622,8972.69762891
10623,8972.697635071112
10624,8972.697647401192
10625,8972.697642082821
10626,8972.69765600702
10627,8972.697633246606
10628,8972.697648421386
10629,8972.697629147127
10630,8972.697636542614
10631,8972.697626892708
10632,8972.697657862567
10633,8965.090827680078
10634,8965.090827680071
10635,8965.090827680071
10636,8965.090827680095
10637,8965.09082768008
10638,8965.090827680087
10639,8965.090827680082
10640,8965.090827680082
10641,8965.090827680086
10642,8965.090824814994
10643,8965.090824781933
10644,8965.090829915776
10645,8965.090841907615
10646,8965.090832014752
10647,8965.090824423853
10648,8965.090823651559
10649,8965.090824986864
10650,8965.090826672233
10651,8965.09082202962
10652,8965.090824329298
10653,8965.090820547515
10654,8965.09082526142
10655,8965.09082385081
10656,8965.090829712455
10657,8965.090819736
10658,8965.090822876866
10659,8965.090836747431
10660,8965.090822101427
10661,8965.09082919982
10662,8965.090834151804
10663,8965.090824846877
10664,8965.090828182367
10665,8965.090827474183
10666,8965.090825542573
10667,8965.090826096923
10668,8965.090834379254
10669,8965.090818587314
10670,8965.090833596265
10671,8965.090825162551
10672,8965.090835051904
10673,8965.09082544812
10674,8965.090827305085
10675,8965.090845874363
10676,8965.09082382349
10677,8965.090832198293
10678,8965.090835928546
10679,8965.090827182008
10680,8965.09082266055
10681,8965.09082978169
10682,8960.164917119131
10683,8960.164917119137
10684,8960.164917119118
10685,8960.164917119131
10686,8960.164917119138
10687,8960.164917119135
10688,8960.164917119142
10689,8960.164917119144
10690,8960.164917119133
10691,8960.164914481204
10692,8960.16491439965
10693,8960.164919428333
10694,8960.16493100834
10695,8960.16492297749
10696,8960.164914942043
10697,8960.16490654935
10698,8960.164917513592
10699,8960.164913479723
10700,8960.164911583233
10701,8960.164914652672
10702,8960.164910383668
10703,8960.164921435486
10704,8960.164909728392
10705,8960.164921280104
10706,8960.164913088904
10707,8960.164917546821
10708,8960.164916688913
10709,8960.164913710882
10710,8960.16491140495
10711,8960.164927541398
10712,8960.164912673883
10713,8960.164915445863
10714,8960.16491394679
10715,8960.164918411543
10716,8960.164919820925
10717,8960.164920161054
10718,8960.164901308106
10719,8960.164913130435
10720,8960.164917821878
10721,8960.164925345678
10722,8960.164907604949
10723,8960.164914722976
10724,8960.164935252516
10725,8960.164912909953
10726,8960.164922243497
10727,8960.164930010478
10728,8960.164915419398
10729,8960.164914950587
10730,8960.164915422798
10731,8950.319998115823
10732,8950.319998115816
10733,8950.319998115816
10734,8950.319998115816
10735,8950.31999811582
10736,8950.319998115825
10737,8950.31999811581
10738,8950.319998115821
10739,8950.319998115825
10740,8950.319989285563
10741,8950.319987487894
10742,8950.320000055486
10743,8950.32001034901
10744,8950.320002117953
10745,8950.319998987397
10746,8950.31998966653
10747,8950.320007234728
10748,8950.319996707602
10749,8950.319993809888
10750,8950.319998480863
10751,8950.319991510445
10752,8950.320008944962
10753,8950.319991270946
10754,8950.320000873622
10755,8950.319997117209
10756,8950.320001413835
10757,8950.319995153206
10758,8950.319994277384
10759,8950.319990023117
10760,8950.32000826412
10761,8950.319995239317
10762,8950.319994437648
10763,8950.319994013196
10764,8950.320001250031
10765,8950.320000934362
10766,8950.319998071445
10767,8950.319986772653
10768,8950.31999163164
10769,8950.319999937754
10770,8950.32000606627
10771,8950.319983292029
10772,8950.319995894622
10773,8950.32001653672
10774,8950.319995274522
10775,8950.320001070748
10776,8950.320009487637
10777,8950.319995082204
10778,8950.319999626578
10779,8950.319994451933
10780,8933.932159839262
10781,8933.932159839273
10782,8933.932159839282
10783,8933.932159839274
10784,8933.932159839283
10785,8933.932159839267
10786,8933.932159839263
10787,8933.93215983927
10788,8933.932159839256
10789,8933.932172998479
10790,8933.932173063347
10791,8933.93216002282
10792,8933.932168288555
10793,8933.932161058678
10794,8933.932158958774
10795,8933.932133957987
10796,8933.932169806678
10797,8933.932158582911
10798,8933.932154640223
10799,8933.932163512507
10800,8933.932148735612
10801,8933.932165785247
10802,8933.932153254738
10803,8933.932165084509
10804,8933.932162055631
10805,8933.932175787315
10806,8933.932151692608
10807,8933.932158716396
10808,8933.93212971213
10809,8933.932175474147
10810,8933.932153820015
10811,8933.932148478923
10812,8933.932144022734
10813,8933.93216875571
10814,8933.932166734307
10815,8933.932142084523
10816,8933.932122419728
10817,8933.932114923564
10818,8933.932158027439
10819,8933.9321526105
10820,8933.932138038987
10821,8933.932154740973
10822,8933.93217696672
10823,8933.932155159597
10824,8933.932170270073
10825,8933.932174013124
10826,8933.932153752972
10827,8933.932171328255
10828,8933.932144662476
10829,8910.057245891923
10830,8910.057245891929
10831,8910.057245891934
10832,8910.057245891949
10833,8910.057245891945
10834,8910.05724589194
10835,8910.057245891949
10836,8910.057245891934
10837,8910.057245891934
10838,8910.057251342965
10839,8910.0572396811
10840,8910.057243682397
10841,8910.057247395338
10842,8910.057250112734
10843,8910.057252825252
10844,8910.05724289731
10845,8910.057255292757
10846,8910.057252171322
10847,8910.057245231408
10848,8910.057255282914
10849,8910.05724611266
10850,8910.057249243035
10851,8910.057248010415
10852,8910.057244337606
10853,8910.05724826751
10854,8910.057258075556
10855,8910.0572518