iteracion,valor_coste
0,91102.22358184464
1,91102.22358184514
2,91102.22358184509
3,91102.223581845
4,91102.22358184509
5,91102.22358184494
6,91102.22358184503
7,91102.22358184491
8,91102.22358184493
9,91102.21925875591
10,91102.22513185874
11,91102.2236432345
12,91102.22367214914
13,91102.2223351674
14,91102.22372407229
15,91102.22345751
16,91102.22592491865
17,91102.2235841792
18,91102.22352807006
19,91102.22243192015
20,91102.22367266526
21,91102.22348664004
22,91102.22326640437
23,91102.22383692986
24,91102.22391672325
25,91102.22354024147
26,91102.22374736011
27,91102.22078098642
28,91102.22331033857
29,91102.22356109224
30,91102.22348264128
31,91102.223603484
32,91102.22334518259
33,91102.22395223587
34,91102.22361124249
35,91102.22375110837
36,91102.2245414752
37,91102.22396511867
38,91102.22423316834
39,91102.22361610697
40,91102.22403727975
41,91102.22364096683
42,91102.22324316262
43,91102.22381858062
44,91102.22358394678
45,91102.2242254655
46,91102.2236387914
47,91102.22316015277
48,91102.22153761318
49,4209618.921875
50,4209618.921875
51,4209618.921875
52,4209618.921875
53,4209618.921875001
54,4209618.921875001
55,4209618.921875
56,4209618.921875
57,4209618.921875001
58,4209618.921875
59,4209618.921875001
60,4209618.921875
61,4209618.921875
62,4209618.921875
63,4209618.921875
64,4209618.921875
65,4209618.921875
66,4209618.921875
67,4209618.921875
68,4209618.921875
69,4209618.921875
70,4209618.921875
71,4209618.921875
72,4209618.921875
73,4209618.921875
74,4209618.921875
75,4209618.921875
76,4209618.921875
77,4209618.921875
78,4209618.921875
79,4209618.921875001
80,4209618.921875
81,4209618.921875
82,4209618.921875
83,4209618.921875
84,4209618.921875
85,4209618.921875
86,4209618.921875
87,4209618.921875
88,4209618.921875
89,4209618.921875
90,4209618.921875
91,4209618.921875
92,4209618.921875
93,4209618.921875
94,4209618.921875
95,4209618.921875001
96,4209618.921875
97,4209618.921875
98,1735810.0897027354
99,1735810.0897027357
100,1735810.0897027361
101,1735810.089702737
102,1735810.0897027361
103,1735810.0897027357
104,1735810.0897027364
105,1735810.0897027361
106,1735810.089702736
107,1735810.085440586
108,1735810.0831567305
109,1735810.0931811577
110,1735810.088758676
111,1735810.0814601616
112,1735810.0865757354
113,1735810.0942447723
114,1735810.0902363996
115,1735810.0888425922
116,1735810.0899033474
117,1735810.088499035
118,1735810.0913189892
119,1735810.1016210988
120,1735810.0904638984
121,1735810.0911761133
122,1735810.086206645
123,1735810.0973581749
124,1735810.0894114666
125,1735810.0857618891
126,1735810.0932570016
127,1735810.0890965865
128,1735810.0892030853
129,1735810.0894077315
130,1735810.0917479473
131,1735810.087893363
132,1735810.0923557596
133,1735810.0886996393
134,1735810.0801163593
135,1735810.096108481
136,1735810.0814312117
137,1735810.0806545985
138,1735810.0836415177
139,1735810.0874222259
140,1735810.0915484019
141,1735810.089321279
142,1735810.0879137162
143,1735810.0936690269
144,1735810.088128387
145,1735810.096567331
146,1735810.0942262344
147,57557.67641806818
148,57557.67641806804
149,57557.67641806804
150,57557.67641806812
151,57557.67641806805
152,57557.67641806802
153,57557.6764180681
154,57557.676418068135
155,57557.676418068084
156,57557.6784975659
157,57557.675021402174
158,57557.67647698803
159,57557.67626781599
160,57557.6765346353
161,57557.67629972142
162,57557.675470204354
163,57557.67620897758
164,57557.67623302316
165,57557.676650809786
166,57557.67622942959
167,57557.676596036494
168,57557.677119186475
169,57557.6770616397
170,57557.67647088948
171,57557.67638753635
172,57557.67648718001
173,57557.67625101079
174,57557.676685223305
175,57557.67577508484
176,57557.676524014765
177,57557.67634570803
178,57557.676203537194
179,57557.67633821993
180,57557.675672684876
181,57557.6764432396
182,57557.67664446118
183,57557.67579658365
184,57557.67618252601
185,57557.676381460566
186,57557.678645969514
187,57557.6764267741
188,57557.67654407924
189,57557.67633507637
190,57557.67629816781
191,57557.67643080697
192,57557.676370891786
193,57557.676352818366
194,57557.676498253684
195,57557.67655636935
196,46300.24104273676
197,46300.24104273673
198,46300.24104273673
199,46300.24104273671
200,46300.241042736685
201,46300.241042736685
202,46300.24104273673
203,46300.24104273676
204,46300.241042736765
205,46300.24049428058
206,46300.240650558
207,46300.24113045057
208,46300.24089569561
209,46300.241087928574
210,46300.24105909478
211,46300.24082755575
212,46300.24080473549
213,46300.24096216448
214,46300.24125037149
215,46300.24083300814
216,46300.241206741324
217,46300.241277223555
218,46300.2410287033
219,46300.24109876703
220,46300.241089731404
221,46300.2410678946
222,46300.24099785455
223,46300.240851346454
224,46300.241171284346
225,46300.24111898109
226,46300.24097773524
227,46300.24084649104
228,46300.24105742952
229,46300.24109340255
230,46300.24107098228
231,46300.241231093205
232,46300.240543074
233,46300.24074347487
234,46300.2409788806
235,46300.24159252764
236,46300.24103606229
237,46300.24112183139
238,46300.240983833864
239,46300.24097633007
240,46300.24098812622
241,46300.241045398354
242,46300.241000089016
243,46300.241161740225
244,46300.24122835497
245,43288.22805053331
246,43288.22805053338
247,43288.22805053337
248,43288.22805053337
249,43288.228050533326
250,43288.2280505333
251,43288.22805053339
252,43288.22805053331
253,43288.22805053328
254,43288.22740911903
255,43288.227817600164
256,43288.228144268185
257,43288.22791679125
258,43288.22808263078
259,43288.22810664863
260,43288.22829140893
261,43288.22790981912
262,43288.22799590607
263,43288.228243384496
264,43288.22785969333
265,43288.22820281628
266,43288.22817732504
267,43288.227974914946
268,43288.228105698225
269,43288.22810230352
270,43288.22803028381
271,43288.22797255795
272,43288.227772719474
273,43288.22819331119
274,43288.228128966206
275,43288.22798329767
276,43288.227867181144
277,43288.228049495214
278,43288.22813334205
279,43288.2280823962
280,43288.228227177664
281,43288.22763977927
282,43288.22778476883
283,43288.22803450174
284,43288.22841627026
285,43288.22803037509
286,43288.22813360321
287,43288.22798467222
288,43288.22798375849
289,43288.22799676826
290,43288.228077772525
291,43288.228023322445
292,43288.228143724766
293,43288.22811897727
294,35005.06341383046
295,35005.06341383043
296,35005.06341383043
297,35005.06341383046
298,35005.063413830445
299,35005.063413830474
300,35005.06341383046
301,35005.06341383045
302,35005.06341383043
303,35005.06294302824
304,35005.06345996808
305,35005.063507823135
306,35005.063366941205
307,35005.06328498355
308,35005.063276770015
309,35005.06349026754
310,35005.06316412616
311,35005.06339928771
312,35005.0635509259
313,35005.06328334619
314,35005.06351766127
315,35005.06349752455
316,35005.06333754542
317,35005.0634728719
318,35005.0634505103
319,35005.06352404075
320,35005.06353786027
321,35005.06327535407
322,35005.06339694408
323,35005.063482756974
324,35005.0633485183
325,35005.06326475125
326,35005.06332039906
327,35005.06353776952
328,35005.06344491005
329,35005.06358778897
330,35005.0632940387
331,35005.06347461145
332,35005.06362239039
333,35005.06352708634
334,35005.063301873146
335,35005.0635039384
336,35005.063338145745
337,35005.06333911888
338,35005.063367539806
339,35005.0634259081
340,35005.06340488119
341,35005.06346419868
342,35005.06329110291
343,32865.69642605301
344,32865.69642605304
345,32865.696426053015
346,32865.696426053015
347,32865.69642605301
348,32865.69642605299
349,32865.69642605297
350,32865.696426053015
351,32865.69642605298
352,32865.69654980799
353,32865.69690289874
354,32865.696434626065
355,32865.69641005955
356,32865.69646187595
357,32865.69659677734
358,32865.6968031194
359,32865.69746640344
360,32865.696276095354
361,32865.696570174936
362,32865.696301069926
363,32865.696491228824
364,32865.69614236596
365,32865.69622715239
366,32865.69648064689
367,32865.69631663191
368,32865.69625954216
369,32865.69630350639
370,32865.6952667468
371,32865.696816335
372,32865.69652669657
373,32865.69640128099
374,32865.696339533955
375,32865.69634502897
376,32865.69693625057
377,32865.69636468247
378,32865.69655522544
379,32865.69636453571
380,32865.696102907634
381,32865.69626309891
382,32865.69598185633
383,32865.69684321791
384,32865.696381589856
385,32865.69633127796
386,32865.69637359146
387,32865.69631684959
388,32865.6969662447
389,32865.696380651214
390,32865.69627981868
391,32865.69620620316
392,27576.160751415242
393,27576.16075141516
394,27576.160751415162
395,27576.160751415162
396,27576.160751415155
397,27576.1607514152
398,27576.160751415213
399,27576.16075141521
400,27576.160751415213
401,27576.16100949338
402,27576.160998622112
403,27576.16079425719
404,27576.160783367464
405,27576.160834299073
406,27576.160802806266
407,27576.160742931974
408,27576.16073774837
409,27576.160665539675
410,27576.160820131154
411,27576.160660029
412,27576.160814637864
413,27576.16050316392
414,27576.160669863606
415,27576.160797330143
416,27576.160646437267
417,27576.160675657273
418,27576.160554034162
419,27576.160620233262
420,27576.160700134973
421,27576.16078122818
422,27576.16074559447
423,27576.160654164316
424,27576.160653991854
425,27576.160927705347
426,27576.160722571814
427,27576.16089446605
428,27576.16057837181
429,27576.160688615713
430,27576.160800708105
431,27576.16066381868
432,27576.160713136138
433,27576.160784054282
434,27576.16069441702
435,27576.16068020464
436,27576.16070124222
437,27576.160826056654
438,27576.160693554713
439,27576.1607256884
440,27576.160538235108
441,25466.06548268134
442,25466.065482681355
443,25466.065482681348
444,25466.06548268139
445,25466.065482681355
446,25466.065482681366
447,25466.065482681373
448,25466.06548268134
449,25466.065482681388
450,25466.065759978934
451,25466.06559203755
452,25466.065520706376
453,25466.06553441469
454,25466.06552477424
455,25466.065499575427
456,25466.065405901933
457,25466.065162369257
458,25466.065378024457
459,25466.06550497858
460,25466.065411679963
461,25466.065523827187
462,25466.065269232215
463,25466.06546033595
464,25466.06551934394
465,25466.06537379704
466,25466.06543360362
467,25466.065347633896
468,25466.065632468308
469,25466.065368449457
470,25466.06547958604
471,25466.065510311837
472,25466.065408225793
473,25466.065400961168
474,25466.065639980887
475,25466.065442612533
476,25466.065616791468
477,25466.065345264655
478,25466.065456346754
479,25466.065484152816
480,25466.06543488496
481,25466.06536337196
482,25466.065511782184
483,25466.065441673534
484,25466.06542293317
485,25466.06544010899
486,25466.065443874646
487,25466.065395004185
488,25466.065452999916
489,25466.065304899443
490,22244.046628461136
491,22244.0466284611
492,22244.04662846113
493,22244.046628461147
494,22244.046628461143
495,22244.046628461136
496,22244.046628461118
497,22244.046628461114
498,22244.046628461125
499,22244.046753618826
500,22244.04661462633
501,22244.046632918777
502,22244.046698434475
503,22244.04656068988
504,22244.046531217675
505,22244.046619319954
506,22244.04652056985
507,22244.04648608997
508,22244.04668278095
509,22244.046569637074
510,22244.046674207115
511,22244.046812949317
512,22244.046686827507
513,22244.046652689274
514,22244.046546606685
515,22244.046636742067
516,22244.046794883885
517,22244.046741617905
518,22244.04669114694
519,22244.046650387663
520,22244.046672792465
521,22244.046539787123
522,22244.046586611184
523,22244.046723005653
524,22244.04657950679
525,22244.046715920653
526,22244.046542068638
527,22244.046753652496
528,22244.04661518472
529,22244.04665092905
530,22244.046554984732
531,22244.046604950836
532,22244.04661969226
533,22244.046576159566
534,22244.046546661197
535,22244.046610689264
536,22244.046559474977
537,22244.046720002334
538,22244.046801906334
539,20422.183729745437
540,20422.183729745415
541,20422.183729745466
542,20422.1837297455
543,20422.183729745495
544,20422.1837297455
545,20422.1837297455
546,20422.18372974546
547,20422.18372974548
548,20422.18375369605
549,20422.183524082557
550,20422.183722294725
551,20422.18379452317
552,20422.183602578338
553,20422.1837633647
554,20422.183649753537
555,20422.18326267724
556,20422.18353158465
557,20422.183592269103
558,20422.18368964811
559,20422.183685054817
560,20422.18381350831
561,20422.183797378904
562,20422.183732912505
563,20422.183584754523
564,20422.183687323028
565,20422.183816482942
566,20422.184107824032
567,20422.183734081264
568,20422.183619751686
569,20422.183875559538
570,20422.183771486365
571,20422.183699146943
572,20422.184120619695
573,20422.183633299654
574,20422.18380313044
575,20422.183931170675
576,20422.183542422692
577,20422.18320818592
578,20422.183691350532
579,20422.183803993194
580,20422.183702543694
581,20422.18371733141
582,20422.18377460761
583,20422.183671578638
584,20422.18357975942
585,20422.183518236343
586,20422.183536826844
587,20422.18363874257
588,18133.371697137736
589,18133.371697137733
590,18133.37169713773
591,18133.371697137707
592,18133.371697137747
593,18133.371697137747
594,18133.37169713776
595,18133.37169713776
596,18133.37169713776
597,18133.371727282694
598,18133.37158031579
599,18133.37168196289
600,18133.371801952555
601,18133.37166142097
602,18133.371620635673
603,18133.371470852326
604,18133.371356306114
605,18133.37157430098
606,18133.371602343774
607,18133.371628751946
608,18133.371698943258
609,18133.371786191936
610,18133.371720812076
611,18133.371695451842
612,18133.37163861943
613,18133.371661543533
614,18133.37162654594
615,18133.371914242845
616,18133.371497926066
617,18133.371609541264
618,18133.37179534516
619,18133.371671777684
620,18133.371659779667
621,18133.371661181205
622,18133.371631363385
623,18133.37175038239
624,18133.37171234334
625,18133.371777007047
626,18133.37160892298
627,18133.37184932579
628,18133.371577597867
629,18133.371684285044
630,18133.37169657711
631,18133.37171955023
632,18133.371643188548
633,18133.37142813318
634,18133.371563502285
635,18133.371765248656
636,18133.37178570605
637,15979.277834328583
638,15979.277834328577
639,15979.277834328606
640,15979.277834328599
641,15979.277834328605
642,15979.277834328583
643,15979.277834328588
644,15979.277834328564
645,15979.277834328583
646,15979.277830137164
647,15979.27771181064
648,15979.277803455523
649,15979.277957482966
650,15979.277789552225
651,15979.277733288121
652,15979.277629162949
653,15979.277637079218
654,15979.277782258936
655,15979.277732688852
656,15979.277742734994
657,15979.277807318585
658,15979.2778445093
659,15979.2778056512
660,15979.277837858042
661,15979.277842785901
662,15979.277784523247
663,15979.277692281388
664,15979.277858584104
665,15979.277590961809
666,15979.277728854579
667,15979.27788992822
668,15979.277833295453
669,15979.277767800206
670,15979.277709067142
671,15979.277785623583
672,15979.2778668301
673,15979.277840287374
674,15979.27791188406
675,15979.277862608535
676,15979.278008933687
677,15979.277856378834
678,15979.277840152125
679,15979.277822005935
680,15979.277881388043
681,15979.277785330492
682,15979.277553180797
683,15979.277748174754
684,15979.27789996257
685,15979.277891420594
686,21071.9651126574
687,21071.965112657428
688,21071.965112657417
689,21071.965112657374
690,21071.96511265743
691,21071.96511265739
692,21071.965112657457
693,21071.965112657424
694,21071.965112657384
695,21071.964826584834
696,21071.96590549098
697,21071.965022398846
698,21071.965171226577
699,21071.965281903886
700,21071.965096184158
701,21071.96511573234
702,21071.965264945928
703,21071.965057922112
704,21071.96505587819
705,21071.965007359388
706,21071.964955792024
707,21071.964256798037
708,21071.965308293322
709,21071.965149166605
710,21071.96509260464
711,21071.965122420952
712,21071.965010562977
713,21071.965505798817
714,21071.9653027467
715,21071.96503402163
716,21071.96508412378
717,21071.965266361058
718,21071.964997486517
719,21071.96534504014
720,21071.965036318674
721,21071.965101453807
722,21071.966444705686
723,21071.96522095823
724,21071.96507367726
725,21071.96415547222
726,21071.96516783957
727,21071.965082713927
728,21071.965050517585
729,21071.96530241843
730,21071.965080980655
731,21071.965484414686
732,21071.965056503483
733,21071.96482253106
734,21071.964234413426
735,14549.075634191553
736,14549.075634191537
737,14549.075634191571
738,14549.07563419158
739,14549.07563419155
740,14549.075634191558
741,14549.07563419157
742,14549.075634191526
743,14549.075634191533
744,14549.075650746674
745,14549.075546643187
746,14549.075586002897
747,14549.07577570744
748,14549.075590590413
749,14549.075525106142
750,14549.075487442353
751,14549.075466022434
752,14549.075620653843
753,14549.075543324769
754,14549.07553057277
755,14549.075580800503
756,14549.075529838654
757,14549.075649473278
758,14549.07563992168
759,14549.07568475351
760,14549.075557599648
761,14549.07549616595
762,14549.075659396334
763,14549.075477915374
764,14549.0755296553
765,14549.075648274553
766,14549.075655439476
767,14549.07556070666
768,14549.075511115572
769,14549.075592183835
770,14549.075653042159
771,14549.075718327518
772,14549.075729783837
773,14549.075673583126
774,14549.07574629957
775,14549.075810258199
776,14549.075648077669
777,14549.075611076689
778,14549.075701224996
779,14549.07558694253
780,14549.075442999892
781,14549.07558215098
782,14549.07568928029
783,14549.075696465625
784,16899.34361900345
785,16899.34361900347
786,16899.34361900347
787,16899.343619003423
788,16899.343619003426
789,16899.343619003437
790,16899.34361900347
791,16899.34361900342
792,16899.343619003455
793,16899.342976148233
794,16899.344025649643
795,16899.343573827755
796,16899.343531962786
797,16899.343751562497
798,16899.343739740274
799,16899.34386499701
800,16899.34432658115
801,16899.343671018185
802,16899.343856853753
803,16899.34353806678
804,16899.343530395683
805,16899.343137201187
806,16899.34360837371
807,16899.343681514052
808,16899.34362325995
809,16899.343554178035
810,16899.343643809887
811,16899.343333687433
812,16899.34382979176
813,16899.34378133593
814,16899.343470485735
815,16899.343703496506
816,16899.343519570088
817,16899.34381843098
818,16899.343625066635
819,16899.34360344057
820,16899.344318893225
821,16899.343702262904
822,16899.34369504425
823,16899.342835692565
824,16899.343477444203
825,16899.34359663579
826,16899.343601917433
827,16899.34368180831
828,16899.343604100723
829,16899.344066719932
830,16899.34376622852
831,16899.343482278808
832,16899.34298620107
833,13176.055391161175
834,13176.05539116119
835,13176.055391161184
836,13176.055391161199
837,13176.055391161179
838,13176.055391161199
839,13176.055391161182
840,13176.05539116114
841,13176.055391161166
842,13176.055205830204
843,13176.055441772316
844,13176.055343349124
845,13176.055454748588
846,13176.055403573808
847,13176.055355862953
848,13176.055373065466
849,13176.055542325015
850,13176.055413413762
851,13176.05541734757
852,13176.055294147276
853,13176.055330098407
854,13176.055186315949
855,13176.055406153924
856,13176.055413274787
857,13176.055431306815
858,13176.055307510222
859,13176.055317116577
860,13176.055270464107
861,13176.05536188
862,13176.055378015171
863,13176.055340154615
864,13176.055429873877
865,13176.05530892477
866,13176.05536219428
867,13176.055370164557
868,13176.05539555309
869,13176.055645822185
870,13176.055484575643
871,13176.055453909208
872,13176.05522969893
873,13176.055475392785
874,13176.055399846204
875,13176.055372611654
876,13176.055448484169
877,13176.055359154323
878,13176.055436803961
879,13176.055421033836
880,13176.055402900645
881,13176.055247863687
882,12831.587437331997
883,12831.587437331957
884,12831.587437331957
885,12831.587437331984
886,12831.58743733199
887,12831.587437331984
888,12831.587437331988
889,12831.587437331977
890,12831.58743733199
891,12831.587478359004
892,12831.587346935494
893,12831.587412996609
894,12831.587446957301
895,12831.587382553382
896,12831.587470789736
897,12831.587597624648
898,12831.58776305136
899,12831.58754283418
900,12831.587627021916
901,12831.587374730569
902,12831.587401909803
903,12831.587450960842
904,12831.587412294804
905,12831.58745976739
906,12831.58746510623
907,12831.587281592949
908,12831.587403579739
909,12831.58705905303
910,12831.587577055489
911,12831.587550993869
912,12831.587298425182
913,12831.587434640363
914,12831.587363691477
915,12831.587397178939
916,12831.587473933118
917,12831.587454541255
918,12831.587235233284
919,12831.587448800885
920,12831.587443790366
921,12831.587560537779
922,12831.587718450655
923,12831.587459264341
924,12831.587439101473
925,12831.587362509936
926,12831.587402362893
927,12831.587439667268
928,12831.587592975842
929,12831.587475423203
930,12831.58753335175
931,11390.023957383071
932,11390.023957383068
933,11390.023957383068
934,11390.023957383053
935,11390.023957383068
936,11390.023957383079
937,11390.02395738309
938,11390.023957383073
939,11390.023957383082
940,11390.023996907397
941,11390.023973085112
942,11390.02392020107
943,11390.023964359912
944,11390.024008596967
945,11390.023942023823
946,11390.024030483688
947,11390.02419857424
948,11390.023992843828
949,11390.024103139787
950,11390.023900217795
951,11390.023931195161
952,11390.023941529034
953,11390.024028511467
954,11390.023971203971
955,11390.023965181601
956,11390.023870606363
957,11390.023987679826
958,11390.023834682836
959,11390.024112979372
960,11390.024045082657
961,11390.023862396774
962,11390.023955786559
963,11390.023915851723
964,11390.024006447577
965,11390.023964451246
966,11390.023967999965
967,11390.02399148312
968,11390.024052499955
969,11390.02391513367
970,11390.02387173138
971,11390.024070787487
972,11390.023952464599
973,11390.023956833229
974,11390.02391754736
975,11390.023925803187
976,11390.024091014622
977,11390.024052851231
978,11390.024032390678
979,11390.024051277142
980,10655.322550903418
981,10655.322550903433
982,10655.322550903415
983,10655.322550903415
984,10655.322550903433
985,10655.322550903435
986,10655.322550903427
987,10655.322550903424
988,10655.322550903426
989,10655.322472152473
990,10655.322580251688
991,10655.322524252288
992,10655.322533889404
993,10655.32259944381
994,10655.322526665064
995,10655.322531435217
996,10655.322626259162
997,10655.322546276584
998,10655.322565327257
999,10655.322501951567
1000,10655.322523644132
1001,10655.322477016989
1002,10655.322544088045
1003,10655.322549930594
1004,10655.32254910557
1005,10655.322501839586
1006,10655.322521242584
1007,10655.322491624085
1008,10655.32252116288
1009,10655.322540001951
1010,10655.322531116755
1011,10655.322566347313
1012,10655.322518812185
1013,10655.322553543834
1014,10655.322525506721
1015,10655.322560045533
1016,10655.322653619132
1017,10655.3226282721
1018,10655.322533791137
1019,10655.322439194342
1020,10655.322450316433
1021,10655.322558188844
1022,10655.322549216311
1023,10655.322566124145
1024,10655.322538136332
1025,10655.322602248962
1026,10655.322541110285
1027,10655.32258645385
1028,10655.322450720712
1029,10256.661330333061
1030,10256.661330333054
1031,10256.66133033306
1032,10256.661330333041
1033,10256.661330333052
1034,10256.661330333047
1035,10256.661330333032
1036,10256.661330333054
1037,10256.661330333049
1038,10256.661327433416
1039,10256.66134323506
1040,10256.661308553603
1041,10256.661296878348
1042,10256.661367097318
1043,10256.661310316596
1044,10256.661322624735
1045,10256.661319335848
1046,10256.661312721044
1047,10256.661314284434
1048,10256.661296217155
1049,10256.66130240481
1050,10256.661258486709
1051,10256.66131525826
1052,10256.661318790444
1053,10256.661314494466
1054,10256.661291796834
1055,10256.661309573037
1056,10256.661333150678
1057,10256.661312493627
1058,10256.661297810095
1059,10256.661330385454
1060,10256.66134931322
1061,10256.661310017285
1062,10256.661359348433
1063,10256.661297859573
1064,10256.661342397474
1065,10256.661393959836
1066,10256.661368696166
1067,10256.661258129223
1068,10256.661260305695
1069,10256.661245413428
1070,10256.661339481063
1071,10256.661330274448
1072,10256.661343919284
1073,10256.661319726409
1074,10256.661352374644
1075,10256.661291790491
1076,10256.661337860982
1077,10256.661237544335
1078,9771.361936308804
1079,9771.361936308824
1080,9771.361936308822
1081,9771.361936308826
1082,9771.361936308827
1083,9771.361936308813
1084,9771.361936308831
1085,9771.36193630882
1086,9771.361936308813
1087,9771.361946448042
1088,9771.361909270581
1089,9771.361920304913
1090,9771.361879389466
1091,9771.361950191855
1092,9771.361931568095
1093,9771.36194815574
1094,9771.361862948497
1095,9771.361925293768
1096,9771.361931423362
1097,9771.361917633205
1098,9771.361906998563
1099,9771.361864243197
1100,9771.361910269961
1101,9771.361922117756
1102,9771.361918466906
1103,9771.361905882064
1104,9771.3619444647
1105,9771.361994380795
1106,9771.361928833709
1107,9771.361914500232
1108,9771.361933256141
1109,9771.36195542941
1110,9771.361925642848
1111,9771.361966867617
1112,9771.361910251417
1113,9771.361950447328
1114,9771.361945732859
1115,9771.361947268595
1116,9771.361852964003
1117,9771.361910702435
1118,9771.361864371285
1119,9771.361946811267
1120,9771.361940430803
1121,9771.361936008654
1122,9771.361928384853
1123,9771.361935219265
1124,9771.361906168291
1125,9771.361932235492
1126,9771.361866773745
1127,9259.348225677206
1128,9259.348225677211
1129,9259.348225677219
1130,9259.348225677215
1131,9259.348225677219
1132,9259.3482256772
1133,9259.348225677202
1134,9259.3482256772
1135,9259.348225677215
1136,9259.348328202355
1137,9259.348178977705
1138,9259.348212276236
1139,9259.348158330598
1140,9259.34818333246
1141,9259.348235347436
1142,9259.34829450975
1143,9259.348289289075
1144,9259.348189806848
1145,9259.348192515763
1146,9259.34822154152
1147,9259.34818468923
1148,9259.348322335378
1149,9259.348196956149
1150,9259.348209173175
1151,9259.348199558992
1152,9259.348217786666
1153,9259.348312675173
1154,9259.348205241231
1155,9259.348298896204
1156,9259.34818624882
1157,9259.34825082662
1158,9259.34825493567
1159,9259.348225495845
1160,9259.348380677871
1161,9259.348189084829
1162,9259.348233441817
1163,9259.348211710781
1164,9259.348131782166
1165,9259.347980531256
1166,9259.348254535991
1167,9259.348331716605
1168,9259.34822584492
1169,9259.348225371517
1170,9259.348235639713
1171,9259.348193496868
1172,9259.348231373839
1173,9259.348169327246
1174,9259.348148229083
1175,9259.34820406037
1176,8725.54334357128
1177,8725.543343571258
1178,8725.543343571266
1179,8725.543343571266
1180,8725.54334357127
1181,8725.543343571266
1182,8725.543343571262
1183,8725.543343571277
1184,8725.543343571275
1185,8725.543463784696
1186,8725.543331102022
1187,8725.543331315332
1188,8725.54329639876
1189,8725.543311020818
1190,8725.543344155041
1191,8725.543377157412
1192,8725.543384842038
1193,8725.543337495617
1194,8725.543349101692
1195,8725.543338032165
1196,8725.54330852809
1197,8725.543389250444
1198,8725.543293937808
1199,8725.543333081609
1200,8725.543327496704
1201,8725.543329056858
1202,8725.543414489654
1203,8725.54335430529
1204,8725.543344642645
1205,8725.543333602114
1206,8725.543338814283
1207,8725.543358254698
1208,8725.543342378029
1209,8725.54338419642
1210,8725.543322802461
1211,8725.543351333228
1212,8725.543276566761
1213,8725.543314801465
1214,8725.543271308596
1215,8725.543400811635
1216,8725.543397695137
1217,8725.543347288798
1218,8725.543344364603
1219,8725.543332635794
1220,8725.54331562113
1221,8725.543334345311
1222,8725.543328328344
1223,8725.543315909743
1224,8725.543364010828
1225,8337.3532885111
1226,8337.353288511087
1227,8337.353288511094
1228,8337.35328851109
1229,8337.353288511087
1230,8337.353288511089
1231,8337.35328851108
1232,8337.353288511087
1233,8337.353288511093
1234,8337.353274187308
1235,8337.353284416826
1236,8337.353275979058
1237,8337.353251866856
1238,8337.353267798919
1239,8337.353313009375
1240,8337.353315343715
1241,8337.353315353523
1242,8337.353300234807
1243,8337.353328113506
1244,8337.35328393347
1245,8337.353249794854
1246,8337.35329464535
1247,8337.3532174552
1248,8337.353287885486
1249,8337.35327833088
1250,8337.353270786063
1251,8337.353359036146
1252,8337.353328962481
1253,8337.353246330245
1254,8337.353306729483
1255,8337.353264261126
1256,8337.353305661714
1257,8337.353282494554
1258,8337.353296884161
1259,8337.353278175005
1260,8337.353294673161
1261,8337.353272476525
1262,8337.35327532198
1263,8337.353300532492
1264,8337.353300375373
1265,8337.353289366974
1266,8337.353290318033
1267,8337.353291956173
1268,8337.353280209838
1269,8337.353263779196
1270,8337.353286175197
1271,8337.35330031712
1272,8337.353264820576
1273,8337.353306901714
1274,8045.474502792454
1275,8045.474502792461
1276,8045.474502792479
1277,8045.474502792449
1278,8045.474502792452
1279,8045.474502792459
1280,8045.474502792467
1281,8045.474502792465
1282,8045.474502792459
1283,8045.474527693938
1284,8045.474519043717
1285,8045.474496929782
1286,8045.474499021437
1287,8045.47447318753
1288,8045.47451817606
1289,8045.4744957875655
1290,8045.4745041704755
1291,8045.474527474941
1292,8045.474528521914
1293,8045.474496282029
1294,8045.474467819616
1295,8045.474516590567
1296,8045.47444248714
1297,8045.474500820706
1298,8045.474497808589
1299,8045.474477357866
1300,8045.474514926331
1301,8045.474518490982
1302,8045.474414263901
1303,8045.474512448492
1304,8045.474475572043
1305,8045.474515804863
1306,8045.474488536239
1307,8045.474439198526
1308,8045.474496607332
1309,8045.474508576122
1310,8045.474451757983
1311,8045.474499241364
1312,8045.474570314753
1313,8045.474581468042
1314,8045.4744925723335
1315,8045.4745159735885
1316,8045.474503005452
1317,8045.474492277355
1318,8045.474493439596
1319,8045.474465937484
1320,8045.474514968426
1321,8045.4744859235425
1322,8045.474531955886
1323,7716.122140703875
1324,7716.122140703882
1325,7716.122140703866
1326,7716.122140703892
1327,7716.122140703885
1328,7716.1221407038765
1329,7716.122140703879
1330,7716.122140703882
1331,7716.122140703887
1332,7716.122087294432
1333,7716.122162522173
1334,7716.122138560092
1335,7716.1221484289545
1336,7716.122142940926
1337,7716.122159835887
1338,7716.122128603757
1339,7716.12213734911
1340,7716.122161731353
1341,7716.122154009125
1342,7716.122135053308
1343,7716.122111371416
1344,7716.122137655869
1345,7716.122144607736
1346,7716.122140276757
1347,7716.122125032174
1348,7716.122124488253
1349,7716.1221168384145
1350,7716.122166454832
1351,7716.122082393513
1352,7716.122146124422
1353,7716.122116646012
1354,7716.12215786707
1355,7716.1221183530815
1356,7716.122089352332
1357,7716.122132631394
1358,7716.122146690978
1359,7716.122168845516
1360,7716.12213391044
1361,7716.122156623717
1362,7716.122161194921
1363,7716.122061777964
1364,7716.122155417527
1365,7716.122137484278
1366,7716.122144764452
1367,7716.122153229125
1368,7716.1221331462575
1369,7716.12214087632
1370,7716.122116273118
1371,7716.122120468061
1372,7500.901977185377
1373,7500.901977185366
1374,7500.901977185379
1375,7500.901977185369
1376,7500.9019771853655
1377,7500.901977185367
1378,7500.901977185372
1379,7500.901977185384
1380,7500.901977185386
1381,7500.901993002793
1382,7500.9020092439005
1383,7500.901979973316
1384,7500.902005376357
1385,7500.901967994178
1386,7500.901981494968
1387,7500.9019699111805
1388,7500.901950085834
1389,7500.901986841041
1390,7500.901956122724
1391,7500.901969540869
1392,7500.901956069076
1393,7500.901991773726
1394,7500.9020021552415
1395,7500.901966121387
1396,7500.9019709120175
1397,7500.901957341968
1398,7500.9019457696095
1399,7500.9020090482045
1400,7500.901944337387
1401,7500.901958881948
1402,7500.901970848788
1403,7500.901990992264
1404,7500.901958017969
1405,7500.901937188463
1406,7500.901963256012
1407,7500.9019821737875
1408,7500.901985357645
1409,7500.9019593077255
1410,7500.901963930828
1411,7500.902035833865
1412,7500.90195814767
1413,7500.901993075945
1414,7500.901971570021
1415,7500.901987764387
1416,7500.90199042489
1417,7500.901955437184
1418,7500.901950371684
1419,7500.901957537021
1420,7500.90200901854
1421,7227.653829688897
1422,7227.653829688909
1423,7227.653829688901
1424,7227.653829688889
1425,7227.6538296888875
1426,7227.65382968889
1427,7227.653829688882
1428,7227.653829688889
1429,7227.653829688889
1430,7227.6538474340705
1431,7227.653883599561
1432,7227.653834283906
1433,7227.653858637536
1434,7227.653838429276
1435,7227.653818725881
1436,7227.65384672679
1437,7227.6538265742165
1438,7227.653824621653
1439,7227.653788319107
1440,7227.653823950924
1441,7227.653819216006
1442,7227.6538229787
1443,7227.653863706677
1444,7227.653811870469
1445,7227.653825223261
1446,7227.653824226176
1447,7227.653821264246
1448,7227.653852866257
1449,7227.653834073126
1450,7227.653798634094
1451,7227.65383724024
1452,7227.653840077202
1453,7227.653818011358
1454,7227.653837415944
1455,7227.653808984083
1456,7227.653832449555
1457,7227.653861791933
1458,7227.653804705577
1459,7227.653786314206
1460,7227.653825304032
1461,7227.6538164223
1462,7227.6538407383905
1463,7227.653822733178
1464,7227.653847624332
1465,7227.653835416641
1466,7227.653836223513
1467,7227.653781105288
1468,7227.653813151866
1469,7227.653837421515
1470,7010.274638225665
1471,7010.274638225679
1472,7010.274638225683
1473,7010.274638225685
1474,7010.274638225672
1475,7010.274638225671
1476,7010.274638225677
1477,7010.274638225665
1478,7010.274638225671
1479,7010.274623039261
1480,7010.274628585043
1481,7010.2746463316425
1482,7010.274666611827
1483,7010.274602165957
1484,7010.274624566828
1485,7010.274673516689
1486,7010.27464112377
1487,7010.274635263096
1488,7010.274599048719
1489,7010.274629191435
1490,7010.274632106647
1491,7010.274665898003
1492,7010.274667860912
1493,7010.274623058207
1494,7010.27464723025
1495,7010.274629699888
1496,7010.274638869695
1497,7010.274605686194
1498,7010.274659749267
1499,7010.274608590161
1500,7010.274648601992
1501,7010.2746412857105
1502,7010.274625669728
1503,7010.274641167099
1504,7010.274623433826
1505,7010.274638244563
1506,7010.2746175364255
1507,7010.274612108524
1508,7010.27458712646
1509,7010.274683776383
1510,7010.274680825353
1511,7010.2746517022415
1512,7010.274632529892
1513,7010.274650484784
1514,7010.2746444490385
1515,7010.274621557924
1516,7010.274598218458
1517,7010.274635352836
1518,7010.274677116064
1519,6854.9149774754005
1520,6854.914977475399
1521,6854.914977475399
1522,6854.914977475395
1523,6854.914977475399
1524,6854.914977475402
1525,6854.914977475393
1526,6854.914977475401
1527,6854.914977475401
1528,6854.915011901123
1529,6854.914973864806
1530,6854.914992617528
1531,6854.914978472545
1532,6854.914966295224
1533,6854.914966799008
1534,6854.9150613510665
1535,6854.915019072175
1536,6854.914971300849
1537,6854.914934284329
1538,6854.914985187745
1539,6854.91498515103
1540,6854.914977005992
1541,6854.914975588082
1542,6854.914941235786
1543,6854.915017887599
1544,6854.914995412636
1545,6854.914993110947
1546,6854.914928091956
1547,6854.915017311547
1548,6854.914950204764
1549,6854.914993366217
1550,6854.914988845208
1551,6854.914987920806
1552,6854.915038003995
1553,6854.914961908051
1554,6854.914982925145
1555,6854.91493969462
1556,6854.91487957571
1557,6854.914917838734
1558,6854.9149555344275
1559,6854.91504722831
1560,6854.914989719386
1561,6854.914978564651
1562,6854.914982325574
1563,6854.914973728459
1564,6854.914985870043
1565,6854.914918026347
1566,6854.914922149991
1567,6854.914952829141
1568,6683.542339550258
1569,6683.542339550249
1570,6683.542339550252
1571,6683.542339550246
1572,6683.542339550255
1573,6683.54233955025
1574,6683.542339550254
1575,6683.542339550252
1576,6683.542339550257
1577,6683.542310300408
1578,6683.542318980111
1579,6683.542339969389
1580,6683.542325313344
1581,6683.542331173106
1582,6683.542320742578
1583,6683.542383939701
1584,6683.542402158829
1585,6683.542354486221
1586,6683.542384910607
1587,6683.542338061227
1588,6683.542328339677
1589,6683.542318718792
1590,6683.5423509110215
1591,6683.542342202244
1592,6683.542340570219
1593,6683.542361411221
1594,6683.542388674808
1595,6683.542318223333
1596,6683.542364652708
1597,6683.542370983336
1598,6683.542314037286
1599,6683.542334316048
1600,6683.542335309599
1601,6683.542357249906
1602,6683.542344152577
1603,6683.542338327653
1604,6683.542373500989
1605,6683.54234713284
1606,6683.542331030589
1607,6683.542285958835
1608,6683.542322239899
1609,6683.542340800506
1610,6683.5423374112725
1611,6683.542322545443
1612,6683.5423275928115
1613,6683.5423675397515
1614,6683.542371342128
1615,6683.542338982533
1616,6683.5423239312195
1617,6557.836327150016
1618,6557.8363271500175
1619,6557.836327150023
1620,6557.8363271500175
1621,6557.836327150016
1622,6557.8363271500175
1623,6557.836327150017
1624,6557.836327150016
1625,6557.836327150014
1626,6557.836321608861
1627,6557.836307726263
1628,6557.836335170842
1629,6557.836322563633
1630,6557.836308499317
1631,6557.836304644653
1632,6557.836341655365
1633,6557.83632975532
1634,6557.836340437303
1635,6557.836344574237
1636,6557.836327031605
1637,6557.836319325156
1638,6557.83631284809
1639,6557.836340595291
1640,6557.836322185146
1641,6557.836329922765
1642,6557.836346142434
1643,6557.836338315579
1644,6557.8363155196375
1645,6557.836318415224
1646,6557.836339450682
1647,6557.836313824224
1648,6557.836323650793
1649,6557.836322458462
1650,6557.836316780951
1651,6557.836330678104
1652,6557.836327929133
1653,6557.836325604354
1654,6557.836321822313
1655,6557.836326103976
1656,6557.836331789584
1657,6557.836314583494
1658,6557.836336351427
1659,6557.836325381909
1660,6557.8363138218165
1661,6557.836325795403
1662,6557.836317254942
1663,6557.8363401546
1664,6557.836323867236
1665,6557.836317971525
1666,6467.802459576453
1667,6467.802459576458
1668,6467.802459576458
1669,6467.802459576462
1670,6467.802459576455
1671,6467.802459576458
1672,6467.802459576455
1673,6467.802459576458
1674,6467.80245957646
1675,6467.8024820839655
1676,6467.8024389997
1677,6467.802475499806
1678,6467.802455603658
1679,6467.802444481756
1680,6467.802437498911
1681,6467.802467517112
1682,6467.80241975712
1683,6467.802466414362
1684,6467.802452362785
1685,6467.80246132544
1686,6467.80246089181
1687,6467.802460446322
1688,6467.802445618219
1689,6467.802442832969
1690,6467.802473551814
1691,6467.802480384196
1692,6467.802448581118
1693,6467.802459364773
1694,6467.8024444739585
1695,6467.802456558875
1696,6467.802460705847
1697,6467.8024577531505
1698,6467.802463219712
1699,6467.802465017497
1700,6467.802460756689
1701,6467.802461936395
1702,6467.802442547207
1703,6467.802412894237
1704,6467.802442343096
1705,6467.802496075642
1706,6467.8024935666535
1707,6467.802473072178
1708,6467.802459955993
1709,6467.802448667981
1710,6467.80245945009
1711,6467.8024265761715
1712,6467.802450380429
1713,6467.802444008712
1714,6467.802465041615
1715,6388.904729081356
1716,6388.904729081357
1717,6388.904729081353
1718,6388.904729081359
1719,6388.90472908136
1720,6388.904729081353
1721,6388.90472908136
1722,6388.904729081355
1723,6388.904729081351
1724,6388.904735276958
1725,6388.904725935711
1726,6388.904745457219
1727,6388.904728733365
1728,6388.904717716845
1729,6388.904699240484
1730,6388.90471885197
1731,6388.904687379351
1732,6388.904732244092
1733,6388.904715226677
1734,6388.904726916061
1735,6388.904731062406
1736,6388.904725788084
1737,6388.9047383260295
1738,6388.904715215282
1739,6388.904739352714
1740,6388.904749844932
1741,6388.904708697401
1742,6388.9047307352
1743,6388.904694062719
1744,6388.90472103565
1745,6388.904734305324
1746,6388.9047228670515
1747,6388.9047316241995
1748,6388.904711614149
1749,6388.904728654512
1750,6388.904729027469
1751,6388.904723264186
1752,6388.904709831968
1753,6388.904731595814
1754,6388.904761285566
1755,6388.90472246777
1756,6388.904742841975
1757,6388.9047280457025
1758,6388.904721678908
1759,6388.904729229266
1760,6388.904692057044
1761,6388.904718582822
1762,6388.904728942884
1763,6388.904726207283
1764,6252.162074387474
1765,6252.162074387476
1766,6252.162074387476
1767,6252.162074387477
1768,6252.162074387478
1769,6252.162074387478
1770,6252.162074387476
1771,6252.16207438748
1772,6252.162074387478
1773,6252.1620859169925
1774,6252.162075731107
1775,6252.16208915512
1776,6252.16206755787
1777,6252.162071161105
1778,6252.1620519525395
1779,6252.162067038598
1780,6252.162064009336
1781,6252.162071818797
1782,6252.162076060246
1783,6252.162069714848
1784,6252.162077717924
1785,6252.162089557544
1786,6252.162096783432
1787,6252.1620648274875
1788,6252.162078571804
1789,6252.162085418701
1790,6252.162062563549
1791,6252.162077823541
1792,6252.162059752371
1793,6252.1620794016935
1794,6252.16208005776
1795,6252.162062575568
1796,6252.162079794977
1797,6252.162069239352
1798,6252.162073156689
1799,6252.162071602838
1800,6252.162084924695
1801,6252.162070204671
1802,6252.16206904643
1803,6252.162093563882
1804,6252.16207437201
1805,6252.1620823122485
1806,6252.162073786513
1807,6252.162065059589
1808,6252.162068523695
1809,6252.162054611976
1810,6252.1620752946665
1811,6252.162087425465
1812,6252.1621005911475
1813,6160.773404261057
1814,6160.77340426106
1815,6160.773404261059
1816,6160.77340426106
1817,6160.773404261059
1818,6160.773404261062
1819,6160.773404261056
1820,6160.7734042610555
1821,6160.773404261053
1822,6160.773342263221
1823,6160.773398371096
1824,6160.773410889401
1825,6160.773387111997
1826,6160.773407213207
1827,6160.773403878917
1828,6160.773405465964
1829,6160.773415141426
1830,6160.773392085652
1831,6160.773411273555
1832,6160.773403710449
1833,6160.773401798611
1834,6160.773373648081
1835,6160.773412509325
1836,6160.773401685395
1837,6160.773393414102
1838,6160.773405747164
1839,6160.773427422619
1840,6160.773429586164
1841,6160.77340306413
1842,6160.773411899819
1843,6160.773411842367
1844,6160.773395941788
1845,6160.77341432539
1846,6160.773402773993
1847,6160.773396703777
1848,6160.773401338756
1849,6160.773484473203
1850,6160.773450382147
1851,6160.773402543143
1852,6160.773339033031
1853,6160.773321745918
1854,6160.773404050382
1855,6160.773403918515
1856,6160.773405406126
1857,6160.773389423548
1858,6160.773412140769
1859,6160.773405212682
1860,6160.773420514272
1861,6160.773367883559
1862,6092.605365614733
1863,6092.605365614732
1864,6092.605365614737
1865,6092.605365614733
1866,6092.605365614733
1867,6092.605365614737
1868,6092.605365614733
1869,6092.605365614739
1870,6092.605365614739
1871,6092.605373415364
1872,6092.605362606953
1873,6092.605377882058
1874,6092.6053424078955
1875,6092.605365356118
1876,6092.60536819669
1877,6092.605363139925
1878,6092.6053732854425
1879,6092.60534833566
1880,6092.60536413697
1881,6092.605369996255
1882,6092.605374590801
1883,6092.605372976637
1884,6092.605376890406
1885,6092.60534949105
1886,6092.605371508599
1887,6092.605359321634
1888,6092.605371221291
1889,6092.605389470279
1890,6092.60536003842
1891,6092.605370710829
1892,6092.60538273756
1893,6092.605358365785
1894,6092.6053856891085
1895,6092.605376278164
1896,6092.605356062975
1897,6092.605364849596
1898,6092.605380518568
1899,6092.60537954436
1900,6092.605359088021
1901,6092.605340884458
1902,6092.605343572121
1903,6092.605367341374
1904,6092.605369002529
1905,6092.605362252928
1906,6092.605349094509
1907,6092.605362800759
1908,6092.605353948455
1909,6092.605371019992
1910,6092.605362393455
1911,6037.210351893408
1912,6037.210351893404
1913,6037.210351893404
1914,6037.210351893399
1915,6037.210351893409
1916,6037.210351893409
1917,6037.2103518934
1918,6037.210351893407
1919,6037.21035189341
1920,6037.210359306856
1921,6037.210360010523
1922,6037.210363350267
1923,6037.210340016461
1924,6037.210334384071
1925,6037.210354245662
1926,6037.21034041839
1927,6037.210362165247
1928,6037.210340779597
1929,6037.2103608882535
1930,6037.210353621077
1931,6037.210357578627
1932,6037.2103659700415
1933,6037.2103674838345
1934,6037.210339849834
1935,6037.2103535073065
1936,6037.210334148229
1937,6037.21034756995
1938,6037.210364246836
1939,6037.210337756622
1940,6037.210363424227
1941,6037.210363320013
1942,6037.210341474111
1943,6037.210363803
1944,6037.2103377941285
1945,6037.210345778834
1946,6037.210350038955
1947,6037.210328387823
1948,6037.210384349332
1949,6037.210359336968
1950,6037.210350852026
1951,6037.210325462381
1952,6037.210355120535
1953,6037.210355607756
1954,6037.210346212823
1955,6037.210342521635
1956,6037.210346350928
1957,6037.210352854723
1958,6037.210364870269
1959,6037.210362916276
1960,5949.133291858849
1961,5949.133291858839
1962,5949.133291858844
1963,5949.133291858846
1964,5949.133291858847
1965,5949.133291858845
1966,5949.133291858841
1967,5949.133291858839
1968,5949.133291858848
1969,5949.13328984107
1970,5949.133300298142
1971,5949.133301969742
1972,5949.133296783964
1973,5949.133271306005
1974,5949.1333045740585
1975,5949.133283916589
1976,5949.133289523288
1977,5949.133284404017
1978,5949.133294343456
1979,5949.133288941472
1980,5949.133299172256
1981,5949.133324577152
1982,5949.133315713904
1983,5949.133280357889
1984,5949.133294823109
1985,5949.133261813541
1986,5949.133277807627
1987,5949.133295214606
1988,5949.133287491981
1989,5949.133295378793
1990,5949.133301523814
1991,5949.133280474178
1992,5949.133297185721
1993,5949.133290369135
1994,5949.133285546752
1995,5949.133289024743
1996,5949.133233145465
1997,5949.133290982146
1998,5949.133278619338
1999,5949.133313466617
2000,5949.133316917798
2001,5949.13329797882
2002,5949.133295623833
2003,5949.133288780632
2004,5949.133289349386
2005,5949.133281615892
2006,5949.1332902921
2007,5949.13330181873
2008,5949.1333032337525
2009,5881.307720195083
2010,5881.307720195088
2011,5881.307720195088
2012,5881.307720195089
2013,5881.307720195089
2014,5881.30772019509
2015,5881.307720195086
2016,5881.307720195089
2017,5881.307720195092
2018,5881.307739190778
2019,5881.307751057607
2020,5881.307729529511
2021,5881.30773096216
2022,5881.307711766204
2023,5881.307721591181
2024,5881.307707625775
2025,5881.30770336143
2026,5881.30771931508
2027,5881.3077168876025
2028,5881.307716470046
2029,5881.3077255339995
2030,5881.307724642088
2031,5881.307726630076
2032,5881.307709175606
2033,5881.3077257059995
2034,5881.30769932338
2035,5881.307699820892
2036,5881.307724289628
2037,5881.307699513671
2038,5881.3077162471645
2039,5881.307725269516
2040,5881.307709015718
2041,5881.307722953839
2042,5881.307713895461
2043,5881.30771611836
2044,5881.30771649793
2045,5881.3076716644455
2046,5881.307711105745
2047,5881.307721312063
2048,5881.307738666963
2049,5881.3077449914135
2050,5881.307728075128
2051,5881.307722278969
2052,5881.30771714298
2053,5881.307715760416
2054,5881.3077034323405
2055,5881.307719522869
2056,5881.307726092563
2057,5881.307719641487
2058,5781.115384548693
2059,5781.115384548695
2060,5781.115384548696
2061,5781.115384548697
2062,5781.115384548697
2063,5781.115384548697
2064,5781.115384548693
2065,5781.115384548697
2066,5781.115384548693
2067,5781.115382914582
2068,5781.115406397462
2069,5781.115390621341
2070,5781.115391192462
2071,5781.115396083728
2072,5781.115386216524
2073,5781.115380762096
2074,5781.115369385496
2075,5781.115385089366
2076,5781.115375788646
2077,5781.115381310947
2078,5781.1153875708205
2079,5781.11538055687
2080,5781.115382314049
2081,5781.115376558375
2082,5781.115386665355
2083,5781.115378417964
2084,5781.115369721171
2085,5781.11538851101
2086,5781.115371200758
2087,5781.115375333938
2088,5781.115388489909
2089,5781.115377637906
2090,5781.115386832194
2091,5781.1153988372835
2092,5781.115380386673
2093,5781.11538101278
2094,5781.115380724367
2095,5781.115353849083
2096,5781.115368510001
2097,5781.11537999265
2098,5781.115407969721
2099,5781.115390942754
2100,5781.115385458209
2101,5781.115384627275
2102,5781.115378085916
2103,5781.115371595571
2104,5781.1153811079175
2105,5781.115382130209
2106,5781.115356280513
2107,5673.7125980313185
2108,5673.712598031322
2109,5673.712598031319
2110,5673.712598031316
2111,5673.712598031313
2112,5673.712598031317
2113,5673.712598031319
2114,5673.7125980313185
2115,5673.71259803132
2116,5673.7126318906385
2117,5673.7126135837925
2118,5673.7126003521225
2119,5673.712596013727
2120,5673.7126171504315
2121,5673.712599620788
2122,5673.712598558085
2123,5673.712591220297
2124,5673.712595196947
2125,5673.712586135764
2126,5673.712597623949
2127,5673.712599078003
2128,5673.712595439603
2129,5673.712584430151
2130,5673.712589741496
2131,5673.712594895242
2132,5673.712595631675
2133,5673.712606408305
2134,5673.712609150975
2135,5673.712594736424
2136,5673.712586672796
2137,5673.712603149856
2138,5673.712596095856
2139,5673.712604527928
2140,5673.712630090352
2141,5673.712593809175
2142,5673.712594301092
2143,5673.712617781824
2144,5673.7125654386045
2145,5673.712582507288
2146,5673.712583492891
2147,5673.712639678823
2148,5673.712600007229
2149,5673.712598336537
2150,5673.7125988974785
2151,5673.712586931779
2152,5673.712589953973
2153,5673.712592510841
2154,5673.712592032854
2155,5673.71258499078
2156,5616.799347965543
2157,5616.799347965552
2158,5616.799347965549
2159,5616.799347965549
2160,5616.799347965551
2161,5616.799347965548
2162,5616.799347965551
2163,5616.799347965544
2164,5616.799347965547
2165,5616.799319366184
2166,5616.799327830971
2167,5616.799354005676
2168,5616.799343080104
2169,5616.799350474271
2170,5616.799347642709
2171,5616.79935042584
2172,5616.79932681453
2173,5616.79935486515
2174,5616.799333506497
2175,5616.799346342855
2176,5616.799349171584
2177,5616.799353270464
2178,5616.79934613028
2179,5616.799343814273
2180,5616.7993360477
2181,5616.799352012737
2182,5616.7993247231525
2183,5616.799326730636
2184,5616.7993385441005
2185,5616.799340785685
2186,5616.799353595011
2187,5616.799346525602
2188,5616.79935027046
2189,5616.799346115228
2190,5616.7993494458715
2191,5616.7993463244675
2192,5616.799333294533
2193,5616.799325728903
2194,5616.799332148156
2195,5616.799366845827
2196,5616.799362232591
2197,5616.799355712092
2198,5616.799348977761
2199,5616.799345909601
2200,5616.799350657815
2201,5616.799327982171
2202,5616.799348140888
2203,5616.799343897678
2204,5616.799324513736
2205,5584.338846949337
2206,5584.338846949335
2207,5584.338846949336
2208,5584.338846949335
2209,5584.338846949337
2210,5584.338846949336
2211,5584.338846949333
2212,5584.338846949334
2213,5584.338846949336
2214,5584.338848314711
2215,5584.338841932157
2216,5584.338849071553
2217,5584.338839768242
2218,5584.338851404022
2219,5584.338846639748
2220,5584.338852601011
2221,5584.338850115825
2222,5584.338853213277
2223,5584.338852807586
2224,5584.338848378816
2225,5584.338843748109
2226,5584.338838557105
2227,5584.338836014769
2228,5584.33884467266
2229,5584.338837287172
2230,5584.338850584709
2231,5584.33885097639
2232,5584.338852594973
2233,5584.338842413527
2234,5584.3388542551365
2235,5584.338847376791
2236,5584.338848071295
2237,5584.338850081936
2238,5584.338851703152
2239,5584.338848507584
2240,5584.338845497549
2241,5584.3388612852505
2242,5584.33884897392
2243,5584.33884879682
2244,5584.338832909319
2245,5584.338841782078
2246,5584.33884844575
2247,5584.338849626467
2248,5584.338845041215
2249,5584.338844291763
2250,5584.338842802274
2251,5584.338856006684
2252,5584.338840942005
2253,5584.338830160268
2254,5576.0405643791655
2255,5576.04056437917
2256,5576.040564379168
2257,5576.04056437917
2258,5576.0405643791655
2259,5576.040564379165
2260,5576.040564379168
2261,5576.040564379166
2262,5576.04056437917
2263,5576.040563478838
2264,5576.040564797573
2265,5576.040566691344
2266,5576.04056164399
2267,5576.040563697735
2268,5576.04056368613
2269,5576.040567488769
2270,5576.040565127624
2271,5576.040570944472
2272,5576.040567582833
2273,5576.040563719902
2274,5576.040560560549
2275,5576.040562698817
2276,5576.040552837109
2277,5576.040562167172
2278,5576.040557201681
2279,5576.040563619897
2280,5576.040564230206
2281,5576.040567639686
2282,5576.040556698011
2283,5576.040569310698
2284,5576.040564993113
2285,5576.040564785118
2286,5576.040565605538
2287,5576.040562661719
2288,5576.0405655298055
2289,5576.040562022269
2290,5576.040565484985
2291,5576.040568379478
2292,5576.040569369389
2293,5576.040563876078
2294,5576.040565320597
2295,5576.040566522934
2296,5576.040566707741
2297,5576.040563234626
2298,5576.040562985943
2299,5576.0405567803045
2300,5576.040573032859
2301,5576.040560885067
2302,5576.040560856857
2303,5558.748034224945
2304,5558.748034224948
2305,5558.748034224946
2306,5558.748034224944
2307,5558.748034224943
2308,5558.748034224945
2309,5558.748034224947
2310,5558.7480342249455
2311,5558.748034224945
2312,5558.748019276673
2313,5558.748027427851
2314,5558.748035539987
2315,5558.748032327137
2316,5558.748029486355
2317,5558.748037036229
2318,5558.748039004561
2319,5558.748040458123
2320,5558.748036253264
2321,5558.748038701106
2322,5558.748033781413
2323,5558.7480306040325
2324,5558.748038228155
2325,5558.748029371332
2326,5558.748032588012
2327,5558.748028904479
2328,5558.74802993548
2329,5558.748032674602
2330,5558.748038474542
2331,5558.748032498392
2332,5558.7480413187395
2333,5558.748037131192
2334,5558.748034542657
2335,5558.748035507696
2336,5558.748029551922
2337,5558.748033133143
2338,5558.748031968069
2339,5558.748039729898
2340,5558.748045914719
2341,5558.74803373985
2342,5558.748034245835
2343,5558.748025348244
2344,5558.748035497539
2345,5558.7480365656165
2346,5558.748034154214
2347,5558.7480331376555
2348,5558.748030210991
2349,5558.748041176673
2350,5558.74803481806
2351,5558.74803782636
2352,5546.705540290263
2353,5546.705540290267
2354,5546.7055402902615
2355,5546.705540290266
2356,5546.7055402902615
2357,5546.705540290265
2358,5546.705540290262
2359,5546.705540290265
2360,5546.705540290263
2361,5546.705542566223
2362,5546.705543900932
2363,5546.705543141511
2364,5546.705540354236
2365,5546.705542406706
2366,5546.705544734309
2367,5546.705541912227
2368,5546.705539566744
2369,5546.705538809824
2370,5546.705526961205
2371,5546.7055397777285
2372,5546.7055419882245
2373,5546.705548142732
2374,5546.705535834413
2375,5546.705534212204
2376,5546.705536297685
2377,5546.705532073384
2378,5546.705533959175
2379,5546.705541074101
2380,5546.705536881827
2381,5546.705532263903
2382,5546.7055462968465
2383,5546.705541252228
2384,5546.705543726622
2385,5546.705536937503
2386,5546.705537088867
2387,5546.705537953429
2388,5546.705534891278
2389,5546.705539794898
2390,5546.7055451164915
2391,5546.705548791647
2392,5546.705542562249
2393,5546.705543256311
2394,5546.705540418565
2395,5546.705540965704
2396,5546.70554026611
2397,5546.705533647131
2398,5546.705533862822
2399,5546.705540562413
2400,5546.705552010481
2401,5534.261703701184
2402,5534.261703701187
2403,5534.261703701182
2404,5534.261703701182
2405,5534.261703701185
2406,5534.261703701184
2407,5534.261703701186
2408,5534.261703701184
2409,5534.261703701188
2410,5534.261710591697
2411,5534.26170656407
2412,5534.261706886537
2413,5534.261705432317
2414,5534.261706081742
2415,5534.26170681544
2416,5534.261707761162
2417,5534.261703117734
2418,5534.261705728
2419,5534.261696800345
2420,5534.261703343916
2421,5534.261706344444
2422,5534.261712034528
2423,5534.261703032221
2424,5534.261697267559
2425,5534.2617049042865
2426,5534.261696766328
2427,5534.261692630869
2428,5534.2617005349175
2429,5534.261703484677
2430,5534.261700563512
2431,5534.261706738789
2432,5534.261703107918
2433,5534.261706043933
2434,5534.261700371995
2435,5534.261702128126
2436,5534.261701478233
2437,5534.261694214787
2438,5534.261696892159
2439,5534.261706226296
2440,5534.261715688408
2441,5534.261711789222
2442,5534.261707006846
2443,5534.26170433806
2444,5534.261702496423
2445,5534.261702840511
2446,5534.261697558561
2447,5534.261701218337
2448,5534.261704388424
2449,5534.261718526637
2450,5561.967268151175
2451,5561.967268151173
2452,5561.967268151173
2453,5561.967268151169
2454,5561.967268151169
2455,5561.967268151172
2456,5561.967268151171
2457,5561.967268151173
2458,5561.967268151172
2459,5561.967185123445
2460,5561.967285746638
2461,5561.967266400185
2462,5561.967280162485
2463,5561.967279991155
2464,5561.967276536646
2465,5561.967279403431
2466,5561.967284846711
2467,5561.967271483669
2468,5561.967270887675
2469,5561.967265701651
2470,5561.967268990703
2471,5561.967225591329
2472,5561.967269688131
2473,5561.967269207991
2474,5561.967262030842
2475,5561.967262228177
2476,5561.9672642986325
2477,5561.967265397652
2478,5561.967277882257
2479,5561.967267371218
2480,5561.9672636241
2481,5561.967264894006
2482,5561.967264257831
2483,5561.967256450928
2484,5561.967266078248
2485,5561.967265319624
2486,5561.967322702055
2487,5561.967286937303
2488,5561.967271588641
2489,5561.967198730256
2490,5561.967192374421
2491,5561.967270399677
2492,5561.9672695026975
2493,5561.9672708026155
2494,5561.967271729228
2495,5561.967286446551
2496,5561.967268403787
2497,5561.967271478877
2498,5561.96720369929
2499,5527.036743017679
2500,5527.036743017679
2501,5527.036743017679
2502,5527.0367430176775
2503,5527.03674301768
2504,5527.036743017681
2505,5527.0367430176775
2506,5527.036743017679
2507,5527.036743017678
2508,5527.036721713641
2509,5527.036750159712
2510,5527.036744589997
2511,5527.03674751765
2512,5527.036748771393
2513,5527.036747594374
2514,5527.036749243186
2515,5527.036748164135
2516,5527.036745458602
2517,5527.036739880767
2518,5527.036742135876
2519,5527.036745060373
2520,5527.036734838079
2521,5527.036743048945
2522,5527.036739125735
2523,5527.036741557742
2524,5527.036737008072
2525,5527.036734287525
2526,5527.036740496213
2527,5527.036745761852
2528,5527.036741257433
2529,5527.036743573822
2530,5527.0367415326045
2531,5527.036743507644
2532,5527.036737419947
2533,5527.036741389597
2534,5527.036740670131
2535,5527.036754398887
2536,5527.036744398123
2537,5527.03674598547
2538,5527.036728451095
2539,5527.036723991493
2540,5527.036745880082
2541,5527.036743933534
2542,5527.0367429083535
2543,5527.036743358271
2544,5527.036744948523
2545,5527.0367418023025
2546,5527.036744469928
2547,5527.036732579449
2548,5518.315025877204
2549,5518.315025877208
2550,5518.315025877205
2551,5518.315025877205
2552,5518.315025877203
2553,5518.315025877203
2554,5518.315025877201
2555,5518.315025877203
2556,5518.315025877202
2557,5518.315015946829
2558,5518.3150306281395
2559,5518.3150268418285
2560,5518.315030393994
2561,5518.315033161153
2562,5518.3150310144865
2563,5518.315033904924
2564,5518.31503123953
2565,5518.315030587429
2566,5518.315027692736
2567,5518.3150256257595
2568,5518.315028694991
2569,5518.315016522345
2570,5518.315027104162
2571,5518.315021375577
2572,5518.315025805336
2573,5518.315020575074
2574,5518.3150215927335
2575,5518.315022360049
2576,5518.315032485307
2577,5518.315027491083
2578,5518.315023969084
2579,5518.315024259129
2580,5518.315026474082
2581,5518.315027244532
2582,5518.315025626559
2583,5518.315023771403
2584,5518.315035864957
2585,5518.315018377697
2586,5518.3150279674255
2587,5518.315010094876
2588,5518.315020994789
2589,5518.315028058121
2590,5518.315027328299
2591,5518.315024422571
2592,5518.3150249164655
2593,5518.315029747734
2594,5518.315027329632
2595,5518.315025341177
2596,5518.315019450122
2597,5506.960852271254
2598,5506.960852271252
2599,5506.960852271252
2600,5506.960852271255
2601,5506.960852271254
2602,5506.960852271253
2603,5506.960852271255
2604,5506.960852271252
2605,5506.960852271253
2606,5506.960858786961
2607,5506.960862245923
2608,5506.960853825757
2609,5506.960858410413
2610,5506.960852859408
2611,5506.960851838657
2612,5506.960850079742
2613,5506.960850130614
2614,5506.9608587699395
2615,5506.9608536444
2616,5506.960851557565
2617,5506.960854794665
2618,5506.960844170477
2619,5506.960850581137
2620,5506.960847415329
2621,5506.960855733133
2622,5506.96084751248
2623,5506.960846630573
2624,5506.960848489755
2625,5506.960846688588
2626,5506.960853383056
2627,5506.960849873132
2628,5506.9608496487845
2629,5506.960852439942
2630,5506.960844760529
2631,5506.960853765304
2632,5506.960849806784
2633,5506.960847857529
2634,5506.960848105373
2635,5506.960863542158
2636,5506.960850446755
2637,5506.960853595733
2638,5506.9608552123
2639,5506.9608540963645
2640,5506.960850188802
2641,5506.960850775495
2642,5506.960851279925
2643,5506.960855403752
2644,5506.960853607797
2645,5506.9608551134625
2646,5497.917239114227
2647,5497.917239114225
2648,5497.9172391142265
2649,5497.917239114224
2650,5497.917239114226
2651,5497.917239114226
2652,5497.9172391142265
2653,5497.9172391142265
2654,5497.917239114224
2655,5497.917244864844
2656,5497.9172356320205
2657,5497.917238384691
2658,5497.917243606139
2659,5497.917237843304
2660,5497.917242052743
2661,5497.9172377371115
2662,5497.917238653196
2663,5497.917242939594
2664,5497.917244535602
2665,5497.91723955616
2666,5497.917241236225
2667,5497.917231931808
2668,5497.917239777518
2669,5497.9172347776675
2670,5497.9172406850885
2671,5497.917233971601
2672,5497.917244611105
2673,5497.917237232351
2674,5497.917240482483
2675,5497.917243484035
2676,5497.917237146368
2677,5497.91723788618
2678,5497.917240219072
2679,5497.917243553625
2680,5497.917240148651
2681,5497.917237049216
2682,5497.917241606077
2683,5497.917229638582
2684,5497.917241178321
2685,5497.917233196554
2686,5497.917255948614
2687,5497.917239628174
2688,5497.9172416527235
2689,5497.917237778089
2690,5497.917236324281
2691,5497.9172426849855
2692,5497.917242611275
2693,5497.917239543744
2694,5497.9172488838885
2695,5490.129514537614
2696,5490.129514537619
2697,5490.129514537617
2698,5490.129514537615
2699,5490.129514537615
2700,5490.129514537618
2701,5490.129514537616
2702,5490.129514537616
2703,5490.129514537618
2704,5490.129520441349
2705,5490.129511968154
2706,5490.129514041302
2707,5490.129518142273
2708,5490.1295090682725
2709,5490.12951494973
2710,5490.129507356508
2711,5490.129511207079
2712,5490.129516933115
2713,5490.129517030428
2714,5490.129515200682
2715,5490.129515556861
2716,5490.129508736263
2717,5490.129513621367
2718,5490.129510949364
2719,5490.129515491652
2720,5490.129509762013
2721,5490.129517286027
2722,5490.129513382692
2723,5490.129509096912
2724,5490.129516848455
2725,5490.129513913788
2726,5490.129513578611
2727,5490.129515649141
2728,5490.129511158474
2729,5490.129515593708
2730,5490.12951253847
2731,5490.129514236103
2732,5490.1295139614895
2733,5490.129518227241
2734,5490.129515415398
2735,5490.129522924502
2736,5490.129515292802
2737,5490.129516830442
2738,5490.129514094826
2739,5490.129512557717
2740,5490.129516083419
2741,5490.129516911411
2742,5490.129517316748
2743,5490.129525088283
2744,5479.83478935189
2745,5479.834789351893
2746,5479.834789351893
2747,5479.834789351891
2748,5479.834789351891
2749,5479.834789351892
2750,5479.834789351891
2751,5479.834789351892
2752,5479.834789351889
2753,5479.83479374573
2754,5479.834786358975
2755,5479.834788803293
2756,5479.834791241946
2757,5479.834784706614
2758,5479.834789023797
2759,5479.834781580211
2760,5479.834786763613
2761,5479.834789453888
2762,5479.8347884522545
2763,5479.834790955159
2764,5479.834789723339
2765,5479.834785704209
2766,5479.834789444682
2767,5479.834786550299
2768,5479.834788459702
2769,5479.834785542854
2770,5479.8347883472325
2771,5479.834787099432
2772,5479.8347845498165
2773,5479.834788599652
2774,5479.834789558163
2775,5479.834789337696
2776,5479.834790367789
2777,5479.834784461849
2778,5479.834789902031
2779,5479.834787822876
2780,5479.834792648419
2781,5479.834792072433
2782,5479.834785794424
2783,5479.834792335329
2784,5479.83479022522
2785,5479.834789864037
2786,5479.834790842436
2787,5479.834790120621
2788,5479.83478884988
2789,5479.834792445676
2790,5479.8347889784
2791,5479.834793324656
2792,5479.834797061
2793,5467.286924347391
2794,5467.286924347391
2795,5467.286924347391
2796,5467.28692434739
2797,5467.28692434739
2798,5467.28692434739
2799,5467.286924347391
2800,5467.2869243473915
2801,5467.28692434739
2802,5467.286923692878
2803,5467.286923277626
2804,5467.286924570496
2805,5467.286926405036
2806,5467.286920301707
2807,5467.286923105948
2808,5467.286913961958
2809,5467.286920565634
2810,5467.286925126869
2811,5467.286921860678
2812,5467.286925458637
2813,5467.286925852853
2814,5467.2869276749525
2815,5467.286926046887
2816,5467.2869218386295
2817,5467.286925195697
2818,5467.286922045327
2819,5467.286915039773
2820,5467.286918849288
2821,5467.286915084446
2822,5467.28692204897
2823,5467.286924610991
2824,5467.286923944838
2825,5467.286924403794
2826,5467.28691616646
2827,5467.286925342528
2828,5467.286923363965
2829,5467.286914525228
2830,5467.286923325399
2831,5467.286920048062
2832,5467.286934271891
2833,5467.286922913874
2834,5467.286925714753
2835,5467.286926117102
2836,5467.286925048482
2837,5467.286926054919
2838,5467.286926291011
2839,5467.286922806752
2840,5467.2869278762155
2841,5467.286927518345
2842,5458.23333007875
2843,5458.23333007875
2844,5458.23333007875
2845,5458.233330078749
2846,5458.23333007875
2847,5458.233330078751
2848,5458.233330078751
2849,5458.233330078749
2850,5458.233330078753
2851,5458.2333546515565
2852,5458.233330383556
2853,5458.2333293961465
2854,5458.233319194193
2855,5458.2333452006305
2856,5458.233329005604
2857,5458.233329820181
2858,5458.233338679295
2859,5458.233327207979
2860,5458.233329668231
2861,5458.233338326042
2862,5458.233331442868
2863,5458.233329625809
2864,5458.233326836185
2865,5458.233326906175
2866,5458.233327576905
2867,5458.233335539128
2868,5458.233332832616
2869,5458.233334524425
2870,5458.233329611266
2871,5458.233327689932
2872,5458.233329971365
2873,5458.233333757119
2874,5458.233335288841
2875,5458.233341772492
2876,5458.233329473085
2877,5458.233331410014
2878,5458.233356207878
2879,5458.2333268166185
2880,5458.233315357165
2881,5458.233306646989
2882,5458.23331838187
2883,5458.233328276121
2884,5458.233331071663
2885,5458.23333048101
2886,5458.233326596036
2887,5458.233342792073
2888,5458.233325060115
2889,5458.233327009079
2890,5458.233308926579
2891,5444.462149068851
2892,5444.462149068854
2893,5444.462149068854
2894,5444.462149068853
2895,5444.462149068854
2896,5444.462149068853
2897,5444.462149068854
2898,5444.462149068853
2899,5444.462149068855
2900,5444.462148046267
2901,5444.462149271727
2902,5444.462148643337
2903,5444.462144473275
2904,5444.462156620351
2905,5444.462147274114
2906,5444.462148142873
2907,5444.462155133512
2908,5444.462149697645
2909,5444.4621526680285
2910,5444.462153628293
2911,5444.462150859082
2912,5444.4621552239805
2913,5444.462149658773
2914,5444.462147030404
2915,5444.462149843915
2916,5444.462153070382
2917,5444.462144876475
2918,5444.462146283514
2919,5444.462147845015
2920,5444.462150088587
2921,5444.462147497827
2922,5444.462150065402
2923,5444.462150553172
2924,5444.46215518588
2925,5444.46214950965
2926,5444.462149503492
2927,5444.462158843037
2928,5444.462142228831
2929,5444.462134844038
2930,5444.4621342141045
2931,5444.462141938237
2932,5444.4621485552025
2933,5444.462151121706
2934,5444.462148942855
2935,5444.462148768544
2936,5444.462159032007
2937,5444.462148008467
2938,5444.462147878846
2939,5444.462131168835
2940,5432.324515145541
2941,5432.3245151455385
2942,5432.32451514554
2943,5432.324515145539
2944,5432.324515145541
2945,5432.324515145539
2946,5432.32451514554
2947,5432.324515145539
2948,5432.324515145542
2949,5432.324502118928
2950,5432.324509401868
2951,5432.324514334984
2952,5432.324511314728
2953,5432.324519632204
2954,5432.324516979286
2955,5432.324510349904
2956,5432.324518711525
2957,5432.324517691508
2958,5432.324525822247
2959,5432.3245175576
2960,5432.32451610028
2961,5432.324517713776
2962,5432.324514261575
2963,5432.324514350126
2964,5432.32451740417
2965,5432.324515577605
2966,5432.3245063292015
2967,5432.324517903298
2968,5432.324507572779
2969,5432.32452343929
2970,5432.324514118312
2971,5432.324515297108
2972,5432.324515736244
2973,5432.3245168274725
2974,5432.324516186552
2975,5432.324515153231
2976,5432.324512531734
2977,5432.324509810556
2978,5432.324512005296
2979,5432.324506309752
2980,5432.324509531915
2981,5432.324514346633
2982,5432.324519245556
2983,5432.32451457611
2984,5432.324514830474
2985,5432.324521150453
2986,5432.324519002603
2987,5432.3245145637175
2988,5432.324503647143
2989,7652.953307833537
2990,7652.953307833506
2991,7652.953307833506
2992,7652.953307833481
2993,7652.953307833524
2994,7652.953307833497
2995,7652.953307833528
2996,7652.953307833506
2997,7652.953307833523
2998,7652.952902284775
2999,7652.953402071049
3000,7652.953321175953
3001,7652.953346034266
3002,7652.95274675343
3003,7652.952974838691
3004,7652.953494664457
3005,7652.95330326856
3006,7652.953337206671
3007,7652.953271388982
3008,7652.953305173742
3009,7652.9532921207565
3010,7652.9542394048685
3011,7652.953308329591
3012,7652.953314598752
3013,7652.953451399366
3014,7652.953550611737
3015,7652.953989727989
3016,7652.953084665601
3017,7652.953497607013
3018,7652.953259970166
3019,7652.953275762924
3020,7652.953298518764
3021,7652.953266477926
3022,7652.953370722693
3023,7652.953314101856
3024,7652.9532947755915
3025,7652.953496659358
3026,7652.953612866413
3027,7652.953009982726
3028,7652.953341623826
3029,7652.953492220235
3030,7652.953323355655
3031,7652.953288271392
3032,7652.953304211829
3033,7652.953327180038
3034,7652.95329536144
3035,7652.953307912992
3036,7652.953322664575
3037,7652.953323207599
3038,5422.673691661298
3039,5422.673691661297
3040,5422.673691661297
3041,5422.673691661297
3042,5422.673691661299
3043,5422.673691661298
3044,5422.673691661297
3045,5422.673691661297
3046,5422.673691661298
3047,5422.673672214741
3048,5422.673690468867
3049,5422.673691321863
3050,5422.673690832574
3051,5422.673691173357
3052,5422.673687610553
3053,5422.673688133004
3054,5422.673692549714
3055,5422.673695436676
3056,5422.673701094561
3057,5422.673692754323
3058,5422.673692849544
3059,5422.6737068181665
3060,5422.673691631537
3061,5422.673690996918
3062,5422.673697074162
3063,5422.673694949567
3064,5422.673683997383
3065,5422.673688009636
3066,5422.673685697363
3067,5422.67369824813
3068,5422.673689628598
3069,5422.673690461928
3070,5422.673690334952
3071,5422.673694900201
3072,5422.67369288761
3073,5422.673690869161
3074,5422.673685672902
3075,5422.673682081582
3076,5422.673683792266
3077,5422.673687982734
3078,5422.673696994933
3079,5422.67369166925
3080,5422.673695230438
3081,5422.673690784223
3082,5422.6736924231345
3083,5422.673695797848
3084,5422.673695779244
3085,5422.673692472489
3086,5422.673684005646
3087,5416.985541616883
3088,5416.985541616881
3089,5416.985541616879
3090,5416.985541616881
3091,5416.985541616883
3092,5416.985541616884
3093,5416.985541616883
3094,5416.985541616883
3095,5416.985541616883
3096,5416.985512244286
3097,5416.9855525641815
3098,5416.985542596786
3099,5416.985545740708
3100,5416.985516083012
3101,5416.985517343653
3102,5416.985548705778
3103,5416.985535637557
3104,5416.985545578565
3105,5416.985541802451
3106,5416.985541371547
3107,5416.985542014348
3108,5416.985602838311
3109,5416.985538570931
3110,5416.985540743478
3111,5416.985555897127
3112,5416.985556390089
3113,5416.985561451003
3114,5416.985524726067
3115,5416.985546433989
3116,5416.985539082101
3117,5416.985538505518
3118,5416.985539484847
3119,5416.9855373665105
3120,5416.985551830411
3121,5416.985542235689
3122,5416.985538991012
3123,5416.985541972824
3124,5416.985536942455
3125,5416.985519453256
3126,5416.98554865907
3127,5416.985573793065
3128,5416.985543113807
3129,5416.985542376985
3130,5416.985540931672
3131,5416.985543117734
3132,5416.985540651437
3133,5416.985542493904
3134,5416.985544589873
3135,5416.9855477456495
3136,5412.014023298134
3137,5412.014023298136
3138,5412.014023298137
3139,5412.014023298137
3140,5412.014023298137
3141,5412.014023298136
3142,5412.014023298137
3143,5412.0140232981375
3144,5412.014023298136
3145,5412.0140022057885
3146,5412.014026511785
3147,5412.014023408262
3148,5412.014024323712
3149,5412.0140161562285
3150,5412.014013216544
3151,5412.014022154178
3152,5412.01402115637
3153,5412.014026991056
3154,5412.014029572235
3155,5412.014023809139
3156,5412.014024316016
3157,5412.014050722055
3158,5412.014022051126
3159,5412.014022496126
3160,5412.014031419724
3161,5412.014029446665
3162,5412.014021898008
3163,5412.014016073438
3164,5412.01401971999
3165,5412.0140268060095
3166,5412.014021068039
3167,5412.014021661572
3168,5412.014021021752
3169,5412.014028439087
3170,5412.014024252988
3171,5412.014021822628
3172,5412.014017919361
3173,5412.014013989357
3174,5412.014012199419
3175,5412.014023868153
3176,5412.014037986323
3177,5412.01402381591
3178,5412.014025970198
3179,5412.014022479525
3180,5412.014024287269
3181,5412.01402533997
3182,5412.014026275156
3183,5412.014025112157
3184,5412.014021291444
3185,5393.106405213953
3186,5393.106405213957
3187,5393.106405213957
3188,5393.1064052139545
3189,5393.106405213956
3190,5393.106405213958
3191,5393.106405213956
3192,5393.106405213958
3193,5393.1064052139545
3194,5393.106413781575
3195,5393.106417355042
3196,5393.106406716083
3197,5393.106411841197
3198,5393.106397123604
3199,5393.106393348605
3200,5393.106402785515
3201,5393.106389192905
3202,5393.106405295092
3203,5393.106393149023
3204,5393.106402457395
3205,5393.106407648446
3206,5393.106429966201
3207,5393.106397040826
3208,5393.1064026262075
3209,5393.106415679186
3210,5393.10640744253
3211,5393.106398387792
3212,5393.106401669041
3213,5393.1063992049585
3214,5393.106393417874
3215,5393.106405677375
3216,5393.106403072449
3217,5393.10640296868
3218,5393.106410698368
3219,5393.106404877431
3220,5393.1064019677215
3221,5393.106376935752
3222,5393.106386362333
3223,5393.106407222651
3224,5393.10643188983
3225,5393.106445734057
3226,5393.106407412996
3227,5393.106405052496
3228,5393.106406140446
3229,5393.10640625476
3230,5393.106397991858
3231,5393.106399663727
3232,5393.106408878964
3233,5393.106432001219
3234,5388.292401336621
3235,5388.292401336617
3236,5388.292401336617
3237,5388.292401336621
3238,5388.292401336621
3239,5388.292401336619
3240,5388.29240133662
3241,5388.292401336621
3242,5388.292401336621
3243,5388.292363967333
3244,5388.292408957588
3245,5388.292399948862
3246,5388.292401563886
3247,5388.292398259051
3248,5388.2923915069105
3249,5388.2924197600205
3250,5388.292399618138
3251,5388.292398769887
3252,5388.292394499496
3253,5388.292403631757
3254,5388.29240173765
3255,5388.292405376527
3256,5388.292390728281
3257,5388.29240057895
3258,5388.292403160375
3259,5388.292408932328
3260,5388.292421832957
3261,5388.2924024767035
3262,5388.292418103906
3263,5388.292392584611
3264,5388.292400593509
3265,5388.292402114941
3266,5388.292401592218
3267,5388.292416392887
3268,5388.292399311705
3269,5388.292399440433
3270,5388.292444660464
3271,5388.292407546185
3272,5388.29238619423
3273,5388.292362644825
3274,5388.29239154254
3275,5388.292400978934
3276,5388.292401106072
3277,5388.292403517007
3278,5388.292401037378
3279,5388.292409842432
3280,5388.292394638863
3281,5388.292402148687
3282,5388.292379990292
3283,5382.464419759476
3284,5382.464419759476
3285,5382.464419759476
3286,5382.464419759476
3287,5382.464419759475
3288,5382.4644197594735
3289,5382.464419759475
3290,5382.464419759476
3291,5382.464419759477
3292,5382.464411190938
3293,5382.464424626513
3294,5382.46441897118
3295,5382.4644192043
3296,5382.464427503196
3297,5382.4644199157265
3298,5382.464419907796
3299,5382.464414407993
3300,5382.4644167771075
3301,5382.464414128522
3302,5382.4644214926175
3303,5382.464420527864
3304,5382.464402805567
3305,5382.464410617451
3306,5382.464418470627
3307,5382.464417847643
3308,5382.464417909633
3309,5382.464414411305
3310,5382.464429000976
3311,5382.4644174512105
3312,5382.464413576478
3313,5382.4644209009875
3314,5382.46442031734
3315,5382.4644212540215
3316,5382.464421879559
3317,5382.464418493573
3318,5382.464418384773
3319,5382.464434357401
3320,5382.464420426986
3321,5382.4644228198695
3322,5382.464401958847
3323,5382.464407225605
3324,5382.4644197142425
3325,5382.464420621573
3326,5382.4644216819215
3327,5382.464419602664
3328,5382.464424115921
3329,5382.464414682512
3330,5382.46442221529
3331,5382.464410360525
3332,5375.493196035564
3333,5375.493196035563
3334,5375.493196035563
3335,5375.493196035562
3336,5375.493196035561
3337,5375.493196035563
3338,5375.493196035563
3339,5375.493196035563
3340,5375.493196035565
3341,5375.493203524095
3342,5375.493202773278
3343,5375.493196834198
3344,5375.493195821814
3345,5375.493194784159
3346,5375.493190163796
3347,5375.493196763986
3348,5375.493188549392
3349,5375.493194327058
3350,5375.4931882035535
3351,5375.493197458454
3352,5375.493196316165
3353,5375.493201081718
3354,5375.493188845249
3355,5375.493194337368
3356,5375.493196945177
3357,5375.493196272107
3358,5375.493192738044
3359,5375.493196768572
3360,5375.493194409101
3361,5375.49318823453
3362,5375.493196782087
3363,5375.493196339862
3364,5375.493196514503
3365,5375.493196948203
3366,5375.493195470093
3367,5375.493194276293
3368,5375.493195426954
3369,5375.493193804022
3370,5375.493195980672
3371,5375.493199976234
3372,5375.493203738943
3373,5375.493197092181
3374,5375.49319583812
3375,5375.493196908586
3376,5375.493196427089
3377,5375.49319556511
3378,5375.4931918549555
3379,5375.493199305961
3380,5375.493202927206
3381,5371.099560671521
3382,5371.099560671521
3383,5371.099560671525
3384,5371.0995606715205
3385,5371.0995606715205
3386,5371.099560671521
3387,5371.099560671521
3388,5371.099560671521
3389,5371.099560671521
3390,5371.099563687509
3391,5371.099566258033
3392,5371.09956178378
3393,5371.099559398635
3394,5371.099554749948
3395,5371.099552566154
3396,5371.099566999557
3397,5371.099556192159
3398,5371.099559600376
3399,5371.099554091153
3400,5371.099562820838
3401,5371.0995602033445
3402,5371.099575229707
3403,5371.099555340615
3404,5371.099559322428
3405,5371.0995611210765
3406,5371.099562899549
3407,5371.099564693508
3408,5371.099556117982
3409,5371.099565368721
3410,5371.099553889165
3411,5371.099560779359
3412,5371.099561406845
3413,5371.099560797749
3414,5371.099562956047
3415,5371.099560199869
3416,5371.099559041093
3417,5371.099565276176
3418,5371.099561690105
3419,5371.099554856131
3420,5371.099562910763
3421,5371.0995694288185
3422,5371.099561863828
3423,5371.099560060524
3424,5371.099560990582
3425,5371.099561481203
3426,5371.099561044252
3427,5371.099557566365
3428,5371.099563581386
3429,5371.099565804415
3430,5364.310721170912
3431,5364.310721170914
3432,5364.3107211709175
3433,5364.310721170913
3434,5364.310721170914
3435,5364.310721170912
3436,5364.31072117091
3437,5364.310721170913
3438,5364.310721170913
3439,5364.310722066978
3440,5364.310723885137
3441,5364.31072253914
3442,5364.310718323127
3443,5364.310715360224
3444,5364.3107152026105
3445,5364.310729991443
3446,5364.310720959172
3447,5364.31072089215
3448,5364.31071816946
3449,5364.310724193213
3450,5364.310720335149
3451,5364.310736997062
3452,5364.310719815471
3453,5364.310720105108
3454,5364.3107186404695
3455,5364.310722532619
3456,5364.310727464128
3457,5364.310713133643
3458,5364.310729648619
3459,5364.310717657187
3460,5364.310720778525
3461,5364.310722367207
3462,5364.31072136022
3463,5364.31072279071
3464,5364.31072089679
3465,5364.310720079385
3466,5364.310727045347
3467,5364.310723588422
3468,5364.310714080274
3469,5364.310720784537
3470,5364.310726516418
3471,5364.310722428049
3472,5364.31072065548
3473,5364.310720569232
3474,5364.310722797185
3475,5364.310723215071
3476,5364.310720111382
3477,5364.310723494387
3478,5364.310722577839
3479,5355.703528653556
3480,5355.703528653555
3481,5355.703528653555
3482,5355.703528653556
3483,5355.703528653556
3484,5355.703528653555
3485,5355.703528653556
3486,5355.703528653557
3487,5355.703528653555
3488,5355.703532556032
3489,5355.7035394887835
3490,5355.703531209241
3491,5355.703527311503
3492,5355.703522262352
3493,5355.703521104301
3494,5355.703528667177
3495,5355.703524457216
3496,5355.703529712178
3497,5355.703525564863
3498,5355.703531329702
3499,5355.703528193806
3500,5355.703543617237
3501,5355.703528497262
3502,5355.703527471881
3503,5355.703524904756
3504,5355.70353079921
3505,5355.703534967657
3506,5355.70352059211
3507,5355.703525967839
3508,5355.703525208974
3509,5355.703527980508
3510,5355.703529261227
3511,5355.703528328834
3512,5355.703521467407
3513,5355.703528781264
3514,5355.7035278265375
3515,5355.703525767978
3516,5355.703532646588
3517,5355.703533841374
3518,5355.703530924203
3519,5355.703527145848
3520,5355.703531130475
3521,5355.703528164518
3522,5355.7035271579125
3523,5355.703531872295
3524,5355.703528057447
3525,5355.703528459243
3526,5355.703531317577
3527,5355.703527158524
3528,5354.165643496058
3529,5354.165643496058
3530,5354.165643496059
3531,5354.16564349606
3532,5354.1656434960605
3533,5354.165643496059
3534,5354.165643496056
3535,5354.1656434960605
3536,5354.165643496057
3537,5354.165660193325
3538,5354.165630533046
3539,5354.165644175524
3540,5354.165640190651
3541,5354.165657521264
3542,5354.165658000943
3543,5354.165651010889
3544,5354.165647784937
3545,5354.165642398864
3546,5354.165649973555
3547,5354.165646577804
3548,5354.165644329778
3549,5354.165637992068
3550,5354.165654559728
3551,5354.1656420880145
3552,5354.165631973665
3553,5354.165632799746
3554,5354.165640613744
3555,5354.165640594241
3556,5354.165658445086
3557,5354.165648892704
3558,5354.165643841865
3559,5354.165645774428
3560,5354.165644644611
3561,5354.165660517346
3562,5354.165642092319
3563,5354.16564382183
3564,5354.165628163182
3565,5354.165618743575
3566,5354.165646824154
3567,5354.165645771396
3568,5354.165668588884
3569,5354.165643574566
3570,5354.165643759755
3571,5354.165641310512
3572,5354.165645619227
3573,5354.165648432081
3574,5354.165645390231
3575,5354.165642214937
3576,5354.165654848955
3577,5344.747656945146
3578,5344.747656945148
3579,5344.747656945147
3580,5344.747656945149
3581,5344.747656945147
3582,5344.747656945147
3583,5344.747656945148
3584,5344.7476569451455
3585,5344.747656945143
3586,5344.747654840867
3587,5344.747657879044
3588,5344.747658165511
3589,5344.747654968119
3590,5344.747662865559
3591,5344.747661791763
3592,5344.747653803397
3593,5344.747654920523
3594,5344.747657458318
3595,5344.747662748853
3596,5344.747660017656
3597,5344.747656885649
3598,5344.747654035553
3599,5344.747662465524
3600,5344.747656107502
3601,5344.747648495641
3602,5344.747652552033
3603,5344.747656380573
3604,5344.747654837053
3605,5344.747654854509
3606,5344.747661710579
3607,5344.7476569384
3608,5344.747658183828
3609,5344.7476571475
3610,5344.7476580878465
3611,5344.74765631049
3612,5344.747657059867
3613,5344.74765086331
3614,5344.747648750785
3615,5344.747665597453
3616,5344.747651885281
3617,5344.747656706035
3618,5344.747657989775
3619,5344.747657943143
3620,5344.747654969729
3621,5344.747659898409
3622,5344.747659302677
3623,5344.747659500499
3624,5344.747658174726
3625,5344.74765465234
3626,5341.833420341204
3627,5341.833420341209
3628,5341.833420341209
3629,5341.833420341209
3630,5341.833420341207
3631,5341.833420341206
3632,5341.833420341206
3633,5341.833420341204
3634,5341.833420341205
3635,5341.8334192934635
3636,5341.8334278004295
3637,5341.833422873532
3638,5341.833420528723
3639,5341.833412396539
3640,5341.833414816337
3641,5341.833418759972
3642,5341.833411478396
3643,5341.833420638447
3644,5341.833418137808
3645,5341.83342280599
3646,5341.833419278693
3647,5341.833432592706
3648,5341.833423208567
3649,5341.833419756066
3650,5341.833415984938
3651,5341.8334222090425
3652,5341.833430480538
3653,5341.833414813595
3654,5341.833417755651
3655,5341.833418471608
3656,5341.8334205454175
3657,5341.833421457597
3658,5341.8334194717845
3659,5341.833415832117
3660,5341.8334198400025
3661,5341.833419748109
3662,5341.833415854984
3663,5341.833421450605
3664,5341.833426803265
3665,5341.833424554372
3666,5341.8334232133675
3667,5341.833422906664
3668,5341.833419722934
3669,5341.833419059171
3670,5341.833423755112
3671,5341.833417718927
3672,5341.83342053874
3673,5341.8334229202355
3674,5341.83342149702
3675,5336.682681704139
3676,5336.682681704142
3677,5336.68268170414
3678,5336.682681704139
3679,5336.68268170414
3680,5336.682681704141
3681,5336.68268170414
3682,5336.682681704139
3683,5336.682681704139
3684,5336.682677961258
3685,5336.682688032959
3686,5336.682683674511
3687,5336.682681401468
3688,5336.682676741746
3689,5336.68267807188
3690,5336.682676300557
3691,5336.682671289364
3692,5336.682681589578
3693,5336.682681490524
3694,5336.682684537118
3695,5336.682679924861
3696,5336.682684320379
3697,5336.682683156056
3698,5336.682681503164
3699,5336.6826769801055
3700,5336.682682454491
3701,5336.682686643662
3702,5336.682680796511
3703,5336.682674707482
3704,5336.6826818132995
3705,5336.682682376937
3706,5336.682683024408
3707,5336.682681126017
3708,5336.68267507449
3709,5336.682681129086
3710,5336.682681249521
3711,5336.682681559803
3712,5336.682684787619
3713,5336.682689133369
3714,5336.682682950227
3715,5336.6826770228845
3716,5336.682683752593
3717,5336.682681710006
3718,5336.6826808368205
3719,5336.682684364795
3720,5336.682679111866
3721,5336.6826827393525
3722,5336.682685027879
3723,5336.682680252403
3724,5328.18066720573
3725,5328.180667205732
3726,5328.180667205728
3727,5328.18066720573
3728,5328.180667205731
3729,5328.18066720573
3730,5328.18066720573
3731,5328.180667205731
3732,5328.18066720573
3733,5328.180661988828
3734,5328.1806671004415
3735,5328.18066842064
3736,5328.180667039465
3737,5328.180661239207
3738,5328.1806651096795
3739,5328.180664886871
3740,5328.180657421567
3741,5328.180666364912
3742,5328.180669731699
3743,5328.180670133206
3744,5328.180663829261
3745,5328.180665667537
3746,5328.1806690583335
3747,5328.18066784738
3748,5328.180663780936
3749,5328.180667243747
3750,5328.180670977204
3751,5328.180669429283
3752,5328.180665388653
3753,5328.1806699260715
3754,5328.180668191119
3755,5328.180669105354
3756,5328.180666180355
3757,5328.1806640171635
3758,5328.180666265086
3759,5328.180666663959
3760,5328.180672995171
3761,5328.180670922276
3762,5328.180667252692
3763,5328.180669880401
3764,5328.180665540257
3765,5328.180668439947
3766,5328.180667375225
3767,5328.180667132292
3768,5328.180668461133
3769,5328.1806649314
3770,5328.180669756627
3771,5328.180671073053
3772,5328.180668558454
3773,5318.842219545297
3774,5318.842219545296
3775,5318.842219545296
3776,5318.842219545294
3777,5318.842219545299
3778,5318.842219545299
3779,5318.842219545295
3780,5318.842219545296
3781,5318.842219545297
3782,5318.842228372605
3783,5318.842220470524
3784,5318.842220588799
3785,5318.842221474215
3786,5318.842222137255
3787,5318.842219064183
3788,5318.842221377003
3789,5318.842213826167
3790,5318.842216839026
3791,5318.842218440052
3792,5318.842221383247
3793,5318.842217588796
3794,5318.842204077503
3795,5318.842219408213
3796,5318.842219671879
3797,5318.842218235662
3798,5318.84221860215
3799,5318.842217189613
3800,5318.842227864834
3801,5318.84222134228
3802,5318.842218088487
3803,5318.842220718812
3804,5318.842220818404
3805,5318.842219119392
3806,5318.842220680893
3807,5318.842217519983
3808,5318.842218723468
3809,5318.842225701998
3810,5318.842217113629
3811,5318.842222942267
3812,5318.842216668774
3813,5318.842218343323
3814,5318.842220674805
3815,5318.842219201735
3816,5318.842220251158
3817,5318.842219186939
3818,5318.842220348521
3819,5318.8422194049335
3820,5318.842222628455
3821,5318.842218800036
3822,5315.040809828255
3823,5315.0408098282505
3824,5315.040809828251
3825,5315.040809828253
3826,5315.040809828252
3827,5315.040809828255
3828,5315.040809828253
3829,5315.040809828253
3830,5315.040809828253
3831,5315.040798526339
3832,5315.040809269912
3833,5315.0408111154375
3834,5315.040816186259
3835,5315.040804780731
3836,5315.040805995779
3837,5315.040815455526
3838,5315.040811056292
3839,5315.04080854107
3840,5315.04081004819
3841,5315.040808812043
3842,5315.04080844513
3843,5315.040808459835
3844,5315.040812159881
3845,5315.040810664124
3846,5315.0408131795975
3847,5315.040810632814
3848,5315.040806711943
3849,5315.040807432081
3850,5315.040815537671
3851,5315.04080945923
3852,5315.040810645549
3853,5315.040809367872
3854,5315.040806416143
3855,5315.040810277984
3856,5315.040807662386
3857,5315.040808131766
3858,5315.0408062209435
3859,5315.040803533341
3860,5315.040806565768
3861,5315.040811380207
3862,5315.040815192818
3863,5315.040811754248
3864,5315.040809992284
3865,5315.040810790258
3866,5315.040811165656
3867,5315.0408107151925
3868,5315.0408108946995
3869,5315.040813954625
3870,5315.040809060223
3871,5312.17172931153
3872,5312.171729311531
3873,5312.1717293115325
3874,5312.171729311533
3875,5312.171729311532
3876,5312.17172931153
3877,5312.1717293115325
3878,5312.1717293115325
3879,5312.1717293115325
3880,5312.171723303201
3881,5312.171728565804
3882,5312.171730660708
3883,5312.1717329908015
3884,5312.171725969355
3885,5312.1717258057915
3886,5312.171734957805
3887,5312.17173378955
3888,5312.171727550049
3889,5312.171730206516
3890,5312.171729447582
3891,5312.171727690519
3892,5312.171729025044
3893,5312.17173059561
3894,5312.171730002354
3895,5312.171731652648
3896,5312.171730468043
3897,5312.171729579987
3898,5312.17172726992
3899,5312.171733639562
3900,5312.171729583462
3901,5312.171730532246
3902,5312.17172957754
3903,5312.1717272652895
3904,5312.171730350437
3905,5312.171726812549
3906,5312.171727981942
3907,5312.171729636174
3908,5312.171725963899
3909,5312.171728436063
3910,5312.171726450821
3911,5312.1717315912765
3912,5312.171730883028
3913,5312.171729469472
3914,5312.171729991221
3915,5312.17172956605
3916,5312.171731330921
3917,5312.171730300985
3918,5312.171732823426
3919,5312.171726396424
3920,5309.55470898746
3921,5309.554708987459
3922,5309.554708987458
3923,5309.554708987457
3924,5309.55470898746
3925,5309.554708987459
3926,5309.55470898746
3927,5309.55470898746
3928,5309.554708987459
3929,5309.554735218195
3930,5309.554707754216
3931,5309.554712127275
3932,5309.554711056246
3933,5309.5547071585215
3934,5309.554705140934
3935,5309.554704224344
3936,5309.554711399055
3937,5309.554706293938
3938,5309.554704108884
3939,5309.554708793679
3940,5309.554706575962
3941,5309.554709861946
3942,5309.554709196867
3943,5309.554709675844
3944,5309.554711209659
3945,5309.55470865533
3946,5309.554698684719
3947,5309.554706495841
3948,5309.554699091381
3949,5309.554705661674
3950,5309.554712142201
3951,5309.554709615904
3952,5309.554707941859
3953,5309.554696707714
3954,5309.554706486274
3955,5309.554707563838
3956,5309.554688952026
3957,5309.554704515325
3958,5309.554722962247
3959,5309.55473076233
3960,5309.554716249323
3961,5309.554711997919
3962,5309.554708302568
3963,5309.554709583478
3964,5309.554708606062
3965,5309.554703893229
3966,5309.554709071318
3967,5309.554713660942
3968,5309.554716935064
3969,5306.781070012552
3970,5306.781070012553
3971,5306.781070012554
3972,5306.781070012552
3973,5306.781070012554
3974,5306.781070012552
3975,5306.781070012553
3976,5306.781070012553
3977,5306.781070012553
3978,5306.78107441578
3979,5306.781067309892
3980,5306.7810721260885
3981,5306.781068442354
3982,5306.781067768847
3983,5306.781066983734
3984,5306.781070082973
3985,5306.781076927883
3986,5306.781066699755
3987,5306.781069955032
3988,5306.7810717772
3989,5306.781067038711
3990,5306.7810739258
3991,5306.781068655653
3992,5306.781070989178
3993,5306.781071193663
3994,5306.7810710229805
3995,5306.781070982823
3996,5306.781067822377
3997,5306.781064107759
3998,5306.78107063105
3999,5306.781073527251
4000,5306.781071953913
4001,5306.781070298701
4002,5306.781065673841
4003,5306.781066693509
4004,5306.781069201617
4005,5306.781069088515
4006,5306.781072614363
4007,5306.781077578713
4008,5306.781070155264
4009,5306.7810679365575
4010,5306.78107159317
4011,5306.781070137955
4012,5306.781070615643
4013,5306.781068411638
4014,5306.781069520497
4015,5306.781070509929
4016,5306.7810733380265
4017,5306.781067447517
4018,5305.181500351647
4019,5305.181500351643
4020,5305.181500351643
4021,5305.181500351643
4022,5305.181500351646
4023,5305.181500351644
4024,5305.181500351645
4025,5305.181500351646
4026,5305.181500351645
4027,5305.181499877387
4028,5305.181495551528
4029,5305.181502219393
4030,5305.181498384452
4031,5305.181495690642
4032,5305.181496590023
4033,5305.181503935617
4034,5305.1815083325255
4035,5305.181496259918
4036,5305.181500317946
4037,5305.181502358722
4038,5305.181496843192
4039,5305.181507176104
4040,5305.181499133398
4041,5305.181501705294
4042,5305.181501987264
4043,5305.1815024025045
4044,5305.181505993515
4045,5305.1814981794905
4046,5305.181498825839
4047,5305.181501014575
4048,5305.18150414738
4049,5305.1815027881785
4050,5305.181500673081
4051,5305.181499448569
4052,5305.181496594508
4053,5305.1814995463465
4054,5305.181505083823
4055,5305.1815053411865
4056,5305.181502820975
4057,5305.181497715881
4058,5305.1814992560185
4059,5305.181501626332
4060,5305.181500239095
4061,5305.181501369651
4062,5305.181498387144
4063,5305.181500602988
4064,5305.181500536709
4065,5305.181503621522
4066,5305.1814971848435
4067,5300.429645378803
4068,5300.429645378805
4069,5300.429645378805
4070,5300.429645378804
4071,5300.429645378805
4072,5300.429645378806
4073,5300.429645378803
4074,5300.4296453788065
4075,5300.429645378805
4076,5300.429631477156
4077,5300.4296360549315
4078,5300.429646269396
4079,5300.429642631197
4080,5300.429644851493
4081,5300.429644827374
4082,5300.429650387796
4083,5300.429652269867
4084,5300.429639026961
4085,5300.429646676886
4086,5300.429647660799
4087,5300.429641280657
4088,5300.429644732862
4089,5300.429643654343
4090,5300.4296474159155
4091,5300.429646082548
4092,5300.4296452469425
4093,5300.42964807945
4094,5300.429647676346
4095,5300.429646245098
4096,5300.429647415421
4097,5300.429650627105
4098,5300.429648833597
4099,5300.429646147936
4100,5300.42965175654
4101,5300.429640425038
4102,5300.429644813132
4103,5300.429655563307
4104,5300.429648128679
4105,5300.42964331246
4106,5300.429635696624
4107,5300.429643812499
4108,5300.42964567774
4109,5300.429645630726
4110,5300.4296473434815
4111,5300.429642773326
4112,5300.429646628463
4113,5300.429644683826
4114,5300.429648296789
4115,5300.429641383074
4116,5302.970707867397
4117,5302.970707867397
4118,5302.970707867397
4119,5302.970707867404
4120,5302.9707078673955
4121,5302.970707867402
4122,5302.970707867399
4123,5302.970707867397
4124,5302.970707867397
4125,5302.970691768128
4126,5302.9707052563135
4127,5302.970710793162
4128,5302.970708857959
4129,5302.970674973669
4130,5302.9707298894255
4131,5302.970718303333
4132,5302.970709433371
4133,5302.97070175003
4134,5302.970699188041
4135,5302.970708041784
4136,5302.9707021815775
4137,5302.970747607592
4138,5302.970703719493
4139,5302.970711045603
4140,5302.970717807936
4141,5302.9707237337825
4142,5302.97073971649
4143,5302.970703085096
4144,5302.970712026641
4145,5302.97070102095
4146,5302.970711998668
4147,5302.970710373689
4148,5302.970706157664
4149,5302.970708451241
4150,5302.970703323997
4151,5302.970706055247
4152,5302.970721376048
4153,5302.9707324319925
4154,5302.970692676948
4155,5302.970713667268
4156,5302.970712672341
4157,5302.970710340236
4158,5302.970705500719
4159,5302.970711176088
4160,5302.970706429025
4161,5302.9707034570165
4162,5302.970705567993
4163,5302.970713453393
4164,5302.970708086785
4165,5298.858599663751
4166,5298.858599663752
4167,5298.85859966375
4168,5298.858599663754
4169,5298.85859966375
4170,5298.85859966375
4171,5298.858599663749
4172,5298.85859966375
4173,5298.858599663749
4174,5298.85858452286
4175,5298.858593115138
4176,5298.858601304886
4177,5298.858598281188
4178,5298.85858766116
4179,5298.858607252284
4180,5298.858606474015
4181,5298.858604388515
4182,5298.858593438125
4183,5298.858597335449
4184,5298.858601190002
4185,5298.85859493867
4186,5298.85861327348
4187,5298.858596919004
4188,5298.858602128134
4189,5298.858603705123
4190,5298.85860523474
4191,5298.85861235441
4192,5298.858599336817
4193,5298.8586013939375
4194,5298.858598494656
4195,5298.858604531307
4196,5298.858602769347
4197,5298.85859950501
4198,5298.858603609392
4199,5298.858594870472
4200,5298.858598636069
4201,5298.858611210378
4202,5298.858610245502
4203,5298.858593088634
4204,5298.858595530452
4205,5298.858600017969
4206,5298.858600776377
4207,5298.8585989828225
4208,5298.858602116361
4209,5298.858597483673
4210,5298.858598720928
4211,5298.858598401652
4212,5298.858603592042
4213,5298.858597039808
4214,5294.1084137568
4215,5294.1084137568005
4216,5294.108413756797
4217,5294.108413756797
4218,5294.108413756797
4219,5294.108413756797
4220,5294.108413756797
4221,5294.108413756796
4222,5294.1084137568
4223,5294.108399098884
4224,5294.108409789527
4225,5294.108415363214
4226,5294.108413195228
4227,5294.108405383411
4228,5294.108420278736
4229,5294.108417198643
4230,5294.108412779722
4231,5294.1084073721195
4232,5294.108410191752
4233,5294.108414823707
4234,5294.108409593354
4235,5294.108420475226
4236,5294.108409834395
4237,5294.108416012919
4238,5294.108417330714
4239,5294.108418462065
4240,5294.108420294649
4241,5294.1084174844
4242,5294.108411439462
4243,5294.1084113189645
4244,5294.108418560882
4245,5294.108416478986
4246,5294.108413611481
4247,5294.108417477409
4248,5294.10840910729
4249,5294.108412745655
4250,5294.108421133257
4251,5294.108420901612
4252,5294.1084105551245
4253,5294.108410914628
4254,5294.108413205171
4255,5294.108414998097
4256,5294.108413163268
4257,5294.108416292771
4258,5294.108412030628
4259,5294.1084115513595
4260,5294.108411775895
4261,5294.108417669702
4262,5294.108412580753
4263,5283.462237873884
4264,5283.46223787388
4265,5283.462237873883
4266,5283.462237873882
4267,5283.462237873882
4268,5283.462237873882
4269,5283.462237873884
4270,5283.462237873882
4271,5283.462237873882
4272,5283.462238525056
4273,5283.462236589718
4274,5283.462239488377
4275,5283.462237825023
4276,5283.462237229831
4277,5283.462242384336
4278,5283.462239312002
4279,5283.462229198809
4280,5283.462232185001
4281,5283.462233263691
4282,5283.462237993716
4283,5283.4622352640035
4284,5283.462236532215
4285,5283.462233678701
4286,5283.462239323257
4287,5283.462240137975
4288,5283.462241105741
4289,5283.462233040884
4290,5283.462248333805
4291,5283.462234607679
4292,5283.462233576798
4293,5283.462241254989
4294,5283.462239646478
4295,5283.462237919614
4296,5283.46224493358
4297,5283.462234037782
4298,5283.462236987432
4299,5283.462231122909
4300,5283.462235085427
4301,5283.462237290518
4302,5283.462244424183
4303,5283.462245629247
4304,5283.462239182922
4305,5283.462237126628
4306,5283.4622398947
4307,5283.4622370207135
4308,5283.462234228646
4309,5283.462235512581
4310,5283.462241021506
4311,5283.462246266234
4312,5277.605172373391
4313,5277.605172373397
4314,5277.605172373395
4315,5277.605172373394
4316,5277.6051723733935
4317,5277.605172373394
4318,5277.605172373393
4319,5277.6051723733935
4320,5277.605172373392
4321,5277.60516964022
4322,5277.605176218646
4323,5277.605174241042
4324,5277.6051719244515
4325,5277.605175807583
4326,5277.60517649074
4327,5277.605171885766
4328,5277.605163646535
4329,5277.605168897771
4330,5277.605170015758
4331,5277.6051723772325
4332,5277.605170632226
4333,5277.605167009464
4334,5277.605168118847
4335,5277.605173414741
4336,5277.605173068161
4337,5277.6051752118565
4338,5277.605160718196
4339,5277.605182254406
4340,5277.605165624377
4341,5277.605169659763
4342,5277.60517439836
4343,5277.60517308014
4344,5277.605172249682
4345,5277.605174400321
4346,5277.605169516155
4347,5277.6051716146285
4348,5277.605165394305
4349,5277.605169426451
4350,5277.605174524293
4351,5277.605175844311
4352,5277.605169941275
4353,5277.605174030293
4354,5277.6051722262355
4355,5277.605173549526
4356,5277.605172721011
4357,5277.605169488957
4358,5277.605171391283
4359,5277.605175762794
4360,5277.605175329636
4361,5270.9498595411405
4362,5270.949859541138
4363,5270.949859541135
4364,5270.949859541138
4365,5270.949859541137
4366,5270.949859541142
4367,5270.94985954114
4368,5270.949859541141
4369,5270.9498595411405
4370,5270.94986671149
4371,5270.949860885581
4372,5270.949861368359
4373,5270.949858032315
4374,5270.949860995124
4375,5270.949864958844
4376,5270.949867389455
4377,5270.949858763744
4378,5270.949858943441
4379,5270.949861455217
4380,5270.949859648571
4381,5270.949858186411
4382,5270.949863112598
4383,5270.94985943415
4384,5270.949860264012
4385,5270.949859234211
4386,5270.949863508555
4387,5270.949851193551
4388,5270.949864867172
4389,5270.949865340556
4390,5270.949859777615
4391,5270.949858868014
4392,5270.949859635377
4393,5270.949858894944
4394,5270.949863827037
4395,5270.949857970506
4396,5270.9498589181185
4397,5270.949852978862
4398,5270.949857388378
4399,5270.949851561768
4400,5270.9498668946835
4401,5270.949862322454
4402,5270.94986107415
4403,5270.949859167052
4404,5270.949859624535
4405,5270.949860653853
4406,5270.949859521761
4407,5270.949861378226
4408,5270.949862660863
4409,5270.949864546177
4410,5264.120386544123
4411,5264.120386544123
4412,5264.120386544122
4413,5264.120386544123
4414,5264.120386544123
4415,5264.120386544124
4416,5264.120386544123
4417,5264.12038654412
4418,5264.120386544123
4419,5264.120390656502
4420,5264.120391902663
4421,5264.120388538931
4422,5264.120384474516
4423,5264.120388809493
4424,5264.120392297432
4425,5264.120392743859
4426,5264.12038748555
4427,5264.120388361361
4428,5264.120391326118
4429,5264.1203872995075
4430,5264.120385617947
4431,5264.120388794094
4432,5264.120387484954
4433,5264.1203868869825
4434,5264.120384480763
4435,5264.120390812878
4436,5264.120378764469
4437,5264.120389870643
4438,5264.1203902204
4439,5264.1203890994275
4440,5264.12038444051
4441,5264.120386199454
4442,5264.120385867811
4443,5264.120386127209
4444,5264.120385983693
4445,5264.120386255441
4446,5264.1203853313045
4447,5264.120387973642
4448,5264.12038031575
4449,5264.120387669
4450,5264.120378244898
4451,5264.120388337917
4452,5264.120386571277
4453,5264.120385739539
4454,5264.120388491559
4455,5264.120388096928
4456,5264.120389999406
4457,5264.120389771246
4458,5264.120383822902
4459,5252.737500016985
4460,5252.737500016985
4461,5252.737500016985
4462,5252.737500016984
4463,5252.737500016984
4464,5252.737500016983
4465,5252.737500016984
4466,5252.737500016985
4467,5252.737500016984
4468,5252.73750425391
4469,5252.737507453299
4470,5252.737502239668
4471,5252.737499954482
4472,5252.737494749429
4473,5252.7375097682325
4474,5252.737504809166
4475,5252.737500682065
4476,5252.7375051535355
4477,5252.737505281746
4478,5252.737500246873
4479,5252.737499890738
4480,5252.737511980712
4481,5252.737503867364
4482,5252.7374999263675
4483,5252.737498509058
4484,5252.737506774688
4485,5252.737499365238
4486,5252.737497804276
4487,5252.737504376161
4488,5252.737502697734
4489,5252.737495554061
4490,5252.737499040583
4491,5252.737498082814
4492,5252.737496682999
4493,5252.737500898384
4494,5252.7374997945935
4495,5252.7374946402915
4496,5252.737503511088
4497,5252.737492196924
4498,5252.737505361344
4499,5252.73749398159
4500,5252.737502608022
4501,5252.737499857388
4502,5252.737498471671
4503,5252.737503852908
4504,5252.737501189332
4505,5252.73750448401
4506,5252.73750323434
4507,5252.737497098486
4508,5243.130973363456
4509,5243.130973363457
4510,5243.130973363456
4511,5243.130973363454
4512,5243.130973363456
4513,5243.130973363456
4514,5243.130973363456
4515,5243.130973363458
4516,5243.130973363457
4517,5243.131018102684
4518,5243.130973403137
4519,5243.130975255542
4520,5243.1309688811925
4521,5243.130974015519
4522,5243.1309802073
4523,5243.130975060367
4524,5243.130973224701
4525,5243.130977746784
4526,5243.130972100338
4527,5243.130976245447
4528,5243.130973037862
4529,5243.130971763351
4530,5243.130976681768
4531,5243.130972540863
4532,5243.130968886146
4533,5243.130978358766
4534,5243.130975026857
4535,5243.130976721237
4536,5243.1309757924055
4537,5243.130970693041
4538,5243.130968626041
4539,5243.130975146135
4540,5243.130975411691
4541,5243.130969087774
4542,5243.13097471293
4543,5243.130974108344
4544,5243.130972723964
4545,5243.13098094412
4546,5243.130974647601
4547,5243.130984767149
4548,5243.130971043216
4549,5243.1309758759935
4550,5243.130971711026
4551,5243.13097194698
4552,5243.130974048425
4553,5243.130974029416
4554,5243.130974555465
4555,5243.130974946003
4556,5243.1309755787215
4557,5238.031205914462
4558,5238.031205914459
4559,5238.031205914459
4560,5238.031205914457
4561,5238.031205914459
4562,5238.031205914458
4563,5238.031205914458
4564,5238.031205914461
4565,5238.03120591446
4566,5238.0311782641475
4567,5238.031211342056
4568,5238.031205310011
4569,5238.031202572568
4570,5238.031200244072
4571,5238.031211132309
4572,5238.031206743551
4573,5238.031202479364
4574,5238.031210451057
4575,5238.03121453966
4576,5238.0312098077
4577,5238.031205936178
4578,5238.03121497655
4579,5238.0312059495855
4580,5238.031205352262
4581,5238.031202950946
4582,5238.031211667456
4583,5238.031226005698
4584,5238.031203446389
4585,5238.031204518948
4586,5238.031212270866
4587,5238.031203130096
4588,5238.031209314765
4589,5238.031207055031
4590,5238.031216996131
4591,5238.0312059102025
4592,5238.031207257905
4593,5238.031224332612
4594,5238.03121396106
4595,5238.0312027407945
4596,5238.0311747929
4597,5238.031194825485
4598,5238.031206200472
4599,5238.0312073258065
4600,5238.03120455318
4601,5238.031207247331
4602,5238.0312109474635
4603,5238.031207004973
4604,5238.031204402728
4605,5238.031193042178
4606,5233.921017209848
4607,5233.921017209849
4608,5233.921017209849
4609,5233.921017209847
4610,5233.921017209848
4611,5233.921017209848
4612,5233.9210172098465
4613,5233.921017209849
4614,5233.92101720985
4615,5233.9210195210735
4616,5233.921017386727
4617,5233.921017725038
4618,5233.921016307885
4619,5233.921012249993
4620,5233.921023131556
4621,5233.92101399625
4622,5233.921011731281
4623,5233.9210223593545
4624,5233.921018242755
4625,5233.921018662886
4626,5233.921017425605
4627,5233.921022242466
4628,5233.921019454939
4629,5233.921016810611
4630,5233.921015243125
4631,5233.921021432465
4632,5233.921021990967
4633,5233.921012775838
4634,5233.921013282319
4635,5233.921017217834
4636,5233.921013556036
4637,5233.9210193816625
4638,5233.921017164208
4639,5233.921017954772
4640,5233.921018009832
4641,5233.921017677056
4642,5233.921011422569
4643,5233.921018038741
4644,5233.921019346161
4645,5233.921018333382
4646,5233.921020181373
4647,5233.921019301466
4648,5233.921017358716
4649,5233.9210163222115
4650,5233.921019703378
4651,5233.921016655556
4652,5233.921017552868
4653,5233.921017468828
4654,5233.921017747629
4655,5232.702069235111
4656,5232.702069235112
4657,5232.702069235112
4658,5232.7020692351125
4659,5232.702069235113
4660,5232.70206923511
4661,5232.702069235111
4662,5232.702069235111
4663,5232.702069235112
4664,5232.702076783063
4665,5232.702067924159
4666,5232.702069834308
4667,5232.702067510204
4668,5232.702067776025
4669,5232.702073900484
4670,5232.702066572003
4671,5232.702064127172
4672,5232.702073303384
4673,5232.702068454731
4674,5232.702070644336
4675,5232.702069327626
4676,5232.702068631792
4677,5232.702070406139
4678,5232.702068972456
4679,5232.7020669642325
4680,5232.702072594113
4681,5232.702069730446
4682,5232.702066633626
4683,5232.702064948894
4684,5232.702067837579
4685,5232.702066229925
4686,5232.702071502749
4687,5232.702069916772
4688,5232.702069426289
4689,5232.70206965459
4690,5232.702069596989
4691,5232.702064235065
4692,5232.7020695415695
4693,5232.702073102655
4694,5232.702071652181
4695,5232.702071375319
4696,5232.702071327834
4697,5232.702069135593
4698,5232.702068727653
4699,5232.702070926913
4700,5232.702068415695
4701,5232.702068814613
4702,5232.702069767367
4703,5232.702070240864
4704,5230.83435613001
4705,5230.834356130008
4706,5230.834356130008
4707,5230.83435613001
4708,5230.834356130011
4709,5230.83435613001
4710,5230.834356130008
4711,5230.834356130008
4712,5230.83435613001
4713,5230.8343627469185
4714,5230.834351066501
4715,5230.834356446433
4716,5230.834354238927
4717,5230.834354180313
4718,5230.834361170695
4719,5230.834357260272
4720,5230.834352671222
4721,5230.834358903556
4722,5230.834353134561
4723,5230.834356938493
4724,5230.8343560484245
4725,5230.834354734681
4726,5230.834356854716
4727,5230.834356349962
4728,5230.834354620445
4729,5230.834359842393
4730,5230.8343563202825
4731,5230.834353396839
4732,5230.834356344357
4733,5230.834352970719
4734,5230.834353663938
4735,5230.83435848667
4736,5230.834356982432
4737,5230.834358348671
4738,5230.834355988978
4739,5230.834356118099
4740,5230.8343538006275
4741,5230.834357291704
4742,5230.834356035039
4743,5230.834360104937
4744,5230.8343610905995
4745,5230.8343580969395
4746,5230.834355575574
4747,5230.8343564270735
4748,5230.834357410763
4749,5230.834355318874
4750,5230.834354599285
4751,5230.834357160469
4752,5230.83435929023
4753,5231.019313762694
4754,5231.019313762694
4755,5231.019313762694
4756,5231.019313762694
4757,5231.019313762694
4758,5231.019313762694
4759,5231.019313762692
4760,5231.019313762693
4761,5231.019313762695
4762,5231.019314470635
4763,5231.019306538445
4764,5231.019313243796
4765,5231.019313030473
4766,5231.019330456372
4767,5231.019307387102
4768,5231.019307172412
4769,5231.019311029743
4770,5231.019315716753
4771,5231.019312855135
4772,5231.01931304634
4773,5231.019313279507
4774,5231.019287556453
4775,5231.019313360453
4776,5231.019314787579
4777,5231.019310021527
4778,5231.0193075171655
4779,5231.019284628964
4780,5231.0193115402035
4781,5231.019303750092
4782,5231.019313718599
4783,5231.019313564305
4784,5231.019315882927
4785,5231.019313485119
4786,5231.019311030431
4787,5231.01931259187
4788,5231.019313088963
4789,5231.019301287276
4790,5231.019299170816
4791,5231.019327013928
4792,5231.0193204800335
4793,5231.019315218248
4794,5231.019315416827
4795,5231.01931466182
4796,5231.019314726558
4797,5231.0193155452225
4798,5231.019311461644
4799,5231.019312828264
4800,5231.019316072502
4801,5231.019317557246
4802,5229.59095981305
4803,5229.590959813051
4804,5229.590959813051
4805,5229.590959813052
4806,5229.590959813052
4807,5229.590959813052
4808,5229.590959813053
4809,5229.590959813053
4810,5229.590959813052
4811,5229.590963446549
4812,5229.590953733073
4813,5229.590959723926
4814,5229.590958462822
4815,5229.590966975522
4816,5229.59095928307
4817,5229.590957207671
4818,5229.590956765244
4819,5229.590962198037
4820,5229.590957883309
4821,5229.590959897258
4822,5229.59095953241
4823,5229.590946368684
4824,5229.590959995524
4825,5229.590960421074
4826,5229.590957205899
4827,5229.590958664884
4828,5229.59094575165
4829,5229.59095726915
4830,5229.59095508004
4831,5229.590958210065
4832,5229.590958446731
4833,5229.590962059677
4834,5229.590960122742
4835,5229.59095964248
4836,5229.590959175867
4837,5229.590959486213
4838,5229.590952649198
4839,5229.59095327661
4840,5229.590966176
4841,5229.590965041541
4842,5229.590963042641
4843,5229.59096162216
4844,5229.590959969679
4845,5229.5909604274375
4846,5229.590961324965
4847,5229.590958298699
4848,5229.590958589545
4849,5229.590961454313
4850,5229.590963241894
4851,5227.524607973018
4852,5227.524607973017
4853,5227.524607973016
4854,5227.524607973015
4855,5227.524607973018
4856,5227.524607973018
4857,5227.524607973018
4858,5227.524607973017
4859,5227.524607973018
4860,5227.524606176879
4861,5227.52460012049
4862,5227.524607548818
4863,5227.52460634352
4864,5227.524610688603
4865,5227.5246098291145
4866,5227.52460975376
4867,5227.5246087704545
4868,5227.524609882525
4869,5227.524606099881
4870,5227.52460786781
4871,5227.524607137828
4872,5227.524600469613
4873,5227.524608357854
4874,5227.524609167577
4875,5227.524606417129
4876,5227.524608559635
4877,5227.524600200955
4878,5227.524603593802
4879,5227.5246087462765
4880,5227.524606485577
4881,5227.524606628217
4882,5227.524610413247
4883,5227.524608014917
4884,5227.5246095010225
4885,5227.524606940873
4886,5227.5246073391645
4887,5227.524609030434
4888,5227.524607106811
4889,5227.524607723788
4890,5227.524610848631
4891,5227.524610387739
4892,5227.524609501055
4893,5227.524607753685
4894,5227.524609165748
4895,5227.524609347149
4896,5227.524607577037
4897,5227.5246067003945
4898,5227.524610360694
4899,5227.524610987699
4900,5224.944083654036
4901,5224.944083654037
4902,5224.944083654037
4903,5224.944083654036
4904,5224.944083654036
4905,5224.944083654038
4906,5224.944083654035
4907,5224.944083654035
4908,5224.944083654037
4909,5224.944075924577
4910,5224.944076417866
4911,5224.944082897825
4912,5224.944082484416
4913,5224.944082227839
4914,5224.94408806409
4915,5224.944087979264
4916,5224.944088685721
4917,5224.944085661033
4918,5224.944083074846
4919,5224.944083154567
4920,5224.944082289921
4921,5224.944083285724
4922,5224.94408462919
4923,5224.944085440665
4924,5224.944083039256
4925,5224.94408567284
4926,5224.944082054739
4927,5224.944077395005
4928,5224.944088364493
4929,5224.944083160538
4930,5224.944081893054
4931,5224.9440860545055
4932,5224.944082787675
4933,5224.944085977096
4934,5224.944082375099
4935,5224.944082652038
4936,5224.944091839691
4937,5224.944088138599
4938,5224.944077908996
4939,5224.9440838024475
4940,5224.944083615411
4941,5224.94408490699
4942,5224.94408316254
4943,5224.944085257322
4944,5224.944085578277
4945,5224.944084666584
4946,5224.944082981833
4947,5224.944087088749
4948,5224.944086110915
4949,5221.7022252586585
4950,5221.702225258658
4951,5221.7022252586585
4952,5221.702225258662
4953,5221.702225258659
4954,5221.7022252586585
4955,5221.702225258659
4956,5221.70222525866
4957,5221.702225258659
4958,5221.702213325801
4959,5221.7022219745395
4960,5221.702224338749
4961,5221.702225248417
4962,5221.702221791193
4963,5221.702231636658
4964,5221.7022285086
4965,5221.702232561975
4966,5221.702227471806
4967,5221.702226151458
4968,5221.702224216935
4969,5221.702223515467
4970,5221.702230503995
4971,5221.702226019449
4972,5221.702227483773
4973,5221.702225459241
4974,5221.702227915621
4975,5221.702227664037
4976,5221.702218946578
4977,5221.70222925885
4978,5221.702225647855
4979,5221.702222941791
4980,5221.702227490119
4981,5221.702223253008
4982,5221.702227236964
4983,5221.702223766473
4984,5221.702223918132
4985,5221.702237302499
4986,5221.702233194908
4987,5221.702218453197
4988,5221.70222233634
4989,5221.702221054226
4990,5221.702226291866
4991,5221.702224622644
4992,5221.702227131292
4993,5221.70222807466
4994,5221.702227310361
4995,5221.702225229392
4996,5221.702229638719
4997,5221.702227193046
4998,5216.6105035607925
4999,5216.610503560796
5000,5216.610503560796
5001,5216.610503560794
5002,5216.610503560797
5003,5216.610503560794
5004,5216.610503560794
5005,5216.6105035607925
5006,5216.6105035607925
5007,5216.6104916114855
5008,5216.610503010694
5009,5216.610502069023
5010,5216.61050533994
5011,5216.6104994755415
5012,5216.610510269632
5013,5216.610506026189
5014,5216.61051214783
5015,5216.610505559667
5016,5216.610506095258
5017,5216.6105018600665
5018,5216.61050208545
5019,5216.610514534323
5020,5216.61050374408
5021,5216.61050582851
5022,5216.610505182436
5023,5216.610505721792
5024,5216.61051034885
5025,5216.610499221288
5026,5216.610508072314
5027,5216.610504477889
5028,5216.610500613501
5029,5216.610506110881
5030,5216.6105006273465
5031,5216.610509867121
5032,5216.610501626371
5033,5216.610502113252
5034,5216.610513236328
5035,5216.61050957735
5036,5216.610496082893
5037,5216.610498129076
5038,5216.610503908736
5039,5216.610503973592
5040,5216.610502934998
5041,5216.610505582503
5042,5216.610507017749
5043,5216.610506609687
5044,5216.610503322018
5045,5216.610507115309
5046,5216.610509407512
5047,5212.313031390497
5048,5212.313031390497
5049,5212.313031390496
5050,5212.313031390498
5051,5212.313031390498
5052,5212.313031390497
5053,5212.313031390499
5054,5212.313031390497
5055,5212.313031390497
5056,5212.313025788881
5057,5212.313044200059
5058,5212.313031947525
5059,5212.313033683327
5060,5212.313024485033
5061,5212.313041715307
5062,5212.313024528196
5063,5212.313035444984
5064,5212.313032644073
5065,5212.313028120331
5066,5212.313030310453
5067,5212.313031004834
5068,5212.313045142346
5069,5212.31303005724
5070,5212.313032597304
5071,5212.313034714062
5072,5212.3130338019255
5073,5212.3130334041625
5074,5212.313028433808
5075,5212.3130193456
5076,5212.313026977098
5077,5212.313028779334
5078,5212.313033993379
5079,5212.31302932057
5080,5212.3130202246975
5081,5212.313029466938
5082,5212.313030302153
5083,5212.313039772994
5084,5212.313045447857
5085,5212.313035719336
5086,5212.313027569025
5087,5212.313010317224
5088,5212.313033295752
5089,5212.313030290339
5090,5212.313032892789
5091,5212.313035220164
5092,5212.313031587138
5093,5212.313028388961
5094,5212.313034642782
5095,5212.313026367633
5096,5206.826607233424
5097,5206.8266072334245
5098,5206.826607233424
5099,5206.826607233425
5100,5206.826607233425
5101,5206.8266072334245
5102,5206.826607233425
5103,5206.8266072334245
5104,5206.826607233425
5105,5206.826617345265
5106,5206.826610362159
5107,5206.826606035145
5108,5206.82660773218
5109,5206.826610010487
5110,5206.8266091250225
5111,5206.826606571256
5112,5206.8266143339015
5113,5206.826607342531
5114,5206.826605985924
5115,5206.826607801516
5116,5206.826608503925
5117,5206.8266094278515
5118,5206.826608023249
5119,5206.826607193774
5120,5206.826608466201
5121,5206.826604523172
5122,5206.826606068337
5123,5206.82660923535
5124,5206.826607300447
5125,5206.826604011978
5126,5206.826604874243
5127,5206.826611681593
5128,5206.826607508117
5129,5206.826609184916
5130,5206.826605093095
5131,5206.826607299754
5132,5206.826609834545
5133,5206.826609405932
5134,5206.826606735423
5135,5206.826601766467
5136,5206.82660438599
5137,5206.826607835644
5138,5206.826606631254
5139,5206.826607942444
5140,5206.826609204131
5141,5206.8266098869835
5142,5206.8266023721235
5143,5206.826606287429
5144,5206.826609760998
5145,5203.926229868166
5146,5203.926229868166
5147,5203.926229868166
5148,5203.926229868166
5149,5203.926229868164
5150,5203.926229868162
5151,5203.926229868164
5152,5203.926229868164
5153,5203.926229868164
5154,5203.926232850591
5155,5203.926231728438
5156,5203.92622868565
5157,5203.926230320366
5158,5203.926233855
5159,5203.926229175529
5160,5203.926228379135
5161,5203.926232912522
5162,5203.926230928129
5163,5203.926230065194
5164,5203.926230933
5165,5203.926231571108
5166,5203.92622848579
5167,5203.926231171281
5168,5203.926229254354
5169,5203.926230826089
5170,5203.926225970689
5171,5203.926224190149
5172,5203.926230083984
5173,5203.926227638329
5174,5203.926228480324
5175,5203.926228115938
5176,5203.926234475199
5177,5203.926230257498
5178,5203.926231845682
5179,5203.926227976711
5180,5203.926230382749
5181,5203.926226817498
5182,5203.926226036128
5183,5203.926232132495
5184,5203.926223379001
5185,5203.926229635825
5186,5203.926230644588
5187,5203.926230306084
5188,5203.926229905281
5189,5203.926231760435
5190,5203.9262313135305
5191,5203.926225288138
5192,5203.926227380215
5193,5203.926230074112
5194,5206.574344738079
5195,5206.574344738085
5196,5206.574344738085
5197,5206.574344738085
5198,5206.5743447380855
5199,5206.574344738083
5200,5206.574344738084
5201,5206.574344738079
5202,5206.574344738079
5203,5206.574393691396
5204,5206.574330605246
5205,5206.5743447332225
5206,5206.574347842535
5207,5206.574336982626
5208,5206.574348365644
5209,5206.5743388840865
5210,5206.574342156168
5211,5206.574347616358
5212,5206.5743334207
5213,5206.574343196431
5214,5206.574346600966
5215,5206.574345280284
5216,5206.574352983045
5217,5206.5743439565795
5218,5206.57434864609
5219,5206.574340658838
5220,5206.574324687935
5221,5206.574340093992
5222,5206.574342997694
5223,5206.574334445581
5224,5206.574341447104
5225,5206.574348054293
5226,5206.574343756112
5227,5206.574326282267
5228,5206.574344733788
5229,5206.574344542222
5230,5206.574307353998
5231,5206.574336071955
5232,5206.574346503652
5233,5206.574397439036
5234,5206.574371844336
5235,5206.574348489014
5236,5206.574343674359
5237,5206.574345025187
5238,5206.574347741983
5239,5206.574334700136
5240,5206.574339209381
5241,5206.574343341173
5242,5206.574363778115
5243,5202.692899606325
5244,5202.692899606322
5245,5202.692899606324
5246,5202.692899606322
5247,5202.692899606323
5248,5202.692899606323
5249,5202.692899606323
5250,5202.692899606323
5251,5202.6928996063225
5252,5202.692918723235
5253,5202.692895996102
5254,5202.692898855294
5255,5202.692901001172
5256,5202.692899498379
5257,5202.692900488513
5258,5202.692896552302
5259,5202.692900656108
5260,5202.692901310294
5261,5202.692895737631
5262,5202.692899735399
5263,5202.692901365457
5264,5202.692899042191
5265,5202.692903332907
5266,5202.692898935943
5267,5202.692901629513
5268,5202.692895672952
5269,5202.692888778811
5270,5202.692898063576
5271,5202.6928974581715
5272,5202.692895085152
5273,5202.692897329068
5274,5202.692903749153
5275,5202.692899500771
5276,5202.692894383381
5277,5202.692898373761
5278,5202.692899863203
5279,5202.692884476322
5280,5202.692894022665
5281,5202.69290174862
5282,5202.692913939969
5283,5202.692908924737
5284,5202.692901436014
5285,5202.692899508704
5286,5202.692899728271
5287,5202.692901898196
5288,5202.692896983512
5289,5202.692894697089
5290,5202.6928975320925
5291,5202.692906481606
5292,5200.552659801064
5293,5200.552659801064
5294,5200.552659801064
5295,5200.552659801064
5296,5200.552659801064
5297,5200.55265980106
5298,5200.552659801064
5299,5200.552659801064
5300,5200.552659801061
5301,5200.5526719790705
5302,5200.552657450898
5303,5200.552659216854
5304,5200.552660495503
5305,5200.552656798693
5306,5200.552661386467
5307,5200.5526579593
5308,5200.552657964709
5309,5200.552661404195
5310,5200.552655588037
5311,5200.552660724645
5312,5200.5526621090785
5313,5200.552660832109
5314,5200.552663403745
5315,5200.552658590701
5316,5200.55266238361
5317,5200.552656950771
5318,5200.552651870205
5319,5200.552658253108
5320,5200.552657631334
5321,5200.552655072625
5322,5200.552657899459
5323,5200.5526642209425
5324,5200.552660615698
5325,5200.5526548377875
5326,5200.5526586133565
5327,5200.55266053418
5328,5200.552647612091
5329,5200.552656164283
5330,5200.552660746215
5331,5200.552669295591
5332,5200.552666572998
5333,5200.552661742689
5334,5200.5526599990635
5335,5200.5526595536085
5336,5200.552661487157
5337,5200.5526568884925
5338,5200.552654068659
5339,5200.55265645981
5340,5200.552662184965
5341,5196.325718252641
5342,5196.3257182526395
5343,5196.325718252641
5344,5196.32571825264
5345,5196.32571825264
5346,5196.32571825264
5347,5196.325718252641
5348,5196.325718252641
5349,5196.32571825264
5350,5196.3257233876275
5351,5196.325716833512
5352,5196.325717666026
5353,5196.325716815153
5354,5196.325712788394
5355,5196.32572043117
5356,5196.325718829033
5357,5196.325712777611
5358,5196.325719328888
5359,5196.325714067384
5360,5196.325720458153
5361,5196.325720763782
5362,5196.325717863896
5363,5196.325721446339
5364,5196.325716641422
5365,5196.325720932242
5366,5196.32571672088
5367,5196.325713949297
5368,5196.3257190346785
5369,5196.325717425365
5370,5196.325713772872
5371,5196.325716928042
5372,5196.325722971801
5373,5196.325720868342
5374,5196.325714055422
5375,5196.3257170315865
5376,5196.325719596624
5377,5196.3257157137405
5378,5196.325719822193
5379,5196.325716292775
5380,5196.325720909005
5381,5196.325719741461
5382,5196.325720079199
5383,5196.3257186366
5384,5196.325717780075
5385,5196.325718143211
5386,5196.325715190082
5387,5196.325711926825
5388,5196.325713877332
5389,5196.3257147934455
5390,5191.058025058062
5391,5191.058025058062
5392,5191.058025058062
5393,5191.058025058062
5394,5191.058025058061
5395,5191.058025058063
5396,5191.058025058062
5397,5191.058025058059
5398,5191.0580250580615
5399,5191.0580225606345
5400,5191.058024920912
5401,5191.058024357868
5402,5191.05802267528
5403,5191.058017229296
5404,5191.058028491545
5405,5191.058027831708
5406,5191.0580169904315
5407,5191.058025953072
5408,5191.058021795574
5409,5191.058026953675
5410,5191.0580276668
5411,5191.058025249534
5412,5191.058027883828
5413,5191.058023614209
5414,5191.05802829219
5415,5191.058024815512
5416,5191.058023527295
5417,5191.058028037458
5418,5191.058026638442
5419,5191.058021361305
5420,5191.058023729188
5421,5191.058028893025
5422,5191.0580282880055
5423,5191.058022436537
5424,5191.05802378357
5425,5191.058026362477
5426,5191.058029197745
5427,5191.058030225489
5428,5191.05801900986
5429,5191.058024338967
5430,5191.058024526448
5431,5191.0580267260775
5432,5191.058025441942
5433,5191.058024765855
5434,5191.058023931786
5435,5191.058021641705
5436,5191.05801940351
5437,5191.058020980912
5438,5191.05801922646
5439,5184.440216279562
5440,5184.440216279563
5441,5184.44021627956
5442,5184.440216279564
5443,5184.4402162795595
5444,5184.440216279564
5445,5184.440216279563
5446,5184.440216279562
5447,5184.440216279562
5448,5184.440220367863
5449,5184.440217672712
5450,5184.440215734798
5451,5184.440211731677
5452,5184.440221857268
5453,5184.440214007542
5454,5184.440215764953
5455,5184.440207071474
5456,5184.440218102637
5457,5184.440217384113
5458,5184.440217117079
5459,5184.440218519553
5460,5184.440200465494
5461,5184.44021791534
5462,5184.440215331221
5463,5184.440216601941
5464,5184.440211825957
5465,5184.440200194897
5466,5184.440222961995
5467,5184.440213174379
5468,5184.440216869297
5469,5184.440215088034
5470,5184.440217856469
5471,5184.440219853838
5472,5184.440211301918
5473,5184.4402150884425
5474,5184.4402170880385
5475,5184.4402194150525
5476,5184.440216111359
5477,5184.440217948888
5478,5184.440217445616
5479,5184.440211204852
5480,5184.440217717373
5481,5184.440217097359
5482,5184.440215943881
5483,5184.440213634632
5484,5184.4402122390975
5485,5184.440214422268
5486,5184.4402144156065
5487,5184.440211255441
5488,5185.642814484631
5489,5185.64281448463
5490,5185.64281448463
5491,5185.642814484631
5492,5185.642814484632
5493,5185.642814484629
5494,5185.64281448463
5495,5185.642814484631
5496,5185.642814484628
5497,5185.6428041060835
5498,5185.642808869255
5499,5185.642813570243
5500,5185.642808508842
5501,5185.64278663652
5502,5185.642799323081
5503,5185.642833724694
5504,5185.642823157468
5505,5185.6428190025
5506,5185.642823189574
5507,5185.642811516792
5508,5185.642815717012
5509,5185.642849997165
5510,5185.642817093711
5511,5185.642815452173
5512,5185.6428230245665
5513,5185.642822486155
5514,5185.642844415878
5515,5185.6428111052655
5516,5185.642839010589
5517,5185.642821007371
5518,5185.642810576889
5519,5185.642811960665
5520,5185.642816463431
5521,5185.642821763326
5522,5185.642813409503
5523,5185.642813286255
5524,5185.64283886477
5525,5185.642841554721
5526,5185.642783933568
5527,5185.642815943995
5528,5185.6428266762705
5529,5185.642815069306
5530,5185.642814007787
5531,5185.64281573114
5532,5185.642809779897
5533,5185.642813750743
5534,5185.642819741118
5535,5185.642816428501
5536,5185.642815762837
5537,5181.242970876978
5538,5181.2429708769805
5539,5181.242970876977
5540,5181.242970876979
5541,5181.242970876977
5542,5181.242970876978
5543,5181.242970876977
5544,5181.242970876976
5545,5181.242970876977
5546,5181.242966969858
5547,5181.242969767659
5548,5181.242970182139
5549,5181.242965745113
5550,5181.24296146896
5551,5181.242965206655
5552,5181.2429790572005
5553,5181.2429696313275
5554,5181.242973992566
5555,5181.242975802625
5556,5181.242970057355
5557,5181.242972493957
5558,5181.242978757596
5559,5181.242972863536
5560,5181.242970854736
5561,5181.242974829561
5562,5181.2429722107045
5563,5181.242975807227
5564,5181.242972836245
5565,5181.242979688494
5566,5181.242974491629
5567,5181.24296846876
5568,5181.2429706635585
5569,5181.242973591918
5570,5181.242971575351
5571,5181.242969693566
5572,5181.242970793135
5573,5181.242984180688
5574,5181.2429830240735
5575,5181.24295830106
5576,5181.242971098673
5577,5181.242972844349
5578,5181.242971885074
5579,5181.242971152815
5580,5181.242971233335
5581,5181.242967390283
5582,5181.242968436501
5583,5181.24297239377
5584,5181.242970789908
5585,5181.242968296697
5586,5178.584145039006
5587,5178.584145039005
5588,5178.584145039007
5589,5178.584145039005
5590,5178.584145039006
5591,5178.584145039005
5592,5178.584145039007
5593,5178.584145039006
5594,5178.584145039006
5595,5178.584130490437
5596,5178.584150413299
5597,5178.58414467602
5598,5178.584140856464
5599,5178.584143111512
5600,5178.58414152359
5601,5178.584147917759
5602,5178.584144942221
5603,5178.584150179086
5604,5178.584155754344
5605,5178.584143180598
5606,5178.584145582399
5607,5178.584152347378
5608,5178.584144847322
5609,5178.584145761618
5610,5178.584147551445
5611,5178.584144832901
5612,5178.5841440032045
5613,5178.584144138769
5614,5178.584144679329
5615,5178.584154063495
5616,5178.584142593264
5617,5178.584143620122
5618,5178.584145385627
5619,5178.584145051996
5620,5178.58414360625
5621,5178.584144217223
5622,5178.584156825687
5623,5178.584152512147
5624,5178.584142056852
5625,5178.584137882706
5626,5178.584138818242
5627,5178.584145769083
5628,5178.5841461096
5629,5178.584145343746
5630,5178.584143151729
5631,5178.584143513991
5632,5178.5841502973935
5633,5178.584147452979
5634,5178.584141155072
5635,5175.180545332991
5636,5175.180545332991
5637,5175.18054533299
5638,5175.180545332992
5639,5175.180545332992
5640,5175.180545332991
5641,5175.18054533299
5642,5175.18054533299
5643,5175.180545332993
5644,5175.180552174856
5645,5175.18054698548
5646,5175.180545059349
5647,5175.180542049154
5648,5175.180552301705
5649,5175.180545570241
5650,5175.180545546264
5651,5175.180546316602
5652,5175.180550098619
5653,5175.1805528824125
5654,5175.180541120156
5655,5175.1805471477555
5656,5175.18054391449
5657,5175.18054560965
5658,5175.1805462497005
5659,5175.180546922356
5660,5175.180541245805
5661,5175.180533151784
5662,5175.180546131364
5663,5175.180544580514
5664,5175.180551241033
5665,5175.180542184449
5666,5175.1805420719365
5667,5175.180545363349
5668,5175.180543184024
5669,5175.180543987559
5670,5175.180543640169
5671,5175.18054180697
5672,5175.1805433710415
5673,5175.180547601113
5674,5175.180553169927
5675,5175.180548384422
5676,5175.180546529208
5677,5175.180545711719
5678,5175.180545968771
5679,5175.180544078383
5680,5175.180542156954
5681,5175.180550351702
5682,5175.1805490858005
5683,5175.180550491494
5684,5171.989759535155
5685,5171.989759535156
5686,5171.989759535156
5687,5171.989759535155
5688,5171.989759535153
5689,5171.989759535156
5690,5171.989759535155
5691,5171.989759535155
5692,5171.989759535154
5693,5171.9897694999545
5694,5171.989761339924
5695,5171.989759610093
5696,5171.989757591524
5697,5171.989765832859
5698,5171.98975992018
5699,5171.989759015598
5700,5171.989759664274
5701,5171.989763944637
5702,5171.989763684217
5703,5171.989753815845
5704,5171.989762413064
5705,5171.9897612231525
5706,5171.989759397259
5707,5171.989760513476
5708,5171.989762207884
5709,5171.989755693771
5710,5171.989748301992
5711,5171.989759129304
5712,5171.989758048306
5713,5171.98976204458
5714,5171.989755912232
5715,5171.989755350434
5716,5171.989759265523
5717,5171.98975746933
5718,5171.989758106413
5719,5171.989757337052
5720,5171.989748395376
5721,5171.989754701757
5722,5171.989764073094
5723,5171.989770926605
5724,5171.989767110931
5725,5171.9897611716715
5726,5171.9897594085205
5727,5171.989760394828
5728,5171.989759185967
5729,5171.989755472744
5730,5171.989763322998
5731,5171.9897634889985
5732,5171.989767380051
5733,5163.98103652186
5734,5163.981036521857
5735,5163.981036521857
5736,5163.98103652186
5737,5163.981036521859
5738,5163.98103652186
5739,5163.98103652186
5740,5163.981036521858
5741,5163.981036521859
5742,5163.98105632559
5743,5163.981034712152
5744,5163.981036998347
5745,5163.981034739513
5746,5163.981042378355
5747,5163.981036640234
5748,5163.981037442389
5749,5163.981037827075
5750,5163.981039632825
5751,5163.981034683786
5752,5163.981029508311
5753,5163.981040760156
5754,5163.981040025667
5755,5163.981036288542
5756,5163.981037552744
5757,5163.981039984871
5758,5163.9810330142545
5759,5163.981029532588
5760,5163.98103380052
5761,5163.981036891441
5762,5163.981033474768
5763,5163.981032764903
5764,5163.981031495064
5765,5163.9810373277205
5766,5163.981036101912
5767,5163.981034636507
5768,5163.981033892229
5769,5163.981017929896
5770,5163.981029945581
5771,5163.981043458088
5772,5163.981052055064
5773,5163.9810520705705
5774,5163.9810387427015
5775,5163.981035381282
5776,5163.981037745509
5777,5163.981035760213
5778,5163.981032008213
5779,5163.981038038224
5780,5163.981040372141
5781,5163.981047859515
5782,5154.20998203897
5783,5154.209982038973
5784,5154.20998203897
5785,5154.20998203897
5786,5154.209982038972
5787,5154.209982038972
5788,5154.209982038975
5789,5154.209982038971
5790,5154.209982038972
5791,5154.210007614882
5792,5154.209977693599
5793,5154.2099832878985
5794,5154.209982340572
5795,5154.209977044974
5796,5154.209986651516
5797,5154.20998071076
5798,5154.209980245785
5799,5154.209983118209
5800,5154.2099707873895
5801,5154.209973719327
5802,5154.209986863656
5803,5154.209991498415
5804,5154.209983940957
5805,5154.209983510657
5806,5154.209986737325
5807,5154.20998153716
5808,5154.2099823435365
5809,5154.209978206171
5810,5154.209981894581
5811,5154.209970633831
5812,5154.209977952634
5813,5154.209976053228
5814,5154.209982564641
5815,5154.20997554488
5816,5154.20998001924
5817,5154.20997900149
5818,5154.209956150131
5819,5154.209981271284
5820,5154.209987160915
5821,5154.210010119445
5822,5154.210001495255
5823,5154.209985752617
5824,5154.209979242611
5825,5154.209984160051
5826,5154.20998242186
5827,5154.209974672179
5828,5154.209980857978
5829,5154.209986859864
5830,5154.209994568851
5831,5146.273811881287
5832,5146.273811881284
5833,5146.273811881287
5834,5146.273811881286
5835,5146.273811881287
5836,5146.273811881287
5837,5146.273811881286
5838,5146.273811881285
5839,5146.273811881286
5840,5146.27382343087
5841,5146.2738052279865
5842,5146.27381018951
5843,5146.273811850477
5844,5146.273818386158
5845,5146.27381002521
5846,5146.273818023743
5847,5146.2738130592725
5848,5146.273805949193
5849,5146.273797421721
5850,5146.273804858378
5851,5146.273818294696
5852,5146.273805519168
5853,5146.273814012011
5854,5146.273814073149
5855,5146.273811344777
5856,5146.273809477168
5857,5146.2738215283225
5858,5146.27381946823
5859,5146.273829177349
5860,5146.273795616462
5861,5146.273808804222
5862,5146.273807210069
5863,5146.273814869542
5864,5146.273830672839
5865,5146.273807883995
5866,5146.273809559286
5867,5146.273800213472
5868,5146.2738080221
5869,5146.2738014291945
5870,5146.273813126496
5871,5146.273836798668
5872,5146.273813839026
5873,5146.273807802896
5874,5146.273815117939
5875,5146.273811861383
5876,5146.273813126445
5877,5146.273805582609
5878,5146.273815755567
5879,5146.273826391468
5880,5134.883174632008
5881,5134.883174632007
5882,5134.883174632006
5883,5134.883174632007
5884,5134.883174632006
5885,5134.8831746320075
5886,5134.883174632006
5887,5134.883174632007
5888,5134.883174632007
5889,5134.883180847545
5890,5134.883173407591
5891,5134.883174491594
5892,5134.883175296392
5893,5134.883169400868
5894,5134.883171820188
5895,5134.883171729146
5896,5134.883173264141
5897,5134.883171854984
5898,5134.883163306163
5899,5134.883170051308
5900,5134.883176866238
5901,5134.883177362511
5902,5134.883178320769
5903,5134.883176790547
5904,5134.883174179987
5905,5134.883174945845
5906,5134.88318428691
5907,5134.883176102744
5908,5134.88317445154
5909,5134.883163220342
5910,5134.883172536712
5911,5134.8831719173095
5912,5134.88317529249
5913,5134.883175862671
5914,5134.883170708269
5915,5134.88317308858
5916,5134.88316584028
5917,5134.88318096067
5918,5134.883174743173
5919,5134.8831817511655
5920,5134.883183272464
5921,5134.883177756328
5922,5134.883171459269
5923,5134.883177444111
5924,5134.883175348917
5925,5134.88317223927
5926,5134.883172090778
5927,5134.883179371322
5928,5134.8831789263895
5929,5128.59817509838
5930,5128.598175098376
5931,5128.598175098376
5932,5128.59817509838
5933,5128.598175098378
5934,5128.598175098377
5935,5128.598175098377
5936,5128.598175098379
5937,5128.598175098378
5938,5128.598203545708
5939,5128.598168301777
5940,5128.598175029012
5941,5128.598176201915
5942,5128.5981616873105
5943,5128.5981696853605
5944,5128.59816830059
5945,5128.598174224788
5946,5128.598174029074
5947,5128.5981651188185
5948,5128.598171272377
5949,5128.598175174339
5950,5128.59816886
5951,5128.598183190511
5952,5128.598177222138
5953,5128.59817367388
5954,5128.598174891293
5955,5128.598178592246
5956,5128.598183153379
5957,5128.598176585231
5958,5128.598165609428
5959,5128.598171793143
5960,5128.598172074712
5961,5128.598173911107
5962,5128.59815911917
5963,5128.5981733342505
5964,5128.5981739811805
5965,5128.598163795611
5966,5128.598189203486
5967,5128.598169740823
5968,5128.598210456255
5969,5128.598183699027
5970,5128.598179319903
5971,5128.598171801172
5972,5128.598177931307
5973,5128.598176045637
5974,5128.598168938998
5975,5128.598176583702
5976,5128.598181008038
5977,5128.598178974108
5978,5121.519350016789
5979,5121.519350016788
5980,5121.519350016789
5981,5121.519350016789
5982,5121.519350016789
5983,5121.519350016788
5984,5121.519350016789
5985,5121.51935001679
5986,5121.519350016789
5987,5121.519334828619
5988,5121.5193611977
5989,5121.51935034695
5990,5121.519348276439
5991,5121.519353046626
5992,5121.519351736908
5993,5121.519346262343
5994,5121.5193465787615
5995,5121.519353252614
5996,5121.519355019289
5997,5121.519348694517
5998,5121.519349417298
5999,5121.519343071503
6000,5121.519352867895
6001,5121.519350859753
6002,5121.519345238527
6003,5121.5193463098485
6004,5121.5193447474085
6005,5121.519353031286
6006,5121.5193441810925
6007,5121.519353951667
6008,5121.519347942734
6009,5121.519347996303
6010,5121.519349303556
6011,5121.519345715599
6012,5121.519347813018
6013,5121.519349763299
6014,5121.519352892314
6015,5121.519356396123
6016,5121.51935209844
6017,5121.519341602568
6018,5121.519335519388
6019,5121.519352492999
6020,5121.519349714743
6021,5121.519350959046
6022,5121.519350641159
6023,5121.519349505973
6024,5121.519355810109
6025,5121.519354964804
6026,5121.519340132089
6027,5115.121865281347
6028,5115.121865281344
6029,5115.121865281345
6030,5115.121865281345
6031,5115.121865281343
6032,5115.121865281344
6033,5115.121865281346
6034,5115.121865281349
6035,5115.121865281346
6036,5115.121858243479
6037,5115.121867538183
6038,5115.121864102355
6039,5115.121865987971
6040,5115.121868307008
6041,5115.12186844799
6042,5115.121864896685
6043,5115.121867803228
6044,5115.1218669930395
6045,5115.121868623514
6046,5115.121862804884
6047,5115.1218653386895
6048,5115.121855785309
6049,5115.121870391998
6050,5115.121866545523
6051,5115.121859854742
6052,5115.121860983558
6053,5115.121862712589
6054,5115.121869561786
6055,5115.121870210451
6056,5115.121866888026
6057,5115.121862693014
6058,5115.121863273183
6059,5115.121863056288
6060,5115.121867094068
6061,5115.1218628598235
6062,5115.121864859546
6063,5115.121859994017
6064,5115.121864388444
6065,5115.121859098403
6066,5115.121864701838
6067,5115.121867996416
6068,5115.12186757925
6069,5115.121864600912
6070,5115.121866758919
6071,5115.121868002597
6072,5115.121865982484
6073,5115.121870363547
6074,5115.121869579887
6075,5115.121862457226
6076,5109.795960039972
6077,5109.795960039967
6078,5109.795960039969
6079,5109.795960039967
6080,5109.795960039971
6081,5109.795960039972
6082,5109.79596003997
6083,5109.795960039972
6084,5109.79596003997
6085,5109.795965200378
6086,5109.795955414139
6087,5109.795957651302
6088,5109.795963005337
6089,5109.795961364758
6090,5109.79596366212
6091,5109.795960331358
6092,5109.795965335032
6093,5109.795960294904
6094,5109.79596107281
6095,5109.795956829333
6096,5109.79596049927
6097,5109.795943990624
6098,5109.795965706012
6099,5109.795961619544
6100,5109.7959541122345
6101,5109.7959557886215
6102,5109.795960786193
6103,5109.7959691173355
6104,5109.795972484155
6105,5109.7959582733965
6106,5109.795956458764
6107,5109.795958452896
6108,5109.7959566688105
6109,5109.79596441941
6110,5109.79595840191
6111,5109.795959852989
6112,5109.795948294349
6113,5109.795953992644
6114,5109.795947819764
6115,5109.795967907066
6116,5109.795977973413
6117,5109.795962105857
6118,5109.795959065267
6119,5109.795961956765
6120,5109.795964472624
6121,5109.795961346608
6122,5109.795964299056
6123,5109.795962574094
6124,5109.795961972866
6125,5101.040570655025
6126,5101.040570655026
6127,5101.040570655025
6128,5101.040570655027
6129,5101.040570655026
6130,5101.0405706550255
6131,5101.040570655024
6132,5101.040570655027
6133,5101.040570655025
6134,5101.0405692297045
6135,5101.040563228758
6136,5101.040568285641
6137,5101.040571505217
6138,5101.040558313005
6139,5101.040568956599
6140,5101.040580894028
6141,5101.040586027152
6142,5101.0405719383125
6143,5101.040574119265
6144,5101.0405675556
6145,5101.040570968591
6146,5101.0405745509825
6147,5101.040574056241
6148,5101.0405723676095
6149,5101.040567988755
6150,5101.040571507526
6151,5101.040592844283
6152,5101.0405709203005
6153,5101.040592269271
6154,5101.040570443847
6155,5101.0405663915835
6156,5101.04056946148
6157,5101.040568285463
6158,5101.040581671775
6159,5101.040568949437
6160,5101.04057044884
6161,5101.040572162846
6162,5101.04057664005
6163,5101.040549306101
6164,5101.040568000576
6165,5101.040594401268
6166,5101.040571662629
6167,5101.040569498508
6168,5101.040572837881
6169,5101.0405729178665
6170,5101.040575025891
6171,5101.040576005598
6172,5101.04057159434
6173,5101.040571079361
6174,5087.694341137675
6175,5087.694341137677
6176,5087.694341137678
6177,5087.694341137675
6178,5087.694341137675
6179,5087.694341137674
6180,5087.694341137677
6181,5087.694341137675
6182,5087.694341137678
6183,5087.694373443244
6184,5087.69433656194
6185,5087.694339996784
6186,5087.694339161959
6187,5087.694359422918
6188,5087.694352353794
6189,5087.69434699298
6190,5087.694358064089
6191,5087.69434374945
6192,5087.6943447045505
6193,5087.6943389082635
6194,5087.694342278401
6195,5087.694316325807
6196,5087.694337928582
6197,5087.6943418539695
6198,5087.694333252362
6199,5087.694333443849
6200,5087.694335049644
6201,5087.694338451788
6202,5087.694350054271
6203,5087.694340276504
6204,5087.694336482816
6205,5087.694341025084
6206,5087.694341717501
6207,5087.694344554817
6208,5087.694340732321
6209,5087.694341841012
6210,5087.694328077876
6211,5087.6943249048945
6212,5087.694343056527
6213,5087.694339744472
6214,5087.6943636026535
6215,5087.6943409574405
6216,5087.694340940466
6217,5087.69434209089
6218,5087.694340933285
6219,5087.694345273643
6220,5087.694345295042
6221,5087.694337467948
6222,5087.694343206186
6223,5078.591373998414
6224,5078.591373998413
6225,5078.591373998415
6226,5078.591373998413
6227,5078.5913739984135
6228,5078.591373998414
6229,5078.591373998411
6230,5078.591373998413
6231,5078.591373998415
6232,5078.591372610326
6233,5078.591387900559
6234,5078.591376784619
6235,5078.591368881484
6236,5078.5913669605325
6237,5078.591372598546
6238,5078.591382370466
6239,5078.591378053208
6240,5078.591380293064
6241,5078.591377926278
6242,5078.5913727249745
6243,5078.591373890181
6244,5078.591383547644
6245,5078.591363664687
6246,5078.591374495128
6247,5078.59137308592
6248,5078.591375014968
6249,5078.591392188472
6250,5078.591365918004
6251,5078.591373478477
6252,5078.591373227934
6253,5078.591367542451
6254,5078.591374056517
6255,5078.591376689549
6256,5078.591374031528
6257,5078.591375360316
6258,5078.591374760397
6259,5078.591386078057
6260,5078.591386308555
6261,5078.59137640466
6262,5078.591348518272
6263,5078.591372610274
6264,5078.591373710874
6265,5078.5913733100315
6266,5078.5913750435
6267,5078.591369836258
6268,5078.5913766013955
6269,5078.5913789164
6270,5078.591369726155
6271,5078.591360848015
6272,5073.414023542455
6273,5073.414023542455
6274,5073.414023542455
6275,5073.414023542455
6276,5073.4140235424575
6277,5073.414023542455
6278,5073.414023542457
6279,5073.414023542454
6280,5073.414023542455
6281,5073.414030619141
6282,5073.414035903321
6283,5073.414025894277
6284,5073.414022058266
6285,5073.414012111241
6286,5073.414020526987
6287,5073.414024380752
6288,5073.414026237897
6289,5073.414030031677
6290,5073.414027105168
6291,5073.414022336076
6292,5073.414022024151
6293,5073.4140292040565
6294,5073.414014156786
6295,5073.414024271281
6296,5073.414021991471
6297,5073.414025366439
6298,5073.4140403894025
6299,5073.414020827773
6300,5073.414018794389
6301,5073.414021992124
6302,5073.414016474708
6303,5073.4140249829925
6304,5073.414023136201
6305,5073.414016651545
6306,5073.414026425058
6307,5073.414024812436
6308,5073.414030295174
6309,5073.414032064598
6310,5073.414026893083
6311,5073.41400914021
6312,5073.414025729091
6313,5073.414023384893
6314,5073.414023211074
6315,5073.414024671859
6316,5073.41402292415
6317,5073.414023817227
6318,5073.414028956132
6319,5073.414018144981
6320,5073.414008689619
6321,5059.546175682661
6322,5059.546175682662
6323,5059.546175682663
6324,5059.546175682662
6325,5059.546175682663
6326,5059.5461756826635
6327,5059.546175682663
6328,5059.546175682663
6329,5059.5461756826635
6330,5059.546179017159
6331,5059.5461920081925
6332,5059.546177857774
6333,5059.546176953833
6334,5059.54618365051
6335,5059.54617922403
6336,5059.546167922269
6337,5059.546183001361
6338,5059.546186560141
6339,5059.546186445147
6340,5059.546175627629
6341,5059.546171783378
6342,5059.5461774510495
6343,5059.546174216335
6344,5059.546175591373
6345,5059.546168983854
6346,5059.546172181793
6347,5059.5461625494845
6348,5059.546162801778
6349,5059.546155097718
6350,5059.54618439007
6351,5059.54617113646
6352,5059.546178232819
6353,5059.546170043437
6354,5059.546156181086
6355,5059.546176144209
6356,5059.546176744439
6357,5059.546168117829
6358,5059.546164821382
6359,5059.546195145713
6360,5059.546169207182
6361,5059.546160942959
6362,5059.546176502647
6363,5059.546177064878
6364,5059.546175544193
6365,5059.546180909898
6366,5059.546172514723
6367,5059.546184996025
6368,5059.546173389879
6369,5059.546156040208
6370,5044.176530357215
6371,5044.176530357215
6372,5044.176530357212
6373,5044.176530357214
6374,5044.176530357213
6375,5044.176530357214
6376,5044.176530357214
6377,5044.176530357214
6378,5044.176530357215
6379,5044.176528415672
6380,5044.176537778676
6381,5044.176529516066
6382,5044.176534116669
6383,5044.17654696983
6384,5044.176532896699
6385,5044.17651952743
6386,5044.176532392821
6387,5044.1765342096805
6388,5044.176531361864
6389,5044.17652852306
6390,5044.176529030149
6391,5044.176521905096
6392,5044.176530924985
6393,5044.176532447414
6394,5044.176521393644
6395,5044.176529409751
6396,5044.176517145075
6397,5044.1765273461315
6398,5044.176520210718
6399,5044.176529363243
6400,5044.176525379382
6401,5044.176532271223
6402,5044.176523322682
6403,5044.176523853301
6404,5044.176530473263
6405,5044.176530582666
6406,5044.176526392547
6407,5044.176509851192
6408,5044.176534687221
6409,5044.176530831807
6410,5044.176528520958
6411,5044.17653084913
6412,5044.1765295054975
6413,5044.176531814477
6414,5044.176538105227
6415,5044.176527744985
6416,5044.1765331964425
6417,5044.176529288774
6418,5044.176519771658
6419,5033.193162807722
6420,5033.193162807724
6421,5033.193162807723
6422,5033.193162807722
6423,5033.193162807724
6424,5033.193162807723
6425,5033.193162807724
6426,5033.193162807725
6427,5033.193162807724
6428,5033.193149883423
6429,5033.193165859823
6430,5033.193160514723
6431,5033.193162756141
6432,5033.193171775696
6433,5033.193161518666
6434,5033.1931552070955
6435,5033.193163775688
6436,5033.193165460855
6437,5033.193164176767
6438,5033.193162131143
6439,5033.193160761229
6440,5033.193161634917
6441,5033.193166836272
6442,5033.193165394119
6443,5033.19315505245
6444,5033.193163632452
6445,5033.193160682643
6446,5033.193161628949
6447,5033.1931589356755
6448,5033.193163882451
6449,5033.193158732325
6450,5033.193164113935
6451,5033.193158394988
6452,5033.193163411283
6453,5033.193160866395
6454,5033.193162692256
6455,5033.193174975286
6456,5033.193159406519
6457,5033.193156538766
6458,5033.1931631240195
6459,5033.193160104075
6460,5033.193163361797
6461,5033.193160840173
6462,5033.19316514544
6463,5033.193165734665
6464,5033.193161329705
6465,5033.193166098931
6466,5033.193165317713
6467,5033.19315869734
6468,5020.759101919613
6469,5020.759101919614
6470,5020.759101919614
6471,5020.759101919614
6472,5020.759101919615
6473,5020.7591019196125
6474,5020.7591019196125
6475,5020.759101919615
6476,5020.759101919613
6477,5020.759089041048
6478,5020.759098147618
6479,5020.7590990723265
6480,5020.759098101256
6481,5020.759110957658
6482,5020.759100440407
6483,5020.759100491325
6484,5020.7591025937445
6485,5020.7591038974315
6486,5020.759102162112
6487,5020.759101413727
6488,5020.759101169073
6489,5020.759102746259
6490,5020.759106604745
6491,5020.759104475576
6492,5020.759095135558
6493,5020.759104442475
6494,5020.759105637571
6495,5020.759098066416
6496,5020.759106006941
6497,5020.7591028261395
6498,5020.759098159407
6499,5020.759102321891
6500,5020.75910046397
6501,5020.759109534888
6502,5020.759099208073
6503,5020.759101638969
6504,5020.75912076192
6505,5020.75910161817
6506,5020.7590890902975
6507,5020.759103407308
6508,5020.759106637905
6509,5020.759102225812
6510,5020.759099370443
6511,5020.75910433547
6512,5020.759100418594
6513,5020.759100482844
6514,5020.759104299866
6515,5020.759104085103
6516,5020.759101892135
6517,4983.142525193004
6518,4983.14252519301
6519,4983.142525193005
6520,4983.142525193007
6521,4983.142525193008
6522,4983.142525193006
6523,4983.142525193005
6524,4983.142525193006
6525,4983.142525193006
6526,4983.142497847267
6527,4983.1425127887305
6528,4983.142522233291
6529,4983.1425156621
6530,4983.14252791043
6531,4983.142521393023
6532,4983.14253995408
6533,4983.14251543267
6534,4983.142525119482
6535,4983.142521973905
6536,4983.14252240246
6537,4983.142531009647
6538,4983.142534548937
6539,4983.142527328442
6540,4983.142527274097
6541,4983.1425235782235
6542,4983.142534509624
6543,4983.142548066973
6544,4983.142515493213
6545,4983.142547815731
6546,4983.142522877704
6547,4983.142521592518
6548,4983.142521671907
6549,4983.142529403538
6550,4983.142552223576
6551,4983.142521742314
6552,4983.142524115606
6553,4983.142548323386
6554,4983.142526218081
6555,4983.142501024289
6556,4983.14252052527
6557,4983.142548302504
6558,4983.142525113789
6559,4983.142522001026
6560,4983.14252697977
6561,4983.142517188422
6562,4983.142523978296
6563,4983.142523832586
6564,4983.14252536422
6565,4983.142536610374
6566,4949.204324676592
6567,4949.20432467659
6568,4949.204324676588
6569,4949.204324676584
6570,4949.204324676589
6571,4949.204324676587
6572,4949.204324676587
6573,4949.204324676588
6574,4949.20432467659
6575,4949.204318063273
6576,4949.204306298087
6577,4949.2043236074815
6578,4949.204313574621
6579,4949.204316411435
6580,4949.204316215368
6581,4949.204349392467
6582,4949.2043165238
6583,4949.20432202542
6584,4949.204318843999
6585,4949.204318257353
6586,4949.204336451081
6587,4949.20433366473
6588,4949.204321633058
6589,4949.204325961138
6590,4949.204328027407
6591,4949.204341201897
6592,4949.204357088574
6593,4949.20430831876
6594,4949.204354992732
6595,4949.204318657158
6596,4949.204321411691
6597,4949.204318358423
6598,4949.20433106156
6599,4949.204349763465
6600,4949.204322602983
6601,4949.204323353859
6602,4949.204333268229
6603,4949.204324889919
6604,4949.204302870419
6605,4949.2043356381355
6606,4949.204364023837
6607,4949.204324650316
6608,4949.204321241945
6609,4949.204325083477
6610,4949.204315521404
6611,4949.204323070184
6612,4949.20432092126
6613,4949.204321684455
6614,4949.20434899259
6615,4926.582412199258
6616,4926.582412199258
6617,4926.582412199255
6618,4926.58241219926
6619,4926.582412199256
6620,4926.582412199256
6621,4926.582412199258
6622,4926.582412199259
6623,4926.582412199259
6624,4926.582394014837
6625,4926.582428304136
6626,4926.582411477938
6627,4926.58240357226
6628,4926.582415655466
6629,4926.582410555425
6630,4926.582406858595
6631,4926.582375326831
6632,4926.582406851236
6633,4926.58241106525
6634,4926.582412783512
6635,4926.58241915742
6636,4926.582398095271
6637,4926.582405571131
6638,4926.582411829813
6639,4926.582407881704
6640,4926.582420734033
6641,4926.582427483133
6642,4926.582426739806
6643,4926.582404982907
6644,4926.582406128727
6645,4926.5824108815095
6646,4926.582413920732
6647,4926.582420872764
6648,4926.582431073427
6649,4926.582411585935
6650,4926.5824161913115
6651,4926.582416441458
6652,4926.582413325601
6653,4926.5824166616885
6654,4926.582389012692
6655,4926.5824137079235
6656,4926.5824119560875
6657,4926.582411090297
6658,4926.58241070212
6659,4926.582404813726
6660,4926.582414488556
6661,4926.582405089054
6662,4926.582405337259
6663,4926.582428472523
6664,4914.05565812251
6665,4914.055658122508
6666,4914.055658122507
6667,4914.055658122508
6668,4914.055658122508
6669,4914.05565812251
6670,4914.055658122508
6671,4914.05565812251
6672,4914.05565812251
6673,4914.055673522004
6674,4914.055668424587
6675,4914.055658334494
6676,4914.055650368892
6677,4914.055647618123
6678,4914.055653032709
6679,4914.05565158097
6680,4914.0556589563685
6681,4914.055659167063
6682,4914.055662835187
6683,4914.055660888555
6684,4914.0556592577
6685,4914.0556665977365
6686,4914.055663332591
6687,4914.055656764407
6688,4914.055654178506
6689,4914.055666540296
6690,4914.055671481566
6691,4914.055652716673
6692,4914.055640449529
6693,4914.0556622585445
6694,4914.055658703171
6695,4914.055661708121
6696,4914.0556620636235
6697,4914.055646106194
6698,4914.0556554985515
6699,4914.055661913829
6700,4914.055656850448
6701,4914.055672473631
6702,4914.0556671105205
6703,4914.055656559809
6704,4914.055649833553
6705,4914.055659632779
6706,4914.055658039154
6707,4914.055656296414
6708,4914.055654230395
6709,4914.055659341929
6710,4914.055659816372
6711,4914.055654504196
6712,4914.055658030019
6713,4905.741071356656
6714,4905.741071356654
6715,4905.741071356652
6716,4905.741071356653
6717,4905.741071356656
6718,4905.741071356654
6719,4905.741071356654
6720,4905.741071356653
6721,4905.741071356653
6722,4905.741077830419
6723,4905.741085241647
6724,4905.741071787892
6725,4905.7410699403
6726,4905.741077357201
6727,4905.741068220698
6728,4905.741061024432
6729,4905.741066366422
6730,4905.741071146561
6731,4905.741076662947
6732,4905.741070861316
6733,4905.741075225927
6734,4905.741067445077
6735,4905.741069802318
6736,4905.741071116144
6737,4905.741064468466
6738,4905.741081011528
6739,4905.741071668872
6740,4905.741068751662
6741,4905.741055300706
6742,4905.741073045662
6743,4905.741070710262
6744,4905.741073173389
6745,4905.741069199242
6746,4905.741065606697
6747,4905.741072433899
6748,4905.741073717528
6749,4905.741059122341
6750,4905.741059336952
6751,4905.741083278273
6752,4905.741067101427
6753,4905.741066099853
6754,4905.741071645936
6755,4905.741071683051
6756,4905.741069408083
6757,4905.741075586247
6758,4905.741072196671
6759,4905.741071713036
6760,4905.741067841269
6761,4905.741076330239
6762,4898.916348828586
6763,4898.916348828591
6764,4898.916348828588
6765,4898.916348828589
6766,4898.916348828588
6767,4898.916348828587
6768,4898.916348828587
6769,4898.916348828586
6770,4898.916348828588
6771,4898.916387080669
6772,4898.916358147555
6773,4898.9163465178335
6774,4898.916343293344
6775,4898.916405469922
6776,4898.916364413833
6777,4898.916335039095
6778,4898.916341545905
6779,4898.916344868749
6780,4898.916346225212
6781,4898.9163502706215
6782,4898.9163531145805
6783,4898.916286423618
6784,4898.916353937464
6785,4898.916347863121
6786,4898.916333116743
6787,4898.916340939783
6788,4898.916298932541
6789,4898.916355254278
6790,4898.916330960182
6791,4898.916345890144
6792,4898.916348912837
6793,4898.916351504951
6794,4898.916353788512
6795,4898.916341919048
6796,4898.91634605171
6797,4898.916352136635
6798,4898.9163259719835
6799,4898.91631248843
6800,4898.916382214767
6801,4898.9163607263845
6802,4898.916344083078
6803,4898.916349849891
6804,4898.916347892948
6805,4898.916346373482
6806,4898.916345972034
6807,4898.91634804088
6808,4898.916341732178
6809,4898.916344272399
6810,4898.916358898331
6811,4881.016997117802
6812,4881.016997117798
6813,4881.016997117798
6814,4881.016997117802
6815,4881.016997117804
6816,4881.016997117798
6817,4881.0169971178
6818,4881.016997117804
6819,4881.016997117801
6820,4881.016995505656
6821,4881.017007859491
6822,4881.016996496112
6823,4881.016990712089
6824,4881.017018397605
6825,4881.0170001518545
6826,4881.017001023152
6827,4881.016987121963
6828,4881.01699368269
6829,4881.016994781982
6830,4881.016996420457
6831,4881.017003923245
6832,4881.016977384888
6833,4881.016996195174
6834,4881.016996367064
6835,4881.016990924033
6836,4881.017001130355
6837,4881.01698190951
6838,4881.0169914487215
6839,4881.016992573588
6840,4881.016992794604
6841,4881.016996384003
6842,4881.016999566653
6843,4881.017001668498
6844,4881.016998291846
6845,4881.016994642512
6846,4881.016999778782
6847,4881.016990175522
6848,4881.016981752621
6849,4881.017008399052
6850,4881.016986019542
6851,4881.016989843971
6852,4881.016997126105
6853,4881.016995951736
6854,4881.016995043434
6855,4881.016994074395
6856,4881.016997457326
6857,4881.016989025377
6858,4881.016990770221
6859,4881.017001406732
6860,4871.126293959638
6861,4871.1262939596345
6862,4871.1262939596345
6863,4871.126293959637
6864,4871.126293959636
6865,4871.126293959639
6866,4871.126293959639
6867,4871.126293959638
6868,4871.126293959638
6869,4871.126276624108
6870,4871.126305584766
6871,4871.126292990246
6872,4871.126289682694
6873,4871.126294059729
6874,4871.126289154137
6875,4871.126299842039
6876,4871.126290442614
6877,4871.126291026472
6878,4871.126292313047
6879,4871.126293580948
6880,4871.126299402626
6881,4871.126299409663
6882,4871.126294938575
6883,4871.126293766302
6884,4871.126291789878
6885,4871.126302731534
6886,4871.126294567336
6887,4871.12628440367
6888,4871.126290602042
6889,4871.126290453521
6890,4871.126293067886
6891,4871.126298385786
6892,4871.12629467401
6893,4871.126291203105
6894,4871.126291336219
6895,4871.12629634274
6896,4871.1262967546345
6897,4871.126292668758
6898,4871.126291842608
6899,4871.126276227099
6900,4871.126279075369
6901,4871.126293796833
6902,4871.126292695899
6903,4871.126292428232
6904,4871.1262942326475
6905,4871.126294359919
6906,4871.126286477205
6907,4871.126288371821
6908,4871.126288287516
6909,4864.293543234841
6910,4864.293543234841
6911,4864.293543234841
6912,4864.293543234841
6913,4864.29354323484
6914,4864.29354323484
6915,4864.293543234839
6916,4864.293543234842
6917,4864.29354323484
6918,4864.293533282005
6919,4864.293548972304
6920,4864.293540068784
6921,4864.293540149206
6922,4864.293535987417
6923,4864.293537158476
6924,4864.293548714102
6925,4864.293544317182
6926,4864.293538691548
6927,4864.293542692707
6928,4864.293543069808
6929,4864.293547959089
6930,4864.293547087288
6931,4864.29354337828
6932,4864.293542976992
6933,4864.2935418508905
6934,4864.293551675161
6935,4864.293548989239
6936,4864.293538558481
6937,4864.2935430497455
6938,4864.293540327668
6939,4864.293542846479
6940,4864.293550796778
6941,4864.2935422785795
6942,4864.293542071735
6943,4864.293540348916
6944,4864.293546674873
6945,4864.2935488607145
6946,4864.293544151832
6947,4864.293536562723
6948,4864.293530485602
6949,4864.293537828894
6950,4864.293542086386
6951,4864.293542533752
6952,4864.29354151783
6953,4864.293544840367
6954,4864.293544243427
6955,4864.293534956899
6956,4864.2935355127365
6957,4864.29354037312
6958,4854.366718111958
6959,4854.36671811196
6960,4854.366718111955
6961,4854.366718111957
6962,4854.366718111958
6963,4854.3667181119545
6964,4854.366718111957
6965,4854.366718111956
6966,4854.366718111956
6967,4854.366716695833
6968,4854.366720661988
6969,4854.36671315148
6970,4854.3667171582865
6971,4854.366707946409
6972,4854.366711034584
6973,4854.366716059225
6974,4854.366725481888
6975,4854.366715541681
6976,4854.366721922568
6977,4854.366718932282
6978,4854.3667190677525
6979,4854.3667188318295
6980,4854.366721687294
6981,4854.3667180696775
6982,4854.366716283183
6983,4854.366723009751
6984,4854.366723172473
6985,4854.366721350698
6986,4854.366715389384
6987,4854.366720470741
6988,4854.366717734896
6989,4854.366726644338
6990,4854.366713514021
6991,4854.366713312729
6992,4854.36671582445
6993,4854.366721258835
6994,4854.366725560885
6995,4854.366723287682
6996,4854.3667100041885
6997,4854.3667169753
6998,4854.3667149001285
6999,4854.366717106115
7000,4854.366718130765
7001,4854.366717003392
7002,4854.3667224804485
7003,4854.366718332825
7004,4854.366714870761
7005,4854.366713984925
7006,4854.366716797895
7007,4841.529424435627
7008,4841.529424435624
7009,4841.529424435625
7010,4841.5294244356255
7011,4841.529424435627
7012,4841.529424435627
7013,4841.529424435625
7014,4841.5294244356255
7015,4841.529424435626
7016,4841.529424289355
7017,4841.52942361479
7018,4841.52942062534
7019,4841.529425719961
7020,4841.529419742459
7021,4841.529419826719
7022,4841.529427259062
7023,4841.529430504334
7024,4841.529425170685
7025,4841.529433519187
7026,4841.529421931888
7027,4841.52942425955
7028,4841.529414616207
7029,4841.529419885654
7030,4841.529424251264
7031,4841.529423975125
7032,4841.529426360234
7033,4841.529419289911
7034,4841.529429150908
7035,4841.529426925235
7036,4841.529431331109
7037,4841.529423955857
7038,4841.52943095782
7039,4841.529416368411
7040,4841.5294200988965
7041,4841.5294248735845
7042,4841.529426098768
7043,4841.529425304935
7044,4841.529416880822
7045,4841.529422989335
7046,4841.529425781761
7047,4841.529428807624
7048,4841.529422267107
7049,4841.529426297227
7050,4841.529423587376
7051,4841.529430677033
7052,4841.529422356022
7053,4841.5294264750855
7054,4841.529421140022
7055,4841.529427429678
7056,4827.930570015075
7057,4827.930570015075
7058,4827.930570015074
7059,4827.930570015076
7060,4827.930570015076
7061,4827.930570015075
7062,4827.9305700150735
7063,4827.930570015074
7064,4827.930570015075
7065,4827.930572195918
7066,4827.930562850307
7067,4827.930566838699
7068,4827.9305690385145
7069,4827.930558084737
7070,4827.9305801598
7071,4827.930570321898
7072,4827.930573998588
7073,4827.930569270439
7074,4827.93057560905
7075,4827.930567261786
7076,4827.930567557964
7077,4827.930557690643
7078,4827.930566391537
7079,4827.930571826476
7080,4827.930572518891
7081,4827.930571966098
7082,4827.930573756705
7083,4827.930582514997
7084,4827.930574447525
7085,4827.930574430916
7086,4827.930568392158
7087,4827.930575133124
7088,4827.930564133899
7089,4827.930567316136
7090,4827.930571170924
7091,4827.930570023741
7092,4827.930583307632
7093,4827.93057970763
7094,4827.930560403502
7095,4827.930582372187
7096,4827.930578695112
7097,4827.930568735289
7098,4827.930569694498
7099,4827.930571626816
7100,4827.930572368545
7101,4827.930568319664
7102,4827.930573763449
7103,4827.930571438291
7104,4827.930575554307
7105,4812.896130374015
7106,4812.896130374015
7107,4812.896130374017
7108,4812.896130374017
7109,4812.896130374016
7110,4812.896130374018
7111,4812.896130374017
7112,4812.896130374014
7113,4812.896130374017
7114,4812.8961341723225
7115,4812.896125373145
7116,4812.896129578407
7117,4812.896131952684
7118,4812.896115059855
7119,4812.896145160222
7120,4812.896127294675
7121,4812.896141482745
7122,4812.896132910491
7123,4812.89613796354
7124,4812.896125397327
7125,4812.896126712247
7126,4812.896130034896
7127,4812.896130390464
7128,4812.896133348204
7129,4812.896134958698
7130,4812.896135617198
7131,4812.896134058756
7132,4812.896135497394
7133,4812.896127175638
7134,4812.896138453983
7135,4812.896128566024
7136,4812.896130125588
7137,4812.896120522886
7138,4812.896116891597
7139,4812.896131974911
7140,4812.896126988458
7141,4812.896135158375
7142,4812.8961415754775
7143,4812.896124574483
7144,4812.896152483501
7145,4812.896131561645
7146,4812.896130892002
7147,4812.896129625666
7148,4812.896133446456
7149,4812.896136543649
7150,4812.896127790676
7151,4812.896141177706
7152,4812.896138995819
7153,4812.896136672559
7154,4780.977572661418
7155,4780.97757266142
7156,4780.977572661421
7157,4780.97757266142
7158,4780.977572661422
7159,4780.97757266142
7160,4780.97757266142
7161,4780.97757266142
7162,4780.977572661421
7163,4780.977552065424
7164,4780.977566355211
7165,4780.977576898189
7166,4780.977569767471
7167,4780.977559137886
7168,4780.977587870915
7169,4780.977586815071
7170,4780.9775752677
7171,4780.977574363392
7172,4780.977570778621
7173,4780.977563740796
7174,4780.977572947362
7175,4780.977588430681
7176,4780.977568160275
7177,4780.9775773860065
7178,4780.977583150034
7179,4780.977582265641
7180,4780.977579053299
7181,4780.977558225694
7182,4780.9775775701155
7183,4780.977572512253
7184,4780.977570146521
7185,4780.977567995146
7186,4780.977568613568
7187,4780.977561304417
7188,4780.97757279912
7189,4780.977566237064
7190,4780.977582678569
7191,4780.977582671437
7192,4780.977563981948
7193,4780.977572674891
7194,4780.977565695102
7195,4780.977573743717
7196,4780.977569825904
7197,4780.977577184573
7198,4780.97757032973
7199,4780.977569593383
7200,4780.977578252723
7201,4780.977579961258
7202,4780.97756554641
7203,4754.849541775515
7204,4754.849541775515
7205,4754.849541775516
7206,4754.849541775515
7207,4754.849541775516
7208,4754.849541775513
7209,4754.849541775513
7210,4754.849541775515
7211,4754.849541775514
7212,4754.849519854202
7213,4754.849535121561
7214,4754.84954551608
7215,4754.849540424653
7216,4754.8495239789345
7217,4754.849555900626
7218,4754.849547526109
7219,4754.849537432092
7220,4754.849540983449
7221,4754.849537731188
7222,4754.849533090925
7223,4754.84954149745
7224,4754.849561505353
7225,4754.849536886607
7226,4754.84954673098
7227,4754.849552417243
7228,4754.849550518272
7229,4754.849552508217
7230,4754.8495343236345
7231,4754.849538771138
7232,4754.849539278818
7233,4754.849540536925
7234,4754.849540374711
7235,4754.849537329869
7236,4754.849533176151
7237,4754.849541290682
7238,4754.849536751723
7239,4754.849548467449
7240,4754.849549703095
7241,4754.849534832037
7242,4754.849538784006
7243,4754.849538786456
7244,4754.849543481404
7245,4754.84953956119
7246,4754.849546137618
7247,4754.84953956129
7248,4754.849537914883
7249,4754.849545094647
7250,4754.849546129556
7251,4754.849533659676
7252,4802.136199272871
7253,4802.136199272871
7254,4802.136199272874
7255,4802.136199272873
7256,4802.136199272874
7257,4802.136199272871
7258,4802.136199272874
7259,4802.13619927287
7260,4802.1361992728735
7261,4802.136256262697
7262,4802.136137659952
7263,4802.13620769817
7264,4802.136174788217
7265,4802.136173661187
7266,4802.13621231265
7267,4802.136272898565
7268,4802.136229410248
7269,4802.1362004632465
7270,4802.136185443547
7271,4802.1361908949775
7272,4802.136209303099
7273,4802.136233055393
7274,4802.136194786212
7275,4802.136198309835
7276,4802.136218080471
7277,4802.136209966582
7278,4802.136239218584
7279,4802.136145995946
7280,4802.136268454526
7281,4802.136197014571
7282,4802.136199564837
7283,4802.136196793146
7284,4802.136216977093
7285,4802.136213763339
7286,4802.1361959872365
7287,4802.136196428849
7288,4802.136208290866
7289,4802.136232037697
7290,4802.136165156117
7291,4802.136247593069
7292,4802.136282169534
7293,4802.136201740441
7294,4802.136193935108
7295,4802.136200607643
7296,4802.136172341637
7297,4802.136199760713
7298,4802.136198095565
7299,4802.136195631564
7300,4802.136210610195
7301,4744.516332941636
7302,4744.516332941632
7303,4744.516332941635
7304,4744.516332941636
7305,4744.516332941632
7306,4744.516332941635
7307,4744.516332941635
7308,4744.516332941635
7309,4744.516332941634
7310,4744.516330215527
7311,4744.5163113786
7312,4744.516337754939
7313,4744.516323910348
7314,4744.516316150557
7315,4744.516345668541
7316,4744.5163578279735
7317,4744.516339471844
7318,4744.516333849713
7319,4744.516327618603
7320,4744.516325077294
7321,4744.516335088329
7322,4744.516355089797
7323,4744.516329435796
7324,4744.516335963823
7325,4744.516344302551
7326,4744.516341330352
7327,4744.516350201725
7328,4744.516310137897
7329,4744.516348865527
7330,4744.516332056263
7331,4744.516332151716
7332,4744.516331112492
7333,4744.51633573106
7334,4744.516330038014
7335,4744.516331003286
7336,4744.516328558896
7337,4744.516341425168
7338,4744.516348390169
7339,4744.516319502257
7340,4744.516342161284
7341,4744.516351006494
7342,4744.516334857897
7343,4744.516330158141
7344,4744.516336391821
7345,4744.516322884713
7346,4744.516330830489
7347,4744.516335807686
7348,4744.516335408466
7349,4744.516331484456
7350,4727.885164022012
7351,4727.885164022011
7352,4727.885164022015
7353,4727.885164022012
7354,4727.885164022016
7355,4727.8851640220155
7356,4727.885164022014
7357,4727.885164022014
7358,4727.885164022012
7359,4727.885143785946
7360,4727.885158230494
7361,4727.885167352582
7362,4727.885158348286
7363,4727.885148797659
7364,4727.8851732749445
7365,4727.885179734056
7366,4727.885160204185
7367,4727.8851639723
7368,4727.885161741876
7369,4727.885159090835
7370,4727.885166130521
7371,4727.885189616778
7372,4727.8851591812345
7373,4727.885165282282
7374,4727.885172899239
7375,4727.885167772806
7376,4727.885177315032
7377,4727.8851532097415
7378,4727.885169821894
7379,4727.885162315799
7380,4727.88516381694
7381,4727.885168435164
7382,4727.885164802369
7383,4727.885164034642
7384,4727.885162869656
7385,4727.885163451104
7386,4727.885168544495
7387,4727.885175160021
7388,4727.885156310105
7389,4727.885146535026
7390,4727.8851632057285
7391,4727.885165303447
7392,4727.885163312443
7393,4727.885165225041
7394,4727.885158521869
7395,4727.885162985254
7396,4727.885162532255
7397,4727.885163031395
7398,4727.885159203368
7399,4729.077470864495
7400,4729.077470864489
7401,4729.077470864493
7402,4729.077470864493
7403,4729.07747086449
7404,4729.077470864495
7405,4729.077470864493
7406,4729.077470864492
7407,4729.077470864492
7408,4729.077497081764
7409,4729.077463470972
7410,4729.077470908632
7411,4729.07746957251
7412,4729.077504658035
7413,4729.077461165703
7414,4729.077462479576
7415,4729.077476631604
7416,4729.077466910163
7417,4729.077464835913
7418,4729.0774695282735
7419,4729.077471091853
7420,4729.077433682063
7421,4729.077480497503
7422,4729.07747248585
7423,4729.077463001162
7424,4729.077460756451
7425,4729.077432405758
7426,4729.07747060265
7427,4729.077454704414
7428,4729.077467947987
7429,4729.077471290547
7430,4729.077475330839
7431,4729.077470206727
7432,4729.077460641479
7433,4729.077468312794
7434,4729.077470823232
7435,4729.077453683905
7436,4729.077451163956
7437,4729.077491872903
7438,4729.077493554649
7439,4729.077471270643
7440,4729.077474118748
7441,4729.077468737852
7442,4729.07747094017
7443,4729.077470572025
7444,4729.07746963612
7445,4729.0774670165965
7446,4729.077474174712
7447,4729.077474274188
7448,4722.855809901783
7449,4722.855809901783
7450,4722.855809901783
7451,4722.855809901784
7452,4722.855809901783
7453,4722.855809901785
7454,4722.855809901783
7455,4722.855809901782
7456,4722.8558099017855
7457,4722.855811913915
7458,4722.8558035937795
7459,4722.8558116106105
7460,4722.855806392914
7461,4722.85581713976
7462,4722.8558104841795
7463,4722.855813551677
7464,4722.85581072612
7465,4722.855808013526
7466,4722.855805921415
7467,4722.855806782771
7468,4722.855811028756
7469,4722.85580661474
7470,4722.855812120426
7471,4722.855811322744
7472,4722.855810978367
7473,4722.855807222415
7474,4722.855799347182
7475,4722.855804480563
7476,4722.855804809124
7477,4722.85580770502
7478,4722.855809994034
7479,4722.855814419863
7480,4722.855809915412
7481,4722.855804920639
7482,4722.855808105639
7483,4722.855809623535
7484,4722.855804226768
7485,4722.855807143269
7486,4722.855815559729
7487,4722.855811641683
7488,4722.855809557361
7489,4722.855812128923
7490,4722.855808534125
7491,4722.855810583696
7492,4722.855807006318
7493,4722.855808791711
7494,4722.855807376346
7495,4722.855810996188
7496,4722.8558090048955
7497,4721.363932015226
7498,4721.363932015225
7499,4721.363932015222
7500,4721.363932015224
7501,4721.363932015225
7502,4721.363932015224
7503,4721.363932015224
7504,4721.363932015224
7505,4721.363932015224
7506,4721.363934774958
7507,4721.363925956904
7508,4721.363933609448
7509,4721.363928762866
7510,4721.363936967029
7511,4721.363933788338
7512,4721.36393415857
7513,4721.363932872816
7514,4721.363929741462
7515,4721.363928371926
7516,4721.3639296974925
7517,4721.363932907046
7518,4721.363930763683
7519,4721.363934211262
7520,4721.363933439749
7521,4721.3639332237
7522,4721.363929810077
7523,4721.363924624508
7524,4721.363928775747
7525,4721.363926808735
7526,4721.36392978807
7527,4721.363932105417
7528,4721.3639371131385
7529,4721.363931726874
7530,4721.36392844561
7531,4721.363930741241
7532,4721.3639321228175
7533,4721.3639275185815
7534,4721.363931803637
7535,4721.363935415025
7536,4721.36393415582
7537,4721.363932328406
7538,4721.36393419514
7539,4721.363930540948
7540,4721.36393265827
7541,4721.3639296707015
7542,4721.363931402632
7543,4721.363929545855
7544,4721.363933294465
7545,4721.363931804802
7546,4717.251825793943
7547,4717.251825793942
7548,4717.251825793942
7549,4717.251825793942
7550,4717.251825793943
7551,4717.251825793943
7552,4717.251825793943
7553,4717.251825793943
7554,4717.251825793944
7555,4717.251820197535
7556,4717.251826157225
7557,4717.251826817062
7558,4717.251822544497
7559,4717.251830957125
7560,4717.251830086047
7561,4717.251820681572
7562,4717.2518260212355
7563,4717.251825971181
7564,4717.251829092888
7565,4717.251827194325
7566,4717.251824516527
7567,4717.251829159367
7568,4717.2518278121215
7569,4717.251826942654
7570,4717.251824434013
7571,4717.2518245384845
7572,4717.2518257357615
7573,4717.251827624411
7574,4717.251817794982
7575,4717.2518283064055
7576,4717.25182528613
7577,4717.251830946731
7578,4717.251824715847
7579,4717.251826448132
7580,4717.251826774609
7581,4717.251826372291
7582,4717.251828574379
7583,4717.2518325283245
7584,4717.25182322171
7585,4717.251820205645
7586,4717.25181801536
7587,4717.251827112523
7588,4717.251824914417
7589,4717.251826456898
7590,4717.251825466484
7591,4717.251826841462
7592,4717.251827495312
7593,4717.251829628917
7594,4717.251827991852
7595,4714.649439533452
7596,4714.649439533453
7597,4714.649439533456
7598,4714.649439533456
7599,4714.649439533453
7600,4714.649439533456
7601,4714.649439533454
7602,4714.649439533454
7603,4714.649439533452
7604,4714.6494423035165
7605,4714.649434227091
7606,4714.649441343932
7607,4714.649437630967
7608,4714.649442671678
7609,4714.649444466406
7610,4714.649436082028
7611,4714.649441053867
7612,4714.649439515304
7613,4714.6494426175195
7614,4714.649440165715
7615,4714.649438894309
7616,4714.649442617625
7617,4714.649439222146
7618,4714.649440864331
7619,4714.649439252065
7620,4714.649440585511
7621,4714.649441953786
7622,4714.649441863916
7623,4714.649437476319
7624,4714.649442260024
7625,4714.649439277437
7626,4714.6494430663715
7627,4714.64943636246
7628,4714.649443672366
7629,4714.6494426446425
7630,4714.649439480694
7631,4714.649440570895
7632,4714.649441914529
7633,4714.649433852851
7634,4714.649442456967
7635,4714.649443207293
7636,4714.649440653994
7637,4714.649438587772
7638,4714.649440291489
7639,4714.649440071776
7640,4714.649440071265
7641,4714.649442467133
7642,4714.649443315806
7643,4714.649442480383
7644,4711.156946148446
7645,4711.156946148446
7646,4711.156946148447
7647,4711.156946148447
7648,4711.156946148444
7649,4711.156946148446
7650,4711.156946148446
7651,4711.156946148445
7652,4711.156946148445
7653,4711.156950880752
7654,4711.156941865576
7655,4711.156948401422
7656,4711.1569442613
7657,4711.156949200046
7658,4711.156951408344
7659,4711.156943475405
7660,4711.156948308498
7661,4711.156947052252
7662,4711.156949947123
7663,4711.156946591128
7664,4711.156945866513
7665,4711.156949086103
7666,4711.156946115025
7667,4711.156947179715
7668,4711.156945925953
7669,4711.156948324774
7670,4711.156948279783
7671,4711.156947627075
7672,4711.156945317714
7673,4711.156949743632
7674,4711.156945771
7675,4711.156948523102
7676,4711.1569426056985
7677,4711.156948906127
7678,4711.156950144864
7679,4711.156945708509
7680,4711.156946891516
7681,4711.156948033301
7682,4711.156941342307
7683,4711.1569506801825
7684,4711.156949200851
7685,4711.156947255791
7686,4711.1569453385855
7687,4711.1569466858355
7688,4711.15694699943
7689,4711.156946305494
7690,4711.156949958359
7691,4711.1569502025595
7692,4711.156948395208
7693,4702.170234067153
7694,4702.170234067151
7695,4702.170234067151
7696,4702.170234067153
7697,4702.170234067153
7698,4702.170234067154
7699,4702.170234067153
7700,4702.170234067151
7701,4702.17023406715
7702,4702.170224093713
7703,4702.170238337506
7704,4702.170237559884
7705,4702.170233327445
7706,4702.170242718548
7707,4702.170235900716
7708,4702.170242397556
7709,4702.170225839287
7710,4702.170233979928
7711,4702.170234451887
7712,4702.170231091124
7713,4702.170239833922
7714,4702.170230036308
7715,4702.170232476739
7716,4702.170234142968
7717,4702.170234669515
7718,4702.170238736003
7719,4702.17022819549
7720,4702.17023212579
7721,4702.170244032928
7722,4702.170233401945
7723,4702.170233179387
7724,4702.1702313896085
7725,4702.17023123256
7726,4702.170241865938
7727,4702.170239599026
7728,4702.1702328543515
7729,4702.170227276839
7730,4702.1702241711455
7731,4702.170234843262
7732,4702.170230043357
7733,4702.170230711427
7734,4702.170235548311
7735,4702.170233105393
7736,4702.170233312124
7737,4702.17023559402
7738,4702.170234242726
7739,4702.170233789992
7740,4702.17023735389
7741,4702.170238502792
7742,4696.376473236768
7743,4696.3764732367645
7744,4696.3764732367645
7745,4696.376473236766
7746,4696.376473236767
7747,4696.376473236766
7748,4696.376473236765
7749,4696.376473236766
7750,4696.376473236766
7751,4696.376479644359
7752,4696.376477646665
7753,4696.37647636799
7754,4696.3764717199165
7755,4696.376466478266
7756,4696.376481671607
7757,4696.376475266175
7758,4696.37647204933
7759,4696.376472166932
7760,4696.376470404846
7761,4696.376472117764
7762,4696.376477902797
7763,4696.376478214263
7764,4696.376479207677
7765,4696.376473089523
7766,4696.3764761759585
7767,4696.37648090476
7768,4696.376477548444
7769,4696.376474638494
7770,4696.376476378829
7771,4696.376471551801
7772,4696.376472797194
7773,4696.376472516636
7774,4696.37647085534
7775,4696.376469417996
7776,4696.376478097359
7777,4696.376472885419
7778,4696.376471279328
7779,4696.376479576944
7780,4696.376471915323
7781,4696.376482764914
7782,4696.376468847444
7783,4696.376475990205
7784,4696.37647160214
7785,4696.37647224575
7786,4696.376474914115
7787,4696.3764727763155
7788,4696.37647246336
7789,4696.376476470096
7790,4696.376469691204
7791,4691.896712434188
7792,4691.896712434184
7793,4691.896712434184
7794,4691.896712434186
7795,4691.896712434186
7796,4691.896712434188
7797,4691.896712434188
7798,4691.896712434188
7799,4691.896712434186
7800,4691.896717493414
7801,4691.896715448081
7802,4691.89671461312
7803,4691.896709988539
7804,4691.896709765141
7805,4691.896717951514
7806,4691.896713908273
7807,4691.896709760949
7808,4691.8967108750485
7809,4691.896709344798
7810,4691.896712226177
7811,4691.896716954574
7812,4691.896712488208
7813,4691.896718524424
7814,4691.89671189551
7815,4691.896713363821
7816,4691.896717632737
7817,4691.89671475284
7818,4691.896715334713
7819,4691.8967153779395
7820,4691.8967104710455
7821,4691.896712329456
7822,4691.8967133730275
7823,4691.896711726891
7824,4691.896711501228
7825,4691.89671638012
7826,4691.896713190139
7827,4691.89671249935
7828,4691.896717506816
7829,4691.896711838229
7830,4691.896718670324
7831,4691.896709221091
7832,4691.896714927481
7833,4691.896711190116
7834,4691.896711117184
7835,4691.896712863347
7836,4691.896712344415
7837,4691.8967103695595
7838,4691.896714415587
7839,4691.896708386222
7840,4676.763307867406
7841,4676.763307867406
7842,4676.763307867408
7843,4676.763307867407
7844,4676.763307867406
7845,4676.763307867405
7846,4676.763307867406
7847,4676.763307867407
7848,4676.763307867405
7849,4676.763307609901
7850,4676.763309866947
7851,4676.763306731486
7852,4676.7633053662685
7853,4676.763310774813
7854,4676.763306628128
7855,4676.763306436551
7856,4676.763306268433
7857,4676.763305526274
7858,4676.7633056958575
7859,4676.763309695728
7860,4676.763312081855
7861,4676.7633030727275
7862,4676.7633171215875
7863,4676.763306058856
7864,4676.76330380617
7865,4676.763306654311
7866,4676.763306645106
7867,4676.763312745119
7868,4676.763307190278
7869,4676.763307117765
7870,4676.763309315757
7871,4676.763312375358
7872,4676.763309043069
7873,4676.763310282046
7874,4676.763308165324
7875,4676.763311362288
7876,4676.76330720529
7877,4676.7633100695875
7878,4676.763310479573
7879,4676.763305808638
7880,4676.763304820902
7881,4676.763310346369
7882,4676.763308492804
7883,4676.763305601874
7884,4676.763308710185
7885,4676.763309354065
7886,4676.763304225303
7887,4676.763308264989
7888,4676.763303777401
7889,4668.020532972216
7890,4668.020532972214
7891,4668.020532972214
7892,4668.020532972217
7893,4668.020532972216
7894,4668.020532972217
7895,4668.020532972217
7896,4668.020532972216
7897,4668.020532972216
7898,4668.020517225698
7899,4668.020539389743
7900,4668.020531729894
7901,4668.0205333318645
7902,4668.020530985786
7903,4668.0205326964315
7904,4668.020523360295
7905,4668.02052376827
7906,4668.0205304555475
7907,4668.020531774225
7908,4668.02053396837
7909,4668.020534569864
7910,4668.020529708063
7911,4668.020537478223
7912,4668.020532457987
7913,4668.020530355833
7914,4668.020530651586
7915,4668.020533162489
7916,4668.020545935637
7917,4668.0205228735285
7918,4668.020531749156
7919,4668.020534800809
7920,4668.02053737712
7921,4668.020531922041
7922,4668.020532731574
7923,4668.020533988183
7924,4668.020535963809
7925,4668.020537351527
7926,4668.0205348907975
7927,4668.020539474476
7928,4668.020516159269
7929,4668.020521222463
7930,4668.0205349267835
7931,4668.0205349634
7932,4668.020532247037
7933,4668.020535370813
7934,4668.020533523935
7935,4668.020531536867
7936,4668.020533852895
7937,4668.020521790329
7938,4660.105409041757
7939,4660.105409041758
7940,4660.1054090417565
7941,4660.1054090417565
7942,4660.105409041758
7943,4660.1054090417565
7944,4660.105409041757
7945,4660.105409041758
7946,4660.1054090417565
7947,4660.1054082922265
7948,4660.105399103149
7949,4660.105408199903
7950,4660.105405096807
7951,4660.10540310265
7952,4660.105408330695
7953,4660.105416471116
7954,4660.105407257802
7955,4660.105406731634
7956,4660.105406556995
7957,4660.105408777814
7958,4660.1054115881425
7959,4660.105405610394
7960,4660.105407927499
7961,4660.105408694526
7962,4660.105409276025
7963,4660.105406223455
7964,4660.105421325195
7965,4660.105412638989
7966,4660.1054183446495
7967,4660.105408462398
7968,4660.105410904523
7969,4660.105410584745
7970,4660.1054132173895
7971,4660.105417884494
7972,4660.105408985086
7973,4660.105410807694
7974,4660.105420645537
7975,4660.105418429174
7976,4660.105408657396
7977,4660.105401664112
7978,4660.105422504299
7979,4660.1054101991695
7980,4660.105410453616
7981,4660.105409821811
7982,4660.105404459998
7983,4660.105411430728
7984,4660.1054101053605
7985,4660.105409704988
7986,4660.105405857473
7987,4656.1345316278685
7988,4656.134531627867
7989,4656.134531627867
7990,4656.134531627869
7991,4656.134531627867
7992,4656.13453162787
7993,4656.1345316278685
7994,4656.1345316278685
7995,4656.134531627867
7996,4656.134550517279
7997,4656.1345266807
7998,4656.134531056745
7999,4656.134531765318
8000,4656.1345391366785
8001,4656.134528731346
8002,4656.134528401166
8003,4656.134535730325
8004,4656.13453087775
8005,4656.134532015643
8006,4656.134531256993
8007,4656.134532653888
8008,4656.134512987556
8009,4656.134534527451
8010,4656.134531574645
8011,4656.134528045446
8012,4656.134527612525
8013,4656.134524162993
8014,4656.134538106502
8015,4656.134528348119
8016,4656.134534153003
8017,4656.134532698388
8018,4656.1345301629935
8019,4656.134530474445
8020,4656.134528461471
8021,4656.134533026104
8022,4656.134531285529
8023,4656.134528262805
8024,4656.134529597649
8025,4656.13454441431
8026,4656.134542680849
8027,4656.134537720598
8028,4656.134533627404
8029,4656.134532731958
8030,4656.134532648622
8031,4656.134533417286
8032,4656.134532790241
8033,4656.134536624292
8034,4656.134537302621
8035,4656.134535566075
8036,4653.24424801221
8037,4653.24424801221
8038,4653.244248012212
8039,4653.244248012211
8040,4653.244248012211
8041,4653.244248012209
8042,4653.244248012208
8043,4653.244248012209
8044,4653.244248012212
8045,4653.244253692495
8046,4653.244247780827
8047,4653.2442485790325
8048,4653.244248029921
8049,4653.244248454434
8050,4653.244246664137
8051,4653.244248410624
8052,4653.244249587892
8053,4653.2442483829345
8054,4653.244248963317
8055,4653.24424662213
8056,4653.24424950443
8057,4653.244242688354
8058,4653.244248850671
8059,4653.244248392244
8060,4653.244248032345
8061,4653.244247243992
8062,4653.244248159089
8063,4653.244250479366
8064,4653.244247085842
8065,4653.244250465017
8066,4653.24424818709
8067,4653.2442449717155
8068,4653.244246582862
8069,4653.244244936934
8070,4653.244249919715
8071,4653.244246483831
8072,4653.244247551752
8073,4653.244250730853
8074,4653.244256236246
8075,4653.244250585026
8076,4653.244248064356
8077,4653.244249733476
8078,4653.244248780843
8079,4653.2442495853375
8080,4653.244249336736
8081,4653.24424892849
8082,4653.244253719748
8083,4653.244254421648
8084,4653.24425041754
8085,4651.3376782096575
8086,4651.337678209657
8087,4651.337678209657
8088,4651.3376782096575
8089,4651.3376782096575
8090,4651.337678209657
8091,4651.337678209658
8092,4651.3376782096575
8093,4651.3376782096575
8094,4651.337676425836
8095,4651.337680582998
8096,4651.337679314808
8097,4651.337678145467
8098,4651.33767528388
8099,4651.337681728002
8100,4651.337681401179
8101,4651.337678686238
8102,4651.337679174567
8103,4651.337679324005
8104,4651.33767606057
8105,4651.337680165224
8106,4651.337680966688
8107,4651.33767781805
8108,4651.337678936586
8109,4651.337680198277
8110,4651.3376794038795
8111,4651.33768254055
8112,4651.337677292871
8113,4651.337679109141
8114,4651.337680569439
8115,4651.337677758429
8116,4651.337674109154
8117,4651.33767664089
8118,4651.337675337823
8119,4651.337680074348
8120,4651.33767584433
8121,4651.337679069958
8122,4651.337682746836
8123,4651.33768340852
8124,4651.337676383609
8125,4651.337675289333
8126,4651.337679666667
8127,4651.337678640434
8128,4651.337680113743
8129,4651.337679083
8130,4651.337678774797
8131,4651.337684175447
8132,4651.337684976778
8133,4651.3376800559145
8134,4648.958475199774
8135,4648.958475199775
8136,4648.958475199774
8137,4648.958475199775
8138,4648.9584751997745
8139,4648.9584751997745
8140,4648.958475199775
8141,4648.9584751997745
8142,4648.958475199774
8143,4648.9584695833755
8144,4648.958478884518
8145,4648.958476091231
8146,4648.958475553033
8147,4648.958471730228
8148,4648.958479081111
8149,4648.958479449656
8150,4648.958474585871
8151,4648.958475740661
8152,4648.95847571892
8153,4648.958472511973
8154,4648.958477769372
8155,4648.958481814503
8156,4648.958474088638
8157,4648.958476326637
8158,4648.9584776815545
8159,4648.958477523105
8160,4648.95848108016
8161,4648.958472732766
8162,4648.958477034518
8163,4648.95847681631
8164,4648.958474437777
8165,4648.958470832697
8166,4648.958473200824
8167,4648.958473509103
8168,4648.95847658223
8169,4648.958472562741
8170,4648.958476029587
8171,4648.958477919563
8172,4648.958478068291
8173,4648.958471578476
8174,4648.958471941227
8175,4648.958476331691
8176,4648.95847528127
8177,4648.958477141749
8178,4648.958476021108
8179,4648.958475152781
8180,4648.958480367725
8181,4648.958481524279
8182,4648.958476716659
8183,4644.224239777681
8184,4644.22423977768
8185,4644.224239777678
8186,4644.224239777678
8187,4644.224239777677
8188,4644.224239777681
8189,4644.224239777682
8190,4644.224239777682
8191,4644.224239777681
8192,4644.224232879937
8193,4644.224245709161
8194,4644.224239994374
8195,4644.224240740206
8196,4644.224238480237
8197,4644.224243173985
8198,4644.224241885576
8199,4644.22423755569
8200,4644.224239173186
8201,4644.2242398399185
8202,4644.224238011719
8203,4644.224242711448
8204,4644.224247791964
8205,4644.22423877692
8206,4644.22424112518
8207,4644.224241074262
8208,4644.22424293137
8209,4644.224245472867
8210,4644.224238492764
8211,4644.224240753342
8212,4644.224240472565
8213,4644.22423871916
8214,4644.224236010525
8215,4644.2242375667165
8216,4644.224240595521
8217,4644.224240947616
8218,4644.224237867619
8219,4644.224239774185
8220,4644.2242396580405
8221,4644.224239036715
8222,4644.224236550188
8223,4644.224236404493
8224,4644.224240555056
8225,4644.224239231028
8226,4644.224241385947
8227,4644.2242408046195
8228,4644.224239199655
8229,4644.224243464407
8230,4644.2242452067785
8231,4644.224241882577
8232,4639.820344020731
8233,4639.820344020732
8234,4639.820344020732
8235,4639.820344020733
8236,4639.82034402073
8237,4639.820344020732
8238,4639.82034402073
8239,4639.820344020732
8240,4639.82034402073
8241,4639.8203416147035
8242,4639.82034518336
8243,4639.820345572197
8244,4639.820341632388
8245,4639.820349785522
8246,4639.8203395402825
8247,4639.820357436034
8248,4639.820339602383
8249,4639.820341315203
8250,4639.820336362877
8251,4639.8203405982085
8252,4639.82034936946
8253,4639.820344075024
8254,4639.820341251355
8255,4639.82034531773
8256,4639.820345974657
8257,4639.820344763384
8258,4639.820338314343
8259,4639.8203344618705
8260,4639.82035286265
8261,4639.820338744165
8262,4639.820343513001
8263,4639.820340049137
8264,4639.820347093219
8265,4639.8203426112805
8266,4639.820343564904
8267,4639.820343089413
8268,4639.820342852245
8269,4639.820333803964
8270,4639.820345264737
8271,4639.820339301171
8272,4639.820345348262
8273,4639.820344762014
8274,4639.820342535075
8275,4639.820344736002
8276,4639.8203368745935
8277,4639.820340884554
8278,4639.820342026512
8279,4639.820342753547
8280,4639.820334137867
8281,4634.256397750394
8282,4634.256397750391
8283,4634.256397750391
8284,4634.256397750393
8285,4634.256397750393
8286,4634.256397750395
8287,4634.256397750395
8288,4634.256397750391
8289,4634.256397750394
8290,4634.25640415881
8291,4634.25640172083
8292,4634.256397374797
8293,4634.256396960616
8294,4634.25639515479
8295,4634.256395877343
8296,4634.256395067077
8297,4634.256398313588
8298,4634.256395767483
8299,4634.25639643403
8300,4634.256400050816
8301,4634.2563991970255
8302,4634.2564054656505
8303,4634.256399193809
8304,4634.256398039709
8305,4634.256397476034
8306,4634.25639961834
8307,4634.2564022984225
8308,4634.256399173232
8309,4634.256395593947
8310,4634.256397654485
8311,4634.2563974900295
8312,4634.25639753885
8313,4634.256398434216
8314,4634.256395661414
8315,4634.256398639421
8316,4634.256399283033
8317,4634.256399209819
8318,4634.256400296136
8319,4634.256391901619
8320,4634.256401434504
8321,4634.25639840449
8322,4634.256398673057
8323,4634.256396824255
8324,4634.256398175643
8325,4634.256395046277
8326,4634.256395749435
8327,4634.25639943275
8328,4634.256398301686
8329,4634.256390685048
8330,4631.109692712701
8331,4631.109692712702
8332,4631.109692712701
8333,4631.109692712702
8334,4631.1096927127
8335,4631.1096927127
8336,4631.1096927127
8337,4631.1096927127
8338,4631.109692712701
8339,4631.109698184531
8340,4631.109694768164
8341,4631.109692418415
8342,4631.109691409029
8343,4631.109697814177
8344,4631.109694704529
8345,4631.109689131843
8346,4631.109691694623
8347,4631.109691907093
8348,4631.109694417303
8349,4631.109695865528
8350,4631.109693486622
8351,4631.109690844015
8352,4631.109692906976
8353,4631.109692288696
8354,4631.1096895350265
8355,4631.109691500018
8356,4631.109690578678
8357,4631.109696329843
8358,4631.109690535298
8359,4631.109694896749
8360,4631.109692808891
8361,4631.109693094504
8362,4631.109693672081
8363,4631.1096933622875
8364,4631.109694717568
8365,4631.10969479429
8366,4631.109692569274
8367,4631.109690970785
8368,4631.10968991404
8369,4631.109694439554
8370,4631.109694436476
8371,4631.109693489003
8372,4631.109692847587
8373,4631.109692834567
8374,4631.109690341369
8375,4631.109691503604
8376,4631.109695689835
8377,4631.109693455108
8378,4631.109688435495
8379,4627.792587724227
8380,4627.792587724229
8381,4627.792587724228
8382,4627.792587724227
8383,4627.792587724227
8384,4627.792587724227
8385,4627.792587724227
8386,4627.792587724228
8387,4627.792587724227
8388,4627.792596341311
8389,4627.792586843802
8390,4627.7925878183405
8391,4627.792585907461
8392,4627.792590786213
8393,4627.792590039552
8394,4627.792585621288
8395,4627.792587744825
8396,4627.792586949304
8397,4627.792589227253
8398,4627.792590915709
8399,4627.792588070348
8400,4627.792584085271
8401,4627.792586963392
8402,4627.792587216452
8403,4627.792585511977
8404,4627.79258486572
8405,4627.792585277045
8406,4627.792591199928
8407,4627.7925868752145
8408,4627.792589937252
8409,4627.792588063952
8410,4627.7925881469955
8411,4627.792589386054
8412,4627.792587400011
8413,4627.792589899163
8414,4627.7925899052925
8415,4627.792586983074
8416,4627.792588065696
8417,4627.792585638775
8418,4627.792591776929
8419,4627.7925927184515
8420,4627.792588689847
8421,4627.792588046758
8422,4627.792588137384
8423,4627.792584442794
8424,4627.792586800452
8425,4627.792591273703
8426,4627.792588288566
8427,4627.792583915469
8428,4620.642716294341
8429,4620.642716294341
8430,4620.642716294336
8431,4620.642716294338
8432,4620.642716294339
8433,4620.642716294337
8434,4620.642716294338
8435,4620.642716294336
8436,4620.642716294338
8437,4620.642716334049
8438,4620.6427151137295
8439,4620.642716501989
8440,4620.6427144875215
8441,4620.64272123514
8442,4620.642720617954
8443,4620.642717796564
8444,4620.642712862233
8445,4620.642714416123
8446,4620.642716870948
8447,4620.642718745916
8448,4620.642717134979
8449,4620.642710241876
8450,4620.642712065489
8451,4620.642716581902
8452,4620.642714794618
8453,4620.642711413188
8454,4620.642710931651
8455,4620.642718799316
8456,4620.642718383594
8457,4620.642716733933
8458,4620.64271613668
8459,4620.642716204105
8460,4620.642719067275
8461,4620.64271923742
8462,4620.642718092289
8463,4620.642718295773
8464,4620.642714356266
8465,4620.6427147783415
8466,4620.642713375819
8467,4620.64271627375
8468,4620.642721655401
8469,4620.642716899908
8470,4620.64271615326
8471,4620.642717387125
8472,4620.642711691741
8473,4620.642716445597
8474,4620.642718675762
8475,4620.64271687818
8476,4620.642717316692
8477,4612.487921843483
8478,4612.487921843484
8479,4612.487921843483
8480,4612.487921843484
8481,4612.487921843482
8482,4612.487921843483
8483,4612.487921843483
8484,4612.4879218434835
8485,4612.4879218434835
8486,4612.4879220491775
8487,4612.4879191639975
8488,4612.487922477046
8489,4612.487920510786
8490,4612.487917506558
8491,4612.487921943893
8492,4612.487927340533
8493,4612.487922887506
8494,4612.487919530856
8495,4612.48791991174
8496,4612.487922314438
8497,4612.487923077866
8498,4612.487923020232
8499,4612.4879178951205
8500,4612.487923179783
8501,4612.487924945622
8502,4612.487917649504
8503,4612.487920563988
8504,4612.487919118556
8505,4612.487925406747
8506,4612.487920507424
8507,4612.48792102244
8508,4612.487920961433
8509,4612.487924063762
8510,4612.487919226343
8511,4612.48792239348
8512,4612.487922253939
8513,4612.487919107896
8514,4612.487927291616
8515,4612.487918534559
8516,4612.487925117439
8517,4612.487926617404
8518,4612.48792270841
8519,4612.487920772035
8520,4612.48792388857
8521,4612.487917514418
8522,4612.4879228142945
8523,4612.4879236316
8524,4612.487924157216
8525,4612.487924556255
8526,4605.425112509258
8527,4605.425112509259
8528,4605.425112509259
8529,4605.425112509259
8530,4605.425112509257
8531,4605.425112509259
8532,4605.425112509257
8533,4605.425112509259
8534,4605.425112509256
8535,4605.425103790947
8536,4605.425116723383
8537,4605.425111487552
8538,4605.425113714226
8539,4605.425107543755
8540,4605.425112651176
8541,4605.425111968388
8542,4605.425110323155
8543,4605.425109088427
8544,4605.4251114655235
8545,4605.425112313997
8546,4605.425113216694
8547,4605.425115913677
8548,4605.42510794303
8549,4605.4251145799435
8550,4605.425114596965
8551,4605.425108499842
8552,4605.425109025415
8553,4605.425114392911
8554,4605.425108807488
8555,4605.425110339227
8556,4605.425111377738
8557,4605.425113869958
8558,4605.425111946411
8559,4605.425108105647
8560,4605.425112367019
8561,4605.425113350558
8562,4605.425110211019
8563,4605.425114470343
8564,4605.425111885282
8565,4605.425106296361
8566,4605.425108095992
8567,4605.425112423671
8568,4605.425111818443
8569,4605.425114314573
8570,4605.425111269995
8571,4605.425113647873
8572,4605.425112435906
8573,4605.4251140430415
8574,4605.425114490739
8575,4605.11969260344
8576,4605.119692603443
8577,4605.119692603443
8578,4605.119692603443
8579,4605.119692603443
8580,4605.119692603444
8581,4605.119692603441
8582,4605.119692603442
8583,4605.11969260344
8584,4605.119702573045
8585,4605.1196817664995
8586,4605.1196893005745
8587,4605.119691860489
8588,4605.119685148023
8589,4605.119693890719
8590,4605.11970143589
8591,4605.119698418104
8592,4605.119687752207
8593,4605.119690378818
8594,4605.119690738323
8595,4605.119695360224
8596,4605.119688116556
8597,4605.119684182189
8598,4605.119694604097
8599,4605.119693540319
8600,4605.119689249311
8601,4605.119698497631
8602,4605.11969026676
8603,4605.1197047015385
8604,4605.119690330717
8605,4605.119691450872
8606,4605.119695350263
8607,4605.119693906731
8608,4605.119699471845
8609,4605.119691145116
8610,4605.119693995771
8611,4605.119694173346
8612,4605.119695175269
8613,4605.119684119329
8614,4605.119701324316
8615,4605.119715812654
8616,4605.119691000426
8617,4605.1196914963875
8618,4605.119693696285
8619,4605.11968821859
8620,4605.119695527388
8621,4605.119690205366
8622,4605.119690459226
8623,4605.1197064695725
8624,4602.6979487432955
8625,4602.697948743295
8626,4602.697948743295
8627,4602.6979487432955
8628,4602.6979487432955
8629,4602.6979487432955
8630,4602.697948743295
8631,4602.6979487432955
8632,4602.697948743294
8633,4602.697949704791
8634,4602.697945484063
8635,4602.697946624393
8636,4602.697948988759
8637,4602.697942955694
8638,4602.697949482556
8639,4602.697952723398
8640,4602.697950549884
8641,4602.697944715679
8642,4602.697947191029
8643,4602.697947745572
8644,4602.697950399287
8645,4602.69794807168
8646,4602.697942360549
8647,4602.697950765021
8648,4602.697950203323
8649,4602.697945051522
8650,4602.697949628334
8651,4602.697948624641
8652,4602.697952647632
8653,4602.6979466340135
8654,4602.697947571745
8655,4602.697950743361
8656,4602.697949104239
8657,4602.697949788947
8658,4602.697947972426
8659,4602.69794978309
8660,4602.697948331952
8661,4602.697950946976
8662,4602.6979444798835
8663,4602.697950184324
8664,4602.697957851577
8665,4602.697947915975
8666,4602.697947842789
8667,4602.697950224228
8668,4602.6979459860295
8669,4602.697950719546
8670,4602.697947646323
8671,4602.697948628782
8672,4602.697956561792
8673,4598.855831483876
8674,4598.855831483874
8675,4598.855831483874
8676,4598.855831483874
8677,4598.855831483874
8678,4598.855831483874
8679,4598.855831483874
8680,4598.855831483875
8681,4598.855831483874
8682,4598.85582757503
8683,4598.855832947212
8684,4598.855829077822
8685,4598.8558324263695
8686,4598.85582420231
8687,4598.855829481902
8688,4598.855832206262
8689,4598.855834513698
8690,4598.855829163124
8691,4598.855833026273
8692,4598.85583109067
8693,4598.855832690972
8694,4598.855837456115
8695,4598.855827214464
8696,4598.855832970074
8697,4598.855832685919
8698,4598.85582956477
8699,4598.8558351314405
8700,4598.855832006113
8701,4598.855832037384
8702,4598.855831726486
8703,4598.855830173444
8704,4598.8558343017485
8705,4598.855829559115
8706,4598.855830933978
8707,4598.855831311371
8708,4598.855832297286
8709,4598.855833333589
8710,4598.855835954729
8711,4598.855827124801
8712,4598.85582620437
8713,4598.855832284438
8714,4598.855830390589
8715,4598.855831279717
8716,4598.85583245739
8717,4598.85583175156
8718,4598.855833675431
8719,4598.855831487198
8720,4598.855832618637
8721,4598.855835928032
8722,4597.626536159632
8723,4597.626536159629
8724,4597.626536159631
8725,4597.626536159631
8726,4597.626536159629
8727,4597.6265361596315
8728,4597.62653615963
8729,4597.626536159632
8730,4597.626536159631
8731,4597.626556137894
8732,4597.626539735463
8733,4597.626531862074
8734,4597.626540489638
8735,4597.626547199876
8736,4597.626541127827
8737,4597.626522773593
8738,4597.626545403848
8739,4597.626534387416
8740,4597.6265384281705
8741,4597.626536968643
8742,4597.626535893096
8743,4597.626519478027
8744,4597.626540309693
8745,4597.62653671639
8746,4597.626530123049
8747,4597.626531845266
8748,4597.6265138540175
8749,4597.626542570091
8750,4597.626521308054
8751,4597.626538304065
8752,4597.626535137332
8753,4597.62653970371
8754,4597.626529872672
8755,4597.626524031537
8756,4597.6265360247935
8757,4597.6265371461095
8758,4597.626524515972
8759,4597.626523877134
8760,4597.62654766386
8761,4597.626547484923
8762,4597.62653068085
8763,4597.626535821157
8764,4597.626536427339
8765,4597.6265358637
8766,4597.626542537631
8767,4597.626536024986
8768,4597.626536750251
8769,4597.62653902913
8770,4597.626539240345
8771,4593.205180801833
8772,4593.205180801831
8773,4593.205180801831
8774,4593.205180801832
8775,4593.205180801832
8776,4593.205180801833
8777,4593.205180801833
8778,4593.205180801834
8779,4593.205180801834
8780,4593.205186753902
8781,4593.2051839188625
8782,4593.205177890219
8783,4593.205182336866
8784,4593.205182786888
8785,4593.205182276759
8786,4593.205176197683
8787,4593.205186816749
8788,4593.20517992089
8789,4593.205183491651
8790,4593.205181695878
8791,4593.205181231164
8792,4593.205177317746
8793,4593.20518131385
8794,4593.205181111254
8795,4593.205178087921
8796,4593.2051782673525
8797,4593.205172096098
8798,4593.205182779084
8799,4593.205175518634
8800,4593.205182910062
8801,4593.205179660832
8802,4593.2051842791225
8803,4593.205177430316
8804,4593.20517490464
8805,4593.205181040316
8806,4593.205182066639
8807,4593.205178351789
8808,4593.2051778870755
8809,4593.205183250883
8810,4593.205180787317
8811,4593.205176775208
8812,4593.205179995408
8813,4593.205181088433
8814,4593.205180555017
8815,4593.205183067426
8816,4593.205181635406
8817,4593.205181155493
8818,4593.205181814666
8819,4593.205180830397
8820,4589.4026249043945
8821,4589.402624904396
8822,4589.402624904396
8823,4589.402624904397
8824,4589.402624904396
8825,4589.402624904395
8826,4589.402624904396
8827,4589.402624904395
8828,4589.402624904397
8829,4589.402622274505
8830,4589.402626418139
8831,4589.40262347616
8832,4589.40262355435
8833,4589.402622977962
8834,4589.402625492465
8835,4589.402628406168
8836,4589.402628364555
8837,4589.402625088527
8838,4589.402627386009
8839,4589.402626185308
8840,4589.402625833037
8841,4589.402627689721
8842,4589.4026230039535
8843,4589.402624635948
8844,4589.402623961671
8845,4589.402623206066
8846,4589.402622597904
8847,4589.402622434134
8848,4589.402628088628
8849,4589.402626986679
8850,4589.4026237246435
8851,4589.402628029377
8852,4589.402624762576
8853,4589.40262337739
8854,4589.402625563549
8855,4589.402626584389
8856,4589.4026288577625
8857,4589.40262709983
8858,4589.40262152761
8859,4589.402618147803
8860,4589.402622758322
8861,4589.402623928525
8862,4589.402625153083
8863,4589.402624413507
8864,4589.402622666785
8865,4589.402626046716
8866,4589.4026249405715
8867,4589.402623790748
8868,4589.402621145395
8869,4585.453043279994
8870,4585.453043279992
8871,4585.453043279994
8872,4585.453043279993
8873,4585.453043279992
8874,4585.453043279993
8875,4585.453043279994
8876,4585.453043279994
8877,4585.453043279996
8878,4585.453038809325
8879,4585.453043076814
8880,4585.453042815611
8881,4585.453040149245
8882,4585.453039244846
8883,4585.453043472284
8884,4585.453050516272
8885,4585.453045672589
8886,4585.453044302106
8887,4585.453045338312
8888,4585.453045576991
8889,4585.453044090458
8890,4585.453048345108
8891,4585.453040885152
8892,4585.453042313944
8893,4585.453043062399
8894,4585.45304222311
8895,4585.45304308492
8896,4585.453038534541
8897,4585.453050987627
8898,4585.453045579837
8899,4585.453042086547
8900,4585.453046069286
8901,4585.453045271227
8902,4585.453043727677
8903,4585.453044452709
8904,4585.453045527445
8905,4585.453050274828
8906,4585.453048065687
8907,4585.453036000763
8908,4585.453036913933
8909,4585.4530433754035
8910,4585.453042499498
8911,4585.453043404833
8912,4585.453042425642
8913,4585.45303791246
8914,4585.453044073791
8915,4585.453043339321
8916,4585.453040547706
8917,4585.45303633105
8918,4579.075346970922
8919,4579.075346970919
8920,4579.075346970919
8921,4579.075346970919
8922,4579.075346970918
8923,4579.075346970919
8924,4579.0753469709225
8925,4579.075346970921
8926,4579.075346970921
8927,4579.075341011941
8928,4579.075346759744
8929,4579.075346190419
8930,4579.075345467373
8931,4579.075340867069
8932,4579.0753453542875
8933,4579.075350056543
8934,4579.075347545584
8935,4579.075348197492
8936,4579.075349565342
8937,4579.075349828042
8938,4579.075347832506
8939,4579.075355245939
8940,4579.075345044441
8941,4579.075345823624
8942,4579.075347002012
8943,4579.075347861189
8944,4579.075348641982
8945,4579.075344214111
8946,4579.0753531887585
8947,4579.075349946728
8948,4579.075345676368
8949,4579.075349127032
8950,4579.075346751891
8951,4579.075350660785
8952,4579.075349215801
8953,4579.075349138891
8954,4579.075351950584
8955,4579.075349336703
8956,4579.0753359838445
8957,4579.075344796742
8958,4579.0753488300115
8959,4579.0753465128355
8960,4579.075347253333
8961,4579.075345931795
8962,4579.0753438061
8963,4579.0753473197165
8964,4579.0753476353
8965,4579.075344964648
8966,4579.075342210299
8967,4577.736838216541
8968,4577.736838216543
8969,4577.736838216542
8970,4577.736838216541
8971,4577.736838216542
8972,4577.736838216541
8973,4577.736838216541
8974,4577.736838216544
8975,4577.736838216544
8976,4577.736836691423
8977,4577.736829418934
8978,4577.73684024996
8979,4577.7368317063965
8980,4577.736857547219
8981,4577.736850228407
8982,4577.736853314018
8983,4577.736830605817
8984,4577.736838013853
8985,4577.736830207205
8986,4577.736837975209
8987,4577.736842218887
8988,4577.7368106182175
8989,4577.736835362814
8990,4577.7368365331795
8991,4577.736833135655
8992,4577.736836394733
8993,4577.736815312374
8994,4577.736831589226
8995,4577.736854162112
8996,4577.7368333964705
8997,4577.73683682002
8998,4577.736837858029
8999,4577.736847895592
9000,4577.73684600619
9001,4577.736840380199
9002,4577.736840530887
9003,4577.736844758509
9004,4577.7368280689325
9005,4577.7368431588775
9006,4577.736836506282
9007,4577.736843983163
9008,4577.736838274443
9009,4577.736836786613
9010,4577.736836093395
9011,4577.736824253823
9012,4577.73683863843
9013,4577.736831242763
9014,4577.736832848278
9015,4577.736831481193
9016,4573.912555825447
9017,4573.912555825445
9018,4573.912555825445
9019,4573.912555825447
9020,4573.912555825447
9021,4573.912555825447
9022,4573.912555825447
9023,4573.912555825446
9024,4573.912555825447
9025,4573.91255188977
9026,4573.912551551372
9027,4573.9125565149
9028,4573.912551740837
9029,4573.912562838175
9030,4573.9125610838155
9031,4573.9125647300825
9032,4573.912552126735
9033,4573.912556516775
9034,4573.912553248291
9035,4573.912557130132
9036,4573.91255820857
9037,4573.912545881105
9038,4573.912553592205
9039,4573.9125543835235
9040,4573.912553297626
9041,4573.912555169913
9042,4573.912544781539
9043,4573.912551077
9044,4573.91256642114
9045,4573.912555024053
9046,4573.912554479583
9047,4573.9125566914145
9048,4573.912560537553
9049,4573.912561132677
9050,4573.912558052865
9051,4573.912557967786
9052,4573.91256164285
9053,4573.912551813501
9054,4573.912553275165
9055,4573.912553305132
9056,4573.912558816357
9057,4573.91255566363
9058,4573.912555362643
9059,4573.9125542174315
9060,4573.912547320645
9061,4573.91255611977
9062,4573.912552809127
9063,4573.912552226089
9064,4573.912549502015
9065,4568.576987437885
9066,4568.576987437886
9067,4568.576987437883
9068,4568.576987437885
9069,4568.576987437884
9070,4568.576987437884
9071,4568.576987437887
9072,4568.576987437885
9073,4568.576987437886
9074,4568.576992857136
9075,4568.576986666383
9076,4568.576986826048
9077,4568.576986946593
9078,4568.576987283287
9079,4568.576985675175
9080,4568.57698242167
9081,4568.576986553114
9082,4568.576987644731
9083,4568.576984981357
9084,4568.5769896732445
9085,4568.576988740254
9086,4568.576981280248
9087,4568.57698990784
9088,4568.5769863075875
9089,4568.576986780666
9090,4568.576989082076
9091,4568.5769825353
9092,4568.576989639041
9093,4568.5769863027335
9094,4568.576986920316
9095,4568.576985621899
9096,4568.576988605495
9097,4568.576988243489
9098,4568.57698890643
9099,4568.576990760926
9100,4568.5769889769845
9101,4568.5769902903185
9102,4568.576989609205
9103,4568.576985113059
9104,4568.576995962313
9105,4568.576987966996
9106,4568.5769878982255
9107,4568.576986723526
9108,4568.576986234039
9109,4568.576985228534
9110,4568.5769875025435
9111,4568.576985692398
9112,4568.576988119968
9113,4568.576985330098
9114,4565.5590790277365
9115,4565.559079027736
9116,4565.559079027735
9117,4565.559079027735
9118,4565.559079027734
9119,4565.559079027736
9120,4565.559079027734
9121,4565.559079027735
9122,4565.559079027735
9123,4565.55908293562
9124,4565.5590801599965
9125,4565.559078336493
9126,4565.559080355908
9127,4565.55907814443
9128,4565.559076864206
9129,4565.559072727134
9130,4565.559076966344
9131,4565.559078792975
9132,4565.559076073196
9133,4565.559079216984
9134,4565.559080978175
9135,4565.559074322296
9136,4565.559080867594
9137,4565.559078657063
9138,4565.5590793574875
9139,4565.559081226884
9140,4565.559073133123
9141,4565.559081491262
9142,4565.559075566402
9143,4565.559077662982
9144,4565.559077011168
9145,4565.559079486171
9146,4565.559077591965
9147,4565.559079265467
9148,4565.5590822878285
9149,4565.559079464574
9150,4565.559078034536
9151,4565.55907744857
9152,4565.559079468966
9153,4565.559086497798
9154,4565.559077648163
9155,4565.559079533483
9156,4565.559078401486
9157,4565.559078207138
9158,4565.559079334259
9159,4565.559079054305
9160,4565.55907714223
9161,4565.55908081786
9162,4565.559080116043
9163,4560.772367115844
9164,4560.772367115845
9165,4560.772367115843
9166,4560.772367115843
9167,4560.772367115846
9168,4560.772367115844
9169,4560.772367115845
9170,4560.772367115845
9171,4560.772367115844
9172,4560.772374412561
9173,4560.77236848964
9174,4560.772366391016
9175,4560.7723678696375
9176,4560.772362641223
9177,4560.772363975418
9178,4560.77236070976
9179,4560.772365451645
9180,4560.772367332534
9181,4560.772365374498
9182,4560.772366668152
9183,4560.77236790499
9184,4560.772363087138
9185,4560.772367179611
9186,4560.772366863614
9187,4560.7723683299955
9188,4560.772368021727
9189,4560.772365779752
9190,4560.772370750721
9191,4560.772362253282
9192,4560.772366454909
9193,4560.772365104625
9194,4560.772368388972
9195,4560.772366723373
9196,4560.772365349691
9197,4560.772370017588
9198,4560.772367539134
9199,4560.772368332929
9200,4560.772370943139
9201,4560.772371057801
9202,4560.772371737922
9203,4560.772366482137
9204,4560.772367414519
9205,4560.772367281043
9206,4560.772366573556
9207,4560.77236666521
9208,4560.772367679019
9209,4560.772366366018
9210,4560.7723686173795
9211,4560.772369915717
9212,4557.5960164926455
9213,4557.596016492647
9214,4557.596016492649
9215,4557.596016492647
9216,4557.596016492648
9217,4557.596016492648
9218,4557.596016492648
9219,4557.596016492647
9220,4557.596016492648
9221,4557.596005929842
9222,4557.596027280828
9223,4557.596016797037
9224,4557.596020561315
9225,4557.596013270476
9226,4557.596017115572
9227,4557.596015700673
9228,4557.596008605532
9229,4557.596017294934
9230,4557.596013966134
9231,4557.59601146222
9232,4557.59601905927
9233,4557.596026175789
9234,4557.596015753543
9235,4557.59601711988
9236,4557.5960190369005
9237,4557.596019969862
9238,4557.59600477795
9239,4557.596011360097
9240,4557.596010389193
9241,4557.5960150381
9242,4557.5960141417645
9243,4557.59601431891
9244,4557.596011799568
9245,4557.5960109090065
9246,4557.596017737601
9247,4557.596014499668
9248,4557.596004149341
9249,4557.596000771121
9250,4557.596023470509
9251,4557.596010629361
9252,4557.596003643897
9253,4557.596017332595
9254,4557.596016902619
9255,4557.596016177921
9256,4557.59601855465
9257,4557.596015159226
9258,4557.596015600464
9259,4557.596017104995
9260,4557.596019614786
9261,4553.72596852229
9262,4553.72596852229
9263,4553.725968522291
9264,4553.725968522286
9265,4553.72596852229
9266,4553.725968522287
9267,4553.725968522286
9268,4553.725968522287
9269,4553.725968522287
9270,4553.72597219081
9271,4553.725969292424
9272,4553.72596804745
9273,4553.725969423739
9274,4553.725963893269
9275,4553.72596978626
9276,4553.725968940993
9277,4553.72596475145
9278,4553.7259694515415
9279,4553.725966817929
9280,4553.725965485987
9281,4553.725969725447
9282,4553.7259681847445
9283,4553.725966166646
9284,4553.725968144415
9285,4553.72596934524
9286,4553.725969220739
9287,4553.72596416638
9288,4553.725964882923
9289,4553.725967633477
9290,4553.725968566921
9291,4553.725966817779
9292,4553.7259682397125
9293,4553.725968357575
9294,4553.725967517317
9295,4553.725969391302
9296,4553.725968411082
9297,4553.725963024221
9298,4553.725962771461
9299,4553.725974103589
9300,4553.725970726435
9301,4553.725971495304
9302,4553.725969149944
9303,4553.72596953484
9304,4553.725967696783
9305,4553.7259661192265
9306,4553.725968590538
9307,4553.725968143518
9308,4553.725966944457
9309,4553.725974539923
9310,4551.300495767387
9311,4551.300495767389
9312,4551.300495767389
9313,4551.300495767388
9314,4551.30049576739
9315,4551.300495767387
9316,4551.30049576739
9317,4551.3004957673875
9318,4551.300495767388
9319,4551.300500259062
9320,4551.300495643874
9321,4551.300494413898
9322,4551.300495242337
9323,4551.30049256756
9324,4551.30049649002
9325,4551.300493991796
9326,4551.300493819227
9327,4551.300497443795
9328,4551.300496967415
9329,4551.300495683023
9330,4551.300495424134
9331,4551.3004935889085
9332,4551.30049457322
9333,4551.300494509544
9334,4551.3004948617945
9335,4551.30049518918
9336,4551.300494947686
9337,4551.3004950189525
9338,4551.300493877518
9339,4551.300498374165
9340,4551.300494388316
9341,4551.300497068586
9342,4551.3004974413825
9343,4551.300496287052
9344,4551.30049648133
9345,4551.300496984385
9346,4551.300496017418
9347,4551.300497072593
9348,4551.300499492358
9349,4551.300496274138
9350,4551.30049882874
9351,4551.300496105475
9352,4551.300497335527
9353,4551.300494675107
9354,4551.300492466079
9355,4551.300496552245
9356,4551.300496812621
9357,4551.300494483111
9358,4551.300500013464
9359,4548.164118628397
9360,4548.1641186284
9361,4548.164118628397
9362,4548.164118628397
9363,4548.164118628396
9364,4548.164118628396
9365,4548.164118628395
9366,4548.164118628396
9367,4548.164118628397
9368,4548.164124130484
9369,4548.164115113048
9370,4548.164116501891
9371,4548.164117116616
9372,4548.164116487805
9373,4548.164119614583
9374,4548.164117704346
9375,4548.164119328443
9376,4548.1641206874865
9377,4548.164120155398
9378,4548.164120141946
9379,4548.164118052687
9380,4548.164115692444
9381,4548.164119301044
9382,4548.164116661869
9383,4548.164116542183
9384,4548.164117735769
9385,4548.164119934427
9386,4548.164116145745
9387,4548.164118593137
9388,4548.1641225580115
9389,4548.164117536306
9390,4548.164120233957
9391,4548.164121693854
9392,4548.164121395849
9393,4548.164118153389
9394,4548.164120502733
9395,4548.164120806524
9396,4548.164122580951
9397,4548.16411886516
9398,4548.164121654342
9399,4548.164125138904
9400,4548.164119060749
9401,4548.164120046271
9402,4548.164117216194
9403,4548.164114164978
9404,4548.164119573252
9405,4548.164119890841
9406,4548.164117275126
9407,4548.164121892272
9408,4545.452773645678
9409,4545.4527736456785
9410,4545.4527736456785
9411,4545.45277364568
9412,4545.4527736456785
9413,4545.452773645679
9414,4545.452773645678
9415,4545.4527736456785
9416,4545.452773645679
9417,4545.452761235483
9418,4545.452773081301
9419,4545.452771431235
9420,4545.452770724453
9421,4545.452766759532
9422,4545.452771108444
9423,4545.452773872418
9424,4545.4527696638625
9425,4545.452774778411
9426,4545.452773928158
9427,4545.452776253742
9428,4545.452773017703
9429,4545.452780893271
9430,4545.452773778252
9431,4545.452772057691
9432,4545.452772988998
9433,4545.4527732980305
9434,4545.452786665036
9435,4545.452772614953
9436,4545.452775195415
9437,4545.452775902676
9438,4545.452772657851
9439,4545.452776326475
9440,4545.4527793757
9441,4545.452781503449
9442,4545.452772113094
9443,4545.452776442856
9444,4545.452787367295
9445,4545.452787832897
9446,4545.452766445356
9447,4545.452759791025
9448,4545.452773435612
9449,4545.452773629861
9450,4545.452774500556
9451,4545.452772371262
9452,4545.452766556057
9453,4545.45277588685
9454,4545.452772919961
9455,4545.4527718023455
9456,4545.452770738203
9457,4542.383240351034
9458,4542.383240351036
9459,4542.383240351035
9460,4542.383240351034
9461,4542.383240351034
9462,4542.383240351032
9463,4542.383240351032
9464,4542.383240351033
9465,4542.383240351032
9466,4542.3832369719
9467,4542.383238391354
9468,4542.383236062223
9469,4542.3832407657055
9470,4542.383241832846
9471,4542.383241689048
9472,4542.383233556175
9473,4542.3832405324465
9474,4542.383240590336
9475,4542.383239611219
9476,4542.383242283901
9477,4542.38324025143
9478,4542.383239408937
9479,4542.383245166923
9480,4542.383239031518
9481,4542.383236388666
9482,4542.38324022406
9483,4542.38324100103
9484,4542.383240545491
9485,4542.383234387517
9486,4542.3832425983655
9487,4542.383239707064
9488,4542.3832428026635
9489,4542.383241372048
9490,4542.383244618201
9491,4542.3832377042
9492,4542.383242512061
9493,4542.383244207911
9494,4542.3832407050695
9495,4542.383237910906
9496,4542.383236125172
9497,4542.383239862456
9498,4542.3832406505
9499,4542.383241071229
9500,4542.383238937699
9501,4542.38323888725
9502,4542.38324123156
9503,4542.383239341488
9504,4542.383240287408
9505,4542.383237652757
9506,4540.39207075943
9507,4540.392070759432
9508,4540.392070759433
9509,4540.392070759432
9510,4540.392070759431
9511,4540.392070759431
9512,4540.39207075943
9513,4540.39207075943
9514,4540.39207075943
9515,4540.392069031705
9516,4540.392068141941
9517,4540.392066831035
9518,4540.39207206615
9519,4540.392071360055
9520,4540.392072102814
9521,4540.392064989844
9522,4540.39207125437
9523,4540.392070375184
9524,4540.392067369372
9525,4540.392070853708
9526,4540.392071663104
9527,4540.392069986802
9528,4540.392075717903
9529,4540.392070080019
9530,4540.392067956439
9531,4540.392071329356
9532,4540.392069938189
9533,4540.3920690086925
9534,4540.392065253334
9535,4540.39207103956
9536,4540.392069961307
9537,4540.3920722392495
9538,4540.392070684716
9539,4540.392073606875
9540,4540.392067816756
9541,4540.392071970662
9542,4540.392071636408
9543,4540.392067632917
9544,4540.392069484326
9545,4540.392068682672
9546,4540.392070940536
9547,4540.392071280466
9548,4540.392070882114
9549,4540.3920695862635
9550,4540.392070020316
9551,4540.392071238297
9552,4540.392068646193
9553,4540.392070917999
9554,4540.392068274774
9555,4535.269230370966
9556,4535.269230370966
9557,4535.269230370966
9558,4535.269230370965
9559,4535.269230370967
9560,4535.269230370967
9561,4535.269230370967
9562,4535.269230370968
9563,4535.269230370968
9564,4535.269230847318
9565,4535.269227841265
9566,4535.269228069881
9567,4535.269232727189
9568,4535.269230288525
9569,4535.269230767165
9570,4535.2692279025805
9571,4535.269231206418
9572,4535.269230198624
9573,4535.269223884449
9574,4535.269227556353
9575,4535.26923283891
9576,4535.269230926541
9577,4535.269234655667
9578,4535.2692306665695
9579,4535.269230396852
9580,4535.269232446151
9581,4535.269227436586
9582,4535.269224844665
9583,4535.269226855069
9584,4535.269228254075
9585,4535.269228979396
9586,4535.269229637184
9587,4535.269228483074
9588,4535.269229924627
9589,4535.269228140805
9590,4535.269229303381
9591,4535.269227589
9592,4535.269222693532
9593,4535.269231913958
9594,4535.269229049074
9595,4535.269228992693
9596,4535.269231070341
9597,4535.26922969559
9598,4535.269229801575
9599,4535.269230842495
9600,4535.26923017618
9601,4535.269227664567
9602,4535.26923192043
9603,4535.2692272985
9604,4528.394345085387
9605,4528.394345085388
9606,4528.394345085387
9607,4528.394345085388
9608,4528.394345085387
9609,4528.3943450853885
9610,4528.394345085387
9611,4528.3943450853885
9612,4528.3943450853885
9613,4528.3943522558
9614,4528.394343643592
9615,4528.394343602942
9616,4528.394347880464
9617,4528.394342505768
9618,4528.394343422959
9619,4528.3943410905995
9620,4528.394345791469
9621,4528.394345805896
9622,4528.39433933017
9623,4528.394342143128
9624,4528.394346729699
9625,4528.394345825997
9626,4528.394348232414
9627,4528.394345256099
9628,4528.394346182696
9629,4528.394347544716
9630,4528.394346158044
9631,4528.39434156993
9632,4528.39434185496
9633,4528.394343343121
9634,4528.3943435337105
9635,4528.394344045126
9636,4528.3943427486865
9637,4528.3943441789115
9638,4528.394344394693
9639,4528.394343552043
9640,4528.394343169438
9641,4528.394339018221
9642,4528.394347578006
9643,4528.394344320998
9644,4528.394345279367
9645,4528.3943458551685
9646,4528.394344864702
9647,4528.394344379388
9648,4528.394345730584
9649,4528.394344664313
9650,4528.394343492697
9651,4528.394346063305
9652,4528.394341785374
9653,4580.910381034127
9654,4580.910381034127
9655,4580.910381034127
9656,4580.91038103413
9657,4580.910381034124
9658,4580.9103810341285
9659,4580.910381034125
9660,4580.910381034124
9661,4580.910381034125
9662,4580.910349465466
9663,4580.9103457674255
9664,4580.910396751792
9665,4580.910370157019
9666,4580.910393028779
9667,4580.910402459316
9668,4580.910465106711
9669,4580.910366233097
9670,4580.910387030188
9671,4580.910363910971
9672,4580.910358716341
9673,4580.910396998036
9674,4580.910374154482
9675,4580.910347310929
9676,4580.91038655501
9677,4580.910385221276
9678,4580.910383655224
9679,4580.910367393955
9680,4580.910327421215
9681,4580.91045981671
9682,4580.910370814109
9683,4580.9103792152055
9684,4580.910365903194
9685,4580.91038419445
9686,4580.910397095964
9687,4580.910382010369
9688,4580.910369757626
9689,4580.91036731168
9690,4580.910329196325
9691,4580.910382275787
9692,4580.9103566869835
9693,4580.910416037944
9694,4580.910381177314
9695,4580.910378904254
9696,4580.910382399207
9697,4580.910362990605
9698,4580.910380923446
9699,4580.910375376792
9700,4580.910372263234
9701,4580.910385178498
9702,4524.393532818916
9703,4524.393532818916
9704,4524.393532818915
9705,4524.393532818916
9706,4524.393532818919
9707,4524.393532818918
9708,4524.393532818918
9709,4524.393532818919
9710,4524.393532818917
9711,4524.393532079336
9712,4524.3935256729865
9713,4524.393534705508
9714,4524.393533158173
9715,4524.393534027155
9716,4524.39353514717
9717,4524.393545604558
9718,4524.393530658739
9719,4524.393534936683
9720,4524.393525582746
9721,4524.393526414204
9722,4524.393537283564
9723,4524.393532937194
9724,4524.393529201803
9725,4524.3935338531155
9726,4524.393534949675
9727,4524.393535589526
9728,4524.3935307006905
9729,4524.393519019504
9730,4524.393544844795
9731,4524.3935300173935
9732,4524.393530978428
9733,4524.393528621986
9734,4524.393531557122
9735,4524.393535173499
9736,4524.393532623061
9737,4524.393529059924
9738,4524.3935287499335
9739,4524.393518447042
9740,4524.393535158242
9741,4524.39352685585
9742,4524.393538426018
9743,4524.3935334112175
9744,4524.393532214481
9745,4524.393532635905
9746,4524.393529818339
9747,4524.393532552346
9748,4524.393531010666
9749,4524.393532631229
9750,4524.393531454068
9751,4517.39309931368
9752,4517.393099313681
9753,4517.393099313681
9754,4517.393099313682
9755,4517.393099313682
9756,4517.393099313681
9757,4517.39309931368
9758,4517.39309931368
9759,4517.39309931368
9760,4517.393103147623
9761,4517.393097168414
9762,4517.393101172784
9763,4517.393100616205
9764,4517.393096710322
9765,4517.3930958852625
9766,4517.393104691944
9767,4517.393098482001
9768,4517.39310311511
9769,4517.393097428071
9770,4517.393095774484
9771,4517.3931014569
9772,4517.393103816876
9773,4517.393096488823
9774,4517.39309957578
9775,4517.393102798196
9776,4517.393102553552
9777,4517.393104444206
9778,4517.393091109451
9779,4517.393106274687
9780,4517.3931001857545
9781,4517.39309719029
9782,4517.393096048818
9783,4517.393096765914
9784,4517.393100166499
9785,4517.393101461741
9786,4517.393095650054
9787,4517.393097791422
9788,4517.393093082708
9789,4517.393099441164
9790,4517.393094150737
9791,4517.393101410921
9792,4517.393099831279
9793,4517.393099719853
9794,4517.3930989903465
9795,4517.393098842914
9796,4517.393098949821
9797,4517.393101066269
9798,4517.393100816019
9799,4517.393097698231
9800,4510.695631566445
9801,4510.695631566443
9802,4510.695631566443
9803,4510.695631566445
9804,4510.695631566445
9805,4510.695631566443
9806,4510.695631566444
9807,4510.695631566444
9808,4510.695631566444
9809,4510.695636056699
9810,4510.695631331709
9811,4510.695632881658
9812,4510.695632450444
9813,4510.695638616548
9814,4510.695630050983
9815,4510.695631880752
9816,4510.695629653193
9817,4510.69563560784
9818,4510.695633261611
9819,4510.695631592064
9820,4510.695631494626
9821,4510.695626036403
9822,4510.695629611443
9823,4510.69563090121
9824,4510.695630970785
9825,4510.69563367936
9826,4510.695632254006
9827,4510.6956298233845
9828,4510.695633709998
9829,4510.695634698435
9830,4510.6956295127575
9831,4510.6956295760265
9832,4510.695631768762
9833,4510.695633142044
9834,4510.695634831312
9835,4510.695629338487
9836,4510.695633032433
9837,4510.6956276529245
9838,4510.695634057795
9839,4510.695626925487
9840,4510.695631061095
9841,4510.695631905828
9842,4510.695632546929
9843,4510.695630985927
9844,4510.695629474228
9845,4510.695631593753
9846,4510.6956347737905
9847,4510.695633583184
9848,4510.695631190429
9849,4507.641798556351
9850,4507.641798556349
9851,4507.641798556349
9852,4507.641798556354
9853,4507.641798556354
9854,4507.641798556351
9855,4507.641798556352
9856,4507.641798556351
9857,4507.641798556352
9858,4507.641801798148
9859,4507.641804642844
9860,4507.641799073557
9861,4507.641802949585
9862,4507.641792437478
9863,4507.641785502075
9864,4507.641793267964
9865,4507.641803823255
9866,4507.641802565027
9867,4507.641802411457
9868,4507.641799199131
9869,4507.641799253317
9870,4507.6418099963885
9871,4507.641800849858
9872,4507.6417986285505
9873,4507.641805348305
9874,4507.641803664622
9875,4507.641807732882
9876,4507.641795195927
9877,4507.641795798021
9878,4507.641803704992
9879,4507.641795131856
9880,4507.641795624515
9881,4507.641792789745
9882,4507.641796155977
9883,4507.641802377914
9884,4507.641794139158
9885,4507.641793510222
9886,4507.641802454934
9887,4507.641790258798
9888,4507.641805031153
9889,4507.641793081677
9890,4507.64179916887
9891,4507.641798101549
9892,4507.6417990133305
9893,4507.64180472124
9894,4507.641799034372
9895,4507.641804566862
9896,4507.641807488005
9897,4507.641802940914
9898,4502.280512108252
9899,4502.280512108252
9900,4502.280512108253
9901,4502.280512108252
9902,4502.280512108253
9903,4502.280512108253
9904,4502.280512108254
9905,4502.280512108254
9906,4502.280512108253
9907,4502.280509823395
9908,4502.280512114296
9909,4502.28051344314
9910,4502.280512429775
9911,4502.280509201097
9912,4502.280506586766
9913,4502.280513008083
9914,4502.280510196906
9915,4502.28051424976
9916,4502.280512781971
9917,4502.280514480309
9918,4502.280510503728
9919,4502.280509977908
9920,4502.280509678319
9921,4502.2805116500185
9922,4502.2805130040515
9923,4502.280512287763
9924,4502.280522540504
9925,4502.280513263581
9926,4502.280517269169
9927,4502.280514336918
9928,4502.280510447449
9929,4502.2805110962
9930,4502.280515231651
9931,4502.280515892106
9932,4502.280514911381
9933,4502.280511334521
9934,4502.280519415516
9935,4502.280520907779
9936,4502.2805062258885
9937,4502.280510131122
9938,4502.280515202504
9939,4502.280512867048
9940,4502.280512197148
9941,4502.280511700508
9942,4502.28050658277
9943,4502.280512724031
9944,4502.28051477093
9945,4502.280512446252
9946,4502.28051047901
9947,4500.359783415879
9948,4500.359783415877
9949,4500.359783415877
9950,4500.359783415878
9951,4500.359783415876
9952,4500.359783415876
9953,4500.359783415878
9954,4500.359783415877
9955,4500.359783415878
9956,4500.3597790521035
9957,4500.359787586146
9958,4500.359783807896
9959,4500.359784762803
9960,4500.359793603859
9961,4500.359784595629
9962,4500.359780507873
9963,4500.3597790808935
9964,4500.359785113302
9965,4500.359784058664
9966,4500.359785570203
9967,4500.359781994486
9968,4500.359773913837
9969,4500.359784078537
9970,4500.359782875007
9971,4500.359779845112
9972,4500.359783994963
9973,4500.359776966729
9974,4500.359786456516
9975,4500.35978039919
9976,4500.359785427236
9977,4500.35978158452
9978,4500.35978248362
9979,4500.359785666993
9980,4500.35978350707
9981,4500.359785639123
9982,4500.359782947131
9983,4500.359783977821
9984,4500.35977927085
9985,4500.359785759531
9986,4500.359781035674
9987,4500.359777456135
9988,4500.359784245703
9989,4500.359783595573
9990,4500.359782953379
9991,4500.35977973104
9992,4500.359783306744
9993,4500.359785456771
9994,4500.3597847302435
9995,4500.35978222721
9996,4498.687751923632
9997,4498.687751923636
9998,4498.687751923638
9999,4498.687751923637
10000,4498.687751923636
10001,4498.687751923634
10002,4498.687751923635
10003,4498.687751923634
10004,4498.687751923635
10005,4498.687748219799
10006,4498.687755072425
10007,4498.687752527659
10008,4498.687753227889
10009,4498.68775654469
10010,4498.68775181798
10011,4498.687750698935
10012,4498.687748217381
10013,4498.687753123196
10014,4498.68775115887
10015,4498.687753443657
10016,4498.687750656832
10017,4498.687745393018
10018,4498.687752027043
10019,4498.687751686969
10020,4498.687749825871
10021,4498.687752236223
10022,4498.687749031259
10023,4498.68775379724
10024,4498.687751241254
10025,4498.687753046074
10026,4498.687750229424
10027,4498.687750865159
10028,4498.687754081419
10029,4498.6877519848185
10030,4498.687753725509
10031,4498.687751439783
10032,4498.687752520867
10033,4498.687749727966
10034,4498.687752214453
10035,4498.687751405624
10036,4498.687749011849
10037,4498.687752972808
10038,4498.687751830023
10039,4498.687751501393
10040,4498.68774777145
10041,4498.687751660089
10042,4498.6877534307305
10043,4498.687752198252
10044,4498.687750188761
10045,4496.236830171413
10046,4496.236830171411
10047,4496.236830171411
10048,4496.236830171413
10049,4496.236830171413
10050,4496.236830171415
10051,4496.236830171415
10052,4496.236830171413
10053,4496.236830171415
10054,4496.236829904176
10055,4496.236831216883
10056,4496.236830877591
10057,4496.23683192821
10058,4496.236826144315
10059,4496.23682964673
10060,4496.236831079776
10061,4496.236827642719
10062,4496.236830089354
10063,4496.236826677043
10064,4496.236829905893
10065,4496.2368293415875
10066,4496.236826993235
10067,4496.236829429719
10068,4496.2368306273065
10069,4496.23682965001
10070,4496.236829813508
10071,4496.236830252588
10072,4496.236830575607
10073,4496.236832580606
10074,4496.236829471424
10075,4496.236829045418
10076,4496.236828936241
10077,4496.236831064786
10078,4496.236829278189
10079,4496.236831115799
10080,4496.2368297262665
10081,4496.2368281783565
10082,4496.236826841555
10083,4496.2368289584565
10084,4496.236834137877
10085,4496.236833293994
10086,4496.236831744719
10087,4496.236829889989
10088,4496.236829661452
10089,4496.236826230777
10090,4496.236829220121
10091,4496.236830485917
10092,4496.236827880822
10093,4496.236827033932
10094,4494.441452762975
10095,4494.441452762973
10096,4494.441452762975
10097,4494.441452762976
10098,4494.441452762974
10099,4494.441452762977
10100,4494.441452762977
10101,4494.441452762978
10102,4494.441452762978
10103,4494.441446126645
10104,4494.441455784164
10105,4494.441453970439
10106,4494.441454003802
10107,4494.4414406035485
10108,4494.4414490013605
10109,4494.441455766524
10110,4494.441449018571
10111,4494.441452355822
10112,4494.4414488503635
10113,4494.441452474578
10114,4494.441451719414
10115,4494.441458212886
10116,4494.441450717559
10117,4494.441453574881
10118,4494.4414550098845
10119,4494.4414520009295
10120,4494.4414603985215
10121,4494.4414525776465
10122,4494.441457194509
10123,4494.441451344852
10124,4494.441451725772
10125,4494.441451887492
10126,4494.44145430462
10127,4494.4414520402
10128,4494.441453432078
10129,4494.441452536766
10130,4494.441454542086
10131,4494.441456744905
10132,4494.441448343157
10133,4494.441450944204
10134,4494.441453791564
10135,4494.441454281507
10136,4494.441452408423
10137,4494.441452446941
10138,4494.441447785021
10139,4494.441452282018
10140,4494.441452670496
10141,4494.441449939258
10142,4494.441447736697
10143,4490.926396907391
10144,4490.926396907391
10145,4490.926396907391
10146,4490.926396907393
10147,4490.92639690739
10148,4490.926396907391
10149,4490.92639690739
10150,4490.926396907392
10151,4490.926396907391
10152,4490.926390960389
10153,4490.9263985861235
10154,4490.926398135535
10155,4490.926397958684
10156,4490.92638107053
10157,4490.926393073844
10158,4490.926401617186
10159,4490.92639388406
10160,4490.926395808529
10161,4490.926392661291
10162,4490.926395969985
10163,4490.926396090215
10164,4490.926404088983
10165,4490.926393473735
10166,4490.926398146805
10167,4490.926399792561
10168,4490.926395189621
10169,4490.926407144179
10170,4490.926396410885
10171,4490.926403363612
10172,4490.926394963223
10173,4490.926396422273
10174,4490.926396323453
10175,4490.926398131463
10176,4490.926396431404
10177,4490.926397226403
10178,4490.926396918976
10179,4490.9263991586695
10180,4490.926402264742
10181,4490.9263924272545
10182,4490.926393276393
10183,4490.926400150149
10184,4490.926398418987
10185,4490.926396876768
10186,4490.926396520704
10187,4490.9263920476915
10188,4490.926396885565
10189,4490.926396336605
10190,4490.92639316008
10191,4490.926391522197
10192,4482.6390088187245
10193,4482.6390088187245
10194,4482.639008818723
10195,4482.639008818725
10196,4482.6390088187245
10197,4482.639008818724
10198,4482.6390088187245
10199,4482.639008818724
10200,4482.639008818723
10201,4482.639004681178
10202,4482.639009201672
10203,4482.639010454046
10204,4482.639009431696
10205,4482.638991723478
10206,4482.6390059752885
10207,4482.639017030434
10208,4482.639007355681
10209,4482.6390066884305
10210,4482.639003900233
10211,4482.639007142066
10212,4482.63900871068
10213,4482.639016732459
10214,4482.639004247812
10215,4482.639010593325
10216,4482.63901148247
10217,4482.639005626241
10218,4482.639020443681
10219,4482.639006397854
10220,4482.639018567392
10221,4482.639005881264
10222,4482.639009175077
10223,4482.639008294248
10224,4482.639010343356
10225,4482.639008614293
10226,4482.639008389109
10227,4482.639009330185
10228,4482.63901017178
10229,4482.639015244832
10230,4482.639005669467
10231,4482.639001599349
10232,4482.639013506794
10233,4482.639010468698
10234,4482.6390090218265
10235,4482.639007900045
10236,4482.6390037684705
10237,4482.639009922785
10238,4482.639006784861
10239,4482.63900389317
10240,4482.639004216746
10241,4573.628272258015
10242,4573.628272258011
10243,4573.628272258008
10244,4573.628272258012
10245,4573.628272258015
10246,4573.628272258012
10247,4573.628272258013
10248,4573.628272258015
10249,4573.628272258012
10250,4573.628355909974
10251,4573.628242811277
10252,4573.628257267207
10253,4573.628272901891
10254,4573.628270750662
10255,4573.628264218085
10256,4573.628230113194
10257,4573.628304143237
10258,4573.628263839496
10259,4573.628274502737
10260,4573.628288422724
10261,4573.628265103422
10262,4573.6282192002745
10263,4573.628286532477
10264,4573.62826879641
10265,4573.6282650598105
10266,4573.628260052193
10267,4573.628296636747
10268,4573.628299185567
10269,4573.628242606846
10270,4573.628278368187
10271,4573.628273929392
10272,4573.628285017758
10273,4573.628283819693
10274,4573.628286310315
10275,4573.628268353462
10276,4573.628284054083
10277,4573.628296321905
10278,4573.628331927369
10279,4573.62827118041
10280,4573.628326944994
10281,4573.628322300427
10282,4573.628272162967
10283,4573.628272994752
10284,4573.628268822543
10285,4573.628270207317
10286,4573.628282681809
10287,4573.628271620852
10288,4573.6282783583165
10289,4573.628300017127
10290,4481.344066699069
10291,4481.34406669907
10292,4481.344066699075
10293,4481.344066699072
10294,4481.344066699069
10295,4481.34406669907
10296,4481.344066699071
10297,4481.34406669907
10298,4481.344066699069
10299,4481.344071683647
10300,4481.344064096892
10301,4481.344066318126
10302,4481.344067697553
10303,4481.344051767283
10304,4481.344063151693
10305,4481.344068762684
10306,4481.344069134746
10307,4481.344064001393
10308,4481.344063034722
10309,4481.344067007575
10310,4481.344065820939
10311,4481.344068246406
10312,4481.344064436836
10313,4481.344067824189
10314,4481.344068216924
10315,4481.344062790434
10316,4481.344079352576
10317,4481.344067676254
10318,4481.344071613225
10319,4481.3440651424735
10320,4481.344067195033
10321,4481.344067413444
10322,4481.344068874539
10323,4481.344068057907
10324,4481.344065955302
10325,4481.344068231428
10326,4481.344070015032
10327,4481.344078140165
10328,4481.344063565138
10329,4481.344066009959
10330,4481.3440757961225
10331,4481.3440681412285
10332,4481.344067098649
10333,4481.344065580561
10334,4481.3440624741415
10335,4481.344068739098
10336,4481.344065192548
10337,4481.344063380117
10338,4481.344065474757
10339,4476.388215590806
10340,4476.388215590805
10341,4476.388215590805
10342,4476.388215590808
10343,4476.388215590806
10344,4476.388215590808
10345,4476.388215590808
10346,4476.388215590806
10347,4476.388215590807
10348,4476.388216130867
10349,4476.388214124835
10350,4476.388215351607
10351,4476.3882163848675
10352,4476.388207810765
10353,4476.388214420739
10354,4476.388218967781
10355,4476.388217314711
10356,4476.388213093891
10357,4476.388214012774
10358,4476.388216218871
10359,4476.388215513798
10360,4476.388215367987
10361,4476.388212922586
10362,4476.388216703265
10363,4476.388215272421
10364,4476.388211674728
10365,4476.3882238481265
10366,4476.388215929654
10367,4476.388220330761
10368,4476.388214939534
10369,4476.388216269498
10370,4476.388216098117
10371,4476.38821761154
10372,4476.388218176785
10373,4476.388215163181
10374,4476.3882172027215
10375,4476.388217388281
10376,4476.388223854044
10377,4476.388214398238
10378,4476.388209384928
10379,4476.38822037293
10380,4476.388216786292
10381,4476.388216462502
10382,4476.388214250234
10383,4476.388212434388
10384,4476.38821862195
10385,4476.388214237303
10386,4476.388213478184
10387,4476.388216816512
10388,4472.29758392019
10389,4472.2975839201845
10390,4472.297583920186
10391,4472.297583920185
10392,4472.297583920185
10393,4472.297583920186
10394,4472.297583920187
10395,4472.297583920189
10396,4472.297583920188
10397,4472.29758855134
10398,4472.2975849470195
10399,4472.297582631521
10400,4472.2975863025
10401,4472.2975852583695
10402,4472.297584920643
10403,4472.297581374168
10404,4472.297587636892
10405,4472.297581783971
10406,4472.297584501638
10407,4472.297585077454
10408,4472.2975840549025
10409,4472.297579343255
10410,4472.297585340736
10411,4472.297584648471
10412,4472.297581183325
10413,4472.297581280227
10414,4472.29758307124
10415,4472.297585869277
10416,4472.297580889383
10417,4472.297584780264
10418,4472.29758455255
10419,4472.297584278351
10420,4472.297583750042
10421,4472.2975832852535
10422,4472.297583813211
10423,4472.297585208121
10424,4472.297580211295
10425,4472.297584624106
10426,4472.297587220774
10427,4472.297580481739
10428,4472.297582892782
10429,4472.297585303491
10430,4472.297585237884
10431,4472.297582250368
10432,4472.297584798939
10433,4472.297586222211
10434,4472.297583589667
10435,4472.297584173075
10436,4472.2975848964115
10437,4469.397261630149
10438,4469.397261630151
10439,4469.397261630151
10440,4469.397261630151
10441,4469.397261630151
10442,4469.397261630151
10443,4469.39726163015
10444,4469.397261630151
10445,4469.39726163015
10446,4469.39726654633
10447,4469.397262602275
10448,4469.397260165227
10449,4469.397264197269
10450,4469.397270797856
10451,4469.397264841482
10452,4469.397258716758
10453,4469.397265968761
10454,4469.3972601358455
10455,4469.397262905822
10456,4469.397262970443
10457,4469.3972623412765
10458,4469.397253161798
10459,4469.397264952467
10460,4469.397262017331
10461,4469.397257311929
10462,4469.39726010952
10463,4469.397253820067
10464,4469.397262201363
10465,4469.3972559332315
10466,4469.397263301352
10467,4469.397261825158
10468,4469.39726149951
10469,4469.397261249454
10470,4469.39725990836
10471,4469.397261399736
10472,4469.397262543612
10473,4469.397254412116
10474,4469.397257329944
10475,4469.397267701471
10476,4469.397260444167
10477,4469.39725795452
10478,4469.397263053781
10479,4469.397262734468
10480,4469.397259909881
10481,4469.397263700287
10482,4469.397263679442
10483,4469.397261662779
10484,4469.397263823295
10485,4469.397264468379
10486,4464.957182373879
10487,4464.957182373878
10488,4464.957182373879
10489,4464.957182373878
10490,4464.957182373878
10491,4464.95718237388
10492,4464.957182373877
10493,4464.95718237388
10494,4464.957182373878
10495,4464.957185737513
10496,4464.957182765188
10497,4464.95718110731
10498,4464.95718476299
10499,4464.957195069524
10500,4464.957185951722
10501,4464.957179906184
10502,4464.957186632745
10503,4464.957181826008
10504,4464.95718457737
10505,4464.95718417884
10506,4464.957183230881
10507,4464.957173318988
10508,4464.957186429151
10509,4464.957182390946
10510,4464.957177605446
10511,4464.95718165994
10512,4464.957172345293
10513,4464.957181546472
10514,4464.957175733388
10515,4464.957185049722
10516,4464.957182260193
10517,4464.957181964779
10518,4464.957181957646
10519,4464.957180227471
10520,4464.9571821071595
10521,4464.957183051308
10522,4464.957173564036
10523,4464.957176517844
10524,4464.957188917697
10525,4464.957182445539
10526,4464.957177550449
10527,4464.957183907351
10528,4464.9571834515855
10529,4464.957180529744
10530,4464.957185158177
10531,4464.957183872414
10532,4464.957183023673
10533,4464.957185724866
10534,4464.95718575745
10535,4458.9560459014065
10536,4458.956045901406
10537,4458.956045901406
10538,4458.956045901403
10539,4458.956045901407
10540,4458.9560459014065
10541,4458.956045901405
10542,4458.9560459014065
10543,4458.9560459014065
10544,4458.956044272268
10545,4458.95605356462
10546,4458.956042214425
10547,4458.956052509951
10548,4458.956060878782
10549,4458.956044595428
10550,4458.956034093869
10551,4458.956049664699
10552,4458.956042972369
10553,4458.95604485682
10554,4458.9560439451525
10555,4458.956049803569
10556,4458.956044312825
10557,4458.956055755769
10558,4458.9560476187635
10559,4458.956043690441
10560,4458.95605011658
10561,4458.956026321504
10562,4458.95604590467
10563,4458.956025353665
10564,4458.95604630626
10565,4458.956044706296
10566,4458.956044961863
10567,4458.956037489779
10568,4458.956039899152
10569,4458.956044040377
10570,4458.956044913288
10571,4458.956025035946
10572,4458.956023971233
10573,4458.9560534623215
10574,4458.95604923251
10575,4458.956030152899
10576,4458.956047164426
10577,4458.956045099762
10578,4458.956044698874
10579,4458.9560600428285
10580,4458.956046356324
10581,4458.956044401989
10582,4458.9560546003695
10583,4458.956051434558
10584,4455.610680723824
10585,4455.610680723824
10586,4455.610680723824
10587,4455.610680723824
10588,4455.610680723825
10589,4455.610680723824
10590,4455.610680723822
10591,4455.610680723824
10592,4455.610680723824
10593,4455.610659145233
10594,4455.610675770185
10595,4455.610685462857
10596,4455.610678454569
10597,4455.610669923156
10598,4455.610687838253
10599,4455.610695054766
10600,4455.610675464238
10601,4455.610680807555
10602,4455.610676313777
10603,4455.610681634169
10604,4455.61068155444
10605,4455.610693463425
10606,4455.610672530049
10607,4455.610681883775
10608,4455.610683980407
10609,4455.610678152144
10610,4455.610695426835
10611,4455.610674876522
10612,4455.610694123402
10613,4455.610678846214
10614,4455.610680340313
10615,4455.610681080966
10616,4455.610683138326
10617,4455.610682700349
10618,4455.610680343986
10619,4455.610682268352
10620,4455.610685363283
10621,4455.610694923314
10622,4455.610674151999
10623,4455.610666453287
10624,4455.610681188769
10625,4455.61068179392
10626,4455.61067927589
10627,4455.61067924696
10628,4455.610678048205
10629,4455.610681679179
10630,4455.6106772559815
10631,4455.610679623781
10632,4455.6106801352435
10633,4450.461802908693
10634,4450.461802908689
10635,4450.46180290869
10636,4450.4618029086905
10637,4450.46180290869
10638,4450.4618029086905
10639,4450.461802908691
10640,4450.461802908691
10641,4450.4618029086905
10642,4450.4618024141655
10643,4450.461800169548
10644,4450.461801794012
10645,4450.46180556064
10646,4450.461803975687
10647,4450.461809207061
10648,4450.461799611174
10649,4450.461805874451
10650,4450.461801320991
10651,4450.461799345023
10652,4450.461803912229
10653,4450.461804555544
10654,4450.461803363415
10655,4450.461806150365
10656,4450.461803724127
10657,4450.461805051281
10658,4450.461804065239
10659,4450.4618040206715
10660,4450.461800893608
10661,4450.461795027399
10662,4450.461802910116
10663,4450.461801448699
10664,4450.461803071141
10665,4450.461800965577
10666,4450.461802170093
10667,4450.461801038517
10668,4450.461803275735
10669,4450.461797687418
10670,4450.461805799957
10671,4450.461800967736
10672,4450.4618093486915
10673,4450.461803339722
10674,4450.461803713768
10675,4450.461800733259
10676,4450.461801715059
10677,4450.461808308809
10678,4450.461803842587
10679,4450.461800803666
10680,4450.461808892706
10681,4450.461808317163
10682,4448.851390841617
10683,4448.851390841617
10684,4448.851390841619
10685,4448.851390841619
10686,4448.851390841619
10687,4448.851390841621
10688,4448.851390841619
10689,4448.851390841618
10690,4448.851390841619
10691,4448.851389115205
10692,4448.851387300337
10693,4448.851390242338
10694,4448.851393388083
10695,4448.851395376796
10696,4448.851392010138
10697,4448.851389662207
10698,4448.851391779626
10699,4448.851389400608
10700,4448.851387391382
10701,4448.851390478864
10702,4448.851392406043
10703,4448.851388183378
10704,4448.8513925600255
10705,4448.851391957699
10706,4448.851389568291
10707,4448.851391802217
10708,4448.851385999156
10709,4448.8513896846525
10710,4448.851385042443
10711,4448.8513906309945
10712,4448.851390067141
10713,4448.851390722335
10714,4448.851387817025
10715,4448.851389643428
10716,4448.8513891311095
10717,4448.851391032492
10718,4448.851383226721
10719,4448.851384045695
10720,4448.851393029435
10721,4448.851394595024
10722,4448.851391526944
10723,4448.851391951628
10724,4448.851389579129
10725,4448.851389401533
10726,4448.85139631934
10727,4448.851390576408
10728,4448.851388734897
10729,4448.85139406519
10730,4448.851392740276
10731,4446.867544931897
10732,4446.867544931897
10733,4446.867544931899
10734,4446.867544931898
10735,4446.867544931899
10736,4446.867544931895
10737,4446.867544931894
10738,4446.867544931895
10739,4446.867544931897
10740,4446.867540512974
10741,4446.867542484492
10742,4446.867544833352
10743,4446.867546994505
10744,4446.867546848677
10745,4446.867546032674
10746,4446.867544362114
10747,4446.867543847879
10748,4446.867544021704
10749,4446.8675425301135
10750,4446.867545193686
10751,4446.867545162489
10752,4446.867544793743
10753,4446.867544885208
10754,4446.867545911434
10755,4446.8675431361235
10756,4446.867545009758
10757,4446.867542763342
10758,4446.867546116143
10759,4446.867540960323
10760,4446.867545171719
10761,4446.867544499805
10762,4446.867545349755
10763,4446.867542314405
10764,4446.867543823898
10765,4446.867543752893
10766,4446.8675453170445
10767,4446.867541461684
10768,4446.867540084315
10769,4446.8675467450585
10770,4446.867543431909
10771,4446.867544192396
10772,4446.867545973135
10773,4446.867544423873
10774,4446.86754343395
10775,4446.867548695536
10776,4446.867543969725
10777,4446.867543499123
10778,4446.867546057912
10779,4446.867542464351
10780,4445.145729532954
10781,4445.145729532957
10782,4445.145729532954
10783,4445.145729532955
10784,4445.145729532956
10785,4445.145729532956
10786,4445.1457295329565
10787,4445.145729532954
10788,4445.145729532955
10789,4445.14572753391
10790,4445.14572349162
10791,4445.145730918924
10792,4445.145730078264
10793,4445.145728573798
10794,4445.145730211551
10795,4445.1457342136855
10796,4445.145727308958
10797,4445.145729678113
10798,4445.145726515944
10799,4445.14573032179
10800,4445.145728511938
10801,4445.145728395665
10802,4445.145726242719
10803,4445.145730121731
10804,4445.145727395785
10805,4445.145728593422
10806,4445.14573054427
10807,4445.1457298043115
10808,4445.145732161704
10809,4445.145729910321
10810,4445.1457290306125
10811,4445.145729916628
10812,4445.14572905112
10813,4445.145729615994
10814,4445.145728584996
10815,4445.145729969918
10816,4445.145730493606
10817,4445.14572818224
10818,4445.145730683496
10819,4445.145729217044
10820,4445.145734982785
10821,4445.14573051086
10822,4445.145728860178
10823,4445.145727985158
10824,4445.145728853687
10825,4445.145727943136
10826,4445.145728330397
10827,4445.145727953469
10828,4445.14572543885
10829,4444.210261213505
10830,4444.210261213505
10831,4444.210261213501
10832,4444.210261213505
10833,4444.210261213505
10834,4444.210261213504
10835,4444.210261213505
10836,4444.210261213504
10837,4444.210261213506
10838,4444.210255056331
10839,4444.210262621404
10840,4444.210262681942
10841,4444.210262188039
10842,4444.2102555270185
10843,4444.210266363256
10844,4444.2102636605305
10845,4444.210258190559
10846,4444.210262157592
10847,4444.210260531865
10848,4444.210263179953
10849,4444.210259376549
10850,4444.210270052247
10851,4444.210258784541
10852,4444.210261532319
10853,4444.210262005212
10854,4444.210260993459
10855,4444.210267143685
10856,4444.210262390131
10857,4444.210261845658
10858,4444.210262773575
10859,4444.210260125355
10860,4444.2102618049175
10861,4444.210260476426
10862,4444.210259739066
10863,4444.2102611493865
10864,4444.2102612518065
10865,4444.210264899137
10866,4444.210266055161
10867,4444.210259290335
10868,4444.210254968669
10869,4444.210257979884
10870,4444.210261873679
10871,4444.210260780699
10872,4444.21025990114
10873,4444.210260522604
10874,4444.210259801807
10875,4444.210261369586
10876,4444.210260739403
10877,4444.210255773239
10878,4443.250454473839
10879,4443.250454473839
10880,4443.2504544738385
10881,4443.25045447384
10882,4443.2504544738385
10883,4443.250454473841
10884,4443.250454473842
10885,4443.250454473839
10886,4443.25045447384
10887,4443.250452947052
10888,4443.250454306562
10889,4443.250455932924
10890,4443.250455387578
10891,4443.250450731714
10892,4443.250459317572
10893,4443.250457007917
10894,4443.250452657993
10895,4443.250455557754
10896,4443.250453774116
10897,4443.250456783058
10898,4443.250452689376
10899,4443.250459919064
10900,4443.2504523681255
10901,4443.250454504521
10902,4443.250454916037
10903,4443.2504544294825
10904,4443.250459444867
10905,4443.250454996843
10906,4443.25045507683
10907,4443.25045631934
10908,4443.250453208948
10909,4443.250454921604
10910,4443.250454358975
10911,4443.250453381943
10912,4443.250454523404
10913,4443.250454570551
10914,4443.250457686122
10915,4443.250459710097
10916,4443.250453260232
10917,4443.25045